id,at,run,item,price,spend,qty,note,expect
1,2026-09-18T22:29:13,2026-09-18T21:52:49,Chaos Core,716293,5730344,8,,730297
2,2026-09-18T22:29:25,2026-09-18T21:52:49,Chaos Core,716293,53005682,74,,730297
3,2026-09-18T22:29:38,2026-09-18T21:52:49,Chaos Core,716293,59452319,83,,730297
4,2026-09-18T22:30:45,2026-09-18T21:52:49,Force Core Set (Highest) X 1,204995,4304895,21,,225000
5,2026-09-18T22:30:51,2026-09-18T21:52:49,Force Core Set (Highest) X 6,204995,1229970,6,,225000
6,2026-09-18T22:30:57,2026-09-18T21:52:49,Force Core Set (Highest) X 9,204995,1844955,9,,225000
7,2026-09-18T22:31:03,2026-09-18T21:52:49,Force Core Set (Highest) X 40,204995,8199800,40,,225000
8,2026-09-18T22:31:09,2026-09-18T21:52:49,Force Core Set (Highest) X 49,204995,10044755,49,,225000
9,2026-09-18T22:32:13,2026-09-18T21:52:49,Force Core Set (Highest) X 181,206010,37287810,181,,224999
10,2026-09-18T22:33:02,2026-09-18T21:52:49,Force Core Set (Highest) X 234,206010,48206340,234,,224995
11,2026-09-18T22:45:57,2026-09-18T21:52:49,Force Gem Package,187999995,187999995,1,,
12,2026-09-18T22:47:56,2026-09-18T21:52:49,Chaos Core,716293,45126459,63,,730271
13,2026-09-18T22:48:09,2026-09-18T21:52:49,Chaos Core,716293,6446637,9,,730271
14,2026-09-18T22:48:24,2026-09-18T21:52:49,Chaos Core,716293,27219134,38,,730271
15,2026-09-18T22:48:42,2026-09-18T21:52:49,Chaos Core,716293,37247236,52,,730271
16,2026-09-18T23:04:08,2026-09-18T21:52:49,Chaos Core,715999,83055884,116,,730253
17,2026-09-18T23:04:19,2026-09-18T21:52:49,Chaos Core,716000,2864000,4,,730253
18,2026-09-19T00:35:12,2026-09-18T21:52:49,Chaos Core,720000,69840000,97,,730179
19,2026-09-19T00:35:25,2026-09-18T21:52:49,Chaos Core,720000,42480000,59,,730179
20,2026-09-19T00:36:36,2026-09-18T21:52:49,Chaos Core,720000,99360000,138,,730180
21,2026-09-19T00:36:45,2026-09-18T21:52:49,Chaos Core,720000,4320000,6,,730180
22,2026-09-19T00:37:49,2026-09-18T21:52:49,Chaos Core,720000,8640000,12,,730179
23,2026-09-19T00:38:01,2026-09-18T21:52:49,Chaos Core,720000,68400000,95,,730179
24,2026-09-19T00:38:14,2026-09-18T21:52:49,Chaos Core,720000,30240000,42,,730179
25,2026-09-19T00:38:30,2026-09-18T21:52:49,Chaos Core,720000,9360000,13,,730179
26,2026-09-19T00:39:41,2026-09-18T21:52:49,Chaos Core,720000,69120000,96,,730178
27,2026-09-19T00:39:52,2026-09-18T21:52:49,Chaos Core,720000,23760000,33,,730178
28,2026-09-19T00:40:11,2026-09-18T21:52:49,Chaos Core,720000,12960000,18,,730178
29,2026-09-19T00:41:31,2026-09-18T21:52:49,Chaos Core,720000,83520000,116,,730177
30,2026-09-19T00:41:57,2026-09-18T21:52:49,Chaos Core,720000,15840000,22,,730177
31,2026-09-19T00:43:23,2026-09-18T21:52:49,Chaos Core,720000,36000000,50,,730175
32,2026-09-19T00:43:54,2026-09-18T21:52:49,Chaos Core,720000,67680000,94,,730175
33,2026-09-19T00:44:55,2026-09-18T21:52:49,Force Core Set (Highest) X 1,203225,36580500,180,,210000
34,2026-09-19T01:23:12,2026-09-18T21:52:49,Force Core Set (Highest) X 38,203223,7722500,38,,209969
35,2026-09-19T01:23:18,2026-09-18T21:52:49,Force Core Set (Highest) X 26,203225,5283850,26,,209969
36,2026-09-19T01:23:26,2026-09-18T21:52:49,Force Core Set (Highest) X 50,203225,30483750,150,,209969
37,2026-09-19T02:00:27,2026-09-18T21:52:49,Force Core Set (High) X 100,194443,19444300,100,,206996
38,2026-09-19T02:00:33,2026-09-18T21:52:49,Force Core Set (High) X 100,194443,19444300,100,,206996
39,2026-09-19T02:01:22,2026-09-18T21:52:49,Force Core Set (High) X 100,194443,38888600,200,,206996
40,2026-09-19T02:02:11,2026-09-18T21:52:49,Force Core Set (High) X 100,194443,19444300,100,,206994
41,2026-09-19T02:02:19,2026-09-18T21:52:49,Force Core Set (High) X 10,194938,15595040,80,,206994
42,2026-09-19T02:23:01,2026-09-18T21:52:49,Epic Booster (Highest),46875000,187500000,4,,
43,2026-09-19T02:53:38,2026-09-19T02:43:03,Upgrade Core Set (Ultimate) X 240,440300,105672000,240,,539603
44,2026-09-19T03:36:03,2026-09-19T02:43:03,Chaos Core,716293,73061886,102,,729583
45,2026-09-19T03:37:13,2026-09-19T02:43:03,Chaos Core,716293,92401797,129,,729583
46,2026-09-19T03:37:24,2026-09-19T02:43:03,Chaos Core,716293,21488790,30,,729583
47,2026-09-19T03:38:33,2026-09-19T02:43:03,Chaos Core,716293,83806281,117,,729582
48,2026-09-19T03:38:45,2026-09-19T02:43:03,Chaos Core,716293,26502841,37,,729582
49,2026-09-19T03:38:58,2026-09-19T02:43:03,Chaos Core,716293,7879223,11,,729582
50,2026-09-19T03:40:26,2026-09-19T02:43:03,Chaos Core,716293,116039466,162,,729577
51,2026-09-19T03:41:36,2026-09-19T02:43:03,Chaos Core,716293,7162930,10,,729573
52,2026-09-19T03:43:05,2026-09-19T02:43:03,Chaos Core,716293,108876536,152,,729573
53,2026-09-19T07:26:55,2026-09-19T07:21:31,Force Gem Package,188936455,188936455,1,,
54,2026-09-19T07:28:48,2026-09-19T07:21:31,Epic Booster (Highest),47234113,188936452,4,,
55,2026-09-19T07:31:07,2026-09-19T07:21:31,Chaos Core,716293,716293,1,,748000
56,2026-09-19T07:31:34,2026-09-19T07:21:31,Chaos Core,716293,3581465,5,,748000
57,2026-09-19T07:31:44,2026-09-19T07:21:31,Chaos Core,716000,64440000,90,,748000
58,2026-09-19T07:32:18,2026-09-19T07:21:31,Chaos Core,716293,5014051,7,,748000
59,2026-09-19T07:32:55,2026-09-19T07:21:31,Chaos Core,716293,5730344,8,,748000
60,2026-09-19T07:33:30,2026-09-19T07:21:31,Chaos Core,716293,716293,1,,748000
61,2026-09-19T07:34:11,2026-09-19T07:21:31,Chaos Core,716293,5014051,7,,748000
62,2026-09-19T07:34:50,2026-09-19T07:21:31,Chaos Core,722222,2888888,4,,748000
63,2026-09-19T07:35:45,2026-09-19T07:21:31,Chaos Core,715750,19325250,27,,748000
64,2026-09-19T07:41:09,2026-09-19T07:21:31,Chaos Core,716000,17184000,24,,747998
65,2026-09-19T07:42:55,2026-09-19T07:21:31,Chaos Core,716000,81624000,114,,747997
66,2026-09-19T07:43:05,2026-09-19T07:21:31,Chaos Core,716000,21480000,30,,747997
67,2026-09-19T07:55:01,2026-09-19T07:46:42,Epic Booster (Highest),47234113,188936452,4,,
68,2026-09-19T08:04:59,2026-09-19T07:59:56,Chaos Core,716000,12888000,18,,729622
69,2026-09-19T08:07:29,2026-09-19T07:59:56,Chaos Core,716000,105252000,147,,729621
70,2026-09-19T08:08:41,2026-09-19T07:59:56,Chaos Core,716000,5012000,7,,729618
71,2026-09-19T08:09:12,2026-09-19T07:59:56,Chaos Core,716000,16468000,23,,729618
72,2026-09-19T08:09:27,2026-09-19T07:59:56,Chaos Core,716000,2864000,4,,729618
73,2026-09-19T08:09:37,2026-09-19T07:59:56,Chaos Core,716000,74464000,104,,729618
74,2026-09-19T08:09:45,2026-09-19T07:59:56,Chaos Core,716000,716000,1,,729618
75,2026-09-19T08:09:58,2026-09-19T07:59:56,Chaos Core,716000,10024000,14,,729618
76,2026-09-19T08:11:10,2026-09-19T07:59:56,Force Core Set (Highest) X 1,186888,13829712,74,,195000
77,2026-09-19T08:11:16,2026-09-19T07:59:56,Force Core Set (Highest) X 58,186888,10839504,58,,195000
78,2026-09-19T08:11:27,2026-09-19T07:59:56,Force Core Set (Highest) X 14,186986,2617804,14,,195000
79,2026-09-19T08:12:12,2026-09-19T07:59:56,Force Core Set (Ultimate) X 17,390390,6636630,17,,399825
80,2026-09-19T08:12:18,2026-09-19T07:59:56,Force Core Set (Ultimate) X 259,390390,101111111,259,,399825
81,2026-09-19T08:19:17,2026-09-19T08:13:39,Chaos Core,716293,7879223,11,,729614
82,2026-09-19T08:19:32,2026-09-19T08:13:39,Chaos Core,716293,5014051,7,,729614
83,2026-09-19T08:52:47,2026-09-19T08:24:39,Chaos Core,714000,111384000,156,,729625
84,2026-09-19T08:54:05,2026-09-19T08:24:39,Chaos Core,714000,81396000,114,,729624
85,2026-09-19T08:54:15,2026-09-19T08:24:39,Chaos Core,714000,29988000,42,,729624
86,2026-09-19T08:55:33,2026-09-19T08:24:39,Chaos Core,714000,14280000,20,,729623
87,2026-09-19T08:57:11,2026-09-19T08:24:39,Chaos Core,738000,738000,1,,729623
88,2026-09-19T08:58:15,2026-09-19T08:24:39,Chaos Core,713999,100673859,141,,729625
89,2026-09-19T08:59:43,2026-09-19T08:24:39,Chaos Core,714000,52836000,74,,729623
90,2026-09-19T08:59:56,2026-09-19T08:24:39,Chaos Core,714000,56406000,79,,729623
91,2026-09-19T09:01:15,2026-09-19T08:24:39,Chaos Core,713999,81395886,114,,729621
92,2026-09-19T09:01:26,2026-09-19T08:24:39,Chaos Core,713999,24275966,34,,729621
93,2026-09-19T09:01:41,2026-09-19T08:24:39,Chaos Core,713999,5711992,8,,729621
94,2026-09-19T09:09:08,2026-09-19T08:24:39,Epic Booster (Highest),47234113,188936452,4,,
95,2026-09-19T09:12:54,2026-09-19T08:24:39,Chaos Core,713999,109241847,153,,729616
96,2026-09-19T09:14:19,2026-09-19T08:24:39,Chaos Core,713999,14279980,20,,729616
97,2026-09-19T09:14:31,2026-09-19T08:24:39,Chaos Core,713999,17135976,24,,729616
98,2026-09-19T09:14:47,2026-09-19T08:24:39,Chaos Core,713999,9995986,14,,729616
99,2026-09-19T09:15:04,2026-09-19T08:24:39,Chaos Core,713999,17135976,24,,729616
100,2026-09-19T09:15:23,2026-09-19T08:24:39,Chaos Core,713999,3569995,5,,729616
101,2026-09-19T09:15:41,2026-09-19T08:24:39,Chaos Core,713999,713999,1,,729616
102,2026-09-19T09:15:50,2026-09-19T08:24:39,Chaos Core,713999,30701957,43,,729616
103,2026-09-19T09:16:03,2026-09-19T08:24:39,Chaos Core,713999,9281987,13,,729616
104,2026-09-19T09:18:02,2026-09-19T08:24:39,Chaos Core,713999,98531862,138,,729613
105,2026-09-19T09:19:34,2026-09-19T08:24:39,Chaos Core,713999,117809835,165,,729615
106,2026-09-19T09:21:11,2026-09-19T08:24:39,Chaos Core,713999,32843954,46,,729614
107,2026-09-19T09:21:23,2026-09-19T08:24:39,Chaos Core,713999,65687908,92,,729614
108,2026-09-19T09:44:26,2026-09-19T08:24:39,Force Core Set (High) X 3,192306,576918,3,,199957
109,2026-09-19T09:44:34,2026-09-19T08:24:39,Force Core Set (High) X 5,192306,17307540,90,,199957
110,2026-09-19T09:44:41,2026-09-19T08:24:39,Force Core Set (High) X 10,192306,17307540,90,,199957
111,2026-09-19T09:45:37,2026-09-19T08:24:39,Force Core Set (High) X 10,192306,34615080,180,,199956
112,2026-09-19T09:47:58,2026-09-19T08:24:39,Force Gem Package,188936455,188936455,1,,
113,2026-09-19T09:51:15,2026-09-19T08:24:39,Chaos Core,716293,107443950,150,,729616
114,2026-09-19T09:52:28,2026-09-19T08:24:39,Chaos Core,716293,69480421,97,,729615
115,2026-09-19T09:52:40,2026-09-19T08:24:39,Chaos Core,716293,44410166,62,,729615
116,2026-09-19T10:24:13,2026-09-19T08:24:39,Chaos Core,716293,76643351,107,,729616
117,2026-09-19T10:24:23,2026-09-19T08:24:39,Chaos Core,716293,24353962,34,,729616
118,2026-09-19T10:25:35,2026-09-19T08:24:39,Chaos Core,716293,14325860,20,,729615
119,2026-09-19T10:25:47,2026-09-19T08:24:39,Chaos Core,716293,20056204,28,,729615
120,2026-09-19T10:26:03,2026-09-19T08:24:39,Chaos Core,716293,64466370,90,,729615
121,2026-09-19T10:29:04,2026-09-19T08:24:39,Chaos Core,716293,45126459,63,,729614
122,2026-09-19T10:29:17,2026-09-19T08:24:39,Chaos Core,716293,27935427,39,,729614
123,2026-09-19T10:29:30,2026-09-19T08:24:39,Chaos Core,716293,30084306,42,,729614
124,2026-09-19T10:30:43,2026-09-19T08:24:39,Chaos Core,716293,58736026,82,,729613
125,2026-09-19T10:30:53,2026-09-19T08:24:39,Chaos Core,716293,57303440,80,,729613
126,2026-09-19T10:32:11,2026-09-19T08:24:39,Chaos Core,716293,107443950,150,,729612
127,2026-09-19T10:35:18,2026-09-19T08:24:39,Chaos Core,716293,11460688,16,,729611
128,2026-09-19T10:35:29,2026-09-19T08:24:39,Chaos Core,716292,27935388,39,,729611
129,2026-09-19T10:35:38,2026-09-19T08:24:39,Chaos Core,716292,14325840,20,,729611
130,2026-09-19T10:35:51,2026-09-19T08:24:39,Chaos Core,716292,58019652,81,,729611
131,2026-09-19T10:58:39,2026-09-19T08:24:39,Force Gem Package,188499999,188499999,1,,
132,2026-09-19T11:02:49,2026-09-19T08:24:39,Chaos Core,715990,15035790,21,,748000
133,2026-09-19T11:03:01,2026-09-19T08:24:39,Chaos Core,715990,10023860,14,,748000
134,2026-09-19T11:03:11,2026-09-19T08:24:39,Chaos Core,715990,80190880,112,,748000
135,2026-09-19T11:03:24,2026-09-19T08:24:39,Chaos Core,715990,8591880,12,,748000
136,2026-09-19T11:04:54,2026-09-19T08:24:39,Chaos Core,715990,81622860,114,,747996
137,2026-09-19T11:05:08,2026-09-19T08:24:39,Chaos Core,715990,7159900,10,,747996
138,2026-09-19T11:05:24,2026-09-19T08:24:39,Chaos Core,715990,16467770,23,,747996
139,2026-09-19T11:06:49,2026-09-19T08:24:39,Chaos Core,715990,33651530,47,,747992
140,2026-09-19T11:07:02,2026-09-19T08:24:39,Chaos Core,715990,38663460,54,,747992
141,2026-09-19T11:07:18,2026-09-19T08:24:39,Chaos Core,715990,30787570,43,,747992
142,2026-09-19T11:09:05,2026-09-19T08:24:39,Chaos Core,715990,3579950,5,,747991
143,2026-09-19T11:09:48,2026-09-19T08:24:39,Chaos Core,715999,45107937,63,,747991
144,2026-09-19T11:09:57,2026-09-19T08:24:39,Chaos Core,715990,50119300,70,,747991
145,2026-09-19T11:11:29,2026-09-19T08:24:39,Chaos Core,715990,100954590,141,,747990
146,2026-09-19T11:12:59,2026-09-19T08:24:39,Chaos Core,715990,100954590,141,,747989
147,2026-09-19T11:31:18,2026-09-19T08:24:39,Chaos Core,725000,54375000,75,,740736
148,2026-09-19T11:31:32,2026-09-19T08:24:39,Chaos Core,725000,18125000,25,,740736
149,2026-09-19T11:31:41,2026-09-19T08:24:39,Chaos Core,725000,38425000,53,,740736
150,2026-09-19T11:34:37,2026-09-19T08:24:39,Force Core Set (Ultimate) X 1,430000,430000,1,,458381
151,2026-09-19T11:34:45,2026-09-19T08:24:39,Force Core Set (Ultimate) X 10,430000,77400000,180,,458381
152,2026-09-19T11:35:40,2026-09-19T08:24:39,Force Core Set (Ultimate) X 10,430000,77400000,180,,458379
153,2026-09-19T11:36:32,2026-09-19T08:24:39,Force Core Set (Ultimate) X 10,430000,17200000,40,,458378
154,2026-09-19T11:36:38,2026-09-19T08:24:39,Force Core Set (Ultimate) X 29,430000,12470000,29,,458378
155,2026-09-19T11:36:44,2026-09-19T08:24:39,Force Core Set (Ultimate) X 35,430000,15050000,35,,458378
156,2026-09-19T11:36:50,2026-09-19T08:24:39,Force Core Set (Ultimate) X 41,430000,17630000,41,,458378
157,2026-09-19T11:36:56,2026-09-19T08:24:39,Force Core Set (Ultimate) X 48,430000,20640000,48,,458378
158,2026-09-19T11:58:22,2026-09-19T08:24:39,Force Core Set (Highest) X 86,204998,17629828,86,,249998
159,2026-09-19T11:58:29,2026-09-19T08:24:39,Force Core Set (Highest) X 120,204998,24599760,120,,249998
160,2026-09-19T11:59:23,2026-09-19T08:24:39,Force Core Set (Highest) X 32,207265,6632480,32,,249998
161,2026-09-19T11:59:32,2026-09-19T08:24:39,Force Core Set (Highest) X 33,207265,6839745,33,,249998
162,2026-09-19T12:01:51,2026-09-19T08:24:39,Force Core Set (Highest) X 99,205000,20295000,99,,249995
163,2026-09-19T12:02:00,2026-09-19T08:24:39,Force Core Set (Highest) X 76,207265,15752140,76,,249995
164,2026-09-19T12:02:09,2026-09-19T08:24:39,Force Core Set (Highest) X 78,207265,16166670,78,,249995
165,2026-09-19T12:05:17,2026-09-19T08:24:39,Force Gem Package,188936455,188936455,1,,
166,2026-09-19T12:14:42,2026-09-19T08:24:39,Force Core Set (High) X 5,183096,32957280,180,,192977
167,2026-09-19T12:49:18,2026-09-19T12:44:38,Force Core Set (High) X 41,181415,7438015,41,,189995
168,2026-09-19T12:49:25,2026-09-19T12:44:38,Force Core Set (High) X 155,181415,28119325,155,,189995
169,2026-09-19T14:24:21,2026-09-19T14:20:59,Force Core Set (High) X 11,181818,2000000,11,,189895
170,2026-09-19T14:24:26,2026-09-19T14:20:59,Force Core Set (High) X 1,183096,183096,1,,189895
171,2026-09-19T14:24:33,2026-09-19T14:20:59,Force Core Set (High) X 1,183096,732384,4,,189895
172,2026-09-19T14:24:40,2026-09-19T14:20:59,Force Core Set (High) X 10,183096,5492880,30,,189895
173,2026-09-19T14:24:46,2026-09-19T14:20:59,Force Core Set (High) X 73,183096,13366008,73,,189895
174,2026-09-19T15:35:29,2026-09-19T15:29:22,Upgrade Core Set (Ultimate) X 1,439725,18468450,42,,536840
175,2026-09-19T15:35:35,2026-09-19T15:29:22,Upgrade Core Set (Ultimate) X 3,439725,1319175,3,,536840
176,2026-09-19T15:35:41,2026-09-19T15:29:22,Upgrade Core Set (Ultimate) X 11,439725,4836975,11,,536840
177,2026-09-19T15:35:46,2026-09-19T15:29:22,Upgrade Core Set (Ultimate) X 15,439725,6595875,15,,536840
178,2026-09-19T15:35:52,2026-09-19T15:29:22,Upgrade Core Set (Ultimate) X 18,439725,7915050,18,,536840
179,2026-09-19T15:42:00,2026-09-19T15:29:22,Chaos Core,723997,34751856,48,,740486
180,2026-09-19T15:42:11,2026-09-19T15:29:22,Chaos Core,723997,33303862,46,,740486
181,2026-09-19T15:42:24,2026-09-19T15:29:22,Chaos Core,723997,49231796,68,,740486
182,2026-09-19T16:10:41,2026-09-19T15:29:22,Chaos Core,723996,93395484,129,,740461
183,2026-09-19T16:10:53,2026-09-19T15:29:22,Chaos Core,723996,21719880,30,,740461
184,2026-09-19T16:12:16,2026-09-19T15:29:22,Chaos Core,723996,104255424,144,,740460
185,2026-09-19T16:17:55,2026-09-19T15:29:22,Chaos Core,716000,40096000,56,,740457
186,2026-09-19T16:18:07,2026-09-19T15:29:22,Chaos Core,716000,58712000,82,,740457
187,2026-09-19T16:22:14,2026-09-19T15:29:22,Chaos Core,715000,84370000,118,,740455
188,2026-09-19T16:22:25,2026-09-19T15:29:22,Chaos Core,716000,29356000,41,,740455
189,2026-09-19T16:23:46,2026-09-19T15:29:22,Chaos Core,716000,54416000,76,,740454
190,2026-09-19T16:24:05,2026-09-19T15:29:22,Chaos Core,716000,716000,1,,740454
191,2026-09-19T16:24:29,2026-09-19T15:29:22,Chaos Core,723777,63692376,88,,740454
192,2026-09-19T16:26:45,2026-09-19T15:29:22,Chaos Core,723996,31855824,44,,740452
193,2026-09-19T16:26:54,2026-09-19T15:29:22,Chaos Core,715000,47190000,66,,740452
194,2026-09-19T16:27:23,2026-09-19T15:29:22,Chaos Core,723996,28959840,40,,740452
195,2026-09-19T16:52:05,2026-09-19T16:47:09,Chaos Core,729990,36499500,50,,740449
196,2026-09-19T16:52:18,2026-09-19T16:47:09,Chaos Core,729990,59859180,82,,740449
197,2026-09-19T16:52:37,2026-09-19T16:47:09,Chaos Core,729990,4379940,6,,740449
198,2026-09-19T16:56:18,2026-09-19T16:47:09,Chaos Core,729990,12409830,17,,740448
199,2026-09-19T16:56:30,2026-09-19T16:47:09,Chaos Core,729990,81028890,111,,740448
200,2026-09-19T16:56:44,2026-09-19T16:47:09,Chaos Core,729990,7299900,10,,740448
201,2026-09-19T16:58:04,2026-09-19T16:47:09,Chaos Core,729990,107308530,147,,740447
202,2026-09-19T16:59:26,2026-09-19T16:47:09,Chaos Core,729990,30659580,42,,740442
203,2026-09-19T16:59:41,2026-09-19T16:47:09,Chaos Core,729990,8029890,11,,740442
204,2026-09-19T17:00:12,2026-09-19T16:47:09,Chaos Core,729990,729990,1,,740442
205,2026-09-19T17:01:25,2026-09-19T16:47:09,Chaos Core,729990,98548650,135,,740440
206,2026-09-19T17:02:39,2026-09-19T16:47:09,Chaos Core,729990,26279640,36,,740438
207,2026-09-19T17:02:51,2026-09-19T16:47:09,Chaos Core,729990,70809030,97,,740438
208,2026-09-19T17:03:07,2026-09-19T16:47:09,Chaos Core,729990,23359680,32,,740438
209,2026-09-19T17:09:16,2026-09-19T16:47:09,Chaos Core,729990,70079040,96,,740299
210,2026-09-19T17:09:28,2026-09-19T16:47:09,Chaos Core,729990,36499500,50,,740299
211,2026-09-19T17:09:43,2026-09-19T16:47:09,Chaos Core,729990,7299900,10,,740299
212,2026-09-19T17:20:02,2026-09-19T16:47:09,Chaos Core,716533,113928747,159,,740290
213,2026-09-19T17:23:42,2026-09-19T16:47:09,Chaos Core,716533,20062924,28,,740289
214,2026-09-19T17:23:56,2026-09-19T16:47:09,Chaos Core,716533,80968229,113,,740289
215,2026-09-19T17:31:18,2026-09-19T17:27:29,Chaos Core,716533,70220234,98,,740283
216,2026-09-19T17:31:30,2026-09-19T17:27:29,Chaos Core,716533,28661320,40,,740283
217,2026-09-19T17:47:20,2026-09-19T17:38:36,Chaos Core,716533,105330351,147,,740280
218,2026-09-19T17:54:12,2026-09-19T17:38:36,Chaos Core,725478,63116586,87,,740279
219,2026-09-19T17:54:21,2026-09-19T17:38:36,Chaos Core,716533,38692782,54,,740279
220,2026-09-19T17:56:13,2026-09-19T17:38:36,Chaos Core,716533,25078655,35,,740276
221,2026-09-19T17:56:22,2026-09-19T17:38:36,Chaos Core,716533,86700493,121,,740276
222,2026-09-19T19:35:15,2026-09-19T19:16:51,Force Core Set (Ultimate) X 21,392156,8235276,21,,458252
223,2026-09-19T19:35:21,2026-09-19T19:16:51,Force Core Set (Ultimate) X 153,392156,60000000,153,,458252
224,2026-09-19T19:35:29,2026-09-19T19:16:51,Force Core Set (Ultimate) X 10,402933,4029330,10,,458252
225,2026-09-19T19:54:01,2026-09-19T19:43:50,Chaos Core,714533,56448107,79,,740145
226,2026-09-19T19:54:12,2026-09-19T19:43:50,Chaos Core,714533,59306239,83,,740145
227,2026-09-19T20:14:09,2026-09-19T19:43:50,Chaos Core,709533,55343574,78,,740116
228,2026-09-19T20:14:20,2026-09-19T19:43:50,Chaos Core,714533,5001731,7,,740116
229,2026-09-19T20:14:31,2026-09-19T19:43:50,Chaos Core,716532,23645556,33,,740116
230,2026-09-19T20:14:45,2026-09-19T19:43:50,Chaos Core,716533,16480259,23,,740116
231,2026-09-19T20:18:09,2026-09-19T19:43:50,Chaos Core,716533,29377853,41,,740112
232,2026-09-19T20:18:17,2026-09-19T19:43:50,Chaos Core,709533,66696102,94,,740112
233,2026-09-19T20:19:21,2026-09-19T19:43:50,Chaos Core,709533,14900193,21,,740110
234,2026-09-19T20:19:33,2026-09-19T19:43:50,Chaos Core,714533,90031158,126,,740110
235,2026-09-19T20:20:45,2026-09-19T19:43:50,Chaos Core,716533,53023442,74,,740108
236,2026-09-19T20:21:06,2026-09-19T19:43:50,Chaos Core,716533,13614127,19,,740108
237,2026-09-19T20:21:28,2026-09-19T19:43:50,Chaos Core,716533,30094386,42,,740108
238,2026-09-19T20:22:35,2026-09-19T19:43:50,Chaos Core,709533,80886762,114,,740108
239,2026-09-19T20:22:46,2026-09-19T19:43:50,Chaos Core,709533,21285990,30,,740108
240,2026-09-19T20:26:41,2026-09-19T19:43:50,Chaos Core,709533,26962254,38,,740101
241,2026-09-19T20:26:53,2026-09-19T19:43:50,Chaos Core,709533,46829178,66,,740101
242,2026-09-19T20:27:20,2026-09-19T19:43:50,Chaos Core,716533,24362122,34,,740101
243,2026-09-19T21:17:16,2026-09-19T19:43:50,Force Core Set (High) X 84,178571,15000000,84,,187991
244,2026-09-19T21:17:22,2026-09-19T19:43:50,Force Core Set (High) X 161,178571,28749931,161,,187991
245,2026-09-19T21:22:16,2026-09-19T19:43:50,Chaos Core,720000,46080000,64,,740036
246,2026-09-19T21:22:24,2026-09-19T19:43:50,Chaos Core,720000,23760000,33,,740036
247,2026-09-19T21:22:31,2026-09-19T19:43:50,Chaos Core,720000,44640000,62,,740036
248,2026-09-19T21:47:56,2026-09-19T21:35:52,Chaos Core,719999,23039968,32,,729813
249,2026-09-19T21:48:08,2026-09-19T21:35:52,Chaos Core,719999,84959882,118,,729813
250,2026-09-19T21:49:27,2026-09-19T21:35:52,Chaos Core,719999,52559927,73,,729811
251,2026-09-19T21:49:38,2026-09-19T21:35:52,Chaos Core,719999,33839953,47,,729811
252,2026-09-19T21:49:52,2026-09-19T21:35:52,Chaos Core,719999,5039993,7,,729811
253,2026-09-19T21:50:08,2026-09-19T21:35:52,Chaos Core,719999,16559977,23,,729811
254,2026-09-19T21:53:03,2026-09-19T21:35:52,Chaos Core,719999,19439973,27,,729809
255,2026-09-19T21:53:11,2026-09-19T21:35:52,Chaos Core,715000,85800000,120,,729809
256,2026-09-19T21:54:18,2026-09-19T21:35:52,Chaos Core,715000,51480000,72,,729808
257,2026-09-19T21:54:30,2026-09-19T21:35:52,Chaos Core,715000,49335000,69,,729808
258,2026-09-19T21:55:53,2026-09-19T21:35:52,Chaos Core,715000,102960000,144,,729806
259,2026-09-19T22:13:55,2026-09-19T22:10:54,Chaos Core,714999,3574995,5,,729809
260,2026-09-19T22:14:03,2026-09-19T22:10:54,Chaos Core,714999,33604953,47,,729809
261,2026-09-19T22:14:11,2026-09-19T22:10:54,Chaos Core,714999,61489914,86,,729809
262,2026-09-19T22:15:08,2026-09-19T22:10:54,Chaos Core,714999,76504893,107,,729808
263,2026-09-19T22:15:22,2026-09-19T22:10:54,Chaos Core,715000,2860000,4,,729808
264,2026-09-19T22:15:39,2026-09-19T22:10:54,Chaos Core,715000,3575000,5,,729808
265,2026-09-19T22:15:56,2026-09-19T22:10:54,Chaos Core,715000,15730000,22,,729808
266,2026-09-19T22:16:46,2026-09-19T22:10:54,Force Core Set (Highest) X 100,208525,20852500,100,,213801
267,2026-09-19T22:16:52,2026-09-19T22:10:54,Force Core Set (Highest) X 20,208530,16682400,80,,213801
268,2026-09-19T22:18:18,2026-09-19T22:10:54,Chaos Core,714999,72214899,101,,729806
269,2026-09-19T22:18:38,2026-09-19T22:10:54,Chaos Core,715000,37180000,52,,729806
270,2026-09-19T22:21:07,2026-09-19T22:10:54,Chaos Core,715000,60775000,85,,729805
271,2026-09-19T22:21:15,2026-09-19T22:10:54,Chaos Core,714998,34319904,48,,729805
272,2026-09-19T22:21:36,2026-09-19T22:10:54,Chaos Core,715000,3575000,5,,729805
273,2026-09-19T22:22:57,2026-09-19T22:10:54,Chaos Core,714998,117974670,165,,729803
274,2026-09-19T22:24:21,2026-09-19T22:10:54,Chaos Core,715000,10725000,15,,729803
275,2026-09-19T22:25:04,2026-09-19T22:10:54,Chaos Core,714998,94379736,132,,729803
276,2026-09-19T22:29:24,2026-09-19T22:10:54,Chaos Core,714998,76504786,107,,729810
277,2026-09-19T22:29:47,2026-09-19T22:10:54,Chaos Core,719999,22319969,31,,729810
278,2026-09-19T22:31:33,2026-09-19T22:10:54,Chaos Core,719999,97199865,135,,729809
279,2026-09-19T22:34:00,2026-09-19T22:10:54,Chaos Core,719999,60479916,84,,729808
280,2026-09-19T22:34:31,2026-09-19T22:10:54,Chaos Core,719999,51839928,72,,729808
281,2026-09-19T22:36:12,2026-09-19T22:10:54,Chaos Core,719999,30239958,42,,729807
282,2026-09-19T22:36:46,2026-09-19T22:10:54,Chaos Core,719999,719999,1,,729807
283,2026-09-19T22:37:25,2026-09-19T22:10:54,Chaos Core,719999,68399905,95,,729807
284,2026-09-19T22:38:29,2026-09-19T22:10:54,Chaos Core,714998,68639808,96,,729806
285,2026-09-19T22:48:01,2026-09-19T22:44:44,Chaos Core,716533,81684762,114,,729806
286,2026-09-19T22:48:12,2026-09-19T22:44:44,Chaos Core,716533,34393584,48,,729806
287,2026-09-19T22:49:10,2026-09-19T22:44:44,Force Core Set (Ultimate) X 7,390000,2730000,7,,458201
288,2026-09-19T22:49:15,2026-09-19T22:44:44,Force Core Set (Ultimate) X 24,390000,9360000,24,,458201
289,2026-09-19T22:49:21,2026-09-19T22:44:44,Force Core Set (Ultimate) X 66,390000,25740000,66,,458201
290,2026-09-19T22:49:27,2026-09-19T22:44:44,Force Core Set (Ultimate) X 100,390000,39000000,100,,458201
291,2026-09-19T22:50:59,2026-09-19T22:44:44,Chaos Core,716533,96015422,134,,729804
292,2026-09-19T22:51:10,2026-09-19T22:44:44,Chaos Core,716533,5015731,7,,729804
293,2026-09-19T22:53:17,2026-09-19T22:44:44,Chaos Core,716533,103897285,145,,729803
294,2026-09-19T22:53:30,2026-09-19T22:44:44,Chaos Core,716533,1433066,2,,729803
295,2026-09-19T22:53:44,2026-09-19T22:44:44,Chaos Core,716533,6448797,9,,729803
296,2026-09-19T22:55:01,2026-09-19T22:44:44,Chaos Core,716533,58039173,81,,729802
297,2026-09-19T22:55:09,2026-09-19T22:44:44,Chaos Core,716533,40842381,57,,729802
298,2026-09-19T22:56:46,2026-09-19T22:44:44,Chaos Core,716533,14330660,20,,729800
299,2026-09-19T22:57:07,2026-09-19T22:44:44,Chaos Core,716533,47291178,66,,729800
300,2026-09-19T22:57:30,2026-09-19T22:44:44,Chaos Core,719998,54719848,76,,729800
301,2026-09-19T23:04:43,2026-09-19T23:01:40,Chaos Core,716533,78818630,110,,729802
302,2026-09-19T23:04:53,2026-09-19T23:01:40,Chaos Core,716533,8598396,12,,729802
303,2026-09-19T23:05:06,2026-09-19T23:01:40,Chaos Core,716533,26511721,37,,729802
304,2026-09-19T23:06:55,2026-09-19T23:01:40,Chaos Core,716532,101747544,142,,729800
305,2026-09-19T23:07:02,2026-09-19T23:01:40,Chaos Core,716532,5732256,8,,729800
306,2026-09-19T23:09:19,2026-09-19T23:01:40,Chaos Core,716532,24362088,34,,729798
307,2026-09-19T23:09:30,2026-09-19T23:01:40,Chaos Core,716532,81684648,114,,729798
308,2026-09-19T23:09:42,2026-09-19T23:01:40,Chaos Core,716532,1433064,2,,729798
309,2026-09-19T23:11:15,2026-09-19T23:01:40,Chaos Core,716532,1433064,2,,729796
310,2026-09-19T23:11:30,2026-09-19T23:01:40,Chaos Core,716533,30094386,42,,729796
311,2026-09-19T23:11:48,2026-09-19T23:01:40,Chaos Core,716533,73802899,103,,729796
312,2026-09-19T23:33:32,2026-09-19T23:01:40,Force Core Set (High) X 29,182758,5300000,29,,189990
313,2026-09-19T23:33:37,2026-09-19T23:01:40,Force Core Set (High) X 69,182758,12610302,69,,189990
314,2026-09-19T23:34:52,2026-09-19T23:01:40,Chaos Core,716532,103180608,144,,729777
315,2026-09-19T23:40:55,2026-09-19T23:01:40,Upgrade Core Set (Ultimate) X 52,432520,22491040,52,,506647
316,2026-09-19T23:41:52,2026-09-19T23:01:40,Force Core Set (Ultimate) X 17,390000,6630000,17,,458185
317,2026-09-19T23:41:57,2026-09-19T23:01:40,Force Core Set (Ultimate) X 23,390000,8970000,23,,458185
318,2026-09-19T23:42:04,2026-09-19T23:01:40,Force Core Set (Ultimate) X 215,402933,86630595,215,,458185
319,2026-09-19T23:43:24,2026-09-19T23:01:40,Chaos Core,716532,716532,1,,729793
320,2026-09-19T23:43:31,2026-09-19T23:01:40,Chaos Core,716532,18629832,26,,729793
321,2026-09-19T23:43:44,2026-09-19T23:01:40,Chaos Core,716532,17196768,24,,729793
322,2026-09-19T23:43:57,2026-09-19T23:01:40,Chaos Core,716532,68787072,96,,729793
323,2026-09-19T23:44:13,2026-09-19T23:01:40,Chaos Core,716532,8598384,12,,729793
324,2026-09-19T23:45:30,2026-09-19T23:01:40,Chaos Core,716532,107479800,150,,729792
325,2026-09-19T23:47:19,2026-09-19T23:01:40,Chaos Core,716531,28661240,40,,729791
326,2026-09-19T23:47:29,2026-09-19T23:01:40,Chaos Core,716531,81684534,114,,729791
327,2026-09-19T23:48:07,2026-09-19T23:01:40,Chaos Core,716532,1433064,2,,729791
328,2026-09-19T23:49:30,2026-09-19T23:01:40,Chaos Core,716532,19346364,27,,729790
329,2026-09-19T23:49:51,2026-09-19T23:01:40,Chaos Core,716532,92432628,129,,729790
330,2026-09-19T23:51:01,2026-09-19T23:01:40,Chaos Core,716531,76668817,107,,729803
331,2026-09-19T23:51:11,2026-09-19T23:01:40,Chaos Core,716531,26511647,37,,729803
332,2026-09-19T23:52:31,2026-09-19T23:01:40,Chaos Core,716532,113928588,159,,729802
333,2026-09-19T23:56:56,2026-09-19T23:01:40,Upgrade Core Set (Ultimate) X 12,432520,5190240,12,,506645
334,2026-09-19T23:58:21,2026-09-19T23:01:40,Chaos Core,716532,35110068,49,,729803
335,2026-09-19T23:58:31,2026-09-19T23:01:40,Chaos Core,716532,68070540,95,,729803
336,2026-09-19T23:59:43,2026-09-19T23:01:40,Chaos Core,716532,81684648,114,,729802
337,2026-09-19T23:59:50,2026-09-19T23:01:40,Chaos Core,716532,32243940,45,,729802
338,2026-09-20T00:01:46,2026-09-19T23:01:40,Chaos Core,716532,81684648,114,,729801
339,2026-09-20T00:01:54,2026-09-19T23:01:40,Chaos Core,716532,30094344,42,,729801
340,2026-09-20T00:03:03,2026-09-19T23:01:40,Chaos Core,716532,76668924,107,,740453
341,2026-09-20T00:04:31,2026-09-19T23:01:40,Chaos Core,716532,41558856,58,,740453
342,2026-09-20T00:06:24,2026-09-19T23:01:40,Chaos Core,716532,27944748,39,,740452
343,2026-09-20T00:06:35,2026-09-19T23:01:40,Chaos Core,716532,75235860,105,,740452
344,2026-09-20T00:08:19,2026-09-19T23:01:40,Chaos Core,716532,101031012,141,,740451
345,2026-09-20T00:14:14,2026-09-19T23:01:40,Chaos Core,716532,103180608,144,,740448
346,2026-09-20T00:15:05,2026-09-19T23:01:40,Upgrade Core Set (Ultimate) X 1,432525,432525,1,,506644
347,2026-09-20T00:18:16,2026-09-19T23:01:40,Chaos Core,716532,26511684,37,,740442
348,2026-09-20T00:18:26,2026-09-19T23:01:40,Chaos Core,716532,32960472,46,,740442
349,2026-09-20T00:18:38,2026-09-19T23:01:40,Chaos Core,716532,35110068,49,,740442
350,2026-09-20T00:18:52,2026-09-19T23:01:40,Chaos Core,716532,8598384,12,,740442
351,2026-09-20T00:35:13,2026-09-19T23:01:40,Force Core Set (High) X 25,184210,4605250,25,,189300
352,2026-09-20T00:35:19,2026-09-19T23:01:40,Force Core Set (High) X 38,184210,6999999,38,,189300
353,2026-09-20T00:35:24,2026-09-19T23:01:40,Force Core Set (High) X 64,184210,11789440,64,,189300
354,2026-09-20T00:35:29,2026-09-19T23:01:40,Force Core Set (High) X 77,184210,14184170,77,,189300
355,2026-09-20T00:44:05,2026-09-19T23:01:40,Chaos Core,716000,35084000,49,,740427
356,2026-09-20T00:44:48,2026-09-19T23:01:40,Chaos Core,718000,78980000,110,,740427
357,2026-09-20T00:46:35,2026-09-19T23:01:40,Chaos Core,718000,81852000,114,,740426
358,2026-09-20T00:47:13,2026-09-19T23:01:40,Chaos Core,719999,36719949,51,,740426
359,2026-09-20T00:48:35,2026-09-19T23:01:40,Chaos Core,720000,103680000,144,,740423
360,2026-09-20T01:02:33,2026-09-19T23:01:40,Chaos Core,720000,8640000,12,,740398
361,2026-09-20T01:02:43,2026-09-19T23:01:40,Chaos Core,720000,32400000,45,,740398
362,2026-09-20T01:02:55,2026-09-19T23:01:40,Chaos Core,720000,60480000,84,,740398
363,2026-09-20T01:04:18,2026-09-19T23:01:40,Chaos Core,720000,36720000,51,,740390
364,2026-09-20T01:04:31,2026-09-19T23:01:40,Chaos Core,720000,69120000,96,,740390
365,2026-09-20T02:13:26,2026-09-19T23:01:40,Chaos Core,714000,32844000,46,,730255
366,2026-09-20T02:13:36,2026-09-19T23:01:40,Chaos Core,715000,57200000,80,,730255
367,2026-09-20T02:13:50,2026-09-19T23:01:40,Chaos Core,715000,10725000,15,,730255
368,2026-09-20T02:15:09,2026-09-19T23:01:40,Chaos Core,715000,2145000,3,,730254
369,2026-09-20T02:15:27,2026-09-19T23:01:40,Chaos Core,715000,76505000,107,,730254
370,2026-09-20T02:15:46,2026-09-19T23:01:40,Chaos Core,715000,35035000,49,,730254
371,2026-09-20T02:27:40,2026-09-19T23:01:40,Upgrade Core Set (Ultimate) X 5,460000,82800000,180,,479502
372,2026-09-20T02:28:26,2026-09-19T23:01:40,Upgrade Core Set (Ultimate) X 5,460000,82800000,180,,479501
373,2026-09-20T02:36:19,2026-09-19T23:01:40,Chaos Core,715000,8580000,12,,730223
374,2026-09-20T02:36:30,2026-09-19T23:01:40,Chaos Core,715000,81510000,114,,730223
375,2026-09-20T02:36:39,2026-09-19T23:01:40,Chaos Core,714999,23594967,33,,730223
376,2026-09-20T02:37:56,2026-09-19T23:01:40,Chaos Core,715000,94380000,132,,730222
377,2026-09-20T02:38:11,2026-09-19T23:01:40,Chaos Core,715000,19305000,27,,730222
378,2026-09-20T02:39:31,2026-09-19T23:01:40,Chaos Core,715000,102960000,144,,730221
379,2026-09-20T04:12:02,2026-09-19T23:01:40,Force Core Set (Highest) X 79,208542,16474818,79,,213663
380,2026-09-20T04:18:04,2026-09-19T23:01:40,Force Core Set (Highest) X 3,208542,625626,3,,213653
381,2026-09-20T04:24:21,2026-09-19T23:01:40,Force Core Set (Highest) X 23,208542,4796466,23,,213643
382,2026-09-20T04:24:26,2026-09-19T23:01:40,Force Core Set (Highest) X 108,208542,22522536,108,,213643
383,2026-09-20T04:49:03,2026-09-19T23:01:40,Chaos Core,705000,47235000,67,,725000
384,2026-09-20T04:49:22,2026-09-19T23:01:40,Chaos Core,705000,57105000,81,,725000
385,2026-09-20T04:49:43,2026-09-19T23:01:40,Chaos Core,705000,10575000,15,,725000
386,2026-09-20T04:50:04,2026-09-19T23:01:40,Chaos Core,705000,705000,1,,725000
387,2026-09-20T04:52:03,2026-09-19T23:01:40,Chaos Core,705000,15510000,22,,725000
388,2026-09-20T04:55:20,2026-09-19T23:01:40,Chaos Core,705000,5640000,8,,729709
389,2026-09-20T04:55:52,2026-09-19T23:01:40,Chaos Core,710000,710000,1,,729709
390,2026-09-20T05:00:12,2026-09-19T23:01:40,Chaos Core,713000,24955000,35,,729703
391,2026-09-20T05:00:23,2026-09-19T23:01:40,Chaos Core,713000,96968000,136,,729703
392,2026-09-20T05:01:51,2026-09-19T23:01:40,Chaos Core,713000,124062000,174,,729701
393,2026-09-20T05:03:01,2026-09-19T23:01:40,Chaos Core,713000,130479000,183,,729695
394,2026-09-20T05:04:26,2026-09-19T23:01:40,Chaos Core,713000,81282000,114,,729694
395,2026-09-20T05:04:37,2026-09-19T23:01:40,Chaos Core,713000,52762000,74,,729694
396,2026-09-20T05:04:49,2026-09-19T23:01:40,Chaos Core,713000,4991000,7,,729694
397,2026-09-20T05:10:57,2026-09-19T23:01:40,Chaos Core,713000,713000,1,,729681
398,2026-09-20T05:11:11,2026-09-19T23:01:40,Chaos Core,713000,20677000,29,,729681
399,2026-09-20T05:11:18,2026-09-19T23:01:40,Chaos Core,713000,34937000,49,,729681
400,2026-09-20T05:11:36,2026-09-19T23:01:40,Chaos Core,713000,81282000,114,,729681
401,2026-09-20T05:11:56,2026-09-19T23:01:40,Chaos Core,713000,1426000,2,,729681
402,2026-09-20T05:15:55,2026-09-19T23:01:40,Force Core Set (Highest) X 3,208542,625626,3,,269874
403,2026-09-20T05:22:04,2026-09-19T23:01:40,Force Core Set (Highest) X 100,289166,57833200,200,,299996
404,2026-09-20T05:22:52,2026-09-19T23:01:40,Force Core Set (Highest) X 100,289166,57833200,200,,299993
405,2026-09-20T05:23:31,2026-09-19T23:01:40,Force Core Set (Highest) X 20,264950,5299000,20,,299993
406,2026-09-20T05:29:56,2026-09-19T23:01:40,Force Core Set (Highest) X 284,264950,75245800,284,,299981
407,2026-09-20T05:31:33,2026-09-19T23:01:40,Chaos Core,712000,3560000,5,,729632
408,2026-09-20T05:31:45,2026-09-19T23:01:40,Chaos Core,712000,28480000,40,,729632
409,2026-09-20T05:32:00,2026-09-19T23:01:40,Chaos Core,712000,98256000,138,,729632
410,2026-09-20T06:34:57,2026-09-19T23:01:40,Chaos Core,699900,79788600,114,,729500
411,2026-09-20T06:35:08,2026-09-19T23:01:40,Chaos Core,699900,20997000,30,,729500
412,2026-09-20T06:35:20,2026-09-19T23:01:40,Chaos Core,699900,1399800,2,,729500
413,2026-09-20T06:35:35,2026-09-19T23:01:40,Chaos Core,699990,21699690,31,,729500
414,2026-09-20T06:36:16,2026-09-19T23:01:40,Chaos Core,705000,6345000,9,,729500
415,2026-09-20T07:07:32,2026-09-19T23:01:40,Chaos Core,711000,29862000,42,,729441
416,2026-09-20T07:07:43,2026-09-19T23:01:40,Chaos Core,711000,91719000,129,,729441
417,2026-09-20T07:09:08,2026-09-19T23:01:40,Chaos Core,711000,12087000,17,,729440
418,2026-09-20T07:09:20,2026-09-19T23:01:40,Chaos Core,711000,109494000,154,,729440
419,2026-09-20T07:14:08,2026-09-19T23:01:40,Chaos Core,711000,132246000,186,,729435
420,2026-09-20T07:15:25,2026-09-19T23:01:40,Chaos Core,711000,20619000,29,,729433
421,2026-09-20T07:15:33,2026-09-19T23:01:40,Chaos Core,711000,81054000,114,,729433
422,2026-09-20T07:16:14,2026-09-19T23:01:40,Chaos Core,711000,30573000,43,,729433
423,2026-09-20T07:18:53,2026-09-19T23:01:40,Chaos Core,711000,40527000,57,,729426
424,2026-09-20T07:19:03,2026-09-19T23:01:40,Chaos Core,711000,19197000,27,,729426
425,2026-09-20T07:19:17,2026-09-19T23:01:40,Chaos Core,711000,4977000,7,,729426
426,2026-09-20T07:19:33,2026-09-19T23:01:40,Chaos Core,711000,69678000,98,,729426
427,2026-09-20T07:41:05,2026-09-19T23:01:40,Force Core Set (High) X 83,190680,15826440,83,,205851
428,2026-09-20T07:41:12,2026-09-19T23:01:40,Force Core Set (High) X 9,190681,1716129,9,,205851
429,2026-09-20T07:41:54,2026-09-19T23:01:40,Force Core Set (High) X 100,190681,38136200,200,,205848
430,2026-09-20T07:42:34,2026-09-19T23:01:40,Force Core Set (High) X 100,190681,38136200,200,,205846
431,2026-09-20T07:43:07,2026-09-19T23:01:40,Force Core Set (Ultimate) X 3,389999,1169999,3,,444826
432,2026-09-20T07:43:12,2026-09-19T23:01:40,Force Core Set (Ultimate) X 57,389999,22229943,57,,444826
433,2026-09-20T07:43:19,2026-09-19T23:01:40,Force Core Set (Ultimate) X 1,390000,11310000,29,,444826
434,2026-09-20T07:43:25,2026-09-19T23:01:40,Force Core Set (Ultimate) X 1,390000,390000,1,,444826
435,2026-09-20T07:43:31,2026-09-19T23:01:40,Force Core Set (Ultimate) X 10,390000,19500000,50,,444826
436,2026-09-20T08:25:42,2026-09-19T23:01:40,Chaos Core,711000,3555000,5,,729268
437,2026-09-20T08:25:54,2026-09-19T23:01:40,Chaos Core,711000,2844000,4,,729268
438,2026-09-20T08:26:09,2026-09-19T23:01:40,Chaos Core,712000,1424000,2,,729268
439,2026-09-20T08:26:25,2026-09-19T23:01:40,Chaos Core,712000,2848000,4,,729268
440,2026-09-20T08:26:43,2026-09-19T23:01:40,Chaos Core,712000,2848000,4,,729268
441,2026-09-20T08:27:04,2026-09-19T23:01:40,Chaos Core,713000,7130000,10,,729268
442,2026-09-20T08:27:27,2026-09-19T23:01:40,Chaos Core,713000,6417000,9,,729268
443,2026-09-20T08:27:48,2026-09-19T23:01:40,Chaos Core,713998,2855992,4,,729268
444,2026-09-20T08:28:10,2026-09-19T23:01:40,Chaos Core,713998,9281974,13,,729268
445,2026-09-20T08:28:33,2026-09-19T23:01:40,Chaos Core,713998,5711984,8,,729268
446,2026-09-20T08:28:42,2026-09-19T23:01:40,Chaos Core,711000,78921000,111,,729268
447,2026-09-20T08:30:04,2026-09-19T23:01:40,Chaos Core,713000,713000,1,,729260
448,2026-09-20T08:30:29,2026-09-19T23:01:40,Chaos Core,713998,7139980,10,,729260
449,2026-09-20T08:30:57,2026-09-19T23:01:40,Chaos Core,713998,2855992,4,,729260
450,2026-09-20T08:31:26,2026-09-19T23:01:40,Chaos Core,713998,2855992,4,,729260
451,2026-09-20T08:32:00,2026-09-19T23:01:40,Chaos Core,713999,4997993,7,,729260
452,2026-09-20T08:32:35,2026-09-19T23:01:40,Chaos Core,713999,12137983,17,,729260
453,2026-09-20T08:32:43,2026-09-19T23:01:40,Chaos Core,711000,9954000,14,,729260
454,2026-09-20T08:33:52,2026-09-19T23:01:40,Chaos Core,714000,29274000,41,,729260
455,2026-09-20T08:34:02,2026-09-19T23:01:40,Chaos Core,715000,27885000,39,,729260
456,2026-09-20T08:34:10,2026-09-19T23:01:40,Chaos Core,714000,39270000,55,,729260
457,2026-09-20T08:36:04,2026-09-19T23:01:40,Chaos Core,714000,7140000,10,,729249
458,2026-09-20T08:36:18,2026-09-19T23:01:40,Chaos Core,716000,69452000,97,,729249
459,2026-09-20T08:36:33,2026-09-19T23:01:40,Chaos Core,716533,29377853,41,,729249
460,2026-09-20T08:36:51,2026-09-19T23:01:40,Chaos Core,716533,29377853,41,,729249
461,2026-09-20T08:38:00,2026-09-19T23:01:40,Chaos Core,714000,32844000,46,,729249
462,2026-09-20T08:38:26,2026-09-19T23:01:40,Chaos Core,714000,67830000,95,,729249
463,2026-09-20T08:38:38,2026-09-19T23:01:40,Chaos Core,714000,27846000,39,,729249
464,2026-09-20T08:43:43,2026-09-19T23:01:40,Force Core Set (Highest) X 38,208542,7924596,38,,299739
465,2026-09-20T08:43:48,2026-09-19T23:01:40,Force Core Set (Highest) X 265,250208,66305384,265,,299739
466,2026-09-20T08:51:13,2026-09-19T23:01:40,Chaos Core,714000,37842000,53,,729224
467,2026-09-20T08:51:25,2026-09-19T23:01:40,Chaos Core,714000,101388000,142,,729224
468,2026-09-20T08:52:45,2026-09-19T23:01:40,Chaos Core,714000,72828000,102,,729223
469,2026-09-20T08:52:57,2026-09-19T23:01:40,Chaos Core,714000,57834000,81,,729223
470,2026-09-20T09:01:04,2026-09-19T23:01:40,Chaos Core,714000,33558000,47,,720711
471,2026-09-20T09:01:14,2026-09-19T23:01:40,Chaos Core,714000,76398000,107,,720711
472,2026-09-20T09:01:22,2026-09-19T23:01:40,Chaos Core,714000,9996000,14,,720711
473,2026-09-20T09:08:16,2026-09-19T23:01:40,Chaos Core,710000,34790000,49,,720709
474,2026-09-20T09:08:24,2026-09-19T23:01:40,Chaos Core,710000,86620000,122,,720709
475,2026-09-20T09:09:36,2026-09-19T23:01:40,Chaos Core,710000,34080000,48,,720709
476,2026-09-20T09:09:44,2026-09-19T23:01:40,Chaos Core,710000,77390000,109,,720709
477,2026-09-20T09:10:15,2026-09-19T23:01:40,Chaos Core,710000,14200000,20,,720709
478,2026-09-20T09:11:48,2026-09-19T23:01:40,Chaos Core,710000,136320000,192,,720708
479,2026-09-20T09:15:25,2026-09-19T23:01:40,Chaos Core,710000,116440000,164,,720705
480,2026-09-20T09:15:35,2026-09-19T23:01:40,Chaos Core,710000,7100000,10,,720705
481,2026-09-20T09:36:56,2026-09-20T09:29:29,Chaos Core,710000,138450000,195,,720691
482,2026-09-20T09:38:07,2026-09-20T09:29:29,Chaos Core,710000,17040000,24,,720707
483,2026-09-20T09:38:17,2026-09-20T09:29:29,Chaos Core,710000,91590000,129,,720707
484,2026-09-20T09:38:29,2026-09-20T09:29:29,Chaos Core,710000,8520000,12,,720707
485,2026-09-20T09:38:52,2026-09-20T09:29:29,Chaos Core,710000,4260000,6,,720707
486,2026-09-20T09:40:39,2026-09-20T09:29:29,Chaos Core,714000,69972000,98,,720706
487,2026-09-20T09:40:50,2026-09-20T09:29:29,Chaos Core,714000,54264000,76,,720706
488,2026-09-20T09:45:12,2026-09-20T09:29:29,Force Core Set (High) X 11,190677,2097447,11,,203936
489,2026-09-20T09:45:17,2026-09-20T09:29:29,Force Core Set (High) X 42,190677,8008434,42,,203936
490,2026-09-20T09:45:22,2026-09-20T09:29:29,Force Core Set (High) X 74,190677,14110098,74,,203936
491,2026-09-20T09:46:05,2026-09-20T09:29:29,Force Core Set (High) X 10,190677,5720310,30,,203935
492,2026-09-20T09:46:13,2026-09-20T09:29:29,Force Core Set (High) X 1,190678,190678,1,,203935
493,2026-09-20T09:46:53,2026-09-20T09:29:29,Force Core Set (High) X 481,190689,91721409,481,,203935
494,2026-09-20T10:10:28,2026-09-20T10:07:19,Chaos Core,710000,71710000,101,,720715
495,2026-09-20T10:10:39,2026-09-20T10:07:19,Chaos Core,710000,47570000,67,,720715
496,2026-09-20T10:11:40,2026-09-20T10:07:19,Chaos Core,710000,66030000,93,,720714
497,2026-09-20T10:11:52,2026-09-20T10:07:19,Chaos Core,710000,33370000,47,,720714
498,2026-09-20T10:12:05,2026-09-20T10:07:19,Chaos Core,710000,32660000,46,,720714
499,2026-09-20T10:13:05,2026-09-20T10:07:19,Chaos Core,710000,33370000,47,,720713
500,2026-09-20T10:13:32,2026-09-20T10:07:19,Chaos Core,710000,60350000,85,,720713
501,2026-09-20T10:13:44,2026-09-20T10:07:19,Chaos Core,710000,31950000,45,,720713
502,2026-09-20T10:14:48,2026-09-20T10:07:19,Chaos Core,710000,10650000,15,,720712
503,2026-09-20T10:14:56,2026-09-20T10:07:19,Chaos Core,710000,12070000,17,,720712
504,2026-09-20T10:15:12,2026-09-20T10:07:19,Chaos Core,710000,710000,1,,720712
505,2026-09-20T10:15:30,2026-09-20T10:07:19,Chaos Core,710000,34790000,49,,720712
506,2026-09-20T10:15:38,2026-09-20T10:07:19,Chaos Core,710000,73840000,104,,720712
507,2026-09-20T10:16:38,2026-09-20T10:07:19,Chaos Core,710000,16330000,23,,720711
508,2026-09-20T10:17:26,2026-09-20T10:07:19,Chaos Core,710000,11360000,16,,720711
509,2026-09-20T10:18:42,2026-09-20T10:07:19,Chaos Core,710000,4970000,7,,720710
510,2026-09-20T10:19:01,2026-09-20T10:07:19,Chaos Core,710000,1420000,2,,720710
511,2026-09-20T10:19:41,2026-09-20T10:07:19,Force Core Set (High) X 7,192284,1345988,7,,203934
512,2026-09-20T10:19:47,2026-09-20T10:07:19,Force Core Set (High) X 12,192284,2307408,12,,203934
513,2026-09-20T10:19:51,2026-09-20T10:07:19,Force Core Set (High) X 28,192284,5383952,28,,203934
514,2026-09-20T10:19:56,2026-09-20T10:07:19,Force Core Set (High) X 38,192284,7306792,38,,203934
515,2026-09-20T10:20:01,2026-09-20T10:07:19,Force Core Set (High) X 91,192284,17497844,91,,203934
516,2026-09-20T10:20:34,2026-09-20T10:07:19,Upgrade Core Set (Ultimate) X 29,441371,12799759,29,,478838
517,2026-09-20T10:20:41,2026-09-20T10:07:19,Upgrade Core Set (Ultimate) X 80,467390,37391200,80,,478838
518,2026-09-20T10:20:48,2026-09-20T10:07:19,Upgrade Core Set (Ultimate) X 251,467390,117314890,251,,478838
519,2026-09-20T10:21:46,2026-09-20T10:07:19,Force Core Set (Ultimate) X 10,389700,3897000,10,,443986
520,2026-09-20T10:21:51,2026-09-20T10:07:19,Force Core Set (Ultimate) X 29,389700,11301300,29,,443986
521,2026-09-20T10:21:55,2026-09-20T10:07:19,Force Core Set (Ultimate) X 100,389700,38970000,100,,443986
522,2026-09-20T10:22:00,2026-09-20T10:07:19,Force Core Set (Ultimate) X 198,389700,77160600,198,,443986
523,2026-09-20T12:06:17,2026-09-20T11:53:19,Force Core Set (Ultimate) X 28,389285,10900000,28,,443932
524,2026-09-20T12:06:23,2026-09-20T11:53:19,Force Core Set (Ultimate) X 152,389285,59171320,152,,443932
525,2026-09-20T13:13:17,2026-09-20T13:10:18,Force Core Set (High) X 1,192283,4037943,21,,198889
526,2026-09-20T13:13:22,2026-09-20T13:10:18,Force Core Set (High) X 20,192283,3845660,20,,198889
527,2026-09-20T13:13:27,2026-09-20T13:10:18,Force Core Set (High) X 28,192283,5383924,28,,198889
528,2026-09-20T13:13:46,2026-09-20T13:10:18,Force Core Set (High) X 248,192283,47686184,248,,198889
529,2026-09-20T13:47:24,2026-09-20T13:10:18,Chaos Core,700000,83300000,119,,705553
530,2026-09-20T13:47:34,2026-09-20T13:10:18,Chaos Core,700000,40600000,58,,705553
531,2026-09-20T13:48:38,2026-09-20T13:10:18,Chaos Core,700000,55300000,79,,705552
532,2026-09-20T13:49:11,2026-09-20T13:10:18,Chaos Core,700000,700000,1,,705552
533,2026-09-20T13:49:33,2026-09-20T13:10:18,Chaos Core,716525,716525,1,,705552
534,2026-09-20T14:12:25,2026-09-20T14:08:53,Yekaterina VIP Membership,112500000,112500000,1,,
535,2026-09-20T14:13:37,2026-09-20T14:08:53,Epic Booster (Highest),46875000,187500000,4,,
536,2026-09-20T14:14:10,2026-09-20T14:08:53,Siena's Unbinding Stone,75000000,75000000,1,,
537,2026-09-20T14:18:29,2026-09-20T14:08:53,Chaos Core,710000,2840000,4,,720706
538,2026-09-20T14:18:43,2026-09-20T14:08:53,Chaos Core,716520,1433040,2,,720706
539,2026-09-20T14:26:42,2026-09-20T14:08:53,Chaos Core,714000,77826000,109,,720704
540,2026-09-20T14:26:52,2026-09-20T14:08:53,Chaos Core,714000,52122000,73,,720704
541,2026-09-20T14:27:03,2026-09-20T14:08:53,Chaos Core,714000,9282000,13,,720704
542,2026-09-20T14:28:05,2026-09-20T14:08:53,Chaos Core,713999,61403914,86,,720703
543,2026-09-20T14:28:15,2026-09-20T14:08:53,Chaos Core,713999,71399900,100,,720703
544,2026-09-20T14:29:35,2026-09-20T14:08:53,Chaos Core,713999,124235826,174,,720702
545,2026-09-20T14:32:11,2026-09-20T14:08:53,Chaos Core,714000,714000,1,,720701
546,2026-09-20T14:32:27,2026-09-20T14:08:53,Chaos Core,715000,5005000,7,,720701
547,2026-09-20T14:32:54,2026-09-20T14:08:53,Chaos Core,716520,716520,1,,720701
548,2026-09-20T14:33:47,2026-09-20T14:08:53,Force Core Set (Ultimate) X 8,389745,3117960,8,,422142
549,2026-09-20T14:33:53,2026-09-20T14:08:53,Force Core Set (Ultimate) X 10,389745,19487250,50,,422142
550,2026-09-20T14:33:59,2026-09-20T14:08:53,Force Core Set (Ultimate) X 10,389745,38974500,100,,422142
551,2026-09-20T14:34:04,2026-09-20T14:08:53,Force Core Set (Ultimate) X 19,389745,7405155,19,,422142
552,2026-09-20T14:34:09,2026-09-20T14:08:53,Force Core Set (Ultimate) X 20,389745,7794900,20,,422142
553,2026-09-20T14:40:53,2026-09-20T14:08:53,Chaos Core,710000,17750000,25,,720695
554,2026-09-20T14:41:37,2026-09-20T14:08:53,Chaos Core,710000,2840000,4,,720695
555,2026-09-20T14:41:51,2026-09-20T14:08:53,Chaos Core,714000,42126000,59,,720695
556,2026-09-20T14:42:08,2026-09-20T14:08:53,Chaos Core,714000,5712000,8,,720695
557,2026-09-20T14:43:09,2026-09-20T14:08:53,Force Core Set (Highest) X 38,208541,7924558,38,,274826
558,2026-09-20T14:43:14,2026-09-20T14:08:53,Force Core Set (Highest) X 43,208541,8967300,43,,274826
559,2026-09-20T14:43:19,2026-09-20T14:08:53,Force Core Set (Highest) X 1,208542,12303978,59,,274826
560,2026-09-20T14:43:25,2026-09-20T14:08:53,Force Core Set (Highest) X 10,208542,8341680,40,,274826
561,2026-09-20T14:54:11,2026-09-20T14:08:53,Chaos Core,700000,106400000,152,,720706
562,2026-09-20T14:54:21,2026-09-20T14:08:53,Chaos Core,700000,9100000,13,,720706
563,2026-09-20T14:55:22,2026-09-20T14:08:53,Chaos Core,700000,126000000,180,,720705
564,2026-09-20T14:57:22,2026-09-20T14:08:53,Chaos Core,700000,130200000,186,,720706
565,2026-09-20T14:58:37,2026-09-20T14:08:53,Chaos Core,715000,1430000,2,,720705
566,2026-09-20T14:58:50,2026-09-20T14:08:53,Chaos Core,715999,715999,1,,720705
567,2026-09-20T15:01:30,2026-09-20T14:08:53,Chaos Core,714444,15717768,22,,720702
568,2026-09-20T15:01:42,2026-09-20T14:08:53,Chaos Core,714000,1428000,2,,720702
569,2026-09-20T15:09:02,2026-09-20T14:08:53,Chaos Core,711000,24174000,34,,720693
570,2026-09-20T15:09:14,2026-09-20T14:08:53,Chaos Core,711000,19197000,27,,720693
571,2026-09-20T15:09:54,2026-09-20T14:08:53,Chaos Core,715999,1431998,2,,720693
572,2026-09-20T15:10:45,2026-09-20T14:08:53,Chaos Core,710099,53257425,75,,720692
573,2026-09-20T15:11:59,2026-09-20T14:08:53,Chaos Core,710099,61778613,87,,720691
574,2026-09-20T15:12:11,2026-09-20T14:08:53,Chaos Core,710099,4970693,7,,720691
575,2026-09-20T15:13:08,2026-09-20T14:08:53,Chaos Core,715999,1431998,2,,720691
576,2026-09-20T16:00:54,2026-09-20T15:48:47,Force Core Set (Ultimate) X 19,389736,7405000,19,,422125
577,2026-09-20T16:00:59,2026-09-20T15:48:47,Force Core Set (Ultimate) X 1,389745,389745,1,,422125
578,2026-09-20T16:01:05,2026-09-20T15:48:47,Force Core Set (Ultimate) X 2,389745,779490,2,,422125
579,2026-09-20T16:01:10,2026-09-20T15:48:47,Force Core Set (Ultimate) X 22,389745,8574390,22,,422125
580,2026-09-20T16:01:15,2026-09-20T15:48:47,Force Core Set (Ultimate) X 47,389745,18318015,47,,422125
581,2026-09-20T16:16:23,2026-09-20T15:48:47,Chaos Core,715999,67303906,94,,729515
582,2026-09-20T16:16:32,2026-09-20T15:48:47,Chaos Core,715999,715999,1,,729515
583,2026-09-20T16:16:51,2026-09-20T15:48:47,Chaos Core,716520,2866080,4,,729515
584,2026-09-20T16:17:10,2026-09-20T15:48:47,Chaos Core,716520,716520,1,,729515
585,2026-09-20T16:17:19,2026-09-20T15:48:47,Chaos Core,715999,65871908,92,,729515
586,2026-09-20T16:18:25,2026-09-20T15:48:47,Chaos Core,715999,100955859,141,,729515
587,2026-09-20T16:18:34,2026-09-20T15:48:47,Chaos Core,715999,19331973,27,,729515
588,2026-09-20T16:19:39,2026-09-20T15:48:47,Chaos Core,715999,47255934,66,,729513
589,2026-09-20T16:19:47,2026-09-20T15:48:47,Chaos Core,715999,75179895,105,,729513
590,2026-09-20T16:21:09,2026-09-20T15:48:47,Chaos Core,716525,2866100,4,,729510
591,2026-09-20T16:21:35,2026-09-20T15:48:47,Chaos Core,716525,2866100,4,,729510
592,2026-09-20T16:22:04,2026-09-20T15:48:47,Chaos Core,716525,2866100,4,,729510
593,2026-09-20T16:22:32,2026-09-20T15:48:47,Chaos Core,716525,716525,1,,729510
594,2026-09-20T16:23:02,2026-09-20T15:48:47,Chaos Core,716525,2866100,4,,729510
595,2026-09-20T16:23:35,2026-09-20T15:48:47,Chaos Core,716525,2866100,4,,729510
596,2026-09-20T16:26:51,2026-09-20T15:48:47,Force Core Set (Highest) X 45,230769,10384605,45,,249431
597,2026-09-20T16:26:56,2026-09-20T15:48:47,Force Core Set (Highest) X 68,230769,15692292,68,,249431
598,2026-09-20T16:27:01,2026-09-20T15:48:47,Force Core Set (Highest) X 104,230769,24000000,104,,249431
599,2026-09-20T16:27:44,2026-09-20T15:48:47,Force Core Set (Highest) X 26,233535,6071910,26,,249428
600,2026-09-20T16:27:51,2026-09-20T15:48:47,Force Core Set (Highest) X 46,240444,11060424,46,,249428
601,2026-09-20T16:27:58,2026-09-20T15:48:47,Force Core Set (Highest) X 144,240444,34623936,144,,249428
602,2026-09-20T16:33:28,2026-09-20T15:48:47,Chaos Core,716525,83833425,117,,729812
603,2026-09-20T16:33:41,2026-09-20T15:48:47,Chaos Core,716525,42991500,60,,729812
604,2026-09-20T16:34:56,2026-09-20T15:48:47,Chaos Core,716525,120376200,168,,729809
605,2026-09-20T16:36:26,2026-09-20T15:48:47,Chaos Core,716525,90282150,126,,729808
606,2026-09-20T16:36:43,2026-09-20T15:48:47,Chaos Core,716525,45141075,63,,729808
607,2026-09-20T16:41:26,2026-09-20T15:48:47,Chaos Core,716525,23645325,33,,729802
608,2026-09-20T16:41:47,2026-09-20T15:48:47,Chaos Core,716525,93864775,131,,729802
609,2026-09-20T16:42:04,2026-09-20T15:48:47,Chaos Core,716525,15763550,22,,729802
610,2026-09-20T16:43:39,2026-09-20T15:48:47,Chaos Core,716525,23645325,33,,740389
611,2026-09-20T16:43:49,2026-09-20T15:48:47,Chaos Core,716525,30810575,43,,740389
612,2026-09-20T16:44:01,2026-09-20T15:48:47,Chaos Core,716529,64487610,90,,740389
613,2026-09-20T16:44:15,2026-09-20T15:48:47,Chaos Core,716529,14330580,20,,740389
614,2026-09-20T16:45:45,2026-09-20T15:48:47,Chaos Core,716529,73085958,102,,729808
615,2026-09-20T16:46:08,2026-09-20T15:48:47,Chaos Core,716530,42275270,59,,729808
616,2026-09-20T16:46:32,2026-09-20T15:48:47,Chaos Core,716530,22212430,31,,729808
617,2026-09-20T16:49:09,2026-09-20T15:48:47,Force Core Set (Ultimate) X 1,387780,387780,1,,422114
618,2026-09-20T16:49:14,2026-09-20T15:48:47,Force Core Set (Ultimate) X 6,387780,2326680,6,,422114
619,2026-09-20T16:49:19,2026-09-20T15:48:47,Force Core Set (Ultimate) X 307,387780,119048460,307,,422114
620,2026-09-20T16:53:11,2026-09-20T15:48:47,Chaos Core,716525,67353350,94,,729801
621,2026-09-20T16:53:22,2026-09-20T15:48:47,Chaos Core,716525,40125400,56,,729801
622,2026-09-20T16:53:38,2026-09-20T15:48:47,Chaos Core,716525,15047025,21,,729801
623,2026-09-20T16:54:58,2026-09-20T15:48:47,Chaos Core,716525,66636825,93,,729800
624,2026-09-20T16:55:15,2026-09-20T15:48:47,Chaos Core,716525,58038525,81,,729800
625,2026-09-20T16:56:27,2026-09-20T15:48:47,Chaos Core,716525,35826250,50,,729798
626,2026-09-20T16:56:38,2026-09-20T15:48:47,Chaos Core,716525,84549950,118,,729798
627,2026-09-20T17:10:51,2026-09-20T15:48:47,Chaos Core,716525,139722375,195,,729781
628,2026-09-20T17:16:49,2026-09-20T15:48:47,Chaos Core,716525,81683850,114,,729805
629,2026-09-20T17:17:18,2026-09-20T15:48:47,Chaos Core,716525,53739375,75,,729805
630,2026-09-20T17:18:32,2026-09-20T15:48:47,Chaos Core,716525,39408875,55,,729805
631,2026-09-20T17:18:41,2026-09-20T15:48:47,Chaos Core,716525,80967325,113,,729805
632,2026-09-20T17:20:13,2026-09-20T15:48:47,Chaos Core,716525,20062700,28,,729803
633,2026-09-20T17:20:27,2026-09-20T15:48:47,Chaos Core,716525,23645325,33,,729803
634,2026-09-20T17:20:43,2026-09-20T15:48:47,Chaos Core,716525,36542775,51,,729803
635,2026-09-20T17:21:00,2026-09-20T15:48:47,Chaos Core,716525,55172425,77,,729803
636,2026-09-20T17:22:39,2026-09-20T15:48:47,Chaos Core,716525,63770725,89,,729801
637,2026-09-20T17:22:50,2026-09-20T15:48:47,Chaos Core,716525,73802075,103,,729801
638,2026-09-20T17:24:40,2026-09-20T15:48:47,Chaos Core,716525,122525775,171,,729798
639,2026-09-20T17:26:13,2026-09-20T15:48:47,Chaos Core,716525,106045700,148,,729796
640,2026-09-20T17:26:35,2026-09-20T15:48:47,Chaos Core,716525,33676675,47,,729796
641,2026-09-20T17:33:00,2026-09-20T15:48:47,Chaos Core,716525,32243625,45,,729794
642,2026-09-20T17:33:10,2026-09-20T15:48:47,Chaos Core,716525,105329175,147,,729794
643,2026-09-20T17:35:00,2026-09-20T15:48:47,Chaos Core,716525,73085550,102,,729789
644,2026-09-20T17:35:30,2026-09-20T15:48:47,Chaos Core,716525,53739375,75,,729789
645,2026-09-20T17:37:06,2026-09-20T15:48:47,Chaos Core,716525,124675350,174,,729788
646,2026-09-20T17:37:38,2026-09-20T15:48:47,Chaos Core,716525,8598300,12,,729788
647,2026-09-20T17:58:49,2026-09-20T15:48:47,Chaos Core,716525,139722375,195,,729749
648,2026-09-20T18:00:39,2026-09-20T15:48:47,Chaos Core,716525,135423225,189,,729746
649,2026-09-20T18:07:42,2026-09-20T15:48:47,Chaos Core,716525,108911800,152,,729741
650,2026-09-20T18:07:49,2026-09-20T15:48:47,Chaos Core,716525,22212275,31,,729741
651,2026-09-20T18:26:39,2026-09-20T18:13:34,Chaos Core,716525,105329175,147,,729711
652,2026-09-20T18:26:47,2026-09-20T18:13:34,Chaos Core,716525,12897450,18,,729711
653,2026-09-20T18:42:39,2026-09-20T18:35:35,Chaos Core,716525,30094050,42,,729723
654,2026-09-20T18:42:56,2026-09-20T18:35:35,Chaos Core,716525,35826250,50,,729723
655,2026-09-20T18:43:05,2026-09-20T18:35:35,Chaos Core,716525,73802075,103,,729723
656,2026-09-20T18:44:18,2026-09-20T18:35:35,Chaos Core,716525,133273650,186,,729720
657,2026-09-20T18:47:21,2026-09-20T18:35:35,Chaos Core,716525,106045700,148,,729716
658,2026-09-20T18:48:16,2026-09-20T18:35:35,Chaos Core,716525,1433050,2,,729716
659,2026-09-20T18:53:33,2026-09-20T18:35:35,Chaos Core,716525,131124075,183,,729709
660,2026-09-20T18:55:16,2026-09-20T18:35:35,Chaos Core,716525,37975825,53,,729707
661,2026-09-20T18:55:48,2026-09-20T18:35:35,Chaos Core,716525,20779225,29,,729707
662,2026-09-20T18:55:56,2026-09-20T18:35:35,Chaos Core,716525,5732200,8,,729707
663,2026-09-20T18:56:31,2026-09-20T18:35:35,Chaos Core,716525,55888950,78,,729707
664,2026-09-20T19:59:47,2026-09-20T18:35:35,Chaos Core,716525,68069875,95,,729593
665,2026-09-20T19:59:57,2026-09-20T18:35:35,Chaos Core,716525,69502925,97,,729593
666,2026-09-20T20:26:22,2026-09-20T18:35:35,Chaos Core,716525,12897450,18,,729555
667,2026-09-20T20:26:31,2026-09-20T18:35:35,Chaos Core,716525,30810575,43,,729555
668,2026-09-20T20:26:39,2026-09-20T18:35:35,Chaos Core,716525,89565625,125,,729555
669,2026-09-20T20:28:34,2026-09-20T18:35:35,Chaos Core,716525,27944475,39,,729551
670,2026-09-20T20:28:51,2026-09-20T18:35:35,Chaos Core,716525,35109725,49,,729551
671,2026-09-20T20:30:42,2026-09-20T18:35:35,Chaos Core,716525,59471575,83,,729551
672,2026-09-20T20:36:13,2026-09-20T18:35:35,Chaos Core,716525,92431725,129,,729541
673,2026-09-20T20:36:26,2026-09-20T18:35:35,Chaos Core,716525,34393200,48,,729541
674,2026-09-20T20:42:18,2026-09-20T18:35:35,Chaos Core,716525,101030025,141,,729535
675,2026-09-20T20:42:24,2026-09-20T18:35:35,Chaos Core,716525,716525,1,,729535
676,2026-09-20T20:42:34,2026-09-20T18:35:35,Chaos Core,716525,37975825,53,,729535
677,2026-09-20T20:52:53,2026-09-20T18:35:35,Force Core Set (High) X 1,193600,193600,1,,198963
678,2026-09-20T20:52:58,2026-09-20T18:35:35,Force Core Set (High) X 14,193600,2710400,14,,198963
679,2026-09-20T20:53:03,2026-09-20T18:35:35,Force Core Set (High) X 57,193600,11035200,57,,198963
680,2026-09-20T20:53:07,2026-09-20T18:35:35,Force Core Set (High) X 90,193600,17424000,90,,198963
681,2026-09-20T20:53:12,2026-09-20T18:35:35,Force Core Set (High) X 111,193600,21489600,111,,198963
682,2026-09-20T21:14:33,2026-09-20T18:35:35,Force Core Set (High) X 20,193600,3872000,20,,198944
683,2026-09-20T21:54:36,2026-09-20T18:35:35,Force Core Set (High) X 3,192982,578946,3,,198483
684,2026-09-20T21:54:41,2026-09-20T18:35:35,Force Core Set (High) X 19,192982,3666666,19,,198483
685,2026-09-20T22:04:58,2026-09-20T18:35:35,Chaos Core,716500,131119500,183,,729436
686,2026-09-20T22:06:11,2026-09-20T18:35:35,Chaos Core,716500,53737500,75,,729435
687,2026-09-20T22:06:19,2026-09-20T18:35:35,Chaos Core,716500,73083000,102,,729435
688,2026-09-20T22:07:32,2026-09-20T18:35:35,Chaos Core,716500,135418500,189,,729434
689,2026-09-20T22:09:06,2026-09-20T18:35:35,Chaos Core,716500,124671000,174,,729432
690,2026-09-20T22:10:28,2026-09-20T18:35:35,Chaos Core,716525,716525,1,,729430
691,2026-09-20T22:33:01,2026-09-20T22:28:42,Force Core Set (High) X 26,193600,5033600,26,,198960
692,2026-09-20T22:33:06,2026-09-20T22:28:42,Force Core Set (High) X 108,193600,20908800,108,,198960
693,2026-09-20T22:33:13,2026-09-20T22:28:42,Force Core Set (High) X 84,193609,16263156,84,,198960
694,2026-09-20T22:33:57,2026-09-20T22:28:42,Force Core Set (High) X 366,193609,70860894,366,,198959
695,2026-09-20T22:36:52,2026-09-20T22:28:42,Yekaterina VIP Membership,112499999,112499999,1,,
696,2026-09-20T22:38:49,2026-09-20T22:28:42,Chaos Core,716500,81681000,114,,729434
697,2026-09-20T22:38:57,2026-09-20T22:28:42,Chaos Core,716500,53737500,75,,729434
698,2026-09-20T22:40:40,2026-09-20T22:28:42,Chaos Core,716500,716500,1,,729412
699,2026-09-20T22:40:48,2026-09-20T22:28:42,Chaos Core,716500,42273500,59,,729412
700,2026-09-20T22:40:56,2026-09-20T22:28:42,Chaos Core,716500,716500,1,,729412
701,2026-09-20T22:41:03,2026-09-20T22:28:42,Chaos Core,716525,716525,1,,729412
702,2026-09-20T22:41:10,2026-09-20T22:28:42,Chaos Core,716529,716529,1,,729412
703,2026-09-20T22:41:18,2026-09-20T22:28:42,Chaos Core,716530,716530,1,,729412
704,2026-09-20T22:41:25,2026-09-20T22:28:42,Chaos Core,716530,716530,1,,729412
705,2026-09-20T22:41:32,2026-09-20T22:28:42,Chaos Core,716533,716533,1,,729412
706,2026-09-20T22:41:40,2026-09-20T22:28:42,Chaos Core,717638,717638,1,,729412
707,2026-09-20T22:43:04,2026-09-20T22:28:42,Chaos Core,718000,718000,1,,729412
708,2026-09-20T22:44:29,2026-09-20T22:28:42,Chaos Core,720000,720000,1,,729412
709,2026-09-20T22:44:37,2026-09-20T22:28:42,Chaos Core,720000,720000,1,,729412
710,2026-09-20T22:44:45,2026-09-20T22:28:42,Chaos Core,720000,5760000,8,,729412
711,2026-09-20T22:44:54,2026-09-20T22:28:42,Chaos Core,720000,7920000,11,,729412
712,2026-09-20T22:45:02,2026-09-20T22:28:42,Chaos Core,720000,13680000,19,,729412
713,2026-09-20T22:45:10,2026-09-20T22:28:42,Chaos Core,720000,21600000,30,,729412
714,2026-09-20T22:45:18,2026-09-20T22:28:42,Chaos Core,720000,28080000,39,,729412
715,2026-09-20T22:53:33,2026-09-20T22:28:42,Chaos Core,720000,82080000,114,,729403
716,2026-09-20T22:53:43,2026-09-20T22:28:42,Chaos Core,720000,32400000,45,,729403
717,2026-09-20T22:55:02,2026-09-20T22:28:42,Chaos Core,720000,82080000,114,,729402
718,2026-09-20T22:55:10,2026-09-20T22:28:42,Chaos Core,720000,49680000,69,,729402
719,2026-09-20T23:22:24,2026-09-20T22:28:42,Force Core Set (High) X 1,193600,12971200,67,,198947
720,2026-09-20T23:22:29,2026-09-20T22:28:42,Force Core Set (High) X 3,193600,580800,3,,198947
721,2026-09-20T23:22:35,2026-09-20T22:28:42,Force Core Set (High) X 10,193600,21296000,110,,198947
722,2026-09-20T23:29:47,2026-09-20T22:28:42,Force Core Set (High) X 4,193600,774400,4,,198947
723,2026-09-20T23:29:53,2026-09-20T22:28:42,Force Core Set (High) X 10,193600,34848000,180,,198947
724,2026-09-20T23:30:37,2026-09-20T22:28:42,Force Core Set (High) X 10,193600,34848000,180,,198946
725,2026-09-20T23:37:37,2026-09-20T22:28:42,Upgrade Core Set (Ultimate) X 1,414285,414285,1,,457989
726,2026-09-20T23:37:42,2026-09-20T22:28:42,Upgrade Core Set (Ultimate) X 34,414285,14085690,34,,457989
727,2026-09-20T23:37:48,2026-09-20T22:28:42,Upgrade Core Set (Ultimate) X 5,420000,60900000,145,,457989
728,2026-09-20T23:38:33,2026-09-20T22:28:42,Upgrade Core Set (Ultimate) X 5,420000,63000000,150,,457989
729,2026-09-20T23:38:38,2026-09-20T22:28:42,Upgrade Core Set (Ultimate) X 1,421428,421428,1,,457989
730,2026-09-20T23:38:44,2026-09-20T22:28:42,Upgrade Core Set (Ultimate) X 93,421428,39192804,93,,457989
731,2026-09-20T23:39:19,2026-09-20T22:28:42,Force Core Set (Ultimate) X 26,387001,10062026,26,,422000
732,2026-09-20T23:39:24,2026-09-20T22:28:42,Force Core Set (Ultimate) X 40,387001,15480040,40,,422000
733,2026-09-20T23:39:29,2026-09-20T22:28:42,Force Core Set (Ultimate) X 45,387001,17415045,45,,422000
734,2026-09-20T23:39:34,2026-09-20T22:28:42,Force Core Set (Ultimate) X 211,387001,81657211,211,,422000
735,2026-09-20T23:40:46,2026-09-20T22:28:42,Force Core Set (Ultimate) X 1,387002,6579034,17,,421998
736,2026-09-20T23:40:54,2026-09-20T22:28:42,Force Core Set (Ultimate) X 5,387002,54180280,140,,421998
737,2026-09-20T23:45:08,2026-09-20T22:28:42,Chaos Core,718000,25848000,36,,729373
738,2026-09-20T23:45:19,2026-09-20T22:28:42,Chaos Core,718000,101238000,141,,729373
739,2026-09-20T23:46:34,2026-09-20T22:28:42,Chaos Core,718000,63902000,89,,729372
740,2026-09-20T23:46:47,2026-09-20T22:28:42,Chaos Core,718000,1436000,2,,729372
741,2026-09-20T23:46:55,2026-09-20T22:28:42,Chaos Core,718000,74672000,104,,729372
742,2026-09-20T23:52:25,2026-09-20T22:28:42,Epic Booster (Highest),46874999,187499996,4,,
743,2026-09-20T23:53:35,2026-09-20T22:28:42,Chaos Core,717638,10764570,15,,729373
744,2026-09-20T23:53:46,2026-09-20T22:28:42,Chaos Core,717638,3588190,5,,729373
745,2026-09-20T23:53:58,2026-09-20T22:28:42,Chaos Core,718000,68928000,96,,729373
746,2026-09-20T23:54:25,2026-09-20T22:28:42,Chaos Core,717638,717638,1,,729373
747,2026-09-20T23:56:09,2026-09-20T22:28:42,Chaos Core,717638,32293710,45,,729372
748,2026-09-21T00:10:46,2026-09-20T22:28:42,Epic Booster (Highest),46874999,187499996,4,,
749,2026-09-21T00:15:37,2026-09-20T22:28:42,Chaos Core,717638,81093094,113,,729367
750,2026-09-21T00:15:48,2026-09-20T22:28:42,Chaos Core,717638,39470090,55,,729367
751,2026-09-21T00:16:58,2026-09-20T22:28:42,Chaos Core,716500,36541500,51,,729366
752,2026-09-21T00:23:12,2026-09-20T22:28:42,Chaos Core,716500,48722000,68,,729362
753,2026-09-21T00:23:23,2026-09-20T22:28:42,Chaos Core,716500,86696500,121,,729362
754,2026-09-21T00:24:30,2026-09-20T22:28:42,Chaos Core,716500,91712000,128,,729361
755,2026-09-21T00:27:34,2026-09-20T22:28:42,Chaos Core,716500,30809500,43,,729361
756,2026-09-21T00:35:09,2026-09-20T22:28:42,Chaos Core,716500,12180500,17,,729360
757,2026-09-21T00:35:23,2026-09-20T22:28:42,Chaos Core,716500,47289000,66,,729360
758,2026-09-21T00:35:38,2026-09-20T22:28:42,Chaos Core,716500,65201500,91,,729360
759,2026-09-21T00:38:55,2026-09-20T22:28:42,Chaos Core,716500,64485000,90,,729360
760,2026-09-21T00:39:03,2026-09-20T22:28:42,Chaos Core,716500,63768500,89,,729360
761,2026-09-21T00:39:21,2026-09-20T22:28:42,Chaos Core,716500,5015500,7,,729360
762,2026-09-21T00:43:32,2026-09-20T22:28:42,Chaos Core,716500,45856000,64,,729355
763,2026-09-21T00:43:45,2026-09-20T22:28:42,Chaos Core,716500,12180500,17,,729355
764,2026-09-21T00:44:02,2026-09-20T22:28:42,Chaos Core,716500,77382000,108,,729355
765,2026-09-21T00:45:37,2026-09-20T22:28:42,Chaos Core,716500,73799500,103,,729353
766,2026-09-21T00:45:55,2026-09-20T22:28:42,Chaos Core,730000,1460000,2,,729353
767,2026-09-21T00:47:09,2026-09-20T22:28:42,Chaos Core,716500,716500,1,,729350
768,2026-09-21T00:47:19,2026-09-20T22:28:42,Chaos Core,717638,81810732,114,,729350
769,2026-09-21T00:48:53,2026-09-20T22:28:42,Chaos Core,730000,1460000,2,,729350
770,2026-09-21T01:19:52,2026-09-21T01:09:25,Chaos Core,717638,47364108,66,,729303
771,2026-09-21T01:20:00,2026-09-21T01:09:25,Chaos Core,717000,68115000,95,,729303
772,2026-09-21T01:20:12,2026-09-21T01:09:25,Chaos Core,717638,5023466,7,,729303
773,2026-09-21T01:23:07,2026-09-21T01:09:25,Chaos Core,717638,124869012,174,,729321
774,2026-09-21T01:28:27,2026-09-21T01:09:25,Chaos Core,717638,81810732,114,,729317
775,2026-09-21T01:32:23,2026-09-21T01:09:25,Chaos Core,716000,124584000,174,,729313
776,2026-09-21T01:33:29,2026-09-21T01:09:25,Chaos Core,716000,84488000,118,,729315
777,2026-09-21T01:33:39,2026-09-21T01:09:25,Chaos Core,716000,17900000,25,,729315
778,2026-09-21T01:34:02,2026-09-21T01:09:25,Chaos Core,716000,716000,1,,729315
779,2026-09-21T01:37:02,2026-09-21T01:09:25,Chaos Core,716000,716000,1,,729311
780,2026-09-21T01:39:17,2026-09-21T01:09:25,Chaos Core,729999,1459998,2,,729311
781,2026-09-21T01:40:07,2026-09-21T01:09:25,Chaos Core,717000,5736000,8,,729308
782,2026-09-21T01:40:44,2026-09-21T01:09:25,Chaos Core,729999,729999,1,,729308
783,2026-09-21T01:43:35,2026-09-21T01:09:25,Chaos Core,716000,65872000,92,,729302
784,2026-09-21T01:43:46,2026-09-21T01:09:25,Chaos Core,716000,28640000,40,,729302
785,2026-09-21T01:44:00,2026-09-21T01:09:25,Chaos Core,716000,40812000,57,,729302
786,2026-09-21T01:49:42,2026-09-21T01:09:25,Chaos Core,717638,33011348,46,,729291
787,2026-09-21T01:49:53,2026-09-21T01:09:25,Chaos Core,717638,100469320,140,,729291
788,2026-09-21T01:51:49,2026-09-21T01:09:25,Yekaterina VIP Membership,112499997,112499997,1,,
789,2026-09-21T02:04:07,2026-09-21T01:09:25,Chaos Core,717638,132763030,185,,729260
790,2026-09-21T02:04:19,2026-09-21T01:09:25,Chaos Core,717638,5023466,7,,729260
791,2026-09-21T02:15:57,2026-09-21T01:09:25,Chaos Core,717638,35164262,49,,729238
792,2026-09-21T02:17:26,2026-09-21T01:09:25,Chaos Core,717000,68832000,96,,729238
793,2026-09-21T02:18:09,2026-09-21T01:09:25,Chaos Core,728999,1457998,2,,729238
794,2026-09-21T02:27:49,2026-09-21T01:09:25,Epic Booster (Highest),46874998,187499992,4,,
795,2026-09-21T02:33:11,2026-09-21T01:09:25,Chaos Core,720000,127440000,177,,729214
796,2026-09-21T02:34:15,2026-09-21T01:09:25,Chaos Core,720000,12240000,17,,729213
797,2026-09-21T02:34:26,2026-09-21T01:09:25,Chaos Core,720000,46080000,64,,729213
798,2026-09-21T02:34:39,2026-09-21T01:09:25,Chaos Core,720000,77760000,108,,729213
799,2026-09-21T02:38:09,2026-09-21T01:09:25,Epic Booster (Highest),46874987,187499948,4,,
800,2026-09-21T02:42:18,2026-09-21T01:09:25,Chaos Core,719999,77759892,108,,729211
801,2026-09-21T02:42:29,2026-09-21T01:09:25,Chaos Core,719999,53999925,75,,729211
802,2026-09-21T02:47:18,2026-09-21T01:09:25,Epic Booster (Highest),46874998,187499992,4,,
803,2026-09-21T02:51:51,2026-09-21T01:09:25,Chaos Core,719999,719999,1,,729202
804,2026-09-21T02:52:03,2026-09-21T01:09:25,Chaos Core,719999,37439948,52,,729202
805,2026-09-21T02:52:20,2026-09-21T01:09:25,Chaos Core,720000,1440000,2,,729202
806,2026-09-21T02:52:50,2026-09-21T01:09:25,Chaos Core,728999,1457998,2,,729202
807,2026-09-21T03:15:46,2026-09-21T01:09:25,Epic Booster (Highest),46874987,187499948,4,,
808,2026-09-21T03:25:20,2026-09-21T01:09:25,Chaos Core,720000,61200000,85,,729156
809,2026-09-21T03:25:34,2026-09-21T01:09:25,Chaos Core,720000,71280000,99,,729156
810,2026-09-21T03:25:57,2026-09-21T01:09:25,Chaos Core,728999,1457998,2,,729156
811,2026-09-21T03:34:36,2026-09-21T01:09:25,Chaos Core,720000,136080000,189,,729146
812,2026-09-21T03:35:39,2026-09-21T01:09:25,Chaos Core,720000,61200000,85,,729146
813,2026-09-21T03:35:47,2026-09-21T01:09:25,Chaos Core,720000,61920000,86,,729146
814,2026-09-21T03:36:52,2026-09-21T01:09:25,Chaos Core,720000,131760000,183,,729144
815,2026-09-21T03:38:04,2026-09-21T01:09:25,Chaos Core,720000,19440000,27,,729142
816,2026-09-21T03:38:20,2026-09-21T01:09:25,Chaos Core,720000,2880000,4,,729142
817,2026-09-21T03:38:37,2026-09-21T01:09:25,Chaos Core,720000,105120000,146,,729142
818,2026-09-21T03:40:02,2026-09-21T01:09:25,Chaos Core,720000,56880000,79,,729140
819,2026-09-21T03:40:13,2026-09-21T01:09:25,Chaos Core,720000,64080000,89,,729140
820,2026-09-21T03:40:25,2026-09-21T01:09:25,Chaos Core,720000,19440000,27,,729140
821,2026-09-21T03:55:54,2026-09-21T01:09:25,Force Core Set (Highest) X 10,212034,38166120,180,,220651
822,2026-09-21T03:56:39,2026-09-21T01:09:25,Force Core Set (Highest) X 98,212034,20779332,98,,220651
823,2026-09-21T03:56:44,2026-09-21T01:09:25,Force Core Set (Highest) X 106,212034,22475604,106,,220651
824,2026-09-21T04:03:46,2026-09-21T01:09:25,Force Core Set (Highest) X 21,212499,4462479,21,,220638
825,2026-09-21T04:03:52,2026-09-21T01:09:25,Force Core Set (Highest) X 24,212499,5099999,24,,220638
826,2026-09-21T04:03:57,2026-09-21T01:09:25,Force Core Set (Highest) X 30,212499,6374970,30,,220638
827,2026-09-21T04:04:02,2026-09-21T01:09:25,Force Core Set (Highest) X 277,212499,58862223,277,,220638
828,2026-09-21T04:31:24,2026-09-21T01:09:25,Chaos Core,724000,41992000,58,,729045
829,2026-09-21T04:31:37,2026-09-21T01:09:25,Chaos Core,724000,82536000,114,,729045
830,2026-09-21T04:31:50,2026-09-21T01:09:25,Chaos Core,724000,12308000,17,,729045
831,2026-09-21T04:33:00,2026-09-21T01:09:25,Chaos Core,724000,70228000,97,,729041
832,2026-09-21T04:34:33,2026-09-21T01:09:25,Chaos Core,724000,57920000,80,,729041
833,2026-09-21T04:41:49,2026-09-21T01:09:25,Chaos Core,724000,10860000,15,,729028
834,2026-09-21T04:41:57,2026-09-21T01:09:25,Chaos Core,724000,34028000,47,,729028
835,2026-09-21T04:42:34,2026-09-21T01:09:25,Chaos Core,725000,725000,1,,729028
836,2026-09-21T04:55:09,2026-09-21T01:09:25,Chaos Core,724000,132492000,183,,729001
837,2026-09-21T05:26:32,2026-09-21T01:09:25,Chaos Core,722333,68621635,95,,728981
838,2026-09-21T05:28:14,2026-09-21T01:09:25,Chaos Core,722333,54897308,76,,728981
839,2026-09-21T05:29:21,2026-09-21T01:09:25,Chaos Core,722333,130742273,181,,728987
840,2026-09-21T05:29:29,2026-09-21T01:09:25,Chaos Core,722333,722333,1,,728987
841,2026-09-21T05:29:49,2026-09-21T01:09:25,Chaos Core,722333,5056331,7,,728987
842,2026-09-21T06:04:10,2026-09-21T01:09:25,Epic Booster (Highest),46874998,187499992,4,,
843,2026-09-21T06:34:42,2026-09-21T01:09:25,Chaos Core,720000,53280000,74,,728985
844,2026-09-21T06:34:53,2026-09-21T01:09:25,Chaos Core,720000,76320000,106,,728985
845,2026-09-21T06:36:00,2026-09-21T01:09:25,Chaos Core,720000,102960000,143,,728985
846,2026-09-21T06:36:12,2026-09-21T01:09:25,Chaos Core,720000,28800000,40,,728985
847,2026-09-21T06:37:24,2026-09-21T01:09:25,Chaos Core,720000,123120000,171,,728983
848,2026-09-21T06:38:36,2026-09-21T01:09:25,Chaos Core,720000,27360000,38,,728983
849,2026-09-21T06:38:53,2026-09-21T01:09:25,Chaos Core,720000,110880000,154,,728983
850,2026-09-21T06:40:05,2026-09-21T01:09:25,Chaos Core,720000,41760000,58,,728981
851,2026-09-21T06:40:22,2026-09-21T01:09:25,Chaos Core,720000,21600000,30,,728981
852,2026-09-21T06:40:41,2026-09-21T01:09:25,Chaos Core,723300,74499900,103,,728981
853,2026-09-21T06:41:15,2026-09-21T01:09:25,Chaos Core,724000,724000,1,,728981
854,2026-09-21T06:42:19,2026-09-21T01:09:25,Chaos Core,720000,33840000,47,,728981
855,2026-09-21T06:42:29,2026-09-21T01:09:25,Chaos Core,720000,18000000,25,,728981
856,2026-09-21T07:03:36,2026-09-21T01:09:25,Yekaterina VIP Membership,111599999,111599999,1,,
857,2026-09-21T07:08:09,2026-09-21T01:09:25,Chaos Core,717638,71046162,99,,728961
858,2026-09-21T07:08:19,2026-09-21T01:09:25,Chaos Core,717638,31576072,44,,728961
859,2026-09-21T07:08:32,2026-09-21T01:09:25,Chaos Core,717638,15788036,22,,728961
860,2026-09-21T07:08:46,2026-09-21T01:09:25,Chaos Core,720000,6480000,9,,728961
861,2026-09-21T07:10:12,2026-09-21T01:09:25,Chaos Core,720000,81360000,113,,728962
862,2026-09-21T07:10:26,2026-09-21T01:09:25,Chaos Core,720000,43920000,61,,728962
863,2026-09-21T07:11:53,2026-09-21T01:09:25,Chaos Core,720000,127440000,177,,728962
864,2026-09-21T07:17:34,2026-09-21T01:09:25,Chaos Core,717638,127021926,177,,728962
865,2026-09-21T07:18:53,2026-09-21T01:09:25,Chaos Core,717638,63869782,89,,728960
866,2026-09-21T07:19:03,2026-09-21T01:09:25,Chaos Core,717638,58846316,82,,728960
867,2026-09-21T07:20:40,2026-09-21T01:09:25,Chaos Core,717638,139939410,195,,728958
868,2026-09-21T07:21:59,2026-09-21T01:09:25,Chaos Core,717630,56692770,79,,728958
869,2026-09-21T07:23:28,2026-09-21T01:09:25,Chaos Core,717630,66739590,93,,728958
870,2026-09-21T07:23:36,2026-09-21T01:09:25,Chaos Core,717630,16505490,23,,728958
871,2026-09-21T07:24:48,2026-09-21T01:09:25,Force Core Set (High) X 1,188888,4155536,22,,197000
872,2026-09-21T07:24:54,2026-09-21T01:09:25,Force Core Set (High) X 9,188888,1700000,9,,197000
873,2026-09-21T07:24:58,2026-09-21T01:09:25,Force Core Set (High) X 40,188888,7555520,40,,197000
874,2026-09-21T07:25:43,2026-09-21T01:09:25,Force Core Set (High) X 120,186485,22378319,120,,197000
875,2026-09-21T07:25:48,2026-09-21T01:09:25,Force Core Set (High) X 37,186486,6900000,37,,197000
876,2026-09-21T07:30:23,2026-09-21T01:09:25,Chaos Core,717630,60280920,84,,728956
877,2026-09-21T07:30:33,2026-09-21T01:09:25,Chaos Core,717630,40187280,56,,728956
878,2026-09-21T07:30:44,2026-09-21T01:09:25,Chaos Core,717630,22246530,31,,728956
879,2026-09-21T07:32:19,2026-09-21T01:09:25,Chaos Core,717630,13634970,19,,728953
880,2026-09-21T07:32:27,2026-09-21T01:09:25,Chaos Core,717630,43057800,60,,728953
881,2026-09-21T07:32:42,2026-09-21T01:09:25,Chaos Core,717630,34446240,48,,728953
882,2026-09-21T07:33:00,2026-09-21T01:09:25,Chaos Core,717630,31575720,44,,728953
883,2026-09-21T07:35:59,2026-09-21T01:09:25,Force Core Set (High) X 49,188888,9255512,49,,196996
884,2026-09-21T07:36:04,2026-09-21T01:09:25,Force Core Set (High) X 169,188888,31922072,169,,196996
885,2026-09-21T07:55:08,2026-09-21T01:09:25,Upgrade Core Set (Ultimate) X 24,440434,10570436,24,,456896
886,2026-09-21T07:55:13,2026-09-21T01:09:25,Upgrade Core Set (Ultimate) X 416,440434,183220544,416,,456896
887,2026-09-21T07:56:15,2026-09-21T01:09:25,Force Core Set (Ultimate) X 5,387002,1935010,5,,409897
888,2026-09-21T07:56:20,2026-09-21T01:09:25,Force Core Set (Ultimate) X 23,387002,8901059,23,,409897
889,2026-09-21T07:56:25,2026-09-21T01:09:25,Force Core Set (Ultimate) X 137,387002,53019274,137,,409897
890,2026-09-21T07:56:31,2026-09-21T01:09:25,Force Core Set (Ultimate) X 263,387002,101781526,263,,409897
891,2026-09-21T07:57:37,2026-09-21T01:09:25,Force Core Set (Ultimate) X 3,387003,1161009,3,,409895
892,2026-09-21T07:57:42,2026-09-21T01:09:25,Force Core Set (Ultimate) X 13,387003,5031039,13,,409895
893,2026-09-21T07:57:48,2026-09-21T01:09:25,Force Core Set (Ultimate) X 29,387003,11223087,29,,409895
894,2026-09-21T07:58:08,2026-09-21T01:09:25,Force Core Set (Ultimate) X 30,387003,11610090,30,,409895
895,2026-09-21T07:58:14,2026-09-21T01:09:25,Force Core Set (Ultimate) X 100,387003,77400600,200,,409895
896,2026-09-21T08:02:37,2026-09-21T01:09:25,Chaos Core,717630,64586700,90,,728927
897,2026-09-21T08:02:47,2026-09-21T01:09:25,Chaos Core,717630,53822250,75,,728927
898,2026-09-21T08:13:36,2026-09-21T01:09:25,Yekaterina VIP Membership,112499997,112499997,1,,
899,2026-09-21T08:19:19,2026-09-21T01:09:25,Force Core Set (High) X 22,181817,3999990,22,,197000
900,2026-09-21T08:20:43,2026-09-21T01:09:25,Yekaterina VIP Membership,112499997,112499997,1,,
901,2026-09-21T08:34:03,2026-09-21T01:09:25,Force Core Set (High) X 26,193607,5033782,26,,200000
902,2026-09-21T08:34:08,2026-09-21T01:09:25,Force Core Set (High) X 88,193607,17037416,88,,200000
903,2026-09-21T08:34:13,2026-09-21T01:09:25,Force Core Set (High) X 121,193607,23426500,121,,200000
904,2026-09-21T08:34:56,2026-09-21T01:09:25,Force Core Set (High) X 1,193608,17811936,92,,200000
905,2026-09-21T08:35:02,2026-09-21T01:09:25,Force Core Set (High) X 5,193608,17424720,90,,200000
906,2026-09-21T08:35:45,2026-09-21T01:09:25,Force Core Set (High) X 10,193600,7744000,40,,199999
907,2026-09-21T08:35:51,2026-09-21T01:09:25,Force Core Set (High) X 5,193608,27105120,140,,199999
908,2026-09-21T08:55:15,2026-09-21T01:09:25,Force Core Set (High) X 2,193608,387216,2,,199988
909,2026-09-21T08:55:20,2026-09-21T01:09:25,Force Core Set (High) X 5,193608,968040,5,,199988
910,2026-09-21T08:55:25,2026-09-21T01:09:25,Force Core Set (High) X 6,193608,1161648,6,,199988
911,2026-09-21T08:55:30,2026-09-21T01:09:25,Force Core Set (High) X 7,193608,1355256,7,,199988
912,2026-09-21T08:55:35,2026-09-21T01:09:25,Force Core Set (High) X 17,193608,3291352,17,,199988
913,2026-09-21T09:02:32,2026-09-21T01:09:25,Force Core Set (High) X 1,193608,9874008,51,,199989
914,2026-09-21T09:02:39,2026-09-21T01:09:25,Force Core Set (High) X 50,193608,29041200,150,,199989
915,2026-09-21T09:03:22,2026-09-21T01:09:25,Force Core Set (High) X 50,193608,19360800,100,,199988
916,2026-09-21T09:03:27,2026-09-21T01:09:25,Force Core Set (High) X 91,193608,17618328,91,,199988
917,2026-09-21T09:23:13,2026-09-21T01:09:25,Force Core Set (High) X 10,193600,30976000,160,,199979
918,2026-09-21T09:23:18,2026-09-21T01:09:25,Force Core Set (High) X 1,193608,193608,1,,199979
919,2026-09-21T09:23:23,2026-09-21T01:09:25,Force Core Set (High) X 12,193608,2323296,12,,199979
920,2026-09-21T09:23:28,2026-09-21T01:09:25,Force Core Set (High) X 278,193608,53823024,278,,199979
921,2026-09-21T09:38:58,2026-09-21T09:35:23,Chaos Core,717000,717000,1,,
922,2026-09-21T09:44:49,2026-09-21T09:35:23,Chaos Core,717000,717000,1,,
923,2026-09-21T09:51:35,2026-09-21T09:35:23,Chaos Core,712000,712000,1,,
924,2026-09-21T09:52:37,2026-09-21T09:35:23,Upgrade Core Set (Ultimate) X 129,440440,56816760,129,,456849
925,2026-09-21T10:15:04,2026-09-21T10:04:46,Upgrade Core Set (Ultimate) X 39,440256,17170000,39,,456848
926,2026-09-21T10:16:03,2026-09-21T10:04:46,Force Core Set (Ultimate) X 15,379333,5690000,15,,399997
927,2026-09-21T10:16:08,2026-09-21T10:04:46,Force Core Set (Ultimate) X 2,379999,759998,2,,399997
928,2026-09-21T10:16:14,2026-09-21T10:04:46,Force Core Set (Ultimate) X 10,379999,64599830,170,,399997
929,2026-09-21T10:19:31,2026-09-21T10:04:46,Chaos Core,712000,138840000,195,,720317
930,2026-09-21T10:31:43,2026-09-21T10:27:52,Upgrade Core Set (Ultimate) X 30,440333,13210000,30,,456843
931,2026-09-21T10:31:50,2026-09-21T10:27:52,Upgrade Core Set (Ultimate) X 1,440440,40080040,91,,456843
932,2026-09-21T10:31:55,2026-09-21T10:27:52,Upgrade Core Set (Ultimate) X 1,440440,440440,1,,456843
933,2026-09-21T10:32:00,2026-09-21T10:27:52,Upgrade Core Set (Ultimate) X 19,440440,8368360,19,,456843
934,2026-09-21T10:32:05,2026-09-21T10:27:52,Upgrade Core Set (Ultimate) X 41,440440,18058040,41,,456843
935,2026-09-21T10:33:51,2026-09-21T10:27:52,Siena's Unbinding Stone,74799999,74799999,1,,
936,2026-09-21T10:51:35,2026-09-21T10:27:52,Force Core Set (Ultimate) X 1,379999,379999,1,,399987
937,2026-09-21T10:51:40,2026-09-21T10:27:52,Force Core Set (Ultimate) X 7,379999,2659993,7,,399987
938,2026-09-21T10:51:46,2026-09-21T10:27:52,Force Core Set (Ultimate) X 10,379999,68399820,180,,399987
939,2026-09-21T10:52:28,2026-09-21T10:27:52,Force Core Set (Ultimate) X 10,379999,68399820,180,,399987
940,2026-09-21T11:44:07,2026-09-21T11:37:33,Chaos Core,717630,717630,1,,
941,2026-09-21T11:47:01,2026-09-21T11:37:33,Chaos Core,712000,126024000,177,,720172
942,2026-09-21T11:48:32,2026-09-21T11:37:33,Chaos Core,712000,123888000,174,,720168
943,2026-09-21T11:57:43,2026-09-21T11:37:33,Chaos Core,712000,712000,1,,
944,2026-09-21T12:02:28,2026-09-21T11:37:33,Yekaterina VIP Membership,112199999,112199999,1,,
945,2026-09-21T12:06:38,2026-09-21T11:37:33,Chaos Core,707000,1414000,2,,720125
946,2026-09-21T12:06:52,2026-09-21T11:37:33,Chaos Core,707000,1414000,2,,720125
947,2026-09-21T12:07:14,2026-09-21T11:37:33,Chaos Core,712000,3560000,5,,720125
948,2026-09-21T12:07:35,2026-09-21T11:37:33,Chaos Core,712000,1424000,2,,720125
949,2026-09-21T12:07:58,2026-09-21T11:37:33,Chaos Core,712000,2848000,4,,720125
950,2026-09-21T12:10:58,2026-09-21T11:37:33,Chaos Core,702000,113022000,161,,720123
951,2026-09-21T12:11:06,2026-09-21T11:37:33,Chaos Core,702000,21762000,31,,720123
952,2026-09-21T12:13:28,2026-09-21T11:37:33,Chaos Core,702000,26676000,38,,720123
953,2026-09-21T12:13:42,2026-09-21T11:37:33,Chaos Core,702000,74412000,106,,720123
954,2026-09-21T12:15:26,2026-09-21T11:37:33,Chaos Core,702000,128466000,183,,720121
955,2026-09-21T12:16:31,2026-09-21T11:37:33,Chaos Core,702000,91962000,131,,720120
956,2026-09-21T12:16:39,2026-09-21T11:37:33,Chaos Core,702000,36504000,52,,720120
957,2026-09-21T12:18:19,2026-09-21T11:37:33,Chaos Core,717000,717000,1,,
958,2026-09-21T12:20:26,2026-09-21T11:37:33,Chaos Core,712000,2848000,4,,720116
959,2026-09-21T12:20:37,2026-09-21T11:37:33,Chaos Core,712000,13528000,19,,720116
960,2026-09-21T12:21:00,2026-09-21T11:37:33,Chaos Core,717000,717000,1,,720116
961,2026-09-21T12:23:30,2026-09-21T11:37:33,Chaos Core,712000,27768000,39,,720114
962,2026-09-21T12:37:04,2026-09-21T11:37:33,Chaos Core,717630,717630,1,,
963,2026-09-21T12:41:59,2026-09-21T11:37:33,Chaos Core,712630,128273400,180,,720094
964,2026-09-21T12:43:06,2026-09-21T11:37:33,Chaos Core,712630,2850520,4,,720092
965,2026-09-21T12:43:31,2026-09-21T11:37:33,Chaos Core,717630,1435260,2,,720092
966,2026-09-21T12:51:54,2026-09-21T11:37:33,Chaos Core,717630,717630,1,,
967,2026-09-21T13:03:53,2026-09-21T11:37:33,Chaos Core,717630,717630,1,,
968,2026-09-21T13:12:14,2026-09-21T11:37:33,Chaos Core,712630,1425260,2,,720025
969,2026-09-21T13:12:27,2026-09-21T11:37:33,Chaos Core,712630,34918870,49,,720025
970,2026-09-21T13:27:35,2026-09-21T13:23:17,Force Core Set (High) X 100,193600,19360000,100,,203932
971,2026-09-21T13:27:59,2026-09-21T13:23:17,Force Core Set (High) X 49,193608,9486840,49,,203932
972,2026-09-21T13:28:44,2026-09-21T13:23:17,Force Core Set (High) X 220,193608,42593760,220,,203929
973,2026-09-21T13:31:14,2026-09-21T13:23:17,Chaos Core,719995,719995,1,,
974,2026-09-21T13:33:11,2026-09-21T13:23:17,Chaos Core,714995,100099300,140,,720076
975,2026-09-21T13:33:26,2026-09-21T13:23:17,Chaos Core,719995,719995,1,,720076
976,2026-09-21T13:37:13,2026-09-21T13:23:17,Force Core Set (High) X 10,187134,1871340,10,,203913
977,2026-09-21T13:37:19,2026-09-21T13:23:17,Force Core Set (High) X 20,187134,3742680,20,,203913
978,2026-09-21T13:37:24,2026-09-21T13:23:17,Force Core Set (High) X 42,187134,7859628,42,,203913
979,2026-09-21T13:37:29,2026-09-21T13:23:17,Force Core Set (High) X 220,187134,41169480,220,,203913
980,2026-09-21T13:39:47,2026-09-21T13:23:17,Chaos Core,719995,719995,1,,
981,2026-09-21T13:41:42,2026-09-21T13:23:17,Chaos Core,715000,33605000,47,,720073
982,2026-09-21T13:42:13,2026-09-21T13:23:17,Chaos Core,720000,720000,1,,720073
983,2026-09-21T13:46:16,2026-09-21T13:23:17,Siena's Unbinding Stone,74799999,74799999,1,,
984,2026-09-21T13:47:07,2026-09-21T13:23:17,Chaos Core,729000,729000,1,,
985,2026-09-21T13:52:43,2026-09-21T13:23:17,Chaos Core,729000,729000,1,,
986,2026-09-21T13:58:12,2026-09-21T13:23:17,Chaos Core,729000,729000,1,,
987,2026-09-21T14:07:26,2026-09-21T13:23:17,Yekaterina VIP Membership,112199999,112199999,1,,
988,2026-09-21T14:08:47,2026-09-21T13:23:17,Chaos Core,716000,716000,1,,
989,2026-09-21T14:12:37,2026-09-21T13:23:17,Force Core Set (Ultimate) X 1,368785,737570,2,,399824
990,2026-09-21T14:12:42,2026-09-21T13:23:17,Force Core Set (Ultimate) X 49,368785,18070465,49,,399824
991,2026-09-21T14:12:47,2026-09-21T13:23:17,Force Core Set (Ultimate) X 64,368785,23602240,64,,399824
992,2026-09-21T14:12:52,2026-09-21T13:23:17,Force Core Set (Ultimate) X 320,368785,118011200,320,,399824
993,2026-09-21T14:14:57,2026-09-21T13:23:17,Yekaterina VIP Membership,109500000,109500000,1,,
994,2026-09-21T14:16:17,2026-09-21T13:23:17,Chaos Core,715000,715000,1,,
995,2026-09-21T14:20:08,2026-09-21T13:23:17,Chaos Core,710000,95140000,134,,720067
996,2026-09-21T14:20:18,2026-09-21T13:23:17,Chaos Core,710000,34790000,49,,720067
997,2026-09-21T14:21:24,2026-09-21T13:23:17,Chaos Core,710000,29110000,41,,720067
998,2026-09-21T14:21:43,2026-09-21T13:23:17,Chaos Core,716000,716000,1,,720067
999,2026-09-21T14:24:12,2026-09-21T13:23:17,Chaos Core,716000,716000,1,,
1000,2026-09-21T14:28:34,2026-09-21T13:23:17,Chaos Core,710000,63900000,90,,720058
1001,2026-09-21T14:28:43,2026-09-21T13:23:17,Chaos Core,710000,63900000,90,,720058
1002,2026-09-21T14:29:47,2026-09-21T13:23:17,Chaos Core,710000,80230000,113,,720058
1003,2026-09-21T14:30:00,2026-09-21T13:23:17,Chaos Core,710000,51830000,73,,720058
1004,2026-09-21T14:31:09,2026-09-21T13:23:17,Chaos Core,710000,29110000,41,,720056
1005,2026-09-21T14:31:23,2026-09-21T13:23:17,Chaos Core,710000,80940000,114,,720056
1006,2026-09-21T14:31:39,2026-09-21T13:23:17,Chaos Core,710000,19880000,28,,720056
1007,2026-09-21T14:32:43,2026-09-21T13:23:17,Chaos Core,710000,12070000,17,,720055
1008,2026-09-21T14:33:00,2026-09-21T13:23:17,Chaos Core,710000,12070000,17,,720055
1009,2026-09-21T14:33:39,2026-09-21T13:23:17,Chaos Core,716000,1432000,2,,720055
1010,2026-09-21T14:45:03,2026-09-21T13:23:17,Chaos Core,715000,126555000,177,,720049
1011,2026-09-21T14:47:10,2026-09-21T13:23:17,Chaos Core,715000,21450000,30,,720046
1012,2026-09-21T14:50:10,2026-09-21T13:23:17,Force Core Set (High) X 16,186686,2986976,16,,203834
1013,2026-09-21T14:50:15,2026-09-21T13:23:17,Force Core Set (High) X 42,186686,7840812,42,,203834
1014,2026-09-21T14:50:20,2026-09-21T13:23:17,Force Core Set (High) X 85,186686,15868310,85,,203834
1015,2026-09-21T14:50:25,2026-09-21T13:23:17,Force Core Set (High) X 103,186686,19228658,103,,203834
1016,2026-09-21T14:51:07,2026-09-21T13:23:17,Force Core Set (High) X 124,186686,23149064,124,,203832
1017,2026-09-21T14:51:17,2026-09-21T13:23:17,Force Core Set (High) X 10,187134,11228040,60,,203832
1018,2026-09-21T14:53:08,2026-09-21T13:23:17,Chaos Core,717638,717638,1,,
1019,2026-09-21T14:59:38,2026-09-21T13:23:17,Chaos Core,722000,722000,1,,
1020,2026-09-21T15:04:52,2026-09-21T13:23:17,Force Core Set (High) X 6,186686,1120116,6,,203821
1021,2026-09-21T15:04:57,2026-09-21T13:23:17,Force Core Set (High) X 24,186686,4480464,24,,203821
1022,2026-09-21T15:05:02,2026-09-21T13:23:17,Force Core Set (High) X 152,186686,28376272,152,,203821
1023,2026-09-21T15:06:07,2026-09-21T13:23:17,Yekaterina VIP Membership,112199999,112199999,1,,
1024,2026-09-21T15:07:34,2026-09-21T13:23:17,Chaos Core,720000,720000,1,,
1025,2026-09-21T15:14:31,2026-09-21T13:23:17,Epic Booster (Highest),46749999,186999996,4,,
1026,2026-09-21T15:15:43,2026-09-21T13:23:17,Chaos Core,719000,719000,1,,
1027,2026-09-21T15:20:54,2026-09-21T13:23:17,Chaos Core,713000,713000,1,,
1028,2026-09-21T15:23:34,2026-09-21T13:23:17,Chaos Core,712000,34176000,48,,720019
1029,2026-09-21T15:23:46,2026-09-21T13:23:17,Chaos Core,713000,75578000,106,,720019
1030,2026-09-21T15:24:08,2026-09-21T13:23:17,Chaos Core,717638,1435276,2,,720019
1031,2026-09-21T15:25:13,2026-09-21T13:23:17,Chaos Core,712000,130296000,183,,720018
1032,2026-09-21T15:26:20,2026-09-21T13:23:17,Chaos Core,712000,7120000,10,,720017
1033,2026-09-21T15:26:45,2026-09-21T13:23:17,Chaos Core,717638,1435276,2,,720017
1034,2026-09-21T15:36:24,2026-09-21T13:23:17,Chaos Core,710000,710000,1,,
1035,2026-09-21T15:46:00,2026-09-21T15:42:28,Chaos Core,708061,708061,1,,
1036,2026-09-21T15:47:15,2026-09-21T15:42:28,Yekaterina VIP Membership,110999999,110999999,1,,
1037,2026-09-21T15:48:59,2026-09-21T15:42:28,Chaos Core,707647,707647,1,,
1038,2026-09-21T15:53:27,2026-09-21T15:42:28,Chaos Core,704948,704948,1,,
1039,2026-09-21T15:56:19,2026-09-21T15:42:28,Chaos Core,707647,707647,1,,
1040,2026-09-21T16:01:02,2026-09-21T15:42:28,Chaos Core,703233,703233,1,,
1041,2026-09-21T16:12:22,2026-09-21T16:07:07,Chaos Core,714423,714423,1,,
1042,2026-09-21T16:15:24,2026-09-21T16:07:07,Chaos Core,711000,95985000,135,,719957
1043,2026-09-21T16:17:56,2026-09-21T16:07:07,Chaos Core,714360,714360,1,,
1044,2026-09-21T16:19:41,2026-09-21T16:07:07,Chaos Core,711563,6404067,9,,719952
1045,2026-09-21T16:21:57,2026-09-21T16:07:07,Chaos Core,708980,708980,1,,
1046,2026-09-21T16:26:55,2026-09-21T16:07:07,Chaos Core,718396,718396,1,,
1047,2026-09-21T16:28:56,2026-09-21T16:07:07,Force Core Set (Highest) X 22,210210,4624620,22,,216894
1048,2026-09-21T16:30:59,2026-09-21T16:07:07,Chaos Core,716056,716056,1,,
1049,2026-09-21T16:41:05,2026-09-21T16:36:39,Upgrade Core Set (Ultimate) X 8,440438,3523504,8,,449881
1050,2026-09-21T16:41:16,2026-09-21T16:36:39,Upgrade Core Set (Ultimate) X 23,442901,10186723,23,,449881
1051,2026-09-21T16:43:00,2026-09-21T16:36:39,Chaos Core,715095,715095,1,,
1052,2026-09-21T16:45:55,2026-09-21T16:36:39,Chaos Core,708657,708657,1,,
1053,2026-09-21T16:58:41,2026-09-21T16:36:39,Chaos Core,715000,715000,1,,
1054,2026-09-21T17:10:02,2026-09-21T17:01:24,Chaos Core,682365,62095215,91,,709920
1055,2026-09-21T17:10:44,2026-09-21T17:01:24,Chaos Core,715000,1430000,2,,709920
1056,2026-09-21T17:12:05,2026-09-21T17:01:24,Upgrade Core Set (Ultimate) X 71,440436,31271000,71,,449848
1057,2026-09-21T17:12:09,2026-09-21T17:01:24,Upgrade Core Set (Ultimate) X 131,440436,57697116,131,,449848
1058,2026-09-21T17:14:02,2026-09-21T17:01:24,Chaos Core,715000,715000,1,,
1059,2026-09-21T17:20:03,2026-09-21T17:01:24,Chaos Core,715000,715000,1,,
1060,2026-09-21T17:22:47,2026-09-21T17:01:24,Chaos Core,715000,715000,1,,
1061,2026-09-21T17:25:15,2026-09-21T17:01:24,Chaos Core,710867,32699882,46,,719925
1062,2026-09-21T17:25:24,2026-09-21T17:01:24,Chaos Core,709999,53249925,75,,719925
1063,2026-09-21T17:25:54,2026-09-21T17:01:24,Chaos Core,715000,1430000,2,,719925
1064,2026-09-21T17:27:06,2026-09-21T17:01:24,Chaos Core,714000,82824000,116,,719926
1065,2026-09-21T17:27:34,2026-09-21T17:01:24,Chaos Core,715000,715000,1,,719926
1066,2026-09-21T17:30:00,2026-09-21T17:01:24,Chaos Core,715000,715000,1,,
1067,2026-09-21T17:34:28,2026-09-21T17:01:24,Force Core Set (High) X 1,184999,184999,1,,202490
1068,2026-09-21T17:34:33,2026-09-21T17:01:24,Force Core Set (High) X 1,184999,184999,1,,202490
1069,2026-09-21T17:34:40,2026-09-21T17:01:24,Force Core Set (High) X 10,189999,34199982,180,,202490
1070,2026-09-21T17:35:23,2026-09-21T17:01:24,Force Core Set (High) X 10,189999,28499985,150,,202487
1071,2026-09-21T17:35:30,2026-09-21T17:01:24,Force Core Set (High) X 10,193361,5800830,30,,202487
1072,2026-09-21T17:36:14,2026-09-21T17:01:24,Force Core Set (High) X 10,193361,3867220,20,,202487
1073,2026-09-21T17:36:20,2026-09-21T17:01:24,Force Core Set (High) X 25,193361,4834025,25,,202487
1074,2026-09-21T17:36:26,2026-09-21T17:01:24,Force Core Set (High) X 20,193609,7744360,40,,202487
1075,2026-09-21T17:36:32,2026-09-21T17:01:24,Force Core Set (High) X 45,193609,8712405,45,,202487
1076,2026-09-21T17:36:37,2026-09-21T17:01:24,Force Core Set (High) X 91,193609,17618419,91,,202487
1077,2026-09-21T17:39:33,2026-09-21T17:01:24,Yekaterina VIP Membership,110999999,110999999,1,,
1078,2026-09-21T17:45:39,2026-09-21T17:01:24,Chaos Core,715000,715000,1,,
1079,2026-09-21T17:51:36,2026-09-21T17:01:24,Chaos Core,715000,715000,1,,
1080,2026-09-21T17:53:02,2026-09-21T17:01:24,Chaos Core,715000,715000,1,,
1081,2026-09-21T17:58:07,2026-09-21T17:01:24,Chaos Core,715000,715000,1,,
1082,2026-09-21T17:59:15,2026-09-21T17:01:24,Chaos Core,715000,715000,1,,
1083,2026-09-21T18:08:36,2026-09-21T18:02:53,Chaos Core,715000,715000,1,,
1084,2026-09-21T18:09:45,2026-09-21T18:02:53,Chaos Core,708876,708876,1,,
1085,2026-09-21T18:10:48,2026-09-21T18:02:53,Chaos Core,708876,95698260,135,,719893
1086,2026-09-21T18:11:50,2026-09-21T18:02:53,Chaos Core,708285,26206545,37,,719892
1087,2026-09-21T18:12:22,2026-09-21T18:02:53,Chaos Core,715000,1430000,2,,719892
1088,2026-09-21T18:16:18,2026-09-21T18:02:53,Upgrade Core Set (Ultimate) X 43,440440,18938920,43,,449804
1089,2026-09-21T18:16:23,2026-09-21T18:02:53,Upgrade Core Set (Ultimate) X 65,440440,28628600,65,,449804
1090,2026-09-21T18:16:28,2026-09-21T18:02:53,Upgrade Core Set (Ultimate) X 189,440440,83243160,189,,449804
1091,2026-09-21T18:35:25,2026-09-21T18:02:53,Chaos Core,705690,71274690,101,,719891
1092,2026-09-21T18:35:57,2026-09-21T18:02:53,Chaos Core,715000,715000,1,,719891
1093,2026-09-21T18:37:59,2026-09-21T18:02:53,Siena's Unbinding Stone,73999999,73999999,1,,
1094,2026-09-21T18:42:58,2026-09-21T18:02:53,Chaos Core,703836,1407672,2,,719888
1095,2026-09-21T18:43:36,2026-09-21T18:02:53,Chaos Core,715000,715000,1,,719888
1096,2026-09-21T18:44:45,2026-09-21T18:02:53,Force Core Set (High) X 1,193609,1936090,10,,202445
1097,2026-09-21T18:44:51,2026-09-21T18:02:53,Force Core Set (High) X 10,193609,1936090,10,,202445
1098,2026-09-21T18:44:57,2026-09-21T18:02:53,Force Core Set (High) X 10,193609,11616540,60,,202445
1099,2026-09-21T18:45:04,2026-09-21T18:02:53,Force Core Set (High) X 10,193609,7744360,40,,202445
1100,2026-09-21T18:45:09,2026-09-21T18:02:53,Force Core Set (High) X 15,193609,2904135,15,,202445
1101,2026-09-21T18:46:45,2026-09-21T18:02:53,Chaos Core,715000,715000,1,,
1102,2026-09-21T18:47:57,2026-09-21T18:02:53,Chaos Core,715000,715000,1,,
1103,2026-09-21T18:57:29,2026-09-21T18:02:53,Chaos Core,714462,32865252,46,,719877
1104,2026-09-21T18:57:42,2026-09-21T18:02:53,Chaos Core,714462,65730504,92,,719877
1105,2026-09-21T18:58:46,2026-09-21T18:02:53,Chaos Core,714462,62872656,88,,719875
1106,2026-09-21T18:59:11,2026-09-21T18:02:53,Chaos Core,715000,1430000,2,,719875
1107,2026-09-21T19:00:08,2026-09-21T18:02:53,Chaos Core,713775,102783600,144,,719874
1108,2026-09-21T19:01:08,2026-09-21T18:02:53,Chaos Core,713775,37116300,52,,719873
1109,2026-09-21T19:01:20,2026-09-21T18:02:53,Chaos Core,713775,40685175,57,,719873
1110,2026-09-21T19:01:33,2026-09-21T18:02:53,Chaos Core,713775,20699475,29,,719873
1111,2026-09-21T19:02:35,2026-09-21T18:02:53,Chaos Core,713000,81282000,114,,719871
1112,2026-09-21T19:02:45,2026-09-21T18:02:53,Chaos Core,713000,8556000,12,,719871
1113,2026-09-21T19:04:22,2026-09-21T18:02:53,Chaos Core,714462,107169300,150,,719870
1114,2026-09-21T19:07:58,2026-09-21T18:02:53,Chaos Core,715000,715000,1,,
1115,2026-09-21T19:10:31,2026-09-21T18:02:53,Chaos Core,714385,714385,1,,
1116,2026-09-21T19:24:25,2026-09-21T18:02:53,Chaos Core,715000,715000,1,,
1117,2026-09-21T19:29:57,2026-09-21T18:02:53,Force Core Set (Highest) X 10,212495,38249100,180,,220484
1118,2026-09-21T19:30:41,2026-09-21T18:02:53,Force Core Set (Highest) X 290,212498,61624709,290,,220482
1119,2026-09-21T19:37:53,2026-09-21T19:33:06,Chaos Core,709484,70948400,100,,719823
1120,2026-09-21T19:38:09,2026-09-21T19:33:06,Chaos Core,709484,35474200,50,,719823
1121,2026-09-21T19:45:35,2026-09-21T19:41:34,Chaos Core,708913,80816082,114,,719825
1122,2026-09-21T19:45:48,2026-09-21T19:41:34,Chaos Core,708913,17013912,24,,719825
1123,2026-09-21T19:46:54,2026-09-21T19:41:34,Chaos Core,708913,44661519,63,,719820
1124,2026-09-21T19:47:19,2026-09-21T19:41:34,Chaos Core,709484,63853560,90,,719820
1125,2026-09-21T20:19:52,2026-09-21T20:16:02,Chaos Core,709484,94361372,133,,719806
1126,2026-09-21T20:20:03,2026-09-21T20:16:02,Chaos Core,709484,141896800,200,,719806
1127,2026-09-21T20:21:26,2026-09-21T20:16:02,Chaos Core,709484,34764716,49,,719805
1128,2026-09-21T20:22:01,2026-09-21T20:16:02,Chaos Core,715000,1430000,2,,719805
1129,2026-09-21T20:25:22,2026-09-21T20:16:02,Yekaterina VIP Membership,110999999,110999999,1,,
1130,2026-09-21T20:30:44,2026-09-21T20:16:02,Chaos Core,708284,51704732,73,,719797
1131,2026-09-21T20:30:55,2026-09-21T20:16:02,Chaos Core,708284,176362716,249,,719797
1132,2026-09-21T20:31:08,2026-09-21T20:16:02,Chaos Core,708284,1416568,2,,719797
1133,2026-09-21T20:32:31,2026-09-21T20:16:02,Chaos Core,708284,32581064,46,,719796
1134,2026-09-21T20:32:54,2026-09-21T20:16:02,Chaos Core,708284,9207692,13,,719796
1135,2026-09-21T20:33:08,2026-09-21T20:16:02,Chaos Core,708284,23373372,33,,719796
1136,2026-09-21T20:33:29,2026-09-21T20:16:02,Chaos Core,709484,64563044,91,,719796
1137,2026-09-21T20:36:31,2026-09-21T20:16:02,Chaos Core,715000,715000,1,,
1138,2026-09-21T20:37:39,2026-09-21T20:16:02,Chaos Core,715000,715000,1,,
1139,2026-09-21T20:41:28,2026-09-21T20:16:02,Chaos Core,713905,32839630,46,,719789
1140,2026-09-21T20:41:50,2026-09-21T20:16:02,Chaos Core,715000,1430000,2,,719789
1141,2026-09-21T20:45:22,2026-09-21T20:16:02,Upgrade Core Set (Ultimate) X 1,440439,880878,2,,449726
1142,2026-09-21T20:45:29,2026-09-21T20:16:02,Upgrade Core Set (Ultimate) X 1,440439,440439,1,,449726
1143,2026-09-21T21:08:15,2026-09-21T20:16:02,Chaos Core,711364,24897740,35,,719760
1144,2026-09-21T21:08:30,2026-09-21T20:16:02,Chaos Core,712720,2138160,3,,719760
1145,2026-09-21T21:08:46,2026-09-21T20:16:02,Chaos Core,712720,33497840,47,,719760
1146,2026-09-21T21:09:04,2026-09-21T20:16:02,Chaos Core,712720,81250080,114,,719760
1147,2026-09-21T21:09:23,2026-09-21T20:16:02,Chaos Core,712720,1425440,2,,719760
1148,2026-09-21T21:10:27,2026-09-21T20:16:02,Force Core Set (Ultimate) X 32,365365,11691680,32,,399538
1149,2026-09-21T21:10:33,2026-09-21T20:16:02,Force Core Set (Ultimate) X 364,365365,132992860,364,,399538
1150,2026-09-21T21:15:54,2026-09-21T20:16:02,Chaos Core,712720,81250080,114,,719755
1151,2026-09-21T21:16:15,2026-09-21T20:16:02,Chaos Core,712720,45614080,64,,719755
1152,2026-09-21T21:16:38,2026-09-21T20:16:02,Chaos Core,712720,1425440,2,,719755
1153,2026-09-21T21:17:59,2026-09-21T20:16:02,Chaos Core,709002,33323094,47,,719754
1154,2026-09-21T21:18:23,2026-09-21T20:16:02,Chaos Core,712720,176041840,247,,719754
1155,2026-09-21T21:42:21,2026-09-21T20:16:02,Chaos Core,706661,98225879,139,,719733
1156,2026-09-21T21:42:31,2026-09-21T20:16:02,Chaos Core,706661,1413322,2,,719733
1157,2026-09-21T21:44:33,2026-09-21T20:16:02,Force Core Set (High) X 1,193193,193193,1,,202375
1158,2026-09-21T21:44:40,2026-09-21T20:16:02,Force Core Set (High) X 1,193361,8121162,42,,202375
1159,2026-09-21T21:44:47,2026-09-21T20:16:02,Force Core Set (High) X 29,193361,5607469,29,,202375
1160,2026-09-21T21:45:31,2026-09-21T20:16:02,Force Core Set (High) X 38,193361,7347718,38,,202375
1161,2026-09-21T21:45:40,2026-09-21T20:16:02,Force Core Set (High) X 40,193361,30937760,160,,202375
1162,2026-09-21T21:46:26,2026-09-21T20:16:02,Force Core Set (High) X 40,193361,15468880,80,,202373
1163,2026-09-21T21:46:32,2026-09-21T20:16:02,Force Core Set (High) X 83,193361,16048963,83,,202373
1164,2026-09-21T21:50:35,2026-09-21T20:16:02,Chaos Core,705481,163671592,232,,719725
1165,2026-09-21T21:50:42,2026-09-21T20:16:02,Chaos Core,705481,705481,1,,719725
1166,2026-09-21T21:50:56,2026-09-21T20:16:02,Chaos Core,706661,706661,1,,719725
1167,2026-09-21T21:59:49,2026-09-21T20:16:02,Chaos Core,704897,51457481,73,,719718
1168,2026-09-21T22:00:03,2026-09-21T20:16:02,Chaos Core,705481,48678189,69,,719718
1169,2026-09-21T22:00:28,2026-09-21T20:16:02,Chaos Core,707334,3536670,5,,719718
1170,2026-09-21T22:01:53,2026-09-21T20:16:02,Chaos Core,707847,707847,1,,719718
1171,2026-09-21T22:02:20,2026-09-21T20:16:02,Chaos Core,707847,106177050,150,,719718
1172,2026-09-21T22:02:33,2026-09-21T20:16:02,Chaos Core,704897,704897,1,,719718
1173,2026-09-21T22:02:53,2026-09-21T20:16:02,Chaos Core,705481,705481,1,,719718
1174,2026-09-21T22:09:10,2026-09-21T20:16:02,Chaos Core,705000,705000,1,,
1175,2026-09-21T22:09:47,2026-09-21T20:16:02,Chaos Core,705000,705000,1,,
1176,2026-09-21T22:12:04,2026-09-21T20:16:02,Chaos Core,705000,26085000,37,,719710
1177,2026-09-21T22:12:19,2026-09-21T20:16:02,Chaos Core,705000,175545000,249,,719710
1178,2026-09-21T22:12:36,2026-09-21T20:16:02,Chaos Core,707847,1415694,2,,719710
1179,2026-09-21T22:14:25,2026-09-21T20:16:02,Chaos Core,707847,24066798,34,,719710
1180,2026-09-21T22:14:45,2026-09-21T20:16:02,Chaos Core,709002,95006268,134,,719710
1181,2026-09-21T22:16:50,2026-09-21T20:16:02,Chaos Core,709002,176541498,249,,719707
1182,2026-09-21T22:19:49,2026-09-21T20:16:02,Chaos Core,703833,703833,1,,719706
1183,2026-09-21T22:20:00,2026-09-21T20:16:02,Chaos Core,703833,33080151,47,,719706
1184,2026-09-21T22:20:33,2026-09-21T20:16:02,Chaos Core,709002,709002,1,,719706
1185,2026-09-21T22:20:41,2026-09-21T20:16:02,Chaos Core,703833,703833,1,,719706
1186,2026-09-21T22:20:48,2026-09-21T20:16:02,Chaos Core,703833,703833,1,,719706
1187,2026-09-21T22:20:58,2026-09-21T20:16:02,Chaos Core,703833,11965161,17,,719706
1188,2026-09-21T22:21:17,2026-09-21T20:16:02,Chaos Core,705000,705000,1,,719706
1189,2026-09-21T22:21:37,2026-09-21T20:16:02,Chaos Core,705000,705000,1,,719706
1190,2026-09-21T22:21:56,2026-09-21T20:16:02,Chaos Core,707847,707847,1,,719706
1191,2026-09-21T22:22:16,2026-09-21T20:16:02,Chaos Core,707847,707847,1,,719706
1192,2026-09-21T22:22:36,2026-09-21T20:16:02,Chaos Core,709002,709002,1,,719706
1193,2026-09-21T22:22:57,2026-09-21T20:16:02,Chaos Core,709002,709002,1,,719706
1194,2026-09-21T22:23:18,2026-09-21T20:16:02,Chaos Core,709002,4254012,6,,719706
1195,2026-09-21T22:24:00,2026-09-21T20:16:02,Chaos Core,709002,709002,1,,719706
1196,2026-09-21T22:25:05,2026-09-21T20:16:02,Chaos Core,709002,6381018,9,,719705
1197,2026-09-21T22:25:19,2026-09-21T20:16:02,Chaos Core,709002,80826228,114,,719705
1198,2026-09-21T22:25:33,2026-09-21T20:16:02,Chaos Core,712720,712720,1,,719705
1199,2026-09-21T22:25:53,2026-09-21T20:16:02,Chaos Core,713905,67820975,95,,719705
1200,2026-09-21T22:28:48,2026-09-21T20:16:02,Force Core Set (High) X 32,193055,6177777,32,,201399
1201,2026-09-21T22:28:55,2026-09-21T20:16:02,Force Core Set (High) X 1,193193,193193,1,,201399
1202,2026-09-21T22:29:02,2026-09-21T20:16:02,Force Core Set (High) X 1,193193,1159158,6,,201399
1203,2026-09-21T22:29:07,2026-09-21T20:16:02,Force Core Set (High) X 13,193193,2511509,13,,201399
1204,2026-09-21T22:29:12,2026-09-21T20:16:02,Force Core Set (High) X 37,193193,7148141,37,,201399
1205,2026-09-21T22:29:56,2026-09-21T20:16:02,Force Core Set (High) X 1,193193,1545544,8,,201398
1206,2026-09-21T22:30:02,2026-09-21T20:16:02,Force Core Set (High) X 11,193193,2125123,11,,201398
1207,2026-09-21T22:30:07,2026-09-21T20:16:02,Force Core Set (High) X 89,193193,17194177,89,,201398
1208,2026-09-21T22:30:12,2026-09-21T20:16:02,Force Core Set (High) X 97,193193,18739721,97,,201398
1209,2026-09-21T22:33:42,2026-09-21T20:16:02,Chaos Core,713905,99232795,139,,719704
1210,2026-09-21T22:33:56,2026-09-21T20:16:02,Chaos Core,703833,27449487,39,,719704
1211,2026-09-21T22:34:22,2026-09-21T20:16:02,Chaos Core,713905,1427810,2,,719704
1212,2026-09-21T22:42:52,2026-09-21T20:16:02,Chaos Core,715000,715000,1,,
1213,2026-09-21T22:43:32,2026-09-21T20:16:02,Chaos Core,715000,715000,1,,
1214,2026-09-21T22:51:57,2026-09-21T20:16:02,Chaos Core,713876,69959848,98,,719696
1215,2026-09-21T22:53:48,2026-09-21T20:16:02,Chaos Core,715000,715000,1,,719696
1216,2026-09-21T22:59:01,2026-09-21T20:16:02,Chaos Core,712574,39904144,56,,719695
1217,2026-09-21T22:59:25,2026-09-21T20:16:02,Chaos Core,715000,715000,1,,719695
1218,2026-09-21T23:04:56,2026-09-21T20:16:02,Yekaterina VIP Membership,111999999,111999999,1,,
1219,2026-09-21T23:05:55,2026-09-21T20:16:02,Chaos Core,710184,42611040,60,,719694
1220,2026-09-21T23:10:42,2026-09-21T20:16:02,Yekaterina VIP Membership,110999999,110999999,1,,
1221,2026-09-21T23:13:44,2026-09-21T20:16:02,Chaos Core,709019,151021047,213,,719701
1222,2026-09-21T23:15:06,2026-09-21T20:16:02,Chaos Core,709019,20561551,29,,719700
1223,2026-09-21T23:15:29,2026-09-21T20:16:02,Chaos Core,709019,176545731,249,,719700
1224,2026-09-21T23:15:59,2026-09-21T20:16:02,Chaos Core,715000,715000,1,,719700
1225,2026-09-21T23:21:37,2026-09-21T20:16:02,Yekaterina VIP Membership,110999999,110999999,1,,
1226,2026-09-21T23:26:54,2026-09-21T20:16:02,Chaos Core,707963,57345003,81,,719696
1227,2026-09-21T23:28:12,2026-09-21T20:16:02,Force Core Set (High) X 100,193193,38638600,200,,200000
1228,2026-09-21T23:28:57,2026-09-21T20:16:02,Force Core Set (High) X 100,193193,38638600,200,,200000
1229,2026-09-21T23:29:42,2026-09-21T20:16:02,Force Core Set (High) X 100,193193,38638600,200,,199998
1230,2026-09-21T23:30:20,2026-09-21T20:16:02,Force Core Set (Highest) X 5,212000,38160000,180,,220428
1231,2026-09-21T23:31:48,2026-09-21T20:16:02,Chaos Core,715000,715000,1,,
1232,2026-09-21T23:32:27,2026-09-21T20:16:02,Chaos Core,715000,715000,1,,
1233,2026-09-21T23:41:03,2026-09-21T20:16:02,Chaos Core,712736,65571712,92,,719694
1234,2026-09-21T23:41:24,2026-09-21T20:16:02,Chaos Core,715000,715000,1,,719694
1235,2026-09-21T23:44:55,2026-09-21T20:16:02,Force Core Set (Ultimate) X 5,364000,65520000,180,,399492
1236,2026-09-21T23:46:07,2026-09-21T20:16:02,Chaos Core,715000,715000,1,,
1237,2026-09-21T23:46:54,2026-09-21T20:16:02,Chaos Core,715000,715000,1,,
1238,2026-09-21T23:53:29,2026-09-21T20:16:02,Chaos Core,717305,717305,1,,
1239,2026-09-21T23:54:14,2026-09-21T20:16:02,Chaos Core,717305,717305,1,,
1240,2026-09-22T00:01:24,2026-09-21T20:16:02,Yekaterina VIP Membership,111000000,111000000,1,,
1241,2026-09-22T00:18:21,2026-09-21T20:16:02,Chaos Core,712837,141854563,199,,719692
1242,2026-09-22T00:18:29,2026-09-21T20:16:02,Chaos Core,712837,1425674,2,,719692
1243,2026-09-22T00:19:41,2026-09-21T20:16:02,Chaos Core,712837,2851348,4,,719691
1244,2026-09-22T00:19:51,2026-09-21T20:16:02,Chaos Core,712837,81263418,114,,719691
1245,2026-09-22T00:20:00,2026-09-21T20:16:02,Chaos Core,712837,76986396,108,,719691
1246,2026-09-22T00:20:12,2026-09-21T20:16:02,Chaos Core,712837,1425674,2,,719691
1247,2026-09-22T00:21:25,2026-09-21T20:16:02,Chaos Core,712837,81263418,114,,719690
1248,2026-09-22T00:21:34,2026-09-21T20:16:02,Chaos Core,712837,80550581,113,,719690
1249,2026-09-22T00:21:46,2026-09-21T20:16:02,Chaos Core,712837,712837,1,,719690
1250,2026-09-22T00:22:57,2026-09-21T20:16:02,Chaos Core,712837,81263418,114,,719689
1251,2026-09-22T00:23:06,2026-09-21T20:16:02,Chaos Core,712837,81263418,114,,719689
1252,2026-09-22T00:24:19,2026-09-21T20:16:02,Chaos Core,712837,81263418,114,,719688
1253,2026-09-22T00:24:29,2026-09-21T20:16:02,Chaos Core,712837,75560722,106,,719688
1254,2026-09-22T00:24:38,2026-09-21T20:16:02,Chaos Core,712837,1425674,2,,719688
1255,2026-09-22T00:25:52,2026-09-21T20:16:02,Chaos Core,712837,81263418,114,,719687
1256,2026-09-22T00:27:25,2026-09-21T20:16:02,Chaos Core,712837,81263418,114,,719687
1257,2026-09-22T00:35:10,2026-09-21T20:16:02,Chaos Core,712837,69145189,97,,719686
1258,2026-09-22T00:35:20,2026-09-21T20:16:02,Chaos Core,712837,168229532,236,,719686
1259,2026-09-22T00:36:43,2026-09-21T20:16:02,Chaos Core,712837,81976255,115,,719685
1260,2026-09-22T00:36:50,2026-09-21T20:16:02,Chaos Core,712837,59878308,84,,719685
1261,2026-09-22T00:37:14,2026-09-21T20:16:02,Chaos Core,716000,1432000,2,,719685
1262,2026-09-22T00:39:08,2026-09-21T20:16:02,Chaos Core,716070,716070,1,,
1263,2026-09-22T00:39:53,2026-09-21T20:16:02,Chaos Core,716070,716070,1,,
1264,2026-09-22T00:54:47,2026-09-21T20:16:02,Force Core Set (Ultimate) X 44,364000,16016000,44,,399471
1265,2026-09-22T00:54:53,2026-09-21T20:16:02,Force Core Set (Ultimate) X 256,364000,93184000,256,,399471
1266,2026-09-22T01:03:55,2026-09-21T20:16:02,Chaos Core,717305,717305,1,,
1267,2026-09-22T01:04:48,2026-09-21T20:16:02,Chaos Core,717305,717305,1,,
1268,2026-09-22T01:09:16,2026-09-21T20:16:02,Chaos Core,707769,55205982,78,,719658
1269,2026-09-22T01:13:05,2026-09-21T20:16:02,Upgrade Core Set (Ultimate) X 32,421875,13500000,32,,434966
1270,2026-09-22T01:14:20,2026-09-21T20:16:02,Chaos Core,717305,717305,1,,
1271,2026-09-22T01:15:05,2026-09-21T20:16:02,Chaos Core,717305,717305,1,,
1272,2026-09-22T01:23:52,2026-09-21T20:16:02,Chaos Core,717305,717305,1,,
1273,2026-09-22T01:24:39,2026-09-21T20:16:02,Chaos Core,716171,716171,1,,
1274,2026-09-22T01:32:22,2026-09-21T20:16:02,Chaos Core,716171,716171,1,,
1275,2026-09-22T01:39:53,2026-09-21T20:16:02,Chaos Core,716171,716171,1,,
1276,2026-09-22T01:40:45,2026-09-21T20:16:02,Chaos Core,717305,717305,1,,
1277,2026-09-22T01:47:32,2026-09-21T20:16:02,Chaos Core,714439,42151901,59,,719618
1278,2026-09-22T01:47:40,2026-09-21T20:16:02,Chaos Core,713240,22110440,31,,719618
1279,2026-09-22T01:47:51,2026-09-21T20:16:02,Chaos Core,713240,52779760,74,,719618
1280,2026-09-22T01:48:11,2026-09-21T20:16:02,Chaos Core,717305,717305,1,,719618
1281,2026-09-22T01:49:18,2026-09-21T20:16:02,Chaos Core,713240,29956080,42,,719613
1282,2026-09-22T01:50:32,2026-09-21T20:16:02,Chaos Core,713240,156912800,220,,719612
1283,2026-09-22T01:50:59,2026-09-21T20:16:02,Chaos Core,717305,1434610,2,,719612
1284,2026-09-22T01:52:12,2026-09-21T20:16:02,Chaos Core,712576,17814400,25,,719610
1285,2026-09-22T01:52:42,2026-09-21T20:16:02,Chaos Core,711886,1423772,2,,719610
1286,2026-09-22T01:54:41,2026-09-21T20:16:02,Chaos Core,720000,720000,1,,
1287,2026-09-22T01:55:25,2026-09-21T20:16:02,Chaos Core,719330,719330,1,,
1288,2026-09-22T02:05:22,2026-09-21T20:16:02,Chaos Core,737000,737000,1,,
1289,2026-09-22T02:10:47,2026-09-21T20:16:02,Chaos Core,726463,726463,1,,
1290,2026-09-22T02:12:29,2026-09-21T20:16:02,Chaos Core,726463,726463,1,,
1291,2026-09-22T02:13:18,2026-09-21T20:16:02,Yekaterina VIP Membership,110999999,110999999,1,,
1292,2026-09-22T02:14:50,2026-09-21T20:16:02,Siena's Unbinding Stone,73999999,73999999,1,,
1293,2026-09-22T02:18:57,2026-09-21T20:16:02,Chaos Core,724586,724586,1,,
1294,2026-09-22T02:21:09,2026-09-21T20:16:02,Chaos Core,724586,724586,1,,
1295,2026-09-22T02:25:48,2026-09-21T20:16:02,Chaos Core,722000,100358000,139,,729276
1296,2026-09-22T02:26:00,2026-09-21T20:16:02,Chaos Core,724586,1449172,2,,729276
1297,2026-09-22T02:28:50,2026-09-21T20:16:02,Chaos Core,717305,81772770,114,,728395
1298,2026-09-22T02:28:58,2026-09-21T20:16:02,Chaos Core,717305,49494045,69,,728395
1299,2026-09-22T02:31:06,2026-09-21T20:16:02,Chaos Core,724586,724586,1,,
1300,2026-09-22T02:35:59,2026-09-21T20:16:02,Chaos Core,716620,49446780,69,,728393
1301,2026-09-22T02:37:58,2026-09-21T20:16:02,Chaos Core,724586,724586,1,,
1302,2026-09-22T02:47:23,2026-09-21T20:16:02,Chaos Core,724586,724586,1,,
1303,2026-09-22T02:52:34,2026-09-21T20:16:02,Chaos Core,723888,723888,1,,
1304,2026-09-22T02:55:15,2026-09-21T20:16:02,Yekaterina VIP Membership,110999999,110999999,1,,
1305,2026-09-22T03:01:30,2026-09-21T20:16:02,Force Core Set (High) X 41,192192,7879872,41,,198810
1306,2026-09-22T03:01:36,2026-09-21T20:16:02,Force Core Set (High) X 48,192192,9225216,48,,198810
1307,2026-09-22T03:01:41,2026-09-21T20:16:02,Force Core Set (High) X 91,192192,17489472,91,,198810
1308,2026-09-22T03:20:33,2026-09-21T20:16:02,Chaos Core,712446,138926970,195,,719701
1309,2026-09-22T03:23:37,2026-09-21T20:16:02,Yekaterina VIP Membership,110666666,110666666,1,,
1310,2026-09-22T03:35:22,2026-09-21T20:16:02,Chaos Core,709970,80936580,114,,719692
1311,2026-09-22T03:35:32,2026-09-21T20:16:02,Chaos Core,709000,69482000,98,,719692
1312,2026-09-22T03:35:51,2026-09-21T20:16:02,Chaos Core,710634,710634,1,,719692
1313,2026-09-22T03:37:20,2026-09-21T20:16:02,Chaos Core,714272,714272,1,,719691
1314,2026-09-22T03:37:29,2026-09-21T20:16:02,Chaos Core,712446,1424892,2,,719691
1315,2026-09-22T03:39:07,2026-09-21T20:16:02,Chaos Core,722065,722065,1,,
1316,2026-09-22T03:43:23,2026-09-21T20:16:02,Chaos Core,715000,715000,1,,
1317,2026-09-22T03:46:07,2026-09-21T20:16:02,Chaos Core,714438,80731494,113,,719683
1318,2026-09-22T03:46:15,2026-09-21T20:16:02,Chaos Core,714438,132171030,185,,719683
1319,2026-09-22T03:46:30,2026-09-21T20:16:02,Chaos Core,715000,1430000,2,,719683
1320,2026-09-22T03:47:46,2026-09-21T20:16:02,Chaos Core,714438,81445932,114,,719681
1321,2026-09-22T03:48:58,2026-09-21T20:16:02,Chaos Core,714438,152175294,213,,719680
1322,2026-09-22T03:50:08,2026-09-21T20:16:02,Chaos Core,713000,114080000,160,,719679
1323,2026-09-22T03:50:19,2026-09-21T20:16:02,Chaos Core,713000,1426000,2,,719679
1324,2026-09-22T03:51:27,2026-09-21T20:16:02,Chaos Core,713000,131192000,184,,719675
1325,2026-09-22T03:51:49,2026-09-21T20:16:02,Chaos Core,713818,1427636,2,,719675
1326,2026-09-22T04:05:35,2026-09-21T20:16:02,Chaos Core,708804,708804,1,,
1327,2026-09-22T04:07:49,2026-09-21T20:16:02,Chaos Core,708804,136799172,193,,719648
1328,2026-09-22T04:08:02,2026-09-21T20:16:02,Chaos Core,708804,1417608,2,,719648
1329,2026-09-22T04:09:11,2026-09-21T20:16:02,Chaos Core,708804,58121928,82,,719647
1330,2026-09-22T04:09:37,2026-09-21T20:16:02,Chaos Core,714438,714438,1,,719647
1331,2026-09-22T04:09:50,2026-09-21T20:16:02,Chaos Core,708804,708804,1,,719647
1332,2026-09-22T04:10:03,2026-09-21T20:16:02,Chaos Core,708804,708804,1,,719647
1333,2026-09-22T04:10:11,2026-09-21T20:16:02,Chaos Core,708186,35409300,50,,719647
1334,2026-09-22T04:10:24,2026-09-21T20:16:02,Chaos Core,708804,708804,1,,719647
1335,2026-09-22T04:10:42,2026-09-21T20:16:02,Chaos Core,711751,711751,1,,719647
1336,2026-09-22T04:11:02,2026-09-21T20:16:02,Chaos Core,713000,713000,1,,719647
1337,2026-09-22T04:11:08,2026-09-21T20:16:02,Chaos Core,707552,707552,1,,719647
1338,2026-09-22T04:11:27,2026-09-21T20:16:02,Chaos Core,713000,713000,1,,719647
1339,2026-09-22T04:11:46,2026-09-21T20:16:02,Chaos Core,713000,713000,1,,719647
1340,2026-09-22T04:12:06,2026-09-21T20:16:02,Chaos Core,714438,714438,1,,719647
1341,2026-09-22T04:12:40,2026-09-21T20:16:02,Chaos Core,715000,715000,1,,719647
1342,2026-09-22T04:13:00,2026-09-21T20:16:02,Chaos Core,716471,716471,1,,719647
1343,2026-09-22T04:15:47,2026-09-21T20:16:02,Force Core Set (Ultimate) X 15,350350,5255250,15,,399270
1344,2026-09-22T04:15:51,2026-09-21T20:16:02,Force Core Set (Ultimate) X 41,350350,14364350,41,,399270
1345,2026-09-22T04:15:56,2026-09-21T20:16:02,Force Core Set (Ultimate) X 136,350350,47647600,136,,399270
1346,2026-09-22T04:21:35,2026-09-21T20:16:02,Chaos Core,706380,43795560,62,,719631
1347,2026-09-22T04:21:47,2026-09-21T20:16:02,Chaos Core,706922,33932256,48,,719631
1348,2026-09-22T04:22:18,2026-09-21T20:16:02,Chaos Core,716471,716471,1,,719631
1349,2026-09-22T04:31:45,2026-09-21T20:16:02,Chaos Core,716471,716471,1,,
1350,2026-09-22T04:36:32,2026-09-21T20:16:02,Chaos Core,739999,739999,1,,
1351,2026-09-22T04:37:20,2026-09-21T20:16:02,Yekaterina VIP Membership,110999999,110999999,1,,
1352,2026-09-22T04:40:45,2026-09-21T20:16:02,Chaos Core,738745,738745,1,,
1353,2026-09-22T04:48:55,2026-09-21T20:16:02,Chaos Core,736898,736898,1,,
1354,2026-09-22T04:54:09,2026-09-21T20:16:02,Force Core Set (High) X 1,192191,960955,5,,198696
1355,2026-09-22T04:54:15,2026-09-21T20:16:02,Force Core Set (High) X 10,192191,1921910,10,,198696
1356,2026-09-22T04:54:21,2026-09-21T20:16:02,Force Core Set (High) X 10,192191,11531460,60,,198696
1357,2026-09-22T04:54:26,2026-09-21T20:16:02,Force Core Set (High) X 206,192191,39591346,206,,198696
1358,2026-09-22T04:56:05,2026-09-21T20:16:02,Chaos Core,736200,736200,1,,
1359,2026-09-22T04:57:54,2026-09-21T20:16:02,Siena's Unbinding Stone,73999999,73999999,1,,
1360,2026-09-22T05:00:00,2026-09-21T20:16:02,Chaos Core,737499,737499,1,,
1361,2026-09-22T05:02:50,2026-09-21T20:16:02,Chaos Core,736411,736411,1,,
1362,2026-09-22T05:06:14,2026-09-21T20:16:02,Chaos Core,737499,737499,1,,
1363,2026-09-22T05:09:05,2026-09-21T20:16:02,Chaos Core,736304,736304,1,,
1364,2026-09-22T05:19:47,2026-09-21T20:16:02,Force Core Set (High) X 1,192305,1153830,6,,198669
1365,2026-09-22T05:19:52,2026-09-21T20:16:02,Force Core Set (High) X 279,192305,53653370,279,,198669
1366,2026-09-22T05:35:41,2026-09-21T20:16:02,Chaos Core,736000,736000,1,,
1367,2026-09-22T05:38:44,2026-09-21T20:16:02,Chaos Core,733871,733871,1,,
1368,2026-09-22T05:44:51,2026-09-21T20:16:02,Chaos Core,736000,736000,1,,
1369,2026-09-22T05:48:14,2026-09-21T20:16:02,Chaos Core,734705,734705,1,,
1370,2026-09-22T06:07:40,2026-09-21T20:16:02,Chaos Core,730000,68620000,94,,747000
1371,2026-09-22T06:07:48,2026-09-21T20:16:02,Chaos Core,725960,33394160,46,,747000
1372,2026-09-22T06:07:56,2026-09-21T20:16:02,Chaos Core,725960,82759440,114,,747000
1373,2026-09-22T06:08:04,2026-09-21T20:16:02,Chaos Core,725960,725960,1,,747000
1374,2026-09-22T06:09:19,2026-09-21T20:16:02,Chaos Core,725960,725960,1,,746999
1375,2026-09-22T06:09:27,2026-09-21T20:16:02,Chaos Core,725262,10153668,14,,746999
1376,2026-09-22T06:09:35,2026-09-21T20:16:02,Chaos Core,725262,34812576,48,,746999
1377,2026-09-22T06:10:07,2026-09-21T20:16:02,Chaos Core,730000,730000,1,,746999
1378,2026-09-22T06:10:15,2026-09-21T20:16:02,Chaos Core,725262,97910370,135,,746999
1379,2026-09-22T06:10:31,2026-09-21T20:16:02,Chaos Core,725262,725262,1,,746999
1380,2026-09-22T06:10:38,2026-09-21T20:16:02,Chaos Core,725262,725262,1,,746999
1381,2026-09-22T06:12:17,2026-09-21T20:16:02,Chaos Core,730000,93440000,128,,746997
1382,2026-09-22T06:12:50,2026-09-21T20:16:02,Chaos Core,730663,82564919,113,,746997
1383,2026-09-22T06:14:48,2026-09-21T20:16:02,Chaos Core,733536,1467072,2,,746997
1384,2026-09-22T06:16:07,2026-09-21T20:16:02,Chaos Core,736304,17671296,24,,746995
1385,2026-09-22T06:16:14,2026-09-21T20:16:02,Chaos Core,736000,2944000,4,,746995
1386,2026-09-22T06:16:36,2026-09-21T20:16:02,Chaos Core,737499,84074886,114,,746995
1387,2026-09-22T06:16:46,2026-09-21T20:16:02,Chaos Core,737490,53099280,72,,746995
1388,2026-09-22T06:16:58,2026-09-21T20:16:02,Chaos Core,737499,1474998,2,,746995
1389,2026-09-22T06:18:07,2026-09-21T20:16:02,Chaos Core,737499,79649892,108,,746994
1390,2026-09-22T06:18:27,2026-09-21T20:16:02,Chaos Core,737499,37612449,51,,746994
1391,2026-09-22T06:19:49,2026-09-21T20:16:02,Chaos Core,737500,14750000,20,,746992
1392,2026-09-22T06:21:36,2026-09-21T20:16:02,Chaos Core,738745,82739440,112,,746992
1393,2026-09-22T06:22:09,2026-09-21T20:16:02,Chaos Core,738745,67964540,92,,746992
1394,2026-09-22T06:22:33,2026-09-21T20:16:02,Chaos Core,739338,739338,1,,746992
1395,2026-09-22T06:23:43,2026-09-21T20:16:02,Chaos Core,737499,84074886,114,,746988
1396,2026-09-22T06:23:50,2026-09-21T20:16:02,Chaos Core,737499,24337467,33,,746988
1397,2026-09-22T06:25:04,2026-09-21T20:16:02,Chaos Core,739338,739338,1,,746987
1398,2026-09-22T06:25:28,2026-09-21T20:16:02,Chaos Core,739338,739338,1,,746987
1399,2026-09-22T06:25:36,2026-09-21T20:16:02,Chaos Core,736866,736866,1,,746987
1400,2026-09-22T06:25:43,2026-09-21T20:16:02,Chaos Core,737499,737499,1,,746987
1401,2026-09-22T06:25:51,2026-09-21T20:16:02,Chaos Core,737499,737499,1,,746987
1402,2026-09-22T06:25:59,2026-09-21T20:16:02,Chaos Core,737499,737499,1,,746987
1403,2026-09-22T06:26:07,2026-09-21T20:16:02,Chaos Core,737500,737500,1,,746987
1404,2026-09-22T06:26:14,2026-09-21T20:16:02,Chaos Core,737500,737500,1,,746987
1405,2026-09-22T06:26:22,2026-09-21T20:16:02,Chaos Core,737999,737999,1,,746987
1406,2026-09-22T06:26:30,2026-09-21T20:16:02,Chaos Core,738745,738745,1,,746987
1407,2026-09-22T06:26:38,2026-09-21T20:16:02,Chaos Core,738745,738745,1,,746987
1408,2026-09-22T06:26:54,2026-09-21T20:16:02,Chaos Core,738745,738745,1,,746987
1409,2026-09-22T06:27:00,2026-09-21T20:16:02,Chaos Core,738499,738499,1,,746987
1410,2026-09-22T06:27:07,2026-09-21T20:16:02,Chaos Core,739999,739999,1,,746987
1411,2026-09-22T06:27:17,2026-09-21T20:16:02,Chaos Core,739999,184999750,250,,746987
1412,2026-09-22T06:35:41,2026-09-21T20:16:02,Chaos Core,739999,739999,1,,
1413,2026-09-22T06:38:53,2026-09-21T20:16:02,Chaos Core,739380,57671640,78,,746978
1414,2026-09-22T06:39:01,2026-09-21T20:16:02,Chaos Core,739380,73198620,99,,746978
1415,2026-09-22T06:40:19,2026-09-21T20:16:02,Chaos Core,739380,70980480,96,,746977
1416,2026-09-22T06:40:29,2026-09-21T20:16:02,Chaos Core,739370,21441730,29,,746977
1417,2026-09-22T06:40:47,2026-09-21T20:16:02,Chaos Core,739999,10359986,14,,746977
1418,2026-09-22T06:41:06,2026-09-21T20:16:02,Chaos Core,739999,1479998,2,,746977
1419,2026-09-22T06:45:35,2026-09-21T20:16:02,Chaos Core,739000,739000,1,,
1420,2026-09-22T06:47:25,2026-09-21T20:16:02,Chaos Core,739000,145583000,197,,746969
1421,2026-09-22T06:47:35,2026-09-21T20:16:02,Chaos Core,739000,739000,1,,746969
1422,2026-09-22T06:48:56,2026-09-21T20:16:02,Chaos Core,739000,184011000,249,,746968
1423,2026-09-22T06:51:01,2026-09-21T20:16:02,Chaos Core,739000,27343000,37,,746963
1424,2026-09-22T06:51:09,2026-09-21T20:16:02,Chaos Core,739000,48774000,66,,746963
1425,2026-09-22T06:51:18,2026-09-21T20:16:02,Chaos Core,739000,739000,1,,746963
1426,2026-09-22T06:51:29,2026-09-21T20:16:02,Chaos Core,739000,739000,1,,746963
1427,2026-09-22T06:51:38,2026-09-21T20:16:02,Chaos Core,739000,84246000,114,,746963
1428,2026-09-22T06:55:19,2026-09-21T20:16:02,Chaos Core,738490,738490,1,,
1429,2026-09-22T06:58:40,2026-09-21T20:16:02,Chaos Core,729488,729488,1,,
1430,2026-09-22T07:06:35,2026-09-21T20:16:02,Yekaterina VIP Membership,112199999,112199999,1,,
1431,2026-09-22T07:14:48,2026-09-21T20:16:02,Chaos Core,714823,714823,1,,
1432,2026-09-22T07:18:15,2026-09-21T20:16:02,Chaos Core,714823,714823,1,,
1433,2026-09-22T07:24:13,2026-09-21T20:16:02,Chaos Core,714823,714823,1,,
1434,2026-09-22T09:24:10,2026-09-22T09:20:25,Chaos Core,715997,715997,1,,
1435,2026-09-22T09:38:59,2026-09-22T09:33:59,Yekaterina VIP Membership,112500000,112500000,1,,
1436,2026-09-22T09:42:00,2026-09-22T09:33:59,Chaos Core,715300,715300,1,,
1437,2026-09-22T09:45:55,2026-09-22T09:33:59,Chaos Core,709000,12053000,17,,736896
1438,2026-09-22T09:46:17,2026-09-22T09:33:59,Chaos Core,715300,55793400,78,,736896
1439,2026-09-22T09:46:40,2026-09-22T09:33:59,Chaos Core,715300,30757900,43,,736896
1440,2026-09-22T09:46:58,2026-09-22T09:33:59,Chaos Core,714000,81396000,114,,736896
1441,2026-09-22T09:48:30,2026-09-22T09:33:59,Force Core Set (High) X 1,190088,16537656,87,,198000
1442,2026-09-22T09:48:38,2026-09-22T09:33:59,Force Core Set (High) X 10,190088,19008800,100,,198000
1443,2026-09-22T09:49:24,2026-09-22T09:33:59,Force Core Set (High) X 10,190088,28513200,150,,198000
1444,2026-09-22T09:49:30,2026-09-22T09:33:59,Force Core Set (High) X 17,190088,3231496,17,,198000
1445,2026-09-22T09:49:36,2026-09-22T09:33:59,Force Core Set (High) X 20,190088,3801760,20,,198000
1446,2026-09-22T09:54:13,2026-09-22T09:33:59,Chaos Core,707178,24751230,35,,736885
1447,2026-09-22T09:54:30,2026-09-22T09:33:59,Chaos Core,707715,102618675,145,,736885
1448,2026-09-22T10:03:24,2026-09-22T09:59:18,Force Core Set (High) X 9,190088,1710792,9,,196994
1449,2026-09-22T10:03:30,2026-09-22T09:59:18,Force Core Set (High) X 9,190088,1710792,9,,196994
1450,2026-09-22T10:03:35,2026-09-22T09:59:18,Force Core Set (High) X 22,190088,4181936,22,,196994
1451,2026-09-22T10:03:42,2026-09-22T09:59:18,Force Core Set (High) X 68,190180,12932240,68,,196994
1452,2026-09-22T10:06:18,2026-09-22T09:59:18,Chaos Core,710000,710000,1,,
1453,2026-09-22T10:07:29,2026-09-22T09:59:18,Chaos Core,715300,715300,1,,
1454,2026-09-22T10:09:15,2026-09-22T09:59:18,Chaos Core,715300,31473200,44,,736871
1455,2026-09-22T10:09:24,2026-09-22T09:59:18,Chaos Core,715300,32188500,45,,736871
1456,2026-09-22T10:09:36,2026-09-22T09:59:18,Chaos Core,715300,31473200,44,,736871
1457,2026-09-22T10:09:50,2026-09-22T09:59:18,Chaos Core,715300,33619100,47,,736871
1458,2026-09-22T10:14:05,2026-09-22T09:59:18,Force Core Set (Ultimate) X 11,291262,3203882,11,,354000
1459,2026-09-22T10:14:10,2026-09-22T09:59:18,Force Core Set (Ultimate) X 103,291262,30000000,103,,354000
1460,2026-09-22T10:16:55,2026-09-22T09:59:18,Chaos Core,717305,717305,1,,
1461,2026-09-22T10:18:04,2026-09-22T09:59:18,Chaos Core,715398,715398,1,,
1462,2026-09-22T10:28:38,2026-09-22T09:59:18,Chaos Core,716999,716999,1,,
1463,2026-09-22T10:33:44,2026-09-22T09:59:18,Force Core Set (Ultimate) X 24,364736,8753664,24,,399307
1464,2026-09-22T10:33:49,2026-09-22T09:59:18,Force Core Set (Ultimate) X 38,364736,13860000,38,,399307
1465,2026-09-22T10:33:55,2026-09-22T09:59:18,Force Core Set (Ultimate) X 2,364838,729676,2,,399307
1466,2026-09-22T10:34:00,2026-09-22T09:59:18,Force Core Set (Ultimate) X 4,364838,1459352,4,,399307
1467,2026-09-22T10:34:06,2026-09-22T09:59:18,Force Core Set (Ultimate) X 10,364838,43780560,120,,399307
1468,2026-09-22T10:34:50,2026-09-22T09:59:18,Force Core Set (Ultimate) X 10,364838,21890280,60,,399306
1469,2026-09-22T10:34:56,2026-09-22T09:59:18,Force Core Set (Ultimate) X 35,364838,12769330,35,,399306
1470,2026-09-22T10:35:02,2026-09-22T09:59:18,Force Core Set (Ultimate) X 56,364838,20430928,56,,399306
1471,2026-09-22T10:35:07,2026-09-22T09:59:18,Force Core Set (Ultimate) X 100,364838,36483800,100,,399306
1472,2026-09-22T10:37:59,2026-09-22T09:59:18,Chaos Core,730000,730000,1,,
1473,2026-09-22T10:39:04,2026-09-22T09:59:18,Chaos Core,729315,729315,1,,
1474,2026-09-22T10:47:02,2026-09-22T09:59:18,Chaos Core,728780,728780,1,,
1475,2026-09-22T10:53:34,2026-09-22T09:59:18,Siena's Unbinding Stone,75000000,75000000,1,,
1476,2026-09-22T11:01:43,2026-09-22T09:59:18,Chaos Core,725177,725177,1,,
1477,2026-09-22T11:02:51,2026-09-22T09:59:18,Chaos Core,724621,724621,1,,
1478,2026-09-22T11:07:34,2026-09-22T09:59:18,Force Core Set (Ultimate) X 11,364838,4013218,11,,399282
1479,2026-09-22T11:07:39,2026-09-22T09:59:18,Force Core Set (Ultimate) X 48,364838,17512224,48,,399282
1480,2026-09-22T11:07:46,2026-09-22T09:59:18,Force Core Set (Ultimate) X 5,365348,1826740,5,,399282
1481,2026-09-22T11:17:14,2026-09-22T09:59:18,Chaos Core,735000,735000,1,,
1482,2026-09-22T11:18:19,2026-09-22T09:59:18,Chaos Core,710000,710000,1,,
1483,2026-09-22T11:22:42,2026-09-22T09:59:18,Force Core Set (High) X 14,188404,2637656,14,,198000
1484,2026-09-22T11:22:47,2026-09-22T09:59:18,Force Core Set (High) X 32,188404,6028928,32,,198000
1485,2026-09-22T11:22:53,2026-09-22T09:59:18,Force Core Set (High) X 52,188404,9797008,52,,198000
1486,2026-09-22T11:22:58,2026-09-22T09:59:18,Force Core Set (High) X 77,188404,14507108,77,,198000
1487,2026-09-22T11:23:03,2026-09-22T09:59:18,Force Core Set (High) X 100,188404,18840400,100,,198000
1488,2026-09-22T11:24:12,2026-09-22T09:59:18,Force Core Set (High) X 484,188404,91188000,484,,198000
1489,2026-09-22T11:33:53,2026-09-22T09:59:18,Chaos Core,735000,735000,1,,
1490,2026-09-22T11:35:04,2026-09-22T09:59:18,Chaos Core,735000,735000,1,,
1491,2026-09-22T11:48:07,2026-09-22T09:59:18,Upgrade Core Set (Ultimate) X 60,433333,26000000,60,,440428
1492,2026-09-22T11:50:59,2026-09-22T09:59:18,Chaos Core,716000,44392000,62,,730613
1493,2026-09-22T11:51:39,2026-09-22T09:59:18,Chaos Core,728648,728648,1,,730613
1494,2026-09-22T11:56:03,2026-09-22T09:59:18,Upgrade Core Set (Ultimate) X 1,440427,440427,1,,458354
1495,2026-09-22T11:56:08,2026-09-22T09:59:18,Upgrade Core Set (Ultimate) X 1,440427,440427,1,,458354
1496,2026-09-22T11:56:14,2026-09-22T09:59:18,Upgrade Core Set (Ultimate) X 8,440427,3523416,8,,458354
1497,2026-09-22T11:56:19,2026-09-22T09:59:18,Upgrade Core Set (Ultimate) X 22,440427,9689394,22,,458354
1498,2026-09-22T11:56:24,2026-09-22T09:59:18,Upgrade Core Set (Ultimate) X 23,440427,10129821,23,,458354
1499,2026-09-22T11:57:08,2026-09-22T09:59:18,Upgrade Core Set (Ultimate) X 22,440428,9689416,22,,458353
1500,2026-09-22T11:57:15,2026-09-22T09:59:18,Upgrade Core Set (Ultimate) X 24,440430,10570320,24,,458353
1501,2026-09-22T11:58:00,2026-09-22T09:59:18,Upgrade Core Set (Ultimate) X 2,440436,880872,2,,458352
1502,2026-09-22T11:58:08,2026-09-22T09:59:18,Upgrade Core Set (Ultimate) X 5,440436,44043600,100,,458352
1503,2026-09-22T12:00:10,2026-09-22T09:59:18,Chaos Core,727993,727993,1,,
1504,2026-09-22T12:01:10,2026-09-22T09:59:18,Chaos Core,727993,727993,1,,
1505,2026-09-22T12:05:29,2026-09-22T09:59:18,Chaos Core,714241,714241,1,,729272
1506,2026-09-22T12:06:06,2026-09-22T09:59:18,Chaos Core,727993,1455986,2,,729272
1507,2026-09-22T12:06:54,2026-09-22T09:59:18,Chaos Core,712869,28514760,40,,729271
1508,2026-09-22T12:07:28,2026-09-22T09:59:18,Chaos Core,712869,712869,1,,729271
1509,2026-09-22T12:07:35,2026-09-22T09:59:18,Chaos Core,712341,712341,1,,729271
1510,2026-09-22T12:08:25,2026-09-22T09:59:18,Chaos Core,712341,163126089,229,,729267
1511,2026-09-22T12:08:56,2026-09-22T09:59:18,Chaos Core,727993,1455986,2,,729267
1512,2026-09-22T12:11:52,2026-09-22T09:59:18,Chaos Core,727993,727993,1,,
1513,2026-09-22T12:12:48,2026-09-22T09:59:18,Chaos Core,727993,727993,1,,
1514,2026-09-22T12:13:35,2026-09-22T09:59:18,Chaos Core,715000,30030000,42,,729262
1515,2026-09-22T12:34:29,2026-09-22T09:59:18,Chaos Core,706178,17654450,25,,729243
1516,2026-09-22T12:35:57,2026-09-22T09:59:18,Chaos Core,706178,39545968,56,,729243
1517,2026-09-22T12:36:15,2026-09-22T09:59:18,Chaos Core,717305,178608945,249,,729243
1518,2026-09-22T12:37:33,2026-09-22T09:59:18,Chaos Core Set X 1,699999,699999,1,,728705
1519,2026-09-22T12:37:42,2026-09-22T09:59:18,Chaos Core Set X 36,719245,25892855,36,,728705
1520,2026-09-22T12:37:52,2026-09-22T09:59:18,Chaos Core Set X 156,719245,112202220,156,,728705
1521,2026-09-22T12:38:18,2026-09-22T09:59:18,Chaos Core Set X 330,719245,237350850,330,,728705
1522,2026-09-22T12:38:45,2026-09-22T09:59:18,Chaos Core Set X 1,719246,100694440,140,,728705
1523,2026-09-22T12:40:33,2026-09-22T09:59:18,Chaos Core,729999,729999,1,,
1524,2026-09-22T12:41:34,2026-09-22T09:59:18,Chaos Core,729999,729999,1,,
1525,2026-09-22T12:54:38,2026-09-22T09:59:18,Chaos Core,726000,726000,1,,
1526,2026-09-22T12:55:30,2026-09-22T09:59:18,Chaos Core,723000,723000,1,,
1527,2026-09-22T13:01:43,2026-09-22T09:59:18,Chaos Core,722200,722200,1,,
1528,2026-09-22T13:02:36,2026-09-22T09:59:18,Chaos Core,720400,720400,1,,
1529,2026-09-22T13:06:50,2026-09-22T09:59:18,Chaos Core,722222,180555500,250,,727989
1530,2026-09-22T13:06:56,2026-09-22T09:59:18,Chaos Core,720488,720488,1,,727989
1531,2026-09-22T13:07:04,2026-09-22T09:59:18,Chaos Core,720993,720993,1,,727989
1532,2026-09-22T13:08:30,2026-09-22T09:59:18,Chaos Core,722222,179111056,248,,727985
1533,2026-09-22T13:08:45,2026-09-22T09:59:18,Chaos Core,722222,722222,1,,727985
1534,2026-09-22T13:10:18,2026-09-22T09:59:18,Force Core Set (High) X 37,188402,6970874,37,,194954
1535,2026-09-22T13:10:23,2026-09-22T09:59:18,Force Core Set (High) X 39,188402,7347678,39,,194954
1536,2026-09-22T13:10:29,2026-09-22T09:59:18,Force Core Set (High) X 44,188402,8289688,44,,194954
1537,2026-09-22T13:10:34,2026-09-22T09:59:18,Force Core Set (High) X 46,188402,8666492,46,,194954
1538,2026-09-22T13:10:40,2026-09-22T09:59:18,Force Core Set (High) X 58,188402,10927316,58,,194954
1539,2026-09-22T13:12:31,2026-09-22T09:59:18,Chaos Core,726000,726000,1,,
1540,2026-09-22T13:13:31,2026-09-22T09:59:18,Chaos Core,726000,726000,1,,
1541,2026-09-22T13:17:49,2026-09-22T09:59:18,Force Core Set (High) X 1,188403,17898285,95,,194946
1542,2026-09-22T13:17:54,2026-09-22T09:59:18,Force Core Set (High) X 73,188403,13753419,73,,194946
1543,2026-09-22T13:18:00,2026-09-22T09:59:18,Force Core Set (High) X 5,188405,942025,5,,194946
1544,2026-09-22T13:18:06,2026-09-22T09:59:18,Force Core Set (High) X 11,188405,2072455,11,,194946
1545,2026-09-22T13:18:49,2026-09-22T09:59:18,Force Core Set (High) X 1,188403,3391254,18,,194943
1546,2026-09-22T13:18:54,2026-09-22T09:59:18,Force Core Set (High) X 35,188405,6594175,35,,194943
1547,2026-09-22T13:19:00,2026-09-22T09:59:18,Force Core Set (High) X 138,188405,26000000,138,,194943
1548,2026-09-22T13:25:18,2026-09-22T09:59:18,Chaos Core,717636,75351780,105,,727956
1549,2026-09-22T13:25:42,2026-09-22T09:59:18,Chaos Core,722222,722222,1,,727956
1550,2026-09-22T13:25:50,2026-09-22T09:59:18,Chaos Core,716962,716962,1,,727956
1551,2026-09-22T13:25:58,2026-09-22T09:59:18,Chaos Core,717636,717636,1,,727956
1552,2026-09-22T13:26:08,2026-09-22T09:59:18,Chaos Core,717636,717636,1,,727956
1553,2026-09-22T13:26:16,2026-09-22T09:59:18,Chaos Core,718137,718137,1,,727956
1554,2026-09-22T13:26:25,2026-09-22T09:59:18,Chaos Core,718712,718712,1,,727956
1555,2026-09-22T13:26:45,2026-09-22T09:59:18,Chaos Core,720000,720000,1,,727956
1556,2026-09-22T13:27:05,2026-09-22T09:59:18,Chaos Core,722222,722222,1,,727956
1557,2026-09-22T13:27:26,2026-09-22T09:59:18,Chaos Core,722222,722222,1,,727956
1558,2026-09-22T13:28:44,2026-09-22T09:59:18,Chaos Core,718712,178959288,249,,727953
1559,2026-09-22T13:31:31,2026-09-22T09:59:18,Chaos Core,726000,726000,1,,
1560,2026-09-22T13:32:23,2026-09-22T09:59:18,Chaos Core,724641,724641,1,,
1561,2026-09-22T13:37:04,2026-09-22T09:59:18,Upgrade Core Set (Ultimate) X 1,440427,440427,1,,457900
1562,2026-09-22T13:37:10,2026-09-22T09:59:18,Upgrade Core Set (Ultimate) X 7,440427,3082989,7,,457900
1563,2026-09-22T13:37:17,2026-09-22T09:59:18,Upgrade Core Set (Ultimate) X 10,440427,79276860,180,,457900
1564,2026-09-22T13:38:01,2026-09-22T09:59:18,Upgrade Core Set (Ultimate) X 10,440427,52851240,120,,457900
1565,2026-09-22T13:38:06,2026-09-22T09:59:18,Upgrade Core Set (Ultimate) X 33,440427,14534091,33,,457900
1566,2026-09-22T13:40:02,2026-09-22T09:59:18,Chaos Core,722166,722166,1,,
1567,2026-09-22T13:45:17,2026-09-22T09:59:18,Chaos Core,720995,28118805,39,,727917
1568,2026-09-22T13:45:25,2026-09-22T09:59:18,Chaos Core,720416,21612480,30,,727917
1569,2026-09-22T13:45:42,2026-09-22T09:59:18,Chaos Core,721518,179657982,249,,727917
1570,2026-09-22T13:47:02,2026-09-22T09:59:18,Chaos Core,719770,45345510,63,,727916
1571,2026-09-22T13:47:13,2026-09-22T09:59:18,Chaos Core,719772,49664268,69,,727916
1572,2026-09-22T13:47:28,2026-09-22T09:59:18,Chaos Core,720416,34579968,48,,727916
1573,2026-09-22T13:49:43,2026-09-22T09:59:18,Chaos Core,719770,719770,1,,
1574,2026-09-22T13:50:33,2026-09-22T09:59:18,Chaos Core,719770,719770,1,,
1575,2026-09-22T13:57:11,2026-09-22T09:59:18,Chaos Core,718458,718458,1,,
1576,2026-09-22T13:58:06,2026-09-22T09:59:18,Chaos Core,718458,718458,1,,
1577,2026-09-22T14:31:24,2026-09-22T09:59:18,Chaos Core,712444,712444,1,,
1578,2026-09-22T14:32:16,2026-09-22T09:59:18,Chaos Core,712444,712444,1,,
1579,2026-09-22T14:39:21,2026-09-22T09:59:18,Chaos Core,709872,709872,1,,
1580,2026-09-22T14:43:33,2026-09-22T09:59:18,Chaos Core,713000,42780000,60,,727815
1581,2026-09-22T14:43:51,2026-09-22T09:59:18,Chaos Core,713000,9269000,13,,727815
1582,2026-09-22T14:44:56,2026-09-22T09:59:18,Chaos Core,716260,1432520,2,,727815
1583,2026-09-22T14:46:13,2026-09-22T09:59:18,Chaos Core,716260,66612180,93,,727813
1584,2026-09-22T14:46:25,2026-09-22T09:59:18,Chaos Core,716260,103857700,145,,727813
1585,2026-09-22T14:46:37,2026-09-22T09:59:18,Chaos Core,717305,1434610,2,,727813
1586,2026-09-22T14:49:59,2026-09-22T09:59:18,Chaos Core,717305,717305,1,,
1587,2026-09-22T14:50:56,2026-09-22T09:59:18,Chaos Core,719000,719000,1,,
1588,2026-09-22T14:52:36,2026-09-22T09:59:18,Chaos Core,716668,22216708,31,,727808
1589,2026-09-22T14:52:55,2026-09-22T09:59:18,Chaos Core,719000,11504000,16,,727808
1590,2026-09-22T14:53:24,2026-09-22T09:59:18,Chaos Core,719105,2157315,3,,727808
1591,2026-09-22T14:53:44,2026-09-22T09:59:18,Chaos Core,719105,128719795,179,,727808
1592,2026-09-22T14:53:52,2026-09-22T09:59:18,Chaos Core,716146,1432292,2,,727808
1593,2026-09-22T14:55:12,2026-09-22T09:59:18,Chaos Core,714333,2857332,4,,727806
1594,2026-09-22T14:55:36,2026-09-22T09:59:18,Chaos Core,719105,56809295,79,,727806
1595,2026-09-22T14:56:02,2026-09-22T09:59:18,Chaos Core,719770,16554710,23,,727806
1596,2026-09-22T14:56:09,2026-09-22T09:59:18,Chaos Core,713833,713833,1,,727806
1597,2026-09-22T14:56:17,2026-09-22T09:59:18,Chaos Core,714333,714333,1,,727806
1598,2026-09-22T14:56:25,2026-09-22T09:59:18,Chaos Core,715620,715620,1,,727806
1599,2026-09-22T14:56:35,2026-09-22T09:59:18,Chaos Core,717305,158524405,221,,727806
1600,2026-09-22T15:02:41,2026-09-22T09:59:18,Chaos Core,716104,716104,1,,
1601,2026-09-22T15:05:02,2026-09-22T09:59:18,Chaos Core,716675,716675,1,,
1602,2026-09-22T15:05:44,2026-09-22T09:59:18,Force Core Set (Highest) X 15,196721,2950815,15,,204939
1603,2026-09-22T15:05:50,2026-09-22T09:59:18,Force Core Set (Highest) X 61,196721,12000000,61,,204939
1604,2026-09-22T15:05:56,2026-09-22T09:59:18,Force Core Set (Highest) X 102,196721,20065542,102,,204939
1605,2026-09-22T15:06:02,2026-09-22T09:59:18,Force Core Set (Highest) X 116,196721,22819636,116,,204939
1606,2026-09-22T15:09:31,2026-09-22T15:07:55,Chaos Core,714911,8578932,12,,727808
1607,2026-09-22T15:09:56,2026-09-22T15:07:55,Chaos Core,717305,80338160,112,,727808
1608,2026-09-22T15:10:21,2026-09-22T15:07:55,Chaos Core,717305,109030360,152,,727808
1609,2026-09-22T15:12:00,2026-09-22T15:07:55,Chaos Core,717305,717305,1,,727807
1610,2026-09-22T15:12:09,2026-09-22T15:07:55,Chaos Core,713638,713638,1,,727807
1611,2026-09-22T15:12:16,2026-09-22T15:07:55,Chaos Core,714331,714331,1,,727807
1612,2026-09-22T15:12:24,2026-09-22T15:07:55,Chaos Core,714911,714911,1,,727807
1613,2026-09-22T15:12:44,2026-09-22T15:07:55,Chaos Core,716104,716104,1,,727807
1614,2026-09-22T15:14:44,2026-09-22T15:07:55,Chaos Core,720000,144000000,200,,727807
1615,2026-09-22T15:14:53,2026-09-22T15:07:55,Chaos Core,720000,720000,1,,727807
1616,2026-09-22T15:16:19,2026-09-22T15:07:55,Chaos Core,720000,177840000,247,,727806
1617,2026-09-22T15:16:30,2026-09-22T15:07:55,Chaos Core,721518,1443036,2,,727806
1618,2026-09-22T15:18:03,2026-09-22T15:07:55,Chaos Core,721518,49784742,69,,727803
1619,2026-09-22T15:18:16,2026-09-22T15:07:55,Chaos Core,721519,7215190,10,,727803
1620,2026-09-22T15:18:28,2026-09-22T15:07:55,Chaos Core,721519,25974684,36,,727803
1621,2026-09-22T15:18:42,2026-09-22T15:07:55,Chaos Core,721519,6493671,9,,727803
1622,2026-09-22T15:18:59,2026-09-22T15:07:55,Chaos Core,721519,16594937,23,,727803
1623,2026-09-22T15:19:08,2026-09-22T15:07:55,Chaos Core,720364,85723316,119,,727803
1624,2026-09-22T15:19:28,2026-09-22T15:07:55,Chaos Core,724641,724641,1,,727803
1625,2026-09-22T15:21:03,2026-09-22T15:07:55,Chaos Core,720364,43942204,61,,727802
1626,2026-09-22T15:21:37,2026-09-22T15:07:55,Chaos Core,724641,1449282,2,,727802
1627,2026-09-22T15:34:37,2026-09-22T15:30:17,Yekaterina VIP Membership,112500000,112500000,1,,
1628,2026-09-22T15:35:18,2026-09-22T15:30:17,Chaos Core,720000,720000,1,,
1629,2026-09-22T15:36:09,2026-09-22T15:30:17,Chaos Core,720000,720000,1,,
1630,2026-09-22T15:36:58,2026-09-22T15:30:17,Chaos Core,720000,19440000,27,,727799
1631,2026-09-22T15:42:39,2026-09-22T15:41:19,Chaos Core,717458,717458,1,,
1632,2026-09-22T16:09:28,2026-09-22T16:02:25,Upgrade Core Set (Ultimate) X 17,440427,7487259,17,,457810
1633,2026-09-22T16:09:34,2026-09-22T16:02:25,Upgrade Core Set (Ultimate) X 51,440427,22461777,51,,457810
1634,2026-09-22T16:11:33,2026-09-22T16:02:25,Chaos Core,726000,726000,1,,
1635,2026-09-22T16:12:32,2026-09-22T16:02:25,Chaos Core,726000,726000,1,,
1636,2026-09-22T16:44:13,2026-09-22T16:40:25,Upgrade Core Set (Ultimate) X 5,440427,79276860,180,,457782
1637,2026-09-22T16:44:58,2026-09-22T16:40:25,Upgrade Core Set (Ultimate) X 5,440427,4404270,10,,457781
1638,2026-09-22T16:46:57,2026-09-22T16:40:25,Chaos Core,726379,726379,1,,
1639,2026-09-22T16:47:51,2026-09-22T16:40:25,Chaos Core,726379,726379,1,,
1640,2026-09-22T17:08:38,2026-09-22T16:40:25,Chaos Core,724178,724178,1,,
1641,2026-09-22T17:09:34,2026-09-22T16:40:25,Chaos Core,724178,724178,1,,
1642,2026-09-22T17:15:00,2026-09-22T16:40:25,Chaos Core,721092,21632760,30,,727685
1643,2026-09-22T17:46:44,2026-09-22T16:40:25,Chaos Core,723178,723178,1,,
1644,2026-09-22T17:47:49,2026-09-22T16:40:25,Chaos Core,723178,723178,1,,
1645,2026-09-22T17:53:17,2026-09-22T16:40:25,Upgrade Core Set (Ultimate) X 239,440427,105262053,239,,457718
1646,2026-09-22T17:55:35,2026-09-22T16:40:25,Chaos Core,723178,723178,1,,
1647,2026-09-22T17:56:32,2026-09-22T16:40:25,Chaos Core,723178,723178,1,,
1648,2026-09-22T18:03:36,2026-09-22T16:40:25,Chaos Core,706192,706192,1,,
1649,2026-09-22T18:04:35,2026-09-22T16:40:25,Chaos Core,706192,706192,1,,
1650,2026-09-22T18:20:39,2026-09-22T16:40:25,Chaos Core,710000,80940000,114,,727583
1651,2026-09-22T18:21:06,2026-09-22T16:40:25,Chaos Core,720000,131040000,182,,727583
1652,2026-09-22T18:21:14,2026-09-22T16:40:25,Chaos Core,697915,697915,1,,727583
1653,2026-09-22T18:23:10,2026-09-22T16:40:25,Chaos Core,720000,82080000,114,,727581
1654,2026-09-22T18:23:37,2026-09-22T16:40:25,Chaos Core,721000,72100000,100,,727581
1655,2026-09-22T18:23:44,2026-09-22T16:40:25,Chaos Core,697969,697969,1,,727581
1656,2026-09-22T18:24:05,2026-09-22T16:40:25,Chaos Core,702576,702576,1,,727581
1657,2026-09-22T18:26:51,2026-09-22T16:40:25,Chaos Core,721000,82194000,114,,727578
1658,2026-09-22T18:27:11,2026-09-22T16:40:25,Chaos Core,702576,702576,1,,727578
1659,2026-09-22T18:27:31,2026-09-22T16:40:25,Chaos Core,704531,704531,1,,727578
1660,2026-09-22T18:27:46,2026-09-22T16:40:25,Chaos Core,706192,706192,1,,727578
1661,2026-09-22T18:28:00,2026-09-22T16:40:25,Chaos Core,710000,710000,1,,727578
1662,2026-09-22T18:28:14,2026-09-22T16:40:25,Chaos Core,710000,710000,1,,727578
1663,2026-09-22T18:28:28,2026-09-22T16:40:25,Chaos Core,710000,710000,1,,727578
1664,2026-09-22T18:28:42,2026-09-22T16:40:25,Chaos Core,720000,720000,1,,727578
1665,2026-09-22T18:28:58,2026-09-22T16:40:25,Chaos Core,721000,721000,1,,727578
1666,2026-09-22T18:29:13,2026-09-22T16:40:25,Chaos Core,721000,82915000,115,,727578
1667,2026-09-22T18:37:21,2026-09-22T16:40:25,Chaos Core,726998,726998,1,,
1668,2026-09-22T18:38:19,2026-09-22T16:40:25,Chaos Core,726998,726998,1,,
1669,2026-09-22T18:39:48,2026-09-22T16:40:25,Chaos Core,720727,71351973,99,,727575
1670,2026-09-22T18:59:14,2026-09-22T16:40:25,Chaos Core,714617,75749402,106,,727535
1671,2026-09-22T18:59:23,2026-09-22T16:40:25,Chaos Core,714617,5716936,8,,727535
1672,2026-09-22T18:59:33,2026-09-22T16:40:25,Chaos Core,714617,61457062,86,,727535
1673,2026-09-22T19:01:04,2026-09-22T16:40:25,Chaos Core,714617,714617,1,,727535
1674,2026-09-22T19:04:27,2026-09-22T16:40:25,Chaos Core,715284,715284,1,,
1675,2026-09-22T19:45:41,2026-09-22T16:40:25,Force Core Set (High) X 1,190085,21289520,112,,198000
1676,2026-09-22T19:45:58,2026-09-22T16:40:25,Force Core Set (High) X 1,190085,190085,1,,198000
1677,2026-09-22T19:46:16,2026-09-22T16:40:25,Force Core Set (High) X 7,190085,1330601,7,,198000
1678,2026-09-22T19:46:21,2026-09-22T16:40:25,Force Core Set (High) X 33,190085,6272805,33,,198000
1679,2026-09-22T19:46:27,2026-09-22T16:40:25,Force Core Set (High) X 82,190085,15586970,82,,198000
1680,2026-09-22T19:47:12,2026-09-22T16:40:25,Force Core Set (High) X 100,190085,38017000,200,,197998
1681,2026-09-22T19:47:56,2026-09-22T16:40:25,Force Core Set (High) X 105,190085,19958925,105,,197998
1682,2026-09-22T19:48:02,2026-09-22T16:40:25,Force Core Set (High) X 168,190085,31934280,168,,197998
1683,2026-09-22T19:50:23,2026-09-22T16:40:25,Chaos Core,698291,698291,1,,
1684,2026-09-22T19:51:17,2026-09-22T16:40:25,Chaos Core,698291,698291,1,,
1685,2026-09-22T20:05:46,2026-09-22T16:40:25,Chaos Core,699588,699588,1,,
1686,2026-09-22T20:08:07,2026-09-22T16:40:25,Chaos Core,699588,699588,1,,
1687,2026-09-22T20:33:28,2026-09-22T16:40:25,Siena's Unbinding Stone,74999998,74999998,1,,
1688,2026-09-22T20:48:48,2026-09-22T16:40:25,Chaos Core,686654,686654,1,,
1689,2026-09-22T20:49:45,2026-09-22T16:40:25,Chaos Core,686654,686654,1,,
1690,2026-09-22T21:04:04,2026-09-22T16:40:25,Chaos Core,692589,692589,1,,
1691,2026-09-22T21:04:59,2026-09-22T16:40:25,Chaos Core,692589,692589,1,,
1692,2026-09-22T21:18:39,2026-09-22T16:40:25,Yekaterina VIP Membership,111000000,111000000,1,,
1693,2026-09-22T21:19:49,2026-09-22T16:40:25,Chaos Core,692057,692057,1,,
1694,2026-09-22T21:20:41,2026-09-22T16:40:25,Chaos Core,692057,692057,1,,
1695,2026-09-22T21:34:17,2026-09-22T16:40:25,Chaos Core,692588,692588,1,,
1696,2026-09-22T21:36:30,2026-09-22T16:40:25,Chaos Core,700000,700000,1,,
1697,2026-09-22T21:38:19,2026-09-22T16:40:25,Chaos Core,710988,710988,1,,
1698,2026-09-22T21:39:11,2026-09-22T16:40:25,Chaos Core,712189,712189,1,,
1699,2026-09-22T21:46:13,2026-09-22T16:40:25,Chaos Core,710314,710314,1,,
1700,2026-09-22T21:47:07,2026-09-22T16:40:25,Chaos Core,710314,710314,1,,
1701,2026-09-22T21:49:10,2026-09-22T16:40:25,Chaos Core,710314,107967728,152,,727225
1702,2026-09-22T21:49:24,2026-09-22T16:40:25,Chaos Core,710944,710944,1,,727225
1703,2026-09-22T21:51:03,2026-09-22T16:40:25,Chaos Core,710944,29859648,42,,727225
1704,2026-09-22T21:51:22,2026-09-22T16:40:25,Chaos Core,714000,80682000,113,,727225
1705,2026-09-22T21:51:40,2026-09-22T16:40:25,Chaos Core,715000,715000,1,,727225
1706,2026-09-22T21:53:15,2026-09-22T16:40:25,Chaos Core,715000,177320000,248,,727224
1707,2026-09-22T21:53:36,2026-09-22T16:40:25,Chaos Core,715000,715000,1,,727224
1708,2026-09-22T21:56:04,2026-09-22T16:40:25,Chaos Core,709165,77298985,109,,727224
1709,2026-09-22T21:56:13,2026-09-22T16:40:25,Chaos Core,709165,12055805,17,,727224
1710,2026-09-22T21:56:24,2026-09-22T16:40:25,Chaos Core,709165,144669660,204,,727224
1711,2026-09-22T22:04:42,2026-09-22T21:59:25,Chaos Core,709165,709165,1,,
1712,2026-09-22T22:05:35,2026-09-22T21:59:25,Chaos Core,709165,709165,1,,
1713,2026-09-22T22:07:03,2026-09-22T21:59:25,Chaos Core,707909,107602168,152,,727223
1714,2026-09-22T22:07:16,2026-09-22T21:59:25,Chaos Core,709165,709165,1,,727223
1715,2026-09-22T22:08:31,2026-09-22T21:59:25,Chaos Core,707909,25484724,36,,727222
1716,2026-09-22T22:08:42,2026-09-22T21:59:25,Chaos Core,709165,54605705,77,,727222
1717,2026-09-22T22:10:18,2026-09-22T21:59:25,Chaos Core,709165,153888805,217,,727222
1718,2026-09-22T22:13:02,2026-09-22T21:59:25,Chaos Core,707909,707909,1,,
1719,2026-09-22T22:13:54,2026-09-22T21:59:25,Chaos Core,707909,707909,1,,
1720,2026-09-22T22:15:51,2026-09-22T21:59:25,Chaos Core,707277,14145540,20,,727219
1721,2026-09-22T22:16:00,2026-09-22T21:59:25,Chaos Core,707277,14852817,21,,727219
1722,2026-09-22T22:16:13,2026-09-22T21:59:25,Chaos Core,707909,60880174,86,,727219
1723,2026-09-22T22:16:27,2026-09-22T21:59:25,Chaos Core,707909,17697725,25,,727219
1724,2026-09-22T22:16:43,2026-09-22T21:59:25,Chaos Core,707909,80701626,114,,727219
1725,2026-09-22T22:17:00,2026-09-22T21:59:25,Chaos Core,707909,707909,1,,727219
1726,2026-09-22T22:20:11,2026-09-22T21:59:25,Chaos Core,700000,170800000,244,,727218
1727,2026-09-22T22:20:32,2026-09-22T21:59:25,Chaos Core,707909,1415818,2,,727218
1728,2026-09-22T22:22:56,2026-09-22T21:59:25,Chaos Core,707909,707909,1,,
1729,2026-09-22T22:23:50,2026-09-22T21:59:25,Chaos Core,707909,707909,1,,
1730,2026-09-22T22:31:05,2026-09-22T21:59:25,Chaos Core,706000,706000,1,,
1731,2026-09-22T22:31:59,2026-09-22T21:59:25,Chaos Core,706000,706000,1,,
1732,2026-09-22T22:37:45,2026-09-22T21:59:25,Force Core Set (High) X 10,190088,34215840,180,,197886
1733,2026-09-22T22:38:31,2026-09-22T21:59:25,Force Core Set (High) X 10,190088,34215840,180,,197886
1734,2026-09-22T22:54:35,2026-09-22T21:59:25,Epic Booster (Highest),46250000,185000000,4,,
1735,2026-09-22T23:20:30,2026-09-22T21:59:25,Chaos Core,699051,29360142,42,,727171
1736,2026-09-22T23:20:45,2026-09-22T21:59:25,Chaos Core,699051,79691814,114,,727171
1737,2026-09-22T23:23:17,2026-09-22T21:59:25,Chaos Core,699051,79691814,114,,727170
1738,2026-09-22T23:23:34,2026-09-22T21:59:25,Chaos Core,699051,9087663,13,,727170
1739,2026-09-22T23:23:53,2026-09-22T21:59:25,Chaos Core,699052,1398104,2,,727170
1740,2026-09-22T23:30:50,2026-09-22T21:59:25,Chaos Core,697938,85846374,123,,727167
1741,2026-09-22T23:31:05,2026-09-22T21:59:25,Chaos Core,697938,34198962,49,,727167
1742,2026-09-22T23:31:20,2026-09-22T21:59:25,Chaos Core,697938,1395876,2,,727167
1743,2026-09-22T23:33:45,2026-09-22T21:59:25,Chaos Core,697938,137493786,197,,727166
1744,2026-09-22T23:34:03,2026-09-22T21:59:25,Chaos Core,699052,699052,1,,727166
1745,2026-09-22T23:36:48,2026-09-22T21:59:25,Upgrade Core Set (Ultimate) X 30,440427,13212810,30,,457515
1746,2026-09-22T23:38:46,2026-09-22T21:59:25,Chaos Core,699052,699052,1,,
1747,2026-09-22T23:39:39,2026-09-22T21:59:25,Chaos Core,699052,699052,1,,
1748,2026-09-22T23:46:39,2026-09-22T21:59:25,Chaos Core,714000,714000,1,,
1749,2026-09-22T23:47:31,2026-09-22T21:59:25,Chaos Core,714000,714000,1,,
1750,2026-09-23T00:00:31,2026-09-22T21:59:25,Force Core Set (High) X 1,190088,2281056,12,,197857
1751,2026-09-23T00:00:38,2026-09-22T21:59:25,Force Core Set (High) X 10,190088,17107920,90,,197857
1752,2026-09-23T00:00:44,2026-09-22T21:59:25,Force Core Set (High) X 126,190088,23951088,126,,197857
1753,2026-09-23T00:08:32,2026-09-22T21:59:25,Upgrade Core Set (Ultimate) X 139,440427,61219353,139,,457505
1754,2026-09-23T00:12:21,2026-09-22T21:59:25,Chaos Core,697566,91381146,131,,724981
1755,2026-09-23T00:12:30,2026-09-22T21:59:25,Chaos Core,697566,100449504,144,,724981
1756,2026-09-23T00:12:42,2026-09-22T21:59:25,Chaos Core,698153,698153,1,,724981
1757,2026-09-23T00:14:24,2026-09-22T21:59:25,Chaos Core,698846,18868842,27,,724980
1758,2026-09-23T00:14:41,2026-09-22T21:59:25,Chaos Core,698846,12579228,18,,724980
1759,2026-09-23T00:16:38,2026-09-22T21:59:25,Chaos Core,714000,42840000,60,,724980
1760,2026-09-23T00:17:01,2026-09-22T21:59:25,Chaos Core,714999,3574995,5,,724980
1761,2026-09-23T00:17:37,2026-09-22T21:59:25,Chaos Core,715000,32175000,45,,724980
1762,2026-09-23T00:17:45,2026-09-22T21:59:25,Chaos Core,697566,697566,1,,724980
1763,2026-09-23T00:22:13,2026-09-22T21:59:25,Chaos Core,715000,32175000,45,,724978
1764,2026-09-23T00:22:39,2026-09-22T21:59:25,Chaos Core,717540,10763100,15,,724978
1765,2026-09-23T00:23:00,2026-09-22T21:59:25,Chaos Core,698846,698846,1,,724978
1766,2026-09-23T00:23:20,2026-09-22T21:59:25,Chaos Core,698846,698846,1,,724978
1767,2026-09-23T00:23:40,2026-09-22T21:59:25,Chaos Core,698846,698846,1,,724978
1768,2026-09-23T00:24:00,2026-09-22T21:59:25,Chaos Core,699399,699399,1,,724978
1769,2026-09-23T00:24:43,2026-09-22T21:59:25,Chaos Core,714000,714000,1,,724978
1770,2026-09-23T00:25:04,2026-09-22T21:59:25,Chaos Core,714999,714999,1,,724978
1771,2026-09-23T00:34:45,2026-09-22T21:59:25,Upgrade Core Set (Ultimate) X 31,440427,13653237,31,,457502
1772,2026-09-23T00:34:50,2026-09-22T21:59:25,Upgrade Core Set (Ultimate) X 111,440427,48887397,111,,457502
1773,2026-09-23T00:34:55,2026-09-22T21:59:25,Upgrade Core Set (Ultimate) X 146,440427,64302342,146,,457502
1774,2026-09-23T00:37:18,2026-09-22T21:59:25,Chaos Core,700000,700000,1,,
1775,2026-09-23T00:38:12,2026-09-22T21:59:25,Chaos Core,700000,700000,1,,
1776,2026-09-23T00:39:43,2026-09-22T21:59:25,Chaos Core,700000,24500000,35,,724974
1777,2026-09-23T00:39:56,2026-09-22T21:59:25,Chaos Core,700000,9800000,14,,724974
1778,2026-09-23T00:40:12,2026-09-22T21:59:25,Chaos Core,717545,41617610,58,,724974
1779,2026-09-23T00:40:32,2026-09-22T21:59:25,Chaos Core,717545,20808805,29,,724974
1780,2026-09-23T00:40:53,2026-09-22T21:59:25,Chaos Core,717545,1435090,2,,724974
1781,2026-09-23T00:47:46,2026-09-22T21:59:25,Chaos Core,717545,717545,1,,
1782,2026-09-23T00:49:06,2026-09-22T21:59:25,Chaos Core,718392,718392,1,,
1783,2026-09-23T00:54:51,2026-09-22T21:59:25,Force Core Set (Ultimate) X 1,320000,37760000,118,,384604
1784,2026-09-23T00:54:56,2026-09-22T21:59:25,Force Core Set (Ultimate) X 18,320000,5760000,18,,384604
1785,2026-09-23T00:55:02,2026-09-22T21:59:25,Force Core Set (Ultimate) X 35,320000,11200000,35,,384604
1786,2026-09-23T00:55:10,2026-09-22T21:59:25,Force Core Set (Ultimate) X 32,349826,11194460,32,,384604
1787,2026-09-23T00:55:56,2026-09-22T21:59:25,Force Core Set (Ultimate) X 1,349827,15042561,43,,384603
1788,2026-09-23T00:56:04,2026-09-22T21:59:25,Force Core Set (Ultimate) X 1,349827,12243945,35,,384603
1789,2026-09-23T00:56:51,2026-09-22T21:59:25,Force Core Set (Ultimate) X 58,349827,20290000,58,,384604
1790,2026-09-23T00:56:58,2026-09-22T21:59:25,Force Core Set (Ultimate) X 66,349827,23088582,66,,384604
1791,2026-09-23T00:58:57,2026-09-22T21:59:25,Chaos Core,717545,717545,1,,
1792,2026-09-23T00:59:52,2026-09-22T21:59:25,Chaos Core,720000,720000,1,,
1793,2026-09-23T01:06:07,2026-09-22T21:59:25,Force Core Set (High) X 34,189869,6455555,34,,197841
1794,2026-09-23T01:06:13,2026-09-22T21:59:25,Force Core Set (High) X 65,189869,12341485,65,,197841
1795,2026-09-23T01:06:19,2026-09-22T21:59:25,Force Core Set (High) X 92,189869,17467948,92,,197841
1796,2026-09-23T01:06:57,2026-09-22T21:59:25,Upgrade Core Set (Ultimate) X 1,440427,7046832,16,,457491
1797,2026-09-23T01:07:02,2026-09-22T21:59:25,Upgrade Core Set (Ultimate) X 42,440427,18497934,42,,457491
1798,2026-09-23T01:07:08,2026-09-22T21:59:25,Upgrade Core Set (Ultimate) X 56,440427,24663912,56,,457491
1799,2026-09-23T01:07:14,2026-09-22T21:59:25,Upgrade Core Set (Ultimate) X 100,440427,44042700,100,,457491
1800,2026-09-23T01:07:57,2026-09-22T21:59:25,Upgrade Core Set (Ultimate) X 38,434210,16500000,38,,457489
1801,2026-09-23T01:08:04,2026-09-22T21:59:25,Upgrade Core Set (Ultimate) X 100,440427,88085400,200,,457489
1802,2026-09-23T01:08:42,2026-09-22T21:59:25,Force Core Set (Ultimate) X 41,317073,13000000,41,,384599
1803,2026-09-23T01:08:47,2026-09-22T21:59:25,Force Core Set (Ultimate) X 44,320000,14080000,44,,384599
1804,2026-09-23T01:08:58,2026-09-22T21:59:25,Force Core Set (Ultimate) X 5,349999,10499970,30,,384599
1805,2026-09-23T01:10:56,2026-09-22T21:59:25,Yekaterina VIP Membership,112499996,112499996,1,,
1806,2026-09-23T01:18:06,2026-09-22T21:59:25,Force Core Set (Ultimate) X 10,349999,62999820,180,,384596
1807,2026-09-23T01:19:54,2026-09-22T21:59:25,Chaos Core,715250,715250,1,,
1808,2026-09-23T01:20:37,2026-09-22T21:59:25,Chaos Core,715250,715250,1,,
1809,2026-09-23T01:33:38,2026-09-22T21:59:25,Epic Booster (Highest),46250000,185000000,4,,
1810,2026-09-23T01:35:23,2026-09-22T21:59:25,Chaos Core,709842,176750658,249,,724913
1811,2026-09-23T01:36:57,2026-09-22T21:59:25,Chaos Core,709322,709322,1,,724000
1812,2026-09-23T01:37:29,2026-09-22T21:59:25,Chaos Core,711654,177201846,249,,724000
1813,2026-09-23T01:37:49,2026-09-22T21:59:25,Chaos Core,711654,1423308,2,,724000
1814,2026-09-23T01:39:16,2026-09-22T21:59:25,Chaos Core,709322,20570338,29,,723994
1815,2026-09-23T01:39:37,2026-09-22T21:59:25,Chaos Core,711654,64760514,91,,723994
1816,2026-09-23T01:40:03,2026-09-22T21:59:25,Chaos Core,711654,145177416,204,,723994
1817,2026-09-23T01:42:01,2026-09-22T21:59:25,Chaos Core,711654,177913500,250,,723986
1818,2026-09-23T01:42:27,2026-09-22T21:59:25,Chaos Core,709322,709322,1,,723986
1819,2026-09-23T01:42:33,2026-09-22T21:59:25,Chaos Core,709842,709842,1,,723986
1820,2026-09-23T01:46:02,2026-09-22T21:59:25,Chaos Core,711654,104613138,147,,723983
1821,2026-09-23T01:47:59,2026-09-22T21:59:25,Chaos Core,712230,712230,1,,
1822,2026-09-23T01:48:40,2026-09-22T21:59:25,Chaos Core,713380,713380,1,,
1823,2026-09-23T01:55:53,2026-09-22T21:59:25,Epic Booster (Highest),46874998,187499992,4,,
1824,2026-09-23T01:59:19,2026-09-22T21:59:25,Chaos Core,715250,715250,1,,723957
1825,2026-09-23T01:59:42,2026-09-22T21:59:25,Chaos Core,717545,17938625,25,,723957
1826,2026-09-23T02:00:05,2026-09-22T21:59:25,Chaos Core,717545,83952765,117,,723957
1827,2026-09-23T02:00:31,2026-09-22T21:59:25,Chaos Core,717545,134180915,187,,723957
1828,2026-09-23T02:05:29,2026-09-22T21:59:25,Force Core Set (High) X 191,189506,36195646,191,,197803
1829,2026-09-23T02:07:16,2026-09-22T21:59:25,Chaos Core,719999,719999,1,,
1830,2026-09-23T02:07:55,2026-09-22T21:59:25,Chaos Core,719999,719999,1,,
1831,2026-09-23T02:10:45,2026-09-22T21:59:25,Chaos Core,704999,174839752,248,,723953
1832,2026-09-23T02:10:51,2026-09-22T21:59:25,Chaos Core,704439,704439,1,,723953
1833,2026-09-23T02:12:18,2026-09-22T21:59:25,Chaos Core,705000,66975000,95,,723949
1834,2026-09-23T02:12:27,2026-09-22T21:59:25,Chaos Core,703000,165205000,235,,723949
1835,2026-09-23T02:14:00,2026-09-22T21:59:25,Chaos Core,704439,97212582,138,,723949
1836,2026-09-23T02:20:09,2026-09-22T21:59:25,Chaos Core,719999,719999,1,,
1837,2026-09-23T02:25:55,2026-09-22T21:59:25,Force Core Set (High) X 10,189506,34111080,180,,197791
1838,2026-09-23T02:27:33,2026-09-22T21:59:25,Chaos Core,719999,719999,1,,
1839,2026-09-23T02:29:31,2026-09-22T21:59:25,Chaos Core,719999,719999,1,,
1840,2026-09-23T02:31:18,2026-09-22T21:59:25,Chaos Core,719999,719999,1,,
1841,2026-09-23T02:36:55,2026-09-22T21:59:25,Chaos Core,719999,719999,1,,
1842,2026-09-23T02:37:32,2026-09-22T21:59:25,Chaos Core,719999,719999,1,,
1843,2026-09-23T02:41:22,2026-09-22T21:59:25,Chaos Core,717947,99794633,139,,723928
1844,2026-09-23T02:41:34,2026-09-22T21:59:25,Chaos Core,717947,95486951,133,,723928
1845,2026-09-23T02:41:45,2026-09-22T21:59:25,Chaos Core,717947,717947,1,,723928
1846,2026-09-23T02:44:34,2026-09-22T21:59:25,Chaos Core,717947,33025562,46,,723927
1847,2026-09-23T02:45:10,2026-09-22T21:59:25,Chaos Core,719999,1439998,2,,723927
1848,2026-09-23T02:50:14,2026-09-22T21:59:25,Chaos Core,717258,81767412,114,,723921
1849,2026-09-23T02:54:43,2026-09-22T21:59:25,Chaos Core,719999,719999,1,,
1850,2026-09-23T02:55:22,2026-09-22T21:59:25,Chaos Core,719999,719999,1,,
1851,2026-09-23T02:59:38,2026-09-22T21:59:25,Force Core Set (High) X 5,189506,947530,5,,197768
1852,2026-09-23T02:59:44,2026-09-22T21:59:25,Force Core Set (High) X 10,189506,1895060,10,,197768
1853,2026-09-23T02:59:51,2026-09-22T21:59:25,Force Core Set (High) X 10,189506,11370360,60,,197768
1854,2026-09-23T02:59:56,2026-09-22T21:59:25,Force Core Set (High) X 36,189506,6822216,36,,197768
1855,2026-09-23T03:00:02,2026-09-22T21:59:25,Force Core Set (High) X 47,189506,8906782,47,,197768
1856,2026-09-23T03:05:41,2026-09-22T21:59:25,Chaos Core,712498,34912402,49,,723931
1857,2026-09-23T03:05:57,2026-09-22T21:59:25,Chaos Core,717545,33007070,46,,723931
1858,2026-09-23T03:06:23,2026-09-22T21:59:25,Chaos Core,719999,719999,1,,723931
1859,2026-09-23T03:18:38,2026-09-22T21:59:25,Upgrade Core Set (Ultimate) X 1,440427,440427,1,,457383
1860,2026-09-23T03:18:44,2026-09-22T21:59:25,Upgrade Core Set (Ultimate) X 17,440427,7487259,17,,457383
1861,2026-09-23T03:18:50,2026-09-22T21:59:25,Upgrade Core Set (Ultimate) X 24,440427,10570248,24,,457383
1862,2026-09-23T03:18:55,2026-09-22T21:59:25,Upgrade Core Set (Ultimate) X 25,440427,11010675,25,,457383
1863,2026-09-23T03:19:00,2026-09-22T21:59:25,Upgrade Core Set (Ultimate) X 30,440427,13212810,30,,457383
1864,2026-09-23T03:20:38,2026-09-22T21:59:25,Chaos Core,719999,719999,1,,
1865,2026-09-23T03:21:14,2026-09-22T21:59:25,Chaos Core,717545,717545,1,,
1866,2026-09-23T03:34:41,2026-09-22T21:59:25,Chaos Core,715278,47923626,67,,723932
1867,2026-09-23T03:34:53,2026-09-22T21:59:25,Chaos Core,715278,130180596,182,,723932
1868,2026-09-23T03:36:16,2026-09-22T21:59:25,Chaos Core,716999,14339980,20,,723930
1869,2026-09-23T03:36:39,2026-09-22T21:59:25,Chaos Core,716999,12188983,17,,723930
1870,2026-09-23T03:37:06,2026-09-22T21:59:25,Chaos Core,715278,715278,1,,723930
1871,2026-09-23T03:37:15,2026-09-22T21:59:25,Chaos Core,715278,715278,1,,723930
1872,2026-09-23T03:43:45,2026-09-22T21:59:25,Chaos Core,715839,81605646,114,,723926
1873,2026-09-23T03:43:54,2026-09-22T21:59:25,Chaos Core,715839,44382018,62,,723926
1874,2026-09-23T03:44:13,2026-09-22T21:59:25,Chaos Core,719999,719999,1,,723926
1875,2026-09-23T03:46:26,2026-09-22T21:59:25,Chaos Core,719999,719999,1,,
1876,2026-09-23T03:47:03,2026-09-22T21:59:25,Chaos Core,719999,719999,1,,
1877,2026-09-23T03:57:36,2026-09-22T21:59:25,Force Core Set (Highest) X 1,191825,8632125,45,,199941
1878,2026-09-23T03:57:42,2026-09-22T21:59:25,Force Core Set (Highest) X 46,191825,8823950,46,,199941
1879,2026-09-23T03:58:35,2026-09-22T21:59:25,Force Core Set (Ultimate) X 9,349999,3149991,9,,383951
1880,2026-09-23T03:58:41,2026-09-22T21:59:25,Force Core Set (Ultimate) X 10,349999,62999820,180,,383951
1881,2026-09-23T04:11:37,2026-09-22T21:59:25,Chaos Core,718358,718358,1,,
1882,2026-09-23T04:12:14,2026-09-22T21:59:25,Chaos Core,718358,718358,1,,
1883,2026-09-23T04:16:20,2026-09-22T21:59:25,Chaos Core,717221,19364967,27,,722982
1884,2026-09-23T04:16:28,2026-09-22T21:59:25,Chaos Core,716529,13614051,19,,722982
1885,2026-09-23T04:16:44,2026-09-22T21:59:25,Chaos Core,717221,7172210,10,,722982
1886,2026-09-23T04:17:18,2026-09-22T21:59:25,Chaos Core,718358,718358,1,,722982
1887,2026-09-23T04:19:30,2026-09-22T21:59:25,Chaos Core,718358,718358,1,,
1888,2026-09-23T04:20:09,2026-09-22T21:59:25,Chaos Core,718358,718358,1,,
1889,2026-09-23T04:24:36,2026-09-22T21:59:25,Upgrade Core Set (Ultimate) X 163,440427,71789601,163,,457334
1890,2026-09-23T04:24:42,2026-09-22T21:59:25,Upgrade Core Set (Ultimate) X 210,440427,92489670,210,,457334
1891,2026-09-23T04:29:37,2026-09-22T21:59:25,Chaos Core,714731,16438813,23,,722000
1892,2026-09-23T04:30:01,2026-09-22T21:59:25,Chaos Core,717545,717545,1,,722000
1893,2026-09-23T04:33:44,2026-09-22T21:59:25,Chaos Core,720000,720000,1,,
1894,2026-09-23T04:34:23,2026-09-22T21:59:25,Chaos Core,720000,720000,1,,
1895,2026-09-23T04:40:02,2026-09-22T21:59:25,Chaos Core,720000,720000,1,,
1896,2026-09-23T04:40:40,2026-09-22T21:59:25,Chaos Core,720000,720000,1,,
1897,2026-09-23T05:08:23,2026-09-22T21:59:25,Chaos Core,712667,34920683,49,,721990
1898,2026-09-23T05:08:34,2026-09-22T21:59:25,Chaos Core,712064,125323264,176,,721990
1899,2026-09-23T05:11:27,2026-09-22T21:59:25,Chaos Core,717100,717100,1,,
1900,2026-09-23T05:15:52,2026-09-22T21:59:25,Force Core Set (Ultimate) X 10,322735,58092300,180,,383907
1901,2026-09-23T05:17:29,2026-09-22T21:59:25,Chaos Core,716461,716461,1,,
1902,2026-09-23T05:19:25,2026-09-22T21:59:25,Chaos Core,715936,715936,1,,
1903,2026-09-23T05:20:07,2026-09-22T21:59:25,Chaos Core,716461,48719348,68,,721984
1904,2026-09-23T05:20:15,2026-09-22T21:59:25,Chaos Core,715286,68667456,96,,721984
1905,2026-09-23T05:20:31,2026-09-22T21:59:25,Chaos Core,716461,716461,1,,721984
1906,2026-09-23T05:27:48,2026-09-22T21:59:25,Chaos Core,714168,3570840,5,,721977
1907,2026-09-23T05:27:56,2026-09-22T21:59:25,Chaos Core,714168,93556008,131,,721977
1908,2026-09-23T05:28:06,2026-09-22T21:59:25,Chaos Core,714168,1428336,2,,721977
1909,2026-09-23T05:29:09,2026-09-22T21:59:25,Chaos Core,714168,33565896,47,,721975
1910,2026-09-23T05:29:17,2026-09-22T21:59:25,Chaos Core,710000,32660000,46,,721975
1911,2026-09-23T05:29:31,2026-09-22T21:59:25,Chaos Core,714168,167115312,234,,721975
1912,2026-09-23T05:34:15,2026-09-22T21:59:25,Chaos Core,717100,717100,1,,
1913,2026-09-23T05:34:55,2026-09-22T21:59:25,Chaos Core,714168,714168,1,,
1914,2026-09-23T05:37:56,2026-09-22T21:59:25,Chaos Core,714168,10712520,15,,721966
1915,2026-09-23T05:40:33,2026-09-22T21:59:25,Chaos Core,712152,94004064,132,,721965
1916,2026-09-23T05:40:45,2026-09-22T21:59:25,Chaos Core,712152,138869640,195,,721965
1917,2026-09-23T05:42:05,2026-09-22T21:59:25,Chaos Core,712152,38456208,54,,721965
1918,2026-09-23T05:42:15,2026-09-22T21:59:25,Chaos Core,712152,67654440,95,,721965
1919,2026-09-23T05:42:28,2026-09-22T21:59:25,Chaos Core,712152,67654440,95,,721965
1920,2026-09-23T05:42:42,2026-09-22T21:59:25,Chaos Core,712152,1424304,2,,721965
1921,2026-09-23T05:50:09,2026-09-22T21:59:25,Chaos Core,712152,61957224,87,,721961
1922,2026-09-23T05:50:19,2026-09-22T21:59:25,Chaos Core,712152,170916480,240,,721961
1923,2026-09-23T05:51:49,2026-09-22T21:59:25,Chaos Core,700000,6300000,9,,721961
1924,2026-09-23T05:51:57,2026-09-22T21:59:25,Chaos Core,700000,125300000,179,,721961
1925,2026-09-23T05:52:04,2026-09-22T21:59:25,Chaos Core,700000,700000,1,,721961
1926,2026-09-23T05:53:05,2026-09-22T21:59:25,Force Core Set (Ultimate) X 10,322735,54864950,170,,383896
1927,2026-09-23T05:53:11,2026-09-22T21:59:25,Force Core Set (Ultimate) X 14,322735,4518290,14,,383896
1928,2026-09-23T05:54:47,2026-09-22T21:59:25,Chaos Core,711000,711000,1,,
1929,2026-09-23T05:55:26,2026-09-22T21:59:25,Chaos Core,711000,711000,1,,
1930,2026-09-23T06:00:58,2026-09-22T21:59:25,Force Core Set (High) X 1,169641,6276717,37,,197499
1931,2026-09-23T06:01:04,2026-09-22T21:59:25,Force Core Set (High) X 24,169641,4071384,24,,197499
1932,2026-09-23T06:01:09,2026-09-22T21:59:25,Force Core Set (High) X 69,169641,11705229,69,,197499
1933,2026-09-23T06:01:14,2026-09-22T21:59:25,Force Core Set (High) X 72,189506,13644432,72,,197499
1934,2026-09-23T06:02:51,2026-09-22T21:59:25,Chaos Core,710000,710000,1,,
1935,2026-09-23T06:07:54,2026-09-22T21:59:25,Chaos Core,708748,45359872,64,,721547
1936,2026-09-23T06:08:06,2026-09-22T21:59:25,Chaos Core,710000,710000,1,,721547
1937,2026-09-23T06:09:40,2026-09-22T21:59:25,Chaos Core,708748,31184912,44,,721547
1938,2026-09-23T06:09:51,2026-09-22T21:59:25,Chaos Core,708748,55991092,79,,721547
1939,2026-09-23T06:10:02,2026-09-22T21:59:25,Chaos Core,708748,708748,1,,721547
1940,2026-09-23T06:11:22,2026-09-22T21:59:25,Force Core Set (High) X 76,189506,14402456,76,,197634
1941,2026-09-23T06:11:29,2026-09-22T21:59:25,Force Core Set (High) X 78,189506,14781468,78,,197634
1942,2026-09-23T06:15:43,2026-09-22T21:59:25,Chaos Core,708748,55991092,79,,721548
1943,2026-09-23T06:15:54,2026-09-22T21:59:25,Chaos Core,708748,8504976,12,,721548
1944,2026-09-23T06:16:03,2026-09-22T21:59:25,Chaos Core,708748,55991092,79,,721548
1945,2026-09-23T06:16:18,2026-09-22T21:59:25,Chaos Core,708748,708748,1,,721548
1946,2026-09-23T06:17:42,2026-09-22T21:59:25,Chaos Core,708748,175060756,247,,721547
1947,2026-09-23T06:18:03,2026-09-22T21:59:25,Chaos Core,710000,1420000,2,,721547
1948,2026-09-23T06:21:54,2026-09-22T21:59:25,Force Core Set (High) X 1,189489,7769049,41,,196997
1949,2026-09-23T06:22:02,2026-09-22T21:59:25,Force Core Set (High) X 89,189506,16866034,89,,196997
1950,2026-09-23T06:22:08,2026-09-22T21:59:25,Force Core Set (High) X 90,189506,17055540,90,,196997
1951,2026-09-23T06:22:46,2026-09-22T21:59:25,Force Core Set (Ultimate) X 11,322735,3550085,11,,383901
1952,2026-09-23T06:22:51,2026-09-22T21:59:25,Force Core Set (Ultimate) X 23,322735,7422905,23,,383901
1953,2026-09-23T06:22:57,2026-09-22T21:59:25,Force Core Set (Ultimate) X 33,322735,10650255,33,,383901
1954,2026-09-23T06:23:02,2026-09-22T21:59:25,Force Core Set (Ultimate) X 63,322735,20332305,63,,383901
1955,2026-09-23T06:23:07,2026-09-22T21:59:25,Force Core Set (Ultimate) X 63,322735,20332333,63,,383901
1956,2026-09-23T06:23:51,2026-09-22T21:59:25,Force Core Set (Ultimate) X 77,322735,24850595,77,,383900
1957,2026-09-23T06:24:00,2026-09-22T21:59:25,Force Core Set (Ultimate) X 7,364838,2553866,7,,383900
1958,2026-09-23T06:25:18,2026-09-22T21:59:25,Yekaterina VIP Membership,111000000,111000000,1,,
1959,2026-09-23T06:26:12,2026-09-22T21:59:25,Chaos Core,708748,708748,1,,
1960,2026-09-23T06:26:50,2026-09-22T21:59:25,Chaos Core,708748,708748,1,,
1961,2026-09-23T06:34:49,2026-09-22T21:59:25,Force Core Set (Ultimate) X 16,364838,5837408,16,,382999
1962,2026-09-23T06:34:56,2026-09-22T21:59:25,Force Core Set (Ultimate) X 21,364838,7661598,21,,382999
1963,2026-09-23T06:36:36,2026-09-22T21:59:25,Chaos Core,708748,708748,1,,
1964,2026-09-23T06:37:15,2026-09-22T21:59:25,Chaos Core,708748,708748,1,,
1965,2026-09-23T06:39:34,2026-09-22T21:59:25,Chaos Core,708748,67331060,95,,721399
1966,2026-09-23T06:40:06,2026-09-22T21:59:25,Chaos Core,708748,708748,1,,721399
1967,2026-09-23T06:40:14,2026-09-22T21:59:25,Chaos Core,708090,708090,1,,721399
1968,2026-09-23T06:40:29,2026-09-22T21:59:25,Chaos Core,708748,708748,1,,721399
1969,2026-09-23T06:40:35,2026-09-22T21:59:25,Chaos Core,708748,708748,1,,721399
1970,2026-09-23T06:40:51,2026-09-22T21:59:25,Chaos Core,708748,708748,1,,721399
1971,2026-09-23T06:41:00,2026-09-22T21:59:25,Chaos Core,708748,7796228,11,,721399
1972,2026-09-23T06:47:07,2026-09-22T21:59:25,Chaos Core,710000,710000,1,,
1973,2026-09-23T06:47:44,2026-09-22T21:59:25,Chaos Core,710000,710000,1,,
1974,2026-09-23T06:51:20,2026-09-22T21:59:25,Chaos Core,708757,162305353,229,,715543
1975,2026-09-23T06:51:35,2026-09-22T21:59:25,Chaos Core,710000,1420000,2,,715543
1976,2026-09-23T06:59:12,2026-09-22T21:59:25,Chaos Core,710000,76680000,108,,715542
1977,2026-09-23T06:59:20,2026-09-22T21:59:25,Chaos Core,710000,11360000,16,,715542
1978,2026-09-23T06:59:38,2026-09-22T21:59:25,Chaos Core,711000,1422000,2,,715542
1979,2026-09-23T07:03:36,2026-09-22T21:59:25,Chaos Core,709458,80878212,114,,715536
1980,2026-09-23T07:03:47,2026-09-22T21:59:25,Chaos Core,709458,80878212,114,,715536
1981,2026-09-23T07:04:58,2026-09-22T21:59:25,Chaos Core,709458,80878212,114,,715536
1982,2026-09-23T07:06:53,2026-09-22T21:59:25,Yekaterina VIP Membership,111000000,111000000,1,,
1983,2026-09-23T07:07:53,2026-09-22T21:59:25,Chaos Core,711000,711000,1,,
1984,2026-09-23T07:08:28,2026-09-22T21:59:25,Chaos Core,708254,708254,1,,
1985,2026-09-23T07:11:15,2026-09-22T21:59:25,Chaos Core,707690,120307300,170,,715529
1986,2026-09-23T07:11:24,2026-09-22T21:59:25,Chaos Core,707690,707690,1,,715529
1987,2026-09-23T07:12:30,2026-09-22T21:59:25,Chaos Core,707690,140122620,198,,715529
1988,2026-09-23T07:14:13,2026-09-22T21:59:25,Chaos Core,707690,14153800,20,,715526
1989,2026-09-23T07:14:34,2026-09-22T21:59:25,Chaos Core,710000,52540000,74,,715526
1990,2026-09-23T07:15:16,2026-09-22T21:59:25,Chaos Core,711000,1422000,2,,715526
1991,2026-09-23T07:45:47,2026-09-22T21:59:25,Yekaterina VIP Membership,112499948,112499948,1,,
1992,2026-09-23T07:46:56,2026-09-22T21:59:25,Chaos Core,700938,700938,1,,
1993,2026-09-23T07:53:35,2026-09-22T21:59:25,Epic Booster (Highest),46250000,185000000,4,,
1994,2026-09-23T07:55:04,2026-09-22T21:59:25,Chaos Core,704983,704983,1,,
1995,2026-09-23T08:01:14,2026-09-22T21:59:25,Yekaterina VIP Membership,111000000,111000000,1,,
1996,2026-09-23T08:02:07,2026-09-22T21:59:25,Chaos Core,710000,710000,1,,
1997,2026-09-23T08:02:44,2026-09-22T21:59:25,Chaos Core,710000,710000,1,,
1998,2026-09-23T08:48:12,2026-09-22T21:59:25,Chaos Core,696700,696700,1,,
1999,2026-09-23T08:48:49,2026-09-22T21:59:25,Chaos Core,696700,696700,1,,
2000,2026-09-23T08:55:29,2026-09-22T21:59:25,Chaos Core,696700,696700,1,,
2001,2026-09-23T08:56:08,2026-09-22T21:59:25,Chaos Core,695484,695484,1,,
2002,2026-09-23T09:02:53,2026-09-22T21:59:25,Chaos Core,694000,694000,1,,
2003,2026-09-23T09:13:39,2026-09-22T21:59:25,Chaos Core,685000,146590000,214,,705481
2004,2026-09-23T09:13:51,2026-09-22T21:59:25,Chaos Core,691004,1382008,2,,705481
2005,2026-09-23T09:19:04,2026-09-22T21:59:25,Chaos Core,675000,166725000,247,,705474
2006,2026-09-23T09:19:16,2026-09-22T21:59:25,Chaos Core,679348,1358696,2,,705474
2007,2026-09-23T09:20:34,2026-09-22T21:59:25,Chaos Core,675000,2700000,4,,705474
2008,2026-09-23T09:20:45,2026-09-22T21:59:25,Chaos Core,675000,8100000,12,,705474
2009,2026-09-23T09:21:02,2026-09-22T21:59:25,Chaos Core,679348,101902200,150,,705474
2010,2026-09-23T09:21:21,2026-09-22T21:59:25,Chaos Core,679348,1358696,2,,705474
2011,2026-09-23T09:24:37,2026-09-22T21:59:25,Chaos Core,684377,45853259,67,,705468
2012,2026-09-23T09:24:54,2026-09-22T21:59:25,Chaos Core,691004,78774456,114,,705468
2013,2026-09-23T09:25:12,2026-09-22T21:59:25,Chaos Core,692224,1384448,2,,705468
2014,2026-09-23T09:35:43,2026-09-22T21:59:25,Chaos Core,678813,678813,1,,
2015,2026-09-23T09:37:36,2026-09-22T21:59:25,Chaos Core,677644,14230524,21,,705000
2016,2026-09-23T09:37:50,2026-09-22T21:59:25,Chaos Core,678813,55662666,82,,705000
2017,2026-09-23T09:38:06,2026-09-22T21:59:25,Chaos Core,678813,8824569,13,,705000
2018,2026-09-23T09:38:38,2026-09-22T21:59:25,Chaos Core,691004,691004,1,,705000
2019,2026-09-23T09:38:45,2026-09-22T21:59:25,Chaos Core,677644,677644,1,,705000
2020,2026-09-23T09:39:06,2026-09-22T21:59:25,Chaos Core,678813,678813,1,,705000
2021,2026-09-23T09:39:25,2026-09-22T21:59:25,Chaos Core,678813,678813,1,,705000
2022,2026-09-23T09:39:47,2026-09-22T21:59:25,Chaos Core,678813,12897447,19,,705000
2023,2026-09-23T09:39:55,2026-09-22T21:59:25,Chaos Core,677644,1355288,2,,705000
2024,2026-09-23T09:42:02,2026-09-22T21:59:25,Chaos Core,692769,29096298,42,,704996
2025,2026-09-23T09:42:26,2026-09-22T21:59:25,Chaos Core,692769,15240918,22,,704996
2026,2026-09-23T09:42:50,2026-09-22T21:59:25,Chaos Core,694000,694000,1,,704996
2027,2026-09-23T09:43:22,2026-09-22T21:59:25,Chaos Core,684377,684377,1,,704996
2028,2026-09-23T09:47:57,2026-09-22T21:59:25,Chaos Core,700000,700000,1,,
2029,2026-09-23T09:48:42,2026-09-22T21:59:25,Chaos Core,700000,700000,1,,
2030,2026-09-23T10:06:01,2026-09-22T21:59:25,Chaos Core,692000,132172000,191,,704963
2031,2026-09-23T10:06:15,2026-09-22T21:59:25,Chaos Core,694748,694748,1,,704963
2032,2026-09-23T10:09:42,2026-09-22T21:59:25,Chaos Core,700000,700000,1,,
2033,2026-09-23T10:10:28,2026-09-22T21:59:25,Chaos Core,700000,700000,1,,
2034,2026-09-23T10:16:29,2026-09-22T21:59:25,Chaos Core,689178,66850266,97,,704950
2035,2026-09-23T10:16:40,2026-09-22T21:59:25,Chaos Core,689178,64782732,94,,704950
2036,2026-09-23T10:16:51,2026-09-22T21:59:25,Chaos Core,689178,689178,1,,704950
2037,2026-09-23T10:24:10,2026-09-22T21:59:25,Force Core Set (High) X 1,149992,149992,1,,189972
2038,2026-09-23T10:25:56,2026-09-22T21:59:25,Chaos Core,700000,700000,1,,
2039,2026-09-23T10:26:33,2026-09-22T21:59:25,Chaos Core,700000,700000,1,,
2040,2026-09-23T10:30:35,2026-09-22T21:59:25,Chaos Core,698787,79661718,114,,704933
2041,2026-09-23T10:30:43,2026-09-22T21:59:25,Chaos Core,698787,78264144,112,,704933
2042,2026-09-23T10:30:58,2026-09-22T21:59:25,Chaos Core,698787,1397574,2,,704933
2043,2026-09-23T10:32:29,2026-09-22T21:59:25,Chaos Core,698787,79661718,114,,704936
2044,2026-09-23T10:32:36,2026-09-22T21:59:25,Chaos Core,698787,6289083,9,,704936
2045,2026-09-23T10:32:47,2026-09-22T21:59:25,Chaos Core,698787,79661718,114,,704936
2046,2026-09-23T10:36:58,2026-09-22T21:59:25,Chaos Core,700000,700000,1,,
2047,2026-09-23T10:37:39,2026-09-22T21:59:25,Chaos Core,700000,700000,1,,
2048,2026-09-23T10:41:53,2026-09-22T21:59:25,Chaos Core,696886,22300352,32,,704500
2049,2026-09-23T10:42:19,2026-09-22T21:59:25,Chaos Core,700000,700000,1,,704500
2050,2026-09-23T10:43:09,2026-09-22T21:59:25,Chaos Core,696886,34147414,49,,704499
2051,2026-09-23T10:43:40,2026-09-22T21:59:25,Chaos Core,700000,1400000,2,,704499
2052,2026-09-23T10:47:59,2026-09-22T21:59:25,Chaos Core,700000,700000,1,,
2053,2026-09-23T10:50:40,2026-09-22T21:59:25,Chaos Core,694967,10424505,15,,704499
2054,2026-09-23T10:51:41,2026-09-22T21:59:25,Chaos Core,694291,86786375,125,,704498
2055,2026-09-23T10:52:07,2026-09-22T21:59:25,Chaos Core,700000,700000,1,,704498
2056,2026-09-23T10:56:47,2026-09-22T21:59:25,Chaos Core,700000,700000,1,,
2057,2026-09-23T10:57:24,2026-09-22T21:59:25,Chaos Core,700000,700000,1,,
2058,2026-09-23T11:03:19,2026-09-22T21:59:25,Chaos Core,700000,700000,1,,
2059,2026-09-23T11:04:13,2026-09-22T21:59:25,Chaos Core,700000,700000,1,,
2060,2026-09-23T11:13:15,2026-09-22T21:59:25,Chaos Core,696182,696182,1,,704999
2061,2026-09-23T11:14:04,2026-09-22T21:59:25,Chaos Core,708888,1417776,2,,704999
2062,2026-09-23T11:16:55,2026-09-22T21:59:25,Force Core Set (Ultimate) X 28,357142,10000000,28,,369998
2063,2026-09-23T11:17:00,2026-09-22T21:59:25,Force Core Set (Ultimate) X 14,363363,5087082,14,,369998
2064,2026-09-23T11:17:06,2026-09-22T21:59:25,Force Core Set (Ultimate) X 22,363363,7993986,22,,369998
2065,2026-09-23T11:17:12,2026-09-22T21:59:25,Force Core Set (Ultimate) X 33,363363,11990979,33,,369998
2066,2026-09-23T11:17:17,2026-09-22T21:59:25,Force Core Set (Ultimate) X 41,363363,14897883,41,,369998
2067,2026-09-23T11:18:00,2026-09-22T21:59:25,Force Core Set (Ultimate) X 44,363363,15987972,44,,369998
2068,2026-09-23T11:18:05,2026-09-22T21:59:25,Force Core Set (Ultimate) X 55,363363,19984965,55,,369998
2069,2026-09-23T11:18:11,2026-09-22T21:59:25,Force Core Set (Ultimate) X 65,363363,23618595,65,,369998
2070,2026-09-23T11:18:17,2026-09-22T21:59:25,Force Core Set (Ultimate) X 88,363363,31975944,88,,369998
2071,2026-09-23T11:20:44,2026-09-22T21:59:25,Chaos Core,715000,715000,1,,
2072,2026-09-23T11:26:33,2026-09-22T21:59:25,Chaos Core,694340,127064220,183,,704993
2073,2026-09-23T11:32:50,2026-09-22T21:59:25,Force Core Set (Ultimate) X 1,363363,16714698,46,,369997
2074,2026-09-23T11:32:56,2026-09-22T21:59:25,Force Core Set (Ultimate) X 114,363363,41423382,114,,369997
2075,2026-09-23T11:34:55,2026-09-22T21:59:25,Chaos Core,717545,717545,1,,
2076,2026-09-23T11:35:33,2026-09-22T21:59:25,Chaos Core,717545,717545,1,,
2077,2026-09-23T11:40:49,2026-09-22T21:59:25,Chaos Core,715642,715642,1,,
2078,2026-09-23T11:41:25,2026-09-22T21:59:25,Chaos Core,715642,715642,1,,
2079,2026-09-23T11:45:31,2026-09-22T21:59:25,Force Core Set (Ultimate) X 2,363363,726726,2,,369994
2080,2026-09-23T11:45:37,2026-09-22T21:59:25,Force Core Set (Ultimate) X 28,363363,10174164,28,,369994
2081,2026-09-23T11:47:17,2026-09-22T21:59:25,Chaos Core,713790,713790,1,,
2082,2026-09-23T11:51:07,2026-09-22T21:59:25,Force Core Set (Ultimate) X 69,363333,25070000,69,,369995
2083,2026-09-23T11:57:06,2026-09-22T21:59:25,Chaos Core,712000,712000,1,,
2084,2026-09-23T11:57:45,2026-09-22T21:59:25,Chaos Core,712000,712000,1,,
2085,2026-09-23T12:00:32,2026-09-22T21:59:25,Force Core Set (Ultimate) X 34,363362,12354341,34,,369990
2086,2026-09-23T12:02:33,2026-09-22T21:59:25,Yekaterina VIP Membership,112499947,112499947,1,,
2087,2026-09-23T12:07:20,2026-09-22T21:59:25,Chaos Core,709723,709723,1,,
2088,2026-09-23T12:07:57,2026-09-22T21:59:25,Chaos Core,709723,709723,1,,
2089,2026-09-23T12:11:39,2026-09-22T21:59:25,Yekaterina VIP Membership,111000000,111000000,1,,
2090,2026-09-23T12:12:31,2026-09-22T21:59:25,Chaos Core,714353,714353,1,,
2091,2026-09-23T12:13:09,2026-09-22T21:59:25,Chaos Core,714353,714353,1,,
2092,2026-09-23T12:21:11,2026-09-22T21:59:25,Chaos Core,710788,710788,1,,
2093,2026-09-23T12:24:34,2026-09-22T21:59:25,Chaos Core,710788,51176736,72,,721397
2094,2026-09-23T12:26:01,2026-09-22T21:59:25,Chaos Core,710788,32696248,46,,721395
2095,2026-09-23T12:26:25,2026-09-22T21:59:25,Chaos Core,717545,1435090,2,,721395
2096,2026-09-23T12:34:23,2026-09-22T21:59:25,Chaos Core,710209,710209,1,,
2097,2026-09-23T12:35:00,2026-09-22T21:59:25,Chaos Core,710209,710209,1,,
2098,2026-09-23T12:36:50,2026-09-22T21:59:25,Chaos Core,710209,27698151,39,,721392
2099,2026-09-23T12:37:06,2026-09-22T21:59:25,Chaos Core,710209,18465434,26,,721392
2100,2026-09-23T12:37:41,2026-09-22T21:59:25,Chaos Core,699446,699446,1,,721392
2101,2026-09-23T12:40:30,2026-09-22T21:59:25,Chaos Core,710209,95168006,134,,721392
2102,2026-09-23T12:40:50,2026-09-22T21:59:25,Chaos Core,717000,717000,1,,721392
2103,2026-09-23T12:43:07,2026-09-22T21:59:25,Chaos Core,717000,717000,1,,
2104,2026-09-23T12:45:10,2026-09-22T21:59:25,Chaos Core,709670,709670,1,,
2105,2026-09-23T12:45:59,2026-09-22T21:59:25,Chaos Core,709670,26967460,38,,721391
2106,2026-09-23T12:48:02,2026-09-22T21:59:25,Chaos Core,717000,717000,1,,721391
2107,2026-09-23T12:50:15,2026-09-22T21:59:25,Chaos Core,717000,717000,1,,
2108,2026-09-23T12:50:52,2026-09-22T21:59:25,Chaos Core,717000,717000,1,,
2109,2026-09-23T12:52:41,2026-09-22T21:59:25,Chaos Core,715707,43658127,61,,721390
2110,2026-09-23T12:53:05,2026-09-22T21:59:25,Chaos Core,717000,1434000,2,,721390
2111,2026-09-23T12:59:56,2026-09-22T21:59:25,Chaos Core,713000,58466000,82,,721391
2112,2026-09-23T13:00:19,2026-09-22T21:59:25,Chaos Core,713000,1426000,2,,721391
2113,2026-09-23T13:01:14,2026-09-22T21:59:25,Chaos Core,713000,94829000,133,,721391
2114,2026-09-23T13:01:23,2026-09-22T21:59:25,Chaos Core,713000,50623000,71,,721391
2115,2026-09-23T13:14:37,2026-09-22T21:59:25,Force Core Set (Ultimate) X 2,363363,726726,2,,369958
2116,2026-09-23T13:14:43,2026-09-22T21:59:25,Force Core Set (Ultimate) X 8,363363,2906904,8,,369958
2117,2026-09-23T13:14:48,2026-09-22T21:59:25,Force Core Set (Ultimate) X 22,363363,7993986,22,,369958
2118,2026-09-23T13:14:54,2026-09-22T21:59:25,Force Core Set (Ultimate) X 25,363363,9084075,25,,369958
2119,2026-09-23T13:15:00,2026-09-22T21:59:25,Force Core Set (Ultimate) X 32,363363,11627616,32,,369958
2120,2026-09-23T13:16:47,2026-09-22T21:59:25,Chaos Core,717545,717545,1,,
2121,2026-09-23T13:17:35,2026-09-22T21:59:25,Chaos Core,717545,717545,1,,
2122,2026-09-23T13:21:39,2026-09-22T21:59:25,Force Core Set (High) X 1,190088,190088,1,,196900
2123,2026-09-23T13:21:44,2026-09-22T21:59:25,Force Core Set (High) X 284,190088,53984992,284,,196900
2124,2026-09-23T13:23:07,2026-09-22T21:59:25,Force Core Set (Ultimate) X 1,363363,363363,1,,369956
2125,2026-09-23T13:23:13,2026-09-22T21:59:25,Force Core Set (Ultimate) X 42,363363,15261246,42,,369956
2126,2026-09-23T13:23:18,2026-09-22T21:59:25,Force Core Set (Ultimate) X 55,363363,19984965,55,,369956
2127,2026-09-23T13:23:24,2026-09-22T21:59:25,Force Core Set (Ultimate) X 100,363363,36336300,100,,369956
2128,2026-09-23T13:28:30,2026-09-22T21:59:25,Chaos Core,715000,35750000,50,,721382
2129,2026-09-23T13:28:59,2026-09-22T21:59:25,Chaos Core,715000,35035000,49,,721382
2130,2026-09-23T13:29:22,2026-09-22T21:59:25,Chaos Core,715000,71500000,100,,721382
2131,2026-09-23T13:29:30,2026-09-22T21:59:25,Chaos Core,696666,1393332,2,,721382
2132,2026-09-23T13:30:41,2026-09-22T21:59:25,Chaos Core,696666,40406628,58,,721380
2133,2026-09-23T13:31:35,2026-09-22T21:59:25,Chaos Core,715000,178750000,250,,721380
2134,2026-09-23T13:31:43,2026-09-22T21:59:25,Chaos Core,696666,696666,1,,721380
2135,2026-09-23T13:33:23,2026-09-22T21:59:25,Force Core Set (High) X 139,190087,26422231,139,,196894
2136,2026-09-23T13:33:29,2026-09-22T21:59:25,Force Core Set (High) X 37,190088,7033256,37,,196894
2137,2026-09-23T13:40:16,2026-09-22T21:59:25,Upgrade Core Set (Ultimate) X 38,436842,16600000,38,,457494
2138,2026-09-23T13:40:22,2026-09-22T21:59:25,Upgrade Core Set (Ultimate) X 37,437810,16199000,37,,457494
2139,2026-09-23T13:40:27,2026-09-22T21:59:25,Upgrade Core Set (Ultimate) X 15,437837,6567555,15,,457494
2140,2026-09-23T13:40:32,2026-09-22T21:59:25,Upgrade Core Set (Ultimate) X 54,437837,23643198,54,,457494
2141,2026-09-23T13:40:38,2026-09-22T21:59:25,Upgrade Core Set (Ultimate) X 208,437837,91070096,208,,457494
2142,2026-09-23T13:41:48,2026-09-22T21:59:25,Upgrade Core Set (Ultimate) X 372,430107,160000000,372,,457723
2143,2026-09-23T13:43:54,2026-09-22T21:59:25,Chaos Core,717000,717000,1,,
2144,2026-09-23T13:44:32,2026-09-22T21:59:25,Chaos Core,717000,717000,1,,
2145,2026-09-23T13:59:15,2026-09-22T21:59:25,Chaos Core,712603,98339214,138,,721367
2146,2026-09-23T13:59:28,2026-09-22T21:59:25,Chaos Core,713280,2853120,4,,721367
2147,2026-09-23T13:59:55,2026-09-22T21:59:25,Chaos Core,712603,712603,1,,721367
2148,2026-09-23T14:00:09,2026-09-22T21:59:25,Chaos Core,713280,713280,1,,721367
2149,2026-09-23T14:02:48,2026-09-22T21:59:25,Epic Booster (Highest),46250000,185000000,4,,
2150,2026-09-23T14:03:57,2026-09-22T21:59:25,Chaos Core,717545,717545,1,,
2151,2026-09-23T14:04:36,2026-09-22T21:59:25,Chaos Core,717545,717545,1,,
2152,2026-09-23T14:10:32,2026-09-22T21:59:25,Chaos Core,717027,717027,1,,
2153,2026-09-23T14:14:35,2026-09-22T21:59:25,Chaos Core,714528,5716224,8,,721355
2154,2026-09-23T14:14:47,2026-09-22T21:59:25,Chaos Core,714528,105750144,148,,721355
2155,2026-09-23T14:15:00,2026-09-22T21:59:25,Chaos Core,714528,120040704,168,,721355
2156,2026-09-23T14:16:20,2026-09-22T21:59:25,Chaos Core,714528,70738272,99,,721352
2157,2026-09-23T14:16:29,2026-09-22T21:59:25,Chaos Core,714528,27866592,39,,721352
2158,2026-09-23T14:16:42,2026-09-22T21:59:25,Chaos Core,714528,70738272,99,,721352
2159,2026-09-23T14:17:52,2026-09-22T21:59:25,Chaos Core,713869,713869,1,,721350
2160,2026-09-23T14:18:12,2026-09-22T21:59:25,Chaos Core,713869,177753381,249,,721350
2161,2026-09-23T14:18:20,2026-09-22T21:59:25,Chaos Core,713869,1427738,2,,721350
2162,2026-09-23T14:19:39,2026-09-22T21:59:25,Chaos Core,713869,79953328,112,,721346
2163,2026-09-23T14:21:13,2026-09-22T21:59:25,Chaos Core,713869,114219040,160,,721346
2164,2026-09-23T14:21:22,2026-09-22T21:59:25,Chaos Core,713869,713869,1,,721346
2165,2026-09-23T14:22:46,2026-09-22T21:59:25,Chaos Core,713189,119815752,168,,721344
2166,2026-09-23T14:23:53,2026-09-22T21:59:25,Chaos Core,713189,72032089,101,,721344
2167,2026-09-23T14:24:09,2026-09-22T21:59:25,Chaos Core,713869,101369398,142,,721344
2168,2026-09-23T14:38:09,2026-09-22T21:59:25,Force Core Set (Highest) X 21,197278,4142838,21,,204891
2169,2026-09-23T14:38:14,2026-09-22T21:59:25,Force Core Set (Highest) X 147,197278,29000000,147,,204891
2170,2026-09-23T14:40:21,2026-09-22T21:59:25,Yekaterina VIP Membership,114899999,114899999,1,,
2171,2026-09-23T14:48:05,2026-09-22T21:59:25,Chaos Core,706658,706658,1,,
2172,2026-09-23T14:54:47,2026-09-22T21:59:25,Chaos Core,717545,717545,1,,
2173,2026-09-23T14:55:24,2026-09-22T21:59:25,Chaos Core,717545,717545,1,,
2174,2026-09-23T15:02:20,2026-09-22T21:59:25,Chaos Core,716285,716285,1,,
2175,2026-09-23T15:08:01,2026-09-22T21:59:25,Chaos Core,715092,5720736,8,,721288
2176,2026-09-23T15:08:23,2026-09-22T21:59:25,Chaos Core,717545,717545,1,,721288
2177,2026-09-23T15:10:19,2026-09-22T21:59:25,Chaos Core,717545,717545,1,,
2178,2026-09-23T15:11:07,2026-09-22T21:59:25,Chaos Core,717545,717545,1,,
2179,2026-09-23T15:17:55,2026-09-22T21:59:25,Chaos Core,714009,714009,1,,
2180,2026-09-23T15:23:22,2026-09-22T21:59:25,Force Core Set (High) X 9,190088,1710792,9,,196838
2181,2026-09-23T15:23:28,2026-09-22T21:59:25,Force Core Set (High) X 115,190088,21860120,115,,196838
2182,2026-09-23T15:23:34,2026-09-22T21:59:25,Force Core Set (High) X 366,190088,69572208,366,,196838
2183,2026-09-23T15:37:36,2026-09-22T21:59:25,Epic Booster (Highest),46250000,185000000,4,,
2184,2026-09-23T15:38:52,2026-09-22T21:59:25,Chaos Core,717545,717545,1,,
2185,2026-09-23T15:39:37,2026-09-22T21:59:25,Chaos Core,717545,717545,1,,
2186,2026-09-23T15:45:34,2026-09-22T21:59:25,Chaos Core,715005,11440080,16,,721250
2187,2026-09-23T15:46:07,2026-09-22T21:59:25,Chaos Core,717545,1435090,2,,721250
2188,2026-09-23T15:46:59,2026-09-22T21:59:25,Chaos Core,715005,2860020,4,,721252
2189,2026-09-23T15:47:41,2026-09-22T21:59:25,Chaos Core,717545,1435090,2,,721252
2190,2026-09-23T15:52:25,2026-09-22T21:59:25,Chaos Core,712978,36361878,51,,721248
2191,2026-09-23T15:58:32,2026-09-22T21:59:25,Chaos Core,717545,717545,1,,
2192,2026-09-23T15:59:27,2026-09-22T21:59:25,Chaos Core,717545,717545,1,,
2193,2026-09-23T16:04:40,2026-09-22T21:59:25,Upgrade Core Set (Ultimate) X 10,438131,8762620,20,,450970
2194,2026-09-23T16:04:46,2026-09-22T21:59:25,Upgrade Core Set (Ultimate) X 15,438131,6571965,15,,450970
2195,2026-09-23T16:04:52,2026-09-22T21:59:25,Upgrade Core Set (Ultimate) X 19,438131,8324500,19,,450970
2196,2026-09-23T16:04:58,2026-09-22T21:59:25,Upgrade Core Set (Ultimate) X 34,438131,14896454,34,,450970
2197,2026-09-23T16:05:05,2026-09-22T21:59:25,Upgrade Core Set (Ultimate) X 50,438131,21906550,50,,450970
2198,2026-09-23T16:05:48,2026-09-22T21:59:25,Upgrade Core Set (Ultimate) X 58,438131,25411598,58,,444998
2199,2026-09-23T16:05:54,2026-09-22T21:59:25,Upgrade Core Set (Ultimate) X 64,438131,28040384,64,,444998
2200,2026-09-23T16:06:00,2026-09-22T21:59:25,Upgrade Core Set (Ultimate) X 79,438131,34612349,79,,444998
2201,2026-09-23T16:07:59,2026-09-22T21:59:25,Chaos Core,717545,717545,1,,
2202,2026-09-23T16:13:29,2026-09-22T21:59:25,Force Core Set (High) X 10,190087,34215660,180,,196814
2203,2026-09-23T16:17:10,2026-09-22T21:59:25,Chaos Core,713930,2141790,3,,721237
2204,2026-09-23T16:22:21,2026-09-22T21:59:25,Chaos Core,720000,720000,1,,
2205,2026-09-23T16:23:00,2026-09-22T21:59:25,Chaos Core,720000,720000,1,,
2206,2026-09-23T16:28:55,2026-09-22T21:59:25,Chaos Core,720000,720000,1,,
2207,2026-09-23T16:29:35,2026-09-22T21:59:25,Chaos Core,720000,720000,1,,
2208,2026-09-23T16:35:26,2026-09-22T21:59:25,Chaos Core,718000,718000,1,,
2209,2026-09-23T16:36:06,2026-09-22T21:59:25,Chaos Core,718000,718000,1,,
2210,2026-09-23T16:41:56,2026-09-22T21:59:25,Chaos Core,729999,729999,1,,
2211,2026-09-23T16:42:39,2026-09-22T21:59:25,Chaos Core,729999,729999,1,,
2212,2026-09-23T17:18:25,2026-09-22T21:59:25,Chaos Core,720479,720479,1,,
2213,2026-09-23T17:20:24,2026-09-22T21:59:25,Chaos Core,719291,719291,1,,
2214,2026-09-23T17:30:59,2026-09-22T21:59:25,Chaos Core,714382,714382,1,,721227
2215,2026-09-23T17:31:29,2026-09-22T21:59:25,Chaos Core,716325,1432650,2,,721227
2216,2026-09-23T17:37:42,2026-09-22T21:59:25,Chaos Core,712068,1424136,2,,721226
2217,2026-09-23T17:38:11,2026-09-22T21:59:25,Chaos Core,716325,716325,1,,721226
2218,2026-09-23T17:51:12,2026-09-22T21:59:25,Chaos Core,710924,46920984,66,,721221
2219,2026-09-23T18:00:19,2026-09-22T21:59:25,Chaos Core,716325,716325,1,,
2220,2026-09-23T18:01:00,2026-09-22T21:59:25,Chaos Core,716325,716325,1,,
2221,2026-09-23T18:05:58,2026-09-22T21:59:25,Chaos Core,715101,137299392,192,,721214
2222,2026-09-23T18:15:49,2026-09-22T21:59:25,Chaos Core,713901,12136317,17,,721210
2223,2026-09-23T18:16:16,2026-09-22T21:59:25,Chaos Core,716325,716325,1,,721210
2224,2026-09-23T18:23:50,2026-09-22T21:59:25,Chaos Core,712693,20668097,29,,721205
2225,2026-09-23T18:24:21,2026-09-22T21:59:25,Chaos Core,716325,716325,1,,721205
2226,2026-09-23T18:34:44,2026-09-22T21:59:25,Chaos Core,711634,14944314,21,,721199
2227,2026-09-23T18:34:56,2026-09-22T21:59:25,Chaos Core,711634,92512420,130,,721199
2228,2026-09-23T18:35:05,2026-09-22T21:59:25,Chaos Core,711634,1423268,2,,721199
2229,2026-09-23T18:44:22,2026-09-22T21:59:25,Chaos Core,710542,710542,1,,
2230,2026-09-23T18:45:04,2026-09-22T21:59:25,Chaos Core,710542,710542,1,,
2231,2026-09-23T18:50:57,2026-09-22T21:59:25,Chaos Core,709345,27664455,39,,721189
2232,2026-09-23T18:51:09,2026-09-22T21:59:25,Chaos Core,709345,32629870,46,,721189
2233,2026-09-23T18:51:28,2026-09-22T21:59:25,Chaos Core,710542,7105420,10,,721189
2234,2026-09-23T18:51:46,2026-09-22T21:59:25,Chaos Core,711634,45544576,64,,721189
2235,2026-09-23T18:52:50,2026-09-22T21:59:25,Force Core Set (High) X 1,183870,551610,3,,194981
2236,2026-09-23T18:57:46,2026-09-22T21:59:25,Chaos Core,711634,44121308,62,,721187
2237,2026-09-23T18:58:23,2026-09-22T21:59:25,Chaos Core,722222,722222,1,,721187
2238,2026-09-23T19:02:55,2026-09-22T21:59:25,Force Core Set (Highest) X 61,180180,10990980,61,,200000
2239,2026-09-23T19:05:09,2026-09-22T21:59:25,Chaos Core,722222,722222,1,,
2240,2026-09-23T19:05:57,2026-09-22T21:59:25,Chaos Core,722222,722222,1,,
2241,2026-09-23T19:08:40,2026-09-22T21:59:25,Chaos Core,709000,5672000,8,,721184
2242,2026-09-23T19:09:15,2026-09-22T21:59:25,Chaos Core,722222,722222,1,,721184
2243,2026-09-23T19:13:44,2026-09-22T21:59:25,Force Core Set (Highest) X 1,180180,5045040,28,,199999
2244,2026-09-23T19:22:51,2026-09-22T21:59:25,Chaos Core,722222,722222,1,,
2245,2026-09-23T19:23:36,2026-09-22T21:59:25,Chaos Core,722222,722222,1,,
2246,2026-09-23T19:29:12,2026-09-22T21:59:25,Chaos Core,715903,81612942,114,,721173
2247,2026-09-23T19:29:27,2026-09-22T21:59:25,Chaos Core,715903,81612942,114,,721173
2248,2026-09-23T19:30:58,2026-09-22T21:59:25,Force Core Set (Highest) X 81,180180,14594580,81,,199986
2249,2026-09-23T19:33:10,2026-09-22T21:59:25,Chaos Core,720000,720000,1,,
2250,2026-09-23T19:40:46,2026-09-22T21:59:25,Chaos Core,719419,719419,1,,
2251,2026-09-23T19:41:28,2026-09-22T21:59:25,Chaos Core,719419,719419,1,,
2252,2026-09-23T19:50:17,2026-09-22T21:59:25,Chaos Core,719419,719419,1,,
2253,2026-09-23T19:50:58,2026-09-22T21:59:25,Chaos Core,719419,719419,1,,
2254,2026-09-23T19:57:26,2026-09-22T21:59:25,Chaos Core,719419,719419,1,,
2255,2026-09-23T19:58:12,2026-09-22T21:59:25,Chaos Core,719419,719419,1,,
2256,2026-09-23T20:05:02,2026-09-22T21:59:25,Chaos Core,718726,718726,1,,
2257,2026-09-23T20:07:15,2026-09-22T21:59:25,Chaos Core,718726,718726,1,,
2258,2026-09-23T20:18:47,2026-09-22T21:59:25,Chaos Core,712963,57750003,81,,721149
2259,2026-09-23T20:19:10,2026-09-22T21:59:25,Chaos Core,715903,173964429,243,,721149
2260,2026-09-23T20:45:17,2026-09-23T20:40:51,Chaos Core,715903,97362808,136,,721129
2261,2026-09-23T20:45:33,2026-09-23T20:40:51,Chaos Core,715903,134589764,188,,721129
2262,2026-09-23T20:47:01,2026-09-23T20:40:51,Chaos Core,715903,44385986,62,,721128
2263,2026-09-23T20:47:11,2026-09-23T20:40:51,Chaos Core,709477,176659773,249,,721128
2264,2026-09-23T20:47:26,2026-09-23T20:40:51,Chaos Core,715903,715903,1,,721128
2265,2026-09-23T20:49:13,2026-09-23T20:40:51,Force Core Set (High) X 135,190085,25661475,135,,196810
2266,2026-09-23T20:49:21,2026-09-23T20:40:51,Force Core Set (High) X 143,190087,27182441,143,,196810
2267,2026-09-23T20:50:39,2026-09-23T20:40:51,Force Core Set (High) X 187,190087,35546269,187,,196808
2268,2026-09-23T20:52:23,2026-09-23T20:40:51,Chaos Core,709477,709477,1,,
2269,2026-09-23T20:53:03,2026-09-23T20:40:51,Chaos Core,709477,709477,1,,
2270,2026-09-23T21:05:18,2026-09-23T21:00:54,Chaos Core,715903,35079247,49,,721122
2271,2026-09-23T21:05:32,2026-09-23T21:00:54,Chaos Core,715903,85908360,120,,721122
2272,2026-09-23T21:05:46,2026-09-23T21:00:54,Chaos Core,715903,1431806,2,,721122
2273,2026-09-23T21:06:51,2026-09-23T21:00:54,Force Core Set (High) X 6,190084,1140504,6,,196805
2274,2026-09-23T21:08:42,2026-09-23T21:00:54,Chaos Core,715903,715903,1,,
2275,2026-09-23T21:09:23,2026-09-23T21:00:54,Chaos Core,715903,715903,1,,
2276,2026-09-23T21:16:25,2026-09-23T21:00:54,Chaos Core,715283,715283,1,,
2277,2026-09-23T21:17:05,2026-09-23T21:00:54,Chaos Core,715903,715903,1,,
2278,2026-09-23T21:22:34,2026-09-23T21:00:54,Force Core Set (High) X 1,190084,1710756,9,,196800
2279,2026-09-23T21:22:39,2026-09-23T21:00:54,Force Core Set (High) X 147,190084,27942348,147,,196800
2280,2026-09-23T21:22:46,2026-09-23T21:00:54,Force Core Set (High) X 262,190084,49802008,262,,196800
2281,2026-09-23T21:26:08,2026-09-23T21:00:54,Chaos Core,719419,719419,1,,
2282,2026-09-23T21:26:48,2026-09-23T21:00:54,Chaos Core,719419,719419,1,,
2283,2026-09-23T22:09:37,2026-09-23T22:04:07,Chaos Core,725672,725672,1,,
2284,2026-09-23T22:10:18,2026-09-23T22:04:07,Chaos Core,723971,723971,1,,
2285,2026-09-23T22:14:11,2026-09-23T22:04:07,Chaos Core,715000,26455000,37,,727204
2286,2026-09-23T22:14:26,2026-09-23T22:04:07,Chaos Core,715903,81612942,114,,727204
2287,2026-09-23T22:15:15,2026-09-23T22:04:07,Chaos Core,723378,1446756,2,,727204
2288,2026-09-23T22:18:33,2026-09-23T22:04:07,Chaos Core,715000,32175000,45,,727201
2289,2026-09-23T22:21:11,2026-09-23T22:04:07,Chaos Core,726315,726315,1,,
2290,2026-09-23T22:23:31,2026-09-23T22:04:07,Chaos Core,726325,726325,1,,
2291,2026-09-23T22:24:18,2026-09-23T22:04:07,Chaos Core,713243,30669449,43,,727199
2292,2026-09-23T22:24:57,2026-09-23T22:04:07,Chaos Core,730000,1460000,2,,727199
2293,2026-09-23T22:27:59,2026-09-23T22:04:07,Chaos Core,730000,730000,1,,
2294,2026-09-23T22:34:15,2026-09-23T22:04:07,Chaos Core,730000,730000,1,,
2295,2026-09-23T22:34:58,2026-09-23T22:04:07,Chaos Core,730000,730000,1,,
2296,2026-09-23T22:40:46,2026-09-23T22:04:07,Chaos Core,730000,730000,1,,
2297,2026-09-23T22:41:26,2026-09-23T22:04:07,Chaos Core,730000,730000,1,,
2298,2026-09-23T22:46:56,2026-09-23T22:04:07,Chaos Core,730000,730000,1,,
2299,2026-09-23T22:47:41,2026-09-23T22:04:07,Chaos Core,730000,730000,1,,
2300,2026-09-23T22:53:20,2026-09-23T22:04:07,Chaos Core,730000,730000,1,,
2301,2026-09-23T22:54:03,2026-09-23T22:04:07,Chaos Core,730000,730000,1,,
2302,2026-09-23T23:18:14,2026-09-23T22:04:07,Upgrade Core Set (Ultimate) X 87,344827,30000000,87,,438135
2303,2026-09-23T23:25:06,2026-09-23T22:04:07,Chaos Core,720678,56212884,78,,727185
2304,2026-09-23T23:32:45,2026-09-23T22:04:07,Chaos Core,716611,17198664,24,,727179
2305,2026-09-23T23:35:23,2026-09-23T22:04:07,Chaos Core,715000,715000,1,,
2306,2026-09-23T23:36:10,2026-09-23T22:04:07,Chaos Core,715903,715903,1,,
2307,2026-09-23T23:48:50,2026-09-23T22:04:07,Upgrade Core Set (Ultimate) X 1,438105,438105,1,,444995
2308,2026-09-23T23:48:56,2026-09-23T22:04:07,Upgrade Core Set (Ultimate) X 19,438105,8324000,19,,444995
2309,2026-09-23T23:49:03,2026-09-23T22:04:07,Upgrade Core Set (Ultimate) X 44,438105,19276620,44,,444995
2310,2026-09-23T23:49:22,2026-09-23T22:04:07,Upgrade Core Set (Ultimate) X 1,438135,7886430,18,,444995
2311,2026-09-23T23:49:42,2026-09-23T22:04:07,Upgrade Core Set (Ultimate) X 15,438428,6576420,15,,444995
2312,2026-09-23T23:50:54,2026-09-23T22:04:07,Upgrade Core Set (Ultimate) X 40,444740,17789639,40,,452222
2313,2026-09-23T23:53:25,2026-09-23T22:04:07,Chaos Core,709599,709599,1,,
2314,2026-09-23T23:59:21,2026-09-23T22:04:07,Chaos Core,719506,719506,1,,727149
2315,2026-09-23T23:59:29,2026-09-23T22:04:07,Chaos Core,707221,707221,1,,727149
2316,2026-09-23T23:59:50,2026-09-23T22:04:07,Chaos Core,708945,708945,1,,727149
2317,2026-09-24T00:00:12,2026-09-23T22:04:07,Chaos Core,709599,709599,1,,727149
2318,2026-09-24T00:00:34,2026-09-23T22:04:07,Chaos Core,712000,712000,1,,727149
2319,2026-09-24T00:00:57,2026-09-23T22:04:07,Chaos Core,714000,714000,1,,727149
2320,2026-09-24T00:01:19,2026-09-23T22:04:07,Chaos Core,715000,715000,1,,727149
2321,2026-09-24T00:01:41,2026-09-23T22:04:07,Chaos Core,715903,715903,1,,727149
2322,2026-09-24T00:02:04,2026-09-23T22:04:07,Chaos Core,715903,62999464,88,,727149
2323,2026-09-24T00:02:26,2026-09-23T22:04:07,Chaos Core,715903,715903,1,,727149
2324,2026-09-24T00:02:50,2026-09-23T22:04:07,Chaos Core,720678,720678,1,,727149
2325,2026-09-24T00:03:11,2026-09-23T22:04:07,Chaos Core,720678,720678,1,,727149
2326,2026-09-24T00:07:20,2026-09-23T22:04:07,Chaos Core,730000,730000,1,,
2327,2026-09-24T00:08:02,2026-09-23T22:04:07,Chaos Core,730000,730000,1,,
2328,2026-09-24T00:13:16,2026-09-23T22:04:07,Upgrade Core Set (Ultimate) X 10,440440,79279200,180,,452212
2329,2026-09-24T00:13:59,2026-09-23T22:04:07,Force Core Set (Ultimate) X 7,353530,2474710,7,,369859
2330,2026-09-24T00:14:09,2026-09-23T22:04:07,Force Core Set (Ultimate) X 74,353530,26161220,74,,369859
2331,2026-09-24T00:14:17,2026-09-23T22:04:07,Force Core Set (Ultimate) X 78,353530,27575400,78,,369859
2332,2026-09-24T00:14:23,2026-09-23T22:04:07,Force Core Set (Ultimate) X 100,353530,35353000,100,,369859
2333,2026-09-24T00:15:40,2026-09-23T22:04:07,Force Core Set (Ultimate) X 273,353530,96513690,273,,369857
2334,2026-09-24T00:37:52,2026-09-24T00:28:45,Chaos Core,715903,30783829,43,,727138
2335,2026-09-24T00:38:06,2026-09-24T00:28:45,Chaos Core,715903,178259847,249,,727138
2336,2026-09-24T00:38:21,2026-09-24T00:28:45,Chaos Core,725203,1450406,2,,727138
2337,2026-09-24T00:44:12,2026-09-24T00:28:45,Chaos Core,714591,165070521,231,,727136
2338,2026-09-24T00:53:34,2026-09-24T00:28:45,Chaos Core,724591,724591,1,,
2339,2026-09-24T00:59:58,2026-09-24T00:28:45,Chaos Core,724591,724591,1,,
2340,2026-09-24T01:00:39,2026-09-24T00:28:45,Chaos Core,724077,724077,1,,
2341,2026-09-24T01:06:58,2026-09-24T00:28:45,Chaos Core,723480,723480,1,,
2342,2026-09-24T01:07:40,2026-09-24T00:28:45,Chaos Core,723480,723480,1,,
2343,2026-09-24T01:09:12,2026-09-24T00:28:45,Chaos Core,721192,82215888,114,,727120
2344,2026-09-24T01:09:24,2026-09-24T00:28:45,Chaos Core,721192,82215888,114,,727120
2345,2026-09-24T01:10:38,2026-09-24T00:28:45,Chaos Core,721192,28847680,40,,727119
2346,2026-09-24T01:10:50,2026-09-24T00:28:45,Chaos Core,721192,82215888,114,,727119
2347,2026-09-24T01:11:05,2026-09-24T00:28:45,Chaos Core,721192,131256944,182,,727119
2348,2026-09-24T01:12:31,2026-09-24T00:28:45,Chaos Core,721192,88706616,123,,727118
2349,2026-09-24T01:13:53,2026-09-24T00:28:45,Chaos Core,721192,82215888,114,,727117
2350,2026-09-24T01:14:06,2026-09-24T00:28:45,Chaos Core,721192,82215888,114,,727117
2351,2026-09-24T01:20:07,2026-09-24T00:28:45,Chaos Core,720632,81431416,113,,727112
2352,2026-09-24T01:20:16,2026-09-24T00:28:45,Chaos Core,720632,131875656,183,,727112
2353,2026-09-24T01:20:34,2026-09-24T00:28:45,Chaos Core,720632,720632,1,,727112
2354,2026-09-24T01:23:01,2026-09-24T00:28:45,Chaos Core,723480,723480,1,,
2355,2026-09-24T01:23:45,2026-09-24T00:28:45,Chaos Core,720632,720632,1,,
2356,2026-09-24T01:31:17,2026-09-24T00:28:45,Chaos Core,720632,720632,1,,
2357,2026-09-24T01:38:15,2026-09-24T00:28:45,Chaos Core,716500,40124000,56,,727087
2358,2026-09-24T01:38:43,2026-09-24T00:28:45,Chaos Core,716500,716500,1,,727087
2359,2026-09-24T01:39:37,2026-09-24T00:28:45,Force Core Set (Highest) X 1,196773,393546,2,,204907
2360,2026-09-24T01:39:43,2026-09-24T00:28:45,Force Core Set (Highest) X 10,196773,1967730,10,,204907
2361,2026-09-24T01:39:49,2026-09-24T00:28:45,Force Core Set (Highest) X 21,196773,4132233,21,,204907
2362,2026-09-24T01:39:55,2026-09-24T00:28:45,Force Core Set (Highest) X 46,196773,9051558,46,,204907
2363,2026-09-24T01:40:00,2026-09-24T00:28:45,Force Core Set (Highest) X 105,196773,20661165,105,,204907
2364,2026-09-24T01:42:07,2026-09-24T00:28:45,Force Core Set (Highest) X 10,196774,35419320,180,,204905
2365,2026-09-24T01:43:57,2026-09-24T00:28:45,Chaos Core,716499,716499,1,,
2366,2026-09-24T01:44:36,2026-09-24T00:28:45,Chaos Core,716499,716499,1,,
2367,2026-09-24T01:51:05,2026-09-24T00:28:45,Force Core Set (Highest) X 10,196774,11806440,60,,204895
2368,2026-09-24T01:51:12,2026-09-24T00:28:45,Force Core Set (Highest) X 10,196774,23612880,120,,204895
2369,2026-09-24T01:52:55,2026-09-24T00:28:45,Chaos Core,723480,723480,1,,
2370,2026-09-24T01:53:34,2026-09-24T00:28:45,Chaos Core,723480,723480,1,,
2371,2026-09-24T02:06:27,2026-09-24T00:28:45,Chaos Core,715903,87340166,122,,727058
2372,2026-09-24T02:06:49,2026-09-24T00:28:45,Chaos Core,723480,723480,1,,727058
2373,2026-09-24T02:13:00,2026-09-24T00:28:45,Chaos Core,714055,714055,1,,
2374,2026-09-24T02:14:30,2026-09-24T00:28:45,Chaos Core,712813,177490437,249,,727052
2375,2026-09-24T02:15:54,2026-09-24T00:28:45,Chaos Core,712153,81185442,114,,727050
2376,2026-09-24T02:16:05,2026-09-24T00:28:45,Chaos Core,712153,81185442,114,,727050
2377,2026-09-24T02:20:30,2026-09-24T00:28:45,Chaos Core,711540,7826940,11,,727040
2378,2026-09-24T02:20:41,2026-09-24T00:28:45,Chaos Core,711540,81115560,114,,727040
2379,2026-09-24T02:21:15,2026-09-24T00:28:45,Chaos Core,711540,81115560,114,,727040
2380,2026-09-24T02:21:29,2026-09-24T00:28:45,Chaos Core,711540,711540,1,,727040
2381,2026-09-24T02:26:31,2026-09-24T00:28:45,Epic Booster (Highest),47250000,189000000,4,,
2382,2026-09-24T02:35:17,2026-09-24T00:28:45,Chaos Core,723480,723480,1,,
2383,2026-09-24T02:35:56,2026-09-24T00:28:45,Chaos Core,723480,723480,1,,
2384,2026-09-24T02:43:32,2026-09-24T00:28:45,Chaos Core,715000,715000,1,,
2385,2026-09-24T02:44:12,2026-09-24T00:28:45,Chaos Core,715000,715000,1,,
2386,2026-09-24T02:56:36,2026-09-24T02:52:37,Chaos Core,723480,723480,1,,
2387,2026-09-24T03:00:02,2026-09-24T02:52:37,Chaos Core,722169,722169,1,,
2388,2026-09-24T03:01:34,2026-09-24T02:52:37,Chaos Core,722169,722169,1,,
2389,2026-09-24T03:08:50,2026-09-24T02:52:37,Chaos Core,722169,722169,1,,
2390,2026-09-24T03:10:26,2026-09-24T02:52:37,Chaos Core,722169,722169,1,,
2391,2026-09-24T03:15:53,2026-09-24T02:52:37,Upgrade Core Set (Ultimate) X 34,440440,14974960,34,,452092
2392,2026-09-24T03:39:05,2026-09-24T03:31:50,Force Core Set (Highest) X 10,196771,23612520,120,,204809
2393,2026-09-24T03:39:11,2026-09-24T03:31:50,Force Core Set (Highest) X 72,196771,14167512,72,,204809
2394,2026-09-24T03:40:00,2026-09-24T03:31:50,Force Core Set (Highest) X 5,151600,758000,5,,204806
2395,2026-09-24T03:40:07,2026-09-24T03:31:50,Force Core Set (Highest) X 75,196771,14757825,75,,204806
2396,2026-09-24T03:40:13,2026-09-24T03:31:50,Force Core Set (Highest) X 228,196771,44863788,228,,204806
2397,2026-09-24T03:42:09,2026-09-24T03:31:50,Yekaterina VIP Membership,113400000,113400000,1,,
2398,2026-09-24T03:56:21,2026-09-24T03:50:45,Epic Booster (Highest),47250000,189000000,4,,
2399,2026-09-24T04:07:10,2026-09-24T03:50:45,Epic Booster (Highest),47250000,189000000,4,,
2400,2026-09-24T04:21:16,2026-09-24T03:50:45,Chaos Core,714856,714856,1,,
2401,2026-09-24T04:22:10,2026-09-24T03:50:45,Chaos Core,713025,713025,1,,
2402,2026-09-24T04:50:51,2026-09-24T03:50:45,Chaos Core,714856,714856,1,,
2403,2026-09-24T04:51:46,2026-09-24T03:50:45,Chaos Core,714856,714856,1,,
2404,2026-09-24T04:58:48,2026-09-24T03:50:45,Chaos Core,710000,710000,1,,
2405,2026-09-24T04:59:46,2026-09-24T03:50:45,Chaos Core,710000,710000,1,,
2406,2026-09-24T05:06:48,2026-09-24T03:50:45,Chaos Core,706989,706989,1,,
2407,2026-09-24T05:09:31,2026-09-24T03:50:45,Epic Booster (Highest),47249998,188999992,4,,
2408,2026-09-24T05:16:12,2026-09-24T03:50:45,Force Core Set (Ultimate) X 5,350877,19298235,55,,369651
2409,2026-09-24T05:16:18,2026-09-24T03:50:45,Force Core Set (Ultimate) X 10,350877,3508770,10,,369651
2410,2026-09-24T05:16:26,2026-09-24T03:50:45,Force Core Set (Ultimate) X 10,350877,17543850,50,,369651
2411,2026-09-24T05:16:32,2026-09-24T03:50:45,Force Core Set (Ultimate) X 34,350877,11929818,34,,369651
2412,2026-09-24T05:16:37,2026-09-24T03:50:45,Force Core Set (Ultimate) X 51,350877,17894727,51,,369651
2413,2026-09-24T05:18:35,2026-09-24T03:50:45,Chaos Core,714850,714850,1,,
2414,2026-09-24T05:19:33,2026-09-24T03:50:45,Chaos Core,714850,714850,1,,
2415,2026-09-24T05:24:50,2026-09-24T03:50:45,Force Core Set (Ultimate) X 137,350877,48070149,137,,369713
2416,2026-09-24T05:24:56,2026-09-24T03:50:45,Force Core Set (Ultimate) X 166,350877,58245582,166,,369713
2417,2026-09-24T05:27:24,2026-09-24T03:50:45,Chaos Core,713030,713030,1,,
2418,2026-09-24T05:28:18,2026-09-24T03:50:45,Chaos Core,712494,712494,1,,
2419,2026-09-24T05:34:08,2026-09-24T03:50:45,Upgrade Core Set (Ultimate) X 100,442901,88580200,200,,451937
2420,2026-09-24T05:41:40,2026-09-24T03:50:45,Upgrade Core Set (Ultimate) X 54,445530,24058620,54,,451924
2421,2026-09-24T05:43:46,2026-09-24T03:50:45,Chaos Core,713030,713030,1,,
2422,2026-09-24T05:44:46,2026-09-24T03:50:45,Chaos Core,713030,713030,1,,
2423,2026-09-24T06:04:47,2026-09-24T03:50:45,Chaos Core,714855,714855,1,,
2424,2026-09-24T06:05:41,2026-09-24T03:50:45,Chaos Core,714855,714855,1,,
2425,2026-09-24T06:15:54,2026-09-24T03:50:45,Chaos Core,716000,716000,1,,
2426,2026-09-24T06:16:51,2026-09-24T03:50:45,Chaos Core,720000,720000,1,,
2427,2026-09-24T06:23:14,2026-09-24T03:50:45,Chaos Core,723480,723480,1,,
2428,2026-09-24T06:24:15,2026-09-24T03:50:45,Chaos Core,723480,723480,1,,
2429,2026-09-24T06:35:22,2026-09-24T03:50:45,Upgrade Core Set (Ultimate) X 10,469773,84559140,180,,499993
2430,2026-09-24T06:36:13,2026-09-24T03:50:45,Upgrade Core Set (Ultimate) X 10,469773,65768220,140,,499991
2431,2026-09-24T06:36:19,2026-09-24T03:50:45,Upgrade Core Set (Ultimate) X 40,469773,18790920,40,,499991
2432,2026-09-24T06:37:10,2026-09-24T03:50:45,Upgrade Core Set (Ultimate) X 48,469773,22549104,48,,499989
2433,2026-09-24T06:38:30,2026-09-24T03:50:45,Yekaterina VIP Membership,113400000,113400000,1,,
2434,2026-09-24T06:39:39,2026-09-24T03:50:45,Chaos Core,715903,715903,1,,
2435,2026-09-24T06:40:40,2026-09-24T03:50:45,Chaos Core,720431,720431,1,,
2436,2026-09-24T06:47:37,2026-09-24T03:50:45,Chaos Core,722000,722000,1,,
2437,2026-09-24T06:48:33,2026-09-24T03:50:45,Chaos Core,722000,722000,1,,
2438,2026-09-24T06:54:41,2026-09-24T03:50:45,Yekaterina VIP Membership,113400000,113400000,1,,
2439,2026-09-24T06:55:45,2026-09-24T03:50:45,Chaos Core,722492,722492,1,,
2440,2026-09-24T06:56:42,2026-09-24T03:50:45,Chaos Core,715903,715903,1,,
2441,2026-09-24T07:02:40,2026-09-24T03:50:45,Force Core Set (High) X 61,186037,11348257,61,,196802
2442,2026-09-24T07:02:48,2026-09-24T03:50:45,Force Core Set (High) X 356,186037,66229172,356,,196802
2443,2026-09-24T07:04:08,2026-09-24T03:50:45,Force Core Set (High) X 19,186038,3534722,19,,196799
2444,2026-09-24T07:05:46,2026-09-24T03:50:45,Chaos Core,714210,714210,1,,
2445,2026-09-24T07:06:43,2026-09-24T03:50:45,Chaos Core,714210,714210,1,,
2446,2026-09-24T07:20:07,2026-09-24T03:50:45,Yekaterina VIP Membership,113400000,113400000,1,,
2447,2026-09-24T07:21:25,2026-09-24T03:50:45,Chaos Core,700000,700000,1,,
2448,2026-09-24T07:22:21,2026-09-24T03:50:45,Chaos Core,712750,712750,1,,
2449,2026-09-24T07:28:34,2026-09-24T03:50:45,Force Core Set (High) X 1,185998,33479640,180,,196775
2450,2026-09-24T07:35:34,2026-09-24T03:50:45,Yekaterina VIP Membership,113399999,113399999,1,,
2451,2026-09-24T07:38:10,2026-09-24T03:50:45,Chaos Core,697000,697000,1,,
2452,2026-09-24T07:39:06,2026-09-24T03:50:45,Chaos Core,697000,697000,1,,
2453,2026-09-24T07:59:03,2026-09-24T03:50:45,Chaos Core,689420,65494900,95,,694988
2454,2026-09-24T07:59:12,2026-09-24T03:50:45,Chaos Core,689420,17235500,25,,694988
2455,2026-09-24T07:59:24,2026-09-24T03:50:45,Chaos Core,689429,15167438,22,,694988
2456,2026-09-24T07:59:50,2026-09-24T03:50:45,Chaos Core,690000,1380000,2,,694988
2457,2026-09-24T08:08:12,2026-09-24T03:50:45,Chaos Core,688201,144522210,210,,694982
2458,2026-09-24T08:11:20,2026-09-24T03:50:45,Chaos Core,686887,168974202,246,,694980
2459,2026-09-24T08:16:10,2026-09-24T03:50:45,Yekaterina VIP Membership,113400000,113400000,1,,
2460,2026-09-24T08:20:04,2026-09-24T03:50:45,Upgrade Core Set (Ultimate) X 38,469773,17851374,38,,499890
2461,2026-09-24T08:29:10,2026-09-24T03:50:45,Chaos Core,685721,685721,1,,
2462,2026-09-24T08:30:06,2026-09-24T03:50:45,Chaos Core,685721,685721,1,,
2463,2026-09-24T08:37:52,2026-09-24T03:50:45,Force Core Set (High) X 71,169014,12000000,71,,195985
2464,2026-09-24T08:37:59,2026-09-24T03:50:45,Force Core Set (High) X 5,179000,19690000,110,,195985
2465,2026-09-24T08:38:47,2026-09-24T03:50:45,Force Core Set (High) X 5,179000,25060000,140,,195984
2466,2026-09-24T08:38:54,2026-09-24T03:50:45,Force Core Set (High) X 10,179104,7164160,40,,195984
2467,2026-09-24T08:40:03,2026-09-24T03:50:45,Siena's Unbinding Stone,75600000,75600000,1,,
2468,2026-09-24T08:40:50,2026-09-24T03:50:45,Chaos Core,688201,688201,1,,
2469,2026-09-24T08:41:52,2026-09-24T03:50:45,Chaos Core,687601,687601,1,,
2470,2026-09-24T08:47:32,2026-09-24T03:50:45,Chaos Core,650000,65650000,101,,689998
2471,2026-09-24T08:47:44,2026-09-24T03:50:45,Chaos Core,650000,152750000,235,,689998
2472,2026-09-24T08:49:09,2026-09-24T03:50:45,Chaos Core,650000,26650000,41,,689998
2473,2026-09-24T08:49:30,2026-09-24T03:50:45,Chaos Core,687601,687601,1,,689998
2474,2026-09-24T08:57:09,2026-09-24T03:50:45,Chaos Core,648840,5190720,8,,689994
2475,2026-09-24T08:57:20,2026-09-24T03:50:45,Chaos Core,648840,122630760,189,,689994
2476,2026-09-24T08:57:31,2026-09-24T03:50:45,Chaos Core,648840,648840,1,,689994
2477,2026-09-24T08:58:54,2026-09-24T03:50:45,Chaos Core,648840,11679120,18,,698867
2478,2026-09-24T08:59:04,2026-09-24T03:50:45,Chaos Core,648840,109653960,169,,698867
2479,2026-09-24T08:59:27,2026-09-24T03:50:45,Chaos Core,687601,1375202,2,,698867
2480,2026-09-24T09:00:54,2026-09-24T03:50:45,Chaos Core,687601,61196489,89,,698866
2481,2026-09-24T09:01:23,2026-09-24T03:50:45,Chaos Core,688201,170673848,248,,698866
2482,2026-09-24T09:03:41,2026-09-24T03:50:45,Chaos Core,687601,2062803,3,,698865
2483,2026-09-24T09:03:50,2026-09-24T03:50:45,Chaos Core,649428,123391320,190,,698865
2484,2026-09-24T09:04:13,2026-09-24T03:50:45,Chaos Core,688201,1376402,2,,698865
2485,2026-09-24T09:05:52,2026-09-24T03:50:45,Chaos Core,688201,688201,1,,
2486,2026-09-24T09:06:43,2026-09-24T03:50:45,Chaos Core,688201,688201,1,,
2487,2026-09-24T09:14:58,2026-09-24T03:50:45,Chaos Core,710000,710000,1,,
2488,2026-09-24T09:15:45,2026-09-24T03:50:45,Chaos Core,710000,710000,1,,
2489,2026-09-24T09:35:47,2026-09-24T03:50:45,Chaos Core,707000,707000,1,,
2490,2026-09-24T09:36:34,2026-09-24T03:50:45,Chaos Core,707497,707497,1,,
2491,2026-09-24T09:42:04,2026-09-24T03:50:45,Force Core Set (Ultimate) X 1,348571,348571,1,,369554
2492,2026-09-24T09:42:10,2026-09-24T03:50:45,Force Core Set (Ultimate) X 4,348571,1394284,4,,369554
2493,2026-09-24T09:42:16,2026-09-24T03:50:45,Force Core Set (Ultimate) X 7,348571,2439997,7,,369554
2494,2026-09-24T09:42:23,2026-09-24T03:50:45,Force Core Set (Ultimate) X 10,348571,10457130,30,,369554
2495,2026-09-24T09:42:28,2026-09-24T03:50:45,Force Core Set (Ultimate) X 23,348571,8017133,23,,369554
2496,2026-09-24T09:49:10,2026-09-24T03:50:45,Chaos Core,704667,100062714,142,,709973
2497,2026-09-24T09:49:28,2026-09-24T03:50:45,Chaos Core,703968,1407936,2,,709973
2498,2026-09-24T09:56:26,2026-09-24T03:50:45,Chaos Core,702821,68173637,97,,709973
2499,2026-09-24T09:56:38,2026-09-24T03:50:45,Chaos Core,702821,56928501,81,,709973
2500,2026-09-24T09:58:16,2026-09-24T03:50:45,Chaos Core,702821,1405642,2,,709973
2501,2026-09-24T09:59:32,2026-09-24T03:50:45,Chaos Core,702821,108234434,154,,709973
2502,2026-09-24T09:59:48,2026-09-24T03:50:45,Chaos Core,702821,1405642,2,,709973
2503,2026-09-24T10:01:10,2026-09-24T03:50:45,Chaos Core,702821,3514105,5,,709971
2504,2026-09-24T10:01:19,2026-09-24T03:50:45,Chaos Core,702821,54820038,78,,709971
2505,2026-09-24T10:01:48,2026-09-24T03:50:45,Chaos Core,703968,1407936,2,,709971
2506,2026-09-24T10:01:59,2026-09-24T03:50:45,Chaos Core,702821,7731031,11,,709971
2507,2026-09-24T10:02:26,2026-09-24T03:50:45,Chaos Core,703968,703968,1,,709971
2508,2026-09-24T10:02:35,2026-09-24T03:50:45,Chaos Core,702821,702821,1,,709971
2509,2026-09-24T10:02:42,2026-09-24T03:50:45,Chaos Core,702821,702821,1,,709971
2510,2026-09-24T10:02:51,2026-09-24T03:50:45,Chaos Core,702821,702821,1,,709971
2511,2026-09-24T10:02:58,2026-09-24T03:50:45,Chaos Core,702821,702821,1,,709971
2512,2026-09-24T10:03:07,2026-09-24T03:50:45,Chaos Core,702821,702821,1,,709971
2513,2026-09-24T10:03:15,2026-09-24T03:50:45,Chaos Core,702821,702821,1,,709971
2514,2026-09-24T10:03:37,2026-09-24T03:50:45,Chaos Core,703960,703960,1,,709971
2515,2026-09-24T10:03:59,2026-09-24T03:50:45,Chaos Core,703960,703960,1,,709971
2516,2026-09-24T10:04:21,2026-09-24T03:50:45,Chaos Core,704667,704667,1,,709971
2517,2026-09-24T10:04:31,2026-09-24T03:50:45,Chaos Core,702821,18273346,26,,709971
2518,2026-09-24T10:04:40,2026-09-24T03:50:45,Chaos Core,702276,702276,1,,709971
2519,2026-09-24T10:05:17,2026-09-24T03:50:45,Chaos Core,708832,1417664,2,,709971
2520,2026-09-24T10:16:02,2026-09-24T10:10:57,Chaos Core,714000,714000,1,,
2521,2026-09-24T10:16:50,2026-09-24T10:10:57,Chaos Core,714000,714000,1,,
2522,2026-09-24T10:22:20,2026-09-24T10:10:57,Chaos Core,712764,3563820,5,,719992
2523,2026-09-24T10:23:02,2026-09-24T10:10:57,Chaos Core,715903,715903,1,,719992
2524,2026-09-24T10:31:03,2026-09-24T10:10:57,Chaos Core,715903,81612942,114,,724518
2525,2026-09-24T10:31:21,2026-09-24T10:10:57,Chaos Core,715903,143180600,200,,724518
2526,2026-09-24T10:31:37,2026-09-24T10:10:57,Chaos Core,715903,715903,1,,724518
2527,2026-09-24T10:33:02,2026-09-24T10:10:57,Chaos Core,715903,1431806,2,,724517
2528,2026-09-24T10:33:11,2026-09-24T10:10:57,Chaos Core,710972,66831368,94,,724517
2529,2026-09-24T10:33:46,2026-09-24T10:10:57,Chaos Core,715903,27920217,39,,724517
2530,2026-09-24T10:33:55,2026-09-24T10:10:57,Chaos Core,710972,70386228,99,,724517
2531,2026-09-24T10:35:34,2026-09-24T10:10:57,Chaos Core,715903,178259847,249,,724514
2532,2026-09-24T10:36:46,2026-09-24T10:10:57,Chaos Core,710972,56166788,79,,724511
2533,2026-09-24T10:37:09,2026-09-24T10:10:57,Chaos Core,710972,177032028,249,,724511
2534,2026-09-24T10:37:20,2026-09-24T10:10:57,Chaos Core,710972,1421944,2,,724511
2535,2026-09-24T10:38:46,2026-09-24T10:10:57,Chaos Core,710972,6398748,9,,724510
2536,2026-09-24T10:38:59,2026-09-24T10:10:57,Chaos Core,710972,13508468,19,,724510
2537,2026-09-24T10:39:23,2026-09-24T10:10:57,Chaos Core,715903,171816720,240,,724510
2538,2026-09-24T10:39:31,2026-09-24T10:10:57,Chaos Core,710972,1421944,2,,724510
2539,2026-09-24T10:43:43,2026-09-24T10:10:57,Chaos Core,715903,47965501,67,,724504
2540,2026-09-24T10:45:15,2026-09-24T10:10:57,Chaos Core,715903,45101889,63,,724504
2541,2026-09-24T10:45:25,2026-09-24T10:10:57,Chaos Core,715903,147476018,206,,724504
2542,2026-09-24T10:47:30,2026-09-24T10:10:57,Chaos Core,715903,715903,1,,
2543,2026-09-24T10:48:18,2026-09-24T10:10:57,Chaos Core,715903,715903,1,,
2544,2026-09-24T10:53:14,2026-09-24T10:10:57,Chaos Core,714032,67833040,95,,724507
2545,2026-09-24T10:53:28,2026-09-24T10:10:57,Chaos Core,714032,714032,1,,724507
2546,2026-09-24T10:53:54,2026-09-24T10:10:57,Chaos Core,715903,17181672,24,,724507
2547,2026-09-24T10:54:01,2026-09-24T10:10:57,Chaos Core,713465,713465,1,,724507
2548,2026-09-24T10:54:09,2026-09-24T10:10:57,Chaos Core,714032,714032,1,,724507
2549,2026-09-24T10:55:36,2026-09-24T10:10:57,Chaos Core,714032,714032,1,,724507
2550,2026-09-24T10:55:45,2026-09-24T10:10:57,Chaos Core,714032,714032,1,,724507
2551,2026-09-24T10:55:53,2026-09-24T10:10:57,Chaos Core,714032,714032,1,,724507
2552,2026-09-24T10:56:01,2026-09-24T10:10:57,Chaos Core,714629,714629,1,,724507
2553,2026-09-24T10:56:09,2026-09-24T10:10:57,Chaos Core,714629,714629,1,,724507
2554,2026-09-24T10:56:17,2026-09-24T10:10:57,Chaos Core,714629,714629,1,,724507
2555,2026-09-24T10:56:25,2026-09-24T10:10:57,Chaos Core,714629,714629,1,,724507
2556,2026-09-24T10:56:45,2026-09-24T10:10:57,Chaos Core,715903,715903,1,,724507
2557,2026-09-24T10:57:06,2026-09-24T10:10:57,Chaos Core,715903,715903,1,,724507
2558,2026-09-24T10:57:27,2026-09-24T10:10:57,Chaos Core,715903,715903,1,,724507
2559,2026-09-24T10:57:49,2026-09-24T10:10:57,Chaos Core,715903,5727224,8,,724507
2560,2026-09-24T10:58:12,2026-09-24T10:10:57,Chaos Core,715903,3579515,5,,724507
2561,2026-09-24T10:58:45,2026-09-24T10:10:57,Chaos Core,714629,1429258,2,,724507
2562,2026-09-24T11:05:08,2026-09-24T10:10:57,Chaos Core,715000,32890000,46,,724497
2563,2026-09-24T11:05:50,2026-09-24T10:10:57,Chaos Core,715903,715903,1,,724497
2564,2026-09-24T11:05:57,2026-09-24T10:10:57,Chaos Core,713933,713933,1,,724497
2565,2026-09-24T11:06:06,2026-09-24T10:10:57,Chaos Core,713933,142786600,200,,724497
2566,2026-09-24T11:06:12,2026-09-24T10:10:57,Chaos Core,713933,713933,1,,724497
2567,2026-09-24T11:07:44,2026-09-24T10:10:57,Chaos Core,713933,1427866,2,,724502
2568,2026-09-24T11:08:14,2026-09-24T10:10:57,Chaos Core,715903,715903,1,,724502
2569,2026-09-24T11:12:46,2026-09-24T10:10:57,Chaos Core,719990,719990,1,,
2570,2026-09-24T11:13:31,2026-09-24T10:10:57,Chaos Core,719900,719900,1,,
2571,2026-09-24T11:19:34,2026-09-24T10:10:57,Chaos Core,719212,10788180,15,,724510
2572,2026-09-24T11:20:43,2026-09-24T10:10:57,Force Core Set (High) X 1,184000,29992000,163,,195401
2573,2026-09-24T11:20:49,2026-09-24T10:10:57,Force Core Set (High) X 19,184000,3496000,19,,195401
2574,2026-09-24T11:22:03,2026-09-24T10:10:57,Chaos Core,690000,690000,1,,
2575,2026-09-24T11:22:49,2026-09-24T10:10:57,Chaos Core,690000,690000,1,,
2576,2026-09-24T11:29:05,2026-09-24T10:10:57,Chaos Core,719900,719900,1,,
2577,2026-09-24T11:29:49,2026-09-24T10:10:57,Chaos Core,715000,715000,1,,
2578,2026-09-24T11:33:54,2026-09-24T10:10:57,Chaos Core,715903,66578979,93,,727262
2579,2026-09-24T11:34:06,2026-09-24T10:10:57,Chaos Core,715903,173964429,243,,727262
2580,2026-09-24T11:35:58,2026-09-24T10:10:57,Chaos Core,720000,72000000,100,,727260
2581,2026-09-24T11:36:07,2026-09-24T10:10:57,Chaos Core,715903,136737473,191,,727260
2582,2026-09-24T11:37:40,2026-09-24T10:10:57,Chaos Core,720000,139680000,194,,727258
2583,2026-09-24T11:38:04,2026-09-24T10:10:57,Chaos Core,720000,720000,1,,727258
2584,2026-09-24T11:39:14,2026-09-24T10:10:57,Chaos Core,719900,58311900,81,,727257
2585,2026-09-24T11:39:27,2026-09-24T10:10:57,Chaos Core,720000,176400000,245,,727257
2586,2026-09-24T11:39:38,2026-09-24T10:10:57,Chaos Core,720000,720000,1,,727257
2587,2026-09-24T11:41:07,2026-09-24T10:10:57,Chaos Core,720000,56880000,79,,727255
2588,2026-09-24T11:41:24,2026-09-24T10:10:57,Chaos Core,720000,71280000,99,,727255
2589,2026-09-24T11:41:32,2026-09-24T10:10:57,Chaos Core,720000,1440000,2,,727255
2590,2026-09-24T11:42:55,2026-09-24T10:10:57,Chaos Core,720000,69120000,96,,727758
2591,2026-09-24T11:44:26,2026-09-24T10:10:57,Chaos Core,720000,7200000,10,,727758
2592,2026-09-24T11:44:42,2026-09-24T10:10:57,Chaos Core,720000,143280000,199,,727758
2593,2026-09-24T11:44:55,2026-09-24T10:10:57,Chaos Core,720000,720000,1,,727758
2594,2026-09-24T11:47:08,2026-09-24T10:10:57,Chaos Core,720000,720000,1,,
2595,2026-09-24T11:47:55,2026-09-24T10:10:57,Chaos Core,720000,720000,1,,
2596,2026-09-24T11:52:11,2026-09-24T10:10:57,Chaos Core,720000,20160000,28,,727815
2597,2026-09-24T11:52:47,2026-09-24T10:10:57,Chaos Core,717673,717673,1,,727815
2598,2026-09-24T11:52:54,2026-09-24T10:10:57,Chaos Core,717673,717673,1,,727815
2599,2026-09-24T11:54:20,2026-09-24T10:10:57,Chaos Core,720000,720000,1,,727815
2600,2026-09-24T11:54:28,2026-09-24T10:10:57,Chaos Core,717673,717673,1,,727815
2601,2026-09-24T11:55:26,2026-09-24T10:10:57,Chaos Core,723480,723480,1,,727815
2602,2026-09-24T11:59:13,2026-09-24T10:10:57,Force Core Set (High) X 1,182183,13663725,75,,189989
2603,2026-09-24T11:59:19,2026-09-24T10:10:57,Force Core Set (High) X 6,182183,1093098,6,,189989
2604,2026-09-24T11:59:24,2026-09-24T10:10:57,Force Core Set (High) X 24,182183,4372392,24,,189989
2605,2026-09-24T12:00:46,2026-09-24T10:10:57,Chaos Core,722885,722885,1,,
2606,2026-09-24T12:01:30,2026-09-24T10:10:57,Chaos Core,719000,719000,1,,
2607,2026-09-24T12:03:43,2026-09-24T10:10:57,Epic Booster (Highest),46750000,187000000,4,,
2608,2026-09-24T12:07:13,2026-09-24T10:10:57,Chaos Core,719000,5033000,7,,727258
2609,2026-09-24T12:08:56,2026-09-24T10:10:57,Chaos Core,722245,1444490,2,,727258
2610,2026-09-24T12:09:10,2026-09-24T10:10:57,Chaos Core,722245,2166735,3,,727258
2611,2026-09-24T12:10:36,2026-09-24T10:10:57,Force Core Set (High) X 25,182183,4554575,25,,189984
2612,2026-09-24T12:12:05,2026-09-24T10:10:57,Chaos Core,722885,722885,1,,
2613,2026-09-24T12:13:00,2026-09-24T10:10:57,Chaos Core,722885,722885,1,,
2614,2026-09-24T12:27:40,2026-09-24T10:10:57,Chaos Core,730000,730000,1,,
2615,2026-09-24T12:35:13,2026-09-24T10:10:57,Chaos Core,729464,729464,1,,
2616,2026-09-24T12:48:52,2026-09-24T10:10:57,Chaos Core,739380,739380,1,,
2617,2026-09-24T12:49:49,2026-09-24T10:10:57,Chaos Core,739380,739380,1,,
2618,2026-09-24T13:01:46,2026-09-24T10:10:57,Chaos Core,740000,1480000,2,,746999
2619,2026-09-24T13:01:54,2026-09-24T10:10:57,Chaos Core,714147,714147,1,,746999
2620,2026-09-24T13:02:03,2026-09-24T10:10:57,Chaos Core,733142,733142,1,,746999
2621,2026-09-24T13:02:11,2026-09-24T10:10:57,Chaos Core,733142,733142,1,,746999
2622,2026-09-24T13:02:20,2026-09-24T10:10:57,Chaos Core,733142,103373022,141,,746999
2623,2026-09-24T13:02:28,2026-09-24T10:10:57,Chaos Core,733142,733142,1,,746999
2624,2026-09-24T13:02:37,2026-09-24T10:10:57,Chaos Core,735000,735000,1,,746999
2625,2026-09-24T13:02:45,2026-09-24T10:10:57,Chaos Core,735000,3675000,5,,746999
2626,2026-09-24T13:02:53,2026-09-24T10:10:57,Chaos Core,735000,735000,1,,746999
2627,2026-09-24T13:03:02,2026-09-24T10:10:57,Chaos Core,739000,739000,1,,746999
2628,2026-09-24T13:03:11,2026-09-24T10:10:57,Chaos Core,739380,739380,1,,746999
2629,2026-09-24T13:03:18,2026-09-24T10:10:57,Chaos Core,739999,739999,1,,746999
2630,2026-09-24T13:03:26,2026-09-24T10:10:57,Chaos Core,740000,740000,1,,746999
2631,2026-09-24T13:04:06,2026-09-24T10:10:57,Chaos Core,740000,740000,1,,746999
2632,2026-09-24T13:06:01,2026-09-24T10:10:57,Chaos Core,746077,746077,1,,
2633,2026-09-24T13:06:50,2026-09-24T10:10:57,Chaos Core,745395,745395,1,,
2634,2026-09-24T13:11:23,2026-09-24T10:10:57,Chaos Core,740000,2960000,4,,747000
2635,2026-09-24T13:11:41,2026-09-24T10:10:57,Chaos Core,739439,1478878,2,,747000
2636,2026-09-24T13:12:37,2026-09-24T10:10:57,Chaos Core,739439,22183170,30,,746999
2637,2026-09-24T13:18:34,2026-09-24T10:10:57,Yekaterina VIP Membership,113399999,113399999,1,,
2638,2026-09-24T13:23:07,2026-09-24T10:10:57,Chaos Core,746077,746077,1,,
2639,2026-09-24T13:23:54,2026-09-24T10:10:57,Chaos Core,746077,746077,1,,
2640,2026-09-24T13:30:32,2026-09-24T10:10:57,Chaos Core,749404,749404,1,,
2641,2026-09-24T13:31:22,2026-09-24T10:10:57,Chaos Core,749404,749404,1,,
2642,2026-09-24T13:33:33,2026-09-24T10:10:57,Epic Booster (Highest),46250000,185000000,4,,
2643,2026-09-24T13:39:31,2026-09-24T10:10:57,Chaos Core,744144,744144,1,,
2644,2026-09-24T13:44:48,2026-09-24T10:10:57,Chaos Core,741578,140158242,189,,746994
2645,2026-09-24T13:45:57,2026-09-24T10:10:57,Chaos Core,741578,184652922,249,,746990
2646,2026-09-24T13:47:11,2026-09-24T10:10:57,Chaos Core,741578,147574022,199,,746988
2647,2026-09-24T13:48:40,2026-09-24T10:10:57,Chaos Core,741578,1483156,2,,746988
2648,2026-09-24T13:50:00,2026-09-24T10:10:57,Chaos Core,741000,21489000,29,,746983
2649,2026-09-24T13:50:13,2026-09-24T10:10:57,Chaos Core,741578,2224734,3,,746983
2650,2026-09-24T13:50:23,2026-09-24T10:10:57,Chaos Core,740418,184364082,249,,746983
2651,2026-09-24T13:50:30,2026-09-24T10:10:57,Chaos Core,740418,740418,1,,746983
2652,2026-09-24T13:52:01,2026-09-24T10:10:57,Chaos Core,741578,184652922,249,,746980
2653,2026-09-24T13:53:14,2026-09-24T10:10:57,Chaos Core,740896,101502752,137,,746976
2654,2026-09-24T13:53:27,2026-09-24T10:10:57,Chaos Core,740896,137806656,186,,746976
2655,2026-09-24T13:53:40,2026-09-24T10:10:57,Chaos Core,741578,741578,1,,746976
2656,2026-09-24T13:55:55,2026-09-24T10:10:57,Chaos Core,741578,741578,1,,
2657,2026-09-24T13:58:18,2026-09-24T10:10:57,Yekaterina VIP Membership,113399999,113399999,1,,
2658,2026-09-24T14:10:42,2026-09-24T10:10:57,Chaos Core,741578,741578,1,,
2659,2026-09-24T14:11:33,2026-09-24T10:10:57,Chaos Core,741578,741578,1,,
2660,2026-09-24T14:31:56,2026-09-24T10:10:57,Upgrade Core Set (Ultimate) X 10,444694,62257160,140,,449856
2661,2026-09-24T14:32:02,2026-09-24T10:10:57,Upgrade Core Set (Ultimate) X 87,444694,38688464,87,,449856
2662,2026-09-24T14:33:20,2026-09-24T10:10:57,Chaos Core,731944,731944,1,,
2663,2026-09-24T14:34:12,2026-09-24T10:10:57,Chaos Core,742999,742999,1,,
2664,2026-09-24T14:40:45,2026-09-24T10:10:57,Chaos Core,740999,740999,1,,
2665,2026-09-24T14:41:34,2026-09-24T10:10:57,Chaos Core,742999,742999,1,,
2666,2026-09-24T15:03:43,2026-09-24T10:10:57,Chaos Core,712844,29939448,42,,741577
2667,2026-09-24T15:04:21,2026-09-24T10:10:57,Chaos Core,715903,715903,1,,741577
2668,2026-09-24T15:05:51,2026-09-24T10:10:57,Chaos Core,720000,42480000,59,,741577
2669,2026-09-24T15:07:54,2026-09-24T10:10:57,Chaos Core,742999,742999,1,,
2670,2026-09-24T15:08:41,2026-09-24T10:10:57,Chaos Core,742999,742999,1,,
2671,2026-09-24T15:20:43,2026-09-24T10:10:57,Siena's Unbinding Stone,75599999,75599999,1,,
2672,2026-09-24T15:26:11,2026-09-24T10:10:57,Chaos Core,740081,740081,1,,
2673,2026-09-24T15:27:00,2026-09-24T10:10:57,Chaos Core,740081,740081,1,,
2674,2026-09-24T15:35:15,2026-09-24T10:10:57,Yekaterina VIP Membership,113399999,113399999,1,,
2675,2026-09-24T15:38:44,2026-09-24T10:10:57,Chaos Core,742481,742481,1,,
2676,2026-09-24T15:39:29,2026-09-24T10:10:57,Chaos Core,749404,749404,1,,
2677,2026-09-24T15:41:42,2026-09-24T10:10:57,Epic Booster (Highest),45625000,182500000,4,,
2678,2026-09-24T15:46:22,2026-09-24T10:10:57,Chaos Core,749387,749387,1,,
2679,2026-09-24T15:47:11,2026-09-24T10:10:57,Chaos Core,749387,749387,1,,
2680,2026-09-24T16:07:05,2026-09-24T10:10:57,Chaos Core,750000,750000,1,,
2681,2026-09-24T16:07:54,2026-09-24T10:10:57,Chaos Core,741282,741282,1,,
2682,2026-09-24T16:12:13,2026-09-24T10:10:57,Chaos Core,739643,85058945,115,,750745
2683,2026-09-24T16:12:24,2026-09-24T10:10:57,Chaos Core,739643,56212868,76,,750745
2684,2026-09-24T16:12:51,2026-09-24T10:10:57,Chaos Core,750000,750000,1,,750745
2685,2026-09-24T16:14:20,2026-09-24T10:10:57,Chaos Core,744206,744206,1,,750742
2686,2026-09-24T16:14:29,2026-09-24T10:10:57,Chaos Core,739643,29585720,40,,750742
2687,2026-09-24T16:14:47,2026-09-24T10:10:57,Chaos Core,739643,739643,1,,750742
2688,2026-09-24T16:14:55,2026-09-24T10:10:57,Chaos Core,739643,739643,1,,750742
2689,2026-09-24T16:16:26,2026-09-24T10:10:57,Chaos Core,750000,750000,1,,750742
2690,2026-09-24T16:16:33,2026-09-24T10:10:57,Chaos Core,750000,750000,1,,750742
2691,2026-09-24T16:18:25,2026-09-24T10:10:57,Chaos Core,750000,750000,1,,
2692,2026-09-24T16:19:11,2026-09-24T10:10:57,Chaos Core,748855,748855,1,,
2693,2026-09-24T16:29:06,2026-09-24T10:10:57,Chaos Core,715903,177543944,248,,750718
2694,2026-09-24T16:29:24,2026-09-24T10:10:57,Chaos Core,740000,740000,1,,750718
2695,2026-09-24T16:36:13,2026-09-24T10:10:57,Chaos Core,712700,33496900,47,,750705
2696,2026-09-24T16:36:23,2026-09-24T10:10:57,Chaos Core,712114,148119712,208,,750705
2697,2026-09-24T16:37:49,2026-09-24T10:10:57,Chaos Core,712700,166059100,233,,750702
2698,2026-09-24T16:38:05,2026-09-24T10:10:57,Chaos Core,712732,712732,1,,750702
2699,2026-09-24T16:39:27,2026-09-24T10:10:57,Chaos Core,712732,17105568,24,,750700
2700,2026-09-24T16:39:54,2026-09-24T10:10:57,Chaos Core,715903,715903,1,,750700
2701,2026-09-24T16:40:02,2026-09-24T10:10:57,Chaos Core,712114,712114,1,,750700
2702,2026-09-24T16:40:11,2026-09-24T10:10:57,Chaos Core,712114,712114,1,,750700
2703,2026-09-24T16:40:19,2026-09-24T10:10:57,Chaos Core,712700,712700,1,,750700
2704,2026-09-24T16:40:28,2026-09-24T10:10:57,Chaos Core,712700,712700,1,,750700
2705,2026-09-24T16:40:36,2026-09-24T10:10:57,Chaos Core,712012,712012,1,,750700
2706,2026-09-24T16:40:44,2026-09-24T10:10:57,Chaos Core,712732,712732,1,,750700
2707,2026-09-24T16:41:05,2026-09-24T10:10:57,Chaos Core,714687,714687,1,,750700
2708,2026-09-24T16:41:13,2026-09-24T10:10:57,Chaos Core,712153,712153,1,,750700
2709,2026-09-24T16:43:05,2026-09-24T10:10:57,Chaos Core,748240,748240,1,,
2710,2026-09-24T16:43:53,2026-09-24T10:10:57,Chaos Core,748240,748240,1,,
2711,2026-09-24T16:49:26,2026-09-24T10:10:57,Force Core Set (Highest) X 66,181818,12000000,66,,202959
2712,2026-09-24T16:49:32,2026-09-24T10:10:57,Force Core Set (Highest) X 205,181900,37289500,205,,202959
2713,2026-09-24T16:50:49,2026-09-24T10:10:57,Force Core Set (Highest) X 60,181900,10914000,60,,202957
2714,2026-09-24T16:50:55,2026-09-24T10:10:57,Force Core Set (Highest) X 329,181900,59845100,329,,202957
2715,2026-09-24T17:32:34,2026-09-24T10:10:57,Chaos Core,739282,183341936,248,,750039
2716,2026-09-24T17:32:41,2026-09-24T10:10:57,Chaos Core,680000,680000,1,,750039
2717,2026-09-24T17:34:23,2026-09-24T10:10:57,Chaos Core,739284,183342432,248,,750035
2718,2026-09-24T17:34:48,2026-09-24T10:10:57,Chaos Core,739977,739977,1,,750035
2719,2026-09-24T17:36:43,2026-09-24T10:10:57,Chaos Core,739977,184254273,249,,750033
2720,2026-09-24T17:38:19,2026-09-24T10:10:57,Chaos Core,739284,739284,1,,750032
2721,2026-09-24T17:41:06,2026-09-24T10:10:57,Chaos Core,743405,1486810,2,,750032
2722,2026-09-24T17:42:51,2026-09-24T10:10:57,Chaos Core,743405,743405,1,,
2723,2026-09-24T17:43:38,2026-09-24T10:10:57,Chaos Core,743405,743405,1,,
2724,2026-09-24T17:47:12,2026-09-24T10:10:57,Chaos Core,742264,73484136,99,,750026
2725,2026-09-24T17:49:34,2026-09-24T10:10:57,Chaos Core,744645,744645,1,,750024
2726,2026-09-24T17:51:04,2026-09-24T10:10:57,Chaos Core,740000,29600000,40,,750024
2727,2026-09-24T17:51:14,2026-09-24T10:10:57,Chaos Core,740000,22940000,31,,750024
2728,2026-09-24T17:51:22,2026-09-24T10:10:57,Chaos Core,740000,740000,1,,750024
2729,2026-09-24T17:51:32,2026-09-24T10:10:57,Chaos Core,740000,85100000,115,,750024
2730,2026-09-24T17:51:40,2026-09-24T10:10:57,Chaos Core,741643,741643,1,,750024
2731,2026-09-24T17:55:31,2026-09-24T10:10:57,Chaos Core,741633,741633,1,,
2732,2026-09-24T18:01:15,2026-09-24T10:10:57,Chaos Core,717087,25815132,36,,750006
2733,2026-09-24T18:01:31,2026-09-24T10:10:57,Chaos Core,730000,106580000,146,,750006
2734,2026-09-24T18:01:52,2026-09-24T10:10:57,Chaos Core,741633,741633,1,,750006
2735,2026-09-24T18:03:22,2026-09-24T10:10:57,Force Core Set (High) X 10,186038,33486840,180,,195405
2736,2026-09-24T18:04:24,2026-09-24T10:10:57,Force Core Set (High) X 29,186038,5395102,29,,195404
2737,2026-09-24T18:04:32,2026-09-24T10:10:57,Force Core Set (High) X 39,186038,7255482,39,,195404
2738,2026-09-24T18:05:21,2026-09-24T10:10:57,Force Core Set (High) X 40,186038,7441520,40,,195402
2739,2026-09-24T18:05:29,2026-09-24T10:10:57,Force Core Set (High) X 42,186038,7813596,42,,195402
2740,2026-09-24T18:08:07,2026-09-24T10:10:57,Epic Booster (Highest),47249999,188999996,4,,
2741,2026-09-24T18:10:08,2026-09-24T10:10:57,Yekaterina VIP Membership,103500000,103500000,1,,
2742,2026-09-24T18:15:43,2026-09-24T10:10:57,Chaos Core,713974,35698700,50,,749986
2743,2026-09-24T18:16:29,2026-09-24T10:10:57,Chaos Core,748111,748111,1,,749986
2744,2026-09-24T18:18:24,2026-09-24T10:10:57,Chaos Core,748111,748111,1,,
2745,2026-09-24T18:19:09,2026-09-24T10:10:57,Chaos Core,729398,729398,1,,
2746,2026-09-24T18:26:47,2026-09-24T10:10:57,Chaos Core,748111,748111,1,,
2747,2026-09-24T18:27:35,2026-09-24T10:10:57,Chaos Core,748111,748111,1,,
2748,2026-09-24T18:35:15,2026-09-24T10:10:57,Yekaterina VIP Membership,113399999,113399999,1,,
2749,2026-09-24T18:41:55,2026-09-24T10:10:57,Chaos Core,747777,747777,1,,
2750,2026-09-24T18:42:49,2026-09-24T10:10:57,Chaos Core,748111,748111,1,,
2751,2026-09-24T18:57:08,2026-09-24T10:10:57,Chaos Core,715830,17895750,25,,749920
2752,2026-09-24T18:58:41,2026-09-24T10:10:57,Chaos Core,715830,178241670,249,,749920
2753,2026-09-24T18:58:55,2026-09-24T10:10:57,Chaos Core,715830,1431660,2,,749920
2754,2026-09-24T19:09:31,2026-09-24T10:10:57,Force Core Set (Ultimate) X 1,346663,12479868,36,,368938
2755,2026-09-24T19:09:38,2026-09-24T10:10:57,Force Core Set (Ultimate) X 1,346663,5199945,15,,368938
2756,2026-09-24T19:09:44,2026-09-24T10:10:57,Force Core Set (Ultimate) X 1,346663,346663,1,,368938
2757,2026-09-24T19:09:51,2026-09-24T10:10:57,Force Core Set (Ultimate) X 2,346663,7626586,22,,368938
2758,2026-09-24T19:09:57,2026-09-24T10:10:57,Force Core Set (Ultimate) X 12,346663,4159956,12,,368938
2759,2026-09-24T19:12:32,2026-09-24T10:10:57,Epic Booster (Highest),47249999,188999996,4,,
2760,2026-09-24T19:20:09,2026-09-24T10:10:57,Chaos Core,713698,713698,1,,
2761,2026-09-24T19:21:10,2026-09-24T10:10:57,Chaos Core,713698,713698,1,,
2762,2026-09-24T19:47:29,2026-09-24T10:10:57,Yekaterina VIP Membership,111900000,111900000,1,,
2763,2026-09-24T19:54:05,2026-09-24T10:10:57,Chaos Core,723000,723000,1,,
2764,2026-09-24T19:54:51,2026-09-24T10:10:57,Chaos Core,723000,723000,1,,
2765,2026-09-24T20:02:30,2026-09-24T10:10:57,Chaos Core,699999,699999,1,,
2766,2026-09-24T20:03:21,2026-09-24T10:10:57,Chaos Core,699999,699999,1,,
2767,2026-09-24T20:11:02,2026-09-24T10:10:57,Chaos Core,699999,699999,1,,
2768,2026-09-24T20:11:52,2026-09-24T10:10:57,Chaos Core,699999,699999,1,,
2769,2026-09-24T20:19:29,2026-09-24T10:10:57,Chaos Core,696264,696264,1,,
2770,2026-09-24T20:20:16,2026-09-24T10:10:57,Chaos Core,696264,696264,1,,
2771,2026-09-24T20:28:06,2026-09-24T10:10:57,Chaos Core,696264,696264,1,,
2772,2026-09-24T20:28:58,2026-09-24T10:10:57,Chaos Core,696264,696264,1,,
2773,2026-09-24T20:36:27,2026-09-24T10:10:57,Chaos Core,695117,695117,1,,
2774,2026-09-24T20:37:13,2026-09-24T10:10:57,Chaos Core,695117,695117,1,,
2775,2026-09-24T20:53:11,2026-09-24T10:10:57,Force Core Set (High) X 347,180000,62460000,347,,195210
2776,2026-09-24T20:54:57,2026-09-24T10:10:57,Chaos Core,710000,710000,1,,
2777,2026-09-24T20:55:44,2026-09-24T10:10:57,Chaos Core,710000,710000,1,,
2778,2026-09-24T21:03:26,2026-09-24T10:10:57,Chaos Core,710000,710000,1,,
2779,2026-09-24T21:04:13,2026-09-24T10:10:57,Chaos Core,710000,710000,1,,
2780,2026-09-24T21:34:34,2026-09-24T21:26:34,Chaos Core,708817,708817,1,,
2781,2026-09-24T21:35:25,2026-09-24T21:26:34,Chaos Core,708817,55287726,78,,727999
2782,2026-09-24T21:35:39,2026-09-24T21:26:34,Chaos Core,708817,162319093,229,,727999
2783,2026-09-24T21:35:47,2026-09-24T21:26:34,Chaos Core,708239,1416478,2,,727999
2784,2026-09-24T21:37:11,2026-09-24T21:26:34,Chaos Core,708239,28329560,40,,727999
2785,2026-09-24T21:37:22,2026-09-24T21:26:34,Chaos Core,708239,118275913,167,,727999
2786,2026-09-24T21:38:28,2026-09-24T21:26:34,Upgrade Core Set (Ultimate) X 23,399999,9199977,23,,449917
2787,2026-09-24T21:38:34,2026-09-24T21:26:34,Upgrade Core Set (Ultimate) X 407,399999,162799999,407,,449917
2788,2026-09-24T21:40:11,2026-09-24T21:26:34,Upgrade Core Set (Ultimate) X 47,442380,20791860,47,,449915
2789,2026-09-24T21:40:16,2026-09-24T21:26:34,Upgrade Core Set (Ultimate) X 51,442380,22561380,51,,449915
2790,2026-09-24T21:41:11,2026-09-24T21:26:34,Force Core Set (Ultimate) X 16,346664,5546624,16,,368844
2791,2026-09-24T21:41:16,2026-09-24T21:26:34,Force Core Set (Ultimate) X 28,346664,9706592,28,,368844
2792,2026-09-24T21:41:25,2026-09-24T21:26:34,Force Core Set (Ultimate) X 10,346665,34666500,100,,368844
2793,2026-09-24T21:42:17,2026-09-24T21:26:34,Siena's Unbinding Stone,74600000,74600000,1,,
2794,2026-09-24T21:43:39,2026-09-24T21:26:34,Chaos Core,708239,708239,1,,
2795,2026-09-24T21:49:57,2026-09-24T21:26:34,Chaos Core,690000,690000,1,,
2796,2026-09-24T21:51:10,2026-09-24T21:26:34,Force Core Set (Ultimate) X 14,346665,4853310,14,,368841
2797,2026-09-24T21:51:17,2026-09-24T21:26:34,Force Core Set (Ultimate) X 23,346665,7973295,23,,368841
2798,2026-09-24T21:52:50,2026-09-24T21:26:34,Chaos Core,690000,690000,1,,
2799,2026-09-24T22:07:02,2026-09-24T21:59:01,Chaos Core,688650,688650,1,,
2800,2026-09-24T22:13:07,2026-09-24T21:59:01,Chaos Core,708718,708718,1,,
2801,2026-09-24T22:14:51,2026-09-24T21:59:01,Force Core Set (High) X 10,176470,10588200,60,,195187
2802,2026-09-24T22:14:57,2026-09-24T21:59:01,Force Core Set (High) X 19,176470,3352930,19,,195187
2803,2026-09-24T22:15:03,2026-09-24T21:59:01,Force Core Set (High) X 20,176470,3529400,20,,195187
2804,2026-09-24T22:15:09,2026-09-24T21:59:01,Force Core Set (High) X 58,176470,10235260,58,,195187
2805,2026-09-24T22:15:14,2026-09-24T21:59:01,Force Core Set (High) X 193,176470,34058710,193,,195187
2806,2026-09-24T22:17:21,2026-09-24T21:59:01,Chaos Core,708718,708718,1,,
2807,2026-09-24T22:23:03,2026-09-24T21:59:01,Chaos Core,708718,708718,1,,
2808,2026-09-24T22:26:11,2026-09-24T21:59:01,Chaos Core,707629,707629,1,,
2809,2026-09-24T22:34:53,2026-09-24T21:59:01,Chaos Core,708718,33309746,47,,727938
2810,2026-09-24T22:35:16,2026-09-24T21:59:01,Chaos Core,708718,17717950,25,,727938
2811,2026-09-24T22:35:42,2026-09-24T21:59:01,Chaos Core,708718,80085134,113,,727938
2812,2026-09-24T22:36:08,2026-09-24T21:59:01,Chaos Core,708718,708718,1,,727938
2813,2026-09-24T22:37:52,2026-09-24T21:59:01,Chaos Core,708718,80085134,113,,727936
2814,2026-09-24T22:38:12,2026-09-24T21:59:01,Chaos Core,708718,80793852,114,,727936
2815,2026-09-24T22:38:32,2026-09-24T21:59:01,Chaos Core,708718,708718,1,,727936
2816,2026-09-24T22:40:08,2026-09-24T21:59:01,Chaos Core,710000,176080000,248,,727933
2817,2026-09-24T22:40:30,2026-09-24T21:59:01,Chaos Core,710000,710000,1,,727933
2818,2026-09-24T22:44:42,2026-09-24T21:59:01,Chaos Core,715000,715000,1,,
2819,2026-09-24T22:49:49,2026-09-24T21:59:01,Chaos Core,715000,715000,1,,
2820,2026-09-24T22:52:47,2026-09-24T21:59:01,Chaos Core,715000,715000,1,,
2821,2026-09-24T22:57:36,2026-09-24T21:59:01,Chaos Core,714000,714000,1,,
2822,2026-09-24T22:59:58,2026-09-24T21:59:01,Force Core Set (High) X 1,176470,176470,1,,195160
2823,2026-09-24T23:00:04,2026-09-24T21:59:01,Force Core Set (High) X 14,176470,2470580,14,,195160
2824,2026-09-24T23:00:14,2026-09-24T21:59:01,Force Core Set (High) X 221,180000,39780000,221,,195160
2825,2026-09-24T23:05:43,2026-09-24T21:59:01,Chaos Core,715000,715000,1,,
2826,2026-09-24T23:08:12,2026-09-24T21:59:01,Force Core Set (High) X 40,176470,7058800,40,,195157
2827,2026-09-24T23:08:18,2026-09-24T21:59:01,Force Core Set (High) X 194,176470,34235180,194,,195157
2828,2026-09-24T23:08:57,2026-09-24T21:59:01,Force Core Set (Ultimate) X 1,346664,15599880,45,,368821
2829,2026-09-24T23:09:03,2026-09-24T21:59:01,Force Core Set (Ultimate) X 1,346664,1039992,3,,368821
2830,2026-09-24T23:09:09,2026-09-24T21:59:01,Force Core Set (Ultimate) X 3,346664,1039992,3,,368821
2831,2026-09-24T23:09:15,2026-09-24T21:59:01,Force Core Set (Ultimate) X 42,346664,14559888,42,,368821
2832,2026-09-24T23:10:03,2026-09-24T21:59:01,Force Core Set (Ultimate) X 54,346665,18719963,54,,368820
2833,2026-09-24T23:10:10,2026-09-24T21:59:01,Force Core Set (Ultimate) X 5,346666,1733330,5,,368820
2834,2026-09-24T23:11:35,2026-09-24T21:59:01,Chaos Core,717087,717087,1,,
2835,2026-09-24T23:13:24,2026-09-24T21:59:01,Chaos Core,712831,59877804,84,,717922
2836,2026-09-24T23:16:59,2026-09-24T21:59:01,Chaos Core,717087,717087,1,,
2837,2026-09-24T23:20:33,2026-09-24T21:59:01,Chaos Core,719999,719999,1,,
2838,2026-09-24T23:24:55,2026-09-24T21:59:01,Chaos Core,710000,710000,1,,
2839,2026-09-24T23:27:40,2026-09-24T21:59:01,Chaos Core,669392,16065408,24,,717920
2840,2026-09-24T23:29:31,2026-09-24T21:59:01,Chaos Core,717087,717087,1,,
2841,2026-09-24T23:33:25,2026-09-24T21:59:01,Chaos Core,719999,719999,1,,
2842,2026-09-24T23:37:08,2026-09-24T21:59:01,Chaos Core,719999,719999,1,,
2843,2026-09-24T23:41:00,2026-09-24T21:59:01,Chaos Core,719999,719999,1,,
2844,2026-09-24T23:44:47,2026-09-24T21:59:01,Chaos Core,719999,719999,1,,
2845,2026-09-24T23:48:43,2026-09-24T21:59:01,Chaos Core,717087,717087,1,,
2846,2026-09-24T23:53:54,2026-09-24T21:59:01,Chaos Core,719999,719999,1,,
2847,2026-09-24T23:59:41,2026-09-24T21:59:01,Chaos Core,719999,719999,1,,
2848,2026-09-25T00:03:27,2026-09-24T21:59:01,Chaos Core,725000,725000,1,,
2849,2026-09-25T00:06:04,2026-09-24T21:59:01,Chaos Core,725000,725000,1,,
2850,2026-09-25T00:16:51,2026-09-25T00:13:04,Chaos Core,725999,725999,1,,
2851,2026-09-25T00:20:42,2026-09-25T00:13:04,Chaos Core,727999,727999,1,,
2852,2026-09-25T00:23:10,2026-09-25T00:13:04,Chaos Core,727999,727999,1,,
2853,2026-09-25T00:35:12,2026-09-25T00:13:04,Chaos Core,727998,727998,1,,
2854,2026-09-25T00:37:52,2026-09-25T00:13:04,Chaos Core,727997,727997,1,,
2855,2026-09-25T00:45:45,2026-09-25T00:13:04,Chaos Core,726340,726340,1,,
2856,2026-09-25T00:52:35,2026-09-25T00:13:04,Chaos Core,717000,717000,1,,
2857,2026-09-25T00:54:16,2026-09-25T00:13:04,Chaos Core,717087,31551828,44,,728041
2858,2026-09-25T00:55:51,2026-09-25T00:13:04,Chaos Core,717000,137664000,192,,728041
2859,2026-09-25T00:56:00,2026-09-25T00:13:04,Chaos Core,717000,717000,1,,728041
2860,2026-09-25T00:57:17,2026-09-25T00:13:04,Chaos Core,717087,30834741,43,,728040
2861,2026-09-25T00:57:33,2026-09-25T00:13:04,Chaos Core,717087,178554663,249,,728040
2862,2026-09-25T00:57:50,2026-09-25T00:13:04,Chaos Core,717087,1434174,2,,728040
2863,2026-09-25T00:59:07,2026-09-25T00:13:04,Chaos Core,717000,52341000,73,,728037
2864,2026-09-25T00:59:28,2026-09-25T00:13:04,Chaos Core,717087,78879570,110,,728037
2865,2026-09-25T01:00:49,2026-09-25T00:13:04,Chaos Core,717087,60235308,84,,728036
2866,2026-09-25T01:01:13,2026-09-25T00:13:04,Chaos Core,717087,113299746,158,,728036
2867,2026-09-25T01:01:19,2026-09-25T00:13:04,Chaos Core,716351,716351,1,,728036
2868,2026-09-25T01:02:31,2026-09-25T00:13:04,Chaos Core,716351,9312563,13,,728035
2869,2026-09-25T01:02:59,2026-09-25T00:13:04,Chaos Core,717087,81030831,113,,728035
2870,2026-09-25T01:03:25,2026-09-25T00:13:04,Chaos Core,717087,82465005,115,,728035
2871,2026-09-25T01:03:52,2026-09-25T00:13:04,Chaos Core,717087,1434174,2,,728035
2872,2026-09-25T01:05:04,2026-09-25T00:13:04,Chaos Core,716351,32235795,45,,728030
2873,2026-09-25T01:05:30,2026-09-25T00:13:04,Chaos Core,717087,717087,1,,728030
2874,2026-09-25T01:05:39,2026-09-25T00:13:04,Chaos Core,716351,74500504,104,,728030
2875,2026-09-25T01:09:48,2026-09-25T00:13:04,Chaos Core,717000,717000,1,,
2876,2026-09-25T01:12:07,2026-09-25T00:13:04,Chaos Core,723000,723000,1,,
2877,2026-09-25T01:17:35,2026-09-25T00:13:04,Force Core Set (High) X 362,180000,65160000,362,,195116
2878,2026-09-25T01:19:41,2026-09-25T00:13:04,Yekaterina VIP Membership,110999999,110999999,1,,
2879,2026-09-25T01:22:35,2026-09-25T00:13:04,Chaos Core,725000,725000,1,,
2880,2026-09-25T01:24:23,2026-09-25T00:13:04,Chaos Core,725000,725000,1,,
2881,2026-09-25T01:27:46,2026-09-25T00:13:04,Chaos Core,720000,170640000,237,,749964
2882,2026-09-25T01:29:12,2026-09-25T00:13:04,Chaos Core,725000,180525000,249,,749963
2883,2026-09-25T01:34:32,2026-09-25T00:13:04,Chaos Core,740000,740000,1,,
2884,2026-09-25T01:36:13,2026-09-25T00:13:04,Chaos Core,740000,740000,1,,
2885,2026-09-25T01:37:21,2026-09-25T00:13:04,Chaos Core,740000,8880000,12,,749957
2886,2026-09-25T01:37:46,2026-09-25T00:13:04,Chaos Core,740000,740000,1,,749957
2887,2026-09-25T01:38:12,2026-09-25T00:13:04,Chaos Core,739999,137639814,186,,749957
2888,2026-09-25T01:38:39,2026-09-25T00:13:04,Chaos Core,743087,1486174,2,,749957
2889,2026-09-25T01:41:43,2026-09-25T00:13:04,Chaos Core,743087,12632479,17,,749956
2890,2026-09-25T01:42:28,2026-09-25T00:13:04,Chaos Core,745000,745000,1,,749956
2891,2026-09-25T01:45:49,2026-09-25T00:13:04,Force Core Set (High) X 5,185937,929685,5,,195098
2892,2026-09-25T01:45:54,2026-09-25T00:13:04,Force Core Set (High) X 25,185937,4648425,25,,195098
2893,2026-09-25T01:46:02,2026-09-25T00:13:04,Force Core Set (High) X 46,186038,8557748,46,,195098
2894,2026-09-25T01:46:42,2026-09-25T00:13:04,Force Core Set (Ultimate) X 12,346661,4159932,12,,368775
2895,2026-09-25T01:46:48,2026-09-25T00:13:04,Force Core Set (Ultimate) X 114,346661,39519354,114,,368775
2896,2026-09-25T01:46:54,2026-09-25T00:13:04,Force Core Set (Ultimate) X 65,346664,22533160,65,,368775
2897,2026-09-25T01:50:39,2026-09-25T00:13:04,Chaos Core,740000,740000,1,,
2898,2026-09-25T01:51:57,2026-09-25T00:13:04,Chaos Core,740000,740000,1,,
2899,2026-09-25T01:52:53,2026-09-25T00:13:04,Chaos Core,740000,740000,1,,750000
2900,2026-09-25T01:53:13,2026-09-25T00:13:04,Chaos Core,745000,122925000,165,,750000
2901,2026-09-25T01:53:36,2026-09-25T00:13:04,Chaos Core,740000,1480000,2,,750000
2902,2026-09-25T01:54:45,2026-09-25T00:13:04,Chaos Core,730000,64970000,89,,750028
2903,2026-09-25T01:55:11,2026-09-25T00:13:04,Chaos Core,730000,730000,1,,750028
2904,2026-09-25T02:02:48,2026-09-25T00:13:04,Chaos Core,717087,717087,1,,
2905,2026-09-25T02:04:11,2026-09-25T00:13:04,Chaos Core,745087,745087,1,,
2906,2026-09-25T02:05:05,2026-09-25T00:13:04,Chaos Core,740000,9620000,13,,750029
2907,2026-09-25T02:05:20,2026-09-25T00:13:04,Chaos Core,740000,2960000,4,,750029
2908,2026-09-25T02:05:48,2026-09-25T00:13:04,Chaos Core,745087,745087,1,,750029
2909,2026-09-25T02:10:17,2026-09-25T00:13:04,Upgrade Core Set (Ultimate) X 3,443674,1331022,3,,449787
2910,2026-09-25T02:10:23,2026-09-25T00:13:04,Upgrade Core Set (Ultimate) X 5,443674,2218370,5,,449787
2911,2026-09-25T02:10:29,2026-09-25T00:13:04,Upgrade Core Set (Ultimate) X 9,444695,4002255,9,,449787
2912,2026-09-25T02:10:35,2026-09-25T00:13:04,Upgrade Core Set (Ultimate) X 23,444695,10227985,23,,449787
2913,2026-09-25T02:15:11,2026-09-25T00:13:04,Chaos Core,749500,749500,1,,
2914,2026-09-25T02:20:15,2026-09-25T00:13:04,Chaos Core,748817,748817,1,,
2915,2026-09-25T02:20:55,2026-09-25T00:13:04,Upgrade Core Set (Ultimate) X 12,443674,5324088,12,,449786
2916,2026-09-25T02:29:20,2026-09-25T00:13:04,Chaos Core,745700,11185500,15,,750700
2917,2026-09-25T02:29:31,2026-09-25T00:13:04,Chaos Core,745700,99178100,133,,750700
2918,2026-09-25T02:29:44,2026-09-25T00:13:04,Chaos Core,745700,1491400,2,,750700
2919,2026-09-25T02:30:46,2026-09-25T00:13:04,Chaos Core,745700,32810800,44,,750700
2920,2026-09-25T02:31:02,2026-09-25T00:13:04,Chaos Core,745700,184187900,247,,750700
2921,2026-09-25T02:41:57,2026-09-25T00:13:04,Chaos Core,745087,745087,1,,
2922,2026-09-25T02:42:34,2026-09-25T00:13:04,Chaos Core,744512,61049984,82,,750695
2923,2026-09-25T02:42:47,2026-09-25T00:13:04,Chaos Core,745087,20862436,28,,750695
2924,2026-09-25T02:42:55,2026-09-25T00:13:04,Chaos Core,744000,139872000,188,,750695
2925,2026-09-25T02:43:12,2026-09-25T00:13:04,Chaos Core,745087,1490174,2,,750695
2926,2026-09-25T02:52:21,2026-09-25T00:13:04,Chaos Core,745087,745087,1,,
2927,2026-09-25T02:53:23,2026-09-25T00:13:04,Chaos Core,745087,745087,1,,
2928,2026-09-25T02:57:03,2026-09-25T00:13:04,Force Core Set (Ultimate) X 2,343750,687500,2,,359986
2929,2026-09-25T02:57:10,2026-09-25T00:13:04,Force Core Set (Ultimate) X 2,343750,687500,2,,359986
2930,2026-09-25T02:57:15,2026-09-25T00:13:04,Force Core Set (Ultimate) X 47,343750,16156250,47,,359986
2931,2026-09-25T02:57:22,2026-09-25T00:13:04,Force Core Set (Ultimate) X 10,348490,20909400,60,,359986
2932,2026-09-25T02:57:28,2026-09-25T00:13:04,Force Core Set (Ultimate) X 19,348490,6621310,19,,359986
2933,2026-09-25T02:58:13,2026-09-25T00:13:04,Force Core Set (Ultimate) X 13,348497,4530461,13,,359985
2934,2026-09-25T02:58:19,2026-09-25T00:13:04,Force Core Set (Ultimate) X 14,348497,4878958,14,,359985
2935,2026-09-25T02:58:25,2026-09-25T00:13:04,Force Core Set (Ultimate) X 27,348500,9409500,27,,359985
2936,2026-09-25T02:58:30,2026-09-25T00:13:04,Force Core Set (Ultimate) X 46,348500,16031000,46,,359985
2937,2026-09-25T02:58:36,2026-09-25T00:13:04,Force Core Set (Ultimate) X 46,348571,16034266,46,,359985
2938,2026-09-25T03:04:36,2026-09-25T00:13:04,Chaos Core,740012,79181284,107,,750672
2939,2026-09-25T03:04:52,2026-09-25T00:13:04,Chaos Core,740012,167242712,226,,750672
2940,2026-09-25T03:06:15,2026-09-25T00:13:04,Chaos Core,739374,33271830,45,,750670
2941,2026-09-25T03:08:14,2026-09-25T00:13:04,Chaos Core,740012,17020276,23,,750670
2942,2026-09-25T03:09:03,2026-09-25T00:13:04,Chaos Core,740685,740685,1,,750670
2943,2026-09-25T03:14:19,2026-09-25T00:13:04,Chaos Core,749000,749000,1,,
2944,2026-09-25T03:24:42,2026-09-25T03:19:06,Chaos Core,748998,748998,1,,
2945,2026-09-25T03:25:22,2026-09-25T03:19:06,Chaos Core,748998,748998,1,,
2946,2026-09-25T03:37:07,2026-09-25T03:19:06,Chaos Core,748998,748998,1,,
2947,2026-09-25T03:37:48,2026-09-25T03:19:06,Chaos Core,748998,748998,1,,
2948,2026-09-25T08:52:20,2026-09-25T08:49:03,Chaos Core,717087,717087,1,,
2949,2026-09-25T08:53:12,2026-09-25T08:49:03,Chaos Core,716470,65198770,91,,744998
2950,2026-09-25T08:53:22,2026-09-25T08:49:03,Chaos Core,716470,17911750,25,,744998
2951,2026-09-25T08:53:42,2026-09-25T08:49:03,Chaos Core,720000,156240000,217,,744998
2952,2026-09-25T08:55:04,2026-09-25T08:49:03,Chaos Core,716470,30091740,42,,744998
2953,2026-09-25T08:55:23,2026-09-25T08:49:03,Chaos Core,720000,16560000,23,,744998
2954,2026-09-25T08:55:45,2026-09-25T08:49:03,Chaos Core,720000,122400000,170,,744998
2955,2026-09-25T08:56:09,2026-09-25T08:49:03,Chaos Core,722990,1445980,2,,744998
2956,2026-09-25T08:57:25,2026-09-25T08:49:03,Chaos Core,722990,7229900,10,,744856
2957,2026-09-25T08:58:59,2026-09-25T08:49:03,Chaos Core,720000,56880000,79,,744856
2958,2026-09-25T08:59:12,2026-09-25T08:49:03,Chaos Core,720000,175680000,244,,744856
2959,2026-09-25T09:00:54,2026-09-25T08:49:03,Force Core Set (High) X 1,155000,11625000,75,,185908
2960,2026-09-25T09:01:01,2026-09-25T08:49:03,Force Core Set (High) X 1,155000,620000,4,,185908
2961,2026-09-25T09:01:07,2026-09-25T08:49:03,Force Core Set (High) X 8,155000,1240000,8,,185908
2962,2026-09-25T09:01:12,2026-09-25T08:49:03,Force Core Set (High) X 38,155000,5890000,38,,185908
2963,2026-09-25T09:01:19,2026-09-25T08:49:03,Force Core Set (High) X 40,155000,6200000,40,,185908
2964,2026-09-25T09:01:57,2026-09-25T08:49:03,Upgrade Core Set (Ultimate) X 33,443673,14641241,33,,536880
2965,2026-09-25T09:02:03,2026-09-25T08:49:03,Upgrade Core Set (Ultimate) X 1,443674,443674,1,,536880
2966,2026-09-25T09:02:09,2026-09-25T08:49:03,Upgrade Core Set (Ultimate) X 149,443674,66107426,149,,536880
2967,2026-09-25T09:02:54,2026-09-25T08:49:03,Upgrade Core Set (Ultimate) X 7,469773,3288411,7,,536879
2968,2026-09-25T09:03:00,2026-09-25T08:49:03,Upgrade Core Set (Ultimate) X 14,469773,6576822,14,,536879
2969,2026-09-25T09:03:06,2026-09-25T08:49:03,Upgrade Core Set (Ultimate) X 37,469773,17381601,37,,536879
2970,2026-09-25T09:03:11,2026-09-25T08:49:03,Upgrade Core Set (Ultimate) X 51,469773,23958423,51,,536879
2971,2026-09-25T09:05:45,2026-09-25T08:49:03,Epic Booster (Highest),46250000,185000000,4,,
2972,2026-09-25T09:06:36,2026-09-25T08:49:03,Chaos Core,720000,720000,1,,
2973,2026-09-25T09:07:26,2026-09-25T08:49:03,Yekaterina VIP Membership,112418868,112418868,1,,
2974,2026-09-25T09:12:08,2026-09-25T08:49:03,Chaos Core,719366,3596830,5,,744850
2975,2026-09-25T09:12:30,2026-09-25T08:49:03,Chaos Core,723678,145459278,201,,744850
2976,2026-09-25T09:12:49,2026-09-25T08:49:03,Chaos Core,723678,723678,1,,744850
2977,2026-09-25T09:13:57,2026-09-25T08:49:03,Upgrade Core Set (Ultimate) X 23,469773,10804779,23,,536878
2978,2026-09-25T09:17:48,2026-09-25T08:49:03,Chaos Core,719366,121572854,169,,744713
2979,2026-09-25T09:18:09,2026-09-25T08:49:03,Chaos Core,723000,1446000,2,,744713
2980,2026-09-25T09:20:44,2026-09-25T08:49:03,Chaos Core,717087,138397791,193,,744712
2981,2026-09-25T09:20:53,2026-09-25T08:49:03,Chaos Core,717087,1434174,2,,744712
2982,2026-09-25T09:23:30,2026-09-25T08:49:03,Chaos Core,717087,717087,1,,
2983,2026-09-25T09:25:22,2026-09-25T08:49:03,Force Core Set (High) X 97,149151,14467647,97,,185907
2984,2026-09-25T09:25:29,2026-09-25T08:49:03,Force Core Set (High) X 22,155000,3410000,22,,185907
2985,2026-09-25T09:25:38,2026-09-25T08:49:03,Force Core Set (High) X 30,155000,13950000,90,,185907
2986,2026-09-25T09:26:22,2026-09-25T08:49:03,Force Core Set (High) X 453,149151,67565757,453,,185906
2987,2026-09-25T09:27:30,2026-09-25T08:49:03,Upgrade Core Set (Ultimate) X 21,469773,9865233,21,,536880
2988,2026-09-25T09:27:35,2026-09-25T08:49:03,Upgrade Core Set (Ultimate) X 29,469773,13623417,29,,536880
2989,2026-09-25T09:35:17,2026-09-25T08:49:03,Chaos Core,723000,723000,1,,
2990,2026-09-25T09:37:25,2026-09-25T08:49:03,Chaos Core,717087,171383793,239,,728086
2991,2026-09-25T09:37:52,2026-09-25T08:49:03,Chaos Core,723000,723000,1,,728086
2992,2026-09-25T09:43:44,2026-09-25T08:49:03,Epic Booster (Highest),46841195,187364780,4,,
2993,2026-09-25T09:47:01,2026-09-25T08:49:03,Upgrade Core Set (Ultimate) X 1,443674,16415938,37,,536879
2994,2026-09-25T09:47:08,2026-09-25T08:49:03,Upgrade Core Set (Ultimate) X 1,443674,3549392,8,,536879
2995,2026-09-25T09:47:14,2026-09-25T08:49:03,Upgrade Core Set (Ultimate) X 3,443674,1331022,3,,536879
2996,2026-09-25T09:47:19,2026-09-25T08:49:03,Upgrade Core Set (Ultimate) X 74,443674,32831876,74,,536879
2997,2026-09-25T09:47:25,2026-09-25T08:49:03,Upgrade Core Set (Ultimate) X 139,443674,61670686,139,,536879
2998,2026-09-25T09:48:52,2026-09-25T08:49:03,Chaos Core,728000,728000,1,,
2999,2026-09-25T09:49:42,2026-09-25T08:49:03,Yekaterina VIP Membership,112418868,112418868,1,,
3000,2026-09-25T09:51:48,2026-09-25T08:49:03,Chaos Core,730000,730000,1,,
3001,2026-09-25T09:55:34,2026-09-25T08:49:03,Chaos Core,729327,729327,1,,
3002,2026-09-25T09:56:24,2026-09-25T08:49:03,Yekaterina VIP Membership,112418868,112418868,1,,
3003,2026-09-25T10:03:07,2026-09-25T08:49:03,Chaos Core,727407,727407,1,,
3004,2026-09-25T10:08:26,2026-09-25T08:49:03,Chaos Core,700000,700000,1,,
3005,2026-09-25T10:11:53,2026-09-25T08:49:03,Chaos Core,719336,719336,1,,728084
3006,2026-09-25T10:12:04,2026-09-25T08:49:03,Chaos Core,720000,68400000,95,,728084
3007,2026-09-25T10:12:17,2026-09-25T08:49:03,Chaos Core,720000,74880000,104,,728084
3008,2026-09-25T10:12:32,2026-09-25T08:49:03,Chaos Core,726000,726000,1,,728084
3009,2026-09-25T10:14:10,2026-09-25T08:49:03,Chaos Core,726000,726000,1,,
3010,2026-09-25T10:16:08,2026-09-25T08:49:03,Chaos Core,725476,725476,1,,
3011,2026-09-25T10:25:05,2026-09-25T08:49:03,Chaos Core,716490,716490,1,,728077
3012,2026-09-25T10:25:14,2026-09-25T08:49:03,Chaos Core,716490,178406010,249,,728077
3013,2026-09-25T10:25:39,2026-09-25T08:49:03,Chaos Core,723117,1446234,2,,728077
3014,2026-09-25T10:33:04,2026-09-25T08:49:03,Chaos Core,723117,723117,1,,
3015,2026-09-25T10:36:23,2026-09-25T08:49:03,Epic Booster (Highest),46841195,187364780,4,,
3016,2026-09-25T10:37:02,2026-09-25T08:49:03,Chaos Core,721940,721940,1,,
3017,2026-09-25T10:40:57,2026-09-25T08:49:03,Chaos Core,721353,28854120,40,,728068
3018,2026-09-25T10:41:15,2026-09-25T08:49:03,Chaos Core,722527,90315875,125,,728068
3019,2026-09-25T10:44:40,2026-09-25T08:49:03,Chaos Core,723117,723117,1,,
3020,2026-09-25T10:47:36,2026-09-25T08:49:03,Chaos Core,722527,722527,1,,728067
3021,2026-09-25T10:48:04,2026-09-25T08:49:03,Chaos Core,722527,722527,1,,728067
3022,2026-09-25T10:48:13,2026-09-25T08:49:03,Chaos Core,719602,7196020,10,,728067
3023,2026-09-25T10:48:25,2026-09-25T08:49:03,Chaos Core,719602,179180898,249,,728067
3024,2026-09-25T10:51:06,2026-09-25T08:49:03,Upgrade Core Set (Ultimate) X 10,468928,9378560,20,,536829
3025,2026-09-25T10:58:13,2026-09-25T08:49:03,Chaos Core,723000,723000,1,,
3026,2026-09-25T11:00:11,2026-09-25T08:49:03,Chaos Core,721770,721770,1,,
3027,2026-09-25T11:02:46,2026-09-25T08:49:03,Chaos Core,721208,100969120,140,,728052
3028,2026-09-25T11:02:55,2026-09-25T08:49:03,Chaos Core,721200,139191600,193,,728052
3029,2026-09-25T11:05:40,2026-09-25T08:49:03,Upgrade Core Set (Ultimate) X 9,468923,4220307,9,,536815
3030,2026-09-25T11:05:46,2026-09-25T08:49:03,Upgrade Core Set (Ultimate) X 39,468923,18288000,39,,536815
3031,2026-09-25T11:10:26,2026-09-25T08:49:03,Chaos Core,720028,69842716,97,,728046
3032,2026-09-25T11:10:52,2026-09-25T08:49:03,Chaos Core,721208,721208,1,,728046
3033,2026-09-25T11:11:18,2026-09-25T08:49:03,Chaos Core,721770,721770,1,,728046
3034,2026-09-25T11:11:56,2026-09-25T08:49:03,Chaos Core,723000,83145000,115,,728046
3035,2026-09-25T11:12:04,2026-09-25T08:49:03,Chaos Core,719506,1439012,2,,728046
3036,2026-09-25T11:13:28,2026-09-25T08:49:03,Chaos Core,719506,110803924,154,,728043
3037,2026-09-25T11:13:53,2026-09-25T08:49:03,Chaos Core,721208,721208,1,,728043
3038,2026-09-25T11:26:12,2026-09-25T08:49:03,Siena's Unbinding Stone,74945912,74945912,1,,
3039,2026-09-25T11:29:34,2026-09-25T08:49:03,Chaos Core,723000,80976000,112,,728036
3040,2026-09-25T11:29:48,2026-09-25T08:49:03,Chaos Core,723000,159783000,221,,728036
3041,2026-09-25T11:31:37,2026-09-25T08:49:03,Chaos Core,723000,20967000,29,,728034
3042,2026-09-25T11:31:50,2026-09-25T08:49:03,Chaos Core,723000,98328000,136,,728034
3043,2026-09-25T11:34:57,2026-09-25T08:49:03,Chaos Core,723000,723000,1,,
3044,2026-09-25T11:36:59,2026-09-25T08:49:03,Chaos Core,722995,722995,1,,
3045,2026-09-25T11:39:14,2026-09-25T08:49:03,Chaos Core,721728,28147392,39,,728033
3046,2026-09-25T11:39:30,2026-09-25T08:49:03,Chaos Core,722995,114233210,158,,728033
3047,2026-09-25T11:39:45,2026-09-25T08:49:03,Chaos Core,722995,722995,1,,728033
3048,2026-09-25T11:41:22,2026-09-25T08:49:03,Chaos Core,721727,33199442,46,,728032
3049,2026-09-25T11:41:30,2026-09-25T08:49:03,Chaos Core,721727,124137044,172,,728032
3050,2026-09-25T11:41:49,2026-09-25T08:49:03,Chaos Core,723000,723000,1,,728032
3051,2026-09-25T11:48:11,2026-09-25T08:49:03,Chaos Core,720643,121788667,169,,728071
3052,2026-09-25T11:48:33,2026-09-25T08:49:03,Chaos Core,723000,1446000,2,,728071
3053,2026-09-25T11:49:50,2026-09-25T08:49:03,Chaos Core,717087,5736696,8,,728071
3054,2026-09-25T11:50:15,2026-09-25T08:49:03,Chaos Core,723000,5784000,8,,728071
3055,2026-09-25T11:50:23,2026-09-25T08:49:03,Chaos Core,710000,66030000,93,,728071
3056,2026-09-25T11:52:57,2026-09-25T08:49:03,Chaos Core,717087,1434174,2,,728071
3057,2026-09-25T11:54:21,2026-09-25T08:49:03,Chaos Core,710000,80940000,114,,728070
3058,2026-09-25T11:54:33,2026-09-25T08:49:03,Chaos Core,717087,717087,1,,728070
3059,2026-09-25T11:55:21,2026-09-25T08:49:03,Chaos Core,723000,1446000,2,,728070
3060,2026-09-25T11:56:27,2026-09-25T08:49:03,Upgrade Core Set (Ultimate) X 379,443674,168152446,379,,536802
3061,2026-09-25T11:57:55,2026-09-25T08:49:03,Chaos Core,723000,723000,1,,
3062,2026-09-25T12:00:34,2026-09-25T08:49:03,Epic Booster (Highest),46841195,187364780,4,,
3063,2026-09-25T12:01:14,2026-09-25T08:49:03,Chaos Core,722362,722362,1,,
3064,2026-09-25T12:08:04,2026-09-25T08:49:03,Chaos Core,722362,722362,1,,
3065,2026-09-25T12:12:42,2026-09-25T08:49:03,Chaos Core,722362,722362,1,,
3066,2026-09-25T12:14:44,2026-09-25T08:49:03,Chaos Core,722362,722362,1,,
3067,2026-09-25T12:18:40,2026-09-25T08:49:03,Chaos Core Set X 1,72805,72805,1,,728059
3068,2026-09-25T12:19:27,2026-09-25T08:49:03,Chaos Core,710000,35500000,50,,728059
3069,2026-09-25T12:19:38,2026-09-25T08:49:03,Chaos Core,710000,63190000,89,,728059
3070,2026-09-25T12:19:51,2026-09-25T08:49:03,Chaos Core,721205,1442410,2,,728059
3071,2026-09-25T12:20:54,2026-09-25T08:49:03,Chaos Core,709999,22719968,32,,728058
3072,2026-09-25T12:21:09,2026-09-25T08:49:03,Chaos Core,717087,146285748,204,,728058
3073,2026-09-25T12:21:24,2026-09-25T08:49:03,Chaos Core,721205,721205,1,,728058
3074,2026-09-25T12:22:32,2026-09-25T08:49:03,Force Core Set (Highest) X 7,163636,1145452,7,,196950
3075,2026-09-25T12:22:38,2026-09-25T08:49:03,Force Core Set (Highest) X 55,163636,8999999,55,,196950
3076,2026-09-25T12:34:50,2026-09-25T08:49:03,Chaos Core,717087,30834741,43,,728053
3077,2026-09-25T12:35:24,2026-09-25T08:49:03,Chaos Core,717087,110431398,154,,728053
3078,2026-09-25T12:35:31,2026-09-25T08:49:03,Chaos Core,715003,715003,1,,728053
3079,2026-09-25T12:38:28,2026-09-25T08:49:03,Force Core Set (Ultimate) X 80,347222,27777760,80,,369859
3080,2026-09-25T12:38:33,2026-09-25T08:49:03,Force Core Set (Ultimate) X 96,347222,33333333,96,,369859
3081,2026-09-25T12:39:44,2026-09-25T08:49:03,Chaos Core,715003,715003,1,,
3082,2026-09-25T12:42:58,2026-09-25T08:49:03,Epic Booster (Highest),47250000,189000000,4,,
3083,2026-09-25T12:43:50,2026-09-25T08:49:03,Chaos Core,720000,720000,1,,
3084,2026-09-25T12:48:37,2026-09-25T08:49:03,Chaos Core,722362,14447240,20,,728070
3085,2026-09-25T12:49:03,2026-09-25T08:49:03,Chaos Core,722362,23837946,33,,728070
3086,2026-09-25T12:53:41,2026-09-25T08:49:03,Chaos Core,717000,65964000,92,,728069
3087,2026-09-25T12:53:54,2026-09-25T08:49:03,Chaos Core,723675,723675,1,,728069
3088,2026-09-25T12:54:58,2026-09-25T08:49:03,Force Core Set (Ultimate) X 1,374380,374380,1,,383901
3089,2026-09-25T12:55:05,2026-09-25T08:49:03,Force Core Set (Ultimate) X 43,374380,16098340,43,,383901
3090,2026-09-25T12:55:10,2026-09-25T08:49:03,Force Core Set (Ultimate) X 56,374380,20965280,56,,383901
3091,2026-09-25T12:55:16,2026-09-25T08:49:03,Force Core Set (Ultimate) X 7,374389,2620729,7,,383901
3092,2026-09-25T12:55:45,2026-09-25T08:49:03,Force Core Set (Ultimate) X 1,374984,1874920,5,,383901
3093,2026-09-25T12:56:31,2026-09-25T08:49:03,Force Core Set (Ultimate) X 7,374984,2624888,7,,383899
3094,2026-09-25T12:56:38,2026-09-25T08:49:03,Force Core Set (Ultimate) X 10,374984,67497120,180,,383899
3095,2026-09-25T12:57:39,2026-09-25T08:49:03,Chaos Core,724000,724000,1,,
3096,2026-09-25T12:59:26,2026-09-25T08:49:03,Chaos Core,715847,715847,1,,
3097,2026-09-25T13:03:55,2026-09-25T08:49:03,Force Core Set (High) X 16,120290,1924640,16,,184967
3098,2026-09-25T13:04:00,2026-09-25T08:49:03,Force Core Set (High) X 146,120290,17562342,146,,184967
3099,2026-09-25T13:04:17,2026-09-25T08:49:03,Force Core Set (High) X 80,154850,12388000,80,,184967
3100,2026-09-25T13:05:01,2026-09-25T08:49:03,Force Core Set (High) X 97,154850,15020450,97,,184965
3101,2026-09-25T13:05:07,2026-09-25T08:49:03,Force Core Set (High) X 232,154850,35925200,232,,184965
3102,2026-09-25T13:13:47,2026-09-25T08:49:03,Force Core Set (Ultimate) X 1,375000,375000,1,,383894
3103,2026-09-25T13:13:52,2026-09-25T08:49:03,Force Core Set (Ultimate) X 2,375000,750000,2,,383894
3104,2026-09-25T13:13:57,2026-09-25T08:49:03,Force Core Set (Ultimate) X 18,375000,6750000,18,,383894
3105,2026-09-25T13:14:03,2026-09-25T08:49:03,Force Core Set (Ultimate) X 19,375000,7125000,19,,383894
3106,2026-09-25T13:14:09,2026-09-25T08:49:03,Force Core Set (Ultimate) X 65,375000,24375000,65,,383894
3107,2026-09-25T13:26:34,2026-09-25T08:49:03,Chaos Core,715847,715847,1,,728060
3108,2026-09-25T13:27:22,2026-09-25T08:49:03,Chaos Core,725000,1450000,2,,728060
3109,2026-09-25T13:34:15,2026-09-25T08:49:03,Chaos Core,707431,55179618,78,,728058
3110,2026-09-25T13:34:24,2026-09-25T08:49:03,Chaos Core,707431,94088323,133,,728058
3111,2026-09-25T13:34:51,2026-09-25T08:49:03,Chaos Core,724000,724000,1,,728058
3112,2026-09-25T13:35:17,2026-09-25T08:49:03,Chaos Core,725000,725000,1,,728058
3113,2026-09-25T13:38:47,2026-09-25T08:49:03,Chaos Core,730000,730000,1,,
3114,2026-09-25T13:42:48,2026-09-25T08:49:03,Chaos Core,728703,728703,1,,
3115,2026-09-25T13:44:02,2026-09-25T08:49:03,Force Core Set (Highest) X 1,190000,4180000,22,,196961
3116,2026-09-25T13:44:52,2026-09-25T08:49:03,Force Core Set (Highest) X 1,195487,586461,3,,202904
3117,2026-09-25T13:44:57,2026-09-25T08:49:03,Force Core Set (Highest) X 3,195487,586461,3,,202904
3118,2026-09-25T13:45:03,2026-09-25T08:49:03,Force Core Set (Highest) X 5,195487,977435,5,,202904
3119,2026-09-25T13:45:10,2026-09-25T08:49:03,Force Core Set (Highest) X 10,195487,33232790,170,,202904
3120,2026-09-25T13:46:08,2026-09-25T08:49:03,Force Core Set (Highest) X 10,195487,19548700,100,,202903
3121,2026-09-25T13:46:14,2026-09-25T08:49:03,Force Core Set (Highest) X 22,195487,4300714,22,,202903
3122,2026-09-25T13:46:20,2026-09-25T08:49:03,Force Core Set (Highest) X 24,195487,4691688,24,,202903
3123,2026-09-25T13:46:46,2026-09-25T08:49:03,Force Core Set (Highest) X 77,195487,15052499,77,,202903
3124,2026-09-25T13:48:49,2026-09-25T08:49:03,Chaos Core,734999,734999,1,,
3125,2026-09-25T13:52:43,2026-09-25T08:49:03,Chaos Core,737087,737087,1,,
3126,2026-09-25T13:55:02,2026-09-25T08:49:03,Chaos Core,719434,10072076,14,,728051
3127,2026-09-25T13:55:43,2026-09-25T08:49:03,Chaos Core,740000,740000,1,,728051
3128,2026-09-25T13:56:38,2026-09-25T08:49:03,Chaos Core,715000,102245000,143,,728051
3129,2026-09-25T13:56:49,2026-09-25T08:49:03,Chaos Core,715000,15015000,21,,728051
3130,2026-09-25T13:57:14,2026-09-25T08:49:03,Chaos Core,740000,740000,1,,728051
3131,2026-09-25T14:00:12,2026-09-25T08:49:03,Epic Booster (Highest),46841195,187364780,4,,
3132,2026-09-25T14:00:54,2026-09-25T08:49:03,Chaos Core,739999,739999,1,,
3133,2026-09-25T14:04:13,2026-09-25T08:49:03,Chaos Core,739999,739999,1,,
3134,2026-09-25T14:07:21,2026-09-25T08:49:03,Upgrade Core Set (Ultimate) X 38,469772,17851370,38,,535741
3135,2026-09-25T14:09:28,2026-09-25T08:49:03,Chaos Core,739998,739998,1,,
3136,2026-09-25T14:12:26,2026-09-25T08:49:03,Chaos Core,738735,738735,1,,
3137,2026-09-25T14:21:32,2026-09-25T08:49:03,Chaos Core,736000,736000,1,,743999
3138,2026-09-25T14:25:34,2026-09-25T08:49:03,Chaos Core,739999,1479998,2,,743999
3139,2026-09-25T14:26:33,2026-09-25T08:49:03,Chaos Core,736000,8096000,11,,744712
3140,2026-09-25T14:26:43,2026-09-25T08:49:03,Chaos Core,736000,11776000,16,,744712
3141,2026-09-25T14:27:09,2026-09-25T08:49:03,Chaos Core,738735,738735,1,,744712
3142,2026-09-25T14:29:00,2026-09-25T08:49:03,Chaos Core,736000,64032000,87,,744712
3143,2026-09-25T14:29:09,2026-09-25T08:49:03,Chaos Core,736000,11040000,15,,744712
3144,2026-09-25T14:29:24,2026-09-25T08:49:03,Chaos Core,736000,28704000,39,,744712
3145,2026-09-25T14:29:32,2026-09-25T08:49:03,Chaos Core,736000,1472000,2,,744712
3146,2026-09-25T14:30:48,2026-09-25T08:49:03,Chaos Core,736000,170752000,232,,743998
3147,2026-09-25T14:31:07,2026-09-25T08:49:03,Chaos Core,736000,1472000,2,,743998
3148,2026-09-25T14:32:15,2026-09-25T08:49:03,Upgrade Core Set (Ultimate) X 1,469666,18316974,39,,535734
3149,2026-09-25T14:32:21,2026-09-25T08:49:03,Upgrade Core Set (Ultimate) X 2,469666,939332,2,,535734
3150,2026-09-25T14:32:27,2026-09-25T08:49:03,Upgrade Core Set (Ultimate) X 13,469666,6105658,13,,535734
3151,2026-09-25T14:32:33,2026-09-25T08:49:03,Upgrade Core Set (Ultimate) X 60,469666,28180000,60,,535734
3152,2026-09-25T15:06:45,2026-09-25T15:03:11,Chaos Core,739990,739990,1,,
3153,2026-09-25T15:26:19,2026-09-25T15:22:58,Chaos Core,737999,737999,1,,
3154,2026-09-25T15:34:53,2026-09-25T15:22:58,Upgrade Core Set (Ultimate) X 38,469773,17851374,38,,536781
3155,2026-09-25T15:34:59,2026-09-25T15:22:58,Upgrade Core Set (Ultimate) X 355,469773,166769415,355,,536781
3156,2026-09-25T15:38:05,2026-09-25T15:22:58,Epic Booster (Highest),46250000,185000000,4,,
3157,2026-09-25T15:39:41,2026-09-25T15:22:58,Chaos Core,737998,737998,1,,
3158,2026-09-25T15:40:21,2026-09-25T15:22:58,Chaos Core,737998,737998,1,,
3159,2026-09-25T15:44:34,2026-09-25T15:22:58,Force Core Set (Ultimate) X 101,375000,37875000,101,,383875
3160,2026-09-25T15:44:41,2026-09-25T15:22:58,Force Core Set (Ultimate) X 13,377709,4910217,13,,383875
3161,2026-09-25T15:45:30,2026-09-25T15:22:58,Force Core Set (Ultimate) X 14,377709,5287926,14,,383873
3162,2026-09-25T15:45:38,2026-09-25T15:22:58,Force Core Set (Ultimate) X 258,377709,97448922,258,,383873
3163,2026-09-25T15:47:12,2026-09-25T15:22:58,Yekaterina VIP Membership,112418868,112418868,1,,
3164,2026-09-25T15:51:09,2026-09-25T15:22:58,Chaos Core,737998,184499500,250,,750698
3165,2026-09-25T15:51:56,2026-09-25T15:22:58,Chaos Core,737998,1475996,2,,750698
3166,2026-09-25T15:53:49,2026-09-25T15:22:58,Chaos Core,737998,737998,1,,750693
3167,2026-09-25T15:54:28,2026-09-25T15:22:58,Chaos Core,739777,43646843,59,,750693
3168,2026-09-25T15:54:54,2026-09-25T15:22:58,Chaos Core,739990,60679180,82,,750693
3169,2026-09-25T15:56:11,2026-09-25T15:22:58,Chaos Core,742000,1484000,2,,750693
3170,2026-09-25T15:57:18,2026-09-25T15:22:58,Chaos Core,736119,35333712,48,,750690
3171,2026-09-25T15:57:32,2026-09-25T15:22:58,Chaos Core,736119,183293631,249,,750690
3172,2026-09-25T16:02:51,2026-09-25T15:22:58,Chaos Core,750000,750000,1,,
3173,2026-09-25T16:03:29,2026-09-25T15:22:58,Chaos Core,748000,748000,1,,
3174,2026-09-25T16:09:41,2026-09-25T15:22:58,Chaos Core,749999,749999,1,,
3175,2026-09-25T16:10:22,2026-09-25T15:22:58,Chaos Core,749999,749999,1,,
3176,2026-09-25T16:22:40,2026-09-25T15:22:58,Chaos Core,748999,748999,1,,
3177,2026-09-25T16:23:24,2026-09-25T15:22:58,Chaos Core,748999,748999,1,,
3178,2026-09-25T16:39:53,2026-09-25T16:36:04,Chaos Core,748999,748999,1,,
3179,2026-09-25T16:45:44,2026-09-25T16:36:04,Chaos Core,748999,748999,1,,
3180,2026-09-25T16:47:02,2026-09-25T16:36:04,Upgrade Core Set (Ultimate) X 1,469773,469773,1,,536723
3181,2026-09-25T16:50:28,2026-09-25T16:36:04,Chaos Core,745644,745644,1,,
3182,2026-09-25T16:52:14,2026-09-25T16:36:04,Chaos Core,745644,745644,1,,
3183,2026-09-25T16:56:54,2026-09-25T16:36:04,Chaos Core,745644,745644,1,,
3184,2026-09-25T16:58:40,2026-09-25T16:36:04,Chaos Core,745644,745644,1,,
3185,2026-09-25T17:04:44,2026-09-25T16:36:04,Chaos Core,745644,745644,1,,
3186,2026-09-25T17:06:25,2026-09-25T16:36:04,Chaos Core,745644,745644,1,,
3187,2026-09-25T17:11:01,2026-09-25T16:36:04,Chaos Core,745053,745053,1,,
3188,2026-09-25T17:12:45,2026-09-25T16:36:04,Chaos Core,745053,745053,1,,
3189,2026-09-25T17:16:11,2026-09-25T16:36:04,Chaos Core,743895,84804030,114,,749709
3190,2026-09-25T17:16:26,2026-09-25T16:36:04,Chaos Core,744453,163035207,219,,749709
3191,2026-09-25T17:20:25,2026-09-25T16:36:04,Chaos Core,743777,743777,1,,
3192,2026-09-25T17:32:40,2026-09-25T16:36:04,Chaos Core,718532,76882924,107,,749684
3193,2026-09-25T17:32:49,2026-09-25T16:36:04,Chaos Core,717867,2153601,3,,749684
3194,2026-09-25T17:33:04,2026-09-25T16:36:04,Chaos Core,718532,160232636,223,,749684
3195,2026-09-25T17:34:42,2026-09-25T16:36:04,Force Core Set (High) X 34,164705,5600000,34,,182998
3196,2026-09-25T17:38:14,2026-09-25T16:36:04,Chaos Core,741896,741896,1,,
3197,2026-09-25T17:39:55,2026-09-25T16:36:04,Chaos Core,739533,739533,1,,
3198,2026-09-25T17:51:49,2026-09-25T16:36:04,Siena's Unbinding Stone,74945912,74945912,1,,
3199,2026-09-25T18:03:48,2026-09-25T16:36:04,Chaos Core,730000,730000,1,,
3200,2026-09-25T18:05:31,2026-09-25T16:36:04,Chaos Core,730000,730000,1,,
3201,2026-09-25T18:08:10,2026-09-25T16:36:04,Chaos Core,728713,18946538,26,,740295
3202,2026-09-25T18:08:26,2026-09-25T16:36:04,Chaos Core,730000,70810000,97,,740295
3203,2026-09-25T18:09:42,2026-09-25T16:36:04,Chaos Core,728127,138344130,190,,740292
3204,2026-09-25T18:10:01,2026-09-25T16:36:04,Chaos Core,735000,1470000,2,,740292
3205,2026-09-25T18:40:32,2026-09-25T16:36:04,Chaos Core,722034,97474590,135,,740267
3206,2026-09-25T18:40:45,2026-09-25T16:36:04,Chaos Core,722711,118524604,164,,740267
3207,2026-09-25T18:40:59,2026-09-25T16:36:04,Chaos Core,722711,722711,1,,740267
3208,2026-09-25T18:51:01,2026-09-25T16:36:04,Upgrade Core Set (Ultimate) X 2,397058,794116,2,,476642
3209,2026-09-25T18:51:07,2026-09-25T16:36:04,Upgrade Core Set (Ultimate) X 26,397058,10323508,26,,476642
3210,2026-09-25T18:51:13,2026-09-25T16:36:04,Upgrade Core Set (Ultimate) X 469,397058,186220202,469,,476642
3211,2026-09-25T19:02:58,2026-09-25T16:36:04,Chaos Core,720000,720000,1,,
3212,2026-09-25T19:09:48,2026-09-25T16:36:04,Chaos Core,723250,27483500,38,,740217
3213,2026-09-25T19:10:15,2026-09-25T16:36:04,Chaos Core,725697,52250184,72,,740217
3214,2026-09-25T19:11:30,2026-09-25T16:36:04,Chaos Core,730000,730000,1,,740217
3215,2026-09-25T19:12:57,2026-09-25T16:36:04,Chaos Core,734999,734999,1,,
3216,2026-09-25T19:16:09,2026-09-25T16:36:04,Force Core Set (High) X 21,175097,3677037,21,,183000
3217,2026-09-25T19:16:16,2026-09-25T16:36:04,Force Core Set (High) X 257,175097,45000000,257,,183000
3218,2026-09-25T19:20:09,2026-09-25T16:36:04,Chaos Core,735000,735000,1,,
3219,2026-09-25T19:23:20,2026-09-25T16:36:04,Chaos Core,723194,723194,1,,740204
3220,2026-09-25T19:24:18,2026-09-25T16:36:04,Chaos Core,736554,1473108,2,,740204
3221,2026-09-25T19:38:25,2026-09-25T16:36:04,Chaos Core,760000,760000,1,,
3222,2026-09-25T19:39:38,2026-09-25T16:36:04,Chaos Core,760000,760000,1,,
3223,2026-09-25T19:50:52,2026-09-25T16:36:04,Chaos Core,777777,777777,1,,
3224,2026-09-25T19:52:05,2026-09-25T16:36:04,Chaos Core,777777,777777,1,,
3225,2026-09-25T19:56:56,2026-09-25T16:36:04,Upgrade Core Set (Ultimate) X 19,426470,8102930,19,,476587
3226,2026-09-25T19:59:31,2026-09-25T16:36:04,Chaos Core,718532,718532,1,,
3227,2026-09-25T20:00:41,2026-09-25T16:36:04,Chaos Core,744444,744444,1,,
3228,2026-09-25T20:03:51,2026-09-25T16:36:04,Chaos Core,744444,80399952,108,,749718
3229,2026-09-25T20:07:09,2026-09-25T16:36:04,Chaos Core,777777,777777,1,,
3230,2026-09-25T20:08:23,2026-09-25T16:36:04,Chaos Core,777777,777777,1,,
3231,2026-09-25T20:12:11,2026-09-25T16:36:04,Chaos Core,741883,156537313,211,,749721
3232,2026-09-25T20:14:01,2026-09-25T16:36:04,Chaos Core,777777,1555554,2,,749721
3233,2026-09-25T20:17:51,2026-09-25T16:36:04,Chaos Core,777777,777777,1,,
3234,2026-09-25T20:19:07,2026-09-25T16:36:04,Chaos Core,777253,777253,1,,
3235,2026-09-25T21:11:25,2026-09-25T21:08:01,Chaos Core,718532,718532,1,,
3236,2026-09-25T21:12:13,2026-09-25T21:08:01,Chaos Core,718532,64667880,90,,749719
3237,2026-09-25T21:12:26,2026-09-25T21:08:01,Chaos Core,718532,86223840,120,,749719
3238,2026-09-25T21:13:45,2026-09-25T21:08:01,Chaos Core,718532,137958144,192,,749719
3239,2026-09-25T21:14:53,2026-09-25T21:08:01,Chaos Core,717982,122056940,170,,749717
3240,2026-09-25T21:15:00,2026-09-25T21:08:01,Chaos Core,717982,717982,1,,749717
3241,2026-09-25T21:17:22,2026-09-25T21:08:01,Chaos Core,717982,31591208,44,,749716
3242,2026-09-25T21:17:33,2026-09-25T21:08:01,Chaos Core,717982,123492904,172,,749716
3243,2026-09-25T21:19:04,2026-09-25T21:08:01,Force Core Set (High) X 30,173333,5200000,30,,182979
3244,2026-09-25T21:19:11,2026-09-25T21:08:01,Force Core Set (High) X 67,173333,11613311,67,,182979
3245,2026-09-25T21:24:08,2026-09-25T21:08:01,Chaos Core,717336,717336,1,,
3246,2026-09-25T21:26:32,2026-09-25T21:08:01,Chaos Core,716736,178467264,249,,749719
3247,2026-09-25T21:35:54,2026-09-25T21:08:01,Chaos Core,749999,749999,1,,
3248,2026-09-25T21:37:05,2026-09-25T21:08:01,Chaos Core,749451,749451,1,,
3249,2026-09-25T21:38:37,2026-09-25T21:08:01,Chaos Core,749451,749451,1,,
3250,2026-09-25T21:42:10,2026-09-25T21:08:01,Upgrade Core Set (Ultimate) X 1,469773,31474791,67,,476559
3251,2026-09-25T21:42:16,2026-09-25T21:08:01,Upgrade Core Set (Ultimate) X 88,469773,41340024,88,,476559
3252,2026-09-25T21:52:35,2026-09-25T21:08:01,Upgrade Core Set (Ultimate) X 34,470470,15995980,34,,476554
3253,2026-09-25T21:58:05,2026-09-25T21:08:01,Chaos Core,717273,11476368,16,,749718
3254,2026-09-25T21:58:14,2026-09-25T21:08:01,Chaos Core,717273,86072760,120,,749718
3255,2026-09-25T21:58:26,2026-09-25T21:08:01,Chaos Core,717273,141302781,197,,749718
3256,2026-09-25T21:59:59,2026-09-25T21:08:01,Chaos Core,718532,29459812,41,,749718
3257,2026-09-25T22:00:17,2026-09-25T21:08:01,Chaos Core,718532,178914468,249,,749718
3258,2026-09-25T22:00:36,2026-09-25T21:08:01,Chaos Core,744845,744845,1,,749718
3259,2026-09-25T22:01:57,2026-09-25T21:08:01,Chaos Core,717273,104721858,146,,749716
3260,2026-09-25T22:02:07,2026-09-25T21:08:01,Chaos Core,744845,744845,1,,749716
3261,2026-09-25T22:03:13,2026-09-25T21:08:01,Chaos Core,718532,35208068,49,,749715
3262,2026-09-25T22:03:25,2026-09-25T21:08:01,Chaos Core,718532,5029724,7,,749715
3263,2026-09-25T22:03:47,2026-09-25T21:08:01,Chaos Core,744845,744845,1,,749715
3264,2026-09-25T22:06:32,2026-09-25T21:08:01,Chaos Core,744845,744845,1,,
3265,2026-09-25T22:07:50,2026-09-25T21:08:01,Chaos Core,718532,718532,1,,
3266,2026-09-25T22:08:49,2026-09-25T21:08:01,Chaos Core,744845,744845,1,,
3267,2026-09-25T22:19:51,2026-09-25T22:16:30,Chaos Core,744845,744845,1,,
3268,2026-09-25T22:22:22,2026-09-25T22:16:30,Chaos Core,744845,744845,1,,
3269,2026-09-25T22:26:29,2026-09-25T22:16:30,Chaos Core,718532,718532,1,,
3270,2026-09-25T22:27:24,2026-09-25T22:16:30,Chaos Core,718532,10059448,14,,749695
3271,2026-09-25T22:27:57,2026-09-25T22:16:30,Chaos Core,744000,744000,1,,749695
3272,2026-09-25T22:51:45,2026-09-25T22:48:22,Chaos Core,747000,747000,1,,
3273,2026-09-25T22:57:04,2026-09-25T22:48:22,Chaos Core,709336,709336,1,,
3274,2026-09-25T23:02:31,2026-09-25T22:48:22,Chaos Core,749000,749000,1,,
3275,2026-09-25T23:12:37,2026-09-25T23:07:25,Chaos Core,750000,750000,1,,
3276,2026-09-25T23:13:40,2026-09-25T23:07:25,Chaos Core,750000,750000,1,,
3277,2026-09-25T23:16:06,2026-09-25T23:07:25,Chaos Core,750000,750000,1,,
3278,2026-09-25T23:20:35,2026-09-25T23:07:25,Chaos Core,749999,749999,1,,
3279,2026-09-25T23:21:30,2026-09-25T23:07:25,Chaos Core,730000,730000,1,,
3280,2026-09-25T23:22:12,2026-09-25T23:07:25,Chaos Core,749999,749999,1,,
3281,2026-09-25T23:44:25,2026-09-25T23:07:25,Chaos Core,746572,746572,1,,
3282,2026-09-25T23:45:18,2026-09-25T23:07:25,Chaos Core,745444,745444,1,,
3283,2026-09-25T23:45:58,2026-09-25T23:07:25,Chaos Core,745444,745444,1,,
3284,2026-09-25T23:48:09,2026-09-25T23:07:25,Chaos Core,744108,101942796,137,,749710
3285,2026-09-25T23:48:20,2026-09-25T23:07:25,Chaos Core,744108,72922584,98,,749710
3286,2026-09-25T23:48:33,2026-09-25T23:07:25,Chaos Core,744108,1488216,2,,749710
3287,2026-09-25T23:51:36,2026-09-25T23:07:25,Chaos Core,744107,744107,1,,
3288,2026-09-25T23:52:32,2026-09-25T23:07:25,Chaos Core,744107,744107,1,,
3289,2026-09-25T23:53:14,2026-09-25T23:07:25,Chaos Core,744107,744107,1,,
3290,2026-09-25T23:55:44,2026-09-25T23:07:25,Chaos Core,744107,86316412,116,,749697
3291,2026-09-25T23:57:56,2026-09-25T23:07:25,Chaos Core,746000,746000,1,,749697
3292,2026-09-26T00:01:33,2026-09-25T23:07:25,Chaos Core,746000,746000,1,,
3293,2026-09-26T00:02:28,2026-09-25T23:07:25,Chaos Core,744107,744107,1,,
3294,2026-09-26T00:03:10,2026-09-25T23:07:25,Chaos Core,744107,744107,1,,
3295,2026-09-26T00:05:48,2026-09-25T23:07:25,Chaos Core,743471,34199666,46,,749690
3296,2026-09-26T00:06:01,2026-09-25T23:07:25,Chaos Core,744107,67713737,91,,749690
3297,2026-09-26T00:06:45,2026-09-25T23:07:25,Chaos Core,746572,746572,1,,749690
3298,2026-09-26T00:07:43,2026-09-25T23:07:25,Upgrade Core Set (Ultimate) X 59,478571,28235689,59,,536705
3299,2026-09-26T00:07:49,2026-09-25T23:07:25,Upgrade Core Set (Ultimate) X 105,478571,50249955,105,,536705
3300,2026-09-26T00:10:17,2026-09-25T23:07:25,Chaos Core,743000,743000,1,,
3301,2026-09-26T00:11:27,2026-09-25T23:07:25,Chaos Core,743000,743000,1,,
3302,2026-09-26T00:16:19,2026-09-25T23:07:25,Chaos Core,718532,718532,1,,
3303,2026-09-26T00:17:15,2026-09-25T23:07:25,Chaos Core,718532,718532,1,,
3304,2026-09-26T00:17:58,2026-09-25T23:07:25,Chaos Core,718532,718532,1,,
3305,2026-09-26T00:22:49,2026-09-25T23:07:25,Chaos Core,716830,7168300,10,,749683
3306,2026-09-26T00:23:00,2026-09-25T23:07:25,Chaos Core,716830,24372220,34,,749683
3307,2026-09-26T00:23:14,2026-09-25T23:07:25,Chaos Core,716830,26522710,37,,749683
3308,2026-09-26T00:23:22,2026-09-25T23:07:25,Chaos Core,716830,35124670,49,,749683
3309,2026-09-26T00:23:38,2026-09-25T23:07:25,Chaos Core,716830,29390030,41,,749683
3310,2026-09-26T00:25:03,2026-09-25T23:07:25,Chaos Core,718532,74727328,104,,749682
3311,2026-09-26T00:25:48,2026-09-25T23:07:25,Chaos Core,740000,740000,1,,749682
3312,2026-09-26T00:35:40,2026-09-25T23:07:25,Upgrade Core Set (Ultimate) X 29,478571,13878559,29,,536704
3313,2026-09-26T00:36:32,2026-09-25T23:07:25,Upgrade Core Set (Ultimate) X 290,478571,138785590,290,,536704
3314,2026-09-26T00:39:01,2026-09-25T23:07:25,Chaos Core,739000,739000,1,,
3315,2026-09-26T00:39:56,2026-09-25T23:07:25,Chaos Core,739000,739000,1,,
3316,2026-09-26T00:40:35,2026-09-25T23:07:25,Chaos Core,737696,737696,1,,
3317,2026-09-26T00:45:08,2026-09-25T23:07:25,Chaos Core,739000,68727000,93,,749671
3318,2026-09-26T00:45:17,2026-09-25T23:07:25,Chaos Core,737690,70080550,95,,749671
3319,2026-09-26T00:45:38,2026-09-25T23:07:25,Chaos Core,740000,740000,1,,749671
3320,2026-09-26T00:48:51,2026-09-25T23:07:25,Chaos Core,737690,737690,1,,
3321,2026-09-26T01:01:09,2026-09-25T23:07:25,Chaos Core,735948,735948,1,,
3322,2026-09-26T01:02:02,2026-09-25T23:07:25,Chaos Core,735364,735364,1,,
3323,2026-09-26T01:02:42,2026-09-25T23:07:25,Chaos Core,735364,735364,1,,
3324,2026-09-26T01:21:25,2026-09-25T23:07:25,Chaos Core,730000,730000,1,,
3325,2026-09-26T01:22:21,2026-09-25T23:07:25,Chaos Core,730000,730000,1,,
3326,2026-09-26T01:23:05,2026-09-25T23:07:25,Chaos Core,730000,730000,1,,
3327,2026-09-26T01:40:29,2026-09-25T23:07:25,Force Core Set (Highest) X 169,182925,30914490,169,,195482
3328,2026-09-26T01:40:35,2026-09-25T23:07:25,Force Core Set (Highest) X 41,182926,7499966,41,,195482
3329,2026-09-26T01:43:14,2026-09-25T23:07:25,Chaos Core,717834,717834,1,,
3330,2026-09-26T01:43:52,2026-09-25T23:07:25,Chaos Core,717143,717143,1,,
3331,2026-09-26T01:56:29,2026-09-25T23:07:25,Chaos Core,710000,710000,1,,
3332,2026-09-26T01:57:24,2026-09-25T23:07:25,Chaos Core,715020,715020,1,,
3333,2026-09-26T01:58:05,2026-09-25T23:07:25,Chaos Core,715020,715020,1,,
3334,2026-09-26T02:04:04,2026-09-25T23:07:25,Chaos Core,714424,714424,1,,
3335,2026-09-26T02:45:38,2026-09-26T02:41:32,Force Core Set (Highest) X 100,194914,19491400,100,,201959
3336,2026-09-26T02:45:44,2026-09-26T02:41:32,Force Core Set (Highest) X 256,194914,49897984,256,,201959
3337,2026-09-26T02:48:18,2026-09-26T02:41:32,Chaos Core,711999,711999,1,,
3338,2026-09-26T02:49:20,2026-09-26T02:41:32,Chaos Core,711999,711999,1,,
3339,2026-09-26T02:50:04,2026-09-26T02:41:32,Chaos Core,711999,711999,1,,
3340,2026-09-26T02:55:44,2026-09-26T02:41:32,Force Core Set (Highest) X 1,194916,2144076,11,,201939
3341,2026-09-26T02:55:52,2026-09-26T02:41:32,Force Core Set (Highest) X 2,194916,389832,2,,201939
3342,2026-09-26T02:56:00,2026-09-26T02:41:32,Force Core Set (Highest) X 4,194916,779664,4,,201939
3343,2026-09-26T02:56:09,2026-09-26T02:41:32,Force Core Set (Highest) X 13,194916,2533908,13,,201939
3344,2026-09-26T02:56:17,2026-09-26T02:41:32,Force Core Set (Highest) X 20,194916,31186560,160,,201939
3345,2026-09-26T02:58:23,2026-09-26T02:41:32,Chaos Core,709689,709689,1,,
3346,2026-09-26T03:05:49,2026-09-26T02:41:32,Chaos Core,708646,708646,1,,
3347,2026-09-26T03:17:16,2026-09-26T02:41:32,Upgrade Core Set (Ultimate) X 4,446941,1787764,4,,536569
3348,2026-09-26T03:17:23,2026-09-26T02:41:32,Upgrade Core Set (Ultimate) X 15,446941,6704115,15,,536569
3349,2026-09-26T03:17:29,2026-09-26T02:41:32,Upgrade Core Set (Ultimate) X 16,446941,7151056,16,,536569
3350,2026-09-26T03:17:34,2026-09-26T02:41:32,Upgrade Core Set (Ultimate) X 40,446941,17877640,40,,536569
3351,2026-09-26T03:35:58,2026-09-26T02:41:32,Chaos Core,728200,728200,1,,
3352,2026-09-26T03:37:00,2026-09-26T02:41:32,Chaos Core,730000,730000,1,,
3353,2026-09-26T03:37:41,2026-09-26T02:41:32,Chaos Core,727655,727655,1,,
3354,2026-09-26T03:50:47,2026-09-26T02:41:32,Chaos Core,719999,719999,1,,
3355,2026-09-26T03:56:47,2026-09-26T02:41:32,Chaos Core,732342,732342,1,,
3356,2026-09-26T03:57:43,2026-09-26T02:41:32,Chaos Core,732342,732342,1,,
3357,2026-09-26T03:58:24,2026-09-26T02:41:32,Chaos Core,732342,732342,1,,
3358,2026-09-26T04:17:03,2026-09-26T02:41:32,Chaos Core,728059,728059,1,,
3359,2026-09-26T04:17:59,2026-09-26T02:41:32,Chaos Core,725999,725999,1,,
3360,2026-09-26T04:18:40,2026-09-26T02:41:32,Chaos Core,725999,725999,1,,
3361,2026-09-26T04:37:36,2026-09-26T02:41:32,Chaos Core,699472,699472,1,,
3362,2026-09-26T04:38:14,2026-09-26T02:41:32,Chaos Core,698932,698932,1,,
3363,2026-09-26T04:43:17,2026-09-26T02:41:32,Force Core Set (Ultimate) X 10,370832,3708320,10,,399983
3364,2026-09-26T04:44:12,2026-09-26T02:41:32,Force Core Set (Ultimate) X 13,370833,4820829,13,,399982
3365,2026-09-26T04:46:25,2026-09-26T02:41:32,Chaos Core,698932,698932,1,,
3366,2026-09-26T04:52:02,2026-09-26T02:41:32,Force Core Set (Ultimate) X 10,370830,14833200,40,,399975
3367,2026-09-26T04:52:11,2026-09-26T02:41:32,Force Core Set (Ultimate) X 47,370833,17429151,47,,399975
3368,2026-09-26T04:53:43,2026-09-26T02:41:32,Chaos Core,718530,718530,1,,
3369,2026-09-26T04:54:23,2026-09-26T02:41:32,Chaos Core,718530,718530,1,,
3370,2026-09-26T04:55:03,2026-09-26T02:41:32,Chaos Core,718532,718532,1,,
3371,2026-09-26T05:08:24,2026-09-26T02:41:32,Chaos Core,716163,716163,1,,
3372,2026-09-26T05:09:06,2026-09-26T02:41:32,Chaos Core,716163,716163,1,,
3373,2026-09-26T05:16:56,2026-09-26T02:41:32,Chaos Core,713808,177738192,249,,739785
3374,2026-09-26T05:37:26,2026-09-26T02:41:32,Chaos Core,712592,712592,1,,
3375,2026-09-26T05:38:06,2026-09-26T02:41:32,Chaos Core,712592,712592,1,,
3376,2026-09-26T05:38:45,2026-09-26T02:41:32,Chaos Core,712592,712592,1,,
3377,2026-09-26T05:44:24,2026-09-26T02:41:32,Upgrade Core Set (Ultimate) X 11,443037,4873407,11,,519866
3378,2026-09-26T05:44:31,2026-09-26T02:41:32,Upgrade Core Set (Ultimate) X 79,443037,35000000,79,,519866
3379,2026-09-26T05:44:38,2026-09-26T02:41:32,Upgrade Core Set (Ultimate) X 102,480480,49008960,102,,519866
3380,2026-09-26T05:46:16,2026-09-26T02:41:32,Chaos Core,712592,712592,1,,
3381,2026-09-26T05:46:59,2026-09-26T02:41:32,Chaos Core,712592,712592,1,,
3382,2026-09-26T05:48:22,2026-09-26T02:41:32,Chaos Core,718532,718532,1,,
3383,2026-09-26T05:50:21,2026-09-26T02:41:32,Chaos Core,716728,26518936,37,,737903
3384,2026-09-26T05:50:36,2026-09-26T02:41:32,Chaos Core,718532,7185320,10,,737903
3385,2026-09-26T05:50:52,2026-09-26T02:41:32,Chaos Core,718532,24430088,34,,737903
3386,2026-09-26T05:51:01,2026-09-26T02:41:32,Chaos Core,716728,33686216,47,,737903
3387,2026-09-26T05:51:10,2026-09-26T02:41:32,Chaos Core,716728,96041552,134,,737903
3388,2026-09-26T05:51:20,2026-09-26T02:41:32,Chaos Core,716728,1433456,2,,737903
3389,2026-09-26T05:52:38,2026-09-26T02:41:32,Chaos Core,716728,716728,1,,737898
3390,2026-09-26T05:52:47,2026-09-26T02:41:32,Chaos Core,716000,34368000,48,,737898
3391,2026-09-26T05:53:06,2026-09-26T02:41:32,Chaos Core,718532,13652108,19,,737898
3392,2026-09-26T05:54:08,2026-09-26T02:41:32,Chaos Core,718532,718532,1,,737898
3393,2026-09-26T05:55:30,2026-09-26T02:41:32,Chaos Core,722377,2167131,3,,737899
3394,2026-09-26T05:56:00,2026-09-26T02:41:32,Chaos Core,722405,2889620,4,,737899
3395,2026-09-26T05:56:27,2026-09-26T02:41:32,Chaos Core,724239,165850731,229,,737899
3396,2026-09-26T05:57:01,2026-09-26T02:41:32,Chaos Core,725000,725000,1,,737899
3397,2026-09-26T05:58:37,2026-09-26T02:41:32,Chaos Core,700000,7000000,10,,737892
3398,2026-09-26T05:58:47,2026-09-26T02:41:32,Chaos Core,725000,21025000,29,,737892
3399,2026-09-26T05:59:01,2026-09-26T02:41:32,Chaos Core,725000,145725000,201,,737892
3400,2026-09-26T06:04:44,2026-09-26T02:41:32,Chaos Core,725000,725000,1,,
3401,2026-09-26T06:05:26,2026-09-26T02:41:32,Chaos Core,734093,734093,1,,
3402,2026-09-26T06:06:06,2026-09-26T02:41:32,Chaos Core,734093,734093,1,,
3403,2026-09-26T06:12:33,2026-09-26T02:41:32,Chaos Core,739999,739999,1,,
3404,2026-09-26T06:14:39,2026-09-26T02:41:32,Chaos Core,739300,739300,1,,
3405,2026-09-26T06:16:26,2026-09-26T02:41:32,Chaos Core,739999,739999,1,,
3406,2026-09-26T06:36:29,2026-09-26T06:28:04,Chaos Core,739998,739998,1,,
3407,2026-09-26T06:37:20,2026-09-26T06:28:04,Chaos Core,739998,739998,1,,
3408,2026-09-26T06:43:08,2026-09-26T06:28:04,Chaos Core,739998,739998,1,,
3409,2026-09-26T06:43:53,2026-09-26T06:28:04,Chaos Core,739998,739998,1,,
3410,2026-09-26T06:44:59,2026-09-26T06:28:04,Chaos Core,739999,739999,1,,
3411,2026-09-26T06:49:58,2026-09-26T06:28:04,Chaos Core,730000,119720000,164,,737899
3412,2026-09-26T06:50:09,2026-09-26T06:28:04,Chaos Core,720000,720000,1,,737899
3413,2026-09-26T06:57:45,2026-09-26T06:54:04,Chaos Core,718532,718532,1,,
3414,2026-09-26T06:58:32,2026-09-26T06:54:04,Chaos Core,718532,53889900,75,,729812
3415,2026-09-26T06:58:41,2026-09-26T06:54:04,Chaos Core,718532,104187140,145,,729812
3416,2026-09-26T06:58:55,2026-09-26T06:54:04,Chaos Core,730000,1460000,2,,729812
3417,2026-09-26T07:00:08,2026-09-26T06:54:04,Force Core Set (Ultimate) X 5,367088,1835440,5,,399939
3418,2026-09-26T07:00:18,2026-09-26T06:54:04,Force Core Set (Ultimate) X 441,372548,164293668,441,,399939
3419,2026-09-26T07:02:42,2026-09-26T06:54:04,Chaos Core,739998,739998,1,,
3420,2026-09-26T07:06:24,2026-09-26T06:54:04,Chaos Core,739990,739990,1,,
3421,2026-09-26T07:11:10,2026-09-26T06:54:04,Chaos Core,739999,739999,1,,
3422,2026-09-26T07:12:08,2026-09-26T06:54:04,Chaos Core,739999,739999,1,,
3423,2026-09-26T07:14:27,2026-09-26T06:54:04,Chaos Core,739998,739998,1,,
3424,2026-09-26T07:17:28,2026-09-26T06:54:04,Chaos Core,739999,739999,1,,
3425,2026-09-26T07:18:05,2026-09-26T06:54:04,Chaos Core,718532,718532,1,,
3426,2026-09-26T07:20:46,2026-09-26T06:54:04,Chaos Core,739999,739999,1,,
3427,2026-09-26T07:23:49,2026-09-26T06:54:04,Chaos Core,739998,739998,1,,
3428,2026-09-26T07:24:28,2026-09-26T06:54:04,Chaos Core,739998,739998,1,,
3429,2026-09-26T07:30:19,2026-09-26T06:54:04,Chaos Core,739998,739998,1,,
3430,2026-09-26T07:33:21,2026-09-26T06:54:04,Chaos Core,720000,720000,1,,
3431,2026-09-26T07:33:59,2026-09-26T06:54:04,Chaos Core,730000,730000,1,,
3432,2026-09-26T07:35:42,2026-09-26T06:54:04,Chaos Core,729375,35739375,49,,744000
3433,2026-09-26T07:35:50,2026-09-26T06:54:04,Chaos Core,729375,127640625,175,,744000
3434,2026-09-26T07:36:06,2026-09-26T06:54:04,Chaos Core,730000,730000,1,,744000
3435,2026-09-26T07:37:25,2026-09-26T06:54:04,Chaos Core,735000,183015000,249,,743999
3436,2026-09-26T07:38:39,2026-09-26T06:54:04,Chaos Core,735000,183015000,249,,743996
3437,2026-09-26T07:39:54,2026-09-26T06:54:04,Force Core Set (High) X 72,180180,12972960,72,,185930
3438,2026-09-26T07:44:12,2026-09-26T06:54:04,Chaos Core,735000,735000,1,,
3439,2026-09-26T07:44:56,2026-09-26T06:54:04,Chaos Core,735000,735000,1,,
3440,2026-09-26T07:47:40,2026-09-26T06:54:04,Chaos Core,733191,182564559,249,,743989
3441,2026-09-26T07:48:53,2026-09-26T06:54:04,Chaos Core,733191,69653145,95,,743985
3442,2026-09-26T07:49:04,2026-09-26T06:54:04,Chaos Core,733191,31527213,43,,743985
3443,2026-09-26T07:52:52,2026-09-26T06:54:04,Chaos Core,735000,735000,1,,
3444,2026-09-26T07:55:51,2026-09-26T06:54:04,Chaos Core,734357,734357,1,,
3445,2026-09-26T07:56:28,2026-09-26T06:54:04,Chaos Core,717000,717000,1,,
3446,2026-09-26T08:00:42,2026-09-26T06:54:04,Chaos Core,735000,735000,1,,
3447,2026-09-26T08:04:51,2026-09-26T06:54:04,Chaos Core,734000,734000,1,,
3448,2026-09-26T08:05:46,2026-09-26T06:54:04,Force Core Set (Highest) X 1,189188,3216196,17,,199706
3449,2026-09-26T08:05:52,2026-09-26T06:54:04,Force Core Set (Highest) X 211,189188,39918668,211,,199706
3450,2026-09-26T08:06:34,2026-09-26T06:54:04,Force Core Set (Highest) X 24,189189,4540536,24,,199702
3451,2026-09-26T08:06:40,2026-09-26T06:54:04,Force Core Set (Highest) X 226,189189,42756714,226,,199702
3452,2026-09-26T08:10:59,2026-09-26T06:54:04,Chaos Core,728772,728772,1,,
3453,2026-09-26T08:15:35,2026-09-26T06:54:04,Chaos Core,734000,734000,1,,
3454,2026-09-26T08:18:02,2026-09-26T06:54:04,Chaos Core,733333,733333,1,,
3455,2026-09-26T08:19:13,2026-09-26T06:54:04,Chaos Core,733333,733333,1,,
3456,2026-09-26T08:23:40,2026-09-26T06:54:04,Chaos Core,735000,735000,1,,
3457,2026-09-26T08:25:39,2026-09-26T06:54:04,Chaos Core,734468,734468,1,,
3458,2026-09-26T08:26:52,2026-09-26T06:54:04,Chaos Core,734468,734468,1,,
3459,2026-09-26T08:28:14,2026-09-26T06:54:04,Chaos Core,734468,12485956,17,,743937
3460,2026-09-26T08:28:23,2026-09-26T06:54:04,Chaos Core,733294,158391504,216,,743937
3461,2026-09-26T08:28:40,2026-09-26T06:54:04,Chaos Core,734468,734468,1,,743937
3462,2026-09-26T08:29:51,2026-09-26T06:54:04,Chaos Core,733294,95328220,130,,743935
3463,2026-09-26T08:31:11,2026-09-26T06:54:04,Chaos Core,734468,1468936,2,,743935
3464,2026-09-26T08:32:15,2026-09-26T06:54:04,Chaos Core,733294,82128928,112,,743933
3465,2026-09-26T08:32:30,2026-09-26T06:54:04,Chaos Core,734000,1468000,2,,743933
3466,2026-09-26T08:35:45,2026-09-26T06:54:04,Force Core Set (High) X 1,180180,2882880,16,,185896
3467,2026-09-26T08:36:42,2026-09-26T06:54:04,Upgrade Core Set (Ultimate) X 5,478723,86170140,180,,509576
3468,2026-09-26T08:37:29,2026-09-26T06:54:04,Upgrade Core Set (Ultimate) X 5,478723,86170140,180,,509574
3469,2026-09-26T08:38:14,2026-09-26T06:54:04,Upgrade Core Set (Ultimate) X 5,478723,86170140,180,,509572
3470,2026-09-26T08:39:45,2026-09-26T06:54:04,Chaos Core,734468,734468,1,,
3471,2026-09-26T08:41:24,2026-09-26T06:54:04,Chaos Core,734468,734468,1,,
3472,2026-09-26T08:42:35,2026-09-26T06:54:04,Chaos Core,734468,734468,1,,
3473,2026-09-26T08:46:27,2026-09-26T06:54:04,Chaos Core,732735,176589135,241,,743909
3474,2026-09-26T08:46:35,2026-09-26T06:54:04,Chaos Core,732735,1465470,2,,743909
3475,2026-09-26T08:48:14,2026-09-26T06:54:04,Force Core Set (High) X 10,180180,32432400,180,,185881
3476,2026-09-26T08:49:44,2026-09-26T06:54:04,Chaos Core,738887,738887,1,,
3477,2026-09-26T08:51:27,2026-09-26T06:54:04,Chaos Core,735600,735600,1,,
3478,2026-09-26T08:52:39,2026-09-26T06:54:04,Chaos Core,735600,735600,1,,
3479,2026-09-26T08:57:03,2026-09-26T06:54:04,Chaos Core,720000,36720000,51,,743894
3480,2026-09-26T09:00:00,2026-09-26T06:54:04,Chaos Core,719405,719405,1,,
3481,2026-09-26T09:01:07,2026-09-26T06:54:04,Chaos Core,718757,718757,1,,
3482,2026-09-26T09:06:33,2026-09-26T06:54:04,Chaos Core,735000,735000,1,,
3483,2026-09-26T09:08:15,2026-09-26T06:54:04,Chaos Core,735000,735000,1,,
3484,2026-09-26T09:09:38,2026-09-26T06:54:04,Chaos Core,735000,735000,1,,
3485,2026-09-26T09:15:08,2026-09-26T06:54:04,Chaos Core,735600,735600,1,,
3486,2026-09-26T09:16:55,2026-09-26T06:54:04,Chaos Core,739997,739997,1,,
3487,2026-09-26T09:18:09,2026-09-26T06:54:04,Chaos Core,738888,738888,1,,
3488,2026-09-26T09:23:12,2026-09-26T06:54:04,Force Core Set (High) X 93,180180,16756740,93,,185847
3489,2026-09-26T09:23:19,2026-09-26T06:54:04,Force Core Set (High) X 95,180180,17117100,95,,185847
3490,2026-09-26T09:24:58,2026-09-26T06:54:04,Chaos Core,738886,738886,1,,
3491,2026-09-26T09:26:53,2026-09-26T06:54:04,Chaos Core,738886,738886,1,,
3492,2026-09-26T09:35:00,2026-09-26T06:54:04,Chaos Core,720000,720000,1,,
3493,2026-09-26T09:44:42,2026-09-26T09:40:18,Chaos Core,739000,739000,1,,
3494,2026-09-26T09:46:26,2026-09-26T09:40:18,Chaos Core,739000,739000,1,,
3495,2026-09-26T09:47:35,2026-09-26T09:40:18,Chaos Core,738426,738426,1,,
3496,2026-09-26T09:52:01,2026-09-26T09:40:18,Force Core Set (High) X 30,178125,10687500,60,,185872
3497,2026-09-26T09:52:06,2026-09-26T09:40:18,Force Core Set (High) X 32,178125,5700000,32,,185872
3498,2026-09-26T09:52:12,2026-09-26T09:40:18,Force Core Set (High) X 32,178125,5700000,32,,185872
3499,2026-09-26T09:52:18,2026-09-26T09:40:18,Force Core Set (High) X 81,178125,14428125,81,,185872
3500,2026-09-26T09:53:02,2026-09-26T09:40:18,Force Core Set (High) X 338,180180,60900840,338,,185872
3501,2026-09-26T09:56:06,2026-09-26T09:40:18,Chaos Core,724321,724321,1,,
3502,2026-09-26T10:02:24,2026-09-26T09:40:18,Chaos Core,725000,725000,1,,
3503,2026-09-26T10:03:54,2026-09-26T09:40:18,Chaos Core,739997,739997,1,,
3504,2026-09-26T10:05:12,2026-09-26T09:40:18,Chaos Core,739997,739997,1,,
3505,2026-09-26T10:09:56,2026-09-26T09:40:18,Upgrade Core Set (Ultimate) X 91,446934,40671000,91,,500514
3506,2026-09-26T10:10:04,2026-09-26T09:40:18,Upgrade Core Set (Ultimate) X 10,446941,40224690,90,,500514
3507,2026-09-26T10:11:33,2026-09-26T09:40:18,Chaos Core,739997,739997,1,,
3508,2026-09-26T10:12:55,2026-09-26T09:40:18,Chaos Core,739494,739494,1,,
3509,2026-09-26T10:14:02,2026-09-26T09:40:18,Chaos Core,717000,717000,1,,
3510,2026-09-26T10:14:47,2026-09-26T09:40:18,Chaos Core,717000,116154000,162,,743820
3511,2026-09-26T10:16:34,2026-09-26T09:40:18,Chaos Core,715000,98670000,138,,743820
3512,2026-09-26T10:16:58,2026-09-26T09:40:18,Chaos Core,718532,33771004,47,,743820
3513,2026-09-26T10:17:10,2026-09-26T09:40:18,Chaos Core,718532,718532,1,,743820
3514,2026-09-26T10:19:04,2026-09-26T09:40:18,Chaos Core,716367,8596404,12,,743816
3515,2026-09-26T10:19:13,2026-09-26T09:40:18,Chaos Core,716367,32236515,45,,743816
3516,2026-09-26T10:19:23,2026-09-26T09:40:18,Chaos Core,716367,35101983,49,,743816
3517,2026-09-26T10:19:32,2026-09-26T09:40:18,Chaos Core,716367,81665838,114,,743816
3518,2026-09-26T10:19:46,2026-09-26T09:40:18,Chaos Core,716367,1432734,2,,743816
3519,2026-09-26T10:33:07,2026-09-26T09:40:18,Chaos Core,713415,713415,1,,
3520,2026-09-26T10:33:51,2026-09-26T09:40:18,Chaos Core,713415,23542695,33,,743810
3521,2026-09-26T10:36:07,2026-09-26T09:40:18,Chaos Core,716367,10745505,15,,743807
3522,2026-09-26T10:36:16,2026-09-26T09:40:18,Chaos Core,712877,113347443,159,,743807
3523,2026-09-26T10:38:09,2026-09-26T09:40:18,Chaos Core,712877,19960556,28,,743806
3524,2026-09-26T10:38:20,2026-09-26T09:40:18,Chaos Core,712877,2138631,3,,743806
3525,2026-09-26T10:38:33,2026-09-26T09:40:18,Chaos Core,712877,29940834,42,,743806
3526,2026-09-26T10:38:48,2026-09-26T09:40:18,Chaos Core,712877,120476213,169,,743806
3527,2026-09-26T10:39:11,2026-09-26T09:40:18,Chaos Core,718532,718532,1,,743806
3528,2026-09-26T10:40:51,2026-09-26T09:40:18,Chaos Core,722222,7944442,11,,743806
3529,2026-09-26T10:41:00,2026-09-26T09:40:18,Chaos Core,712877,19960556,28,,743806
3530,2026-09-26T10:41:23,2026-09-26T09:40:18,Chaos Core,725000,28275000,39,,743806
3531,2026-09-26T10:41:32,2026-09-26T09:40:18,Chaos Core,712877,33505219,47,,743806
3532,2026-09-26T10:41:48,2026-09-26T09:40:18,Chaos Core,730000,8030000,11,,743806
3533,2026-09-26T10:42:33,2026-09-26T09:40:18,Chaos Core,735000,1470000,2,,743806
3534,2026-09-26T10:46:15,2026-09-26T09:40:18,Chaos Core,739997,739997,1,,
3535,2026-09-26T10:47:40,2026-09-26T09:40:18,Chaos Core,739997,739997,1,,
3536,2026-09-26T10:48:41,2026-09-26T09:40:18,Chaos Core,739997,739997,1,,
3537,2026-09-26T10:55:03,2026-09-26T09:40:18,Chaos Core,747000,747000,1,,
3538,2026-09-26T10:57:52,2026-09-26T09:40:18,Chaos Core,748000,748000,1,,
3539,2026-09-26T10:59:07,2026-09-26T09:40:18,Chaos Core,748277,748277,1,,
3540,2026-09-26T11:00:20,2026-09-26T09:40:18,Chaos Core,749999,749999,1,,
3541,2026-09-26T11:01:17,2026-09-26T09:40:18,Chaos Core,749999,749999,1,,
3542,2026-09-26T11:04:49,2026-09-26T09:40:18,Force Core Set (Ultimate) X 4,364282,1457128,4,,399797
3543,2026-09-26T11:04:55,2026-09-26T09:40:18,Force Core Set (Ultimate) X 14,364282,5099948,14,,399797
3544,2026-09-26T11:05:01,2026-09-26T09:40:18,Force Core Set (Ultimate) X 53,364282,19306998,53,,399797
3545,2026-09-26T11:05:07,2026-09-26T09:40:18,Force Core Set (Ultimate) X 329,364283,119849430,329,,399797
3546,2026-09-26T11:06:46,2026-09-26T09:40:18,Chaos Core,759999,759999,1,,
3547,2026-09-26T11:09:22,2026-09-26T09:40:18,Chaos Core,759990,759990,1,,
3548,2026-09-26T11:10:12,2026-09-26T09:40:18,Force Core Set (Ultimate) X 50,364280,18214000,50,,399795
3549,2026-09-26T11:10:18,2026-09-26T09:40:18,Force Core Set (Ultimate) X 28,364285,10200000,28,,399795
3550,2026-09-26T11:10:24,2026-09-26T09:40:18,Force Core Set (Ultimate) X 42,364285,15299970,42,,399795
3551,2026-09-26T11:10:30,2026-09-26T09:40:18,Force Core Set (Ultimate) X 21,367000,7707000,21,,399795
3552,2026-09-26T11:10:36,2026-09-26T09:40:18,Force Core Set (Ultimate) X 24,367000,8808000,24,,399795
3553,2026-09-26T11:11:35,2026-09-26T09:40:18,Chaos Core,759990,759990,1,,
3554,2026-09-26T11:13:25,2026-09-26T09:40:18,Chaos Core,758252,758252,1,,
3555,2026-09-26T11:21:03,2026-09-26T11:17:39,Chaos Core,719500,719500,1,,
3556,2026-09-26T11:22:19,2026-09-26T11:17:39,Yekaterina VIP Membership,119999999,119999999,1,,
3557,2026-09-26T11:23:01,2026-09-26T11:17:39,Force Core Set (High) X 1,178000,178000,1,,184000
3558,2026-09-26T11:23:08,2026-09-26T11:17:39,Force Core Set (High) X 10,178000,10680000,60,,184000
3559,2026-09-26T11:23:15,2026-09-26T11:17:39,Force Core Set (High) X 10,178000,21360000,120,,184000
3560,2026-09-26T11:24:01,2026-09-26T11:17:39,Force Core Set (High) X 10,178000,32040000,180,,183999
3561,2026-09-26T11:25:35,2026-09-26T11:17:39,Epic Booster (Highest),47374999,189499996,4,,
3562,2026-09-26T11:26:16,2026-09-26T11:17:39,Siena's Unbinding Stone,75799999,75799999,1,,
3563,2026-09-26T11:27:35,2026-09-26T11:17:39,Chaos Core,759980,759980,1,,
3564,2026-09-26T11:28:39,2026-09-26T11:17:39,Chaos Core,750000,750000,1,,
3565,2026-09-26T11:30:08,2026-09-26T11:17:39,Chaos Core,750000,750000,1,,
3566,2026-09-26T11:33:49,2026-09-26T11:17:39,Force Core Set (High) X 1,178000,5696000,32,,184000
3567,2026-09-26T11:33:57,2026-09-26T11:17:39,Force Core Set (High) X 1,178288,178288,1,,184000
3568,2026-09-26T11:34:05,2026-09-26T11:17:39,Force Core Set (High) X 5,178288,891440,5,,184000
3569,2026-09-26T11:34:50,2026-09-26T11:17:39,Force Core Set (High) X 10,178000,28480000,160,,183999
3570,2026-09-26T11:34:55,2026-09-26T11:17:39,Force Core Set (High) X 302,178000,53756000,302,,183999
3571,2026-09-26T11:36:04,2026-09-26T11:17:39,Force Core Set (Highest) X 1,157994,7109730,45,,194947
3572,2026-09-26T11:36:11,2026-09-26T11:17:39,Force Core Set (Highest) X 1,157994,18169310,115,,194947
3573,2026-09-26T11:36:19,2026-09-26T11:17:39,Force Core Set (Highest) X 1,177994,3559880,20,,194947
3574,2026-09-26T11:43:09,2026-09-26T11:17:39,Force Core Set (Highest) X 1,177994,5339820,30,,194945
3575,2026-09-26T11:43:27,2026-09-26T11:17:39,Force Core Set (Highest) X 10,177994,1779940,10,,194945
3576,2026-09-26T11:43:34,2026-09-26T11:17:39,Force Core Set (Highest) X 20,177994,3559880,20,,194945
3577,2026-09-26T11:43:50,2026-09-26T11:17:39,Force Core Set (Highest) X 100,177994,17799400,100,,194945
3578,2026-09-26T11:43:56,2026-09-26T11:17:39,Force Core Set (Highest) X 106,177994,18867364,106,,194945
3579,2026-09-26T11:45:38,2026-09-26T11:17:39,Chaos Core,747698,747698,1,,
3580,2026-09-26T11:46:57,2026-09-26T11:17:39,Chaos Core,747698,747698,1,,
3581,2026-09-26T11:48:31,2026-09-26T11:17:39,Chaos Core,747698,747698,1,,
3582,2026-09-26T11:53:08,2026-09-26T11:17:39,Force Core Set (Ultimate) X 28,367087,10278436,28,,399775
3583,2026-09-26T11:53:13,2026-09-26T11:17:39,Force Core Set (Ultimate) X 41,367087,15050567,41,,399775
3584,2026-09-26T11:53:19,2026-09-26T11:17:39,Force Core Set (Ultimate) X 56,367087,20556872,56,,399775
3585,2026-09-26T11:53:24,2026-09-26T11:17:39,Force Core Set (Ultimate) X 334,375349,125366566,334,,399775
3586,2026-09-26T11:54:51,2026-09-26T11:17:39,Chaos Core,759900,759900,1,,
3587,2026-09-26T11:55:52,2026-09-26T11:17:39,Chaos Core,759000,759000,1,,
3588,2026-09-26T11:57:17,2026-09-26T11:17:39,Chaos Core,759000,759000,1,,
3589,2026-09-26T12:02:37,2026-09-26T11:17:39,Chaos Core,745000,745000,1,,
3590,2026-09-26T12:03:39,2026-09-26T11:17:39,Chaos Core,745000,745000,1,,
3591,2026-09-26T12:05:08,2026-09-26T11:17:39,Chaos Core,743945,743945,1,,
3592,2026-09-26T12:07:06,2026-09-26T11:17:39,Yekaterina VIP Membership,119999699,119999699,1,,
3593,2026-09-26T12:23:19,2026-09-26T12:19:00,Force Core Set (Highest) X 1,178479,1784790,10,,194923
3594,2026-09-26T12:23:27,2026-09-26T12:19:00,Force Core Set (Highest) X 1,178479,1427832,8,,194923
3595,2026-09-26T12:23:34,2026-09-26T12:19:00,Force Core Set (Highest) X 10,178479,1784790,10,,194923
3596,2026-09-26T12:23:41,2026-09-26T12:19:00,Force Core Set (Highest) X 10,178479,10708740,60,,194923
3597,2026-09-26T12:23:47,2026-09-26T12:19:00,Force Core Set (Highest) X 17,178479,3034143,17,,194923
3598,2026-09-26T12:35:27,2026-09-26T12:19:00,Upgrade Core Set (Ultimate) X 1,425333,425333,1,,471867
3599,2026-09-26T12:35:33,2026-09-26T12:19:00,Upgrade Core Set (Ultimate) X 3,425333,1275999,3,,471867
3600,2026-09-26T12:38:46,2026-09-26T12:19:00,Yekaterina VIP Membership,119400000,119400000,1,,
3601,2026-09-26T12:42:49,2026-09-26T12:19:00,Chaos Core,713241,3566205,5,,729810
3602,2026-09-26T12:43:28,2026-09-26T12:19:00,Chaos Core,729420,9482460,13,,729810
3603,2026-09-26T12:44:37,2026-09-26T12:19:00,Chaos Core,729420,2917680,4,,743869
3604,2026-09-26T12:45:11,2026-09-26T12:19:00,Chaos Core,731111,71648878,98,,743869
3605,2026-09-26T12:46:09,2026-09-26T12:19:00,Chaos Core,731111,1462222,2,,743869
3606,2026-09-26T12:47:25,2026-09-26T12:19:00,Chaos Core,737776,737776,1,,743869
3607,2026-09-26T12:50:35,2026-09-26T12:19:00,Chaos Core,757777,757777,1,,
3608,2026-09-26T12:51:59,2026-09-26T12:19:00,Chaos Core,749399,749399,1,,
3609,2026-09-26T12:53:12,2026-09-26T12:19:00,Chaos Core,748834,748834,1,,
3610,2026-09-26T12:58:10,2026-09-26T12:19:00,Chaos Core Set X 1,729811,729811,1,,743865
3611,2026-09-26T12:58:51,2026-09-26T12:19:00,Force Core Set (High) X 1,145000,1885000,13,,182961
3612,2026-09-26T12:58:57,2026-09-26T12:19:00,Force Core Set (High) X 1,145000,145000,1,,182961
3613,2026-09-26T12:59:58,2026-09-26T12:19:00,Chaos Core,749999,749999,1,,
3614,2026-09-26T13:00:52,2026-09-26T12:19:00,Chaos Core,749999,749999,1,,
3615,2026-09-26T13:02:00,2026-09-26T12:19:00,Chaos Core,749999,749999,1,,
3616,2026-09-26T13:07:33,2026-09-26T12:19:00,Chaos Core,749999,749999,1,,
3617,2026-09-26T13:08:28,2026-09-26T12:19:00,Chaos Core,749999,749999,1,,
3618,2026-09-26T13:09:33,2026-09-26T12:19:00,Chaos Core,749999,749999,1,,
3619,2026-09-26T13:14:41,2026-09-26T12:19:00,Force Core Set (High) X 9,136752,1230768,9,,181000
3620,2026-09-26T13:14:47,2026-09-26T12:19:00,Force Core Set (High) X 13,136752,1777777,13,,181000
3621,2026-09-26T13:14:53,2026-09-26T12:19:00,Force Core Set (High) X 216,136752,29538432,216,,181000
3622,2026-09-26T13:15:32,2026-09-26T12:19:00,Upgrade Core Set (Ultimate) X 296,425333,125898568,296,,471824
3623,2026-09-26T13:16:54,2026-09-26T12:19:00,Chaos Core,718532,718532,1,,
3624,2026-09-26T13:17:49,2026-09-26T12:19:00,Chaos Core,742000,742000,1,,
3625,2026-09-26T13:18:48,2026-09-26T12:19:00,Chaos Core,742000,742000,1,,
3626,2026-09-26T13:24:56,2026-09-26T12:19:00,Chaos Core,741666,741666,1,,
3627,2026-09-26T13:25:51,2026-09-26T12:19:00,Chaos Core,741082,741082,1,,
3628,2026-09-26T13:26:45,2026-09-26T12:19:00,Chaos Core,741082,741082,1,,
3629,2026-09-26T13:33:04,2026-09-26T12:19:00,Chaos Core,741666,741666,1,,
3630,2026-09-26T13:34:01,2026-09-26T12:19:00,Chaos Core,741666,741666,1,,
3631,2026-09-26T13:39:54,2026-09-26T12:19:00,Chaos Core,749990,749990,1,,
3632,2026-09-26T13:40:47,2026-09-26T12:19:00,Chaos Core,749990,749990,1,,
3633,2026-09-26T13:41:44,2026-09-26T12:19:00,Chaos Core,749990,749990,1,,
3634,2026-09-26T13:47:38,2026-09-26T12:19:00,Chaos Core,749990,749990,1,,
3635,2026-09-26T13:48:32,2026-09-26T12:19:00,Chaos Core,699445,699445,1,,
3636,2026-09-26T13:49:25,2026-09-26T12:19:00,Chaos Core,749990,749990,1,,
3637,2026-09-26T13:55:07,2026-09-26T12:19:00,Chaos Core,749990,749990,1,,
3638,2026-09-26T13:56:01,2026-09-26T12:19:00,Chaos Core,749990,749990,1,,
3639,2026-09-26T13:56:53,2026-09-26T12:19:00,Chaos Core,749467,749467,1,,
3640,2026-09-26T14:02:34,2026-09-26T12:19:00,Chaos Core,749990,749990,1,,
3641,2026-09-26T14:03:31,2026-09-26T12:19:00,Chaos Core,749990,749990,1,,
3642,2026-09-26T14:04:25,2026-09-26T12:19:00,Chaos Core,749990,749990,1,,
3643,2026-09-26T14:13:08,2026-09-26T12:19:00,Chaos Core,749989,749989,1,,
3644,2026-09-26T14:14:28,2026-09-26T12:19:00,Chaos Core,749989,749989,1,,
3645,2026-09-26T14:15:25,2026-09-26T12:19:00,Chaos Core,748857,748857,1,,
3646,2026-09-26T14:21:21,2026-09-26T12:19:00,Chaos Core,748000,748000,1,,
3647,2026-09-26T14:22:18,2026-09-26T12:19:00,Chaos Core,748000,748000,1,,
3648,2026-09-26T14:23:16,2026-09-26T12:19:00,Chaos Core,747000,747000,1,,
3649,2026-09-26T14:28:36,2026-09-26T12:19:00,Chaos Core,730000,35770000,49,,749646
3650,2026-09-26T14:28:48,2026-09-26T12:19:00,Chaos Core,730000,154030000,211,,749646
3651,2026-09-26T14:28:55,2026-09-26T12:19:00,Chaos Core,730000,730000,1,,749646
3652,2026-09-26T14:31:59,2026-09-26T12:19:00,Chaos Core,730000,16060000,22,,749642
3653,2026-09-26T14:32:18,2026-09-26T12:19:00,Chaos Core,730000,181770000,249,,749642
3654,2026-09-26T14:32:26,2026-09-26T12:19:00,Chaos Core,729995,1459990,2,,749642
3655,2026-09-26T14:33:53,2026-09-26T12:19:00,Chaos Core,730000,12410000,17,,749640
3656,2026-09-26T14:35:49,2026-09-26T12:19:00,Chaos Core,729995,19709865,27,,749640
3657,2026-09-26T14:36:28,2026-09-26T12:19:00,Chaos Core,735000,735000,1,,749640
3658,2026-09-26T14:37:22,2026-09-26T12:19:00,Chaos Core,729994,28469766,39,,749637
3659,2026-09-26T14:37:43,2026-09-26T12:19:00,Chaos Core,735000,104370000,142,,749637
3660,2026-09-26T14:38:03,2026-09-26T12:19:00,Chaos Core,746998,1493996,2,,749637
3661,2026-09-26T14:39:39,2026-09-26T12:19:00,Chaos Core,729993,729993,1,,
3662,2026-09-26T14:40:32,2026-09-26T12:19:00,Chaos Core,729993,729993,1,,
3663,2026-09-26T14:41:18,2026-09-26T12:19:00,Chaos Core,729993,729993,1,,
3664,2026-09-26T14:47:40,2026-09-26T12:19:00,Chaos Core,728297,70644809,97,,740000
3665,2026-09-26T14:48:01,2026-09-26T12:19:00,Chaos Core,728843,119530252,164,,740000
3666,2026-09-26T14:49:21,2026-09-26T12:19:00,Chaos Core,728297,20392316,28,,739994
3667,2026-09-26T14:49:35,2026-09-26T12:19:00,Chaos Core,728297,108516253,149,,739994
3668,2026-09-26T15:20:40,2026-09-26T15:16:18,Force Core Set (High) X 1,145000,145000,1,,181000
3669,2026-09-26T15:22:32,2026-09-26T15:16:18,Chaos Core,720092,720092,1,,
3670,2026-09-26T15:36:14,2026-09-26T15:16:18,Upgrade Core Set (Ultimate) X 2,439999,879999,2,,471660
3671,2026-09-26T15:36:19,2026-09-26T15:16:18,Upgrade Core Set (Ultimate) X 19,439999,8359981,19,,471660
3672,2026-09-26T15:36:25,2026-09-26T15:16:18,Upgrade Core Set (Ultimate) X 76,439999,33439924,76,,471660
3673,2026-09-26T15:36:31,2026-09-26T15:16:18,Upgrade Core Set (Ultimate) X 105,439999,46199895,105,,471660
3674,2026-09-26T15:37:15,2026-09-26T15:16:18,Upgrade Core Set (Ultimate) X 164,439999,72159836,164,,471659
3675,2026-09-26T15:37:26,2026-09-26T15:16:18,Upgrade Core Set (Ultimate) X 5,440000,4400000,10,,471659
3676,2026-09-26T15:38:21,2026-09-26T15:16:18,Chaos Core,723999,723999,1,,
3677,2026-09-26T15:39:15,2026-09-26T15:16:18,Chaos Core,723445,723445,1,,
3678,2026-09-26T15:39:53,2026-09-26T15:16:18,Chaos Core,723445,723445,1,,
3679,2026-09-26T15:41:31,2026-09-26T15:16:18,Siena's Unbinding Stone,75555555,75555555,1,,
3680,2026-09-26T15:46:36,2026-09-26T15:16:18,Chaos Core,718532,2874128,4,,729796
3681,2026-09-26T15:46:48,2026-09-26T15:16:18,Chaos Core,718532,128617228,179,,729796
3682,2026-09-26T15:55:32,2026-09-26T15:16:18,Chaos Core,722226,722226,1,,
3683,2026-09-26T15:56:26,2026-09-26T15:16:18,Chaos Core,716000,716000,1,,
3684,2026-09-26T16:02:27,2026-09-26T15:16:18,Chaos Core,716000,716000,1,,
3685,2026-09-26T16:03:51,2026-09-26T15:16:18,Force Core Set (High) X 1,140000,140000,1,,180999
3686,2026-09-26T16:24:11,2026-09-26T16:12:55,Force Core Set (Highest) X 4,189195,756780,4,,199836
3687,2026-09-26T16:24:17,2026-09-26T16:12:55,Force Core Set (Highest) X 46,189195,8703000,46,,199836
3688,2026-09-26T16:24:22,2026-09-26T16:12:55,Force Core Set (Highest) X 417,189195,78894315,417,,199836
3689,2026-09-26T16:26:19,2026-09-26T16:12:55,Chaos Core,708000,708000,1,,
3690,2026-09-26T16:26:57,2026-09-26T16:12:55,Chaos Core,709000,709000,1,,
3691,2026-09-26T16:27:56,2026-09-26T16:12:55,Yekaterina VIP Membership,112499999,112499999,1,,
3692,2026-09-26T16:34:05,2026-09-26T16:12:55,Force Core Set (Highest) X 55,189228,10407540,55,,199828
3693,2026-09-26T16:34:11,2026-09-26T16:12:55,Force Core Set (Highest) X 82,189228,15516696,82,,199828
3694,2026-09-26T16:34:17,2026-09-26T16:12:55,Force Core Set (Highest) X 167,189228,31601076,167,,199828
3695,2026-09-26T17:00:33,2026-09-26T16:12:55,Chaos Core,712452,712452,1,,
3696,2026-09-26T17:06:16,2026-09-26T16:12:55,Chaos Core,712452,712452,1,,
3697,2026-09-26T17:09:20,2026-09-26T16:12:55,Chaos Core,696549,696549,1,,
3698,2026-09-26T17:10:11,2026-09-26T16:12:55,Chaos Core,696549,696549,1,,
3699,2026-09-26T17:17:37,2026-09-26T16:12:55,Force Core Set (High) X 1,145000,145000,1,,180984
3700,2026-09-26T17:20:22,2026-09-26T16:12:55,Chaos Core,714078,714078,1,,
3701,2026-09-26T17:21:19,2026-09-26T16:12:55,Chaos Core,714078,714078,1,,
3702,2026-09-26T17:22:02,2026-09-26T16:12:55,Chaos Core,714078,714078,1,,
3703,2026-09-26T17:26:43,2026-09-26T16:12:55,Chaos Core,704664,704664,1,,
3704,2026-09-26T17:29:26,2026-09-26T16:12:55,Upgrade Core Set (Ultimate) X 1,419253,419253,1,,471624
3705,2026-09-26T17:29:31,2026-09-26T16:12:55,Upgrade Core Set (Ultimate) X 26,419253,10900578,26,,471624
3706,2026-09-26T17:29:38,2026-09-26T16:12:55,Upgrade Core Set (Ultimate) X 127,419253,53245131,127,,471624
3707,2026-09-26T17:29:43,2026-09-26T16:12:55,Upgrade Core Set (Ultimate) X 345,419253,144642285,345,,471624
3708,2026-09-26T17:31:03,2026-09-26T16:12:55,Chaos Core,714078,714078,1,,
3709,2026-09-26T18:46:43,2026-09-26T18:43:09,Chaos Core,706666,706666,1,,
3710,2026-09-26T18:52:33,2026-09-26T18:43:09,Chaos Core,706044,706044,1,,
3711,2026-09-26T18:55:14,2026-09-26T18:43:09,Chaos Core,705345,705345,1,,
3712,2026-09-26T19:03:52,2026-09-26T18:43:09,Chaos Core,706666,706666,1,,
3713,2026-09-26T19:05:38,2026-09-26T18:43:09,Chaos Core,706666,706666,1,,
3714,2026-09-26T19:09:37,2026-09-26T18:43:09,Chaos Core,706666,706666,1,,
3715,2026-09-26T19:11:50,2026-09-26T18:43:09,Chaos Core,706666,1413332,2,,729605
3716,2026-09-26T19:12:06,2026-09-26T18:43:09,Chaos Core,709999,7809989,11,,729605
3717,2026-09-26T19:12:34,2026-09-26T18:43:09,Chaos Core,709999,127089821,179,,729605
3718,2026-09-26T19:13:45,2026-09-26T18:43:09,Chaos Core,709999,709999,1,,
3719,2026-09-26T19:14:22,2026-09-26T18:43:09,Chaos Core,709999,709999,1,,
3720,2026-09-26T19:16:25,2026-09-26T18:43:09,Chaos Core,709999,709999,1,,
3721,2026-09-26T19:20:34,2026-09-26T18:43:09,Chaos Core,709999,709999,1,,
3722,2026-09-26T19:23:16,2026-09-26T18:43:09,Chaos Core,707329,27585831,39,,719982
3723,2026-09-26T19:23:25,2026-09-26T18:43:09,Chaos Core,707329,67196255,95,,719982
3724,2026-09-26T19:23:48,2026-09-26T18:43:09,Chaos Core,709999,709999,1,,719982
3725,2026-09-26T19:25:16,2026-09-26T18:43:09,Chaos Core,709999,709999,1,,
3726,2026-09-26T19:27:14,2026-09-26T18:43:09,Chaos Core,706649,706649,1,,
3727,2026-09-26T19:44:42,2026-09-26T19:35:58,Chaos Core,706000,706000,1,,
3728,2026-09-26T19:57:27,2026-09-26T19:52:36,Chaos Core,704193,704193,1,,
3729,2026-09-26T20:11:20,2026-09-26T19:52:36,Chaos Core,702633,702633,1,,
3730,2026-09-26T20:11:58,2026-09-26T19:52:36,Chaos Core,702050,702050,1,,
3731,2026-09-26T20:14:00,2026-09-26T19:52:36,Chaos Core,702050,702050,1,,
3732,2026-09-26T20:19:48,2026-09-26T19:52:36,Chaos Core,703159,48517971,69,,719885
3733,2026-09-26T20:20:03,2026-09-26T19:52:36,Chaos Core,704193,5633544,8,,719885
3734,2026-09-26T20:20:19,2026-09-26T19:52:36,Chaos Core,704193,140134407,199,,719885
3735,2026-09-26T20:21:46,2026-09-26T19:52:36,Chaos Core,702050,702050,1,,719878
3736,2026-09-26T20:22:08,2026-09-26T19:52:36,Chaos Core,705368,19044936,27,,719878
3737,2026-09-26T20:22:20,2026-09-26T19:52:36,Chaos Core,704193,53518668,76,,719878
3738,2026-09-26T20:22:33,2026-09-26T19:52:36,Chaos Core,706000,706000,1,,719878
3739,2026-09-26T20:22:49,2026-09-26T19:52:36,Chaos Core,706000,61422000,87,,719878
3740,2026-09-26T20:24:02,2026-09-26T19:52:36,Chaos Core,706649,706649,1,,
3741,2026-09-26T20:24:43,2026-09-26T19:52:36,Chaos Core,706649,706649,1,,
3742,2026-09-26T20:26:44,2026-09-26T19:52:36,Chaos Core,706649,706649,1,,
3743,2026-09-26T20:30:35,2026-09-26T19:52:36,Chaos Core,705338,705338,1,,
3744,2026-09-26T20:33:42,2026-09-26T19:52:36,Chaos Core,705338,705338,1,,
3745,2026-09-26T20:41:49,2026-09-26T20:35:39,Chaos Core,706130,706130,1,,
3746,2026-09-26T20:45:15,2026-09-26T20:35:39,Chaos Core,705571,705571,1,,
3747,2026-09-26T20:49:12,2026-09-26T20:35:39,Chaos Core,709999,709999,1,,
3748,2026-09-26T20:51:03,2026-09-26T20:35:39,Chaos Core,707329,24049186,34,,719849
3749,2026-09-26T20:51:20,2026-09-26T20:35:39,Chaos Core,709999,1419998,2,,719849
3750,2026-09-26T20:52:09,2026-09-26T20:35:39,Chaos Core,706780,14135600,20,,719848
3751,2026-09-26T20:52:25,2026-09-26T20:35:39,Chaos Core,709999,709999,1,,719848
3752,2026-09-26T20:53:57,2026-09-26T20:35:39,Chaos Core,709999,709999,1,,
3753,2026-09-26T20:57:23,2026-09-26T20:35:39,Chaos Core,709387,709387,1,,
3754,2026-09-26T20:59:11,2026-09-26T20:35:39,Chaos Core,709387,709387,1,,
3755,2026-09-26T21:01:49,2026-09-26T20:35:39,Chaos Core,709387,709387,1,,
3756,2026-09-26T21:02:25,2026-09-26T20:35:39,Force Core Set (Highest) X 10,191394,19139400,100,,199666
3757,2026-09-26T21:02:29,2026-09-26T20:35:39,Force Core Set (Highest) X 15,191394,2870910,15,,199666
3758,2026-09-26T21:02:33,2026-09-26T20:35:39,Force Core Set (Highest) X 23,191394,4402062,23,,199666
3759,2026-09-26T21:02:38,2026-09-26T20:35:39,Force Core Set (Highest) X 25,191394,4784850,25,,199666
3760,2026-09-26T21:02:43,2026-09-26T20:35:39,Force Core Set (Highest) X 49,191394,9378306,49,,199666
3761,2026-09-26T21:16:16,2026-09-26T21:11:03,Force Core Set (Highest) X 258,191394,49379652,258,,199664
3762,2026-09-26T21:18:28,2026-09-26T21:11:03,Chaos Core,704955,2819820,4,,719962
3763,2026-09-26T21:19:57,2026-09-26T21:11:03,Chaos Core,704955,32427930,46,,719962
3764,2026-09-26T21:20:08,2026-09-26T21:11:03,Chaos Core,704955,80364870,114,,719962
3765,2026-09-26T21:20:18,2026-09-26T21:11:03,Chaos Core,705570,705570,1,,719962
3766,2026-09-26T21:21:30,2026-09-26T21:11:03,Chaos Core,705570,31045080,44,,729623
3767,2026-09-26T21:21:44,2026-09-26T21:11:03,Chaos Core,709387,139039852,196,,729623
3768,2026-09-26T21:23:01,2026-09-26T21:11:03,Chaos Core,709999,61769913,87,,729622
3769,2026-09-26T21:23:16,2026-09-26T21:11:03,Chaos Core,710000,94430000,133,,729622
3770,2026-09-26T21:23:31,2026-09-26T21:11:03,Chaos Core,710000,1420000,2,,729622
3771,2026-09-26T21:26:50,2026-09-26T21:11:03,Siena's Unbinding Stone,74919999,74919999,1,,
3772,2026-09-26T21:34:51,2026-09-26T21:11:03,Chaos Core,703686,56294880,80,,729618
3773,2026-09-26T21:34:59,2026-09-26T21:11:03,Chaos Core,703686,2111058,3,,729618
3774,2026-09-26T21:35:08,2026-09-26T21:11:03,Chaos Core,703687,20406923,29,,729618
3775,2026-09-26T21:35:27,2026-09-26T21:11:03,Chaos Core,703687,59109708,84,,729618
3776,2026-09-26T21:35:46,2026-09-26T21:11:03,Chaos Core,705570,705570,1,,729618
3777,2026-09-26T21:36:10,2026-09-26T21:11:03,Chaos Core,709387,709387,1,,729618
3778,2026-09-26T21:37:22,2026-09-26T21:11:03,Chaos Core,714999,177319752,248,,729616
3779,2026-09-26T21:37:29,2026-09-26T21:11:03,Chaos Core,714999,714999,1,,729616
3780,2026-09-26T21:38:54,2026-09-26T21:11:03,Chaos Core,714999,714999,1,,
3781,2026-09-26T21:40:07,2026-09-26T21:11:03,Chaos Core,714999,714999,1,,
3782,2026-09-26T21:40:43,2026-09-26T21:11:03,Chaos Core,714999,117259836,164,,729613
3783,2026-09-26T21:40:52,2026-09-26T21:11:03,Chaos Core,714999,714999,1,,729613
3784,2026-09-26T21:42:04,2026-09-26T21:11:03,Chaos Core,714999,714999,1,,
3785,2026-09-26T21:43:13,2026-09-26T21:11:03,Chaos Core,714999,176604753,247,,729607
3786,2026-09-26T21:43:24,2026-09-26T21:11:03,Chaos Core,714999,1429998,2,,729607
3787,2026-09-26T21:45:44,2026-09-26T21:11:03,Force Core Set (High) X 84,180169,15134279,84,,190000
3788,2026-09-26T21:45:49,2026-09-26T21:11:03,Force Core Set (High) X 90,180169,16215210,90,,190000
3789,2026-09-26T21:45:53,2026-09-26T21:11:03,Force Core Set (High) X 10,180170,1801700,10,,190000
3790,2026-09-26T21:46:37,2026-09-26T21:11:03,Force Core Set (High) X 10,180170,32430600,180,,189999
3791,2026-09-26T21:47:22,2026-09-26T21:11:03,Force Core Set (High) X 10,180170,32430600,180,,189999
3792,2026-09-26T21:48:01,2026-09-26T21:11:03,Force Core Set (Ultimate) X 30,350316,63057000,180,,399514
3793,2026-09-26T21:48:48,2026-09-26T21:11:03,Force Core Set (Ultimate) X 30,350316,21019000,60,,399513
3794,2026-09-26T21:48:52,2026-09-26T21:11:03,Force Core Set (Ultimate) X 40,350317,14012680,40,,399513
3795,2026-09-26T21:48:57,2026-09-26T21:11:03,Force Core Set (Ultimate) X 100,350317,35031700,100,,399513
3796,2026-09-26T21:49:47,2026-09-26T21:11:03,Chaos Core,713254,713254,1,,
3797,2026-09-26T22:08:17,2026-09-26T21:57:38,Force Core Set (Ultimate) X 44,350317,15413948,44,,399513
3798,2026-09-26T22:08:24,2026-09-26T21:57:38,Force Core Set (Ultimate) X 100,350317,70063400,200,,399513
3799,2026-09-26T22:09:13,2026-09-26T21:57:38,Chaos Core,708102,708102,1,,
3800,2026-09-26T22:15:57,2026-09-26T21:57:38,Force Core Set (Ultimate) X 24,350317,8407608,24,,399510
3801,2026-09-26T22:16:03,2026-09-26T21:57:38,Force Core Set (Ultimate) X 118,350317,41337406,118,,399510
3802,2026-09-26T22:16:08,2026-09-26T21:57:38,Force Core Set (Ultimate) X 154,350317,53948818,154,,399510
3803,2026-09-26T22:24:25,2026-09-26T21:57:38,Chaos Core,708102,708102,1,,
3804,2026-09-26T22:26:34,2026-09-26T21:57:38,Chaos Core,708102,708102,1,,
3805,2026-09-26T22:27:35,2026-09-26T21:57:38,Chaos Core,707476,707476,1,,
3806,2026-09-26T22:28:25,2026-09-26T21:57:38,Chaos Core,707476,707476,1,,
3807,2026-09-26T22:31:42,2026-09-26T21:57:38,Force Core Set (Ultimate) X 214,350317,74967838,214,,399514
3808,2026-09-26T22:32:25,2026-09-26T21:57:38,Force Core Set (Ultimate) X 352,350317,123311584,352,,399513
3809,2026-09-26T22:34:06,2026-09-26T21:57:38,Yekaterina VIP Membership,113333333,113333333,1,,
3810,2026-09-26T22:36:07,2026-09-26T21:57:38,Chaos Core,707476,707476,1,,
3811,2026-09-26T22:37:10,2026-09-26T21:57:38,Chaos Core,707476,707476,1,,
3812,2026-09-26T22:37:57,2026-09-26T21:57:38,Chaos Core,706306,706306,1,,
3813,2026-09-26T22:41:33,2026-09-26T21:57:38,Force Core Set (Ultimate) X 10,350318,3503180,10,,399511
3814,2026-09-26T22:41:39,2026-09-26T21:57:38,Force Core Set (Ultimate) X 33,350318,11560494,33,,399511
3815,2026-09-26T22:41:44,2026-09-26T21:57:38,Force Core Set (Ultimate) X 53,350318,18566854,53,,399511
3816,2026-09-26T22:41:51,2026-09-26T21:57:38,Force Core Set (Ultimate) X 10,355500,31995000,90,,399511
3817,2026-09-26T22:44:36,2026-09-26T21:57:38,Chaos Core,704356,704356,1,,
3818,2026-09-26T22:46:07,2026-09-26T21:57:38,Chaos Core,704356,704356,1,,
3819,2026-09-26T22:49:32,2026-09-26T21:57:38,Force Core Set (Ultimate) X 10,355500,21330000,60,,399513
3820,2026-09-26T22:49:38,2026-09-26T21:57:38,Force Core Set (Ultimate) X 12,355500,4266000,12,,399513
3821,2026-09-26T22:49:43,2026-09-26T21:57:38,Force Core Set (Ultimate) X 44,355500,15642000,44,,399513
3822,2026-09-26T22:49:49,2026-09-26T21:57:38,Force Core Set (Ultimate) X 105,355500,37327500,105,,399513
3823,2026-09-26T22:50:30,2026-09-26T21:57:38,Force Core Set (Ultimate) X 1,355500,355500,1,,399512
3824,2026-09-26T22:50:36,2026-09-26T21:57:38,Force Core Set (Ultimate) X 149,355500,52969500,149,,399512
3825,2026-09-26T22:50:42,2026-09-26T21:57:38,Force Core Set (Ultimate) X 275,355500,97762500,275,,399512
3826,2026-09-26T22:55:02,2026-09-26T21:57:38,Chaos Core,704356,704356,1,,
3827,2026-09-26T22:59:02,2026-09-26T21:57:38,Chaos Core,703215,703215,1,,
3828,2026-09-26T23:01:11,2026-09-26T21:57:38,Chaos Core,703215,703215,1,,
3829,2026-09-26T23:06:23,2026-09-26T21:57:38,Chaos Core,700308,700308,1,,
3830,2026-09-26T23:09:54,2026-09-26T21:57:38,Chaos Core,699038,170565272,244,,729465
3831,2026-09-26T23:10:06,2026-09-26T21:57:38,Chaos Core,699038,1398076,2,,729465
3832,2026-09-26T23:12:05,2026-09-26T21:57:38,Chaos Core,697813,114441332,164,,729465
3833,2026-09-26T23:12:15,2026-09-26T21:57:38,Chaos Core,698368,698368,1,,729465
3834,2026-09-26T23:13:27,2026-09-26T21:57:38,Chaos Core,697813,156310112,224,,729464
3835,2026-09-26T23:13:32,2026-09-26T21:57:38,Chaos Core,697813,697813,1,,729464
3836,2026-09-26T23:14:49,2026-09-26T21:57:38,Chaos Core,697813,30703772,44,,729461
3837,2026-09-26T23:14:57,2026-09-26T21:57:38,Chaos Core,697813,697813,1,,729461
3838,2026-09-26T23:15:39,2026-09-26T21:57:38,Chaos Core,714999,178034751,249,,729461
3839,2026-09-26T23:20:51,2026-09-26T21:57:38,Chaos Core,696000,79344000,114,,729457
3840,2026-09-26T23:21:14,2026-09-26T21:57:38,Chaos Core,714999,714999,1,,729457
3841,2026-09-26T23:21:59,2026-09-26T21:57:38,Chaos Core,715555,55813290,78,,729457
3842,2026-09-26T23:22:42,2026-09-26T21:57:38,Chaos Core,715555,1431110,2,,729457
3843,2026-09-26T23:24:51,2026-09-26T21:57:38,Chaos Core,695317,695317,1,,
3844,2026-09-26T23:29:06,2026-09-26T21:57:38,Force Core Set (High) X 10,180000,32400000,180,,188972
3845,2026-09-26T23:29:59,2026-09-26T21:57:38,Chaos Core,715555,715555,1,,
3846,2026-09-26T23:31:40,2026-09-26T21:57:38,Epic Booster (Highest),47222222,188888888,4,,
3847,2026-09-26T23:33:27,2026-09-26T21:57:38,Chaos Core,715555,715555,1,,
3848,2026-09-26T23:34:29,2026-09-26T21:57:38,Chaos Core,715555,715555,1,,
3849,2026-09-26T23:35:21,2026-09-26T21:57:38,Chaos Core,715555,715555,1,,
3850,2026-09-26T23:37:07,2026-09-26T21:57:38,Chaos Core,713551,20692979,29,,729441
3851,2026-09-26T23:37:13,2026-09-26T21:57:38,Chaos Core,713551,10703265,15,,729441
3852,2026-09-26T23:38:51,2026-09-26T21:57:38,Chaos Core,713551,17838775,25,,729441
3853,2026-09-26T23:40:15,2026-09-26T21:57:38,Force Core Set (Highest) X 10,191052,34389360,180,,199561
3854,2026-09-26T23:41:04,2026-09-26T21:57:38,Chaos Core,720684,720684,1,,
3855,2026-09-26T23:43:16,2026-09-26T21:57:38,Chaos Core,720684,720684,1,,
3856,2026-09-26T23:44:23,2026-09-26T21:57:38,Chaos Core,720684,720684,1,,
3857,2026-09-26T23:45:01,2026-09-26T21:57:38,Chaos Core,720684,28827360,40,,729438
3858,2026-09-26T23:45:07,2026-09-26T21:57:38,Chaos Core,719527,82026078,114,,729438
3859,2026-09-26T23:45:14,2026-09-26T21:57:38,Chaos Core,719527,1439054,2,,729438
3860,2026-09-26T23:46:24,2026-09-26T21:57:38,Chaos Core,719527,719527,1,,
3861,2026-09-26T23:47:36,2026-09-26T21:57:38,Chaos Core,718833,91291791,127,,729433
3862,2026-09-26T23:47:52,2026-09-26T21:57:38,Chaos Core,719527,1439054,2,,729433
3863,2026-09-26T23:51:32,2026-09-26T21:57:38,Force Core Set (Ultimate) X 26,355554,9244404,26,,399749
3864,2026-09-26T23:51:38,2026-09-26T21:57:38,Force Core Set (Ultimate) X 33,355554,11733282,33,,399749
3865,2026-09-26T23:51:44,2026-09-26T21:57:38,Force Core Set (Ultimate) X 370,355554,131554980,370,,399749
3866,2026-09-26T23:53:02,2026-09-26T21:57:38,Chaos Core,718000,718000,1,,
3867,2026-09-26T23:55:31,2026-09-26T21:57:38,Chaos Core,717317,68145115,95,,729428
3868,2026-09-26T23:56:06,2026-09-26T21:57:38,Chaos Core,719527,719527,1,,729428
3869,2026-09-26T23:57:01,2026-09-26T21:57:38,Chaos Core,717317,157092423,219,,729423
3870,2026-09-26T23:58:08,2026-09-26T21:57:38,Chaos Core,716796,36556596,51,,729422
3871,2026-09-26T23:58:15,2026-09-26T21:57:38,Chaos Core,716796,84581928,118,,729422
3872,2026-09-26T23:58:27,2026-09-26T21:57:38,Chaos Core,717317,1434634,2,,729422
3873,2026-09-27T00:04:01,2026-09-26T21:57:38,Force Core Set (Ultimate) X 10,355554,35555400,100,,411098
3874,2026-09-27T00:04:06,2026-09-26T21:57:38,Force Core Set (Ultimate) X 19,355554,6755526,19,,411098
3875,2026-09-27T00:04:12,2026-09-26T21:57:38,Force Core Set (Ultimate) X 70,355554,24888780,70,,411098
3876,2026-09-27T00:07:37,2026-09-26T21:57:38,Chaos Core,716245,716245,1,,
3877,2026-09-27T00:11:55,2026-09-26T21:57:38,Chaos Core,714965,714965,1,,
3878,2026-09-27T00:13:36,2026-09-26T21:57:38,Chaos Core,714391,714391,1,,
3879,2026-09-27T00:14:35,2026-09-26T21:57:38,Chaos Core,713779,713779,1,,
3880,2026-09-27T00:35:05,2026-09-26T21:57:38,Chaos Core,719527,719527,1,,
3881,2026-09-27T00:36:23,2026-09-26T21:57:38,Yekaterina VIP Membership,113666666,113666666,1,,
3882,2026-09-27T00:38:03,2026-09-26T21:57:38,Chaos Core,720684,720684,1,,
3883,2026-09-27T00:38:59,2026-09-26T21:57:38,Chaos Core,720684,720684,1,,
3884,2026-09-27T00:43:41,2026-09-26T21:57:38,Upgrade Core Set (Ultimate) X 1,445101,445101,1,,469743
3885,2026-09-27T00:43:46,2026-09-26T21:57:38,Upgrade Core Set (Ultimate) X 45,445101,20029545,45,,469743
3886,2026-09-27T00:43:52,2026-09-26T21:57:38,Upgrade Core Set (Ultimate) X 62,445101,27596262,62,,469743
3887,2026-09-27T00:43:58,2026-09-26T21:57:38,Upgrade Core Set (Ultimate) X 98,445101,43619898,98,,469743
3888,2026-09-27T00:44:47,2026-09-26T21:57:38,Chaos Core,720684,720684,1,,
3889,2026-09-27T00:46:28,2026-09-26T21:57:38,Chaos Core,720140,720140,1,,
3890,2026-09-27T00:47:17,2026-09-26T21:57:38,Chaos Core,720140,720140,1,,
3891,2026-09-27T00:48:06,2026-09-26T21:57:38,Chaos Core,720140,720140,1,,
3892,2026-09-27T01:14:03,2026-09-27T00:51:54,Chaos Core,720684,720684,1,,
3893,2026-09-27T01:18:30,2026-09-27T00:51:54,Force Core Set (Highest) X 84,191051,16048284,84,,199484
3894,2026-09-27T01:18:35,2026-09-27T00:51:54,Force Core Set (Highest) X 88,191051,16812488,88,,199484
3895,2026-09-27T01:18:41,2026-09-27T00:51:54,Force Core Set (Highest) X 89,191051,17003539,89,,199484
3896,2026-09-27T01:20:00,2026-09-27T00:51:54,Chaos Core,720000,720000,1,,
3897,2026-09-27T01:21:52,2026-09-27T00:51:54,Chaos Core,720000,720000,1,,
3898,2026-09-27T01:22:36,2026-09-27T00:51:54,Chaos Core,710000,134900000,190,,724970
3899,2026-09-27T01:22:48,2026-09-27T00:51:54,Chaos Core,720000,1440000,2,,724970
3900,2026-09-27T01:23:51,2026-09-27T00:51:54,Chaos Core,710000,9230000,13,,724969
3901,2026-09-27T01:24:17,2026-09-27T00:51:54,Chaos Core,720000,3600000,5,,724969
3902,2026-09-27T01:25:17,2026-09-27T00:51:54,Chaos Core,720000,720000,1,,
3903,2026-09-27T01:26:07,2026-09-27T00:51:54,Chaos Core,720000,720000,1,,
3904,2026-09-27T01:30:36,2026-09-27T00:51:54,Force Core Set (Highest) X 4,180000,720000,4,,199480
3905,2026-09-27T01:30:43,2026-09-27T00:51:54,Force Core Set (Highest) X 10,180000,32400000,180,,199480
3906,2026-09-27T01:31:26,2026-09-27T00:51:54,Force Core Set (Highest) X 10,180000,32400000,180,,199479
3907,2026-09-27T01:32:17,2026-09-27T00:51:54,Chaos Core,720000,720000,1,,
3908,2026-09-27T01:34:00,2026-09-27T00:51:54,Epic Booster (Highest),47361111,189444444,4,,
3909,2026-09-27T01:35:28,2026-09-27T00:51:54,Chaos Core,720000,720000,1,,
3910,2026-09-27T01:36:23,2026-09-27T00:51:54,Chaos Core,720000,720000,1,,
3911,2026-09-27T01:37:16,2026-09-27T00:51:54,Chaos Core,720000,720000,1,,
3912,2026-09-27T01:55:19,2026-09-27T00:51:54,Chaos Core,715133,715133,1,,
3913,2026-09-27T01:56:39,2026-09-27T00:51:54,Yekaterina VIP Membership,113999999,113999999,1,,
3914,2026-09-27T01:58:16,2026-09-27T00:51:54,Chaos Core,715133,715133,1,,
3915,2026-09-27T01:59:09,2026-09-27T00:51:54,Chaos Core,715133,715133,1,,
3916,2026-09-27T02:00:03,2026-09-27T00:51:54,Chaos Core,715133,715133,1,,
3917,2026-09-27T02:03:19,2026-09-27T00:51:54,Chaos Core,712677,19242279,27,,724912
3918,2026-09-27T02:03:26,2026-09-27T00:51:54,Chaos Core,712677,68416992,96,,724912
3919,2026-09-27T02:03:39,2026-09-27T00:51:54,Chaos Core,712677,151800201,213,,724912
3920,2026-09-27T02:08:55,2026-09-27T00:51:54,Chaos Core,715133,715133,1,,
3921,2026-09-27T02:09:57,2026-09-27T00:51:54,Chaos Core,715133,715133,1,,
3922,2026-09-27T02:10:59,2026-09-27T00:51:54,Chaos Core,715133,715133,1,,
3923,2026-09-27T02:14:42,2026-09-27T00:51:54,Chaos Core,715133,1430266,2,,724892
3924,2026-09-27T02:14:51,2026-09-27T00:51:54,Chaos Core,715133,11442128,16,,724892
3925,2026-09-27T02:15:02,2026-09-27T00:51:54,Chaos Core,715133,24314522,34,,724892
3926,2026-09-27T02:15:14,2026-09-27T00:51:54,Chaos Core,715133,19308591,27,,724892
3927,2026-09-27T02:15:28,2026-09-27T00:51:54,Chaos Core,717643,2870572,4,,724892
3928,2026-09-27T02:18:26,2026-09-27T00:51:54,Chaos Core,720684,720684,1,,
3929,2026-09-27T02:20:14,2026-09-27T00:51:54,Chaos Core,720099,720099,1,,
3930,2026-09-27T02:21:10,2026-09-27T00:51:54,Chaos Core,720684,720684,1,,
3931,2026-09-27T02:25:47,2026-09-27T00:51:54,Chaos Core,720684,720684,1,,
3932,2026-09-27T02:26:53,2026-09-27T00:51:54,Chaos Core,720684,720684,1,,
3933,2026-09-27T02:28:41,2026-09-27T00:51:54,Chaos Core,719423,719423,1,,
3934,2026-09-27T02:29:34,2026-09-27T00:51:54,Chaos Core,719423,719423,1,,
3935,2026-09-27T02:34:44,2026-09-27T00:51:54,Yekaterina VIP Membership,113666666,113666666,1,,
3936,2026-09-27T02:36:21,2026-09-27T00:51:54,Chaos Core,719423,719423,1,,
3937,2026-09-27T02:37:14,2026-09-27T00:51:54,Chaos Core,719423,719423,1,,
3938,2026-09-27T02:39:31,2026-09-27T00:51:54,Chaos Core,718113,14362260,20,,724870
3939,2026-09-27T02:39:52,2026-09-27T00:51:54,Chaos Core,718813,7188130,10,,724870
3940,2026-09-27T02:40:01,2026-09-27T00:51:54,Chaos Core,718113,7181130,10,,724870
3941,2026-09-27T02:40:28,2026-09-27T00:51:54,Chaos Core,719423,12230191,17,,724870
3942,2026-09-27T02:42:44,2026-09-27T00:51:54,Force Core Set (High) X 1,179999,7379959,41,,188809
3943,2026-09-27T02:42:50,2026-09-27T00:51:54,Force Core Set (High) X 69,179999,12419931,69,,188809
3944,2026-09-27T02:42:56,2026-09-27T00:51:54,Force Core Set (High) X 2,180000,360000,2,,188809
3945,2026-09-27T02:43:02,2026-09-27T00:51:54,Force Core Set (High) X 62,180000,11160000,62,,188809
3946,2026-09-27T02:43:08,2026-09-27T00:51:54,Force Core Set (High) X 69,180000,12420000,69,,188809
3947,2026-09-27T02:44:17,2026-09-27T00:51:54,Chaos Core,720684,720684,1,,
3948,2026-09-27T02:46:09,2026-09-27T00:51:54,Chaos Core,717612,717612,1,,
3949,2026-09-27T02:47:18,2026-09-27T00:51:54,Chaos Core,720684,720684,1,,
3950,2026-09-27T02:50:44,2026-09-27T00:51:54,Chaos Core,716504,24361136,34,,724917
3951,2026-09-27T02:50:54,2026-09-27T00:51:54,Chaos Core,716504,74516416,104,,724917
3952,2026-09-27T02:53:19,2026-09-27T00:51:54,Chaos Core,720684,720684,1,,
3953,2026-09-27T02:56:57,2026-09-27T00:51:54,Epic Booster (Highest),47361111,189444444,4,,
3954,2026-09-27T03:02:06,2026-09-27T00:51:54,Chaos Core,720684,720684,1,,
3955,2026-09-27T03:04:46,2026-09-27T00:51:54,Chaos Core,713489,177658761,249,,724916
3956,2026-09-27T03:17:40,2026-09-27T00:51:54,Chaos Core,720684,720684,1,,
3957,2026-09-27T03:19:54,2026-09-27T00:51:54,Chaos Core,725000,725000,1,,
3958,2026-09-27T03:21:49,2026-09-27T00:51:54,Chaos Core,725000,725000,1,,
3959,2026-09-27T03:22:38,2026-09-27T00:51:54,Chaos Core,725000,725000,1,,
3960,2026-09-27T03:25:06,2026-09-27T00:51:54,Chaos Core,725000,725000,1,,
3961,2026-09-27T03:26:28,2026-09-27T00:51:54,Force Core Set (High) X 15,180000,2700000,15,,188747
3962,2026-09-27T03:26:34,2026-09-27T00:51:54,Force Core Set (High) X 64,180000,11520000,64,,188747
3963,2026-09-27T03:26:39,2026-09-27T00:51:54,Force Core Set (High) X 183,180000,32940000,183,,188747
3964,2026-09-27T03:35:04,2026-09-27T00:51:54,Chaos Core,725000,725000,1,,
3965,2026-09-27T03:37:58,2026-09-27T00:51:54,Chaos Core,724444,724444,1,,
3966,2026-09-27T03:40:54,2026-09-27T00:51:54,Chaos Core,723781,723781,1,,
3967,2026-09-27T03:43:25,2026-09-27T00:51:54,Chaos Core,724444,724444,1,,
3968,2026-09-27T03:48:56,2026-09-27T03:45:41,Chaos Core,724000,724000,1,,
3969,2026-09-27T03:51:36,2026-09-27T03:45:41,Chaos Core,725000,725000,1,,
3970,2026-09-27T03:52:19,2026-09-27T03:45:41,Chaos Core,724420,158647980,219,,729452
3971,2026-09-27T03:53:37,2026-09-27T03:45:41,Chaos Core,725000,725000,1,,
3972,2026-09-27T03:54:12,2026-09-27T03:45:41,Chaos Core,725000,725000,1,,
3973,2026-09-27T03:56:00,2026-09-27T03:45:41,Chaos Core,720000,33840000,47,,729451
3974,2026-09-27T03:56:11,2026-09-27T03:45:41,Chaos Core,720000,81360000,113,,729451
3975,2026-09-27T03:56:27,2026-09-27T03:45:41,Chaos Core,725000,1450000,2,,729451
3976,2026-09-27T03:57:45,2026-09-27T03:45:41,Upgrade Core Set (Ultimate) X 5,446941,2234705,5,,469538
3977,2026-09-27T03:59:38,2026-09-27T03:45:41,Yekaterina VIP Membership,116669666,116669666,1,,
3978,2026-09-27T04:01:37,2026-09-27T03:45:41,Chaos Core,725000,725000,1,,
3979,2026-09-27T04:03:07,2026-09-27T03:45:41,Chaos Core,725000,725000,1,,
3980,2026-09-27T04:05:25,2026-09-27T03:45:41,Chaos Core,725000,725000,1,,
3981,2026-09-27T04:06:34,2026-09-27T03:45:41,Chaos Core,724300,5070100,7,,729442
3982,2026-09-27T04:06:51,2026-09-27T03:45:41,Chaos Core,725000,2900000,4,,729442
3983,2026-09-27T04:07:03,2026-09-27T03:45:41,Chaos Core,729999,5109993,7,,729442
3984,2026-09-27T04:09:06,2026-09-27T03:45:41,Chaos Core,710000,14200000,20,,729434
3985,2026-09-27T04:09:17,2026-09-27T03:45:41,Chaos Core,729999,729999,1,,729434
3986,2026-09-27T04:11:12,2026-09-27T03:45:41,Upgrade Core Set (Ultimate) X 50,446940,22347049,50,,459000
3987,2026-09-27T04:11:52,2026-09-27T03:45:41,Force Core Set (Ultimate) X 1,353111,2824888,8,,410859
3988,2026-09-27T04:11:56,2026-09-27T03:45:41,Force Core Set (Ultimate) X 30,353111,10593330,30,,410859
3989,2026-09-27T04:12:01,2026-09-27T03:45:41,Force Core Set (Ultimate) X 33,353111,11652663,33,,410859
3990,2026-09-27T04:12:06,2026-09-27T03:45:41,Force Core Set (Ultimate) X 45,353111,15890000,45,,410859
3991,2026-09-27T04:12:12,2026-09-27T03:45:41,Force Core Set (Ultimate) X 27,353333,9539991,27,,410859
3992,2026-09-27T04:14:14,2026-09-27T03:45:41,Chaos Core,729999,729999,1,,
3993,2026-09-27T04:15:01,2026-09-27T03:45:41,Chaos Core,729999,729999,1,,
3994,2026-09-27T04:15:41,2026-09-27T03:45:41,Chaos Core,729999,729999,1,,
3995,2026-09-27T04:17:29,2026-09-27T03:45:41,Chaos Core,729999,729999,1,,
3996,2026-09-27T04:23:23,2026-09-27T03:45:41,Chaos Core,735000,735000,1,,
3997,2026-09-27T04:24:09,2026-09-27T03:45:41,Chaos Core,734412,734412,1,,
3998,2026-09-27T04:27:05,2026-09-27T03:45:41,Chaos Core,733844,733844,1,,
3999,2026-09-27T04:27:49,2026-09-27T03:45:41,Chaos Core,733199,733199,1,,
4000,2026-09-27T04:30:40,2026-09-27T03:45:41,Chaos Core,735000,735000,1,,
4001,2026-09-27T04:33:19,2026-09-27T03:45:41,Chaos Core,735000,735000,1,,
4002,2026-09-27T04:34:02,2026-09-27T03:45:41,Chaos Core,734373,734373,1,,
4003,2026-09-27T04:34:42,2026-09-27T03:45:41,Chaos Core,735000,735000,1,,
4004,2026-09-27T04:38:55,2026-09-27T03:45:41,Chaos Core,733600,733600,1,,
4005,2026-09-27T04:41:48,2026-09-27T03:45:41,Chaos Core,733600,733600,1,,
4006,2026-09-27T04:44:47,2026-09-27T03:45:41,Upgrade Core Set (Ultimate) X 22,446940,9832680,22,,458966
4007,2026-09-27T04:44:52,2026-09-27T03:45:41,Upgrade Core Set (Ultimate) X 240,446940,107265600,240,,458966
4008,2026-09-27T04:47:09,2026-09-27T03:45:41,Chaos Core,727675,727675,1,,
4009,2026-09-27T04:47:55,2026-09-27T03:45:41,Chaos Core,727675,727675,1,,
4010,2026-09-27T04:48:28,2026-09-27T03:45:41,Chaos Core,727675,727675,1,,
4011,2026-09-27T04:50:24,2026-09-27T03:45:41,Chaos Core,727675,727675,1,,
4012,2026-09-27T05:00:55,2026-09-27T03:45:41,Chaos Core,725287,725287,1,,
4013,2026-09-27T05:03:24,2026-09-27T03:45:41,Chaos Core,724010,724010,1,,
4014,2026-09-27T05:04:10,2026-09-27T03:45:41,Chaos Core,725287,725287,1,,
4015,2026-09-27T05:08:54,2026-09-27T03:45:41,Upgrade Core Set (Ultimate) X 37,446940,16536780,37,,458945
4016,2026-09-27T05:08:59,2026-09-27T03:45:41,Upgrade Core Set (Ultimate) X 415,446940,185480100,415,,458945
4017,2026-09-27T05:10:58,2026-09-27T03:45:41,Chaos Core,714999,714999,1,,
4018,2026-09-27T05:11:38,2026-09-27T03:45:41,Chaos Core,714999,178034751,249,,729500
4019,2026-09-27T05:13:18,2026-09-27T03:45:41,Chaos Core,735000,735000,1,,
4020,2026-09-27T05:13:50,2026-09-27T03:45:41,Chaos Core,735000,735000,1,,
4021,2026-09-27T05:15:41,2026-09-27T03:45:41,Chaos Core,735000,735000,1,,
4022,2026-09-27T05:19:45,2026-09-27T03:45:41,Chaos Core,735000,735000,1,,
4023,2026-09-27T05:23:22,2026-09-27T03:45:41,Chaos Core,723513,69457248,96,,729782
4024,2026-09-27T05:26:46,2026-09-27T03:45:41,Chaos Core,723513,33281598,46,,729780
4025,2026-09-27T05:26:55,2026-09-27T03:45:41,Chaos Core,723513,82480482,114,,729780
4026,2026-09-27T05:27:01,2026-09-27T03:45:41,Chaos Core,723513,1447026,2,,729780
4027,2026-09-27T05:28:19,2026-09-27T03:45:41,Force Core Set (Highest) X 2,188000,376000,2,,199178
4028,2026-09-27T05:28:24,2026-09-27T03:45:41,Force Core Set (Highest) X 11,188000,2068000,11,,199178
4029,2026-09-27T05:28:29,2026-09-27T03:45:41,Force Core Set (Highest) X 14,188000,2632000,14,,199178
4030,2026-09-27T05:28:33,2026-09-27T03:45:41,Force Core Set (Highest) X 43,188000,8084000,43,,199178
4031,2026-09-27T05:28:39,2026-09-27T03:45:41,Force Core Set (Highest) X 53,188000,9964000,53,,199178
4032,2026-09-27T05:30:20,2026-09-27T03:45:41,Chaos Core,723513,22428903,31,,729776
4033,2026-09-27T05:30:27,2026-09-27T03:45:41,Chaos Core,723513,723513,1,,729776
4034,2026-09-27T05:30:38,2026-09-27T03:45:41,Chaos Core,723513,70180761,97,,729776
4035,2026-09-27T05:37:26,2026-09-27T03:45:41,Chaos Core,721077,23074464,32,,729775
4036,2026-09-27T05:37:34,2026-09-27T03:45:41,Chaos Core,721077,721077,1,,729775
4037,2026-09-27T05:39:22,2026-09-27T03:45:41,Chaos Core,735000,735000,1,,
4038,2026-09-27T05:40:16,2026-09-27T03:45:41,Chaos Core,735000,735000,1,,
4039,2026-09-27T05:40:52,2026-09-27T03:45:41,Chaos Core,735000,735000,1,,
4040,2026-09-27T05:42:37,2026-09-27T03:45:41,Chaos Core,735000,735000,1,,
4041,2026-09-27T05:45:37,2026-09-27T03:45:41,Chaos Core,718779,143037021,199,,729772
4042,2026-09-27T05:45:59,2026-09-27T03:45:41,Chaos Core,730000,1460000,2,,729772
4043,2026-09-27T05:49:37,2026-09-27T03:45:41,Force Core Set (High) X 72,177500,12780000,72,,187961
4044,2026-09-27T05:49:42,2026-09-27T03:45:41,Force Core Set (High) X 48,179230,8603040,48,,187961
4045,2026-09-27T05:50:26,2026-09-27T03:45:41,Force Core Set (High) X 500,179230,89615000,500,,187959
4046,2026-09-27T05:52:24,2026-09-27T03:45:41,Chaos Core,735000,735000,1,,
4047,2026-09-27T05:53:15,2026-09-27T03:45:41,Chaos Core,735000,735000,1,,
4048,2026-09-27T05:53:48,2026-09-27T03:45:41,Chaos Core,735000,735000,1,,
4049,2026-09-27T05:55:24,2026-09-27T03:45:41,Chaos Core,733052,733052,1,,
4050,2026-09-27T06:21:53,2026-09-27T06:18:14,Chaos Core,719996,56879684,79,,729774
4051,2026-09-27T06:22:25,2026-09-27T06:18:14,Chaos Core,740000,1480000,2,,729774
4052,2026-09-27T06:23:16,2026-09-27T06:18:14,Chaos Core,719996,33839812,47,,729773
4053,2026-09-27T06:23:25,2026-09-27T06:18:14,Chaos Core,719996,66959628,93,,729773
4054,2026-09-27T06:24:05,2026-09-27T06:18:14,Chaos Core,740000,740000,1,,729773
4055,2026-09-27T06:39:34,2026-09-27T06:18:14,Chaos Core,700000,141400000,202,,729774
4056,2026-09-27T06:39:43,2026-09-27T06:18:14,Chaos Core,739481,1478962,2,,729774
4057,2026-09-27T06:42:10,2026-09-27T06:18:14,Epic Booster (Highest),47500000,190000000,4,,
4058,2026-09-27T06:42:59,2026-09-27T06:18:14,Chaos Core,739481,739481,1,,
4059,2026-09-27T06:43:50,2026-09-27T06:18:14,Chaos Core,739481,739481,1,,
4060,2026-09-27T06:44:25,2026-09-27T06:18:14,Chaos Core,739481,739481,1,,
4061,2026-09-27T07:02:26,2026-09-27T06:18:14,Chaos Core,720684,176567580,245,,729773
4062,2026-09-27T07:02:30,2026-09-27T06:18:14,Chaos Core,720122,720122,1,,729773
4063,2026-09-27T07:03:49,2026-09-27T06:18:14,Chaos Core,720122,178590256,248,,729772
4064,2026-09-27T07:03:54,2026-09-27T06:18:14,Chaos Core,720122,720122,1,,729772
4065,2026-09-27T07:07:43,2026-09-27T06:18:14,Chaos Core,720122,49688418,69,,729769
4066,2026-09-27T07:07:57,2026-09-27T06:18:14,Chaos Core,720122,179310378,249,,729769
4067,2026-09-27T07:16:51,2026-09-27T06:18:14,Yekaterina VIP Membership,114000000,114000000,1,,
4068,2026-09-27T07:17:53,2026-09-27T06:18:14,Chaos Core,720000,720000,1,,
4069,2026-09-27T07:18:42,2026-09-27T06:18:14,Chaos Core,719440,719440,1,,
4070,2026-09-27T07:19:13,2026-09-27T06:18:14,Chaos Core,718878,718878,1,,
4071,2026-09-27T07:20:34,2026-09-27T06:18:14,Chaos Core,718878,718878,1,,
4072,2026-09-27T07:26:24,2026-09-27T06:18:14,Chaos Core,718878,718878,1,,
4073,2026-09-27T07:27:38,2026-09-27T06:18:14,Chaos Core,718878,718878,1,,
4074,2026-09-27T07:32:33,2026-09-27T06:18:14,Chaos Core,720000,720000,1,,
4075,2026-09-27T07:33:23,2026-09-27T06:18:14,Chaos Core,720000,720000,1,,
4076,2026-09-27T07:33:57,2026-09-27T06:18:14,Chaos Core,720000,720000,1,,
4077,2026-09-27T07:35:17,2026-09-27T06:18:14,Chaos Core,720000,720000,1,,
4078,2026-09-27T07:48:08,2026-09-27T06:18:14,Chaos Core,713280,713280,1,,
4079,2026-09-27T07:59:02,2026-09-27T06:18:14,Chaos Core,714324,714324,1,,
4080,2026-09-27T07:59:51,2026-09-27T06:18:14,Chaos Core,713702,713702,1,,
4081,2026-09-27T08:00:22,2026-09-27T06:18:14,Chaos Core,713702,713702,1,,
4082,2026-09-27T08:01:39,2026-09-27T06:18:14,Chaos Core,713100,713100,1,,
4083,2026-09-27T08:02:24,2026-09-27T06:18:14,Chaos Core,713100,24245400,34,,720122
4084,2026-09-27T08:02:37,2026-09-27T06:18:14,Chaos Core,713702,27834378,39,,720122
4085,2026-09-27T08:02:52,2026-09-27T06:18:14,Chaos Core,713702,16415146,23,,720122
4086,2026-09-27T08:03:10,2026-09-27T06:18:14,Chaos Core,714324,2142972,3,,720122
4087,2026-09-27T08:03:16,2026-09-27T06:18:14,Chaos Core,711948,54108048,76,,720122
4088,2026-09-27T08:03:24,2026-09-27T06:18:14,Chaos Core,711948,1423896,2,,720122
4089,2026-09-27T08:07:02,2026-09-27T06:18:14,Chaos Core,711948,79738176,112,,720122
4090,2026-09-27T08:07:23,2026-09-27T06:18:14,Chaos Core,715000,715000,1,,720122
4091,2026-09-27T08:07:46,2026-09-27T06:18:14,Chaos Core,715000,142285000,199,,720122
4092,2026-09-27T08:15:39,2026-09-27T06:18:14,Chaos Core,709534,80886876,114,,720121
4093,2026-09-27T08:16:39,2026-09-27T06:18:14,Chaos Core,709534,2128602,3,,720121
4094,2026-09-27T08:16:46,2026-09-27T06:18:14,Chaos Core,709534,144744936,204,,720121
4095,2026-09-27T08:18:07,2026-09-27T06:18:14,Chaos Core,709534,12771612,18,,720121
4096,2026-09-27T08:19:21,2026-09-27T06:18:14,Chaos Core,709534,109268236,154,,720118
4097,2026-09-27T08:19:30,2026-09-27T06:18:14,Chaos Core,709534,1419068,2,,720118
4098,2026-09-27T08:20:33,2026-09-27T06:18:14,Chaos Core,709534,99334760,140,,720117
4099,2026-09-27T08:20:39,2026-09-27T06:18:14,Chaos Core,709534,42572040,60,,720117
4100,2026-09-27T08:20:43,2026-09-27T06:18:14,Chaos Core,709534,709534,1,,720117
4101,2026-09-27T08:21:47,2026-09-27T06:18:14,Force Core Set (Highest) X 10,185711,20428210,110,,197946
4102,2026-09-27T08:21:52,2026-09-27T06:18:14,Force Core Set (Highest) X 17,185711,3157087,17,,197946
4103,2026-09-27T08:21:57,2026-09-27T06:18:14,Force Core Set (Highest) X 24,185711,4457064,24,,197946
4104,2026-09-27T08:22:02,2026-09-27T06:18:14,Force Core Set (Highest) X 33,185711,6128463,33,,197946
4105,2026-09-27T08:28:01,2026-09-27T06:18:14,Chaos Core,707644,53780944,76,,720121
4106,2026-09-27T08:28:10,2026-09-27T06:18:14,Chaos Core,707644,4953508,7,,720121
4107,2026-09-27T08:28:18,2026-09-27T06:18:14,Chaos Core,707644,31843980,45,,720121
4108,2026-09-27T08:28:40,2026-09-27T06:18:14,Chaos Core,709534,709534,1,,720121
4109,2026-09-27T08:31:01,2026-09-27T06:18:14,Chaos Core,709534,709534,1,,720120
4110,2026-09-27T08:31:07,2026-09-27T06:18:14,Chaos Core,707644,5661152,8,,720120
4111,2026-09-27T08:31:28,2026-09-27T06:18:14,Chaos Core,709534,709534,1,,720120
4112,2026-09-27T08:32:31,2026-09-27T06:18:14,Chaos Core,711948,711948,1,,720120
4113,2026-09-27T08:32:53,2026-09-27T06:18:14,Chaos Core,713100,713100,1,,720120
4114,2026-09-27T08:33:23,2026-09-27T06:18:14,Chaos Core,716000,4296000,6,,720120
4115,2026-09-27T08:36:16,2026-09-27T06:18:14,Chaos Core,717671,717671,1,,
4116,2026-09-27T08:36:54,2026-09-27T06:18:14,Chaos Core,717671,717671,1,,
4117,2026-09-27T08:37:26,2026-09-27T06:18:14,Chaos Core,717127,717127,1,,
4118,2026-09-27T08:38:48,2026-09-27T06:18:14,Chaos Core,717127,717127,1,,
4119,2026-09-27T08:48:54,2026-09-27T06:18:14,Chaos Core,713499,30680457,43,,720095
4120,2026-09-27T08:49:50,2026-09-27T06:18:14,Chaos Core,713499,18550974,26,,720095
4121,2026-09-27T08:50:00,2026-09-27T06:18:14,Chaos Core,713499,28539960,40,,720095
4122,2026-09-27T08:50:26,2026-09-27T06:18:14,Chaos Core,715310,1430620,2,,720095
4123,2026-09-27T08:52:29,2026-09-27T06:18:14,Chaos Core,715000,715000,1,,
4124,2026-09-27T08:53:15,2026-09-27T06:18:14,Chaos Core,715000,715000,1,,
4125,2026-09-27T08:54:01,2026-09-27T06:18:14,Chaos Core,715000,715000,1,,
4126,2026-09-27T08:55:16,2026-09-27T06:18:14,Chaos Core,712304,712304,1,,
4127,2026-09-27T09:01:52,2026-09-27T06:18:14,Chaos Core,704444,80306616,114,,720089
4128,2026-09-27T09:02:03,2026-09-27T06:18:14,Chaos Core,709302,134058078,189,,720089
4129,2026-09-27T09:03:19,2026-09-27T06:18:14,Chaos Core,702000,6318000,9,,720088
4130,2026-09-27T09:04:04,2026-09-27T06:18:14,Chaos Core,711051,6399459,9,,720088
4131,2026-09-27T09:07:38,2026-09-27T06:18:14,Chaos Core,709302,93627864,132,,720087
4132,2026-09-27T09:07:44,2026-09-27T06:18:14,Chaos Core,709302,7093020,10,,720087
4133,2026-09-27T09:08:13,2026-09-27T06:18:14,Chaos Core,711051,1422102,2,,720087
4134,2026-09-27T09:10:10,2026-09-27T06:18:14,Upgrade Core Set (Ultimate) X 1,428571,8142849,19,,458725
4135,2026-09-27T09:10:15,2026-09-27T06:18:14,Upgrade Core Set (Ultimate) X 14,428571,6000000,14,,458725
4136,2026-09-27T09:10:28,2026-09-27T06:18:14,Upgrade Core Set (Ultimate) X 45,428571,19285695,45,,458725
4137,2026-09-27T09:10:33,2026-09-27T06:18:14,Upgrade Core Set (Ultimate) X 46,428571,19714266,46,,458725
4138,2026-09-27T09:10:38,2026-09-27T06:18:14,Upgrade Core Set (Ultimate) X 47,428571,20142837,47,,458725
4139,2026-09-27T09:11:22,2026-09-27T06:18:14,Upgrade Core Set (Ultimate) X 55,445098,24480390,55,,458724
4140,2026-09-27T09:12:00,2026-09-27T06:18:14,Force Core Set (Ultimate) X 3,355500,1066500,3,,395826
4141,2026-09-27T09:12:05,2026-09-27T06:18:14,Force Core Set (Ultimate) X 3,355500,1066500,3,,395826
4142,2026-09-27T09:12:11,2026-09-27T06:18:14,Force Core Set (Ultimate) X 5,355500,62212500,175,,395826
4143,2026-09-27T09:12:52,2026-09-27T06:18:14,Force Core Set (Ultimate) X 5,355500,10665000,30,,395825
4144,2026-09-27T09:12:57,2026-09-27T06:18:14,Force Core Set (Ultimate) X 10,355500,17775000,50,,395825
4145,2026-09-27T09:13:03,2026-09-27T06:18:14,Force Core Set (Ultimate) X 10,355500,21330000,60,,395825
4146,2026-09-27T09:13:08,2026-09-27T06:18:14,Force Core Set (Ultimate) X 13,355500,4621500,13,,395825
4147,2026-09-27T09:13:13,2026-09-27T06:18:14,Force Core Set (Ultimate) X 16,355500,5688000,16,,395825
4148,2026-09-27T09:14:42,2026-09-27T06:18:14,Chaos Core,715000,715000,1,,
4149,2026-09-27T09:15:26,2026-09-27T06:18:14,Chaos Core,715000,715000,1,,
4150,2026-09-27T09:15:57,2026-09-27T06:18:14,Chaos Core,715000,715000,1,,
4151,2026-09-27T09:16:52,2026-09-27T06:18:14,Chaos Core,715000,715000,1,,
4152,2026-09-27T09:20:54,2026-09-27T06:18:14,Force Core Set (Ultimate) X 5,355553,1777765,5,,395824
4153,2026-09-27T09:20:59,2026-09-27T06:18:14,Force Core Set (Ultimate) X 9,355553,3199977,9,,395824
4154,2026-09-27T09:21:03,2026-09-27T06:18:14,Force Core Set (Ultimate) X 22,355553,7822166,22,,395824
4155,2026-09-27T09:21:08,2026-09-27T06:18:14,Force Core Set (Ultimate) X 23,355553,8177719,23,,395824
4156,2026-09-27T09:21:13,2026-09-27T06:18:14,Force Core Set (Ultimate) X 35,355553,12444355,35,,395824
4157,2026-09-27T09:21:53,2026-09-27T06:18:14,Force Core Set (Ultimate) X 46,355553,16355438,46,,395823
4158,2026-09-27T09:21:58,2026-09-27T06:18:14,Force Core Set (Ultimate) X 85,355553,30222005,85,,395823
4159,2026-09-27T09:22:03,2026-09-27T06:18:14,Force Core Set (Ultimate) X 86,355553,30577558,86,,395823
4160,2026-09-27T09:24:35,2026-09-27T06:18:14,Epic Booster (Highest),47500000,190000000,4,,
4161,2026-09-27T09:26:10,2026-09-27T06:18:14,Chaos Core,717671,717671,1,,
4162,2026-09-27T09:26:44,2026-09-27T06:18:14,Chaos Core,717671,717671,1,,
4163,2026-09-27T09:39:36,2026-09-27T09:36:11,Chaos Core,717671,717671,1,,
4164,2026-09-27T09:40:13,2026-09-27T09:36:11,Chaos Core,713711,68516256,96,,720087
4165,2026-09-27T09:42:19,2026-09-27T09:36:11,Chaos Core,720000,720000,1,,
4166,2026-09-27T09:42:57,2026-09-27T09:36:11,Chaos Core,720000,720000,1,,
4167,2026-09-27T09:43:31,2026-09-27T09:36:11,Chaos Core,720000,720000,1,,
4168,2026-09-27T09:44:18,2026-09-27T09:36:11,Chaos Core,720000,720000,1,,
4169,2026-09-27T09:49:20,2026-09-27T09:36:11,Chaos Core,720000,720000,1,,
4170,2026-09-27T09:50:04,2026-09-27T09:36:11,Chaos Core,720000,720000,1,,
4171,2026-09-27T09:54:14,2026-09-27T09:36:11,Chaos Core,719492,719492,1,,
4172,2026-09-27T09:54:51,2026-09-27T09:36:11,Chaos Core,719492,719492,1,,
4173,2026-09-27T09:56:12,2026-09-27T09:36:11,Chaos Core,718331,718331,1,,
4174,2026-09-27T09:56:43,2026-09-27T09:36:11,Force Core Set (Highest) X 18,191339,3444102,18,,197934
4175,2026-09-27T09:56:48,2026-09-27T09:36:11,Force Core Set (Highest) X 313,191339,59889107,313,,197934
4176,2026-09-27T10:00:51,2026-09-27T09:36:11,Chaos Core,717795,717795,1,,
4177,2026-09-27T10:01:20,2026-09-27T09:36:11,Chaos Core,717795,27994005,39,,729773
4178,2026-09-27T10:01:31,2026-09-27T09:36:11,Chaos Core,717795,142841205,199,,729773
4179,2026-09-27T10:01:55,2026-09-27T09:36:11,Chaos Core,719492,1438984,2,,729773
4180,2026-09-27T10:03:08,2026-09-27T09:36:11,Chaos Core,719492,9353396,13,,732284
4181,2026-09-27T10:03:17,2026-09-27T09:36:11,Chaos Core,720000,20880000,29,,732284
4182,2026-09-27T10:03:23,2026-09-27T09:36:11,Chaos Core,718331,68959776,96,,732284
4183,2026-09-27T10:03:37,2026-09-27T09:36:11,Chaos Core,720000,142560000,198,,732284
4184,2026-09-27T10:05:00,2026-09-27T09:36:11,Chaos Core,720000,36720000,51,,732284
4185,2026-09-27T10:05:07,2026-09-27T09:36:11,Chaos Core,718331,147976186,206,,732284
4186,2026-09-27T10:05:20,2026-09-27T09:36:11,Chaos Core,720000,720000,1,,732284
4187,2026-09-27T10:06:35,2026-09-27T09:36:11,Chaos Core,720000,18720000,26,,732283
4188,2026-09-27T10:06:48,2026-09-27T09:36:11,Chaos Core,720000,37440000,52,,732283
4189,2026-09-27T10:07:03,2026-09-27T09:36:11,Chaos Core,720000,68400000,95,,732283
4190,2026-09-27T10:07:19,2026-09-27T09:36:11,Chaos Core,720000,720000,1,,732283
4191,2026-09-27T10:08:20,2026-09-27T09:36:11,Chaos Core,720000,28800000,40,,732287
4192,2026-09-27T10:08:37,2026-09-27T09:36:11,Chaos Core,720000,38160000,53,,732287
4193,2026-09-27T10:09:03,2026-09-27T09:36:11,Chaos Core,720122,10081708,14,,732287
4194,2026-09-27T10:09:09,2026-09-27T09:36:11,Chaos Core,720000,59040000,82,,732287
4195,2026-09-27T10:10:10,2026-09-27T09:36:11,Chaos Core,720000,28080000,39,,732286
4196,2026-09-27T10:10:41,2026-09-27T09:36:11,Chaos Core,720122,720122,1,,732286
4197,2026-09-27T10:10:47,2026-09-27T09:36:11,Chaos Core,720000,16560000,23,,732286
4198,2026-09-27T10:11:45,2026-09-27T09:36:11,Chaos Core,720000,74880000,104,,732286
4199,2026-09-27T10:12:07,2026-09-27T09:36:11,Chaos Core,720122,720122,1,,732286
4200,2026-09-27T10:14:22,2026-09-27T09:36:11,Chaos Core,720122,720122,1,,
4201,2026-09-27T10:14:54,2026-09-27T09:36:11,Chaos Core,719999,719999,1,,
4202,2026-09-27T10:15:26,2026-09-27T09:36:11,Chaos Core,719429,719429,1,,
4203,2026-09-27T10:16:13,2026-09-27T09:36:11,Chaos Core,719429,719429,1,,
4204,2026-09-27T10:18:47,2026-09-27T09:36:11,Chaos Core,715000,10725000,15,,732284
4205,2026-09-27T10:19:06,2026-09-27T09:36:11,Chaos Core,719999,69119904,96,,732284
4206,2026-09-27T10:19:14,2026-09-27T09:36:11,Chaos Core,719429,56834891,79,,732284
4207,2026-09-27T10:19:26,2026-09-27T09:36:11,Chaos Core,720000,1440000,2,,732284
4208,2026-09-27T10:20:40,2026-09-27T09:36:11,Chaos Core,720000,90000000,125,,732284
4209,2026-09-27T10:20:46,2026-09-27T09:36:11,Chaos Core,715000,31460000,44,,732284
4210,2026-09-27T10:21:00,2026-09-27T09:36:11,Chaos Core,720000,1440000,2,,732284
4211,2026-09-27T10:22:14,2026-09-27T09:36:11,Chaos Core,720000,12240000,17,,732282
4212,2026-09-27T10:22:20,2026-09-27T09:36:11,Chaos Core,715000,65065000,91,,732282
4213,2026-09-27T10:22:26,2026-09-27T09:36:11,Chaos Core,715000,102960000,144,,732282
4214,2026-09-27T10:23:45,2026-09-27T09:36:11,Chaos Core,714999,7149990,10,,732283
4215,2026-09-27T10:24:04,2026-09-27T09:36:11,Chaos Core,720000,169920000,236,,732283
4216,2026-09-27T10:25:23,2026-09-27T09:36:11,Chaos Core,720000,2880000,4,,732283
4217,2026-09-27T10:25:32,2026-09-27T09:36:11,Chaos Core,720000,54720000,76,,732283
4218,2026-09-27T10:25:54,2026-09-27T09:36:11,Chaos Core,720000,720000,1,,732283
4219,2026-09-27T10:26:15,2026-09-27T09:36:11,Chaos Core,720000,720000,1,,732283
4220,2026-09-27T10:26:38,2026-09-27T09:36:11,Chaos Core,720122,109458544,152,,732283
4221,2026-09-27T10:27:52,2026-09-27T09:36:11,Chaos Core,720000,35280000,49,,732282
4222,2026-09-27T10:28:01,2026-09-27T09:36:11,Chaos Core,720000,157680000,219,,732282
4223,2026-09-27T10:28:13,2026-09-27T09:36:11,Chaos Core,720122,1440244,2,,732282
4224,2026-09-27T10:30:07,2026-09-27T09:36:11,Upgrade Core Set (Ultimate) X 58,445000,25810000,58,,458710
4225,2026-09-27T10:30:12,2026-09-27T09:36:11,Upgrade Core Set (Ultimate) X 9,445101,4005909,9,,458710
4226,2026-09-27T10:30:17,2026-09-27T09:36:11,Upgrade Core Set (Ultimate) X 47,445101,20919747,47,,458710
4227,2026-09-27T10:30:22,2026-09-27T09:36:11,Upgrade Core Set (Ultimate) X 96,445101,42729696,96,,458710
4228,2026-09-27T10:31:51,2026-09-27T09:36:11,Chaos Core,719999,719999,1,,
4229,2026-09-27T10:32:23,2026-09-27T09:36:11,Chaos Core,719999,719999,1,,
4230,2026-09-27T10:32:57,2026-09-27T09:36:11,Chaos Core,719999,719999,1,,
4231,2026-09-27T10:33:40,2026-09-27T09:36:11,Chaos Core,718964,718964,1,,
4232,2026-09-27T10:35:55,2026-09-27T09:36:11,Chaos Core,718464,54603264,76,,732282
4233,2026-09-27T10:36:04,2026-09-27T09:36:11,Chaos Core,718464,99866496,139,,732282
4234,2026-09-27T10:36:12,2026-09-27T09:36:11,Chaos Core,718464,718464,1,,732282
4235,2026-09-27T10:37:29,2026-09-27T09:36:11,Chaos Core,718464,173149824,241,,732281
4236,2026-09-27T10:37:39,2026-09-27T09:36:11,Chaos Core,718464,1436928,2,,732281
4237,2026-09-27T10:39:18,2026-09-27T09:36:11,Chaos Core,718464,718464,1,,732279
4238,2026-09-27T10:39:24,2026-09-27T09:36:11,Chaos Core,718464,43826304,61,,732279
4239,2026-09-27T10:39:39,2026-09-27T09:36:11,Chaos Core,718964,23725812,33,,732279
4240,2026-09-27T10:39:58,2026-09-27T09:36:11,Chaos Core,718964,173270324,241,,732279
4241,2026-09-27T10:41:33,2026-09-27T09:36:11,Chaos Core,718964,5751712,8,,732279
4242,2026-09-27T10:41:52,2026-09-27T09:36:11,Chaos Core,718964,9346532,13,,732279
4243,2026-09-27T10:42:22,2026-09-27T09:36:11,Chaos Core,719999,17999975,25,,732279
4244,2026-09-27T10:42:51,2026-09-27T09:36:11,Chaos Core,719999,82799885,115,,732279
4245,2026-09-27T10:43:09,2026-09-27T09:36:11,Chaos Core,719999,719999,1,,732279
4246,2026-09-27T10:45:26,2026-09-27T09:36:11,Force Core Set (High) X 1,140000,140000,1,,179226
4247,2026-09-27T10:46:09,2026-09-27T09:36:11,Upgrade Core Set (Ultimate) X 1,445101,5786313,13,,458709
4248,2026-09-27T10:46:25,2026-09-27T09:36:11,Upgrade Core Set (Ultimate) X 1,445101,60978837,137,,458709
4249,2026-09-27T10:46:31,2026-09-27T09:36:11,Upgrade Core Set (Ultimate) X 1,445101,13353030,30,,458709
4250,2026-09-27T10:48:00,2026-09-27T09:36:11,Chaos Core,720000,720000,1,,
4251,2026-09-27T10:48:31,2026-09-27T09:36:11,Chaos Core,720000,720000,1,,
4252,2026-09-27T10:49:06,2026-09-27T09:36:11,Chaos Core,720000,720000,1,,
4253,2026-09-27T10:49:53,2026-09-27T09:36:11,Chaos Core,720000,720000,1,,
4254,2026-09-27T10:52:27,2026-09-27T09:36:11,Chaos Core,717657,62436159,87,,732275
4255,2026-09-27T10:52:41,2026-09-27T09:36:11,Chaos Core,720000,10080000,14,,732275
4256,2026-09-27T10:53:46,2026-09-27T09:36:11,Chaos Core,717657,4305942,6,,732275
4257,2026-09-27T10:54:06,2026-09-27T09:36:11,Chaos Core,720000,69120000,96,,732275
4258,2026-09-27T10:54:25,2026-09-27T09:36:11,Chaos Core,720000,720000,1,,732275
4259,2026-09-27T10:55:39,2026-09-27T09:36:11,Upgrade Core Set (Ultimate) X 1,445101,71216160,160,,458708
4260,2026-09-27T11:01:01,2026-09-27T09:36:11,Chaos Core,720000,5040000,7,,732270
4261,2026-09-27T11:01:07,2026-09-27T09:36:11,Chaos Core,715277,30041634,42,,732270
4262,2026-09-27T11:01:28,2026-09-27T09:36:11,Chaos Core,720000,126720000,176,,732270
4263,2026-09-27T11:02:42,2026-09-27T09:36:11,Chaos Core,715277,166659541,233,,731860
4264,2026-09-27T11:06:43,2026-09-27T09:36:11,Chaos Core,715000,715000,1,,
4265,2026-09-27T11:07:20,2026-09-27T09:36:11,Chaos Core,715000,715000,1,,
4266,2026-09-27T11:08:06,2026-09-27T09:36:11,Chaos Core,715000,715000,1,,
4267,2026-09-27T11:08:49,2026-09-27T09:36:11,Chaos Core,713980,713980,1,,
4268,2026-09-27T11:14:38,2026-09-27T09:36:11,Chaos Core,713980,713980,1,,
4269,2026-09-27T11:15:45,2026-09-27T09:36:11,Chaos Core,713980,713980,1,,
4270,2026-09-27T11:22:12,2026-09-27T09:36:11,Chaos Core,713980,713980,1,,
4271,2026-09-27T11:23:51,2026-09-27T09:36:11,Chaos Core,713980,4997860,7,,731849
4272,2026-09-27T11:24:03,2026-09-27T09:36:11,Chaos Core,715000,10725000,15,,731849
4273,2026-09-27T11:24:15,2026-09-27T09:36:11,Chaos Core,720684,36034200,50,,731849
4274,2026-09-27T11:24:27,2026-09-27T09:36:11,Chaos Core,720684,179450316,249,,731849
4275,2026-09-27T11:25:56,2026-09-27T09:36:11,Chaos Core,720684,64140876,89,,731848
4276,2026-09-27T11:26:02,2026-09-27T09:36:11,Chaos Core,715000,60060000,84,,731848
4277,2026-09-27T11:26:15,2026-09-27T09:36:11,Chaos Core,720684,720684,1,,731848
4278,2026-09-27T11:28:34,2026-09-27T09:36:11,Chaos Core,720684,179450316,249,,731846
4279,2026-09-27T11:29:41,2026-09-27T09:36:11,Chaos Core,720684,147740220,205,,731845
4280,2026-09-27T11:29:50,2026-09-27T09:36:11,Chaos Core,720684,1441368,2,,731845
4281,2026-09-27T11:31:06,2026-09-27T09:36:11,Chaos Core,715000,32890000,46,,731845
4282,2026-09-27T11:31:17,2026-09-27T09:36:11,Chaos Core,720684,80716608,112,,731845
4283,2026-09-27T11:31:28,2026-09-27T09:36:11,Chaos Core,720684,720684,1,,731845
4284,2026-09-27T11:33:41,2026-09-27T09:36:11,Upgrade Core Set (Ultimate) X 25,446940,11173500,25,,458665
4285,2026-09-27T11:35:24,2026-09-27T09:36:11,Chaos Core,725000,725000,1,,
4286,2026-09-27T11:36:04,2026-09-27T09:36:11,Chaos Core,725000,725000,1,,
4287,2026-09-27T11:36:36,2026-09-27T09:36:11,Chaos Core,714400,714400,1,,
4288,2026-09-27T11:37:46,2026-09-27T09:36:11,Chaos Core,725000,725000,1,,
4289,2026-09-27T11:39:36,2026-09-27T09:36:11,Chaos Core,712605,66272265,93,,731840
4290,2026-09-27T11:39:59,2026-09-27T09:36:11,Chaos Core,720684,720684,1,,731840
4291,2026-09-27T11:40:22,2026-09-27T09:36:11,Chaos Core,720684,720684,1,,731840
4292,2026-09-27T11:40:53,2026-09-27T09:36:11,Chaos Core,725000,725000,1,,731840
4293,2026-09-27T11:42:51,2026-09-27T09:36:11,Chaos Core,714399,72868698,102,,731839
4294,2026-09-27T11:45:49,2026-09-27T09:36:11,Siena's Unbinding Stone,76000000,76000000,1,,
4295,2026-09-27T11:46:24,2026-09-27T09:36:11,Chaos Core,728998,728998,1,,
4296,2026-09-27T11:47:02,2026-09-27T09:36:11,Chaos Core,728998,728998,1,,
4297,2026-09-27T11:47:33,2026-09-27T09:36:11,Chaos Core,727873,727873,1,,
4298,2026-09-27T11:48:17,2026-09-27T09:36:11,Chaos Core,727873,727873,1,,
4299,2026-09-27T11:48:47,2026-09-27T09:36:11,Chaos Core,720000,179280000,249,,731846
4300,2026-09-27T11:49:53,2026-09-27T09:36:11,Chaos Core,720000,9360000,13,,731846
4301,2026-09-27T11:51:10,2026-09-27T09:36:11,Chaos Core,727873,3639365,5,,731846
4302,2026-09-27T12:01:30,2026-09-27T09:36:11,Chaos Core,727999,727999,1,,
4303,2026-09-27T12:04:04,2026-09-27T09:36:11,Chaos Core,728999,728999,1,,
4304,2026-09-27T12:04:49,2026-09-27T09:36:11,Chaos Core,729999,729999,1,,
4305,2026-09-27T12:09:14,2026-09-27T09:36:11,Chaos Core,729999,729999,1,,
4306,2026-09-27T12:10:07,2026-09-27T09:36:11,Chaos Core,729999,729999,1,,
4307,2026-09-27T12:15:22,2026-09-27T09:36:11,Chaos Core,729999,729999,1,,
4308,2026-09-27T12:16:00,2026-09-27T09:36:11,Chaos Core,729999,729999,1,,
4309,2026-09-27T12:16:31,2026-09-27T09:36:11,Chaos Core,729493,729493,1,,
4310,2026-09-27T12:17:14,2026-09-27T09:36:11,Chaos Core,729493,729493,1,,
4311,2026-09-27T12:21:51,2026-09-27T09:36:11,Chaos Core,728879,728879,1,,
4312,2026-09-27T12:22:25,2026-09-27T09:36:11,Chaos Core,728879,728879,1,,
4313,2026-09-27T12:24:29,2026-09-27T09:36:11,Chaos Core,726417,28330263,39,,732263
4314,2026-09-27T12:35:52,2026-09-27T09:36:11,Siena's Unbinding Stone,76000000,76000000,1,,
4315,2026-09-27T12:37:02,2026-09-27T09:36:11,Chaos Core,726417,23245344,32,,732259
4316,2026-09-27T12:37:08,2026-09-27T09:36:11,Chaos Core,719377,7193770,10,,732259
4317,2026-09-27T12:39:02,2026-09-27T09:36:11,Chaos Core,727999,727999,1,,
4318,2026-09-27T12:40:12,2026-09-27T09:36:11,Chaos Core,719377,48917636,68,,732257
4319,2026-09-27T12:40:27,2026-09-27T09:36:11,Chaos Core,727999,727999,1,,732257
4320,2026-09-27T12:42:10,2026-09-27T09:36:11,Chaos Core,720684,52609932,73,,732254
4321,2026-09-27T12:42:22,2026-09-27T09:36:11,Chaos Core,727998,1455996,2,,732254
4322,2026-09-27T12:44:05,2026-09-27T09:36:11,Chaos Core,720684,78554556,109,,732251
4323,2026-09-27T12:44:20,2026-09-27T09:36:11,Chaos Core,727997,1455994,2,,732251
4324,2026-09-27T12:45:17,2026-09-27T09:36:11,Chaos Core,720684,132605856,184,,732250
4325,2026-09-27T12:45:22,2026-09-27T09:36:11,Chaos Core,720683,1441366,2,,732250
4326,2026-09-27T12:48:35,2026-09-27T09:36:11,Force Core Set (Highest) X 5,188139,19754595,105,,196993
4327,2026-09-27T12:48:40,2026-09-27T09:36:11,Force Core Set (Highest) X 13,188139,2445807,13,,196993
4328,2026-09-27T12:48:45,2026-09-27T09:36:11,Force Core Set (Highest) X 17,188139,3198363,17,,196993
4329,2026-09-27T12:48:59,2026-09-27T09:36:11,Force Core Set (Highest) X 1,188140,8466300,45,,196993
4330,2026-09-27T12:49:41,2026-09-27T09:36:11,Force Core Set (Highest) X 1,188140,7525600,40,,196989
4331,2026-09-27T12:49:48,2026-09-27T09:36:11,Force Core Set (Highest) X 1,188140,9218860,49,,196989
4332,2026-09-27T12:49:53,2026-09-27T09:36:11,Force Core Set (Highest) X 19,188140,3574660,19,,196989
4333,2026-09-27T12:49:58,2026-09-27T09:36:11,Force Core Set (Highest) X 30,188140,5644200,30,,196989
4334,2026-09-27T12:50:03,2026-09-27T09:36:11,Force Core Set (Highest) X 80,188140,15051200,80,,196989
4335,2026-09-27T12:51:41,2026-09-27T09:36:11,Chaos Core,715999,715999,1,,
4336,2026-09-27T12:53:14,2026-09-27T09:36:11,Chaos Core,727992,727992,1,,
4337,2026-09-27T12:54:51,2026-09-27T09:36:11,Chaos Core,727400,727400,1,,
4338,2026-09-27T12:55:43,2026-09-27T09:36:11,Chaos Core,727400,727400,1,,
4339,2026-09-27T12:56:30,2026-09-27T09:36:11,Chaos Core,727400,727400,1,,
4340,2026-09-27T13:00:51,2026-09-27T09:36:11,Upgrade Core Set (Ultimate) X 1,446940,4469400,10,,456945
4341,2026-09-27T13:00:55,2026-09-27T09:36:11,Upgrade Core Set (Ultimate) X 1,446940,446940,1,,456945
4342,2026-09-27T13:02:29,2026-09-27T09:36:11,Chaos Core,727400,727400,1,,
4343,2026-09-27T13:03:11,2026-09-27T09:36:11,Chaos Core,727400,727400,1,,
4344,2026-09-27T13:03:45,2026-09-27T09:36:11,Chaos Core,727400,727400,1,,
4345,2026-09-27T13:04:28,2026-09-27T09:36:11,Chaos Core,725507,725507,1,,
4346,2026-09-27T13:06:10,2026-09-27T09:36:11,Chaos Core,725507,46432448,64,,732287
4347,2026-09-27T13:07:34,2026-09-27T09:36:11,Chaos Core,727400,1454800,2,,732287
4348,2026-09-27T13:09:39,2026-09-27T09:36:11,Chaos Core,727400,727400,1,,
4349,2026-09-27T13:10:28,2026-09-27T09:36:11,Chaos Core,727400,727400,1,,
4350,2026-09-27T13:11:04,2026-09-27T09:36:11,Chaos Core,727400,727400,1,,
4351,2026-09-27T13:11:55,2026-09-27T09:36:11,Chaos Core,727400,727400,1,,
4352,2026-09-27T13:15:33,2026-09-27T09:36:11,Chaos Core,730000,133590000,183,,747000
4353,2026-09-27T13:16:34,2026-09-27T09:36:11,Chaos Core,722366,4334196,6,,746997
4354,2026-09-27T13:16:56,2026-09-27T09:36:11,Chaos Core,727400,727400,1,,746997
4355,2026-09-27T13:17:05,2026-09-27T09:36:11,Chaos Core,722366,5056562,7,,746997
4356,2026-09-27T13:17:33,2026-09-27T09:36:11,Chaos Core,724877,724877,1,,746997
4357,2026-09-27T13:18:06,2026-09-27T09:36:11,Chaos Core,730000,182500000,250,,746997
4358,2026-09-27T13:18:28,2026-09-27T09:36:11,Chaos Core,730000,1460000,2,,746997
4359,2026-09-27T13:20:06,2026-09-27T09:36:11,Chaos Core,730000,182500000,250,,746994
4360,2026-09-27T13:20:30,2026-09-27T09:36:11,Chaos Core,730000,1460000,2,,746994
4361,2026-09-27T13:21:43,2026-09-27T09:36:11,Chaos Core,722366,58511646,81,,746991
4362,2026-09-27T13:21:48,2026-09-27T09:36:11,Chaos Core,722366,722366,1,,746991
4363,2026-09-27T13:22:17,2026-09-27T09:36:11,Chaos Core,730000,133590000,183,,746991
4364,2026-09-27T13:22:45,2026-09-27T09:36:11,Chaos Core,730000,1460000,2,,746991
4365,2026-09-27T13:24:56,2026-09-27T09:36:11,Chaos Core,722366,96797044,134,,746990
4366,2026-09-27T13:25:06,2026-09-27T09:36:11,Chaos Core,722366,145917932,202,,746990
4367,2026-09-27T13:26:56,2026-09-27T09:36:11,Chaos Core,730000,118260000,162,,746987
4368,2026-09-27T13:30:46,2026-09-27T09:36:11,Chaos Core,720000,720000,1,,
4369,2026-09-27T13:31:16,2026-09-27T09:36:11,Chaos Core,719483,719483,1,,
4370,2026-09-27T13:31:48,2026-09-27T09:36:11,Chaos Core,718000,718000,1,,
4371,2026-09-27T13:32:38,2026-09-27T09:36:11,Chaos Core,718000,718000,1,,
4372,2026-09-27T13:36:55,2026-09-27T09:36:11,Force Core Set (High) X 5,172222,861110,5,,179212
4373,2026-09-27T13:37:00,2026-09-27T09:36:11,Force Core Set (High) X 17,172222,2927774,17,,179212
4374,2026-09-27T13:37:05,2026-09-27T09:36:11,Force Core Set (High) X 100,172222,17222200,100,,179212
4375,2026-09-27T13:37:10,2026-09-27T09:36:11,Force Core Set (High) X 117,172222,20149974,117,,179212
4376,2026-09-27T13:37:50,2026-09-27T09:36:11,Force Core Set (High) X 24,172222,4133328,24,,179212
4377,2026-09-27T13:37:54,2026-09-27T09:36:11,Force Core Set (High) X 145,172222,24972190,145,,179212
4378,2026-09-27T13:38:32,2026-09-27T09:36:11,Force Core Set (Highest) X 28,187857,5260000,28,,194980
4379,2026-09-27T13:38:38,2026-09-27T09:36:11,Force Core Set (Highest) X 48,187857,9017136,48,,194980
4380,2026-09-27T13:38:42,2026-09-27T09:36:11,Force Core Set (Highest) X 14,188140,2633960,14,,194980
4381,2026-09-27T13:38:47,2026-09-27T09:36:11,Force Core Set (Highest) X 27,188140,5079780,27,,194980
4382,2026-09-27T13:38:52,2026-09-27T09:36:11,Force Core Set (Highest) X 28,188140,5267920,28,,194980
4383,2026-09-27T13:47:41,2026-09-27T09:36:11,Epic Booster (Highest),46625000,186500000,4,,
4384,2026-09-27T13:48:29,2026-09-27T09:36:11,Chaos Core,713842,713842,1,,
4385,2026-09-27T14:01:58,2026-09-27T09:36:11,Epic Booster (Highest),47500000,190000000,4,,
4386,2026-09-27T14:03:01,2026-09-27T09:36:11,Chaos Core,708888,708888,1,,
4387,2026-09-27T14:14:50,2026-09-27T09:36:11,Force Core Set (Highest) X 12,184090,2209080,12,,194909
4388,2026-09-27T14:14:55,2026-09-27T09:36:11,Force Core Set (Highest) X 44,184090,8100000,44,,194909
4389,2026-09-27T14:14:59,2026-09-27T09:36:11,Force Core Set (Highest) X 3,185294,555882,3,,194909
4390,2026-09-27T14:15:05,2026-09-27T09:36:11,Force Core Set (Highest) X 9,185294,1667646,9,,194909
4391,2026-09-27T14:15:09,2026-09-27T09:36:11,Force Core Set (Highest) X 34,185294,6300000,34,,194909
4392,2026-09-27T14:23:01,2026-09-27T09:36:11,Chaos Core,706521,706521,1,,
4393,2026-09-27T14:23:35,2026-09-27T09:36:11,Chaos Core,706521,706521,1,,
4394,2026-09-27T14:24:21,2026-09-27T09:36:11,Chaos Core,711455,711455,1,,
4395,2026-09-27T14:25:12,2026-09-27T09:36:11,Chaos Core,711455,711455,1,,
4396,2026-09-27T14:30:01,2026-09-27T09:36:11,Force Core Set (High) X 6,172222,1033332,6,,179110
4397,2026-09-27T14:30:07,2026-09-27T09:36:11,Force Core Set (High) X 10,172222,15499980,90,,179110
4398,2026-09-27T14:30:12,2026-09-27T09:36:11,Force Core Set (High) X 11,172222,1894442,11,,179110
4399,2026-09-27T14:30:17,2026-09-27T09:36:11,Force Core Set (High) X 105,172222,18083310,105,,179110
4400,2026-09-27T14:31:46,2026-09-27T09:36:11,Chaos Core,713842,713842,1,,
4401,2026-09-27T14:32:18,2026-09-27T09:36:11,Chaos Core,713842,713842,1,,
4402,2026-09-27T14:32:50,2026-09-27T09:36:11,Chaos Core,713150,713150,1,,
4403,2026-09-27T14:33:36,2026-09-27T09:36:11,Chaos Core,713150,713150,1,,
4404,2026-09-27T14:46:08,2026-09-27T09:36:11,Chaos Core,709521,709521,1,,
4405,2026-09-27T14:46:45,2026-09-27T09:36:11,Chaos Core,708865,708865,1,,
4406,2026-09-27T14:51:38,2026-09-27T09:36:11,Force Core Set (High) X 8,172222,1377776,8,,179102
4407,2026-09-27T14:51:44,2026-09-27T09:36:11,Force Core Set (High) X 10,172222,3444440,20,,179102
4408,2026-09-27T14:51:49,2026-09-27T09:36:11,Force Core Set (High) X 36,172222,6199992,36,,179102
4409,2026-09-27T14:51:54,2026-09-27T09:36:11,Force Core Set (High) X 72,172222,12399984,72,,179102
4410,2026-09-27T14:51:59,2026-09-27T09:36:11,Force Core Set (High) X 100,172222,17222200,100,,179102
4411,2026-09-27T14:53:55,2026-09-27T09:36:11,Chaos Core,708865,708865,1,,
4412,2026-09-27T14:54:26,2026-09-27T09:36:11,Chaos Core,708865,708865,1,,
4413,2026-09-27T14:55:58,2026-09-27T09:36:11,Chaos Core,708865,70177635,99,,746790
4414,2026-09-27T14:56:08,2026-09-27T09:36:11,Chaos Core,708865,165874410,234,,746790
4415,2026-09-27T14:57:31,2026-09-27T09:36:11,Chaos Core,708865,11341840,16,,746789
4416,2026-09-27T14:57:40,2026-09-27T09:36:11,Chaos Core,708865,28354600,40,,746789
4417,2026-09-27T14:57:52,2026-09-27T09:36:11,Chaos Core,708865,176507385,249,,746789
4418,2026-09-27T14:58:02,2026-09-27T09:36:11,Chaos Core,708865,708865,1,,746789
4419,2026-09-27T14:59:26,2026-09-27T09:36:11,Chaos Core,708865,77266285,109,,746788
4420,2026-09-27T14:59:35,2026-09-27T09:36:11,Chaos Core,708865,19139355,27,,746788
4421,2026-09-27T15:00:32,2026-09-27T09:36:11,Chaos Core,708865,63797850,90,,746788
4422,2026-09-27T15:00:44,2026-09-27T09:36:11,Chaos Core,708865,1417730,2,,746788
4423,2026-09-27T15:01:57,2026-09-27T09:36:11,Upgrade Core Set (Ultimate) X 13,446940,5810220,13,,456770
4424,2026-09-27T15:02:02,2026-09-27T09:36:11,Upgrade Core Set (Ultimate) X 21,446940,9385740,21,,456770
4425,2026-09-27T15:03:56,2026-09-27T09:36:11,Chaos Core,710101,710101,1,,
4426,2026-09-27T15:04:27,2026-09-27T09:36:11,Chaos Core,710101,710101,1,,
4427,2026-09-27T15:04:59,2026-09-27T09:36:11,Chaos Core,710101,710101,1,,
4428,2026-09-27T15:05:35,2026-09-27T09:36:11,Chaos Core,710101,710101,1,,
4429,2026-09-27T15:07:52,2026-09-27T09:36:11,Chaos Core,710101,93733332,132,,746790
4430,2026-09-27T15:08:10,2026-09-27T09:36:11,Chaos Core,710101,142730301,201,,746790
4431,2026-09-27T15:09:36,2026-09-27T09:36:11,Chaos Core,708395,31169380,44,,746785
4432,2026-09-27T15:09:53,2026-09-27T09:36:11,Chaos Core,710101,9231313,13,,746785
4433,2026-09-27T15:10:14,2026-09-27T09:36:11,Chaos Core,713842,713842,1,,746785
4434,2026-09-27T15:10:20,2026-09-27T09:36:11,Chaos Core,700000,3500000,5,,746785
4435,2026-09-27T15:10:42,2026-09-27T09:36:11,Chaos Core,711398,711398,1,,746785
4436,2026-09-27T15:11:03,2026-09-27T09:36:11,Chaos Core,713842,713842,1,,746785
4437,2026-09-27T15:11:24,2026-09-27T09:36:11,Chaos Core,713842,713842,1,,746785
4438,2026-09-27T15:11:46,2026-09-27T09:36:11,Chaos Core,713842,713842,1,,746785
4439,2026-09-27T15:12:09,2026-09-27T09:36:11,Chaos Core,713842,713842,1,,746785
4440,2026-09-27T15:12:30,2026-09-27T09:36:11,Chaos Core,713842,713842,1,,746785
4441,2026-09-27T15:12:52,2026-09-27T09:36:11,Chaos Core,713842,713842,1,,746785
4442,2026-09-27T15:13:13,2026-09-27T09:36:11,Chaos Core,713842,713842,1,,746785
4443,2026-09-27T15:13:35,2026-09-27T09:36:11,Chaos Core,716255,716255,1,,746785
4444,2026-09-27T15:13:58,2026-09-27T09:36:11,Chaos Core,719000,71900000,100,,746785
4445,2026-09-27T15:14:20,2026-09-27T09:36:11,Chaos Core,720000,1440000,2,,746785
4446,2026-09-27T15:15:45,2026-09-27T09:36:11,Chaos Core,720000,27360000,38,,746786
4447,2026-09-27T15:15:51,2026-09-27T09:36:11,Chaos Core,700000,34300000,49,,746786
4448,2026-09-27T15:16:13,2026-09-27T09:36:11,Chaos Core,711390,711390,1,,746786
4449,2026-09-27T15:16:36,2026-09-27T09:36:11,Chaos Core,720000,14400000,20,,746786
4450,2026-09-27T15:17:08,2026-09-27T09:36:11,Chaos Core,720000,720000,1,,746786
4451,2026-09-27T15:17:36,2026-09-27T09:36:11,Chaos Core,720000,144000000,200,,746786
4452,2026-09-27T15:19:48,2026-09-27T09:36:11,Force Core Set (Highest) X 18,183333,3300000,18,,189978
4453,2026-09-27T15:19:53,2026-09-27T09:36:11,Force Core Set (Highest) X 19,183333,3483327,19,,189978
4454,2026-09-27T15:19:58,2026-09-27T09:36:11,Force Core Set (Highest) X 80,183333,14666640,80,,189978
4455,2026-09-27T15:20:38,2026-09-27T09:36:11,Upgrade Core Set (Ultimate) X 16,446940,7151040,16,,456769
4456,2026-09-27T15:22:29,2026-09-27T09:36:11,Chaos Core,720684,720684,1,,
4457,2026-09-27T15:23:02,2026-09-27T09:36:11,Chaos Core,720684,720684,1,,
4458,2026-09-27T15:23:34,2026-09-27T09:36:11,Chaos Core,719505,719505,1,,
4459,2026-09-27T15:24:07,2026-09-27T09:36:11,Chaos Core,719505,719505,1,,
4460,2026-09-27T15:25:19,2026-09-27T09:36:11,Chaos Core,718345,22268695,31,,746788
4461,2026-09-27T15:25:28,2026-09-27T09:36:11,Chaos Core,718345,81891330,114,,746788
4462,2026-09-27T15:25:42,2026-09-27T09:36:11,Chaos Core,719505,25182675,35,,746788
4463,2026-09-27T15:26:50,2026-09-27T09:36:11,Chaos Core,718345,718345,1,,746787
4464,2026-09-27T15:26:57,2026-09-27T09:36:11,Chaos Core,718345,178867905,249,,746787
4465,2026-09-27T15:27:06,2026-09-27T09:36:11,Chaos Core,718345,1436690,2,,746787
4466,2026-09-27T15:35:16,2026-09-27T09:36:11,Chaos Core,722366,722366,1,,746736
4467,2026-09-27T15:35:38,2026-09-27T09:36:11,Chaos Core,722366,722366,1,,746736
4468,2026-09-27T15:35:59,2026-09-27T09:36:11,Chaos Core,730000,730000,1,,746736
4469,2026-09-27T15:36:21,2026-09-27T09:36:11,Chaos Core,730000,10950000,15,,746736
4470,2026-09-27T15:36:48,2026-09-27T09:36:11,Chaos Core,735000,71295000,97,,746736
4471,2026-09-27T15:36:53,2026-09-27T09:36:11,Chaos Core,718345,38072285,53,,746736
4472,2026-09-27T15:38:33,2026-09-27T09:36:11,Chaos Core,722366,722366,1,,746742
4473,2026-09-27T15:38:56,2026-09-27T09:36:11,Chaos Core,735000,52185000,71,,746742
4474,2026-09-27T15:39:03,2026-09-27T09:36:11,Chaos Core,718345,107751750,150,,746742
4475,2026-09-27T15:40:32,2026-09-27T09:36:11,Chaos Core,722366,722366,1,,746738
4476,2026-09-27T15:41:12,2026-09-27T09:36:11,Chaos Core,739344,12568848,17,,746738
4477,2026-09-27T15:44:21,2026-09-27T09:36:11,Upgrade Core Set (Ultimate) X 2,446940,893880,2,,456759
4478,2026-09-27T15:44:26,2026-09-27T09:36:11,Upgrade Core Set (Ultimate) X 67,446940,29944980,67,,456759
4479,2026-09-27T15:44:31,2026-09-27T09:36:11,Upgrade Core Set (Ultimate) X 333,446940,148831020,333,,456759
4480,2026-09-27T15:47:31,2026-09-27T09:36:11,Epic Booster (Highest),46875000,187500000,4,,
4481,2026-09-27T15:48:36,2026-09-27T09:36:11,Chaos Core,730000,730000,1,,
4482,2026-09-27T15:49:21,2026-09-27T09:36:11,Chaos Core,719505,719505,1,,
4483,2026-09-27T15:54:11,2026-09-27T09:36:11,Chaos Core,715988,30071496,42,,746722
4484,2026-09-27T15:54:33,2026-09-27T09:36:11,Chaos Core,718345,718345,1,,746722
4485,2026-09-27T15:56:02,2026-09-27T09:36:11,Chaos Core,715987,1431974,2,,746722
4486,2026-09-27T15:58:30,2026-09-27T09:36:11,Epic Booster (Highest),47500000,190000000,4,,
4487,2026-09-27T16:00:31,2026-09-27T09:36:11,Chaos Core,715463,28618520,40,,746716
4488,2026-09-27T16:00:54,2026-09-27T09:36:11,Chaos Core,718340,718340,1,,746716
4489,2026-09-27T16:01:00,2026-09-27T09:36:11,Chaos Core,715463,32195835,45,,746716
4490,2026-09-27T16:01:06,2026-09-27T09:36:11,Chaos Core,715463,20748427,29,,746716
4491,2026-09-27T16:02:04,2026-09-27T09:36:11,Chaos Core,715463,2861852,4,,746716
4492,2026-09-27T16:02:26,2026-09-27T09:36:11,Chaos Core,717196,717196,1,,746716
4493,2026-09-27T16:02:32,2026-09-27T09:36:11,Chaos Core,715463,39350465,55,,746716
4494,2026-09-27T16:03:33,2026-09-27T09:36:11,Chaos Core,738000,1476000,2,,746716
4495,2026-09-27T16:05:37,2026-09-27T09:36:11,Chaos Core,738000,738000,1,,
4496,2026-09-27T16:06:14,2026-09-27T09:36:11,Chaos Core,738000,738000,1,,
4497,2026-09-27T16:06:48,2026-09-27T09:36:11,Chaos Core,738000,738000,1,,
4498,2026-09-27T16:07:23,2026-09-27T09:36:11,Chaos Core,738000,738000,1,,
4499,2026-09-27T16:10:20,2026-09-27T09:36:11,Chaos Core,736250,183326250,249,,746699
4500,2026-09-27T16:14:52,2026-09-27T09:36:11,Chaos Core,736250,736250,1,,
4501,2026-09-27T16:15:28,2026-09-27T09:36:11,Chaos Core,736250,736250,1,,
4502,2026-09-27T16:16:58,2026-09-27T09:36:11,Chaos Core,735706,735706,1,,
4503,2026-09-27T16:21:35,2026-09-27T09:36:11,Chaos Core,731464,56322728,77,,746680
4504,2026-09-27T16:21:53,2026-09-27T09:36:11,Chaos Core,736250,139151250,189,,746680
4505,2026-09-27T16:21:57,2026-09-27T09:36:11,Chaos Core,731464,731464,1,,746680
4506,2026-09-27T16:31:58,2026-09-27T09:36:11,Yekaterina VIP Membership,112500000,112500000,1,,
4507,2026-09-27T16:38:01,2026-09-27T09:36:11,Force Core Set (High) X 57,172221,9816597,57,,177956
4508,2026-09-27T16:38:06,2026-09-27T09:36:11,Force Core Set (High) X 89,172222,15327758,89,,177956
4509,2026-09-27T16:38:11,2026-09-27T09:36:11,Force Core Set (High) X 124,172222,21355528,124,,177956
4510,2026-09-27T16:40:09,2026-09-27T09:36:11,Chaos Core,720684,720684,1,,
4511,2026-09-27T16:40:41,2026-09-27T09:36:11,Chaos Core,720684,720684,1,,
4512,2026-09-27T16:41:14,2026-09-27T09:36:11,Chaos Core,720684,720684,1,,
4513,2026-09-27T16:41:50,2026-09-27T09:36:11,Chaos Core,720684,720684,1,,
4514,2026-09-27T17:00:44,2026-09-27T09:36:11,Chaos Core,705876,705876,1,,
4515,2026-09-27T17:06:30,2026-09-27T09:36:11,Chaos Core,703680,703680,1,,
4516,2026-09-27T17:07:01,2026-09-27T09:36:11,Chaos Core,703680,703680,1,,
4517,2026-09-27T17:07:35,2026-09-27T09:36:11,Chaos Core,703680,703680,1,,
4518,2026-09-27T17:08:07,2026-09-27T09:36:11,Chaos Core,702587,702587,1,,
4519,2026-09-27T17:19:06,2026-09-27T09:36:11,Upgrade Core Set (Ultimate) X 11,445101,4896111,11,,456644
4520,2026-09-27T17:19:11,2026-09-27T09:36:11,Upgrade Core Set (Ultimate) X 11,445101,4896111,11,,456644
4521,2026-09-27T17:19:16,2026-09-27T09:36:11,Upgrade Core Set (Ultimate) X 15,445101,6676515,15,,456644
4522,2026-09-27T17:19:21,2026-09-27T09:36:11,Upgrade Core Set (Ultimate) X 26,445101,11572626,26,,456644
4523,2026-09-27T17:19:26,2026-09-27T09:36:11,Upgrade Core Set (Ultimate) X 32,445101,14243232,32,,456644
4524,2026-09-27T17:21:02,2026-09-27T09:36:11,Chaos Core,720000,720000,1,,
4525,2026-09-27T17:21:35,2026-09-27T09:36:11,Chaos Core,720000,720000,1,,
4526,2026-09-27T17:22:08,2026-09-27T09:36:11,Chaos Core,720000,720000,1,,
4527,2026-09-27T17:22:43,2026-09-27T09:36:11,Chaos Core,720000,720000,1,,
4528,2026-09-27T17:24:23,2026-09-27T09:36:11,Chaos Core,720684,31710096,44,,732242
4529,2026-09-27T17:24:31,2026-09-27T09:36:11,Chaos Core,720684,7206840,10,,732242
4530,2026-09-27T17:24:42,2026-09-27T09:36:11,Chaos Core,720684,100175076,139,,732242
4531,2026-09-27T17:24:54,2026-09-27T09:36:11,Chaos Core,720684,1441368,2,,732242
4532,2026-09-27T17:30:02,2026-09-27T09:36:11,Chaos Core,720684,720684,1,,
4533,2026-09-27T17:30:34,2026-09-27T09:36:11,Chaos Core,720684,720684,1,,
4534,2026-09-27T17:31:07,2026-09-27T09:36:11,Chaos Core,720684,720684,1,,
4535,2026-09-27T17:31:42,2026-09-27T09:36:11,Chaos Core,720684,720684,1,,
4536,2026-09-27T17:43:44,2026-09-27T09:36:11,Chaos Core,720684,720684,1,,
4537,2026-09-27T17:44:20,2026-09-27T09:36:11,Chaos Core,725000,725000,1,,
4538,2026-09-27T17:44:59,2026-09-27T09:36:11,Chaos Core,725000,725000,1,,
4539,2026-09-27T17:45:38,2026-09-27T09:36:11,Chaos Core,725000,725000,1,,
4540,2026-09-27T17:51:26,2026-09-27T09:36:11,Chaos Core,730000,730000,1,,
4541,2026-09-27T17:52:04,2026-09-27T09:36:11,Chaos Core,735000,735000,1,,
4542,2026-09-27T17:52:36,2026-09-27T09:36:11,Chaos Core,735000,735000,1,,
4543,2026-09-27T17:53:10,2026-09-27T09:36:11,Chaos Core,735000,735000,1,,
4544,2026-09-27T17:59:00,2026-09-27T09:36:11,Chaos Core,733239,733239,1,,
4545,2026-09-27T18:04:29,2026-09-27T09:36:11,Upgrade Core Set (Ultimate) X 25,445100,77892500,175,,456577
4546,2026-09-27T18:22:10,2026-09-27T09:36:11,Chaos Core,716344,178369656,249,,732156
4547,2026-09-27T18:24:30,2026-09-27T09:36:11,Chaos Core,716343,37249836,52,,732154
4548,2026-09-27T18:26:02,2026-09-27T09:36:11,Chaos Core,730339,1460678,2,,732154
4549,2026-09-27T18:35:02,2026-09-27T09:36:11,Chaos Core,715686,32921556,46,,732152
4550,2026-09-27T18:35:13,2026-09-27T09:36:11,Chaos Core,716343,98855334,138,,732152
4551,2026-09-27T18:35:26,2026-09-27T09:36:11,Chaos Core,716343,1432686,2,,732152
4552,2026-09-27T18:36:33,2026-09-27T09:36:11,Chaos Core,716343,167624262,234,,732151
4553,2026-09-27T18:37:49,2026-09-27T09:36:11,Chaos Core,716343,716343,1,,
4554,2026-09-27T18:38:27,2026-09-27T09:36:11,Chaos Core,730000,730000,1,,
4555,2026-09-27T18:39:05,2026-09-27T09:36:11,Chaos Core,730000,730000,1,,
4556,2026-09-27T18:44:03,2026-09-27T09:36:11,Upgrade Core Set (Ultimate) X 73,445101,32492373,73,,456556
4557,2026-09-27T18:45:38,2026-09-27T09:36:11,Chaos Core,730000,730000,1,,
4558,2026-09-27T18:47:02,2026-09-27T09:36:11,Chaos Core,730000,730000,1,,
4559,2026-09-27T18:48:57,2026-09-27T09:36:11,Chaos Core,730000,730000,1,,
4560,2026-09-27T18:49:34,2026-09-27T09:36:11,Chaos Core,730000,730000,1,,
4561,2026-09-27T18:55:33,2026-09-27T09:36:11,Chaos Core,730000,730000,1,,
4562,2026-09-27T18:56:05,2026-09-27T09:36:11,Chaos Core,730000,730000,1,,
4563,2026-09-27T18:56:38,2026-09-27T09:36:11,Chaos Core,729376,729376,1,,
4564,2026-09-27T18:57:12,2026-09-27T09:36:11,Chaos Core,729376,729376,1,,
4565,2026-09-27T19:02:51,2026-09-27T09:36:11,Chaos Core,728000,728000,1,,
4566,2026-09-27T19:03:24,2026-09-27T09:36:11,Chaos Core,728000,728000,1,,
4567,2026-09-27T19:03:58,2026-09-27T09:36:11,Chaos Core,728000,728000,1,,
4568,2026-09-27T19:04:34,2026-09-27T09:36:11,Chaos Core,728000,728000,1,,
4569,2026-09-27T19:09:16,2026-09-27T09:36:11,Force Core Set (Highest) X 10,180000,32400000,180,,189820
4570,2026-09-27T19:09:58,2026-09-27T09:36:11,Force Core Set (Highest) X 10,180000,32400000,180,,189820
4571,2026-09-27T19:10:39,2026-09-27T09:36:11,Force Core Set (Highest) X 10,180000,32400000,180,,189817
4572,2026-09-27T19:12:09,2026-09-27T09:36:11,Chaos Core,727308,727308,1,,
4573,2026-09-27T19:12:41,2026-09-27T09:36:11,Chaos Core,727308,727308,1,,
4574,2026-09-27T19:13:11,2026-09-27T09:36:11,Chaos Core,726707,726707,1,,
4575,2026-09-27T19:19:35,2026-09-27T09:36:11,Chaos Core,727038,727038,1,,
4576,2026-09-27T19:20:55,2026-09-27T09:36:11,Chaos Core,727038,727038,1,,
4577,2026-09-27T19:23:07,2026-09-27T09:36:11,Chaos Core,727038,727038,1,,
4578,2026-09-27T19:23:54,2026-09-27T09:36:11,Chaos Core,726300,726300,1,,
4579,2026-09-27T19:24:27,2026-09-27T09:36:11,Chaos Core,724975,724975,1,,
4580,2026-09-27T19:37:15,2026-09-27T09:36:11,Chaos Core,723745,723745,1,,
4581,2026-09-27T19:37:50,2026-09-27T09:36:11,Chaos Core,723745,723745,1,,
4582,2026-09-27T19:38:21,2026-09-27T09:36:11,Chaos Core,723745,723745,1,,
4583,2026-09-27T19:38:54,2026-09-27T09:36:11,Chaos Core,723745,723745,1,,
4584,2026-09-27T19:45:18,2026-09-27T09:36:11,Chaos Core,723733,723733,1,,
4585,2026-09-27T19:45:55,2026-09-27T09:36:11,Chaos Core,723733,723733,1,,
4586,2026-09-27T19:46:28,2026-09-27T09:36:11,Chaos Core,723733,723733,1,,
4587,2026-09-27T19:47:03,2026-09-27T09:36:11,Chaos Core,723733,723733,1,,
4588,2026-09-27T19:52:55,2026-09-27T09:36:11,Chaos Core,723711,723711,1,,
4589,2026-09-27T19:53:33,2026-09-27T09:36:11,Chaos Core,723711,723711,1,,
4590,2026-09-27T19:54:07,2026-09-27T09:36:11,Chaos Core,723711,723711,1,,
4591,2026-09-27T19:54:42,2026-09-27T09:36:11,Chaos Core,723711,723711,1,,
4592,2026-09-27T20:00:37,2026-09-27T09:36:11,Chaos Core,720043,18001075,25,,732134
4593,2026-09-27T20:00:48,2026-09-27T09:36:11,Chaos Core,720043,82084902,114,,732134
4594,2026-09-27T20:00:59,2026-09-27T09:36:11,Chaos Core,720043,1440086,2,,732134
4595,2026-09-27T20:08:18,2026-09-27T09:36:11,Chaos Core,715345,51504840,72,,732130
4596,2026-09-27T20:08:28,2026-09-27T09:36:11,Chaos Core,715345,81549330,114,,732130
4597,2026-09-27T20:14:38,2026-09-27T09:36:11,Chaos Core,723711,723711,1,,
4598,2026-09-27T20:15:15,2026-09-27T09:36:11,Chaos Core,723711,723711,1,,
4599,2026-09-27T20:15:47,2026-09-27T09:36:11,Chaos Core,723711,723711,1,,
4600,2026-09-27T20:16:18,2026-09-27T09:36:11,Chaos Core,723166,723166,1,,
4601,2026-09-27T20:22:09,2026-09-27T09:36:11,Chaos Core,723166,723166,1,,
4602,2026-09-27T20:22:46,2026-09-27T09:36:11,Chaos Core,723166,723166,1,,
4603,2026-09-27T20:23:19,2026-09-27T09:36:11,Chaos Core,723166,723166,1,,
4604,2026-09-27T20:23:54,2026-09-27T09:36:11,Chaos Core,723000,723000,1,,
4605,2026-09-27T20:30:48,2026-09-27T09:36:11,Chaos Core,723000,723000,1,,
4606,2026-09-27T20:31:25,2026-09-27T09:36:11,Chaos Core,723000,723000,1,,
4607,2026-09-27T20:31:58,2026-09-27T09:36:11,Chaos Core,723000,723000,1,,
4608,2026-09-27T20:32:29,2026-09-27T09:36:11,Chaos Core,723000,723000,1,,
4609,2026-09-27T20:37:23,2026-09-27T09:36:11,Force Core Set (High) X 22,171400,3770800,22,,176768
4610,2026-09-27T20:37:28,2026-09-27T09:36:11,Force Core Set (High) X 38,171400,6513200,38,,176768
4611,2026-09-27T20:37:32,2026-09-27T09:36:11,Force Core Set (High) X 78,171400,13369200,78,,176768
4612,2026-09-27T20:37:37,2026-09-27T09:36:11,Force Core Set (High) X 105,171400,17997000,105,,176768
4613,2026-09-27T20:39:05,2026-09-27T09:36:11,Chaos Core,723000,723000,1,,
4614,2026-09-27T20:39:40,2026-09-27T09:36:11,Chaos Core,723000,723000,1,,
4615,2026-09-27T20:40:12,2026-09-27T09:36:11,Chaos Core,722477,722477,1,,
4616,2026-09-27T20:40:42,2026-09-27T09:36:11,Chaos Core,721293,721293,1,,
4617,2026-09-27T20:41:45,2026-09-27T09:36:11,Chaos Core,721918,82298652,114,,732108
4618,2026-09-27T20:42:43,2026-09-27T09:36:11,Chaos Core,720656,33870832,47,,732108
4619,2026-09-27T20:42:50,2026-09-27T09:36:11,Chaos Core,720656,720656,1,,732108
4620,2026-09-27T20:44:58,2026-09-27T09:36:11,Chaos Core,722477,722477,1,,
4621,2026-09-27T20:45:46,2026-09-27T09:36:11,Chaos Core,722477,722477,1,,
4622,2026-09-27T20:46:22,2026-09-27T09:36:11,Chaos Core,722477,722477,1,,
4623,2026-09-27T20:46:54,2026-09-27T09:36:11,Chaos Core,722477,722477,1,,
4624,2026-09-27T20:51:54,2026-09-27T09:36:11,Force Core Set (High) X 5,171400,30852000,180,,176755
4625,2026-09-27T20:53:22,2026-09-27T09:36:11,Chaos Core,720043,720043,1,,
4626,2026-09-27T20:54:05,2026-09-27T09:36:11,Chaos Core,723000,723000,1,,
4627,2026-09-27T20:54:35,2026-09-27T09:36:11,Chaos Core,723000,723000,1,,
4628,2026-09-27T20:55:54,2026-09-27T09:36:11,Chaos Core,723000,723000,1,,
4629,2026-09-27T20:58:03,2026-09-27T09:36:11,Chaos Core,723000,723000,1,,
4630,2026-09-27T20:59:36,2026-09-27T09:36:11,Chaos Core,722311,722311,1,,
4631,2026-09-27T21:01:00,2026-09-27T09:36:11,Chaos Core,722311,722311,1,,
4632,2026-09-27T21:01:30,2026-09-27T09:36:11,Chaos Core,721781,179723469,249,,732095
4633,2026-09-27T21:04:31,2026-09-27T09:36:11,Chaos Core,721241,22358471,31,,732087
4634,2026-09-27T21:04:41,2026-09-27T09:36:11,Chaos Core,721241,178867768,248,,732087
4635,2026-09-27T21:05:56,2026-09-27T09:36:11,Chaos Core,721781,41141517,57,,732086
4636,2026-09-27T21:08:05,2026-09-27T09:36:11,Chaos Core,722311,722311,1,,
4637,2026-09-27T21:08:43,2026-09-27T09:36:11,Chaos Core,722311,722311,1,,
4638,2026-09-27T21:09:21,2026-09-27T09:36:11,Chaos Core,722311,722311,1,,
4639,2026-09-27T21:37:53,2026-09-27T09:36:11,Chaos Core,714672,714672,1,,
4640,2026-09-27T21:38:25,2026-09-27T09:36:11,Chaos Core,714672,714672,1,,
4641,2026-09-27T21:39:47,2026-09-27T09:36:11,Chaos Core,713448,713448,1,,
4642,2026-09-27T21:43:34,2026-09-27T09:36:11,Chaos Core,713448,713448,1,,
4643,2026-09-27T21:44:55,2026-09-27T09:36:11,Chaos Core,713448,713448,1,,
4644,2026-09-27T21:45:28,2026-09-27T09:36:11,Chaos Core,713448,713448,1,,
4645,2026-09-27T21:46:02,2026-09-27T09:36:11,Chaos Core,713448,713448,1,,
4646,2026-09-27T21:46:32,2026-09-27T09:36:11,Chaos Core,711698,711698,1,,
4647,2026-09-27T21:52:33,2026-09-27T09:36:11,Chaos Core,720000,720000,1,,
4648,2026-09-27T21:53:04,2026-09-27T09:36:11,Chaos Core,720000,720000,1,,
4649,2026-09-27T21:53:38,2026-09-27T09:36:11,Chaos Core,720000,720000,1,,
4650,2026-09-27T21:54:13,2026-09-27T09:36:11,Chaos Core,720000,720000,1,,
4651,2026-09-27T21:58:19,2026-09-27T09:36:11,Chaos Core,720043,178570664,248,,732007
4652,2026-09-27T21:58:35,2026-09-27T09:36:11,Chaos Core,720043,720043,1,,732007
4653,2026-09-27T22:00:01,2026-09-27T09:36:11,Chaos Core,720043,20161204,28,,732005
4654,2026-09-27T22:00:20,2026-09-27T09:36:11,Chaos Core,720043,82084902,114,,732005
4655,2026-09-27T22:00:51,2026-09-27T09:36:11,Chaos Core,720043,1440086,2,,732005
4656,2026-09-27T22:07:26,2026-09-27T09:36:11,Chaos Core,715285,2861140,4,,731997
4657,2026-09-27T22:07:35,2026-09-27T09:36:11,Chaos Core,715285,81542490,114,,731997
4658,2026-09-27T22:07:56,2026-09-27T09:36:11,Chaos Core,720043,720043,1,,731997
4659,2026-09-27T22:08:16,2026-09-27T09:36:11,Chaos Core,720043,720043,1,,731997
4660,2026-09-27T22:08:34,2026-09-27T09:36:11,Chaos Core,720043,64803870,90,,731997
4661,2026-09-27T22:18:49,2026-09-27T09:36:11,Chaos Core,720043,720043,1,,
4662,2026-09-27T22:19:21,2026-09-27T09:36:11,Chaos Core,720043,720043,1,,
4663,2026-09-27T22:19:54,2026-09-27T09:36:11,Chaos Core,720043,720043,1,,
4664,2026-09-27T22:20:28,2026-09-27T09:36:11,Chaos Core,720043,720043,1,,
4665,2026-09-27T22:26:16,2026-09-27T09:36:11,Chaos Core,717718,717718,1,,
4666,2026-09-27T22:26:47,2026-09-27T09:36:11,Chaos Core,717718,717718,1,,
4667,2026-09-27T22:27:20,2026-09-27T09:36:11,Chaos Core,717718,717718,1,,
4668,2026-09-27T22:27:55,2026-09-27T09:36:11,Chaos Core,717718,717718,1,,
4669,2026-09-27T22:45:33,2026-09-27T09:36:11,Yekaterina VIP Membership,114000000,114000000,1,,
4670,2026-09-27T22:58:47,2026-09-27T09:36:11,Chaos Core,705702,705702,1,,
4671,2026-09-27T22:59:21,2026-09-27T09:36:11,Chaos Core,705702,705702,1,,
4672,2026-09-27T23:09:35,2026-09-27T09:36:11,Force Core Set (Ultimate) X 1,355350,10305150,29,,382649
4673,2026-09-27T23:09:39,2026-09-27T09:36:11,Force Core Set (Ultimate) X 2,355350,710700,2,,382649
4674,2026-09-27T23:09:44,2026-09-27T09:36:11,Force Core Set (Ultimate) X 7,355350,2487450,7,,382649
4675,2026-09-27T23:09:49,2026-09-27T09:36:11,Force Core Set (Ultimate) X 7,355350,2487450,7,,382649
4676,2026-09-27T23:09:56,2026-09-27T09:36:11,Force Core Set (Ultimate) X 10,355350,10660500,30,,382649
4677,2026-09-27T23:11:50,2026-09-27T09:36:11,Epic Booster (Highest),47500000,190000000,4,,
4678,2026-09-27T23:16:43,2026-09-27T09:36:11,Chaos Core,720043,4320258,6,,731853
4679,2026-09-27T23:17:05,2026-09-27T09:36:11,Chaos Core,720043,1440086,2,,731853
4680,2026-09-27T23:17:25,2026-09-27T09:36:11,Chaos Core,720043,20881247,29,,731853
4681,2026-09-27T23:17:47,2026-09-27T09:36:11,Chaos Core,720043,30961849,43,,731853
4682,2026-09-27T23:18:10,2026-09-27T09:36:11,Chaos Core,720043,107286407,149,,731853
4683,2026-09-27T23:18:33,2026-09-27T09:36:11,Chaos Core,720043,1440086,2,,731853
4684,2026-09-27T23:21:38,2026-09-27T09:36:11,Chaos Core,720000,720000,1,,
4685,2026-09-27T23:22:10,2026-09-27T09:36:11,Chaos Core,720000,720000,1,,
4686,2026-09-27T23:22:43,2026-09-27T09:36:11,Chaos Core,720000,720000,1,,
4687,2026-09-27T23:23:18,2026-09-27T09:36:11,Chaos Core,720000,720000,1,,
4688,2026-09-27T23:28:47,2026-09-27T09:36:11,Yekaterina VIP Membership,113099999,113099999,1,,
4689,2026-09-27T23:33:13,2026-09-27T09:36:11,Chaos Core,715104,80806752,113,,731834
4690,2026-09-27T23:33:19,2026-09-27T09:36:11,Chaos Core,715104,40760928,57,,731834
4691,2026-09-27T23:33:28,2026-09-27T09:36:11,Chaos Core,715104,715104,1,,731834
4692,2026-09-27T23:34:40,2026-09-27T09:36:11,Chaos Core,715104,80806752,113,,731833
4693,2026-09-27T23:34:58,2026-09-27T09:36:11,Chaos Core,717537,10045518,14,,731833
4694,2026-09-27T23:35:19,2026-09-27T09:36:11,Chaos Core,720043,720043,1,,731833
4695,2026-09-27T23:35:50,2026-09-27T09:36:11,Chaos Core,720043,66963999,93,,731833
4696,2026-09-27T23:36:12,2026-09-27T09:36:11,Chaos Core,720043,720043,1,,731833
4697,2026-09-27T23:37:42,2026-09-27T09:36:11,Chaos Core,720043,79204730,110,,731832
4698,2026-09-27T23:38:05,2026-09-27T09:36:11,Chaos Core,720043,99365934,138,,731832
4699,2026-09-27T23:38:26,2026-09-27T09:36:11,Chaos Core,720043,720043,1,,731832
4700,2026-09-27T23:42:06,2026-09-27T09:36:11,Chaos Core,723000,723000,1,,
4701,2026-09-27T23:42:38,2026-09-27T09:36:11,Chaos Core,715199,715199,1,,
4702,2026-09-27T23:45:18,2026-09-27T09:36:11,Chaos Core,714077,27134926,38,,731837
4703,2026-09-27T23:45:29,2026-09-27T09:36:11,Chaos Core,715199,19310373,27,,731837
4704,2026-09-27T23:45:51,2026-09-27T09:36:11,Chaos Core,720043,720043,1,,731837
4705,2026-09-27T23:49:15,2026-09-27T09:36:11,Chaos Core,723000,15183000,21,,731837
4706,2026-09-27T23:49:38,2026-09-27T09:36:11,Chaos Core,723000,93990000,130,,731837
4707,2026-09-27T23:49:44,2026-09-27T09:36:11,Chaos Core,714077,1428154,2,,731837
4708,2026-09-27T23:50:46,2026-09-27T09:36:11,Chaos Core,714077,177805173,249,,731837
4709,2026-09-27T23:51:53,2026-09-27T09:36:11,Chaos Core,714000,67116000,94,,731835
4710,2026-09-27T23:52:03,2026-09-27T09:36:11,Chaos Core,714077,45700928,64,,731835
4711,2026-09-27T23:52:07,2026-09-27T09:36:11,Chaos Core,714000,714000,1,,731835
4712,2026-09-27T23:53:21,2026-09-27T09:36:11,Chaos Core,714077,99970780,140,,731834
4713,2026-09-27T23:53:27,2026-09-27T09:36:11,Chaos Core,714000,44268000,62,,731834
4714,2026-09-27T23:53:41,2026-09-27T09:36:11,Chaos Core,714077,1428154,2,,731834
4715,2026-09-27T23:55:42,2026-09-27T09:36:11,Force Core Set (Ultimate) X 46,347826,15999999,46,,382637
4716,2026-09-27T23:55:48,2026-09-27T09:36:11,Force Core Set (Ultimate) X 11,355350,3908850,11,,382637
4717,2026-09-27T23:55:54,2026-09-27T09:36:11,Force Core Set (Ultimate) X 29,355350,10305150,29,,382637
4718,2026-09-27T23:56:49,2026-09-27T09:36:11,Yekaterina VIP Membership,114000000,114000000,1,,
4719,2026-09-27T23:58:44,2026-09-27T09:36:11,Chaos Core,723000,723000,1,,
4720,2026-09-28T00:00:49,2026-09-27T09:36:11,Chaos Core,712231,31338164,44,,731832
4721,2026-09-28T00:01:16,2026-09-27T09:36:11,Chaos Core,720043,103686192,144,,731832
4722,2026-09-28T00:01:23,2026-09-27T09:36:11,Chaos Core,712758,712758,1,,731832
4723,2026-09-28T00:05:32,2026-09-27T09:36:11,Chaos Core,712758,712758,1,,
4724,2026-09-28T00:06:03,2026-09-27T09:36:11,Chaos Core,712758,712758,1,,
4725,2026-09-28T00:06:36,2026-09-27T09:36:11,Chaos Core,712758,712758,1,,
4726,2026-09-28T00:07:06,2026-09-27T09:36:11,Chaos Core,712758,712758,1,,
4727,2026-09-28T00:12:28,2026-09-27T09:36:11,Chaos Core,712758,712758,1,,
4728,2026-09-28T00:12:59,2026-09-27T09:36:11,Chaos Core,712758,712758,1,,
4729,2026-09-28T00:13:32,2026-09-27T09:36:11,Chaos Core,712201,712201,1,,
4730,2026-09-28T00:14:05,2026-09-27T09:36:11,Chaos Core,712201,712201,1,,
4731,2026-09-28T00:20:29,2026-09-27T09:36:11,Epic Booster (Highest),47124999,188499996,4,,
4732,2026-09-28T00:21:18,2026-09-27T09:36:11,Chaos Core,727038,727038,1,,
4733,2026-09-28T00:21:50,2026-09-27T09:36:11,Chaos Core,727038,727038,1,,
4734,2026-09-28T00:22:23,2026-09-27T09:36:11,Chaos Core,727038,727038,1,,
4735,2026-09-28T00:22:58,2026-09-27T09:36:11,Chaos Core,727038,727038,1,,
4736,2026-09-28T00:25:45,2026-09-27T09:36:11,Chaos Core,724630,100723570,139,,731837
4737,2026-09-28T00:26:10,2026-09-27T09:36:11,Chaos Core,727038,1454076,2,,731837
4738,2026-09-28T00:27:14,2026-09-27T09:36:11,Chaos Core,724630,44927060,62,,731836
4739,2026-09-28T00:27:20,2026-09-27T09:36:11,Chaos Core,724630,96375790,133,,731836
4740,2026-09-28T00:35:01,2026-09-27T09:36:11,Chaos Core,720043,33842021,47,,731836
4741,2026-09-28T00:35:10,2026-09-27T09:36:11,Chaos Core,720043,5760344,8,,731836
4742,2026-09-28T00:35:20,2026-09-27T09:36:11,Chaos Core,724630,60144290,83,,731836
4743,2026-09-28T00:35:36,2026-09-27T09:36:11,Chaos Core,724630,36231500,50,,731836
4744,2026-09-28T00:35:56,2026-09-27T09:36:11,Chaos Core,727038,727038,1,,731836
4745,2026-09-28T00:39:47,2026-09-27T09:36:11,Chaos Core,717999,38771946,54,,731834
4746,2026-09-28T00:41:20,2026-09-27T09:36:11,Chaos Core,727309,727309,1,,
4747,2026-09-28T00:41:59,2026-09-27T09:36:11,Chaos Core,727309,727309,1,,
4748,2026-09-28T00:45:20,2026-09-27T09:36:11,Force Core Set (Highest) X 12,174999,2099999,12,,186579
4749,2026-09-28T00:54:00,2026-09-27T09:36:11,Chaos Core,728000,728000,1,,
4750,2026-09-28T00:54:38,2026-09-27T09:36:11,Chaos Core,728000,728000,1,,
4751,2026-09-28T00:55:08,2026-09-27T09:36:11,Chaos Core,726648,726648,1,,
4752,2026-09-28T00:55:42,2026-09-27T09:36:11,Chaos Core,728000,728000,1,,
4753,2026-09-28T01:00:15,2026-09-27T09:36:11,Yekaterina VIP Membership,114000000,114000000,1,,
4754,2026-09-28T01:01:16,2026-09-27T09:36:11,Chaos Core,728000,728000,1,,
4755,2026-09-28T01:04:19,2026-09-27T09:36:11,Chaos Core,728000,728000,1,,
4756,2026-09-28T01:04:50,2026-09-27T09:36:11,Chaos Core,719382,719382,1,,
4757,2026-09-28T01:05:21,2026-09-27T09:36:11,Chaos Core,718827,718827,1,,
4758,2026-09-28T01:07:26,2026-09-27T09:36:11,Chaos Core,717575,99742925,139,,731799
4759,2026-09-28T01:07:33,2026-09-27T09:36:11,Chaos Core,717575,73910225,103,,731799
4760,2026-09-28T01:07:43,2026-09-27T09:36:11,Chaos Core,717575,717575,1,,731799
4761,2026-09-28T01:10:00,2026-09-27T09:36:11,Chaos Core,717575,170065275,237,,731794
4762,2026-09-28T01:12:28,2026-09-27T09:36:11,Chaos Core,717575,17939375,25,,731789
4763,2026-09-28T01:13:06,2026-09-27T09:36:11,Chaos Core,728000,1456000,2,,731789
4764,2026-09-28T01:14:23,2026-09-27T09:36:11,Chaos Core,720043,720043,1,,
4765,2026-09-28T01:14:54,2026-09-27T09:36:11,Chaos Core,715688,715688,1,,
4766,2026-09-28T01:49:15,2026-09-27T09:36:11,Chaos Core,719000,719000,1,,
4767,2026-09-28T01:49:47,2026-09-27T09:36:11,Chaos Core,719000,719000,1,,
4768,2026-09-28T01:50:19,2026-09-27T09:36:11,Chaos Core,719000,719000,1,,
4769,2026-09-28T01:50:51,2026-09-27T09:36:11,Chaos Core,716000,716000,1,,
4770,2026-09-28T01:56:06,2026-09-27T09:36:11,Chaos Core,716000,716000,1,,
4771,2026-09-28T01:56:38,2026-09-27T09:36:11,Chaos Core,716000,716000,1,,
4772,2026-09-28T01:57:11,2026-09-27T09:36:11,Chaos Core,716000,716000,1,,
4773,2026-09-28T01:57:46,2026-09-27T09:36:11,Chaos Core,716000,716000,1,,
4774,2026-09-28T02:03:06,2026-09-27T09:36:11,Chaos Core,719000,719000,1,,
4775,2026-09-28T02:03:38,2026-09-27T09:36:11,Chaos Core,719000,719000,1,,
4776,2026-09-28T02:04:08,2026-09-27T09:36:11,Chaos Core,717900,717900,1,,
4777,2026-09-28T02:04:39,2026-09-27T09:36:11,Chaos Core,717900,717900,1,,
4778,2026-09-28T02:20:17,2026-09-27T09:36:11,Upgrade Core Set (Ultimate) X 24,437500,10500000,24,,446215
4779,2026-09-28T02:20:22,2026-09-27T09:36:11,Upgrade Core Set (Ultimate) X 28,437500,12250000,28,,446215
4780,2026-09-28T02:21:56,2026-09-27T09:36:11,Chaos Core,720000,720000,1,,
4781,2026-09-28T02:22:32,2026-09-27T09:36:11,Chaos Core,720000,720000,1,,
4782,2026-09-28T02:23:10,2026-09-27T09:36:11,Chaos Core,720000,720000,1,,
4783,2026-09-28T02:23:49,2026-09-27T09:36:11,Chaos Core,720000,720000,1,,
4784,2026-09-28T02:32:02,2026-09-27T09:36:11,Chaos Core,716622,155506974,217,,729075
4785,2026-09-28T02:32:17,2026-09-27T09:36:11,Chaos Core,716622,1433244,2,,729075
4786,2026-09-28T02:33:44,2026-09-27T09:36:11,Chaos Core,714934,75068070,105,,729070
4787,2026-09-28T02:33:54,2026-09-27T09:36:11,Chaos Core,714934,165149754,231,,729070
4788,2026-09-28T02:35:18,2026-09-27T09:36:11,Chaos Core,714934,13583746,19,,729069
4789,2026-09-28T02:35:33,2026-09-27T09:36:11,Chaos Core,716622,26515014,37,,729069
4790,2026-09-28T02:36:10,2026-09-27T09:36:11,Chaos Core,720000,720000,1,,729069
4791,2026-09-28T02:38:55,2026-09-27T09:36:11,Chaos Core,714934,76497938,107,,729068
4792,2026-09-28T02:39:05,2026-09-27T09:36:11,Chaos Core,714934,163719886,229,,729068
4793,2026-09-28T02:40:31,2026-09-27T09:36:11,Chaos Core,714934,23592822,33,,729067
4794,2026-09-28T02:40:37,2026-09-27T09:36:11,Chaos Core,714934,52905116,74,,729067
4795,2026-09-28T02:40:48,2026-09-27T09:36:11,Chaos Core,714934,163719886,229,,729067
4796,2026-09-28T02:43:44,2026-09-27T09:36:11,Chaos Core,714934,714934,1,,
4797,2026-09-28T02:47:15,2026-09-27T09:36:11,Chaos Core,714934,714934,1,,729062
4798,2026-09-28T02:47:21,2026-09-27T09:36:11,Chaos Core,714934,15013614,21,,729062
4799,2026-09-28T02:47:31,2026-09-27T09:36:11,Chaos Core,714934,2144802,3,,729062
4800,2026-09-28T02:47:37,2026-09-27T09:36:11,Chaos Core,714934,50760314,71,,729062
4801,2026-09-28T02:48:06,2026-09-27T09:36:11,Chaos Core,719000,719000,1,,729062
4802,2026-09-28T02:48:20,2026-09-27T09:36:11,Chaos Core,714934,112244638,157,,729062
4803,2026-09-28T02:48:41,2026-09-27T09:36:11,Chaos Core,720000,720000,1,,729062
4804,2026-09-28T02:51:15,2026-09-27T09:36:11,Yekaterina VIP Membership,114000000,114000000,1,,
4805,2026-09-28T02:53:21,2026-09-27T09:36:11,Epic Booster (Highest),47124999,188499996,4,,
4806,2026-09-28T02:54:10,2026-09-27T09:36:11,Chaos Core,719000,719000,1,,
4807,2026-09-28T02:54:43,2026-09-27T09:36:11,Chaos Core,719000,719000,1,,
4808,2026-09-28T02:55:14,2026-09-27T09:36:11,Chaos Core,717678,717678,1,,
4809,2026-09-28T02:55:56,2026-09-27T09:36:11,Chaos Core,720000,720000,1,,
4810,2026-09-28T03:01:42,2026-09-27T09:36:11,Chaos Core,717678,717678,1,,
4811,2026-09-28T03:03:15,2026-09-27T09:36:11,Chaos Core,717678,717678,1,,
4812,2026-09-28T03:49:41,2026-09-27T09:36:11,Chaos Core,690592,3452960,5,,728889
4813,2026-09-28T03:50:11,2026-09-27T09:36:11,Chaos Core,710481,710481,1,,728889
4814,2026-09-28T03:50:39,2026-09-27T09:36:11,Chaos Core,713389,713389,1,,728889
4815,2026-09-28T03:51:15,2026-09-27T09:36:11,Chaos Core,720043,7920473,11,,728889
4816,2026-09-28T03:55:56,2026-09-27T09:36:11,Chaos Core,728000,728000,1,,
4817,2026-09-28T03:56:33,2026-09-27T09:36:11,Chaos Core,728000,728000,1,,
4818,2026-09-28T03:57:04,2026-09-27T09:36:11,Chaos Core,727486,727486,1,,
4819,2026-09-28T03:57:37,2026-09-27T09:36:11,Chaos Core,727486,727486,1,,
4820,2026-09-28T04:07:50,2026-09-27T09:36:11,Chaos Core,723848,723848,1,,
4821,2026-09-28T04:08:24,2026-09-27T09:36:11,Chaos Core,723848,723848,1,,
4822,2026-09-28T04:12:11,2026-09-27T09:36:11,Chaos Core,725000,725000,1,,
4823,2026-09-28T04:12:57,2026-09-27T09:36:11,Chaos Core,725000,725000,1,,
4824,2026-09-28T04:13:32,2026-09-27T09:36:11,Chaos Core,725000,725000,1,,
4825,2026-09-28T04:15:10,2026-09-27T09:36:11,Chaos Core,725000,725000,1,,
4826,2026-09-28T04:20:32,2026-09-27T09:36:11,Chaos Core,715098,69364506,97,,729050
4827,2026-09-28T04:21:11,2026-09-27T09:36:11,Chaos Core,725000,725000,1,,729050
4828,2026-09-28T04:21:32,2026-09-27T09:36:11,Chaos Core,725000,725000,1,,729050
4829,2026-09-28T04:26:07,2026-09-27T09:36:11,Chaos Core,715098,137298816,192,,729048
4830,2026-09-28T04:36:56,2026-09-27T09:36:11,Chaos Core,728000,728000,1,,
4831,2026-09-28T04:37:38,2026-09-27T09:36:11,Chaos Core,728000,728000,1,,
4832,2026-09-28T04:38:20,2026-09-27T09:36:11,Chaos Core,728000,728000,1,,
4833,2026-09-28T04:42:53,2026-09-27T09:36:11,Chaos Core,715000,715000,1,,
4834,2026-09-28T04:45:45,2026-09-27T09:36:11,Chaos Core,728000,728000,1,,
4835,2026-09-28T04:46:17,2026-09-27T09:36:11,Chaos Core,714324,714324,1,,
4836,2026-09-28T04:46:49,2026-09-27T09:36:11,Chaos Core,714324,714324,1,,
4837,2026-09-28T04:47:31,2026-09-27T09:36:11,Chaos Core,712575,98335350,138,,729039
4838,2026-09-28T04:54:06,2026-09-27T09:36:11,Force Core Set (High) X 1,130000,130000,1,,169985
4839,2026-09-28T04:55:57,2026-09-27T09:36:11,Chaos Core,730000,730000,1,,
4840,2026-09-28T04:56:34,2026-09-27T09:36:11,Chaos Core,730000,730000,1,,
4841,2026-09-28T04:57:04,2026-09-27T09:36:11,Chaos Core,728913,728913,1,,
4842,2026-09-28T04:57:35,2026-09-27T09:36:11,Chaos Core,728913,728913,1,,
4843,2026-09-28T05:01:22,2026-09-27T09:36:11,Force Core Set (High) X 1,130000,130000,1,,169974
4844,2026-09-28T05:04:13,2026-09-27T09:36:11,Chaos Core,723999,723999,1,,729022
4845,2026-09-28T05:04:36,2026-09-27T09:36:11,Chaos Core,730000,12410000,17,,729022
4846,2026-09-28T05:08:46,2026-09-27T09:36:11,Chaos Core,721121,8653452,12,,729016
4847,2026-09-28T05:09:11,2026-09-27T09:36:11,Chaos Core,730000,4380000,6,,729016
4848,2026-09-28T05:10:51,2026-09-27T09:36:11,Chaos Core,730000,730000,1,,
4849,2026-09-28T05:11:30,2026-09-27T09:36:11,Chaos Core,730000,730000,1,,
4850,2026-09-28T05:12:01,2026-09-27T09:36:11,Chaos Core,730000,730000,1,,
4851,2026-09-28T05:12:34,2026-09-27T09:36:11,Chaos Core,730000,730000,1,,
4852,2026-09-28T05:18:05,2026-09-27T09:36:11,Chaos Core,728211,728211,1,,
4853,2026-09-28T05:22:07,2026-09-27T09:36:11,Chaos Core,720043,38882322,54,,728995
4854,2026-09-28T05:24:54,2026-09-27T09:36:11,Chaos Core,725706,725706,1,,
4855,2026-09-28T05:25:35,2026-09-27T09:36:11,Chaos Core,725706,725706,1,,
4856,2026-09-28T05:26:11,2026-09-27T09:36:11,Chaos Core,725706,725706,1,,
4857,2026-09-28T05:26:48,2026-09-27T09:36:11,Chaos Core,725706,725706,1,,
4858,2026-09-28T05:29:34,2026-09-27T09:36:11,Chaos Core,717560,170779280,238,,728987
4859,2026-09-28T05:29:54,2026-09-27T09:36:11,Chaos Core,725706,1451412,2,,728987
4860,2026-09-28T05:40:54,2026-09-27T09:36:11,Siena's Unbinding Stone,76000000,76000000,1,,
4861,2026-09-28T08:55:19,2026-09-28T08:52:02,Chaos Core,729000,729000,1,,
4862,2026-09-28T08:55:52,2026-09-28T08:52:02,Yekaterina VIP Membership,112499699,112499699,1,,
4863,2026-09-28T08:56:37,2026-09-28T08:52:02,Chaos Core,728327,155861978,214,,784434
4864,2026-09-28T08:56:42,2026-09-28T08:52:02,Chaos Core,712011,1424022,2,,784434
4865,2026-09-28T08:57:52,2026-09-28T08:52:02,Chaos Core,728327,25491445,35,,784433
4866,2026-09-28T08:58:04,2026-09-28T08:52:02,Chaos Core,728327,45156274,62,,784433
4867,2026-09-28T08:58:17,2026-09-28T08:52:02,Chaos Core,729999,729999,1,,784433
4868,2026-09-28T08:58:23,2026-09-28T08:52:02,Chaos Core,712010,92561300,130,,784433
4869,2026-09-28T08:59:41,2026-09-28T08:52:02,Chaos Core,750000,140250000,187,,784432
4870,2026-09-28T09:00:00,2026-09-28T08:52:02,Chaos Core,750000,1500000,2,,784432
4871,2026-09-28T09:01:01,2026-09-28T08:52:02,Chaos Core,712010,16376230,23,,784432
4872,2026-09-28T09:01:33,2026-09-28T08:52:02,Chaos Core,750000,90750000,121,,784432
4873,2026-09-28T09:01:54,2026-09-28T08:52:02,Chaos Core,750000,144000000,192,,784432
4874,2026-09-28T09:03:19,2026-09-28T08:52:02,Chaos Core,750000,29250000,39,,784430
4875,2026-09-28T09:03:28,2026-09-28T08:52:02,Chaos Core,750000,51750000,69,,784430
4876,2026-09-28T09:03:59,2026-09-28T08:52:02,Chaos Core,750000,134250000,179,,784430
4877,2026-09-28T09:04:10,2026-09-28T08:52:02,Chaos Core,750000,750000,1,,784430
4878,2026-09-28T09:05:27,2026-09-28T08:52:02,Chaos Core,750000,126000000,168,,784429
4879,2026-09-28T09:06:25,2026-09-28T08:52:02,Force Core Set (Ultimate) X 3,355529,1066587,3,,382375
4880,2026-09-28T09:06:30,2026-09-28T08:52:02,Force Core Set (Ultimate) X 22,355529,7821638,22,,382375
4881,2026-09-28T09:06:35,2026-09-28T08:52:02,Force Core Set (Ultimate) X 39,355529,13865631,39,,382375
4882,2026-09-28T09:06:40,2026-09-28T08:52:02,Force Core Set (Ultimate) X 51,355529,18132000,51,,382375
4883,2026-09-28T09:06:45,2026-09-28T08:52:02,Force Core Set (Ultimate) X 5,355531,1777655,5,,382375
4884,2026-09-28T09:08:06,2026-09-28T08:52:02,Chaos Core,750000,750000,1,,
4885,2026-09-28T09:10:12,2026-09-28T08:52:02,Chaos Core,750000,18750000,25,,784423
4886,2026-09-28T09:10:22,2026-09-28T08:52:02,Chaos Core,750000,4500000,6,,784423
4887,2026-09-28T09:10:34,2026-09-28T08:52:02,Chaos Core,750000,25500000,34,,784423
4888,2026-09-28T09:11:57,2026-09-28T08:52:02,Chaos Core,750000,38250000,51,,784423
4889,2026-09-28T09:12:20,2026-09-28T08:52:02,Chaos Core,750000,112500000,150,,784423
4890,2026-09-28T09:12:40,2026-09-28T08:52:02,Chaos Core,750000,750000,1,,784423
4891,2026-09-28T09:14:06,2026-09-28T08:52:02,Force Core Set (Highest) X 10,183900,33102000,180,,199162
4892,2026-09-28T09:14:46,2026-09-28T08:52:02,Force Core Set (Highest) X 10,183900,33102000,180,,199162
4893,2026-09-28T09:15:28,2026-09-28T08:52:02,Force Core Set (Highest) X 10,183900,33102000,180,,199160
4894,2026-09-28T09:16:05,2026-09-28T08:52:02,Upgrade Core Set (Ultimate) X 10,445062,80111160,180,,458929
4895,2026-09-28T09:16:46,2026-09-28T08:52:02,Upgrade Core Set (Ultimate) X 10,445062,80111160,180,,458928
4896,2026-09-28T09:17:26,2026-09-28T08:52:02,Upgrade Core Set (Ultimate) X 10,445062,80111160,180,,458928
4897,2026-09-28T09:18:03,2026-09-28T08:52:02,Force Core Set (Ultimate) X 10,355500,63990000,180,,382374
4898,2026-09-28T09:23:29,2026-09-28T09:20:02,Chaos Core,750000,750000,1,,
4899,2026-09-28T09:24:04,2026-09-28T09:20:02,Force Core Set (Ultimate) X 1,355500,355500,1,,382373
4900,2026-09-28T09:24:11,2026-09-28T09:20:02,Force Core Set (Ultimate) X 10,355500,28440000,80,,382373
4901,2026-09-28T09:24:16,2026-09-28T09:20:02,Force Core Set (Ultimate) X 28,355500,9954000,28,,382373
4902,2026-09-28T09:24:20,2026-09-28T09:20:02,Force Core Set (Ultimate) X 42,355531,14932302,42,,382373
4903,2026-09-28T09:24:25,2026-09-28T09:20:02,Force Core Set (Ultimate) X 8,355549,2844392,8,,382373
4904,2026-09-28T09:25:41,2026-09-28T09:20:02,Chaos Core,749331,749331,1,,
4905,2026-09-28T09:26:27,2026-09-28T09:20:02,Chaos Core,748725,105570225,141,,784422
4906,2026-09-28T09:26:37,2026-09-28T09:20:02,Chaos Core,749331,146119545,195,,784422
4907,2026-09-28T09:34:57,2026-09-28T09:20:02,Chaos Core,748725,85354650,114,,784421
4908,2026-09-28T09:35:05,2026-09-28T09:20:02,Chaos Core,748725,55405650,74,,784421
4909,2026-09-28T09:35:14,2026-09-28T09:20:02,Chaos Core,748725,748725,1,,784421
4910,2026-09-28T09:39:46,2026-09-28T09:20:02,Chaos Core,720043,720043,1,,
4911,2026-09-28T09:44:55,2026-09-28T09:20:02,Chaos Core,720043,720043,1,,
4912,2026-09-28T09:45:39,2026-09-28T09:20:02,Chaos Core,719483,719483,1,,
4913,2026-09-28T09:46:23,2026-09-28T09:20:02,Chaos Core,720043,720043,1,,
4914,2026-09-28T09:48:02,2026-09-28T09:20:02,Chaos Core,740000,740000,1,,
4915,2026-09-28T09:53:28,2026-09-28T09:20:02,Upgrade Core Set (Ultimate) X 1,445062,445062,1,,458913
4916,2026-09-28T09:53:33,2026-09-28T09:20:02,Upgrade Core Set (Ultimate) X 31,445062,13796922,31,,458913
4917,2026-09-28T09:53:38,2026-09-28T09:20:02,Upgrade Core Set (Ultimate) X 299,445062,133073538,299,,458913
4918,2026-09-28T09:56:35,2026-09-28T09:20:02,Chaos Core,739999,67339909,91,,779991
4919,2026-09-28T09:56:50,2026-09-28T09:20:02,Chaos Core,739999,64379913,87,,779991
4920,2026-09-28T09:57:29,2026-09-28T09:20:02,Chaos Core,748000,1496000,2,,779991
4921,2026-09-28T09:59:17,2026-09-28T09:20:02,Chaos Core,747999,186251751,249,,779983
4922,2026-09-28T10:02:47,2026-09-28T09:20:02,Chaos Core,747999,747999,1,,
4923,2026-09-28T10:03:57,2026-09-28T09:20:02,Chaos Core,747999,747999,1,,
4924,2026-09-28T10:07:25,2026-09-28T09:20:02,Chaos Core,720043,720043,1,,
4925,2026-09-28T10:08:14,2026-09-28T09:20:02,Chaos Core,720043,720043,1,,
4926,2026-09-28T10:08:44,2026-09-28T09:20:02,Chaos Core,718796,718796,1,,
4927,2026-09-28T10:10:11,2026-09-28T09:20:02,Force Core Set (High) X 41,170731,6999999,41,,179117
4928,2026-09-28T10:10:52,2026-09-28T09:20:02,Upgrade Core Set (Ultimate) X 6,445050,2670300,6,,458910
4929,2026-09-28T10:12:14,2026-09-28T09:20:02,Chaos Core,747997,747997,1,,
4930,2026-09-28T10:12:51,2026-09-28T09:20:02,Yekaterina VIP Membership,113099997,113099997,1,,
4931,2026-09-28T10:16:07,2026-09-28T09:20:02,Chaos Core,747997,747997,1,,
4932,2026-09-28T10:16:51,2026-09-28T09:20:02,Chaos Core,747374,747374,1,,
4933,2026-09-28T10:17:25,2026-09-28T09:20:02,Chaos Core,747374,747374,1,,
4934,2026-09-28T10:26:15,2026-09-28T09:20:02,Chaos Core,739999,739999,1,,
4935,2026-09-28T10:29:40,2026-09-28T09:20:02,Chaos Core,730000,730000,1,,
4936,2026-09-28T10:30:28,2026-09-28T09:20:02,Chaos Core,729999,729999,1,,
4937,2026-09-28T10:31:55,2026-09-28T09:20:02,Chaos Core,718773,718773,1,,
4938,2026-09-28T10:34:18,2026-09-28T09:20:02,Chaos Core,718206,718206,1,,
4939,2026-09-28T10:38:30,2026-09-28T09:20:02,Chaos Core,718206,718206,1,,
4940,2026-09-28T10:44:48,2026-09-28T09:20:02,Chaos Core,715429,715429,1,,
4941,2026-09-28T10:46:25,2026-09-28T09:20:02,Force Core Set (High) X 29,171428,4971412,29,,179112
4942,2026-09-28T10:46:30,2026-09-28T09:20:02,Force Core Set (High) X 42,171428,7200000,42,,179112
4943,2026-09-28T10:51:17,2026-09-28T09:20:02,Chaos Core,720000,720000,1,,
4944,2026-09-28T10:52:00,2026-09-28T09:20:02,Chaos Core,720000,720000,1,,
4945,2026-09-28T10:52:31,2026-09-28T09:20:02,Chaos Core,720000,720000,1,,
4946,2026-09-28T10:54:26,2026-09-28T09:20:02,Upgrade Core Set (Ultimate) X 27,445065,12016781,27,,458888
4947,2026-09-28T10:55:48,2026-09-28T09:20:02,Chaos Core,718960,718960,1,,
4948,2026-09-28T10:59:13,2026-09-28T09:20:02,Chaos Core,718440,718440,1,,
4949,2026-09-28T11:01:55,2026-09-28T09:20:02,Force Core Set (High) X 34,170588,5800000,34,,179101
4950,2026-09-28T11:09:37,2026-09-28T09:20:02,Chaos Core,714104,714104,1,,
4951,2026-09-28T11:15:27,2026-09-28T09:20:02,Upgrade Core Set (Ultimate) X 10,445066,80111880,180,,458871
4952,2026-09-28T11:16:44,2026-09-28T09:20:02,Chaos Core,718440,718440,1,,
4953,2026-09-28T11:20:05,2026-09-28T09:20:02,Chaos Core,720043,720043,1,,
4954,2026-09-28T11:20:48,2026-09-28T09:20:02,Chaos Core,730000,730000,1,,
4955,2026-09-28T11:21:19,2026-09-28T09:20:02,Chaos Core,730000,730000,1,,
4956,2026-09-28T11:24:11,2026-09-28T09:20:02,Chaos Core,728709,728709,1,,
4957,2026-09-28T11:27:37,2026-09-28T09:20:02,Chaos Core,728177,728177,1,,
4958,2026-09-28T11:54:10,2026-09-28T11:50:38,Force Core Set (High) X 24,170833,4100000,24,,179067
4959,2026-09-28T11:54:14,2026-09-28T11:50:38,Force Core Set (High) X 202,170833,34508266,202,,179067
4960,2026-09-28T11:54:49,2026-09-28T11:50:38,Upgrade Core Set (Ultimate) X 399,443609,177000000,399,,458813
4961,2026-09-28T11:56:36,2026-09-28T11:50:38,Chaos Core,739999,739999,1,,
4962,2026-09-28T11:59:44,2026-09-28T11:50:38,Chaos Core,720000,720000,1,,
4963,2026-09-28T12:00:29,2026-09-28T11:50:38,Chaos Core,720000,720000,1,,
4964,2026-09-28T12:01:00,2026-09-28T11:50:38,Chaos Core,719486,719486,1,,
4965,2026-09-28T12:06:18,2026-09-28T11:50:38,Chaos Core,718323,178862427,249,,760645
4966,2026-09-28T12:07:36,2026-09-28T11:50:38,Chaos Core,719486,3597430,5,,760644
4967,2026-09-28T12:07:49,2026-09-28T11:50:38,Chaos Core,720000,68400000,95,,760644
4968,2026-09-28T12:08:14,2026-09-28T11:50:38,Chaos Core,739999,1479998,2,,760644
4969,2026-09-28T12:08:20,2026-09-28T11:50:38,Chaos Core,718323,50282610,70,,760644
4970,2026-09-28T12:08:37,2026-09-28T11:50:38,Chaos Core,739999,1479998,2,,760644
4971,2026-09-28T12:14:40,2026-09-28T11:50:38,Chaos Core,720043,720043,1,,
4972,2026-09-28T12:15:39,2026-09-28T11:50:38,Chaos Core,716066,4296396,6,,760650
4973,2026-09-28T12:15:51,2026-09-28T11:50:38,Chaos Core,716601,178433649,249,,760650
4974,2026-09-28T12:18:29,2026-09-28T11:50:38,Chaos Core,739999,11839984,16,,760649
4975,2026-09-28T12:18:38,2026-09-28T11:50:38,Chaos Core,739999,5919992,8,,760649
4976,2026-09-28T12:18:54,2026-09-28T11:50:38,Chaos Core,739999,14059981,19,,760649
4977,2026-09-28T12:19:00,2026-09-28T11:50:38,Chaos Core,739999,5919992,8,,760649
4978,2026-09-28T12:19:17,2026-09-28T11:50:38,Chaos Core,739999,24419967,33,,760649
4979,2026-09-28T12:19:37,2026-09-28T11:50:38,Chaos Core,740000,129500000,175,,760649
4980,2026-09-28T12:19:43,2026-09-28T11:50:38,Chaos Core,739999,1479998,2,,760649
4981,2026-09-28T12:21:32,2026-09-28T11:50:38,Chaos Core,740000,740000,1,,
4982,2026-09-28T12:22:20,2026-09-28T11:50:38,Chaos Core,740000,26640000,36,,760651
4983,2026-09-28T12:22:30,2026-09-28T11:50:38,Chaos Core,740000,53280000,72,,760651
4984,2026-09-28T12:23:35,2026-09-28T11:50:38,Chaos Core,740043,65863827,89,,760651
4985,2026-09-28T12:23:47,2026-09-28T11:50:38,Chaos Core,740043,740043,1,,760651
4986,2026-09-28T12:36:25,2026-09-28T12:31:35,Chaos Core,739999,739999,1,,
4987,2026-09-28T12:36:56,2026-09-28T12:31:35,Chaos Core,739999,26639964,36,,760646
4988,2026-09-28T12:37:03,2026-09-28T12:31:35,Chaos Core,739304,84280656,114,,760646
4989,2026-09-28T12:38:08,2026-09-28T12:31:35,Chaos Core,745000,12665000,17,,760646
4990,2026-09-28T12:38:22,2026-09-28T12:31:35,Chaos Core,745000,745000,1,,760646
4991,2026-09-28T12:39:25,2026-09-28T12:31:35,Chaos Core,745000,185505000,249,,760646
4992,2026-09-28T12:40:32,2026-09-28T12:31:35,Chaos Core,745000,13410000,18,,760644
4993,2026-09-28T12:40:55,2026-09-28T12:31:35,Chaos Core,748725,148247550,198,,760644
4994,2026-09-28T12:42:01,2026-09-28T12:31:35,Chaos Core,745000,12665000,17,,760643
4995,2026-09-28T12:42:12,2026-09-28T12:31:35,Chaos Core,748725,66636525,89,,760643
4996,2026-09-28T12:42:18,2026-09-28T12:31:35,Chaos Core,745000,7450000,10,,760643
4997,2026-09-28T12:42:24,2026-09-28T12:31:35,Chaos Core,745000,7450000,10,,760643
4998,2026-09-28T12:44:07,2026-09-28T12:31:35,Chaos Core,748000,748000,1,,
4999,2026-09-28T12:45:42,2026-09-28T12:31:35,Chaos Core,747430,16443460,22,,760638
5000,2026-09-28T12:45:53,2026-09-28T12:31:35,Chaos Core,748000,58344000,78,,760638
5001,2026-09-28T12:45:59,2026-09-28T12:31:35,Chaos Core,747000,55278000,74,,760638
5002,2026-09-28T12:47:08,2026-09-28T12:31:35,Chaos Core,748000,33660000,45,,760638
5003,2026-09-28T13:00:39,2026-09-28T12:57:20,Chaos Core,750000,750000,1,,
5004,2026-09-28T13:01:52,2026-09-28T12:57:20,Chaos Core,750000,750000,1,,
5005,2026-09-28T13:03:39,2026-09-28T12:57:20,Chaos Core,750000,5250000,7,,760622
5006,2026-09-28T13:03:52,2026-09-28T12:57:20,Chaos Core,750000,6750000,9,,760622
5007,2026-09-28T13:04:08,2026-09-28T12:57:20,Chaos Core,750000,23250000,31,,760622
5008,2026-09-28T13:04:36,2026-09-28T12:57:20,Chaos Core,750000,85500000,114,,760622
5009,2026-09-28T13:04:44,2026-09-28T12:57:20,Chaos Core,750000,9750000,13,,760622
5010,2026-09-28T13:08:56,2026-09-28T12:57:20,Chaos Core,750000,750000,1,,
5011,2026-09-28T13:10:28,2026-09-28T12:57:20,Chaos Core,750000,750000,1,,
5012,2026-09-28T13:11:02,2026-09-28T12:57:20,Upgrade Core Set (Ultimate) X 237,445066,105480642,237,,458791
5013,2026-09-28T13:12:18,2026-09-28T12:57:20,Chaos Core,748788,748788,1,,
5014,2026-09-28T13:16:57,2026-09-28T12:57:20,Chaos Core,750000,750000,1,,
5015,2026-09-28T13:17:37,2026-09-28T12:57:20,Chaos Core,720043,720043,1,,
5016,2026-09-28T13:18:30,2026-09-28T12:57:20,Chaos Core,720043,720043,1,,
5017,2026-09-28T13:20:25,2026-09-28T12:57:20,Chaos Core,718941,718941,1,,
5018,2026-09-28T13:26:16,2026-09-28T12:57:20,Chaos Core,717088,717088,1,,
5019,2026-09-28T13:27:50,2026-09-28T12:57:20,Chaos Core,717088,717088,1,,
5020,2026-09-28T13:32:33,2026-09-28T12:57:20,Chaos Core,759980,759980,1,,
5021,2026-09-28T13:33:26,2026-09-28T12:57:20,Chaos Core,759980,759980,1,,
5022,2026-09-28T13:34:24,2026-09-28T12:57:20,Chaos Core,748854,748854,1,,
5023,2026-09-28T13:37:42,2026-09-28T12:57:20,Chaos Core,747637,747637,1,,
5024,2026-09-28T13:41:36,2026-09-28T12:57:20,Chaos Core,746391,35080377,47,,760546
5025,2026-09-28T13:41:47,2026-09-28T12:57:20,Chaos Core,747637,3738185,5,,760546
5026,2026-09-28T13:42:26,2026-09-28T12:57:20,Chaos Core,755555,1511110,2,,760546
5027,2026-09-28T13:46:19,2026-09-28T12:57:20,Chaos Core,747637,747637,1,,
5028,2026-09-28T13:46:56,2026-09-28T12:57:20,Chaos Core,747637,747637,1,,
5029,2026-09-28T13:47:45,2026-09-28T12:57:20,Chaos Core,747637,747637,1,,
5030,2026-09-28T13:49:37,2026-09-28T12:57:20,Yekaterina VIP Membership,112333333,112333333,1,,
5031,2026-09-28T13:51:16,2026-09-28T12:57:20,Chaos Core,747637,747637,1,,
5032,2026-09-28T13:55:49,2026-09-28T12:57:20,Chaos Core,747080,747080,1,,
5033,2026-09-28T13:56:20,2026-09-28T12:57:20,Chaos Core,746080,746080,1,,
5034,2026-09-28T13:56:59,2026-09-28T12:57:20,Chaos Core,746080,746080,1,,
5035,2026-09-28T13:58:12,2026-09-28T12:57:20,Chaos Core Set X 6,731396,4388376,6,,760511
5036,2026-09-28T14:00:05,2026-09-28T12:57:20,Chaos Core,743564,743564,1,,
5037,2026-09-28T14:06:05,2026-09-28T12:57:20,Upgrade Core Set (Ultimate) X 29,411392,11930368,29,,458733
5038,2026-09-28T14:18:31,2026-09-28T12:57:20,Chaos Core,726296,726296,1,,
5039,2026-09-28T14:19:04,2026-09-28T12:57:20,Chaos Core,726296,726296,1,,
5040,2026-09-28T14:19:42,2026-09-28T12:57:20,Chaos Core,726296,726296,1,,
5041,2026-09-28T14:22:04,2026-09-28T12:57:20,Chaos Core,723881,723881,1,,
5042,2026-09-28T14:26:24,2026-09-28T12:57:20,Chaos Core,723206,723206,1,,
5043,2026-09-28T14:37:29,2026-09-28T14:29:14,Chaos Core,722012,722012,1,,
5044,2026-09-28T14:38:02,2026-09-28T14:29:14,Chaos Core,722012,722012,1,,
5045,2026-09-28T14:38:37,2026-09-28T14:29:14,Chaos Core,722012,722012,1,,
5046,2026-09-28T14:39:22,2026-09-28T14:29:14,Yekaterina VIP Membership,112333333,112333333,1,,
5047,2026-09-28T14:41:32,2026-09-28T14:29:14,Chaos Core,720895,720895,1,,
5048,2026-09-28T14:42:35,2026-09-28T14:29:14,Chaos Core,720895,2162685,3,,750427
5049,2026-09-28T14:42:45,2026-09-28T14:29:14,Chaos Core,720895,17301480,24,,750427
5050,2026-09-28T14:42:57,2026-09-28T14:29:14,Chaos Core,722012,31046516,43,,750427
5051,2026-09-28T14:43:11,2026-09-28T14:29:14,Chaos Core,722705,59984515,83,,750427
5052,2026-09-28T14:46:45,2026-09-28T14:29:14,Chaos Core,720000,720000,1,,
5053,2026-09-28T14:47:19,2026-09-28T14:29:14,Chaos Core,720000,720000,1,,
5054,2026-09-28T14:47:55,2026-09-28T14:29:14,Chaos Core,720000,720000,1,,
5055,2026-09-28T14:49:45,2026-09-28T14:29:14,Upgrade Core Set (Ultimate) X 20,411390,32911200,80,,458694
5056,2026-09-28T14:49:50,2026-09-28T14:29:14,Upgrade Core Set (Ultimate) X 21,411390,8639190,21,,458694
5057,2026-09-28T14:49:56,2026-09-28T14:29:14,Upgrade Core Set (Ultimate) X 56,411390,23037840,56,,458694
5058,2026-09-28T14:50:01,2026-09-28T14:29:14,Upgrade Core Set (Ultimate) X 63,411391,25917633,63,,458694
5059,2026-09-28T14:55:10,2026-09-28T14:29:14,Chaos Core,746000,746000,1,,
5060,2026-09-28T14:57:47,2026-09-28T14:29:14,Chaos Core,745305,745305,1,,
5061,2026-09-28T15:01:12,2026-09-28T14:29:14,Chaos Core,744665,744665,1,,
5062,2026-09-28T15:01:45,2026-09-28T14:29:14,Chaos Core,744665,744665,1,,
5063,2026-09-28T15:03:47,2026-09-28T14:29:14,Upgrade Core Set (Ultimate) X 39,411391,16044249,39,,458684
5064,2026-09-28T15:03:53,2026-09-28T14:29:14,Upgrade Core Set (Ultimate) X 88,411391,36202490,88,,458684
5065,2026-09-28T15:03:58,2026-09-28T14:29:14,Upgrade Core Set (Ultimate) X 2,411392,822784,2,,458684
5066,2026-09-28T15:04:02,2026-09-28T14:29:14,Upgrade Core Set (Ultimate) X 5,411392,2056960,5,,458684
5067,2026-09-28T15:04:07,2026-09-28T14:29:14,Upgrade Core Set (Ultimate) X 14,411392,5759488,14,,458684
5068,2026-09-28T15:12:20,2026-09-28T14:29:14,Chaos Core,740503,25917605,35,,750406
5069,2026-09-28T15:12:34,2026-09-28T14:29:14,Chaos Core,741120,5187840,7,,750406
5070,2026-09-28T15:12:51,2026-09-28T14:29:14,Chaos Core,741720,184688280,249,,750406
5071,2026-09-28T15:14:47,2026-09-28T14:29:14,Chaos Core,742342,101700854,137,,750405
5072,2026-09-28T15:15:08,2026-09-28T14:29:14,Chaos Core,742844,91369812,123,,750405
5073,2026-09-28T15:15:29,2026-09-28T14:29:14,Chaos Core,743461,743461,1,,750405
5074,2026-09-28T15:17:11,2026-09-28T14:29:14,Chaos Core,735000,135240000,184,,750404
5075,2026-09-28T15:17:40,2026-09-28T14:29:14,Chaos Core,743461,1486922,2,,750404
5076,2026-09-28T15:20:05,2026-09-28T14:29:14,Chaos Core,735000,183015000,249,,750403
5077,2026-09-28T15:21:16,2026-09-28T14:29:14,Chaos Core,735000,72765000,99,,750402
5078,2026-09-28T15:21:25,2026-09-28T14:29:14,Chaos Core,739999,46619937,63,,750402
5079,2026-09-28T15:34:26,2026-09-28T14:29:14,Chaos Core,734340,734340,1,,
5080,2026-09-28T15:38:46,2026-09-28T14:29:14,Yekaterina VIP Membership,112333333,112333333,1,,
5081,2026-09-28T15:40:19,2026-09-28T14:29:14,Chaos Core,732617,732617,1,,
5082,2026-09-28T15:41:21,2026-09-28T14:29:14,Upgrade Core Set (Ultimate) X 5,425425,2127125,5,,457987
5083,2026-09-28T16:10:10,2026-09-28T16:06:52,Chaos Core,726087,726087,1,,
5084,2026-09-28T16:10:47,2026-09-28T16:06:52,Chaos Core,720043,43202580,60,,731395
5085,2026-09-28T16:11:41,2026-09-28T16:06:52,Force Core Set (High) X 1,119511,2031687,17,,174957
5086,2026-09-28T16:13:47,2026-09-28T16:06:52,Chaos Core,719400,28056600,39,,731393
5087,2026-09-28T16:22:05,2026-09-28T16:06:52,Force Core Set (High) X 1,120000,120000,1,,174946
5088,2026-09-28T16:22:59,2026-09-28T16:06:52,Force Core Set (Ultimate) X 1,318710,57367800,180,,379851
5089,2026-09-28T16:24:30,2026-09-28T16:06:52,Chaos Core,727210,727210,1,,
5090,2026-09-28T16:26:33,2026-09-28T16:06:52,Chaos Core,727210,727210,1,,
5091,2026-09-28T16:27:51,2026-09-28T16:06:52,Chaos Core,726580,726580,1,,
5092,2026-09-28T16:29:04,2026-09-28T16:06:52,Chaos Core,726580,726580,1,,
5093,2026-09-28T16:33:22,2026-09-28T16:06:52,Chaos Core,724138,67344834,93,,731361
5094,2026-09-28T16:33:28,2026-09-28T16:06:52,Chaos Core,723055,3615275,5,,731361
5095,2026-09-28T16:34:25,2026-09-28T16:06:52,Chaos Core,727879,727879,1,,731361
5096,2026-09-28T16:35:36,2026-09-28T16:06:52,Chaos Core,723055,20968595,29,,731358
5097,2026-09-28T16:36:08,2026-09-28T16:06:52,Chaos Core,723055,723055,1,,731358
5098,2026-09-28T16:38:06,2026-09-28T16:06:52,Chaos Core,728938,728938,1,,
5099,2026-09-28T16:38:39,2026-09-28T16:06:52,Chaos Core,732617,32235148,44,,750406
5100,2026-09-28T16:38:59,2026-09-28T16:06:52,Chaos Core,732617,24176361,33,,750406
5101,2026-09-28T16:40:02,2026-09-28T16:06:52,Chaos Core,734340,734340,1,,750406
5102,2026-09-28T16:42:29,2026-09-28T16:06:52,Chaos Core,745305,745305,1,,
5103,2026-09-28T16:43:13,2026-09-28T16:06:52,Chaos Core,720043,10800645,15,,750400
5104,2026-09-28T16:43:34,2026-09-28T16:06:52,Chaos Core,734340,734340,1,,750400
5105,2026-09-28T16:44:15,2026-09-28T16:06:52,Chaos Core,746000,1492000,2,,750400
5106,2026-09-28T16:46:08,2026-09-28T16:06:52,Chaos Core,746000,746000,1,,
5107,2026-09-28T16:50:25,2026-09-28T16:06:52,Upgrade Core Set (Ultimate) X 5,425425,2127125,5,,457912
5108,2026-09-28T16:50:30,2026-09-28T16:06:52,Upgrade Core Set (Ultimate) X 210,425425,89339250,210,,457912
5109,2026-09-28T16:52:10,2026-09-28T16:06:52,Chaos Core,750000,750000,1,,
5110,2026-09-28T16:52:47,2026-09-28T16:06:52,Chaos Core,732617,123812273,169,,750395
5111,2026-09-28T16:53:05,2026-09-28T16:06:52,Chaos Core,750000,750000,1,,750395
5112,2026-09-28T16:53:29,2026-09-28T16:06:52,Chaos Core,755555,755555,1,,750395
5113,2026-09-28T17:01:09,2026-09-28T16:56:37,Chaos Core,759980,759980,1,,
5114,2026-09-28T17:02:50,2026-09-28T16:56:37,Chaos Core,759980,759980,1,,
5115,2026-09-28T17:04:04,2026-09-28T16:56:37,Chaos Core,759980,759980,1,,
5116,2026-09-28T17:05:27,2026-09-28T16:56:37,Chaos Core,759980,759980,1,,
5117,2026-09-28T17:14:02,2026-09-28T16:56:37,Force Core Set (High) X 17,164705,2800000,17,,175000
5118,2026-09-28T17:20:55,2026-09-28T17:15:35,Force Core Set (High) X 15,172996,2594940,15,,178900
5119,2026-09-28T17:21:00,2026-09-28T17:15:35,Force Core Set (High) X 76,172996,13147696,76,,178900
5120,2026-09-28T17:21:07,2026-09-28T17:15:35,Force Core Set (High) X 1,172997,3978931,23,,178900
5121,2026-09-28T17:21:24,2026-09-28T17:15:35,Force Core Set (High) X 1,172997,11417802,66,,178900
5122,2026-09-28T17:22:07,2026-09-28T17:15:35,Force Core Set (High) X 10,172997,20759640,120,,178900
5123,2026-09-28T17:22:13,2026-09-28T17:15:35,Force Core Set (High) X 11,172997,1902967,11,,178900
5124,2026-09-28T17:22:19,2026-09-28T17:15:35,Force Core Set (High) X 69,172997,11936793,69,,178900
5125,2026-09-28T17:26:06,2026-09-28T17:15:35,Chaos Core,755753,755753,1,,
5126,2026-09-28T17:27:23,2026-09-28T17:15:35,Chaos Core,755753,755753,1,,
5127,2026-09-28T17:30:13,2026-09-28T17:15:35,Force Core Set (High) X 1,172998,691992,4,,178883
5128,2026-09-28T17:30:23,2026-09-28T17:15:35,Force Core Set (High) X 10,172998,31139640,180,,178883
5129,2026-09-28T17:31:07,2026-09-28T17:15:35,Force Core Set (Ultimate) X 2,355544,711088,2,,379997
5130,2026-09-28T17:31:12,2026-09-28T17:15:35,Force Core Set (Ultimate) X 5,355544,1777720,5,,379997
5131,2026-09-28T17:31:18,2026-09-28T17:15:35,Force Core Set (Ultimate) X 9,355544,3199904,9,,379997
5132,2026-09-28T17:31:23,2026-09-28T17:15:35,Force Core Set (Ultimate) X 83,355544,29510152,83,,379997
5133,2026-09-28T17:31:28,2026-09-28T17:15:35,Force Core Set (Ultimate) X 236,355544,83908384,236,,379997
5134,2026-09-28T17:32:43,2026-09-28T17:15:35,Force Core Set (Ultimate) X 1,355548,13510824,38,,379995
5135,2026-09-28T17:34:07,2026-09-28T17:15:35,Chaos Core,755753,755753,1,,
5136,2026-09-28T17:35:37,2026-09-28T17:15:35,Chaos Core,755753,755753,1,,
5137,2026-09-28T17:36:12,2026-09-28T17:15:35,Chaos Core,755753,755753,1,,
5138,2026-09-28T17:37:29,2026-09-28T17:15:35,Chaos Core,755753,755753,1,,
5139,2026-09-28T17:40:23,2026-09-28T17:15:35,Chaos Core,755753,755753,1,,
5140,2026-09-28T17:42:21,2026-09-28T17:15:35,Chaos Core,755753,755753,1,,
5141,2026-09-28T17:43:03,2026-09-28T17:15:35,Chaos Core,755193,755193,1,,
5142,2026-09-28T17:45:04,2026-09-28T17:15:35,Chaos Core,755753,755753,1,,
5143,2026-09-28T17:49:25,2026-09-28T17:15:35,Chaos Core,754034,104810726,139,,760699
5144,2026-09-28T17:49:53,2026-09-28T17:15:35,Chaos Core,755753,1511506,2,,760699
5145,2026-09-28T17:52:17,2026-09-28T17:15:35,Chaos Core,755753,755753,1,,
5146,2026-09-28T17:53:49,2026-09-28T17:15:35,Chaos Core,753435,753435,1,,
5147,2026-09-28T17:54:21,2026-09-28T17:15:35,Chaos Core,753435,753435,1,,
5148,2026-09-28T17:54:54,2026-09-28T17:15:35,Chaos Core,753435,148426695,197,,760691
5149,2026-09-28T17:55:08,2026-09-28T17:15:35,Chaos Core,755753,755753,1,,760691
5150,2026-09-28T17:57:07,2026-09-28T17:15:35,Chaos Core,752293,752293,1,,
5151,2026-09-28T17:58:01,2026-09-28T17:15:35,Chaos Core,752293,85761402,114,,760685
5152,2026-09-28T17:58:07,2026-09-28T17:15:35,Chaos Core,745000,25330000,34,,760685
5153,2026-09-28T17:58:13,2026-09-28T17:15:35,Chaos Core,745000,83440000,112,,760685
5154,2026-09-28T17:59:12,2026-09-28T17:15:35,Chaos Core,745000,745000,1,,760685
5155,2026-09-28T18:00:37,2026-09-28T17:15:35,Chaos Core,745000,73755000,99,,760684
5156,2026-09-28T18:00:48,2026-09-28T17:15:35,Chaos Core,745000,52150000,70,,760684
5157,2026-09-28T18:01:06,2026-09-28T17:15:35,Chaos Core,752293,1504586,2,,760684
5158,2026-09-28T18:14:20,2026-09-28T17:15:35,Chaos Core,737645,1475290,2,,760709
5159,2026-09-28T18:14:42,2026-09-28T17:15:35,Chaos Core,753435,753435,1,,760709
5160,2026-09-28T18:16:20,2026-09-28T17:15:35,Chaos Core,736993,11054895,15,,760709
5161,2026-09-28T18:34:40,2026-09-28T17:15:35,Chaos Core,735435,735435,1,,760725
5162,2026-09-28T18:35:21,2026-09-28T17:15:35,Chaos Core,759980,1519960,2,,760725
5163,2026-09-28T18:35:47,2026-09-28T17:15:35,Chaos Core,769999,11549985,15,,760725
5164,2026-09-28T18:50:08,2026-09-28T18:45:31,Chaos Core,769999,769999,1,,
5165,2026-09-28T18:51:32,2026-09-28T18:45:31,Chaos Core,769999,769999,1,,
5166,2026-09-28T18:52:06,2026-09-28T18:45:31,Chaos Core,769324,769324,1,,
5167,2026-09-28T18:53:13,2026-09-28T18:45:31,Chaos Core,768088,768088,1,,
5168,2026-09-28T18:56:48,2026-09-28T18:45:31,Chaos Core Set X 1,760725,2282175,3,,766966
5169,2026-09-28T18:57:01,2026-09-28T18:45:31,Chaos Core Set X 3,760725,2282175,3,,766966
5170,2026-09-28T18:57:14,2026-09-28T18:45:31,Chaos Core Set X 10,760725,30429000,40,,766966
5171,2026-09-28T18:57:24,2026-09-28T18:45:31,Chaos Core Set X 831,760725,632162475,831,,766966
5172,2026-09-28T18:57:51,2026-09-28T18:45:31,Chaos Core Set X 100,760725,152145000,200,,766966
5173,2026-09-28T19:36:19,2026-09-28T19:31:48,Chaos Core,767000,767000,1,,
5174,2026-09-28T19:37:39,2026-09-28T19:31:48,Chaos Core,767000,767000,1,,
5175,2026-09-28T19:38:15,2026-09-28T19:31:48,Chaos Core,767000,767000,1,,
5176,2026-09-28T19:39:18,2026-09-28T19:31:48,Chaos Core,767000,767000,1,,
5177,2026-09-28T19:44:18,2026-09-28T19:31:48,Chaos Core,765104,765104,1,,
5178,2026-09-28T19:50:13,2026-09-28T19:31:48,Chaos Core,762739,762739,1,,
5179,2026-09-28T19:51:25,2026-09-28T19:31:48,Chaos Core,730000,730000,1,,
5180,2026-09-28T19:51:58,2026-09-28T19:31:48,Chaos Core,730000,730000,1,,
5181,2026-09-28T19:52:31,2026-09-28T19:31:48,Chaos Core,730000,140160000,192,,760725
5182,2026-09-28T19:54:11,2026-09-28T19:31:48,Chaos Core,762739,762739,1,,
5183,2026-09-28T19:58:26,2026-09-28T19:31:48,Chaos Core,762739,762739,1,,
5184,2026-09-28T19:59:36,2026-09-28T19:31:48,Chaos Core,762739,762739,1,,
5185,2026-09-28T20:00:09,2026-09-28T19:31:48,Chaos Core,762739,762739,1,,
5186,2026-09-28T20:01:10,2026-09-28T19:31:48,Chaos Core,762052,762052,1,,
5187,2026-09-28T20:05:24,2026-09-28T19:31:48,Chaos Core,761500,761500,1,,
5188,2026-09-28T20:06:37,2026-09-28T19:31:48,Chaos Core,761500,761500,1,,
5189,2026-09-28T20:07:13,2026-09-28T19:31:48,Chaos Core,761500,761500,1,,
5190,2026-09-28T20:09:33,2026-09-28T19:31:48,Chaos Core,750000,166500000,222,,760716
5191,2026-09-28T20:11:16,2026-09-28T19:31:48,Chaos Core,749999,749999,1,,
5192,2026-09-28T20:12:33,2026-09-28T19:31:48,Chaos Core,749999,749999,1,,
5193,2026-09-28T20:13:07,2026-09-28T19:31:48,Chaos Core,749999,749999,1,,
5194,2026-09-28T20:14:12,2026-09-28T19:31:48,Chaos Core,749363,749363,1,,
5195,2026-09-28T20:19:17,2026-09-28T19:31:48,Chaos Core,750000,750000,1,,
5196,2026-09-28T20:23:36,2026-09-28T19:31:48,Chaos Core,746000,8952000,12,,760706
5197,2026-09-28T20:27:01,2026-09-28T19:31:48,Chaos Core,745327,745327,1,,
5198,2026-09-28T20:27:34,2026-09-28T19:31:48,Chaos Core,745327,745327,1,,
5199,2026-09-28T20:28:30,2026-09-28T19:31:48,Chaos Core,744058,744058,1,,
5200,2026-09-28T20:30:52,2026-09-28T19:31:48,Chaos Core,743485,5947880,8,,760689
5201,2026-09-28T20:31:02,2026-09-28T19:31:48,Chaos Core,744058,11904928,16,,760689
5202,2026-09-28T20:54:35,2026-09-28T19:31:48,Chaos Core,731435,10971525,15,,760633
5203,2026-09-28T20:54:41,2026-09-28T19:31:48,Chaos Core,731435,28525965,39,,760633
5204,2026-09-28T20:54:51,2026-09-28T19:31:48,Chaos Core,731435,83383590,114,,760633
5205,2026-09-28T20:56:05,2026-09-28T19:31:48,Chaos Core,731435,50469015,69,,760633
5206,2026-09-28T21:02:28,2026-09-28T19:31:48,Chaos Core,729449,17506776,24,,760619
5207,2026-09-28T21:23:17,2026-09-28T19:31:48,Chaos Core,720066,123131286,171,,760580
5208,2026-09-28T21:25:14,2026-09-28T19:31:48,Chaos Core,722455,106200885,147,,760576
5209,2026-09-28T21:26:35,2026-09-28T19:31:48,Chaos Core,724879,29720039,41,,760574
5210,2026-09-28T21:26:42,2026-09-28T19:31:48,Chaos Core,723051,27475938,38,,760574
5211,2026-09-28T21:26:48,2026-09-28T19:31:48,Chaos Core,717000,16491000,23,,760574
5212,2026-09-28T21:29:19,2026-09-28T19:31:48,Chaos Core,717000,717000,1,,
5213,2026-09-28T21:35:09,2026-09-28T19:31:48,Chaos Core,729449,729449,1,,
5214,2026-09-28T21:35:39,2026-09-28T19:31:48,Force Core Set (Ultimate) X 5,355544,56887040,160,,379852
5215,2026-09-28T21:35:43,2026-09-28T19:31:48,Force Core Set (Ultimate) X 314,355544,111640816,314,,379852
5216,2026-09-28T21:46:55,2026-09-28T21:43:24,Chaos Core,740000,740000,1,,
5217,2026-09-28T21:47:30,2026-09-28T21:43:24,Upgrade Core Set (Ultimate) X 5,445066,80111880,180,,457683
5218,2026-09-28T21:51:39,2026-09-28T21:43:24,Yekaterina VIP Membership,112333333,112333333,1,,
5219,2026-09-28T21:54:43,2026-09-28T21:43:24,Chaos Core,744058,744058,1,,
5220,2026-09-28T21:57:00,2026-09-28T21:43:24,Chaos Core,729449,729449,1,,760557
5221,2026-09-28T21:57:05,2026-09-28T21:43:24,Chaos Core,709723,709723,1,,760557
5222,2026-09-28T21:57:27,2026-09-28T21:43:24,Chaos Core,744058,42411306,57,,760557
5223,2026-09-28T21:58:52,2026-09-28T21:43:24,Chaos Core,744734,744734,1,,760557
5224,2026-09-28T21:59:29,2026-09-28T21:43:24,Chaos Core,745327,169934556,228,,760557
5225,2026-09-28T22:01:29,2026-09-28T21:43:24,Chaos Core,745000,745000,1,,
5226,2026-09-28T22:02:34,2026-09-28T21:43:24,Chaos Core,745000,745000,1,,
5227,2026-09-28T22:03:07,2026-09-28T21:43:24,Chaos Core,745000,745000,1,,
5228,2026-09-28T22:04:08,2026-09-28T21:43:24,Chaos Core,745000,745000,1,,
5229,2026-09-28T22:06:19,2026-09-28T21:43:24,Chaos Core,745000,62580000,84,,760541
5230,2026-09-28T22:06:28,2026-09-28T21:43:24,Chaos Core,745000,3725000,5,,760541
5231,2026-09-28T22:06:38,2026-09-28T21:43:24,Chaos Core,745000,11920000,16,,760541
5232,2026-09-28T22:09:30,2026-09-28T21:43:24,Chaos Core,745000,745000,1,,
5233,2026-09-28T22:10:36,2026-09-28T21:43:24,Chaos Core,745000,745000,1,,
5234,2026-09-28T22:11:09,2026-09-28T21:43:24,Chaos Core,745000,745000,1,,
5235,2026-09-28T22:12:04,2026-09-28T21:43:24,Chaos Core,745000,745000,1,,
5236,2026-09-28T22:16:04,2026-09-28T21:43:24,Chaos Core,742709,742709,1,,
5237,2026-09-28T22:17:10,2026-09-28T21:43:24,Chaos Core,742709,742709,1,,
5238,2026-09-28T22:22:00,2026-09-28T21:43:24,Chaos Core,742709,742709,1,,
5239,2026-09-28T22:23:07,2026-09-28T21:43:24,Chaos Core,742709,742709,1,,
5240,2026-09-28T22:23:42,2026-09-28T21:43:24,Chaos Core,743375,743375,1,,
5241,2026-09-28T22:24:42,2026-09-28T21:43:24,Chaos Core,742756,742756,1,,
5242,2026-09-28T22:44:24,2026-09-28T22:38:31,Chaos Core,720000,720000,1,,
5243,2026-09-28T22:45:28,2026-09-28T22:38:31,Chaos Core,720000,720000,1,,
5244,2026-09-28T22:53:46,2026-09-28T22:38:31,Chaos Core,715371,92282859,129,,740516
5245,2026-09-28T23:04:55,2026-09-28T22:38:31,Chaos Core,712286,26354582,37,,740495
5246,2026-09-28T23:05:02,2026-09-28T22:38:31,Chaos Core,710534,176922966,249,,740495
5247,2026-09-28T23:05:11,2026-09-28T22:38:31,Chaos Core,710534,1421068,2,,740495
5248,2026-09-28T23:21:36,2026-09-28T22:38:31,Chaos Core,710434,710434,1,,
5249,2026-09-28T23:28:19,2026-09-28T22:38:31,Chaos Core,717640,15788080,22,,734091
5250,2026-09-28T23:28:43,2026-09-28T22:38:31,Chaos Core,720000,26640000,37,,734091
5251,2026-09-28T23:28:59,2026-09-28T22:38:31,Chaos Core,720000,99360000,138,,734091
5252,2026-09-28T23:29:16,2026-09-28T22:38:31,Chaos Core,720000,720000,1,,734091
5253,2026-09-28T23:32:35,2026-09-28T22:38:31,Chaos Core,720000,720000,1,,
5254,2026-09-28T23:33:08,2026-09-28T22:38:31,Chaos Core,720000,720000,1,,
5255,2026-09-28T23:33:43,2026-09-28T22:38:31,Chaos Core,720000,720000,1,,
5256,2026-09-28T23:34:31,2026-09-28T22:38:31,Chaos Core,720000,720000,1,,
5257,2026-09-28T23:37:57,2026-09-28T22:38:31,Upgrade Core Set (Ultimate) X 12,445066,5340792,12,,457670
5258,2026-09-28T23:40:20,2026-09-28T22:38:31,Chaos Core,721724,721724,1,,
5259,2026-09-28T23:41:05,2026-09-28T22:38:31,Chaos Core,721724,721724,1,,
5260,2026-09-28T23:45:26,2026-09-28T22:38:31,Chaos Core,721724,721724,1,,
5261,2026-09-28T23:45:59,2026-09-28T22:38:31,Chaos Core,721724,721724,1,,
5262,2026-09-28T23:46:32,2026-09-28T22:38:31,Chaos Core,721724,721724,1,,
5263,2026-09-28T23:47:16,2026-09-28T22:38:31,Chaos Core,721058,721058,1,,
5264,2026-09-28T23:50:38,2026-09-28T22:38:31,Upgrade Core Set (Ultimate) X 62,445066,27594092,62,,457670
5265,2026-09-28T23:52:14,2026-09-28T22:38:31,Chaos Core,719875,719875,1,,
5266,2026-09-28T23:57:32,2026-09-28T22:38:31,Chaos Core,719875,719875,1,,
5267,2026-09-28T23:58:05,2026-09-28T22:38:31,Chaos Core,719875,719875,1,,
5268,2026-09-28T23:58:40,2026-09-28T22:38:31,Chaos Core,719875,719875,1,,
5269,2026-09-29T00:00:18,2026-09-28T22:38:31,Chaos Core,718000,718000,1,,
5270,2026-09-29T00:04:11,2026-09-28T22:38:31,Chaos Core,718000,15796000,22,,734061
5271,2026-09-29T00:04:41,2026-09-28T22:38:31,Chaos Core,719875,99342750,138,,734061
5272,2026-09-29T00:05:02,2026-09-28T22:38:31,Chaos Core,719875,17996875,25,,734061
5273,2026-09-29T00:05:14,2026-09-28T22:38:31,Chaos Core,719875,719875,1,,734061
5274,2026-09-29T00:07:44,2026-09-28T22:38:31,Force Core Set (Ultimate) X 1,355544,355544,1,,379828
5275,2026-09-29T00:07:49,2026-09-28T22:38:31,Force Core Set (Ultimate) X 4,355544,1422176,4,,379828
5276,2026-09-29T00:07:55,2026-09-28T22:38:31,Force Core Set (Ultimate) X 10,355544,46220720,130,,379828
5277,2026-09-29T00:07:59,2026-09-28T22:38:31,Force Core Set (Ultimate) X 12,355544,4266528,12,,379828
5278,2026-09-29T00:09:31,2026-09-28T22:38:31,Chaos Core,719875,719875,1,,
5279,2026-09-29T00:10:58,2026-09-28T22:38:31,Chaos Core,719875,719875,1,,
5280,2026-09-29T00:12:57,2026-09-28T22:38:31,Chaos Core,698234,698234,1,,
5281,2026-09-29T00:13:42,2026-09-28T22:38:31,Chaos Core,698234,698234,1,,
5282,2026-09-29T00:17:00,2026-09-28T22:38:31,Force Core Set (Highest) X 1,190000,190000,1,,207973
5283,2026-09-29T00:17:41,2026-09-28T22:38:31,Upgrade Core Set (Ultimate) X 54,445066,24033564,54,,457669
5284,2026-09-29T00:18:40,2026-09-28T22:38:31,Force Core Set (Ultimate) X 12,357806,4293672,12,,379827
5285,2026-09-29T00:20:11,2026-09-28T22:38:31,Chaos Core,719875,719875,1,,
5286,2026-09-29T00:20:45,2026-09-28T22:38:31,Chaos Core,719875,719875,1,,
5287,2026-09-29T00:21:18,2026-09-28T22:38:31,Chaos Core,719875,719875,1,,
5288,2026-09-29T00:22:01,2026-09-28T22:38:31,Chaos Core,717997,717997,1,,
5289,2026-09-29T00:25:43,2026-09-28T22:38:31,Force Core Set (High) X 1,130000,130000,1,,172998
5290,2026-09-29T00:26:20,2026-09-28T22:38:31,Force Core Set (Highest) X 1,190000,190000,1,,207972
5291,2026-09-29T00:26:25,2026-09-28T22:38:31,Force Core Set (Highest) X 24,190000,4560000,24,,207972
5292,2026-09-29T00:27:07,2026-09-28T22:38:31,Upgrade Core Set (Ultimate) X 191,445066,85007606,191,,457666
5293,2026-09-29T00:27:45,2026-09-28T22:38:31,Force Core Set (Ultimate) X 32,355544,11377408,32,,379859
5294,2026-09-29T00:27:50,2026-09-28T22:38:31,Force Core Set (Ultimate) X 120,355544,42665280,120,,379859
5295,2026-09-29T00:44:20,2026-09-29T00:40:28,Force Core Set (Highest) X 1,190000,190000,1,,207969
5296,2026-09-29T00:44:24,2026-09-29T00:40:28,Force Core Set (Highest) X 11,190000,2090000,11,,207969
5297,2026-09-29T00:44:29,2026-09-29T00:40:28,Force Core Set (Highest) X 43,190000,8170000,43,,207969
5298,2026-09-29T00:44:34,2026-09-29T00:40:28,Force Core Set (Highest) X 50,190000,9500000,50,,207969
5299,2026-09-29T00:45:12,2026-09-29T00:40:28,Force Core Set (Ultimate) X 25,355544,8888600,25,,379858
5300,2026-09-29T00:47:35,2026-09-29T00:40:28,Chaos Core,721724,721724,1,,
5301,2026-09-29T00:52:17,2026-09-29T00:40:28,Chaos Core,721198,721198,1,,
5302,2026-09-29T00:52:50,2026-09-29T00:40:28,Chaos Core,720645,720645,1,,
5303,2026-09-29T00:53:23,2026-09-29T00:40:28,Chaos Core,720645,720645,1,,
5304,2026-09-29T00:58:40,2026-09-29T00:40:28,Chaos Core,720645,720645,1,,
5305,2026-09-29T00:59:14,2026-09-29T00:40:28,Chaos Core,720645,720645,1,,
5306,2026-09-29T00:59:57,2026-09-29T00:40:28,Chaos Core,718951,718951,1,,
5307,2026-09-29T01:04:02,2026-09-29T00:40:28,Force Core Set (Highest) X 1,195000,195000,1,,207959
5308,2026-09-29T01:19:37,2026-09-29T00:40:28,Force Core Set (Ultimate) X 116,355544,41243104,116,,379840
5309,2026-09-29T01:20:55,2026-09-29T00:40:28,Chaos Core,711070,711070,1,,
5310,2026-09-29T01:21:29,2026-09-29T00:40:28,Chaos Core,711070,711070,1,,
5311,2026-09-29T01:35:48,2026-09-29T00:40:28,Chaos Core,720000,720000,1,,
5312,2026-09-29T01:36:21,2026-09-29T00:40:28,Chaos Core,720000,720000,1,,
5313,2026-09-29T01:36:56,2026-09-29T00:40:28,Chaos Core,720000,720000,1,,
5314,2026-09-29T01:37:43,2026-09-29T00:40:28,Chaos Core,720000,720000,1,,
5315,2026-09-29T01:52:04,2026-09-29T00:40:28,Chaos Core,720645,720645,1,,
5316,2026-09-29T01:52:37,2026-09-29T00:40:28,Chaos Core,720645,720645,1,,
5317,2026-09-29T01:53:12,2026-09-29T00:40:28,Chaos Core,720645,720645,1,,
5318,2026-09-29T01:53:57,2026-09-29T00:40:28,Chaos Core,720645,720645,1,,
5319,2026-09-29T01:58:21,2026-09-29T00:40:28,Chaos Core,720132,720132,1,,
5320,2026-09-29T01:58:58,2026-09-29T00:40:28,Chaos Core,720645,720645,1,,
5321,2026-09-29T01:59:30,2026-09-29T00:40:28,Chaos Core,718939,718939,1,,
5322,2026-09-29T02:04:23,2026-09-29T00:40:28,Chaos Core,718939,718939,1,,
5323,2026-09-29T02:04:56,2026-09-29T00:40:28,Chaos Core,719460,719460,1,,
5324,2026-09-29T02:05:33,2026-09-29T00:40:28,Chaos Core,721724,721724,1,,
5325,2026-09-29T02:06:27,2026-09-29T00:40:28,Chaos Core,721724,721724,1,,
5326,2026-09-29T02:15:29,2026-09-29T02:11:31,Force Core Set (Highest) X 19,196925,3741575,19,,204990
5327,2026-09-29T02:16:49,2026-09-29T02:11:31,Chaos Core,721724,721724,1,,
5328,2026-09-29T02:18:11,2026-09-29T02:11:31,Chaos Core,721724,721724,1,,
5329,2026-09-29T02:19:20,2026-09-29T02:11:31,Chaos Core,720000,720000,1,,
5330,2026-09-29T02:19:52,2026-09-29T02:11:31,Chaos Core,720000,720000,1,,
5331,2026-09-29T02:20:28,2026-09-29T02:11:31,Chaos Core,719454,719454,1,,
5332,2026-09-29T02:21:15,2026-09-29T02:11:31,Chaos Core,719454,719454,1,,
5333,2026-09-29T02:24:58,2026-09-29T02:11:31,Upgrade Core Set (Ultimate) X 10,445066,80111880,180,,457516
5334,2026-09-29T02:25:40,2026-09-29T02:11:31,Upgrade Core Set (Ultimate) X 10,445066,80111880,180,,457516
5335,2026-09-29T02:27:06,2026-09-29T02:11:31,Chaos Core,717730,717730,1,,
5336,2026-09-29T02:28:30,2026-09-29T02:11:31,Chaos Core,715999,715999,1,,
5337,2026-09-29T02:43:34,2026-09-29T02:11:31,Upgrade Core Set (Ultimate) X 10,445066,80111880,180,,457492
5338,2026-09-29T02:49:03,2026-09-29T02:11:31,Upgrade Core Set (Ultimate) X 20,445066,8901320,20,,457481
5339,2026-09-29T02:49:08,2026-09-29T02:11:31,Upgrade Core Set (Ultimate) X 23,445066,10236518,23,,457481
5340,2026-09-29T02:49:13,2026-09-29T02:11:31,Upgrade Core Set (Ultimate) X 25,445066,11126650,25,,457481
5341,2026-09-29T02:49:17,2026-09-29T02:11:31,Upgrade Core Set (Ultimate) X 35,445066,15577310,35,,457481
5342,2026-09-29T02:49:23,2026-09-29T02:11:31,Upgrade Core Set (Ultimate) X 44,445066,19582904,44,,457481
5343,2026-09-29T02:54:50,2026-09-29T02:11:31,Upgrade Core Set (Ultimate) X 393,445066,174910938,393,,457474
5344,2026-09-29T02:57:24,2026-09-29T02:11:31,Chaos Core,703416,703416,1,,
5345,2026-09-29T02:57:57,2026-09-29T02:11:31,Chaos Core,703416,703416,1,,
5346,2026-09-29T02:58:34,2026-09-29T02:11:31,Chaos Core,703416,703416,1,,
5347,2026-09-29T02:59:20,2026-09-29T02:11:31,Chaos Core,702223,702223,1,,
5348,2026-09-29T03:19:15,2026-09-29T02:11:31,Force Core Set (Highest) X 87,196925,17132475,87,,204959
5349,2026-09-29T03:20:54,2026-09-29T02:11:31,Chaos Core,703416,703416,1,,
5350,2026-09-29T03:21:31,2026-09-29T02:11:31,Chaos Core,703416,703416,1,,
5351,2026-09-29T03:22:34,2026-09-29T02:11:31,Chaos Core,703416,703416,1,,
5352,2026-09-29T03:35:55,2026-09-29T03:28:47,Chaos Core,703416,703416,1,,
5353,2026-09-29T03:36:29,2026-09-29T03:28:47,Chaos Core,703416,703416,1,,
5354,2026-09-29T03:37:03,2026-09-29T03:28:47,Chaos Core,703416,703416,1,,
5355,2026-09-29T03:37:50,2026-09-29T03:28:47,Chaos Core,703416,703416,1,,
5356,2026-09-29T04:14:12,2026-09-29T03:28:47,Chaos Core,699998,699998,1,,
5357,2026-09-29T04:19:19,2026-09-29T03:28:47,Chaos Core,703416,703416,1,,
5358,2026-09-29T04:19:51,2026-09-29T03:28:47,Chaos Core,703416,703416,1,,
5359,2026-09-29T04:20:26,2026-09-29T03:28:47,Chaos Core,703416,703416,1,,
5360,2026-09-29T04:21:13,2026-09-29T03:28:47,Chaos Core,703416,703416,1,,
5361,2026-09-29T04:36:18,2026-09-29T03:28:47,Chaos Core,696375,696375,1,,
5362,2026-09-29T04:41:48,2026-09-29T03:28:47,Chaos Core,694060,694060,1,,
5363,2026-09-29T04:42:23,2026-09-29T03:28:47,Chaos Core,694060,694060,1,,
5364,2026-09-29T04:42:56,2026-09-29T03:28:47,Chaos Core,694060,694060,1,,
5365,2026-09-29T04:43:43,2026-09-29T03:28:47,Chaos Core,694060,694060,1,,
5366,2026-09-29T05:04:10,2026-09-29T03:28:47,Chaos Core,700000,700000,1,,
5367,2026-09-29T05:04:45,2026-09-29T03:28:47,Chaos Core,700000,700000,1,,
5368,2026-09-29T05:10:06,2026-09-29T03:28:47,Chaos Core,715999,715999,1,,
5369,2026-09-29T05:10:39,2026-09-29T03:28:47,Chaos Core,715999,715999,1,,
5370,2026-09-29T05:11:15,2026-09-29T03:28:47,Chaos Core,715999,715999,1,,
5371,2026-09-29T05:11:58,2026-09-29T03:28:47,Chaos Core,714000,714000,1,,
5372,2026-09-29T05:22:24,2026-09-29T03:28:47,Chaos Core,713340,713340,1,,
5373,2026-09-29T05:23:14,2026-09-29T03:28:47,Chaos Core,715999,715999,1,,
5374,2026-09-29T05:28:50,2026-09-29T03:28:47,Epic Booster (Highest),46805555,187222220,4,,
5375,2026-09-29T05:29:59,2026-09-29T03:28:47,Chaos Core,718000,718000,1,,
5376,2026-09-29T05:30:52,2026-09-29T03:28:47,Chaos Core,719454,719454,1,,
5377,2026-09-29T05:40:32,2026-09-29T03:28:47,Chaos Core,720000,720000,1,,
5378,2026-09-29T05:41:05,2026-09-29T03:28:47,Chaos Core,720000,720000,1,,
5379,2026-09-29T05:42:32,2026-09-29T03:28:47,Chaos Core,720000,720000,1,,
5380,2026-09-29T05:44:28,2026-09-29T03:28:47,Chaos Core,718257,718257,1,,
5381,2026-09-29T05:53:00,2026-09-29T03:28:47,Force Core Set (Highest) X 1,196925,22646375,115,,204952
5382,2026-09-29T05:54:29,2026-09-29T03:28:47,Chaos Core,716013,716013,1,,
5383,2026-09-29T05:55:02,2026-09-29T03:28:47,Chaos Core,716013,716013,1,,
5384,2026-09-29T05:56:29,2026-09-29T03:28:47,Chaos Core,716013,716013,1,,
5385,2026-09-29T05:58:31,2026-09-29T03:28:47,Chaos Core,713511,713511,1,,
5386,2026-09-29T06:12:42,2026-09-29T03:28:47,Chaos Core,709000,709000,1,,
5387,2026-09-29T06:13:14,2026-09-29T03:28:47,Chaos Core,709000,709000,1,,
5388,2026-09-29T06:13:49,2026-09-29T03:28:47,Chaos Core,709000,709000,1,,
5389,2026-09-29T06:14:32,2026-09-29T03:28:47,Chaos Core,707174,707174,1,,
5390,2026-09-29T06:22:56,2026-09-29T03:28:47,Force Core Set (Highest) X 17,196925,3347725,17,,204979
5391,2026-09-29T06:23:01,2026-09-29T03:28:47,Force Core Set (Highest) X 52,196925,10240100,52,,204979
5392,2026-09-29T06:23:06,2026-09-29T03:28:47,Force Core Set (Highest) X 100,196925,19692500,100,,204979
5393,2026-09-29T06:23:50,2026-09-29T03:28:47,Force Core Set (Highest) X 1,196925,1575400,8,,204979
5394,2026-09-29T06:26:43,2026-09-29T03:28:47,Epic Booster (Highest),46805555,187222220,4,,
5395,2026-09-29T06:36:03,2026-09-29T03:28:47,Chaos Core,720000,720000,1,,
5396,2026-09-29T06:36:35,2026-09-29T03:28:47,Chaos Core,720000,720000,1,,
5397,2026-09-29T06:37:09,2026-09-29T03:28:47,Chaos Core,720000,720000,1,,
5398,2026-09-29T06:37:57,2026-09-29T03:28:47,Chaos Core,720000,720000,1,,
5399,2026-09-29T06:58:21,2026-09-29T03:28:47,Chaos Core,721724,721724,1,,
5400,2026-09-29T06:58:54,2026-09-29T03:28:47,Chaos Core,721724,721724,1,,
5401,2026-09-29T06:59:34,2026-09-29T03:28:47,Chaos Core,721724,721724,1,,
5402,2026-09-29T07:00:20,2026-09-29T03:28:47,Chaos Core,721724,721724,1,,
5403,2026-09-29T07:03:41,2026-09-29T03:28:47,Force Core Set (Highest) X 4,196900,787600,4,,204906
5404,2026-09-29T07:05:40,2026-09-29T03:28:47,Epic Booster (Highest),46805555,187222220,4,,
5405,2026-09-29T07:06:17,2026-09-29T03:28:47,Chaos Core,721724,721724,1,,
5406,2026-09-29T07:06:52,2026-09-29T03:28:47,Chaos Core,721724,721724,1,,
5407,2026-09-29T07:07:32,2026-09-29T03:28:47,Chaos Core,721724,721724,1,,
5408,2026-09-29T07:08:27,2026-09-29T03:28:47,Chaos Core,721724,721724,1,,
5409,2026-09-29T07:11:59,2026-09-29T03:28:47,Force Core Set (High) X 20,167220,30099600,180,,179105
5410,2026-09-29T07:12:43,2026-09-29T03:28:47,Force Core Set (High) X 20,167220,30099600,180,,179099
5411,2026-09-29T07:13:24,2026-09-29T03:28:47,Force Core Set (High) X 24,167220,4013280,24,,179099
5412,2026-09-29T07:13:29,2026-09-29T03:28:47,Force Core Set (High) X 37,167220,6187140,37,,179099
5413,2026-09-29T07:13:34,2026-09-29T03:28:47,Force Core Set (High) X 43,167220,7190460,43,,179099
5414,2026-09-29T07:13:39,2026-09-29T03:28:47,Force Core Set (High) X 45,167220,7524900,45,,179099
5415,2026-09-29T07:13:43,2026-09-29T03:28:47,Force Core Set (High) X 46,167220,7692120,46,,179099
5416,2026-09-29T09:01:50,2026-09-29T08:53:34,Epic Booster (Highest),46805555,187222220,4,,
5417,2026-09-29T09:02:36,2026-09-29T08:53:34,Chaos Core,721724,721724,1,,
5418,2026-09-29T09:03:10,2026-09-29T08:53:34,Chaos Core,721724,721724,1,,
5419,2026-09-29T09:04:02,2026-09-29T08:53:34,Chaos Core,721724,721724,1,,733757
5420,2026-09-29T09:04:11,2026-09-29T08:53:34,Chaos Core,721724,721724,1,,733757
5421,2026-09-29T09:04:31,2026-09-29T08:53:34,Chaos Core,721724,721724,1,,733757
5422,2026-09-29T09:04:43,2026-09-29T08:53:34,Chaos Core,721724,173213760,240,,733757
5423,2026-09-29T09:06:05,2026-09-29T08:53:34,Chaos Core,721724,721724,1,,733755
5424,2026-09-29T09:06:23,2026-09-29T08:53:34,Chaos Core,721724,721724,1,,733755
5425,2026-09-29T09:06:42,2026-09-29T08:53:34,Chaos Core,721724,721724,1,,733755
5426,2026-09-29T09:07:01,2026-09-29T08:53:34,Chaos Core,721724,721724,1,,733755
5427,2026-09-29T09:07:20,2026-09-29T08:53:34,Chaos Core,721724,721724,1,,733755
5428,2026-09-29T09:07:45,2026-09-29T08:53:34,Chaos Core,721724,721724,1,,733755
5429,2026-09-29T09:08:12,2026-09-29T08:53:34,Chaos Core,721724,721724,1,,733755
5430,2026-09-29T09:08:18,2026-09-29T08:53:34,Chaos Core,720539,10808085,15,,733755
5431,2026-09-29T09:08:37,2026-09-29T08:53:34,Chaos Core,721724,721724,1,,733755
5432,2026-09-29T09:08:58,2026-09-29T08:53:34,Chaos Core,721724,1443448,2,,733755
5433,2026-09-29T09:09:11,2026-09-29T08:53:34,Chaos Core,721724,179709276,249,,733755
5434,2026-09-29T09:09:32,2026-09-29T08:53:34,Chaos Core,721724,1443448,2,,733755
5435,2026-09-29T09:11:04,2026-09-29T08:53:34,Chaos Core,721724,17321376,24,,733748
5436,2026-09-29T09:11:11,2026-09-29T08:53:34,Chaos Core,720539,56202042,78,,733748
5437,2026-09-29T09:12:15,2026-09-29T08:53:34,Chaos Core,720539,150592651,209,,733748
5438,2026-09-29T09:12:38,2026-09-29T08:53:34,Chaos Core,721724,721724,1,,733748
5439,2026-09-29T09:13:55,2026-09-29T08:53:34,Chaos Core,720539,720539,1,,733741
5440,2026-09-29T09:14:22,2026-09-29T08:53:34,Chaos Core,721724,721724,1,,733741
5441,2026-09-29T09:14:39,2026-09-29T08:53:34,Chaos Core,720539,37468028,52,,733741
5442,2026-09-29T09:14:46,2026-09-29T08:53:34,Chaos Core,720539,46835035,65,,733741
5443,2026-09-29T09:15:04,2026-09-29T08:53:34,Chaos Core,721724,721724,1,,733741
5444,2026-09-29T09:15:25,2026-09-29T08:53:34,Chaos Core,721724,86606880,120,,733741
5445,2026-09-29T09:16:33,2026-09-29T08:53:34,Chaos Core,720000,93600000,130,,733734
5446,2026-09-29T09:16:40,2026-09-29T08:53:34,Chaos Core,720000,148320000,206,,733734
5447,2026-09-29T09:18:08,2026-09-29T08:53:34,Chaos Core,720000,164880000,229,,733733
5448,2026-09-29T09:18:15,2026-09-29T08:53:34,Chaos Core,720000,1440000,2,,733733
5449,2026-09-29T09:20:24,2026-09-29T08:53:34,Chaos Core,719346,719346,1,,
5450,2026-09-29T09:21:03,2026-09-29T08:53:34,Yekaterina VIP Membership,112333333,112333333,1,,
5451,2026-09-29T09:21:40,2026-09-29T08:53:34,Chaos Core,718079,718079,1,,
5452,2026-09-29T09:41:42,2026-09-29T08:53:34,Epic Booster (Highest),46805555,187222220,4,,
5453,2026-09-29T09:42:21,2026-09-29T08:53:34,Chaos Core,715000,715000,1,,
5454,2026-09-29T09:42:57,2026-09-29T08:53:34,Chaos Core,715000,715000,1,,
5455,2026-09-29T09:43:33,2026-09-29T08:53:34,Chaos Core,715000,715000,1,,
5456,2026-09-29T09:45:04,2026-09-29T08:53:34,Yekaterina VIP Membership,112333333,112333333,1,,
5457,2026-09-29T09:45:46,2026-09-29T08:53:34,Chaos Core,715000,715000,1,,
5458,2026-09-29T09:50:11,2026-09-29T08:53:34,Force Core Set (High) X 148,167217,24748116,148,,178996
5459,2026-09-29T09:50:16,2026-09-29T08:53:34,Force Core Set (High) X 156,167217,26085852,156,,178996
5460,2026-09-29T09:52:19,2026-09-29T08:53:34,Chaos Core,719346,719346,1,,
5461,2026-09-29T09:54:42,2026-09-29T08:53:34,Chaos Core,719346,719346,1,,
5462,2026-09-29T09:55:55,2026-09-29T08:53:34,Chaos Core,715099,715099,1,,
5463,2026-09-29T10:01:12,2026-09-29T08:53:34,Force Core Set (Highest) X 25,181818,4545450,25,,198098
5464,2026-09-29T10:01:18,2026-09-29T08:53:34,Force Core Set (Highest) X 319,181818,57999999,319,,198098
5465,2026-09-29T10:03:12,2026-09-29T08:53:34,Chaos Core,725000,725000,1,,
5466,2026-09-29T10:03:56,2026-09-29T08:53:34,Chaos Core,721809,721809,1,,
5467,2026-09-29T10:04:28,2026-09-29T08:53:34,Chaos Core,714564,714564,1,,
5468,2026-09-29T10:05:24,2026-09-29T08:53:34,Chaos Core,721724,721724,1,,
5469,2026-09-29T10:08:16,2026-09-29T08:53:34,Chaos Core,720539,107360311,149,,733650
5470,2026-09-29T10:08:28,2026-09-29T08:53:34,Chaos Core,730000,730000,1,,733650
5471,2026-09-29T10:09:25,2026-09-29T08:53:34,Chaos Core,720539,36747489,51,,733648
5472,2026-09-29T10:11:58,2026-09-29T08:53:34,Chaos Core,720539,10808085,15,,733657
5473,2026-09-29T10:13:28,2026-09-29T08:53:34,Chaos Core,721724,2165172,3,,733657
5474,2026-09-29T10:14:20,2026-09-29T08:53:34,Force Core Set (High) X 210,167219,35115990,210,,178984
5475,2026-09-29T10:15:55,2026-09-29T08:53:34,Chaos Core,721724,721724,1,,
5476,2026-09-29T10:16:35,2026-09-29T08:53:34,Chaos Core,721724,721724,1,,
5477,2026-09-29T10:17:25,2026-09-29T08:53:34,Chaos Core,721724,721724,1,,
5478,2026-09-29T10:18:09,2026-09-29T08:53:34,Chaos Core,721724,721724,1,,
5479,2026-09-29T10:22:28,2026-09-29T08:53:34,Force Core Set (High) X 1,167218,18059544,108,,178978
5480,2026-09-29T10:22:33,2026-09-29T08:53:34,Force Core Set (High) X 28,167218,4682104,28,,178978
5481,2026-09-29T10:22:44,2026-09-29T08:53:34,Force Core Set (High) X 60,167220,10033200,60,,178978
5482,2026-09-29T10:23:22,2026-09-29T08:53:34,Force Core Set (Ultimate) X 10,298540,53737200,180,,355544
5483,2026-09-29T10:24:04,2026-09-29T08:53:34,Force Core Set (Ultimate) X 10,298540,53737200,180,,355543
5484,2026-09-29T10:25:17,2026-09-29T08:53:34,Chaos Core,721724,721724,1,,
5485,2026-09-29T10:25:51,2026-09-29T08:53:34,Chaos Core,721724,721724,1,,
5486,2026-09-29T10:26:34,2026-09-29T08:53:34,Chaos Core,721724,721724,1,,
5487,2026-09-29T10:27:23,2026-09-29T08:53:34,Chaos Core,721724,721724,1,,
5488,2026-09-29T10:32:53,2026-09-29T08:53:34,Epic Booster (Highest),46805555,187222220,4,,
5489,2026-09-29T10:41:16,2026-09-29T08:53:34,Chaos Core,714550,134335400,188,,720720
5490,2026-09-29T10:41:23,2026-09-29T08:53:34,Chaos Core,714550,714550,1,,720720
5491,2026-09-29T10:44:37,2026-09-29T08:53:34,Chaos Core,714550,104324300,146,,720717
5492,2026-09-29T10:45:04,2026-09-29T08:53:34,Chaos Core,717003,717003,1,,720717
5493,2026-09-29T10:54:50,2026-09-29T08:53:34,Chaos Core,711393,25610148,36,,720715
5494,2026-09-29T11:01:08,2026-09-29T08:53:34,Force Core Set (High) X 186,167218,31102548,186,,178933
5495,2026-09-29T11:03:43,2026-09-29T08:53:34,Epic Booster (Highest),46805555,187222220,4,,
5496,2026-09-29T11:04:20,2026-09-29T08:53:34,Chaos Core,719362,719362,1,,
5497,2026-09-29T11:04:52,2026-09-29T08:53:34,Chaos Core,719362,719362,1,,
5498,2026-09-29T11:05:32,2026-09-29T08:53:34,Chaos Core,719362,719362,1,,
5499,2026-09-29T11:06:18,2026-09-29T08:53:34,Chaos Core,719362,719362,1,,
5500,2026-09-29T11:08:28,2026-09-29T08:53:34,Chaos Core,721724,68563780,95,,733936
5501,2026-09-29T11:08:41,2026-09-29T08:53:34,Chaos Core,721724,84441708,117,,733936
5502,2026-09-29T11:08:53,2026-09-29T08:53:34,Chaos Core,721724,721724,1,,733936
5503,2026-09-29T11:10:01,2026-09-29T08:53:34,Chaos Core,716891,77424228,108,,733934
5504,2026-09-29T11:10:17,2026-09-29T08:53:34,Chaos Core,721724,12269308,17,,733934
5505,2026-09-29T11:10:53,2026-09-29T08:53:34,Chaos Core,721809,18767034,26,,733934
5506,2026-09-29T11:11:05,2026-09-29T08:53:34,Chaos Core,721809,1443618,2,,733934
5507,2026-09-29T11:12:15,2026-09-29T08:53:34,Chaos Core,721809,106105923,147,,733931
5508,2026-09-29T11:15:29,2026-09-29T08:53:34,Epic Booster (Highest),46805555,187222220,4,,
5509,2026-09-29T11:16:06,2026-09-29T08:53:34,Chaos Core,728000,728000,1,,
5510,2026-09-29T11:16:39,2026-09-29T08:53:34,Chaos Core,728000,728000,1,,
5511,2026-09-29T11:17:18,2026-09-29T08:53:34,Chaos Core,728000,728000,1,,
5512,2026-09-29T11:18:02,2026-09-29T08:53:34,Chaos Core,726879,726879,1,,
5513,2026-09-29T11:22:02,2026-09-29T08:53:34,Chaos Core,726879,726879,1,,
5514,2026-09-29T11:22:35,2026-09-29T08:53:34,Chaos Core,726879,726879,1,,
5515,2026-09-29T11:23:15,2026-09-29T08:53:34,Chaos Core,726879,726879,1,,
5516,2026-09-29T11:23:57,2026-09-29T08:53:34,Chaos Core,724963,724963,1,,
5517,2026-09-29T11:27:36,2026-09-29T08:53:34,Chaos Core,725634,21043386,29,,733912
5518,2026-09-29T11:27:49,2026-09-29T08:53:34,Chaos Core,726879,61784715,85,,733912
5519,2026-09-29T11:28:05,2026-09-29T08:53:34,Chaos Core,726879,103216818,142,,733912
5520,2026-09-29T11:28:10,2026-09-29T08:53:34,Chaos Core,724425,1448850,2,,733912
5521,2026-09-29T11:30:02,2026-09-29T08:53:34,Force Core Set (Ultimate) X 1,341772,341772,1,,355525
5522,2026-09-29T11:30:06,2026-09-29T08:53:34,Force Core Set (Ultimate) X 3,341772,1025316,3,,355525
5523,2026-09-29T11:30:11,2026-09-29T08:53:34,Force Core Set (Ultimate) X 8,341772,2734176,8,,355525
5524,2026-09-29T11:30:17,2026-09-29T08:53:34,Force Core Set (Ultimate) X 10,341772,3417720,10,,355525
5525,2026-09-29T11:30:21,2026-09-29T08:53:34,Force Core Set (Ultimate) X 28,341772,9569616,28,,355525
5526,2026-09-29T11:37:26,2026-09-29T08:53:34,Chaos Core,722073,127806921,177,,733895
5527,2026-09-29T11:39:44,2026-09-29T08:53:34,Chaos Core,721809,44030349,61,,733933
5528,2026-09-29T11:41:36,2026-09-29T08:53:34,Chaos Core,728000,1456000,2,,733933
5529,2026-09-29T11:45:04,2026-09-29T08:53:34,Chaos Core,728000,728000,1,,
5530,2026-09-29T11:45:39,2026-09-29T08:53:34,Chaos Core,718000,99802000,139,,733930
5531,2026-09-29T11:46:02,2026-09-29T08:53:34,Chaos Core,728000,728000,1,,733930
5532,2026-09-29T11:46:09,2026-09-29T08:53:34,Chaos Core,728000,728000,1,,733930
5533,2026-09-29T11:49:50,2026-09-29T08:53:34,Chaos Core,728000,78624000,108,,733928
5534,2026-09-29T11:49:59,2026-09-29T08:53:34,Chaos Core,728000,60424000,83,,733928
5535,2026-09-29T11:50:08,2026-09-29T08:53:34,Chaos Core,728000,728000,1,,733928
5536,2026-09-29T11:51:39,2026-09-29T08:53:34,Chaos Core,728000,82264000,113,,733929
5537,2026-09-29T11:51:45,2026-09-29T08:53:34,Chaos Core,728000,5824000,8,,733929
5538,2026-09-29T11:51:54,2026-09-29T08:53:34,Chaos Core,728000,142688000,196,,733929
5539,2026-09-29T11:52:06,2026-09-29T08:53:34,Chaos Core,728000,728000,1,,733929
5540,2026-09-29T11:54:02,2026-09-29T08:53:34,Upgrade Core Set (Ultimate) X 13,415583,5402579,13,,456446
5541,2026-09-29T11:54:07,2026-09-29T08:53:34,Upgrade Core Set (Ultimate) X 17,415583,7064911,17,,456446
5542,2026-09-29T11:54:12,2026-09-29T08:53:34,Upgrade Core Set (Ultimate) X 18,415583,7480494,18,,456446
5543,2026-09-29T11:54:17,2026-09-29T08:53:34,Upgrade Core Set (Ultimate) X 22,415583,9142826,22,,456446
5544,2026-09-29T11:54:21,2026-09-29T08:53:34,Upgrade Core Set (Ultimate) X 26,415583,10805158,26,,456446
5545,2026-09-29T11:55:03,2026-09-29T08:53:34,Upgrade Core Set (Ultimate) X 34,415583,14129822,34,,456445
5546,2026-09-29T11:55:07,2026-09-29T08:53:34,Upgrade Core Set (Ultimate) X 44,415583,18285652,44,,456445
5547,2026-09-29T11:55:12,2026-09-29T08:53:34,Upgrade Core Set (Ultimate) X 130,415583,54025790,130,,456445
5548,2026-09-29T11:56:24,2026-09-29T08:53:34,Chaos Core,728000,728000,1,,
5549,2026-09-29T11:56:56,2026-09-29T08:53:34,Chaos Core,728000,728000,1,,
5550,2026-09-29T11:57:41,2026-09-29T08:53:34,Chaos Core,728000,728000,1,,
5551,2026-09-29T11:58:33,2026-09-29T08:53:34,Chaos Core,728000,728000,1,,
5552,2026-09-29T11:59:18,2026-09-29T08:53:34,Chaos Core,728000,4368000,6,,733929
5553,2026-09-29T12:00:06,2026-09-29T08:53:34,Chaos Core,728000,8736000,12,,733929
5554,2026-09-29T12:03:07,2026-09-29T08:53:34,Chaos Core,728000,6552000,9,,733927
5555,2026-09-29T12:03:18,2026-09-29T08:53:34,Chaos Core,728000,153608000,211,,733927
5556,2026-09-29T12:03:28,2026-09-29T08:53:34,Chaos Core,728000,1456000,2,,733927
5557,2026-09-29T12:04:45,2026-09-29T08:53:34,Chaos Core,728000,86632000,119,,733926
5558,2026-09-29T12:04:59,2026-09-29T08:53:34,Chaos Core,728000,157976000,217,,733926
5559,2026-09-29T12:13:34,2026-09-29T12:09:05,Chaos Core,725000,725000,1,,
5560,2026-09-29T12:14:09,2026-09-29T12:09:05,Chaos Core,725000,725000,1,,
5561,2026-09-29T12:14:58,2026-09-29T12:09:05,Chaos Core,725000,725000,1,,
5562,2026-09-29T12:15:45,2026-09-29T12:09:05,Chaos Core,725000,725000,1,,
5563,2026-09-29T12:16:25,2026-09-29T12:09:05,Chaos Core,719607,33821529,47,,733915
5564,2026-09-29T12:16:35,2026-09-29T12:09:05,Chaos Core,720160,23045120,32,,733915
5565,2026-09-29T12:17:02,2026-09-29T12:09:05,Chaos Core,725000,1450000,2,,733915
5566,2026-09-29T12:20:41,2026-09-29T12:09:05,Chaos Core,721809,36090450,50,,733909
5567,2026-09-29T12:20:49,2026-09-29T12:09:05,Chaos Core,721809,2165427,3,,733909
5568,2026-09-29T12:21:03,2026-09-29T12:09:05,Chaos Core,725000,725000,1,,733909
5569,2026-09-29T12:24:13,2026-09-29T12:09:05,Chaos Core,725000,725000,1,,
5570,2026-09-29T12:24:45,2026-09-29T12:09:05,Chaos Core,725000,725000,1,,
5571,2026-09-29T12:25:29,2026-09-29T12:09:05,Chaos Core,724429,724429,1,,
5572,2026-09-29T12:26:12,2026-09-29T12:09:05,Chaos Core,723047,723047,1,,
5573,2026-09-29T12:35:10,2026-09-29T12:09:05,Chaos Core,725000,725000,1,,
5574,2026-09-29T12:35:48,2026-09-29T12:09:05,Chaos Core,724353,724353,1,,
5575,2026-09-29T12:36:32,2026-09-29T12:09:05,Chaos Core,724353,724353,1,,
5576,2026-09-29T12:38:10,2026-09-29T12:09:05,Chaos Core,724353,724353,1,,
5577,2026-09-29T12:41:17,2026-09-29T12:09:05,Chaos Core,723000,33981000,47,,733888
5578,2026-09-29T12:41:29,2026-09-29T12:09:05,Chaos Core,723000,44103000,61,,733888
5579,2026-09-29T12:44:36,2026-09-29T12:09:05,Epic Booster (Highest),46250000,185000000,4,,
5580,2026-09-29T12:45:25,2026-09-29T12:09:05,Chaos Core,720000,720000,1,,
5581,2026-09-29T12:46:01,2026-09-29T12:09:05,Chaos Core,720000,720000,1,,
5582,2026-09-29T12:46:41,2026-09-29T12:09:05,Yekaterina VIP Membership,112200000,112200000,1,,
5583,2026-09-29T12:51:41,2026-09-29T12:09:05,Force Core Set (High) X 7,167217,1170519,7,,178849
5584,2026-09-29T12:51:47,2026-09-29T12:09:05,Force Core Set (High) X 10,167217,30099060,180,,178849
5585,2026-09-29T12:52:24,2026-09-29T12:09:05,Upgrade Core Set (Ultimate) X 10,410410,61561500,150,,456396
5586,2026-09-29T12:52:30,2026-09-29T12:09:05,Upgrade Core Set (Ultimate) X 10,410410,12312300,30,,456396
5587,2026-09-29T12:53:08,2026-09-29T12:09:05,Force Core Set (Ultimate) X 10,341771,54683360,160,,355505
5588,2026-09-29T12:53:14,2026-09-29T12:09:05,Force Core Set (Ultimate) X 10,341771,6835420,20,,355505
5589,2026-09-29T13:01:30,2026-09-29T12:09:05,Chaos Core,715243,2860972,4,,728000
5590,2026-09-29T13:01:49,2026-09-29T12:09:05,Chaos Core,723000,2169000,3,,728000
5591,2026-09-29T13:02:25,2026-09-29T12:09:05,Chaos Core,724353,4346118,6,,728000
5592,2026-09-29T13:02:43,2026-09-29T12:09:05,Chaos Core,725000,3625000,5,,728000
5593,2026-09-29T13:08:21,2026-09-29T12:09:05,Chaos Core,727500,727500,1,,
5594,2026-09-29T13:08:55,2026-09-29T12:09:05,Chaos Core,726998,726998,1,,
5595,2026-09-29T13:09:37,2026-09-29T12:09:05,Chaos Core,730000,730000,1,,
5596,2026-09-29T13:10:23,2026-09-29T12:09:05,Chaos Core,730000,730000,1,,
5597,2026-09-29T13:21:17,2026-09-29T13:16:50,Chaos Core,724000,724000,1,,
5598,2026-09-29T13:26:53,2026-09-29T13:16:50,Chaos Core,700000,700000,1,,
5599,2026-09-29T13:27:25,2026-09-29T13:16:50,Chaos Core,700000,700000,1,,
5600,2026-09-29T13:28:20,2026-09-29T13:16:50,Chaos Core,723411,723411,1,,
5601,2026-09-29T13:29:02,2026-09-29T13:16:50,Chaos Core,722810,722810,1,,
5602,2026-09-29T13:29:44,2026-09-29T13:16:50,Chaos Core,722810,56379180,78,,727988
5603,2026-09-29T13:34:16,2026-09-29T13:16:50,Chaos Core,722220,26722140,37,,727980
5604,2026-09-29T13:34:36,2026-09-29T13:16:50,Chaos Core,723411,1446822,2,,727980
5605,2026-09-29T13:35:23,2026-09-29T13:16:50,Chaos Core,722220,31777680,44,,727979
5606,2026-09-29T13:35:38,2026-09-29T13:16:50,Chaos Core,722220,722220,1,,727979
5607,2026-09-29T13:37:23,2026-09-29T13:16:50,Chaos Core,722220,722220,1,,
5608,2026-09-29T13:37:58,2026-09-29T13:16:50,Chaos Core,722220,722220,1,,
5609,2026-09-29T13:38:32,2026-09-29T13:16:50,Chaos Core,722220,2166660,3,,727975
5610,2026-09-29T13:39:42,2026-09-29T13:16:50,Chaos Core,721028,28841120,40,,727975
5611,2026-09-29T13:41:22,2026-09-29T13:16:50,Chaos Core,723999,1447998,2,,727975
5612,2026-09-29T13:42:11,2026-09-29T13:16:50,Chaos Core,721028,23793924,33,,727968
5613,2026-09-29T13:43:44,2026-09-29T13:16:50,Chaos Core,720000,720000,1,,
5614,2026-09-29T13:44:16,2026-09-29T13:16:50,Chaos Core,720000,720000,1,,
5615,2026-09-29T13:44:48,2026-09-29T13:16:50,Chaos Core,720000,54720000,76,,727965
5616,2026-09-29T13:45:00,2026-09-29T13:16:50,Chaos Core,720000,71280000,99,,727965
5617,2026-09-29T13:45:12,2026-09-29T13:16:50,Chaos Core,723999,1447998,2,,727965
5618,2026-09-29T13:46:21,2026-09-29T13:16:50,Chaos Core,723999,723999,1,,
5619,2026-09-29T13:47:06,2026-09-29T13:16:50,Chaos Core,723999,723999,1,,
5620,2026-09-29T13:51:40,2026-09-29T13:16:50,Chaos Core,715000,67210000,94,,727949
5621,2026-09-29T13:52:41,2026-09-29T13:16:50,Chaos Core,723999,1447998,2,,727949
5622,2026-09-29T13:53:41,2026-09-29T13:16:50,Force Core Set (Highest) X 23,197420,4540660,23,,204936
5623,2026-09-29T13:54:22,2026-09-29T13:16:50,Force Core Set (Ultimate) X 9,322222,2899998,9,,355488
5624,2026-09-29T13:54:28,2026-09-29T13:16:50,Force Core Set (Ultimate) X 10,322222,12888880,40,,355488
5625,2026-09-29T13:54:33,2026-09-29T13:16:50,Force Core Set (Ultimate) X 10,322222,3222222,10,,355488
5626,2026-09-29T13:54:39,2026-09-29T13:16:50,Force Core Set (Ultimate) X 1,341771,12645527,37,,355488
5627,2026-09-29T13:54:45,2026-09-29T13:16:50,Force Core Set (Ultimate) X 10,341771,30759390,90,,355488
5628,2026-09-29T13:56:04,2026-09-29T13:16:50,Chaos Core,723999,723999,1,,
5629,2026-09-29T13:56:36,2026-09-29T13:16:50,Chaos Core,723999,723999,1,,
5630,2026-09-29T13:57:15,2026-09-29T13:16:50,Chaos Core,720000,720000,1,,
5631,2026-09-29T13:58:01,2026-09-29T13:16:50,Chaos Core,720000,720000,1,,
5632,2026-09-29T14:08:11,2026-09-29T13:16:50,Chaos Core,718260,11492160,16,,727925
5633,2026-09-29T14:08:35,2026-09-29T13:16:50,Chaos Core,723403,1446806,2,,727925
5634,2026-09-29T14:10:44,2026-09-29T13:16:50,Chaos Core,715819,30780217,43,,727919
5635,2026-09-29T14:11:11,2026-09-29T13:16:50,Chaos Core,723403,1446806,2,,727919
5636,2026-09-29T14:15:31,2026-09-29T13:16:50,Chaos Core,705000,175545000,249,,727913
5637,2026-09-29T14:19:21,2026-09-29T13:16:50,Force Core Set (Highest) X 25,209000,5225000,25,,219997
5638,2026-09-29T14:19:26,2026-09-29T13:16:50,Force Core Set (Highest) X 54,209000,11286000,54,,219997
5639,2026-09-29T14:19:31,2026-09-29T13:16:50,Force Core Set (Highest) X 58,209000,12122000,58,,219997
5640,2026-09-29T14:19:36,2026-09-29T13:16:50,Force Core Set (Highest) X 192,209000,40128000,192,,219997
5641,2026-09-29T14:20:45,2026-09-29T13:16:50,Force Core Set (Highest) X 236,209000,49324000,236,,219995
5642,2026-09-29T14:21:23,2026-09-29T13:16:50,Force Core Set (Ultimate) X 9,341771,3075939,9,,355480
5643,2026-09-29T14:21:29,2026-09-29T13:16:50,Force Core Set (Ultimate) X 10,341771,17088550,50,,355480
5644,2026-09-29T14:21:34,2026-09-29T13:16:50,Force Core Set (Ultimate) X 16,341771,5468336,16,,355480
5645,2026-09-29T14:21:38,2026-09-29T13:16:50,Force Core Set (Ultimate) X 33,341771,11278443,33,,355480
5646,2026-09-29T14:21:43,2026-09-29T13:16:50,Force Core Set (Ultimate) X 44,341771,15037924,44,,355480
5647,2026-09-29T14:22:57,2026-09-29T13:16:50,Chaos Core,723999,723999,1,,
5648,2026-09-29T14:23:31,2026-09-29T13:16:50,Chaos Core,723999,723999,1,,
5649,2026-09-29T14:24:12,2026-09-29T13:16:50,Chaos Core,723999,723999,1,,
5650,2026-09-29T14:24:58,2026-09-29T13:16:50,Chaos Core,723999,723999,1,,
5651,2026-09-29T14:31:02,2026-09-29T13:16:50,Force Core Set (Ultimate) X 15,341771,5126565,15,,355478
5652,2026-09-29T14:31:07,2026-09-29T13:16:50,Force Core Set (Ultimate) X 67,341771,22898657,67,,355478
5653,2026-09-29T14:31:12,2026-09-29T13:16:50,Force Core Set (Ultimate) X 126,341771,43063146,126,,355478
5654,2026-09-29T14:39:54,2026-09-29T13:16:50,Chaos Core,719167,719167,1,,
5655,2026-09-29T14:41:17,2026-09-29T13:16:50,Chaos Core,718593,718593,1,,
5656,2026-09-29T14:42:52,2026-09-29T13:16:50,Chaos Core,717901,717901,1,,
5657,2026-09-29T14:43:40,2026-09-29T13:16:50,Chaos Core,717901,717901,1,,
5658,2026-09-29T15:02:26,2026-09-29T13:16:50,Chaos Core,708900,708900,1,,
5659,2026-09-29T15:14:23,2026-09-29T13:16:50,Upgrade Core Set (Ultimate) X 4,415583,1662332,4,,456267
5660,2026-09-29T15:14:28,2026-09-29T13:16:50,Upgrade Core Set (Ultimate) X 13,415583,5402579,13,,456267
5661,2026-09-29T15:14:33,2026-09-29T13:16:50,Upgrade Core Set (Ultimate) X 22,415583,9142826,22,,456267
5662,2026-09-29T15:14:38,2026-09-29T13:16:50,Upgrade Core Set (Ultimate) X 31,415583,12883073,31,,456267
5663,2026-09-29T15:14:43,2026-09-29T13:16:50,Upgrade Core Set (Ultimate) X 70,415583,29090810,70,,456267
5664,2026-09-29T15:26:03,2026-09-29T15:22:14,Chaos Core,702222,13342218,19,,710000
5665,2026-09-29T15:26:11,2026-09-29T15:22:14,Chaos Core,702222,21066660,30,,710000
5666,2026-09-29T15:26:49,2026-09-29T15:22:14,Chaos Core,708292,1416584,2,,710000
5667,2026-09-29T15:27:46,2026-09-29T15:22:14,Chaos Core,702222,33004434,47,,710000
5668,2026-09-29T15:28:23,2026-09-29T15:22:14,Chaos Core,708292,708292,1,,710000
5669,2026-09-29T15:30:01,2026-09-29T15:22:14,Chaos Core,702222,702222,1,,
5670,2026-09-29T15:34:22,2026-09-29T15:22:14,Chaos Core,701057,701057,1,,
5671,2026-09-29T15:35:12,2026-09-29T15:22:14,Chaos Core,701057,701057,1,,
5672,2026-09-29T15:40:04,2026-09-29T15:22:14,Chaos Core,701057,93941638,134,,710000
5673,2026-09-29T15:40:39,2026-09-29T15:22:14,Chaos Core,706004,706004,1,,710000
5674,2026-09-29T15:44:24,2026-09-29T15:22:14,Epic Booster (Highest),46249998,184999992,4,,
5675,2026-09-29T15:45:01,2026-09-29T15:22:14,Chaos Core,708292,708292,1,,
5676,2026-09-29T15:46:23,2026-09-29T15:22:14,Chaos Core,707638,707638,1,,
5677,2026-09-29T15:47:51,2026-09-29T15:22:14,Chaos Core,707047,707047,1,,
5678,2026-09-29T15:48:30,2026-09-29T15:22:14,Yekaterina VIP Membership,110999999,110999999,1,,
5679,2026-09-29T15:49:07,2026-09-29T15:22:14,Chaos Core,705114,705114,1,,
5680,2026-09-29T15:56:03,2026-09-29T15:22:14,Yekaterina VIP Membership,110999999,110999999,1,,
5681,2026-09-29T16:09:15,2026-09-29T15:22:14,Chaos Core,701532,701532,1,,
5682,2026-09-29T16:09:48,2026-09-29T15:22:14,Chaos Core,701532,701532,1,,
5683,2026-09-29T16:10:28,2026-09-29T15:22:14,Chaos Core,701532,701532,1,,
5684,2026-09-29T16:11:16,2026-09-29T15:22:14,Chaos Core,701532,701532,1,,
5685,2026-09-29T16:17:58,2026-09-29T15:22:14,Chaos Core,710762,710762,1,,
5686,2026-09-29T16:18:31,2026-09-29T15:22:14,Chaos Core,710762,710762,1,,
5687,2026-09-29T16:19:10,2026-09-29T15:22:14,Chaos Core,710140,710140,1,,
5688,2026-09-29T16:19:56,2026-09-29T15:22:14,Chaos Core,710140,710140,1,,
5689,2026-09-29T16:30:45,2026-09-29T15:22:14,Force Core Set (High) X 12,167204,2006450,12,,178562
5690,2026-09-29T16:30:50,2026-09-29T15:22:14,Force Core Set (High) X 7,167205,1170435,7,,178562
5691,2026-09-29T16:30:56,2026-09-29T15:22:14,Force Core Set (High) X 10,167205,15048450,90,,178562
5692,2026-09-29T16:31:10,2026-09-29T15:22:14,Force Core Set (High) X 191,167205,31936155,191,,178562
5693,2026-09-29T16:37:26,2026-09-29T15:22:14,Chaos Core,703377,105506550,150,,710000
5694,2026-09-29T16:38:30,2026-09-29T15:22:14,Chaos Core,703377,5627016,8,,710000
5695,2026-09-29T16:38:59,2026-09-29T15:22:14,Chaos Core,705756,7057560,10,,710000
5696,2026-09-29T16:39:50,2026-09-29T15:22:14,Chaos Core,703370,1406740,2,,710000
5697,2026-09-29T16:39:56,2026-09-29T15:22:14,Chaos Core,703370,25321320,36,,710000
5698,2026-09-29T16:40:06,2026-09-29T15:22:14,Chaos Core,703370,170215540,242,,710000
5699,2026-09-29T16:40:13,2026-09-29T15:22:14,Chaos Core,703370,1406740,2,,710000
5700,2026-09-29T16:41:29,2026-09-29T15:22:14,Chaos Core,703370,1406740,2,,710000
5701,2026-09-29T16:41:38,2026-09-29T15:22:14,Chaos Core,703370,88624620,126,,710000
5702,2026-09-29T16:42:13,2026-09-29T15:22:14,Chaos Core,705756,705756,1,,710000
5703,2026-09-29T16:48:46,2026-09-29T15:22:14,Chaos Core,702039,49844769,71,,710000
5704,2026-09-29T16:49:05,2026-09-29T15:22:14,Chaos Core,704000,704000,1,,710000
5705,2026-09-29T16:51:27,2026-09-29T15:22:14,Chaos Core,700824,97414536,139,,708877
5706,2026-09-29T16:51:33,2026-09-29T15:22:14,Chaos Core,700824,27332136,39,,708877
5707,2026-09-29T16:51:41,2026-09-29T15:22:14,Chaos Core,700824,1401648,2,,708877
5708,2026-09-29T17:04:29,2026-09-29T15:22:14,Chaos Core,715000,715000,1,,
5709,2026-09-29T17:05:03,2026-09-29T15:22:14,Chaos Core,715000,715000,1,,
5710,2026-09-29T17:05:38,2026-09-29T15:22:14,Chaos Core,715000,715000,1,,
5711,2026-09-29T17:06:27,2026-09-29T15:22:14,Chaos Core,715000,715000,1,,
5712,2026-09-29T17:12:06,2026-09-29T15:22:14,Force Core Set (High) X 6,167205,1003230,6,,178514
5713,2026-09-29T17:12:10,2026-09-29T15:22:14,Force Core Set (High) X 10,167205,1672050,10,,178514
5714,2026-09-29T17:12:15,2026-09-29T15:22:14,Force Core Set (High) X 100,167205,16720500,100,,178514
5715,2026-09-29T17:12:20,2026-09-29T15:22:14,Force Core Set (High) X 167,167205,27923235,167,,178514
5716,2026-09-29T17:42:08,2026-09-29T15:22:14,Chaos Core,714000,714000,1,,
5717,2026-09-29T17:42:41,2026-09-29T15:22:14,Chaos Core,714000,714000,1,,
5718,2026-09-29T17:43:16,2026-09-29T15:22:14,Chaos Core,714000,714000,1,,
5719,2026-09-29T17:44:05,2026-09-29T15:22:14,Chaos Core,714000,714000,1,,
5720,2026-09-29T17:50:34,2026-09-29T15:22:14,Chaos Core,715572,715572,1,,
5721,2026-09-29T17:51:10,2026-09-29T15:22:14,Chaos Core,715572,715572,1,,
5722,2026-09-29T17:51:46,2026-09-29T15:22:14,Chaos Core,715572,715572,1,,
5723,2026-09-29T17:52:35,2026-09-29T15:22:14,Chaos Core,715572,715572,1,,
5724,2026-09-29T18:11:58,2026-09-29T15:22:14,Force Core Set (High) X 19,167206,3176914,19,,178451
5725,2026-09-29T18:12:44,2026-09-29T15:22:14,Force Core Set (High) X 23,167206,3845738,23,,178451
5726,2026-09-29T18:13:24,2026-09-29T15:22:14,Force Core Set (Ultimate) X 5,333333,56666610,170,,355436
5727,2026-09-29T18:13:29,2026-09-29T15:22:14,Force Core Set (Ultimate) X 24,333333,7999992,24,,355436
5728,2026-09-29T18:14:11,2026-09-29T15:22:14,Force Core Set (Ultimate) X 29,333333,9666657,29,,355435
5729,2026-09-29T18:14:17,2026-09-29T15:22:14,Force Core Set (Ultimate) X 90,333333,30000000,90,,355435
5730,2026-09-29T18:14:27,2026-09-29T15:22:14,Force Core Set (Ultimate) X 1,341771,341771,1,,355435
5731,2026-09-29T18:21:46,2026-09-29T15:22:14,Force Core Set (High) X 100,167200,16720000,100,,178440
5732,2026-09-29T18:21:51,2026-09-29T15:22:14,Force Core Set (High) X 7,167205,1170435,7,,178440
5733,2026-09-29T18:21:56,2026-09-29T15:22:14,Force Core Set (High) X 15,167205,2508075,15,,178440
5734,2026-09-29T18:22:38,2026-09-29T15:22:14,Force Core Set (Ultimate) X 438,333333,145999854,438,,355432
5735,2026-09-29T18:42:15,2026-09-29T15:22:14,Chaos Core,715000,715000,1,,
5736,2026-09-29T18:42:49,2026-09-29T15:22:14,Chaos Core,715000,715000,1,,
5737,2026-09-29T18:43:23,2026-09-29T15:22:14,Chaos Core,715000,715000,1,,
5738,2026-09-29T18:44:11,2026-09-29T15:22:14,Chaos Core,715000,715000,1,,
5739,2026-09-29T19:24:37,2026-09-29T15:22:14,Force Core Set (High) X 99,167200,16552800,99,,178435
5740,2026-09-29T19:24:42,2026-09-29T15:22:14,Force Core Set (High) X 154,167200,25748800,154,,178435
5741,2026-09-29T20:01:18,2026-09-29T15:22:14,Chaos Core,693020,693020,1,,
5742,2026-09-29T20:01:51,2026-09-29T15:22:14,Chaos Core,693020,693020,1,,
5743,2026-09-29T20:02:27,2026-09-29T15:22:14,Chaos Core,695387,695387,1,,
5744,2026-09-29T20:03:23,2026-09-29T15:22:14,Chaos Core,695387,695387,1,,
5745,2026-09-29T20:10:41,2026-09-29T15:22:14,Chaos Core,703000,703000,1,,
5746,2026-09-29T20:21:42,2026-09-29T20:17:14,Chaos Core,712564,712564,1,,
5747,2026-09-29T20:22:16,2026-09-29T20:17:14,Chaos Core,712564,712564,1,,
5748,2026-09-29T20:24:27,2026-09-29T20:17:14,Chaos Core,712564,712564,1,,
5749,2026-09-29T20:24:59,2026-09-29T20:17:14,Chaos Core,712564,712564,1,,
5750,2026-09-29T20:25:42,2026-09-29T20:17:14,Chaos Core,712564,712564,1,,
5751,2026-09-29T20:26:26,2026-09-29T20:17:14,Chaos Core,715000,715000,1,,
5752,2026-09-29T20:30:09,2026-09-29T20:17:14,Force Core Set (High) X 32,166497,5327904,32,,178414
5753,2026-09-29T20:30:14,2026-09-29T20:17:14,Force Core Set (High) X 197,166497,32800000,197,,178414
5754,2026-09-29T20:30:52,2026-09-29T20:17:14,Force Core Set (Highest) X 72,180555,13000000,72,,197689
5755,2026-09-29T20:32:05,2026-09-29T20:17:14,Chaos Core,714442,714442,1,,
5756,2026-09-29T20:32:38,2026-09-29T20:17:14,Chaos Core,714442,714442,1,,
5757,2026-09-29T20:33:18,2026-09-29T20:17:14,Chaos Core,714442,714442,1,,
5758,2026-09-29T20:57:33,2026-09-29T20:17:14,Chaos Core,701891,174770859,249,,708877
5759,2026-09-29T20:58:58,2026-09-29T20:17:14,Chaos Core,701891,61766408,88,,708877
5760,2026-09-29T20:59:05,2026-09-29T20:17:14,Chaos Core,701891,30181313,43,,708877
5761,2026-09-29T20:59:31,2026-09-29T20:17:14,Chaos Core,704490,704490,1,,708877
5762,2026-09-29T21:01:29,2026-09-29T20:17:14,Chaos Core,704490,704490,1,,
5763,2026-09-29T21:02:17,2026-09-29T20:17:14,Chaos Core,704490,704490,1,,
5764,2026-09-29T21:03:00,2026-09-29T20:17:14,Chaos Core,702683,702683,1,,
5765,2026-09-29T21:03:42,2026-09-29T20:17:14,Chaos Core,702052,136198088,194,,708877
5766,2026-09-29T21:03:51,2026-09-29T20:17:14,Chaos Core,702683,702683,1,,708877
5767,2026-09-29T21:04:57,2026-09-29T20:17:14,Chaos Core,702052,9828728,14,,708877
5768,2026-09-29T21:05:07,2026-09-29T20:17:14,Chaos Core,702683,11242928,16,,708877
5769,2026-09-29T21:05:14,2026-09-29T20:17:14,Chaos Core,702052,7020520,10,,708877
5770,2026-09-29T21:05:44,2026-09-29T20:17:14,Chaos Core,704490,1408980,2,,708877
5771,2026-09-29T21:11:36,2026-09-29T20:17:14,Chaos Core,705141,705141,1,,
5772,2026-09-29T21:12:10,2026-09-29T20:17:14,Chaos Core,705141,705141,1,,
5773,2026-09-29T21:12:50,2026-09-29T20:17:14,Chaos Core,705141,705141,1,,
5774,2026-09-29T21:13:35,2026-09-29T20:17:14,Chaos Core,705141,705141,1,,
5775,2026-09-29T21:19:37,2026-09-29T20:17:14,Chaos Core,705141,705141,1,,
5776,2026-09-29T21:20:13,2026-09-29T20:17:14,Chaos Core,705141,705141,1,,
5777,2026-09-29T21:20:45,2026-09-29T20:17:14,Chaos Core,702165,80046810,114,,708877
5778,2026-09-29T21:20:55,2026-09-29T20:17:14,Chaos Core,702165,49853715,71,,708877
5779,2026-09-29T21:21:08,2026-09-29T20:17:14,Chaos Core,705141,705141,1,,708877
5780,2026-09-29T21:22:15,2026-09-29T20:17:14,Chaos Core,702165,702165,1,,708877
5781,2026-09-29T21:22:37,2026-09-29T20:17:14,Chaos Core,705141,705141,1,,708877
5782,2026-09-29T21:22:52,2026-09-29T20:17:14,Chaos Core,705141,2115423,3,,708877
5783,2026-09-29T21:22:58,2026-09-29T20:17:14,Chaos Core,701662,9121606,13,,708877
5784,2026-09-29T21:23:50,2026-09-29T20:17:14,Chaos Core,701662,79989468,114,,708877
5785,2026-09-29T21:25:05,2026-09-29T20:17:14,Chaos Core,701662,12629916,18,,708877
5786,2026-09-29T21:46:48,2026-09-29T20:17:14,Epic Booster (Highest),46749999,186999996,4,,
5787,2026-09-29T21:47:25,2026-09-29T20:17:14,Chaos Core,715000,715000,1,,
5788,2026-09-29T21:47:59,2026-09-29T20:17:14,Chaos Core,715000,715000,1,,
5789,2026-09-29T21:48:39,2026-09-29T20:17:14,Chaos Core,715000,715000,1,,
5790,2026-09-29T21:49:23,2026-09-29T20:17:14,Chaos Core,713116,713116,1,,
5791,2026-09-29T21:58:52,2026-09-29T20:17:14,Chaos Core,712569,712569,1,,
5792,2026-09-29T21:59:35,2026-09-29T20:17:14,Chaos Core,709374,709374,1,,
5793,2026-09-29T22:04:18,2026-09-29T20:17:14,Chaos Core,708675,708675,1,,
5794,2026-09-29T22:14:25,2026-09-29T20:17:14,Force Core Set (High) X 1,163000,4075000,25,,178365
5795,2026-09-29T22:14:30,2026-09-29T20:17:14,Force Core Set (High) X 83,163000,13529000,83,,178365
5796,2026-09-29T22:14:36,2026-09-29T20:17:14,Force Core Set (High) X 1,164999,1319992,8,,178365
5797,2026-09-29T22:14:41,2026-09-29T20:17:14,Force Core Set (High) X 3,164999,494997,3,,178365
5798,2026-09-29T22:14:47,2026-09-29T20:17:14,Force Core Set (High) X 7,164999,1154993,7,,178365
5799,2026-09-29T22:16:26,2026-09-29T20:17:14,Chaos Core,700000,98700000,141,,710000
5800,2026-09-29T22:18:15,2026-09-29T20:17:14,Yekaterina VIP Membership,112333331,112333331,1,,
5801,2026-09-29T22:23:20,2026-09-29T20:17:14,Chaos Core,697627,37671858,54,,710000
5802,2026-09-29T22:24:28,2026-09-29T20:17:14,Chaos Core,697627,10464405,15,,710000
5803,2026-09-29T22:24:35,2026-09-29T20:17:14,Chaos Core,697627,11162032,16,,710000
5804,2026-09-29T22:24:59,2026-09-29T20:17:14,Chaos Core,706130,706130,1,,710000
5805,2026-09-29T22:25:15,2026-09-29T20:17:14,Chaos Core,708675,708675,1,,710000
5806,2026-09-29T22:33:08,2026-09-29T20:17:14,Chaos Core,706130,706130,1,,
5807,2026-09-29T22:33:42,2026-09-29T20:17:14,Chaos Core,706130,706130,1,,
5808,2026-09-29T22:34:30,2026-09-29T20:17:14,Chaos Core,706130,706130,1,,
5809,2026-09-29T22:35:18,2026-09-29T20:17:14,Chaos Core,706130,706130,1,,
5810,2026-09-29T22:41:06,2026-09-29T20:17:14,Chaos Core,712569,712569,1,,
5811,2026-09-29T22:42:36,2026-09-29T20:17:14,Chaos Core,717901,717901,1,,
5812,2026-09-29T22:44:16,2026-09-29T20:17:14,Chaos Core,717901,717901,1,,
5813,2026-09-29T22:45:00,2026-09-29T20:17:14,Chaos Core,709700,709700,1,,
5814,2026-09-29T22:55:40,2026-09-29T20:17:14,Chaos Core,703960,59836600,85,,710000
5815,2026-09-29T22:56:56,2026-09-29T20:17:14,Chaos Core,705812,1411624,2,,710000
5816,2026-09-29T22:59:08,2026-09-29T20:17:14,Chaos Core,703960,26750480,38,,710000
5817,2026-09-29T22:59:30,2026-09-29T20:17:14,Chaos Core,705812,705812,1,,710000
5818,2026-09-29T23:00:22,2026-09-29T20:17:14,Chaos Core,702619,97664041,139,,710000
5819,2026-09-29T23:00:49,2026-09-29T20:17:14,Chaos Core,705812,1411624,2,,710000
5820,2026-09-29T23:10:44,2026-09-29T20:17:14,Chaos Core,699206,69221394,99,,709523
5821,2026-09-29T23:12:15,2026-09-29T20:17:14,Upgrade Core Set (Ultimate) X 5,411347,74042460,180,,455999
5822,2026-09-29T23:12:59,2026-09-29T20:17:14,Upgrade Core Set (Ultimate) X 5,411347,74042460,180,,455998
5823,2026-09-29T23:14:37,2026-09-29T20:17:14,Chaos Core,717901,717901,1,,
5824,2026-09-29T23:15:19,2026-09-29T20:17:14,Chaos Core,719000,1438000,2,,730000
5825,2026-09-29T23:15:41,2026-09-29T20:17:14,Chaos Core,720000,1440000,2,,730000
5826,2026-09-29T23:16:02,2026-09-29T20:17:14,Chaos Core,721024,3605120,5,,730000
5827,2026-09-29T23:16:24,2026-09-29T20:17:14,Chaos Core,721809,2887236,4,,730000
5828,2026-09-29T23:16:47,2026-09-29T20:17:14,Chaos Core,721809,7218090,10,,730000
5829,2026-09-29T23:17:08,2026-09-29T20:17:14,Chaos Core,721809,9383517,13,,730000
5830,2026-09-29T23:17:29,2026-09-29T20:17:14,Chaos Core,721809,5052663,7,,730000
5831,2026-09-29T23:17:51,2026-09-29T20:17:14,Chaos Core,722000,151620000,210,,730000
5832,2026-09-29T23:18:12,2026-09-29T20:17:14,Chaos Core,722000,1444000,2,,730000
5833,2026-09-29T23:19:41,2026-09-29T20:17:14,Chaos Core,722000,150176000,208,,729999
5834,2026-09-29T23:20:02,2026-09-29T20:17:14,Chaos Core,722000,1444000,2,,729999
5835,2026-09-29T23:21:29,2026-09-29T20:17:14,Chaos Core,722101,722101,1,,
5836,2026-09-29T23:22:37,2026-09-29T20:17:14,Chaos Core,698043,18149118,26,,729998
5837,2026-09-29T23:22:58,2026-09-29T20:17:14,Chaos Core,722101,11553616,16,,729998
5838,2026-09-29T23:24:34,2026-09-29T20:17:14,Chaos Core,722101,9387313,13,,729998
5839,2026-09-29T23:24:56,2026-09-29T20:17:14,Chaos Core,722101,93873130,130,,729998
5840,2026-09-29T23:25:15,2026-09-29T20:17:14,Chaos Core,722101,722101,1,,729998
5841,2026-09-29T23:26:58,2026-09-29T20:17:14,Chaos Core,722101,722101,1,,
5842,2026-09-29T23:28:29,2026-09-29T20:17:14,Chaos Core,722101,722101,1,,
5843,2026-09-29T23:29:15,2026-09-29T20:17:14,Chaos Core,722101,5776808,8,,729999
5844,2026-09-29T23:29:41,2026-09-29T20:17:14,Chaos Core,722101,67877494,94,,729999
5845,2026-09-29T23:29:57,2026-09-29T20:17:14,Chaos Core,722101,111925655,155,,729999
5846,2026-09-29T23:30:12,2026-09-29T20:17:14,Chaos Core,722101,722101,1,,729999
5847,2026-09-29T23:32:23,2026-09-29T20:17:14,Chaos Core,707979,27611181,39,,729998
5848,2026-09-29T23:33:22,2026-09-29T20:17:14,Chaos Core,707449,707449,1,,
5849,2026-09-29T23:34:08,2026-09-29T20:17:14,Chaos Core,707449,707449,1,,
5850,2026-09-29T23:36:37,2026-09-29T20:17:14,Chaos Core,722101,33216646,46,,729996
5851,2026-09-29T23:37:05,2026-09-29T20:17:14,Chaos Core,722101,722101,1,,729996
5852,2026-09-29T23:37:26,2026-09-29T20:17:14,Chaos Core,722101,6498909,9,,729996
5853,2026-09-29T23:37:47,2026-09-29T20:17:14,Chaos Core,722101,37549252,52,,729996
5854,2026-09-29T23:39:35,2026-09-29T20:17:14,Chaos Core,722101,722101,1,,729995
5855,2026-09-29T23:40:05,2026-09-29T20:17:14,Chaos Core,722101,20218828,28,,729995
5856,2026-09-29T23:40:20,2026-09-29T20:17:14,Chaos Core,722101,20940929,29,,729995
5857,2026-09-29T23:41:30,2026-09-29T20:17:14,Chaos Core,722101,23107232,32,,729995
5858,2026-09-29T23:43:16,2026-09-29T20:17:14,Chaos Core,722101,722101,1,,
5859,2026-09-29T23:43:52,2026-09-29T20:17:14,Chaos Core,722101,722101,1,,
5860,2026-09-29T23:44:30,2026-09-29T20:17:14,Chaos Core,722101,722101,1,,
5861,2026-09-29T23:45:24,2026-09-29T20:17:14,Chaos Core,722101,722101,1,,
5862,2026-09-29T23:48:16,2026-09-29T20:17:14,Chaos Core,722101,70765898,98,,729991
5863,2026-09-29T23:48:30,2026-09-29T20:17:14,Chaos Core,722101,722101,1,,729991
5864,2026-09-29T23:50:06,2026-09-29T20:17:14,Chaos Core,720101,50407070,70,,729988
5865,2026-09-29T23:50:24,2026-09-29T20:17:14,Chaos Core,722101,51269171,71,,729988
5866,2026-09-29T23:52:02,2026-09-29T20:17:14,Chaos Core,719999,32399955,45,,729987
5867,2026-09-29T23:52:22,2026-09-29T20:17:14,Chaos Core,722101,179803149,249,,729987
5868,2026-09-29T23:53:45,2026-09-29T20:17:14,Chaos Core,719999,172079761,239,,729984
5869,2026-09-29T23:54:42,2026-09-29T20:17:14,Chaos Core,719999,719999,1,,729984
5870,2026-09-29T23:56:00,2026-09-29T20:17:14,Upgrade Core Set (Ultimate) X 29,411347,11929063,29,,456018
5871,2026-09-29T23:56:05,2026-09-29T20:17:14,Upgrade Core Set (Ultimate) X 54,411347,22212738,54,,456018
5872,2026-09-29T23:56:11,2026-09-29T20:17:14,Upgrade Core Set (Ultimate) X 152,411347,62524744,152,,456018
5873,2026-09-29T23:56:53,2026-09-29T20:17:14,Upgrade Core Set (Ultimate) X 220,411347,90496340,220,,456018
5874,2026-09-29T23:57:31,2026-09-29T20:17:14,Force Core Set (Ultimate) X 7,333333,2333331,7,,355329
5875,2026-09-29T23:57:36,2026-09-29T20:17:14,Force Core Set (Ultimate) X 11,333333,3666663,11,,355329
5876,2026-09-29T23:57:41,2026-09-29T20:17:14,Force Core Set (Ultimate) X 21,333333,6999993,21,,355329
5877,2026-09-29T23:57:46,2026-09-29T20:17:14,Force Core Set (Ultimate) X 27,333333,8999991,27,,355329
5878,2026-09-29T23:57:51,2026-09-29T20:17:14,Force Core Set (Ultimate) X 60,333333,19999980,60,,355329
5879,2026-09-29T23:58:38,2026-09-29T20:17:14,Force Core Set (Ultimate) X 1,341771,16746779,49,,355328
5880,2026-09-29T23:59:26,2026-09-29T20:17:14,Force Core Set (Ultimate) X 2,341771,683542,2,,355328
5881,2026-09-30T00:06:01,2026-09-30T00:01:16,Chaos Core,719999,719999,1,,
5882,2026-09-30T00:06:34,2026-09-30T00:01:16,Chaos Core,719999,719999,1,,
5883,2026-09-30T00:07:14,2026-09-30T00:01:16,Chaos Core,719418,719418,1,,
5884,2026-09-30T00:07:59,2026-09-30T00:01:16,Chaos Core,718804,718804,1,,
5885,2026-09-30T00:24:13,2026-09-30T00:01:16,Chaos Core,711356,44815428,63,,729964
5886,2026-09-30T00:24:24,2026-09-30T00:01:16,Chaos Core,712000,168744000,237,,729964
5887,2026-09-30T00:27:12,2026-09-30T00:01:16,Chaos Core,714989,34319472,48,,729961
5888,2026-09-30T00:27:29,2026-09-30T00:01:16,Chaos Core,718804,15813688,22,,729961
5889,2026-09-30T00:27:48,2026-09-30T00:01:16,Chaos Core,719418,178415664,248,,729961
5890,2026-09-30T00:35:14,2026-09-30T00:01:16,Chaos Core,719999,719999,1,,
5891,2026-09-30T00:40:01,2026-09-30T00:01:16,Chaos Core,719000,41702000,58,,729953
5892,2026-09-30T00:40:20,2026-09-30T00:01:16,Chaos Core,719315,6473835,9,,729953
5893,2026-09-30T00:40:39,2026-09-30T00:01:16,Chaos Core,719315,22298765,31,,729953
5894,2026-09-30T00:40:48,2026-09-30T00:01:16,Chaos Core,719315,11509040,16,,729953
5895,2026-09-30T00:43:16,2026-09-30T00:01:16,Chaos Core,719500,719500,1,,
5896,2026-09-30T00:44:02,2026-09-30T00:01:16,Chaos Core,721900,721900,1,,
5897,2026-09-30T00:44:42,2026-09-30T00:01:16,Chaos Core,718671,718671,1,,
5898,2026-09-30T00:50:39,2026-09-30T00:01:16,Force Core Set (High) X 8,164997,1319976,8,,178358
5899,2026-09-30T00:57:44,2026-09-30T00:01:16,Force Core Set (High) X 10,167000,5010000,30,,178352
5900,2026-09-30T00:59:58,2026-09-30T00:01:16,Chaos Core,715072,715072,1,,
5901,2026-09-30T01:05:53,2026-09-30T00:01:16,Chaos Core,722101,722101,1,,
5902,2026-09-30T01:06:28,2026-09-30T00:01:16,Chaos Core,723999,723999,1,,
5903,2026-09-30T01:07:10,2026-09-30T00:01:16,Chaos Core,723999,723999,1,,
5904,2026-09-30T01:07:54,2026-09-30T00:01:16,Chaos Core,722949,722949,1,,
5905,2026-09-30T01:14:12,2026-09-30T00:01:16,Force Core Set (High) X 8,167000,1336000,8,,178334
5906,2026-09-30T01:14:18,2026-09-30T00:01:16,Force Core Set (High) X 10,167000,6680000,40,,178334
5907,2026-09-30T01:15:40,2026-09-30T00:01:16,Chaos Core,723999,723999,1,,
5908,2026-09-30T01:18:00,2026-09-30T00:01:16,Chaos Core,723999,723999,1,,
5909,2026-09-30T01:18:33,2026-09-30T00:01:16,Chaos Core,723999,723999,1,,
5910,2026-09-30T01:19:14,2026-09-30T00:01:16,Chaos Core,723999,723999,1,,
5911,2026-09-30T01:19:57,2026-09-30T00:01:16,Chaos Core,722353,722353,1,,
5912,2026-09-30T01:26:54,2026-09-30T00:01:16,Chaos Core,721724,721724,1,,
5913,2026-09-30T01:32:16,2026-09-30T00:01:16,Force Core Set (High) X 6,166944,1001664,6,,178328
5914,2026-09-30T01:32:22,2026-09-30T00:01:16,Force Core Set (High) X 120,166944,20033280,120,,178328
5915,2026-09-30T01:39:29,2026-09-30T00:01:16,Force Core Set (High) X 10,167000,15030000,90,,178320
5916,2026-09-30T01:39:34,2026-09-30T00:01:16,Force Core Set (High) X 11,167000,1837000,11,,178320
5917,2026-09-30T01:39:39,2026-09-30T00:01:16,Force Core Set (High) X 30,167000,5010000,30,,178320
5918,2026-09-30T01:47:21,2026-09-30T00:01:16,Force Core Set (High) X 13,167000,2171000,13,,178312
5919,2026-09-30T02:08:25,2026-09-30T00:01:16,Force Core Set (High) X 1,167195,4012680,24,,178282
5920,2026-09-30T02:09:44,2026-09-30T00:01:16,Chaos Core,722101,722101,1,,
5921,2026-09-30T02:10:20,2026-09-30T00:01:16,Chaos Core,722101,722101,1,,
5922,2026-09-30T02:11:06,2026-09-30T00:01:16,Chaos Core,722101,722101,1,,
5923,2026-09-30T02:55:27,2026-09-30T02:51:35,Chaos Core,720000,720000,1,,
5924,2026-09-30T02:56:45,2026-09-30T02:51:35,Chaos Core,720000,720000,1,,
5925,2026-09-30T02:57:18,2026-09-30T02:51:35,Chaos Core,719333,719333,1,,
5926,2026-09-30T03:03:15,2026-09-30T02:51:35,Force Core Set (High) X 1,167194,15381848,92,,178254
5927,2026-09-30T03:03:24,2026-09-30T02:51:35,Force Core Set (High) X 1,167194,14713072,88,,178254
5928,2026-09-30T03:05:24,2026-09-30T02:51:35,Chaos Core,720343,720343,1,,
5929,2026-09-30T03:20:17,2026-09-30T02:51:35,Chaos Core,711037,27019406,38,,729518
5930,2026-09-30T03:20:30,2026-09-30T02:51:35,Chaos Core,711603,4981221,7,,729518
5931,2026-09-30T03:20:58,2026-09-30T02:51:35,Chaos Core,723999,2895996,4,,729518
5932,2026-09-30T03:21:35,2026-09-30T02:51:35,Chaos Core,730000,1460000,2,,729518
5933,2026-09-30T03:23:20,2026-09-30T02:51:35,Chaos Core,709810,9937340,14,,729509
5934,2026-09-30T03:24:23,2026-09-30T02:51:35,Chaos Core,730000,2920000,4,,729509
5935,2026-09-30T03:28:35,2026-09-30T02:51:35,Force Core Set (Ultimate) X 10,333332,59999760,180,,355220
5936,2026-09-30T03:29:49,2026-09-30T02:51:35,Chaos Core,734500,734500,1,,
5937,2026-09-30T03:30:23,2026-09-30T02:51:35,Chaos Core,734500,734500,1,,
5938,2026-09-30T03:35:10,2026-09-30T02:51:35,Chaos Core,720000,720000,1,,
5939,2026-09-30T03:36:45,2026-09-30T02:51:35,Chaos Core,739000,739000,1,,
5940,2026-09-30T03:48:06,2026-09-30T02:51:35,Chaos Core,720000,720000,1,,729464
5941,2026-09-30T03:48:44,2026-09-30T02:51:35,Chaos Core,730000,12410000,17,,729464
5942,2026-09-30T03:52:35,2026-09-30T02:51:35,Chaos Core,730000,730000,1,,
5943,2026-09-30T03:54:40,2026-09-30T02:51:35,Chaos Core,739000,739000,1,,
5944,2026-09-30T03:55:12,2026-09-30T02:51:35,Chaos Core,739000,739000,1,,
5945,2026-09-30T03:55:52,2026-09-30T02:51:35,Chaos Core,739000,739000,1,,
5946,2026-09-30T03:57:14,2026-09-30T02:51:35,Chaos Core,739000,739000,1,,
5947,2026-09-30T04:01:06,2026-09-30T02:51:35,Chaos Core,737412,737412,1,,
5948,2026-09-30T04:08:16,2026-09-30T02:51:35,Chaos Core,734349,734349,1,,
5949,2026-09-30T04:14:02,2026-09-30T02:51:35,Chaos Core,731456,731456,1,,
5950,2026-09-30T04:31:20,2026-09-30T02:51:35,Chaos Core,723380,41232660,57,,729407
5951,2026-09-30T04:31:27,2026-09-30T02:51:35,Chaos Core,723380,171441060,237,,729407
5952,2026-09-30T04:38:02,2026-09-30T02:51:35,Yekaterina VIP Membership,112333332,112333332,1,,
5953,2026-09-30T04:46:53,2026-09-30T02:51:35,Chaos Core,724707,724707,1,,
5954,2026-09-30T04:50:51,2026-09-30T02:51:35,Chaos Core,719037,81970218,114,,729391
5955,2026-09-30T04:51:11,2026-09-30T02:51:35,Chaos Core,723380,723380,1,,729391
5956,2026-09-30T04:52:49,2026-09-30T02:51:35,Chaos Core,724707,1449414,2,,729391
5957,2026-09-30T04:53:51,2026-09-30T02:51:35,Chaos Core,719037,35232813,49,,729388
5958,2026-09-30T04:54:23,2026-09-30T02:51:35,Chaos Core,724707,1449414,2,,729388
5959,2026-09-30T05:02:49,2026-09-30T02:51:35,Chaos Core,716640,65930880,92,,729377
5960,2026-09-30T05:02:55,2026-09-30T02:51:35,Chaos Core,716640,81696960,114,,729377
5961,2026-09-30T05:03:15,2026-09-30T02:51:35,Chaos Core,735498,735498,1,,729377
5962,2026-09-30T05:04:27,2026-09-30T02:51:35,Chaos Core,710000,70290000,99,,729376
5963,2026-09-30T05:04:34,2026-09-30T02:51:35,Chaos Core,710000,26270000,37,,729376
5964,2026-09-30T05:04:47,2026-09-30T02:51:35,Chaos Core,710000,137740000,194,,729376
5965,2026-09-30T05:15:35,2026-09-30T02:51:35,Chaos Core,730000,730000,1,,
5966,2026-09-30T05:16:13,2026-09-30T02:51:35,Chaos Core,730000,730000,1,,
5967,2026-09-30T05:16:49,2026-09-30T02:51:35,Chaos Core,722101,71487999,99,,729362
5968,2026-09-30T05:18:11,2026-09-30T02:51:35,Chaos Core,730000,730000,1,,
5969,2026-09-30T05:19:05,2026-09-30T02:51:35,Chaos Core,730000,730000,1,,
5970,2026-09-30T05:23:35,2026-09-30T02:51:35,Force Core Set (High) X 1,167164,18220876,109,,178079
5971,2026-09-30T05:23:41,2026-09-30T02:51:35,Force Core Set (High) X 1,167164,835820,5,,178079
5972,2026-09-30T05:23:46,2026-09-30T02:51:35,Force Core Set (High) X 8,167164,1337312,8,,178079
5973,2026-09-30T05:23:51,2026-09-30T02:51:35,Force Core Set (High) X 10,167164,1671640,10,,178079
5974,2026-09-30T05:23:58,2026-09-30T02:51:35,Force Core Set (High) X 11,167164,9194020,55,,178079
5975,2026-09-30T05:25:20,2026-09-30T02:51:35,Chaos Core,739500,739500,1,,
5976,2026-09-30T05:25:57,2026-09-30T02:51:35,Chaos Core,739500,739500,1,,
5977,2026-09-30T05:26:40,2026-09-30T02:51:35,Chaos Core,739500,739500,1,,
5978,2026-09-30T05:27:24,2026-09-30T02:51:35,Chaos Core,720861,720861,1,,
5979,2026-09-30T05:32:24,2026-09-30T02:51:35,Chaos Core,739500,739500,1,,
5980,2026-09-30T05:32:57,2026-09-30T02:51:35,Chaos Core,739500,739500,1,,
5981,2026-09-30T05:33:34,2026-09-30T02:51:35,Chaos Core,738282,738282,1,,
5982,2026-09-30T05:34:17,2026-09-30T02:51:35,Chaos Core,737713,737713,1,,
5983,2026-09-30T05:40:39,2026-09-30T02:51:35,Chaos Core,722101,98205736,136,,729339
5984,2026-09-30T05:40:53,2026-09-30T02:51:35,Chaos Core,722101,140087594,194,,729339
5985,2026-09-30T05:51:25,2026-09-30T02:51:35,Chaos Core,739500,739500,1,,
5986,2026-09-30T05:51:58,2026-09-30T02:51:35,Chaos Core,739500,739500,1,,
5987,2026-09-30T05:52:37,2026-09-30T02:51:35,Chaos Core,738840,738840,1,,
5988,2026-09-30T05:53:55,2026-09-30T02:51:35,Yekaterina VIP Membership,112333332,112333332,1,,
5989,2026-09-30T05:54:33,2026-09-30T02:51:35,Chaos Core,737764,737764,1,,
5990,2026-09-30T05:56:09,2026-09-30T02:51:35,Chaos Core,718000,178782000,249,,729321
5991,2026-09-30T06:03:16,2026-09-30T02:51:35,Upgrade Core Set (Ultimate) X 60,414268,24856080,60,,455551
5992,2026-09-30T06:03:21,2026-09-30T02:51:35,Upgrade Core Set (Ultimate) X 106,414268,43912513,106,,455551
5993,2026-09-30T06:03:26,2026-09-30T02:51:35,Upgrade Core Set (Ultimate) X 148,414268,61311664,148,,455551
5994,2026-09-30T06:05:07,2026-09-30T02:51:35,Chaos Core,737764,737764,1,,
5995,2026-09-30T06:05:41,2026-09-30T02:51:35,Chaos Core,737764,737764,1,,
5996,2026-09-30T06:06:20,2026-09-30T02:51:35,Chaos Core,737764,737764,1,,
5997,2026-09-30T06:07:05,2026-09-30T02:51:35,Chaos Core,737764,737764,1,,
5998,2026-09-30T06:12:46,2026-09-30T02:51:35,Chaos Core,737764,737764,1,,
5999,2026-09-30T06:13:20,2026-09-30T02:51:35,Chaos Core,737764,737764,1,,
6000,2026-09-30T06:14:03,2026-09-30T02:51:35,Chaos Core,737764,737764,1,,
6001,2026-09-30T06:29:51,2026-09-30T02:51:35,Yekaterina VIP Membership,112333332,112333332,1,,
6002,2026-09-30T06:46:22,2026-09-30T02:51:35,Chaos Core,720421,720421,1,,
6003,2026-09-30T06:46:55,2026-09-30T02:51:35,Chaos Core,720421,720421,1,,
6004,2026-09-30T06:47:35,2026-09-30T02:51:35,Chaos Core,720421,720421,1,,
6005,2026-09-30T06:48:23,2026-09-30T02:51:35,Chaos Core,720421,720421,1,,
6006,2026-09-30T06:53:13,2026-09-30T02:51:35,Chaos Core,718055,718055,1,,
6007,2026-09-30T06:53:46,2026-09-30T02:51:35,Chaos Core,718055,718055,1,,
6008,2026-09-30T06:54:24,2026-09-30T02:51:35,Chaos Core,720421,720421,1,,
6009,2026-09-30T06:55:07,2026-09-30T02:51:35,Chaos Core,720421,720421,1,,
6010,2026-09-30T07:00:46,2026-09-30T02:51:35,Chaos Core,720421,720421,1,,
6011,2026-09-30T07:01:17,2026-09-30T02:51:35,Chaos Core,718888,718888,1,,
6012,2026-09-30T07:01:55,2026-09-30T02:51:35,Chaos Core,718888,718888,1,,
6013,2026-09-30T07:02:39,2026-09-30T02:51:35,Chaos Core,718888,718888,1,,
6014,2026-09-30T07:07:35,2026-09-30T02:51:35,Force Core Set (Highest) X 274,192000,52608000,274,,197597
6015,2026-09-30T07:09:43,2026-09-30T02:51:35,Chaos Core,717794,717794,1,,
6016,2026-09-30T07:15:41,2026-09-30T02:51:35,Force Core Set (Highest) X 194,192000,37248000,194,,197585
6017,2026-09-30T07:17:41,2026-09-30T02:51:35,Yekaterina VIP Membership,112333332,112333332,1,,
6018,2026-09-30T07:32:06,2026-09-30T02:51:35,Chaos Core,730000,730000,1,,
6019,2026-09-30T07:33:28,2026-09-30T02:51:35,Chaos Core,729384,729384,1,,
6020,2026-09-30T07:36:01,2026-09-30T02:51:35,Chaos Core,728872,728872,1,,
6021,2026-09-30T07:36:46,2026-09-30T02:51:35,Chaos Core,727664,727664,1,,
6022,2026-09-30T07:50:03,2026-09-30T02:51:35,Chaos Core,723829,115088811,159,,729107
6023,2026-09-30T07:51:05,2026-09-30T02:51:35,Chaos Core,722594,28181166,39,,729105
6024,2026-09-30T07:51:14,2026-09-30T02:51:35,Chaos Core,722594,82375716,114,,729105
6025,2026-09-30T07:54:20,2026-09-30T02:51:35,Siena's Unbinding Stone,74888888,74888888,1,,
6026,2026-09-30T07:55:31,2026-09-30T02:51:35,Chaos Core,722594,2890376,4,,729104
6027,2026-09-30T07:57:10,2026-09-30T02:51:35,Chaos Core,733000,10262000,14,,729104
6028,2026-09-30T07:57:58,2026-09-30T02:51:35,Chaos Core,721475,28137525,39,,729103
6029,2026-09-30T08:05:54,2026-09-30T02:51:35,Chaos Core,730000,730000,1,,
6030,2026-09-30T08:06:28,2026-09-30T02:51:35,Chaos Core,730000,730000,1,,
6031,2026-09-30T08:07:20,2026-09-30T02:51:35,Chaos Core,730000,730000,1,,
6032,2026-09-30T08:08:38,2026-09-30T02:51:35,Yekaterina VIP Membership,112333332,112333332,1,,
6033,2026-09-30T08:09:24,2026-09-30T02:51:35,Chaos Core,730000,730000,1,,
6034,2026-09-30T08:16:35,2026-09-30T02:51:35,Epic Booster (Highest),46805555,187222220,4,,
6035,2026-09-30T08:17:56,2026-09-30T02:51:35,Chaos Core,718503,718503,1,,
6036,2026-09-30T08:18:40,2026-09-30T02:51:35,Chaos Core,722101,722101,1,,
6037,2026-09-30T08:19:21,2026-09-30T02:51:35,Chaos Core,719007,10066098,14,,729078
6038,2026-09-30T08:19:28,2026-09-30T02:51:35,Chaos Core,719007,7190070,10,,729078
6039,2026-09-30T08:20:29,2026-09-30T02:51:35,Chaos Core,719000,7190000,10,,729076
6040,2026-09-30T08:20:41,2026-09-30T02:51:35,Chaos Core,719007,137330337,191,,729076
6041,2026-09-30T08:24:08,2026-09-30T02:51:35,Chaos Core,719000,103536000,144,,729067
6042,2026-09-30T08:28:55,2026-09-30T02:51:35,Chaos Core,737421,737421,1,,
6043,2026-09-30T08:30:11,2026-09-30T02:51:35,Chaos Core,722101,722101,1,,
6044,2026-09-30T08:30:48,2026-09-30T02:51:35,Chaos Core,721540,721540,1,,
6045,2026-09-30T08:31:33,2026-09-30T02:51:35,Chaos Core,721540,721540,1,,
6046,2026-09-30T08:35:57,2026-09-30T02:51:35,Chaos Core,720461,9365993,13,,729038
6047,2026-09-30T08:36:39,2026-09-30T02:51:35,Chaos Core,737000,3685000,5,,729038
6048,2026-09-30T08:37:36,2026-09-30T02:51:35,Chaos Core,720461,33861667,47,,729036
6049,2026-09-30T08:38:16,2026-09-30T02:51:35,Chaos Core,722101,722101,1,,729036
6050,2026-09-30T08:40:45,2026-09-30T02:51:35,Chaos Core,722101,722101,1,,729031
6051,2026-09-30T08:41:22,2026-09-30T02:51:35,Chaos Core,737000,12529000,17,,729031
6052,2026-09-30T08:48:40,2026-09-30T02:51:35,Chaos Core,737000,737000,1,,
6053,2026-09-30T08:49:12,2026-09-30T02:51:35,Chaos Core,736490,736490,1,,
6054,2026-09-30T08:49:51,2026-09-30T02:51:35,Chaos Core,736490,736490,1,,
6055,2026-09-30T08:50:38,2026-09-30T02:51:35,Chaos Core,736490,736490,1,,
6056,2026-09-30T08:59:16,2026-09-30T02:51:35,Chaos Core,719879,17277096,24,,729100
6057,2026-09-30T08:59:25,2026-09-30T02:51:35,Chaos Core,719879,5039153,7,,729100
6058,2026-09-30T08:59:54,2026-09-30T02:51:35,Chaos Core,734316,1468632,2,,729100
6059,2026-09-30T09:04:50,2026-09-30T02:51:35,Chaos Core,730000,730000,1,,
6060,2026-09-30T09:05:22,2026-09-30T02:51:35,Chaos Core,730000,730000,1,,
6061,2026-09-30T09:06:22,2026-09-30T02:51:35,Chaos Core,730000,730000,1,,
6062,2026-09-30T09:08:08,2026-09-30T02:51:35,Chaos Core,730000,730000,1,,
6063,2026-09-30T09:15:17,2026-09-30T02:51:35,Chaos Core,730000,730000,1,,
6064,2026-09-30T09:15:49,2026-09-30T02:51:35,Chaos Core,730000,730000,1,,
6065,2026-09-30T09:16:30,2026-09-30T02:51:35,Chaos Core,730000,730000,1,,
6066,2026-09-30T09:17:13,2026-09-30T02:51:35,Chaos Core,728792,728792,1,,
6067,2026-09-30T09:20:32,2026-09-30T02:51:35,Chaos Core,722101,102538342,142,,729097
6068,2026-09-30T09:20:41,2026-09-30T02:51:35,Chaos Core,722101,55601777,77,,729097
6069,2026-09-30T09:22:44,2026-09-30T02:51:35,Chaos Core,722101,75820605,105,,729096
6070,2026-09-30T09:22:53,2026-09-30T02:51:35,Chaos Core,722101,69321696,96,,729096
6071,2026-09-30T09:24:23,2026-09-30T02:51:35,Chaos Core,720000,67680000,94,,729095
6072,2026-09-30T09:24:54,2026-09-30T02:51:35,Chaos Core,722000,87362000,121,,729095
6073,2026-09-30T09:25:03,2026-09-30T02:51:35,Chaos Core,720000,720000,1,,729095
6074,2026-09-30T09:26:47,2026-09-30T02:51:35,Chaos Core,720000,720000,1,,
6075,2026-09-30T09:27:27,2026-09-30T02:51:35,Chaos Core,720000,720000,1,,
6076,2026-09-30T09:28:03,2026-09-30T02:51:35,Chaos Core,720000,178560000,248,,729094
6077,2026-09-30T09:28:12,2026-09-30T02:51:35,Chaos Core,720000,720000,1,,729094
6078,2026-09-30T09:29:50,2026-09-30T02:51:35,Chaos Core,720000,720000,1,,
6079,2026-09-30T09:38:26,2026-09-30T02:51:35,Chaos Core,720000,720000,1,,
6080,2026-09-30T09:39:01,2026-09-30T02:51:35,Chaos Core,720000,720000,1,,
6081,2026-09-30T09:39:35,2026-09-30T02:51:35,Chaos Core,720000,117360000,163,,729101
6082,2026-09-30T09:39:41,2026-09-30T02:51:35,Chaos Core,718787,1437574,2,,729101
6083,2026-09-30T09:40:54,2026-09-30T02:51:35,Chaos Core,720000,720000,1,,
6084,2026-09-30T09:41:43,2026-09-30T02:51:35,Chaos Core,720000,720000,1,,
6085,2026-09-30T09:44:59,2026-09-30T02:51:35,Chaos Core,720000,720000,1,,
6086,2026-09-30T09:46:37,2026-09-30T02:51:35,Chaos Core,719483,719483,1,,
6087,2026-09-30T09:48:20,2026-09-30T02:51:35,Chaos Core,718878,718878,1,,
6088,2026-09-30T09:49:10,2026-09-30T02:51:35,Chaos Core,719483,719483,1,,
6089,2026-09-30T09:52:55,2026-09-30T02:51:35,Chaos Core,719483,4316898,6,,729101
6090,2026-09-30T09:53:04,2026-09-30T02:51:35,Chaos Core,716480,178403520,249,,729101
6091,2026-09-30T09:54:42,2026-09-30T02:51:35,Chaos Core,716480,136847680,191,,729100
6092,2026-09-30T09:54:50,2026-09-30T02:51:35,Chaos Core,716480,716480,1,,729100
6093,2026-09-30T09:56:02,2026-09-30T02:51:35,Chaos Core,716480,9314240,13,,729099
6094,2026-09-30T09:56:19,2026-09-30T02:51:35,Chaos Core,720000,3600000,5,,729099
6095,2026-09-30T09:56:38,2026-09-30T02:51:35,Chaos Core,722101,4332606,6,,729099
6096,2026-09-30T09:56:57,2026-09-30T02:51:35,Chaos Core,722101,722101,1,,729099
6097,2026-09-30T09:57:18,2026-09-30T02:51:35,Chaos Core,722101,722101,1,,729099
6098,2026-09-30T09:57:42,2026-09-30T02:51:35,Chaos Core,716480,716480,1,,729099
6099,2026-09-30T09:58:42,2026-09-30T02:51:35,Chaos Core,716480,172671680,241,,729098
6100,2026-09-30T09:58:51,2026-09-30T02:51:35,Chaos Core,716480,1432960,2,,729098
6101,2026-09-30T10:00:31,2026-09-30T02:51:35,Chaos Core,720000,720000,1,,729098
6102,2026-09-30T10:00:55,2026-09-30T02:51:35,Chaos Core,722101,12275717,17,,729098
6103,2026-09-30T10:02:27,2026-09-30T02:51:35,Chaos Core,717157,165663267,231,,729096
6104,2026-09-30T10:03:45,2026-09-30T02:51:35,Chaos Core,722101,44048161,61,,729095
6105,2026-09-30T10:04:22,2026-09-30T02:51:35,Chaos Core,728792,1457584,2,,729095
6106,2026-09-30T10:07:21,2026-09-30T02:51:35,Yekaterina VIP Membership,112333332,112333332,1,,
6107,2026-09-30T10:08:17,2026-09-30T02:51:35,Chaos Core,728000,728000,1,,
6108,2026-09-30T10:13:17,2026-09-30T02:51:35,Upgrade Core Set (Ultimate) X 21,415583,8727243,21,,439996
6109,2026-09-30T10:13:22,2026-09-30T02:51:35,Upgrade Core Set (Ultimate) X 35,415583,14545405,35,,439996
6110,2026-09-30T10:13:27,2026-09-30T02:51:35,Upgrade Core Set (Ultimate) X 69,415583,28675227,69,,439996
6111,2026-09-30T10:15:06,2026-09-30T02:51:35,Chaos Core,720000,720000,1,,
6112,2026-09-30T10:15:44,2026-09-30T02:51:35,Chaos Core,722101,722101,1,,
6113,2026-09-30T10:16:32,2026-09-30T02:51:35,Chaos Core,730000,730000,1,,
6114,2026-09-30T10:17:29,2026-09-30T02:51:35,Chaos Core,730000,730000,1,,
6115,2026-09-30T10:20:25,2026-09-30T02:51:35,Chaos Core,722101,722101,1,,729082
6116,2026-09-30T10:21:02,2026-09-30T02:51:35,Chaos Core,728792,728792,1,,729082
6117,2026-09-30T10:21:25,2026-09-30T02:51:35,Chaos Core,730000,730000,1,,729082
6118,2026-09-30T10:21:47,2026-09-30T02:51:35,Chaos Core,730000,4380000,6,,729082
6119,2026-09-30T10:21:53,2026-09-30T02:51:35,Chaos Core,717536,6457824,9,,729082
6120,2026-09-30T10:25:06,2026-09-30T02:51:35,Force Core Set (High) X 1,166001,830005,5,,174973
6121,2026-09-30T10:25:11,2026-09-30T02:51:35,Force Core Set (High) X 26,166001,4316026,26,,174973
6122,2026-09-30T10:25:18,2026-09-30T02:51:35,Force Core Set (High) X 42,166001,6972042,42,,174973
6123,2026-09-30T10:25:24,2026-09-30T02:51:35,Force Core Set (High) X 118,166001,19588118,118,,174973
6124,2026-09-30T10:26:13,2026-09-30T02:51:35,Force Core Set (High) X 274,166001,45484274,274,,174972
6125,2026-09-30T10:27:20,2026-09-30T02:51:35,Upgrade Core Set (Ultimate) X 40,415583,16623320,40,,434995
6126,2026-09-30T10:27:25,2026-09-30T02:51:35,Upgrade Core Set (Ultimate) X 82,415583,34077806,82,,434995
6127,2026-09-30T10:30:07,2026-09-30T02:51:35,Epic Booster (Highest),46805555,187222220,4,,
6128,2026-09-30T10:30:44,2026-09-30T02:51:35,Chaos Core,737764,737764,1,,
6129,2026-09-30T10:31:17,2026-09-30T02:51:35,Chaos Core,737764,737764,1,,
6130,2026-09-30T10:31:59,2026-09-30T02:51:35,Chaos Core,737764,737764,1,,
6131,2026-09-30T10:32:43,2026-09-30T02:51:35,Chaos Core,736405,736405,1,,
6132,2026-09-30T11:21:46,2026-09-30T11:17:49,Siena's Unbinding Stone,75999999,75999999,1,,
6133,2026-09-30T11:22:50,2026-09-30T11:17:49,Chaos Core,740000,740000,1,,
6134,2026-09-30T11:23:23,2026-09-30T11:17:49,Chaos Core,740000,740000,1,,
6135,2026-09-30T11:23:58,2026-09-30T11:17:49,Chaos Core,739414,184114086,249,,749989
6136,2026-09-30T11:25:14,2026-09-30T11:17:49,Chaos Core,738784,738784,1,,
6137,2026-09-30T11:25:59,2026-09-30T11:17:49,Chaos Core,738783,738783,1,,
6138,2026-09-30T11:27:33,2026-09-30T11:17:49,Chaos Core,738782,76094546,103,,749984
6139,2026-09-30T11:27:39,2026-09-30T11:17:49,Chaos Core,737556,20651568,28,,749984
6140,2026-09-30T11:27:48,2026-09-30T11:17:49,Chaos Core,737556,33927576,46,,749984
6141,2026-09-30T11:29:13,2026-09-30T11:17:49,Chaos Core,735999,70655904,96,,749983
6142,2026-09-30T11:29:23,2026-09-30T11:17:49,Chaos Core,735999,83903886,114,,749983
6143,2026-09-30T11:33:45,2026-09-30T11:17:49,Chaos Core,735999,78015894,106,,749978
6144,2026-09-30T11:34:00,2026-09-30T11:17:49,Chaos Core,737556,27289572,37,,749978
6145,2026-09-30T11:34:14,2026-09-30T11:17:49,Chaos Core,737556,737556,1,,749978
6146,2026-09-30T11:40:03,2026-09-30T11:17:49,Chaos Core,738783,738783,1,,
6147,2026-09-30T11:40:35,2026-09-30T11:17:49,Chaos Core,738783,738783,1,,
6148,2026-09-30T11:41:13,2026-09-30T11:17:49,Chaos Core,735000,735000,1,,
6149,2026-09-30T11:41:59,2026-09-30T11:17:49,Chaos Core,738783,738783,1,,
6150,2026-09-30T11:47:11,2026-09-30T11:17:49,Chaos Core,740000,740000,1,,
6151,2026-09-30T11:47:45,2026-09-30T11:17:49,Chaos Core,740000,740000,1,,
6152,2026-09-30T11:48:28,2026-09-30T11:17:49,Chaos Core,740000,740000,1,,
6153,2026-09-30T11:49:12,2026-09-30T11:17:49,Chaos Core,740000,740000,1,,
6154,2026-09-30T11:52:16,2026-09-30T11:17:49,Chaos Core,740000,14800000,20,,749960
6155,2026-09-30T11:52:25,2026-09-30T11:17:49,Chaos Core,740000,18500000,25,,749960
6156,2026-09-30T11:54:59,2026-09-30T11:17:49,Chaos Core,740000,740000,1,,
6157,2026-09-30T11:55:32,2026-09-30T11:17:49,Chaos Core,740000,740000,1,,
6158,2026-09-30T11:56:29,2026-09-30T11:17:49,Chaos Core,745000,29055000,39,,760000
6159,2026-09-30T11:56:56,2026-09-30T11:17:49,Chaos Core,745000,745000,1,,760000
6160,2026-09-30T11:58:03,2026-09-30T11:17:49,Chaos Core,747000,747000,1,,
6161,2026-09-30T11:59:03,2026-09-30T11:17:49,Chaos Core,747000,747000,1,,
6162,2026-09-30T11:59:44,2026-09-30T11:17:49,Chaos Core,738715,42845470,58,,751435
6163,2026-09-30T12:00:05,2026-09-30T11:17:49,Chaos Core,739400,108691800,147,,751435
6164,2026-09-30T12:00:11,2026-09-30T11:17:49,Chaos Core,738715,1477430,2,,751435
6165,2026-09-30T12:04:34,2026-09-30T11:17:49,Force Core Set (High) X 6,166088,996528,6,,174901
6166,2026-09-30T12:04:40,2026-09-30T11:17:49,Force Core Set (High) X 12,166088,1993056,12,,174901
6167,2026-09-30T12:04:46,2026-09-30T11:17:49,Force Core Set (High) X 17,166088,2823496,17,,174901
6168,2026-09-30T12:04:51,2026-09-30T11:17:49,Force Core Set (High) X 22,166088,3653936,22,,174901
6169,2026-09-30T12:04:56,2026-09-30T11:17:49,Force Core Set (High) X 34,166088,5646992,34,,174901
6170,2026-09-30T12:06:16,2026-09-30T11:17:49,Chaos Core,749998,749998,1,,
6171,2026-09-30T12:06:52,2026-09-30T11:17:49,Chaos Core,749998,749998,1,,
6172,2026-09-30T12:07:35,2026-09-30T11:17:49,Chaos Core,749997,749997,1,,
6173,2026-09-30T12:11:40,2026-09-30T11:17:49,Chaos Core,750000,750000,1,,
6174,2026-09-30T12:19:23,2026-09-30T12:15:36,Chaos Core,750000,750000,1,,
6175,2026-09-30T12:19:58,2026-09-30T12:15:36,Force Core Set (Highest) X 16,180000,2880000,16,,197414
6176,2026-09-30T12:21:27,2026-09-30T12:15:36,Chaos Core,750000,750000,1,,
6177,2026-09-30T12:22:07,2026-09-30T12:15:36,Chaos Core,750000,750000,1,,
6178,2026-09-30T12:25:59,2026-09-30T12:15:36,Chaos Core,746059,746059,1,,
6179,2026-09-30T12:26:59,2026-09-30T12:15:36,Force Core Set (High) X 41,166088,6809608,41,,174879
6180,2026-09-30T12:27:04,2026-09-30T12:15:36,Force Core Set (High) X 42,166088,6975696,42,,174879
6181,2026-09-30T12:27:09,2026-09-30T12:15:36,Force Core Set (High) X 68,166088,11293984,68,,174879
6182,2026-09-30T12:27:14,2026-09-30T12:15:36,Force Core Set (High) X 112,166088,18601856,112,,174879
6183,2026-09-30T12:39:05,2026-09-30T12:35:19,Chaos Core,740000,740000,1,,
6184,2026-09-30T12:40:22,2026-09-30T12:35:19,Chaos Core,739426,739426,1,,
6185,2026-09-30T12:41:13,2026-09-30T12:35:19,Chaos Core,740000,740000,1,,
6186,2026-09-30T12:44:21,2026-09-30T12:35:19,Chaos Core,735000,735000,1,,
6187,2026-09-30T12:46:03,2026-09-30T12:35:19,Chaos Core,720000,720000,1,,
6188,2026-09-30T12:46:42,2026-09-30T12:35:19,Chaos Core,720000,143280000,199,,734449
6189,2026-09-30T12:46:51,2026-09-30T12:35:19,Chaos Core,720000,1440000,2,,734449
6190,2026-09-30T12:48:01,2026-09-30T12:35:19,Chaos Core,720000,5040000,7,,734448
6191,2026-09-30T12:48:10,2026-09-30T12:35:19,Chaos Core,720000,43920000,61,,734448
6192,2026-09-30T12:48:23,2026-09-30T12:35:19,Chaos Core,722101,35382949,49,,734448
6193,2026-09-30T12:50:23,2026-09-30T12:35:19,Chaos Core,740000,740000,1,,
6194,2026-09-30T12:53:20,2026-09-30T12:35:19,Chaos Core,737373,737373,1,,
6195,2026-09-30T12:54:15,2026-09-30T12:35:19,Chaos Core,736854,736854,1,,
6196,2026-09-30T12:56:06,2026-09-30T12:35:19,Chaos Core,736854,736854,1,,
6197,2026-09-30T13:00:01,2026-09-30T12:35:19,Chaos Core,735584,735584,1,,
6198,2026-09-30T13:00:44,2026-09-30T12:35:19,Chaos Core,734584,734584,1,,
6199,2026-09-30T13:01:43,2026-09-30T12:35:19,Force Core Set (Highest) X 20,192000,11520000,60,,197381
6200,2026-09-30T13:01:48,2026-09-30T12:35:19,Force Core Set (Highest) X 25,192000,4800000,25,,197381
6201,2026-09-30T13:03:18,2026-09-30T12:35:19,Chaos Core,735584,735584,1,,
6202,2026-09-30T13:06:03,2026-09-30T12:35:19,Chaos Core,734975,734975,1,,
6203,2026-09-30T13:09:08,2026-09-30T12:35:19,Chaos Core,735584,735584,1,,
6204,2026-09-30T13:09:58,2026-09-30T12:35:19,Chaos Core,735584,735584,1,,
6205,2026-09-30T13:10:32,2026-09-30T12:35:19,Chaos Core,734990,734990,1,,
6206,2026-09-30T13:12:49,2026-09-30T12:35:19,Chaos Core,734990,734990,1,,
6207,2026-09-30T13:13:22,2026-09-30T12:35:19,Chaos Core,733765,733765,1,,
6208,2026-09-30T13:16:27,2026-09-30T12:35:19,Chaos Core,732656,732656,1,,
6209,2026-09-30T13:17:05,2026-09-30T12:35:19,Chaos Core,732656,732656,1,,
6210,2026-09-30T13:24:09,2026-09-30T12:35:19,Chaos Core,710000,16330000,23,,734448
6211,2026-09-30T13:24:20,2026-09-30T12:35:19,Chaos Core,710000,22010000,31,,734448
6212,2026-09-30T13:28:01,2026-09-30T12:35:19,Chaos Core,730842,730842,1,,
6213,2026-09-30T13:30:06,2026-09-30T12:35:19,Upgrade Core Set (Ultimate) X 3,400000,1200000,3,,429882
6214,2026-09-30T13:32:52,2026-09-30T12:35:19,Epic Booster (Highest),47499999,189999996,4,,
6215,2026-09-30T13:33:39,2026-09-30T12:35:19,Chaos Core,750000,750000,1,,
6216,2026-09-30T13:36:25,2026-09-30T12:35:19,Chaos Core,750000,750000,1,,
6217,2026-09-30T13:36:57,2026-09-30T12:35:19,Chaos Core,749496,749496,1,,
6218,2026-09-30T13:37:38,2026-09-30T12:35:19,Chaos Core,750000,750000,1,,
6219,2026-09-30T13:38:54,2026-09-30T12:35:19,Chaos Core,750000,750000,1,,
6220,2026-09-30T13:40:28,2026-09-30T12:35:19,Chaos Core,749457,749457,1,,
6221,2026-09-30T13:41:08,2026-09-30T12:35:19,Yekaterina VIP Membership,113999998,113999998,1,,
6222,2026-09-30T13:43:46,2026-09-30T12:35:19,Chaos Core,749457,749457,1,,
6223,2026-09-30T13:44:18,2026-09-30T12:35:19,Chaos Core,747747,747747,1,,
6224,2026-09-30T13:44:50,2026-09-30T12:35:19,Chaos Core,747747,747747,1,,
6225,2026-09-30T13:46:15,2026-09-30T12:35:19,Chaos Core,748289,748289,1,,
6226,2026-09-30T13:50:28,2026-09-30T12:35:19,Chaos Core,746476,746476,1,,
6227,2026-09-30T13:51:03,2026-09-30T12:35:19,Chaos Core,746476,746476,1,,
6228,2026-09-30T13:51:32,2026-09-30T12:35:19,Chaos Core,744712,14149528,19,,790000
6229,2026-09-30T13:55:05,2026-09-30T12:35:19,Chaos Core,750000,750000,1,,
6230,2026-09-30T13:57:30,2026-09-30T12:35:19,Chaos Core,722101,4332606,6,,789996
6231,2026-09-30T13:57:39,2026-09-30T12:35:19,Chaos Core,722101,82319514,114,,789996
6232,2026-09-30T13:59:08,2026-09-30T12:35:19,Chaos Core,749999,749999,1,,
6233,2026-09-30T13:59:41,2026-09-30T12:35:19,Chaos Core,749999,749999,1,,
6234,2026-09-30T14:00:14,2026-09-30T12:35:19,Chaos Core,750000,750000,1,,
6235,2026-09-30T14:01:34,2026-09-30T12:35:19,Chaos Core,750000,750000,1,,
6236,2026-09-30T14:02:08,2026-09-30T12:35:19,Chaos Core,749408,749408,1,,
6237,2026-09-30T14:05:28,2026-09-30T12:35:19,Chaos Core,748339,748339,1,,
6238,2026-09-30T14:06:07,2026-09-30T12:35:19,Yekaterina VIP Membership,113999998,113999998,1,,
6239,2026-09-30T14:08:51,2026-09-30T12:35:19,Chaos Core,740000,740000,1,,
6240,2026-09-30T14:09:25,2026-09-30T12:35:19,Chaos Core,740000,740000,1,,
6241,2026-09-30T14:10:12,2026-09-30T12:35:19,Chaos Core,740000,176120000,238,,789992
6242,2026-09-30T14:10:24,2026-09-30T12:35:19,Chaos Core,740000,1480000,2,,789992
6243,2026-09-30T14:12:27,2026-09-30T12:35:19,Chaos Core,730000,102200000,140,,789991
6244,2026-09-30T14:12:39,2026-09-30T12:35:19,Chaos Core,738349,64974712,88,,789991
6245,2026-09-30T14:14:22,2026-09-30T12:35:19,Chaos Core,740000,89540000,121,,789989
6246,2026-09-30T14:17:19,2026-09-30T12:35:19,Chaos Core,749999,749999,1,,
6247,2026-09-30T14:19:58,2026-09-30T12:35:19,Chaos Core,749999,749999,1,,
6248,2026-09-30T14:20:30,2026-09-30T12:35:19,Chaos Core,749999,749999,1,,
6249,2026-09-30T14:21:05,2026-09-30T12:35:19,Chaos Core,749999,749999,1,,
6250,2026-09-30T14:21:53,2026-09-30T12:35:19,Chaos Core,749999,749999,1,,
6251,2026-09-30T14:22:30,2026-09-30T12:35:19,Chaos Core,749999,749999,1,,
6252,2026-09-30T14:25:16,2026-09-30T12:35:19,Chaos Core,747065,747065,1,,
6253,2026-09-30T14:36:05,2026-09-30T12:35:19,Force Core Set (High) X 42,150000,6300000,42,,174760
6254,2026-09-30T14:36:10,2026-09-30T12:35:19,Force Core Set (High) X 139,150000,20850000,139,,174760
6255,2026-09-30T14:47:06,2026-09-30T12:35:19,Chaos Core,735000,735000,1,,
6256,2026-09-30T14:47:38,2026-09-30T12:35:19,Chaos Core,735000,735000,1,,
6257,2026-09-30T14:48:10,2026-09-30T12:35:19,Chaos Core,735000,735000,1,,
6258,2026-09-30T14:48:48,2026-09-30T12:35:19,Chaos Core,735000,735000,1,,
6259,2026-09-30T14:49:21,2026-09-30T12:35:19,Chaos Core,722101,722101,1,,
6260,2026-09-30T14:51:52,2026-09-30T12:35:19,Chaos Core,735000,61005000,83,,789967
6261,2026-09-30T14:51:59,2026-09-30T12:35:19,Chaos Core,499999,58499883,117,,789967
6262,2026-09-30T14:52:06,2026-09-30T12:35:19,Chaos Core,735000,735000,1,,789967
6263,2026-09-30T14:55:19,2026-09-30T12:35:19,Chaos Core,739156,739156,1,,
6264,2026-09-30T14:55:54,2026-09-30T12:35:19,Chaos Core,739156,739156,1,,
6265,2026-09-30T14:56:30,2026-09-30T12:35:19,Chaos Core,739156,739156,1,,
6266,2026-09-30T14:57:08,2026-09-30T12:35:19,Chaos Core,739156,739156,1,,
6267,2026-09-30T14:57:53,2026-09-30T12:35:19,Chaos Core,739156,739156,1,,
6268,2026-09-30T15:02:35,2026-09-30T12:35:19,Epic Booster (Highest),47499999,189999996,4,,
6269,2026-09-30T15:09:12,2026-09-30T12:35:19,Force Core Set (Highest) X 20,187500,3750000,20,,197390
6270,2026-09-30T15:13:28,2026-09-30T12:35:19,Chaos Core,739156,4434936,6,,789992
6271,2026-09-30T15:13:42,2026-09-30T12:35:19,Chaos Core,739156,2217468,3,,789992
6272,2026-09-30T15:14:03,2026-09-30T12:35:19,Chaos Core,739740,103563600,140,,789992
6273,2026-09-30T15:15:26,2026-09-30T12:35:19,Chaos Core,741000,22971000,31,,789992
6274,2026-09-30T15:19:11,2026-09-30T12:35:19,Chaos Core,741000,741000,1,,
6275,2026-09-30T15:19:44,2026-09-30T12:35:19,Chaos Core,737965,737965,1,,
6276,2026-09-30T15:20:23,2026-09-30T12:35:19,Chaos Core,737965,737965,1,,
6277,2026-09-30T15:21:04,2026-09-30T12:35:19,Chaos Core,737965,737965,1,,
6278,2026-09-30T15:22:06,2026-09-30T12:35:19,Chaos Core,737965,71582605,97,,789992
6279,2026-09-30T15:22:14,2026-09-30T12:35:19,Chaos Core,735565,168444385,229,,789992
6280,2026-09-30T15:22:35,2026-09-30T12:35:19,Chaos Core,741000,741000,1,,789992
6281,2026-09-30T15:24:03,2026-09-30T12:35:19,Chaos Core,735565,40456075,55,,789991
6282,2026-09-30T15:24:13,2026-09-30T12:35:19,Chaos Core,735565,83854410,114,,789991
6283,2026-09-30T15:24:25,2026-09-30T12:35:19,Chaos Core,735565,1471130,2,,789991
6284,2026-09-30T15:43:06,2026-09-30T15:33:15,Chaos Core,734671,97711243,133,,779990
6285,2026-09-30T15:43:21,2026-09-30T15:33:15,Chaos Core,734671,26448156,36,,779990
6286,2026-09-30T15:43:37,2026-09-30T15:33:15,Chaos Core,734671,1469342,2,,779990
6287,2026-09-30T15:47:36,2026-09-30T15:33:15,Chaos Core,731600,57796400,79,,779989
6288,2026-09-30T15:47:57,2026-09-30T15:33:15,Chaos Core,734671,2938684,4,,779989
6289,2026-09-30T15:48:16,2026-09-30T15:33:15,Chaos Core,734671,10285394,14,,779989
6290,2026-09-30T15:48:39,2026-09-30T15:33:15,Chaos Core,734671,57304338,78,,779989
6291,2026-09-30T15:49:02,2026-09-30T15:33:15,Chaos Core,734671,1469342,2,,779989
6292,2026-09-30T15:51:10,2026-09-30T15:33:15,Chaos Core,728690,13116420,18,,779987
6293,2026-09-30T15:51:33,2026-09-30T15:33:15,Chaos Core,734671,734671,1,,779987
6294,2026-09-30T15:51:58,2026-09-30T15:33:15,Chaos Core,734671,83017823,113,,779987
6295,2026-09-30T15:52:16,2026-09-30T15:33:15,Chaos Core,734671,734671,1,,779987
6296,2026-09-30T15:52:40,2026-09-30T15:33:15,Chaos Core,734671,144730187,197,,779987
6297,2026-09-30T15:58:16,2026-09-30T15:33:15,Chaos Core,731180,731180,1,,
6298,2026-09-30T15:58:49,2026-09-30T15:33:15,Chaos Core,730494,730494,1,,
6299,2026-09-30T15:59:25,2026-09-30T15:33:15,Chaos Core,729872,729872,1,,
6300,2026-09-30T16:08:35,2026-09-30T15:33:15,Force Core Set (High) X 6,164908,989448,6,,174729
6301,2026-09-30T16:08:42,2026-09-30T15:33:15,Force Core Set (High) X 12,164908,1978896,12,,174729
6302,2026-09-30T16:09:30,2026-09-30T15:33:15,Force Core Set (High) X 13,164908,2143804,13,,174728
6303,2026-09-30T16:09:39,2026-09-30T15:33:15,Force Core Set (High) X 17,164908,2803436,17,,174728
6304,2026-09-30T16:15:05,2026-09-30T15:33:15,Chaos Core,747065,747065,1,,
6305,2026-09-30T16:17:54,2026-09-30T15:33:15,Chaos Core,747065,747065,1,,
6306,2026-09-30T16:18:39,2026-09-30T15:33:15,Chaos Core,747065,747065,1,,
6307,2026-09-30T16:19:14,2026-09-30T15:33:15,Chaos Core,745240,745240,1,,
6308,2026-09-30T16:19:48,2026-09-30T15:33:15,Chaos Core,745240,745240,1,,
6309,2026-09-30T16:22:48,2026-09-30T15:33:15,Chaos Core,747065,747065,1,,
6310,2026-09-30T16:31:20,2026-09-30T15:33:15,Chaos Core,739501,739501,1,,
6311,2026-09-30T16:32:03,2026-09-30T15:33:15,Chaos Core,739501,739501,1,,
6312,2026-09-30T16:32:41,2026-09-30T15:33:15,Chaos Core,739501,739501,1,,
6313,2026-09-30T16:35:08,2026-09-30T15:33:15,Chaos Core,737647,737647,1,,
6314,2026-09-30T16:35:40,2026-09-30T15:33:15,Chaos Core,737647,737647,1,,
6315,2026-09-30T16:41:14,2026-09-30T15:33:15,Chaos Core,736994,736994,1,,
6316,2026-09-30T16:41:49,2026-09-30T15:33:15,Chaos Core,736994,736994,1,,
6317,2026-09-30T16:44:52,2026-09-30T15:33:15,Chaos Core,736994,736994,1,,
6318,2026-09-30T16:45:30,2026-09-30T15:33:15,Chaos Core,736994,736994,1,,
6319,2026-09-30T16:46:18,2026-09-30T15:33:15,Chaos Core,736994,736994,1,,
6320,2026-09-30T16:48:50,2026-09-30T15:33:15,Chaos Core,736994,736994,1,,
6321,2026-09-30T16:50:12,2026-09-30T15:33:15,Force Core Set (Highest) X 107,192727,20621789,107,,209996
6322,2026-09-30T16:50:20,2026-09-30T15:33:15,Force Core Set (Highest) X 10,192779,3855580,20,,209996
6323,2026-09-30T16:50:26,2026-09-30T15:33:15,Force Core Set (Highest) X 111,192779,21398469,111,,209996
6324,2026-09-30T16:51:16,2026-09-30T15:33:15,Force Core Set (Highest) X 10,192785,26989900,140,,209992
6325,2026-09-30T16:51:23,2026-09-30T15:33:15,Force Core Set (Highest) X 18,192785,3470130,18,,209992
6326,2026-09-30T16:52:09,2026-09-30T15:33:15,Force Core Set (Highest) X 42,192727,8094534,42,,209991
6327,2026-09-30T16:52:15,2026-09-30T15:33:15,Force Core Set (Highest) X 20,192785,3855700,20,,209991
6328,2026-09-30T16:52:22,2026-09-30T15:33:15,Force Core Set (Highest) X 21,192785,4048485,21,,209991
6329,2026-09-30T16:54:42,2026-09-30T15:33:15,Chaos Core,720000,720000,1,,
6330,2026-09-30T16:55:15,2026-09-30T15:33:15,Chaos Core,720000,70560000,98,,774882
6331,2026-09-30T16:55:28,2026-09-30T15:33:15,Chaos Core,736994,83280322,113,,774882
6332,2026-09-30T16:55:38,2026-09-30T15:33:15,Chaos Core,736994,1473988,2,,774882
6333,2026-09-30T16:57:00,2026-09-30T15:33:15,Chaos Core,736994,736994,1,,
6334,2026-09-30T16:58:14,2026-09-30T15:33:15,Chaos Core,736994,26531784,36,,774872
6335,2026-09-30T16:58:43,2026-09-30T15:33:15,Chaos Core,737647,183674103,249,,774872
6336,2026-09-30T17:01:19,2026-09-30T15:33:15,Chaos Core,718907,718907,1,,
6337,2026-09-30T17:01:55,2026-09-30T15:33:15,Chaos Core,718907,718907,1,,
6338,2026-09-30T17:06:09,2026-09-30T15:33:15,Chaos Core,717650,717650,1,,
6339,2026-09-30T17:07:59,2026-09-30T15:33:15,Upgrade Core Set (Ultimate) X 1,420380,15133680,36,,429992
6340,2026-09-30T17:11:14,2026-09-30T15:33:15,Chaos Core,717018,717018,1,,
6341,2026-09-30T17:13:41,2026-09-30T15:33:15,Chaos Core,714400,714400,1,,
6342,2026-09-30T17:14:29,2026-09-30T15:33:15,Chaos Core,717660,717660,1,,
6343,2026-09-30T17:16:14,2026-09-30T15:33:15,Upgrade Core Set (Ultimate) X 100,420380,42038000,100,,429986
6344,2026-09-30T17:21:19,2026-09-30T15:33:15,Upgrade Core Set (Ultimate) X 38,420380,15974440,38,,429982
6345,2026-09-30T17:22:38,2026-09-30T15:33:15,Yekaterina VIP Membership,113999997,113999997,1,,
6346,2026-09-30T17:24:15,2026-09-30T15:33:15,Chaos Core,718907,718907,1,,
6347,2026-09-30T17:25:11,2026-09-30T15:33:15,Chaos Core,718907,718907,1,,
6348,2026-09-30T17:27:38,2026-09-30T15:33:15,Chaos Core,718907,718907,1,,
6349,2026-09-30T17:28:14,2026-09-30T15:33:15,Chaos Core,718907,718907,1,,
6350,2026-09-30T17:32:49,2026-09-30T15:33:15,Chaos Core,718907,718907,1,,
6351,2026-09-30T17:33:45,2026-09-30T15:33:15,Chaos Core,718907,718907,1,,
6352,2026-09-30T17:36:17,2026-09-30T15:33:15,Chaos Core,718907,718907,1,,
6353,2026-09-30T17:36:52,2026-09-30T15:33:15,Chaos Core,716929,716929,1,,
6354,2026-09-30T17:52:41,2026-09-30T15:33:15,Chaos Core,715203,715203,1,,
6355,2026-09-30T17:53:26,2026-09-30T15:33:15,Chaos Core,730000,730000,1,,
6356,2026-09-30T17:57:55,2026-09-30T15:33:15,Chaos Core,722942,722942,1,,
6357,2026-09-30T17:58:53,2026-09-30T15:33:15,Chaos Core,722942,722942,1,,
6358,2026-09-30T18:05:41,2026-09-30T15:33:15,Chaos Core,722942,722942,1,,
6359,2026-09-30T18:20:07,2026-09-30T15:33:15,Chaos Core,715000,715000,1,,
6360,2026-09-30T18:20:43,2026-09-30T15:33:15,Chaos Core,715000,715000,1,,
6361,2026-09-30T18:25:14,2026-09-30T15:33:15,Chaos Core,713800,713800,1,,
6362,2026-09-30T18:26:10,2026-09-30T15:33:15,Chaos Core,713800,713800,1,,
6363,2026-09-30T18:37:33,2026-09-30T15:33:15,Chaos Core,713800,713800,1,,
6364,2026-09-30T18:38:28,2026-09-30T15:33:15,Chaos Core,713800,713800,1,,
6365,2026-09-30T18:40:57,2026-09-30T15:33:15,Chaos Core,713800,713800,1,,
6366,2026-09-30T18:41:33,2026-09-30T15:33:15,Chaos Core,713800,713800,1,,
6367,2026-09-30T18:46:08,2026-09-30T15:33:15,Chaos Core,713800,713800,1,,
6368,2026-09-30T18:47:05,2026-09-30T15:33:15,Chaos Core,713800,713800,1,,
6369,2026-09-30T18:51:41,2026-09-30T15:33:15,Chaos Core,713800,713800,1,,
6370,2026-09-30T18:52:35,2026-09-30T15:33:15,Chaos Core,713800,713800,1,,
6371,2026-09-30T18:55:14,2026-09-30T15:33:15,Chaos Core,713800,713800,1,,
6372,2026-09-30T18:55:52,2026-09-30T15:33:15,Chaos Core,713800,713800,1,,
6373,2026-09-30T18:59:01,2026-09-30T15:33:15,Force Core Set (High) X 1,164094,820470,5,,169886
6374,2026-09-30T18:59:09,2026-09-30T15:33:15,Force Core Set (High) X 10,164094,6563760,40,,169886
6375,2026-09-30T18:59:15,2026-09-30T15:33:15,Force Core Set (High) X 116,164094,19034904,116,,169886
6376,2026-09-30T18:59:22,2026-09-30T15:33:15,Force Core Set (High) X 170,164094,27895980,170,,169886
6377,2026-09-30T19:01:57,2026-09-30T15:33:15,Chaos Core,713800,713800,1,,
6378,2026-09-30T19:02:45,2026-09-30T15:33:15,Chaos Core,713800,713800,1,,
6379,2026-09-30T19:05:31,2026-09-30T15:33:15,Chaos Core,713800,713800,1,,
6380,2026-09-30T19:06:05,2026-09-30T15:33:15,Chaos Core,713800,713800,1,,
6381,2026-09-30T19:09:55,2026-09-30T15:33:15,Yekaterina VIP Membership,113999997,113999997,1,,
6382,2026-09-30T19:11:06,2026-09-30T15:33:15,Chaos Core,713800,713800,1,,
6383,2026-09-30T19:11:56,2026-09-30T15:33:15,Chaos Core,713800,713800,1,,
6384,2026-09-30T19:13:33,2026-09-30T15:33:15,Chaos Core,713800,35690000,50,,749978
6385,2026-09-30T19:13:45,2026-09-30T15:33:15,Chaos Core,713800,10707000,15,,749978
6386,2026-09-30T19:13:59,2026-09-30T15:33:15,Chaos Core,713800,2141400,3,,749978
6387,2026-09-30T19:14:13,2026-09-30T15:33:15,Chaos Core,713800,10707000,15,,749978
6388,2026-09-30T19:14:30,2026-09-30T15:33:15,Chaos Core,713800,2141400,3,,749978
6389,2026-09-30T19:14:49,2026-09-30T15:33:15,Chaos Core,713800,42114200,59,,749978
6390,2026-09-30T19:15:10,2026-09-30T15:33:15,Chaos Core,713800,1427600,2,,749978
6391,2026-09-30T19:16:35,2026-09-30T15:33:15,Chaos Core,713800,176308600,247,,749973
6392,2026-09-30T19:16:57,2026-09-30T15:33:15,Chaos Core,715000,1430000,2,,749973
6393,2026-09-30T19:18:59,2026-09-30T15:33:15,Chaos Core,715000,715000,1,,
6394,2026-09-30T19:19:52,2026-09-30T15:33:15,Chaos Core,715000,715000,1,,
6395,2026-09-30T19:21:20,2026-09-30T15:33:15,Chaos Core,711224,146512144,206,,749966
6396,2026-09-30T19:22:50,2026-09-30T15:33:15,Chaos Core,713800,713800,1,,749966
6397,2026-09-30T19:26:35,2026-09-30T15:33:15,Chaos Core,722942,119285430,165,,749965
6398,2026-09-30T19:28:20,2026-09-30T15:33:15,Chaos Core,722942,49882998,69,,749961
6399,2026-09-30T19:28:42,2026-09-30T15:33:15,Chaos Core,722942,46991230,65,,749961
6400,2026-09-30T19:29:05,2026-09-30T15:33:15,Chaos Core,722942,115670720,160,,749961
6401,2026-09-30T19:31:16,2026-09-30T15:33:15,Chaos Core,730000,94900000,130,,749957
6402,2026-09-30T19:31:48,2026-09-30T15:33:15,Chaos Core,730000,14600000,20,,749957
6403,2026-09-30T19:32:12,2026-09-30T15:33:15,Chaos Core,736994,736994,1,,749957
6404,2026-09-30T19:41:06,2026-09-30T15:33:15,Chaos Core,747065,747065,1,,
6405,2026-09-30T19:41:53,2026-09-30T15:33:15,Chaos Core,747065,747065,1,,
6406,2026-09-30T19:43:46,2026-09-30T15:33:15,Chaos Core,747065,747065,1,,
6407,2026-09-30T19:44:27,2026-09-30T15:33:15,Chaos Core,747065,747065,1,,
6408,2026-09-30T19:47:10,2026-09-30T15:33:15,Chaos Core,747065,747065,1,,
6409,2026-09-30T19:49:21,2026-09-30T15:33:15,Chaos Core,746375,746375,1,,
6410,2026-09-30T19:49:56,2026-09-30T15:33:15,Chaos Core,745796,745796,1,,
6411,2026-09-30T19:50:47,2026-09-30T15:33:15,Chaos Core,745796,745796,1,,
6412,2026-09-30T19:51:35,2026-09-30T15:33:15,Chaos Core,745796,745796,1,,
6413,2026-09-30T19:55:41,2026-09-30T15:33:15,Chaos Core,746375,746375,1,,
6414,2026-09-30T19:57:08,2026-09-30T15:33:15,Chaos Core,742735,23024785,31,,759719
6415,2026-09-30T19:58:17,2026-09-30T15:33:15,Chaos Core,742735,167858110,226,,759719
6416,2026-09-30T19:58:25,2026-09-30T15:33:15,Chaos Core,742735,742735,1,,759719
6417,2026-09-30T20:12:16,2026-09-30T20:07:11,Yekaterina VIP Membership,114666666,114666666,1,,
6418,2026-09-30T20:14:07,2026-09-30T20:07:11,Chaos Core,742735,742735,1,,
6419,2026-09-30T20:14:47,2026-09-30T20:07:11,Chaos Core,742735,93584610,126,,759930
6420,2026-09-30T20:15:06,2026-09-30T20:07:11,Chaos Core,742735,118094865,159,,759930
6421,2026-09-30T20:18:20,2026-09-30T20:07:11,Chaos Core,738795,174355620,236,,759927
6422,2026-09-30T20:18:25,2026-09-30T20:07:11,Chaos Core,738795,738795,1,,759927
6423,2026-09-30T20:20:18,2026-09-30T20:07:11,Chaos Core,738795,168445260,228,,759924
6424,2026-09-30T20:21:37,2026-09-30T20:07:11,Chaos Core,738157,90793311,123,,759924
6425,2026-09-30T20:21:48,2026-09-30T20:07:11,Chaos Core,738795,15514695,21,,759924
6426,2026-09-30T20:22:03,2026-09-30T20:07:11,Chaos Core,738795,137415870,186,,759924
6427,2026-09-30T20:28:09,2026-09-30T20:07:11,Chaos Core,738795,738795,1,,
6428,2026-09-30T20:28:43,2026-09-30T20:07:11,Chaos Core,736510,736510,1,,
6429,2026-09-30T20:33:24,2026-09-30T20:07:11,Chaos Core,735299,8823588,12,,759910
6430,2026-09-30T20:33:38,2026-09-30T20:07:11,Chaos Core,735299,1470598,2,,759910
6431,2026-09-30T20:33:57,2026-09-30T20:07:11,Chaos Core,736510,145092470,197,,759910
6432,2026-09-30T20:34:17,2026-09-30T20:07:11,Chaos Core,738795,1477590,2,,759910
6433,2026-09-30T20:42:18,2026-09-30T20:07:11,Chaos Core,738795,738795,1,,759903
6434,2026-09-30T20:42:39,2026-09-30T20:07:11,Chaos Core,738795,18469875,25,,759903
6435,2026-09-30T20:42:59,2026-09-30T20:07:11,Chaos Core,742735,742735,1,,759903
6436,2026-09-30T20:43:28,2026-09-30T20:07:11,Chaos Core,742735,742735,1,,759903
6437,2026-09-30T20:45:14,2026-09-30T20:07:11,Chaos Core,730610,730610,1,,
6438,2026-09-30T20:45:54,2026-09-30T20:07:11,Chaos Core,740000,740000,1,,
6439,2026-09-30T20:47:42,2026-09-30T20:07:11,Chaos Core,735000,183015000,249,,759899
6440,2026-09-30T20:50:02,2026-09-30T20:07:11,Chaos Core,739361,739361,1,,
6441,2026-09-30T20:50:41,2026-09-30T20:07:11,Chaos Core,739361,739361,1,,
6442,2026-09-30T20:51:26,2026-09-30T20:07:11,Chaos Core,733918,733918,1,,
6443,2026-09-30T20:51:57,2026-09-30T20:07:11,Chaos Core,733918,60915194,83,,759896
6444,2026-09-30T20:56:46,2026-09-30T20:07:11,Chaos Core,739361,739361,1,,759890
6445,2026-09-30T20:57:01,2026-09-30T20:07:11,Chaos Core,733228,7332280,10,,759890
6446,2026-09-30T21:01:32,2026-09-30T20:07:11,Chaos Core,731330,3656650,5,,759888
6447,2026-09-30T21:02:05,2026-09-30T20:07:11,Chaos Core,730145,9491885,13,,759888
6448,2026-09-30T21:04:29,2026-09-30T20:07:11,Chaos Core,730145,48189570,66,,759887
6449,2026-09-30T21:04:58,2026-09-30T20:07:11,Chaos Core,735000,735000,1,,759887
6450,2026-09-30T21:07:54,2026-09-30T20:07:11,Chaos Core,722942,28194738,39,,759886
6451,2026-09-30T21:08:24,2026-09-30T20:07:11,Chaos Core,735000,735000,1,,759886
6452,2026-09-30T21:10:03,2026-09-30T20:07:11,Chaos Core,722940,18073500,25,,759887
6453,2026-09-30T21:10:14,2026-09-30T20:07:11,Chaos Core,722940,82415160,114,,759887
6454,2026-09-30T21:11:41,2026-09-30T20:07:11,Chaos Core,733918,733918,1,,759887
6455,2026-09-30T21:12:14,2026-09-30T20:07:11,Chaos Core,722940,722940,1,,759887
6456,2026-09-30T21:13:20,2026-09-30T20:07:11,Chaos Core,722940,19519380,27,,759884
6457,2026-09-30T21:13:52,2026-09-30T20:07:11,Chaos Core,733228,733228,1,,759884
6458,2026-09-30T21:13:59,2026-09-30T20:07:11,Chaos Core,722940,154709160,214,,759884
6459,2026-09-30T21:16:00,2026-09-30T20:07:11,Force Core Set (High) X 126,164094,20675844,126,,169783
6460,2026-09-30T21:16:06,2026-09-30T20:07:11,Force Core Set (High) X 239,164094,39218466,239,,169783
6461,2026-09-30T21:18:33,2026-09-30T20:07:11,Chaos Core,746375,746375,1,,
6462,2026-09-30T21:19:07,2026-09-30T20:07:11,Chaos Core,722942,722942,1,,
6463,2026-09-30T21:19:54,2026-09-30T20:07:11,Chaos Core,722942,722942,1,,
6464,2026-09-30T21:21:33,2026-09-30T20:07:11,Chaos Core,722942,18073550,25,,759898
6465,2026-09-30T21:27:22,2026-09-30T20:07:11,Chaos Core,746375,746375,1,,
6466,2026-09-30T21:29:30,2026-09-30T20:07:11,Chaos Core,718978,138762754,193,,736387
6467,2026-09-30T21:38:36,2026-09-30T21:33:14,Chaos Core,746375,746375,1,,
6468,2026-09-30T21:39:16,2026-09-30T21:33:14,Chaos Core,746375,746375,1,,
6469,2026-09-30T21:40:55,2026-09-30T21:33:14,Chaos Core,746375,746375,1,,
6470,2026-09-30T21:42:38,2026-09-30T21:33:14,Chaos Core,746375,746375,1,,
6471,2026-09-30T21:43:11,2026-09-30T21:33:14,Chaos Core,746375,746375,1,,
6472,2026-09-30T21:43:49,2026-09-30T21:33:14,Chaos Core,746375,746375,1,,
6473,2026-09-30T21:45:46,2026-09-30T21:33:14,Chaos Core,744549,744549,1,,
6474,2026-09-30T21:46:59,2026-09-30T21:33:14,Chaos Core,744549,55096626,74,,759898
6475,2026-09-30T21:47:21,2026-09-30T21:33:14,Chaos Core,746375,746375,1,,759898
6476,2026-09-30T21:48:44,2026-09-30T21:33:14,Chaos Core,746375,746375,1,,
6477,2026-09-30T22:15:03,2026-09-30T22:11:11,Chaos Core,750000,750000,1,,
6478,2026-09-30T22:19:36,2026-09-30T22:11:11,Chaos Core,748837,748837,1,,
6479,2026-09-30T22:23:27,2026-09-30T22:11:11,Chaos Core,747109,747109,1,,
6480,2026-09-30T22:27:58,2026-09-30T22:11:11,Chaos Core,746426,746426,1,,
6481,2026-09-30T22:31:06,2026-09-30T22:11:11,Chaos Core,743546,185142954,249,,774858
6482,2026-09-30T22:33:16,2026-09-30T22:11:11,Chaos Core,743546,743546,1,,
6483,2026-09-30T22:34:27,2026-09-30T22:11:11,Chaos Core,741894,741894,1,,
6484,2026-09-30T22:44:06,2026-09-30T22:11:11,Chaos Core,747615,747615,1,,
6485,2026-09-30T22:45:45,2026-09-30T22:11:11,Chaos Core,747615,747615,1,,
6486,2026-09-30T22:46:25,2026-09-30T22:11:11,Chaos Core,746000,746000,1,,
6487,2026-09-30T22:47:53,2026-09-30T22:11:11,Chaos Core,746000,746000,1,,
6488,2026-09-30T22:53:02,2026-09-30T22:11:11,Chaos Core,746000,746000,1,,
6489,2026-09-30T22:54:02,2026-09-30T22:11:11,Chaos Core,746000,746000,1,,
6490,2026-09-30T23:04:32,2026-09-30T22:11:11,Chaos Core,737454,28760706,39,,774824
6491,2026-09-30T23:10:57,2026-09-30T22:11:11,Chaos Core,734407,121177155,165,,774808
6492,2026-09-30T23:13:12,2026-09-30T22:11:11,Chaos Core,734407,15422547,21,,774806
6493,2026-09-30T23:13:32,2026-09-30T22:11:11,Chaos Core,740058,740058,1,,774806
6494,2026-09-30T23:13:38,2026-09-30T22:11:11,Chaos Core,734407,8812884,12,,774806
6495,2026-09-30T23:13:57,2026-09-30T22:11:11,Chaos Core,737454,737454,1,,774806
6496,2026-09-30T23:14:34,2026-09-30T22:11:11,Chaos Core,747615,747615,1,,774806
6497,2026-09-30T23:22:28,2026-09-30T22:11:11,Chaos Core,731557,103881094,142,,774781
6498,2026-09-30T23:22:35,2026-09-30T22:11:11,Chaos Core,729106,68535964,94,,774781
6499,2026-09-30T23:22:42,2026-09-30T22:11:11,Chaos Core,729107,729107,1,,774781
6500,2026-09-30T23:24:55,2026-09-30T22:11:11,Chaos Core,731557,158747869,217,,774776
6501,2026-09-30T23:25:01,2026-09-30T22:11:11,Chaos Core,728463,1456926,2,,774776
6502,2026-09-30T23:35:54,2026-09-30T22:11:11,Chaos Core,730000,75920000,104,,774748
6503,2026-09-30T23:36:13,2026-09-30T22:11:11,Chaos Core,731557,731557,1,,774748
6504,2026-09-30T23:36:36,2026-09-30T22:11:11,Chaos Core,731557,164600325,225,,774748
6505,2026-09-30T23:38:22,2026-09-30T22:11:11,Chaos Core,719847,82782405,115,,774743
6506,2026-09-30T23:38:53,2026-09-30T22:11:11,Chaos Core,731557,731557,1,,774743
6507,2026-09-30T23:39:00,2026-09-30T22:11:11,Chaos Core,719847,100058733,139,,774743
6508,2026-09-30T23:40:31,2026-09-30T22:11:11,Chaos Core,730000,40150000,55,,774741
6509,2026-09-30T23:40:51,2026-09-30T22:11:11,Chaos Core,730000,730000,1,,774741
6510,2026-09-30T23:41:13,2026-09-30T22:11:11,Chaos Core,731557,182889250,250,,774741
6511,2026-09-30T23:46:35,2026-09-30T22:11:11,Chaos Core,748837,748837,1,,
6512,2026-09-30T23:47:08,2026-09-30T22:11:11,Chaos Core,748837,748837,1,,
6513,2026-09-30T23:48:47,2026-09-30T22:11:11,Chaos Core,749999,749999,1,,
6514,2026-09-30T23:52:08,2026-09-30T22:11:11,Chaos Core,749999,749999,1,,
6515,2026-09-30T23:52:50,2026-09-30T22:11:11,Chaos Core,749999,749999,1,,
6516,2026-09-30T23:53:38,2026-09-30T22:11:11,Chaos Core,749999,749999,1,,
6517,2026-09-30T23:54:12,2026-09-30T22:11:11,Chaos Core,749999,749999,1,,
6518,2026-09-30T23:59:20,2026-09-30T22:11:11,Chaos Core,749000,749000,1,,
6519,2026-10-01T00:00:03,2026-09-30T22:11:11,Chaos Core,744089,744089,1,,
6520,2026-10-01T00:00:56,2026-09-30T22:11:11,Chaos Core,749000,749000,1,,
6521,2026-10-01T00:01:28,2026-09-30T22:11:11,Chaos Core,742890,742890,1,,
6522,2026-10-01T00:07:07,2026-09-30T22:11:11,Chaos Core,742330,742330,1,,
6523,2026-10-01T00:09:31,2026-09-30T22:11:11,Chaos Core,742000,742000,1,,
6524,2026-10-01T00:10:34,2026-09-30T22:11:11,Upgrade Core Set (Ultimate) X 2,445000,890000,2,,456076
6525,2026-10-01T00:16:18,2026-09-30T22:11:11,Chaos Core,742890,742890,1,,
6526,2026-10-01T00:17:53,2026-09-30T22:11:11,Chaos Core,722942,75908910,105,,759992
6527,2026-10-01T00:18:04,2026-09-30T22:11:11,Chaos Core,722942,82415388,114,,759992
6528,2026-10-01T00:19:14,2026-09-30T22:11:11,Chaos Core,722942,80246562,111,,759992
6529,2026-10-01T00:19:24,2026-09-30T22:11:11,Chaos Core,722942,82415388,114,,759992
6530,2026-10-01T00:23:17,2026-09-30T22:11:11,Chaos Core,722942,722942,1,,
6531,2026-10-01T00:23:59,2026-09-30T22:11:11,Chaos Core,722942,722942,1,,
6532,2026-10-01T00:24:33,2026-09-30T22:11:11,Chaos Core,722287,722287,1,,
6533,2026-10-01T00:26:03,2026-09-30T22:11:11,Chaos Core,721141,721141,1,,
6534,2026-10-01T00:34:48,2026-09-30T22:11:11,Chaos Core,722287,135067669,187,,759971
6535,2026-10-01T00:35:09,2026-09-30T22:11:11,Chaos Core,722942,1445884,2,,759971
6536,2026-10-01T00:36:54,2026-09-30T22:11:11,Chaos Core,722942,36870042,51,,759970
6537,2026-10-01T00:37:14,2026-09-30T22:11:11,Chaos Core,722942,722942,1,,759970
6538,2026-10-01T00:37:37,2026-09-30T22:11:11,Chaos Core,730000,154030000,211,,759970
6539,2026-10-01T00:37:54,2026-09-30T22:11:11,Chaos Core,749998,749998,1,,759970
6540,2026-10-01T00:46:37,2026-09-30T22:11:11,Chaos Core,749998,749998,1,,
6541,2026-10-01T00:47:19,2026-09-30T22:11:11,Chaos Core,749998,749998,1,,
6542,2026-10-01T00:47:51,2026-09-30T22:11:11,Chaos Core,719771,115163360,160,,749969
6543,2026-10-01T00:49:01,2026-09-30T22:11:11,Chaos Core,719127,71193573,99,,749969
6544,2026-10-01T00:49:21,2026-09-30T22:11:11,Chaos Core,749998,1499996,2,,749969
6545,2026-10-01T00:55:07,2026-09-30T22:11:11,Chaos Core,749000,749000,1,,
6546,2026-10-01T00:56:06,2026-09-30T22:11:11,Chaos Core,749000,749000,1,,
6547,2026-10-01T00:59:47,2026-09-30T22:11:11,Chaos Core,716700,178458300,249,,749963
6548,2026-10-01T01:02:26,2026-09-30T22:11:11,Chaos Core,716700,41568600,58,,749961
6549,2026-10-01T01:02:46,2026-09-30T22:11:11,Chaos Core,720446,720446,1,,749961
6550,2026-10-01T01:03:10,2026-09-30T22:11:11,Chaos Core,716700,716700,1,,749961
6551,2026-10-01T01:05:34,2026-09-30T22:11:11,Chaos Core,749000,749000,1,,
6552,2026-10-01T01:08:58,2026-09-30T22:11:11,Chaos Core,748341,748341,1,,
6553,2026-10-01T01:22:23,2026-10-01T01:15:35,Chaos Core,722942,159047240,220,,749952
6554,2026-10-01T01:22:37,2026-10-01T01:15:35,Chaos Core,747285,1494570,2,,749952
6555,2026-10-01T01:24:59,2026-10-01T01:15:35,Chaos Core,747285,747285,1,,
6556,2026-10-01T01:26:06,2026-10-01T01:15:35,Chaos Core,747285,747285,1,,
6557,2026-10-01T01:29:11,2026-10-01T01:15:35,Upgrade Core Set (Ultimate) X 171,445000,76095000,171,,456063
6558,2026-10-01T01:31:19,2026-10-01T01:15:35,Chaos Core,720555,98716035,137,,749933
6559,2026-10-01T01:31:30,2026-10-01T01:15:35,Chaos Core,720555,139067115,193,,749933
6560,2026-10-01T01:33:04,2026-10-01T01:15:35,Chaos Core,720555,40351080,56,,749932
6561,2026-10-01T01:33:40,2026-10-01T01:15:35,Chaos Core,747285,747285,1,,749932
6562,2026-10-01T01:37:12,2026-10-01T01:15:35,Chaos Core,720000,100080000,139,,749928
6563,2026-10-01T01:37:28,2026-10-01T01:15:35,Chaos Core,720000,137520000,191,,749928
6564,2026-10-01T01:39:53,2026-10-01T01:15:35,Chaos Core,720000,41760000,58,,749920
6565,2026-10-01T01:40:14,2026-10-01T01:15:35,Chaos Core,722942,722942,1,,749920
6566,2026-10-01T01:40:53,2026-10-01T01:15:35,Chaos Core,746983,746983,1,,749920
6567,2026-10-01T01:43:01,2026-10-01T01:15:35,Chaos Core,725000,181250000,250,,749913
6568,2026-10-01T01:43:22,2026-10-01T01:15:35,Chaos Core,722942,1445884,2,,749913
6569,2026-10-01T01:46:06,2026-10-01T01:15:35,Upgrade Core Set (Ultimate) X 12,445000,5340000,12,,456055
6570,2026-10-01T01:46:11,2026-10-01T01:15:35,Upgrade Core Set (Ultimate) X 23,445000,10235000,23,,456055
6571,2026-10-01T01:46:17,2026-10-01T01:15:35,Upgrade Core Set (Ultimate) X 46,445000,20470000,46,,456055
6572,2026-10-01T01:46:22,2026-10-01T01:15:35,Upgrade Core Set (Ultimate) X 250,445000,111250000,250,,456055
6573,2026-10-01T01:50:08,2026-10-01T01:15:35,Chaos Core,722942,722942,1,,
6574,2026-10-01T01:50:44,2026-10-01T01:15:35,Chaos Core,722942,722942,1,,
6575,2026-10-01T01:54:15,2026-10-01T01:15:35,Siena's Unbinding Stone,76000000,76000000,1,,
6576,2026-10-01T01:56:21,2026-10-01T01:15:35,Chaos Core,722942,722942,1,,
6577,2026-10-01T01:56:55,2026-10-01T01:15:35,Chaos Core,725000,725000,1,,
6578,2026-10-01T01:57:38,2026-10-01T01:15:35,Chaos Core,740000,740000,1,,
6579,2026-10-01T01:58:14,2026-10-01T01:15:35,Chaos Core,740000,740000,1,,
6580,2026-10-01T02:02:45,2026-10-01T01:15:35,Chaos Core,740000,740000,1,,
6581,2026-10-01T02:03:21,2026-10-01T01:15:35,Chaos Core,740000,740000,1,,
6582,2026-10-01T02:04:05,2026-10-01T01:15:35,Chaos Core,740000,740000,1,,
6583,2026-10-01T02:04:44,2026-10-01T01:15:35,Chaos Core,740000,740000,1,,
6584,2026-10-01T02:07:54,2026-10-01T01:15:35,Chaos Core,737668,737668,1,,
6585,2026-10-01T02:18:36,2026-10-01T01:15:35,Chaos Core,734588,734588,1,,
6586,2026-10-01T02:19:14,2026-10-01T01:15:35,Chaos Core,734588,734588,1,,
6587,2026-10-01T02:22:25,2026-10-01T01:15:35,Chaos Core,732157,732157,1,,
6588,2026-10-01T02:27:07,2026-10-01T01:15:35,Chaos Core,734588,734588,1,,
6589,2026-10-01T02:29:51,2026-10-01T01:15:35,Chaos Core,734588,734588,1,,
6590,2026-10-01T02:34:04,2026-10-01T01:15:35,Chaos Core,734580,734580,1,,
6591,2026-10-01T02:34:39,2026-10-01T01:15:35,Chaos Core,734580,734580,1,,
6592,2026-10-01T02:35:20,2026-10-01T01:15:35,Chaos Core,734580,734580,1,,
6593,2026-10-01T02:38:03,2026-10-01T01:15:35,Chaos Core,734580,734580,1,,
6594,2026-10-01T02:38:40,2026-10-01T01:15:35,Chaos Core,734580,734580,1,,
6595,2026-10-01T02:42:21,2026-10-01T01:15:35,Chaos Core,734580,734580,1,,
6596,2026-10-01T02:42:56,2026-10-01T01:15:35,Chaos Core,734580,734580,1,,
6597,2026-10-01T02:43:37,2026-10-01T01:15:35,Chaos Core,734580,734580,1,,
6598,2026-10-01T02:45:47,2026-10-01T01:15:35,Chaos Core,734069,734069,1,,
6599,2026-10-01T02:46:20,2026-10-01T01:15:35,Chaos Core,734069,734069,1,,
6600,2026-10-01T02:47:36,2026-10-01T01:15:35,Force Core Set (High) X 1,146258,1901354,13,,165995
6601,2026-10-01T02:47:41,2026-10-01T01:15:35,Force Core Set (High) X 3,146258,438774,3,,165995
6602,2026-10-01T02:47:47,2026-10-01T01:15:35,Force Core Set (High) X 15,146258,2193870,15,,165995
6603,2026-10-01T02:47:52,2026-10-01T01:15:35,Force Core Set (High) X 18,146258,2632644,18,,165995
6604,2026-10-01T02:47:58,2026-10-01T01:15:35,Force Core Set (High) X 33,146258,4826514,33,,165995
6605,2026-10-01T02:48:40,2026-10-01T01:15:35,Upgrade Core Set (Ultimate) X 19,445000,8455000,19,,456074
6606,2026-10-01T02:52:02,2026-10-01T01:15:35,Chaos Core,734069,734069,1,,
6607,2026-10-01T02:52:36,2026-10-01T01:15:35,Chaos Core,734069,734069,1,,
6608,2026-10-01T02:54:04,2026-10-01T01:15:35,Chaos Core,734069,734069,1,,
6609,2026-10-01T03:05:17,2026-10-01T03:01:41,Chaos Core,734069,734069,1,,
6610,2026-10-01T03:09:39,2026-10-01T03:01:41,Chaos Core,734069,734069,1,,
6611,2026-10-01T03:15:35,2026-10-01T03:01:41,Chaos Core,734069,734069,1,,
6612,2026-10-01T03:16:43,2026-10-01T03:01:41,Chaos Core,734069,734069,1,,
6613,2026-10-01T03:18:30,2026-10-01T03:01:41,Chaos Core,734069,734069,1,,
6614,2026-10-01T03:23:34,2026-10-01T03:01:41,Chaos Core,731900,731900,1,,
6615,2026-10-01T03:27:36,2026-10-01T03:01:41,Chaos Core,731900,731900,1,,
6616,2026-10-01T03:35:15,2026-10-01T03:01:41,Chaos Core,734069,734069,1,,
6617,2026-10-01T03:36:20,2026-10-01T03:01:41,Chaos Core,733397,733397,1,,
6618,2026-10-01T03:36:56,2026-10-01T03:01:41,Chaos Core,733397,733397,1,,
6619,2026-10-01T03:37:34,2026-10-01T03:01:41,Chaos Core,733397,733397,1,,
6620,2026-10-01T03:39:22,2026-10-01T03:01:41,Chaos Core,733397,733397,1,,
6621,2026-10-01T03:42:56,2026-10-01T03:01:41,Chaos Core,730790,730790,1,,
6622,2026-10-01T03:46:37,2026-10-01T03:01:41,Force Core Set (Ultimate) X 121,311212,37656666,121,,318000
6623,2026-10-01T03:55:35,2026-10-01T03:01:41,Chaos Core,733397,733397,1,,
6624,2026-10-01T03:56:43,2026-10-01T03:01:41,Chaos Core,733397,733397,1,,
6625,2026-10-01T03:57:19,2026-10-01T03:01:41,Chaos Core,734069,734069,1,,
6626,2026-10-01T03:58:50,2026-10-01T03:01:41,Chaos Core,734069,734069,1,,
6627,2026-10-01T04:01:53,2026-10-01T03:01:41,Chaos Core,734069,734069,1,,
6628,2026-10-01T04:02:58,2026-10-01T03:01:41,Chaos Core,734069,734069,1,,
6629,2026-10-01T04:03:46,2026-10-01T03:01:41,Chaos Core,737668,737668,1,,
6630,2026-10-01T04:04:26,2026-10-01T03:01:41,Chaos Core,737668,737668,1,,
6631,2026-10-01T04:05:07,2026-10-01T03:01:41,Chaos Core,737668,737668,1,,
6632,2026-10-01T04:06:59,2026-10-01T03:01:41,Upgrade Core Set (Ultimate) X 300,445000,133500000,300,,456028
6633,2026-10-01T04:10:22,2026-10-01T03:01:41,Chaos Core,737668,737668,1,,
6634,2026-10-01T04:11:35,2026-10-01T03:01:41,Chaos Core,737668,737668,1,,
6635,2026-10-01T04:12:09,2026-10-01T03:01:41,Chaos Core,737668,737668,1,,
6636,2026-10-01T04:12:46,2026-10-01T03:01:41,Chaos Core,737668,737668,1,,
6637,2026-10-01T04:13:22,2026-10-01T03:01:41,Chaos Core,736286,736286,1,,
6638,2026-10-01T04:17:05,2026-10-01T03:01:41,Chaos Core,736286,736286,1,,
6639,2026-10-01T04:18:21,2026-10-01T03:01:41,Chaos Core,737668,737668,1,,
6640,2026-10-01T04:18:58,2026-10-01T03:01:41,Chaos Core,737668,737668,1,,
6641,2026-10-01T04:19:36,2026-10-01T03:01:41,Chaos Core,737668,737668,1,,
6642,2026-10-01T04:23:55,2026-10-01T03:01:41,Chaos Core,737668,737668,1,,
6643,2026-10-01T04:31:33,2026-10-01T03:01:41,Chaos Core,732676,732676,1,,
6644,2026-10-01T04:32:39,2026-10-01T03:01:41,Chaos Core,732676,732676,1,,
6645,2026-10-01T04:33:15,2026-10-01T03:01:41,Chaos Core,731999,731999,1,,
6646,2026-10-01T04:33:52,2026-10-01T03:01:41,Chaos Core,722942,722942,1,,
6647,2026-10-01T04:34:31,2026-10-01T03:01:41,Chaos Core,731999,731999,1,,
6648,2026-10-01T04:37:22,2026-10-01T03:01:41,Yekaterina VIP Membership,111000000,111000000,1,,
6649,2026-10-01T04:40:30,2026-10-01T03:01:41,Chaos Core,722942,126514850,175,,736312
6650,2026-10-01T04:40:42,2026-10-01T03:01:41,Chaos Core,731999,1463998,2,,736312
6651,2026-10-01T04:41:49,2026-10-01T03:01:41,Chaos Core,722942,127237792,176,,736310
6652,2026-10-01T04:42:01,2026-10-01T03:01:41,Chaos Core,731999,731999,1,,736310
6653,2026-10-01T04:43:07,2026-10-01T03:01:41,Chaos Core,722942,96874228,134,,736308
6654,2026-10-01T04:43:19,2026-10-01T03:01:41,Chaos Core,731999,731999,1,,736308
6655,2026-10-01T04:44:22,2026-10-01T03:01:41,Chaos Core,722942,180012558,249,,736309
6656,2026-10-01T04:46:07,2026-10-01T03:01:41,Chaos Core,731999,731999,1,,
6657,2026-10-01T04:46:46,2026-10-01T03:01:41,Chaos Core,731999,731999,1,,
6658,2026-10-01T04:47:19,2026-10-01T03:01:41,Chaos Core,722942,722942,1,,
6659,2026-10-01T04:48:43,2026-10-01T03:01:41,Chaos Core,722942,131575444,182,,736306
6660,2026-10-01T04:49:45,2026-10-01T03:01:41,Chaos Core,737668,737668,1,,736306
6661,2026-10-01T04:50:57,2026-10-01T03:01:41,Chaos Core,722942,180012558,249,,736305
6662,2026-10-01T04:54:34,2026-10-01T03:01:41,Chaos Core,748888,748888,1,,
6663,2026-10-01T04:55:38,2026-10-01T03:01:41,Chaos Core,749000,749000,1,,
6664,2026-10-01T04:56:15,2026-10-01T03:01:41,Chaos Core,749000,749000,1,,
6665,2026-10-01T04:56:55,2026-10-01T03:01:41,Chaos Core,749000,749000,1,,
6666,2026-10-01T04:58:55,2026-10-01T03:01:41,Chaos Core,749000,749000,1,,
6667,2026-10-01T05:04:12,2026-10-01T03:01:41,Chaos Core,743523,743523,1,,
6668,2026-10-01T05:10:23,2026-10-01T03:01:41,Chaos Core,749998,749998,1,,
6669,2026-10-01T05:15:13,2026-10-01T03:01:41,Chaos Core,745998,745998,1,,
6670,2026-10-01T05:15:47,2026-10-01T03:01:41,Chaos Core,745449,745449,1,,
6671,2026-10-01T05:17:15,2026-10-01T03:01:41,Chaos Core,744094,744094,1,,
6672,2026-10-01T05:21:44,2026-10-01T03:01:41,Chaos Core,744999,744999,1,,
6673,2026-10-01T05:22:19,2026-10-01T03:01:41,Chaos Core,744388,744388,1,,
6674,2026-10-01T05:22:53,2026-10-01T03:01:41,Chaos Core,743826,743826,1,,
6675,2026-10-01T05:23:40,2026-10-01T03:01:41,Chaos Core,743826,185212674,249,,749957
6676,2026-10-01T05:25:03,2026-10-01T03:01:41,Chaos Core,743825,743825,1,,
6677,2026-10-01T05:25:41,2026-10-01T03:01:41,Chaos Core,743825,743825,1,,
6678,2026-10-01T05:30:46,2026-10-01T03:01:41,Chaos Core,741347,741347,1,,
6679,2026-10-01T05:31:27,2026-10-01T03:01:41,Chaos Core,741347,741347,1,,
6680,2026-10-01T05:32:04,2026-10-01T03:01:41,Chaos Core,741347,741347,1,,
6681,2026-10-01T05:32:50,2026-10-01T03:01:41,Chaos Core,741347,134183807,181,,749952
6682,2026-10-01T05:33:24,2026-10-01T03:01:41,Chaos Core,745449,1490898,2,,749952
6683,2026-10-01T05:34:42,2026-10-01T03:01:41,Chaos Core,745449,745449,1,,
6684,2026-10-01T05:38:28,2026-10-01T03:01:41,Chaos Core,745449,745449,1,,
6685,2026-10-01T05:39:15,2026-10-01T03:01:41,Chaos Core,745449,745449,1,,
6686,2026-10-01T05:40:01,2026-10-01T03:01:41,Chaos Core,745449,745449,1,,
6687,2026-10-01T05:40:36,2026-10-01T03:01:41,Chaos Core,745449,745449,1,,
6688,2026-10-01T05:41:38,2026-10-01T03:01:41,Chaos Core,745449,745449,1,,
6689,2026-10-01T05:43:21,2026-10-01T03:01:41,Chaos Core,742207,742207,1,,
6690,2026-10-01T05:44:00,2026-10-01T03:01:41,Chaos Core,742207,141761537,191,,749946
6691,2026-10-01T05:44:15,2026-10-01T03:01:41,Chaos Core,745449,745449,1,,749946
6692,2026-10-01T05:46:02,2026-10-01T03:01:41,Yekaterina VIP Membership,111000000,111000000,1,,
6693,2026-10-01T05:54:07,2026-10-01T03:01:41,Chaos Core,750000,750000,1,,
6694,2026-10-01T05:54:54,2026-10-01T03:01:41,Chaos Core,750000,750000,1,,
6695,2026-10-01T05:55:35,2026-10-01T03:01:41,Chaos Core,749403,749403,1,,
6696,2026-10-01T05:56:12,2026-10-01T03:01:41,Chaos Core,749403,749403,1,,
6697,2026-10-01T05:56:49,2026-10-01T03:01:41,Chaos Core,749403,749403,1,,
6698,2026-10-01T05:57:28,2026-10-01T03:01:41,Chaos Core,749403,749403,1,,
6699,2026-10-01T05:59:08,2026-10-01T03:01:41,Force Core Set (Ultimate) X 65,323076,21000000,65,,329954
6700,2026-10-01T05:59:13,2026-10-01T03:01:41,Force Core Set (Ultimate) X 239,323076,77215164,239,,329954
6701,2026-10-01T06:03:12,2026-10-01T03:01:41,Chaos Core,722942,96151286,133,,749360
6702,2026-10-01T06:03:22,2026-10-01T03:01:41,Chaos Core,722942,142419574,197,,749360
6703,2026-10-01T06:08:56,2026-10-01T03:01:41,Chaos Core,721639,28143921,39,,749351
6704,2026-10-01T06:09:06,2026-10-01T03:01:41,Chaos Core,721639,179688111,249,,749351
6705,2026-10-01T06:14:11,2026-10-01T03:01:41,Chaos Core,750000,750000,1,,
6706,2026-10-01T06:14:45,2026-10-01T03:01:41,Chaos Core,750000,750000,1,,
6707,2026-10-01T06:15:21,2026-10-01T03:01:41,Chaos Core,750000,750000,1,,
6708,2026-10-01T06:17:02,2026-10-01T03:01:41,Chaos Core,748061,748061,1,,
6709,2026-10-01T06:17:59,2026-10-01T03:01:41,Upgrade Core Set (Ultimate) X 121,445000,53845000,121,,456010
6710,2026-10-01T06:21:23,2026-10-01T03:01:41,Chaos Core,747484,747484,1,,
6711,2026-10-01T06:22:30,2026-10-01T03:01:41,Chaos Core,747484,747484,1,,
6712,2026-10-01T06:24:43,2026-10-01T03:01:41,Chaos Core,747484,747484,1,,
6713,2026-10-01T06:28:04,2026-10-01T03:01:41,Yekaterina VIP Membership,112500000,112500000,1,,
6714,2026-10-01T06:37:59,2026-10-01T03:01:41,Chaos Core,740000,10360000,14,,749320
6715,2026-10-01T06:38:43,2026-10-01T03:01:41,Chaos Core,747484,2989936,4,,749320
6716,2026-10-01T06:39:49,2026-10-01T03:01:41,Chaos Core,747484,747484,1,,
6717,2026-10-01T06:41:37,2026-10-01T03:01:41,Upgrade Core Set (Ultimate) X 158,445000,70310000,158,,455995
6718,2026-10-01T06:45:01,2026-10-01T03:01:41,Chaos Core,747484,747484,1,,
6719,2026-10-01T06:45:36,2026-10-01T03:01:41,Chaos Core,746944,746944,1,,
6720,2026-10-01T06:47:28,2026-10-01T03:01:41,Chaos Core,746944,746944,1,,
6721,2026-10-01T06:48:15,2026-10-01T03:01:41,Chaos Core,746944,746944,1,,
6722,2026-10-01T06:49:21,2026-10-01T03:01:41,Chaos Core,746944,746944,1,,
6723,2026-10-01T06:59:38,2026-10-01T03:01:41,Chaos Core,739760,78414560,106,,749299
6724,2026-10-01T06:59:46,2026-10-01T03:01:41,Chaos Core,738508,129977408,176,,749299
6725,2026-10-01T07:04:45,2026-10-01T03:01:41,Chaos Core,735978,88317360,120,,749294
6726,2026-10-01T07:09:06,2026-10-01T03:01:41,Chaos Core,700000,30800000,44,,749292
6727,2026-10-01T07:09:58,2026-10-01T03:01:41,Chaos Core,746944,746944,1,,749292
6728,2026-10-01T07:11:20,2026-10-01T03:01:41,Chaos Core,722942,722942,1,,
6729,2026-10-01T07:11:58,2026-10-01T03:01:41,Chaos Core,748745,748745,1,,
6730,2026-10-01T07:12:43,2026-10-01T03:01:41,Chaos Core,748745,748745,1,,
6731,2026-10-01T07:13:34,2026-10-01T03:01:41,Chaos Core,748745,748745,1,,
6732,2026-10-01T07:14:21,2026-10-01T03:01:41,Chaos Core,748745,748745,1,,
6733,2026-10-01T07:16:21,2026-10-01T03:01:41,Chaos Core,748745,748745,1,,
6734,2026-10-01T07:16:55,2026-10-01T03:01:41,Upgrade Core Set (Ultimate) X 455,445000,202475000,455,,456023
6735,2026-10-01T07:24:32,2026-10-01T03:01:41,Yekaterina VIP Membership,111000000,111000000,1,,
6736,2026-10-01T07:27:26,2026-10-01T03:01:41,Chaos Core,748745,748745,1,,
6737,2026-10-01T07:29:11,2026-10-01T03:01:41,Upgrade Core Set (Ultimate) X 1,445000,62745000,141,,456005
6738,2026-10-01T07:29:16,2026-10-01T03:01:41,Upgrade Core Set (Ultimate) X 22,445000,9790000,22,,456005
6739,2026-10-01T07:32:14,2026-10-01T03:01:41,Chaos Core,745491,745491,1,,
6740,2026-10-01T07:32:49,2026-10-01T03:01:41,Chaos Core,745491,745491,1,,
6741,2026-10-01T07:33:43,2026-10-01T03:01:41,Chaos Core,745491,745491,1,,
6742,2026-10-01T07:34:15,2026-10-01T03:01:41,Chaos Core,730000,730000,1,,
6743,2026-10-01T07:34:56,2026-10-01T03:01:41,Chaos Core,745491,745491,1,,
6744,2026-10-01T07:35:40,2026-10-01T03:01:41,Chaos Core,720000,179280000,249,,749257
6745,2026-10-01T07:37:59,2026-10-01T03:01:41,Chaos Core,720000,9360000,13,,749253
6746,2026-10-01T07:38:09,2026-10-01T03:01:41,Chaos Core,720000,146880000,204,,749253
6747,2026-10-01T07:38:31,2026-10-01T03:01:41,Chaos Core,745491,1490982,2,,749253
6748,2026-10-01T07:43:00,2026-10-01T03:01:41,Epic Booster (Highest),46875000,187500000,4,,
6749,2026-10-01T07:46:31,2026-10-01T03:01:41,Chaos Core,730000,730000,1,,
6750,2026-10-01T07:47:29,2026-10-01T03:01:41,Chaos Core,720000,720000,1,,749245
6751,2026-10-01T07:47:59,2026-10-01T03:01:41,Chaos Core,730000,730000,1,,749245
6752,2026-10-01T07:48:39,2026-10-01T03:01:41,Chaos Core,750000,4500000,6,,749245
6753,2026-10-01T07:48:45,2026-10-01T03:01:41,Chaos Core,748061,7480610,10,,749245
6754,2026-10-01T07:49:40,2026-10-01T03:01:41,Chaos Core,748061,748061,1,,
6755,2026-10-01T07:50:14,2026-10-01T03:01:41,Chaos Core,748061,748061,1,,
6756,2026-10-01T07:50:49,2026-10-01T03:01:41,Chaos Core,750000,750000,1,,
6757,2026-10-01T07:52:42,2026-10-01T03:01:41,Chaos Core,750000,750000,1,,
6758,2026-10-01T07:55:53,2026-10-01T03:01:41,Chaos Core,745544,745544,1,,
6759,2026-10-01T07:56:49,2026-10-01T03:01:41,Chaos Core,745544,745544,1,,
6760,2026-10-01T07:57:25,2026-10-01T03:01:41,Chaos Core,745544,745544,1,,
6761,2026-10-01T07:57:59,2026-10-01T03:01:41,Chaos Core,743762,743762,1,,
6762,2026-10-01T07:59:15,2026-10-01T03:01:41,Chaos Core,743144,36414056,49,,749234
6763,2026-10-01T07:59:27,2026-10-01T03:01:41,Chaos Core,743762,132389636,178,,749234
6764,2026-10-01T07:59:42,2026-10-01T03:01:41,Chaos Core,745544,745544,1,,749234
6765,2026-10-01T08:01:18,2026-10-01T03:01:41,Chaos Core,743144,743144,1,,
6766,2026-10-01T08:04:30,2026-10-01T03:01:41,Chaos Core,742061,742061,1,,
6767,2026-10-01T08:05:15,2026-10-01T03:01:41,Chaos Core,742061,742061,1,,
6768,2026-10-01T08:06:00,2026-10-01T03:01:41,Chaos Core,745544,745544,1,,
6769,2026-10-01T08:06:34,2026-10-01T03:01:41,Chaos Core,740710,740710,1,,
6770,2026-10-01T08:07:43,2026-10-01T03:01:41,Chaos Core,740710,70367450,95,,749228
6771,2026-10-01T08:07:49,2026-10-01T03:01:41,Chaos Core,739546,57684588,78,,749228
6772,2026-10-01T08:07:57,2026-10-01T03:01:41,Chaos Core,739546,739546,1,,749228
6773,2026-10-01T08:10:09,2026-10-01T03:01:41,Chaos Core,739546,10353644,14,,749226
6774,2026-10-01T08:10:59,2026-10-01T03:01:41,Chaos Core,745544,2982176,4,,749226
6775,2026-10-01T08:17:29,2026-10-01T03:01:41,Chaos Core,745544,745544,1,,
6776,2026-10-01T08:27:57,2026-10-01T03:01:41,Chaos Core,725000,68150000,94,,749215
6777,2026-10-01T08:28:06,2026-10-01T03:01:41,Chaos Core,725000,19575000,27,,749215
6778,2026-10-01T08:28:27,2026-10-01T03:01:41,Chaos Core,733432,49139944,67,,749215
6779,2026-10-01T08:28:39,2026-10-01T03:01:41,Chaos Core,733432,733432,1,,749215
6780,2026-10-01T08:29:43,2026-10-01T03:01:41,Chaos Core,725000,45675000,63,,749214
6781,2026-10-01T08:29:54,2026-10-01T03:01:41,Chaos Core,725000,162400000,224,,749214
6782,2026-10-01T08:29:59,2026-10-01T03:01:41,Chaos Core,725000,725000,1,,749214
6783,2026-10-01T08:31:17,2026-10-01T03:01:41,Chaos Core,725000,180525000,249,,749213
6784,2026-10-01T08:32:31,2026-10-01T03:01:41,Chaos Core,739546,70256870,95,,749211
6785,2026-10-01T08:32:57,2026-10-01T03:01:41,Chaos Core,745544,745544,1,,749211
6786,2026-10-01T08:35:37,2026-10-01T03:01:41,Chaos Core,725000,725000,1,,
6787,2026-10-01T08:36:07,2026-10-01T03:01:41,Chaos Core,725000,33350000,46,,749205
6788,2026-10-01T08:36:33,2026-10-01T03:01:41,Chaos Core,745544,1491088,2,,749205
6789,2026-10-01T08:37:27,2026-10-01T03:01:41,Chaos Core,724328,724328,1,,
6790,2026-10-01T08:38:02,2026-10-01T03:01:41,Chaos Core,724328,724328,1,,
6791,2026-10-01T08:39:23,2026-10-01T03:01:41,Chaos Core,724328,724328,1,,
6792,2026-10-01T08:45:55,2026-10-01T03:01:41,Chaos Core,750000,750000,1,,
6793,2026-10-01T08:47:29,2026-10-01T03:01:41,Chaos Core,750000,750000,1,,
6794,2026-10-01T08:51:13,2026-10-01T03:01:41,Chaos Core,722942,722942,1,,
6795,2026-10-01T08:51:46,2026-10-01T03:01:41,Chaos Core,722942,722942,1,,
6796,2026-10-01T08:53:00,2026-10-01T03:01:41,Chaos Core,722942,722942,1,,
6797,2026-10-01T08:57:20,2026-10-01T03:01:41,Chaos Core,721778,721778,1,,
6798,2026-10-01T08:59:59,2026-10-01T03:01:41,Chaos Core,721778,721778,1,,
6799,2026-10-01T09:03:42,2026-10-01T03:01:41,Chaos Core,721228,721228,1,,
6800,2026-10-01T09:04:39,2026-10-01T03:01:41,Chaos Core,721228,721228,1,,
6801,2026-10-01T09:05:45,2026-10-01T03:01:41,Chaos Core,720000,136080000,189,,749147
6802,2026-10-01T09:06:55,2026-10-01T03:01:41,Chaos Core,719386,719386,1,,
6803,2026-10-01T09:08:07,2026-10-01T03:01:41,Chaos Core,721228,120445076,167,,749142
6804,2026-10-01T09:08:21,2026-10-01T03:01:41,Chaos Core,721778,721778,1,,749142
6805,2026-10-01T09:12:18,2026-10-01T03:01:41,Epic Booster (Highest),46250000,185000000,4,,
6806,2026-10-01T09:15:34,2026-10-01T03:01:41,Chaos Core,720000,720000,1,,
6807,2026-10-01T09:27:58,2026-10-01T03:01:41,Chaos Core,712488,71248800,100,,749109
6808,2026-10-01T09:28:10,2026-10-01T03:01:41,Chaos Core,713000,13547000,19,,749109
6809,2026-10-01T09:28:35,2026-10-01T03:01:41,Chaos Core,715739,17893475,25,,749109
6810,2026-10-01T09:30:18,2026-10-01T03:01:41,Chaos Core,722942,1445884,2,,749107
6811,2026-10-01T09:30:48,2026-10-01T03:01:41,Chaos Core,730000,89790000,123,,749107
6812,2026-10-01T09:31:05,2026-10-01T03:01:41,Chaos Core,725000,725000,1,,749107
6813,2026-10-01T09:31:14,2026-10-01T03:01:41,Chaos Core,730000,69350000,95,,749107
6814,2026-10-01T09:31:24,2026-10-01T03:01:41,Chaos Core,730000,730000,1,,749107
6815,2026-10-01T09:34:56,2026-10-01T03:01:41,Yekaterina VIP Membership,111000000,111000000,1,,
6816,2026-10-01T09:37:12,2026-10-01T03:01:41,Epic Booster (Highest),46875000,187500000,4,,
6817,2026-10-01T09:40:18,2026-10-01T03:01:41,Chaos Core,748999,748999,1,,
6818,2026-10-01T09:40:57,2026-10-01T03:01:41,Chaos Core,748999,748999,1,,
6819,2026-10-01T09:42:13,2026-10-01T03:01:41,Chaos Core,748999,748999,1,,
6820,2026-10-01T09:43:35,2026-10-01T03:01:41,Chaos Core,748999,748999,1,,
6821,2026-10-01T09:44:58,2026-10-01T03:01:41,Chaos Core,747827,747827,1,,
6822,2026-10-01T09:48:05,2026-10-01T03:01:41,Chaos Core,747827,747827,1,,
6823,2026-10-01T09:48:39,2026-10-01T03:01:41,Chaos Core,747227,747227,1,,
6824,2026-10-01T09:55:07,2026-10-01T03:01:41,Chaos Core,744236,744236,1,,
6825,2026-10-01T09:58:52,2026-10-01T03:01:41,Chaos Core,741313,94888064,128,,774700
6826,2026-10-01T09:58:59,2026-10-01T03:01:41,Chaos Core,741313,140108157,189,,774700
6827,2026-10-01T09:59:03,2026-10-01T03:01:41,Chaos Core,741313,741313,1,,774700
6828,2026-10-01T10:01:15,2026-10-01T03:01:41,Chaos Core,722942,52774766,73,,774697
6829,2026-10-01T10:01:21,2026-10-01T03:01:41,Chaos Core,689345,68245155,99,,774697
6830,2026-10-01T10:01:35,2026-10-01T03:01:41,Chaos Core,730000,1460000,2,,774697
6831,2026-10-01T10:02:46,2026-10-01T03:01:41,Chaos Core,730000,38690000,53,,774697
6832,2026-10-01T10:02:54,2026-10-01T03:01:41,Chaos Core,730000,52560000,72,,774697
6833,2026-10-01T10:03:50,2026-10-01T03:01:41,Chaos Core,744237,150335874,202,,774697
6834,2026-10-01T10:06:02,2026-10-01T03:01:41,Chaos Core,730000,83220000,114,,774692
6835,2026-10-01T10:07:01,2026-10-01T03:01:41,Chaos Core,744236,744236,1,,774692
6836,2026-10-01T10:07:15,2026-10-01T03:01:41,Chaos Core,741313,3706565,5,,774692
6837,2026-10-01T10:07:37,2026-10-01T03:01:41,Chaos Core,744237,14140503,19,,774692
6838,2026-10-01T10:07:58,2026-10-01T03:01:41,Chaos Core,744237,48375405,65,,774692
6839,2026-10-01T10:11:01,2026-10-01T03:01:41,Force Core Set (Ultimate) X 19,328566,6242754,19,,349971
6840,2026-10-01T10:11:07,2026-10-01T03:01:41,Force Core Set (Ultimate) X 26,328566,8542716,26,,349971
6841,2026-10-01T10:11:12,2026-10-01T03:01:41,Force Core Set (Ultimate) X 37,328566,12156942,37,,349971
6842,2026-10-01T10:12:01,2026-10-01T03:01:41,Force Core Set (Ultimate) X 9,328571,2957139,9,,349971
6843,2026-10-01T10:12:49,2026-10-01T03:01:41,Force Core Set (Ultimate) X 250,328571,82142750,250,,349969
6844,2026-10-01T10:16:43,2026-10-01T03:01:41,Chaos Core,747827,747827,1,,
6845,2026-10-01T10:17:18,2026-10-01T03:01:41,Chaos Core,747827,747827,1,,
6846,2026-10-01T10:19:35,2026-10-01T03:01:41,Chaos Core,746462,746462,1,,
6847,2026-10-01T10:21:31,2026-10-01T03:01:41,Chaos Core,746462,746462,1,,
6848,2026-10-01T10:22:06,2026-10-01T03:01:41,Chaos Core,746462,746462,1,,
6849,2026-10-01T10:25:06,2026-10-01T03:01:41,Chaos Core,750000,750000,1,,
6850,2026-10-01T10:25:41,2026-10-01T03:01:41,Chaos Core,750000,750000,1,,
6851,2026-10-01T10:26:54,2026-10-01T03:01:41,Chaos Core,749412,749412,1,,
6852,2026-10-01T10:27:30,2026-10-01T03:01:41,Chaos Core,750000,750000,1,,
6853,2026-10-01T10:28:37,2026-10-01T03:01:41,Chaos Core,748727,748727,1,,
6854,2026-10-01T10:29:12,2026-10-01T03:01:41,Chaos Core,748727,748727,1,,
6855,2026-10-01T10:33:01,2026-10-01T03:01:41,Chaos Core,740000,740000,1,,
6856,2026-10-01T10:33:36,2026-10-01T03:01:41,Chaos Core,740000,740000,1,,
6857,2026-10-01T10:35:18,2026-10-01T03:01:41,Chaos Core,738802,738802,1,,
6858,2026-10-01T10:36:06,2026-10-01T03:01:41,Chaos Core,738802,70924992,96,,774677
6859,2026-10-01T10:37:51,2026-10-01T03:01:41,Chaos Core,770000,770000,1,,
6860,2026-10-01T10:38:30,2026-10-01T03:01:41,Chaos Core,770000,770000,1,,
6861,2026-10-01T10:40:31,2026-10-01T03:01:41,Chaos Core,768874,768874,1,,
6862,2026-10-01T10:42:55,2026-10-01T03:01:41,Chaos Core,768275,768275,1,,
6863,2026-10-01T10:43:29,2026-10-01T03:01:41,Chaos Core,768275,768275,1,,
6864,2026-10-01T10:44:36,2026-10-01T03:01:41,Chaos Core,768275,768275,1,,
6865,2026-10-01T10:45:53,2026-10-01T03:01:41,Chaos Core,767756,767756,1,,
6866,2026-10-01T10:46:26,2026-10-01T03:01:41,Chaos Core,767073,767073,1,,
6867,2026-10-01T10:48:07,2026-10-01T03:01:41,Chaos Core,765000,765000,1,,
6868,2026-10-01T10:51:07,2026-10-01T03:01:41,Chaos Core,767073,767073,1,,
6869,2026-10-01T10:51:45,2026-10-01T03:01:41,Chaos Core,767073,767073,1,,
6870,2026-10-01T10:55:05,2026-10-01T03:01:41,Chaos Core,767073,767073,1,,
6871,2026-10-01T10:57:57,2026-10-01T03:01:41,Chaos Core,757400,757400,1,,
6872,2026-10-01T10:59:17,2026-10-01T03:01:41,Chaos Core,757400,757400,1,,
6873,2026-10-01T11:05:04,2026-10-01T03:01:41,Chaos Core,755622,755622,1,,
6874,2026-10-01T11:19:01,2026-10-01T11:11:56,Siena's Unbinding Stone,75131659,75131659,1,,
6875,2026-10-01T11:26:04,2026-10-01T11:11:56,Chaos Core,748092,748092,1,,
6876,2026-10-01T11:27:03,2026-10-01T11:11:56,Chaos Core,750878,750878,1,,
6877,2026-10-01T11:27:34,2026-10-01T11:11:56,Chaos Core,752189,752189,1,,
6878,2026-10-01T11:28:47,2026-10-01T11:11:56,Chaos Core,752189,752189,1,,
6879,2026-10-01T11:31:17,2026-10-01T11:11:56,Chaos Core,749072,749072,1,,
6880,2026-10-01T11:31:48,2026-10-01T11:11:56,Chaos Core,722942,722942,1,,
6881,2026-10-01T11:33:52,2026-10-01T11:11:56,Chaos Core,766666,766666,1,,
6882,2026-10-01T11:34:24,2026-10-01T11:11:56,Chaos Core,766666,766666,1,,
6883,2026-10-01T11:35:35,2026-10-01T11:11:56,Chaos Core,766022,766022,1,,
6884,2026-10-01T11:36:16,2026-10-01T11:11:56,Chaos Core,755000,755000,1,,
6885,2026-10-01T11:38:26,2026-10-01T11:11:56,Chaos Core,754316,754316,1,,
6886,2026-10-01T11:39:00,2026-10-01T11:11:56,Chaos Core,754316,754316,1,,
6887,2026-10-01T11:46:21,2026-10-01T11:11:56,Chaos Core,751420,751420,1,,
6888,2026-10-01T11:55:05,2026-10-01T11:11:56,Chaos Core,742764,184948236,249,,774663
6889,2026-10-01T11:56:17,2026-10-01T11:11:56,Chaos Core,751420,751420,1,,
6890,2026-10-01T11:57:26,2026-10-01T11:11:56,Chaos Core,722942,722942,1,,
6891,2026-10-01T11:57:57,2026-10-01T11:11:56,Chaos Core,722942,722942,1,,
6892,2026-10-01T11:58:35,2026-10-01T11:11:56,Chaos Core,722942,82415388,114,,774661
6893,2026-10-01T11:59:43,2026-10-01T11:11:56,Chaos Core,721688,97427880,135,,774660
6894,2026-10-01T11:59:50,2026-10-01T11:11:56,Chaos Core,721688,721688,1,,774660
6895,2026-10-01T12:00:17,2026-10-01T11:11:56,Chaos Core,751420,1502840,2,,774660
6896,2026-10-01T12:05:43,2026-10-01T11:11:56,Chaos Core,751000,751000,1,,
6897,2026-10-01T12:07:17,2026-10-01T11:11:56,Chaos Core,710000,132770000,187,,789998
6898,2026-10-01T12:07:37,2026-10-01T11:11:56,Chaos Core,751000,1502000,2,,789998
6899,2026-10-01T12:09:44,2026-10-01T11:11:56,Chaos Core,750995,750995,1,,
6900,2026-10-01T12:12:19,2026-10-01T11:11:56,Chaos Core,750995,750995,1,,
6901,2026-10-01T12:12:53,2026-10-01T11:11:56,Chaos Core,750995,750995,1,,
6902,2026-10-01T12:14:07,2026-10-01T11:11:56,Chaos Core,750995,750995,1,,
6903,2026-10-01T12:14:41,2026-10-01T11:11:56,Chaos Core,750995,750995,1,,
6904,2026-10-01T12:15:44,2026-10-01T11:11:56,Chaos Core,750995,750995,1,,
6905,2026-10-01T12:16:43,2026-10-01T11:11:56,Force Core Set (Ultimate) X 10,328500,9855000,30,,348958
6906,2026-10-01T12:16:48,2026-10-01T11:11:56,Force Core Set (Ultimate) X 14,328500,4599000,14,,348958
6907,2026-10-01T12:16:53,2026-10-01T11:11:56,Force Core Set (Ultimate) X 20,328500,6570000,20,,348958
6908,2026-10-01T12:16:58,2026-10-01T11:11:56,Force Core Set (Ultimate) X 40,328500,13140000,40,,348958
6909,2026-10-01T12:17:03,2026-10-01T11:11:56,Force Core Set (Ultimate) X 45,328500,14782500,45,,348958
6910,2026-10-01T12:18:32,2026-10-01T11:11:56,Chaos Core,740000,37740000,51,,789995
6911,2026-10-01T12:20:35,2026-10-01T11:11:56,Chaos Core,740000,740000,1,,
6912,2026-10-01T12:21:10,2026-10-01T11:11:56,Chaos Core,740000,740000,1,,
6913,2026-10-01T12:21:48,2026-10-01T11:11:56,Chaos Core,738865,23643680,32,,789993
6914,2026-10-01T12:21:54,2026-10-01T11:11:56,Chaos Core,738865,108613155,147,,789993
6915,2026-10-01T12:23:12,2026-10-01T11:11:56,Chaos Core,750995,750995,1,,789993
6916,2026-10-01T12:25:35,2026-10-01T11:11:56,Chaos Core,738865,5910920,8,,789991
6917,2026-10-01T12:25:49,2026-10-01T11:11:56,Chaos Core,738865,183977385,249,,789991
6918,2026-10-01T12:26:19,2026-10-01T11:11:56,Chaos Core,750995,750995,1,,789991
6919,2026-10-01T12:28:48,2026-10-01T11:11:56,Chaos Core,739360,739360,1,,
6920,2026-10-01T12:38:01,2026-10-01T11:11:56,Chaos Core,733111,141490423,193,,789979
6921,2026-10-01T12:38:08,2026-10-01T11:11:56,Chaos Core,736236,1472472,2,,789979
6922,2026-10-01T12:40:27,2026-10-01T11:11:56,Chaos Core,736879,175377202,238,,789977
6923,2026-10-01T12:41:34,2026-10-01T11:11:56,Chaos Core,739360,1478720,2,,789977
6924,2026-10-01T12:42:55,2026-10-01T11:11:56,Upgrade Core Set (Ultimate) X 10,444555,80019900,180,,455689
6925,2026-10-01T12:43:38,2026-10-01T11:11:56,Upgrade Core Set (Ultimate) X 10,444555,80019900,180,,455688
6926,2026-10-01T12:45:54,2026-10-01T11:11:56,Chaos Core,739360,739360,1,,
6927,2026-10-01T12:46:32,2026-10-01T11:11:56,Chaos Core,739360,739360,1,,
6928,2026-10-01T12:47:43,2026-10-01T11:11:56,Chaos Core,738218,738218,1,,
6929,2026-10-01T12:48:16,2026-10-01T11:11:56,Chaos Core,737661,737661,1,,
6930,2026-10-01T12:48:47,2026-10-01T11:11:56,Chaos Core,737661,737661,1,,
6931,2026-10-01T12:54:34,2026-10-01T11:11:56,Chaos Core,737103,737103,1,,
6932,2026-10-01T12:58:46,2026-10-01T11:11:56,Chaos Core,740000,740000,1,,
6933,2026-10-01T12:59:28,2026-10-01T11:11:56,Chaos Core,740000,740000,1,,
6934,2026-10-01T13:00:46,2026-10-01T11:11:56,Chaos Core,739345,739345,1,,
6935,2026-10-01T13:01:22,2026-10-01T11:11:56,Chaos Core,739345,739345,1,,
6936,2026-10-01T13:02:02,2026-10-01T11:11:56,Chaos Core,739345,739345,1,,
6937,2026-10-01T13:13:28,2026-10-01T11:11:56,Chaos Core,750995,750995,1,,
6938,2026-10-01T13:17:45,2026-10-01T11:11:56,Chaos Core,750995,750995,1,,
6939,2026-10-01T13:18:25,2026-10-01T11:11:56,Chaos Core,750995,750995,1,,
6940,2026-10-01T13:19:41,2026-10-01T11:11:56,Chaos Core,750995,750995,1,,
6941,2026-10-01T13:20:21,2026-10-01T11:11:56,Chaos Core,750995,750995,1,,
6942,2026-10-01T13:20:59,2026-10-01T11:11:56,Chaos Core,750995,750995,1,,
6943,2026-10-01T13:23:09,2026-10-01T11:11:56,Chaos Core,750318,750318,1,,
6944,2026-10-01T13:27:32,2026-10-01T11:11:56,Chaos Core,750318,750318,1,,
6945,2026-10-01T13:29:05,2026-10-01T11:11:56,Chaos Core,750318,750318,1,,
6946,2026-10-01T13:30:42,2026-10-01T11:11:56,Chaos Core,722942,73017142,101,,789902
6947,2026-10-01T13:30:51,2026-10-01T11:11:56,Chaos Core,727999,6551991,9,,789902
6948,2026-10-01T13:31:54,2026-10-01T11:11:56,Chaos Core,722942,156878414,217,,789902
6949,2026-10-01T13:37:20,2026-10-01T11:11:56,Force Core Set (High) X 10,159574,27127580,170,,165000
6950,2026-10-01T13:37:24,2026-10-01T11:11:56,Force Core Set (High) X 43,159574,6861682,43,,165000
6951,2026-10-01T13:39:45,2026-10-01T11:11:56,Chaos Core,727999,5095993,7,,789897
6952,2026-10-01T13:40:00,2026-10-01T11:11:56,Chaos Core,749999,8249989,11,,789897
6953,2026-10-01T13:42:07,2026-10-01T11:11:56,Chaos Core,749999,749999,1,,
6954,2026-10-01T13:48:59,2026-10-01T11:11:56,Chaos Core,749999,749999,1,,
6955,2026-10-01T13:50:47,2026-10-01T11:11:56,Chaos Core,726803,726803,1,,
6956,2026-10-01T13:51:22,2026-10-01T11:11:56,Chaos Core,726803,16716469,23,,789698
6957,2026-10-01T13:53:00,2026-10-01T11:11:56,Chaos Core,750000,750000,1,,789698
6958,2026-10-01T14:01:35,2026-10-01T11:11:56,Chaos Core,750317,750317,1,,
6959,2026-10-01T14:05:41,2026-10-01T11:11:56,Siena's Unbinding Stone,75131659,75131659,1,,
6960,2026-10-01T14:08:59,2026-10-01T11:11:56,Chaos Core,749213,749213,1,,
6961,2026-10-01T14:14:31,2026-10-01T11:11:56,Chaos Core,730000,730000,1,,
6962,2026-10-01T14:15:16,2026-10-01T11:11:56,Chaos Core,728357,49528276,68,,789678
6963,2026-10-01T14:16:25,2026-10-01T11:11:56,Chaos Core,728357,39331278,54,,789678
6964,2026-10-01T14:16:37,2026-10-01T11:11:56,Chaos Core,728357,82304341,113,,789678
6965,2026-10-01T14:16:49,2026-10-01T11:11:56,Chaos Core,748632,1497264,2,,789678
6966,2026-10-01T14:21:03,2026-10-01T11:11:56,Epic Booster (Highest),46957286,187829144,4,,
6967,2026-10-01T14:22:21,2026-10-01T11:11:56,Chaos Core,748632,748632,1,,
6968,2026-10-01T14:22:57,2026-10-01T11:11:56,Chaos Core,748632,748632,1,,
6969,2026-10-01T14:23:31,2026-10-01T11:11:56,Chaos Core,747411,747411,1,,
6970,2026-10-01T14:25:40,2026-10-01T11:11:56,Chaos Core,746887,746887,1,,
6971,2026-10-01T14:26:21,2026-10-01T11:11:56,Chaos Core,746887,746887,1,,
6972,2026-10-01T14:27:19,2026-10-01T11:11:56,Force Core Set (High) X 90,159642,14367780,90,,165000
6973,2026-10-01T14:27:24,2026-10-01T11:11:56,Force Core Set (High) X 174,159642,27777777,174,,165000
6974,2026-10-01T14:28:32,2026-10-01T11:11:56,Upgrade Core Set (Ultimate) X 1,431817,14681778,34,,455585
6975,2026-10-01T14:28:38,2026-10-01T11:11:56,Upgrade Core Set (Ultimate) X 20,431817,8636340,20,,455585
6976,2026-10-01T14:28:44,2026-10-01T11:11:56,Upgrade Core Set (Ultimate) X 64,431817,27636288,64,,455585
6977,2026-10-01T14:28:50,2026-10-01T11:11:56,Upgrade Core Set (Ultimate) X 91,431817,39295347,91,,455585
6978,2026-10-01T14:29:29,2026-10-01T11:11:56,Upgrade Core Set (Ultimate) X 15,431817,6477255,15,,455584
6979,2026-10-01T14:29:36,2026-10-01T11:11:56,Upgrade Core Set (Ultimate) X 126,431817,54408942,126,,455584
6980,2026-10-01T14:29:47,2026-10-01T11:11:56,Upgrade Core Set (Ultimate) X 1,445484,2672904,6,,455584
6981,2026-10-01T14:32:37,2026-10-01T11:11:56,Epic Booster (Highest),46957286,187829144,4,,
6982,2026-10-01T14:37:03,2026-10-01T11:11:56,Chaos Core,743695,743695,1,,
6983,2026-10-01T14:39:01,2026-10-01T11:11:56,Force Core Set (High) X 11,159090,1749999,11,,165000
6984,2026-10-01T14:39:07,2026-10-01T11:11:56,Force Core Set (High) X 61,159927,9755555,61,,165000
6985,2026-10-01T14:51:05,2026-10-01T11:11:56,Upgrade Core Set (Ultimate) X 10,431817,60454380,140,,456024
6986,2026-10-01T14:51:10,2026-10-01T11:11:56,Upgrade Core Set (Ultimate) X 15,431817,6477255,15,,456024
6987,2026-10-01T14:51:15,2026-10-01T11:11:56,Upgrade Core Set (Ultimate) X 35,431817,15113595,35,,456024
6988,2026-10-01T14:55:30,2026-10-01T11:11:56,Chaos Core,734690,734690,1,,
6989,2026-10-01T14:57:39,2026-10-01T11:11:56,Upgrade Core Set (Ultimate) X 52,431817,22454484,52,,456024
6990,2026-10-01T14:57:44,2026-10-01T11:11:56,Upgrade Core Set (Ultimate) X 117,431817,50522589,117,,456024
6991,2026-10-01T15:00:56,2026-10-01T11:11:56,Chaos Core,734169,734169,1,,
6992,2026-10-01T15:02:29,2026-10-01T11:11:56,Chaos Core,750000,750000,1,,
6993,2026-10-01T15:03:04,2026-10-01T11:11:56,Chaos Core,750317,750317,1,,
6994,2026-10-01T15:04:40,2026-10-01T11:11:56,Chaos Core,750317,750317,1,,
6995,2026-10-01T15:05:40,2026-10-01T11:11:56,Upgrade Core Set (Ultimate) X 145,431817,62613465,145,,456021
6996,2026-10-01T15:08:09,2026-10-01T11:11:56,Chaos Core,749714,749714,1,,
6997,2026-10-01T15:08:49,2026-10-01T11:11:56,Chaos Core,749714,749714,1,,
6998,2026-10-01T15:09:24,2026-10-01T11:11:56,Chaos Core,749019,749019,1,,
6999,2026-10-01T15:10:35,2026-10-01T11:11:56,Chaos Core,749019,749019,1,,
7000,2026-10-01T15:11:15,2026-10-01T11:11:56,Chaos Core,749019,749019,1,,
7001,2026-10-01T15:18:18,2026-10-01T15:14:31,Chaos Core,745932,745932,1,,
7002,2026-10-01T15:18:59,2026-10-01T15:14:31,Force Core Set (High) X 3,160000,480000,3,,165000
7003,2026-10-01T15:19:05,2026-10-01T15:14:31,Force Core Set (High) X 9,160000,1440000,9,,165000
7004,2026-10-01T15:19:12,2026-10-01T15:14:31,Force Core Set (High) X 10,160000,4800000,30,,165000
7005,2026-10-01T15:19:17,2026-10-01T15:14:31,Force Core Set (High) X 92,160000,14720000,92,,165000
7006,2026-10-01T15:19:21,2026-10-01T15:14:31,Force Core Set (High) X 136,160000,21760000,136,,165000
7007,2026-10-01T15:30:25,2026-10-01T15:25:04,Chaos Core,751420,751420,1,,
7008,2026-10-01T15:34:49,2026-10-01T15:25:04,Chaos Core,750000,750000,1,,
7009,2026-10-01T15:35:47,2026-10-01T15:25:04,Chaos Core,750000,750000,1,,
7010,2026-10-01T15:37:12,2026-10-01T15:25:04,Chaos Core,750849,750849,1,,
7011,2026-10-01T15:38:42,2026-10-01T15:25:04,Chaos Core,750174,750174,1,,
7012,2026-10-01T15:39:34,2026-10-01T15:25:04,Chaos Core,750174,750174,1,,
7013,2026-10-01T15:55:49,2026-10-01T15:25:04,Chaos Core,750174,750174,1,,
7014,2026-10-01T15:56:39,2026-10-01T15:25:04,Chaos Core,750174,750174,1,,
7015,2026-10-01T15:59:10,2026-10-01T15:25:04,Chaos Core,748957,748957,1,,
7016,2026-10-01T16:00:03,2026-10-01T15:25:04,Chaos Core,748957,748957,1,,
7017,2026-10-01T16:01:00,2026-10-01T15:25:04,Chaos Core,748957,748957,1,,
7018,2026-10-01T16:07:16,2026-10-01T15:25:04,Chaos Core,749544,749544,1,,
7019,2026-10-01T16:09:46,2026-10-01T15:25:04,Chaos Core,739471,30318311,41,,789641
7020,2026-10-01T16:09:58,2026-10-01T15:25:04,Chaos Core,739471,184128279,249,,789641
7021,2026-10-01T16:10:18,2026-10-01T15:25:04,Chaos Core,749544,749544,1,,789641
7022,2026-10-01T16:12:46,2026-10-01T15:25:04,Chaos Core,738888,10344432,14,,789638
7023,2026-10-01T16:14:37,2026-10-01T15:25:04,Chaos Core,749544,2998176,4,,789638
7024,2026-10-01T16:15:46,2026-10-01T15:25:04,Chaos Core,760000,760000,1,,
7025,2026-10-01T16:16:30,2026-10-01T15:25:04,Chaos Core,760000,760000,1,,
7026,2026-10-01T16:17:45,2026-10-01T15:25:04,Chaos Core,760000,760000,1,,
7027,2026-10-01T16:18:34,2026-10-01T15:25:04,Chaos Core,759356,759356,1,,
7028,2026-10-01T16:19:18,2026-10-01T15:25:04,Chaos Core,758671,758671,1,,
7029,2026-10-01T16:19:54,2026-10-01T15:25:04,Chaos Core,758671,758671,1,,
7030,2026-10-01T16:24:15,2026-10-01T15:25:04,Epic Booster (Highest),46944444,187777776,4,,
7031,2026-10-01T16:27:25,2026-10-01T15:25:04,Epic Booster (Highest),46944444,187777776,4,,
7032,2026-10-01T16:28:48,2026-10-01T15:25:04,Chaos Core,759000,759000,1,,
7033,2026-10-01T16:29:41,2026-10-01T15:25:04,Chaos Core,759000,759000,1,,
7034,2026-10-01T16:30:55,2026-10-01T15:25:04,Chaos Core,759000,759000,1,,
7035,2026-10-01T16:31:42,2026-10-01T15:25:04,Chaos Core,759000,759000,1,,
7036,2026-10-01T16:33:55,2026-10-01T15:25:04,Chaos Core,756417,756417,1,,
7037,2026-10-01T16:34:29,2026-10-01T15:25:04,Chaos Core,756417,756417,1,,
7038,2026-10-01T16:38:51,2026-10-01T15:25:04,Chaos Core,759000,759000,1,,
7039,2026-10-01T16:39:42,2026-10-01T15:25:04,Chaos Core,759000,759000,1,,
7040,2026-10-01T16:40:58,2026-10-01T15:25:04,Chaos Core,757816,757816,1,,
7041,2026-10-01T16:42:36,2026-10-01T15:25:04,Chaos Core,757816,757816,1,,
7042,2026-10-01T16:43:11,2026-10-01T15:25:04,Force Core Set (High) X 19,157894,3000000,19,,165000
7043,2026-10-01T16:43:16,2026-10-01T15:25:04,Force Core Set (High) X 52,157894,8210488,52,,165000
7044,2026-10-01T16:44:36,2026-10-01T15:25:04,Chaos Core,757816,757816,1,,
7045,2026-10-01T16:45:15,2026-10-01T15:25:04,Chaos Core,757816,757816,1,,
7046,2026-10-01T16:53:44,2026-10-01T15:25:04,Chaos Core,751519,751519,1,,
7047,2026-10-01T17:14:06,2026-10-01T15:25:04,Chaos Core,740000,14060000,19,,789595
7048,2026-10-01T17:14:53,2026-10-01T15:25:04,Chaos Core,747854,747854,1,,789595
7049,2026-10-01T17:15:13,2026-10-01T15:25:04,Chaos Core,747854,747854,1,,789595
7050,2026-10-01T17:25:00,2026-10-01T17:19:23,Chaos Core,750000,750000,1,,
7051,2026-10-01T17:26:14,2026-10-01T17:19:23,Chaos Core,750000,750000,1,,
7052,2026-10-01T17:27:25,2026-10-01T17:19:23,Chaos Core,736937,736937,1,,
7053,2026-10-01T17:28:15,2026-10-01T17:19:23,Chaos Core,736937,736937,1,,
7054,2026-10-01T17:28:48,2026-10-01T17:19:23,Chaos Core,736937,12527929,17,,789583
7055,2026-10-01T17:29:19,2026-10-01T17:19:23,Chaos Core,750000,750000,1,,789583
7056,2026-10-01T17:30:23,2026-10-01T17:19:23,Chaos Core,750000,750000,1,,
7057,2026-10-01T17:35:12,2026-10-01T17:19:23,Chaos Core,750000,750000,1,,
7058,2026-10-01T17:35:56,2026-10-01T17:19:23,Chaos Core,750000,750000,1,,
7059,2026-10-01T17:36:48,2026-10-01T17:19:23,Chaos Core,750000,750000,1,,
7060,2026-10-01T17:37:44,2026-10-01T17:19:23,Chaos Core,750000,750000,1,,
7061,2026-10-01T17:40:24,2026-10-01T17:19:23,Chaos Core,750000,750000,1,,
7062,2026-10-01T17:41:30,2026-10-01T17:19:23,Chaos Core,750000,750000,1,,
7063,2026-10-01T17:42:35,2026-10-01T17:19:23,Chaos Core,750000,750000,1,,
7064,2026-10-01T17:46:40,2026-10-01T17:19:23,Chaos Core,746601,746601,1,,
7065,2026-10-01T17:47:42,2026-10-01T17:19:23,Chaos Core,746601,746601,1,,
7066,2026-10-01T17:50:07,2026-10-01T17:19:23,Chaos Core,746601,746601,1,,
7067,2026-10-01T18:04:47,2026-10-01T17:19:23,Chaos Core,735001,33810046,46,,789530
7068,2026-10-01T18:05:01,2026-10-01T17:19:23,Chaos Core,735511,167696508,228,,789530
7069,2026-10-01T18:05:14,2026-10-01T17:19:23,Chaos Core,735511,1471022,2,,789530
7070,2026-10-01T18:08:11,2026-10-01T17:19:23,Chaos Core,738659,11818544,16,,789528
7071,2026-10-01T18:09:07,2026-10-01T17:19:23,Chaos Core,745555,1491110,2,,789528
7072,2026-10-01T18:15:33,2026-10-01T17:19:23,Chaos Core,732158,34411426,47,,789524
7073,2026-10-01T18:15:41,2026-10-01T17:19:23,Chaos Core,732158,30750636,42,,789524
7074,2026-10-01T18:15:54,2026-10-01T17:19:23,Chaos Core,732158,174253604,238,,789524
7075,2026-10-01T18:17:48,2026-10-01T17:19:23,Chaos Core,745555,745555,1,,
7076,2026-10-01T18:19:58,2026-10-01T17:19:23,Chaos Core,730318,46740352,64,,789522
7077,2026-10-01T18:20:21,2026-10-01T17:19:23,Chaos Core,735511,735511,1,,789522
7078,2026-10-01T18:20:52,2026-10-01T17:19:23,Chaos Core,745555,745555,1,,789522
7079,2026-10-01T18:25:51,2026-10-01T17:19:23,Chaos Core,729041,34993968,48,,789518
7080,2026-10-01T18:38:31,2026-10-01T18:34:31,Chaos Core,727189,29814749,41,,789515
7081,2026-10-01T18:39:17,2026-10-01T18:34:31,Chaos Core,746000,746000,1,,789515
7082,2026-10-01T18:50:21,2026-10-01T18:34:31,Chaos Core,750000,750000,1,,
7083,2026-10-01T18:54:17,2026-10-01T18:34:31,Chaos Core,749469,749469,1,,
7084,2026-10-01T18:55:20,2026-10-01T18:34:31,Chaos Core,749469,749469,1,,
7085,2026-10-01T18:56:24,2026-10-01T18:34:31,Chaos Core,749469,749469,1,,
7086,2026-10-01T18:57:13,2026-10-01T18:34:31,Chaos Core,749469,749469,1,,
7087,2026-10-01T19:04:24,2026-10-01T18:34:31,Chaos Core,745896,745896,1,,
7088,2026-10-01T19:05:13,2026-10-01T18:34:31,Chaos Core,744000,744000,1,,
7089,2026-10-01T19:19:22,2026-10-01T18:34:31,Chaos Core,720058,92887482,129,,789423
7090,2026-10-01T19:19:34,2026-10-01T18:34:31,Chaos Core,720058,142571484,198,,789423
7091,2026-10-01T19:21:59,2026-10-01T18:34:31,Chaos Core,726252,181563000,250,,789419
7092,2026-10-01T19:22:30,2026-10-01T18:34:31,Chaos Core,745896,1491792,2,,789419
7093,2026-10-01T19:27:23,2026-10-01T18:34:31,Siena's Unbinding Stone,75111111,75111111,1,,
7094,2026-10-01T19:38:30,2026-10-01T18:34:31,Chaos Core,723901,723901,1,,
7095,2026-10-01T19:48:24,2026-10-01T18:34:31,Chaos Core,709307,55325946,78,,789339
7096,2026-10-01T19:49:37,2026-10-01T18:34:31,Chaos Core,709307,135477637,191,,789334
7097,2026-10-01T19:49:58,2026-10-01T18:34:31,Chaos Core,745896,745896,1,,789334
7098,2026-10-01T19:50:59,2026-10-01T18:34:31,Force Core Set (Highest) X 1,125125,500500,4,,191963
7099,2026-10-01T19:51:04,2026-10-01T18:34:31,Force Core Set (Highest) X 7,125125,875875,7,,191963
7100,2026-10-01T19:51:57,2026-10-01T18:34:31,Force Core Set (Ultimate) X 54,328466,17737164,54,,348801
7101,2026-10-01T19:52:02,2026-10-01T18:34:31,Force Core Set (Ultimate) X 94,328466,30875804,94,,348801
7102,2026-10-01T19:52:07,2026-10-01T18:34:31,Force Core Set (Ultimate) X 99,328466,32518134,99,,348801
7103,2026-10-01T19:54:08,2026-10-01T18:34:31,Yekaterina VIP Membership,112666666,112666666,1,,
7104,2026-10-01T19:55:26,2026-10-01T18:34:31,Chaos Core,745896,745896,1,,
7105,2026-10-01T19:56:22,2026-10-01T18:34:31,Chaos Core,745896,745896,1,,
7106,2026-10-01T19:57:35,2026-10-01T18:34:31,Chaos Core,745896,745896,1,,
7107,2026-10-01T19:58:57,2026-10-01T18:34:31,Chaos Core,745896,745896,1,,
7108,2026-10-01T20:01:00,2026-10-01T18:34:31,Chaos Core,745896,745896,1,,
7109,2026-10-01T20:03:30,2026-10-01T18:34:31,Chaos Core,745896,745896,1,,
7110,2026-10-01T20:28:45,2026-10-01T18:34:31,Chaos Core,717835,139259990,194,,789225
7111,2026-10-01T20:28:59,2026-10-01T18:34:31,Chaos Core,719613,719613,1,,789225
7112,2026-10-01T20:42:51,2026-10-01T18:34:31,Chaos Core,725082,725082,1,,
7113,2026-10-01T20:46:51,2026-10-01T18:34:31,Chaos Core,725082,725082,1,,
7114,2026-10-01T20:47:55,2026-10-01T18:34:31,Chaos Core,725082,725082,1,,
7115,2026-10-01T20:49:14,2026-10-01T18:34:31,Chaos Core,725082,725082,1,,
7116,2026-10-01T21:00:07,2026-10-01T20:51:20,Chaos Core,721957,721957,1,,
7117,2026-10-01T21:05:01,2026-10-01T20:51:20,Chaos Core,720805,12974490,18,,789191
7118,2026-10-01T21:05:09,2026-10-01T20:51:20,Chaos Core,719614,102904802,143,,789191
7119,2026-10-01T21:05:23,2026-10-01T20:51:20,Chaos Core,721957,721957,1,,789191
7120,2026-10-01T21:12:57,2026-10-01T20:51:20,Chaos Core,726252,726252,1,,
7121,2026-10-01T21:16:31,2026-10-01T20:51:20,Chaos Core,719304,719304,1,,
7122,2026-10-01T21:17:55,2026-10-01T20:51:20,Chaos Core,745896,745896,1,,
7123,2026-10-01T21:19:42,2026-10-01T20:51:20,Chaos Core,745304,745304,1,,
7124,2026-10-01T21:20:40,2026-10-01T20:51:20,Chaos Core,745304,745304,1,,
7125,2026-10-01T21:23:02,2026-10-01T20:51:20,Chaos Core,745304,745304,1,,
7126,2026-10-01T21:24:03,2026-10-01T20:51:20,Chaos Core,743601,743601,1,,
7127,2026-10-01T21:27:32,2026-10-01T20:51:20,Chaos Core,743601,743601,1,,
7128,2026-10-01T21:30:09,2026-10-01T20:51:20,Epic Booster (Highest),46944444,187777776,4,,
7129,2026-10-01T21:35:01,2026-10-01T20:51:20,Chaos Core,741500,741500,1,,
7130,2026-10-01T21:36:05,2026-10-01T20:51:20,Chaos Core,741500,741500,1,,
7131,2026-10-01T21:37:20,2026-10-01T20:51:20,Chaos Core,741500,741500,1,,
7132,2026-10-01T21:41:09,2026-10-01T20:51:20,Chaos Core,741500,741500,1,,
7133,2026-10-01T21:41:48,2026-10-01T20:51:20,Chaos Core,741500,741500,1,,
7134,2026-10-01T22:01:49,2026-10-01T20:51:20,Siena's Unbinding Stone,75111111,75111111,1,,
7135,2026-10-01T22:04:03,2026-10-01T20:51:20,Chaos Core,730936,51165520,70,,788986
7136,2026-10-01T22:04:23,2026-10-01T20:51:20,Chaos Core,731612,15363852,21,,788986
7137,2026-10-01T22:05:00,2026-10-01T20:51:20,Chaos Core,735650,48552900,66,,788986
7138,2026-10-01T22:05:12,2026-10-01T20:51:20,Chaos Core,726252,1452504,2,,788986
7139,2026-10-01T22:11:18,2026-10-01T20:51:20,Chaos Core,726252,726252,1,,
7140,2026-10-01T22:13:16,2026-10-01T20:51:20,Chaos Core,740000,740000,1,,
7141,2026-10-01T22:15:00,2026-10-01T20:51:20,Chaos Core,740000,740000,1,,
7142,2026-10-01T22:18:09,2026-10-01T20:51:20,Chaos Core,725054,725054,1,,
7143,2026-10-01T22:19:08,2026-10-01T20:51:20,Chaos Core,740000,740000,1,,
7144,2026-10-01T22:22:54,2026-10-01T20:51:20,Force Core Set (Highest) X 3,185185,555555,3,,191969
7145,2026-10-01T22:22:59,2026-10-01T20:51:20,Force Core Set (Highest) X 153,185185,28333305,153,,191969
7146,2026-10-01T22:29:12,2026-10-01T20:51:20,Chaos Core,744181,744181,1,,
7147,2026-10-01T22:31:16,2026-10-01T20:51:20,Force Core Set (High) X 3,133333,400000,3,,162500
7148,2026-10-01T22:31:21,2026-10-01T20:51:20,Force Core Set (High) X 17,133333,2266661,17,,162500
7149,2026-10-01T22:32:03,2026-10-01T20:51:20,Upgrade Core Set (Ultimate) X 1,431817,431817,1,,455623
7150,2026-10-01T22:32:09,2026-10-01T20:51:20,Upgrade Core Set (Ultimate) X 1,431817,431817,1,,455623
7151,2026-10-01T22:33:18,2026-10-01T20:51:20,Siena's Unbinding Stone,75111111,75111111,1,,
7152,2026-10-01T22:34:48,2026-10-01T20:51:20,Chaos Core,743544,743544,1,,
7153,2026-10-01T22:35:33,2026-10-01T20:51:20,Chaos Core,743544,743544,1,,
7154,2026-10-01T22:36:50,2026-10-01T20:51:20,Chaos Core,742337,742337,1,,
7155,2026-10-01T22:38:39,2026-10-01T20:51:20,Chaos Core,750000,750000,1,,
7156,2026-10-01T22:39:42,2026-10-01T20:51:20,Chaos Core,750000,750000,1,,
7157,2026-10-01T22:40:39,2026-10-01T20:51:20,Chaos Core,748800,748800,1,,
7158,2026-10-01T22:44:46,2026-10-01T20:51:20,Force Core Set (High) X 358,159520,57108160,358,,165000
7159,2026-10-01T22:46:53,2026-10-01T20:51:20,Blessing Bead - Superior,164117777,164117777,1,,
7160,2026-10-01T22:48:01,2026-10-01T20:51:20,Chaos Core,750000,750000,1,,
7161,2026-10-01T22:50:17,2026-10-01T20:51:20,Chaos Core,749365,749365,1,,
7162,2026-10-01T22:51:30,2026-10-01T20:51:20,Chaos Core,748856,748856,1,,
7163,2026-10-01T22:53:34,2026-10-01T20:51:20,Chaos Core,748260,748260,1,,
7164,2026-10-01T22:54:39,2026-10-01T20:51:20,Chaos Core,749365,749365,1,,
7165,2026-10-01T22:55:39,2026-10-01T20:51:20,Chaos Core,749365,749365,1,,
7166,2026-10-01T22:58:51,2026-10-01T20:51:20,Chaos Core,753999,753999,1,,
7167,2026-10-01T22:59:36,2026-10-01T20:51:20,Chaos Core,753999,753999,1,,
7168,2026-10-01T23:00:53,2026-10-01T20:51:20,Chaos Core,757816,757816,1,,
7169,2026-10-01T23:02:34,2026-10-01T20:51:20,Chaos Core,757816,757816,1,,
7170,2026-10-01T23:03:36,2026-10-01T20:51:20,Chaos Core,726252,726252,1,,
7171,2026-10-01T23:04:24,2026-10-01T20:51:20,Chaos Core,725708,725708,1,,
7172,2026-10-01T23:07:44,2026-10-01T20:51:20,Chaos Core,757816,757816,1,,
7173,2026-10-01T23:08:31,2026-10-01T20:51:20,Chaos Core,757816,757816,1,,
7174,2026-10-01T23:09:47,2026-10-01T20:51:20,Chaos Core,759000,759000,1,,
7175,2026-10-01T23:11:34,2026-10-01T20:51:20,Chaos Core,759000,759000,1,,
7176,2026-10-01T23:12:44,2026-10-01T20:51:20,Chaos Core,759000,759000,1,,
7177,2026-10-01T23:13:38,2026-10-01T20:51:20,Chaos Core,759000,759000,1,,
7178,2026-10-01T23:15:29,2026-10-01T20:51:20,Force Core Set (High) X 1,159520,159520,1,,165000
7179,2026-10-01T23:17:40,2026-10-01T20:51:20,Chaos Core,759000,759000,1,,
7180,2026-10-01T23:18:40,2026-10-01T20:51:20,Chaos Core,759000,759000,1,,
7181,2026-10-01T23:28:00,2026-10-01T20:51:20,Chaos Core,752172,752172,1,,
7182,2026-10-01T23:28:51,2026-10-01T20:51:20,Chaos Core,752172,752172,1,,
7183,2026-10-01T23:45:51,2026-10-01T20:51:20,Force Core Set (High) X 10,159520,28713600,180,,165000
7184,2026-10-01T23:51:50,2026-10-01T20:51:20,Chaos Core,726252,28323828,39,,786990
7185,2026-10-01T23:51:57,2026-10-01T20:51:20,Chaos Core,726252,54468900,75,,786990
7186,2026-10-01T23:52:03,2026-10-01T20:51:20,Chaos Core,726252,21061308,29,,786990
7187,2026-10-01T23:52:14,2026-10-01T20:51:20,Chaos Core,726252,82792728,114,,786990
7188,2026-10-01T23:52:24,2026-10-01T20:51:20,Chaos Core,726252,726252,1,,786990
7189,2026-10-01T23:54:29,2026-10-01T20:51:20,Upgrade Core Set (Ultimate) X 64,431818,27636352,64,,455565
7190,2026-10-02T00:05:47,2026-10-01T20:51:20,Chaos Core,721578,5772624,8,,786976
7191,2026-10-02T00:06:04,2026-10-01T20:51:20,Chaos Core,723442,55705034,77,,786976
7192,2026-10-02T00:06:22,2026-10-01T20:51:20,Chaos Core,723442,24597028,34,,786976
7193,2026-10-02T00:06:42,2026-10-01T20:51:20,Chaos Core,723442,148305610,205,,786976
7194,2026-10-02T00:08:50,2026-10-01T20:51:20,Chaos Core,719880,96463920,134,,786974
7195,2026-10-02T00:09:08,2026-10-01T20:51:20,Chaos Core,723442,31831448,44,,786974
7196,2026-10-02T00:09:30,2026-10-01T20:51:20,Chaos Core,723999,1447998,2,,786974
7197,2026-10-02T00:18:18,2026-10-01T20:51:20,Chaos Core,726251,726251,1,,
7198,2026-10-02T00:23:41,2026-10-01T20:51:20,Chaos Core,742880,742880,1,,
7199,2026-10-02T00:24:15,2026-10-01T20:51:20,Chaos Core,742880,742880,1,,
7200,2026-10-02T00:25:28,2026-10-01T20:51:20,Chaos Core,741757,741757,1,,
7201,2026-10-02T00:27:09,2026-10-01T20:51:20,Chaos Core,741170,741170,1,,
7202,2026-10-02T00:29:35,2026-10-01T20:51:20,Chaos Core,740471,740471,1,,
7203,2026-10-02T00:42:31,2026-10-01T20:51:20,Chaos Core,737226,737226,1,,
7204,2026-10-02T00:43:05,2026-10-01T20:51:20,Chaos Core,737226,737226,1,,
7205,2026-10-02T00:45:32,2026-10-01T20:51:20,Chaos Core,736027,736027,1,,
7206,2026-10-02T00:47:13,2026-10-01T20:51:20,Chaos Core,736027,736027,1,,
7207,2026-10-02T01:00:24,2026-10-01T20:51:20,Chaos Core,735420,735420,1,,
7208,2026-10-02T01:02:42,2026-10-01T20:51:20,Chaos Core,735420,735420,1,,
7209,2026-10-02T01:04:59,2026-10-01T20:51:20,Chaos Core,737226,737226,1,,
7210,2026-10-02T01:05:37,2026-10-01T20:51:20,Chaos Core,737226,737226,1,,
7211,2026-10-02T01:06:49,2026-10-01T20:51:20,Chaos Core,742880,742880,1,,
7212,2026-10-02T01:08:35,2026-10-01T20:51:20,Chaos Core,742000,742000,1,,
7213,2026-10-02T01:10:57,2026-10-01T20:51:20,Chaos Core,741471,741471,1,,
7214,2026-10-02T01:11:29,2026-10-01T20:51:20,Chaos Core,741471,741471,1,,
7215,2026-10-02T01:13:44,2026-10-01T20:51:20,Chaos Core,740171,740171,1,,
7216,2026-10-02T01:14:18,2026-10-01T20:51:20,Chaos Core,740171,740171,1,,
7217,2026-10-02T01:25:03,2026-10-01T20:51:20,Chaos Core,736530,736530,1,,
7218,2026-10-02T01:25:43,2026-10-01T20:51:20,Chaos Core,736530,736530,1,,
7219,2026-10-02T01:28:07,2026-10-01T20:51:20,Chaos Core,735840,735840,1,,
7220,2026-10-02T01:28:41,2026-10-01T20:51:20,Chaos Core,735840,735840,1,,
7221,2026-10-02T01:29:43,2026-10-01T20:51:20,Chaos Core,730000,730000,1,,
7222,2026-10-02T01:31:27,2026-10-01T20:51:20,Chaos Core,726252,64636428,89,,776789
7223,2026-10-02T01:31:47,2026-10-01T20:51:20,Chaos Core,734713,66858883,91,,776789
7224,2026-10-02T01:38:13,2026-10-01T20:51:20,Chaos Core,726252,726252,1,,
7225,2026-10-02T01:41:37,2026-10-01T20:51:20,Chaos Core,723851,723851,1,,
7226,2026-10-02T01:44:17,2026-10-01T20:51:20,Chaos Core,722672,722672,1,,
7227,2026-10-02T01:50:23,2026-10-01T20:51:20,Chaos Core,720868,720868,1,,
7228,2026-10-02T01:54:13,2026-10-01T20:51:20,Chaos Core,741471,105288882,142,,776699
7229,2026-10-02T01:54:34,2026-10-01T20:51:20,Chaos Core,741471,1482942,2,,776699
7230,2026-10-02T01:56:22,2026-10-01T20:51:20,Chaos Core,719544,74113032,103,,776690
7231,2026-10-02T01:56:28,2026-10-01T20:51:20,Chaos Core,719544,19427688,27,,776690
7232,2026-10-02T01:56:39,2026-10-01T20:51:20,Chaos Core,719544,82028016,114,,776690
7233,2026-10-02T01:56:58,2026-10-01T20:51:20,Chaos Core,726252,726252,1,,776690
7234,2026-10-02T01:57:18,2026-10-01T20:51:20,Chaos Core,730000,730000,1,,776690
7235,2026-10-02T02:00:55,2026-10-01T20:51:20,Yekaterina VIP Membership,112666666,112666666,1,,
7236,2026-10-02T02:06:03,2026-10-01T20:51:20,Chaos Core,750000,750000,1,,
7237,2026-10-02T02:06:45,2026-10-01T20:51:20,Chaos Core,749494,749494,1,,
7238,2026-10-02T02:07:59,2026-10-01T20:51:20,Chaos Core,748959,748959,1,,
7239,2026-10-02T02:10:01,2026-10-01T20:51:20,Siena's Unbinding Stone,75000000,75000000,1,,
7240,2026-10-02T02:11:29,2026-10-01T20:51:20,Chaos Core,748288,748288,1,,
7241,2026-10-02T02:12:25,2026-10-01T20:51:20,Chaos Core,747715,747715,1,,
7242,2026-10-02T02:16:24,2026-10-01T20:51:20,Chaos Core,745872,745872,1,,
7243,2026-10-02T02:23:50,2026-10-01T20:51:20,Upgrade Core Set (Ultimate) X 15,431818,6477270,15,,455364
7244,2026-10-02T02:31:38,2026-10-01T20:51:20,Chaos Core,724432,724432,1,,
7245,2026-10-02T02:32:32,2026-10-01T20:51:20,Chaos Core,724432,724432,1,,
7246,2026-10-02T02:35:10,2026-10-01T20:51:20,Chaos Core,724432,724432,1,,
7247,2026-10-02T02:35:58,2026-10-01T20:51:20,Chaos Core,724432,724432,1,,
7248,2026-10-02T02:41:49,2026-10-01T20:51:20,Chaos Core,740000,740000,1,,
7249,2026-10-02T02:43:29,2026-10-01T20:51:20,Chaos Core,739999,739999,1,,
7250,2026-10-02T02:44:17,2026-10-01T20:51:20,Chaos Core,739999,739999,1,,
7251,2026-10-02T02:47:25,2026-10-01T20:51:20,Chaos Core,739999,739999,1,,
7252,2026-10-02T02:48:01,2026-10-01T20:51:20,Chaos Core,739999,739999,1,,
7253,2026-10-02T02:48:54,2026-10-01T20:51:20,Chaos Core,739999,739999,1,,
7254,2026-10-02T02:49:52,2026-10-01T20:51:20,Force Core Set (High) X 89,159520,14197280,89,,165000
7255,2026-10-02T02:49:57,2026-10-01T20:51:20,Force Core Set (High) X 111,159520,17706720,111,,165000
7256,2026-10-02T02:51:55,2026-10-01T20:51:20,Chaos Core,738796,738796,1,,
7257,2026-10-02T02:52:39,2026-10-01T20:51:20,Chaos Core,738796,738796,1,,
7258,2026-10-02T02:55:35,2026-10-01T20:51:20,Chaos Core,737600,737600,1,,
7259,2026-10-02T02:57:27,2026-10-01T20:51:20,Chaos Core,720000,720000,1,,
7260,2026-10-02T02:58:15,2026-10-01T20:51:20,Chaos Core,720000,720000,1,,
7261,2026-10-02T02:58:44,2026-10-01T20:51:20,Chaos Core,720000,82800000,115,,776508
7262,2026-10-02T02:58:49,2026-10-01T20:51:20,Chaos Core,720000,720000,1,,776508
7263,2026-10-02T02:59:00,2026-10-01T20:51:20,Chaos Core,720000,149760000,208,,776508
7264,2026-10-02T03:03:22,2026-10-01T20:51:20,Chaos Core,737600,737600,1,,
7265,2026-10-02T03:04:07,2026-10-01T20:51:20,Chaos Core,737600,737600,1,,
7266,2026-10-02T03:07:07,2026-10-01T20:51:20,Chaos Core,737600,737600,1,,
7267,2026-10-02T03:08:01,2026-10-01T20:51:20,Chaos Core,735737,735737,1,,
7268,2026-10-02T03:08:58,2026-10-01T20:51:20,Chaos Core,735737,735737,1,,
7269,2026-10-02T03:37:18,2026-10-02T03:21:58,Chaos Core,730226,730226,1,,
7270,2026-10-02T03:38:03,2026-10-02T03:21:58,Chaos Core,730226,730226,1,,
7271,2026-10-02T03:41:19,2026-10-02T03:21:58,Chaos Core,729005,729005,1,,
7272,2026-10-02T03:42:25,2026-10-02T03:21:58,Chaos Core,729005,729005,1,,
7273,2026-10-02T03:45:52,2026-10-02T03:21:58,Chaos Core,730226,730226,1,,
7274,2026-10-02T03:46:36,2026-10-02T03:21:58,Chaos Core,730226,730226,1,,
7275,2026-10-02T03:49:31,2026-10-02T03:21:58,Chaos Core,729203,729203,1,,
7276,2026-10-02T03:50:39,2026-10-02T03:21:58,Chaos Core,729203,729203,1,,
7277,2026-10-02T03:55:58,2026-10-02T03:21:58,Chaos Core,730226,730226,1,,
7278,2026-10-02T03:57:04,2026-10-02T03:21:58,Chaos Core,730226,730226,1,,
7279,2026-10-02T03:57:37,2026-10-02T03:21:58,Chaos Core,730226,730226,1,,
7280,2026-10-02T03:58:56,2026-10-02T03:21:58,Siena's Unbinding Stone,75000000,75000000,1,,
7281,2026-10-02T04:00:26,2026-10-02T03:21:58,Chaos Core,730226,730226,1,,
7282,2026-10-02T04:01:11,2026-10-02T03:21:58,Chaos Core,730226,730226,1,,
7283,2026-10-02T04:04:03,2026-10-02T03:21:58,Chaos Core,733226,733226,1,,
7284,2026-10-02T04:05:09,2026-10-02T03:21:58,Chaos Core,730220,730220,1,,
7285,2026-10-02T04:05:41,2026-10-02T03:21:58,Chaos Core,730220,730220,1,,
7286,2026-10-02T04:08:10,2026-10-02T03:21:58,Chaos Core,730220,730220,1,,
7287,2026-10-02T04:09:44,2026-10-02T03:21:58,Chaos Core,730220,730220,1,,
7288,2026-10-02T04:10:30,2026-10-02T03:21:58,Chaos Core,730220,730220,1,,
7289,2026-10-02T04:13:25,2026-10-02T03:21:58,Chaos Core,730220,730220,1,,
7290,2026-10-02T04:14:25,2026-10-02T03:21:58,Chaos Core,730220,730220,1,,
7291,2026-10-02T04:17:02,2026-10-02T03:21:58,Chaos Core,730220,730220,1,,
7292,2026-10-02T04:17:46,2026-10-02T03:21:58,Chaos Core,730220,730220,1,,
7293,2026-10-02T04:21:36,2026-10-02T03:21:58,Chaos Core,730220,730220,1,,
7294,2026-10-02T04:23:05,2026-10-02T03:21:58,Chaos Core,730220,730220,1,,
7295,2026-10-02T04:25:34,2026-10-02T03:21:58,Chaos Core,730220,730220,1,,
7296,2026-10-02T04:26:20,2026-10-02T03:21:58,Chaos Core,730220,730220,1,,
7297,2026-10-02T04:33:13,2026-10-02T03:21:58,Chaos Core,730220,730220,1,,
7298,2026-10-02T04:34:23,2026-10-02T03:21:58,Chaos Core,730220,730220,1,,
7299,2026-10-02T04:37:57,2026-10-02T03:21:58,Chaos Core,732000,732000,1,,
7300,2026-10-02T04:39:15,2026-10-02T03:21:58,Chaos Core,733226,733226,1,,
7301,2026-10-02T04:40:01,2026-10-02T03:21:58,Chaos Core,733226,733226,1,,
7302,2026-10-02T04:42:13,2026-10-02T03:21:58,Chaos Core,737600,737600,1,,
7303,2026-10-02T04:42:46,2026-10-02T03:21:58,Chaos Core,737500,737500,1,,
7304,2026-10-02T04:44:50,2026-10-02T03:21:58,Chaos Core,737500,737500,1,,
7305,2026-10-02T04:45:40,2026-10-02T03:21:58,Chaos Core,736426,736426,1,,
7306,2026-10-02T04:47:05,2026-10-02T03:21:58,Chaos Core,735918,735918,1,,
7307,2026-10-02T04:50:04,2026-10-02T03:21:58,Chaos Core,734832,734832,1,,
7308,2026-10-02T04:50:37,2026-10-02T03:21:58,Chaos Core,734824,734824,1,,
7309,2026-10-02T04:52:43,2026-10-02T03:21:58,Chaos Core,734824,734824,1,,
7310,2026-10-02T04:53:35,2026-10-02T03:21:58,Chaos Core,734824,734824,1,,
7311,2026-10-02T04:54:11,2026-10-02T03:21:58,Chaos Core,734824,734824,1,,
7312,2026-10-02T04:56:43,2026-10-02T03:21:58,Chaos Core,732509,732509,1,,
7313,2026-10-02T04:57:17,2026-10-02T03:21:58,Chaos Core,732509,732509,1,,
7314,2026-10-02T04:59:19,2026-10-02T03:21:58,Chaos Core,730690,730690,1,,
7315,2026-10-02T05:05:04,2026-10-02T03:21:58,Chaos Core,734824,734824,1,,
7316,2026-10-02T05:05:37,2026-10-02T03:21:58,Chaos Core,734824,734824,1,,
7317,2026-10-02T05:06:23,2026-10-02T03:21:58,Chaos Core,737500,737500,1,,
7318,2026-10-02T05:08:35,2026-10-02T03:21:58,Chaos Core,744823,744823,1,,
7319,2026-10-02T05:09:15,2026-10-02T03:21:58,Chaos Core,744823,744823,1,,
7320,2026-10-02T05:11:28,2026-10-02T03:21:58,Chaos Core,743567,743567,1,,
7321,2026-10-02T05:12:07,2026-10-02T03:21:58,Chaos Core,743567,743567,1,,
7322,2026-10-02T05:12:51,2026-10-02T03:21:58,Chaos Core,744211,744211,1,,
7323,2026-10-02T05:13:41,2026-10-02T03:21:58,Chaos Core,744211,744211,1,,
7324,2026-10-02T05:16:10,2026-10-02T03:21:58,Chaos Core,744211,744211,1,,
7325,2026-10-02T05:18:25,2026-10-02T03:21:58,Chaos Core,743100,743100,1,,
7326,2026-10-02T05:19:05,2026-10-02T03:21:58,Chaos Core,743100,743100,1,,
7327,2026-10-02T05:19:38,2026-10-02T03:21:58,Chaos Core,740000,740000,1,,
7328,2026-10-02T05:30:05,2026-10-02T03:21:58,Chaos Core,737600,737600,1,,
7329,2026-10-02T05:31:43,2026-10-02T03:21:58,Siena's Unbinding Stone,75000000,75000000,1,,
7330,2026-10-02T05:33:10,2026-10-02T03:21:58,Chaos Core,736928,736928,1,,
7331,2026-10-02T05:35:15,2026-10-02T03:21:58,Chaos Core,736323,736323,1,,
7332,2026-10-02T05:35:47,2026-10-02T03:21:58,Chaos Core,726252,726252,1,,
7333,2026-10-02T05:36:17,2026-10-02T03:21:58,Chaos Core,725104,89187792,123,,733209
7334,2026-10-02T05:36:28,2026-10-02T03:21:58,Chaos Core,726252,145976652,201,,733209
7335,2026-10-02T05:38:07,2026-10-02T03:21:58,Chaos Core,736928,736928,1,,
7336,2026-10-02T05:38:38,2026-10-02T03:21:58,Chaos Core,735662,735662,1,,
7337,2026-10-02T05:41:27,2026-10-02T03:21:58,Chaos Core,734981,734981,1,,
7338,2026-10-02T05:42:21,2026-10-02T03:21:58,Chaos Core,734981,27929278,38,,741439
7339,2026-10-02T05:42:53,2026-10-02T03:21:58,Chaos Core,735662,70623552,96,,741439
7340,2026-10-02T05:43:20,2026-10-02T03:21:58,Chaos Core,736928,736928,1,,741439
7341,2026-10-02T05:45:26,2026-10-02T03:21:58,Chaos Core,741954,741954,1,,
7342,2026-10-02T05:46:19,2026-10-02T03:21:58,Chaos Core,745872,745872,1,,
7343,2026-10-02T05:50:18,2026-10-02T03:21:58,Siena's Unbinding Stone,75000000,75000000,1,,
7344,2026-10-02T05:52:35,2026-10-02T03:21:58,Chaos Core,750000,750000,1,,
7345,2026-10-02T05:54:24,2026-10-02T03:21:58,Chaos Core,750000,750000,1,,
7346,2026-10-02T05:55:07,2026-10-02T03:21:58,Chaos Core,750000,750000,1,,
7347,2026-10-02T05:59:57,2026-10-02T03:21:58,Chaos Core,720178,72017800,100,,769993
7348,2026-10-02T06:00:05,2026-10-02T03:21:58,Chaos Core,720178,5761424,8,,769993
7349,2026-10-02T06:09:08,2026-10-02T03:21:58,Chaos Core,750000,750000,1,,
7350,2026-10-02T06:09:43,2026-10-02T03:21:58,Chaos Core,750000,750000,1,,
7351,2026-10-02T06:10:24,2026-10-02T03:21:58,Chaos Core,750000,750000,1,,
7352,2026-10-02T06:11:02,2026-10-02T03:21:58,Chaos Core,755555,755555,1,,
7353,2026-10-02T06:12:54,2026-10-02T03:21:58,Chaos Core,760000,760000,1,,
7354,2026-10-02T06:15:52,2026-10-02T03:21:58,Chaos Core,770000,770000,1,,
7355,2026-10-02T06:16:27,2026-10-02T03:21:58,Chaos Core,770000,770000,1,,
7356,2026-10-02T06:17:03,2026-10-02T03:21:58,Chaos Core,770000,770000,1,,
7357,2026-10-02T06:17:47,2026-10-02T03:21:58,Chaos Core,770000,770000,1,,
7358,2026-10-02T06:18:44,2026-10-02T03:21:58,Chaos Core,743922,743922,1,,
7359,2026-10-02T06:25:02,2026-10-02T03:21:58,Chaos Core,743407,74340700,100,,776588
7360,2026-10-02T06:25:42,2026-10-02T03:21:58,Chaos Core,770000,1540000,2,,776588
7361,2026-10-02T06:35:10,2026-10-02T03:21:58,Chaos Core,735555,735555,1,,
7362,2026-10-02T06:36:29,2026-10-02T03:21:58,Chaos Core,770000,770000,1,,
7363,2026-10-02T06:37:13,2026-10-02T03:21:58,Chaos Core,743922,743922,1,,
7364,2026-10-02T06:40:40,2026-10-02T03:21:58,Upgrade Core Set (Ultimate) X 240,446668,107200320,240,,599948
7365,2026-10-02T06:43:41,2026-10-02T03:21:58,Chaos Core,766000,766000,1,,
7366,2026-10-02T06:44:13,2026-10-02T03:21:58,Chaos Core,766000,766000,1,,
7367,2026-10-02T06:44:48,2026-10-02T03:21:58,Chaos Core,766000,766000,1,,
7368,2026-10-02T06:47:10,2026-10-02T03:21:58,Chaos Core,760000,760000,1,,
7369,2026-10-02T06:47:50,2026-10-02T03:21:58,Chaos Core,760000,760000,1,,
7370,2026-10-02T06:51:23,2026-10-02T03:21:58,Chaos Core,737302,72992898,99,,749982
7371,2026-10-02T06:52:28,2026-10-02T03:21:58,Chaos Core,737302,36127798,49,,749979
7372,2026-10-02T06:53:00,2026-10-02T03:21:58,Chaos Core,760000,1520000,2,,749979
7373,2026-10-02T06:57:23,2026-10-02T03:21:58,Chaos Core,744093,744093,1,,749976
7374,2026-10-02T06:57:59,2026-10-02T03:21:58,Chaos Core,754093,754093,1,,749976
7375,2026-10-02T06:58:20,2026-10-02T03:21:58,Chaos Core,760000,12160000,16,,749976
7376,2026-10-02T07:00:37,2026-10-02T03:21:58,Chaos Core,734266,182832234,249,,749972
7377,2026-10-02T07:01:42,2026-10-02T03:21:58,Upgrade Core Set (Ultimate) X 58,445484,25838072,58,,599919
7378,2026-10-02T07:03:50,2026-10-02T03:21:58,Yekaterina VIP Membership,112500000,112500000,1,,
7379,2026-10-02T07:08:58,2026-10-02T03:21:58,Force Core Set (High) X 1,159159,5093088,32,,165000
7380,2026-10-02T07:09:05,2026-10-02T03:21:58,Force Core Set (High) X 10,159159,23873850,150,,165000
7381,2026-10-02T07:11:21,2026-10-02T03:21:58,Chaos Core,740000,740000,1,,
7382,2026-10-02T07:12:00,2026-10-02T03:21:58,Chaos Core,740000,740000,1,,
7383,2026-10-02T07:12:34,2026-10-02T03:21:58,Chaos Core,740000,740000,1,,
7384,2026-10-02T07:13:06,2026-10-02T03:21:58,Chaos Core,738810,738810,1,,
7385,2026-10-02T07:13:40,2026-10-02T03:21:58,Chaos Core,738810,738810,1,,
7386,2026-10-02T07:16:33,2026-10-02T03:21:58,Force Core Set (High) X 9,159159,1432431,9,,165000
7387,2026-10-02T07:16:39,2026-10-02T03:21:58,Force Core Set (High) X 10,159159,3183180,20,,165000
7388,2026-10-02T07:16:44,2026-10-02T03:21:58,Force Core Set (High) X 10,159159,1591590,10,,165000
7389,2026-10-02T07:16:49,2026-10-02T03:21:58,Force Core Set (High) X 12,159159,1909908,12,,165000
7390,2026-10-02T07:16:53,2026-10-02T03:21:58,Force Core Set (High) X 15,159159,2387385,15,,165000
7391,2026-10-02T07:17:34,2026-10-02T03:21:58,Force Core Set (High) X 28,159159,4456452,28,,165000
7392,2026-10-02T07:17:39,2026-10-02T03:21:58,Force Core Set (High) X 59,159159,9390381,59,,165000
7393,2026-10-02T07:17:44,2026-10-02T03:21:58,Force Core Set (High) X 94,159159,14960946,94,,165000
7394,2026-10-02T07:19:46,2026-10-02T03:21:58,Chaos Core,738810,738810,1,,
7395,2026-10-02T07:20:19,2026-10-02T03:21:58,Chaos Core,738810,738810,1,,
7396,2026-10-02T07:20:52,2026-10-02T03:21:58,Chaos Core,738114,738114,1,,
7397,2026-10-02T07:21:30,2026-10-02T03:21:58,Chaos Core,738114,738114,1,,
7398,2026-10-02T07:22:04,2026-10-02T03:21:58,Chaos Core,738114,738114,1,,
7399,2026-10-02T07:25:17,2026-10-02T03:21:58,Upgrade Core Set (Ultimate) X 1,445484,445484,1,,559882
7400,2026-10-02T07:26:00,2026-10-02T03:21:58,Force Core Set (Ultimate) X 10,328360,16418000,50,,348843
7401,2026-10-02T07:26:05,2026-10-02T03:21:58,Force Core Set (Ultimate) X 10,328360,3283600,10,,348843
7402,2026-10-02T07:26:10,2026-10-02T03:21:58,Force Core Set (Ultimate) X 11,328360,3611960,11,,348843
7403,2026-10-02T07:26:15,2026-10-02T03:21:58,Force Core Set (Ultimate) X 14,328360,4597040,14,,348843
7404,2026-10-02T07:26:20,2026-10-02T03:21:58,Force Core Set (Ultimate) X 20,328360,6567200,20,,348843
7405,2026-10-02T07:27:01,2026-10-02T03:21:58,Force Core Set (Ultimate) X 20,328360,6567200,20,,348840
7406,2026-10-02T07:27:05,2026-10-02T03:21:58,Force Core Set (Ultimate) X 23,328360,7552280,23,,348840
7407,2026-10-02T07:27:10,2026-10-02T03:21:58,Force Core Set (Ultimate) X 24,328360,7880640,24,,348840
7408,2026-10-02T07:27:15,2026-10-02T03:21:58,Force Core Set (Ultimate) X 24,328360,7880640,24,,348840
7409,2026-10-02T07:27:19,2026-10-02T03:21:58,Force Core Set (Ultimate) X 25,328360,8209000,25,,348840
7410,2026-10-02T07:29:07,2026-10-02T03:21:58,Chaos Core,738810,738810,1,,
7411,2026-10-02T07:29:40,2026-10-02T03:21:58,Chaos Core,738810,738810,1,,
7412,2026-10-02T07:30:14,2026-10-02T03:21:58,Chaos Core,738810,738810,1,,
7413,2026-10-02T07:30:54,2026-10-02T03:21:58,Chaos Core,750000,750000,1,,
7414,2026-10-02T07:31:25,2026-10-02T03:21:58,Chaos Core,750000,750000,1,,
7415,2026-10-02T07:33:45,2026-10-02T03:21:58,Chaos Core,726252,4357512,6,,749917
7416,2026-10-02T07:34:00,2026-10-02T03:21:58,Chaos Core,750000,9000000,12,,749917
7417,2026-10-02T07:36:09,2026-10-02T03:21:58,Force Core Set (Ultimate) X 8,328359,2626872,8,,348834
7418,2026-10-02T07:36:13,2026-10-02T03:21:58,Force Core Set (Ultimate) X 49,328359,16089600,49,,348834
7419,2026-10-02T07:36:18,2026-10-02T03:21:58,Force Core Set (Ultimate) X 26,328360,8537360,26,,348834
7420,2026-10-02T07:36:23,2026-10-02T03:21:58,Force Core Set (Ultimate) X 32,328360,10507520,32,,348834
7421,2026-10-02T07:36:28,2026-10-02T03:21:58,Force Core Set (Ultimate) X 34,328360,11164240,34,,348834
7422,2026-10-02T07:38:08,2026-10-02T03:21:58,Chaos Core,750000,750000,1,,
7423,2026-10-02T07:38:41,2026-10-02T03:21:58,Chaos Core,750000,750000,1,,
7424,2026-10-02T07:39:16,2026-10-02T03:21:58,Chaos Core,750000,750000,1,,
7425,2026-10-02T07:39:51,2026-10-02T03:21:58,Chaos Core,750000,750000,1,,
7426,2026-10-02T07:41:49,2026-10-02T03:21:58,Chaos Core,750000,750000,1,,
7427,2026-10-02T07:45:08,2026-10-02T03:21:58,Chaos Core,746950,746950,1,,
7428,2026-10-02T07:54:23,2026-10-02T03:21:58,Chaos Core,742181,145467476,196,,758786
7429,2026-10-02T07:54:38,2026-10-02T03:21:58,Chaos Core,742785,1485570,2,,758786
7430,2026-10-02T08:01:24,2026-10-02T03:21:58,Chaos Core,730000,16060000,22,,758769
7431,2026-10-02T08:01:44,2026-10-02T03:21:58,Chaos Core,735000,1470000,2,,758769
7432,2026-10-02T08:03:38,2026-10-02T03:21:58,Chaos Core,735000,735000,1,,
7433,2026-10-02T08:04:10,2026-10-02T03:21:58,Chaos Core,735000,735000,1,,
7434,2026-10-02T08:04:43,2026-10-02T03:21:58,Chaos Core,735000,735000,1,,
7435,2026-10-02T08:05:15,2026-10-02T03:21:58,Chaos Core,733692,733692,1,,
7436,2026-10-02T08:06:37,2026-10-02T03:21:58,Chaos Core,746500,746500,1,,
7437,2026-10-02T08:12:08,2026-10-02T03:21:58,Chaos Core,726252,726252,1,,
7438,2026-10-02T08:12:47,2026-10-02T03:21:58,Chaos Core,746000,746000,1,,
7439,2026-10-02T08:13:26,2026-10-02T03:21:58,Chaos Core,740000,740000,1,,
7440,2026-10-02T08:13:58,2026-10-02T03:21:58,Chaos Core,725688,144411912,199,,758749
7441,2026-10-02T08:14:14,2026-10-02T03:21:58,Chaos Core,735000,1470000,2,,758749
7442,2026-10-02T08:15:23,2026-10-02T03:21:58,Chaos Core,725077,155891555,215,,758749
7443,2026-10-02T08:15:28,2026-10-02T03:21:58,Chaos Core,725077,725077,1,,758749
7444,2026-10-02T08:16:49,2026-10-02T03:21:58,Chaos Core,740000,133200000,180,,758747
7445,2026-10-02T08:17:58,2026-10-02T03:21:58,Chaos Core,726252,726252,1,,
7446,2026-10-02T08:18:59,2026-10-02T03:21:58,Chaos Core,725695,15965290,22,,758740
7447,2026-10-02T08:19:24,2026-10-02T03:21:58,Chaos Core,746000,1492000,2,,758740
7448,2026-10-02T08:24:17,2026-10-02T03:21:58,Chaos Core,720000,720000,1,,
7449,2026-10-02T08:24:49,2026-10-02T03:21:58,Chaos Core,720000,720000,1,,
7450,2026-10-02T08:25:33,2026-10-02T03:21:58,Chaos Core,735000,735000,1,,
7451,2026-10-02T08:26:25,2026-10-02T03:21:58,Chaos Core,735000,120540000,164,,740736
7452,2026-10-02T08:27:38,2026-10-02T03:21:58,Chaos Core,735000,60270000,82,,740736
7453,2026-10-02T08:34:39,2026-10-02T03:21:58,Chaos Core,735000,735000,1,,
7454,2026-10-02T08:35:16,2026-10-02T03:21:58,Chaos Core,735000,735000,1,,
7455,2026-10-02T08:36:44,2026-10-02T03:21:58,Chaos Core,723287,723287,1,,
7456,2026-10-02T08:37:54,2026-10-02T03:21:58,Chaos Core,722754,722754,1,,
7457,2026-10-02T08:43:37,2026-10-02T03:21:58,Chaos Core,722754,722754,1,,
7458,2026-10-02T08:44:22,2026-10-02T03:21:58,Chaos Core,723287,723287,1,,
7459,2026-10-02T08:50:45,2026-10-02T03:21:58,Chaos Core,726252,726252,1,,
7460,2026-10-02T08:52:47,2026-10-02T03:21:58,Chaos Core,740000,740000,1,,
7461,2026-10-02T08:53:17,2026-10-02T03:21:58,Chaos Core,726252,726252,1,,
7462,2026-10-02T08:53:53,2026-10-02T03:21:58,Chaos Core,740000,740000,1,,
7463,2026-10-02T08:58:21,2026-10-02T03:21:58,Chaos Core,739000,739000,1,,
7464,2026-10-02T08:58:54,2026-10-02T03:21:58,Chaos Core,739000,739000,1,,
7465,2026-10-02T08:59:45,2026-10-02T03:21:58,Force Core Set (Highest) X 230,183574,42222222,230,,191967
7466,2026-10-02T09:01:33,2026-10-02T03:21:58,Chaos Core,737723,737723,1,,
7467,2026-10-02T09:02:05,2026-10-02T03:21:58,Chaos Core,740000,740000,1,,
7468,2026-10-02T09:02:37,2026-10-02T03:21:58,Chaos Core,740000,740000,1,,
7469,2026-10-02T09:06:29,2026-10-02T03:21:58,Chaos Core,740000,740000,1,,
7470,2026-10-02T09:07:02,2026-10-02T03:21:58,Chaos Core,740000,740000,1,,
7471,2026-10-02T09:07:45,2026-10-02T03:21:58,Chaos Core,740000,740000,1,,
7472,2026-10-02T09:08:43,2026-10-02T03:21:58,Upgrade Core Set (Ultimate) X 6,446666,2679996,6,,509804
7473,2026-10-02T09:08:47,2026-10-02T03:21:58,Upgrade Core Set (Ultimate) X 48,446666,21440000,48,,509804
7474,2026-10-02T09:08:53,2026-10-02T03:21:58,Upgrade Core Set (Ultimate) X 1,447197,447197,1,,509804
7475,2026-10-02T09:10:44,2026-10-02T03:21:58,Chaos Core,737444,737444,1,,
7476,2026-10-02T09:11:16,2026-10-02T03:21:58,Chaos Core,737444,737444,1,,
7477,2026-10-02T09:15:36,2026-10-02T03:21:58,Chaos Core,734550,65374950,89,,740708
7478,2026-10-02T09:16:01,2026-10-02T03:21:58,Chaos Core,737444,737444,1,,740708
7479,2026-10-02T09:20:01,2026-10-02T03:21:58,Chaos Core,740000,740000,1,,
7480,2026-10-02T09:21:25,2026-10-02T03:21:58,Chaos Core,740000,740000,1,,
7481,2026-10-02T09:21:57,2026-10-02T03:21:58,Chaos Core,740000,20720000,28,,750000
7482,2026-10-02T09:22:09,2026-10-02T03:21:58,Chaos Core,744000,71424000,96,,750000
7483,2026-10-02T09:22:23,2026-10-02T03:21:58,Chaos Core,744000,148800000,200,,750000
7484,2026-10-02T09:26:08,2026-10-02T03:21:58,Chaos Core,746500,746500,1,,
7485,2026-10-02T09:26:48,2026-10-02T03:21:58,Chaos Core,746500,746500,1,,
7486,2026-10-02T09:27:50,2026-10-02T03:21:58,Chaos Core,746500,746500,1,,
7487,2026-10-02T09:28:58,2026-10-02T03:21:58,Chaos Core,744000,744000,1,,749999
7488,2026-10-02T09:29:05,2026-10-02T03:21:58,Chaos Core,736908,95061132,129,,749999
7489,2026-10-02T09:29:24,2026-10-02T03:21:58,Chaos Core,740000,740000,1,,749999
7490,2026-10-02T09:29:46,2026-10-02T03:21:58,Chaos Core,746000,746000,1,,749999
7491,2026-10-02T09:36:28,2026-10-02T03:21:58,Chaos Core,746000,746000,1,,
7492,2026-10-02T09:36:58,2026-10-02T03:21:58,Chaos Core,740000,740000,1,,
7493,2026-10-02T09:39:01,2026-10-02T03:21:58,Chaos Core,739475,739475,1,,
7494,2026-10-02T09:39:40,2026-10-02T03:21:58,Chaos Core,739475,739475,1,,
7495,2026-10-02T09:40:29,2026-10-02T03:21:58,Chaos Core,738906,738906,1,,
7496,2026-10-02T09:41:10,2026-10-02T03:21:58,Chaos Core,730000,181770000,249,,749993
7497,2026-10-02T09:43:31,2026-10-02T03:21:58,Force Core Set (High) X 48,145000,6960000,48,,165000
7498,2026-10-02T09:43:35,2026-10-02T03:21:58,Force Core Set (High) X 297,145000,43065000,297,,165000
7499,2026-10-02T09:44:45,2026-10-02T03:21:58,Force Core Set (High) X 1,152899,3363778,22,,165000
7500,2026-10-02T09:44:49,2026-10-02T03:21:58,Force Core Set (High) X 50,152899,7644950,50,,165000
7501,2026-10-02T09:44:54,2026-10-02T03:21:58,Force Core Set (High) X 65,152899,9938435,65,,165000
7502,2026-10-02T09:45:00,2026-10-02T03:21:58,Force Core Set (High) X 126,152899,19265274,126,,165000
7503,2026-10-02T09:46:06,2026-10-02T03:21:58,Force Core Set (Ultimate) X 1,328359,8865693,27,,348749
7504,2026-10-02T09:46:10,2026-10-02T03:21:58,Force Core Set (Ultimate) X 22,328359,7223898,22,,348749
7505,2026-10-02T09:46:15,2026-10-02T03:21:58,Force Core Set (Ultimate) X 25,328359,8208975,25,,348749
7506,2026-10-02T09:46:19,2026-10-02T03:21:58,Force Core Set (Ultimate) X 29,328359,9522411,29,,348749
7507,2026-10-02T09:46:24,2026-10-02T03:21:58,Force Core Set (Ultimate) X 41,328359,13462719,41,,348749
7508,2026-10-02T09:49:06,2026-10-02T03:21:58,Chaos Core,730000,10220000,14,,749981
7509,2026-10-02T09:49:44,2026-10-02T03:21:58,Chaos Core,730000,58400000,80,,749981
7510,2026-10-02T09:50:12,2026-10-02T03:21:58,Chaos Core,737724,737724,1,,749981
7511,2026-10-02T09:51:18,2026-10-02T03:21:58,Chaos Core,746000,746000,1,,749981
7512,2026-10-02T09:53:30,2026-10-02T03:21:58,Chaos Core,746000,746000,1,,
7513,2026-10-02T09:54:25,2026-10-02T03:21:58,Chaos Core,730000,730000,1,,
7514,2026-10-02T09:58:54,2026-10-02T03:21:58,Force Core Set (Ultimate) X 35,328360,11492600,35,,348743
7515,2026-10-02T10:00:33,2026-10-02T03:21:58,Chaos Core,728802,96930666,133,,749969
7516,2026-10-02T10:00:43,2026-10-02T03:21:58,Chaos Core,728802,139201182,191,,749969
7517,2026-10-02T10:03:34,2026-10-02T03:21:58,Chaos Core,746000,746000,1,,
7518,2026-10-02T10:05:30,2026-10-02T03:21:58,Chaos Core,746000,746000,1,,
7519,2026-10-02T10:12:09,2026-10-02T03:21:58,Chaos Core,745999,745999,1,,
7520,2026-10-02T10:12:41,2026-10-02T03:21:58,Chaos Core,745999,745999,1,,
7521,2026-10-02T10:14:02,2026-10-02T03:21:58,Chaos Core,745353,745353,1,,
7522,2026-10-02T10:14:55,2026-10-02T03:21:58,Chaos Core,745353,745353,1,,
7523,2026-10-02T10:17:14,2026-10-02T03:21:58,Chaos Core,745353,745353,1,,
7524,2026-10-02T10:18:07,2026-10-02T03:21:58,Force Core Set (Highest) X 120,183333,22000000,120,,191958
7525,2026-10-02T10:19:54,2026-10-02T03:21:58,Chaos Core,744718,744718,1,,
7526,2026-10-02T10:20:26,2026-10-02T03:21:58,Chaos Core,744718,744718,1,,
7527,2026-10-02T10:21:48,2026-10-02T03:21:58,Chaos Core,744718,744718,1,,
7528,2026-10-02T10:22:31,2026-10-02T03:21:58,Chaos Core,744718,744718,1,,
7529,2026-10-02T10:24:25,2026-10-02T03:21:58,Chaos Core,730000,181770000,249,,749938
7530,2026-10-02T10:25:35,2026-10-02T03:21:58,Chaos Core,730000,96360000,132,,749937
7531,2026-10-02T10:25:45,2026-10-02T03:21:58,Chaos Core,730000,94170000,129,,749937
7532,2026-10-02T10:27:49,2026-10-02T03:21:58,Chaos Core,729470,64922830,89,,749934
7533,2026-10-02T10:28:02,2026-10-02T03:21:58,Chaos Core,730000,171550000,235,,749934
7534,2026-10-02T10:30:09,2026-10-02T03:21:58,Chaos Core,744217,85584955,115,,749932
7535,2026-10-02T10:30:15,2026-10-02T03:21:58,Chaos Core,729470,101396330,139,,749932
7536,2026-10-02T10:30:33,2026-10-02T03:21:58,Chaos Core,743632,743632,1,,749932
7537,2026-10-02T10:33:49,2026-10-02T03:21:58,Chaos Core,726252,726252,1,,
7538,2026-10-02T10:40:31,2026-10-02T03:21:58,Chaos Core,730000,730000,1,,
7539,2026-10-02T10:41:56,2026-10-02T03:21:58,Chaos Core,730000,730000,1,,
7540,2026-10-02T10:42:28,2026-10-02T03:21:58,Chaos Core,728831,728831,1,,
7541,2026-10-02T10:44:55,2026-10-02T03:21:58,Chaos Core,745353,745353,1,,
7542,2026-10-02T10:46:48,2026-10-02T03:21:58,Upgrade Core Set (Ultimate) X 5,475460,83205500,175,,509748
7543,2026-10-02T10:48:36,2026-10-02T03:21:58,Chaos Core,728831,728831,1,,
7544,2026-10-02T10:50:03,2026-10-02T03:21:58,Chaos Core,728831,728831,1,,
7545,2026-10-02T10:52:36,2026-10-02T03:21:58,Chaos Core,730000,730000,1,,
7546,2026-10-02T11:12:27,2026-10-02T03:21:58,Chaos Core,745000,745000,1,,
7547,2026-10-02T11:14:01,2026-10-02T03:21:58,Chaos Core,744318,744318,1,,
7548,2026-10-02T11:16:06,2026-10-02T03:21:58,Chaos Core,743727,743727,1,,
7549,2026-10-02T11:17:16,2026-10-02T03:21:58,Chaos Core,743038,743038,1,,
7550,2026-10-02T11:17:48,2026-10-02T03:21:58,Chaos Core,743038,743038,1,,
7551,2026-10-02T11:23:10,2026-10-02T03:21:58,Chaos Core,741170,741170,1,,
7552,2026-10-02T11:24:11,2026-10-02T03:21:58,Force Core Set (Highest) X 408,184709,75361272,408,,189997
7553,2026-10-02T11:25:18,2026-10-02T03:21:58,Force Core Set (Highest) X 244,184709,45068996,244,,189991
7554,2026-10-02T11:39:24,2026-10-02T11:30:14,Chaos Core,740511,740511,1,,
7555,2026-10-02T11:39:57,2026-10-02T11:30:14,Chaos Core,740511,740511,1,,
7556,2026-10-02T11:41:03,2026-10-02T11:30:14,Chaos Core,740511,740511,1,,
7557,2026-10-02T11:43:34,2026-10-02T11:30:14,Chaos Core,740500,740500,1,,
7558,2026-10-02T11:46:18,2026-10-02T11:30:14,Chaos Core,740500,740500,1,,
7559,2026-10-02T11:47:50,2026-10-02T11:30:14,Chaos Core,740500,740500,1,,
7560,2026-10-02T11:48:30,2026-10-02T11:30:14,Chaos Core,740500,740500,1,,
7561,2026-10-02T11:49:44,2026-10-02T11:30:14,Chaos Core,738500,738500,1,,
7562,2026-10-02T11:52:17,2026-10-02T11:30:14,Chaos Core,737944,737944,1,,
7563,2026-10-02T11:58:19,2026-10-02T11:30:14,Yekaterina VIP Membership,112500000,112500000,1,,
7564,2026-10-02T11:59:59,2026-10-02T11:30:14,Chaos Core,734998,734998,1,,
7565,2026-10-02T12:02:34,2026-10-02T11:30:14,Chaos Core,734330,734330,1,,
7566,2026-10-02T12:03:29,2026-10-02T11:30:14,Chaos Core,734330,80776300,110,,739725
7567,2026-10-02T12:03:45,2026-10-02T11:30:14,Chaos Core,734998,734998,1,,739725
7568,2026-10-02T12:05:07,2026-10-02T11:30:14,Chaos Core,734998,734998,1,,
7569,2026-10-02T12:05:43,2026-10-02T11:30:14,Chaos Core,734998,734998,1,,
7570,2026-10-02T12:07:07,2026-10-02T11:30:14,Chaos Core,726252,726252,1,,
7571,2026-10-02T12:08:06,2026-10-02T11:30:14,Chaos Core,725662,21769860,30,,739724
7572,2026-10-02T12:08:15,2026-10-02T11:30:14,Chaos Core,725662,84902454,117,,739724
7573,2026-10-02T12:09:17,2026-10-02T11:30:14,Chaos Core,726252,54468900,75,,739723
7574,2026-10-02T12:10:24,2026-10-02T11:30:14,Chaos Core,720000,72000000,100,,739723
7575,2026-10-02T12:12:09,2026-10-02T11:30:14,Chaos Core,740500,740500,1,,739723
7576,2026-10-02T12:12:17,2026-10-02T11:30:14,Chaos Core,730000,730000,1,,739723
7577,2026-10-02T12:15:14,2026-10-02T11:30:14,Chaos Core,700000,700000,1,,749787
7578,2026-10-02T12:15:29,2026-10-02T11:30:14,Chaos Core,740511,33322995,45,,749787
7579,2026-10-02T12:15:45,2026-10-02T11:30:14,Chaos Core,740511,15550731,21,,749787
7580,2026-10-02T12:16:03,2026-10-02T11:30:14,Chaos Core,741170,74117000,100,,749787
7581,2026-10-02T12:16:16,2026-10-02T11:30:14,Chaos Core,741801,741801,1,,749787
7582,2026-10-02T12:19:14,2026-10-02T11:30:14,Chaos Core,745000,745000,1,,
7583,2026-10-02T12:22:05,2026-10-02T11:30:14,Chaos Core,750000,750000,1,,
7584,2026-10-02T12:23:27,2026-10-02T11:30:14,Chaos Core,750000,750000,1,,
7585,2026-10-02T12:24:54,2026-10-02T11:30:14,Chaos Core,750000,750000,1,,
7586,2026-10-02T12:26:49,2026-10-02T11:30:14,Force Core Set (Highest) X 9,184708,1662372,9,,189943
7587,2026-10-02T12:26:54,2026-10-02T11:30:14,Force Core Set (Highest) X 15,184708,2770620,15,,189943
7588,2026-10-02T12:26:59,2026-10-02T11:30:14,Force Core Set (Highest) X 22,184708,4063576,22,,189943
7589,2026-10-02T12:27:04,2026-10-02T11:30:14,Force Core Set (Highest) X 24,184708,4432992,24,,189943
7590,2026-10-02T12:27:09,2026-10-02T11:30:14,Force Core Set (Highest) X 89,184708,16439012,89,,189943
7591,2026-10-02T12:29:12,2026-10-02T11:30:14,Chaos Core,750000,750000,1,,
7592,2026-10-02T12:35:16,2026-10-02T11:30:14,Chaos Core,749412,749412,1,,
7593,2026-10-02T12:35:53,2026-10-02T11:30:14,Chaos Core,748817,748817,1,,
7594,2026-10-02T12:37:02,2026-10-02T11:30:14,Chaos Core,749412,749412,1,,
7595,2026-10-02T12:42:59,2026-10-02T11:30:14,Chaos Core,750000,750000,1,,
7596,2026-10-02T12:44:17,2026-10-02T11:30:14,Chaos Core,750000,750000,1,,
7597,2026-10-02T12:45:14,2026-10-02T11:30:14,Chaos Core,742588,17079524,23,,776589
7598,2026-10-02T12:45:38,2026-10-02T11:30:14,Chaos Core,742588,742588,1,,776589
7599,2026-10-02T12:46:22,2026-10-02T11:30:14,Force Core Set (Ultimate) X 3,328359,985077,3,,348621
7600,2026-10-02T12:46:27,2026-10-02T11:30:14,Force Core Set (Ultimate) X 7,328359,2298513,7,,348621
7601,2026-10-02T12:46:32,2026-10-02T11:30:14,Force Core Set (Ultimate) X 8,328359,2626872,8,,348621
7602,2026-10-02T12:46:37,2026-10-02T11:30:14,Force Core Set (Ultimate) X 9,328359,2955231,9,,348621
7603,2026-10-02T12:46:42,2026-10-02T11:30:14,Force Core Set (Ultimate) X 30,328359,9850770,30,,348621
7604,2026-10-02T12:47:22,2026-10-02T11:30:14,Force Core Set (Ultimate) X 54,328359,17731386,54,,348620
7605,2026-10-02T12:49:41,2026-10-02T11:30:14,Chaos Core,750000,750000,1,,
7606,2026-10-02T12:51:19,2026-10-02T11:30:14,Chaos Core,749308,749308,1,,
7607,2026-10-02T12:51:51,2026-10-02T11:30:14,Chaos Core,750000,750000,1,,
7608,2026-10-02T12:52:51,2026-10-02T11:30:14,Chaos Core,750000,750000,1,,
7609,2026-10-02T12:53:33,2026-10-02T11:30:14,Chaos Core,747498,747498,1,,
7610,2026-10-02T12:54:51,2026-10-02T11:30:14,Chaos Core,746836,746836,1,,
7611,2026-10-02T12:57:15,2026-10-02T11:30:14,Chaos Core,746238,746238,1,,
7612,2026-10-02T12:58:55,2026-10-02T11:30:14,Chaos Core,745593,745593,1,,
7613,2026-10-02T13:05:49,2026-10-02T11:30:14,Chaos Core,742482,742482,1,,
7614,2026-10-02T13:06:31,2026-10-02T11:30:14,Chaos Core,741365,741365,1,,
7615,2026-10-02T13:07:47,2026-10-02T11:30:14,Chaos Core,740744,740744,1,,
7616,2026-10-02T13:11:48,2026-10-02T11:30:14,Chaos Core,739648,2958592,4,,776567
7617,2026-10-02T13:12:46,2026-10-02T11:30:14,Chaos Core,726252,10167528,14,,776567
7618,2026-10-02T13:13:48,2026-10-02T11:30:14,Chaos Core,740744,1481488,2,,776565
7619,2026-10-02T13:14:08,2026-10-02T11:30:14,Chaos Core,740744,4444464,6,,776565
7620,2026-10-02T13:15:21,2026-10-02T11:30:14,Chaos Core,741999,7419990,10,,776565
7621,2026-10-02T13:18:33,2026-10-02T11:30:14,Chaos Core,725143,158806317,219,,776559
7622,2026-10-02T13:20:10,2026-10-02T11:30:14,Chaos Core,726252,726252,1,,776557
7623,2026-10-02T13:20:43,2026-10-02T11:30:14,Chaos Core,726252,726252,1,,776557
7624,2026-10-02T13:21:19,2026-10-02T11:30:14,Chaos Core,726252,11620032,16,,776557
7625,2026-10-02T13:22:16,2026-10-02T11:30:14,Chaos Core,726252,5810016,8,,776553
7626,2026-10-02T13:22:22,2026-10-02T11:30:14,Chaos Core,724000,31856000,44,,776553
7627,2026-10-02T13:23:06,2026-10-02T11:30:14,Chaos Core,739648,739648,1,,776553
7628,2026-10-02T13:23:16,2026-10-02T11:30:14,Chaos Core,770000,770000,1,,776553
7629,2026-10-02T13:24:42,2026-10-02T11:30:14,Chaos Core,770000,770000,1,,
7630,2026-10-02T13:25:53,2026-10-02T11:30:14,Chaos Core,770000,770000,1,,
7631,2026-10-02T13:29:09,2026-10-02T11:30:14,Chaos Core,769000,769000,1,,
7632,2026-10-02T13:30:49,2026-10-02T11:30:14,Chaos Core,768399,768399,1,,
7633,2026-10-02T13:31:22,2026-10-02T11:30:14,Chaos Core,768399,768399,1,,
7634,2026-10-02T13:35:46,2026-10-02T11:30:14,Chaos Core,726252,726252,1,,
7635,2026-10-02T13:38:26,2026-10-02T11:30:14,Chaos Core,770000,770000,1,,
7636,2026-10-02T13:40:26,2026-10-02T11:30:14,Chaos Core,769367,769367,1,,
7637,2026-10-02T13:40:59,2026-10-02T11:30:14,Chaos Core,769364,769364,1,,
7638,2026-10-02T13:43:55,2026-10-02T11:30:14,Chaos Core,769364,769364,1,,
7639,2026-10-02T13:44:26,2026-10-02T11:30:14,Chaos Core,768097,768097,1,,
7640,2026-10-02T13:48:07,2026-10-02T11:30:14,Chaos Core,768097,768097,1,,
7641,2026-10-02T13:48:40,2026-10-02T11:30:14,Chaos Core,768097,768097,1,,
7642,2026-10-02T13:52:56,2026-10-02T11:30:14,Chaos Core,770000,770000,1,,
7643,2026-10-02T13:55:18,2026-10-02T11:30:14,Chaos Core,777777,777777,1,,
7644,2026-10-02T13:56:18,2026-10-02T11:30:14,Chaos Core,766888,766888,1,,
7645,2026-10-02T13:58:41,2026-10-02T11:30:14,Chaos Core,765592,765592,1,,
7646,2026-10-02T14:00:18,2026-10-02T11:30:14,Chaos Core,760000,760000,1,,
7647,2026-10-02T14:00:50,2026-10-02T11:30:14,Chaos Core,760000,760000,1,,
7648,2026-10-02T14:03:35,2026-10-02T11:30:14,Chaos Core,760000,760000,1,,
7649,2026-10-02T14:07:47,2026-10-02T11:30:14,Chaos Core,758219,758219,1,,
7650,2026-10-02T14:08:20,2026-10-02T11:30:14,Chaos Core,758219,758219,1,,
7651,2026-10-02T14:14:56,2026-10-02T11:30:14,Chaos Core,755780,755780,1,,
7652,2026-10-02T14:16:40,2026-10-02T11:30:14,Chaos Core,755780,755780,1,,
7653,2026-10-02T14:17:14,2026-10-02T11:30:14,Chaos Core,755780,755780,1,,
7654,2026-10-02T14:23:41,2026-10-02T11:30:14,Chaos Core,752056,752056,1,,
7655,2026-10-02T14:24:13,2026-10-02T11:30:14,Chaos Core,751518,751518,1,,
7656,2026-10-02T14:30:44,2026-10-02T11:30:14,Chaos Core,749704,749704,1,,
7657,2026-10-02T14:31:18,2026-10-02T11:30:14,Chaos Core,749704,749704,1,,
7658,2026-10-02T14:33:47,2026-10-02T11:30:14,Chaos Core,747908,747908,1,,
7659,2026-10-02T14:34:27,2026-10-02T11:30:14,Chaos Core,747908,747908,1,,
7660,2026-10-02T14:34:57,2026-10-02T11:30:14,Chaos Core,746770,746770,1,,
7661,2026-10-02T14:35:59,2026-10-02T11:30:14,Upgrade Core Set (Ultimate) X 1,446668,446668,1,,644000
7662,2026-10-02T14:36:03,2026-10-02T11:30:14,Upgrade Core Set (Ultimate) X 4,446668,1786672,4,,644000
7663,2026-10-02T14:36:08,2026-10-02T11:30:14,Upgrade Core Set (Ultimate) X 5,446668,2233340,5,,644000
7664,2026-10-02T14:36:13,2026-10-02T11:30:14,Upgrade Core Set (Ultimate) X 6,446668,2680008,6,,644000
7665,2026-10-02T14:36:18,2026-10-02T11:30:14,Upgrade Core Set (Ultimate) X 6,446668,2680008,6,,644000
7666,2026-10-02T14:41:51,2026-10-02T11:30:14,Chaos Core,744312,744312,1,,
7667,2026-10-02T14:43:34,2026-10-02T11:30:14,Upgrade Core Set (Ultimate) X 10,446668,80400240,180,,643998
7668,2026-10-02T14:44:16,2026-10-02T11:30:14,Upgrade Core Set (Ultimate) X 10,446668,80400240,180,,643996
7669,2026-10-02T15:03:08,2026-10-02T11:30:14,Chaos Core,725555,68202170,94,,775952
7670,2026-10-02T15:04:10,2026-10-02T11:30:14,Chaos Core,725007,82650798,114,,775952
7671,2026-10-02T15:04:23,2026-10-02T11:30:14,Chaos Core,730000,1460000,2,,775952
7672,2026-10-02T15:05:33,2026-10-02T11:30:14,Chaos Core,725007,121801176,168,,775951
7673,2026-10-02T15:17:27,2026-10-02T11:30:14,Chaos Core,746102,746102,1,,
7674,2026-10-02T15:20:05,2026-10-02T11:30:14,Chaos Core,750000,750000,1,,
7675,2026-10-02T15:20:43,2026-10-02T11:30:14,Chaos Core,750000,750000,1,,
7676,2026-10-02T15:22:23,2026-10-02T11:30:14,Chaos Core,750000,750000,1,,
7677,2026-10-02T15:26:37,2026-10-02T11:30:14,Chaos Core,748550,748550,1,,
7678,2026-10-02T15:27:51,2026-10-02T11:30:14,Chaos Core,747961,747961,1,,
7679,2026-10-02T15:39:12,2026-10-02T11:30:14,Yekaterina VIP Membership,112500000,112500000,1,,
7680,2026-10-02T15:41:19,2026-10-02T11:30:14,Chaos Core,725102,725102,1,,
7681,2026-10-02T15:45:36,2026-10-02T11:30:14,Force Core Set (Highest) X 10,150000,27000000,180,,189757
7682,2026-10-02T15:46:19,2026-10-02T11:30:14,Force Core Set (Highest) X 10,150000,27000000,180,,189757
7683,2026-10-02T15:46:56,2026-10-02T11:30:14,Force Core Set (Ultimate) X 201,328359,66000159,201,,348482
7684,2026-10-02T15:48:07,2026-10-02T11:30:14,Yekaterina VIP Membership,112500000,112500000,1,,
7685,2026-10-02T15:57:54,2026-10-02T11:30:14,Chaos Core,720593,178707064,248,,765904
7686,2026-10-02T15:58:07,2026-10-02T11:30:14,Chaos Core,721660,721660,1,,765904
7687,2026-10-02T16:06:06,2026-10-02T11:30:14,Chaos Core,720590,720590,1,,
7688,2026-10-02T16:07:10,2026-10-02T11:30:14,Chaos Core,720590,38191270,53,,765880
7689,2026-10-02T16:07:18,2026-10-02T11:30:14,Chaos Core,719955,179268795,249,,765880
7690,2026-10-02T16:07:25,2026-10-02T11:30:14,Chaos Core,719955,719955,1,,765880
7691,2026-10-02T16:08:48,2026-10-02T11:30:14,Chaos Core,719955,719955,1,,
7692,2026-10-02T16:10:29,2026-10-02T11:30:14,Chaos Core,719955,719955,1,,
7693,2026-10-02T16:12:12,2026-10-02T11:30:14,Chaos Core,719955,719955,1,,
7694,2026-10-02T16:14:10,2026-10-02T11:30:14,Force Core Set (Ultimate) X 70,328359,22985130,70,,348489
7695,2026-10-02T16:15:42,2026-10-02T11:30:14,Yekaterina VIP Membership,112500000,112500000,1,,
7696,2026-10-02T16:23:28,2026-10-02T11:30:14,Chaos Core,747000,747000,1,,
7697,2026-10-02T16:24:46,2026-10-02T11:30:14,Chaos Core,742222,742222,1,,
7698,2026-10-02T16:28:49,2026-10-02T11:30:14,Chaos Core,742222,742222,1,,
7699,2026-10-02T16:31:01,2026-10-02T11:30:14,Chaos Core,741609,741609,1,,
7700,2026-10-02T16:32:47,2026-10-02T11:30:14,Chaos Core,741609,741609,1,,
7701,2026-10-02T16:33:42,2026-10-02T11:30:14,Force Core Set (Ultimate) X 3,328359,985077,3,,348479
7702,2026-10-02T16:33:46,2026-10-02T11:30:14,Force Core Set (Ultimate) X 34,328359,11164206,34,,348479
7703,2026-10-02T16:41:17,2026-10-02T11:30:14,Force Core Set (Ultimate) X 11,328359,3611949,11,,348470
7704,2026-10-02T16:42:31,2026-10-02T11:30:14,Yekaterina VIP Membership,112500000,112500000,1,,
7705,2026-10-02T16:43:38,2026-10-02T11:30:14,Chaos Core,738202,738202,1,,
7706,2026-10-02T16:44:50,2026-10-02T11:30:14,Chaos Core,738202,738202,1,,
7707,2026-10-02T16:46:25,2026-10-02T11:30:14,Chaos Core,737531,737531,1,,
7708,2026-10-02T16:48:05,2026-10-02T11:30:14,Chaos Core,737531,737531,1,,
7709,2026-10-02T16:49:45,2026-10-02T11:30:14,Chaos Core,737531,737531,1,,
7710,2026-10-02T16:52:17,2026-10-02T11:30:14,Chaos Core,735603,735603,1,,
7711,2026-10-02T16:57:10,2026-10-02T11:30:14,Chaos Core,726252,726252,1,,
7712,2026-10-02T16:58:52,2026-10-02T11:30:14,Chaos Core,740000,740000,1,,
7713,2026-10-02T17:01:28,2026-10-02T11:30:14,Chaos Core,737777,737777,1,,
7714,2026-10-02T17:03:34,2026-10-02T11:30:14,Chaos Core,737000,737000,1,,
7715,2026-10-02T17:05:14,2026-10-02T11:30:14,Chaos Core,736305,736305,1,,
7716,2026-10-02T17:06:40,2026-10-02T11:30:14,Chaos Core,735667,735667,1,,
7717,2026-10-02T17:07:38,2026-10-02T11:30:14,Chaos Core,735667,735667,1,,
7718,2026-10-02T17:08:31,2026-10-02T11:30:14,Force Core Set (Highest) X 164,172727,28327228,164,,189652
7719,2026-10-02T17:08:35,2026-10-02T11:30:14,Force Core Set (Highest) X 175,172727,30227225,175,,189652
7720,2026-10-02T17:10:46,2026-10-02T11:30:14,Chaos Core,734378,734378,1,,
7721,2026-10-02T17:19:13,2026-10-02T11:30:14,Chaos Core,734378,112359834,153,,765674
7722,2026-10-02T17:19:34,2026-10-02T11:30:14,Chaos Core,735667,33840682,46,,765674
7723,2026-10-02T17:19:40,2026-10-02T11:30:14,Chaos Core,730866,1461732,2,,765674
7724,2026-10-02T17:23:30,2026-10-02T11:30:14,Chaos Core,730866,730866,1,,765667
7725,2026-10-02T17:24:02,2026-10-02T11:30:14,Chaos Core,737000,183513000,249,,765667
7726,2026-10-02T17:24:16,2026-10-02T11:30:14,Chaos Core,731383,1462766,2,,765667
7727,2026-10-02T17:26:37,2026-10-02T11:30:14,Chaos Core,737000,9581000,13,,765664
7728,2026-10-02T17:27:09,2026-10-02T11:30:14,Chaos Core,737000,97284000,132,,765664
7729,2026-10-02T17:28:25,2026-10-02T11:30:14,Chaos Core,737000,131923000,179,,765664
7730,2026-10-02T17:33:54,2026-10-02T11:30:14,Chaos Core,730190,730190,1,,
7731,2026-10-02T17:34:46,2026-10-02T11:30:14,Chaos Core,730190,94194510,129,,765644
7732,2026-10-02T17:35:10,2026-10-02T11:30:14,Chaos Core,730866,16809918,23,,765644
7733,2026-10-02T17:35:22,2026-10-02T11:30:14,Chaos Core,730190,730190,1,,765644
7734,2026-10-02T17:38:50,2026-10-02T11:30:14,Chaos Core,736000,736000,1,,
7735,2026-10-02T17:40:16,2026-10-02T11:30:14,Chaos Core,737777,737777,1,,
7736,2026-10-02T18:07:06,2026-10-02T11:30:14,Chaos Core,722438,722438,1,,
7737,2026-10-02T18:08:45,2026-10-02T11:30:14,Chaos Core,722438,722438,1,,
7738,2026-10-02T18:12:14,2026-10-02T11:30:14,Chaos Core,722438,2167314,3,,765562
7739,2026-10-02T18:12:35,2026-10-02T11:30:14,Chaos Core,740000,36260000,49,,765562
7740,2026-10-02T18:12:56,2026-10-02T11:30:14,Chaos Core,740000,54760000,74,,765562
7741,2026-10-02T18:13:18,2026-10-02T11:30:14,Chaos Core,747000,54531000,73,,765562
7742,2026-10-02T18:14:29,2026-10-02T11:30:14,Chaos Core,741609,1483218,2,,765562
7743,2026-10-02T18:15:54,2026-10-02T11:30:14,Chaos Core,728157,728157,1,,
7744,2026-10-02T18:19:04,2026-10-02T11:30:14,Chaos Core,727476,727476,1,,
7745,2026-10-02T18:20:34,2026-10-02T11:30:14,Chaos Core,727476,727476,1,,
7746,2026-10-02T18:22:53,2026-10-02T11:30:14,Chaos Core,727476,727476,1,,
7747,2026-10-02T18:27:49,2026-10-02T11:30:14,Chaos Core,727476,727476,1,,
7748,2026-10-02T18:30:19,2026-10-02T11:30:14,Chaos Core,727476,727476,1,,
7749,2026-10-02T18:36:25,2026-10-02T11:30:14,Chaos Core,741609,741609,1,,
7750,2026-10-02T18:38:51,2026-10-02T11:30:14,Upgrade Core Set (Ultimate) X 13,475434,6180642,13,,643710
7751,2026-10-02T18:38:56,2026-10-02T11:30:14,Upgrade Core Set (Ultimate) X 69,475434,32804946,69,,643710
7752,2026-10-02T18:39:04,2026-10-02T11:30:14,Upgrade Core Set (Ultimate) X 5,475474,47547400,100,,643710
7753,2026-10-02T18:40:14,2026-10-02T11:30:14,Yekaterina VIP Membership,112500000,112500000,1,,
7754,2026-10-02T18:42:35,2026-10-02T11:30:14,Chaos Core,728157,728157,1,,
7755,2026-10-02T18:44:08,2026-10-02T11:30:14,Chaos Core,747000,747000,1,,
7756,2026-10-02T18:46:13,2026-10-02T11:30:14,Chaos Core,747000,747000,1,,
7757,2026-10-02T18:47:22,2026-10-02T11:30:14,Chaos Core,747000,747000,1,,
7758,2026-10-02T18:49:09,2026-10-02T11:30:14,Chaos Core,747000,747000,1,,
7759,2026-10-02T18:51:11,2026-10-02T11:30:14,Chaos Core,744557,744557,1,,
7760,2026-10-02T18:56:04,2026-10-02T11:30:14,Chaos Core,743862,743862,1,,
7761,2026-10-02T18:56:35,2026-10-02T11:30:14,Chaos Core,743862,743862,1,,
7762,2026-10-02T18:58:36,2026-10-02T11:30:14,Chaos Core,742732,742732,1,,
7763,2026-10-02T19:00:11,2026-10-02T11:30:14,Chaos Core,742732,742732,1,,
7764,2026-10-02T19:01:34,2026-10-02T11:30:14,Chaos Core,742732,742732,1,,
7765,2026-10-02T19:02:33,2026-10-02T11:30:14,Chaos Core,741105,741105,1,,
7766,2026-10-02T19:05:54,2026-10-02T11:30:14,Yekaterina VIP Membership,112500000,112500000,1,,
7767,2026-10-02T19:08:43,2026-10-02T11:30:14,Chaos Core,728157,141262458,194,,765484
7768,2026-10-02T19:08:51,2026-10-02T11:30:14,Chaos Core,738630,738630,1,,765484
7769,2026-10-02T19:09:58,2026-10-02T11:30:14,Chaos Core,735555,53695515,73,,765483
7770,2026-10-02T19:10:13,2026-10-02T11:30:14,Chaos Core,738630,64260810,87,,765483
7771,2026-10-02T19:10:29,2026-10-02T11:30:14,Chaos Core,739219,1478438,2,,765483
7772,2026-10-02T19:27:04,2026-10-02T11:30:14,Chaos Core,721043,29562763,41,,765446
7773,2026-10-02T19:27:16,2026-10-02T11:30:14,Chaos Core,721043,82198902,114,,765446
7774,2026-10-02T19:27:32,2026-10-02T11:30:14,Chaos Core,723453,723453,1,,765446
7775,2026-10-02T19:29:00,2026-10-02T11:30:14,Chaos Core,721043,721043,1,,765442
7776,2026-10-02T19:29:18,2026-10-02T11:30:14,Chaos Core,724091,44893642,62,,765442
7777,2026-10-02T19:29:56,2026-10-02T11:30:14,Chaos Core,739219,184065531,249,,765442
7778,2026-10-02T19:45:57,2026-10-02T19:36:45,Chaos Core,715305,31473420,44,,765406
7779,2026-10-02T19:46:05,2026-10-02T19:36:45,Chaos Core,714647,163654163,229,,765406
7780,2026-10-02T19:56:11,2026-10-02T19:36:45,Chaos Core,728157,728157,1,,
7781,2026-10-02T19:58:38,2026-10-02T19:36:45,Chaos Core,727526,727526,1,,
7782,2026-10-02T20:00:35,2026-10-02T19:36:45,Chaos Core,728157,728157,1,,
7783,2026-10-02T20:01:34,2026-10-02T19:36:45,Chaos Core,728157,728157,1,,
7784,2026-10-02T20:04:49,2026-10-02T19:36:45,Force Core Set (Ultimate) X 5,328359,42686670,130,,348373
7785,2026-10-02T20:04:54,2026-10-02T19:36:45,Force Core Set (Ultimate) X 9,328359,2955231,9,,348373
7786,2026-10-02T20:04:59,2026-10-02T19:36:45,Force Core Set (Ultimate) X 10,328359,3283590,10,,348373
7787,2026-10-02T20:05:05,2026-10-02T19:36:45,Force Core Set (Ultimate) X 10,328359,13134360,40,,348373
7788,2026-10-02T20:07:17,2026-10-02T19:36:45,Chaos Core,727567,727567,1,,
7789,2026-10-02T20:08:52,2026-10-02T19:36:45,Chaos Core,727567,727567,1,,
7790,2026-10-02T20:10:17,2026-10-02T19:36:45,Chaos Core,727567,727567,1,,
7791,2026-10-02T20:14:51,2026-10-02T19:36:45,Yekaterina VIP Membership,110999999,110999999,1,,
7792,2026-10-02T20:24:13,2026-10-02T19:36:45,Chaos Core,728157,728157,1,,
7793,2026-10-02T20:25:37,2026-10-02T19:36:45,Chaos Core,728157,728157,1,,
7794,2026-10-02T20:26:28,2026-10-02T19:36:45,Chaos Core,728157,728157,1,,
7795,2026-10-02T20:31:53,2026-10-02T19:36:45,Yekaterina VIP Membership,110999999,110999999,1,,
7796,2026-10-02T20:32:58,2026-10-02T19:36:45,Chaos Core,726000,726000,1,,
7797,2026-10-02T20:34:43,2026-10-02T19:36:45,Chaos Core,726000,726000,1,,
7798,2026-10-02T20:36:08,2026-10-02T19:36:45,Chaos Core,728157,728157,1,,
7799,2026-10-02T20:37:01,2026-10-02T19:36:45,Chaos Core,728157,728157,1,,
7800,2026-10-02T20:48:11,2026-10-02T19:36:45,Chaos Core,721348,721348,1,,
7801,2026-10-02T20:50:41,2026-10-02T19:36:45,Chaos Core,720622,720622,1,,
7802,2026-10-02T20:52:30,2026-10-02T19:36:45,Chaos Core,720074,720074,1,,
7803,2026-10-02T20:53:13,2026-10-02T19:36:45,Chaos Core,720074,720074,1,,
7804,2026-10-02T20:53:58,2026-10-02T19:36:45,Chaos Core,721348,721348,1,,744928
7805,2026-10-02T21:00:39,2026-10-02T19:36:45,Epic Booster (Highest),46249999,184999996,4,,
7806,2026-10-02T21:01:51,2026-10-02T19:36:45,Chaos Core,742000,742000,1,,
7807,2026-10-02T21:03:33,2026-10-02T19:36:45,Chaos Core,742732,742732,1,,
7808,2026-10-02T21:05:00,2026-10-02T19:36:45,Chaos Core,742732,742732,1,,
7809,2026-10-02T21:05:44,2026-10-02T19:36:45,Chaos Core,742188,742188,1,,
7810,2026-10-02T21:08:29,2026-10-02T19:36:45,Chaos Core,742188,742188,1,,
7811,2026-10-02T21:10:37,2026-10-02T19:36:45,Chaos Core,742188,742188,1,,
7812,2026-10-02T21:12:13,2026-10-02T19:36:45,Chaos Core,742188,742188,1,,
7813,2026-10-02T21:13:38,2026-10-02T19:36:45,Chaos Core,742188,742188,1,,
7814,2026-10-02T21:14:30,2026-10-02T19:36:45,Chaos Core,742188,742188,1,,
7815,2026-10-02T21:17:07,2026-10-02T19:36:45,Chaos Core,742188,742188,1,,
7816,2026-10-02T21:19:26,2026-10-02T19:36:45,Chaos Core,739785,739785,1,,
7817,2026-10-02T21:34:25,2026-10-02T21:23:04,Chaos Core,737999,737999,1,,
7818,2026-10-02T21:37:20,2026-10-02T21:23:04,Chaos Core,737437,737437,1,,
7819,2026-10-02T21:38:51,2026-10-02T21:23:04,Chaos Core,735000,735000,1,,
7820,2026-10-02T21:39:34,2026-10-02T21:23:04,Chaos Core,734380,734380,1,,
7821,2026-10-02T21:46:45,2026-10-02T21:23:04,Chaos Core,733070,733070,1,,
7822,2026-10-02T21:49:17,2026-10-02T21:23:04,Chaos Core,732000,732000,1,,
7823,2026-10-02T21:49:53,2026-10-02T21:23:04,Chaos Core,732000,732000,1,,
7824,2026-10-02T21:51:59,2026-10-02T21:23:04,Chaos Core,732000,732000,1,,
7825,2026-10-02T21:53:35,2026-10-02T21:23:04,Chaos Core,730000,730000,1,,
7826,2026-10-02T22:02:11,2026-10-02T21:23:04,Chaos Core,726770,726770,1,,
7827,2026-10-02T22:04:43,2026-10-02T21:23:04,Chaos Core,725000,725000,1,,
7828,2026-10-02T22:05:16,2026-10-02T21:23:04,Chaos Core,725000,725000,1,,
7829,2026-10-02T22:08:25,2026-10-02T21:23:04,Chaos Core,723949,723949,1,,
7830,2026-10-02T22:11:24,2026-10-02T21:23:04,Chaos Core,723387,723387,1,,
7831,2026-10-02T22:14:03,2026-10-02T21:23:04,Chaos Core,722697,722697,1,,
7832,2026-10-02T22:14:35,2026-10-02T21:23:04,Chaos Core,722697,722697,1,,
7833,2026-10-02T22:17:03,2026-10-02T21:23:04,Chaos Core,722697,722697,1,,
7834,2026-10-02T22:22:59,2026-10-02T21:23:04,Chaos Core,721022,33888034,47,,744567
7835,2026-10-02T22:23:16,2026-10-02T21:23:04,Chaos Core,722697,135144339,187,,744567
7836,2026-10-02T22:24:21,2026-10-02T21:23:04,Upgrade Core Set (Ultimate) X 45,475474,21396330,45,,643458
7837,2026-10-02T22:24:26,2026-10-02T21:23:04,Upgrade Core Set (Ultimate) X 80,475474,38037920,80,,643458
7838,2026-10-02T22:24:31,2026-10-02T21:23:04,Upgrade Core Set (Ultimate) X 84,475474,39939816,84,,643458
7839,2026-10-02T22:26:26,2026-10-02T21:23:04,Chaos Core,722697,30353274,42,,744555
7840,2026-10-02T22:27:26,2026-10-02T21:23:04,Chaos Core,718962,152419944,212,,744555
7841,2026-10-02T22:28:36,2026-10-02T21:23:04,Chaos Core,723949,723949,1,,744555
7842,2026-10-02T22:30:25,2026-10-02T21:23:04,Chaos Core,726214,726214,1,,
7843,2026-10-02T22:34:12,2026-10-02T21:23:04,Chaos Core,726214,726214,1,,
7844,2026-10-02T22:36:45,2026-10-02T21:23:04,Chaos Core,725609,725609,1,,
7845,2026-10-02T22:37:17,2026-10-02T21:23:04,Chaos Core,725609,725609,1,,
7846,2026-10-02T22:40:06,2026-10-02T21:23:04,Chaos Core,725609,725609,1,,
7847,2026-10-02T22:42:33,2026-10-02T21:23:04,Chaos Core,725609,725609,1,,
7848,2026-10-02T22:45:13,2026-10-02T21:23:04,Chaos Core,725600,725600,1,,
7849,2026-10-02T22:45:44,2026-10-02T21:23:04,Chaos Core,725600,725600,1,,
7850,2026-10-03T00:47:01,2026-10-03T00:40:52,Chaos Core,728157,728157,1,,
7851,2026-10-03T00:47:39,2026-10-03T00:40:52,Yekaterina VIP Membership,112666666,112666666,1,,
7852,2026-10-03T00:48:29,2026-10-03T00:40:52,Chaos Core,728157,5097099,7,,743981
7853,2026-10-03T00:48:58,2026-10-03T00:40:52,Chaos Core,728771,8745252,12,,743981
7854,2026-10-03T00:49:17,2026-10-03T00:40:52,Chaos Core,728771,728771,1,,743981
7855,2026-10-03T00:49:39,2026-10-03T00:40:52,Chaos Core,728771,119518444,164,,743981
7856,2026-10-03T00:49:58,2026-10-03T00:40:52,Chaos Core,728771,1457542,2,,743981
7857,2026-10-03T00:50:59,2026-10-03T00:40:52,Force Core Set (Highest) X 107,140000,14980000,107,,180000
7858,2026-10-03T00:51:04,2026-10-03T00:40:52,Force Core Set (Highest) X 219,140000,30660000,219,,180000
7859,2026-10-03T00:52:36,2026-10-03T00:40:52,Siena's Unbinding Stone,75111111,75111111,1,,
7860,2026-10-03T00:53:48,2026-10-03T00:40:52,Chaos Core,728771,728771,1,,
7861,2026-10-03T00:58:38,2026-10-03T00:40:52,Chaos Core,728111,728111,1,,
7862,2026-10-03T01:05:22,2026-10-03T00:40:52,Chaos Core,728000,728000,1,,
7863,2026-10-03T01:05:51,2026-10-03T00:40:52,Chaos Core,728000,728000,1,,
7864,2026-10-03T01:08:50,2026-10-03T00:40:52,Chaos Core,728000,728000,1,,
7865,2026-10-03T01:15:20,2026-10-03T00:40:52,Chaos Core,728157,728157,1,,
7866,2026-10-03T01:15:59,2026-10-03T00:40:52,Chaos Core,728157,728157,1,,
7867,2026-10-03T01:16:30,2026-10-03T00:40:52,Chaos Core,728157,728157,1,,
7868,2026-10-03T01:18:36,2026-10-03T00:40:52,Chaos Core,726312,726312,1,,
7869,2026-10-03T01:23:42,2026-10-03T00:40:52,Chaos Core,728771,728771,1,,
7870,2026-10-03T01:24:13,2026-10-03T00:40:52,Chaos Core,728152,728152,1,,
7871,2026-10-03T01:24:53,2026-10-03T00:40:52,Chaos Core,728152,728152,1,,
7872,2026-10-03T01:27:03,2026-10-03T00:40:52,Chaos Core,728152,728152,1,,
7873,2026-10-03T01:32:12,2026-10-03T00:40:52,Chaos Core,728152,728152,1,,
7874,2026-10-03T01:32:45,2026-10-03T00:40:52,Chaos Core,728152,728152,1,,
7875,2026-10-03T01:33:27,2026-10-03T00:40:52,Chaos Core,728152,728152,1,,
7876,2026-10-03T01:35:42,2026-10-03T00:40:52,Chaos Core,728000,728000,1,,
7877,2026-10-03T01:45:25,2026-10-03T00:40:52,Yekaterina VIP Membership,112666666,112666666,1,,
7878,2026-10-03T01:56:36,2026-10-03T00:40:52,Chaos Core,722329,722329,1,,
7879,2026-10-03T01:57:09,2026-10-03T00:40:52,Chaos Core,722329,722329,1,,
7880,2026-10-03T01:57:46,2026-10-03T00:40:52,Chaos Core,721178,721178,1,,
7881,2026-10-03T02:07:02,2026-10-03T00:40:52,Chaos Core,718840,718840,1,,
7882,2026-10-03T02:11:58,2026-10-03T00:40:52,Chaos Core,718799,718799,1,,
7883,2026-10-03T02:12:30,2026-10-03T00:40:52,Chaos Core,718177,718177,1,,
7884,2026-10-03T02:13:09,2026-10-03T00:40:52,Chaos Core,718177,718177,1,,
7885,2026-10-03T02:14:12,2026-10-03T00:40:52,Force Core Set (High) X 2,159159,318318,2,,165000
7886,2026-10-03T02:14:17,2026-10-03T00:40:52,Force Core Set (High) X 46,159159,7321314,46,,165000
7887,2026-10-03T02:14:23,2026-10-03T00:40:52,Force Core Set (High) X 117,159159,18621603,117,,165000
7888,2026-10-03T02:15:05,2026-10-03T00:40:52,Force Core Set (High) X 22,159159,3501498,22,,165000
7889,2026-10-03T02:15:15,2026-10-03T00:40:52,Force Core Set (High) X 10,160000,11200000,70,,165000
7890,2026-10-03T02:16:59,2026-10-03T00:40:52,Chaos Core,715000,715000,1,,
7891,2026-10-03T02:21:40,2026-10-03T00:40:52,Chaos Core,719352,719352,1,,
7892,2026-10-03T02:22:12,2026-10-03T00:40:52,Chaos Core,719352,719352,1,,
7893,2026-10-03T02:22:44,2026-10-03T00:40:52,Chaos Core,719352,719352,1,,
7894,2026-10-03T02:25:22,2026-10-03T00:40:52,Chaos Core,719351,719351,1,,
7895,2026-10-03T02:30:16,2026-10-03T00:40:52,Chaos Core,718759,718759,1,,
7896,2026-10-03T02:30:49,2026-10-03T00:40:52,Chaos Core,718759,718759,1,,
7897,2026-10-03T02:31:21,2026-10-03T00:40:52,Chaos Core,717610,717610,1,,
7898,2026-10-03T02:32:51,2026-10-03T00:40:52,Force Core Set (High) X 47,159159,7480473,47,,165000
7899,2026-10-03T02:32:56,2026-10-03T00:40:52,Force Core Set (High) X 51,159159,8117109,51,,165000
7900,2026-10-03T02:35:27,2026-10-03T00:40:52,Chaos Core,705000,100110000,142,,733493
7901,2026-10-03T02:35:36,2026-10-03T00:40:52,Chaos Core,705000,1410000,2,,733493
7902,2026-10-03T02:40:08,2026-10-03T00:40:52,Chaos Core,717154,717154,1,,
7903,2026-10-03T02:40:41,2026-10-03T00:40:52,Chaos Core,717154,717154,1,,
7904,2026-10-03T02:44:14,2026-10-03T00:40:52,Chaos Core,717674,45213462,63,,733505
7905,2026-10-03T02:48:49,2026-10-03T00:40:52,Chaos Core,721000,14420000,20,,733493
7906,2026-10-03T02:49:10,2026-10-03T00:40:52,Chaos Core,721000,82915000,115,,733493
7907,2026-10-03T02:49:51,2026-10-03T00:40:52,Chaos Core,721178,101686098,141,,733493
7908,2026-10-03T02:52:32,2026-10-03T00:40:52,Chaos Core,721178,98801386,137,,733486
7909,2026-10-03T02:52:38,2026-10-03T00:40:52,Chaos Core,721178,24520052,34,,733486
7910,2026-10-03T02:54:11,2026-10-03T00:40:52,Chaos Core,721178,119715548,166,,733480
7911,2026-10-03T02:54:22,2026-10-03T00:40:52,Chaos Core,721178,1442356,2,,733480
7912,2026-10-03T02:55:46,2026-10-03T00:40:52,Chaos Core,721178,179573322,249,,733475
7913,2026-10-03T02:57:01,2026-10-03T00:40:52,Chaos Core,719999,65519909,91,,733466
7914,2026-10-03T02:57:11,2026-10-03T00:40:52,Chaos Core,719999,110159847,153,,733466
7915,2026-10-03T02:57:21,2026-10-03T00:40:52,Chaos Core,721178,1442356,2,,733466
7916,2026-10-03T02:59:19,2026-10-03T00:40:52,Chaos Core,721178,136302642,189,,733460
7917,2026-10-03T03:00:44,2026-10-03T00:40:52,Chaos Core,722329,722329,1,,
7918,2026-10-03T03:01:22,2026-10-03T00:40:52,Chaos Core,722329,722329,1,,
7919,2026-10-03T03:02:01,2026-10-03T00:40:52,Chaos Core,722329,722329,1,,
7920,2026-10-03T03:02:32,2026-10-03T00:40:52,Chaos Core,717999,91185873,127,,733451
7921,2026-10-03T03:02:43,2026-10-03T00:40:52,Chaos Core,717999,141445803,197,,733451
7922,2026-10-03T03:04:17,2026-10-03T00:40:52,Chaos Core,722968,5783744,8,,733448
7923,2026-10-03T03:04:24,2026-10-03T00:40:52,Chaos Core,722968,58560408,81,,733448
7924,2026-10-03T03:04:45,2026-10-03T00:40:52,Chaos Core,725000,88450000,122,,733448
7925,2026-10-03T03:04:56,2026-10-03T00:40:52,Chaos Core,725000,1450000,2,,733448
7926,2026-10-03T03:08:20,2026-10-03T00:40:52,Chaos Core,728157,728157,1,,
7927,2026-10-03T03:12:46,2026-10-03T00:40:52,Chaos Core,727484,727484,1,,
7928,2026-10-03T03:13:19,2026-10-03T00:40:52,Chaos Core,727484,727484,1,,
7929,2026-10-03T03:13:54,2026-10-03T00:40:52,Chaos Core,727484,727484,1,,
7930,2026-10-03T03:15:56,2026-10-03T00:40:52,Force Core Set (Ultimate) X 1,328359,1313436,4,,348170
7931,2026-10-03T03:17:27,2026-10-03T00:40:52,Chaos Core,725636,725636,1,,
7932,2026-10-03T03:39:12,2026-10-03T00:40:52,Chaos Core,721038,721038,1,,
7933,2026-10-03T03:39:44,2026-10-03T00:40:52,Chaos Core,721038,721038,1,,
7934,2026-10-03T03:40:18,2026-10-03T00:40:52,Chaos Core,721038,721038,1,,
7935,2026-10-03T03:43:17,2026-10-03T00:40:52,Chaos Core,719267,719267,1,,
7936,2026-10-03T03:48:39,2026-10-03T00:40:52,Chaos Core,718666,718666,1,,
7937,2026-10-03T03:49:16,2026-10-03T00:40:52,Chaos Core,718666,718666,1,,
7938,2026-10-03T03:49:49,2026-10-03T00:40:52,Chaos Core,718666,718666,1,,
7939,2026-10-03T03:57:50,2026-10-03T00:40:52,Chaos Core,715000,715000,1,,
7940,2026-10-03T03:58:28,2026-10-03T00:40:52,Chaos Core,715000,715000,1,,
7941,2026-10-03T03:58:59,2026-10-03T00:40:52,Chaos Core,713838,713838,1,,
7942,2026-10-03T04:01:30,2026-10-03T00:40:52,Chaos Core,713277,69187869,97,,719882
7943,2026-10-03T04:01:57,2026-10-03T00:40:52,Chaos Core,715000,1430000,2,,719882
7944,2026-10-03T04:03:50,2026-10-03T00:40:52,Chaos Core,713277,713277,1,,
7945,2026-10-03T04:04:25,2026-10-03T00:40:52,Chaos Core,713277,59915268,84,,719879
7946,2026-10-03T04:12:50,2026-10-03T00:40:52,Chaos Core,710987,28439480,40,,719869
7947,2026-10-03T04:13:10,2026-10-03T00:40:52,Chaos Core,713277,713277,1,,719869
7948,2026-10-03T04:13:44,2026-10-03T00:40:52,Chaos Core,715000,715000,1,,719869
7949,2026-10-03T04:17:38,2026-10-03T00:40:52,Chaos Core,710375,710375,1,,
7950,2026-10-03T04:20:00,2026-10-03T00:40:52,Chaos Core,708595,7085950,10,,719858
7951,2026-10-03T04:20:20,2026-10-03T00:40:52,Chaos Core,713277,713277,1,,719858
7952,2026-10-03T04:20:39,2026-10-03T00:40:52,Chaos Core,713277,713277,1,,719858
7953,2026-10-03T04:22:22,2026-10-03T00:40:52,Chaos Core,715000,4290000,6,,719858
7954,2026-10-03T04:23:52,2026-10-03T00:40:52,Force Core Set (High) X 44,159159,7002996,44,,164999
7955,2026-10-03T04:23:57,2026-10-03T00:40:52,Force Core Set (High) X 113,159159,17984967,113,,164999
7956,2026-10-03T04:27:06,2026-10-03T00:40:52,Chaos Core,721038,721038,1,,
7957,2026-10-03T04:30:08,2026-10-03T00:40:52,Chaos Core,720459,720459,1,,
7958,2026-10-03T04:30:40,2026-10-03T00:40:52,Chaos Core,720459,720459,1,,
7959,2026-10-03T04:31:14,2026-10-03T00:40:52,Chaos Core,720459,720459,1,,
7960,2026-10-03T04:39:57,2026-10-03T00:40:52,Chaos Core,713193,9984702,14,,719807
7961,2026-10-03T04:40:05,2026-10-03T00:40:52,Chaos Core,713193,164034390,230,,719807
7962,2026-10-03T04:40:10,2026-10-03T00:40:52,Chaos Core,713193,1426386,2,,719807
7963,2026-10-03T04:53:20,2026-10-03T00:40:52,Chaos Core,710116,19883248,28,,719783
7964,2026-10-03T04:53:33,2026-10-03T00:40:52,Chaos Core,710116,37636148,53,,719783
7965,2026-10-03T04:53:49,2026-10-03T00:40:52,Chaos Core,710116,80953224,114,,719783
7966,2026-10-03T04:57:48,2026-10-03T00:40:52,Force Core Set (High) X 1,149666,149666,1,,165000
7967,2026-10-03T04:57:52,2026-10-03T00:40:52,Force Core Set (High) X 6,149666,898000,6,,165000
7968,2026-10-03T04:57:58,2026-10-03T00:40:52,Force Core Set (High) X 10,149666,1496660,10,,165000
7969,2026-10-03T04:58:03,2026-10-03T00:40:52,Force Core Set (High) X 26,149666,3891316,26,,165000
7970,2026-10-03T04:58:07,2026-10-03T00:40:52,Force Core Set (High) X 93,149666,13918938,93,,165000
7971,2026-10-03T04:59:32,2026-10-03T00:40:52,Chaos Core,715000,715000,1,,
7972,2026-10-03T05:02:15,2026-10-03T00:40:52,Chaos Core,714330,714330,1,,
7973,2026-10-03T05:02:55,2026-10-03T00:40:52,Chaos Core,728157,728157,1,,
7974,2026-10-03T05:03:32,2026-10-03T00:40:52,Chaos Core,728157,728157,1,,
7975,2026-10-03T05:06:44,2026-10-03T00:40:52,Force Core Set (Highest) X 11,188887,2077757,11,,198830
7976,2026-10-03T05:06:49,2026-10-03T00:40:52,Force Core Set (Highest) X 30,188887,5666610,30,,198830
7977,2026-10-03T05:06:53,2026-10-03T00:40:52,Force Core Set (Highest) X 31,188887,5855497,31,,198830
7978,2026-10-03T05:06:58,2026-10-03T00:40:52,Force Core Set (Highest) X 33,188887,6233271,33,,198830
7979,2026-10-03T05:07:03,2026-10-03T00:40:52,Force Core Set (Highest) X 35,188887,6611045,35,,198830
7980,2026-10-03T05:07:43,2026-10-03T00:40:52,Force Core Set (Highest) X 6,188883,1133300,6,,194999
7981,2026-10-03T05:07:48,2026-10-03T00:40:52,Force Core Set (Highest) X 20,188887,3777740,20,,194999
7982,2026-10-03T05:07:53,2026-10-03T00:40:52,Force Core Set (Highest) X 39,188887,7366593,39,,194999
7983,2026-10-03T05:07:57,2026-10-03T00:40:52,Force Core Set (Highest) X 48,188887,9066576,48,,194999
7984,2026-10-03T05:08:02,2026-10-03T00:40:52,Force Core Set (Highest) X 59,188887,11144333,59,,194999
7985,2026-10-03T05:09:27,2026-10-03T00:40:52,Chaos Core,725000,725000,1,,
7986,2026-10-03T05:12:09,2026-10-03T00:40:52,Chaos Core,724436,724436,1,,
7987,2026-10-03T05:12:42,2026-10-03T00:40:52,Chaos Core,724436,724436,1,,
7988,2026-10-03T05:16:25,2026-10-03T00:40:52,Force Core Set (Highest) X 18,188886,3399965,18,,194989
7989,2026-10-03T05:16:30,2026-10-03T00:40:52,Force Core Set (Highest) X 3,188887,566661,3,,194989
7990,2026-10-03T05:16:35,2026-10-03T00:40:52,Force Core Set (Highest) X 22,188887,4155514,22,,194989
7991,2026-10-03T05:16:40,2026-10-03T00:40:52,Force Core Set (Highest) X 67,188887,12655429,67,,194989
7992,2026-10-03T05:16:45,2026-10-03T00:40:52,Force Core Set (Highest) X 70,188887,13222090,70,,194989
7993,2026-10-03T05:20:32,2026-10-03T00:40:52,Chaos Core,722717,722717,1,,
7994,2026-10-03T05:21:04,2026-10-03T00:40:52,Chaos Core,722717,722717,1,,
7995,2026-10-03T05:21:43,2026-10-03T00:40:52,Chaos Core,722717,722717,1,,
7996,2026-10-03T05:28:46,2026-10-03T00:40:52,Chaos Core,722717,722717,1,,
7997,2026-10-03T05:29:19,2026-10-03T00:40:52,Chaos Core,722717,722717,1,,
7998,2026-10-03T05:30:00,2026-10-03T00:40:52,Chaos Core,722717,722717,1,,
7999,2026-10-03T05:33:47,2026-10-03T00:40:52,Chaos Core,721489,721489,1,,
8000,2026-10-03T05:39:28,2026-10-03T00:40:52,Upgrade Core Set (Ultimate) X 22,446425,9821350,22,,473769
8001,2026-10-03T05:39:33,2026-10-03T00:40:52,Upgrade Core Set (Ultimate) X 53,446425,23660525,53,,473769
8002,2026-10-03T05:50:01,2026-10-03T00:40:52,Chaos Core,723273,723273,1,,
8003,2026-10-03T05:50:34,2026-10-03T00:40:52,Chaos Core,725000,725000,1,,
8004,2026-10-03T05:51:14,2026-10-03T00:40:52,Chaos Core,725000,725000,1,,
8005,2026-10-03T05:54:43,2026-10-03T00:40:52,Chaos Core,721427,721427,1,,
8006,2026-10-03T06:00:15,2026-10-03T00:40:52,Upgrade Core Set (Ultimate) X 296,446425,132141800,296,,473741
8007,2026-10-03T06:02:07,2026-10-03T00:40:52,Chaos Core,725000,725000,1,,
8008,2026-10-03T06:04:30,2026-10-03T00:40:52,Chaos Core,725000,725000,1,,
8009,2026-10-03T06:05:02,2026-10-03T00:40:52,Chaos Core,725000,725000,1,,
8010,2026-10-03T06:05:44,2026-10-03T00:40:52,Chaos Core,725000,725000,1,,
8011,2026-10-03T06:07:10,2026-10-03T00:40:52,Force Core Set (Highest) X 28,131578,3684184,28,,170000
8012,2026-10-03T06:07:15,2026-10-03T00:40:52,Force Core Set (Highest) X 76,131578,10000000,76,,170000
8013,2026-10-03T06:07:58,2026-10-03T00:40:52,Force Core Set (Ultimate) X 1,324626,6492520,20,,348086
8014,2026-10-03T06:08:03,2026-10-03T00:40:52,Force Core Set (Ultimate) X 63,324626,20451438,63,,348086
8015,2026-10-03T06:08:08,2026-10-03T00:40:52,Force Core Set (Ultimate) X 268,324626,87000000,268,,348086
8016,2026-10-03T06:13:18,2026-10-03T00:40:52,Chaos Core,727644,727644,1,,
8017,2026-10-03T06:15:22,2026-10-03T00:40:52,Chaos Core,727644,727644,1,,
8018,2026-10-03T06:16:02,2026-10-03T00:40:52,Chaos Core,727644,727644,1,,
8019,2026-10-03T06:16:36,2026-10-03T00:40:52,Chaos Core,727644,727644,1,,
8020,2026-10-03T06:21:35,2026-10-03T00:40:52,Epic Booster (Highest),46944444,187777776,4,,
8021,2026-10-03T06:22:23,2026-10-03T00:40:52,Chaos Core,725905,725905,1,,
8022,2026-10-03T06:39:16,2026-10-03T00:40:52,Force Core Set (Highest) X 66,190609,12580194,66,,198828
8023,2026-10-03T06:39:21,2026-10-03T00:40:52,Force Core Set (Highest) X 1,190611,190611,1,,198828
8024,2026-10-03T06:39:26,2026-10-03T00:40:52,Force Core Set (Highest) X 82,190611,15630102,82,,198828
8025,2026-10-03T06:39:31,2026-10-03T00:40:52,Force Core Set (Highest) X 85,190612,16202020,85,,198828
8026,2026-10-03T06:40:12,2026-10-03T00:40:52,Force Core Set (Highest) X 50,190613,9530650,50,,198823
8027,2026-10-03T06:40:16,2026-10-03T00:40:52,Force Core Set (Highest) X 7,192358,1346506,7,,198823
8028,2026-10-03T06:40:21,2026-10-03T00:40:52,Force Core Set (Highest) X 13,192358,2500654,13,,198823
8029,2026-10-03T06:40:26,2026-10-03T00:40:52,Force Core Set (Highest) X 56,192358,10772048,56,,198823
8030,2026-10-03T06:40:31,2026-10-03T00:40:52,Force Core Set (Highest) X 70,192358,13465060,70,,198823
8031,2026-10-03T06:41:12,2026-10-03T00:40:52,Force Core Set (Highest) X 100,192358,19235800,100,,198823
8032,2026-10-03T06:41:16,2026-10-03T00:40:52,Force Core Set (Highest) X 129,192358,24814182,129,,198823
8033,2026-10-03T06:48:54,2026-10-03T00:40:52,Chaos Core,716326,716326,1,,
8034,2026-10-03T06:56:54,2026-10-03T00:40:52,Force Core Set (High) X 63,158730,10000000,63,,165000
8035,2026-10-03T06:56:59,2026-10-03T00:40:52,Force Core Set (High) X 1,159158,6525478,41,,165000
8036,2026-10-03T06:57:05,2026-10-03T00:40:52,Force Core Set (High) X 1,159158,10186112,64,,165000
8037,2026-10-03T06:57:10,2026-10-03T00:40:52,Force Core Set (High) X 4,159158,636632,4,,165000
8038,2026-10-03T06:57:14,2026-10-03T00:40:52,Force Core Set (High) X 10,159158,1591580,10,,165000
8039,2026-10-03T06:58:52,2026-10-03T00:40:52,Chaos Core,713928,14278560,20,,719810
8040,2026-10-03T06:59:35,2026-10-03T00:40:52,Chaos Core,715826,715826,1,,719810
8041,2026-10-03T07:07:45,2026-10-03T00:40:52,Chaos Core,715826,715826,1,,
8042,2026-10-03T07:09:48,2026-10-03T00:40:52,Chaos Core,715125,715125,1,,
8043,2026-10-03T07:10:33,2026-10-03T00:40:52,Chaos Core,715125,715125,1,,
8044,2026-10-03T07:11:08,2026-10-03T00:40:52,Chaos Core,715125,715125,1,,
8045,2026-10-03T07:12:56,2026-10-03T00:40:52,Chaos Core,712000,29192000,41,,719802
8046,2026-10-03T07:13:03,2026-10-03T00:40:52,Chaos Core,712000,81168000,114,,719802
8047,2026-10-03T07:13:08,2026-10-03T00:40:52,Chaos Core,712000,712000,1,,719802
8048,2026-10-03T07:14:14,2026-10-03T00:40:52,Chaos Core,712000,61944000,87,,719800
8049,2026-10-03T07:14:27,2026-10-03T00:40:52,Chaos Core,712000,166608000,234,,719800
8050,2026-10-03T07:18:10,2026-10-03T00:40:52,Chaos Core,712000,158064000,222,,719793
8051,2026-10-03T07:19:17,2026-10-03T00:40:52,Force Core Set (High) X 1,159158,3183160,20,,165000
8052,2026-10-03T07:19:22,2026-10-03T00:40:52,Force Core Set (High) X 5,159158,795790,5,,165000
8053,2026-10-03T07:19:27,2026-10-03T00:40:52,Force Core Set (High) X 7,159158,1114106,7,,165000
8054,2026-10-03T07:19:34,2026-10-03T00:40:52,Force Core Set (High) X 10,159158,7957900,50,,165000
8055,2026-10-03T07:19:40,2026-10-03T00:40:52,Force Core Set (High) X 10,159158,3183160,20,,165000
8056,2026-10-03T07:20:20,2026-10-03T00:40:52,Force Core Set (High) X 11,159158,1750738,11,,165000
8057,2026-10-03T07:20:24,2026-10-03T00:40:52,Force Core Set (High) X 13,159158,2069054,13,,165000
8058,2026-10-03T07:20:29,2026-10-03T00:40:52,Force Core Set (High) X 14,159158,2228212,14,,165000
8059,2026-10-03T07:20:34,2026-10-03T00:40:52,Force Core Set (High) X 15,159158,2387370,15,,165000
8060,2026-10-03T07:20:39,2026-10-03T00:40:52,Force Core Set (High) X 16,159158,2546528,16,,165000
8061,2026-10-03T07:24:28,2026-10-03T00:40:52,Chaos Core,715000,715000,1,,
8062,2026-10-03T07:25:35,2026-10-03T00:40:52,Chaos Core,710966,56166314,79,,719788
8063,2026-10-03T07:26:17,2026-10-03T00:40:52,Chaos Core,715000,1430000,2,,719788
8064,2026-10-03T07:30:58,2026-10-03T00:40:52,Upgrade Core Set (Ultimate) X 80,474471,37957680,80,,601997
8065,2026-10-03T07:31:49,2026-10-03T00:40:52,Upgrade Core Set (Ultimate) X 69,475474,32807706,69,,601995
8066,2026-10-03T07:32:35,2026-10-03T00:40:52,Upgrade Core Set (Ultimate) X 72,475474,34234128,72,,601995
8067,2026-10-03T07:36:46,2026-10-03T00:40:52,Epic Booster (Highest),47000000,188000000,4,,
8068,2026-10-03T07:37:35,2026-10-03T00:40:52,Chaos Core,715000,715000,1,,
8069,2026-10-03T07:41:00,2026-10-03T00:40:52,Chaos Core,715000,715000,1,,
8070,2026-10-03T07:41:33,2026-10-03T00:40:52,Chaos Core,715000,715000,1,,
8071,2026-10-03T07:42:07,2026-10-03T00:40:52,Chaos Core,714421,714421,1,,
8072,2026-10-03T07:47:22,2026-10-03T00:40:52,Siena's Unbinding Stone,75111111,75111111,1,,
8073,2026-10-03T07:48:28,2026-10-03T00:40:52,Chaos Core,715125,715125,1,,
8074,2026-10-03T07:50:43,2026-10-03T00:40:52,Chaos Core,714487,714487,1,,
8075,2026-10-03T07:51:33,2026-10-03T00:40:52,Chaos Core,715125,715125,1,,
8076,2026-10-03T07:52:05,2026-10-03T00:40:52,Chaos Core,713802,713802,1,,
8077,2026-10-03T07:53:06,2026-10-03T00:40:52,Chaos Core,713803,176309341,247,,719764
8078,2026-10-03T07:54:21,2026-10-03T00:40:52,Chaos Core,713803,1427606,2,,719764
8079,2026-10-03T07:55:30,2026-10-03T00:40:52,Chaos Core,713803,1427606,2,,719763
8080,2026-10-03T07:55:34,2026-10-03T00:40:52,Chaos Core,713802,713802,1,,719763
8081,2026-10-03T07:55:42,2026-10-03T00:40:52,Chaos Core,713802,154181232,216,,719763
8082,2026-10-03T08:00:48,2026-10-03T00:40:52,Force Core Set (High) X 9,159158,1432422,9,,165000
8083,2026-10-03T08:00:52,2026-10-03T00:40:52,Force Core Set (High) X 68,159158,10822800,68,,165000
8084,2026-10-03T08:00:57,2026-10-03T00:40:52,Force Core Set (High) X 86,159158,13687588,86,,165000
8085,2026-10-03T08:01:02,2026-10-03T00:40:52,Force Core Set (High) X 100,159158,15915800,100,,165000
8086,2026-10-03T08:03:28,2026-10-03T00:40:52,Blessing Bead - Superior,164117777,164117777,1,,
8087,2026-10-03T08:04:05,2026-10-03T00:40:52,Chaos Core,715826,715826,1,,
8088,2026-10-03T08:06:10,2026-10-03T00:40:52,Chaos Core,715826,715826,1,,
8089,2026-10-03T08:06:42,2026-10-03T00:40:52,Chaos Core,714670,714670,1,,
8090,2026-10-03T08:07:15,2026-10-03T00:40:52,Chaos Core,714670,714670,1,,
8091,2026-10-03T08:07:56,2026-10-03T00:40:52,Chaos Core,714026,13566494,19,,719780
8092,2026-10-03T08:08:08,2026-10-03T00:40:52,Chaos Core,714026,177792474,249,,719780
8093,2026-10-03T08:08:23,2026-10-03T00:40:52,Chaos Core,715826,1431652,2,,719780
8094,2026-10-03T08:10:40,2026-10-03T00:40:52,Chaos Core,713336,31386784,44,,719777
8095,2026-10-03T08:11:49,2026-10-03T00:40:52,Chaos Core,715826,715826,1,,719777
8096,2026-10-03T08:16:24,2026-10-03T00:40:52,Chaos Core,715826,715826,1,,
8097,2026-10-03T08:18:17,2026-10-03T00:40:52,Chaos Core,715155,715155,1,,
8098,2026-10-03T08:18:49,2026-10-03T00:40:52,Chaos Core,715155,715155,1,,
8099,2026-10-03T08:19:22,2026-10-03T00:40:52,Chaos Core,714575,177929175,249,,719772
8100,2026-10-03T08:20:32,2026-10-03T00:40:52,Chaos Core,714000,174930000,245,,719772
8101,2026-10-03T08:20:36,2026-10-03T00:40:52,Chaos Core,714000,714000,1,,719772
8102,2026-10-03T08:21:50,2026-10-03T00:40:52,Chaos Core,714000,714000,1,,
8103,2026-10-03T08:27:24,2026-10-03T00:40:52,Chaos Core,713348,2140044,3,,719766
8104,2026-10-03T08:27:36,2026-10-03T00:40:52,Chaos Core,713348,49221012,69,,719766
8105,2026-10-03T08:28:10,2026-10-03T00:40:52,Chaos Core,713348,177623652,249,,719766
8106,2026-10-03T08:30:16,2026-10-03T00:40:52,Chaos Core,713348,713348,1,,
8107,2026-10-03T08:31:59,2026-10-03T00:40:52,Chaos Core,713348,713348,1,,
8108,2026-10-03T08:32:41,2026-10-03T00:40:52,Chaos Core,714000,714000,1,,
8109,2026-10-03T08:33:26,2026-10-03T00:40:52,Chaos Core,715155,715155,1,,
8110,2026-10-03T08:38:37,2026-10-03T00:40:52,Chaos Core,715155,715155,1,,
8111,2026-10-03T08:40:40,2026-10-03T00:40:52,Chaos Core,715155,715155,1,,
8112,2026-10-03T08:41:11,2026-10-03T00:40:52,Chaos Core,713776,713776,1,,
8113,2026-10-03T08:41:43,2026-10-03T00:40:52,Chaos Core,713776,177730224,249,,719742
8114,2026-10-03T08:42:59,2026-10-03T00:40:52,Chaos Core,713776,713776,1,,
8115,2026-10-03T08:43:44,2026-10-03T00:40:52,Chaos Core,712654,31356776,44,,719746
8116,2026-10-03T08:43:53,2026-10-03T00:40:52,Chaos Core,712654,97633598,137,,719746
8117,2026-10-03T08:44:13,2026-10-03T00:40:52,Chaos Core,715155,1430310,2,,719746
8118,2026-10-03T08:49:26,2026-10-03T00:40:52,Chaos Core,715155,715155,1,,
8119,2026-10-03T08:51:08,2026-10-03T00:40:52,Chaos Core,714639,6431751,9,,719745
8120,2026-10-03T08:51:23,2026-10-03T00:40:52,Chaos Core,715155,6436395,9,,719745
8121,2026-10-03T08:52:34,2026-10-03T00:40:52,Chaos Core,715155,715155,1,,
8122,2026-10-03T08:53:10,2026-10-03T00:40:52,Chaos Core,715155,715155,1,,
8123,2026-10-03T08:53:45,2026-10-03T00:40:52,Chaos Core,715155,715155,1,,
8124,2026-10-03T08:54:47,2026-10-03T00:40:52,Chaos Core,712798,163230742,229,,719744
8125,2026-10-03T08:55:01,2026-10-03T00:40:52,Chaos Core,715155,1430310,2,,719744
8126,2026-10-03T08:56:11,2026-10-03T00:40:52,Chaos Core,712798,67003012,94,,719763
8127,2026-10-03T08:56:53,2026-10-03T00:40:52,Chaos Core,712798,1425596,2,,719763
8128,2026-10-03T09:03:00,2026-10-03T00:40:52,Chaos Core,715826,715826,1,,
8129,2026-10-03T09:05:05,2026-10-03T00:40:52,Chaos Core,715155,715155,1,,
8130,2026-10-03T09:05:39,2026-10-03T00:40:52,Chaos Core,710000,710000,1,,
8131,2026-10-03T09:06:09,2026-10-03T00:40:52,Chaos Core,710000,710000,1,,
8132,2026-10-03T09:06:50,2026-10-03T00:40:52,Chaos Core,710000,87330000,123,,719764
8133,2026-10-03T09:06:58,2026-10-03T00:40:52,Chaos Core,710000,140580000,198,,719764
8134,2026-10-03T09:08:16,2026-10-03T00:40:52,Chaos Core,710000,36210000,51,,719763
8135,2026-10-03T09:08:23,2026-10-03T00:40:52,Chaos Core,710000,710000,1,,719763
8136,2026-10-03T09:08:29,2026-10-03T00:40:52,Chaos Core,708888,52457712,74,,719763
8137,2026-10-03T09:08:42,2026-10-03T00:40:52,Chaos Core,710000,138450000,195,,719763
8138,2026-10-03T09:11:49,2026-10-03T00:40:52,Chaos Core,708888,91446552,129,,719764
8139,2026-10-03T09:11:59,2026-10-03T00:40:52,Chaos Core,708888,136106496,192,,719764
8140,2026-10-03T09:15:20,2026-10-03T00:40:52,Upgrade Core Set (Ultimate) X 1,446425,446425,1,,601920
8141,2026-10-03T09:15:25,2026-10-03T00:40:52,Upgrade Core Set (Ultimate) X 76,475474,36136024,76,,601920
8142,2026-10-03T09:15:29,2026-10-03T00:40:52,Upgrade Core Set (Ultimate) X 82,475474,38988868,82,,601920
8143,2026-10-03T09:16:14,2026-10-03T00:40:52,Upgrade Core Set (Ultimate) X 117,475474,55630458,117,,601920
8144,2026-10-03T09:18:00,2026-10-03T00:40:52,Chaos Core,720000,720000,1,,
8145,2026-10-03T09:19:25,2026-10-03T00:40:52,Chaos Core,720000,55440000,77,,733467
8146,2026-10-03T09:19:35,2026-10-03T00:40:52,Chaos Core,720000,23040000,32,,733467
8147,2026-10-03T09:19:51,2026-10-03T00:40:52,Chaos Core,723470,7234700,10,,733467
8148,2026-10-03T09:20:18,2026-10-03T00:40:52,Chaos Core,725905,146632810,202,,733467
8149,2026-10-03T09:21:45,2026-10-03T00:40:52,Chaos Core,725905,83479075,115,,733466
8150,2026-10-03T09:22:03,2026-10-03T00:40:52,Chaos Core,725905,18147625,25,,733466
8151,2026-10-03T09:22:33,2026-10-03T00:40:52,Chaos Core,725905,72590500,100,,733466
8152,2026-10-03T09:39:30,2026-10-03T09:35:59,Chaos Core,720000,720000,1,,
8153,2026-10-03T09:40:06,2026-10-03T09:35:59,Chaos Core,719339,29492899,41,,740000
8154,2026-10-03T09:40:13,2026-10-03T09:35:59,Chaos Core,718696,138708328,193,,740000
8155,2026-10-03T09:41:26,2026-10-03T09:35:59,Chaos Core,719339,82004646,114,,739999
8156,2026-10-03T09:41:40,2026-10-03T09:35:59,Chaos Core,719339,82004646,114,,739999
8157,2026-10-03T09:42:48,2026-10-03T09:35:59,Chaos Core,718696,1437392,2,,739998
8158,2026-10-03T09:42:55,2026-10-03T09:35:59,Chaos Core,718696,81931344,114,,739998
8159,2026-10-03T09:43:04,2026-10-03T09:35:59,Chaos Core,718696,22279576,31,,739998
8160,2026-10-03T09:43:23,2026-10-03T09:35:59,Chaos Core,720000,720000,1,,739998
8161,2026-10-03T09:43:41,2026-10-03T09:35:59,Chaos Core,720000,720000,1,,739998
8162,2026-10-03T09:44:01,2026-10-03T09:35:59,Chaos Core,720000,720000,1,,739998
8163,2026-10-03T09:44:20,2026-10-03T09:35:59,Chaos Core,720000,720000,1,,739998
8164,2026-10-03T09:44:27,2026-10-03T09:35:59,Chaos Core,718696,122178320,170,,739998
8165,2026-10-03T09:45:44,2026-10-03T09:35:59,Chaos Core,718696,6468264,9,,743000
8166,2026-10-03T09:45:52,2026-10-03T09:35:59,Chaos Core,718696,56776984,79,,743000
8167,2026-10-03T09:46:12,2026-10-03T09:35:59,Chaos Core,720000,720000,1,,743000
8168,2026-10-03T09:47:23,2026-10-03T09:35:59,Chaos Core,718696,166737472,232,,743000
8169,2026-10-03T09:48:45,2026-10-03T09:35:59,Chaos Core,718696,30185232,42,,739998
8170,2026-10-03T09:48:53,2026-10-03T09:35:59,Chaos Core,718696,19404792,27,,739998
8171,2026-10-03T09:49:03,2026-10-03T09:35:59,Chaos Core,718696,12217832,17,,739998
8172,2026-10-03T09:49:28,2026-10-03T09:35:59,Chaos Core,720000,720000,1,,739998
8173,2026-10-03T09:49:47,2026-10-03T09:35:59,Chaos Core,725902,725902,1,,739998
8174,2026-10-03T09:49:52,2026-10-03T09:35:59,Chaos Core,718696,718696,1,,739998
8175,2026-10-03T09:50:11,2026-10-03T09:35:59,Chaos Core,723470,723470,1,,739998
8176,2026-10-03T09:50:30,2026-10-03T09:35:59,Chaos Core,725905,725905,1,,739998
8177,2026-10-03T09:50:50,2026-10-03T09:35:59,Chaos Core,725905,725905,1,,739998
8178,2026-10-03T09:51:09,2026-10-03T09:35:59,Chaos Core,725905,725905,1,,739998
8179,2026-10-03T09:51:27,2026-10-03T09:35:59,Chaos Core,725905,725905,1,,739998
8180,2026-10-03T09:51:46,2026-10-03T09:35:59,Chaos Core,727644,727644,1,,739998
8181,2026-10-03T09:52:07,2026-10-03T09:35:59,Chaos Core,727644,25467540,35,,739998
8182,2026-10-03T09:52:27,2026-10-03T09:35:59,Chaos Core,727644,40020420,55,,739998
8183,2026-10-03T09:52:35,2026-10-03T09:35:59,Chaos Core,728157,728157,1,,739998
8184,2026-10-03T09:53:39,2026-10-03T09:35:59,Chaos Core,728157,114320649,157,,743999
8185,2026-10-03T09:54:37,2026-10-03T09:35:59,Chaos Core,728157,1456314,2,,743999
8186,2026-10-03T09:55:45,2026-10-03T09:35:59,Upgrade Core Set (Ultimate) X 24,475474,11411376,24,,601919
8187,2026-10-03T09:55:50,2026-10-03T09:35:59,Upgrade Core Set (Ultimate) X 76,475474,36136024,76,,601919
8188,2026-10-03T09:57:23,2026-10-03T09:35:59,Chaos Core,728157,728157,1,,
8189,2026-10-03T09:58:46,2026-10-03T09:35:59,Yekaterina VIP Membership,112799696,112799696,1,,
8190,2026-10-03T09:59:23,2026-10-03T09:35:59,Chaos Core,727604,727604,1,,
8191,2026-10-03T09:59:59,2026-10-03T09:35:59,Chaos Core,727604,67667172,93,,744000
8192,2026-10-03T10:00:10,2026-10-03T09:35:59,Chaos Core,727604,99681748,137,,744000
8193,2026-10-03T10:00:19,2026-10-03T09:35:59,Chaos Core,727604,727604,1,,744000
8194,2026-10-03T10:01:38,2026-10-03T09:35:59,Chaos Core,727604,13096872,18,,743999
8195,2026-10-03T10:01:48,2026-10-03T09:35:59,Chaos Core,727604,75670816,104,,743999
8196,2026-10-03T10:02:01,2026-10-03T09:35:59,Chaos Core,728157,34951536,48,,743999
8197,2026-10-03T10:02:15,2026-10-03T09:35:59,Chaos Core,728157,728157,1,,743999
8198,2026-10-03T10:03:41,2026-10-03T09:35:59,Chaos Core,728157,728157,1,,
8199,2026-10-03T10:04:17,2026-10-03T09:35:59,Chaos Core,727604,82946856,114,,743999
8200,2026-10-03T10:04:33,2026-10-03T09:35:59,Chaos Core,728157,136165359,187,,743999
8201,2026-10-03T10:04:39,2026-10-03T09:35:59,Chaos Core,726990,1453980,2,,743999
8202,2026-10-03T10:07:00,2026-10-03T09:35:59,Chaos Core,726990,20355720,28,,743999
8203,2026-10-03T10:07:10,2026-10-03T09:35:59,Chaos Core,726995,7269950,10,,743999
8204,2026-10-03T10:07:22,2026-10-03T09:35:59,Chaos Core,727604,5093228,7,,743999
8205,2026-10-03T10:07:43,2026-10-03T09:35:59,Chaos Core,728157,60437031,83,,743999
8206,2026-10-03T10:08:05,2026-10-03T09:35:59,Chaos Core,728157,26213652,36,,743999
8207,2026-10-03T10:08:23,2026-10-03T09:35:59,Chaos Core,728157,728157,1,,743999
8208,2026-10-03T10:12:12,2026-10-03T09:35:59,Chaos Core,726990,96689670,133,,744000
8209,2026-10-03T10:12:22,2026-10-03T09:35:59,Chaos Core,726990,136674120,188,,744000
8210,2026-10-03T10:13:48,2026-10-03T09:35:59,Chaos Core,726990,6542910,9,,744000
8211,2026-10-03T10:13:57,2026-10-03T09:35:59,Chaos Core,726990,48708330,67,,744000
8212,2026-10-03T10:14:21,2026-10-03T09:35:59,Chaos Core,728157,82281741,113,,744000
8213,2026-10-03T10:15:32,2026-10-03T09:35:59,Chaos Core,726990,10177860,14,,743999
8214,2026-10-03T10:15:46,2026-10-03T09:35:59,Chaos Core,728157,10194198,14,,743999
8215,2026-10-03T10:16:01,2026-10-03T09:35:59,Chaos Core,728157,24757338,34,,743999
8216,2026-10-03T10:16:19,2026-10-03T09:35:59,Chaos Core,728157,170388738,234,,743999
8217,2026-10-03T10:16:35,2026-10-03T09:35:59,Chaos Core,728157,728157,1,,743999
8218,2026-10-03T10:18:01,2026-10-03T09:35:59,Chaos Core,728157,53155461,73,,744000
8219,2026-10-03T10:18:16,2026-10-03T09:35:59,Chaos Core,728157,30582594,42,,744000
8220,2026-10-03T10:18:32,2026-10-03T09:35:59,Chaos Core,728157,150000342,206,,744000
8221,2026-10-03T10:20:18,2026-10-03T09:35:59,Chaos Core,728157,728157,1,,
8222,2026-10-03T10:21:15,2026-10-03T09:35:59,Upgrade Core Set (Ultimate) X 3,475470,85584600,180,,601916
8223,2026-10-03T10:22:41,2026-10-03T09:35:59,Chaos Core,727055,727055,1,,
8224,2026-10-03T10:23:41,2026-10-03T09:35:59,Chaos Core,728157,728157,1,,
8225,2026-10-03T10:24:49,2026-10-03T09:35:59,Chaos Core,728157,37136007,51,,743998
8226,2026-10-03T10:24:56,2026-10-03T09:35:59,Chaos Core,725831,55888987,77,,743998
8227,2026-10-03T10:25:07,2026-10-03T09:35:59,Chaos Core,725831,140085383,193,,743998
8228,2026-10-03T10:26:35,2026-10-03T09:35:59,Chaos Core,725831,100890509,139,,743997
8229,2026-10-03T10:26:55,2026-10-03T09:35:59,Chaos Core,730000,104390000,143,,743997
8230,2026-10-03T10:28:32,2026-10-03T09:35:59,Chaos Core,725831,725831,1,,
8231,2026-10-03T10:29:10,2026-10-03T09:35:59,Chaos Core,725831,11613296,16,,743995
8232,2026-10-03T10:29:19,2026-10-03T09:35:59,Chaos Core,720000,175680000,244,,743995
8233,2026-10-03T10:29:51,2026-10-03T09:35:59,Chaos Core,730000,730000,1,,743995
8234,2026-10-03T10:32:10,2026-10-03T09:35:59,Chaos Core,720000,46080000,64,,743994
8235,2026-10-03T10:32:19,2026-10-03T09:35:59,Chaos Core,720000,33840000,47,,743994
8236,2026-10-03T10:32:51,2026-10-03T09:35:59,Chaos Core,730000,41610000,57,,743994
8237,2026-10-03T10:36:52,2026-10-03T09:35:59,Chaos Core,728157,728157,1,,
8238,2026-10-03T10:37:41,2026-10-03T09:35:59,Chaos Core,728157,728157,1,,
8239,2026-10-03T10:38:45,2026-10-03T09:35:59,Chaos Core,728157,45873891,63,,743994
8240,2026-10-03T10:39:57,2026-10-03T09:35:59,Force Core Set (High) X 1,159158,159158,1,,165000
8241,2026-10-03T10:40:05,2026-10-03T09:35:59,Force Core Set (High) X 10,159158,14324220,90,,165000
8242,2026-10-03T10:40:10,2026-10-03T09:35:59,Force Core Set (High) X 12,159158,1909896,12,,165000
8243,2026-10-03T10:40:16,2026-10-03T09:35:59,Force Core Set (High) X 30,159158,4774740,30,,165000
8244,2026-10-03T10:40:22,2026-10-03T09:35:59,Force Core Set (High) X 73,159158,11618534,73,,165000
8245,2026-10-03T10:42:24,2026-10-03T09:35:59,Chaos Core,726900,726900,1,,
8246,2026-10-03T10:43:25,2026-10-03T09:35:59,Chaos Core,726900,95223900,131,,743992
8247,2026-10-03T10:43:56,2026-10-03T09:35:59,Chaos Core,739000,739000,1,,743992
8248,2026-10-03T10:45:48,2026-10-03T09:35:59,Chaos Core,739000,739000,1,,
8249,2026-10-03T10:50:09,2026-10-03T09:35:59,Force Core Set (High) X 67,138293,9265645,67,,165000
8250,2026-10-03T10:50:14,2026-10-03T09:35:59,Force Core Set (High) X 8,159158,1273264,8,,165000
8251,2026-10-03T10:50:19,2026-10-03T09:35:59,Force Core Set (High) X 93,159158,14801694,93,,165000
8252,2026-10-03T10:50:23,2026-10-03T09:35:59,Force Core Set (High) X 114,159158,18144012,114,,165000
8253,2026-10-03T10:52:36,2026-10-03T09:35:59,Chaos Core,710000,26270000,37,,743988
8254,2026-10-03T10:52:47,2026-10-03T09:35:59,Chaos Core,710000,141290000,199,,743988
8255,2026-10-03T10:53:07,2026-10-03T09:35:59,Chaos Core,728157,728157,1,,743988
8256,2026-10-03T10:54:16,2026-10-03T09:35:59,Chaos Core,708893,176514357,249,,743987
8257,2026-10-03T10:55:24,2026-10-03T09:35:59,Chaos Core,725000,26100000,36,,743986
8258,2026-10-03T10:55:34,2026-10-03T09:35:59,Chaos Core,727000,103961000,143,,743986
8259,2026-10-03T10:55:42,2026-10-03T09:35:59,Chaos Core,728157,728157,1,,743986
8260,2026-10-03T10:57:18,2026-10-03T09:35:59,Chaos Core,739000,739000,1,,
8261,2026-10-03T10:59:21,2026-10-03T09:35:59,Chaos Core,739000,739000,1,,
8262,2026-10-03T11:00:21,2026-10-03T09:35:59,Chaos Core,738473,738473,1,,
8263,2026-10-03T11:02:32,2026-10-03T09:35:59,Chaos Core,738400,738400,1,,
8264,2026-10-03T11:03:14,2026-10-03T09:35:59,Chaos Core,738400,738400,1,,
8265,2026-10-03T11:05:01,2026-10-03T09:35:59,Chaos Core,738400,738400,1,,
8266,2026-10-03T11:06:08,2026-10-03T09:35:59,Force Core Set (Ultimate) X 1,311687,8103862,26,,344962
8267,2026-10-03T11:06:13,2026-10-03T09:35:59,Force Core Set (Ultimate) X 7,311687,2181809,7,,344962
8268,2026-10-03T11:06:18,2026-10-03T09:35:59,Force Core Set (Ultimate) X 8,311687,2493496,8,,344962
8269,2026-10-03T11:06:23,2026-10-03T09:35:59,Force Core Set (Ultimate) X 17,311687,5298679,17,,344962
8270,2026-10-03T11:06:29,2026-10-03T09:35:59,Force Core Set (Ultimate) X 27,311687,8415549,27,,344962
8271,2026-10-03T11:07:10,2026-10-03T09:35:59,Force Core Set (Ultimate) X 33,311687,10285671,33,,344959
8272,2026-10-03T11:07:15,2026-10-03T09:35:59,Force Core Set (Ultimate) X 38,311687,11844106,38,,344959
8273,2026-10-03T11:07:20,2026-10-03T09:35:59,Force Core Set (Ultimate) X 45,311687,14025915,45,,344959
8274,2026-10-03T11:07:25,2026-10-03T09:35:59,Force Core Set (Ultimate) X 110,311687,34285570,110,,344959
8275,2026-10-03T11:09:42,2026-10-03T09:35:59,Chaos Core,737000,737000,1,,
8276,2026-10-03T11:15:09,2026-10-03T09:35:59,Chaos Core,733333,733333,1,,
8277,2026-10-03T11:16:20,2026-10-03T09:35:59,Chaos Core,732818,732818,1,,
8278,2026-10-03T11:19:03,2026-10-03T09:35:59,Chaos Core,735820,735820,1,,
8279,2026-10-03T11:22:53,2026-10-03T09:35:59,Chaos Core,732000,136884000,187,,739986
8280,2026-10-03T11:23:13,2026-10-03T09:35:59,Chaos Core,735820,1471640,2,,739986
8281,2026-10-03T11:27:42,2026-10-03T09:35:59,Chaos Core,735820,735820,1,,
8282,2026-10-03T11:29:35,2026-10-03T09:35:59,Chaos Core,735820,735820,1,,
8283,2026-10-03T11:30:19,2026-10-03T09:35:59,Chaos Core,735128,735128,1,,
8284,2026-10-03T11:31:33,2026-10-03T09:35:59,Chaos Core,735128,735128,1,,
8285,2026-10-03T11:33:46,2026-10-03T09:35:59,Force Core Set (High) X 4,159138,636552,4,,165000
8286,2026-10-03T11:33:52,2026-10-03T09:35:59,Force Core Set (High) X 5,159138,6365520,40,,165000
8287,2026-10-03T11:33:57,2026-10-03T09:35:59,Force Core Set (High) X 101,159138,16073000,101,,165000
8288,2026-10-03T11:34:03,2026-10-03T09:35:59,Force Core Set (High) X 30,159146,9548760,60,,165000
8289,2026-10-03T11:35:55,2026-10-03T09:35:59,Chaos Core,733363,733363,1,,
8290,2026-10-03T11:37:05,2026-10-03T09:35:59,Chaos Core,732718,11723488,16,,739976
8291,2026-10-03T11:37:14,2026-10-03T09:35:59,Chaos Core,732718,43230362,59,,739976
8292,2026-10-03T11:38:48,2026-10-03T09:35:59,Chaos Core,733363,733363,1,,739975
8293,2026-10-03T11:39:07,2026-10-03T09:35:59,Chaos Core,735128,2940512,4,,739975
8294,2026-10-03T11:39:13,2026-10-03T09:35:59,Chaos Core,733360,2933440,4,,739975
8295,2026-10-03T11:39:28,2026-10-03T09:35:59,Chaos Core,735820,2207460,3,,739975
8296,2026-10-03T11:39:45,2026-10-03T09:35:59,Chaos Core,735820,4414920,6,,739975
8297,2026-10-03T11:43:32,2026-10-03T09:35:59,Chaos Core,731525,56327425,77,,739969
8298,2026-10-03T11:44:14,2026-10-03T09:35:59,Chaos Core,735000,735000,1,,739969
8299,2026-10-03T11:46:39,2026-10-03T09:35:59,Chaos Core,731525,30724050,42,,739965
8300,2026-10-03T11:46:49,2026-10-03T09:35:59,Chaos Core,731525,119970100,164,,739965
8301,2026-10-03T11:46:57,2026-10-03T09:35:59,Chaos Core,731525,731525,1,,739965
8302,2026-10-03T11:48:05,2026-10-03T09:35:59,Chaos Core,731525,31455575,43,,739963
8303,2026-10-03T11:48:16,2026-10-03T09:35:59,Chaos Core,731525,20482700,28,,739963
8304,2026-10-03T11:48:52,2026-10-03T09:35:59,Chaos Core,735000,735000,1,,739963
8305,2026-10-03T11:51:02,2026-10-03T09:35:59,Chaos Core,735128,735128,1,,
8306,2026-10-03T11:51:44,2026-10-03T09:35:59,Chaos Core,730914,730914,1,,
8307,2026-10-03T11:54:23,2026-10-03T09:35:59,Chaos Core,728157,83009898,114,,739954
8308,2026-10-03T11:54:32,2026-10-03T09:35:59,Chaos Core,727629,69124755,95,,739954
8309,2026-10-03T11:54:46,2026-10-03T09:35:59,Chaos Core,730263,730263,1,,739954
8310,2026-10-03T11:56:05,2026-10-03T09:35:59,Chaos Core,730263,730263,1,,
8311,2026-10-03T12:00:08,2026-10-03T09:35:59,Chaos Core,730263,730263,1,,
8312,2026-10-03T12:00:52,2026-10-03T09:35:59,Chaos Core,730263,730263,1,,
8313,2026-10-03T12:02:15,2026-10-03T09:35:59,Chaos Core,730000,730000,1,,
8314,2026-10-03T12:02:47,2026-10-03T09:35:59,Chaos Core,730000,116800000,160,,739944
8315,2026-10-03T12:02:54,2026-10-03T09:35:59,Chaos Core,730263,1460526,2,,739944
8316,2026-10-03T12:04:59,2026-10-03T09:35:59,Chaos Core,730263,730263,1,,
8317,2026-10-03T12:07:38,2026-10-03T09:35:59,Chaos Core,729430,103579060,142,,735673
8318,2026-10-03T12:07:55,2026-10-03T09:35:59,Chaos Core,730263,11684208,16,,735673
8319,2026-10-03T12:08:10,2026-10-03T09:35:59,Chaos Core,730263,730263,1,,735673
8320,2026-10-03T12:09:24,2026-10-03T09:35:59,Chaos Core,729430,81696160,112,,735672
8321,2026-10-03T12:09:53,2026-10-03T09:35:59,Chaos Core,730263,35782887,49,,735672
8322,2026-10-03T12:09:58,2026-10-03T09:35:59,Chaos Core,729430,729430,1,,735672
8323,2026-10-03T12:13:11,2026-10-03T09:35:59,Chaos Core,730914,730914,1,,
8324,2026-10-03T12:13:55,2026-10-03T09:35:59,Chaos Core,729430,729430,1,,
8325,2026-10-03T12:15:19,2026-10-03T09:35:59,Chaos Core,728899,728899,1,,
8326,2026-10-03T12:26:00,2026-10-03T09:35:59,Chaos Core,725940,7259400,10,,735644
8327,2026-10-03T12:26:16,2026-10-03T09:35:59,Chaos Core,727119,67622067,93,,735644
8328,2026-10-03T12:26:33,2026-10-03T09:35:59,Chaos Core,728899,75805496,104,,735644
8329,2026-10-03T12:27:51,2026-10-03T09:35:59,Chaos Core,728999,181520751,249,,735643
8330,2026-10-03T12:29:10,2026-10-03T09:35:59,Chaos Core,729430,173604340,238,,735641
8331,2026-10-03T12:29:21,2026-10-03T09:35:59,Chaos Core,730000,1460000,2,,735641
8332,2026-10-03T12:30:44,2026-10-03T09:35:59,Chaos Core,730000,730000,1,,
8333,2026-10-03T12:36:29,2026-10-03T09:35:59,Chaos Core,730000,730000,1,,
8334,2026-10-03T12:37:12,2026-10-03T09:35:59,Chaos Core,730000,730000,1,,
8335,2026-10-03T12:37:58,2026-10-03T09:35:59,Chaos Core,728840,148683360,204,,735644
8336,2026-10-03T12:41:07,2026-10-03T09:35:59,Chaos Core,732000,732000,1,,
8337,2026-10-03T12:45:12,2026-10-03T09:35:59,Chaos Core,735000,735000,1,,
8338,2026-10-03T12:46:31,2026-10-03T09:35:59,Chaos Core,727713,176834259,243,,735631
8339,2026-10-03T12:47:39,2026-10-03T09:35:59,Chaos Core,727713,58217040,80,,735629
8340,2026-10-03T12:49:09,2026-10-03T09:35:59,Chaos Core,731000,731000,1,,735629
8341,2026-10-03T12:51:39,2026-10-03T09:35:59,Chaos Core,727713,727713,1,,
8342,2026-10-03T12:52:22,2026-10-03T09:35:59,Chaos Core,727073,727073,1,,
8343,2026-10-03T12:54:48,2026-10-03T09:35:59,Chaos Core,727073,727073,1,,
8344,2026-10-03T12:55:51,2026-10-03T09:35:59,Chaos Core,725880,2903520,4,,735615
8345,2026-10-03T12:56:49,2026-10-03T09:35:59,Chaos Core,725880,81298560,112,,735615
8346,2026-10-03T12:57:03,2026-10-03T09:35:59,Chaos Core,727073,109060950,150,,735615
8347,2026-10-03T12:57:22,2026-10-03T09:35:59,Chaos Core,728321,728321,1,,735615
8348,2026-10-03T13:02:35,2026-10-03T09:35:59,Chaos Core,738400,738400,1,,
8349,2026-10-03T13:03:19,2026-10-03T09:35:59,Chaos Core,738400,738400,1,,
8350,2026-10-03T13:04:57,2026-10-03T09:35:59,Chaos Core,738400,738400,1,,
8351,2026-10-03T13:06:31,2026-10-03T09:35:59,Chaos Core,736840,736840,1,,
8352,2026-10-03T13:07:51,2026-10-03T09:35:59,Chaos Core,736840,736840,1,,
8353,2026-10-03T13:08:50,2026-10-03T09:35:59,Upgrade Core Set (Ultimate) X 94,473933,44549702,94,,599919
8354,2026-10-03T13:08:55,2026-10-03T09:35:59,Upgrade Core Set (Ultimate) X 211,473933,99999999,211,,599919
8355,2026-10-03T13:11:51,2026-10-03T09:35:59,Chaos Core,728157,4368942,6,,735566
8356,2026-10-03T13:12:06,2026-10-03T09:35:59,Chaos Core,735044,8820528,12,,735566
8357,2026-10-03T13:15:32,2026-10-03T09:35:59,Chaos Core,730000,38690000,53,,735551
8358,2026-10-03T13:15:46,2026-10-03T09:35:59,Chaos Core,734457,734457,1,,735551
8359,2026-10-03T13:21:59,2026-10-03T09:35:59,Chaos Core,725000,51475000,71,,735528
8360,2026-10-03T13:22:15,2026-10-03T09:35:59,Chaos Core,736840,736840,1,,735528
8361,2026-10-03T13:24:18,2026-10-03T09:35:59,Chaos Core,738400,738400,1,,
8362,2026-10-03T13:25:38,2026-10-03T09:35:59,Chaos Core,738400,738400,1,,
8363,2026-10-03T13:28:30,2026-10-03T09:35:59,Yekaterina VIP Membership,112799999,112799999,1,,
8364,2026-10-03T13:29:13,2026-10-03T09:35:59,Chaos Core,728155,728155,1,,
8365,2026-10-03T13:30:47,2026-10-03T09:35:59,Chaos Core,728155,728155,1,,
8366,2026-10-03T13:33:11,2026-10-03T09:35:59,Chaos Core,727508,727508,1,,
8367,2026-10-03T13:34:29,2026-10-03T09:35:59,Chaos Core,727508,727508,1,,
8368,2026-10-03T13:37:33,2026-10-03T09:35:59,Chaos Core,727508,727508,1,,
8369,2026-10-03T13:41:33,2026-10-03T09:35:59,Chaos Core,725761,725761,1,,
8370,2026-10-03T13:43:30,2026-10-03T09:35:59,Force Core Set (High) X 22,127272,2800000,22,,165000
8371,2026-10-03T13:43:34,2026-10-03T09:35:59,Force Core Set (High) X 38,127272,4836336,38,,165000
8372,2026-10-03T13:43:39,2026-10-03T09:35:59,Force Core Set (High) X 198,127272,25199856,198,,165000
8373,2026-10-03T13:47:05,2026-10-03T09:35:59,Chaos Core,726338,726338,1,,
8374,2026-10-03T13:48:46,2026-10-03T09:35:59,Chaos Core,725653,725653,1,,
8375,2026-10-03T13:49:58,2026-10-03T09:35:59,Chaos Core,725145,725145,1,,
8376,2026-10-03T13:52:16,2026-10-03T09:35:59,Force Core Set (Highest) X 138,188405,26000000,138,,195443
8377,2026-10-03T13:54:06,2026-10-03T09:35:59,Chaos Core,724488,724488,1,,
8378,2026-10-03T13:57:54,2026-10-03T09:35:59,Chaos Core,723863,723863,1,,
8379,2026-10-03T14:07:15,2026-10-03T09:35:59,Chaos Core,721422,28856880,40,,735378
8380,2026-10-03T14:07:22,2026-10-03T09:35:59,Chaos Core,719676,174161592,242,,735378
8381,2026-10-03T14:09:11,2026-10-03T09:35:59,Chaos Core,724488,83316120,115,,735378
8382,2026-10-03T14:09:17,2026-10-03T09:35:59,Chaos Core,724488,34775424,48,,735378
8383,2026-10-03T14:09:26,2026-10-03T09:35:59,Chaos Core,725653,1451306,2,,735378
8384,2026-10-03T14:13:07,2026-10-03T09:35:59,Chaos Core,727508,727508,1,,
8385,2026-10-03T14:14:41,2026-10-03T09:35:59,Chaos Core,738400,738400,1,,
8386,2026-10-03T14:17:05,2026-10-03T09:35:59,Chaos Core,726233,726233,1,,
8387,2026-10-03T14:25:22,2026-10-03T14:21:28,Chaos Core,725657,725657,1,,
8388,2026-10-03T14:43:18,2026-10-03T14:21:28,Chaos Core,725000,725000,1,,
8389,2026-10-03T14:50:57,2026-10-03T14:21:28,Chaos Core,725000,179800000,248,,730000
8390,2026-10-03T14:51:16,2026-10-03T14:21:28,Chaos Core,724999,724999,1,,730000
8391,2026-10-03T14:53:48,2026-10-03T14:21:28,Chaos Core,711964,711964,1,,
8392,2026-10-03T14:55:07,2026-10-03T14:21:28,Chaos Core,711367,98168646,138,,730000
8393,2026-10-03T14:55:16,2026-10-03T14:21:28,Chaos Core,711367,73982168,104,,730000
8394,2026-10-03T14:55:25,2026-10-03T14:21:28,Chaos Core,724999,724999,1,,730000
8395,2026-10-03T14:59:15,2026-10-03T14:21:28,Chaos Core,711367,711367,1,,
8396,2026-10-03T15:00:55,2026-10-03T14:21:28,Chaos Core,711367,711367,1,,
8397,2026-10-03T15:02:45,2026-10-03T14:21:28,Chaos Core,710730,710730,1,,
8398,2026-10-03T15:04:01,2026-10-03T14:21:28,Chaos Core,710730,83155410,117,,730000
8399,2026-10-03T15:04:15,2026-10-03T14:21:28,Chaos Core,711367,145118868,204,,730000
8400,2026-10-03T15:06:36,2026-10-03T14:21:28,Chaos Core,708387,70130313,99,,730000
8401,2026-10-03T15:06:46,2026-10-03T14:21:28,Chaos Core,708888,75851016,107,,730000
8402,2026-10-03T15:06:55,2026-10-03T14:21:28,Chaos Core,708888,708888,1,,730000
8403,2026-10-03T15:12:20,2026-10-03T14:21:28,Chaos Core,720000,720000,1,,
8404,2026-10-03T15:18:43,2026-10-03T14:21:28,Yekaterina VIP Membership,111299696,111299696,1,,
8405,2026-10-03T15:19:19,2026-10-03T14:21:28,Chaos Core,720000,720000,1,,
8406,2026-10-03T15:20:49,2026-10-03T14:21:28,Chaos Core,720000,720000,1,,
8407,2026-10-03T15:22:26,2026-10-03T14:21:28,Chaos Core,720000,720000,1,,
8408,2026-10-03T15:36:17,2026-10-03T15:26:42,Epic Booster (Highest),46986111,187944444,4,,
8409,2026-10-03T15:37:22,2026-10-03T15:26:42,Chaos Core,724999,724999,1,,
8410,2026-10-03T15:39:00,2026-10-03T15:26:42,Chaos Core,724495,724495,1,,
8411,2026-10-03T15:40:37,2026-10-03T15:26:42,Chaos Core,723816,723816,1,,
8412,2026-10-03T15:41:55,2026-10-03T15:26:42,Chaos Core,723816,723816,1,,
8413,2026-10-03T15:55:27,2026-10-03T15:26:42,Chaos Core,710000,710000,1,,
8414,2026-10-03T15:56:43,2026-10-03T15:26:42,Chaos Core,708923,708923,1,,
8415,2026-10-03T16:00:56,2026-10-03T15:26:42,Chaos Core,710000,710000,1,,
8416,2026-10-03T16:09:29,2026-10-03T15:26:42,Chaos Core,705856,705856,1,,
8417,2026-10-03T16:11:07,2026-10-03T15:26:42,Chaos Core,705856,705856,1,,
8418,2026-10-03T16:12:33,2026-10-03T15:26:42,Chaos Core,719500,719500,1,,
8419,2026-10-03T16:16:39,2026-10-03T15:26:42,Chaos Core,719444,719444,1,,
8420,2026-10-03T16:18:08,2026-10-03T15:26:42,Chaos Core,719444,719444,1,,
8421,2026-10-03T16:19:48,2026-10-03T15:26:42,Chaos Core,719444,719444,1,,
8422,2026-10-03T16:21:07,2026-10-03T15:26:42,Chaos Core,719444,719444,1,,
8423,2026-10-03T16:26:17,2026-10-03T15:26:42,Chaos Core,719444,719444,1,,
8424,2026-10-03T16:27:52,2026-10-03T15:26:42,Chaos Core,719440,719440,1,,
8425,2026-10-03T16:29:09,2026-10-03T15:26:42,Chaos Core,718780,718780,1,,
8426,2026-10-03T16:33:08,2026-10-03T15:26:42,Yekaterina VIP Membership,112766666,112766666,1,,
8427,2026-10-03T16:33:45,2026-10-03T15:26:42,Chaos Core,718163,718163,1,,
8428,2026-10-03T16:35:16,2026-10-03T15:26:42,Chaos Core,717560,717560,1,,
8429,2026-10-03T16:36:58,2026-10-03T15:26:42,Chaos Core,718163,718163,1,,
8430,2026-10-03T16:38:21,2026-10-03T15:26:42,Chaos Core,718163,718163,1,,
8431,2026-10-03T16:41:42,2026-10-03T15:26:42,Force Core Set (High) X 1,147220,5447140,37,,164998
8432,2026-10-03T16:41:47,2026-10-03T15:26:42,Force Core Set (High) X 2,147220,294440,2,,164998
8433,2026-10-03T16:41:52,2026-10-03T15:26:42,Force Core Set (High) X 12,147220,1766640,12,,164998
8434,2026-10-03T16:41:57,2026-10-03T15:26:42,Force Core Set (High) X 23,147220,3386060,23,,164998
8435,2026-10-03T16:42:01,2026-10-03T15:26:42,Force Core Set (High) X 30,147220,4416600,30,,164998
8436,2026-10-03T16:43:47,2026-10-03T15:26:42,Chaos Core,718163,718163,1,,
8437,2026-10-03T16:45:15,2026-10-03T15:26:42,Chaos Core,718163,718163,1,,
8438,2026-10-03T16:46:46,2026-10-03T15:26:42,Chaos Core,718163,718163,1,,
8439,2026-10-03T16:48:08,2026-10-03T15:26:42,Chaos Core,718163,718163,1,,
8440,2026-10-03T16:55:16,2026-10-03T15:26:42,Chaos Core,718163,718163,1,,
8441,2026-10-03T16:56:40,2026-10-03T15:26:42,Chaos Core,718163,718163,1,,
8442,2026-10-03T16:58:08,2026-10-03T15:26:42,Chaos Core,718163,718163,1,,
8443,2026-10-03T16:59:29,2026-10-03T15:26:42,Chaos Core,718162,718162,1,,
8444,2026-10-03T17:04:06,2026-10-03T15:26:42,Chaos Core,717022,717022,1,,
8445,2026-10-03T17:05:26,2026-10-03T15:26:42,Chaos Core,717010,717010,1,,
8446,2026-10-03T17:12:17,2026-10-03T15:26:42,Chaos Core,715944,715944,1,,
8447,2026-10-03T17:13:41,2026-10-03T15:26:42,Chaos Core,715944,715944,1,,
8448,2026-10-03T17:15:17,2026-10-03T15:26:42,Chaos Core,715944,715944,1,,
8449,2026-10-03T17:16:39,2026-10-03T15:26:42,Chaos Core,714835,714835,1,,
8450,2026-10-03T17:20:05,2026-10-03T15:26:42,Chaos Core,715944,715944,1,,
8451,2026-10-03T17:21:33,2026-10-03T15:26:42,Chaos Core,715944,715944,1,,
8452,2026-10-03T17:22:57,2026-10-03T15:26:42,Chaos Core,713000,713000,1,,
8453,2026-10-03T17:24:09,2026-10-03T15:26:42,Chaos Core,713000,713000,1,,
8454,2026-10-03T17:28:35,2026-10-03T15:26:42,Chaos Core,713000,713000,1,,
8455,2026-10-03T17:29:58,2026-10-03T15:26:42,Chaos Core,713000,713000,1,,
8456,2026-10-03T17:31:21,2026-10-03T15:26:42,Chaos Core,711739,711739,1,,
8457,2026-10-03T17:32:33,2026-10-03T15:26:42,Chaos Core,711088,711088,1,,
8458,2026-10-03T17:38:40,2026-10-03T15:26:42,Chaos Core,710565,51160680,72,,723277
8459,2026-10-03T17:38:51,2026-10-03T15:26:42,Chaos Core,711088,29865696,42,,723277
8460,2026-10-03T17:39:04,2026-10-03T15:26:42,Chaos Core,711088,17777200,25,,723277
8461,2026-10-03T17:39:18,2026-10-03T15:26:42,Chaos Core,711088,17777200,25,,723277
8462,2026-10-03T17:39:34,2026-10-03T15:26:42,Chaos Core,711739,711739,1,,723277
8463,2026-10-03T17:48:23,2026-10-03T15:26:42,Chaos Core,709208,709208,1,,
8464,2026-10-03T17:50:25,2026-10-03T15:26:42,Chaos Core,709208,709208,1,,
8465,2026-10-03T17:54:47,2026-10-03T15:26:42,Yekaterina VIP Membership,112766666,112766666,1,,
8466,2026-10-03T17:55:23,2026-10-03T15:26:42,Chaos Core,706399,706399,1,,
8467,2026-10-03T18:04:09,2026-10-03T15:26:42,Chaos Core,705295,705295,1,,
8468,2026-10-03T18:09:08,2026-10-03T15:26:42,Chaos Core,703397,703397,1,,
8469,2026-10-03T18:10:26,2026-10-03T15:26:42,Chaos Core,705295,705295,1,,
8470,2026-10-03T18:11:44,2026-10-03T15:26:42,Chaos Core,704647,704647,1,,
8471,2026-10-03T18:12:52,2026-10-03T15:26:42,Chaos Core,704647,704647,1,,
8472,2026-10-03T18:17:03,2026-10-03T15:26:42,Chaos Core,704647,704647,1,,
8473,2026-10-03T18:25:51,2026-10-03T15:26:42,Chaos Core,715944,715944,1,,
8474,2026-10-03T18:26:59,2026-10-03T15:26:42,Chaos Core,715944,715944,1,,
8475,2026-10-03T18:35:57,2026-10-03T15:26:42,Chaos Core,715944,715944,1,,
8476,2026-10-03T18:37:48,2026-10-03T15:26:42,Chaos Core,715944,715944,1,,
8477,2026-10-03T18:39:15,2026-10-03T15:26:42,Chaos Core,714903,714903,1,,
8478,2026-10-03T18:40:30,2026-10-03T15:26:42,Chaos Core,714903,714903,1,,
8479,2026-10-03T18:44:58,2026-10-03T15:26:42,Chaos Core,713758,713758,1,,
8480,2026-10-03T18:46:27,2026-10-03T15:26:42,Chaos Core,713174,713174,1,,
8481,2026-10-03T18:47:52,2026-10-03T15:26:42,Chaos Core,712559,712559,1,,
8482,2026-10-03T18:48:35,2026-10-03T15:26:42,Chaos Core,700000,174300000,249,,723177
8483,2026-10-03T18:50:12,2026-10-03T15:26:42,Chaos Core,700000,700000,1,,
8484,2026-10-03T18:56:22,2026-10-03T15:26:42,Chaos Core,700000,700000,1,,
8485,2026-10-03T18:57:31,2026-10-03T15:26:42,Chaos Core,700000,700000,1,,
8486,2026-10-03T19:01:42,2026-10-03T15:26:42,Chaos Core,700000,700000,1,,
8487,2026-10-03T19:02:34,2026-10-03T15:26:42,Chaos Core,700000,24500000,35,,723153
8488,2026-10-03T19:02:46,2026-10-03T15:26:42,Chaos Core,710000,74550000,105,,723153
8489,2026-10-03T19:02:59,2026-10-03T15:26:42,Chaos Core,712559,7838149,11,,723153
8490,2026-10-03T19:03:12,2026-10-03T15:26:42,Chaos Core,713174,1426348,2,,723153
8491,2026-10-03T19:04:43,2026-10-03T15:26:42,Chaos Core,713174,713174,1,,
8492,2026-10-03T19:06:02,2026-10-03T15:26:42,Chaos Core,713174,713174,1,,
8493,2026-10-03T19:07:09,2026-10-03T15:26:42,Chaos Core,711928,711928,1,,
8494,2026-10-03T19:11:15,2026-10-03T15:26:42,Chaos Core,711294,711294,1,,
8495,2026-10-03T19:18:07,2026-10-03T15:26:42,Chaos Core,709835,709835,1,,
8496,2026-10-03T19:23:11,2026-10-03T15:26:42,Chaos Core,706966,57264246,81,,723115
8497,2026-10-03T19:23:27,2026-10-03T15:26:42,Chaos Core,710500,13499500,19,,723115
8498,2026-10-03T19:24:45,2026-10-03T15:26:42,Chaos Core,711294,96024690,135,,723115
8499,2026-10-03T19:25:05,2026-10-03T15:26:42,Chaos Core,711928,1423856,2,,723115
8500,2026-10-03T19:26:47,2026-10-03T15:26:42,Chaos Core,706324,119368756,169,,723117
8501,2026-10-03T19:27:07,2026-10-03T15:26:42,Chaos Core,711928,1423856,2,,723117
8502,2026-10-03T19:29:40,2026-10-03T15:26:42,Chaos Core,711928,711928,1,,
8503,2026-10-03T19:30:58,2026-10-03T15:26:42,Chaos Core,711928,711928,1,,
8504,2026-10-03T19:33:10,2026-10-03T15:26:42,Chaos Core,711928,711928,1,,
8505,2026-10-03T19:34:37,2026-10-03T15:26:42,Chaos Core,711928,711928,1,,
8506,2026-10-03T19:35:40,2026-10-03T15:26:42,Chaos Core,713174,90573098,127,,723111
8507,2026-10-03T19:36:39,2026-10-03T15:26:42,Chaos Core,709618,5676944,8,,723111
8508,2026-10-03T19:36:50,2026-10-03T15:26:42,Chaos Core,713000,81282000,114,,723111
8509,2026-10-03T19:38:09,2026-10-03T15:26:42,Chaos Core,709618,176694882,249,,723110
8510,2026-10-03T19:40:03,2026-10-03T15:26:42,Chaos Core,709618,34061664,48,,723109
8511,2026-10-03T19:40:13,2026-10-03T15:26:42,Chaos Core,709618,115667734,163,,723109
8512,2026-10-03T19:40:23,2026-10-03T15:26:42,Chaos Core,709618,1419236,2,,723109
8513,2026-10-03T19:41:41,2026-10-03T15:26:42,Chaos Core,709618,176694882,249,,723108
8514,2026-10-03T19:42:59,2026-10-03T15:26:42,Chaos Core,709618,166050612,234,,723107
8515,2026-10-03T19:44:20,2026-10-03T15:26:42,Chaos Core,713000,42780000,60,,723106
8516,2026-10-03T19:44:36,2026-10-03T15:26:42,Chaos Core,713000,81282000,114,,723106
8517,2026-10-03T19:46:09,2026-10-03T15:26:42,Chaos Core,713174,177580326,249,,723105
8518,2026-10-03T19:47:39,2026-10-03T15:26:42,Chaos Core,713758,177725742,249,,723104
8519,2026-10-03T19:50:13,2026-10-03T15:26:42,Chaos Core,713757,713757,1,,
8520,2026-10-03T19:51:32,2026-10-03T15:26:42,Chaos Core,713757,713757,1,,
8521,2026-10-03T19:52:58,2026-10-03T15:26:42,Chaos Core,713758,713758,1,,
8522,2026-10-03T19:53:55,2026-10-03T15:26:42,Chaos Core,713758,713758,1,,
8523,2026-10-03T19:57:34,2026-10-03T15:26:42,Force Core Set (Highest) X 34,189830,6454220,34,,194968
8524,2026-10-03T19:57:39,2026-10-03T15:26:42,Force Core Set (Highest) X 71,189830,13477930,71,,194968
8525,2026-10-03T19:57:44,2026-10-03T15:26:42,Force Core Set (Highest) X 107,189830,20311810,107,,194968
8526,2026-10-03T19:58:26,2026-10-03T15:26:42,Force Core Set (Highest) X 194,189830,36827020,194,,194964
8527,2026-10-03T20:00:11,2026-10-03T15:26:42,Chaos Core,712564,712564,1,,
8528,2026-10-03T20:02:44,2026-10-03T15:26:42,Chaos Core,712564,712564,1,,
8529,2026-10-03T20:05:20,2026-10-03T15:26:42,Chaos Core,711458,711458,1,,
8530,2026-10-03T20:06:09,2026-10-03T15:26:42,Chaos Core,710947,710947,1,,
8531,2026-10-03T20:12:14,2026-10-03T15:26:42,Chaos Core,710382,163387860,230,,723081
8532,2026-10-03T20:12:22,2026-10-03T15:26:42,Chaos Core,710382,710382,1,,723081
8533,2026-10-03T20:18:08,2026-10-03T15:26:42,Chaos Core,708553,77940830,110,,723073
8534,2026-10-03T20:18:18,2026-10-03T15:26:42,Chaos Core,708553,80775042,114,,723073
8535,2026-10-03T20:18:31,2026-10-03T15:26:42,Chaos Core,709252,709252,1,,723073
8536,2026-10-03T20:20:10,2026-10-03T15:26:42,Chaos Core,709252,176603748,249,,723072
8537,2026-10-03T20:23:22,2026-10-03T15:26:42,Chaos Core,709252,709252,1,,
8538,2026-10-03T20:24:09,2026-10-03T15:26:42,Chaos Core,709252,46101380,65,,723070
8539,2026-10-03T20:24:21,2026-10-03T15:26:42,Chaos Core,709252,79436224,112,,723070
8540,2026-10-03T20:25:42,2026-10-03T15:26:42,Chaos Core,708645,708645,1,,
8541,2026-10-03T20:27:41,2026-10-03T15:26:42,Chaos Core,708012,708012,1,,
8542,2026-10-03T20:28:54,2026-10-03T15:26:42,Chaos Core,710382,710382,1,,
8543,2026-10-03T20:37:24,2026-10-03T15:26:42,Chaos Core,713758,713758,1,,
8544,2026-10-03T20:38:38,2026-10-03T15:26:42,Chaos Core,713758,713758,1,,
8545,2026-10-03T20:39:54,2026-10-03T15:26:42,Chaos Core,713758,713758,1,,
8546,2026-10-03T20:40:42,2026-10-03T15:26:42,Chaos Core,713758,713758,1,,
8547,2026-10-03T20:48:42,2026-10-03T15:26:42,Chaos Core,711358,166457772,234,,723026
8548,2026-10-03T20:58:28,2026-10-03T15:26:42,Chaos Core,715000,176605000,247,,722980
8549,2026-10-03T20:58:51,2026-10-03T15:26:42,Chaos Core,715944,1431888,2,,722980
8550,2026-10-03T21:10:23,2026-10-03T15:26:42,Chaos Core,706485,706485,1,,
8551,2026-10-03T21:11:33,2026-10-03T15:26:42,Chaos Core,715944,715944,1,,
8552,2026-10-03T21:12:24,2026-10-03T15:26:42,Chaos Core,715944,715944,1,,
8553,2026-10-03T21:18:57,2026-10-03T15:26:42,Chaos Core,715944,32933424,46,,722942
8554,2026-10-03T21:19:13,2026-10-03T15:26:42,Chaos Core,715944,15750768,22,,722942
8555,2026-10-03T21:19:33,2026-10-03T15:26:42,Chaos Core,716444,7164440,10,,722942
8556,2026-10-03T21:19:52,2026-10-03T15:26:42,Chaos Core,716462,46570030,65,,722942
8557,2026-10-03T21:20:12,2026-10-03T15:26:42,Chaos Core,717000,30114000,42,,722942
8558,2026-10-03T21:20:33,2026-10-03T15:26:42,Chaos Core,717000,717000,1,,722942
8559,2026-10-03T21:22:11,2026-10-03T15:26:42,Chaos Core,717000,177816000,248,,722941
8560,2026-10-03T21:22:30,2026-10-03T15:26:42,Chaos Core,717000,717000,1,,722941
8561,2026-10-03T21:24:02,2026-10-03T15:26:42,Chaos Core,700000,112000000,160,,722940
8562,2026-10-03T21:24:21,2026-10-03T15:26:42,Chaos Core,717000,717000,1,,722940
8563,2026-10-03T21:24:41,2026-10-03T15:26:42,Chaos Core,717568,717568,1,,722940
8564,2026-10-03T21:29:31,2026-10-03T15:26:42,Siena's Unbinding Stone,75177777,75177777,1,,
8565,2026-10-03T21:31:52,2026-10-03T15:26:42,Blessing Bead - Superior,164263885,164263885,1,,
8566,2026-10-03T21:34:48,2026-10-03T15:26:42,Chaos Core,702181,702181,1,,
8567,2026-10-03T21:36:05,2026-10-03T15:26:42,Chaos Core,702181,702181,1,,
8568,2026-10-03T21:37:12,2026-10-03T15:26:42,Chaos Core,702181,702181,1,,
8569,2026-10-03T21:38:08,2026-10-03T15:26:42,Chaos Core,717000,717000,1,,
8570,2026-10-03T21:43:28,2026-10-03T15:26:42,Blessing Bead - Superior,164263444,164263444,1,,
8571,2026-10-03T21:45:15,2026-10-03T15:26:42,Chaos Core,700313,700313,1,,
8572,2026-10-03T21:52:27,2026-10-03T15:26:42,Chaos Core,700313,700313,1,,
8573,2026-10-03T21:53:34,2026-10-03T15:26:42,Chaos Core,700313,700313,1,,
8574,2026-10-03T21:54:43,2026-10-03T15:26:42,Chaos Core,700313,700313,1,,
8575,2026-10-03T21:55:31,2026-10-03T15:26:42,Chaos Core,700313,700313,1,,
8576,2026-10-03T22:00:56,2026-10-03T15:26:42,Chaos Core,717568,717568,1,,
8577,2026-10-03T22:01:58,2026-10-03T15:26:42,Chaos Core,717003,717003,1,,
8578,2026-10-03T22:02:55,2026-10-03T15:26:42,Chaos Core,717568,717568,1,,
8579,2026-10-03T22:03:39,2026-10-03T15:26:42,Chaos Core,717568,717568,1,,
8580,2026-10-03T22:07:45,2026-10-03T15:26:42,Force Core Set (Ultimate) X 30,311600,9348000,30,,320000
8581,2026-10-03T22:07:55,2026-10-03T15:26:42,Force Core Set (Ultimate) X 1,311685,5922015,19,,320000
8582,2026-10-03T22:09:34,2026-10-03T15:26:42,Chaos Core,717568,717568,1,,
8583,2026-10-03T22:10:32,2026-10-03T15:26:42,Chaos Core,717568,717568,1,,
8584,2026-10-03T22:11:31,2026-10-03T15:26:42,Chaos Core,717568,717568,1,,
8585,2026-10-03T22:12:18,2026-10-03T15:26:42,Chaos Core,717568,717568,1,,
8586,2026-10-03T22:30:38,2026-10-03T15:26:42,Force Core Set (Ultimate) X 10,311600,3116000,10,,320000
8587,2026-10-03T22:30:44,2026-10-03T15:26:42,Force Core Set (Ultimate) X 15,311600,4674000,15,,320000
8588,2026-10-03T22:30:49,2026-10-03T15:26:42,Force Core Set (Ultimate) X 16,311600,4985600,16,,320000
8589,2026-10-03T22:32:37,2026-10-03T15:26:42,Chaos Core,715000,715000,1,,
8590,2026-10-03T22:33:23,2026-10-03T15:26:42,Chaos Core,715000,715000,1,,
8591,2026-10-03T22:34:27,2026-10-03T15:26:42,Chaos Core,715000,715000,1,,
8592,2026-10-03T22:35:17,2026-10-03T15:26:42,Chaos Core,715000,715000,1,,
8593,2026-10-03T22:41:26,2026-10-03T15:26:42,Chaos Core,717568,717568,1,,
8594,2026-10-03T22:42:14,2026-10-03T15:26:42,Chaos Core,717568,717568,1,,
8595,2026-10-03T22:43:26,2026-10-03T15:26:42,Chaos Core,717568,717568,1,,
8596,2026-10-03T22:44:18,2026-10-03T15:26:42,Chaos Core,717568,717568,1,,
8597,2026-10-03T22:57:19,2026-10-03T15:26:42,Force Core Set (High) X 1,159159,159159,1,,164997
8598,2026-10-03T22:58:10,2026-10-03T15:26:42,Force Core Set (Ultimate) X 3,311600,934800,3,,320000
8599,2026-10-03T22:58:16,2026-10-03T15:26:42,Force Core Set (Ultimate) X 26,311600,8101600,26,,320000
8600,2026-10-03T22:58:21,2026-10-03T15:26:42,Force Core Set (Ultimate) X 166,311600,51725600,166,,320000
8601,2026-10-03T23:00:10,2026-10-03T15:26:42,Chaos Core,718163,718163,1,,
8602,2026-10-03T23:00:54,2026-10-03T15:26:42,Chaos Core,718163,718163,1,,
8603,2026-10-03T23:01:58,2026-10-03T15:26:42,Chaos Core,718163,718163,1,,
8604,2026-10-03T23:03:42,2026-10-03T15:26:42,Chaos Core,718163,718163,1,,
8605,2026-10-03T23:04:20,2026-10-03T15:26:42,Force Core Set (High) X 4,159159,636636,4,,164997
8606,2026-10-03T23:11:54,2026-10-03T15:26:42,Chaos Core,716430,716430,1,,
8607,2026-10-03T23:12:39,2026-10-03T15:26:42,Chaos Core,716430,716430,1,,
8608,2026-10-03T23:18:34,2026-10-03T15:26:42,Chaos Core,715112,715112,1,,
8609,2026-10-03T23:19:20,2026-10-03T15:26:42,Chaos Core,715112,715112,1,,
8610,2026-10-03T23:20:25,2026-10-03T15:26:42,Chaos Core,715112,715112,1,,
8611,2026-10-03T23:21:09,2026-10-03T15:26:42,Chaos Core,715112,715112,1,,
8612,2026-10-03T23:27:49,2026-10-03T15:26:42,Yekaterina VIP Membership,111000000,111000000,1,,
8613,2026-10-03T23:28:33,2026-10-03T15:26:42,Chaos Core,715112,715112,1,,
8614,2026-10-03T23:29:18,2026-10-03T15:26:42,Chaos Core,715112,715112,1,,
8615,2026-10-03T23:31:01,2026-10-03T15:26:42,Upgrade Core Set (Ultimate) X 48,478478,22966944,48,,564899
8616,2026-10-03T23:31:07,2026-10-03T15:26:42,Upgrade Core Set (Ultimate) X 73,478478,34928894,73,,564899
8617,2026-10-03T23:32:25,2026-10-03T15:26:42,Chaos Core,713928,713928,1,,
8618,2026-10-03T23:33:14,2026-10-03T15:26:42,Chaos Core,713292,713292,1,,
8619,2026-10-03T23:39:13,2026-10-03T15:26:42,Chaos Core,712000,712000,1,,
8620,2026-10-03T23:39:55,2026-10-03T15:26:42,Chaos Core,712000,712000,1,,
8621,2026-10-03T23:47:05,2026-10-03T15:26:42,Chaos Core,710905,710905,1,,
8622,2026-10-03T23:47:49,2026-10-03T15:26:42,Chaos Core,710905,710905,1,,
8623,2026-10-03T23:48:31,2026-10-03T15:26:42,Chaos Core,710317,32674582,46,,722552
8624,2026-10-03T23:48:43,2026-10-03T15:26:42,Chaos Core,710905,54739685,77,,722552
8625,2026-10-03T23:48:55,2026-10-03T15:26:42,Chaos Core,710905,9241765,13,,722552
8626,2026-10-03T23:49:02,2026-10-03T15:26:42,Chaos Core,709745,129173590,182,,722552
8627,2026-10-03T23:50:48,2026-10-03T15:26:42,Chaos Core,710905,710905,1,,
8628,2026-10-03T23:51:31,2026-10-03T15:26:42,Chaos Core,710905,710905,1,,
8629,2026-10-03T23:57:03,2026-10-03T15:26:42,Chaos Core,709000,709000,1,,
8630,2026-10-03T23:57:49,2026-10-03T15:26:42,Chaos Core,709000,709000,1,,
8631,2026-10-03T23:58:47,2026-10-03T15:26:42,Chaos Core,709000,709000,1,,
8632,2026-10-03T23:59:30,2026-10-03T15:26:42,Chaos Core,707324,707324,1,,
8633,2026-10-04T00:12:44,2026-10-03T15:26:42,Chaos Core,710000,710000,1,,
8634,2026-10-04T00:13:29,2026-10-03T15:26:42,Chaos Core,709358,709358,1,,
8635,2026-10-04T00:19:08,2026-10-03T15:26:42,Chaos Core,700000,700000,1,,
8636,2026-10-04T00:19:53,2026-10-03T15:26:42,Chaos Core,700000,700000,1,,
8637,2026-10-04T00:20:56,2026-10-03T15:26:42,Chaos Core,700000,700000,1,,
8638,2026-10-04T00:21:43,2026-10-03T15:26:42,Chaos Core,700000,700000,1,,
8639,2026-10-04T00:26:57,2026-10-04T00:23:01,Chaos Core,709358,709358,1,,
8640,2026-10-04T00:28:28,2026-10-04T00:23:01,Chaos Core,709358,709358,1,,
8641,2026-10-04T00:29:12,2026-10-04T00:23:01,Chaos Core,708060,708060,1,,
8642,2026-10-04T00:30:35,2026-10-04T00:23:01,Chaos Core,707420,707420,1,,
8643,2026-10-04T00:36:26,2026-10-04T00:23:01,Yekaterina VIP Membership,112499999,112499999,1,,
8644,2026-10-04T00:51:38,2026-10-04T00:23:01,Chaos Core,703839,703839,1,,
8645,2026-10-04T00:53:14,2026-10-04T00:23:01,Chaos Core,703839,59122476,84,,722451
8646,2026-10-04T00:53:25,2026-10-04T00:23:01,Chaos Core,703839,79533807,113,,722451
8647,2026-10-04T00:54:29,2026-10-04T00:23:01,Chaos Core,703839,703839,1,,722451
8648,2026-10-04T01:00:05,2026-10-04T00:23:01,Chaos Core,703839,703839,1,,
8649,2026-10-04T01:00:50,2026-10-04T00:23:01,Chaos Core,703839,703839,1,,
8650,2026-10-04T01:01:47,2026-10-04T00:23:01,Chaos Core,703839,703839,1,,
8651,2026-10-04T01:02:38,2026-10-04T00:23:01,Chaos Core,703839,703839,1,,
8652,2026-10-04T01:08:23,2026-10-04T00:23:01,Chaos Core,701999,701999,1,,
8653,2026-10-04T01:09:08,2026-10-04T00:23:01,Chaos Core,701999,701999,1,,
8654,2026-10-04T01:10:07,2026-10-04T00:23:01,Chaos Core,701999,701999,1,,
8655,2026-10-04T01:10:57,2026-10-04T00:23:01,Chaos Core,701999,701999,1,,
8656,2026-10-04T01:13:09,2026-10-04T00:23:01,Chaos Core,700300,41317700,59,,722408
8657,2026-10-04T01:14:11,2026-10-04T00:23:01,Chaos Core,700300,79834200,114,,722408
8658,2026-10-04T01:14:24,2026-10-04T00:23:01,Chaos Core,701999,701999,1,,722408
8659,2026-10-04T01:20:31,2026-10-04T00:23:01,Chaos Core,703839,703839,1,,
8660,2026-10-04T01:25:22,2026-10-04T00:23:01,Force Core Set (High) X 1,158585,792925,5,,165000
8661,2026-10-04T01:25:27,2026-10-04T00:23:01,Force Core Set (High) X 99,158585,15699999,99,,165000
8662,2026-10-04T01:25:33,2026-10-04T00:23:01,Force Core Set (High) X 104,158585,16492840,104,,165000
8663,2026-10-04T01:26:16,2026-10-04T00:23:01,Force Core Set (High) X 10,159150,1591500,10,,165000
8664,2026-10-04T01:26:23,2026-10-04T00:23:01,Force Core Set (High) X 36,159159,5729724,36,,165000
8665,2026-10-04T01:27:03,2026-10-04T00:23:01,Upgrade Core Set (Ultimate) X 23,478478,11004994,23,,559987
8666,2026-10-04T01:29:24,2026-10-04T00:23:01,Chaos Core,710905,710905,1,,
8667,2026-10-04T01:30:12,2026-10-04T00:23:01,Chaos Core,710905,710905,1,,
8668,2026-10-04T01:31:58,2026-10-04T00:23:01,Chaos Core,711999,711999,1,,
8669,2026-10-04T01:33:37,2026-10-04T00:23:01,Force Core Set (High) X 54,159159,8594586,54,,165000
8670,2026-10-04T01:33:43,2026-10-04T00:23:01,Force Core Set (High) X 68,159159,10822812,68,,165000
8671,2026-10-04T01:40:24,2026-10-04T00:23:01,Chaos Core,706996,706996,1,,
8672,2026-10-04T01:46:54,2026-10-04T00:23:01,Siena's Unbinding Stone,74999999,74999999,1,,
8673,2026-10-04T01:55:51,2026-10-04T00:23:01,Chaos Core,704453,26064761,37,,722271
8674,2026-10-04T01:57:28,2026-10-04T00:23:01,Chaos Core,704453,40858274,58,,722271
8675,2026-10-04T01:58:39,2026-10-04T00:23:01,Chaos Core,700289,156164447,223,,722271
8676,2026-10-04T02:01:10,2026-10-04T00:23:01,Chaos Core,700289,86135547,123,,722256
8677,2026-10-04T02:01:38,2026-10-04T00:23:01,Chaos Core,700289,59524565,85,,722256
8678,2026-10-04T02:01:44,2026-10-04T00:23:01,Chaos Core,699631,1399262,2,,722256
8679,2026-10-04T02:08:09,2026-10-04T00:23:01,Chaos Core,712653,712653,1,,
8680,2026-10-04T02:08:46,2026-10-04T00:23:01,Chaos Core,712653,712653,1,,
8681,2026-10-04T02:09:36,2026-10-04T00:23:01,Chaos Core,712653,712653,1,,
8682,2026-10-04T02:10:27,2026-10-04T00:23:01,Chaos Core,712653,712653,1,,
8683,2026-10-04T02:17:39,2026-10-04T00:23:01,Chaos Core,712653,712653,1,,
8684,2026-10-04T02:22:55,2026-10-04T00:23:01,Upgrade Core Set (Ultimate) X 22,470588,10352936,22,,559952
8685,2026-10-04T02:23:00,2026-10-04T00:23:01,Upgrade Core Set (Ultimate) X 70,470588,32941160,70,,559952
8686,2026-10-04T02:23:06,2026-10-04T00:23:01,Upgrade Core Set (Ultimate) X 94,470588,44235272,94,,559952
8687,2026-10-04T02:24:50,2026-10-04T00:23:01,Chaos Core,712126,712126,1,,
8688,2026-10-04T02:25:24,2026-10-04T00:23:01,Chaos Core,712126,712126,1,,
8689,2026-10-04T02:26:09,2026-10-04T00:23:01,Chaos Core,710958,710958,1,,
8690,2026-10-04T02:32:26,2026-10-04T00:23:01,Siena's Unbinding Stone,74999999,74999999,1,,
8691,2026-10-04T02:34:39,2026-10-04T00:23:01,Epic Booster (Highest),46874999,187499996,4,,
8692,2026-10-04T02:36:26,2026-10-04T00:23:01,Chaos Core,710958,710958,1,,
8693,2026-10-04T02:37:00,2026-10-04T00:23:01,Chaos Core,710958,7109580,10,,722149
8694,2026-10-04T02:37:13,2026-10-04T00:23:01,Chaos Core,710958,36969816,52,,722149
8695,2026-10-04T02:37:29,2026-10-04T00:23:01,Chaos Core,711572,81119208,114,,722149
8696,2026-10-04T02:37:47,2026-10-04T00:23:01,Chaos Core,711572,711572,1,,722149
8697,2026-10-04T02:39:17,2026-10-04T00:23:01,Chaos Core,711572,711572,1,,
8698,2026-10-04T02:46:33,2026-10-04T00:23:01,Chaos Core,712126,712126,1,,
8699,2026-10-04T02:59:14,2026-10-04T00:23:01,Yekaterina VIP Membership,112499999,112499999,1,,
8700,2026-10-04T02:59:54,2026-10-04T00:23:01,Chaos Core,704117,704117,1,,
8701,2026-10-04T03:14:22,2026-10-04T00:23:01,Chaos Core,710000,710000,1,,
8702,2026-10-04T03:15:06,2026-10-04T00:23:01,Chaos Core,698643,698643,1,,
8703,2026-10-04T03:31:17,2026-10-04T03:25:46,Yekaterina VIP Membership,110999999,110999999,1,,
8704,2026-10-04T03:38:35,2026-10-04T03:25:46,Chaos Core,695659,695659,1,,
8705,2026-10-04T03:39:08,2026-10-04T03:25:46,Chaos Core,695659,695659,1,,
8706,2026-10-04T03:39:56,2026-10-04T03:25:46,Chaos Core,695659,695659,1,,
8707,2026-10-04T03:40:40,2026-10-04T03:25:46,Chaos Core,695659,695659,1,,
8708,2026-10-04T03:45:36,2026-10-04T03:25:46,Force Core Set (High) X 61,159153,9708333,61,,165000
8709,2026-10-04T03:45:41,2026-10-04T03:25:46,Force Core Set (High) X 413,159153,65730189,413,,165000
8710,2026-10-04T03:47:53,2026-10-04T03:25:46,Chaos Core,695659,695659,1,,
8711,2026-10-04T03:49:20,2026-10-04T03:25:46,Chaos Core,695659,695659,1,,
8712,2026-10-04T03:50:24,2026-10-04T03:25:46,Chaos Core,695049,695049,1,,
8713,2026-10-04T03:51:08,2026-10-04T03:25:46,Chaos Core,694406,694406,1,,
8714,2026-10-04T03:57:34,2026-10-04T03:25:46,Chaos Core,694000,694000,1,,
8715,2026-10-04T03:58:08,2026-10-04T03:25:46,Chaos Core,694000,694000,1,,
8716,2026-10-04T03:58:54,2026-10-04T03:25:46,Chaos Core,694000,694000,1,,
8717,2026-10-04T03:59:45,2026-10-04T03:25:46,Chaos Core,694000,694000,1,,
8718,2026-10-04T04:06:19,2026-10-04T03:25:46,Chaos Core,690000,690000,1,,
8719,2026-10-04T04:07:44,2026-10-04T03:25:46,Chaos Core,690000,690000,1,,
8720,2026-10-04T04:09:06,2026-10-04T03:25:46,Chaos Core,689999,689999,1,,
8721,2026-10-04T04:09:53,2026-10-04T03:25:46,Chaos Core,689999,689999,1,,
8722,2026-10-04T04:16:27,2026-10-04T03:25:46,Chaos Core,680000,680000,1,,
8723,2026-10-04T04:16:59,2026-10-04T03:25:46,Chaos Core,680000,680000,1,,
8724,2026-10-04T04:17:48,2026-10-04T03:25:46,Chaos Core,680000,680000,1,,
8725,2026-10-04T04:18:35,2026-10-04T03:25:46,Chaos Core,680000,680000,1,,
8726,2026-10-04T04:25:14,2026-10-04T03:25:46,Chaos Core,680000,680000,1,,
8727,2026-10-04T04:25:48,2026-10-04T03:25:46,Chaos Core,680000,680000,1,,
8728,2026-10-04T04:26:36,2026-10-04T03:25:46,Chaos Core,680000,680000,1,,
8729,2026-10-04T04:27:24,2026-10-04T03:25:46,Chaos Core,680000,680000,1,,
8730,2026-10-04T04:33:57,2026-10-04T03:25:46,Chaos Core,680000,680000,1,,
8731,2026-10-04T04:34:30,2026-10-04T03:25:46,Chaos Core,680000,680000,1,,
8732,2026-10-04T04:35:17,2026-10-04T03:25:46,Chaos Core,680000,680000,1,,
8733,2026-10-04T04:36:04,2026-10-04T03:25:46,Chaos Core,680000,680000,1,,
8734,2026-10-04T04:42:44,2026-10-04T03:25:46,Chaos Core,650000,650000,1,,
8735,2026-10-04T04:43:16,2026-10-04T03:25:46,Chaos Core,690000,690000,1,,
8736,2026-10-04T04:44:04,2026-10-04T03:25:46,Chaos Core,690000,690000,1,,
8737,2026-10-04T04:44:55,2026-10-04T03:25:46,Chaos Core,690000,690000,1,,
8738,2026-10-04T04:51:35,2026-10-04T03:25:46,Chaos Core,690000,690000,1,,
8739,2026-10-04T04:52:09,2026-10-04T03:25:46,Chaos Core,690000,690000,1,,
8740,2026-10-04T04:53:01,2026-10-04T03:25:46,Chaos Core,690000,690000,1,,
8741,2026-10-04T04:53:52,2026-10-04T03:25:46,Chaos Core,690000,690000,1,,
8742,2026-10-04T05:00:28,2026-10-04T03:25:46,Chaos Core,690000,690000,1,,
8743,2026-10-04T05:01:01,2026-10-04T03:25:46,Chaos Core,690000,690000,1,,
8744,2026-10-04T05:01:52,2026-10-04T03:25:46,Chaos Core,690000,690000,1,,
8745,2026-10-04T05:02:41,2026-10-04T03:25:46,Chaos Core,690000,690000,1,,
8746,2026-10-04T05:09:16,2026-10-04T03:25:46,Chaos Core,690000,690000,1,,
8747,2026-10-04T05:09:52,2026-10-04T03:25:46,Chaos Core,690000,690000,1,,
8748,2026-10-04T05:10:41,2026-10-04T03:25:46,Chaos Core,690000,690000,1,,
8749,2026-10-04T05:11:31,2026-10-04T03:25:46,Chaos Core,688937,688937,1,,
8750,2026-10-04T05:18:01,2026-10-04T03:25:46,Chaos Core,690000,690000,1,,
8751,2026-10-04T05:18:34,2026-10-04T03:25:46,Chaos Core,690000,690000,1,,
8752,2026-10-04T05:19:25,2026-10-04T03:25:46,Chaos Core,690000,690000,1,,
8753,2026-10-04T05:20:12,2026-10-04T03:25:46,Chaos Core,688162,688162,1,,
8754,2026-10-04T05:27:00,2026-10-04T03:25:46,Chaos Core,687488,687488,1,,
8755,2026-10-04T05:28:26,2026-10-04T03:25:46,Chaos Core,687488,687488,1,,
8756,2026-10-04T05:43:31,2026-10-04T03:25:46,Chaos Core,682597,682597,1,,
8757,2026-10-04T05:44:05,2026-10-04T03:25:46,Chaos Core,682597,682597,1,,
8758,2026-10-04T05:44:53,2026-10-04T03:25:46,Chaos Core,682012,682012,1,,
8759,2026-10-04T05:45:40,2026-10-04T03:25:46,Chaos Core,681471,681471,1,,
8760,2026-10-04T05:52:13,2026-10-04T03:25:46,Yekaterina VIP Membership,112499999,112499999,1,,
8761,2026-10-04T05:53:05,2026-10-04T03:25:46,Chaos Core,681471,681471,1,,
8762,2026-10-04T05:54:23,2026-10-04T03:25:46,Chaos Core,681471,681471,1,,
8763,2026-10-04T06:00:53,2026-10-04T03:25:46,Chaos Core,681471,681471,1,,
8764,2026-10-04T06:01:26,2026-10-04T03:25:46,Chaos Core,681471,681471,1,,
8765,2026-10-04T06:02:13,2026-10-04T03:25:46,Chaos Core,681471,681471,1,,
8766,2026-10-04T06:03:02,2026-10-04T03:25:46,Chaos Core,681471,681471,1,,
8767,2026-10-04T06:09:23,2026-10-04T03:25:46,Force Core Set (Ultimate) X 10,306306,9189180,30,,319999
8768,2026-10-04T06:09:29,2026-10-04T03:25:46,Force Core Set (Ultimate) X 4,310000,1240000,4,,319999
8769,2026-10-04T06:09:36,2026-10-04T03:25:46,Force Core Set (Ultimate) X 10,310000,3100000,10,,319999
8770,2026-10-04T06:11:17,2026-10-04T03:25:46,Chaos Core,700000,700000,1,,
8771,2026-10-04T06:11:49,2026-10-04T03:25:46,Chaos Core,700000,700000,1,,
8772,2026-10-04T06:12:35,2026-10-04T03:25:46,Chaos Core,700000,700000,1,,
8773,2026-10-04T06:13:21,2026-10-04T03:25:46,Chaos Core,700000,700000,1,,
8774,2026-10-04T06:19:51,2026-10-04T03:25:46,Chaos Core,713928,713928,1,,
8775,2026-10-04T06:20:25,2026-10-04T03:25:46,Chaos Core,713928,713928,1,,
8776,2026-10-04T06:21:13,2026-10-04T03:25:46,Chaos Core,713928,713928,1,,
8777,2026-10-04T06:22:01,2026-10-04T03:25:46,Chaos Core,713928,713928,1,,
8778,2026-10-04T06:29:41,2026-10-04T06:26:00,Chaos Core,719500,719500,1,,
8779,2026-10-04T06:35:04,2026-10-04T06:26:00,Chaos Core,720000,720000,1,,
8780,2026-10-04T06:35:42,2026-10-04T06:26:00,Chaos Core,719395,719395,1,,
8781,2026-10-04T06:36:29,2026-10-04T06:26:00,Chaos Core,718718,718718,1,,
8782,2026-10-04T06:37:17,2026-10-04T06:26:00,Chaos Core,718718,718718,1,,
8783,2026-10-04T06:43:49,2026-10-04T06:26:00,Chaos Core,719000,719000,1,,
8784,2026-10-04T06:44:40,2026-10-04T06:26:00,Chaos Core,719000,719000,1,,
8785,2026-10-04T06:45:30,2026-10-04T06:26:00,Chaos Core,719000,719000,1,,
8786,2026-10-04T06:51:41,2026-10-04T06:26:00,Chaos Core,719000,719000,1,,
8787,2026-10-04T06:52:15,2026-10-04T06:26:00,Chaos Core,719000,719000,1,,
8788,2026-10-04T06:53:06,2026-10-04T06:26:00,Chaos Core,719000,719000,1,,
8789,2026-10-04T06:53:53,2026-10-04T06:26:00,Chaos Core,717089,717089,1,,
8790,2026-10-04T06:58:56,2026-10-04T06:26:00,Force Core Set (Highest) X 207,188405,39000000,207,,194605
8791,2026-10-04T06:59:42,2026-10-04T06:26:00,Force Core Set (Highest) X 1,189077,17016930,90,,194604
8792,2026-10-04T06:59:48,2026-10-04T06:26:00,Force Core Set (Highest) X 15,189077,2836155,15,,194604
8793,2026-10-04T06:59:53,2026-10-04T06:26:00,Force Core Set (Highest) X 61,189077,11533697,61,,194604
8794,2026-10-04T06:59:58,2026-10-04T06:26:00,Force Core Set (Highest) X 150,189077,28361550,150,,194604
8795,2026-10-04T07:02:23,2026-10-04T06:26:00,Chaos Core,717089,717089,1,,
8796,2026-10-04T07:03:12,2026-10-04T06:26:00,Chaos Core,716538,716538,1,,
8797,2026-10-04T07:04:00,2026-10-04T06:26:00,Chaos Core,715912,715912,1,,
8798,2026-10-04T07:11:42,2026-10-04T06:26:00,Chaos Core,714714,714714,1,,
8799,2026-10-04T07:18:08,2026-10-04T06:26:00,Chaos Core,714000,714000,1,,
8800,2026-10-04T07:18:40,2026-10-04T06:26:00,Chaos Core,712498,712498,1,,
8801,2026-10-04T07:19:28,2026-10-04T06:26:00,Chaos Core,712498,712498,1,,
8802,2026-10-04T07:20:18,2026-10-04T06:26:00,Chaos Core,712498,712498,1,,
8803,2026-10-04T07:32:50,2026-10-04T06:26:00,Force Core Set (High) X 1,158821,28587780,180,,165000
8804,2026-10-04T07:33:53,2026-10-04T06:26:00,Siena's Unbinding Stone,74999999,74999999,1,,
8805,2026-10-04T07:35:03,2026-10-04T06:26:00,Yekaterina VIP Membership,112499999,112499999,1,,
8806,2026-10-04T07:35:40,2026-10-04T06:26:00,Chaos Core,709596,709596,1,,
8807,2026-10-04T07:36:15,2026-10-04T06:26:00,Chaos Core,709596,709596,1,,
8808,2026-10-04T07:42:32,2026-10-04T06:26:00,Force Core Set (High) X 1,158800,158800,1,,165000
8809,2026-10-04T07:42:37,2026-10-04T06:26:00,Force Core Set (High) X 1,158821,158821,1,,165000
8810,2026-10-04T07:42:42,2026-10-04T06:26:00,Force Core Set (High) X 8,158821,1270568,8,,165000
8811,2026-10-04T07:42:47,2026-10-04T06:26:00,Force Core Set (High) X 8,158821,1270568,8,,165000
8812,2026-10-04T07:42:54,2026-10-04T06:26:00,Force Core Set (High) X 9,158821,1429389,9,,165000
8813,2026-10-04T07:43:37,2026-10-04T06:26:00,Force Core Set (High) X 10,158821,1588210,10,,165000
8814,2026-10-04T07:43:42,2026-10-04T06:26:00,Force Core Set (High) X 15,158821,2382315,15,,165000
8815,2026-10-04T07:43:49,2026-10-04T06:26:00,Force Core Set (High) X 27,158821,4288167,27,,165000
8816,2026-10-04T07:44:03,2026-10-04T06:26:00,Force Core Set (High) X 155,158821,24617255,155,,165000
8817,2026-10-04T08:00:21,2026-10-04T06:26:00,Chaos Core,703000,703000,1,,
8818,2026-10-04T08:00:55,2026-10-04T06:26:00,Chaos Core,703000,703000,1,,
8819,2026-10-04T08:01:44,2026-10-04T06:26:00,Chaos Core,703000,703000,1,,
8820,2026-10-04T08:02:34,2026-10-04T06:26:00,Chaos Core,703000,703000,1,,
8821,2026-10-04T08:09:09,2026-10-04T06:26:00,Chaos Core,703000,703000,1,,
8822,2026-10-04T08:09:42,2026-10-04T06:26:00,Chaos Core,703000,703000,1,,
8823,2026-10-04T08:10:31,2026-10-04T06:26:00,Chaos Core,703000,703000,1,,
8824,2026-10-04T08:12:11,2026-10-04T06:26:00,Chaos Core,703000,703000,1,,
8825,2026-10-04T08:20:43,2026-10-04T06:26:00,Yekaterina VIP Membership,111300000,111300000,1,,
8826,2026-10-04T08:21:21,2026-10-04T06:26:00,Chaos Core,701000,701000,1,,
8827,2026-10-04T08:21:55,2026-10-04T06:26:00,Chaos Core,701000,701000,1,,
8828,2026-10-04T08:22:43,2026-10-04T06:26:00,Chaos Core,701000,701000,1,,
8829,2026-10-04T08:23:32,2026-10-04T06:26:00,Chaos Core,701000,701000,1,,
8830,2026-10-04T08:30:06,2026-10-04T06:26:00,Chaos Core,701000,701000,1,,
8831,2026-10-04T08:30:41,2026-10-04T06:26:00,Chaos Core,701000,701000,1,,
8832,2026-10-04T08:31:32,2026-10-04T06:26:00,Chaos Core,701000,701000,1,,
8833,2026-10-04T08:32:22,2026-10-04T06:26:00,Chaos Core,700000,700000,1,,
8834,2026-10-04T08:46:20,2026-10-04T06:26:00,Chaos Core,701000,701000,1,,
8835,2026-10-04T08:46:52,2026-10-04T06:26:00,Chaos Core,700486,700486,1,,
8836,2026-10-04T08:47:40,2026-10-04T06:26:00,Chaos Core,700486,700486,1,,
8837,2026-10-04T08:48:28,2026-10-04T06:26:00,Chaos Core,699315,699315,1,,
8838,2026-10-04T08:54:15,2026-10-04T06:26:00,Force Core Set (High) X 12,159159,1909908,12,,165000
8839,2026-10-04T08:54:21,2026-10-04T06:26:00,Force Core Set (High) X 45,159159,7162155,45,,165000
8840,2026-10-04T08:54:26,2026-10-04T06:26:00,Force Core Set (High) X 65,159159,10345335,65,,165000
8841,2026-10-04T08:54:32,2026-10-04T06:26:00,Force Core Set (High) X 257,159159,40903863,257,,165000
8842,2026-10-04T08:55:38,2026-10-04T06:26:00,Upgrade Core Set (Ultimate) X 96,446866,42899136,96,,479307
8843,2026-10-04T08:57:39,2026-10-04T06:26:00,Epic Booster (Highest),46874999,187499996,4,,
8844,2026-10-04T09:06:18,2026-10-04T06:26:00,Chaos Core,703000,703000,1,,
8845,2026-10-04T09:06:52,2026-10-04T06:26:00,Chaos Core,703000,703000,1,,
8846,2026-10-04T09:07:38,2026-10-04T06:26:00,Chaos Core,703000,703000,1,,
8847,2026-10-04T09:08:45,2026-10-04T06:26:00,Chaos Core,703000,703000,1,,
8848,2026-10-04T09:26:15,2026-10-04T09:22:25,Chaos Core,714714,714714,1,,
8849,2026-10-04T09:27:51,2026-10-04T09:22:25,Chaos Core,714049,33560303,47,,721800
8850,2026-10-04T09:28:01,2026-10-04T09:22:25,Chaos Core,714714,16438422,23,,721800
8851,2026-10-04T09:29:05,2026-10-04T09:22:25,Chaos Core,714049,163517221,229,,721800
8852,2026-10-04T09:29:15,2026-10-04T09:22:25,Chaos Core,714049,714049,1,,721800
8853,2026-10-04T09:35:44,2026-10-04T09:22:25,Chaos Core,713800,68524800,96,,721800
8854,2026-10-04T09:35:53,2026-10-04T09:22:25,Chaos Core,713880,3569400,5,,721800
8855,2026-10-04T09:36:10,2026-10-04T09:22:25,Chaos Core,714040,22849280,32,,721800
8856,2026-10-04T09:36:39,2026-10-04T09:22:25,Chaos Core,714049,26419813,37,,721800
8857,2026-10-04T09:36:44,2026-10-04T09:22:25,Chaos Core,714049,714049,1,,721800
8858,2026-10-04T09:37:49,2026-10-04T09:22:25,Chaos Core,714049,12852882,18,,722973
8859,2026-10-04T09:38:01,2026-10-04T09:22:25,Chaos Core,714714,11435424,16,,722973
8860,2026-10-04T09:38:15,2026-10-04T09:22:25,Chaos Core,714714,1429428,2,,722973
8861,2026-10-04T09:38:39,2026-10-04T09:22:25,Chaos Core,714714,1429428,2,,722973
8862,2026-10-04T09:38:45,2026-10-04T09:22:25,Chaos Core,714049,39986744,56,,722973
8863,2026-10-04T09:39:01,2026-10-04T09:22:25,Chaos Core,714714,2144142,3,,722973
8864,2026-10-04T09:39:21,2026-10-04T09:22:25,Chaos Core,715000,67210000,94,,722973
8865,2026-10-04T09:39:41,2026-10-04T09:22:25,Chaos Core,715000,715000,1,,722973
8866,2026-10-04T09:40:56,2026-10-04T09:22:25,Chaos Core,715000,178035000,249,,722971
8867,2026-10-04T09:42:13,2026-10-04T09:22:25,Chaos Core,715000,2145000,3,,722973
8868,2026-10-04T09:42:26,2026-10-04T09:22:25,Chaos Core,715000,178035000,249,,722973
8869,2026-10-04T09:43:51,2026-10-04T09:22:25,Chaos Core,715000,110110000,154,,722972
8870,2026-10-04T09:44:00,2026-10-04T09:22:25,Chaos Core,715000,1430000,2,,722972
8871,2026-10-04T09:45:17,2026-10-04T09:22:25,Chaos Core,715912,3579560,5,,722973
8872,2026-10-04T09:45:30,2026-10-04T09:22:25,Chaos Core,717089,93221570,130,,722973
8873,2026-10-04T09:45:48,2026-10-04T09:22:25,Chaos Core,717089,131227287,183,,722973
8874,2026-10-04T09:47:31,2026-10-04T09:22:25,Chaos Core,717089,106846261,149,,722971
8875,2026-10-04T09:47:42,2026-10-04T09:22:25,Chaos Core,720000,720000,1,,722971
8876,2026-10-04T09:49:12,2026-10-04T09:22:25,Chaos Core,720000,720000,1,,
8877,2026-10-04T09:52:23,2026-10-04T09:22:25,Chaos Core,720000,720000,1,,
8878,2026-10-04T09:55:34,2026-10-04T09:22:25,Chaos Core,719500,719500,1,,
8879,2026-10-04T09:57:50,2026-10-04T09:22:25,Chaos Core,718888,718888,1,,
8880,2026-10-04T09:58:32,2026-10-04T09:22:25,Chaos Core,718888,718888,1,,
8881,2026-10-04T10:01:37,2026-10-04T09:22:25,Blessing Bead - Superior,163437999,163437999,1,,
8882,2026-10-04T10:02:57,2026-10-04T09:22:25,Chaos Core,718888,718888,1,,
8883,2026-10-04T10:05:21,2026-10-04T09:22:25,Chaos Core,718888,718888,1,,
8884,2026-10-04T10:05:55,2026-10-04T09:22:25,Chaos Core,718888,718888,1,,
8885,2026-10-04T10:06:47,2026-10-04T09:22:25,Chaos Core,718888,718888,1,,
8886,2026-10-04T10:09:08,2026-10-04T09:22:25,Chaos Core,718265,718265,1,,
8887,2026-10-04T10:12:34,2026-10-04T09:22:25,Chaos Core,718260,718260,1,,
8888,2026-10-04T10:13:20,2026-10-04T09:22:25,Chaos Core,718260,718260,1,,
8889,2026-10-04T10:14:55,2026-10-04T09:22:25,Upgrade Core Set (Ultimate) X 1,450000,33750000,75,,475000
8890,2026-10-04T10:16:59,2026-10-04T09:22:25,Epic Booster (Highest),46749999,186999996,4,,
8891,2026-10-04T10:17:59,2026-10-04T09:22:25,Chaos Core,718263,81881982,114,,735523
8892,2026-10-04T10:18:10,2026-10-04T09:22:25,Chaos Core,718264,104866544,146,,735523
8893,2026-10-04T10:18:19,2026-10-04T09:22:25,Chaos Core,718264,718264,1,,735523
8894,2026-10-04T10:19:34,2026-10-04T09:22:25,Chaos Core,718263,137906496,192,,735522
8895,2026-10-04T10:20:38,2026-10-04T09:22:25,Chaos Core,718263,2154789,3,,735522
8896,2026-10-04T10:20:48,2026-10-04T09:22:25,Chaos Core,718264,57461120,80,,735522
8897,2026-10-04T10:20:56,2026-10-04T09:22:25,Chaos Core,718264,34476672,48,,735522
8898,2026-10-04T10:21:14,2026-10-04T09:22:25,Chaos Core,718888,40976616,57,,735522
8899,2026-10-04T10:21:20,2026-10-04T09:22:25,Chaos Core,718888,718888,1,,735522
8900,2026-10-04T10:22:24,2026-10-04T09:22:25,Chaos Core,718888,4313328,6,,735521
8901,2026-10-04T10:22:36,2026-10-04T09:22:25,Chaos Core,719995,74879480,104,,735521
8902,2026-10-04T10:22:45,2026-10-04T09:22:25,Chaos Core,720000,107280000,149,,735521
8903,2026-10-04T10:22:50,2026-10-04T09:22:25,Chaos Core,719995,1439990,2,,735521
8904,2026-10-04T10:24:03,2026-10-04T09:22:25,Chaos Core,719995,10079930,14,,735520
8905,2026-10-04T10:24:15,2026-10-04T09:22:25,Chaos Core,720000,179280000,249,,735520
8906,2026-10-04T10:24:21,2026-10-04T09:22:25,Chaos Core,720000,720000,1,,735520
8907,2026-10-04T10:25:34,2026-10-04T09:22:25,Chaos Core,720000,3600000,5,,735520
8908,2026-10-04T10:25:45,2026-10-04T09:22:25,Chaos Core,720000,179280000,249,,735520
8909,2026-10-04T10:25:56,2026-10-04T09:22:25,Chaos Core,720000,720000,1,,735520
8910,2026-10-04T10:27:11,2026-10-04T09:22:25,Chaos Core,720000,143280000,199,,735518
8911,2026-10-04T10:27:20,2026-10-04T09:22:25,Chaos Core,720000,1440000,2,,735518
8912,2026-10-04T10:28:28,2026-10-04T09:22:25,Chaos Core,720000,69120000,96,,735517
8913,2026-10-04T10:28:38,2026-10-04T09:22:25,Chaos Core,720000,97920000,136,,735517
8914,2026-10-04T10:28:50,2026-10-04T09:22:25,Chaos Core,720000,1440000,2,,735517
8915,2026-10-04T10:30:05,2026-10-04T09:22:25,Chaos Core,720000,720000,1,,
8916,2026-10-04T10:31:10,2026-10-04T09:22:25,Chaos Core,720000,25920000,36,,735516
8917,2026-10-04T10:31:21,2026-10-04T09:22:25,Chaos Core,720000,173520000,241,,735516
8918,2026-10-04T10:31:35,2026-10-04T09:22:25,Chaos Core,720000,1440000,2,,735516
8919,2026-10-04T10:33:58,2026-10-04T09:22:25,Chaos Core,720000,720000,1,,
8920,2026-10-04T10:34:32,2026-10-04T09:22:25,Chaos Core,720000,720000,1,,
8921,2026-10-04T10:35:05,2026-10-04T09:22:25,Chaos Core,720000,720000,1,,
8922,2026-10-04T10:35:36,2026-10-04T09:22:25,Chaos Core,719405,70501690,98,,735515
8923,2026-10-04T10:35:47,2026-10-04T09:22:25,Chaos Core,720000,105840000,147,,735515
8924,2026-10-04T10:35:58,2026-10-04T09:22:25,Chaos Core,720000,720000,1,,735515
8925,2026-10-04T10:37:31,2026-10-04T09:22:25,Chaos Core,719405,57552400,80,,735514
8926,2026-10-04T10:38:28,2026-10-04T09:22:25,Chaos Core,719405,2877620,4,,735514
8927,2026-10-04T10:38:42,2026-10-04T09:22:25,Chaos Core,720000,168480000,234,,735514
8928,2026-10-04T10:44:21,2026-10-04T09:22:25,Chaos Core,720000,720000,1,,
8929,2026-10-04T10:46:38,2026-10-04T09:22:25,Chaos Core,718751,718751,1,,
8930,2026-10-04T10:47:11,2026-10-04T09:22:25,Chaos Core,718751,718751,1,,
8931,2026-10-04T10:49:06,2026-10-04T09:22:25,Chaos Core,720000,720000,1,,735516
8932,2026-10-04T10:49:26,2026-10-04T09:22:25,Chaos Core,720000,48240000,67,,735516
8933,2026-10-04T10:49:57,2026-10-04T09:22:25,Chaos Core,720000,41040000,57,,735516
8934,2026-10-04T10:50:03,2026-10-04T09:22:25,Chaos Core,717106,88204038,123,,735516
8935,2026-10-04T10:50:21,2026-10-04T09:22:25,Chaos Core,720000,720000,1,,735516
8936,2026-10-04T10:51:51,2026-10-04T09:22:25,Chaos Core,720000,21600000,30,,735515
8937,2026-10-04T10:51:57,2026-10-04T09:22:25,Chaos Core,717106,2868424,4,,735515
8938,2026-10-04T10:52:15,2026-10-04T09:22:25,Chaos Core,720000,82800000,115,,735515
8939,2026-10-04T10:52:34,2026-10-04T09:22:25,Chaos Core,720000,720000,1,,735515
8940,2026-10-04T10:53:55,2026-10-04T09:22:25,Chaos Core,720000,28800000,40,,735514
8941,2026-10-04T10:54:15,2026-10-04T09:22:25,Chaos Core,720000,720000,1,,735514
8942,2026-10-04T10:54:20,2026-10-04T09:22:25,Chaos Core,715000,49335000,69,,735514
8943,2026-10-04T10:54:39,2026-10-04T09:22:25,Chaos Core,720000,720000,1,,735514
8944,2026-10-04T10:55:01,2026-10-04T09:22:25,Chaos Core,720000,115920000,161,,735514
8945,2026-10-04T10:55:05,2026-10-04T09:22:25,Chaos Core,715000,715000,1,,735514
8946,2026-10-04T10:56:52,2026-10-04T09:22:25,Chaos Core,720000,78480000,109,,735513
8947,2026-10-04T10:57:03,2026-10-04T09:22:25,Chaos Core,720000,150480000,209,,735513
8948,2026-10-04T10:58:29,2026-10-04T09:22:25,Chaos Core,720000,20160000,28,,735512
8949,2026-10-04T10:58:39,2026-10-04T09:22:25,Chaos Core,720000,25920000,36,,735512
8950,2026-10-04T10:59:01,2026-10-04T09:22:25,Chaos Core,720000,121680000,169,,735512
8951,2026-10-04T10:59:09,2026-10-04T09:22:25,Chaos Core,720000,720000,1,,735512
8952,2026-10-04T11:00:24,2026-10-04T09:22:25,Chaos Core,720000,51120000,71,,735511
8953,2026-10-04T11:00:35,2026-10-04T09:22:25,Chaos Core,720000,95760000,133,,735511
8954,2026-10-04T11:02:24,2026-10-04T09:22:25,Upgrade Core Set (Ultimate) X 5,446865,15640275,35,,475000
8955,2026-10-04T11:02:29,2026-10-04T09:22:25,Upgrade Core Set (Ultimate) X 19,446865,8490453,19,,475000
8956,2026-10-04T11:02:34,2026-10-04T09:22:25,Upgrade Core Set (Ultimate) X 79,446865,35302335,79,,475000
8957,2026-10-04T11:04:15,2026-10-04T09:22:25,Chaos Core,710000,20590000,29,,735513
8958,2026-10-04T11:04:24,2026-10-04T09:22:25,Chaos Core,720000,9360000,13,,735513
8959,2026-10-04T11:04:44,2026-10-04T09:22:25,Chaos Core,720000,82080000,114,,735513
8960,2026-10-04T11:06:07,2026-10-04T09:22:25,Chaos Core,720000,179280000,249,,735515
8961,2026-10-04T11:07:21,2026-10-04T09:22:25,Chaos Core,710000,710000,1,,
8962,2026-10-04T11:08:21,2026-10-04T09:22:25,Chaos Core,710000,81650000,115,,744824
8963,2026-10-04T11:08:33,2026-10-04T09:22:25,Chaos Core,710000,144130000,203,,744824
8964,2026-10-04T11:10:41,2026-10-04T09:22:25,Chaos Core,709315,3546575,5,,744823
8965,2026-10-04T11:10:56,2026-10-04T09:22:25,Chaos Core,720000,29520000,41,,744823
8966,2026-10-04T11:11:16,2026-10-04T09:22:25,Chaos Core,720000,51120000,71,,744823
8967,2026-10-04T11:11:36,2026-10-04T09:22:25,Chaos Core,720000,144720000,201,,744823
8968,2026-10-04T11:13:16,2026-10-04T09:22:25,Chaos Core,720000,720000,1,,
8969,2026-10-04T11:13:48,2026-10-04T09:22:25,Chaos Core,718000,718000,1,,
8970,2026-10-04T11:14:21,2026-10-04T09:22:25,Chaos Core,718000,718000,1,,
8971,2026-10-04T11:15:23,2026-10-04T09:22:25,Chaos Core,714300,32857800,46,,744822
8972,2026-10-04T11:15:36,2026-10-04T09:22:25,Chaos Core,715000,169455000,237,,744822
8973,2026-10-04T11:15:48,2026-10-04T09:22:25,Chaos Core,715000,1430000,2,,744822
8974,2026-10-04T11:17:09,2026-10-04T09:22:25,Chaos Core,714300,53572500,75,,744821
8975,2026-10-04T11:17:19,2026-10-04T09:22:25,Chaos Core,714300,173574900,243,,744821
8976,2026-10-04T11:18:48,2026-10-04T09:22:25,Chaos Core,714300,164289000,230,,744820
8977,2026-10-04T11:18:56,2026-10-04T09:22:25,Chaos Core,714300,714300,1,,744820
8978,2026-10-04T11:20:17,2026-10-04T09:22:25,Chaos Core,714299,5000093,7,,744819
8979,2026-10-04T11:20:27,2026-10-04T09:22:25,Chaos Core,714299,32857754,46,,744819
8980,2026-10-04T11:20:37,2026-10-04T09:22:25,Chaos Core,714300,25714800,36,,744819
8981,2026-10-04T11:20:55,2026-10-04T09:22:25,Chaos Core,715000,96525000,135,,744819
8982,2026-10-04T11:21:13,2026-10-04T09:22:25,Chaos Core,720000,720000,1,,744819
8983,2026-10-04T11:22:29,2026-10-04T09:22:25,Chaos Core,714299,32143455,45,,744818
8984,2026-10-04T11:22:38,2026-10-04T09:22:25,Chaos Core,720000,28800000,40,,744818
8985,2026-10-04T11:22:49,2026-10-04T09:22:25,Chaos Core,720000,2160000,3,,744818
8986,2026-10-04T11:23:10,2026-10-04T09:22:25,Chaos Core,720000,30960000,43,,744818
8987,2026-10-04T11:23:23,2026-10-04T09:22:25,Chaos Core,720000,101520000,141,,744818
8988,2026-10-04T11:23:34,2026-10-04T09:22:25,Chaos Core,720000,720000,1,,744818
8989,2026-10-04T11:26:33,2026-10-04T09:22:25,Force Core Set (Highest) X 11,185000,2035000,11,,191999
8990,2026-10-04T11:26:38,2026-10-04T09:22:25,Force Core Set (Highest) X 16,185000,2960000,16,,191999
8991,2026-10-04T11:26:45,2026-10-04T09:22:25,Force Core Set (Highest) X 100,185000,37000000,200,,191999
8992,2026-10-04T11:27:25,2026-10-04T09:22:25,Force Core Set (Highest) X 100,185000,18500000,100,,191998
8993,2026-10-04T11:27:30,2026-10-04T09:22:25,Force Core Set (Highest) X 3,185555,556665,3,,191998
8994,2026-10-04T11:27:35,2026-10-04T09:22:25,Force Core Set (Highest) X 354,185555,65686470,354,,191998
8995,2026-10-04T11:28:41,2026-10-04T09:22:25,Force Core Set (Ultimate) X 30,283333,8500000,30,,310000
8996,2026-10-04T11:28:46,2026-10-04T09:22:25,Force Core Set (Ultimate) X 69,285185,19677765,69,,310000
8997,2026-10-04T11:28:51,2026-10-04T09:22:25,Force Core Set (Ultimate) X 100,285185,28518500,100,,310000
8998,2026-10-04T11:31:31,2026-10-04T09:22:25,Epic Booster (Highest),46805555,187222220,4,,
8999,2026-10-04T11:32:39,2026-10-04T09:22:25,Chaos Core,724999,724999,1,,
9000,2026-10-04T11:34:49,2026-10-04T09:22:25,Chaos Core,724363,724363,1,,
9001,2026-10-04T11:35:22,2026-10-04T09:22:25,Chaos Core,724363,724363,1,,
9002,2026-10-04T11:35:57,2026-10-04T09:22:25,Chaos Core,724363,724363,1,,
9003,2026-10-04T11:37:34,2026-10-04T09:22:25,Chaos Core,724363,18833438,26,,744810
9004,2026-10-04T11:37:48,2026-10-04T09:22:25,Chaos Core,724363,95615916,132,,744810
9005,2026-10-04T11:38:02,2026-10-04T09:22:25,Chaos Core,724363,724363,1,,744810
9006,2026-10-04T11:47:32,2026-10-04T09:22:25,Upgrade Core Set (Ultimate) X 2,500500,1001000,2,,564899
9007,2026-10-04T11:47:37,2026-10-04T09:22:25,Upgrade Core Set (Ultimate) X 27,500500,13513500,27,,564899
9008,2026-10-04T11:48:22,2026-10-04T09:22:25,Upgrade Core Set (Ultimate) X 100,500500,100100000,200,,564898
9009,2026-10-04T11:49:03,2026-10-04T09:22:25,Upgrade Core Set (Ultimate) X 10,500500,5005000,10,,564898
9010,2026-10-04T11:49:08,2026-10-04T09:22:25,Upgrade Core Set (Ultimate) X 100,500500,100100000,200,,564898
9011,2026-10-04T11:51:06,2026-10-04T09:22:25,Epic Booster (Highest),46749999,186999996,4,,
9012,2026-10-04T11:52:59,2026-10-04T09:22:25,Chaos Core,720000,172080000,239,,739999
9013,2026-10-04T11:53:07,2026-10-04T09:22:25,Chaos Core,720000,720000,1,,739999
9014,2026-10-04T11:55:22,2026-10-04T09:22:25,Chaos Core,719434,719434,1,,
9015,2026-10-04T11:55:54,2026-10-04T09:22:25,Chaos Core,718299,718299,1,,
9016,2026-10-04T12:02:50,2026-10-04T09:22:25,Chaos Core,718000,718000,1,,
9017,2026-10-04T12:04:24,2026-10-04T09:22:25,Chaos Core,715648,38644992,54,,739983
9018,2026-10-04T12:04:40,2026-10-04T09:22:25,Chaos Core,718000,140728000,196,,739983
9019,2026-10-04T12:04:55,2026-10-04T09:22:25,Chaos Core,718000,1436000,2,,739983
9020,2026-10-04T12:07:26,2026-10-04T09:22:25,Chaos Core,718000,127086000,177,,739983
9021,2026-10-04T12:09:23,2026-10-04T09:22:25,Chaos Core,715648,143845248,201,,739982
9022,2026-10-04T12:17:00,2026-10-04T09:22:25,Chaos Core,715000,715000,1,,739974
9023,2026-10-04T12:17:14,2026-10-04T09:22:25,Chaos Core,715000,4290000,6,,739974
9024,2026-10-04T12:17:28,2026-10-04T09:22:25,Chaos Core,715647,715647,1,,739974
9025,2026-10-04T12:17:44,2026-10-04T09:22:25,Chaos Core,715647,22900704,32,,739974
9026,2026-10-04T12:18:12,2026-10-04T09:22:25,Chaos Core,715648,715648,1,,739974
9027,2026-10-04T12:18:31,2026-10-04T09:22:25,Chaos Core,715648,100906368,141,,739974
9028,2026-10-04T12:18:49,2026-10-04T09:22:25,Chaos Core,715648,715648,1,,739974
9029,2026-10-04T12:36:55,2026-10-04T09:22:25,Chaos Core,712500,712500,1,,
9030,2026-10-04T12:37:29,2026-10-04T09:22:25,Chaos Core,712500,712500,1,,
9031,2026-10-04T12:38:06,2026-10-04T09:22:25,Chaos Core,712500,712500,1,,
9032,2026-10-04T12:42:20,2026-10-04T09:22:25,Force Core Set (High) X 288,159158,45837504,288,,165000
9033,2026-10-04T12:45:19,2026-10-04T09:22:25,Chaos Core,710029,22010899,31,,739950
9034,2026-10-04T12:45:39,2026-10-04T09:22:25,Chaos Core,710029,68872813,97,,739950
9035,2026-10-04T12:45:50,2026-10-04T09:22:25,Chaos Core,710029,79523248,112,,739950
9036,2026-10-04T12:53:02,2026-10-04T09:22:25,Chaos Core,710030,710030,1,,
9037,2026-10-04T12:54:35,2026-10-04T09:22:25,Chaos Core,710030,710030,1,,
9038,2026-10-04T12:55:10,2026-10-04T09:22:25,Chaos Core,710030,710030,1,,
9039,2026-10-04T12:55:47,2026-10-04T09:22:25,Chaos Core,710030,710030,1,,
9040,2026-10-04T13:02:57,2026-10-04T09:22:25,Chaos Core,704499,704499,1,,
9041,2026-10-04T13:05:40,2026-10-04T09:22:25,Chaos Core,702692,9134996,13,,739918
9042,2026-10-04T13:05:53,2026-10-04T09:22:25,Chaos Core,704499,30293457,43,,739918
9043,2026-10-04T13:06:09,2026-10-04T09:22:25,Chaos Core,710030,31241320,44,,739918
9044,2026-10-04T13:06:25,2026-10-04T09:22:25,Chaos Core,710030,9940420,14,,739918
9045,2026-10-04T13:06:31,2026-10-04T09:22:25,Chaos Core,702692,89241884,127,,739918
9046,2026-10-04T13:06:49,2026-10-04T09:22:25,Chaos Core,710030,1420060,2,,739918
9047,2026-10-04T13:18:34,2026-10-04T09:22:25,Chaos Core,710030,49702100,70,,739902
9048,2026-10-04T13:18:52,2026-10-04T09:22:25,Chaos Core,710030,6390270,9,,739902
9049,2026-10-04T13:19:11,2026-10-04T09:22:25,Chaos Core,712500,24225000,34,,739902
9050,2026-10-04T13:19:31,2026-10-04T09:22:25,Chaos Core,712500,6412500,9,,739902
9051,2026-10-04T13:19:52,2026-10-04T09:22:25,Chaos Core,718000,59594000,83,,739902
9052,2026-10-04T13:20:14,2026-10-04T09:22:25,Chaos Core,718000,1436000,2,,739902
9053,2026-10-04T13:21:56,2026-10-04T09:22:25,Chaos Core,718000,718000,1,,
9054,2026-10-04T13:22:41,2026-10-04T09:22:25,Chaos Core,718000,718000,1,,
9055,2026-10-04T13:26:39,2026-10-04T09:22:25,Chaos Core,712500,712500,1,,739891
9056,2026-10-04T13:27:03,2026-10-04T09:22:25,Chaos Core,718000,155806000,217,,739891
9057,2026-10-04T13:27:22,2026-10-04T09:22:25,Chaos Core,718295,718295,1,,739891
9058,2026-10-04T13:30:05,2026-10-04T09:22:25,Yekaterina VIP Membership,112199999,112199999,1,,
9059,2026-10-04T13:30:51,2026-10-04T09:22:25,Chaos Core,710030,710030,1,,
9060,2026-10-04T13:33:32,2026-10-04T09:22:25,Chaos Core,710030,66032790,93,,739885
9061,2026-10-04T13:33:50,2026-10-04T09:22:25,Chaos Core,712500,712500,1,,739885
9062,2026-10-04T13:34:11,2026-10-04T09:22:25,Chaos Core,718295,87631990,122,,739885
9063,2026-10-04T13:35:28,2026-10-04T09:22:25,Chaos Core,699140,51037220,73,,739885
9064,2026-10-04T13:35:47,2026-10-04T09:22:25,Chaos Core,710000,90880000,128,,739885
9065,2026-10-04T13:40:57,2026-10-04T09:22:25,Chaos Core,718299,718299,1,,
9066,2026-10-04T13:42:25,2026-10-04T09:22:25,Chaos Core,717756,717756,1,,
9067,2026-10-04T13:42:58,2026-10-04T09:22:25,Chaos Core,717756,717756,1,,
9068,2026-10-04T13:43:34,2026-10-04T09:22:25,Chaos Core,717756,717756,1,,
9069,2026-10-04T13:55:18,2026-10-04T09:22:25,Yekaterina VIP Membership,112233333,112233333,1,,
9070,2026-10-04T13:59:04,2026-10-04T09:22:25,Chaos Core,712247,712247,1,,
9071,2026-10-04T14:17:53,2026-10-04T09:22:25,Chaos Core,704987,704987,1,,
9072,2026-10-04T14:19:24,2026-10-04T09:22:25,Chaos Core,704987,704987,1,,
9073,2026-10-04T14:19:58,2026-10-04T09:22:25,Chaos Core,704987,704987,1,,
9074,2026-10-04T14:20:34,2026-10-04T09:22:25,Chaos Core,704987,704987,1,,
9075,2026-10-04T14:25:54,2026-10-04T09:22:25,Chaos Core,701406,701406,1,,
9076,2026-10-04T14:32:51,2026-10-04T09:22:25,Chaos Core,700000,700000,1,,
9077,2026-10-04T14:34:24,2026-10-04T09:22:25,Chaos Core,700000,700000,1,,
9078,2026-10-04T14:35:01,2026-10-04T09:22:25,Chaos Core,700000,700000,1,,
9079,2026-10-04T14:35:38,2026-10-04T09:22:25,Chaos Core,700000,700000,1,,
9080,2026-10-04T14:49:29,2026-10-04T09:22:25,Chaos Core,694998,694998,1,,
9081,2026-10-04T14:56:24,2026-10-04T09:22:25,Chaos Core,694997,694997,1,,
9082,2026-10-04T14:56:59,2026-10-04T09:22:25,Chaos Core,694997,694997,1,,
9083,2026-10-04T14:57:38,2026-10-04T09:22:25,Chaos Core,694997,694997,1,,
9084,2026-10-04T15:03:13,2026-10-04T09:22:25,Chaos Core,704987,704987,1,,
9085,2026-10-04T15:04:47,2026-10-04T09:22:25,Chaos Core,704465,704465,1,,
9086,2026-10-04T15:05:19,2026-10-04T09:22:25,Chaos Core,704465,704465,1,,
9087,2026-10-04T15:05:54,2026-10-04T09:22:25,Chaos Core,704465,704465,1,,
9088,2026-10-04T15:12:55,2026-10-04T09:22:25,Chaos Core,705555,705555,1,,
9089,2026-10-04T15:13:34,2026-10-04T09:22:25,Chaos Core,705555,705555,1,,
9090,2026-10-04T15:14:14,2026-10-04T09:22:25,Chaos Core,705555,705555,1,,
9091,2026-10-04T15:22:05,2026-10-04T09:22:25,Chaos Core,708000,708000,1,,
9092,2026-10-04T15:23:37,2026-10-04T09:22:25,Chaos Core,707377,707377,1,,
9093,2026-10-04T15:25:02,2026-10-04T09:22:25,Chaos Core,708000,708000,1,,
9094,2026-10-04T15:25:52,2026-10-04T09:22:25,Chaos Core,708000,708000,1,,
9095,2026-10-04T15:26:25,2026-10-04T09:22:25,Chaos Core,708000,708000,1,,
9096,2026-10-04T15:34:56,2026-10-04T09:22:25,Force Core Set (High) X 2,152422,304844,2,,165000
9097,2026-10-04T15:35:02,2026-10-04T09:22:25,Force Core Set (High) X 2,152422,15242200,100,,165000
9098,2026-10-04T15:35:07,2026-10-04T09:22:25,Force Core Set (High) X 21,152422,3200862,21,,165000
9099,2026-10-04T15:35:12,2026-10-04T09:22:25,Force Core Set (High) X 21,152426,3200951,21,,165000
9100,2026-10-04T15:35:18,2026-10-04T09:22:25,Force Core Set (High) X 1,159157,5729652,36,,165000
9101,2026-10-04T15:36:45,2026-10-04T09:22:25,Chaos Core,700000,700000,1,,
9102,2026-10-04T15:38:23,2026-10-04T09:22:25,Chaos Core,700000,700000,1,,
9103,2026-10-04T15:44:17,2026-10-04T09:22:25,Chaos Core,698133,698133,1,,
9104,2026-10-04T15:45:48,2026-10-04T09:22:25,Chaos Core,697439,697439,1,,
9105,2026-10-04T15:46:22,2026-10-04T09:22:25,Chaos Core,697439,697439,1,,
9106,2026-10-04T15:47:06,2026-10-04T09:22:25,Chaos Core,698133,698133,1,,
9107,2026-10-04T15:51:52,2026-10-04T09:22:25,Force Core Set (High) X 1,159155,4297185,27,,165000
9108,2026-10-04T15:51:58,2026-10-04T09:22:25,Force Core Set (High) X 1,159157,7162065,45,,165000
9109,2026-10-04T15:52:04,2026-10-04T09:22:25,Force Core Set (High) X 1,159157,3660611,23,,165000
9110,2026-10-04T15:52:09,2026-10-04T09:22:25,Force Core Set (High) X 7,159157,1114099,7,,165000
9111,2026-10-04T15:52:15,2026-10-04T09:22:25,Force Core Set (High) X 57,159157,9071949,57,,165000
9112,2026-10-04T15:53:42,2026-10-04T09:22:25,Chaos Core,698133,698133,1,,
9113,2026-10-04T15:55:08,2026-10-04T09:22:25,Chaos Core,698133,698133,1,,
9114,2026-10-04T15:55:43,2026-10-04T09:22:25,Chaos Core,698133,698133,1,,
9115,2026-10-04T15:56:19,2026-10-04T09:22:25,Chaos Core,698133,698133,1,,
9116,2026-10-04T16:00:22,2026-10-04T09:22:25,Yekaterina VIP Membership,112199999,112199999,1,,
9117,2026-10-04T16:09:48,2026-10-04T09:22:25,Chaos Core,698133,698133,1,,
9118,2026-10-04T16:11:12,2026-10-04T09:22:25,Chaos Core,698133,698133,1,,
9119,2026-10-04T16:11:45,2026-10-04T09:22:25,Chaos Core,698133,698133,1,,
9120,2026-10-04T16:12:20,2026-10-04T09:22:25,Chaos Core,698133,698133,1,,
9121,2026-10-04T16:18:17,2026-10-04T09:22:25,Chaos Core,698133,698133,1,,
9122,2026-10-04T16:19:46,2026-10-04T09:22:25,Chaos Core,700000,700000,1,,
9123,2026-10-04T16:20:40,2026-10-04T09:22:25,Chaos Core,707999,707999,1,,
9124,2026-10-04T16:26:36,2026-10-04T09:22:25,Chaos Core,718000,718000,1,,
9125,2026-10-04T16:28:56,2026-10-04T09:22:25,Chaos Core,718000,718000,1,,
9126,2026-10-04T16:30:00,2026-10-04T09:22:25,Chaos Core,718000,718000,1,,
9127,2026-10-04T16:30:34,2026-10-04T09:22:25,Chaos Core,718000,718000,1,,
9128,2026-10-04T16:44:21,2026-10-04T16:40:45,Chaos Core,720000,720000,1,,
9129,2026-10-04T16:45:03,2026-10-04T16:40:45,Force Core Set (High) X 5,159157,15119915,95,,165000
9130,2026-10-04T16:45:09,2026-10-04T16:40:45,Force Core Set (High) X 8,159157,1273256,8,,165000
9131,2026-10-04T16:45:14,2026-10-04T16:40:45,Force Core Set (High) X 9,159157,1432413,9,,165000
9132,2026-10-04T16:45:19,2026-10-04T16:40:45,Force Core Set (High) X 52,159157,8276164,52,,165000
9133,2026-10-04T16:45:57,2026-10-04T16:40:45,Upgrade Core Set (Ultimate) X 178,479999,85439822,178,,504829
9134,2026-10-04T16:46:02,2026-10-04T16:40:45,Upgrade Core Set (Ultimate) X 254,479999,121919746,254,,504829
9135,2026-10-04T16:48:00,2026-10-04T16:40:45,Chaos Core,719322,719322,1,,
9136,2026-10-04T16:49:33,2026-10-04T16:40:45,Chaos Core,719322,719322,1,,
9137,2026-10-04T16:50:16,2026-10-04T16:40:45,Chaos Core,705555,705555,1,,
9138,2026-10-04T16:51:56,2026-10-04T16:40:45,Chaos Core,705555,31044420,44,,715000
9139,2026-10-04T16:52:22,2026-10-04T16:40:45,Chaos Core,719322,719322,1,,715000
9140,2026-10-04T16:54:26,2026-10-04T16:40:45,Chaos Core,704894,165650090,235,,715000
9141,2026-10-04T16:54:42,2026-10-04T16:40:45,Chaos Core,719322,1438644,2,,715000
9142,2026-10-04T16:57:28,2026-10-04T16:40:45,Yekaterina VIP Membership,112233299,112233299,1,,
9143,2026-10-04T16:59:58,2026-10-04T16:40:45,Chaos Core,719000,719000,1,,
9144,2026-10-04T17:01:28,2026-10-04T16:40:45,Chaos Core,718388,718388,1,,
9145,2026-10-04T17:02:02,2026-10-04T16:40:45,Chaos Core,718388,718388,1,,
9146,2026-10-04T17:02:36,2026-10-04T16:40:45,Chaos Core,717855,717855,1,,
9147,2026-10-04T17:07:13,2026-10-04T16:40:45,Chaos Core,717855,717855,1,,
9148,2026-10-04T17:08:52,2026-10-04T16:40:45,Chaos Core,717855,717855,1,,
9149,2026-10-04T17:09:26,2026-10-04T16:40:45,Chaos Core,717855,717855,1,,
9150,2026-10-04T17:09:59,2026-10-04T16:40:45,Chaos Core,716606,716606,1,,
9151,2026-10-04T17:18:17,2026-10-04T16:40:45,Chaos Core,716050,716050,1,,
9152,2026-10-04T17:25:04,2026-10-04T16:40:45,Chaos Core,712906,712906,1,,
9153,2026-10-04T17:29:55,2026-10-04T16:40:45,Chaos Core,711684,711684,1,,
9154,2026-10-04T17:36:47,2026-10-04T16:40:45,Chaos Core,708971,141085229,199,,715000
9155,2026-10-04T17:37:02,2026-10-04T16:40:45,Chaos Core,710299,1420598,2,,715000
9156,2026-10-04T17:39:57,2026-10-04T16:40:45,Chaos Core,710299,710299,1,,
9157,2026-10-04T17:40:31,2026-10-04T16:40:45,Chaos Core,710299,710299,1,,
9158,2026-10-04T17:43:23,2026-10-04T16:40:45,Chaos Core,707090,28283600,40,,715000
9159,2026-10-04T17:43:45,2026-10-04T16:40:45,Chaos Core,710299,1420598,2,,715000
9160,2026-10-04T17:47:13,2026-10-04T16:40:45,Chaos Core,706666,706666,1,,
9161,2026-10-04T17:51:06,2026-10-04T16:40:45,Chaos Core,699999,146299791,209,,729084
9162,2026-10-04T17:51:18,2026-10-04T16:40:45,Chaos Core,699999,699999,1,,729084
9163,2026-10-04T17:52:31,2026-10-04T16:40:45,Chaos Core,699999,31499955,45,,729084
9164,2026-10-04T17:54:36,2026-10-04T16:40:45,Chaos Core,698299,6982990,10,,729082
9165,2026-10-04T17:54:51,2026-10-04T16:40:45,Chaos Core,699999,83299881,119,,729082
9166,2026-10-04T17:55:07,2026-10-04T16:40:45,Chaos Core,706002,52950150,75,,729082
9167,2026-10-04T18:03:41,2026-10-04T18:00:17,Chaos Core,706002,706002,1,,
9168,2026-10-04T18:04:19,2026-10-04T18:00:17,Chaos Core,706002,10590030,15,,729081
9169,2026-10-04T18:04:32,2026-10-04T18:00:17,Chaos Core,706002,60010170,85,,729081
9170,2026-10-04T18:04:45,2026-10-04T18:00:17,Chaos Core,706666,14839986,21,,729081
9171,2026-10-04T18:05:58,2026-10-04T18:00:17,Chaos Core,707090,101113870,143,,729081
9172,2026-10-04T18:07:28,2026-10-04T18:00:17,Chaos Core,707090,148488900,210,,729081
9173,2026-10-04T18:08:34,2026-10-04T18:00:17,Force Core Set (High) X 1,155568,1244544,8,,165000
9174,2026-10-04T18:19:34,2026-10-04T18:14:07,Chaos Core,704370,704370,1,,
9175,2026-10-04T18:20:15,2026-10-04T18:14:07,Chaos Core,705455,2116365,3,,729075
9176,2026-10-04T18:20:31,2026-10-04T18:14:07,Chaos Core,707090,18384340,26,,729075
9177,2026-10-04T18:20:50,2026-10-04T18:14:07,Chaos Core,710986,4976902,7,,729075
9178,2026-10-04T18:21:52,2026-10-04T18:14:07,Force Core Set (High) X 1,155568,1244544,8,,165000
9179,2026-10-04T18:28:04,2026-10-04T18:14:07,Chaos Core,703740,703740,1,,
9180,2026-10-04T18:36:10,2026-10-04T18:14:07,Chaos Core,701388,701388,1,,
9181,2026-10-04T18:38:17,2026-10-04T18:14:07,Chaos Core,700793,29433306,42,,729062
9182,2026-10-04T18:39:29,2026-10-04T18:14:07,Chaos Core,700793,29433306,42,,729061
9183,2026-10-04T18:39:39,2026-10-04T18:14:07,Chaos Core,700793,4204758,6,,729061
9184,2026-10-04T18:41:27,2026-10-04T18:14:07,Force Core Set (High) X 1,155560,1711160,11,,165000
9185,2026-10-04T18:42:56,2026-10-04T18:14:07,Chaos Core,700793,700793,1,,
9186,2026-10-04T18:44:35,2026-10-04T18:14:07,Chaos Core,700793,700793,1,,
9187,2026-10-04T18:45:45,2026-10-04T18:14:07,Chaos Core,700793,700793,1,,
9188,2026-10-04T18:48:15,2026-10-04T18:14:07,Chaos Core,700793,700793,1,,
9189,2026-10-04T18:49:38,2026-10-04T18:14:07,Force Core Set (High) X 1,155560,1244480,8,,165000
9190,2026-10-04T18:51:09,2026-10-04T18:14:07,Chaos Core,698501,698501,1,,
9191,2026-10-04T18:54:34,2026-10-04T18:14:07,Chaos Core,698501,33528048,48,,729048
9192,2026-10-04T18:58:13,2026-10-04T18:14:07,Force Core Set (High) X 1,155560,311120,2,,165000
9193,2026-10-04T19:03:47,2026-10-04T18:14:07,Chaos Core,698501,698501,1,,
9194,2026-10-04T19:06:48,2026-10-04T18:14:07,Chaos Core,700793,700793,1,,
9195,2026-10-04T19:09:46,2026-10-04T18:14:07,Chaos Core,718388,718388,1,,
9196,2026-10-04T19:13:32,2026-10-04T18:14:07,Chaos Core,719322,719322,1,,
9197,2026-10-04T19:17:40,2026-10-04T18:14:07,Chaos Core,720000,720000,1,,
9198,2026-10-04T19:19:26,2026-10-04T18:14:07,Chaos Core,720000,2160000,3,,729024
9199,2026-10-04T19:19:39,2026-10-04T18:14:07,Chaos Core,720000,1440000,2,,729024
9200,2026-10-04T19:19:54,2026-10-04T18:14:07,Chaos Core,723000,2169000,3,,729024
9201,2026-10-04T19:20:23,2026-10-04T18:14:07,Chaos Core,724363,2173089,3,,729024
9202,2026-10-04T19:20:42,2026-10-04T18:14:07,Chaos Core,725000,2175000,3,,729024
9203,2026-10-04T19:21:02,2026-10-04T18:14:07,Chaos Core,725654,2902616,4,,729024
9204,2026-10-04T19:24:31,2026-10-04T18:14:07,Chaos Core,725654,725654,1,,
9205,2026-10-04T19:25:48,2026-10-04T18:14:07,Force Core Set (High) X 2,159159,318318,2,,165000
9206,2026-10-04T19:25:53,2026-10-04T18:14:07,Force Core Set (High) X 21,159159,3342339,21,,165000
9207,2026-10-04T19:28:14,2026-10-04T18:14:07,Chaos Core,720000,8640000,12,,729023
9208,2026-10-04T19:28:39,2026-10-04T18:14:07,Chaos Core,725654,4353924,6,,729023
9209,2026-10-04T19:30:24,2026-10-04T18:14:07,Chaos Core,720000,179280000,249,,729021
9210,2026-10-04T19:31:39,2026-10-04T18:14:07,Chaos Core,720000,179280000,249,,729020
9211,2026-10-04T19:32:56,2026-10-04T18:14:07,Chaos Core,720000,720000,1,,
9212,2026-10-04T19:34:05,2026-10-04T18:14:07,Chaos Core,720000,167760000,233,,729019
9213,2026-10-04T19:34:17,2026-10-04T18:14:07,Chaos Core,720000,720000,1,,729019
9214,2026-10-04T19:35:35,2026-10-04T18:14:07,Chaos Core,719430,10072020,14,,729018
9215,2026-10-04T19:35:45,2026-10-04T18:14:07,Chaos Core,719430,82015020,114,,729018
9216,2026-10-04T19:35:56,2026-10-04T18:14:07,Chaos Core,719430,65468130,91,,729018
9217,2026-10-04T19:38:23,2026-10-04T18:14:07,Chaos Core,719430,719430,1,,
9218,2026-10-04T19:39:17,2026-10-04T18:14:07,Chaos Core,719430,719430,1,,
9219,2026-10-04T19:40:04,2026-10-04T18:14:07,Chaos Core,719430,719430,1,,
9220,2026-10-04T19:46:17,2026-10-04T18:14:07,Chaos Core,719430,14388600,20,,729007
9221,2026-10-04T19:46:34,2026-10-04T18:14:07,Chaos Core,719430,10072020,14,,729007
9222,2026-10-04T19:47:56,2026-10-04T18:14:07,Chaos Core,719999,7919989,11,,729007
9223,2026-10-04T19:52:33,2026-10-04T18:14:07,Force Core Set (High) X 17,159159,2705703,17,,165000
9224,2026-10-04T19:55:27,2026-10-04T18:14:07,Chaos Core,720000,720000,1,,
9225,2026-10-04T19:58:14,2026-10-04T18:14:07,Chaos Core,725599,725599,1,,
9226,2026-10-04T19:59:12,2026-10-04T18:14:07,Chaos Core,725599,725599,1,,
9227,2026-10-04T19:59:57,2026-10-04T18:14:07,Chaos Core,725599,725599,1,,
9228,2026-10-04T20:02:20,2026-10-04T18:14:07,Force Core Set (High) X 14,159159,2228226,14,,165000
9229,2026-10-04T20:03:06,2026-10-04T18:14:07,Force Core Set (High) X 45,159159,7162155,45,,165000
9230,2026-10-04T20:03:50,2026-10-04T18:14:07,Upgrade Core Set (Ultimate) X 18,452777,8149986,18,,504423
9231,2026-10-04T20:03:55,2026-10-04T18:14:07,Upgrade Core Set (Ultimate) X 32,452777,14488864,32,,504423
9232,2026-10-04T20:04:00,2026-10-04T18:14:07,Upgrade Core Set (Ultimate) X 116,452777,52522132,116,,504423
9233,2026-10-04T20:04:05,2026-10-04T18:14:07,Upgrade Core Set (Ultimate) X 24,453159,10875816,24,,504423
9234,2026-10-04T20:10:36,2026-10-04T18:14:07,Chaos Core,716981,27962259,39,,728993
9235,2026-10-04T20:12:00,2026-10-04T18:14:07,Chaos Core,725599,725599,1,,
9236,2026-10-04T20:12:50,2026-10-04T18:14:07,Chaos Core,725599,725599,1,,
9237,2026-10-04T20:13:34,2026-10-04T18:14:07,Chaos Core,725654,725654,1,,
9238,2026-10-04T20:15:29,2026-10-04T18:14:07,Force Core Set (High) X 500,160000,80000000,500,,165000
9239,2026-10-04T20:18:11,2026-10-04T18:14:07,Chaos Core,725654,725654,1,,
9240,2026-10-04T20:20:06,2026-10-04T18:14:07,Chaos Core,725000,725000,1,,
9241,2026-10-04T20:20:50,2026-10-04T18:14:07,Chaos Core,725000,725000,1,,
9242,2026-10-04T20:21:24,2026-10-04T18:14:07,Chaos Core,725000,725000,1,,
9243,2026-10-04T20:26:47,2026-10-04T18:14:07,Chaos Core,725654,725654,1,,
9244,2026-10-04T20:27:35,2026-10-04T18:14:07,Chaos Core,725654,725654,1,,
9245,2026-10-04T20:28:07,2026-10-04T18:14:07,Chaos Core,725654,725654,1,,
9246,2026-10-04T20:31:50,2026-10-04T18:14:07,Chaos Core,725654,725654,1,,
9247,2026-10-04T20:33:13,2026-10-04T18:14:07,Chaos Core,725654,725654,1,,
9248,2026-10-04T20:34:04,2026-10-04T18:14:07,Chaos Core,725654,725654,1,,
9249,2026-10-04T20:34:40,2026-10-04T18:14:07,Chaos Core,725654,725654,1,,
9250,2026-10-04T20:36:38,2026-10-04T18:14:07,Chaos Core,720000,87840000,122,,729074
9251,2026-10-04T20:37:01,2026-10-04T18:14:07,Chaos Core,725654,725654,1,,729074
9252,2026-10-04T20:37:59,2026-10-04T18:14:07,Chaos Core,720000,44640000,62,,729074
9253,2026-10-04T20:38:22,2026-10-04T18:14:07,Chaos Core,725654,725654,1,,729074
9254,2026-10-04T20:39:17,2026-10-04T18:14:07,Chaos Core,720000,82080000,114,,729073
9255,2026-10-04T20:39:26,2026-10-04T18:14:07,Chaos Core,720000,78480000,109,,729073
9256,2026-10-04T20:39:43,2026-10-04T18:14:07,Chaos Core,725654,1451308,2,,729073
9257,2026-10-04T20:40:52,2026-10-04T18:14:07,Chaos Core,720000,7200000,10,,729071
9258,2026-10-04T20:41:01,2026-10-04T18:14:07,Chaos Core,720000,82080000,114,,729071
9259,2026-10-04T20:41:10,2026-10-04T18:14:07,Chaos Core,720000,2160000,3,,729071
9260,2026-10-04T20:41:31,2026-10-04T18:14:07,Chaos Core,720000,1440000,2,,729071
9261,2026-10-04T20:42:30,2026-10-04T18:14:07,Chaos Core,720000,12240000,17,,729070
9262,2026-10-04T20:44:08,2026-10-04T18:14:07,Chaos Core,725654,725654,1,,729070
9263,2026-10-04T20:45:19,2026-10-04T18:14:07,Force Core Set (High) X 1,159153,4456284,28,,165000
9264,2026-10-04T20:45:26,2026-10-04T18:14:07,Force Core Set (High) X 1,159153,24191256,152,,165000
9265,2026-10-04T20:46:10,2026-10-04T18:14:07,Force Core Set (High) X 1,159153,15596994,98,,165000
9266,2026-10-04T20:46:17,2026-10-04T18:14:07,Force Core Set (High) X 1,159153,13050546,82,,165000
9267,2026-10-04T20:49:57,2026-10-04T18:14:07,Chaos Core,720000,159120000,221,,729068
9268,2026-10-04T20:50:14,2026-10-04T18:14:07,Chaos Core,725654,725654,1,,729068
9269,2026-10-04T20:51:21,2026-10-04T18:14:07,Chaos Core,719409,719409,1,,729068
9270,2026-10-04T20:51:28,2026-10-04T18:14:07,Chaos Core,719409,56833311,79,,729068
9271,2026-10-04T20:52:02,2026-10-04T18:14:07,Chaos Core,725654,725654,1,,729068
9272,2026-10-04T20:53:25,2026-10-04T18:14:07,Chaos Core,719409,11510544,16,,729066
9273,2026-10-04T20:54:01,2026-10-04T18:14:07,Chaos Core,725654,1451308,2,,729066
9274,2026-10-04T20:56:46,2026-10-04T18:14:07,Chaos Core,719409,34531632,48,,729067
9275,2026-10-04T20:59:26,2026-10-04T18:14:07,Chaos Core,719409,3597045,5,,729065
9276,2026-10-04T20:59:47,2026-10-04T18:14:07,Chaos Core,724000,107876000,149,,729065
9277,2026-10-04T21:00:06,2026-10-04T18:14:07,Chaos Core,725654,1451308,2,,729065
9278,2026-10-04T21:10:05,2026-10-04T18:14:07,Chaos Core,717747,18661422,26,,739165
9279,2026-10-04T21:10:15,2026-10-04T18:14:07,Chaos Core,717747,21532410,30,,739165
9280,2026-10-04T21:10:26,2026-10-04T18:14:07,Chaos Core,717747,2870988,4,,739165
9281,2026-10-04T21:10:38,2026-10-04T18:14:07,Chaos Core,717747,2870988,4,,739165
9282,2026-10-04T21:10:51,2026-10-04T18:14:07,Chaos Core,717747,2870988,4,,739165
9283,2026-10-04T21:11:08,2026-10-04T18:14:07,Chaos Core,719409,719409,1,,739165
9284,2026-10-04T21:11:27,2026-10-04T18:14:07,Chaos Core,719409,719409,1,,739165
9285,2026-10-04T21:11:53,2026-10-04T18:14:07,Chaos Core,720000,720000,1,,739165
9286,2026-10-04T21:12:13,2026-10-04T18:14:07,Chaos Core,720000,720000,1,,739165
9287,2026-10-04T21:12:36,2026-10-04T18:14:07,Chaos Core,725654,2176962,3,,739165
9288,2026-10-04T21:12:56,2026-10-04T18:14:07,Chaos Core,725654,2902616,4,,739165
9289,2026-10-04T21:13:17,2026-10-04T18:14:07,Chaos Core,727832,6550488,9,,739165
9290,2026-10-04T21:13:35,2026-10-04T18:14:07,Chaos Core,728000,5096000,7,,739165
9291,2026-10-04T21:13:46,2026-10-04T18:14:07,Chaos Core,728000,2912000,4,,739165
9292,2026-10-04T21:14:01,2026-10-04T18:14:07,Chaos Core,728000,2912000,4,,739165
9293,2026-10-04T21:14:16,2026-10-04T18:14:07,Chaos Core,728157,2184471,3,,739165
9294,2026-10-04T21:14:34,2026-10-04T18:14:07,Chaos Core,728157,4368942,6,,739165
9295,2026-10-04T21:14:41,2026-10-04T18:14:07,Chaos Core,725654,91432404,126,,739165
9296,2026-10-04T21:14:56,2026-10-04T18:14:07,Chaos Core,728157,1456314,2,,739165
9297,2026-10-04T21:16:04,2026-10-04T18:14:07,Chaos Core,725654,47167510,65,,739164
9298,2026-10-04T21:17:22,2026-10-04T18:14:07,Chaos Core,728379,2913516,4,,739164
9299,2026-10-04T21:17:39,2026-10-04T18:14:07,Chaos Core,728379,14567580,20,,739164
9300,2026-10-04T21:18:04,2026-10-04T18:14:07,Chaos Core,728379,1456758,2,,739164
9301,2026-10-04T21:18:23,2026-10-04T18:14:07,Chaos Core,728379,18937854,26,,739164
9302,2026-10-04T21:18:44,2026-10-04T18:14:07,Chaos Core,728379,2185137,3,,739164
9303,2026-10-04T21:19:04,2026-10-04T18:14:07,Chaos Core,728379,26950023,37,,739164
9304,2026-10-04T21:19:19,2026-10-04T18:14:07,Chaos Core,728379,42245982,58,,739164
9305,2026-10-04T21:19:38,2026-10-04T18:14:07,Chaos Core,728379,728379,1,,739164
9306,2026-10-04T21:21:00,2026-10-04T18:14:07,Chaos Core,728379,33505434,46,,739165
9307,2026-10-04T21:22:25,2026-10-04T18:14:07,Chaos Core,728379,13110822,18,,739165
9308,2026-10-04T21:22:41,2026-10-04T18:14:07,Chaos Core,728379,728379,1,,739165
9309,2026-10-04T21:22:59,2026-10-04T18:14:07,Chaos Core,728379,5098653,7,,739165
9310,2026-10-04T21:23:18,2026-10-04T18:14:07,Chaos Core,728379,6555411,9,,739165
9311,2026-10-04T21:23:38,2026-10-04T18:14:07,Chaos Core,728379,6555411,9,,739165
9312,2026-10-04T21:24:01,2026-10-04T18:14:07,Chaos Core,728379,3641895,5,,739165
9313,2026-10-04T21:24:21,2026-10-04T18:14:07,Chaos Core,728379,3641895,5,,739165
9314,2026-10-04T21:25:46,2026-10-04T18:14:07,Chaos Core,728379,9468927,13,,739165
9315,2026-10-04T21:26:08,2026-10-04T18:14:07,Chaos Core,728379,3641895,5,,739165
9316,2026-10-04T21:26:26,2026-10-04T18:14:07,Chaos Core,728379,4370274,6,,739165
9317,2026-10-04T21:26:45,2026-10-04T18:14:07,Chaos Core,728379,1456758,2,,739165
9318,2026-10-04T21:27:07,2026-10-04T18:14:07,Chaos Core,728379,34233813,47,,739165
9319,2026-10-04T21:27:12,2026-10-04T18:14:07,Chaos Core,725651,725651,1,,739165
9320,2026-10-04T21:28:19,2026-10-04T18:14:07,Chaos Core,725651,5079557,7,,739163
9321,2026-10-04T21:28:40,2026-10-04T18:14:07,Chaos Core,728379,728379,1,,739163
9322,2026-10-04T21:28:59,2026-10-04T18:14:07,Chaos Core,728379,728379,1,,739163
9323,2026-10-04T21:29:20,2026-10-04T18:14:07,Chaos Core,728379,1456758,2,,739163
9324,2026-10-04T21:29:45,2026-10-04T18:14:07,Chaos Core,728379,19666233,27,,739163
9325,2026-10-04T21:29:51,2026-10-04T18:14:07,Chaos Core,725651,105219395,145,,739163
9326,2026-10-04T21:36:18,2026-10-04T18:14:07,Chaos Core,725000,725000,1,,
9327,2026-10-04T21:37:44,2026-10-04T18:14:07,Chaos Core,725000,725000,1,,
9328,2026-10-04T21:38:29,2026-10-04T18:14:07,Chaos Core,725000,725000,1,,
9329,2026-10-04T21:39:10,2026-10-04T18:14:07,Chaos Core,724437,724437,1,,
9330,2026-10-04T21:39:59,2026-10-04T18:14:07,Chaos Core,724437,18110925,25,,739161
9331,2026-10-04T21:40:10,2026-10-04T18:14:07,Chaos Core,725000,725000,1,,739161
9332,2026-10-04T21:40:22,2026-10-04T18:14:07,Chaos Core,725000,2900000,4,,739161
9333,2026-10-04T21:40:36,2026-10-04T18:14:07,Chaos Core,725651,3628255,5,,739161
9334,2026-10-04T21:40:52,2026-10-04T18:14:07,Chaos Core,725651,1451302,2,,739161
9335,2026-10-04T21:41:15,2026-10-04T18:14:07,Chaos Core,728000,728000,1,,739161
9336,2026-10-04T21:42:45,2026-10-04T18:14:07,Chaos Core,725654,725654,1,,739161
9337,2026-10-04T21:43:02,2026-10-04T18:14:07,Chaos Core,728379,728379,1,,739161
9338,2026-10-04T21:43:29,2026-10-04T18:14:07,Chaos Core,728379,1456758,2,,739161
9339,2026-10-04T21:45:38,2026-10-04T18:14:07,Chaos Core,728379,2913516,4,,739160
9340,2026-10-04T21:46:54,2026-10-04T18:14:07,Chaos Core,728379,10197306,14,,739160
9341,2026-10-04T21:47:41,2026-10-04T18:14:07,Chaos Core,723268,5062876,7,,739159
9342,2026-10-04T21:47:49,2026-10-04T18:14:07,Chaos Core,723268,2169804,3,,739159
9343,2026-10-04T21:48:08,2026-10-04T18:14:07,Chaos Core,725651,725651,1,,739159
9344,2026-10-04T21:48:32,2026-10-04T18:14:07,Chaos Core,728379,728379,1,,739159
9345,2026-10-04T21:50:15,2026-10-04T18:14:07,Chaos Core,728379,43702740,60,,739159
9346,2026-10-04T21:50:36,2026-10-04T18:14:07,Chaos Core,729999,19709973,27,,739159
9347,2026-10-04T21:54:13,2026-10-04T18:14:07,Chaos Core,729999,16789977,23,,739155
9348,2026-10-04T21:54:32,2026-10-04T18:14:07,Chaos Core,729999,35769951,49,,739155
9349,2026-10-04T21:54:46,2026-10-04T18:14:07,Chaos Core,725000,725000,1,,739155
9350,2026-10-04T21:56:11,2026-10-04T18:14:07,Chaos Core,729999,8759988,12,,739155
9351,2026-10-04T21:56:42,2026-10-04T18:14:07,Chaos Core,730000,70080000,96,,739155
9352,2026-10-04T21:57:00,2026-10-04T18:14:07,Chaos Core,729999,1459998,2,,739155
9353,2026-10-04T21:58:28,2026-10-04T18:14:07,Chaos Core,729999,729999,1,,739153
9354,2026-10-04T21:58:47,2026-10-04T18:14:07,Chaos Core,729999,11679984,16,,739153
9355,2026-10-04T21:59:08,2026-10-04T18:14:07,Chaos Core,730000,5840000,8,,739153
9356,2026-10-04T21:59:29,2026-10-04T18:14:07,Chaos Core,730000,7300000,10,,739153
9357,2026-10-04T21:59:55,2026-10-04T18:14:07,Chaos Core,730000,2190000,3,,739153
9358,2026-10-04T22:00:14,2026-10-04T18:14:07,Chaos Core,730000,37960000,52,,739153
9359,2026-10-04T22:05:19,2026-10-04T18:14:07,Chaos Core,723268,723268,1,,
9360,2026-10-04T22:09:15,2026-10-04T18:14:07,Chaos Core,730000,730000,1,,739143
9361,2026-10-04T22:09:39,2026-10-04T18:14:07,Chaos Core,730000,165710000,227,,739143
9362,2026-10-04T22:11:22,2026-10-04T18:14:07,Chaos Core,730000,30660000,42,,739141
9363,2026-10-04T22:12:56,2026-10-04T18:14:07,Chaos Core,730000,129210000,177,,739141
9364,2026-10-04T22:15:44,2026-10-04T18:14:07,Chaos Core,730000,74460000,102,,739140
9365,2026-10-04T22:16:06,2026-10-04T18:14:07,Chaos Core,730000,6570000,9,,739140
9366,2026-10-04T22:16:28,2026-10-04T18:14:07,Chaos Core,730000,48180000,66,,739140
9367,2026-10-04T22:17:57,2026-10-04T18:14:07,Chaos Core,730000,135780000,186,,739138
9368,2026-10-04T22:19:25,2026-10-04T18:14:07,Chaos Core,730000,72270000,99,,739136
9369,2026-10-04T22:23:03,2026-10-04T18:14:07,Chaos Core,729998,729998,1,,
9370,2026-10-04T22:26:15,2026-10-04T18:14:07,Chaos Core,729998,729998,1,,
9371,2026-10-04T22:29:06,2026-10-04T18:14:07,Chaos Core,739000,739000,1,,
9372,2026-10-04T22:29:52,2026-10-04T18:14:07,Chaos Core,739000,739000,1,,
9373,2026-10-04T22:31:57,2026-10-04T18:14:07,Chaos Core,729999,35769951,49,,739140
9374,2026-10-04T22:32:29,2026-10-04T18:14:07,Chaos Core,729999,729999,1,,739140
9375,2026-10-04T22:32:46,2026-10-04T18:14:07,Chaos Core,739000,739000,1,,739140
9376,2026-10-04T22:34:14,2026-10-04T18:14:07,Chaos Core,728258,67727994,93,,739139
9377,2026-10-04T22:39:54,2026-10-04T18:14:07,Epic Booster (Highest),46750000,187000000,4,,
9378,2026-10-04T22:41:37,2026-10-04T18:14:07,Chaos Core,729999,729999,1,,
9379,2026-10-04T22:43:26,2026-10-04T18:14:07,Chaos Core,739000,739000,1,,
9380,2026-10-04T22:44:10,2026-10-04T18:14:07,Chaos Core,729449,729449,1,,
9381,2026-10-04T22:44:43,2026-10-04T18:14:07,Chaos Core,725000,123250000,170,,739137
9382,2026-10-04T22:45:44,2026-10-04T18:14:07,Chaos Core,725000,725000,1,,739137
9383,2026-10-04T22:48:30,2026-10-04T18:14:07,Chaos Core,739000,739000,1,,
9384,2026-10-04T22:49:11,2026-10-04T18:14:07,Chaos Core,739000,739000,1,,
9385,2026-10-04T22:52:20,2026-10-04T18:14:07,Chaos Core,725000,725000,1,,739133
9386,2026-10-04T22:52:47,2026-10-04T18:14:07,Chaos Core,739000,12563000,17,,739133
9387,2026-10-04T22:54:59,2026-10-04T18:14:07,Chaos Core,724469,176770436,244,,739130
9388,2026-10-04T22:55:17,2026-10-04T18:14:07,Chaos Core,739000,1478000,2,,739130
9389,2026-10-04T22:58:07,2026-10-04T18:14:07,Chaos Core,739000,739000,1,,
9390,2026-10-04T22:59:41,2026-10-04T18:14:07,Chaos Core,739000,739000,1,,
9391,2026-10-04T23:01:04,2026-10-04T18:14:07,Chaos Core,739000,739000,1,,
9392,2026-10-04T23:02:08,2026-10-04T18:14:07,Chaos Core,722137,28885480,40,,739123
9393,2026-10-04T23:02:19,2026-10-04T18:14:07,Chaos Core,722137,179812113,249,,739123
9394,2026-10-04T23:02:42,2026-10-04T18:14:07,Chaos Core,739000,1478000,2,,739123
9395,2026-10-04T23:03:56,2026-10-04T18:14:07,Chaos Core,722100,33938700,47,,739121
9396,2026-10-04T23:04:12,2026-10-04T18:14:07,Chaos Core,739000,739000,1,,739121
9397,2026-10-04T23:06:23,2026-10-04T18:14:07,Chaos Core,739000,739000,1,,
9398,2026-10-04T23:08:31,2026-10-04T18:14:07,Chaos Core,739000,739000,1,,
9399,2026-10-04T23:11:15,2026-10-04T18:14:07,Chaos Core,739000,739000,1,,
9400,2026-10-04T23:12:05,2026-10-04T18:14:07,Chaos Core,739000,739000,1,,
9401,2026-10-04T23:12:38,2026-10-04T18:14:07,Chaos Core,739000,739000,1,,
9402,2026-10-04T23:14:56,2026-10-04T18:14:07,Chaos Core,738436,738436,1,,
9403,2026-10-04T23:17:13,2026-10-04T18:14:07,Chaos Core,737894,737894,1,,
9404,2026-10-04T23:18:37,2026-10-04T18:14:07,Yekaterina VIP Membership,112200000,112200000,1,,
9405,2026-10-04T23:19:13,2026-10-04T18:14:07,Chaos Core,737894,737894,1,,
9406,2026-10-04T23:19:57,2026-10-04T18:14:07,Chaos Core,737248,737248,1,,
9407,2026-10-04T23:20:36,2026-10-04T18:14:07,Chaos Core,737248,737248,1,,
9408,2026-10-04T23:23:50,2026-10-04T18:14:07,Chaos Core,737247,737247,1,,
9409,2026-10-04T23:26:15,2026-10-04T18:14:07,Chaos Core,737248,737248,1,,
9410,2026-10-04T23:28:02,2026-10-04T18:14:07,Chaos Core,737894,737894,1,,
9411,2026-10-04T23:28:42,2026-10-04T18:14:07,Chaos Core,737894,737894,1,,
9412,2026-10-04T23:36:53,2026-10-04T23:33:18,Chaos Core,737894,737894,1,,
9413,2026-10-04T23:38:37,2026-10-04T23:33:18,Chaos Core,737894,737894,1,,
9414,2026-10-04T23:42:14,2026-10-04T23:33:18,Chaos Core,737342,737342,1,,
9415,2026-10-04T23:43:06,2026-10-04T23:33:18,Chaos Core,737342,737342,1,,
9416,2026-10-04T23:44:33,2026-10-04T23:33:18,Chaos Core,737342,737342,1,,
9417,2026-10-04T23:46:30,2026-10-04T23:33:18,Chaos Core,737342,737342,1,,
9418,2026-10-04T23:48:59,2026-10-04T23:33:18,Chaos Core,737342,737342,1,,
9419,2026-10-04T23:50:21,2026-10-04T23:33:18,Yekaterina VIP Membership,111600000,111600000,1,,
9420,2026-10-04T23:50:57,2026-10-04T23:33:18,Chaos Core,735658,735658,1,,
9421,2026-10-04T23:52:09,2026-10-04T23:33:18,Chaos Core,735658,735658,1,,
9422,2026-10-04T23:53:34,2026-10-04T23:33:18,Chaos Core,735042,735042,1,,
9423,2026-10-04T23:56:02,2026-10-04T23:33:18,Chaos Core,735042,735042,1,,
9424,2026-10-04T23:58:49,2026-10-04T23:33:18,Chaos Core,734405,734405,1,,
9425,2026-10-04T23:59:33,2026-10-04T23:33:18,Chaos Core,734405,4406430,6,,739736
9426,2026-10-04T23:59:55,2026-10-04T23:33:18,Chaos Core,735042,1470084,2,,739736
9427,2026-10-05T00:00:56,2026-10-04T23:33:18,Chaos Core,733742,5136194,7,,739736
9428,2026-10-05T00:01:24,2026-10-04T23:33:18,Chaos Core,735658,2206974,3,,739736
9429,2026-10-05T00:04:06,2026-10-04T23:33:18,Chaos Core,735658,735658,1,,
9430,2026-10-05T00:04:43,2026-10-04T23:33:18,Chaos Core,735658,735658,1,,
9431,2026-10-05T00:06:29,2026-10-04T23:33:18,Chaos Core,735658,735658,1,,
9432,2026-10-05T00:09:16,2026-10-04T23:33:18,Chaos Core,739000,739000,1,,
9433,2026-10-05T00:10:45,2026-10-04T23:33:18,Chaos Core,740000,740000,1,,
9434,2026-10-05T00:11:34,2026-10-04T23:33:18,Chaos Core,740000,740000,1,,
9435,2026-10-05T00:12:21,2026-10-04T23:33:18,Chaos Core,740000,740000,1,,
9436,2026-10-05T00:13:58,2026-10-04T23:33:18,Chaos Core,740000,740000,1,,
9437,2026-10-05T00:16:34,2026-10-04T23:33:18,Chaos Core,740000,740000,1,,
9438,2026-10-05T00:18:09,2026-10-04T23:33:18,Chaos Core,740000,740000,1,,
9439,2026-10-05T00:18:53,2026-10-04T23:33:18,Chaos Core,737234,737234,1,,
9440,2026-10-05T00:19:31,2026-10-04T23:33:18,Chaos Core,737234,737234,1,,
9441,2026-10-05T00:21:07,2026-10-04T23:33:18,Chaos Core,715000,37895000,53,,738000
9442,2026-10-05T00:21:26,2026-10-04T23:33:18,Chaos Core,737234,737234,1,,738000
9443,2026-10-05T00:22:28,2026-10-04T23:33:18,Chaos Core,715000,1430000,2,,737999
9444,2026-10-05T00:22:49,2026-10-04T23:33:18,Chaos Core,737234,1474468,2,,737999
9445,2026-10-05T00:23:05,2026-10-04T23:33:18,Chaos Core,740000,1480000,2,,737999
9446,2026-10-05T00:23:23,2026-10-04T23:33:18,Chaos Core,740000,3700000,5,,737999
9447,2026-10-05T00:23:43,2026-10-04T23:33:18,Chaos Core,740000,4440000,6,,737999
9448,2026-10-05T00:24:04,2026-10-04T23:33:18,Chaos Core,740000,740000,1,,737999
9449,2026-10-05T00:27:06,2026-10-04T23:33:18,Chaos Core,715000,29315000,41,,737998
9450,2026-10-05T00:27:41,2026-10-04T23:33:18,Chaos Core,740000,740000,1,,737998
9451,2026-10-05T00:30:52,2026-10-04T23:33:18,Chaos Core,740000,740000,1,,
9452,2026-10-05T00:36:36,2026-10-04T23:33:18,Chaos Core,749998,749998,1,,
9453,2026-10-05T00:38:08,2026-10-04T23:33:18,Chaos Core,749998,749998,1,,
9454,2026-10-05T00:40:24,2026-10-04T23:33:18,Chaos Core,748785,748785,1,,
9455,2026-10-05T00:42:03,2026-10-04T23:33:18,Chaos Core,748785,748785,1,,
9456,2026-10-05T00:43:40,2026-10-04T23:33:18,Chaos Core,749998,749998,1,,
9457,2026-10-05T00:46:10,2026-10-04T23:33:18,Chaos Core,749998,749998,1,,
9458,2026-10-05T00:46:52,2026-10-04T23:33:18,Chaos Core,749998,749998,1,,
9459,2026-10-05T00:48:54,2026-10-04T23:33:18,Chaos Core,749998,749998,1,,
9460,2026-10-05T00:50:27,2026-10-04T23:33:18,Chaos Core,750000,750000,1,,
9461,2026-10-05T00:51:01,2026-10-04T23:33:18,Chaos Core,750000,750000,1,,
9462,2026-10-05T00:52:30,2026-10-04T23:33:18,Chaos Core,750000,750000,1,,
9463,2026-10-05T00:53:03,2026-10-04T23:33:18,Chaos Core,748194,748194,1,,
9464,2026-10-05T00:53:35,2026-10-04T23:33:18,Chaos Core,747625,747625,1,,
9465,2026-10-05T00:58:54,2026-10-04T23:33:18,Chaos Core,747101,747101,1,,
9466,2026-10-05T01:01:29,2026-10-04T23:33:18,Chaos Core,747101,747101,1,,
9467,2026-10-05T01:02:52,2026-10-04T23:33:18,Chaos Core,746555,746555,1,,
9468,2026-10-05T01:03:24,2026-10-04T23:33:18,Chaos Core,745393,745393,1,,
9469,2026-10-05T01:04:36,2026-10-04T23:33:18,Chaos Core,745393,745393,1,,
9470,2026-10-05T01:05:08,2026-10-04T23:33:18,Chaos Core,746000,746000,1,,
9471,2026-10-05T01:06:34,2026-10-04T23:33:18,Upgrade Core Set (Ultimate) X 1,453159,453159,1,,504170
9472,2026-10-05T01:06:39,2026-10-04T23:33:18,Upgrade Core Set (Ultimate) X 49,453159,22204791,49,,504170
9473,2026-10-05T01:08:03,2026-10-04T23:33:18,Chaos Core,745427,745427,1,,
9474,2026-10-05T01:12:09,2026-10-04T23:33:18,Chaos Core,744320,744320,1,,
9475,2026-10-05T01:12:44,2026-10-04T23:33:18,Chaos Core,744320,744320,1,,
9476,2026-10-05T01:14:00,2026-10-04T23:33:18,Chaos Core,744320,744320,1,,
9477,2026-10-05T01:25:57,2026-10-04T23:33:18,Chaos Core,738987,738987,1,,
9478,2026-10-05T01:26:34,2026-10-04T23:33:18,Chaos Core,738987,738987,1,,
9479,2026-10-05T01:29:21,2026-10-04T23:33:18,Chaos Core,738403,738403,1,,
9480,2026-10-05T01:32:14,2026-10-04T23:33:18,Chaos Core,725654,725654,1,,
9481,2026-10-05T01:32:48,2026-10-04T23:33:18,Chaos Core,725654,725654,1,,
9482,2026-10-05T01:34:21,2026-10-04T23:33:18,Chaos Core,725654,61680590,85,,739950
9483,2026-10-05T01:34:58,2026-10-04T23:33:18,Chaos Core,737737,1475474,2,,739950
9484,2026-10-05T01:36:17,2026-10-04T23:33:18,Chaos Core,737737,737737,1,,
9485,2026-10-05T01:37:32,2026-10-04T23:33:18,Chaos Core,737737,737737,1,,
9486,2026-10-05T01:41:55,2026-10-04T23:33:18,Chaos Core,737105,737105,1,,
9487,2026-10-05T01:42:49,2026-10-04T23:33:18,Chaos Core,734772,72742428,99,,739941
9488,2026-10-05T01:43:01,2026-10-04T23:33:18,Chaos Core,734772,174140964,237,,739941
9489,2026-10-05T01:48:15,2026-10-04T23:33:18,Chaos Core,737105,737105,1,,
9490,2026-10-05T01:49:37,2026-10-04T23:33:18,Chaos Core,737105,737105,1,,
9491,2026-10-05T01:51:00,2026-10-04T23:33:18,Chaos Core,737105,737105,1,,
9492,2026-10-05T01:51:37,2026-10-04T23:33:18,Force Core Set (Highest) X 135,185185,25000000,135,,194000
9493,2026-10-05T01:52:30,2026-10-04T23:33:18,Force Core Set (Ultimate) X 1,303571,303571,1,,320000
9494,2026-10-05T01:52:36,2026-10-04T23:33:18,Force Core Set (Ultimate) X 1,303571,607142,2,,320000
9495,2026-10-05T01:52:40,2026-10-04T23:33:18,Force Core Set (Ultimate) X 5,303571,1517855,5,,320000
9496,2026-10-05T01:52:46,2026-10-04T23:33:18,Force Core Set (Ultimate) X 9,303571,2732139,9,,320000
9497,2026-10-05T01:52:51,2026-10-04T23:33:18,Force Core Set (Ultimate) X 9,303571,2732139,9,,320000
9498,2026-10-05T01:53:33,2026-10-04T23:33:18,Force Core Set (Ultimate) X 9,303571,2732139,9,,320000
9499,2026-10-05T01:53:39,2026-10-04T23:33:18,Force Core Set (Ultimate) X 10,303571,54642780,180,,320000
9500,2026-10-05T01:54:23,2026-10-04T23:33:18,Force Core Set (Ultimate) X 10,303571,54642780,180,,320000
9501,2026-10-05T01:56:07,2026-10-04T23:33:18,Chaos Core,737105,737105,1,,
9502,2026-10-05T01:56:40,2026-10-04T23:33:18,Chaos Core,737105,737105,1,,
9503,2026-10-05T01:59:50,2026-10-04T23:33:18,Upgrade Core Set (Ultimate) X 18,442307,7961526,18,,504100
9504,2026-10-05T01:59:55,2026-10-04T23:33:18,Upgrade Core Set (Ultimate) X 26,442307,11500000,26,,504100
9505,2026-10-05T02:01:14,2026-10-04T23:33:18,Chaos Core,738403,738403,1,,
9506,2026-10-05T02:02:27,2026-10-04T23:33:18,Chaos Core,738403,738403,1,,
9507,2026-10-05T02:03:02,2026-10-04T23:33:18,Chaos Core,738403,738403,1,,
9508,2026-10-05T02:04:58,2026-10-04T23:33:18,Chaos Core,738403,738403,1,,
9509,2026-10-05T02:05:30,2026-10-04T23:33:18,Chaos Core,738403,738403,1,,
9510,2026-10-05T02:08:26,2026-10-04T23:33:18,Chaos Core,737157,737157,1,,
9511,2026-10-05T02:09:40,2026-10-04T23:33:18,Chaos Core,737157,737157,1,,
9512,2026-10-05T02:10:15,2026-10-04T23:33:18,Chaos Core,737157,737157,1,,
9513,2026-10-05T02:14:41,2026-10-04T23:33:18,Chaos Core,737157,737157,1,,
9514,2026-10-05T02:15:54,2026-10-04T23:33:18,Chaos Core,735484,735484,1,,
9515,2026-10-05T02:16:28,2026-10-04T23:33:18,Chaos Core,735484,735484,1,,
9516,2026-10-05T02:22:59,2026-10-04T23:33:18,Chaos Core,732490,732490,1,,
9517,2026-10-05T02:23:34,2026-10-04T23:33:18,Chaos Core,732490,732490,1,,
9518,2026-10-05T02:24:06,2026-10-04T23:33:18,Chaos Core,732490,32962050,45,,738460
9519,2026-10-05T02:24:16,2026-10-04T23:33:18,Chaos Core,732490,97421170,133,,738460
9520,2026-10-05T02:24:28,2026-10-04T23:33:18,Chaos Core,734999,1469998,2,,738460
9521,2026-10-05T02:28:36,2026-10-04T23:33:18,Chaos Core,735000,735000,1,,
9522,2026-10-05T02:29:30,2026-10-04T23:33:18,Chaos Core,735000,735000,1,,
9523,2026-10-05T02:32:35,2026-10-04T23:33:18,Chaos Core,735000,735000,1,,
9524,2026-10-05T02:35:16,2026-10-04T23:33:18,Chaos Core,735000,735000,1,,
9525,2026-10-05T02:36:09,2026-10-04T23:33:18,Chaos Core,735000,735000,1,,
9526,2026-10-05T02:37:19,2026-10-04T23:33:18,Chaos Core,731282,15356922,21,,738433
9527,2026-10-05T02:37:30,2026-10-04T23:33:18,Chaos Core,731282,83366148,114,,738433
9528,2026-10-05T02:38:41,2026-10-04T23:33:18,Chaos Core,730639,38723867,53,,738432
9529,2026-10-05T02:38:52,2026-10-04T23:33:18,Chaos Core,730639,181929111,249,,738432
9530,2026-10-05T02:38:57,2026-10-04T23:33:18,Chaos Core,730639,730639,1,,738432
9531,2026-10-05T02:40:15,2026-10-04T23:33:18,Chaos Core,730639,26303004,36,,738426
9532,2026-10-05T02:42:28,2026-10-04T23:33:18,Chaos Core,735000,735000,1,,
9533,2026-10-05T02:43:36,2026-10-04T23:33:18,Chaos Core,735000,735000,1,,
9534,2026-10-05T02:44:40,2026-10-04T23:33:18,Chaos Core,725654,114653332,158,,738420
9535,2026-10-05T02:44:48,2026-10-04T23:33:18,Chaos Core,725654,725654,1,,738420
9536,2026-10-05T02:49:12,2026-10-04T23:33:18,Chaos Core,735000,735000,1,,
9537,2026-10-05T02:49:57,2026-10-04T23:33:18,Chaos Core,730011,27010407,37,,738410
9538,2026-10-05T02:50:16,2026-10-04T23:33:18,Chaos Core,732490,732490,1,,738410
9539,2026-10-05T02:51:40,2026-10-04T23:33:18,Chaos Core,738403,738403,1,,738410
9540,2026-10-05T02:53:24,2026-10-04T23:33:18,Chaos Core,738403,738403,1,,
9541,2026-10-05T02:54:03,2026-10-04T23:33:18,Chaos Core,738403,738403,1,,
9542,2026-10-05T02:55:54,2026-10-04T23:33:18,Chaos Core,738403,738403,1,,
9543,2026-10-05T02:56:34,2026-10-04T23:33:18,Chaos Core,738403,738403,1,,
9544,2026-10-05T03:00:19,2026-10-04T23:33:18,Chaos Core,738403,738403,1,,
9545,2026-10-05T03:01:34,2026-10-04T23:33:18,Chaos Core,738403,738403,1,,
9546,2026-10-05T03:02:08,2026-10-04T23:33:18,Chaos Core,738403,738403,1,,
9547,2026-10-05T03:04:07,2026-10-04T23:33:18,Chaos Core,738403,738403,1,,
9548,2026-10-05T03:04:45,2026-10-04T23:33:18,Chaos Core,738403,738403,1,,
9549,2026-10-05T03:29:51,2026-10-04T23:33:18,Chaos Core,738403,738403,1,,
9550,2026-10-05T03:31:01,2026-10-04T23:33:18,Chaos Core,738403,738403,1,,
9551,2026-10-05T03:35:19,2026-10-04T23:33:18,Chaos Core,737223,737223,1,,
9552,2026-10-05T03:37:23,2026-10-04T23:33:18,Chaos Core,736723,736723,1,,
9553,2026-10-05T03:37:56,2026-10-04T23:33:18,Chaos Core,736723,736723,1,,
9554,2026-10-05T03:40:37,2026-10-04T23:33:18,Upgrade Core Set (Ultimate) X 1,453159,453159,1,,503992
9555,2026-10-05T03:49:51,2026-10-04T23:33:18,Chaos Core,725000,111650000,154,,733100
9556,2026-10-05T03:50:00,2026-10-04T23:33:18,Chaos Core,725000,1450000,2,,733100
9557,2026-10-05T03:53:01,2026-10-04T23:33:18,Chaos Core,723714,10131996,14,,733100
9558,2026-10-05T03:53:27,2026-10-04T23:33:18,Chaos Core,730745,2922980,4,,733100
9559,2026-10-05T03:56:02,2026-10-04T23:33:18,Chaos Core,730745,730745,1,,
9560,2026-10-05T03:57:05,2026-10-04T23:33:18,Chaos Core,730745,730745,1,,
9561,2026-10-05T03:57:40,2026-10-04T23:33:18,Chaos Core,730745,730745,1,,
9562,2026-10-05T03:59:32,2026-10-04T23:33:18,Chaos Core,729065,729065,1,,
9563,2026-10-05T04:01:41,2026-10-04T23:33:18,Upgrade Core Set (Ultimate) X 19,453158,8610020,19,,503970
9564,2026-10-05T04:15:10,2026-10-04T23:33:18,Chaos Core,730745,730745,1,,
9565,2026-10-05T04:16:10,2026-10-04T23:33:18,Chaos Core,730164,730164,1,,
9566,2026-10-05T04:16:43,2026-10-04T23:33:18,Chaos Core,730164,730164,1,,
9567,2026-10-05T04:18:13,2026-10-04T23:33:18,Chaos Core,729660,729660,1,,
9568,2026-10-05T04:28:11,2026-10-04T23:33:18,Chaos Core,728350,728350,1,,
9569,2026-10-05T04:31:19,2026-10-04T23:33:18,Chaos Core,728350,728350,1,,
9570,2026-10-05T04:32:20,2026-10-04T23:33:18,Chaos Core,727682,727682,1,,
9571,2026-10-05T04:32:53,2026-10-04T23:33:18,Chaos Core,727682,727682,1,,
9572,2026-10-05T04:34:16,2026-10-04T23:33:18,Chaos Core,726451,726451,1,,
9573,2026-10-05T04:34:45,2026-10-04T23:33:18,Chaos Core,722222,54166650,75,,729918
9574,2026-10-05T04:34:52,2026-10-04T23:33:18,Chaos Core,722222,7944442,11,,729918
9575,2026-10-05T04:35:02,2026-10-04T23:33:18,Chaos Core,722222,82333308,114,,729918
9576,2026-10-05T04:35:13,2026-10-04T23:33:18,Chaos Core,725654,725654,1,,729918
9577,2026-10-05T04:37:21,2026-10-04T23:33:18,Chaos Core,722222,34666656,48,,729916
9578,2026-10-05T04:39:44,2026-10-04T23:33:18,Force Core Set (High) X 1,159158,159158,1,,165000
9579,2026-10-05T04:39:49,2026-10-04T23:33:18,Force Core Set (High) X 1,159158,159158,1,,165000
9580,2026-10-05T04:39:54,2026-10-04T23:33:18,Force Core Set (High) X 68,159158,10822744,68,,165000
9581,2026-10-05T04:39:59,2026-10-04T23:33:18,Force Core Set (High) X 359,159158,57137722,359,,165000
9582,2026-10-05T04:48:16,2026-10-04T23:33:18,Chaos Core,725654,725654,1,,
9583,2026-10-05T04:49:17,2026-10-04T23:33:18,Chaos Core,725654,725654,1,,
9584,2026-10-05T04:49:52,2026-10-04T23:33:18,Chaos Core,725654,725654,1,,
9585,2026-10-05T04:50:33,2026-10-04T23:33:18,Chaos Core,723847,73832394,102,,729900
9586,2026-10-05T04:50:44,2026-10-04T23:33:18,Chaos Core,723847,82518558,114,,729900
9587,2026-10-05T04:51:51,2026-10-04T23:33:18,Chaos Core,723847,723847,1,,729900
9588,2026-10-05T04:53:09,2026-10-04T23:33:18,Chaos Core,725654,12336118,17,,729900
9589,2026-10-05T04:55:40,2026-10-04T23:33:18,Chaos Core,725654,725654,1,,
9590,2026-10-05T05:01:56,2026-10-04T23:33:18,Chaos Core,725654,725654,1,,
9591,2026-10-05T05:03:09,2026-10-04T23:33:18,Chaos Core,725654,725654,1,,
9592,2026-10-05T05:03:46,2026-10-04T23:33:18,Chaos Core,725654,725654,1,,
9593,2026-10-05T05:06:20,2026-10-04T23:33:18,Chaos Core,725654,725654,1,,
9594,2026-10-05T05:10:27,2026-10-04T23:33:18,Chaos Core,720449,63399512,88,,728558
9595,2026-10-05T05:11:04,2026-10-04T23:33:18,Chaos Core,725654,1451308,2,,728558
9596,2026-10-05T05:14:28,2026-10-04T23:33:18,Chaos Core,725654,725654,1,,
9597,2026-10-05T05:15:30,2026-10-04T23:33:18,Chaos Core,725099,725099,1,,
9598,2026-10-05T05:16:03,2026-10-04T23:33:18,Chaos Core,725099,725099,1,,
9599,2026-10-05T05:17:28,2026-10-04T23:33:18,Chaos Core,725099,725099,1,,
9600,2026-10-05T05:19:55,2026-10-04T23:33:18,Chaos Core,723195,82444230,114,,728538
9601,2026-10-05T05:20:02,2026-10-04T23:33:18,Chaos Core,723195,56409210,78,,728538
9602,2026-10-05T05:28:54,2026-10-04T23:33:18,Chaos Core,720872,79295920,110,,726172
9603,2026-10-05T05:29:01,2026-10-04T23:33:18,Chaos Core,720872,1441744,2,,726172
9604,2026-10-05T05:29:24,2026-10-04T23:33:18,Chaos Core,723195,1446390,2,,726172
9605,2026-10-05T05:34:24,2026-10-04T23:33:18,Chaos Core,719129,28765160,40,,726165
9606,2026-10-05T05:34:36,2026-10-04T23:33:18,Chaos Core,719129,81980706,114,,726165
9607,2026-10-05T05:34:54,2026-10-04T23:33:18,Chaos Core,723195,1446390,2,,726165
9608,2026-10-05T05:42:22,2026-10-04T23:33:18,Chaos Core,723195,723195,1,,
9609,2026-10-05T05:43:23,2026-10-04T23:33:18,Chaos Core,723195,723195,1,,
9610,2026-10-05T05:43:58,2026-10-04T23:33:18,Chaos Core,723195,723195,1,,
9611,2026-10-05T05:45:24,2026-10-04T23:33:18,Chaos Core,723195,723195,1,,
9612,2026-10-05T05:50:23,2026-10-04T23:33:18,Chaos Core,723194,723194,1,,
9613,2026-10-05T05:51:24,2026-10-04T23:33:18,Chaos Core,723194,723194,1,,
9614,2026-10-05T05:51:58,2026-10-04T23:33:18,Chaos Core,723194,723194,1,,
9615,2026-10-05T05:53:20,2026-10-04T23:33:18,Chaos Core,723194,723194,1,,
9616,2026-10-05T05:58:43,2026-10-04T23:33:18,Chaos Core,722600,722600,1,,
9617,2026-10-05T06:00:15,2026-10-04T23:33:18,Chaos Core,723194,723194,1,,
9618,2026-10-05T06:00:54,2026-10-04T23:33:18,Chaos Core,721000,721000,1,,
9619,2026-10-05T06:04:09,2026-10-04T23:33:18,Chaos Core,719235,66169620,92,,725277
9620,2026-10-05T06:04:18,2026-10-04T23:33:18,Chaos Core,719235,139531590,194,,725277
9621,2026-10-05T06:04:38,2026-10-04T23:33:18,Chaos Core,719855,1439710,2,,725277
9622,2026-10-05T06:05:51,2026-10-04T23:33:18,Chaos Core,719235,49627215,69,,725275
9623,2026-10-05T06:06:07,2026-10-04T23:33:18,Chaos Core,719855,30233910,42,,725275
9624,2026-10-05T06:07:26,2026-10-04T23:33:18,Chaos Core,719855,109417960,152,,725275
9625,2026-10-05T06:07:52,2026-10-04T23:33:18,Chaos Core,721000,721000,1,,725275
9626,2026-10-05T06:13:03,2026-10-04T23:33:18,Chaos Core,719855,719855,1,,
9627,2026-10-05T06:14:39,2026-10-04T23:33:18,Chaos Core,721000,721000,1,,
9628,2026-10-05T06:18:31,2026-10-04T23:33:18,Chaos Core,720486,720486,1,,
9629,2026-10-05T06:19:39,2026-10-04T23:33:18,Chaos Core,720486,720486,1,,
9630,2026-10-05T06:20:14,2026-10-04T23:33:18,Chaos Core,720486,720486,1,,
9631,2026-10-05T06:26:02,2026-10-04T23:33:18,Chaos Core,721000,721000,1,,
9632,2026-10-05T06:28:18,2026-10-04T23:33:18,Chaos Core,721000,721000,1,,
9633,2026-10-05T06:28:49,2026-10-04T23:33:18,Chaos Core,720338,720338,1,,
9634,2026-10-05T06:30:26,2026-10-04T23:33:18,Chaos Core,720338,720338,1,,
9635,2026-10-05T06:38:09,2026-10-04T23:33:18,Chaos Core,721000,721000,1,,
9636,2026-10-05T06:39:10,2026-10-04T23:33:18,Chaos Core,721000,721000,1,,
9637,2026-10-05T06:39:43,2026-10-04T23:33:18,Chaos Core,721000,721000,1,,
9638,2026-10-05T06:41:05,2026-10-04T23:33:18,Chaos Core,721000,721000,1,,
9639,2026-10-05T06:43:48,2026-10-04T23:33:18,Upgrade Core Set (Ultimate) X 1,453157,453157,1,,503768
9640,2026-10-05T06:43:54,2026-10-04T23:33:18,Upgrade Core Set (Ultimate) X 12,453157,5437895,12,,503768
9641,2026-10-05T06:44:00,2026-10-04T23:33:18,Upgrade Core Set (Ultimate) X 1,453158,7703686,17,,503768
9642,2026-10-05T06:44:05,2026-10-04T23:33:18,Upgrade Core Set (Ultimate) X 1,453158,453158,1,,503768
9643,2026-10-05T06:44:09,2026-10-04T23:33:18,Upgrade Core Set (Ultimate) X 4,453158,1812632,4,,503768
9644,2026-10-05T06:45:25,2026-10-04T23:33:18,Chaos Core,721000,721000,1,,
9645,2026-10-05T06:46:25,2026-10-04T23:33:18,Chaos Core,720389,720389,1,,
9646,2026-10-05T06:46:59,2026-10-04T23:33:18,Chaos Core,720389,720389,1,,
9647,2026-10-05T06:50:03,2026-10-04T23:33:18,Chaos Core,720389,720389,1,,
9648,2026-10-05T06:54:30,2026-10-04T23:33:18,Chaos Core,720389,720389,1,,
9649,2026-10-05T06:55:02,2026-10-04T23:33:18,Chaos Core,719775,719775,1,,
9650,2026-10-05T06:56:40,2026-10-04T23:33:18,Chaos Core,720389,720389,1,,
9651,2026-10-05T07:01:38,2026-10-04T23:33:18,Yekaterina VIP Membership,111600000,111600000,1,,
9652,2026-10-05T07:10:44,2026-10-04T23:33:18,Chaos Core,720389,720389,1,,
9653,2026-10-05T07:11:17,2026-10-04T23:33:18,Chaos Core,720389,720389,1,,
9654,2026-10-05T07:12:00,2026-10-04T23:33:18,Chaos Core,719860,24475240,34,,725206
9655,2026-10-05T07:13:12,2026-10-04T23:33:18,Chaos Core,720389,1440778,2,,725206
9656,2026-10-05T07:15:18,2026-10-04T23:33:18,Chaos Core,720000,720000,1,,
9657,2026-10-05T07:18:53,2026-10-04T23:33:18,Chaos Core,720000,720000,1,,
9658,2026-10-05T07:19:55,2026-10-04T23:33:18,Chaos Core,720000,720000,1,,
9659,2026-10-05T07:20:30,2026-10-04T23:33:18,Chaos Core,720000,720000,1,,
9660,2026-10-05T07:21:15,2026-10-04T23:33:18,Chaos Core,720000,80640000,112,,725205
9661,2026-10-05T07:21:28,2026-10-04T23:33:18,Chaos Core,720000,10800000,15,,725205
9662,2026-10-05T07:21:43,2026-10-04T23:33:18,Chaos Core,720000,71280000,99,,725205
9663,2026-10-05T07:21:59,2026-10-04T23:33:18,Chaos Core,720000,1440000,2,,725205
9664,2026-10-05T07:23:10,2026-10-04T23:33:18,Chaos Core,718203,117067089,163,,725205
9665,2026-10-05T07:23:27,2026-10-04T23:33:18,Chaos Core,720000,1440000,2,,725205
9666,2026-10-05T07:24:38,2026-10-04T23:33:18,Chaos Core,720000,82080000,114,,725203
9667,2026-10-05T07:24:56,2026-10-04T23:33:18,Chaos Core,720000,82080000,114,,725203
9668,2026-10-05T07:26:19,2026-10-04T23:33:18,Chaos Core,720000,29520000,41,,725202
9669,2026-10-05T07:26:41,2026-10-04T23:33:18,Chaos Core,720000,82800000,115,,725202
9670,2026-10-05T07:26:48,2026-10-04T23:33:18,Chaos Core,718203,71102097,99,,725202
9671,2026-10-05T07:28:01,2026-10-04T23:33:18,Chaos Core,720000,31680000,44,,725201
9672,2026-10-05T07:28:19,2026-10-04T23:33:18,Chaos Core,720000,27360000,38,,725201
9673,2026-10-05T07:28:48,2026-10-04T23:33:18,Chaos Core,720000,1440000,2,,725201
9674,2026-10-05T07:29:44,2026-10-04T23:33:18,Chaos Core,720000,149040000,207,,725201
9675,2026-10-05T07:31:32,2026-10-04T23:33:18,Chaos Core,720000,720000,1,,
9676,2026-10-05T07:35:53,2026-10-04T23:33:18,Upgrade Core Set (Ultimate) X 55,453158,24923690,55,,503330
9677,2026-10-05T07:36:00,2026-10-04T23:33:18,Upgrade Core Set (Ultimate) X 184,453158,83381072,184,,503330
9678,2026-10-05T07:37:15,2026-10-04T23:33:18,Chaos Core,719309,719309,1,,
9679,2026-10-05T07:39:30,2026-10-04T23:33:18,Chaos Core,717999,717999,1,,
9680,2026-10-05T07:40:04,2026-10-04T23:33:18,Chaos Core,717999,717999,1,,
9681,2026-10-05T07:42:28,2026-10-04T23:33:18,Chaos Core,714999,163734771,229,,720195
9682,2026-10-05T07:42:34,2026-10-04T23:33:18,Chaos Core,713999,1427998,2,,720195
9683,2026-10-05T07:43:43,2026-10-04T23:33:18,Chaos Core,711999,42719940,60,,720194
9684,2026-10-05T07:43:51,2026-10-04T23:33:18,Chaos Core,713999,19277973,27,,720194
9685,2026-10-05T07:44:04,2026-10-04T23:33:18,Chaos Core,713999,177785751,249,,720194
9686,2026-10-05T07:45:26,2026-10-04T23:33:18,Chaos Core,713999,177785751,249,,720195
9687,2026-10-05T07:47:22,2026-10-04T23:33:18,Chaos Core,713999,64259910,90,,720196
9688,2026-10-05T07:49:41,2026-10-04T23:33:18,Chaos Core,713999,8567988,12,,720191
9689,2026-10-05T07:49:52,2026-10-04T23:33:18,Chaos Core,713999,177785751,249,,720191
9690,2026-10-05T07:52:49,2026-10-04T23:33:18,Chaos Core,713999,7139990,10,,720189
9691,2026-10-05T07:53:15,2026-10-04T23:33:18,Chaos Core,719309,5754472,8,,720189
9692,2026-10-05T07:53:59,2026-10-04T23:33:18,Force Core Set (Ultimate) X 8,298387,2387096,8,,320000
9693,2026-10-05T07:54:04,2026-10-04T23:33:18,Force Core Set (Ultimate) X 47,298387,14024189,47,,320000
9694,2026-10-05T07:54:09,2026-10-04T23:33:18,Force Core Set (Ultimate) X 322,298387,96080614,322,,320000
9695,2026-10-05T07:55:40,2026-10-04T23:33:18,Siena's Unbinding Stone,74400000,74400000,1,,
9696,2026-10-05T07:56:28,2026-10-04T23:33:18,Chaos Core,717381,717381,1,,
9697,2026-10-05T07:57:30,2026-10-04T23:33:18,Chaos Core,716783,716783,1,,
9698,2026-10-05T07:58:03,2026-10-04T23:33:18,Chaos Core,716783,716783,1,,
9699,2026-10-05T07:59:15,2026-10-04T23:33:18,Chaos Core,716783,716783,1,,
9700,2026-10-05T08:03:33,2026-10-04T23:33:18,Force Core Set (High) X 41,152374,6247334,41,,165000
9701,2026-10-05T08:03:38,2026-10-04T23:33:18,Force Core Set (High) X 265,152374,40379110,265,,165000
9702,2026-10-05T08:06:11,2026-10-04T23:33:18,Chaos Core,716189,716189,1,,
9703,2026-10-05T08:06:45,2026-10-04T23:33:18,Chaos Core,716189,716189,1,,
9704,2026-10-05T08:11:54,2026-10-04T23:33:18,Chaos Core,712000,177288000,249,,720180
9705,2026-10-05T08:13:57,2026-10-04T23:33:18,Chaos Core,712000,170168000,239,,720179
9706,2026-10-05T08:14:02,2026-10-04T23:33:18,Chaos Core,712000,712000,1,,720179
9707,2026-10-05T08:15:15,2026-10-04T23:33:18,Chaos Core,712000,52688000,74,,720180
9708,2026-10-05T08:15:21,2026-10-04T23:33:18,Chaos Core,712000,100392000,141,,720180
9709,2026-10-05T08:15:26,2026-10-04T23:33:18,Chaos Core,712000,712000,1,,720180
9710,2026-10-05T08:16:36,2026-10-04T23:33:18,Chaos Core,712000,2136000,3,,720177
9711,2026-10-05T08:16:46,2026-10-04T23:33:18,Chaos Core,712000,123176000,173,,720177
9712,2026-10-05T08:16:54,2026-10-04T23:33:18,Chaos Core,712000,712000,1,,720177
9713,2026-10-05T08:18:02,2026-10-04T23:33:18,Chaos Core,712000,23496000,33,,720177
9714,2026-10-05T08:18:17,2026-10-04T23:33:18,Chaos Core,712000,136704000,192,,720177
9715,2026-10-05T08:19:48,2026-10-04T23:33:18,Siena's Unbinding Stone,74400000,74400000,1,,
9716,2026-10-05T08:20:36,2026-10-04T23:33:18,Chaos Core,712000,712000,1,,
9717,2026-10-05T08:23:03,2026-10-04T23:33:18,Chaos Core,710802,31986090,45,,720175
9718,2026-10-05T08:23:18,2026-10-04T23:33:18,Chaos Core,712000,114632000,161,,720175
9719,2026-10-05T08:23:33,2026-10-04T23:33:18,Chaos Core,712000,712000,1,,720175
9720,2026-10-05T08:29:37,2026-10-04T23:33:18,Chaos Core,711000,711000,1,,
9721,2026-10-05T08:30:40,2026-10-04T23:33:18,Chaos Core,711000,711000,1,,
9722,2026-10-05T08:31:13,2026-10-04T23:33:18,Chaos Core,710421,710421,1,,
9723,2026-10-05T08:31:54,2026-10-04T23:33:18,Chaos Core,709232,66667808,94,,720165
9724,2026-10-05T08:32:02,2026-10-04T23:33:18,Chaos Core,709230,102129120,144,,720165
9725,2026-10-05T08:32:13,2026-10-04T23:33:18,Chaos Core,709908,1419816,2,,720165
9726,2026-10-05T08:33:21,2026-10-04T23:33:18,Chaos Core,709230,49646100,70,,720164
9727,2026-10-05T08:33:27,2026-10-04T23:33:18,Chaos Core,709230,57447630,81,,720164
9728,2026-10-05T08:33:34,2026-10-04T23:33:18,Chaos Core,709230,80852220,114,,720164
9729,2026-10-05T08:34:34,2026-10-04T23:33:18,Chaos Core,709230,1418460,2,,720164
9730,2026-10-05T08:36:25,2026-10-04T23:33:18,Chaos Core,709230,709230,1,,
9731,2026-10-05T08:38:09,2026-10-04T23:33:18,Chaos Core,709230,93618360,132,,719978
9732,2026-10-05T08:38:17,2026-10-04T23:33:18,Chaos Core,708545,144543180,204,,719978
9733,2026-10-05T08:43:03,2026-10-04T23:33:18,Siena's Unbinding Stone,74400000,74400000,1,,
9734,2026-10-05T08:43:51,2026-10-04T23:33:18,Chaos Core,708545,708545,1,,
9735,2026-10-05T08:45:10,2026-10-04T23:33:18,Yekaterina VIP Membership,111600000,111600000,1,,
9736,2026-10-05T08:46:12,2026-10-04T23:33:18,Chaos Core,707980,707980,1,,
9737,2026-10-05T08:47:05,2026-10-04T23:33:18,Chaos Core,706668,706668,1,,
9738,2026-10-05T08:58:06,2026-10-04T23:33:18,Chaos Core,706107,172996215,245,,719950
9739,2026-10-05T08:58:11,2026-10-04T23:33:18,Chaos Core,704274,704274,1,,719950
9740,2026-10-05T08:59:29,2026-10-04T23:33:18,Chaos Core,707288,148530480,210,,719950
9741,2026-10-05T09:00:49,2026-10-04T23:33:18,Chaos Core,707981,70798100,100,,719948
9742,2026-10-05T09:00:59,2026-10-04T23:33:18,Chaos Core,708545,46055425,65,,719948
9743,2026-10-05T09:09:59,2026-10-05T09:05:17,Chaos Core,700000,700000,1,,
9744,2026-10-05T09:11:07,2026-10-05T09:05:17,Chaos Core,700000,2100000,3,,719947
9745,2026-10-05T09:11:17,2026-10-05T09:05:17,Chaos Core,700000,8400000,12,,719947
9746,2026-10-05T09:11:30,2026-10-05T09:05:17,Chaos Core,700000,146300000,209,,719947
9747,2026-10-05T09:11:41,2026-10-05T09:05:17,Chaos Core,707000,707000,1,,719947
9748,2026-10-05T09:13:18,2026-10-05T09:05:17,Chaos Core,699440,699440,1,,
9749,2026-10-05T09:16:42,2026-10-05T09:05:17,Chaos Core,698809,13976180,20,,719941
9750,2026-10-05T09:16:57,2026-10-05T09:05:17,Chaos Core,707000,42420000,60,,719941
9751,2026-10-05T09:17:13,2026-10-05T09:05:17,Chaos Core,707000,80598000,114,,719941
9752,2026-10-05T09:17:28,2026-10-05T09:05:17,Chaos Core,707288,707288,1,,719941
9753,2026-10-05T09:19:43,2026-10-05T09:05:17,Chaos Core,709908,709908,1,,
9754,2026-10-05T09:21:37,2026-10-05T09:05:17,Chaos Core,710421,24154314,34,,719928
9755,2026-10-05T09:21:48,2026-10-05T09:05:17,Chaos Core,711000,54747000,77,,719928
9756,2026-10-05T09:22:00,2026-10-05T09:05:17,Chaos Core,711000,81054000,114,,719928
9757,2026-10-05T09:23:14,2026-10-05T09:05:17,Chaos Core,709231,709231,1,,
9758,2026-10-05T09:27:58,2026-10-05T09:05:17,Chaos Core,708720,708720,1,,
9759,2026-10-05T09:28:28,2026-10-05T09:05:17,Chaos Core,708720,708720,1,,
9760,2026-10-05T09:30:20,2026-10-05T09:05:17,Chaos Core,707468,41740612,59,,719915
9761,2026-10-05T09:30:32,2026-10-05T09:05:17,Chaos Core,708720,117647520,166,,719915
9762,2026-10-05T09:35:14,2026-10-05T09:05:17,Chaos Core,707468,707468,1,,
9763,2026-10-05T09:37:03,2026-10-05T09:05:17,Chaos Core,706821,57252501,81,,719914
9764,2026-10-05T09:37:12,2026-10-05T09:05:17,Chaos Core,706821,28979661,41,,719914
9765,2026-10-05T09:37:25,2026-10-05T09:05:17,Chaos Core,707468,135126388,191,,719914
9766,2026-10-05T09:37:37,2026-10-05T09:05:17,Chaos Core,707468,1414936,2,,719914
9767,2026-10-05T09:41:26,2026-10-05T09:05:17,Chaos Core,706821,98954940,140,,719905
9768,2026-10-05T09:41:35,2026-10-05T09:05:17,Chaos Core,707468,30421124,43,,719905
9769,2026-10-05T09:43:00,2026-10-05T09:05:17,Chaos Core,707468,176159532,249,,719905
9770,2026-10-05T09:44:13,2026-10-05T09:05:17,Chaos Core,706821,706821,1,,
9771,2026-10-05T09:44:46,2026-10-05T09:05:17,Chaos Core,706821,706821,1,,
9772,2026-10-05T09:45:14,2026-10-05T09:05:17,Chaos Core,705580,705580,1,,
9773,2026-10-05T09:46:50,2026-10-05T09:05:17,Chaos Core,706163,80502582,114,,719901
9774,2026-10-05T09:46:56,2026-10-05T09:05:17,Chaos Core,706163,21891053,31,,719901
9775,2026-10-05T09:47:04,2026-10-05T09:05:17,Chaos Core,706163,1412326,2,,719901
9776,2026-10-05T09:48:13,2026-10-05T09:05:17,Yekaterina VIP Membership,111600000,111600000,1,,
9777,2026-10-05T09:49:03,2026-10-05T09:05:17,Chaos Core,707468,117439688,166,,719899
9778,2026-10-05T09:49:11,2026-10-05T09:05:17,Chaos Core,706821,706821,1,,719899
9779,2026-10-05T09:50:31,2026-10-05T09:05:17,Chaos Core,710000,710000,1,,719899
9780,2026-10-05T09:52:22,2026-10-05T09:05:17,Chaos Core,710000,710000,1,,
9781,2026-10-05T09:56:39,2026-10-05T09:05:17,Chaos Core,709999,709999,1,,
9782,2026-10-05T09:57:11,2026-10-05T09:05:17,Chaos Core,709999,709999,1,,
9783,2026-10-05T09:57:41,2026-10-05T09:05:17,Chaos Core,708741,708741,1,,
9784,2026-10-05T09:59:55,2026-10-05T09:05:17,Chaos Core,708741,708741,1,,
9785,2026-10-05T10:04:13,2026-10-05T09:05:17,Chaos Core,711000,711000,1,,
9786,2026-10-05T10:04:44,2026-10-05T09:05:17,Chaos Core,711000,711000,1,,
9787,2026-10-05T10:05:18,2026-10-05T09:05:17,Chaos Core,711000,711000,1,,
9788,2026-10-05T10:07:28,2026-10-05T09:05:17,Chaos Core,711000,711000,1,,
9789,2026-10-05T10:11:54,2026-10-05T09:05:17,Chaos Core,710000,710000,1,,
9790,2026-10-05T10:12:27,2026-10-05T09:05:17,Chaos Core,710000,710000,1,,
9791,2026-10-05T10:12:58,2026-10-05T09:05:17,Chaos Core,710000,710000,1,,
9792,2026-10-05T10:13:58,2026-10-05T09:05:17,Chaos Core,710000,17750000,25,,719821
9793,2026-10-05T10:14:08,2026-10-05T09:05:17,Chaos Core,710000,30530000,43,,719821
9794,2026-10-05T10:14:17,2026-10-05T09:05:17,Chaos Core,710000,27690000,39,,719821
9795,2026-10-05T10:15:16,2026-10-05T09:05:17,Chaos Core,710000,1420000,2,,719821
9796,2026-10-05T10:15:27,2026-10-05T09:05:17,Chaos Core,710000,9940000,14,,719821
9797,2026-10-05T10:15:40,2026-10-05T09:05:17,Chaos Core,710000,151230000,213,,719821
9798,2026-10-05T10:17:05,2026-10-05T09:05:17,Force Core Set (High) X 1,152369,152369,1,,165000
9799,2026-10-05T10:17:09,2026-10-05T09:05:17,Force Core Set (High) X 2,152369,304738,2,,165000
9800,2026-10-05T10:17:14,2026-10-05T09:05:17,Force Core Set (High) X 2,152369,304738,2,,165000
9801,2026-10-05T10:17:19,2026-10-05T09:05:17,Force Core Set (High) X 5,152369,761845,5,,165000
9802,2026-10-05T10:17:23,2026-10-05T09:05:17,Force Core Set (High) X 10,152369,1523690,10,,165000
9803,2026-10-05T10:18:04,2026-10-05T09:05:17,Force Core Set (High) X 12,152369,1828428,12,,165000
9804,2026-10-05T10:18:09,2026-10-05T09:05:17,Force Core Set (High) X 22,152369,3352118,22,,165000
9805,2026-10-05T10:18:14,2026-10-05T09:05:17,Force Core Set (High) X 23,152369,3504487,23,,165000
9806,2026-10-05T10:18:19,2026-10-05T09:05:17,Force Core Set (High) X 28,152369,4266332,28,,165000
9807,2026-10-05T10:18:24,2026-10-05T09:05:17,Force Core Set (High) X 33,152369,5028177,33,,165000
9808,2026-10-05T10:24:01,2026-10-05T09:05:17,Chaos Core,719309,719309,1,,
9809,2026-10-05T10:24:41,2026-10-05T09:05:17,Chaos Core,720000,720000,1,,
9810,2026-10-05T10:25:13,2026-10-05T09:05:17,Chaos Core,720000,720000,1,,
9811,2026-10-05T10:26:48,2026-10-05T09:05:17,Force Core Set (Ultimate) X 2,303571,607142,2,,320000
9812,2026-10-05T10:26:53,2026-10-05T09:05:17,Force Core Set (Ultimate) X 10,303571,3035710,10,,320000
9813,2026-10-05T10:26:58,2026-10-05T09:05:17,Force Core Set (Ultimate) X 11,303571,3339281,11,,320000
9814,2026-10-05T10:27:03,2026-10-05T09:05:17,Force Core Set (Ultimate) X 18,303571,5464278,18,,320000
9815,2026-10-05T10:27:09,2026-10-05T09:05:17,Force Core Set (Ultimate) X 260,303571,78928460,260,,320000
9816,2026-10-05T10:28:16,2026-10-05T09:05:17,Force Core Set (Ultimate) X 272,303571,82571312,272,,320000
9817,2026-10-05T10:30:37,2026-10-05T09:05:17,Chaos Core,723000,723000,1,,
9818,2026-10-05T10:33:35,2026-10-05T09:05:17,Chaos Core,723000,723000,1,,
9819,2026-10-05T10:34:07,2026-10-05T09:05:17,Chaos Core,722478,722478,1,,
9820,2026-10-05T10:34:43,2026-10-05T09:05:17,Chaos Core,721354,721354,1,,
9821,2026-10-05T10:44:24,2026-10-05T09:05:17,Yekaterina VIP Membership,111600000,111600000,1,,
9822,2026-10-05T10:53:54,2026-10-05T09:05:17,Chaos Core,713872,94944976,133,,719599
9823,2026-10-05T10:54:13,2026-10-05T09:05:17,Chaos Core,715527,1431054,2,,719599
9824,2026-10-05T10:55:58,2026-10-05T09:05:17,Chaos Core,718399,718399,1,,
9825,2026-10-05T10:57:35,2026-10-05T09:05:17,Chaos Core,718399,718399,1,,
9826,2026-10-05T10:58:07,2026-10-05T09:05:17,Chaos Core,718399,718399,1,,
9827,2026-10-05T10:58:38,2026-10-05T09:05:17,Chaos Core,718399,718399,1,,
9828,2026-10-05T11:02:09,2026-10-05T09:05:17,Chaos Core,718399,718399,1,,
9829,2026-10-05T11:03:48,2026-10-05T09:05:17,Chaos Core,718399,718399,1,,
9830,2026-10-05T11:04:19,2026-10-05T09:05:17,Chaos Core,717128,717128,1,,
9831,2026-10-05T11:04:52,2026-10-05T09:05:17,Chaos Core,717128,717128,1,,
9832,2026-10-05T11:09:10,2026-10-05T09:05:17,Chaos Core,700000,9100000,13,,719599
9833,2026-10-05T11:09:25,2026-10-05T09:05:17,Chaos Core,715903,3579515,5,,719599
9834,2026-10-05T11:10:11,2026-10-05T09:05:17,Chaos Core,700000,54600000,78,,719598
9835,2026-10-05T11:11:11,2026-10-05T09:05:17,Chaos Core,700000,1400000,2,,719597
9836,2026-10-05T11:11:17,2026-10-05T09:05:17,Chaos Core,700000,2800000,4,,719597
9837,2026-10-05T11:11:40,2026-10-05T09:05:17,Chaos Core,715903,8590836,12,,719597
9838,2026-10-05T11:13:21,2026-10-05T09:05:17,Chaos Core,700000,700000,1,,
9839,2026-10-05T11:18:03,2026-10-05T09:05:17,Chaos Core,715903,715903,1,,
9840,2026-10-05T11:19:44,2026-10-05T09:05:17,Chaos Core,714807,714807,1,,
9841,2026-10-05T11:20:15,2026-10-05T09:05:17,Chaos Core,714807,714807,1,,
9842,2026-10-05T11:20:49,2026-10-05T09:05:17,Chaos Core,714807,714807,1,,
9843,2026-10-05T11:22:18,2026-10-05T09:05:17,Chaos Core,712919,80559847,113,,719587
9844,2026-10-05T11:22:30,2026-10-05T09:05:17,Chaos Core,712919,81272766,114,,719587
9845,2026-10-05T11:22:44,2026-10-05T09:05:17,Chaos Core,714807,714807,1,,719587
9846,2026-10-05T11:27:36,2026-10-05T09:05:17,Chaos Core,712919,115492878,162,,719577
9847,2026-10-05T11:30:58,2026-10-05T09:05:17,Chaos Core,712919,1425838,2,,719572
9848,2026-10-05T11:31:20,2026-10-05T09:05:17,Chaos Core,715381,11446096,16,,719572
9849,2026-10-05T11:36:08,2026-10-05T09:05:17,Chaos Core,715381,715381,1,,
9850,2026-10-05T11:37:45,2026-10-05T09:05:17,Chaos Core,715381,715381,1,,
9851,2026-10-05T11:39:09,2026-10-05T09:05:17,Chaos Core,713500,713500,1,,
9852,2026-10-05T11:39:37,2026-10-05T09:05:17,Chaos Core,713500,12843000,18,,719559
9853,2026-10-05T11:39:46,2026-10-05T09:05:17,Chaos Core,713500,14983500,21,,719559
9854,2026-10-05T11:41:22,2026-10-05T09:05:17,Chaos Core,715903,715903,1,,
9855,2026-10-05T11:42:16,2026-10-05T09:05:17,Chaos Core,712330,81205620,114,,719557
9856,2026-10-05T11:43:27,2026-10-05T09:05:17,Chaos Core,712330,9972620,14,,719555
9857,2026-10-05T11:43:37,2026-10-05T09:05:17,Chaos Core,712330,81205620,114,,719555
9858,2026-10-05T11:44:03,2026-10-05T09:05:17,Chaos Core,712330,712330,1,,719555
9859,2026-10-05T11:45:01,2026-10-05T09:05:17,Chaos Core,712330,102575520,144,,719554
9860,2026-10-05T11:45:08,2026-10-05T09:05:17,Chaos Core,712330,136767360,192,,719554
9861,2026-10-05T11:47:24,2026-10-05T09:05:17,Chaos Core,712330,96164550,135,,719552
9862,2026-10-05T11:47:32,2026-10-05T09:05:17,Chaos Core,712330,1424660,2,,719552
9863,2026-10-05T11:47:41,2026-10-05T09:05:17,Chaos Core,712330,7123300,10,,719552
9864,2026-10-05T11:53:15,2026-10-05T09:05:17,Chaos Core,716508,716508,1,,
9865,2026-10-05T11:55:17,2026-10-05T09:05:17,Chaos Core,715000,715000,1,,
9866,2026-10-05T11:55:51,2026-10-05T09:05:17,Chaos Core,715000,715000,1,,
9867,2026-10-05T11:56:29,2026-10-05T09:05:17,Chaos Core,715000,715000,1,,
9868,2026-10-05T11:57:59,2026-10-05T09:05:17,Chaos Core,708307,126786953,179,,719542
9869,2026-10-05T11:58:06,2026-10-05T09:05:17,Chaos Core,708307,708307,1,,719542
9870,2026-10-05T12:07:48,2026-10-05T09:05:17,Chaos Core,715000,715000,1,,
9871,2026-10-05T12:08:21,2026-10-05T09:05:17,Chaos Core,715000,715000,1,,
9872,2026-10-05T12:08:57,2026-10-05T09:05:17,Chaos Core,715000,715000,1,,
9873,2026-10-05T12:16:28,2026-10-05T09:05:17,Chaos Core,709816,176744184,249,,719940
9874,2026-10-05T12:17:35,2026-10-05T09:05:17,Chaos Core,709249,19149723,27,,719940
9875,2026-10-05T12:22:11,2026-10-05T09:05:17,Upgrade Core Set (Ultimate) X 203,453160,91991480,203,,478671
9876,2026-10-05T12:24:11,2026-10-05T09:05:17,Yekaterina VIP Membership,110999999,110999999,1,,
9877,2026-10-05T12:30:38,2026-10-05T09:05:17,Chaos Core,714995,714995,1,,
9878,2026-10-05T12:36:10,2026-10-05T09:05:17,Chaos Core,714995,714995,1,,
9879,2026-10-05T12:37:09,2026-10-05T09:05:17,Chaos Core,714995,714995,1,,
9880,2026-10-05T12:37:43,2026-10-05T09:05:17,Chaos Core,714995,714995,1,,
9881,2026-10-05T12:41:54,2026-10-05T09:05:17,Chaos Core,714995,714995,1,,
9882,2026-10-05T12:43:25,2026-10-05T09:05:17,Chaos Core,714995,714995,1,,
9883,2026-10-05T12:51:03,2026-10-05T09:05:17,Chaos Core,709701,166779735,235,,719940
9884,2026-10-05T12:51:24,2026-10-05T09:05:17,Chaos Core,714995,1429990,2,,719940
9885,2026-10-05T12:52:32,2026-10-05T09:05:17,Chaos Core,709000,80826000,114,,719939
9886,2026-10-05T12:52:43,2026-10-05T09:05:17,Chaos Core,709040,65940720,93,,719939
9887,2026-10-05T12:53:51,2026-10-05T09:05:17,Chaos Core,709000,82244000,116,,719938
9888,2026-10-05T12:54:02,2026-10-05T09:05:17,Chaos Core,709040,20562160,29,,719938
9889,2026-10-05T12:54:22,2026-10-05T09:05:17,Chaos Core,714358,714358,1,,719938
9890,2026-10-05T12:54:40,2026-10-05T09:05:17,Chaos Core,714358,714358,1,,719938
9891,2026-10-05T12:57:02,2026-10-05T09:05:17,Chaos Core,709000,2836000,4,,719937
9892,2026-10-05T12:57:20,2026-10-05T09:05:17,Chaos Core,711358,711358,1,,719937
9893,2026-10-05T12:57:52,2026-10-05T09:05:17,Chaos Core,714995,9294935,13,,719937
9894,2026-10-05T12:58:39,2026-10-05T09:05:17,Chaos Core,707819,176246931,249,,719936
9895,2026-10-05T12:59:48,2026-10-05T09:05:17,Chaos Core,707819,100510298,142,,719935
9896,2026-10-05T13:01:16,2026-10-05T09:05:17,Chaos Core,707819,1415638,2,,719935
9897,2026-10-05T13:02:40,2026-10-05T09:05:17,Chaos Core,710248,710248,1,,719934
9898,2026-10-05T13:02:47,2026-10-05T09:05:17,Chaos Core,707819,94847746,134,,719934
9899,2026-10-05T13:02:57,2026-10-05T09:05:17,Chaos Core,707819,142271619,201,,719934
9900,2026-10-05T13:04:15,2026-10-05T09:05:17,Chaos Core,707819,121744868,172,,719933
9901,2026-10-05T13:04:25,2026-10-05T09:05:17,Chaos Core,707819,1415638,2,,719933
9902,2026-10-05T13:05:26,2026-10-05T09:05:17,Chaos Core,707819,6370371,9,,719932
9903,2026-10-05T13:05:33,2026-10-05T09:05:17,Chaos Core,707819,133069972,188,,719932
9904,2026-10-05T13:05:42,2026-10-05T09:05:17,Chaos Core,707819,707819,1,,719932
9905,2026-10-05T13:06:43,2026-10-05T09:05:17,Chaos Core,707819,34683131,49,,719932
9906,2026-10-05T13:06:52,2026-10-05T09:05:17,Chaos Core,707819,16279837,23,,719932
9907,2026-10-05T13:12:56,2026-10-05T09:05:17,Chaos Core,714995,714995,1,,
9908,2026-10-05T13:14:05,2026-10-05T09:05:17,Chaos Core,705000,705000,1,,
9909,2026-10-05T13:14:48,2026-10-05T09:05:17,Chaos Core,714995,714995,1,,
9910,2026-10-05T13:15:19,2026-10-05T09:05:17,Chaos Core,705000,705000,1,,
9911,2026-10-05T13:20:39,2026-10-05T09:05:17,Chaos Core,714995,714995,1,,
9912,2026-10-05T13:21:57,2026-10-05T09:05:17,Chaos Core,714995,714995,1,,
9913,2026-10-05T13:22:41,2026-10-05T09:05:17,Chaos Core,714995,714995,1,,
9914,2026-10-05T13:23:16,2026-10-05T09:05:17,Chaos Core,713840,713840,1,,
9915,2026-10-05T13:24:06,2026-10-05T09:05:17,Chaos Core,712632,26367384,37,,719913
9916,2026-10-05T13:24:19,2026-10-05T09:05:17,Chaos Core,713331,177619419,249,,719913
9917,2026-10-05T13:24:31,2026-10-05T09:05:17,Chaos Core,713840,1427680,2,,719913
9918,2026-10-05T13:25:50,2026-10-05T09:05:17,Chaos Core,713840,22842880,32,,719912
9919,2026-10-05T13:26:17,2026-10-05T09:05:17,Chaos Core,714995,714995,1,,719912
9920,2026-10-05T13:30:51,2026-10-05T09:05:17,Force Core Set (Highest) X 4,175000,700000,4,,180000
9921,2026-10-05T13:30:56,2026-10-05T09:05:17,Force Core Set (Highest) X 38,175000,6650000,38,,180000
9922,2026-10-05T13:31:01,2026-10-05T09:05:17,Force Core Set (Highest) X 80,175000,14000000,80,,180000
9923,2026-10-05T13:32:30,2026-10-05T09:05:17,Chaos Core,712632,712632,1,,
9924,2026-10-05T13:33:41,2026-10-05T09:05:17,Chaos Core,711971,711971,1,,
9925,2026-10-05T13:34:18,2026-10-05T09:05:17,Chaos Core,711971,711971,1,,
9926,2026-10-05T13:34:50,2026-10-05T09:05:17,Chaos Core,711971,711971,1,,
9927,2026-10-05T13:38:40,2026-10-05T09:05:17,Chaos Core,711971,70485129,99,,719894
9928,2026-10-05T13:38:46,2026-10-05T09:05:17,Chaos Core,711971,24207014,34,,719894
9929,2026-10-05T13:38:59,2026-10-05T09:05:17,Chaos Core,711971,81164694,114,,719894
9930,2026-10-05T13:39:05,2026-10-05T09:05:17,Chaos Core,711971,1423942,2,,719894
9931,2026-10-05T13:42:05,2026-10-05T09:05:17,Chaos Core,711971,711971,1,,
9932,2026-10-05T13:43:18,2026-10-05T09:05:17,Chaos Core,711971,711971,1,,
9933,2026-10-05T13:43:58,2026-10-05T09:05:17,Chaos Core,711971,711971,1,,
9934,2026-10-05T13:44:30,2026-10-05T09:05:17,Chaos Core,710808,710808,1,,
9935,2026-10-05T13:45:23,2026-10-05T09:05:17,Chaos Core,710169,35508450,50,,719891
9936,2026-10-05T13:45:34,2026-10-05T09:05:17,Chaos Core,710808,24878280,35,,719891
9937,2026-10-05T13:45:49,2026-10-05T09:05:17,Chaos Core,711971,9255623,13,,719891
9938,2026-10-05T13:46:06,2026-10-05T09:05:17,Chaos Core,711971,44142202,62,,719891
9939,2026-10-05T13:46:23,2026-10-05T09:05:17,Chaos Core,711971,1423942,2,,719891
9940,2026-10-05T13:52:36,2026-10-05T09:05:17,Chaos Core,710000,710000,1,,
9941,2026-10-05T13:53:07,2026-10-05T09:05:17,Chaos Core,710000,4260000,6,,719878
9942,2026-10-05T13:53:17,2026-10-05T09:05:17,Chaos Core,711000,2133000,3,,719878
9943,2026-10-05T13:53:32,2026-10-05T09:05:17,Chaos Core,711000,177039000,249,,719878
9944,2026-10-05T13:55:24,2026-10-05T09:05:17,Chaos Core,709420,709420,1,,
9945,2026-10-05T13:55:55,2026-10-05T09:05:17,Chaos Core,709420,709420,1,,
9946,2026-10-05T13:56:32,2026-10-05T09:05:17,Chaos Core,709420,709420,1,,
9947,2026-10-05T14:00:33,2026-10-05T09:05:17,Chaos Core,709420,145431100,205,,719789
9948,2026-10-05T14:00:42,2026-10-05T09:05:17,Chaos Core,709420,1418840,2,,719789
9949,2026-10-05T14:03:32,2026-10-05T09:05:17,Chaos Core,709420,709420,1,,
9950,2026-10-05T14:04:40,2026-10-05T09:05:17,Chaos Core,709420,709420,1,,
9951,2026-10-05T14:05:10,2026-10-05T09:05:17,Chaos Core,709420,709420,1,,
9952,2026-10-05T14:05:42,2026-10-05T09:05:17,Chaos Core,709420,709420,1,,
9953,2026-10-05T14:12:04,2026-10-05T09:05:17,Chaos Core,709420,709420,1,,
9954,2026-10-05T14:13:13,2026-10-05T09:05:17,Chaos Core,709420,709420,1,,
9955,2026-10-05T14:14:42,2026-10-05T09:05:17,Chaos Core,709420,709420,1,,
9956,2026-10-05T14:16:34,2026-10-05T09:05:17,Chaos Core,709420,709420,1,,
9957,2026-10-05T14:26:45,2026-10-05T14:23:07,Chaos Core,711971,711971,1,,
9958,2026-10-05T14:27:29,2026-10-05T14:23:07,Chaos Core,711971,176568808,248,,742342
9959,2026-10-05T14:27:44,2026-10-05T14:23:07,Chaos Core,711971,711971,1,,742342
9960,2026-10-05T14:28:52,2026-10-05T14:23:07,Chaos Core,697012,52275900,75,,742342
9961,2026-10-05T14:29:09,2026-10-05T14:23:07,Chaos Core,711971,58381622,82,,742342
9962,2026-10-05T14:29:25,2026-10-05T14:23:07,Chaos Core,711971,1423942,2,,742342
9963,2026-10-05T14:30:40,2026-10-05T14:23:07,Chaos Core,711971,174432895,245,,735734
9964,2026-10-05T14:31:53,2026-10-05T14:23:07,Chaos Core,710000,710000,1,,735734
9965,2026-10-05T14:33:17,2026-10-05T14:23:07,Chaos Core,710000,64610000,91,,735733
9966,2026-10-05T14:33:23,2026-10-05T14:23:07,Chaos Core,697012,56457972,81,,735733
9967,2026-10-05T14:33:31,2026-10-05T14:23:07,Chaos Core,697012,1394024,2,,735733
9968,2026-10-05T14:34:35,2026-10-05T14:23:07,Chaos Core,697012,172858976,248,,735732
9969,2026-10-05T14:34:56,2026-10-05T14:23:07,Chaos Core,711971,711971,1,,735732
9970,2026-10-05T14:36:28,2026-10-05T14:23:07,Chaos Core,711971,170161069,239,,735732
9971,2026-10-05T14:36:43,2026-10-05T14:23:07,Chaos Core,711971,711971,1,,735732
9972,2026-10-05T14:38:00,2026-10-05T14:23:07,Chaos Core,711971,59093593,83,,735731
9973,2026-10-05T14:38:27,2026-10-05T14:23:07,Chaos Core,714000,91392000,128,,735731
9974,2026-10-05T14:38:46,2026-10-05T14:23:07,Chaos Core,711971,1423942,2,,735731
9975,2026-10-05T14:40:25,2026-10-05T14:23:07,Chaos Core,714995,48619660,68,,735729
9976,2026-10-05T14:41:39,2026-10-05T14:23:07,Chaos Core,714000,133518000,187,,735729
9977,2026-10-05T14:43:07,2026-10-05T14:23:07,Chaos Core,714995,42184705,59,,735728
9978,2026-10-05T14:43:40,2026-10-05T14:23:07,Chaos Core,714995,2144985,3,,735728
9979,2026-10-05T14:43:58,2026-10-05T14:23:07,Chaos Core,714995,80794435,113,,735728
9980,2026-10-05T14:44:18,2026-10-05T14:23:07,Chaos Core,714995,1429990,2,,735728
9981,2026-10-05T14:46:55,2026-10-05T14:23:07,Chaos Core,714995,46474675,65,,735724
9982,2026-10-05T14:47:04,2026-10-05T14:23:07,Chaos Core,714995,15014895,21,,735724
9983,2026-10-05T14:47:12,2026-10-05T14:23:07,Chaos Core,714995,11439920,16,,735724
9984,2026-10-05T14:47:18,2026-10-05T14:23:07,Chaos Core,714995,16444885,23,,735724
9985,2026-10-05T14:47:24,2026-10-05T14:23:07,Chaos Core,714995,5719960,8,,735724
9986,2026-10-05T14:48:27,2026-10-05T14:23:07,Chaos Core,714900,81498600,114,,735724
9987,2026-10-05T14:49:34,2026-10-05T14:23:07,Chaos Core,715000,1430000,2,,735724
9988,2026-10-05T14:51:44,2026-10-05T14:23:07,Chaos Core,714900,714900,1,,
9989,2026-10-05T14:53:00,2026-10-05T14:23:07,Chaos Core,714278,714278,1,,
9990,2026-10-05T14:53:42,2026-10-05T14:23:07,Chaos Core,714278,714278,1,,
9991,2026-10-05T14:54:15,2026-10-05T14:23:07,Chaos Core,713608,713608,1,,
9992,2026-10-05T15:05:26,2026-10-05T14:23:07,Force Core Set (High) X 5,152369,13713210,90,,163000
9993,2026-10-05T15:05:31,2026-10-05T14:23:07,Force Core Set (High) X 264,152369,40225416,264,,163000
9994,2026-10-05T15:08:05,2026-10-05T14:23:07,Chaos Core,711857,711857,1,,
9995,2026-10-05T15:08:41,2026-10-05T14:23:07,Chaos Core,711857,711857,1,,
9996,2026-10-05T15:09:24,2026-10-05T14:23:07,Chaos Core,711857,711857,1,,
9997,2026-10-05T15:11:03,2026-10-05T14:23:07,Chaos Core,711857,55524846,78,,735679
9998,2026-10-05T15:12:16,2026-10-05T14:23:07,Chaos Core,712435,49158015,69,,735679
9999,2026-10-05T15:12:22,2026-10-05T14:23:07,Chaos Core,709476,29797992,42,,735679
10000,2026-10-05T15:13:46,2026-10-05T14:23:07,Chaos Core,712435,712435,1,,735677
10001,2026-10-05T15:15:14,2026-10-05T14:23:07,Chaos Core,712435,40608795,57,,735677
10002,2026-10-05T15:15:38,2026-10-05T14:23:07,Chaos Core,712435,178108750,250,,735677
10003,2026-10-05T15:15:56,2026-10-05T14:23:07,Chaos Core,712435,712435,1,,735677
10004,2026-10-05T15:17:43,2026-10-05T14:23:07,Chaos Core,713333,67766635,95,,735677
10005,2026-10-05T15:17:50,2026-10-05T14:23:07,Chaos Core,709476,21284280,30,,735677
10006,2026-10-05T15:18:09,2026-10-05T14:23:07,Chaos Core,711857,711857,1,,735677
10007,2026-10-05T15:18:26,2026-10-05T14:23:07,Chaos Core,713608,713608,1,,735677
10008,2026-10-05T15:18:43,2026-10-05T14:23:07,Chaos Core,714278,714278,1,,735677
10009,2026-10-05T15:18:49,2026-10-05T14:23:07,Chaos Core,709476,10642140,15,,735677
10010,2026-10-05T15:19:11,2026-10-05T14:23:07,Chaos Core,711857,711857,1,,735677
10011,2026-10-05T15:19:29,2026-10-05T14:23:07,Chaos Core,714900,714900,1,,735677
10012,2026-10-05T15:19:36,2026-10-05T14:23:07,Chaos Core,709476,102164544,144,,735677
10013,2026-10-05T15:19:59,2026-10-05T14:23:07,Chaos Core,714995,714995,1,,735677
10014,2026-10-05T15:24:50,2026-10-05T14:23:07,Chaos Core,719999,179999750,250,,735661
10015,2026-10-05T15:25:20,2026-10-05T14:23:07,Chaos Core,720000,1440000,2,,735661
10016,2026-10-05T15:30:15,2026-10-05T14:23:07,Chaos Core,720000,720000,1,,
10017,2026-10-05T15:40:12,2026-10-05T14:23:07,Chaos Core,720165,720165,1,,
10018,2026-10-05T15:41:10,2026-10-05T14:23:07,Chaos Core,720165,720165,1,,
10019,2026-10-05T15:41:46,2026-10-05T14:23:07,Chaos Core,720165,720165,1,,
10020,2026-10-05T15:43:18,2026-10-05T14:23:07,Chaos Core,720165,720165,1,,
10021,2026-10-05T15:48:53,2026-10-05T14:23:07,Force Core Set (High) X 1,152369,152369,1,,163000
10022,2026-10-05T15:48:59,2026-10-05T14:23:07,Force Core Set (High) X 21,152369,3199749,21,,163000
10023,2026-10-05T15:49:05,2026-10-05T14:23:07,Force Core Set (High) X 44,152369,6704236,44,,163000
10024,2026-10-05T15:49:10,2026-10-05T14:23:07,Force Core Set (High) X 47,152369,7161343,47,,163000
10025,2026-10-05T15:49:14,2026-10-05T14:23:07,Force Core Set (High) X 49,152369,7466081,49,,163000
10026,2026-10-05T15:50:40,2026-10-05T14:23:07,Yekaterina VIP Membership,111900000,111900000,1,,
10027,2026-10-05T15:51:19,2026-10-05T14:23:07,Chaos Core,723845,723845,1,,
10028,2026-10-05T15:52:18,2026-10-05T14:23:07,Chaos Core,723845,723845,1,,
10029,2026-10-05T15:52:51,2026-10-05T14:23:07,Chaos Core,723845,723845,1,,
10030,2026-10-05T15:53:28,2026-10-05T14:23:07,Chaos Core,723845,723845,1,,
10031,2026-10-05T16:00:17,2026-10-05T14:23:07,Chaos Core,723845,723845,1,,
10032,2026-10-05T16:00:53,2026-10-05T14:23:07,Chaos Core,723845,723845,1,,
10033,2026-10-05T16:06:43,2026-10-05T14:23:07,Chaos Core,723845,723845,1,,
10034,2026-10-05T16:07:41,2026-10-05T14:23:07,Chaos Core,723845,723845,1,,
10035,2026-10-05T16:08:13,2026-10-05T14:23:07,Chaos Core,723845,723845,1,,
10036,2026-10-05T16:08:51,2026-10-05T14:23:07,Chaos Core,724999,724999,1,,
10037,2026-10-05T16:13:45,2026-10-05T14:23:07,Upgrade Core Set (Ultimate) X 1,453160,453160,1,,478584
10038,2026-10-05T16:13:51,2026-10-05T14:23:07,Upgrade Core Set (Ultimate) X 6,453160,2718960,6,,478584
10039,2026-10-05T16:13:56,2026-10-05T14:23:07,Upgrade Core Set (Ultimate) X 28,453160,12688480,28,,478584
10040,2026-10-05T16:14:02,2026-10-05T14:23:07,Upgrade Core Set (Ultimate) X 187,453160,84740920,187,,478584
10041,2026-10-05T16:14:46,2026-10-05T14:23:07,Force Core Set (Ultimate) X 1,267857,267857,1,,320000
10042,2026-10-05T16:14:52,2026-10-05T14:23:07,Force Core Set (Ultimate) X 5,267857,1339285,5,,320000
10043,2026-10-05T16:14:59,2026-10-05T14:23:07,Force Core Set (Ultimate) X 5,267857,6696425,25,,320000
10044,2026-10-05T16:15:04,2026-10-05T14:23:07,Force Core Set (Ultimate) X 6,267857,1607142,6,,320000
10045,2026-10-05T16:15:08,2026-10-05T14:23:07,Force Core Set (Ultimate) X 7,267857,1874999,7,,320000
10046,2026-10-05T16:22:04,2026-10-05T14:23:07,Upgrade Core Set (Ultimate) X 1,435000,6960000,16,,478573
10047,2026-10-05T16:36:12,2026-10-05T14:23:07,Yekaterina VIP Membership,111900000,111900000,1,,
10048,2026-10-05T16:42:23,2026-10-05T14:23:07,Force Core Set (Ultimate) X 100,299999,59999998,200,,320000
10049,2026-10-05T16:51:13,2026-10-05T14:23:07,Chaos Core,721596,721596,1,,
10050,2026-10-05T16:55:54,2026-10-05T14:23:07,Force Core Set (Ultimate) X 100,299999,59999998,200,,320000
10051,2026-10-05T17:02:38,2026-10-05T14:23:07,Force Core Set (Ultimate) X 10,299998,2999989,10,,320000
10052,2026-10-05T17:02:45,2026-10-05T14:23:07,Force Core Set (Ultimate) X 100,299999,59999998,200,,320000
10053,2026-10-05T17:04:05,2026-10-05T14:23:07,Chaos Core,711937,711937,1,,
10054,2026-10-05T17:05:01,2026-10-05T14:23:07,Chaos Core,711937,711937,1,,
10055,2026-10-05T17:05:34,2026-10-05T14:23:07,Chaos Core,711937,711937,1,,
10056,2026-10-05T17:06:08,2026-10-05T14:23:07,Chaos Core,711937,711937,1,,
10057,2026-10-05T17:17:17,2026-10-05T14:23:07,Force Core Set (Ultimate) X 100,299999,59999998,200,,320000
10058,2026-10-05T17:17:59,2026-10-05T14:23:07,Force Core Set (Ultimate) X 100,299999,59999998,200,,320000
10059,2026-10-05T17:19:23,2026-10-05T14:23:07,Chaos Core,709347,709347,1,,
10060,2026-10-05T17:20:16,2026-10-05T14:23:07,Chaos Core,708786,708786,1,,
10061,2026-10-05T17:20:47,2026-10-05T14:23:07,Chaos Core,708786,708786,1,,
10062,2026-10-05T17:21:19,2026-10-05T14:23:07,Chaos Core,708786,708786,1,,
10063,2026-10-05T17:27:03,2026-10-05T14:23:07,Chaos Core,708786,708786,1,,
10064,2026-10-05T17:27:58,2026-10-05T14:23:07,Chaos Core,709347,709347,1,,
10065,2026-10-05T17:28:31,2026-10-05T14:23:07,Chaos Core,709347,709347,1,,
10066,2026-10-05T17:29:05,2026-10-05T14:23:07,Chaos Core,709347,709347,1,,
10067,2026-10-05T17:34:59,2026-10-05T14:23:07,Chaos Core,707505,707505,1,,
10068,2026-10-05T17:48:07,2026-10-05T14:23:07,Chaos Core,725000,725000,1,,
10069,2026-10-05T17:49:03,2026-10-05T14:23:07,Chaos Core,725000,725000,1,,
10070,2026-10-05T17:49:37,2026-10-05T14:23:07,Chaos Core,725000,725000,1,,
10071,2026-10-05T17:50:13,2026-10-05T14:23:07,Chaos Core,725000,725000,1,,
10072,2026-10-05T18:03:11,2026-10-05T14:23:07,Chaos Core,722770,722770,1,,
10073,2026-10-05T18:09:28,2026-10-05T14:23:07,Chaos Core,719074,719074,1,,
10074,2026-10-05T18:10:14,2026-10-05T14:23:07,Chaos Core,719074,719074,1,,
10075,2026-10-05T18:15:57,2026-10-05T14:23:07,Chaos Core,719074,719074,1,,
10076,2026-10-05T18:17:17,2026-10-05T14:23:07,Chaos Core,725000,725000,1,,
10077,2026-10-05T18:43:14,2026-10-05T18:39:27,Chaos Core,725000,725000,1,,
10078,2026-10-05T18:49:11,2026-10-05T18:39:27,Chaos Core,723922,723922,1,,
10079,2026-10-05T18:55:39,2026-10-05T18:39:27,Chaos Core,722650,722650,1,,
10080,2026-10-05T19:02:20,2026-10-05T18:39:27,Chaos Core,720892,720892,1,,
10081,2026-10-05T19:15:09,2026-10-05T18:39:27,Chaos Core,717761,717761,1,,
10082,2026-10-05T19:15:44,2026-10-05T18:39:27,Chaos Core,717761,717761,1,,
10083,2026-10-05T19:16:17,2026-10-05T18:39:27,Chaos Core,717248,717248,1,,
10084,2026-10-05T19:18:51,2026-10-05T18:39:27,Chaos Core,715928,715928,1,,
10085,2026-10-05T19:23:59,2026-10-05T18:39:27,Upgrade Core Set (Ultimate) X 254,453160,115102640,254,,478405
10086,2026-10-05T19:39:36,2026-10-05T18:39:27,Chaos Core,710612,710612,1,,
10087,2026-10-05T19:43:23,2026-10-05T18:39:27,Chaos Core,710092,710092,1,,
10088,2026-10-05T19:43:56,2026-10-05T18:39:27,Chaos Core,710092,710092,1,,
10089,2026-10-05T19:44:31,2026-10-05T18:39:27,Chaos Core,710092,710092,1,,
10090,2026-10-05T19:45:55,2026-10-05T18:39:27,Force Core Set (High) X 240,159428,38262720,240,,165000
10091,2026-10-05T19:57:50,2026-10-05T18:39:27,Chaos Core,707500,707500,1,,
10092,2026-10-05T19:58:23,2026-10-05T18:39:27,Chaos Core,707500,707500,1,,
10093,2026-10-05T19:58:58,2026-10-05T18:39:27,Chaos Core,707500,707500,1,,
10094,2026-10-05T20:02:12,2026-10-05T18:39:27,Chaos Core,707500,707500,1,,
10095,2026-10-05T20:15:35,2026-10-05T18:39:27,Chaos Core,707499,707499,1,,
10096,2026-10-05T20:19:12,2026-10-05T18:39:27,Chaos Core,707499,707499,1,,
10097,2026-10-05T20:19:45,2026-10-05T18:39:27,Chaos Core,707499,707499,1,,
10098,2026-10-05T20:21:14,2026-10-05T18:39:27,Chaos Core,707499,707499,1,,
10099,2026-10-05T20:24:59,2026-10-05T18:39:27,Chaos Core,707500,707500,1,,
10100,2026-10-05T20:26:46,2026-10-05T18:39:27,Chaos Core,707500,174752500,247,,720268
10101,2026-10-05T20:27:02,2026-10-05T18:39:27,Chaos Core,707500,1415000,2,,720268
10102,2026-10-05T20:28:20,2026-10-05T18:39:27,Chaos Core,705063,137487285,195,,720269
10103,2026-10-05T20:29:47,2026-10-05T18:39:27,Chaos Core,705063,132551844,188,,720268
10104,2026-10-05T20:30:05,2026-10-05T18:39:27,Chaos Core,707500,707500,1,,720268
10105,2026-10-05T20:31:28,2026-10-05T18:39:27,Chaos Core,707500,150697500,213,,720267
10106,2026-10-05T20:37:38,2026-10-05T18:39:27,Chaos Core,707753,114655986,162,,720305
10107,2026-10-05T20:39:04,2026-10-05T18:39:27,Chaos Core,707500,4245000,6,,720303
10108,2026-10-05T20:39:26,2026-10-05T18:39:27,Chaos Core,707753,2831012,4,,720303
10109,2026-10-05T20:39:49,2026-10-05T18:39:27,Chaos Core,710092,2130276,3,,720303
10110,2026-10-05T20:40:10,2026-10-05T18:39:27,Chaos Core,713629,57803949,81,,720303
10111,2026-10-05T20:40:34,2026-10-05T18:39:27,Chaos Core,713629,142725800,200,,720303
10112,2026-10-05T20:42:24,2026-10-05T18:39:27,Chaos Core,702310,41436290,59,,720301
10113,2026-10-05T20:42:46,2026-10-05T18:39:27,Chaos Core,707500,707500,1,,720301
10114,2026-10-05T20:45:25,2026-10-05T18:39:27,Chaos Core,702310,702310,1,,720299
10115,2026-10-05T20:45:45,2026-10-05T18:39:27,Chaos Core,707499,707499,1,,720299
10116,2026-10-05T20:46:22,2026-10-05T18:39:27,Chaos Core,715421,715421,1,,720299
10117,2026-10-05T20:46:45,2026-10-05T18:39:27,Chaos Core,715928,10738920,15,,720299
10118,2026-10-05T20:51:22,2026-10-05T18:39:27,Chaos Core,702310,702310,1,,720297
10119,2026-10-05T20:53:24,2026-10-05T18:39:27,Chaos Core,717999,12205983,17,,720297
10120,2026-10-05T20:59:09,2026-10-05T18:39:27,Chaos Core,717999,717999,1,,
10121,2026-10-05T21:02:53,2026-10-05T18:39:27,Chaos Core,717999,717999,1,,
10122,2026-10-05T21:03:27,2026-10-05T18:39:27,Chaos Core,717999,717999,1,,
10123,2026-10-05T21:04:05,2026-10-05T18:39:27,Chaos Core,718461,718461,1,,
10124,2026-10-05T21:14:09,2026-10-05T18:39:27,Chaos Core,713036,2139108,3,,720286
10125,2026-10-05T21:14:35,2026-10-05T18:39:27,Chaos Core,724444,10866660,15,,720286
10126,2026-10-05T21:18:48,2026-10-05T18:39:27,Chaos Core,712479,4274874,6,,720285
10127,2026-10-05T21:19:53,2026-10-05T18:39:27,Chaos Core,711101,711101,1,,720285
10128,2026-10-05T21:20:28,2026-10-05T18:39:27,Chaos Core,724444,2897776,4,,720285
10129,2026-10-05T21:20:47,2026-10-05T18:39:27,Chaos Core,724999,4349994,6,,720285
10130,2026-10-05T21:21:05,2026-10-05T18:39:27,Chaos Core,725000,725000,1,,720285
10131,2026-10-05T21:34:55,2026-10-05T18:39:27,Chaos Core,724999,724999,1,,
10132,2026-10-05T21:39:46,2026-10-05T18:39:27,Chaos Core,724435,724435,1,,
10133,2026-10-05T21:41:40,2026-10-05T18:39:27,Chaos Core,724435,724435,1,,
10134,2026-10-05T21:42:13,2026-10-05T18:39:27,Chaos Core,724435,724435,1,,
10135,2026-10-05T21:47:31,2026-10-05T18:39:27,Chaos Core,724435,724435,1,,
10136,2026-10-05T21:50:19,2026-10-05T18:39:27,Chaos Core,724435,724435,1,,
10137,2026-10-05T21:51:21,2026-10-05T18:39:27,Chaos Core,724435,724435,1,,
10138,2026-10-05T21:52:09,2026-10-05T18:39:27,Chaos Core,723248,723248,1,,
10139,2026-10-05T22:01:33,2026-10-05T18:39:27,Chaos Core,723000,723000,1,,
10140,2026-10-05T22:03:16,2026-10-05T18:39:27,Chaos Core,723000,723000,1,,
10141,2026-10-05T22:03:48,2026-10-05T18:39:27,Chaos Core,723000,723000,1,,
10142,2026-10-05T22:04:31,2026-10-05T18:39:27,Chaos Core,721671,721671,1,,
10143,2026-10-05T22:08:22,2026-10-05T18:39:27,Chaos Core,721671,721671,1,,
10144,2026-10-05T22:13:58,2026-10-05T18:39:27,Chaos Core,723000,723000,1,,
10145,2026-10-05T22:15:42,2026-10-05T18:39:27,Chaos Core,722417,722417,1,,
10146,2026-10-05T22:16:15,2026-10-05T18:39:27,Chaos Core,722000,722000,1,,
10147,2026-10-05T22:16:50,2026-10-05T18:39:27,Chaos Core,722000,722000,1,,
10148,2026-10-05T22:22:02,2026-10-05T18:39:27,Chaos Core,720611,720611,1,,
10149,2026-10-05T22:23:44,2026-10-05T18:39:27,Chaos Core,720611,720611,1,,
10150,2026-10-05T22:26:22,2026-10-05T18:39:27,Force Core Set (High) X 1,158156,5219148,33,,165000
10151,2026-10-05T22:26:29,2026-10-05T18:39:27,Force Core Set (High) X 29,158158,4586582,29,,165000
10152,2026-10-05T22:26:35,2026-10-05T18:39:27,Force Core Set (High) X 35,158158,5535530,35,,165000
10153,2026-10-05T22:28:50,2026-10-05T18:39:27,Chaos Core,723248,723248,1,,
10154,2026-10-05T22:29:38,2026-10-05T18:39:27,Chaos Core,724999,724999,1,,735506
10155,2026-10-05T22:29:51,2026-10-05T18:39:27,Chaos Core,725000,2175000,3,,735506
10156,2026-10-05T22:30:06,2026-10-05T18:39:27,Chaos Core,725000,2900000,4,,735506
10157,2026-10-05T22:30:16,2026-10-05T18:39:27,Chaos Core,723000,153999000,213,,735506
10158,2026-10-05T22:30:31,2026-10-05T18:39:27,Chaos Core,725000,725000,1,,735506
10159,2026-10-05T22:31:48,2026-10-05T18:39:27,Chaos Core,725000,2175000,3,,735505
10160,2026-10-05T22:31:54,2026-10-05T18:39:27,Chaos Core,723000,5061000,7,,735505
10161,2026-10-05T22:32:58,2026-10-05T18:39:27,Chaos Core,721800,28150200,39,,735505
10162,2026-10-05T22:33:06,2026-10-05T18:39:27,Chaos Core,723000,723000,1,,735505
10163,2026-10-05T22:33:25,2026-10-05T18:39:27,Chaos Core,725654,2902616,4,,735505
10164,2026-10-05T22:33:44,2026-10-05T18:39:27,Chaos Core,725654,11610464,16,,735505
10165,2026-10-05T22:34:02,2026-10-05T18:39:27,Chaos Core,725654,4353924,6,,735505
10166,2026-10-05T22:34:08,2026-10-05T18:39:27,Chaos Core,721800,33924600,47,,735505
10167,2026-10-05T22:34:27,2026-10-05T18:39:27,Chaos Core,725654,725654,1,,735505
10168,2026-10-05T22:34:36,2026-10-05T18:39:27,Chaos Core,721800,3609000,5,,735505
10169,2026-10-05T22:34:57,2026-10-05T18:39:27,Chaos Core,725654,725654,1,,735505
10170,2026-10-05T22:35:17,2026-10-05T18:39:27,Chaos Core,725654,3628270,5,,735505
10171,2026-10-05T22:35:40,2026-10-05T18:39:27,Chaos Core,725654,2902616,4,,735505
10172,2026-10-05T22:36:00,2026-10-05T18:39:27,Chaos Core,725654,6530886,9,,735505
10173,2026-10-05T22:36:22,2026-10-05T18:39:27,Chaos Core,725654,1451308,2,,735505
10174,2026-10-05T22:37:34,2026-10-05T18:39:27,Chaos Core,721800,75067200,104,,735505
10175,2026-10-05T22:37:56,2026-10-05T18:39:27,Chaos Core,725654,725654,1,,735505
10176,2026-10-05T22:39:26,2026-10-05T18:39:27,Chaos Core,725654,725654,1,,735504
10177,2026-10-05T22:39:46,2026-10-05T18:39:27,Chaos Core,725654,725654,1,,735504
10178,2026-10-05T22:40:05,2026-10-05T18:39:27,Chaos Core,725000,124700000,172,,735504
10179,2026-10-05T22:41:31,2026-10-05T18:39:27,Chaos Core,725654,5805232,8,,735503
10180,2026-10-05T22:41:52,2026-10-05T18:39:27,Chaos Core,725654,2176962,3,,735503
10181,2026-10-05T22:42:17,2026-10-05T18:39:27,Chaos Core,725654,2902616,4,,735503
10182,2026-10-05T22:42:38,2026-10-05T18:39:27,Chaos Core,725654,18141350,25,,735503
10183,2026-10-05T22:44:02,2026-10-05T18:39:27,Chaos Core,726514,3632570,5,,735503
10184,2026-10-05T22:44:26,2026-10-05T18:39:27,Chaos Core,726514,54488550,75,,735503
10185,2026-10-05T22:44:46,2026-10-05T18:39:27,Chaos Core,726514,2906056,4,,735503
10186,2026-10-05T22:45:06,2026-10-05T18:39:27,Chaos Core,726514,21795420,30,,735503
10187,2026-10-05T22:45:27,2026-10-05T18:39:27,Chaos Core,726514,1453028,2,,735503
10188,2026-10-05T22:46:49,2026-10-05T18:39:27,Chaos Core,726514,5812112,8,,735502
10189,2026-10-05T22:47:12,2026-10-05T18:39:27,Chaos Core,728000,66248000,91,,735502
10190,2026-10-05T22:47:19,2026-10-05T18:39:27,Chaos Core,721800,15157800,21,,735502
10191,2026-10-05T22:47:40,2026-10-05T18:39:27,Chaos Core,725000,725000,1,,735502
10192,2026-10-05T22:48:01,2026-10-05T18:39:27,Chaos Core,728000,29120000,40,,735502
10193,2026-10-05T22:48:19,2026-10-05T18:39:27,Chaos Core,728000,728000,1,,735502
10194,2026-10-05T22:49:38,2026-10-05T18:39:27,Chaos Core,728000,6552000,9,,735501
10195,2026-10-05T22:49:59,2026-10-05T18:39:27,Chaos Core,728350,7283500,10,,735501
10196,2026-10-05T22:50:21,2026-10-05T18:39:27,Chaos Core,728350,26220600,36,,735501
10197,2026-10-05T22:50:44,2026-10-05T18:39:27,Chaos Core,729660,10944900,15,,735501
10198,2026-10-05T22:51:03,2026-10-05T18:39:27,Chaos Core,730000,17520000,24,,735501
10199,2026-10-05T22:51:24,2026-10-05T18:39:27,Chaos Core,730000,176660000,242,,735501
10200,2026-10-05T22:52:46,2026-10-05T18:39:27,Chaos Core,721800,136420200,189,,735500
10201,2026-10-05T22:54:59,2026-10-05T18:39:27,Chaos Core,721800,721800,1,,
10202,2026-10-05T22:55:34,2026-10-05T18:39:27,Chaos Core,721800,721800,1,,
10203,2026-10-05T22:56:11,2026-10-05T18:39:27,Chaos Core,721800,721800,1,,
10204,2026-10-05T22:57:04,2026-10-05T18:39:27,Chaos Core,721800,3609000,5,,735499
10205,2026-10-05T22:57:25,2026-10-05T18:39:27,Chaos Core,724999,724999,1,,735499
10206,2026-10-05T22:57:47,2026-10-05T18:39:27,Chaos Core,725000,725000,1,,735499
10207,2026-10-05T22:58:05,2026-10-05T18:39:27,Chaos Core,725000,725000,1,,735499
10208,2026-10-05T22:58:18,2026-10-05T18:39:27,Chaos Core,726514,17436336,24,,735499
10209,2026-10-05T22:58:36,2026-10-05T18:39:27,Chaos Core,730000,1460000,2,,735499
10210,2026-10-05T23:00:01,2026-10-05T18:39:27,Chaos Core,730000,72270000,99,,735499
10211,2026-10-05T23:00:20,2026-10-05T18:39:27,Chaos Core,730000,18980000,26,,735499
10212,2026-10-05T23:03:14,2026-10-05T18:39:27,Chaos Core,721800,83007000,115,,735500
10213,2026-10-05T23:03:33,2026-10-05T18:39:27,Chaos Core,730000,50370000,69,,735500
10214,2026-10-05T23:03:50,2026-10-05T18:39:27,Chaos Core,730000,1460000,2,,735500
10215,2026-10-05T23:05:35,2026-10-05T18:39:27,Chaos Core,730000,140890000,193,,735499
10216,2026-10-05T23:05:51,2026-10-05T18:39:27,Chaos Core,730000,1460000,2,,735499
10217,2026-10-05T23:07:16,2026-10-05T18:39:27,Chaos Core,730000,730000,1,,
10218,2026-10-05T23:08:15,2026-10-05T18:39:27,Chaos Core,730000,181770000,249,,735497
10219,2026-10-05T23:09:20,2026-10-05T18:39:27,Force Core Set (Highest) X 1,141743,141743,1,,190000
10220,2026-10-05T23:10:51,2026-10-05T18:39:27,Yekaterina VIP Membership,111900000,111900000,1,,
10221,2026-10-05T23:11:39,2026-10-05T18:39:27,Chaos Core,724999,162399776,224,,735496
10222,2026-10-05T23:11:49,2026-10-05T18:39:27,Chaos Core,730000,730000,1,,735496
10223,2026-10-05T23:12:58,2026-10-05T18:39:27,Chaos Core,724999,25374965,35,,735495
10224,2026-10-05T23:13:05,2026-10-05T18:39:27,Chaos Core,724999,78299892,108,,735495
10225,2026-10-05T23:13:15,2026-10-05T18:39:27,Chaos Core,730000,67890000,93,,735495
10226,2026-10-05T23:13:26,2026-10-05T18:39:27,Chaos Core,730000,730000,1,,735495
10227,2026-10-05T23:15:52,2026-10-05T18:39:27,Chaos Core,724999,724999,1,,
10228,2026-10-05T23:16:32,2026-10-05T18:39:27,Chaos Core,724999,724999,1,,
10229,2026-10-05T23:17:07,2026-10-05T18:39:27,Chaos Core,724999,724999,1,,
10230,2026-10-05T23:21:17,2026-10-05T18:39:27,Force Core Set (Ultimate) X 10,299999,2999990,10,,320000
10231,2026-10-05T23:26:58,2026-10-05T18:39:27,Chaos Core,722000,116964000,162,,735483
10232,2026-10-05T23:28:40,2026-10-05T18:39:27,Chaos Core,719672,22309832,31,,735480
10233,2026-10-05T23:28:52,2026-10-05T18:39:27,Chaos Core,719672,179198328,249,,735480
10234,2026-10-05T23:29:03,2026-10-05T18:39:27,Chaos Core,719672,1439344,2,,735480
10235,2026-10-05T23:31:22,2026-10-05T18:39:27,Chaos Core,719672,38142616,53,,735479
10236,2026-10-05T23:31:33,2026-10-05T18:39:27,Chaos Core,719672,179198328,249,,735479
10237,2026-10-05T23:31:44,2026-10-05T18:39:27,Chaos Core,719672,719672,1,,735479
10238,2026-10-05T23:33:07,2026-10-05T18:39:27,Force Core Set (Ultimate) X 44,300299,13213156,44,,320000
10239,2026-10-05T23:34:36,2026-10-05T18:39:27,Chaos Core,719672,719672,1,,735477
10240,2026-10-05T23:34:51,2026-10-05T18:39:27,Chaos Core,719672,176319640,245,,735477
10241,2026-10-05T23:41:46,2026-10-05T18:39:27,Chaos Core,730000,730000,1,,
10242,2026-10-05T23:42:23,2026-10-05T18:39:27,Chaos Core,730000,73730000,101,,735472
10243,2026-10-05T23:42:35,2026-10-05T18:39:27,Chaos Core,730000,137240000,188,,735472
10244,2026-10-05T23:42:56,2026-10-05T18:39:27,Chaos Core,730000,1460000,2,,735472
10245,2026-10-05T23:44:54,2026-10-05T18:39:27,Chaos Core,730000,181770000,249,,735470
10246,2026-10-05T23:46:56,2026-10-05T18:39:27,Chaos Core,730000,140890000,193,,735467
10247,2026-10-05T23:47:03,2026-10-05T18:39:27,Chaos Core,729775,1459550,2,,735467
10248,2026-10-05T23:48:08,2026-10-05T18:39:27,Chaos Core,729775,28461225,39,,735464
10249,2026-10-05T23:48:18,2026-10-05T18:39:27,Chaos Core,730000,113880000,156,,735464
10250,2026-10-05T23:49:37,2026-10-05T18:39:27,Chaos Core,730000,181040000,248,,735462
10251,2026-10-05T23:49:42,2026-10-05T18:39:27,Chaos Core,729775,729775,1,,735462
10252,2026-10-05T23:51:41,2026-10-05T18:39:27,Upgrade Core Set (Ultimate) X 1,453160,453160,1,,478227
10253,2026-10-05T23:51:47,2026-10-05T18:39:27,Upgrade Core Set (Ultimate) X 33,453160,14954280,33,,478227
10254,2026-10-05T23:51:51,2026-10-05T18:39:27,Upgrade Core Set (Ultimate) X 61,453160,27642760,61,,478227
10255,2026-10-05T23:54:29,2026-10-05T18:39:27,Blessing Bead - Superior,163001000,163001000,1,,
10256,2026-10-05T23:56:16,2026-10-05T18:39:27,Chaos Core,729775,729775,1,,
10257,2026-10-05T23:56:56,2026-10-05T18:39:27,Chaos Core,729775,729775,1,,
10258,2026-10-05T23:57:32,2026-10-05T18:39:27,Chaos Core,729775,729775,1,,
10259,2026-10-05T23:58:51,2026-10-05T18:39:27,Chaos Core,729775,729775,1,,
10260,2026-10-06T00:04:27,2026-10-05T18:39:27,Chaos Core,729775,729775,1,,
10261,2026-10-06T00:05:11,2026-10-05T18:39:27,Chaos Core,730000,730000,1,,
10262,2026-10-06T00:05:53,2026-10-05T18:39:27,Chaos Core,730000,730000,1,,
10263,2026-10-06T00:10:09,2026-10-05T18:39:27,Chaos Core,730000,2190000,3,,735420
10264,2026-10-06T00:10:23,2026-10-05T18:39:27,Chaos Core,730000,181770000,249,,735420
10265,2026-10-06T00:13:25,2026-10-05T18:39:27,Chaos Core,730000,730000,1,,
10266,2026-10-06T00:14:31,2026-10-05T18:39:27,Chaos Core,730000,68620000,94,,735414
10267,2026-10-06T00:15:18,2026-10-05T18:39:27,Chaos Core,730745,1461490,2,,735414
10268,2026-10-06T00:19:04,2026-10-05T18:39:27,Chaos Core,730745,730745,1,,
10269,2026-10-06T00:19:52,2026-10-05T18:39:27,Chaos Core,730000,730000,1,,
10270,2026-10-06T00:22:05,2026-10-05T18:39:27,Chaos Core,730745,730745,1,,
10271,2026-10-06T00:22:54,2026-10-05T18:39:27,Chaos Core,730000,730000,1,,735451
10272,2026-10-06T00:23:36,2026-10-05T18:39:27,Chaos Core,730745,12422665,17,,735451
10273,2026-10-06T00:24:47,2026-10-05T18:39:27,Chaos Core,727181,134528485,185,,735451
10274,2026-10-06T00:25:16,2026-10-05T18:39:27,Chaos Core,730745,730745,1,,735451
10275,2026-10-06T00:29:39,2026-10-05T18:39:27,Chaos Core,730000,21170000,29,,735449
10276,2026-10-06T00:29:48,2026-10-05T18:39:27,Chaos Core,728317,54623775,75,,735449
10277,2026-10-06T00:36:15,2026-10-05T18:39:27,Chaos Core,730745,730745,1,,735449
10278,2026-10-06T00:37:17,2026-10-05T18:39:27,Chaos Core,725999,725999,1,,735446
10279,2026-10-06T00:37:39,2026-10-05T18:39:27,Chaos Core,730000,730000,1,,735446
10280,2026-10-06T00:38:19,2026-10-05T18:39:27,Chaos Core,730745,5845960,8,,735446
10281,2026-10-06T00:38:42,2026-10-05T18:39:27,Chaos Core,738000,5904000,8,,735446
10282,2026-10-06T00:41:12,2026-10-05T18:39:27,Yekaterina VIP Membership,111900000,111900000,1,,
10283,2026-10-06T00:42:45,2026-10-05T18:39:27,Chaos Core,738000,738000,1,,
10284,2026-10-06T00:43:24,2026-10-05T18:39:27,Chaos Core,738000,738000,1,,
10285,2026-10-06T00:44:42,2026-10-05T18:39:27,Chaos Core,738000,738000,1,,
10286,2026-10-06T00:46:26,2026-10-05T18:39:27,Chaos Core,736878,736878,1,,
10287,2026-10-06T00:47:39,2026-10-05T18:39:27,Chaos Core,736878,736878,1,,
10288,2026-10-06T00:49:40,2026-10-05T18:39:27,Chaos Core,726514,6538626,9,,735426
10289,2026-10-06T00:50:03,2026-10-05T18:39:27,Chaos Core,734984,6614856,9,,735426
10290,2026-10-06T00:54:19,2026-10-05T18:39:27,Chaos Core,726514,726514,1,,735420
10291,2026-10-06T00:54:57,2026-10-05T18:39:27,Chaos Core,734984,12494728,17,,735420
10292,2026-10-06T00:57:57,2026-10-05T18:39:27,Chaos Core,723460,68005240,94,,735410
10293,2026-10-06T00:58:17,2026-10-05T18:39:27,Chaos Core,726514,726514,1,,735410
10294,2026-10-06T00:58:40,2026-10-05T18:39:27,Chaos Core,726514,726514,1,,735410
10295,2026-10-06T01:02:36,2026-10-05T18:39:27,Chaos Core,734984,734984,1,,
10296,2026-10-06T01:03:17,2026-10-05T18:39:27,Chaos Core,734984,734984,1,,
10297,2026-10-06T01:04:38,2026-10-05T18:39:27,Chaos Core,734984,734984,1,,
10298,2026-10-06T01:06:16,2026-10-05T18:39:27,Chaos Core,733759,733759,1,,
10299,2026-10-06T01:08:19,2026-10-05T18:39:27,Chaos Core,733197,733197,1,,
10300,2026-10-06T01:13:41,2026-10-05T18:39:27,Chaos Core,732531,732531,1,,
10301,2026-10-06T01:21:54,2026-10-05T18:39:27,Chaos Core,731928,731928,1,,
10302,2026-10-06T01:23:08,2026-10-05T18:39:27,Chaos Core,730667,730667,1,,
10303,2026-10-06T01:24:48,2026-10-05T18:39:27,Chaos Core,730157,730157,1,,
10304,2026-10-06T01:25:42,2026-10-05T18:39:27,Chaos Core,730157,88348997,121,,735345
10305,2026-10-06T01:25:53,2026-10-05T18:39:27,Chaos Core,730157,156983755,215,,735345
10306,2026-10-06T01:27:23,2026-10-05T18:39:27,Chaos Core,720625,140521875,195,,735339
10307,2026-10-06T01:28:31,2026-10-05T18:39:27,Chaos Core,720625,61253125,85,,735339
10308,2026-10-06T01:28:45,2026-10-05T18:39:27,Chaos Core,730000,181770000,249,,735339
10309,2026-10-06T01:29:01,2026-10-05T18:39:27,Chaos Core,730667,1461334,2,,735339
10310,2026-10-06T01:32:19,2026-10-05T18:39:27,Chaos Core,720625,136198125,189,,735336
10311,2026-10-06T01:34:18,2026-10-05T18:39:27,Chaos Core,730667,730667,1,,
10312,2026-10-06T01:37:14,2026-10-05T18:39:27,Chaos Core,730000,89060000,122,,735330
10313,2026-10-06T01:37:30,2026-10-05T18:39:27,Chaos Core,730667,730667,1,,735330
10314,2026-10-06T01:41:22,2026-10-05T18:39:27,Chaos Core,728910,728910,1,,
10315,2026-10-06T01:43:38,2026-10-05T18:39:27,Chaos Core,733759,733759,1,,
10316,2026-10-06T01:44:21,2026-10-05T18:39:27,Chaos Core,733759,733759,1,,
10317,2026-10-06T01:47:16,2026-10-05T18:39:27,Chaos Core,733145,733145,1,,
10318,2026-10-06T01:49:10,2026-10-05T18:39:27,Chaos Core,732503,732503,1,,
10319,2026-10-06T01:51:12,2026-10-05T18:39:27,Chaos Core,732503,732503,1,,
10320,2026-10-06T01:52:05,2026-10-05T18:39:27,Chaos Core,732503,732503,1,,
10321,2026-10-06T01:53:41,2026-10-05T18:39:27,Upgrade Core Set (Ultimate) X 1,453160,453160,1,,476928
10322,2026-10-06T01:55:32,2026-10-05T18:39:27,Chaos Core,726514,61027176,84,,735389
10323,2026-10-06T01:59:18,2026-10-05T18:39:27,Chaos Core,732005,732005,1,,
10324,2026-10-06T02:00:01,2026-10-05T18:39:27,Chaos Core,732000,732000,1,,
10325,2026-10-06T02:01:52,2026-10-05T18:39:27,Chaos Core,730670,730670,1,,
10326,2026-10-06T02:02:42,2026-10-05T18:39:27,Chaos Core,730670,730670,1,,
10327,2026-10-06T02:03:29,2026-10-05T18:39:27,Chaos Core,729592,729592,1,,
10328,2026-10-06T02:04:05,2026-10-05T18:39:27,Chaos Core,729500,35745500,49,,735445
10329,2026-10-06T02:04:17,2026-10-05T18:39:27,Chaos Core,729500,180916000,248,,735445
10330,2026-10-06T02:08:12,2026-10-05T18:39:27,Chaos Core,730670,730670,1,,
10331,2026-10-06T02:08:58,2026-10-05T18:39:27,Chaos Core,730670,730670,1,,
10332,2026-10-06T02:11:10,2026-10-05T18:39:27,Chaos Core,730670,730670,1,,
10333,2026-10-06T02:11:54,2026-10-05T18:39:27,Chaos Core,730086,730086,1,,
10334,2026-10-06T02:12:32,2026-10-05T18:39:27,Chaos Core,730086,100751868,138,,735445
10335,2026-10-06T02:17:51,2026-10-05T18:39:27,Chaos Core,730670,730670,1,,
10336,2026-10-06T02:18:37,2026-10-05T18:39:27,Chaos Core,730670,730670,1,,
10337,2026-10-06T02:20:25,2026-10-05T18:39:27,Chaos Core,730670,730670,1,,
10338,2026-10-06T02:21:16,2026-10-05T18:39:27,Chaos Core,730670,730670,1,,
10339,2026-10-06T02:22:09,2026-10-05T18:39:27,Chaos Core,730670,730670,1,,
10340,2026-10-06T02:24:51,2026-10-05T18:39:27,Chaos Core,730670,730670,1,,
10341,2026-10-06T02:25:35,2026-10-05T18:39:27,Chaos Core,730670,730670,1,,
10342,2026-10-06T02:27:21,2026-10-05T18:39:27,Chaos Core,730670,730670,1,,
10343,2026-10-06T02:28:16,2026-10-05T18:39:27,Chaos Core,730670,730670,1,,
10344,2026-10-06T02:28:49,2026-10-05T18:39:27,Chaos Core,730670,730670,1,,
10345,2026-10-06T02:32:29,2026-10-05T18:39:27,Chaos Core,730670,730670,1,,
10346,2026-10-06T02:34:30,2026-10-05T18:39:27,Chaos Core,726514,726514,1,,
10347,2026-10-06T02:35:45,2026-10-05T18:39:27,Chaos Core,730670,730670,1,,
10348,2026-10-06T02:37:06,2026-10-05T18:39:27,Chaos Core,730000,181770000,249,,735444
10349,2026-10-06T02:40:26,2026-10-05T18:39:27,Chaos Core,730670,730670,1,,
10350,2026-10-06T02:43:10,2026-10-05T18:39:27,Chaos Core,719000,28041000,39,,735441
10351,2026-10-06T02:44:16,2026-10-05T18:39:27,Chaos Core,727722,29108880,40,,735439
10352,2026-10-06T02:44:47,2026-10-05T18:39:27,Chaos Core,730670,1461340,2,,735439
10353,2026-10-06T02:46:31,2026-10-05T18:39:27,Chaos Core,730670,730670,1,,
10354,2026-10-06T02:47:26,2026-10-05T18:39:27,Chaos Core,730670,730670,1,,
10355,2026-10-06T02:48:00,2026-10-05T18:39:27,Chaos Core,730670,730670,1,,
10356,2026-10-06T02:50:38,2026-10-05T18:39:27,Chaos Core,730670,730670,1,,
10357,2026-10-06T02:53:09,2026-10-05T18:39:27,Yekaterina VIP Membership,111900000,111900000,1,,
10358,2026-10-06T02:53:59,2026-10-05T18:39:27,Chaos Core,730152,178157088,244,,735433
10359,2026-10-06T02:54:11,2026-10-05T18:39:27,Chaos Core,730670,730670,1,,735433
10360,2026-10-06T02:54:24,2026-10-05T18:39:27,Chaos Core,730670,730670,1,,735433
10361,2026-10-06T02:56:21,2026-10-05T18:39:27,Chaos Core,730670,730670,1,,
10362,2026-10-06T02:58:35,2026-10-05T18:39:27,Chaos Core,730670,730670,1,,
10363,2026-10-06T02:59:52,2026-10-05T18:39:27,Chaos Core,730670,730670,1,,
10364,2026-10-06T03:04:22,2026-10-05T18:39:27,Chaos Core,730670,730670,1,,
10365,2026-10-06T03:07:38,2026-10-05T18:39:27,Chaos Core,730670,730670,1,,
10366,2026-10-06T03:08:36,2026-10-05T18:39:27,Chaos Core,730670,730670,1,,
10367,2026-10-06T03:09:40,2026-10-05T18:39:27,Chaos Core,730670,730670,1,,
10368,2026-10-06T03:11:26,2026-10-05T18:39:27,Chaos Core,726514,726514,1,,
10369,2026-10-06T03:12:00,2026-10-05T18:39:27,Chaos Core,725000,81200000,112,,735409
10370,2026-10-06T03:12:08,2026-10-05T18:39:27,Chaos Core,725000,60175000,83,,735409
10371,2026-10-06T03:14:17,2026-10-05T18:39:27,Chaos Core,724463,724463,1,,735406
10372,2026-10-06T03:14:35,2026-10-05T18:39:27,Chaos Core,730000,124100000,170,,735406
10373,2026-10-06T03:15:52,2026-10-05T18:39:27,Chaos Core,730000,81030000,111,,735405
10374,2026-10-06T03:16:13,2026-10-05T18:39:27,Chaos Core,730000,83220000,114,,735405
10375,2026-10-06T03:19:03,2026-10-05T18:39:27,Chaos Core,730000,730000,1,,
10376,2026-10-06T03:19:35,2026-10-05T18:39:27,Chaos Core,730000,58400000,80,,735396
10377,2026-10-06T03:19:48,2026-10-05T18:39:27,Chaos Core,730670,730670,1,,735396
10378,2026-10-06T03:29:57,2026-10-06T03:24:50,Yekaterina VIP Membership,111600000,111600000,1,,
10379,2026-10-06T03:35:20,2026-10-06T03:24:50,Chaos Core,730000,730000,1,,
10380,2026-10-06T03:35:53,2026-10-06T03:24:50,Chaos Core,730000,105120000,144,,735372
10381,2026-10-06T03:38:29,2026-10-06T03:24:50,Chaos Core,730000,730000,1,,
10382,2026-10-06T03:39:43,2026-10-06T03:24:50,Chaos Core,730000,20440000,28,,735491
10383,2026-10-06T03:39:54,2026-10-06T03:24:50,Chaos Core,730000,159870000,219,,735491
10384,2026-10-06T03:40:09,2026-10-06T03:24:50,Chaos Core,730000,1460000,2,,735491
10385,2026-10-06T03:41:27,2026-10-06T03:24:50,Chaos Core,729497,71490706,98,,735489
10386,2026-10-06T03:41:38,2026-10-06T03:24:50,Chaos Core,729497,24802898,34,,735489
10387,2026-10-06T03:41:45,2026-10-06T03:24:50,Chaos Core,729497,74408694,102,,735489
10388,2026-10-06T03:43:00,2026-10-06T03:24:50,Chaos Core,729497,729497,1,,
10389,2026-10-06T03:43:38,2026-10-06T03:24:50,Chaos Core,729497,44499317,61,,735486
10390,2026-10-06T03:44:09,2026-10-06T03:24:50,Chaos Core,729497,729497,1,,735486
10391,2026-10-06T03:44:22,2026-10-06T03:24:50,Chaos Core,730000,730000,1,,735486
10392,2026-10-06T03:45:27,2026-10-06T03:24:50,Chaos Core,730670,730670,1,,
10393,2026-10-06T03:46:19,2026-10-06T03:24:50,Chaos Core,729990,140888070,193,,735484
10394,2026-10-06T03:46:25,2026-10-06T03:24:50,Chaos Core,729990,1459980,2,,735484
10395,2026-10-06T03:47:34,2026-10-06T03:24:50,Chaos Core,729990,89788770,123,,735481
10396,2026-10-06T03:51:21,2026-10-06T03:24:50,Yekaterina VIP Membership,111600000,111600000,1,,
10397,2026-10-06T03:53:13,2026-10-06T03:24:50,Chaos Core,730670,730670,1,,
10398,2026-10-06T03:55:29,2026-10-06T03:24:50,Chaos Core,730670,730670,1,,
10399,2026-10-06T03:56:58,2026-10-06T03:24:50,Chaos Core,730670,730670,1,,
10400,2026-10-06T03:57:45,2026-10-06T03:24:50,Chaos Core,729991,729991,1,,
10401,2026-10-06T03:58:27,2026-10-06T03:24:50,Chaos Core,729991,53289343,73,,735469
10402,2026-10-06T03:58:33,2026-10-06T03:24:50,Chaos Core,729395,24799430,34,,735469
10403,2026-10-06T03:58:44,2026-10-06T03:24:50,Chaos Core,729991,29929631,41,,735469
10404,2026-10-06T03:59:03,2026-10-06T03:24:50,Chaos Core,730670,1461340,2,,735469
10405,2026-10-06T04:00:04,2026-10-06T03:24:50,Chaos Core,729991,56939298,78,,735466
10406,2026-10-06T04:02:11,2026-10-06T03:24:50,Chaos Core,726000,41382000,57,,735464
10407,2026-10-06T04:02:28,2026-10-06T03:24:50,Chaos Core,726000,58806000,81,,735464
10408,2026-10-06T04:02:34,2026-10-06T03:24:50,Chaos Core,700000,49000000,70,,735464
10409,2026-10-06T04:02:46,2026-10-06T03:24:50,Chaos Core,726514,1453028,2,,735464
10410,2026-10-06T04:04:25,2026-10-06T03:24:50,Force Core Set (High) X 1,145007,26101260,180,,165000
10411,2026-10-06T04:05:11,2026-10-06T03:24:50,Force Core Set (High) X 1,145007,6235301,43,,165000
10412,2026-10-06T04:05:16,2026-10-06T03:24:50,Force Core Set (High) X 34,145007,4930238,34,,165000
10413,2026-10-06T04:05:22,2026-10-06T03:24:50,Force Core Set (High) X 50,145007,7250350,50,,165000
10414,2026-10-06T04:05:27,2026-10-06T03:24:50,Force Core Set (High) X 50,145007,7250350,50,,165000
10415,2026-10-06T04:05:32,2026-10-06T03:24:50,Force Core Set (High) X 50,145007,7250350,50,,165000
10416,2026-10-06T04:10:05,2026-10-06T03:24:50,Chaos Core,730670,730670,1,,
10417,2026-10-06T04:11:43,2026-10-06T03:24:50,Chaos Core,730670,730670,1,,
10418,2026-10-06T04:12:51,2026-10-06T03:24:50,Chaos Core,724812,724812,1,,
10419,2026-10-06T04:14:21,2026-10-06T03:24:50,Chaos Core,724142,724142,1,,
10420,2026-10-06T04:15:01,2026-10-06T03:24:50,Chaos Core,724142,79655620,110,,735485
10421,2026-10-06T04:15:14,2026-10-06T03:24:50,Chaos Core,724812,724812,1,,735485
10422,2026-10-06T04:15:35,2026-10-06T03:24:50,Chaos Core,726000,726000,1,,735485
10423,2026-10-06T04:15:41,2026-10-06T03:24:50,Chaos Core,703561,1407122,2,,735485
10424,2026-10-06T04:20:02,2026-10-06T03:24:50,Chaos Core,730670,730670,1,,
10425,2026-10-06T04:22:07,2026-10-06T03:24:50,Chaos Core,729993,75189279,103,,735472
10426,2026-10-06T04:22:16,2026-10-06T03:24:50,Chaos Core,729993,6569937,9,,735472
10427,2026-10-06T04:22:43,2026-10-06T03:24:50,Chaos Core,730670,1461340,2,,735472
10428,2026-10-06T04:23:42,2026-10-06T03:24:50,Chaos Core,729993,14599860,20,,735469
10429,2026-10-06T04:23:53,2026-10-06T03:24:50,Chaos Core,729993,105118992,144,,735469
10430,2026-10-06T04:24:07,2026-10-06T03:24:50,Chaos Core,730670,730670,1,,735469
10431,2026-10-06T04:25:13,2026-10-06T03:24:50,Chaos Core,729993,105848985,145,,735471
10432,2026-10-06T04:25:40,2026-10-06T03:24:50,Chaos Core,730670,1461340,2,,735471
10433,2026-10-06T04:26:39,2026-10-06T03:24:50,Chaos Core,729993,46719552,64,,735461
10434,2026-10-06T04:27:10,2026-10-06T03:24:50,Chaos Core,730670,1461340,2,,735461
10435,2026-10-06T04:28:51,2026-10-06T03:24:50,Chaos Core,729993,180308271,247,,735459
10436,2026-10-06T04:29:03,2026-10-06T03:24:50,Chaos Core,729993,1459986,2,,735459
10437,2026-10-06T04:30:14,2026-10-06T03:24:50,Chaos Core,726514,58847634,81,,735457
10438,2026-10-06T04:30:28,2026-10-06T03:24:50,Chaos Core,729993,26279748,36,,735457
10439,2026-10-06T04:33:01,2026-10-06T03:24:50,Force Core Set (Ultimate) X 1,300280,6606160,22,,320000
10440,2026-10-06T04:33:07,2026-10-06T03:24:50,Force Core Set (Ultimate) X 12,300280,3603360,12,,320000
10441,2026-10-06T04:33:12,2026-10-06T03:24:50,Force Core Set (Ultimate) X 16,300280,4804480,16,,320000
10442,2026-10-06T04:33:17,2026-10-06T03:24:50,Force Core Set (Ultimate) X 30,300280,9008400,30,,320000
10443,2026-10-06T04:33:21,2026-10-06T03:24:50,Force Core Set (Ultimate) X 36,300280,10810080,36,,320000
10444,2026-10-06T04:34:33,2026-10-06T03:24:50,Chaos Core,730670,730670,1,,
10445,2026-10-06T04:35:07,2026-10-06T03:24:50,Chaos Core,730670,730670,1,,
10446,2026-10-06T04:35:40,2026-10-06T03:24:50,Chaos Core,730017,97092261,133,,735452
10447,2026-10-06T04:35:58,2026-10-06T03:24:50,Chaos Core,730670,1461340,2,,735452
10448,2026-10-06T04:37:03,2026-10-06T03:24:50,Chaos Core,730670,730670,1,,
10449,2026-10-06T04:38:17,2026-10-06T03:24:50,Chaos Core,730670,730670,1,,
10450,2026-10-06T04:38:52,2026-10-06T03:24:50,Chaos Core,726000,21054000,29,,735479
10451,2026-10-06T04:40:00,2026-10-06T03:24:50,Chaos Core,730670,730670,1,,735479
10452,2026-10-06T04:41:05,2026-10-06T03:24:50,Force Core Set (Ultimate) X 2,300280,600560,2,,320000
10453,2026-10-06T04:41:10,2026-10-06T03:24:50,Force Core Set (Ultimate) X 100,300280,30028000,100,,320000
10454,2026-10-06T04:41:15,2026-10-06T03:24:50,Force Core Set (Ultimate) X 1,300299,300299,1,,320000
10455,2026-10-06T04:41:20,2026-10-06T03:24:50,Force Core Set (Ultimate) X 22,300299,6606578,22,,320000
10456,2026-10-06T04:43:24,2026-10-06T03:24:50,Chaos Core,730670,730670,1,,
10457,2026-10-06T04:44:29,2026-10-06T03:24:50,Force Core Set (Ultimate) X 10,300299,3002990,10,,320000
10458,2026-10-06T04:46:47,2026-10-06T03:24:50,Chaos Core,730670,730670,1,,
10459,2026-10-06T04:47:21,2026-10-06T03:24:50,Chaos Core,730670,730670,1,,
10460,2026-10-06T04:48:44,2026-10-06T03:24:50,Chaos Core,730670,730670,1,,
10461,2026-10-06T04:49:59,2026-10-06T03:24:50,Chaos Core,730670,730670,1,,
10462,2026-10-06T04:54:03,2026-10-06T03:24:50,Chaos Core,729412,729412,1,,
10463,2026-10-06T04:54:36,2026-10-06T03:24:50,Chaos Core,729412,729412,1,,
10464,2026-10-06T05:01:09,2026-10-06T03:24:50,Chaos Core,730670,730670,1,,
10465,2026-10-06T05:02:11,2026-10-06T03:24:50,Chaos Core,730670,730670,1,,
10466,2026-10-06T05:03:14,2026-10-06T03:24:50,Chaos Core,730670,730670,1,,
10467,2026-10-06T05:04:09,2026-10-06T03:24:50,Chaos Core,729519,729519,1,,
10468,2026-10-06T05:16:47,2026-10-06T03:24:50,Chaos Core,722580,722580,1,,
10469,2026-10-06T05:22:24,2026-10-06T03:24:50,Force Core Set (Ultimate) X 5,300299,1501495,5,,320000
10470,2026-10-06T05:22:30,2026-10-06T03:24:50,Force Core Set (Ultimate) X 10,300299,54053820,180,,320000
10471,2026-10-06T05:24:26,2026-10-06T03:24:50,Chaos Core,720000,720000,1,,
10472,2026-10-06T05:24:59,2026-10-06T03:24:50,Chaos Core,720000,720000,1,,
10473,2026-10-06T05:26:06,2026-10-06T03:24:50,Chaos Core,720000,720000,1,,
10474,2026-10-06T05:27:10,2026-10-06T03:24:50,Chaos Core,718960,718960,1,,
10475,2026-10-06T05:36:01,2026-10-06T03:24:50,Chaos Core,721399,125523426,174,,735466
10476,2026-10-06T05:37:28,2026-10-06T03:24:50,Chaos Core,722580,179199840,248,,735465
10477,2026-10-06T05:37:48,2026-10-06T03:24:50,Chaos Core,723132,723132,1,,735465
10478,2026-10-06T05:38:57,2026-10-06T03:24:50,Chaos Core,714025,34273200,48,,735462
10479,2026-10-06T05:39:17,2026-10-06T03:24:50,Chaos Core,722580,722580,1,,735462
10480,2026-10-06T05:39:57,2026-10-06T03:24:50,Chaos Core,726514,26154504,36,,735462
10481,2026-10-06T05:40:37,2026-10-06T03:24:50,Chaos Core,728327,29861407,41,,735462
10482,2026-10-06T05:40:43,2026-10-06T03:24:50,Chaos Core,726988,82149644,113,,735462
10483,2026-10-06T05:40:48,2026-10-06T03:24:50,Chaos Core,726988,726988,1,,735462
10484,2026-10-06T05:41:59,2026-10-06T03:24:50,Chaos Core,728327,83029278,114,,735459
10485,2026-10-06T05:42:05,2026-10-06T03:24:50,Chaos Core,728327,1456654,2,,735459
10486,2026-10-06T05:42:16,2026-10-06T03:24:50,Chaos Core,729519,30639798,42,,735459
10487,2026-10-06T05:42:29,2026-10-06T03:24:50,Chaos Core,729999,729999,1,,735459
10488,2026-10-06T05:43:33,2026-10-06T03:24:50,Chaos Core,728327,5826616,8,,735457
10489,2026-10-06T05:44:38,2026-10-06T03:24:50,Chaos Core,728327,38601331,53,,735457
10490,2026-10-06T05:45:05,2026-10-06T03:24:50,Chaos Core,730670,1461340,2,,735457
10491,2026-10-06T05:46:45,2026-10-06T03:24:50,Chaos Core,730670,730670,1,,
10492,2026-10-06T05:47:48,2026-10-06T03:24:50,Chaos Core,730670,730670,1,,
10493,2026-10-06T05:52:29,2026-10-06T03:24:50,Chaos Core,730670,730670,1,,
10494,2026-10-06T05:53:04,2026-10-06T03:24:50,Chaos Core,730670,730670,1,,
10495,2026-10-06T05:59:54,2026-10-06T03:24:50,Chaos Core,726500,21068500,29,,735448
10496,2026-10-06T06:00:16,2026-10-06T03:24:50,Chaos Core,726514,180901986,249,,735448
10497,2026-10-06T06:00:25,2026-10-06T03:24:50,Chaos Core,726514,726514,1,,735448
10498,2026-10-06T06:02:57,2026-10-06T03:24:50,Chaos Core,726514,69745344,96,,735446
10499,2026-10-06T06:03:06,2026-10-06T03:24:50,Chaos Core,726500,167095000,230,,735446
10500,2026-10-06T06:03:16,2026-10-06T03:24:50,Chaos Core,726500,726500,1,,735446
10501,2026-10-06T06:06:05,2026-10-06T03:24:50,Chaos Core,726514,726514,1,,
10502,2026-10-06T06:06:42,2026-10-06T03:24:50,Chaos Core,726514,16709822,23,,735443
10503,2026-10-06T06:07:31,2026-10-06T03:24:50,Chaos Core,726500,726500,1,,735443
10504,2026-10-06T06:09:36,2026-10-06T03:24:50,Chaos Core,730670,730670,1,,
10505,2026-10-06T06:10:32,2026-10-06T03:24:50,Chaos Core,730600,730600,1,,
10506,2026-10-06T06:11:03,2026-10-06T03:24:50,Chaos Core,729991,55479316,76,,735440
10507,2026-10-06T06:11:21,2026-10-06T03:24:50,Chaos Core,730600,1461200,2,,735440
10508,2026-10-06T06:12:44,2026-10-06T03:24:50,Chaos Core,729991,729991,1,,
10509,2026-10-06T06:19:00,2026-10-06T03:24:50,Chaos Core,730600,730600,1,,
10510,2026-10-06T06:21:19,2026-10-06T03:24:50,Chaos Core,730600,730600,1,,
10511,2026-10-06T06:22:30,2026-10-06T03:24:50,Chaos Core,727090,162868160,224,,735481
10512,2026-10-06T06:22:44,2026-10-06T03:24:50,Chaos Core,730600,730600,1,,735481
10513,2026-10-06T06:23:55,2026-10-06T03:24:50,Chaos Core,727090,181045410,249,,735481
10514,2026-10-06T06:35:37,2026-10-06T03:24:50,Chaos Core,730000,83220000,114,,735473
10515,2026-10-06T06:35:59,2026-10-06T03:24:50,Chaos Core,730000,83950000,115,,735473
10516,2026-10-06T06:37:28,2026-10-06T03:24:50,Chaos Core,730600,1461200,2,,735473
10517,2026-10-06T06:40:40,2026-10-06T03:24:50,Chaos Core,726514,17436336,24,,735470
10518,2026-10-06T06:41:01,2026-10-06T03:24:50,Chaos Core,727090,727090,1,,735470
10519,2026-10-06T06:42:30,2026-10-06T03:24:50,Chaos Core,724687,1449374,2,,735470
10520,2026-10-06T06:43:51,2026-10-06T03:24:50,Force Core Set (Highest) X 10,180000,32400000,180,,193998
10521,2026-10-06T06:44:34,2026-10-06T03:24:50,Force Core Set (Highest) X 10,180000,14400000,80,,193997
10522,2026-10-06T06:44:40,2026-10-06T03:24:50,Force Core Set (Highest) X 37,180000,6660000,37,,193997
10523,2026-10-06T06:56:16,2026-10-06T06:51:20,Blessing Bead - Superior,163001000,163001000,1,,
10524,2026-10-06T06:57:28,2026-10-06T06:51:20,Chaos Core,726514,71924886,99,,735480
10525,2026-10-06T06:57:48,2026-10-06T06:51:20,Chaos Core,726514,726514,1,,735480
10526,2026-10-06T06:58:09,2026-10-06T06:51:20,Chaos Core,726514,61027176,84,,735480
10527,2026-10-06T06:58:27,2026-10-06T06:51:20,Chaos Core,726514,726514,1,,735480
10528,2026-10-06T06:58:45,2026-10-06T06:51:20,Chaos Core,730000,730000,1,,735480
10529,2026-10-06T07:00:52,2026-10-06T06:51:20,Chaos Core,730670,730670,1,,
10530,2026-10-06T07:02:30,2026-10-06T06:51:20,Chaos Core,722840,722840,1,,
10531,2026-10-06T07:03:24,2026-10-06T06:51:20,Chaos Core,722840,70115480,97,,735476
10532,2026-10-06T07:03:34,2026-10-06T06:51:20,Chaos Core,722840,15902480,22,,735476
10533,2026-10-06T07:04:01,2026-10-06T06:51:20,Chaos Core,724687,724687,1,,735476
10534,2026-10-06T07:05:54,2026-10-06T06:51:20,Chaos Core,722257,722257,1,,
10535,2026-10-06T07:09:31,2026-10-06T06:51:20,Chaos Core,721671,11546736,16,,735469
10536,2026-10-06T07:09:50,2026-10-06T06:51:20,Chaos Core,724000,724000,1,,735469
10537,2026-10-06T07:10:24,2026-10-06T06:51:20,Chaos Core,730670,730670,1,,735469
10538,2026-10-06T07:11:11,2026-10-06T06:51:20,Chaos Core,721671,24536814,34,,735468
10539,2026-10-06T07:11:43,2026-10-06T06:51:20,Chaos Core,730670,1461340,2,,735468
10540,2026-10-06T07:14:20,2026-10-06T06:51:20,Chaos Core,730670,730670,1,,
10541,2026-10-06T07:14:55,2026-10-06T06:51:20,Chaos Core,730670,730670,1,,
10542,2026-10-06T07:16:12,2026-10-06T06:51:20,Chaos Core,730670,730670,1,,
10543,2026-10-06T07:17:23,2026-10-06T06:51:20,Chaos Core,720000,720000,1,,
10544,2026-10-06T07:18:28,2026-10-06T06:51:20,Chaos Core,719000,28041000,39,,735455
10545,2026-10-06T07:18:39,2026-10-06T06:51:20,Chaos Core,720000,154800000,215,,735455
10546,2026-10-06T07:19:59,2026-10-06T06:51:20,Chaos Core,730670,730670,1,,735455
10547,2026-10-06T07:21:20,2026-10-06T06:51:20,Chaos Core,719000,61115000,85,,735449
10548,2026-10-06T07:21:55,2026-10-06T06:51:20,Chaos Core,730670,1461340,2,,735449
10549,2026-10-06T07:22:48,2026-10-06T06:51:20,Chaos Core,719000,7909000,11,,735443
10550,2026-10-06T07:23:47,2026-10-06T06:51:20,Chaos Core,718999,135890811,189,,735443
10551,2026-10-06T07:23:54,2026-10-06T06:51:20,Chaos Core,718999,718999,1,,735443
10552,2026-10-06T07:25:14,2026-10-06T06:51:20,Chaos Core,719000,168246000,234,,735436
10553,2026-10-06T07:26:22,2026-10-06T06:51:20,Chaos Core,719000,25165000,35,,735432
10554,2026-10-06T07:26:32,2026-10-06T06:51:20,Chaos Core,719000,118635000,165,,735432
10555,2026-10-06T07:27:05,2026-10-06T06:51:20,Chaos Core,722257,722257,1,,735432
10556,2026-10-06T07:30:52,2026-10-06T06:51:20,Chaos Core,719000,33793000,47,,735419
10557,2026-10-06T07:31:01,2026-10-06T06:51:20,Chaos Core,719000,12223000,17,,735419
10558,2026-10-06T07:31:12,2026-10-06T06:51:20,Chaos Core,719000,81966000,114,,735419
10559,2026-10-06T07:31:31,2026-10-06T06:51:20,Chaos Core,720000,720000,1,,735419
10560,2026-10-06T07:32:00,2026-10-06T06:51:20,Chaos Core,730670,730670,1,,735419
10561,2026-10-06T07:33:12,2026-10-06T06:51:20,Chaos Core,719000,81966000,114,,735415
10562,2026-10-06T07:33:18,2026-10-06T06:51:20,Chaos Core,719000,29479000,41,,735415
10563,2026-10-06T07:33:29,2026-10-06T06:51:20,Chaos Core,719000,130139000,181,,735415
10564,2026-10-06T07:34:56,2026-10-06T06:51:20,Chaos Core,719000,81966000,114,,735414
10565,2026-10-06T07:35:02,2026-10-06T06:51:20,Chaos Core,719000,16537000,23,,735414
10566,2026-10-06T07:35:14,2026-10-06T06:51:20,Chaos Core,719000,143081000,199,,735414
10567,2026-10-06T07:38:34,2026-10-06T06:51:20,Chaos Core,719000,719000,1,,
10568,2026-10-06T07:42:17,2026-10-06T06:51:20,Chaos Core,719000,719000,1,,735415
10569,2026-10-06T07:43:03,2026-10-06T06:51:20,Chaos Core,730670,12421390,17,,735415
10570,2026-10-06T07:44:16,2026-10-06T06:51:20,Chaos Core,716639,99612821,139,,735407
10571,2026-10-06T07:44:26,2026-10-06T06:51:20,Chaos Core,716639,141177883,197,,735407
10572,2026-10-06T07:46:05,2026-10-06T06:51:20,Chaos Core,720000,720000,1,,735405
10573,2026-10-06T07:46:13,2026-10-06T06:51:20,Chaos Core,716639,163393692,228,,735405
10574,2026-10-06T07:46:33,2026-10-06T06:51:20,Chaos Core,719000,719000,1,,735405
10575,2026-10-06T07:46:53,2026-10-06T06:51:20,Chaos Core,730670,730670,1,,735405
10576,2026-10-06T07:51:31,2026-10-06T06:51:20,Chaos Core,728000,20384000,28,,735402
10577,2026-10-06T07:51:37,2026-10-06T06:51:20,Chaos Core,728000,65520000,90,,735402
10578,2026-10-06T07:51:50,2026-10-06T06:51:20,Chaos Core,730670,1461340,2,,735402
10579,2026-10-06T07:53:05,2026-10-06T06:51:20,Chaos Core,728000,728000,1,,
10580,2026-10-06T07:53:41,2026-10-06T06:51:20,Chaos Core,730670,730670,1,,
10581,2026-10-06T07:54:42,2026-10-06T06:51:20,Chaos Core,726890,726890,1,,
10582,2026-10-06T07:55:47,2026-10-06T06:51:20,Chaos Core,726209,726209,1,,
10583,2026-10-06T07:57:12,2026-10-06T06:51:20,Chaos Core,725525,93592725,129,,735406
10584,2026-10-06T07:57:22,2026-10-06T06:51:20,Chaos Core,725525,150183675,207,,735406
10585,2026-10-06T07:59:00,2026-10-06T06:51:20,Chaos Core,725525,1451050,2,,735406
10586,2026-10-06T07:59:10,2026-10-06T06:51:20,Chaos Core,725525,152360250,210,,735406
10587,2026-10-06T07:59:20,2026-10-06T06:51:20,Chaos Core,725525,725525,1,,735406
10588,2026-10-06T08:02:16,2026-10-06T06:51:20,Chaos Core,730670,730670,1,,
10589,2026-10-06T08:04:02,2026-10-06T06:51:20,Yekaterina VIP Membership,111900000,111900000,1,,
10590,2026-10-06T08:05:10,2026-10-06T06:51:20,Chaos Core,730670,730670,1,,
10591,2026-10-06T08:05:41,2026-10-06T06:51:20,Chaos Core,730166,730166,1,,
10592,2026-10-06T08:06:23,2026-10-06T06:51:20,Chaos Core,730166,65714940,90,,735414
10593,2026-10-06T08:07:24,2026-10-06T06:51:20,Chaos Core,729603,96307596,132,,735413
10594,2026-10-06T08:09:12,2026-10-06T06:51:20,Chaos Core,730670,730670,1,,
10595,2026-10-06T08:12:19,2026-10-06T06:51:20,Chaos Core,729617,41588169,57,,735409
10596,2026-10-06T08:14:14,2026-10-06T06:51:20,Chaos Core,730670,730670,1,,
10597,2026-10-06T08:16:20,2026-10-06T06:51:20,Chaos Core,730669,730669,1,,
10598,2026-10-06T08:17:57,2026-10-06T06:51:20,Chaos Core,729521,70763537,97,,735403
10599,2026-10-06T08:19:04,2026-10-06T06:51:20,Chaos Core,730669,1461338,2,,735403
10600,2026-10-06T08:21:03,2026-10-06T06:51:20,Chaos Core,730669,730669,1,,
10601,2026-10-06T08:22:17,2026-10-06T06:51:20,Chaos Core,730669,730669,1,,
10602,2026-10-06T08:24:36,2026-10-06T06:51:20,Chaos Core,730669,730669,1,,
10603,2026-10-06T08:32:36,2026-10-06T06:51:20,Chaos Core,725331,165375468,228,,735384
10604,2026-10-06T08:33:44,2026-10-06T06:51:20,Chaos Core,724746,95666472,132,,735382
10605,2026-10-06T08:34:06,2026-10-06T06:51:20,Chaos Core,725331,58026480,80,,735382
10606,2026-10-06T08:34:27,2026-10-06T06:51:20,Chaos Core,726660,726660,1,,735382
10607,2026-10-06T08:35:35,2026-10-06T06:51:20,Chaos Core,724746,36237300,50,,735377
10608,2026-10-06T08:35:48,2026-10-06T06:51:20,Chaos Core,724746,180461754,249,,735377
10609,2026-10-06T08:36:19,2026-10-06T06:51:20,Chaos Core,727220,727220,1,,735377
10610,2026-10-06T08:38:33,2026-10-06T06:51:20,Chaos Core,724746,73924092,102,,735373
10611,2026-10-06T08:41:29,2026-10-06T06:51:20,Chaos Core,730669,730669,1,,
10612,2026-10-06T08:43:23,2026-10-06T06:51:20,Chaos Core,730053,730053,1,,
10613,2026-10-06T08:44:56,2026-10-06T06:51:20,Chaos Core,729502,29180080,40,,735362
10614,2026-10-06T08:45:08,2026-10-06T06:51:20,Chaos Core,730053,180323091,247,,735362
10615,2026-10-06T08:45:14,2026-10-06T06:51:20,Chaos Core,729502,729502,1,,735362
10616,2026-10-06T08:46:28,2026-10-06T06:51:20,Chaos Core,726514,87181680,120,,735362
10617,2026-10-06T08:46:38,2026-10-06T06:51:20,Chaos Core,726514,80643054,111,,735362
10618,2026-10-06T08:48:09,2026-10-06T06:51:20,Chaos Core,729502,48876634,67,,735359
10619,2026-10-06T08:48:44,2026-10-06T06:51:20,Chaos Core,730669,1461338,2,,735359
10620,2026-10-06T08:50:04,2026-10-06T06:51:20,Chaos Core,730669,730669,1,,
10621,2026-10-06T08:50:48,2026-10-06T06:51:20,Chaos Core,730669,730669,1,,
10622,2026-10-06T08:51:50,2026-10-06T06:51:20,Chaos Core,725284,22483804,31,,735354
10623,2026-10-06T08:52:57,2026-10-06T06:51:20,Chaos Core,730669,1461338,2,,735354
10624,2026-10-06T08:54:24,2026-10-06T06:51:20,Chaos Core,730000,63510000,87,,735355
10625,2026-10-06T08:54:30,2026-10-06T06:51:20,Chaos Core,730000,64240000,88,,735355
10626,2026-10-06T08:54:41,2026-10-06T06:51:20,Chaos Core,730669,1461338,2,,735355
10627,2026-10-06T08:56:14,2026-10-06T06:51:20,Chaos Core,730669,730669,1,,
10628,2026-10-06T08:58:09,2026-10-06T06:51:20,Chaos Core,710000,31240000,44,,735351
10629,2026-10-06T08:59:23,2026-10-06T06:51:20,Chaos Core,730669,730669,1,,735351
10630,2026-10-06T09:02:01,2026-10-06T06:51:20,Yekaterina VIP Membership,111868428,111868428,1,,
10631,2026-10-06T09:03:51,2026-10-06T06:51:20,Chaos Core,710000,70290000,99,,735345
10632,2026-10-06T09:04:03,2026-10-06T06:51:20,Chaos Core,727000,15994000,22,,735345
10633,2026-10-06T09:04:16,2026-10-06T06:51:20,Chaos Core,727000,82878000,114,,735345
10634,2026-10-06T09:04:31,2026-10-06T06:51:20,Chaos Core,730669,1461338,2,,735345
10635,2026-10-06T09:06:07,2026-10-06T06:51:20,Chaos Core,730669,730669,1,,
10636,2026-10-06T09:07:17,2026-10-06T06:51:20,Chaos Core,730000,151840000,208,,735341
10637,2026-10-06T09:07:34,2026-10-06T06:51:20,Chaos Core,730669,1461338,2,,735341
10638,2026-10-06T09:09:31,2026-10-06T06:51:20,Chaos Core,730669,730669,1,,
10639,2026-10-06T09:10:04,2026-10-06T06:51:20,Chaos Core,709441,176650809,249,,735338
10640,2026-10-06T09:11:40,2026-10-06T06:51:20,Chaos Core,708871,708871,1,,
10641,2026-10-06T09:13:28,2026-10-06T06:51:20,Chaos Core,708322,101998368,144,,735334
10642,2026-10-06T09:13:51,2026-10-06T06:51:20,Chaos Core,727000,727000,1,,735334
10643,2026-10-06T09:14:25,2026-10-06T06:51:20,Chaos Core,730669,1461338,2,,735334
10644,2026-10-06T09:16:04,2026-10-06T06:51:20,Chaos Core,708322,708322,1,,
10645,2026-10-06T09:16:51,2026-10-06T06:51:20,Chaos Core,708322,27624558,39,,735331
10646,2026-10-06T09:17:21,2026-10-06T06:51:20,Chaos Core,710000,710000,1,,735331
10647,2026-10-06T09:17:54,2026-10-06T06:51:20,Chaos Core,730669,1461338,2,,735331
10648,2026-10-06T09:26:15,2026-10-06T06:51:20,Chaos Core,726514,726514,1,,
10649,2026-10-06T09:27:02,2026-10-06T06:51:20,Chaos Core,725919,725919,1,,
10650,2026-10-06T09:27:46,2026-10-06T06:51:20,Chaos Core,725919,65332710,90,,735318
10651,2026-10-06T09:28:00,2026-10-06T06:51:20,Chaos Core,725919,82754766,114,,735318
10652,2026-10-06T09:34:56,2026-10-06T06:51:20,Chaos Core,725350,725350,1,,
10653,2026-10-06T09:36:11,2026-10-06T06:51:20,Chaos Core,725350,46422400,64,,735308
10654,2026-10-06T09:36:16,2026-10-06T06:51:20,Chaos Core,724756,724756,1,,735308
10655,2026-10-06T09:36:36,2026-10-06T06:51:20,Chaos Core,726514,27607532,38,,735308
10656,2026-10-06T09:37:00,2026-10-06T06:51:20,Chaos Core,726514,169277762,233,,735308
10657,2026-10-06T09:38:19,2026-10-06T06:51:20,Chaos Core,724756,81172672,112,,735305
10658,2026-10-06T09:38:26,2026-10-06T06:51:20,Chaos Core,724756,102190596,141,,735305
10659,2026-10-06T09:38:52,2026-10-06T06:51:20,Chaos Core,726514,726514,1,,735305
10660,2026-10-06T09:39:16,2026-10-06T06:51:20,Chaos Core,726514,726514,1,,735305
10661,2026-10-06T09:40:30,2026-10-06T06:51:20,Chaos Core,720000,179280000,249,,735298
10662,2026-10-06T09:42:30,2026-10-06T06:51:20,Force Core Set (Highest) X 23,182767,4203641,23,,193933
10663,2026-10-06T09:42:35,2026-10-06T06:51:20,Force Core Set (Highest) X 82,182767,14986894,82,,193933
10664,2026-10-06T09:42:40,2026-10-06T06:51:20,Force Core Set (Highest) X 88,182767,16083496,88,,193933
10665,2026-10-06T09:43:18,2026-10-06T06:51:20,Upgrade Core Set (Ultimate) X 1,472500,5197500,11,,477769
10666,2026-10-06T09:43:22,2026-10-06T06:51:20,Upgrade Core Set (Ultimate) X 285,472500,134662500,285,,477769
10667,2026-10-06T09:46:25,2026-10-06T06:51:20,Chaos Core,720000,720000,1,,
10668,2026-10-06T09:46:56,2026-10-06T06:51:20,Chaos Core,720000,1440000,2,,735293
10669,2026-10-06T09:47:06,2026-10-06T06:51:20,Chaos Core,720000,21600000,30,,735293
10670,2026-10-06T09:47:12,2026-10-06T06:51:20,Chaos Core,718000,36618000,51,,735293
10671,2026-10-06T09:47:25,2026-10-06T06:51:20,Chaos Core,720000,37440000,52,,735293
10672,2026-10-06T09:47:41,2026-10-06T06:51:20,Chaos Core,720000,103680000,144,,735293
10673,2026-10-06T09:48:55,2026-10-06T06:51:20,Chaos Core,718000,25848000,36,,735293
10674,2026-10-06T09:49:13,2026-10-06T06:51:20,Chaos Core,720000,174240000,242,,735293
10675,2026-10-06T09:49:39,2026-10-06T06:51:20,Chaos Core,725350,725350,1,,735293
10676,2026-10-06T09:52:00,2026-10-06T06:51:20,Chaos Core,718000,718000,1,,
10677,2026-10-06T09:52:50,2026-10-06T06:51:20,Chaos Core,718000,131394000,183,,735290
10678,2026-10-06T09:54:42,2026-10-06T06:51:20,Chaos Core,718000,2154000,3,,734997
10679,2026-10-06T09:55:02,2026-10-06T06:51:20,Chaos Core,720000,720000,1,,734997
10680,2026-10-06T09:55:21,2026-10-06T06:51:20,Chaos Core,724756,724756,1,,734997
10681,2026-10-06T09:55:28,2026-10-06T06:51:20,Chaos Core,716300,37963900,53,,734997
10682,2026-10-06T09:55:49,2026-10-06T06:51:20,Chaos Core,720000,720000,1,,734997
10683,2026-10-06T09:56:07,2026-10-06T06:51:20,Chaos Core,724756,724756,1,,734997
10684,2026-10-06T09:56:13,2026-10-06T06:51:20,Chaos Core,710000,36210000,51,,734997
10685,2026-10-06T09:56:30,2026-10-06T06:51:20,Chaos Core,720000,720000,1,,734997
10686,2026-10-06T09:56:37,2026-10-06T06:51:20,Chaos Core,710000,36920000,52,,734997
10687,2026-10-06T09:56:43,2026-10-06T06:51:20,Chaos Core,710000,710000,1,,734997
10688,2026-10-06T09:58:11,2026-10-06T06:51:20,Chaos Core,710000,82360000,116,,734899
10689,2026-10-06T09:58:18,2026-10-06T06:51:20,Chaos Core,710000,83780000,118,,734899
10690,2026-10-06T09:59:37,2026-10-06T06:51:20,Chaos Core,709000,45376000,64,,734899
10691,2026-10-06T10:00:36,2026-10-06T06:51:20,Chaos Core,710000,31240000,44,,734899
10692,2026-10-06T10:00:48,2026-10-06T06:51:20,Chaos Core,710000,29820000,42,,734899
10693,2026-10-06T10:01:03,2026-10-06T06:51:20,Chaos Core,710000,36920000,52,,734899
10694,2026-10-06T10:01:19,2026-10-06T06:51:20,Chaos Core,710000,1420000,2,,734899
10695,2026-10-06T10:02:33,2026-10-06T06:51:20,Upgrade Core Set (Ultimate) X 186,454526,84541836,186,,477767
10696,2026-10-06T10:03:12,2026-10-06T06:51:20,Force Core Set (Ultimate) X 1,300000,4200000,14,,320000
10697,2026-10-06T10:03:17,2026-10-06T06:51:20,Force Core Set (Ultimate) X 8,300000,2400000,8,,320000
10698,2026-10-06T10:03:23,2026-10-06T06:51:20,Force Core Set (Ultimate) X 14,300000,4200000,14,,320000
10699,2026-10-06T10:03:27,2026-10-06T06:51:20,Force Core Set (Ultimate) X 75,300000,22500000,75,,320000
10700,2026-10-06T10:04:41,2026-10-06T06:51:20,Chaos Core,709000,3545000,5,,734897
10701,2026-10-06T10:04:52,2026-10-06T06:51:20,Chaos Core,710000,67450000,95,,734897
10702,2026-10-06T10:04:57,2026-10-06T06:51:20,Chaos Core,709000,1418000,2,,734897
10703,2026-10-06T10:05:18,2026-10-06T06:51:20,Chaos Core,718000,718000,1,,734897
10704,2026-10-06T10:05:36,2026-10-06T06:51:20,Chaos Core,720000,33840000,47,,734897
10705,2026-10-06T10:05:56,2026-10-06T06:51:20,Chaos Core,720000,102960000,143,,734897
10706,2026-10-06T10:06:15,2026-10-06T06:51:20,Chaos Core,720000,720000,1,,734897
10707,2026-10-06T10:08:10,2026-10-06T06:51:20,Chaos Core,716300,35098700,49,,733000
10708,2026-10-06T10:08:19,2026-10-06T06:51:20,Chaos Core,720000,84240000,117,,733000
10709,2026-10-06T10:08:32,2026-10-06T06:51:20,Chaos Core,726514,1453028,2,,733000
10710,2026-10-06T10:09:53,2026-10-06T06:51:20,Chaos Core,726514,114062698,157,,732999
10711,2026-10-06T10:10:10,2026-10-06T06:51:20,Chaos Core,726514,1453028,2,,732999
10712,2026-10-06T10:12:33,2026-10-06T06:51:20,Yekaterina VIP Membership,111900000,111900000,1,,
10713,2026-10-06T10:13:37,2026-10-06T06:51:20,Chaos Core,716300,716300,1,,
10714,2026-10-06T10:14:41,2026-10-06T06:51:20,Chaos Core,716300,32233500,45,,732998
10715,2026-10-06T10:14:50,2026-10-06T06:51:20,Chaos Core,716300,54438800,76,,732998
10716,2026-10-06T10:15:02,2026-10-06T06:51:20,Chaos Core,716300,81658200,114,,732998
10717,2026-10-06T10:15:13,2026-10-06T06:51:20,Chaos Core,716300,1432600,2,,732998
10718,2026-10-06T10:16:39,2026-10-06T06:51:20,Chaos Core,715792,715792,1,,
10719,2026-10-06T10:17:12,2026-10-06T06:51:20,Chaos Core,715792,715792,1,,
10720,2026-10-06T10:17:47,2026-10-06T06:51:20,Chaos Core,715793,715793,1,,732997
10721,2026-10-06T10:18:10,2026-10-06T06:51:20,Chaos Core,726514,83549110,115,,732997
10722,2026-10-06T10:18:28,2026-10-06T06:51:20,Chaos Core,724999,51474929,71,,732997
10723,2026-10-06T10:18:48,2026-10-06T06:51:20,Chaos Core,726514,1453028,2,,732997
10724,2026-10-06T10:19:56,2026-10-06T06:51:20,Chaos Core,724999,724999,1,,
10725,2026-10-06T10:24:30,2026-10-06T06:51:20,Force Core Set (High) X 10,150000,25500000,170,,165000
10726,2026-10-06T10:24:34,2026-10-06T06:51:20,Force Core Set (High) X 100,150000,15000000,100,,165000
10727,2026-10-06T10:25:48,2026-10-06T06:51:20,Force Core Set (High) X 2,158000,316000,2,,165000
10728,2026-10-06T10:25:53,2026-10-06T06:51:20,Force Core Set (High) X 3,158000,474000,3,,165000
10729,2026-10-06T10:25:58,2026-10-06T06:51:20,Force Core Set (High) X 4,158000,632000,4,,165000
10730,2026-10-06T10:26:03,2026-10-06T06:51:20,Force Core Set (High) X 12,158000,1896000,12,,165000
10731,2026-10-06T10:26:08,2026-10-06T06:51:20,Force Core Set (High) X 18,158000,2844000,18,,165000
10732,2026-10-06T10:27:12,2026-10-06T06:51:20,Siena's Unbinding Stone,74600000,74600000,1,,
10733,2026-10-06T10:28:50,2026-10-06T06:51:20,Yekaterina VIP Membership,112200000,112200000,1,,
10734,2026-10-06T10:29:42,2026-10-06T06:51:20,Chaos Core,724412,724412,1,,
10735,2026-10-06T10:31:04,2026-10-06T06:51:20,Chaos Core,724412,724412,1,,
10736,2026-10-06T10:31:37,2026-10-06T06:51:20,Chaos Core,723906,723906,1,,
10737,2026-10-06T10:33:13,2026-10-06T06:51:20,Chaos Core,722736,161170128,223,,732986
10738,2026-10-06T10:33:19,2026-10-06T06:51:20,Chaos Core,722184,1444368,2,,732986
10739,2026-10-06T10:37:41,2026-10-06T06:51:20,Force Core Set (High) X 5,158000,790000,5,,165000
10740,2026-10-06T10:37:46,2026-10-06T06:51:20,Force Core Set (High) X 19,158000,3002000,19,,165000
10741,2026-10-06T10:37:50,2026-10-06T06:51:20,Force Core Set (High) X 20,158000,3160000,20,,165000
10742,2026-10-06T10:37:55,2026-10-06T06:51:20,Force Core Set (High) X 30,158000,4740000,30,,165000
10743,2026-10-06T10:38:01,2026-10-06T06:51:20,Force Core Set (High) X 32,158000,5056000,32,,165000
10744,2026-10-06T10:38:44,2026-10-06T06:51:20,Force Core Set (High) X 34,158000,5372000,34,,165000
10745,2026-10-06T10:38:48,2026-10-06T06:51:20,Force Core Set (High) X 49,158000,7742000,49,,165000
10746,2026-10-06T10:38:53,2026-10-06T06:51:20,Force Core Set (High) X 86,158000,13588000,86,,165000
10747,2026-10-06T10:38:58,2026-10-06T06:51:20,Force Core Set (High) X 100,158000,15800000,100,,165000
10748,2026-10-06T10:40:04,2026-10-06T06:51:20,Force Core Set (Ultimate) X 25,300000,7500000,25,,320000
10749,2026-10-06T10:40:09,2026-10-06T06:51:20,Force Core Set (Ultimate) X 35,300000,10500000,35,,320000
10750,2026-10-06T10:40:14,2026-10-06T06:51:20,Force Core Set (Ultimate) X 58,300000,17400000,58,,320000
10751,2026-10-06T10:40:19,2026-10-06T06:51:20,Force Core Set (Ultimate) X 251,300000,75300000,251,,320000
10752,2026-10-06T10:45:03,2026-10-06T06:51:20,Chaos Core,719844,12957192,18,,732975
10753,2026-10-06T10:45:12,2026-10-06T06:51:20,Chaos Core,719844,82062216,114,,732975
10754,2026-10-06T10:45:23,2026-10-06T06:51:20,Chaos Core,719844,82062216,114,,732975
10755,2026-10-06T10:47:28,2026-10-06T06:51:20,Chaos Core,719844,55427988,77,,732973
10756,2026-10-06T10:47:37,2026-10-06T06:51:20,Chaos Core,719844,102937692,143,,732973
10757,2026-10-06T10:47:55,2026-10-06T06:51:20,Chaos Core,721661,1443322,2,,732973
10758,2026-10-06T11:12:19,2026-10-06T06:51:20,Chaos Core,712575,712575,1,,
10759,2026-10-06T11:13:26,2026-10-06T06:51:20,Chaos Core,710000,710000,1,,
10760,2026-10-06T11:13:58,2026-10-06T06:51:20,Chaos Core,709438,709438,1,,
10761,2026-10-06T11:14:43,2026-10-06T06:51:20,Chaos Core,709438,709438,1,,
10762,2026-10-06T11:20:13,2026-10-06T06:51:20,Chaos Core,700000,700000,1,,
10763,2026-10-06T11:21:19,2026-10-06T06:51:20,Chaos Core,700000,700000,1,,
10764,2026-10-06T11:21:51,2026-10-06T06:51:20,Chaos Core,700000,700000,1,,
10765,2026-10-06T11:22:37,2026-10-06T06:51:20,Chaos Core,700000,700000,1,,
10766,2026-10-06T11:28:12,2026-10-06T06:51:20,Chaos Core,697500,697500,1,,
10767,2026-10-06T11:29:21,2026-10-06T06:51:20,Chaos Core,695000,695000,1,,
10768,2026-10-06T11:35:22,2026-10-06T06:51:20,Chaos Core,698718,698718,1,,
10769,2026-10-06T11:36:25,2026-10-06T06:51:20,Chaos Core,709438,709438,1,,
10770,2026-10-06T11:36:58,2026-10-06T06:51:20,Chaos Core,709438,709438,1,,
10771,2026-10-06T11:37:42,2026-10-06T06:51:20,Chaos Core,709438,709438,1,,
10772,2026-10-06T11:43:15,2026-10-06T06:51:20,Chaos Core,709438,709438,1,,
10773,2026-10-06T11:44:09,2026-10-06T06:51:20,Chaos Core,709438,709438,1,,
10774,2026-10-06T11:44:42,2026-10-06T06:51:20,Chaos Core,709438,709438,1,,
10775,2026-10-06T11:45:26,2026-10-06T06:51:20,Chaos Core,708883,708883,1,,
10776,2026-10-06T11:46:56,2026-10-06T06:51:20,Chaos Core,708883,8506596,12,,732896
10777,2026-10-06T11:47:04,2026-10-06T06:51:20,Chaos Core,709430,21282900,30,,732896
10778,2026-10-06T11:47:13,2026-10-06T06:51:20,Chaos Core,709438,82294808,116,,732896
10779,2026-10-06T11:47:21,2026-10-06T06:51:20,Chaos Core,709438,709438,1,,732896
10780,2026-10-06T11:49:26,2026-10-06T06:51:20,Chaos Core,709437,67396515,95,,732893
10781,2026-10-06T11:49:35,2026-10-06T06:51:20,Chaos Core,709437,28377480,40,,732893
10782,2026-10-06T11:49:47,2026-10-06T06:51:20,Chaos Core,709437,142596837,201,,732893
10783,2026-10-06T11:52:42,2026-10-06T06:51:20,Chaos Core,709437,34052976,48,,732893
10784,2026-10-06T11:52:52,2026-10-06T06:51:20,Chaos Core,709438,94355254,133,,732893
10785,2026-10-06T11:53:03,2026-10-06T06:51:20,Chaos Core,709438,1418876,2,,732893
10786,2026-10-06T12:42:09,2026-10-06T12:35:55,Upgrade Core Set (Ultimate) X 4,425000,1700000,4,,474426
10787,2026-10-06T12:42:13,2026-10-06T12:35:55,Upgrade Core Set (Ultimate) X 21,425000,8925000,21,,474426
10788,2026-10-06T12:42:18,2026-10-06T12:35:55,Upgrade Core Set (Ultimate) X 31,425000,13175000,31,,474426
10789,2026-10-06T12:42:25,2026-10-06T12:35:55,Upgrade Core Set (Ultimate) X 1,454526,56361224,124,,474426
10790,2026-10-06T12:43:44,2026-10-06T12:35:55,Yekaterina VIP Membership,111868428,111868428,1,,
10791,2026-10-06T12:44:45,2026-10-06T12:35:55,Chaos Core,725100,725100,1,,
10792,2026-10-06T12:45:49,2026-10-06T12:35:55,Chaos Core,726514,726514,1,,
10793,2026-10-06T12:46:28,2026-10-06T12:35:55,Chaos Core,726514,726514,1,,
10794,2026-10-06T12:47:21,2026-10-06T12:35:55,Chaos Core,725896,725896,1,,
10795,2026-10-06T12:47:56,2026-10-06T12:35:55,Chaos Core,725215,72521500,100,,731992
10796,2026-10-06T12:48:08,2026-10-06T12:35:55,Chaos Core,725896,171311456,236,,731992
10797,2026-10-06T12:49:35,2026-10-06T12:35:55,Chaos Core,725896,20325088,28,,731992
10798,2026-10-06T12:49:45,2026-10-06T12:35:55,Chaos Core,725896,163326600,225,,731992
10799,2026-10-06T12:49:57,2026-10-06T12:35:55,Chaos Core,726514,1453028,2,,731992
10800,2026-10-06T12:51:20,2026-10-06T12:35:55,Chaos Core,725896,27584048,38,,731991
10801,2026-10-06T12:51:33,2026-10-06T12:35:55,Chaos Core,726514,68292316,94,,731991
10802,2026-10-06T12:51:49,2026-10-06T12:35:55,Chaos Core,726514,20342392,28,,731991
10803,2026-10-06T12:52:04,2026-10-06T12:35:55,Chaos Core,726514,1453028,2,,731991
10804,2026-10-06T12:53:43,2026-10-06T12:35:55,Chaos Core,726514,154020968,212,,731990
10805,2026-10-06T12:53:50,2026-10-06T12:35:55,Chaos Core,726514,726514,1,,731990
10806,2026-10-06T12:55:30,2026-10-06T12:35:55,Chaos Core,726514,61027176,84,,731988
10807,2026-10-06T12:55:38,2026-10-06T12:35:55,Chaos Core,726514,31240102,43,,731988
10808,2026-10-06T12:55:49,2026-10-06T12:35:55,Chaos Core,726514,151841426,209,,731988
10809,2026-10-06T12:57:17,2026-10-06T12:35:55,Chaos Core,726514,29787074,41,,731988
10810,2026-10-06T12:57:30,2026-10-06T12:35:55,Chaos Core,726514,92267278,127,,731988
10811,2026-10-06T12:59:17,2026-10-06T12:35:55,Chaos Core,726514,180901986,249,,731987
10812,2026-10-06T13:01:47,2026-10-06T12:35:55,Chaos Core,699999,32199954,46,,731978
10813,2026-10-06T13:01:56,2026-10-06T12:35:55,Chaos Core,726514,95173334,131,,731978
10814,2026-10-06T13:03:05,2026-10-06T12:35:55,Chaos Core,726514,59574148,82,,731977
10815,2026-10-06T13:03:29,2026-10-06T12:35:55,Chaos Core,726514,726514,1,,731977
10816,2026-10-06T13:03:56,2026-10-06T12:35:55,Chaos Core,726514,726514,1,,731977
10817,2026-10-06T13:05:03,2026-10-06T12:35:55,Chaos Core,699999,699999,1,,731977
10818,2026-10-06T13:05:34,2026-10-06T12:35:55,Chaos Core,726514,77010484,106,,731977
10819,2026-10-06T13:06:39,2026-10-06T12:35:55,Chaos Core,726514,726514,1,,731977
10820,2026-10-06T13:07:52,2026-10-06T12:35:55,Force Core Set (Ultimate) X 36,277777,9999999,36,,320000
10821,2026-10-06T13:07:57,2026-10-06T12:35:55,Force Core Set (Ultimate) X 96,277777,26666592,96,,320000
10822,2026-10-06T13:08:02,2026-10-06T12:35:55,Force Core Set (Ultimate) X 5,299998,1499990,5,,320000
10823,2026-10-06T13:08:08,2026-10-06T12:35:55,Force Core Set (Ultimate) X 10,299998,14999900,50,,320000
10824,2026-10-06T13:10:55,2026-10-06T12:35:55,Chaos Core,726514,726514,1,,
10825,2026-10-06T13:11:39,2026-10-06T12:35:55,Chaos Core,725889,725889,1,,
10826,2026-10-06T13:12:10,2026-10-06T12:35:55,Chaos Core,725889,725889,1,,
10827,2026-10-06T13:13:02,2026-10-06T12:35:55,Chaos Core,725889,725889,1,,
10828,2026-10-06T13:14:57,2026-10-06T12:35:55,Force Core Set (Highest) X 1,158260,158260,1,,182767
10829,2026-10-06T13:15:04,2026-10-06T12:35:55,Force Core Set (Highest) X 1,158260,11869500,75,,182767
10830,2026-10-06T13:15:09,2026-10-06T12:35:55,Force Core Set (Highest) X 9,158260,1424340,9,,182767
10831,2026-10-06T13:15:13,2026-10-06T12:35:55,Force Core Set (Highest) X 11,158260,1740860,11,,182767
10832,2026-10-06T13:15:18,2026-10-06T12:35:55,Force Core Set (Highest) X 50,158264,7913214,50,,182767
10833,2026-10-06T13:20:21,2026-10-06T12:35:55,Force Core Set (Ultimate) X 10,299998,11999920,40,,320000
10834,2026-10-06T13:20:28,2026-10-06T12:35:55,Force Core Set (Ultimate) X 10,299998,8999940,30,,320000
10835,2026-10-06T13:20:34,2026-10-06T12:35:55,Force Core Set (Ultimate) X 10,299998,32999879,110,,320000
10836,2026-10-06T13:27:23,2026-10-06T12:35:55,Force Core Set (Ultimate) X 1,299998,2699982,9,,320000
10837,2026-10-06T13:27:28,2026-10-06T12:35:55,Force Core Set (Ultimate) X 8,299998,2399984,8,,320000
10838,2026-10-06T13:27:35,2026-10-06T12:35:55,Force Core Set (Ultimate) X 10,299998,44999835,150,,320000
10839,2026-10-06T13:27:40,2026-10-06T12:35:55,Force Core Set (Ultimate) X 12,299998,3599976,12,,320000
10840,2026-10-06T13:27:45,2026-10-06T12:35:55,Force Core Set (Ultimate) X 15,299998,4499970,15,,320000
10841,2026-10-06T13:28:24,2026-10-06T12:35:55,Force Core Set (Ultimate) X 21,299998,6299958,21,,320000
10842,2026-10-06T13:28:29,2026-10-06T12:35:55,Force Core Set (Ultimate) X 25,299998,7499950,25,,320000
10843,2026-10-06T13:28:35,2026-10-06T12:35:55,Force Core Set (Ultimate) X 28,299998,8399944,28,,320000
10844,2026-10-06T13:28:40,2026-10-06T12:35:55,Force Core Set (Ultimate) X 45,299998,13499910,45,,320000
10845,2026-10-06T13:28:45,2026-10-06T12:35:55,Force Core Set (Ultimate) X 61,299998,18299878,61,,320000
10846,2026-10-06T13:30:27,2026-10-06T12:35:55,Chaos Core,726514,726514,1,,
10847,2026-10-06T13:31:11,2026-10-06T12:35:55,Chaos Core,726514,726514,1,,
10848,2026-10-06T13:31:46,2026-10-06T12:35:55,Chaos Core,726514,726514,1,,
10849,2026-10-06T13:32:27,2026-10-06T12:35:55,Chaos Core,726514,726514,1,,
10850,2026-10-06T13:37:04,2026-10-06T12:35:55,Force Core Set (High) X 1,151639,8188506,54,,165000
10851,2026-10-06T13:37:10,2026-10-06T12:35:55,Force Core Set (High) X 29,151639,4397531,29,,165000
10852,2026-10-06T13:37:15,2026-10-06T12:35:55,Force Core Set (High) X 100,151639,15163900,100,,165000
10853,2026-10-06T13:38:58,2026-10-06T12:35:55,Chaos Core,726000,726000,1,,
10854,2026-10-06T13:39:44,2026-10-06T12:35:55,Chaos Core,726000,726000,1,,
10855,2026-10-06T13:40:14,2026-10-06T12:35:55,Chaos Core,724869,724869,1,,
10856,2026-10-06T13:40:52,2026-10-06T12:35:55,Chaos Core,724869,724869,1,,
10857,2026-10-06T13:47:55,2026-10-06T12:35:55,Chaos Core,723632,723632,1,,
10858,2026-10-06T14:11:51,2026-10-06T12:35:55,Chaos Core,721075,721075,1,,
10859,2026-10-06T14:12:29,2026-10-06T12:35:55,Chaos Core,721075,721075,1,,
10860,2026-10-06T14:13:03,2026-10-06T12:35:55,Chaos Core,719790,719790,1,,
10861,2026-10-06T14:14:52,2026-10-06T12:35:55,Chaos Core,715000,32175000,45,,723875
10862,2026-10-06T14:15:00,2026-10-06T12:35:55,Chaos Core,718660,39526300,55,,723875
10863,2026-10-06T14:15:09,2026-10-06T12:35:55,Chaos Core,718681,28028559,39,,723875
10864,2026-10-06T14:15:28,2026-10-06T12:35:55,Chaos Core,715000,1430000,2,,723875
10865,2026-10-06T14:16:26,2026-10-06T12:35:55,Chaos Core,715000,70785000,99,,722996
10866,2026-10-06T14:16:37,2026-10-06T12:35:55,Chaos Core,715000,105820000,148,,722996
10867,2026-10-06T14:16:53,2026-10-06T12:35:55,Chaos Core,721075,1442150,2,,722996
10868,2026-10-06T14:21:55,2026-10-06T12:35:55,Chaos Core,715000,715000,1,,
10869,2026-10-06T14:22:40,2026-10-06T12:35:55,Chaos Core,715000,715000,1,,
10870,2026-10-06T14:23:13,2026-10-06T12:35:55,Chaos Core,715000,715000,1,,
10871,2026-10-06T14:23:45,2026-10-06T12:35:55,Chaos Core,713823,713823,1,,
10872,2026-10-06T14:48:06,2026-10-06T12:35:55,Chaos Core,710165,710165,1,,
10873,2026-10-06T14:48:51,2026-10-06T12:35:55,Chaos Core,710165,710165,1,,
10874,2026-10-06T14:49:25,2026-10-06T12:35:55,Chaos Core,710165,710165,1,,
10875,2026-10-06T14:50:00,2026-10-06T12:35:55,Chaos Core,710165,710165,1,,
10876,2026-10-06T14:56:33,2026-10-06T12:35:55,Chaos Core,710165,55392870,78,,723000
10877,2026-10-06T14:56:51,2026-10-06T12:35:55,Chaos Core,710165,15623630,22,,723000
10878,2026-10-06T14:57:10,2026-10-06T12:35:55,Chaos Core,711111,26311107,37,,723000
10879,2026-10-06T14:57:40,2026-10-06T12:35:55,Chaos Core,712779,134715231,189,,723000
10880,2026-10-06T14:58:09,2026-10-06T12:35:55,Chaos Core,712779,712779,1,,723000
10881,2026-10-06T15:00:44,2026-10-06T12:35:55,Chaos Core,713823,2855292,4,,722997
10882,2026-10-06T15:01:08,2026-10-06T12:35:55,Chaos Core,715000,112255000,157,,722997
10883,2026-10-06T15:01:26,2026-10-06T12:35:55,Chaos Core,719998,719998,1,,722997
10884,2026-10-06T15:08:48,2026-10-06T12:35:55,Upgrade Core Set (Ultimate) X 34,479411,16300000,34,,999981
10885,2026-10-06T15:08:54,2026-10-06T12:35:55,Upgrade Core Set (Ultimate) X 100,487209,97441800,200,,999981
10886,2026-10-06T15:09:38,2026-10-06T12:35:55,Upgrade Core Set (Ultimate) X 100,487209,97441800,200,,999980
10887,2026-10-06T15:10:20,2026-10-06T12:35:55,Upgrade Core Set (Ultimate) X 100,487209,97441800,200,,999980
10888,2026-10-06T15:16:30,2026-10-06T12:35:55,Chaos Core,702000,174798000,249,,722987
10889,2026-10-06T15:17:39,2026-10-06T12:35:55,Chaos Core,702000,91260000,130,,722986
10890,2026-10-06T15:18:17,2026-10-06T12:35:55,Chaos Core,719671,1439342,2,,722986
10891,2026-10-06T15:36:41,2026-10-06T12:35:55,Chaos Core,719671,719671,1,,
10892,2026-10-06T15:37:28,2026-10-06T12:35:55,Chaos Core,719998,719998,1,,
10893,2026-10-06T15:38:06,2026-10-06T12:35:55,Chaos Core,719998,719998,1,,
10894,2026-10-06T15:39:02,2026-10-06T12:35:55,Chaos Core,719998,719998,1,,
10895,2026-10-06T15:43:55,2026-10-06T12:35:55,Chaos Core,721992,721992,1,,
10896,2026-10-06T15:44:41,2026-10-06T12:35:55,Chaos Core,721992,721992,1,,
10897,2026-10-06T15:45:17,2026-10-06T12:35:55,Chaos Core,721992,721992,1,,
10898,2026-10-06T15:48:00,2026-10-06T12:35:55,Chaos Core,595133,1785399,3,,723906
10899,2026-10-06T15:48:24,2026-10-06T12:35:55,Chaos Core,721992,4331952,6,,723906
10900,2026-10-06T15:48:40,2026-10-06T12:35:55,Chaos Core,722403,6501627,9,,723906
10901,2026-10-06T15:52:08,2026-10-06T12:35:55,Chaos Core,721992,721992,1,,
10902,2026-10-06T15:52:53,2026-10-06T12:35:55,Chaos Core,721992,721992,1,,
10903,2026-10-06T15:53:29,2026-10-06T12:35:55,Chaos Core,721992,721992,1,,
10904,2026-10-06T15:54:11,2026-10-06T12:35:55,Chaos Core,721992,721992,1,,
10905,2026-10-06T16:04:35,2026-10-06T12:35:55,Chaos Core,717272,152778936,213,,723907
10906,2026-10-06T16:06:55,2026-10-06T12:35:55,Chaos Core,717272,6455448,9,,723906
10907,2026-10-06T16:07:24,2026-10-06T12:35:55,Chaos Core,719551,6475959,9,,723906
10908,2026-10-06T16:13:12,2026-10-06T12:35:55,Yekaterina VIP Membership,111868428,111868428,1,,
10909,2026-10-06T16:16:17,2026-10-06T12:35:55,Chaos Core,715328,148788224,208,,723897
10910,2026-10-06T16:16:36,2026-10-06T12:35:55,Chaos Core,719551,1439102,2,,723897
10911,2026-10-06T16:21:24,2026-10-06T12:35:55,Chaos Core,715320,157370400,220,,723890
10912,2026-10-06T16:21:47,2026-10-06T12:35:55,Chaos Core,719551,1439102,2,,723890
10913,2026-10-06T16:24:28,2026-10-06T12:35:55,Chaos Core,719551,719551,1,,
10914,2026-10-06T16:25:13,2026-10-06T12:35:55,Chaos Core,719551,719551,1,,
10915,2026-10-06T16:25:48,2026-10-06T12:35:55,Chaos Core,719551,719551,1,,
10916,2026-10-06T16:26:39,2026-10-06T12:35:55,Chaos Core,719551,719551,1,,
10917,2026-10-06T16:29:50,2026-10-06T12:35:55,Chaos Core,717032,20076896,28,,723880
10918,2026-10-06T16:30:14,2026-10-06T12:35:55,Chaos Core,719551,1439102,2,,723880
10919,2026-10-06T16:33:43,2026-10-06T12:35:55,Yekaterina VIP Membership,111868428,111868428,1,,
10920,2026-10-06T16:34:33,2026-10-06T12:35:55,Chaos Core,717032,70986168,99,,723869
10921,2026-10-06T16:35:41,2026-10-06T12:35:55,Chaos Core,717032,97516352,136,,723866
10922,2026-10-06T16:35:51,2026-10-06T12:35:55,Chaos Core,717032,143406400,200,,723866
10923,2026-10-06T16:41:49,2026-10-06T12:35:55,Chaos Core,714533,177918717,249,,723855
10924,2026-10-06T16:44:28,2026-10-06T12:35:55,Chaos Core,714533,95747422,134,,723849
10925,2026-10-06T16:44:39,2026-10-06T12:35:55,Chaos Core,714532,80027584,112,,723849
10926,2026-10-06T16:56:23,2026-10-06T12:35:55,Chaos Core,719551,719551,1,,
10927,2026-10-06T16:57:10,2026-10-06T12:35:55,Chaos Core,719551,719551,1,,
10928,2026-10-06T16:57:43,2026-10-06T12:35:55,Chaos Core,718918,718918,1,,
10929,2026-10-06T16:58:30,2026-10-06T12:35:55,Chaos Core,718918,718918,1,,
10930,2026-10-06T17:06:10,2026-10-06T12:35:55,Chaos Core,718918,718918,1,,
10931,2026-10-06T17:06:45,2026-10-06T12:35:55,Chaos Core,718918,718918,1,,
10932,2026-10-06T17:07:36,2026-10-06T12:35:55,Chaos Core,718918,718918,1,,
10933,2026-10-06T17:11:12,2026-10-06T12:35:55,Chaos Core,716485,88844140,124,,723795
10934,2026-10-06T17:11:41,2026-10-06T12:35:55,Chaos Core,718918,1437836,2,,723795
10935,2026-10-06T17:17:00,2026-10-06T12:35:55,Chaos Core,719551,719551,1,,
10936,2026-10-06T17:17:35,2026-10-06T12:35:55,Chaos Core,717679,118417035,165,,723785
10937,2026-10-06T17:19:17,2026-10-06T12:35:55,Chaos Core,719551,719551,1,,
10938,2026-10-06T17:42:33,2026-10-06T12:35:55,Chaos Core,717679,717679,1,,
10939,2026-10-06T17:43:23,2026-10-06T12:35:55,Chaos Core,719000,719000,1,,
10940,2026-10-06T17:44:02,2026-10-06T12:35:55,Chaos Core,719000,719000,1,,
10941,2026-10-06T17:46:18,2026-10-06T12:35:55,Chaos Core,719000,719000,1,,
10942,2026-10-06T17:54:04,2026-10-06T12:35:55,Force Core Set (Highest) X 12,176470,2117640,12,,182651
10943,2026-10-06T17:54:09,2026-10-06T12:35:55,Force Core Set (Highest) X 34,176470,6000000,34,,182651
10944,2026-10-06T17:55:51,2026-10-06T12:35:55,Chaos Core,712560,36340560,51,,723749
10945,2026-10-06T17:58:14,2026-10-06T12:35:55,Chaos Core,712560,19951680,28,,723745
10946,2026-10-06T17:58:36,2026-10-06T12:35:55,Chaos Core,717679,717679,1,,723745
10947,2026-10-06T17:59:10,2026-10-06T12:35:55,Chaos Core,719000,719000,1,,723745
10948,2026-10-06T18:12:57,2026-10-06T12:35:55,Chaos Core,719551,719551,1,,
10949,2026-10-06T18:14:37,2026-10-06T12:35:55,Chaos Core,719551,719551,1,,
10950,2026-10-06T18:15:45,2026-10-06T12:35:55,Chaos Core,719551,719551,1,,
10951,2026-10-06T18:16:22,2026-10-06T12:35:55,Chaos Core,719551,719551,1,,
10952,2026-10-06T18:24:31,2026-10-06T12:35:55,Chaos Core,710271,58242222,82,,723729
10953,2026-10-06T18:24:41,2026-10-06T12:35:55,Chaos Core,710905,54739685,77,,723729
10954,2026-10-06T18:42:18,2026-10-06T12:35:55,Chaos Core,725925,725925,1,,
10955,2026-10-06T18:43:03,2026-10-06T12:35:55,Chaos Core,725925,725925,1,,
10956,2026-10-06T18:43:36,2026-10-06T12:35:55,Chaos Core,725925,725925,1,,
10957,2026-10-06T18:44:19,2026-10-06T12:35:55,Chaos Core,725925,725925,1,,
10958,2026-10-06T18:57:38,2026-10-06T12:35:55,Chaos Core,721397,721397,1,,
10959,2026-10-06T19:02:40,2026-10-06T12:35:55,Chaos Core,720733,720733,1,,
10960,2026-10-06T19:03:28,2026-10-06T12:35:55,Chaos Core,720733,720733,1,,
10961,2026-10-06T19:04:03,2026-10-06T12:35:55,Chaos Core,720733,720733,1,,
10962,2026-10-06T19:11:28,2026-10-06T12:35:55,Chaos Core,715776,37220352,52,,723713
10963,2026-10-06T19:11:55,2026-10-06T12:35:55,Chaos Core,720733,1441466,2,,723713
10964,2026-10-06T19:24:11,2026-10-06T12:35:55,Chaos Core,720733,720733,1,,
10965,2026-10-06T19:26:41,2026-10-06T12:35:55,Chaos Core,720733,720733,1,,
10966,2026-10-06T19:32:24,2026-10-06T12:35:55,Yekaterina VIP Membership,112199999,112199999,1,,
10967,2026-10-06T19:33:20,2026-10-06T12:35:55,Chaos Core,719999,719999,1,,
10968,2026-10-06T19:34:02,2026-10-06T12:35:55,Chaos Core,719999,719999,1,,
10969,2026-10-06T19:34:35,2026-10-06T12:35:55,Chaos Core,719999,719999,1,,
10970,2026-10-06T19:36:14,2026-10-06T12:35:55,Chaos Core,719999,719999,1,,
10971,2026-10-06T19:36:46,2026-10-06T12:35:55,Chaos Core,719999,719999,1,,
10972,2026-10-06T19:41:24,2026-10-06T12:35:55,Chaos Core,719999,719999,1,,
10973,2026-10-06T19:42:08,2026-10-06T12:35:55,Chaos Core,719999,719999,1,,
10974,2026-10-06T19:42:42,2026-10-06T12:35:55,Chaos Core,719999,719999,1,,
10975,2026-10-06T19:43:19,2026-10-06T12:35:55,Chaos Core,719999,719999,1,,
10976,2026-10-06T19:47:59,2026-10-06T12:35:55,Chaos Core,719999,719999,1,,
10977,2026-10-06T19:48:43,2026-10-06T12:35:55,Chaos Core,719999,719999,1,,
10978,2026-10-06T19:49:16,2026-10-06T12:35:55,Chaos Core,719999,719999,1,,
10979,2026-10-06T19:50:07,2026-10-06T12:35:55,Chaos Core,719999,719999,1,,
10980,2026-10-06T19:54:45,2026-10-06T12:35:55,Chaos Core,719999,719999,1,,
10981,2026-10-06T19:55:29,2026-10-06T12:35:55,Chaos Core,719999,719999,1,,
10982,2026-10-06T19:56:03,2026-10-06T12:35:55,Chaos Core,719999,719999,1,,
10983,2026-10-06T19:56:51,2026-10-06T12:35:55,Chaos Core,719999,719999,1,,
10984,2026-10-06T19:59:59,2026-10-06T12:35:55,Chaos Core,717539,137049949,191,,723680
10985,2026-10-06T20:00:14,2026-10-06T12:35:55,Chaos Core,719999,719999,1,,723680
10986,2026-10-06T20:14:57,2026-10-06T12:35:55,Chaos Core,712850,27801150,39,,723666
10987,2026-10-07T00:56:23,2026-10-07T00:51:31,Yekaterina VIP Membership,112199999,112199999,1,,
10988,2026-10-07T00:57:10,2026-10-07T00:51:31,Upgrade Core Set (Ultimate) X 32,487209,15590688,32,,898996
10989,2026-10-07T00:57:58,2026-10-07T00:51:31,Upgrade Core Set (Ultimate) X 33,487209,16077897,33,,898996
10990,2026-10-07T00:58:59,2026-10-07T00:51:31,Force Gem Package,186999999,186999999,1,,
10991,2026-10-07T01:00:18,2026-10-07T00:51:31,Armor Account bind Unseal Stone,186999999,186999999,1,,
10992,2026-10-07T01:00:57,2026-10-07T00:51:31,Armor Account bind Seal Stone,186999999,186999999,1,,
10993,2026-10-07T01:02:16,2026-10-07T00:51:31,Arionell,280499999,280499999,1,,
10994,2026-10-07T01:11:58,2026-10-07T00:51:31,Blessing Bead - Superior,163437999,163437999,1,,
10995,2026-10-07T01:12:34,2026-10-07T00:51:31,Chaos Core,730000,11680000,16,,735480
10996,2026-10-07T01:12:47,2026-10-07T00:51:31,Chaos Core,730000,96360000,132,,735480
10997,2026-10-07T01:13:20,2026-10-07T00:51:31,Chaos Core,730000,1460000,2,,735480
10998,2026-10-07T01:14:38,2026-10-07T00:51:31,Chaos Core,730000,181770000,249,,735478
10999,2026-10-07T01:16:10,2026-10-07T00:51:31,Chaos Core,730000,153300000,210,,735476
11000,2026-10-07T01:17:31,2026-10-07T00:51:31,Chaos Core,730000,730000,1,,735473
11001,2026-10-07T01:18:06,2026-10-07T00:51:31,Chaos Core,732005,12444085,17,,735473
11002,2026-10-07T01:35:50,2026-10-07T00:51:31,Chaos Core,725925,69688800,96,,735446
11003,2026-10-07T01:38:52,2026-10-07T00:51:31,Chaos Core,725920,82754880,114,,735437
11004,2026-10-07T01:59:38,2026-10-07T00:51:31,Chaos Core,725925,2903700,4,,735392
11005,2026-10-07T02:00:03,2026-10-07T00:51:31,Chaos Core,732005,10248070,14,,735392
11006,2026-10-07T02:02:58,2026-10-07T00:51:31,Force Gem Package,186999999,186999999,1,,
11007,2026-10-07T02:08:40,2026-10-07T00:51:31,Chaos Core,725919,7259190,10,,735374
11008,2026-10-07T02:09:09,2026-10-07T00:51:31,Chaos Core,732005,5856040,8,,735374
11009,2026-10-07T02:45:32,2026-10-07T00:51:31,Chaos Core,725925,29037000,40,,735345
11010,2026-10-07T02:45:39,2026-10-07T00:51:31,Chaos Core,725925,59525850,82,,735345
11011,2026-10-07T02:46:07,2026-10-07T00:51:31,Chaos Core,732005,732005,1,,735345
11012,2026-10-07T02:47:14,2026-10-07T00:51:31,Chaos Core,725925,725925,1,,735347
11013,2026-10-07T02:47:28,2026-10-07T00:51:31,Chaos Core,732005,12444085,17,,735347
11014,2026-10-07T08:59:25,2026-10-07T08:55:19,Chaos Core,720000,126000000,175,,741998
11015,2026-10-07T08:59:39,2026-10-07T08:55:19,Chaos Core,725920,1451840,2,,741998
11016,2026-10-07T09:01:17,2026-10-07T08:55:19,Chaos Core,725920,181480000,250,,741997
11017,2026-10-07T09:01:31,2026-10-07T08:55:19,Chaos Core,722000,1444000,2,,741997
11018,2026-10-07T09:04:14,2026-10-07T08:55:19,Chaos Core,725920,128487840,177,,741994
11019,2026-10-07T09:05:53,2026-10-07T08:55:19,Yekaterina VIP Membership,112049999,112049999,1,,
11020,2026-10-07T09:06:33,2026-10-07T08:55:19,Chaos Core,720000,95760000,133,,741992
11021,2026-10-07T09:06:49,2026-10-07T08:55:19,Chaos Core,720000,179280000,249,,741992
11022,2026-10-07T09:07:06,2026-10-07T08:55:19,Chaos Core,722000,722000,1,,741992
11023,2026-10-07T09:07:25,2026-10-07T08:55:19,Chaos Core,725000,725000,1,,741992
11024,2026-10-07T09:10:43,2026-10-07T08:55:19,Force Gem Package,186749999,186749999,1,,
11025,2026-10-07T09:11:59,2026-10-07T08:55:19,Chaos Core,719000,27322000,38,,731043
11026,2026-10-07T09:12:07,2026-10-07T08:55:19,Chaos Core,719000,139486000,194,,731043
11027,2026-10-07T09:12:42,2026-10-07T08:55:19,Chaos Core,720000,720000,1,,731043
11028,2026-10-07T09:13:00,2026-10-07T08:55:19,Chaos Core,720000,720000,1,,731043
11029,2026-10-07T09:14:15,2026-10-07T08:55:19,Chaos Core,719000,17256000,24,,731040
11030,2026-10-07T09:14:23,2026-10-07T08:55:19,Chaos Core,719000,150990000,210,,731040
11031,2026-10-07T09:16:17,2026-10-07T08:55:19,Chaos Core,725920,725920,1,,740502
11032,2026-10-07T09:16:26,2026-10-07T08:55:19,Chaos Core,719000,150990000,210,,740502
11033,2026-10-07T09:16:47,2026-10-07T08:55:19,Chaos Core,722000,722000,1,,740502
11034,2026-10-07T09:17:04,2026-10-07T08:55:19,Chaos Core,725920,725920,1,,740502
11035,2026-10-07T09:18:27,2026-10-07T08:55:19,Chaos Core,719000,179031000,249,,749998
11036,2026-10-07T09:19:59,2026-10-07T08:55:19,Chaos Core,725922,130665960,180,,749996
11037,2026-10-07T09:21:08,2026-10-07T08:55:19,Chaos Core,719000,17975000,25,,749999
11038,2026-10-07T09:21:30,2026-10-07T08:55:19,Chaos Core,720000,720000,1,,749999
11039,2026-10-07T09:21:48,2026-10-07T08:55:19,Chaos Core,725922,20325816,28,,749999
11040,2026-10-07T09:22:15,2026-10-07T08:55:19,Chaos Core,725922,30488724,42,,749999
11041,2026-10-07T09:24:56,2026-10-07T08:55:19,Siena's Unbinding Stone,74699999,74699999,1,,
11042,2026-10-07T09:26:02,2026-10-07T08:55:19,Chaos Core,718999,127262823,177,,749997
11043,2026-10-07T09:30:38,2026-10-07T08:55:19,Chaos Core,725925,101629500,140,,740503
11044,2026-10-07T09:30:44,2026-10-07T08:55:19,Chaos Core,725925,7259250,10,,740503
11045,2026-10-07T09:30:56,2026-10-07T08:55:19,Chaos Core,725925,58074000,80,,740503
11046,2026-10-07T09:31:05,2026-10-07T08:55:19,Chaos Core,725925,725925,1,,740503
11047,2026-10-07T09:36:28,2026-10-07T08:55:19,Force Core Set (High) X 1,157000,8792000,56,,164000
11048,2026-10-07T09:36:33,2026-10-07T08:55:19,Force Core Set (High) X 25,157000,3925000,25,,164000
11049,2026-10-07T09:36:38,2026-10-07T08:55:19,Force Core Set (High) X 100,157000,15700000,100,,164000
11050,2026-10-07T09:36:42,2026-10-07T08:55:19,Force Core Set (High) X 280,157000,43960000,280,,164000
11051,2026-10-07T09:39:06,2026-10-07T08:55:19,Chaos Core,725925,150266475,207,,750000
11052,2026-10-07T09:40:23,2026-10-07T08:55:19,Chaos Core,725925,122681325,169,,750000
11053,2026-10-07T09:40:32,2026-10-07T08:55:19,Chaos Core,725925,1451850,2,,750000
11054,2026-10-07T09:41:43,2026-10-07T08:55:19,Chaos Core,725924,82755336,114,,749999
11055,2026-10-07T09:41:58,2026-10-07T08:55:19,Chaos Core,725925,179303475,247,,749999
11056,2026-10-07T09:42:10,2026-10-07T08:55:19,Chaos Core,725925,1451850,2,,749999
11057,2026-10-07T09:43:53,2026-10-07T08:55:19,Chaos Core,725925,111792450,154,,749996
11058,2026-10-07T09:44:20,2026-10-07T08:55:19,Chaos Core,725925,1451850,2,,749996
11059,2026-10-07T09:46:39,2026-10-07T08:55:19,Chaos Core,725925,52266600,72,,749995
11060,2026-10-07T09:47:07,2026-10-07T08:55:19,Chaos Core,725925,43555500,60,,749995
11061,2026-10-07T09:47:24,2026-10-07T08:55:19,Chaos Core,725925,21051825,29,,749995
11062,2026-10-07T09:47:45,2026-10-07T08:55:19,Chaos Core,725925,725925,1,,749995
11063,2026-10-07T09:48:49,2026-10-07T08:55:19,Chaos Core,725925,59525850,82,,747999
11064,2026-10-07T09:49:08,2026-10-07T08:55:19,Chaos Core,725925,725925,1,,747999
11065,2026-10-07T09:49:30,2026-10-07T08:55:19,Chaos Core,725925,82755450,114,,747999
11066,2026-10-07T09:49:35,2026-10-07T08:55:19,Chaos Core,725925,725925,1,,747999
11067,2026-10-07T09:52:17,2026-10-07T08:55:19,Chaos Core,725925,31214775,43,,747995
11068,2026-10-07T09:52:38,2026-10-07T08:55:19,Chaos Core,725925,52992525,73,,747995
11069,2026-10-07T09:52:59,2026-10-07T08:55:19,Chaos Core,725925,34844400,48,,747995
11070,2026-10-07T09:53:19,2026-10-07T08:55:19,Chaos Core,725925,725925,1,,747995
11071,2026-10-07T09:56:07,2026-10-07T08:55:19,Yekaterina VIP Membership,112049999,112049999,1,,
11072,2026-10-07T09:56:48,2026-10-07T08:55:19,Chaos Core,725924,168414368,232,,739999
11073,2026-10-07T10:00:56,2026-10-07T08:55:19,Armor Account bind Seal Stone,185000000,185000000,1,,
11074,2026-10-07T10:02:10,2026-10-07T08:55:19,Chaos Core,723000,17352000,24,,739999
11075,2026-10-07T10:02:20,2026-10-07T08:55:19,Chaos Core,723000,84591000,117,,739999
11076,2026-10-07T10:02:39,2026-10-07T08:55:19,Chaos Core,723000,29643000,41,,739999
11077,2026-10-07T10:02:43,2026-10-07T08:55:19,Chaos Core,723000,723000,1,,739999
11078,2026-10-07T10:04:22,2026-10-07T08:55:19,Chaos Core,725925,725925,1,,739998
11079,2026-10-07T10:04:40,2026-10-07T08:55:19,Chaos Core,725925,725925,1,,739998
11080,2026-10-07T10:05:08,2026-10-07T08:55:19,Chaos Core,725925,36296250,50,,739998
11081,2026-10-07T10:05:30,2026-10-07T08:55:19,Chaos Core,725925,140829450,194,,739998
11082,2026-10-07T10:06:53,2026-10-07T08:55:19,Chaos Core,725925,39925875,55,,747996
11083,2026-10-07T10:07:07,2026-10-07T08:55:19,Chaos Core,729999,86869881,119,,747996
11084,2026-10-07T10:09:33,2026-10-07T08:55:19,Chaos Core,730000,102200000,140,,747994
11085,2026-10-07T10:09:42,2026-10-07T08:55:19,Chaos Core,730000,19710000,27,,747994
11086,2026-10-07T10:09:53,2026-10-07T08:55:19,Chaos Core,730000,730000,1,,747994
11087,2026-10-07T10:11:48,2026-10-07T08:55:19,Siena's Unbinding Stone,74699999,74699999,1,,
11088,2026-10-07T10:13:40,2026-10-07T08:55:19,Chaos Core,729997,27739886,38,,747991
11089,2026-10-07T10:13:52,2026-10-07T08:55:19,Chaos Core,729999,2919996,4,,747991
11090,2026-10-07T10:14:10,2026-10-07T08:55:19,Chaos Core,730000,730000,1,,747991
11091,2026-10-07T10:14:33,2026-10-07T08:55:19,Chaos Core,730000,75190000,103,,747991
11092,2026-10-07T10:14:53,2026-10-07T08:55:19,Chaos Core,730000,71540000,98,,747991
11093,2026-10-07T10:14:59,2026-10-07T08:55:19,Chaos Core,729997,1459994,2,,747991
11094,2026-10-07T10:18:58,2026-10-07T08:55:19,Chaos Core,730000,730000,1,,747992
11095,2026-10-07T10:19:04,2026-10-07T08:55:19,Chaos Core,729997,32849865,45,,747992
11096,2026-10-07T10:19:25,2026-10-07T08:55:19,Chaos Core,730000,74460000,102,,747992
11097,2026-10-07T10:19:33,2026-10-07T08:55:19,Chaos Core,729997,126289481,173,,747992
11098,2026-10-07T10:20:59,2026-10-07T08:55:19,Chaos Core,729997,72269703,99,,747990
11099,2026-10-07T10:21:07,2026-10-07T08:55:19,Chaos Core,729997,35039856,48,,747990
11100,2026-10-07T10:22:29,2026-10-07T08:55:19,Chaos Core,732005,50508345,69,,747989
11101,2026-10-07T10:22:55,2026-10-07T08:55:19,Chaos Core,734000,79272000,108,,747989
11102,2026-10-07T10:24:05,2026-10-07T08:55:19,Chaos Core,729997,5109979,7,,747988
11103,2026-10-07T10:24:14,2026-10-07T08:55:19,Chaos Core,729997,44529817,61,,747988
11104,2026-10-07T10:24:27,2026-10-07T08:55:19,Chaos Core,730000,121180000,166,,747988
11105,2026-10-07T10:26:01,2026-10-07T08:55:19,Chaos Core,725925,81303600,112,,747985
11106,2026-10-07T10:26:15,2026-10-07T08:55:19,Chaos Core,730000,122640000,168,,747985
11107,2026-10-07T10:27:25,2026-10-07T08:55:19,Chaos Core,725925,1451850,2,,747985
11108,2026-10-07T10:29:29,2026-10-07T08:55:19,Chaos Core,730000,35040000,48,,747981
11109,2026-10-07T10:29:50,2026-10-07T08:55:19,Chaos Core,732005,10980075,15,,747981
11110,2026-10-07T10:30:09,2026-10-07T08:55:19,Chaos Core,734000,734000,1,,747981
11111,2026-10-07T10:30:16,2026-10-07T08:55:19,Chaos Core,725925,51540675,71,,747981
11112,2026-10-07T10:30:31,2026-10-07T08:55:19,Chaos Core,730000,125560000,172,,747981
11113,2026-10-07T10:30:37,2026-10-07T08:55:19,Chaos Core,725925,1451850,2,,747981
11114,2026-10-07T10:34:44,2026-10-07T08:55:19,Upgrade Core Set (Ultimate) X 31,487209,15103479,31,,687000
11115,2026-10-07T10:36:50,2026-10-07T08:55:19,Yekaterina VIP Membership,112049999,112049999,1,,
11116,2026-10-07T10:39:48,2026-10-07T08:55:19,Chaos Core,734000,171756000,234,,747992
11117,2026-10-07T10:41:07,2026-10-07T08:55:19,Chaos Core,734000,135790000,185,,747991
11118,2026-10-07T10:41:16,2026-10-07T08:55:19,Chaos Core,734000,734000,1,,747991
11119,2026-10-07T10:42:28,2026-10-07T08:55:19,Chaos Core,734000,107164000,146,,747988
11120,2026-10-07T10:42:36,2026-10-07T08:55:19,Chaos Core,734000,30094000,41,,747988
11121,2026-10-07T10:43:38,2026-10-07T08:55:19,Chaos Core,734000,1468000,2,,747988
11122,2026-10-07T10:45:09,2026-10-07T08:55:19,Chaos Core,734000,77804000,106,,747996
11123,2026-10-07T10:45:19,2026-10-07T08:55:19,Chaos Core,734000,132854000,181,,747996
11124,2026-10-07T10:45:33,2026-10-07T08:55:19,Chaos Core,734000,734000,1,,747996
11125,2026-10-07T10:47:08,2026-10-07T08:55:19,Chaos Core,735982,22815442,31,,746999
11126,2026-10-07T10:48:17,2026-10-07T08:55:19,Chaos Core,734000,133588000,182,,746999
11127,2026-10-07T10:49:30,2026-10-07T08:55:19,Force Core Set (Highest) X 5,159999,799999,5,,182000
11128,2026-10-07T10:51:24,2026-10-07T08:55:19,Upgrade Core Set (Ultimate) X 1,487208,97441600,200,,687000
11129,2026-10-07T10:55:11,2026-10-07T08:55:19,Chaos Core,733999,104961857,143,,739997
11130,2026-10-07T10:55:20,2026-10-07T08:55:19,Chaos Core,733999,41103944,56,,739997
11131,2026-10-07T10:55:30,2026-10-07T08:55:19,Chaos Core,733999,1467998,2,,739997
11132,2026-10-07T10:56:45,2026-10-07T08:55:19,Chaos Core,733999,2201997,3,,739000
11133,2026-10-07T10:57:23,2026-10-07T08:55:19,Chaos Core,737682,11065230,15,,739000
11134,2026-10-07T11:00:10,2026-10-07T08:55:19,Force Core Set (Highest) X 100,175555,35111110,200,,181999
11135,2026-10-07T11:06:16,2026-10-07T08:55:19,Force Core Set (High) X 14,156998,2197972,14,,165000
11136,2026-10-07T11:06:21,2026-10-07T08:55:19,Force Core Set (High) X 333,156998,52280334,333,,165000
11137,2026-10-07T11:07:30,2026-10-07T08:55:19,Force Core Set (High) X 333,156998,52280334,333,,165000
11138,2026-10-07T11:18:09,2026-10-07T08:55:19,Armor Account bind Seal Stone,186749999,186749999,1,,
11139,2026-10-07T12:11:38,2026-10-07T12:07:02,Chaos Core,733800,154831800,211,,738921
11140,2026-10-07T12:11:49,2026-10-07T12:07:02,Chaos Core,733890,1467780,2,,738921
11141,2026-10-07T12:22:07,2026-10-07T12:07:02,Chaos Core,733699,3668495,5,,738912
11142,2026-10-07T12:22:26,2026-10-07T12:07:02,Chaos Core,733890,733890,1,,738912
11143,2026-10-07T12:22:58,2026-10-07T12:07:02,Chaos Core,733892,183473000,250,,738912
11144,2026-10-07T12:23:18,2026-10-07T12:07:02,Chaos Core,733890,1467780,2,,738912
11145,2026-10-07T12:26:13,2026-10-07T12:07:02,Chaos Core,733892,74856984,102,,738913
11146,2026-10-07T12:26:35,2026-10-07T12:07:02,Chaos Core,733892,182739108,249,,738913
11147,2026-10-07T12:28:25,2026-10-07T12:07:02,Chaos Core,733892,97607636,133,,738912
11148,2026-10-07T12:28:45,2026-10-07T12:07:02,Chaos Core,733892,25686220,35,,738912
11149,2026-10-07T12:29:53,2026-10-07T12:07:02,Chaos Core,733699,1467398,2,,738911
11150,2026-10-07T12:30:12,2026-10-07T12:07:02,Chaos Core,733890,733890,1,,738911
11151,2026-10-07T12:30:35,2026-10-07T12:07:02,Chaos Core,733895,183473750,250,,738911
11152,2026-10-07T12:30:54,2026-10-07T12:07:02,Chaos Core,733895,1467790,2,,738911
11153,2026-10-07T12:35:17,2026-10-07T12:07:02,Chaos Core,733900,35961100,49,,738909
11154,2026-10-07T12:35:25,2026-10-07T12:07:02,Chaos Core,733900,182741100,249,,738909
11155,2026-10-07T12:35:31,2026-10-07T12:07:02,Chaos Core,733900,1467800,2,,738909
11156,2026-10-07T12:41:54,2026-10-07T12:07:02,Chaos Core,733900,25686500,35,,738905
11157,2026-10-07T12:42:07,2026-10-07T12:07:02,Chaos Core,733900,57978100,79,,738905
11158,2026-10-07T12:42:34,2026-10-07T12:07:02,Chaos Core,733900,733900,1,,738905
11159,2026-10-07T12:42:47,2026-10-07T12:07:02,Chaos Core,733900,21283100,29,,738905
11160,2026-10-07T12:44:17,2026-10-07T12:07:02,Chaos Core,733900,160724100,219,,738905
11161,2026-10-07T12:46:11,2026-10-07T12:07:02,Upgrade Core Set (Ultimate) X 75,457762,34332150,75,,686647
11162,2026-10-07T12:46:17,2026-10-07T12:07:02,Upgrade Core Set (Ultimate) X 100,457762,91552400,200,,686647
11163,2026-10-07T12:59:12,2026-10-07T12:07:02,Chaos Core,733800,7338000,10,,738877
11164,2026-10-07T12:59:24,2026-10-07T12:07:02,Chaos Core,733900,5871200,8,,738877
11165,2026-10-07T15:52:00,2026-10-07T15:47:31,Chaos Core,731300,32908500,45,,739605
11166,2026-10-07T15:52:10,2026-10-07T15:47:31,Chaos Core,731300,73130000,100,,739605
11167,2026-10-07T15:52:18,2026-10-07T15:47:31,Chaos Core,731300,102382000,140,,739605
11168,2026-10-07T15:55:08,2026-10-07T15:47:31,Blessing Bead - Superior,174363000,174363000,1,,
11169,2026-10-07T15:57:48,2026-10-07T15:47:31,Chaos Core,731300,5850400,8,,739604
11170,2026-10-07T15:58:09,2026-10-07T15:47:31,Chaos Core,731300,182093700,249,,739604
11171,2026-10-07T15:58:16,2026-10-07T15:47:31,Chaos Core,731300,731300,1,,739604
11172,2026-10-07T15:59:36,2026-10-07T15:47:31,Chaos Core,731300,25595500,35,,739604
11173,2026-10-07T15:59:51,2026-10-07T15:47:31,Chaos Core,731300,53384900,73,,739604
11174,2026-10-07T15:59:57,2026-10-07T15:47:31,Chaos Core,731300,35833700,49,,739604
11175,2026-10-07T16:00:13,2026-10-07T15:47:31,Chaos Core,731300,1462600,2,,739604
11176,2026-10-07T16:01:23,2026-10-07T15:47:31,Chaos Core,731300,125052300,171,,739603
11177,2026-10-07T16:02:36,2026-10-07T15:47:31,Chaos Core,731300,3656500,5,,739602
11178,2026-10-07T16:02:57,2026-10-07T15:47:31,Chaos Core,733300,109261700,149,,739602
11179,2026-10-07T16:03:03,2026-10-07T15:47:31,Chaos Core,731300,1462600,2,,739602
11180,2026-10-07T16:10:33,2026-10-07T15:47:31,Chaos Core,731299,156497986,214,,739597
11181,2026-10-07T16:10:38,2026-10-07T15:47:31,Chaos Core,731299,1462598,2,,739597
11182,2026-10-07T16:12:30,2026-10-07T15:47:31,Chaos Core,731299,11700784,16,,739596
11183,2026-10-07T16:12:39,2026-10-07T15:47:31,Chaos Core,731299,13894681,19,,739596
11184,2026-10-07T16:12:52,2026-10-07T15:47:31,Chaos Core,731299,103113159,141,,739596
11185,2026-10-07T16:13:02,2026-10-07T15:47:31,Chaos Core,731299,731299,1,,739596
11186,2026-10-07T16:14:45,2026-10-07T15:47:31,Force Core Set (High) X 39,95510,3724890,39,,165000
11187,2026-10-07T16:14:59,2026-10-07T15:47:31,Force Core Set (High) X 87,137535,11965545,87,,165000
11188,2026-10-07T16:15:05,2026-10-07T15:47:31,Force Core Set (High) X 19,156094,2965786,19,,165000
11189,2026-10-07T16:15:09,2026-10-07T15:47:31,Force Core Set (High) X 41,156094,6399854,41,,165000
11190,2026-10-07T16:15:14,2026-10-07T15:47:31,Force Core Set (High) X 86,156094,13424100,86,,165000
11191,2026-10-07T16:21:25,2026-10-07T15:47:31,Chaos Core,731299,97994066,134,,739593
11192,2026-10-07T16:21:45,2026-10-07T15:47:31,Chaos Core,731299,5119093,7,,739593
11193,2026-10-07T16:28:17,2026-10-07T16:24:14,Chaos Core,731299,26326764,36,,739593
11194,2026-10-07T16:28:27,2026-10-07T16:24:14,Chaos Core,731299,83368086,114,,739593
11195,2026-10-07T16:38:12,2026-10-07T16:33:12,Yekaterina VIP Membership,119700000,119700000,1,,
11196,2026-10-07T16:43:43,2026-10-07T16:33:12,Chaos Core,731000,142545000,195,,739587
11197,2026-10-07T17:05:01,2026-10-07T16:48:27,Force Core Set (High) X 259,156136,40439224,259,,165000
11198,2026-10-07T18:20:25,2026-10-07T17:17:36,Force Core Set (High) X 10,156136,1561360,10,,165000
11199,2026-10-07T18:20:30,2026-10-07T17:17:36,Force Core Set (High) X 41,156136,6401576,41,,165000
11200,2026-10-07T18:20:34,2026-10-07T17:17:36,Force Core Set (High) X 120,156136,18736320,120,,165000
11201,2026-10-07T18:58:23,2026-10-07T17:17:36,Chaos Core,726000,166980000,230,,731000
11202,2026-10-07T18:58:31,2026-10-07T17:17:36,Chaos Core,726546,726546,1,,731000
11203,2026-10-07T19:08:00,2026-10-07T17:17:36,Yekaterina VIP Membership,119700000,119700000,1,,
11204,2026-10-07T19:16:01,2026-10-07T17:17:36,Force Core Set (High) X 10,156156,28108080,180,,165000
11205,2026-10-07T19:16:10,2026-10-07T17:17:36,Force Core Set (High) X 1,156999,941994,6,,165000
11206,2026-10-07T19:16:47,2026-10-07T17:17:36,Force Core Set (Ultimate) X 56,292274,16367344,56,,320000
11207,2026-10-07T19:16:51,2026-10-07T17:17:36,Force Core Set (Ultimate) X 85,292274,24843290,85,,320000
11208,2026-10-07T19:16:56,2026-10-07T17:17:36,Force Core Set (Ultimate) X 94,292274,27473756,94,,320000
11209,2026-10-07T19:19:25,2026-10-07T17:17:36,Chaos Core,726000,16698000,23,,739615
11210,2026-10-07T19:19:36,2026-10-07T17:17:36,Chaos Core,726000,180774000,249,,739615
11211,2026-10-07T19:19:44,2026-10-07T17:17:36,Chaos Core,726000,726000,1,,739615
11212,2026-10-07T19:20:56,2026-10-07T17:17:36,Chaos Core,726000,32670000,45,,739614
11213,2026-10-07T19:21:06,2026-10-07T17:17:36,Chaos Core,726000,5808000,8,,739614
11214,2026-10-07T19:21:17,2026-10-07T17:17:36,Chaos Core,726000,2904000,4,,739614
11215,2026-10-07T19:21:26,2026-10-07T17:17:36,Chaos Core,726000,171336000,236,,739614
11216,2026-10-07T19:21:30,2026-10-07T17:17:36,Chaos Core,726000,726000,1,,739614
11217,2026-10-07T19:22:45,2026-10-07T17:17:36,Chaos Core,726000,180774000,249,,739613
11218,2026-10-07T19:23:53,2026-10-07T17:17:36,Chaos Core,726000,64614000,89,,739612
11219,2026-10-07T19:24:06,2026-10-07T17:17:36,Chaos Core,726000,726000,1,,739612
11220,2026-10-07T19:24:22,2026-10-07T17:17:36,Chaos Core,726000,2904000,4,,739612
11221,2026-10-07T19:24:40,2026-10-07T17:17:36,Chaos Core,726000,45012000,62,,739612
11222,2026-10-07T19:24:58,2026-10-07T17:17:36,Chaos Core,726000,34122000,47,,739612
11223,2026-10-07T19:25:17,2026-10-07T17:17:36,Chaos Core,726000,726000,1,,739612
11224,2026-10-07T19:26:54,2026-10-07T17:17:36,Chaos Core,725000,82650000,114,,739611
11225,2026-10-07T19:27:04,2026-10-07T17:17:36,Chaos Core,725000,82650000,114,,739611
11226,2026-10-07T19:28:23,2026-10-07T17:17:36,Chaos Core,726000,99462000,137,,739610
11227,2026-10-07T19:28:37,2026-10-07T17:17:36,Chaos Core,726000,180774000,249,,739610
11228,2026-10-07T19:31:57,2026-10-07T17:17:36,Chaos Core,726000,726000,1,,739609
11229,2026-10-07T19:32:05,2026-10-07T17:17:36,Chaos Core,725000,150075000,207,,739609
11230,2026-10-07T19:32:11,2026-10-07T17:17:36,Chaos Core,725000,1450000,2,,739609
11231,2026-10-07T21:47:53,2026-10-07T21:35:29,Yekaterina VIP Membership,119700000,119700000,1,,
11232,2026-10-07T22:26:04,2026-10-07T21:35:29,Chaos Core,722998,138815616,192,,739375
11233,2026-10-07T22:27:16,2026-10-07T21:35:29,Chaos Core,722998,35426902,49,,739374
11234,2026-10-07T22:27:37,2026-10-07T21:35:29,Chaos Core,722998,2168994,3,,739374
11235,2026-10-07T22:27:49,2026-10-07T21:35:29,Chaos Core,722998,17351952,24,,739374
11236,2026-10-07T22:27:55,2026-10-07T21:35:29,Chaos Core,722998,27473924,38,,739374
11237,2026-10-07T22:28:01,2026-10-07T21:35:29,Chaos Core,722998,10844970,15,,739374
11238,2026-10-07T22:31:05,2026-10-07T21:35:29,Chaos Core,722998,95435736,132,,739373
11239,2026-10-07T22:31:11,2026-10-07T21:35:29,Chaos Core,722998,3614990,5,,739373
11240,2026-10-07T22:31:21,2026-10-07T21:35:29,Chaos Core,722998,59285836,82,,739373
11241,2026-10-07T22:40:22,2026-10-07T22:36:17,Chaos Core,724999,10874985,15,,739372
11242,2026-10-07T22:40:32,2026-10-07T22:36:17,Chaos Core,724999,14499980,20,,739372
11243,2026-10-07T22:40:43,2026-10-07T22:36:17,Chaos Core,725000,5075000,7,,739372
11244,2026-10-07T22:41:02,2026-10-07T22:36:17,Chaos Core,726000,150282000,207,,739372
11245,2026-10-07T22:54:13,2026-10-07T22:50:06,Chaos Core,724000,50680000,70,,739370
11246,2026-10-07T22:55:11,2026-10-07T22:50:06,Chaos Core,724000,47060000,65,,739370
11247,2026-10-07T22:56:05,2026-10-07T22:50:06,Chaos Core,726000,31218000,43,,739370
11248,2026-10-07T22:56:25,2026-10-07T22:50:06,Chaos Core,726000,1452000,2,,739370
11249,2026-10-07T23:00:25,2026-10-07T22:50:06,Chaos Core,726546,142403016,196,,739364
11250,2026-10-07T23:00:32,2026-10-07T22:50:06,Chaos Core,724000,1448000,2,,739364
11251,2026-10-07T23:02:57,2026-10-07T22:50:06,Chaos Core,724000,82536000,114,,739361
11252,2026-10-07T23:03:04,2026-10-07T22:50:06,Chaos Core,724000,21720000,30,,739361
11253,2026-10-07T23:03:13,2026-10-07T22:50:06,Chaos Core,724000,82536000,114,,739361
11254,2026-10-07T23:05:14,2026-10-07T22:50:06,Chaos Core,724000,724000,1,,739358
11255,2026-10-07T23:05:33,2026-10-07T22:50:06,Chaos Core,726546,726546,1,,739358
11256,2026-10-07T23:05:42,2026-10-07T22:50:06,Chaos Core,724000,138284000,191,,739358
11257,2026-10-07T23:06:04,2026-10-07T22:50:06,Chaos Core,724999,724999,1,,739358
11258,2026-10-07T23:06:21,2026-10-07T22:50:06,Chaos Core,726546,726546,1,,739358
11259,2026-10-07T23:50:14,2026-10-07T22:50:06,Chaos Core,723333,16636659,23,,739233
11260,2026-10-07T23:50:23,2026-10-07T22:50:06,Chaos Core,723333,9403329,13,,739233
11261,2026-10-07T23:50:34,2026-10-07T22:50:06,Chaos Core,723333,5786664,8,,739233
11262,2026-10-07T23:50:46,2026-10-07T22:50:06,Chaos Core,723333,18806658,26,,739233
11263,2026-10-07T23:50:59,2026-10-07T22:50:06,Chaos Core,724000,53576000,74,,739233
11264,2026-10-07T23:57:29,2026-10-07T22:50:06,Chaos Core,723333,96926622,134,,739216
11265,2026-10-07T23:57:39,2026-10-07T22:50:06,Chaos Core,723333,83183295,115,,739216
11266,2026-10-07T23:59:01,2026-10-07T22:50:06,Chaos Core,723333,96926622,134,,739210
11267,2026-10-07T23:59:38,2026-10-07T22:50:06,Chaos Core,724000,724000,1,,739210
11268,2026-10-08T00:02:16,2026-10-07T22:50:06,Yekaterina VIP Membership,119700000,119700000,1,,
11269,2026-10-08T00:05:06,2026-10-07T22:50:06,Chaos Core,723332,30379944,42,,739204
11270,2026-10-08T00:05:34,2026-10-07T22:50:06,Chaos Core,726500,150385500,207,,739204
11271,2026-10-08T00:43:13,2026-10-08T00:38:48,Chaos Core,730000,1460000,2,,739148
11272,2026-10-08T00:43:24,2026-10-08T00:38:48,Chaos Core,730000,2920000,4,,739148
11273,2026-10-08T00:43:32,2026-10-08T00:38:48,Chaos Core,730000,2920000,4,,739148
11274,2026-10-08T00:43:44,2026-10-08T00:38:48,Chaos Core,730000,2920000,4,,739148
11275,2026-10-08T00:44:59,2026-10-08T00:38:48,Chaos Core,733333,733333,1,,739148
11276,2026-10-08T00:47:54,2026-10-08T00:38:48,Chaos Core,730000,146000000,200,,737998
11277,2026-10-08T00:48:54,2026-10-08T00:38:48,Chaos Core,733333,733333,1,,737998
11278,2026-10-08T00:57:19,2026-10-08T00:38:48,Chaos Core,726546,40686576,56,,737992
11279,2026-10-08T00:57:28,2026-10-08T00:38:48,Chaos Core,726546,69748416,96,,737992
11280,2026-10-08T00:57:54,2026-10-08T00:38:48,Chaos Core,733000,733000,1,,737992
11281,2026-10-08T01:04:19,2026-10-08T00:38:48,Chaos Core,726546,11624736,16,,737993
11282,2026-10-08T01:04:43,2026-10-08T00:38:48,Chaos Core,733000,1466000,2,,737993
11283,2026-10-08T01:11:03,2026-10-08T00:38:48,Chaos Core,726546,69021870,95,,737992
11284,2026-10-08T01:11:29,2026-10-08T00:38:48,Chaos Core,733000,733000,1,,737992
11285,2026-10-08T01:14:45,2026-10-08T00:38:48,Chaos Core,726546,150395022,207,,737989
11286,2026-10-08T01:20:06,2026-10-08T00:38:48,Force Core Set (High) X 59,156131,9211729,59,,165000
11287,2026-10-08T01:20:10,2026-10-08T00:38:48,Force Core Set (High) X 100,156131,15613100,100,,165000
11288,2026-10-08T01:20:15,2026-10-08T00:38:48,Force Core Set (High) X 147,156131,22951257,147,,165000
11289,2026-10-08T01:21:20,2026-10-08T00:38:48,Upgrade Core Set (Ultimate) X 18,439814,7916652,18,,504725
11290,2026-10-08T01:31:37,2026-10-08T00:38:48,Force Core Set (High) X 8,156136,1249088,8,,165000
11291,2026-10-08T01:31:44,2026-10-08T00:38:48,Force Core Set (High) X 21,156136,3278856,21,,165000
11292,2026-10-08T01:54:57,2026-10-08T00:38:48,Force Core Set (Highest) X 47,188674,8867678,47,,194989
11293,2026-10-08T01:55:04,2026-10-08T00:38:48,Force Core Set (Highest) X 49,188674,9245026,49,,194989
11294,2026-10-08T01:55:46,2026-10-08T00:38:48,Force Core Set (Highest) X 93,188674,17546682,93,,194989
11295,2026-10-08T01:55:53,2026-10-08T00:38:48,Force Core Set (Highest) X 4,188675,754700,4,,194989
11296,2026-10-08T01:56:38,2026-10-08T00:38:48,Force Core Set (Highest) X 10,188675,37735000,200,,194986
11297,2026-10-08T02:04:37,2026-10-08T00:38:48,Force Core Set (High) X 62,156132,9680184,62,,165000
11298,2026-10-08T02:04:42,2026-10-08T00:38:48,Force Core Set (High) X 92,156132,14364144,92,,165000
11299,2026-10-08T02:04:46,2026-10-08T00:38:48,Force Core Set (High) X 281,156132,43873092,281,,165000
11300,2026-10-08T02:08:32,2026-10-08T00:38:48,Chaos Core,726546,97357164,134,,739248
11301,2026-10-08T02:08:42,2026-10-08T00:38:48,Chaos Core,726546,83552790,115,,739248
11302,2026-10-08T02:14:27,2026-10-08T00:38:48,Chaos Core,726546,21796380,30,,739242
11303,2026-10-08T02:14:35,2026-10-08T00:38:48,Chaos Core,726546,159113574,219,,739242
11304,2026-10-08T02:17:48,2026-10-08T00:38:48,Chaos Core,726546,44319306,61,,739239
11305,2026-10-08T02:18:00,2026-10-08T00:38:48,Chaos Core,739000,1478000,2,,739239
11306,2026-10-08T02:34:00,2026-10-08T00:38:48,Chaos Core,734000,28626000,39,,739226
11307,2026-10-08T02:35:44,2026-10-08T00:38:48,Chaos Core,734000,182766000,249,,739224
11308,2026-10-08T02:38:00,2026-10-08T00:38:48,Chaos Core,734000,127716000,174,,739221
11309,2026-10-08T03:18:59,2026-10-08T00:38:48,Chaos Core,729999,17519976,24,,739143
11310,2026-10-08T03:21:42,2026-10-08T00:38:48,Chaos Core,729000,69984000,96,,739142
11311,2026-10-08T03:30:34,2026-10-08T03:25:57,Chaos Core,729000,10206000,14,,739124
11312,2026-10-08T03:31:02,2026-10-08T03:25:57,Chaos Core,735000,2940000,4,,739124
11313,2026-10-08T04:11:32,2026-10-08T03:25:57,Chaos Core,732000,92964000,127,,739047
11314,2026-10-08T04:11:50,2026-10-08T03:25:57,Chaos Core,732000,89304000,122,,739047
11315,2026-10-08T04:14:10,2026-10-08T03:25:57,Chaos Core,726666,33426636,46,,739045
11316,2026-10-08T04:14:16,2026-10-08T03:25:57,Chaos Core,726666,23253312,32,,739045
11317,2026-10-08T04:14:44,2026-10-08T03:25:57,Chaos Core,732000,90036000,123,,739045
11318,2026-10-08T04:15:52,2026-10-08T03:25:57,Chaos Core,726666,34879968,48,,739044
11319,2026-10-08T04:16:01,2026-10-08T03:25:57,Chaos Core,726666,19619982,27,,739044
11320,2026-10-08T04:16:19,2026-10-08T03:25:57,Chaos Core,732000,9516000,13,,739044
11321,2026-10-08T04:16:38,2026-10-08T03:25:57,Chaos Core,732000,56364000,77,,739044
11322,2026-10-08T04:19:15,2026-10-08T03:25:57,Chaos Core,726665,31973260,44,,739039
11323,2026-10-08T04:19:25,2026-10-08T03:25:57,Chaos Core,726665,82839810,114,,739039
11324,2026-10-08T04:19:29,2026-10-08T03:25:57,Chaos Core,726665,726665,1,,739039
11325,2026-10-08T04:23:57,2026-10-08T03:25:57,Siena's Unbinding Stone,79800000,79800000,1,,
11326,2026-10-08T04:28:08,2026-10-08T03:25:57,Force Core Set (High) X 318,156054,49625172,318,,165000
11327,2026-10-08T04:29:16,2026-10-08T03:25:57,Force Core Set (High) X 382,156054,59612628,382,,165000
11328,2026-10-08T04:33:28,2026-10-08T03:25:57,Chaos Core,726665,6539985,9,,739007
11329,2026-10-08T04:33:37,2026-10-08T03:25:57,Chaos Core,726665,9446645,13,,739007
11330,2026-10-08T04:33:47,2026-10-08T03:25:57,Chaos Core,726665,28339935,39,,739007
11331,2026-10-08T04:33:58,2026-10-08T03:25:57,Chaos Core,726665,28339935,39,,739007
11332,2026-10-08T04:35:01,2026-10-08T03:25:57,Chaos Core,726665,21073285,29,,739007
11333,2026-10-08T04:35:10,2026-10-08T03:25:57,Chaos Core,726665,21073285,29,,739007
11334,2026-10-08T04:35:22,2026-10-08T03:25:57,Chaos Core,726665,726665,1,,739007
11335,2026-10-08T05:31:17,2026-10-08T03:25:57,Upgrade Core Set (Ultimate) X 31,438888,13605528,31,,499863
11336,2026-10-08T05:38:26,2026-10-08T03:25:57,Upgrade Core Set (Ultimate) X 334,438888,146588592,334,,499859
11337,2026-10-08T05:45:29,2026-10-08T03:25:57,Force Core Set (High) X 25,156133,3903325,25,,164999
11338,2026-10-08T05:45:54,2026-10-08T03:25:57,Force Core Set (High) X 69,156136,10773384,69,,164999
11339,2026-10-08T05:46:36,2026-10-08T03:25:57,Force Core Set (High) X 71,156136,11085656,71,,164999
11340,2026-10-08T05:46:43,2026-10-08T03:25:57,Force Core Set (High) X 100,156136,31227200,200,,164999
11341,2026-10-08T05:50:19,2026-10-08T03:25:57,Arionell,285000000,285000000,1,,
11342,2026-10-08T05:53:20,2026-10-08T03:25:57,Chaos Core,720000,153360000,213,,738814
11343,2026-10-08T05:57:53,2026-10-08T03:25:57,Blessing Bead - Superior,174363000,174363000,1,,
11344,2026-10-08T06:05:15,2026-10-08T03:25:57,Chaos Core,719999,71279901,99,,738785
11345,2026-10-08T06:05:23,2026-10-08T03:25:57,Chaos Core,720000,20160000,28,,738785
11346,2026-10-08T06:05:34,2026-10-08T03:25:57,Chaos Core,720000,82080000,114,,738785
11347,2026-10-08T06:05:46,2026-10-08T03:25:57,Chaos Core,720000,1440000,2,,738785
11348,2026-10-08T06:08:02,2026-10-08T03:25:57,Yekaterina VIP Membership,119700000,119700000,1,,
11349,2026-10-08T06:21:11,2026-10-08T03:25:57,Yekaterina VIP Membership,114000000,114000000,1,,
11350,2026-10-08T07:04:34,2026-10-08T03:25:57,Chaos Core,719900,179255100,249,,728803
11351,2026-10-08T07:44:10,2026-10-08T03:25:57,Armor Account bind Unseal Stone,199500000,199500000,1,,
11352,2026-10-08T07:48:52,2026-10-08T03:25:57,Upgrade Core Set (Ultimate) X 47,457762,21514814,47,,479989
11353,2026-10-08T08:18:52,2026-10-08T03:25:57,Upgrade Core Set (Ultimate) X 5,457762,2288810,5,,479957
11354,2026-10-08T08:29:46,2026-10-08T03:25:57,Upgrade Core Set (Ultimate) X 75,457762,34332150,75,,479950
11355,2026-10-08T08:35:39,2026-10-08T03:25:57,Upgrade Core Set (Ultimate) X 29,457762,13275098,29,,479942
11356,2026-10-08T08:35:44,2026-10-08T03:25:57,Upgrade Core Set (Ultimate) X 33,457762,15106146,33,,479942
11357,2026-10-08T08:35:48,2026-10-08T03:25:57,Upgrade Core Set (Ultimate) X 63,457762,28839006,63,,479942
11358,2026-10-08T08:46:59,2026-10-08T03:25:57,Upgrade Core Set (Ultimate) X 39,457761,17852715,39,,479929
11359,2026-10-08T08:47:04,2026-10-08T03:25:57,Upgrade Core Set (Ultimate) X 124,457761,56762364,124,,479929
11360,2026-10-08T08:48:42,2026-10-08T03:25:57,Chaos Core,726546,10171644,14,,738900
11361,2026-10-08T08:49:40,2026-10-08T03:25:57,Chaos Core,726540,69747840,96,,738900
11362,2026-10-08T08:49:51,2026-10-08T03:25:57,Chaos Core,726546,35600754,49,,738900
11363,2026-10-08T08:50:56,2026-10-08T03:25:57,Chaos Core,726546,12351282,17,,738899
11364,2026-10-08T08:51:15,2026-10-08T03:25:57,Chaos Core,726540,168557280,232,,738899
11365,2026-10-08T08:52:23,2026-10-08T03:25:57,Chaos Core,720000,54720000,76,,738898
11366,2026-10-08T08:52:34,2026-10-08T03:25:57,Chaos Core,720000,124560000,173,,738898
11367,2026-10-08T08:53:42,2026-10-08T03:25:57,Chaos Core,720000,131040000,182,,738897
11368,2026-10-08T08:53:50,2026-10-08T03:25:57,Chaos Core,726546,726546,1,,738897
11369,2026-10-08T08:54:53,2026-10-08T03:25:57,Chaos Core,720000,82080000,114,,738898
11370,2026-10-08T08:54:58,2026-10-08T03:25:57,Chaos Core,720000,6480000,9,,738898
11371,2026-10-08T08:55:12,2026-10-08T03:25:57,Chaos Core,726546,23976018,33,,738898
11372,2026-10-08T08:57:19,2026-10-08T03:25:57,Chaos Core,726546,71928054,99,,738897
11373,2026-10-08T08:57:36,2026-10-08T03:25:57,Chaos Core,726546,23249472,32,,738897
11374,2026-10-08T08:57:49,2026-10-08T03:25:57,Chaos Core,726546,76287330,105,,738897
11375,2026-10-08T08:58:05,2026-10-08T03:25:57,Chaos Core,726546,726546,1,,738897
11376,2026-10-08T08:59:18,2026-10-08T03:25:57,Chaos Core,726546,63936048,88,,738899
11377,2026-10-08T08:59:33,2026-10-08T03:25:57,Chaos Core,726546,76287330,105,,738899
11378,2026-10-08T08:59:53,2026-10-08T03:25:57,Chaos Core,726546,1453092,2,,738899
11379,2026-10-08T09:04:45,2026-10-08T03:25:57,Chaos Core,725000,45675000,63,,738900
11380,2026-10-08T09:04:55,2026-10-08T03:25:57,Chaos Core,725000,82650000,114,,738900
11381,2026-10-08T09:06:09,2026-10-08T03:25:57,Chaos Core,726546,1453092,2,,738899
11382,2026-10-08T09:06:32,2026-10-08T03:25:57,Chaos Core,726546,2906184,4,,738899
11383,2026-10-08T09:06:49,2026-10-08T03:25:57,Chaos Core,729990,94898700,130,,738899
11384,2026-10-08T09:07:01,2026-10-08T03:25:57,Chaos Core,729990,82488870,113,,738899
11385,2026-10-08T09:08:36,2026-10-08T03:25:57,Chaos Core,729990,15329790,21,,738900
11386,2026-10-08T09:08:42,2026-10-08T03:25:57,Chaos Core,729990,33579540,46,,738900
11387,2026-10-08T09:08:48,2026-10-08T03:25:57,Chaos Core,729990,10219860,14,,738900
11388,2026-10-08T09:08:58,2026-10-08T03:25:57,Chaos Core,730000,54020000,74,,738900
11389,2026-10-08T09:09:07,2026-10-08T03:25:57,Chaos Core,730000,730000,1,,738900
11390,2026-10-08T09:10:18,2026-10-08T03:25:57,Chaos Core,729990,121908330,167,,738897
11391,2026-10-08T09:10:28,2026-10-08T03:25:57,Chaos Core,730000,730000,1,,738897
11392,2026-10-08T09:11:49,2026-10-08T03:25:57,Chaos Core,729990,43069410,59,,738896
11393,2026-10-08T09:12:46,2026-10-08T03:25:57,Chaos Core,729990,124098300,170,,738896
11394,2026-10-08T09:12:55,2026-10-08T03:25:57,Chaos Core,729990,1459980,2,,738896
11395,2026-10-08T09:14:33,2026-10-08T03:25:57,Chaos Core,729990,138698100,190,,738895
11396,2026-10-08T09:14:42,2026-10-08T03:25:57,Chaos Core,729990,1459980,2,,738895
11397,2026-10-08T09:15:51,2026-10-08T03:25:57,Chaos Core,729990,20439720,28,,738894
11398,2026-10-08T09:15:59,2026-10-08T03:25:57,Chaos Core,729990,126288270,173,,738894
11399,2026-10-08T09:21:58,2026-10-08T03:25:57,Chaos Core,729990,96358680,132,,738897
11400,2026-10-08T09:22:08,2026-10-08T03:25:57,Chaos Core,729990,85408830,117,,738897
11401,2026-10-08T09:23:24,2026-10-08T03:25:57,Chaos Core,729990,18249750,25,,738896
11402,2026-10-08T09:24:20,2026-10-08T03:25:57,Chaos Core,729900,14598000,20,,738896
11403,2026-10-08T09:24:29,2026-10-08T03:25:57,Chaos Core,729990,26279640,36,,738896
11404,2026-10-08T09:24:41,2026-10-08T03:25:57,Chaos Core,729990,97088670,133,,738896
11405,2026-10-08T09:24:53,2026-10-08T03:25:57,Chaos Core,729990,1459980,2,,738896
11406,2026-10-08T09:26:32,2026-10-08T03:25:57,Chaos Core,729900,60581700,83,,738899
11407,2026-10-08T09:26:41,2026-10-08T03:25:57,Chaos Core,729900,50363100,69,,738899
11408,2026-10-08T09:26:50,2026-10-08T03:25:57,Chaos Core,729900,729900,1,,738899
11409,2026-10-08T09:28:04,2026-10-08T03:25:57,Chaos Core,729900,66420900,91,,738898
11410,2026-10-08T09:28:23,2026-10-08T03:25:57,Chaos Core,729990,115338420,158,,738898
11411,2026-10-08T09:29:47,2026-10-08T03:25:57,Chaos Core,729990,2189970,3,,738898
11412,2026-10-08T09:30:06,2026-10-08T03:25:57,Chaos Core,729990,3649950,5,,738898
11413,2026-10-08T09:30:24,2026-10-08T03:25:57,Chaos Core,729990,729990,1,,738898
11414,2026-10-08T09:30:43,2026-10-08T03:25:57,Chaos Core,729990,729990,1,,738898
11415,2026-10-08T09:31:02,2026-10-08T03:25:57,Chaos Core,729990,729990,1,,738898
11416,2026-10-08T09:31:21,2026-10-08T03:25:57,Chaos Core,730000,730000,1,,738898
11417,2026-10-08T09:31:40,2026-10-08T03:25:57,Chaos Core,730000,10950000,15,,738898
11418,2026-10-08T09:32:00,2026-10-08T03:25:57,Chaos Core,730000,16790000,23,,738898
11419,2026-10-08T09:32:20,2026-10-08T03:25:57,Chaos Core,730000,11680000,16,,738898
11420,2026-10-08T09:32:41,2026-10-08T03:25:57,Chaos Core,730000,70080000,96,,738898
11421,2026-10-08T09:36:07,2026-10-08T03:25:57,Chaos Core,729800,18245000,25,,738897
11422,2026-10-08T09:36:18,2026-10-08T03:25:57,Chaos Core,729900,99266400,136,,738897
11423,2026-10-08T09:36:31,2026-10-08T03:25:57,Chaos Core,729900,64231200,88,,738897
11424,2026-10-08T09:37:47,2026-10-08T03:25:57,Chaos Core,729800,30651600,42,,738896
11425,2026-10-08T09:37:57,2026-10-08T03:25:57,Chaos Core,729800,126985200,174,,738896
11426,2026-10-08T09:41:44,2026-10-08T03:25:57,Siena's Unbinding Stone,79800000,79800000,1,,
11427,2026-10-08T09:46:04,2026-10-08T03:25:57,Upgrade Core Set (Ultimate) X 10,441666,88333200,200,,479928
11428,2026-10-08T09:46:45,2026-10-08T03:25:57,Upgrade Core Set (Ultimate) X 10,441666,88333200,200,,479927
11429,2026-10-08T09:47:27,2026-10-08T03:25:57,Upgrade Core Set (Ultimate) X 10,441666,75083220,170,,479927
11430,2026-10-08T09:47:32,2026-10-08T03:25:57,Upgrade Core Set (Ultimate) X 13,441666,5741658,13,,479927
11431,2026-10-08T09:47:36,2026-10-08T03:25:57,Upgrade Core Set (Ultimate) X 19,441666,8391654,19,,479927
11432,2026-10-08T09:49:09,2026-10-08T03:25:57,Chaos Core,729800,43058200,59,,738898
11433,2026-10-08T09:49:19,2026-10-08T03:25:57,Chaos Core,729800,2189400,3,,738898
11434,2026-10-08T09:49:37,2026-10-08T03:25:57,Chaos Core,729900,15327900,21,,738898
11435,2026-10-08T09:51:35,2026-10-08T03:25:57,Chaos Core,731899,731899,1,,738898
11436,2026-10-08T09:52:45,2026-10-08T03:25:57,Chaos Core,729900,729900,1,,738898
11437,2026-10-08T09:53:15,2026-10-08T03:25:57,Chaos Core,731900,55624400,76,,738898
11438,2026-10-08T09:53:35,2026-10-08T03:25:57,Chaos Core,731899,81972688,112,,738898
11439,2026-10-08T09:54:40,2026-10-08T03:25:57,Chaos Core,729800,145230200,199,,738895
11440,2026-10-08T09:55:00,2026-10-08T03:25:57,Chaos Core,729900,729900,1,,738895
11441,2026-10-08T09:55:04,2026-10-08T03:25:57,Chaos Core,729800,729800,1,,738895
11442,2026-10-08T09:56:11,2026-10-08T03:25:57,Chaos Core,729800,44517800,61,,738892
11443,2026-10-08T09:56:47,2026-10-08T03:25:57,Chaos Core,729999,11679984,16,,738892
11444,2026-10-08T09:57:25,2026-10-08T03:25:57,Chaos Core,732000,5124000,7,,738892
11445,2026-10-08T10:03:34,2026-10-08T03:25:57,Force Core Set (High) X 26,155641,4046666,26,,164998
11446,2026-10-08T10:03:39,2026-10-08T03:25:57,Force Core Set (High) X 51,155641,7937691,51,,164998
11447,2026-10-08T10:03:44,2026-10-08T03:25:57,Force Core Set (High) X 75,155641,11673075,75,,164998
11448,2026-10-08T10:03:48,2026-10-08T03:25:57,Force Core Set (High) X 81,155641,12607001,81,,164998
11449,2026-10-08T10:05:25,2026-10-08T03:25:57,Chaos Core,733000,46912000,64,,738900
11450,2026-10-08T10:05:37,2026-10-08T03:25:57,Chaos Core,734000,1468000,2,,738900
11451,2026-10-08T10:10:16,2026-10-08T03:25:57,Force Core Set (High) X 12,147391,1768692,12,,164998
11452,2026-10-08T10:10:22,2026-10-08T03:25:57,Force Core Set (High) X 230,147391,33900000,230,,164998
11453,2026-10-08T10:21:24,2026-10-08T03:25:57,Chaos Core,726546,34147662,47,,738900
11454,2026-10-08T10:21:45,2026-10-08T03:25:57,Chaos Core,726540,726540,1,,738900
11455,2026-10-08T10:44:42,2026-10-08T03:25:57,Yekaterina VIP Membership,114000000,114000000,1,,
11456,2026-10-08T10:56:45,2026-10-08T03:25:57,Chaos Core,726546,172917948,238,,738900
11457,2026-10-08T10:56:51,2026-10-08T03:25:57,Chaos Core,726546,1453092,2,,738900
11458,2026-10-08T10:58:06,2026-10-08T03:25:57,Chaos Core,726546,5085822,7,,738898
11459,2026-10-08T10:58:18,2026-10-08T03:25:57,Chaos Core,726546,2179638,3,,738898
11460,2026-10-08T10:58:52,2026-10-08T03:25:57,Chaos Core,733997,5871976,8,,738898
11461,2026-10-08T11:18:59,2026-10-08T03:25:57,Chaos Core,735000,127890000,174,,770770
11462,2026-10-08T11:20:02,2026-10-08T03:25:57,Chaos Core,735000,69825000,95,,770769
11463,2026-10-08T11:20:08,2026-10-08T03:25:57,Chaos Core,735000,34545000,47,,770769
11464,2026-10-08T11:20:19,2026-10-08T03:25:57,Chaos Core,735000,47775000,65,,770769
11465,2026-10-08T11:21:27,2026-10-08T03:25:57,Chaos Core,735000,83790000,114,,770767
11466,2026-10-08T11:22:25,2026-10-08T03:25:57,Chaos Core,735000,35280000,48,,770767
11467,2026-10-08T11:23:37,2026-10-08T03:25:57,Chaos Core,735000,30135000,41,,775282
11468,2026-10-08T11:23:49,2026-10-08T03:25:57,Chaos Core,735000,83790000,114,,775282
11469,2026-10-08T11:24:00,2026-10-08T03:25:57,Chaos Core,735000,735000,1,,775282
11470,2026-10-08T11:25:04,2026-10-08T03:25:57,Chaos Core,735000,116865000,159,,775280
11471,2026-10-08T11:25:23,2026-10-08T03:25:57,Chaos Core,735000,66150000,90,,775280
11472,2026-10-08T11:26:29,2026-10-08T03:25:57,Upgrade Core Set (Ultimate) X 1,487209,70158096,144,,499000
11473,2026-10-08T11:26:35,2026-10-08T03:25:57,Upgrade Core Set (Ultimate) X 1,487209,27283704,56,,499000
11474,2026-10-08T11:27:19,2026-10-08T03:25:57,Upgrade Core Set (Ultimate) X 1,487209,94518546,194,,498999
11475,2026-10-08T11:27:25,2026-10-08T03:25:57,Upgrade Core Set (Ultimate) X 1,487209,2923254,6,,498999
11476,2026-10-08T11:28:09,2026-10-08T03:25:57,Upgrade Core Set (Ultimate) X 1,487209,97441800,200,,498999
11477,2026-10-08T11:29:46,2026-10-08T03:25:57,Chaos Core,735000,19110000,26,,775198
11478,2026-10-08T11:29:55,2026-10-08T03:25:57,Chaos Core,735000,54390000,74,,775198
11479,2026-10-08T11:30:22,2026-10-08T03:25:57,Chaos Core,740000,105820000,143,,775198
11480,2026-10-08T11:32:53,2026-10-08T03:25:57,Chaos Core,725000,5075000,7,,775284
11481,2026-10-08T11:33:04,2026-10-08T03:25:57,Chaos Core,730000,114610000,157,,775284
11482,2026-10-08T11:33:22,2026-10-08T03:25:57,Chaos Core,740000,740000,1,,775284
11483,2026-10-08T11:34:29,2026-10-08T03:25:57,Chaos Core,726546,172191402,237,,775198
11484,2026-10-08T11:35:37,2026-10-08T03:25:57,Chaos Core,723000,39042000,54,,775283
11485,2026-10-08T11:37:06,2026-10-08T03:25:57,Chaos Core,739999,739999,1,,775283
11486,2026-10-08T11:37:42,2026-10-08T03:25:57,Chaos Core,740000,740000,1,,775283
11487,2026-10-08T11:37:54,2026-10-08T03:25:57,Chaos Core,740000,79180000,107,,775283
11488,2026-10-08T11:38:00,2026-10-08T03:25:57,Chaos Core,730000,1460000,2,,775283
11489,2026-10-08T11:39:10,2026-10-08T03:25:57,Force Core Set (High) X 1,113636,113636,1,,165000
11490,2026-10-08T11:39:15,2026-10-08T03:25:57,Force Core Set (High) X 27,113636,3068172,27,,165000
11491,2026-10-08T11:39:20,2026-10-08T03:25:57,Force Core Set (High) X 44,113636,5000000,44,,165000
11492,2026-10-08T11:39:24,2026-10-08T03:25:57,Force Core Set (High) X 46,113636,5227256,46,,165000
11493,2026-10-08T11:39:29,2026-10-08T03:25:57,Force Core Set (High) X 1,151897,151897,1,,165000
11494,2026-10-08T11:40:11,2026-10-08T03:25:57,Force Core Set (High) X 1,151897,759485,5,,165000
11495,2026-10-08T11:40:15,2026-10-08T03:25:57,Force Core Set (High) X 5,151897,759485,5,,165000
11496,2026-10-08T11:40:20,2026-10-08T03:25:57,Force Core Set (High) X 16,151897,2430352,16,,165000
11497,2026-10-08T11:40:24,2026-10-08T03:25:57,Force Core Set (High) X 27,151897,4101219,27,,165000
11498,2026-10-08T11:40:29,2026-10-08T03:25:57,Force Core Set (High) X 30,151897,4556910,30,,165000
11499,2026-10-08T11:42:02,2026-10-08T03:25:57,Chaos Core,740000,28860000,39,,775284
11500,2026-10-08T11:43:43,2026-10-08T03:25:57,Chaos Core,735000,32340000,44,,775284
11501,2026-10-08T11:44:03,2026-10-08T03:25:57,Chaos Core,740000,740000,1,,775284
11502,2026-10-08T11:44:23,2026-10-08T03:25:57,Chaos Core,740000,8140000,11,,775284
11503,2026-10-08T11:44:53,2026-10-08T03:25:57,Chaos Core,740000,142820000,193,,775284
11504,2026-10-08T11:56:00,2026-10-08T03:25:57,Chaos Core,745000,6705000,9,,772992
11505,2026-10-08T11:56:11,2026-10-08T03:25:57,Chaos Core,745000,109515000,147,,772992
11506,2026-10-08T12:26:38,2026-10-08T12:00:12,Chaos Core,743500,142752000,192,,771985
11507,2026-10-08T13:54:40,2026-10-08T13:46:49,Yekaterina VIP Membership,114000000,114000000,1,,
11508,2026-10-08T13:58:15,2026-10-08T13:46:49,Force Core Set (High) X 1,151175,30235000,200,,165000
11509,2026-10-08T13:58:58,2026-10-08T13:46:49,Force Core Set (High) X 1,151175,7558750,50,,165000
11510,2026-10-08T13:59:06,2026-10-08T13:46:49,Force Core Set (High) X 1,151175,22676250,150,,165000
11511,2026-10-08T14:01:39,2026-10-08T13:46:49,Chaos Core,726544,66115504,91,,741387
11512,2026-10-08T14:01:50,2026-10-08T13:46:49,Chaos Core,726544,114793952,158,,741387
11513,2026-10-08T14:04:56,2026-10-08T13:46:49,Chaos Core,726544,63209328,87,,741383
11514,2026-10-08T14:05:09,2026-10-08T13:46:49,Chaos Core,726546,117700452,162,,741383
11515,2026-10-08T14:06:24,2026-10-08T13:46:49,Chaos Core,726546,63209502,87,,741379
11516,2026-10-08T14:07:32,2026-10-08T13:46:49,Chaos Core,726546,180909954,249,,741378
11517,2026-10-08T14:14:17,2026-10-08T13:46:49,Chaos Core,730000,86870000,119,,741364
11518,2026-10-08T14:14:24,2026-10-08T13:46:49,Chaos Core,730000,94900000,130,,741364
11519,2026-10-08T14:16:17,2026-10-08T13:46:49,Chaos Core,730000,59860000,82,,741359
11520,2026-10-08T14:16:38,2026-10-08T13:46:49,Chaos Core,730000,1460000,2,,741359
11521,2026-10-08T14:17:42,2026-10-08T13:46:49,Chaos Core,730000,63510000,87,,741357
11522,2026-10-08T14:17:51,2026-10-08T13:46:49,Chaos Core,730000,40150000,55,,741357
11523,2026-10-08T14:18:03,2026-10-08T13:46:49,Chaos Core,730000,55480000,76,,741357
11524,2026-10-08T14:18:15,2026-10-08T13:46:49,Chaos Core,730000,730000,1,,741357
11525,2026-10-08T14:20:32,2026-10-08T13:46:49,Force Core Set (High) X 1,151175,15117500,100,,165000
11526,2026-10-08T14:20:38,2026-10-08T13:46:49,Force Core Set (High) X 1,151175,15117500,100,,165000
11527,2026-10-08T14:25:55,2026-10-08T13:46:49,Chaos Core,726545,7265450,10,,741341
11528,2026-10-08T14:26:04,2026-10-08T13:46:49,Chaos Core,726546,53037858,73,,741341
11529,2026-10-08T14:26:12,2026-10-08T13:46:49,Chaos Core,726545,101716300,140,,741341
11530,2026-10-08T14:26:42,2026-10-08T13:46:49,Chaos Core,730000,1460000,2,,741341
11531,2026-10-08T14:27:57,2026-10-08T13:46:49,Chaos Core,730000,178850000,245,,741340
11532,2026-10-08T14:28:12,2026-10-08T13:46:49,Chaos Core,730000,730000,1,,741340
11533,2026-10-08T14:30:30,2026-10-08T13:46:49,Chaos Core,726540,103168680,142,,741332
11534,2026-10-08T14:30:44,2026-10-08T13:46:49,Chaos Core,730000,51100000,70,,741332
11535,2026-10-08T14:31:04,2026-10-08T13:46:49,Chaos Core,730000,730000,1,,741332
11536,2026-10-08T14:57:58,2026-10-08T14:53:36,Force Core Set (High) X 1,151175,30235000,200,,165000
11537,2026-10-08T14:58:46,2026-10-08T14:53:36,Blessing Bead - Superior,166060000,166060000,1,,
11538,2026-10-08T15:11:07,2026-10-08T14:53:36,Chaos Core,720000,720000,1,,741265
11539,2026-10-08T15:11:38,2026-10-08T14:53:36,Chaos Core,726540,19616580,27,,741265
11540,2026-10-08T15:11:45,2026-10-08T14:53:36,Chaos Core,726530,17436720,24,,741265
11541,2026-10-08T15:12:02,2026-10-08T14:53:36,Chaos Core,726540,26881980,37,,741265
11542,2026-10-08T15:12:07,2026-10-08T14:53:36,Chaos Core,726530,17436720,24,,741265
11543,2026-10-08T15:12:30,2026-10-08T14:53:36,Chaos Core,726546,726546,1,,741265
11544,2026-10-08T15:12:53,2026-10-08T14:53:36,Chaos Core,730000,730000,1,,741265
11545,2026-10-08T15:13:12,2026-10-08T14:53:36,Chaos Core,730000,730000,1,,741265
11546,2026-10-08T15:13:32,2026-10-08T14:53:36,Chaos Core,730000,730000,1,,741265
11547,2026-10-08T15:13:58,2026-10-08T14:53:36,Chaos Core,730000,730000,1,,741265
11548,2026-10-08T15:14:18,2026-10-08T14:53:36,Chaos Core,730000,4380000,6,,741265
11549,2026-10-08T15:14:43,2026-10-08T14:53:36,Chaos Core,730000,70810000,97,,741265
11550,2026-10-08T15:15:03,2026-10-08T14:53:36,Chaos Core,730000,730000,1,,741265
11551,2026-10-08T15:17:35,2026-10-08T14:53:36,Force Core Set (Highest) X 20,187990,22558800,120,,194777
11552,2026-10-08T15:17:43,2026-10-08T14:53:36,Force Core Set (Highest) X 1,187991,1127946,6,,194777
11553,2026-10-08T15:17:49,2026-10-08T14:53:36,Force Core Set (Highest) X 3,187991,563973,3,,194777
11554,2026-10-08T15:18:32,2026-10-08T14:53:36,Force Core Set (Highest) X 1,187990,4887740,26,,194776
11555,2026-10-08T15:18:38,2026-10-08T14:53:36,Force Core Set (Highest) X 3,187991,563973,3,,194776
11556,2026-10-08T15:18:46,2026-10-08T14:53:36,Force Core Set (Highest) X 10,187991,30078560,160,,194776
11557,2026-10-08T15:19:29,2026-10-08T14:53:36,Force Core Set (Highest) X 15,187991,2819865,15,,194776
11558,2026-10-08T15:19:36,2026-10-08T14:53:36,Force Core Set (Highest) X 25,187991,4699775,25,,194776
11559,2026-10-08T15:21:32,2026-10-08T14:53:36,Chaos Core,730000,730000,1,,741256
11560,2026-10-08T15:21:39,2026-10-08T14:53:36,Chaos Core,723333,29656653,41,,741256
11561,2026-10-08T15:21:47,2026-10-08T14:53:36,Chaos Core,723333,78119964,108,,741256
11562,2026-10-08T15:25:13,2026-10-08T14:53:36,Armor Account bind Seal Stone,187500000,187500000,1,,
11563,2026-10-08T15:37:03,2026-10-08T14:53:36,Armor Account bind Unseal Stone,190000000,190000000,1,,
11564,2026-10-08T15:44:38,2026-10-08T14:53:36,Chaos Core,730000,59860000,82,,741233
11565,2026-10-08T15:44:50,2026-10-08T14:53:36,Chaos Core,730000,121910000,167,,741233
11566,2026-10-08T15:46:07,2026-10-08T14:53:36,Chaos Core,735000,15435000,21,,741232
11567,2026-10-08T15:51:10,2026-10-08T14:53:36,Chaos Core,730000,51830000,71,,741223
11568,2026-10-08T15:51:20,2026-10-08T14:53:36,Chaos Core,730000,83220000,114,,741223
11569,2026-10-08T15:51:29,2026-10-08T14:53:36,Chaos Core,730000,730000,1,,741223
11570,2026-10-08T15:53:49,2026-10-08T14:53:36,Chaos Core,730000,104390000,143,,741219
11571,2026-10-08T15:53:56,2026-10-08T14:53:36,Chaos Core,730000,6570000,9,,741219
11572,2026-10-08T15:54:22,2026-10-08T14:53:36,Chaos Core,740000,740000,1,,741219
11573,2026-10-08T16:45:09,2026-10-08T14:53:36,Armor Account bind Unseal Stone,190000000,190000000,1,,
11574,2026-10-08T16:49:31,2026-10-08T14:53:36,Force Core Set (Highest) X 414,187991,77828274,414,,194673
11575,2026-10-08T16:56:26,2026-10-08T14:53:36,Chaos Core,726546,39233484,54,,741262
11576,2026-10-08T17:05:57,2026-10-08T14:53:36,Chaos Core,726546,82826244,114,,741255
11577,2026-10-08T17:06:27,2026-10-08T14:53:36,Chaos Core,726546,98083710,135,,741255
11578,2026-10-08T17:07:48,2026-10-08T14:53:36,Chaos Core,726898,82866372,114,,741253
11579,2026-10-08T17:07:55,2026-10-08T14:53:36,Chaos Core,726546,18163650,25,,741253
11580,2026-10-08T17:08:04,2026-10-08T14:53:36,Chaos Core,726546,36327300,50,,741253
11581,2026-10-08T17:09:09,2026-10-08T14:53:36,Chaos Core,726546,6538914,9,,741252
11582,2026-10-08T17:09:30,2026-10-08T14:53:36,Chaos Core,726898,82139474,113,,741252
11583,2026-10-08T17:10:11,2026-10-08T14:53:36,Chaos Core,726898,726898,1,,741252
11584,2026-10-08T17:11:21,2026-10-08T14:53:36,Chaos Core,726898,49429064,68,,741248
11585,2026-10-08T17:12:04,2026-10-08T14:53:36,Chaos Core,745000,745000,1,,741248
11586,2026-10-08T17:12:57,2026-10-08T14:53:36,Chaos Core,726546,11624736,16,,741245
11587,2026-10-08T17:13:33,2026-10-08T14:53:36,Chaos Core,749998,1499996,2,,741245
11588,2026-10-08T17:14:24,2026-10-08T14:53:36,Chaos Core,726546,24702564,34,,741239
11589,2026-10-08T17:14:45,2026-10-08T14:53:36,Chaos Core,749998,1499996,2,,741239
11590,2026-10-08T17:22:05,2026-10-08T14:53:36,Yekaterina VIP Membership,114000000,114000000,1,,
11591,2026-10-08T17:30:28,2026-10-08T14:53:36,Chaos Core,726546,23976018,33,,741217
11592,2026-10-08T17:39:00,2026-10-08T14:53:36,Chaos Core,726546,60303318,83,,741203
11593,2026-10-08T17:39:11,2026-10-08T14:53:36,Chaos Core,748000,748000,1,,741203
11594,2026-10-08T17:57:04,2026-10-08T14:53:36,Yekaterina VIP Membership,114000000,114000000,1,,
11595,2026-10-08T18:36:28,2026-10-08T14:53:36,Chaos Core,726898,5088286,7,,741107
11596,2026-10-08T18:36:37,2026-10-08T14:53:36,Chaos Core,726898,16718654,23,,741107
11597,2026-10-08T19:05:09,2026-10-08T14:53:36,Chaos Core,730000,2190000,3,,741192
11598,2026-10-08T19:05:18,2026-10-08T14:53:36,Chaos Core,726898,177363112,244,,741192
11599,2026-10-08T19:05:28,2026-10-08T14:53:36,Chaos Core,735000,1470000,2,,741192
11600,2026-10-08T19:07:05,2026-10-08T14:53:36,Chaos Core,726898,145379600,200,,741192
11601,2026-10-08T19:07:13,2026-10-08T14:53:36,Chaos Core,735000,735000,1,,741192
11602,2026-10-08T19:11:03,2026-10-08T14:53:36,Chaos Core,726898,7268980,10,,741258
11603,2026-10-08T19:11:15,2026-10-08T14:53:36,Chaos Core,726898,173728622,239,,741258
11604,2026-10-08T19:21:46,2026-10-08T14:53:36,Chaos Core,730000,154760000,212,,741248
11605,2026-10-08T19:22:54,2026-10-08T14:53:36,Chaos Core,748000,748000,1,,741248
11606,2026-10-08T19:39:25,2026-10-08T14:53:36,Chaos Core,730000,102200000,140,,741229
11607,2026-10-08T19:39:35,2026-10-08T14:53:36,Chaos Core,730000,79570000,109,,741229
11608,2026-10-08T19:40:45,2026-10-08T14:53:36,Chaos Core,730000,118990000,163,,741227
11609,2026-10-08T19:40:52,2026-10-08T14:53:36,Chaos Core,730000,1460000,2,,741227
11610,2026-10-08T19:48:39,2026-10-08T14:53:36,Chaos Core,730000,97820000,134,,741215
11611,2026-10-08T19:48:57,2026-10-08T14:53:36,Chaos Core,740000,740000,1,,741215
11612,2026-10-08T20:25:26,2026-10-08T14:53:36,Arionell,285000000,285000000,1,,
11613,2026-10-08T20:29:32,2026-10-08T14:53:36,Chaos Core,700000,69300000,99,,740923
11614,2026-10-08T20:31:59,2026-10-08T14:53:36,Chaos Core,730000,83220000,114,,740922
11615,2026-10-08T20:32:16,2026-10-08T14:53:36,Chaos Core,730000,98550000,135,,740922
11616,2026-10-08T20:34:29,2026-10-08T14:53:36,Chaos Core,700000,62300000,89,,740915
11617,2026-10-08T20:35:47,2026-10-08T14:53:36,Chaos Core,730000,730000,1,,740915
11618,2026-10-08T21:06:41,2026-10-08T21:02:51,Yekaterina VIP Membership,114000000,114000000,1,,
11619,2026-10-08T21:08:28,2026-10-08T21:02:51,Force Core Set (High) X 13,151175,1965275,13,,164000
11620,2026-10-08T21:08:33,2026-10-08T21:02:51,Force Core Set (High) X 9,153697,1383273,9,,164000
11621,2026-10-08T21:08:39,2026-10-08T21:02:51,Force Core Set (High) X 230,153697,35350310,230,,164000
11622,2026-10-08T21:09:54,2026-10-08T21:02:51,Force Core Set (High) X 69,153699,10605299,69,,163998
11623,2026-10-08T21:10:00,2026-10-08T21:02:51,Force Core Set (High) X 13,153700,1998100,13,,163998
11624,2026-10-08T21:10:06,2026-10-08T21:02:51,Force Core Set (High) X 15,153700,2305500,15,,163998
11625,2026-10-08T21:10:11,2026-10-08T21:02:51,Force Core Set (High) X 62,153700,9529400,62,,163998
11626,2026-10-08T21:10:16,2026-10-08T21:02:51,Force Core Set (High) X 198,153700,30432600,198,,163998
11627,2026-10-08T21:11:25,2026-10-08T21:02:51,Upgrade Core Set (Ultimate) X 20,465121,9302420,20,,497927
11628,2026-10-08T21:11:31,2026-10-08T21:02:51,Upgrade Core Set (Ultimate) X 119,465121,55349399,119,,497927
11629,2026-10-08T21:12:44,2026-10-08T21:02:51,Force Core Set (Ultimate) X 10,311688,56103840,180,,318998
11630,2026-10-08T21:13:31,2026-10-08T21:02:51,Force Core Set (Ultimate) X 10,311688,56103840,180,,318997
11631,2026-10-08T21:14:17,2026-10-08T21:02:51,Force Core Set (Ultimate) X 10,311688,56103840,180,,318997
11632,2026-10-08T21:16:44,2026-10-08T21:02:51,Epic Booster (Highest),47500000,190000000,4,,
11633,2026-10-08T21:17:27,2026-10-08T21:02:51,Siena's Unbinding Stone,76000000,76000000,1,,
11634,2026-10-08T21:18:52,2026-10-08T21:02:51,Blessing Bead - Superior,166060000,166060000,1,,
11635,2026-10-08T21:22:11,2026-10-08T21:02:51,Chaos Core,726898,82866372,114,,737994
11636,2026-10-08T21:22:17,2026-10-08T21:02:51,Chaos Core,726898,58151840,80,,737994
11637,2026-10-08T21:23:15,2026-10-08T21:02:51,Chaos Core,734998,734998,1,,737994
11638,2026-10-08T21:24:32,2026-10-08T21:02:51,Upgrade Core Set (Ultimate) X 128,480480,61501440,128,,497926
11639,2026-10-08T21:27:24,2026-10-08T21:02:51,Force Core Set (Highest) X 150,166666,25000000,150,,190414
11640,2026-10-08T21:28:10,2026-10-08T21:02:51,Upgrade Core Set (Ultimate) X 87,465121,40465527,87,,497925
11641,2026-10-08T22:13:04,2026-10-08T21:02:51,Chaos Core,730000,62050000,85,,737993
11642,2026-10-08T22:13:16,2026-10-08T21:02:51,Chaos Core,730000,1460000,2,,737993
11643,2026-10-08T22:14:15,2026-10-08T21:02:51,Chaos Core,730000,97820000,134,,737992
11644,2026-10-08T22:16:13,2026-10-08T21:02:51,Chaos Core,734994,734994,1,,737992
11645,2026-10-08T22:30:47,2026-10-08T21:02:51,Force Core Set (Highest) X 115,173913,20000000,115,,190414
11646,2026-10-08T22:59:30,2026-10-08T21:02:51,Epic Booster (Highest),46875000,187500000,4,,
11647,2026-10-08T23:40:23,2026-10-08T21:02:51,Epic Booster (Highest),47500000,190000000,4,,
11648,2026-10-09T00:16:18,2026-10-08T21:02:51,Chaos Core,726000,140118000,193,,738000
11649,2026-10-09T00:16:27,2026-10-08T21:02:51,Chaos Core,726000,1452000,2,,738000
11650,2026-10-09T00:17:34,2026-10-08T21:02:51,Chaos Core,726000,24684000,34,,737999
11651,2026-10-09T00:17:46,2026-10-08T21:02:51,Chaos Core,726000,37752000,52,,737999
11652,2026-10-09T00:17:59,2026-10-08T21:02:51,Chaos Core,726000,21780000,30,,737999
11653,2026-10-09T00:18:12,2026-10-08T21:02:51,Chaos Core,726000,10890000,15,,737999
11654,2026-10-09T00:18:27,2026-10-08T21:02:51,Chaos Core,726000,66792000,92,,737999
11655,2026-10-09T00:18:53,2026-10-08T21:02:51,Chaos Core,726000,1452000,2,,737999
11656,2026-10-09T00:20:02,2026-10-08T21:02:51,Chaos Core,725000,82650000,114,,738000
11657,2026-10-09T00:20:12,2026-10-08T21:02:51,Chaos Core,726000,1452000,2,,738000
11658,2026-10-09T00:20:23,2026-10-08T21:02:51,Chaos Core,726000,96558000,133,,738000
11659,2026-10-09T00:21:37,2026-10-08T21:02:51,Chaos Core,726000,49368000,68,,737998
11660,2026-10-09T00:21:44,2026-10-08T21:02:51,Chaos Core,725000,108025000,149,,737998
11661,2026-10-09T00:21:57,2026-10-08T21:02:51,Chaos Core,726000,1452000,2,,737998
11662,2026-10-09T00:23:04,2026-10-08T21:02:51,Chaos Core,723000,31812000,44,,737997
11663,2026-10-09T00:23:15,2026-10-08T21:02:51,Chaos Core,725000,148625000,205,,737997
11664,2026-10-09T00:46:31,2026-10-09T00:42:37,Chaos Core,723000,24582000,34,,740928
11665,2026-10-09T00:46:44,2026-10-09T00:42:37,Chaos Core,726000,66066000,91,,740928
11666,2026-10-09T00:46:58,2026-10-09T00:42:37,Chaos Core,726000,14520000,20,,740928
11667,2026-10-09T00:47:36,2026-10-09T00:42:37,Chaos Core,726000,75504000,104,,740928
11668,2026-10-09T00:48:57,2026-10-09T00:42:37,Siena's Unbinding Stone,76000000,76000000,1,,
11669,2026-10-09T00:52:00,2026-10-09T00:42:37,Chaos Core,726000,4356000,6,,741257
11670,2026-10-09T00:52:40,2026-10-09T00:42:37,Chaos Core,726898,2180694,3,,741257
11671,2026-10-09T00:52:48,2026-10-09T00:42:37,Chaos Core,726898,6542082,9,,741257
11672,2026-10-09T00:55:14,2026-10-09T00:42:37,Chaos Core,734990,9554870,13,,741258
11673,2026-10-09T00:55:26,2026-10-09T00:42:37,Chaos Core,734990,173457640,236,,741258
11674,2026-10-09T00:56:50,2026-10-09T00:42:37,Chaos Core,734990,9554870,13,,741256
11675,2026-10-09T00:57:04,2026-10-09T00:42:37,Chaos Core,734990,16169780,22,,741256
11676,2026-10-09T00:57:19,2026-10-09T00:42:37,Chaos Core,734990,63209140,86,,741256
11677,2026-10-09T00:57:51,2026-10-09T00:42:37,Chaos Core,734994,94079232,128,,741256
11678,2026-10-09T00:59:11,2026-10-09T00:42:37,Chaos Core,734990,18374750,25,,741258
11679,2026-10-09T00:59:32,2026-10-09T00:42:37,Chaos Core,734994,11759904,16,,741258
11680,2026-10-09T00:59:43,2026-10-09T00:42:37,Chaos Core,734994,16904862,23,,741258
11681,2026-10-09T00:59:50,2026-10-09T00:42:37,Chaos Core,734990,37484490,51,,741258
11682,2026-10-09T01:00:02,2026-10-09T00:42:37,Chaos Core,734994,734994,1,,741258
11683,2026-10-09T01:00:08,2026-10-09T00:42:37,Chaos Core,726898,35618002,49,,741258
11684,2026-10-09T01:01:33,2026-10-09T00:42:37,Chaos Core,734994,2939976,4,,741257
11685,2026-10-09T01:01:57,2026-10-09T00:42:37,Chaos Core,734994,95549220,130,,741257
11686,2026-10-09T01:02:29,2026-10-09T00:42:37,Chaos Core,734994,66149460,90,,741257
11687,2026-10-09T01:02:49,2026-10-09T00:42:37,Chaos Core,734994,734994,1,,741257
11688,2026-10-09T01:08:09,2026-10-09T00:42:37,Chaos Core,734999,16169978,22,,741256
11689,2026-10-09T01:08:20,2026-10-09T00:42:37,Chaos Core,734999,2939996,4,,741256
11690,2026-10-09T01:08:32,2026-10-09T00:42:37,Chaos Core,734999,8819988,12,,741256
11691,2026-10-09T01:08:46,2026-10-09T00:42:37,Chaos Core,734999,26459964,36,,741256
11692,2026-10-09T01:09:20,2026-10-09T00:42:37,Chaos Core,734999,83789886,114,,741256
11693,2026-10-09T01:09:25,2026-10-09T00:42:37,Chaos Core,734998,734998,1,,741256
11694,2026-10-09T01:11:37,2026-10-09T00:42:37,Chaos Core,734998,21314942,29,,741252
11695,2026-10-09T01:11:51,2026-10-09T00:42:37,Chaos Core,734999,67619908,92,,741252
11696,2026-10-09T01:12:09,2026-10-09T00:42:37,Chaos Core,734999,8084989,11,,741252
11697,2026-10-09T01:12:28,2026-10-09T00:42:37,Chaos Core,734999,61004917,83,,741252
11698,2026-10-09T01:12:47,2026-10-09T00:42:37,Chaos Core,735000,735000,1,,741252
11699,2026-10-09T01:14:05,2026-10-09T00:42:37,Chaos Core,734998,33809908,46,,741251
11700,2026-10-09T01:14:28,2026-10-09T00:42:37,Chaos Core,735000,111720000,152,,741251
11701,2026-10-09T01:15:57,2026-10-09T00:42:37,Chaos Core,735000,735000,1,,741247
11702,2026-10-09T01:16:20,2026-10-09T00:42:37,Chaos Core,735000,8085000,11,,741247
11703,2026-10-09T01:16:32,2026-10-09T00:42:37,Chaos Core,735000,174195000,237,,741247
11704,2026-10-09T01:18:01,2026-10-09T00:42:37,Chaos Core,735000,1470000,2,,741244
11705,2026-10-09T01:18:13,2026-10-09T00:42:37,Chaos Core,740000,11840000,16,,741244
11706,2026-10-09T01:20:16,2026-10-09T00:42:37,Force Core Set (High) X 94,153730,14450620,94,,164000
11707,2026-10-09T01:20:21,2026-10-09T00:42:37,Force Core Set (High) X 224,153730,34435520,224,,164000
11708,2026-10-09T01:21:30,2026-10-09T00:42:37,Force Core Set (Ultimate) X 27,306089,8264403,27,,318904
11709,2026-10-09T01:21:37,2026-10-09T00:42:37,Force Core Set (Ultimate) X 1,306090,46831770,153,,318904
11710,2026-10-09T01:25:15,2026-10-09T00:42:37,Epic Booster (Highest),47500000,190000000,4,,
11711,2026-10-09T01:27:03,2026-10-09T00:42:37,Chaos Core,735000,147735000,201,,741240
11712,2026-10-09T01:30:38,2026-10-09T00:42:37,Force Core Set (High) X 419,153730,64412870,419,,163996
11713,2026-10-09T01:52:17,2026-10-09T00:42:37,Chaos Core,726898,34891104,48,,741235
11714,2026-10-09T02:47:17,2026-10-09T00:42:37,Chaos Core,726000,58080000,80,,731055
11715,2026-10-09T02:47:23,2026-10-09T00:42:37,Chaos Core,726000,122694000,169,,731055
11716,2026-10-09T02:50:04,2026-10-09T00:42:37,Chaos Core,726000,104544000,144,,741234
11717,2026-10-09T02:50:15,2026-10-09T00:42:37,Chaos Core,726000,76230000,105,,741234
