id,at,run,item,price,proceeds,qty,note,cost
1,2026-09-18T22:41:31,2026-09-18T21:52:49,Force Core(Highest),224995,2249950,10,,
2,2026-09-18T22:45:42,2026-09-18T21:52:49,Force Gem Package,188999929,188999929,1,,
3,2026-09-18T22:47:35,2026-09-18T21:52:49,Chaos Core Set X 36,730282,26290187,36,,
4,2026-09-18T23:01:15,2026-09-18T21:52:49,Chaos Core Set X 147,730263,107348807,147,,
5,2026-09-18T23:06:43,2026-09-18T21:52:49,Upgrade Core (Ultimate,539772,59914692,111,,
6,2026-09-18T23:29:13,2026-09-18T21:52:49,Force Core(High,207708,2077080,10,,
7,2026-09-18T23:43:48,2026-09-18T21:52:49,Upgrade Core (Ultimate,539744,21050016,39,,
8,2026-09-18T23:56:59,2026-09-18T21:52:49,Force Core(High,207681,6230430,30,,
9,2026-09-18T23:57:47,2026-09-18T21:52:49,Chaos Core Set X 165,730188,120481184,165,,
10,2026-09-18T23:58:11,2026-09-18T21:52:49,Chaos Core Set X 156,730187,113909327,156,,
11,2026-09-18T23:58:35,2026-09-18T21:52:49,Chaos Core Set X 165,730186,120480854,165,,
12,2026-09-19T00:05:26,2026-09-18T21:52:49,Chaos Core Set X 162,730181,118289483,162,,
13,2026-09-19T00:06:49,2026-09-18T21:52:49,Chaos Core Set X 138,730180,100764977,138,,
14,2026-09-19T00:07:56,2026-09-18T21:52:49,Force Core(Highest,224924,46559268,207,,
15,2026-09-19T00:18:57,2026-09-18T21:52:49,Force Core (Ultimate,399919,399919,1,,
16,2026-09-19T00:25:19,2026-09-18T21:52:49,Upgrade Core (Ultimate,539713,2158852,4,,
17,2026-09-19T00:26:28,2026-09-18T21:52:49,Force Core (Ultimate,399916,7998320,20,,
18,2026-09-19T00:30:14,2026-09-18T21:52:49,Force Core(Highest,224915,6072705,27,,
19,2026-09-19T00:50:28,2026-09-18T21:52:49,Force Core(High,206995,9107780,44,,
20,2026-09-19T00:57:22,2026-09-18T21:52:49,Force Core (Ultimate,399907,3999070,10,,
21,2026-09-19T01:09:28,2026-09-18T21:52:49,Force Core(High,206976,2069760,10,,
22,2026-09-19T01:16:16,2026-09-18T21:52:49,Force Core (Ultimate,399892,8397732,21,,
23,2026-09-19T01:21:56,2026-09-18T21:52:49,Force Core(Highest,209977,37795860,180,,
24,2026-09-19T01:41:19,2026-09-18T21:52:49,Force Core(Highest,209956,3989164,19,,
25,2026-09-19T01:47:12,2026-09-18T21:52:49,Force Core(High,206929,14898888,72,,
26,2026-09-19T01:52:44,2026-09-18T21:52:49,Upgrade Core (Ultimate,539646,6475752,12,,
27,2026-09-19T01:55:45,2026-09-18T21:52:49,Force Core(High,206925,41385000,200,,
28,2026-09-19T01:55:50,2026-09-18T21:52:49,Force Core(High,206924,20692400,100,,
29,2026-09-19T01:55:56,2026-09-18T21:52:49,Force Core(High,206923,3517691,17,,
30,2026-09-19T01:56:01,2026-09-18T21:52:49,Force Core(Highest,204995,25624375,125,,
31,2026-09-19T01:58:50,2026-09-18T21:52:49,Force Core(Highest,203225,6096750,30,,
32,2026-09-19T02:07:51,2026-09-18T21:52:49,Chaos Core Set X 162,730058,118269557,162,,
33,2026-09-19T02:08:08,2026-09-18T21:52:49,Chaos Core Set X 147,730057,107318525,147,,
34,2026-09-19T02:08:25,2026-09-18T21:52:49,Chaos Core Set X 138,730056,100747865,138,,
35,2026-09-19T02:08:50,2026-09-18T21:52:49,Chaos Core Set X 144,730055,105128063,144,,
36,2026-09-19T02:12:44,2026-09-18T21:52:49,Upgrade Core (Ultimate,539633,2158532,4,,
37,2026-09-19T02:13:30,2026-09-18T21:52:49,Force Core (Ultimate,399866,7997320,20,,
38,2026-09-19T02:13:56,2026-09-18T21:52:49,Force Core (Ultimate,399865,11995950,30,,
39,2026-09-19T02:15:53,2026-09-18T21:52:49,Chaos Core Set X 156,730051,113888111,156,,
40,2026-09-19T02:16:11,2026-09-18T21:52:49,Chaos Core Set X 144,730050,105127343,144,,
41,2026-09-19T02:21:29,2026-09-18T21:52:49,Epic Booster (Highest),47199918,188799672,4,,
42,2026-09-19T02:38:32,2026-09-18T21:52:49,Force Core(High,206974,2069740,10,,
43,2026-09-19T02:38:58,2026-09-18T21:52:49,Force Core(High,206973,35599356,172,,
44,2026-09-19T02:48:03,2026-09-19T02:43:03,Upgrade Core (Ultimate,539614,28059928,52,,
45,2026-09-19T02:48:30,2026-09-19T02:43:03,Upgrade Core (Ultimate,539613,7014969,13,,
46,2026-09-19T03:04:52,2026-09-19T02:43:03,Force Core(High,206954,14486780,70,,
47,2026-09-19T03:15:35,2026-09-19T02:43:03,Force Core (Ultimate,399854,6797518,17,,
48,2026-09-19T03:31:44,2026-09-19T02:43:03,Force Core(High,206922,20692200,100,,
49,2026-09-19T03:32:10,2026-09-19T02:43:03,Force Core(High,206921,413842,2,,
50,2026-09-19T07:26:29,2026-09-19T07:21:31,Force Core (Ultimate,399843,39984300,100,,
51,2026-09-19T07:26:35,2026-09-19T07:21:31,Force Gem Package,195944590,195944590,1,,
52,2026-09-19T07:27:31,2026-09-19T07:21:31,Epic Booster (Highest),47199899,188799596,4,,
53,2026-09-19T07:29:40,2026-09-19T07:21:31,Chaos Core Set X 261,746749,190421162,255,,
54,2026-09-19T07:38:23,2026-09-19T07:21:31,Chaos Core Set X 165,747703,120380204,161,,
55,2026-09-19T07:40:18,2026-09-19T07:21:31,Chaos Core Set X 162,748044,118190987,158,,
56,2026-09-19T07:53:50,2026-09-19T07:46:42,Epic Booster (Highest),49789883,199159532,4,,
57,2026-09-19T08:18:50,2026-09-19T08:13:39,Chaos Core Set X 153,729612,111630788,153,,
58,2026-09-19T08:30:56,2026-09-19T08:24:39,Force Core (Ultimate,399843,17193249,43,,
59,2026-09-19T08:33:00,2026-09-19T08:24:39,Force Core(Highest,203225,20322500,100,,
60,2026-09-19T08:35:04,2026-09-19T08:24:39,Chaos Core Set X 312,729299,233375999,320,,
61,2026-09-19T08:35:23,2026-09-19T08:24:39,Chaos Core Set X 24,718077,17951927,25,,
62,2026-09-19T08:36:12,2026-09-19T08:24:39,Chaos Core Set X 18,729619,13133159,18,,
63,2026-09-19T08:36:38,2026-09-19T08:24:39,Chaos Core Set X 147,729618,107253992,147,,
64,2026-09-19T08:37:03,2026-09-19T08:24:39,Force Core Set (Ultimate) X 26,396959,10320959,26,,
65,2026-09-19T08:37:15,2026-09-19T08:24:39,Force Core(Highest,194999,28469854,146,,
66,2026-09-19T08:37:34,2026-09-19T08:24:39,Force Core (Ultimate,399820,66769940,167,,
67,2026-09-19T08:38:04,2026-09-19T08:24:39,Chaos Core Set X 3,729623,13133226,18,,
68,2026-09-19T08:40:34,2026-09-19T08:24:39,Upgrade Core (Ultimate,537956,26897800,50,,
69,2026-09-19T08:43:29,2026-09-19T08:24:39,Force Core(High,199980,7999200,40,,
70,2026-09-19T08:50:19,2026-09-19T08:24:39,Force Core(Highest,205880,14205720,69,,
71,2026-09-19T08:50:46,2026-09-19T08:24:39,Force Core(Highest,205880,13382200,65,,
72,2026-09-19T08:52:27,2026-09-19T08:24:39,Chaos Core Set X 144,729624,105065999,144,,
73,2026-09-19T09:07:54,2026-09-19T08:24:39,Epic Booster (Highest),49789881,199159524,4,,
74,2026-09-19T09:12:34,2026-09-19T08:24:39,Chaos Core Set,729624,113821499,156,,
75,2026-09-19T09:14:02,2026-09-19T08:24:39,Chaos Core Set,729623,113821343,156,,
76,2026-09-19T09:17:06,2026-09-19T08:24:39,Force Core (Ultimate,399810,33184230,83,,
77,2026-09-19T09:17:36,2026-09-19T08:24:39,Chaos Core Set X 141,729618,102876278,141,,
78,2026-09-19T09:19:07,2026-09-19T08:24:39,Chaos Core Set X 153,729617,111631553,153,,
79,2026-09-19T09:20:44,2026-09-19T08:24:39,Chaos Core Set X 156,729616,113820251,156,,
80,2026-09-19T09:24:40,2026-09-19T08:24:39,Upgrade Core (Ultimate,537941,537941,1,,
81,2026-09-19T09:26:24,2026-09-19T08:24:39,Blessing Bead - Superior,184999998,184999998,1,,
82,2026-09-19T09:28:53,2026-09-19T08:24:39,Chaos Core Set,729615,111631247,153,,
83,2026-09-19T09:34:45,2026-09-19T08:24:39,Chaos Core Set,729614,105064559,144,,
84,2026-09-19T09:35:06,2026-09-19T08:24:39,Chaos Core Set X 21,729613,15321893,21,,
85,2026-09-19T09:35:50,2026-09-19T08:24:39,Chaos Core Set,729614,120386474,165,,
86,2026-09-19T09:36:16,2026-09-19T08:24:39,Chaos Core Set,729613,100686731,138,,
87,2026-09-19T09:41:50,2026-09-19T08:24:39,Force Core(High,199957,3999140,20,,
88,2026-09-19T09:41:56,2026-09-19T08:24:39,Force Core(High,199956,1199736,6,,
89,2026-09-19T09:47:39,2026-09-19T08:24:39,Force Gem Package,189999999,189999999,1,,
90,2026-09-19T09:50:57,2026-09-19T08:24:39,Chaos Core Set X 138,729614,100686869,138,,
91,2026-09-19T09:54:20,2026-09-19T08:24:39,Force Core(High),199955,13996850,70,,
92,2026-09-19T09:59:58,2026-09-19T08:24:39,Force Core(High,199954,5998620,30,,
93,2026-09-19T10:01:40,2026-09-19T08:24:39,Force Core(High,199952,7998080,40,,
94,2026-09-19T10:09:17,2026-09-19T08:24:39,Chaos Core Set X 159,729612,116008466,159,,
95,2026-09-19T10:11:06,2026-09-19T08:24:39,Upgrade Core (Ultimate,536993,5369930,10,,
96,2026-09-19T10:12:00,2026-09-19T08:24:39,Upgrade Core (Ultimate,536992,5369920,10,,
97,2026-09-19T10:15:18,2026-09-19T08:24:39,Chaos Core Set X 150,729614,109442249,150,,
98,2026-09-19T10:50:21,2026-09-19T08:24:39,Force Core(Highest,205878,2058780,10,,
99,2026-09-19T10:52:02,2026-09-19T08:24:39,Force Core(High,199697,1597576,8,,
100,2026-09-19T10:57:34,2026-09-19T08:24:39,Force Gem Package,189999998,189999998,1,,
101,2026-09-19T11:01:38,2026-09-19T08:24:39,Force Core(High,197998,19799800,100,,
102,2026-09-19T11:02:30,2026-09-19T08:24:39,Chaos Core Set X 141,729603,102874163,141,,
103,2026-09-19T11:04:31,2026-09-19T08:24:39,Chaos Core Set X 138,729602,100685213,138,,
104,2026-09-19T11:06:28,2026-09-19T08:24:39,Chaos Core Set X 144,729601,105062687,144,,
105,2026-09-19T11:08:22,2026-09-19T08:24:39,Chaos Core Set X 162,729600,118195361,162,,
106,2026-09-19T11:11:02,2026-09-19T08:24:39,Chaos Core Set X 150,729599,109439999,150,,
107,2026-09-19T11:12:32,2026-09-19T08:24:39,Chaos Core Set X 156,729598,113817443,156,,
108,2026-09-19T11:18:15,2026-09-19T08:24:39,Force Core(Highest,205878,205878,1,,
109,2026-09-19T11:18:44,2026-09-19T08:24:39,Force Core(High,197996,23759520,120,,
110,2026-09-19T11:19:59,2026-09-19T08:24:39,Force Core(High,197994,11087664,56,,
111,2026-09-19T11:30:50,2026-09-19T08:24:39,Chaos Core Set X 141,731433,105326435,144,,
112,2026-09-19T11:50:30,2026-09-19T08:24:39,Epic Booster (Highest),47299999,94599998,2,,
113,2026-09-19T11:51:46,2026-09-19T08:24:39,Force Core(Highest,205875,18734625,91,,
114,2026-09-19T11:52:40,2026-09-19T08:24:39,Force Core(High,194984,5849520,30,,
115,2026-09-19T12:04:58,2026-09-19T08:24:39,Force Gem Package,189999776,189999776,1,,
116,2026-09-19T12:07:52,2026-09-19T08:24:39,Force Core(High,192996,6561864,34,,
117,2026-09-19T12:08:21,2026-09-19T08:24:39,Force Core(High,192995,1157970,6,,
118,2026-09-19T12:13:00,2026-09-19T08:24:39,Force Core(Highest),249992,499984,2,,
119,2026-09-19T12:13:28,2026-09-19T08:24:39,Force Core(Highest),249990,749970,3,,
120,2026-09-19T12:40:51,2026-09-19T12:36:51,Force Core(High,192955,1929550,10,,
121,2026-09-19T12:41:24,2026-09-19T12:36:51,Force Core(High,192963,8104446,42,,
122,2026-09-19T14:25:53,2026-09-19T14:20:59,Yekaterina VIP Membership,130428904,130428904,1,,
123,2026-09-19T14:33:34,2026-09-19T14:20:59,Force Core(High,189986,9499300,50,,
124,2026-09-19T14:37:24,2026-09-19T14:20:59,Force Core (Ultimate,458324,18332960,40,,
125,2026-09-19T14:47:17,2026-09-19T14:20:59,Force Core(High,187996,11279760,60,,
126,2026-09-19T14:52:06,2026-09-19T14:20:59,Force Core(High,187994,563982,3,,
127,2026-09-19T14:53:44,2026-09-19T14:20:59,Yekaterina VIP Membership,130428904,260857808,2,,
128,2026-09-19T15:18:54,2026-09-19T14:20:59,Force Core(High,187981,3195677,17,,
129,2026-09-19T15:25:52,2026-09-19T15:22:25,Force Core (Ultimate,458309,3666472,8,,
130,2026-09-19T15:41:42,2026-09-19T15:29:22,Chaos Core Set X 141,740501,104410781,141,,
131,2026-09-19T15:43:49,2026-09-19T15:29:22,Force Core(High,187978,7519120,40,,
132,2026-09-19T15:49:43,2026-09-19T15:29:22,Upgrade Core (Ultimate,536837,21473480,40,,
133,2026-09-19T15:53:52,2026-09-19T15:29:22,Force Core(Highest,239966,21356974,89,,
134,2026-09-19T15:54:39,2026-09-19T15:29:22,Force Core(Highest,239964,16797480,70,,
135,2026-09-19T16:10:22,2026-09-19T15:29:22,Chaos Core Set X 153,740464,113291144,153,,
136,2026-09-19T16:11:54,2026-09-19T15:29:22,Chaos Core Set X 162,740463,119955167,162,,
137,2026-09-19T16:15:27,2026-09-19T15:29:22,Upgrade Core (Ultimate,536818,2147272,4,,
138,2026-09-19T16:17:30,2026-09-19T15:29:22,Chaos Core Set X 159,740458,117732980,159,,
139,2026-09-19T16:21:41,2026-09-19T15:29:22,Chaos Core Set X 147,740463,108848207,147,,
140,2026-09-19T16:23:26,2026-09-19T15:29:22,Chaos Core Set X 144,740462,106626671,144,,
141,2026-09-19T16:26:13,2026-09-19T15:29:22,Chaos Core Set,740459,106626239,144,,
142,2026-09-19T16:29:02,2026-09-19T15:29:22,Force Core (Ultimate,458295,12373965,27,,
143,2026-09-19T16:34:34,2026-09-19T15:29:22,Upgrade Core (Ultimate,536809,536809,1,,
144,2026-09-19T16:51:40,2026-09-19T16:47:09,Chaos Core Set X 138,738683,101199677,137,,
145,2026-09-19T16:55:11,2026-09-19T16:47:09,Upgrade Core (Ultimate,536799,36502332,68,,
146,2026-09-19T16:55:36,2026-09-19T16:47:09,Force Core(High,188000,3760000,20,,
147,2026-09-19T16:56:01,2026-09-19T16:47:09,Chaos Core Set X 159,740454,117732344,159,,
148,2026-09-19T16:57:40,2026-09-19T16:47:09,Chaos Core Set X 165,740453,122174909,165,,
149,2026-09-19T16:59:02,2026-09-19T16:47:09,Chaos Core Set X 138,740452,102182513,138,,
150,2026-09-19T17:01:04,2026-09-19T16:47:09,Chaos Core Set X 159,740451,117731867,159,,
151,2026-09-19T17:02:21,2026-09-19T16:47:09,Chaos Core Set X 150,740446,111067049,150,,
152,2026-09-19T17:06:06,2026-09-19T16:47:09,Force Core(Highest,213916,7487060,35,,
153,2026-09-19T17:08:53,2026-09-19T16:47:09,Chaos Core Set,738271,99666635,135,,
154,2026-09-19T17:19:29,2026-09-19T16:47:09,Chaos Core Set,740297,115486487,156,,
155,2026-09-19T17:23:23,2026-09-19T16:47:09,Chaos Core Set X 138,740298,102161261,138,,
156,2026-09-19T17:24:52,2026-09-19T16:47:09,Chaos Core Set X 147,740297,108823805,147,,
157,2026-09-19T17:46:40,2026-09-19T17:38:36,Chaos Core Set X 138,740280,102158777,138,,
158,2026-09-19T17:53:25,2026-09-19T17:38:36,Chaos Core Set X 141,740282,104379902,141,,
159,2026-09-19T17:55:46,2026-09-19T17:38:36,Chaos Core Set X 159,740281,117704837,159,,
160,2026-09-19T18:41:48,2026-09-19T18:25:20,Force Core (Ultimate,458269,35286713,77,,
161,2026-09-19T18:56:51,2026-09-19T18:25:20,Upgrade Core (Ultimate,536723,6440676,12,,
162,2026-09-19T19:10:18,2026-09-19T19:05:40,Epic Booster (Highest),48199999,48199999,1,,
163,2026-09-19T19:32:07,2026-09-19T19:16:51,Force Core (Ultimate,458255,82944155,181,,
164,2026-09-19T19:36:59,2026-09-19T19:16:51,Epic Booster (Highest),48199999,48199999,1,,
165,2026-09-19T19:40:00,2026-09-19T19:16:51,Force Core(High,184983,22567926,122,,
166,2026-09-19T19:41:16,2026-09-19T19:16:51,Force Core(Highest,213866,21386600,100,,
167,2026-09-19T19:41:37,2026-09-19T19:16:51,Upgrade Core (Ultimate,536690,26834500,50,,
168,2026-09-19T19:50:44,2026-09-19T19:43:50,Force Core(High,184981,5549430,30,,
169,2026-09-19T19:53:39,2026-09-19T19:43:50,Chaos Core Set X 141,740150,104361290,141,,
170,2026-09-19T20:13:46,2026-09-19T19:43:50,Chaos Core Set X 156,740126,115459811,156,,
171,2026-09-19T20:17:03,2026-09-19T19:43:50,Chaos Core Set X 147,740124,108798374,147,,
172,2026-09-19T20:19:06,2026-09-19T19:43:50,Chaos Core Set X 54,740123,39966695,54,,
173,2026-09-19T20:20:22,2026-09-19T19:43:50,Chaos Core Set X 135,740122,99916604,135,,
174,2026-09-19T20:22:18,2026-09-19T19:43:50,Chaos Core Set X 165,739088,120471449,163,,
175,2026-09-19T20:26:19,2026-09-19T19:43:50,Chaos Core Set X 162,740115,119898791,162,,
176,2026-09-19T20:55:54,2026-09-19T19:43:50,Force Core(Highest,213818,4276360,20,,
177,2026-09-19T20:56:11,2026-09-19T19:43:50,Force Core(Highest,213817,6200693,29,,
178,2026-09-19T21:07:56,2026-09-19T19:43:50,Force Core(Highest,213812,4490052,21,,
179,2026-09-19T21:11:47,2026-09-19T19:43:50,Force Core(High,187994,1503952,8,,
180,2026-09-19T21:41:03,2026-09-19T21:35:52,Force Core(High,187989,5827659,31,,
181,2026-09-19T21:44:08,2026-09-19T21:35:52,Force Core(High,187990,13911260,74,,
182,2026-09-19T21:46:03,2026-09-19T21:35:52,Chaos Core Set X 141,730037,102935357,141,,
183,2026-09-19T21:49:03,2026-09-19T21:35:52,Chaos Core Set X 138,729811,100714055,138,,
184,2026-09-19T21:52:42,2026-09-19T21:35:52,Chaos Core Set X 135,730036,98554994,135,,
185,2026-09-19T21:54:02,2026-09-19T21:35:52,Chaos Core Set X 306,729811,223322471,306,,
186,2026-09-19T21:55:36,2026-09-19T21:35:52,Chaos Core Set X 144,730039,105125759,144,,
187,2026-09-19T21:57:44,2026-09-19T21:35:52,Force Core(Highest,213802,2993228,14,,
188,2026-09-19T22:17:57,2026-09-19T22:10:54,Chaos Core Set X 150,729809,109471499,150,,
189,2026-09-19T22:20:44,2026-09-19T22:10:54,Chaos Core Set X 147,729808,107281922,147,,
190,2026-09-19T22:22:40,2026-09-19T22:10:54,Chaos Core Set X 135,729806,98523944,135,,
191,2026-09-19T22:23:51,2026-09-19T22:10:54,Chaos Core Set X 144,729810,105092783,144,,
192,2026-09-19T22:26:38,2026-09-19T22:10:54,Force Core(Highest,213801,1924209,9,,
193,2026-09-19T22:27:10,2026-09-19T22:10:54,Force Core (Ultimate,458203,49027721,107,,
194,2026-09-19T22:27:42,2026-09-19T22:10:54,Force Core(Highest),213800,2138000,10,,
195,2026-09-19T22:29:01,2026-09-19T22:10:54,Chaos Core Set X 138,729806,100713365,138,,
196,2026-09-19T22:30:51,2026-09-19T22:10:54,Chaos Core Set,729805,111660317,153,,
197,2026-09-19T22:32:52,2026-09-19T22:10:54,Force Core (Ultimate,458202,60482664,132,,
198,2026-09-19T22:33:27,2026-09-19T22:10:54,Chaos Core Set,729804,100713089,138,,
199,2026-09-19T22:35:27,2026-09-19T22:10:54,Chaos Core Set X 138,729803,100712951,138,,
200,2026-09-19T22:38:14,2026-09-19T22:10:54,Chaos Core Set,729802,120417494,165,,
201,2026-09-19T22:50:35,2026-09-19T22:44:44,Chaos Core Set X 135,729808,98524214,135,,
202,2026-09-19T22:53:01,2026-09-19T22:44:44,Chaos Core Set X 156,729807,113850047,156,,
203,2026-09-19T22:54:39,2026-09-19T22:44:44,Chaos Core Set X 138,729806,100713365,138,,
204,2026-09-19T22:56:30,2026-09-19T22:44:44,Chaos Core Set X 147,729810,107282216,147,,
205,2026-09-19T22:58:39,2026-09-19T22:44:44,Force Core (Ultimate,458202,23826504,52,,
206,2026-09-19T22:58:58,2026-09-19T22:44:44,Force Core(Highest,213799,10689950,50,,
207,2026-09-19T22:59:34,2026-09-19T22:44:44,Upgrade Core (Ultimate,473583,2367915,5,,
208,2026-09-19T22:59:52,2026-09-19T22:44:44,Force Core (Ultimate,458201,27033859,59,,
209,2026-09-19T23:06:33,2026-09-19T23:01:40,Chaos Core Set X 141,729803,102902363,141,,
210,2026-09-19T23:09:04,2026-09-19T23:01:40,Chaos Core Set X 138,729801,100712675,138,,
211,2026-09-19T23:11:00,2026-09-19T23:01:40,Chaos Core Set X 162,729799,118227599,162,,
212,2026-09-19T23:25:52,2026-09-19T23:01:40,Force Core(High,189994,3799880,20,,
213,2026-09-19T23:26:10,2026-09-19T23:01:40,Force Core(Highest,213781,20950538,98,,
214,2026-09-19T23:27:52,2026-09-19T23:01:40,Upgrade Core (Ultimate,473571,100870623,213,,
215,2026-09-19T23:28:52,2026-09-19T23:01:40,Upgrade Core (Ultimate,473570,56354830,119,,
216,2026-09-19T23:31:28,2026-09-19T23:01:40,Upgrade Core (Ultimate,473569,14207070,30,,
217,2026-09-19T23:31:56,2026-09-19T23:01:40,Force Core(High,189992,24698960,130,,
218,2026-09-19T23:34:29,2026-09-19T23:01:40,Chaos Core Set X 96,729782,70059167,96,,
219,2026-09-19T23:37:24,2026-09-19T23:01:40,Force Core (Ultimate,458188,1374564,3,,
220,2026-09-19T23:38:10,2026-09-19T23:01:40,Force Core (Ultimate,458187,16952919,37,,
221,2026-09-19T23:43:03,2026-09-19T23:01:40,Chaos Core Set,729776,105087887,144,,
222,2026-09-19T23:45:07,2026-09-19T23:01:40,Chaos Core Set X 150,729775,109466399,150,,
223,2026-09-19T23:47:04,2026-09-19T23:01:40,Chaos Core Set X 156,729774,113844899,156,,
224,2026-09-19T23:49:02,2026-09-19T23:01:40,Chaos Core Set X 150,729773,109466099,150,,
225,2026-09-19T23:50:46,2026-09-19T23:01:40,Chaos Core Set X 159,729772,116033906,159,,
226,2026-09-19T23:52:15,2026-09-19T23:01:40,Chaos Core Set X 147,729771,107276483,147,,
227,2026-09-19T23:54:51,2026-09-19T23:01:40,Force Core(High,189986,3989706,21,,
228,2026-09-19T23:57:59,2026-09-19T23:01:40,Chaos Core Set,729792,116037086,159,,
229,2026-09-19T23:59:21,2026-09-19T23:01:40,Chaos Core Set,729791,109468799,150,,
230,2026-09-20T00:01:30,2026-09-19T23:01:40,Chaos Core Set,729790,113847395,156,,
231,2026-09-20T00:02:48,2026-09-19T23:01:40,Chaos Core Set,729803,113849423,156,,
232,2026-09-20T00:06:02,2026-09-19T23:01:40,Chaos Core Set,729802,105091631,144,,
233,2026-09-20T00:07:24,2026-09-19T23:01:40,Chaos Core Set,729801,116038517,159,,
234,2026-09-20T00:10:27,2026-09-19T23:01:40,Chaos Core Set,729802,105091631,144,,
235,2026-09-20T00:18:01,2026-09-19T23:01:40,Chaos Core Set,729801,116038517,159,,
236,2026-09-20T00:20:57,2026-09-19T23:01:40,Force Core(Highest,213767,4275340,20,,
237,2026-09-20T00:27:12,2026-09-19T23:01:40,Force Core(High,189982,3799640,20,,
238,2026-09-20T00:43:49,2026-09-19T23:01:40,Chaos Core Set X 156,731060,115507547,158,,
239,2026-09-20T00:45:42,2026-09-19T23:01:40,Chaos Core Set X 165,731564,122171279,167,,
240,2026-09-20T00:48:08,2026-09-19T23:01:40,Chaos Core Set X 144,730288,106622063,146,,
241,2026-09-20T00:51:33,2026-09-19T23:01:40,Upgrade Core (Ultimate,506636,25331800,50,,
242,2026-09-20T00:57:38,2026-09-19T23:01:40,Force Core(Highest,213749,6412470,30,,
243,2026-09-20T00:59:27,2026-09-19T23:01:40,Force Core(High,189290,18929000,100,,
244,2026-09-20T01:02:17,2026-09-19T23:01:40,Chaos Core Set X 144,730266,106618895,146,,
245,2026-09-20T01:03:59,2026-09-19T23:01:40,Chaos Core Set X 144,730266,106618895,146,,
246,2026-09-20T01:39:11,2026-09-19T23:01:40,Force Core(Highest,213686,2777918,13,,
247,2026-09-20T01:45:58,2026-09-19T23:01:40,Force Core(High) TAP,189249,14572173,77,,
248,2026-09-20T01:47:28,2026-09-19T23:01:40,Force Core(High,189248,19681792,104,,
249,2026-09-20T02:09:38,2026-09-19T23:01:40,Force Core(High,189243,756972,4,,
250,2026-09-20T02:10:28,2026-09-19T23:01:40,Force Core(High,189242,189242,1,,
251,2026-09-20T02:13:04,2026-09-19T23:01:40,Chaos Core Set X 144,730265,105158303,144,,
252,2026-09-20T02:14:39,2026-09-19T23:01:40,Chaos Core Set X 141,730264,102967364,141,,
253,2026-09-20T02:16:56,2026-09-19T23:01:40,Blessing Bead - Superior,194849122,194849122,1,,
254,2026-09-20T02:18:44,2026-09-19T23:01:40,Force Core(Highest,213635,14313545,67,,
255,2026-09-20T02:25:53,2026-09-19T23:01:40,Upgrade Core (Ultimate,479506,5754072,12,,
256,2026-09-20T02:26:05,2026-09-19T23:01:40,Upgrade Core (Ultimate,479505,479505,1,,
257,2026-09-20T02:32:06,2026-09-19T23:01:40,Force Core(Highest,213621,1922589,9,,
258,2026-09-20T02:36:02,2026-09-19T23:01:40,Chaos Core Set X 159,730228,116106410,159,,
259,2026-09-20T02:37:34,2026-09-19T23:01:40,Chaos Core Set X 165,730227,120487619,165,,
260,2026-09-20T02:39:07,2026-09-19T23:01:40,Chaos Core Set X 141,730226,102962006,141,,
261,2026-09-20T02:40:54,2026-09-19T23:01:40,Force Core(Highest,213618,1068090,5,,
262,2026-09-20T04:41:01,2026-09-19T23:01:40,Force Core(Highest,213623,854492,4,,
263,2026-09-20T04:48:09,2026-09-19T23:01:40,Chaos Core Set X 141,730161,102222602,140,,
264,2026-09-20T04:54:56,2026-09-19T23:01:40,Chaos Core Set X 159,729569,115271978,158,,
265,2026-09-20T04:58:29,2026-09-19T23:01:40,Chaos Core Set X 159,729566,115271501,158,,
266,2026-09-20T04:59:56,2026-09-19T23:01:40,Chaos Core Set X 159,729565,115271342,158,,
267,2026-09-20T05:02:46,2026-09-19T23:01:40,Chaos Core Set X 144,730045,104396543,143,,
268,2026-09-20T05:04:11,2026-09-19T23:01:40,Chaos Core Set X 147,729938,106571030,146,,
269,2026-09-20T05:07:10,2026-09-19T23:01:40,Force Core(Highest,213607,16874953,79,,
270,2026-09-20T05:07:21,2026-09-19T23:01:40,Force Core(Highest,213606,640818,3,,
271,2026-09-20T05:07:33,2026-09-19T23:01:40,Force Core(Highest,213605,27127835,127,,
272,2026-09-20T05:10:41,2026-09-19T23:01:40,Chaos Core Set,729694,133534184,183,,
273,2026-09-20T05:20:35,2026-09-19T23:01:40,Force Core(Highest),269873,809619,3,,
274,2026-09-20T05:28:39,2026-09-19T23:01:40,Force Core(Highest),299989,5999780,20,,
275,2026-09-20T05:31:11,2026-09-19T23:01:40,Chaos Core Set X 9,729645,6566813,9,,
276,2026-09-20T06:14:25,2026-09-19T23:01:40,Force Core(Highest,299916,2999160,10,,
277,2026-09-20T06:27:54,2026-09-19T23:01:40,Chaos Core Set X 183,729512,133500878,183,,
278,2026-09-20T06:37:11,2026-09-19T23:01:40,Siena's Unbinding Stone,98998790,98998790,1,,
279,2026-09-20T06:40:24,2026-09-19T23:01:40,Upgrade Core (Ultimate,479092,49346476,103,,
280,2026-09-20T07:07:16,2026-09-19T23:01:40,Chaos Core Set X 195,729452,142243334,195,,
281,2026-09-20T07:08:52,2026-09-19T23:01:40,Chaos Core Set X 195,729450,142242944,195,,
282,2026-09-20T07:13:45,2026-09-19T23:01:40,Chaos Core Set X 186,729447,135677327,186,,
283,2026-09-20T07:15:03,2026-09-19T23:01:40,Chaos Core Set X 186,729446,135677141,186,,
284,2026-09-20T07:18:38,2026-09-19T23:01:40,Chaos Core Set,729438,124734068,171,,
285,2026-09-20T07:27:10,2026-09-19T23:01:40,Upgrade Core (Ultimate,479042,47904200,100,,
286,2026-09-20T07:28:10,2026-09-19T23:01:40,Force Core(Highest,299840,20089280,67,,
287,2026-09-20T07:28:33,2026-09-19T23:01:40,Force Core(Highest,299839,5696941,19,,
288,2026-09-20T07:38:19,2026-09-19T23:01:40,Force Core (Ultimate,444828,111207000,250,,
289,2026-09-20T07:38:24,2026-09-19T23:01:40,Force Core (Ultimate,444827,2224135,5,,
290,2026-09-20T07:45:51,2026-09-19T23:01:40,Force Core (Ultimate,444828,46706940,105,,
291,2026-09-20T07:47:49,2026-09-19T23:01:40,Force Core(Highest,299819,50069773,167,,
292,2026-09-20T07:48:07,2026-09-19T23:01:40,Force Core(Highest,299818,1499090,5,,
293,2026-09-20T07:48:19,2026-09-19T23:01:40,Force Core(High),205848,411696,2,,
294,2026-09-20T07:48:38,2026-09-19T23:01:40,Force Core(High),205846,205846,1,,
295,2026-09-20T08:17:22,2026-09-19T23:01:40,Force Core(High,203992,203992,1,,
296,2026-09-20T08:17:40,2026-09-19T23:01:40,Force Core(High,203991,6119730,30,,
297,2026-09-20T08:23:49,2026-09-19T23:01:40,Force Core(High,203983,6119490,30,,
298,2026-09-20T08:25:20,2026-09-19T23:01:40,Chaos Core Set X 186,729283,135646823,186,,
299,2026-09-20T08:29:36,2026-09-19T23:01:40,Chaos Core Set X 186,729282,135646637,186,,
300,2026-09-20T08:35:50,2026-09-19T23:01:40,Chaos Core Set X 174,729278,126894545,174,,
301,2026-09-20T08:37:45,2026-09-19T23:01:40,Chaos Core Set X 171,729277,124706537,171,,
302,2026-09-20T08:41:29,2026-09-19T23:01:40,Force Core(Highest,299755,1798530,6,,
303,2026-09-20T08:42:11,2026-09-19T23:01:40,Force Core(High,203973,10198650,50,,
304,2026-09-20T08:48:53,2026-09-19T23:01:40,Force Core(High,203955,6118650,30,,
305,2026-09-20T08:50:49,2026-09-19T23:01:40,Chaos Core Set X 174,729232,126886541,174,,
306,2026-09-20T08:52:20,2026-09-19T23:01:40,Chaos Core Set X 192,729230,140012351,192,,
307,2026-09-20T09:00:48,2026-09-19T23:01:40,Chaos Core Set X 180,729215,131258879,180,,
308,2026-09-20T09:03:14,2026-09-19T23:01:40,Upgrade Core (Ultimate,478852,35913900,75,,
309,2026-09-20T09:03:31,2026-09-19T23:01:40,Upgrade Core (Ultimate,478851,33998421,71,,
310,2026-09-20T09:05:00,2026-09-19T23:01:40,Force Core (Ultimate,443994,44399400,100,,
311,2026-09-20T09:05:18,2026-09-19T23:01:40,Force Core(Highest,289728,57945600,200,,
312,2026-09-20T09:08:00,2026-09-19T23:01:40,Chaos Core Set X 189,728420,136214567,187,,
313,2026-09-20T09:09:18,2026-09-19T23:01:40,Chaos Core Set,729394,121079447,166,,
314,2026-09-20T09:11:25,2026-09-19T23:01:40,Chaos Core Set X 189,728418,136214189,187,,
315,2026-09-20T09:15:08,2026-09-19T23:01:40,Chaos Core Set X 171,729239,123241409,169,,
316,2026-09-20T09:18:25,2026-09-19T23:01:40,Force Core(Highest,289166,43374900,150,,
317,2026-09-20T09:18:43,2026-09-19T23:01:40,Force Core(Highest,289166,57833200,200,,
318,2026-09-20T09:19:04,2026-09-19T23:01:40,Force Core(High,203938,20393800,100,,
319,2026-09-20T09:19:21,2026-09-19T23:01:40,Force Core(High,203937,13255905,65,,
320,2026-09-20T09:19:39,2026-09-19T23:01:40,Force Core (Ultimate,443989,2219945,5,,
321,2026-09-20T09:19:57,2026-09-19T23:01:40,Force Core(Highest,279728,10909392,39,,
322,2026-09-20T09:20:15,2026-09-19T23:01:40,Force Core(Highest,279727,13986350,50,,
323,2026-09-20T09:24:24,2026-09-19T23:01:40,Upgrade Core (Ultimate,478843,478843,1,,
324,2026-09-20T09:36:23,2026-09-20T09:29:29,Chaos Core Set X 171,720696,123239186,171,,
325,2026-09-20T09:37:51,2026-09-20T09:29:29,Chaos Core Set X 177,720695,127563191,177,,
326,2026-09-20T09:39:46,2026-09-20T09:29:29,Force Core (Ultimate,443985,39514665,89,,
327,2026-09-20T09:39:51,2026-09-20T09:29:29,Chaos Core Set X 192,720694,138373439,192,,
328,2026-09-20T09:42:55,2026-09-20T09:29:29,Force Core(High,203929,18149681,89,,
329,2026-09-20T09:43:00,2026-09-20T09:29:29,Force Core(High,203928,14071032,69,,
330,2026-09-20T09:43:11,2026-09-20T09:29:29,Force Core(High,203927,5098175,25,,
331,2026-09-20T09:43:23,2026-09-20T09:29:29,Force Core (Ultimate,443983,15539405,35,,
332,2026-09-20T09:43:50,2026-09-20T09:29:29,Force Core(Highest,279722,279722,1,,
333,2026-09-20T09:50:45,2026-09-20T09:47:50,Chaos Core Set X 183,712901,131886818,185,,
334,2026-09-20T09:51:09,2026-09-20T09:47:50,Chaos Core Set X 174,712502,125400407,176,,
335,2026-09-20T09:51:25,2026-09-20T09:47:50,Chaos Core Set X 195,713391,140538059,197,,
336,2026-09-20T09:51:41,2026-09-20T09:47:50,Chaos Core Set X 171,712375,123240896,173,,
337,2026-09-20T09:51:57,2026-09-20T09:47:50,Chaos Core Set X 174,712516,125402843,176,,
338,2026-09-20T09:52:16,2026-09-20T09:47:50,Upgrade Core (Ultimate,478837,2394185,5,,
339,2026-09-20T09:52:25,2026-09-20T09:47:50,Force Core(High,203935,5914115,29,,
340,2026-09-20T09:52:30,2026-09-20T09:47:50,Force Core(High,203934,4078680,20,,
341,2026-09-20T09:52:35,2026-09-20T09:47:50,Force Core(High,203933,50983250,250,,
342,2026-09-20T10:04:27,2026-09-20T10:01:19,Force Core(High,203935,12236100,60,,
343,2026-09-20T10:04:32,2026-09-20T10:01:19,Force Core(High,203934,1631472,8,,
344,2026-09-20T11:27:49,2026-09-20T11:24:18,Force Core Set (High) X 231,260980,39929965,153,,
345,2026-09-20T11:28:32,2026-09-20T11:24:18,Chaos Core Set X 168,708064,121079111,171,,
346,2026-09-20T11:29:08,2026-09-20T11:24:18,Chaos Core Set X 186,709268,134051687,189,,
347,2026-09-20T11:29:28,2026-09-20T11:24:18,Chaos Core Set X 177,708695,127565138,180,,
348,2026-09-20T11:29:49,2026-09-20T11:24:18,Chaos Core Set X 186,709266,134051315,189,,
349,2026-09-20T11:37:25,2026-09-20T11:24:18,Force Core(High,198971,5969130,30,,
350,2026-09-20T11:40:44,2026-09-20T11:24:18,Chaos Core Set X 39,709900,27686100,39,,
351,2026-09-20T11:41:16,2026-09-20T11:24:18,Chaos Core Set X 9,709900,6389100,9,,
352,2026-09-20T11:42:45,2026-09-20T11:24:18,Force Core(High,198963,3979260,20,,
353,2026-09-20T11:59:08,2026-09-20T11:53:19,Force Core(High,198946,2188406,11,,
354,2026-09-20T12:02:17,2026-09-20T11:53:19,Force Core (Ultimate,443934,7990812,18,,
355,2026-09-20T12:04:53,2026-09-20T11:53:19,Force Core (Ultimate,443934,22196700,50,,
356,2026-09-20T12:49:01,2026-09-20T12:44:48,Force Gem Package,189999999,189999999,1,,
357,2026-09-20T12:49:19,2026-09-20T12:44:48,Force Core(High,198928,596784,3,,
358,2026-09-20T12:49:29,2026-09-20T12:44:48,Force Core (Ultimate,443933,1331799,3,,
359,2026-09-20T13:26:08,2026-09-20T13:10:18,Force Core(High,198867,1988670,10,,
360,2026-09-20T13:29:41,2026-09-20T13:10:18,Force Core(Highest,274905,2749050,10,,
361,2026-09-20T13:33:56,2026-09-20T13:10:18,Force Core(High,198851,3977020,20,,
362,2026-09-20T13:52:19,2026-09-20T13:10:18,Force Core(High,198821,1988210,10,,
363,2026-09-20T13:54:16,2026-09-20T13:10:18,Chaos Core Set,701589,124882880,178,,
364,2026-09-20T13:56:23,2026-09-20T13:10:18,Force Core(High,198810,1988100,10,,
365,2026-09-20T14:16:19,2026-09-20T14:08:53,Force Core(High,198791,5566148,28,,
366,2026-09-20T14:17:50,2026-09-20T14:08:53,Force Core (Ultimate,422146,63321900,150,,
367,2026-09-20T14:18:08,2026-09-20T14:08:53,Chaos Core Set X 81,723410,57149468,79,,
368,2026-09-20T14:23:19,2026-09-20T14:08:53,Force Core(High,198783,5963490,30,,
369,2026-09-20T14:24:05,2026-09-20T14:08:53,Force Core (Ultimate,422145,33771600,80,,
370,2026-09-20T14:24:37,2026-09-20T14:08:53,Force Core (Ultimate,422143,12664290,30,,
371,2026-09-20T14:35:57,2026-09-20T14:08:53,Force Core(Highest,274829,3023119,11,,
372,2026-09-20T14:37:15,2026-09-20T14:08:53,Force Core (Ultimate,422143,67542880,160,,
373,2026-09-20T14:44:58,2026-09-20T14:08:53,Force Core(Highest,274827,2473443,9,,
374,2026-09-20T14:45:30,2026-09-20T14:08:53,Force Core(High,198772,19877200,100,,
375,2026-09-20T14:49:16,2026-09-20T14:08:53,Chaos Core Set,720694,69186719,96,,
376,2026-09-20T14:52:43,2026-09-20T14:08:53,Upgrade Core (Ultimate,458623,22931150,50,,
377,2026-09-20T14:53:01,2026-09-20T14:08:53,Upgrade Core (Ultimate,458622,50448420,110,,
378,2026-09-20T14:53:38,2026-09-20T14:08:53,Chaos Core Set X 6,720694,4324169,6,,
379,2026-09-20T14:57:00,2026-09-20T14:08:53,Chaos Core Set X 195,720693,140535329,195,,
380,2026-09-20T14:58:16,2026-09-20T14:08:53,Chaos Core Set X 186,720692,134048897,186,,
381,2026-09-20T14:59:30,2026-09-20T14:08:53,Chaos Core Set X 174,720691,125400407,174,,
382,2026-09-20T14:59:50,2026-09-20T14:08:53,Chaos Core Set X 9,720690,6486218,9,,
383,2026-09-20T15:05:00,2026-09-20T14:08:53,Force Core (Ultimate,422133,4221330,10,,
384,2026-09-20T15:05:18,2026-09-20T14:08:53,Chaos Core Set,720705,118916489,165,,
385,2026-09-20T15:05:44,2026-09-20T14:08:53,Chaos Core Set,720704,129726899,180,,
386,2026-09-20T15:15:22,2026-09-20T14:08:53,Force Core(High,195992,24890984,127,,
387,2026-09-20T15:15:40,2026-09-20T14:08:53,Force Core(High,195991,5291757,27,,
388,2026-09-20T15:24:05,2026-09-20T15:20:00,Force Core(High,195984,195984,1,,
389,2026-09-20T15:24:23,2026-09-20T15:20:00,Force Core (Ultimate,422129,51921867,123,,
390,2026-09-20T15:24:29,2026-09-20T15:20:00,Force Core(Highest,264818,7944540,30,,
391,2026-09-20T15:58:21,2026-09-20T15:48:47,Force Core (Ultimate,422129,31237546,74,,
392,2026-09-20T16:09:18,2026-09-20T15:48:47,Force Core(Highest,240688,7461328,31,,
393,2026-09-20T16:09:24,2026-09-20T15:48:47,Force Core(Highest,240688,481376,2,,
394,2026-09-20T16:11:16,2026-09-20T15:48:47,Chaos Core Set X 186,720644,134039969,186,,
395,2026-09-20T16:11:56,2026-09-20T15:48:47,Chaos Core Set X 3,720643,2161931,3,,
396,2026-09-20T16:12:19,2026-09-20T15:48:47,Force Core(Highest,244818,20319894,83,,
397,2026-09-20T16:12:39,2026-09-20T15:48:47,Chaos Core Set X 24,720641,17295407,24,,
398,2026-09-20T16:13:09,2026-09-20T15:48:47,Chaos Core Set X 63,720640,45400382,63,,
399,2026-09-20T16:13:39,2026-09-20T15:48:47,Chaos Core Set X 75,720639,54047999,75,,
400,2026-09-20T16:14:10,2026-09-20T15:48:47,Chaos Core Set X 96,720638,69181343,96,,
401,2026-09-20T16:29:08,2026-09-20T15:48:47,Force Core(High,192284,16344140,85,,
402,2026-09-20T16:29:37,2026-09-20T15:48:47,Force Core(High,192284,4230248,22,,
403,2026-09-20T16:31:44,2026-09-20T15:48:47,Chaos Core Set,721994,140066879,194,,
404,2026-09-20T16:40:17,2026-09-20T15:48:47,Force Core (Ultimate,422115,38412465,91,,
405,2026-09-20T16:41:09,2026-09-20T15:48:47,Chaos Core Set,720930,122558183,170,,
406,2026-09-20T16:43:02,2026-09-20T15:48:47,Chaos Core Set,721077,124746380,173,,
407,2026-09-20T16:45:13,2026-09-20T15:48:47,Chaos Core Set,729508,15319688,21,,
408,2026-09-20T16:52:56,2026-09-20T15:48:47,Chaos Core Set X 177,721650,129175484,179,,
409,2026-09-20T16:54:35,2026-09-20T15:48:47,Chaos Core Set X 168,721218,122607071,170,,
410,2026-09-20T16:56:12,2026-09-20T15:48:47,Chaos Core Set X 189,722161,137932766,191,,
411,2026-09-20T17:10:28,2026-09-20T15:48:47,Chaos Core Set X 192,722263,140119103,194,,
412,2026-09-20T17:14:44,2026-09-20T15:48:47,Upgrade Core (Ultimate,458535,59151015,129,,
413,2026-09-20T17:16:33,2026-09-20T15:48:47,Chaos Core Set X 171,721349,124793405,173,,
414,2026-09-20T17:18:16,2026-09-20T15:48:47,Chaos Core Set X 174,721491,126982589,176,,
415,2026-09-20T17:19:40,2026-09-20T15:48:47,Chaos Core Set X 168,721198,122603711,170,,
416,2026-09-20T17:21:58,2026-09-20T15:48:47,Chaos Core Set X 186,722019,135739637,188,,
417,2026-09-20T17:23:48,2026-09-20T15:48:47,Chaos Core Set X 186,722018,135739451,188,,
418,2026-09-20T17:25:37,2026-09-20T15:48:47,Chaos Core Set,722375,142307879,197,,
419,2026-09-20T17:32:11,2026-09-20T15:48:47,Chaos Core Set,722162,137932955,191,,
420,2026-09-20T17:34:41,2026-09-20T15:48:47,Chaos Core Set,722274,140121215,194,,
421,2026-09-20T17:36:28,2026-09-20T15:48:47,Chaos Core Set,721359,124795115,173,,
422,2026-09-20T17:44:18,2026-09-20T15:48:47,Epic Booster (Highest),49999971,99999942,2,,
423,2026-09-20T18:00:17,2026-09-20T15:48:47,Chaos Core Set X 195,722348,142302614,197,,
424,2026-09-20T18:06:24,2026-09-20T15:48:47,Chaos Core Set X 192,722227,140112191,194,,
425,2026-09-20T18:26:24,2026-09-20T18:13:34,Chaos Core Set X 183,729720,133538942,183,,
426,2026-09-20T18:42:23,2026-09-20T18:35:35,Chaos Core Set X 168,729718,122592791,168,,
427,2026-09-20T18:44:03,2026-09-20T18:35:35,Chaos Core Set X 195,729717,142295009,195,,
428,2026-09-20T18:45:16,2026-09-20T18:35:35,Chaos Core Set X 177,729716,129159908,177,,
429,2026-09-20T18:52:54,2026-09-20T18:35:35,Chaos Core Set X 186,729715,135727175,186,,
430,2026-09-20T18:54:31,2026-09-20T18:35:35,Chaos Core Set X 189,729714,137916134,189,,
431,2026-09-20T19:26:41,2026-09-20T18:35:35,Force Core(Highest,220734,1324404,6,,
432,2026-09-20T19:59:24,2026-09-20T18:35:35,Chaos Core Set X 168,729602,122573303,168,,
433,2026-09-20T20:26:04,2026-09-20T18:35:35,Chaos Core Set X 186,729563,135698903,186,,
434,2026-09-20T20:28:06,2026-09-20T18:35:35,Chaos Core Set X 192,729561,140075903,192,,
435,2026-09-20T20:35:46,2026-09-20T18:35:35,Chaos Core Set,729547,124752707,171,,
436,2026-09-20T20:42:00,2026-09-20T18:35:35,Chaos Core Set X 336,729545,245127455,336,,
437,2026-09-20T21:06:13,2026-09-20T18:35:35,Force Core(High,198957,41184099,207,,
438,2026-09-20T21:12:27,2026-09-20T18:35:35,Force Core (Ultimate,421990,42199000,100,,
439,2026-09-20T21:12:46,2026-09-20T18:35:35,Force Core (Ultimate,421989,4219890,10,,
440,2026-09-20T21:42:08,2026-09-20T18:35:35,Upgrade Core (Ultimate,458309,916618,2,,
441,2026-09-20T21:47:02,2026-09-20T18:35:35,Force Core(High,198495,4565385,23,,
442,2026-09-20T21:47:13,2026-09-20T18:35:35,Force Core(High,198494,3969880,20,,
443,2026-09-20T21:59:58,2026-09-20T18:35:35,Force Core (Ultimate,421966,63294900,150,,
444,2026-09-20T22:00:10,2026-09-20T18:35:35,Force Core (Ultimate,421965,12658950,30,,
445,2026-09-20T22:00:30,2026-09-20T18:35:35,Force Core(High,198483,5954490,30,,
446,2026-09-20T22:03:54,2026-09-20T18:35:35,Epic Booster (Highest),48999908,48999908,1,,
447,2026-09-20T22:04:42,2026-09-20T18:35:35,Chaos Core Set X 195,729417,142236509,195,,
448,2026-09-20T22:05:56,2026-09-20T18:35:35,Chaos Core Set X 195,729416,142236314,195,,
449,2026-09-20T22:07:16,2026-09-20T18:35:35,Chaos Core Set X 186,729415,135671375,186,,
450,2026-09-20T22:08:28,2026-09-20T18:35:35,Chaos Core Set X 150,729414,109412249,150,,
451,2026-09-20T22:10:03,2026-09-20T18:35:35,Chaos Core Set X 183,729413,133482761,183,,
452,2026-09-20T22:12:24,2026-09-20T18:35:35,Chaos Core Set X 177,729412,129106100,177,,
453,2026-09-20T22:14:35,2026-09-20T18:35:35,Force Core(High,198480,2580240,13,,
454,2026-09-20T22:14:46,2026-09-20T18:35:35,Force Core(High,198479,4366538,22,,
455,2026-09-20T22:36:36,2026-09-20T22:28:42,Yekaterina VIP Membership,135999996,135999996,1,,
456,2026-09-20T22:38:33,2026-09-20T22:28:42,Chaos Core Set X 189,729432,137862836,189,,
457,2026-09-20T22:39:54,2026-09-20T22:28:42,Chaos Core Set X 174,729430,126920993,174,,
458,2026-09-20T22:50:48,2026-09-20T22:28:42,Chaos Core Set X 216,729427,157556447,216,,
459,2026-09-20T22:51:21,2026-09-20T22:28:42,Chaos Core Set X 348,729426,253840595,348,,
460,2026-09-20T23:20:22,2026-09-20T22:28:42,Force Core(High,198940,1790460,9,,
461,2026-09-20T23:20:41,2026-09-20T22:28:42,Force Core(High,198939,23076924,116,,
462,2026-09-20T23:27:34,2026-09-20T22:28:42,Force Core(High,198939,43368702,218,,
463,2026-09-20T23:27:46,2026-09-20T22:28:42,Force Core(High,198947,29444156,148,,
464,2026-09-20T23:28:42,2026-09-20T22:28:42,Force Core(High),198946,35810280,180,,
465,2026-09-20T23:31:17,2026-09-20T22:28:42,Upgrade Core (Ultimate,457977,915954,2,,
466,2026-09-20T23:31:48,2026-09-20T22:28:42,Upgrade Core (Ultimate,457976,1373928,3,,
467,2026-09-20T23:32:17,2026-09-20T22:28:42,Force Core (Ultimate,421941,2953587,7,,
468,2026-09-20T23:32:22,2026-09-20T22:28:42,Force Core (Ultimate,421940,1687760,4,,
469,2026-09-20T23:35:01,2026-09-20T22:28:42,Force Core (Ultimate,422000,10128000,24,,
470,2026-09-20T23:44:54,2026-09-20T22:28:42,Chaos Core Set X 159,729366,115969352,159,,
471,2026-09-20T23:46:17,2026-09-20T22:28:42,Chaos Core Set X 183,729365,133473977,183,,
472,2026-09-20T23:51:23,2026-09-20T22:28:42,Epic Booster (Highest),48899949,48899949,1,,
473,2026-09-20T23:53:21,2026-09-20T22:28:42,Chaos Core Set X 183,729366,133474160,183,,
474,2026-09-20T23:55:18,2026-09-20T22:28:42,Chaos Core Set X 177,729365,129097781,177,,
475,2026-09-20T23:55:53,2026-09-20T22:28:42,Chaos Core Set X 192,729364,140038079,192,,
476,2026-09-20T23:57:42,2026-09-20T22:28:42,Chaos Core Set X 177,729363,129097427,177,,
477,2026-09-20T23:59:05,2026-09-20T22:28:42,Chaos Core Set,729372,129099020,177,,
478,2026-09-20T23:59:42,2026-09-20T22:28:42,Chaos Core Set,729371,142227539,195,,
479,2026-09-21T00:00:36,2026-09-20T22:28:42,Force Core(High,198939,1989390,10,,
480,2026-09-21T00:09:45,2026-09-20T22:28:42,Epic Booster (Highest),48898949,195595796,4,,
481,2026-09-21T00:20:31,2026-09-20T22:28:42,Force Core(Highest,210554,4211080,20,,
482,2026-09-21T00:22:50,2026-09-20T22:28:42,Chaos Core Set,729366,122533655,168,,
483,2026-09-21T00:38:33,2026-09-20T22:28:42,Chaos Core Set X 45,729363,32821379,45,,
484,2026-09-21T00:41:48,2026-09-20T22:28:42,Upgrade Core (Ultimate,457972,2289860,5,,
485,2026-09-21T00:42:51,2026-09-20T22:28:42,Chaos Core Set,729361,137849417,189,,
486,2026-09-21T00:44:59,2026-09-20T22:28:42,Chaos Core Set,729365,37197665,51,,
487,2026-09-21T00:46:48,2026-09-20T22:28:42,Chaos Core Set,729360,124720730,171,,
488,2026-09-21T00:54:20,2026-09-20T22:28:42,Force Core (Ultimate,411099,3699891,9,,
489,2026-09-21T00:55:31,2026-09-20T22:28:42,Chaos Core Set,729359,126908639,174,,
490,2026-09-21T00:59:03,2026-09-20T22:28:42,Force Core(Highest,210545,2737085,13,,
491,2026-09-21T01:22:46,2026-09-21T01:09:25,Chaos Core Set X 117,729310,85329386,117,,
492,2026-09-21T01:24:05,2026-09-21T01:09:25,Chaos Core Set X 186,729309,135651659,186,,
493,2026-09-21T01:27:05,2026-09-21T01:09:25,Chaos Core Set X 189,729307,137839211,189,,
494,2026-09-21T01:27:39,2026-09-21T01:09:25,Chaos Core Set X 105,729305,76577129,105,,
495,2026-09-21T01:29:57,2026-09-21T01:09:25,Chaos Core Set X 117,729304,85328684,117,,
496,2026-09-21T01:30:40,2026-09-21T01:09:25,Chaos Core Set,729302,122522903,168,,
497,2026-09-21T01:43:04,2026-09-21T01:09:25,Chaos Core Set,729319,126901679,174,,
498,2026-09-21T01:47:27,2026-09-21T01:09:25,Chaos Core Set,729314,83141909,114,,
499,2026-09-21T01:51:26,2026-09-21T01:09:25,Yekaterina VIP Membership,135999996,135999996,1,,
500,2026-09-21T02:03:25,2026-09-21T01:09:25,Chaos Core Set X 186,729274,135645149,186,,
501,2026-09-21T02:15:41,2026-09-21T01:09:25,Chaos Core Set X 189,729250,137828438,189,,
502,2026-09-21T02:23:31,2026-09-21T01:09:25,Chaos Core Set X 174,729243,126888455,174,,
503,2026-09-21T02:23:53,2026-09-21T01:09:25,Chaos Core Set X 144,729242,105010991,144,,
504,2026-09-21T02:26:48,2026-09-21T01:09:25,Epic Booster (Highest),49999982,199999928,4,,
505,2026-09-21T02:36:29,2026-09-21T01:09:25,Epic Booster (Highest),49999982,199999928,4,,
506,2026-09-21T02:40:21,2026-09-21T01:09:25,Force Core(High,198791,17891190,90,,
507,2026-09-21T02:41:38,2026-09-21T01:09:25,Force Core (Ultimate,411014,12330420,30,,
508,2026-09-21T02:41:57,2026-09-21T01:09:25,Chaos Core Set X 3,729216,2187650,3,,
509,2026-09-21T02:45:41,2026-09-21T01:09:25,Upgrade Core (Ultimate,457826,22891300,50,,
510,2026-09-21T02:46:16,2026-09-21T01:09:25,Epic Booster (Highest),49999982,199999928,4,,
511,2026-09-21T02:51:28,2026-09-21T01:09:25,Chaos Core Set X 192,729208,140008127,192,,
512,2026-09-21T02:53:37,2026-09-21T01:09:25,Chaos Core Set X 177,729207,129069815,177,,
513,2026-09-21T02:54:18,2026-09-21T01:09:25,Chaos Core Set X 189,729206,137820122,189,,
514,2026-09-21T03:00:20,2026-09-21T01:09:25,Chaos Core Set X 183,729203,133444331,183,,
515,2026-09-21T03:00:59,2026-09-21T01:09:25,Chaos Core Set,729201,41564513,57,,
516,2026-09-21T03:03:39,2026-09-21T01:09:25,Force Core(Highest,199985,12199085,61,,
517,2026-09-21T03:03:44,2026-09-21T01:09:25,Chaos Core Set X 147,729194,107191664,147,,
518,2026-09-21T03:08:44,2026-09-21T01:09:25,Epic Booster (Highest),49999982,99999964,2,,
519,2026-09-21T03:09:36,2026-09-21T01:09:25,Force Core(Highest,199998,3999960,20,,
520,2026-09-21T03:14:08,2026-09-21T01:09:25,Epic Booster (Highest),49999982,99999964,2,,
521,2026-09-21T03:16:45,2026-09-21T01:09:25,Force Core(Highest,199996,32599348,163,,
522,2026-09-21T03:17:37,2026-09-21T01:09:25,Upgrade Core (Ultimate,457784,6866760,15,,
523,2026-09-21T03:22:23,2026-09-21T01:09:25,Force Core(High,198728,4570744,23,,
524,2026-09-21T03:28:32,2026-09-21T01:09:25,Force Core(Highest,199998,43199568,216,,
525,2026-09-21T03:31:06,2026-09-21T01:09:25,Chaos Core Set,729153,135622643,186,,
526,2026-09-21T03:43:49,2026-09-21T01:09:25,Upgrade Core (Ultimate,457754,9155080,20,,
527,2026-09-21T03:58:42,2026-09-21T01:09:25,Force Core(Highest,199986,199986,1,,
528,2026-09-21T04:14:55,2026-09-21T01:09:25,Force Core (Ultimate,410925,2054625,5,,
529,2026-09-21T04:15:14,2026-09-21T01:09:25,Chaos Core Set X 9,729078,6561710,9,,
530,2026-09-21T04:16:32,2026-09-21T01:09:25,Chaos Core Set X 195,729074,142169624,195,,
531,2026-09-21T04:23:41,2026-09-21T01:09:25,Force Core(Highest,220616,11030800,50,,
532,2026-09-21T04:41:25,2026-09-21T01:09:25,Chaos Core Set,729036,129039548,177,,
533,2026-09-21T04:54:45,2026-09-21T01:09:25,Chaos Core Set X 183,729013,133409561,183,,
534,2026-09-21T04:56:06,2026-09-21T01:09:25,Chaos Core Set X 177,729012,129035300,177,,
535,2026-09-21T04:57:56,2026-09-21T01:09:25,Chaos Core Set X 189,729009,137782889,189,,
536,2026-09-21T04:58:18,2026-09-21T01:09:25,Chaos Core Set X 63,729008,45927566,63,,
537,2026-09-21T04:59:31,2026-09-21T01:09:25,Blessing Bead - Superior,194849119,194849119,1,,
538,2026-09-21T05:02:45,2026-09-21T01:09:25,Chaos Core Set X 189,729004,137781944,189,,
539,2026-09-21T05:08:35,2026-09-21T01:09:25,Chaos Core Set X 171,728993,124657973,171,,
540,2026-09-21T05:08:50,2026-09-21T01:09:25,Chaos Core Set X 183,728992,133405718,183,,
541,2026-09-21T05:12:25,2026-09-21T01:09:25,Force Core(High,198548,19854800,100,,
542,2026-09-21T05:35:11,2026-09-21T01:09:25,Chaos Core Set,728987,124656947,171,,
543,2026-09-21T05:35:32,2026-09-21T01:09:25,Chaos Core Set,728985,137778353,189,,
544,2026-09-21T05:43:34,2026-09-21T01:09:25,Force Core(High,198499,1984990,10,,
545,2026-09-21T05:53:47,2026-09-21T01:09:25,Force Core(High,198493,3572874,18,,
546,2026-09-21T05:59:25,2026-09-21T01:09:25,Upgrade Core (Ultimate,456990,1827960,4,,
547,2026-09-21T06:03:03,2026-09-21T01:09:25,Epic Booster (Highest),49999980,199999920,4,,
548,2026-09-21T06:10:10,2026-09-21T01:09:25,Force Core(High,197994,5939820,30,,
549,2026-09-21T06:20:08,2026-09-21T01:09:25,Force Core(High,197989,17819010,90,,
550,2026-09-21T06:20:41,2026-09-21T01:09:25,Force Core(High,197987,1979870,10,,
551,2026-09-21T06:21:25,2026-09-21T01:09:25,Upgrade Core (Ultimate,456978,3655824,8,,
552,2026-09-21T06:23:12,2026-09-21T01:09:25,Force Core(Highest,219968,22436736,102,,
553,2026-09-21T06:44:56,2026-09-21T01:09:25,Force Core(High,197945,2969175,15,,
554,2026-09-21T06:45:15,2026-09-21T01:09:25,Force Core(High,197944,3760936,19,,
555,2026-09-21T06:45:37,2026-09-21T01:09:25,Upgrade Core (Ultimate,456967,21477449,47,,
556,2026-09-21T06:47:10,2026-09-21T01:09:25,Force Core(Highest,219956,4399120,20,,
557,2026-09-21T07:02:37,2026-09-21T01:09:25,Yekaterina VIP Membership,135999996,135999996,1,,
558,2026-09-21T07:04:33,2026-09-21T01:09:25,Force Core(High,197940,395880,2,,
559,2026-09-21T07:04:52,2026-09-21T01:09:25,Force Core(High,197939,7719621,39,,
560,2026-09-21T07:06:44,2026-09-21T01:09:25,Force Core(Highest,219947,8797880,40,,
561,2026-09-21T07:07:48,2026-09-21T01:09:25,Chaos Core Set X 192,728963,139961087,192,,
562,2026-09-21T07:09:44,2026-09-21T01:09:25,Chaos Core Set X 192,728962,139960895,192,,
563,2026-09-21T07:11:24,2026-09-21T01:09:25,Chaos Core Set X 72,728961,52485263,72,,
564,2026-09-21T07:14:57,2026-09-21T01:09:25,Force Core(High,197949,197949,1,,
565,2026-09-21T07:17:18,2026-09-21T01:09:25,Chaos Core Set X 183,728962,133400228,183,,
566,2026-09-21T07:18:31,2026-09-21T01:09:25,Chaos Core Set X 171,728961,124652501,171,,
567,2026-09-21T07:20:16,2026-09-21T01:09:25,Chaos Core Set,728961,126839387,174,,
568,2026-09-21T07:21:38,2026-09-21T01:09:25,Chaos Core Set,728961,129026273,177,,
569,2026-09-21T07:29:33,2026-09-21T01:09:25,Force Core(Highest,219941,18694985,85,,
570,2026-09-21T07:30:07,2026-09-21T01:09:25,Chaos Core Set,728960,129026096,177,,
571,2026-09-21T07:31:57,2026-09-21T01:09:25,Chaos Core Set X 174,728958,126838865,174,,
572,2026-09-21T07:41:47,2026-09-21T01:09:25,Force Core(High),195998,13719860,70,,
573,2026-09-21T07:48:08,2026-09-21T01:09:25,Force Core(High,195995,3919900,20,,
574,2026-09-21T07:50:28,2026-09-21T01:09:25,Upgrade Core (Ultimate,456892,75387180,165,,
575,2026-09-21T07:50:33,2026-09-21T01:09:25,Upgrade Core (Ultimate,456891,82240380,180,,
576,2026-09-21T07:50:38,2026-09-21T01:09:25,Force Core (Ultimate,409893,102473250,250,,
577,2026-09-21T07:50:43,2026-09-21T01:09:25,Force Core (Ultimate,409892,29512224,72,,
578,2026-09-21T07:50:48,2026-09-21T01:09:25,Force Core (Ultimate,409891,46317683,113,,
579,2026-09-21T07:53:43,2026-09-21T01:09:25,Force Core(High,195992,5879760,30,,
580,2026-09-21T08:02:22,2026-09-21T01:09:25,Chaos Core Set X 195,728932,142141934,195,,
581,2026-09-21T08:04:00,2026-09-21T01:09:25,Force Core(High,195990,30770430,157,,
582,2026-09-21T08:04:05,2026-09-21T01:09:25,Force Core(High,195989,19206922,98,,
583,2026-09-21T08:10:12,2026-09-21T01:09:25,Force Core(High,195998,13915858,71,,
584,2026-09-21T08:10:34,2026-09-21T01:09:25,Upgrade Core (Ultimate,456891,3198237,7,,
585,2026-09-21T08:13:14,2026-09-21T01:09:25,Yekaterina VIP Membership,135999994,135999994,1,,
586,2026-09-21T08:15:02,2026-09-21T01:09:25,Force Core(Highest,216882,11928510,55,,
587,2026-09-21T08:20:21,2026-09-21T01:09:25,Yekaterina VIP Membership,135999994,135999994,1,,
588,2026-09-21T08:21:09,2026-09-21T01:09:25,Epic Booster (Highest),49999979,99999958,2,,
589,2026-09-21T08:21:58,2026-09-21T01:09:25,Force Core(Highest,216881,19519290,90,,
590,2026-09-21T08:25:17,2026-09-21T01:09:25,Force Core(High),196999,4333978,22,,
591,2026-09-21T08:30:00,2026-09-21T01:09:25,Upgrade Core (Ultimate,456882,36550560,80,,
592,2026-09-21T08:39:18,2026-09-21T01:09:25,Chaos Core Set X 165,729231,118864679,163,,
593,2026-09-21T08:39:50,2026-09-21T01:09:25,Upgrade Core (Ultimate,456879,6853185,15,,
594,2026-09-21T08:44:13,2026-09-21T01:09:25,Force Core(Highest,216875,10626875,49,,
595,2026-09-21T08:47:47,2026-09-21T01:09:25,Force Core(High,199994,19999400,100,,
596,2026-09-21T08:53:56,2026-09-21T01:09:25,Force Core(High,199991,599973,3,,
597,2026-09-21T08:57:30,2026-09-21T01:09:25,Force Core(Highest,216871,216871,1,,
598,2026-09-21T09:00:33,2026-09-21T01:09:25,Force Core(High,199989,199989,1,,
599,2026-09-21T09:00:52,2026-09-21T01:09:25,Force Core(High,199988,36397816,182,,
600,2026-09-21T09:01:20,2026-09-21T01:09:25,Force Core(High),199987,7399519,37,,
601,2026-09-21T09:11:24,2026-09-21T01:09:25,Force Core(Highest,216868,36867560,170,,
602,2026-09-21T09:20:20,2026-09-21T01:09:25,Force Core (Ultimate,409851,20082699,49,,
603,2026-09-21T09:20:38,2026-09-21T01:09:25,Force Core (Ultimate,409850,102462500,250,,
604,2026-09-21T09:21:07,2026-09-21T01:09:25,Force Core(High,199983,22998045,115,,
605,2026-09-21T09:21:41,2026-09-21T01:09:25,Force Core(High,199982,40196382,201,,
606,2026-09-21T09:21:52,2026-09-21T01:09:25,Force Core(High,199981,36796504,184,,
607,2026-09-21T09:28:37,2026-09-21T01:09:25,Force Core(High,199980,5999400,30,,
608,2026-09-21T09:29:28,2026-09-21T01:09:25,Force Core(High),199978,49994500,250,,
609,2026-09-21T09:29:40,2026-09-21T01:09:25,Force Core(High),199978,3999560,20,,
610,2026-09-21T09:42:15,2026-09-21T09:35:23,Upgrade Core (Ultimate,456856,67614688,148,,
611,2026-09-21T09:42:34,2026-09-21T09:35:23,Upgrade Core (Ultimate,456855,40203240,88,,
612,2026-09-21T09:44:11,2026-09-21T09:35:23,Force Core(High,199975,2399700,12,,
613,2026-09-21T09:48:56,2026-09-21T09:35:23,Upgrade Core (Ultimate,456848,46598496,102,,
614,2026-09-21T09:49:18,2026-09-21T09:35:23,Force Core (Ultimate,409841,4098410,10,,
615,2026-09-21T09:49:37,2026-09-21T09:35:23,Force Core (Ultimate,409840,8196800,20,,
616,2026-09-21T09:50:41,2026-09-21T09:35:23,Force Core(High,199972,1999720,10,,
617,2026-09-21T10:11:34,2026-09-21T10:04:46,Force Core (Ultimate,407775,2038875,5,,
618,2026-09-21T10:11:52,2026-09-21T10:04:46,Force Core (Ultimate,407774,2038870,5,,
619,2026-09-21T10:11:57,2026-09-21T10:04:46,Force Core(High,199971,1999710,10,,
620,2026-09-21T10:13:18,2026-09-21T10:04:46,Chaos Core,707000,707000,1,,
621,2026-09-21T10:13:31,2026-09-21T10:04:46,Upgrade Core (Ultimate,456848,4568480,10,,
622,2026-09-21T10:18:11,2026-09-21T10:04:46,Force Core(Highest,216853,4120207,19,,
623,2026-09-21T10:19:16,2026-09-21T10:04:46,Chaos Core Set X 195,720321,140462789,195,,
624,2026-09-21T10:21:44,2026-09-21T10:04:46,Force Core(High,199966,25395682,127,,
625,2026-09-21T10:22:33,2026-09-21T10:04:46,Force Core (Ultimate),399996,15999840,40,,
626,2026-09-21T10:33:30,2026-09-21T10:27:52,Siena's Unbinding Stone,98998789,98998789,1,,
627,2026-09-21T10:36:04,2026-09-21T10:27:52,Force Core (Ultimate,399994,3599946,9,,
628,2026-09-21T10:36:24,2026-09-21T10:27:52,Force Core(High,199965,599895,3,,
629,2026-09-21T10:36:59,2026-09-21T10:27:52,Force Core(High,199964,1399748,7,,
630,2026-09-21T10:46:55,2026-09-21T10:27:52,Force Core(Highest,216839,2168390,10,,
631,2026-09-21T10:47:00,2026-09-21T10:27:52,Force Core(Highest,216838,9757710,45,,
632,2026-09-21T10:48:26,2026-09-21T10:27:52,Force Core (Ultimate,399988,41998740,105,,
633,2026-09-21T10:48:31,2026-09-21T10:27:52,Force Core(High,196975,14970100,76,,
634,2026-09-21T10:49:39,2026-09-21T10:27:52,Force Core (Ultimate,399987,58798089,147,,
635,2026-09-21T10:55:08,2026-09-21T10:27:52,Force Core (Ultimate,399987,2799909,7,,
636,2026-09-21T11:05:16,2026-09-21T10:27:52,Chaos Core Set X 180,720271,129648959,180,,
637,2026-09-21T11:06:21,2026-09-21T10:27:52,Force Core (Ultimate,399981,15999240,40,,
638,2026-09-21T11:17:03,2026-09-21T10:27:52,Force Core (Ultimate,399975,3999750,10,,
639,2026-09-21T11:17:36,2026-09-21T10:27:52,Force Core(High,196955,3939100,20,,
640,2026-09-21T11:29:44,2026-09-21T10:27:52,Force Core (Ultimate,399966,38396736,96,,
641,2026-09-21T11:43:56,2026-09-21T11:37:33,Chaos Core,717629,1435258,2,,
642,2026-09-21T11:57:33,2026-09-21T11:37:33,Chaos Core,707000,707000,1,,
643,2026-09-21T12:01:29,2026-09-21T11:37:33,Yekaterina VIP Membership,129999998,129999998,1,,
644,2026-09-21T12:06:12,2026-09-21T11:37:33,Chaos Core Set X 177,720136,127464248,177,,
645,2026-09-21T12:10:35,2026-09-21T11:37:33,Chaos Core Set X 171,720131,123142571,171,,
646,2026-09-21T12:12:52,2026-09-21T11:37:33,Chaos Core Set X 171,720129,123142229,171,,
647,2026-09-21T12:14:46,2026-09-21T11:37:33,Chaos Core Set X 171,720128,123142058,171,,
648,2026-09-21T12:15:09,2026-09-21T11:37:33,Chaos Core Set X 195,720127,140424959,195,,
649,2026-09-21T12:18:09,2026-09-21T11:37:33,Chaos Core,702000,702000,1,,
650,2026-09-21T12:19:14,2026-09-21T11:37:33,Upgrade Core (Ultimate,456548,27392880,60,,
651,2026-09-21T12:20:03,2026-09-21T11:37:33,Chaos Core Set,720124,10801874,15,,
652,2026-09-21T12:21:44,2026-09-21T11:37:33,Chaos Core Set X 174,720123,125301575,174,,
653,2026-09-21T12:24:28,2026-09-21T11:37:33,Chaos Core Set,720120,138263231,192,,
654,2026-09-21T12:25:50,2026-09-21T11:37:33,Chaos Core Set,720121,103697567,144,,
655,2026-09-21T12:27:41,2026-09-21T11:37:33,Upgrade Core (Ultimate,456543,3195801,7,,
656,2026-09-21T12:28:15,2026-09-21T11:37:33,Upgrade Core (Ultimate,456541,31044788,68,,
657,2026-09-21T12:28:50,2026-09-21T11:37:33,Force Core (Ultimate,399924,7598556,19,,
658,2026-09-21T12:36:19,2026-09-21T11:37:33,Force Core (Ultimate,399923,5198999,13,,
659,2026-09-21T12:36:53,2026-09-21T11:37:33,Chaos Core,707000,707000,1,,
660,2026-09-21T12:51:44,2026-09-21T11:37:33,Chaos Core,707630,707630,1,,
661,2026-09-21T13:03:43,2026-09-21T11:37:33,Chaos Core,712630,712630,1,,
662,2026-09-21T13:11:50,2026-09-21T11:37:33,Chaos Core Set X 180,720039,129607199,180,,
663,2026-09-21T13:30:10,2026-09-21T13:23:17,Chaos Core Set X 183,720033,131766221,183,,
664,2026-09-21T13:30:25,2026-09-21T13:23:17,Chaos Core Set X 183,720032,131766038,183,,
665,2026-09-21T13:30:58,2026-09-21T13:23:17,Force Core(High,193996,14937692,77,,
666,2026-09-21T13:31:03,2026-09-21T13:23:17,Chaos Core,707630,707630,1,,
667,2026-09-21T13:32:55,2026-09-21T13:23:17,Chaos Core Set X 24,720027,17280671,24,,
668,2026-09-21T13:34:27,2026-09-21T13:23:17,Chaos Core Set X 39,720026,28081052,39,,
669,2026-09-21T13:34:43,2026-09-21T13:23:17,Chaos Core Set X 51,720023,36721223,51,,
670,2026-09-21T13:35:06,2026-09-21T13:23:17,Chaos Core Set X 6,720021,4320131,6,,
671,2026-09-21T13:39:36,2026-09-21T13:23:17,Chaos Core,714995,714995,1,,
672,2026-09-21T13:41:27,2026-09-21T13:23:17,Chaos Core Set,720075,101530715,141,,
673,2026-09-21T13:45:49,2026-09-21T13:23:17,Siena's Unbinding Stone,98998789,98998789,1,,
674,2026-09-21T13:46:57,2026-09-21T13:23:17,Chaos Core,710000,710000,1,,
675,2026-09-21T13:49:51,2026-09-21T13:23:17,Force Core(High,203899,815596,4,,
676,2026-09-21T13:52:32,2026-09-21T13:23:17,Chaos Core,724000,724000,1,,
677,2026-09-21T13:58:01,2026-09-21T13:23:17,Chaos Core,724000,724000,1,,
678,2026-09-21T13:59:52,2026-09-21T13:23:17,Chaos Core Set X 48,720067,34563263,48,,
679,2026-09-21T14:00:54,2026-09-21T13:23:17,Force Core(High,203876,4077520,20,,
680,2026-09-21T14:05:28,2026-09-21T13:23:17,Force Core(High,203870,50967500,250,,
681,2026-09-21T14:07:04,2026-09-21T13:23:17,Yekaterina VIP Membership,119999998,119999998,1,,
682,2026-09-21T14:08:37,2026-09-21T13:23:17,Chaos Core,717000,717000,1,,
683,2026-09-21T14:09:57,2026-09-21T13:23:17,Force Core (Ultimate,399828,62373168,156,,
684,2026-09-21T14:10:16,2026-09-21T13:23:17,Force Core (Ultimate,399827,25988755,65,,
685,2026-09-21T14:10:53,2026-09-21T13:23:17,Force Core(High,203858,1834722,9,,
686,2026-09-21T14:13:57,2026-09-21T13:23:17,Yekaterina VIP Membership,119999998,119999998,1,,
687,2026-09-21T14:16:07,2026-09-21T13:23:17,Chaos Core,711000,711000,1,,
688,2026-09-21T14:24:02,2026-09-21T13:23:17,Chaos Core,710000,710000,1,,
689,2026-09-21T14:25:52,2026-09-21T13:23:17,Force Core(High,203845,20384500,100,,
690,2026-09-21T14:35:57,2026-09-21T13:23:17,Upgrade Core (Ultimate,456340,45634000,100,,
691,2026-09-21T14:36:46,2026-09-21T13:23:17,Force Core(High,203840,26499200,130,,
692,2026-09-21T14:37:07,2026-09-21T13:23:17,Force Core(High,203839,20383900,100,,
693,2026-09-21T14:37:55,2026-09-21T13:23:17,Force Core (Ultimate,399805,7596295,19,,
694,2026-09-21T14:43:27,2026-09-21T13:23:17,Force Core(High,203836,4076720,20,,
695,2026-09-21T14:43:32,2026-09-21T13:23:17,Force Core(High,203835,1834515,9,,
696,2026-09-21T14:44:24,2026-09-21T13:23:17,Chaos Core Set X 42,720052,30242225,42,,
697,2026-09-21T14:46:31,2026-09-21T13:23:17,Chaos Core Set X 183,720049,131769149,183,,
698,2026-09-21T14:48:16,2026-09-21T13:23:17,Chaos Core Set X 36,720048,25921763,36,,
699,2026-09-21T14:52:59,2026-09-21T13:23:17,Chaos Core,700000,700000,1,,
700,2026-09-21T14:54:33,2026-09-21T13:23:17,Force Core(High,203837,1223022,6,,
701,2026-09-21T14:56:53,2026-09-21T13:23:17,Force Core(High),203831,30982312,152,,
702,2026-09-21T14:59:25,2026-09-21T13:23:17,Chaos Core,712638,712638,1,,
703,2026-09-21T15:01:35,2026-09-21T13:23:17,Force Core (Ultimate,399787,7995740,20,,
704,2026-09-21T15:03:09,2026-09-21T13:23:17,Force Core(High,203826,44841720,220,,
705,2026-09-21T15:03:28,2026-09-21T13:23:17,Force Core(High,203825,6522400,32,,
706,2026-09-21T15:05:42,2026-09-21T13:23:17,Yekaterina VIP Membership,119999998,119999998,1,,
707,2026-09-21T15:07:23,2026-09-21T13:23:17,Chaos Core,717000,717000,1,,
708,2026-09-21T15:08:29,2026-09-21T13:23:17,Upgrade Core (Ultimate,449978,22498900,50,,
709,2026-09-21T15:10:54,2026-09-21T13:23:17,Chaos Core Set X 30,720022,21600689,30,,
710,2026-09-21T15:13:20,2026-09-21T13:23:17,Epic Booster (Highest),49999978,99999956,2,,
711,2026-09-21T15:15:33,2026-09-21T13:23:17,Chaos Core,715000,715000,1,,
712,2026-09-21T15:20:43,2026-09-21T13:23:17,Chaos Core,713000,713000,1,,
713,2026-09-21T15:23:19,2026-09-21T13:23:17,Chaos Core Set X 177,720021,127443893,177,,
714,2026-09-21T15:35:19,2026-09-21T13:23:17,Epic Booster (Highest),49999980,49999980,1,,
715,2026-09-21T15:36:12,2026-09-21T13:23:17,Chaos Core,708000,708000,1,,
716,2026-09-21T15:40:01,2026-09-21T13:23:17,Force Core(High,203799,4075980,20,,
717,2026-09-21T15:47:59,2026-09-21T15:42:28,Epic Booster (Highest),49999980,49999980,1,,
718,2026-09-21T15:48:48,2026-09-21T15:42:28,Chaos Core,705000,705000,1,,
719,2026-09-21T15:53:09,2026-09-21T15:42:28,Chaos Core,707601,707601,1,,
720,2026-09-21T15:56:08,2026-09-21T15:42:28,Chaos Core,705235,705235,1,,
721,2026-09-21T16:00:44,2026-09-21T15:42:28,Chaos Core,703773,703773,1,,
722,2026-09-21T16:12:11,2026-09-21T16:07:07,Chaos Core,704014,704014,1,,
723,2026-09-21T16:13:33,2026-09-21T16:07:07,Force Core (Ultimate,399734,1998670,5,,
724,2026-09-21T16:15:07,2026-09-21T16:07:07,Chaos Core Set X 180,719975,129595679,180,,
725,2026-09-21T16:17:39,2026-09-21T16:07:07,Chaos Core,702138,702138,1,,
726,2026-09-21T16:21:45,2026-09-21T16:07:07,Chaos Core,712619,712619,1,,
727,2026-09-21T16:24:11,2026-09-21T16:07:07,Chaos Core Set X 183,719958,131752496,183,,
728,2026-09-21T16:24:28,2026-09-21T16:07:07,Chaos Core Set X 156,719957,112313447,156,,
729,2026-09-21T16:24:49,2026-09-21T16:07:07,Chaos Core Set,719956,97194194,135,,
730,2026-09-21T16:25:06,2026-09-21T16:07:07,Chaos Core Set X 186,719954,133911629,186,,
731,2026-09-21T16:25:55,2026-09-21T16:07:07,Chaos Core Set X 183,719953,131751581,183,,
732,2026-09-21T16:26:37,2026-09-21T16:07:07,Chaos Core,711563,711563,1,,
733,2026-09-21T16:30:46,2026-09-21T16:07:07,Chaos Core,707409,707409,1,,
734,2026-09-21T16:31:41,2026-09-21T16:07:07,Upgrade Core (Ultimate,449901,7198416,16,,
735,2026-09-21T16:33:43,2026-09-21T16:07:07,Chaos Core Set X 12,719946,8639363,12,,
736,2026-09-21T16:34:34,2026-09-21T16:07:07,Chaos Core Set X 9,719945,6479513,9,,
737,2026-09-21T16:42:41,2026-09-21T16:36:39,Chaos Core,715493,715493,1,,
738,2026-09-21T16:45:14,2026-09-21T16:36:39,Force Core(High,203730,203730,1,,
739,2026-09-21T16:45:33,2026-09-21T16:36:39,Chaos Core,711260,711260,1,,
740,2026-09-21T16:49:45,2026-09-21T16:36:39,Upgrade Core (Ultimate,449874,13946094,31,,
741,2026-09-21T16:50:19,2026-09-21T16:36:39,Force Core (Ultimate,399687,2398122,6,,
742,2026-09-21T16:51:37,2026-09-21T16:36:39,Force Core(High,203716,31575980,155,,
743,2026-09-21T16:52:45,2026-09-21T16:36:39,Upgrade Core (Ultimate,449872,13946032,31,,
744,2026-09-21T16:55:31,2026-09-21T16:36:39,Force Core (Ultimate,399684,39968400,100,,
745,2026-09-21T16:57:05,2026-09-21T16:36:39,Force Core (Ultimate,399680,87929600,220,,
746,2026-09-21T16:57:28,2026-09-21T16:36:39,Force Core (Ultimate,399679,55955060,140,,
747,2026-09-21T16:58:19,2026-09-21T16:36:39,Chaos Core,685284,685284,1,,
748,2026-09-21T17:13:35,2026-09-21T17:01:24,Chaos Core,678843,678843,1,,
749,2026-09-21T17:17:07,2026-09-21T17:01:24,Force Core(Highest,216871,4771162,22,,
750,2026-09-21T17:19:50,2026-09-21T17:01:24,Chaos Core,672111,672111,1,,
751,2026-09-21T17:22:31,2026-09-21T17:01:24,Chaos Core,671508,671508,1,,
752,2026-09-21T17:23:29,2026-09-21T17:01:24,Chaos Core Set X 93,717627,66021722,92,,
753,2026-09-21T17:29:41,2026-09-21T17:01:24,Chaos Core,712476,712476,1,,
754,2026-09-21T17:30:25,2026-09-21T17:01:24,Upgrade Core (Ultimate,449833,449833,1,,
755,2026-09-21T17:30:31,2026-09-21T17:01:24,Upgrade Core (Ultimate,449832,1799328,4,,
756,2026-09-21T17:30:36,2026-09-21T17:01:24,Force Core (Ultimate,399650,8392650,21,,
757,2026-09-21T17:30:41,2026-09-21T17:01:24,Force Core(High,203670,2851380,14,,
758,2026-09-21T17:31:19,2026-09-21T17:01:24,Force Core(High,203668,5295368,26,,
759,2026-09-21T17:31:24,2026-09-21T17:01:24,Force Core(High,203667,1222002,6,,
760,2026-09-21T17:39:16,2026-09-21T17:01:24,Yekaterina VIP Membership,119999998,119999998,1,,
761,2026-09-21T17:40:45,2026-09-21T17:01:24,Force Core(High),202487,2024870,10,,
762,2026-09-21T17:41:21,2026-09-21T17:01:24,Force Core(High),202485,4049700,20,,
763,2026-09-21T17:45:10,2026-09-21T17:01:24,Chaos Core,697285,697285,1,,
764,2026-09-21T17:46:54,2026-09-21T17:01:24,Chaos Core Set X 117,719910,84229586,117,,
765,2026-09-21T17:51:08,2026-09-21T17:01:24,Chaos Core,696722,696722,1,,
766,2026-09-21T17:52:35,2026-09-21T17:01:24,Chaos Core,696659,696659,1,,
767,2026-09-21T17:54:45,2026-09-21T17:01:24,Force Core(High,202473,12148380,60,,
768,2026-09-21T17:57:55,2026-09-21T17:01:24,Chaos Core,694421,694421,1,,
769,2026-09-21T17:59:02,2026-09-21T17:01:24,Chaos Core,693882,693882,1,,
770,2026-09-21T18:08:20,2026-09-21T18:02:53,Chaos Core,714442,714442,1,,
771,2026-09-21T18:09:34,2026-09-21T18:02:53,Chaos Core,713941,713941,1,,
772,2026-09-21T18:10:28,2026-09-21T18:02:53,Chaos Core Set X 123,719896,88547330,123,,
773,2026-09-21T18:19:41,2026-09-21T18:02:53,Chaos Core Set,719892,97185554,135,,
774,2026-09-21T18:21:12,2026-09-21T18:02:53,Chaos Core Set X 39,719890,28075748,39,,
775,2026-09-21T18:26:36,2026-09-21T18:02:53,Force Core(High,202452,20245200,100,,
776,2026-09-21T18:37:33,2026-09-21T18:02:53,Siena's Unbinding Stone,98998789,98998789,1,,
777,2026-09-21T18:40:29,2026-09-21T18:02:53,Force Core(High,202450,17208250,85,,
778,2026-09-21T18:40:48,2026-09-21T18:02:53,Force Core(High,202449,8300409,41,,
779,2026-09-21T18:46:35,2026-09-21T18:02:53,Chaos Core,704996,704996,1,,
780,2026-09-21T18:47:41,2026-09-21T18:02:53,Chaos Core,704417,704417,1,,
781,2026-09-21T18:49:54,2026-09-21T18:02:53,Chaos Core Set X 102,719888,73428677,102,,
782,2026-09-21T19:06:26,2026-09-21T18:02:53,Chaos Core,711237,711237,1,,
783,2026-09-21T19:10:18,2026-09-21T18:02:53,Chaos Core,710673,710673,1,,
784,2026-09-21T19:11:12,2026-09-21T18:02:53,Upgrade Core (Ultimate,449775,4497750,10,,
785,2026-09-21T19:24:08,2026-09-21T18:02:53,Chaos Core,711441,711441,1,,
786,2026-09-21T19:37:16,2026-09-21T19:33:06,Chaos Core Set X 150,719828,107974349,150,,
787,2026-09-21T19:45:04,2026-09-21T19:41:34,Chaos Core Set X 3,719834,2159504,3,,
788,2026-09-21T20:23:30,2026-09-21T20:16:02,Force Core(High,202402,30360300,150,,
789,2026-09-21T20:25:05,2026-09-21T20:16:02,Yekaterina VIP Membership,119999998,119999998,1,,
790,2026-09-21T20:26:18,2026-09-21T20:16:02,Force Core(High,202401,10120050,50,,
791,2026-09-21T20:27:23,2026-09-21T20:16:02,Force Core(High,202397,20239700,100,,
792,2026-09-21T20:30:22,2026-09-21T20:16:02,Chaos Core Set,719804,36710054,51,,
793,2026-09-21T20:36:20,2026-09-21T20:16:02,Chaos Core,708798,708798,1,,
794,2026-09-21T20:37:27,2026-09-21T20:16:02,Chaos Core,708284,708284,1,,
795,2026-09-21T20:39:06,2026-09-21T20:16:02,Upgrade Core (Ultimate,449728,26533952,59,,
796,2026-09-21T20:39:25,2026-09-21T20:16:02,Upgrade Core (Ultimate,449727,21137169,47,,
797,2026-09-21T20:41:05,2026-09-21T20:16:02,Chaos Core Set X 126,719798,90694673,126,,
798,2026-09-21T20:55:04,2026-09-21T20:16:02,Force Core (Ultimate,399531,7990620,20,,
799,2026-09-21T20:57:26,2026-09-21T20:16:02,Force Core(High,202372,4047440,20,,
800,2026-09-21T21:02:20,2026-09-21T20:16:02,Force Core(High,202371,809484,4,,
801,2026-09-21T21:03:09,2026-09-21T20:16:02,Force Core (Ultimate,399528,3995280,10,,
802,2026-09-21T21:03:15,2026-09-21T20:16:02,Force Core (Ultimate,399527,2397162,6,,
803,2026-09-21T21:06:12,2026-09-21T20:16:02,Chaos Core Set X 138,719769,99328259,138,,
804,2026-09-21T21:11:56,2026-09-21T20:16:02,Force Core(High,202368,2428416,12,,
805,2026-09-21T21:12:15,2026-09-21T20:16:02,Force Core (Ultimate,399538,13584292,34,,
806,2026-09-21T21:14:41,2026-09-21T20:16:02,Force Core(High,202366,1618928,8,,
807,2026-09-21T21:15:32,2026-09-21T20:16:02,Chaos Core Set X 144,719760,103645583,144,,
808,2026-09-21T21:17:37,2026-09-21T20:16:02,Chaos Core Set,719759,144671759,201,,
809,2026-09-21T21:25:25,2026-09-21T20:16:02,Force Core(High,202364,4047280,20,,
810,2026-09-21T21:25:44,2026-09-21T20:16:02,Upgrade Core (Ultimate,449715,7195440,16,,
811,2026-09-21T21:26:18,2026-09-21T20:16:02,Force Core(High,202363,1214178,6,,
812,2026-09-21T21:35:41,2026-09-21T20:16:02,Force Core(High,202362,1214172,6,,
813,2026-09-21T21:35:53,2026-09-21T20:16:02,Force Core (Ultimate,399532,9588768,24,,
814,2026-09-21T21:37:37,2026-09-21T20:16:02,Force Core(High,202361,5059025,25,,
815,2026-09-21T21:37:42,2026-09-21T20:16:02,Upgrade Core (Ultimate,449712,22485600,50,,
816,2026-09-21T21:38:18,2026-09-21T20:16:02,Force Core(High,202360,202360,1,,
817,2026-09-21T21:39:42,2026-09-21T20:16:02,Force Core (Ultimate,399530,1997650,5,,
818,2026-09-21T21:41:07,2026-09-21T20:16:02,Force Core(Highest,220455,3306825,15,,
819,2026-09-21T21:41:57,2026-09-21T20:16:02,Chaos Core Set X 183,719739,131712419,183,,
820,2026-09-21T21:50:18,2026-09-21T20:16:02,Chaos Core Set X 294,719734,211602089,294,,
821,2026-09-21T21:53:30,2026-09-21T20:16:02,Force Core(Highest,220452,2204520,10,,
822,2026-09-21T21:59:30,2026-09-21T20:16:02,Chaos Core Set X 180,719725,129550679,180,,
823,2026-09-21T22:01:22,2026-09-21T20:16:02,Chaos Core Set,719724,168415649,234,,
824,2026-09-21T22:07:13,2026-09-21T20:16:02,Force Core(High,201997,403994,2,,
825,2026-09-21T22:08:53,2026-09-21T20:16:02,Chaos Core,704897,704897,1,,
826,2026-09-21T22:09:35,2026-09-21T20:16:02,Chaos Core,704362,704362,1,,
827,2026-09-21T22:11:44,2026-09-21T20:16:02,Chaos Core Set X 90,719718,64774709,90,,
828,2026-09-21T22:14:00,2026-09-21T20:16:02,Chaos Core Set,719716,110116700,153,,
829,2026-09-21T22:16:14,2026-09-21T20:16:02,Chaos Core Set X 48,719715,34546367,48,,
830,2026-09-21T22:19:29,2026-09-21T20:16:02,Chaos Core Set X 141,719712,101479532,141,,
831,2026-09-21T22:27:11,2026-09-21T20:16:02,Force Core(High,201399,4229379,21,,
832,2026-09-21T22:27:30,2026-09-21T20:16:02,Force Core(High,201398,39876804,198,,
833,2026-09-21T22:27:42,2026-09-21T20:16:02,Force Core(High,201397,32424917,161,,
834,2026-09-21T22:32:54,2026-09-21T20:16:02,Chaos Core Set X 153,719711,110115935,153,,
835,2026-09-21T22:35:35,2026-09-21T20:16:02,Chaos Core Set,719709,207276479,288,,
836,2026-09-21T22:36:05,2026-09-21T20:16:02,Chaos Core Set X 147,719708,105797222,147,,
837,2026-09-21T22:36:27,2026-09-21T20:16:02,Chaos Core Set,719707,120910943,168,,
838,2026-09-21T22:37:16,2026-09-21T20:16:02,Chaos Core Set,719706,179207042,249,,
839,2026-09-21T22:38:14,2026-09-21T20:16:02,Force Core(Highest,220444,44088800,200,,
840,2026-09-21T22:38:49,2026-09-21T20:16:02,Chaos Core Set X 333,719705,239662097,333,,
841,2026-09-21T22:39:36,2026-09-21T20:16:02,Chaos Core Set,719704,157615394,219,,
842,2026-09-21T22:40:49,2026-09-21T20:16:02,Force Core(High),201397,201397,1,,
843,2026-09-21T22:42:35,2026-09-21T20:16:02,Chaos Core,703325,703325,1,,
844,2026-09-21T22:43:19,2026-09-21T20:16:02,Chaos Core,702702,702702,1,,
845,2026-09-21T22:45:03,2026-09-21T20:16:02,Chaos Core Set,719701,129546359,180,,
846,2026-09-21T22:45:29,2026-09-21T20:16:02,Chaos Core Set X 138,719700,99318737,138,,
847,2026-09-21T22:51:35,2026-09-21T20:16:02,Chaos Core Set X 138,719695,99318047,138,,
848,2026-09-21T22:58:40,2026-09-21T20:16:02,Chaos Core Set X 81,719694,58295294,81,,
849,2026-09-21T23:01:17,2026-09-21T20:16:02,Force Core(High,199997,19999700,100,,
850,2026-09-21T23:04:00,2026-09-21T20:16:02,Yekaterina VIP Membership,134999998,134999998,1,,
851,2026-09-21T23:05:39,2026-09-21T20:16:02,Chaos Core Set X 99,719695,71249903,99,,
852,2026-09-21T23:10:25,2026-09-21T20:16:02,Yekaterina VIP Membership,134999998,134999998,1,,
853,2026-09-21T23:13:27,2026-09-21T20:16:02,Chaos Core Set,719694,41022614,57,,
854,2026-09-21T23:18:19,2026-09-21T20:16:02,Force Core(High,199994,8799736,44,,
855,2026-09-21T23:21:20,2026-09-21T20:16:02,Yekaterina VIP Membership,134999998,134999998,1,,
856,2026-09-21T23:23:51,2026-09-21T20:16:02,Force Core(Highest,220430,2204300,10,,
857,2026-09-21T23:24:11,2026-09-21T20:16:02,Force Core(Highest,220429,3306435,15,,
858,2026-09-21T23:24:49,2026-09-21T20:16:02,Force Core(High,199993,10199643,51,,
859,2026-09-21T23:25:01,2026-09-21T20:16:02,Force Core(High,199992,17799288,89,,
860,2026-09-21T23:25:13,2026-09-21T20:16:02,Force Core(High,199991,11999460,60,,
861,2026-09-21T23:31:31,2026-09-21T20:16:02,Chaos Core,708502,708502,1,,
862,2026-09-21T23:32:14,2026-09-21T20:16:02,Chaos Core,707963,707963,1,,
863,2026-09-21T23:35:10,2026-09-21T20:16:02,Chaos Core Set X 213,719697,153295673,213,,
864,2026-09-21T23:37:19,2026-09-21T20:16:02,Force Core (Ultimate,399496,8788912,22,,
865,2026-09-21T23:40:40,2026-09-21T20:16:02,Chaos Core Set X 279,719696,200795462,279,,
866,2026-09-21T23:43:15,2026-09-21T20:16:02,Force Core(High),199997,1999970,10,,
867,2026-09-21T23:45:50,2026-09-21T20:16:02,Chaos Core,713271,713271,1,,
868,2026-09-21T23:46:32,2026-09-21T20:16:02,Chaos Core,712736,712736,1,,
869,2026-09-21T23:49:52,2026-09-21T20:16:02,Chaos Core Set,719693,66931541,93,,
870,2026-09-21T23:50:09,2026-09-21T20:16:02,Chaos Core Set X 81,719692,58295132,81,,
871,2026-09-21T23:50:58,2026-09-21T20:16:02,Force Core(High,199994,8199754,41,,
872,2026-09-21T23:53:11,2026-09-21T20:16:02,Chaos Core,714348,714348,1,,
873,2026-09-21T23:53:54,2026-09-21T20:16:02,Chaos Core,713776,713776,1,,
874,2026-09-21T23:57:28,2026-09-21T20:16:02,Force Core(High,199992,5999760,30,,
875,2026-09-22T00:00:28,2026-09-21T20:16:02,Yekaterina VIP Membership,134999998,134999998,1,,
876,2026-09-22T00:10:30,2026-09-21T20:16:02,Force Core(High,199985,3999700,20,,
877,2026-09-22T00:38:49,2026-09-21T20:16:02,Chaos Core,712837,712837,1,,
878,2026-09-22T00:39:33,2026-09-21T20:16:02,Chaos Core,712161,712161,1,,
879,2026-09-22T00:43:23,2026-09-21T20:16:02,Force Core(High,199979,399958,2,,
880,2026-09-22T00:45:36,2026-09-21T20:16:02,Chaos Core Set,719686,164088635,228,,
881,2026-09-22T00:45:59,2026-09-21T20:16:02,Chaos Core Set,719685,239655437,333,,
882,2026-09-22T00:46:23,2026-09-21T20:16:02,Chaos Core Set,719684,144656684,201,,
883,2026-09-22T00:49:52,2026-09-21T20:16:02,Force Core (Ultimate,399474,56325834,141,,
884,2026-09-22T00:50:45,2026-09-21T20:16:02,Upgrade Core (Ultimate,434989,1304967,3,,
885,2026-09-22T00:58:37,2026-09-21T20:16:02,Force Core(Highest,220402,4408040,20,,
886,2026-09-22T01:03:34,2026-09-21T20:16:02,Chaos Core,711065,711065,1,,
887,2026-09-22T01:04:21,2026-09-21T20:16:02,Chaos Core,710409,710409,1,,
888,2026-09-22T01:05:45,2026-09-21T20:16:02,Chaos Core Set X 60,719664,43179899,60,,
889,2026-09-22T01:08:02,2026-09-21T20:16:02,Force Core(High,198984,1392888,7,,
890,2026-09-22T01:08:52,2026-09-21T20:16:02,Chaos Core Set X 201,719662,144652262,201,,
891,2026-09-22T01:14:03,2026-09-21T20:16:02,Chaos Core,709051,709051,1,,
892,2026-09-22T01:14:45,2026-09-21T20:16:02,Chaos Core,707769,707769,1,,
893,2026-09-22T01:23:30,2026-09-21T20:16:02,Chaos Core,716675,716675,1,,
894,2026-09-22T01:24:16,2026-09-21T20:16:02,Chaos Core,715362,715362,1,,
895,2026-09-22T01:31:49,2026-09-21T20:16:02,Chaos Core,715615,715615,1,,
896,2026-09-22T01:35:21,2026-09-21T20:16:02,Force Core(High,198934,7559492,38,,
897,2026-09-22T01:39:33,2026-09-21T20:16:02,Chaos Core,713227,713227,1,,
898,2026-09-22T01:40:18,2026-09-21T20:16:02,Chaos Core,712563,712563,1,,
899,2026-09-22T01:54:21,2026-09-21T20:16:02,Chaos Core,714979,714979,1,,
900,2026-09-22T01:55:07,2026-09-21T20:16:02,Chaos Core,714439,714439,1,,
901,2026-09-22T01:58:22,2026-09-21T20:16:02,Force Core(Highest,220336,22033600,100,,
902,2026-09-22T01:59:11,2026-09-21T20:16:02,Chaos Core Set X 228,719622,164074043,228,,
903,2026-09-22T01:59:34,2026-09-21T20:16:02,Chaos Core Set X 228,719621,164073815,228,,
904,2026-09-22T01:59:57,2026-09-21T20:16:02,Chaos Core Set X 228,719620,164073587,228,,
905,2026-09-22T02:00:20,2026-09-21T20:16:02,Chaos Core Set X 222,719619,159755639,222,,
906,2026-09-22T02:01:35,2026-09-21T20:16:02,Chaos Core Set,719613,118736309,165,,
907,2026-09-22T02:02:15,2026-09-21T20:16:02,Chaos Core Set,719610,159753641,222,,
908,2026-09-22T02:04:05,2026-09-21T20:16:02,Chaos Core,719330,719330,1,,
909,2026-09-22T02:05:00,2026-09-21T20:16:02,Chaos Core,718132,718132,1,,
910,2026-09-22T02:12:11,2026-09-21T20:16:02,Chaos Core,727603,727603,1,,
911,2026-09-22T02:12:54,2026-09-21T20:16:02,Yekaterina VIP Membership,134999998,134999998,1,,
912,2026-09-22T02:14:29,2026-09-21T20:16:02,Siena's Unbinding Stone,98998789,98998789,1,,
913,2026-09-22T02:16:02,2026-09-21T20:16:02,Force Core(High,198871,3380807,17,,
914,2026-09-22T02:17:06,2026-09-21T20:16:02,Chaos Core Set X 78,719599,56128799,78,,
915,2026-09-22T02:18:40,2026-09-21T20:16:02,Chaos Core,725906,725906,1,,
916,2026-09-22T02:20:45,2026-09-21T20:16:02,Chaos Core,725906,725906,1,,
917,2026-09-22T02:25:23,2026-09-21T20:16:02,Chaos Core Set X 42,717589,30138779,42,,
918,2026-09-22T02:30:39,2026-09-21T20:16:02,Chaos Core,722292,722292,1,,
919,2026-09-22T02:35:36,2026-09-21T20:16:02,Chaos Core Set X 27,717588,19374902,27,,
920,2026-09-22T02:37:29,2026-09-21T20:16:02,Chaos Core,723330,723330,1,,
921,2026-09-22T02:42:49,2026-09-21T20:16:02,Force Core(High,198834,1789506,9,,
922,2026-09-22T02:47:05,2026-09-21T20:16:02,Chaos Core,715487,715487,1,,
923,2026-09-22T02:50:07,2026-09-21T20:16:02,Force Core(High,198831,1988310,10,,
924,2026-09-22T02:52:12,2026-09-21T20:16:02,Chaos Core,688247,688247,1,,
925,2026-09-22T02:54:51,2026-09-21T20:16:02,Yekaterina VIP Membership,134999998,134999998,1,,
926,2026-09-22T02:57:14,2026-09-21T20:16:02,Force Core(High,198826,39765200,200,,
927,2026-09-22T02:59:07,2026-09-21T20:16:02,Chaos Core Set X 141,719177,102123197,142,,
928,2026-09-22T02:59:29,2026-09-21T20:16:02,Chaos Core Set X 69,724276,49975112,69,,
929,2026-09-22T03:22:34,2026-09-21T20:16:02,Yekaterina VIP Membership,134999998,134999998,1,,
930,2026-09-22T03:38:45,2026-09-21T20:16:02,Chaos Core,710634,710634,1,,
931,2026-09-22T03:43:05,2026-09-21T20:16:02,Chaos Core,709331,709331,1,,
932,2026-09-22T03:57:50,2026-09-21T20:16:02,Force Core(High,198749,10334948,52,,
933,2026-09-22T04:02:45,2026-09-21T20:16:02,Force Core (Ultimate,399281,3992810,10,,
934,2026-09-22T04:04:34,2026-09-21T20:16:02,Force Core (Ultimate,399278,71870040,180,,
935,2026-09-22T04:04:56,2026-09-21T20:16:02,Force Core (Ultimate,399276,19963800,50,,
936,2026-09-22T04:05:18,2026-09-21T20:16:02,Chaos Core,711141,711141,1,,
937,2026-09-22T04:06:15,2026-09-21T20:16:02,Force Core(High,198740,21861400,110,,
938,2026-09-22T04:07:25,2026-09-21T20:16:02,Chaos Core Set X 300,719663,215899199,300,,
939,2026-09-22T04:19:08,2026-09-21T20:16:02,Force Core(High,198736,596208,3,,
940,2026-09-22T04:21:13,2026-09-21T20:16:02,Chaos Core Set X 213,719650,153285662,213,,
941,2026-09-22T04:23:26,2026-09-21T20:16:02,Chaos Core Set,719647,140331359,195,,
942,2026-09-22T04:24:38,2026-09-21T20:16:02,Chaos Core Set X 213,719642,153283958,213,,
943,2026-09-22T04:25:16,2026-09-21T20:16:02,Chaos Core Set X 162,719641,116582003,162,,
944,2026-09-22T04:25:54,2026-09-21T20:16:02,Chaos Core Set X 186,719640,133853225,186,,
945,2026-09-22T04:31:30,2026-09-21T20:16:02,Chaos Core,706380,706380,1,,
946,2026-09-22T04:32:10,2026-09-21T20:16:02,Chaos Core Set X 183,719634,131693204,183,,
947,2026-09-22T04:32:48,2026-09-21T20:16:02,Chaos Core Set X 195,719631,140328239,195,,
948,2026-09-22T04:33:10,2026-09-21T20:16:02,Chaos Core Set,719630,79879040,111,,
949,2026-09-22T04:33:33,2026-09-21T20:16:02,Chaos Core Set X 3,719629,2158889,3,,
950,2026-09-22T04:33:55,2026-09-21T20:16:02,Chaos Core Set X 144,719632,103627151,144,,
951,2026-09-22T04:34:23,2026-09-21T20:16:02,Chaos Core Set X 114,719631,82038047,114,,
952,2026-09-22T04:36:14,2026-09-21T20:16:02,Chaos Core,705213,705213,1,,
953,2026-09-22T04:36:56,2026-09-21T20:16:02,Yekaterina VIP Membership,134999998,134999998,1,,
954,2026-09-22T04:39:30,2026-09-21T20:16:02,Force Core(High,198718,3974360,20,,
955,2026-09-22T04:40:35,2026-09-21T20:16:02,Chaos Core,707601,707601,1,,
956,2026-09-22T04:41:10,2026-09-21T20:16:02,Force Core(High,198717,1987170,10,,
957,2026-09-22T04:48:35,2026-09-21T20:16:02,Chaos Core,736254,736254,1,,
958,2026-09-22T04:51:06,2026-09-21T20:16:02,Force Core(High,198705,2384460,12,,
959,2026-09-22T04:51:24,2026-09-21T20:16:02,Force Core(High,198704,7948160,40,,
960,2026-09-22T04:52:31,2026-09-21T20:16:02,Force Core(High,198703,1589624,8,,
961,2026-09-22T04:55:48,2026-09-21T20:16:02,Chaos Core,735716,735716,1,,
962,2026-09-22T04:57:00,2026-09-21T20:16:02,Upgrade Core (Ultimate,434746,17389840,40,,
963,2026-09-22T04:57:34,2026-09-21T20:16:02,Siena's Unbinding Stone,98998789,98998789,1,,
964,2026-09-22T04:59:49,2026-09-21T20:16:02,Chaos Core,735706,735706,1,,
965,2026-09-22T05:02:33,2026-09-21T20:16:02,Chaos Core,734942,734942,1,,
966,2026-09-22T05:06:01,2026-09-21T20:16:02,Chaos Core,736968,736968,1,,
967,2026-09-22T05:08:48,2026-09-21T20:16:02,Chaos Core,735802,735802,1,,
968,2026-09-22T05:18:26,2026-09-21T20:16:02,Force Core(High,198673,6158863,31,,
969,2026-09-22T05:24:44,2026-09-21T20:16:02,Force Core(High,198669,1986690,10,,
970,2026-09-22T05:35:31,2026-09-21T20:16:02,Chaos Core,728447,728447,1,,
971,2026-09-22T05:38:27,2026-09-21T20:16:02,Chaos Core,716721,716721,1,,
972,2026-09-22T05:44:32,2026-09-21T20:16:02,Chaos Core,733321,733321,1,,
973,2026-09-22T05:48:01,2026-09-21T20:16:02,Chaos Core,733316,733316,1,,
974,2026-09-22T06:35:24,2026-09-21T20:16:02,Chaos Core,727648,727648,1,,
975,2026-09-22T06:45:18,2026-09-21T20:16:02,Chaos Core,726464,726464,1,,
976,2026-09-22T06:46:59,2026-09-21T20:16:02,Chaos Core Set,718811,190484999,265,,
977,2026-09-22T06:48:32,2026-09-21T20:16:02,Chaos Core Set,718404,150146597,209,,
978,2026-09-22T06:50:39,2026-09-21T20:16:02,Chaos Core Set,719828,118771727,165,,
979,2026-09-22T06:55:01,2026-09-21T20:16:02,Chaos Core,738224,738224,1,,
980,2026-09-22T06:58:29,2026-09-21T20:16:02,Chaos Core,737713,737713,1,,
981,2026-09-22T07:05:34,2026-09-21T20:16:02,Yekaterina VIP Membership,134999998,134999998,1,,
982,2026-09-22T07:14:31,2026-09-21T20:16:02,Chaos Core,716077,716077,1,,
983,2026-09-22T07:17:13,2026-09-21T20:16:02,Force Core(Highest,209918,10495900,50,,
984,2026-09-22T07:18:02,2026-09-21T20:16:02,Chaos Core,714829,714829,1,,
985,2026-09-22T07:23:22,2026-09-21T20:16:02,Chaos Core,714123,714123,1,,
986,2026-09-22T09:38:35,2026-09-22T09:33:59,Yekaterina VIP Membership,134999998,134999998,1,,
987,2026-09-22T09:39:57,2026-09-22T09:33:59,Force Core (Ultimate,345365,82887600,240,,
988,2026-09-22T09:40:49,2026-09-22T09:33:59,Chaos Core,715300,715300,1,,
989,2026-09-22T09:41:22,2026-09-22T09:33:59,Force Core (Ultimate,354000,88500000,250,,
990,2026-09-22T09:41:44,2026-09-22T09:33:59,Chaos Core,713480,713480,1,,
991,2026-09-22T09:42:25,2026-09-22T09:33:59,Force Core (Ultimate,350350,67267200,192,,
992,2026-09-22T09:42:30,2026-09-22T09:33:59,Force Core(High,194485,46676400,240,,
993,2026-09-22T09:42:41,2026-09-22T09:33:59,Force Core(High,194483,48620750,250,,
994,2026-09-22T09:42:53,2026-09-22T09:33:59,Force Core(High,194482,6806870,35,,
995,2026-09-22T09:43:21,2026-09-22T09:33:59,Chaos Core Set X 3,736911,88429400,120,,
996,2026-09-22T09:44:00,2026-09-22T09:33:59,Chaos Core Set X 216,736909,159172559,216,,
997,2026-09-22T09:50:34,2026-09-22T09:33:59,Force Core(High,192999,27212859,141,,
998,2026-09-22T09:53:54,2026-09-22T09:33:59,Chaos Core Set X 243,736895,179065727,243,,
999,2026-09-22T09:56:00,2026-09-22T09:33:59,Force Core(High),197998,7919920,40,,
1000,2026-09-22T10:06:08,2026-09-22T09:59:18,Chaos Core,707178,707178,1,,
1001,2026-09-22T10:07:12,2026-09-22T09:59:18,Chaos Core,706578,706578,1,,
1002,2026-09-22T10:08:39,2026-09-22T09:59:18,Chaos Core Set X 252,736883,185694767,252,,
1003,2026-09-22T10:16:14,2026-09-22T09:59:18,Force Core(Highest,207991,3327856,16,,
1004,2026-09-22T10:16:32,2026-09-22T09:59:18,Force Core(Highest,207990,4159800,20,,
1005,2026-09-22T10:16:37,2026-09-22T09:59:18,Chaos Core,709381,709381,1,,
1006,2026-09-22T10:17:19,2026-09-22T09:59:18,Force Core(Highest,207990,2079900,10,,
1007,2026-09-22T10:17:53,2026-09-22T09:59:18,Chaos Core,714751,714751,1,,
1008,2026-09-22T10:21:48,2026-09-22T09:59:18,Force Core (Ultimate),353999,7079980,20,,
1009,2026-09-22T10:28:27,2026-09-22T09:59:18,Chaos Core,714831,714831,1,,
1010,2026-09-22T10:37:49,2026-09-22T09:59:18,Chaos Core,713064,713064,1,,
1011,2026-09-22T10:38:53,2026-09-22T09:59:18,Chaos Core,719384,719384,1,,
1012,2026-09-22T10:39:28,2026-09-22T09:59:18,Chaos Core Set X 198,736839,145894319,198,,
1013,2026-09-22T10:42:40,2026-09-22T09:59:18,Force Core (Ultimate,353997,33275718,94,,
1014,2026-09-22T10:46:48,2026-09-22T09:59:18,Chaos Core,728780,728780,1,,
1015,2026-09-22T10:53:14,2026-09-22T09:59:18,Siena's Unbinding Stone,98998789,98998789,1,,
1016,2026-09-22T10:57:29,2026-09-22T09:59:18,Chaos Core Set X 177,734859,129335315,176,,
1017,2026-09-22T10:57:40,2026-09-22T09:59:18,Chaos Core Set X 141,735926,103029686,140,,
1018,2026-09-22T11:01:12,2026-09-22T09:59:18,Force Core(Highest,207965,4159300,20,,
1019,2026-09-22T11:01:31,2026-09-22T09:59:18,Chaos Core,716623,716623,1,,
1020,2026-09-22T11:02:37,2026-09-22T09:59:18,Chaos Core,716744,716744,1,,
1021,2026-09-22T11:06:21,2026-09-22T09:59:18,Force Core (Ultimate,399286,399286,1,,
1022,2026-09-22T11:10:26,2026-09-22T09:59:18,Upgrade Core (Ultimate,425520,851040,2,,
1023,2026-09-22T11:15:51,2026-09-22T09:59:18,Upgrade Core (Ultimate,425516,11488932,27,,
1024,2026-09-22T11:16:53,2026-09-22T09:59:18,Chaos Core,718354,718354,1,,
1025,2026-09-22T11:18:08,2026-09-22T09:59:18,Chaos Core,717815,717815,1,,
1026,2026-09-22T11:19:29,2026-09-22T09:59:18,Force Core(High,190088,35546456,187,,
1027,2026-09-22T11:19:34,2026-09-22T09:59:18,Force Core(High,190088,27942936,147,,
1028,2026-09-22T11:20:26,2026-09-22T09:59:18,Chaos Core Set X 264,736250,192897671,262,,
1029,2026-09-22T11:20:37,2026-09-22T09:59:18,Force Core(High,190146,20535768,108,,
1030,2026-09-22T11:33:38,2026-09-22T09:59:18,Chaos Core,707018,707018,1,,
1031,2026-09-22T11:34:46,2026-09-22T09:59:18,Chaos Core,706321,706321,1,,
1032,2026-09-22T11:40:17,2026-09-22T09:59:18,Upgrade Core (Ultimate,425501,70207665,165,,
1033,2026-09-22T11:40:29,2026-09-22T09:59:18,Upgrade Core (Ultimate,425500,36167500,85,,
1034,2026-09-22T11:41:35,2026-09-22T09:59:18,Upgrade Core (Ultimate,425497,12764910,30,,
1035,2026-09-22T11:42:27,2026-09-22T09:59:18,Chaos Core Set X 180,738838,131513219,178,,
1036,2026-09-22T11:42:42,2026-09-22T09:59:18,Chaos Core Set X 219,737360,160007312,217,,
1037,2026-09-22T11:42:58,2026-09-22T09:59:18,Chaos Core Set X 225,737178,164390849,223,,
1038,2026-09-22T11:43:13,2026-09-22T09:59:18,Chaos Core Set X 147,735629,107401874,146,,
1039,2026-09-22T11:50:39,2026-09-22T09:59:18,Chaos Core Set X 3,730616,94249550,129,,
1040,2026-09-22T11:52:34,2026-09-22T09:59:18,Chaos Core Set X 180,738825,131510879,178,,
1041,2026-09-22T11:54:19,2026-09-22T09:59:18,Force Core(High,197963,7918520,40,,
1042,2026-09-22T11:54:38,2026-09-22T09:59:18,Upgrade Core (Ultimate),440427,26425620,60,,
1043,2026-09-22T11:59:52,2026-09-22T09:59:18,Chaos Core,716445,716445,1,,
1044,2026-09-22T12:00:50,2026-09-22T09:59:18,Chaos Core,715458,715458,1,,
1045,2026-09-22T12:03:17,2026-09-22T09:59:18,Force Core(High,197952,1979520,10,,
1046,2026-09-22T12:11:40,2026-09-22T09:59:18,Chaos Core,715393,715393,1,,
1047,2026-09-22T12:12:32,2026-09-22T09:59:18,Chaos Core,714804,714804,1,,
1048,2026-09-22T12:13:12,2026-09-22T09:59:18,Chaos Core Set X 63,741038,45944387,62,,
1049,2026-09-22T12:17:44,2026-09-22T09:59:18,Chaos Core Set,735633,168459983,229,,
1050,2026-09-22T12:23:00,2026-09-22T09:59:18,Force Core(High,194995,779980,4,,
1051,2026-09-22T12:23:19,2026-09-22T09:59:18,Force Core(High,194994,35878896,184,,
1052,2026-09-22T12:28:16,2026-09-22T09:59:18,Chaos Core Set X 42,729252,30628625,42,,
1053,2026-09-22T12:40:17,2026-09-22T09:59:18,Chaos Core,706705,706705,1,,
1054,2026-09-22T12:40:58,2026-09-22T09:59:18,Force Core(Highest,205994,2059940,10,,
1055,2026-09-22T12:41:16,2026-09-22T09:59:18,Chaos Core,706178,706178,1,,
1056,2026-09-22T12:41:59,2026-09-22T09:59:18,Chaos Core Set,738018,230999669,313,,
1057,2026-09-22T12:43:01,2026-09-22T09:59:18,Force Core(High,194990,37243090,191,,
1058,2026-09-22T12:44:48,2026-09-22T09:59:18,Chaos Core Set X 42,729245,30628331,42,,
1059,2026-09-22T12:50:20,2026-09-22T09:59:18,Upgrade Core (Ultimate,457994,457994,1,,
1060,2026-09-22T12:51:53,2026-09-22T09:59:18,Chaos Core Set X 140,738542,101918879,138,,
1061,2026-09-22T12:54:25,2026-09-22T09:59:18,Chaos Core,722499,722499,1,,
1062,2026-09-22T12:55:17,2026-09-22T09:59:18,Chaos Core,721866,721866,1,,
1063,2026-09-22T12:58:07,2026-09-22T09:59:18,Chaos Core Set X 3,724997,2174993,3,,
1064,2026-09-22T12:58:29,2026-09-22T09:59:18,Chaos Core Set X 193,736444,139924420,190,,
1065,2026-09-22T12:58:52,2026-09-22T09:59:18,Chaos Core Set X 330,736149,239248679,325,,
1066,2026-09-22T13:01:26,2026-09-22T09:59:18,Chaos Core,724170,724170,1,,
1067,2026-09-22T13:02:23,2026-09-22T09:59:18,Chaos Core,721897,721897,1,,
1068,2026-09-22T13:04:15,2026-09-22T09:59:18,Force Core(High,194960,47960160,246,,
1069,2026-09-22T13:12:19,2026-09-22T09:59:18,Chaos Core,719884,719884,1,,
1070,2026-09-22T13:13:11,2026-09-22T09:59:18,Chaos Core,719218,719218,1,,
1071,2026-09-22T13:14:39,2026-09-22T09:59:18,Force Core(High,194953,11502227,59,,
1072,2026-09-22T13:14:44,2026-09-22T09:59:18,Force Core(High,194952,4873800,25,,
1073,2026-09-22T13:31:19,2026-09-22T09:59:18,Chaos Core,719218,719218,1,,
1074,2026-09-22T13:32:11,2026-09-22T09:59:18,Chaos Core,718712,718712,1,,
1075,2026-09-22T13:33:37,2026-09-22T09:59:18,Upgrade Core (Ultimate,457950,15112350,33,,
1076,2026-09-22T13:33:55,2026-09-22T09:59:18,Upgrade Core (Ultimate,457949,21065654,46,,
1077,2026-09-22T13:34:00,2026-09-22T09:59:18,Upgrade Core (Ultimate,457948,46710696,102,,
1078,2026-09-22T13:39:52,2026-09-22T09:59:18,Chaos Core,724053,724053,1,,
1079,2026-09-22T13:49:32,2026-09-22T09:59:18,Chaos Core,720951,720951,1,,
1080,2026-09-22T13:50:22,2026-09-22T09:59:18,Chaos Core,720354,720354,1,,
1081,2026-09-22T13:52:42,2026-09-22T09:59:18,Force Core(High,194911,1949110,10,,
1082,2026-09-22T13:54:01,2026-09-22T09:59:18,Upgrade Core (Ultimate,457889,3663112,8,,
1083,2026-09-22T13:57:00,2026-09-22T09:59:18,Chaos Core,719265,719265,1,,
1084,2026-09-22T13:57:50,2026-09-22T09:59:18,Chaos Core,719141,719141,1,,
1085,2026-09-22T13:59:00,2026-09-22T09:59:18,Force Core (Ultimate,384918,1924590,5,,
1086,2026-09-22T14:00:34,2026-09-22T09:59:18,Force Core(High,193992,5819760,30,,
1087,2026-09-22T14:26:01,2026-09-22T09:59:18,Upgrade Core (Ultimate,457853,9157060,20,,
1088,2026-09-22T14:31:12,2026-09-22T09:59:18,Chaos Core,687524,687524,1,,
1089,2026-09-22T14:32:03,2026-09-22T09:59:18,Chaos Core,686918,686918,1,,
1090,2026-09-22T14:39:08,2026-09-22T09:59:18,Chaos Core,711228,711228,1,,
1091,2026-09-22T14:43:01,2026-09-22T09:59:18,Chaos Core Set X 318,737097,231448667,314,,
1092,2026-09-22T14:45:49,2026-09-22T09:59:18,Chaos Core Set X 180,736002,131008499,178,,
1093,2026-09-22T14:49:45,2026-09-22T09:59:18,Chaos Core,709365,709365,1,,
1094,2026-09-22T14:50:38,2026-09-22T09:59:18,Chaos Core,708684,708684,1,,
1095,2026-09-22T14:52:20,2026-09-22T09:59:18,Chaos Core Set X 252,736587,183410387,249,,
1096,2026-09-22T14:54:56,2026-09-22T09:59:18,Chaos Core Set X 249,736693,181226681,246,,
1097,2026-09-22T14:58:03,2026-09-22T09:59:18,Force Core(High,189974,19947270,105,,
1098,2026-09-22T14:58:22,2026-09-22T09:59:18,Force Core(High,189973,18617354,98,,
1099,2026-09-22T15:02:30,2026-09-22T09:59:18,Chaos Core,715194,715194,1,,
1100,2026-09-22T15:03:20,2026-09-22T09:59:18,Chaos Core,716668,716668,1,,
1101,2026-09-22T15:09:09,2026-09-22T15:07:55,Upgrade Core (Ultimate,457826,457826,1,,
1102,2026-09-22T15:09:14,2026-09-22T15:07:55,Chaos Core Set X 231,737383,168123416,228,,
1103,2026-09-22T15:11:28,2026-09-22T15:07:55,Chaos Core Set X 330,736728,240173339,326,,
1104,2026-09-22T15:14:22,2026-09-22T15:07:55,Chaos Core Set X 114,734239,82969085,113,,
1105,2026-09-22T15:15:56,2026-09-22T15:07:55,Chaos Core Set X 249,736673,181221701,246,,
1106,2026-09-22T15:17:34,2026-09-22T15:07:55,Upgrade Core (Ultimate,457819,37083339,81,,
1107,2026-09-22T15:17:39,2026-09-22T15:07:55,Chaos Core Set X 75,737632,54584774,74,,
1108,2026-09-22T15:20:41,2026-09-22T15:07:55,Chaos Core Set X 240,737009,174671279,237,,
1109,2026-09-22T15:31:17,2026-09-22T15:30:17,Yekaterina VIP Membership,114999998,114999998,1,,
1110,2026-09-22T15:35:08,2026-09-22T15:30:17,Chaos Core,715477,715477,1,,
1111,2026-09-22T15:35:44,2026-09-22T15:30:17,Chaos Core,714911,714911,1,,
1112,2026-09-22T15:36:38,2026-09-22T15:30:17,Chaos Core Set X 276,735805,200875007,273,,
1113,2026-09-22T15:37:56,2026-09-22T15:30:17,Chaos Core Set X 249,736679,181223195,246,,
1114,2026-09-22T15:38:38,2026-09-22T15:30:17,Force Core(Highest,204932,9836736,48,,
1115,2026-09-22T15:42:25,2026-09-22T15:41:19,Chaos Core,719379,2158137,3,,
1116,2026-09-22T16:11:21,2026-09-22T16:02:25,Chaos Core,716951,716951,1,,
1117,2026-09-22T16:12:14,2026-09-22T16:02:25,Chaos Core,718085,718085,1,,
1118,2026-09-22T16:22:35,2026-09-22T16:02:25,Upgrade Core (Ultimate,457805,36624400,80,,
1119,2026-09-22T16:28:48,2026-09-22T16:02:25,Force Core(High,189936,5698080,30,,
1120,2026-09-22T16:29:53,2026-09-22T16:02:25,Upgrade Core (Ultimate,457797,49442076,108,,
1121,2026-09-22T16:30:04,2026-09-22T16:02:25,Upgrade Core (Ultimate,457796,29298944,64,,
1122,2026-09-22T16:36:15,2026-09-22T16:02:25,Force Core(High,189930,13864890,73,,
1123,2026-09-22T16:46:46,2026-09-22T16:40:25,Chaos Core,715343,715343,1,,
1124,2026-09-22T16:47:36,2026-09-22T16:40:25,Chaos Core,713964,713964,1,,
1125,2026-09-22T17:08:24,2026-09-22T16:40:25,Chaos Core,720190,720190,1,,
1126,2026-09-22T17:09:17,2026-09-22T16:40:25,Chaos Core,719644,719644,1,,
1127,2026-09-22T17:21:28,2026-09-22T16:40:25,Upgrade Core (Ultimate,457750,82395000,180,,
1128,2026-09-22T17:46:22,2026-09-22T16:40:25,Chaos Core,709404,709404,1,,
1129,2026-09-22T17:47:24,2026-09-22T16:40:25,Chaos Core,708737,708737,1,,
1130,2026-09-22T17:56:15,2026-09-22T16:40:25,Chaos Core,707982,707982,1,,
1131,2026-09-22T18:03:20,2026-09-22T16:40:25,Chaos Core,706322,706322,1,,
1132,2026-09-22T18:04:17,2026-09-22T16:40:25,Chaos Core,706218,706218,1,,
1133,2026-09-22T18:14:09,2026-09-22T16:40:25,Force Core(High,186909,3925089,21,,
1134,2026-09-22T18:20:05,2026-09-22T16:40:25,Chaos Core Set X 27,727592,19645010,27,,
1135,2026-09-22T18:22:37,2026-09-22T16:40:25,Chaos Core Set X 201,727590,146245790,201,,
1136,2026-09-22T18:25:39,2026-09-22T16:40:25,Force Core(High,186906,7850052,42,,
1137,2026-09-22T18:26:08,2026-09-22T16:40:25,Chaos Core Set X 267,727589,194266529,267,,
1138,2026-09-22T18:31:25,2026-09-22T16:40:25,Chaos Core Set X 30,727585,21827579,30,,
1139,2026-09-22T18:34:32,2026-09-22T16:40:25,Upgrade Core (Ultimate,457700,13731000,30,,
1140,2026-09-22T18:37:05,2026-09-22T16:40:25,Chaos Core,699123,699123,1,,
1141,2026-09-22T18:38:01,2026-09-22T16:40:25,Chaos Core,698506,698506,1,,
1142,2026-09-22T18:39:30,2026-09-22T16:40:25,Chaos Core Set,727582,216092150,297,,
1143,2026-09-22T18:41:45,2026-09-22T16:40:25,Force Core(High,186906,20559660,110,,
1144,2026-09-22T18:42:04,2026-09-22T16:40:25,Force Core(High,186905,6728580,36,,
1145,2026-09-22T18:48:56,2026-09-22T16:40:25,Force Core(High,186904,5046408,27,,
1146,2026-09-22T18:49:16,2026-09-22T16:40:25,Force Core(High,186903,560709,3,,
1147,2026-09-22T18:54:28,2026-09-22T16:40:25,Force Core (Ultimate,384737,67713712,176,,
1148,2026-09-22T18:54:48,2026-09-22T16:40:25,Force Core (Ultimate,384736,86180864,224,,
1149,2026-09-22T18:56:09,2026-09-22T16:40:25,Force Core(High,189951,2659314,14,,
1150,2026-09-22T18:57:49,2026-09-22T16:40:25,Upgrade Core (Ultimate,457682,22884100,50,,
1151,2026-09-22T19:04:08,2026-09-22T16:40:25,Chaos Core,714611,714611,1,,
1152,2026-09-22T19:16:55,2026-09-22T16:40:25,Force Core(Highest,189992,1329944,7,,
1153,2026-09-22T19:50:13,2026-09-22T16:40:25,Chaos Core,699062,699062,1,,
1154,2026-09-22T19:51:04,2026-09-22T16:40:25,Chaos Core,699630,699630,1,,
1155,2026-09-22T19:55:52,2026-09-22T16:40:25,Force Core(High),197994,1385958,7,,
1156,2026-09-22T19:56:11,2026-09-22T16:40:25,Force Core(High),197993,4553839,23,,
1157,2026-09-22T20:05:33,2026-09-22T16:40:25,Chaos Core,694936,694936,1,,
1158,2026-09-22T20:06:26,2026-09-22T16:40:25,Chaos Core,694392,694392,1,,
1159,2026-09-22T20:23:15,2026-09-22T16:40:25,Force Core(High,197970,5939100,30,,
1160,2026-09-22T20:32:17,2026-09-22T16:40:25,Siena's Unbinding Stone,98998789,98998789,1,,
1161,2026-09-22T20:48:35,2026-09-22T16:40:25,Chaos Core,681309,681309,1,,
1162,2026-09-22T20:49:29,2026-09-22T16:40:25,Chaos Core,680686,680686,1,,
1163,2026-09-22T21:00:22,2026-09-22T16:40:25,Upgrade Core (Ultimate,457570,4575700,10,,
1164,2026-09-22T21:03:53,2026-09-22T16:40:25,Chaos Core,681554,681554,1,,
1165,2026-09-22T21:04:44,2026-09-22T16:40:25,Chaos Core,680944,680944,1,,
1166,2026-09-22T21:18:15,2026-09-22T16:40:25,Yekaterina VIP Membership,134999998,134999998,1,,
1167,2026-09-22T21:19:38,2026-09-22T16:40:25,Chaos Core,689450,689450,1,,
1168,2026-09-22T21:20:29,2026-09-22T16:40:25,Chaos Core,688808,688808,1,,
1169,2026-09-22T21:27:32,2026-09-22T16:40:25,Chaos Core,691475,691475,1,,
1170,2026-09-22T21:34:57,2026-09-22T16:40:25,Chaos Core,690367,690367,1,,
1171,2026-09-22T21:38:08,2026-09-22T16:40:25,Chaos Core,691894,691894,1,,
1172,2026-09-22T21:38:59,2026-09-22T16:40:25,Chaos Core,699399,699399,1,,
1173,2026-09-22T21:46:01,2026-09-22T16:40:25,Chaos Core,711069,711069,1,,
1174,2026-09-22T21:46:54,2026-09-22T16:40:25,Chaos Core,711535,711535,1,,
1175,2026-09-22T21:48:48,2026-09-22T16:40:25,Chaos Core Set X 216,727234,157082759,216,,
1176,2026-09-22T21:50:38,2026-09-22T16:40:25,Chaos Core Set X 237,727233,172354457,237,,
1177,2026-09-22T21:52:40,2026-09-22T16:40:25,Chaos Core Set X 63,727232,45815678,63,,
1178,2026-09-22T21:55:41,2026-09-22T16:40:25,Chaos Core Set X 201,727231,146173631,201,,
1179,2026-09-22T22:04:31,2026-09-22T21:59:25,Chaos Core,709666,709666,1,,
1180,2026-09-22T22:05:22,2026-09-22T21:59:25,Chaos Core,709165,709165,1,,
1181,2026-09-22T22:06:46,2026-09-22T21:59:25,Chaos Core Set X 99,727224,71995274,99,,
1182,2026-09-22T22:08:15,2026-09-22T21:59:25,Chaos Core Set X 3,727223,2181671,3,,
1183,2026-09-22T22:12:51,2026-09-22T21:59:25,Chaos Core,708518,708518,1,,
1184,2026-09-22T22:13:42,2026-09-22T21:59:25,Chaos Core,707909,707909,1,,
1185,2026-09-22T22:15:35,2026-09-22T21:59:25,Chaos Core Set X 153,727222,111265118,153,,
1186,2026-09-22T22:18:26,2026-09-22T21:59:25,Chaos Core Set X 156,727224,113447099,156,,
1187,2026-09-22T22:22:45,2026-09-22T21:59:25,Chaos Core,707352,707352,1,,
1188,2026-09-22T22:23:36,2026-09-22T21:59:25,Chaos Core,707277,707277,1,,
1189,2026-09-22T22:27:21,2026-09-22T21:59:25,Upgrade Core (Ultimate,457540,10523420,23,,
1190,2026-09-22T22:28:34,2026-09-22T21:59:25,Force Core(High,197890,31662400,160,,
1191,2026-09-22T22:30:54,2026-09-22T21:59:25,Chaos Core,707359,707359,1,,
1192,2026-09-22T22:31:46,2026-09-22T21:59:25,Chaos Core,706744,706744,1,,
1193,2026-09-22T22:35:27,2026-09-22T21:59:25,Upgrade Core (Ultimate,457537,15098721,33,,
1194,2026-09-22T22:36:22,2026-09-22T21:59:25,Force Core(High,197888,39577600,200,,
1195,2026-09-22T22:36:34,2026-09-22T21:59:25,Force Core(High,197887,10488011,53,,
1196,2026-09-22T22:45:10,2026-09-22T21:59:25,Force Core(High),197884,29682600,150,,
1197,2026-09-22T22:53:29,2026-09-22T21:59:25,Epic Booster (Highest),46699999,93399998,2,,
1198,2026-09-22T23:00:40,2026-09-22T21:59:25,Force Core(High,197878,1978780,10,,
1199,2026-09-22T23:07:33,2026-09-22T21:59:25,Force Core(High,197876,1978760,10,,
1200,2026-09-22T23:07:52,2026-09-22T21:59:25,Force Core(High,197875,1978750,10,,
1201,2026-09-22T23:18:28,2026-09-22T21:59:25,Force Core (Ultimate,384607,15768887,41,,
1202,2026-09-22T23:20:03,2026-09-22T21:59:25,Chaos Core Set X 249,727175,181066823,249,,
1203,2026-09-22T23:22:29,2026-09-22T21:59:25,Upgrade Core (Ultimate,457519,33856406,74,,
1204,2026-09-22T23:22:47,2026-09-22T21:59:25,Chaos Core Set X 330,727174,239967749,330,,
1205,2026-09-22T23:30:21,2026-09-22T21:59:25,Chaos Core Set,727170,113438675,156,,
1206,2026-09-22T23:32:34,2026-09-22T21:59:25,Upgrade Core (Ultimate,457518,27451080,60,,
1207,2026-09-22T23:33:08,2026-09-22T21:59:25,Upgrade Core (Ultimate,457516,8692804,19,,
1208,2026-09-22T23:33:19,2026-09-22T21:59:25,Chaos Core Set,727169,93804929,129,,
1209,2026-09-22T23:38:35,2026-09-22T21:59:25,Chaos Core,697299,697299,1,,
1210,2026-09-22T23:39:26,2026-09-22T21:59:25,Chaos Core,696671,696671,1,,
1211,2026-09-22T23:40:33,2026-09-22T21:59:25,Force Core (Ultimate,384601,3846010,10,,
1212,2026-09-22T23:43:57,2026-09-22T21:59:25,Force Core(High,197863,197863,1,,
1213,2026-09-22T23:46:28,2026-09-22T21:59:25,Chaos Core,698472,698472,1,,
1214,2026-09-22T23:47:19,2026-09-22T21:59:25,Chaos Core,697822,697822,1,,
1215,2026-09-22T23:51:33,2026-09-22T21:59:25,Force Core(High,197861,3957220,20,,
1216,2026-09-22T23:51:52,2026-09-22T21:59:25,Force Core(High,197860,1780740,9,,
1217,2026-09-22T23:58:58,2026-09-22T21:59:25,Force Core(High,197859,197859,1,,
1218,2026-09-23T00:03:25,2026-09-22T21:59:25,Force Core (Ultimate,384593,3845930,10,,
1219,2026-09-23T00:07:05,2026-09-22T21:59:25,Upgrade Core (Ultimate,457505,13725150,30,,
1220,2026-09-23T00:12:05,2026-09-22T21:59:25,Chaos Core Set X 330,727190,239245709,329,,
1221,2026-09-23T00:13:52,2026-09-22T21:59:25,Chaos Core Set X 267,727711,193571261,266,,
1222,2026-09-23T00:21:41,2026-09-22T21:59:25,Chaos Core Set,727607,200819736,276,,
1223,2026-09-23T00:27:23,2026-09-22T21:59:25,Upgrade Core (Ultimate,457504,4575040,10,,
1224,2026-09-23T00:28:27,2026-09-22T21:59:25,Force Core(High,197853,8903385,45,,
1225,2026-09-23T00:36:49,2026-09-22T21:59:25,Force Core(Highest,189852,5695560,30,,
1226,2026-09-23T00:37:07,2026-09-22T21:59:25,Chaos Core,696949,696949,1,,
1227,2026-09-23T00:37:59,2026-09-22T21:59:25,Chaos Core,696433,696433,1,,
1228,2026-09-23T00:39:23,2026-09-22T21:59:25,Chaos Core Set X 153,724978,110921786,153,,
1229,2026-09-23T00:44:21,2026-09-22T21:59:25,Force Core(High,197850,9892500,50,,
1230,2026-09-23T00:47:23,2026-09-22T21:59:25,Chaos Core,699427,699427,1,,
1231,2026-09-23T00:48:29,2026-09-22T21:59:25,Chaos Core,698893,698893,1,,
1232,2026-09-23T00:49:30,2026-09-22T21:59:25,Force Core (Ultimate,384582,4614984,12,,
1233,2026-09-23T00:49:35,2026-09-22T21:59:25,Force Core (Ultimate,384581,6153296,16,,
1234,2026-09-23T00:49:41,2026-09-22T21:59:25,Force Core (Ultimate,384580,3076640,8,,
1235,2026-09-23T00:51:19,2026-09-22T21:59:25,Force Core(Highest,189845,20882950,110,,
1236,2026-09-23T00:52:25,2026-09-22T21:59:25,Force Core(High,197848,3956960,20,,
1237,2026-09-23T00:52:49,2026-09-22T21:59:25,Force Core(High,197847,2769858,14,,
1238,2026-09-23T00:58:27,2026-09-22T21:59:25,Force Core(Highest,189844,21452372,113,,
1239,2026-09-23T00:58:46,2026-09-22T21:59:25,Chaos Core,699329,699329,1,,
1240,2026-09-23T00:59:37,2026-09-22T21:59:25,Chaos Core,698757,698757,1,,
1241,2026-09-23T01:02:35,2026-09-22T21:59:25,Force Core(High,197846,33831666,171,,
1242,2026-09-23T01:02:54,2026-09-22T21:59:25,Force Core(High,197845,2769830,14,,
1243,2026-09-23T01:03:13,2026-09-22T21:59:25,Force Core(High,197844,23543436,119,,
1244,2026-09-23T01:03:25,2026-09-22T21:59:25,Upgrade Core (Ultimate,457493,63591527,139,,
1245,2026-09-23T01:03:37,2026-09-22T21:59:25,Upgrade Core (Ultimate,457492,114373000,250,,
1246,2026-09-23T01:03:54,2026-09-22T21:59:25,Upgrade Core (Ultimate,457491,17384658,38,,
1247,2026-09-23T01:04:06,2026-09-22T21:59:25,Force Core (Ultimate),384603,78074409,203,,
1248,2026-09-23T01:04:18,2026-09-22T21:59:25,Force Core (Ultimate),384602,26922140,70,,
1249,2026-09-23T01:04:39,2026-09-22T21:59:25,Force Core (Ultimate),384601,38460100,100,,
1250,2026-09-23T01:09:54,2026-09-22T21:59:25,Yekaterina VIP Membership,134999997,134999997,1,,
1251,2026-09-23T01:13:25,2026-09-22T21:59:25,Force Core(Highest,189838,4935788,26,,
1252,2026-09-23T01:14:14,2026-09-22T21:59:25,Force Core(Highest,189837,16136145,85,,
1253,2026-09-23T01:14:51,2026-09-22T21:59:25,Force Core(High,197844,3759036,19,,
1254,2026-09-23T01:15:40,2026-09-22T21:59:25,Force Core (Ultimate,384599,5384386,14,,
1255,2026-09-23T01:15:59,2026-09-22T21:59:25,Force Core(High),197839,1780551,9,,
1256,2026-09-23T01:16:54,2026-09-22T21:59:25,Force Core (Ultimate),384598,44228770,115,,
1257,2026-09-23T01:18:46,2026-09-22T21:59:25,Epic Booster (Highest),46699999,93399998,2,,
1258,2026-09-23T01:19:38,2026-09-22T21:59:25,Force Core(Highest,189836,189836,1,,
1259,2026-09-23T01:19:43,2026-09-22T21:59:25,Chaos Core,714563,714563,1,,
1260,2026-09-23T01:20:18,2026-09-22T21:59:25,Force Core(Highest,189835,1898350,10,,
1261,2026-09-23T01:20:24,2026-09-22T21:59:25,Chaos Core,713934,713934,1,,
1262,2026-09-23T01:21:48,2026-09-22T21:59:25,Force Core(Highest,189834,3417012,18,,
1263,2026-09-23T01:24:33,2026-09-22T21:59:25,Upgrade Core (Ultimate,457479,35683362,78,,
1264,2026-09-23T01:26:08,2026-09-22T21:59:25,Epic Booster (Highest),46699999,46699999,1,,
1265,2026-09-23T01:29:32,2026-09-22T21:59:25,Force Core(High,197828,1978280,10,,
1266,2026-09-23T01:32:30,2026-09-22T21:59:25,Epic Booster (Highest),46699999,46699999,1,,
1267,2026-09-23T01:35:07,2026-09-22T21:59:25,Chaos Core Set X 138,724925,100039787,138,,
1268,2026-09-23T01:36:42,2026-09-22T21:59:25,Chaos Core Set X 156,724923,113088143,156,,
1269,2026-09-23T01:38:58,2026-09-22T21:59:25,Chaos Core Set X 246,727881,178331057,245,,
1270,2026-09-23T01:41:16,2026-09-22T21:59:25,Chaos Core Set X 174,729112,126136427,173,,
1271,2026-09-23T01:43:57,2026-09-22T21:59:25,Chaos Core Set X 198,728600,143534357,197,,
1272,2026-09-23T01:47:47,2026-09-22T21:59:25,Chaos Core,710454,710454,1,,
1273,2026-09-23T01:48:24,2026-09-22T21:59:25,Chaos Core,709842,709842,1,,
1274,2026-09-23T01:52:23,2026-09-22T21:59:25,Upgrade Core (Ultimate,457467,914934,2,,
1275,2026-09-23T01:54:08,2026-09-22T21:59:25,Epic Booster (Highest),46699999,186799996,4,,
1276,2026-09-23T01:58:24,2026-09-22T21:59:25,Chaos Core Set X 252,726855,182440691,251,,
1277,2026-09-23T02:02:15,2026-09-22T21:59:25,Force Core(High,197814,8901630,45,,
1278,2026-09-23T02:03:07,2026-09-22T21:59:25,Force Core(High,197812,4945300,25,,
1279,2026-09-23T02:03:41,2026-09-22T21:59:25,Upgrade Core (Ultimate,457451,22872550,50,,
1280,2026-09-23T02:06:57,2026-09-22T21:59:25,Chaos Core,707913,707913,1,,
1281,2026-09-23T02:07:41,2026-09-22T21:59:25,Chaos Core,707220,707220,1,,
1282,2026-09-23T02:08:35,2026-09-22T21:59:25,Chaos Core Set X 66,723959,47781359,66,,
1283,2026-09-23T02:08:58,2026-09-22T21:59:25,Chaos Core Set X 252,726843,182437667,251,,
1284,2026-09-23T02:09:21,2026-09-22T21:59:25,Chaos Core Set X 324,726199,234562391,323,,
1285,2026-09-23T02:09:43,2026-09-22T21:59:25,Chaos Core Set,726160,238906799,329,,
1286,2026-09-23T02:10:25,2026-09-22T21:59:25,Chaos Core Set X 147,728917,106421972,146,,
1287,2026-09-23T02:17:14,2026-09-22T21:59:25,Force Core(High),197802,9890100,50,,
1288,2026-09-23T02:19:47,2026-09-22T21:59:25,Chaos Core,706088,706088,1,,
1289,2026-09-23T02:21:19,2026-09-22T21:59:25,Chaos Core Set,726869,180263549,248,,
1290,2026-09-23T02:21:53,2026-09-22T21:59:25,Chaos Core Set,726149,238903169,329,,
1291,2026-09-23T02:22:18,2026-09-22T21:59:25,Chaos Core Set,729231,99904685,137,,
1292,2026-09-23T02:22:45,2026-09-22T21:59:25,Force Core(High,197798,20768790,105,,
1293,2026-09-23T02:27:23,2026-09-22T21:59:25,Chaos Core,701397,701397,1,,
1294,2026-09-23T02:27:58,2026-09-22T21:59:25,Chaos Core,700797,700797,1,,
1295,2026-09-23T02:31:04,2026-09-22T21:59:25,Chaos Core,719463,719463,1,,
1296,2026-09-23T02:31:57,2026-09-22T21:59:25,Chaos Core Set X 249,726859,180261059,248,,
1297,2026-09-23T02:34:24,2026-09-22T21:59:25,Force Core(High),197787,5933610,30,,
1298,2026-09-23T02:36:44,2026-09-22T21:59:25,Chaos Core,717616,717616,1,,
1299,2026-09-23T02:37:20,2026-09-22T21:59:25,Chaos Core,716953,716953,1,,
1300,2026-09-23T02:49:49,2026-09-22T21:59:25,Chaos Core Set,726589,197632343,272,,
1301,2026-09-23T02:51:56,2026-09-22T21:59:25,Chaos Core Set,723925,34748447,48,,
1302,2026-09-23T02:54:31,2026-09-22T21:59:25,Chaos Core,716647,716647,1,,
1303,2026-09-23T02:55:08,2026-09-22T21:59:25,Chaos Core,715975,715975,1,,
1304,2026-09-23T02:57:32,2026-09-22T21:59:25,Force Core(High,197774,2966610,15,,
1305,2026-09-23T02:57:51,2026-09-22T21:59:25,Force Core(High,197773,29665950,150,,
1306,2026-09-23T03:15:38,2026-09-22T21:59:25,Upgrade Core (Ultimate,457387,49397796,108,,
1307,2026-09-23T03:15:43,2026-09-22T21:59:25,Force Core (Ultimate,383964,23037840,60,,
1308,2026-09-23T03:16:04,2026-09-22T21:59:25,Force Core(High,197754,5932620,30,,
1309,2026-09-23T03:16:23,2026-09-22T21:59:25,Chaos Core Set X 114,730334,82527791,113,,
1310,2026-09-23T03:16:38,2026-09-22T21:59:25,Force Core(High,197752,29662800,150,,
1311,2026-09-23T03:16:59,2026-09-22T21:59:25,Chaos Core Set X 96,723932,69497567,96,,
1312,2026-09-23T03:20:26,2026-09-22T21:59:25,Chaos Core,709405,709405,1,,
1313,2026-09-23T03:21:03,2026-09-22T21:59:25,Chaos Core,708831,708831,1,,
1314,2026-09-23T03:26:25,2026-09-22T21:59:25,Force Core (Ultimate,383961,41467788,108,,
1315,2026-09-23T03:26:44,2026-09-22T21:59:25,Force Core(High,197750,3955000,20,,
1316,2026-09-23T03:46:16,2026-09-22T21:59:25,Chaos Core,714710,714710,1,,
1317,2026-09-23T03:46:51,2026-09-22T21:59:25,Chaos Core,713467,713467,1,,
1318,2026-09-23T03:53:30,2026-09-22T21:59:25,Force Core (Ultimate,383953,3839530,10,,
1319,2026-09-23T03:54:07,2026-09-22T21:59:25,Force Core (Ultimate,383953,3839530,10,,
1320,2026-09-23T03:55:41,2026-09-22T21:59:25,Chaos Core Set X 177,727096,127969052,176,,
1321,2026-09-23T04:02:38,2026-09-22T21:59:25,Chaos Core Set X 249,725900,180023264,248,,
1322,2026-09-23T04:03:03,2026-09-22T21:59:25,Chaos Core Set X 39,722983,28196375,39,,
1323,2026-09-23T04:07:36,2026-09-22T21:59:25,Upgrade Core (Ultimate,457353,22867650,50,,
1324,2026-09-23T04:11:26,2026-09-22T21:59:25,Chaos Core,714485,714485,1,,
1325,2026-09-23T04:12:02,2026-09-22T21:59:25,Chaos Core,713817,713817,1,,
1326,2026-09-23T04:19:19,2026-09-22T21:59:25,Chaos Core,717739,717739,1,,
1327,2026-09-23T04:19:55,2026-09-22T21:59:25,Chaos Core,717221,717221,1,,
1328,2026-09-23T04:20:34,2026-09-22T21:59:25,Upgrade Core (Ultimate,457341,3658728,8,,
1329,2026-09-23T04:22:24,2026-09-22T21:59:25,Force Core(Highest,199927,5997810,30,,
1330,2026-09-23T04:29:20,2026-09-22T21:59:25,Chaos Core Set X 57,721999,41153999,57,,
1331,2026-09-23T04:33:31,2026-09-22T21:59:25,Chaos Core,715326,715326,1,,
1332,2026-09-23T04:34:09,2026-09-22T21:59:25,Chaos Core,714731,714731,1,,
1333,2026-09-23T04:35:03,2026-09-22T21:59:25,Force Core(High,197692,5930760,30,,
1334,2026-09-23T04:39:51,2026-09-22T21:59:25,Chaos Core,718661,718661,1,,
1335,2026-09-23T04:40:27,2026-09-22T21:59:25,Chaos Core,718051,718051,1,,
1336,2026-09-23T04:43:18,2026-09-22T21:59:25,Chaos Core Set X 24,721998,17327975,24,,
1337,2026-09-23T05:00:07,2026-09-22T21:59:25,Force Core(High,197661,197661,1,,
1338,2026-09-23T05:00:40,2026-09-22T21:59:25,Force Core(Highest,199896,12193656,61,,
1339,2026-09-23T05:06:06,2026-09-22T21:59:25,Force Core (Ultimate,383920,8446240,22,,
1340,2026-09-23T05:11:06,2026-09-22T21:59:25,Chaos Core,712114,712114,1,,
1341,2026-09-23T05:11:51,2026-09-22T21:59:25,Force Core (Ultimate,383919,3071352,8,,
1342,2026-09-23T05:13:13,2026-09-22T21:59:25,Upgrade Core (Ultimate,457279,4572790,10,,
1343,2026-09-23T05:14:01,2026-09-22T21:59:25,Upgrade Core (Ultimate,457277,3200939,7,,
1344,2026-09-23T05:17:19,2026-09-22T21:59:25,Chaos Core,711386,711386,1,,
1345,2026-09-23T05:17:54,2026-09-22T21:59:25,Chaos Core,711486,711486,1,,
1346,2026-09-23T05:23:08,2026-09-22T21:59:25,Force Core(High,197649,5929470,30,,
1347,2026-09-23T05:25:55,2026-09-22T21:59:25,Chaos Core Set,726382,119126699,164,,
1348,2026-09-23T05:34:03,2026-09-22T21:59:25,Chaos Core,714775,714775,1,,
1349,2026-09-23T05:34:40,2026-09-22T21:59:25,Chaos Core,714259,714259,1,,
1350,2026-09-23T05:37:33,2026-09-22T21:59:25,Chaos Core Set X 225,728454,162445274,223,,
1351,2026-09-23T05:46:17,2026-09-22T21:59:25,Force Core(High,197626,11857560,60,,
1352,2026-09-23T05:47:05,2026-09-22T21:59:25,Force Core (Ultimate,383898,38389800,100,,
1353,2026-09-23T05:48:08,2026-09-22T21:59:25,Force Core (Ultimate,383902,69102360,180,,
1354,2026-09-23T05:48:20,2026-09-22T21:59:25,Chaos Core Set,727245,99632687,137,,
1355,2026-09-23T05:54:36,2026-09-22T21:59:25,Chaos Core,711494,711494,1,,
1356,2026-09-23T05:55:12,2026-09-22T21:59:25,Chaos Core,710893,710893,1,,
1357,2026-09-23T05:55:50,2026-09-22T21:59:25,Force Core(High,197624,19169528,97,,
1358,2026-09-23T05:57:41,2026-09-22T21:59:25,Upgrade Core (Ultimate,457227,4572270,10,,
1359,2026-09-23T06:02:41,2026-09-22T21:59:25,Chaos Core,710426,710426,1,,
1360,2026-09-23T06:04:02,2026-09-22T21:59:25,Force Core(High,197499,1382493,7,,
1361,2026-09-23T06:04:20,2026-09-22T21:59:25,Force Core(High,197498,1382486,7,,
1362,2026-09-23T06:05:57,2026-09-22T21:59:25,Chaos Core Set X 189,725391,136373516,188,,
1363,2026-09-23T06:14:00,2026-09-22T21:59:25,Force Core(High,197634,1581072,8,,
1364,2026-09-23T06:14:34,2026-09-22T21:59:25,Force Core (Ultimate,383890,25720630,67,,
1365,2026-09-23T06:15:27,2026-09-22T21:59:25,Chaos Core Set X 327,728228,235946195,324,,
1366,2026-09-23T06:17:16,2026-09-22T21:59:25,Chaos Core Set,725385,136372382,188,,
1367,2026-09-23T06:19:07,2026-09-22T21:59:25,Force Core(High),196999,2954985,15,,
1368,2026-09-23T06:20:11,2026-09-22T21:59:25,Force Core (Ultimate,383892,70636128,184,,
1369,2026-09-23T06:20:23,2026-09-22T21:59:25,Force Core(High),197498,39894596,202,,
1370,2026-09-23T06:24:56,2026-09-22T21:59:25,Yekaterina VIP Membership,134999996,134999996,1,,
1371,2026-09-23T06:26:00,2026-09-22T21:59:25,Chaos Core,708130,708130,1,,
1372,2026-09-23T06:26:37,2026-09-22T21:59:25,Chaos Core,707504,707504,1,,
1373,2026-09-23T06:27:29,2026-09-22T21:59:25,Force Core (Ultimate,382999,765998,2,,
1374,2026-09-23T06:29:22,2026-09-22T21:59:25,Force Core(High,196997,590991,3,,
1375,2026-09-23T06:30:26,2026-09-22T21:59:25,Force Core(High),196996,5909880,30,,
1376,2026-09-23T06:36:23,2026-09-22T21:59:25,Chaos Core,708173,708173,1,,
1377,2026-09-23T06:37:00,2026-09-22T21:59:25,Chaos Core,707552,707552,1,,
1378,2026-09-23T06:38:53,2026-09-22T21:59:25,Chaos Core Set X 15,721542,10823144,15,,
1379,2026-09-23T06:43:53,2026-09-22T21:59:25,Force Core(High,196993,2166923,11,,
1380,2026-09-23T06:46:04,2026-09-22T21:59:25,Epic Booster (Highest),46874998,140624994,3,,
1381,2026-09-23T06:46:55,2026-09-22T21:59:25,Chaos Core,707671,707671,1,,
1382,2026-09-23T06:47:31,2026-09-22T21:59:25,Chaos Core,708090,708090,1,,
1383,2026-09-23T06:49:08,2026-09-22T21:59:25,Upgrade Core (Ultimate,449996,5399952,12,,
1384,2026-09-23T06:50:57,2026-09-22T21:59:25,Chaos Core Set X 246,727375,176024807,242,,
1385,2026-09-23T06:58:17,2026-09-22T21:59:25,Chaos Core Set X 327,726655,233983214,322,,
1386,2026-09-23T07:00:31,2026-09-22T21:59:25,Chaos Core Set X 327,726654,233982887,322,,
1387,2026-09-23T07:01:00,2026-09-22T21:59:25,Chaos Core Set,728151,165290432,227,,
1388,2026-09-23T07:06:30,2026-09-22T21:59:25,Yekaterina VIP Membership,134999996,134999996,1,,
1389,2026-09-23T07:07:34,2026-09-22T21:59:25,Chaos Core,708237,708237,1,,
1390,2026-09-23T07:08:17,2026-09-22T21:59:25,Chaos Core,707636,707636,1,,
1391,2026-09-23T07:10:07,2026-09-22T21:59:25,Chaos Core Set X 111,728674,79425494,109,,
1392,2026-09-23T07:10:59,2026-09-22T21:59:25,Chaos Core Set X 171,728321,122358023,168,,
1393,2026-09-23T07:13:58,2026-09-22T21:59:25,Chaos Core Set,727082,90158291,124,,
1394,2026-09-23T07:22:30,2026-09-22T21:59:25,Force Core(High,196973,1969730,10,,
1395,2026-09-23T07:28:27,2026-09-22T21:59:25,Force Core(High,196971,5909130,30,,
1396,2026-09-23T07:29:02,2026-09-22T21:59:25,Force Core(High,196970,3939400,20,,
1397,2026-09-23T07:44:47,2026-09-22T21:59:25,Yekaterina VIP Membership,134999996,134999996,1,,
1398,2026-09-23T07:46:44,2026-09-22T21:59:25,Chaos Core,700938,700938,1,,
1399,2026-09-23T07:52:29,2026-09-22T21:59:25,Epic Booster (Highest),46999997,46999997,1,,
1400,2026-09-23T07:54:47,2026-09-22T21:59:25,Chaos Core,699724,699724,1,,
1401,2026-09-23T08:00:52,2026-09-22T21:59:25,Yekaterina VIP Membership,134999996,134999996,1,,
1402,2026-09-23T08:01:56,2026-09-22T21:59:25,Chaos Core,698551,698551,1,,
1403,2026-09-23T08:02:31,2026-09-22T21:59:25,Chaos Core,697379,697379,1,,
1404,2026-09-23T08:05:39,2026-09-22T21:59:25,Force Core(High,196933,984665,5,,
1405,2026-09-23T08:23:30,2026-09-22T21:59:25,Upgrade Core (Ultimate,440427,440427,1,,
1406,2026-09-23T08:29:01,2026-09-22T21:59:25,Upgrade Core (Ultimate,440427,880854,2,,
1407,2026-09-23T08:30:04,2026-09-22T21:59:25,Upgrade Core (Ultimate,440427,39638430,90,,
1408,2026-09-23T08:32:22,2026-09-22T21:59:25,Force Core (Ultimate,382944,8041824,21,,
1409,2026-09-23T08:37:38,2026-09-22T21:59:25,Force Core(High,196897,3937940,20,,
1410,2026-09-23T08:48:01,2026-09-22T21:59:25,Chaos Core,697366,697366,1,,
1411,2026-09-23T08:48:36,2026-09-22T21:59:25,Chaos Core,696700,696700,1,,
1412,2026-09-23T08:55:06,2026-09-22T21:59:25,Chaos Core,696075,696075,1,,
1413,2026-09-23T08:55:54,2026-09-22T21:59:25,Chaos Core,695484,695484,1,,
1414,2026-09-23T09:02:40,2026-09-22T21:59:25,Chaos Core,694177,694177,1,,
1415,2026-09-23T09:05:47,2026-09-22T21:59:25,Force Core(High,196874,7874960,40,,
1416,2026-09-23T09:13:16,2026-09-22T21:59:25,Chaos Core Set X 228,727835,160851719,221,,
1417,2026-09-23T09:18:47,2026-09-22T21:59:25,Chaos Core Set X 171,726734,120637934,166,,
1418,2026-09-23T09:20:19,2026-09-22T21:59:25,Chaos Core Set X 198,727530,139685831,192,,
1419,2026-09-23T09:24:05,2026-09-22T21:59:25,Chaos Core Set,725637,152383895,210,,
1420,2026-09-23T09:35:32,2026-09-22T21:59:25,Chaos Core,678816,678816,1,,
1421,2026-09-23T09:37:21,2026-09-22T21:59:25,Chaos Core Set,725880,175663025,242,,
1422,2026-09-23T09:41:33,2026-09-22T21:59:25,Chaos Core Set X 96,728228,67725215,93,,
1423,2026-09-23T09:44:54,2026-09-22T21:59:25,Force Core (Ultimate,378983,757966,2,,
1424,2026-09-23T09:47:38,2026-09-22T21:59:25,Chaos Core,678300,678300,1,,
1425,2026-09-23T09:48:22,2026-09-22T21:59:25,Chaos Core,677644,677644,1,,
1426,2026-09-23T10:03:52,2026-09-22T21:59:25,Force Core(High,189989,949945,5,,
1427,2026-09-23T10:04:55,2026-09-22T21:59:25,Force Core (Ultimate,369994,7399880,20,,
1428,2026-09-23T10:05:14,2026-09-22T21:59:25,Force Core (Ultimate,369993,3699930,10,,
1429,2026-09-23T10:05:32,2026-09-22T21:59:25,Chaos Core Set X 183,728867,129009509,177,,
1430,2026-09-23T10:09:23,2026-09-22T21:59:25,Chaos Core,692364,692364,1,,
1431,2026-09-23T10:10:07,2026-09-22T21:59:25,Chaos Core,691500,691500,1,,
1432,2026-09-23T10:11:37,2026-09-22T21:59:25,Upgrade Core (Ultimate,434989,27839296,64,,
1433,2026-09-23T10:13:10,2026-09-22T21:59:25,Chaos Core Set X 66,726993,46527557,64,,
1434,2026-09-23T10:13:51,2026-09-22T21:59:25,Force Core(High,189981,4939506,26,,
1435,2026-09-23T10:19:23,2026-09-22T21:59:25,Force Core(High,189976,189976,1,,
1436,2026-09-23T10:25:37,2026-09-22T21:59:25,Chaos Core,688574,688574,1,,
1437,2026-09-23T10:26:22,2026-09-22T21:59:25,Chaos Core,687910,687910,1,,
1438,2026-09-23T10:28:42,2026-09-22T21:59:25,Force Core(High,189973,15387813,81,,
1439,2026-09-23T10:29:19,2026-09-22T21:59:25,Force Core (Ultimate,369985,3329865,9,,
1440,2026-09-23T10:29:53,2026-09-22T21:59:25,Chaos Core Set X 192,727683,135349055,186,,
1441,2026-09-23T10:32:01,2026-09-22T21:59:25,Chaos Core Set X 114,723994,80363387,111,,
1442,2026-09-23T10:33:50,2026-09-22T21:59:25,Chaos Core Set X 192,727681,135348671,186,,
1443,2026-09-23T10:36:46,2026-09-22T21:59:25,Chaos Core,695507,695507,1,,
1444,2026-09-23T10:37:23,2026-09-22T21:59:25,Chaos Core,699482,699482,1,,
1445,2026-09-23T10:39:02,2026-09-22T21:59:25,Chaos Core Set X 141,725519,99396116,137,,
1446,2026-09-23T10:39:26,2026-09-22T21:59:25,Chaos Core Set X 168,726559,118429247,163,,
1447,2026-09-23T10:39:50,2026-09-22T21:59:25,Chaos Core Set X 249,728335,175528814,241,,
1448,2026-09-23T10:41:31,2026-09-22T21:59:25,Chaos Core Set,726389,167069594,230,,
1449,2026-09-23T10:50:22,2026-09-22T21:59:25,Chaos Core Set X 228,726814,160625999,221,,
1450,2026-09-23T10:53:19,2026-09-22T21:59:25,Chaos Core Set,726515,23248499,32,,
1451,2026-09-23T10:56:36,2026-09-22T21:59:25,Chaos Core,695596,695596,1,,
1452,2026-09-23T10:57:12,2026-09-22T21:59:25,Chaos Core,694967,694967,1,,
1453,2026-09-23T10:59:47,2026-09-22T21:59:25,Chaos Core Set,704498,10567484,15,,
1454,2026-09-23T11:00:03,2026-09-22T21:59:25,Chaos Core Set X 51,733251,35929346,49,,
1455,2026-09-23T11:00:36,2026-09-22T21:59:25,Chaos Core Set X 126,727594,88766495,122,,
1456,2026-09-23T11:03:07,2026-09-22T21:59:25,Chaos Core,699368,699368,1,,
1457,2026-09-23T11:03:43,2026-09-22T21:59:25,Chaos Core,699419,699419,1,,
1458,2026-09-23T11:05:52,2026-09-22T21:59:25,Force Core (Ultimate,369974,41067114,111,,
1459,2026-09-23T11:10:14,2026-09-22T21:59:25,Upgrade Core (Ultimate,433983,65097450,150,,
1460,2026-09-23T11:11:08,2026-09-22T21:59:25,Force Core (Ultimate,369971,30337622,82,,
1461,2026-09-23T11:11:14,2026-09-22T21:59:25,Force Core (Ultimate,369970,20348350,55,,
1462,2026-09-23T11:20:24,2026-09-22T21:59:25,Chaos Core,696874,696874,1,,
1463,2026-09-23T11:22:23,2026-09-22T21:59:25,Force Core (Ultimate,369998,1479992,4,,
1464,2026-09-23T11:23:15,2026-09-22T21:59:25,Force Core (Ultimate),369996,81399120,220,,
1465,2026-09-23T11:29:41,2026-09-22T21:59:25,Upgrade Core (Ultimate,433975,15623100,36,,
1466,2026-09-23T11:30:48,2026-09-22T21:59:25,Force Core (Ultimate,369994,51059172,138,,
1467,2026-09-23T11:30:53,2026-09-22T21:59:25,Force Core (Ultimate,369993,11099790,30,,
1468,2026-09-23T11:34:42,2026-09-22T21:59:25,Chaos Core,693152,693152,1,,
1469,2026-09-23T11:35:19,2026-09-22T21:59:25,Chaos Core,692630,692630,1,,
1470,2026-09-23T11:40:37,2026-09-22T21:59:25,Chaos Core,716294,716294,1,,
1471,2026-09-23T11:41:13,2026-09-22T21:59:25,Chaos Core,715642,715642,1,,
1472,2026-09-23T11:43:34,2026-09-22T21:59:25,Chaos Core Set X 183,728885,129012803,177,,
1473,2026-09-23T11:47:07,2026-09-22T21:59:25,Chaos Core,715134,715134,1,,
1474,2026-09-23T11:47:56,2026-09-22T21:59:25,Upgrade Core (Ultimate,433967,70302654,162,,
1475,2026-09-23T11:48:02,2026-09-22T21:59:25,Upgrade Core (Ultimate,433966,37755042,87,,
1476,2026-09-23T11:48:53,2026-09-22T21:59:25,Chaos Core Set X 3,704986,2114960,3,,
1477,2026-09-23T11:49:09,2026-09-22T21:59:25,Force Core (Ultimate,369993,739986,2,,
1478,2026-09-23T11:49:14,2026-09-22T21:59:25,Force Core (Ultimate),369993,11099790,30,,
1479,2026-09-23T11:49:19,2026-09-22T21:59:25,Force Core (Ultimate,369994,18499700,50,,
1480,2026-09-23T11:53:38,2026-09-22T21:59:25,Force Core(High,189503,14781234,78,,
1481,2026-09-23T11:53:43,2026-09-22T21:59:25,Force Core(High,187997,187997,1,,
1482,2026-09-23T11:56:55,2026-09-22T21:59:25,Chaos Core,711380,711380,1,,
1483,2026-09-23T11:57:30,2026-09-22T21:59:25,Chaos Core,710801,710801,1,,
1484,2026-09-23T12:01:32,2026-09-22T21:59:25,Yekaterina VIP Membership,112999996,112999996,1,,
1485,2026-09-23T12:07:08,2026-09-22T21:59:25,Chaos Core,708977,708977,1,,
1486,2026-09-23T12:07:44,2026-09-22T21:59:25,Chaos Core,708347,708347,1,,
1487,2026-09-23T12:11:15,2026-09-22T21:59:25,Yekaterina VIP Membership,119999998,119999998,1,,
1488,2026-09-23T12:12:21,2026-09-22T21:59:25,Chaos Core,709216,709216,1,,
1489,2026-09-23T12:12:56,2026-09-22T21:59:25,Chaos Core,708665,708665,1,,
1490,2026-09-23T12:18:12,2026-09-22T21:59:25,Force Core (Ultimate,369980,7399600,20,,
1491,2026-09-23T12:21:00,2026-09-22T21:59:25,Chaos Core,711858,711858,1,,
1492,2026-09-23T12:28:15,2026-09-22T21:59:25,Chaos Core,710270,710270,1,,
1493,2026-09-23T12:34:48,2026-09-22T21:59:25,Chaos Core,709589,709589,1,,
1494,2026-09-23T12:35:24,2026-09-22T21:59:25,Upgrade Core (Ultimate,432994,1298982,3,,
1495,2026-09-23T12:36:17,2026-09-22T21:59:25,Chaos Core Set,731556,51940511,71,,
1496,2026-09-23T12:42:50,2026-09-22T21:59:25,Chaos Core,709640,709640,1,,
1497,2026-09-23T12:43:32,2026-09-22T21:59:25,Chaos Core,699446,699446,1,,
1498,2026-09-23T12:50:03,2026-09-22T21:59:25,Chaos Core,709670,709670,1,,
1499,2026-09-23T12:50:39,2026-09-22T21:59:25,Chaos Core,709035,709035,1,,
1500,2026-09-23T12:52:02,2026-09-22T21:59:25,Chaos Core Set,732490,47611871,65,,
1501,2026-09-23T12:52:25,2026-09-22T21:59:25,Chaos Core Set X 48,721390,34626767,48,,
1502,2026-09-23T12:58:43,2026-09-22T21:59:25,Chaos Core Set,733025,45447569,62,,
1503,2026-09-23T12:59:12,2026-09-22T21:59:25,Chaos Core Set X 135,726772,97387514,134,,
1504,2026-09-23T12:59:40,2026-09-22T21:59:25,Chaos Core Set X 39,721387,28134131,39,,
1505,2026-09-23T13:11:21,2026-09-22T21:59:25,Force Core (Ultimate,369960,18867960,51,,
1506,2026-09-23T13:11:40,2026-09-22T21:59:25,Force Core (Ultimate,369959,5179426,14,,
1507,2026-09-23T13:16:26,2026-09-22T21:59:25,Chaos Core,710486,710486,1,,
1508,2026-09-23T13:17:12,2026-09-22T21:59:25,Chaos Core,709888,709888,1,,
1509,2026-09-23T13:18:15,2026-09-22T21:59:25,Force Core (Ultimate,369958,6659244,18,,
1510,2026-09-23T13:18:20,2026-09-22T21:59:25,Chaos Core Set X 84,730076,60596339,83,,
1511,2026-09-23T13:18:55,2026-09-22T21:59:25,Chaos Core Set X 204,728526,147162335,202,,
1512,2026-09-23T13:36:22,2026-09-22T21:59:25,Force Core(High,196894,1968940,10,,
1513,2026-09-23T13:36:41,2026-09-22T21:59:25,Force Core (Ultimate,369952,3329568,9,,
1514,2026-09-23T13:37:00,2026-09-22T21:59:25,Chaos Core Set,728631,144997580,199,,
1515,2026-09-23T13:37:43,2026-09-22T21:59:25,Chaos Core Set,726078,222906110,307,,
1516,2026-09-23T13:38:18,2026-09-22T21:59:25,Force Core(High),196893,8860185,45,,
1517,2026-09-23T13:43:44,2026-09-22T21:59:25,Chaos Core,696141,696141,1,,
1518,2026-09-23T13:44:19,2026-09-22T21:59:25,Chaos Core,695511,695511,1,,
1519,2026-09-23T13:45:58,2026-09-22T21:59:25,Force Core (Ultimate,369949,2959592,8,,
1520,2026-09-23T13:56:54,2026-09-22T21:59:25,Force Core(High,196880,1968800,10,,
1521,2026-09-23T13:57:58,2026-09-22T21:59:25,Upgrade Core (Ultimate,457710,55840620,122,,
1522,2026-09-23T14:01:41,2026-09-22T21:59:25,Epic Booster (Highest),46999993,187999972,4,,
1523,2026-09-23T14:03:47,2026-09-22T21:59:25,Chaos Core,713281,713281,1,,
1524,2026-09-23T14:04:22,2026-09-22T21:59:25,Chaos Core,712603,712603,1,,
1525,2026-09-23T14:06:01,2026-09-22T21:59:25,Force Core (Ultimate,369940,1479760,4,,
1526,2026-09-23T14:06:19,2026-09-22T21:59:25,Force Core(High,196877,1968770,10,,
1527,2026-09-23T14:07:09,2026-09-22T21:59:25,Upgrade Core (Ultimate,457705,27462300,60,,
1528,2026-09-23T14:07:28,2026-09-22T21:59:25,Chaos Core Set,726411,103876847,143,,
1529,2026-09-23T14:09:09,2026-09-22T21:59:25,Epic Booster (Highest),46999993,93999986,2,,
1530,2026-09-23T14:10:17,2026-09-22T21:59:25,Chaos Core,716418,716418,1,,
1531,2026-09-23T14:11:57,2026-09-22T21:59:25,Force Core (Ultimate,369937,7398740,20,,
1532,2026-09-23T14:13:03,2026-09-22T21:59:25,Upgrade Core (Ultimate,457699,9611679,21,,
1533,2026-09-23T14:27:41,2026-09-22T21:59:25,Force Core (Ultimate,369931,7398620,20,,
1534,2026-09-23T14:28:00,2026-09-22T21:59:25,Force Core(High,196865,9843250,50,,
1535,2026-09-23T14:28:34,2026-09-22T21:59:25,Upgrade Core (Ultimate,457694,9153880,20,,
1536,2026-09-23T14:39:18,2026-09-22T21:59:25,Yekaterina VIP Membership,112749998,112749998,1,,
1537,2026-09-23T14:45:22,2026-09-22T21:59:25,Force Core(Highest),204890,16391200,80,,
1538,2026-09-23T14:47:54,2026-09-22T21:59:25,Chaos Core,707252,707252,1,,
1539,2026-09-23T14:49:45,2026-09-22T21:59:25,Force Core(High,196846,7873840,40,,
1540,2026-09-23T14:54:35,2026-09-22T21:59:25,Chaos Core,706013,706013,1,,
1541,2026-09-23T14:55:12,2026-09-22T21:59:25,Chaos Core,705436,705436,1,,
1542,2026-09-23T14:56:19,2026-09-22T21:59:25,Force Core(High,196842,5905260,30,,
1543,2026-09-23T14:59:27,2026-09-22T21:59:25,Chaos Core Set X 243,727284,175275656,241,,
1544,2026-09-23T15:02:10,2026-09-22T21:59:25,Chaos Core,716991,716991,1,,
1545,2026-09-23T15:06:34,2026-09-22T21:59:25,Force Core(Highest,204882,2048820,10,,
1546,2026-09-23T15:10:00,2026-09-22T21:59:25,Chaos Core,715611,715611,1,,
1547,2026-09-23T15:10:44,2026-09-22T21:59:25,Chaos Core,715092,715092,1,,
1548,2026-09-23T15:12:02,2026-09-22T21:59:25,Force Core(High,190088,11405280,60,,
1549,2026-09-23T15:12:51,2026-09-22T21:59:25,Force Core(High,190088,3991848,21,,
1550,2026-09-23T15:15:01,2026-09-22T21:59:25,Force Core(Highest,204882,15980796,78,,
1551,2026-09-23T15:17:39,2026-09-22T21:59:25,Chaos Core,714009,714009,1,,
1552,2026-09-23T15:19:07,2026-09-22T21:59:25,Force Core(High,190088,20909680,110,,
1553,2026-09-23T15:19:26,2026-09-22T21:59:25,Force Core(High,190088,4752200,25,,
1554,2026-09-23T15:34:53,2026-09-22T21:59:25,Force Core(High),196836,1968360,10,,
1555,2026-09-23T15:36:25,2026-09-22T21:59:25,Epic Booster (Highest),46999993,93999986,2,,
1556,2026-09-23T15:38:36,2026-09-22T21:59:25,Chaos Core,707629,707629,1,,
1557,2026-09-23T15:39:18,2026-09-22T21:59:25,Chaos Core,706966,706966,1,,
1558,2026-09-23T15:40:33,2026-09-22T21:59:25,Force Core(High,196835,3739865,19,,
1559,2026-09-23T15:40:52,2026-09-22T21:59:25,Force Core (Ultimate,369904,369904,1,,
1560,2026-09-23T15:41:57,2026-09-22T21:59:25,Chaos Core Set X 324,728005,233689859,321,,
1561,2026-09-23T15:42:59,2026-09-22T21:59:25,Chaos Core Set X 273,726584,196904525,271,,
1562,2026-09-23T15:50:44,2026-09-22T21:59:25,Force Core(High,196831,6101761,31,,
1563,2026-09-23T15:52:08,2026-09-22T21:59:25,Chaos Core Set X 252,727025,181756259,250,,
1564,2026-09-23T15:53:54,2026-09-22T21:59:25,Chaos Core Set X 168,725571,121170503,167,,
1565,2026-09-23T15:57:16,2026-09-22T21:59:25,Epic Booster (Highest),47989976,143969928,3,,
1566,2026-09-23T15:58:10,2026-09-22T21:59:25,Chaos Core,713662,713662,1,,
1567,2026-09-23T15:58:59,2026-09-22T21:59:25,Chaos Core,712978,712978,1,,
1568,2026-09-23T16:00:53,2026-09-22T21:59:25,Upgrade Core (Ultimate,450951,37879884,84,,
1569,2026-09-23T16:00:59,2026-09-22T21:59:25,Upgrade Core (Ultimate,450950,76210550,169,,
1570,2026-09-23T16:01:54,2026-09-22T21:59:25,Force Core(High,196824,1574592,8,,
1571,2026-09-23T16:07:30,2026-09-22T21:59:25,Chaos Core,712990,712990,1,,
1572,2026-09-23T16:09:25,2026-09-22T21:59:25,Upgrade Core (Ultimate,450970,45097000,100,,
1573,2026-09-23T16:16:00,2026-09-22T21:59:25,Force Core (Ultimate,369892,7397840,20,,
1574,2026-09-23T16:16:50,2026-09-22T21:59:25,Chaos Core Set X 51,721239,36783239,51,,
1575,2026-09-23T16:18:43,2026-09-22T21:59:25,Chaos Core Set X 18,721238,12982301,18,,
1576,2026-09-23T16:22:10,2026-09-22T21:59:25,Chaos Core,711553,711553,1,,
1577,2026-09-23T16:22:47,2026-09-22T21:59:25,Chaos Core,710969,710969,1,,
1578,2026-09-23T16:23:57,2026-09-22T21:59:25,Force Core (Ultimate,369889,3698890,10,,
1579,2026-09-23T16:28:42,2026-09-22T21:59:25,Chaos Core,719440,719440,1,,
1580,2026-09-23T16:29:22,2026-09-22T21:59:25,Chaos Core,718900,718900,1,,
1581,2026-09-23T16:31:47,2026-09-22T21:59:25,Force Core(High,196799,11807940,60,,
1582,2026-09-23T16:35:13,2026-09-22T21:59:25,Chaos Core,719366,719366,1,,
1583,2026-09-23T16:35:51,2026-09-22T21:59:25,Chaos Core,718674,718674,1,,
1584,2026-09-23T16:41:40,2026-09-22T21:59:25,Chaos Core,716610,716610,1,,
1585,2026-09-23T16:42:22,2026-09-22T21:59:25,Chaos Core,716071,716071,1,,
1586,2026-09-23T16:44:06,2026-09-22T21:59:25,Chaos Core Set X 237,727366,170931035,235,,
1587,2026-09-23T16:44:22,2026-09-22T21:59:25,Chaos Core Set X 3,721226,2163680,3,,
1588,2026-09-23T16:45:15,2026-09-22T21:59:25,Chaos Core Set X 6,721225,4327355,6,,
1589,2026-09-23T16:50:13,2026-09-22T21:59:25,Force Core(High,196781,3935620,20,,
1590,2026-09-23T17:18:13,2026-09-22T21:59:25,Chaos Core,718266,718266,1,,
1591,2026-09-23T17:18:50,2026-09-22T21:59:25,Chaos Core,717678,717678,1,,
1592,2026-09-23T17:42:54,2026-09-22T21:59:25,Force Core(High,196720,1967200,10,,
1593,2026-09-23T17:48:07,2026-09-22T21:59:25,Force Core(High,196718,5901540,30,,
1594,2026-09-23T17:55:31,2026-09-22T21:59:25,Force Core(High,196715,1180290,6,,
1595,2026-09-23T17:56:24,2026-09-22T21:59:25,Force Core(High,196714,21245112,108,,
1596,2026-09-23T18:00:07,2026-09-22T21:59:25,Chaos Core,709208,709208,1,,
1597,2026-09-23T18:00:46,2026-09-22T21:59:25,Chaos Core,708706,708706,1,,
1598,2026-09-23T18:02:12,2026-09-22T21:59:25,Upgrade Core (Ultimate,437727,43772700,100,,
1599,2026-09-23T18:03:34,2026-09-22T21:59:25,Force Core(High,194997,5849910,30,,
1600,2026-09-23T18:11:48,2026-09-22T21:59:25,Chaos Core Set X 66,732310,47600189,65,,
1601,2026-09-23T18:39:11,2026-09-22T21:59:25,Force Core(High,194986,779944,4,,
1602,2026-09-23T18:44:09,2026-09-22T21:59:25,Chaos Core,711053,711053,1,,
1603,2026-09-23T18:44:50,2026-09-22T21:59:25,Chaos Core,710542,710542,1,,
1604,2026-09-23T18:46:05,2026-09-22T21:59:25,Force Core (Ultimate,363363,7267260,20,,
1605,2026-09-23T18:46:24,2026-09-22T21:59:25,Upgrade Core (Ultimate,437727,21886350,50,,
1606,2026-09-23T18:48:31,2026-09-22T21:59:25,Chaos Core Set X 18,721194,2482981509,3438,,
1607,2026-09-23T18:55:51,2026-09-22T21:59:25,Force Core(High,194982,48745500,250,,
1608,2026-09-23T18:57:17,2026-09-22T21:59:25,Chaos Core Set X 192,728781,138468479,190,,
1609,2026-09-23T18:59:16,2026-09-22T21:59:25,Chaos Core Set,725754,114669209,158,,
1610,2026-09-23T19:00:16,2026-09-22T21:59:25,Chaos Core Set X 30,721193,21635819,30,,
1611,2026-09-23T19:04:52,2026-09-22T21:59:25,Chaos Core,708682,708682,1,,
1612,2026-09-23T19:05:35,2026-09-22T21:59:25,Chaos Core,708122,708122,1,,
1613,2026-09-23T19:07:47,2026-09-22T21:59:25,Force Core(High,194979,2729706,14,,
1614,2026-09-23T19:08:22,2026-09-22T21:59:25,Chaos Core Set X 3,721187,2163563,3,,
1615,2026-09-23T19:10:23,2026-09-22T21:59:25,Chaos Core Set,732819,45434780,62,,
1616,2026-09-23T19:22:36,2026-09-22T21:59:25,Chaos Core,708343,708343,1,,
1617,2026-09-23T19:23:19,2026-09-22T21:59:25,Chaos Core,707703,707703,1,,
1618,2026-09-23T19:32:45,2026-09-22T21:59:25,Chaos Core,721125,721125,1,,
1619,2026-09-23T19:40:32,2026-09-22T21:59:25,Chaos Core,714638,714638,1,,
1620,2026-09-23T19:41:15,2026-09-22T21:59:25,Chaos Core,714047,714047,1,,
1621,2026-09-23T19:45:42,2026-09-22T21:59:25,Force Core(Highest,199977,5599356,28,,
1622,2026-09-23T19:50:03,2026-09-22T21:59:25,Chaos Core,718912,718912,1,,
1623,2026-09-23T19:50:45,2026-09-22T21:59:25,Chaos Core,718882,718882,1,,
1624,2026-09-23T19:52:02,2026-09-22T21:59:25,Force Core (Ultimate,333363,13334520,40,,
1625,2026-09-23T19:52:57,2026-09-22T21:59:25,Force Core(High,194956,974780,5,,
1626,2026-09-23T19:54:11,2026-09-22T21:59:25,Chaos Core Set X 153,725903,110337326,152,,
1627,2026-09-23T19:57:12,2026-09-22T21:59:25,Chaos Core,718867,718867,1,,
1628,2026-09-23T19:57:54,2026-09-22T21:59:25,Chaos Core,718765,718765,1,,
1629,2026-09-23T19:58:58,2026-09-22T21:59:25,Force Core (Ultimate,329998,26399840,80,,
1630,2026-09-23T19:59:19,2026-09-22T21:59:25,Force Core (Ultimate,329997,12209889,37,,
1631,2026-09-23T19:59:40,2026-09-22T21:59:25,Upgrade Core (Ultimate,438130,60461940,138,,
1632,2026-09-23T19:59:46,2026-09-22T21:59:25,Upgrade Core (Ultimate,438131,88064331,201,,
1633,2026-09-23T20:01:23,2026-09-22T21:59:25,Force Core(Highest,199972,5599216,28,,
1634,2026-09-23T20:01:36,2026-09-22T21:59:25,Chaos Core Set X 228,727538,164423795,226,,
1635,2026-09-23T20:02:01,2026-09-22T21:59:25,Force Core(Highest,199969,10598357,53,,
1636,2026-09-23T20:04:47,2026-09-22T21:59:25,Chaos Core,718756,718756,1,,
1637,2026-09-23T20:05:30,2026-09-22T21:59:25,Chaos Core,718185,718185,1,,
1638,2026-09-23T20:11:33,2026-09-22T21:59:25,Force Core(High,194948,584844,3,,
1639,2026-09-23T20:15:59,2026-09-22T21:59:25,Force Core(High,194947,2534311,13,,
1640,2026-09-23T20:52:12,2026-09-23T20:40:51,Chaos Core,710023,710023,1,,
1641,2026-09-23T20:52:49,2026-09-23T20:40:51,Chaos Core,709477,709477,1,,
1642,2026-09-23T20:56:15,2026-09-23T20:40:51,Force Core(High),196808,1968080,10,,
1643,2026-09-23T21:08:31,2026-09-23T21:00:54,Chaos Core,708883,708883,1,,
1644,2026-09-23T21:09:09,2026-09-23T21:00:54,Chaos Core,708195,708195,1,,
1645,2026-09-23T21:12:20,2026-09-23T21:00:54,Force Core(High,196806,49201500,250,,
1646,2026-09-23T21:12:26,2026-09-23T21:00:54,Force Core(High,196805,2952075,15,,
1647,2026-09-23T21:12:48,2026-09-23T21:00:54,Force Core(High) FA,196807,35425260,180,,
1648,2026-09-23T21:16:51,2026-09-23T21:00:54,Chaos Core,714624,714624,1,,
1649,2026-09-23T21:20:16,2026-09-23T21:00:54,Force Core(High,196802,787208,4,,
1650,2026-09-23T21:20:54,2026-09-23T21:00:54,Force Core(High,196801,1180806,6,,
1651,2026-09-23T21:25:56,2026-09-23T21:00:54,Chaos Core,714609,714609,1,,
1652,2026-09-23T21:26:34,2026-09-23T21:00:54,Chaos Core,713984,713984,1,,
1653,2026-09-23T22:09:21,2026-09-23T22:04:07,Chaos Core,718747,718747,1,,
1654,2026-09-23T22:10:05,2026-09-23T22:04:07,Chaos Core,718227,718227,1,,
1655,2026-09-23T22:11:38,2026-09-23T22:04:07,Chaos Core Set X 3,721114,2163344,3,,
1656,2026-09-23T22:12:17,2026-09-23T22:04:07,Chaos Core Set X 324,727852,233640611,321,,
1657,2026-09-23T22:12:35,2026-09-23T22:04:07,Chaos Core Set X 324,727851,233640287,321,,
1658,2026-09-23T22:12:54,2026-09-23T22:04:07,Chaos Core Set X 312,728112,224986631,309,,
1659,2026-09-23T22:13:46,2026-09-23T22:04:07,Chaos Core Set X 171,725353,123310151,170,,
1660,2026-09-23T22:16:51,2026-09-23T22:04:07,Force Core(High,196799,5903970,30,,
1661,2026-09-23T22:20:52,2026-09-23T22:04:07,Chaos Core,723971,723971,1,,
1662,2026-09-23T22:21:38,2026-09-23T22:04:07,Chaos Core,723378,723378,1,,
1663,2026-09-23T22:27:32,2026-09-23T22:04:07,Chaos Core,712558,712558,1,,
1664,2026-09-23T22:31:15,2026-09-23T22:04:07,Chaos Core Set,727197,32723909,45,,
1665,2026-09-23T22:34:01,2026-09-23T22:04:07,Chaos Core,712656,712656,1,,
1666,2026-09-23T22:34:42,2026-09-23T22:04:07,Chaos Core,711586,711586,1,,
1667,2026-09-23T22:37:57,2026-09-23T22:04:07,Chaos Core Set X 45,727192,32723684,45,,
1668,2026-09-23T22:40:34,2026-09-23T22:04:07,Chaos Core,728728,728728,1,,
1669,2026-09-23T22:41:13,2026-09-23T22:04:07,Chaos Core,727557,727557,1,,
1670,2026-09-23T22:46:43,2026-09-23T22:04:07,Chaos Core,729328,729328,1,,
1671,2026-09-23T22:47:26,2026-09-23T22:04:07,Chaos Core,728675,728675,1,,
1672,2026-09-23T22:50:24,2026-09-23T22:04:07,Force Core(High,196735,11804100,60,,
1673,2026-09-23T22:53:06,2026-09-23T22:04:07,Chaos Core,728714,728714,1,,
1674,2026-09-23T22:53:47,2026-09-23T22:04:07,Chaos Core,728111,728111,1,,
1675,2026-09-23T23:22:50,2026-09-23T22:04:07,Force Core(High,195960,1763640,9,,
1676,2026-09-23T23:35:11,2026-09-23T22:04:07,Chaos Core,717669,717669,1,,
1677,2026-09-23T23:35:51,2026-09-23T22:04:07,Chaos Core,717140,717140,1,,
1678,2026-09-23T23:39:30,2026-09-23T22:04:07,Chaos Core Set X 78,727180,56720117,78,,
1679,2026-09-23T23:46:35,2026-09-23T22:04:07,Upgrade Core (Ultimate,438134,38117658,87,,
1680,2026-09-23T23:53:08,2026-09-23T22:04:07,Chaos Core,710190,710190,1,,
1681,2026-09-24T00:07:07,2026-09-23T22:04:07,Chaos Core,708328,708328,1,,
1682,2026-09-24T00:07:48,2026-09-23T22:04:07,Chaos Core,707812,707812,1,,
1683,2026-09-24T00:08:32,2026-09-23T22:04:07,Force Core (Ultimate,329994,19799640,60,,
1684,2026-09-24T00:08:38,2026-09-23T22:04:07,Force Core (Ultimate,329993,2969937,9,,
1685,2026-09-24T00:08:44,2026-09-23T22:04:07,Force Core (Ultimate,329992,2969928,9,,
1686,2026-09-24T00:19:50,2026-09-23T22:04:07,Force Core(High,195910,1959100,10,,
1687,2026-09-24T00:37:32,2026-09-24T00:28:45,Chaos Core Set X 153,727143,111253031,153,,
1688,2026-09-24T00:39:48,2026-09-24T00:28:45,Force Core(High,195907,11362606,58,,
1689,2026-09-24T00:40:09,2026-09-24T00:28:45,Force Core(High,195906,11558454,59,,
1690,2026-09-24T00:40:14,2026-09-24T00:28:45,Chaos Core Set X 24,727142,17451431,24,,
1691,2026-09-24T00:41:14,2026-09-24T00:28:45,Chaos Core Set X 99,727141,71987057,99,,
1692,2026-09-24T00:53:21,2026-09-24T00:28:45,Chaos Core,713304,713304,1,,
1693,2026-09-24T00:55:04,2026-09-24T00:28:45,Force Core(High,195896,7835840,40,,
1694,2026-09-24T00:59:43,2026-09-24T00:28:45,Chaos Core,712105,712105,1,,
1695,2026-09-24T01:00:25,2026-09-24T00:28:45,Chaos Core,723904,723904,1,,
1696,2026-09-24T01:02:09,2026-09-24T00:28:45,Force Core(High,195890,195890,1,,
1697,2026-09-24T01:06:45,2026-09-24T00:28:45,Chaos Core,723482,723482,1,,
1698,2026-09-24T01:07:24,2026-09-24T00:28:45,Chaos Core,722832,722832,1,,
1699,2026-09-24T01:08:54,2026-09-24T00:28:45,Chaos Core Set X 294,727116,213772397,294,,
1700,2026-09-24T01:22:38,2026-09-24T00:28:45,Chaos Core,722391,722391,1,,
1701,2026-09-24T01:23:30,2026-09-24T00:28:45,Chaos Core,721192,721192,1,,
1702,2026-09-24T01:26:06,2026-09-24T00:28:45,Upgrade Core (Ultimate,452176,50191536,111,,
1703,2026-09-24T01:27:14,2026-09-24T00:28:45,Force Core (Ultimate,369831,3698310,10,,
1704,2026-09-24T01:30:59,2026-09-24T00:28:45,Chaos Core,719548,719548,1,,
1705,2026-09-24T01:35:48,2026-09-24T00:28:45,Chaos Core Set X 123,727101,89433545,123,,
1706,2026-09-24T01:43:44,2026-09-24T00:28:45,Chaos Core,717740,717740,1,,
1707,2026-09-24T01:44:23,2026-09-24T00:28:45,Chaos Core,717044,717044,1,,
1708,2026-09-24T01:45:01,2026-09-24T00:28:45,Force Core(Highest,195555,11928855,61,,
1709,2026-09-24T01:52:44,2026-09-24T00:28:45,Chaos Core,715836,715836,1,,
1710,2026-09-24T01:53:21,2026-09-24T00:28:45,Chaos Core,715810,715810,1,,
1711,2026-09-24T02:04:52,2026-09-24T00:28:45,Chaos Core Set X 336,727067,244294847,336,,
1712,2026-09-24T02:06:00,2026-09-24T00:28:45,Chaos Core Set X 57,727064,41442704,57,,
1713,2026-09-24T02:12:46,2026-09-24T00:28:45,Chaos Core,714780,714780,1,,
1714,2026-09-24T02:13:58,2026-09-24T00:28:45,Chaos Core Set X 228,727063,165770591,228,,
1715,2026-09-24T02:20:06,2026-09-24T00:28:45,Chaos Core Set,727056,89428010,123,,
1716,2026-09-24T02:24:40,2026-09-24T00:28:45,Epic Booster (Highest),47989972,47989972,1,,
1717,2026-09-24T02:35:05,2026-09-24T00:28:45,Chaos Core,709259,709259,1,,
1718,2026-09-24T02:35:43,2026-09-24T00:28:45,Chaos Core,708653,708653,1,,
1719,2026-09-24T02:43:21,2026-09-24T00:28:45,Chaos Core,722888,722888,1,,
1720,2026-09-24T02:43:58,2026-09-24T00:28:45,Chaos Core,722358,722358,1,,
1721,2026-09-24T02:46:15,2026-09-24T00:28:45,Upgrade Core (Ultimate,452117,14919861,33,,
1722,2026-09-24T02:51:57,2026-09-24T00:28:45,Chaos Core,714442,714442,1,,
1723,2026-09-24T02:59:51,2026-09-24T02:52:37,Chaos Core,713837,713837,1,,
1724,2026-09-24T03:01:17,2026-09-24T02:52:37,Force Core(High,190066,21097326,111,,
1725,2026-09-24T03:01:22,2026-09-24T02:52:37,Chaos Core,722970,722970,1,,
1726,2026-09-24T03:02:00,2026-09-24T02:52:37,Upgrade Core (Ultimate,452113,17180294,38,,
1727,2026-09-24T03:02:20,2026-09-24T02:52:37,Upgrade Core (Ultimate,452112,16276032,36,,
1728,2026-09-24T03:08:36,2026-09-24T02:52:37,Chaos Core,721616,721616,1,,
1729,2026-09-24T03:10:08,2026-09-24T02:52:37,Chaos Core,721554,721554,1,,
1730,2026-09-24T03:30:09,2026-09-24T03:29:04,Upgrade Core (Ultimate,452082,4520820,10,,
1731,2026-09-24T03:30:26,2026-09-24T03:29:04,Force Core (Ultimate,369760,24773920,67,,
1732,2026-09-24T03:30:38,2026-09-24T03:29:04,Force Core(Highest,204814,4301094,21,,
1733,2026-09-24T03:30:43,2026-09-24T03:29:04,Force Core(Highest,204813,36866340,180,,
1734,2026-09-24T03:30:56,2026-09-24T03:29:04,Force Core(Highest,204812,36866160,180,,
1735,2026-09-24T03:41:44,2026-09-24T03:31:50,Yekaterina VIP Membership,128928390,128928390,1,,
1736,2026-09-24T03:58:15,2026-09-24T03:50:45,Force Core(High,189951,569853,3,,
1737,2026-09-24T03:58:21,2026-09-24T03:50:45,Force Core(High,189950,569850,3,,
1738,2026-09-24T04:06:07,2026-09-24T03:50:45,Epic Booster (Highest),47989972,191959888,4,,
1739,2026-09-24T04:21:00,2026-09-24T03:50:45,Chaos Core,704825,704825,1,,
1740,2026-09-24T04:21:58,2026-09-24T03:50:45,Chaos Core,703714,703714,1,,
1741,2026-09-24T04:25:02,2026-09-24T03:50:45,Force Core(Highest,204772,4095440,20,,
1742,2026-09-24T04:50:35,2026-09-24T03:50:45,Chaos Core,701684,701684,1,,
1743,2026-09-24T04:51:34,2026-09-24T03:50:45,Chaos Core,701057,701057,1,,
1744,2026-09-24T04:58:34,2026-09-24T03:50:45,Chaos Core,713668,713668,1,,
1745,2026-09-24T04:59:31,2026-09-24T03:50:45,Chaos Core,714308,714308,1,,
1746,2026-09-24T05:06:33,2026-09-24T03:50:45,Chaos Core,708921,708921,1,,
1747,2026-09-24T05:07:47,2026-09-24T03:50:45,Epic Booster (Highest),47989972,191959888,4,,
1748,2026-09-24T05:10:16,2026-09-24T03:50:45,Force Core (Ultimate,369665,3326985,9,,
1749,2026-09-24T05:10:38,2026-09-24T03:50:45,Force Core (Ultimate,369663,4805619,13,,
1750,2026-09-24T05:18:25,2026-09-24T03:50:45,Chaos Core,705883,705883,1,,
1751,2026-09-24T05:19:19,2026-09-24T03:50:45,Chaos Core,704801,704801,1,,
1752,2026-09-24T05:20:15,2026-09-24T03:50:45,Force Core (Ultimate,369656,42140784,114,,
1753,2026-09-24T05:20:35,2026-09-24T03:50:45,Force Core (Ultimate,369655,67646865,183,,
1754,2026-09-24T05:23:25,2026-09-24T03:50:45,Force Core (Ultimate),369650,73930000,200,,
1755,2026-09-24T05:27:13,2026-09-24T03:50:45,Chaos Core,714331,714331,1,,
1756,2026-09-24T05:28:06,2026-09-24T03:50:45,Chaos Core,713701,713701,1,,
1757,2026-09-24T05:29:00,2026-09-24T03:50:45,Force Core (Ultimate,369713,369713,1,,
1758,2026-09-24T05:30:57,2026-09-24T03:50:45,Force Core(Highest,204666,1841994,9,,
1759,2026-09-24T05:31:34,2026-09-24T03:50:45,Upgrade Core (Ultimate,451946,15366164,34,,
1760,2026-09-24T05:32:21,2026-09-24T03:50:45,Force Core (Ultimate),369709,18485450,50,,
1761,2026-09-24T05:40:14,2026-09-24T03:50:45,Upgrade Core (Ultimate),451932,90386400,200,,
1762,2026-09-24T05:43:32,2026-09-24T03:50:45,Chaos Core,707950,707950,1,,
1763,2026-09-24T05:44:28,2026-09-24T03:50:45,Chaos Core,707318,707318,1,,
1764,2026-09-24T05:48:42,2026-09-24T03:50:45,Upgrade Core (Ultimate),451921,23047971,51,,
1765,2026-09-24T05:51:06,2026-09-24T03:50:45,Upgrade Core (Ultimate,451918,39316866,87,,
1766,2026-09-24T05:55:31,2026-09-24T03:50:45,Upgrade Core (Ultimate,451912,1355736,3,,
1767,2026-09-24T05:57:14,2026-09-24T03:50:45,Upgrade Core (Ultimate,451911,903822,2,,
1768,2026-09-24T06:04:27,2026-09-24T03:50:45,Chaos Core,705716,705716,1,,
1769,2026-09-24T06:05:29,2026-09-24T03:50:45,Chaos Core,705111,705111,1,,
1770,2026-09-24T06:08:50,2026-09-24T03:50:45,Force Core(Highest,204602,4092040,20,,
1771,2026-09-24T06:15:34,2026-09-24T03:50:45,Chaos Core,713059,713059,1,,
1772,2026-09-24T06:16:36,2026-09-24T03:50:45,Chaos Core,714210,714210,1,,
1773,2026-09-24T06:22:56,2026-09-24T03:50:45,Chaos Core,703798,703798,1,,
1774,2026-09-24T06:23:56,2026-09-24T03:50:45,Chaos Core,719452,719452,1,,
1775,2026-09-24T06:38:03,2026-09-24T03:50:45,Yekaterina VIP Membership,128928390,128928390,1,,
1776,2026-09-24T06:39:18,2026-09-24T03:50:45,Chaos Core,722897,722897,1,,
1777,2026-09-24T06:40:24,2026-09-24T03:50:45,Chaos Core,722935,722935,1,,
1778,2026-09-24T06:43:53,2026-09-24T03:50:45,Force Core(Highest,204558,7773204,38,,
1779,2026-09-24T06:47:15,2026-09-24T03:50:45,Chaos Core,702341,702341,1,,
1780,2026-09-24T06:48:19,2026-09-24T03:50:45,Chaos Core,702324,702324,1,,
1781,2026-09-24T06:54:17,2026-09-24T03:50:45,Yekaterina VIP Membership,128928390,128928390,1,,
1782,2026-09-24T06:55:25,2026-09-24T03:50:45,Chaos Core,699333,699333,1,,
1783,2026-09-24T06:56:27,2026-09-24T03:50:45,Chaos Core,698757,698757,1,,
1784,2026-09-24T06:57:41,2026-09-24T03:50:45,Chaos Core Set X 231,725111,161699768,223,,
1785,2026-09-24T07:05:29,2026-09-24T03:50:45,Chaos Core,698397,698397,1,,
1786,2026-09-24T07:06:29,2026-09-24T03:50:45,Chaos Core,698312,698312,1,,
1787,2026-09-24T07:10:42,2026-09-24T03:50:45,Upgrade Core (Ultimate,499955,19998200,40,,
1788,2026-09-24T07:16:37,2026-09-24T03:50:45,Chaos Core Set X 228,724297,159345551,220,,
1789,2026-09-24T07:21:06,2026-09-24T03:50:45,Chaos Core,711791,711791,1,,
1790,2026-09-24T07:22:07,2026-09-24T03:50:45,Chaos Core,711158,711158,1,,
1791,2026-09-24T07:26:53,2026-09-24T03:50:45,Force Core(High,196782,3738858,19,,
1792,2026-09-24T07:32:31,2026-09-24T03:50:45,Force Core (Ultimate,369599,14783960,40,,
1793,2026-09-24T07:34:28,2026-09-24T03:50:45,Yekaterina VIP Membership,128928391,128928391,1,,
1794,2026-09-24T07:37:40,2026-09-24T03:50:45,Chaos Core,688806,688806,1,,
1795,2026-09-24T07:38:52,2026-09-24T03:50:45,Chaos Core,687417,687417,1,,
1796,2026-09-24T07:43:18,2026-09-24T03:50:45,Force Core(High,196766,3935320,20,,
1797,2026-09-24T07:50:43,2026-09-24T03:50:45,Force Core(High,196757,1967570,10,,
1798,2026-09-24T08:10:43,2026-09-24T03:50:45,Force Core (Ultimate,369582,7391640,20,,
1799,2026-09-24T08:11:03,2026-09-24T03:50:45,Chaos Core Set X 228,723547,158456807,219,,
1800,2026-09-24T08:14:35,2026-09-24T03:50:45,Upgrade Core (Ultimate,499892,4998920,10,,
1801,2026-09-24T08:14:55,2026-09-24T03:50:45,Upgrade Core (Ultimate,499891,3999128,8,,
1802,2026-09-24T08:15:07,2026-09-24T03:50:45,Force Core(High,195990,5879700,30,,
1803,2026-09-24T08:15:45,2026-09-24T03:50:45,Yekaterina VIP Membership,128928390,128928390,1,,
1804,2026-09-24T08:23:58,2026-09-24T03:50:45,Force Core(Highest,202988,608964,3,,
1805,2026-09-24T08:25:38,2026-09-24T03:50:45,Force Core(High,195986,20970502,107,,
1806,2026-09-24T08:26:15,2026-09-24T03:50:45,Force Core(High,195985,28025855,143,,
1807,2026-09-24T08:28:52,2026-09-24T03:50:45,Chaos Core,686287,686287,1,,
1808,2026-09-24T08:29:53,2026-09-24T03:50:45,Chaos Core,685721,685721,1,,
1809,2026-09-24T08:31:06,2026-09-24T03:50:45,Chaos Core Set X 246,725381,169739261,234,,
1810,2026-09-24T08:31:28,2026-09-24T03:50:45,Chaos Core Set X 297,724130,204928811,283,,
1811,2026-09-24T08:31:52,2026-09-24T03:50:45,Chaos Core Set X 240,723138,165598799,229,,
1812,2026-09-24T08:34:13,2026-09-24T03:50:45,Force Core(High,195984,11955024,61,,
1813,2026-09-24T08:34:33,2026-09-24T03:50:45,Force Core(High,195983,7839320,40,,
1814,2026-09-24T08:35:05,2026-09-24T03:50:45,Force Core(High,195982,5291514,27,,
1815,2026-09-24T08:35:16,2026-09-24T03:50:45,Chaos Core Set X 144,725251,99359423,137,,
1816,2026-09-24T08:35:53,2026-09-24T03:50:45,Chaos Core Set X 210,724494,144898949,200,,
1817,2026-09-24T08:39:35,2026-09-24T03:50:45,Siena's Unbinding Stone,98998786,98998786,1,,
1818,2026-09-24T08:40:32,2026-09-24T03:50:45,Chaos Core,685158,685158,1,,
1819,2026-09-24T08:41:17,2026-09-24T03:50:45,Chaos Core Set X 249,724930,171808505,237,,
1820,2026-09-24T08:41:40,2026-09-24T03:50:45,Chaos Core,684478,684478,1,,
1821,2026-09-24T08:44:00,2026-09-24T03:50:45,Force Core (Ultimate,369571,369571,1,,
1822,2026-09-24T08:52:31,2026-09-24T03:50:45,Force Core(Highest,202979,4059580,20,,
1823,2026-09-24T08:54:32,2026-09-24T03:50:45,Upgrade Core (Ultimate,499880,4998800,10,,
1824,2026-09-24T08:55:09,2026-09-24T03:50:45,Force Core(High,195497,5864910,30,,
1825,2026-09-24T09:05:36,2026-09-24T03:50:45,Chaos Core,649428,649428,1,,
1826,2026-09-24T09:06:18,2026-09-24T03:50:45,Chaos Core,648840,648840,1,,
1827,2026-09-24T09:10:54,2026-09-24T03:50:45,Chaos Core Set X 336,724495,231838655,320,,
1828,2026-09-24T09:11:17,2026-09-24T03:50:45,Chaos Core Set X 42,724494,28979789,40,,
1829,2026-09-24T09:11:40,2026-09-24T03:50:45,Chaos Core Set,724480,138375863,191,,
1830,2026-09-24T09:12:03,2026-09-24T03:50:45,Chaos Core Set,725746,132085862,182,,
1831,2026-09-24T09:12:34,2026-09-24T03:50:45,Chaos Core Set,724749,234818975,324,,
1832,2026-09-24T09:12:57,2026-09-24T03:50:45,Chaos Core Set,724887,136278869,188,,
1833,2026-09-24T09:14:39,2026-09-24T03:50:45,Chaos Core,687672,1375344,2,,
1834,2026-09-24T09:15:24,2026-09-24T03:50:45,Chaos Core,687040,687040,1,,
1835,2026-09-24T09:19:57,2026-09-24T03:50:45,Force Core(High,195491,7819640,40,,
1836,2026-09-24T09:28:52,2026-09-24T03:50:45,Force Core(High,195488,1954880,10,,
1837,2026-09-24T09:35:28,2026-09-24T03:50:45,Chaos Core,706842,706842,1,,
1838,2026-09-24T09:36:14,2026-09-24T03:50:45,Chaos Core,706335,706335,1,,
1839,2026-09-24T09:38:26,2026-09-24T03:50:45,Force Core (Ultimate,369557,77606970,210,,
1840,2026-09-24T09:40:29,2026-09-24T03:50:45,Force Core(High,195485,4300670,22,,
1841,2026-09-24T09:46:12,2026-09-24T03:50:45,Force Core(High,195484,586452,3,,
1842,2026-09-24T09:47:24,2026-09-24T03:50:45,Force Core(High,195482,977410,5,,
1843,2026-09-24T09:54:17,2026-09-24T03:50:45,Force Core(High,195478,3909560,20,,
1844,2026-09-24T09:56:02,2026-09-24T03:50:45,Chaos Core Set,725078,102236111,141,,
1845,2026-09-24T10:08:25,2026-09-24T10:06:54,Chaos Core Set X 180,726108,127795139,176,,
1846,2026-09-24T10:08:38,2026-09-24T10:06:54,Chaos Core Set X 156,723893,110755631,153,,
1847,2026-09-24T10:15:44,2026-09-24T10:10:57,Chaos Core,703440,703440,1,,
1848,2026-09-24T10:16:30,2026-09-24T10:10:57,Chaos Core,702821,702821,1,,
1849,2026-09-24T10:21:09,2026-09-24T10:10:57,Chaos Core Set X 132,719991,95038943,132,,
1850,2026-09-24T10:21:55,2026-09-24T10:10:57,Chaos Core Set X 3,719990,2159972,3,,
1851,2026-09-24T10:27:42,2026-09-24T10:10:57,Force Core(Highest,202940,42211520,208,,
1852,2026-09-24T10:30:27,2026-09-24T10:10:57,Chaos Core Set,719990,4319945,6,,
1853,2026-09-24T10:47:12,2026-09-24T10:10:57,Chaos Core,712073,712073,1,,
1854,2026-09-24T10:47:57,2026-09-24T10:10:57,Chaos Core,711524,711524,1,,
1855,2026-09-24T10:49:33,2026-09-24T10:10:57,Force Core(Highest,194998,21254782,109,,
1856,2026-09-24T10:49:52,2026-09-24T10:10:57,Force Core(Highest,194997,1949970,10,,
1857,2026-09-24T10:50:32,2026-09-24T10:10:57,Upgrade Core (Ultimate,469759,23487950,50,,
1858,2026-09-24T10:51:39,2026-09-24T10:10:57,Force Core(High,195439,5863170,30,,
1859,2026-09-24T10:52:00,2026-09-24T10:10:57,Force Core(High,195438,9771900,50,,
1860,2026-09-24T10:52:50,2026-09-24T10:10:57,Chaos Core Set X 234,721425,169535105,235,,
1861,2026-09-24T11:02:41,2026-09-24T10:10:57,Force Core(High,195426,7621614,39,,
1862,2026-09-24T11:03:34,2026-09-24T10:10:57,Force Core(High,195425,27164075,139,,
1863,2026-09-24T11:04:25,2026-09-24T10:10:57,Chaos Core Set X 315,719936,228220019,317,,
1864,2026-09-24T11:07:17,2026-09-24T10:10:57,Chaos Core Set,719607,106501940,148,,
1865,2026-09-24T11:09:17,2026-09-24T10:10:57,Chaos Core Set X 249,718735,180402491,251,,
1866,2026-09-24T11:09:40,2026-09-24T10:10:57,Chaos Core Set X 330,720142,239087309,332,,
1867,2026-09-24T11:10:08,2026-09-24T10:10:57,Chaos Core Set X 270,719178,195616619,272,,
1868,2026-09-24T11:12:28,2026-09-24T10:10:57,Chaos Core,712740,712740,1,,
1869,2026-09-24T11:13:12,2026-09-24T10:10:57,Chaos Core,712050,712050,1,,
1870,2026-09-24T11:15:47,2026-09-24T10:10:57,Force Core(High,195414,18955158,97,,
1871,2026-09-24T11:16:42,2026-09-24T10:10:57,Force Core(High,195412,2931180,15,,
1872,2026-09-24T11:17:17,2026-09-24T10:10:57,Chaos Core Set,718730,180401246,251,,
1873,2026-09-24T11:18:07,2026-09-24T10:10:57,Chaos Core Set,720221,243435023,338,,
1874,2026-09-24T11:21:46,2026-09-24T10:10:57,Chaos Core,719365,719365,1,,
1875,2026-09-24T11:22:29,2026-09-24T10:10:57,Chaos Core,718855,718855,1,,
1876,2026-09-24T11:28:47,2026-09-24T10:10:57,Chaos Core,689302,689302,1,,
1877,2026-09-24T11:29:31,2026-09-24T10:10:57,Chaos Core,688746,688746,1,,
1878,2026-09-24T11:32:56,2026-09-24T10:10:57,Force Core(High,195395,586185,3,,
1879,2026-09-24T11:33:31,2026-09-24T10:10:57,Chaos Core Set X 3,724507,2173523,3,,
1880,2026-09-24T11:42:31,2026-09-24T10:10:57,Chaos Core Set X 15,724505,10867589,15,,
1881,2026-09-24T11:46:48,2026-09-24T10:10:57,Chaos Core,719369,719369,1,,
1882,2026-09-24T11:47:34,2026-09-24T10:10:57,Chaos Core,713914,713914,1,,
1883,2026-09-24T11:50:48,2026-09-24T10:10:57,Force Core(High,195390,2344680,12,,
1884,2026-09-24T11:50:53,2026-09-24T10:10:57,Force Core(High,195389,586167,3,,
1885,2026-09-24T11:51:30,2026-09-24T10:10:57,Chaos Core Set,720825,244359695,339,,
1886,2026-09-24T11:53:39,2026-09-24T10:10:57,Chaos Core Set,720692,222693947,309,,
1887,2026-09-24T11:56:26,2026-09-24T10:10:57,Chaos Core Set,719837,211632368,294,,
1888,2026-09-24T11:56:49,2026-09-24T10:10:57,Chaos Core Set,719874,141815309,197,,
1889,2026-09-24T11:57:12,2026-09-24T10:10:57,Chaos Core Set,720644,237812711,330,,
1890,2026-09-24T11:57:41,2026-09-24T10:10:57,Chaos Core Set,719761,130996619,182,,
1891,2026-09-24T12:00:26,2026-09-24T10:10:57,Chaos Core,718842,718842,1,,
1892,2026-09-24T12:01:12,2026-09-24T10:10:57,Chaos Core,718205,718205,1,,
1893,2026-09-24T12:01:57,2026-09-24T10:10:57,Epic Booster (Highest),47989911,191959644,4,,
1894,2026-09-24T12:04:11,2026-09-24T10:10:57,Force Core (Ultimate,369475,3694750,10,,
1895,2026-09-24T12:06:27,2026-09-24T10:10:57,Force Core(High,189993,379986,2,,
1896,2026-09-24T12:06:32,2026-09-24T10:10:57,Force Core (Ultimate,369473,14409447,39,,
1897,2026-09-24T12:06:55,2026-09-24T10:10:57,Chaos Core Set,727259,21817799,30,,
1898,2026-09-24T12:11:39,2026-09-24T10:10:57,Chaos Core,719446,719446,1,,
1899,2026-09-24T12:12:31,2026-09-24T10:10:57,Chaos Core,718497,718497,1,,
1900,2026-09-24T12:17:17,2026-09-24T10:10:57,Force Core(High),189988,4559712,24,,
1901,2026-09-24T12:27:22,2026-09-24T10:10:57,Chaos Core,718681,718681,1,,
1902,2026-09-24T12:28:06,2026-09-24T10:10:57,Chaos Core,718141,718141,1,,
1903,2026-09-24T12:44:36,2026-09-24T10:10:57,Chaos Core Set X 12,727248,8726987,12,,
1904,2026-09-24T12:45:38,2026-09-24T10:10:57,Chaos Core Set X 3,727247,2181743,3,,
1905,2026-09-24T12:48:25,2026-09-24T10:10:57,Chaos Core,726134,726134,1,,
1906,2026-09-24T12:49:18,2026-09-24T10:10:57,Chaos Core,726258,726258,1,,
1907,2026-09-24T12:53:01,2026-09-24T10:10:57,Force Core(High,189943,3798860,20,,
1908,2026-09-24T12:59:24,2026-09-24T10:10:57,Force Core(High,189935,20512980,108,,
1909,2026-09-24T12:59:45,2026-09-24T10:10:57,Force Core(High,189934,1899340,10,,
1910,2026-09-24T13:05:34,2026-09-24T10:10:57,Chaos Core,715315,715315,1,,
1911,2026-09-24T13:06:28,2026-09-24T10:10:57,Chaos Core,714798,714798,1,,
1912,2026-09-24T13:10:48,2026-09-24T10:10:57,Chaos Core Set,719835,118772840,165,,
1913,2026-09-24T13:18:16,2026-09-24T10:10:57,Yekaterina VIP Membership,113999999,113999999,1,,
1914,2026-09-24T13:22:47,2026-09-24T10:10:57,Chaos Core,738169,738169,1,,
1915,2026-09-24T13:23:34,2026-09-24T10:10:57,Chaos Core,736910,736910,1,,
1916,2026-09-24T13:26:49,2026-09-24T10:10:57,Force Core (Ultimate,369409,2955272,8,,
1917,2026-09-24T13:28:14,2026-09-24T10:10:57,Chaos Core Set X 30,722899,22409879,31,,
1918,2026-09-24T13:30:10,2026-09-24T10:10:57,Chaos Core,745496,745496,1,,
1919,2026-09-24T13:30:58,2026-09-24T10:10:57,Chaos Core,744172,744172,1,,
1920,2026-09-24T13:31:48,2026-09-24T10:10:57,Epic Booster (Highest),46899999,187599996,4,,
1921,2026-09-24T13:34:18,2026-09-24T10:10:57,Force Core(Highest,180000,25200000,140,,
1922,2026-09-24T13:34:39,2026-09-24T10:10:57,Force Core(Highest,180000,14940000,83,,
1923,2026-09-24T13:36:56,2026-09-24T10:10:57,Force Core(High,189869,11582009,61,,
1924,2026-09-24T13:37:16,2026-09-24T10:10:57,Chaos Core Set X 6,746994,4481969,6,,
1925,2026-09-24T13:39:13,2026-09-24T10:10:57,Chaos Core,747543,747543,1,,
1926,2026-09-24T13:55:37,2026-09-24T10:10:57,Chaos Core,742946,742946,1,,
1927,2026-09-24T13:58:00,2026-09-24T10:10:57,Yekaterina VIP Membership,113999999,113999999,1,,
1928,2026-09-24T13:58:49,2026-09-24T10:10:57,Upgrade Core (Ultimate,449919,8998380,20,,
1929,2026-09-24T14:00:00,2026-09-24T10:10:57,Force Core(High,189862,189862,1,,
1930,2026-09-24T14:05:26,2026-09-24T10:10:57,Upgrade Core (Ultimate,449902,5848726,13,,
1931,2026-09-24T14:06:52,2026-09-24T10:10:57,Force Core(High,189858,14049492,74,,
1932,2026-09-24T14:06:58,2026-09-24T10:10:57,Force Core(High,182183,1639647,9,,
1933,2026-09-24T14:10:21,2026-09-24T10:10:57,Chaos Core,736752,736752,1,,
1934,2026-09-24T14:11:08,2026-09-24T10:10:57,Chaos Core,736230,736230,1,,
1935,2026-09-24T14:14:27,2026-09-24T10:10:57,Force Core(High,189860,949300,5,,
1936,2026-09-24T14:22:04,2026-09-24T10:10:57,Upgrade Core (Ultimate,449878,449878,1,,
1937,2026-09-24T14:27:35,2026-09-24T10:10:57,Upgrade Core (Ultimate,449870,80976600,180,,
1938,2026-09-24T14:33:00,2026-09-24T10:10:57,Chaos Core,733246,733246,1,,
1939,2026-09-24T14:33:46,2026-09-24T10:10:57,Chaos Core,732609,732609,1,,
1940,2026-09-24T14:40:25,2026-09-24T10:10:57,Chaos Core,730642,730642,1,,
1941,2026-09-24T14:41:12,2026-09-24T10:10:57,Chaos Core,729977,729977,1,,
1942,2026-09-24T15:03:18,2026-09-24T10:10:57,Chaos Core Set X 189,718760,140158242,195,,
1943,2026-09-24T15:07:35,2026-09-24T10:10:57,Chaos Core,712844,712844,1,,
1944,2026-09-24T15:08:21,2026-09-24T10:10:57,Chaos Core,712177,712177,1,,
1945,2026-09-24T15:10:15,2026-09-24T10:10:57,Upgrade Core (Ultimate,444970,47611790,107,,
1946,2026-09-24T15:11:29,2026-09-24T10:10:57,Chaos Core Set X 249,721300,184652922,256,,
1947,2026-09-24T15:11:46,2026-09-24T10:10:57,Chaos Core Set X 201,720082,149057178,207,,
1948,2026-09-24T15:12:04,2026-09-24T10:10:57,Chaos Core Set X 282,720063,208818462,290,,
1949,2026-09-24T15:12:22,2026-09-24T10:10:57,Chaos Core Set X 249,721300,184652922,256,,
1950,2026-09-24T15:12:45,2026-09-24T10:10:57,Chaos Core Set X 324,720874,240051276,333,,
1951,2026-09-24T15:20:14,2026-09-24T10:10:57,Siena's Unbinding Stone,98998784,98998784,1,,
1952,2026-09-24T15:25:50,2026-09-24T10:10:57,Chaos Core,738914,738914,1,,
1953,2026-09-24T15:26:37,2026-09-24T10:10:57,Chaos Core,738330,738330,1,,
1954,2026-09-24T15:28:32,2026-09-24T10:10:57,Yekaterina VIP Membership,113999999,113999999,1,,
1955,2026-09-24T15:38:27,2026-09-24T10:10:57,Chaos Core,738792,738792,1,,
1956,2026-09-24T15:39:10,2026-09-24T10:10:57,Chaos Core,738207,738207,1,,
1957,2026-09-24T15:39:55,2026-09-24T10:10:57,Epic Booster (Highest),46899999,187599996,4,,
1958,2026-09-24T15:46:01,2026-09-24T10:10:57,Chaos Core,741958,741958,1,,
1959,2026-09-24T15:46:49,2026-09-24T10:10:57,Chaos Core,748835,748835,1,,
1960,2026-09-24T16:06:36,2026-09-24T10:10:57,Chaos Core,739325,739325,1,,
1961,2026-09-24T16:07:32,2026-09-24T10:10:57,Chaos Core,738783,738783,1,,
1962,2026-09-24T16:10:18,2026-09-24T10:10:57,Upgrade Core (Ultimate,444904,97878880,220,,
1963,2026-09-24T16:18:06,2026-09-24T10:10:57,Chaos Core,740764,740764,1,,
1964,2026-09-24T16:18:52,2026-09-24T10:10:57,Chaos Core,739519,739519,1,,
1965,2026-09-24T16:19:54,2026-09-24T10:10:57,Force Core (Ultimate,369234,14769360,40,,
1966,2026-09-24T16:20:15,2026-09-24T10:10:57,Force Core(Highest,180000,540000,3,,
1967,2026-09-24T16:42:47,2026-09-24T10:10:57,Chaos Core,713387,713387,1,,
1968,2026-09-24T16:43:32,2026-09-24T10:10:57,Chaos Core,712732,712732,1,,
1969,2026-09-24T17:19:57,2026-09-24T10:10:57,Force Core(Highest,202931,11161205,55,,
1970,2026-09-24T17:31:43,2026-09-24T10:10:57,Chaos Core Set X 45,718133,33752294,47,,
1971,2026-09-24T17:33:48,2026-09-24T10:10:57,Chaos Core Set X 249,721090,186762449,259,,
1972,2026-09-24T17:35:54,2026-09-24T10:10:57,Chaos Core Set X 255,719031,191262494,266,,
1973,2026-09-24T17:37:49,2026-09-24T10:10:57,Chaos Core Set X 234,719308,175511231,244,,
1974,2026-09-24T17:42:33,2026-09-24T10:10:57,Chaos Core,698449,698449,1,,
1975,2026-09-24T17:43:18,2026-09-24T10:10:57,Chaos Core,697827,697827,1,,
1976,2026-09-24T17:45:44,2026-09-24T10:10:57,Upgrade Core (Ultimate,444779,1334337,3,,
1977,2026-09-24T17:46:05,2026-09-24T10:10:57,Chaos Core Set X 192,720037,144007487,200,,
1978,2026-09-24T17:46:22,2026-09-24T10:10:57,Chaos Core Set,721077,186758963,259,,
1979,2026-09-24T17:46:39,2026-09-24T10:10:57,Chaos Core Set,721075,186758465,259,,
1980,2026-09-24T17:46:55,2026-09-24T10:10:57,Chaos Core Set,721074,186758216,259,,
1981,2026-09-24T17:48:42,2026-09-24T10:10:57,Chaos Core Set X 33,727986,24751550,34,,
1982,2026-09-24T17:55:10,2026-09-24T10:10:57,Chaos Core,742264,742264,1,,
1983,2026-09-24T18:07:02,2026-09-24T10:10:57,Epic Booster (Highest),46899997,187599988,4,,
1984,2026-09-24T18:09:09,2026-09-24T10:10:57,Yekaterina VIP Membership,113999999,113999999,1,,
1985,2026-09-24T18:17:54,2026-09-24T10:10:57,Chaos Core,711988,711988,1,,
1986,2026-09-24T18:18:50,2026-09-24T10:10:57,Chaos Core,711297,711297,1,,
1987,2026-09-24T18:26:22,2026-09-24T10:10:57,Chaos Core,729398,729398,1,,
1988,2026-09-24T18:27:13,2026-09-24T10:10:57,Chaos Core,728889,728889,1,,
1989,2026-09-24T18:28:53,2026-09-24T10:10:57,Yekaterina VIP Membership,113999999,113999999,1,,
1990,2026-09-24T18:39:26,2026-09-24T10:10:57,Force Core(High,195381,1953810,10,,
1991,2026-09-24T18:41:33,2026-09-24T10:10:57,Chaos Core,746734,746734,1,,
1992,2026-09-24T18:42:22,2026-09-24T10:10:57,Chaos Core,746233,746233,1,,
1993,2026-09-24T19:02:49,2026-09-24T10:10:57,Epic Booster (Highest),47249999,47249999,1,,
1994,2026-09-24T19:04:15,2026-09-24T10:10:57,Force Core (Ultimate,368950,6641100,18,,
1995,2026-09-24T19:06:50,2026-09-24T10:10:57,Force Core(High,195352,29302800,150,,
1996,2026-09-24T19:11:29,2026-09-24T10:10:57,Epic Booster (Highest),49999981,149999943,3,,
1997,2026-09-24T19:17:10,2026-09-24T10:10:57,Force Core(High,195333,11719980,60,,
1998,2026-09-24T19:19:49,2026-09-24T10:10:57,Chaos Core,710811,710811,1,,
1999,2026-09-24T19:20:36,2026-09-24T10:10:57,Chaos Core,710297,710297,1,,
2000,2026-09-24T19:46:30,2026-09-24T10:10:57,Yekaterina VIP Membership,113999999,113999999,1,,
2001,2026-09-24T19:53:46,2026-09-24T10:10:57,Chaos Core,703666,703666,1,,
2002,2026-09-24T19:54:31,2026-09-24T10:10:57,Chaos Core,703104,703104,1,,
2003,2026-09-24T20:02:10,2026-09-24T10:10:57,Chaos Core,722368,722368,1,,
2004,2026-09-24T20:02:57,2026-09-24T10:10:57,Chaos Core,699323,699323,1,,
2005,2026-09-24T20:10:40,2026-09-24T10:10:57,Chaos Core,698703,698703,1,,
2006,2026-09-24T20:11:28,2026-09-24T10:10:57,Chaos Core,697578,697578,1,,
2007,2026-09-24T20:19:11,2026-09-24T10:10:57,Chaos Core,698170,698170,1,,
2008,2026-09-24T20:19:55,2026-09-24T10:10:57,Chaos Core,696950,696950,1,,
2009,2026-09-24T20:27:43,2026-09-24T10:10:57,Chaos Core,695750,695750,1,,
2010,2026-09-24T20:28:32,2026-09-24T10:10:57,Chaos Core,695241,695241,1,,
2011,2026-09-24T20:30:30,2026-09-24T10:10:57,Upgrade Core (Ultimate,444675,3112725,7,,
2012,2026-09-24T20:36:08,2026-09-24T10:10:57,Chaos Core,694417,694417,1,,
2013,2026-09-24T20:36:52,2026-09-24T10:10:57,Chaos Core,693153,693153,1,,
2014,2026-09-24T20:40:39,2026-09-24T10:10:57,Force Core(Highest,199873,1998730,10,,
2015,2026-09-24T20:42:41,2026-09-24T10:10:57,Force Core (Ultimate,368859,1106577,3,,
2016,2026-09-24T20:47:40,2026-09-24T10:10:57,Force Core(Highest,199867,34576991,173,,
2017,2026-09-24T20:48:50,2026-09-24T10:10:57,Force Core(High,195213,12298419,63,,
2018,2026-09-24T20:49:10,2026-09-24T10:10:57,Force Core(High,195212,2342544,12,,
2019,2026-09-24T20:54:39,2026-09-24T10:10:57,Chaos Core,692799,692799,1,,
2020,2026-09-24T20:55:23,2026-09-24T10:10:57,Chaos Core,692282,692282,1,,
2021,2026-09-24T20:58:20,2026-09-24T10:10:57,Force Core(Highest,199865,49766385,249,,
2022,2026-09-24T21:01:26,2026-09-24T10:10:57,Force Core(High),195208,1171248,6,,
2023,2026-09-24T21:03:08,2026-09-24T10:10:57,Chaos Core,709452,709452,1,,
2024,2026-09-24T21:03:52,2026-09-24T10:10:57,Chaos Core,708899,708899,1,,
2025,2026-09-24T21:07:01,2026-09-24T21:05:58,Chaos Core,709447,709447,1,,
2026,2026-09-24T21:07:20,2026-09-24T21:05:58,Upgrade Core (Ultimate,444695,1778780,4,,
2027,2026-09-24T21:07:40,2026-09-24T21:05:58,Chaos Core Set X 51,713999,37127948,52,,
2028,2026-09-24T21:07:52,2026-09-24T21:05:58,Chaos Core Set X 276,720170,200927447,279,,
2029,2026-09-24T21:17:40,2026-09-24T21:16:36,Force Core (Ultimate,368845,3688450,10,,
2030,2026-09-24T21:18:14,2026-09-24T21:16:36,Force Core(High,195204,3904080,20,,
2031,2026-09-24T21:21:06,2026-09-24T21:20:04,Chaos Core,708817,708817,1,,
2032,2026-09-24T21:21:41,2026-09-24T21:20:04,Force Core (Ultimate,368846,30614218,83,,
2033,2026-09-24T21:43:20,2026-09-24T21:26:34,Chaos Core,708239,708239,1,,
2034,2026-09-24T21:44:22,2026-09-24T21:26:34,Force Core (Ultimate,368845,20286475,55,,
2035,2026-09-24T21:48:54,2026-09-24T21:26:34,Force Core(High,195205,48801250,250,,
2036,2026-09-24T21:49:05,2026-09-24T21:26:34,Force Core(High,195204,6441732,33,,
2037,2026-09-24T21:52:33,2026-09-24T21:26:34,Chaos Core,689379,689379,1,,
2038,2026-09-24T22:06:44,2026-09-24T21:59:01,Chaos Core,689361,689361,1,,
2039,2026-09-24T22:11:00,2026-09-24T21:59:01,Force Core(High,195194,585582,3,,
2040,2026-09-24T22:12:08,2026-09-24T21:59:01,Force Core(High,195193,7417334,38,,
2041,2026-09-24T22:12:43,2026-09-24T21:59:01,Chaos Core,689395,689395,1,,
2042,2026-09-24T22:16:57,2026-09-24T21:59:01,Chaos Core,688004,688004,1,,
2043,2026-09-24T22:21:05,2026-09-24T21:59:01,Force Core(High,195188,5855640,30,,
2044,2026-09-24T22:22:44,2026-09-24T21:59:01,Chaos Core,687448,687448,1,,
2045,2026-09-24T22:24:01,2026-09-24T21:59:01,Force Core(High),195184,1561472,8,,
2046,2026-09-24T22:25:51,2026-09-24T21:59:01,Chaos Core,686817,686817,1,,
2047,2026-09-24T22:34:22,2026-09-24T21:59:01,Chaos Core Set X 309,727943,224934695,309,,
2048,2026-09-24T22:37:25,2026-09-24T21:59:01,Chaos Core Set X 207,727942,150684200,207,,
2049,2026-09-24T22:39:36,2026-09-24T21:59:01,Chaos Core Set X 99,727941,72066257,99,,
2050,2026-09-24T22:41:50,2026-09-24T21:59:01,Chaos Core Set X 189,727940,137580848,189,,
2051,2026-09-24T22:43:40,2026-09-24T21:59:01,Chaos Core Set X 3,727939,2183819,3,,
2052,2026-09-24T22:44:21,2026-09-24T21:59:01,Chaos Core,704521,704521,1,,
2053,2026-09-24T22:47:51,2026-09-24T21:59:01,Chaos Core Set X 183,727939,133213019,183,,
2054,2026-09-24T22:49:28,2026-09-24T21:59:01,Chaos Core,705876,705876,1,,
2055,2026-09-24T22:50:36,2026-09-24T21:59:01,Force Core(High,195165,7806600,40,,
2056,2026-09-24T22:50:56,2026-09-24T21:59:01,Force Core(High,195164,17174432,88,,
2057,2026-09-24T22:52:28,2026-09-24T21:59:01,Chaos Core,679455,679455,1,,
2058,2026-09-24T22:57:18,2026-09-24T21:59:01,Chaos Core,709369,709369,1,,
2059,2026-09-24T22:58:18,2026-09-24T21:59:01,Force Core(High,195159,12099858,62,,
2060,2026-09-24T22:58:38,2026-09-24T21:59:01,Force Core(High,195158,780632,4,,
2061,2026-09-24T23:04:09,2026-09-24T21:59:01,Force Core(High,195158,390316,2,,
2062,2026-09-24T23:04:48,2026-09-24T21:59:01,Force Core (Ultimate,368823,53110512,144,,
2063,2026-09-24T23:05:18,2026-09-24T21:59:01,Chaos Core,713478,713478,1,,
2064,2026-09-24T23:06:08,2026-09-24T21:59:01,Force Core (Ultimate,368822,13646414,37,,
2065,2026-09-24T23:06:21,2026-09-24T21:59:01,Force Core(High,195160,6830600,35,,
2066,2026-09-24T23:11:09,2026-09-24T21:59:01,Chaos Core,712882,712882,1,,
2067,2026-09-24T23:13:07,2026-09-24T21:59:01,Chaos Core Set X 249,726679,178763075,246,,
2068,2026-09-24T23:16:40,2026-09-24T21:59:01,Chaos Core,713339,713339,1,,
2069,2026-09-24T23:20:13,2026-09-24T21:59:01,Chaos Core,712831,712831,1,,
2070,2026-09-24T23:22:04,2026-09-24T21:59:01,Chaos Core Set,726571,60305447,83,,
2071,2026-09-24T23:24:35,2026-09-24T21:59:01,Chaos Core,679333,679333,1,,
2072,2026-09-24T23:29:13,2026-09-24T21:59:01,Chaos Core,716565,716565,1,,
2073,2026-09-24T23:33:11,2026-09-24T21:59:01,Chaos Core,669392,669392,1,,
2074,2026-09-24T23:36:49,2026-09-24T21:59:01,Chaos Core,716579,716579,1,,
2075,2026-09-24T23:40:46,2026-09-24T21:59:01,Chaos Core,659347,659347,1,,
2076,2026-09-24T23:41:58,2026-09-24T21:59:01,Force Core(High,195147,19514700,100,,
2077,2026-09-24T23:44:28,2026-09-24T21:59:01,Chaos Core,719479,719479,1,,
2078,2026-09-24T23:46:03,2026-09-24T21:59:01,Chaos Core Set X 228,727487,163684619,225,,
2079,2026-09-24T23:48:29,2026-09-24T21:59:01,Chaos Core,659449,659449,1,,
2080,2026-09-24T23:52:05,2026-09-24T21:59:01,Chaos Core,716526,716526,1,,
2081,2026-09-24T23:55:21,2026-09-24T21:59:01,Chaos Core Set X 186,729683,133532003,183,,
2082,2026-09-24T23:58:08,2026-09-24T21:59:01,Chaos Core,715964,715964,1,,
2083,2026-09-25T00:03:13,2026-09-24T21:59:01,Chaos Core,719388,719388,1,,
2084,2026-09-25T00:04:27,2026-09-24T21:59:01,Force Core(High,195141,5854230,30,,
2085,2026-09-25T00:05:03,2026-09-24T21:59:01,Force Core (Ultimate,368804,5900864,16,,
2086,2026-09-25T00:11:53,2026-09-25T00:10:38,Chaos Core,649348,649348,1,,
2087,2026-09-25T00:12:07,2026-09-25T00:10:38,Chaos Core,649445,649445,1,,
2088,2026-09-25T00:20:30,2026-09-25T00:13:04,Chaos Core,725449,725449,1,,
2089,2026-09-25T00:28:34,2026-09-25T00:13:04,Chaos Core,649492,649492,1,,
2090,2026-09-25T00:36:09,2026-09-25T00:13:04,Force Core(High,195135,780540,4,,
2091,2026-09-25T00:37:01,2026-09-25T00:13:04,Chaos Core Set X 24,717915,17229983,24,,
2092,2026-09-25T00:37:32,2026-09-25T00:13:04,Chaos Core,649420,649420,1,,
2093,2026-09-25T00:43:56,2026-09-25T00:13:04,Chaos Core,726947,726947,1,,
2094,2026-09-25T00:52:16,2026-09-25T00:13:04,Chaos Core,725150,725150,1,,
2095,2026-09-25T01:09:37,2026-09-25T00:13:04,Chaos Core,716513,716513,1,,
2096,2026-09-25T01:10:14,2026-09-25T00:13:04,Force Core(High,195125,3902500,20,,
2097,2026-09-25T01:10:34,2026-09-25T00:13:04,Force Core(High,195124,13073308,67,,
2098,2026-09-25T01:10:53,2026-09-25T00:13:04,Force Core(High,195123,19512300,100,,
2099,2026-09-25T01:11:16,2026-09-25T00:13:04,Force Core (Ultimate,368789,1475156,4,,
2100,2026-09-25T01:11:35,2026-09-25T00:13:04,Chaos Core,715847,715847,1,,
2101,2026-09-25T01:13:05,2026-09-25T00:13:04,Chaos Core Set,716294,133230770,186,,
2102,2026-09-25T01:14:13,2026-09-25T00:13:04,Chaos Core Set,719152,176911532,246,,
2103,2026-09-25T01:14:35,2026-09-25T00:13:04,Chaos Core Set,718450,109204499,152,,
2104,2026-09-25T01:19:17,2026-09-25T00:13:04,Yekaterina VIP Membership,113499999,113499999,1,,
2105,2026-09-25T01:21:14,2026-09-25T00:13:04,Force Core(Highest,199734,5992020,30,,
2106,2026-09-25T01:22:22,2026-09-25T00:13:04,Chaos Core,716425,716425,1,,
2107,2026-09-25T01:23:01,2026-09-25T00:13:04,Force Core(High,195117,9170499,47,,
2108,2026-09-25T01:23:21,2026-09-25T00:13:04,Force Core(High,195116,32974604,169,,
2109,2026-09-25T01:23:44,2026-09-25T00:13:04,Force Core (Ultimate,368786,5163004,14,,
2110,2026-09-25T01:24:04,2026-09-25T00:13:04,Chaos Core,715878,715878,1,,
2111,2026-09-25T01:25:07,2026-09-25T00:13:04,Chaos Core Set X 294,718261,214041995,298,,
2112,2026-09-25T01:25:36,2026-09-25T00:13:04,Chaos Core Set X 243,719153,176911775,246,,
2113,2026-09-25T01:26:29,2026-09-25T00:13:04,Force Core(High),195111,8194662,42,,
2114,2026-09-25T01:31:08,2026-09-25T00:13:04,Force Core (Ultimate,368785,737570,2,,
2115,2026-09-25T01:34:03,2026-09-25T00:13:04,Chaos Core,679323,679323,1,,
2116,2026-09-25T01:34:58,2026-09-25T00:13:04,Force Core(High,195110,8975060,46,,
2117,2026-09-25T01:35:37,2026-09-25T00:13:04,Chaos Core,724309,724309,1,,
2118,2026-09-25T01:36:40,2026-09-25T00:13:04,Chaos Core Set X 237,718935,172544531,240,,
2119,2026-09-25T01:41:01,2026-09-25T00:13:04,Chaos Core Set,718233,186740786,260,,
2120,2026-09-25T01:48:57,2026-09-25T00:13:04,Force Core(Highest) TAP,199718,12781952,64,,
2121,2026-09-25T01:49:17,2026-09-25T00:13:04,Force Core(Highest,199717,8787548,44,,
2122,2026-09-25T01:50:12,2026-09-25T00:13:04,Chaos Core,649404,649404,1,,
2123,2026-09-25T01:51:37,2026-09-25T00:13:04,Chaos Core,649399,649399,1,,
2124,2026-09-25T01:52:23,2026-09-25T00:13:04,Chaos Core Set,717815,150741356,210,,
2125,2026-09-25T02:01:01,2026-09-25T00:13:04,Upgrade Core (Ultimate,449791,86359872,192,,
2126,2026-09-25T02:02:08,2026-09-25T00:13:04,Upgrade Core (Ultimate,449790,80962200,180,,
2127,2026-09-25T02:02:14,2026-09-25T00:13:04,Upgrade Core (Ultimate,449788,44079224,98,,
2128,2026-09-25T02:02:37,2026-09-25T00:13:04,Chaos Core,729493,729493,1,,
2129,2026-09-25T02:03:45,2026-09-25T00:13:04,Chaos Core,728843,728843,1,,
2130,2026-09-25T02:04:36,2026-09-25T00:13:04,Chaos Core Set,715936,126004871,176,,
2131,2026-09-25T02:07:21,2026-09-25T00:13:04,Force Core(High,195099,5852970,30,,
2132,2026-09-25T02:07:41,2026-09-25T00:13:04,Chaos Core Set X 237,716691,177739571,248,,
2133,2026-09-25T02:08:14,2026-09-25T00:13:04,Chaos Core Set,710485,13499225,19,,
2134,2026-09-25T02:12:05,2026-09-25T00:13:04,Upgrade Core (Ultimate,449787,17991480,40,,
2135,2026-09-25T02:13:30,2026-09-25T00:13:04,Chaos Core,716411,716411,1,,
2136,2026-09-25T02:16:25,2026-09-25T00:13:04,Upgrade Core (Ultimate,449785,8096130,18,,
2137,2026-09-25T02:18:30,2026-09-25T00:13:04,Chaos Core,729314,729314,1,,
2138,2026-09-25T02:24:41,2026-09-25T00:13:04,Chaos Core Set,710553,13500521,19,,
2139,2026-09-25T02:24:58,2026-09-25T00:13:04,Chaos Core Set X 90,718111,67502519,94,,
2140,2026-09-25T02:25:34,2026-09-25T00:13:04,Force Core(High,185102,555306,3,,
2141,2026-09-25T02:39:46,2026-09-25T00:13:04,Force Core(Highest,199693,399386,2,,
2142,2026-09-25T02:40:22,2026-09-25T00:13:04,Chaos Core,745189,745189,1,,
2143,2026-09-25T02:47:08,2026-09-25T00:13:04,Upgrade Core (Ultimate,449779,5397348,12,,
2144,2026-09-25T02:47:31,2026-09-25T00:13:04,Force Core(High,185097,6848589,37,,
2145,2026-09-25T02:47:54,2026-09-25T00:13:04,Force Core (Ultimate,359991,35999100,100,,
2146,2026-09-25T02:48:14,2026-09-25T00:13:04,Upgrade Core (Ultimate,449778,17991120,40,,
2147,2026-09-25T02:51:27,2026-09-25T00:13:04,Force Core(Highest,199688,4193448,21,,
2148,2026-09-25T02:51:32,2026-09-25T00:13:04,Force Core(Highest,199687,2196557,11,,
2149,2026-09-25T02:51:56,2026-09-25T00:13:04,Chaos Core,679340,679340,1,,
2150,2026-09-25T02:52:47,2026-09-25T00:13:04,Force Core (Ultimate,359990,33479070,93,,
2151,2026-09-25T02:52:52,2026-09-25T00:13:04,Force Core (Ultimate,359989,8999725,25,,
2152,2026-09-25T02:52:58,2026-09-25T00:13:04,Chaos Core,678839,678839,1,,
2153,2026-09-25T02:53:50,2026-09-25T00:13:04,Force Core(High,185100,11846400,64,,
2154,2026-09-25T03:00:54,2026-09-25T00:13:04,Force Core(High,185100,33688200,182,,
2155,2026-09-25T03:13:53,2026-09-25T00:13:04,Chaos Core,740685,740685,1,,
2156,2026-09-25T03:24:30,2026-09-25T03:19:06,Chaos Core,740008,740008,1,,
2157,2026-09-25T03:25:09,2026-09-25T03:19:06,Chaos Core,738729,738729,1,,
2158,2026-09-25T03:36:55,2026-09-25T03:19:06,Chaos Core,649378,649378,1,,
2159,2026-09-25T03:37:33,2026-09-25T03:19:06,Chaos Core,649480,649480,1,,
2160,2026-09-25T03:39:36,2026-09-25T03:19:06,Chaos Core Set X 300,750638,225191699,300,,
2161,2026-09-25T03:39:54,2026-09-25T03:19:06,Force Core (Ultimate,359957,7199140,20,,
2162,2026-09-25T03:40:15,2026-09-25T03:19:06,Force Core (Ultimate,359956,10798680,30,,
2163,2026-09-25T03:40:36,2026-09-25T03:19:06,Chaos Core Set X 333,750634,249961454,333,,
2164,2026-09-25T04:03:04,2026-09-25T04:02:00,Chaos Core,745478,745478,1,,
2165,2026-09-25T04:03:10,2026-09-25T04:02:00,Chaos Core,744864,744864,1,,
2166,2026-09-25T09:06:18,2026-09-25T08:49:03,Chaos Core,716470,716470,1,,
2167,2026-09-25T09:07:02,2026-09-25T08:49:03,Yekaterina VIP Membership,113499999,113499999,1,,
2168,2026-09-25T09:08:27,2026-09-25T08:49:03,Force Core (Ultimate,359944,32754904,91,,
2169,2026-09-25T09:09:07,2026-09-25T08:49:03,Force Core(High,185999,9299950,50,,
2170,2026-09-25T09:09:59,2026-09-25T08:49:03,Chaos Core Set X 291,745495,216939335,291,,
2171,2026-09-25T09:17:31,2026-09-25T08:49:03,Chaos Core Set X 3,744852,2234558,3,,
2172,2026-09-25T09:19:09,2026-09-25T08:49:03,Force Core(High,185906,743624,4,,
2173,2026-09-25T09:19:14,2026-09-25T08:49:03,Force Core(High,185905,4833530,26,,
2174,2026-09-25T09:20:11,2026-09-25T08:49:03,Upgrade Core (Ultimate),536878,12348194,23,,
2175,2026-09-25T09:20:16,2026-09-25T08:49:03,Force Core (Ultimate,359950,39594500,110,,
2176,2026-09-25T09:20:21,2026-09-25T08:49:03,Force Core (Ultimate,359949,41754084,116,,
2177,2026-09-25T09:20:27,2026-09-25T08:49:03,Chaos Core Set X 69,745494,51439154,69,,
2178,2026-09-25T09:22:25,2026-09-25T08:49:03,Upgrade Core (Ultimate),536879,98248857,183,,
2179,2026-09-25T09:22:37,2026-09-25T08:49:03,Upgrade Core (Ultimate),536878,58519702,109,,
2180,2026-09-25T09:34:50,2026-09-25T08:49:03,Chaos Core,718817,718817,1,,
2181,2026-09-25T09:36:32,2026-09-25T08:49:03,Chaos Core Set,744712,127345922,171,,
2182,2026-09-25T09:37:03,2026-09-25T08:49:03,Chaos Core Set X 333,744711,247989095,333,,
2183,2026-09-25T09:39:23,2026-09-25T08:49:03,Chaos Core Set X 237,744710,176496506,237,,
2184,2026-09-25T09:39:56,2026-09-25T08:49:03,Chaos Core Set X 207,744709,154154969,207,,
2185,2026-09-25T09:40:37,2026-09-25T08:49:03,Chaos Core Set,744708,145218254,195,,
2186,2026-09-25T09:41:09,2026-09-25T08:49:03,Chaos Core Set X 333,744707,247987763,333,,
2187,2026-09-25T09:42:01,2026-09-25T08:49:03,Epic Booster (Highest),49858999,199435996,4,,
2188,2026-09-25T09:48:36,2026-09-25T08:49:03,Chaos Core,715758,715758,1,,
2189,2026-09-25T09:49:18,2026-09-25T08:49:03,Yekaterina VIP Membership,113499999,113499999,1,,
2190,2026-09-25T09:50:42,2026-09-25T08:49:03,Chaos Core Set,743577,174740639,235,,
2191,2026-09-25T09:50:58,2026-09-25T08:49:03,Force Core(High,185903,5577090,30,,
2192,2026-09-25T09:51:37,2026-09-25T08:49:03,Chaos Core,715059,715059,1,,
2193,2026-09-25T09:55:16,2026-09-25T08:49:03,Chaos Core,727329,727329,1,,
2194,2026-09-25T09:56:01,2026-09-25T08:49:03,Yekaterina VIP Membership,113499999,113499999,1,,
2195,2026-09-25T10:02:18,2026-09-25T08:49:03,Force Core(High,185895,371790,2,,
2196,2026-09-25T10:02:55,2026-09-25T08:49:03,Chaos Core,727346,727346,1,,
2197,2026-09-25T10:08:15,2026-09-25T08:49:03,Chaos Core,726149,726149,1,,
2198,2026-09-25T10:09:08,2026-09-25T08:49:03,Force Core(High,185887,3717740,20,,
2199,2026-09-25T10:13:51,2026-09-25T08:49:03,Chaos Core,725768,725768,1,,
2200,2026-09-25T10:15:57,2026-09-25T08:49:03,Chaos Core,699369,699369,1,,
2201,2026-09-25T10:17:06,2026-09-25T08:49:03,Force Core(High,185878,1858780,10,,
2202,2026-09-25T10:29:50,2026-09-25T08:49:03,Upgrade Core (Ultimate,536847,26842350,50,,
2203,2026-09-25T10:32:47,2026-09-25T08:49:03,Chaos Core,715857,715857,1,,
2204,2026-09-25T10:34:38,2026-09-25T08:49:03,Epic Booster (Highest),49858996,199435984,4,,
2205,2026-09-25T10:36:52,2026-09-25T08:49:03,Chaos Core,709343,709343,1,,
2206,2026-09-25T10:38:01,2026-09-25T08:49:03,Force Core(High,185852,185852,1,,
2207,2026-09-25T10:38:21,2026-09-25T08:49:03,Upgrade Core (Ultimate,536842,69789460,130,,
2208,2026-09-25T10:44:12,2026-09-25T08:49:03,Chaos Core,721353,721353,1,,
2209,2026-09-25T10:47:01,2026-09-25T08:49:03,Chaos Core Set,746156,120131219,161,,
2210,2026-09-25T10:56:03,2026-09-25T08:49:03,Upgrade Core (Ultimate),536828,10736560,20,,
2211,2026-09-25T10:57:55,2026-09-25T08:49:03,Chaos Core,717964,717964,1,,
2212,2026-09-25T11:00:00,2026-09-25T08:49:03,Chaos Core,717269,717269,1,,
2213,2026-09-25T11:02:29,2026-09-25T08:49:03,Chaos Core Set X 261,745189,190023398,255,,
2214,2026-09-25T11:07:39,2026-09-25T08:49:03,Force Core(High,185820,3716400,20,,
2215,2026-09-25T11:10:09,2026-09-25T08:49:03,Chaos Core Set X 252,745808,183468851,246,,
2216,2026-09-25T11:13:10,2026-09-25T08:49:03,Chaos Core Set,745971,242440649,325,,
2217,2026-09-25T11:24:53,2026-09-25T08:49:03,Chaos Core,718419,1436838,2,,
2218,2026-09-25T11:25:50,2026-09-25T08:49:03,Siena's Unbinding Stone,95998782,95998782,1,,
2219,2026-09-25T11:29:15,2026-09-25T08:49:03,Chaos Core Set X 216,745289,157255991,211,,
2220,2026-09-25T11:31:17,2026-09-25T08:49:03,Chaos Core Set X 153,742596,111389507,150,,
2221,2026-09-25T11:34:38,2026-09-25T08:49:03,Chaos Core,698739,698739,1,,
2222,2026-09-25T11:36:45,2026-09-25T08:49:03,Chaos Core,698217,698217,1,,
2223,2026-09-25T11:37:41,2026-09-25T08:49:03,Force Core(High,185790,1857900,10,,
2224,2026-09-25T11:38:17,2026-09-25T08:49:03,Upgrade Core (Ultimate,536798,35428668,66,,
2225,2026-09-25T11:38:37,2026-09-25T08:49:03,Upgrade Core (Ultimate,536797,5367970,10,,
2226,2026-09-25T11:38:57,2026-09-25T08:49:03,Chaos Core Set X 201,746609,146335436,196,,
2227,2026-09-25T11:41:04,2026-09-25T08:49:03,Chaos Core Set,746121,120125609,161,,
2228,2026-09-25T11:46:34,2026-09-25T08:49:03,Force Core(High,185787,9289350,50,,
2229,2026-09-25T11:47:10,2026-09-25T08:49:03,Force Core(High,185785,18578500,100,,
2230,2026-09-25T11:47:30,2026-09-25T08:49:03,Upgrade Core (Ultimate,536795,28986930,54,,
2231,2026-09-25T11:47:53,2026-09-25T08:49:03,Chaos Core Set,746894,144150731,193,,
2232,2026-09-25T11:49:33,2026-09-25T08:49:03,Chaos Core Set X 333,745953,242434988,325,,
2233,2026-09-25T11:57:38,2026-09-25T08:49:03,Chaos Core,721153,721153,1,,
2234,2026-09-25T11:59:30,2026-09-25T08:49:03,Epic Booster (Highest),49858996,199435984,4,,
2235,2026-09-25T12:01:03,2026-09-25T08:49:03,Chaos Core,720643,720643,1,,
2236,2026-09-25T12:01:56,2026-09-25T08:49:03,Force Core(High,185782,3715640,20,,
2237,2026-09-25T12:02:17,2026-09-25T08:49:03,Force Core(High,185781,13190451,71,,
2238,2026-09-25T12:03:43,2026-09-25T08:49:03,Chaos Core Set,745049,159440540,214,,
2239,2026-09-25T12:03:58,2026-09-25T08:49:03,Upgrade Core (Ultimate,536793,25766064,48,,
2240,2026-09-25T12:04:10,2026-09-25T08:49:03,Upgrade Core (Ultimate),536801,5904811,11,,
2241,2026-09-25T12:07:50,2026-09-25T08:49:03,Chaos Core,721690,721690,1,,
2242,2026-09-25T12:09:02,2026-09-25T08:49:03,Force Core(High,184996,1849960,10,,
2243,2026-09-25T12:12:24,2026-09-25T08:49:03,Chaos Core,721789,721789,1,,
2244,2026-09-25T12:14:30,2026-09-25T08:49:03,Chaos Core,721231,721231,1,,
2245,2026-09-25T12:25:59,2026-09-25T08:49:03,Force Core(High,184988,1849880,10,,
2246,2026-09-25T12:28:13,2026-09-25T08:49:03,Chaos Core Set,743886,102656318,138,,
2247,2026-09-25T12:36:49,2026-09-25T08:49:03,Force Core(Highest),196949,8665756,44,,
2248,2026-09-25T12:39:24,2026-09-25T08:49:03,Chaos Core,709446,709446,1,,
2249,2026-09-25T12:40:28,2026-09-25T08:49:03,Force Core(Highest,196948,196948,1,,
2250,2026-09-25T12:41:13,2026-09-25T08:49:03,Epic Booster (Highest),49858994,199435976,4,,
2251,2026-09-25T12:43:26,2026-09-25T08:49:03,Chaos Core,708924,708924,1,,
2252,2026-09-25T12:44:31,2026-09-25T08:49:03,Force Core(High,184977,20347470,110,,
2253,2026-09-25T12:45:23,2026-09-25T08:49:03,Chaos Core Set X 171,745495,124497746,167,,
2254,2026-09-25T12:45:57,2026-09-25T08:49:03,Chaos Core Set X 111,748279,80814215,108,,
2255,2026-09-25T12:46:31,2026-09-25T08:49:03,Chaos Core Set X 117,747214,85182434,114,,
2256,2026-09-25T12:47:42,2026-09-25T08:49:03,Chaos Core Set X 1,728053,728053,1,,
2257,2026-09-25T12:57:20,2026-09-25T08:49:03,Chaos Core,714369,714369,1,,
2258,2026-09-25T12:58:38,2026-09-25T08:49:03,Force Core(High,184975,9248750,50,,
2259,2026-09-25T12:59:14,2026-09-25T08:49:03,Chaos Core,713055,713055,1,,
2260,2026-09-25T12:59:51,2026-09-25T08:49:03,Force Core(High,184971,29410389,159,,
2261,2026-09-25T12:59:57,2026-09-25T08:49:03,Force Core(High,184970,16647300,90,,
2262,2026-09-25T13:00:02,2026-09-25T08:49:03,Force Core(High,184969,184969,1,,
2263,2026-09-25T13:00:59,2026-09-25T08:49:03,Chaos Core Set,742631,37131569,50,,
2264,2026-09-25T13:01:37,2026-09-25T08:49:03,Chaos Core Set,744068,67710230,91,,
2265,2026-09-25T13:06:18,2026-09-25T08:49:03,Chaos Core,716390,1432780,2,,
2266,2026-09-25T13:08:16,2026-09-25T08:49:03,Upgrade Core (Ultimate,536775,80516250,150,,
2267,2026-09-25T13:10:16,2026-09-25T08:49:03,Chaos Core Set,746914,144154493,193,,
2268,2026-09-25T13:10:58,2026-09-25T08:49:03,Chaos Core Set X 237,743742,172548323,232,,
2269,2026-09-25T13:11:45,2026-09-25T08:49:03,Force Core(Highest,196949,3742031,19,,
2270,2026-09-25T13:11:58,2026-09-25T08:49:03,Force Core (Ultimate),369858,65095008,176,,
2271,2026-09-25T13:21:39,2026-09-25T08:49:03,Force Core(High,184952,2404376,13,,
2272,2026-09-25T13:23:51,2026-09-25T08:49:03,Force Core(High,184948,9247400,50,,
2273,2026-09-25T13:31:07,2026-09-25T08:49:03,Force Core(High,184944,1849440,10,,
2274,2026-09-25T13:36:34,2026-09-25T08:49:03,Chaos Core,708866,708866,1,,
2275,2026-09-25T13:38:35,2026-09-25T08:49:03,Chaos Core,707431,707431,1,,
2276,2026-09-25T13:39:46,2026-09-25T08:49:03,Upgrade Core (Ultimate,535754,1607262,3,,
2277,2026-09-25T13:40:38,2026-09-25T08:49:03,Force Core(High,184936,1849360,10,,
2278,2026-09-25T13:48:35,2026-09-25T08:49:03,Chaos Core,729374,729374,1,,
2279,2026-09-25T13:51:55,2026-09-25T08:49:03,Chaos Core Set X 213,745555,155075501,208,,
2280,2026-09-25T13:52:17,2026-09-25T08:49:03,Chaos Core,728163,728163,1,,
2281,2026-09-25T13:59:08,2026-09-25T08:49:03,Epic Booster (Highest),49858994,199435976,4,,
2282,2026-09-25T14:00:41,2026-09-25T08:49:03,Chaos Core,728681,728681,1,,
2283,2026-09-25T14:01:53,2026-09-25T08:49:03,Upgrade Core (Ultimate,535744,67503744,126,,
2284,2026-09-25T14:03:54,2026-09-25T08:49:03,Chaos Core,719434,719434,1,,
2285,2026-09-25T14:05:29,2026-09-25T08:49:03,Chaos Core Set,728050,10920764,15,,
2286,2026-09-25T14:09:16,2026-09-25T08:49:03,Chaos Core,649336,649336,1,,
2287,2026-09-25T14:10:10,2026-09-25T08:49:03,Upgrade Core (Ultimate,535741,47680949,89,,
2288,2026-09-25T14:11:55,2026-09-25T08:49:03,Chaos Core Set X 3,728044,2184134,3,,
2289,2026-09-25T14:12:12,2026-09-25T08:49:03,Chaos Core,739415,739415,1,,
2290,2026-09-25T14:13:41,2026-09-25T08:49:03,Chaos Core Set X 165,746132,120127259,161,,
2291,2026-09-25T14:17:30,2026-09-25T08:49:03,Force Core(High,183991,34406317,187,,
2292,2026-09-25T14:17:50,2026-09-25T08:49:03,Force Core(High,183990,45997500,250,,
2293,2026-09-25T14:20:08,2026-09-25T08:49:03,Upgrade Core (Ultimate,535734,20357892,38,,
2294,2026-09-25T14:35:16,2026-09-25T08:49:03,Force Core(High,183980,8279100,45,,
2295,2026-09-25T14:35:21,2026-09-25T08:49:03,Force Core(High,183979,3495601,19,,
2296,2026-09-25T14:37:16,2026-09-25T14:36:14,Force Core(High,183980,8279100,45,,
2297,2026-09-25T14:37:35,2026-09-25T14:36:14,Force Core(Highest,201982,13532794,67,,
2298,2026-09-25T14:40:42,2026-09-25T14:39:40,Epic Booster (Highest),49858994,199435976,4,,
2299,2026-09-25T14:41:03,2026-09-25T14:39:40,Chaos Core Set X 171,743997,127223657,171,,
2300,2026-09-25T14:41:14,2026-09-25T14:39:40,Chaos Core Set X 234,743996,174095297,234,,
2301,2026-09-25T14:41:26,2026-09-25T14:39:40,Upgrade Core (Ultimate,535733,49823169,93,,
2302,2026-09-25T14:44:41,2026-09-25T14:43:25,Force Core(Highest,201982,3029730,15,,
2303,2026-09-25T14:47:41,2026-09-25T14:46:40,Force Core(High,183980,919900,5,,
2304,2026-09-25T14:51:09,2026-09-25T14:50:07,Chaos Core,735385,735385,1,,
2305,2026-09-25T14:51:20,2026-09-25T14:50:07,Force Core (Ultimate,383845,4606140,12,,
2306,2026-09-25T14:51:25,2026-09-25T14:50:07,Chaos Core,736150,736150,1,,
2307,2026-09-25T14:51:37,2026-09-25T14:50:07,Upgrade Core (Ultimate,535733,11250393,21,,
2308,2026-09-25T14:54:44,2026-09-25T14:53:42,Upgrade Core (Ultimate,535732,535732,1,,
2309,2026-09-25T14:54:54,2026-09-25T14:53:42,Force Core (Ultimate,383845,11515350,30,,
2310,2026-09-25T15:39:12,2026-09-25T15:22:58,Force Core (Ultimate,383844,42990528,112,,
2311,2026-09-25T15:39:25,2026-09-25T15:22:58,Force Core (Ultimate,383846,71779202,187,,
2312,2026-09-25T15:39:30,2026-09-25T15:22:58,Chaos Core,639397,639397,1,,
2313,2026-09-25T15:40:08,2026-09-25T15:22:58,Chaos Core,737486,737486,1,,
2314,2026-09-25T15:41:39,2026-09-25T15:22:58,Force Core (Ultimate,383845,24182235,63,,
2315,2026-09-25T15:46:49,2026-09-25T15:22:58,Yekaterina VIP Membership,113499998,113499998,1,,
2316,2026-09-25T15:48:47,2026-09-25T15:22:58,Upgrade Core (Ultimate,536775,53677500,100,,
2317,2026-09-25T15:50:12,2026-09-25T15:22:58,Chaos Core Set X 3,739999,2219999,3,,
2318,2026-09-25T16:02:33,2026-09-25T15:22:58,Chaos Core,734903,734903,1,,
2319,2026-09-25T16:03:18,2026-09-25T15:22:58,Chaos Core,734360,734360,1,,
2320,2026-09-25T16:09:20,2026-09-25T15:22:58,Chaos Core,749328,749328,1,,
2321,2026-09-25T16:10:07,2026-09-25T15:22:58,Chaos Core,747477,747477,1,,
2322,2026-09-25T16:22:18,2026-09-25T15:22:58,Chaos Core,745850,745850,1,,
2323,2026-09-25T16:23:07,2026-09-25T15:22:58,Chaos Core,745308,745308,1,,
2324,2026-09-25T16:28:04,2026-09-25T16:27:02,Chaos Core,699313,699313,1,,
2325,2026-09-25T16:28:16,2026-09-25T16:27:02,Chaos Core,698755,698755,1,,
2326,2026-09-25T16:31:47,2026-09-25T16:30:35,Chaos Core Set X 252,744733,189162287,254,,
2327,2026-09-25T16:50:17,2026-09-25T16:36:04,Chaos Core,746244,746244,1,,
2328,2026-09-25T16:51:59,2026-09-25T16:36:04,Chaos Core,746262,746262,1,,
2329,2026-09-25T16:56:43,2026-09-25T16:36:04,Chaos Core,649487,649487,1,,
2330,2026-09-25T16:58:25,2026-09-25T16:36:04,Chaos Core,648844,648844,1,,
2331,2026-09-25T17:04:33,2026-09-25T16:36:04,Chaos Core,744961,744961,1,,
2332,2026-09-25T17:06:14,2026-09-25T16:36:04,Chaos Core,743832,743832,1,,
2333,2026-09-25T17:10:49,2026-09-25T16:36:04,Chaos Core,745011,745011,1,,
2334,2026-09-25T17:12:34,2026-09-25T16:36:04,Chaos Core,744367,744367,1,,
2335,2026-09-25T17:20:12,2026-09-25T16:36:04,Chaos Core,744549,744549,1,,
2336,2026-09-25T17:37:58,2026-09-25T16:36:04,Chaos Core,719435,719435,1,,
2337,2026-09-25T17:39:43,2026-09-25T16:36:04,Chaos Core,741199,741199,1,,
2338,2026-09-25T17:41:10,2026-09-25T16:36:04,Force Core(High),182995,5489850,30,,
2339,2026-09-25T17:51:21,2026-09-25T16:36:04,Siena's Unbinding Stone,95998782,95998782,1,,
2340,2026-09-25T18:03:37,2026-09-25T16:36:04,Chaos Core,735333,735333,1,,
2341,2026-09-25T18:05:17,2026-09-25T16:36:04,Chaos Core,735909,735909,1,,
2342,2026-09-25T18:40:08,2026-09-25T16:36:04,Chaos Core Set X 333,751556,246510575,328,,
2343,2026-09-25T18:48:15,2026-09-25T16:36:04,Upgrade Core (Ultimate,476647,476647,1,,
2344,2026-09-25T18:53:25,2026-09-25T16:36:04,Upgrade Core (Ultimate,476643,119160750,250,,
2345,2026-09-25T18:56:43,2026-09-25T16:36:04,Force Core(High,182988,731952,4,,
2346,2026-09-25T19:02:40,2026-09-25T16:36:04,Chaos Core,717971,717971,1,,
2347,2026-09-25T19:09:12,2026-09-25T16:36:04,Chaos Core Set X 144,750654,106592975,142,,
2348,2026-09-25T19:12:41,2026-09-25T16:36:04,Chaos Core,717382,717382,1,,
2349,2026-09-25T19:19:42,2026-09-25T16:36:04,Chaos Core,716325,716325,1,,
2350,2026-09-25T19:21:07,2026-09-25T16:36:04,Chaos Core Set,753792,82163420,109,,
2351,2026-09-25T19:21:44,2026-09-25T16:36:04,Chaos Core Set X 297,750314,219842072,293,,
2352,2026-09-25T19:22:56,2026-09-25T16:36:04,Chaos Core Set X 300,750210,222062399,296,,
2353,2026-09-25T19:25:31,2026-09-25T16:36:04,Chaos Core Set X 123,752441,91045460,121,,
2354,2026-09-25T19:26:17,2026-09-25T16:36:04,Chaos Core Set X 192,751955,142119551,189,,
2355,2026-09-25T19:32:20,2026-09-25T16:36:04,Force Core (Ultimate,377709,49102170,130,,
2356,2026-09-25T19:32:56,2026-09-25T16:36:04,Chaos Core Set X 333,751028,247839246,330,,
2357,2026-09-25T19:37:05,2026-09-25T16:36:04,Force Core(Highest,195487,19548700,100,,
2358,2026-09-25T19:37:25,2026-09-25T16:36:04,Upgrade Core (Ultimate,476611,20494273,43,,
2359,2026-09-25T19:37:48,2026-09-25T16:36:04,Force Core(Highest,195487,3714253,19,,
2360,2026-09-25T19:38:08,2026-09-25T16:36:04,Force Core(Highest,195487,35383147,181,,
2361,2026-09-25T19:38:13,2026-09-25T16:36:04,Chaos Core,720074,720074,1,,
2362,2026-09-25T19:39:23,2026-09-25T16:36:04,Chaos Core,719472,719472,1,,
2363,2026-09-25T19:40:36,2026-09-25T16:36:04,Upgrade Core (Ultimate,476607,76257120,160,,
2364,2026-09-25T19:50:38,2026-09-25T16:36:04,Chaos Core,718025,718025,1,,
2365,2026-09-25T19:51:50,2026-09-25T16:36:04,Chaos Core,716955,716955,1,,
2366,2026-09-25T19:52:31,2026-09-25T16:36:04,Chaos Core Set X 3,740221,2220665,3,,
2367,2026-09-25T19:59:20,2026-09-25T16:36:04,Chaos Core,777088,777088,1,,
2368,2026-09-25T20:00:29,2026-09-25T16:36:04,Chaos Core,777142,777142,1,,
2369,2026-09-25T20:06:52,2026-09-25T16:36:04,Chaos Core,717941,717941,1,,
2370,2026-09-25T20:08:06,2026-09-25T16:36:04,Chaos Core,743794,743794,1,,
2371,2026-09-25T20:09:54,2026-09-25T16:36:04,Upgrade Core (Ultimate,476582,3812656,8,,
2372,2026-09-25T20:10:13,2026-09-25T16:36:04,Chaos Core Set,749717,80969543,108,,
2373,2026-09-25T20:16:51,2026-09-25T16:36:04,Force Core(Highest,195487,8014967,41,,
2374,2026-09-25T20:17:36,2026-09-25T16:36:04,Chaos Core,743111,743111,1,,
2375,2026-09-25T20:18:54,2026-09-25T16:36:04,Chaos Core,742465,742465,1,,
2376,2026-09-25T21:20:14,2026-09-25T21:08:01,Siena's Unbinding Stone,95998783,95998783,1,,
2377,2026-09-25T21:22:50,2026-09-25T21:08:01,Force Core(High,182979,23421312,128,,
2378,2026-09-25T21:23:12,2026-09-25T21:08:01,Force Core(High,182978,5123384,28,,
2379,2026-09-25T21:23:51,2026-09-25T21:08:01,Chaos Core,717982,717982,1,,
2380,2026-09-25T21:24:34,2026-09-25T21:08:01,Chaos Core Set,749718,157440989,210,,
2381,2026-09-25T21:35:43,2026-09-25T21:08:01,Chaos Core,718025,718025,1,,
2382,2026-09-25T21:36:53,2026-09-25T21:08:01,Chaos Core,717336,717336,1,,
2383,2026-09-25T21:37:30,2026-09-25T21:08:01,Upgrade Core (Ultimate,476559,62429229,131,,
2384,2026-09-25T21:37:50,2026-09-25T21:08:01,Upgrade Core (Ultimate,476558,41460546,87,,
2385,2026-09-25T21:37:56,2026-09-25T21:08:01,Force Core(High,182977,22323194,122,,
2386,2026-09-25T21:38:01,2026-09-25T21:08:01,Upgrade Core (Ultimate,476558,5242138,11,,
2387,2026-09-25T21:38:06,2026-09-25T21:08:01,Chaos Core Set X 213,749716,159689720,213,,
2388,2026-09-25T21:38:23,2026-09-25T21:08:01,Chaos Core,716736,716736,1,,
2389,2026-09-25T21:39:03,2026-09-25T21:08:01,Chaos Core Set,749718,186680030,249,,
2390,2026-09-25T21:39:23,2026-09-25T21:08:01,Chaos Core Set,749717,143945855,192,,
2391,2026-09-25T21:39:48,2026-09-25T21:08:01,Chaos Core Set,749716,128201606,171,,
2392,2026-09-25T21:40:14,2026-09-25T21:08:01,Chaos Core Set,749715,161938655,216,,
2393,2026-09-25T21:40:37,2026-09-25T21:08:01,Force Core(High),182978,17748866,97,,
2394,2026-09-25T21:50:43,2026-09-25T21:08:01,Upgrade Core (Ultimate,476556,36694812,77,,
2395,2026-09-25T21:56:04,2026-09-25T21:08:01,Upgrade Core (Ultimate,476554,9531080,20,,
2396,2026-09-25T22:06:13,2026-09-25T21:08:01,Chaos Core,744155,744155,1,,
2397,2026-09-25T22:07:33,2026-09-25T21:08:01,Chaos Core,717930,717930,1,,
2398,2026-09-25T22:08:34,2026-09-25T21:08:01,Chaos Core,717273,717273,1,,
2399,2026-09-25T22:22:02,2026-09-25T22:16:30,Chaos Core,717955,717955,1,,
2400,2026-09-25T22:22:50,2026-09-25T22:16:30,Force Core (Ultimate,377709,43058826,114,,
2401,2026-09-25T22:22:56,2026-09-25T22:16:30,Force Core (Ultimate,377709,32105265,85,,
2402,2026-09-25T22:23:18,2026-09-25T22:16:30,Chaos Core,649416,649416,1,,
2403,2026-09-25T22:55:28,2026-09-25T22:48:22,Chaos Core,718837,718837,1,,
2404,2026-09-25T23:02:12,2026-09-25T22:48:22,Chaos Core,717867,717867,1,,
2405,2026-09-25T23:03:18,2026-09-25T22:48:22,Upgrade Core (Ultimate,476548,56709212,119,,
2406,2026-09-25T23:03:24,2026-09-25T22:48:22,Upgrade Core (Ultimate,476547,27639726,58,,
2407,2026-09-25T23:03:30,2026-09-25T22:48:22,Upgrade Core (Ultimate,476546,16202564,34,,
2408,2026-09-25T23:03:35,2026-09-25T22:48:22,Chaos Core Set X 333,749711,249654095,333,,
2409,2026-09-25T23:04:06,2026-09-25T22:48:22,Chaos Core Set X 291,749710,218165900,291,,
2410,2026-09-25T23:04:37,2026-09-25T22:48:22,Chaos Core Set X 147,749709,110207369,147,,
2411,2026-09-25T23:05:07,2026-09-25T22:48:22,Chaos Core Set X 57,749708,42733412,57,,
2412,2026-09-25T23:12:21,2026-09-25T23:07:25,Chaos Core,707343,707343,1,,
2413,2026-09-25T23:13:20,2026-09-25T23:07:25,Chaos Core,706686,706686,1,,
2414,2026-09-25T23:14:06,2026-09-25T23:07:25,Chaos Core,706102,706102,1,,
2415,2026-09-25T23:20:23,2026-09-25T23:07:25,Chaos Core,749377,749377,1,,
2416,2026-09-25T23:21:19,2026-09-25T23:07:25,Chaos Core,749320,749320,1,,
2417,2026-09-25T23:21:57,2026-09-25T23:07:25,Chaos Core,709337,709337,1,,
2418,2026-09-25T23:45:07,2026-09-25T23:07:25,Chaos Core,698886,698886,1,,
2419,2026-09-25T23:45:44,2026-09-25T23:07:25,Chaos Core,698283,698283,1,,
2420,2026-09-25T23:51:23,2026-09-25T23:07:25,Chaos Core,745444,745444,1,,
2421,2026-09-25T23:52:18,2026-09-25T23:07:25,Chaos Core,744778,744778,1,,
2422,2026-09-25T23:52:58,2026-09-25T23:07:25,Chaos Core,744108,744108,1,,
2423,2026-09-26T00:01:09,2026-09-25T23:07:25,Chaos Core,743522,743522,1,,
2424,2026-09-26T00:02:16,2026-09-25T23:07:25,Chaos Core,742927,742927,1,,
2425,2026-09-26T00:02:54,2026-09-25T23:07:25,Chaos Core,742230,742230,1,,
2426,2026-09-26T00:10:04,2026-09-25T23:07:25,Chaos Core,643913,643913,1,,
2427,2026-09-26T00:11:16,2026-09-25T23:07:25,Chaos Core,620646,620646,1,,
2428,2026-09-26T00:16:06,2026-09-25T23:07:25,Chaos Core,742340,742340,1,,
2429,2026-09-26T00:17:00,2026-09-25T23:07:25,Chaos Core,742419,742419,1,,
2430,2026-09-26T00:17:42,2026-09-25T23:07:25,Chaos Core,742310,742310,1,,
2431,2026-09-26T00:19:14,2026-09-25T23:07:25,Upgrade Core (Ultimate,536704,5367040,10,,
2432,2026-09-26T00:38:50,2026-09-25T23:07:25,Chaos Core,716163,716163,1,,
2433,2026-09-26T00:39:43,2026-09-25T23:07:25,Chaos Core,715650,715650,1,,
2434,2026-09-26T00:40:22,2026-09-25T23:07:25,Chaos Core,715102,715102,1,,
2435,2026-09-26T00:42:39,2026-09-25T23:07:25,Upgrade Core (Ultimate),536703,6977139,13,,
2436,2026-09-26T00:43:15,2026-09-25T23:07:25,Upgrade Core (Ultimate),536701,4830309,9,,
2437,2026-09-26T00:48:38,2026-09-25T23:07:25,Chaos Core,737042,737042,1,,
2438,2026-09-26T01:00:57,2026-09-25T23:07:25,Chaos Core,735345,735345,1,,
2439,2026-09-26T01:01:51,2026-09-25T23:07:25,Chaos Core,734704,734704,1,,
2440,2026-09-26T01:02:29,2026-09-25T23:07:25,Chaos Core,734059,734059,1,,
2441,2026-09-26T01:21:13,2026-09-25T23:07:25,Chaos Core,717974,717974,1,,
2442,2026-09-26T01:22:07,2026-09-25T23:07:25,Chaos Core,717369,717369,1,,
2443,2026-09-26T01:22:46,2026-09-25T23:07:25,Chaos Core,716691,716691,1,,
2444,2026-09-26T01:43:02,2026-09-25T23:07:25,Chaos Core,725309,725309,1,,
2445,2026-09-26T01:43:41,2026-09-25T23:07:25,Chaos Core,724739,724739,1,,
2446,2026-09-26T01:46:15,2026-09-25T23:07:25,Upgrade Core (Ultimate,536636,134159000,250,,
2447,2026-09-26T01:56:18,2026-09-25T23:07:25,Chaos Core,716036,716036,1,,
2448,2026-09-26T01:57:11,2026-09-25T23:07:25,Chaos Core,715525,715525,1,,
2449,2026-09-26T01:57:51,2026-09-25T23:07:25,Chaos Core,715024,715024,1,,
2450,2026-09-26T01:59:19,2026-09-25T23:07:25,Upgrade Core (Ultimate,536625,1609875,3,,
2451,2026-09-26T02:03:52,2026-09-25T23:07:25,Chaos Core,709324,709324,1,,
2452,2026-09-26T02:47:20,2026-09-26T02:41:32,Force Core (Ultimate,377709,8309598,22,,
2453,2026-09-26T02:47:59,2026-09-26T02:41:32,Force Core(Highest,195468,781872,4,,
2454,2026-09-26T02:48:05,2026-09-26T02:41:32,Chaos Core,712312,712312,1,,
2455,2026-09-26T02:49:06,2026-09-26T02:41:32,Chaos Core,708688,708688,1,,
2456,2026-09-26T02:49:47,2026-09-26T02:41:32,Chaos Core,714424,714424,1,,
2457,2026-09-26T02:52:32,2026-09-26T02:41:32,Upgrade Core (Ultimate,536619,11805618,22,,
2458,2026-09-26T02:53:10,2026-09-26T02:41:32,Force Core(Highest,195470,41048700,210,,
2459,2026-09-26T02:58:11,2026-09-26T02:41:32,Chaos Core,710883,710883,1,,
2460,2026-09-26T03:04:05,2026-09-26T02:41:32,Yekaterina VIP Membership,124444443,124444443,1,,
2461,2026-09-26T03:05:34,2026-09-26T02:41:32,Chaos Core,708475,708475,1,,
2462,2026-09-26T03:14:35,2026-09-26T02:41:32,Upgrade Core (Ultimate,536577,4829193,9,,
2463,2026-09-26T03:22:41,2026-09-26T02:41:32,Force Core(Highest,201906,2019060,10,,
2464,2026-09-26T03:34:58,2026-09-26T02:41:32,Yekaterina VIP Membership,124444443,124444443,1,,
2465,2026-09-26T03:35:38,2026-09-26T02:41:32,Chaos Core,697793,697793,1,,
2466,2026-09-26T03:36:41,2026-09-26T02:41:32,Chaos Core,697236,697236,1,,
2467,2026-09-26T03:37:27,2026-09-26T02:41:32,Chaos Core,696660,696660,1,,
2468,2026-09-26T03:42:47,2026-09-26T02:41:32,Yekaterina VIP Membership,124444443,124444443,1,,
2469,2026-09-26T03:50:34,2026-09-26T02:41:32,Chaos Core,718042,718042,1,,
2470,2026-09-26T03:56:28,2026-09-26T02:41:32,Chaos Core,717479,717479,1,,
2471,2026-09-26T03:57:29,2026-09-26T02:41:32,Chaos Core,719304,719304,1,,
2472,2026-09-26T03:58:08,2026-09-26T02:41:32,Chaos Core,719488,719488,1,,
2473,2026-09-26T04:01:35,2026-09-26T02:41:32,Force Core(Highest,201845,8073800,40,,
2474,2026-09-26T04:16:44,2026-09-26T02:41:32,Chaos Core,727430,727430,1,,
2475,2026-09-26T04:17:45,2026-09-26T02:41:32,Chaos Core,726920,726920,1,,
2476,2026-09-26T04:18:25,2026-09-26T02:41:32,Chaos Core,726419,726419,1,,
2477,2026-09-26T04:32:26,2026-09-26T02:41:32,Upgrade Core (Ultimate,519982,2599910,5,,
2478,2026-09-26T04:37:25,2026-09-26T02:41:32,Chaos Core,721227,721227,1,,
2479,2026-09-26T04:38:02,2026-09-26T02:41:32,Chaos Core,720712,720712,1,,
2480,2026-09-26T04:45:48,2026-09-26T02:41:32,Force Core (Ultimate,377709,13219815,35,,
2481,2026-09-26T04:46:11,2026-09-26T02:41:32,Chaos Core,698232,698232,1,,
2482,2026-09-26T04:48:29,2026-09-26T02:41:32,Upgrade Core (Ultimate,519959,2599795,5,,
2483,2026-09-26T04:49:54,2026-09-26T02:41:32,Upgrade Core (Ultimate,519956,32237272,62,,
2484,2026-09-26T04:53:27,2026-09-26T02:41:32,Chaos Core,698296,698296,1,,
2485,2026-09-26T04:54:09,2026-09-26T02:41:32,Chaos Core,697733,697733,1,,
2486,2026-09-26T04:54:49,2026-09-26T02:41:32,Chaos Core,697157,697157,1,,
2487,2026-09-26T05:08:10,2026-09-26T02:41:32,Chaos Core,699486,699486,1,,
2488,2026-09-26T05:08:50,2026-09-26T02:41:32,Chaos Core,698898,698898,1,,
2489,2026-09-26T05:13:19,2026-09-26T02:41:32,Force Core (Ultimate,399961,27197348,68,,
2490,2026-09-26T05:16:33,2026-09-26T02:41:32,Chaos Core Set X 117,746170,86555780,116,,
2491,2026-09-26T05:24:56,2026-09-26T02:41:32,Upgrade Core (Ultimate,519905,51990500,100,,
2492,2026-09-26T05:27:11,2026-09-26T02:41:32,Upgrade Core (Ultimate,519899,6758687,13,,
2493,2026-09-26T05:37:08,2026-09-26T02:41:32,Chaos Core,710197,710197,1,,
2494,2026-09-26T05:37:53,2026-09-26T02:41:32,Chaos Core,699369,699369,1,,
2495,2026-09-26T05:38:32,2026-09-26T02:41:32,Chaos Core,698688,698688,1,,
2496,2026-09-26T05:45:57,2026-09-26T02:41:32,Chaos Core,711960,711960,1,,
2497,2026-09-26T05:46:44,2026-09-26T02:41:32,Chaos Core,711939,711939,1,,
2498,2026-09-26T05:47:27,2026-09-26T02:41:32,Chaos Core,711246,711246,1,,
2499,2026-09-26T05:48:50,2026-09-26T02:41:32,Chaos Core Set X 252,749815,185954327,248,,
2500,2026-09-26T05:50:01,2026-09-26T02:41:32,Chaos Core Set X 249,749960,183740336,245,,
2501,2026-09-26T05:55:00,2026-09-26T02:41:32,Chaos Core Set X 138,748763,101831855,136,,
2502,2026-09-26T05:58:20,2026-09-26T02:41:32,Chaos Core Set X 171,751087,126182780,168,,
2503,2026-09-26T06:03:56,2026-09-26T02:41:32,Yekaterina VIP Membership,124444442,124444442,1,,
2504,2026-09-26T06:04:26,2026-09-26T02:41:32,Chaos Core,711938,711938,1,,
2505,2026-09-26T06:05:09,2026-09-26T02:41:32,Chaos Core,711311,711311,1,,
2506,2026-09-26T06:05:52,2026-09-26T02:41:32,Chaos Core,710732,710732,1,,
2507,2026-09-26T06:06:31,2026-09-26T02:41:32,Chaos Core Set,749251,194805335,260,,
2508,2026-09-26T06:07:06,2026-09-26T02:41:32,Chaos Core Set,747353,174880640,234,,
2509,2026-09-26T06:07:57,2026-09-26T02:41:32,Chaos Core Set X 105,752217,77478449,103,,
2510,2026-09-26T06:08:31,2026-09-26T02:41:32,Chaos Core Set X 189,749789,139460831,186,,
2511,2026-09-26T06:12:15,2026-09-26T02:41:32,Chaos Core,724482,724482,1,,
2512,2026-09-26T06:12:59,2026-09-26T02:41:32,Chaos Core,733451,733451,1,,
2513,2026-09-26T06:16:10,2026-09-26T02:41:32,Chaos Core,732844,732844,1,,
2514,2026-09-26T06:16:51,2026-09-26T02:41:32,Chaos Core Set X 69,748738,50914202,68,,
2515,2026-09-26T06:17:26,2026-09-26T02:41:32,Chaos Core Set X 240,750392,177092639,236,,
2516,2026-09-26T06:36:03,2026-09-26T06:28:04,Chaos Core,729438,729438,1,,
2517,2026-09-26T06:36:59,2026-09-26T06:28:04,Chaos Core,728880,728880,1,,
2518,2026-09-26T06:42:45,2026-09-26T06:28:04,Chaos Core,709330,709330,1,,
2519,2026-09-26T06:43:34,2026-09-26T06:28:04,Chaos Core,708686,708686,1,,
2520,2026-09-26T06:44:21,2026-09-26T06:28:04,Chaos Core,708143,708143,1,,
2521,2026-09-26T06:47:11,2026-09-26T06:28:04,Force Core (Ultimate,399948,3599532,9,,
2522,2026-09-26T06:47:36,2026-09-26T06:28:04,Force Core (Ultimate,399947,5199311,13,,
2523,2026-09-26T06:52:27,2026-09-26T06:51:28,Chaos Core,709316,709316,1,,
2524,2026-09-26T06:52:39,2026-09-26T06:51:28,Chaos Core,708802,708802,1,,
2525,2026-09-26T06:52:51,2026-09-26T06:51:28,Chaos Core,708208,708208,1,,
2526,2026-09-26T06:53:06,2026-09-26T06:51:28,Upgrade Core (Ultimate,519773,40022521,77,,
2527,2026-09-26T07:01:43,2026-09-26T06:54:04,Chaos Core Set X 165,729810,120418814,165,,
2528,2026-09-26T07:02:29,2026-09-26T06:54:04,Chaos Core,709402,709402,1,,
2529,2026-09-26T07:04:25,2026-09-26T06:54:04,Chaos Core Set,729811,162018263,222,,
2530,2026-09-26T07:10:59,2026-09-26T06:54:04,Chaos Core,708952,708952,1,,
2531,2026-09-26T07:14:05,2026-09-26T06:54:04,Chaos Core,708307,708307,1,,
2532,2026-09-26T07:17:15,2026-09-26T06:54:04,Chaos Core,739491,739491,1,,
2533,2026-09-26T07:17:53,2026-09-26T06:54:04,Chaos Core,709372,709372,1,,
2534,2026-09-26T07:20:26,2026-09-26T06:54:04,Chaos Core,708786,708786,1,,
2535,2026-09-26T07:22:16,2026-09-26T06:54:04,Force Core(Highest,199763,5992890,30,,
2536,2026-09-26T07:23:38,2026-09-26T06:54:04,Chaos Core,708141,708141,1,,
2537,2026-09-26T07:24:14,2026-09-26T06:54:04,Chaos Core,717864,717864,1,,
2538,2026-09-26T07:30:01,2026-09-26T06:54:04,Chaos Core,739338,739338,1,,
2539,2026-09-26T07:33:08,2026-09-26T06:54:04,Chaos Core,739345,739345,1,,
2540,2026-09-26T07:33:46,2026-09-26T06:54:04,Chaos Core,709346,709346,1,,
2541,2026-09-26T07:43:59,2026-09-26T06:54:04,Chaos Core,699405,699405,1,,
2542,2026-09-26T07:44:38,2026-09-26T06:54:04,Chaos Core,729375,729375,1,,
2543,2026-09-26T07:46:10,2026-09-26T06:54:04,Force Core(High),185929,743716,4,,
2544,2026-09-26T07:52:33,2026-09-26T06:54:04,Chaos Core,734394,734394,1,,
2545,2026-09-26T07:55:38,2026-09-26T06:54:04,Chaos Core,733734,733734,1,,
2546,2026-09-26T07:56:16,2026-09-26T06:54:04,Chaos Core,733192,733192,1,,
2547,2026-09-26T07:57:42,2026-09-26T06:54:04,Force Core(High,185927,11713401,63,,
2548,2026-09-26T08:00:24,2026-09-26T06:54:04,Chaos Core,734357,734357,1,,
2549,2026-09-26T08:01:40,2026-09-26T06:54:04,Force Core(Highest,199716,34550868,173,,
2550,2026-09-26T08:01:59,2026-09-26T06:54:04,Force Core(Highest,199715,21169790,106,,
2551,2026-09-26T08:02:04,2026-09-26T06:54:04,Force Core(Highest,199714,21968540,110,,
2552,2026-09-26T08:02:27,2026-09-26T06:54:04,Upgrade Core (Ultimate,519661,10393220,20,,
2553,2026-09-26T08:03:18,2026-09-26T06:54:04,Chaos Core,717916,717916,1,,
2554,2026-09-26T08:09:11,2026-09-26T06:54:04,Upgrade Core (Ultimate,519594,6235128,12,,
2555,2026-09-26T08:10:48,2026-09-26T06:54:04,Chaos Core,716313,716313,1,,
2556,2026-09-26T08:15:17,2026-09-26T06:54:04,Chaos Core,729323,729323,1,,
2557,2026-09-26T08:17:49,2026-09-26T06:54:04,Chaos Core,728772,728772,1,,
2558,2026-09-26T08:18:58,2026-09-26T06:54:04,Chaos Core,728111,728111,1,,
2559,2026-09-26T08:20:10,2026-09-26T06:54:04,Chaos Core Set X 249,729310,185244794,254,,
2560,2026-09-26T08:23:23,2026-09-26T06:54:04,Chaos Core,733313,733313,1,,
2561,2026-09-26T08:24:06,2026-09-26T06:54:04,Upgrade Core (Ultimate,509589,3057534,6,,
2562,2026-09-26T08:24:11,2026-09-26T06:54:04,Upgrade Core (Ultimate,509588,5605468,11,,
2563,2026-09-26T08:24:50,2026-09-26T06:54:04,Upgrade Core (Ultimate,509587,42295721,83,,
2564,2026-09-26T08:25:28,2026-09-26T06:54:04,Chaos Core,732726,732726,1,,
2565,2026-09-26T08:26:38,2026-09-26T06:54:04,Chaos Core,732110,732110,1,,
2566,2026-09-26T08:27:17,2026-09-26T06:54:04,Chaos Core Set X 225,730951,167387849,229,,
2567,2026-09-26T08:27:43,2026-09-26T06:54:04,Chaos Core Set X 249,729300,185242304,254,,
2568,2026-09-26T08:33:47,2026-09-26T06:54:04,Chaos Core Set X 249,729297,185241557,254,,
2569,2026-09-26T08:39:28,2026-09-26T06:54:04,Chaos Core,734468,734468,1,,
2570,2026-09-26T08:41:11,2026-09-26T06:54:04,Chaos Core,733915,733915,1,,
2571,2026-09-26T08:42:20,2026-09-26T06:54:04,Chaos Core,733294,733294,1,,
2572,2026-09-26T08:49:26,2026-09-26T06:54:04,Chaos Core,733894,733894,1,,
2573,2026-09-26T08:50:57,2026-09-26T06:54:04,Force Core (Ultimate,399837,2399022,6,,
2574,2026-09-26T08:51:16,2026-09-26T06:54:04,Chaos Core,733290,733290,1,,
2575,2026-09-26T08:52:08,2026-09-26T06:54:04,Force Core(Highest,194965,19496500,100,,
2576,2026-09-26T08:52:28,2026-09-26T06:54:04,Chaos Core,732735,732735,1,,
2577,2026-09-26T08:55:10,2026-09-26T06:54:04,Upgrade Core (Ultimate,509562,50956200,100,,
2578,2026-09-26T08:55:51,2026-09-26T06:54:04,Force Core(High),185874,1858740,10,,
2579,2026-09-26T08:59:50,2026-09-26T06:54:04,Chaos Core,734907,734907,1,,
2580,2026-09-26T09:00:56,2026-09-26T06:54:04,Chaos Core,735089,735089,1,,
2581,2026-09-26T09:06:13,2026-09-26T06:54:04,Chaos Core,719405,719405,1,,
2582,2026-09-26T09:08:00,2026-09-26T06:54:04,Chaos Core,718757,718757,1,,
2583,2026-09-26T09:08:56,2026-09-26T06:54:04,Force Core(Highest,194941,1949410,10,,
2584,2026-09-26T09:09:16,2026-09-26T06:54:04,Chaos Core,718232,718232,1,,
2585,2026-09-26T09:12:44,2026-09-26T06:54:04,Force Core(High,185859,11151540,60,,
2586,2026-09-26T09:14:47,2026-09-26T06:54:04,Chaos Core,734311,734311,1,,
2587,2026-09-26T09:15:34,2026-09-26T06:54:04,Force Core(Highest) TAP,194937,5848110,30,,
2588,2026-09-26T09:16:40,2026-09-26T06:54:04,Chaos Core,733671,733671,1,,
2589,2026-09-26T09:17:53,2026-09-26T06:54:04,Chaos Core,733107,733107,1,,
2590,2026-09-26T09:21:31,2026-09-26T06:54:04,Force Core(High,185851,20443610,110,,
2591,2026-09-26T09:24:39,2026-09-26T06:54:04,Chaos Core,738217,738217,1,,
2592,2026-09-26T09:26:38,2026-09-26T06:54:04,Chaos Core,737686,737686,1,,
2593,2026-09-26T09:27:57,2026-09-26T06:54:04,Chaos Core,717883,717883,1,,
2594,2026-09-26T09:44:24,2026-09-26T09:40:18,Chaos Core,738320,738320,1,,
2595,2026-09-26T09:45:07,2026-09-26T09:40:18,Force Core(Highest,194922,1949220,10,,
2596,2026-09-26T09:46:13,2026-09-26T09:40:18,Chaos Core,737722,737722,1,,
2597,2026-09-26T09:47:22,2026-09-26T09:40:18,Chaos Core,719363,719363,1,,
2598,2026-09-26T09:48:48,2026-09-26T09:40:18,Force Core(High,185840,1115040,6,,
2599,2026-09-26T09:49:11,2026-09-26T09:40:18,Force Core(High,185839,2973424,16,,
2600,2026-09-26T09:50:48,2026-09-26T09:40:18,Force Core(High,185839,34937732,188,,
2601,2026-09-26T09:55:49,2026-09-26T09:40:18,Force Core (Ultimate,399791,75960290,190,,
2602,2026-09-26T09:55:55,2026-09-26T09:40:18,Chaos Core,737846,737846,1,,
2603,2026-09-26T09:56:47,2026-09-26T09:40:18,Force Core(Highest,194914,7796560,40,,
2604,2026-09-26T10:02:05,2026-09-26T09:40:18,Chaos Core,724321,724321,1,,
2605,2026-09-26T10:03:36,2026-09-26T09:40:18,Chaos Core,723624,723624,1,,
2606,2026-09-26T10:04:51,2026-09-26T09:40:18,Chaos Core,723101,723101,1,,
2607,2026-09-26T10:07:12,2026-09-26T09:40:18,Upgrade Core (Ultimate,500515,40041200,80,,
2608,2026-09-26T10:08:34,2026-09-26T09:40:18,Force Core(High,185864,4646600,25,,
2609,2026-09-26T10:11:16,2026-09-26T09:40:18,Chaos Core,724379,724379,1,,
2610,2026-09-26T10:12:44,2026-09-26T09:40:18,Chaos Core,723697,723697,1,,
2611,2026-09-26T10:13:51,2026-09-26T09:40:18,Chaos Core,723147,723147,1,,
2612,2026-09-26T10:14:28,2026-09-26T09:40:18,Chaos Core Set X 234,743826,174055517,234,,
2613,2026-09-26T10:16:17,2026-09-26T09:40:18,Chaos Core Set X 138,743823,102647711,138,,
2614,2026-09-26T10:18:42,2026-09-26T09:40:18,Chaos Core Set X 243,743822,180748988,243,,
2615,2026-09-26T10:21:23,2026-09-26T09:40:18,Force Core(High,185862,33455160,180,,
2616,2026-09-26T10:21:43,2026-09-26T09:40:18,Force Core(High,185861,1858610,10,,
2617,2026-09-26T10:24:40,2026-09-26T09:40:18,Force Core (Ultimate,399783,42776781,107,,
2618,2026-09-26T10:25:31,2026-09-26T09:40:18,Force Core(Highest,194905,8380915,43,,
2619,2026-09-26T10:27:25,2026-09-26T09:40:18,Upgrade Core (Ultimate,500511,75076650,150,,
2620,2026-09-26T10:28:48,2026-09-26T09:40:18,Force Core(High,185858,9292900,50,,
2621,2026-09-26T10:29:13,2026-09-26T09:40:18,Upgrade Core (Ultimate,500510,75076500,150,,
2622,2026-09-26T10:30:29,2026-09-26T09:40:18,Epic Booster (Highest),47399999,189599996,4,,
2623,2026-09-26T10:31:14,2026-09-26T09:40:18,Force Core(Highest,194904,5847120,30,,
2624,2026-09-26T10:31:49,2026-09-26T09:40:18,Force Core (Ultimate,399780,7995600,20,,
2625,2026-09-26T10:32:56,2026-09-26T09:40:18,Chaos Core,714569,714569,1,,
2626,2026-09-26T10:33:33,2026-09-26T09:40:18,Chaos Core Set X 162,743813,120497867,162,,
2627,2026-09-26T10:35:45,2026-09-26T09:40:18,Chaos Core Set X 186,743810,138348845,186,,
2628,2026-09-26T10:37:47,2026-09-26T09:40:18,Chaos Core Set X 222,743809,165125819,222,,
2629,2026-09-26T10:40:16,2026-09-26T09:40:18,Chaos Core Set X 51,743808,37934258,51,,
2630,2026-09-26T10:45:53,2026-09-26T09:40:18,Chaos Core,713985,713985,1,,
2631,2026-09-26T10:47:27,2026-09-26T09:40:18,Chaos Core,713415,713415,1,,
2632,2026-09-26T10:48:05,2026-09-26T09:40:18,Force Core(Highest,193900,44209200,228,,
2633,2026-09-26T10:48:28,2026-09-26T09:40:18,Chaos Core,712877,712877,1,,
2634,2026-09-26T10:49:23,2026-09-26T09:40:18,Chaos Core Set X 132,743808,98182787,132,,
2635,2026-09-26T10:49:43,2026-09-26T09:40:18,Chaos Core Set X 114,743807,84794111,114,,
2636,2026-09-26T10:50:14,2026-09-26T09:40:18,Chaos Core Set,743806,129422417,174,,
2637,2026-09-26T10:51:04,2026-09-26T09:40:18,Chaos Core Set,743805,180744857,243,,
2638,2026-09-26T10:51:33,2026-09-26T09:40:18,Chaos Core Set,743804,102645089,138,,
2639,2026-09-26T10:52:00,2026-09-26T09:40:18,Force Core(High,182999,23423872,128,,
2640,2026-09-26T10:52:22,2026-09-26T09:40:18,Force Core(High,182998,12809860,70,,
2641,2026-09-26T10:52:52,2026-09-26T09:40:18,Upgrade Core (Ultimate,500504,10510584,21,,
2642,2026-09-26T10:54:44,2026-09-26T09:40:18,Chaos Core,712330,712330,1,,
2643,2026-09-26T10:56:17,2026-09-26T09:40:18,Chaos Core,711688,711688,1,,
2644,2026-09-26T10:58:49,2026-09-26T09:40:18,Chaos Core,709381,709381,1,,
2645,2026-09-26T11:00:04,2026-09-26T09:40:18,Force Core (Ultimate,399771,49171833,123,,
2646,2026-09-26T11:00:09,2026-09-26T09:40:18,Chaos Core,747456,747456,1,,
2647,2026-09-26T11:00:45,2026-09-26T09:40:18,Force Core(Highest,193897,1938970,10,,
2648,2026-09-26T11:01:04,2026-09-26T09:40:18,Chaos Core,711093,711093,1,,
2649,2026-09-26T11:01:42,2026-09-26T09:40:18,Chaos Core Set X 33,743805,24545597,33,,
2650,2026-09-26T11:01:58,2026-09-26T09:40:18,Upgrade Core (Ultimate,500503,41041246,82,,
2651,2026-09-26T11:02:19,2026-09-26T09:40:18,Upgrade Core (Ultimate,500502,2502510,5,,
2652,2026-09-26T11:06:16,2026-09-26T09:40:18,Force Core (Ultimate,399771,399771,1,,
2653,2026-09-26T11:06:28,2026-09-26T09:40:18,Chaos Core,747635,747635,1,,
2654,2026-09-26T11:07:29,2026-09-26T09:40:18,Force Core (Ultimate,399770,7595630,19,,
2655,2026-09-26T11:07:35,2026-09-26T09:40:18,Chaos Core,749318,749318,1,,
2656,2026-09-26T11:11:16,2026-09-26T09:40:18,Chaos Core,759443,759443,1,,
2657,2026-09-26T11:12:52,2026-09-26T09:40:18,Force Core(Highest,193895,2326740,12,,
2658,2026-09-26T11:13:12,2026-09-26T09:40:18,Chaos Core,709349,709349,1,,
2659,2026-09-26T11:14:40,2026-09-26T09:40:18,Force Core(High,182998,182998,1,,
2660,2026-09-26T11:26:48,2026-09-26T11:17:39,Force Core(High,182998,365996,2,,
2661,2026-09-26T11:27:18,2026-09-26T11:17:39,Chaos Core,758252,758252,1,,
2662,2026-09-26T11:28:01,2026-09-26T11:17:39,Force Core (Ultimate,399794,3997940,10,,
2663,2026-09-26T11:28:22,2026-09-26T11:17:39,Force Core(Highest,193893,6786255,35,,
2664,2026-09-26T11:28:27,2026-09-26T11:17:39,Chaos Core,757613,757613,1,,
2665,2026-09-26T11:29:54,2026-09-26T11:17:39,Chaos Core,718834,718834,1,,
2666,2026-09-26T11:31:39,2026-09-26T11:17:39,Force Core(High),183999,33303819,181,,
2667,2026-09-26T11:31:44,2026-09-26T11:17:39,Force Core(High),183998,33119640,180,,
2668,2026-09-26T11:37:00,2026-09-26T11:17:39,Force Core(Highest,193892,1357244,7,,
2669,2026-09-26T11:41:15,2026-09-26T11:17:39,Force Core(High),183997,14719760,80,,
2670,2026-09-26T11:41:36,2026-09-26T11:17:39,Force Core(Highest),194946,21444060,110,,
2671,2026-09-26T11:45:09,2026-09-26T11:17:39,Chaos Core,748359,748359,1,,
2672,2026-09-26T11:46:32,2026-09-26T11:17:39,Chaos Core,747698,747698,1,,
2673,2026-09-26T11:47:41,2026-09-26T11:17:39,Upgrade Core (Ultimate,471997,3303979,7,,
2674,2026-09-26T11:48:16,2026-09-26T11:17:39,Chaos Core,747112,747112,1,,
2675,2026-09-26T11:49:28,2026-09-26T11:17:39,Force Core (Ultimate,399784,59967600,150,,
2676,2026-09-26T11:54:34,2026-09-26T11:17:39,Chaos Core,747183,747183,1,,
2677,2026-09-26T11:55:33,2026-09-26T11:17:39,Chaos Core,746544,746544,1,,
2678,2026-09-26T11:57:06,2026-09-26T11:17:39,Chaos Core,745863,745863,1,,
2679,2026-09-26T12:02:19,2026-09-26T11:17:39,Chaos Core,759377,759377,1,,
2680,2026-09-26T12:03:19,2026-09-26T11:17:39,Chaos Core,758392,758392,1,,
2681,2026-09-26T12:04:56,2026-09-26T11:17:39,Chaos Core,758463,758463,1,,
2682,2026-09-26T12:05:49,2026-09-26T11:17:39,Force Core (Ultimate,399767,3997670,10,,
2683,2026-09-26T12:06:09,2026-09-26T11:17:39,Yekaterina VIP Membership,124444443,124444443,1,,
2684,2026-09-26T12:08:37,2026-09-26T11:17:39,Force Core(High,182987,7319480,40,,
2685,2026-09-26T12:09:13,2026-09-26T11:17:39,Force Core(Highest,194928,42884160,220,,
2686,2026-09-26T12:09:49,2026-09-26T11:17:39,Force Core (Ultimate,399765,3997650,10,,
2687,2026-09-26T12:12:56,2026-09-26T11:17:39,Force Core(High) TAP,182986,5123608,28,,
2688,2026-09-26T12:15:33,2026-09-26T11:17:39,Force Core(High,182983,1829830,10,,
2689,2026-09-26T12:16:12,2026-09-26T11:17:39,Force Core(Highest,194925,1169550,6,,
2690,2026-09-26T12:16:33,2026-09-26T11:17:39,Force Core(Highest,194924,3118784,16,,
2691,2026-09-26T12:27:53,2026-09-26T12:19:00,Force Core(High,182980,31838520,174,,
2692,2026-09-26T12:28:13,2026-09-26T12:19:00,Force Core(High,182979,14638320,80,,
2693,2026-09-26T12:28:48,2026-09-26T12:19:00,Force Core(Highest,194923,194923,1,,
2694,2026-09-26T12:29:24,2026-09-26T12:19:00,Force Core (Ultimate,399755,39975500,100,,
2695,2026-09-26T12:29:43,2026-09-26T12:19:00,Force Core(Highest),194922,4093362,21,,
2696,2026-09-26T12:38:30,2026-09-26T12:19:00,Yekaterina VIP Membership,124399999,124399999,1,,
2697,2026-09-26T12:39:47,2026-09-26T12:19:00,Force Core(High,182977,6953126,38,,
2698,2026-09-26T12:39:51,2026-09-26T12:19:00,Force Core(High,182976,13906176,76,,
2699,2026-09-26T12:39:56,2026-09-26T12:19:00,Force Core(High,182975,365950,2,,
2700,2026-09-26T12:49:02,2026-09-26T12:19:00,Chaos Core,714416,714416,1,,
2701,2026-09-26T12:51:47,2026-09-26T12:19:00,Chaos Core,713743,713743,1,,
2702,2026-09-26T12:52:41,2026-09-26T12:19:00,Force Core(High,182978,548934,3,,
2703,2026-09-26T12:53:01,2026-09-26T12:19:00,Chaos Core,713241,713241,1,,
2704,2026-09-26T12:56:33,2026-09-26T12:19:00,Chaos Core Set,743868,13389641,18,,
2705,2026-09-26T12:59:47,2026-09-26T12:19:00,Chaos Core,749399,749399,1,,
2706,2026-09-26T13:00:40,2026-09-26T12:19:00,Chaos Core,748834,748834,1,,
2707,2026-09-26T13:01:50,2026-09-26T12:19:00,Chaos Core,748250,748250,1,,
2708,2026-09-26T13:05:38,2026-09-26T12:19:00,Chaos Core Set,743865,78105929,105,,
2709,2026-09-26T13:07:22,2026-09-26T12:19:00,Chaos Core,749472,749472,1,,
2710,2026-09-26T13:08:14,2026-09-26T12:19:00,Chaos Core,749313,749313,1,,
2711,2026-09-26T13:08:54,2026-09-26T12:19:00,Upgrade Core (Ultimate,471840,8493120,18,,
2712,2026-09-26T13:09:16,2026-09-26T12:19:00,Chaos Core,749459,749459,1,,
2713,2026-09-26T13:16:43,2026-09-26T12:19:00,Chaos Core,749317,749317,1,,
2714,2026-09-26T13:17:35,2026-09-26T12:19:00,Chaos Core,718001,718001,1,,
2715,2026-09-26T13:18:31,2026-09-26T12:19:00,Chaos Core,717369,717369,1,,
2716,2026-09-26T13:22:11,2026-09-26T12:19:00,Chaos Core Set X 1,737498,737498,1,,
2717,2026-09-26T13:22:45,2026-09-26T12:19:00,Force Core(High),180994,5429820,30,,
2718,2026-09-26T13:23:22,2026-09-26T12:19:00,Upgrade Core (Ultimate),471798,2830788,6,,
2719,2026-09-26T13:24:45,2026-09-26T12:19:00,Chaos Core,719315,719315,1,,
2720,2026-09-26T13:25:39,2026-09-26T12:19:00,Chaos Core,718758,718758,1,,
2721,2026-09-26T13:26:32,2026-09-26T12:19:00,Chaos Core,718062,718062,1,,
2722,2026-09-26T13:32:51,2026-09-26T12:19:00,Chaos Core,740492,740492,1,,
2723,2026-09-26T13:33:45,2026-09-26T12:19:00,Chaos Core,739836,739836,1,,
2724,2026-09-26T13:39:40,2026-09-26T12:19:00,Chaos Core,740460,740460,1,,
2725,2026-09-26T13:40:35,2026-09-26T12:19:00,Chaos Core,739853,739853,1,,
2726,2026-09-26T13:41:29,2026-09-26T12:19:00,Chaos Core,739197,739197,1,,
2727,2026-09-26T13:47:24,2026-09-26T12:19:00,Chaos Core,741056,741056,1,,
2728,2026-09-26T13:48:20,2026-09-26T12:19:00,Chaos Core,740556,740556,1,,
2729,2026-09-26T13:49:14,2026-09-26T12:19:00,Chaos Core,739879,739879,1,,
2730,2026-09-26T13:54:55,2026-09-26T12:19:00,Chaos Core,699445,699445,1,,
2731,2026-09-26T13:55:49,2026-09-26T12:19:00,Chaos Core,698917,698917,1,,
2732,2026-09-26T13:56:42,2026-09-26T12:19:00,Chaos Core,739390,739390,1,,
2733,2026-09-26T14:02:20,2026-09-26T12:19:00,Chaos Core,699402,699402,1,,
2734,2026-09-26T14:03:16,2026-09-26T12:19:00,Chaos Core,749467,749467,1,,
2735,2026-09-26T14:04:12,2026-09-26T12:19:00,Chaos Core,748780,748780,1,,
2736,2026-09-26T14:08:03,2026-09-26T12:19:00,Force Core(High,174989,22748570,130,,
2737,2026-09-26T14:11:27,2026-09-26T12:19:00,Chaos Core,749432,749432,1,,
2738,2026-09-26T14:14:16,2026-09-26T12:19:00,Chaos Core,699342,699342,1,,
2739,2026-09-26T14:14:54,2026-09-26T12:19:00,Force Core(High,174986,6999440,40,,
2740,2026-09-26T14:15:14,2026-09-26T12:19:00,Chaos Core,698797,698797,1,,
2741,2026-09-26T14:21:09,2026-09-26T12:19:00,Chaos Core,749373,749373,1,,
2742,2026-09-26T14:22:03,2026-09-26T12:19:00,Chaos Core,748857,748857,1,,
2743,2026-09-26T14:22:59,2026-09-26T12:19:00,Chaos Core,748264,748264,1,,
2744,2026-09-26T14:27:11,2026-09-26T12:19:00,Upgrade Core (Ultimate,471702,27358716,58,,
2745,2026-09-26T14:27:30,2026-09-26T12:19:00,Upgrade Core (Ultimate,471701,18868040,40,,
2746,2026-09-26T14:39:28,2026-09-26T12:19:00,Chaos Core,699380,699380,1,,
2747,2026-09-26T14:40:20,2026-09-26T12:19:00,Chaos Core,698867,698867,1,,
2748,2026-09-26T14:40:58,2026-09-26T12:19:00,Force Core(High,174970,1049820,6,,
2749,2026-09-26T14:41:03,2026-09-26T12:19:00,Chaos Core,698181,698181,1,,
2750,2026-09-26T14:44:55,2026-09-26T12:19:00,Force Core(High,174968,13472536,77,,
2751,2026-09-26T14:52:06,2026-09-26T12:19:00,Force Core (Ultimate,399630,7992600,20,,
2752,2026-09-26T14:54:48,2026-09-26T12:19:00,Force Core(High,174899,2448586,14,,
2753,2026-09-26T14:54:53,2026-09-26T12:19:00,Force Core(High,174898,174898,1,,
2754,2026-09-26T15:01:14,2026-09-26T12:19:00,Force Core (Ultimate,399618,7992360,20,,
2755,2026-09-26T15:01:33,2026-09-26T12:19:00,Force Core(Highest,189871,189871,1,,
2756,2026-09-26T15:09:20,2026-09-26T12:19:00,Upgrade Core (Ultimate,471658,37732640,80,,
2757,2026-09-26T15:22:19,2026-09-26T15:16:18,Chaos Core,720185,720185,1,,
2758,2026-09-26T15:22:57,2026-09-26T15:16:18,Upgrade Core (Ultimate,471657,4716570,10,,
2759,2026-09-26T15:25:28,2026-09-26T15:16:18,Upgrade Core (Ultimate,471656,471656,1,,
2760,2026-09-26T15:25:48,2026-09-26T15:16:18,Upgrade Core (Ultimate,471655,52825360,112,,
2761,2026-09-26T15:27:22,2026-09-26T15:16:18,Chaos Core Set X 177,735992,130270760,177,,
2762,2026-09-26T15:38:09,2026-09-26T15:16:18,Chaos Core,720092,720092,1,,
2763,2026-09-26T15:39:04,2026-09-26T15:16:18,Chaos Core,719440,719440,1,,
2764,2026-09-26T15:39:41,2026-09-26T15:16:18,Chaos Core,718761,718761,1,,
2765,2026-09-26T15:41:10,2026-09-26T15:16:18,Siena's Unbinding Stone,95998782,95998782,1,,
2766,2026-09-26T15:41:58,2026-09-26T15:16:18,Force Core(Highest,189843,13289010,70,,
2767,2026-09-26T15:42:52,2026-09-26T15:16:18,Force Core(Highest,189841,15756803,83,,
2768,2026-09-26T15:48:10,2026-09-26T15:16:18,Force Core (Ultimate,399602,42357812,106,,
2769,2026-09-26T15:49:02,2026-09-26T15:16:18,Force Core (Ultimate,399601,75924190,190,,
2770,2026-09-26T15:50:13,2026-09-26T15:16:18,Force Core(Highest,189896,189896,1,,
2771,2026-09-26T15:53:15,2026-09-26T15:16:18,Upgrade Core (Ultimate,471655,9433100,20,,
2772,2026-09-26T15:55:08,2026-09-26T15:16:18,Chaos Core,717966,717966,1,,
2773,2026-09-26T15:56:15,2026-09-26T15:16:18,Chaos Core,717463,717463,1,,
2774,2026-09-26T15:57:08,2026-09-26T15:16:18,Force Core (Ultimate,399597,7991940,20,,
2775,2026-09-26T15:58:34,2026-09-26T15:16:18,Force Core (Ultimate,399596,7991920,20,,
2776,2026-09-26T15:58:53,2026-09-26T15:16:18,Force Core (Ultimate,399595,15983800,40,,
2777,2026-09-26T16:10:11,2026-09-26T15:16:18,Upgrade Core (Ultimate,471649,38675218,82,,
2778,2026-09-26T16:21:43,2026-09-26T16:12:55,Force Core(High,180997,180997,1,,
2779,2026-09-26T16:23:00,2026-09-26T16:12:55,Force Core(High,180995,180995,1,,
2780,2026-09-26T16:26:09,2026-09-26T16:12:55,Chaos Core,709434,709434,1,,
2781,2026-09-26T16:26:44,2026-09-26T16:12:55,Chaos Core,708807,708807,1,,
2782,2026-09-26T16:27:39,2026-09-26T16:12:55,Yekaterina VIP Membership,119999998,119999998,1,,
2783,2026-09-26T16:28:56,2026-09-26T16:12:55,Force Core(Highest,189892,4177624,22,,
2784,2026-09-26T16:31:30,2026-09-26T16:12:55,Upgrade Core (Ultimate,471643,9432860,20,,
2785,2026-09-26T16:40:05,2026-09-26T16:12:55,Upgrade Core (Ultimate,471640,8961160,19,,
2786,2026-09-26T16:41:51,2026-09-26T16:12:55,Force Core(Highest),199826,1398782,7,,
2787,2026-09-26T17:00:12,2026-09-26T16:12:55,Chaos Core,700715,700715,1,,
2788,2026-09-26T17:05:23,2026-09-26T16:12:55,Upgrade Core (Ultimate,471631,14148930,30,,
2789,2026-09-26T17:05:59,2026-09-26T16:12:55,Chaos Core,698926,698926,1,,
2790,2026-09-26T17:09:10,2026-09-26T16:12:55,Chaos Core,698229,698229,1,,
2791,2026-09-26T17:10:00,2026-09-26T16:12:55,Chaos Core,697655,697655,1,,
2792,2026-09-26T17:20:08,2026-09-26T16:12:55,Chaos Core,696025,696025,1,,
2793,2026-09-26T17:21:04,2026-09-26T16:12:55,Chaos Core,695485,695485,1,,
2794,2026-09-26T17:21:45,2026-09-26T16:12:55,Chaos Core,694906,694906,1,,
2795,2026-09-26T17:25:50,2026-09-26T16:12:55,Upgrade Core (Ultimate,471626,943252,2,,
2796,2026-09-26T17:26:10,2026-09-26T16:12:55,Upgrade Core (Ultimate,471625,1414875,3,,
2797,2026-09-26T17:26:34,2026-09-26T16:12:55,Chaos Core,694224,694224,1,,
2798,2026-09-26T17:30:53,2026-09-26T16:12:55,Chaos Core,705698,705698,1,,
2799,2026-09-26T18:52:23,2026-09-26T18:43:09,Chaos Core,704095,704095,1,,
2800,2026-09-26T18:54:28,2026-09-26T18:43:09,Upgrade Core (Ultimate,471622,16978392,36,,
2801,2026-09-26T19:01:45,2026-09-26T18:43:09,Force Core(Highest,199759,19975900,100,,
2802,2026-09-26T19:02:05,2026-09-26T18:43:09,Force Core(Highest,199758,9388626,47,,
2803,2026-09-26T19:05:28,2026-09-26T18:43:09,Chaos Core,704163,704163,1,,
2804,2026-09-26T19:09:23,2026-09-26T18:43:09,Chaos Core Set X 183,729610,133518812,183,,
2805,2026-09-26T19:09:27,2026-09-26T18:43:09,Chaos Core,703608,703608,1,,
2806,2026-09-26T19:10:37,2026-09-26T18:43:09,Force Core(Highest,199756,11785604,59,,
2807,2026-09-26T19:11:37,2026-09-26T18:43:09,Chaos Core Set X 246,729609,179484059,246,,
2808,2026-09-26T19:13:35,2026-09-26T18:43:09,Chaos Core,702908,702908,1,,
2809,2026-09-26T19:14:11,2026-09-26T18:43:09,Chaos Core,702381,702381,1,,
2810,2026-09-26T19:16:12,2026-09-26T18:43:09,Chaos Core,706033,706033,1,,
2811,2026-09-26T19:19:42,2026-09-26T18:43:09,Chaos Core Set X 261,729605,190427165,261,,
2812,2026-09-26T19:20:19,2026-09-26T18:43:09,Chaos Core,705993,705993,1,,
2813,2026-09-26T19:25:00,2026-09-26T18:43:09,Chaos Core,708675,708675,1,,
2814,2026-09-26T19:27:03,2026-09-26T18:43:09,Chaos Core,707982,707982,1,,
2815,2026-09-26T19:28:45,2026-09-26T18:43:09,Force Core (Ultimate,399539,11187092,28,,
2816,2026-09-26T19:32:05,2026-09-26T18:43:09,Upgrade Core (Ultimate,469979,37598320,80,,
2817,2026-09-26T19:44:30,2026-09-26T19:35:58,Chaos Core,704995,704995,1,,
2818,2026-09-26T19:57:17,2026-09-26T19:52:36,Chaos Core,704492,704492,1,,
2819,2026-09-26T20:08:29,2026-09-26T19:52:36,Upgrade Core (Ultimate,469947,14098410,30,,
2820,2026-09-26T20:11:10,2026-09-26T19:52:36,Chaos Core,702604,702604,1,,
2821,2026-09-26T20:11:47,2026-09-26T19:52:36,Chaos Core,701991,701991,1,,
2822,2026-09-26T20:13:48,2026-09-26T19:52:36,Chaos Core,701312,701312,1,,
2823,2026-09-26T20:19:30,2026-09-26T19:52:36,Chaos Core Set X 192,719894,138219839,192,,
2824,2026-09-26T20:21:35,2026-09-26T19:52:36,Chaos Core Set X 135,719892,97185554,135,,
2825,2026-09-26T20:23:49,2026-09-26T19:52:36,Chaos Core,702050,702050,1,,
2826,2026-09-26T20:24:29,2026-09-26T19:52:36,Chaos Core,701357,701357,1,,
2827,2026-09-26T20:26:30,2026-09-26T19:52:36,Chaos Core,700740,700740,1,,
2828,2026-09-26T20:30:25,2026-09-26T19:52:36,Chaos Core,701385,701385,1,,
2829,2026-09-26T20:33:30,2026-09-26T19:52:36,Chaos Core,704785,704785,1,,
2830,2026-09-26T20:41:39,2026-09-26T20:35:39,Chaos Core,704144,704144,1,,
2831,2026-09-26T20:45:06,2026-09-26T20:35:39,Chaos Core,704750,704750,1,,
2832,2026-09-26T20:46:55,2026-09-26T20:35:39,Chaos Core Set X 276,719859,198681359,276,,
2833,2026-09-26T20:47:21,2026-09-26T20:35:39,Chaos Core Set X 192,719857,138212735,192,,
2834,2026-09-26T20:47:39,2026-09-26T20:35:39,Chaos Core,704203,704203,1,,
2835,2026-09-26T20:53:47,2026-09-26T20:35:39,Chaos Core,705571,705571,1,,
2836,2026-09-26T20:57:14,2026-09-26T20:35:39,Chaos Core,705017,705017,1,,
2837,2026-09-26T20:57:45,2026-09-26T20:35:39,Force Core(Highest,199675,23561650,118,,
2838,2026-09-26T20:58:03,2026-09-26T20:35:39,Force Core(Highest,199674,42730236,214,,
2839,2026-09-26T20:58:23,2026-09-26T20:35:39,Force Core(Highest,199673,18170243,91,,
2840,2026-09-26T20:59:01,2026-09-26T20:35:39,Chaos Core,706780,706780,1,,
2841,2026-09-26T21:00:12,2026-09-26T20:35:39,Chaos Core,703583,703583,1,,
2842,2026-09-26T21:06:24,2026-09-26T20:35:39,Chaos Core Set X 45,725984,31943339,44,,
2843,2026-09-26T21:06:34,2026-09-26T20:35:39,Chaos Core Set X 183,721681,129902732,180,,
2844,2026-09-26T21:07:20,2026-09-26T20:35:39,Force Core(Highest,199670,26356440,132,,
2845,2026-09-26T21:08:37,2026-09-26T20:35:39,Chaos Core Set X 36,730130,25554563,35,,
2846,2026-09-26T21:09:29,2026-09-26T20:35:39,Force Core(Highest),199665,42328980,212,,
2847,2026-09-26T21:24:42,2026-09-26T21:11:03,Force Core (Ultimate,399502,11585558,29,,
2848,2026-09-26T21:24:46,2026-09-26T21:11:03,Force Core (Ultimate,399501,19575549,49,,
2849,2026-09-26T21:25:07,2026-09-26T21:11:03,Force Core (Ultimate,399500,3995000,10,,
2850,2026-09-26T21:25:41,2026-09-26T21:11:03,Siena's Unbinding Stone,95998782,95998782,1,,
2851,2026-09-26T21:27:19,2026-09-26T21:11:03,Force Core (Ultimate,399503,9588072,24,,
2852,2026-09-26T21:27:51,2026-09-26T21:11:03,Chaos Core Set X 261,709845,185269805,261,,
2853,2026-09-26T21:37:10,2026-09-26T21:11:03,Chaos Core Set X 273,709844,193787684,273,,
2854,2026-09-26T21:38:45,2026-09-26T21:11:03,Chaos Core,706219,706219,1,,
2855,2026-09-26T21:39:56,2026-09-26T21:11:03,Chaos Core,705570,705570,1,,
2856,2026-09-26T21:40:28,2026-09-26T21:11:03,Chaos Core Set X 21,709842,14906702,21,,
2857,2026-09-26T21:41:51,2026-09-26T21:11:03,Chaos Core,704955,704955,1,,
2858,2026-09-26T21:42:57,2026-09-26T21:11:03,Chaos Core Set,708163,120387794,170,,
2859,2026-09-26T21:49:38,2026-09-26T21:11:03,Chaos Core,703687,703687,1,,
2860,2026-09-26T22:07:14,2026-09-26T21:57:38,Force Core (Ultimate,399510,16779420,42,,
2861,2026-09-26T22:07:31,2026-09-26T21:57:38,Force Core (Ultimate,399509,79901800,200,,
2862,2026-09-26T22:09:05,2026-09-26T21:57:38,Chaos Core,710113,710113,1,,
2863,2026-09-26T22:10:17,2026-09-26T21:57:38,Force Core (Ultimate,399509,67117512,168,,
2864,2026-09-26T22:19:35,2026-09-26T21:57:38,Upgrade Core (Ultimate,469848,28660728,61,,
2865,2026-09-26T22:19:53,2026-09-26T21:57:38,Upgrade Core (Ultimate,469847,62489651,133,,
2866,2026-09-26T22:23:06,2026-09-26T21:57:38,Force Core (Ultimate),399509,66718003,167,,
2867,2026-09-26T22:24:16,2026-09-26T21:57:38,Chaos Core,705130,705130,1,,
2868,2026-09-26T22:26:24,2026-09-26T21:57:38,Chaos Core,704494,704494,1,,
2869,2026-09-26T22:27:24,2026-09-26T21:57:38,Chaos Core,703851,703851,1,,
2870,2026-09-26T22:28:12,2026-09-26T21:57:38,Chaos Core,703169,703169,1,,
2871,2026-09-26T22:30:43,2026-09-26T21:57:38,Force Core (Ultimate,399507,55531473,139,,
2872,2026-09-26T22:30:47,2026-09-26T21:57:38,Force Core (Ultimate,399506,97479464,244,,
2873,2026-09-26T22:30:52,2026-09-26T21:57:38,Force Core (Ultimate,399505,33158915,83,,
2874,2026-09-26T22:30:57,2026-09-26T21:57:38,Force Core (Ultimate,399504,18377184,46,,
2875,2026-09-26T22:33:48,2026-09-26T21:57:38,Yekaterina VIP Membership,119999998,119999998,1,,
2876,2026-09-26T22:35:57,2026-09-26T21:57:38,Chaos Core,706798,706798,1,,
2877,2026-09-26T22:36:57,2026-09-26T21:57:38,Chaos Core,706135,706135,1,,
2878,2026-09-26T22:37:46,2026-09-26T21:57:38,Chaos Core,705626,705626,1,,
2879,2026-09-26T22:40:15,2026-09-26T21:57:38,Force Core (Ultimate),399513,82299678,206,,
2880,2026-09-26T22:40:31,2026-09-26T21:57:38,Force Core (Ultimate),399512,78703864,197,,
2881,2026-09-26T22:40:47,2026-09-26T21:57:38,Force Core (Ultimate),399511,40750122,102,,
2882,2026-09-26T22:44:27,2026-09-26T21:57:38,Chaos Core,706306,706306,1,,
2883,2026-09-26T22:45:54,2026-09-26T21:57:38,Chaos Core,705046,705046,1,,
2884,2026-09-26T22:48:40,2026-09-26T21:57:38,Force Core (Ultimate,399510,21174030,53,,
2885,2026-09-26T22:48:45,2026-09-26T21:57:38,Force Core (Ultimate),399510,74308860,186,,
2886,2026-09-26T22:54:53,2026-09-26T21:57:38,Chaos Core,702616,702616,1,,
2887,2026-09-26T22:58:52,2026-09-26T21:57:38,Chaos Core,702014,702014,1,,
2888,2026-09-26T23:01:00,2026-09-26T21:57:38,Chaos Core,701377,701377,1,,
2889,2026-09-26T23:05:16,2026-09-26T21:57:38,Force Core (Ultimate,399506,11985180,30,,
2890,2026-09-26T23:06:13,2026-09-26T21:57:38,Chaos Core,702562,702562,1,,
2891,2026-09-26T23:09:18,2026-09-26T21:57:38,Chaos Core Set X 165,729467,120362219,165,,
2892,2026-09-26T23:11:53,2026-09-26T21:57:38,Chaos Core Set X 249,729466,181637282,249,,
2893,2026-09-26T23:13:14,2026-09-26T21:57:38,Chaos Core Set X 240,729465,175071839,240,,
2894,2026-09-26T23:14:37,2026-09-26T21:57:38,Chaos Core Set X 222,729464,161941229,222,,
2895,2026-09-26T23:17:22,2026-09-26T21:57:38,Force Core(High,188982,3779640,20,,
2896,2026-09-26T23:20:39,2026-09-26T21:57:38,Chaos Core Set X 249,729466,181637282,249,,
2897,2026-09-26T23:24:25,2026-09-26T21:57:38,Upgrade Core (Ultimate,469799,31006734,66,,
2898,2026-09-26T23:24:42,2026-09-26T21:57:38,Chaos Core,698368,698368,1,,
2899,2026-09-26T23:27:22,2026-09-26T21:57:38,Force Core(High,188975,30236000,160,,
2900,2026-09-26T23:29:50,2026-09-26T21:57:38,Chaos Core,697190,697190,1,,
2901,2026-09-26T23:30:36,2026-09-26T21:57:38,Epic Booster (Highest),47499995,189999980,4,,
2902,2026-09-26T23:33:16,2026-09-26T21:57:38,Chaos Core,695317,695317,1,,
2903,2026-09-26T23:34:16,2026-09-26T21:57:38,Chaos Core,694740,694740,1,,
2904,2026-09-26T23:35:05,2026-09-26T21:57:38,Chaos Core,694126,694126,1,,
2905,2026-09-26T23:35:43,2026-09-26T21:57:38,Force Core(Highest,199567,49891750,250,,
2906,2026-09-26T23:36:03,2026-09-26T21:57:38,Chaos Core Set X 165,729451,120359579,165,,
2907,2026-09-26T23:36:55,2026-09-26T21:57:38,Chaos Core Set X 225,729450,164126474,225,,
2908,2026-09-26T23:40:55,2026-09-26T21:57:38,Chaos Core,714858,714858,1,,
2909,2026-09-26T23:42:30,2026-09-26T21:57:38,Chaos Core Set X 198,729445,144430307,198,,
2910,2026-09-26T23:42:40,2026-09-26T21:57:38,Chaos Core Set X 195,729444,142241774,195,,
2911,2026-09-26T23:43:06,2026-09-26T21:57:38,Chaos Core,714171,714171,1,,
2912,2026-09-26T23:44:12,2026-09-26T21:57:38,Chaos Core,713551,713551,1,,
2913,2026-09-26T23:44:44,2026-09-26T21:57:38,Chaos Core Set X 246,729443,179443223,246,,
2914,2026-09-26T23:46:15,2026-09-26T21:57:38,Chaos Core,712873,712873,1,,
2915,2026-09-26T23:48:58,2026-09-26T21:57:38,Chaos Core Set X 294,729449,214458299,294,,
2916,2026-09-26T23:50:04,2026-09-26T21:57:38,Force Core (Ultimate,399496,88288616,221,,
2917,2026-09-26T23:50:23,2026-09-26T21:57:38,Force Core (Ultimate,399495,99873750,250,,
2918,2026-09-26T23:50:27,2026-09-26T21:57:38,Force Core (Ultimate,399494,57926630,145,,
2919,2026-09-26T23:52:53,2026-09-26T21:57:38,Chaos Core,720012,720012,1,,
2920,2026-09-27T00:01:44,2026-09-26T21:57:38,Force Core (Ultimate,399493,3195944,8,,
2921,2026-09-27T00:07:23,2026-09-26T21:57:38,Chaos Core,715590,715590,1,,
2922,2026-09-27T00:11:46,2026-09-26T21:57:38,Chaos Core,715580,715580,1,,
2923,2026-09-27T00:13:27,2026-09-26T21:57:38,Chaos Core,715065,715065,1,,
2924,2026-09-27T00:14:26,2026-09-26T21:57:38,Chaos Core,714385,714385,1,,
2925,2026-09-27T00:25:27,2026-09-26T21:57:38,Force Core(Highest,199529,6783986,34,,
2926,2026-09-27T00:34:51,2026-09-26T21:57:38,Chaos Core,709336,709336,1,,
2927,2026-09-27T00:35:28,2026-09-26T21:57:38,Yekaterina VIP Membership,119999998,119999998,1,,
2928,2026-09-27T00:37:33,2026-09-26T21:57:38,Upgrade Core (Ultimate,469752,25836360,55,,
2929,2026-09-27T00:37:50,2026-09-26T21:57:38,Chaos Core,708665,708665,1,,
2930,2026-09-27T00:38:39,2026-09-26T21:57:38,Upgrade Core (Ultimate,469751,57779373,123,,
2931,2026-09-27T00:38:44,2026-09-26T21:57:38,Chaos Core,707981,707981,1,,
2932,2026-09-27T00:41:26,2026-09-26T21:57:38,Force Core (Ultimate,411090,76873830,187,,
2933,2026-09-27T00:42:43,2026-09-26T21:57:38,Force Core (Ultimate,411088,34942480,85,,
2934,2026-09-27T00:44:39,2026-09-26T21:57:38,Chaos Core,706823,706823,1,,
2935,2026-09-27T00:46:18,2026-09-26T21:57:38,Chaos Core,706319,706319,1,,
2936,2026-09-27T00:47:05,2026-09-26T21:57:38,Chaos Core,705689,705689,1,,
2937,2026-09-27T00:47:53,2026-09-26T21:57:38,Chaos Core,705153,705153,1,,
2938,2026-09-27T00:48:56,2026-09-26T21:57:38,Force Core(Highest,199516,23941920,120,,
2939,2026-09-27T01:07:54,2026-09-27T00:51:54,Chaos Core Set X 219,724987,158772371,219,,
2940,2026-09-27T01:08:41,2026-09-27T00:51:54,Chaos Core Set X 171,724986,123972776,171,,
2941,2026-09-27T01:13:29,2026-09-27T00:51:54,Chaos Core,713545,713545,1,,
2942,2026-09-27T01:14:25,2026-09-27T00:51:54,Force Core(Highest,199490,1595920,8,,
2943,2026-09-27T01:15:12,2026-09-27T00:51:54,Force Core(Highest,199489,5186714,26,,
2944,2026-09-27T01:16:07,2026-09-27T00:51:54,Force Core(High,188893,28333950,150,,
2945,2026-09-27T01:19:51,2026-09-27T00:51:54,Chaos Core,712849,712849,1,,
2946,2026-09-27T01:21:24,2026-09-27T00:51:54,Upgrade Core (Ultimate,469699,7045485,15,,
2947,2026-09-27T01:21:41,2026-09-27T00:51:54,Chaos Core,713575,713575,1,,
2948,2026-09-27T01:25:02,2026-09-27T00:51:54,Chaos Core,712911,712911,1,,
2949,2026-09-27T01:25:53,2026-09-27T00:51:54,Chaos Core,712246,712246,1,,
2950,2026-09-27T01:28:52,2026-09-27T00:51:54,Force Core(Highest),199482,49870500,250,,
2951,2026-09-27T01:28:57,2026-09-27T00:51:54,Force Core(Highest),199481,2194291,11,,
2952,2026-09-27T01:32:07,2026-09-27T00:51:54,Chaos Core,719431,719431,1,,
2953,2026-09-27T01:32:53,2026-09-27T00:51:54,Epic Booster (Highest),47499995,189999980,4,,
2954,2026-09-27T01:34:57,2026-09-27T00:51:54,Upgrade Core (Ultimate,469690,10333180,22,,
2955,2026-09-27T01:35:14,2026-09-27T00:51:54,Chaos Core,718832,718832,1,,
2956,2026-09-27T01:35:51,2026-09-27T00:51:54,Force Core(Highest,199480,199480,1,,
2957,2026-09-27T01:36:08,2026-09-27T00:51:54,Chaos Core,718187,718187,1,,
2958,2026-09-27T01:37:00,2026-09-27T00:51:54,Chaos Core,717645,717645,1,,
2959,2026-09-27T01:38:21,2026-09-27T00:51:54,Force Core(High,188882,30221120,160,,
2960,2026-09-27T01:38:39,2026-09-27T00:51:54,Force Core(High,188881,566643,3,,
2961,2026-09-27T01:39:52,2026-09-27T00:51:54,Upgrade Core (Ultimate,469689,93937800,200,,
2962,2026-09-27T01:40:57,2026-09-27T00:51:54,Force Core(Highest),199478,32115958,161,,
2963,2026-09-27T01:55:10,2026-09-27T00:51:54,Chaos Core,714559,714559,1,,
2964,2026-09-27T01:55:42,2026-09-27T00:51:54,Yekaterina VIP Membership,119999998,119999998,1,,
2965,2026-09-27T01:58:02,2026-09-27T00:51:54,Chaos Core,713934,713934,1,,
2966,2026-09-27T01:58:52,2026-09-27T00:51:54,Chaos Core,713401,713401,1,,
2967,2026-09-27T01:59:45,2026-09-27T00:51:54,Chaos Core,712880,712880,1,,
2968,2026-09-27T02:00:25,2026-09-27T00:51:54,Chaos Core Set X 69,724931,50020307,69,,
2969,2026-09-27T02:04:54,2026-09-27T00:51:54,Upgrade Core (Ultimate,469662,1878648,4,,
2970,2026-09-27T02:07:25,2026-09-27T00:51:54,Epic Booster (Highest),47999999,47999999,1,,
2971,2026-09-27T02:08:11,2026-09-27T00:51:54,Upgrade Core (Ultimate,469655,14089650,30,,
2972,2026-09-27T02:08:27,2026-09-27T00:51:54,Chaos Core,713947,713947,1,,
2973,2026-09-27T02:09:31,2026-09-27T00:51:54,Chaos Core,713272,713272,1,,
2974,2026-09-27T02:10:34,2026-09-27T00:51:54,Chaos Core,712677,712677,1,,
2975,2026-09-27T02:11:21,2026-09-27T00:51:54,Chaos Core Set X 129,724911,93513647,129,,
2976,2026-09-27T02:12:18,2026-09-27T00:51:54,Force Core(High,188846,1888460,10,,
2977,2026-09-27T02:13:22,2026-09-27T00:51:54,Chaos Core Set X 96,724911,69591551,96,,
2978,2026-09-27T02:14:20,2026-09-27T00:51:54,Chaos Core Set X 192,724907,139182335,192,,
2979,2026-09-27T02:14:31,2026-09-27T00:51:54,Chaos Core Set X 18,724906,13048325,18,,
2980,2026-09-27T02:18:16,2026-09-27T00:51:54,Chaos Core,712093,712093,1,,
2981,2026-09-27T02:20:05,2026-09-27T00:51:54,Chaos Core,711581,711581,1,,
2982,2026-09-27T02:20:56,2026-09-27T00:51:54,Chaos Core,710980,710980,1,,
2983,2026-09-27T02:21:45,2026-09-27T00:51:54,Chaos Core,710407,710407,1,,
2984,2026-09-27T02:22:34,2026-09-27T00:51:54,Force Core(High,188835,3776700,20,,
2985,2026-09-27T02:26:42,2026-09-27T00:51:54,Chaos Core,720099,2160297,3,,
2986,2026-09-27T02:28:31,2026-09-27T00:51:54,Chaos Core,719433,719433,1,,
2987,2026-09-27T02:29:23,2026-09-27T00:51:54,Chaos Core,718733,718733,1,,
2988,2026-09-27T02:31:25,2026-09-27T00:51:54,Force Core (Ultimate,410932,29587104,72,,
2989,2026-09-27T02:34:26,2026-09-27T00:51:54,Yekaterina VIP Membership,119999993,119999993,1,,
2990,2026-09-27T02:36:12,2026-09-27T00:51:54,Chaos Core,718921,718921,1,,
2991,2026-09-27T02:37:02,2026-09-27T00:51:54,Chaos Core,718358,718358,1,,
2992,2026-09-27T02:38:04,2026-09-27T00:51:54,Force Core(High,188815,944075,5,,
2993,2026-09-27T02:38:27,2026-09-27T00:51:54,Force Core(High,188814,5097978,27,,
2994,2026-09-27T02:39:19,2026-09-27T00:51:54,Chaos Core Set X 336,724866,243555311,336,,
2995,2026-09-27T02:43:50,2026-09-27T00:51:54,Chaos Core,717177,717177,1,,
2996,2026-09-27T02:46:00,2026-09-27T00:51:54,Chaos Core,718813,718813,1,,
2997,2026-09-27T02:46:51,2026-09-27T00:51:54,Chaos Core,718113,718113,1,,
2998,2026-09-27T02:47:40,2026-09-27T00:51:54,Chaos Core Set X 156,724867,113079407,156,,
2999,2026-09-27T02:49:37,2026-09-27T00:51:54,Chaos Core Set,724869,41317589,57,,
3000,2026-09-27T02:50:32,2026-09-27T00:51:54,Chaos Core Set X 81,724865,58714145,81,,
3001,2026-09-27T02:52:56,2026-09-27T00:51:54,Chaos Core,717807,717807,1,,
3002,2026-09-27T02:55:53,2026-09-27T00:51:54,Epic Booster (Highest),47999999,143999997,3,,
3003,2026-09-27T03:01:40,2026-09-27T00:51:54,Chaos Core,715138,715138,1,,
3004,2026-09-27T03:02:43,2026-09-27T00:51:54,Epic Booster (Highest),47999999,143999997,3,,
3005,2026-09-27T03:08:02,2026-09-27T00:51:54,Force Core(High,188798,16047830,85,,
3006,2026-09-27T03:08:57,2026-09-27T00:51:54,Chaos Core Set,724916,100038545,138,,
3007,2026-09-27T03:10:10,2026-09-27T00:51:54,Chaos Core Set,724915,180504083,249,,
3008,2026-09-27T03:16:20,2026-09-27T00:51:54,Upgrade Core (Ultimate,469575,939150,2,,
3009,2026-09-27T03:17:16,2026-09-27T00:51:54,Chaos Core,712217,712217,1,,
3010,2026-09-27T03:19:13,2026-09-27T00:51:54,Chaos Core,712256,712256,1,,
3011,2026-09-27T03:21:37,2026-09-27T00:51:54,Chaos Core,711556,711556,1,,
3012,2026-09-27T03:22:29,2026-09-27T00:51:54,Chaos Core,710884,710884,1,,
3013,2026-09-27T03:23:12,2026-09-27T00:51:54,Force Core(High,188764,943820,5,,
3014,2026-09-27T03:24:53,2026-09-27T00:51:54,Chaos Core,714063,714063,1,,
3015,2026-09-27T03:34:54,2026-09-27T00:51:54,Chaos Core,724488,724488,1,,
3016,2026-09-27T03:36:50,2026-09-27T00:51:54,Chaos Core,724491,724491,1,,
3017,2026-09-27T03:40:44,2026-09-27T00:51:54,Chaos Core,724358,724358,1,,
3018,2026-09-27T03:41:17,2026-09-27T00:51:54,Force Core(High,188751,377502,2,,
3019,2026-09-27T03:43:12,2026-09-27T00:51:54,Chaos Core,723834,723834,1,,
3020,2026-09-27T03:51:10,2026-09-27T03:45:41,Upgrade Core (Ultimate,469549,6104137,13,,
3021,2026-09-27T03:51:27,2026-09-27T03:45:41,Chaos Core,723781,723781,1,,
3022,2026-09-27T03:53:28,2026-09-27T03:45:41,Chaos Core,723135,723135,1,,
3023,2026-09-27T03:54:00,2026-09-27T03:45:41,Chaos Core,723390,723390,1,,
3024,2026-09-27T03:58:42,2026-09-27T03:45:41,Yekaterina VIP Membership,119999993,119999993,1,,
3025,2026-09-27T04:01:10,2026-09-27T03:45:41,Upgrade Core (Ultimate,469539,16433865,35,,
3026,2026-09-27T04:01:14,2026-09-27T03:45:41,Chaos Core,724429,724429,1,,
3027,2026-09-27T04:02:53,2026-09-27T03:45:41,Chaos Core,723922,723922,1,,
3028,2026-09-27T04:04:23,2026-09-27T03:45:41,Force Core (Ultimate,410877,13148064,32,,
3029,2026-09-27T04:05:16,2026-09-27T03:45:41,Chaos Core,722509,722509,1,,
3030,2026-09-27T04:14:05,2026-09-27T03:45:41,Chaos Core,719327,719327,1,,
3031,2026-09-27T04:14:50,2026-09-27T03:45:41,Chaos Core,724330,724330,1,,
3032,2026-09-27T04:15:29,2026-09-27T03:45:41,Chaos Core,723805,723805,1,,
3033,2026-09-27T04:17:16,2026-09-27T03:45:41,Chaos Core,724301,724301,1,,
3034,2026-09-27T04:19:42,2026-09-27T03:45:41,Upgrade Core (Ultimate),458999,18359960,40,,
3035,2026-09-27T04:23:14,2026-09-27T03:45:41,Chaos Core,729442,729442,1,,
3036,2026-09-27T04:23:59,2026-09-27T03:45:41,Chaos Core,728920,728920,1,,
3037,2026-09-27T04:26:56,2026-09-27T03:45:41,Chaos Core,734412,734412,1,,
3038,2026-09-27T04:27:40,2026-09-27T03:45:41,Chaos Core,733844,733844,1,,
3039,2026-09-27T04:29:13,2026-09-27T03:45:41,Force Core(High,188671,11320260,60,,
3040,2026-09-27T04:30:31,2026-09-27T03:45:41,Chaos Core,733199,733199,1,,
3041,2026-09-27T04:31:52,2026-09-27T03:45:41,Force Core(High,188665,13772545,73,,
3042,2026-09-27T04:33:08,2026-09-27T03:45:41,Chaos Core,719332,719332,1,,
3043,2026-09-27T04:33:53,2026-09-27T03:45:41,Chaos Core,732514,732514,1,,
3044,2026-09-27T04:34:30,2026-09-27T03:45:41,Chaos Core,728359,728359,1,,
3045,2026-09-27T04:38:44,2026-09-27T03:45:41,Chaos Core,734373,734373,1,,
3046,2026-09-27T04:40:29,2026-09-27T03:45:41,Force Core(High,188667,1886670,10,,
3047,2026-09-27T04:41:19,2026-09-27T03:45:41,Chaos Core,727780,727780,1,,
3048,2026-09-27T04:42:23,2026-09-27T03:45:41,Force Core(High,188683,1698147,9,,
3049,2026-09-27T04:42:46,2026-09-27T03:45:41,Chaos Core Set X 219,726107,159743636,220,,
3050,2026-09-27T04:42:56,2026-09-27T03:45:41,Chaos Core Set X 18,729421,13129595,18,,
3051,2026-09-27T04:43:06,2026-09-27T03:45:41,Chaos Core Set X 162,724946,118166201,163,,
3052,2026-09-27T04:43:37,2026-09-27T03:45:41,Chaos Core Set X 21,729419,15317819,21,,
3053,2026-09-27T04:43:47,2026-09-27T03:45:41,Upgrade Core (Ultimate,458991,4589910,10,,
3054,2026-09-27T04:47:01,2026-09-27T03:45:41,Chaos Core,728807,728807,1,,
3055,2026-09-27T04:47:44,2026-09-27T03:45:41,Chaos Core,728189,728189,1,,
3056,2026-09-27T04:48:16,2026-09-27T03:45:41,Chaos Core,727671,727671,1,,
3057,2026-09-27T04:49:22,2026-09-27T03:45:41,Force Core(High,188662,943310,5,,
3058,2026-09-27T04:50:10,2026-09-27T03:45:41,Chaos Core,727675,727675,1,,
3059,2026-09-27T04:50:45,2026-09-27T03:45:41,Force Core(High,188661,3773220,20,,
3060,2026-09-27T04:57:47,2026-09-27T03:45:41,Upgrade Core (Ultimate,458956,45895600,100,,
3061,2026-09-27T04:58:04,2026-09-27T03:45:41,Upgrade Core (Ultimate,458955,5507460,12,,
3062,2026-09-27T04:59:50,2026-09-27T03:45:41,Upgrade Core (Ultimate,458953,1376859,3,,
3063,2026-09-27T05:03:13,2026-09-27T03:45:41,Chaos Core,723998,723998,1,,
3064,2026-09-27T05:03:46,2026-09-27T03:45:41,Chaos Core,723487,723487,1,,
3065,2026-09-27T05:05:29,2026-09-27T03:45:41,Force Core(Highest,199202,1992020,10,,
3066,2026-09-27T05:07:42,2026-09-27T03:45:41,Upgrade Core (Ultimate,458949,45894900,100,,
3067,2026-09-27T05:10:50,2026-09-27T03:45:41,Chaos Core,723405,723405,1,,
3068,2026-09-27T05:13:00,2026-09-27T03:45:41,Chaos Core,722746,722746,1,,
3069,2026-09-27T05:13:39,2026-09-27T03:45:41,Chaos Core,722232,722232,1,,
3070,2026-09-27T05:15:29,2026-09-27T03:45:41,Chaos Core,721640,721640,1,,
3071,2026-09-27T05:16:02,2026-09-27T03:45:41,Force Core(High,187988,7519520,40,,
3072,2026-09-27T05:17:49,2026-09-27T03:45:41,Chaos Core Set,723687,181645499,251,,
3073,2026-09-27T05:19:32,2026-09-27T03:45:41,Chaos Core,714375,714375,1,,
3074,2026-09-27T05:21:45,2026-09-27T03:45:41,Force Core(Highest,199186,9959300,50,,
3075,2026-09-27T05:22:01,2026-09-27T03:45:41,Force Core(Highest,199185,3784515,19,,
3076,2026-09-27T05:33:47,2026-09-27T03:45:41,Force Core(High,187975,18797500,100,,
3077,2026-09-27T05:34:16,2026-09-27T03:45:41,Upgrade Core (Ultimate,458929,2294645,5,,
3078,2026-09-27T05:35:08,2026-09-27T03:45:41,Upgrade Core (Ultimate,458927,93162181,203,,
3079,2026-09-27T05:35:24,2026-09-27T03:45:41,Upgrade Core (Ultimate,458926,8260668,18,,
3080,2026-09-27T05:36:18,2026-09-27T03:45:41,Chaos Core Set,724162,94141103,130,,
3081,2026-09-27T05:39:09,2026-09-27T03:45:41,Chaos Core,722869,722869,1,,
3082,2026-09-27T05:40:02,2026-09-27T03:45:41,Chaos Core,722340,722340,1,,
3083,2026-09-27T05:40:37,2026-09-27T03:45:41,Chaos Core,721729,721729,1,,
3084,2026-09-27T05:42:18,2026-09-27T03:45:41,Chaos Core,721077,721077,1,,
3085,2026-09-27T05:43:21,2026-09-27T03:45:41,Force Core(High,187966,2443558,13,,
3086,2026-09-27T05:43:37,2026-09-27T03:45:41,Force Core(High,187965,563895,3,,
3087,2026-09-27T05:43:42,2026-09-27T03:45:41,Chaos Core Set X 96,722251,70058399,97,,
3088,2026-09-27T05:45:25,2026-09-27T03:45:41,Chaos Core Set X 162,725295,118223225,163,,
3089,2026-09-27T05:47:43,2026-09-27T03:45:41,Chaos Core Set,729774,24082574,33,,
3090,2026-09-27T05:52:15,2026-09-27T03:45:41,Chaos Core,720485,720485,1,,
3091,2026-09-27T05:53:04,2026-09-27T03:45:41,Chaos Core,719920,719920,1,,
3092,2026-09-27T05:53:36,2026-09-27T03:45:41,Chaos Core,719393,719393,1,,
3093,2026-09-27T05:54:42,2026-09-27T03:45:41,Force Core(High,187963,1879630,10,,
3094,2026-09-27T05:54:58,2026-09-27T03:45:41,Force Core(Highest,199163,9958150,50,,
3095,2026-09-27T05:55:15,2026-09-27T03:45:41,Chaos Core,718779,718779,1,,
3096,2026-09-27T05:56:49,2026-09-27T03:45:41,Upgrade Core (Ultimate,458916,36713280,80,,
3097,2026-09-27T05:57:05,2026-09-27T03:45:41,Chaos Core Set,726159,146684171,202,,
3098,2026-09-27T06:37:14,2026-09-27T06:18:14,Upgrade Core (Ultimate,458888,45888800,100,,
3099,2026-09-27T06:38:33,2026-09-27T06:18:14,Chaos Core Set,729773,59111693,81,,
3100,2026-09-27T06:38:43,2026-09-27T06:18:14,Chaos Core Set,729773,102898133,141,,
3101,2026-09-27T06:41:09,2026-09-27T06:18:14,Epic Booster (Highest),47999999,47999999,1,,
3102,2026-09-27T06:42:50,2026-09-27T06:18:14,Chaos Core,719458,719458,1,,
3103,2026-09-27T06:43:40,2026-09-27T06:18:14,Chaos Core,718956,718956,1,,
3104,2026-09-27T06:44:11,2026-09-27T06:18:14,Chaos Core,718370,718370,1,,
3105,2026-09-27T06:45:18,2026-09-27T06:18:14,Force Core(High,187917,20482953,109,,
3106,2026-09-27T06:46:10,2026-09-27T06:18:14,Force Core (Ultimate,395955,21381570,54,,
3107,2026-09-27T06:47:57,2026-09-27T06:18:14,Force Core(High,187910,5637300,30,,
3108,2026-09-27T06:55:21,2026-09-27T06:18:14,Force Core (Ultimate,395940,19797000,50,,
3109,2026-09-27T07:07:27,2026-09-27T06:18:14,Chaos Core Set,729770,181712978,249,,
3110,2026-09-27T07:14:02,2026-09-27T06:18:14,Force Core(Highest,198985,11541130,58,,
3111,2026-09-27T07:14:44,2026-09-27T06:18:14,Force Core(High,187885,16533880,88,,
3112,2026-09-27T07:16:35,2026-09-27T06:18:14,Yekaterina VIP Membership,114999998,114999998,1,,
3113,2026-09-27T07:17:45,2026-09-27T06:18:14,Chaos Core,719435,719435,1,,
3114,2026-09-27T07:18:33,2026-09-27T06:18:14,Chaos Core,718852,718852,1,,
3115,2026-09-27T07:19:04,2026-09-27T06:18:14,Chaos Core,718263,718263,1,,
3116,2026-09-27T07:20:07,2026-09-27T06:18:14,Force Core(Highest,198982,9949100,50,,
3117,2026-09-27T07:20:23,2026-09-27T06:18:14,Chaos Core,717719,717719,1,,
3118,2026-09-27T07:22:13,2026-09-27T06:18:14,Force Core(Highest,198981,9949050,50,,
3119,2026-09-27T07:26:13,2026-09-27T06:18:14,Chaos Core,718350,718350,1,,
3120,2026-09-27T07:27:29,2026-09-27T06:18:14,Chaos Core,717670,717670,1,,
3121,2026-09-27T07:30:14,2026-09-27T06:18:14,Chaos Core Set X 204,729299,145859999,200,,
3122,2026-09-27T07:32:24,2026-09-27T06:18:14,Chaos Core,718287,718287,1,,
3123,2026-09-27T07:33:13,2026-09-27T06:18:14,Chaos Core,717728,717728,1,,
3124,2026-09-27T07:33:45,2026-09-27T06:18:14,Chaos Core,717099,717099,1,,
3125,2026-09-27T07:35:03,2026-09-27T06:18:14,Chaos Core,718266,718266,1,,
3126,2026-09-27T07:37:20,2026-09-27T06:18:14,Force Core(High,179230,7169200,40,,
3127,2026-09-27T07:37:37,2026-09-27T06:18:14,Force Core(High,179230,1792300,10,,
3128,2026-09-27T07:39:33,2026-09-27T06:18:14,Epic Booster (Highest),47999999,95999998,2,,
3129,2026-09-27T07:47:43,2026-09-27T06:18:14,Force Core(Highest,197977,3959540,20,,
3130,2026-09-27T07:47:59,2026-09-27T06:18:14,Chaos Core,714498,714498,1,,
3131,2026-09-27T07:56:32,2026-09-27T06:18:14,Force Core(High,179230,5376900,30,,
3132,2026-09-27T07:58:52,2026-09-27T06:18:14,Chaos Core,712001,712001,1,,
3133,2026-09-27T07:59:42,2026-09-27T06:18:14,Chaos Core,711364,711364,1,,
3134,2026-09-27T08:00:12,2026-09-27T06:18:14,Chaos Core,710712,710712,1,,
3135,2026-09-27T08:01:29,2026-09-27T06:18:14,Chaos Core,710166,710166,1,,
3136,2026-09-27T08:05:20,2026-09-27T06:18:14,Force Core(Highest,197961,2969415,15,,
3137,2026-09-27T08:05:53,2026-09-27T06:18:14,Force Core(High,179230,12008410,67,,
3138,2026-09-27T08:06:48,2026-09-27T06:18:14,Chaos Core Set,728351,127461593,175,,
3139,2026-09-27T08:10:45,2026-09-27T06:18:14,Force Core(Highest,197957,395914,2,,
3140,2026-09-27T08:11:37,2026-09-27T06:18:14,Force Core (Ultimate,395872,35628480,90,,
3141,2026-09-27T08:12:43,2026-09-27T06:18:14,Force Core (Ultimate,395868,15834720,40,,
3142,2026-09-27T08:14:16,2026-09-27T06:18:14,Force Core(High,179230,1971530,11,,
3143,2026-09-27T08:15:28,2026-09-27T06:18:14,Chaos Core Set,729474,224678063,308,,
3144,2026-09-27T08:26:18,2026-09-27T06:18:14,Force Core(High,179230,5197670,29,,
3145,2026-09-27T08:26:34,2026-09-27T06:18:14,Force Core(High,179230,1792300,10,,
3146,2026-09-27T08:26:50,2026-09-27T06:18:14,Chaos Core Set X 246,729579,177287772,243,,
3147,2026-09-27T08:27:20,2026-09-27T06:18:14,Chaos Core Set X 318,729295,228998796,314,,
3148,2026-09-27T08:27:50,2026-09-27T06:18:14,Chaos Core Set,729207,231158840,317,,
3149,2026-09-27T08:30:19,2026-09-27T06:18:14,Chaos Core Set,720118,12962141,18,,
3150,2026-09-27T08:34:10,2026-09-27T06:18:14,Chaos Core Set,729470,112338407,154,,
3151,2026-09-27T08:34:20,2026-09-27T06:18:14,Chaos Core Set,731027,144743516,198,,
3152,2026-09-27T08:36:07,2026-09-27T06:18:14,Chaos Core,708910,708910,1,,
3153,2026-09-27T08:36:43,2026-09-27T06:18:14,Chaos Core,708271,708271,1,,
3154,2026-09-27T08:37:15,2026-09-27T06:18:14,Chaos Core,707644,707644,1,,
3155,2026-09-27T08:37:47,2026-09-27T06:18:14,Force Core (Ultimate,395855,9104665,23,,
3156,2026-09-27T08:38:35,2026-09-27T06:18:14,Chaos Core,706958,706958,1,,
3157,2026-09-27T08:46:28,2026-09-27T06:18:14,Force Core(High,179230,3584600,20,,
3158,2026-09-27T08:46:58,2026-09-27T06:18:14,Force Core(High,179230,32440630,181,,
3159,2026-09-27T08:47:03,2026-09-27T06:18:14,Force Core(High,179230,716920,4,,
3160,2026-09-27T08:47:49,2026-09-27T06:18:14,Force Core(Highest,197939,3958780,20,,
3161,2026-09-27T08:52:11,2026-09-27T06:18:14,Chaos Core,714720,714720,1,,
3162,2026-09-27T08:52:56,2026-09-27T06:18:14,Chaos Core,714184,714184,1,,
3163,2026-09-27T08:53:37,2026-09-27T06:18:14,Chaos Core,713499,713499,1,,
3164,2026-09-27T08:55:06,2026-09-27T06:18:14,Chaos Core,712924,712924,1,,
3165,2026-09-27T09:00:39,2026-09-27T06:18:14,Force Core (Ultimate,395829,15437331,39,,
3166,2026-09-27T09:01:41,2026-09-27T06:18:14,Force Core (Ultimate,395827,19395523,49,,
3167,2026-09-27T09:05:07,2026-09-27T06:18:14,Upgrade Core (Ultimate,458730,22936500,50,,
3168,2026-09-27T09:05:11,2026-09-27T06:18:14,Upgrade Core (Ultimate,458729,21560263,47,,
3169,2026-09-27T09:06:06,2026-09-27T06:18:14,Chaos Core Set X 129,727631,91681589,126,,
3170,2026-09-27T09:06:26,2026-09-27T06:18:14,Chaos Core Set X 18,711182,12801276,18,,
3171,2026-09-27T09:14:33,2026-09-27T06:18:14,Chaos Core,710359,710359,1,,
3172,2026-09-27T09:15:09,2026-09-27T06:18:14,Chaos Core,709820,709820,1,,
3173,2026-09-27T09:15:47,2026-09-27T06:18:14,Chaos Core,709302,709302,1,,
3174,2026-09-27T09:16:18,2026-09-27T06:18:14,Force Core (Ultimate,395825,15833000,40,,
3175,2026-09-27T09:16:43,2026-09-27T06:18:14,Chaos Core,708618,708618,1,,
3176,2026-09-27T09:17:58,2026-09-27T06:18:14,Upgrade Core (Ultimate,458725,917450,2,,
3177,2026-09-27T09:18:59,2026-09-27T06:18:14,Upgrade Core (Ultimate),458723,9174460,20,,
3178,2026-09-27T09:19:16,2026-09-27T06:18:14,Force Core (Ultimate),395825,66102775,167,,
3179,2026-09-27T09:19:32,2026-09-27T06:18:14,Force Core(Highest,197920,1979200,10,,
3180,2026-09-27T09:19:48,2026-09-27T06:18:14,Chaos Core Set X 111,726624,79202052,109,,
3181,2026-09-27T09:19:58,2026-09-27T06:18:14,Force Core (Ultimate),395824,66894256,169,,
3182,2026-09-27T09:22:57,2026-09-27T06:18:14,Epic Booster (Highest),47500000,95000000,2,,
3183,2026-09-27T09:25:15,2026-09-27T06:18:14,Chaos Core,714409,714409,1,,
3184,2026-09-27T09:25:57,2026-09-27T06:18:14,Chaos Core,714438,714438,1,,
3185,2026-09-27T09:26:31,2026-09-27T06:18:14,Chaos Core,713839,713839,1,,
3186,2026-09-27T09:27:06,2026-09-27T06:18:14,Force Core(Highest,197918,791672,4,,
3187,2026-09-27T09:27:43,2026-09-27T06:18:14,Chaos Core Set X 303,729719,218186057,299,,
3188,2026-09-27T09:28:04,2026-09-27T06:18:14,Chaos Core Set X 18,720084,12961529,18,,
3189,2026-09-27T09:42:11,2026-09-27T09:36:11,Chaos Core,713711,713711,1,,
3190,2026-09-27T09:42:46,2026-09-27T09:36:11,Chaos Core,713111,713111,1,,
3191,2026-09-27T09:43:19,2026-09-27T09:36:11,Chaos Core,712569,712569,1,,
3192,2026-09-27T09:44:05,2026-09-27T09:36:11,Chaos Core,713203,713203,1,,
3193,2026-09-27T09:44:45,2026-09-27T09:36:11,Chaos Core Set,720085,69128255,96,,
3194,2026-09-27T09:45:25,2026-09-27T09:36:11,Chaos Core Set X 144,720083,103692095,144,,
3195,2026-09-27T09:46:17,2026-09-27T09:36:11,Force Core(Highest,197917,30479218,154,,
3196,2026-09-27T09:46:42,2026-09-27T09:36:11,Force Core (Ultimate,395822,5145686,13,,
3197,2026-09-27T09:49:11,2026-09-27T09:36:11,Chaos Core,718256,718256,1,,
3198,2026-09-27T09:49:55,2026-09-27T09:36:11,Chaos Core,717732,717732,1,,
3199,2026-09-27T09:51:56,2026-09-27T09:36:11,Force Core (Ultimate,395819,19790950,50,,
3200,2026-09-27T09:54:05,2026-09-27T09:36:11,Chaos Core,717167,717167,1,,
3201,2026-09-27T09:54:41,2026-09-27T09:36:11,Chaos Core,719480,719480,1,,
3202,2026-09-27T09:55:12,2026-09-27T09:36:11,Chaos Core,719333,719333,1,,
3203,2026-09-27T10:00:42,2026-09-27T09:36:11,Chaos Core,717134,717134,1,,
3204,2026-09-27T10:13:57,2026-09-27T09:36:11,Chaos Core,717289,717289,1,,
3205,2026-09-27T10:14:43,2026-09-27T09:36:11,Chaos Core,718331,718331,1,,
3206,2026-09-27T10:15:15,2026-09-27T09:36:11,Chaos Core,717795,717795,1,,
3207,2026-09-27T10:16:01,2026-09-27T09:36:11,Chaos Core,719492,719492,1,,
3208,2026-09-27T10:17:01,2026-09-27T09:36:11,Upgrade Core (Ultimate,458715,4128435,9,,
3209,2026-09-27T10:17:18,2026-09-27T09:36:11,Upgrade Core (Ultimate,458714,16054990,35,,
3210,2026-09-27T10:17:51,2026-09-27T09:36:11,Force Core (Ultimate,395816,30873648,78,,
3211,2026-09-27T10:18:20,2026-09-27T09:36:11,Force Core(Highest),197932,3166912,16,,
3212,2026-09-27T10:18:36,2026-09-27T09:36:11,Chaos Core Set,720280,175748399,244,,
3213,2026-09-27T10:20:24,2026-09-27T09:36:11,Chaos Core Set,719436,246047423,342,,
3214,2026-09-27T10:21:58,2026-09-27T09:36:11,Chaos Core Set,721104,188929271,262,,
3215,2026-09-27T10:23:33,2026-09-27T09:36:11,Chaos Core Set,719875,127417937,177,,
3216,2026-09-27T10:25:13,2026-09-27T09:36:11,Chaos Core Set,720844,138402053,192,,
3217,2026-09-27T10:27:41,2026-09-27T09:36:11,Chaos Core Set,719437,123023879,171,,
3218,2026-09-27T10:31:43,2026-09-27T09:36:11,Chaos Core,719429,719429,1,,
3219,2026-09-27T10:32:12,2026-09-27T09:36:11,Chaos Core,718800,718800,1,,
3220,2026-09-27T10:32:45,2026-09-27T09:36:11,Chaos Core,718146,718146,1,,
3221,2026-09-27T10:33:31,2026-09-27T09:36:11,Chaos Core,717525,717525,1,,
3222,2026-09-27T10:34:02,2026-09-27T09:36:11,Upgrade Core (Ultimate,458714,917428,2,,
3223,2026-09-27T10:34:22,2026-09-27T09:36:11,Upgrade Core (Ultimate,458713,6421982,14,,
3224,2026-09-27T10:35:43,2026-09-27T09:36:11,Chaos Core Set,721018,140598527,195,,
3225,2026-09-27T10:37:15,2026-09-27T09:36:11,Chaos Core Set,719657,125220392,174,,
3226,2026-09-27T10:38:55,2026-09-27T09:36:11,Chaos Core Set,720566,180141617,250,,
3227,2026-09-27T10:41:11,2026-09-27T09:36:11,Chaos Core Set,719974,171353987,238,,
3228,2026-09-27T10:44:26,2026-09-27T09:36:11,Upgrade Core (Ultimate),458709,48164445,105,,
3229,2026-09-27T10:47:51,2026-09-27T09:36:11,Chaos Core,719477,719477,1,,
3230,2026-09-27T10:48:22,2026-09-27T09:36:11,Chaos Core,718782,718782,1,,
3231,2026-09-27T10:48:53,2026-09-27T09:36:11,Chaos Core,718964,718964,1,,
3232,2026-09-27T10:49:40,2026-09-27T09:36:11,Chaos Core,718464,718464,1,,
3233,2026-09-27T10:50:16,2026-09-27T09:36:11,Force Core(High,179230,17923000,100,,
3234,2026-09-27T10:50:20,2026-09-27T09:36:11,Upgrade Core (Ultimate,458708,67888784,148,,
3235,2026-09-27T10:51:06,2026-09-27T09:36:11,Force Core(Highest,197925,19792500,100,,
3236,2026-09-27T10:52:16,2026-09-27T09:36:11,Chaos Core Set,719431,246045743,342,,
3237,2026-09-27T11:00:12,2026-09-27T09:36:11,Upgrade Core (Ultimate),458707,22935350,50,,
3238,2026-09-27T11:00:29,2026-09-27T09:36:11,Chaos Core Set,718963,118629035,165,,
3239,2026-09-27T11:02:31,2026-09-27T09:36:11,Chaos Core Set X 270,718962,197714789,275,,
3240,2026-09-27T11:06:34,2026-09-27T09:36:11,Chaos Core,717098,717098,1,,
3241,2026-09-27T11:07:05,2026-09-27T09:36:11,Chaos Core,716538,716538,1,,
3242,2026-09-27T11:07:41,2026-09-27T09:36:11,Chaos Core,715870,715870,1,,
3243,2026-09-27T11:08:40,2026-09-27T09:36:11,Chaos Core,715277,715277,1,,
3244,2026-09-27T11:11:10,2026-09-27T09:36:11,Upgrade Core (Ultimate,458706,45870600,100,,
3245,2026-09-27T11:12:25,2026-09-27T09:36:11,Upgrade Core (Ultimate,458704,45870400,100,,
3246,2026-09-27T11:14:22,2026-09-27T09:36:11,Chaos Core,713821,713821,1,,
3247,2026-09-27T11:15:25,2026-09-27T09:36:11,Chaos Core,713360,713360,1,,
3248,2026-09-27T11:18:45,2026-09-27T09:36:11,Upgrade Core (Ultimate,458702,45870200,100,,
3249,2026-09-27T11:21:54,2026-09-27T09:36:11,Chaos Core,711399,711399,1,,
3250,2026-09-27T11:23:39,2026-09-27T09:36:11,Chaos Core Set X 216,718546,158080247,220,,
3251,2026-09-27T11:25:40,2026-09-27T09:36:11,Chaos Core Set X 243,720000,177840035,247,,
3252,2026-09-27T11:27:13,2026-09-27T09:36:11,Chaos Core Set X 252,720415,184426451,256,,
3253,2026-09-27T11:28:23,2026-09-27T09:36:11,Chaos Core Set X 225,719065,164666024,229,,
3254,2026-09-27T11:30:54,2026-09-27T09:36:11,Chaos Core Set X 231,719391,169056887,235,,
3255,2026-09-27T11:32:26,2026-09-27T09:36:11,Upgrade Core (Ultimate,458699,458699,1,,
3256,2026-09-27T11:32:47,2026-09-27T09:36:11,Force Core(High,178998,178998,1,,
3257,2026-09-27T11:32:52,2026-09-27T09:36:11,Upgrade Core (Ultimate,458698,36695840,80,,
3258,2026-09-27T11:35:06,2026-09-27T09:36:11,Chaos Core,699482,2098446,3,,
3259,2026-09-27T11:35:45,2026-09-27T09:36:11,Chaos Core,698840,698840,1,,
3260,2026-09-27T11:36:26,2026-09-27T09:36:11,Chaos Core,698164,698164,1,,
3261,2026-09-27T11:37:11,2026-09-27T09:36:11,Chaos Core,713292,713292,1,,
3262,2026-09-27T11:38:34,2026-09-27T09:36:11,Force Core (Ultimate,395795,10290670,26,,
3263,2026-09-27T11:38:51,2026-09-27T09:36:11,Force Core(Highest,192998,2508974,13,,
3264,2026-09-27T11:39:08,2026-09-27T09:36:11,Force Core(Highest,192997,5789910,30,,
3265,2026-09-27T11:39:25,2026-09-27T09:36:11,Chaos Core Set,720624,234923528,326,,
3266,2026-09-27T11:41:41,2026-09-27T09:36:11,Chaos Core Set,719443,127341551,177,,
3267,2026-09-27T11:42:03,2026-09-27T09:36:11,Chaos Core Set X 204,721240,149296787,207,,
3268,2026-09-27T11:42:40,2026-09-27T09:36:11,Chaos Core Set,720275,182229653,253,,
3269,2026-09-27T11:45:29,2026-09-27T09:36:11,Siena's Unbinding Stone,95998782,95998782,1,,
3270,2026-09-27T11:46:16,2026-09-27T09:36:11,Chaos Core,714400,714400,1,,
3271,2026-09-27T11:46:52,2026-09-27T09:36:11,Chaos Core,713874,713874,1,,
3272,2026-09-27T11:47:24,2026-09-27T09:36:11,Chaos Core,713233,713233,1,,
3273,2026-09-27T11:48:07,2026-09-27T09:36:11,Chaos Core,712605,712605,1,,
3274,2026-09-27T11:54:46,2026-09-27T09:36:11,Force Core(Highest,192995,1929950,10,,
3275,2026-09-27T11:55:02,2026-09-27T09:36:11,Chaos Core Set,716904,70256639,98,,
3276,2026-09-27T11:55:29,2026-09-27T09:36:11,Upgrade Core (Ultimate,458662,1375986,3,,
3277,2026-09-27T11:55:47,2026-09-27T09:36:11,Chaos Core Set,717764,74647475,104,,
3278,2026-09-27T11:56:13,2026-09-27T09:36:11,Chaos Core Set,720275,182229653,253,,
3279,2026-09-27T11:56:51,2026-09-27T09:36:11,Chaos Core Set,721390,151491914,210,,
3280,2026-09-27T11:57:12,2026-09-27T09:36:11,Chaos Core Set,718291,116363195,162,,
3281,2026-09-27T11:57:35,2026-09-27T09:36:11,Upgrade Core (Ultimate,458665,458665,1,,
3282,2026-09-27T12:00:21,2026-09-27T09:36:11,Chaos Core,718718,718718,1,,
3283,2026-09-27T12:03:45,2026-09-27T09:36:11,Chaos Core,718212,718212,1,,
3284,2026-09-27T12:04:39,2026-09-27T09:36:11,Chaos Core,717650,717650,1,,
3285,2026-09-27T12:06:02,2026-09-27T09:36:11,Force Core(Highest,192994,25089220,130,,
3286,2026-09-27T12:06:33,2026-09-27T09:36:11,Force Core(Highest,192993,3859860,20,,
3287,2026-09-27T12:07:03,2026-09-27T09:36:11,Chaos Core Set X 18,731839,13173119,18,,
3288,2026-09-27T12:09:00,2026-09-27T09:36:11,Chaos Core,718189,718189,1,,
3289,2026-09-27T12:09:51,2026-09-27T09:36:11,Chaos Core,717654,717654,1,,
3290,2026-09-27T12:15:05,2026-09-27T09:36:11,Chaos Core,715716,715716,1,,
3291,2026-09-27T12:15:50,2026-09-27T09:36:11,Chaos Core,715121,715121,1,,
3292,2026-09-27T12:16:21,2026-09-27T09:36:11,Chaos Core,714325,714325,1,,
3293,2026-09-27T12:17:05,2026-09-27T09:36:11,Chaos Core,713678,713678,1,,
3294,2026-09-27T12:19:19,2026-09-27T09:36:11,Upgrade Core (Ultimate,456983,5483796,12,,
3295,2026-09-27T12:21:41,2026-09-27T09:36:11,Chaos Core,728976,728976,1,,
3296,2026-09-27T12:22:12,2026-09-27T09:36:11,Chaos Core,728321,728321,1,,
3297,2026-09-27T12:25:51,2026-09-27T09:36:11,Upgrade Core (Ultimate,456979,3198853,7,,
3298,2026-09-27T12:35:32,2026-09-27T09:36:11,Siena's Unbinding Stone,95998782,95998782,1,,
3299,2026-09-27T12:38:38,2026-09-27T09:36:11,Chaos Core,727600,727600,1,,
3300,2026-09-27T12:41:58,2026-09-27T09:36:11,Force Core(Highest,192967,1350769,7,,
3301,2026-09-27T12:43:18,2026-09-27T09:36:11,Force Core(Highest,192965,964825,5,,
3302,2026-09-27T12:43:37,2026-09-27T09:36:11,Upgrade Core (Ultimate,456970,1827880,4,,
3303,2026-09-27T12:43:54,2026-09-27T09:36:11,Chaos Core Set X 39,713955,28558217,40,,
3304,2026-09-27T12:46:34,2026-09-27T09:36:11,Chaos Core Set,715229,30754877,43,,
3305,2026-09-27T12:51:32,2026-09-27T09:36:11,Chaos Core,719377,719377,1,,
3306,2026-09-27T12:52:15,2026-09-27T09:36:11,Chaos Core,718774,718774,1,,
3307,2026-09-27T12:54:42,2026-09-27T09:36:11,Chaos Core,715377,715377,1,,
3308,2026-09-27T12:55:31,2026-09-27T09:36:11,Chaos Core,718117,718117,1,,
3309,2026-09-27T12:56:17,2026-09-27T09:36:11,Chaos Core,717593,717593,1,,
3310,2026-09-27T12:57:23,2026-09-27T09:36:11,Force Core (Ultimate,384984,7699680,20,,
3311,2026-09-27T12:57:39,2026-09-27T09:36:11,Chaos Core Set,722617,54918899,76,,
3312,2026-09-27T12:58:32,2026-09-27T09:36:11,Chaos Core Set,719290,81279860,113,,
3313,2026-09-27T12:58:57,2026-09-27T09:36:11,Chaos Core Set,720626,136198499,189,,
3314,2026-09-27T13:02:21,2026-09-27T09:36:11,Chaos Core,726891,726891,1,,
3315,2026-09-27T13:03:01,2026-09-27T09:36:11,Chaos Core,726264,726264,1,,
3316,2026-09-27T13:03:32,2026-09-27T09:36:11,Chaos Core,725645,725645,1,,
3317,2026-09-27T13:04:19,2026-09-27T09:36:11,Chaos Core,724980,724980,1,,
3318,2026-09-27T13:09:28,2026-09-27T09:36:11,Chaos Core,726796,726796,1,,
3319,2026-09-27T13:10:15,2026-09-27T09:36:11,Chaos Core,726173,726173,1,,
3320,2026-09-27T13:10:49,2026-09-27T09:36:11,Chaos Core,725507,725507,1,,
3321,2026-09-27T13:11:38,2026-09-27T09:36:11,Chaos Core,724877,724877,1,,
3322,2026-09-27T13:24:45,2026-09-27T09:36:11,Chaos Core Set,721357,48330941,67,,
3323,2026-09-27T13:30:38,2026-09-27T09:36:11,Chaos Core,724206,724206,1,,
3324,2026-09-27T13:31:08,2026-09-27T09:36:11,Chaos Core,723640,723640,1,,
3325,2026-09-27T13:31:37,2026-09-27T09:36:11,Chaos Core,722985,722985,1,,
3326,2026-09-27T13:32:09,2026-09-27T09:36:11,Force Core(High) TAP,188140,12605380,67,,
3327,2026-09-27T13:32:26,2026-09-27T09:36:11,Chaos Core,722366,722366,1,,
3328,2026-09-27T13:46:02,2026-09-27T09:36:11,Epic Booster (Highest),47500000,190000000,4,,
3329,2026-09-27T13:48:20,2026-09-27T09:36:11,Chaos Core,715641,715641,1,,
3330,2026-09-27T13:59:13,2026-09-27T09:36:11,Force Core(High,179174,5375220,30,,
3331,2026-09-27T13:59:30,2026-09-27T09:36:11,Force Core(High,179173,10750380,60,,
3332,2026-09-27T14:00:57,2026-09-27T09:36:11,Epic Booster (Highest),49858994,199435976,4,,
3333,2026-09-27T14:02:51,2026-09-27T09:36:11,Chaos Core,710241,710241,1,,
3334,2026-09-27T14:11:42,2026-09-27T09:36:11,Force Core(Highest,194921,42492778,218,,
3335,2026-09-27T14:13:40,2026-09-27T09:36:11,Force Core(High,179147,1791470,10,,
3336,2026-09-27T14:22:49,2026-09-27T09:36:11,Chaos Core,699323,699323,1,,
3337,2026-09-27T14:23:22,2026-09-27T09:36:11,Chaos Core,698660,698660,1,,
3338,2026-09-27T14:23:57,2026-09-27T09:36:11,Chaos Core,698105,698105,1,,
3339,2026-09-27T14:24:56,2026-09-27T09:36:11,Chaos Core,697585,697585,1,,
3340,2026-09-27T14:28:33,2026-09-27T09:36:11,Force Core(High,179125,5732000,32,,
3341,2026-09-27T14:28:49,2026-09-27T09:36:11,Force Core(High,179124,17733276,99,,
3342,2026-09-27T14:31:37,2026-09-27T09:36:11,Chaos Core,699315,699315,1,,
3343,2026-09-27T14:32:07,2026-09-27T09:36:11,Chaos Core,698677,698677,1,,
3344,2026-09-27T14:32:39,2026-09-27T09:36:11,Chaos Core,698097,698097,1,,
3345,2026-09-27T14:33:24,2026-09-27T09:36:11,Chaos Core,697568,697568,1,,
3346,2026-09-27T14:41:24,2026-09-27T09:36:11,Force Core(Highest,189983,15198640,80,,
3347,2026-09-27T14:43:45,2026-09-27T09:36:11,Force Core(Highest,189981,19378062,102,,
3348,2026-09-27T14:45:57,2026-09-27T09:36:11,Chaos Core,709439,709439,1,,
3349,2026-09-27T14:46:30,2026-09-27T09:36:11,Force Core(High,179105,1791050,10,,
3350,2026-09-27T14:46:34,2026-09-27T09:36:11,Chaos Core,708904,708904,1,,
3351,2026-09-27T14:47:32,2026-09-27T09:36:11,Force Core (Ultimate,384894,3848940,10,,
3352,2026-09-27T14:50:20,2026-09-27T09:36:11,Force Core(Highest,189980,22797600,120,,
3353,2026-09-27T14:50:37,2026-09-27T09:36:11,Force Core(High,179104,23999936,134,,
3354,2026-09-27T14:53:46,2026-09-27T09:36:11,Chaos Core,708168,708168,1,,
3355,2026-09-27T14:54:17,2026-09-27T09:36:11,Chaos Core,707547,707547,1,,
3356,2026-09-27T14:55:13,2026-09-27T09:36:11,Force Core (Ultimate,382997,5361958,14,,
3357,2026-09-27T14:55:29,2026-09-27T09:36:11,Upgrade Core (Ultimate,456762,1370286,3,,
3358,2026-09-27T14:55:34,2026-09-27T09:36:11,Upgrade Core (Ultimate,456761,4110849,9,,
3359,2026-09-27T14:55:38,2026-09-27T09:36:11,Force Core(Highest,189979,18997900,100,,
3360,2026-09-27T14:55:43,2026-09-27T09:36:11,Upgrade Core (Ultimate,456760,5024360,11,,
3361,2026-09-27T14:55:47,2026-09-27T09:36:11,Chaos Core Set X 336,721038,250921439,348,,
3362,2026-09-27T14:57:21,2026-09-27T09:36:11,Chaos Core Set X 183,719275,136662386,190,,
3363,2026-09-27T14:59:15,2026-09-27T09:36:11,Chaos Core Set X 267,719828,199392395,277,,
3364,2026-09-27T15:03:47,2026-09-27T09:36:11,Chaos Core,708236,708236,1,,
3365,2026-09-27T15:04:17,2026-09-27T09:36:11,Chaos Core,707604,707604,1,,
3366,2026-09-27T15:04:48,2026-09-27T09:36:11,Chaos Core,707091,707091,1,,
3367,2026-09-27T15:05:20,2026-09-27T09:36:11,Chaos Core,708328,708328,1,,
3368,2026-09-27T15:07:33,2026-09-27T09:36:11,Chaos Core Set X 252,721035,188190323,261,,
3369,2026-09-27T15:09:23,2026-09-27T09:36:11,Chaos Core Set X 267,719826,199391861,277,,
3370,2026-09-27T15:15:19,2026-09-27T09:36:11,Chaos Core Set X 162,720114,120979169,168,,
3371,2026-09-27T15:22:20,2026-09-27T09:36:11,Chaos Core,709552,709552,1,,
3372,2026-09-27T15:22:51,2026-09-27T09:36:11,Chaos Core,709553,709553,1,,
3373,2026-09-27T15:23:24,2026-09-27T09:36:11,Chaos Core,708913,708913,1,,
3374,2026-09-27T15:23:55,2026-09-27T09:36:11,Chaos Core,708395,708395,1,,
3375,2026-09-27T15:25:08,2026-09-27T09:36:11,Chaos Core Set X 333,720811,248680070,345,,
3376,2026-09-27T15:26:40,2026-09-27T09:36:11,Chaos Core Set X 306,720872,228516515,317,,
3377,2026-09-27T15:28:14,2026-09-27T09:36:11,Chaos Core Set X 228,721472,170267435,236,,
3378,2026-09-27T15:37:51,2026-09-27T09:36:11,Upgrade Core (Ultimate,456769,8221842,18,,
3379,2026-09-27T15:38:08,2026-09-27T09:36:11,Chaos Core Set,720810,248679737,345,,
3380,2026-09-27T15:40:06,2026-09-27T09:36:11,Chaos Core Set,721893,129940763,180,,
3381,2026-09-27T15:42:22,2026-09-27T09:36:11,Upgrade Core (Ultimate),456768,7308288,16,,
3382,2026-09-27T15:42:48,2026-09-27T09:36:11,Force Core(Highest,189978,3799560,20,,
3383,2026-09-27T15:43:04,2026-09-27T09:36:11,Force Core(High,179102,3223836,18,,
3384,2026-09-27T15:43:21,2026-09-27T09:36:11,Force Core(High),179101,3582020,20,,
3385,2026-09-27T15:45:52,2026-09-27T09:36:11,Epic Booster (Highest),47500000,190000000,4,,
3386,2026-09-27T15:48:11,2026-09-27T09:36:11,Chaos Core,720057,720057,1,,
3387,2026-09-27T15:48:57,2026-09-27T09:36:11,Chaos Core,719505,719505,1,,
3388,2026-09-27T15:51:17,2026-09-27T09:36:11,Chaos Core Set,720993,125452823,174,,
3389,2026-09-27T15:52:18,2026-09-27T09:36:11,Chaos Core Set,720765,165776057,230,,
3390,2026-09-27T15:52:48,2026-09-27T09:36:11,Chaos Core Set,707435,13441283,19,,
3391,2026-09-27T15:53:59,2026-09-27T09:36:11,Force Core(Highest,189968,949840,5,,
3392,2026-09-27T15:57:30,2026-09-27T09:36:11,Epic Booster (Highest),49858994,199435976,4,,
3393,2026-09-27T16:05:28,2026-09-27T09:36:11,Chaos Core,715463,715463,1,,
3394,2026-09-27T16:06:04,2026-09-27T09:36:11,Chaos Core,717196,717196,1,,
3395,2026-09-27T16:06:35,2026-09-27T09:36:11,Chaos Core,716584,716584,1,,
3396,2026-09-27T16:07:09,2026-09-27T09:36:11,Chaos Core,715988,715988,1,,
3397,2026-09-27T16:14:44,2026-09-27T09:36:11,Chaos Core,736929,736929,1,,
3398,2026-09-27T16:15:14,2026-09-27T09:36:11,Chaos Core,736254,736254,1,,
3399,2026-09-27T16:15:49,2026-09-27T09:36:11,Chaos Core,735711,735711,1,,
3400,2026-09-27T16:20:38,2026-09-27T09:36:11,Force Core(Highest,189958,7408362,39,,
3401,2026-09-27T16:20:54,2026-09-27T09:36:11,Force Core(High,177991,1601919,9,,
3402,2026-09-27T16:21:24,2026-09-27T09:36:11,Chaos Core Set X 177,718288,132165014,184,,
3403,2026-09-27T16:31:04,2026-09-27T09:36:11,Yekaterina VIP Membership,125855068,125855068,1,,
3404,2026-09-27T16:36:25,2026-09-27T09:36:11,Force Core(High,177967,10678020,60,,
3405,2026-09-27T16:40:00,2026-09-27T09:36:11,Chaos Core,717803,717803,1,,
3406,2026-09-27T16:40:30,2026-09-27T09:36:11,Chaos Core,717169,717169,1,,
3407,2026-09-27T16:41:02,2026-09-27T09:36:11,Chaos Core,716611,716611,1,,
3408,2026-09-27T16:41:36,2026-09-27T09:36:11,Chaos Core,715931,715931,1,,
3409,2026-09-27T16:51:32,2026-09-27T09:36:11,Upgrade Core (Ultimate,456694,45669400,100,,
3410,2026-09-27T17:00:30,2026-09-27T09:36:11,Chaos Core,705185,705185,1,,
3411,2026-09-27T17:06:21,2026-09-27T09:36:11,Chaos Core,705339,705339,1,,
3412,2026-09-27T17:06:51,2026-09-27T09:36:11,Chaos Core,704803,704803,1,,
3413,2026-09-27T17:07:23,2026-09-27T09:36:11,Chaos Core,704277,704277,1,,
3414,2026-09-27T17:07:57,2026-09-27T09:36:11,Chaos Core,703702,703702,1,,
3415,2026-09-27T17:15:42,2026-09-27T09:36:11,Upgrade Core (Ultimate,456658,7306528,16,,
3416,2026-09-27T17:18:06,2026-09-27T09:36:11,Force Core(High,176977,176977,1,,
3417,2026-09-27T17:20:46,2026-09-27T09:36:11,Chaos Core,700559,700559,1,,
3418,2026-09-27T17:21:24,2026-09-27T09:36:11,Chaos Core,699866,699866,1,,
3419,2026-09-27T17:21:56,2026-09-27T09:36:11,Chaos Core,699203,699203,1,,
3420,2026-09-27T17:22:29,2026-09-27T09:36:11,Chaos Core,698529,698529,1,,
3421,2026-09-27T17:24:11,2026-09-27T09:36:11,Chaos Core Set X 309,720597,226267721,314,,
3422,2026-09-27T17:26:58,2026-09-27T09:36:11,Force Core(High,176969,1769690,10,,
3423,2026-09-27T17:29:53,2026-09-27T09:36:11,Chaos Core,719475,719475,1,,
3424,2026-09-27T17:30:23,2026-09-27T09:36:11,Chaos Core,718821,718821,1,,
3425,2026-09-27T17:30:55,2026-09-27T09:36:11,Chaos Core,718231,718231,1,,
3426,2026-09-27T17:31:29,2026-09-27T09:36:11,Chaos Core,717562,717562,1,,
3427,2026-09-27T17:43:30,2026-09-27T09:36:11,Chaos Core,717644,717644,1,,
3428,2026-09-27T17:44:05,2026-09-27T09:36:11,Chaos Core,717075,717075,1,,
3429,2026-09-27T17:44:42,2026-09-27T09:36:11,Chaos Core,716561,716561,1,,
3430,2026-09-27T17:45:20,2026-09-27T09:36:11,Chaos Core,715908,715908,1,,
3431,2026-09-27T17:51:18,2026-09-27T09:36:11,Chaos Core,720158,720158,1,,
3432,2026-09-27T17:51:47,2026-09-27T09:36:11,Chaos Core,719545,719545,1,,
3433,2026-09-27T17:52:26,2026-09-27T09:36:11,Chaos Core,719007,719007,1,,
3434,2026-09-27T17:52:58,2026-09-27T09:36:11,Chaos Core,718498,718498,1,,
3435,2026-09-27T17:58:51,2026-09-27T09:36:11,Chaos Core,729309,729309,1,,
3436,2026-09-27T18:01:34,2026-09-27T09:36:11,Force Core(High,176911,17691100,100,,
3437,2026-09-27T18:02:44,2026-09-27T09:36:11,Upgrade Core (Ultimate,456586,109124054,239,,
3438,2026-09-27T18:03:00,2026-09-27T09:36:11,Upgrade Core (Ultimate,456585,23742420,52,,
3439,2026-09-27T18:03:39,2026-09-27T09:36:11,Upgrade Core (Ultimate,456584,43375480,95,,
3440,2026-09-27T18:20:31,2026-09-27T09:36:11,Chaos Core Set X 180,720145,131786639,183,,
3441,2026-09-27T18:20:50,2026-09-27T09:36:11,Chaos Core Set X 252,720707,184501043,256,,
3442,2026-09-27T18:21:08,2026-09-27T09:36:11,Chaos Core Set X 195,721052,142768469,198,,
3443,2026-09-27T18:21:56,2026-09-27T09:36:11,Chaos Core Set X 45,716227,32946479,46,,
3444,2026-09-27T18:37:37,2026-09-27T09:36:11,Chaos Core,716344,716344,1,,
3445,2026-09-27T18:38:11,2026-09-27T09:36:11,Chaos Core,715758,715758,1,,
3446,2026-09-27T18:38:48,2026-09-27T09:36:11,Chaos Core,715084,715084,1,,
3447,2026-09-27T18:41:15,2026-09-27T09:36:11,Force Core(High,176878,1768780,10,,
3448,2026-09-27T18:41:33,2026-09-27T09:36:11,Upgrade Core (Ultimate,456562,4565620,10,,
3449,2026-09-27T18:45:30,2026-09-27T09:36:11,Chaos Core,715686,715686,1,,
3450,2026-09-27T18:46:00,2026-09-27T09:36:11,Chaos Core,715014,715014,1,,
3451,2026-09-27T18:48:45,2026-09-27T09:36:11,Chaos Core,714344,714344,1,,
3452,2026-09-27T18:49:19,2026-09-27T09:36:11,Chaos Core,713651,713651,1,,
3453,2026-09-27T18:50:35,2026-09-27T09:36:11,Force Core(Highest,189829,14806662,78,,
3454,2026-09-27T18:51:34,2026-09-27T09:36:11,Force Core(High,176870,176870,1,,
3455,2026-09-27T18:55:24,2026-09-27T09:36:11,Chaos Core,728139,728139,1,,
3456,2026-09-27T18:55:55,2026-09-27T09:36:11,Chaos Core,727547,727547,1,,
3457,2026-09-27T18:56:27,2026-09-27T09:36:11,Chaos Core,726887,726887,1,,
3458,2026-09-27T18:57:00,2026-09-27T09:36:11,Chaos Core,726370,726370,1,,
3459,2026-09-27T19:02:43,2026-09-27T09:36:11,Chaos Core,729376,729376,1,,
3460,2026-09-27T19:03:14,2026-09-27T09:36:11,Chaos Core,728738,728738,1,,
3461,2026-09-27T19:03:46,2026-09-27T09:36:11,Chaos Core,728141,728141,1,,
3462,2026-09-27T19:04:19,2026-09-27T09:36:11,Chaos Core,727604,727604,1,,
3463,2026-09-27T19:12:00,2026-09-27T09:36:11,Chaos Core,727481,727481,1,,
3464,2026-09-27T19:12:30,2026-09-27T09:36:11,Chaos Core,726898,726898,1,,
3465,2026-09-27T19:13:02,2026-09-27T09:36:11,Chaos Core,726279,726279,1,,
3466,2026-09-27T19:19:27,2026-09-27T09:36:11,Chaos Core,726707,726707,1,,
3467,2026-09-27T19:19:56,2026-09-27T09:36:11,Chaos Core,726707,726707,1,,
3468,2026-09-27T19:22:57,2026-09-27T09:36:11,Chaos Core,726517,726517,1,,
3469,2026-09-27T19:23:42,2026-09-27T09:36:11,Chaos Core,726117,726117,1,,
3470,2026-09-27T19:24:16,2026-09-27T09:36:11,Chaos Core,726069,726069,1,,
3471,2026-09-27T19:27:59,2026-09-27T09:36:11,Upgrade Core (Ultimate,456532,9130640,20,,
3472,2026-09-27T19:28:15,2026-09-27T09:36:11,Upgrade Core (Ultimate,456531,27391860,60,,
3473,2026-09-27T19:37:03,2026-09-27T09:36:11,Chaos Core,723093,723093,1,,
3474,2026-09-27T19:37:37,2026-09-27T09:36:11,Chaos Core,722453,722453,1,,
3475,2026-09-27T19:38:11,2026-09-27T09:36:11,Chaos Core,721871,721871,1,,
3476,2026-09-27T19:38:42,2026-09-27T09:36:11,Chaos Core,721349,721349,1,,
3477,2026-09-27T19:40:08,2026-09-27T09:36:11,Chaos Core Set X 249,720521,182291903,253,,
3478,2026-09-27T19:41:54,2026-09-27T09:36:11,Chaos Core Set X 234,719788,171309761,238,,
3479,2026-09-27T19:45:09,2026-09-27T09:36:11,Chaos Core,720695,720695,1,,
3480,2026-09-27T19:45:45,2026-09-27T09:36:11,Chaos Core,720070,720070,1,,
3481,2026-09-27T19:46:16,2026-09-27T09:36:11,Chaos Core,719526,719526,1,,
3482,2026-09-27T19:46:49,2026-09-27T09:36:11,Chaos Core,718960,718960,1,,
3483,2026-09-27T19:49:21,2026-09-27T09:36:11,Chaos Core Set X 54,723999,39095999,54,,
3484,2026-09-27T19:49:31,2026-09-27T09:36:11,Chaos Core Set X 186,720127,134663813,187,,
3485,2026-09-27T19:52:47,2026-09-27T09:36:11,Chaos Core,723096,723096,1,,
3486,2026-09-27T19:53:22,2026-09-27T09:36:11,Chaos Core,722544,722544,1,,
3487,2026-09-27T19:53:55,2026-09-27T09:36:11,Chaos Core,721861,721861,1,,
3488,2026-09-27T19:54:28,2026-09-27T09:36:11,Chaos Core,721168,721168,1,,
3489,2026-09-27T20:10:28,2026-09-27T09:36:11,Force Core(High,176794,3535880,20,,
3490,2026-09-27T20:14:30,2026-09-27T09:36:11,Chaos Core,716988,716988,1,,
3491,2026-09-27T20:15:05,2026-09-27T09:36:11,Chaos Core,716375,716375,1,,
3492,2026-09-27T20:15:37,2026-09-27T09:36:11,Chaos Core,715871,715871,1,,
3493,2026-09-27T20:16:08,2026-09-27T09:36:11,Chaos Core,715345,715345,1,,
3494,2026-09-27T20:21:59,2026-09-27T09:36:11,Chaos Core,723176,723176,1,,
3495,2026-09-27T20:22:35,2026-09-27T09:36:11,Chaos Core,723166,723166,1,,
3496,2026-09-27T20:23:07,2026-09-27T09:36:11,Chaos Core,722654,722654,1,,
3497,2026-09-27T20:23:40,2026-09-27T09:36:11,Chaos Core,722500,722500,1,,
3498,2026-09-27T20:30:39,2026-09-27T09:36:11,Chaos Core,722658,722658,1,,
3499,2026-09-27T20:31:14,2026-09-27T09:36:11,Chaos Core,722011,722011,1,,
3500,2026-09-27T20:31:46,2026-09-27T09:36:11,Chaos Core,721495,721495,1,,
3501,2026-09-27T20:32:19,2026-09-27T09:36:11,Chaos Core,720797,720797,1,,
3502,2026-09-27T20:33:35,2026-09-27T09:36:11,Force Core(High,176778,12020904,68,,
3503,2026-09-27T20:38:56,2026-09-27T09:36:11,Chaos Core,722316,722316,1,,
3504,2026-09-27T20:39:32,2026-09-27T09:36:11,Chaos Core,721741,721741,1,,
3505,2026-09-27T20:40:02,2026-09-27T09:36:11,Chaos Core,722384,722384,1,,
3506,2026-09-27T20:40:33,2026-09-27T09:36:11,Chaos Core,721761,721761,1,,
3507,2026-09-27T20:44:46,2026-09-27T09:36:11,Chaos Core,722477,722477,1,,
3508,2026-09-27T20:45:33,2026-09-27T09:36:11,Chaos Core,721918,721918,1,,
3509,2026-09-27T20:46:08,2026-09-27T09:36:11,Chaos Core,721293,721293,1,,
3510,2026-09-27T20:46:43,2026-09-27T09:36:11,Chaos Core,720656,720656,1,,
3511,2026-09-27T20:48:56,2026-09-27T09:36:11,Force Core(High,176768,9722240,55,,
3512,2026-09-27T20:50:48,2026-09-27T09:36:11,Chaos Core Set X 186,720487,136172087,189,,
3513,2026-09-27T20:50:58,2026-09-27T09:36:11,Force Core(High),176765,42953895,243,,
3514,2026-09-27T20:51:02,2026-09-27T09:36:11,Chaos Core Set,718795,118601333,165,,
3515,2026-09-27T20:53:14,2026-09-27T09:36:11,Chaos Core,720058,720058,1,,
3516,2026-09-27T20:53:54,2026-09-27T09:36:11,Chaos Core,719497,719497,1,,
3517,2026-09-27T20:54:26,2026-09-27T09:36:11,Chaos Core,718833,718833,1,,
3518,2026-09-27T20:54:55,2026-09-27T09:36:11,Chaos Core,718301,718301,1,,
3519,2026-09-27T20:57:54,2026-09-27T09:36:11,Chaos Core,719510,719510,1,,
3520,2026-09-27T20:58:30,2026-09-27T09:36:11,Chaos Core,722339,722339,1,,
3521,2026-09-27T21:00:50,2026-09-27T09:36:11,Chaos Core,722311,722311,1,,
3522,2026-09-27T21:07:50,2026-09-27T09:36:11,Chaos Core,721781,721781,1,,
3523,2026-09-27T21:08:26,2026-09-27T09:36:11,Chaos Core,722413,722413,1,,
3524,2026-09-27T21:09:04,2026-09-27T09:36:11,Chaos Core,722301,722301,1,,
3525,2026-09-27T21:12:54,2026-09-27T09:36:11,Force Core(High),176754,1060524,6,,
3526,2026-09-27T21:37:44,2026-09-27T09:36:11,Chaos Core,716400,716400,1,,
3527,2026-09-27T21:38:14,2026-09-27T09:36:11,Chaos Core,715846,715846,1,,
3528,2026-09-27T21:38:46,2026-09-27T09:36:11,Chaos Core,715214,715214,1,,
3529,2026-09-27T21:42:27,2026-09-27T09:36:11,Chaos Core,714672,714672,1,,
3530,2026-09-27T21:44:44,2026-09-27T09:36:11,Chaos Core,712186,712186,1,,
3531,2026-09-27T21:45:16,2026-09-27T09:36:11,Chaos Core,711487,711487,1,,
3532,2026-09-27T21:45:49,2026-09-27T09:36:11,Chaos Core,710792,710792,1,,
3533,2026-09-27T21:46:23,2026-09-27T09:36:11,Chaos Core,712913,712913,1,,
3534,2026-09-27T21:47:06,2026-09-27T09:36:11,Force Core (Ultimate,382691,7653820,20,,
3535,2026-09-27T21:48:53,2026-09-27T09:36:11,Upgrade Core (Ultimate,446430,5803590,13,,
3536,2026-09-27T21:52:16,2026-09-27T09:36:11,Chaos Core,712398,712398,1,,
3537,2026-09-27T21:52:54,2026-09-27T09:36:11,Chaos Core,711698,711698,1,,
3538,2026-09-27T21:53:26,2026-09-27T09:36:11,Chaos Core,711070,711070,1,,
3539,2026-09-27T21:53:59,2026-09-27T09:36:11,Chaos Core,711132,711132,1,,
3540,2026-09-27T21:57:58,2026-09-27T09:36:11,Chaos Core Set X 279,719133,204233858,284,,
3541,2026-09-27T21:59:39,2026-09-27T09:36:11,Chaos Core Set X 57,719397,41725082,58,,
3542,2026-09-27T22:07:15,2026-09-27T09:36:11,Chaos Core Set X 249,720434,182269991,253,,
3543,2026-09-27T22:18:41,2026-09-27T09:36:11,Chaos Core,714707,714707,1,,
3544,2026-09-27T22:19:11,2026-09-27T09:36:11,Chaos Core,714143,714143,1,,
3545,2026-09-27T22:19:42,2026-09-27T09:36:11,Chaos Core,713454,713454,1,,
3546,2026-09-27T22:20:16,2026-09-27T09:36:11,Chaos Core,714163,714163,1,,
3547,2026-09-27T22:26:07,2026-09-27T09:36:11,Chaos Core,719495,719495,1,,
3548,2026-09-27T22:26:37,2026-09-27T09:36:11,Chaos Core,718944,718944,1,,
3549,2026-09-27T22:27:09,2026-09-27T09:36:11,Chaos Core,718366,718366,1,,
3550,2026-09-27T22:27:42,2026-09-27T09:36:11,Chaos Core,717718,717718,1,,
3551,2026-09-27T22:34:39,2026-09-27T09:36:11,Force Core (Ultimate,382667,7653340,20,,
3552,2026-09-27T22:45:17,2026-09-27T09:36:11,Yekaterina VIP Membership,125855068,125855068,1,,
3553,2026-09-27T22:49:31,2026-09-27T09:36:11,Force Core(Highest,186572,33582960,180,,
3554,2026-09-27T22:49:36,2026-09-27T09:36:11,Force Core(Highest,186571,33582780,180,,
3555,2026-09-27T22:58:35,2026-09-27T09:36:11,Chaos Core,706285,706285,1,,
3556,2026-09-27T22:59:08,2026-09-27T09:36:11,Chaos Core,705702,705702,1,,
3557,2026-09-27T23:04:08,2026-09-27T09:36:11,Epic Booster (Highest),47500000,47500000,1,,
3558,2026-09-27T23:05:43,2026-09-27T09:36:11,Force Core (Ultimate,382652,20663208,54,,
3559,2026-09-27T23:10:49,2026-09-27T09:36:11,Epic Booster (Highest),48999999,146999997,3,,
3560,2026-09-27T23:16:17,2026-09-27T09:36:11,Chaos Core Set X 144,721844,105389279,146,,
3561,2026-09-27T23:21:00,2026-09-27T09:36:11,Epic Booster (Highest),49521541,148564623,3,,
3562,2026-09-27T23:21:30,2026-09-27T09:36:11,Chaos Core,699948,699948,1,,
3563,2026-09-27T23:22:00,2026-09-27T09:36:11,Chaos Core,699344,699344,1,,
3564,2026-09-27T23:22:31,2026-09-27T09:36:11,Chaos Core,698745,698745,1,,
3565,2026-09-27T23:23:04,2026-09-27T09:36:11,Chaos Core,698223,698223,1,,
3566,2026-09-27T23:27:54,2026-09-27T09:36:11,Yekaterina VIP Membership,125855068,125855068,1,,
3567,2026-09-27T23:32:46,2026-09-27T09:36:11,Force Core(High,176617,3532340,20,,
3568,2026-09-27T23:33:02,2026-09-27T09:36:11,Chaos Core Set X 210,721529,153685769,213,,
3569,2026-09-27T23:34:25,2026-09-27T09:36:11,Chaos Core Set X 249,720265,182227163,253,,
3570,2026-09-27T23:37:15,2026-09-27T09:36:11,Chaos Core Set X 231,719378,169053884,235,,
3571,2026-09-27T23:41:46,2026-09-27T09:36:11,Chaos Core,715627,715627,1,,
3572,2026-09-27T23:42:27,2026-09-27T09:36:11,Chaos Core,715104,715104,1,,
3573,2026-09-27T23:43:39,2026-09-27T09:36:11,Chaos Core Set X 249,720265,182227163,253,,
3574,2026-09-27T23:46:57,2026-09-27T09:36:11,Force Core(Highest,186578,33584040,180,,
3575,2026-09-27T23:47:02,2026-09-27T09:36:11,Chaos Core Set X 141,721599,103188734,143,,
3576,2026-09-27T23:47:31,2026-09-27T09:36:11,Force Core(High,176614,1766140,10,,
3577,2026-09-27T23:47:49,2026-09-27T09:36:11,Chaos Core Set,719216,125143613,174,,
3578,2026-09-27T23:48:18,2026-09-27T09:36:11,Chaos Core Set,718880,162466925,226,,
3579,2026-09-27T23:48:48,2026-09-27T09:36:11,Chaos Core Set,720264,182226914,253,,
3580,2026-09-27T23:54:50,2026-09-27T09:36:11,Force Core (Ultimate,382639,28697925,75,,
3581,2026-09-27T23:56:34,2026-09-27T09:36:11,Yekaterina VIP Membership,125855068,125855068,1,,
3582,2026-09-27T23:58:24,2026-09-27T09:36:11,Chaos Core,714077,714077,1,,
3583,2026-09-28T00:00:38,2026-09-27T09:36:11,Chaos Core Set,720914,48301241,67,,
3584,2026-09-28T00:03:28,2026-09-27T09:36:11,Force Core (Ultimate),382636,11479080,30,,
3585,2026-09-28T00:05:23,2026-09-27T09:36:11,Chaos Core,714099,714099,1,,
3586,2026-09-28T00:05:53,2026-09-27T09:36:11,Chaos Core,713456,713456,1,,
3587,2026-09-28T00:06:24,2026-09-27T09:36:11,Chaos Core,712758,712758,1,,
3588,2026-09-28T00:06:57,2026-09-27T09:36:11,Chaos Core,712231,712231,1,,
3589,2026-09-28T00:08:33,2026-09-27T09:36:11,Force Core(High,175996,175996,1,,
3590,2026-09-28T00:09:17,2026-09-27T09:36:11,Force Core(High,175995,5279850,30,,
3591,2026-09-28T00:12:19,2026-09-27T09:36:11,Chaos Core,712094,712094,1,,
3592,2026-09-28T00:12:49,2026-09-27T09:36:11,Chaos Core,711537,711537,1,,
3593,2026-09-28T00:13:21,2026-09-27T09:36:11,Chaos Core,712079,712079,1,,
3594,2026-09-28T00:13:53,2026-09-27T09:36:11,Chaos Core,712224,712224,1,,
3595,2026-09-28T00:15:32,2026-09-27T09:36:11,Force Core(High,175993,3519860,20,,
3596,2026-09-28T00:18:47,2026-09-27T09:36:11,Epic Booster (Highest),49521541,49521541,1,,
3597,2026-09-28T00:21:09,2026-09-27T09:36:11,Chaos Core,712201,712201,1,,
3598,2026-09-28T00:21:40,2026-09-27T09:36:11,Chaos Core,711623,711623,1,,
3599,2026-09-28T00:22:11,2026-09-27T09:36:11,Chaos Core,711042,711042,1,,
3600,2026-09-28T00:22:45,2026-09-27T09:36:11,Chaos Core,710515,710515,1,,
3601,2026-09-28T00:23:46,2026-09-27T09:36:11,Chaos Core Set X 267,719133,192727808,268,,
3602,2026-09-28T00:24:59,2026-09-27T09:36:11,Chaos Core Set X 189,721825,136425113,189,,
3603,2026-09-28T00:25:24,2026-09-27T09:36:11,Chaos Core Set X 153,718189,110601252,154,,
3604,2026-09-28T00:25:34,2026-09-27T09:36:11,Chaos Core Set X 249,718936,179734175,250,,
3605,2026-09-28T00:27:03,2026-09-27T09:36:11,Chaos Core Set X 159,721822,114769856,159,,
3606,2026-09-28T00:28:19,2026-09-27T09:36:11,Chaos Core Set X 204,721821,147251687,204,,
3607,2026-09-28T00:41:04,2026-09-27T09:36:11,Chaos Core,725807,725807,1,,
3608,2026-09-28T00:41:41,2026-09-27T09:36:11,Chaos Core,725256,725256,1,,
3609,2026-09-28T00:43:21,2026-09-27T09:36:11,Force Core(High,172222,30999960,180,,
3610,2026-09-28T00:49:48,2026-09-27T09:36:11,Upgrade Core (Ultimate,446343,22317150,50,,
3611,2026-09-28T00:50:18,2026-09-27T09:36:11,Chaos Core Set,721601,103189016,143,,
3612,2026-09-28T00:53:50,2026-09-27T09:36:11,Chaos Core,715086,715086,1,,
3613,2026-09-28T00:54:28,2026-09-27T09:36:11,Chaos Core,714425,714425,1,,
3614,2026-09-28T00:54:59,2026-09-27T09:36:11,Chaos Core,713762,713762,1,,
3615,2026-09-28T00:55:29,2026-09-27T09:36:11,Chaos Core,713128,713128,1,,
3616,2026-09-28T00:59:58,2026-09-27T09:36:11,Yekaterina VIP Membership,125855068,125855068,1,,
3617,2026-09-28T01:01:07,2026-09-27T09:36:11,Chaos Core,727302,727302,1,,
3618,2026-09-28T01:04:04,2026-09-27T09:36:11,Chaos Core,726648,726648,1,,
3619,2026-09-28T01:04:40,2026-09-27T09:36:11,Chaos Core,726124,726124,1,,
3620,2026-09-28T01:05:11,2026-09-27T09:36:11,Chaos Core,725430,725430,1,,
3621,2026-09-28T01:14:04,2026-09-27T09:36:11,Chaos Core,718170,718170,1,,
3622,2026-09-28T01:14:45,2026-09-27T09:36:11,Chaos Core,717575,717575,1,,
3623,2026-09-28T01:17:15,2026-09-27T09:36:11,Force Core (Ultimate,382616,7652320,20,,
3624,2026-09-28T01:41:04,2026-09-27T09:36:11,Force Core(Highest,186567,2238804,12,,
3625,2026-09-28T01:49:07,2026-09-27T09:36:11,Chaos Core,704040,704040,1,,
3626,2026-09-28T01:49:37,2026-09-27T09:36:11,Chaos Core,703528,703528,1,,
3627,2026-09-28T01:50:08,2026-09-27T09:36:11,Chaos Core,702928,702928,1,,
3628,2026-09-28T01:50:41,2026-09-27T09:36:11,Chaos Core,702421,702421,1,,
3629,2026-09-28T01:55:57,2026-09-27T09:36:11,Chaos Core,718463,718463,1,,
3630,2026-09-28T01:56:27,2026-09-27T09:36:11,Chaos Core,717927,717927,1,,
3631,2026-09-28T01:57:00,2026-09-27T09:36:11,Chaos Core,715301,715301,1,,
3632,2026-09-28T01:57:32,2026-09-27T09:36:11,Chaos Core,714750,714750,1,,
3633,2026-09-28T01:59:27,2026-09-27T09:36:11,Force Core(High,172155,8607750,50,,
3634,2026-09-28T02:02:58,2026-09-27T09:36:11,Chaos Core,715331,715331,1,,
3635,2026-09-28T02:03:28,2026-09-27T09:36:11,Chaos Core,714647,714647,1,,
3636,2026-09-28T02:03:59,2026-09-27T09:36:11,Chaos Core,714110,714110,1,,
3637,2026-09-28T02:04:29,2026-09-27T09:36:11,Chaos Core,713564,713564,1,,
3638,2026-09-28T02:17:22,2026-09-27T09:36:11,Upgrade Core (Ultimate,446232,1784928,4,,
3639,2026-09-28T02:21:43,2026-09-27T09:36:11,Chaos Core,713842,713842,1,,
3640,2026-09-28T02:22:17,2026-09-27T09:36:11,Chaos Core,713268,713268,1,,
3641,2026-09-28T02:22:53,2026-09-27T09:36:11,Chaos Core,712579,712579,1,,
3642,2026-09-28T02:23:31,2026-09-27T09:36:11,Chaos Core,711886,711886,1,,
3643,2026-09-28T02:31:15,2026-09-27T09:36:11,Force Core(High,172116,1721160,10,,
3644,2026-09-28T02:31:44,2026-09-27T09:36:11,Chaos Core Set X 189,721438,137794796,191,,
3645,2026-09-28T02:33:33,2026-09-27T09:36:11,Chaos Core Set X 54,715816,39369887,55,,
3646,2026-09-28T02:35:08,2026-09-27T09:36:11,Chaos Core Set X 243,720179,177164252,246,,
3647,2026-09-28T02:36:57,2026-09-27T09:36:11,Chaos Core Set X 237,719956,172789589,240,,
3648,2026-09-28T02:37:24,2026-09-27T09:36:11,Chaos Core Set X 27,729068,19684862,27,,
3649,2026-09-28T02:43:27,2026-09-27T09:36:11,Chaos Core,714253,714253,1,,
3650,2026-09-28T02:45:25,2026-09-27T09:36:11,Force Core(High,172113,9294102,54,,
3651,2026-09-28T02:46:39,2026-09-27T09:36:11,Upgrade Core (Ultimate,446198,22756098,51,,
3652,2026-09-28T02:46:56,2026-09-27T09:36:11,Chaos Core Set,720490,244966847,340,,
3653,2026-09-28T02:50:59,2026-09-27T09:36:11,Yekaterina VIP Membership,125855068,125855068,1,,
3654,2026-09-28T02:51:42,2026-09-27T09:36:11,Epic Booster (Highest),47249999,188999996,4,,
3655,2026-09-28T02:54:02,2026-09-27T09:36:11,Chaos Core,714379,714379,1,,
3656,2026-09-28T02:54:31,2026-09-27T09:36:11,Chaos Core,713839,713839,1,,
3657,2026-09-28T02:55:05,2026-09-27T09:36:11,Chaos Core,713187,713187,1,,
3658,2026-09-28T02:55:35,2026-09-27T09:36:11,Chaos Core,712524,712524,1,,
3659,2026-09-28T02:57:23,2026-09-27T09:36:11,Upgrade Core (Ultimate,446196,38819052,87,,
3660,2026-09-28T03:01:31,2026-09-27T09:36:11,Chaos Core,717124,717124,1,,
3661,2026-09-28T03:02:03,2026-09-27T09:36:11,Chaos Core,716614,716614,1,,
3662,2026-09-28T03:43:35,2026-09-27T09:36:11,Upgrade Core (Ultimate,446122,2230610,5,,
3663,2026-09-28T03:49:30,2026-09-27T09:36:11,Chaos Core Set X 195,721487,142132964,197,,
3664,2026-09-28T03:51:58,2026-09-27T09:36:11,Chaos Core Set X 219,719035,159625814,222,,
3665,2026-09-28T03:52:37,2026-09-27T09:36:11,Chaos Core Set X 336,720308,244905023,340,,
3666,2026-09-28T03:52:55,2026-09-27T09:36:11,Chaos Core Set X 57,716316,41546330,58,,
3667,2026-09-28T03:53:29,2026-09-27T09:36:11,Chaos Core Set X 255,720409,185865674,258,,
3668,2026-09-28T03:53:47,2026-09-27T09:36:11,Chaos Core Set X 336,720308,244905023,340,,
3669,2026-09-28T03:55:47,2026-09-27T09:36:11,Chaos Core,692457,692457,1,,
3670,2026-09-28T03:56:23,2026-09-27T09:36:11,Chaos Core,691769,691769,1,,
3671,2026-09-28T03:56:54,2026-09-27T09:36:11,Chaos Core,691146,691146,1,,
3672,2026-09-28T03:57:25,2026-09-27T09:36:11,Chaos Core,690592,690592,1,,
3673,2026-09-28T04:07:38,2026-09-27T09:36:11,Chaos Core,723209,723209,1,,
3674,2026-09-28T04:08:11,2026-09-27T09:36:11,Chaos Core,722685,722685,1,,
3675,2026-09-28T04:12:01,2026-09-27T09:36:11,Chaos Core,723185,723185,1,,
3676,2026-09-28T04:12:45,2026-09-27T09:36:11,Chaos Core,722623,722623,1,,
3677,2026-09-28T04:13:18,2026-09-27T09:36:11,Chaos Core,722120,722120,1,,
3678,2026-09-28T04:13:53,2026-09-27T09:36:11,Chaos Core,721566,721566,1,,
3679,2026-09-28T04:22:56,2026-09-27T09:36:11,Chaos Core Set X 18,727999,13103999,18,,
3680,2026-09-28T04:36:35,2026-09-27T09:36:11,Chaos Core,713741,713741,1,,
3681,2026-09-28T04:37:18,2026-09-27T09:36:11,Chaos Core,713069,713069,1,,
3682,2026-09-28T04:37:59,2026-09-27T09:36:11,Chaos Core,712556,712556,1,,
3683,2026-09-28T04:40:36,2026-09-27T09:36:11,Chaos Core Set X 99,721756,72175652,100,,
3684,2026-09-28T04:42:44,2026-09-27T09:36:11,Chaos Core,713734,713734,1,,
3685,2026-09-28T04:45:34,2026-09-27T09:36:11,Chaos Core,714494,714494,1,,
3686,2026-09-28T04:46:06,2026-09-27T09:36:11,Chaos Core,713978,713978,1,,
3687,2026-09-28T04:46:38,2026-09-27T09:36:11,Chaos Core,713383,713383,1,,
3688,2026-09-28T04:49:34,2026-09-27T09:36:11,Force Core(High,169993,26178922,154,,
3689,2026-09-28T04:55:40,2026-09-27T09:36:11,Chaos Core,714324,714324,1,,
3690,2026-09-28T04:56:24,2026-09-27T09:36:11,Chaos Core,713722,713722,1,,
3691,2026-09-28T04:56:55,2026-09-27T09:36:11,Chaos Core,713086,713086,1,,
3692,2026-09-28T04:57:25,2026-09-27T09:36:11,Chaos Core,712575,712575,1,,
3693,2026-09-28T04:57:56,2026-09-27T09:36:11,Force Core (Ultimate,382444,382444,1,,
3694,2026-09-28T05:06:29,2026-09-27T09:36:11,Upgrade Core (Ultimate,445972,445972,1,,
3695,2026-09-28T05:06:49,2026-09-27T09:36:11,Chaos Core Set X 138,718612,100605725,140,,
3696,2026-09-28T05:10:42,2026-09-27T09:36:11,Chaos Core,723381,723381,1,,
3697,2026-09-28T05:11:18,2026-09-27T09:36:11,Chaos Core,722435,722435,1,,
3698,2026-09-28T05:11:50,2026-09-27T09:36:11,Chaos Core,721814,721814,1,,
3699,2026-09-28T05:12:22,2026-09-27T09:36:11,Chaos Core,721121,721121,1,,
3700,2026-09-28T05:13:39,2026-09-27T09:36:11,Upgrade Core (Ultimate,445965,445965,1,,
3701,2026-09-28T05:13:44,2026-09-27T09:36:11,Upgrade Core (Ultimate,445964,4013676,9,,
3702,2026-09-28T05:14:08,2026-09-27T09:36:11,Chaos Core Set X 192,721500,139971071,194,,
3703,2026-09-28T05:17:56,2026-09-27T09:36:11,Chaos Core,729364,729364,1,,
3704,2026-09-28T05:19:43,2026-09-27T09:36:11,Force Core(High,169965,509895,3,,
3705,2026-09-28T05:24:44,2026-09-27T09:36:11,Chaos Core,727579,727579,1,,
3706,2026-09-28T05:25:21,2026-09-27T09:36:11,Chaos Core,726946,726946,1,,
3707,2026-09-28T05:25:56,2026-09-27T09:36:11,Chaos Core,726276,726276,1,,
3708,2026-09-28T05:26:32,2026-09-27T09:36:11,Chaos Core,725706,725706,1,,
3709,2026-09-28T05:27:09,2026-09-27T09:36:11,Force Core (Ultimate,382407,3824070,10,,
3710,2026-09-28T05:27:57,2026-09-27T09:36:11,Force Core(High,169961,2039532,12,,
3711,2026-09-28T05:28:16,2026-09-27T09:36:11,Force Core(High,169960,169960,1,,
3712,2026-09-28T05:28:41,2026-09-27T09:36:11,Force Core(High,169959,169959,1,,
3713,2026-09-28T05:38:11,2026-09-27T09:36:11,Chaos Core Set,719985,174956399,243,,
3714,2026-09-28T05:40:34,2026-09-27T09:36:11,Siena's Unbinding Stone,95998781,95998781,1,,
3715,2026-09-28T05:42:39,2026-09-28T05:41:38,Chaos Core,709300,709300,1,,
3716,2026-09-28T05:42:44,2026-09-28T05:41:38,Chaos Core,708723,708723,1,,
3717,2026-09-28T05:42:48,2026-09-28T05:41:38,Chaos Core,708139,708139,1,,
3718,2026-09-28T05:42:53,2026-09-28T05:41:38,Chaos Core,707462,707462,1,,
3719,2026-09-28T05:43:06,2026-09-28T05:41:38,Chaos Core Set X 54,715716,39364433,55,,
3720,2026-09-28T05:52:16,2026-09-28T05:51:06,Chaos Core Set X 18,729667,13134006,18,,
3721,2026-09-28T05:52:20,2026-09-28T05:51:06,Chaos Core Set X 18,728973,13121531,18,,
3722,2026-09-28T06:00:34,2026-09-28T05:59:41,Yekaterina VIP Membership,125855068,125855068,1,,
3723,2026-09-28T09:07:53,2026-09-28T08:52:02,Force Core(Highest,186633,186633,1,,
3724,2026-09-28T09:07:57,2026-09-28T08:52:02,Chaos Core,728327,728327,1,,
3725,2026-09-28T09:09:08,2026-09-28T08:52:02,Force Core (Ultimate,382390,1147170,3,,
3726,2026-09-28T09:09:12,2026-09-28T08:52:02,Force Core (Ultimate,382386,2294316,6,,
3727,2026-09-28T09:10:00,2026-09-28T08:52:02,Chaos Core Set,784428,131784071,168,,
3728,2026-09-28T09:25:32,2026-09-28T09:20:02,Chaos Core,749489,749489,1,,
3729,2026-09-28T09:26:15,2026-09-28T09:20:02,Chaos Core Set X 216,784427,169436447,216,,
3730,2026-09-28T09:27:51,2026-09-28T09:20:02,Chaos Core Set X 228,784426,178849355,228,,
3731,2026-09-28T09:37:34,2026-09-28T09:20:02,Force Core(Highest,199159,7966360,40,,
3732,2026-09-28T09:38:30,2026-09-28T09:20:02,Upgrade Core (Ultimate,458926,31665894,69,,
3733,2026-09-28T09:44:44,2026-09-28T09:20:02,Chaos Core,719406,719406,1,,
3734,2026-09-28T09:45:30,2026-09-28T09:20:02,Chaos Core,719352,719352,1,,
3735,2026-09-28T09:47:48,2026-09-28T09:20:02,Chaos Core,718698,718698,1,,
3736,2026-09-28T09:50:24,2026-09-28T09:20:02,Force Core(Highest,199153,3584754,18,,
3737,2026-09-28T09:51:07,2026-09-28T09:20:02,Upgrade Core (Ultimate,458915,45891500,100,,
3738,2026-09-28T09:51:24,2026-09-28T09:20:02,Upgrade Core (Ultimate,458914,50939454,111,,
3739,2026-09-28T09:56:07,2026-09-28T09:20:02,Chaos Core Set X 189,784145,147419432,188,,
3740,2026-09-28T09:58:54,2026-09-28T09:20:02,Chaos Core Set X 267,785880,208258397,265,,
3741,2026-09-28T10:01:25,2026-09-28T09:20:02,Upgrade Core (Ultimate,458913,36713040,80,,
3742,2026-09-28T10:01:45,2026-09-28T09:20:02,Chaos Core,716991,716991,1,,
3743,2026-09-28T10:03:48,2026-09-28T09:20:02,Chaos Core,715170,715170,1,,
3744,2026-09-28T10:06:20,2026-09-28T09:20:02,Force Core(Highest,199147,2987205,15,,
3745,2026-09-28T10:07:16,2026-09-28T09:20:02,Chaos Core,747424,747424,1,,
3746,2026-09-28T10:07:47,2026-09-28T09:20:02,Force Core (Ultimate,382363,1529452,4,,
3747,2026-09-28T10:08:04,2026-09-28T09:20:02,Chaos Core,716362,716362,1,,
3748,2026-09-28T10:08:35,2026-09-28T09:20:02,Chaos Core,715829,715829,1,,
3749,2026-09-28T10:09:24,2026-09-28T09:20:02,Upgrade Core (Ultimate),458911,37171791,81,,
3750,2026-09-28T10:12:05,2026-09-28T09:20:02,Chaos Core,747483,747483,1,,
3751,2026-09-28T10:12:35,2026-09-28T09:20:02,Yekaterina VIP Membership,133999999,133999999,1,,
3752,2026-09-28T10:15:57,2026-09-28T09:20:02,Chaos Core,719489,719489,1,,
3753,2026-09-28T10:16:41,2026-09-28T09:20:02,Chaos Core,718796,718796,1,,
3754,2026-09-28T10:17:13,2026-09-28T09:20:02,Chaos Core,718275,718275,1,,
3755,2026-09-28T10:18:05,2026-09-28T09:20:02,Force Core(High),179116,5373480,30,,
3756,2026-09-28T10:23:48,2026-09-28T09:20:02,Upgrade Core (Ultimate,458905,13767150,30,,
3757,2026-09-28T10:24:25,2026-09-28T09:20:02,Upgrade Core (Ultimate,458904,2753424,6,,
3758,2026-09-28T10:26:00,2026-09-28T09:20:02,Chaos Core,719423,719423,1,,
3759,2026-09-28T10:29:26,2026-09-28T09:20:02,Chaos Core,689486,689486,1,,
3760,2026-09-28T10:30:14,2026-09-28T09:20:02,Chaos Core,688803,688803,1,,
3761,2026-09-28T10:30:50,2026-09-28T09:20:02,Chaos Core,688263,688263,1,,
3762,2026-09-28T10:34:09,2026-09-28T09:20:02,Chaos Core,687588,687588,1,,
3763,2026-09-28T10:38:11,2026-09-28T09:20:02,Chaos Core,718206,718206,1,,
3764,2026-09-28T10:44:39,2026-09-28T09:20:02,Chaos Core,715968,715968,1,,
3765,2026-09-28T10:50:38,2026-09-28T09:20:02,Upgrade Core (Ultimate,458893,45889300,100,,
3766,2026-09-28T10:51:08,2026-09-28T09:20:02,Chaos Core,715429,715429,1,,
3767,2026-09-28T10:51:51,2026-09-28T09:20:02,Chaos Core,714752,714752,1,,
3768,2026-09-28T10:52:21,2026-09-28T09:20:02,Chaos Core,714064,714064,1,,
3769,2026-09-28T10:52:53,2026-09-28T09:20:02,Upgrade Core (Ultimate,458891,68833650,150,,
3770,2026-09-28T10:55:39,2026-09-28T09:20:02,Chaos Core,715405,715405,1,,
3771,2026-09-28T10:58:35,2026-09-28T09:20:02,Upgrade Core (Ultimate,458889,3212223,7,,
3772,2026-09-28T10:59:05,2026-09-28T09:20:02,Chaos Core,719483,719483,1,,
3773,2026-09-28T11:00:14,2026-09-28T09:20:02,Upgrade Core (Ultimate,458888,4588880,10,,
3774,2026-09-28T11:07:34,2026-09-28T09:20:02,Force Core(High,179100,1791000,10,,
3775,2026-09-28T11:09:26,2026-09-28T09:20:02,Chaos Core,715377,715377,1,,
3776,2026-09-28T11:13:42,2026-09-28T09:20:02,Upgrade Core (Ultimate,458878,27532680,60,,
3777,2026-09-28T11:16:33,2026-09-28T09:20:02,Chaos Core,713438,713438,1,,
3778,2026-09-28T11:19:56,2026-09-28T09:20:02,Chaos Core,712926,712926,1,,
3779,2026-09-28T11:20:39,2026-09-28T09:20:02,Chaos Core,712267,712267,1,,
3780,2026-09-28T11:21:09,2026-09-28T09:20:02,Chaos Core,711595,711595,1,,
3781,2026-09-28T11:24:02,2026-09-28T09:20:02,Chaos Core,710984,710984,1,,
3782,2026-09-28T11:26:59,2026-09-28T09:20:02,Upgrade Core (Ultimate,458863,22943150,50,,
3783,2026-09-28T11:27:28,2026-09-28T09:20:02,Chaos Core,719426,719426,1,,
3784,2026-09-28T11:35:43,2026-09-28T09:20:02,Force Core(High,179082,5372460,30,,
3785,2026-09-28T11:40:02,2026-09-28T09:20:02,Upgrade Core (Ultimate,458841,1835364,4,,
3786,2026-09-28T11:41:43,2026-09-28T09:20:02,Force Core(High,179078,10744680,60,,
3787,2026-09-28T11:44:27,2026-09-28T09:20:02,Epic Booster (Highest),47239997,47239997,1,,
3788,2026-09-28T11:47:26,2026-09-28T09:20:02,Upgrade Core (Ultimate,458828,8717732,19,,
3789,2026-09-28T11:49:22,2026-09-28T09:20:02,Force Core(High,179071,716284,4,,
3790,2026-09-28T11:49:26,2026-09-28T09:20:02,Upgrade Core (Ultimate,458824,3211768,7,,
3791,2026-09-28T11:56:11,2026-09-28T11:50:38,Epic Booster (Highest),47239997,47239997,1,,
3792,2026-09-28T11:56:27,2026-09-28T11:50:38,Chaos Core,704485,704485,1,,
3793,2026-09-28T11:59:35,2026-09-28T11:50:38,Chaos Core,699398,699398,1,,
3794,2026-09-28T12:00:18,2026-09-28T11:50:38,Chaos Core,698798,698798,1,,
3795,2026-09-28T12:00:50,2026-09-28T11:50:38,Chaos Core,698140,698140,1,,
3796,2026-09-28T12:02:33,2026-09-28T11:50:38,Upgrade Core (Ultimate),458812,27528720,60,,
3797,2026-09-28T12:02:49,2026-09-28T11:50:38,Upgrade Core (Ultimate),458811,64233540,140,,
3798,2026-09-28T12:05:37,2026-09-28T11:50:38,Chaos Core Set X 288,760649,219067199,288,,
3799,2026-09-28T12:07:22,2026-09-28T11:50:38,Chaos Core Set X 249,760648,189401600,249,,
3800,2026-09-28T12:14:22,2026-09-28T11:50:38,Chaos Core,699315,699315,1,,
3801,2026-09-28T12:15:29,2026-09-28T11:50:38,Chaos Core Set X 189,760647,143762471,189,,
3802,2026-09-28T12:17:00,2026-09-28T11:50:38,Chaos Core Set X 180,760646,136916459,180,,
3803,2026-09-28T12:21:23,2026-09-28T11:50:38,Chaos Core,716066,716066,1,,
3804,2026-09-28T12:22:07,2026-09-28T11:50:38,Chaos Core Set X 336,760648,255578063,336,,
3805,2026-09-28T12:43:58,2026-09-28T12:31:35,Chaos Core,739304,739304,1,,
3806,2026-09-28T12:45:31,2026-09-28T12:31:35,Chaos Core Set,760643,164299103,216,,
3807,2026-09-28T12:50:49,2026-09-28T12:31:35,Force Core(High,178993,39199467,219,,
3808,2026-09-28T13:01:43,2026-09-28T12:57:20,Chaos Core,747430,747430,1,,
3809,2026-09-28T13:03:23,2026-09-28T12:57:20,Chaos Core Set X 126,760635,95840135,126,,
3810,2026-09-28T13:07:33,2026-09-28T12:57:20,Force Core(High,178991,178991,1,,
3811,2026-09-28T13:07:52,2026-09-28T12:57:20,Upgrade Core (Ultimate,458801,79372573,173,,
3812,2026-09-28T13:07:57,2026-09-28T12:57:20,Force Core(High,178990,357980,2,,
3813,2026-09-28T13:08:20,2026-09-28T12:57:20,Upgrade Core (Ultimate,458800,87172000,190,,
3814,2026-09-28T13:08:25,2026-09-28T12:57:20,"Upgrade Core (Ultimate) if,",458799,917598,2,,
3815,2026-09-28T13:08:44,2026-09-28T12:57:20,Chaos Core,749341,749341,1,,
3816,2026-09-28T13:12:10,2026-09-28T12:57:20,Chaos Core,749477,749477,1,,
3817,2026-09-28T13:12:40,2026-09-28T12:57:20,Yekaterina VIP Membership,124999998,124999998,1,,
3818,2026-09-28T13:16:48,2026-09-28T12:57:20,Chaos Core,749336,749336,1,,
3819,2026-09-28T13:17:24,2026-09-28T12:57:20,Chaos Core,748788,748788,1,,
3820,2026-09-28T13:20:14,2026-09-28T12:57:20,Chaos Core,748114,748114,1,,
3821,2026-09-28T13:23:41,2026-09-28T12:57:20,Upgrade Core (Ultimate,458789,7799413,17,,
3822,2026-09-28T13:25:13,2026-09-28T12:57:20,Chaos Core,718416,718416,1,,
3823,2026-09-28T13:27:39,2026-09-28T12:57:20,Chaos Core,717768,717768,1,,
3824,2026-09-28T13:32:09,2026-09-28T12:57:20,Chaos Core,717713,717713,1,,
3825,2026-09-28T13:32:59,2026-09-28T12:57:20,Chaos Core,717088,717088,1,,
3826,2026-09-28T13:34:10,2026-09-28T12:57:20,Chaos Core,716404,716404,1,,
3827,2026-09-28T13:36:34,2026-09-28T12:57:20,Chaos Core,715213,715213,1,,
3828,2026-09-28T13:41:22,2026-09-28T12:57:20,Chaos Core Set X 174,760571,132339527,174,,
3829,2026-09-28T13:45:10,2026-09-28T12:57:20,Force Core(High,178976,1789760,10,,
3830,2026-09-28T13:46:08,2026-09-28T12:57:20,Chaos Core,748854,748854,1,,
3831,2026-09-28T13:46:42,2026-09-28T12:57:20,Chaos Core,748308,748308,1,,
3832,2026-09-28T13:47:24,2026-09-28T12:57:20,Upgrade Core (Ultimate,458772,108728964,237,,
3833,2026-09-28T13:47:29,2026-09-28T12:57:20,Chaos Core,747637,747637,1,,
3834,2026-09-28T13:51:05,2026-09-28T12:57:20,Chaos Core,745769,745769,1,,
3835,2026-09-28T13:55:40,2026-09-28T12:57:20,Chaos Core,746585,746585,1,,
3836,2026-09-28T13:56:10,2026-09-28T12:57:20,Chaos Core,746027,746027,1,,
3837,2026-09-28T13:56:47,2026-09-28T12:57:20,Chaos Core,719367,719367,1,,
3838,2026-09-28T13:59:26,2026-09-28T12:57:20,Chaos Core,746595,746595,1,,
3839,2026-09-28T14:10:18,2026-09-28T12:57:20,Force Core (Ultimate,379937,1899685,5,,
3840,2026-09-28T14:12:54,2026-09-28T12:57:20,Chaos Core Set X 6,750511,4503066,6,,
3841,2026-09-28T14:18:23,2026-09-28T12:57:20,Chaos Core,728852,728852,1,,
3842,2026-09-28T14:18:53,2026-09-28T12:57:20,Chaos Core,728170,728170,1,,
3843,2026-09-28T14:19:31,2026-09-28T12:57:20,Chaos Core,727498,727498,1,,
3844,2026-09-28T14:20:19,2026-09-28T12:57:20,Upgrade Core (Ultimate,458721,4587210,10,,
3845,2026-09-28T14:21:54,2026-09-28T12:57:20,Chaos Core,726996,726996,1,,
3846,2026-09-28T14:25:23,2026-09-28T12:57:20,Force Core(High,178918,178918,1,,
3847,2026-09-28T14:26:12,2026-09-28T12:57:20,Chaos Core,725713,725713,1,,
3848,2026-09-28T14:37:00,2026-09-28T14:29:14,Force Core(High,178909,894545,5,,
3849,2026-09-28T14:37:20,2026-09-28T14:29:14,Chaos Core,722102,722102,1,,
3850,2026-09-28T14:37:51,2026-09-28T14:29:14,Chaos Core,721411,721411,1,,
3851,2026-09-28T14:38:24,2026-09-28T14:29:14,Chaos Core,720727,720727,1,,
3852,2026-09-28T14:39:05,2026-09-28T14:29:14,Yekaterina VIP Membership,124999998,124999998,1,,
3853,2026-09-28T14:41:22,2026-09-28T14:29:14,Chaos Core,722012,722012,1,,
3854,2026-09-28T14:42:21,2026-09-28T14:29:14,Chaos Core Set X 249,750433,186858065,249,,
3855,2026-09-28T14:45:18,2026-09-28T14:29:14,Force Core(Highest,198689,4967225,25,,
3856,2026-09-28T14:46:15,2026-09-28T14:29:14,Upgrade Core (Ultimate,458698,1376094,3,,
3857,2026-09-28T14:46:32,2026-09-28T14:29:14,Upgrade Core (Ultimate,458697,3210879,7,,
3858,2026-09-28T14:46:36,2026-09-28T14:29:14,Chaos Core,721472,721472,1,,
3859,2026-09-28T14:47:07,2026-09-28T14:29:14,Chaos Core,720895,720895,1,,
3860,2026-09-28T14:47:40,2026-09-28T14:29:14,Chaos Core,720345,720345,1,,
3861,2026-09-28T14:57:38,2026-09-28T14:29:14,Chaos Core,717096,717096,1,,
3862,2026-09-28T15:01:03,2026-09-28T14:29:14,Chaos Core,715947,715947,1,,
3863,2026-09-28T15:01:34,2026-09-28T14:29:14,Chaos Core,715431,715431,1,,
3864,2026-09-28T15:02:54,2026-09-28T14:29:14,Upgrade Core (Ultimate,458685,100910700,220,,
3865,2026-09-28T15:06:26,2026-09-28T14:29:14,Chaos Core Set X 174,750401,130569947,174,,
3866,2026-09-28T15:06:36,2026-09-28T14:29:14,Chaos Core Set X 45,750400,33768044,45,,
3867,2026-09-28T15:09:31,2026-09-28T14:29:14,Upgrade Core (Ultimate,458684,8714996,19,,
3868,2026-09-28T15:09:47,2026-09-28T14:29:14,Upgrade Core (Ultimate),458683,64215620,140,,
3869,2026-09-28T15:11:56,2026-09-28T14:29:14,Chaos Core Set X 198,750399,148579199,198,,
3870,2026-09-28T15:12:07,2026-09-28T14:29:14,Chaos Core Set X 168,750398,126067031,168,,
3871,2026-09-28T15:14:22,2026-09-28T14:29:14,Chaos Core Set X 153,750397,114810893,153,,
3872,2026-09-28T15:16:59,2026-09-28T14:29:14,Chaos Core Set X 54,750396,40521437,54,,
3873,2026-09-28T15:27:18,2026-09-28T14:29:14,Chaos Core,739807,739807,1,,
3874,2026-09-28T15:39:14,2026-09-28T14:29:14,Chaos Core,699467,699467,1,corrected by hand: a Chaos Core sale booked as Upgrade Core (Ultimate) during the 15:34 table drift,
3875,2026-09-28T16:13:08,2026-09-28T16:06:52,Chaos Core Set X 291,731914,214450995,293,,
3876,2026-09-28T16:13:35,2026-09-28T16:06:52,Chaos Core Set X 261,731340,192342645,263,,
3877,2026-09-28T16:17:11,2026-09-28T16:06:52,Force Core (Ultimate,379874,37987400,100,,
3878,2026-09-28T16:19:00,2026-09-28T16:06:52,Chaos Core Set,731394,43883699,60,,
3879,2026-09-28T16:24:20,2026-09-28T16:06:52,Chaos Core,719400,719400,1,,
3880,2026-09-28T16:26:21,2026-09-28T16:06:52,Chaos Core,718115,718115,1,,
3881,2026-09-28T16:26:54,2026-09-28T16:06:52,Chaos Core Set X 249,731388,182115860,249,,
3882,2026-09-28T16:27:33,2026-09-28T16:06:52,Upgrade Core (Ultimate,457944,3205608,7,,
3883,2026-09-28T16:27:38,2026-09-28T16:06:52,Chaos Core,717479,717479,1,,
3884,2026-09-28T16:28:49,2026-09-28T16:06:52,Chaos Core,716833,716833,1,,
3885,2026-09-28T16:33:06,2026-09-28T16:06:52,Chaos Core Set X 39,731375,28523663,39,,
3886,2026-09-28T16:35:23,2026-09-28T16:06:52,Chaos Core Set X 186,731374,136035749,186,,
3887,2026-09-28T16:37:34,2026-09-28T16:06:52,Force Core(Highest,196980,3545640,18,,
3888,2026-09-28T16:37:52,2026-09-28T16:06:52,Chaos Core,725898,725898,1,,
3889,2026-09-28T16:42:00,2026-09-28T16:06:52,Chaos Core,725340,725340,1,,
3890,2026-09-28T16:45:41,2026-09-28T16:06:52,Chaos Core,724138,724138,1,,
3891,2026-09-28T16:46:29,2026-09-28T16:06:52,Chaos Core Set X 162,731366,118481453,162,,
3892,2026-09-28T16:48:20,2026-09-28T16:06:52,Chaos Core Set,731642,58531433,80,,
3893,2026-09-28T16:51:41,2026-09-28T16:06:52,Chaos Core,723618,723618,1,,
3894,2026-09-28T16:52:32,2026-09-28T16:06:52,Chaos Core Set,731357,72404441,99,,
3895,2026-09-28T17:01:00,2026-09-28T16:56:37,Chaos Core,731965,731965,1,,
3896,2026-09-28T17:01:32,2026-09-28T16:56:37,Chaos Core Set X 171,759273,128317202,169,,
3897,2026-09-28T17:01:42,2026-09-28T16:56:37,Chaos Core Set X 30,756576,21940709,29,,
3898,2026-09-28T17:02:37,2026-09-28T16:56:37,Chaos Core,728298,728298,1,,
3899,2026-09-28T17:03:50,2026-09-28T16:56:37,Chaos Core,728250,728250,1,,
3900,2026-09-28T17:05:08,2026-09-28T16:56:37,Chaos Core,728425,728425,1,,
3901,2026-09-28T17:06:52,2026-09-28T16:56:37,Chaos Core Set X 18,750397,13507163,18,,
3902,2026-09-28T17:11:58,2026-09-28T16:56:37,Force Core(High,174915,2973555,17,,
3903,2026-09-28T17:12:03,2026-09-28T16:56:37,Force Core(High,174914,174914,1,,
3904,2026-09-28T17:23:27,2026-09-28T17:15:35,Epic Booster (Highest),47239997,47239997,1,,
3905,2026-09-28T17:25:22,2026-09-28T17:15:35,Force Core (Ultimate,379819,30385520,80,,
3906,2026-09-28T17:25:51,2026-09-28T17:15:35,Force Core (Ultimate,379818,56972700,150,,
3907,2026-09-28T17:25:56,2026-09-28T17:15:35,Chaos Core,755252,755252,1,,
3908,2026-09-28T17:27:13,2026-09-28T17:15:35,Chaos Core,754692,754692,1,,
3909,2026-09-28T17:28:03,2026-09-28T17:15:35,Force Core (Ultimate,379817,68746877,181,,
3910,2026-09-28T17:28:34,2026-09-28T17:15:35,Force Core(High,174999,2974983,17,,
3911,2026-09-28T17:33:57,2026-09-28T17:15:35,Chaos Core,754086,754086,1,,
3912,2026-09-28T17:35:26,2026-09-28T17:15:35,Chaos Core,752916,752916,1,,
3913,2026-09-28T17:35:59,2026-09-28T17:15:35,Chaos Core,755090,755090,1,,
3914,2026-09-28T17:37:18,2026-09-28T17:15:35,Chaos Core,755190,755190,1,,
3915,2026-09-28T17:40:09,2026-09-28T17:15:35,Chaos Core,755133,755133,1,,
3916,2026-09-28T17:41:27,2026-09-28T17:15:35,Force Core(Highest,196921,196921,1,,
3917,2026-09-28T17:42:08,2026-09-28T17:15:35,Chaos Core,755221,755221,1,,
3918,2026-09-28T17:42:50,2026-09-28T17:15:35,Chaos Core,755216,755216,1,,
3919,2026-09-28T17:44:41,2026-09-28T17:15:35,Chaos Core,755156,755156,1,,
3920,2026-09-28T17:46:17,2026-09-28T17:15:35,Upgrade Core (Ultimate,457860,53569620,117,,
3921,2026-09-28T17:47:07,2026-09-28T17:15:35,Force Core(High),178881,357762,2,,
3922,2026-09-28T17:47:40,2026-09-28T17:15:35,Force Core (Ultimate),379996,72959232,192,,
3923,2026-09-28T17:47:57,2026-09-28T17:15:35,Force Core (Ultimate),379995,759990,2,,
3924,2026-09-28T17:48:15,2026-09-28T17:15:35,Force Core (Ultimate),379994,10639832,28,,
3925,2026-09-28T17:51:48,2026-09-28T17:15:35,Chaos Core,755102,755102,1,,
3926,2026-09-28T17:53:40,2026-09-28T17:15:35,Chaos Core,755193,755193,1,,
3927,2026-09-28T17:54:10,2026-09-28T17:15:35,Chaos Core,754544,754544,1,,
3928,2026-09-28T17:56:58,2026-09-28T17:15:35,Chaos Core,754034,754034,1,,
3929,2026-09-28T18:06:15,2026-09-28T17:15:35,Yekaterina VIP Membership,124999998,124999998,1,,
3930,2026-09-28T18:09:16,2026-09-28T17:15:35,Force Core (Ultimate,379986,15199440,40,,
3931,2026-09-28T18:09:34,2026-09-28T17:15:35,Force Core (Ultimate,379985,3419865,9,,
3932,2026-09-28T18:09:51,2026-09-28T17:15:35,Chaos Core Set,760697,107258417,141,,
3933,2026-09-28T18:10:21,2026-09-28T17:15:35,Chaos Core Set,760688,150616421,198,,
3934,2026-09-28T18:11:01,2026-09-28T17:15:35,Chaos Core Set,760683,198538523,261,,
3935,2026-09-28T18:11:31,2026-09-28T17:15:35,Chaos Core Set,760681,130076621,171,,
3936,2026-09-28T18:21:47,2026-09-28T17:15:35,Upgrade Core (Ultimate,457823,5951699,13,,
3937,2026-09-28T18:41:45,2026-09-28T17:15:35,Force Core(Highest,196880,7875200,40,,
3938,2026-09-28T18:49:58,2026-09-28T18:45:31,Chaos Core,734810,734810,1,,
3939,2026-09-28T18:51:21,2026-09-28T18:45:31,Chaos Core,734187,734187,1,,
3940,2026-09-28T18:51:55,2026-09-28T18:45:31,Chaos Core,733657,733657,1,,
3941,2026-09-28T18:53:03,2026-09-28T18:45:31,Chaos Core,735318,735318,1,,
3942,2026-09-28T18:54:26,2026-09-28T18:45:31,Force Core(High,172997,34599400,200,,
3943,2026-09-28T18:55:35,2026-09-28T18:45:31,Chaos Core Set X 18,760708,13692761,18,,
3944,2026-09-28T19:36:09,2026-09-28T19:31:48,Chaos Core,769325,769325,1,,
3945,2026-09-28T19:37:28,2026-09-28T19:31:48,Chaos Core,768648,768648,1,,
3946,2026-09-28T19:38:03,2026-09-28T19:31:48,Chaos Core,768088,768088,1,,
3947,2026-09-28T19:39:06,2026-09-28T19:31:48,Chaos Core,767468,767468,1,,
3948,2026-09-28T19:44:08,2026-09-28T19:31:48,Chaos Core,766492,766492,1,,
3949,2026-09-28T19:46:44,2026-09-28T19:31:48,Upgrade Core (Ultimate,457765,36621200,80,,
3950,2026-09-28T19:50:03,2026-09-28T19:31:48,Chaos Core,764492,764492,1,,
3951,2026-09-28T19:51:15,2026-09-28T19:31:48,Chaos Core,763952,763952,1,,
3952,2026-09-28T19:51:46,2026-09-28T19:31:48,Chaos Core,763322,763322,1,,
3953,2026-09-28T19:54:00,2026-09-28T19:31:48,Chaos Core,762739,762739,1,,
3954,2026-09-28T19:58:15,2026-09-28T19:31:48,Chaos Core,762073,762073,1,,
3955,2026-09-28T19:59:27,2026-09-28T19:31:48,Chaos Core,729446,729446,1,,
3956,2026-09-28T19:59:59,2026-09-28T19:31:48,Chaos Core,728926,728926,1,,
3957,2026-09-28T20:01:01,2026-09-28T19:31:48,Chaos Core,762178,762178,1,,
3958,2026-09-28T20:05:15,2026-09-28T19:31:48,Chaos Core,761544,761544,1,,
3959,2026-09-28T20:06:26,2026-09-28T19:31:48,Chaos Core,762052,762052,1,,
3960,2026-09-28T20:07:00,2026-09-28T19:31:48,Chaos Core,761467,761467,1,,
3961,2026-09-28T20:11:07,2026-09-28T19:31:48,Chaos Core,760986,760986,1,,
3962,2026-09-28T20:12:22,2026-09-28T19:31:48,Chaos Core,760331,760331,1,,
3963,2026-09-28T20:12:56,2026-09-28T19:31:48,Chaos Core,759636,759636,1,,
3964,2026-09-28T20:14:01,2026-09-28T19:31:48,Chaos Core,749327,749327,1,,
3965,2026-09-28T20:16:07,2026-09-28T19:31:48,Force Core (Ultimate,379911,379911,1,,
3966,2026-09-28T20:18:58,2026-09-28T19:31:48,Chaos Core,749372,749372,1,,
3967,2026-09-28T20:22:40,2026-09-28T19:31:48,Force Core (Ultimate,379910,7598200,20,,
3968,2026-09-28T20:26:24,2026-09-28T19:31:48,Force Core(Highest,196802,18105784,92,,
3969,2026-09-28T20:26:51,2026-09-28T19:31:48,Chaos Core,747067,747067,1,,
3970,2026-09-28T20:27:23,2026-09-28T19:31:48,Chaos Core,746465,746465,1,,
3971,2026-09-28T20:28:21,2026-09-28T19:31:48,Chaos Core,745836,745836,1,,
3972,2026-09-28T20:48:19,2026-09-28T19:31:48,Chaos Core,736252,6626268,9,,
3973,2026-09-28T20:53:54,2026-09-28T19:31:48,Chaos Core,733211,2199633,3,,
3974,2026-09-28T20:54:22,2026-09-28T19:31:48,Chaos Core Set X 192,760643,146043647,192,,
3975,2026-09-28T20:55:50,2026-09-28T19:31:48,Chaos Core Set X 24,760642,18255431,24,,
3976,2026-09-28T21:00:43,2026-09-28T19:31:48,Force Core (Ultimate,379877,3798770,10,,
3977,2026-09-28T21:01:10,2026-09-28T19:31:48,Chaos Core Set X 18,760636,13691465,18,,
3978,2026-09-28T21:14:28,2026-09-28T19:31:48,Epic Booster (Highest),47239997,94479994,2,,
3979,2026-09-28T21:22:33,2026-09-28T19:31:48,Force Core (Ultimate,379854,11395620,30,,
3980,2026-09-28T21:22:59,2026-09-28T19:31:48,Chaos Core Set X 24,760584,18254039,24,,
3981,2026-09-28T21:24:56,2026-09-28T19:31:48,Chaos Core Set X 168,760580,127777607,168,,
3982,2026-09-28T21:26:09,2026-09-28T19:31:48,Chaos Core Set X 69,760579,52480019,69,,
3983,2026-09-28T21:28:50,2026-09-28T19:31:48,Epic Booster (Highest),47239997,236199985,5,,
3984,2026-09-28T21:29:06,2026-09-28T19:31:48,Chaos Core,719405,719405,1,,
3985,2026-09-28T21:30:19,2026-09-28T19:31:48,Chaos Core,718884,718884,1,,
3986,2026-09-28T21:38:19,2026-09-28T19:31:48,Chaos Core,718219,718219,1,,
3987,2026-09-28T21:49:41,2026-09-28T21:43:24,Yekaterina VIP Membership,124999998,124999998,1,,
3988,2026-09-28T21:54:06,2026-09-28T21:43:24,Upgrade Core (Ultimate),457682,6865230,15,,
3989,2026-09-28T21:54:21,2026-09-28T21:43:24,Chaos Core,717570,717570,1,,
3990,2026-09-28T21:55:05,2026-09-28T21:43:24,Upgrade Core (Ultimate,457680,2288400,5,,
3991,2026-09-28T21:55:10,2026-09-28T21:43:24,Upgrade Core (Ultimate,457679,2288395,5,,
3992,2026-09-28T21:55:53,2026-09-28T21:43:24,Force Core (Ultimate,379851,8736573,23,,
3993,2026-09-28T21:56:25,2026-09-28T21:43:24,Chaos Core Set X 200,760576,152115399,200,,
3994,2026-09-28T22:01:20,2026-09-28T21:43:24,Chaos Core,711471,711471,1,,
3995,2026-09-28T22:02:24,2026-09-28T21:43:24,Chaos Core,710783,710783,1,,
3996,2026-09-28T22:02:55,2026-09-28T21:43:24,Chaos Core,710273,710273,1,,
3997,2026-09-28T22:03:53,2026-09-28T21:43:24,Chaos Core,709723,709723,1,,
3998,2026-09-28T22:06:08,2026-09-28T21:43:24,Chaos Core Set X 102,760573,77578547,102,,
3999,2026-09-28T22:09:21,2026-09-28T21:43:24,Chaos Core,744484,744484,1,,
4000,2026-09-28T22:10:25,2026-09-28T21:43:24,Chaos Core,743862,743862,1,,
4001,2026-09-28T22:10:57,2026-09-28T21:43:24,Chaos Core,743195,743195,1,,
4002,2026-09-28T22:11:53,2026-09-28T21:43:24,Chaos Core,742529,742529,1,,
4003,2026-09-28T22:15:55,2026-09-28T21:43:24,Chaos Core,744451,744451,1,,
4004,2026-09-28T22:17:00,2026-09-28T21:43:24,Chaos Core,743899,743899,1,,
4005,2026-09-28T22:17:53,2026-09-28T21:43:24,Upgrade Core (Ultimate,457667,7322672,16,,
4006,2026-09-28T22:21:50,2026-09-28T21:43:24,Chaos Core,742167,742167,1,,
4007,2026-09-28T22:22:58,2026-09-28T21:43:24,Chaos Core,741471,741471,1,,
4008,2026-09-28T22:23:30,2026-09-28T21:43:24,Chaos Core,740903,740903,1,,
4009,2026-09-28T22:24:32,2026-09-28T21:43:24,Chaos Core,742070,742070,1,,
4010,2026-09-28T22:44:14,2026-09-28T22:38:31,Chaos Core,742044,742044,1,,
4011,2026-09-28T22:44:57,2026-09-28T22:38:31,Force Core(Highest,196696,1966960,10,,
4012,2026-09-28T22:45:12,2026-09-28T22:38:31,Force Core(Highest,196695,4720680,24,,
4013,2026-09-28T22:45:17,2026-09-28T22:38:31,Chaos Core,742810,742810,1,,
4014,2026-09-28T22:53:33,2026-09-28T22:38:31,Chaos Core Set X 105,737971,78225000,106,,
4015,2026-09-28T22:57:58,2026-09-28T22:38:31,Upgrade Core (Ultimate,457683,68194767,149,,
4016,2026-09-28T23:03:15,2026-09-28T22:38:31,Force Core(High,172998,3459960,20,"corrected by hand: the balance misread as 826,877 instead of 99,826,877 made 20 units look like 592",
4017,2026-09-28T23:04:28,2026-09-28T22:38:31,Chaos Core Set X 222,740504,164392109,222,,
4018,2026-09-28T23:09:00,2026-09-28T22:38:31,Force Core(Highest,196671,4523433,23,,
4019,2026-09-28T23:09:05,2026-09-28T22:38:31,Force Core(Highest,196670,15143590,77,,
4020,2026-09-28T23:18:44,2026-09-28T22:38:31,Force Core (Ultimate,379822,72166180,190,,
4021,2026-09-28T23:21:23,2026-09-28T22:38:31,Chaos Core,699573,699573,1,,
4022,2026-09-28T23:22:21,2026-09-28T22:38:31,Force Core (Ultimate,379821,3798210,10,,
4023,2026-09-28T23:26:49,2026-09-28T22:38:31,Force Core(High,172998,6919920,40,,
4024,2026-09-28T23:28:02,2026-09-28T22:38:31,Chaos Core Set X 147,739124,107912111,146,,
4025,2026-09-28T23:32:24,2026-09-28T22:38:31,Chaos Core,696967,696967,1,,
4026,2026-09-28T23:32:57,2026-09-28T22:38:31,Chaos Core,696388,696388,1,,
4027,2026-09-28T23:33:31,2026-09-28T22:38:31,Chaos Core,695749,695749,1,,
4028,2026-09-28T23:34:16,2026-09-28T22:38:31,Chaos Core,695153,695153,1,,
4029,2026-09-28T23:35:05,2026-09-28T22:38:31,Force Core(High,172998,5362938,31,,
4030,2026-09-28T23:39:49,2026-09-28T22:38:31,Chaos Core,718334,718334,1,,
4031,2026-09-28T23:40:54,2026-09-28T22:38:31,Chaos Core,717823,717823,1,,
4032,2026-09-28T23:41:28,2026-09-28T22:38:31,Force Core(High,172998,5189940,30,,
4033,2026-09-28T23:43:36,2026-09-28T22:38:31,Upgrade Core (Ultimate),457669,5492028,12,,
4034,2026-09-28T23:45:16,2026-09-28T22:38:31,Chaos Core,717323,717323,1,,
4035,2026-09-28T23:45:48,2026-09-28T22:38:31,Chaos Core,716674,716674,1,,
4036,2026-09-28T23:46:21,2026-09-28T22:38:31,Chaos Core,719454,719454,1,,
4037,2026-09-28T23:47:06,2026-09-28T22:38:31,Chaos Core,718901,718901,1,,
4038,2026-09-28T23:52:05,2026-09-28T22:38:31,Chaos Core,721091,721091,1,,
4039,2026-09-28T23:53:36,2026-09-28T22:38:31,Force Core(High,172998,2075976,12,,
4040,2026-09-28T23:55:10,2026-09-28T22:38:31,Force Core (Ultimate,379805,37980500,100,,
4041,2026-09-28T23:57:23,2026-09-28T22:38:31,Chaos Core,719250,719250,1,,
4042,2026-09-28T23:57:54,2026-09-28T22:38:31,Chaos Core,718676,718676,1,,
4043,2026-09-28T23:58:27,2026-09-28T22:38:31,Chaos Core,718071,718071,1,,
4044,2026-09-28T23:59:14,2026-09-28T22:38:31,Chaos Core,717521,717521,1,,
4045,2026-09-29T00:02:50,2026-09-28T22:38:31,Force Core (Ultimate,379803,3038424,8,,
4046,2026-09-29T00:03:54,2026-09-28T22:38:31,Chaos Core Set X 129,739800,94694513,128,,
4047,2026-09-29T00:06:13,2026-09-28T22:38:31,Force Core (Ultimate,379802,56970300,150,,
4048,2026-09-29T00:06:18,2026-09-28T22:38:31,Force Core (Ultimate,379801,12913234,34,,
4049,2026-09-29T00:09:20,2026-09-28T22:38:31,Chaos Core,716729,716729,1,,
4050,2026-09-29T00:09:53,2026-09-28T22:38:31,Chaos Core,716129,716129,1,,
4051,2026-09-29T00:12:46,2026-09-28T22:38:31,Chaos Core,715477,715477,1,,
4052,2026-09-29T00:13:30,2026-09-28T22:38:31,Chaos Core,714975,714975,1,,
4053,2026-09-29T00:15:47,2026-09-28T22:38:31,Force Core (Ultimate),379827,49377510,130,,
4054,2026-09-29T00:20:01,2026-09-28T22:38:31,Chaos Core,698234,698234,1,,
4055,2026-09-29T00:20:34,2026-09-28T22:38:31,Chaos Core,697569,697569,1,,
4056,2026-09-29T00:21:07,2026-09-28T22:38:31,Chaos Core,696892,696892,1,,
4057,2026-09-29T00:21:52,2026-09-28T22:38:31,Chaos Core,696383,696383,1,,
4058,2026-09-29T00:22:35,2026-09-28T22:38:31,Force Core(High,172998,1210986,7,,
4059,2026-09-29T00:24:08,2026-09-28T22:38:31,Force Core (Ultimate,379827,6457059,17,,
4060,2026-09-29T00:32:18,2026-09-28T22:38:31,Force Core (Ultimate,379827,4557924,12,,
4061,2026-09-29T00:39:12,2026-09-29T00:38:02,Force Core(High,172996,22489480,130,,
4062,2026-09-29T00:39:17,2026-09-29T00:38:02,Force Core(High,172995,15915540,92,,
4063,2026-09-29T00:39:36,2026-09-29T00:38:02,Force Core(High,172994,172994,1,,
4064,2026-09-29T00:39:41,2026-09-29T00:38:02,Force Core(Highest,207969,1455783,7,,
4065,2026-09-29T00:47:23,2026-09-29T00:40:28,Chaos Core,714310,714310,1,,
4066,2026-09-29T00:52:08,2026-09-29T00:40:28,Chaos Core,714328,714328,1,,
4067,2026-09-29T00:52:40,2026-09-29T00:40:28,Chaos Core,714452,714452,1,,
4068,2026-09-29T00:53:12,2026-09-29T00:40:28,Chaos Core,713905,713905,1,,
4069,2026-09-29T00:56:24,2026-09-29T00:40:28,Force Core(Highest,207966,2287626,11,,
4070,2026-09-29T00:58:29,2026-09-29T00:40:28,Chaos Core,720131,720131,1,,
4071,2026-09-29T00:59:01,2026-09-29T00:40:28,Chaos Core,719522,719522,1,,
4072,2026-09-29T00:59:48,2026-09-29T00:40:28,Chaos Core,718948,718948,1,,
4073,2026-09-29T01:00:19,2026-09-29T00:40:28,Upgrade Core (Ultimate,457659,8695521,19,,
4074,2026-09-29T01:00:47,2026-09-29T00:40:28,Force Core(Highest,207965,21836325,105,,
4075,2026-09-29T01:13:28,2026-09-29T00:40:28,Force Core(Highest,207953,1455671,7,,
4076,2026-09-29T01:13:47,2026-09-29T00:40:28,Force Core(Highest,207952,207952,1,,
4077,2026-09-29T01:20:46,2026-09-29T00:40:28,Chaos Core,712953,712953,1,,
4078,2026-09-29T01:21:17,2026-09-29T00:40:28,Chaos Core,712407,712407,1,,
4079,2026-09-29T01:35:38,2026-09-29T00:40:28,Chaos Core,705631,705631,1,,
4080,2026-09-29T01:36:10,2026-09-29T00:40:28,Chaos Core,705002,705002,1,,
4081,2026-09-29T01:36:44,2026-09-29T00:40:28,Chaos Core,704417,704417,1,,
4082,2026-09-29T01:37:29,2026-09-29T00:40:28,Chaos Core,703802,703802,1,,
4083,2026-09-29T01:51:37,2026-09-29T00:40:28,Epic Booster (Highest),47239997,566879964,12,,
4084,2026-09-29T01:51:54,2026-09-29T00:40:28,Chaos Core,714554,714554,1,,
4085,2026-09-29T01:52:27,2026-09-29T00:40:28,Chaos Core,713878,713878,1,,
4086,2026-09-29T01:53:01,2026-09-29T00:40:28,Chaos Core,713248,713248,1,,
4087,2026-09-29T01:53:47,2026-09-29T00:40:28,Chaos Core,712567,712567,1,,
4088,2026-09-28T15:38:00,2026-09-28T14:29:14,Chaos Core,733791,733791,1,added by hand: collected at 15:38 during the 15:34 table drift but never booked,
4089,2026-09-29T01:58:11,2026-09-29T00:40:28,Chaos Core,720043,720043,1,,
4090,2026-09-29T01:58:43,2026-09-29T00:40:28,Chaos Core,720088,720088,1,,
4091,2026-09-29T01:59:21,2026-09-29T00:40:28,Chaos Core,719984,719984,1,,
4092,2026-09-29T02:04:14,2026-09-29T00:40:28,Chaos Core,719460,719460,1,,
4093,2026-09-29T02:04:45,2026-09-29T00:40:28,Chaos Core,718939,718939,1,,
4094,2026-09-29T02:05:19,2026-09-29T00:40:28,Chaos Core,718317,718317,1,,
4095,2026-09-29T02:06:11,2026-09-29T00:40:28,Chaos Core,717790,717790,1,,
4096,2026-09-29T02:16:40,2026-09-29T02:11:31,Chaos Core,718259,718259,1,,733847
4097,2026-09-29T02:17:11,2026-09-29T02:11:31,Chaos Core,717608,717608,1,,733847
4098,2026-09-29T02:19:11,2026-09-29T02:11:31,Chaos Core,721210,721210,1,,721724
4099,2026-09-29T02:19:42,2026-09-29T02:11:31,Chaos Core,721053,721053,1,,721724
4100,2026-09-29T02:20:17,2026-09-29T02:11:31,Chaos Core,721029,721029,1,,733847
4101,2026-09-29T02:21:03,2026-09-29T02:11:31,Chaos Core,721215,721215,1,,733847
4102,2026-09-29T02:22:56,2026-09-29T02:11:31,Upgrade Core (Ultimate,457527,457527,1,,445066
4103,2026-09-29T02:23:14,2026-09-29T02:11:31,Upgrade Core (Ultimate,457525,457525,1,,445066
4104,2026-09-29T02:26:56,2026-09-29T02:11:31,Chaos Core,718922,718922,1,,720000
4105,2026-09-29T02:27:28,2026-09-29T02:11:31,Chaos Core,718253,718253,1,,719454
4106,2026-09-29T02:42:36,2026-09-29T02:11:31,Upgrade Core (Ultimate,457499,82349820,180,,80111880
4107,2026-09-29T02:47:53,2026-09-29T02:11:31,Upgrade Core (Ultimate,457492,82348560,180,,80111880
4108,2026-09-29T02:51:23,2026-09-29T02:11:31,Upgrade Core (Ultimate,457485,78687420,172,,76551352
4109,2026-09-29T02:57:15,2026-09-29T02:11:31,Chaos Core,705191,705191,1,,720000
4110,2026-09-29T02:57:46,2026-09-29T02:11:31,Chaos Core,704595,704595,1,,717730
4111,2026-09-29T02:58:21,2026-09-29T02:11:31,Chaos Core,703989,703989,1,,715999
4112,2026-09-29T02:59:09,2026-09-29T02:11:31,Chaos Core,703416,703416,1,,719454
4113,2026-09-29T03:01:52,2026-09-29T02:11:31,Upgrade Core (Ultimate,457474,22873700,50,,22253300
4114,2026-09-29T03:20:42,2026-09-29T02:11:31,Chaos Core,695503,695503,1,,703416
4115,2026-09-29T03:21:18,2026-09-29T02:11:31,Chaos Core,694941,694941,1,,703416
4116,2026-09-29T03:22:19,2026-09-29T02:11:31,Chaos Core,693675,693675,1,,702223
4117,2026-09-29T03:35:46,2026-09-29T03:28:47,Chaos Core,693776,693776,1,,733646
4118,2026-09-29T03:36:18,2026-09-29T03:28:47,Chaos Core,693230,693230,1,,733646
4119,2026-09-29T03:36:51,2026-09-29T03:28:47,Chaos Core,692587,692587,1,,733646
4120,2026-09-29T03:37:37,2026-09-29T03:28:47,Chaos Core,691955,691955,1,,733646
4121,2026-09-29T03:45:09,2026-09-29T03:28:47,Force Core (Ultimate,379694,3417246,9,,3178125
4122,2026-09-29T04:13:58,2026-09-29T03:28:47,Chaos Core,687459,687459,1,,703416
4123,2026-09-29T04:19:10,2026-09-29T03:28:47,Chaos Core,686210,686210,1,,703416
4124,2026-09-29T04:19:41,2026-09-29T03:28:47,Chaos Core,685592,685592,1,,703416
4125,2026-09-29T04:20:14,2026-09-29T03:28:47,Chaos Core,685083,685083,1,,699998
4126,2026-09-29T04:20:59,2026-09-29T03:28:47,Chaos Core,684503,684503,1,,703416
4127,2026-09-29T04:36:09,2026-09-29T03:28:47,Chaos Core,698097,698097,1,,703416
4128,2026-09-29T04:41:39,2026-09-29T03:28:47,Chaos Core,695734,695734,1,,696375
4129,2026-09-29T04:42:10,2026-09-29T03:28:47,Chaos Core,695150,695150,1,,703416
4130,2026-09-29T04:42:45,2026-09-29T03:28:47,Chaos Core,694573,694573,1,,703416
4131,2026-09-29T04:43:30,2026-09-29T03:28:47,Chaos Core,694060,694060,1,,703416
4132,2026-09-29T04:51:43,2026-09-29T03:28:47,Upgrade Core (Ultimate,456939,913878,2,,890132
4133,2026-09-29T05:03:57,2026-09-29T03:28:47,Chaos Core,685975,685975,1,,694060
4134,2026-09-29T05:04:31,2026-09-29T03:28:47,Chaos Core,685465,685465,1,,694060
4135,2026-09-29T05:09:55,2026-09-29T03:28:47,Chaos Core,683809,683809,1,,700000
4136,2026-09-29T05:10:28,2026-09-29T03:28:47,Chaos Core,683249,683249,1,,700000
4137,2026-09-29T05:11:01,2026-09-29T03:28:47,Chaos Core,682598,682598,1,,694060
4138,2026-09-29T05:11:49,2026-09-29T03:28:47,Chaos Core,681993,681993,1,,694060
4139,2026-09-29T05:19:13,2026-09-29T03:28:47,Force Core (Ultimate,379554,20875470,55,,19421875
4140,2026-09-29T05:22:11,2026-09-29T03:28:47,Chaos Core,711585,711585,1,,715999
4141,2026-09-29T05:22:57,2026-09-29T03:28:47,Chaos Core,710997,710997,1,,714000
4142,2026-09-29T05:26:20,2026-09-29T03:28:47,Upgrade Core (Ultimate,456877,25585112,56,,24923696
4143,2026-09-29T05:27:45,2026-09-29T03:28:47,Epic Booster (Highest),47239997,94479994,2,,93611110
4144,2026-09-29T05:29:43,2026-09-29T03:28:47,Chaos Core,710316,710316,1,,713340
4145,2026-09-29T05:30:33,2026-09-29T03:28:47,Chaos Core,709676,709676,1,,715999
4146,2026-09-29T05:33:10,2026-09-29T03:28:47,Force Core(Highest,204834,3891846,19,,3979721
4147,2026-09-29T05:34:07,2026-09-29T03:28:47,Force Core(Highest,204829,17820123,87,,18222933
4148,2026-09-29T05:40:14,2026-09-29T03:28:47,Chaos Core,707810,707810,1,,715999
4149,2026-09-29T05:40:54,2026-09-29T03:28:47,Chaos Core,700602,700602,1,,715999
4150,2026-09-29T05:41:27,2026-09-29T03:28:47,Chaos Core,699965,699965,1,,718000
4151,2026-09-29T05:44:16,2026-09-29T03:28:47,Chaos Core,699285,699285,1,,719454
4152,2026-09-29T05:46:00,2026-09-29T03:28:47,Force Core(Highest,204822,409644,2,,418918
4153,2026-09-29T05:54:19,2026-09-29T03:28:47,Chaos Core,715349,715349,1,,720000
4154,2026-09-29T05:54:51,2026-09-29T03:28:47,Chaos Core,714789,714789,1,,720000
4155,2026-09-29T05:55:24,2026-09-29T03:28:47,Chaos Core,714236,714236,1,,720000
4156,2026-09-29T05:58:18,2026-09-29T03:28:47,Chaos Core,713634,713634,1,,718257
4157,2026-09-29T06:01:19,2026-09-29T03:28:47,Force Core(Highest),204951,23569365,115,,22646375
4158,2026-09-29T06:02:38,2026-09-29T03:28:47,Epic Booster (Highest),47239997,47239997,1,,46805555
4159,2026-09-29T06:12:18,2026-09-29T03:28:47,Epic Booster (Highest),47239997,94479994,2,,93611110
4160,2026-09-29T06:12:33,2026-09-29T03:28:47,Chaos Core,708334,708334,1,,716013
4161,2026-09-29T06:13:04,2026-09-29T03:28:47,Chaos Core,707720,707720,1,,716013
4162,2026-09-29T06:13:37,2026-09-29T03:28:47,Chaos Core,707205,707205,1,,716013
4163,2026-09-29T06:14:23,2026-09-29T03:28:47,Chaos Core,706694,706694,1,,713511
4164,2026-09-29T06:24:58,2026-09-29T03:28:47,Epic Booster (Highest),47239997,47239997,1,,46805555
4165,2026-09-29T06:35:53,2026-09-29T03:28:47,Chaos Core,703422,703422,1,,709000
4166,2026-09-29T06:36:25,2026-09-29T03:28:47,Chaos Core,702845,702845,1,,709000
4167,2026-09-29T06:36:57,2026-09-29T03:28:47,Chaos Core,702316,702316,1,,709000
4168,2026-09-29T06:37:44,2026-09-29T03:28:47,Chaos Core,701784,701784,1,,707174
4169,2026-09-29T06:40:23,2026-09-29T03:28:47,Upgrade Core (Ultimate,456735,22836750,50,,22253300
4170,2026-09-29T06:40:39,2026-09-29T03:28:47,Upgrade Core (Ultimate,456734,18269360,40,,17802640
4171,2026-09-29T06:41:10,2026-09-29T03:28:47,Force Core(Highest,204961,614883,3,,590775
4172,2026-09-29T06:45:27,2026-09-29T03:28:47,Upgrade Core (Ultimate,456726,41105340,90,,40055940
4173,2026-09-29T06:45:43,2026-09-29T03:28:47,Upgrade Core (Ultimate,456725,63941500,140,,62309240
4174,2026-09-29T06:45:59,2026-09-29T03:28:47,Upgrade Core (Ultimate,456724,18268960,40,,17802640
4175,2026-09-29T06:53:52,2026-09-29T03:28:47,Chaos Core Set X 171,719654,123060834,171,,118324305
4176,2026-09-29T06:54:16,2026-09-29T03:28:47,Chaos Core Set X 288,719654,207260352,288,,199283040
4177,2026-09-29T06:54:26,2026-09-29T03:28:47,Chaos Core Set X 289,719654,207980006,289,,199974995
4178,2026-09-29T06:54:37,2026-09-29T03:28:47,Chaos Core Set X 198,719654,142491492,198,,137007090
4179,2026-09-29T06:54:48,2026-09-29T03:28:47,Chaos Core Set X 186,719654,133855644,186,,128703630
4180,2026-09-29T06:58:13,2026-09-29T03:28:47,Chaos Core,712449,712449,1,,720000
4181,2026-09-29T06:58:43,2026-09-29T03:28:47,Chaos Core,711880,711880,1,,720000
4182,2026-09-29T06:59:22,2026-09-29T03:28:47,Chaos Core,711314,711314,1,,720000
4183,2026-09-29T07:00:07,2026-09-29T03:28:47,Chaos Core,710807,710807,1,,720000
4184,2026-09-29T07:04:35,2026-09-29T03:28:47,Epic Booster (Highest),49858994,199435976,4,,187222220
4185,2026-09-29T07:06:08,2026-09-29T03:28:47,Chaos Core,721089,721089,1,,721724
4186,2026-09-29T07:06:41,2026-09-29T03:28:47,Chaos Core,720440,720440,1,,721724
4187,2026-09-29T07:07:20,2026-09-29T03:28:47,Chaos Core,719757,719757,1,,721724
4188,2026-09-29T07:08:12,2026-09-29T03:28:47,Chaos Core,719061,719061,1,,721724
4189,2026-09-29T07:15:51,2026-09-29T03:28:47,Chaos Core Set X 877,719654,631136558,877,,606844535
4190,2026-09-29T09:00:08,2026-09-29T08:53:34,Epic Booster (Highest),49858994,49858994,1,,46805555
4191,2026-09-29T09:02:17,2026-09-29T08:53:34,Chaos Core,711964,711964,1,,733742
4192,2026-09-29T09:02:59,2026-09-29T08:53:34,Chaos Core,721722,721722,1,,733742
4193,2026-09-29T09:20:14,2026-09-29T08:53:34,Chaos Core,712569,712569,1,,733742
4194,2026-09-29T09:20:46,2026-09-29T08:53:34,Yekaterina VIP Membership,124999998,124999998,1,,112333333
4195,2026-09-29T09:21:31,2026-09-29T08:53:34,Chaos Core,712019,712019,1,,733742
4196,2026-09-29T09:28:56,2026-09-29T08:53:34,Force Core(Highest,198132,3962640,20,,3862420
4197,2026-09-29T09:29:56,2026-09-29T08:53:34,Force Core(High,179020,8951000,50,,8360950
4198,2026-09-29T09:37:18,2026-09-29T08:53:34,Force Core(Highest,198123,3962460,20,,3862420
4199,2026-09-29T09:40:33,2026-09-29T08:53:34,Epic Booster (Highest),49858994,199435976,4,,187222220
4200,2026-09-29T09:42:11,2026-09-29T08:53:34,Chaos Core,714357,714357,1,,721724
4201,2026-09-29T09:42:44,2026-09-29T08:53:34,Chaos Core,713771,713771,1,,721724
4202,2026-09-29T09:43:21,2026-09-29T08:53:34,Chaos Core,713088,713088,1,,719346
4203,2026-09-29T09:43:56,2026-09-29T08:53:34,Yekaterina VIP Membership,124999998,124999998,1,,112333333
4204,2026-09-29T09:45:34,2026-09-29T08:53:34,Chaos Core,712439,712439,1,,718079
4205,2026-09-29T09:48:17,2026-09-29T08:53:34,Force Core(High,179003,25955435,145,,24246755
4206,2026-09-29T09:51:50,2026-09-29T08:53:34,Chaos Core,714347,714347,1,,715000
4207,2026-09-29T09:53:15,2026-09-29T08:53:34,Chaos Core,712443,712443,1,,715000
4208,2026-09-29T09:55:33,2026-09-29T08:53:34,Chaos Core,712538,712538,1,,719346
4209,2026-09-29T09:58:30,2026-09-29T08:53:34,Force Core(Highest,198107,990535,5,,965605
4210,2026-09-29T09:58:35,2026-09-29T08:53:34,Force Core(Highest,198106,792424,4,,772484
4211,2026-09-29T10:00:18,2026-09-29T08:53:34,Force Core(High),178995,31324125,175,,29262975
4212,2026-09-29T10:00:32,2026-09-29T08:53:34,Force Core(High),178993,9665622,54,,9029718
4213,2026-09-29T10:02:50,2026-09-29T08:53:34,Chaos Core,710137,710137,1,,715099
4214,2026-09-29T10:03:33,2026-09-29T08:53:34,Chaos Core,709589,709589,1,,715000
4215,2026-09-29T10:04:18,2026-09-29T08:53:34,Chaos Core,708999,708999,1,,715000
4216,2026-09-29T10:05:02,2026-09-29T08:53:34,Chaos Core,708415,708415,1,,719346
4217,2026-09-29T10:05:59,2026-09-29T08:53:34,Force Core (Ultimate,355544,35554400,100,,34177200
4218,2026-09-29T10:06:15,2026-09-29T08:53:34,Force Core (Ultimate,355544,17777200,50,,17088600
4219,2026-09-29T10:06:29,2026-09-29T08:53:34,Upgrade Core (Ultimate,456559,59352670,130,,54654600
4220,2026-09-29T10:07:21,2026-09-29T08:53:34,Force Core(High,178990,31681230,177,,29597763
4221,2026-09-29T10:07:35,2026-09-29T08:53:34,Force Core(High,178989,32218020,180,,30099420
4222,2026-09-29T10:07:40,2026-09-29T08:53:34,Chaos Core Set X 243,733656,178278650,243,,175378932
4223,2026-09-29T10:08:04,2026-09-29T08:53:34,Chaos Core Set X 276,733655,202489055,276,,199178160
4224,2026-09-29T10:10:23,2026-09-29T08:53:34,Chaos Core Set X 312,733656,228900983,312,,224837808
4225,2026-09-29T10:10:42,2026-09-29T08:53:34,Chaos Core Set X 240,733655,176077439,240,,173074080
4226,2026-09-29T10:11:24,2026-09-29T08:53:34,Chaos Core Set X 336,733654,246508079,336,,241920000
4227,2026-09-29T10:11:45,2026-09-29T08:53:34,Chaos Core Set X 231,733653,169474073,231,,166320000
4228,2026-09-29T10:15:27,2026-09-29T08:53:34,Chaos Core,714564,714564,1,,725000
4229,2026-09-29T10:16:17,2026-09-29T08:53:34,Chaos Core,713869,713869,1,,721809
4230,2026-09-29T10:17:04,2026-09-29T08:53:34,Chaos Core,713238,713238,1,,714564
4231,2026-09-29T10:18:00,2026-09-29T08:53:34,Chaos Core,712684,712684,1,,721724
4232,2026-09-29T10:18:50,2026-09-29T08:53:34,Force Core (Ultimate,355544,18488288,52,,17772144
4233,2026-09-29T10:18:55,2026-09-29T08:53:34,Force Core (Ultimate,355544,711088,2,,683544
4234,2026-09-29T10:20:04,2026-09-29T08:53:34,Chaos Core Set,733648,110047349,150,,108090450
4235,2026-09-29T10:20:14,2026-09-29T08:53:34,Chaos Core Set,733650,37416200,51,,36747489
4236,2026-09-29T10:20:59,2026-09-29T08:53:34,Force Core(High,178987,13424025,75,,12541275
4237,2026-09-29T10:21:05,2026-09-29T08:53:34,Force Core(Highest),198097,47939474,242,,44000198
4238,2026-09-29T10:25:09,2026-09-29T08:53:34,Chaos Core,719873,719873,1,,721724
4239,2026-09-29T10:25:39,2026-09-29T08:53:34,Chaos Core,719299,719299,1,,721724
4240,2026-09-29T10:26:20,2026-09-29T08:53:34,Chaos Core,718752,718752,1,,721724
4241,2026-09-29T10:27:09,2026-09-29T08:53:34,Chaos Core,721082,721082,1,,721724
4242,2026-09-29T10:27:49,2026-09-29T08:53:34,Force Core (Ultimate,355544,2488808,7,,2392404
4243,2026-09-29T10:31:47,2026-09-29T08:53:34,Epic Booster (Highest),49858993,199435972,4,,187222220
4244,2026-09-29T10:36:11,2026-09-29T08:53:34,Force Core(Highest,198075,594225,3,,545457
4245,2026-09-29T10:36:33,2026-09-29T08:53:34,Force Core(Highest,198073,1584584,8,,1454552
4246,2026-09-29T10:36:48,2026-09-29T08:53:34,Force Core(High,178965,536895,3,,501657
4247,2026-09-29T10:50:11,2026-09-29T08:53:34,Chaos Core Set X 18,720737,12973266,18,,12973266
4248,2026-09-29T10:52:03,2026-09-29T08:53:34,Chaos Core Set X 189,720714,136215134,189,,135049950
4249,2026-09-29T10:52:33,2026-09-29T08:53:34,Chaos Core Set X 147,720714,105945104,147,,105041349
4250,2026-09-29T10:57:21,2026-09-29T08:53:34,Upgrade Core (Ultimate,456505,18260200,40,,16816800
4251,2026-09-29T10:58:15,2026-09-29T08:53:34,Force Core(High,178941,536823,3,,501657
4252,2026-09-29T10:59:14,2026-09-29T08:53:34,Force Core(High,178940,14315200,80,,13377520
4253,2026-09-29T10:59:50,2026-09-29T08:53:34,Chaos Core Set,720714,25945739,36,,25610148
4254,2026-09-29T11:02:02,2026-09-29T08:53:34,Epic Booster (Highest),49858993,199435972,4,,187222220
4255,2026-09-29T11:04:11,2026-09-29T08:53:34,Chaos Core,711393,711393,1,,721724
4256,2026-09-29T11:04:42,2026-09-29T08:53:34,Chaos Core,710854,710854,1,,721724
4257,2026-09-29T11:05:20,2026-09-29T08:53:34,Chaos Core,710891,710891,1,,721724
4258,2026-09-29T11:06:04,2026-09-29T08:53:34,Chaos Core,710194,710194,1,,721724
4259,2026-09-29T11:14:26,2026-09-29T08:53:34,Epic Booster (Highest),49858993,199435972,4,,187222220
4260,2026-09-29T11:15:57,2026-09-29T08:53:34,Chaos Core,718716,718716,1,,719362
4261,2026-09-29T11:16:28,2026-09-29T08:53:34,Chaos Core,718202,718202,1,,719362
4262,2026-09-29T11:17:07,2026-09-29T08:53:34,Chaos Core,717578,717578,1,,719362
4263,2026-09-29T11:17:51,2026-09-29T08:53:34,Chaos Core,716891,716891,1,,719362
4264,2026-09-29T11:19:52,2026-09-29T08:53:34,Force Core(Highest,198041,8119681,41,,7454579
4265,2026-09-29T11:20:07,2026-09-29T08:53:34,Force Core(High,178933,20040496,112,,18728528
4266,2026-09-29T11:21:53,2026-09-29T08:53:34,Chaos Core,727383,727383,1,,728000
4267,2026-09-29T11:22:24,2026-09-29T08:53:34,Chaos Core,726879,726879,1,,728000
4268,2026-09-29T11:23:03,2026-09-29T08:53:34,Chaos Core,726247,726247,1,,728000
4269,2026-09-29T11:23:48,2026-09-29T08:53:34,Chaos Core,725571,725571,1,,726879
4270,2026-09-29T11:24:18,2026-09-29T08:53:34,Force Core (Ultimate,355525,6399450,18,,6151896
4271,2026-09-29T11:26:22,2026-09-29T08:53:34,Force Core (Ultimate,355527,60439590,170,,50751800
4272,2026-09-29T11:27:21,2026-09-29T08:53:34,Chaos Core Set,733929,107887709,147,,106105923
4273,2026-09-29T11:44:54,2026-09-29T08:53:34,Chaos Core,722073,722073,1,,724963
4274,2026-09-29T11:45:26,2026-09-29T08:53:34,Upgrade Core (Ultimate,456461,26018277,57,,23963940
4275,2026-09-29T11:47:04,2026-09-29T08:53:34,Upgrade Core (Ultimate,456460,8216280,18,,7567560
4276,2026-09-29T11:48:49,2026-09-29T08:53:34,Chaos Core Set X 213,733898,156320486,213,,153727212
4277,2026-09-29T11:48:59,2026-09-29T08:53:34,Chaos Core Set X 153,733897,112286393,153,,109904337
4278,2026-09-29T11:49:09,2026-09-29T08:53:34,Chaos Core Set X 258,733895,189345167,258,,187494018
4279,2026-09-29T11:49:38,2026-09-29T08:53:34,Chaos Core Set,733916,129903308,177,,127806921
4280,2026-09-29T11:51:07,2026-09-29T08:53:34,Chaos Core Set,733931,46237715,63,,45486378
4281,2026-09-29T11:56:15,2026-09-29T08:53:34,Chaos Core,719461,719461,1,,726879
4282,2026-09-29T11:56:46,2026-09-29T08:53:34,Chaos Core,718836,718836,1,,726879
4283,2026-09-29T11:57:24,2026-09-29T08:53:34,Chaos Core,721295,721295,1,,726879
4284,2026-09-29T11:58:15,2026-09-29T08:53:34,Chaos Core,717346,717346,1,,728000
4285,2026-09-29T11:58:55,2026-09-29T08:53:34,Chaos Core Set,733928,103483988,141,,101258022
4286,2026-09-29T12:02:29,2026-09-29T08:53:34,Force Core(High,178895,8944750,50,,8360900
4287,2026-09-29T12:02:55,2026-09-29T08:53:34,Chaos Core Set,733929,140914559,192,,139776000
4288,2026-09-29T12:04:32,2026-09-29T08:53:34,Chaos Core Set,733927,233389103,318,,231504000
4289,2026-09-29T12:13:24,2026-09-29T12:09:05,Chaos Core,727457,727457,1,,733922
4290,2026-09-29T12:13:57,2026-09-29T12:09:05,Chaos Core,726809,726809,1,,733922
4291,2026-09-29T12:14:44,2026-09-29T12:09:05,Chaos Core,726130,726130,1,,733922
4292,2026-09-29T12:15:31,2026-09-29T12:09:05,Chaos Core,725430,725430,1,,733922
4293,2026-09-29T12:18:29,2026-09-29T12:09:05,Force Core(High,178893,3577860,20,,3344340
4294,2026-09-29T12:22:14,2026-09-29T12:09:05,Upgrade Core (Ultimate,456435,12780180,28,,11636324
4295,2026-09-29T12:24:04,2026-09-29T12:09:05,Chaos Core,721234,721234,1,,725000
4296,2026-09-29T12:24:35,2026-09-29T12:09:05,Chaos Core,720689,720689,1,,725000
4297,2026-09-29T12:25:19,2026-09-29T12:09:05,Chaos Core,720160,720160,1,,725000
4298,2026-09-29T12:26:03,2026-09-29T12:09:05,Chaos Core,719607,719607,1,,725000
4299,2026-09-29T12:29:03,2026-09-29T12:09:05,Force Core(High,178875,178875,1,,167217
4300,2026-09-29T12:31:22,2026-09-29T12:09:05,Chaos Core,724429,724429,1,,725000
4301,2026-09-29T12:35:38,2026-09-29T12:09:05,Chaos Core,723746,723746,1,,725000
4302,2026-09-29T12:36:21,2026-09-29T12:09:05,Chaos Core,723047,723047,1,,724429
4303,2026-09-29T12:37:06,2026-09-29T12:09:05,Chaos Core,722504,722504,1,,723047
4304,2026-09-29T12:42:55,2026-09-29T12:09:05,Epic Booster (Highest),49858992,199435968,4,,187000000
4305,2026-09-29T12:45:15,2026-09-29T12:09:05,Chaos Core,723848,723848,1,,724353
4306,2026-09-29T12:45:48,2026-09-29T12:09:05,Chaos Core,723226,723226,1,,724353
4307,2026-09-29T12:46:24,2026-09-29T12:09:05,Yekaterina VIP Membership,116999998,116999998,1,,112200000
4308,2026-09-29T12:47:34,2026-09-29T12:09:05,Upgrade Core (Ultimate,456416,3194912,7,,2909081
4309,2026-09-29T12:48:27,2026-09-29T12:09:05,Force Core(High,178867,178867,1,,167217
4310,2026-09-29T12:48:46,2026-09-29T12:09:05,Force Core (Ultimate,355508,355508,1,,341771
4311,2026-09-29T12:49:02,2026-09-29T12:09:05,Force Core(High,178866,15919074,89,,14882313
4312,2026-09-29T12:49:16,2026-09-29T12:09:05,Force Core (Ultimate,355507,17775350,50,,17088550
4313,2026-09-29T12:49:48,2026-09-29T12:09:05,Upgrade Core (Ultimate,456421,42903574,94,,39064802
4314,2026-09-29T12:50:10,2026-09-29T12:09:05,Upgrade Core (Ultimate,456420,41534220,91,,37818053
4315,2026-09-29T12:56:46,2026-09-29T12:09:05,Chaos Core Set X 222,723896,160705133,222,,160241598
4316,2026-09-29T12:56:56,2026-09-29T12:09:05,Chaos Core Set X 336,723895,243229055,336,,242527824
4317,2026-09-29T12:58:05,2026-09-29T12:09:05,Chaos Core Set X 108,723881,78179255,108,,78084000
4318,2026-09-29T13:01:13,2026-09-29T12:09:05,Chaos Core Set X 18,723000,13014000,18,,12992562
4319,2026-09-29T13:05:54,2026-09-29T12:09:05,Chaos Core Set X 81,722999,58562999,81,,58316679
4320,2026-09-29T13:06:04,2026-09-29T12:09:05,Chaos Core Set X 54,722998,39041945,54,,38980926
4321,2026-09-29T13:06:29,2026-09-29T12:09:05,Upgrade Core (Ultimate,456384,4563840,10,,4104100
4322,2026-09-29T13:06:49,2026-09-29T12:09:05,Force Core (Ultimate,355501,3555010,10,,3417710
4323,2026-09-29T13:08:12,2026-09-29T12:09:05,Chaos Core,714618,714618,1,,725000
4324,2026-09-29T13:08:44,2026-09-29T12:09:05,Chaos Core,714090,714090,1,,720000
4325,2026-09-29T13:09:26,2026-09-29T12:09:05,Chaos Core,713529,713529,1,,720000
4326,2026-09-29T13:10:10,2026-09-29T12:09:05,Chaos Core,712843,712843,1,,724353
4327,2026-09-29T13:11:37,2026-09-29T12:09:05,Force Core(Highest,194438,3888760,20,,3799980
4328,2026-09-29T13:13:01,2026-09-29T12:09:05,Force Core(High,178827,894135,5,,836085
4329,2026-09-29T13:21:08,2026-09-29T13:16:50,Chaos Core,726998,726998,1,,727996
4330,2026-09-29T13:24:55,2026-09-29T13:16:50,Upgrade Core (Ultimate,456359,5019949,11,,4277768
4331,2026-09-29T13:26:44,2026-09-29T13:16:50,Chaos Core,723345,723345,1,,724000
4332,2026-09-29T13:27:15,2026-09-29T13:16:50,Chaos Core,722812,722812,1,,727996
4333,2026-09-29T13:28:04,2026-09-29T13:16:50,Chaos Core,723488,723488,1,,727996
4334,2026-09-29T13:28:53,2026-09-29T13:16:50,Chaos Core,723411,723411,1,,727996
4335,2026-09-29T13:30:51,2026-09-29T13:16:50,Force Core(Highest,194433,13415877,69,,12458295
4336,2026-09-29T13:31:09,2026-09-29T13:16:50,Force Core(Highest,194432,972160,5,,902775
4337,2026-09-29T13:31:14,2026-09-29T13:16:50,Force Core(Highest,194431,4860775,25,,4513875
4338,2026-09-29T13:37:13,2026-09-29T13:16:50,Chaos Core,699487,699487,1,,700000
4339,2026-09-29T13:37:46,2026-09-29T13:16:50,Chaos Core,698806,698806,1,,700000
4340,2026-09-29T13:43:35,2026-09-29T13:16:50,Chaos Core,721541,721541,1,,722220
4341,2026-09-29T13:44:06,2026-09-29T13:16:50,Chaos Core,721028,721028,1,,722220
4342,2026-09-29T13:46:12,2026-09-29T13:16:50,Chaos Core,722810,722810,1,,723411
4343,2026-09-29T13:46:54,2026-09-29T13:16:50,Chaos Core,722220,722220,1,,722810
4344,2026-09-29T13:47:56,2026-09-29T13:16:50,Force Core (Ultimate,355491,21329460,60,,20506260
4345,2026-09-29T13:49:30,2026-09-29T13:16:50,Force Core (Ultimate,355489,60433130,170,,58101070
4346,2026-09-29T13:55:54,2026-09-29T13:16:50,Chaos Core,719342,719342,1,,720000
4347,2026-09-29T13:56:26,2026-09-29T13:16:50,Chaos Core,718743,718743,1,,720000
4348,2026-09-29T13:57:04,2026-09-29T13:16:50,Chaos Core,723478,723478,1,,723999
4349,2026-09-29T13:57:49,2026-09-29T13:16:50,Chaos Core,722908,722908,1,,723999
4350,2026-09-29T14:02:06,2026-09-29T13:16:50,Force Core (Ultimate),355487,17774350,50,,16778500
4351,2026-09-29T14:05:05,2026-09-29T13:16:50,Force Core (Ultimate,355486,17774300,50,,17088550
4352,2026-09-29T14:05:31,2026-09-29T13:16:50,Force Core(High,178664,7146560,40,,6688520
4353,2026-09-29T14:06:15,2026-09-29T13:16:50,Force Core(High,178663,12506410,70,,11704910
4354,2026-09-29T14:07:55,2026-09-29T13:16:50,Chaos Core Set X 177,727929,128843609,177,,127448142
4355,2026-09-29T14:09:18,2026-09-29T13:16:50,Chaos Core Set X 96,727928,69881183,96,,68658048
4356,2026-09-29T14:14:58,2026-09-29T13:16:50,Force Core(High,178654,5359620,30,,5016390
4357,2026-09-29T14:18:00,2026-09-29T13:16:50,Force Core(Highest,204923,4713229,23,,4540660
4358,2026-09-29T14:18:04,2026-09-29T13:16:50,Force Core (Ultimate,355481,48345416,136,,45637520
4359,2026-09-29T14:22:47,2026-09-29T13:16:50,Chaos Core,715223,715223,1,,723999
4360,2026-09-29T14:23:19,2026-09-29T13:16:50,Chaos Core,714704,714704,1,,723999
4361,2026-09-29T14:23:59,2026-09-29T13:16:50,Chaos Core,714139,714139,1,,720000
4362,2026-09-29T14:24:45,2026-09-29T13:16:50,Chaos Core,713480,713480,1,,720000
4363,2026-09-29T14:28:36,2026-09-29T13:16:50,Force Core (Ultimate,355481,24883670,70,,23923970
4364,2026-09-29T14:34:41,2026-09-29T13:16:50,Force Core(High,178644,3572880,20,,3344260
4365,2026-09-29T14:37:39,2026-09-29T13:16:50,Force Core(Highest),219994,21339418,97,,20273000
4366,2026-09-29T14:39:14,2026-09-29T13:16:50,Chaos Core,718582,718582,1,,723999
4367,2026-09-29T14:40:16,2026-09-29T13:16:50,Chaos Core,717911,717911,1,,723999
4368,2026-09-29T14:42:41,2026-09-29T13:16:50,Chaos Core,717226,717226,1,,723999
4369,2026-09-29T14:43:26,2026-09-29T13:16:50,Chaos Core,716661,716661,1,,723999
4370,2026-09-29T14:45:23,2026-09-29T13:16:50,Force Core(High,178641,4108743,23,,3845899
4371,2026-09-29T14:48:19,2026-09-29T13:16:50,Force Core(Highest,219991,7699685,35,,7315000
4372,2026-09-29T14:52:44,2026-09-29T13:16:50,Upgrade Core (Ultimate,456281,18707521,41,,15944408
4373,2026-09-29T14:56:05,2026-09-29T13:16:50,Force Core(High,178637,7145480,40,,6688520
4374,2026-09-29T14:59:19,2026-09-29T13:16:50,Chaos Core Set X 249,710000,176790000,249,,175545000
4375,2026-09-29T15:02:17,2026-09-29T13:16:50,Chaos Core,710762,710762,1,,717901
4376,2026-09-29T15:04:36,2026-09-29T13:16:50,Force Core (Ultimate,355466,7109320,20,,6835420
4377,2026-09-29T15:08:11,2026-09-29T13:16:50,Epic Booster (Highest),49858990,99717980,2,,92499998
4378,2026-09-29T15:11:01,2026-09-29T13:16:50,Upgrade Core (Ultimate,456268,38782780,85,,33055480
4379,2026-09-29T15:20:30,2026-09-29T13:16:50,Force Core(Highest,219977,2199770,10,,2090000
4380,2026-09-29T15:20:51,2026-09-29T13:16:50,Force Core(Highest,219976,879904,4,,836000
4381,2026-09-29T15:29:50,2026-09-29T15:22:14,Chaos Core,704768,704768,1,,710000
4382,2026-09-29T15:30:23,2026-09-29T15:22:14,Chaos Core,704201,704201,1,,710000
4383,2026-09-29T15:35:01,2026-09-29T15:22:14,Chaos Core,703594,703594,1,,710000
4384,2026-09-29T15:35:49,2026-09-29T15:22:14,Force Core(High,178623,6609051,37,,6186622
4385,2026-09-29T15:36:50,2026-09-29T15:22:14,Force Core(High,178621,535863,3,,501618
4386,2026-09-29T15:39:48,2026-09-29T15:22:14,Chaos Core Set,710000,36210000,51,,35825511
4387,2026-09-29T15:42:40,2026-09-29T15:22:14,Epic Booster (Highest),49858990,99717980,2,,92499998
4388,2026-09-29T15:44:52,2026-09-29T15:22:14,Chaos Core,701697,701697,1,,710000
4389,2026-09-29T15:45:23,2026-09-29T15:22:14,Chaos Core,701057,701057,1,,702222
4390,2026-09-29T15:47:39,2026-09-29T15:22:14,Chaos Core,700517,700517,1,,701057
4391,2026-09-29T15:48:13,2026-09-29T15:22:14,Yekaterina VIP Membership,114999999,114999999,1,,110999999
4392,2026-09-29T15:48:58,2026-09-29T15:22:14,Chaos Core,699823,699823,1,,701057
4393,2026-09-29T15:55:46,2026-09-29T15:22:14,Yekaterina VIP Membership,114999999,114999999,1,,110999999
4394,2026-09-29T16:09:06,2026-09-29T15:22:14,Chaos Core,701532,701532,1,,708292
4395,2026-09-29T16:09:37,2026-09-29T15:22:14,Chaos Core,700973,700973,1,,707638
4396,2026-09-29T16:10:12,2026-09-29T15:22:14,Chaos Core,700325,700325,1,,707047
4397,2026-09-29T16:11:04,2026-09-29T15:22:14,Chaos Core,699689,699689,1,,705114
4398,2026-09-29T16:11:54,2026-09-29T15:22:14,Force Core(High,178589,5357670,30,,5016180
4399,2026-09-29T16:13:16,2026-09-29T15:22:14,Chaos Core Set X 39,710000,27690000,39,,27386658
4400,2026-09-29T16:14:04,2026-09-29T15:22:14,Chaos Core Set X 78,710000,55380000,78,,54773316
4401,2026-09-29T16:14:22,2026-09-29T15:22:14,Chaos Core Set X 33,710000,23430000,33,,23173326
4402,2026-09-29T16:14:40,2026-09-29T15:22:14,Chaos Core Set X 18,710000,12780000,18,,12639996
4403,2026-09-29T16:15:03,2026-09-29T15:22:14,Chaos Core Set X 45,710000,31950000,45,,31599990
4404,2026-09-29T16:17:48,2026-09-29T15:22:14,Chaos Core,700987,700987,1,,701532
4405,2026-09-29T16:18:20,2026-09-29T15:22:14,Chaos Core,700472,700472,1,,701532
4406,2026-09-29T16:18:59,2026-09-29T15:22:14,Chaos Core,700412,700412,1,,701532
4407,2026-09-29T16:19:44,2026-09-29T15:22:14,Chaos Core,699727,699727,1,,701532
4408,2026-09-29T16:20:18,2026-09-29T15:22:14,Chaos Core Set X 18,710000,12780000,18,,12639996
4409,2026-09-29T16:20:29,2026-09-29T15:22:14,Force Core(High,178580,9821900,55,,9196330
4410,2026-09-29T16:21:48,2026-09-29T15:22:14,Force Core (Ultimate,355443,19549365,55,,18797405
4411,2026-09-29T16:26:58,2026-09-29T15:22:14,Force Core(High,178570,1071420,6,,1003236
4412,2026-09-29T16:27:33,2026-09-29T15:22:14,Force Core(High,178569,535707,3,,501618
4413,2026-09-29T16:48:20,2026-09-29T15:22:14,Force Core(High,178557,892785,5,,836030
4414,2026-09-29T16:57:18,2026-09-29T15:22:14,Epic Booster (Highest),49858990,49858990,1,,46249998
4415,2026-09-29T17:01:26,2026-09-29T15:22:14,Force Core(High,178541,10712460,60,,10032300
4416,2026-09-29T17:04:20,2026-09-29T15:22:14,Chaos Core,700136,700136,1,,710762
4417,2026-09-29T17:04:52,2026-09-29T15:22:14,Chaos Core,699537,699537,1,,710762
4418,2026-09-29T17:05:26,2026-09-29T15:22:14,Chaos Core,698900,698900,1,,710140
4419,2026-09-29T17:06:14,2026-09-29T15:22:14,Chaos Core,698255,698255,1,,710140
4420,2026-09-29T17:06:50,2026-09-29T15:22:14,Force Core(High,178526,535578,3,,501618
4421,2026-09-29T17:40:46,2026-09-29T15:22:14,Force Core(High,178482,5354460,30,,5016150
4422,2026-09-29T17:41:59,2026-09-29T15:22:14,Chaos Core,702022,702022,1,,715000
4423,2026-09-29T17:42:30,2026-09-29T15:22:14,Chaos Core,701397,701397,1,,715000
4424,2026-09-29T17:43:03,2026-09-29T15:22:14,Chaos Core,700723,700723,1,,715000
4425,2026-09-29T17:43:50,2026-09-29T15:22:14,Chaos Core,700204,700204,1,,715000
4426,2026-09-29T17:50:23,2026-09-29T15:22:14,Chaos Core,713317,713317,1,,714000
4427,2026-09-29T17:50:57,2026-09-29T15:22:14,Chaos Core,712688,712688,1,,714000
4428,2026-09-29T17:51:32,2026-09-29T15:22:14,Chaos Core,712000,712000,1,,714000
4429,2026-09-29T17:52:20,2026-09-29T15:22:14,Chaos Core,711398,711398,1,,714000
4430,2026-09-29T18:04:26,2026-09-29T15:22:14,Force Core(High,178458,44614500,250,,41801250
4431,2026-09-29T18:07:17,2026-09-29T15:22:14,Force Core (Ultimate,355404,47268732,133,,45455543
4432,2026-09-29T18:08:05,2026-09-29T15:22:14,Force Core(Highest,209000,11286000,54,,10548684
4433,2026-09-29T18:08:20,2026-09-29T15:22:14,Force Core(Highest,209000,20900000,100,,19534600
4434,2026-09-29T18:08:25,2026-09-29T15:22:14,Force Core (Ultimate,355403,54021256,152,,51949192
4435,2026-09-29T18:08:31,2026-09-29T15:22:14,Upgrade Core (Ultimate,456118,20525310,45,,18701235
4436,2026-09-29T18:09:16,2026-09-29T15:22:14,Force Core(High,178454,33906260,190,,31768950
4437,2026-09-29T18:09:26,2026-09-29T15:22:14,Force Core(High,178453,8922650,50,,8360250
4438,2026-09-29T18:16:33,2026-09-29T15:22:14,Force Core (Ultimate,355402,3198618,9,,3075939
4439,2026-09-29T18:17:44,2026-09-29T15:22:14,Force Core(Highest,209000,2090000,10,,1953460
4440,2026-09-29T18:20:24,2026-09-29T15:22:14,Force Core(High),178449,3390531,19,,3176914
4441,2026-09-29T18:42:05,2026-09-29T15:22:14,Chaos Core,699498,699498,1,,715572
4442,2026-09-29T18:42:37,2026-09-29T15:22:14,Chaos Core,698887,698887,1,,715572
4443,2026-09-29T18:43:11,2026-09-29T15:22:14,Chaos Core,698358,698358,1,,715572
4444,2026-09-29T18:43:57,2026-09-29T15:22:14,Chaos Core,697825,697825,1,,715572
4445,2026-09-29T18:51:39,2026-09-29T15:22:14,Upgrade Core (Ultimate,456092,21436324,47,,19532401
4446,2026-09-29T19:16:22,2026-09-29T15:22:14,Force Core(High,178418,3389942,19,,3176819
4447,2026-09-29T19:23:00,2026-09-29T15:22:14,Force Core(High,178416,4103568,23,,3845738
4448,2026-09-29T19:23:30,2026-09-29T15:22:14,Force Core(High,178415,18376745,103,,17221703
4449,2026-09-29T19:28:11,2026-09-29T15:22:14,Force Core(Highest,209000,31768000,152,,29692592
4450,2026-09-29T19:35:12,2026-09-29T15:22:14,Force Core(Highest,209000,10032000,48,,9376608
4451,2026-09-29T19:35:40,2026-09-29T15:22:14,Upgrade Core (Ultimate,456073,10489679,23,,9558409
4452,2026-09-29T19:38:58,2026-09-29T15:22:14,Force Core(High,178431,8921550,50,,8360000
4453,2026-09-29T19:59:34,2026-09-29T15:22:14,Force Core(High,178422,3568440,20,,3344000
4454,2026-09-29T20:01:08,2026-09-29T15:22:14,Chaos Core,690203,690203,1,,715000
4455,2026-09-29T20:01:41,2026-09-29T15:22:14,Chaos Core,689594,689594,1,,715000
4456,2026-09-29T20:02:14,2026-09-29T15:22:14,Chaos Core,688990,688990,1,,715000
4457,2026-09-29T20:03:06,2026-09-29T15:22:14,Chaos Core,688386,688386,1,,715000
4458,2026-09-29T20:07:53,2026-09-29T15:22:14,Force Core (Ultimate,355379,19545845,55,,18333315
4459,2026-09-29T20:08:07,2026-09-29T15:22:14,Force Core (Ultimate,355378,66811064,188,,62666604
4460,2026-09-29T20:10:30,2026-09-29T15:22:14,Chaos Core,690623,690623,1,,695387
4461,2026-09-29T20:21:33,2026-09-29T20:17:14,Chaos Core,689983,689983,1,,708877
4462,2026-09-29T20:22:05,2026-09-29T20:17:14,Chaos Core,689394,689394,1,,708877
4463,2026-09-29T20:24:17,2026-09-29T20:17:14,Chaos Core,711961,711961,1,,712564
4464,2026-09-29T20:24:49,2026-09-29T20:17:14,Chaos Core,711289,711289,1,,712564
4465,2026-09-29T20:25:28,2026-09-29T20:17:14,Chaos Core,688702,688702,1,,708877
4466,2026-09-29T20:26:16,2026-09-29T20:17:14,Chaos Core,688122,688122,1,,708877
4467,2026-09-29T20:28:45,2026-09-29T20:17:14,Force Core (Ultimate,355376,7107520,20,,6666660
4468,2026-09-29T20:29:07,2026-09-29T20:17:14,Force Core(High,178416,1070496,6,,1003230
4469,2026-09-29T20:29:22,2026-09-29T20:17:14,Force Core(High,178415,178415,1,,167205
4470,2026-09-29T20:31:56,2026-09-29T20:17:14,Chaos Core,711961,711961,1,,712564
4471,2026-09-29T20:32:27,2026-09-29T20:17:14,Chaos Core,711308,711308,1,,712564
4472,2026-09-29T20:33:06,2026-09-29T20:17:14,Chaos Core,711968,711968,1,,712564
4473,2026-09-29T21:01:18,2026-09-29T20:17:14,Chaos Core,703232,703232,1,,714442
4474,2026-09-29T21:02:05,2026-09-29T20:17:14,Chaos Core,702542,702542,1,,714442
4475,2026-09-29T21:02:51,2026-09-29T20:17:14,Chaos Core,701891,701891,1,,715000
4476,2026-09-29T21:11:27,2026-09-29T20:17:14,Chaos Core,703902,703902,1,,714442
4477,2026-09-29T21:11:59,2026-09-29T20:17:14,Chaos Core,703280,703280,1,,704490
4478,2026-09-29T21:12:38,2026-09-29T20:17:14,Chaos Core,702683,702683,1,,704490
4479,2026-09-29T21:13:24,2026-09-29T20:17:14,Chaos Core,702052,702052,1,,702683
4480,2026-09-29T21:16:29,2026-09-29T20:17:14,Force Core(High,178384,2854144,16,,2663968
4481,2026-09-29T21:19:25,2026-09-29T20:17:14,Chaos Core,704514,704514,1,,705141
4482,2026-09-29T21:20:00,2026-09-29T20:17:14,Chaos Core,703892,703892,1,,705141
4483,2026-09-29T21:29:09,2026-09-29T20:17:14,Force Core (Ultimate,355350,10660500,30,,9999990
4484,2026-09-29T21:29:53,2026-09-29T20:17:14,Force Core(High,178381,7313621,41,,6826418
4485,2026-09-29T21:40:41,2026-09-29T20:17:14,Force Core (Ultimate,355349,58987934,166,,55333278
4486,2026-09-29T21:41:50,2026-09-29T20:17:14,Force Core(High,178378,16945910,95,,15817310
4487,2026-09-29T21:42:16,2026-09-29T20:17:14,Chaos Core Set X 417,710000,296070000,417,,294148047
4488,2026-09-29T21:42:47,2026-09-29T20:17:14,Chaos Core Set X 195,710000,138450000,195,,136900920
4489,2026-09-29T21:43:14,2026-09-29T20:17:14,Chaos Core Set X 186,710000,132060000,186,,130605666
4490,2026-09-29T21:45:03,2026-09-29T20:17:14,Epic Booster (Highest),47999998,143999994,3,,140416662
4491,2026-09-29T21:47:16,2026-09-29T20:17:14,Chaos Core,699766,699766,1,,705141
4492,2026-09-29T21:47:48,2026-09-29T20:17:14,Chaos Core,699175,699175,1,,705141
4493,2026-09-29T21:48:27,2026-09-29T20:17:14,Chaos Core,698550,698550,1,,705141
4494,2026-09-29T21:49:13,2026-09-29T20:17:14,Chaos Core,697923,697923,1,,705141
4495,2026-09-29T21:51:57,2026-09-29T20:17:14,Force Core(High,178375,10167375,57,,9490386
4496,2026-09-29T21:52:22,2026-09-29T20:17:14,Chaos Core Set X 132,710000,93720000,132,,92652252
4497,2026-09-29T21:52:34,2026-09-29T20:17:14,Chaos Core Set X 42,710000,29820000,42,,29501178
4498,2026-09-29T21:52:49,2026-09-29T20:17:14,Chaos Core Set X 18,710000,12780000,18,,12644352
4499,2026-09-29T21:53:00,2026-09-29T20:17:14,Chaos Core Set X 114,710000,80940000,114,,79989468
4500,2026-09-29T21:53:11,2026-09-29T20:17:14,Chaos Core Set X 18,710000,12780000,18,,12629916
4501,2026-09-29T21:58:40,2026-09-29T20:17:14,Chaos Core,710684,710684,1,,715000
4502,2026-09-29T21:59:26,2026-09-29T20:17:14,Chaos Core,710020,710020,1,,713116
4503,2026-09-29T22:01:44,2026-09-29T20:17:14,Force Core (Ultimate,355341,17767050,50,,16666650
4504,2026-09-29T22:04:07,2026-09-29T20:17:14,Chaos Core,710073,710073,1,,715000
4505,2026-09-29T22:12:54,2026-09-29T20:17:14,Force Core(High,178367,1783670,10,,1672050
4506,2026-09-29T22:13:08,2026-09-29T20:17:14,Force Core(High,178366,3567320,20,,3329960
4507,2026-09-29T22:17:57,2026-09-29T20:17:14,Yekaterina VIP Membership,114999999,114999999,1,,112333331
4508,2026-09-29T22:32:58,2026-09-29T20:17:14,Chaos Core,697026,697026,1,,715000
4509,2026-09-29T22:33:31,2026-09-29T20:17:14,Chaos Core,696369,696369,1,,708675
4510,2026-09-29T22:34:18,2026-09-29T20:17:14,Chaos Core,695813,695813,1,,712569
4511,2026-09-29T22:35:04,2026-09-29T20:17:14,Chaos Core,695162,695162,1,,709374
4512,2026-09-29T22:38:43,2026-09-29T20:17:14,Chaos Core Set X 141,710000,100110000,141,,98700000
4513,2026-09-29T22:39:02,2026-09-29T20:17:14,Chaos Core Set X 54,710000,38340000,54,,37671858
4514,2026-09-29T22:39:27,2026-09-29T20:17:14,Chaos Core Set X 33,710000,23430000,33,,23041260
4515,2026-09-29T22:40:56,2026-09-29T20:17:14,Chaos Core,705597,705597,1,,706130
4516,2026-09-29T22:41:28,2026-09-29T20:17:14,Chaos Core,704905,704905,1,,706130
4517,2026-09-29T22:44:01,2026-09-29T20:17:14,Chaos Core,704343,704343,1,,706130
4518,2026-09-29T22:44:50,2026-09-29T20:17:14,Chaos Core,703691,703691,1,,706130
4519,2026-09-29T22:51:10,2026-09-29T20:17:14,Upgrade Core (Ultimate,455964,22798200,50,,20779150
4520,2026-09-29T22:52:34,2026-09-29T20:17:14,Force Core(Highest,197638,9288986,47,,8486132
4521,2026-09-29T23:06:48,2026-09-29T20:17:14,Upgrade Core (Ultimate,455962,19150404,42,,17454486
4522,2026-09-29T23:06:54,2026-09-29T20:17:14,Force Core(Highest,197637,5929110,30,,5790000
4523,2026-09-29T23:07:22,2026-09-29T20:17:14,Upgrade Core (Ultimate,455961,10031142,22,,9142826
4524,2026-09-29T23:09:09,2026-09-29T20:17:14,Force Core(High,178349,1783490,10,,1632860
4525,2026-09-29T23:14:17,2026-09-29T20:17:14,Chaos Core,700368,700368,1,,717901
4526,2026-09-29T23:21:08,2026-09-29T20:17:14,Chaos Core,699856,699856,1,,717901
4527,2026-09-29T23:26:49,2026-09-29T20:17:14,Chaos Core,698681,698681,1,,712569
4528,2026-09-29T23:27:22,2026-09-29T20:17:14,Chaos Core,698043,698043,1,,717901
4529,2026-09-29T23:33:13,2026-09-29T20:17:14,Chaos Core,697501,697501,1,,722101
4530,2026-09-29T23:33:56,2026-09-29T20:17:14,Chaos Core,696935,696935,1,,709700
4531,2026-09-29T23:35:25,2026-09-29T20:17:14,Force Core (Ultimate,355316,9948848,28,,9333324
4532,2026-09-29T23:35:39,2026-09-29T20:17:14,Force Core (Ultimate,355315,42637800,120,,39999960
4533,2026-09-29T23:35:44,2026-09-29T20:17:14,Force Core (Ultimate,355314,26648550,75,,24999975
4534,2026-09-29T23:38:59,2026-09-29T20:17:14,Force Core(High,178297,3565940,20,,3265720
4535,2026-09-29T23:39:14,2026-09-29T20:17:14,Chaos Core Set X 87,710000,61770000,87,,61248261
4536,2026-09-29T23:43:03,2026-09-29T20:17:14,Chaos Core,707979,707979,1,,722101
4537,2026-09-29T23:43:39,2026-09-29T20:17:14,Chaos Core,707449,707449,1,,722101
4538,2026-09-29T23:44:15,2026-09-29T20:17:14,Chaos Core,706752,706752,1,,707449
4539,2026-09-29T23:45:05,2026-09-29T20:17:14,Chaos Core,706064,706064,1,,707449
4540,2026-09-29T23:45:46,2026-09-29T20:17:14,Upgrade Core (Ultimate,455996,911992,2,,831166
4541,2026-09-29T23:46:29,2026-09-29T20:17:14,Force Core(High,178295,713180,4,,668820
4542,2026-09-29T23:47:32,2026-09-29T20:17:14,Chaos Core Set,710000,70290000,99,,69221394
4543,2026-09-29T23:49:31,2026-09-29T20:17:14,Upgrade Core (Ultimate),455998,72959680,160,,65815520
4544,2026-09-29T23:49:46,2026-09-29T20:17:14,Chaos Core Set,710000,27690000,39,,27456312
4545,2026-09-29T23:51:24,2026-09-29T20:17:14,Chaos Core Set,710000,100110000,141,,99075765
4546,2026-09-29T23:51:35,2026-09-29T20:17:14,Upgrade Core (Ultimate),455997,82079460,180,,74042460
4547,2026-09-29T23:51:40,2026-09-29T20:17:14,Chaos Core Set,729999,186149999,255,,184088835
4548,2026-09-29T23:51:50,2026-09-29T20:17:14,Chaos Core Set,729998,153299789,210,,151620000
4549,2026-09-29T23:53:32,2026-09-29T20:17:14,Chaos Core Set,729999,135779999,186,,133685454
4550,2026-09-30T00:05:50,2026-09-30T00:01:16,Chaos Core,708489,708489,1,,729983
4551,2026-09-30T00:06:24,2026-09-30T00:01:16,Chaos Core,707936,707936,1,,729983
4552,2026-09-30T00:07:03,2026-09-30T00:01:16,Chaos Core,707273,707273,1,,729983
4553,2026-09-30T00:07:48,2026-09-30T00:01:16,Chaos Core,706579,706579,1,,729983
4554,2026-09-30T00:09:02,2026-09-30T00:01:16,Force Core(High,178292,14263360,80,,13199760
4555,2026-09-30T00:09:47,2026-09-30T00:01:16,Force Core(High,178291,3565820,20,,3299940
4556,2026-09-30T00:12:03,2026-09-30T00:01:16,Force Core (Ultimate,355327,10659810,30,,9999990
4557,2026-09-30T00:18:16,2026-09-30T00:01:16,Upgrade Core (Ultimate,456013,11400325,25,,10389575
4558,2026-09-30T00:24:01,2026-09-30T00:01:16,Chaos Core Set X 294,729970,214611473,294,,211679706
4559,2026-09-30T00:26:52,2026-09-30T00:01:16,Chaos Core Set X 258,729968,188332001,258,,185759742
4560,2026-09-30T00:35:04,2026-09-30T00:01:16,Chaos Core,711356,711356,1,,718804
4561,2026-09-30T00:36:19,2026-09-30T00:01:16,Force Core(High,178283,14084357,79,,13034763
4562,2026-09-30T00:37:02,2026-09-30T00:01:16,Force Core(High,178282,13549432,76,,12539772
4563,2026-09-30T00:39:49,2026-09-30T00:01:16,Chaos Core Set X 39,729959,28468439,39,,28079961
4564,2026-09-30T00:43:02,2026-09-30T00:01:16,Chaos Core,710697,710697,1,,719999
4565,2026-09-30T00:43:39,2026-09-30T00:01:16,Chaos Core,710086,710086,1,,719999
4566,2026-09-30T00:44:31,2026-09-30T00:01:16,Chaos Core,709513,709513,1,,719418
4567,2026-09-30T00:45:56,2026-09-30T00:01:16,Force Core(High,178282,178282,1,,164997
4568,2026-09-30T00:46:10,2026-09-30T00:01:16,Force Core(High,178281,178281,1,,164997
4569,2026-09-30T00:46:15,2026-09-30T00:01:16,Force Core(Highest,197614,4940350,25,,4825000
4570,2026-09-30T00:59:44,2026-09-30T00:01:16,Chaos Core,714434,714434,1,,719999
4571,2026-09-30T01:05:44,2026-09-30T00:01:16,Chaos Core,714434,714434,1,,719500
4572,2026-09-30T01:06:17,2026-09-30T00:01:16,Chaos Core,713851,713851,1,,721900
4573,2026-09-30T01:06:57,2026-09-30T00:01:16,Chaos Core,713332,713332,1,,718671
4574,2026-09-30T01:07:43,2026-09-30T00:01:16,Chaos Core,712799,712799,1,,715072
4575,2026-09-30T01:11:10,2026-09-30T00:01:16,Force Core (Ultimate,355306,3553060,10,,3333330
4576,2026-09-30T01:12:23,2026-09-30T00:01:16,Force Core(High,178341,5350230,30,,5010000
4577,2026-09-30T01:15:25,2026-09-30T00:01:16,Chaos Core,721550,721550,1,,722101
4578,2026-09-30T01:17:50,2026-09-30T00:01:16,Chaos Core,721832,721832,1,,723999
4579,2026-09-30T01:18:22,2026-09-30T00:01:16,Chaos Core,721141,721141,1,,723999
4580,2026-09-30T01:19:02,2026-09-30T00:01:16,Chaos Core,722949,722949,1,,723999
4581,2026-09-30T01:19:48,2026-09-30T00:01:16,Chaos Core,722429,722429,1,,722949
4582,2026-09-30T01:24:20,2026-09-30T00:01:16,Force Core(High),178333,8559984,48,,8016000
4583,2026-09-30T01:26:42,2026-09-30T00:01:16,Chaos Core,721805,721805,1,,722353
4584,2026-09-30T01:27:45,2026-09-30T00:01:16,Force Core(High,178329,356658,2,,329994
4585,2026-09-30T01:29:40,2026-09-30T00:01:16,Upgrade Core (Ultimate,455971,1367913,3,,1246749
4586,2026-09-30T01:30:00,2026-09-30T00:01:16,Force Core (Ultimate,355298,28423840,80,,26666640
4587,2026-09-30T01:31:24,2026-09-30T00:01:16,Force Core(High,178327,1426616,8,,1319976
4588,2026-09-30T01:38:22,2026-09-30T00:01:16,Force Core(High),178326,5349780,30,,5008320
4589,2026-09-30T02:07:34,2026-09-30T00:01:16,Force Core(High,178292,2317796,13,,2171000
4590,2026-09-30T02:09:34,2026-09-30T00:01:16,Chaos Core,708576,708576,1,,723999
4591,2026-09-30T02:10:08,2026-09-30T00:01:16,Chaos Core,707888,707888,1,,723999
4592,2026-09-30T02:10:51,2026-09-30T00:01:16,Chaos Core,707274,707274,1,,723999
4593,2026-09-30T02:11:43,2026-09-30T00:01:16,Chaos Core,706665,706665,1,,721724
4594,2026-09-30T02:56:34,2026-09-30T02:51:35,Chaos Core,719819,719819,1,,729647
4595,2026-09-30T02:57:07,2026-09-30T02:51:35,Chaos Core,719226,719226,1,,729647
4596,2026-09-30T03:02:10,2026-09-30T02:51:35,Force Core(High,178282,178282,1,,167194
4597,2026-09-30T03:05:11,2026-09-30T02:51:35,Chaos Core,717614,717614,1,,729647
4598,2026-09-30T03:25:30,2026-09-30T02:51:35,Force Core (Ultimate,355230,16340580,46,,15333272
4599,2026-09-30T03:26:18,2026-09-30T02:51:35,Chaos Core Set X 114,729536,83167217,114,,82119102
4600,2026-09-30T03:29:40,2026-09-30T02:51:35,Chaos Core,711603,711603,1,,720000
4601,2026-09-30T03:30:12,2026-09-30T02:51:35,Chaos Core,711037,711037,1,,719333
4602,2026-09-30T03:35:00,2026-09-30T02:51:35,Chaos Core,710468,710468,1,,720343
4603,2026-09-30T03:36:24,2026-09-30T02:51:35,Chaos Core,709816,709816,1,,720000
4604,2026-09-30T03:37:48,2026-09-30T02:51:35,Chaos Core Set X 141,729509,102860909,141,,101568363
4605,2026-09-30T03:47:42,2026-09-30T02:51:35,Chaos Core Set X 318,729479,231974639,318,,229069074
4606,2026-09-30T03:52:22,2026-09-30T02:51:35,Chaos Core,716396,716396,1,,734500
4607,2026-09-30T03:54:30,2026-09-30T02:51:35,Chaos Core,714666,714666,1,,734500
4608,2026-09-30T03:55:02,2026-09-30T02:51:35,Chaos Core,713966,713966,1,,730000
4609,2026-09-30T03:55:40,2026-09-30T02:51:35,Chaos Core,715853,715853,1,,720000
4610,2026-09-30T03:56:26,2026-09-30T02:51:35,Chaos Core Set X 108,729467,78782543,108,,77797044
4611,2026-09-30T03:57:01,2026-09-30T02:51:35,Chaos Core,715274,715274,1,,739000
4612,2026-09-30T03:57:36,2026-09-30T02:51:35,Chaos Core Set X 90,729466,65652029,90,,64830870
4613,2026-09-30T03:57:47,2026-09-30T02:51:35,Chaos Core Set X 99,729465,72217133,99,,71313957
4614,2026-09-30T03:58:11,2026-09-30T02:51:35,Chaos Core Set X 300,729464,218839499,300,,216102900
4615,2026-09-30T03:58:22,2026-09-30T02:51:35,Chaos Core Set X 240,729463,175071359,240,,172882320
4616,2026-09-30T04:00:57,2026-09-30T02:51:35,Chaos Core,738459,738459,1,,739000
4617,2026-09-30T04:08:05,2026-09-30T02:51:35,Chaos Core,734822,734822,1,,739000
4618,2026-09-30T04:13:52,2026-09-30T02:51:35,Chaos Core,733202,733202,1,,734349
4619,2026-09-30T04:29:59,2026-09-30T02:51:35,Force Core(Highest,189926,3798520,20,,3859200
4620,2026-09-30T04:37:45,2026-09-30T02:51:35,Yekaterina VIP Membership,114999999,114999999,1,,112333332
4621,2026-09-30T04:39:49,2026-09-30T02:51:35,Chaos Core Set,729406,214445657,294,,212673720
4622,2026-09-30T04:46:33,2026-09-30T02:51:35,Chaos Core,720636,720636,1,,731456
4623,2026-09-30T04:58:17,2026-09-30T02:51:35,Upgrade Core (Ultimate,455687,4556870,10,,4142850
4624,2026-09-30T05:00:11,2026-09-30T02:51:35,Force Core(High,178102,5343060,30,,5015820
4625,2026-09-30T05:01:22,2026-09-30T02:51:35,Chaos Core Set,729387,85338395,117,,84143124
4626,2026-09-30T05:09:26,2026-09-30T02:51:35,Force Core(Highest,189920,949600,5,,964800
4627,2026-09-30T05:12:23,2026-09-30T02:51:35,Chaos Core Set X 51,729380,37198430,51,,36356625
4628,2026-09-30T05:15:21,2026-09-30T02:51:35,Chaos Core,709362,709362,1,,737412
4629,2026-09-30T05:15:57,2026-09-30T02:51:35,Chaos Core,708743,708743,1,,739000
4630,2026-09-30T05:17:51,2026-09-30T02:51:35,Chaos Core,708091,708091,1,,739000
4631,2026-09-30T05:18:44,2026-09-30T02:51:35,Chaos Core,707581,707581,1,,724707
4632,2026-09-30T05:21:55,2026-09-30T02:51:35,Force Core(High,178088,890440,5,,835970
4633,2026-09-30T05:22:09,2026-09-30T02:51:35,Force Core(High,178087,4274088,24,,4012656
4634,2026-09-30T05:25:01,2026-09-30T02:51:35,Chaos Core,709329,709329,1,,730000
4635,2026-09-30T05:25:42,2026-09-30T02:51:35,Chaos Core,708759,708759,1,,730000
4636,2026-09-30T05:26:26,2026-09-30T02:51:35,Chaos Core,708131,708131,1,,730000
4637,2026-09-30T05:27:14,2026-09-30T02:51:35,Chaos Core,707631,707631,1,,730000
4638,2026-09-30T05:32:14,2026-09-30T02:51:35,Chaos Core,721411,721411,1,,739500
4639,2026-09-30T05:32:46,2026-09-30T02:51:35,Chaos Core,720861,720861,1,,739500
4640,2026-09-30T05:33:25,2026-09-30T02:51:35,Chaos Core,720184,720184,1,,739500
4641,2026-09-30T05:34:08,2026-09-30T02:51:35,Chaos Core,729353,729353,1,,720861
4642,2026-09-30T05:35:58,2026-09-30T02:51:35,Force Core(High,178075,3561500,20,,3343880
4643,2026-09-30T05:51:16,2026-09-30T02:51:35,Chaos Core,719108,719108,1,,739500
4644,2026-09-30T05:51:47,2026-09-30T02:51:35,Chaos Core,718573,718573,1,,739500
4645,2026-09-30T05:52:26,2026-09-30T02:51:35,Chaos Core,718055,718055,1,,738282
4646,2026-09-30T05:52:59,2026-09-30T02:51:35,Yekaterina VIP Membership,114999999,114999999,1,,112333332
4647,2026-09-30T05:54:24,2026-09-30T02:51:35,Chaos Core,717435,717435,1,,737713
4648,2026-09-30T05:59:00,2026-09-30T02:51:35,Upgrade Core (Ultimate,455565,91113000,200,,82857000
4649,2026-09-30T05:59:16,2026-09-30T02:51:35,Upgrade Core (Ultimate,455564,82912648,182,,75399870
4650,2026-09-30T06:04:59,2026-09-30T02:51:35,Chaos Core,717307,717307,1,,739500
4651,2026-09-30T06:05:30,2026-09-30T02:51:35,Chaos Core,716682,716682,1,,739500
4652,2026-09-30T06:06:09,2026-09-30T02:51:35,Chaos Core,716149,716149,1,,738840
4653,2026-09-30T06:06:53,2026-09-30T02:51:35,Chaos Core,715454,715454,1,,737764
4654,2026-09-30T06:12:35,2026-09-30T02:51:35,Chaos Core,737175,737175,1,,737764
4655,2026-09-30T06:13:08,2026-09-30T02:51:35,Chaos Core,736671,736671,1,,737764
4656,2026-09-30T06:13:49,2026-09-30T02:51:35,Chaos Core,736107,736107,1,,737764
4657,2026-09-30T06:29:35,2026-09-30T02:51:35,Yekaterina VIP Membership,114999999,114999999,1,,112333332
4658,2026-09-30T06:38:30,2026-09-30T02:51:35,Upgrade Core (Ultimate,455510,1822040,4,,1657076
4659,2026-09-30T06:41:14,2026-09-30T02:51:35,Upgrade Core (Ultimate,455505,15031665,33,,13671405
4660,2026-09-30T06:42:33,2026-09-30T02:51:35,Force Core(High,177972,177972,1,,167164
4661,2026-09-30T06:46:13,2026-09-30T02:51:35,Chaos Core,721482,721482,1,,737764
4662,2026-09-30T06:46:44,2026-09-30T02:51:35,Chaos Core,720951,720951,1,,737764
4663,2026-09-30T06:47:23,2026-09-30T02:51:35,Chaos Core,720421,720421,1,,737764
4664,2026-09-30T06:48:09,2026-09-30T02:51:35,Chaos Core,719877,719877,1,,737764
4665,2026-09-30T06:53:04,2026-09-30T02:51:35,Chaos Core,719762,719762,1,,720421
4666,2026-09-30T06:53:35,2026-09-30T02:51:35,Chaos Core,719249,719249,1,,720421
4667,2026-09-30T06:54:15,2026-09-30T02:51:35,Chaos Core,718580,718580,1,,720421
4668,2026-09-30T06:54:58,2026-09-30T02:51:35,Chaos Core,718055,718055,1,,720421
4669,2026-09-30T07:00:36,2026-09-30T02:51:35,Chaos Core,717400,717400,1,,718055
4670,2026-09-30T07:01:08,2026-09-30T02:51:35,Chaos Core,716819,716819,1,,718055
4671,2026-09-30T07:01:45,2026-09-30T02:51:35,Chaos Core,719726,719726,1,,720421
4672,2026-09-30T07:02:28,2026-09-30T02:51:35,Chaos Core,719884,719884,1,,720421
4673,2026-09-30T07:09:31,2026-09-30T02:51:35,Chaos Core,718252,718252,1,,718888
4674,2026-09-30T07:17:24,2026-09-30T02:51:35,Yekaterina VIP Membership,114999999,114999999,1,,112333332
4675,2026-09-30T07:26:44,2026-09-30T02:51:35,Chaos Core Set X 18,729151,13124735,18,,12857346
4676,2026-09-30T07:29:01,2026-09-30T02:51:35,Chaos Core Set X 249,729145,181557353,249,,178782000
4677,2026-09-30T07:31:56,2026-09-30T02:51:35,Chaos Core,712411,712411,1,,720421
4678,2026-09-30T07:32:28,2026-09-30T02:51:35,Chaos Core,711903,711903,1,,717794
4679,2026-09-30T07:35:50,2026-09-30T02:51:35,Chaos Core,711338,711338,1,,718888
4680,2026-09-30T07:36:34,2026-09-30T02:51:35,Chaos Core,710701,710701,1,,718888
4681,2026-09-30T07:38:38,2026-09-30T02:51:35,Force Core(High,176986,884930,5,,835820
4682,2026-09-30T07:39:20,2026-09-30T02:51:35,Chaos Core Set X 207,729142,150932600,207,,148363524
4683,2026-09-30T07:39:30,2026-09-30T02:51:35,Chaos Core Set X 330,729141,240616859,330,,234300000
4684,2026-09-30T07:39:41,2026-09-30T02:51:35,Chaos Core Set X 99,729140,72184958,99,,71487999
4685,2026-09-30T07:39:52,2026-09-30T02:51:35,Chaos Core Set X 330,729139,240616199,330,,238293330
4686,2026-09-30T07:41:02,2026-09-30T02:51:35,Force Core(Highest,197574,19362252,98,,18816000
4687,2026-09-30T07:53:59,2026-09-30T02:51:35,Siena's Unbinding Stone,98799999,98799999,1,,74888888
4688,2026-09-30T08:02:42,2026-09-30T02:51:35,Chaos Core Set X 51,729114,37184864,51,,36682260
4689,2026-09-30T08:04:02,2026-09-30T02:51:35,Chaos Core Set,729104,115927694,159,,115088811
4690,2026-09-30T08:05:43,2026-09-30T02:51:35,Chaos Core,720810,720810,1,,730000
4691,2026-09-30T08:06:16,2026-09-30T02:51:35,Chaos Core,720203,720203,1,,729384
4692,2026-09-30T08:07:06,2026-09-30T02:51:35,Chaos Core,719601,719601,1,,728872
4693,2026-09-30T08:07:42,2026-09-30T02:51:35,Yekaterina VIP Membership,114999999,114999999,1,,112333332
4694,2026-09-30T08:09:06,2026-09-30T02:51:35,Chaos Core,719024,719024,1,,727664
4695,2026-09-30T08:13:42,2026-09-30T02:51:35,Chaos Core Set,729107,111553523,153,,110556882
4696,2026-09-30T08:15:32,2026-09-30T02:51:35,Epic Booster (Highest),47999999,191999996,4,,187222220
4697,2026-09-30T08:17:47,2026-09-30T02:51:35,Chaos Core,720250,720250,1,,730000
4698,2026-09-30T08:18:30,2026-09-30T02:51:35,Chaos Core,719571,719571,1,,730000
4699,2026-09-30T08:27:51,2026-09-30T02:51:35,Chaos Core,719064,719064,1,,730000
4700,2026-09-30T08:30:01,2026-09-30T02:51:35,Chaos Core,718503,718503,1,,730000
4701,2026-09-30T08:30:39,2026-09-30T02:51:35,Chaos Core,717967,717967,1,,718503
4702,2026-09-30T08:31:22,2026-09-30T02:51:35,Chaos Core,719007,719007,1,,722101
4703,2026-09-30T08:34:05,2026-09-30T02:51:35,Upgrade Core (Ultimate,455335,5008685,11,,4556959
4704,2026-09-30T08:35:45,2026-09-30T02:51:35,Chaos Core Set,729074,146544074,201,,144520407
4705,2026-09-30T08:37:25,2026-09-30T02:51:35,Chaos Core Set,729065,104985503,144,,103536000
4706,2026-09-30T08:48:31,2026-09-30T02:51:35,Chaos Core,719771,719771,1,,737421
4707,2026-09-30T08:49:02,2026-09-30T02:51:35,Chaos Core,719198,719198,1,,722101
4708,2026-09-30T08:49:41,2026-09-30T02:51:35,Chaos Core,718693,718693,1,,721540
4709,2026-09-30T08:50:26,2026-09-30T02:51:35,Chaos Core,718189,718189,1,,721540
4710,2026-09-30T08:51:49,2026-09-30T02:51:35,Chaos Core Set X 18,729030,13122557,18,,13130010
4711,2026-09-30T08:52:27,2026-09-30T02:51:35,Force Core(High,174985,27122675,155,,25910420
4712,2026-09-30T08:54:16,2026-09-30T02:51:35,Chaos Core Set X 39,729029,28432169,39,,28137525
4713,2026-09-30T08:54:31,2026-09-30T02:51:35,Chaos Core Set X 24,729028,17496695,24,,17256168
4714,2026-09-30T08:54:47,2026-09-30T02:51:35,Chaos Core Set X 18,729027,13122503,18,,13051008
4715,2026-09-30T08:55:04,2026-09-30T02:51:35,Chaos Core Set X 48,729026,34993295,48,,34583808
4716,2026-09-30T08:57:54,2026-09-30T02:51:35,Upgrade Core (Ultimate,449970,4499700,10,,4142850
4717,2026-09-30T09:04:41,2026-09-30T02:51:35,Chaos Core,721475,721475,1,,737000
4718,2026-09-30T09:05:11,2026-09-30T02:51:35,Chaos Core,720966,720966,1,,736490
4719,2026-09-30T09:06:06,2026-09-30T02:51:35,Chaos Core,720415,720415,1,,736490
4720,2026-09-30T09:06:55,2026-09-30T02:51:35,Chaos Core,719879,719879,1,,736490
4721,2026-09-30T09:11:06,2026-09-30T02:51:35,Force Core(High,174972,6998880,40,,6687760
4722,2026-09-30T09:11:27,2026-09-30T02:51:35,Force Core(High,174971,5249130,30,,5015820
4723,2026-09-30T09:11:43,2026-09-30T02:51:35,Force Core(High,174970,3499400,20,,3343280
4724,2026-09-30T09:11:58,2026-09-30T02:51:35,Force Core (Ultimate,349971,9799188,28,,9333296
4725,2026-09-30T09:12:14,2026-09-30T02:51:35,Upgrade Core (Ultimate,449961,12148947,27,,11185263
4726,2026-09-30T09:12:34,2026-09-30T02:51:35,Upgrade Core (Ultimate,449960,22498000,50,,20713450
4727,2026-09-30T09:15:07,2026-09-30T02:51:35,Chaos Core,727016,727016,1,,730000
4728,2026-09-30T09:15:39,2026-09-30T02:51:35,Chaos Core,726501,726501,1,,730000
4729,2026-09-30T09:16:18,2026-09-30T02:51:35,Chaos Core,725900,725900,1,,730000
4730,2026-09-30T09:17:04,2026-09-30T02:51:35,Chaos Core,725221,725221,1,,730000
4731,2026-09-30T09:18:44,2026-09-30T02:51:35,Force Core(High,174968,8748400,50,,8359700
4732,2026-09-30T09:19:10,2026-09-30T02:51:35,Force Core (Ultimate,349968,19948176,57,,18999924
4733,2026-09-30T09:26:37,2026-09-30T02:51:35,Chaos Core,729404,729404,1,,730000
4734,2026-09-30T09:27:10,2026-09-30T02:51:35,Chaos Core,728792,728792,1,,730000
4735,2026-09-30T09:29:31,2026-09-30T02:51:35,Chaos Core,728208,728208,1,,730000
4736,2026-09-30T09:35:55,2026-09-30T02:51:35,Force Core(High,174964,3499280,20,,3343880
4737,2026-09-30T09:38:17,2026-09-30T02:51:35,Chaos Core,719403,719403,1,,720000
4738,2026-09-30T09:38:48,2026-09-30T02:51:35,Chaos Core,706602,706602,1,,720000
4739,2026-09-30T09:40:41,2026-09-30T02:51:35,Chaos Core,709446,709446,1,,720000
4740,2026-09-30T09:41:30,2026-09-30T02:51:35,Chaos Core,708817,708817,1,,728792
4741,2026-09-30T09:44:43,2026-09-30T02:51:35,Chaos Core,719341,719341,1,,720000
4742,2026-09-30T09:45:27,2026-09-30T02:51:35,Chaos Core,718787,718787,1,,720000
4743,2026-09-30T09:48:08,2026-09-30T02:51:35,Chaos Core,718278,718278,1,,720000
4744,2026-09-30T09:48:55,2026-09-30T02:51:35,Chaos Core,717681,717681,1,,720000
4745,2026-09-30T09:51:42,2026-09-30T02:51:35,Upgrade Core (Ultimate,449948,59393136,132,,54683508
4746,2026-09-30T09:52:03,2026-09-30T02:51:35,Force Core(Highest,197449,13821430,70,,13440000
4747,2026-09-30T09:52:38,2026-09-30T02:51:35,Chaos Core Set X 18,730688,13152384,18,,13152384
4748,2026-09-30T09:54:29,2026-09-30T02:51:35,Chaos Core Set X 33,729097,24060233,33,,23784882
4749,2026-09-30T09:55:49,2026-09-30T02:51:35,Chaos Core Set,729096,159672242,219,,158140119
4750,2026-09-30T09:58:28,2026-09-30T02:51:35,Chaos Core Set,729095,146548295,201,,145142301
4751,2026-09-30T09:59:56,2026-09-30T02:51:35,Chaos Core Set,729094,157484519,216,,155762136
4752,2026-09-30T10:01:39,2026-09-30T02:51:35,Chaos Core Set,729093,181544405,249,,179280000
4753,2026-09-30T10:02:14,2026-09-30T02:51:35,Chaos Core Set,729100,120301664,165,,118797690
4754,2026-09-30T10:07:02,2026-09-30T02:51:35,Yekaterina VIP Membership,114999999,114999999,1,,112333332
4755,2026-09-30T10:07:49,2026-09-30T02:51:35,Chaos Core,716481,716481,1,,719483
4756,2026-09-30T10:08:40,2026-09-30T02:51:35,Upgrade Core (Ultimate,449945,4499450,10,,4142850
4757,2026-09-30T10:08:51,2026-09-30T02:51:35,Upgrade Core (Ultimate,449944,899888,2,,828570
4758,2026-09-30T10:09:21,2026-09-30T02:51:35,Force Core(High,174958,5423698,31,,5183014
4759,2026-09-30T10:09:32,2026-09-30T02:51:35,Force Core(High,174957,8747850,50,,8359700
4760,2026-09-30T10:09:37,2026-09-30T02:51:35,Force Core(High,174956,1049736,6,,1002984
4761,2026-09-30T10:10:14,2026-09-30T02:51:35,Force Core(Highest,197446,35540280,180,,34560000
4762,2026-09-30T10:10:19,2026-09-30T02:51:35,Force Core(Highest,197445,4738680,24,,4608000
4763,2026-09-30T10:10:24,2026-09-30T02:51:35,Force Core(Highest,197444,18954624,96,,18432000
4764,2026-09-30T10:14:55,2026-09-30T02:51:35,Chaos Core,716535,716535,1,,720000
4765,2026-09-30T10:15:28,2026-09-30T02:51:35,Chaos Core,715983,715983,1,,719483
4766,2026-09-30T10:16:12,2026-09-30T02:51:35,Chaos Core,715409,715409,1,,718878
4767,2026-09-30T10:17:06,2026-09-30T02:51:35,Chaos Core,714819,714819,1,,728000
4768,2026-09-30T10:19:34,2026-09-30T02:51:35,Chaos Core Set X 243,729090,177169112,243,,174104640
4769,2026-09-30T10:22:42,2026-09-30T02:51:35,Chaos Core Set X 18,729089,13123619,18,,12995730
4770,2026-09-30T10:23:15,2026-09-30T02:51:35,Chaos Core Set X 231,729088,168419558,231,,165663267
4771,2026-09-30T10:23:42,2026-09-30T02:51:35,Chaos Core Set X 63,729087,45932543,63,,45505782
4772,2026-09-30T10:28:22,2026-09-30T02:51:35,Epic Booster (Highest),49858983,199435932,4,,187222220
4773,2026-09-30T10:30:34,2026-09-30T02:51:35,Chaos Core,719382,719382,1,,720000
4774,2026-09-30T10:31:06,2026-09-30T02:51:35,Chaos Core,718685,718685,1,,722101
4775,2026-09-30T10:31:45,2026-09-30T02:51:35,Chaos Core,718101,718101,1,,730000
4776,2026-09-30T10:32:33,2026-09-30T02:51:35,Chaos Core,717536,717536,1,,730000
4777,2026-09-30T10:33:59,2026-09-30T02:51:35,Chaos Core Set X 255,729085,185916929,255,,182720505
4778,2026-09-30T10:34:23,2026-09-30T02:51:35,Chaos Core Set X 192,729084,139984319,192,,137564160
4779,2026-09-30T11:22:41,2026-09-30T11:17:49,Chaos Core,737090,737090,1,,749994
4780,2026-09-30T11:23:12,2026-09-30T11:17:49,Chaos Core,736405,736405,1,,749994
4781,2026-09-30T11:25:04,2026-09-30T11:17:49,Chaos Core,735832,735832,1,,749994
4782,2026-09-30T11:25:49,2026-09-30T11:17:49,Chaos Core,735177,735177,1,,749994
4783,2026-09-30T11:27:03,2026-09-30T11:17:49,Upgrade Core (Ultimate,434984,434984,1,,414634
4784,2026-09-30T11:27:18,2026-09-30T11:17:49,Chaos Core Set X 18,736173,13251114,18,,13320000
4785,2026-09-30T11:29:01,2026-09-30T11:17:49,Chaos Core Set X 18,729100,13123817,18,,13320000
4786,2026-09-30T11:30:29,2026-09-30T11:17:49,Upgrade Core (Ultimate,434995,2174975,5,,2073170
4787,2026-09-30T11:31:25,2026-09-30T11:17:49,Upgrade Core (Ultimate,434994,869988,2,,829268
4788,2026-09-30T11:39:54,2026-09-30T11:17:49,Chaos Core,735434,735434,1,,740000
4789,2026-09-30T11:40:25,2026-09-30T11:17:49,Chaos Core,734882,734882,1,,740000
4790,2026-09-30T11:41:04,2026-09-30T11:17:49,Chaos Core,734325,734325,1,,738784
4791,2026-09-30T11:41:47,2026-09-30T11:17:49,Chaos Core,733798,733798,1,,738783
4792,2026-09-30T11:47:02,2026-09-30T11:17:49,Chaos Core,738114,738114,1,,738783
4793,2026-09-30T11:47:34,2026-09-30T11:17:49,Chaos Core,737453,737453,1,,738783
4794,2026-09-30T11:48:13,2026-09-30T11:17:49,Chaos Core,734312,734312,1,,735000
4795,2026-09-30T11:49:01,2026-09-30T11:17:49,Chaos Core,733745,733745,1,,738783
4796,2026-09-30T11:50:26,2026-09-30T11:17:49,Chaos Core Set X 177,749965,132743981,177,,130673790
4797,2026-09-30T11:50:36,2026-09-30T11:17:49,Chaos Core Set X 249,749965,186741533,249,,184114086
4798,2026-09-30T11:50:47,2026-09-30T11:17:49,Chaos Core Set X 210,749964,157492649,210,,154559790
4799,2026-09-30T11:52:03,2026-09-30T11:17:49,Chaos Core Set X 144,749961,107994527,144,,106043040
4800,2026-09-30T11:54:48,2026-09-30T11:17:49,Chaos Core,739426,739426,1,,740000
4801,2026-09-30T11:55:21,2026-09-30T11:17:49,Chaos Core,739449,739449,1,,740000
4802,2026-09-30T11:57:52,2026-09-30T11:17:49,Chaos Core,739477,739477,1,,740000
4803,2026-09-30T11:58:38,2026-09-30T11:17:49,Chaos Core,738935,738935,1,,740000
4804,2026-09-30T12:02:18,2026-09-30T11:17:49,Force Core(High,174909,43727250,250,,41522000
4805,2026-09-30T12:02:24,2026-09-30T11:17:49,Force Core(High,174908,4022884,23,,3820024
4806,2026-09-30T12:03:00,2026-09-30T11:17:49,Chaos Core Set,749999,33749999,45,,33300000
4807,2026-09-30T12:05:50,2026-09-30T11:17:49,Epic Booster (Highest),48242738,48242738,1,,47499999
4808,2026-09-30T12:06:07,2026-09-30T11:17:49,Chaos Core,739410,739410,1,,740000
4809,2026-09-30T12:06:38,2026-09-30T11:17:49,Chaos Core,739390,739390,1,,740000
4810,2026-09-30T12:07:23,2026-09-30T11:17:49,Chaos Core,739494,1478988,2,,1494000
4811,2026-09-30T12:08:09,2026-09-30T11:17:49,Chaos Core,738715,738715,1,,747000
4812,2026-09-30T12:10:42,2026-09-30T11:17:49,Chaos Core Set X 39,751427,29305691,39,,29055000
4813,2026-09-30T12:10:53,2026-09-30T11:17:49,Chaos Core Set X 207,751426,155545388,207,,153014814
4814,2026-09-30T12:21:10,2026-09-30T12:15:36,Chaos Core,749481,749481,1,,751430
4815,2026-09-30T12:21:50,2026-09-30T12:15:36,Chaos Core,749313,749313,1,,751430
4816,2026-09-30T12:24:06,2026-09-30T12:15:36,Force Core(High,174898,174898,1,,166088
4817,2026-09-30T12:33:51,2026-09-30T12:32:51,Chaos Core,744286,744286,1,,751430
4818,2026-09-30T12:33:56,2026-09-30T12:32:51,Chaos Core,744239,744239,1,,751430
4819,2026-09-30T12:34:17,2026-09-30T12:32:51,Chaos Core,745445,745445,1,,751430
4820,2026-09-30T12:34:22,2026-09-30T12:32:51,Chaos Core,744795,744795,1,,751430
4821,2026-09-30T12:34:29,2026-09-30T12:32:51,Chaos Core,744212,744212,1,,751430
4822,2026-09-30T12:40:12,2026-09-30T12:35:19,Chaos Core,739999,739999,1,,734449
4823,2026-09-30T12:41:02,2026-09-30T12:35:19,Chaos Core,739426,739426,1,,740000
4824,2026-09-30T12:45:53,2026-09-30T12:35:19,Chaos Core,738790,738790,1,,739426
4825,2026-09-30T12:46:26,2026-09-30T12:35:19,Upgrade Core (Ultimate,429923,429923,1,,413700
4826,2026-09-30T12:49:54,2026-09-30T12:35:19,Chaos Core,739427,739427,1,,740000
4827,2026-09-30T12:53:11,2026-09-30T12:35:19,Chaos Core,734331,734331,1,,735000
4828,2026-09-30T12:55:56,2026-09-30T12:35:19,Chaos Core,719350,719350,1,,720000
4829,2026-09-30T12:59:49,2026-09-30T12:35:19,Chaos Core,736203,736203,1,,736854
4830,2026-09-30T13:03:08,2026-09-30T12:35:19,Chaos Core,736224,736224,1,,736854
4831,2026-09-30T13:03:41,2026-09-30T12:35:19,Chaos Core Set X 202,734439,148356879,202,,145440000
4832,2026-09-30T13:05:51,2026-09-30T12:35:19,Chaos Core,735587,735587,1,,740000
4833,2026-09-30T13:07:47,2026-09-30T12:35:19,Upgrade Core (Ultimate,429911,429911,1,,413700
4834,2026-09-30T13:08:33,2026-09-30T12:35:19,Force Core(High,174848,5070592,29,,4816552
4835,2026-09-30T13:08:59,2026-09-30T12:35:19,Chaos Core,735003,735003,1,,737373
4836,2026-09-30T13:09:37,2026-09-30T12:35:19,Chaos Core Set X 117,734436,85929128,117,,84342960
4837,2026-09-30T13:09:48,2026-09-30T12:35:19,Chaos Core,734352,734352,1,,735584
4838,2026-09-30T13:10:21,2026-09-30T12:35:19,Chaos Core,733678,733678,1,,734584
4839,2026-09-30T13:12:38,2026-09-30T12:35:19,Chaos Core,734300,734300,1,,735584
4840,2026-09-30T13:13:11,2026-09-30T12:35:19,Chaos Core,733753,733753,1,,734975
4841,2026-09-30T13:14:59,2026-09-30T12:35:19,Force Core(High,174838,174838,1,,166088
4842,2026-09-30T13:16:19,2026-09-30T12:35:19,Chaos Core,734996,734996,1,,735584
4843,2026-09-30T13:16:54,2026-09-30T12:35:19,Chaos Core,734347,734347,1,,735584
4844,2026-09-30T13:26:42,2026-09-30T12:35:19,Force Core(High,174820,5244600,30,,4982640
4845,2026-09-30T13:27:50,2026-09-30T12:35:19,Chaos Core,731451,731451,1,,732656
4846,2026-09-30T13:31:08,2026-09-30T12:35:19,Epic Booster (Highest),47499999,142499997,3,,142499997
4847,2026-09-30T13:33:20,2026-09-30T12:35:19,Chaos Core,720389,720389,1,,734990
4848,2026-09-30T13:33:29,2026-09-30T12:35:19,Chaos Core,709367,709367,1,,733765
4849,2026-09-30T13:36:16,2026-09-30T12:35:19,Chaos Core,730183,730183,1,,732656
4850,2026-09-30T13:36:48,2026-09-30T12:35:19,Chaos Core,729632,729632,1,,730842
4851,2026-09-30T13:37:25,2026-09-30T12:35:19,Chaos Core,729088,729088,1,,734990
4852,2026-09-30T13:38:11,2026-09-30T12:35:19,Chaos Core Set X 54,734445,39660083,54,,38340000
4853,2026-09-30T13:40:19,2026-09-30T12:35:19,Chaos Core,749404,749404,1,,750000
4854,2026-09-30T13:40:51,2026-09-30T12:35:19,Yekaterina VIP Membership,114999999,114999999,1,,113999998
4855,2026-09-30T13:43:36,2026-09-30T12:35:19,Chaos Core,749497,749497,1,,750000
4856,2026-09-30T13:44:09,2026-09-30T12:35:19,Chaos Core,748865,748865,1,,749496
4857,2026-09-30T13:44:41,2026-09-30T12:35:19,Chaos Core,748286,748286,1,,750000
4858,2026-09-30T13:50:17,2026-09-30T12:35:19,Chaos Core,747170,747170,1,,747747
4859,2026-09-30T13:50:51,2026-09-30T12:35:19,Chaos Core,747093,747093,1,,747747
4860,2026-09-30T13:54:40,2026-09-30T12:35:19,Epic Booster (Highest),49858982,49858982,1,,47499999
4861,2026-09-30T13:54:55,2026-09-30T12:35:19,Chaos Core,746476,746476,1,,749457
4862,2026-09-30T13:58:57,2026-09-30T12:35:19,Chaos Core,745796,745796,1,,749457
4863,2026-09-30T13:59:30,2026-09-30T12:35:19,Chaos Core,745275,745275,1,,746476
4864,2026-09-30T14:00:03,2026-09-30T12:35:19,Chaos Core,744712,744712,1,,746476
4865,2026-09-30T14:01:06,2026-09-30T12:35:19,Chaos Core,744062,1488124,2,,1500000
4866,2026-09-30T14:01:57,2026-09-30T12:35:19,Chaos Core,743510,743510,1,,748289
4867,2026-09-30T14:05:18,2026-09-30T12:35:19,Chaos Core,749495,749495,1,,750000
4868,2026-09-30T14:05:50,2026-09-30T12:35:19,Yekaterina VIP Membership,114999999,114999999,1,,113999998
4869,2026-09-30T14:08:08,2026-09-30T12:35:19,Force Core(High,174775,1747750,10,,1660880
4870,2026-09-30T14:08:41,2026-09-30T12:35:19,Chaos Core,749330,749330,1,,749999
4871,2026-09-30T14:09:13,2026-09-30T12:35:19,Chaos Core,748708,748708,1,,749999
4872,2026-09-30T14:11:31,2026-09-30T12:35:19,Force Core(Highest,197323,15785840,80,,15360000
4873,2026-09-30T14:11:47,2026-09-30T12:35:19,Upgrade Core (Ultimate,429847,1289541,3,,1200000
4874,2026-09-30T14:14:01,2026-09-30T12:35:19,Chaos Core Set X 120,789992,94799159,120,,86652120
4875,2026-09-30T14:17:10,2026-09-30T12:35:19,Chaos Core,747729,747729,1,,748339
4876,2026-09-30T14:19:13,2026-09-30T12:35:19,Force Core(Highest,197322,3157152,16,,3084560
4877,2026-09-30T14:19:49,2026-09-30T12:35:19,Chaos Core,739435,739435,1,,740000
4878,2026-09-30T14:20:19,2026-09-30T12:35:19,Chaos Core,738911,738911,1,,740000
4879,2026-09-30T14:20:53,2026-09-30T12:35:19,Chaos Core,738349,738349,1,,750000
4880,2026-09-30T14:21:33,2026-09-30T12:35:19,Force Core(Highest,197321,986605,5,,960000
4881,2026-09-30T14:21:38,2026-09-30T12:35:19,Chaos Core,729455,729455,1,,750000
4882,2026-09-30T14:22:15,2026-09-30T12:35:19,Chaos Core,728784,728784,1,,749408
4883,2026-09-30T14:25:06,2026-09-30T12:35:19,Chaos Core,747711,1495422,2,,1499998
4884,2026-09-30T14:27:06,2026-09-30T12:35:19,Force Core(High,174766,8738300,50,,8304400
4885,2026-09-30T14:27:23,2026-09-30T12:35:19,Force Core(High,174765,1747650,10,,1660880
4886,2026-09-30T14:32:42,2026-09-30T12:35:19,Force Core(High,174763,524289,3,,498264
4887,2026-09-30T14:32:58,2026-09-30T12:35:19,Force Core(High,174762,524286,3,,498264
4888,2026-09-30T14:38:21,2026-09-30T12:35:19,Upgrade Core (Ultimate,429841,2149205,5,,2068500
4889,2026-09-30T14:41:09,2026-09-30T12:35:19,Upgrade Core (Ultimate,429840,429840,1,,413700
4890,2026-09-30T14:41:35,2026-09-30T12:35:19,Force Core(High,174761,13980880,80,,13287040
4891,2026-09-30T14:45:24,2026-09-30T12:35:19,Chaos Core,738484,738484,1,,747065
4892,2026-09-30T14:46:57,2026-09-30T12:35:19,Chaos Core,737950,737950,1,,749999
4893,2026-09-30T14:47:28,2026-09-30T12:35:19,Chaos Core,737255,737255,1,,749999
4894,2026-09-30T14:48:00,2026-09-30T12:35:19,Chaos Core,736563,736563,1,,749999
4895,2026-09-30T14:48:38,2026-09-30T12:35:19,Chaos Core,735868,735868,1,,749999
4896,2026-09-30T14:49:11,2026-09-30T12:35:19,Chaos Core,735235,735235,1,,749999
4897,2026-09-30T14:54:47,2026-09-30T12:35:19,Force Core(High,174754,1747540,10,,1660880
4898,2026-09-30T14:55:09,2026-09-30T12:35:19,Chaos Core,734360,734360,1,,735000
4899,2026-09-30T14:55:40,2026-09-30T12:35:19,Chaos Core,734487,734487,1,,735000
4900,2026-09-30T14:56:16,2026-09-30T12:35:19,Chaos Core,734495,734495,1,,735000
4901,2026-09-30T14:56:52,2026-09-30T12:35:19,Chaos Core,734353,734353,1,,735000
4902,2026-09-30T14:57:37,2026-09-30T12:35:19,Chaos Core,721478,721478,1,,722101
4903,2026-09-30T14:59:09,2026-09-30T12:35:19,Force Core(High,174753,1747530,10,,1500000
4904,2026-09-30T15:00:48,2026-09-30T12:35:19,Epic Booster (Highest),49858978,149576934,3,,142499997
4905,2026-09-30T15:12:55,2026-09-30T12:35:19,Chaos Core Set X 228,779970,177833387,228,,167174844
4906,2026-09-30T15:18:51,2026-09-30T12:35:19,Chaos Core,732572,732572,1,,739156
4907,2026-09-30T15:19:33,2026-09-30T12:35:19,Chaos Core,732024,732024,1,,739156
4908,2026-09-30T15:20:09,2026-09-30T12:35:19,Chaos Core,731517,731517,1,,739156
4909,2026-09-30T15:20:50,2026-09-30T12:35:19,Chaos Core,730859,730859,1,,739156
4910,2026-09-30T15:21:27,2026-09-30T12:35:19,Chaos Core Set,789991,142198559,180,,133187040
4911,2026-09-30T15:21:38,2026-09-30T12:35:19,Chaos Core Set X 18,779969,14039459,18,,13404816
4912,2026-09-30T15:21:48,2026-09-30T12:35:19,Chaos Core Set X 120,779968,93596279,120,,88800000
4913,2026-09-30T15:23:51,2026-09-30T12:35:19,Chaos Core Set X 240,779967,187192319,240,,177600000
4914,2026-09-30T15:25:39,2026-09-30T12:35:19,Chaos Core Set X 201,762375,153237575,201,,120240009
4915,2026-09-30T15:30:39,2026-09-30T15:29:14,Force Core(High,174741,12406611,71,,11792248
4916,2026-09-30T15:30:47,2026-09-30T15:29:14,Force Core(Highest,197389,789556,4,,771140
4917,2026-09-30T15:50:48,2026-09-30T15:33:15,Force Core(High,174738,2795808,16,,2638528
4918,2026-09-30T15:54:09,2026-09-30T15:33:15,Force Core(Highest,197389,3158224,16,,3083632
4919,2026-09-30T15:58:03,2026-09-30T15:33:15,Chaos Core,730497,730497,1,,734449
4920,2026-09-30T15:58:38,2026-09-30T15:33:15,Chaos Core,729898,729898,1,,734449
4921,2026-09-30T15:59:13,2026-09-30T15:33:15,Chaos Core,729268,729268,1,,734449
4922,2026-09-30T15:59:56,2026-09-30T15:33:15,Chaos Core,728690,728690,1,,734449
4923,2026-09-30T16:00:35,2026-09-30T15:33:15,Force Core(High,174735,873675,5,,824540
4924,2026-09-30T16:04:31,2026-09-30T15:33:15,Force Core(High,174734,3494680,20,,3298160
4925,2026-09-30T16:04:46,2026-09-30T15:33:15,Force Core(High,174733,11881844,68,,11213744
4926,2026-09-30T16:06:25,2026-09-30T15:33:15,Force Core(High,174733,8736650,50,,8245400
4927,2026-09-30T16:14:27,2026-09-30T15:33:15,Force Core(High),174727,1223089,7,,1154356
4928,2026-09-30T16:17:44,2026-09-30T15:33:15,Chaos Core,725524,725524,1,,734449
4929,2026-09-30T16:18:25,2026-09-30T15:33:15,Chaos Core,724901,724901,1,,731180
4930,2026-09-30T16:19:03,2026-09-30T15:33:15,Chaos Core,724296,724296,1,,730494
4931,2026-09-30T16:19:37,2026-09-30T15:33:15,Chaos Core,723646,723646,1,,729872
4932,2026-09-30T16:23:56,2026-09-30T15:33:15,Force Core (Ultimate,333332,31666540,95,,31214245
4933,2026-09-30T16:31:01,2026-09-30T15:33:15,Chaos Core,742423,742423,1,,747065
4934,2026-09-30T16:31:09,2026-09-30T15:33:15,Chaos Core,741764,741764,1,,747065
4935,2026-09-30T16:31:50,2026-09-30T15:33:15,Chaos Core,741224,741224,1,,745240
4936,2026-09-30T16:32:26,2026-09-30T15:33:15,Chaos Core,740700,740700,1,,745240
4937,2026-09-30T16:34:57,2026-09-30T15:33:15,Chaos Core,740026,740026,1,,747065
4938,2026-09-30T16:35:30,2026-09-30T15:33:15,Chaos Core,739501,739501,1,,747065
4939,2026-09-30T16:41:05,2026-09-30T15:33:15,Chaos Core,736994,736994,1,,737647
4940,2026-09-30T16:41:38,2026-09-30T15:33:15,Chaos Core,736409,736409,1,,737647
4941,2026-09-30T16:44:38,2026-09-30T15:33:15,Chaos Core,735847,735847,1,,739501
4942,2026-09-30T16:45:16,2026-09-30T15:33:15,Chaos Core,735154,735154,1,,739501
4943,2026-09-30T16:45:59,2026-09-30T15:33:15,Chaos Core,734610,734610,1,,739501
4944,2026-09-30T16:48:41,2026-09-30T15:33:15,Chaos Core,735750,735750,1,,736994
4945,2026-09-30T16:54:23,2026-09-30T15:33:15,Chaos Core,735184,735184,1,,736994
4946,2026-09-30T16:54:33,2026-09-30T15:33:15,Chaos Core,734642,734642,1,,736994
4947,2026-09-30T16:56:45,2026-09-30T15:33:15,Chaos Core,734000,734000,1,,736994
4948,2026-09-30T17:01:09,2026-09-30T15:33:15,Chaos Core,733385,733385,1,,736994
4949,2026-09-30T17:01:43,2026-09-30T15:33:15,Chaos Core,736394,736394,1,,736994
4950,2026-09-30T17:05:43,2026-09-30T15:33:15,Force Core(High,174548,5236440,30,,4947240
4951,2026-09-30T17:06:00,2026-09-30T15:33:15,Chaos Core,719417,719417,1,,720000
4952,2026-09-30T17:11:03,2026-09-30T15:33:15,Chaos Core,718907,718907,1,,736994
4953,2026-09-30T17:13:30,2026-09-30T15:33:15,Chaos Core,718400,718400,1,,718907
4954,2026-09-30T17:14:05,2026-09-30T15:33:15,Chaos Core,717664,717664,1,,718907
4955,2026-09-30T17:22:20,2026-09-30T15:33:15,Yekaterina VIP Membership,114999999,114999999,1,,113999997
4956,2026-09-30T17:24:04,2026-09-30T15:33:15,Chaos Core,712384,712384,1,,717650
4957,2026-09-30T17:24:58,2026-09-30T15:33:15,Chaos Core,711784,711784,1,,717018
4958,2026-09-30T17:27:27,2026-09-30T15:33:15,Chaos Core,713720,713720,1,,714400
4959,2026-09-30T17:28:02,2026-09-30T15:33:15,Chaos Core,713071,713071,1,,717660
4960,2026-09-30T17:30:10,2026-09-30T15:33:15,Upgrade Core (Ultimate),429981,2579886,6,,2522280
4961,2026-09-30T17:32:38,2026-09-30T15:33:15,Chaos Core,718244,718244,1,,718907
4962,2026-09-30T17:33:33,2026-09-30T15:33:15,Chaos Core,717579,717579,1,,718907
4963,2026-09-30T17:36:03,2026-09-30T15:33:15,Chaos Core,718291,718291,1,,718907
4964,2026-09-30T17:36:42,2026-09-30T15:33:15,Chaos Core,717776,717776,1,,718907
4965,2026-09-30T17:38:39,2026-09-30T15:33:15,Upgrade Core (Ultimate,429975,21498750,50,,21019000
4966,2026-09-30T17:52:27,2026-09-30T15:33:15,Chaos Core,714540,714540,1,,718907
4967,2026-09-30T17:53:05,2026-09-30T15:33:15,Chaos Core,713998,713998,1,,716929
4968,2026-09-30T17:57:45,2026-09-30T15:33:15,Chaos Core,714518,714518,1,,718907
4969,2026-09-30T17:58:40,2026-09-30T15:33:15,Chaos Core,713928,713928,1,,718907
4970,2026-09-30T18:05:28,2026-09-30T15:33:15,Chaos Core,714681,714681,1,,715203
4971,2026-09-30T18:19:56,2026-09-30T15:33:15,Chaos Core,714383,714383,1,,722942
4972,2026-09-30T18:20:31,2026-09-30T15:33:15,Chaos Core,713716,713716,1,,730000
4973,2026-09-30T18:25:03,2026-09-30T15:33:15,Chaos Core,713032,713032,1,,722942
4974,2026-09-30T18:25:58,2026-09-30T15:33:15,Chaos Core,712480,712480,1,,722942
4975,2026-09-30T18:37:22,2026-09-30T15:33:15,Chaos Core,713227,713227,1,,713800
4976,2026-09-30T18:38:15,2026-09-30T15:33:15,Chaos Core,712538,712538,1,,713800
4977,2026-09-30T18:40:45,2026-09-30T15:33:15,Chaos Core,712016,712016,1,,715000
4978,2026-09-30T18:41:20,2026-09-30T15:33:15,Chaos Core,711472,711472,1,,715000
4979,2026-09-30T18:45:58,2026-09-30T15:33:15,Chaos Core,713288,713288,1,,713800
4980,2026-09-30T18:46:52,2026-09-30T15:33:15,Chaos Core,712624,712624,1,,713800
4981,2026-09-30T18:51:25,2026-09-30T15:33:15,Force Core(High,169887,1868757,11,,1813988
4982,2026-09-30T18:51:30,2026-09-30T15:33:15,Chaos Core,713213,713213,1,,713800
4983,2026-09-30T18:52:25,2026-09-30T15:33:15,Chaos Core,713241,713241,1,,713800
4984,2026-09-30T18:54:24,2026-09-30T15:33:15,Force Core(High,169887,679548,4,,659632
4985,2026-09-30T18:54:48,2026-09-30T15:33:15,Force Core(High,169888,3397760,20,,3298160
4986,2026-09-30T18:55:04,2026-09-30T15:33:15,Chaos Core,713129,713129,1,,713800
4987,2026-09-30T18:55:38,2026-09-30T15:33:15,Chaos Core,713256,713256,1,,713800
4988,2026-09-30T18:56:56,2026-09-30T15:33:15,Force Core(Highest,198682,794728,4,,771024
4989,2026-09-30T19:01:03,2026-09-30T15:33:15,Force Core (Ultimate,333332,2999988,9,,2957139
4990,2026-09-30T19:01:43,2026-09-30T15:33:15,Chaos Core,713141,713141,1,,713800
4991,2026-09-30T19:02:33,2026-09-30T15:33:15,Chaos Core,713221,713221,1,,713800
4992,2026-09-30T19:05:21,2026-09-30T15:33:15,Chaos Core,713158,713158,1,,713800
4993,2026-09-30T19:05:54,2026-09-30T15:33:15,Chaos Core,713196,713196,1,,713800
4994,2026-09-30T19:09:35,2026-09-30T15:33:15,Yekaterina VIP Membership,114999999,114999999,1,,113999997
4995,2026-09-30T19:10:56,2026-09-30T15:33:15,Chaos Core,713116,713116,1,,713800
4996,2026-09-30T19:11:44,2026-09-30T15:33:15,Chaos Core,713292,713292,1,,713800
4997,2026-09-30T19:13:17,2026-09-30T15:33:15,Chaos Core Set X 177,749979,132746459,177,,129794277
4998,2026-09-30T19:16:08,2026-09-30T15:33:15,Chaos Core Set X 330,749978,247493069,330,,242333850
4999,2026-09-30T19:18:32,2026-09-30T15:33:15,Chaos Core,713290,713290,1,,713800
5000,2026-09-30T19:19:22,2026-09-30T15:33:15,Chaos Core,713138,713138,1,,713800
5001,2026-09-30T19:20:51,2026-09-30T15:33:15,Force Core(Highest,198676,794704,4,,771024
5002,2026-09-30T19:21:06,2026-09-30T15:33:15,Chaos Core Set X 285,749977,213743729,285,,210206025
5003,2026-09-30T19:25:54,2026-09-30T15:33:15,Chaos Core Set X 327,749978,245243132,327,,240237417
5004,2026-09-30T19:27:51,2026-09-30T15:33:15,Chaos Core Set X 249,749976,186744272,249,,182933079
5005,2026-09-30T19:30:30,2026-09-30T15:33:15,Chaos Core Set,749974,110246324,147,,104928600
5006,2026-09-30T19:33:50,2026-09-30T15:33:15,Chaos Core Set,749968,186742280,249,,177738690
5007,2026-09-30T19:36:21,2026-09-30T15:33:15,Chaos Core Set,749967,155243375,207,,147226059
5008,2026-09-30T19:37:34,2026-09-30T15:33:15,Force Core(High,169881,5096430,30,,4922820
5009,2026-09-30T19:40:57,2026-09-30T15:33:15,Chaos Core,710643,710643,1,,713800
5010,2026-09-30T19:41:29,2026-09-30T15:33:15,Chaos Core Set X 213,749965,159742757,213,,155314488
5011,2026-09-30T19:41:40,2026-09-30T15:33:15,Chaos Core,710067,710067,1,,713800
5012,2026-09-30T19:42:17,2026-09-30T15:33:15,Chaos Core Set,749962,123743894,165,,119285430
5013,2026-09-30T19:42:28,2026-09-30T15:33:15,Chaos Core Set X 171,749960,128243330,171,,125628741
5014,2026-09-30T19:42:39,2026-09-30T15:33:15,Chaos Core Set,749958,220487945,294,,212544948
5015,2026-09-30T19:42:51,2026-09-30T15:33:15,Chaos Core Set X 171,749957,128242817,171,,125628741
5016,2026-09-30T19:43:03,2026-09-30T15:33:15,Chaos Core Set,749957,112493699,150,,109507050
5017,2026-09-30T19:43:14,2026-09-30T15:33:15,Force Core(High,169872,2378208,14,,2308712
5018,2026-09-30T19:43:33,2026-09-30T15:33:15,Chaos Core,710000,1420000,2,,1430000
5019,2026-09-30T19:44:11,2026-09-30T15:33:15,Chaos Core,709385,709385,1,,715000
5020,2026-09-30T19:49:11,2026-09-30T15:33:15,Chaos Core,746513,746513,1,,747065
5021,2026-09-30T19:49:45,2026-09-30T15:33:15,Chaos Core,745905,745905,1,,747065
5022,2026-09-30T19:50:34,2026-09-30T15:33:15,Chaos Core,745396,745396,1,,747065
5023,2026-09-30T19:51:22,2026-09-30T15:33:15,Chaos Core,744776,744776,1,,747065
5024,2026-09-30T20:11:15,2026-09-30T20:07:11,Yekaterina VIP Membership,114999999,114999999,1,,112727488
5025,2026-09-30T20:13:49,2026-09-30T20:07:11,Chaos Core,740990,740990,1,,759715
5026,2026-09-30T20:16:16,2026-09-30T20:07:11,Chaos Core,740447,740447,1,,759715
5027,2026-09-30T20:20:06,2026-09-30T20:07:11,Chaos Core Set X 258,759716,196006985,258,,191042034
5028,2026-09-30T20:21:23,2026-09-30T20:07:11,Chaos Core Set,759928,216579764,285,,211679475
5029,2026-09-30T20:27:55,2026-09-30T20:07:11,Chaos Core,738157,738157,1,,759715
5030,2026-09-30T20:28:31,2026-09-30T20:07:11,Chaos Core,737528,737528,1,,759715
5031,2026-09-30T20:41:39,2026-09-30T20:07:11,Chaos Core Set X 237,759906,180097958,237,,175094415
5032,2026-09-30T20:45:05,2026-09-30T20:07:11,Chaos Core,732858,732858,1,,738795
5033,2026-09-30T20:45:38,2026-09-30T20:07:11,Chaos Core,732220,732220,1,,736510
5034,2026-09-30T20:46:17,2026-09-30T20:07:11,Chaos Core Set X 228,759905,173258567,228,,168445260
5035,2026-09-30T20:46:28,2026-09-30T20:07:11,Chaos Core Set X 330,759904,250768649,330,,243724140
5036,2026-09-30T20:49:48,2026-09-30T20:07:11,Chaos Core,731695,731695,1,,759715
5037,2026-09-30T20:50:25,2026-09-30T20:07:11,Chaos Core,731143,731143,1,,759715
5038,2026-09-30T20:51:16,2026-09-30T20:07:11,Chaos Core,730610,730610,1,,742735
5039,2026-09-30T20:54:42,2026-09-30T20:07:11,Force Core(High,169796,3395920,20,,3281880
5040,2026-09-30T20:55:13,2026-09-30T20:07:11,Force Core(High,169795,13753395,81,,13291614
5041,2026-09-30T20:56:16,2026-09-30T20:07:11,Chaos Core Set X 213,759903,161859551,213,,156864276
5042,2026-09-30T21:04:15,2026-09-30T20:07:11,Chaos Core Set X 27,759892,20517110,27,,19955079
5043,2026-09-30T21:07:03,2026-09-30T20:07:11,Chaos Core Set X 249,759891,189213107,249,,183015000
5044,2026-09-30T21:07:41,2026-09-30T20:07:11,Chaos Core Set X 81,759890,61551170,81,,59447358
5045,2026-09-30T21:18:22,2026-09-30T20:07:11,Chaos Core,731336,8776032,12,,8872332
5046,2026-09-30T21:18:56,2026-09-30T20:07:11,Chaos Core,730679,730679,1,,739361
5047,2026-09-30T21:19:41,2026-09-30T20:07:11,Chaos Core,730145,730145,1,,733918
5048,2026-09-30T21:24:56,2026-09-30T20:07:11,Force Core(Highest,198553,992765,5,,953330
5049,2026-09-30T21:25:52,2026-09-30T20:07:11,Upgrade Core (Ultimate,429858,21492900,50,,22250000
5050,2026-09-30T21:25:58,2026-09-30T20:07:11,Upgrade Core (Ultimate,429857,13755424,32,,14240000
5051,2026-09-30T21:26:04,2026-09-30T20:07:11,Force Core(High,169783,4923707,29,,4758726
5052,2026-09-30T21:26:24,2026-09-30T20:07:11,Chaos Core Set,759886,50152541,66,,48194388
5053,2026-09-30T21:26:53,2026-09-30T20:07:11,Chaos Core,729408,3647040,5,,3653050
5054,2026-09-30T21:27:01,2026-09-30T20:07:11,Chaos Core,728796,728796,1,,740000
5055,2026-09-30T21:27:45,2026-09-30T20:07:11,Chaos Core Set,759885,29635553,39,,28206516
5056,2026-09-30T21:28:14,2026-09-30T20:07:11,Chaos Core Set,759884,107143784,141,,101945538
5057,2026-09-30T21:28:43,2026-09-30T20:07:11,Chaos Core Set,759887,13677983,18,,13148550
5058,2026-09-30T21:29:16,2026-09-30T20:07:11,Chaos Core Set,759897,184655213,243,,175684869
5059,2026-09-30T21:38:26,2026-09-30T21:33:14,Chaos Core,720811,720811,1,,749896
5060,2026-09-30T21:39:00,2026-09-30T21:33:14,Chaos Core,720172,720172,1,,749896
5061,2026-09-30T21:39:39,2026-09-30T21:33:14,Force Core(High,169780,509340,3,,492282
5062,2026-09-30T21:39:44,2026-09-30T21:33:14,Chaos Core,719580,719580,1,,749896
5063,2026-09-30T21:42:29,2026-09-30T21:33:14,Chaos Core,745732,1491464,2,,1492750
5064,2026-09-30T21:43:00,2026-09-30T21:33:14,Chaos Core,745032,745032,1,,746375
5065,2026-09-30T21:43:36,2026-09-30T21:33:14,Chaos Core,744510,744510,1,,746375
5066,2026-09-30T21:44:57,2026-09-30T21:33:14,Upgrade Core (Ultimate,429859,859718,2,,890000
5067,2026-09-30T21:45:14,2026-09-30T21:33:14,Force Core(High,169779,1697790,10,,1640940
5068,2026-09-30T21:45:35,2026-09-30T21:33:14,Chaos Core,718978,718978,1,,749896
5069,2026-09-30T21:46:08,2026-09-30T21:33:14,Chaos Core Set X 192,736386,141386303,192,,138395712
5070,2026-09-30T21:46:44,2026-09-30T21:33:14,Chaos Core Set X 24,749897,17997551,24,,17299464
5071,2026-09-30T21:54:19,2026-09-30T21:33:14,Chaos Core Set,759897,56992349,75,,55843050
5072,2026-09-30T21:54:43,2026-09-30T21:33:14,Chaos Core,722275,722275,1,,746375
5073,2026-09-30T22:09:49,2026-09-30T22:08:47,Chaos Core,722322,722322,1,,749896
5074,2026-09-30T22:09:55,2026-09-30T22:08:47,Chaos Core,721735,721735,1,,749896
5075,2026-09-30T22:10:00,2026-09-30T22:08:47,Chaos Core,721109,721109,1,,749896
5076,2026-09-30T22:10:11,2026-09-30T22:08:47,Upgrade Core (Ultimate,429854,429854,1,,445000
5077,2026-09-30T22:10:17,2026-09-30T22:08:47,Chaos Core,720492,720492,1,,749896
5078,2026-09-30T22:33:05,2026-09-30T22:11:11,Chaos Core,744751,744751,1,,747109
5079,2026-09-30T22:43:55,2026-09-30T22:11:11,Chaos Core,740752,740752,1,,750000
5080,2026-09-30T22:45:33,2026-09-30T22:11:11,Chaos Core,740113,740113,1,,748837
5081,2026-09-30T22:46:15,2026-09-30T22:11:11,Chaos Core,739574,739574,1,,743546
5082,2026-09-30T22:46:49,2026-09-30T22:11:11,Chaos Core,738930,738930,1,,746426
5083,2026-09-30T22:52:46,2026-09-30T22:11:11,Chaos Core,738335,738335,1,,741894
5084,2026-09-30T22:58:00,2026-09-30T22:11:11,Force Core(Highest,198400,3968000,20,,3810000
5085,2026-09-30T23:12:31,2026-09-30T22:11:11,Chaos Core,736791,736791,1,,747615
5086,2026-09-30T23:32:02,2026-09-30T22:11:11,Force Core(Highest,198322,5949660,30,,5715000
5087,2026-09-30T23:38:08,2026-09-30T22:11:11,Chaos Core Set,774744,255665849,330,,241252110
5088,2026-09-30T23:45:30,2026-09-30T22:11:11,Force Core(High,168971,8448550,50,,8204000
5089,2026-09-30T23:45:57,2026-09-30T22:11:11,Chaos Core,722334,722334,1,,747615
5090,2026-09-30T23:46:25,2026-09-30T22:11:11,Chaos Core,721668,721668,1,,746000
5091,2026-09-30T23:46:57,2026-09-30T22:11:11,Chaos Core,721026,721026,1,,746000
5092,2026-09-30T23:47:42,2026-09-30T22:11:11,Chaos Core,720518,720518,1,,746000
5093,2026-09-30T23:50:46,2026-09-30T22:11:11,Force Core(Highest,198308,2974620,15,,2857500
5094,2026-09-30T23:51:31,2026-09-30T22:11:11,Force Core(High,168961,5068830,30,,4922400
5095,2026-09-30T23:51:57,2026-09-30T22:11:11,Chaos Core,748165,748165,1,,748837
5096,2026-09-30T23:52:37,2026-09-30T22:11:11,Chaos Core,747581,747581,1,,748837
5097,2026-09-30T23:53:26,2026-09-30T22:11:11,Chaos Core,746989,746989,1,,749999
5098,2026-09-30T23:54:01,2026-09-30T22:11:11,Chaos Core,719847,719847,1,,746000
5099,2026-09-30T23:58:12,2026-09-30T22:11:11,Chaos Core Set X 36,774716,27889811,36,,26460576
5100,2026-09-30T23:58:59,2026-09-30T22:11:11,Chaos Core,746351,746351,1,,749999
5101,2026-09-30T23:59:53,2026-09-30T22:11:11,Chaos Core,745826,745826,1,,749999
5102,2026-10-01T00:00:28,2026-09-30T22:11:11,Chaos Core Set X 249,774711,192903287,249,,185142954
5103,2026-10-01T00:00:40,2026-09-30T22:11:11,Chaos Core,745262,745262,1,,749999
5104,2026-10-01T00:01:19,2026-09-30T22:11:11,Chaos Core,744710,744710,1,,749999
5105,2026-10-01T00:01:50,2026-09-30T22:11:11,Chaos Core Set X 39,774708,30213650,39,,28760706
5106,2026-10-01T00:02:47,2026-09-30T22:11:11,Chaos Core Set,774741,197559209,255,,183572715
5107,2026-10-01T00:06:58,2026-09-30T22:11:11,Chaos Core,744089,744089,1,,749000
5108,2026-10-01T00:16:09,2026-09-30T22:11:11,Chaos Core,739181,739181,1,,742000
5109,2026-10-01T00:16:41,2026-09-30T22:11:11,Upgrade Core (Ultimate),456075,912150,2,,890000
5110,2026-10-01T00:22:58,2026-09-30T22:11:11,Chaos Core,738504,738504,1,,742330
5111,2026-10-01T00:23:07,2026-09-30T22:11:11,Chaos Core,737882,737882,1,,744089
5112,2026-10-01T00:23:48,2026-09-30T22:11:11,Chaos Core,737201,737201,1,,749000
5113,2026-10-01T00:24:21,2026-09-30T22:11:11,Chaos Core,736578,736578,1,,742890
5114,2026-10-01T00:25:53,2026-09-30T22:11:11,Chaos Core,742311,742311,1,,742890
5115,2026-10-01T00:36:29,2026-09-30T22:11:11,Chaos Core Set X 165,759986,125397854,165,,121177155
5116,2026-10-01T00:39:05,2026-09-30T22:11:11,Chaos Core Set X 237,759985,180116681,237,,173146275
5117,2026-10-01T00:39:35,2026-09-30T22:11:11,Chaos Core Set X 219,759984,166436714,219,,160204851
5118,2026-10-01T00:40:03,2026-09-30T22:11:11,Chaos Core Set X 306,759982,232554797,306,,223769538
5119,2026-10-01T00:40:47,2026-09-30T22:11:11,Chaos Core Set X 219,759978,166435400,219,,158324298
5120,2026-10-01T00:41:18,2026-09-30T22:11:11,Chaos Core Set X 225,759977,170995049,225,,162661950
5121,2026-10-01T00:45:16,2026-09-30T22:11:11,Force Core(Highest,198264,3965280,20,,3810000
5122,2026-10-01T00:46:21,2026-09-30T22:11:11,Chaos Core,719903,719903,1,,722942
5123,2026-10-01T00:47:01,2026-09-30T22:11:11,Chaos Core,719402,719402,1,,722942
5124,2026-10-01T00:54:46,2026-09-30T22:11:11,Chaos Core,718719,718719,1,,722287
5125,2026-10-01T00:55:42,2026-09-30T22:11:11,Chaos Core,718885,718885,1,,721141
5126,2026-10-01T01:04:32,2026-09-30T22:11:11,Chaos Core,718492,718492,1,,749998
5127,2026-10-01T01:08:46,2026-09-30T22:11:11,Chaos Core,717929,717929,1,,749998
5128,2026-10-01T01:24:41,2026-10-01T01:15:35,Chaos Core,717327,717327,1,,749952
5129,2026-10-01T01:25:23,2026-10-01T01:15:35,Chaos Core Set X 264,749965,197991023,264,,190856688
5130,2026-10-01T01:25:48,2026-10-01T01:15:35,Chaos Core,716700,716700,1,,749952
5131,2026-10-01T01:26:43,2026-10-01T01:15:35,Chaos Core Set X 261,749963,195740603,261,,188687862
5132,2026-10-01T01:27:09,2026-10-01T01:15:35,Chaos Core Set X 249,749962,186740786,249,,180012558
5133,2026-10-01T01:49:41,2026-10-01T01:15:35,Force Core(High,168874,1688740,10,,1640910
5134,2026-10-01T01:49:58,2026-10-01T01:15:35,Chaos Core,714309,714309,1,,749952
5135,2026-10-01T01:50:32,2026-10-01T01:15:35,Chaos Core,713782,713782,1,,749952
5136,2026-10-01T01:53:52,2026-10-01T01:15:35,Siena's Unbinding Stone,98799999,98799999,1,,76000000
5137,2026-10-01T01:56:11,2026-10-01T01:15:35,Chaos Core,722318,722318,1,,722942
5138,2026-10-01T01:56:45,2026-10-01T01:15:35,Chaos Core,721759,721759,1,,722942
5139,2026-10-01T01:57:26,2026-10-01T01:15:35,Chaos Core,713155,713155,1,,747285
5140,2026-10-01T01:58:02,2026-10-01T01:15:35,Chaos Core,712543,712543,1,,747285
5141,2026-10-01T02:01:36,2026-10-01T01:15:35,Force Core(Highest,198187,1981870,10,,1906660
5142,2026-10-01T02:02:35,2026-10-01T01:15:35,Chaos Core,722345,722345,1,,722942
5143,2026-10-01T02:03:09,2026-10-01T01:15:35,Chaos Core,724363,724363,1,,725000
5144,2026-10-01T02:03:51,2026-10-01T01:15:35,Chaos Core,739312,739312,1,,740000
5145,2026-10-01T02:04:29,2026-10-01T01:15:35,Chaos Core,738689,738689,1,,740000
5146,2026-10-01T02:07:17,2026-10-01T01:15:35,Upgrade Core (Ultimate),456054,103980312,228,,101460000
5147,2026-10-01T02:07:39,2026-10-01T01:15:35,Upgrade Core (Ultimate),456053,36940293,81,,36045000
5148,2026-10-01T02:14:21,2026-10-01T01:15:35,Chaos Core Set X 252,749870,188967491,252,,182695968
5149,2026-10-01T02:18:17,2026-10-01T01:15:35,Chaos Core,736451,736451,1,,740000
5150,2026-10-01T02:18:59,2026-10-01T01:15:35,Chaos Core,735755,735755,1,,740000
5151,2026-10-01T02:22:15,2026-10-01T01:15:35,Chaos Core,734029,734029,1,,737668
5152,2026-10-01T02:26:46,2026-10-01T01:15:35,Chaos Core,732725,732725,1,,740000
5153,2026-10-01T02:26:55,2026-10-01T01:15:35,Chaos Core,732157,732157,1,,740000
5154,2026-10-01T02:29:41,2026-10-01T01:15:35,Chaos Core,731501,731501,1,,732157
5155,2026-10-01T02:33:53,2026-10-01T01:15:35,Chaos Core,722282,722282,1,,734588
5156,2026-10-01T02:34:29,2026-10-01T01:15:35,Chaos Core,721760,721760,1,,734588
5157,2026-10-01T02:35:09,2026-10-01T01:15:35,Chaos Core,733965,733965,1,,734588
5158,2026-10-01T02:37:53,2026-10-01T01:15:35,Chaos Core,733941,733941,1,,734588
5159,2026-10-01T02:41:50,2026-10-01T01:15:35,Force Core(High,168816,18569760,110,,18050010
5160,2026-10-01T02:42:05,2026-10-01T01:15:35,Force Core(High,168815,17725575,105,,17229555
5161,2026-10-01T02:42:10,2026-10-01T01:15:35,Chaos Core,733964,733964,1,,734580
5162,2026-10-01T02:42:44,2026-10-01T01:15:35,Chaos Core,733920,733920,1,,734580
5163,2026-10-01T02:43:27,2026-10-01T01:15:35,Chaos Core,733966,733966,1,,734580
5164,2026-10-01T02:44:00,2026-10-01T01:15:35,Chaos Core Set X 189,736380,139176008,189,,136636038
5165,2026-10-01T02:44:12,2026-10-01T01:15:35,Chaos Core Set X 60,736379,44182799,60,,43376520
5166,2026-10-01T02:44:23,2026-10-01T01:15:35,Chaos Core Set X 222,736378,163476137,222,,160541964
5167,2026-10-01T02:44:35,2026-10-01T01:15:35,Upgrade Core (Ultimate,456023,77979933,171,,76095000
5168,2026-10-01T02:44:40,2026-10-01T01:15:35,Chaos Core Set X 330,736377,243004739,330,,237783150
5169,2026-10-01T02:44:52,2026-10-01T01:15:35,Chaos Core Set X 57,736376,41973488,57,,41098368
5170,2026-10-01T02:45:03,2026-10-01T01:15:35,Chaos Core Set X 330,736375,243004079,330,,237600000
5171,2026-10-01T02:45:15,2026-10-01T01:15:35,Chaos Core Set X 60,736374,44182499,60,,43229940
5172,2026-10-01T02:45:32,2026-10-01T01:15:35,Upgrade Core (Ultimate,456022,10032484,22,,9790000
5173,2026-10-01T02:45:37,2026-10-01T01:15:35,Chaos Core,733981,733981,1,,734580
5174,2026-10-01T02:46:10,2026-10-01T01:15:35,Chaos Core,734003,734003,1,,734580
5175,2026-10-01T02:51:52,2026-10-01T01:15:35,Chaos Core,734029,734029,1,,734580
5176,2026-10-01T02:52:26,2026-10-01T01:15:35,Chaos Core,734078,734078,1,,734580
5177,2026-10-01T02:53:01,2026-10-01T01:15:35,Chaos Core,734069,734069,1,,734580
5178,2026-10-01T03:00:19,2026-10-01T02:59:10,Force Core(High,165000,4125000,25,,4102275
5179,2026-10-01T03:00:26,2026-10-01T02:59:10,Chaos Core,733450,733450,1,,749952
5180,2026-10-01T03:00:31,2026-10-01T02:59:10,Chaos Core,733470,733470,1,,749952
5181,2026-10-01T03:00:36,2026-10-01T02:59:10,Chaos Core,733417,733417,1,,749952
5182,2026-10-01T03:00:41,2026-10-01T02:59:10,Chaos Core,733564,733564,1,,749952
5183,2026-10-01T03:00:46,2026-10-01T02:59:10,Chaos Core,733445,733445,1,,749952
5184,2026-10-01T03:15:23,2026-10-01T03:01:41,Chaos Core,733384,733384,1,,734069
5185,2026-10-01T03:16:31,2026-10-01T03:01:41,Chaos Core,732777,732777,1,,734069
5186,2026-10-01T03:27:26,2026-10-01T03:01:41,Chaos Core,731306,731306,1,,734069
5187,2026-10-01T03:35:04,2026-10-01T03:01:41,Chaos Core,731288,731288,1,,731900
5188,2026-10-01T03:36:11,2026-10-01T03:01:41,Chaos Core,730772,730772,1,,734069
5189,2026-10-01T03:36:44,2026-10-01T03:01:41,Chaos Core,730189,730189,1,,734069
5190,2026-10-01T03:37:21,2026-10-01T03:01:41,Chaos Core,729562,729562,1,,731900
5191,2026-10-01T03:42:46,2026-10-01T03:01:41,Chaos Core,733397,733397,1,,734069
5192,2026-10-01T03:43:33,2026-10-01T03:01:41,Upgrade Core (Ultimate,456044,456044,1,,445000
5193,2026-10-01T03:55:24,2026-10-01T03:01:41,Chaos Core,727268,727268,1,,730790
5194,2026-10-01T03:56:31,2026-10-01T03:01:41,Chaos Core,726631,726631,1,,733397
5195,2026-10-01T03:57:05,2026-10-01T03:01:41,Chaos Core,726110,726110,1,,733397
5196,2026-10-01T03:57:42,2026-10-01T03:01:41,Chaos Core,725466,725466,1,,733397
5197,2026-10-01T04:01:42,2026-10-01T03:01:41,Chaos Core,732697,732697,1,,733397
5198,2026-10-01T04:02:47,2026-10-01T03:01:41,Chaos Core,732141,732141,1,,733397
5199,2026-10-01T04:03:22,2026-10-01T03:01:41,Chaos Core,732778,732778,1,,734069
5200,2026-10-01T04:04:09,2026-10-01T03:01:41,Chaos Core,732883,732883,1,,734069
5201,2026-10-01T04:04:50,2026-10-01T03:01:41,Chaos Core,724925,724925,1,,733397
5202,2026-10-01T04:10:13,2026-10-01T03:01:41,Chaos Core,733427,733427,1,,734069
5203,2026-10-01T04:11:17,2026-10-01T03:01:41,Chaos Core,732888,732888,1,,734069
5204,2026-10-01T04:11:58,2026-10-01T03:01:41,Chaos Core,732306,732306,1,,737668
5205,2026-10-01T04:12:33,2026-10-01T03:01:41,Chaos Core,731781,731781,1,,737668
5206,2026-10-01T04:13:10,2026-10-01T03:01:41,Chaos Core,731189,731189,1,,737668
5207,2026-10-01T04:16:56,2026-10-01T03:01:41,Chaos Core,737129,737129,1,,737668
5208,2026-10-01T04:18:11,2026-10-01T03:01:41,Chaos Core,736286,736286,1,,737668
5209,2026-10-01T04:18:44,2026-10-01T03:01:41,Chaos Core,735673,735673,1,,737668
5210,2026-10-01T04:19:22,2026-10-01T03:01:41,Chaos Core,735158,735158,1,,736286
5211,2026-10-01T04:23:38,2026-10-01T03:01:41,Chaos Core,735692,735692,1,,736286
5212,2026-10-01T04:31:23,2026-10-01T03:01:41,Chaos Core,732676,732676,1,,737668
5213,2026-10-01T04:32:28,2026-10-01T03:01:41,Chaos Core,732089,732089,1,,737668
5214,2026-10-01T04:33:02,2026-10-01T03:01:41,Chaos Core,731475,731475,1,,737668
5215,2026-10-01T04:33:38,2026-10-01T03:01:41,Chaos Core,730906,730906,1,,737668
5216,2026-10-01T04:34:15,2026-10-01T03:01:41,Chaos Core,730251,730251,1,,737668
5217,2026-10-01T04:35:37,2026-10-01T03:01:41,Upgrade Core (Ultimate,455999,5927987,13,,5785000
5218,2026-10-01T04:37:03,2026-10-01T03:01:41,Yekaterina VIP Membership,114999999,114999999,1,,111000000
5219,2026-10-01T04:45:47,2026-10-01T03:01:41,Chaos Core,722267,722267,1,,732676
5220,2026-10-01T04:45:56,2026-10-01T03:01:41,Chaos Core,721711,721711,1,,731999
5221,2026-10-01T04:46:31,2026-10-01T03:01:41,Chaos Core,721087,721087,1,,722942
5222,2026-10-01T04:47:09,2026-10-01T03:01:41,Chaos Core,720443,720443,1,,731999
5223,2026-10-01T04:47:49,2026-10-01T03:01:41,Force Core (Ultimate,320000,38720000,121,,37656773
5224,2026-10-01T04:48:21,2026-10-01T03:01:41,Chaos Core Set,736309,130326869,177,,127978965
5225,2026-10-01T04:48:31,2026-10-01T03:01:41,Chaos Core Set,736308,130326692,177,,127969938
5226,2026-10-01T04:54:25,2026-10-01T03:01:41,Chaos Core,722307,722307,1,,732676
5227,2026-10-01T04:55:27,2026-10-01T03:01:41,Chaos Core,722274,722274,1,,731999
5228,2026-10-01T04:56:01,2026-10-01T03:01:41,Chaos Core,731371,731371,1,,731999
5229,2026-10-01T04:56:39,2026-10-01T03:01:41,Chaos Core,737000,737000,1,,722942
5230,2026-10-01T04:57:46,2026-10-01T03:01:41,Chaos Core Set,736305,134743997,183,,132313209
5231,2026-10-01T04:57:57,2026-10-01T03:01:41,Chaos Core Set,736303,183339695,249,,180012558
5232,2026-10-01T04:58:15,2026-10-01T03:01:41,Chaos Core Set,736309,99401849,135,,97606350
5233,2026-10-01T04:58:26,2026-10-01T03:01:41,Chaos Core Set,736309,183341189,249,,180012558
5234,2026-10-01T05:10:13,2026-10-01T03:01:41,Chaos Core,745483,745483,1,,748888
5235,2026-10-01T05:15:01,2026-10-01T03:01:41,Chaos Core,744824,744824,1,,749000
5236,2026-10-01T05:15:35,2026-10-01T03:01:41,Chaos Core,744140,744140,1,,749000
5237,2026-10-01T05:16:10,2026-10-01T03:01:41,Chaos Core,743523,743523,1,,749000
5238,2026-10-01T05:21:15,2026-10-01T03:01:41,Upgrade Core (Ultimate,455947,8207046,18,,8010000
5239,2026-10-01T05:21:32,2026-10-01T03:01:41,Chaos Core,744793,744793,1,,745998
5240,2026-10-01T05:22:07,2026-10-01T03:01:41,Chaos Core,744094,744094,1,,745449
5241,2026-10-01T05:22:41,2026-10-01T03:01:41,Chaos Core,743412,743412,1,,744094
5242,2026-10-01T05:24:45,2026-10-01T03:01:41,Upgrade Core (Ultimate,455954,16870298,37,,16465000
5243,2026-10-01T05:24:50,2026-10-01T03:01:41,Chaos Core,742915,742915,1,,749000
5244,2026-10-01T05:25:27,2026-10-01T03:01:41,Chaos Core,742307,742307,1,,743523
5245,2026-10-01T05:30:36,2026-10-01T03:01:41,Chaos Core,743826,743826,1,,744999
5246,2026-10-01T05:31:15,2026-10-01T03:01:41,Chaos Core,743194,743194,1,,744388
5247,2026-10-01T05:31:50,2026-10-01T03:01:41,Chaos Core,742525,742525,1,,743826
5248,2026-10-01T05:32:27,2026-10-01T03:01:41,Upgrade Core (Ultimate,455953,113988250,250,,111250000
5249,2026-10-01T05:32:32,2026-10-01T03:01:41,Chaos Core Set,749955,186739043,249,,185212674
5250,2026-10-01T05:34:23,2026-10-01T03:01:41,Chaos Core,741930,741930,1,,743825
5251,2026-10-01T05:34:32,2026-10-01T03:01:41,Chaos Core,741347,741347,1,,743825
5252,2026-10-01T05:38:19,2026-10-01T03:01:41,Chaos Core,740825,740825,1,,749998
5253,2026-10-01T05:39:03,2026-10-01T03:01:41,Chaos Core,740758,740758,1,,741347
5254,2026-10-01T05:39:45,2026-10-01T03:01:41,Chaos Core,740174,740174,1,,741347
5255,2026-10-01T05:40:23,2026-10-01T03:01:41,Chaos Core,739660,739660,1,,741347
5256,2026-10-01T05:40:59,2026-10-01T03:01:41,Chaos Core Set,749949,137240849,183,,135674736
5257,2026-10-01T05:41:22,2026-10-01T03:01:41,Chaos Core,744916,744916,1,,745449
5258,2026-10-01T05:45:43,2026-10-01T03:01:41,Yekaterina VIP Membership,114999999,114999999,1,,111000000
5259,2026-10-01T05:49:55,2026-10-01T03:01:41,Chaos Core Set,749945,143989631,192,,142507008
5260,2026-10-01T05:53:39,2026-10-01T03:01:41,Chaos Core,740901,740901,1,,745449
5261,2026-10-01T05:54:42,2026-10-01T03:01:41,Chaos Core,740303,740303,1,,745449
5262,2026-10-01T05:55:23,2026-10-01T03:01:41,Chaos Core,739604,739604,1,,745449
5263,2026-10-01T05:55:58,2026-10-01T03:01:41,Chaos Core,739072,739072,1,,745449
5264,2026-10-01T05:56:35,2026-10-01T03:01:41,Chaos Core,738446,738446,1,,745449
5265,2026-10-01T05:57:12,2026-10-01T03:01:41,Chaos Core,737779,737779,1,,742207
5266,2026-10-01T06:13:08,2026-10-01T03:01:41,Chaos Core,722246,722246,1,,750000
5267,2026-10-01T06:13:31,2026-10-01T03:01:41,Chaos Core,721639,721639,1,,750000
5268,2026-10-01T06:13:59,2026-10-01T03:01:41,Chaos Core,747609,747609,1,,749403
5269,2026-10-01T06:14:34,2026-10-01T03:01:41,Chaos Core,746949,746949,1,,749403
5270,2026-10-01T06:15:08,2026-10-01T03:01:41,Chaos Core,746375,746375,1,,749403
5271,2026-10-01T06:21:13,2026-10-01T03:01:41,Chaos Core,746315,746315,1,,749403
5272,2026-10-01T06:22:16,2026-10-01T03:01:41,Chaos Core,748061,748061,1,,750000
5273,2026-10-01T06:27:04,2026-10-01T03:01:41,Yekaterina VIP Membership,114999999,114999999,1,,111000000
5274,2026-10-01T06:39:29,2026-10-01T03:01:41,Chaos Core,745542,745542,1,,750000
5275,2026-10-01T06:39:38,2026-10-01T03:01:41,Chaos Core,745005,745005,1,,747484
5276,2026-10-01T06:44:50,2026-10-01T03:01:41,Chaos Core,739416,739416,1,,747484
5277,2026-10-01T06:45:24,2026-10-01T03:01:41,Chaos Core,738734,738734,1,,750000
5278,2026-10-01T06:46:40,2026-10-01T03:01:41,Upgrade Core (Ultimate),455994,72047052,158,,70310000
5279,2026-10-01T06:46:51,2026-10-01T03:01:41,Chaos Core Set X 330,749331,247279559,330,,238570860
5280,2026-10-01T06:47:02,2026-10-01T03:01:41,Chaos Core Set X 288,749330,215807327,288,,207832032
5281,2026-10-01T06:47:13,2026-10-01T03:01:41,Chaos Core,744322,744322,1,,748061
5282,2026-10-01T06:47:51,2026-10-01T03:01:41,Upgrade Core (Ultimate,456004,55176484,121,,53845000
5283,2026-10-01T06:47:56,2026-10-01T03:01:41,Chaos Core,743765,743765,1,,747484
5284,2026-10-01T06:57:23,2026-10-01T03:01:41,Force Core(Highest,192015,43587405,227,,43280501
5285,2026-10-01T07:03:19,2026-10-01T03:01:41,Chaos Core Set,749297,211302035,282,,208392078
5286,2026-10-01T07:08:00,2026-10-01T03:01:41,Force Core(Highest,192012,9408588,49,,9342487
5287,2026-10-01T07:08:15,2026-10-01T03:01:41,Force Core(Highest,192011,1920110,10,,1906630
5288,2026-10-01T07:08:31,2026-10-01T03:01:41,Force Core(Highest,192010,15744820,82,,15634366
5289,2026-10-01T07:11:10,2026-10-01T03:01:41,Chaos Core,739176,739176,1,,747484
5290,2026-10-01T07:11:43,2026-10-01T03:01:41,Chaos Core,738508,738508,1,,746944
5291,2026-10-01T07:12:28,2026-10-01T03:01:41,Chaos Core,737820,737820,1,,747484
5292,2026-10-01T07:13:07,2026-10-01T03:01:41,Force Core (Ultimate,329885,82471250,250,,80769250
5293,2026-10-01T07:13:12,2026-10-01T03:01:41,Force Core (Ultimate,329884,17813736,54,,17446158
5294,2026-10-01T07:13:17,2026-10-01T03:01:41,Chaos Core,737258,737258,1,,746944
5295,2026-10-01T07:14:03,2026-10-01T03:01:41,Chaos Core,736628,736628,1,,746944
5296,2026-10-01T07:14:56,2026-10-01T03:01:41,Chaos Core,735978,735978,1,,746944
5297,2026-10-01T07:22:29,2026-10-01T03:01:41,Chaos Core Set,749291,89915039,120,,88317360
5298,2026-10-01T07:22:40,2026-10-01T03:01:41,Chaos Core Set,749290,33718094,45,,31546980
5299,2026-10-01T07:24:15,2026-10-01T03:01:41,Yekaterina VIP Membership,114999999,114999999,1,,112500000
5300,2026-10-01T07:25:00,2026-10-01T03:01:41,Force Core (Ultimate,329878,659756,2,,656980
5301,2026-10-01T07:26:41,2026-10-01T03:01:41,Chaos Core,743556,743556,1,,722942
5302,2026-10-01T07:30:03,2026-10-01T03:01:41,Epic Booster (Highest),48777775,97555550,2,,92500000
5303,2026-10-01T07:32:04,2026-10-01T03:01:41,Chaos Core,742299,742299,1,,748745
5304,2026-10-01T07:32:37,2026-10-01T03:01:41,Chaos Core,741754,741754,1,,748745
5305,2026-10-01T07:33:31,2026-10-01T03:01:41,Chaos Core,742294,742294,1,,748745
5306,2026-10-01T07:34:05,2026-10-01T03:01:41,Chaos Core,741772,741772,1,,748745
5307,2026-10-01T07:34:39,2026-10-01T03:01:41,Chaos Core,741154,741154,1,,748745
5308,2026-10-01T07:37:06,2026-10-01T03:01:41,Chaos Core,740526,740526,1,,748745
5309,2026-10-01T07:41:10,2026-10-01T03:01:41,Epic Booster (Highest),48777775,97555550,2,,92500000
5310,2026-10-01T07:45:59,2026-10-01T03:01:41,Chaos Core,744953,744953,1,,745491
5311,2026-10-01T07:46:08,2026-10-01T03:01:41,Chaos Core,744407,744407,1,,745491
5312,2026-10-01T07:49:31,2026-10-01T03:01:41,Chaos Core,743792,743792,1,,745491
5313,2026-10-01T07:50:03,2026-10-01T03:01:41,Chaos Core,729362,729362,1,,730000
5314,2026-10-01T07:50:36,2026-10-01T03:01:41,Chaos Core,728732,728732,1,,745491
5315,2026-10-01T07:51:12,2026-10-01T03:01:41,Chaos Core Set X 18,749257,13486643,18,,13349952
5316,2026-10-01T07:55:43,2026-10-01T03:01:41,Chaos Core,699435,699435,1,,730000
5317,2026-10-01T07:56:27,2026-10-01T03:01:41,Chaos Core Set,749243,13486391,18,,13430610
5318,2026-10-01T07:56:38,2026-10-01T03:01:41,Chaos Core,747468,747468,1,,748061
5319,2026-10-01T07:57:12,2026-10-01T03:01:41,Chaos Core,746888,746888,1,,748061
5320,2026-10-01T07:57:49,2026-10-01T03:01:41,Chaos Core,746232,746232,1,,750000
5321,2026-10-01T07:58:53,2026-10-01T03:01:41,Chaos Core Set X 249,749237,186560261,249,,179280000
5322,2026-10-01T07:59:04,2026-10-01T03:01:41,Chaos Core Set X 219,749236,164082902,219,,157731027
5323,2026-10-01T08:04:20,2026-10-01T03:01:41,Chaos Core,744922,744922,1,,745544
5324,2026-10-01T08:05:04,2026-10-01T03:01:41,Chaos Core,744274,744274,1,,745544
5325,2026-10-01T08:05:44,2026-10-01T03:01:41,Chaos Core,743762,743762,1,,745544
5326,2026-10-01T08:06:23,2026-10-01T03:01:41,Chaos Core,743144,743144,1,,743762
5327,2026-10-01T08:08:58,2026-10-01T03:01:41,Chaos Core Set,749231,170824895,228,,169549236
5328,2026-10-01T08:16:57,2026-10-01T03:01:41,Chaos Core,742603,742603,1,,750000
5329,2026-10-01T08:17:06,2026-10-01T03:01:41,Chaos Core,742061,742061,1,,743144
5330,2026-10-01T08:17:52,2026-10-01T03:01:41,Chaos Core Set,749226,130365497,174,,128791668
5331,2026-10-01T08:34:58,2026-10-01T03:01:41,Chaos Core,735966,735966,1,,742061
5332,2026-10-01T08:35:08,2026-10-01T03:01:41,Upgrade Core (Ultimate,455937,35563086,78,,34710000
5333,2026-10-01T08:35:27,2026-10-01T03:01:41,Chaos Core,735381,735381,1,,742061
5334,2026-10-01T08:37:18,2026-10-01T03:01:41,Chaos Core,734744,734744,1,,745544
5335,2026-10-01T08:37:51,2026-10-01T03:01:41,Chaos Core,734055,734055,1,,740710
5336,2026-10-01T08:38:36,2026-10-01T03:01:41,Upgrade Core (Ultimate,455935,9118700,20,,8900000
5337,2026-10-01T08:39:09,2026-10-01T03:01:41,Chaos Core,733432,733432,1,,745544
5338,2026-10-01T08:43:29,2026-10-01T03:01:41,Upgrade Core (Ultimate,455928,9118560,20,,8900000
5339,2026-10-01T08:45:45,2026-10-01T03:01:41,Chaos Core,722483,722483,1,,724328
5340,2026-10-01T08:50:36,2026-10-01T03:01:41,Chaos Core,721978,721978,1,,725000
5341,2026-10-01T08:51:04,2026-10-01T03:01:41,Chaos Core,721472,721472,1,,724328
5342,2026-10-01T08:51:35,2026-10-01T03:01:41,Chaos Core,720918,720918,1,,724328
5343,2026-10-01T08:52:49,2026-10-01T03:01:41,Chaos Core,749421,749421,1,,750000
5344,2026-10-01T08:57:11,2026-10-01T03:01:41,Chaos Core,722409,722409,1,,722942
5345,2026-10-01T08:59:49,2026-10-01T03:01:41,Chaos Core,748796,748796,1,,750000
5346,2026-10-01T09:01:08,2026-10-01T03:01:41,Epic Booster (Highest),48666663,97333326,2,,93750000
5347,2026-10-01T09:03:33,2026-10-01T03:01:41,Chaos Core,721255,721255,1,,721778
5348,2026-10-01T09:04:11,2026-10-01T03:01:41,Chaos Core,720750,720750,1,,722942
5349,2026-10-01T09:06:45,2026-10-01T03:01:41,Chaos Core,720065,720065,1,,722942
5350,2026-10-01T09:11:07,2026-10-01T03:01:41,Epic Booster (Highest),48666663,97333326,2,,93750000
5351,2026-10-01T09:15:16,2026-10-01T03:01:41,Chaos Core,719386,719386,1,,721228
5352,2026-10-01T09:22:26,2026-10-01T03:01:41,Epic Booster (Highest),48777773,195111092,4,,185000000
5353,2026-10-01T09:27:44,2026-10-01T03:01:41,Chaos Core Set X 189,749120,141583868,189,,136080000
5354,2026-10-01T09:29:49,2026-10-01T03:01:41,Chaos Core Set X 168,749119,125852159,168,,121166976
5355,2026-10-01T09:37:46,2026-10-01T03:01:41,Force Core(High,149999,7499950,50,,8183150
5356,2026-10-01T09:40:04,2026-10-01T03:01:41,Chaos Core,715067,715067,1,,721228
5357,2026-10-01T09:40:40,2026-10-01T03:01:41,Chaos Core,714536,714536,1,,720000
5358,2026-10-01T09:42:00,2026-10-01T03:01:41,Chaos Core,712488,712488,1,,719386
5359,2026-10-01T09:43:03,2026-10-01T03:01:41,Chaos Core Set X 249,749110,186528638,249,,180525000
5360,2026-10-01T09:43:14,2026-10-01T03:01:41,Chaos Core Set X 96,749109,71914559,96,,71002464
5361,2026-10-01T09:43:24,2026-10-01T03:01:41,Chaos Core,711890,711890,1,,721778
5362,2026-10-01T09:43:57,2026-10-01T03:01:41,Chaos Core Set,749107,107871551,144,,102689280
5363,2026-10-01T09:44:13,2026-10-01T03:01:41,Chaos Core Set,749108,166302197,222,,162040908
5364,2026-10-01T09:47:55,2026-10-01T03:01:41,Chaos Core,699405,699405,1,,748999
5365,2026-10-01T09:48:28,2026-10-01T03:01:41,Chaos Core,698750,698750,1,,748999
5366,2026-10-01T09:52:04,2026-10-01T03:01:41,Chaos Core Set X 48,749099,35956799,48,,34841088
5367,2026-10-01T09:53:30,2026-10-01T03:01:41,Chaos Core Set X 189,749103,141580655,189,,137598426
5368,2026-10-01T09:53:41,2026-10-01T03:01:41,Chaos Core Set X 288,749101,215741375,288,,208800000
5369,2026-10-01T09:58:40,2026-10-01T03:01:41,Chaos Core Set X 18,749093,13483691,18,,13335822
5370,2026-10-01T10:13:54,2026-10-01T03:01:41,Force Core(Highest,191900,191900,1,,190663
5371,2026-10-01T10:13:59,2026-10-01T03:01:41,Force Core(Highest,191899,191899,1,,190663
5372,2026-10-01T10:15:44,2026-10-01T03:01:41,Force Core(Highest,191898,191898,1,,190663
5373,2026-10-01T10:16:33,2026-10-01T03:01:41,Chaos Core,741872,741872,1,,747827
5374,2026-10-01T10:17:06,2026-10-01T03:01:41,Chaos Core,741313,741313,1,,747227
5375,2026-10-01T10:18:00,2026-10-01T03:01:41,Upgrade Core (Ultimate,455856,15954960,35,,15575000
5376,2026-10-01T10:18:27,2026-10-01T03:01:41,Chaos Core,722365,722365,1,,748999
5377,2026-10-01T10:21:21,2026-10-01T03:01:41,Chaos Core,747146,747146,1,,747827
5378,2026-10-01T10:21:55,2026-10-01T03:01:41,Chaos Core,746462,746462,1,,747827
5379,2026-10-01T10:24:56,2026-10-01T03:01:41,Chaos Core,745781,745781,1,,746462
5380,2026-10-01T10:25:30,2026-10-01T03:01:41,Chaos Core,745265,745265,1,,746462
5381,2026-10-01T10:26:34,2026-10-01T03:01:41,Chaos Core Set X 318,774686,246350465,318,,235737534
5382,2026-10-01T10:26:45,2026-10-01T03:01:41,Chaos Core,745892,745892,1,,746462
5383,2026-10-01T10:27:19,2026-10-01T03:01:41,Chaos Core,689345,689345,1,,748999
5384,2026-10-01T10:27:54,2026-10-01T03:01:41,Yekaterina VIP Membership,111999998,111999998,1,,111000000
5385,2026-10-01T10:28:27,2026-10-01T03:01:41,Chaos Core,740698,740698,1,,747827
5386,2026-10-01T10:29:01,2026-10-01T03:01:41,Chaos Core,699490,699490,1,,744236
5387,2026-10-01T10:29:47,2026-10-01T03:01:41,Chaos Core Set X 327,774692,253324610,327,,241585965
5388,2026-10-01T10:32:52,2026-10-01T03:01:41,Chaos Core,749412,749412,1,,750000
5389,2026-10-01T10:33:23,2026-10-01T03:01:41,Chaos Core,748863,748863,1,,750000
5390,2026-10-01T10:35:00,2026-10-01T03:01:41,Chaos Core,748727,748727,1,,749412
5391,2026-10-01T10:35:08,2026-10-01T03:01:41,Chaos Core,748138,748138,1,,750000
5392,2026-10-01T10:37:36,2026-10-01T03:01:41,Chaos Core,748179,748179,1,,748727
5393,2026-10-01T10:38:14,2026-10-01T03:01:41,Chaos Core,747513,747513,1,,748727
5394,2026-10-01T10:42:11,2026-10-01T03:01:41,Force Core(High,165000,1650000,10,,1636630
5395,2026-10-01T10:42:45,2026-10-01T03:01:41,Chaos Core,739346,739346,1,,740000
5396,2026-10-01T10:43:18,2026-10-01T03:01:41,Chaos Core,738802,738802,1,,740000
5397,2026-10-01T10:44:23,2026-10-01T03:01:41,Chaos Core,738230,738230,1,,738802
5398,2026-10-01T10:45:42,2026-10-01T03:01:41,Chaos Core,769457,769457,1,,770000
5399,2026-10-01T10:46:16,2026-10-01T03:01:41,Chaos Core,768874,768874,1,,770000
5400,2026-10-01T10:47:06,2026-10-01T03:01:41,Chaos Core Set X 204,774672,158033291,204,,150186840
5401,2026-10-01T10:47:55,2026-10-01T03:01:41,Chaos Core,768275,768275,1,,768874
5402,2026-10-01T10:50:50,2026-10-01T03:01:41,Chaos Core,767714,767714,1,,768275
5403,2026-10-01T10:51:30,2026-10-01T03:01:41,Chaos Core,767028,767028,1,,768275
5404,2026-10-01T10:53:18,2026-10-01T03:01:41,Epic Booster (Highest),48777771,97555542,2,,93750000
5405,2026-10-01T10:53:58,2026-10-01T03:01:41,Chaos Core Set X 174,774666,134792057,174,,122479992
5406,2026-10-01T10:54:47,2026-10-01T03:01:41,Chaos Core,758778,758778,1,,765000
5407,2026-10-01T10:57:39,2026-10-01T03:01:41,Chaos Core,758240,758240,1,,767073
5408,2026-10-01T10:59:03,2026-10-01T03:01:41,Chaos Core,758170,758170,1,,768275
5409,2026-10-01T10:59:52,2026-10-01T03:01:41,Chaos Core Set X 97,774665,75142601,97,,71663794
5410,2026-10-01T11:04:46,2026-10-01T03:01:41,Chaos Core,756758,756758,1,,767073
5411,2026-10-01T11:18:38,2026-10-01T11:11:56,Siena's Unbinding Stone,98799999,98799999,1,,75131659
5412,2026-10-01T11:25:54,2026-10-01T11:11:56,Chaos Core,745821,745821,1,,736387
5413,2026-10-01T11:26:54,2026-10-01T11:11:56,Chaos Core,722326,722326,1,,736387
5414,2026-10-01T11:27:24,2026-10-01T11:11:56,Chaos Core,721689,721689,1,,736387
5415,2026-10-01T11:28:35,2026-10-01T11:11:56,Chaos Core,721183,721183,1,,736387
5416,2026-10-01T11:31:08,2026-10-01T11:11:56,Chaos Core,745859,745859,1,,736387
5417,2026-10-01T11:31:38,2026-10-01T11:11:56,Chaos Core,745356,745356,1,,736387
5418,2026-10-01T11:32:45,2026-10-01T11:11:56,Chaos Core,744733,744733,1,,748092
5419,2026-10-01T11:33:23,2026-10-01T11:11:56,Chaos Core,750342,750342,1,,750878
5420,2026-10-01T11:34:13,2026-10-01T11:11:56,Chaos Core,749704,749704,1,,752189
5421,2026-10-01T11:35:25,2026-10-01T11:11:56,Chaos Core,749072,749072,1,,752189
5422,2026-10-01T11:38:17,2026-10-01T11:11:56,Chaos Core,748493,748493,1,,749072
5423,2026-10-01T11:38:47,2026-10-01T11:11:56,Chaos Core,722414,722414,1,,722942
5424,2026-10-01T11:46:08,2026-10-01T11:11:56,Chaos Core,750862,750862,1,,755000
5425,2026-10-01T11:56:08,2026-10-01T11:11:56,Chaos Core,745225,745225,1,,766666
5426,2026-10-01T11:57:18,2026-10-01T11:11:56,Chaos Core,744528,744528,1,,766022
5427,2026-10-01T11:57:47,2026-10-01T11:11:56,Chaos Core,744008,744008,1,,751420
5428,2026-10-01T11:58:18,2026-10-01T11:11:56,Chaos Core Set,774662,192891086,249,,184948236
5429,2026-10-01T12:04:04,2026-10-01T11:11:56,Chaos Core,743309,743309,1,,754316
5430,2026-10-01T12:04:12,2026-10-01T11:11:56,Chaos Core,742764,742764,1,,754316
5431,2026-10-01T12:05:24,2026-10-01T11:11:56,Chaos Core,742130,742130,1,,766666
5432,2026-10-01T12:08:39,2026-10-01T11:11:56,Chaos Core,722275,722275,1,,722942
5433,2026-10-01T12:12:09,2026-10-01T11:11:56,Chaos Core,721122,721122,1,,751000
5434,2026-10-01T12:12:40,2026-10-01T11:11:56,Chaos Core,709366,709366,1,,751420
5435,2026-10-01T12:13:31,2026-10-01T11:11:56,Force Core (Ultimate,348961,3140649,9,,2957094
5436,2026-10-01T12:13:49,2026-10-01T11:11:56,Chaos Core Set,789997,149309621,189,,134272026
5437,2026-10-01T12:13:59,2026-10-01T11:11:56,Chaos Core,750345,750345,1,,750995
5438,2026-10-01T12:14:31,2026-10-01T11:11:56,Chaos Core,721688,721688,1,,722942
5439,2026-10-01T12:15:02,2026-10-01T11:11:56,Chaos Core Set,774659,88311239,114,,82415388
5440,2026-10-01T12:15:12,2026-10-01T11:11:56,Chaos Core Set X 138,789999,109019999,138,,99652422
5441,2026-10-01T12:20:26,2026-10-01T11:11:56,Chaos Core,749827,749827,1,,750995
5442,2026-10-01T12:20:58,2026-10-01T11:11:56,Chaos Core,749322,749322,1,,750995
5443,2026-10-01T12:28:39,2026-10-01T11:11:56,Chaos Core,738865,738865,1,,740000
5444,2026-10-01T12:36:35,2026-10-01T11:11:56,Upgrade Core (Ultimate,455699,113924750,250,,107954250
5445,2026-10-01T12:36:40,2026-10-01T11:11:56,Upgrade Core (Ultimate,455698,68354700,150,,64772550
5446,2026-10-01T12:40:06,2026-10-01T11:11:56,Chaos Core Set X 51,789984,40289234,51,,37740000
5447,2026-10-01T12:45:46,2026-10-01T11:11:56,Chaos Core,732582,732582,1,,740000
5448,2026-10-01T12:46:21,2026-10-01T11:11:56,Chaos Core,731968,731968,1,,739360
5449,2026-10-01T12:47:33,2026-10-01T11:11:56,Chaos Core,732558,732558,1,,750995
5450,2026-10-01T12:48:06,2026-10-01T11:11:56,Chaos Core,732000,732000,1,,750995
5451,2026-10-01T12:48:37,2026-10-01T11:11:56,Chaos Core,731325,731325,1,,750995
5452,2026-10-01T12:54:18,2026-10-01T11:11:56,Chaos Core,736525,736525,1,,737661
5453,2026-10-01T12:58:37,2026-10-01T11:11:56,Chaos Core,736561,736561,1,,739360
5454,2026-10-01T12:59:17,2026-10-01T11:11:56,Chaos Core,735944,735944,1,,739360
5455,2026-10-01T13:00:35,2026-10-01T11:11:56,Chaos Core,735392,735392,1,,738218
5456,2026-10-01T13:01:09,2026-10-01T11:11:56,Chaos Core,734769,734769,1,,737661
5457,2026-10-01T13:01:46,2026-10-01T11:11:56,Chaos Core,734116,734116,1,,737103
5458,2026-10-01T13:07:49,2026-10-01T11:11:56,Force Core (Ultimate,348941,16749168,48,,15768000
5459,2026-10-01T13:10:58,2026-10-01T11:11:56,Upgrade Core (Ultimate,455659,28706517,63,,27204471
5460,2026-10-01T13:13:06,2026-10-01T11:11:56,Chaos Core,733796,733796,1,,739345
5461,2026-10-01T13:16:40,2026-10-01T11:11:56,Force Core(High,165000,4950000,30,,4500000
5462,2026-10-01T13:17:36,2026-10-01T11:11:56,Chaos Core,733793,733793,1,,740000
5463,2026-10-01T13:18:14,2026-10-01T11:11:56,Chaos Core,733233,733233,1,,740000
5464,2026-10-01T13:19:29,2026-10-01T11:11:56,Chaos Core,732574,732574,1,,739345
5465,2026-10-01T13:20:04,2026-10-01T11:11:56,Chaos Core,731918,731918,1,,739345
5466,2026-10-01T13:20:47,2026-10-01T11:11:56,Chaos Core,731349,731349,1,,750995
5467,2026-10-01T13:22:35,2026-10-01T11:11:56,Upgrade Core (Ultimate,455649,72903840,160,,71128800
5468,2026-10-01T13:24:50,2026-10-01T11:11:56,Force Core(High,165000,825000,5,,750000
5469,2026-10-01T13:25:54,2026-10-01T11:11:56,Chaos Core,750442,750442,1,,750995
5470,2026-10-01T13:26:13,2026-10-01T11:11:56,Chaos Core,749803,749803,1,,750995
5471,2026-10-01T13:27:20,2026-10-01T11:11:56,Chaos Core,749887,749887,1,,750995
5472,2026-10-01T13:27:53,2026-10-01T11:11:56,Chaos Core,749253,749253,1,,750995
5473,2026-10-01T13:35:38,2026-10-01T11:11:56,Force Core(High,165000,5280000,32,,4800000
5474,2026-10-01T13:35:56,2026-10-01T11:11:56,Force Core(High,165000,4125000,25,,3750000
5475,2026-10-01T13:36:00,2026-10-01T11:11:56,Force Core(High,165000,2475000,15,,2250000
5476,2026-10-01T13:39:33,2026-10-01T11:11:56,Chaos Core Set X 195,789904,154031474,195,,142963080
5477,2026-10-01T13:40:59,2026-10-01T11:11:56,Chaos Core,728787,728787,1,,750318
5478,2026-10-01T13:44:08,2026-10-01T11:11:56,Force Core (Ultimate,348929,27914320,80,,26285280
5479,2026-10-01T13:44:34,2026-10-01T11:11:56,Force Core (Ultimate,348928,12561408,36,,11828376
5480,2026-10-01T13:46:34,2026-10-01T11:11:56,Force Core(High,165000,4950000,30,,4787220
5481,2026-10-01T13:47:28,2026-10-01T11:11:56,Epic Booster (Highest),48777768,48777768,1,,46957286
5482,2026-10-01T13:48:43,2026-10-01T11:11:56,Chaos Core,728230,728230,1,,750318
5483,2026-10-01T13:49:23,2026-10-01T11:11:56,Chaos Core Set,789898,258296972,327,,236447814
5484,2026-10-01T13:49:43,2026-10-01T11:11:56,Chaos Core,750318,750318,1,,750995
5485,2026-10-01T14:00:31,2026-10-01T11:11:56,Chaos Core,727364,727364,1,,749999
5486,2026-10-01T14:05:19,2026-10-01T11:11:56,Siena's Unbinding Stone,98799998,98799998,1,,75131659
5487,2026-10-01T14:07:51,2026-10-01T11:11:56,Chaos Core,726803,726803,1,,749999
5488,2026-10-01T14:12:03,2026-10-01T11:11:56,Force Core(High,165000,4950000,30,,4787220
5489,2026-10-01T14:14:18,2026-10-01T11:11:56,Chaos Core,726289,726289,1,,726803
5490,2026-10-01T14:19:10,2026-10-01T11:11:56,Epic Booster (Highest),48777765,48777765,1,,46957286
5491,2026-10-01T14:22:12,2026-10-01T11:11:56,Chaos Core,729448,729448,1,,750317
5492,2026-10-01T14:22:44,2026-10-01T11:11:56,Chaos Core,728941,728941,1,,749213
5493,2026-10-01T14:23:21,2026-10-01T11:11:56,Chaos Core,728357,728357,1,,730000
5494,2026-10-01T14:24:42,2026-10-01T11:11:56,Chaos Core Set X 240,789911,189578879,240,,176856000
5495,2026-10-01T14:24:52,2026-10-01T11:11:56,Upgrade Core (Ultimate,455641,82015380,180,,80019900
5496,2026-10-01T14:25:11,2026-10-01T11:11:56,Chaos Core Set X 258,789909,203796779,258,,190639554
5497,2026-10-01T14:25:21,2026-10-01T11:11:56,Upgrade Core (Ultimate,455640,9112800,20,,8891100
5498,2026-10-01T14:25:31,2026-10-01T11:11:56,Chaos Core,729381,729381,1,,750318
5499,2026-10-01T14:30:42,2026-10-01T11:11:56,Force Core(High,165000,10890000,66,,10531884
5500,2026-10-01T14:31:27,2026-10-01T11:11:56,Epic Booster (Highest),48777765,195111060,4,,187829144
5501,2026-10-01T14:35:44,2026-10-01T11:11:56,Force Core(High),165000,990000,6,,957858
5502,2026-10-01T14:36:01,2026-10-01T11:11:56,Force Core(High),165000,2310000,14,,2235002
5503,2026-10-01T14:39:59,2026-10-01T11:11:56,Force Core(High,165000,3300000,20,,3191480
5504,2026-10-01T14:43:52,2026-10-01T11:11:56,Upgrade Core (Ultimate,455580,27334800,60,,25942500
5505,2026-10-01T14:44:29,2026-10-01T11:11:56,Force Core(High),165000,6600000,40,,6392000
5506,2026-10-01T14:45:46,2026-10-01T11:11:56,Force Core(High,165000,4950000,30,,4787220
5507,2026-10-01T14:49:38,2026-10-01T11:11:56,Upgrade Core (Ultimate,455577,39635199,87,,37616625
5508,2026-10-01T14:49:50,2026-10-01T11:11:56,Chaos Core,738186,738186,1,,743695
5509,2026-10-01T14:52:07,2026-10-01T11:11:56,Force Core(High,165000,165000,1,,159574
5510,2026-10-01T14:52:23,2026-10-01T11:11:56,Upgrade Core (Ultimate,455576,911152,2,,863634
5511,2026-10-01T14:55:19,2026-10-01T11:11:56,Chaos Core,735762,735762,1,,746887
5512,2026-10-01T14:55:53,2026-10-01T11:11:56,Force Core(High,165000,4950000,30,,4789290
5513,2026-10-01T14:56:08,2026-10-01T11:11:56,Upgrade Core (Ultimate,456024,95309016,209,,90249753
5514,2026-10-01T14:56:13,2026-10-01T11:11:56,Force Core(High,165000,4950000,30,,4794000
5515,2026-10-01T15:00:41,2026-10-01T11:11:56,Chaos Core,734690,734690,1,,747411
5516,2026-10-01T15:02:00,2026-10-01T11:11:56,Chaos Core Set X 180,789656,142138259,180,,133007940
5517,2026-10-01T15:02:19,2026-10-01T11:11:56,Chaos Core,734169,734169,1,,746887
5518,2026-10-01T15:02:50,2026-10-01T11:11:56,Chaos Core,733478,733478,1,,734690
5519,2026-10-01T15:03:56,2026-10-01T11:11:56,Upgrade Core (Ultimate,456024,51986736,114,,49227138
5520,2026-10-01T15:08:00,2026-10-01T11:11:56,Chaos Core,732789,732789,1,,748632
5521,2026-10-01T15:08:37,2026-10-01T11:11:56,Chaos Core,732274,732274,1,,748632
5522,2026-10-01T15:09:13,2026-10-01T11:11:56,Chaos Core,731610,731610,1,,734169
5523,2026-10-01T15:09:47,2026-10-01T11:11:56,Chaos Core Set X 24,789553,18949295,24,,17466480
5524,2026-10-01T15:09:57,2026-10-01T11:11:56,Chaos Core Set X 237,789552,187124060,237,,172661373
5525,2026-10-01T15:10:23,2026-10-01T11:11:56,Chaos Core,736388,736388,1,,750000
5526,2026-10-01T15:10:57,2026-10-01T11:11:56,Chaos Core,735845,735845,1,,750317
5527,2026-10-01T15:11:37,2026-10-01T11:11:56,Force Core(High,165000,1155000,7,,1117501
5528,2026-10-01T15:11:59,2026-10-01T11:11:56,Force Core(High,165000,330000,2,,319600
5529,2026-10-01T15:29:50,2026-10-01T15:25:04,Chaos Core Set X 18,789655,14213807,18,,13525560
5530,2026-10-01T15:30:16,2026-10-01T15:25:04,Chaos Core,749019,749019,1,,789656
5531,2026-10-01T15:30:47,2026-10-01T15:25:04,Chaos Core,748471,748471,1,,789656
5532,2026-10-01T15:35:36,2026-10-01T15:25:04,Chaos Core,747215,747215,1,,789656
5533,2026-10-01T15:36:08,2026-10-01T15:25:04,Chaos Core,746557,746557,1,,789656
5534,2026-10-01T15:37:53,2026-10-01T15:25:04,Force Core(High,165000,4125000,25,,4003750
5535,2026-10-01T15:38:33,2026-10-01T15:25:04,Chaos Core,745932,745932,1,,789656
5536,2026-10-01T15:39:09,2026-10-01T15:25:04,Upgrade Core (Ultimate,456017,18240680,40,,17272680
5537,2026-10-01T15:39:23,2026-10-01T15:25:04,Chaos Core,745318,745318,1,,789656
5538,2026-10-01T15:41:43,2026-10-01T15:25:04,Force Core(High,165000,165000,1,,160150
5539,2026-10-01T15:43:05,2026-10-01T15:25:04,Chaos Core,749431,749431,1,,750000
5540,2026-10-01T15:43:42,2026-10-01T15:25:04,Chaos Core,748826,748826,1,,750000
5541,2026-10-01T15:45:04,2026-10-01T15:25:04,Upgrade Core (Ultimate,456014,14136434,31,,13386327
5542,2026-10-01T15:45:46,2026-10-01T15:25:04,Force Core(High,165000,1650000,10,,1601500
5543,2026-10-01T15:46:02,2026-10-01T15:25:04,Force Core(High,165000,3300000,20,,3203000
5544,2026-10-01T15:50:30,2026-10-01T15:25:04,Upgrade Core (Ultimate,456011,22800550,50,,21590850
5545,2026-10-01T15:55:38,2026-10-01T15:25:04,Chaos Core,720020,720020,1,,751420
5546,2026-10-01T15:56:28,2026-10-01T15:25:04,Chaos Core,719324,719324,1,,750849
5547,2026-10-01T15:59:01,2026-10-01T15:25:04,Chaos Core,718752,718752,1,,750174
5548,2026-10-01T15:59:52,2026-10-01T15:25:04,Chaos Core,718161,718161,1,,750174
5549,2026-10-01T16:15:37,2026-10-01T15:25:04,Chaos Core,738294,738294,1,,750174
5550,2026-10-01T16:16:20,2026-10-01T15:25:04,Chaos Core,745884,745884,1,,750174
5551,2026-10-01T16:17:34,2026-10-01T15:25:04,Chaos Core,745289,745289,1,,748957
5552,2026-10-01T16:18:24,2026-10-01T15:25:04,Chaos Core,744746,744746,1,,748957
5553,2026-10-01T16:19:09,2026-10-01T15:25:04,Chaos Core,744173,744173,1,,748957
5554,2026-10-01T16:19:42,2026-10-01T15:25:04,Chaos Core,739471,739471,1,,749544
5555,2026-10-01T16:22:27,2026-10-01T15:25:04,Epic Booster (Highest),48777764,195111056,4,,187777776
5556,2026-10-01T16:25:58,2026-10-01T15:25:04,Epic Booster (Highest),48777765,195111060,4,,187777776
5557,2026-10-01T16:28:40,2026-10-01T15:25:04,Chaos Core,759311,759311,1,,760000
5558,2026-10-01T16:29:29,2026-10-01T15:25:04,Chaos Core,759317,759317,1,,760000
5559,2026-10-01T16:30:43,2026-10-01T15:25:04,Chaos Core,759356,759356,1,,760000
5560,2026-10-01T16:31:28,2026-10-01T15:25:04,Chaos Core,758671,758671,1,,759356
5561,2026-10-01T16:33:28,2026-10-01T15:25:04,Force Core(High,165000,3300000,20,,3203000
5562,2026-10-01T16:33:43,2026-10-01T15:25:04,Chaos Core,758150,758150,1,,758671
5563,2026-10-01T16:34:17,2026-10-01T15:25:04,Chaos Core,757486,757486,1,,758671
5564,2026-10-01T16:36:30,2026-10-01T15:25:04,Force Core(High,165000,5775000,35,,5605250
5565,2026-10-01T16:38:41,2026-10-01T15:25:04,Chaos Core,758315,758315,1,,759000
5566,2026-10-01T16:39:32,2026-10-01T15:25:04,Chaos Core,757634,757634,1,,759000
5567,2026-10-01T16:40:04,2026-10-01T15:25:04,Force Core(High,165000,3300000,20,,3203000
5568,2026-10-01T16:40:50,2026-10-01T15:25:04,Chaos Core,756943,756943,1,,759000
5569,2026-10-01T16:41:32,2026-10-01T15:25:04,Chaos Core,755808,755808,1,,759000
5570,2026-10-01T16:44:24,2026-10-01T15:25:04,Chaos Core,755191,755191,1,,756417
5571,2026-10-01T16:44:58,2026-10-01T15:25:04,Chaos Core,754662,754662,1,,756417
5572,2026-10-01T16:48:48,2026-10-01T15:25:04,Force Core(High,165000,4950000,30,,4804500
5573,2026-10-01T16:53:35,2026-10-01T15:25:04,Chaos Core,754830,754830,1,,759000
5574,2026-10-01T17:08:27,2026-10-01T15:25:04,Force Core(High,165000,1650000,10,,1578950
5575,2026-10-01T17:08:41,2026-10-01T15:25:04,Force Core(High,165000,36300000,220,,35233000
5576,2026-10-01T17:09:32,2026-10-01T15:25:04,Chaos Core Set X 18,789580,14212457,18,,13342608
5577,2026-10-01T17:13:09,2026-10-01T15:25:04,Force Core(High,165000,21780000,132,,21139800
5578,2026-10-01T17:16:23,2026-10-01T15:25:04,Force Core(High,165000,1650000,10,,1578950
5579,2026-10-01T17:24:28,2026-10-01T17:19:23,Chaos Core,740579,740579,1,,789592
5580,2026-10-01T17:24:49,2026-10-01T17:19:23,Chaos Core,739928,739928,1,,789592
5581,2026-10-01T17:25:59,2026-10-01T17:19:23,Chaos Core,739254,739254,1,,789592
5582,2026-10-01T17:27:15,2026-10-01T17:19:23,Chaos Core,738712,738712,1,,789592
5583,2026-10-01T17:27:49,2026-10-01T17:19:23,Force Core(High,165000,4950000,30,,4804800
5584,2026-10-01T17:28:04,2026-10-01T17:19:23,Chaos Core,738198,738198,1,,789592
5585,2026-10-01T17:30:04,2026-10-01T17:19:23,Chaos Core,737688,737688,1,,789592
5586,2026-10-01T17:35:01,2026-10-01T17:19:23,Chaos Core,736266,736266,1,,736937
5587,2026-10-01T17:35:46,2026-10-01T17:19:23,Chaos Core,735741,735741,1,,736937
5588,2026-10-01T17:36:37,2026-10-01T17:19:23,Chaos Core,735177,735177,1,,750000
5589,2026-10-01T17:39:54,2026-10-01T17:19:23,Force Core (Ultimate,348850,6977000,20,,6569320
5590,2026-10-01T17:40:10,2026-10-01T17:19:23,Chaos Core,734609,734609,1,,750000
5591,2026-10-01T17:41:17,2026-10-01T17:19:23,Chaos Core,733949,733949,1,,750000
5592,2026-10-01T17:42:23,2026-10-01T17:19:23,Chaos Core,737558,737558,1,,750000
5593,2026-10-01T17:46:29,2026-10-01T17:19:23,Chaos Core,747763,747763,1,,750000
5594,2026-10-01T17:47:31,2026-10-01T17:19:23,Chaos Core,747071,747071,1,,750000
5595,2026-10-01T17:49:50,2026-10-01T17:19:23,Chaos Core,746072,746072,1,,750000
5596,2026-10-01T17:59:33,2026-10-01T17:19:23,Force Core(High,165000,3465000,21,,3363360
5597,2026-10-01T18:04:32,2026-10-01T17:19:23,Chaos Core Set X 21,789534,16580234,21,,15502158
5598,2026-10-01T18:15:11,2026-10-01T17:19:23,Chaos Core,733193,733193,1,,750000
5599,2026-10-01T18:15:20,2026-10-01T17:19:23,Chaos Core Set X 18,789528,14211521,18,,13277934
5600,2026-10-01T18:17:11,2026-10-01T17:19:23,Chaos Core,732622,732622,1,,750000
5601,2026-10-01T18:18:32,2026-10-01T17:19:23,Chaos Core Set X 18,789525,14211467,18,,13309668
5602,2026-10-01T18:49:10,2026-10-01T18:34:31,Chaos Core,724188,724188,1,,789515
5603,2026-10-01T18:54:08,2026-10-01T18:34:31,Chaos Core,723542,723542,1,,789515
5604,2026-10-01T18:55:09,2026-10-01T18:34:31,Chaos Core,722917,722917,1,,789515
5605,2026-10-01T18:56:11,2026-10-01T18:34:31,Chaos Core,722257,722257,1,,789515
5606,2026-10-01T18:56:59,2026-10-01T18:34:31,Chaos Core,721689,721689,1,,789515
5607,2026-10-01T19:00:58,2026-10-01T18:34:31,Force Core (Ultimate,348820,24417400,70,,22992620
5608,2026-10-01T19:04:09,2026-10-01T18:34:31,Chaos Core,725638,725638,1,,750000
5609,2026-10-01T19:07:25,2026-10-01T18:34:31,Force Core (Ultimate,348817,1744085,5,,1642330
5610,2026-10-01T19:10:49,2026-10-01T18:34:31,Chaos Core,743463,743463,1,,744000
5611,2026-10-01T19:27:02,2026-10-01T18:34:31,Siena's Unbinding Stone,98799994,98799994,1,,75111111
5612,2026-10-01T19:37:46,2026-10-01T18:34:31,Chaos Core,715167,715167,1,,749469
5613,2026-10-01T19:38:08,2026-10-01T18:34:31,Chaos Core,714576,714576,1,,749469
5614,2026-10-01T19:42:31,2026-10-01T18:34:31,Force Core (Ultimate,348803,15347332,44,,14452504
5615,2026-10-01T19:42:46,2026-10-01T18:34:31,Force Core (Ultimate,348802,2092812,6,,1970796
5616,2026-10-01T19:53:10,2026-10-01T18:34:31,Yekaterina VIP Membership,112666666,112666666,1,,112666666
5617,2026-10-01T19:55:01,2026-10-01T18:34:31,Force Core (Ultimate,348801,6976020,20,,6569320
5618,2026-10-01T19:55:17,2026-10-01T18:34:31,Chaos Core,711035,711035,1,,749469
5619,2026-10-01T19:56:13,2026-10-01T18:34:31,Chaos Core,710377,710377,1,,749469
5620,2026-10-01T19:56:56,2026-10-01T18:34:31,Upgrade Core (Ultimate,455704,9114080,20,,8636340
5621,2026-10-01T19:57:24,2026-10-01T18:34:31,Chaos Core,709807,709807,1,,723901
5622,2026-10-01T19:58:45,2026-10-01T18:34:31,Chaos Core,709307,709307,1,,745896
5623,2026-10-01T19:59:19,2026-10-01T18:34:31,Chaos Core Set X 327,789341,258114833,327,,235458966
5624,2026-10-01T20:02:59,2026-10-01T18:34:31,Force Core (Ultimate,338801,6776020,20,,6569320
5625,2026-10-01T20:03:14,2026-10-01T18:34:31,Chaos Core,745293,745293,1,,745896
5626,2026-10-01T20:22:01,2026-10-01T18:34:31,Chaos Core,722009,722009,1,,745896
5627,2026-10-01T20:27:54,2026-10-01T18:34:31,Chaos Core Set X 48,789235,37883327,48,,34905072
5628,2026-10-01T20:28:31,2026-10-01T18:34:31,Chaos Core Set X 78,789232,61560173,78,,55325946
5629,2026-10-01T20:32:48,2026-10-01T18:34:31,Force Core (Ultimate,328466,2299262,7,,2299262
5630,2026-10-01T20:42:42,2026-10-01T18:34:31,Chaos Core,714988,714988,1,,745896
5631,2026-10-01T20:46:42,2026-10-01T18:34:31,Chaos Core,714313,714313,1,,745896
5632,2026-10-01T20:47:43,2026-10-01T18:34:31,Chaos Core,713743,713743,1,,745896
5633,2026-10-01T20:49:00,2026-10-01T18:34:31,Chaos Core,713136,713136,1,,745896
5634,2026-10-01T20:59:23,2026-10-01T20:51:20,Chaos Core Set X 192,789207,151527935,192,,138919488
5635,2026-10-01T20:59:34,2026-10-01T20:51:20,Force Core(Highest,180000,180000,1,,190600
5636,2026-10-01T20:59:58,2026-10-01T20:51:20,Chaos Core,724458,724458,1,,789204
5637,2026-10-01T21:12:33,2026-10-01T20:51:20,Chaos Core,719046,719046,1,,721957
5638,2026-10-01T21:16:22,2026-10-01T20:51:20,Chaos Core,718350,718350,1,,789204
5639,2026-10-01T21:17:35,2026-10-01T20:51:20,Chaos Core,717739,717739,1,,789204
5640,2026-10-01T21:19:32,2026-10-01T20:51:20,Chaos Core,717129,717129,1,,726252
5641,2026-10-01T21:22:49,2026-10-01T20:51:20,Chaos Core,719304,719304,1,,789204
5642,2026-10-01T21:23:52,2026-10-01T20:51:20,Chaos Core,718751,718751,1,,719304
5643,2026-10-01T21:29:00,2026-10-01T20:51:20,Epic Booster (Highest),48777763,195111052,4,,187777776
5644,2026-10-01T21:34:52,2026-10-01T20:51:20,Chaos Core,743601,743601,1,,745304
5645,2026-10-01T21:35:54,2026-10-01T20:51:20,Chaos Core,742933,742933,1,,743601
5646,2026-10-01T21:37:07,2026-10-01T20:51:20,Chaos Core,742402,742402,1,,745896
5647,2026-10-01T21:40:28,2026-10-01T20:51:20,Chaos Core,743011,743011,1,,745304
5648,2026-10-01T21:40:55,2026-10-01T20:51:20,Chaos Core,742430,742430,1,,745304
5649,2026-10-01T21:41:31,2026-10-01T20:51:20,Chaos Core,741930,741930,1,,743601
5650,2026-10-01T21:45:14,2026-10-01T20:51:20,Upgrade Core (Ultimate,455641,455641,1,,431817
5651,2026-10-01T21:59:31,2026-10-01T20:51:20,Chaos Core Set X 195,788993,153853829,195,,141090105
5652,2026-10-01T21:59:56,2026-10-01T20:51:20,Chaos Core Set X 162,788992,127816865,162,,116601282
5653,2026-10-01T22:01:27,2026-10-01T20:51:20,Siena's Unbinding Stone,98799994,98799994,1,,75111111
5654,2026-10-01T22:03:31,2026-10-01T20:51:20,Upgrade Core (Ultimate,455633,40551337,89,,38431713
5655,2026-10-01T22:08:33,2026-10-01T20:51:20,Chaos Core,729753,729753,1,,741500
5656,2026-10-01T22:11:03,2026-10-01T20:51:20,Chaos Core,729187,729187,1,,741500
5657,2026-10-01T22:11:40,2026-10-01T20:51:20,Upgrade Core (Ultimate,455631,9112620,20,,8636340
5658,2026-10-01T22:11:55,2026-10-01T20:51:20,Upgrade Core (Ultimate,455630,36450400,80,,34545360
5659,2026-10-01T22:13:00,2026-10-01T20:51:20,Chaos Core,725104,725104,1,,741500
5660,2026-10-01T22:14:42,2026-10-01T20:51:20,Chaos Core,724587,724587,1,,741500
5661,2026-10-01T22:18:00,2026-10-01T20:51:20,Chaos Core,724056,724056,1,,726252
5662,2026-10-01T22:18:44,2026-10-01T20:51:20,Chaos Core,723401,723401,1,,741500
5663,2026-10-01T22:32:56,2026-10-01T20:51:20,Siena's Unbinding Stone,98799994,98799994,1,,75111111
5664,2026-10-01T22:34:38,2026-10-01T20:51:20,Chaos Core,722050,722050,1,,725054
5665,2026-10-01T22:35:22,2026-10-01T20:51:20,Chaos Core,721445,721445,1,,740000
5666,2026-10-01T22:36:40,2026-10-01T20:51:20,Chaos Core,720926,720926,1,,740000
5667,2026-10-01T22:38:23,2026-10-01T20:51:20,Chaos Core,720249,720249,1,,740000
5668,2026-10-01T22:39:30,2026-10-01T20:51:20,Chaos Core,743544,743544,1,,744181
5669,2026-10-01T22:40:10,2026-10-01T20:51:20,Force Core(High),165000,3300000,20,,2666680
5670,2026-10-01T22:47:51,2026-10-01T20:51:20,Chaos Core,742938,742938,1,,743544
5671,2026-10-01T22:50:07,2026-10-01T20:51:20,Chaos Core,742337,742337,1,,743544
5672,2026-10-01T22:51:20,2026-10-01T20:51:20,Chaos Core,741755,741755,1,,742337
5673,2026-10-01T22:52:57,2026-10-01T20:51:20,Chaos Core,749490,749490,1,,750000
5674,2026-10-01T22:54:26,2026-10-01T20:51:20,Chaos Core,748865,748865,1,,750000
5675,2026-10-01T22:55:24,2026-10-01T20:51:20,Chaos Core,748116,748116,1,,748800
5676,2026-10-01T22:58:40,2026-10-01T20:51:20,Chaos Core,749365,749365,1,,750000
5677,2026-10-01T22:59:24,2026-10-01T20:51:20,Chaos Core,748856,748856,1,,749365
5678,2026-10-01T23:00:40,2026-10-01T20:51:20,Chaos Core,748290,748290,1,,748856
5679,2026-10-01T23:02:24,2026-10-01T20:51:20,Chaos Core,747719,747719,1,,748260
5680,2026-10-01T23:03:26,2026-10-01T20:51:20,Chaos Core,747141,747141,1,,749365
5681,2026-10-01T23:04:14,2026-10-01T20:51:20,Chaos Core,746577,746577,1,,749365
5682,2026-10-01T23:07:34,2026-10-01T20:51:20,Chaos Core,753370,753370,1,,753999
5683,2026-10-01T23:08:20,2026-10-01T20:51:20,Chaos Core,752692,752692,1,,753999
5684,2026-10-01T23:09:36,2026-10-01T20:51:20,Chaos Core,752089,752089,1,,757816
5685,2026-10-01T23:11:22,2026-10-01T20:51:20,Chaos Core,757118,757118,1,,757816
5686,2026-10-01T23:12:09,2026-10-01T20:51:20,Force Core(Highest,191966,9022402,47,,8703695
5687,2026-10-01T23:12:31,2026-10-01T20:51:20,Chaos Core,725708,725708,1,,726252
5688,2026-10-01T23:13:24,2026-10-01T20:51:20,Chaos Core,725192,725192,1,,725708
5689,2026-10-01T23:14:20,2026-10-01T20:51:20,Force Core(High,165000,165000,1,,159520
5690,2026-10-01T23:17:22,2026-10-01T20:51:20,Chaos Core,757244,757244,1,,757816
5691,2026-10-01T23:18:16,2026-10-01T20:51:20,Chaos Core,756687,756687,1,,757816
5692,2026-10-01T23:20:22,2026-10-01T20:51:20,Chaos Core Set X 42,787991,33095663,42,,30388638
5693,2026-10-01T23:21:09,2026-10-01T20:51:20,Chaos Core Set X 159,787986,125289932,159,,116534916
5694,2026-10-01T23:27:49,2026-10-01T20:51:20,Chaos Core,753890,753890,1,,759000
5695,2026-10-01T23:28:39,2026-10-01T20:51:20,Chaos Core,753310,753310,1,,759000
5696,2026-10-01T23:29:31,2026-10-01T20:51:20,Force Core(High,165000,3300000,20,,3190400
5697,2026-10-01T23:39:58,2026-10-01T20:51:20,Upgrade Core (Ultimate,455572,9111440,20,,8636340
5698,2026-10-01T23:42:24,2026-10-01T20:51:20,Force Core(Highest,191960,3839200,20,,3703700
5699,2026-10-01T23:43:36,2026-10-01T20:51:20,Force Core(High,165000,14355000,87,,13878240
5700,2026-10-01T23:47:25,2026-10-01T20:51:20,Force Core (Ultimate,328466,11167844,34,,11167640
5701,2026-10-01T23:47:51,2026-10-01T20:51:20,Upgrade Core (Ultimate,455569,16400484,36,,15545412
5702,2026-10-02T00:01:53,2026-10-01T20:51:20,Force Core(High,165000,14190000,86,,13718720
5703,2026-10-02T00:12:18,2026-10-01T20:51:20,Force Core(High,165000,4125000,25,,3988000
5704,2026-10-02T00:16:34,2026-10-01T20:51:20,Chaos Core Set X 66,786974,51940349,66,,47753574
5705,2026-10-02T00:17:10,2026-10-01T20:51:20,Chaos Core,719292,719292,1,,759000
5706,2026-10-02T00:17:38,2026-10-01T20:51:20,Chaos Core,718739,718739,1,,752172
5707,2026-10-02T00:18:00,2026-10-01T20:51:20,Chaos Core,718043,718043,1,,752172
5708,2026-10-02T00:23:31,2026-10-01T20:51:20,Chaos Core,717357,717357,1,,759000
5709,2026-10-02T00:24:03,2026-10-01T20:51:20,Chaos Core,716799,716799,1,,759000
5710,2026-10-02T00:25:18,2026-10-01T20:51:20,Chaos Core,720898,720898,1,,759000
5711,2026-10-02T00:27:00,2026-10-01T20:51:20,Chaos Core,720288,720288,1,,726251
5712,2026-10-02T00:28:30,2026-10-01T20:51:20,Force Core(High,165000,4950000,30,,4785600
5713,2026-10-02T00:38:40,2026-10-01T20:51:20,Upgrade Core (Ultimate,455552,9111040,20,,8636360
5714,2026-10-02T00:42:22,2026-10-01T20:51:20,Chaos Core,739191,739191,1,,742880
5715,2026-10-02T00:42:53,2026-10-01T20:51:20,Chaos Core,738537,738537,1,,742880
5716,2026-10-02T00:45:23,2026-10-01T20:51:20,Chaos Core,737912,737912,1,,741757
5717,2026-10-02T00:47:02,2026-10-01T20:51:20,Chaos Core,737226,737226,1,,741170
5718,2026-10-02T00:48:44,2026-10-01T20:51:20,Upgrade Core (Ultimate,455549,4099941,9,,3886362
5719,2026-10-02T00:49:27,2026-10-01T20:51:20,Chaos Core,736707,736707,1,,740471
5720,2026-10-02T00:59:31,2026-10-01T20:51:20,Force Core (Ultimate,328466,11167844,34,,11167640
5721,2026-10-02T01:00:14,2026-10-01T20:51:20,Chaos Core,722721,722721,1,,736027
5722,2026-10-02T01:04:46,2026-10-01T20:51:20,Chaos Core,722136,722136,1,,737226
5723,2026-10-02T01:05:22,2026-10-01T20:51:20,Chaos Core,721596,721596,1,,737226
5724,2026-10-02T01:06:39,2026-10-01T20:51:20,Chaos Core,721000,721000,1,,736027
5725,2026-10-02T01:07:53,2026-10-01T20:51:20,Force Core(Highest,191960,9598000,50,,9259250
5726,2026-10-02T01:08:26,2026-10-01T20:51:20,Chaos Core,734840,734840,1,,735420
5727,2026-10-02T01:10:47,2026-10-01T20:51:20,Chaos Core,734895,734895,1,,735420
5728,2026-10-02T01:13:35,2026-10-01T20:51:20,Chaos Core,734248,734248,1,,737226
5729,2026-10-02T01:14:07,2026-10-01T20:51:20,Chaos Core,733587,733587,1,,737226
5730,2026-10-02T01:14:40,2026-10-01T20:51:20,Chaos Core Set X 276,776876,214418051,276,,199696764
5731,2026-10-02T01:15:45,2026-10-01T20:51:20,Chaos Core Set X 252,776866,195770483,252,,182331828
5732,2026-10-02T01:17:47,2026-10-01T20:51:20,Force Core(High,165000,1650000,10,,1595200
5733,2026-10-02T01:22:54,2026-10-01T20:51:20,Chaos Core,737864,737864,1,,742000
5734,2026-10-02T01:24:53,2026-10-01T20:51:20,Chaos Core,737213,737213,1,,741471
5735,2026-10-02T01:25:31,2026-10-01T20:51:20,Chaos Core,736530,736530,1,,741471
5736,2026-10-02T01:27:56,2026-10-01T20:51:20,Chaos Core,735864,735864,1,,740171
5737,2026-10-02T01:28:29,2026-10-01T20:51:20,Chaos Core,735173,735173,1,,740171
5738,2026-10-02T01:29:33,2026-10-01T20:51:20,Chaos Core,735329,735329,1,,742880
5739,2026-10-02T01:36:49,2026-10-01T20:51:20,Chaos Core,734049,734049,1,,735840
5740,2026-10-02T01:37:59,2026-10-01T20:51:20,Chaos Core,729324,729324,1,,730000
5741,2026-10-02T01:39:04,2026-10-01T20:51:20,Force Core(Highest,191952,7486128,39,,7222215
5742,2026-10-02T01:39:23,2026-10-01T20:51:20,Force Core(High,165000,6600000,40,,6380800
5743,2026-10-02T01:41:26,2026-10-01T20:51:20,Chaos Core,725052,725052,1,,736530
5744,2026-10-02T01:44:07,2026-10-01T20:51:20,Chaos Core,724389,724389,1,,735840
5745,2026-10-02T01:50:13,2026-10-01T20:51:20,Chaos Core,721980,721980,1,,722672
5746,2026-10-02T02:00:35,2026-10-01T20:51:20,Yekaterina VIP Membership,129999998,129999998,1,,112666666
5747,2026-10-02T02:03:40,2026-10-01T20:51:20,Force Core(High,165000,9570000,58,,9252160
5748,2026-10-02T02:05:00,2026-10-01T20:51:20,Chaos Core Set X 324,776691,251648207,324,,234380304
5749,2026-10-02T02:05:53,2026-10-01T20:51:20,Chaos Core,719014,719014,1,,736530
5750,2026-10-02T02:06:35,2026-10-01T20:51:20,Chaos Core,718397,718397,1,,723851
5751,2026-10-02T02:08:57,2026-10-01T20:51:20,Siena's Unbinding Stone,98799994,98799994,1,,75111111
5752,2026-10-02T02:11:20,2026-10-01T20:51:20,Chaos Core,718366,718366,1,,720868
5753,2026-10-02T02:11:51,2026-10-01T20:51:20,Upgrade Core (Ultimate,455404,1366212,3,,1295451
5754,2026-10-02T02:12:16,2026-10-01T20:51:20,Chaos Core,717682,717682,1,,726252
5755,2026-10-02T02:15:26,2026-10-01T20:51:20,Chaos Core Set X 180,776653,139797719,180,,131495400
5756,2026-10-02T02:18:32,2026-10-01T20:51:20,Force Core (Ultimate,328439,6568780,20,,6569200
5757,2026-10-02T02:21:14,2026-10-01T20:51:20,Upgrade Core (Ultimate,455381,9107620,20,,8636360
5758,2026-10-02T02:28:31,2026-10-01T20:51:20,Chaos Core,725673,725673,1,,750000
5759,2026-10-02T02:28:40,2026-10-01T20:51:20,Chaos Core,725033,725033,1,,749494
5760,2026-10-02T02:30:34,2026-10-01T20:51:20,Chaos Core,724477,724477,1,,748959
5761,2026-10-02T02:32:21,2026-10-01T20:51:20,Chaos Core,723919,723919,1,,745872
5762,2026-10-02T02:34:57,2026-10-01T20:51:20,Chaos Core,724432,724432,1,,748288
5763,2026-10-02T02:35:44,2026-10-01T20:51:20,Chaos Core,723915,723915,1,,747715
5764,2026-10-02T02:41:35,2026-10-01T20:51:20,Chaos Core,722597,722597,1,,724432
5765,2026-10-02T02:42:22,2026-10-01T20:51:20,Chaos Core,721986,721986,1,,724432
5766,2026-10-02T02:44:07,2026-10-01T20:51:20,Chaos Core,739461,739461,1,,739999
5767,2026-10-02T02:45:20,2026-10-01T20:51:20,Force Core(High,165000,4950000,30,,4785600
5768,2026-10-02T02:46:16,2026-10-01T20:51:20,Force Core(High,165000,4785000,29,,4626080
5769,2026-10-02T02:47:15,2026-10-01T20:51:20,Chaos Core,721298,721298,1,,724432
5770,2026-10-02T02:47:52,2026-10-01T20:51:20,Chaos Core,720768,720768,1,,724432
5771,2026-10-02T02:51:45,2026-10-01T20:51:20,Chaos Core,719453,719453,1,,740000
5772,2026-10-02T02:52:29,2026-10-01T20:51:20,Chaos Core,739321,739321,1,,739999
5773,2026-10-02T02:55:26,2026-10-01T20:51:20,Chaos Core,739427,739427,1,,739999
5774,2026-10-02T02:57:08,2026-10-01T20:51:20,Chaos Core,737007,737007,1,,737600
5775,2026-10-02T02:57:17,2026-10-01T20:51:20,Chaos Core,739460,739460,1,,739999
5776,2026-10-02T02:58:05,2026-10-01T20:51:20,Chaos Core,738796,738796,1,,739999
5777,2026-10-02T03:03:13,2026-10-01T20:51:20,Chaos Core,738264,738264,1,,738796
5778,2026-10-02T03:03:56,2026-10-01T20:51:20,Chaos Core,737600,737600,1,,738796
5779,2026-10-02T03:04:35,2026-10-01T20:51:20,Chaos Core Set X 291,776522,225968192,291,,210549849
5780,2026-10-02T03:06:55,2026-10-01T20:51:20,Chaos Core,719336,719336,1,,720000
5781,2026-10-02T03:07:52,2026-10-01T20:51:20,Chaos Core,719375,719375,1,,720000
5782,2026-10-02T03:11:45,2026-10-01T20:51:20,Force Core (Ultimate,328420,6568400,20,,6569200
5783,2026-10-02T03:26:55,2026-10-02T03:21:58,Force Core (Ultimate,328415,3284150,10,,3283600
5784,2026-10-02T03:37:09,2026-10-02T03:21:58,Chaos Core,729671,729671,1,,733226
5785,2026-10-02T03:37:53,2026-10-02T03:21:58,Chaos Core,729044,729044,1,,733226
5786,2026-10-02T03:38:55,2026-10-02T03:21:58,Force Core(High,165000,1155000,7,,1116640
5787,2026-10-02T03:40:42,2026-10-02T03:21:58,Chaos Core,728373,728373,1,,733226
5788,2026-10-02T03:41:10,2026-10-02T03:21:58,Chaos Core,727772,727772,1,,733226
5789,2026-10-02T03:41:59,2026-10-02T03:21:58,Force Core(High,165000,6930000,42,,6699840
5790,2026-10-02T03:42:14,2026-10-02T03:21:58,Chaos Core,727082,727082,1,,733226
5791,2026-10-02T03:45:42,2026-10-02T03:21:58,Chaos Core,729537,729537,1,,730226
5792,2026-10-02T03:46:25,2026-10-02T03:21:58,Chaos Core,729005,729005,1,,730226
5793,2026-10-02T03:49:22,2026-10-02T03:21:58,Chaos Core,728411,728411,1,,729005
5794,2026-10-02T03:50:27,2026-10-02T03:21:58,Chaos Core,727816,727816,1,,729005
5795,2026-10-02T03:55:49,2026-10-02T03:21:58,Chaos Core,728671,728671,1,,729203
5796,2026-10-02T03:56:55,2026-10-02T03:21:58,Chaos Core,728134,728134,1,,729203
5797,2026-10-02T03:58:34,2026-10-02T03:21:58,Siena's Unbinding Stone,98799994,98799994,1,,75000000
5798,2026-10-02T04:00:17,2026-10-02T03:21:58,Chaos Core,727522,727522,1,,730226
5799,2026-10-02T04:01:00,2026-10-02T03:21:58,Chaos Core,726844,726844,1,,730226
5800,2026-10-02T04:03:54,2026-10-02T03:21:58,Chaos Core,729711,729711,1,,730226
5801,2026-10-02T04:04:59,2026-10-02T03:21:58,Chaos Core,729612,729612,1,,730226
5802,2026-10-02T04:05:30,2026-10-02T03:21:58,Chaos Core,729605,729605,1,,730226
5803,2026-10-02T04:08:01,2026-10-02T03:21:58,Chaos Core,729622,729622,1,,730226
5804,2026-10-02T04:08:44,2026-10-02T03:21:58,Chaos Core,729721,729721,1,,730226
5805,2026-10-02T04:10:20,2026-10-02T03:21:58,Chaos Core,729525,729525,1,,730220
5806,2026-10-02T04:13:16,2026-10-02T03:21:58,Chaos Core,732623,732623,1,,733226
5807,2026-10-02T04:14:15,2026-10-02T03:21:58,Chaos Core,729697,729697,1,,730220
5808,2026-10-02T04:14:53,2026-10-02T03:21:58,Chaos Core,729538,729538,1,,730220
5809,2026-10-02T04:16:53,2026-10-02T03:21:58,Chaos Core,729592,729592,1,,730220
5810,2026-10-02T04:17:35,2026-10-02T03:21:58,Chaos Core,729528,729528,1,,730220
5811,2026-10-02T04:20:32,2026-10-02T03:21:58,Chaos Core,729562,729562,1,,730220
5812,2026-10-02T04:22:26,2026-10-02T03:21:58,Chaos Core Set X 324,733165,237545783,324,,236593224
5813,2026-10-02T04:22:54,2026-10-02T03:21:58,Chaos Core,729678,729678,1,,730220
5814,2026-10-02T04:24:39,2026-10-02T03:21:58,Epic Booster (Highest),46875000,140625000,3,,140625000
5815,2026-10-02T04:25:22,2026-10-02T03:21:58,Chaos Core,729597,729597,1,,730220
5816,2026-10-02T04:25:56,2026-10-02T03:21:58,Chaos Core Set X 327,733162,239744300,327,,238783902
5817,2026-10-02T04:26:07,2026-10-02T03:21:58,Chaos Core,729544,729544,1,,730220
5818,2026-10-02T04:27:54,2026-10-02T03:21:58,Chaos Core Set X 258,733161,189155795,258,,188398308
5819,2026-10-02T04:28:27,2026-10-02T03:21:58,Chaos Core Set X 180,733160,131968979,180,,131440680
5820,2026-10-02T04:28:38,2026-10-02T03:21:58,Chaos Core Set X 144,733159,105575039,144,,105152544
5821,2026-10-02T04:28:48,2026-10-02T03:21:58,Chaos Core Set X 246,733158,180357113,246,,179635596
5822,2026-10-02T04:32:10,2026-10-02T03:21:58,Chaos Core,728326,728326,1,,730220
5823,2026-10-02T04:34:09,2026-10-02T03:21:58,Chaos Core,727817,727817,1,,730220
5824,2026-10-02T04:36:57,2026-10-02T03:21:58,Chaos Core,728295,728295,1,,730220
5825,2026-10-02T04:38:56,2026-10-02T03:21:58,Chaos Core,727685,727685,1,,730220
5826,2026-10-02T04:42:04,2026-10-02T03:21:58,Chaos Core,719455,719455,1,,730220
5827,2026-10-02T04:42:35,2026-10-02T03:21:58,Chaos Core,727062,727062,1,,730220
5828,2026-10-02T04:44:38,2026-10-02T03:21:58,Chaos Core,731342,731342,1,,732000
5829,2026-10-02T04:45:29,2026-10-02T03:21:58,Chaos Core,730671,730671,1,,733226
5830,2026-10-02T04:46:02,2026-10-02T03:21:58,Chaos Core,730741,730741,1,,733226
5831,2026-10-02T04:49:54,2026-10-02T03:21:58,Chaos Core,736980,736980,1,,737600
5832,2026-10-02T04:50:26,2026-10-02T03:21:58,Chaos Core,736426,736426,1,,737500
5833,2026-10-02T04:52:30,2026-10-02T03:21:58,Chaos Core,735918,735918,1,,737500
5834,2026-10-02T04:53:21,2026-10-02T03:21:58,Chaos Core,735401,735401,1,,736426
5835,2026-10-02T04:53:57,2026-10-02T03:21:58,Chaos Core,734824,734824,1,,735918
5836,2026-10-02T04:56:33,2026-10-02T03:21:58,Chaos Core,734306,734306,1,,734832
5837,2026-10-02T04:57:05,2026-10-02T03:21:58,Chaos Core,733709,733709,1,,734824
5838,2026-10-02T04:59:10,2026-10-02T03:21:58,Chaos Core,733103,733103,1,,734824
5839,2026-10-02T05:04:28,2026-10-02T03:21:58,Chaos Core,730098,730098,1,,730690
5840,2026-10-02T05:04:55,2026-10-02T03:21:58,Chaos Core,729577,729577,1,,734824
5841,2026-10-02T05:05:26,2026-10-02T03:21:58,Chaos Core,728950,728950,1,,734824
5842,2026-10-02T05:08:26,2026-10-02T03:21:58,Chaos Core,728252,728252,1,,732509
5843,2026-10-02T05:08:57,2026-10-02T03:21:58,Chaos Core,727748,727748,1,,732509
5844,2026-10-02T05:11:19,2026-10-02T03:21:58,Chaos Core,734235,734235,1,,734824
5845,2026-10-02T05:11:56,2026-10-02T03:21:58,Chaos Core,733543,733543,1,,734824
5846,2026-10-02T05:12:29,2026-10-02T03:21:58,Chaos Core,733016,733016,1,,737500
5847,2026-10-02T05:15:57,2026-10-02T03:21:58,Chaos Core,743567,743567,1,,744823
5848,2026-10-02T05:18:15,2026-10-02T03:21:58,Chaos Core,743056,743056,1,,743567
5849,2026-10-02T05:18:53,2026-10-02T03:21:58,Chaos Core,742378,742378,1,,743567
5850,2026-10-02T05:19:27,2026-10-02T03:21:58,Chaos Core,741769,741769,1,,744211
5851,2026-10-02T05:27:19,2026-10-02T03:21:58,Chaos Core,737084,737084,1,,744211
5852,2026-10-02T05:27:28,2026-10-02T03:21:58,Force Core (Ultimate,328466,4598524,14,,4597040
5853,2026-10-02T05:29:56,2026-10-02T03:21:58,Chaos Core,735262,735262,1,,744211
5854,2026-10-02T05:31:21,2026-10-02T03:21:58,Siena's Unbinding Stone,98799993,98799993,1,,75000000
5855,2026-10-02T05:33:01,2026-10-02T03:21:58,Chaos Core,734643,734643,1,,744823
5856,2026-10-02T05:33:32,2026-10-02T03:21:58,Force Core (Ultimate,328466,58795414,179,,58776440
5857,2026-10-02T05:33:49,2026-10-02T03:21:58,Upgrade Core (Ultimate,455019,910038,2,,863636
5858,2026-10-02T05:34:37,2026-10-02T03:21:58,Upgrade Core (Ultimate,455016,6825240,15,,6477270
5859,2026-10-02T05:34:48,2026-10-02T03:21:58,Upgrade Core (Ultimate,455015,6825225,15,,6477270
5860,2026-10-02T05:35:06,2026-10-02T03:21:58,Chaos Core,733978,733978,1,,743100
5861,2026-10-02T05:35:37,2026-10-02T03:21:58,Chaos Core,733296,733296,1,,743100
5862,2026-10-02T05:37:48,2026-10-02T03:21:58,Chaos Core,732747,732747,1,,740000
5863,2026-10-02T05:38:29,2026-10-02T03:21:58,Chaos Core,736928,736928,1,,737600
5864,2026-10-02T05:41:18,2026-10-02T03:21:58,Chaos Core,736323,736323,1,,736928
5865,2026-10-02T05:44:57,2026-10-02T03:21:58,Chaos Core,725616,725616,1,,736323
5866,2026-10-02T05:45:47,2026-10-02T03:21:58,Chaos Core,725104,725104,1,,726252
5867,2026-10-02T05:47:12,2026-10-02T03:21:58,Chaos Core Set,733207,237559391,324,,235164708
5868,2026-10-02T05:48:03,2026-10-02T03:21:58,Chaos Core Set,741437,100094129,135,,99289800
5869,2026-10-02T05:49:56,2026-10-02T03:21:58,Siena's Unbinding Stone,98799989,98799989,1,,75000000
5870,2026-10-02T05:52:00,2026-10-02T03:21:58,Chaos Core,734310,734310,1,,734981
5871,2026-10-02T05:54:03,2026-10-02T03:21:58,Chaos Core,733689,733689,1,,741954
5872,2026-10-02T05:54:45,2026-10-02T03:21:58,Chaos Core,733014,733014,1,,745872
5873,2026-10-02T05:59:22,2026-10-02T03:21:58,Force Core(High,165000,1650000,10,,1595200
5874,2026-10-02T06:04:39,2026-10-02T03:21:58,Chaos Core Set,769348,83858975,109,,78499402
5875,2026-10-02T06:07:53,2026-10-02T03:21:58,Chaos Core,720178,720178,1,,750000
5876,2026-10-02T06:08:02,2026-10-02T03:21:58,Force Core(High,165000,1650000,10,,1595200
5877,2026-10-02T06:08:58,2026-10-02T03:21:58,Chaos Core,719557,719557,1,,750000
5878,2026-10-02T06:09:30,2026-10-02T03:21:58,Chaos Core,718982,718982,1,,750000
5879,2026-10-02T06:10:11,2026-10-02T03:21:58,Chaos Core,718307,718307,1,,736928
5880,2026-10-02T06:10:46,2026-10-02T03:21:58,Chaos Core,717667,717667,1,,735662
5881,2026-10-02T06:15:41,2026-10-02T03:21:58,Chaos Core,749371,749371,1,,750000
5882,2026-10-02T06:16:13,2026-10-02T03:21:58,Chaos Core,748680,748680,1,,750000
5883,2026-10-02T06:16:48,2026-10-02T03:21:58,Chaos Core,748102,748102,1,,750000
5884,2026-10-02T06:17:31,2026-10-02T03:21:58,Chaos Core,747462,747462,1,,755555
5885,2026-10-02T06:31:16,2026-10-02T03:21:58,Chaos Core,741605,741605,1,,770000
5886,2026-10-02T06:35:59,2026-10-02T03:21:58,Chaos Core,740998,740998,1,,770000
5887,2026-10-02T06:36:08,2026-10-02T03:21:58,Chaos Core,740463,740463,1,,760000
5888,2026-10-02T06:36:50,2026-10-02T03:21:58,Chaos Core,739843,739843,1,,743922
5889,2026-10-02T06:43:31,2026-10-02T03:21:58,Chaos Core,741615,741615,1,,770000
5890,2026-10-02T06:44:03,2026-10-02T03:21:58,Chaos Core,740978,740978,1,,770000
5891,2026-10-02T06:44:35,2026-10-02T03:21:58,Chaos Core,739321,739321,1,,735555
5892,2026-10-02T06:46:53,2026-10-02T03:21:58,Chaos Core,725686,725686,1,,770000
5893,2026-10-02T06:47:32,2026-10-02T03:21:58,Chaos Core,725030,725030,1,,743922
5894,2026-10-02T06:54:56,2026-10-02T03:21:58,Force Core (Ultimate,328466,5583922,17,,5582120
5895,2026-10-02T06:55:01,2026-10-02T03:21:58,Force Core(High,165000,7920000,48,,7656960
5896,2026-10-02T06:56:59,2026-10-02T03:21:58,Chaos Core Set X 102,749982,76498265,102,,75880758
5897,2026-10-02T07:02:54,2026-10-02T03:21:58,Yekaterina VIP Membership,129999997,129999997,1,,112500000
5898,2026-10-02T07:05:10,2026-10-02T03:21:58,Force Core(High,165000,165000,1,,159520
5899,2026-10-02T07:05:15,2026-10-02T03:21:58,Force Core(High,165000,22275000,135,,21535200
5900,2026-10-02T07:10:49,2026-10-02T03:21:58,Force Core(High,165000,7755000,47,,7497440
5901,2026-10-02T07:11:07,2026-10-02T03:21:58,Force Core(High,165000,3795000,23,,3668960
5902,2026-10-02T07:11:11,2026-10-02T03:21:58,Chaos Core,733686,733686,1,,766000
5903,2026-10-02T07:11:48,2026-10-02T03:21:58,Chaos Core,733168,733168,1,,766000
5904,2026-10-02T07:12:22,2026-10-02T03:21:58,Chaos Core,732549,732549,1,,766000
5905,2026-10-02T07:12:56,2026-10-02T03:21:58,Chaos Core,731939,731939,1,,760000
5906,2026-10-02T07:13:28,2026-10-02T03:21:58,Chaos Core,731344,731344,1,,760000
5907,2026-10-02T07:19:37,2026-10-02T03:21:58,Chaos Core,739365,739365,1,,740000
5908,2026-10-02T07:20:08,2026-10-02T03:21:58,Chaos Core,738810,738810,1,,740000
5909,2026-10-02T07:20:41,2026-10-02T03:21:58,Chaos Core,738122,738122,1,,740000
5910,2026-10-02T07:21:20,2026-10-02T03:21:58,Chaos Core,737569,737569,1,,738810
5911,2026-10-02T07:21:53,2026-10-02T03:21:58,Chaos Core,736998,736998,1,,738810
5912,2026-10-02T07:28:34,2026-10-02T03:21:58,Force Core (Ultimate,328466,656932,2,,656720
5913,2026-10-02T07:28:58,2026-10-02T03:21:58,Chaos Core,738114,738114,1,,738810
5914,2026-10-02T07:29:29,2026-10-02T03:21:58,Chaos Core,737522,737522,1,,738810
5915,2026-10-02T07:30:02,2026-10-02T03:21:58,Chaos Core,736980,736980,1,,738114
5916,2026-10-02T07:30:42,2026-10-02T03:21:58,Chaos Core,737509,737509,1,,738114
5917,2026-10-02T07:31:16,2026-10-02T03:21:58,Chaos Core,736831,736831,1,,738114
5918,2026-10-02T07:32:17,2026-10-02T03:21:58,Chaos Core Set X 99,749928,74242970,99,,72992898
5919,2026-10-02T07:32:41,2026-10-02T03:21:58,Chaos Core Set X 249,749926,186731822,249,,182832234
5920,2026-10-02T07:37:59,2026-10-02T03:21:58,Chaos Core,738162,738162,1,,738810
5921,2026-10-02T07:38:30,2026-10-02T03:21:58,Chaos Core,738201,738201,1,,738810
5922,2026-10-02T07:39:04,2026-10-02T03:21:58,Chaos Core,738229,738229,1,,738810
5923,2026-10-02T07:39:38,2026-10-02T03:21:58,Chaos Core,749485,749485,1,,750000
5924,2026-10-02T07:41:34,2026-10-02T03:21:58,Chaos Core,749389,749389,1,,750000
5925,2026-10-02T07:42:40,2026-10-02T03:21:58,Chaos Core Set X 51,749917,38245817,51,,37647843
5926,2026-10-02T07:43:04,2026-10-02T03:21:58,Force Core(High,165000,1650000,10,,1591590
5927,2026-10-02T07:43:48,2026-10-02T03:21:58,Chaos Core Set,749914,13498469,18,,13357512
5928,2026-10-02T08:00:14,2026-10-02T03:21:58,Chaos Core,742181,742181,1,,746950
5929,2026-10-02T08:03:29,2026-10-02T03:21:58,Chaos Core,741546,741546,1,,750000
5930,2026-10-02T08:03:59,2026-10-02T03:21:58,Chaos Core,740990,740990,1,,750000
5931,2026-10-02T08:04:32,2026-10-02T03:21:58,Chaos Core,740477,740477,1,,750000
5932,2026-10-02T08:05:05,2026-10-02T03:21:58,Chaos Core,739960,739960,1,,750000
5933,2026-10-02T08:06:18,2026-10-02T03:21:58,Chaos Core,739378,739378,1,,750000
5934,2026-10-02T08:09:15,2026-10-02T03:21:58,Chaos Core Set X 198,758778,150238241,198,,146953224
5935,2026-10-02T08:11:51,2026-10-02T03:21:58,Chaos Core,734362,734362,1,,735000
5936,2026-10-02T08:12:00,2026-10-02T03:21:58,Chaos Core,733692,733692,1,,735000
5937,2026-10-02T08:12:30,2026-10-02T03:21:58,Chaos Core,733122,733122,1,,735000
5938,2026-10-02T08:13:09,2026-10-02T03:21:58,Chaos Core,732528,732528,1,,733692
5939,2026-10-02T08:17:48,2026-10-02T03:21:58,Chaos Core,732006,732006,1,,746500
5940,2026-10-02T08:24:07,2026-10-02T03:21:58,Chaos Core,725641,725641,1,,726252
5941,2026-10-02T08:24:39,2026-10-02T03:21:58,Chaos Core,725688,725688,1,,746000
5942,2026-10-02T08:25:11,2026-10-02T03:21:58,Chaos Core,725077,725077,1,,740000
5943,2026-10-02T08:34:25,2026-10-02T03:21:58,Chaos Core,719478,719478,1,,720000
5944,2026-10-02T08:35:01,2026-10-02T03:21:58,Chaos Core,718943,718943,1,,720000
5945,2026-10-02T08:35:38,2026-10-02T03:21:58,Chaos Core,718404,718404,1,,735000
5946,2026-10-02T08:37:43,2026-10-02T03:21:58,Chaos Core,724484,724484,1,,726252
5947,2026-10-02T08:39:24,2026-10-02T03:21:58,Force Core(High,165000,4950000,30,,4774770
5948,2026-10-02T08:43:17,2026-10-02T03:21:58,Chaos Core,723904,723904,1,,735000
5949,2026-10-02T08:43:59,2026-10-02T03:21:58,Chaos Core,723287,723287,1,,735000
5950,2026-10-02T08:48:05,2026-10-02T03:21:58,Force Core(High,165000,3300000,20,,3183180
5951,2026-10-02T08:52:37,2026-10-02T03:21:58,Chaos Core,720828,720828,1,,722754
5952,2026-10-02T08:53:08,2026-10-02T03:21:58,Chaos Core,720178,720178,1,,723287
5953,2026-10-02T08:53:39,2026-10-02T03:21:58,Chaos Core,719613,719613,1,,723287
5954,2026-10-02T08:54:32,2026-10-02T03:21:58,Chaos Core,720802,720802,1,,722754
5955,2026-10-02T08:54:56,2026-10-02T03:21:58,Upgrade Core (Ultimate,519810,20792400,40,,17866720
5956,2026-10-02T08:55:10,2026-10-02T03:21:58,Upgrade Core (Ultimate,519809,28589495,55,,24501620
5957,2026-10-02T08:55:32,2026-10-02T03:21:58,Force Core(High,165000,6600000,40,,6366360
5958,2026-10-02T08:58:12,2026-10-02T03:21:58,Chaos Core,739428,739428,1,,726252
5959,2026-10-02T09:01:24,2026-10-02T03:21:58,Chaos Core,739473,739473,1,,740000
5960,2026-10-02T09:01:55,2026-10-02T03:21:58,Chaos Core,725649,725649,1,,726252
5961,2026-10-02T09:02:27,2026-10-02T03:21:58,Chaos Core,725019,725019,1,,740000
5962,2026-10-02T09:03:00,2026-10-02T03:21:58,Chaos Core Set X 201,740670,148874870,201,,145881981
5963,2026-10-02T09:03:24,2026-10-02T03:21:58,Upgrade Core (Ultimate,509810,58628150,115,,51366820
5964,2026-10-02T09:04:18,2026-10-02T03:21:58,Force Core(High,165000,3300000,20,,3183180
5965,2026-10-02T09:04:33,2026-10-02T03:21:58,Upgrade Core (Ultimate,509806,509806,1,,445484
5966,2026-10-02T09:05:09,2026-10-02T03:21:58,Force Core (Ultimate,348758,3487580,10,,3283600
5967,2026-10-02T09:05:23,2026-10-02T03:21:58,Chaos Core Set X 24,740669,17776079,24,,17530008
5968,2026-10-02T09:05:33,2026-10-02T03:21:58,Chaos Core Set X 216,740668,159984503,216,,156616632
5969,2026-10-02T09:05:43,2026-10-02T03:21:58,Chaos Core Set X 180,740667,133320239,180,,133200000
5970,2026-10-02T09:05:59,2026-10-02T03:21:58,Chaos Core Set X 24,740666,17776007,24,,17457312
5971,2026-10-02T09:06:09,2026-10-02T03:21:58,Chaos Core Set X 246,740665,182203835,246,,180810000
5972,2026-10-02T09:06:20,2026-10-02T03:21:58,Chaos Core,738324,738324,1,,739000
5973,2026-10-02T09:06:51,2026-10-02T03:21:58,Chaos Core,737723,737723,1,,739000
5974,2026-10-02T09:10:28,2026-10-02T03:21:58,Chaos Core,738442,738442,1,,737723
5975,2026-10-02T09:10:36,2026-10-02T03:21:58,Chaos Core,737857,737857,1,,740000
5976,2026-10-02T09:11:06,2026-10-02T03:21:58,Chaos Core,739493,739493,1,,740000
5977,2026-10-02T09:19:44,2026-10-02T03:21:58,Chaos Core,736900,736900,1,,737444
5978,2026-10-02T09:20:23,2026-10-02T03:21:58,Chaos Core,736258,736258,1,,737444
5979,2026-10-02T09:25:09,2026-10-02T03:21:58,Force Core (Ultimate,348754,17437700,50,,16418000
5980,2026-10-02T09:25:51,2026-10-02T03:21:58,Chaos Core,735732,735732,1,,740000
5981,2026-10-02T09:26:29,2026-10-02T03:21:58,Chaos Core,735058,735058,1,,740000
5982,2026-10-02T09:27:16,2026-10-02T03:21:58,Force Core(Highest,191965,1919650,10,,1835750
5983,2026-10-02T09:27:30,2026-10-02T03:21:58,Chaos Core,734550,734550,1,,740000
5984,2026-10-02T09:28:12,2026-10-02T03:21:58,Upgrade Core (Ultimate,509800,25490000,50,,22333850
5985,2026-10-02T09:28:27,2026-10-02T03:21:58,Chaos Core Set,740707,66663719,90,,66112470
5986,2026-10-02T09:36:19,2026-10-02T03:21:58,Chaos Core,739338,739338,1,,740000
5987,2026-10-02T09:36:49,2026-10-02T03:21:58,Chaos Core,738669,738669,1,,740000
5988,2026-10-02T09:37:59,2026-10-02T03:21:58,Force Core(High,165000,21780000,132,,21008988
5989,2026-10-02T09:38:04,2026-10-02T03:21:58,Force Core(High,165000,7590000,46,,7321314
5990,2026-10-02T09:38:09,2026-10-02T03:21:58,Force Core(High,165000,21615000,131,,20849829
5991,2026-10-02T09:38:33,2026-10-02T03:21:58,Force Core (Ultimate,348750,27202500,78,,25612080
5992,2026-10-02T09:38:48,2026-10-02T03:21:58,Force Core (Ultimate,348749,48476111,139,,45642040
5993,2026-10-02T09:38:52,2026-10-02T03:21:58,Chaos Core,738065,738065,1,,746500
5994,2026-10-02T09:39:28,2026-10-02T03:21:58,Chaos Core,737522,737522,1,,746500
5995,2026-10-02T09:40:03,2026-10-02T03:21:58,Force Core(Highest,191965,9598250,50,,9178750
5996,2026-10-02T09:40:18,2026-10-02T03:21:58,Chaos Core,736908,736908,1,,746500
5997,2026-10-02T09:52:18,2026-10-02T03:21:58,Force Core (Ultimate,348749,6974980,20,,6567200
5998,2026-10-02T09:52:32,2026-10-02T03:21:58,Force Core (Ultimate,348748,13252424,38,,12477680
5999,2026-10-02T09:52:37,2026-10-02T03:21:58,Chaos Core,738906,738906,1,,739475
6000,2026-10-02T09:53:08,2026-10-02T03:21:58,Chaos Core,738236,738236,1,,739475
6001,2026-10-02T09:54:03,2026-10-02T03:21:58,Chaos Core,737724,737724,1,,738906
6002,2026-10-02T09:56:52,2026-10-02T03:21:58,Force Core(High),165000,4950000,30,,4586970
6003,2026-10-02T10:02:30,2026-10-02T03:21:58,Upgrade Core (Ultimate,509783,25998933,51,,22780068
6004,2026-10-02T10:03:13,2026-10-02T03:21:58,Chaos Core,728148,728148,1,,746000
6005,2026-10-02T10:04:13,2026-10-02T03:21:58,Chaos Core,727545,727545,1,,730000
6006,2026-10-02T10:06:29,2026-10-02T03:21:58,Chaos Core Set X 249,749976,186744272,249,,181770000
6007,2026-10-02T10:06:57,2026-10-02T03:21:58,Chaos Core Set X 132,749975,98996831,132,,97291260
6008,2026-10-02T10:07:25,2026-10-02T03:21:58,Chaos Core Set X 324,749974,242991899,324,,240944220
6009,2026-10-02T10:08:17,2026-10-02T03:21:58,Force Core(High,165000,4950000,30,,4586970
6010,2026-10-02T10:09:45,2026-10-02T03:21:58,Chaos Core Set,749968,242989955,324,,236131848
6011,2026-10-02T10:12:00,2026-10-02T03:21:58,Chaos Core,728118,728118,1,,746000
6012,2026-10-02T10:12:31,2026-10-02T03:21:58,Chaos Core,727427,727427,1,,740000
6013,2026-10-02T10:13:53,2026-10-02T03:21:58,Chaos Core,726866,726866,1,,746000
6014,2026-10-02T10:14:24,2026-10-02T03:21:58,Force Core(Highest,191963,7678520,40,,7343000
6015,2026-10-02T10:14:45,2026-10-02T03:21:58,Chaos Core,726319,726319,1,,746000
6016,2026-10-02T10:19:45,2026-10-02T03:21:58,Chaos Core,745353,745353,1,,745999
6017,2026-10-02T10:20:16,2026-10-02T03:21:58,Chaos Core,744847,744847,1,,745999
6018,2026-10-02T10:21:39,2026-10-02T03:21:58,Chaos Core,744798,744798,1,,745353
6019,2026-10-02T10:22:09,2026-10-02T03:21:58,Force Core(Highest,191958,24954540,130,,23864750
6020,2026-10-02T10:22:20,2026-10-02T03:21:58,Chaos Core,744658,744658,1,,745353
6021,2026-10-02T10:27:23,2026-10-02T03:21:58,Force Core(Highest),191957,23034840,120,,22000080
6022,2026-10-02T10:33:31,2026-10-02T03:21:58,Chaos Core,744168,744168,1,,744718
6023,2026-10-02T10:33:40,2026-10-02T03:21:58,Chaos Core,743629,743629,1,,744718
6024,2026-10-02T10:34:22,2026-10-02T03:21:58,Upgrade Core (Ultimate,509765,17332010,34,,15186712
6025,2026-10-02T10:35:48,2026-10-02T03:21:58,Force Core(High,165000,1320000,8,,1160000
6026,2026-10-02T10:40:09,2026-10-02T03:21:58,Chaos Core,725722,725722,1,,726252
6027,2026-10-02T10:41:34,2026-10-02T03:21:58,Chaos Core,725206,725206,1,,744718
6028,2026-10-02T10:42:18,2026-10-02T03:21:58,Chaos Core,724509,724509,1,,744718
6029,2026-10-02T10:44:40,2026-10-02T03:21:58,Chaos Core,723924,723924,1,,745353
6030,2026-10-02T10:48:27,2026-10-02T03:21:58,Chaos Core,728815,728815,1,,730000
6031,2026-10-02T10:49:48,2026-10-02T03:21:58,Chaos Core,728170,728170,1,,728831
6032,2026-10-02T10:52:16,2026-10-02T03:21:58,Chaos Core,728144,728144,1,,745353
6033,2026-10-02T11:12:19,2026-10-02T03:21:58,Chaos Core,721724,721724,1,,730000
6034,2026-10-02T11:15:57,2026-10-02T03:21:58,Chaos Core,721042,721042,1,,728831
6035,2026-10-02T11:17:07,2026-10-02T03:21:58,Chaos Core,720402,720402,1,,730000
6036,2026-10-02T11:17:38,2026-10-02T03:21:58,Chaos Core,719778,719778,1,,728831
6037,2026-10-02T11:18:22,2026-10-02T03:21:58,Force Core(High,165000,330000,2,,290000
6038,2026-10-02T11:18:55,2026-10-02T03:21:58,Force Core(High,165000,4950000,30,,4586970
6039,2026-10-02T11:29:30,2026-10-02T11:27:34,Upgrade Core (Ultimate,475460,16641100,35,,15113630
6040,2026-10-02T11:29:42,2026-10-02T11:27:34,Force Core(Highest,189990,5699700,30,,5700000
6041,2026-10-02T11:34:57,2026-10-02T11:30:14,Chaos Core,739851,739851,1,,749778
6042,2026-10-02T11:39:14,2026-10-02T11:30:14,Chaos Core,740511,740511,1,,749778
6043,2026-10-02T11:39:45,2026-10-02T11:30:14,Chaos Core,739852,739852,1,,749778
6044,2026-10-02T11:43:25,2026-10-02T11:30:14,Chaos Core,739239,739239,1,,749778
6045,2026-10-02T11:44:02,2026-10-02T11:30:14,Chaos Core,738646,738646,1,,749778
6046,2026-10-02T11:45:04,2026-10-02T11:30:14,Force Core(High,165000,1650000,10,,1450970
6047,2026-10-02T11:46:09,2026-10-02T11:30:14,Chaos Core,740000,740000,1,,749778
6048,2026-10-02T11:47:25,2026-10-02T11:30:14,Upgrade Core (Ultimate,475460,42791400,90,,42792750
6049,2026-10-02T11:47:39,2026-10-02T11:30:14,Chaos Core,739325,739325,1,,740511
6050,2026-10-02T11:48:18,2026-10-02T11:30:14,Chaos Core,738649,738649,1,,740511
6051,2026-10-02T11:49:14,2026-10-02T11:30:14,Force Core(Highest,189971,1329797,7,,1292963
6052,2026-10-02T11:49:34,2026-10-02T11:30:14,Chaos Core,739912,739912,1,,740511
6053,2026-10-02T11:52:08,2026-10-02T11:30:14,Chaos Core,739875,739875,1,,740500
6054,2026-10-02T11:53:18,2026-10-02T11:30:14,Force Core(High,165000,24750000,150,,21764550
6055,2026-10-02T11:55:35,2026-10-02T11:30:14,Upgrade Core (Ultimate,475460,23773000,50,,23773750
6056,2026-10-02T11:58:02,2026-10-02T11:30:14,Yekaterina VIP Membership,117999998,117999998,1,,112500000
6057,2026-10-02T11:59:14,2026-10-02T11:30:14,Chaos Core Set X 18,749725,13495067,18,,13317336
6058,2026-10-02T11:59:50,2026-10-02T11:30:14,Chaos Core,737417,737417,1,,737944
6059,2026-10-02T12:00:49,2026-10-02T11:30:14,Force Core(High,165000,825000,5,,725485
6060,2026-10-02T12:02:04,2026-10-02T11:30:14,Force Core (Ultimate,348636,10459080,30,,9850740
6061,2026-10-02T12:02:25,2026-10-02T11:30:14,Chaos Core,736773,736773,1,,740500
6062,2026-10-02T12:02:55,2026-10-02T11:30:14,Chaos Core Set X 261,749724,195678224,261,,193101372
6063,2026-10-02T12:03:06,2026-10-02T11:30:14,Chaos Core Set X 324,749723,242910575,324,,239712048
6064,2026-10-02T12:03:16,2026-10-02T11:30:14,Chaos Core Set X 255,749722,191179364,255,,188662260
6065,2026-10-02T12:04:54,2026-10-02T11:30:14,Chaos Core,736170,736170,1,,740500
6066,2026-10-02T12:05:29,2026-10-02T11:30:14,Chaos Core,735636,735636,1,,740500
6067,2026-10-02T12:06:43,2026-10-02T11:30:14,Force Core(Highest,189947,3798940,20,,3694180
6068,2026-10-02T12:06:57,2026-10-02T11:30:14,Chaos Core,734998,734998,1,,738500
6069,2026-10-02T12:14:31,2026-10-02T11:30:14,Force Core (Ultimate,348634,6972680,20,,6567160
6070,2026-10-02T12:17:15,2026-10-02T11:30:14,Force Core(High,165000,28050000,170,,24666490
6071,2026-10-02T12:17:30,2026-10-02T11:30:14,Force Core(High,165000,7095000,43,,6239171
6072,2026-10-02T12:17:45,2026-10-02T11:30:14,Force Core(High,165000,1485000,9,,1305873
6073,2026-10-02T12:18:16,2026-10-02T11:30:14,Force Core (Ultimate,348633,6972660,20,,6567160
6074,2026-10-02T12:18:30,2026-10-02T11:30:14,Chaos Core Set X 96,739726,71013791,96,,71025792
6075,2026-10-02T12:18:41,2026-10-02T11:30:14,Chaos Core Set X 249,739725,184191773,249,,184223148
6076,2026-10-02T12:19:05,2026-10-02T11:30:14,Chaos Core,733782,733782,1,,734330
6077,2026-10-02T12:19:35,2026-10-02T11:30:14,Chaos Core Set,739724,82109474,111,,81511407
6078,2026-10-02T12:19:46,2026-10-02T11:30:14,Chaos Core,733255,733255,1,,734998
6079,2026-10-02T12:20:23,2026-10-02T11:30:14,Chaos Core,732672,732672,1,,734998
6080,2026-10-02T12:22:59,2026-10-02T11:30:14,Force Core(Highest,189945,18994500,100,,18470900
6081,2026-10-02T12:23:14,2026-10-02T11:30:14,Force Core(Highest,189944,35519528,187,,34540583
6082,2026-10-02T12:23:18,2026-10-02T11:30:14,Chaos Core,725662,725662,1,,726252
6083,2026-10-02T12:23:55,2026-10-02T11:30:14,Chaos Core Set,739723,108739427,147,,106672314
6084,2026-10-02T12:24:05,2026-10-02T11:30:14,Chaos Core Set,739723,55479299,75,,54468900
6085,2026-10-02T12:24:29,2026-10-02T11:30:14,Chaos Core Set,749786,125964215,168,,124432560
6086,2026-10-02T12:29:03,2026-10-02T11:30:14,Chaos Core,732117,732117,1,,734998
6087,2026-10-02T12:30:03,2026-10-02T11:30:14,Force Core(High,165000,3300000,20,,2901940
6088,2026-10-02T12:31:06,2026-10-02T11:30:14,Chaos Core,744311,744311,1,,745000
6089,2026-10-02T12:35:44,2026-10-02T11:30:14,Chaos Core,749344,749344,1,,750000
6090,2026-10-02T12:36:43,2026-10-02T11:30:14,Chaos Core,749363,749363,1,,750000
6091,2026-10-02T12:37:24,2026-10-02T11:30:14,Chaos Core Set X 102,749785,76478171,102,,73470600
6092,2026-10-02T12:37:39,2026-10-02T11:30:14,Chaos Core,749414,749414,1,,750000
6093,2026-10-02T12:41:32,2026-10-02T11:30:14,Force Core (Ultimate,348627,43229748,124,,40716392
6094,2026-10-02T12:41:37,2026-10-02T11:30:14,Force Core (Ultimate,348626,1743130,5,,1641790
6095,2026-10-02T12:42:42,2026-10-02T11:30:14,Chaos Core,725686,725686,1,,749412
6096,2026-10-02T12:43:22,2026-10-02T11:30:14,Force Core(Highest,189939,3798780,20,,3694160
6097,2026-10-02T12:49:32,2026-10-02T11:30:14,Chaos Core,747610,747610,1,,750000
6098,2026-10-02T12:51:11,2026-10-02T11:30:14,Chaos Core,744322,744322,1,,749412
6099,2026-10-02T12:51:40,2026-10-02T11:30:14,Chaos Core,743731,743731,1,,748817
6100,2026-10-02T12:52:41,2026-10-02T11:30:14,Chaos Core,743191,743191,1,,750000
6101,2026-10-02T12:53:24,2026-10-02T11:30:14,Chaos Core,742588,742588,1,,750000
6102,2026-10-02T12:57:05,2026-10-02T11:30:14,Chaos Core,749308,749308,1,,750000
6103,2026-10-02T12:58:46,2026-10-02T11:30:14,Chaos Core,748726,748726,1,,749308
6104,2026-10-02T13:05:41,2026-10-02T11:30:14,Chaos Core,743752,743752,1,,750000
6105,2026-10-02T13:06:22,2026-10-02T11:30:14,Chaos Core,743151,743151,1,,747498
6106,2026-10-02T13:07:37,2026-10-02T11:30:14,Chaos Core,742619,742619,1,,746836
6107,2026-10-02T13:17:39,2026-10-02T11:30:14,Chaos Core,741365,741365,1,,742482
6108,2026-10-02T13:18:01,2026-10-02T11:30:14,Chaos Core,740744,740744,1,,741365
6109,2026-10-02T13:24:33,2026-10-02T11:30:14,Chaos Core,740226,740226,1,,740744
6110,2026-10-02T13:29:00,2026-10-02T11:30:14,Chaos Core,739648,739648,1,,746238
6111,2026-10-02T13:30:40,2026-10-02T11:30:14,Chaos Core,725700,725700,1,,745593
6112,2026-10-02T13:31:11,2026-10-02T11:30:14,Chaos Core,725143,725143,1,,750000
6113,2026-10-02T13:33:30,2026-10-02T11:30:14,Chaos Core,769453,769453,1,,770000
6114,2026-10-02T13:35:36,2026-10-02T11:30:14,Chaos Core,768845,768845,1,,770000
6115,2026-10-02T13:38:12,2026-10-02T11:30:14,Chaos Core,768399,768399,1,,769000
6116,2026-10-02T13:40:13,2026-10-02T11:30:14,Chaos Core,767849,767849,1,,768399
6117,2026-10-02T13:40:48,2026-10-02T11:30:14,Chaos Core,767195,767195,1,,768399
6118,2026-10-02T13:42:13,2026-10-02T11:30:14,Chaos Core Set X 219,776531,170060507,219,,158806317
6119,2026-10-02T13:43:43,2026-10-02T11:30:14,Chaos Core,725726,725726,1,,726252
6120,2026-10-02T13:47:58,2026-10-02T11:30:14,Chaos Core,768698,768698,1,,769367
6121,2026-10-02T13:48:29,2026-10-02T11:30:14,Chaos Core,768097,768097,1,,769364
6122,2026-10-02T13:49:31,2026-10-02T11:30:14,Force Core(Highest,189844,3796880,20,,3694160
6123,2026-10-02T13:52:45,2026-10-02T11:30:14,Chaos Core,767482,767482,1,,769364
6124,2026-10-02T13:53:18,2026-10-02T11:30:14,Chaos Core,766820,766820,1,,768097
6125,2026-10-02T13:58:31,2026-10-02T11:30:14,Chaos Core,766191,766191,1,,770000
6126,2026-10-02T14:00:09,2026-10-02T11:30:14,Chaos Core,767534,767534,1,,768097
6127,2026-10-02T14:00:40,2026-10-02T11:30:14,Chaos Core,767024,767024,1,,768097
6128,2026-10-02T14:03:25,2026-10-02T11:30:14,Chaos Core,767444,767444,1,,770000
6129,2026-10-02T14:07:36,2026-10-02T11:30:14,Chaos Core,759327,759327,1,,760000
6130,2026-10-02T14:08:08,2026-10-02T11:30:14,Chaos Core,758667,758667,1,,760000
6131,2026-10-02T14:10:38,2026-10-02T11:30:14,Chaos Core Set X 24,776458,18635015,24,,17822112
6132,2026-10-02T14:14:47,2026-10-02T11:30:14,Chaos Core,757534,757534,1,,765592
6133,2026-10-02T14:15:48,2026-10-02T11:30:14,Force Core(High,165000,660000,4,,580388
6134,2026-10-02T14:16:30,2026-10-02T11:30:14,Chaos Core,757002,757002,1,,758219
6135,2026-10-02T14:17:02,2026-10-02T11:30:14,Chaos Core,756362,756362,1,,758219
6136,2026-10-02T14:23:30,2026-10-02T11:30:14,Chaos Core,754636,754636,1,,755780
6137,2026-10-02T14:24:03,2026-10-02T11:30:14,Chaos Core,753995,753995,1,,755780
6138,2026-10-02T14:30:33,2026-10-02T11:30:14,Chaos Core,750978,750978,1,,752056
6139,2026-10-02T14:31:06,2026-10-02T11:30:14,Chaos Core,750398,750398,1,,751518
6140,2026-10-02T14:33:38,2026-10-02T11:30:14,Chaos Core,749704,749704,1,,760000
6141,2026-10-02T14:34:15,2026-10-02T11:30:14,Chaos Core,749174,749174,1,,777777
6142,2026-10-02T14:34:49,2026-10-02T11:30:14,Chaos Core,748540,748540,1,,766888
6143,2026-10-02T14:37:51,2026-10-02T11:30:14,Upgrade Core (Ultimate,475460,1426380,3,,1426425
6144,2026-10-02T14:38:21,2026-10-02T11:30:14,Upgrade Core (Ultimate,475460,2377300,5,,2377375
6145,2026-10-02T14:38:56,2026-10-02T11:30:14,Force Core(High,165000,165000,1,,145097
6146,2026-10-02T14:41:42,2026-10-02T11:30:14,Chaos Core,747309,747309,1,,747908
6147,2026-10-02T15:00:02,2026-10-02T11:30:14,Force Core(Highest,189755,37951000,200,,36941800
6148,2026-10-02T15:00:34,2026-10-02T11:30:14,Force Core(Highest,189753,9108144,48,,8865984
6149,2026-10-02T15:02:26,2026-10-02T11:30:14,Chaos Core,733779,733779,1,,747908
6150,2026-10-02T15:17:01,2026-10-02T11:30:14,Chaos Core,723664,723664,1,,749704
6151,2026-10-02T15:17:09,2026-10-02T11:30:14,Chaos Core,723101,723101,1,,749704
6152,2026-10-02T15:17:53,2026-10-02T11:30:14,Force Core(Highest,189749,9487450,50,,9235450
6153,2026-10-02T15:18:05,2026-10-02T11:30:14,Force Core(Highest,189748,6261684,33,,6095397
6154,2026-10-02T15:18:22,2026-10-02T11:30:14,Force Core(Highest,189747,13472037,71,,13114268
6155,2026-10-02T15:18:59,2026-10-02T11:30:14,Force Core (Ultimate,348497,6969940,20,,6567180
6156,2026-10-02T15:19:55,2026-10-02T11:30:14,Chaos Core,722466,722466,1,,744312
6157,2026-10-02T15:20:32,2026-10-02T11:30:14,Chaos Core,721913,721913,1,,746770
6158,2026-10-02T15:21:47,2026-10-02T11:30:14,Upgrade Core (Ultimate,643982,12879640,20,,8933360
6159,2026-10-02T15:26:28,2026-10-02T11:30:14,Chaos Core,724451,724451,1,,755780
6160,2026-10-02T15:27:41,2026-10-02T11:30:14,Chaos Core,723852,723852,1,,746102
6161,2026-10-02T15:31:11,2026-10-02T11:30:14,Force Core (Ultimate,348494,696988,2,,656718
6162,2026-10-02T15:36:19,2026-10-02T11:30:14,Chaos Core,748911,748911,1,,750000
6163,2026-10-02T15:38:54,2026-10-02T11:30:14,Yekaterina VIP Membership,113999998,113999998,1,,112500000
6164,2026-10-02T15:40:09,2026-10-02T11:30:14,Force Core (Ultimate,348493,5227395,15,,4925370
6165,2026-10-02T15:41:08,2026-10-02T11:30:14,Chaos Core,747369,747369,1,,747961
6166,2026-10-02T15:47:49,2026-10-02T11:30:14,Yekaterina VIP Membership,113999998,113999998,1,,112500000
6167,2026-10-02T15:52:32,2026-10-02T11:30:14,Upgrade Core (Ultimate,643874,13521354,21,,9380028
6168,2026-10-02T15:55:03,2026-10-02T11:30:14,Force Core (Ultimate),348479,70044279,201,,66000159
6169,2026-10-02T15:59:48,2026-10-02T11:30:14,Force Core (Ultimate,348476,19863132,57,,18716463
6170,2026-10-02T16:00:39,2026-10-02T11:30:14,Force Core (Ultimate,348475,11151200,32,,10507488
6171,2026-10-02T16:05:57,2026-10-02T11:30:14,Chaos Core,719913,719913,1,,748550
6172,2026-10-02T16:08:39,2026-10-02T11:30:14,Chaos Core,719952,719952,1,,725102
6173,2026-10-02T16:09:11,2026-10-02T11:30:14,Force Core(Highest,189739,758956,4,,738836
6174,2026-10-02T16:10:17,2026-10-02T11:30:14,Chaos Core,719968,719968,1,,750000
6175,2026-10-02T16:11:58,2026-10-02T11:30:14,Chaos Core,719320,719320,1,,750000
6176,2026-10-02T16:15:24,2026-10-02T11:30:14,Yekaterina VIP Membership,113999998,113999998,1,,112500000
6177,2026-10-02T16:23:18,2026-10-02T11:30:14,Chaos Core,717654,717654,1,,720590
6178,2026-10-02T16:24:36,2026-10-02T11:30:14,Chaos Core,717066,717066,1,,719955
6179,2026-10-02T16:27:44,2026-10-02T11:30:14,Chaos Core,716498,716498,1,,719955
6180,2026-10-02T16:30:50,2026-10-02T11:30:14,Chaos Core,715980,715980,1,,719955
6181,2026-10-02T16:39:56,2026-10-02T11:30:14,Force Core (Ultimate,348479,6969580,20,,6567180
6182,2026-10-02T16:42:14,2026-10-02T11:30:14,Yekaterina VIP Membership,113999998,113999998,1,,112500000
6183,2026-10-02T16:43:28,2026-10-02T11:30:14,Chaos Core,739295,739295,1,,747000
6184,2026-10-02T16:44:39,2026-10-02T11:30:14,Chaos Core,738728,738728,1,,742222
6185,2026-10-02T16:46:16,2026-10-02T11:30:14,Chaos Core,738202,738202,1,,742222
6186,2026-10-02T16:47:54,2026-10-02T11:30:14,Chaos Core,737526,737526,1,,741609
6187,2026-10-02T16:49:34,2026-10-02T11:30:14,Chaos Core,736838,736838,1,,741609
6188,2026-10-02T16:52:08,2026-10-02T11:30:14,Chaos Core,737531,737531,1,,738202
6189,2026-10-02T16:54:29,2026-10-02T11:30:14,Chaos Core,736874,736874,1,,738202
6190,2026-10-02T16:56:59,2026-10-02T11:30:14,Chaos Core,736238,736238,1,,737531
6191,2026-10-02T16:57:48,2026-10-02T11:30:14,Force Core(Highest,189663,34139340,180,,27000000
6192,2026-10-02T16:58:34,2026-10-02T11:30:14,Chaos Core,735603,735603,1,,737531
6193,2026-10-02T17:01:18,2026-10-02T11:30:14,Chaos Core,725717,725717,1,,735603
6194,2026-10-02T17:02:40,2026-10-02T11:30:14,Chaos Core Set X 18,765703,13782671,18,,13072536
6195,2026-10-02T17:03:25,2026-10-02T11:30:14,Chaos Core,725653,725653,1,,737531
6196,2026-10-02T17:05:04,2026-10-02T11:30:14,Chaos Core,725135,725135,1,,726252
6197,2026-10-02T17:06:31,2026-10-02T11:30:14,Chaos Core,725724,725724,1,,740000
6198,2026-10-02T17:10:37,2026-10-02T11:30:14,Chaos Core,737256,737256,1,,737777
6199,2026-10-02T17:11:59,2026-10-02T11:30:14,Chaos Core Set X 18,765686,13782365,18,,13126122
6200,2026-10-02T17:12:09,2026-10-02T11:30:14,Chaos Core Set X 18,765685,13782347,18,,13345956
6201,2026-10-02T17:18:47,2026-10-02T11:30:14,Chaos Core Set X 54,765669,41346179,54,,39175704
6202,2026-10-02T17:25:37,2026-10-02T11:30:14,Force Core (Ultimate,348437,348437,1,,328359
6203,2026-10-02T17:30:12,2026-10-02T11:30:14,Force Core(Highest,184493,368986,2,,345454
6204,2026-10-02T17:33:45,2026-10-02T11:30:14,Chaos Core,730205,730205,1,,737000
6205,2026-10-02T17:36:34,2026-10-02T11:30:14,Upgrade Core (Ultimate,643753,37337674,58,,25906744
6206,2026-10-02T17:37:12,2026-10-02T11:30:14,Chaos Core,729566,729566,1,,736305
6207,2026-10-02T17:37:27,2026-10-02T11:30:14,Force Core(Highest,184491,1291437,7,,1050000
6208,2026-10-02T17:38:30,2026-10-02T11:30:14,Chaos Core,728968,728968,1,,735667
6209,2026-10-02T17:39:36,2026-10-02T11:30:14,Chaos Core,728308,728308,1,,735667
6210,2026-10-02T18:00:05,2026-10-02T11:30:14,Force Core(Highest,180000,3600000,20,,3000000
6211,2026-10-02T18:06:55,2026-10-02T11:30:14,Chaos Core,722959,722959,1,,734378
6212,2026-10-02T18:08:32,2026-10-02T11:30:14,Chaos Core,722438,722438,1,,730190
6213,2026-10-02T18:09:48,2026-10-02T11:30:14,Upgrade Core (Ultimate,643718,6437180,10,,4466680
6214,2026-10-02T18:15:45,2026-10-02T11:30:14,Chaos Core,719725,719725,1,,737777
6215,2026-10-02T18:18:55,2026-10-02T11:30:14,Chaos Core,720756,720756,1,,722438
6216,2026-10-02T18:20:23,2026-10-02T11:30:14,Chaos Core,720800,720800,1,,722438
6217,2026-10-02T18:22:42,2026-10-02T11:30:14,Chaos Core,720259,720259,1,,736000
6218,2026-10-02T18:27:40,2026-10-02T11:30:14,Chaos Core,726200,726200,1,,727476
6219,2026-10-02T18:28:35,2026-10-02T11:30:14,Upgrade Core (Ultimate,643713,78532986,122,,54493496
6220,2026-10-02T18:28:47,2026-10-02T11:30:14,Upgrade Core (Ultimate,643712,77245440,120,,53600160
6221,2026-10-02T18:30:08,2026-10-02T11:30:14,Chaos Core,725566,725566,1,,727476
6222,2026-10-02T18:31:15,2026-10-02T11:30:14,Chaos Core,724946,724946,1,,728157
6223,2026-10-02T18:37:07,2026-10-02T11:30:14,Force Core(Highest,180000,45000000,250,,43181750
6224,2026-10-02T18:39:56,2026-10-02T11:30:14,Yekaterina VIP Membership,113999998,113999998,1,,112500000
6225,2026-10-02T18:42:25,2026-10-02T11:30:14,Chaos Core,724408,724408,1,,727476
6226,2026-10-02T18:43:59,2026-10-02T11:30:14,Chaos Core,726886,726886,1,,727476
6227,2026-10-02T18:45:00,2026-10-02T11:30:14,Upgrade Core (Ultimate,643710,3218550,5,,2233340
6228,2026-10-02T18:45:14,2026-10-02T11:30:14,Chaos Core Set X 168,765545,128611727,168,,121801176
6229,2026-10-02T18:45:24,2026-10-02T11:30:14,Force Core(Highest,180000,27540000,153,,22950000
6230,2026-10-02T18:45:29,2026-10-02T11:30:14,Chaos Core Set X 249,765544,190620704,249,,179428902
6231,2026-10-02T18:45:39,2026-10-02T11:30:14,Chaos Core Set X 303,765543,231959831,303,,218180301
6232,2026-10-02T18:46:02,2026-10-02T11:30:14,Chaos Core,726187,726187,1,,727476
6233,2026-10-02T18:47:08,2026-10-02T11:30:14,Chaos Core,725618,725618,1,,741609
6234,2026-10-02T18:51:02,2026-10-02T11:30:14,Chaos Core,727516,727516,1,,728157
6235,2026-10-02T18:55:54,2026-10-02T11:30:14,Chaos Core,744557,744557,1,,747000
6236,2026-10-02T18:58:27,2026-10-02T11:30:14,Chaos Core,743862,743862,1,,744557
6237,2026-10-02T19:00:00,2026-10-02T11:30:14,Chaos Core,743290,743290,1,,747000
6238,2026-10-02T19:01:23,2026-10-02T11:30:14,Chaos Core,742605,742605,1,,747000
6239,2026-10-02T19:02:23,2026-10-02T11:30:14,Chaos Core,742029,742029,1,,747000
6240,2026-10-02T19:05:37,2026-10-02T11:30:14,Yekaterina VIP Membership,118582497,118582497,1,,112500000
6241,2026-10-02T19:28:48,2026-10-02T11:30:14,Chaos Core Set X 324,765461,248009687,324,,238788000
6242,2026-10-02T19:45:41,2026-10-02T19:36:45,Chaos Core,718549,718549,1,,765417
6243,2026-10-02T19:50:31,2026-10-02T19:36:45,Upgrade Core (Ultimate,643658,12873160,20,,9509480
6244,2026-10-02T19:53:19,2026-10-02T19:36:45,Chaos Core,714647,714647,1,,765417
6245,2026-10-02T19:56:01,2026-10-02T19:36:45,Chaos Core,714059,714059,1,,765417
6246,2026-10-02T19:57:35,2026-10-02T19:36:45,Chaos Core,713522,713522,1,,765417
6247,2026-10-02T20:00:09,2026-10-02T19:36:45,Force Core (Ultimate,348377,10451310,30,,9850770
6248,2026-10-02T20:00:23,2026-10-02T19:36:45,Chaos Core,714052,714052,1,,765417
6249,2026-10-02T20:00:57,2026-10-02T19:36:45,Force Core (Ultimate,348376,12889912,37,,12149283
6250,2026-10-02T20:01:02,2026-10-02T19:36:45,Force Core (Ultimate,348375,1045125,3,,985077
6251,2026-10-02T20:01:25,2026-10-02T19:36:45,Chaos Core,713427,713427,1,,765417
6252,2026-10-02T20:06:38,2026-10-02T19:36:45,Chaos Core,727526,727526,1,,728157
6253,2026-10-02T20:08:42,2026-10-02T19:36:45,Chaos Core,727020,727020,1,,727526
6254,2026-10-02T20:10:06,2026-10-02T19:36:45,Chaos Core,726504,726504,1,,728157
6255,2026-10-02T20:14:33,2026-10-02T19:36:45,Yekaterina VIP Membership,118582497,118582497,1,,110999999
6256,2026-10-02T20:24:04,2026-10-02T19:36:45,Chaos Core,723851,723851,1,,727567
6257,2026-10-02T20:25:26,2026-10-02T19:36:45,Chaos Core,723297,723297,1,,727567
6258,2026-10-02T20:26:16,2026-10-02T19:36:45,Chaos Core,722709,722709,1,,728157
6259,2026-10-02T20:31:35,2026-10-02T19:36:45,Yekaterina VIP Membership,118582497,118582497,1,,110999999
6260,2026-10-02T20:32:49,2026-10-02T19:36:45,Chaos Core,722136,722136,1,,727567
6261,2026-10-02T20:34:24,2026-10-02T19:36:45,Chaos Core,727497,727497,1,,728157
6262,2026-10-02T20:35:57,2026-10-02T19:36:45,Chaos Core,726806,726806,1,,728157
6263,2026-10-02T20:36:48,2026-10-02T19:36:45,Chaos Core,726298,726298,1,,728157
6264,2026-10-02T20:39:13,2026-10-02T19:36:45,Chaos Core Set X 162,765267,123973415,162,,116301906
6265,2026-10-02T20:39:23,2026-10-02T19:36:45,Chaos Core Set X 156,765265,119381495,156,,111994428
6266,2026-10-02T20:48:00,2026-10-02T19:36:45,Chaos Core,723240,723240,1,,726000
6267,2026-10-02T20:49:37,2026-10-02T19:36:45,Chaos Core,722606,722606,1,,726000
6268,2026-10-02T20:52:20,2026-10-02T19:36:45,Chaos Core,721942,721942,1,,728157
6269,2026-10-02T20:53:03,2026-10-02T19:36:45,Chaos Core,721348,721348,1,,728157
6270,2026-10-02T20:59:34,2026-10-02T19:36:45,Epic Booster (Highest),46849999,46849999,1,,46249999
6271,2026-10-02T21:01:24,2026-10-02T19:36:45,Chaos Core,720697,720697,1,,721348
6272,2026-10-02T21:03:16,2026-10-02T19:36:45,Chaos Core,720074,720074,1,,720622
6273,2026-10-02T21:04:49,2026-10-02T19:36:45,Chaos Core,719375,719375,1,,720074
6274,2026-10-02T21:05:33,2026-10-02T19:36:45,Chaos Core,718802,718802,1,,720074
6275,2026-10-02T21:06:06,2026-10-02T19:36:45,Force Core(Highest,182039,728156,4,,755552
6276,2026-10-02T21:10:27,2026-10-02T19:36:45,Chaos Core,727596,727596,1,,742000
6277,2026-10-02T21:12:02,2026-10-02T19:36:45,Chaos Core,742188,742188,1,,742732
6278,2026-10-02T21:13:27,2026-10-02T19:36:45,Chaos Core,741535,741535,1,,742732
6279,2026-10-02T21:14:17,2026-10-02T19:36:45,Chaos Core,740875,740875,1,,742188
6280,2026-10-02T21:16:54,2026-10-02T19:36:45,Chaos Core,740355,740355,1,,742188
6281,2026-10-02T21:19:16,2026-10-02T19:36:45,Chaos Core,741621,741621,1,,742188
6282,2026-10-02T21:30:15,2026-10-02T21:23:04,Chaos Core,739275,739275,1,,744800
6283,2026-10-02T21:37:10,2026-10-02T21:23:04,Chaos Core,738615,738615,1,,744800
6284,2026-10-02T21:38:40,2026-10-02T21:23:04,Chaos Core,738063,738063,1,,744800
6285,2026-10-02T21:39:24,2026-10-02T21:23:04,Chaos Core,740470,740470,1,,744800
6286,2026-10-02T21:46:07,2026-10-02T21:23:04,Chaos Core,733700,733700,1,,735000
6287,2026-10-02T21:46:36,2026-10-02T21:23:04,Chaos Core,733070,733070,1,,734380
6288,2026-10-02T21:49:08,2026-10-02T21:23:04,Chaos Core,732524,732524,1,,744800
6289,2026-10-02T21:51:47,2026-10-02T21:23:04,Chaos Core,731986,731986,1,,737999
6290,2026-10-02T21:53:26,2026-10-02T21:23:04,Chaos Core,721162,721162,1,,737437
6291,2026-10-02T22:00:42,2026-10-02T21:23:04,Chaos Core,729361,729361,1,,730000
6292,2026-10-02T22:02:02,2026-10-02T21:23:04,Chaos Core,728771,728771,1,,733070
6293,2026-10-02T22:04:33,2026-10-02T21:23:04,Chaos Core,728077,728077,1,,732000
6294,2026-10-02T22:05:05,2026-10-02T21:23:04,Chaos Core,727467,727467,1,,732000
6295,2026-10-02T22:07:22,2026-10-02T21:23:04,Chaos Core,726770,726770,1,,732000
6296,2026-10-02T22:10:44,2026-10-02T21:23:04,Upgrade Core (Ultimate,643482,2573928,4,,1861860
6297,2026-10-02T22:11:14,2026-10-02T21:23:04,Chaos Core,726214,726214,1,,726770
6298,2026-10-02T22:13:53,2026-10-02T21:23:04,Chaos Core,724483,724483,1,,725000
6299,2026-10-02T22:14:25,2026-10-02T21:23:04,Chaos Core,723949,723949,1,,725000
6300,2026-10-02T22:16:50,2026-10-02T21:23:04,Chaos Core,722867,722867,1,,723949
6301,2026-10-02T22:30:16,2026-10-02T21:23:04,Chaos Core,721022,721022,1,,722697
6302,2026-10-02T22:34:02,2026-10-02T21:23:04,Chaos Core,720324,720324,1,,723387
6303,2026-10-02T22:36:35,2026-10-02T21:23:04,Chaos Core,719628,719628,1,,722697
6304,2026-10-02T22:37:07,2026-10-02T21:23:04,Chaos Core,718962,718962,1,,722697
6305,2026-10-02T22:38:09,2026-10-02T21:23:04,Chaos Core Set,744538,189857444,255,,183497235
6306,2026-10-02T22:39:56,2026-10-02T21:23:04,Chaos Core,725560,725560,1,,726214
6307,2026-10-02T22:42:22,2026-10-02T21:23:04,Chaos Core,725609,725609,1,,726214
6308,2026-10-02T22:45:03,2026-10-02T21:23:04,Chaos Core,724910,724910,1,,725609
6309,2026-10-02T22:45:35,2026-10-02T21:23:04,Chaos Core,724406,724406,1,,725609
6310,2026-10-03T00:39:02,2026-10-03T00:37:45,Yekaterina VIP Membership,114999998,114999998,1,,112500000
6311,2026-10-03T00:39:09,2026-10-03T00:37:45,Chaos Core,725088,725088,1,,744800
6312,2026-10-03T00:39:25,2026-10-03T00:37:45,Force Core (Ultimate,348241,348241,1,,328359
6313,2026-10-03T00:39:32,2026-10-03T00:37:45,Chaos Core,724432,724432,1,,744800
6314,2026-10-03T00:39:54,2026-10-03T00:37:45,Force Core (Ultimate,348236,30993004,89,,29223951
6315,2026-10-03T00:39:59,2026-10-03T00:37:45,Force Core(Highest,180000,5400000,30,,5666640
6316,2026-10-03T00:40:04,2026-10-03T00:37:45,Chaos Core,724973,724973,1,,744800
6317,2026-10-03T00:40:09,2026-10-03T00:37:45,Chaos Core,724926,724926,1,,744800
6318,2026-10-03T00:40:16,2026-10-03T00:37:45,Upgrade Core (Ultimate,643420,64342000,100,,46546500
6319,2026-10-03T00:52:15,2026-10-03T00:40:52,Siena's Unbinding Stone,98799985,98799985,1,,75111111
6320,2026-10-03T00:53:38,2026-10-03T00:40:52,Chaos Core,710474,710474,1,,728157
6321,2026-10-03T01:01:29,2026-10-03T00:40:52,Upgrade Core (Ultimate,642986,1285972,2,,950948
6322,2026-10-03T01:05:12,2026-10-03T00:40:52,Chaos Core,727437,727437,1,,728111
6323,2026-10-03T01:08:41,2026-10-03T00:40:52,Chaos Core,726752,726752,1,,728771
6324,2026-10-03T01:15:11,2026-10-03T00:40:52,Chaos Core,727492,727492,1,,728000
6325,2026-10-03T01:15:49,2026-10-03T00:40:52,Chaos Core,726943,726943,1,,728000
6326,2026-10-03T01:18:27,2026-10-03T00:40:52,Chaos Core,727465,727465,1,,728000
6327,2026-10-03T01:23:33,2026-10-03T00:40:52,Chaos Core,727575,727575,1,,728157
6328,2026-10-03T01:24:04,2026-10-03T00:40:52,Chaos Core,726886,726886,1,,728157
6329,2026-10-03T01:24:42,2026-10-03T00:40:52,Chaos Core,726312,726312,1,,728157
6330,2026-10-03T01:26:54,2026-10-03T00:40:52,Chaos Core,725626,725626,1,,726312
6331,2026-10-03T01:30:58,2026-10-03T00:40:52,Force Core (Ultimate,348209,6964180,20,,6567180
6332,2026-10-03T01:32:03,2026-10-03T00:40:52,Chaos Core,728152,728152,1,,728771
6333,2026-10-03T01:32:34,2026-10-03T00:40:52,Chaos Core,727480,727480,1,,728152
6334,2026-10-03T01:33:13,2026-10-03T00:40:52,Chaos Core,726846,726846,1,,728152
6335,2026-10-03T01:35:28,2026-10-03T00:40:52,Chaos Core,727518,727518,1,,728152
6336,2026-10-03T01:44:26,2026-10-03T00:40:52,Yekaterina VIP Membership,112999999,112999999,1,,112666666
6337,2026-10-03T01:56:26,2026-10-03T00:40:52,Chaos Core,722346,722346,1,,728152
6338,2026-10-03T01:56:58,2026-10-03T00:40:52,Chaos Core,721724,721724,1,,728152
6339,2026-10-03T01:57:37,2026-10-03T00:40:52,Chaos Core,721064,721064,1,,728152
6340,2026-10-03T02:06:52,2026-10-03T00:40:52,Chaos Core,719891,719891,1,,728000
6341,2026-10-03T02:07:25,2026-10-03T00:40:52,Force Core(High,165000,11880000,72,,11459448
6342,2026-10-03T02:07:40,2026-10-03T00:40:52,Force Core(High,165000,2475000,15,,2387385
6343,2026-10-03T02:07:44,2026-10-03T00:40:52,Force Core(High,165000,495000,3,,477477
6344,2026-10-03T02:11:49,2026-10-03T00:40:52,Chaos Core,720024,720024,1,,722329
6345,2026-10-03T02:12:20,2026-10-03T00:40:52,Chaos Core,719352,719352,1,,722329
6346,2026-10-03T02:12:58,2026-10-03T00:40:52,Chaos Core,718840,718840,1,,721178
6347,2026-10-03T02:16:50,2026-10-03T00:40:52,Chaos Core,718173,718173,1,,718840
6348,2026-10-03T02:21:31,2026-10-03T00:40:52,Chaos Core,718177,718177,1,,718799
6349,2026-10-03T02:22:02,2026-10-03T00:40:52,Chaos Core,717635,717635,1,,718177
6350,2026-10-03T02:22:34,2026-10-03T00:40:52,Chaos Core,716986,716986,1,,718177
6351,2026-10-03T02:25:12,2026-10-03T00:40:52,Chaos Core,714394,714394,1,,715000
6352,2026-10-03T02:28:41,2026-10-03T00:40:52,Force Core (Ultimate,348185,1392740,4,,1313436
6353,2026-10-03T02:29:18,2026-10-03T00:40:52,Force Core(Highest,180000,10800000,60,,8400000
6354,2026-10-03T02:30:06,2026-10-03T00:40:52,Chaos Core,718799,718799,1,,719352
6355,2026-10-03T02:30:39,2026-10-03T00:40:52,Chaos Core,718797,718797,1,,719352
6356,2026-10-03T02:31:11,2026-10-03T00:40:52,Chaos Core,718737,718737,1,,719352
6357,2026-10-03T02:31:43,2026-10-03T00:40:52,Force Core(High,165000,7260000,44,,7002996
6358,2026-10-03T02:32:04,2026-10-03T00:40:52,Force Core(High,165000,15180000,92,,14701508
6359,2026-10-03T02:37:07,2026-10-03T00:40:52,Force Core(Highest,180000,360000,2,,280000
6360,2026-10-03T02:39:58,2026-10-03T00:40:52,Chaos Core,717610,717610,1,,718759
6361,2026-10-03T02:40:30,2026-10-03T00:40:52,Chaos Core,717037,717037,1,,717610
6362,2026-10-03T02:41:16,2026-10-03T00:40:52,Force Core(High),165000,1650000,10,,1591590
6363,2026-10-03T02:42:40,2026-10-03T00:40:52,Chaos Core Set X 201,733493,147432293,201,,142911000
6364,2026-10-03T02:43:55,2026-10-03T00:40:52,Chaos Core Set X 210,733491,154033319,210,,149310000
6365,2026-10-03T02:47:07,2026-10-03T00:40:52,Chaos Core Set X 186,733490,136429325,186,,135547128
6366,2026-10-03T02:48:26,2026-10-03T00:40:52,Chaos Core Set X 252,733489,184839479,252,,179172000
6367,2026-10-03T02:51:00,2026-10-03T00:40:52,Chaos Core Set X 312,733488,228848567,312,,221832000
6368,2026-10-03T02:51:10,2026-10-03T00:40:52,Chaos Core Set X 153,733487,112223663,153,,108783000
6369,2026-10-03T02:53:58,2026-10-03T00:40:52,Chaos Core Set X 201,733486,147430886,201,,142911000
6370,2026-10-03T02:55:32,2026-10-03T00:40:52,Chaos Core Set X 273,733485,200241677,273,,194103000
6371,2026-10-03T02:56:50,2026-10-03T00:40:52,Chaos Core Set X 196,733484,143763059,196,,139356000
6372,2026-10-03T02:59:04,2026-10-03T00:40:52,Chaos Core Set X 234,733483,171635255,234,,166374000
6373,2026-10-03T03:00:30,2026-10-03T00:40:52,Chaos Core,717154,717154,1,,718759
6374,2026-10-03T03:01:07,2026-10-03T00:40:52,Chaos Core,716530,716530,1,,717154
6375,2026-10-03T03:01:45,2026-10-03T00:40:52,Chaos Core,715985,715985,1,,717154
6376,2026-10-03T03:06:01,2026-10-03T00:40:52,Force Core(High,165000,3300000,20,,3183180
6377,2026-10-03T03:06:17,2026-10-03T00:40:52,Force Core(High,165000,8085000,49,,7798791
6378,2026-10-03T03:06:31,2026-10-03T00:40:52,Chaos Core Set X 144,733482,105621551,144,,101520000
6379,2026-10-03T03:08:11,2026-10-03T00:40:52,Chaos Core,715443,715443,1,,719351
6380,2026-10-03T03:11:26,2026-10-03T00:40:52,Force Core (Ultimate,348175,3829925,11,,3611949
6381,2026-10-03T03:12:37,2026-10-03T00:40:52,Chaos Core,719479,719479,1,,722329
6382,2026-10-03T03:13:08,2026-10-03T00:40:52,Chaos Core,718900,718900,1,,722329
6383,2026-10-03T03:13:41,2026-10-03T00:40:52,Chaos Core,717438,717438,1,,722329
6384,2026-10-03T03:17:18,2026-10-03T00:40:52,Chaos Core,727485,727485,1,,728157
6385,2026-10-03T03:38:33,2026-10-03T00:40:52,Chaos Core Set X 189,723373,136717685,189,,136302642
6386,2026-10-03T03:39:02,2026-10-03T00:40:52,Chaos Core,722094,722094,1,,727484
6387,2026-10-03T03:39:33,2026-10-03T00:40:52,Chaos Core,721562,721562,1,,727484
6388,2026-10-03T03:40:06,2026-10-03T00:40:52,Chaos Core,721038,721038,1,,727484
6389,2026-10-03T03:43:08,2026-10-03T00:40:52,Chaos Core,720459,720459,1,,725636
6390,2026-10-03T03:48:30,2026-10-03T00:40:52,Chaos Core,720484,720484,1,,721038
6391,2026-10-03T03:49:06,2026-10-03T00:40:52,Chaos Core,719802,719802,1,,721038
6392,2026-10-03T03:49:38,2026-10-03T00:40:52,Chaos Core,719267,719267,1,,721038
6393,2026-10-03T03:57:39,2026-10-03T00:40:52,Chaos Core,718111,718111,1,,718666
6394,2026-10-03T03:58:17,2026-10-03T00:40:52,Chaos Core,718118,718118,1,,718666
6395,2026-10-03T03:58:50,2026-10-03T00:40:52,Chaos Core,717495,717495,1,,718666
6396,2026-10-03T04:03:41,2026-10-03T00:40:52,Chaos Core,717541,717541,1,,719267
6397,2026-10-03T04:10:04,2026-10-03T00:40:52,Force Core (Ultimate,348128,348128,1,,328359
6398,2026-10-03T04:10:30,2026-10-03T00:40:52,Chaos Core Set,719877,60469751,84,,59915268
6399,2026-10-03T04:14:28,2026-10-03T00:40:52,Force Core(High,165000,990000,6,,954954
6400,2026-10-03T04:14:33,2026-10-03T00:40:52,Force Core(Highest,180000,3780000,21,,2936661
6401,2026-10-03T04:15:20,2026-10-03T00:40:52,Force Core(Highest,180000,44640000,248,,34720000
6402,2026-10-03T04:17:01,2026-10-03T00:40:52,Force Core(Highest,180000,5400000,30,,4195230
6403,2026-10-03T04:17:05,2026-10-03T00:40:52,Force Core(Highest,180000,2880000,16,,2240000
6404,2026-10-03T04:17:29,2026-10-03T00:40:52,Chaos Core,712145,712145,1,,715000
6405,2026-10-03T04:18:27,2026-10-03T00:40:52,Chaos Core Set X 324,719872,233238851,324,,232631676
6406,2026-10-03T04:26:57,2026-10-03T00:40:52,Chaos Core,710375,710375,1,,713277
6407,2026-10-03T04:27:46,2026-10-03T00:40:52,Chaos Core Set X 63,719863,45351431,63,,45213462
6408,2026-10-03T04:29:26,2026-10-03T00:40:52,Force Core (Ultimate,348123,17406150,50,,16417950
6409,2026-10-03T04:29:59,2026-10-03T00:40:52,Chaos Core,709779,709779,1,,710375
6410,2026-10-03T04:30:29,2026-10-03T00:40:52,Chaos Core,709264,709264,1,,715000
6411,2026-10-03T04:31:01,2026-10-03T00:40:52,Chaos Core,708595,708595,1,,713838
6412,2026-10-03T04:47:21,2026-10-03T00:40:52,Force Core(High,165000,1650000,10,,1591590
6413,2026-10-03T04:56:06,2026-10-03T00:40:52,Force Core(High,165000,25905000,157,,24987963
6414,2026-10-03T04:59:22,2026-10-03T00:40:52,Chaos Core,710116,710116,1,,721038
6415,2026-10-03T05:02:05,2026-10-03T00:40:52,Chaos Core,709519,709519,1,,720459
6416,2026-10-03T05:02:37,2026-10-03T00:40:52,Chaos Core,709010,709010,1,,720459
6417,2026-10-03T05:03:23,2026-10-03T00:40:52,Chaos Core,708363,708363,1,,720459
6418,2026-10-03T05:09:18,2026-10-03T00:40:52,Chaos Core,714338,714338,1,,715000
6419,2026-10-03T05:12:00,2026-10-03T00:40:52,Chaos Core,713732,713732,1,,714330
6420,2026-10-03T05:12:31,2026-10-03T00:40:52,Chaos Core,727535,727535,1,,728157
6421,2026-10-03T05:14:39,2026-10-03T00:40:52,Chaos Core Set X 42,719749,30229499,42,,29867796
6422,2026-10-03T05:14:50,2026-10-03T00:40:52,Chaos Core Set X 246,719748,177058253,246,,175445478
6423,2026-10-03T05:15:01,2026-10-03T00:40:52,Chaos Core Set X 195,719747,140350859,195,,138472620
6424,2026-10-03T05:20:22,2026-10-03T00:40:52,Chaos Core,723799,723799,1,,724436
6425,2026-10-03T05:20:54,2026-10-03T00:40:52,Chaos Core,723273,723273,1,,724436
6426,2026-10-03T05:21:32,2026-10-03T00:40:52,Chaos Core,722745,722745,1,,728157
6427,2026-10-03T05:23:02,2026-10-03T00:40:52,Chaos Core Set X 18,719745,12955427,18,,12802518
6428,2026-10-03T05:23:12,2026-10-03T00:40:52,Chaos Core Set X 99,719744,71254754,99,,70617888
6429,2026-10-03T05:28:37,2026-10-03T00:40:52,Chaos Core,722082,722082,1,,722717
6430,2026-10-03T05:29:08,2026-10-03T00:40:52,Chaos Core,721399,721399,1,,722717
6431,2026-10-03T05:29:48,2026-10-03T00:40:52,Chaos Core,720892,720892,1,,722717
6432,2026-10-03T05:30:35,2026-10-03T00:40:52,Force Core(High,165000,2145000,13,,2069067
6433,2026-10-03T05:33:36,2026-10-03T00:40:52,Chaos Core,699443,699443,1,,725000
6434,2026-10-03T05:38:20,2026-10-03T00:40:52,Force Core(Highest,194970,6628980,34,,6422158
6435,2026-10-03T05:38:40,2026-10-03T00:40:52,Force Core(Highest,194969,35094420,180,,33999660
6436,2026-10-03T05:44:59,2026-10-03T00:40:52,Force Core(Highest,192997,27019580,140,,26444180
6437,2026-10-03T05:45:04,2026-10-03T00:40:52,Force Core(Highest,192996,12351744,64,,12088768
6438,2026-10-03T05:49:52,2026-10-03T00:40:52,Chaos Core,717115,717115,1,,722717
6439,2026-10-03T05:50:23,2026-10-03T00:40:52,Chaos Core,716435,716435,1,,722717
6440,2026-10-03T05:51:01,2026-10-03T00:40:52,Chaos Core,715825,715825,1,,722717
6441,2026-10-03T05:54:34,2026-10-03T00:40:52,Chaos Core,713439,713439,1,,721489
6442,2026-10-03T05:56:13,2026-10-03T00:40:52,Upgrade Core (Ultimate,473756,86223592,182,,86536268
6443,2026-10-03T05:58:31,2026-10-03T00:40:52,Force Core (Ultimate,348089,696178,2,,656718
6444,2026-10-03T06:01:58,2026-10-03T00:40:52,Chaos Core,720862,720862,1,,721427
6445,2026-10-03T06:02:47,2026-10-03T00:40:52,Force Core (Ultimate,348088,2088528,6,,1970154
6446,2026-10-03T06:04:05,2026-10-03T00:40:52,Force Core (Ultimate,348087,1392348,4,,1313436
6447,2026-10-03T06:04:16,2026-10-03T00:40:52,Upgrade Core (Ultimate,473746,51638314,109,,51826666
6448,2026-10-03T06:04:20,2026-10-03T00:40:52,Chaos Core,720185,720185,1,,723273
6449,2026-10-03T06:04:52,2026-10-03T00:40:52,Chaos Core,719574,719574,1,,725000
6450,2026-10-03T06:05:24,2026-10-03T00:40:52,Chaos Core,719041,719041,1,,725000
6451,2026-10-03T06:10:50,2026-10-03T00:40:52,Upgrade Core (Ultimate,473743,18475977,39,,17410575
6452,2026-10-03T06:11:12,2026-10-03T00:40:52,Upgrade Core (Ultimate),473740,68692300,145,,64731625
6453,2026-10-03T06:11:27,2026-10-03T00:40:52,Upgrade Core (Ultimate),473739,21791994,46,,20535550
6454,2026-10-03T06:13:09,2026-10-03T00:40:52,Chaos Core,724355,724355,1,,725000
6455,2026-10-03T06:15:13,2026-10-03T00:40:52,Chaos Core,724413,724413,1,,725000
6456,2026-10-03T06:15:50,2026-10-03T00:40:52,Chaos Core,723793,723793,1,,725000
6457,2026-10-03T06:16:24,2026-10-03T00:40:52,Chaos Core,723154,723154,1,,725000
6458,2026-10-03T06:20:28,2026-10-03T00:40:52,Epic Booster (Highest),46944444,187777776,4,,187777776
6459,2026-10-03T06:22:14,2026-10-03T00:40:52,Chaos Core,726991,726991,1,,727644
6460,2026-10-03T06:24:58,2026-10-03T00:40:52,Force Core(Highest,180000,18720000,104,,13684216
6461,2026-10-03T06:25:03,2026-10-03T00:40:52,Force Core (Ultimate,348079,6961580,20,,6492540
6462,2026-10-03T06:27:49,2026-10-03T00:40:52,Force Core(Highest,188887,13977638,74,,13977638
6463,2026-10-03T06:27:55,2026-10-03T00:40:52,Upgrade Core (Ultimate,473719,16580165,35,,15624875
6464,2026-10-03T06:28:11,2026-10-03T00:40:52,Upgrade Core (Ultimate,473718,49740390,105,,46874625
6465,2026-10-03T06:37:42,2026-10-03T00:40:52,Force Core(High,165000,4125000,25,,3741675
6466,2026-10-03T06:48:45,2026-10-03T00:40:52,Chaos Core,717582,717582,1,,725905
6467,2026-10-03T06:53:24,2026-10-03T00:40:52,Force Core(High,165000,3960000,24,,3819816
6468,2026-10-03T06:54:19,2026-10-03T00:40:52,Force Core(High,165000,18315000,111,,16613037
6469,2026-10-03T06:54:43,2026-10-03T00:40:52,Force Core (Ultimate,348065,4524845,13,,4220151
6470,2026-10-03T06:58:07,2026-10-03T00:40:52,Epic Booster (Highest),48777765,48777765,1,,46944444
6471,2026-10-03T07:04:34,2026-10-03T00:40:52,Upgrade Core (Ultimate,473728,473728,1,,446425
6472,2026-10-03T07:07:09,2026-10-03T00:40:52,Epic Booster (Highest),48777765,97555530,2,,93888888
6473,2026-10-03T07:07:36,2026-10-03T00:40:52,Chaos Core,713264,713264,1,,716326
6474,2026-10-03T07:09:40,2026-10-03T00:40:52,Chaos Core,712639,712639,1,,727644
6475,2026-10-03T07:10:22,2026-10-03T00:40:52,Chaos Core,712113,712113,1,,727644
6476,2026-10-03T07:10:55,2026-10-03T00:40:52,Chaos Core,711453,711453,1,,727644
6477,2026-10-03T07:12:09,2026-10-03T00:40:52,Force Core(High,165000,10560000,64,,10186176
6478,2026-10-03T07:16:36,2026-10-03T00:40:52,Force Core(High,165000,30030000,182,,28939820
6479,2026-10-03T07:24:05,2026-10-03T00:40:52,Chaos Core,713921,713921,1,,715125
6480,2026-10-03T07:27:07,2026-10-03T00:40:52,Force Core(High,165000,1485000,9,,1432431
6481,2026-10-03T07:27:45,2026-10-03T00:40:52,Chaos Core Set,719799,112288799,156,,111072000
6482,2026-10-03T07:29:24,2026-10-03T00:40:52,Chaos Core Set X 321,719794,231054194,321,,228552000
6483,2026-10-03T07:29:52,2026-10-03T00:40:52,Chaos Core Set,719790,159793601,222,,158064000
6484,2026-10-03T07:33:45,2026-10-03T00:40:52,Force Core(High),165000,1650000,10,,1591580
6485,2026-10-03T07:33:59,2026-10-03T00:40:52,Chaos Core Set,719786,58302746,81,,57596346
6486,2026-10-03T07:35:01,2026-10-03T00:40:52,Epic Booster (Highest),48623784,48623784,1,,46944444
6487,2026-10-03T07:37:26,2026-10-03T00:40:52,Chaos Core,711486,711486,1,,715826
6488,2026-10-03T07:40:51,2026-10-03T00:40:52,Chaos Core,710963,710963,1,,715125
6489,2026-10-03T07:41:22,2026-10-03T00:40:52,Chaos Core,710445,710445,1,,715000
6490,2026-10-03T07:41:56,2026-10-03T00:40:52,Chaos Core,709781,709781,1,,715125
6491,2026-10-03T07:45:12,2026-10-03T00:40:52,Upgrade Core (Ultimate),601993,19263776,32,,15215168
6492,2026-10-03T07:46:59,2026-10-03T00:40:52,Siena's Unbinding Stone,98799984,98799984,1,,75111111
6493,2026-10-03T07:48:12,2026-10-03T00:40:52,Chaos Core,714348,714348,1,,715000
6494,2026-10-03T07:50:33,2026-10-03T00:40:52,Chaos Core,714421,714421,1,,715000
6495,2026-10-03T07:51:20,2026-10-03T00:40:52,Chaos Core,713757,713757,1,,715000
6496,2026-10-03T07:51:55,2026-10-03T00:40:52,Chaos Core,713211,713211,1,,714421
6497,2026-10-03T07:56:54,2026-10-03T00:40:52,Chaos Core Set X 213,719764,153309944,213,,154244163
6498,2026-10-03T07:57:18,2026-10-03T00:40:52,Force Core(High,165000,3300000,20,,3183180
6499,2026-10-03T07:58:35,2026-10-03T00:40:52,Chaos Core Set X 21,719775,15115295,21,,14994399
6500,2026-10-03T07:59:51,2026-10-03T00:40:52,Chaos Core Set,719762,179220986,249,,177736947
6501,2026-10-03T08:00:02,2026-10-03T00:40:52,Chaos Core Set,719760,157627658,219,,156322857
6502,2026-10-03T08:02:33,2026-10-03T00:40:52,Blessing Bead - Superior,164117777,164117777,1,,164117777
6503,2026-10-03T08:03:56,2026-10-03T00:40:52,Chaos Core,714487,714487,1,,715125
6504,2026-10-03T08:05:49,2026-10-03T00:40:52,Chaos Core Set X 246,720009,177122214,246,,177122214
6505,2026-10-03T08:05:59,2026-10-03T00:40:52,Chaos Core,713803,713803,1,,714487
6506,2026-10-03T08:06:32,2026-10-03T00:40:52,Chaos Core,713188,713188,1,,715125
6507,2026-10-03T08:07:04,2026-10-03T00:40:52,Chaos Core,712496,712496,1,,713802
6508,2026-10-03T08:15:48,2026-10-03T00:40:52,Epic Booster (Highest),48623784,97247568,2,,94000000
6509,2026-10-03T08:16:14,2026-10-03T00:40:52,Chaos Core,715227,715227,1,,715826
6510,2026-10-03T08:18:07,2026-10-03T00:40:52,Chaos Core,714670,714670,1,,715826
6511,2026-10-03T08:18:38,2026-10-03T00:40:52,Chaos Core,714026,714026,1,,714670
6512,2026-10-03T08:21:41,2026-10-03T00:40:52,Chaos Core,713336,713336,1,,714670
6513,2026-10-03T08:24:12,2026-10-03T00:40:52,Force Core(High,165000,495000,3,,477474
6514,2026-10-03T08:24:27,2026-10-03T00:40:52,Force Core(High,165000,9735000,59,,9390322
6515,2026-10-03T08:25:23,2026-10-03T00:40:52,Force Core(High,165000,1650000,10,,1591590
6516,2026-10-03T08:30:05,2026-10-03T00:40:52,Chaos Core,715155,715155,1,,715826
6517,2026-10-03T08:31:48,2026-10-03T00:40:52,Chaos Core,714575,714575,1,,715155
6518,2026-10-03T08:32:21,2026-10-03T00:40:52,Chaos Core,714057,714057,1,,715155
6519,2026-10-03T08:33:04,2026-10-03T00:40:52,Chaos Core,713348,713348,1,,714000
6520,2026-10-03T08:34:57,2026-10-03T00:40:52,Force Core(Highest,198719,26032189,131,,25198898
6521,2026-10-03T08:36:03,2026-10-03T00:40:52,Force Core(High,165000,4950000,30,,4774770
6522,2026-10-03T08:37:04,2026-10-03T00:40:52,Chaos Core Set,719763,231044243,321,,228984708
6523,2026-10-03T08:38:28,2026-10-03T00:40:52,Chaos Core,712774,712774,1,,713348
6524,2026-10-03T08:40:30,2026-10-03T00:40:52,Chaos Core,712204,712204,1,,713348
6525,2026-10-03T08:41:02,2026-10-03T00:40:52,Chaos Core,711608,711608,1,,714000
6526,2026-10-03T08:42:49,2026-10-03T00:40:52,Chaos Core,710909,710909,1,,715155
6527,2026-10-03T08:43:33,2026-10-03T00:40:52,Chaos Core Set X 270,719756,194334389,270,,192790800
6528,2026-10-03T08:47:33,2026-10-03T00:40:52,Chaos Core Set X 249,719753,179218745,249,,177929175
6529,2026-10-03T08:47:43,2026-10-03T00:40:52,Chaos Core Set X 246,719751,177058991,246,,175644000
6530,2026-10-03T08:47:53,2026-10-03T00:40:52,Chaos Core Set,719745,179216753,249,,177730224
6531,2026-10-03T08:49:17,2026-10-03T00:40:52,Chaos Core,714465,714465,1,,715155
6532,2026-10-03T08:50:25,2026-10-03T00:40:52,Chaos Core Set X 276,719745,198649895,276,,199021116
6533,2026-10-03T08:50:41,2026-10-03T00:40:52,Chaos Core Set X 171,719744,123076394,171,,123321438
6534,2026-10-03T08:50:57,2026-10-03T00:40:52,Chaos Core Set X 168,719743,120916991,168,,121157904
6535,2026-10-03T08:52:07,2026-10-03T00:40:52,Chaos Core Set X 249,719742,179216006,249,,179573322
6536,2026-10-03T08:52:24,2026-10-03T00:40:52,Chaos Core,713776,713776,1,,715155
6537,2026-10-03T08:52:57,2026-10-03T00:40:52,Chaos Core,713263,713263,1,,713776
6538,2026-10-03T08:53:31,2026-10-03T00:40:52,Chaos Core,712654,712654,1,,713776
6539,2026-10-03T08:54:34,2026-10-03T00:40:52,Chaos Core Set,719743,131713151,183,,130420806
6540,2026-10-03T08:58:02,2026-10-03T00:40:52,Force Core (Ultimate,344984,689968,2,,649254
6541,2026-10-03T09:00:19,2026-10-03T00:40:52,Chaos Core Set X 45,719745,32388569,45,,32102640
6542,2026-10-03T09:02:51,2026-10-03T00:40:52,Chaos Core,714639,714639,1,,715155
6543,2026-10-03T09:03:39,2026-10-03T00:40:52,Force Core (Ultimate,344983,344983,1,,328359
6544,2026-10-03T09:03:44,2026-10-03T00:40:52,Chaos Core Set,719744,12955409,18,,12868146
6545,2026-10-03T09:04:56,2026-10-03T00:40:52,Chaos Core,714007,714007,1,,715155
6546,2026-10-03T09:05:28,2026-10-03T00:40:52,Chaos Core,713355,713355,1,,715155
6547,2026-10-03T09:06:00,2026-10-03T00:40:52,Chaos Core,712798,712798,1,,715155
6548,2026-10-03T09:10:11,2026-10-03T00:40:52,Chaos Core Set,719763,166265483,231,,164661189
6549,2026-10-03T09:10:32,2026-10-03T00:40:52,Chaos Core Set,719763,69097343,96,,68428608
6550,2026-10-03T09:13:29,2026-10-03T00:40:52,Upgrade Core (Ultimate,601922,48153760,80,,37957680
6551,2026-10-03T09:13:34,2026-10-03T00:40:52,Upgrade Core (Ultimate,601921,22271077,37,,17592538
6552,2026-10-03T09:13:38,2026-10-03T00:40:52,Upgrade Core (Ultimate,601920,43338240,72,,34234128
6553,2026-10-03T09:14:09,2026-10-03T00:40:52,Force Core(High,165000,16665000,101,,16075059
6554,2026-10-03T09:14:24,2026-10-03T00:40:52,Force Core(High,165000,330000,2,,318318
6555,2026-10-03T09:17:50,2026-10-03T00:40:52,Chaos Core,715155,715155,1,,715826
6556,2026-10-03T09:27:49,2026-10-03T09:26:35,Chaos Core,714482,714482,1,,743990
6557,2026-10-03T09:27:53,2026-10-03T09:26:35,Chaos Core,709492,709492,1,,743990
6558,2026-10-03T09:27:58,2026-10-03T09:26:35,Chaos Core,709320,709320,1,,743990
6559,2026-10-03T09:28:04,2026-10-03T09:26:35,Chaos Core Set X 321,719763,231044243,321,,228231000
6560,2026-10-03T09:28:09,2026-10-03T09:26:35,Chaos Core Set X 321,719762,231043922,321,,228231000
6561,2026-10-03T09:28:15,2026-10-03T09:26:35,Force Core (Ultimate,344977,13799080,40,,13134360
6562,2026-10-03T09:28:22,2026-10-03T09:26:35,Force Core(Highest,198691,12716224,64,,8949824
6563,2026-10-03T09:28:26,2026-10-03T09:26:35,Chaos Core Set X 321,719763,231044243,321,,228231000
6564,2026-10-03T09:28:35,2026-10-03T09:26:35,Force Core(High,165000,7590000,46,,7321314
6565,2026-10-03T09:28:49,2026-10-03T09:26:35,Upgrade Core (Ultimate,601918,12038360,20,,9509480
6566,2026-10-03T09:57:14,2026-10-03T09:35:59,Chaos Core,719348,719348,1,,740000
6567,2026-10-03T09:57:51,2026-10-03T09:35:59,Yekaterina VIP Membership,112666666,112666666,1,,112799999
6568,2026-10-03T09:59:14,2026-10-03T09:35:59,Chaos Core,719339,719339,1,,740000
6569,2026-10-03T09:59:46,2026-10-03T09:35:59,Chaos Core Set X 385,740000,284900000,385,,276945515
6570,2026-10-03T10:01:26,2026-10-03T09:35:59,Chaos Core Set X 321,740000,237540000,321,,230907819
6571,2026-10-03T10:03:26,2026-10-03T09:35:59,Chaos Core,718696,718696,1,,720000
6572,2026-10-03T10:04:03,2026-10-03T09:35:59,Chaos Core Set,739999,173159999,234,,168201306
6573,2026-10-03T10:06:05,2026-10-03T09:35:59,Force Core (Ultimate,344977,1379908,4,,1246752
6574,2026-10-03T10:06:47,2026-10-03T09:35:59,Chaos Core Set,739998,168719771,228,,164009292
6575,2026-10-03T10:09:45,2026-10-03T09:35:59,Force Core(High,165000,4125000,25,,3978950
6576,2026-10-03T10:11:35,2026-10-03T09:35:59,Upgrade Core (Ultimate,601919,601919,1,,475474
6577,2026-10-03T10:11:55,2026-10-03T09:35:59,Upgrade Core (Ultimate,601918,601918,1,,475474
6578,2026-10-03T10:11:59,2026-10-03T09:35:59,Chaos Core Set,739999,237539999,321,,230706873
6579,2026-10-03T10:13:36,2026-10-03T09:35:59,Chaos Core Set,742311,237539678,320,,229984320
6580,2026-10-03T10:15:20,2026-10-03T09:35:59,Chaos Core Set,740021,138383999,187,,135266824
6581,2026-10-03T10:17:44,2026-10-03T09:35:59,Chaos Core Set,743998,118295840,159,,115776963
6582,2026-10-03T10:19:47,2026-10-03T09:35:59,Upgrade Core (Ultimate),601918,8426852,14,,6656636
6583,2026-10-03T10:22:32,2026-10-03T09:35:59,Chaos Core,727604,727604,1,,728157
6584,2026-10-03T10:23:20,2026-10-03T09:35:59,Chaos Core,726908,726908,1,,727604
6585,2026-10-03T10:24:04,2026-10-03T09:35:59,Chaos Core Set,743999,171863999,231,,168076524
6586,2026-10-03T10:26:22,2026-10-03T09:35:59,Chaos Core Set,743999,127223999,171,,124447473
6587,2026-10-03T10:28:22,2026-10-03T09:35:59,Chaos Core,726995,726995,1,,728157
6588,2026-10-03T10:28:56,2026-10-03T09:35:59,Chaos Core Set,743999,225431999,303,,220566426
6589,2026-10-03T10:31:59,2026-10-03T09:35:59,Chaos Core Set,743998,122759834,165,,120097890
6590,2026-10-03T10:33:55,2026-10-03T09:35:59,Force Core(Highest,196997,9849850,50,,9486600
6591,2026-10-03T10:34:25,2026-10-03T09:35:59,Force Core(High,165000,7920000,48,,7639584
6592,2026-10-03T10:35:06,2026-10-03T09:35:59,Chaos Core Set,743999,238823999,321,,233363790
6593,2026-10-03T10:35:18,2026-10-03T09:35:59,Chaos Core Set,743999,140615999,189,,137533032
6594,2026-10-03T10:35:29,2026-10-03T09:35:59,Chaos Core Set,743998,220967702,297,,216246294
6595,2026-10-03T10:35:40,2026-10-03T09:35:59,Chaos Core Set,743997,238823357,321,,233738397
6596,2026-10-03T10:36:42,2026-10-03T09:35:59,Chaos Core,727055,727055,1,,728157
6597,2026-10-03T10:41:36,2026-10-03T09:35:59,Chaos Core,726458,726458,1,,727055
6598,2026-10-03T10:42:14,2026-10-03T09:35:59,Chaos Core,725831,725831,1,,728157
6599,2026-10-03T10:42:45,2026-10-03T09:35:59,Chaos Core Set,743997,238823357,321,,233110521
6600,2026-10-03T10:43:11,2026-10-03T09:35:59,Chaos Core Set,743996,209807153,282,,205280772
6601,2026-10-03T10:45:27,2026-10-03T09:35:59,Chaos Core,725167,725167,1,,725831
6602,2026-10-03T10:46:09,2026-10-03T09:35:59,Chaos Core Set,743994,194182694,261,,188023356
6603,2026-10-03T10:47:02,2026-10-03T09:35:59,Force Core(Highest,196992,34276608,174,,33013368
6604,2026-10-03T10:47:17,2026-10-03T09:35:59,Force Core(Highest,196991,26002812,132,,25044624
6605,2026-10-03T10:47:44,2026-10-03T09:35:59,Chaos Core Set,743993,124990991,168,,121530024
6606,2026-10-03T10:48:11,2026-10-03T09:35:59,Force Core(Highest,196990,3939800,20,,3794640
6607,2026-10-03T10:48:27,2026-10-03T09:35:59,Force Core(High,165000,16335000,99,,15756642
6608,2026-10-03T10:48:32,2026-10-03T09:35:59,Force Core(High,165000,165000,1,,159158
6609,2026-10-03T10:59:11,2026-10-03T09:35:59,Chaos Core,726232,726232,1,,726900
6610,2026-10-03T10:59:56,2026-10-03T09:35:59,Force Core (Ultimate,344969,18973295,55,,17142840
6611,2026-10-03T11:00:11,2026-10-03T09:35:59,Chaos Core,725725,725725,1,,739000
6612,2026-10-03T11:00:48,2026-10-03T09:35:59,Force Core (Ultimate,344968,344968,1,,311688
6613,2026-10-03T11:00:53,2026-10-03T09:35:59,Force Core (Ultimate,344967,14488614,42,,13090896
6614,2026-10-03T11:01:29,2026-10-03T09:35:59,Upgrade Core (Ultimate,601908,48152640,80,,38037920
6615,2026-10-03T11:02:23,2026-10-03T09:35:59,Chaos Core,709453,709453,1,,728157
6616,2026-10-03T11:03:06,2026-10-03T09:35:59,Chaos Core,708894,708894,1,,728157
6617,2026-10-03T11:04:52,2026-10-03T09:35:59,Chaos Core,738453,738453,1,,739000
6618,2026-10-03T11:09:32,2026-10-03T09:35:59,Chaos Core,737927,737927,1,,738473
6619,2026-10-03T11:14:05,2026-10-03T09:35:59,Chaos Core,737742,737742,1,,738400
6620,2026-10-03T11:16:09,2026-10-03T09:35:59,Chaos Core,737817,737817,1,,738400
6621,2026-10-03T11:16:42,2026-10-03T09:35:59,Chaos Core Set X 237,743971,176321363,237,,168288249
6622,2026-10-03T11:17:30,2026-10-03T09:35:59,Chaos Core Set X 249,743970,185248778,249,,176514357
6623,2026-10-03T11:17:53,2026-10-03T09:35:59,Chaos Core Set X 180,743969,133914599,180,,130789260
6624,2026-10-03T11:18:46,2026-10-03T09:35:59,Chaos Core,737723,737723,1,,738400
6625,2026-10-03T11:25:58,2026-10-03T09:35:59,Chaos Core Set X 132,739997,97679735,132,,95962944
6626,2026-10-03T11:27:33,2026-10-03T09:35:59,Chaos Core,735821,735821,1,,737000
6627,2026-10-03T11:28:16,2026-10-03T09:35:59,Force Core(Highest,195979,4115559,21,,3984372
6628,2026-10-03T11:28:59,2026-10-03T09:35:59,Force Core(High,165000,5280000,32,,4934432
6629,2026-10-03T11:29:24,2026-10-03T09:35:59,Chaos Core,732808,732808,1,,733333
6630,2026-10-03T11:30:08,2026-10-03T09:35:59,Chaos Core,732161,732161,1,,732818
6631,2026-10-03T11:31:06,2026-10-03T09:35:59,Force Core(High,165000,8250000,50,,7957900
6632,2026-10-03T11:31:21,2026-10-03T09:35:59,Chaos Core,731503,731503,1,,735820
6633,2026-10-03T11:32:37,2026-10-03T09:35:59,Chaos Core Set,739985,139857353,189,,138355749
6634,2026-10-03T11:35:45,2026-10-03T09:35:59,Chaos Core,727534,727534,1,,739000
6635,2026-10-03T11:36:17,2026-10-03T09:35:59,Force Core (Ultimate,344945,2069670,6,,1870128
6636,2026-10-03T11:42:06,2026-10-03T09:35:59,Chaos Core Set X 63,739977,46618613,63,,45873891
6637,2026-10-03T11:50:38,2026-10-03T09:35:59,Chaos Core,732718,732718,1,,733363
6638,2026-10-03T11:51:35,2026-10-03T09:35:59,Chaos Core,732101,732101,1,,735820
6639,2026-10-03T11:52:08,2026-10-03T09:35:59,Force Core(Highest,192358,11541480,60,,11383920
6640,2026-10-03T11:52:44,2026-10-03T09:35:59,Force Core(High,165000,4950000,30,,4626030
6641,2026-10-03T11:53:51,2026-10-03T09:35:59,Force Core(High,165000,18150000,110,,17507380
6642,2026-10-03T11:55:55,2026-10-03T09:35:59,Chaos Core,731525,731525,1,,735128
6643,2026-10-03T11:57:08,2026-10-03T09:35:59,Force Core(High,165000,4950000,30,,4774230
6644,2026-10-03T11:59:59,2026-10-03T09:35:59,Chaos Core,730914,730914,1,,735128
6645,2026-10-03T12:00:41,2026-10-03T09:35:59,Chaos Core,730263,730263,1,,730914
6646,2026-10-03T12:02:05,2026-10-03T09:35:59,Chaos Core,729572,729572,1,,735820
6647,2026-10-03T12:04:05,2026-10-03T09:35:59,Chaos Core,727629,727629,1,,735128
6648,2026-10-03T12:04:45,2026-10-03T09:35:59,Chaos Core,729564,729564,1,,730263
6649,2026-10-03T12:09:10,2026-10-03T09:35:59,Chaos Core Set X 72,739944,53276039,72,,52673328
6650,2026-10-03T12:12:48,2026-10-03T09:35:59,Chaos Core,729611,729611,1,,730263
6651,2026-10-03T12:13:44,2026-10-03T09:35:59,Chaos Core,728932,728932,1,,730263
6652,2026-10-03T12:15:08,2026-10-03T09:35:59,Chaos Core,729474,729474,1,,730000
6653,2026-10-03T12:18:35,2026-10-03T09:35:59,Force Core(High,165000,16500000,100,,15914100
6654,2026-10-03T12:22:22,2026-10-03T09:35:59,Force Core(Highest,195465,1368255,7,,1328124
6655,2026-10-03T12:22:49,2026-10-03T09:35:59,Force Core(High,165000,5775000,35,,5397035
6656,2026-10-03T12:24:58,2026-10-03T09:35:59,Force Core(High,165000,8250000,50,,7957050
6657,2026-10-03T12:25:47,2026-10-03T09:35:59,Chaos Core Set X 207,735653,152280377,207,,151425675
6658,2026-10-03T12:27:38,2026-10-03T09:35:59,Chaos Core Set X 159,735652,116968826,159,,115993680
6659,2026-10-03T12:28:56,2026-10-03T09:35:59,Chaos Core Set X 162,735651,119175623,162,,118208484
6660,2026-10-03T12:30:26,2026-10-03T09:35:59,Chaos Core Set X 162,735650,119175461,162,,118260648
6661,2026-10-03T12:36:19,2026-10-03T09:35:59,Chaos Core,726474,726474,1,,730914
6662,2026-10-03T12:37:02,2026-10-03T09:35:59,Chaos Core,725941,725941,1,,729430
6663,2026-10-03T12:39:24,2026-10-03T09:35:59,Chaos Core,725317,725317,1,,728899
6664,2026-10-03T12:39:34,2026-10-03T09:35:59,Upgrade Core (Ultimate,599971,6599681,11,,5230170
6665,2026-10-03T12:40:07,2026-10-03T09:35:59,Chaos Core Set X 210,735648,154486289,210,,152865090
6666,2026-10-03T12:40:44,2026-10-03T09:35:59,Chaos Core,724741,724741,1,,730263
6667,2026-10-03T12:42:33,2026-10-03T09:35:59,Chaos Core Set X 75,735645,55173449,75,,54953850
6668,2026-10-03T12:43:08,2026-10-03T09:35:59,Chaos Core Set,735642,152278100,207,,150687099
6669,2026-10-03T12:43:25,2026-10-03T09:35:59,Chaos Core Set,735640,183174608,249,,181520751
6670,2026-10-03T12:44:45,2026-10-03T09:35:59,Chaos Core Set,735062,175679999,239,,174334965
6671,2026-10-03T12:45:01,2026-10-03T09:35:59,Chaos Core,729449,729449,1,,730000
6672,2026-10-03T12:45:34,2026-10-03T09:35:59,Chaos Core Set,735641,150070967,204,,148683360
6673,2026-10-03T12:51:29,2026-10-03T09:35:59,Chaos Core,729494,729494,1,,730000
6674,2026-10-03T12:52:12,2026-10-03T09:35:59,Chaos Core,728840,728840,1,,730000
6675,2026-10-03T12:52:44,2026-10-03T09:35:59,Upgrade Core (Ultimate,599966,7799558,13,,6181162
6676,2026-10-03T12:54:37,2026-10-03T09:35:59,Chaos Core,728321,728321,1,,732000
6677,2026-10-03T13:02:26,2026-10-03T09:35:59,Chaos Core,727073,727073,1,,727713
6678,2026-10-03T13:03:09,2026-10-03T09:35:59,Chaos Core,726469,726469,1,,727073
6679,2026-10-03T13:04:21,2026-10-03T09:35:59,Upgrade Core (Ultimate,599938,101389522,169,,80354430
6680,2026-10-03T13:04:45,2026-10-03T09:35:59,Chaos Core,725880,725880,1,,727073
6681,2026-10-03T13:06:21,2026-10-03T09:35:59,Chaos Core,727166,727166,1,,735000
6682,2026-10-03T13:12:52,2026-10-03T09:35:59,Force Core(High,165000,8250000,50,,7710050
6683,2026-10-03T13:20:25,2026-10-03T09:35:59,Chaos Core,734351,734351,1,,738400
6684,2026-10-03T13:24:08,2026-10-03T09:35:59,Chaos Core,729438,729438,1,,736840
6685,2026-10-03T13:25:26,2026-10-03T09:35:59,Chaos Core,728900,728900,1,,736840
6686,2026-10-03T13:28:12,2026-10-03T09:35:59,Yekaterina VIP Membership,113499998,113499998,1,,112799696
6687,2026-10-03T13:29:03,2026-10-03T09:35:59,Chaos Core,728295,728295,1,,738400
6688,2026-10-03T13:30:37,2026-10-03T09:35:59,Chaos Core,728393,728393,1,,738400
6689,2026-10-03T13:32:01,2026-10-03T09:35:59,Force Core(High,165000,3300000,20,,3182820
6690,2026-10-03T13:33:01,2026-10-03T09:35:59,Chaos Core,737813,737813,1,,738400
6691,2026-10-03T13:34:18,2026-10-03T09:35:59,Chaos Core,737858,737858,1,,738400
6692,2026-10-03T13:37:21,2026-10-03T09:35:59,Chaos Core,727494,727494,1,,728155
6693,2026-10-03T13:40:00,2026-10-03T09:35:59,Force Core(High,165000,825000,5,,795705
6694,2026-10-03T13:41:23,2026-10-03T09:35:59,Chaos Core,726397,726397,1,,727508
6695,2026-10-03T13:46:56,2026-10-03T09:35:59,Chaos Core,725761,725761,1,,728155
6696,2026-10-03T13:48:37,2026-10-03T09:35:59,Chaos Core,725228,725228,1,,727508
6697,2026-10-03T13:49:48,2026-10-03T09:35:59,Chaos Core,724575,724575,1,,725761
6698,2026-10-03T13:53:57,2026-10-03T09:35:59,Chaos Core,724029,724029,1,,727508
6699,2026-10-03T13:57:42,2026-10-03T09:35:59,Chaos Core,724488,724488,1,,725145
6700,2026-10-03T14:12:57,2026-10-03T09:35:59,Chaos Core,721422,721422,1,,724488
6701,2026-10-03T14:14:16,2026-10-03T09:35:59,Force Core(High,165000,330000,2,,318316
6702,2026-10-03T14:14:31,2026-10-03T09:35:59,Chaos Core,720790,720790,1,,726338
6703,2026-10-03T14:16:02,2026-10-03T09:35:59,Chaos Core,720201,720201,1,,725653
6704,2026-10-03T14:20:35,2026-10-03T14:18:51,Chaos Core,719676,719676,1,,740000
6705,2026-10-03T14:42:56,2026-10-03T14:21:28,Chaos Core,715843,715843,1,,735327
6706,2026-10-03T14:45:34,2026-10-03T14:21:28,Force Core(High,165000,1815000,11,,1619442
6707,2026-10-03T14:45:49,2026-10-03T14:21:28,Force Core(High,165000,1320000,8,,1177776
6708,2026-10-03T14:46:01,2026-10-03T14:21:28,Force Core(Highest,195394,390788,2,,380644
6709,2026-10-03T14:50:30,2026-10-03T14:21:28,Chaos Core Set X 78,730000,56940000,78,,56601246
6710,2026-10-03T14:53:39,2026-10-03T14:21:28,Chaos Core,713189,713189,1,,725657
6711,2026-10-03T14:54:27,2026-10-03T14:21:28,Upgrade Core (Ultimate,564914,31070270,55,,24553375
6712,2026-10-03T14:54:54,2026-10-03T14:21:28,Chaos Core Set X 54,730000,39420000,54,,39185478
6713,2026-10-03T14:59:05,2026-10-03T14:21:28,Chaos Core,712580,712580,1,,735327
6714,2026-10-03T15:00:29,2026-10-03T14:21:28,Force Core(High,165000,6600000,40,,5888880
6715,2026-10-03T15:00:44,2026-10-03T14:21:28,Chaos Core,711964,711964,1,,735327
6716,2026-10-03T15:02:34,2026-10-03T14:21:28,Chaos Core,711452,711452,1,,725000
6717,2026-10-03T15:08:04,2026-10-03T14:21:28,Force Core(High,165000,8250000,50,,7361100
6718,2026-10-03T15:11:56,2026-10-03T14:21:28,Chaos Core,710192,710192,1,,711367
6719,2026-10-03T15:15:39,2026-10-03T14:21:28,Force Core(High,165000,165000,1,,147222
6720,2026-10-03T15:15:55,2026-10-03T14:21:28,Force Core(Highest,195380,3907600,20,,3806440
6721,2026-10-03T15:17:58,2026-10-03T14:21:28,Epic Booster (Highest),46949999,46949999,1,,46374873
6722,2026-10-03T15:18:26,2026-10-03T14:21:28,Yekaterina VIP Membership,113499998,113499998,1,,111299696
6723,2026-10-03T15:19:10,2026-10-03T14:21:28,Chaos Core,707821,707821,1,,711367
6724,2026-10-03T15:20:38,2026-10-03T14:21:28,Chaos Core,707196,707196,1,,720000
6725,2026-10-03T15:22:16,2026-10-03T14:21:28,Chaos Core,706666,706666,1,,710730
6726,2026-10-03T15:30:45,2026-10-03T15:26:42,Epic Booster (Highest),46949999,46949999,1,,46986111
6727,2026-10-03T15:37:12,2026-10-03T15:26:42,Chaos Core,719327,719327,1,,729797
6728,2026-10-03T15:38:08,2026-10-03T15:26:42,Force Core(High,165000,3300000,20,,2944400
6729,2026-10-03T15:38:24,2026-10-03T15:26:42,Upgrade Core (Ultimate,564887,5648870,10,,4200000
6730,2026-10-03T15:38:50,2026-10-03T15:26:42,Chaos Core,719413,719413,1,,729797
6731,2026-10-03T15:40:28,2026-10-03T15:26:42,Chaos Core,718752,718752,1,,729797
6732,2026-10-03T15:41:44,2026-10-03T15:26:42,Chaos Core,706161,706161,1,,729797
6733,2026-10-03T15:55:17,2026-10-03T15:26:42,Chaos Core,719366,719366,1,,723816
6734,2026-10-03T15:56:34,2026-10-03T15:26:42,Chaos Core,718675,718675,1,,723816
6735,2026-10-03T15:57:52,2026-10-03T15:26:42,Force Core(High,165000,495000,3,,441660
6736,2026-10-03T16:00:41,2026-10-03T15:26:42,Chaos Core,709415,709415,1,,724999
6737,2026-10-03T16:09:20,2026-10-03T15:26:42,Chaos Core,707008,707008,1,,724495
6738,2026-10-03T16:10:58,2026-10-03T15:26:42,Chaos Core,706362,706362,1,,710000
6739,2026-10-03T16:12:14,2026-10-03T15:26:42,Chaos Core,705856,705856,1,,708923
6740,2026-10-03T16:13:54,2026-10-03T15:26:42,Force Core(Highest,194992,13649440,70,,13403740
6741,2026-10-03T16:16:29,2026-10-03T15:26:42,Chaos Core,705294,705294,1,,710000
6742,2026-10-03T16:17:57,2026-10-03T15:26:42,Chaos Core,705173,705173,1,,705856
6743,2026-10-03T16:19:37,2026-10-03T15:26:42,Chaos Core,705268,705268,1,,705856
6744,2026-10-03T16:20:54,2026-10-03T15:26:42,Chaos Core,704658,704658,1,,719500
6745,2026-10-03T16:26:07,2026-10-03T15:26:42,Chaos Core,718155,718155,1,,719444
6746,2026-10-03T16:27:44,2026-10-03T15:26:42,Chaos Core,717484,717484,1,,719444
6747,2026-10-03T16:29:01,2026-10-03T15:26:42,Chaos Core,716929,716929,1,,719444
6748,2026-10-03T16:32:50,2026-10-03T15:26:42,Yekaterina VIP Membership,113499998,113499998,1,,112766666
6749,2026-10-03T16:33:36,2026-10-03T15:26:42,Chaos Core,716311,716311,1,,719444
6750,2026-10-03T16:34:31,2026-10-03T15:26:42,Force Core(High,165000,18975000,115,,16930300
6751,2026-10-03T16:35:07,2026-10-03T15:26:42,Chaos Core,718792,718792,1,,719444
6752,2026-10-03T16:35:39,2026-10-03T15:26:42,Chaos Core Set X 72,730000,52560000,72,,51840000
6753,2026-10-03T16:36:49,2026-10-03T15:26:42,Chaos Core,718780,718780,1,,719440
6754,2026-10-03T16:38:10,2026-10-03T15:26:42,Chaos Core,718163,718163,1,,718780
6755,2026-10-03T16:43:36,2026-10-03T15:26:42,Chaos Core,717560,717560,1,,718163
6756,2026-10-03T16:45:01,2026-10-03T15:26:42,Chaos Core,716872,716872,1,,717560
6757,2026-10-03T16:46:34,2026-10-03T15:26:42,Chaos Core,717476,717476,1,,718163
6758,2026-10-03T16:47:57,2026-10-03T15:26:42,Chaos Core,716917,716917,1,,718163
6759,2026-10-03T16:54:22,2026-10-03T15:26:42,Epic Booster (Highest),48777755,48777755,1,,46986111
6760,2026-10-03T16:55:07,2026-10-03T15:26:42,Chaos Core,716231,716231,1,,718163
6761,2026-10-03T16:56:30,2026-10-03T15:26:42,Chaos Core,715577,715577,1,,718163
6762,2026-10-03T16:57:59,2026-10-03T15:26:42,Chaos Core,717629,717629,1,,718163
6763,2026-10-03T16:59:19,2026-10-03T15:26:42,Chaos Core,717107,717107,1,,718163
6764,2026-10-03T17:03:57,2026-10-03T15:26:42,Chaos Core,717659,717659,1,,718163
6765,2026-10-03T17:05:17,2026-10-03T15:26:42,Chaos Core,717003,717003,1,,718163
6766,2026-10-03T17:12:08,2026-10-03T15:26:42,Chaos Core,716463,716463,1,,717022
6767,2026-10-03T17:13:31,2026-10-03T15:26:42,Chaos Core,716462,716462,1,,717010
6768,2026-10-03T17:15:08,2026-10-03T15:26:42,Chaos Core,715944,715944,1,,718163
6769,2026-10-03T17:16:30,2026-10-03T15:26:42,Chaos Core,715300,715300,1,,718162
6770,2026-10-03T17:19:52,2026-10-03T15:26:42,Chaos Core,715366,715366,1,,715944
6771,2026-10-03T17:21:19,2026-10-03T15:26:42,Chaos Core,715413,715413,1,,715944
6772,2026-10-03T17:22:48,2026-10-03T15:26:42,Chaos Core,714835,714835,1,,715944
6773,2026-10-03T17:23:59,2026-10-03T15:26:42,Chaos Core,714158,714158,1,,714835
6774,2026-10-03T17:28:25,2026-10-03T15:26:42,Chaos Core,713482,713482,1,,715944
6775,2026-10-03T17:29:47,2026-10-03T15:26:42,Chaos Core,712359,712359,1,,715944
6776,2026-10-03T17:31:12,2026-10-03T15:26:42,Chaos Core,712349,712349,1,,713000
6777,2026-10-03T17:32:24,2026-10-03T15:26:42,Chaos Core,712330,712330,1,,713000
6778,2026-10-03T17:48:12,2026-10-03T15:26:42,Chaos Core,708555,708555,1,,711739
6779,2026-10-03T17:49:20,2026-10-03T15:26:42,Chaos Core,708691,708691,1,,711088
6780,2026-10-03T17:54:30,2026-10-03T15:26:42,Yekaterina VIP Membership,113499998,113499998,1,,112766666
6781,2026-10-03T17:55:14,2026-10-03T15:26:42,Chaos Core,708158,708158,1,,713000
6782,2026-10-03T18:03:56,2026-10-03T15:26:42,Chaos Core,704682,704682,1,,709208
6783,2026-10-03T18:05:19,2026-10-03T15:26:42,Upgrade Core (Ultimate,473934,14218020,30,,12600000
6784,2026-10-03T18:08:57,2026-10-03T15:26:42,Chaos Core,704069,704069,1,,706399
6785,2026-10-03T18:10:16,2026-10-03T15:26:42,Chaos Core,703397,703397,1,,713000
6786,2026-10-03T18:11:34,2026-10-03T15:26:42,Chaos Core,702796,702796,1,,705295
6787,2026-10-03T18:12:41,2026-10-03T15:26:42,Chaos Core,702146,702146,1,,709208
6788,2026-10-03T18:16:52,2026-10-03T15:26:42,Chaos Core,701456,701456,1,,703397
6789,2026-10-03T18:25:41,2026-10-03T15:26:42,Chaos Core,701612,701612,1,,704647
6790,2026-10-03T18:26:48,2026-10-03T15:26:42,Chaos Core,701041,701041,1,,704647
6791,2026-10-03T18:28:13,2026-10-03T15:26:42,Force Core(Highest,194897,8965262,46,,8808172
6792,2026-10-03T18:34:54,2026-10-03T15:26:42,Chaos Core,700409,700409,1,,704647
6793,2026-10-03T18:37:36,2026-10-03T15:26:42,Chaos Core,699837,699837,1,,705295
6794,2026-10-03T18:38:22,2026-10-03T15:26:42,Force Core (Ultimate,320000,63040000,197,,61385200
6795,2026-10-03T18:39:05,2026-10-03T15:26:42,Chaos Core,715306,715306,1,,715944
6796,2026-10-03T18:40:18,2026-10-03T15:26:42,Chaos Core,714661,714661,1,,715944
6797,2026-10-03T18:44:48,2026-10-03T15:26:42,Chaos Core,715427,715427,1,,715944
6798,2026-10-03T18:45:21,2026-10-03T15:26:42,Force Core (Ultimate,320000,32320000,101,,31471600
6799,2026-10-03T18:46:16,2026-10-03T15:26:42,Chaos Core,714903,714903,1,,715944
6800,2026-10-03T18:47:42,2026-10-03T15:26:42,Chaos Core,714346,714346,1,,714903
6801,2026-10-03T18:50:03,2026-10-03T15:26:42,Chaos Core,713758,713758,1,,714903
6802,2026-10-03T18:50:35,2026-10-03T15:26:42,Upgrade Core (Ultimate,473934,94786800,200,,84000000
6803,2026-10-03T18:56:13,2026-10-03T15:26:42,Chaos Core,712048,712048,1,,712559
6804,2026-10-03T18:57:21,2026-10-03T15:26:42,Chaos Core,699441,699441,1,,700000
6805,2026-10-03T19:01:33,2026-10-03T15:26:42,Chaos Core,698781,698781,1,,713758
6806,2026-10-03T19:02:16,2026-10-03T15:26:42,Upgrade Core (Ultimate,473934,30331776,64,,26880000
6807,2026-10-03T19:04:34,2026-10-03T15:26:42,Chaos Core,698132,698132,1,,713174
6808,2026-10-03T19:05:52,2026-10-03T15:26:42,Chaos Core,699421,699421,1,,700000
6809,2026-10-03T19:06:59,2026-10-03T15:26:42,Chaos Core,699480,699480,1,,700000
6810,2026-10-03T19:11:06,2026-10-03T15:26:42,Chaos Core,699322,699322,1,,700000
6811,2026-10-03T19:17:54,2026-10-03T15:26:42,Chaos Core,710719,710719,1,,711294
6812,2026-10-03T19:22:59,2026-10-03T15:26:42,Chaos Core Set X 165,723126,119315954,165,,117292560
6813,2026-10-03T19:26:35,2026-10-03T15:26:42,Chaos Core Set X 249,723125,180058373,249,,174300000
6814,2026-10-03T19:29:30,2026-10-03T15:26:42,Chaos Core,708167,708167,1,,709835
6815,2026-10-03T19:30:47,2026-10-03T15:26:42,Chaos Core,707528,707528,1,,713174
6816,2026-10-03T19:32:05,2026-10-03T15:26:42,Chaos Core,706967,706967,1,,713174
6817,2026-10-03T19:34:13,2026-10-03T15:26:42,Chaos Core Set X 267,723121,193073573,267,,192240000
6818,2026-10-03T19:34:24,2026-10-03T15:26:42,Chaos Core,706324,706324,1,,711928
6819,2026-10-03T19:35:27,2026-10-03T15:26:42,Chaos Core Set X 243,723119,175718159,243,,174960000
6820,2026-10-03T19:39:51,2026-10-03T15:26:42,Chaos Core Set X 282,723118,203919557,282,,203040000
6821,2026-10-03T19:41:28,2026-10-03T15:26:42,Chaos Core Set X 165,723117,119314469,165,,118800000
6822,2026-10-03T19:42:45,2026-10-03T15:26:42,Chaos Core Set X 321,723116,232120556,321,,231120000
6823,2026-10-03T19:44:03,2026-10-03T15:26:42,Chaos Core Set X 207,723115,149685011,207,,149040000
6824,2026-10-03T19:45:47,2026-10-03T15:26:42,Chaos Core Set X 238,723116,172101845,238,,168922166
6825,2026-10-03T19:47:14,2026-10-03T15:26:42,Chaos Core Set,723117,123653177,171,,120792690
6826,2026-10-03T19:50:04,2026-10-03T15:26:42,Chaos Core,711390,711390,1,,711928
6827,2026-10-03T19:50:46,2026-10-03T15:26:42,Chaos Core Set X 153,723116,110636900,153,,108314514
6828,2026-10-03T19:51:21,2026-10-03T15:26:42,Chaos Core,710886,710886,1,,711928
6829,2026-10-03T19:52:23,2026-10-03T15:26:42,Chaos Core Set X 249,723115,180055883,249,,179280000
6830,2026-10-03T19:52:48,2026-10-03T15:26:42,Chaos Core,710317,710317,1,,711928
6831,2026-10-03T19:53:19,2026-10-03T15:26:42,Chaos Core Set X 243,723113,175716701,243,,174960000
6832,2026-10-03T19:53:44,2026-10-03T15:26:42,Chaos Core,709618,709618,1,,711928
6833,2026-10-03T20:00:02,2026-10-03T15:26:42,Chaos Core,713097,713097,1,,713757
6834,2026-10-03T20:02:33,2026-10-03T15:26:42,Chaos Core,712558,712558,1,,713757
6835,2026-10-03T20:05:10,2026-10-03T15:26:42,Chaos Core,713171,713171,1,,713758
6836,2026-10-03T20:05:59,2026-10-03T15:26:42,Chaos Core,712564,712564,1,,713758
6837,2026-10-03T20:16:53,2026-10-03T15:26:42,Chaos Core Set X 249,723082,180047666,249,,177580326
6838,2026-10-03T20:19:57,2026-10-03T15:26:42,Chaos Core Set X 249,723081,180047417,249,,177725742
6839,2026-10-03T20:23:12,2026-10-03T15:26:42,Chaos Core,709758,709758,1,,712564
6840,2026-10-03T20:23:56,2026-10-03T15:26:42,Upgrade Core (Ultimate,473934,4739340,10,,4200000
6841,2026-10-03T20:25:32,2026-10-03T15:26:42,Chaos Core,709252,709252,1,,712564
6842,2026-10-03T20:26:40,2026-10-03T15:26:42,Chaos Core,708553,708553,1,,711458
6843,2026-10-03T20:28:35,2026-10-03T15:26:42,Chaos Core,707861,707861,1,,710947
6844,2026-10-03T20:29:16,2026-10-03T15:26:42,Upgrade Core (Ultimate,473934,9478680,20,,8400000
6845,2026-10-03T20:37:14,2026-10-03T15:26:42,Chaos Core,708645,708645,1,,709252
6846,2026-10-03T20:38:27,2026-10-03T15:26:42,Chaos Core,708012,708012,1,,708645
6847,2026-10-03T20:39:41,2026-10-03T15:26:42,Chaos Core,706683,706683,1,,708012
6848,2026-10-03T20:40:28,2026-10-03T15:26:42,Chaos Core,706183,706183,1,,710382
6849,2026-10-03T20:58:04,2026-10-03T15:26:42,Chaos Core Set X 249,723002,180027746,249,,176603748
6850,2026-10-03T21:10:04,2026-10-03T15:26:42,Chaos Core,705420,705420,1,,713758
6851,2026-10-03T21:11:20,2026-10-03T15:26:42,Chaos Core,704863,704863,1,,713758
6852,2026-10-03T21:12:08,2026-10-03T15:26:42,Chaos Core,704264,704264,1,,713758
6853,2026-10-03T21:18:37,2026-10-03T15:26:42,Chaos Core Set X 18,722955,13013207,18,,12960000
6854,2026-10-03T21:21:44,2026-10-03T15:26:42,Chaos Core Set X 81,722954,58559354,81,,58320000
6855,2026-10-03T21:23:46,2026-10-03T15:26:42,Chaos Core Set X 18,722953,13013171,18,,12960000
6856,2026-10-03T21:27:57,2026-10-03T15:26:42,Force Core(Highest,194917,974585,5,,949150
6857,2026-10-03T21:29:08,2026-10-03T15:26:42,Siena's Unbinding Stone,97666116,97666116,1,,75177777
6858,2026-10-03T21:30:12,2026-10-03T15:26:42,Blessing Bead - Superior,169999998,169999998,1,,164263444
6859,2026-10-03T21:32:34,2026-10-03T15:26:42,Chaos Core,702762,702762,1,,713758
6860,2026-10-03T21:35:54,2026-10-03T15:26:42,Chaos Core,702181,702181,1,,706485
6861,2026-10-03T21:37:01,2026-10-03T15:26:42,Chaos Core,699394,699394,1,,715944
6862,2026-10-03T21:37:47,2026-10-03T15:26:42,Chaos Core,698726,698726,1,,715944
6863,2026-10-03T21:42:30,2026-10-03T15:26:42,Blessing Bead - Superior,169999998,169999998,1,,164263885
6864,2026-10-03T21:44:09,2026-10-03T15:26:42,Chaos Core,701645,701645,1,,702181
6865,2026-10-03T21:46:42,2026-10-03T15:26:42,Force Core (Ultimate,320000,25600000,80,,24928000
6866,2026-10-03T21:50:19,2026-10-03T15:26:42,Force Core(Highest,194913,4093173,21,,3986430
6867,2026-10-03T21:52:19,2026-10-03T15:26:42,Chaos Core,699719,699719,1,,700313
6868,2026-10-03T21:53:24,2026-10-03T15:26:42,Chaos Core,699178,699178,1,,702181
6869,2026-10-03T21:53:57,2026-10-03T15:26:42,Force Core (Ultimate,320000,320000,1,,311600
6870,2026-10-03T21:54:12,2026-10-03T15:26:42,Force Core (Ultimate,320000,9280000,29,,9036400
6871,2026-10-03T21:54:31,2026-10-03T15:26:42,Chaos Core,698518,698518,1,,702181
6872,2026-10-03T21:55:17,2026-10-03T15:26:42,Chaos Core,697928,697928,1,,717000
6873,2026-10-03T21:56:29,2026-10-03T15:26:42,Force Core(High,165000,19140000,116,,17077520
6874,2026-10-03T21:58:13,2026-10-03T15:26:42,Force Core(Highest,194912,38982400,200,,37966000
6875,2026-10-03T21:58:29,2026-10-03T15:26:42,Force Core(Highest,194911,32160315,165,,31321950
6876,2026-10-03T22:00:47,2026-10-03T15:26:42,Chaos Core,699656,699656,1,,700313
6877,2026-10-03T22:01:19,2026-10-03T15:26:42,Force Core (Ultimate,320000,21760000,68,,21188800
6878,2026-10-03T22:01:49,2026-10-03T15:26:42,Chaos Core,699065,699065,1,,700313
6879,2026-10-03T22:02:45,2026-10-03T15:26:42,Chaos Core,698431,698431,1,,700313
6880,2026-10-03T22:03:30,2026-10-03T15:26:42,Chaos Core,697752,697752,1,,700313
6881,2026-10-03T22:09:25,2026-10-03T15:26:42,Chaos Core,717003,717003,1,,717568
6882,2026-10-03T22:10:21,2026-10-03T15:26:42,Chaos Core,716481,716481,1,,717003
6883,2026-10-03T22:11:17,2026-10-03T15:26:42,Chaos Core,716985,716985,1,,717568
6884,2026-10-03T22:12:05,2026-10-03T15:26:42,Chaos Core,717041,717041,1,,717568
6885,2026-10-03T22:24:35,2026-10-03T15:26:42,Chaos Core Set X 177,722789,127933829,177,,125537604
6886,2026-10-03T22:32:27,2026-10-03T15:26:42,Chaos Core,712203,712203,1,,717568
6887,2026-10-03T22:33:12,2026-10-03T15:26:42,Chaos Core,711588,711588,1,,717568
6888,2026-10-03T22:34:15,2026-10-03T15:26:42,Chaos Core,710975,710975,1,,717568
6889,2026-10-03T22:35:02,2026-10-03T15:26:42,Chaos Core,710414,710414,1,,717568
6890,2026-10-03T22:41:16,2026-10-03T15:26:42,Chaos Core,714487,714487,1,,715000
6891,2026-10-03T22:42:00,2026-10-03T15:26:42,Chaos Core,713954,713954,1,,715000
6892,2026-10-03T22:42:37,2026-10-03T15:26:42,Force Core (Ultimate,320000,320000,1,,311600
6893,2026-10-03T22:43:10,2026-10-03T15:26:42,Chaos Core,713306,713306,1,,715000
6894,2026-10-03T22:44:01,2026-10-03T15:26:42,Chaos Core,712794,712794,1,,715000
6895,2026-10-03T22:45:10,2026-10-03T15:26:42,Chaos Core Set X 249,722711,179955287,249,,176694882
6896,2026-10-03T22:53:25,2026-10-03T15:26:42,Force Core(High,165000,11385000,69,,10158180
6897,2026-10-03T22:54:28,2026-10-03T15:26:42,Force Core(High,165000,17160000,104,,15310880
6898,2026-10-03T22:56:04,2026-10-03T15:26:42,Force Core (Ultimate,320000,15680000,49,,15270017
6899,2026-10-03T23:00:00,2026-10-03T15:26:42,Chaos Core,713557,713557,1,,717568
6900,2026-10-03T23:00:44,2026-10-03T15:26:42,Chaos Core,712872,712872,1,,717568
6901,2026-10-03T23:01:46,2026-10-03T15:26:42,Chaos Core,712263,712263,1,,717568
6902,2026-10-03T23:02:33,2026-10-03T15:26:42,Chaos Core,711760,711760,1,,717568
6903,2026-10-03T23:11:44,2026-10-03T15:26:42,Chaos Core,716430,716430,1,,718163
6904,2026-10-03T23:12:28,2026-10-03T15:26:42,Chaos Core,715913,715913,1,,718163
6905,2026-10-03T23:18:25,2026-10-03T15:26:42,Chaos Core,715354,715354,1,,718163
6906,2026-10-03T23:19:08,2026-10-03T15:26:42,Chaos Core,714775,714775,1,,718163
6907,2026-10-03T23:20:11,2026-10-03T15:26:42,Chaos Core,715767,715767,1,,716430
6908,2026-10-03T23:20:59,2026-10-03T15:26:42,Chaos Core,715112,715112,1,,716430
6909,2026-10-03T23:23:40,2026-10-03T15:26:42,Force Core(Highest,194852,389704,2,,379660
6910,2026-10-03T23:26:52,2026-10-03T15:26:42,Yekaterina VIP Membership,113499998,113499998,1,,112766666
6911,2026-10-03T23:28:22,2026-10-03T15:26:42,Chaos Core,714575,714575,1,,715112
6912,2026-10-03T23:29:07,2026-10-03T15:26:42,Chaos Core,713909,713909,1,,715112
6913,2026-10-03T23:32:16,2026-10-03T15:26:42,Chaos Core,714430,714430,1,,715112
6914,2026-10-03T23:33:05,2026-10-03T15:26:42,Chaos Core,713805,713805,1,,715112
6915,2026-10-03T23:39:04,2026-10-03T15:26:42,Chaos Core,714525,714525,1,,715112
6916,2026-10-03T23:39:45,2026-10-03T15:26:42,Chaos Core,713928,713928,1,,715112
6917,2026-10-03T23:46:54,2026-10-03T15:26:42,Chaos Core,711379,711379,1,,712000
6918,2026-10-03T23:47:38,2026-10-03T15:26:42,Chaos Core,711495,711495,1,,712000
6919,2026-10-03T23:50:29,2026-10-03T15:26:42,Chaos Core,711458,711458,1,,713928
6920,2026-10-03T23:51:22,2026-10-03T15:26:42,Chaos Core,710905,710905,1,,713292
6921,2026-10-03T23:53:28,2026-10-03T15:26:42,Force Core(Highest,194847,1948470,10,,1898300
6922,2026-10-03T23:56:54,2026-10-03T15:26:42,Chaos Core,710317,710317,1,,710905
6923,2026-10-03T23:57:38,2026-10-03T15:26:42,Chaos Core,709745,709745,1,,710905
6924,2026-10-03T23:58:36,2026-10-03T15:26:42,Chaos Core,709097,709097,1,,710905
6925,2026-10-03T23:59:20,2026-10-03T15:26:42,Chaos Core,710366,710366,1,,710905
6926,2026-10-04T00:12:35,2026-10-03T15:26:42,Chaos Core,704914,704914,1,,709000
6927,2026-10-04T00:13:19,2026-10-03T15:26:42,Chaos Core,704269,704269,1,,707324
6928,2026-10-04T00:18:58,2026-10-03T15:26:42,Chaos Core,704938,704938,1,,709000
6929,2026-10-04T00:19:42,2026-10-03T15:26:42,Chaos Core,704381,704381,1,,709000
6930,2026-10-04T00:20:39,2026-10-03T15:26:42,Chaos Core,709358,709358,1,,710000
6931,2026-10-04T00:21:31,2026-10-03T15:26:42,Chaos Core,708677,708677,1,,709358
6932,2026-10-04T00:28:16,2026-10-04T00:23:01,Chaos Core,699471,699471,1,,722497
6933,2026-10-04T00:29:02,2026-10-04T00:23:01,Chaos Core,698857,698857,1,,722497
6934,2026-10-04T00:30:23,2026-10-04T00:23:01,Chaos Core,697659,697659,1,,722497
6935,2026-10-04T00:36:06,2026-10-04T00:23:01,Yekaterina VIP Membership,113499998,113499998,1,,112499999
6936,2026-10-04T00:51:29,2026-10-04T00:23:01,Chaos Core,701437,701437,1,,707420
6937,2026-10-04T00:53:00,2026-10-04T00:23:01,Chaos Core Set X 174,722463,125708735,174,,121392666
6938,2026-10-04T00:58:01,2026-10-04T00:23:01,Upgrade Core (Ultimate,559998,58799790,105,,44625000
6939,2026-10-04T00:59:56,2026-10-04T00:23:01,Chaos Core,700926,700926,1,,709358
6940,2026-10-04T01:00:39,2026-10-04T00:23:01,Chaos Core,700288,700288,1,,708060
6941,2026-10-04T01:01:38,2026-10-04T00:23:01,Chaos Core,699619,699619,1,,709358
6942,2026-10-04T01:02:21,2026-10-04T00:23:01,Chaos Core,703158,703158,1,,703839
6943,2026-10-04T01:08:14,2026-10-04T00:23:01,Chaos Core,703191,703191,1,,703839
6944,2026-10-04T01:08:57,2026-10-04T00:23:01,Chaos Core,702628,702628,1,,703839
6945,2026-10-04T01:09:55,2026-10-04T00:23:01,Chaos Core,703171,703171,1,,703839
6946,2026-10-04T01:10:43,2026-10-04T00:23:01,Chaos Core,703334,703334,1,,703839
6947,2026-10-04T01:12:57,2026-10-04T00:23:01,Force Core(Highest,194829,389658,2,,381248
6948,2026-10-04T01:15:51,2026-10-04T00:23:01,Force Core(Highest,194828,194828,1,,190624
6949,2026-10-04T01:16:45,2026-10-04T00:23:01,Force Core (Ultimate,320000,7040000,22,,6855200
6950,2026-10-04T01:19:49,2026-10-04T00:23:01,Force Core (Ultimate,320000,960000,3,,934800
6951,2026-10-04T01:20:08,2026-10-04T00:23:01,Chaos Core,700400,700400,1,,701999
6952,2026-10-04T01:23:49,2026-10-04T00:23:01,Force Core(High,165000,165000,1,,159159
6953,2026-10-04T01:24:07,2026-10-04T00:23:01,Force Core(High,165000,660000,4,,636636
6954,2026-10-04T01:28:52,2026-10-04T00:23:01,Force Core(High,165000,495000,3,,477477
6955,2026-10-04T01:28:58,2026-10-04T00:23:01,Chaos Core,699014,699014,1,,701999
6956,2026-10-04T01:29:57,2026-10-04T00:23:01,Chaos Core,698491,698491,1,,703839
6957,2026-10-04T01:30:46,2026-10-04T00:23:01,Chaos Core,697886,697886,1,,701999
6958,2026-10-04T01:37:04,2026-10-04T00:23:01,Force Core (Ultimate,320000,6400000,20,,6232000
6959,2026-10-04T01:37:23,2026-10-04T00:23:01,Force Core (Ultimate,320000,19200000,60,,18696000
6960,2026-10-04T01:40:14,2026-10-04T00:23:01,Chaos Core,697792,697792,1,,701999
6961,2026-10-04T01:41:53,2026-10-04T00:23:01,Force Core(High,165000,1650000,10,,1591590
6962,2026-10-04T01:46:31,2026-10-04T00:23:01,Siena's Unbinding Stone,97666116,97666116,1,,74999999
6963,2026-10-04T01:51:52,2026-10-04T00:23:01,Force Core (Ultimate,320000,9600000,30,,9348000
6964,2026-10-04T01:55:30,2026-10-04T00:23:01,Chaos Core Set X 249,722296,179851952,249,,173717091
6965,2026-10-04T02:00:57,2026-10-04T00:23:01,Chaos Core Set X 162,722294,117011789,162,,113020758
6966,2026-10-04T02:05:53,2026-10-04T00:23:01,Force Core(High,165000,2805000,17,,2705686
6967,2026-10-04T02:07:56,2026-10-04T00:23:01,Chaos Core,701403,701403,1,,706996
6968,2026-10-04T02:08:31,2026-10-04T00:23:01,Chaos Core,700851,700851,1,,710905
6969,2026-10-04T02:09:19,2026-10-04T00:23:01,Chaos Core,700289,700289,1,,710905
6970,2026-10-04T02:10:11,2026-10-04T00:23:01,Chaos Core,699631,699631,1,,711999
6971,2026-10-04T02:13:29,2026-10-04T00:23:01,Force Core (Ultimate,320000,2240000,7,,2181200
6972,2026-10-04T02:17:19,2026-10-04T00:23:01,Chaos Core,710268,710268,1,,712653
6973,2026-10-04T02:19:49,2026-10-04T00:23:01,Chaos Core Set X 174,722207,125664191,174,,121853940
6974,2026-10-04T02:21:26,2026-10-04T00:23:01,Force Core(High,165000,8250000,50,,7929300
6975,2026-10-04T02:24:41,2026-10-04T00:23:01,Chaos Core,709710,709710,1,,712653
6976,2026-10-04T02:25:13,2026-10-04T00:23:01,Chaos Core,709047,709047,1,,712653
6977,2026-10-04T02:25:59,2026-10-04T00:23:01,Chaos Core,708473,708473,1,,712653
6978,2026-10-04T02:32:03,2026-10-04T00:23:01,Siena's Unbinding Stone,97666116,97666116,1,,74999999
6979,2026-10-04T02:32:53,2026-10-04T00:23:01,Epic Booster (Highest),46889999,140669997,3,,140624997
6980,2026-10-04T02:36:14,2026-10-04T00:23:01,Chaos Core,710372,710372,1,,710958
6981,2026-10-04T02:38:58,2026-10-04T00:23:01,Chaos Core,709703,709703,1,,712653
6982,2026-10-04T02:46:00,2026-10-04T00:23:01,Chaos Core,708551,708551,1,,711572
6983,2026-10-04T02:50:00,2026-10-04T00:23:01,Force Core(High,165000,24750000,150,,23787900
6984,2026-10-04T02:50:38,2026-10-04T00:23:01,Upgrade Core (Ultimate,559943,1119886,2,,941176
6985,2026-10-04T02:58:56,2026-10-04T00:23:01,Yekaterina VIP Membership,112499999,112499999,1,,112499999
6986,2026-10-04T02:59:45,2026-10-04T00:23:01,Chaos Core,706009,706009,1,,712126
6987,2026-10-04T03:01:17,2026-10-04T00:23:01,Force Core(High,165000,16500000,100,,15915900
6988,2026-10-04T03:14:04,2026-10-04T00:23:01,Chaos Core,699822,699822,1,,710958
6989,2026-10-04T03:14:56,2026-10-04T00:23:01,Chaos Core,699254,699254,1,,712126
6990,2026-10-04T03:30:20,2026-10-04T03:25:46,Yekaterina VIP Membership,112499999,112499999,1,,112499999
6991,2026-10-04T03:38:25,2026-10-04T03:25:46,Chaos Core,695116,695116,1,,721954
6992,2026-10-04T03:38:57,2026-10-04T03:25:46,Chaos Core,694428,694428,1,,721954
6993,2026-10-04T03:39:43,2026-10-04T03:25:46,Chaos Core,693833,693833,1,,721954
6994,2026-10-04T03:40:30,2026-10-04T03:25:46,Chaos Core,693214,693214,1,,721954
6995,2026-10-04T03:44:08,2026-10-04T03:25:46,Force Core(High,165000,1320000,8,,1273216
6996,2026-10-04T03:44:12,2026-10-04T03:25:46,Force Core(High,165000,4785000,29,,4615408
6997,2026-10-04T03:47:44,2026-10-04T03:25:46,Chaos Core,695154,695154,1,,695659
6998,2026-10-04T03:48:17,2026-10-04T03:25:46,Chaos Core,694584,694584,1,,695659
6999,2026-10-04T03:50:14,2026-10-04T03:25:46,Chaos Core,694994,694994,1,,695659
7000,2026-10-04T03:50:59,2026-10-04T03:25:46,Chaos Core,695081,695081,1,,695659
7001,2026-10-04T03:51:31,2026-10-04T03:25:46,Force Core(High,165000,1980000,12,,1909824
7002,2026-10-04T03:53:57,2026-10-04T03:25:46,Force Core (Ultimate,320000,6400000,20,,6205880
7003,2026-10-04T03:54:12,2026-10-04T03:25:46,Force Core (Ultimate,320000,22400000,70,,21720580
7004,2026-10-04T03:57:25,2026-10-04T03:25:46,Chaos Core,695133,695133,1,,695659
7005,2026-10-04T03:57:57,2026-10-04T03:25:46,Chaos Core,695049,695049,1,,695659
7006,2026-10-04T03:58:45,2026-10-04T03:25:46,Chaos Core,694406,694406,1,,695049
7007,2026-10-04T03:59:33,2026-10-04T03:25:46,Chaos Core,693784,693784,1,,694406
7008,2026-10-04T04:06:09,2026-10-04T03:25:46,Chaos Core,693498,693498,1,,694000
7009,2026-10-04T04:06:42,2026-10-04T03:25:46,Chaos Core,693353,693353,1,,694000
7010,2026-10-04T04:08:55,2026-10-04T03:25:46,Chaos Core,693309,693309,1,,694000
7011,2026-10-04T04:09:43,2026-10-04T03:25:46,Chaos Core,693381,693381,1,,694000
7012,2026-10-04T04:16:18,2026-10-04T03:25:46,Chaos Core,689358,689358,1,,690000
7013,2026-10-04T04:16:50,2026-10-04T03:25:46,Chaos Core,689430,689430,1,,690000
7014,2026-10-04T04:17:37,2026-10-04T03:25:46,Chaos Core,688748,688748,1,,689999
7015,2026-10-04T04:18:26,2026-10-04T03:25:46,Chaos Core,689362,689362,1,,689999
7016,2026-10-04T04:23:11,2026-10-04T03:25:46,Force Core(High,165000,16500000,100,,15915300
7017,2026-10-04T04:25:05,2026-10-04T03:25:46,Chaos Core,679484,679484,1,,680000
7018,2026-10-04T04:25:37,2026-10-04T03:25:46,Chaos Core,679414,679414,1,,680000
7019,2026-10-04T04:26:26,2026-10-04T03:25:46,Chaos Core,679419,679419,1,,680000
7020,2026-10-04T04:27:13,2026-10-04T03:25:46,Chaos Core,679439,679439,1,,680000
7021,2026-10-04T04:33:47,2026-10-04T03:25:46,Chaos Core,679405,679405,1,,680000
7022,2026-10-04T04:34:19,2026-10-04T03:25:46,Chaos Core,679376,679376,1,,680000
7023,2026-10-04T04:35:07,2026-10-04T03:25:46,Chaos Core,679347,679347,1,,680000
7024,2026-10-04T04:35:55,2026-10-04T03:25:46,Chaos Core,679444,679444,1,,680000
7025,2026-10-04T04:39:27,2026-10-04T03:25:46,Upgrade Core (Ultimate,498966,498966,1,,446866
7026,2026-10-04T04:42:34,2026-10-04T03:25:46,Chaos Core,679329,679329,1,,680000
7027,2026-10-04T04:43:07,2026-10-04T03:25:46,Chaos Core,679333,679333,1,,680000
7028,2026-10-04T04:43:53,2026-10-04T03:25:46,Chaos Core,679434,679434,1,,680000
7029,2026-10-04T04:44:43,2026-10-04T03:25:46,Chaos Core,649476,649476,1,,680000
7030,2026-10-04T04:48:05,2026-10-04T03:25:46,Force Core (Ultimate,320000,1600000,5,,1551470
7031,2026-10-04T04:51:25,2026-10-04T03:25:46,Chaos Core,649348,649348,1,,650000
7032,2026-10-04T04:51:57,2026-10-04T03:25:46,Chaos Core,689420,689420,1,,690000
7033,2026-10-04T04:52:48,2026-10-04T03:25:46,Chaos Core,688761,688761,1,,690000
7034,2026-10-04T04:53:38,2026-10-04T03:25:46,Chaos Core,688145,688145,1,,690000
7035,2026-10-04T05:00:19,2026-10-04T03:25:46,Chaos Core,689327,689327,1,,690000
7036,2026-10-04T05:00:51,2026-10-04T03:25:46,Chaos Core,688664,688664,1,,690000
7037,2026-10-04T05:01:39,2026-10-04T03:25:46,Chaos Core,688018,688018,1,,690000
7038,2026-10-04T05:02:29,2026-10-04T03:25:46,Chaos Core,687516,687516,1,,690000
7039,2026-10-04T05:09:07,2026-10-04T03:25:46,Chaos Core,689303,689303,1,,690000
7040,2026-10-04T05:09:41,2026-10-04T03:25:46,Chaos Core,688674,688674,1,,690000
7041,2026-10-04T05:10:29,2026-10-04T03:25:46,Chaos Core,688137,688137,1,,690000
7042,2026-10-04T05:11:19,2026-10-04T03:25:46,Chaos Core,687526,687526,1,,690000
7043,2026-10-04T05:17:51,2026-10-04T03:25:46,Chaos Core,689473,689473,1,,690000
7044,2026-10-04T05:18:23,2026-10-04T03:25:46,Chaos Core,688937,688937,1,,690000
7045,2026-10-04T05:19:12,2026-10-04T03:25:46,Chaos Core,688300,688300,1,,690000
7046,2026-10-04T05:20:02,2026-10-04T03:25:46,Chaos Core,687710,687710,1,,688937
7047,2026-10-04T05:24:12,2026-10-04T03:25:46,Upgrade Core (Ultimate,498909,10477089,21,,9384186
7048,2026-10-04T05:24:56,2026-10-04T03:25:46,Force Core(High,165000,3300000,20,,3183060
7049,2026-10-04T05:26:11,2026-10-04T03:25:46,Epic Booster (Highest),46889998,46889998,1,,46874999
7050,2026-10-04T05:26:50,2026-10-04T03:25:46,Chaos Core,689374,689374,1,,690000
7051,2026-10-04T05:27:22,2026-10-04T03:25:46,Chaos Core,688702,688702,1,,690000
7052,2026-10-04T05:43:21,2026-10-04T03:25:46,Chaos Core,684365,684365,1,,687488
7053,2026-10-04T05:43:54,2026-10-04T03:25:46,Chaos Core,683840,683840,1,,687488
7054,2026-10-04T05:44:44,2026-10-04T03:25:46,Chaos Core,683221,683221,1,,690000
7055,2026-10-04T05:45:30,2026-10-04T03:25:46,Chaos Core,682597,682597,1,,688162
7056,2026-10-04T05:51:56,2026-10-04T03:25:46,Yekaterina VIP Membership,112499998,112499998,1,,110999999
7057,2026-10-04T05:52:54,2026-10-04T03:25:46,Chaos Core,681500,681500,1,,682597
7058,2026-10-04T05:54:10,2026-10-04T03:25:46,Chaos Core,680912,680912,1,,681471
7059,2026-10-04T06:00:44,2026-10-04T03:25:46,Chaos Core,680907,680907,1,,682597
7060,2026-10-04T06:01:15,2026-10-04T03:25:46,Chaos Core,680339,680339,1,,681471
7061,2026-10-04T06:02:04,2026-10-04T03:25:46,Chaos Core,679734,679734,1,,682012
7062,2026-10-04T06:02:51,2026-10-04T03:25:46,Chaos Core,679647,679647,1,,681471
7063,2026-10-04T06:06:22,2026-10-04T03:25:46,Upgrade Core (Ultimate,487983,7319745,15,,6702990
7064,2026-10-04T06:07:22,2026-10-04T03:25:46,Force Core(High,165000,4950000,30,,4774590
7065,2026-10-04T06:07:37,2026-10-04T03:25:46,Force Core(High,165000,17325000,105,,16711065
7066,2026-10-04T06:11:08,2026-10-04T03:25:46,Chaos Core,680928,680928,1,,681471
7067,2026-10-04T06:11:39,2026-10-04T03:25:46,Chaos Core,680230,680230,1,,681471
7068,2026-10-04T06:12:25,2026-10-04T03:25:46,Chaos Core,680871,680871,1,,681471
7069,2026-10-04T06:13:11,2026-10-04T03:25:46,Chaos Core,680354,680354,1,,681471
7070,2026-10-04T06:19:34,2026-10-04T03:25:46,Chaos Core,699312,699312,1,,700000
7071,2026-10-04T06:20:14,2026-10-04T03:25:46,Chaos Core,699401,699401,1,,700000
7072,2026-10-04T06:21:03,2026-10-04T03:25:46,Chaos Core,699480,699480,1,,700000
7073,2026-10-04T06:21:50,2026-10-04T03:25:46,Chaos Core,699313,699313,1,,700000
7074,2026-10-04T06:31:13,2026-10-04T06:26:00,Chaos Core,713246,713246,1,,690690
7075,2026-10-04T06:35:32,2026-10-04T06:26:00,Chaos Core,712712,712712,1,,690690
7076,2026-10-04T06:36:20,2026-10-04T06:26:00,Chaos Core,713326,713326,1,,690690
7077,2026-10-04T06:37:06,2026-10-04T06:26:00,Chaos Core,718979,718979,1,,719500
7078,2026-10-04T06:41:04,2026-10-04T06:26:00,Upgrade Core (Ultimate,487976,50261528,103,,51551500
7079,2026-10-04T06:43:38,2026-10-04T06:26:00,Chaos Core,718718,718718,1,,719395
7080,2026-10-04T06:44:27,2026-10-04T06:26:00,Chaos Core,718061,718061,1,,718718
7081,2026-10-04T06:45:17,2026-10-04T06:26:00,Chaos Core,717540,717540,1,,718718
7082,2026-10-04T06:51:31,2026-10-04T06:26:00,Chaos Core,718393,718393,1,,720000
7083,2026-10-04T06:52:03,2026-10-04T06:26:00,Chaos Core,717748,717748,1,,719000
7084,2026-10-04T06:52:53,2026-10-04T06:26:00,Chaos Core,717105,717105,1,,719000
7085,2026-10-04T06:53:43,2026-10-04T06:26:00,Chaos Core,716569,716569,1,,719000
7086,2026-10-04T06:57:30,2026-10-04T06:26:00,Upgrade Core (Ultimate,487975,11223425,23,,11511500
7087,2026-10-04T07:02:05,2026-10-04T06:26:00,Chaos Core,717767,717767,1,,719000
7088,2026-10-04T07:03:00,2026-10-04T06:26:00,Chaos Core,717089,717089,1,,719000
7089,2026-10-04T07:03:49,2026-10-04T06:26:00,Chaos Core,716559,716559,1,,717089
7090,2026-10-04T07:08:37,2026-10-04T06:26:00,Force Core(Highest),194602,6421866,33,,6239541
7091,2026-10-04T07:09:49,2026-10-04T06:26:00,Epic Booster (Highest),46889998,46889998,1,,46874999
7092,2026-10-04T07:11:32,2026-10-04T06:26:00,Chaos Core,714714,714714,1,,715912
7093,2026-10-04T07:17:58,2026-10-04T06:26:00,Chaos Core,714151,714151,1,,719000
7094,2026-10-04T07:18:30,2026-10-04T06:26:00,Chaos Core,713506,713506,1,,717089
7095,2026-10-04T07:19:17,2026-10-04T06:26:00,Chaos Core,714063,714063,1,,716538
7096,2026-10-04T07:20:06,2026-10-04T06:26:00,Chaos Core,714152,714152,1,,714714
7097,2026-10-04T07:24:53,2026-10-04T06:26:00,Force Core(Highest,194584,6421272,33,,6239541
7098,2026-10-04T07:31:17,2026-10-04T06:26:00,Force Core(High,165000,4950000,30,,4764210
7099,2026-10-04T07:33:32,2026-10-04T06:26:00,Siena's Unbinding Stone,97666117,97666117,1,,74999999
7100,2026-10-04T07:34:45,2026-10-04T06:26:00,Yekaterina VIP Membership,112499999,112499999,1,,112499999
7101,2026-10-04T07:35:31,2026-10-04T06:26:00,Chaos Core,710251,710251,1,,714000
7102,2026-10-04T07:36:03,2026-10-04T06:26:00,Chaos Core,709731,709731,1,,712498
7103,2026-10-04T07:40:59,2026-10-04T06:26:00,Force Core(High,165000,27555000,167,,26520769
7104,2026-10-04T07:41:25,2026-10-04T06:26:00,Force Core(Highest,194576,40277232,207,,39000042
7105,2026-10-04T07:41:31,2026-10-04T06:26:00,Force Core(Highest,194575,9728750,50,,9453850
7106,2026-10-04T07:41:47,2026-10-04T06:26:00,Force Core(High),165000,29700000,180,,28587780
7107,2026-10-04T07:50:40,2026-10-04T06:26:00,Force Core(Highest,194637,2724918,14,,2647078
7108,2026-10-04T07:57:57,2026-10-04T06:26:00,Force Core(Highest,194637,36007845,185,,34979245
7109,2026-10-04T08:00:11,2026-10-04T06:26:00,Chaos Core,699317,699317,1,,709596
7110,2026-10-04T08:00:44,2026-10-04T06:26:00,Chaos Core,698757,698757,1,,709596
7111,2026-10-04T08:01:32,2026-10-04T06:26:00,Chaos Core,698146,698146,1,,712498
7112,2026-10-04T08:02:21,2026-10-04T06:26:00,Chaos Core,697476,697476,1,,712498
7113,2026-10-04T08:07:10,2026-10-04T06:26:00,Force Core(High,165000,17325000,105,,16676205
7114,2026-10-04T08:08:58,2026-10-04T06:26:00,Chaos Core,702364,702364,1,,703000
7115,2026-10-04T08:09:31,2026-10-04T06:26:00,Chaos Core,701801,701801,1,,703000
7116,2026-10-04T08:10:21,2026-10-04T06:26:00,Chaos Core,701224,701224,1,,703000
7117,2026-10-04T08:11:08,2026-10-04T06:26:00,Chaos Core,700548,700548,1,,703000
7118,2026-10-04T08:19:45,2026-10-04T06:26:00,Yekaterina VIP Membership,112499999,112499999,1,,112499999
7119,2026-10-04T08:21:11,2026-10-04T06:26:00,Chaos Core,702434,702434,1,,703000
7120,2026-10-04T08:21:44,2026-10-04T06:26:00,Chaos Core,701792,701792,1,,703000
7121,2026-10-04T08:22:32,2026-10-04T06:26:00,Chaos Core,702490,702490,1,,703000
7122,2026-10-04T08:23:21,2026-10-04T06:26:00,Chaos Core,701841,701841,1,,703000
7123,2026-10-04T08:29:56,2026-10-04T06:26:00,Chaos Core,700437,700437,1,,701000
7124,2026-10-04T08:30:29,2026-10-04T06:26:00,Chaos Core,699926,699926,1,,701000
7125,2026-10-04T08:31:19,2026-10-04T06:26:00,Chaos Core,699263,699263,1,,701000
7126,2026-10-04T08:32:10,2026-10-04T06:26:00,Chaos Core,698686,698686,1,,701000
7127,2026-10-04T08:36:50,2026-10-04T06:26:00,Force Core(High,165000,1320000,8,,1270568
7128,2026-10-04T08:46:10,2026-10-04T06:26:00,Chaos Core,697891,697891,1,,701000
7129,2026-10-04T08:46:42,2026-10-04T06:26:00,Chaos Core,697307,697307,1,,701000
7130,2026-10-04T08:47:29,2026-10-04T06:26:00,Chaos Core,696780,696780,1,,701000
7131,2026-10-04T08:48:18,2026-10-04T06:26:00,Chaos Core,696229,696229,1,,700000
7132,2026-10-04T08:48:51,2026-10-04T06:26:00,Chaos Core Set X 210,715000,150150000,210,,150050250
7133,2026-10-04T08:49:19,2026-10-04T06:26:00,Chaos Core Set X 213,715000,152295000,213,,152193825
7134,2026-10-04T08:52:26,2026-10-04T06:26:00,Force Core(High,165000,3795000,23,,3652561
7135,2026-10-04T08:56:34,2026-10-04T06:26:00,Epic Booster (Highest),46889998,93779996,2,,93749998
7136,2026-10-04T09:02:55,2026-10-04T06:26:00,Chaos Core Set X 177,715000,126555000,177,,126470925
7137,2026-10-04T09:04:22,2026-10-04T06:26:00,Upgrade Core (Ultimate),479306,46013376,96,,42899136
7138,2026-10-04T09:06:08,2026-10-04T06:26:00,Chaos Core,698146,698146,1,,701000
7139,2026-10-04T09:06:40,2026-10-04T06:26:00,Chaos Core,697504,697504,1,,700486
7140,2026-10-04T09:07:14,2026-10-04T06:26:00,Chaos Core Set X 186,715000,132990000,186,,132901650
7141,2026-10-04T09:07:25,2026-10-04T06:26:00,Chaos Core,696843,696843,1,,700486
7142,2026-10-04T09:08:16,2026-10-04T06:26:00,Chaos Core,696182,696182,1,,699315
7143,2026-10-04T09:42:02,2026-10-04T09:22:25,Chaos Core Set X 100,721800,72180000,100,,71471400
7144,2026-10-04T09:43:37,2026-10-04T09:22:25,Chaos Core Set X 100,721800,72180000,100,,71471400
7145,2026-10-04T09:45:01,2026-10-04T09:22:25,Chaos Core Set X 100,721800,72180000,100,,71471400
7146,2026-10-04T09:47:14,2026-10-04T09:22:25,Chaos Core Set X 100,721800,72180000,100,,71471400
7147,2026-10-04T09:48:38,2026-10-04T09:22:25,Chaos Core Set X 59,721800,42586200,59,,42168126
7148,2026-10-04T09:48:58,2026-10-04T09:22:25,Chaos Core,714050,714050,1,,714714
7149,2026-10-04T09:49:35,2026-10-04T09:22:25,Chaos Core Set,721799,216539999,300,,214230000
7150,2026-10-04T09:49:46,2026-10-04T09:22:25,Chaos Core Set,722972,123628382,171,,122077413
7151,2026-10-04T09:49:56,2026-10-04T09:22:25,Chaos Core Set,722971,138810623,192,,137203200
7152,2026-10-04T09:50:07,2026-10-04T09:22:25,Chaos Core Set,722970,180019778,249,,178035000
7153,2026-10-04T09:54:25,2026-10-04T09:22:25,Chaos Core Set,722972,182189195,252,,180180000
7154,2026-10-04T09:54:49,2026-10-04T09:22:25,Chaos Core Set,722971,229905095,318,,228028578
7155,2026-10-04T09:55:14,2026-10-04T09:22:25,Chaos Core Set,722970,108445649,150,,107566350
7156,2026-10-04T09:55:25,2026-10-04T09:22:25,Chaos Core,719378,719378,1,,720000
7157,2026-10-04T09:57:40,2026-10-04T09:22:25,Chaos Core,719474,719474,1,,720000
7158,2026-10-04T10:00:01,2026-10-04T09:22:25,Blessing Bead - Superior,163437999,163437999,1,,163437999
7159,2026-10-04T10:02:23,2026-10-04T09:22:25,Chaos Core Set X 156,722972,112783787,156,,111540000
7160,2026-10-04T10:02:47,2026-10-04T09:22:25,Chaos Core,718888,718888,1,,719500
7161,2026-10-04T10:04:24,2026-10-04T09:22:25,Force Core(High,165000,1650000,10,,1591580
7162,2026-10-04T10:04:58,2026-10-04T09:22:25,Force Core(High,165000,1650000,10,,1591580
7163,2026-10-04T10:05:12,2026-10-04T09:22:25,Chaos Core,718295,718295,1,,718888
7164,2026-10-04T10:05:44,2026-10-04T09:22:25,Chaos Core,718313,718313,1,,718888
7165,2026-10-04T10:08:48,2026-10-04T09:22:25,Chaos Core Set X 84,723105,60740903,84,,60035976
7166,2026-10-04T10:08:58,2026-10-04T09:22:25,Chaos Core,718325,718325,1,,718888
7167,2026-10-04T10:12:24,2026-10-04T09:22:25,Chaos Core,718314,718314,1,,718888
7168,2026-10-04T10:13:07,2026-10-04T09:22:25,Chaos Core,717577,717577,1,,718888
7169,2026-10-04T10:15:54,2026-10-04T09:22:25,Epic Booster (Highest),46999999,187999996,4,,186999996
7170,2026-10-04T10:29:56,2026-10-04T09:22:25,Chaos Core,717591,717591,1,,718265
7171,2026-10-04T10:33:48,2026-10-04T09:22:25,Chaos Core,717712,717712,1,,718260
7172,2026-10-04T10:34:21,2026-10-04T09:22:25,Chaos Core,717046,717046,1,,718888
7173,2026-10-04T10:34:54,2026-10-04T09:22:25,Chaos Core,716499,716499,1,,718260
7174,2026-10-04T10:37:04,2026-10-04T09:22:25,Upgrade Core (Ultimate),474999,35624925,75,,33750000
7175,2026-10-04T10:37:08,2026-10-04T09:22:25,Chaos Core Set,735522,191971502,261,,187466904
7176,2026-10-04T10:43:25,2026-10-04T09:22:25,Epic Booster (Highest),46999999,46999999,1,,46749999
7177,2026-10-04T10:44:10,2026-10-04T09:22:25,Chaos Core,719307,719307,1,,720000
7178,2026-10-04T10:46:28,2026-10-04T09:22:25,Chaos Core,719491,719491,1,,720000
7179,2026-10-04T10:47:00,2026-10-04T09:22:25,Chaos Core,719471,719471,1,,720000
7180,2026-10-04T10:48:25,2026-10-04T09:22:25,Chaos Core Set X 189,735511,139011767,189,,135788184
7181,2026-10-04T10:51:25,2026-10-04T09:22:25,Chaos Core Set X 261,735510,191968370,261,,187912953
7182,2026-10-04T10:53:28,2026-10-04T09:22:25,Chaos Core Set X 264,735509,194174639,264,,190080000
7183,2026-10-04T10:56:19,2026-10-04T09:22:25,Chaos Core Set X 255,735508,187554794,255,,183600000
7184,2026-10-04T10:56:30,2026-10-04T09:22:25,Chaos Core Set X 201,735507,147837107,201,,144720000
7185,2026-10-04T10:56:40,2026-10-04T09:22:25,Chaos Core Set X 234,735506,172108637,234,,168480000
7186,2026-10-04T10:58:18,2026-10-04T09:22:25,Chaos Core Set X 279,735505,205206173,279,,200880000
7187,2026-10-04T11:00:13,2026-10-04T09:22:25,Chaos Core Set X 246,735504,180934229,246,,177061698
7188,2026-10-04T11:07:11,2026-10-04T09:22:25,Chaos Core,718751,718751,1,,720000
7189,2026-10-04T11:08:06,2026-10-04T09:22:25,Force Core (Ultimate,320000,14080000,44,,13357124
7190,2026-10-04T11:12:51,2026-10-04T09:22:25,Force Core(High,165000,12705000,77,,12255166
7191,2026-10-04T11:13:06,2026-10-04T09:22:25,Chaos Core,718232,718232,1,,718751
7192,2026-10-04T11:13:38,2026-10-04T09:22:25,Chaos Core,717687,717687,1,,718751
7193,2026-10-04T11:14:10,2026-10-04T09:22:25,Chaos Core,717106,717106,1,,720000
7194,2026-10-04T11:14:49,2026-10-04T09:22:25,Chaos Core Set X 318,735503,233890271,318,,228910074
7195,2026-10-04T11:15:00,2026-10-04T09:22:25,Chaos Core Set X 192,735502,141216575,192,,137906496
7196,2026-10-04T11:15:11,2026-10-04T09:22:25,Chaos Core Set,735515,183143483,249,,178924179
7197,2026-10-04T11:16:57,2026-10-04T09:22:25,Chaos Core Set,735514,110327249,150,,107988450
7198,2026-10-04T11:18:34,2026-10-04T09:22:25,Chaos Core Set,735513,200795321,273,,196210014
7199,2026-10-04T11:20:05,2026-10-04T09:22:25,Chaos Core Set,735512,233893133,318,,228960000
7200,2026-10-04T11:22:17,2026-10-04T09:22:25,Chaos Core Set,735511,172109807,234,,168480000
7201,2026-10-04T11:24:44,2026-10-04T09:22:25,Chaos Core Set,735510,150044243,204,,146880000
7202,2026-10-04T11:24:55,2026-10-04T09:22:25,Upgrade Core (Ultimate),474999,23749950,50,,22343300
7203,2026-10-04T11:25:11,2026-10-04T09:22:25,Chaos Core Set,735515,114740495,156,,112030152
7204,2026-10-04T11:29:46,2026-10-04T09:22:25,Epic Booster (Highest),46899999,140699997,3,,140249997
7205,2026-10-04T11:32:29,2026-10-04T09:22:25,Chaos Core,709315,709315,1,,710000
7206,2026-10-04T11:33:43,2026-10-04T09:22:25,Force Core(Highest,191998,191998,1,,191351
7207,2026-10-04T11:34:39,2026-10-04T09:22:25,Chaos Core,719331,719331,1,,720000
7208,2026-10-04T11:35:11,2026-10-04T09:22:25,Chaos Core,717377,717377,1,,718000
7209,2026-10-04T11:35:44,2026-10-04T09:22:25,Chaos Core,714300,714300,1,,718000
7210,2026-10-04T11:37:19,2026-10-04T09:22:25,Chaos Core Set,744817,203335313,273,,196303653
7211,2026-10-04T11:39:08,2026-10-04T09:22:25,Upgrade Core (Ultimate,474999,39424917,83,,37089878
7212,2026-10-04T11:50:00,2026-10-04T09:22:25,Epic Booster (Highest),46899999,187599996,4,,187222220
7213,2026-10-04T11:55:12,2026-10-04T09:22:25,Chaos Core,720622,720622,1,,724363
7214,2026-10-04T11:55:45,2026-10-04T09:22:25,Chaos Core,720008,720008,1,,724363
7215,2026-10-04T12:02:37,2026-10-04T09:22:25,Chaos Core,717659,717659,1,,718299
7216,2026-10-04T12:04:12,2026-10-04T09:22:25,Chaos Core Set X 249,739989,184257509,249,,179280000
7217,2026-10-04T12:06:10,2026-10-04T09:22:25,Chaos Core Set X 318,739988,235316501,318,,228906576
7218,2026-10-04T12:08:48,2026-10-04T09:22:25,Force Core(Highest,191989,43581503,227,,41995000
7219,2026-10-04T12:08:53,2026-10-04T09:22:25,Force Core(Highest,191988,47997000,250,,46358500
7220,2026-10-04T12:08:58,2026-10-04T09:22:25,Force Core(Highest,191987,4415701,23,,4264982
7221,2026-10-04T12:10:29,2026-10-04T09:22:25,Force Core (Ultimate,320000,6400000,20,,5698120
7222,2026-10-04T12:11:07,2026-10-04T09:22:25,Upgrade Core (Ultimate,564893,28244650,50,,25025000
7223,2026-10-04T12:14:31,2026-10-04T09:22:25,Force Core(High,165000,15180000,92,,14642536
7224,2026-10-04T12:14:46,2026-10-04T09:22:25,Force Core(High,165000,6930000,42,,6684636
7225,2026-10-04T12:16:43,2026-10-04T09:22:25,Chaos Core Set,739982,186475715,252,,180808992
7226,2026-10-04T12:21:08,2026-10-04T09:22:25,Upgrade Core (Ultimate,564890,39542300,70,,35035000
7227,2026-10-04T12:36:05,2026-10-04T09:22:25,Force Core(High,165000,3135000,19,,3024002
7228,2026-10-04T12:36:10,2026-10-04T09:22:25,Force Core(High,165000,1650000,10,,1591580
7229,2026-10-04T12:36:46,2026-10-04T09:22:25,Chaos Core,712076,712076,1,,724363
7230,2026-10-04T12:37:16,2026-10-04T09:22:25,Chaos Core,711423,711423,1,,719434
7231,2026-10-04T12:37:52,2026-10-04T09:22:25,Chaos Core,710842,710842,1,,718000
7232,2026-10-04T12:47:07,2026-10-04T09:22:25,Force Core(High,165000,8910000,54,,8594532
7233,2026-10-04T12:50:25,2026-10-04T09:22:25,Upgrade Core (Ultimate,534890,26744500,50,,25025000
7234,2026-10-04T12:51:03,2026-10-04T09:22:25,Force Core(High),165000,4950000,30,,4774740
7235,2026-10-04T12:52:54,2026-10-04T09:22:25,Chaos Core,709506,709506,1,,724999
7236,2026-10-04T12:54:11,2026-10-04T09:22:25,Force Core(High,165000,1650000,10,,1591580
7237,2026-10-04T12:54:25,2026-10-04T09:22:25,Chaos Core,708932,708932,1,,712500
7238,2026-10-04T12:54:58,2026-10-04T09:22:25,Chaos Core,708307,708307,1,,712500
7239,2026-10-04T12:55:34,2026-10-04T09:22:25,Chaos Core,707772,707772,1,,712500
7240,2026-10-04T12:57:36,2026-10-04T09:22:25,Force Core(Highest,191109,1911090,10,,1854340
7241,2026-10-04T12:58:33,2026-10-04T09:22:25,Upgrade Core (Ultimate,524891,100254181,191,,95595500
7242,2026-10-04T12:58:48,2026-10-04T09:22:25,Upgrade Core (Ultimate,524890,6298680,12,,6006000
7243,2026-10-04T13:02:46,2026-10-04T09:22:25,Chaos Core,704419,704419,1,,710030
7244,2026-10-04T13:04:45,2026-10-04T09:22:25,Force Core(Highest,191108,1911080,10,,1854340
7245,2026-10-04T13:05:29,2026-10-04T09:22:25,Upgrade Core (Ultimate,514892,14931868,29,,14514500
7246,2026-10-04T13:11:25,2026-10-04T09:22:25,Force Core(High,165000,5940000,36,,5729688
7247,2026-10-04T13:14:42,2026-10-04T09:22:25,Upgrade Core (Ultimate,504890,4544010,9,,4504500
7248,2026-10-04T13:16:31,2026-10-04T09:22:25,Epic Booster (Highest),46899997,93799994,2,,93499998
7249,2026-10-04T13:17:58,2026-10-04T09:22:25,Force Core(High,165000,3300000,20,,3183160
7250,2026-10-04T13:18:13,2026-10-04T09:22:25,Force Core(High,165000,9570000,58,,9231164
7251,2026-10-04T13:21:32,2026-10-04T09:22:25,Chaos Core,700862,700862,1,,710030
7252,2026-10-04T13:22:18,2026-10-04T09:22:25,Chaos Core,700297,700297,1,,704499
7253,2026-10-04T13:24:26,2026-10-04T09:22:25,Force Core(Highest,191108,3439944,18,,3337812
7254,2026-10-04T13:26:00,2026-10-04T09:22:25,Force Core(High,165000,3960000,24,,3819792
7255,2026-10-04T13:26:15,2026-10-04T09:22:25,Force Core(High,165000,1320000,8,,1273264
7256,2026-10-04T13:29:50,2026-10-04T09:22:25,Yekaterina VIP Membership,112489999,112489999,1,,112199999
7257,2026-10-04T13:30:31,2026-10-04T09:22:25,Chaos Core,700170,700170,1,,710030
7258,2026-10-04T13:33:10,2026-10-04T09:22:25,Chaos Core Set X 231,739898,170916668,231,,165003300
7259,2026-10-04T13:35:15,2026-10-04T09:22:25,Chaos Core Set X 225,739897,166477049,225,,160817850
7260,2026-10-04T13:40:49,2026-10-04T09:22:25,Chaos Core,700355,700355,1,,710030
7261,2026-10-04T13:42:17,2026-10-04T09:22:25,Chaos Core,700341,700341,1,,710030
7262,2026-10-04T13:42:47,2026-10-04T09:22:25,Chaos Core,699714,699714,1,,718000
7263,2026-10-04T13:43:20,2026-10-04T09:22:25,Chaos Core,699140,699140,1,,718000
7264,2026-10-04T13:48:26,2026-10-04T09:22:25,Yekaterina VIP Membership,112489999,112489999,1,,112199999
7265,2026-10-04T13:53:25,2026-10-04T09:22:25,Force Core(High,165000,11550000,70,,11141060
7266,2026-10-04T13:57:13,2026-10-04T09:22:25,Force Core(High,165000,1650000,10,,1591580
7267,2026-10-04T13:58:01,2026-10-04T09:22:25,Chaos Core,713686,713686,1,,717756
7268,2026-10-04T14:09:02,2026-10-04T09:22:25,Force Core(High,165000,20295000,123,,19576434
7269,2026-10-04T14:11:51,2026-10-04T09:22:25,Force Core(High,165000,4950000,30,,4774740
7270,2026-10-04T14:15:20,2026-10-04T09:22:25,Upgrade Core (Ultimate,504875,4543875,9,,4504500
7271,2026-10-04T14:17:43,2026-10-04T09:22:25,Chaos Core,704987,704987,1,,718299
7272,2026-10-04T14:19:13,2026-10-04T09:22:25,Chaos Core,704378,704378,1,,717756
7273,2026-10-04T14:19:47,2026-10-04T09:22:25,Chaos Core,703773,703773,1,,717756
7274,2026-10-04T14:20:21,2026-10-04T09:22:25,Chaos Core,703173,703173,1,,712247
7275,2026-10-04T14:23:22,2026-10-04T09:22:25,Upgrade Core (Ultimate,504873,3029238,6,,3003000
7276,2026-10-04T14:25:45,2026-10-04T09:22:25,Chaos Core,702582,702582,1,,704987
7277,2026-10-04T14:26:55,2026-10-04T09:22:25,Force Core(High,165000,1650000,10,,1591580
7278,2026-10-04T14:32:42,2026-10-04T09:22:25,Chaos Core,700715,700715,1,,701406
7279,2026-10-04T14:34:14,2026-10-04T09:22:25,Chaos Core,700137,700137,1,,704987
7280,2026-10-04T14:34:47,2026-10-04T09:22:25,Chaos Core,699475,699475,1,,704987
7281,2026-10-04T14:35:24,2026-10-04T09:22:25,Chaos Core,698907,698907,1,,704987
7282,2026-10-04T14:38:49,2026-10-04T09:22:25,Force Core(High,165000,1650000,10,,1591580
7283,2026-10-04T14:44:01,2026-10-04T09:22:25,Force Core(Highest,185434,27073364,146,,27073364
7284,2026-10-04T14:49:20,2026-10-04T09:22:25,Chaos Core,695145,695145,1,,700000
7285,2026-10-04T14:56:08,2026-10-04T09:22:25,Chaos Core,694319,694319,1,,700000
7286,2026-10-04T14:56:46,2026-10-04T09:22:25,Chaos Core,693731,693731,1,,700000
7287,2026-10-04T14:57:21,2026-10-04T09:22:25,Chaos Core,693095,693095,1,,694998
7288,2026-10-04T15:03:03,2026-10-04T09:22:25,Chaos Core,694375,694375,1,,700000
7289,2026-10-04T15:04:38,2026-10-04T09:22:25,Chaos Core,693847,693847,1,,694997
7290,2026-10-04T15:05:09,2026-10-04T09:22:25,Chaos Core,693265,693265,1,,694997
7291,2026-10-04T15:05:42,2026-10-04T09:22:25,Chaos Core,692676,692676,1,,694997
7292,2026-10-04T15:08:01,2026-10-04T09:22:25,Force Core (Ultimate,320000,51520000,161,,45869866
7293,2026-10-04T15:12:41,2026-10-04T09:22:25,Chaos Core,703813,703813,1,,704465
7294,2026-10-04T15:13:18,2026-10-04T09:22:25,Chaos Core,703233,703233,1,,704465
7295,2026-10-04T15:13:56,2026-10-04T09:22:25,Chaos Core,702594,702594,1,,704465
7296,2026-10-04T15:21:56,2026-10-04T09:22:25,Chaos Core,703791,703791,1,,704987
7297,2026-10-04T15:23:28,2026-10-04T09:22:25,Chaos Core,703928,703928,1,,705555
7298,2026-10-04T15:23:58,2026-10-04T09:22:25,Chaos Core,703335,703335,1,,705555
7299,2026-10-04T15:25:43,2026-10-04T09:22:25,Chaos Core,706110,706110,1,,708000
7300,2026-10-04T15:26:15,2026-10-04T09:22:25,Chaos Core,702734,702734,1,,705555
7301,2026-10-04T15:28:41,2026-10-04T09:22:25,Force Core (Ultimate,320000,3200000,10,,2849060
7302,2026-10-04T15:29:51,2026-10-04T09:22:25,Force Core(High,165000,3795000,23,,3660634
7303,2026-10-04T15:36:36,2026-10-04T09:22:25,Chaos Core,707377,707377,1,,708000
7304,2026-10-04T15:37:45,2026-10-04T09:22:25,Force Core(High,165000,1815000,11,,1750738
7305,2026-10-04T15:38:13,2026-10-04T09:22:25,Chaos Core,706767,706767,1,,707377
7306,2026-10-04T15:44:08,2026-10-04T09:22:25,Chaos Core,699443,699443,1,,700000
7307,2026-10-04T15:45:17,2026-10-04T09:22:25,Force Core(High,165000,165000,1,,159158
7308,2026-10-04T15:45:39,2026-10-04T09:22:25,Chaos Core,699410,699410,1,,700000
7309,2026-10-04T15:46:11,2026-10-04T09:22:25,Chaos Core,698775,698775,1,,708000
7310,2026-10-04T15:46:44,2026-10-04T09:22:25,Chaos Core,698133,698133,1,,708000
7311,2026-10-04T15:50:57,2026-10-04T09:22:25,Force Core(High,165000,495000,3,,461310
7312,2026-10-04T15:53:33,2026-10-04T09:22:25,Chaos Core,697439,697439,1,,698133
7313,2026-10-04T15:54:57,2026-10-04T09:22:25,Chaos Core,696873,696873,1,,697439
7314,2026-10-04T15:55:30,2026-10-04T09:22:25,Chaos Core,696282,696282,1,,697439
7315,2026-10-04T15:56:05,2026-10-04T09:22:25,Chaos Core,695686,695686,1,,698133
7316,2026-10-04T16:00:04,2026-10-04T09:22:25,Yekaterina VIP Membership,112499898,112499898,1,,112233333
7317,2026-10-04T16:07:57,2026-10-04T09:22:25,Force Core(High,165000,1155000,7,,1114099
7318,2026-10-04T16:09:38,2026-10-04T09:22:25,Chaos Core,695251,695251,1,,698133
7319,2026-10-04T16:11:03,2026-10-04T09:22:25,Chaos Core,694655,694655,1,,698133
7320,2026-10-04T16:11:34,2026-10-04T09:22:25,Chaos Core,694026,694026,1,,698133
7321,2026-10-04T16:12:09,2026-10-04T09:22:25,Chaos Core,693372,693372,1,,698133
7322,2026-10-04T16:18:05,2026-10-04T09:22:25,Chaos Core,697552,697552,1,,698133
7323,2026-10-04T16:19:33,2026-10-04T09:22:25,Chaos Core,697621,697621,1,,698133
7324,2026-10-04T16:20:20,2026-10-04T09:22:25,Chaos Core,696454,696454,1,,698133
7325,2026-10-04T16:26:26,2026-10-04T09:22:25,Chaos Core,695785,695785,1,,698133
7326,2026-10-04T16:27:52,2026-10-04T09:22:25,Chaos Core,695121,695121,1,,700000
7327,2026-10-04T16:29:50,2026-10-04T09:22:25,Chaos Core,694590,694590,1,,698133
7328,2026-10-04T16:30:22,2026-10-04T09:22:25,Chaos Core,707492,707492,1,,707999
7329,2026-10-04T16:47:51,2026-10-04T16:40:45,Chaos Core,717438,717438,1,,715000
7330,2026-10-04T16:49:23,2026-10-04T16:40:45,Chaos Core,717309,717309,1,,715000
7331,2026-10-04T16:50:07,2026-10-04T16:40:45,Chaos Core,716149,716149,1,,715000
7332,2026-10-04T16:56:18,2026-10-04T16:40:45,Chaos Core Set,715000,32175000,45,,31763745
7333,2026-10-04T16:57:10,2026-10-04T16:40:45,Yekaterina VIP Membership,112499898,112499898,1,,112233299
7334,2026-10-04T16:59:49,2026-10-04T16:40:45,Chaos Core,718812,718812,1,,719322
7335,2026-10-04T17:01:18,2026-10-04T16:40:45,Chaos Core,718262,718262,1,,719322
7336,2026-10-04T17:01:51,2026-10-04T16:40:45,Chaos Core,717571,717571,1,,720000
7337,2026-10-04T17:02:24,2026-10-04T16:40:45,Chaos Core,704894,704894,1,,705555
7338,2026-10-04T17:07:03,2026-10-04T16:40:45,Chaos Core,718388,718388,1,,719000
7339,2026-10-04T17:08:40,2026-10-04T16:40:45,Chaos Core,717855,717855,1,,718388
7340,2026-10-04T17:09:14,2026-10-04T16:40:45,Chaos Core,717207,717207,1,,718388
7341,2026-10-04T17:09:48,2026-10-04T16:40:45,Chaos Core,717351,717351,1,,717855
7342,2026-10-04T17:17:08,2026-10-04T16:40:45,Chaos Core,715444,715444,1,,716606
7343,2026-10-04T17:24:53,2026-10-04T16:40:45,Chaos Core,713549,713549,1,,716050
7344,2026-10-04T17:29:44,2026-10-04T16:40:45,Chaos Core,713530,713530,1,,717855
7345,2026-10-04T17:39:46,2026-10-04T16:40:45,Chaos Core,709655,709655,1,,717855
7346,2026-10-04T17:40:19,2026-10-04T16:40:45,Chaos Core,708971,708971,1,,712906
7347,2026-10-04T17:47:03,2026-10-04T16:40:45,Chaos Core,708398,708398,1,,711684
7348,2026-10-04T17:50:49,2026-10-04T16:40:45,Chaos Core Set X 237,715000,169455000,237,,167088792
7349,2026-10-04T17:54:24,2026-10-04T16:40:45,Chaos Core Set X 201,715000,143715000,201,,142505985
7350,2026-10-04T17:58:06,2026-10-04T17:56:50,Chaos Core Set X 90,715000,64350000,90,,64800000
7351,2026-10-04T17:58:10,2026-10-04T17:56:50,Chaos Core Set X 90,715000,64350000,90,,64800000
7352,2026-10-04T17:58:15,2026-10-04T17:56:50,Chaos Core,699454,699454,1,,715000
7353,2026-10-04T17:58:19,2026-10-04T17:56:50,Chaos Core,698879,698879,1,,715000
7354,2026-10-04T17:58:24,2026-10-04T17:56:50,Chaos Core,698299,698299,1,,715000
7355,2026-10-04T17:58:29,2026-10-04T17:56:50,Chaos Core Set X 90,715000,64350000,90,,64800000
7356,2026-10-04T17:58:34,2026-10-04T17:56:50,Chaos Core Set X 81,715000,57915000,81,,58320000
7357,2026-10-04T17:58:41,2026-10-04T17:56:50,Force Core(High,165000,990000,6,,954942
7358,2026-10-04T17:58:54,2026-10-04T17:56:50,Force Core(High,165000,1980000,12,,1909884
7359,2026-10-04T17:59:04,2026-10-04T17:56:50,Force Core(High,165000,165000,1,,159157
7360,2026-10-04T17:59:09,2026-10-04T17:56:50,Chaos Core Set X 42,715000,30030000,42,,30240000
7361,2026-10-04T18:26:11,2026-10-04T18:14:07,Upgrade Core (Ultimate,504761,3533327,7,,3172113
7362,2026-10-04T18:35:59,2026-10-04T18:14:07,Chaos Core,702106,702106,1,,704370
7363,2026-10-04T18:36:44,2026-10-04T18:14:07,Force Core(High,165000,990000,6,,933408
7364,2026-10-04T18:38:04,2026-10-04T18:14:07,Chaos Core Set X 36,729068,26246483,36,,25477632
7365,2026-10-04T18:39:11,2026-10-04T18:14:07,Force Core(High,165000,1320000,8,,1244544
7366,2026-10-04T18:39:16,2026-10-04T18:14:07,Chaos Core Set X 45,729067,32808059,45,,31696650
7367,2026-10-04T18:42:47,2026-10-04T18:14:07,Chaos Core,701388,701388,1,,729075
7368,2026-10-04T18:44:24,2026-10-04T18:14:07,Chaos Core,700793,700793,1,,729075
7369,2026-10-04T18:45:20,2026-10-04T18:14:07,Force Core(High,165000,1320000,8,,1244544
7370,2026-10-04T18:45:34,2026-10-04T18:14:07,Chaos Core,700272,700272,1,,701388
7371,2026-10-04T18:48:03,2026-10-04T18:14:07,Chaos Core,699609,699609,1,,703740
7372,2026-10-04T18:50:58,2026-10-04T18:14:07,Chaos Core,700270,700270,1,,700793
7373,2026-10-04T18:53:55,2026-10-04T18:14:07,Upgrade Core (Ultimate,504752,33818384,67,,30361653
7374,2026-10-04T19:03:37,2026-10-04T18:14:07,Chaos Core,696053,696053,1,,700793
7375,2026-10-04T19:06:36,2026-10-04T18:14:07,Chaos Core,695550,695550,1,,698501
7376,2026-10-04T19:08:18,2026-10-04T18:14:07,Chaos Core,694911,694911,1,,700793
7377,2026-10-04T19:09:30,2026-10-04T18:14:07,Chaos Core,694326,694326,1,,700793
7378,2026-10-04T19:15:09,2026-10-04T18:14:07,Chaos Core,697276,697276,1,,700793
7379,2026-10-04T19:16:57,2026-10-04T18:14:07,Chaos Core,696605,696605,1,,718388
7380,2026-10-04T19:18:36,2026-10-04T18:14:07,Upgrade Core (Ultimate,504438,34301784,68,,30814812
7381,2026-10-04T19:22:57,2026-10-04T18:14:07,Force Core(High,165000,165000,1,,155560
7382,2026-10-04T19:23:17,2026-10-04T18:14:07,Force Core(High,165000,1320000,8,,1244480
7383,2026-10-04T19:23:22,2026-10-04T18:14:07,Chaos Core Set X 48,729028,34993391,48,,33528048
7384,2026-10-04T19:23:50,2026-10-04T18:14:07,Force Core(High,165000,330000,2,,311120
7385,2026-10-04T19:28:02,2026-10-04T18:14:07,Chaos Core Set X 195,729027,142160459,195,,137352150
7386,2026-10-04T19:29:50,2026-10-04T18:14:07,Chaos Core Set X 270,729025,196837019,270,,190179900
7387,2026-10-04T19:30:12,2026-10-04T18:14:07,Chaos Core Set X 210,729024,153095249,210,,147917700
7388,2026-10-04T19:32:46,2026-10-04T18:14:07,Chaos Core,694715,694715,1,,720000
7389,2026-10-04T19:35:23,2026-10-04T18:14:07,Chaos Core Set X 210,729023,153095039,210,,147917700
7390,2026-10-04T19:38:10,2026-10-04T18:14:07,Chaos Core,694191,694191,1,,698501
7391,2026-10-04T19:39:03,2026-10-04T18:14:07,Chaos Core,693643,693643,1,,719322
7392,2026-10-04T19:39:48,2026-10-04T18:14:07,Chaos Core,693005,693005,1,,725654
7393,2026-10-04T19:44:16,2026-10-04T18:14:07,Upgrade Core (Ultimate,504433,12610825,25,,11328975
7394,2026-10-04T19:44:41,2026-10-04T18:14:07,Upgrade Core (Ultimate,504432,19672848,39,,17673201
7395,2026-10-04T19:50:29,2026-10-04T18:14:07,Force Core(High,165000,1650000,10,,1555600
7396,2026-10-04T19:51:21,2026-10-04T18:14:07,Force Core(High,165000,3300000,20,,3183180
7397,2026-10-04T19:55:18,2026-10-04T18:14:07,Chaos Core,717189,717189,1,,720000
7398,2026-10-04T19:56:42,2026-10-04T18:14:07,Chaos Core Set X 18,729007,13122143,18,,13019706
7399,2026-10-04T19:57:33,2026-10-04T18:14:07,Chaos Core Set X 48,729004,34992239,48,,33638064
7400,2026-10-04T19:57:56,2026-10-04T18:14:07,Chaos Core,716522,716522,1,,719430
7401,2026-10-04T19:58:52,2026-10-04T18:14:07,Chaos Core,715979,715979,1,,719430
7402,2026-10-04T19:59:34,2026-10-04T18:14:07,Chaos Core,715323,715323,1,,719430
7403,2026-10-04T20:00:43,2026-10-04T18:14:07,Force Core(High,165000,495000,3,,477477
7404,2026-10-04T20:00:47,2026-10-04T18:14:07,Chaos Core Set X 234,729003,170586935,234,,168480000
7405,2026-10-04T20:01:15,2026-10-04T18:14:07,Force Core(High),165000,2805000,17,,2705703
7406,2026-10-04T20:06:40,2026-10-04T18:14:07,Chaos Core Set X 249,729001,181521497,249,,179280000
7407,2026-10-04T20:07:07,2026-10-04T18:14:07,Chaos Core Set X 249,729000,181521248,249,,179280000
7408,2026-10-04T20:09:14,2026-10-04T18:14:07,Chaos Core Set X 219,728999,159650999,219,,157555170
7409,2026-10-04T20:11:44,2026-10-04T18:14:07,Chaos Core,718695,718695,1,,725599
7410,2026-10-04T20:12:33,2026-10-04T18:14:07,Chaos Core,718117,718117,1,,725599
7411,2026-10-04T20:13:12,2026-10-04T18:14:07,Chaos Core,717548,717548,1,,725599
7412,2026-10-04T20:14:23,2026-10-04T18:14:07,Force Core(High),165000,7425000,45,,7162155
7413,2026-10-04T20:17:39,2026-10-04T18:14:07,Chaos Core Set X 18,728996,13121945,18,,12993930
7414,2026-10-04T20:18:02,2026-10-04T18:14:07,Chaos Core,716981,716981,1,,720000
7415,2026-10-04T20:19:13,2026-10-04T18:14:07,Chaos Core Set X 45,728994,32804774,45,,32380650
7416,2026-10-04T20:19:36,2026-10-04T18:14:07,Chaos Core Set X 42,728993,30617747,42,,29433306
7417,2026-10-04T20:19:46,2026-10-04T18:14:07,Chaos Core Set,728993,28430765,39,,27962259
7418,2026-10-04T20:19:56,2026-10-04T18:14:07,Chaos Core,719471,719471,1,,725599
7419,2026-10-04T20:20:39,2026-10-04T18:14:07,Chaos Core,722487,722487,1,,725599
7420,2026-10-04T20:21:12,2026-10-04T18:14:07,Chaos Core,721815,721815,1,,725654
7421,2026-10-04T20:22:41,2026-10-04T18:14:07,Force Core(High),165000,16500000,100,,16000000
7422,2026-10-04T20:26:38,2026-10-04T18:14:07,Chaos Core,724342,724342,1,,725000
7423,2026-10-04T20:27:26,2026-10-04T18:14:07,Chaos Core,723711,723711,1,,725000
7424,2026-10-04T20:27:57,2026-10-04T18:14:07,Chaos Core,723071,723071,1,,725000
7425,2026-10-04T20:28:59,2026-10-04T18:14:07,Force Core(High,165000,9900000,60,,9600000
7426,2026-10-04T20:29:15,2026-10-04T18:14:07,Force Core(High,165000,19800000,120,,19200000
7427,2026-10-04T20:31:40,2026-10-04T18:14:07,Chaos Core,722400,722400,1,,725654
7428,2026-10-04T20:33:03,2026-10-04T18:14:07,Chaos Core,724954,724954,1,,725654
7429,2026-10-04T20:33:52,2026-10-04T18:14:07,Chaos Core,725128,725128,1,,725654
7430,2026-10-04T20:34:27,2026-10-04T18:14:07,Chaos Core,725094,725094,1,,725654
7431,2026-10-04T20:35:02,2026-10-04T18:14:07,Force Core(High,165000,2310000,14,,2228226
7432,2026-10-04T20:35:36,2026-10-04T18:14:07,Force Core(High,165000,31350000,190,,30400000
7433,2026-10-04T20:35:41,2026-10-04T18:14:07,Force Core(High,165000,4950000,30,,4800000
7434,2026-10-04T20:55:04,2026-10-04T18:14:07,Upgrade Core (Ultimate,504402,24715698,49,,22204791
7435,2026-10-04T20:59:08,2026-10-04T18:14:07,Chaos Core Set,729073,89676101,123,,88565658
7436,2026-10-04T21:01:06,2026-10-04T18:14:07,Chaos Core Set,729072,45931598,63,,45365670
7437,2026-10-04T21:01:37,2026-10-04T18:14:07,Chaos Core Set,729071,164041199,225,,162011475
7438,2026-10-04T21:02:05,2026-10-04T18:14:07,Chaos Core Set,729070,94050158,129,,92880000
7439,2026-10-04T21:03:14,2026-10-04T18:14:07,Chaos Core Set,729067,161853095,222,,159845772
7440,2026-10-04T21:03:45,2026-10-04T18:14:07,Chaos Core Set,729066,59054426,81,,58278447
7441,2026-10-04T21:06:20,2026-10-04T18:14:07,Chaos Core Set,729067,13123223,18,,12961854
7442,2026-10-04T21:06:49,2026-10-04T18:14:07,Chaos Core Set,729066,34995215,48,,34531632
7443,2026-10-04T21:31:23,2026-10-04T18:14:07,Chaos Core Set X 3,729068,2187206,3,,2113110
7444,2026-10-04T21:36:08,2026-10-04T18:14:07,Chaos Core,719409,719409,1,,725654
7445,2026-10-04T21:37:35,2026-10-04T18:14:07,Chaos Core,718875,718875,1,,725654
7446,2026-10-04T21:38:18,2026-10-04T18:14:07,Chaos Core,718285,718285,1,,725654
7447,2026-10-04T21:38:59,2026-10-04T18:14:07,Chaos Core,717747,717747,1,,725654
7448,2026-10-04T21:39:44,2026-10-04T18:14:07,Chaos Core Set,729064,113734139,156,,112924500
7449,2026-10-04T21:53:04,2026-10-04T18:14:07,Chaos Core Set X 18,729063,13123151,18,,12965670
7450,2026-10-04T21:53:31,2026-10-04T18:14:07,Force Core(High,165000,7590000,46,,7321038
7451,2026-10-04T21:53:45,2026-10-04T18:14:07,Chaos Core Set,739164,177399599,240,,173677920
7452,2026-10-04T22:03:40,2026-10-04T18:14:07,Epic Booster (Highest),46899897,93799794,2,,93500000
7453,2026-10-04T22:05:10,2026-10-04T18:14:07,Chaos Core,724500,724500,1,,725000
7454,2026-10-04T22:08:19,2026-10-04T18:14:07,Force Core(High,165000,6600000,40,,6366120
7455,2026-10-04T22:08:51,2026-10-04T18:14:07,Chaos Core Set X 90,739146,66523229,90,,65700000
7456,2026-10-04T22:10:49,2026-10-04T18:14:07,Chaos Core Set X 216,739144,159655319,216,,157152744
7457,2026-10-04T22:14:57,2026-10-04T18:14:07,Chaos Core Set X 174,739143,128611055,174,,126735336
7458,2026-10-04T22:17:29,2026-10-04T18:14:07,Chaos Core Set X 183,739142,135263168,183,,132878862
7459,2026-10-04T22:18:58,2026-10-04T18:14:07,Chaos Core Set X 99,739141,73175057,99,,72099423
7460,2026-10-04T22:22:49,2026-10-04T18:14:07,Chaos Core,722613,722613,1,,723268
7461,2026-10-04T22:26:06,2026-10-04T18:14:07,Chaos Core,722682,722682,1,,725000
7462,2026-10-04T22:28:48,2026-10-04T18:14:07,Chaos Core,722170,722170,1,,725000
7463,2026-10-04T22:29:29,2026-10-04T18:14:07,Chaos Core,721656,721656,1,,724437
7464,2026-10-04T22:30:31,2026-10-04T18:14:07,Chaos Core Set X 42,739145,31044131,42,,30454284
7465,2026-10-04T22:31:22,2026-10-04T18:14:07,Force Core(High,165000,1650000,10,,1591530
7466,2026-10-04T22:31:39,2026-10-04T18:14:07,Chaos Core Set X 183,739143,135263351,183,,133585059
7467,2026-10-04T22:33:34,2026-10-04T18:14:07,Chaos Core Set,739141,168524375,228,,166440000
7468,2026-10-04T22:34:01,2026-10-04T18:14:07,Chaos Core Set,739142,161872316,219,,159870000
7469,2026-10-04T22:35:45,2026-10-04T18:14:07,Chaos Core Set,739138,130827602,177,,129210000
7470,2026-10-04T22:36:21,2026-10-04T18:14:07,Chaos Core Set,739136,137479481,186,,135780000
7471,2026-10-04T22:36:50,2026-10-04T18:14:07,Chaos Core Set,739134,73174364,99,,72270000
7472,2026-10-04T22:41:28,2026-10-04T18:14:07,Chaos Core,725053,725053,1,,729998
7473,2026-10-04T22:43:09,2026-10-04T18:14:07,Chaos Core,729358,729358,1,,729998
7474,2026-10-04T22:43:59,2026-10-04T18:14:07,Chaos Core,728810,728810,1,,739000
7475,2026-10-04T22:48:10,2026-10-04T18:14:07,Chaos Core,724307,724307,1,,729449
7476,2026-10-04T22:48:51,2026-10-04T18:14:07,Chaos Core,728258,728258,1,,739000
7477,2026-10-04T22:49:46,2026-10-04T18:14:07,Chaos Core Set X 18,739141,13304555,18,,13110822
7478,2026-10-04T22:50:36,2026-10-04T18:14:07,Chaos Core Set,739139,37696139,51,,37238976
7479,2026-10-04T22:52:08,2026-10-04T18:14:07,Chaos Core Set,739138,68739926,93,,67727994
7480,2026-10-04T22:53:42,2026-10-04T18:14:07,Chaos Core Set,739134,126392084,171,,123975000
7481,2026-10-04T22:57:51,2026-10-04T18:14:07,Chaos Core,729449,729449,1,,729999
7482,2026-10-04T22:59:21,2026-10-04T18:14:07,Chaos Core,728906,728906,1,,739000
7483,2026-10-04T23:00:46,2026-10-04T18:14:07,Chaos Core,723854,723854,1,,739000
7484,2026-10-04T23:08:21,2026-10-04T18:14:07,Chaos Core,723877,723877,1,,739000
7485,2026-10-04T23:11:04,2026-10-04T18:14:07,Chaos Core,723233,723233,1,,739000
7486,2026-10-04T23:11:55,2026-10-04T18:14:07,Chaos Core,722717,722717,1,,739000
7487,2026-10-04T23:12:28,2026-10-04T18:14:07,Chaos Core,722137,722137,1,,739000
7488,2026-10-04T23:14:06,2026-10-04T18:14:07,Chaos Core Set X 246,739116,181822781,246,,178248648
7489,2026-10-04T23:14:16,2026-10-04T18:14:07,Chaos Core Set X 291,739115,215082755,291,,210175623
7490,2026-10-04T23:14:46,2026-10-04T18:14:07,Chaos Core,738457,738457,1,,739000
7491,2026-10-04T23:17:03,2026-10-04T18:14:07,Chaos Core,738416,738416,1,,739000
7492,2026-10-04T23:18:19,2026-10-04T18:14:07,Yekaterina VIP Membership,112499996,112499996,1,,112200000
7493,2026-10-04T23:19:04,2026-10-04T18:14:07,Chaos Core,725089,725089,1,,739000
7494,2026-10-04T23:19:46,2026-10-04T18:14:07,Chaos Core,738443,738443,1,,739000
7495,2026-10-04T23:20:26,2026-10-04T18:14:07,Chaos Core,738436,738436,1,,739000
7496,2026-10-04T23:23:02,2026-10-04T18:14:07,Chaos Core Set X 18,739106,13303925,18,,13288014
7497,2026-10-04T23:23:28,2026-10-04T18:14:07,Chaos Core Set X 48,739105,35477087,48,,34677744
7498,2026-10-04T23:23:40,2026-10-04T18:14:07,Chaos Core,737894,737894,1,,738436
7499,2026-10-04T23:26:04,2026-10-04T18:14:07,Chaos Core,737220,737220,1,,737894
7500,2026-10-04T23:27:52,2026-10-04T18:14:07,Chaos Core,736557,736557,1,,737248
7501,2026-10-04T23:28:32,2026-10-04T18:14:07,Chaos Core,736625,736625,1,,737248
7502,2026-10-04T23:38:28,2026-10-04T23:33:18,Chaos Core,735982,735982,1,,739737
7503,2026-10-04T23:42:04,2026-10-04T23:33:18,Chaos Core,737368,737368,1,,737894
7504,2026-10-04T23:42:55,2026-10-04T23:33:18,Chaos Core,737297,737297,1,,739737
7505,2026-10-04T23:43:29,2026-10-04T23:33:18,Chaos Core,737269,737269,1,,739737
7506,2026-10-04T23:46:18,2026-10-04T23:33:18,Chaos Core,736547,736547,1,,739737
7507,2026-10-04T23:48:46,2026-10-04T23:33:18,Chaos Core,737342,737342,1,,737894
7508,2026-10-04T23:50:03,2026-10-04T23:33:18,Yekaterina VIP Membership,112499995,112499995,1,,111600000
7509,2026-10-04T23:50:48,2026-10-04T23:33:18,Chaos Core,736690,736690,1,,737342
7510,2026-10-04T23:51:59,2026-10-04T23:33:18,Chaos Core,736316,736316,1,,737342
7511,2026-10-04T23:53:23,2026-10-04T23:33:18,Chaos Core,735725,735725,1,,737342
7512,2026-10-04T23:55:52,2026-10-04T23:33:18,Chaos Core,735658,735658,1,,737342
7513,2026-10-04T23:58:39,2026-10-04T23:33:18,Chaos Core,735065,735065,1,,735658
7514,2026-10-05T00:03:51,2026-10-04T23:33:18,Chaos Core,734427,734427,1,,737342
7515,2026-10-05T00:04:27,2026-10-04T23:33:18,Chaos Core,735042,735042,1,,735658
7516,2026-10-05T00:06:12,2026-10-04T23:33:18,Chaos Core,734506,734506,1,,735042
7517,2026-10-05T00:09:06,2026-10-04T23:33:18,Chaos Core,734405,734405,1,,735042
7518,2026-10-05T00:10:31,2026-10-04T23:33:18,Chaos Core,733742,733742,1,,734405
7519,2026-10-05T00:11:18,2026-10-04T23:33:18,Chaos Core,733116,733116,1,,735658
7520,2026-10-05T00:12:03,2026-10-04T23:33:18,Chaos Core,732575,732575,1,,735658
7521,2026-10-05T00:13:37,2026-10-04T23:33:18,Chaos Core,732063,732063,1,,735658
7522,2026-10-05T00:16:23,2026-10-04T23:33:18,Chaos Core,738481,738481,1,,739000
7523,2026-10-05T00:17:10,2026-10-04T23:33:18,Upgrade Core (Ultimate,504216,25210800,50,,19900000
7524,2026-10-05T00:17:56,2026-10-04T23:33:18,Chaos Core,737977,737977,1,,740000
7525,2026-10-05T00:18:42,2026-10-04T23:33:18,Chaos Core,737423,737423,1,,740000
7526,2026-10-05T00:19:22,2026-10-04T23:33:18,Chaos Core,736873,736873,1,,740000
7527,2026-10-05T00:20:56,2026-10-04T23:33:18,Chaos Core Set X 18,737999,13283999,18,,13219686
7528,2026-10-05T00:30:08,2026-10-04T23:33:18,Chaos Core,736681,736681,1,,740000
7529,2026-10-05T00:30:30,2026-10-04T23:33:18,Chaos Core,736717,736717,1,,737234
7530,2026-10-05T00:36:26,2026-10-04T23:33:18,Chaos Core,736727,736727,1,,737234
7531,2026-10-05T00:37:50,2026-10-04T23:33:18,Chaos Core,736184,736184,1,,740000
7532,2026-10-05T00:41:52,2026-10-04T23:33:18,Chaos Core,714403,714403,1,,740000
7533,2026-10-05T00:43:27,2026-10-04T23:33:18,Chaos Core,713819,713819,1,,740000
7534,2026-10-05T00:44:21,2026-10-04T23:33:18,Upgrade Core (Ultimate,504209,31765167,63,,25074000
7535,2026-10-05T00:45:28,2026-10-04T23:33:18,Chaos Core Set X 54,737996,39851837,54,,38632248
7536,2026-10-05T00:45:38,2026-10-04T23:33:18,Chaos Core Set X 18,737995,13283927,18,,13264470
7537,2026-10-05T00:45:48,2026-10-04T23:33:18,Chaos Core Set X 42,737994,30995789,42,,30055032
7538,2026-10-05T00:45:59,2026-10-04T23:33:18,Chaos Core,748120,748120,1,,748785
7539,2026-10-05T00:48:45,2026-10-04T23:33:18,Chaos Core,747446,747446,1,,748785
7540,2026-10-05T00:49:29,2026-10-04T23:33:18,Upgrade Core (Ultimate,504203,63529578,126,,50148000
7541,2026-10-05T00:50:16,2026-10-04T23:33:18,Chaos Core,746908,746908,1,,749998
7542,2026-10-05T00:50:49,2026-10-04T23:33:18,Chaos Core,746375,746375,1,,749998
7543,2026-10-05T00:51:29,2026-10-04T23:33:18,Upgrade Core (Ultimate,504200,64033400,127,,50546000
7544,2026-10-05T00:52:17,2026-10-04T23:33:18,Chaos Core,745767,745767,1,,749998
7545,2026-10-05T00:52:53,2026-10-04T23:33:18,Chaos Core,746793,746793,1,,749998
7546,2026-10-05T00:53:25,2026-10-04T23:33:18,Chaos Core,746225,746225,1,,749998
7547,2026-10-05T00:58:45,2026-10-04T23:33:18,Chaos Core,746479,746479,1,,747625
7548,2026-10-05T01:01:20,2026-10-04T23:33:18,Chaos Core,745805,745805,1,,749998
7549,2026-10-05T01:02:42,2026-10-04T23:33:18,Chaos Core,745158,745158,1,,750000
7550,2026-10-05T01:03:15,2026-10-04T23:33:18,Chaos Core,744558,744558,1,,750000
7551,2026-10-05T01:04:27,2026-10-04T23:33:18,Chaos Core,746447,746447,1,,750000
7552,2026-10-05T01:04:58,2026-10-04T23:33:18,Chaos Core,745804,745804,1,,748194
7553,2026-10-05T01:07:53,2026-10-04T23:33:18,Chaos Core,746522,746522,1,,747101
7554,2026-10-05T01:11:59,2026-10-04T23:33:18,Chaos Core,745393,745393,1,,746555
7555,2026-10-05T01:12:32,2026-10-04T23:33:18,Chaos Core,744784,744784,1,,745393
7556,2026-10-05T01:13:46,2026-10-04T23:33:18,Chaos Core,744698,744698,1,,745393
7557,2026-10-05T01:25:39,2026-10-04T23:33:18,Chaos Core,738484,738484,1,,744320
7558,2026-10-05T01:25:47,2026-10-04T23:33:18,Chaos Core,737823,737823,1,,746000
7559,2026-10-05T01:26:25,2026-10-04T23:33:18,Chaos Core,737207,737207,1,,745427
7560,2026-10-05T01:29:11,2026-10-04T23:33:18,Chaos Core,736682,736682,1,,747101
7561,2026-10-05T01:32:05,2026-10-04T23:33:18,Chaos Core,738476,738476,1,,744320
7562,2026-10-05T01:32:36,2026-10-04T23:33:18,Chaos Core,737805,737805,1,,744320
7563,2026-10-05T01:36:07,2026-10-04T23:33:18,Chaos Core,724504,724504,1,,725654
7564,2026-10-05T01:37:20,2026-10-04T23:33:18,Chaos Core,738436,738436,1,,738987
7565,2026-10-05T01:41:42,2026-10-04T23:33:18,Chaos Core,725075,725075,1,,725654
7566,2026-10-05T01:47:50,2026-10-04T23:33:18,Force Core (Ultimate,320000,320000,1,,303500
7567,2026-10-05T01:47:55,2026-10-04T23:33:18,Force Core (Ultimate,320000,320000,1,,303500
7568,2026-10-05T01:48:06,2026-10-04T23:33:18,Chaos Core,735288,735288,1,,738403
7569,2026-10-05T01:48:50,2026-10-04T23:33:18,Force Core (Ultimate,320000,2560000,8,,2428000
7570,2026-10-05T01:49:27,2026-10-04T23:33:18,Chaos Core,734772,734772,1,,737105
7571,2026-10-05T01:49:59,2026-10-04T23:33:18,Chaos Core,734073,734073,1,,737737
7572,2026-10-05T01:55:57,2026-10-04T23:33:18,Chaos Core,733384,733384,1,,737737
7573,2026-10-05T01:56:29,2026-10-04T23:33:18,Chaos Core,732731,732731,1,,738987
7574,2026-10-05T02:01:05,2026-10-04T23:33:18,Chaos Core,736556,736556,1,,737105
7575,2026-10-05T02:02:16,2026-10-04T23:33:18,Chaos Core,736599,736599,1,,737105
7576,2026-10-05T02:02:50,2026-10-04T23:33:18,Chaos Core,736476,736476,1,,737105
7577,2026-10-05T02:04:48,2026-10-04T23:33:18,Chaos Core,736417,736417,1,,737105
7578,2026-10-05T02:05:19,2026-10-04T23:33:18,Chaos Core,735767,735767,1,,737105
7579,2026-10-05T02:06:10,2026-10-04T23:33:18,Chaos Core Set X 87,739923,64373387,87,,63156084
7580,2026-10-05T02:06:20,2026-10-04T23:33:18,Chaos Core Set X 336,739922,248614127,336,,246883392
7581,2026-10-05T02:08:16,2026-10-04T23:33:18,Chaos Core,737752,737752,1,,738403
7582,2026-10-05T02:09:29,2026-10-04T23:33:18,Chaos Core,737087,737087,1,,738403
7583,2026-10-05T02:10:03,2026-10-04T23:33:18,Chaos Core,736584,736584,1,,738403
7584,2026-10-05T02:11:08,2026-10-04T23:33:18,Force Core (Ultimate,320000,3200000,10,,3035710
7585,2026-10-05T02:14:29,2026-10-04T23:33:18,Chaos Core,736620,736620,1,,737157
7586,2026-10-05T02:15:44,2026-10-04T23:33:18,Chaos Core,736113,736113,1,,737157
7587,2026-10-05T02:16:17,2026-10-04T23:33:18,Chaos Core,735422,735422,1,,737157
7588,2026-10-05T02:19:43,2026-10-04T23:33:18,Upgrade Core (Ultimate,504090,2520450,5,,2211540
7589,2026-10-05T02:22:49,2026-10-04T23:33:18,Chaos Core,734792,734792,1,,735484
7590,2026-10-05T02:23:21,2026-10-04T23:33:18,Chaos Core,734137,734137,1,,735484
7591,2026-10-05T02:25:40,2026-10-04T23:33:18,Force Core(Highest,193999,2133989,11,,2037046
7592,2026-10-05T02:28:22,2026-10-04T23:33:18,Chaos Core,733602,733602,1,,738403
7593,2026-10-05T02:29:14,2026-10-04T23:33:18,Chaos Core,733087,733087,1,,738403
7594,2026-10-05T02:32:23,2026-10-04T23:33:18,Chaos Core,732490,732490,1,,737157
7595,2026-10-05T02:35:02,2026-10-04T23:33:18,Chaos Core,731856,731856,1,,732490
7596,2026-10-05T02:35:54,2026-10-04T23:33:18,Chaos Core,731894,731894,1,,732490
7597,2026-10-05T02:36:32,2026-10-04T23:33:18,Force Core(Highest,193999,2327988,12,,2222232
7598,2026-10-05T02:42:07,2026-10-04T23:33:18,Chaos Core,731327,731327,1,,735000
7599,2026-10-05T02:43:13,2026-10-04T23:33:18,Chaos Core,730754,730754,1,,735000
7600,2026-10-05T02:48:49,2026-10-04T23:33:18,Chaos Core,731908,731908,1,,735000
7601,2026-10-05T02:53:14,2026-10-04T23:33:18,Chaos Core,731282,731282,1,,735000
7602,2026-10-05T02:53:52,2026-10-04T23:33:18,Chaos Core,730639,730639,1,,735000
7603,2026-10-05T02:54:27,2026-10-04T23:33:18,Force Core(Highest,193999,581997,3,,555558
7604,2026-10-05T02:55:45,2026-10-04T23:33:18,Chaos Core,730011,730011,1,,735000
7605,2026-10-05T02:56:22,2026-10-04T23:33:18,Chaos Core,729392,729392,1,,735000
7606,2026-10-05T03:00:10,2026-10-04T23:33:18,Chaos Core,729372,729372,1,,735000
7607,2026-10-05T03:01:23,2026-10-04T23:33:18,Chaos Core,737816,737816,1,,738403
7608,2026-10-05T03:01:56,2026-10-04T23:33:18,Chaos Core,737301,737301,1,,738403
7609,2026-10-05T03:03:53,2026-10-04T23:33:18,Chaos Core,737820,737820,1,,738403
7610,2026-10-05T03:04:30,2026-10-04T23:33:18,Chaos Core,737270,737270,1,,738403
7611,2026-10-05T03:27:42,2026-10-04T23:33:18,Chaos Core Set X 303,733113,222133541,303,,221383617
7612,2026-10-05T03:27:53,2026-10-04T23:33:18,Chaos Core Set X 36,733112,26392067,36,,26303004
7613,2026-10-05T03:28:03,2026-10-04T23:33:18,Chaos Core Set X 159,733111,116564807,159,,115378986
7614,2026-10-05T03:29:41,2026-10-04T23:33:18,Chaos Core,728487,728487,1,,738403
7615,2026-10-05T03:30:13,2026-10-04T23:33:18,Upgrade Core (Ultimate,504008,6552104,13,,5174000
7616,2026-10-05T03:30:50,2026-10-04T23:33:18,Chaos Core,727841,727841,1,,738403
7617,2026-10-05T03:31:23,2026-10-04T23:33:18,Chaos Core,727256,727256,1,,738403
7618,2026-10-05T03:35:55,2026-10-04T23:33:18,Force Core(Highest,193998,11639880,60,,11111160
7619,2026-10-05T03:37:13,2026-10-04T23:33:18,Chaos Core,726642,726642,1,,738403
7620,2026-10-05T03:37:45,2026-10-04T23:33:18,Chaos Core,726102,726102,1,,738403
7621,2026-10-05T03:38:37,2026-10-04T23:33:18,Force Core (Ultimate,320000,12800000,40,,12142840
7622,2026-10-05T03:42:53,2026-10-04T23:33:18,Force Core(Highest,193997,9505853,49,,9074114
7623,2026-10-05T03:44:33,2026-10-04T23:33:18,Upgrade Core (Ultimate,503994,25199700,50,,22657950
7624,2026-10-05T03:45:10,2026-10-04T23:33:18,Chaos Core Set X 180,733103,131958719,180,,131853240
7625,2026-10-05T03:45:34,2026-10-04T23:33:18,Chaos Core Set X 39,733101,28590977,39,,28481310
7626,2026-10-05T03:52:14,2026-10-04T23:33:18,Chaos Core Set X 135,733099,98968499,135,,98723070
7627,2026-10-05T03:52:49,2026-10-04T23:33:18,Chaos Core Set,733098,114363443,156,,113100000
7628,2026-10-05T03:55:52,2026-10-04T23:33:18,Chaos Core,731890,731890,1,,738403
7629,2026-10-05T03:56:54,2026-10-04T23:33:18,Chaos Core,731319,731319,1,,738403
7630,2026-10-05T03:57:28,2026-10-04T23:33:18,Chaos Core,730745,730745,1,,737223
7631,2026-10-05T03:59:13,2026-10-04T23:33:18,Chaos Core,724360,724360,1,,736723
7632,2026-10-05T03:59:22,2026-10-04T23:33:18,Chaos Core,723714,723714,1,,736723
7633,2026-10-05T04:10:23,2026-10-04T23:33:18,Force Core(High,165000,9570000,58,,9231164
7634,2026-10-05T04:10:37,2026-10-04T23:33:18,Force Core(High,165000,13860000,84,,13369272
7635,2026-10-05T04:15:00,2026-10-04T23:33:18,Chaos Core,725031,725031,1,,730745
7636,2026-10-05T04:16:01,2026-10-04T23:33:18,Chaos Core,724523,724523,1,,730745
7637,2026-10-05T04:16:32,2026-10-04T23:33:18,Chaos Core,724023,724023,1,,730745
7638,2026-10-05T04:17:35,2026-10-04T23:33:18,Force Core(High,165000,2640000,16,,2546528
7639,2026-10-05T04:18:02,2026-10-04T23:33:18,Chaos Core,723491,723491,1,,729065
7640,2026-10-05T04:27:36,2026-10-04T23:33:18,Force Core(High,165000,1650000,10,,1591580
7641,2026-10-05T04:28:02,2026-10-04T23:33:18,Chaos Core,725818,725818,1,,729660
7642,2026-10-05T04:31:10,2026-10-04T23:33:18,Chaos Core,725120,725120,1,,730745
7643,2026-10-05T04:32:10,2026-10-04T23:33:18,Chaos Core,724506,724506,1,,730164
7644,2026-10-05T04:32:42,2026-10-04T23:33:18,Chaos Core,723838,723838,1,,730164
7645,2026-10-05T04:34:06,2026-10-04T23:33:18,Chaos Core,727799,727799,1,,728350
7646,2026-10-05T04:47:38,2026-10-04T23:33:18,Chaos Core,724982,724982,1,,728350
7647,2026-10-05T04:49:07,2026-10-04T23:33:18,Chaos Core,724435,724435,1,,727682
7648,2026-10-05T04:49:39,2026-10-04T23:33:18,Chaos Core,723790,723790,1,,727682
7649,2026-10-05T04:55:22,2026-10-04T23:33:18,Chaos Core,723135,723135,1,,726451
7650,2026-10-05T05:01:44,2026-10-04T23:33:18,Chaos Core,725065,725065,1,,725654
7651,2026-10-05T05:02:56,2026-10-04T23:33:18,Chaos Core,724442,724442,1,,725654
7652,2026-10-05T05:03:31,2026-10-04T23:33:18,Chaos Core,723847,723847,1,,725654
7653,2026-10-05T05:05:11,2026-10-04T23:33:18,Chaos Core,723201,723201,1,,725654
7654,2026-10-05T05:14:18,2026-10-04T23:33:18,Chaos Core,722629,722629,1,,725654
7655,2026-10-05T05:15:20,2026-10-04T23:33:18,Chaos Core,722097,722097,1,,725654
7656,2026-10-05T05:15:52,2026-10-04T23:33:18,Chaos Core,721552,721552,1,,725654
7657,2026-10-05T05:17:16,2026-10-04T23:33:18,Chaos Core,720449,720449,1,,725654
7658,2026-10-05T05:33:38,2026-10-04T23:33:18,Force Core(High,165000,9900000,60,,9549480
7659,2026-10-05T05:39:31,2026-10-04T23:33:18,Force Core(High,165000,1320000,8,,1273264
7660,2026-10-05T05:40:03,2026-10-04T23:33:18,Chaos Core Set X 18,726173,13071131,18,,13059972
7661,2026-10-05T05:40:38,2026-10-04T23:33:18,Chaos Core Set X 114,726164,82782809,114,,82184082
7662,2026-10-05T05:42:13,2026-10-04T23:33:18,Chaos Core,720343,720343,1,,725654
7663,2026-10-05T05:43:12,2026-10-04T23:33:18,Chaos Core,719758,719758,1,,725099
7664,2026-10-05T05:43:45,2026-10-04T23:33:18,Chaos Core,719129,719129,1,,725099
7665,2026-10-05T05:45:12,2026-10-04T23:33:18,Chaos Core,718621,718621,1,,725099
7666,2026-10-05T05:50:13,2026-10-04T23:33:18,Chaos Core,722615,722615,1,,723195
7667,2026-10-05T05:51:13,2026-10-04T23:33:18,Chaos Core,721990,721990,1,,723195
7668,2026-10-05T05:51:48,2026-10-04T23:33:18,Chaos Core,721433,721433,1,,723195
7669,2026-10-05T05:53:10,2026-10-04T23:33:18,Chaos Core,720741,720741,1,,723195
7670,2026-10-05T05:54:50,2026-10-04T23:33:18,Chaos Core Set X 201,726137,145953737,201,,145170240
7671,2026-10-05T05:55:42,2026-10-04T23:33:18,Chaos Core Set X 216,726132,156844727,216,,156350952
7672,2026-10-05T05:56:07,2026-10-04T23:33:18,Chaos Core Set X 192,726130,139417151,192,,138853440
7673,2026-10-05T05:56:17,2026-10-04T23:33:18,Chaos Core Set X 156,726129,113276279,156,,112192392
7674,2026-10-05T05:57:40,2026-10-04T23:33:18,Chaos Core,722536,722536,1,,723194
7675,2026-10-05T05:59:56,2026-10-04T23:33:18,Chaos Core,722575,722575,1,,723194
7676,2026-10-05T06:00:43,2026-10-04T23:33:18,Chaos Core,722665,722665,1,,723194
7677,2026-10-05T06:03:21,2026-10-04T23:33:18,Chaos Core Set X 48,723805,34742687,48,,34666656
7678,2026-10-05T06:03:57,2026-10-04T23:33:18,Chaos Core Set X 90,723804,65142449,90,,64850850
7679,2026-10-05T06:12:39,2026-10-04T23:33:18,Chaos Core,719855,719855,1,,721000
7680,2026-10-05T06:14:21,2026-10-04T23:33:18,Chaos Core,719235,719235,1,,723194
7681,2026-10-05T06:18:21,2026-10-04T23:33:18,Chaos Core,718587,718587,1,,722600
7682,2026-10-05T06:19:28,2026-10-04T23:33:18,Chaos Core,717897,717897,1,,723194
7683,2026-10-05T06:20:01,2026-10-04T23:33:18,Chaos Core,717319,717319,1,,719855
7684,2026-10-05T06:25:47,2026-10-04T23:33:18,Chaos Core,719843,719843,1,,720486
7685,2026-10-05T06:28:08,2026-10-04T23:33:18,Chaos Core,719957,719957,1,,720486
7686,2026-10-05T06:28:40,2026-10-04T23:33:18,Chaos Core,719350,719350,1,,720486
7687,2026-10-05T06:30:17,2026-10-04T23:33:18,Chaos Core,718743,718743,1,,721000
7688,2026-10-05T06:36:18,2026-10-04T23:33:18,Chaos Core Set X 288,725248,208871711,288,,207141120
7689,2026-10-05T06:36:29,2026-10-04T23:33:18,Chaos Core Set X 264,725245,191464943,264,,190000272
7690,2026-10-05T06:38:00,2026-10-04T23:33:18,Chaos Core,718202,718202,1,,721000
7691,2026-10-05T06:39:00,2026-10-04T23:33:18,Chaos Core,720338,720338,1,,721000
7692,2026-10-05T06:39:32,2026-10-04T23:33:18,Chaos Core,719741,719741,1,,720338
7693,2026-10-05T06:40:55,2026-10-04T23:33:18,Chaos Core,719709,719709,1,,720338
7694,2026-10-05T06:41:55,2026-10-04T23:33:18,Upgrade Core (Ultimate,503779,503779,1,,453159
7695,2026-10-05T06:45:15,2026-10-04T23:33:18,Chaos Core,720355,720355,1,,721000
7696,2026-10-05T06:46:16,2026-10-04T23:33:18,Chaos Core,720306,720306,1,,721000
7697,2026-10-05T06:46:48,2026-10-04T23:33:18,Chaos Core,719657,719657,1,,721000
7698,2026-10-05T06:49:51,2026-10-04T23:33:18,Chaos Core,720451,720451,1,,721000
7699,2026-10-05T06:54:18,2026-10-04T23:33:18,Chaos Core,719743,719743,1,,720389
7700,2026-10-05T06:54:52,2026-10-04T23:33:18,Chaos Core,719092,719092,1,,720389
7701,2026-10-05T06:56:26,2026-10-04T23:33:18,Chaos Core,718405,718405,1,,720389
7702,2026-10-05T07:00:43,2026-10-04T23:33:18,Yekaterina VIP Membership,112499993,112499993,1,,111600000
7703,2026-10-05T07:07:21,2026-10-04T23:33:18,Upgrade Core (Ultimate,503747,7556205,15,,6797370
7704,2026-10-05T07:10:33,2026-10-04T23:33:18,Chaos Core,716644,716644,1,,720389
7705,2026-10-05T07:11:06,2026-10-04T23:33:18,Chaos Core,716096,716096,1,,719775
7706,2026-10-05T07:14:33,2026-10-04T23:33:18,Force Core(High,165000,4950000,30,,4774740
7707,2026-10-05T07:15:05,2026-10-04T23:33:18,Chaos Core,715529,715529,1,,720389
7708,2026-10-05T07:18:44,2026-10-04T23:33:18,Chaos Core,714870,714870,1,,721000
7709,2026-10-05T07:19:45,2026-10-04T23:33:18,Chaos Core,719860,719860,1,,720389
7710,2026-10-05T07:20:17,2026-10-04T23:33:18,Chaos Core,719339,719339,1,,720389
7711,2026-10-05T07:31:23,2026-10-04T23:33:18,Chaos Core,718690,718690,1,,720000
7712,2026-10-05T07:32:12,2026-10-04T23:33:18,Upgrade Core (Ultimate,503734,19645626,39,,17250012
7713,2026-10-05T07:33:00,2026-10-04T23:33:18,Force Core(High,165000,5610000,34,,5411372
7714,2026-10-05T07:33:26,2026-10-04T23:33:18,Chaos Core Set X 36,719999,25919999,36,,25916040
7715,2026-10-05T07:37:05,2026-10-04T23:33:18,Chaos Core,719435,719435,1,,720000
7716,2026-10-05T07:39:21,2026-10-04T23:33:18,Chaos Core,718866,718866,1,,720000
7717,2026-10-05T07:39:53,2026-10-04T23:33:18,Chaos Core,718203,718203,1,,720000
7718,2026-10-05T07:40:43,2026-10-04T23:33:18,Force Core (Ultimate,320000,57280000,179,,54339209
7719,2026-10-05T07:41:33,2026-10-04T23:33:18,Force Core (Ultimate,320000,42880000,134,,40678514
7720,2026-10-05T07:46:44,2026-10-04T23:33:18,Force Core(High,165000,4950000,30,,4774740
7721,2026-10-05T07:47:09,2026-10-04T23:33:18,Chaos Core Set X 228,720199,164205599,228,,164160000
7722,2026-10-05T07:48:32,2026-10-04T23:33:18,Chaos Core Set X 228,720197,164205143,228,,164160000
7723,2026-10-05T07:48:57,2026-10-04T23:33:18,Chaos Core Set X 255,720196,183650234,255,,183422265
7724,2026-10-05T07:49:30,2026-10-04T23:33:18,Chaos Core Set X 207,720195,149080571,207,,149040000
7725,2026-10-05T07:51:29,2026-10-04T23:33:18,Chaos Core Set,720195,241985855,336,,239783712
7726,2026-10-05T07:55:19,2026-10-04T23:33:18,Siena's Unbinding Stone,97666109,97666109,1,,74400000
7727,2026-10-05T07:56:19,2026-10-04T23:33:18,Chaos Core,718686,718686,1,,719309
7728,2026-10-05T07:57:20,2026-10-04T23:33:18,Chaos Core,717413,717413,1,,717999
7729,2026-10-05T07:57:52,2026-10-04T23:33:18,Chaos Core,717381,717381,1,,717999
7730,2026-10-05T07:58:26,2026-10-04T23:33:18,Force Core (Ultimate,320000,7680000,24,,7285704
7731,2026-10-05T07:58:47,2026-10-04T23:33:18,Force Core(High,165000,990000,6,,954948
7732,2026-10-05T07:59:05,2026-10-04T23:33:18,Chaos Core,715494,715494,1,,720000
7733,2026-10-05T07:59:38,2026-10-04T23:33:18,Force Core (Ultimate,320000,1920000,6,,1821426
7734,2026-10-05T08:00:14,2026-10-04T23:33:18,Chaos Core Set,720194,166365044,231,,165162921
7735,2026-10-05T08:00:39,2026-10-04T23:33:18,Force Core(High,165000,17655000,107,,17029906
7736,2026-10-05T08:01:41,2026-10-04T23:33:18,Chaos Core Set,720190,187969850,261,,186353739
7737,2026-10-05T08:02:05,2026-10-04T23:33:18,Chaos Core Set X 249,720189,179327309,249,,177785751
7738,2026-10-05T08:05:52,2026-10-04T23:33:18,Chaos Core,716172,716172,1,,716783
7739,2026-10-05T08:06:34,2026-10-04T23:33:18,Chaos Core,716141,716141,1,,716783
7740,2026-10-05T08:19:27,2026-10-04T23:33:18,Siena's Unbinding Stone,97666110,97666110,1,,74400000
7741,2026-10-05T08:20:27,2026-10-04T23:33:18,Chaos Core,715648,715648,1,,717381
7742,2026-10-05T08:26:38,2026-10-04T23:33:18,Force Core(High,165000,4950000,30,,4571220
7743,2026-10-05T08:27:03,2026-10-04T23:33:18,Chaos Core Set,720179,179324819,249,,177288000
7744,2026-10-05T08:29:27,2026-10-04T23:33:18,Chaos Core,711445,711445,1,,712000
7745,2026-10-05T08:30:29,2026-10-04T23:33:18,Chaos Core,710802,710802,1,,716189
7746,2026-10-05T08:31:01,2026-10-04T23:33:18,Chaos Core,710226,710226,1,,716189
7747,2026-10-05T08:36:16,2026-10-04T23:33:18,Chaos Core,709615,709615,1,,716783
7748,2026-10-05T08:37:56,2026-10-04T23:33:18,Chaos Core Set X 84,720171,60494447,84,,60480000
7749,2026-10-05T08:39:33,2026-10-04T23:33:18,Upgrade Core (Ultimate,492997,14789910,30,,13594740
7750,2026-10-05T08:42:42,2026-10-04T23:33:18,Siena's Unbinding Stone,97666110,97666110,1,,74400000
7751,2026-10-05T08:43:42,2026-10-04T23:33:18,Chaos Core,710421,710421,1,,711000
7752,2026-10-05T08:44:14,2026-10-04T23:33:18,Yekaterina VIP Membership,112499993,112499993,1,,111600000
7753,2026-10-05T08:46:01,2026-10-04T23:33:18,Chaos Core,709232,709232,1,,710421
7754,2026-10-05T08:46:55,2026-10-04T23:33:18,Chaos Core,708545,708545,1,,709230
7755,2026-10-05T08:57:14,2026-10-04T23:33:18,Chaos Core Set X 207,719960,149031926,207,,147330180
7756,2026-10-05T08:59:15,2026-10-04T23:33:18,Chaos Core Set X 240,719959,172790399,240,,170216880
7757,2026-10-05T09:00:36,2026-10-04T23:33:18,Chaos Core Set X 267,719958,192229052,267,,189364410
7758,2026-10-05T09:03:41,2026-10-05T09:02:26,Chaos Core,705556,705556,1,,739737
7759,2026-10-05T09:03:49,2026-10-05T09:02:26,Chaos Core,704898,704898,1,,739737
7760,2026-10-05T09:03:53,2026-10-05T09:02:26,Chaos Core,704274,704274,1,,739737
7761,2026-10-05T09:04:01,2026-10-05T09:02:26,Chaos Core,703586,703586,1,,739737
7762,2026-10-05T09:04:18,2026-10-05T09:02:26,Upgrade Core (Ultimate,492988,49298800,100,,39800000
7763,2026-10-05T09:04:35,2026-10-05T09:02:26,Force Core(High,165000,4290000,26,,4138108
7764,2026-10-05T09:10:53,2026-10-05T09:05:17,Chaos Core Set X 165,699999,115499999,165,,115500000
7765,2026-10-05T09:13:08,2026-10-05T09:05:17,Chaos Core,699440,699440,1,,700000
7766,2026-10-05T09:16:01,2026-10-05T09:05:17,Force Core (Ultimate,320000,9920000,31,,9249997
7767,2026-10-05T09:16:31,2026-10-05T09:05:17,Force Core(High,165000,4290000,26,,3961594
7768,2026-10-05T09:21:24,2026-10-05T09:05:17,Force Core(High,165000,330000,2,,304738
7769,2026-10-05T09:23:05,2026-10-05T09:05:17,Chaos Core,698809,698809,1,,699440
7770,2026-10-05T09:26:07,2026-10-05T09:05:17,Force Core(High,165000,3300000,20,,3047380
7771,2026-10-05T09:27:49,2026-10-05T09:05:17,Chaos Core,709231,709231,1,,709908
7772,2026-10-05T09:30:09,2026-10-05T09:05:17,Chaos Core Set,719927,161983799,225,,159955425
7773,2026-10-05T09:31:37,2026-10-05T09:05:17,Chaos Core,708723,708723,1,,709231
7774,2026-10-05T09:36:51,2026-10-05T09:05:17,Chaos Core Set X 90,719926,64793429,90,,63000000
7775,2026-10-05T09:39:39,2026-10-05T09:05:17,Force Core (Ultimate,320000,9600000,30,,8951610
7776,2026-10-05T09:40:03,2026-10-05T09:05:17,Force Core(High,165000,33000000,200,,30473800
7777,2026-10-05T09:41:14,2026-10-05T09:05:17,Chaos Core Set X 246,719917,177099827,246,,172200000
7778,2026-10-05T09:42:34,2026-10-05T09:05:17,Chaos Core Set X 210,719916,151182569,210,,147000000
7779,2026-10-05T09:44:04,2026-10-05T09:05:17,Chaos Core,708039,708039,1,,708720
7780,2026-10-05T09:44:36,2026-10-05T09:05:17,Chaos Core,707468,707468,1,,708720
7781,2026-10-05T09:46:38,2026-10-05T09:05:17,Chaos Core Set X 225,719915,161981099,225,,157507200
7782,2026-10-05T09:47:58,2026-10-05T09:05:17,Yekaterina VIP Membership,112499992,112499992,1,,111600000
7783,2026-10-05T09:48:41,2026-10-05T09:05:17,Chaos Core Set,719914,161980874,225,,159388200
7784,2026-10-05T09:51:58,2026-10-05T09:05:17,Chaos Core,706821,706821,1,,707468
7785,2026-10-05T09:56:30,2026-10-05T09:05:17,Chaos Core,706163,706163,1,,706821
7786,2026-10-05T09:57:01,2026-10-05T09:05:17,Chaos Core,705583,705583,1,,706821
7787,2026-10-05T09:57:33,2026-10-05T09:05:17,Chaos Core,704995,704995,1,,705580
7788,2026-10-05T09:59:45,2026-10-05T09:05:17,Chaos Core,705463,705463,1,,710000
7789,2026-10-05T10:04:04,2026-10-05T09:05:17,Chaos Core,709386,709386,1,,709999
7790,2026-10-05T10:04:34,2026-10-05T09:05:17,Chaos Core,708741,708741,1,,709999
7791,2026-10-05T10:05:06,2026-10-05T09:05:17,Chaos Core,708055,708055,1,,708741
7792,2026-10-05T10:07:19,2026-10-05T09:05:17,Chaos Core,708107,708107,1,,708741
7793,2026-10-05T10:09:52,2026-10-05T09:05:17,Force Core (Ultimate,320000,67200000,210,,62661270
7794,2026-10-05T10:10:08,2026-10-05T09:05:17,Force Core (Ultimate,320000,3200000,10,,2983870
7795,2026-10-05T10:10:34,2026-10-05T09:05:17,Chaos Core Set X 240,719863,172767359,240,,168000000
7796,2026-10-05T10:11:25,2026-10-05T09:05:17,Chaos Core Set X 183,719859,131734379,183,,129376242
7797,2026-10-05T10:11:35,2026-10-05T09:05:17,Chaos Core Set X 249,719858,179244890,249,,176159532
7798,2026-10-05T10:11:45,2026-10-05T09:05:17,Chaos Core,710410,710410,1,,711000
7799,2026-10-05T10:12:16,2026-10-05T09:05:17,Chaos Core,709910,709910,1,,711000
7800,2026-10-05T10:12:48,2026-10-05T09:05:17,Chaos Core,709230,709230,1,,711000
7801,2026-10-05T10:20:20,2026-10-05T09:05:17,Force Core (Ultimate,320000,640000,2,,596774
7802,2026-10-05T10:21:06,2026-10-05T09:05:17,Force Core(High,165000,4950000,30,,4571070
7803,2026-10-05T10:22:39,2026-10-05T09:05:17,Force Core (Ultimate,320000,3200000,10,,2983870
7804,2026-10-05T10:22:44,2026-10-05T09:05:17,Force Core (Ultimate,320000,27520000,86,,25661282
7805,2026-10-05T10:23:35,2026-10-05T09:05:17,Chaos Core Set X 225,719824,161960624,225,,157500000
7806,2026-10-05T10:23:46,2026-10-05T09:05:17,Chaos Core,709324,709324,1,,710000
7807,2026-10-05T10:24:22,2026-10-05T09:05:17,Chaos Core,708703,708703,1,,710000
7808,2026-10-05T10:25:03,2026-10-05T09:05:17,Chaos Core,709460,709460,1,,710000
7809,2026-10-05T10:25:34,2026-10-05T09:05:17,Chaos Core Set,719816,241858511,336,,238560000
7810,2026-10-05T10:30:28,2026-10-05T09:05:17,Chaos Core,710399,710399,1,,711000
7811,2026-10-05T10:31:10,2026-10-05T09:05:17,Chaos Core Set X 18,719802,12956453,18,,12600000
7812,2026-10-05T10:31:34,2026-10-05T09:05:17,Force Core(High,165000,8250000,50,,7618450
7813,2026-10-05T10:31:59,2026-10-05T09:05:17,Chaos Core Set X 315,719801,226737629,315,,222773670
7814,2026-10-05T10:32:09,2026-10-05T09:05:17,Chaos Core Set X 165,719800,118767164,165,,115500000
7815,2026-10-05T10:32:20,2026-10-05T09:05:17,Chaos Core Set X 336,719799,241852799,336,,235200000
7816,2026-10-05T10:32:44,2026-10-05T09:05:17,Chaos Core Set X 18,719798,12956381,18,,12600000
7817,2026-10-05T10:32:55,2026-10-05T09:05:17,Chaos Core Set X 195,719797,140360609,195,,137701590
7818,2026-10-05T10:33:05,2026-10-05T09:05:17,Chaos Core Set X 216,719796,155476151,216,,151200000
7819,2026-10-05T10:33:15,2026-10-05T09:05:17,Chaos Core Set X 177,719795,127403891,177,,123900000
7820,2026-10-05T10:33:25,2026-10-05T09:05:17,Chaos Core,718808,718808,1,,719309
7821,2026-10-05T10:33:56,2026-10-05T09:05:17,Chaos Core,719475,719475,1,,720000
7822,2026-10-05T10:34:34,2026-10-05T09:05:17,Chaos Core,719439,719439,1,,720000
7823,2026-10-05T10:37:56,2026-10-05T09:05:17,Chaos Core Set X 147,719786,105808688,147,,103805961
7824,2026-10-05T10:44:08,2026-10-05T09:05:17,Yekaterina VIP Membership,112499992,112499992,1,,111600000
7825,2026-10-05T10:44:52,2026-10-05T09:05:17,Chaos Core Set X 168,719784,120923879,168,,118856640
7826,2026-10-05T10:55:49,2026-10-05T09:05:17,Chaos Core,715527,715527,1,,723000
7827,2026-10-05T10:57:27,2026-10-05T09:05:17,Chaos Core,714936,714936,1,,723000
7828,2026-10-05T10:57:56,2026-10-05T09:05:17,Chaos Core,714400,714400,1,,722478
7829,2026-10-05T10:58:29,2026-10-05T09:05:17,Chaos Core,713872,713872,1,,721354
7830,2026-10-05T11:00:19,2026-10-05T09:05:17,Chaos Core Set,719597,97145729,135,,96376095
7831,2026-10-05T11:02:00,2026-10-05T09:05:17,Chaos Core,717795,717795,1,,718399
7832,2026-10-05T11:03:38,2026-10-05T09:05:17,Chaos Core,717880,717880,1,,718399
7833,2026-10-05T11:04:10,2026-10-05T09:05:17,Chaos Core,717218,717218,1,,718399
7834,2026-10-05T11:04:40,2026-10-05T09:05:17,Chaos Core,717883,717883,1,,718399
7835,2026-10-05T11:13:09,2026-10-05T09:05:17,Chaos Core,715903,715903,1,,717128
7836,2026-10-05T11:17:53,2026-10-05T09:05:17,Chaos Core,715381,715381,1,,718399
7837,2026-10-05T11:19:21,2026-10-05T09:05:17,Upgrade Core (Ultimate,482885,46839845,97,,43956035
7838,2026-10-05T11:19:35,2026-10-05T09:05:17,Chaos Core,699430,699430,1,,718399
7839,2026-10-05T11:20:05,2026-10-05T09:05:17,Chaos Core,698803,698803,1,,717128
7840,2026-10-05T11:20:37,2026-10-05T09:05:17,Chaos Core,698190,698190,1,,700000
7841,2026-10-05T11:35:58,2026-10-05T09:05:17,Chaos Core,712263,712263,1,,715903
7842,2026-10-05T11:37:35,2026-10-05T09:05:17,Chaos Core,712244,712244,1,,714807
7843,2026-10-05T11:38:07,2026-10-05T09:05:17,Chaos Core,711728,711728,1,,714807
7844,2026-10-05T11:41:08,2026-10-05T09:05:17,Chaos Core,711148,711148,1,,714807
7845,2026-10-05T11:41:54,2026-10-05T09:05:17,Force Core(High,165000,8250000,50,,7618450
7846,2026-10-05T11:47:12,2026-10-05T09:05:17,Chaos Core Set X 18,719566,12952205,18,,12679524
7847,2026-10-05T11:48:35,2026-10-05T09:05:17,Chaos Core Set X 78,719565,56126147,78,,54600000
7848,2026-10-05T11:48:57,2026-10-05T09:05:17,Chaos Core Set X 18,719563,12952151,18,,12790836
7849,2026-10-05T11:49:12,2026-10-05T09:05:17,Chaos Core Set X 228,719561,164060135,228,,162547584
7850,2026-10-05T11:49:23,2026-10-05T09:05:17,Chaos Core Set X 162,719560,116568881,162,,115492878
7851,2026-10-05T11:49:33,2026-10-05T09:05:17,Chaos Core Set X 18,719559,12952079,18,,12871944
7852,2026-10-05T11:53:06,2026-10-05T09:05:17,Chaos Core,714831,714831,1,,715381
7853,2026-10-05T11:55:05,2026-10-05T09:05:17,Chaos Core,714214,714214,1,,715381
7854,2026-10-05T11:55:39,2026-10-05T09:05:17,Chaos Core,712978,712978,1,,713500
7855,2026-10-05T11:56:14,2026-10-05T09:05:17,Chaos Core,712337,712337,1,,715903
7856,2026-10-05T12:00:59,2026-10-05T09:05:17,Chaos Core Set,719550,105773996,147,,104712510
7857,2026-10-05T12:01:23,2026-10-05T09:05:17,Chaos Core Set X 39,719549,28062449,39,,27826500
7858,2026-10-05T12:01:45,2026-10-05T09:05:17,Chaos Core Set X 114,719548,82028585,114,,81205620
7859,2026-10-05T12:02:08,2026-10-05T09:05:17,Chaos Core Set X 129,719547,92821691,129,,91890570
7860,2026-10-05T12:03:28,2026-10-05T09:05:17,Chaos Core Set X 336,719546,241767791,336,,239342880
7861,2026-10-05T12:07:38,2026-10-05T09:05:17,Chaos Core,709380,709380,1,,715000
7862,2026-10-05T12:08:10,2026-10-05T09:05:17,Chaos Core,708810,708810,1,,715000
7863,2026-10-05T12:08:43,2026-10-05T09:05:17,Chaos Core,708307,708307,1,,715000
7864,2026-10-05T12:12:13,2026-10-05T09:05:17,Chaos Core Set X 180,719538,129517019,180,,127495260
7865,2026-10-05T12:14:51,2026-10-05T09:05:17,Upgrade Core (Ultimate,478686,7180290,15,,6797325
7866,2026-10-05T12:15:17,2026-10-05T09:05:17,Upgrade Core (Ultimate,478685,9573700,20,,9063100
7867,2026-10-05T12:15:37,2026-10-05T09:05:17,Upgrade Core (Ultimate,478684,5744208,12,,5437860
7868,2026-10-05T12:23:17,2026-10-05T09:05:17,Yekaterina VIP Membership,112499992,112499992,1,,111600000
7869,2026-10-05T12:26:33,2026-10-05T09:05:17,Chaos Core Set,719939,179265059,249,,176744184
7870,2026-10-05T12:26:56,2026-10-05T09:05:17,Chaos Core Set,719938,19438352,27,,19149723
7871,2026-10-05T12:30:27,2026-10-05T09:05:17,Chaos Core,708731,708731,1,,716508
7872,2026-10-05T12:35:55,2026-10-05T09:05:17,Chaos Core,708031,708031,1,,715000
7873,2026-10-05T12:36:50,2026-10-05T09:05:17,Chaos Core,707387,707387,1,,715000
7874,2026-10-05T12:37:31,2026-10-05T09:05:17,Chaos Core,706696,706696,1,,715000
7875,2026-10-05T12:39:15,2026-10-05T09:05:17,Force Core (Ultimate,320000,3200000,10,,3035710
7876,2026-10-05T12:41:39,2026-10-05T09:05:17,Chaos Core,714358,714358,1,,714995
7877,2026-10-05T12:43:07,2026-10-05T09:05:17,Chaos Core,713687,713687,1,,714995
7878,2026-10-05T12:45:30,2026-10-05T09:05:17,Force Core (Ultimate,320000,6400000,20,,6071420
7879,2026-10-05T12:45:45,2026-10-05T09:05:17,Force Core (Ultimate,320000,1600000,5,,1517855
7880,2026-10-05T13:07:57,2026-10-05T09:05:17,Force Core(High,165000,9900000,60,,9142140
7881,2026-10-05T13:09:05,2026-10-05T09:05:17,Upgrade Core (Ultimate,478646,2393230,5,,2265800
7882,2026-10-05T13:10:41,2026-10-05T09:05:17,Chaos Core Set,719933,241897823,336,,237829872
7883,2026-10-05T13:12:46,2026-10-05T09:05:17,Chaos Core,709701,709701,1,,714995
7884,2026-10-05T13:13:56,2026-10-05T09:05:17,Chaos Core,709043,709043,1,,714995
7885,2026-10-05T13:14:37,2026-10-05T09:05:17,Chaos Core,708479,708479,1,,714995
7886,2026-10-05T13:15:09,2026-10-05T09:05:17,Chaos Core,707819,707819,1,,714995
7887,2026-10-05T13:17:47,2026-10-05T09:05:17,Chaos Core Set X 18,719926,12958685,18,,12842298
7888,2026-10-05T13:20:29,2026-10-05T09:05:17,Chaos Core,714428,714428,1,,714995
7889,2026-10-05T13:21:45,2026-10-05T09:05:17,Chaos Core,702886,702886,1,,705000
7890,2026-10-05T13:22:30,2026-10-05T09:05:17,Chaos Core,704321,704321,1,,714995
7891,2026-10-05T13:23:03,2026-10-05T09:05:17,Chaos Core,703807,703807,1,,705000
7892,2026-10-05T13:32:21,2026-10-05T09:05:17,Chaos Core,714396,714396,1,,714995
7893,2026-10-05T13:33:32,2026-10-05T09:05:17,Chaos Core,713842,713842,1,,714995
7894,2026-10-05T13:34:08,2026-10-05T09:05:17,Chaos Core,713332,713332,1,,714995
7895,2026-10-05T13:34:41,2026-10-05T09:05:17,Chaos Core,712632,712632,1,,713840
7896,2026-10-05T13:38:29,2026-10-05T09:05:17,Chaos Core Set X 288,719902,207332063,288,,205414560
7897,2026-10-05T13:41:55,2026-10-05T09:05:17,Chaos Core,711971,711971,1,,712632
7898,2026-10-05T13:43:08,2026-10-05T09:05:17,Chaos Core,711407,711407,1,,711971
7899,2026-10-05T13:43:45,2026-10-05T09:05:17,Chaos Core,710724,710724,1,,711971
7900,2026-10-05T13:44:20,2026-10-05T09:05:17,Chaos Core,711332,711332,1,,711971
7901,2026-10-05T13:52:28,2026-10-05T09:05:17,Chaos Core,711371,711371,1,,711971
7902,2026-10-05T13:55:15,2026-10-05T09:05:17,Chaos Core,710808,710808,1,,711971
7903,2026-10-05T13:55:45,2026-10-05T09:05:17,Chaos Core,710169,710169,1,,711971
7904,2026-10-05T13:56:18,2026-10-05T09:05:17,Chaos Core,709594,709594,1,,710808
7905,2026-10-05T13:57:42,2026-10-05T09:05:17,Force Core (Ultimate,320000,6400000,20,,6071420
7906,2026-10-05T14:00:20,2026-10-05T09:05:17,Force Core(Highest,180000,21960000,122,,21350000
7907,2026-10-05T14:03:22,2026-10-05T09:05:17,Chaos Core,709420,709420,1,,710000
7908,2026-10-05T14:04:30,2026-10-05T09:05:17,Chaos Core,708920,708920,1,,709420
7909,2026-10-05T14:05:01,2026-10-05T09:05:17,Chaos Core,708385,708385,1,,709420
7910,2026-10-05T14:05:32,2026-10-05T09:05:17,Chaos Core,707793,707793,1,,709420
7911,2026-10-05T14:06:28,2026-10-05T09:05:17,Force Core (Ultimate,320000,4160000,13,,3946423
7912,2026-10-05T14:11:53,2026-10-05T09:05:17,Chaos Core,708800,708800,1,,709420
7913,2026-10-05T14:13:02,2026-10-05T09:05:17,Chaos Core,708801,708801,1,,709420
7914,2026-10-05T14:13:35,2026-10-05T09:05:17,Chaos Core,708886,708886,1,,709420
7915,2026-10-05T14:15:23,2026-10-05T09:05:17,Chaos Core,708868,708868,1,,709420
7916,2026-10-05T14:51:34,2026-10-05T14:23:07,Chaos Core,699390,699390,1,,742342
7917,2026-10-05T14:52:26,2026-10-05T14:23:07,Upgrade Core (Ultimate,478626,1435878,3,,1471467
7918,2026-10-05T14:52:52,2026-10-05T14:23:07,Chaos Core,698842,698842,1,,742342
7919,2026-10-05T14:53:28,2026-10-05T14:23:07,Chaos Core,698153,698153,1,,742342
7920,2026-10-05T14:54:05,2026-10-05T14:23:07,Chaos Core,697012,697012,1,,711971
7921,2026-10-05T14:55:28,2026-10-05T14:23:07,Force Core (Ultimate,320000,3200000,10,,2678570
7922,2026-10-05T14:55:43,2026-10-05T14:23:07,Force Core (Ultimate,320000,960000,3,,803571
7923,2026-10-05T14:56:02,2026-10-05T14:23:07,Upgrade Core (Ultimate,478625,94767750,198,,97116822
7924,2026-10-05T15:00:25,2026-10-05T14:23:07,Force Core(High,165000,28050000,170,,25902730
7925,2026-10-05T15:01:14,2026-10-05T14:23:07,Force Core(High,165000,3300000,20,,3047380
7926,2026-10-05T15:07:56,2026-10-05T14:23:07,Chaos Core,711349,711349,1,,714278
7927,2026-10-05T15:08:28,2026-10-05T14:23:07,Chaos Core,710782,710782,1,,714278
7928,2026-10-05T15:09:09,2026-10-05T14:23:07,Chaos Core,710117,710117,1,,713608
7929,2026-10-05T15:22:07,2026-10-05T14:23:07,Force Core (Ultimate,320000,12800000,40,,10714280
7930,2026-10-05T15:29:54,2026-10-05T14:23:07,Chaos Core,711337,711337,1,,714900
7931,2026-10-05T15:37:44,2026-10-05T14:23:07,Force Core(High,165000,17160000,104,,15846376
7932,2026-10-05T15:40:03,2026-10-05T14:23:07,Chaos Core,715000,2145000,3,,2160000
7933,2026-10-05T15:40:59,2026-10-05T14:23:07,Chaos Core,708944,708944,1,,711857
7934,2026-10-05T15:41:32,2026-10-05T14:23:07,Chaos Core,708343,708343,1,,711857
7935,2026-10-05T15:42:09,2026-10-05T14:23:07,Chaos Core,707733,707733,1,,711857
7936,2026-10-05T15:44:49,2026-10-05T14:23:07,Force Core (Ultimate,320000,30400000,95,,25446415
7937,2026-10-05T15:45:04,2026-10-05T14:23:07,Force Core (Ultimate,320000,1280000,4,,1071428
7938,2026-10-05T15:50:23,2026-10-05T14:23:07,Yekaterina VIP Membership,112499998,112499998,1,,111900000
7939,2026-10-05T15:51:09,2026-10-05T14:23:07,Chaos Core,719572,719572,1,,720165
7940,2026-10-05T15:52:06,2026-10-05T14:23:07,Chaos Core,718883,718883,1,,720165
7941,2026-10-05T15:52:39,2026-10-05T14:23:07,Chaos Core,718262,718262,1,,720165
7942,2026-10-05T15:53:15,2026-10-05T14:23:07,Chaos Core,717701,717701,1,,720165
7943,2026-10-05T15:56:46,2026-10-05T14:23:07,Force Core(High,165000,4950000,30,,4571070
7944,2026-10-05T16:00:07,2026-10-05T14:23:07,Chaos Core,722140,722140,1,,723845
7945,2026-10-05T16:00:40,2026-10-05T14:23:07,Chaos Core,721592,721592,1,,723845
7946,2026-10-05T16:06:34,2026-10-05T14:23:07,Chaos Core,722012,722012,1,,723845
7947,2026-10-05T16:07:29,2026-10-05T14:23:07,Chaos Core,721316,721316,1,,723845
7948,2026-10-05T16:08:02,2026-10-05T14:23:07,Chaos Core,720631,720631,1,,723845
7949,2026-10-05T16:08:36,2026-10-05T14:23:07,Chaos Core,723319,723319,1,,723845
7950,2026-10-05T16:09:25,2026-10-05T14:23:07,Force Core (Ultimate,320000,74560000,233,,62410681
7951,2026-10-05T16:09:40,2026-10-05T14:23:07,Force Core (Ultimate,320000,16320000,51,,13660707
7952,2026-10-05T16:09:45,2026-10-05T14:23:07,Force Core (Ultimate,320000,20800000,65,,17410705
7953,2026-10-05T16:11:53,2026-10-05T14:23:07,Force Core(High,165000,29700000,180,,27426420
7954,2026-10-05T16:17:46,2026-10-05T14:23:07,Force Core (Ultimate,320000,1280000,4,,1071428
7955,2026-10-05T16:35:54,2026-10-05T14:23:07,Yekaterina VIP Membership,112499998,112499998,1,,111900000
7956,2026-10-05T16:41:01,2026-10-05T14:23:07,Force Core(High,165000,6600000,40,,6094760
7957,2026-10-05T16:41:26,2026-10-05T14:23:07,Force Core (Ultimate,320000,14080000,44,,11785708
7958,2026-10-05T16:50:54,2026-10-05T14:23:07,Chaos Core,709565,709565,1,,724999
7959,2026-10-05T16:52:41,2026-10-05T14:23:07,Chaos Core Set X 240,735364,176487599,240,,170873040
7960,2026-10-05T16:58:40,2026-10-05T14:23:07,Chaos Core Set X 159,735346,116920172,159,,112081485
7961,2026-10-05T17:03:57,2026-10-05T14:23:07,Chaos Core,707325,707325,1,,723845
7962,2026-10-05T17:04:50,2026-10-05T14:23:07,Chaos Core,706790,706790,1,,723845
7963,2026-10-05T17:05:22,2026-10-05T14:23:07,Chaos Core,706108,706108,1,,723845
7964,2026-10-05T17:05:55,2026-10-05T14:23:07,Chaos Core,705604,705604,1,,721596
7965,2026-10-05T17:16:00,2026-10-05T14:23:07,Force Core (Ultimate,320000,54720000,171,,51300000
7966,2026-10-05T17:16:14,2026-10-05T14:23:07,Force Core (Ultimate,320000,64000000,200,,60000000
7967,2026-10-05T17:16:19,2026-10-05T14:23:07,Force Core (Ultimate,320000,56000000,175,,52500000
7968,2026-10-05T17:16:35,2026-10-05T14:23:07,Force Core (Ultimate,320000,11200000,35,,10500000
7969,2026-10-05T17:19:14,2026-10-05T14:23:07,Chaos Core,708712,708712,1,,711937
7970,2026-10-05T17:20:07,2026-10-05T14:23:07,Chaos Core,708121,708121,1,,711937
7971,2026-10-05T17:20:37,2026-10-05T14:23:07,Chaos Core,707434,707434,1,,711937
7972,2026-10-05T17:21:10,2026-10-05T14:23:07,Chaos Core,707462,707462,1,,711937
7973,2026-10-05T17:25:02,2026-10-05T14:23:07,Force Core (Ultimate,320000,6400000,20,,6000000
7974,2026-10-05T17:26:53,2026-10-05T14:23:07,Chaos Core,708786,708786,1,,709347
7975,2026-10-05T17:27:48,2026-10-05T14:23:07,Chaos Core,708241,708241,1,,708786
7976,2026-10-05T17:28:20,2026-10-05T14:23:07,Chaos Core,708157,708157,1,,708786
7977,2026-10-05T17:28:53,2026-10-05T14:23:07,Chaos Core,708132,708132,1,,708786
7978,2026-10-05T17:33:19,2026-10-05T14:23:07,Force Core (Ultimate,320000,2880000,9,,2700000
7979,2026-10-05T17:34:50,2026-10-05T14:23:07,Chaos Core,708147,708147,1,,708786
7980,2026-10-05T17:47:57,2026-10-05T14:23:07,Chaos Core,704400,704400,1,,707505
7981,2026-10-05T17:48:52,2026-10-05T14:23:07,Chaos Core,703869,703869,1,,709347
7982,2026-10-05T17:49:25,2026-10-05T14:23:07,Chaos Core,703227,703227,1,,709347
7983,2026-10-05T17:50:00,2026-10-05T14:23:07,Chaos Core,702597,702597,1,,709347
7984,2026-10-05T18:02:58,2026-10-05T14:23:07,Chaos Core,720315,720315,1,,725000
7985,2026-10-05T18:09:19,2026-10-05T14:23:07,Chaos Core,719698,719698,1,,725000
7986,2026-10-05T18:10:03,2026-10-05T14:23:07,Chaos Core,718505,718505,1,,722770
7987,2026-10-05T18:15:46,2026-10-05T14:23:07,Chaos Core,718486,718486,1,,725000
7988,2026-10-05T18:17:05,2026-10-05T14:23:07,Chaos Core,717349,717349,1,,719074
7989,2026-10-05T18:37:59,2026-10-05T18:36:37,Chaos Core,712448,712448,1,,742342
7990,2026-10-05T18:38:06,2026-10-05T18:36:37,Chaos Core,711835,711835,1,,742342
7991,2026-10-05T18:38:11,2026-10-05T18:36:37,Chaos Core,711324,711324,1,,742342
7992,2026-10-05T18:38:16,2026-10-05T18:36:37,Chaos Core,710751,710751,1,,742342
7993,2026-10-05T19:13:42,2026-10-05T18:39:27,Force Core(High,165000,4950000,30,,3600000
7994,2026-10-05T19:14:59,2026-10-05T18:39:27,Chaos Core,717761,717761,1,,723922
7995,2026-10-05T19:15:33,2026-10-05T18:39:27,Chaos Core,717255,717255,1,,722650
7996,2026-10-05T19:16:07,2026-10-05T18:39:27,Chaos Core,716641,716641,1,,720892
7997,2026-10-05T19:18:42,2026-10-05T18:39:27,Chaos Core,716005,716005,1,,725000
7998,2026-10-05T19:21:26,2026-10-05T18:39:27,Chaos Core Set X 252,720378,181535507,252,,182700000
7999,2026-10-05T19:21:52,2026-10-05T18:39:27,Upgrade Core (Ultimate,478412,47841200,100,,45316000
8000,2026-10-05T19:22:07,2026-10-05T18:39:27,Upgrade Core (Ultimate,478411,7654576,16,,7250560
8001,2026-10-05T19:39:27,2026-10-05T18:39:27,Chaos Core,710612,710612,1,,715928
8002,2026-10-05T19:41:36,2026-10-05T18:39:27,Force Core(High,165000,4785000,29,,3480000
8003,2026-10-05T19:42:14,2026-10-05T18:39:27,Force Core(High,165000,15180000,92,,11040000
8004,2026-10-05T19:43:13,2026-10-05T18:39:27,Chaos Core,710091,710091,1,,717761
8005,2026-10-05T19:43:45,2026-10-05T18:39:27,Chaos Core,709542,709542,1,,717761
8006,2026-10-05T19:44:18,2026-10-05T18:39:27,Chaos Core,708988,708988,1,,717248
8007,2026-10-05T19:57:41,2026-10-05T18:39:27,Chaos Core,707062,707062,1,,710092
8008,2026-10-05T19:58:12,2026-10-05T18:39:27,Chaos Core,706488,706488,1,,710092
8009,2026-10-05T19:58:45,2026-10-05T18:39:27,Chaos Core,705913,705913,1,,710092
8010,2026-10-05T20:01:58,2026-10-05T18:39:27,Chaos Core,706924,706924,1,,710612
8011,2026-10-05T20:15:25,2026-10-05T18:39:27,Chaos Core,702472,702472,1,,707500
8012,2026-10-05T20:19:02,2026-10-05T18:39:27,Chaos Core,701855,701855,1,,707500
8013,2026-10-05T20:19:34,2026-10-05T18:39:27,Chaos Core,701248,701248,1,,707500
8014,2026-10-05T20:20:08,2026-10-05T18:39:27,Chaos Core,700706,700706,1,,707500
8015,2026-10-05T20:24:44,2026-10-05T18:39:27,Chaos Core,706799,706799,1,,707499
8016,2026-10-05T20:26:20,2026-10-05T18:39:27,Chaos Core Set X 255,720275,183670379,255,,184875000
8017,2026-10-05T20:26:25,2026-10-05T18:39:27,Chaos Core Set X 177,720274,127488674,177,,128325000
8018,2026-10-05T20:28:07,2026-10-05T18:39:27,Chaos Core Set X 249,720273,179348225,249,,180525000
8019,2026-10-05T20:29:31,2026-10-05T18:39:27,Chaos Core Set X 189,720272,136131596,189,,137025000
8020,2026-10-05T20:31:04,2026-10-05T18:39:27,Chaos Core Set X 309,720271,222564047,309,,224025000
8021,2026-10-05T20:36:53,2026-10-05T18:39:27,Chaos Core Set X 249,720272,179347976,249,,180525000
8022,2026-10-05T20:38:38,2026-10-05T18:39:27,Chaos Core Set X 246,720271,177186911,246,,178350000
8023,2026-10-05T20:41:43,2026-10-05T18:39:27,Chaos Core Set X 174,720270,125327153,174,,126150000
8024,2026-10-05T20:42:13,2026-10-05T18:39:27,Chaos Core Set X 249,720269,179347229,249,,180525000
8025,2026-10-05T20:44:14,2026-10-05T18:39:27,Chaos Core Set X 213,720268,153417296,213,,154425000
8026,2026-10-05T20:44:44,2026-10-05T18:39:27,Chaos Core Set,720269,179347229,249,,176167500
8027,2026-10-05T20:45:13,2026-10-05T18:39:27,Chaos Core Set,720268,140452454,195,,137487285
8028,2026-10-05T20:48:05,2026-10-05T18:39:27,Chaos Core Set,720266,136130462,189,,133259364
8029,2026-10-05T20:48:34,2026-10-05T18:39:27,Chaos Core Set,720265,153416657,213,,150697500
8030,2026-10-05T20:56:42,2026-10-05T18:39:27,Chaos Core Set X 288,720269,207437759,288,,208800000
8031,2026-10-05T20:58:59,2026-10-05T18:39:27,Chaos Core,702310,702310,1,,707500
8032,2026-10-05T21:02:43,2026-10-05T18:39:27,Chaos Core,701710,701710,1,,707499
8033,2026-10-05T21:03:15,2026-10-05T18:39:27,Chaos Core,701091,701091,1,,707499
8034,2026-10-05T21:03:50,2026-10-05T18:39:27,Chaos Core,700571,700571,1,,707499
8035,2026-10-05T21:08:26,2026-10-05T18:39:27,Chaos Core Set X 60,720292,43217579,60,,42143820
8036,2026-10-05T21:15:57,2026-10-05T18:39:27,Chaos Core Set X 162,720289,116686979,162,,114655986
8037,2026-10-05T21:16:22,2026-10-05T18:39:27,Chaos Core Set X 294,720288,211764965,294,,209736072
8038,2026-10-05T21:34:45,2026-10-05T18:39:27,Chaos Core,710427,710427,1,,718461
8039,2026-10-05T21:39:37,2026-10-05T18:39:27,Chaos Core,709870,709870,1,,717999
8040,2026-10-05T21:41:31,2026-10-05T18:39:27,Chaos Core,709307,709307,1,,717999
8041,2026-10-05T21:42:02,2026-10-05T18:39:27,Chaos Core,708663,708663,1,,717999
8042,2026-10-05T21:43:06,2026-10-05T18:39:27,Upgrade Core (Ultimate,478272,82262784,172,,77943520
8043,2026-10-05T21:47:21,2026-10-05T18:39:27,Chaos Core,723822,723822,1,,724435
8044,2026-10-05T21:49:13,2026-10-05T18:39:27,Chaos Core,723874,723874,1,,724435
8045,2026-10-05T21:51:09,2026-10-05T18:39:27,Chaos Core,723354,723354,1,,724435
8046,2026-10-05T21:51:57,2026-10-05T18:39:27,Chaos Core,722671,722671,1,,724999
8047,2026-10-05T21:52:50,2026-10-05T18:39:27,Chaos Core Set X 18,720277,12965003,18,,12908304
8048,2026-10-05T21:56:00,2026-10-05T18:39:27,Chaos Core Set X 18,720276,12964985,18,,12864150
8049,2026-10-05T21:56:26,2026-10-05T18:39:27,Upgrade Core (Ultimate,478265,956530,2,,906320
8050,2026-10-05T21:58:35,2026-10-05T18:39:27,Force Core(High,165000,16500000,100,,15942800
8051,2026-10-05T22:01:23,2026-10-05T18:39:27,Chaos Core,720843,720843,1,,724435
8052,2026-10-05T22:03:07,2026-10-05T18:39:27,Chaos Core,720336,720336,1,,724435
8053,2026-10-05T22:03:37,2026-10-05T18:39:27,Chaos Core,719812,719812,1,,724435
8054,2026-10-05T22:04:22,2026-10-05T18:39:27,Chaos Core,719288,719288,1,,723248
8055,2026-10-05T22:05:23,2026-10-05T18:39:27,Force Core(High,165000,3300000,20,,3188560
8056,2026-10-05T22:08:11,2026-10-05T18:39:27,Chaos Core,722321,722321,1,,723000
8057,2026-10-05T22:10:18,2026-10-05T18:39:27,Chaos Core Set X 18,720283,12965111,18,,12958758
8058,2026-10-05T22:13:49,2026-10-05T18:39:27,Chaos Core,720627,720627,1,,721671
8059,2026-10-05T22:15:33,2026-10-05T18:39:27,Chaos Core,720123,720123,1,,723000
8060,2026-10-05T22:16:04,2026-10-05T18:39:27,Chaos Core,719616,719616,1,,723000
8061,2026-10-05T22:16:38,2026-10-05T18:39:27,Chaos Core,718984,718984,1,,721671
8062,2026-10-05T22:19:02,2026-10-05T18:39:27,Force Core(High,165000,4950000,30,,4782840
8063,2026-10-05T22:21:50,2026-10-05T18:39:27,Chaos Core,722417,722417,1,,723000
8064,2026-10-05T22:22:25,2026-10-05T18:39:27,Force Core(High,165000,1815000,11,,1320000
8065,2026-10-05T22:23:34,2026-10-05T18:39:27,Chaos Core,721764,721764,1,,722417
8066,2026-10-05T22:25:00,2026-10-05T18:39:27,Force Core(High,165000,3300000,20,,3188560
8067,2026-10-05T22:28:35,2026-10-05T18:39:27,Chaos Core,720106,720106,1,,720611
8068,2026-10-05T22:53:52,2026-10-05T18:39:27,Upgrade Core (Ultimate,478241,3347687,7,,3172120
8069,2026-10-05T22:54:48,2026-10-05T18:39:27,Chaos Core,720044,720044,1,,720611
8070,2026-10-05T22:55:22,2026-10-05T18:39:27,Chaos Core,719537,719537,1,,722000
8071,2026-10-05T22:55:57,2026-10-05T18:39:27,Chaos Core,718904,718904,1,,722000
8072,2026-10-05T22:56:34,2026-10-05T18:39:27,Upgrade Core (Ultimate,478244,2391220,5,,2265800
8073,2026-10-05T23:01:35,2026-10-05T18:39:27,Upgrade Core (Ultimate,478240,3347680,7,,3172120
8074,2026-10-05T23:01:50,2026-10-05T18:39:27,Upgrade Core (Ultimate,478243,1912972,4,,1812640
8075,2026-10-05T23:02:08,2026-10-05T18:39:27,Chaos Core Set X 18,722543,13005774,18,,13005774
8076,2026-10-05T23:03:02,2026-10-05T18:39:27,Chaos Core Set,735503,127977695,174,,126151392
8077,2026-10-05T23:04:49,2026-10-05T18:39:27,Chaos Core Set,735502,114738467,156,,113301864
8078,2026-10-05T23:04:59,2026-10-05T18:39:27,Chaos Core Set,735501,119151323,162,,117791010
8079,2026-10-05T23:05:10,2026-10-05T18:39:27,Chaos Core Set,735500,247128335,336,,245181216
8080,2026-10-05T23:05:21,2026-10-05T18:39:27,Chaos Core Set,735499,139009499,189,,136420200
8081,2026-10-05T23:10:33,2026-10-05T18:39:27,Yekaterina VIP Membership,112499998,112499998,1,,111900000
8082,2026-10-05T23:14:31,2026-10-05T18:39:27,Upgrade Core (Ultimate,478242,478242,1,,453160
8083,2026-10-05T23:14:50,2026-10-05T18:39:27,Chaos Core,722332,722332,1,,723248
8084,2026-10-05T23:14:59,2026-10-05T18:39:27,Upgrade Core (Ultimate,478241,14347230,30,,13594800
8085,2026-10-05T23:15:34,2026-10-05T18:39:27,Force Core (Ultimate,320000,64000000,200,,59999800
8086,2026-10-05T23:15:39,2026-10-05T18:39:27,Force Core (Ultimate,320000,61120000,191,,57299809
8087,2026-10-05T23:15:43,2026-10-05T18:39:27,Chaos Core,721104,721104,1,,721800
8088,2026-10-05T23:16:21,2026-10-05T18:39:27,Chaos Core,720528,720528,1,,721800
8089,2026-10-05T23:16:54,2026-10-05T18:39:27,Chaos Core,719994,719994,1,,721800
8090,2026-10-05T23:25:03,2026-10-05T18:39:27,Force Core(High,165000,8250000,50,,7907900
8091,2026-10-05T23:28:28,2026-10-05T18:39:27,Chaos Core Set X 237,735486,174310418,237,,172294971
8092,2026-10-05T23:34:26,2026-10-05T18:39:27,Chaos Core Set,735479,119147759,162,,116964000
8093,2026-10-05T23:39:16,2026-10-05T18:39:27,Upgrade Core (Ultimate,478236,14347080,30,,13594800
8094,2026-10-05T23:39:44,2026-10-05T18:39:27,Force Core(High,165000,1650000,10,,1581580
8095,2026-10-05T23:39:59,2026-10-05T18:39:27,Chaos Core Set X 222,735485,163277891,222,,160524204
8096,2026-10-05T23:40:53,2026-10-05T18:39:27,Chaos Core Set X 255,735484,187548674,255,,184267080
8097,2026-10-05T23:41:04,2026-10-05T18:39:27,Chaos Core Set X 186,735483,136800023,186,,134837166
8098,2026-10-05T23:41:15,2026-10-05T18:39:27,Chaos Core Set X 195,735482,143419184,195,,142350000
8099,2026-10-05T23:41:26,2026-10-05T18:39:27,Chaos Core Set X 159,735481,116941637,159,,115930398
8100,2026-10-05T23:41:37,2026-10-05T18:39:27,Chaos Core,719672,719672,1,,730000
8101,2026-10-05T23:42:08,2026-10-05T18:39:27,Chaos Core Set X 249,735480,183134768,249,,181770000
8102,2026-10-05T23:44:22,2026-10-05T18:39:27,Chaos Core Set X 225,735479,165482999,225,,163129950
8103,2026-10-05T23:52:50,2026-10-05T18:39:27,Blessing Bead - Superior,163001000,163001000,1,,163001000
8104,2026-10-05T23:56:06,2026-10-05T18:39:27,Chaos Core,719112,719112,1,,724999
8105,2026-10-05T23:56:46,2026-10-05T18:39:27,Chaos Core,718532,718532,1,,724999
8106,2026-10-05T23:57:19,2026-10-05T18:39:27,Chaos Core,717897,717897,1,,724999
8107,2026-10-05T23:58:37,2026-10-05T18:39:27,Chaos Core,729353,729353,1,,730000
8108,2026-10-06T00:04:16,2026-10-05T18:39:27,Chaos Core,729182,729182,1,,729775
8109,2026-10-06T00:04:56,2026-10-05T18:39:27,Chaos Core,728615,728615,1,,729775
8110,2026-10-06T00:05:34,2026-10-05T18:39:27,Chaos Core,728115,728115,1,,729775
8111,2026-10-06T00:09:55,2026-10-05T18:39:27,Chaos Core Set X 303,735432,222836198,303,,218060616
8112,2026-10-06T00:11:38,2026-10-05T18:39:27,Chaos Core Set X 195,735431,143409239,195,,142349610
8113,2026-10-06T00:11:49,2026-10-05T18:39:27,Chaos Core Set X 195,735429,143408849,195,,142341225
8114,2026-10-06T00:12:01,2026-10-05T18:39:27,Chaos Core Set X 249,735428,183121820,249,,181770000
8115,2026-10-06T00:18:04,2026-10-05T18:39:27,Chaos Core,726874,726874,1,,729775
8116,2026-10-06T00:18:40,2026-10-05T18:39:27,Chaos Core,726224,726224,1,,730000
8117,2026-10-06T00:19:26,2026-10-05T18:39:27,Chaos Core,725574,725574,1,,730000
8118,2026-10-06T00:21:41,2026-10-05T18:39:27,Chaos Core,724939,724939,1,,729775
8119,2026-10-06T00:22:28,2026-10-05T18:39:27,Chaos Core Set X 291,735424,214008674,291,,212430000
8120,2026-10-06T00:24:34,2026-10-05T18:39:27,Chaos Core Set X 249,735423,183120575,249,,181770000
8121,2026-10-06T00:26:40,2026-10-05T18:39:27,Chaos Core Set X 282,735422,207389285,282,,202947504
8122,2026-10-06T00:27:24,2026-10-05T18:39:27,Chaos Core Set X 246,735420,180913565,246,,177039312
8123,2026-10-06T00:27:56,2026-10-05T18:39:27,Chaos Core Set,735419,185325839,252,,183960000
8124,2026-10-06T00:28:32,2026-10-05T18:39:27,Force Core (Ultimate,320000,3200000,10,,3002990
8125,2026-10-06T00:29:12,2026-10-05T18:39:27,Chaos Core Set,735411,70599551,96,,70081536
8126,2026-10-06T00:40:54,2026-10-05T18:39:27,Yekaterina VIP Membership,112499998,112499998,1,,111900000
8127,2026-10-06T00:42:35,2026-10-05T18:39:27,Chaos Core,728317,728317,1,,730745
8128,2026-10-06T00:43:13,2026-10-05T18:39:27,Chaos Core,727798,727798,1,,730000
8129,2026-10-06T00:44:30,2026-10-05T18:39:27,Chaos Core,727181,727181,1,,730745
8130,2026-10-06T00:45:27,2026-10-05T18:39:27,Chaos Core Set,735448,136793513,186,,135259386
8131,2026-10-06T00:46:15,2026-10-05T18:39:27,Chaos Core,727668,727668,1,,730000
8132,2026-10-06T01:02:27,2026-10-05T18:39:27,Chaos Core,725926,725926,1,,738000
8133,2026-10-06T01:03:05,2026-10-05T18:39:27,Chaos Core,725265,725265,1,,738000
8134,2026-10-06T01:04:04,2026-10-05T18:39:27,Force Core(High,165000,4950000,30,,4744740
8135,2026-10-06T01:04:27,2026-10-05T18:39:27,Chaos Core,724566,724566,1,,738000
8136,2026-10-06T01:06:06,2026-10-05T18:39:27,Chaos Core,723962,723962,1,,736878
8137,2026-10-06T01:07:13,2026-10-05T18:39:27,Chaos Core,723460,723460,1,,736878
8138,2026-10-06T01:13:30,2026-10-05T18:39:27,Chaos Core,733640,733640,1,,734984
8139,2026-10-06T01:21:42,2026-10-05T18:39:27,Chaos Core,731249,731249,1,,732531
8140,2026-10-06T01:22:59,2026-10-05T18:39:27,Chaos Core,730663,730663,1,,734984
8141,2026-10-06T01:24:38,2026-10-05T18:39:27,Chaos Core,730122,730122,1,,733759
8142,2026-10-06T01:27:09,2026-10-05T18:39:27,Chaos Core Set X 18,735361,13236515,18,,13205970
8143,2026-10-06T01:30:21,2026-10-05T18:39:27,Chaos Core,729479,729479,1,,733197
8144,2026-10-06T01:30:29,2026-10-05T18:39:27,Chaos Core Set X 18,735360,13236497,18,,13153482
8145,2026-10-06T01:32:06,2026-10-05T18:39:27,Chaos Core Set X 18,735355,13236407,18,,13221252
8146,2026-10-06T01:33:45,2026-10-05T18:39:27,Chaos Core Set,735339,247074239,336,,245332752
8147,2026-10-06T01:39:32,2026-10-05T18:39:27,Chaos Core,730157,730157,1,,730667
8148,2026-10-06T01:39:41,2026-10-05T18:39:27,Chaos Core Set X 18,735347,13236263,18,,13152672
8149,2026-10-06T01:40:29,2026-10-05T18:39:27,Force Core (Ultimate,320000,3200000,10,,3002990
8150,2026-10-06T01:41:12,2026-10-05T18:39:27,Chaos Core,729625,729625,1,,730157
8151,2026-10-06T01:41:56,2026-10-05T18:39:27,Chaos Core Set,735338,143391104,195,,140521875
8152,2026-10-06T01:42:39,2026-10-05T18:39:27,Chaos Core Set X 96,735333,70592063,96,,69458304
8153,2026-10-06T01:43:17,2026-10-05T18:39:27,Chaos Core Set X 336,735332,247071887,336,,244484688
8154,2026-10-06T01:43:28,2026-10-05T18:39:27,Chaos Core,730130,730130,1,,730667
8155,2026-10-06T01:46:35,2026-10-05T18:39:27,Upgrade Core (Ultimate,476952,1430856,3,,1359480
8156,2026-10-06T01:47:07,2026-10-05T18:39:27,Chaos Core,729486,729486,1,,734984
8157,2026-10-06T01:48:59,2026-10-05T18:39:27,Chaos Core,728910,728910,1,,731928
8158,2026-10-06T01:49:33,2026-10-05T18:39:27,Upgrade Core (Ultimate,476951,17170236,36,,16313760
8159,2026-10-06T01:51:02,2026-10-05T18:39:27,Chaos Core,728289,728289,1,,728910
8160,2026-10-06T01:51:34,2026-10-05T18:39:27,Chaos Core Set X 105,735321,77208809,105,,76524525
8161,2026-10-06T01:51:45,2026-10-05T18:39:27,Chaos Core Set X 189,735322,138976046,189,,136198125
8162,2026-10-06T01:51:56,2026-10-05T18:39:27,Chaos Core,733134,733134,1,,733759
8163,2026-10-06T01:52:28,2026-10-05T18:39:27,Chaos Core Set X 123,735320,90444482,123,,89790738
8164,2026-10-06T01:59:08,2026-10-05T18:39:27,Chaos Core,731812,731812,1,,733145
8165,2026-10-06T01:59:50,2026-10-05T18:39:27,Chaos Core,731231,731231,1,,732503
8166,2026-10-06T02:01:41,2026-10-05T18:39:27,Chaos Core,731953,731953,1,,732503
8167,2026-10-06T02:02:30,2026-10-05T18:39:27,Chaos Core,731947,731947,1,,732503
8168,2026-10-06T02:03:19,2026-10-05T18:39:27,Chaos Core,726013,726013,1,,733759
8169,2026-10-06T02:03:52,2026-10-05T18:39:27,Chaos Core Set,735388,61772675,84,,61027176
8170,2026-10-06T02:08:02,2026-10-05T18:39:27,Chaos Core,731306,731306,1,,732005
8171,2026-10-06T02:08:47,2026-10-05T18:39:27,Chaos Core,730670,730670,1,,732000
8172,2026-10-06T02:10:46,2026-10-05T18:39:27,Chaos Core,730124,730124,1,,730670
8173,2026-10-06T02:11:00,2026-10-05T18:39:27,Chaos Core,729592,729592,1,,730670
8174,2026-10-06T02:11:45,2026-10-05T18:39:27,Chaos Core,728924,728924,1,,729592
8175,2026-10-06T02:12:17,2026-10-05T18:39:27,Chaos Core Set,735443,218426867,297,,216661500
8176,2026-10-06T02:17:40,2026-10-05T18:39:27,Chaos Core,730045,730045,1,,730670
8177,2026-10-06T02:18:27,2026-10-05T18:39:27,Chaos Core,729349,729349,1,,730670
8178,2026-10-06T02:20:16,2026-10-05T18:39:27,Chaos Core,730086,730086,1,,730670
8179,2026-10-06T02:21:06,2026-10-05T18:39:27,Chaos Core,729392,729392,1,,730086
8180,2026-10-06T02:21:38,2026-10-05T18:39:27,Chaos Core Set,735399,101485199,138,,100751868
8181,2026-10-06T02:24:40,2026-10-05T18:39:27,Chaos Core,730085,730085,1,,730670
8182,2026-10-06T02:25:25,2026-10-05T18:39:27,Chaos Core,729977,729977,1,,730670
8183,2026-10-06T02:27:11,2026-10-05T18:39:27,Chaos Core,730123,730123,1,,730670
8184,2026-10-06T02:28:06,2026-10-05T18:39:27,Chaos Core,730106,730106,1,,730670
8185,2026-10-06T02:28:38,2026-10-05T18:39:27,Chaos Core,729975,729975,1,,730670
8186,2026-10-06T02:31:55,2026-10-05T18:39:27,Chaos Core,730108,730108,1,,730670
8187,2026-10-06T02:32:17,2026-10-05T18:39:27,Chaos Core,730149,730149,1,,730670
8188,2026-10-06T02:34:20,2026-10-05T18:39:27,Chaos Core,730163,730163,1,,730670
8189,2026-10-06T02:35:34,2026-10-05T18:39:27,Chaos Core,729577,729577,1,,730670
8190,2026-10-06T02:40:11,2026-10-05T18:39:27,Chaos Core,728942,728942,1,,730670
8191,2026-10-06T02:46:21,2026-10-05T18:39:27,Chaos Core,725905,725905,1,,726514
8192,2026-10-06T02:47:17,2026-10-05T18:39:27,Chaos Core,729032,729032,1,,730670
8193,2026-10-06T02:47:49,2026-10-05T18:39:27,Chaos Core,728387,728387,1,,730670
8194,2026-10-06T02:49:43,2026-10-05T18:39:27,Chaos Core Set X 249,735436,183123812,249,,181770000
8195,2026-10-06T02:52:10,2026-10-05T18:39:27,Yekaterina VIP Membership,112499998,112499998,1,,111900000
8196,2026-10-06T02:56:11,2026-10-05T18:39:27,Chaos Core,721183,721183,1,,730670
8197,2026-10-06T02:58:21,2026-10-05T18:39:27,Chaos Core,730080,730080,1,,730670
8198,2026-10-06T02:59:27,2026-10-05T18:39:27,Chaos Core,730034,730034,1,,730670
8199,2026-10-06T02:59:35,2026-10-05T18:39:27,Chaos Core,729494,729494,1,,730670
8200,2026-10-06T03:03:45,2026-10-05T18:39:27,Upgrade Core (Ultimate,476833,1907332,4,,1812640
8201,2026-10-06T03:04:12,2026-10-05T18:39:27,Chaos Core,730045,730045,1,,730670
8202,2026-10-06T03:07:29,2026-10-05T18:39:27,Chaos Core,729442,729442,1,,730670
8203,2026-10-06T03:08:25,2026-10-05T18:39:27,Chaos Core,728930,728930,1,,730670
8204,2026-10-06T03:09:30,2026-10-05T18:39:27,Chaos Core,730152,730152,1,,730670
8205,2026-10-06T03:18:54,2026-10-05T18:39:27,Chaos Core,730106,730106,1,,730670
8206,2026-10-06T03:29:39,2026-10-06T03:24:50,Yekaterina VIP Membership,112499998,112499998,1,,111600000
8207,2026-10-06T03:31:18,2026-10-06T03:24:50,Chaos Core,729362,729362,1,,735380
8208,2026-10-06T03:37:48,2026-10-06T03:24:50,Force Core (Ultimate,320000,3840000,12,,3603360
8209,2026-10-06T03:38:05,2026-10-06T03:24:50,Upgrade Core (Ultimate,476808,21933168,46,,22342844
8210,2026-10-06T03:38:19,2026-10-06T03:24:50,Chaos Core,729998,729998,1,,735380
8211,2026-10-06T03:39:10,2026-10-06T03:24:50,Chaos Core,730161,730161,1,,735380
8212,2026-10-06T03:39:19,2026-10-06T03:24:50,Chaos Core Set X 39,735414,28681184,39,,28470000
8213,2026-10-06T03:41:15,2026-10-06T03:24:50,Chaos Core Set X 42,735413,30887387,42,,30660000
8214,2026-10-06T03:42:51,2026-10-06T03:24:50,Chaos Core,730021,730021,1,,735380
8215,2026-10-06T03:43:23,2026-10-06T03:24:50,Chaos Core Set X 246,735409,180910859,246,,179580000
8216,2026-10-06T03:45:18,2026-10-06T03:24:50,Chaos Core,724463,724463,1,,735380
8217,2026-10-06T03:45:49,2026-10-06T03:24:50,Chaos Core Set X 195,735407,143404559,195,,142350000
8218,2026-10-06T03:46:06,2026-10-06T03:24:50,Chaos Core Set X 171,735405,125754425,171,,124830000
8219,2026-10-06T03:48:39,2026-10-06T03:24:50,Chaos Core Set X 225,735401,165465449,225,,164250000
8220,2026-10-06T03:49:00,2026-10-06T03:24:50,Chaos Core Set X 81,735393,59566913,81,,59130000
8221,2026-10-06T03:49:21,2026-10-06T03:24:50,Chaos Core Set,735368,105893135,144,,105120000
8222,2026-10-06T03:51:03,2026-10-06T03:24:50,Yekaterina VIP Membership,112499998,112499998,1,,111600000
8223,2026-10-06T03:52:30,2026-10-06T03:24:50,Upgrade Core (Ultimate,476801,9536020,20,,9714280
8224,2026-10-06T03:52:57,2026-10-06T03:24:50,Chaos Core,729401,729401,1,,730000
8225,2026-10-06T03:53:54,2026-10-06T03:24:50,Force Core(High,165000,11550000,70,,9968350
8226,2026-10-06T03:53:59,2026-10-06T03:24:50,Force Core(High,165000,1155000,7,,996835
8227,2026-10-06T03:54:18,2026-10-06T03:24:50,Force Core (Ultimate,320000,2880000,9,,2702520
8228,2026-10-06T03:54:52,2026-10-06T03:24:50,Force Core (Ultimate,320000,2880000,9,,2702520
8229,2026-10-06T03:55:08,2026-10-06T03:24:50,Upgrade Core (Ultimate,476798,23363102,49,,23799986
8230,2026-10-06T03:55:12,2026-10-06T03:24:50,Chaos Core,729497,729497,1,,730000
8231,2026-10-06T03:55:52,2026-10-06T03:24:50,Upgrade Core (Ultimate,476795,476795,1,,485714
8232,2026-10-06T03:56:17,2026-10-06T03:24:50,Chaos Core Set,735489,183137009,249,,181770000
8233,2026-10-06T03:56:38,2026-10-06T03:24:50,Chaos Core Set,735487,172104191,234,,170702298
8234,2026-10-06T03:56:49,2026-10-06T03:24:50,Chaos Core,728877,728877,1,,729497
8235,2026-10-06T03:57:21,2026-10-06T03:24:50,Chaos Core Set,735485,46335617,63,,45958815
8236,2026-10-06T03:57:36,2026-10-06T03:24:50,Chaos Core,729990,729990,1,,730670
8237,2026-10-06T03:58:13,2026-10-06T03:24:50,Chaos Core Set,735481,143418989,195,,142348050
8238,2026-10-06T04:06:21,2026-10-06T03:24:50,Chaos Core Set,735478,90463916,123,,89788770
8239,2026-10-06T04:09:45,2026-10-06T03:24:50,Chaos Core,729468,729468,1,,730670
8240,2026-10-06T04:10:50,2026-10-06T03:24:50,Force Core(Highest,189989,189989,1,,190152
8241,2026-10-06T04:11:20,2026-10-06T03:24:50,Chaos Core,728833,728833,1,,730670
8242,2026-10-06T04:12:38,2026-10-06T03:24:50,Chaos Core,729991,729991,1,,730670
8243,2026-10-06T04:13:13,2026-10-06T03:24:50,Chaos Core,729395,729395,1,,729991
8244,2026-10-06T04:18:43,2026-10-06T03:24:50,Chaos Core Set,735466,110320049,150,,109479750
8245,2026-10-06T04:18:54,2026-10-06T03:24:50,Chaos Core Set,735464,57366269,78,,56939298
8246,2026-10-06T04:19:05,2026-10-06T03:24:50,Chaos Core Set,735463,154447439,210,,150641190
8247,2026-10-06T04:28:26,2026-10-06T03:24:50,Force Core (Ultimate,320000,2880000,9,,2702520
8248,2026-10-06T04:28:30,2026-10-06T03:24:50,Chaos Core,725488,725488,1,,730670
8249,2026-10-06T04:34:04,2026-10-06T03:24:50,Chaos Core Set,735455,86048351,117,,85127445
8250,2026-10-06T04:34:15,2026-10-06T03:24:50,Force Core (Ultimate,320000,320000,1,,300280
8251,2026-10-06T04:34:19,2026-10-06T03:24:50,Force Core (Ultimate,320000,960000,3,,900840
8252,2026-10-06T04:34:24,2026-10-06T03:24:50,Chaos Core,724812,724812,1,,730670
8253,2026-10-06T04:34:56,2026-10-06T03:24:50,Chaos Core,724142,724142,1,,724812
8254,2026-10-06T04:36:52,2026-10-06T03:24:50,Chaos Core,723561,723561,1,,724142
8255,2026-10-06T04:37:26,2026-10-06T03:24:50,Chaos Core Set X 114,735480,83844833,114,,82513656
8256,2026-10-06T04:38:08,2026-10-06T03:24:50,Chaos Core,729993,729993,1,,730670
8257,2026-10-06T04:38:40,2026-10-06T03:24:50,Chaos Core Set,735470,83843693,114,,83220570
8258,2026-10-06T04:42:22,2026-10-06T03:24:50,Chaos Core Set,735462,121351394,165,,120449670
8259,2026-10-06T04:42:32,2026-10-06T03:24:50,Chaos Core Set,735461,108112913,147,,107310441
8260,2026-10-06T04:42:43,2026-10-06T03:24:50,Chaos Core Set,735460,48540425,66,,48180924
8261,2026-10-06T04:46:22,2026-10-06T03:24:50,Upgrade Core (Ultimate,476927,26707912,56,,27199984
8262,2026-10-06T04:46:27,2026-10-06T03:24:50,Chaos Core Set,735457,183129041,249,,181768257
8263,2026-10-06T04:46:38,2026-10-06T03:24:50,Chaos Core,730017,730017,1,,730670
8264,2026-10-06T04:47:10,2026-10-06T03:24:50,Chaos Core,729325,729325,1,,730670
8265,2026-10-06T04:47:44,2026-10-06T03:24:50,Chaos Core Set,735479,99289799,135,,98553645
8266,2026-10-06T04:48:01,2026-10-06T03:24:50,Chaos Core,729972,729972,1,,730670
8267,2026-10-06T04:48:34,2026-10-06T03:24:50,Chaos Core,730116,730116,1,,730670
8268,2026-10-06T04:49:12,2026-10-06T03:24:50,Chaos Core Set,735478,22064369,30,,21784680
8269,2026-10-06T04:49:48,2026-10-06T03:24:50,Chaos Core,729991,729991,1,,730670
8270,2026-10-06T04:53:54,2026-10-06T03:24:50,Chaos Core,730069,730069,1,,730670
8271,2026-10-06T04:54:25,2026-10-06T03:24:50,Chaos Core,729568,729568,1,,730670
8272,2026-10-06T05:00:05,2026-10-06T03:24:50,Chaos Core,728752,728752,1,,729412
8273,2026-10-06T05:02:00,2026-10-06T03:24:50,Chaos Core,728094,728094,1,,729412
8274,2026-10-06T05:03:02,2026-10-06T03:24:50,Chaos Core,727432,727432,1,,730670
8275,2026-10-06T05:03:58,2026-10-06T03:24:50,Chaos Core,726807,726807,1,,730670
8276,2026-10-06T05:16:36,2026-10-06T03:24:50,Chaos Core,723125,723125,1,,729519
8277,2026-10-06T05:20:44,2026-10-06T03:24:50,Force Core (Ultimate,320000,3200000,10,,3002800
8278,2026-10-06T05:21:19,2026-10-06T03:24:50,Force Core (Ultimate,320000,3200000,10,,3002990
8279,2026-10-06T05:24:16,2026-10-06T03:24:50,Chaos Core,720828,720828,1,,730670
8280,2026-10-06T05:24:48,2026-10-06T03:24:50,Chaos Core,720307,720307,1,,730670
8281,2026-10-06T05:25:22,2026-10-06T03:24:50,Force Core(High,165000,2310000,14,,2030098
8282,2026-10-06T05:25:54,2026-10-06T03:24:50,Chaos Core,719767,719767,1,,730670
8283,2026-10-06T05:26:59,2026-10-06T03:24:50,Chaos Core,719253,719253,1,,722580
8284,2026-10-06T05:46:36,2026-10-06T03:24:50,Chaos Core,715857,715857,1,,720000
8285,2026-10-06T05:47:37,2026-10-06T03:24:50,Chaos Core,715181,715181,1,,718960
8286,2026-10-06T05:48:46,2026-10-06T03:24:50,Chaos Core Set,735462,183130286,249,,179923167
8287,2026-10-06T05:49:04,2026-10-06T03:24:50,Chaos Core Set,735459,176510399,240,,173888400
8288,2026-10-06T05:49:23,2026-10-06T03:24:50,Chaos Core Set,735457,116937821,159,,115855827
8289,2026-10-06T05:52:16,2026-10-06T03:24:50,Chaos Core,714632,714632,1,,720000
8290,2026-10-06T05:52:51,2026-10-06T03:24:50,Chaos Core,714025,714025,1,,720000
8291,2026-10-06T05:55:08,2026-10-06T03:24:50,Force Core (Ultimate,320000,320000,1,,300299
8292,2026-10-06T05:55:34,2026-10-06T03:24:50,Chaos Core Set X 63,735451,46333475,63,,45889326
8293,2026-10-06T06:05:50,2026-10-06T03:24:50,Chaos Core,728508,728508,1,,730670
8294,2026-10-06T06:09:26,2026-10-06T03:24:50,Chaos Core,725256,725256,1,,726514
8295,2026-10-06T06:10:21,2026-10-06T03:24:50,Chaos Core,727961,727961,1,,730670
8296,2026-10-06T06:12:34,2026-10-06T03:24:50,Chaos Core,727301,727301,1,,730670
8297,2026-10-06T06:14:54,2026-10-06T03:24:50,Chaos Core Set X 174,735449,127968299,174,,125523426
8298,2026-10-06T06:15:16,2026-10-06T03:24:50,Chaos Core Set,735446,205189712,279,,202697127
8299,2026-10-06T06:15:38,2026-10-06T03:24:50,Chaos Core Set,735444,240490514,327,,237567135
8300,2026-10-06T06:18:47,2026-10-06T03:24:50,Chaos Core,725875,725875,1,,730670
8301,2026-10-06T06:21:04,2026-10-06T03:24:50,Chaos Core,728710,728710,1,,729991
8302,2026-10-06T06:21:52,2026-10-06T03:24:50,Chaos Core Set X 24,735434,17650439,24,,17436336
8303,2026-10-06T06:22:17,2026-10-06T03:24:50,Chaos Core Set X 78,735433,57363851,78,,56940546
8304,2026-10-06T06:31:41,2026-10-06T03:24:50,Force Core(High,165000,1650000,10,,1450070
8305,2026-10-06T06:40:22,2026-10-06T03:24:50,Chaos Core Set,735480,165483224,225,,163598850
8306,2026-10-06T06:45:30,2026-10-06T03:24:50,Chaos Core Set,735468,19857662,27,,19612800
8307,2026-10-06T06:55:59,2026-10-06T06:51:20,Blessing Bead - Superior,192999995,192999995,1,,163001000
8308,2026-10-06T07:00:28,2026-10-06T06:51:20,Chaos Core,726542,726542,1,,735475
8309,2026-10-06T07:02:21,2026-10-06T06:51:20,Chaos Core,725221,725221,1,,735475
8310,2026-10-06T07:05:44,2026-10-06T06:51:20,Chaos Core,724687,724687,1,,735475
8311,2026-10-06T07:06:16,2026-10-06T06:51:20,Force Core (Ultimate,320000,2560000,8,,2402256
8312,2026-10-06T07:06:42,2026-10-06T06:51:20,Chaos Core Set X 249,735476,183133772,249,,180276000
8313,2026-10-06T07:07:27,2026-10-06T06:51:20,Chaos Core Set X 231,735471,169894031,231,,167244000
8314,2026-10-06T07:08:09,2026-10-06T06:51:20,Force Core(Highest,193996,6013876,31,,5859000
8315,2026-10-06T07:14:09,2026-10-06T06:51:20,Chaos Core,723432,723432,1,,730670
8316,2026-10-06T07:14:42,2026-10-06T06:51:20,Chaos Core,722840,722840,1,,735475
8317,2026-10-06T07:15:18,2026-10-06T06:51:20,Force Core(High,165000,660000,4,,632632
8318,2026-10-06T07:15:59,2026-10-06T06:51:20,Chaos Core,722257,722257,1,,722840
8319,2026-10-06T07:17:14,2026-10-06T06:51:20,Chaos Core,721671,721671,1,,722257
8320,2026-10-06T07:33:00,2026-10-06T06:51:20,Chaos Core Set,735431,172091087,234,,168246000
8321,2026-10-06T07:34:44,2026-10-06T06:51:20,Chaos Core Set,735425,147820625,201,,144522417
8322,2026-10-06T07:38:25,2026-10-06T06:51:20,Chaos Core,721706,721706,1,,730670
8323,2026-10-06T07:40:21,2026-10-06T06:51:20,Force Core (Ultimate,320000,6400000,20,,6005640
8324,2026-10-06T07:41:44,2026-10-06T06:51:20,Chaos Core Set X 255,735418,187531844,255,,183571695
8325,2026-10-06T07:44:04,2026-10-06T06:51:20,Chaos Core Set X 201,735416,147818816,201,,144519000
8326,2026-10-06T07:45:40,2026-10-06T06:51:20,Chaos Core Set,735414,247099439,336,,241584000
8327,2026-10-06T07:47:58,2026-10-06T06:51:20,Chaos Core Set,735413,247099103,336,,241584000
8328,2026-10-06T07:48:27,2026-10-06T06:51:20,Chaos Core Set X 180,735412,132374339,180,,129432780
8329,2026-10-06T07:52:56,2026-10-06T06:51:20,Chaos Core,718405,718405,1,,719000
8330,2026-10-06T07:53:27,2026-10-06T06:51:20,Chaos Core,717737,717737,1,,730670
8331,2026-10-06T07:54:32,2026-10-06T06:51:20,Chaos Core,717167,717167,1,,730670
8332,2026-10-06T07:55:17,2026-10-06T06:51:20,Force Core (Ultimate,320000,32000000,100,,30028200
8333,2026-10-06T07:55:37,2026-10-06T06:51:20,Chaos Core,716639,716639,1,,720000
8334,2026-10-06T07:56:10,2026-10-06T06:51:20,Force Core (Ultimate,320000,48000000,150,,45042300
8335,2026-10-06T07:56:24,2026-10-06T06:51:20,Chaos Core Set X 186,735411,136786631,186,,135135138
8336,2026-10-06T07:57:00,2026-10-06T06:51:20,Chaos Core Set X 120,735410,88249319,120,,86742720
8337,2026-10-06T07:58:48,2026-10-06T06:51:20,Chaos Core Set X 36,735409,26474759,36,,25998156
8338,2026-10-06T08:00:24,2026-10-06T06:51:20,Chaos Core Set,735408,13237361,18,,13140396
8339,2026-10-06T08:00:55,2026-10-06T06:51:20,Chaos Core Set X 87,735407,63980495,87,,62576403
8340,2026-10-06T08:01:21,2026-10-06T06:51:20,Chaos Core Set,735405,247096415,336,,240790704
8341,2026-10-06T08:01:47,2026-10-06T06:51:20,Chaos Core Set,735403,169878323,231,,165563475
8342,2026-10-06T08:01:57,2026-10-06T06:51:20,Chaos Core Set,735399,88247999,120,,87365400
8343,2026-10-06T08:03:45,2026-10-06T06:51:20,Yekaterina VIP Membership,112499998,112499998,1,,111900000
8344,2026-10-06T08:05:00,2026-10-06T06:51:20,Chaos Core,727460,727460,1,,728000
8345,2026-10-06T08:05:31,2026-10-06T06:51:20,Chaos Core,726890,726890,1,,730670
8346,2026-10-06T08:08:51,2026-10-06T06:51:20,Chaos Core,726209,726209,1,,726890
8347,2026-10-06T08:11:38,2026-10-06T06:51:20,Chaos Core,725525,725525,1,,726209
8348,2026-10-06T08:13:33,2026-10-06T06:51:20,Chaos Core Set,735405,247096415,336,,243776400
8349,2026-10-06T08:13:44,2026-10-06T06:51:20,Chaos Core Set X 18,735404,13237289,18,,13001418
8350,2026-10-06T08:13:54,2026-10-06T06:51:20,Chaos Core Set,735414,156643394,213,,154536825
8351,2026-10-06T08:14:05,2026-10-06T06:51:20,Chaos Core,730141,730141,1,,730670
8352,2026-10-06T08:14:36,2026-10-06T06:51:20,Chaos Core Set,735413,66187259,90,,65714940
8353,2026-10-06T08:14:58,2026-10-06T06:51:20,Chaos Core Set,735411,97074383,132,,96307596
8354,2026-10-06T08:20:42,2026-10-06T06:51:20,Chaos Core,730166,730166,1,,730670
8355,2026-10-06T08:20:51,2026-10-06T06:51:20,Chaos Core,729603,729603,1,,730166
8356,2026-10-06T08:22:04,2026-10-06T06:51:20,Chaos Core,729617,729617,1,,730670
8357,2026-10-06T08:22:39,2026-10-06T06:51:20,Force Core (Ultimate,320000,3200000,10,,3002820
8358,2026-10-06T08:24:22,2026-10-06T06:51:20,Chaos Core,730061,730061,1,,730670
8359,2026-10-06T08:41:19,2026-10-06T06:51:20,Chaos Core,726660,726660,1,,730669
8360,2026-10-06T08:42:20,2026-10-06T06:51:20,Chaos Core,725990,725990,1,,730669
8361,2026-10-06T08:47:54,2026-10-06T06:51:20,Chaos Core Set X 57,735386,41917058,57,,41588169
8362,2026-10-06T08:49:44,2026-10-06T06:51:20,Chaos Core,725331,725331,1,,730669
8363,2026-10-06T08:50:25,2026-10-06T06:51:20,Chaos Core,724746,724746,1,,730669
8364,2026-10-06T08:51:10,2026-10-06T06:51:20,Chaos Core Set X 99,735384,72803114,99,,72224955
8365,2026-10-06T08:51:38,2026-10-06T06:51:20,Chaos Core Set,735382,167667323,228,,165375468
8366,2026-10-06T08:53:45,2026-10-06T06:51:20,Chaos Core Set,735378,156635726,213,,154419675
8367,2026-10-06T08:53:55,2026-10-06T06:51:20,Chaos Core Set,735375,220612799,300,,217426500
8368,2026-10-06T08:54:11,2026-10-06T06:51:20,Chaos Core Set,735366,75007433,102,,73924092
8369,2026-10-06T09:00:56,2026-10-06T06:51:20,Yekaterina VIP Membership,112499998,112499998,1,,111900000
8370,2026-10-06T09:03:10,2026-10-06T06:51:20,Chaos Core,730053,730053,1,,730669
8371,2026-10-06T09:05:51,2026-10-06T06:51:20,Chaos Core,729502,729502,1,,730053
8372,2026-10-06T09:09:13,2026-10-06T06:51:20,Chaos Core,725850,725850,1,,730669
8373,2026-10-06T09:11:31,2026-10-06T06:51:20,Chaos Core,725284,725284,1,,730669
8374,2026-10-06T09:12:13,2026-10-06T06:51:20,Chaos Core Set,735353,130157657,177,,129211416
8375,2026-10-06T09:12:49,2026-10-06T06:51:20,Chaos Core Set X 288,735352,211781663,288,,210232800
8376,2026-10-06T09:13:16,2026-10-06T06:51:20,Chaos Core Set X 231,735351,169866311,231,,167824734
8377,2026-10-06T09:15:55,2026-10-06T06:51:20,Chaos Core,730093,730093,1,,730669
8378,2026-10-06T09:16:38,2026-10-06T06:51:20,Chaos Core Set,735340,154421609,210,,153301470
8379,2026-10-06T09:23:34,2026-10-06T06:51:20,Chaos Core Set,735344,174276764,237,,170623410
8380,2026-10-06T09:26:05,2026-10-06T06:51:20,Chaos Core,708871,708871,1,,730669
8381,2026-10-06T09:26:53,2026-10-06T06:51:20,Chaos Core,708322,708322,1,,708871
8382,2026-10-06T09:27:24,2026-10-06T06:51:20,Chaos Core Set X 33,735334,24266054,33,,23945163
8383,2026-10-06T09:29:20,2026-10-06T06:51:20,Chaos Core Set,735331,108093803,147,,104186838
8384,2026-10-06T09:34:44,2026-10-06T06:51:20,Chaos Core,707800,707800,1,,708322
8385,2026-10-06T09:46:00,2026-10-06T06:51:20,Force Core(High,165000,29040000,176,,27835808
8386,2026-10-06T09:46:15,2026-10-06T06:51:20,Chaos Core,707157,707157,1,,730669
8387,2026-10-06T09:50:49,2026-10-06T06:51:20,Force Core (Ultimate,320000,8960000,28,,8407896
8388,2026-10-06T09:51:05,2026-10-06T06:51:20,Force Core (Ultimate,320000,1920000,6,,1801692
8389,2026-10-06T09:51:10,2026-10-06T06:51:20,Force Core (Ultimate,320000,1920000,6,,1801692
8390,2026-10-06T09:51:51,2026-10-06T06:51:20,Chaos Core,725919,725919,1,,726514
8391,2026-10-06T09:52:34,2026-10-06T06:51:20,Chaos Core Set,735316,150004667,204,,148087476
8392,2026-10-06T09:54:25,2026-10-06T06:51:20,Chaos Core Set X 249,735308,183091940,249,,176650809
8393,2026-10-06T09:57:50,2026-10-06T06:51:20,Chaos Core Set,735303,247062143,336,,244032768
8394,2026-10-06T09:59:24,2026-10-06T06:51:20,Chaos Core Set,735298,187501244,255,,184816350
8395,2026-10-06T10:04:30,2026-10-06T06:51:20,Chaos Core Set X 249,735296,183088952,249,,179280000
8396,2026-10-06T10:07:59,2026-10-06T06:51:20,Chaos Core Set,735292,205146746,279,,200778165
8397,2026-10-06T10:09:33,2026-10-06T06:51:20,Chaos Core Set,735291,205146467,279,,200813598
8398,2026-10-06T10:12:16,2026-10-06T06:51:20,Yekaterina VIP Membership,112499998,112499998,1,,111868428
8399,2026-10-06T10:13:12,2026-10-06T06:51:20,Force Core(High,165000,1320000,8,,1265264
8400,2026-10-06T10:13:18,2026-10-06T06:51:20,Force Core(High,165000,26730000,162,,25621596
8401,2026-10-06T10:13:23,2026-10-06T06:51:20,Force Core(High,165000,6765000,41,,6484478
8402,2026-10-06T10:13:28,2026-10-06T06:51:20,Chaos Core,719453,719453,1,,720000
8403,2026-10-06T10:13:59,2026-10-06T06:51:20,Force Core (Ultimate,320000,19200000,60,,18016920
8404,2026-10-06T10:14:26,2026-10-06T06:51:20,Chaos Core Set X 69,735290,50735078,69,,50337984
8405,2026-10-06T10:16:29,2026-10-06T06:51:20,Chaos Core,717423,717423,1,,718000
8406,2026-10-06T10:17:01,2026-10-06T06:51:20,Chaos Core,716888,716888,1,,725919
8407,2026-10-06T10:17:34,2026-10-06T06:51:20,Chaos Core Set,734999,134504999,183,,131394000
8408,2026-10-06T10:19:47,2026-10-06T06:51:20,Chaos Core,716380,716380,1,,725350
8409,2026-10-06T10:21:22,2026-10-06T06:51:20,Upgrade Core (Ultimate),477766,2388830,5,,2272630
8410,2026-10-06T10:21:38,2026-10-06T06:51:20,Force Core (Ultimate,320000,22720000,71,,21300000
8411,2026-10-06T10:26:51,2026-10-06T06:51:20,Siena's Unbinding Stone,97666104,97666104,1,,74600000
8412,2026-10-06T10:27:53,2026-10-06T06:51:20,Yekaterina VIP Membership,112499998,112499998,1,,111900000
8413,2026-10-06T10:29:30,2026-10-06T06:51:20,Chaos Core,715793,715793,1,,716300
8414,2026-10-06T10:30:04,2026-10-06T06:51:20,Force Core (Ultimate,320000,8640000,27,,8107614
8415,2026-10-06T10:30:46,2026-10-06T06:51:20,Chaos Core,715290,715290,1,,715792
8416,2026-10-06T10:31:26,2026-10-06T06:51:20,Chaos Core,714639,714639,1,,715792
8417,2026-10-06T10:32:23,2026-10-06T06:51:20,Chaos Core Set X 45,732995,32984819,45,,31970700
8418,2026-10-06T10:32:34,2026-10-06T06:51:20,Chaos Core Set X 42,732994,30785789,42,,29795934
8419,2026-10-06T10:32:58,2026-10-06T06:51:20,Chaos Core Set X 234,732992,171520361,234,,166140000
8420,2026-10-06T10:35:45,2026-10-06T06:51:20,Upgrade Core (Ultimate,474997,1899988,4,,1890000
8421,2026-10-06T10:36:30,2026-10-06T06:51:20,Force Core(High),165000,3465000,21,,3150000
8422,2026-10-06T10:36:44,2026-10-06T06:51:20,Force Core(High),165000,3300000,20,,3000000
8423,2026-10-06T10:36:49,2026-10-06T06:51:20,Force Core(High),165000,6435000,39,,6162000
8424,2026-10-06T10:47:16,2026-10-06T06:51:20,Upgrade Core (Ultimate,474994,19949748,42,,19845000
8425,2026-10-06T10:49:30,2026-10-06T06:51:20,Force Core(High,165000,6600000,40,,6000000
8426,2026-10-06T10:49:45,2026-10-06T06:51:20,Force Core(High),165000,8085000,49,,7742000
8427,2026-10-06T10:50:12,2026-10-06T06:51:20,Force Core(High),165000,1650000,10,,1580000
8428,2026-10-06T10:56:32,2026-10-06T06:51:20,Force Core(High,165000,6600000,40,,6320000
8429,2026-10-06T10:57:01,2026-10-06T06:51:20,Force Core (Ultimate,320000,4800000,15,,4500000
8430,2026-10-06T10:59:11,2026-10-06T06:51:20,Force Core(Highest,193889,11633340,60,,11340000
8431,2026-10-06T11:01:59,2026-10-06T06:51:20,Upgrade Core (Ultimate,474991,94998200,200,,94500000
8432,2026-10-06T11:10:20,2026-10-06T06:51:20,Force Core (Ultimate,320000,3200000,10,,3000000
8433,2026-10-06T11:12:09,2026-10-06T06:51:20,Chaos Core,713846,713846,1,,724412
8434,2026-10-06T11:13:17,2026-10-06T06:51:20,Chaos Core,713723,713723,1,,724412
8435,2026-10-06T11:13:48,2026-10-06T06:51:20,Chaos Core,713133,713133,1,,723906
8436,2026-10-06T11:14:32,2026-10-06T06:51:20,Chaos Core,712575,712575,1,,724999
8437,2026-10-06T11:17:44,2026-10-06T06:51:20,Force Core(High,165000,3300000,20,,3160000
8438,2026-10-06T11:20:04,2026-10-06T06:51:20,Chaos Core,711885,711885,1,,712575
8439,2026-10-06T11:21:10,2026-10-06T06:51:20,Chaos Core,709438,709438,1,,710000
8440,2026-10-06T11:21:40,2026-10-06T06:51:20,Chaos Core,708874,708874,1,,709438
8441,2026-10-06T11:22:26,2026-10-06T06:51:20,Chaos Core,708349,708349,1,,709438
8442,2026-10-06T11:28:03,2026-10-06T06:51:20,Chaos Core,699482,699482,1,,700000
8443,2026-10-06T11:29:12,2026-10-06T06:51:20,Chaos Core,699409,699409,1,,700000
8444,2026-10-06T11:35:14,2026-10-06T06:51:20,Chaos Core,696896,696896,1,,697500
8445,2026-10-06T11:35:44,2026-10-06T06:51:20,Force Core(Highest,191999,23039880,120,,22680000
8446,2026-10-06T11:36:16,2026-10-06T06:51:20,Chaos Core,694431,694431,1,,695000
8447,2026-10-06T11:36:47,2026-10-06T06:51:20,Chaos Core,693793,693793,1,,700000
8448,2026-10-06T11:37:32,2026-10-06T06:51:20,Chaos Core,693292,693292,1,,700000
8449,2026-10-06T11:43:07,2026-10-06T06:51:20,Chaos Core,698107,698107,1,,698718
8450,2026-10-06T11:44:00,2026-10-06T06:51:20,Chaos Core,708759,708759,1,,709438
8451,2026-10-06T11:44:32,2026-10-06T06:51:20,Chaos Core,708883,708883,1,,709438
8452,2026-10-06T11:45:16,2026-10-06T06:51:20,Chaos Core,708857,708857,1,,709438
8453,2026-10-06T11:46:44,2026-10-06T06:51:20,Chaos Core Set X 294,732903,215473775,294,,210651000
8454,2026-10-06T11:49:15,2026-10-06T06:51:20,Chaos Core Set X 159,732900,116531258,159,,115515726
8455,2026-10-06T11:51:03,2026-10-06T06:51:20,Force Core(High,165000,16500000,100,,15000000
8456,2026-10-06T11:51:34,2026-10-06T06:51:20,Force Core(High,165000,3300000,20,,3160000
8457,2026-10-06T11:52:00,2026-10-06T06:51:20,Force Core (Ultimate,320000,9600000,30,,9000000
8458,2026-10-06T11:52:15,2026-10-06T06:51:20,Force Core (Ultimate,320000,32000000,100,,30000000
8459,2026-10-06T11:52:31,2026-10-06T06:51:20,Chaos Core Set X 246,732900,180293645,246,,177081624
8460,2026-10-06T12:43:27,2026-10-06T12:35:55,Yekaterina VIP Membership,112499998,112499998,1,,111868428
8461,2026-10-06T12:44:29,2026-10-06T12:35:55,Chaos Core,708885,708885,1,,731997
8462,2026-10-06T12:45:07,2026-10-06T12:35:55,Chaos Core Set X 237,732900,173697536,237,,171565722
8463,2026-10-06T12:45:32,2026-10-06T12:35:55,Chaos Core,708905,708905,1,,731997
8464,2026-10-06T12:46:11,2026-10-06T12:35:55,Chaos Core,708883,708883,1,,731997
8465,2026-10-06T12:46:51,2026-10-06T12:35:55,Upgrade Core (Ultimate),474425,50289050,106,,47206146
8466,2026-10-06T12:47:12,2026-10-06T12:35:55,Chaos Core,708346,708346,1,,731997
8467,2026-10-06T12:47:44,2026-10-06T12:35:55,Chaos Core Set X 165,732898,120928334,165,,119444490
8468,2026-10-06T12:49:23,2026-10-06T12:35:55,Chaos Core Set X 225,732897,164902049,225,,162878850
8469,2026-10-06T12:51:08,2026-10-06T12:35:55,Chaos Core Set X 204,732896,149510987,204,,147676824
8470,2026-10-06T12:53:03,2026-10-06T12:35:55,Upgrade Core (Ultimate,474433,1423299,3,,1275000
8471,2026-10-06T12:53:31,2026-10-06T12:35:55,Chaos Core Set X 159,732895,116530463,159,,115101054
8472,2026-10-06T12:55:19,2026-10-06T12:35:55,Chaos Core Set X 222,732894,162702689,222,,160707132
8473,2026-10-06T12:57:05,2026-10-06T12:35:55,Chaos Core Set X 168,732893,123126191,168,,121616208
8474,2026-10-06T12:58:36,2026-10-06T12:35:55,Chaos Core Set X 336,732892,246252047,336,,243232416
8475,2026-10-06T13:01:15,2026-10-06T12:35:55,Force Core (Ultimate,320000,26560000,83,,24899834
8476,2026-10-06T13:01:30,2026-10-06T12:35:55,Force Core (Ultimate,320000,2880000,9,,2699982
8477,2026-10-06T13:01:34,2026-10-06T12:35:55,Chaos Core Set X 183,732892,134119418,183,,132474798
8478,2026-10-06T13:10:46,2026-10-06T12:35:55,Chaos Core,723220,723220,1,,725100
8479,2026-10-06T13:11:29,2026-10-06T12:35:55,Chaos Core,723269,723269,1,,726514
8480,2026-10-06T13:12:00,2026-10-06T12:35:55,Chaos Core,725896,725896,1,,726514
8481,2026-10-06T13:12:41,2026-10-06T12:35:55,Upgrade Core (Ultimate,474426,35107524,74,,32955234
8482,2026-10-06T13:12:47,2026-10-06T12:35:55,Chaos Core,725215,725215,1,,725896
8483,2026-10-06T13:16:23,2026-10-06T12:35:55,Upgrade Core (Ultimate,474426,84447828,178,,75650000
8484,2026-10-06T13:16:28,2026-10-06T12:35:55,Force Core (Ultimate,320000,12800000,40,,11999920
8485,2026-10-06T13:16:39,2026-10-06T12:35:55,Chaos Core Set,731988,155913656,213,,154747482
8486,2026-10-06T13:17:05,2026-10-06T12:35:55,Upgrade Core (Ultimate,474425,23721250,50,,21250000
8487,2026-10-06T13:26:32,2026-10-06T12:35:55,Force Core (Ultimate,320000,59840000,187,,53166531
8488,2026-10-06T13:26:37,2026-10-06T12:35:55,Force Core (Ultimate),320000,57600000,180,,53999820
8489,2026-10-06T13:30:17,2026-10-06T12:35:55,Chaos Core,723594,723594,1,,726514
8490,2026-10-06T13:31:01,2026-10-06T12:35:55,Chaos Core,723528,723528,1,,725889
8491,2026-10-06T13:31:34,2026-10-06T12:35:55,Chaos Core,722902,722902,1,,725889
8492,2026-10-06T13:32:14,2026-10-06T12:35:55,Chaos Core,722330,722330,1,,725889
8493,2026-10-06T13:34:33,2026-10-06T12:35:55,Force Core(High,165000,14685000,89,,13495871
8494,2026-10-06T13:34:37,2026-10-06T12:35:55,Force Core(High,165000,9405000,57,,8643423
8495,2026-10-06T13:38:49,2026-10-06T12:35:55,Chaos Core,725995,725995,1,,726514
8496,2026-10-06T13:39:31,2026-10-06T12:35:55,Chaos Core,725485,725485,1,,726514
8497,2026-10-06T13:40:05,2026-10-06T12:35:55,Chaos Core,724983,724983,1,,726514
8498,2026-10-06T13:40:42,2026-10-06T12:35:55,Chaos Core,724356,724356,1,,726514
8499,2026-10-06T13:43:25,2026-10-06T12:35:55,Force Core(Highest,182759,9137950,50,,9400900
8500,2026-10-06T13:47:45,2026-10-06T12:35:55,Chaos Core,725378,725378,1,,726000
8501,2026-10-06T14:11:41,2026-10-06T12:35:55,Chaos Core,717634,717634,1,,726000
8502,2026-10-06T14:12:18,2026-10-06T12:35:55,Chaos Core,717112,717112,1,,724869
8503,2026-10-06T14:12:51,2026-10-06T12:35:55,Chaos Core,716509,716509,1,,724869
8504,2026-10-06T14:21:46,2026-10-06T12:35:55,Chaos Core,720401,720401,1,,723632
8505,2026-10-06T14:22:29,2026-10-06T12:35:55,Chaos Core,719795,719795,1,,721075
8506,2026-10-06T14:23:02,2026-10-06T12:35:55,Chaos Core,719211,719211,1,,721075
8507,2026-10-06T14:23:34,2026-10-06T12:35:55,Chaos Core,718681,718681,1,,719790
8508,2026-10-06T14:29:27,2026-10-06T12:35:55,Force Core(Highest,182743,3654860,20,,3760360
8509,2026-10-06T14:31:04,2026-10-06T12:35:55,Force Core(Highest,182741,1827410,10,,1880180
8510,2026-10-06T14:33:07,2026-10-06T12:35:55,Force Core (Ultimate,320000,51200000,160,,47999680
8511,2026-10-06T14:37:00,2026-10-06T12:35:55,Force Core(Highest,182739,25035243,137,,21681894
8512,2026-10-06T14:37:27,2026-10-06T12:35:55,Force Core(Highest,182738,2375594,13,,2444234
8513,2026-10-06T14:43:14,2026-10-06T12:35:55,Force Core(Highest,182736,1827360,10,,1582620
8514,2026-10-06T14:43:33,2026-10-06T12:35:55,Force Core(Highest,182735,21928200,120,,22562160
8515,2026-10-06T14:47:56,2026-10-06T12:35:55,Chaos Core,707233,707233,1,,715000
8516,2026-10-06T14:48:40,2026-10-06T12:35:55,Chaos Core,706592,706592,1,,715000
8517,2026-10-06T14:49:12,2026-10-06T12:35:55,Chaos Core,706038,706038,1,,715000
8518,2026-10-06T14:49:47,2026-10-06T12:35:55,Chaos Core,705431,705431,1,,713823
8519,2026-10-06T14:56:11,2026-10-06T12:35:55,Chaos Core Set X 336,725694,243833184,336,,243833184
8520,2026-10-06T14:59:23,2026-10-06T12:35:55,Chaos Core Set X 255,725901,185104755,255,,185104755
8521,2026-10-06T15:00:19,2026-10-06T12:35:55,Chaos Core Set X 162,726370,117671940,162,,117671940
8522,2026-10-06T15:02:50,2026-10-06T12:35:55,Chaos Core Set X 336,726514,244108704,336,,244108704
8523,2026-10-06T15:03:18,2026-10-06T12:35:55,Chaos Core Set X 168,726514,122054352,168,,122054352
8524,2026-10-06T15:03:48,2026-10-06T12:35:55,Chaos Core Set X 249,726514,180901986,249,,180901986
8525,2026-10-06T15:04:53,2026-10-06T12:35:55,Chaos Core Set X 177,722924,127957724,177,,127373448
8526,2026-10-06T15:05:38,2026-10-06T12:35:55,Chaos Core Set X 192,726376,139464192,192,,139464192
8527,2026-10-06T15:06:27,2026-10-06T12:35:55,Force Core (Ultimate,320000,1600000,5,,1499990
8528,2026-10-06T15:06:53,2026-10-06T12:35:55,Chaos Core Set X 141,722923,101932283,141,,101159886
8529,2026-10-06T15:07:20,2026-10-06T12:35:55,Chaos Core Set X 249,722922,180007826,249,,178047201
8530,2026-10-06T15:24:53,2026-10-06T12:35:55,Chaos Core Set X 327,722989,236417729,327,,232755657
8531,2026-10-06T15:26:39,2026-10-06T12:35:55,Chaos Core Set X 162,722988,117124217,162,,115830324
8532,2026-10-06T15:30:29,2026-10-06T12:35:55,Chaos Core Set X 249,722979,180022019,249,,174798000
8533,2026-10-06T15:30:51,2026-10-06T12:35:55,Chaos Core Set X 132,722978,95433227,132,,92699376
8534,2026-10-06T15:36:30,2026-10-06T12:35:55,Chaos Core,702589,702589,1,,710165
8535,2026-10-06T15:37:15,2026-10-06T12:35:55,Chaos Core,701941,701941,1,,710165
8536,2026-10-06T15:37:49,2026-10-06T12:35:55,Chaos Core,701337,701337,1,,710165
8537,2026-10-06T15:38:48,2026-10-06T12:35:55,Chaos Core,700651,700651,1,,710165
