2026-09-19_024303  C:\Users\tl456\Desktop\cabal_trade\src_1080p\driver.py --config bot
  logging to C:\Users\tl456\Desktop\cabal_trade\src_1080p\logs\2026-09-19_024303_run.log
  code 57c6d0f
  screen 1920x1080
  ledger C:\Users\tl456\Desktop\cabal_trade\src_1080p\sales.db run 2026-09-19T02:43:03
  debug frames -> C:\Users\tl456\Desktop\cabal_trade\src_1080p\debug_frames
  cleared 510 frame(s) from earlier runs; this one numbers from 00001
  recording -> C:\Users\tl456\Desktop\cabal_trade\src_1080p\debug_video (180s a reel, 5 kept)
  cleared 4 reel(s) from earlier runs; this one numbers from 0001
  press Ctrl 4 times within 1.5s to stop, from the game or anywhere else
  measuring this screen before touching anything
inventory:
  Inventory shut; pressing I (attempt 1)
  Alz box (1771, 688, 1860, 700)   anchor (1860, 688)
  grid fitted in (1221, 23, 1920, 661): pitch 56.0x56.1 against a shared 73.3x73.4, slot (1,1) at 1479,236, scores 105 and 108
  tab I [1458, 181]  tab VIII [1830, 181]
  slot (1,1) [1479, 236]  (1,7) [1815, 236]  (8,8) [1871, 629]
gift box:
  the gift box at [284, 994]
  Receive at [[1214, 327], [1214, 425], [1214, 523], [1214, 621]]; the gifts on offer are read again each time the box is collected
  Receive All at [1209, 786]
  the special giftbox's Receive at [1438, 492]
  Close at [1483, 846]
cash shop:
  the Cash Shop icon at [348, 994]
  the Cash balance box [1134, 826, 1230, 848] reads 2,700
  the gem box [930, 826, 1060, 848] reads 160
  Useable at [844, 168]
    'Blessing Bead - Superior' is where it was measured, 0 notch(es) down the Useable tab
  Blessing Bead - Superior at 350 Cash; Purchase at [739, 520]
  160 gem(s) held and Blessing Bead - Superior costs 350; the game opens no confirmation for that, so it is not measured this launch
    'Force Gem Package' is where it was measured, 0 notch(es) down the Useable tab
  Force Gem Package at 500 Cash; Purchase at [739, 750]
  the confirmation reads 'Purchase Item « Force Gem Package (x400) Condition None QTY Purchase 1 [5 QTY Purchase Price 500 Cash Cash Balance 2,700 Cash OK Cancel'
  the confirmation window [744, 390, 1169, 638], 425x248
  OK at [963, 611]; Cancel at [1096, 610]
    'Yekaterina VIP Membership' is where it was measured, 0 notch(es) down the Useable tab
  Yekaterina VIP Membership at 300 Cash; Purchase at [739, 290]
  the confirmation reads 'Purchase Item e Yekaterina VIP Membership Condition None QTY Purchase i /9 QTY Purchase Price 300 Cash Cash Balance 2,700 Cash OK Cancel'
  the confirmation window [744, 390, 1169, 638], 425x248
  OK at [963, 611]; Cancel at [1096, 610]
    'Epic Booster (Highest)' is where it was measured, 23 notch(es) down the Useable tab
  Epic Booster (Highest) at 100 Cash; Purchase at [1050, 750]
  the confirmation reads 'e Booster (Highest) Epic Condition None QTY a Purchase i /1 QTY v Purchase Price Force Gem x 100 FG Balance Force Gem x 160'
  the confirmation window [744, 390, 1169, 638], 425x248
  OK at [963, 611]; Cancel at [1096, 610]
    "Siena's Unbinding Stone" is where it was measured, 30 notch(es) down the Useable tab
  Siena's Unbinding Stone at 200 Cash; Purchase at [1364, 750]
  the confirmation reads "Purchase Item Siena's Unbinding Stone Condition None QTY Purchase 1 / 13 QTY Purchase Price 200 Cash Cash Balance 2,700 Cash OK Cancel"
  the confirmation window [744, 390, 1169, 638], 425x248
  OK at [963, 611]; Cancel at [1096, 610]
  Escape to close the Cash Shop (attempt 1)
  the Inventory closed with the Cash Shop; opening it again
  Inventory shut; pressing I (attempt 1)
opening the Agent Shop:
  tab 6 at [1723, 181]
  right-clicking slot (1,7) at [1815, 236]
agent shop:
  Register (288, 80)
  Purchase [96, 80]  (mirrored about the boundary at x=192)
  favourites: 10 found, pitch 42.00px, first [480, 755] last [858, 755]
  favourite row set on an even 42px grid from 480: [480, 522, 564, 606, 648, 690, 732, 774, 816, 858]
purchase tab:
  switching to the Purchase tab at (96, 80)
  sort reads 'IC y Price:Low to »Eal' -> region [622, 134, 752, 166]
  running favourite 1 at (480, 755) to fill the table (attempt 1/10)
  offers arrived after 0.5s
  the header read ['Name', 'QTY', 'Price', '¥', '='], with nothing for the Function column; its Buy buttons are at x=828, which is the column itself, so taking the right edge from there
  row content [232, 231, 870, 285] -> 'Force Core(Highest) 165 203,225 Buy'
    name      [232, 231, 554, 285]  -> 'Force Core(Highest)'
    qty       [556, 231, 646, 285]  -> '165'
    price     [654, 231, 782, 285]  -> '203,225'
    function  [782, 231, 874, 285]  -> 'Buy'
  Buy column x=828, 8 row(s), pitch 54px
  row 1 centre y=258, box [192, 231, 922, 285]
register table:
  a row sits at y=697 with no button that read; counting it
  button column (787, 144, 922, 699)
  Register table: 9 row(s), pitch 58px, row 1 y=175, row 10 y=697
  table_x [192, 880], scroll point [231, 233]
  Refresh at [833, 752]
market prices:
  Force Core(Highest)              203,225
  Force Core Set (Highest)         203,225
  Chaos Core                       715,999
  Chaos Core Set                   730,181
  Force Core (Ultimate)            399,870
  Force Core Set (Ultimate)        396,980
  Force Core(High)                 206,970
  Force Core Set (High)            194,074
  Upgrade Core (Ultimate)          539,611
  Upgrade Core Set (Ultimate)      440,300
voucher:
  a Gold voucher costs 374,444,444
register panel:
  price field [37, 410, 188, 438] (click [112, 424])
  quantity box [37, 472, 188, 500] (click [59, 486])
  2 suggested price row(s) at y [358, 384]
  net sales box [37, 574, 188, 602]
  Register button at [131, 754]
actions:
  scrolled to the top, so position 1 is row 1
  tab 4 slot (1,1) is the first free one; a withdrawal lands there
  row 1 is 'Upgrade Core (Ultimate) 202 539,613 On Sale Change'
  Change at (831, 175)
  Cancel at (1101, 635)
  Confirmation at (968, 634)
  row 1 now reads '| Register'
  back to inventory tab 4 at (1617, 181); the withdrawal moves the panel to whichever tab it landed on
  listing it back from tab 4 slot (1, 1) at (1479, 236)
  panel suggests 539,610; listing at 539,613, the price row 1 was withdrawn at
  typed 250; the net sales make it 202
  listed 202 at 539,613; it lands in the lowest empty row
  learned button_cancel, button_confirmation, button_register
actions at position 10:
  scrolled to the top, so position 10 is row 10
  tab 4 slot (1,1) is the first free one; a withdrawal lands there
  row 10 is 'Force Core(Highest) 171 206,010 On Sale Change'
  Change at (831, 697)
  Cancel at (1101, 635)
  Confirmation at (968, 634)
  row 10 now reads 'Premium Exclusive Slot Register'
  back to inventory tab 4 at (1617, 181); the withdrawal moves the panel to whichever tab it landed on
  listing it back from tab 4 slot (1, 1) at (1479, 236)
  panel suggests 203,225; listing at 206,010, the price row 10 was withdrawn at
  typed 250; the net sales make it 171
  listed 171 at 206,010; it lands in the lowest empty row
  learned button_cancel, button_confirmation, button_register
conversion vendor:
  pressing N to open the vendor Shop (attempt 1)
  Dungeon tab at (143, 158)
  grid band (163, 770, 413, 946): 5 column(s) at [184, 235, 284, 328, 381], 4 row(s) at [800, 839, 883, 930]
    Force Core(Low)              <- Force Core Set (Low)           r2c1 at (184, 839)
    Force Core(Medium)           <- Force Core Set (Medium)        r2c2 at (235, 839)
    Force Core(High)             <- Force Core Set (High)          r2c3 at (284, 839)
    Force Core(Highest)          <- Force Core Set (Highest)       r2c4 at (328, 839)
    Force Core (Ultimate)        <- Force Core Set (Ultimate)      r2c5 at (381, 839)
    Upgrade Core(Low)            <- Upgrade Core Set (Low)         r4c1 at (184, 930)
    Upgrade Core(Medium)         <- Upgrade Core Set (Medium)      r4c2 at (235, 930)
    Upgrade Core(High)           <- Upgrade Core Set (High)        r4c3 at (284, 930)
    Upgrade Core(Highest)        <- Upgrade Core Set (Highest)     r4c4 at (328, 930)
    Upgrade Core (Ultimate)      <- Upgrade Core Set (Ultimate)    r4c5 at (381, 930)
craft window:
  Inventory shut; pressing I (attempt 1)
  right-clicking the craft key on tab 6 slot (1, 8) at (1871, 236)
  recipe Chaos Core Set x3 at [146, 268]
  tier 2000-2999 at [90, 209]
  Request All at [263, 730]
  Complete All at [872, 729]
  material counter [420, 448, 750, 522]

wrote C:\Users\tl456\Desktop\cabal_trade\src_1080p\calibration.json  [1920x1080]
  resolutions in the file: ['1920x1080', '2560x1440']
  kept 3 value(s) this pass does not measure in shop: button_receive, buy_button_buy, buy_button_cancel
  kept 11 value(s) this pass does not measure in cashshop: purchase_arionell, purchase_armoraccountbindsealstone, purchase_armoraccountbindunsealstone, scroll_arionell, scroll_armoraccountbindsealstone, scroll_armoraccountbindunsealstone, scroll_blessingbeadsuperior, scroll_epicboosterhighest, scroll_forcegempackage, scroll_sienasunbindingstone, scroll_yekaterinavipmembership
reopening the Agent Shop the caller was promised:
  Inventory shut; pressing I (attempt 1)
  the Agent Shop is open again
  calibrated for 1920x1080, measured 2026-09-19T02:45:55, shop open
  server clock 09:45 (+59s for the unshown seconds)
  server 09:45:59; the next war quiet runs 10:29:00 to 10:34:59, in 43.0 min
  scrolled to the top; row 1 is at position 1
                                                   bought/u   listed/u  margin      row price
     1  Upgrade Core (Ultimate             x202           -    539,613       -        539,613
    the quantity column read 'Membership', which holds no digits, so it is the end of the name and not a count; reading the row as 'Yekaterina VIP Membership' and letting the panel count what is there
    one line read 'ene eae 1 126,999,998 OnSale Change'; read as stacked lines it is 'Yekaterina VIP Membership 126,999,998 OnSale Change'
     2  Yekaterina VIP Membership          x1    112,333,333 126,999,998  +11.5%    126,999,998
     3  Upgrade Core (Ultimate             x82            -    539,614       -        539,614
     4  Upgrade Core (Ultimate             x1             -    539,613       -        539,613
     5  Force Core (Ultimate               x160           -    399,870       -        399,870
     6  Force Gem Package                  x1    187,222,222 195,944,591   +4.5%    195,944,591
     7  Epic Booster (Highest)             x4    46,805,555 47,199,918   +0.8%     47,199,918
     8  Siena's Unbinding Stone            x1    74,888,888 98,998,871  +24.4%     98,998,871
    the quantity column read 'Superior', which holds no digits, so it is the end of the name and not a count; reading the row as 'Blessing Bead - Superior' and letting the panel count what is there
    one line read 'aa 3 189,999,998 OnSale Change'; read as stacked lines it is 'Blessing Bead - Superior 189,999,998 OnSale Change'
     9  Blessing Bead - Superior           x1    163,632,222 189,999,998  +13.9%    189,999,998
    10  Force Core(Highest                 x171           -    206,010       -        206,010
    11  Force Core(Highest                 x165           -    203,225       -        203,225
    12  Force Core(High                    x200           -    206,972       -        206,972
    13  Force Core(High                    x190           -    206,971       -        206,971
    14  Force Core(High                    x8             -    206,970       -        206,970
  scrolled to the top; row 1 is at position 1
  seeded 14 of rows 1-30
relisting rows 1-30 for 10000 minute(s)

-- pass 1 --

  resupply order: Yekaterina VIP Membership, Chaos Core, Force Core(High), Force Core(Highest), Upgrade Core (Ultimate), Force Core (Ultimate), Force Gem Package, Epic Booster (Highest), Siena's Unbinding Stone, Blessing Bead - Superior

  Yekaterina VIP Membership: 1 row(s) inside 1-30, 1 wanted; row 2 'Yekaterina VIP Membership'
    floor 112,333,333: 300/1000 of the 374,444,444 voucher, read at launch

-- Chaos Core Set under our listing: up to 3 row(s) --
  no Chaos Core Set of ours on the board, so there is no listing of ours to buy under; not buying

  counting only rows 1-30; rows outside it are not repriced and do not count; 16 row(s) free
  core                            rows     buy/u    sell/u    margin  wants   short?
  Force Core(Highest)                2   203,225   203,225         0      0   
  Chaos Core                         0   725,999   730,180     4,181      0   
  Force Core (Ultimate)              1   396,980   399,867     2,887      0   
  Force Core(High)                   3         -         -         -      -   holds the most it can want, 3; not priced
  Upgrade Core (Ultimate)            3         -         -         -      -   holds the most it can want, 3; not priced

  nothing inside rows 1-30 holds fewer rows than its margin is worth.

  Force Gem Package: 1 row(s) inside 1-30, 1 wanted; row 6 'Force Gem Package'
    floor 187,222,222: 500/1000 of the 374,444,444 voucher, read at launch

  Epic Booster (Highest): 1 row(s) inside 1-30, 1 wanted; row 7 'Epic Booster (Highest)'
    floor 46,805,555: 125/1000 of the 374,444,444 voucher, read at launch

  Siena's Unbinding Stone: 1 row(s) inside 1-30, 1 wanted; row 8 "Siena's Unbinding Stone"
    floor 74,888,888: 200/1000 of the 374,444,444 voucher, read at launch

  Blessing Bead - Superior: 1 row(s) inside 1-30, 1 wanted; row 9 'Blessing Bead - Superior'
    floor 163,632,222: 437/1000 of the 374,444,444 voucher, read at launch
  row 1: 'Upgrade Core (Ultimate' x202 at 539,613 -> tab 4 slot (1, 1)
    floor 440,300 (440,300 x 1) from Upgrade Core Set (Ultimate); listed at 539,613, above it
TASK {"kind": "relist", "row": 1, "item": "Upgrade Core (Ultimate", "qty": 202, "price": 539613, "tab": 4, "slot": [1, 1], "lands_in": 1}
  inventory slot (1,1) at (1479, 236)
    the lowest listed price is 539,609, from the row and 3 more
    market 539,609, typing 539,608, 1 under the market
    net sales 109,000,816 is 202 x 539,608
  typed 250; the net sales make it 202

  list 202 at 539,608
    #         ms   share  step
    1     1972.2   16.9%  read the panel before loading
    2       42.7    0.4%  wait for slot (1,1) to fill
    3      902.5    7.7%  ctrl-click (1,1) attempt 1
    4      868.9    7.4%  read the suggested price
    5     1586.3   13.6%  type the price 539,608
    6     1027.7    8.8%  type the quantity 250
    7     1101.4    9.4%  take the quantity from the net sales
    8      420.6    3.6%  click Register
    9      251.1    2.2%  find Confirmation
   10       68.1    0.6%  look for the underprice question
   11      387.7    3.3%  click Confirmation
   12      251.2    2.2%  park
   13      563.6    4.8%  confirm the dialog is gone
   14     2221.3   19.0%  wait for the panel to let the item go
         11665.4  100.0%  TOTAL
  listed 202 at 539,608; it lands in row 1
DONE {"kind": "relist", "row": 1, "lands_in": 1, "qty": 202, "price": 539608}
    relisted 202 at 539,608 in row 1
    the quantity column read 'Membership', which holds no digits, so it is the end of the name and not a count; reading the row as 'Yekaterina VIP Membership' and letting the panel count what is there
    one line read 'ene eae 1 126,999,998 OnSale Change'; read as stacked lines it is 'Yekaterina VIP Membership 126,999,998 OnSale Change'
  row 2: 'Yekaterina VIP Membership' x1 at 126,999,998 -> tab 4 slot (1, 1)
    floor 112,333,333 from what it cost; listed at 126,999,998, above it
TASK {"kind": "relist", "row": 2, "item": "Yekaterina VIP Membership", "qty": 1, "price": 126999998, "tab": 4, "slot": [1, 1], "lands_in": 2}
  inventory slot (1,1) at (1479, 236)
    the lowest listed price is 126,499,999, from the row and 3 more
    market 126,499,999, typing 126,499,998, 1 under the market
    net sales 126,499,998 is 1 x 126,499,998
  typed 250; the net sales make it 1

  list 1 at 126,499,998
    #         ms   share  step
    1     1962.1   17.6%  read the panel before loading
    2       68.8    0.6%  wait for slot (1,1) to fill
    3      916.5    8.2%  ctrl-click (1,1) attempt 1
    4      747.6    6.7%  read the suggested price
    5     1766.6   15.9%  type the price 126,499,998
    6     1016.0    9.1%  type the quantity 250
    7      941.4    8.5%  take the quantity from the net sales
    8      456.8    4.1%  click Register
    9      294.2    2.6%  find Confirmation
   10       72.4    0.7%  look for the underprice question
   11      382.7    3.4%  click Confirmation
   12      251.1    2.3%  park
   13      504.3    4.5%  confirm the dialog is gone
   14     1755.3   15.8%  wait for the panel to let the item go
         11135.9  100.0%  TOTAL
  listed 1 at 126,499,998; it lands in row 2
DONE {"kind": "relist", "row": 2, "lands_in": 2, "qty": 1, "price": 126499998}
    relisted 1 at 126,499,998 in row 2
  row 3 has SOLD (partly); collecting
    collected; 82 left to relist
  row 3: 'Upgrade Core (Ultimate' x82 at 539,614 -> tab 4 slot (1, 1)
    floor 440,300 (440,300 x 1) from Upgrade Core Set (Ultimate); listed at 539,614, above it
TASK {"kind": "relist", "row": 3, "item": "Upgrade Core (Ultimate", "qty": 82, "price": 539614, "tab": 4, "slot": [1, 1], "lands_in": 3}
  inventory slot (1,1) at (1479, 236)
    the lowest listed price is 539,607, from the row and 3 more
    market 539,607, typing 539,606, 1 under the market
    net sales 44,247,692 is 82 x 539,606
  typed 250; the net sales make it 82

  list 82 at 539,606
    #         ms   share  step
    1     2155.8   18.5%  read the panel before loading
    2       59.5    0.5%  wait for slot (1,1) to fill
    3      908.1    7.8%  ctrl-click (1,1) attempt 1
    4      781.7    6.7%  read the suggested price
    5     1569.5   13.5%  type the price 539,606
    6     1024.7    8.8%  type the quantity 250
    7     1007.8    8.7%  take the quantity from the net sales
    8      442.1    3.8%  click Register
    9      283.7    2.4%  find Confirmation
   10       52.3    0.4%  look for the underprice question
   11      403.5    3.5%  click Confirmation
   12      251.3    2.2%  park
   13      541.9    4.7%  confirm the dialog is gone
   14     2166.6   18.6%  wait for the panel to let the item go
         11648.8  100.0%  TOTAL
  listed 82 at 539,606; it lands in row 3
DONE {"kind": "relist", "row": 3, "lands_in": 3, "qty": 82, "price": 539606}
    relisted 82 at 539,606 in row 3
  row 4 has SOLD (fully); collecting
    collected; row 4 is empty, nothing to relist
  row 5: 'Force Core (Ultimate' x160 at 399,870 -> tab 4 slot (1, 1)
    floor 396,980 (396,980 x 1) from Force Core Set (Ultimate); listed at 399,870, above it
    rows [4] are empty, so it will come back in row 4
TASK {"kind": "relist", "row": 5, "item": "Force Core (Ultimate", "qty": 160, "price": 399870, "tab": 4, "slot": [1, 1], "lands_in": 4}
  inventory slot (1,1) at (1479, 236)
    the lowest listed price is 399,867, from the row and 3 more
    market 399,867, typing 399,866, 1 under the market
    net sales 63,978,560 is 160 x 399,866
  typed 250; the net sales make it 160

  list 160 at 399,866
    #         ms   share  step
    1     2084.1   16.9%  read the panel before loading
    2       80.3    0.7%  wait for slot (1,1) to fill
    3      908.0    7.4%  ctrl-click (1,1) attempt 1
    4      771.1    6.3%  read the suggested price
    5     1572.0   12.8%  type the price 399,866
    6     1027.8    8.4%  type the quantity 250
    7     1071.5    8.7%  take the quantity from the net sales
    8      425.5    3.5%  click Register
    9      391.9    3.2%  find Confirmation
   10       78.0    0.6%  look for the underprice question
   11      392.4    3.2%  click Confirmation
   12      251.3    2.0%  park
   13      513.3    4.2%  confirm the dialog is gone
   14     2737.2   22.2%  wait for the panel to let the item go
         12304.3  100.0%  TOTAL
  listed 160 at 399,866; it lands in row 4
DONE {"kind": "relist", "row": 5, "lands_in": 4, "qty": 160, "price": 399866}
    relisted 160 at 399,866 in row 4
  row 6: 'Force Gem Package' x1 at 195,944,591 -> tab 4 slot (1, 1)
    floor 187,222,222 from what it cost; listed at 195,944,591, above it
    rows [5] are empty, so it will come back in row 5
TASK {"kind": "relist", "row": 6, "item": "Force Gem Package", "qty": 1, "price": 195944591, "tab": 4, "slot": [1, 1], "lands_in": 5}
  inventory slot (1,1) at (1479, 236)
    the lowest listed price is 195,944,592, from the row and 3 more
    market 195,944,592, typing 195,944,591, 1 under the market
    net sales 195,944,591 is 1 x 195,944,591
  typed 250; the net sales make it 1

  list 1 at 195,944,591
    #         ms   share  step
    1     1761.1   15.7%  read the panel before loading
    2       52.8    0.5%  wait for slot (1,1) to fill
    3      915.7    8.1%  ctrl-click (1,1) attempt 1
    4     1033.4    9.2%  read the suggested price
    5     1805.2   16.1%  type the price 195,944,591
    6     1010.4    9.0%  type the quantity 250
    7      871.6    7.8%  take the quantity from the net sales
    8      438.2    3.9%  click Register
    9      268.2    2.4%  find Confirmation
   10       48.9    0.4%  look for the underprice question
   11      416.9    3.7%  click Confirmation
   12      251.3    2.2%  park
   13      607.1    5.4%  confirm the dialog is gone
   14     1763.3   15.7%  wait for the panel to let the item go
         11244.1  100.0%  TOTAL
  listed 1 at 195,944,591; it lands in row 5
DONE {"kind": "relist", "row": 6, "lands_in": 5, "qty": 1, "price": 195944591}
    relisted 1 at 195,944,591 in row 5
  row 7: 'Epic Booster (Highest)' x4 at 47,199,918 -> tab 4 slot (1, 1)
    floor 46,805,555 from what it cost; listed at 47,199,918, above it
    rows [6] are empty, so it will come back in row 6
TASK {"kind": "relist", "row": 7, "item": "Epic Booster (Highest)", "qty": 4, "price": 47199918, "tab": 4, "slot": [1, 1], "lands_in": 6}
  inventory slot (1,1) at (1479, 236)
    the lowest listed price is 47,199,916, from the row and 3 more
    market 47,199,916, typing 47,199,915, 1 under the market
    net sales 188,799,660 is 4 x 47,199,915
  typed 250; the net sales make it 4

  list 4 at 47,199,915
    #         ms   share  step
    1     1745.4   14.8%  read the panel before loading
    2       52.1    0.4%  wait for slot (1,1) to fill
    3      895.1    7.6%  ctrl-click (1,1) attempt 1
    4      754.7    6.4%  read the suggested price
    5     1680.5   14.2%  type the price 47,199,915
    6     1018.4    8.6%  type the quantity 250
    7     1109.0    9.4%  take the quantity from the net sales
    8      423.4    3.6%  click Register
    9      334.9    2.8%  find Confirmation
   10       47.0    0.4%  look for the underprice question
   11      420.6    3.6%  click Confirmation
   12      251.6    2.1%  park
   13      575.0    4.9%  confirm the dialog is gone
   14     2506.1   21.2%  wait for the panel to let the item go
         11813.7  100.0%  TOTAL
  listed 4 at 47,199,915; it lands in row 6
DONE {"kind": "relist", "row": 7, "lands_in": 6, "qty": 4, "price": 47199915}
    relisted 4 at 47,199,915 in row 6
  row 8: "Siena's Unbinding Stone" x1 at 98,998,871 -> tab 4 slot (1, 1)
    floor 74,888,888 from what it cost; listed at 98,998,871, above it
    rows [7] are empty, so it will come back in row 7
TASK {"kind": "relist", "row": 8, "item": "Siena's Unbinding Stone", "qty": 1, "price": 98998871, "tab": 4, "slot": [1, 1], "lands_in": 7}
  inventory slot (1,1) at (1479, 236)
    the lowest listed price is 98,998,869, from the row and 3 more
    market 98,998,869, typing 98,998,868, 1 under the market
    net sales 98,998,868 is 1 x 98,998,868
  typed 250; the net sales make it 1

  list 1 at 98,998,868
    #         ms   share  step
    1     2063.7   17.8%  read the panel before loading
    2       78.5    0.7%  wait for slot (1,1) to fill
    3      909.8    7.8%  ctrl-click (1,1) attempt 1
    4      981.1    8.4%  read the suggested price
    5     1690.6   14.5%  type the price 98,998,868
    6     1046.8    9.0%  type the quantity 250
    7      925.9    8.0%  take the quantity from the net sales
    8      399.9    3.4%  click Register
    9      290.8    2.5%  find Confirmation
   10       78.1    0.7%  look for the underprice question
   11      381.8    3.3%  click Confirmation
   12      251.5    2.2%  park
   13      453.7    3.9%  confirm the dialog is gone
   14     2071.2   17.8%  wait for the panel to let the item go
         11623.8  100.0%  TOTAL
  listed 1 at 98,998,868; it lands in row 7
DONE {"kind": "relist", "row": 8, "lands_in": 7, "qty": 1, "price": 98998868}
    relisted 1 at 98,998,868 in row 7
    the quantity column read 'Superior', which holds no digits, so it is the end of the name and not a count; reading the row as 'Blessing Bead - Superior' and letting the panel count what is there
    one line read 'aa 3 189,999,998 OnSale Change'; read as stacked lines it is 'Blessing Bead - Superior 189,999,998 OnSale Change'
  row 9: 'Blessing Bead - Superior' x1 at 189,999,998 -> tab 4 slot (1, 1)
    floor 163,632,222 from what it cost; listed at 189,999,998, above it
    rows [8] are empty, so it will come back in row 8
TASK {"kind": "relist", "row": 9, "item": "Blessing Bead - Superior", "qty": 1, "price": 189999998, "tab": 4, "slot": [1, 1], "lands_in": 8}
  inventory slot (1,1) at (1479, 236)
    the lowest listed price is 187,499,999, from the row and 3 more
    the market asks 187,499,998, 2,500,000 under our 189,999,998; holding at 188,999,998, the most this row may fall in one relist
    market 187,499,999, typing 188,999,998, 1,499,999 over the market
    net sales 566,999,994 is 3 x 188,999,998
  typed 250; the net sales make it 3

  list 3 at 188,999,998
    #         ms   share  step
    1     2186.8   18.4%  read the panel before loading
    2       79.1    0.7%  wait for slot (1,1) to fill
    3      906.9    7.6%  ctrl-click (1,1) attempt 1
    4      948.1    8.0%  read the suggested price
    5     1741.1   14.7%  type the price 188,999,998
    6     1028.1    8.7%  type the quantity 250
    7     1031.8    8.7%  take the quantity from the net sales
    8      394.8    3.3%  click Register
    9      281.1    2.4%  find Confirmation
   10       87.1    0.7%  look for the underprice question
   11      409.3    3.4%  click Confirmation
   12      251.9    2.1%  park
   13      584.4    4.9%  confirm the dialog is gone
   14     1944.5   16.4%  wait for the panel to let the item go
         11875.0  100.0%  TOTAL
  listed 3 at 188,999,998; it lands in row 8
DONE {"kind": "relist", "row": 9, "lands_in": 8, "qty": 3, "price": 188999998}
    relisted 3 at 188,999,998 in row 8
  row 10: 'Force Core(Highest' x171 at 206,010 -> tab 4 slot (1, 1)
    floor 203,225 (203,225 x 1) from Force Core Set (Highest); listed at 206,010, above it
    rows [9] are empty, so it will come back in row 9
TASK {"kind": "relist", "row": 10, "item": "Force Core(Highest", "qty": 171, "price": 206010, "tab": 4, "slot": [1, 1], "lands_in": 9}
  inventory slot (1,1) at (1479, 236)
    the lowest listed price is 203,225, from the row and 3 more
    market 203,224 is under the 203,225 floor (a Force Core Set (Highest) costs 203,225); listing at the floor
    market 203,225, typing 203,225, the market itself
    net sales 34,751,475 is 171 x 203,225
  typed 250; the net sales make it 171

  list 171 at 203,225
    #         ms   share  step
    1     2294.0   18.8%  read the panel before loading
    2       74.9    0.6%  wait for slot (1,1) to fill
    3      944.7    7.8%  ctrl-click (1,1) attempt 1
    4      895.9    7.4%  read the suggested price
    5     1568.9   12.9%  type the price 203,225
    6     1013.0    8.3%  type the quantity 250
    7     1164.1    9.6%  take the quantity from the net sales
    8      440.8    3.6%  click Register
    9      416.2    3.4%  find Confirmation
   10       72.7    0.6%  look for the underprice question
   11      432.2    3.6%  click Confirmation
   12      251.8    2.1%  park
   13      640.7    5.3%  confirm the dialog is gone
   14     1960.7   16.1%  wait for the panel to let the item go
         12170.6  100.0%  TOTAL
  listed 171 at 203,225; it lands in row 9
DONE {"kind": "relist", "row": 10, "lands_in": 9, "qty": 171, "price": 203225}
    relisted 171 at 203,225 in row 9, 1 relist(s) on the floor now
  row 11: 'Force Core(Highest' x165 at 203,225 -> tab 4 slot (1, 1)
    floor 203,225 (203,225 x 1) from Force Core Set (Highest); listed at 203,225, above it
    rows [10] are empty, so it will come back in row 10
TASK {"kind": "relist", "row": 11, "item": "Force Core(Highest", "qty": 165, "price": 203225, "tab": 4, "slot": [1, 1], "lands_in": 10}
  inventory slot (1,1) at (1479, 236)
    the lowest listed price is 203,225, from the row and 3 more
    market 203,224 is under the 203,225 floor (a Force Core Set (Highest) costs 203,225); listing at the floor
    market 203,225, typing 203,225, the market itself
    net sales 33,532,125 is 165 x 203,225
  typed 250; the net sales make it 165

  list 165 at 203,225
    #         ms   share  step
    1     1948.5   18.2%  read the panel before loading
    2       65.4    0.6%  wait for slot (1,1) to fill
    3      928.9    8.7%  ctrl-click (1,1) attempt 1
    4      770.8    7.2%  read the suggested price
    5     1531.7   14.3%  type the price 203,225
    6     1017.1    9.5%  type the quantity 250
    7      932.3    8.7%  take the quantity from the net sales
    8      405.6    3.8%  click Register
    9      264.0    2.5%  find Confirmation
   10       38.3    0.4%  look for the underprice question
   11      396.0    3.7%  click Confirmation
   12      251.9    2.4%  park
   13      397.2    3.7%  confirm the dialog is gone
   14     1749.8   16.4%  wait for the panel to let the item go
         10697.6  100.0%  TOTAL
  listed 165 at 203,225; it lands in row 10
DONE {"kind": "relist", "row": 11, "lands_in": 10, "qty": 165, "price": 203225}
    relisted 165 at 203,225 in row 10, 1 relist(s) on the floor now
  row 12: 'Force Core(High' x200 at 206,972 -> tab 4 slot (1, 1)
    floor 194,074 (194,074 x 1) from Force Core Set (High); listed at 206,972, above it
    rows [11] are empty, so it will come back in row 11
TASK {"kind": "relist", "row": 12, "item": "Force Core(High", "qty": 200, "price": 206972, "tab": 4, "slot": [1, 1], "lands_in": 11}
  inventory slot (1,1) at (1479, 236)
    the lowest listed price is 206,966, from the row and 3 more
    market 206,966, typing 206,965, 1 under the market
    net sales 41,393,000 is 200 x 206,965
  typed 250; the net sales make it 200

  list 200 at 206,965
    #         ms   share  step
    1     1898.4   17.2%  read the panel before loading
    2       47.6    0.4%  wait for slot (1,1) to fill
    3      897.6    8.1%  ctrl-click (1,1) attempt 1
    4      734.2    6.6%  read the suggested price
    5     1511.4   13.7%  type the price 206,965
    6     1039.7    9.4%  type the quantity 250
    7      958.1    8.7%  take the quantity from the net sales
    8      434.3    3.9%  click Register
    9      264.4    2.4%  find Confirmation
   10       72.6    0.7%  look for the underprice question
   11      412.9    3.7%  click Confirmation
   12      252.0    2.3%  park
   13      469.5    4.2%  confirm the dialog is gone
   14     2067.1   18.7%  wait for the panel to let the item go
         11059.9  100.0%  TOTAL
  listed 200 at 206,965; it lands in row 11
DONE {"kind": "relist", "row": 12, "lands_in": 11, "qty": 200, "price": 206965}
    relisted 200 at 206,965 in row 11
  row 13: 'Force Core(High' x190 at 206,971 -> tab 4 slot (1, 1)
    floor 194,074 (194,074 x 1) from Force Core Set (High); listed at 206,971, above it
    rows [12] are empty, so it will come back in row 12
TASK {"kind": "relist", "row": 13, "item": "Force Core(High", "qty": 190, "price": 206971, "tab": 4, "slot": [1, 1], "lands_in": 12}
  inventory slot (1,1) at (1479, 236)
    the lowest listed price is 206,965, from the row and 3 more
    market 206,965, typing 206,964, 1 under the market
    net sales 39,323,160 is 190 x 206,964
  typed 250; the net sales make it 190

  list 190 at 206,964
    #         ms   share  step
    1     2032.8   17.2%  read the panel before loading
    2       48.3    0.4%  wait for slot (1,1) to fill
    3      908.8    7.7%  ctrl-click (1,1) attempt 1
    4      804.0    6.8%  read the suggested price
    5     1577.3   13.4%  type the price 206,964
    6     1036.5    8.8%  type the quantity 250
    7      858.4    7.3%  take the quantity from the net sales
    8      403.4    3.4%  click Register
    9      261.7    2.2%  find Confirmation
   10       73.2    0.6%  look for the underprice question
   11      387.8    3.3%  click Confirmation
   12      251.6    2.1%  park
   13      543.1    4.6%  confirm the dialog is gone
   14     2598.7   22.1%  wait for the panel to let the item go
         11785.7  100.0%  TOTAL
  listed 190 at 206,964; it lands in row 12
DONE {"kind": "relist", "row": 13, "lands_in": 12, "qty": 190, "price": 206964}
    relisted 190 at 206,964 in row 12
  row 14: 'Force Core(High' x8 at 206,970 -> tab 4 slot (1, 1)
    floor 194,074 (194,074 x 1) from Force Core Set (High); listed at 206,970, above it
    rows [13] are empty, so it will come back in row 13
TASK {"kind": "relist", "row": 14, "item": "Force Core(High", "qty": 8, "price": 206970, "tab": 4, "slot": [1, 1], "lands_in": 13}
  inventory slot (1,1) at (1479, 236)
    the lowest listed price is 206,964, from the row and 3 more
    market 206,964, typing 206,963, 1 under the market
    net sales 1,655,704 is 8 x 206,963
  typed 250; the net sales make it 8

  list 8 at 206,963
    #         ms   share  step
    1     2286.0   18.7%  read the panel before loading
    2       79.2    0.6%  wait for slot (1,1) to fill
    3      907.5    7.4%  ctrl-click (1,1) attempt 1
    4      825.0    6.7%  read the suggested price
    5     1581.0   12.9%  type the price 206,963
    6     1030.1    8.4%  type the quantity 250
    7     1061.1    8.7%  take the quantity from the net sales
    8      415.9    3.4%  click Register
    9      383.1    3.1%  find Confirmation
   10       55.8    0.5%  look for the underprice question
   11      413.0    3.4%  click Confirmation
   12      251.7    2.1%  park
   13      542.7    4.4%  confirm the dialog is gone
   14     2401.0   19.6%  wait for the panel to let the item go
         12233.2  100.0%  TOTAL
  listed 8 at 206,963; it lands in row 13
DONE {"kind": "relist", "row": 14, "lands_in": 13, "qty": 8, "price": 206963}
    relisted 8 at 206,963 in row 13
  row 15 is empty; nothing to relist
  row 16 is empty; nothing to relist
  row 17 is empty; nothing to relist
  row 18 is empty; nothing to relist
  row 19 is empty; nothing to relist
  row 20 is empty; nothing to relist
  row 21 is empty; nothing to relist
  row 22 is empty; nothing to relist
  row 23 is empty; nothing to relist
  row 24 is empty; nothing to relist
  row 25 is empty; nothing to relist
  row 26 is empty; nothing to relist
  row 27 is empty; nothing to relist
  row 28 is empty; nothing to relist
  row 29 is empty; nothing to relist
  row 30 is empty; nothing to relist

  relisting rows 1-30: 13 relisted, 17 empty, 0 skipped
    #          ms   share     n      each  phase
    1   151,397.8   48.1%    13  11,646.0  list it back
    2    68,533.7   21.8%    13   5,271.8  cancel the row and take it back
    3    32,663.2   10.4%    30   1,088.8  scroll to the row and read it
    4    24,990.7    7.9%    13   1,922.4  check the shop slot is empty
    5    14,727.4    4.7%    13   1,132.9  select inventory tab 4
    6    14,180.5    4.5%    30     472.7  Refresh the table
    7     6,663.8    2.1%     2   3,331.9  collect what sold
    8     1,448.1    0.5%     2     724.1  read the row again after collecting
        314,605.3  100.0%

  returning the game to its default state
restoring the default state:
  Escape: window closed
  Inventory already closed
  the gift box at [284, 994]
  Receive All at [1209, 786]
  Receive 1 of 4 at [1214, 327]
  Receive 2 of 4 at [1214, 425]
  Receive 3 of 4 at [1214, 523]
  Receive 4 of 4 at [1214, 621]
  the special giftbox's Receive at [1438, 492]
  Close at [1483, 846]
  took 4 gift(s)
  the Agent Shop is shut and the vendor is not open either; reopening it
  Inventory shut: slot grid 0.02, needs 0.33

  board after pass 1:
                                                   bought/u   listed/u  margin      row price
     1  Upgrade Core (Ultimate             x202           -    539,608       -        539,608
     2  Yekaterina VIP Membership          x1    112,333,333 126,499,998  +11.2%    126,499,998
     3  Upgrade Core (Ultimate             x82            -    539,606       -        539,606
     4  Force Core (Ultimate               x160           -    399,866       -        399,866
     5  Force Gem Package                  x1    187,222,222 195,944,591   +4.5%    195,944,591
     6  Epic Booster (Highest)             x4    46,805,555 47,199,915   +0.8%     47,199,915
     7  Siena's Unbinding Stone            x1    74,888,888 98,998,868  +24.4%     98,998,868
     8  Blessing Bead - Superior           x3    163,632,222 188,999,998  +13.4%    188,999,998
     9  Force Core(Highest                 x171           -    203,225       -        203,225
    10  Force Core(Highest                 x165           -    203,225       -        203,225
    11  Force Core(High                    x200           -    206,965       -        206,965
    12  Force Core(High                    x190           -    206,964       -        206,964
    13  Force Core(High                    x8             -    206,963       -        206,963
    item                               rows   units          listed
    Blessing Bead - Superior              1       3     566,999,994
    Epic Booster (Highest)                1       4     188,799,660
    Force Core (Ultimate                  1     160      63,978,560
    Force Core(High                       3     398      82,371,864
    Force Core(Highest                    2     336      68,283,600
    Force Gem Package                     1       1     195,944,591
    Siena's Unbinding Stone               1       1      98,998,868
    Upgrade Core (Ultimate                2     284     153,248,508
    Yekaterina VIP Membership             1       1     126,499,998
    board                                13   1,188   1,545,125,643
    balance now 1,146,111,938
  pass 1: 13 relisted, 17 empty, 0 skipped; 9993.8 minute(s) left

-- pass 2 --

  resupply order: Yekaterina VIP Membership, Chaos Core, Force Core(High), Force Core(Highest), Upgrade Core (Ultimate), Force Core (Ultimate), Force Gem Package, Epic Booster (Highest), Siena's Unbinding Stone, Blessing Bead - Superior

  Yekaterina VIP Membership: 1 row(s) inside 1-30, 1 wanted; row 2 'Yekaterina VIP Membership'
    floor 112,333,333: 300/1000 of the 374,444,444 voucher, read at launch

-- Chaos Core Set under our listing: up to 3 row(s) --
  no Chaos Core Set of ours on the board, so there is no listing of ours to buy under; not buying

  counting only rows 1-30; rows outside it are not repriced and do not count; 17 row(s) free
  core                            rows     buy/u    sell/u    margin  wants   short?
  Force Core(Highest)                2   203,225   203,225         0      0   
  Chaos Core                         0   725,999   730,375     4,376      0   
  Force Core (Ultimate)              1   396,980   399,866     2,886      0   
  Force Core(High)                   3         -         -         -      -   holds the most it can want, 3; not priced
  Upgrade Core (Ultimate)            2   440,300   539,603    99,303      3   YES
  Alz 1,146,111,938 held covers 2,603 Upgrade Core Set (Ultimate) at 440,300; buying what it covers

-- Upgrade Core (Ultimate): 2 row(s) --
  17 row(s) free inside 1-30; a resupply needs up to 2
  Upgrade Core (Ultimate) 539,603 - Upgrade Core Set (Ultimate) 440,300 = 99,303
  a margin of 99,303 is worth 3 row(s) of Upgrade Core (Ultimate); 2 held
  tab 4 is showing and free from (1, 1), so the Upgrade Core Set (Ultimate) and the Upgrade Core (Ultimate) land there
TASK {"kind": "resupply", "core": "Upgrade Core (Ultimate)", "set": "Upgrade Core Set (Ultimate)", "slot": 9, "tab": 4, "landing": [1, 1]}
  0/180 Upgrade Core Set (Ultimate) held
  row 1 offers 'Upgrade Core Set (Ultimate) X 240' x2 at 105,672,000 (440,300/unit)
    row 1 leaves 99,303 a core against the 5,000 wanted
    balance before 1,146,111,938
    dialog: '* Upgrade Core Set (Ultimate) X 2'  qty 1 of 2  price 105672000
    180 core(s) wanted, 240 to a pack -> 1 pack(s); 2 available, taking 1
    the quantity field already reads 1; not retyping it
    ordering 1 pack(s) at 105,672,000; the spend will confirm what actually bought
    balance after  1,040,439,938; spent 105,672,000 bought 1 pack(s) = 240 core(s) (440,300 a core)

  buy from favourite slot 10: bought 240 core(s) in 1 order(s)
    #         ms   share  step
    1        0.3    0.0%  get_price: focus the game
    2      331.4    2.4%  get_price: _trade_window_open (OCR 1300x190)
    3      431.2    3.1%  get_price: purchase_tab_showing
    4      904.0    6.6%  get_price: read row 1 before the search
    5      505.1    3.7%  get_price: click favourite slot 10
    6      341.0    2.5%  get_price: confirm the sort
    7     2237.4   16.3%  get_price: poll row 1 until it answers (2 read(s))
    8     4933.8   35.9%  get_price: search the favourite and read row 1
    9      304.6    2.2%  read the balance before buying
   10      469.4    3.4%  click the row at (500, 258)
   11      416.8    3.0%  click Buy at (828, 258)
   12      308.3    2.2%  await the Purchase dialog
   13     1046.9    7.6%  read the dialog (item, price, qty, qty_max)
   14      289.2    2.1%  find the Buy button
   15      453.3    3.3%  click Buy
   16      251.6    1.8%  park
   17      236.4    1.7%  confirm the dialog is gone
   18      289.9    2.1%  read the balance after buying
         13750.5  100.0%  TOTAL

  -- round 1: convert up to 250, then list -- 240 of 240 left --
  pressing N to open the vendor Shop (attempt 1)
  4x5 at (381, 930): Upgrade Core Set (Ultimate) -> Upgrade Core (Ultimate)
    dialog offers '* Upgrade Core (Ultimate)'
    typed 250; the dialog clamps it to what is held
    inventory tab 4 holds 1 slot(s) and is showing, so the Upgrade Core (Ultimate) lands there

  convert into Upgrade Core (Ultimate)
    #         ms   share  step
    1      857.6   17.7%  alt-click the cell at (381, 930)
    2      300.6    6.2%  await the Purchase Item dialog
    3      333.1    6.9%  read what the dialog offers
    4      811.4   16.8%  type the quantity 250
    5     1004.7   20.8%  select inventory tab 4
    6       64.4    1.3%  read tab 4 before converting
    7      448.3    9.3%  click OK
    8      251.9    5.2%  park
    9      760.6   15.7%  read tab 4 after converting
          4832.6  100.0%  TOTAL
    Upgrade Core (Ultimate) arrived in 62 slot(s), landing in (1, 2) to (8, 8)
  the Agent Shop is shut after the vendor; reopening it
  Inventory shut: slot grid 0.02, needs 0.33
  listing Upgrade Core (Ultimate) from 62 slot(s), (1, 2) to (8, 8)
  inventory slot (1,2) at (1535, 236)
    the lowest listed price is 539,601, from the row and 2 more
    market 539,601, typing 539,600, 1 under the market
    net sales 129,504,000 is 240 x 539,600
  typed 250; the net sales make it 240

  list 240 at 539,600
    #         ms   share  step
    1     1880.1   16.8%  read the panel before loading
    2       58.6    0.5%  wait for slot (1,2) to fill
    3      911.2    8.1%  ctrl-click (1,2) attempt 1
    4      816.2    7.3%  read the suggested price
    5     1589.5   14.2%  type the price 539,600
    6     1007.6    9.0%  type the quantity 250
    7      897.0    8.0%  take the quantity from the net sales
    8      431.5    3.9%  click Register
    9      266.1    2.4%  find Confirmation
   10       54.4    0.5%  look for the underprice question
   11      395.8    3.5%  click Confirmation
   12      251.4    2.2%  park
   13      473.9    4.2%  confirm the dialog is gone
   14     2150.8   19.2%  wait for the panel to let the item go
         11184.0  100.0%  TOTAL
  listed 240 at 539,600; it lands in row 14
DONE {"kind": "resupply", "core": "Upgrade Core (Ultimate)", "bought": 240, "listed": 240, "rows": [14]}

  resupply Upgrade Core (Ultimate): bought 240, 62 slot(s) filled, listed 240 in rows [14]
    #          ms   share     n      each  phase
    1    11,194.2   24.0%     1  11,194.2  round 1: list Upgrade Core (Ultimate) from (1, 2)
    2     9,017.5   19.3%     1   9,017.5  buy order 1
    3     5,693.6   12.2%     1   5,693.6  round 1: convert into Upgrade Core (Ultimate)
    4     5,360.3   11.5%     1   5,360.3  round 1: reopen the Agent Shop
    5     3,573.5    7.7%     1   3,573.5  price Upgrade Core (Ultimate)
    6     3,385.6    7.3%     1   3,385.6  price Upgrade Core Set (Ultimate)
    7     2,641.5    5.7%     1   2,641.5  round 1: select the Register tab
    8     2,332.0    5.0%     1   2,332.0  round 1: open the vendor
    9     1,280.5    2.7%     1   1,280.5  find the free slot on tab 4
   10     1,241.7    2.7%     1   1,241.7  round 1: close the Agent Shop
   11       964.8    2.1%     1     964.8  round 1: select inventory tab 4
         46,685.2  100.0%
  Upgrade Core (Ultimate): 3 of 3 row(s) after that one

  Force Gem Package: 1 row(s) inside 1-30, 1 wanted; row 5 'Force Gem Package'
    floor 187,222,222: 500/1000 of the 374,444,444 voucher, read at launch

  Epic Booster (Highest): 1 row(s) inside 1-30, 1 wanted; row 6 'Epic Booster (Highest)'
    floor 46,805,555: 125/1000 of the 374,444,444 voucher, read at launch

  Siena's Unbinding Stone: 1 row(s) inside 1-30, 1 wanted; row 7 "Siena's Unbinding Stone"
    floor 74,888,888: 200/1000 of the 374,444,444 voucher, read at launch

  Blessing Bead - Superior: 1 row(s) inside 1-30, 1 wanted; row 8 'Blessing Bead - Superior'
    floor 163,632,222: 437/1000 of the 374,444,444 voucher, read at launch
  row 1: 'Upgrade Core (Ultimate' x202 at 539,608 -> tab 4 slot (1, 1)
    floor 440,300 (440,300 x 1) from Upgrade Core Set (Ultimate); listed at 539,608, above it
TASK {"kind": "relist", "row": 1, "item": "Upgrade Core (Ultimate", "qty": 202, "price": 539608, "tab": 4, "slot": [1, 1], "lands_in": 1}
  inventory slot (1,1) at (1479, 236)
    the lowest listed price is 539,600, from the row and 3 more
    market 539,600, typing 539,599, 1 under the market
    net sales 108,998,998 is 202 x 539,599
  typed 250; the net sales make it 202

  list 202 at 539,599
    #         ms   share  step
    1     1806.9   15.4%  read the panel before loading
    2       49.4    0.4%  wait for slot (1,1) to fill
    3      915.6    7.8%  ctrl-click (1,1) attempt 1
    4      768.7    6.5%  read the suggested price
    5     1548.2   13.2%  type the price 539,599
    6     1022.2    8.7%  type the quantity 250
    7      990.2    8.4%  take the quantity from the net sales
    8      403.2    3.4%  click Register
    9      305.0    2.6%  find Confirmation
   10       47.5    0.4%  look for the underprice question
   11      431.2    3.7%  click Confirmation
   12      251.4    2.1%  park
   13      594.9    5.1%  confirm the dialog is gone
   14     2621.3   22.3%  wait for the panel to let the item go
         11755.7  100.0%  TOTAL
  listed 202 at 539,599; it lands in row 1
DONE {"kind": "relist", "row": 1, "lands_in": 1, "qty": 202, "price": 539599}
    relisted 202 at 539,599 in row 1
    the quantity column read 'Membership', which holds no digits, so it is the end of the name and not a count; reading the row as 'Yekaterina VIP Membership' and letting the panel count what is there
    one line read 'ene eae 1 126,499,998 OnSale Change'; read as stacked lines it is 'Yekaterina VIP Membership 126,499,998 OnSale Change'
  row 2: 'Yekaterina VIP Membership' x1 at 126,499,998 -> tab 4 slot (1, 1)
    floor 112,333,333 from what it cost; listed at 126,499,998, above it
TASK {"kind": "relist", "row": 2, "item": "Yekaterina VIP Membership", "qty": 1, "price": 126499998, "tab": 4, "slot": [1, 1], "lands_in": 2}
  inventory slot (1,1) at (1479, 236)
    the lowest listed price is 126,499,999, from the row and 3 more
    market 126,499,999, typing 126,499,998, 1 under the market
    net sales 126,499,998 is 1 x 126,499,998
  typed 250; the net sales make it 1

  list 1 at 126,499,998
    #         ms   share  step
    1     1988.3   17.4%  read the panel before loading
    2       67.2    0.6%  wait for slot (1,1) to fill
    3      897.4    7.9%  ctrl-click (1,1) attempt 1
    4      781.2    6.8%  read the suggested price
    5     1764.2   15.5%  type the price 126,499,998
    6     1025.8    9.0%  type the quantity 250
    7      886.6    7.8%  take the quantity from the net sales
    8      437.4    3.8%  click Register
    9      280.5    2.5%  find Confirmation
   10       55.2    0.5%  look for the underprice question
   11      381.3    3.3%  click Confirmation
   12      251.5    2.2%  park
   13      565.6    5.0%  confirm the dialog is gone
   14     2027.0   17.8%  wait for the panel to let the item go
         11409.3  100.0%  TOTAL
  listed 1 at 126,499,998; it lands in row 2
DONE {"kind": "relist", "row": 2, "lands_in": 2, "qty": 1, "price": 126499998}
    relisted 1 at 126,499,998 in row 2
  row 3: 'Upgrade Core (Ultimate' x82 at 539,606 -> tab 4 slot (1, 1)
    floor 440,300 (440,300 x 1) from Upgrade Core Set (Ultimate); listed at 539,606, above it
TASK {"kind": "relist", "row": 3, "item": "Upgrade Core (Ultimate", "qty": 82, "price": 539606, "tab": 4, "slot": [1, 1], "lands_in": 3}
  inventory slot (1,1) at (1479, 236)
    the lowest listed price is 539,599, from the row and 3 more
    market 539,599, typing 539,598, 1 under the market
    net sales 44,247,036 is 82 x 539,598
  typed 250; the net sales make it 82

  list 82 at 539,598
    #         ms   share  step
    1     1787.6   16.5%  read the panel before loading
    2       40.5    0.4%  wait for slot (1,1) to fill
    3      878.4    8.1%  ctrl-click (1,1) attempt 1
    4      786.6    7.2%  read the suggested price
    5     1586.1   14.6%  type the price 539,598
    6     1032.9    9.5%  type the quantity 250
    7      906.0    8.3%  take the quantity from the net sales
    8      435.8    4.0%  click Register
    9      305.4    2.8%  find Confirmation
   10       81.7    0.8%  look for the underprice question
   11      381.9    3.5%  click Confirmation
   12      251.3    2.3%  park
   13      479.5    4.4%  confirm the dialog is gone
   14     1904.3   17.5%  wait for the panel to let the item go
         10857.9  100.0%  TOTAL
  listed 82 at 539,598; it lands in row 3
DONE {"kind": "relist", "row": 3, "lands_in": 3, "qty": 82, "price": 539598}
    relisted 82 at 539,598 in row 3
  row 4: 'Force Core (Ultimate' x160 at 399,866 -> tab 4 slot (1, 1)
    floor 396,980 (396,980 x 1) from Force Core Set (Ultimate); listed at 399,866, above it
TASK {"kind": "relist", "row": 4, "item": "Force Core (Ultimate", "qty": 160, "price": 399866, "tab": 4, "slot": [1, 1], "lands_in": 4}
  inventory slot (1,1) at (1479, 236)
    the lowest listed price is 399,863, from the row and 3 more
    market 399,863, typing 399,862, 1 under the market
    net sales 63,977,920 is 160 x 399,862
  typed 250; the net sales make it 160

  list 160 at 399,862
    #         ms   share  step
    1     1843.0   17.1%  read the panel before loading
    2       56.2    0.5%  wait for slot (1,1) to fill
    3      895.3    8.3%  ctrl-click (1,1) attempt 1
    4      781.6    7.3%  read the suggested price
    5     1555.4   14.4%  type the price 399,862
    6     1060.5    9.8%  type the quantity 250
    7      930.8    8.6%  take the quantity from the net sales
    8      433.4    4.0%  click Register
    9      284.6    2.6%  find Confirmation
   10       85.7    0.8%  look for the underprice question
   11      378.9    3.5%  click Confirmation
   12      251.6    2.3%  park
   13      465.6    4.3%  confirm the dialog is gone
   14     1746.1   16.2%  wait for the panel to let the item go
         10768.8  100.0%  TOTAL
  listed 160 at 399,862; it lands in row 4
DONE {"kind": "relist", "row": 4, "lands_in": 4, "qty": 160, "price": 399862}
    relisted 160 at 399,862 in row 4
  row 5: 'Force Gem Package' x1 at 195,944,591 -> tab 4 slot (1, 1)
    floor 187,222,222 from what it cost; listed at 195,944,591, above it
TASK {"kind": "relist", "row": 5, "item": "Force Gem Package", "qty": 1, "price": 195944591, "tab": 4, "slot": [1, 1], "lands_in": 5}
  inventory slot (1,1) at (1479, 236)
    the lowest listed price is 195,944,591, from the row and 3 more
    market 195,944,591, typing 195,944,590, 1 under the market
    net sales 195,944,590 is 1 x 195,944,590
  typed 250; the net sales make it 1

  list 1 at 195,944,590
    #         ms   share  step
    1     1856.3   14.7%  read the panel before loading
    2       40.4    0.3%  wait for slot (1,1) to fill
    3      917.6    7.3%  ctrl-click (1,1) attempt 1
    4     1101.4    8.7%  read the suggested price
    5     1801.6   14.3%  type the price 195,944,590
    6     1038.8    8.2%  type the quantity 250
    7     1175.2    9.3%  take the quantity from the net sales
    8      450.4    3.6%  click Register
    9      345.4    2.7%  find Confirmation
   10       51.8    0.4%  look for the underprice question
   11      415.0    3.3%  click Confirmation
   12      251.4    2.0%  park
   13      501.3    4.0%  confirm the dialog is gone
   14     2689.6   21.3%  wait for the panel to let the item go
         12636.2  100.0%  TOTAL
  listed 1 at 195,944,590; it lands in row 5
DONE {"kind": "relist", "row": 5, "lands_in": 5, "qty": 1, "price": 195944590}
    relisted 1 at 195,944,590 in row 5
  row 6: 'Epic Booster (Highest)' x4 at 47,199,915 -> tab 4 slot (1, 1)
    floor 46,805,555 from what it cost; listed at 47,199,915, above it
TASK {"kind": "relist", "row": 6, "item": "Epic Booster (Highest)", "qty": 4, "price": 47199915, "tab": 4, "slot": [1, 1], "lands_in": 6}
  inventory slot (1,1) at (1479, 236)
    the lowest listed price is 47,199,913, from the row and 3 more
    market 47,199,913, typing 47,199,912, 1 under the market
    net sales 188,799,648 is 4 x 47,199,912
  typed 250; the net sales make it 4

  list 4 at 47,199,912
    #         ms   share  step
    1     2340.3   19.4%  read the panel before loading
    2       64.9    0.5%  wait for slot (1,1) to fill
    3      896.3    7.4%  ctrl-click (1,1) attempt 1
    4      855.5    7.1%  read the suggested price
    5     1744.6   14.5%  type the price 47,199,912
    6     1013.8    8.4%  type the quantity 250
    7     1126.5    9.3%  take the quantity from the net sales
    8      431.8    3.6%  click Register
    9      301.1    2.5%  find Confirmation
   10       55.5    0.5%  look for the underprice question
   11      437.8    3.6%  click Confirmation
   12      252.5    2.1%  park
   13      577.8    4.8%  confirm the dialog is gone
   14     1969.4   16.3%  wait for the panel to let the item go
         12067.8  100.0%  TOTAL
  listed 4 at 47,199,912; it lands in row 6
DONE {"kind": "relist", "row": 6, "lands_in": 6, "qty": 4, "price": 47199912}
    relisted 4 at 47,199,912 in row 6
  row 7: "Siena's Unbinding Stone" x1 at 98,998,868 -> tab 4 slot (1, 1)
    floor 74,888,888 from what it cost; listed at 98,998,868, above it
TASK {"kind": "relist", "row": 7, "item": "Siena's Unbinding Stone", "qty": 1, "price": 98998868, "tab": 4, "slot": [1, 1], "lands_in": 7}
  inventory slot (1,1) at (1479, 236)
    the lowest listed price is 98,998,866, from the row and 3 more
    market 98,998,866, typing 98,998,865, 1 under the market
    net sales 98,998,865 is 1 x 98,998,865
  typed 250; the net sales make it 1

  list 1 at 98,998,865
    #         ms   share  step
    1     1957.6   17.6%  read the panel before loading
    2       63.3    0.6%  wait for slot (1,1) to fill
    3      904.5    8.1%  ctrl-click (1,1) attempt 1
    4      982.6    8.8%  read the suggested price
    5     1711.1   15.3%  type the price 98,998,865
    6     1024.1    9.2%  type the quantity 250
    7      889.5    8.0%  take the quantity from the net sales
    8      386.9    3.5%  click Register
    9      318.8    2.9%  find Confirmation
   10       54.0    0.5%  look for the underprice question
   11      432.0    3.9%  click Confirmation
   12      251.3    2.3%  park
   13      427.4    3.8%  confirm the dialog is gone
   14     1749.3   15.7%  wait for the panel to let the item go
         11152.3  100.0%  TOTAL
  listed 1 at 98,998,865; it lands in row 7
DONE {"kind": "relist", "row": 7, "lands_in": 7, "qty": 1, "price": 98998865}
    relisted 1 at 98,998,865 in row 7
    the quantity column read 'Superior', which holds no digits, so it is the end of the name and not a count; reading the row as 'Blessing Bead - Superior' and letting the panel count what is there
    one line read 'aa 3 188,999,998 OnSale Change'; read as stacked lines it is 'Blessing Bead - Superior 188,999,998 OnSale Change'
  row 8: 'Blessing Bead - Superior' x1 at 188,999,998 -> tab 4 slot (1, 1)
    floor 163,632,222 from what it cost; listed at 188,999,998, above it
TASK {"kind": "relist", "row": 8, "item": "Blessing Bead - Superior", "qty": 1, "price": 188999998, "tab": 4, "slot": [1, 1], "lands_in": 8}
  inventory slot (1,1) at (1479, 236)
    the lowest listed price is 187,499,999, from the row and 3 more
    the market asks 187,499,998, 1,500,000 under our 188,999,998; holding at 187,999,998, the most this row may fall in one relist
    market 187,499,999, typing 187,999,998, 499,999 over the market
    net sales 563,999,994 is 3 x 187,999,998
  typed 250; the net sales make it 3

  list 3 at 187,999,998
    #         ms   share  step
    1     1846.8   15.6%  read the panel before loading
    2       49.9    0.4%  wait for slot (1,1) to fill
    3      898.6    7.6%  ctrl-click (1,1) attempt 1
    4     1087.5    9.2%  read the suggested price
    5     1775.3   15.0%  type the price 187,999,998
    6     1054.2    8.9%  type the quantity 250
    7      972.4    8.2%  take the quantity from the net sales
    8      437.1    3.7%  click Register
    9      344.3    2.9%  find Confirmation
   10       61.4    0.5%  look for the underprice question
   11      429.4    3.6%  click Confirmation
   12      252.0    2.1%  park
   13      592.3    5.0%  confirm the dialog is gone
   14     2049.2   17.3%  wait for the panel to let the item go
         11850.5  100.0%  TOTAL
  listed 3 at 187,999,998; it lands in row 8
DONE {"kind": "relist", "row": 8, "lands_in": 8, "qty": 3, "price": 187999998}
    relisted 3 at 187,999,998 in row 8
  row 9: 'Force Core(Highest' x171 at 203,225 -> tab 4 slot (1, 1)
    floor 203,225 (203,225 x 1) from Force Core Set (Highest); listed at 203,225, above it
TASK {"kind": "relist", "row": 9, "item": "Force Core(Highest", "qty": 171, "price": 203225, "tab": 4, "slot": [1, 1], "lands_in": 9}
  inventory slot (1,1) at (1479, 236)
    the lowest listed price is 203,225, from the row and 3 more
    market 203,224 is under the 203,225 floor (a Force Core Set (Highest) costs 203,225); listing at the floor
    market 203,225, typing 203,225, the market itself
    net sales 34,751,475 is 171 x 203,225
  typed 250; the net sales make it 171

  list 171 at 203,225
    #         ms   share  step
    1     1742.6   15.5%  read the panel before loading
    2       63.3    0.6%  wait for slot (1,1) to fill
    3      958.0    8.5%  ctrl-click (1,1) attempt 1
    4      766.5    6.8%  read the suggested price
    5     1550.6   13.8%  type the price 203,225
    6     1001.5    8.9%  type the quantity 250
    7     1112.2    9.9%  take the quantity from the net sales
    8      452.1    4.0%  click Register
    9      340.9    3.0%  find Confirmation
   10       68.2    0.6%  look for the underprice question
   11      447.0    4.0%  click Confirmation
   12      251.7    2.2%  park
   13      567.2    5.0%  confirm the dialog is gone
   14     1949.3   17.3%  wait for the panel to let the item go
         11271.0  100.0%  TOTAL
  listed 171 at 203,225; it lands in row 9
DONE {"kind": "relist", "row": 9, "lands_in": 9, "qty": 171, "price": 203225}
    relisted 171 at 203,225 in row 9, 2 relist(s) on the floor now
  row 10: 'Force Core(Highest' x165 at 203,225 -> tab 4 slot (1, 1)
    floor 203,225 (203,225 x 1) from Force Core Set (Highest); listed at 203,225, above it
TASK {"kind": "relist", "row": 10, "item": "Force Core(Highest", "qty": 165, "price": 203225, "tab": 4, "slot": [1, 1], "lands_in": 10}
  inventory slot (1,1) at (1479, 236)
    the lowest listed price is 203,225, from the row and 3 more
    market 203,224 is under the 203,225 floor (a Force Core Set (Highest) costs 203,225); listing at the floor
    market 203,225, typing 203,225, the market itself
    net sales 33,532,125 is 165 x 203,225
  typed 250; the net sales make it 165

  list 165 at 203,225
    #         ms   share  step
    1     2250.3   18.9%  read the panel before loading
    2       72.1    0.6%  wait for slot (1,1) to fill
    3      923.9    7.8%  ctrl-click (1,1) attempt 1
    4      868.1    7.3%  read the suggested price
    5     1588.9   13.3%  type the price 203,225
    6     1024.7    8.6%  type the quantity 250
    7     1237.8   10.4%  take the quantity from the net sales
    8      426.5    3.6%  click Register
    9      352.0    3.0%  find Confirmation
   10       61.2    0.5%  look for the underprice question
   11      411.7    3.5%  click Confirmation
   12      251.4    2.1%  park
   13      452.8    3.8%  confirm the dialog is gone
   14     1992.5   16.7%  wait for the panel to let the item go
         11913.9  100.0%  TOTAL
  listed 165 at 203,225; it lands in row 10
DONE {"kind": "relist", "row": 10, "lands_in": 10, "qty": 165, "price": 203225}
    relisted 165 at 203,225 in row 10, 2 relist(s) on the floor now
  row 11: 'Force Core(High' x200 at 206,965 -> tab 4 slot (1, 1)
    floor 194,074 (194,074 x 1) from Force Core Set (High); listed at 206,965, above it
TASK {"kind": "relist", "row": 11, "item": "Force Core(High", "qty": 200, "price": 206965, "tab": 4, "slot": [1, 1], "lands_in": 11}
  inventory slot (1,1) at (1479, 236)
    the lowest listed price is 206,956, from the row and 3 more
    market 206,956, typing 206,955, 1 under the market
    net sales 41,391,000 is 200 x 206,955
  typed 250; the net sales make it 200

  list 200 at 206,955
    #         ms   share  step
    1     1980.5   17.6%  read the panel before loading
    2       71.2    0.6%  wait for slot (1,1) to fill
    3      906.2    8.0%  ctrl-click (1,1) attempt 1
    4      770.4    6.8%  read the suggested price
    5     1538.2   13.7%  type the price 206,955
    6     1050.8    9.3%  type the quantity 250
    7     1033.8    9.2%  take the quantity from the net sales
    8      406.3    3.6%  click Register
    9      326.4    2.9%  find Confirmation
   10       60.6    0.5%  look for the underprice question
   11      435.2    3.9%  click Confirmation
   12      251.4    2.2%  park
   13      450.0    4.0%  confirm the dialog is gone
   14     1984.7   17.6%  wait for the panel to let the item go
         11265.7  100.0%  TOTAL
  listed 200 at 206,955; it lands in row 11
DONE {"kind": "relist", "row": 11, "lands_in": 11, "qty": 200, "price": 206955}
    relisted 200 at 206,955 in row 11
  row 12: 'Force Core(High' x190 at 206,964 -> tab 4 slot (1, 1)
    floor 194,074 (194,074 x 1) from Force Core Set (High); listed at 206,964, above it
TASK {"kind": "relist", "row": 12, "item": "Force Core(High", "qty": 190, "price": 206964, "tab": 4, "slot": [1, 1], "lands_in": 12}
  inventory slot (1,1) at (1479, 236)
    the lowest listed price is 206,955, from the row and 3 more
    market 206,955, typing 206,954, 1 under the market
    net sales 39,321,260 is 190 x 206,954
  typed 250; the net sales make it 190

  list 190 at 206,954
    #         ms   share  step
    1     1885.3   17.5%  read the panel before loading
    2       57.6    0.5%  wait for slot (1,1) to fill
    3      913.4    8.5%  ctrl-click (1,1) attempt 1
    4      767.6    7.1%  read the suggested price
    5     1553.1   14.4%  type the price 206,954
    6     1045.3    9.7%  type the quantity 250
    7      964.6    8.9%  take the quantity from the net sales
    8      431.5    4.0%  click Register
    9      266.4    2.5%  find Confirmation
   10       50.1    0.5%  look for the underprice question
   11      419.8    3.9%  click Confirmation
   12      251.7    2.3%  park
   13      450.7    4.2%  confirm the dialog is gone
   14     1727.3   16.0%  wait for the panel to let the item go
         10784.4  100.0%  TOTAL
  listed 190 at 206,954; it lands in row 12
DONE {"kind": "relist", "row": 12, "lands_in": 12, "qty": 190, "price": 206954}
    relisted 190 at 206,954 in row 12
  row 13: 'Force Core(High' x8 at 206,963 -> tab 4 slot (1, 1)
    floor 194,074 (194,074 x 1) from Force Core Set (High); listed at 206,963, above it
TASK {"kind": "relist", "row": 13, "item": "Force Core(High", "qty": 8, "price": 206963, "tab": 4, "slot": [1, 1], "lands_in": 13}
  inventory slot (1,1) at (1479, 236)
    the lowest listed price is 206,954, from the row and 3 more
    market 206,954, typing 206,953, 1 under the market
    net sales 1,655,624 is 8 x 206,953
  typed 250; the net sales make it 8

  list 8 at 206,953
    #         ms   share  step
    1     2318.5   19.0%  read the panel before loading
    2       85.9    0.7%  wait for slot (1,1) to fill
    3      943.3    7.7%  ctrl-click (1,1) attempt 1
    4      882.7    7.2%  read the suggested price
    5     1567.3   12.8%  type the price 206,953
    6     1011.3    8.3%  type the quantity 250
    7     1061.2    8.7%  take the quantity from the net sales
    8      457.9    3.8%  click Register
    9      390.2    3.2%  find Confirmation
   10       62.6    0.5%  look for the underprice question
   11      445.0    3.6%  click Confirmation
   12      252.0    2.1%  park
   13      523.9    4.3%  confirm the dialog is gone
   14     2200.4   18.0%  wait for the panel to let the item go
         12202.3  100.0%  TOTAL
  listed 8 at 206,953; it lands in row 13
DONE {"kind": "relist", "row": 13, "lands_in": 13, "qty": 8, "price": 206953}
    relisted 8 at 206,953 in row 13
  row 14: 'Upgrade Core (Ultimate' x240 at 539,600 -> tab 4 slot (1, 1)
    floor 440,300 (440,300 x 1) from what it cost; listed at 539,600, above it
TASK {"kind": "relist", "row": 14, "item": "Upgrade Core (Ultimate", "qty": 240, "price": 539600, "tab": 4, "slot": [1, 1], "lands_in": 14}
  inventory slot (1,1) at (1479, 236)
    the lowest listed price is 539,597, from the row and 3 more
    market 539,597, typing 539,596, 1 under the market
    net sales 129,503,040 is 240 x 539,596
  typed 250; the net sales make it 240

  list 240 at 539,596
    #         ms   share  step
    1     2125.6   18.6%  read the panel before loading
    2       52.6    0.5%  wait for slot (1,1) to fill
    3      912.0    8.0%  ctrl-click (1,1) attempt 1
    4      850.6    7.4%  read the suggested price
    5     1549.8   13.6%  type the price 539,596
    6     1020.5    8.9%  type the quantity 250
    7     1023.6    9.0%  take the quantity from the net sales
    8      437.4    3.8%  click Register
    9      285.4    2.5%  find Confirmation
   10       81.4    0.7%  look for the underprice question
   11      455.3    4.0%  click Confirmation
   12      251.5    2.2%  park
   13      567.5    5.0%  confirm the dialog is gone
   14     1808.3   15.8%  wait for the panel to let the item go
         11421.5  100.0%  TOTAL
  listed 240 at 539,596; it lands in row 14
DONE {"kind": "relist", "row": 14, "lands_in": 14, "qty": 240, "price": 539596}
    relisted 240 at 539,596 in row 14
  row 15 is empty; nothing to relist
  row 16 is empty; nothing to relist
  row 17 is empty; nothing to relist
  row 18 is empty; nothing to relist
  row 19 is empty; nothing to relist
  row 20 is empty; nothing to relist
  row 21 is empty; nothing to relist
  row 22 is empty; nothing to relist
  row 23 is empty; nothing to relist
  row 24 is empty; nothing to relist
  row 25 is empty; nothing to relist
  row 26 is empty; nothing to relist
  row 27 is empty; nothing to relist
  row 28 is empty; nothing to relist
  row 29 is empty; nothing to relist
  row 30 is empty; nothing to relist

  relisting rows 1-30: 14 relisted, 16 empty, 0 skipped
    #          ms   share     n      each  phase
    1   161,517.2   49.3%    14  11,536.9  list it back
    2    74,421.9   22.7%    14   5,315.9  cancel the row and take it back
    3    32,586.9    9.9%    30   1,086.2  scroll to the row and read it
    4    28,970.9    8.8%    14   2,069.4  check the shop slot is empty
    5    15,973.9    4.9%    14   1,141.0  select inventory tab 4
    6    14,115.0    4.3%    30     470.5  Refresh the table
        327,585.8  100.0%

  returning the game to its default state
restoring the default state:
  Escape: window closed
  Inventory already closed
  the gift box at [284, 994]
  Receive All at [1205, 786]
  Receive 1 of 4 at [1214, 327]
  Receive 2 of 4 at [1214, 425]
  Receive 3 of 4 at [1214, 523]
  Receive 4 of 4 at [1214, 621]
  the special giftbox's Receive at [1475, 541]
  Close at [1483, 846]
  took 4 gift(s)
  the Agent Shop is shut and the vendor is not open either; reopening it
  Inventory shut: slot grid 0.02, needs 0.33

  board after pass 2:
                                                   bought/u   listed/u  margin      row price
     1  Upgrade Core (Ultimate             x202           -    539,599       -        539,599
     2  Yekaterina VIP Membership          x1    112,333,333 126,499,998  +11.2%    126,499,998
     3  Upgrade Core (Ultimate             x82            -    539,598       -        539,598
     4  Force Core (Ultimate               x160           -    399,862       -        399,862
     5  Force Gem Package                  x1    187,222,222 195,944,590   +4.5%    195,944,590
     6  Epic Booster (Highest)             x4    46,805,555 47,199,912   +0.8%     47,199,912
     7  Siena's Unbinding Stone            x1    74,888,888 98,998,865  +24.4%     98,998,865
     8  Blessing Bead - Superior           x3    163,632,222 187,999,998  +13.0%    187,999,998
     9  Force Core(Highest                 x171           -    203,225       -        203,225
    10  Force Core(Highest                 x165           -    203,225       -        203,225
    11  Force Core(High                    x200           -    206,955       -        206,955
    12  Force Core(High                    x190           -    206,954       -        206,954
    13  Force Core(High                    x8             -    206,953       -        206,953
    14  Upgrade Core (Ultimate             x240     440,300    539,596  +18.4%        539,596
    item                               rows   units          listed
    Blessing Bead - Superior              1       3     563,999,994
    Epic Booster (Highest)                1       4     188,799,648
    Force Core (Ultimate                  1     160      63,977,920
    Force Core(High                       3     398      82,367,884
    Force Core(Highest                    2     336      68,283,600
    Force Gem Package                     1       1     195,944,590
    Siena's Unbinding Stone               1       1      98,998,865
    Upgrade Core (Ultimate                3     524     282,749,074
    Yekaterina VIP Membership             1       1     126,499,998
    board                                14   1,428   1,671,621,573
    balance now 1,040,439,938
  pass 2: 14 relisted, 16 empty, 0 skipped; 9986.6 minute(s) left

-- pass 3 --

  resupply order: Yekaterina VIP Membership, Chaos Core, Force Core(High), Force Core(Highest), Upgrade Core (Ultimate), Force Core (Ultimate), Force Gem Package, Epic Booster (Highest), Siena's Unbinding Stone, Blessing Bead - Superior

  Yekaterina VIP Membership: 1 row(s) inside 1-30, 1 wanted; row 2 'Yekaterina VIP Membership'
    floor 112,333,333: 300/1000 of the 374,444,444 voucher, read at launch

-- Chaos Core Set under our listing: up to 3 row(s) --
  no Chaos Core Set of ours on the board, so there is no listing of ours to buy under; not buying

  counting only rows 1-30; rows outside it are not repriced and do not count; 16 row(s) free
  core                            rows     buy/u    sell/u    margin  wants   short?
  Force Core(Highest)                2   203,157   203,225        68      0   
  Chaos Core                         0   725,999   729,621     3,622      0   
  Force Core (Ultimate)              1   396,980   399,861     2,881      0   
  Force Core(High)                   3         -         -         -      -   holds the most it can want, 3; not priced
  Upgrade Core (Ultimate)            3         -         -         -      -   holds the most it can want, 3; not priced

  nothing inside rows 1-30 holds fewer rows than its margin is worth.

  Force Gem Package: 1 row(s) inside 1-30, 1 wanted; row 5 'Force Gem Package'
    floor 187,222,222: 500/1000 of the 374,444,444 voucher, read at launch

  Epic Booster (Highest): 1 row(s) inside 1-30, 1 wanted; row 6 'Epic Booster (Highest)'
    floor 46,805,555: 125/1000 of the 374,444,444 voucher, read at launch

  Siena's Unbinding Stone: 1 row(s) inside 1-30, 1 wanted; row 7 "Siena's Unbinding Stone"
    floor 74,888,888: 200/1000 of the 374,444,444 voucher, read at launch

  Blessing Bead - Superior: 1 row(s) inside 1-30, 1 wanted; row 8 'Blessing Bead - Superior'
    floor 163,632,222: 437/1000 of the 374,444,444 voucher, read at launch
  row 1: 'Upgrade Core (Ultimate' x202 at 539,599 -> tab 4 slot (1, 1)
    floor 440,300 (440,300 x 1) from Upgrade Core Set (Ultimate); listed at 539,599, above it
TASK {"kind": "relist", "row": 1, "item": "Upgrade Core (Ultimate", "qty": 202, "price": 539599, "tab": 4, "slot": [1, 1], "lands_in": 1}
  inventory slot (1,1) at (1479, 236)
    the lowest listed price is 539,594, from the row and 3 more
    market 539,594, typing 539,593, 1 under the market
    net sales 108,997,786 is 202 x 539,593
  typed 250; the net sales make it 202

  list 202 at 539,593
    #         ms   share  step
    1     2223.8   18.1%  read the panel before loading
    2       69.6    0.6%  wait for slot (1,1) to fill
    3      913.6    7.4%  ctrl-click (1,1) attempt 1
    4      870.4    7.1%  read the suggested price
    5     1551.4   12.6%  type the price 539,593
    6     1043.9    8.5%  type the quantity 250
    7     1046.6    8.5%  take the quantity from the net sales
    8      448.2    3.6%  click Register
    9      356.5    2.9%  find Confirmation
   10       48.1    0.4%  look for the underprice question
   11      416.7    3.4%  click Confirmation
   12      251.8    2.0%  park
   13      738.2    6.0%  confirm the dialog is gone
   14     2335.5   19.0%  wait for the panel to let the item go
         12314.3  100.0%  TOTAL
  listed 202 at 539,593; it lands in row 1
DONE {"kind": "relist", "row": 1, "lands_in": 1, "qty": 202, "price": 539593}
    relisted 202 at 539,593 in row 1
    the quantity column read 'Membership', which holds no digits, so it is the end of the name and not a count; reading the row as 'Yekaterina VIP Membership' and letting the panel count what is there
    one line read 'ene eae 1 126,499,998 OnSale Change'; read as stacked lines it is 'Yekaterina VIP Membership 126,499,998 OnSale Change'
  row 2: 'Yekaterina VIP Membership' x1 at 126,499,998 -> tab 4 slot (1, 1)
    floor 112,333,333 from what it cost; listed at 126,499,998, above it
TASK {"kind": "relist", "row": 2, "item": "Yekaterina VIP Membership", "qty": 1, "price": 126499998, "tab": 4, "slot": [1, 1], "lands_in": 2}
  inventory slot (1,1) at (1479, 236)
    the lowest listed price is 126,499,999, from the row and 3 more
    market 126,499,999, typing 126,499,998, 1 under the market
    net sales 126,499,998 is 1 x 126,499,998
  typed 250; the net sales make it 1

  list 1 at 126,499,998
    #         ms   share  step
    1     2227.6   18.4%  read the panel before loading
    2       54.1    0.4%  wait for slot (1,1) to fill
    3      926.0    7.7%  ctrl-click (1,1) attempt 1
    4      851.6    7.0%  read the suggested price
    5     1787.9   14.8%  type the price 126,499,998
    6     1037.4    8.6%  type the quantity 250
    7     1099.8    9.1%  take the quantity from the net sales
    8      389.6    3.2%  click Register
    9      316.8    2.6%  find Confirmation
   10       49.8    0.4%  look for the underprice question
   11      433.8    3.6%  click Confirmation
   12      251.5    2.1%  park
   13      510.7    4.2%  confirm the dialog is gone
   14     2152.4   17.8%  wait for the panel to let the item go
         12088.9  100.0%  TOTAL
  listed 1 at 126,499,998; it lands in row 2
DONE {"kind": "relist", "row": 2, "lands_in": 2, "qty": 1, "price": 126499998}
    relisted 1 at 126,499,998 in row 2
  row 3: 'Upgrade Core (Ultimate' x82 at 539,598 -> tab 4 slot (1, 1)
    floor 440,300 (440,300 x 1) from Upgrade Core Set (Ultimate); listed at 539,598, above it
TASK {"kind": "relist", "row": 3, "item": "Upgrade Core (Ultimate", "qty": 82, "price": 539598, "tab": 4, "slot": [1, 1], "lands_in": 3}
  inventory slot (1,1) at (1479, 236)
    the lowest listed price is 539,593, from the row and 3 more
    market 539,593, typing 539,592, 1 under the market
    net sales 44,246,544 is 82 x 539,592
  typed 250; the net sales make it 82

  list 82 at 539,592
    #         ms   share  step
    1     1840.7   15.9%  read the panel before loading
    2       43.8    0.4%  wait for slot (1,1) to fill
    3      930.2    8.0%  ctrl-click (1,1) attempt 1
    4      781.6    6.7%  read the suggested price
    5     1523.1   13.1%  type the price 539,592
    6     1050.5    9.1%  type the quantity 250
    7     1076.1    9.3%  take the quantity from the net sales
    8      490.9    4.2%  click Register
    9      375.1    3.2%  find Confirmation
   10       51.8    0.4%  look for the underprice question
   11      448.1    3.9%  click Confirmation
   12      251.3    2.2%  park
   13      573.9    5.0%  confirm the dialog is gone
   14     2153.1   18.6%  wait for the panel to let the item go
         11590.2  100.0%  TOTAL
  listed 82 at 539,592; it lands in row 3
DONE {"kind": "relist", "row": 3, "lands_in": 3, "qty": 82, "price": 539592}
    relisted 82 at 539,592 in row 3
  row 4: 'Force Core (Ultimate' x160 at 399,862 -> tab 4 slot (1, 1)
    floor 396,980 (396,980 x 1) from Force Core Set (Ultimate); listed at 399,862, above it
TASK {"kind": "relist", "row": 4, "item": "Force Core (Ultimate", "qty": 160, "price": 399862, "tab": 4, "slot": [1, 1], "lands_in": 4}
  inventory slot (1,1) at (1479, 236)
    the lowest listed price is 399,859, from the row and 3 more
    market 399,859, typing 399,858, 1 under the market
    net sales 63,977,280 is 160 x 399,858
  typed 250; the net sales make it 160

  list 160 at 399,858
    #         ms   share  step
    1     2128.1   17.9%  read the panel before loading
    2       50.2    0.4%  wait for slot (1,1) to fill
    3      950.7    8.0%  ctrl-click (1,1) attempt 1
    4      851.0    7.2%  read the suggested price
    5     1563.4   13.2%  type the price 399,858
    6     1009.7    8.5%  type the quantity 250
    7     1031.2    8.7%  take the quantity from the net sales
    8      451.6    3.8%  click Register
    9      273.1    2.3%  find Confirmation
   10       46.1    0.4%  look for the underprice question
   11      397.6    3.3%  click Confirmation
   12      251.7    2.1%  park
   13      557.1    4.7%  confirm the dialog is gone
   14     2327.3   19.6%  wait for the panel to let the item go
         11888.7  100.0%  TOTAL
  listed 160 at 399,858; it lands in row 4
DONE {"kind": "relist", "row": 4, "lands_in": 4, "qty": 160, "price": 399858}
    relisted 160 at 399,858 in row 4
  row 5: 'Force Gem Package' x1 at 195,944,590 -> tab 4 slot (1, 1)
    floor 187,222,222 from what it cost; listed at 195,944,590, above it
TASK {"kind": "relist", "row": 5, "item": "Force Gem Package", "qty": 1, "price": 195944590, "tab": 4, "slot": [1, 1], "lands_in": 5}
  inventory slot (1,1) at (1479, 236)
    the lowest listed price is 195,944,591, from the row and 3 more
    market 195,944,591, typing 195,944,590, 1 under the market
    net sales 195,944,590 is 1 x 195,944,590
  typed 250; the net sales make it 1

  list 1 at 195,944,590
    #         ms   share  step
    1     1789.0   15.6%  read the panel before loading
    2       74.8    0.7%  wait for slot (1,1) to fill
    3      879.3    7.7%  ctrl-click (1,1) attempt 1
    4     1003.4    8.7%  read the suggested price
    5     1769.0   15.4%  type the price 195,944,590
    6     1054.5    9.2%  type the quantity 250
    7     1090.4    9.5%  take the quantity from the net sales
    8      396.4    3.5%  click Register
    9      286.6    2.5%  find Confirmation
   10       45.8    0.4%  look for the underprice question
   11      415.5    3.6%  click Confirmation
   12      251.0    2.2%  park
   13      440.2    3.8%  confirm the dialog is gone
   14     1971.8   17.2%  wait for the panel to let the item go
         11467.7  100.0%  TOTAL
  listed 1 at 195,944,590; it lands in row 5
DONE {"kind": "relist", "row": 5, "lands_in": 5, "qty": 1, "price": 195944590}
    relisted 1 at 195,944,590 in row 5
  row 6: 'Epic Booster (Highest)' x4 at 47,199,912 -> tab 4 slot (1, 1)
    floor 46,805,555 from what it cost; listed at 47,199,912, above it
TASK {"kind": "relist", "row": 6, "item": "Epic Booster (Highest)", "qty": 4, "price": 47199912, "tab": 4, "slot": [1, 1], "lands_in": 6}
  inventory slot (1,1) at (1479, 236)
    the lowest listed price is 47,199,911, from the row and 3 more
    market 47,199,911, typing 47,199,910, 1 under the market
    net sales 188,799,640 is 4 x 47,199,910
  typed 250; the net sales make it 4

  list 4 at 47,199,910
    #         ms   share  step
    1     2099.7   17.2%  read the panel before loading
    2       43.5    0.4%  wait for slot (1,1) to fill
    3      925.1    7.6%  ctrl-click (1,1) attempt 1
    4      813.1    6.7%  read the suggested price
    5     1711.6   14.1%  type the price 47,199,910
    6     1061.9    8.7%  type the quantity 250
    7     1177.0    9.7%  take the quantity from the net sales
    8      440.9    3.6%  click Register
    9      333.6    2.7%  find Confirmation
   10       52.3    0.4%  look for the underprice question
   11      414.1    3.4%  click Confirmation
   12      254.6    2.1%  park
   13      562.3    4.6%  confirm the dialog is gone
   14     2285.0   18.8%  wait for the panel to let the item go
         12174.7  100.0%  TOTAL
  listed 4 at 47,199,910; it lands in row 6
DONE {"kind": "relist", "row": 6, "lands_in": 6, "qty": 4, "price": 47199910}
    relisted 4 at 47,199,910 in row 6
  row 7: "Siena's Unbinding Stone" x1 at 98,998,865 -> tab 4 slot (1, 1)
    floor 74,888,888 from what it cost; listed at 98,998,865, above it
TASK {"kind": "relist", "row": 7, "item": "Siena's Unbinding Stone", "qty": 1, "price": 98998865, "tab": 4, "slot": [1, 1], "lands_in": 7}
  inventory slot (1,1) at (1479, 236)
    the lowest listed price is 98,998,864, from the row and 3 more
    market 98,998,864, typing 98,998,863, 1 under the market
    net sales 98,998,863 is 1 x 98,998,863
  typed 250; the net sales make it 1

  list 1 at 98,998,863
    #         ms   share  step
    1     2376.4   19.4%  read the panel before loading
    2       71.5    0.6%  wait for slot (1,1) to fill
    3      925.4    7.5%  ctrl-click (1,1) attempt 1
    4     1037.0    8.4%  read the suggested price
    5     1683.7   13.7%  type the price 98,998,863
    6     1028.0    8.4%  type the quantity 250
    7     1055.9    8.6%  take the quantity from the net sales
    8      421.1    3.4%  click Register
    9      304.4    2.5%  find Confirmation
   10       62.7    0.5%  look for the underprice question
   11      400.2    3.3%  click Confirmation
   12      251.6    2.0%  park
   13      458.8    3.7%  confirm the dialog is gone
   14     2203.0   17.9%  wait for the panel to let the item go
         12279.8  100.0%  TOTAL
  listed 1 at 98,998,863; it lands in row 7
DONE {"kind": "relist", "row": 7, "lands_in": 7, "qty": 1, "price": 98998863}
    relisted 1 at 98,998,863 in row 7
    the quantity column read 'Superior', which holds no digits, so it is the end of the name and not a count; reading the row as 'Blessing Bead - Superior' and letting the panel count what is there
    one line read 'aa 3 187,999,998 OnSale Change'; read as stacked lines it is 'Blessing Bead - Superior 187,999,998 OnSale Change'
  row 8: 'Blessing Bead - Superior' x1 at 187,999,998 -> tab 4 slot (1, 1)
    floor 163,632,222 from what it cost; listed at 187,999,998, above it
TASK {"kind": "relist", "row": 8, "item": "Blessing Bead - Superior", "qty": 1, "price": 187999998, "tab": 4, "slot": [1, 1], "lands_in": 8}
  inventory slot (1,1) at (1479, 236)
    the lowest listed price is 187,499,999, from the row and 3 more
    market 187,499,999, typing 187,499,998, 1 under the market
    net sales 562,499,994 is 3 x 187,499,998
  typed 250; the net sales make it 3

  list 3 at 187,499,998
    #         ms   share  step
    1     2207.5   18.4%  read the panel before loading
    2       63.4    0.5%  wait for slot (1,1) to fill
    3      912.5    7.6%  ctrl-click (1,1) attempt 1
    4     1094.9    9.1%  read the suggested price
    5     1744.1   14.5%  type the price 187,499,998
    6     1018.1    8.5%  type the quantity 250
    7      857.7    7.2%  take the quantity from the net sales
    8      428.1    3.6%  click Register
    9      345.3    2.9%  find Confirmation
   10       61.6    0.5%  look for the underprice question
   11      411.1    3.4%  click Confirmation
   12      252.0    2.1%  park
   13      511.6    4.3%  confirm the dialog is gone
   14     2079.5   17.3%  wait for the panel to let the item go
         11987.4  100.0%  TOTAL
  listed 3 at 187,499,998; it lands in row 8
DONE {"kind": "relist", "row": 8, "lands_in": 8, "qty": 3, "price": 187499998}
    relisted 3 at 187,499,998 in row 8
  row 9: 'Force Core(Highest' x171 at 203,225 -> tab 4 slot (1, 1)
    floor 203,225 (203,225 x 1) from Force Core Set (Highest); listed at 203,225, above it
TASK {"kind": "relist", "row": 9, "item": "Force Core(Highest", "qty": 171, "price": 203225, "tab": 4, "slot": [1, 1], "lands_in": 9}
  inventory slot (1,1) at (1479, 236)
    the lowest listed price is 203,225, from the row and 3 more
    market 203,224 is under the 203,225 floor (a Force Core Set (Highest) costs 203,225); listing at the floor
    market 203,225, typing 203,225, the market itself
    net sales 34,751,475 is 171 x 203,225
  typed 250; the net sales make it 171

  list 171 at 203,225
    #         ms   share  step
    1     2385.4   19.9%  read the panel before loading
    2       63.2    0.5%  wait for slot (1,1) to fill
    3      912.1    7.6%  ctrl-click (1,1) attempt 1
    4      778.6    6.5%  read the suggested price
    5     1560.7   13.0%  type the price 203,225
    6     1000.5    8.3%  type the quantity 250
    7     1031.9    8.6%  take the quantity from the net sales
    8      422.2    3.5%  click Register
    9      334.1    2.8%  find Confirmation
   10       51.0    0.4%  look for the underprice question
   11      396.5    3.3%  click Confirmation
   12      252.5    2.1%  park
   13      568.9    4.7%  confirm the dialog is gone
   14     2239.7   18.7%  wait for the panel to let the item go
         11997.5  100.0%  TOTAL
  listed 171 at 203,225; it lands in row 9
DONE {"kind": "relist", "row": 9, "lands_in": 9, "qty": 171, "price": 203225}
    relisted 171 at 203,225 in row 9, 3 relist(s) on the floor now
  row 10: 'Force Core(Highest' x165 at 203,225 -> tab 4 slot (1, 1)
    floor 203,225 (203,225 x 1) from Force Core Set (Highest); listed at 203,225, above it
TASK {"kind": "relist", "row": 10, "item": "Force Core(Highest", "qty": 165, "price": 203225, "tab": 4, "slot": [1, 1], "lands_in": 10}
  inventory slot (1,1) at (1479, 236)
    the lowest listed price is 203,225, from the row and 3 more
    market 203,224 is under the 203,225 floor (a Force Core Set (Highest) costs 203,225); listing at the floor
    market 203,225, typing 203,225, the market itself
    net sales 33,532,125 is 165 x 203,225
  typed 250; the net sales make it 165

  list 165 at 203,225
    #         ms   share  step
    1     1911.1   16.6%  read the panel before loading
    2       56.0    0.5%  wait for slot (1,1) to fill
    3      935.1    8.1%  ctrl-click (1,1) attempt 1
    4      872.0    7.6%  read the suggested price
    5     1598.2   13.9%  type the price 203,225
    6     1062.8    9.2%  type the quantity 250
    7     1092.8    9.5%  take the quantity from the net sales
    8      416.4    3.6%  click Register
    9      337.0    2.9%  find Confirmation
   10       52.3    0.5%  look for the underprice question
   11      414.8    3.6%  click Confirmation
   12      251.4    2.2%  park
   13      538.1    4.7%  confirm the dialog is gone
   14     1982.9   17.2%  wait for the panel to let the item go
         11521.0  100.0%  TOTAL
  listed 165 at 203,225; it lands in row 10
DONE {"kind": "relist", "row": 10, "lands_in": 10, "qty": 165, "price": 203225}
    relisted 165 at 203,225 in row 10, 3 relist(s) on the floor now
  row 11: 'Force Core(High' x200 at 206,955 -> tab 4 slot (1, 1)
    floor 194,074 (194,074 x 1) from Force Core Set (High); listed at 206,955, above it
TASK {"kind": "relist", "row": 11, "item": "Force Core(High", "qty": 200, "price": 206955, "tab": 4, "slot": [1, 1], "lands_in": 11}
  inventory slot (1,1) at (1479, 236)
    the lowest listed price is 206,950, from the row and 3 more
    market 206,950, typing 206,949, 1 under the market
    net sales 41,389,800 is 200 x 206,949
  typed 250; the net sales make it 200

  list 200 at 206,949
    #         ms   share  step
    1     2369.9   20.2%  read the panel before loading
    2       78.6    0.7%  wait for slot (1,1) to fill
    3      945.8    8.1%  ctrl-click (1,1) attempt 1
    4      868.2    7.4%  read the suggested price
    5     1552.0   13.3%  type the price 206,949
    6     1020.6    8.7%  type the quantity 250
    7      890.9    7.6%  take the quantity from the net sales
    8      420.7    3.6%  click Register
    9      251.6    2.1%  find Confirmation
   10       50.7    0.4%  look for the underprice question
   11      380.8    3.3%  click Confirmation
   12      251.2    2.1%  park
   13      504.8    4.3%  confirm the dialog is gone
   14     2127.5   18.2%  wait for the panel to let the item go
         11713.3  100.0%  TOTAL
  listed 200 at 206,949; it lands in row 11
DONE {"kind": "relist", "row": 11, "lands_in": 11, "qty": 200, "price": 206949}
    relisted 200 at 206,949 in row 11
  row 12 has SOLD (partly); collecting
    collected; 120 left to relist
  row 12: 'Force Core(High' x120 at 206,954 -> tab 4 slot (1, 1)
    floor 194,074 (194,074 x 1) from Force Core Set (High); listed at 206,954, above it
TASK {"kind": "relist", "row": 12, "item": "Force Core(High", "qty": 120, "price": 206954, "tab": 4, "slot": [1, 1], "lands_in": 12}
  inventory slot (1,1) at (1479, 236)
    the lowest listed price is 206,949, from the row and 3 more
    market 206,949, typing 206,948, 1 under the market
    net sales 24,833,760 is 120 x 206,948
  typed 250; the net sales make it 120

  list 120 at 206,948
    #         ms   share  step
    1     1831.7   16.2%  read the panel before loading
    2       65.6    0.6%  wait for slot (1,1) to fill
    3      899.3    8.0%  ctrl-click (1,1) attempt 1
    4      866.5    7.7%  read the suggested price
    5     1550.6   13.7%  type the price 206,948
    6     1017.6    9.0%  type the quantity 250
    7     1097.7    9.7%  take the quantity from the net sales
    8      424.2    3.8%  click Register
    9      286.6    2.5%  find Confirmation
   10       47.4    0.4%  look for the underprice question
   11      385.7    3.4%  click Confirmation
   12      251.5    2.2%  park
   13      538.0    4.8%  confirm the dialog is gone
   14     2031.5   18.0%  wait for the panel to let the item go
         11293.9  100.0%  TOTAL
  listed 120 at 206,948; it lands in row 12
DONE {"kind": "relist", "row": 12, "lands_in": 12, "qty": 120, "price": 206948}
    relisted 120 at 206,948 in row 12
  row 13: 'Force Core(High' x8 at 206,953 -> tab 4 slot (1, 1)
    floor 194,074 (194,074 x 1) from Force Core Set (High); listed at 206,953, above it
TASK {"kind": "relist", "row": 13, "item": "Force Core(High", "qty": 8, "price": 206953, "tab": 4, "slot": [1, 1], "lands_in": 13}
  inventory slot (1,1) at (1479, 236)
    the lowest listed price is 206,947, from the row and 3 more
    market 206,947, typing 206,946, 1 under the market
    net sales 1,655,568 is 8 x 206,946
  typed 250; the net sales make it 8

  list 8 at 206,946
    #         ms   share  step
    1     2266.2   20.0%  read the panel before loading
    2       66.8    0.6%  wait for slot (1,1) to fill
    3      909.6    8.0%  ctrl-click (1,1) attempt 1
    4      840.9    7.4%  read the suggested price
    5     1591.4   14.0%  type the price 206,946
    6      998.8    8.8%  type the quantity 250
    7      867.0    7.6%  take the quantity from the net sales
    8      455.8    4.0%  click Register
    9      300.4    2.7%  find Confirmation
   10       69.5    0.6%  look for the underprice question
   11      381.2    3.4%  click Confirmation
   12      251.3    2.2%  park
   13      433.9    3.8%  confirm the dialog is gone
   14     1902.6   16.8%  wait for the panel to let the item go
         11335.4  100.0%  TOTAL
  listed 8 at 206,946; it lands in row 13
DONE {"kind": "relist", "row": 13, "lands_in": 13, "qty": 8, "price": 206946}
    relisted 8 at 206,946 in row 13
  row 14: 'Upgrade Core (Ultimate' x240 at 539,596 -> tab 4 slot (1, 1)
    floor 440,300 (440,300 x 1) from what it cost; listed at 539,596, above it
TASK {"kind": "relist", "row": 14, "item": "Upgrade Core (Ultimate", "qty": 240, "price": 539596, "tab": 4, "slot": [1, 1], "lands_in": 14}
  inventory slot (1,1) at (1479, 236)
    the lowest listed price is 539,588, from the row and 3 more
    market 539,588, typing 539,587, 1 under the market
    net sales 129,500,880 is 240 x 539,587
  typed 250; the net sales make it 240

  list 240 at 539,587
    #         ms   share  step
    1     2080.2   18.0%  read the panel before loading
    2       57.7    0.5%  wait for slot (1,1) to fill
    3      952.5    8.2%  ctrl-click (1,1) attempt 1
    4      847.7    7.3%  read the suggested price
    5     1546.5   13.4%  type the price 539,587
    6     1061.4    9.2%  type the quantity 250
    7     1085.1    9.4%  take the quantity from the net sales
    8      394.5    3.4%  click Register
    9      318.0    2.8%  find Confirmation
   10       53.9    0.5%  look for the underprice question
   11      395.9    3.4%  click Confirmation
   12      251.6    2.2%  park
   13      528.3    4.6%  confirm the dialog is gone
   14     1988.4   17.2%  wait for the panel to let the item go
         11561.8  100.0%  TOTAL
  listed 240 at 539,587; it lands in row 14
DONE {"kind": "relist", "row": 14, "lands_in": 14, "qty": 240, "price": 539587}
    relisted 240 at 539,587 in row 14
  row 15 is empty; nothing to relist
  row 16 is empty; nothing to relist
  row 17 is empty; nothing to relist
  row 18 is empty; nothing to relist
  row 19 is empty; nothing to relist
  row 20 is empty; nothing to relist
  row 21 is empty; nothing to relist
  row 22 is empty; nothing to relist
  row 23 is empty; nothing to relist
  row 24 is empty; nothing to relist
  row 25 is empty; nothing to relist
  row 26 is empty; nothing to relist
  row 27 is empty; nothing to relist
  row 28 is empty; nothing to relist
  row 29 is empty; nothing to relist
  row 30 is empty; nothing to relist

  relisting rows 1-30: 14 relisted, 16 empty, 0 skipped
    #          ms   share     n      each  phase
    1   165,370.1   48.9%    14  11,812.1  list it back
    2    75,338.6   22.3%    14   5,381.3  cancel the row and take it back
    3    33,659.2   10.0%    30   1,122.0  scroll to the row and read it
    4    29,294.9    8.7%    14   2,092.5  check the shop slot is empty
    5    15,989.8    4.7%    14   1,142.1  select inventory tab 4
    6    14,273.8    4.2%    30     475.8  Refresh the table
    7     3,335.5    1.0%     1   3,335.5  collect what sold
    8       666.1    0.2%     1     666.1  read the row again after collecting
        337,928.0  100.0%

  returning the game to its default state
restoring the default state:
  Escape: window closed
  Inventory already closed
  the gift box at [284, 994]
  Receive All at [1205, 786]
  Receive 1 of 4 at [1214, 327]
  Receive 2 of 4 at [1214, 425]
  Receive 3 of 4 at [1214, 523]
  Receive 4 of 4 at [1214, 621]
  the special giftbox's Receive at [1475, 541]
  Close at [1483, 846]
  took 4 gift(s)
  the Agent Shop is shut and the vendor is not open either; reopening it
  Inventory shut: slot grid 0.02, needs 0.33

  board after pass 3:
                                                   bought/u   listed/u  margin      row price
     1  Upgrade Core (Ultimate             x202           -    539,593       -        539,593
     2  Yekaterina VIP Membership          x1    112,333,333 126,499,998  +11.2%    126,499,998
     3  Upgrade Core (Ultimate             x82            -    539,592       -        539,592
     4  Force Core (Ultimate               x160           -    399,858       -        399,858
     5  Force Gem Package                  x1    187,222,222 195,944,590   +4.5%    195,944,590
     6  Epic Booster (Highest)             x4    46,805,555 47,199,910   +0.8%     47,199,910
     7  Siena's Unbinding Stone            x1    74,888,888 98,998,863  +24.4%     98,998,863
     8  Blessing Bead - Superior           x3    163,632,222 187,499,998  +12.7%    187,499,998
     9  Force Core(Highest                 x171           -    203,225       -        203,225
    10  Force Core(Highest                 x165           -    203,225       -        203,225
    11  Force Core(High                    x200           -    206,949       -        206,949
    12  Force Core(High                    x120           -    206,948       -        206,948
    13  Force Core(High                    x8             -    206,946       -        206,946
    14  Upgrade Core (Ultimate             x240     440,300    539,587  +18.4%        539,587
    item                               rows   units          listed
    Blessing Bead - Superior              1       3     562,499,994
    Epic Booster (Highest)                1       4     188,799,640
    Force Core (Ultimate                  1     160      63,977,280
    Force Core(High                       3     328      67,879,128
    Force Core(Highest                    2     336      68,283,600
    Force Gem Package                     1       1     195,944,590
    Siena's Unbinding Stone               1       1      98,998,863
    Upgrade Core (Ultimate                3     524     282,745,210
    Yekaterina VIP Membership             1       1     126,499,998
    board                                14   1,358   1,655,628,303
    balance now 1,054,926,718
  pass 3: 14 relisted, 16 empty, 0 skipped; 9980.0 minute(s) left

-- pass 4 --

  resupply order: Yekaterina VIP Membership, Chaos Core, Force Core(High), Force Core(Highest), Upgrade Core (Ultimate), Force Core (Ultimate), Force Gem Package, Epic Booster (Highest), Siena's Unbinding Stone, Blessing Bead - Superior

  Yekaterina VIP Membership: 1 row(s) inside 1-30, 1 wanted; row 2 'Yekaterina VIP Membership'
    floor 112,333,333: 300/1000 of the 374,444,444 voucher, read at launch

-- Chaos Core Set under our listing: up to 3 row(s) --
  no Chaos Core Set of ours on the board, so there is no listing of ours to buy under; not buying

  counting only rows 1-30; rows outside it are not repriced and do not count; 16 row(s) free
  core                            rows     buy/u    sell/u    margin  wants   short?
  Force Core(Highest)                2   203,125   203,223        98      0   
  Chaos Core                         0   725,999   729,618     3,619      0   
  Force Core (Ultimate)              1   396,980   399,855     2,875      0   
  Force Core(High)                   3         -         -         -      -   holds the most it can want, 3; not priced
  Upgrade Core (Ultimate)            3         -         -         -      -   holds the most it can want, 3; not priced

  nothing inside rows 1-30 holds fewer rows than its margin is worth.

  Force Gem Package: 1 row(s) inside 1-30, 1 wanted; row 5 'Force Gem Package'
    floor 187,222,222: 500/1000 of the 374,444,444 voucher, read at launch

  Epic Booster (Highest): 1 row(s) inside 1-30, 1 wanted; row 6 'Epic Booster (Highest)'
    floor 46,805,555: 125/1000 of the 374,444,444 voucher, read at launch

  Siena's Unbinding Stone: 1 row(s) inside 1-30, 1 wanted; row 7 "Siena's Unbinding Stone"
    floor 74,888,888: 200/1000 of the 374,444,444 voucher, read at launch

  Blessing Bead - Superior: 1 row(s) inside 1-30, 1 wanted; row 8 'Blessing Bead - Superior'
    floor 163,632,222: 437/1000 of the 374,444,444 voucher, read at launch
  row 1: 'Upgrade Core (Ultimate' x202 at 539,593 -> tab 4 slot (1, 1)
    floor 440,300 (440,300 x 1) from Upgrade Core Set (Ultimate); listed at 539,593, above it
TASK {"kind": "relist", "row": 1, "item": "Upgrade Core (Ultimate", "qty": 202, "price": 539593, "tab": 4, "slot": [1, 1], "lands_in": 1}
  inventory slot (1,1) at (1479, 236)
    the lowest listed price is 539,586, from the row and 3 more
    market 539,586, typing 539,585, 1 under the market
    net sales 108,996,170 is 202 x 539,585
  typed 250; the net sales make it 202

  list 202 at 539,585
    #         ms   share  step
    1     2147.2   18.8%  read the panel before loading
    2       83.9    0.7%  wait for slot (1,1) to fill
    3      926.2    8.1%  ctrl-click (1,1) attempt 1
    4      819.5    7.2%  read the suggested price
    5     1587.4   13.9%  type the price 539,585
    6     1028.0    9.0%  type the quantity 250
    7     1060.7    9.3%  take the quantity from the net sales
    8      397.7    3.5%  click Register
    9      339.5    3.0%  find Confirmation
   10       46.4    0.4%  look for the underprice question
   11      431.2    3.8%  click Confirmation
   12      251.5    2.2%  park
   13      478.8    4.2%  confirm the dialog is gone
   14     1817.6   15.9%  wait for the panel to let the item go
         11415.7  100.0%  TOTAL
  listed 202 at 539,585; it lands in row 1
DONE {"kind": "relist", "row": 1, "lands_in": 1, "qty": 202, "price": 539585}
    relisted 202 at 539,585 in row 1
    the quantity column read 'Membership', which holds no digits, so it is the end of the name and not a count; reading the row as 'Yekaterina VIP Membership' and letting the panel count what is there
    one line read 'ene eae 1 126,499,998 OnSale Change'; read as stacked lines it is 'Yekaterina VIP Membership 126,499,998 OnSale Change'
  row 2: 'Yekaterina VIP Membership' x1 at 126,499,998 -> tab 4 slot (1, 1)
    floor 112,333,333 from what it cost; listed at 126,499,998, above it
TASK {"kind": "relist", "row": 2, "item": "Yekaterina VIP Membership", "qty": 1, "price": 126499998, "tab": 4, "slot": [1, 1], "lands_in": 2}
  inventory slot (1,1) at (1479, 236)
    the lowest listed price is 126,499,996, from the row and 3 more
    market 126,499,996, typing 126,499,995, 1 under the market
    net sales 126,499,995 is 1 x 126,499,995
  typed 250; the net sales make it 1

  list 1 at 126,499,995
    #         ms   share  step
    1     1810.9   15.6%  read the panel before loading
    2       54.0    0.5%  wait for slot (1,1) to fill
    3      897.7    7.7%  ctrl-click (1,1) attempt 1
    4      854.6    7.3%  read the suggested price
    5     1777.7   15.3%  type the price 126,499,995
    6      999.7    8.6%  type the quantity 250
    7     1139.4    9.8%  take the quantity from the net sales
    8      400.9    3.4%  click Register
    9      276.1    2.4%  find Confirmation
   10       41.9    0.4%  look for the underprice question
   11      400.0    3.4%  click Confirmation
   12      251.4    2.2%  park
   13      512.4    4.4%  confirm the dialog is gone
   14     2228.7   19.1%  wait for the panel to let the item go
         11645.4  100.0%  TOTAL
  listed 1 at 126,499,995; it lands in row 2
DONE {"kind": "relist", "row": 2, "lands_in": 2, "qty": 1, "price": 126499995}
    relisted 1 at 126,499,995 in row 2
  row 3: 'Upgrade Core (Ultimate' x82 at 539,592 -> tab 4 slot (1, 1)
    floor 440,300 (440,300 x 1) from Upgrade Core Set (Ultimate); listed at 539,592, above it
TASK {"kind": "relist", "row": 3, "item": "Upgrade Core (Ultimate", "qty": 82, "price": 539592, "tab": 4, "slot": [1, 1], "lands_in": 3}
  inventory slot (1,1) at (1479, 236)
    the lowest listed price is 539,585, from the row and 3 more
    market 539,585, typing 539,584, 1 under the market
    net sales 44,245,888 is 82 x 539,584
  typed 250; the net sales make it 82

  list 82 at 539,584
    #         ms   share  step
    1     1943.9   16.5%  read the panel before loading
    2       47.9    0.4%  wait for slot (1,1) to fill
    3      900.0    7.7%  ctrl-click (1,1) attempt 1
    4      783.1    6.7%  read the suggested price
    5     1533.8   13.1%  type the price 539,584
    6     1069.4    9.1%  type the quantity 250
    7     1114.3    9.5%  take the quantity from the net sales
    8      411.6    3.5%  click Register
    9      311.5    2.7%  find Confirmation
   10       58.3    0.5%  look for the underprice question
   11      398.0    3.4%  click Confirmation
   12      251.4    2.1%  park
   13      610.4    5.2%  confirm the dialog is gone
   14     2312.8   19.7%  wait for the panel to let the item go
         11746.5  100.0%  TOTAL
  listed 82 at 539,584; it lands in row 3
DONE {"kind": "relist", "row": 3, "lands_in": 3, "qty": 82, "price": 539584}
    relisted 82 at 539,584 in row 3
  row 4: 'Force Core (Ultimate' x160 at 399,858 -> tab 4 slot (1, 1)
    floor 396,980 (396,980 x 1) from Force Core Set (Ultimate); listed at 399,858, above it
TASK {"kind": "relist", "row": 4, "item": "Force Core (Ultimate", "qty": 160, "price": 399858, "tab": 4, "slot": [1, 1], "lands_in": 4}
  inventory slot (1,1) at (1479, 236)
    the lowest listed price is 399,855, from the row and 3 more
    market 399,855, typing 399,854, 1 under the market
    net sales 63,976,640 is 160 x 399,854
  typed 250; the net sales make it 160

  list 160 at 399,854
    #         ms   share  step
    1     2143.3   18.5%  read the panel before loading
    2       49.1    0.4%  wait for slot (1,1) to fill
    3      915.1    7.9%  ctrl-click (1,1) attempt 1
    4     1022.0    8.8%  read the suggested price
    5     1545.9   13.3%  type the price 399,854
    6     1032.0    8.9%  type the quantity 250
    7     1010.4    8.7%  take the quantity from the net sales
    8      413.2    3.6%  click Register
    9      313.9    2.7%  find Confirmation
   10       73.5    0.6%  look for the underprice question
   11      412.0    3.5%  click Confirmation
   12      252.5    2.2%  park
   13      475.5    4.1%  confirm the dialog is gone
   14     1953.2   16.8%  wait for the panel to let the item go
         11611.8  100.0%  TOTAL
  listed 160 at 399,854; it lands in row 4
DONE {"kind": "relist", "row": 4, "lands_in": 4, "qty": 160, "price": 399854}
    relisted 160 at 399,854 in row 4
  row 5: 'Force Gem Package' x1 at 195,944,590 -> tab 4 slot (1, 1)
    floor 187,222,222 from what it cost; listed at 195,944,590, above it
TASK {"kind": "relist", "row": 5, "item": "Force Gem Package", "qty": 1, "price": 195944590, "tab": 4, "slot": [1, 1], "lands_in": 5}
  inventory slot (1,1) at (1479, 236)
    the lowest listed price is 195,944,591, from the row and 3 more
    market 195,944,591, typing 195,944,590, 1 under the market
    net sales 195,944,590 is 1 x 195,944,590
  typed 250; the net sales make it 1

  list 1 at 195,944,590
    #         ms   share  step
    1     2092.0   17.5%  read the panel before loading
    2       64.4    0.5%  wait for slot (1,1) to fill
    3      941.5    7.9%  ctrl-click (1,1) attempt 1
    4     1120.3    9.4%  read the suggested price
    5     1763.8   14.8%  type the price 195,944,590
    6     1012.4    8.5%  type the quantity 250
    7      892.8    7.5%  take the quantity from the net sales
    8      413.2    3.5%  click Register
    9      282.4    2.4%  find Confirmation
   10       74.7    0.6%  look for the underprice question
   11      419.9    3.5%  click Confirmation
   12      251.9    2.1%  park
   13      555.8    4.6%  confirm the dialog is gone
   14     2068.2   17.3%  wait for the panel to let the item go
         11953.1  100.0%  TOTAL
  listed 1 at 195,944,590; it lands in row 5
DONE {"kind": "relist", "row": 5, "lands_in": 5, "qty": 1, "price": 195944590}
    relisted 1 at 195,944,590 in row 5
  row 6: 'Epic Booster (Highest)' x4 at 47,199,910 -> tab 4 slot (1, 1)
    floor 46,805,555 from what it cost; listed at 47,199,910, above it
TASK {"kind": "relist", "row": 6, "item": "Epic Booster (Highest)", "qty": 4, "price": 47199910, "tab": 4, "slot": [1, 1], "lands_in": 6}
  inventory slot (1,1) at (1479, 236)
    the lowest listed price is 47,199,909, from the row and 3 more
    market 47,199,909, typing 47,199,908, 1 under the market
    net sales 188,799,632 is 4 x 47,199,908
  typed 250; the net sales make it 4

  list 4 at 47,199,908
    #         ms   share  step
    1     2272.9   17.6%  read the panel before loading
    2       76.8    0.6%  wait for slot (1,1) to fill
    3      922.6    7.1%  ctrl-click (1,1) attempt 1
    4     1122.9    8.7%  read the suggested price
    5     1711.5   13.3%  type the price 47,199,908
    6     1041.0    8.1%  type the quantity 250
    7     1255.4    9.7%  take the quantity from the net sales
    8      395.0    3.1%  click Register
    9      303.9    2.4%  find Confirmation
   10       55.9    0.4%  look for the underprice question
   11      413.0    3.2%  click Confirmation
   12      251.5    1.9%  park
   13      785.7    6.1%  confirm the dialog is gone
   14     2299.8   17.8%  wait for the panel to let the item go
         12907.8  100.0%  TOTAL
  listed 4 at 47,199,908; it lands in row 6
DONE {"kind": "relist", "row": 6, "lands_in": 6, "qty": 4, "price": 47199908}
    relisted 4 at 47,199,908 in row 6
  row 7: "Siena's Unbinding Stone" x1 at 98,998,863 -> tab 4 slot (1, 1)
    floor 74,888,888 from what it cost; listed at 98,998,863, above it
TASK {"kind": "relist", "row": 7, "item": "Siena's Unbinding Stone", "qty": 1, "price": 98998863, "tab": 4, "slot": [1, 1], "lands_in": 7}
  inventory slot (1,1) at (1479, 236)
    the lowest listed price is 98,998,864, from the row and 3 more
    market 98,998,864, typing 98,998,863, 1 under the market
    net sales 98,998,863 is 1 x 98,998,863
  typed 250; the net sales make it 1

  list 1 at 98,998,863
    #         ms   share  step
    1     2506.3   18.9%  read the panel before loading
    2       65.2    0.5%  wait for slot (1,1) to fill
    3      973.6    7.4%  ctrl-click (1,1) attempt 1
    4      999.0    7.5%  read the suggested price
    5     1737.2   13.1%  type the price 98,998,863
    6     1047.4    7.9%  type the quantity 250
    7     1130.2    8.5%  take the quantity from the net sales
    8      435.2    3.3%  click Register
    9      328.6    2.5%  find Confirmation
   10       60.8    0.5%  look for the underprice question
   11      424.4    3.2%  click Confirmation
   12      251.6    1.9%  park
   13      560.3    4.2%  confirm the dialog is gone
   14     2716.6   20.5%  wait for the panel to let the item go
         13236.4  100.0%  TOTAL
  listed 1 at 98,998,863; it lands in row 7
DONE {"kind": "relist", "row": 7, "lands_in": 7, "qty": 1, "price": 98998863}
    relisted 1 at 98,998,863 in row 7
    the quantity column read 'Superior', which holds no digits, so it is the end of the name and not a count; reading the row as 'Blessing Bead - Superior' and letting the panel count what is there
    one line read 'serene wbéee 3 187,499,998 OnSale Change'; read as stacked lines it is 'Blessing Bead - Superior 187,499,998 OnSale Change'
  row 8: 'Blessing Bead - Superior' x1 at 187,499,998 -> tab 4 slot (1, 1)
    floor 163,632,222 from what it cost; listed at 187,499,998, above it
TASK {"kind": "relist", "row": 8, "item": "Blessing Bead - Superior", "qty": 1, "price": 187499998, "tab": 4, "slot": [1, 1], "lands_in": 8}
  inventory slot (1,1) at (1479, 236)
    the lowest listed price is 187,499,999, from the row and 3 more
    market 187,499,999, typing 187,499,998, 1 under the market
    net sales 562,499,994 is 3 x 187,499,998
  typed 250; the net sales make it 3

  list 3 at 187,499,998
    #         ms   share  step
    1     2257.0   17.7%  read the panel before loading
    2       70.6    0.6%  wait for slot (1,1) to fill
    3      962.6    7.5%  ctrl-click (1,1) attempt 1
    4     1102.8    8.6%  read the suggested price
    5     1770.9   13.9%  type the price 187,499,998
    6     1046.7    8.2%  type the quantity 250
    7     1222.1    9.6%  take the quantity from the net sales
    8      432.0    3.4%  click Register
    9      342.2    2.7%  find Confirmation
   10       86.3    0.7%  look for the underprice question
   11      450.1    3.5%  click Confirmation
   12      251.7    2.0%  park
   13      592.3    4.6%  confirm the dialog is gone
   14     2181.3   17.1%  wait for the panel to let the item go
         12768.6  100.0%  TOTAL
  listed 3 at 187,499,998; it lands in row 8
DONE {"kind": "relist", "row": 8, "lands_in": 8, "qty": 3, "price": 187499998}
    relisted 3 at 187,499,998 in row 8
  row 9: 'Force Core(Highest' x171 at 203,225 -> tab 4 slot (1, 1)
    floor 203,225 (203,225 x 1) from Force Core Set (Highest); listed at 203,225, above it
TASK {"kind": "relist", "row": 9, "item": "Force Core(Highest", "qty": 171, "price": 203225, "tab": 4, "slot": [1, 1], "lands_in": 9}
  inventory slot (1,1) at (1479, 236)
    the lowest listed price is 203,223, from the row and 3 more
    market 203,222 is under the 203,225 floor (a Force Core Set (Highest) costs 203,225); listing at the floor
    market 203,223, typing 203,225, 2 over the market
    net sales 34,751,475 is 171 x 203,225
  typed 250; the net sales make it 171

  list 171 at 203,225
    #         ms   share  step
    1     2007.5   17.2%  read the panel before loading
    2       54.0    0.5%  wait for slot (1,1) to fill
    3      896.5    7.7%  ctrl-click (1,1) attempt 1
    4      802.1    6.9%  read the suggested price
    5     1576.6   13.5%  type the price 203,225
    6     1023.1    8.8%  type the quantity 250
    7     1061.3    9.1%  take the quantity from the net sales
    8      397.4    3.4%  click Register
    9      282.4    2.4%  find Confirmation
   10       84.7    0.7%  look for the underprice question
   11      446.6    3.8%  click Confirmation
   12      251.1    2.2%  park
   13      502.9    4.3%  confirm the dialog is gone
   14     2256.5   19.4%  wait for the panel to let the item go
         11642.7  100.0%  TOTAL
  listed 171 at 203,225; it lands in row 9
DONE {"kind": "relist", "row": 9, "lands_in": 9, "qty": 171, "price": 203225}
    relisted 171 at 203,225 in row 9, 4 relist(s) on the floor now
  row 10: 'Force Core(Highest' x165 at 203,225 -> tab 4 slot (1, 1)
    floor 203,225 (203,225 x 1) from Force Core Set (Highest); listed at 203,225, above it
TASK {"kind": "relist", "row": 10, "item": "Force Core(Highest", "qty": 165, "price": 203225, "tab": 4, "slot": [1, 1], "lands_in": 10}
  inventory slot (1,1) at (1479, 236)
    the lowest listed price is 203,223, from the row and 3 more
    market 203,222 is under the 203,225 floor (a Force Core Set (Highest) costs 203,225); listing at the floor
    market 203,223, typing 203,225, 2 over the market
    net sales 33,532,125 is 165 x 203,225
  typed 250; the net sales make it 165

  list 165 at 203,225
    #         ms   share  step
    1     2749.6   20.4%  read the panel before loading
    2       70.7    0.5%  wait for slot (1,1) to fill
    3      921.5    6.8%  ctrl-click (1,1) attempt 1
    4      878.3    6.5%  read the suggested price
    5     1621.4   12.0%  type the price 203,225
    6     1028.5    7.6%  type the quantity 250
    7     1223.9    9.1%  take the quantity from the net sales
    8      426.0    3.2%  click Register
    9      298.3    2.2%  find Confirmation
   10       67.5    0.5%  look for the underprice question
   11      437.4    3.2%  click Confirmation
   12      251.2    1.9%  park
   13      734.2    5.5%  confirm the dialog is gone
   14     2753.7   20.5%  wait for the panel to let the item go
         13462.2  100.0%  TOTAL
  listed 165 at 203,225; it lands in row 10
DONE {"kind": "relist", "row": 10, "lands_in": 10, "qty": 165, "price": 203225}
    relisted 165 at 203,225 in row 10, 4 relist(s) on the floor now
  row 11: 'Force Core(High' x200 at 206,949 -> tab 4 slot (1, 1)
    floor 194,074 (194,074 x 1) from Force Core Set (High); listed at 206,949, above it
TASK {"kind": "relist", "row": 11, "item": "Force Core(High", "qty": 200, "price": 206949, "tab": 4, "slot": [1, 1], "lands_in": 11}
  inventory slot (1,1) at (1479, 236)
    the lowest listed price is 206,942, from the row and 3 more
    market 206,942, typing 206,941, 1 under the market
    net sales 41,388,200 is 200 x 206,941
  typed 250; the net sales make it 200

  list 200 at 206,941
    #         ms   share  step
    1     1866.4   17.1%  read the panel before loading
    2       66.7    0.6%  wait for slot (1,1) to fill
    3      895.1    8.2%  ctrl-click (1,1) attempt 1
    4      843.1    7.7%  read the suggested price
    5     1590.2   14.5%  type the price 206,941
    6     1052.4    9.6%  type the quantity 250
    7     1075.2    9.8%  take the quantity from the net sales
    8      415.8    3.8%  click Register
    9      257.0    2.4%  find Confirmation
   10       43.6    0.4%  look for the underprice question
   11      379.9    3.5%  click Confirmation
   12      251.3    2.3%  park
   13      448.1    4.1%  confirm the dialog is gone
   14     1750.0   16.0%  wait for the panel to let the item go
         10934.8  100.0%  TOTAL
  listed 200 at 206,941; it lands in row 11
DONE {"kind": "relist", "row": 11, "lands_in": 11, "qty": 200, "price": 206941}
    relisted 200 at 206,941 in row 11
  row 12: 'Force Core(High' x120 at 206,948 -> tab 4 slot (1, 1)
    floor 194,074 (194,074 x 1) from Force Core Set (High); listed at 206,948, above it
TASK {"kind": "relist", "row": 12, "item": "Force Core(High", "qty": 120, "price": 206948, "tab": 4, "slot": [1, 1], "lands_in": 12}
  inventory slot (1,1) at (1479, 236)
    the lowest listed price is 206,941, from the row and 3 more
    market 206,941, typing 206,940, 1 under the market
    net sales 24,832,800 is 120 x 206,940
  typed 250; the net sales make it 120

  list 120 at 206,940
    #         ms   share  step
    1     1790.0   16.1%  read the panel before loading
    2       58.9    0.5%  wait for slot (1,1) to fill
    3      894.4    8.0%  ctrl-click (1,1) attempt 1
    4      771.0    6.9%  read the suggested price
    5     1547.6   13.9%  type the price 206,940
    6      995.2    8.9%  type the quantity 250
    7      941.4    8.4%  take the quantity from the net sales
    8      455.8    4.1%  click Register
    9      305.9    2.7%  find Confirmation
   10       45.9    0.4%  look for the underprice question
   11      431.9    3.9%  click Confirmation
   12      251.4    2.3%  park
   13      471.4    4.2%  confirm the dialog is gone
   14     2188.8   19.6%  wait for the panel to let the item go
         11149.6  100.0%  TOTAL
  listed 120 at 206,940; it lands in row 12
DONE {"kind": "relist", "row": 12, "lands_in": 12, "qty": 120, "price": 206940}
    relisted 120 at 206,940 in row 12
  row 13: 'Force Core(High' x8 at 206,946 -> tab 4 slot (1, 1)
    floor 194,074 (194,074 x 1) from Force Core Set (High); listed at 206,946, above it
TASK {"kind": "relist", "row": 13, "item": "Force Core(High", "qty": 8, "price": 206946, "tab": 4, "slot": [1, 1], "lands_in": 13}
  inventory slot (1,1) at (1479, 236)
    the lowest listed price is 206,940, from the row and 3 more
    market 206,940, typing 206,939, 1 under the market
    net sales 1,655,512 is 8 x 206,939
  typed 250; the net sales make it 8

  list 8 at 206,939
    #         ms   share  step
    1     2107.0   17.1%  read the panel before loading
    2       52.6    0.4%  wait for slot (1,1) to fill
    3      895.5    7.3%  ctrl-click (1,1) attempt 1
    4      871.9    7.1%  read the suggested price
    5     1595.3   13.0%  type the price 206,939
    6     1032.3    8.4%  type the quantity 250
    7     1390.2   11.3%  take the quantity from the net sales
    8      429.1    3.5%  click Register
    9      370.2    3.0%  find Confirmation
   10       66.6    0.5%  look for the underprice question
   11      393.9    3.2%  click Confirmation
   12      251.9    2.1%  park
   13      548.6    4.5%  confirm the dialog is gone
   14     2281.6   18.6%  wait for the panel to let the item go
         12286.6  100.0%  TOTAL
  listed 8 at 206,939; it lands in row 13
DONE {"kind": "relist", "row": 13, "lands_in": 13, "qty": 8, "price": 206939}
    relisted 8 at 206,939 in row 13
  row 14: 'Upgrade Core (Ultimate' x240 at 539,587 -> tab 4 slot (1, 1)
    floor 440,300 (440,300 x 1) from what it cost; listed at 539,587, above it
TASK {"kind": "relist", "row": 14, "item": "Upgrade Core (Ultimate", "qty": 240, "price": 539587, "tab": 4, "slot": [1, 1], "lands_in": 14}
  inventory slot (1,1) at (1479, 236)
    the lowest listed price is 539,581, from the row and 3 more
    market 539,581, typing 539,580, 1 under the market
    net sales 129,499,200 is 240 x 539,580
  typed 250; the net sales make it 240

  list 240 at 539,580
    #         ms   share  step
    1     1940.5   15.7%  read the panel before loading
    2       57.6    0.5%  wait for slot (1,1) to fill
    3      932.1    7.5%  ctrl-click (1,1) attempt 1
    4      852.6    6.9%  read the suggested price
    5     1568.5   12.7%  type the price 539,580
    6     1047.4    8.5%  type the quantity 250
    7     1185.6    9.6%  take the quantity from the net sales
    8      411.5    3.3%  click Register
    9      372.2    3.0%  find Confirmation
   10       71.1    0.6%  look for the underprice question
   11      426.7    3.5%  click Confirmation
   12      252.0    2.0%  park
   13      631.9    5.1%  confirm the dialog is gone
   14     2598.4   21.0%  wait for the panel to let the item go
         12348.2  100.0%  TOTAL
  listed 240 at 539,580; it lands in row 14
DONE {"kind": "relist", "row": 14, "lands_in": 14, "qty": 240, "price": 539580}
    relisted 240 at 539,580 in row 14
  row 15 is empty; nothing to relist
  row 16 is empty; nothing to relist
  row 17 is empty; nothing to relist
  row 18 is empty; nothing to relist
  row 19 is empty; nothing to relist
  row 20 is empty; nothing to relist
  row 21 is empty; nothing to relist
  row 22 is empty; nothing to relist
  row 23 is empty; nothing to relist
  row 24 is empty; nothing to relist
  row 25 is empty; nothing to relist
  row 26 is empty; nothing to relist
  row 27 is empty; nothing to relist
  row 28 is empty; nothing to relist
  row 29 is empty; nothing to relist
  row 30 is empty; nothing to relist

  relisting rows 1-30: 14 relisted, 16 empty, 0 skipped
    #          ms   share     n      each  phase
    1   169,280.6   50.2%    14  12,091.5  list it back
    2    75,797.5   22.5%    14   5,414.1  cancel the row and take it back
    3    32,221.5    9.6%    30   1,074.0  scroll to the row and read it
    4    29,396.8    8.7%    14   2,099.8  check the shop slot is empty
    5    16,067.5    4.8%    14   1,147.7  select inventory tab 4
    6    14,233.3    4.2%    30     474.4  Refresh the table
        336,997.2  100.0%

  returning the game to its default state
restoring the default state:
  Escape: window closed
  Inventory already closed
  the gift box at [284, 994]
  Receive All at [1205, 786]
  Receive 1 of 4 at [1214, 327]
  Receive 2 of 4 at [1214, 425]
  Receive 3 of 4 at [1214, 523]
  Receive 4 of 4 at [1214, 621]
  the special giftbox's Receive at [1475, 541]
  Close at [1483, 846]
  took 4 gift(s)
  the Agent Shop is shut and the vendor is not open either; reopening it
  Inventory shut: slot grid 0.02, needs 0.33

  board after pass 4:
                                                   bought/u   listed/u  margin      row price
     1  Upgrade Core (Ultimate             x202           -    539,585       -        539,585
     2  Yekaterina VIP Membership          x1    112,333,333 126,499,995  +11.2%    126,499,995
     3  Upgrade Core (Ultimate             x82            -    539,584       -        539,584
     4  Force Core (Ultimate               x160           -    399,854       -        399,854
     5  Force Gem Package                  x1    187,222,222 195,944,590   +4.5%    195,944,590
     6  Epic Booster (Highest)             x4    46,805,555 47,199,908   +0.8%     47,199,908
     7  Siena's Unbinding Stone            x1    74,888,888 98,998,863  +24.4%     98,998,863
     8  Blessing Bead - Superior           x3    163,632,222 187,499,998  +12.7%    187,499,998
     9  Force Core(Highest                 x171           -    203,225       -        203,225
    10  Force Core(Highest                 x165           -    203,225       -        203,225
    11  Force Core(High                    x200           -    206,941       -        206,941
    12  Force Core(High                    x120           -    206,940       -        206,940
    13  Force Core(High                    x8             -    206,939       -        206,939
    14  Upgrade Core (Ultimate             x240     440,300    539,580  +18.4%        539,580
    item                               rows   units          listed
    Blessing Bead - Superior              1       3     562,499,994
    Epic Booster (Highest)                1       4     188,799,632
    Force Core (Ultimate                  1     160      63,976,640
    Force Core(High                       3     328      67,876,512
    Force Core(Highest                    2     336      68,283,600
    Force Gem Package                     1       1     195,944,590
    Siena's Unbinding Stone               1       1      98,998,863
    Upgrade Core (Ultimate                3     524     282,741,258
    Yekaterina VIP Membership             1       1     126,499,995
    board                                14   1,358   1,655,621,084
    balance now 1,054,926,718
  pass 4: 14 relisted, 16 empty, 0 skipped; 9973.4 minute(s) left

-- pass 5 --

  resupply order: Yekaterina VIP Membership, Chaos Core, Force Core(High), Force Core(Highest), Upgrade Core (Ultimate), Force Core (Ultimate), Force Gem Package, Epic Booster (Highest), Siena's Unbinding Stone, Blessing Bead - Superior

  Yekaterina VIP Membership: 1 row(s) inside 1-30, 1 wanted; row 2 'Yekaterina VIP Membership'
    floor 112,333,333: 300/1000 of the 374,444,444 voucher, read at launch

-- Chaos Core Set under our listing: up to 3 row(s) --
  no Chaos Core Set of ours on the board, so there is no listing of ours to buy under; not buying

  counting only rows 1-30; rows outside it are not repriced and do not count; 16 row(s) free
  core                            rows     buy/u    sell/u    margin  wants   short?
  slot 2: attempt 1/10 timed out after 8s; row 1 reads 'Force Core(Highest)', expected 'Force Core Set (Highest)'
  slot 2: attempt 2/10 timed out after 8s; row 1 reads 'Force Core(Highest)', expected 'Force Core Set (Highest)'
  slot 2: attempt 3/10 timed out after 8s; row 1 reads 'Force Core(Highest)', expected 'Force Core Set (Highest)'
  Force Core(Highest)                2   203,125   203,221        96      0   
  Chaos Core                         0   725,999   729,610     3,611      0   
  Force Core (Ultimate)              1   396,980   399,853     2,873      0   
  Force Core(High)                   3         -         -         -      -   holds the most it can want, 3; not priced
  Upgrade Core (Ultimate)            3         -         -         -      -   holds the most it can want, 3; not priced

  nothing inside rows 1-30 holds fewer rows than its margin is worth.

  Force Gem Package: 1 row(s) inside 1-30, 1 wanted; row 5 'Force Gem Package'
    floor 187,222,222: 500/1000 of the 374,444,444 voucher, read at launch

  Epic Booster (Highest): 1 row(s) inside 1-30, 1 wanted; row 6 'Epic Booster (Highest)'
    floor 46,805,555: 125/1000 of the 374,444,444 voucher, read at launch

  Siena's Unbinding Stone: 1 row(s) inside 1-30, 1 wanted; row 7 "Siena's Unbinding Stone"
    floor 74,888,888: 200/1000 of the 374,444,444 voucher, read at launch

  Blessing Bead - Superior: 1 row(s) inside 1-30, 1 wanted; row 8 'Blessing Bead - Superior'
    floor 163,632,222: 437/1000 of the 374,444,444 voucher, read at launch
  row 1: 'Upgrade Core (Ultimate' x202 at 539,585 -> tab 4 slot (1, 1)
    floor 440,300 (440,300 x 1) from Upgrade Core Set (Ultimate); listed at 539,585, above it
TASK {"kind": "relist", "row": 1, "item": "Upgrade Core (Ultimate", "qty": 202, "price": 539585, "tab": 4, "slot": [1, 1], "lands_in": 1}
  inventory slot (1,1) at (1479, 236)
    the lowest listed price is 539,578, from the row and 3 more
    market 539,578, typing 539,577, 1 under the market
    net sales 108,994,554 is 202 x 539,577
  typed 250; the net sales make it 202

  list 202 at 539,577
    #         ms   share  step
    1     2236.5   19.1%  read the panel before loading
    2       58.4    0.5%  wait for slot (1,1) to fill
    3      908.2    7.8%  ctrl-click (1,1) attempt 1
    4      835.9    7.1%  read the suggested price
    5     1569.5   13.4%  type the price 539,577
    6     1045.4    8.9%  type the quantity 250
    7     1208.8   10.3%  take the quantity from the net sales
    8      442.5    3.8%  click Register
    9      355.9    3.0%  find Confirmation
   10       59.9    0.5%  look for the underprice question
   11      395.9    3.4%  click Confirmation
   12      251.2    2.1%  park
   13      525.3    4.5%  confirm the dialog is gone
   14     1816.6   15.5%  wait for the panel to let the item go
         11710.1  100.0%  TOTAL
  listed 202 at 539,577; it lands in row 1
DONE {"kind": "relist", "row": 1, "lands_in": 1, "qty": 202, "price": 539577}
    relisted 202 at 539,577 in row 1
    the quantity column read 'Membership', which holds no digits, so it is the end of the name and not a count; reading the row as 'Yekaterina VIP Membership' and letting the panel count what is there
    one line read 'ene eae 1 126,499,995 OnSale Change'; read as stacked lines it is 'Yekaterina VIP Membership 126,499,995 OnSale Change'
  row 2: 'Yekaterina VIP Membership' x1 at 126,499,995 -> tab 4 slot (1, 1)
    floor 112,333,333 from what it cost; listed at 126,499,995, above it
TASK {"kind": "relist", "row": 2, "item": "Yekaterina VIP Membership", "qty": 1, "price": 126499995, "tab": 4, "slot": [1, 1], "lands_in": 2}
  inventory slot (1,1) at (1479, 236)
    the lowest listed price is 126,499,993, from the row and 3 more
    market 126,499,993, typing 126,499,992, 1 under the market
    net sales 126,499,992 is 1 x 126,499,992
  typed 250; the net sales make it 1

  list 1 at 126,499,992
    #         ms   share  step
    1     1805.6   16.0%  read the panel before loading
    2       55.3    0.5%  wait for slot (1,1) to fill
    3      915.0    8.1%  ctrl-click (1,1) attempt 1
    4      781.9    6.9%  read the suggested price
    5     1752.4   15.5%  type the price 126,499,992
    6     1073.4    9.5%  type the quantity 250
    7     1020.5    9.0%  take the quantity from the net sales
    8      400.4    3.5%  click Register
    9      292.2    2.6%  find Confirmation
   10       60.3    0.5%  look for the underprice question
   11      395.1    3.5%  click Confirmation
   12      251.5    2.2%  park
   13      573.8    5.1%  confirm the dialog is gone
   14     1940.1   17.1%  wait for the panel to let the item go
         11317.6  100.0%  TOTAL
  listed 1 at 126,499,992; it lands in row 2
DONE {"kind": "relist", "row": 2, "lands_in": 2, "qty": 1, "price": 126499992}
    relisted 1 at 126,499,992 in row 2
  row 3: 'Upgrade Core (Ultimate' x82 at 539,584 -> tab 4 slot (1, 1)
    floor 440,300 (440,300 x 1) from Upgrade Core Set (Ultimate); listed at 539,584, above it
TASK {"kind": "relist", "row": 3, "item": "Upgrade Core (Ultimate", "qty": 82, "price": 539584, "tab": 4, "slot": [1, 1], "lands_in": 3}
  inventory slot (1,1) at (1479, 236)
    the lowest listed price is 539,577, from the row and 3 more
    market 539,577, typing 539,576, 1 under the market
    net sales 44,245,232 is 82 x 539,576
  typed 250; the net sales make it 82

  list 82 at 539,576
    #         ms   share  step
    1     1945.6   16.9%  read the panel before loading
    2       85.6    0.7%  wait for slot (1,1) to fill
    3      928.4    8.0%  ctrl-click (1,1) attempt 1
    4      819.2    7.1%  read the suggested price
    5     1550.6   13.4%  type the price 539,576
    6     1041.5    9.0%  type the quantity 250
    7      998.8    8.7%  take the quantity from the net sales
    8      410.2    3.6%  click Register
    9      280.0    2.4%  find Confirmation
   10       56.7    0.5%  look for the underprice question
   11      382.6    3.3%  click Confirmation
   12      251.3    2.2%  park
   13      570.4    4.9%  confirm the dialog is gone
   14     2220.4   19.2%  wait for the panel to let the item go
         11541.2  100.0%  TOTAL
  listed 82 at 539,576; it lands in row 3
DONE {"kind": "relist", "row": 3, "lands_in": 3, "qty": 82, "price": 539576}
    relisted 82 at 539,576 in row 3
  row 4 has SOLD (partly); collecting
    collected; 143 left to relist
  row 4: 'Force Core (Ultimate' x143 at 399,854 -> tab 4 slot (1, 1)
    floor 396,980 (396,980 x 1) from Force Core Set (Ultimate); listed at 399,854, above it
TASK {"kind": "relist", "row": 4, "item": "Force Core (Ultimate", "qty": 143, "price": 399854, "tab": 4, "slot": [1, 1], "lands_in": 4}
  inventory slot (1,1) at (1479, 236)
    the lowest listed price is 399,851, from the row and 3 more
    market 399,851, typing 399,850, 1 under the market
    net sales 57,178,550 is 143 x 399,850
  typed 250; the net sales make it 143

  list 143 at 399,850
    #         ms   share  step
    1     2202.5   18.3%  read the panel before loading
    2       66.1    0.6%  wait for slot (1,1) to fill
    3      942.8    7.8%  ctrl-click (1,1) attempt 1
    4     1132.6    9.4%  read the suggested price
    5     1568.2   13.1%  type the price 399,850
    6     1017.1    8.5%  type the quantity 250
    7     1069.6    8.9%  take the quantity from the net sales
    8      442.2    3.7%  click Register
    9      334.9    2.8%  find Confirmation
   10       50.0    0.4%  look for the underprice question
   11      402.4    3.3%  click Confirmation
   12      251.9    2.1%  park
   13      540.4    4.5%  confirm the dialog is gone
   14     1994.6   16.6%  wait for the panel to let the item go
         12015.3  100.0%  TOTAL
  listed 143 at 399,850; it lands in row 4
DONE {"kind": "relist", "row": 4, "lands_in": 4, "qty": 143, "price": 399850}
    relisted 143 at 399,850 in row 4
  row 5: 'Force Gem Package' x1 at 195,944,590 -> tab 4 slot (1, 1)
    floor 187,222,222 from what it cost; listed at 195,944,590, above it
TASK {"kind": "relist", "row": 5, "item": "Force Gem Package", "qty": 1, "price": 195944590, "tab": 4, "slot": [1, 1], "lands_in": 5}
  inventory slot (1,1) at (1479, 236)
    the lowest listed price is 195,944,591, from the row and 1 more
    market 195,944,591, typing 195,944,590, 1 under the market
    net sales 195,944,590 is 1 x 195,944,590
  typed 250; the net sales make it 1

  list 1 at 195,944,590
    #         ms   share  step
    1     1989.8   15.3%  read the panel before loading
    2       56.5    0.4%  wait for slot (1,1) to fill
    3      897.7    6.9%  ctrl-click (1,1) attempt 1
    4     2169.2   16.7%  read the suggested price
    5     1820.4   14.0%  type the price 195,944,590
    6     1026.5    7.9%  type the quantity 250
    7     1153.6    8.9%  take the quantity from the net sales
    8      408.4    3.1%  click Register
    9      336.9    2.6%  find Confirmation
   10       61.1    0.5%  look for the underprice question
   11      413.8    3.2%  click Confirmation
   12      251.4    1.9%  park
   13      451.4    3.5%  confirm the dialog is gone
   14     1960.2   15.1%  wait for the panel to let the item go
         12997.1  100.0%  TOTAL
  listed 1 at 195,944,590; it lands in row 5
DONE {"kind": "relist", "row": 5, "lands_in": 5, "qty": 1, "price": 195944590}
    relisted 1 at 195,944,590 in row 5
  row 6: 'Epic Booster (Highest)' x4 at 47,199,908 -> tab 4 slot (1, 1)
    floor 46,805,555 from what it cost; listed at 47,199,908, above it
TASK {"kind": "relist", "row": 6, "item": "Epic Booster (Highest)", "qty": 4, "price": 47199908, "tab": 4, "slot": [1, 1], "lands_in": 6}
  inventory slot (1,1) at (1479, 236)
    the lowest listed price is 47,199,906, from the row and 3 more
    market 47,199,906, typing 47,199,905, 1 under the market
    net sales 188,799,620 is 4 x 47,199,905
  typed 250; the net sales make it 4

  list 4 at 47,199,905
    #         ms   share  step
    1     1772.6   16.3%  read the panel before loading
    2       57.8    0.5%  wait for slot (1,1) to fill
    3      895.8    8.3%  ctrl-click (1,1) attempt 1
    4      805.3    7.4%  read the suggested price
    5     1707.1   15.7%  type the price 47,199,905
    6     1075.5    9.9%  type the quantity 250
    7      943.3    8.7%  take the quantity from the net sales
    8      394.2    3.6%  click Register
    9      324.3    3.0%  find Confirmation
   10       48.7    0.4%  look for the underprice question
   11      392.5    3.6%  click Confirmation
   12      251.7    2.3%  park
   13      420.9    3.9%  confirm the dialog is gone
   14     1768.3   16.3%  wait for the panel to let the item go
         10858.1  100.0%  TOTAL
  listed 4 at 47,199,905; it lands in row 6
DONE {"kind": "relist", "row": 6, "lands_in": 6, "qty": 4, "price": 47199905}
    relisted 4 at 47,199,905 in row 6
  row 7: "Siena's Unbinding Stone" x1 at 98,998,863 -> tab 4 slot (1, 1)
    floor 74,888,888 from what it cost; listed at 98,998,863, above it
TASK {"kind": "relist", "row": 7, "item": "Siena's Unbinding Stone", "qty": 1, "price": 98998863, "tab": 4, "slot": [1, 1], "lands_in": 7}
  inventory slot (1,1) at (1479, 236)
    the lowest listed price is 98,998,862, from the row and 3 more
    market 98,998,862, typing 98,998,861, 1 under the market
    net sales 98,998,861 is 1 x 98,998,861
  typed 250; the net sales make it 1

  list 1 at 98,998,861
    #         ms   share  step
    1     2261.7   17.6%  read the panel before loading
    2       87.5    0.7%  wait for slot (1,1) to fill
    3      925.8    7.2%  ctrl-click (1,1) attempt 1
    4     1403.8   10.9%  read the suggested price
    5     1736.7   13.5%  type the price 98,998,861
    6     1005.2    7.8%  type the quantity 250
    7     1086.5    8.4%  take the quantity from the net sales
    8      398.3    3.1%  click Register
    9      327.6    2.5%  find Confirmation
   10       59.0    0.5%  look for the underprice question
   11      399.9    3.1%  click Confirmation
   12      252.1    2.0%  park
   13      549.7    4.3%  confirm the dialog is gone
   14     2379.5   18.5%  wait for the panel to let the item go
         12873.5  100.0%  TOTAL
  listed 1 at 98,998,861; it lands in row 7
DONE {"kind": "relist", "row": 7, "lands_in": 7, "qty": 1, "price": 98998861}
    relisted 1 at 98,998,861 in row 7
    the quantity column read 'Superior', which holds no digits, so it is the end of the name and not a count; reading the row as 'Blessing Bead - Superior' and letting the panel count what is there
    one line read 'serene wbéee 3 187,499,998 OnSale Change'; read as stacked lines it is 'Blessing Bead - Superior 187,499,998 OnSale Change'
  row 8: 'Blessing Bead - Superior' x1 at 187,499,998 -> tab 4 slot (1, 1)
    floor 163,632,222 from what it cost; listed at 187,499,998, above it
TASK {"kind": "relist", "row": 8, "item": "Blessing Bead - Superior", "qty": 1, "price": 187499998, "tab": 4, "slot": [1, 1], "lands_in": 8}
  inventory slot (1,1) at (1479, 236)
    the lowest listed price is 187,499,999, from the row and 3 more
    market 187,499,999, typing 187,499,998, 1 under the market
    net sales 562,499,994 is 3 x 187,499,998
  typed 250; the net sales make it 3

  list 3 at 187,499,998
    #         ms   share  step
    1     2248.7   17.6%  read the panel before loading
    2       68.0    0.5%  wait for slot (1,1) to fill
    3      928.3    7.3%  ctrl-click (1,1) attempt 1
    4     1163.8    9.1%  read the suggested price
    5     1767.4   13.8%  type the price 187,499,998
    6     1031.6    8.1%  type the quantity 250
    7     1140.5    8.9%  take the quantity from the net sales
    8      406.2    3.2%  click Register
    9      334.9    2.6%  find Confirmation
   10       54.3    0.4%  look for the underprice question
   11      417.9    3.3%  click Confirmation
   12      252.0    2.0%  park
   13      651.6    5.1%  confirm the dialog is gone
   14     2330.7   18.2%  wait for the panel to let the item go
         12795.9  100.0%  TOTAL
  listed 3 at 187,499,998; it lands in row 8
DONE {"kind": "relist", "row": 8, "lands_in": 8, "qty": 3, "price": 187499998}
    relisted 3 at 187,499,998 in row 8
  row 9: 'Force Core(Highest' x171 at 203,225 -> tab 4 slot (1, 1)
    floor 203,225 (203,225 x 1) from Force Core Set (Highest); listed at 203,225, above it
TASK {"kind": "relist", "row": 9, "item": "Force Core(Highest", "qty": 171, "price": 203225, "tab": 4, "slot": [1, 1], "lands_in": 9}
  inventory slot (1,1) at (1479, 236)
    the lowest listed price is 203,221, from the row and 3 more
    market 203,220 is under the 203,225 floor (a Force Core Set (Highest) costs 203,225); listing at the floor
    market 203,221, typing 203,225, 4 over the market
    net sales 34,751,475 is 171 x 203,225
  typed 250; the net sales make it 171

  list 171 at 203,225
    #         ms   share  step
    1     2017.6   18.2%  read the panel before loading
    2       50.5    0.5%  wait for slot (1,1) to fill
    3      906.0    8.2%  ctrl-click (1,1) attempt 1
    4      770.3    6.9%  read the suggested price
    5     1566.1   14.1%  type the price 203,225
    6     1017.1    9.2%  type the quantity 250
    7      963.8    8.7%  take the quantity from the net sales
    8      416.1    3.7%  click Register
    9      310.7    2.8%  find Confirmation
   10       54.0    0.5%  look for the underprice question
   11      414.7    3.7%  click Confirmation
   12      251.6    2.3%  park
   13      552.8    5.0%  confirm the dialog is gone
   14     1818.8   16.4%  wait for the panel to let the item go
         11110.2  100.0%  TOTAL
  listed 171 at 203,225; it lands in row 9
DONE {"kind": "relist", "row": 9, "lands_in": 9, "qty": 171, "price": 203225}
    relisted 171 at 203,225 in row 9, 5 relist(s) on the floor now
  row 10: 'Force Core(Highest' x165 at 203,225 -> tab 4 slot (1, 1)
    floor 203,225 (203,225 x 1) from Force Core Set (Highest); listed at 203,225, above it
TASK {"kind": "relist", "row": 10, "item": "Force Core(Highest", "qty": 165, "price": 203225, "tab": 4, "slot": [1, 1], "lands_in": 10}
  inventory slot (1,1) at (1479, 236)
    the lowest listed price is 203,221, from the row and 3 more
    market 203,220 is under the 203,225 floor (a Force Core Set (Highest) costs 203,225); listing at the floor
    market 203,221, typing 203,225, 4 over the market
    net sales 33,532,125 is 165 x 203,225
  typed 250; the net sales make it 165

  list 165 at 203,225
    #         ms   share  step
    1     1704.5   15.0%  read the panel before loading
    2       55.0    0.5%  wait for slot (1,1) to fill
    3      899.7    7.9%  ctrl-click (1,1) attempt 1
    4      817.7    7.2%  read the suggested price
    5     1561.4   13.8%  type the price 203,225
    6     1024.0    9.0%  type the quantity 250
    7      944.4    8.3%  take the quantity from the net sales
    8      379.6    3.3%  click Register
    9      408.4    3.6%  find Confirmation
   10       60.5    0.5%  look for the underprice question
   11      505.8    4.5%  click Confirmation
   12      255.9    2.3%  park
   13      530.0    4.7%  confirm the dialog is gone
   14     2196.3   19.4%  wait for the panel to let the item go
         11343.0  100.0%  TOTAL
  listed 165 at 203,225; it lands in row 10
DONE {"kind": "relist", "row": 10, "lands_in": 10, "qty": 165, "price": 203225}
    relisted 165 at 203,225 in row 10, 5 relist(s) on the floor now
  row 11: 'Force Core(High' x200 at 206,941 -> tab 4 slot (1, 1)
    floor 194,074 (194,074 x 1) from Force Core Set (High); listed at 206,941, above it
TASK {"kind": "relist", "row": 11, "item": "Force Core(High", "qty": 200, "price": 206941, "tab": 4, "slot": [1, 1], "lands_in": 11}
  inventory slot (1,1) at (1479, 236)
    the lowest listed price is 206,933, from the row and 3 more
    market 206,933, typing 206,932, 1 under the market
    net sales 41,386,400 is 200 x 206,932
  typed 250; the net sales make it 200

  list 200 at 206,932
    #         ms   share  step
    1     2198.0   17.7%  read the panel before loading
    2       44.9    0.4%  wait for slot (1,1) to fill
    3      898.7    7.2%  ctrl-click (1,1) attempt 1
    4      851.6    6.9%  read the suggested price
    5     1548.4   12.5%  type the price 206,932
    6     1016.2    8.2%  type the quantity 250
    7     1367.7   11.0%  take the quantity from the net sales
    8      438.7    3.5%  click Register
    9      410.0    3.3%  find Confirmation
   10       72.7    0.6%  look for the underprice question
   11      403.4    3.3%  click Confirmation
   12      252.0    2.0%  park
   13      662.3    5.3%  confirm the dialog is gone
   14     2234.2   18.0%  wait for the panel to let the item go
         12398.6  100.0%  TOTAL
  listed 200 at 206,932; it lands in row 11
DONE {"kind": "relist", "row": 11, "lands_in": 11, "qty": 200, "price": 206932}
    relisted 200 at 206,932 in row 11
  row 12: 'Force Core(High' x120 at 206,940 -> tab 4 slot (1, 1)
    floor 194,074 (194,074 x 1) from Force Core Set (High); listed at 206,940, above it
TASK {"kind": "relist", "row": 12, "item": "Force Core(High", "qty": 120, "price": 206940, "tab": 4, "slot": [1, 1], "lands_in": 12}
  inventory slot (1,1) at (1479, 236)
    the lowest listed price is 206,932, from the row and 3 more
    market 206,932, typing 206,931, 1 under the market
    net sales 24,831,720 is 120 x 206,931
  typed 250; the net sales make it 120

  list 120 at 206,931
    #         ms   share  step
    1     2206.1   18.6%  read the panel before loading
    2       65.3    0.6%  wait for slot (1,1) to fill
    3      920.7    7.8%  ctrl-click (1,1) attempt 1
    4      765.9    6.5%  read the suggested price
    5     1554.9   13.1%  type the price 206,931
    6     1044.0    8.8%  type the quantity 250
    7     1347.4   11.4%  take the quantity from the net sales
    8      409.5    3.5%  click Register
    9      347.5    2.9%  find Confirmation
   10       50.2    0.4%  look for the underprice question
   11      413.6    3.5%  click Confirmation
   12      251.4    2.1%  park
   13      590.0    5.0%  confirm the dialog is gone
   14     1876.7   15.8%  wait for the panel to let the item go
         11843.1  100.0%  TOTAL
  listed 120 at 206,931; it lands in row 12
DONE {"kind": "relist", "row": 12, "lands_in": 12, "qty": 120, "price": 206931}
    relisted 120 at 206,931 in row 12
  row 13: 'Force Core(High' x8 at 206,939 -> tab 4 slot (1, 1)
    floor 194,074 (194,074 x 1) from Force Core Set (High); listed at 206,939, above it
TASK {"kind": "relist", "row": 13, "item": "Force Core(High", "qty": 8, "price": 206939, "tab": 4, "slot": [1, 1], "lands_in": 13}
  inventory slot (1,1) at (1479, 236)
    the lowest listed price is 206,931, from the row and 3 more
    market 206,931, typing 206,930, 1 under the market
    net sales 1,655,440 is 8 x 206,930
  typed 250; the net sales make it 8

  list 8 at 206,930
    #         ms   share  step
    1     1840.7   16.1%  read the panel before loading
    2       60.3    0.5%  wait for slot (1,1) to fill
    3      948.8    8.3%  ctrl-click (1,1) attempt 1
    4      784.5    6.8%  read the suggested price
    5     1604.0   14.0%  type the price 206,930
    6     1041.9    9.1%  type the quantity 250
    7     1219.5   10.6%  take the quantity from the net sales
    8      429.3    3.7%  click Register
    9      347.5    3.0%  find Confirmation
   10       52.7    0.5%  look for the underprice question
   11      409.0    3.6%  click Confirmation
   12      251.7    2.2%  park
   13      473.9    4.1%  confirm the dialog is gone
   14     1995.6   17.4%  wait for the panel to let the item go
         11459.7  100.0%  TOTAL
  listed 8 at 206,930; it lands in row 13
DONE {"kind": "relist", "row": 13, "lands_in": 13, "qty": 8, "price": 206930}
    relisted 8 at 206,930 in row 13
  row 14: 'Upgrade Core (Ultimate' x240 at 539,580 -> tab 4 slot (1, 1)
    floor 440,300 (440,300 x 1) from what it cost; listed at 539,580, above it
TASK {"kind": "relist", "row": 14, "item": "Upgrade Core (Ultimate", "qty": 240, "price": 539580, "tab": 4, "slot": [1, 1], "lands_in": 14}
  inventory slot (1,1) at (1479, 236)
    the lowest listed price is 539,572, from the row and 3 more
    market 539,572, typing 539,571, 1 under the market
    net sales 129,497,040 is 240 x 539,571
  typed 250; the net sales make it 240

  list 240 at 539,571
    #         ms   share  step
    1     2283.4   19.0%  read the panel before loading
    2       83.9    0.7%  wait for slot (1,1) to fill
    3      920.9    7.6%  ctrl-click (1,1) attempt 1
    4      767.2    6.4%  read the suggested price
    5     1552.8   12.9%  type the price 539,571
    6     1024.8    8.5%  type the quantity 250
    7     1223.9   10.2%  take the quantity from the net sales
    8      423.9    3.5%  click Register
    9      288.6    2.4%  find Confirmation
   10       45.8    0.4%  look for the underprice question
   11      382.3    3.2%  click Confirmation
   12      251.5    2.1%  park
   13      563.0    4.7%  confirm the dialog is gone
   14     2230.5   18.5%  wait for the panel to let the item go
         12042.7  100.0%  TOTAL
  listed 240 at 539,571; it lands in row 14
DONE {"kind": "relist", "row": 14, "lands_in": 14, "qty": 240, "price": 539571}
    relisted 240 at 539,571 in row 14
  row 15 is empty; nothing to relist
  row 16 is empty; nothing to relist
  row 17 is empty; nothing to relist
  row 18 is empty; nothing to relist
  row 19 is empty; nothing to relist
  row 20 is empty; nothing to relist
  row 21 is empty; nothing to relist
  row 22 is empty; nothing to relist
  row 23 is empty; nothing to relist
  row 24 is empty; nothing to relist
  row 25 is empty; nothing to relist
  row 26 is empty; nothing to relist
  row 27 is empty; nothing to relist
  row 28 is empty; nothing to relist
  row 29 is empty; nothing to relist
  row 30 is empty; nothing to relist

  relisting rows 1-30: 14 relisted, 16 empty, 0 skipped
    #          ms   share     n      each  phase
    1   166,464.6   49.1%    14  11,890.3  list it back
    2    75,520.8   22.3%    14   5,394.3  cancel the row and take it back
    3    32,908.1    9.7%    30   1,096.9  scroll to the row and read it
    4    30,126.7    8.9%    14   2,151.9  check the shop slot is empty
    5    16,123.5    4.8%    14   1,151.7  select inventory tab 4
    6    14,274.5    4.2%    30     475.8  Refresh the table
    7     3,043.0    0.9%     1   3,043.0  collect what sold
    8       628.2    0.2%     1     628.2  read the row again after collecting
        339,089.5  100.0%

  returning the game to its default state
restoring the default state:
  Escape: window closed
  Inventory already closed
  the gift box at [284, 994]
  Receive All at [1205, 786]
  Receive 1 of 4 at [1214, 327]
  Receive 2 of 4 at [1214, 425]
  Receive 3 of 4 at [1214, 523]
  Receive 4 of 4 at [1214, 621]
  the special giftbox's Receive at [1475, 541]
  Close at [1483, 846]
  took 4 gift(s)
  the Agent Shop is shut and the vendor is not open either; reopening it
  Inventory shut: slot grid 0.02, needs 0.33

  board after pass 5:
                                                   bought/u   listed/u  margin      row price
     1  Upgrade Core (Ultimate             x202           -    539,577       -        539,577
     2  Yekaterina VIP Membership          x1    112,333,333 126,499,992  +11.2%    126,499,992
     3  Upgrade Core (Ultimate             x82            -    539,576       -        539,576
     4  Force Core (Ultimate               x143           -    399,850       -        399,850
     5  Force Gem Package                  x1    187,222,222 195,944,590   +4.5%    195,944,590
     6  Epic Booster (Highest)             x4    46,805,555 47,199,905   +0.8%     47,199,905
     7  Siena's Unbinding Stone            x1    74,888,888 98,998,861  +24.4%     98,998,861
     8  Blessing Bead - Superior           x3    163,632,222 187,499,998  +12.7%    187,499,998
     9  Force Core(Highest                 x171           -    203,225       -        203,225
    10  Force Core(Highest                 x165           -    203,225       -        203,225
    11  Force Core(High                    x200           -    206,932       -        206,932
    12  Force Core(High                    x120           -    206,931       -        206,931
    13  Force Core(High                    x8             -    206,930       -        206,930
    14  Upgrade Core (Ultimate             x240     440,300    539,571  +18.4%        539,571
    item                               rows   units          listed
    Blessing Bead - Superior              1       3     562,499,994
    Epic Booster (Highest)                1       4     188,799,620
    Force Core (Ultimate                  1     143      57,178,550
    Force Core(High                       3     328      67,873,560
    Force Core(Highest                    2     336      68,283,600
    Force Gem Package                     1       1     195,944,590
    Siena's Unbinding Stone               1       1      98,998,861
    Upgrade Core (Ultimate                3     524     282,736,826
    Yekaterina VIP Membership             1       1     126,499,992
    board                                14   1,341   1,648,815,593
    balance now 1,061,724,236
  pass 5: 14 relisted, 16 empty, 0 skipped; 9966.2 minute(s) left

-- pass 6 --

  resupply order: Yekaterina VIP Membership, Chaos Core, Force Core(High), Force Core(Highest), Upgrade Core (Ultimate), Force Core (Ultimate), Force Gem Package, Epic Booster (Highest), Siena's Unbinding Stone, Blessing Bead - Superior

  Yekaterina VIP Membership: 1 row(s) inside 1-30, 1 wanted; row 2 'Yekaterina VIP Membership'
    floor 112,333,333: 300/1000 of the 374,444,444 voucher, read at launch

-- Chaos Core Set under our listing: up to 3 row(s) --
  no Chaos Core Set of ours on the board, so there is no listing of ours to buy under; not buying

  counting only rows 1-30; rows outside it are not repriced and do not count; 16 row(s) free
  core                            rows     buy/u    sell/u    margin  wants   short?
  Force Core(Highest)                2   200,000   203,219     3,219      0   
  Chaos Core                         0   725,999   729,603     3,604      0   
  Force Core (Ultimate)              1   396,980   399,850     2,870      0   
  Force Core(High)                   3         -         -         -      -   holds the most it can want, 3; not priced
  Upgrade Core (Ultimate)            3         -         -         -      -   holds the most it can want, 3; not priced

  nothing inside rows 1-30 holds fewer rows than its margin is worth.

  Force Gem Package: 1 row(s) inside 1-30, 1 wanted; row 5 'Force Gem Package'
    floor 187,222,222: 500/1000 of the 374,444,444 voucher, read at launch

  Epic Booster (Highest): 1 row(s) inside 1-30, 1 wanted; row 6 'Epic Booster (Highest)'
    floor 46,805,555: 125/1000 of the 374,444,444 voucher, read at launch

  Siena's Unbinding Stone: 1 row(s) inside 1-30, 1 wanted; row 7 "Siena's Unbinding Stone"
    floor 74,888,888: 200/1000 of the 374,444,444 voucher, read at launch

  Blessing Bead - Superior: 1 row(s) inside 1-30, 1 wanted; row 8 'Blessing Bead - Superior'
    floor 163,632,222: 437/1000 of the 374,444,444 voucher, read at launch
  row 1: 'Upgrade Core (Ultimate' x202 at 539,577 -> tab 4 slot (1, 1)
    floor 440,300 (440,300 x 1) from Upgrade Core Set (Ultimate); listed at 539,577, above it
TASK {"kind": "relist", "row": 1, "item": "Upgrade Core (Ultimate", "qty": 202, "price": 539577, "tab": 4, "slot": [1, 1], "lands_in": 1}
  inventory slot (1,1) at (1479, 236)
    the lowest listed price is 539,571, from the row and 3 more
    market 539,571, typing 539,570, 1 under the market
    net sales 108,993,140 is 202 x 539,570
  typed 250; the net sales make it 202

  list 202 at 539,570
    #         ms   share  step
    1     2025.6   16.4%  read the panel before loading
    2       50.0    0.4%  wait for slot (1,1) to fill
    3      913.2    7.4%  ctrl-click (1,1) attempt 1
    4      786.9    6.4%  read the suggested price
    5     1560.1   12.6%  type the price 539,570
    6     1014.0    8.2%  type the quantity 250
    7      985.9    8.0%  take the quantity from the net sales
    8      451.2    3.6%  click Register
    9      298.7    2.4%  find Confirmation
   10       51.6    0.4%  look for the underprice question
   11      420.1    3.4%  click Confirmation
   12      251.8    2.0%  park
   13      617.5    5.0%  confirm the dialog is gone
   14     2956.6   23.9%  wait for the panel to let the item go
         12383.2  100.0%  TOTAL
  listed 202 at 539,570; it lands in row 1
DONE {"kind": "relist", "row": 1, "lands_in": 1, "qty": 202, "price": 539570}
    relisted 202 at 539,570 in row 1
    the quantity column read 'Membership', which holds no digits, so it is the end of the name and not a count; reading the row as 'Yekaterina VIP Membership' and letting the panel count what is there
    one line read 'ene eae 1 126,499,992 OnSale Change'; read as stacked lines it is 'Yekaterina VIP Membership 126,499,992 OnSale Change'
  row 2: 'Yekaterina VIP Membership' x1 at 126,499,992 -> tab 4 slot (1, 1)
    floor 112,333,333 from what it cost; listed at 126,499,992, above it
TASK {"kind": "relist", "row": 2, "item": "Yekaterina VIP Membership", "qty": 1, "price": 126499992, "tab": 4, "slot": [1, 1], "lands_in": 2}
  inventory slot (1,1) at (1479, 236)
    the lowest listed price is 126,499,990, from the row and 3 more
    market 126,499,990, typing 126,499,989, 1 under the market
    net sales 126,499,989 is 1 x 126,499,989
  typed 250; the net sales make it 1

  list 1 at 126,499,989
    #         ms   share  step
    1     2266.1   18.8%  read the panel before loading
    2       50.6    0.4%  wait for slot (1,1) to fill
    3      964.4    8.0%  ctrl-click (1,1) attempt 1
    4      904.1    7.5%  read the suggested price
    5     1788.4   14.8%  type the price 126,499,989
    6     1019.5    8.4%  type the quantity 250
    7     1135.3    9.4%  take the quantity from the net sales
    8      393.0    3.3%  click Register
    9      380.1    3.1%  find Confirmation
   10       60.8    0.5%  look for the underprice question
   11      407.9    3.4%  click Confirmation
   12      253.6    2.1%  park
   13      471.8    3.9%  confirm the dialog is gone
   14     1987.0   16.4%  wait for the panel to let the item go
         12082.5  100.0%  TOTAL
  listed 1 at 126,499,989; it lands in row 2
DONE {"kind": "relist", "row": 2, "lands_in": 2, "qty": 1, "price": 126499989}
    relisted 1 at 126,499,989 in row 2
  row 3: 'Upgrade Core (Ultimate' x82 at 539,576 -> tab 4 slot (1, 1)
    floor 440,300 (440,300 x 1) from Upgrade Core Set (Ultimate); listed at 539,576, above it
TASK {"kind": "relist", "row": 3, "item": "Upgrade Core (Ultimate", "qty": 82, "price": 539576, "tab": 4, "slot": [1, 1], "lands_in": 3}
  inventory slot (1,1) at (1479, 236)
    the lowest listed price is 539,568, from the row and 3 more
    market 539,568, typing 539,567, 1 under the market
    net sales 44,244,494 is 82 x 539,567
  typed 250; the net sales make it 82

  list 82 at 539,567
    #         ms   share  step
    1     2155.0   18.0%  read the panel before loading
    2       71.7    0.6%  wait for slot (1,1) to fill
    3      894.7    7.5%  ctrl-click (1,1) attempt 1
    4      822.8    6.9%  read the suggested price
    5     1552.9   13.0%  type the price 539,567
    6     1032.7    8.6%  type the quantity 250
    7     1264.6   10.5%  take the quantity from the net sales
    8      427.0    3.6%  click Register
    9      369.8    3.1%  find Confirmation
   10       62.5    0.5%  look for the underprice question
   11      424.9    3.5%  click Confirmation
   12      251.2    2.1%  park
   13      487.0    4.1%  confirm the dialog is gone
   14     2173.6   18.1%  wait for the panel to let the item go
         11990.3  100.0%  TOTAL
  listed 82 at 539,567; it lands in row 3
DONE {"kind": "relist", "row": 3, "lands_in": 3, "qty": 82, "price": 539567}
    relisted 82 at 539,567 in row 3
  row 4: 'Force Core (Ultimate' x143 at 399,850 -> tab 4 slot (1, 1)
    floor 396,980 (396,980 x 1) from Force Core Set (Ultimate); listed at 399,850, above it
TASK {"kind": "relist", "row": 4, "item": "Force Core (Ultimate", "qty": 143, "price": 399850, "tab": 4, "slot": [1, 1], "lands_in": 4}
  inventory slot (1,1) at (1479, 236)
    the lowest listed price is 399,849, from the row and 3 more
    market 399,849, typing 399,848, 1 under the market
    net sales 57,178,264 is 143 x 399,848
  typed 250; the net sales make it 143

  list 143 at 399,848
    #         ms   share  step
    1     1781.3   16.6%  read the panel before loading
    2       47.2    0.4%  wait for slot (1,1) to fill
    3      929.9    8.7%  ctrl-click (1,1) attempt 1
    4     1004.0    9.3%  read the suggested price
    5     1581.5   14.7%  type the price 399,848
    6     1031.5    9.6%  type the quantity 250
    7      821.9    7.6%  take the quantity from the net sales
    8      406.6    3.8%  click Register
    9      282.3    2.6%  find Confirmation
   10       49.3    0.5%  look for the underprice question
   11      415.8    3.9%  click Confirmation
   12      251.3    2.3%  park
   13      420.1    3.9%  confirm the dialog is gone
   14     1721.1   16.0%  wait for the panel to let the item go
         10743.6  100.0%  TOTAL
  listed 143 at 399,848; it lands in row 4
DONE {"kind": "relist", "row": 4, "lands_in": 4, "qty": 143, "price": 399848}
    relisted 143 at 399,848 in row 4
  row 5: 'Force Gem Package' x1 at 195,944,590 -> tab 4 slot (1, 1)
    floor 187,222,222 from what it cost; listed at 195,944,590, above it
TASK {"kind": "relist", "row": 5, "item": "Force Gem Package", "qty": 1, "price": 195944590, "tab": 4, "slot": [1, 1], "lands_in": 5}
  inventory slot (1,1) at (1479, 236)
    the lowest listed price is 195,944,591, from the row and 3 more
    market 195,944,591, typing 195,944,590, 1 under the market
    net sales 195,944,590 is 1 x 195,944,590
  typed 250; the net sales make it 1

  list 1 at 195,944,590
    #         ms   share  step
    1     2001.2   15.1%  read the panel before loading
    2       90.8    0.7%  wait for slot (1,1) to fill
    3      917.4    6.9%  ctrl-click (1,1) attempt 1
    4     1123.8    8.5%  read the suggested price
    5     1805.5   13.7%  type the price 195,944,590
    6     1044.1    7.9%  type the quantity 250
    7     1563.9   11.8%  take the quantity from the net sales
    8      438.9    3.3%  click Register
    9      438.6    3.3%  find Confirmation
   10       72.1    0.5%  look for the underprice question
   11      446.2    3.4%  click Confirmation
   12      251.8    1.9%  park
   13      651.9    4.9%  confirm the dialog is gone
   14     2364.9   17.9%  wait for the panel to let the item go
         13211.1  100.0%  TOTAL
  listed 1 at 195,944,590; it lands in row 5
DONE {"kind": "relist", "row": 5, "lands_in": 5, "qty": 1, "price": 195944590}
    relisted 1 at 195,944,590 in row 5
  row 6: 'Epic Booster (Highest)' x4 at 47,199,905 -> tab 4 slot (1, 1)
    floor 46,805,555 from what it cost; listed at 47,199,905, above it
TASK {"kind": "relist", "row": 6, "item": "Epic Booster (Highest)", "qty": 4, "price": 47199905, "tab": 4, "slot": [1, 1], "lands_in": 6}
  inventory slot (1,1) at (1479, 236)
    the lowest listed price is 47,199,903, from the row and 3 more
    market 47,199,903, typing 47,199,902, 1 under the market
    net sales 188,799,608 is 4 x 47,199,902
  typed 250; the net sales make it 4

  list 4 at 47,199,902
    #         ms   share  step
    1     2518.5   20.1%  read the panel before loading
    2       65.0    0.5%  wait for slot (1,1) to fill
    3      938.3    7.5%  ctrl-click (1,1) attempt 1
    4      842.5    6.7%  read the suggested price
    5     1687.8   13.5%  type the price 47,199,902
    6      998.1    8.0%  type the quantity 250
    7     1211.9    9.7%  take the quantity from the net sales
    8      408.0    3.3%  click Register
    9      364.7    2.9%  find Confirmation
   10       60.3    0.5%  look for the underprice question
   11      440.0    3.5%  click Confirmation
   12      251.6    2.0%  park
   13      529.2    4.2%  confirm the dialog is gone
   14     2218.0   17.7%  wait for the panel to let the item go
         12533.9  100.0%  TOTAL
  listed 4 at 47,199,902; it lands in row 6
DONE {"kind": "relist", "row": 6, "lands_in": 6, "qty": 4, "price": 47199902}
    relisted 4 at 47,199,902 in row 6
  row 7: "Siena's Unbinding Stone" x1 at 98,998,861 -> tab 4 slot (1, 1)
    floor 74,888,888 from what it cost; listed at 98,998,861, above it
TASK {"kind": "relist", "row": 7, "item": "Siena's Unbinding Stone", "qty": 1, "price": 98998861, "tab": 4, "slot": [1, 1], "lands_in": 7}
  inventory slot (1,1) at (1479, 236)
    the lowest listed price is 98,998,860, from the row and 3 more
    market 98,998,860, typing 98,998,859, 1 under the market
    net sales 98,998,859 is 1 x 98,998,859
  typed 250; the net sales make it 1

  list 1 at 98,998,859
    #         ms   share  step
    1     2314.2   18.9%  read the panel before loading
    2       60.4    0.5%  wait for slot (1,1) to fill
    3      931.4    7.6%  ctrl-click (1,1) attempt 1
    4     1295.5   10.6%  read the suggested price
    5     1694.8   13.8%  type the price 98,998,859
    6     1079.2    8.8%  type the quantity 250
    7     1102.0    9.0%  take the quantity from the net sales
    8      401.6    3.3%  click Register
    9      369.4    3.0%  find Confirmation
   10       67.2    0.5%  look for the underprice question
   11      411.1    3.4%  click Confirmation
   12      253.6    2.1%  park
   13      523.9    4.3%  confirm the dialog is gone
   14     1756.9   14.3%  wait for the panel to let the item go
         12261.2  100.0%  TOTAL
  listed 1 at 98,998,859; it lands in row 7
DONE {"kind": "relist", "row": 7, "lands_in": 7, "qty": 1, "price": 98998859}
    relisted 1 at 98,998,859 in row 7
    the quantity column read 'Superior', which holds no digits, so it is the end of the name and not a count; reading the row as 'Blessing Bead - Superior' and letting the panel count what is there
    one line read 'serene wbéee 3 187,499,998 OnSale Change'; read as stacked lines it is 'Blessing Bead - Superior 187,499,998 OnSale Change'
  row 8: 'Blessing Bead - Superior' x1 at 187,499,998 -> tab 4 slot (1, 1)
    floor 163,632,222 from what it cost; listed at 187,499,998, above it
TASK {"kind": "relist", "row": 8, "item": "Blessing Bead - Superior", "qty": 1, "price": 187499998, "tab": 4, "slot": [1, 1], "lands_in": 8}
  inventory slot (1,1) at (1479, 236)
    the lowest listed price is 187,499,999, from the row and 3 more
    market 187,499,999, typing 187,499,998, 1 under the market
    net sales 562,499,994 is 3 x 187,499,998
  typed 250; the net sales make it 3

  list 3 at 187,499,998
    #         ms   share  step
    1     1911.0   15.6%  read the panel before loading
    2       74.0    0.6%  wait for slot (1,1) to fill
    3      920.7    7.5%  ctrl-click (1,1) attempt 1
    4     1036.6    8.5%  read the suggested price
    5     1798.2   14.7%  type the price 187,499,998
    6     1049.9    8.6%  type the quantity 250
    7     1270.1   10.4%  take the quantity from the net sales
    8      415.2    3.4%  click Register
    9      290.6    2.4%  find Confirmation
   10       61.4    0.5%  look for the underprice question
   11      395.4    3.2%  click Confirmation
   12      251.4    2.1%  park
   13      514.3    4.2%  confirm the dialog is gone
   14     2228.8   18.2%  wait for the panel to let the item go
         12217.6  100.0%  TOTAL
  listed 3 at 187,499,998; it lands in row 8
DONE {"kind": "relist", "row": 8, "lands_in": 8, "qty": 3, "price": 187499998}
    relisted 3 at 187,499,998 in row 8
  row 9: 'Force Core(Highest' x171 at 203,225 -> tab 4 slot (1, 1)
    floor 203,225 (203,225 x 1) from Force Core Set (Highest); listed at 203,225, above it
TASK {"kind": "relist", "row": 9, "item": "Force Core(Highest", "qty": 171, "price": 203225, "tab": 4, "slot": [1, 1], "lands_in": 9}
  inventory slot (1,1) at (1479, 236)
    the lowest listed price is 203,219, from the row and 3 more
    market 203,218 is under the 203,225 floor (a Force Core Set (Highest) costs 203,225); listing at the floor
    market 203,219, typing 203,225, 6 over the market
    net sales 34,751,475 is 171 x 203,225
  typed 250; the net sales make it 171

  list 171 at 203,225
    #         ms   share  step
    1     1948.5   16.4%  read the panel before loading
    2       85.9    0.7%  wait for slot (1,1) to fill
    3      948.8    8.0%  ctrl-click (1,1) attempt 1
    4      846.0    7.1%  read the suggested price
    5     1565.4   13.2%  type the price 203,225
    6     1080.7    9.1%  type the quantity 250
    7     1119.5    9.4%  take the quantity from the net sales
    8      409.1    3.4%  click Register
    9      349.3    2.9%  find Confirmation
   10       67.5    0.6%  look for the underprice question
   11      405.7    3.4%  click Confirmation
   12      251.7    2.1%  park
   13      567.7    4.8%  confirm the dialog is gone
   14     2257.5   19.0%  wait for the panel to let the item go
         11903.2  100.0%  TOTAL
  listed 171 at 203,225; it lands in row 9
DONE {"kind": "relist", "row": 9, "lands_in": 9, "qty": 171, "price": 203225}
    relisted 171 at 203,225 in row 9, 6 relist(s) on the floor now
  row 10: 'Force Core(Highest' x165 at 203,225 -> tab 4 slot (1, 1)
    floor 203,225 (203,225 x 1) from Force Core Set (Highest); listed at 203,225, above it
TASK {"kind": "relist", "row": 10, "item": "Force Core(Highest", "qty": 165, "price": 203225, "tab": 4, "slot": [1, 1], "lands_in": 10}
  inventory slot (1,1) at (1479, 236)
    the lowest listed price is 203,219, from the row and 3 more
    market 203,218 is under the 203,225 floor (a Force Core Set (Highest) costs 203,225); listing at the floor
    market 203,219, typing 203,225, 6 over the market
    net sales 33,532,125 is 165 x 203,225
  typed 250; the net sales make it 165

  list 165 at 203,225
    #         ms   share  step
    1     1919.8   17.2%  read the panel before loading
    2       84.0    0.8%  wait for slot (1,1) to fill
    3      895.2    8.0%  ctrl-click (1,1) attempt 1
    4      895.2    8.0%  read the suggested price
    5     1557.7   13.9%  type the price 203,225
    6     1037.0    9.3%  type the quantity 250
    7     1046.2    9.3%  take the quantity from the net sales
    8      404.3    3.6%  click Register
    9      365.8    3.3%  find Confirmation
   10       54.6    0.5%  look for the underprice question
   11      432.3    3.9%  click Confirmation
   12      251.6    2.2%  park
   13      501.7    4.5%  confirm the dialog is gone
   14     1748.0   15.6%  wait for the panel to let the item go
         11193.3  100.0%  TOTAL
  listed 165 at 203,225; it lands in row 10
DONE {"kind": "relist", "row": 10, "lands_in": 10, "qty": 165, "price": 203225}
    relisted 165 at 203,225 in row 10, 6 relist(s) on the floor now
  row 11: 'Force Core(High' x200 at 206,932 -> tab 4 slot (1, 1)
    floor 194,074 (194,074 x 1) from Force Core Set (High); listed at 206,932, above it
TASK {"kind": "relist", "row": 11, "item": "Force Core(High", "qty": 200, "price": 206932, "tab": 4, "slot": [1, 1], "lands_in": 11}
  inventory slot (1,1) at (1479, 236)
    the lowest listed price is 206,924, from the row and 3 more
    market 206,924, typing 206,923, 1 under the market
    net sales 41,384,600 is 200 x 206,923
  typed 250; the net sales make it 200

  list 200 at 206,923
    #         ms   share  step
    1     2041.1   18.4%  read the panel before loading
    2       52.6    0.5%  wait for slot (1,1) to fill
    3      898.8    8.1%  ctrl-click (1,1) attempt 1
    4      849.8    7.6%  read the suggested price
    5     1583.4   14.2%  type the price 206,923
    6     1045.5    9.4%  type the quantity 250
    7      925.5    8.3%  take the quantity from the net sales
    8      384.9    3.5%  click Register
    9      269.9    2.4%  find Confirmation
   10       74.3    0.7%  look for the underprice question
   11      404.6    3.6%  click Confirmation
   12      250.9    2.3%  park
   13      459.8    4.1%  confirm the dialog is gone
   14     1877.9   16.9%  wait for the panel to let the item go
         11119.2  100.0%  TOTAL
  listed 200 at 206,923; it lands in row 11
DONE {"kind": "relist", "row": 11, "lands_in": 11, "qty": 200, "price": 206923}
    relisted 200 at 206,923 in row 11
  row 12: 'Force Core(High' x120 at 206,931 -> tab 4 slot (1, 1)
    floor 194,074 (194,074 x 1) from Force Core Set (High); listed at 206,931, above it
TASK {"kind": "relist", "row": 12, "item": "Force Core(High", "qty": 120, "price": 206931, "tab": 4, "slot": [1, 1], "lands_in": 12}
  inventory slot (1,1) at (1479, 236)
    the lowest listed price is 206,923, from the row and 3 more
    market 206,923, typing 206,922, 1 under the market
    net sales 24,830,640 is 120 x 206,922
  typed 250; the net sales make it 120

  list 120 at 206,922
    #         ms   share  step
    1     2289.7   18.5%  read the panel before loading
    2       61.9    0.5%  wait for slot (1,1) to fill
    3      926.5    7.5%  ctrl-click (1,1) attempt 1
    4      912.8    7.4%  read the suggested price
    5     1574.2   12.7%  type the price 206,922
    6     1040.4    8.4%  type the quantity 250
    7     1143.7    9.3%  take the quantity from the net sales
    8      407.8    3.3%  click Register
    9      396.2    3.2%  find Confirmation
   10       73.7    0.6%  look for the underprice question
   11      446.0    3.6%  click Confirmation
   12      252.2    2.0%  park
   13      595.6    4.8%  confirm the dialog is gone
   14     2234.0   18.1%  wait for the panel to let the item go
         12354.9  100.0%  TOTAL
  listed 120 at 206,922; it lands in row 12
DONE {"kind": "relist", "row": 12, "lands_in": 12, "qty": 120, "price": 206922}
    relisted 120 at 206,922 in row 12
  row 13: 'Force Core(High' x8 at 206,930 -> tab 4 slot (1, 1)
    floor 194,074 (194,074 x 1) from Force Core Set (High); listed at 206,930, above it
TASK {"kind": "relist", "row": 13, "item": "Force Core(High", "qty": 8, "price": 206930, "tab": 4, "slot": [1, 1], "lands_in": 13}
  inventory slot (1,1) at (1479, 236)
    the lowest listed price is 206,922, from the row and 3 more
    market 206,922, typing 206,921, 1 under the market
    net sales 1,655,368 is 8 x 206,921
  typed 250; the net sales make it 8

  list 8 at 206,921
    #         ms   share  step
    1     2322.0   19.9%  read the panel before loading
    2       59.9    0.5%  wait for slot (1,1) to fill
    3      946.1    8.1%  ctrl-click (1,1) attempt 1
    4      868.4    7.4%  read the suggested price
    5     1564.6   13.4%  type the price 206,921
    6     1053.6    9.0%  type the quantity 250
    7      985.3    8.4%  take the quantity from the net sales
    8      398.4    3.4%  click Register
    9      254.4    2.2%  find Confirmation
   10       47.2    0.4%  look for the underprice question
   11      419.9    3.6%  click Confirmation
   12      253.2    2.2%  park
   13      439.1    3.8%  confirm the dialog is gone
   14     2069.9   17.7%  wait for the panel to let the item go
         11682.0  100.0%  TOTAL
  listed 8 at 206,921; it lands in row 13
DONE {"kind": "relist", "row": 13, "lands_in": 13, "qty": 8, "price": 206921}
    relisted 8 at 206,921 in row 13
  row 14: 'Upgrade Core (Ultimate' x240 at 539,571 -> tab 4 slot (1, 1)
    floor 440,300 (440,300 x 1) from what it cost; listed at 539,571, above it
TASK {"kind": "relist", "row": 14, "item": "Upgrade Core (Ultimate", "qty": 240, "price": 539571, "tab": 4, "slot": [1, 1], "lands_in": 14}
  inventory slot (1,1) at (1479, 236)
    the lowest listed price is 539,565, from the row and 3 more
    market 539,565, typing 539,564, 1 under the market
    net sales 129,495,360 is 240 x 539,564
  typed 250; the net sales make it 240

  list 240 at 539,564
    #         ms   share  step
    1     2708.6   20.2%  read the panel before loading
    2       89.4    0.7%  wait for slot (1,1) to fill
    3      949.5    7.1%  ctrl-click (1,1) attempt 1
    4     1047.0    7.8%  read the suggested price
    5     1618.9   12.1%  type the price 539,564
    6     1081.2    8.1%  type the quantity 250
    7     1522.6   11.3%  take the quantity from the net sales
    8      452.2    3.4%  click Register
    9      314.5    2.3%  find Confirmation
   10       53.2    0.4%  look for the underprice question
   11      409.3    3.0%  click Confirmation
   12      251.7    1.9%  park
   13      601.8    4.5%  confirm the dialog is gone
   14     2321.5   17.3%  wait for the panel to let the item go
         13421.2  100.0%  TOTAL
  listed 240 at 539,564; it lands in row 14
DONE {"kind": "relist", "row": 14, "lands_in": 14, "qty": 240, "price": 539564}
    relisted 240 at 539,564 in row 14
  row 15 is empty; nothing to relist
  row 16 is empty; nothing to relist
  row 17 is empty; nothing to relist
  row 18 is empty; nothing to relist
  row 19 is empty; nothing to relist
  row 20 is empty; nothing to relist
  row 21 is empty; nothing to relist
  row 22 is empty; nothing to relist
  row 23 is empty; nothing to relist
  row 24 is empty; nothing to relist
  row 25 is empty; nothing to relist
  row 26 is empty; nothing to relist
  row 27 is empty; nothing to relist
  row 28 is empty; nothing to relist
  row 29 is empty; nothing to relist
  row 30 is empty; nothing to relist

  relisting rows 1-30: 14 relisted, 16 empty, 0 skipped
    #          ms   share     n      each  phase
    1   169,276.7   50.6%    14  12,091.2  list it back
    2    74,917.4   22.4%    14   5,351.2  cancel the row and take it back
    3    32,042.7    9.6%    30   1,068.1  scroll to the row and read it
    4    28,566.2    8.5%    14   2,040.4  check the shop slot is empty
    5    16,042.0    4.8%    14   1,145.9  select inventory tab 4
    6    13,931.1    4.2%    30     464.4  Refresh the table
        334,776.1  100.0%

  returning the game to its default state
restoring the default state:
  Escape: window closed
  Inventory already closed
  the gift box at [284, 994]
  Receive All at [1205, 786]
  Receive 1 of 4 at [1214, 327]
  Receive 2 of 4 at [1214, 425]
  Receive 3 of 4 at [1214, 523]
  Receive 4 of 4 at [1214, 621]
  the special giftbox's Receive at [1475, 541]
  Close at [1483, 846]
  took 4 gift(s)
  the Agent Shop is shut and the vendor is not open either; reopening it
  Inventory shut: slot grid 0.02, needs 0.33

  board after pass 6:
                                                   bought/u   listed/u  margin      row price
     1  Upgrade Core (Ultimate             x202           -    539,570       -        539,570
     2  Yekaterina VIP Membership          x1    112,333,333 126,499,989  +11.2%    126,499,989
     3  Upgrade Core (Ultimate             x82            -    539,567       -        539,567
     4  Force Core (Ultimate               x143           -    399,848       -        399,848
     5  Force Gem Package                  x1    187,222,222 195,944,590   +4.5%    195,944,590
     6  Epic Booster (Highest)             x4    46,805,555 47,199,902   +0.8%     47,199,902
     7  Siena's Unbinding Stone            x1    74,888,888 98,998,859  +24.4%     98,998,859
     8  Blessing Bead - Superior           x3    163,632,222 187,499,998  +12.7%    187,499,998
     9  Force Core(Highest                 x171           -    203,225       -        203,225
    10  Force Core(Highest                 x165           -    203,225       -        203,225
    11  Force Core(High                    x200           -    206,923       -        206,923
    12  Force Core(High                    x120           -    206,922       -        206,922
    13  Force Core(High                    x8             -    206,921       -        206,921
    14  Upgrade Core (Ultimate             x240     440,300    539,564  +18.4%        539,564
    item                               rows   units          listed
    Blessing Bead - Superior              1       3     562,499,994
    Epic Booster (Highest)                1       4     188,799,608
    Force Core (Ultimate                  1     143      57,178,264
    Force Core(High                       3     328      67,870,608
    Force Core(Highest                    2     336      68,283,600
    Force Gem Package                     1       1     195,944,590
    Siena's Unbinding Stone               1       1      98,998,859
    Upgrade Core (Ultimate                3     524     282,732,994
    Yekaterina VIP Membership             1       1     126,499,989
    board                                14   1,341   1,648,808,506
    balance now 1,061,724,236
  pass 6: 14 relisted, 16 empty, 0 skipped; 9959.6 minute(s) left

-- pass 7 --

  resupply order: Yekaterina VIP Membership, Chaos Core, Force Core(High), Force Core(Highest), Upgrade Core (Ultimate), Force Core (Ultimate), Force Gem Package, Epic Booster (Highest), Siena's Unbinding Stone, Blessing Bead - Superior

  Yekaterina VIP Membership: 1 row(s) inside 1-30, 1 wanted; row 2 'Yekaterina VIP Membership'
    floor 112,333,333: 300/1000 of the 374,444,444 voucher, read at launch

-- Chaos Core Set under our listing: up to 3 row(s) --
  no Chaos Core Set of ours on the board, so there is no listing of ours to buy under; not buying

  counting only rows 1-30; rows outside it are not repriced and do not count; 16 row(s) free
  core                            rows     buy/u    sell/u    margin  wants   short?
  Force Core(Highest)                2   200,000   203,218     3,218      0   
  Chaos Core                         0   725,999   729,593     3,594      0   
  Force Core (Ultimate)              1   396,980   399,846     2,866      0   
  Force Core(High)                   3         -         -         -      -   holds the most it can want, 3; not priced
  Upgrade Core (Ultimate)            3         -         -         -      -   holds the most it can want, 3; not priced

  nothing inside rows 1-30 holds fewer rows than its margin is worth.

  Force Gem Package: 1 row(s) inside 1-30, 1 wanted; row 5 'Force Gem Package'
    floor 187,222,222: 500/1000 of the 374,444,444 voucher, read at launch

  Epic Booster (Highest): 1 row(s) inside 1-30, 1 wanted; row 6 'Epic Booster (Highest)'
    floor 46,805,555: 125/1000 of the 374,444,444 voucher, read at launch

  Siena's Unbinding Stone: 1 row(s) inside 1-30, 1 wanted; row 7 "Siena's Unbinding Stone"
    floor 74,888,888: 200/1000 of the 374,444,444 voucher, read at launch

  Blessing Bead - Superior: 1 row(s) inside 1-30, 1 wanted; row 8 'Blessing Bead - Superior'
    floor 163,632,222: 437/1000 of the 374,444,444 voucher, read at launch
  row 1: 'Upgrade Core (Ultimate' x202 at 539,570 -> tab 4 slot (1, 1)
    floor 440,300 (440,300 x 1) from Upgrade Core Set (Ultimate); listed at 539,570, above it
TASK {"kind": "relist", "row": 1, "item": "Upgrade Core (Ultimate", "qty": 202, "price": 539570, "tab": 4, "slot": [1, 1], "lands_in": 1}
  inventory slot (1,1) at (1479, 236)
    the lowest listed price is 539,561, from the row and 3 more
    market 539,561, typing 539,560, 1 under the market
    net sales 108,991,120 is 202 x 539,560
  typed 250; the net sales make it 202

  list 202 at 539,560
    #         ms   share  step
    1     2243.2   18.4%  read the panel before loading
    2       55.7    0.5%  wait for slot (1,1) to fill
    3      927.3    7.6%  ctrl-click (1,1) attempt 1
    4      849.4    7.0%  read the suggested price
    5     1631.8   13.4%  type the price 539,560
    6     1070.8    8.8%  type the quantity 250
    7     1305.0   10.7%  take the quantity from the net sales
    8      406.4    3.3%  click Register
    9      383.1    3.1%  find Confirmation
   10       55.8    0.5%  look for the underprice question
   11      467.5    3.8%  click Confirmation
   12      251.9    2.1%  park
   13      645.9    5.3%  confirm the dialog is gone
   14     1926.7   15.8%  wait for the panel to let the item go
         12220.5  100.0%  TOTAL
  listed 202 at 539,560; it lands in row 1
DONE {"kind": "relist", "row": 1, "lands_in": 1, "qty": 202, "price": 539560}
    relisted 202 at 539,560 in row 1
    the quantity column read 'Membership', which holds no digits, so it is the end of the name and not a count; reading the row as 'Yekaterina VIP Membership' and letting the panel count what is there
    one line read 'ene eae 1 126,499,989 OnSale Change'; read as stacked lines it is 'Yekaterina VIP Membership 126,499,989 OnSale Change'
  row 2: 'Yekaterina VIP Membership' x1 at 126,499,989 -> tab 4 slot (1, 1)
    floor 112,333,333 from what it cost; listed at 126,499,989, above it
TASK {"kind": "relist", "row": 2, "item": "Yekaterina VIP Membership", "qty": 1, "price": 126499989, "tab": 4, "slot": [1, 1], "lands_in": 2}
  inventory slot (1,1) at (1479, 236)
    the lowest listed price is 126,499,987, from the row and 3 more
    market 126,499,987, typing 126,499,986, 1 under the market
    net sales 126,499,986 is 1 x 126,499,986
  typed 250; the net sales make it 1

  list 1 at 126,499,986
    #         ms   share  step
    1     1797.9   16.0%  read the panel before loading
    2       65.6    0.6%  wait for slot (1,1) to fill
    3      923.3    8.2%  ctrl-click (1,1) attempt 1
    4      863.6    7.7%  read the suggested price
    5     1777.8   15.8%  type the price 126,499,986
    6     1069.9    9.5%  type the quantity 250
    7      929.9    8.3%  take the quantity from the net sales
    8      413.2    3.7%  click Register
    9      326.2    2.9%  find Confirmation
   10       61.5    0.5%  look for the underprice question
   11      397.8    3.5%  click Confirmation
   12      251.6    2.2%  park
   13      568.4    5.1%  confirm the dialog is gone
   14     1791.1   15.9%  wait for the panel to let the item go
         11237.8  100.0%  TOTAL
  listed 1 at 126,499,986; it lands in row 2
DONE {"kind": "relist", "row": 2, "lands_in": 2, "qty": 1, "price": 126499986}
    relisted 1 at 126,499,986 in row 2
  row 3: 'Upgrade Core (Ultimate' x82 at 539,567 -> tab 4 slot (1, 1)
    floor 440,300 (440,300 x 1) from Upgrade Core Set (Ultimate); listed at 539,567, above it
TASK {"kind": "relist", "row": 3, "item": "Upgrade Core (Ultimate", "qty": 82, "price": 539567, "tab": 4, "slot": [1, 1], "lands_in": 3}
  inventory slot (1,1) at (1479, 236)
    the lowest listed price is 539,560, from the row and 3 more
    market 539,560, typing 539,559, 1 under the market
    net sales 44,243,838 is 82 x 539,559
  typed 250; the net sales make it 82

  list 82 at 539,559
    #         ms   share  step
    1     1914.8   17.8%  read the panel before loading
    2       54.0    0.5%  wait for slot (1,1) to fill
    3      910.3    8.5%  ctrl-click (1,1) attempt 1
    4      780.3    7.3%  read the suggested price
    5     1542.3   14.4%  type the price 539,559
    6     1078.7   10.0%  type the quantity 250
    7      886.8    8.3%  take the quantity from the net sales
    8      385.7    3.6%  click Register
    9      255.3    2.4%  find Confirmation
   10       65.1    0.6%  look for the underprice question
   11      395.0    3.7%  click Confirmation
   12      251.7    2.3%  park
   13      459.2    4.3%  confirm the dialog is gone
   14     1757.7   16.4%  wait for the panel to let the item go
         10737.1  100.0%  TOTAL
  listed 82 at 539,559; it lands in row 3
DONE {"kind": "relist", "row": 3, "lands_in": 3, "qty": 82, "price": 539559}
    relisted 82 at 539,559 in row 3
  row 4: 'Force Core (Ultimate' x143 at 399,848 -> tab 4 slot (1, 1)
    floor 396,980 (396,980 x 1) from Force Core Set (Ultimate); listed at 399,848, above it
TASK {"kind": "relist", "row": 4, "item": "Force Core (Ultimate", "qty": 143, "price": 399848, "tab": 4, "slot": [1, 1], "lands_in": 4}
  inventory slot (1,1) at (1479, 236)
    the lowest listed price is 399,844, from the row and 3 more
    market 399,844, typing 399,843, 1 under the market
    net sales 57,177,549 is 143 x 399,843
  typed 250; the net sales make it 143

  list 143 at 399,843
    #         ms   share  step
    1     1791.3   14.8%  read the panel before loading
    2       56.1    0.5%  wait for slot (1,1) to fill
    3      914.6    7.6%  ctrl-click (1,1) attempt 1
    4     1084.8    9.0%  read the suggested price
    5     1562.0   12.9%  type the price 399,843
    6     1051.6    8.7%  type the quantity 250
    7     1143.7    9.5%  take the quantity from the net sales
    8      400.5    3.3%  click Register
    9      382.7    3.2%  find Confirmation
   10       75.7    0.6%  look for the underprice question
   11      426.7    3.5%  click Confirmation
   12      251.6    2.1%  park
   13      622.1    5.2%  confirm the dialog is gone
   14     2308.3   19.1%  wait for the panel to let the item go
         12071.7  100.0%  TOTAL
  listed 143 at 399,843; it lands in row 4
DONE {"kind": "relist", "row": 4, "lands_in": 4, "qty": 143, "price": 399843}
    relisted 143 at 399,843 in row 4
  row 5: 'Force Gem Package' x1 at 195,944,590 -> tab 4 slot (1, 1)
    floor 187,222,222 from what it cost; listed at 195,944,590, above it
TASK {"kind": "relist", "row": 5, "item": "Force Gem Package", "qty": 1, "price": 195944590, "tab": 4, "slot": [1, 1], "lands_in": 5}
  inventory slot (1,1) at (1479, 236)
    the lowest listed price is 195,944,591, from the row and 3 more
    market 195,944,591, typing 195,944,590, 1 under the market
    net sales 195,944,590 is 1 x 195,944,590
  typed 250; the net sales make it 1

  list 1 at 195,944,590
    #         ms   share  step
    1     1849.8   14.6%  read the panel before loading
    2       75.7    0.6%  wait for slot (1,1) to fill
    3      916.0    7.2%  ctrl-click (1,1) attempt 1
    4     1176.5    9.3%  read the suggested price
    5     1771.4   14.0%  type the price 195,944,590
    6     1030.6    8.1%  type the quantity 250
    7     1745.0   13.7%  take the quantity from the net sales
    8      463.8    3.7%  click Register
    9      494.1    3.9%  find Confirmation
   10       80.5    0.6%  look for the underprice question
   11      412.6    3.3%  click Confirmation
   12      251.7    2.0%  park
   13      529.3    4.2%  confirm the dialog is gone
   14     1896.3   14.9%  wait for the panel to let the item go
         12693.4  100.0%  TOTAL
  listed 1 at 195,944,590; it lands in row 5
DONE {"kind": "relist", "row": 5, "lands_in": 5, "qty": 1, "price": 195944590}
    relisted 1 at 195,944,590 in row 5
  row 6: 'Epic Booster (Highest)' x4 at 47,199,902 -> tab 4 slot (1, 1)
    floor 46,805,555 from what it cost; listed at 47,199,902, above it
TASK {"kind": "relist", "row": 6, "item": "Epic Booster (Highest)", "qty": 4, "price": 47199902, "tab": 4, "slot": [1, 1], "lands_in": 6}
  inventory slot (1,1) at (1479, 236)
    the lowest listed price is 47,199,900, from the row and 3 more
    market 47,199,900, typing 47,199,899, 1 under the market
    net sales 188,799,596 is 4 x 47,199,899
  typed 250; the net sales make it 4

  list 4 at 47,199,899
    #         ms   share  step
    1     2162.5   18.9%  read the panel before loading
    2       53.2    0.5%  wait for slot (1,1) to fill
    3      907.9    7.9%  ctrl-click (1,1) attempt 1
    4     1010.6    8.8%  read the suggested price
    5     1677.5   14.7%  type the price 47,199,899
    6     1003.6    8.8%  type the quantity 250
    7      946.9    8.3%  take the quantity from the net sales
    8      435.4    3.8%  click Register
    9      270.2    2.4%  find Confirmation
   10       46.9    0.4%  look for the underprice question
   11      382.5    3.3%  click Confirmation
   12      251.5    2.2%  park
   13      458.7    4.0%  confirm the dialog is gone
   14     1834.9   16.0%  wait for the panel to let the item go
         11442.5  100.0%  TOTAL
  listed 4 at 47,199,899; it lands in row 6
DONE {"kind": "relist", "row": 6, "lands_in": 6, "qty": 4, "price": 47199899}
    relisted 4 at 47,199,899 in row 6
  row 7: "Siena's Unbinding Stone" x1 at 98,998,859 -> tab 4 slot (1, 1)
    floor 74,888,888 from what it cost; listed at 98,998,859, above it
TASK {"kind": "relist", "row": 7, "item": "Siena's Unbinding Stone", "qty": 1, "price": 98998859, "tab": 4, "slot": [1, 1], "lands_in": 7}
  inventory slot (1,1) at (1479, 236)
    the lowest listed price is 98,998,858, from the row and 3 more
    market 98,998,858, typing 98,998,857, 1 under the market
    net sales 98,998,857 is 1 x 98,998,857
  typed 250; the net sales make it 1

  list 1 at 98,998,857
    #         ms   share  step
    1     2035.8   17.5%  read the panel before loading
    2       79.8    0.7%  wait for slot (1,1) to fill
    3      922.8    7.9%  ctrl-click (1,1) attempt 1
    4      983.0    8.4%  read the suggested price
    5     1704.0   14.6%  type the price 98,998,857
    6     1036.2    8.9%  type the quantity 250
    7      884.2    7.6%  take the quantity from the net sales
    8      421.9    3.6%  click Register
    9      257.7    2.2%  find Confirmation
   10       77.9    0.7%  look for the underprice question
   11      403.0    3.5%  click Confirmation
   12      251.5    2.2%  park
   13      615.1    5.3%  confirm the dialog is gone
   14     1969.0   16.9%  wait for the panel to let the item go
         11641.8  100.0%  TOTAL
  listed 1 at 98,998,857; it lands in row 7
DONE {"kind": "relist", "row": 7, "lands_in": 7, "qty": 1, "price": 98998857}
    relisted 1 at 98,998,857 in row 7
    the quantity column read 'Superior', which holds no digits, so it is the end of the name and not a count; reading the row as 'Blessing Bead - Superior' and letting the panel count what is there
    one line read 'serene wbéee 3 187,499,998 OnSale Change'; read as stacked lines it is 'Blessing Bead - Superior 187,499,998 OnSale Change'
  row 8: 'Blessing Bead - Superior' x1 at 187,499,998 -> tab 4 slot (1, 1)
    floor 163,632,222 from what it cost; listed at 187,499,998, above it
TASK {"kind": "relist", "row": 8, "item": "Blessing Bead - Superior", "qty": 1, "price": 187499998, "tab": 4, "slot": [1, 1], "lands_in": 8}
  inventory slot (1,1) at (1479, 236)
    the lowest listed price is 187,499,999, from the row and 3 more
    market 187,499,999, typing 187,499,998, 1 under the market
    net sales 562,499,994 is 3 x 187,499,998
  typed 250; the net sales make it 3

  list 3 at 187,499,998
    #         ms   share  step
    1     2443.6   19.1%  read the panel before loading
    2       71.3    0.6%  wait for slot (1,1) to fill
    3      938.7    7.4%  ctrl-click (1,1) attempt 1
    4     1189.3    9.3%  read the suggested price
    5     1772.9   13.9%  type the price 187,499,998
    6     1016.4    8.0%  type the quantity 250
    7     1232.4    9.7%  take the quantity from the net sales
    8      452.6    3.5%  click Register
    9      352.9    2.8%  find Confirmation
   10       83.0    0.6%  look for the underprice question
   11      409.3    3.2%  click Confirmation
   12      251.5    2.0%  park
   13      458.6    3.6%  confirm the dialog is gone
   14     2094.2   16.4%  wait for the panel to let the item go
         12766.4  100.0%  TOTAL
  listed 3 at 187,499,998; it lands in row 8
DONE {"kind": "relist", "row": 8, "lands_in": 8, "qty": 3, "price": 187499998}
    relisted 3 at 187,499,998 in row 8
  row 9: 'Force Core(Highest' x171 at 203,225 -> tab 4 slot (1, 1)
    floor 203,225 (203,225 x 1) from Force Core Set (Highest); listed at 203,225, above it
TASK {"kind": "relist", "row": 9, "item": "Force Core(Highest", "qty": 171, "price": 203225, "tab": 4, "slot": [1, 1], "lands_in": 9}
  inventory slot (1,1) at (1479, 236)
    the lowest listed price is 203,217, from the row and 3 more
    market 203,216 is under the 203,225 floor (a Force Core Set (Highest) costs 203,225); listing at the floor
    market 203,217, typing 203,225, 8 over the market
    net sales 34,751,475 is 171 x 203,225
  typed 250; the net sales make it 171

  list 171 at 203,225
    #         ms   share  step
    1     1823.2   16.9%  read the panel before loading
    2       77.4    0.7%  wait for slot (1,1) to fill
    3      911.8    8.4%  ctrl-click (1,1) attempt 1
    4      773.9    7.2%  read the suggested price
    5     1593.1   14.7%  type the price 203,225
    6     1022.6    9.5%  type the quantity 250
    7      867.3    8.0%  take the quantity from the net sales
    8      454.6    4.2%  click Register
    9      281.9    2.6%  find Confirmation
   10       53.6    0.5%  look for the underprice question
   11      398.4    3.7%  click Confirmation
   12      251.2    2.3%  park
   13      447.3    4.1%  confirm the dialog is gone
   14     1848.4   17.1%  wait for the panel to let the item go
         10804.7  100.0%  TOTAL
  listed 171 at 203,225; it lands in row 9
DONE {"kind": "relist", "row": 9, "lands_in": 9, "qty": 171, "price": 203225}
    relisted 171 at 203,225 in row 9, 7 relist(s) on the floor now
  row 10: 'Force Core(Highest' x165 at 203,225 -> tab 4 slot (1, 1)
    floor 203,225 (203,225 x 1) from Force Core Set (Highest); listed at 203,225, above it
TASK {"kind": "relist", "row": 10, "item": "Force Core(Highest", "qty": 165, "price": 203225, "tab": 4, "slot": [1, 1], "lands_in": 10}
  inventory slot (1,1) at (1479, 236)
    the lowest listed price is 203,217, from the row and 3 more
    market 203,216 is under the 203,225 floor (a Force Core Set (Highest) costs 203,225); listing at the floor
    market 203,217, typing 203,225, 8 over the market
    net sales 33,532,125 is 165 x 203,225
  typed 250; the net sales make it 165

  list 165 at 203,225
    #         ms   share  step
    1     1951.8   17.5%  read the panel before loading
    2       56.2    0.5%  wait for slot (1,1) to fill
    3      922.8    8.3%  ctrl-click (1,1) attempt 1
    4      897.0    8.0%  read the suggested price
    5     1597.5   14.3%  type the price 203,225
    6     1016.1    9.1%  type the quantity 250
    7      877.4    7.9%  take the quantity from the net sales
    8      395.1    3.5%  click Register
    9      272.6    2.4%  find Confirmation
   10       64.4    0.6%  look for the underprice question
   11      398.3    3.6%  click Confirmation
   12      251.5    2.3%  park
   13      505.5    4.5%  confirm the dialog is gone
   14     1969.7   17.6%  wait for the panel to let the item go
         11175.9  100.0%  TOTAL
  listed 165 at 203,225; it lands in row 10
DONE {"kind": "relist", "row": 10, "lands_in": 10, "qty": 165, "price": 203225}
    relisted 165 at 203,225 in row 10, 7 relist(s) on the floor now
  row 11: 'Force Core(High' x200 at 206,923 -> tab 4 slot (1, 1)
    floor 194,074 (194,074 x 1) from Force Core Set (High); listed at 206,923, above it
TASK {"kind": "relist", "row": 11, "item": "Force Core(High", "qty": 200, "price": 206923, "tab": 4, "slot": [1, 1], "lands_in": 11}
  inventory slot (1,1) at (1479, 236)
    the lowest listed price is 206,915, from the row and 3 more
    market 206,915, typing 206,914, 1 under the market
    net sales 41,382,800 is 200 x 206,914
  typed 250; the net sales make it 200

  list 200 at 206,914
    #         ms   share  step
    1     2437.3   20.3%  read the panel before loading
    2       44.5    0.4%  wait for slot (1,1) to fill
    3      912.4    7.6%  ctrl-click (1,1) attempt 1
    4      735.9    6.1%  read the suggested price
    5     1551.0   12.9%  type the price 206,914
    6     1016.7    8.5%  type the quantity 250
    7     1088.4    9.1%  take the quantity from the net sales
    8      427.4    3.6%  click Register
    9      341.4    2.8%  find Confirmation
   10       57.5    0.5%  look for the underprice question
   11      434.9    3.6%  click Confirmation
   12      251.5    2.1%  park
   13      572.0    4.8%  confirm the dialog is gone
   14     2147.1   17.9%  wait for the panel to let the item go
         12018.3  100.0%  TOTAL
  listed 200 at 206,914; it lands in row 11
DONE {"kind": "relist", "row": 11, "lands_in": 11, "qty": 200, "price": 206914}
    relisted 200 at 206,914 in row 11
  row 12 has SOLD (partly); collecting
    collected; 20 left to relist
  row 12: 'Force Core(High' x20 at 206,922 -> tab 4 slot (1, 1)
    floor 194,074 (194,074 x 1) from Force Core Set (High); listed at 206,922, above it
TASK {"kind": "relist", "row": 12, "item": "Force Core(High", "qty": 20, "price": 206922, "tab": 4, "slot": [1, 1], "lands_in": 12}
  inventory slot (1,1) at (1479, 236)
    the lowest listed price is 206,914, from the row and 3 more
    market 206,914, typing 206,913, 1 under the market
    net sales 4,138,260 is 20 x 206,913
  typed 250; the net sales make it 20

  list 20 at 206,913
    #         ms   share  step
    1     2249.3   18.6%  read the panel before loading
    2       55.6    0.5%  wait for slot (1,1) to fill
    3      958.5    7.9%  ctrl-click (1,1) attempt 1
    4      884.4    7.3%  read the suggested price
    5     1546.5   12.8%  type the price 206,913
    6     1031.1    8.5%  type the quantity 250
    7     1241.9   10.3%  take the quantity from the net sales
    8      426.0    3.5%  click Register
    9      349.5    2.9%  find Confirmation
   10       48.2    0.4%  look for the underprice question
   11      429.8    3.6%  click Confirmation
   12      251.9    2.1%  park
   13      482.4    4.0%  confirm the dialog is gone
   14     2143.5   17.7%  wait for the panel to let the item go
         12098.8  100.0%  TOTAL
  listed 20 at 206,913; it lands in row 12
DONE {"kind": "relist", "row": 12, "lands_in": 12, "qty": 20, "price": 206913}
    relisted 20 at 206,913 in row 12
  row 13 has SOLD (partly); collecting
    collected; 6 left to relist
  row 13: 'Force Core(High' x6 at 206,921 -> tab 4 slot (1, 1)
    floor 194,074 (194,074 x 1) from Force Core Set (High); listed at 206,921, above it
TASK {"kind": "relist", "row": 13, "item": "Force Core(High", "qty": 6, "price": 206921, "tab": 4, "slot": [1, 1], "lands_in": 13}
  inventory slot (1,1) at (1479, 236)
    the lowest listed price is 206,913, from the row and 3 more
    market 206,913, typing 206,912, 1 under the market
    net sales 1,241,472 is 6 x 206,912
  typed 250; the net sales make it 6

  list 6 at 206,912
    #         ms   share  step
    1     2280.4   19.1%  read the panel before loading
    2       84.3    0.7%  wait for slot (1,1) to fill
    3      928.4    7.8%  ctrl-click (1,1) attempt 1
    4      833.2    7.0%  read the suggested price
    5     1553.7   13.0%  type the price 206,912
    6     1054.9    8.8%  type the quantity 250
    7     1010.8    8.5%  take the quantity from the net sales
    8      420.7    3.5%  click Register
    9      330.4    2.8%  find Confirmation
   10       56.0    0.5%  look for the underprice question
   11      412.2    3.5%  click Confirmation
   12      251.4    2.1%  park
   13      439.7    3.7%  confirm the dialog is gone
   14     2278.8   19.1%  wait for the panel to let the item go
         11935.0  100.0%  TOTAL
  listed 6 at 206,912; it lands in row 13
DONE {"kind": "relist", "row": 13, "lands_in": 13, "qty": 6, "price": 206912}
    relisted 6 at 206,912 in row 13
  row 14: 'Upgrade Core (Ultimate' x240 at 539,564 -> tab 4 slot (1, 1)
    floor 440,300 (440,300 x 1) from what it cost; listed at 539,564, above it
TASK {"kind": "relist", "row": 14, "item": "Upgrade Core (Ultimate", "qty": 240, "price": 539564, "tab": 4, "slot": [1, 1], "lands_in": 14}
  inventory slot (1,1) at (1479, 236)
    2 of 2 witnesses put it near 478,371, and none of them carries the asking price
  the server is not answering; idling 60s rather than reading a screen it cannot serve
  the server is answering again after 60s
  the server stalled; closing the shop rather than trusting what is on screen
restoring the default state:
  no Trade window or vendor open; not pressing Escape
  I: Inventory closed
  the server stalled for 60s; nothing was clicked and the shop is shut. The pass starts again.

WAR LAG: a war has just ended (server 10:33:46). Going to the default state and waiting 1.2 min, until server 10:34:59.
restoring the default state:
  no Trade window or vendor open; not pressing Escape
  Inventory already closed
WAR LAG: done waiting; resuming.

-- pass 8 --
  the Agent Shop is not open before pass 8; every row would read the world behind it. Reopening.
  the Agent Shop is shut and the vendor is not open either; reopening it
  Inventory shut: slot grid 0.02, needs 0.33

  resupply order: Yekaterina VIP Membership, Chaos Core, Force Core(High), Force Core(Highest), Upgrade Core (Ultimate), Force Core (Ultimate), Force Gem Package, Epic Booster (Highest), Siena's Unbinding Stone, Blessing Bead - Superior

  Yekaterina VIP Membership: 1 row(s) inside 1-30, 1 wanted; row 2 'Yekaterina VIP Membership'
    floor 112,333,333: 300/1000 of the 374,444,444 voucher, read at launch

-- Chaos Core Set under our listing: up to 3 row(s) --
  no Chaos Core Set of ours on the board, so there is no listing of ours to buy under; not buying

  counting only rows 1-30; rows outside it are not repriced and do not count; 17 row(s) free
  core                            rows     buy/u    sell/u    margin  wants   short?
  Force Core(Highest)                2   200,000   203,217     3,217      0   
  Chaos Core                         0   716,293   729,583    13,290      6   YES
  Force Core (Ultimate)              1   396,980   399,843     2,863      0   
  Force Core(High)                   3         -         -         -      -   holds the most it can want, 3; not priced
  Upgrade Core (Ultimate)            2   440,299   539,000    98,701      3   YES
  Alz 1,082,830,278 held covers 1,511 Chaos Core at 716,293; buying what it covers

-- Chaos Core: 0 row(s) --
  17 row(s) free inside 1-30
  Chaos Core Set 729,583 - Chaos Core 716,293 = 13,290
  a margin of 13,290 is worth 6 row(s) of Chaos Core; 0 held
  buy_min 150 rolled to 137 (+/-15); buying 138 in whole batches of 3
  1 stays behind on every row bought; each order prices the favourite afresh, then wheels down past the rows already down to their last 1, up to 30 step(s)
TASK {"kind": "resupply", "core": "Chaos Core", "set": "Chaos Core Set", "slot": 3, "tab": 4}
  0/138 Chaos Core held
  row 1 offers 'Chaos Core' x242 at 716,293 (716,293/unit)
    row 1 leaves 13,290 a core against the 5,000 wanted
    balance before 1,082,830,278
    row 1 holds 242, 1 stays behind, so at most 241 comes off it
    dialog: '¢ Chaos Core'  qty 1 of 104  price 716293
    the dialog allows at most 104 of the row's 242
    the dialog caps the order at 104, which is the Alz limit; taking 102 so that with 0 held the cores make whole batches of 3
    138 core(s) wanted, 1 to a pack -> 138 pack(s); 104 available, taking 102
    ordering 102 pack(s) at 73,061,886; the spend will confirm what actually bought

  buy from favourite slot 3: REFUSED
    #         ms   share  step
    1        0.3    0.0%  get_price: focus the game
    2      261.2    1.4%  get_price: _trade_window_open (OCR 1300x190)
    3      300.4    1.6%  get_price: purchase_tab_showing
    4      312.9    1.7%  get_price: read row 1 before the search
    5      383.4    2.1%  get_price: click favourite slot 3
    6      272.7    1.5%  get_price: confirm the sort
    7      917.1    4.9%  get_price: poll row 1 until it answers (2 read(s))
    8     2525.2   13.6%  get_price: search the favourite and read row 1
    9      268.2    1.4%  read the balance before buying
   10      494.2    2.7%  click the row at (500, 258)
   11      371.1    2.0%  click Buy at (828, 258)
   12      303.7    1.6%  await the Purchase dialog
   13     1028.6    5.5%  read the dialog (item, price, qty, qty_max)
   14     1523.5    8.2%  click the quantity field and type 102
   15      261.5    1.4%  find the Buy button
   16      393.5    2.1%  click Buy
   17      251.2    1.3%  park
   18      224.8    1.2%  confirm the dialog is gone
   19     8244.3   44.3%  read the balance after buying
   20      273.4    1.5%  read the balance once more before calling it unbought
         18611.3  100.0%  TOTAL
  attempt 1/3: the balance never moved from 1,082,830,278, on two reads, so nothing was bought: row 1 went while the order was being placed. Trying the board again.
  row 1 offers 'Chaos Core' x250 at 716,293 (716,293/unit)
    row 1 leaves 13,290 a core against the 5,000 wanted
    balance before 1,082,830,278
    row 1 holds 250, 1 stays behind, so at most 249 comes off it
    dialog: '¢ Chaos Core'  qty 1 of 104  price 716293
    the dialog allows at most 104 of the row's 250
    the dialog caps the order at 104, which is the Alz limit; taking 102 so that with 0 held the cores make whole batches of 3
    138 core(s) wanted, 1 to a pack -> 138 pack(s); 104 available, taking 102
    ordering 102 pack(s) at 73,061,886; the spend will confirm what actually bought
    balance after  1,009,768,392; spent 73,061,886 bought 102 pack(s) = 102 core(s) (716,293 a core)

  buy from favourite slot 3: bought 102 core(s) in 102 order(s)
    #         ms   share  step
    1        0.2    0.0%  get_price: focus the game
    2      281.3    2.7%  get_price: _trade_window_open (OCR 1300x190)
    3      324.1    3.1%  get_price: purchase_tab_showing
    4      289.3    2.8%  get_price: read row 1 before the search
    5      390.9    3.8%  get_price: click favourite slot 3
    6      243.4    2.4%  get_price: confirm the sort
    7      828.8    8.0%  get_price: poll row 1 until it answers (2 read(s))
    8     2447.5   23.7%  get_price: search the favourite and read row 1
    9      252.8    2.5%  read the balance before buying
   10      479.2    4.6%  click the row at (500, 258)
   11      387.0    3.8%  click Buy at (828, 258)
   12      269.2    2.6%  await the Purchase dialog
   13      850.6    8.2%  read the dialog (item, price, qty, qty_max)
   14     1517.8   14.7%  click the quantity field and type 102
   15      225.7    2.2%  find the Buy button
   16      399.4    3.9%  click Buy
   17      252.3    2.4%  park
   18      187.9    1.8%  confirm the dialog is gone
   19      691.4    6.7%  read the balance after buying
         10319.0  100.0%  TOTAL
  102/138 Chaos Core held
  row 1 offers 'Chaos Core' x130 at 716,293 (716,293/unit)
    row 1 leaves 13,290 a core against the 5,000 wanted
    balance before 1,009,768,392
    row 1 holds 130, 1 stays behind, so at most 129 comes off it
    dialog: '¢ Chaos Core'  qty 1 of 2  price 716293
    the dialog allows at most 2 of the row's 130
    the dialog caps the order at 2, which is the Alz limit; taking 0 so that with 102 held the cores make whole batches of 3

  buy from favourite slot 3: REFUSED
    #         ms   share  step
    1        0.5    0.0%  get_price: focus the game
    2      260.3    3.6%  get_price: _trade_window_open (OCR 1300x190)
    3      292.8    4.0%  get_price: purchase_tab_showing
    4      290.3    4.0%  get_price: read row 1 before the search
    5      401.0    5.5%  get_price: click favourite slot 3
    6      319.1    4.4%  get_price: confirm the sort
    7      943.1   13.0%  get_price: poll row 1 until it answers (2 read(s))
    8     2497.4   34.5%  get_price: search the favourite and read row 1
    9      321.9    4.4%  read the balance before buying
   10      431.4    6.0%  click the row at (500, 258)
   11      419.2    5.8%  click Buy at (828, 258)
   12      289.8    4.0%  await the Purchase dialog
   13      775.9   10.7%  read the dialog (item, price, qty, qty_max)
          7242.8  100.0%  TOTAL
  stopping: the dialog allows 2 and with 102 held that does not complete a batch of 3. Cancelled without buying.
  Inventory shut; pressing I (attempt 1)
  right-clicking the craft key on tab 6 slot (1, 8) at (1871, 236) (attempt 1/3)
  opening the 2000-2999 tier at [90, 209]
  choosing Chaos Core Set x3 at [146, 268]
  102 Chaos Core(s) bought this pass, 3 to a craft
  Request All at [263, 730]
  waiting 15s for 102 core(s) (5s per 50, rounded up)
  Complete All at [872, 729]
  the Sets land from tab 4 slot (1, 2), the first the run holds nothing in
  compressing tab 4 slot (1, 2) at (1535, 236)
  102 Chaos Core(s) went into the queue

  craft from 102 Chaos Core(s)
    #         ms   share  step
    1     3002.4   12.2%  open the craft window
    2     2801.2   11.4%  select the recipe
    3      420.8    1.7%  Request All
    4    15001.6   61.0%  wait for the queue
    5     1012.3    4.1%  select inventory tab 4 before completing
    6      899.3    3.7%  Complete All
    7     1451.8    5.9%  compress the crafted Sets
         24589.4  100.0%  TOTAL
  the Agent Shop is shut and the vendor is not open either; reopening it
  listing the Chaos Core Set compressed into (1, 2) from 102 Chaos Core(s)
  the board's cheapest is 729,583 a Set, and the panel scales that to whatever the bundle holds
  it cost 716,293 a Core, so no Set goes out under that
  inventory slot (1,2) at (1535, 236)
    the lowest listed price is 538,000, from the row and 2 more
  the panel prices the bundle at 538,000, 1 x 729,583; the floor is 716,293
    market 537,999 is under the 716,293 floor (a Chaos Core cost 716,293 this pass, a Set at a time); listing at the floor
    market 538,000, typing 716,293, 178,293 over the market
    net sales 171,910,320 is 240 x 716,293
  typed 250; the net sales make it 240

  list 240 at 716,293
    #         ms   share  step
    1     1872.0   16.1%  read the panel before loading
    2      942.5    8.1%  ctrl-click (1,2) attempt 1
    3      877.3    7.5%  read the suggested price
    4     1568.1   13.5%  type the price 716,293
    5     1017.6    8.7%  type the quantity 250
    6     1010.2    8.7%  take the quantity from the net sales
    7      402.5    3.5%  click Register
    8      324.2    2.8%  find Confirmation
    9       59.4    0.5%  look for the underprice question
   10      433.0    3.7%  click Confirmation
   11      251.5    2.2%  park
   12      659.4    5.7%  confirm the dialog is gone
   13     2220.8   19.1%  wait for the panel to let the item go
         11638.6  100.0%  TOTAL
  listed 240 at 716,293; it lands in row 14
DONE {"kind": "resupply", "core": "Chaos Core", "bought": 102, "listed": 240, "rows": [14]}

  resupply Chaos Core: bought 102, 102 into the craft, listed 240 in rows [14]
    #          ms   share     n      each  phase
    1    25,192.5   30.0%     1  25,192.5  craft Chaos Core into Chaos Core Set
    2    24,150.2   28.8%     2  12,075.1  buy order 1
    3    11,649.6   13.9%     1  11,649.6  list Chaos Core Set from (1, 2)
    4     6,832.9    8.1%     1   6,832.9  buy order 2
    5     4,445.8    5.3%     1   4,445.8  reopen the Agent Shop
    6     3,039.7    3.6%     1   3,039.7  price Upgrade Core (Ultimate)
    7     2,666.4    3.2%     1   2,666.4  price Upgrade Core Set (Ultimate)
    8     2,554.4    3.0%     1   2,554.4  select the Register tab
    9     1,209.8    1.4%     1   1,209.8  close the Agent Shop
   10     1,195.6    1.4%     1   1,195.6  close the craft window
   11       970.5    1.2%     1     970.5  select inventory tab 4
         83,907.5  100.0%
  Chaos Core: 1 of 6 row(s) after that one
  Alz 1,009,768,392 held covers 1,409 Chaos Core at 716,293; buying what it covers

-- Chaos Core: 1 row(s) --
  16 row(s) free inside 1-30
  Chaos Core Set 729,583 - Chaos Core 716,293 = 13,290
  a margin of 13,290 is worth 6 row(s) of Chaos Core; 1 held
  buy_min 150 rolled to 157 (+/-15); buying 159 in whole batches of 3
  1 stays behind on every row bought; each order prices the favourite afresh, then wheels down past the rows already down to their last 1, up to 30 step(s)
TASK {"kind": "resupply", "core": "Chaos Core", "set": "Chaos Core Set", "slot": 3, "tab": 4}
  0/159 Chaos Core held
  row 1 offers 'Chaos Core' x130 at 716,293 (716,293/unit)
    row 1 leaves 13,290 a core against the 5,000 wanted
    balance before 1,009,768,392
    row 1 holds 130, 1 stays behind, so at most 129 comes off it
    dialog: '¢ Chaos Core'  qty 1 of 130  price 716293
    159 core(s) wanted, 1 to a pack -> 159 pack(s); 130 available, taking 129
    ordering 129 pack(s) at 92,401,797; the spend will confirm what actually bought
    balance after  917,366,595; spent 92,401,797 bought 129 pack(s) = 129 core(s) (716,293 a core)

  buy from favourite slot 3: bought 129 core(s) in 129 order(s)
    #         ms   share  step
    1        0.8    0.0%  get_price: focus the game
    2      306.1    2.6%  get_price: _trade_window_open (OCR 1300x190)
    3      351.9    2.9%  get_price: purchase_tab_showing
    4      587.8    4.9%  get_price: read row 1 before the search
    5      448.3    3.7%  get_price: click favourite slot 3
    6      252.5    2.1%  get_price: confirm the sort
    7     1128.0    9.4%  get_price: poll row 1 until it answers (2 read(s))
    8     3184.9   26.6%  get_price: search the favourite and read row 1
    9      263.5    2.2%  read the balance before buying
   10      502.1    4.2%  click the row at (500, 258)
   11      368.5    3.1%  click Buy at (828, 258)
   12      308.6    2.6%  await the Purchase dialog
   13      959.8    8.0%  read the dialog (item, price, qty, qty_max)
   14     1470.2   12.3%  click the quantity field and type 129
   15      278.4    2.3%  find the Buy button
   16      430.5    3.6%  click Buy
   17      251.3    2.1%  park
   18      185.7    1.6%  confirm the dialog is gone
   19      702.8    5.9%  read the balance after buying
         11981.6  100.0%  TOTAL
  129/159 Chaos Core held
  row 1 offers 'Chaos Core' x1 at 716,293 (716,293/unit)

  buy from favourite slot 3: REFUSED
    #         ms   share  step
    1        1.0    0.0%  get_price: focus the game
    2      317.3    3.7%  get_price: _trade_window_open (OCR 1300x190)
    3      430.9    5.0%  get_price: purchase_tab_showing
    4      638.4    7.5%  get_price: read row 1 before the search
    5      433.6    5.1%  get_price: click favourite slot 3
    6      299.6    3.5%  get_price: confirm the sort
    7     2073.7   24.3%  get_price: poll row 1 until it answers (3 read(s))
    8     4346.3   50.9%  get_price: search the favourite and read row 1
          8540.8  100.0%  TOTAL
  row 1 holds 1 and 1 stays behind, so there is nothing spare to take here.
  wheeled 1 notch(es) down the offers, from row 2 at (500, 312)
  row 1 offers 'Chaos Core' x148 at 716,293 (716,293/unit)
    row 1 leaves 13,290 a core against the 5,000 wanted
    balance before 917,366,595
    row 1 holds 148, 1 stays behind, so at most 147 comes off it
    dialog: '¢ Chaos Core'  qty 1 of 148  price 716293
    30 core(s) wanted, 1 to a pack -> 30 pack(s); 148 available, taking 30
    ordering 30 pack(s) at 21,488,790; the spend will confirm what actually bought
    balance after  895,877,805; spent 21,488,790 bought 30 pack(s) = 30 core(s) (716,293 a core)

  buy from favourite slot 3: bought 30 core(s) in 30 order(s)
    #         ms   share  step
    1        0.2    0.0%  get_price: focus the game
    2      282.8    3.7%  get_price: _trade_window_open (OCR 1300x190)
    3      353.7    4.6%  get_price: purchase_tab_showing
    4      672.4    8.8%  get_price: read row 1 where it stands
    5     1309.2   17.1%  get_price: search the favourite and read row 1
    6      271.4    3.6%  read the balance before buying
    7      493.8    6.5%  click the row at (500, 258)
    8      380.5    5.0%  click Buy at (828, 258)
    9      270.1    3.5%  await the Purchase dialog
   10      833.7   10.9%  read the dialog (item, price, qty, qty_max)
   11     1429.5   18.7%  click the quantity field and type 30
   12      226.7    3.0%  find the Buy button
   13      376.6    4.9%  click Buy
   14      251.4    3.3%  park
   15      204.6    2.7%  confirm the dialog is gone
   16      283.7    3.7%  read the balance after buying
          7640.3  100.0%  TOTAL
  Inventory shut; pressing I (attempt 1)
  right-clicking the craft key on tab 6 slot (1, 8) at (1871, 236) (attempt 1/3)
  opening the 2000-2999 tier at [90, 209]
  choosing Chaos Core Set x3 at [146, 268]
  159 Chaos Core(s) bought this pass, 3 to a craft
  Request All at [263, 730]
  waiting 20s for 159 core(s) (5s per 50, rounded up)
  Complete All at [872, 729]
  the Sets land from tab 4 slot (1, 2), the first the run holds nothing in
  compressing tab 4 slot (1, 2) at (1535, 236)
  159 Chaos Core(s) went into the queue

  craft from 159 Chaos Core(s)
    #         ms   share  step
    1     3155.5   10.5%  open the craft window
    2     2943.0    9.8%  select the recipe
    3      403.1    1.3%  Request All
    4    20001.2   66.8%  wait for the queue
    5     1041.3    3.5%  select inventory tab 4 before completing
    6      919.8    3.1%  Complete All
    7     1466.4    4.9%  compress the crafted Sets
         29930.3  100.0%  TOTAL
  the Agent Shop is shut and the vendor is not open either; reopening it
  Inventory shut: slot grid 0.02, needs 0.33
  listing the Chaos Core Set compressed into (1, 2) from 159 Chaos Core(s)
  the board's cheapest is 729,583 a Set, and the panel scales that to whatever the bundle holds
  it cost 716,293 a Core, so no Set goes out under that
  inventory slot (1,2) at (1535, 236)
    the lowest listed price is 190,421,163, from the row and 2 more
  the panel prices the bundle at 190,421,163, 261 x 729,583; the floor is 186,952,473
    market 190,421,163, typing 190,421,162, 1 under the market
    net sales 190,421,162 is 1 x 190,421,162
  typed 250; the net sales make it 1

  list 1 at 190,421,162
    #         ms   share  step
    1     1718.0   14.6%  read the panel before loading
    2      927.8    7.9%  ctrl-click (1,2) attempt 1
    3     1001.6    8.5%  read the suggested price
    4     1777.7   15.1%  type the price 190,421,162
    5     1005.5    8.6%  type the quantity 250
    6     1224.9   10.4%  take the quantity from the net sales
    7      438.7    3.7%  click Register
    8      368.2    3.1%  find Confirmation
    9       49.6    0.4%  look for the underprice question
   10      432.5    3.7%  click Confirmation
   11      251.6    2.1%  park
   12      598.4    5.1%  confirm the dialog is gone
   13     1952.4   16.6%  wait for the panel to let the item go
         11746.9  100.0%  TOTAL
  listed 1 at 190,421,162; it lands in row 15
DONE {"kind": "resupply", "core": "Chaos Core", "bought": 159, "listed": 1, "rows": [15]}

  resupply Chaos Core: bought 159, 159 into the craft, listed 1 in rows [15]
    #          ms   share     n      each  phase
    1    30,532.9   38.3%     1  30,532.9  craft Chaos Core into Chaos Core Set
    2    11,760.6   14.8%     1  11,760.6  list Chaos Core Set from (1, 2)
    3     8,919.5   11.2%     1   8,919.5  buy order 1
    4     6,344.0    8.0%     1   6,344.0  buy order 3
    5     4,668.9    5.9%     1   4,668.9  reopen the Agent Shop
    6     4,349.0    5.5%     1   4,349.0  buy order 2
    7     3,986.5    5.0%     1   3,986.5  price Chaos Core
    8     2,975.1    3.7%     1   2,975.1  price Chaos Core Set
    9     2,594.0    3.3%     1   2,594.0  select the Register tab
   10     1,230.4    1.5%     1   1,230.4  close the Agent Shop
   11     1,003.3    1.3%     1   1,003.3  select inventory tab 4
   12       933.6    1.2%     1     933.6  close the craft window
   13       375.2    0.5%     1     375.2  step down to the next offer (1)
         79,673.0  100.0%
  Chaos Core: 2 of 6 row(s) after that one
  Alz 895,877,805 held covers 1,250 Chaos Core at 716,293; buying what it covers

-- Chaos Core: 2 row(s) --
  15 row(s) free inside 1-30
  Chaos Core Set 729,582 - Chaos Core 699,999 = 29,583
  a margin of 29,583 is worth 6 row(s) of Chaos Core; 2 held
  buy_min 150 rolled to 163 (+/-15); buying 165 in whole batches of 3
  1 stays behind on every row bought; each order prices the favourite afresh, then wheels down past the rows already down to their last 1, up to 30 step(s)
TASK {"kind": "resupply", "core": "Chaos Core", "set": "Chaos Core Set", "slot": 3, "tab": 4}
  0/165 Chaos Core held
  row 1 offers 'Chaos Core' x118 at 716,293 (716,293/unit)
    row 1 leaves 13,289 a core against the 5,000 wanted
    balance before 895,877,805
    row 1 holds 118, 1 stays behind, so at most 117 comes off it
    dialog: '¢ Chaos Core'  qty 1 of 118  price 716293
    165 core(s) wanted, 1 to a pack -> 165 pack(s); 118 available, taking 117
    ordering 117 pack(s) at 83,806,281; the spend will confirm what actually bought
    balance after  812,071,524; spent 83,806,281 bought 117 pack(s) = 117 core(s) (716,293 a core)

  buy from favourite slot 3: bought 117 core(s) in 117 order(s)
    #         ms   share  step
    1        0.6    0.0%  get_price: focus the game
    2      310.9    2.6%  get_price: _trade_window_open (OCR 1300x190)
    3      347.5    2.9%  get_price: purchase_tab_showing
    4      484.4    4.0%  get_price: read row 1 before the search
    5      457.6    3.8%  get_price: click favourite slot 3
    6      279.8    2.3%  get_price: confirm the sort
    7     1124.2    9.4%  get_price: poll row 1 until it answers (2 read(s))
    8     3065.1   25.5%  get_price: search the favourite and read row 1
    9      254.8    2.1%  read the balance before buying
   10      473.7    3.9%  click the row at (500, 258)
   11      415.2    3.5%  click Buy at (828, 258)
   12      307.2    2.6%  await the Purchase dialog
   13      874.1    7.3%  read the dialog (item, price, qty, qty_max)
   14     1502.5   12.5%  click the quantity field and type 117
   15      307.4    2.6%  find the Buy button
   16      410.7    3.4%  click Buy
   17      251.5    2.1%  park
   18      242.1    2.0%  confirm the dialog is gone
   19      903.9    7.5%  read the balance after buying
         12013.1  100.0%  TOTAL
  117/165 Chaos Core held
  row 1 offers 'Chaos Core' x1 at 716,293 (716,293/unit)

  buy from favourite slot 3: REFUSED
    #         ms   share  step
    1        0.5    0.0%  get_price: focus the game
    2      297.7    3.7%  get_price: _trade_window_open (OCR 1300x190)
    3      389.7    4.8%  get_price: purchase_tab_showing
    4      617.0    7.7%  get_price: read row 1 before the search
    5      409.0    5.1%  get_price: click favourite slot 3
    6      245.7    3.1%  get_price: confirm the sort
    7     1981.4   24.6%  get_price: poll row 1 until it answers (3 read(s))
    8     4104.5   51.0%  get_price: search the favourite and read row 1
          8045.5  100.0%  TOTAL
  row 1 holds 1 and 1 stays behind, so there is nothing spare to take here.
  wheeled 1 notch(es) down the offers, from row 2 at (500, 312)
  row 1 offers 'Chaos Core' x38 at 716,293 (716,293/unit)
    row 1 leaves 13,289 a core against the 5,000 wanted
    balance before 812,071,524
    row 1 holds 38, 1 stays behind, so at most 37 comes off it
    dialog: '¢ Chaos Core'  qty 1 of 38  price 716293
    48 core(s) wanted, 1 to a pack -> 48 pack(s); 38 available, taking 37
    ordering 37 pack(s) at 26,502,841; the spend will confirm what actually bought
    balance after  785,568,683; spent 26,502,841 bought 37 pack(s) = 37 core(s) (716,293 a core)

  buy from favourite slot 3: bought 37 core(s) in 37 order(s)
    #         ms   share  step
    1        0.5    0.0%  get_price: focus the game
    2      285.5    3.6%  get_price: _trade_window_open (OCR 1300x190)
    3      329.7    4.2%  get_price: purchase_tab_showing
    4      620.6    7.9%  get_price: read row 1 where it stands
    5     1236.5   15.7%  get_price: search the favourite and read row 1
    6      300.2    3.8%  read the balance before buying
    7      435.3    5.5%  click the row at (500, 258)
    8      417.9    5.3%  click Buy at (828, 258)
    9      345.4    4.4%  await the Purchase dialog
   10      915.8   11.6%  read the dialog (item, price, qty, qty_max)
   11     1406.7   17.9%  click the quantity field and type 37
   12      257.3    3.3%  find the Buy button
   13      451.8    5.7%  click Buy
   14      251.6    3.2%  park
   15      271.9    3.5%  confirm the dialog is gone
   16      339.3    4.3%  read the balance after buying
          7866.1  100.0%  TOTAL
  154/165 Chaos Core held
  row 1 offers 'Chaos Core' x1 at 716,293 (716,293/unit)

  buy from favourite slot 3: REFUSED
    #         ms   share  step
    1        0.9    0.0%  get_price: focus the game
    2      439.9    4.6%  get_price: _trade_window_open (OCR 1300x190)
    3      467.2    4.9%  get_price: purchase_tab_showing
    4      670.8    7.0%  get_price: read row 1 before the search
    5      415.9    4.4%  get_price: click favourite slot 3
    6      314.2    3.3%  get_price: confirm the sort
    7     2376.6   25.0%  get_price: poll row 1 until it answers (3 read(s))
    8     4834.0   50.8%  get_price: search the favourite and read row 1
          9519.4  100.0%  TOTAL
  row 1 holds 1 and 1 stays behind, so there is nothing spare to take here.
  wheeled 1 notch(es) down the offers, from row 2 at (500, 312)
  row 1 offers 'Chaos Core' x1 at 716,293 (716,293/unit)

  buy from favourite slot 3: REFUSED
    #         ms   share  step
    1        0.6    0.0%  get_price: focus the game
    2      292.8   10.1%  get_price: _trade_window_open (OCR 1300x190)
    3      353.5   12.2%  get_price: purchase_tab_showing
    4      806.8   27.7%  get_price: read row 1 where it stands
    5     1453.8   50.0%  get_price: search the favourite and read row 1
          2907.5  100.0%  TOTAL
  row 1 holds 1 and 1 stays behind, so there is nothing spare to take here.
  wheeled 1 notch(es) down the offers, from row 2 at (500, 312)
  row 1 offers 'Chaos Core' x115 at 716,293 (716,293/unit)
    row 1 leaves 13,289 a core against the 5,000 wanted
    balance before 785,568,683
    row 1 holds 115, 1 stays behind, so at most 114 comes off it
    dialog: '¢ Chaos Core'  qty 1 of 115  price 716293
    11 core(s) wanted, 1 to a pack -> 11 pack(s); 115 available, taking 11
    ordering 11 pack(s) at 7,879,223; the spend will confirm what actually bought
    balance after  777,689,460; spent 7,879,223 bought 11 pack(s) = 11 core(s) (716,293 a core)

  buy from favourite slot 3: bought 11 core(s) in 11 order(s)
    #         ms   share  step
    1        0.5    0.0%  get_price: focus the game
    2      251.5    3.1%  get_price: _trade_window_open (OCR 1300x190)
    3      345.9    4.3%  get_price: purchase_tab_showing
    4      684.2    8.4%  get_price: read row 1 where it stands
    5     1282.2   15.8%  get_price: search the favourite and read row 1
    6      294.8    3.6%  read the balance before buying
    7      491.1    6.0%  click the row at (500, 258)
    8      400.7    4.9%  click Buy at (828, 258)
    9      329.0    4.1%  await the Purchase dialog
   10     1091.5   13.4%  read the dialog (item, price, qty, qty_max)
   11     1424.0   17.5%  click the quantity field and type 11
   12      273.0    3.4%  find the Buy button
   13      399.8    4.9%  click Buy
   14      251.7    3.1%  park
   15      265.9    3.3%  confirm the dialog is gone
   16      336.1    4.1%  read the balance after buying
          8121.9  100.0%  TOTAL
  Inventory shut; pressing I (attempt 1)
  right-clicking the craft key on tab 6 slot (1, 8) at (1871, 236) (attempt 1/3)
  opening the 2000-2999 tier at [90, 209]
  choosing Chaos Core Set x3 at [146, 268]
  165 Chaos Core(s) bought this pass, 3 to a craft
  Request All at [263, 730]
  waiting 20s for 165 core(s) (5s per 50, rounded up)
  Complete All at [872, 729]
  the Sets land from tab 4 slot (1, 2), the first the run holds nothing in
  compressing tab 4 slot (1, 2) at (1535, 236)
  165 Chaos Core(s) went into the queue

  craft from 165 Chaos Core(s)
    #         ms   share  step
    1     3164.4   10.6%  open the craft window
    2     2929.9    9.8%  select the recipe
    3      476.5    1.6%  Request All
    4    20001.4   66.8%  wait for the queue
    5     1032.4    3.4%  select inventory tab 4 before completing
    6      900.2    3.0%  Complete All
    7     1428.6    4.8%  compress the crafted Sets
         29933.4  100.0%  TOTAL
  the Agent Shop is shut and the vendor is not open either; reopening it
  Inventory shut: slot grid 0.02, needs 0.33
  listing the Chaos Core Set compressed into (1, 2) from 165 Chaos Core(s)
  the board's cheapest is 729,582 a Set, and the panel scales that to whatever the bundle holds
  it cost 716,293 a Core, so no Set goes out under that
  inventory slot (1,2) at (1535, 236)
    the lowest listed price is 120,380,205, from the row and 2 more
  the panel prices the bundle at 120,380,205, 165 x 729,582; the floor is 118,188,345
    market 120,380,205, typing 120,380,204, 1 under the market
    net sales 120,380,204 is 1 x 120,380,204
  typed 250; the net sales make it 1

  list 1 at 120,380,204
    #         ms   share  step
    1     1983.0   16.1%  read the panel before loading
    2      950.2    7.7%  ctrl-click (1,2) attempt 1
    3     1277.6   10.3%  read the suggested price
    4     1782.9   14.4%  type the price 120,380,204
    5     1012.7    8.2%  type the quantity 250
    6     1065.1    8.6%  take the quantity from the net sales
    7      417.6    3.4%  click Register
    8      350.4    2.8%  find Confirmation
    9       54.8    0.4%  look for the underprice question
   10      404.1    3.3%  click Confirmation
   11      251.9    2.0%  park
   12      561.3    4.5%  confirm the dialog is gone
   13     2238.4   18.1%  wait for the panel to let the item go
         12349.9  100.0%  TOTAL
  listed 1 at 120,380,204; it lands in row 16
DONE {"kind": "resupply", "core": "Chaos Core", "bought": 165, "listed": 1, "rows": [16]}

  resupply Chaos Core: bought 165, 165 into the craft, listed 1 in rows [16]
    #          ms   share     n      each  phase
    1    30,536.2   32.3%     1  30,536.2  craft Chaos Core into Chaos Core Set
    2    12,360.6   13.1%     1  12,360.6  list Chaos Core Set from (1, 2)
    3     9,022.4    9.5%     1   9,022.4  buy order 1
    4     6,853.0    7.2%     1   6,853.0  buy order 6
    5     6,645.3    7.0%     1   6,645.3  buy order 3
    6     4,836.4    5.1%     1   4,836.4  buy order 4
    7     4,469.9    4.7%     1   4,469.9  reopen the Agent Shop
    8     4,291.9    4.5%     1   4,291.9  price Chaos Core
    9     4,106.4    4.3%     1   4,106.4  buy order 2
   10     3,123.7    3.3%     1   3,123.7  price Chaos Core Set
   11     2,562.2    2.7%     1   2,562.2  select the Register tab
   12     1,455.6    1.5%     1   1,455.6  buy order 5
   13     1,325.8    1.4%     1   1,325.8  close the Agent Shop
   14     1,050.7    1.1%     1   1,050.7  select inventory tab 4
   15       918.0    1.0%     1     918.0  close the craft window
   16       744.3    0.8%     2     372.1  step down to the next offer (1)
   17       374.3    0.4%     1     374.3  step down to the next offer (2)
         94,676.7  100.0%
  Chaos Core: 3 of 6 row(s) after that one
  Alz 777,689,460 held covers 1,085 Chaos Core at 716,293; buying what it covers

-- Chaos Core: 3 row(s) --
  14 row(s) free inside 1-30
  Chaos Core Set 729,577 - Chaos Core 716,293 = 13,284
  a margin of 13,284 is worth 6 row(s) of Chaos Core; 3 held
  buy_min 150 rolled to 161 (+/-15); buying 162 in whole batches of 3
  1 stays behind on every row bought; each order prices the favourite afresh, then wheels down past the rows already down to their last 1, up to 30 step(s)
TASK {"kind": "resupply", "core": "Chaos Core", "set": "Chaos Core Set", "slot": 3, "tab": 4}
  0/162 Chaos Core held
  row 1 offers 'Chaos Core' x250 at 716,293 (716,293/unit)
    row 1 leaves 13,284 a core against the 5,000 wanted
    balance before 777,689,460
    row 1 holds 250, 1 stays behind, so at most 249 comes off it
    dialog: '¢ Chaos Core'  qty 1 of 250  price 716293
    162 core(s) wanted, 1 to a pack -> 162 pack(s); 250 available, taking 162
    ordering 162 pack(s) at 116,039,466; the spend will confirm what actually bought

  buy from favourite slot 3: REFUSED
    #         ms   share  step
    1        1.0    0.0%  get_price: focus the game
    2      340.3    1.6%  get_price: _trade_window_open (OCR 1300x190)
    3      457.8    2.2%  get_price: purchase_tab_showing
    4      759.5    3.6%  get_price: read row 1 before the search
    5      463.0    2.2%  get_price: click favourite slot 3
    6      300.0    1.4%  get_price: confirm the sort
    7     1223.6    5.8%  get_price: poll row 1 until it answers (2 read(s))
    8     3747.3   17.7%  get_price: search the favourite and read row 1
    9      310.1    1.5%  read the balance before buying
   10      428.2    2.0%  click the row at (500, 258)
   11      398.6    1.9%  click Buy at (828, 258)
   12      369.8    1.7%  await the Purchase dialog
   13     1184.8    5.6%  read the dialog (item, price, qty, qty_max)
   14     1497.2    7.1%  click the quantity field and type 162
   15      326.1    1.5%  find the Buy button
   16      421.0    2.0%  click Buy
   17      251.4    1.2%  park
   18      278.0    1.3%  confirm the dialog is gone
   19     8070.7   38.1%  read the balance after buying
   20      333.4    1.6%  read the balance once more before calling it unbought
         21161.5  100.0%  TOTAL
  attempt 1/3: the balance never moved from 777,689,460, on two reads, so nothing was bought: row 1 went while the order was being placed. Trying the board again.
  row 1 offers 'Chaos Core' x173 at 716,293 (716,293/unit)
    row 1 leaves 13,284 a core against the 5,000 wanted
    balance before 777,689,460
    row 1 holds 173, 1 stays behind, so at most 172 comes off it
    dialog: '¢ Chaos Core'  qty 1 of 173  price 716293
    162 core(s) wanted, 1 to a pack -> 162 pack(s); 173 available, taking 162
    ordering 162 pack(s) at 116,039,466; the spend will confirm what actually bought
    balance after  661,649,994; spent 116,039,466 bought 162 pack(s) = 162 core(s) (716,293 a core)

  buy from favourite slot 3: bought 162 core(s) in 162 order(s)
    #         ms   share  step
    1        1.0    0.0%  get_price: focus the game
    2      340.5    2.8%  get_price: _trade_window_open (OCR 1300x190)
    3      372.8    3.0%  get_price: purchase_tab_showing
    4      337.4    2.8%  get_price: read row 1 before the search
    5      468.4    3.8%  get_price: click favourite slot 3
    6      313.1    2.6%  get_price: confirm the sort
    7     1035.3    8.5%  get_price: poll row 1 until it answers (2 read(s))
    8     2910.6   23.8%  get_price: search the favourite and read row 1
    9      322.7    2.6%  read the balance before buying
   10      492.4    4.0%  click the row at (500, 258)
   11      441.0    3.6%  click Buy at (828, 258)
   12      430.6    3.5%  await the Purchase dialog
   13     1211.1    9.9%  read the dialog (item, price, qty, qty_max)
   14     1504.5   12.3%  click the quantity field and type 162
   15      276.7    2.3%  find the Buy button
   16      430.6    3.5%  click Buy
   17      253.2    2.1%  park
   18      192.7    1.6%  confirm the dialog is gone
   19      908.4    7.4%  read the balance after buying
         12242.8  100.0%  TOTAL
  Inventory shut; pressing I (attempt 1)
  right-clicking the craft key on tab 6 slot (1, 8) at (1871, 236) (attempt 1/3)
  opening the 2000-2999 tier at [90, 209]
  choosing Chaos Core Set x3 at [146, 268]
  162 Chaos Core(s) bought this pass, 3 to a craft
  Request All at [263, 730]
  waiting 20s for 162 core(s) (5s per 50, rounded up)
  Complete All at [872, 729]
  the Sets land from tab 4 slot (1, 2), the first the run holds nothing in
  compressing tab 4 slot (1, 2) at (1535, 236)
  162 Chaos Core(s) went into the queue

  craft from 162 Chaos Core(s)
    #         ms   share  step
    1     3152.8   10.5%  open the craft window
    2     2957.8    9.9%  select the recipe
    3      407.0    1.4%  Request All
    4    20001.2   66.7%  wait for the queue
    5     1022.9    3.4%  select inventory tab 4 before completing
    6      973.4    3.2%  Complete All
    7     1470.7    4.9%  compress the crafted Sets
         29986.0  100.0%  TOTAL
  the Agent Shop is shut and the vendor is not open either; reopening it
  Inventory shut: slot grid 0.02, needs 0.33
  listing the Chaos Core Set compressed into (1, 2) from 162 Chaos Core(s)
  the board's cheapest is 729,577 a Set, and the panel scales that to whatever the bundle holds
  it cost 716,293 a Core, so no Set goes out under that
  inventory slot (1,2) at (1535, 236)
    the lowest listed price is 118,190,988, from the row and 2 more
  the panel prices the bundle at 118,190,988, 162 x 729,577; the floor is 116,039,466
    market 118,190,988, typing 118,190,987, 1 under the market
    net sales 118,190,987 is 1 x 118,190,987
  typed 250; the net sales make it 1

  list 1 at 118,190,987
    #         ms   share  step
    1     1979.6   17.5%  read the panel before loading
    2      912.9    8.1%  ctrl-click (1,2) attempt 1
    3      831.3    7.4%  read the suggested price
    4     1814.9   16.1%  type the price 118,190,987
    5     1036.5    9.2%  type the quantity 250
    6      899.4    8.0%  take the quantity from the net sales
    7      388.2    3.4%  click Register
    8      321.9    2.8%  find Confirmation
    9       50.7    0.4%  look for the underprice question
   10      419.5    3.7%  click Confirmation
   11      251.8    2.2%  park
   12      444.7    3.9%  confirm the dialog is gone
   13     1945.1   17.2%  wait for the panel to let the item go
         11296.6  100.0%  TOTAL
  listed 1 at 118,190,987; it lands in row 17
DONE {"kind": "resupply", "core": "Chaos Core", "bought": 162, "listed": 1, "rows": [17]}

  resupply Chaos Core: bought 162, 162 into the craft, listed 1 in rows [17]
    #          ms   share     n      each  phase
    1    30,589.2   35.3%     1  30,589.2  craft Chaos Core into Chaos Core Set
    2    27,013.2   31.1%     2  13,506.6  buy order 1
    3    11,310.0   13.0%     1  11,310.0  list Chaos Core Set from (1, 2)
    4     4,916.4    5.7%     1   4,916.4  reopen the Agent Shop
    5     3,924.4    4.5%     1   3,924.4  price Chaos Core
    6     3,118.3    3.6%     1   3,118.3  price Chaos Core Set
    7     2,646.5    3.1%     1   2,646.5  select the Register tab
    8     1,298.5    1.5%     1   1,298.5  close the Agent Shop
    9       998.4    1.2%     1     998.4  select inventory tab 4
   10       932.5    1.1%     1     932.5  close the craft window
         86,747.3  100.0%
  Chaos Core: 4 of 6 row(s) after that one
  Alz 661,649,994 held covers 923 Chaos Core at 716,293; buying what it covers

-- Chaos Core: 4 row(s) --
  13 row(s) free inside 1-30
  Chaos Core Set 729,573 - Chaos Core 716,293 = 13,280
  a margin of 13,280 is worth 6 row(s) of Chaos Core; 4 held
  buy_min 150 rolled to 160 (+/-15); buying 162 in whole batches of 3
  1 stays behind on every row bought; each order prices the favourite afresh, then wheels down past the rows already down to their last 1, up to 30 step(s)
TASK {"kind": "resupply", "core": "Chaos Core", "set": "Chaos Core Set", "slot": 3, "tab": 4}
  0/162 Chaos Core held
  row 1 offers 'Chaos Core' x11 at 716,293 (716,293/unit)
    row 1 leaves 13,280 a core against the 5,000 wanted
    balance before 661,649,994
    row 1 holds 11, 1 stays behind, so at most 10 comes off it
    dialog: '¢ Chaos Core'  qty 1 of 11  price 716293
    162 core(s) wanted, 1 to a pack -> 162 pack(s); 11 available, taking 10
    ordering 10 pack(s) at 7,162,930; the spend will confirm what actually bought
    balance after  654,487,064; spent 7,162,930 bought 10 pack(s) = 10 core(s) (716,293 a core)

  buy from favourite slot 3: bought 10 core(s) in 10 order(s)
    #         ms   share  step
    1        0.8    0.0%  get_price: focus the game
    2      375.9    3.1%  get_price: _trade_window_open (OCR 1300x190)
    3      412.1    3.4%  get_price: purchase_tab_showing
    4      552.2    4.5%  get_price: read row 1 before the search
    5      443.7    3.6%  get_price: click favourite slot 3
    6      276.4    2.3%  get_price: confirm the sort
    7     1121.2    9.2%  get_price: poll row 1 until it answers (2 read(s))
    8     3319.1   27.2%  get_price: search the favourite and read row 1
    9      265.8    2.2%  read the balance before buying
   10      426.0    3.5%  click the row at (500, 258)
   11      403.5    3.3%  click Buy at (828, 258)
   12      321.2    2.6%  await the Purchase dialog
   13     1370.3   11.2%  read the dialog (item, price, qty, qty_max)
   14     1447.1   11.9%  click the quantity field and type 10
   15      296.4    2.4%  find the Buy button
   16      397.0    3.3%  click Buy
   17      251.3    2.1%  park
   18      245.1    2.0%  confirm the dialog is gone
   19      277.4    2.3%  read the balance after buying
         12202.5  100.0%  TOTAL
  10/162 Chaos Core held
  row 1 offers 'Chaos Core' x1 at 716,293 (716,293/unit)

  buy from favourite slot 3: REFUSED
    #         ms   share  step
    1        0.6    0.0%  get_price: focus the game
    2      308.7    3.4%  get_price: _trade_window_open (OCR 1300x190)
    3      459.1    5.1%  get_price: purchase_tab_showing
    4      902.6   10.0%  get_price: read row 1 before the search
    5      457.5    5.1%  get_price: click favourite slot 3
    6      326.8    3.6%  get_price: confirm the sort
    7     1941.7   21.5%  get_price: poll row 1 until it answers (2 read(s))
    8     4620.9   51.2%  get_price: search the favourite and read row 1
          9018.0  100.0%  TOTAL
  row 1 holds 1 and 1 stays behind, so there is nothing spare to take here.
  wheeled 1 notch(es) down the offers, from row 2 at (500, 312)
  row 1 offers 'Chaos Core' x250 at 716,293 (716,293/unit)
    row 1 leaves 13,280 a core against the 5,000 wanted
    balance before 654,487,064
    row 1 holds 250, 1 stays behind, so at most 249 comes off it
  the server is not answering; idling 60s rather than reading a screen it cannot serve
  the server is answering again after 60s
  the server stalled; closing the shop rather than trusting what is on screen
restoring the default state:
  no Trade window or vendor open; not pressing Escape
  I: Inventory closed

  buy from favourite slot 3: REFUSED
    #         ms   share  step
    1        0.5    0.0%  get_price: focus the game
    2      316.9    0.5%  get_price: _trade_window_open (OCR 1300x190)
    3      357.6    0.6%  get_price: purchase_tab_showing
    4      605.1    0.9%  get_price: read row 1 where it stands
    5     1280.2    2.0%  get_price: search the favourite and read row 1
    6      271.0    0.4%  read the balance before buying
    7    62156.5   95.6%  click the row at (500, 258)
         64987.7  100.0%  TOTAL
  Chaos Core keeps its place at buy; the next pass carries on there
  the Agent Shop is shut and the vendor is not open either; reopening it
  Inventory shut: slot grid 0.02, needs 0.33
  the server stalled for 60s; nothing was clicked and the shop is shut. The pass starts again.

-- pass 9 --

-- Chaos Core: carrying on at buy where it stopped; 10 bought, 0 listed --
TASK {"kind": "resupply", "core": "Chaos Core", "set": "Chaos Core Set", "slot": 3, "tab": 4, "resumed": "buy"}
  10/162 Chaos Core held
  row 1 offers 'Chaos Core' x1 at 716,293 (716,293/unit)

  buy from favourite slot 3: REFUSED
    #         ms   share  step
    1        0.7    0.0%  get_price: focus the game
    2      337.6    3.8%  get_price: _trade_window_open (OCR 1300x190)
    3      660.3    7.4%  get_price: purchase_tab_showing
    4     1520.6   17.0%  get_price: click the Purchase tab + settle
    5       70.5    0.8%  get_price: read row 1 before the search
    6      426.6    4.8%  get_price: click favourite slot 3
    7      355.5    4.0%  get_price: confirm the sort
    8     1082.0   12.1%  get_price: poll row 1 until it answers (2 read(s))
    9     4502.9   50.3%  get_price: search the favourite and read row 1
          8956.6  100.0%  TOTAL
  row 1 holds 1 and 1 stays behind, so there is nothing spare to take here.
  wheeled 1 notch(es) down the offers, from row 2 at (500, 312)
  row 1 offers 'Chaos Core' x250 at 716,293 (716,293/unit)
    row 1 leaves 13,280 a core against the 5,000 wanted
    balance before 654,487,064
    row 1 holds 250, 1 stays behind, so at most 249 comes off it
    dialog: '¢ Chaos Core'  qty 1 of 250  price 716293
    152 core(s) wanted, 1 to a pack -> 152 pack(s); 250 available, taking 152
    ordering 152 pack(s) at 108,876,536; the spend will confirm what actually bought
    balance after  545,610,528; spent 108,876,536 bought 152 pack(s) = 152 core(s) (716,293 a core)

  buy from favourite slot 3: bought 152 core(s) in 152 order(s)
    #         ms   share  step
    1        0.6    0.0%  get_price: focus the game
    2      352.4    3.8%  get_price: _trade_window_open (OCR 1300x190)
    3      388.0    4.2%  get_price: purchase_tab_showing
    4      774.1    8.4%  get_price: read row 1 where it stands
    5     1515.3   16.4%  get_price: search the favourite and read row 1
    6      325.5    3.5%  read the balance before buying
    7      447.9    4.8%  click the row at (500, 258)
    8      399.8    4.3%  click Buy at (828, 258)
    9      324.3    3.5%  await the Purchase dialog
   10     1095.7   11.9%  read the dialog (item, price, qty, qty_max)
   11     1556.1   16.8%  click the quantity field and type 152
   12      284.5    3.1%  find the Buy button
   13      405.7    4.4%  click Buy
   14      251.8    2.7%  park
   15      228.1    2.5%  confirm the dialog is gone
   16      893.9    9.7%  read the balance after buying
          9243.7  100.0%  TOTAL
  Inventory shut; pressing I (attempt 1)
  right-clicking the craft key on tab 6 slot (1, 8) at (1871, 236) (attempt 1/3)
  opening the 2000-2999 tier at [90, 209]
  choosing Chaos Core Set x3 at [146, 268]
  162 Chaos Core(s) bought this pass, 3 to a craft
  Request All at [263, 730]
  waiting 20s for 162 core(s) (5s per 50, rounded up)
  Complete All at [872, 729]
  the Sets land from tab 4 slot (1, 2), the first the run holds nothing in
  compressing tab 4 slot (1, 2) at (1535, 236)
  162 Chaos Core(s) went into the queue

  craft from 162 Chaos Core(s)
    #         ms   share  step
    1     3178.8   10.6%  open the craft window
    2     3054.3   10.2%  select the recipe
    3      444.5    1.5%  Request All
    4    20001.2   66.5%  wait for the queue
    5      999.5    3.3%  select inventory tab 4 before completing
    6      939.6    3.1%  Complete All
    7     1461.7    4.9%  compress the crafted Sets
         30079.6  100.0%  TOTAL
  the Agent Shop is shut and the vendor is not open either; reopening it
  Inventory shut: slot grid 0.02, needs 0.33
  the server is not answering; idling 60s rather than reading a screen it cannot serve
  the server is answering again after 60s
  the server stalled; closing the shop rather than trusting what is on screen
restoring the default state:
  no Trade window or vendor open; not pressing Escape
  I: Inventory closed
  Chaos Core keeps its place at list; the next pass carries on there
  the Agent Shop is shut and the vendor is not open either; reopening it
  Inventory shut: slot grid 0.02, needs 0.33
Traceback (most recent call last):
  File "C:\Users\tl456\Desktop\cabal_trade\src_1080p\driver.py", line 2794, in resupply_pass
    out = route(model, _PENDING["slot"], 0, first, last,
                verbose=verbose)
  File "C:\Users\tl456\Desktop\cabal_trade\src_1080p\driver.py", line 1744, in resupply_chaos
    out = finish_craft_resupply(model, job, first, last, verbose=verbose)
  File "C:\Users\tl456\Desktop\cabal_trade\src_1080p\driver.py", line 1715, in finish_craft_resupply
    full = list_sets(model, job, first, last, verbose=verbose)
  File "C:\Users\tl456\Desktop\cabal_trade\src_1080p\driver.py", line 1656, in list_sets
    register_tab(verbose=verbose)
    ~~~~~~~~~~~~^^^^^^^^^^^^^^^^^
  File "C:\Users\tl456\Desktop\cabal_trade\src_1080p\driver.py", line 255, in register_tab
    calibration.click(*calibration.load()["shop"]["register_tab"])
    ~~~~~~~~~~~~~~~~~^^^^^^^^^^^^^^^^^^^^^^^^^^^^^^^^^^^^^^^^^^^^^
  File "C:\Users\tl456\Desktop\cabal_trade\src_1080p\calibration.py", line 935, in click
    hold_if_busy()
    ~~~~~~~~~~~~^^
  File "C:\Users\tl456\Desktop\cabal_trade\src_1080p\calibration.py", line 2352, in hold_if_busy
    raise ServerStalled(
        f"the server stalled for {waited:.0f}s; nothing was clicked and "
        f"the shop is shut. The pass starts again.")
calibration.ServerStalled: the server stalled for 60s; nothing was clicked and the shop is shut. The pass starts again.

During handling of the above exception, another exception occurred:

Traceback (most recent call last):
  File "C:\Users\tl456\Desktop\cabal_trade\src_1080p\driver.py", line 2959, in main
    _dispatch(args)
    ~~~~~~~~~^^^^^^
  File "C:\Users\tl456\Desktop\cabal_trade\src_1080p\driver.py", line 2994, in _dispatch
    do_relist()
    ~~~~~~~~~^^
  File "C:\Users\tl456\Desktop\cabal_trade\src_1080p\driver.py", line 772, in do_relist
    resupply_pass(model, first, last, verbose=verbose)
    ~~~~~~~~~~~~~^^^^^^^^^^^^^^^^^^^^^^^^^^^^^^^^^^^^^
  File "C:\Users\tl456\Desktop\cabal_trade\src_1080p\driver.py", line 2828, in resupply_pass
    raise NotReady("the Agent Shop is not open after resupplying.")
NotReady: the Agent Shop is not open after resupplying.

PROFIT THIS RUN -- what this run bought: sold lots at what they made, unsold lots at the price they were bought against
  item                              profit   units  margin        revenue           cost
  Upgrade Core (Ultimate         6,455,397      65   18.4%     35,074,897     28,619,500
  ------------------------------------------------------------------------------------
  SOLD                           6,455,397      65   18.4%     35,074,897     28,619,500
  bought this run and still unsold, taken as sold at the price each lot was bought against:
    chaoscore                        750 core(s)     537,219,750 Alz paid    +9,964,743
    upgradecoreultimate              175 core(s)      77,052,500 Alz paid   +17,378,025
  ------------------------------------------------------------------------------------
  RUN CLOSED                    33,798,165   (6,455,397 realised, +27,342,768 assumed)
  started 02:43:03, ended 03:45:20, ran for 1h 2m 17s

##################################################################################

  ########  ########      ######      ########  ##      ##  ##########  ########  
  ########  ########      ######      ########  ##      ##  ##########  ########  
##          ##      ##  ##      ##  ##          ##      ##  ##          ##      ##
##          ##      ##  ##      ##  ##          ##      ##  ##          ##      ##
##          ##      ##  ##      ##  ##          ##      ##  ##          ##      ##
##          ##      ##  ##      ##  ##          ##      ##  ##          ##      ##
##          ########    ##########    ######    ##########  ########    ##      ##
##          ########    ##########    ######    ##########  ########    ##      ##
##          ##  ##      ##      ##          ##  ##      ##  ##          ##      ##
##          ##  ##      ##      ##          ##  ##      ##  ##          ##      ##
##          ##    ##    ##      ##          ##  ##      ##  ##          ##      ##
##          ##    ##    ##      ##          ##  ##      ##  ##          ##      ##
  ########  ##      ##  ##      ##  ########    ##      ##  ##########  ########  
  ########  ##      ##  ##      ##  ########    ##      ##  ##########  ########  

##################################################################################
  crashed: NotReady: the Agent Shop is not open after resupplying.

