2026-09-28_233747  C:\Users\Trung\Cabal\src_1080p\driver.py --config trung
  logging to C:\Users\Trung\Cabal\src_1080p\logs\2026-09-28_233747_run.log
  code d0ad626
  screen 1920x1080
  ledger C:\Users\Trung\Cabal\src_1080p\sales.db run 2026-09-28T23:37:47
  debug frames -> C:\Users\Trung\Cabal\src_1080p\debug_frames\2026-09-28_233747_run, indexed in frames.jsonl; earlier runs' frames are kept until the 5,000-frame budget needs the room
  press Ctrl 4 times within 1.5s to stop, from the game or anywhere else
  measuring this screen before touching anything
inventory:
  Inventory shut; pressing I (attempt 1)
  Alz box (1789, 688, 1860, 700)   anchor (1860, 688)
  grid fitted in (1221, 23, 1920, 661): pitch 56.0x56.1 against a shared 73.3x73.4, slot (1,1) at 1475,236, scores 63 and 52
  tab I [1454, 181]  tab VIII [1826, 181]
  slot (1,1) [1475, 236]  (1,7) [1811, 236]  (8,8) [1867, 629]
gift box:
  the gift box at [284, 994]
  Receive at [[1214, 327], [1214, 425], [1214, 523], [1214, 621]]; each collection presses only Receive All and the special giftbox's Receive, at the points measured here
  Receive All at [1209, 786]
  the special giftbox's Receive at [1438, 492]
  Close at [1483, 846]
cash shop:
  the Cash Shop icon at [348, 994]
  the Cash balance box [1134, 826, 1230, 848] reads 300
  the gem box [930, 826, 1060, 848] reads 41
  Useable at [844, 168]
    'Blessing Bead - Superior' is where it was measured, 0 notch(es) down the Useable tab
  Blessing Bead - Superior at 350 Cash; Purchase at [739, 520]
  41 gem(s) held and Blessing Bead - Superior costs 350; the game opens no confirmation for that, so it is not measured this launch
    'Force Gem Package' is where it was measured, 0 notch(es) down the Useable tab
  Force Gem Package at 500 Cash; Purchase at [739, 750]
  300 Cash held and Force Gem Package costs 500; the game opens no confirmation for that, so it is not measured this launch
    'Arionell' is where it was measured, 10 notch(es) down the Useable tab
  Arionell at 750 Cash; Purchase at [739, 750]
  300 Cash held and Arionell costs 750; the game opens no confirmation for that, so it is not measured this launch
  Escape to close the Cash Shop (attempt 1)
  the Inventory closed with the Cash Shop; opening it again
  Inventory shut; pressing I (attempt 1)
opening the Agent Shop:
  tab 6 at [1719, 181]
  right-clicking slot (1,7) at [1811, 236]
agent shop:
  Register (288, 80)
  Purchase [96, 80]  (mirrored about the boundary at x=192)
  favourites: 10 found, pitch 42.00px, first [480, 755] last [858, 755]
  favourite row set on an even 42px grid from 480: [480, 522, 564, 606, 648, 690, 732, 774, 816, 858]
purchase tab:
  switching to the Purchase tab at (96, 80)
  sort reads 'IC y Price:Low to »Eal' -> region [622, 134, 752, 166]
  running favourite 1 at (480, 755) to fill the table (attempt 1/20)
  offers arrived after 0.1s
  the header read ['Name', 'QTY', 'Price', '¥'], with nothing for the Function column; its Buy buttons are at x=828, which is the column itself, so taking the right edge from there
  row content [232, 231, 870, 285] -> 'Force Core(Highest) 1 207,944 Buy'
    name      [232, 231, 554, 285]  -> 'Force Core(Highest)'
    qty       [574, 231, 624, 285]  -> '1'
    price     [631, 231, 782, 285]  -> '207,944'
    function  [782, 231, 874, 285]  -> 'Buy'
  Buy column x=828, 8 row(s), pitch 54px
  row 1 centre y=258, box [192, 231, 922, 285]
register table:
  Register columns {'name': [212, 522], 'qty': [530, 575], 'price': [584, 712], 'status': [721, 779], 'button': [788, 870]}, each from 27 above to 22 below its row's centre
  button column (786, 144, 884, 722)
  Register table: 10 row(s), pitch 58px, row 1 y=175, row 10 y=698
  table_x [192, 880], scroll point [230, 233]
  Refresh at [833, 752]
market prices:
  Force Core(Highest)              207,944
  Force Core Set (Highest)         210,000
  Chaos Core                       717,558
  Chaos Core Set                   733,936
  Force Core (Ultimate)            379,818
  Force Core Set (Ultimate)        355,544
  Force Core(High)                 170,000
  Force Core Set (High)            174,190
  Upgrade Core (Ultimate)          457,588
  Upgrade Core Set (Ultimate)      445,066
voucher:
  a Gold voucher costs 374,444,444
register panel:
  price field [32, 408, 154, 436] (click [112, 425])
  quantity box [37, 472, 188, 500] (click [59, 486])
  2 suggested price row(s) at y [358, 384]
  net sales box [37, 574, 154, 602]
  Register button at [131, 754]
actions:
  scrolled to the top, so position 1 is row 1
  row 1 has SOLD: 'Divine Stone 11 706,515 On Sale Receive'
  Receive at (830, 175)
  Confirm Receipt at (968, 655)
  collected; row 1 now reads 'Divine Stone 11 706,515 OnSale Change'
  tab 4 slot (1,1) is the first free one; a withdrawal lands there
  row 1 is 'Divine Stone 11 706,515 OnSale Change'
  Change at (830, 175)
  Cancel at (1101, 634)
  Confirmation at (968, 634)
  row 1 now reads ''
  back to inventory tab 4 at (1613, 181); the withdrawal moves the panel to whichever tab it landed on
  listing it back from tab 4 slot (1, 1) at (1475, 236)
  the loaded item shows at (104, 219) in the Register Item box
  panel suggests 706,516; listing at 706,515, the price row 1 was withdrawn at
  typed 250; the net sales make it 11
  listed 11 at 706,515; it lands in the lowest empty row
  learned button_cancel, button_confirmation, button_receive, button_register, item_point
actions at position 10:
  scrolled to the top, so position 10 is row 10
  tab 4 slot (1,1) is the first free one; a withdrawal lands there
  row 10 is 'Chaos Core Set X 252 1 184,952,123 On Sale Change'
  Change at (830, 698)
  Cancel at (1101, 634)
  Confirmation at (968, 634)
  row 10 now reads 'Premium Exclusive Slot Register'
  back to inventory tab 4 at (1613, 181); the withdrawal moves the panel to whichever tab it landed on
  listing it back from tab 4 slot (1, 1) at (1475, 236)
  the loaded item shows at (102, 220) in the Register Item box
  panel suggests 184,950,864; listing at 184,952,123, the price row 10 was withdrawn at
  typed 250; the net sales make it 1
  listed 1 at 184,952,123; it lands in the lowest empty row
  learned button_cancel, button_confirmation, button_register, item_point
conversion vendor:
  pressing N to open the vendor Shop (attempt 1)
  Dungeon tab at (143, 158)
  grid band (163, 770, 413, 946): 5 column(s) at [187, 235, 283, 328, 377], 4 row(s) at [792, 839, 874, 934]
    Force Core(Low)              <- Force Core Set (Low)           r2c1 at (187, 839)
    Force Core(Medium)           <- Force Core Set (Medium)        r2c2 at (235, 839)
    Force Core(High)             <- Force Core Set (High)          r2c3 at (283, 839)
    Force Core(Highest)          <- Force Core Set (Highest)       r2c4 at (328, 839)
    Force Core (Ultimate)        <- Force Core Set (Ultimate)      r2c5 at (377, 839)
    Upgrade Core(Low)            <- Upgrade Core Set (Low)         r4c1 at (187, 934)
    Upgrade Core(Medium)         <- Upgrade Core Set (Medium)      r4c2 at (235, 934)
    Upgrade Core(High)           <- Upgrade Core Set (High)        r4c3 at (283, 934)
    Upgrade Core(Highest)        <- Upgrade Core Set (Highest)     r4c4 at (328, 934)
    Upgrade Core (Ultimate)      <- Upgrade Core Set (Ultimate)    r4c5 at (377, 934)
craft window:
  Inventory shut; pressing I (attempt 1)
  right-clicking the craft key on tab 6 slot (1, 8) at (1867, 236)
  recipe Chaos Core Set x3 at [146, 268]
  tier 2000-2999 at [90, 209]
  Request All at [263, 730]
  Complete All at [872, 729]
  material counter [420, 448, 750, 522]

wrote C:\Users\Trung\Cabal\src_1080p\calibration.json  [1920x1080]
  resolutions in the file: ['1920x1080', '2560x1440']
  kept 2 value(s) this pass does not measure in shop: buy_button_buy, buy_button_cancel
  kept 16 value(s) this pass does not measure in cashshop: cancel, ok, purchase_armoraccountbindsealstone, purchase_armoraccountbindunsealstone, purchase_epicboosterhighest, purchase_sienasunbindingstone, purchase_yekaterinavipmembership, scroll_arionell, scroll_armoraccountbindsealstone, scroll_armoraccountbindunsealstone, scroll_blessingbeadsuperior, scroll_epicboosterhighest, scroll_forcegempackage, scroll_sienasunbindingstone, scroll_yekaterinavipmembership, window
reopening the Agent Shop the caller was promised:
  Inventory shut; pressing I (attempt 1)
  the Agent Shop is open again
  calibrated for 1920x1080, measured 2026-09-28T23:39:18, shop open
  server clock 08:39 (+59s for the unshown seconds)
  server 08:39:59; the next war quiet runs 10:32:00 to 10:34:59, in 112.0 min
  scrolled to the top; row 1 is at position 1
                                                   bought/u   listed/u  margin      row price
     1  Divine Stone                       x11            -    706,515       -        706,515
     2  Arionell                           x1    280,833,333 312,185,712  +10.0%    312,185,712
     3  Force Gem Package                  x1    187,222,222 191,999,999   +2.5%    191,999,999
     4  Chaos Core Set X 200               x1             -    733,942       -    146,788,599
     5  Chaos Core Set X 200               x1             -    733,941       -    146,788,399
     6  Chaos Core Set X 252               x1             -    733,940       -    184,953,131
     7  Chaos Core Set X 200               x1             -    733,939       -    146,787,999
     8  Chaos Core Set X 48                x1             -    733,938       -     35,229,071
     9  Chaos Core Set X 348               x1             -    733,937       -    255,410,423
    10  Chaos Core Set X 252               x1             -    733,936       -    184,952,123
    11  Force Core (Ultimate               x8             -    379,822       -        379,822
    12  Upgrade Core (Ultimate             x22            -    457,596       -        457,596
    13  Force Core (Ultimate               x83            -    379,821       -        379,821
    14  Upgrade Core (Ultimate             x34            -    457,595       -        457,595
    15  Upgrade Core (Ultimate             x10            -    457,594       -        457,594
    16  Force Core (Ultimate               x73            -    379,819       -        379,819
    26  Chaos Core Set X 399               x1             -    734,028       -    292,877,570
    the quantity column read 'Honor', which holds no digits, so it is the end of the name and not a count; reading the row as 'Potion of Honor' and letting the panel count what is there
    27  Potion of Honor                    x2             -  7,250,000       -      7,250,000
    the quantity column read 'Saver', which holds no digits, so it is the end of the name and not a count; reading the row as 'Wexp Saver' and letting the panel count what is there
    the quantity column read 'Saver', which holds no digits, so it is the end of the name and not a count; reading the row as 'Wexp Saver' and letting the panel count what is there
    the quantity column read 'Saver', which holds no digits, so it is the end of the name and not a count; reading the row as 'Wexp Saver' and letting the panel count what is there
    the quantity column read 'Saver', which holds no digits, so it is the end of the name and not a count; reading the row as 'Wexp Saver' and letting the panel count what is there
    the quantity column read 'Saver', which holds no digits, so it is the end of the name and not a count; reading the row as 'Wexp Saver' and letting the panel count what is there
    the quantity column read 'Saver', which holds no digits, so it is the end of the name and not a count; reading the row as 'Wexp Saver' and letting the panel count what is there
    28  UNREAD '1 63,966,662 On Sale Change'
    29  Chaos Core Set X 999               x1             -    734,033       -    733,299,964
    30  UNREAD '1 181,130,890 On Sale Change'
  scrolled to the top; row 1 is at position 1
  seeded 19 of rows 1-30
relisting rows 1-25 for 10000 minute(s)

-- pass 1 --

  resupply order: Chaos Core, Force Core(High), Force Core(Highest), Upgrade Core (Ultimate), Force Core (Ultimate), Blessing Bead - Superior, Arionell

  counting only rows 1-25; rows outside it are not repriced and do not count; 9 row(s) free
  core                            rows     buy/u    sell/u    margin  wants   short?
  Force Core(Highest)                0   210,000   207,943    -2,057      0   
  Chaos Core                         7         -         -         -      -   holds the most it can want, 6; not priced
  Force Core (Ultimate)              3         -         -         -      -   holds the most it can want, 3; not priced
  Force Core(High)                   0   167,223   170,000     2,777      0   
  Upgrade Core (Ultimate)            3         -         -         -      -   holds the most it can want, 3; not priced

  nothing inside rows 1-25 holds fewer rows than its margin is worth.

  Blessing Bead - Superior: 0 row(s) inside 1-25, 1 wanted; none
    floor 163,632,222: 437/1000 of the 374,444,444 voucher, read at launch

-- Blessing Bead - Superior: 0 row(s) --
  9 row(s) free inside 1-25; buying 1 at the Cash Shop, one at a time
TASK {"kind": "resupply", "core": "Blessing Bead - Superior", "tab": 4}
  Inventory shut; pressing I (attempt 1)
  tab 4 holds 0 slot(s) and is showing, so the Blessing Bead - Superior lands there
  the Cash Shop icon at [348, 994]
  Useable at [844, 168]
    'Blessing Bead - Superior' is where it was measured, 0 notch(es) down the Useable tab
  'Blessing Bead - Superior' at 350 Cash; Purchase at [739, 520]
  the Cash balance box [1134, 826, 1230, 848] reads 300
  the gem box [930, 826, 1060, 848] reads 41
  Blessing Bead - Superior costs 350 gem(s) from a Force Gem Package; 41 held
  41 is under the 350 it costs; buying a Force Gem Package and using it first, so the row goes out in one purchase
  Escape to close the Cash Shop (attempt 1)
  Inventory shut; pressing I (attempt 1)
  tab 4 holds 0 slot(s) and is showing, so the Force Gem Package lands there
  the Cash Shop icon at [348, 994]
  Useable at [844, 168]
    'Force Gem Package' is where it was measured, 0 notch(es) down the Useable tab
  'Force Gem Package' at 500 Cash; Purchase at [739, 750]
  the Cash balance box [1134, 826, 1230, 848] reads 300
  a Force Gem Package costs 500 Cash; 300 Cash held
  300 Cash is under the 500 a Force Gem Package costs; buying a Gold voucher and using it first
  Escape to close the Cash Shop (attempt 1)
  the Agent Shop is shut and the vendor is not open either; reopening it
  Inventory shut: slot grid 0.10, needs 0.33
  Alz 102,565,597 held; even 1 Gold voucher at 374,444,444 needs 374,444,444; not buying.
  resupply of 'Blessing Bead - Superior' stopped: the Alz on hand does not cover a Gold voucher at about 374,444,444; no Cash can be made for Blessing Bead - Superior.

  Arionell: 1 row(s) inside 1-25, 1 wanted; row 2 'Arionell'
    floor 280,833,333: 750/1000 of the 374,444,444 voucher, read at launch
  tab 4 read from the screen in 1531 ms: 0 slot(s) held
  row 1: 'Divine Stone' x11 at 706,515 -> tab 4 slot (1, 1)
    no floor for 'Divine Stone'
TASK {"kind": "relist", "row": 1, "item": "Divine Stone", "qty": 11, "price": 706515, "tab": 4, "slot": [1, 1], "lands_in": 1}

  cancel row 1
    #         ms   share  step
    1      322.2    5.8%  click Refresh
    2        0.0    0.0%  scroll to the row
    3        0.0    0.0%  read the button of a row the run holds empty
    4      266.2    4.8%  read the row and its button
    5      519.2    9.3%  finish selecting inventory tab 4
    6     1531.4   27.6%  check tab 4 before the withdrawal
    7      368.4    6.6%  work out the row, its floor and where it lands
    8       16.8    0.3%  check the shop slot is empty
    9        0.0    0.0%  scroll to the row again
   10        0.0    0.0%  check the row is the one the run listed
   11      791.6   14.2%  hover over Change and click it
   12       85.8    1.5%  find Cancel
   13      218.5    3.9%  click Cancel
   14       91.0    1.6%  find Confirmation
   15      217.1    3.9%  click Confirmation and park
   16      216.1    3.9%  wait for the dialog to close
   17       38.4    0.7%  wait for the item to land in tab 4
   18      872.8   15.7%  select inventory tab 4 after the withdrawal
          5555.4  100.0%  TOTAL
  inventory slot (1,1) at (1475, 236)
    read: current min 706,515, price field 706,515, net sales 706,515, week average 706,521, listed at 706,515
    the lowest listed price is 706,515, from the row and 3 more
    market 706,515, typing 706,514, 1 under the market
    net sales 7,771,654 is 11 x 706,514
  typed 250; the net sales make it 11
    the panel holds 706,514 against the 706,514 typed
  tab 4 read in 16 ms after the listing: 0 slot(s) held

  list 11 at 706,514
    #         ms   share  step
    1       24.2    0.5%  read the panel before loading
    2        0.1    0.0%  wait for slot (1,1) to fill
    3      791.5   16.7%  ctrl-click (1,1) attempt 1
    4      388.1    8.2%  read the suggested price
    5     1439.3   30.4%  type the price 706,514
    6      909.1   19.2%  type the quantity 250
    7      284.9    6.0%  take the quantity from the net sales
    8       89.5    1.9%  read the price back before Register
    9      221.6    4.7%  click Register
   10       88.4    1.9%  find Confirmation
   11       16.0    0.3%  look for the underprice question
   12      199.9    4.2%  click Confirmation
   13        0.5    0.0%  park
   14       96.6    2.0%  confirm the dialog is gone
   15      174.6    3.7%  wait for the panel to let the item go
   16       16.3    0.3%  read tab 4 after the listing
          4740.6  100.0%  TOTAL
  listed 11 at 706,514; it lands in row 1
DONE {"kind": "relist", "row": 1, "lands_in": 1, "qty": 11, "price": 706514, "item": "Divine Stone"}
    relisted 11 at 706,514 in row 1
  tab 4 known from the last listing: 0 slot(s) held
  row 2: 'Arionell' x1 at 312,185,712 -> tab 4 slot (1, 1)
    floor 280,833,333 from what it cost; listed at 312,185,712, above it
TASK {"kind": "relist", "row": 2, "item": "Arionell", "qty": 1, "price": 312185712, "tab": 4, "slot": [1, 1], "lands_in": 2}

  cancel row 2
    #         ms   share  step
    1      325.3    8.7%  click Refresh
    2      371.6   10.0%  scroll to the row
    3        0.0    0.0%  read the button of a row the run holds empty
    4      114.1    3.1%  read the row and its button
    5      521.0   14.0%  finish selecting inventory tab 4
    6        0.2    0.0%  check tab 4 before the withdrawal
    7        3.0    0.1%  work out the row, its floor and where it lands
    8       17.3    0.5%  check the shop slot is empty
    9        0.0    0.0%  scroll to the row again
   10        0.0    0.0%  check the row is the one the run listed
   11      290.8    7.8%  hover over Change and click it
   12      174.8    4.7%  find Cancel
   13      303.9    8.2%  click Cancel
   14      176.2    4.7%  find Confirmation
   15      304.4    8.2%  click Confirmation and park
   16      108.1    2.9%  wait for the dialog to close
   17      135.7    3.6%  wait for the item to land in tab 4
   18      872.9   23.5%  select inventory tab 4 after the withdrawal
          3719.4  100.0%  TOTAL
  inventory slot (1,1) at (1475, 236)
    read: current min 312,185,713, price field 312,185,713, net sales 312,185,713, week average 292,773,213, listed at 312,185,712
    the lowest listed price is 312,185,713, from the row and 3 more
    market 312,185,713, typing 312,185,712, 1 under the market
    net sales 312,185,712 is 1 x 312,185,712
  typed 250; the net sales make it 1
    the panel holds 312,185,712 against the 312,185,712 typed
  tab 4 read in 17 ms after the listing: 0 slot(s) held

  list 1 at 312,185,712
    #         ms   share  step
    1       24.9    0.5%  read the panel before loading
    2        0.1    0.0%  wait for slot (1,1) to fill
    3      791.9   15.5%  ctrl-click (1,1) attempt 1
    4      385.5    7.5%  read the suggested price
    5     1656.1   32.4%  type the price 312,185,712
    6      909.2   17.8%  type the quantity 250
    7      294.0    5.8%  take the quantity from the net sales
    8       89.7    1.8%  read the price back before Register
    9      216.4    4.2%  click Register
   10       87.3    1.7%  find Confirmation
   11       17.1    0.3%  look for the underprice question
   12      200.0    3.9%  click Confirmation
   13        0.6    0.0%  park
   14      103.2    2.0%  confirm the dialog is gone
   15      317.3    6.2%  wait for the panel to let the item go
   16       16.8    0.3%  read tab 4 after the listing
          5109.9  100.0%  TOTAL
  listed 1 at 312,185,712; it lands in row 2
DONE {"kind": "relist", "row": 2, "lands_in": 2, "qty": 1, "price": 312185712, "item": "Arionell"}
    relisted 1 at 312,185,712 in row 2
  tab 4 known from the last listing: 0 slot(s) held
  row 3: 'Force Gem Package' x1 at 191,999,999 -> tab 4 slot (1, 1)
    floor 187,222,222 from what it cost; listed at 191,999,999, above it
TASK {"kind": "relist", "row": 3, "item": "Force Gem Package", "qty": 1, "price": 191999999, "tab": 4, "slot": [1, 1], "lands_in": 3}

  cancel row 3
    #         ms   share  step
    1      322.9    9.3%  click Refresh
    2      371.5   10.8%  scroll to the row
    3        0.0    0.0%  read the button of a row the run holds empty
    4      196.3    5.7%  read the row and its button
    5      519.8   15.0%  finish selecting inventory tab 4
    6        0.2    0.0%  check tab 4 before the withdrawal
    7        2.6    0.1%  work out the row, its floor and where it lands
    8       19.4    0.6%  check the shop slot is empty
    9        0.0    0.0%  scroll to the row again
   10        0.0    0.0%  check the row is the one the run listed
   11      293.5    8.5%  hover over Change and click it
   12       86.4    2.5%  find Cancel
   13      218.4    6.3%  click Cancel
   14       93.3    2.7%  find Confirmation
   15      219.7    6.4%  click Confirmation and park
   16       99.6    2.9%  wait for the dialog to close
   17      137.8    4.0%  wait for the item to land in tab 4
   18      873.7   25.3%  select inventory tab 4 after the withdrawal
          3455.0  100.0%  TOTAL
  inventory slot (1,1) at (1475, 236)
    read: current min 192,000,000, price field 192,000,000, net sales 192,000,000, week average 189,265,820, listed at 191,999,999
    the lowest listed price is 192,000,000, from the row and 3 more
    market 192,000,000, typing 191,999,999, 1 under the market
    net sales 191,999,999 is 1 x 191,999,999
  typed 250; the net sales make it 1
    the panel holds 191,999,999 against the 191,999,999 typed
  tab 4 read in 16 ms after the listing: 0 slot(s) held

  list 1 at 191,999,999
    #         ms   share  step
    1       23.7    0.5%  read the panel before loading
    2        0.1    0.0%  wait for slot (1,1) to fill
    3      792.6   16.0%  ctrl-click (1,1) attempt 1
    4      385.7    7.8%  read the suggested price
    5     1652.4   33.3%  type the price 191,999,999
    6      912.3   18.4%  type the quantity 250
    7      287.7    5.8%  take the quantity from the net sales
    8       88.8    1.8%  read the price back before Register
    9      216.7    4.4%  click Register
   10       93.9    1.9%  find Confirmation
   11       18.9    0.4%  look for the underprice question
   12      195.5    3.9%  click Confirmation
   13        0.6    0.0%  park
   14      102.9    2.1%  confirm the dialog is gone
   15      166.9    3.4%  wait for the panel to let the item go
   16       16.3    0.3%  read tab 4 after the listing
          4955.1  100.0%  TOTAL
  listed 1 at 191,999,999; it lands in row 3
DONE {"kind": "relist", "row": 3, "lands_in": 3, "qty": 1, "price": 191999999, "item": "Force Gem Package"}
    relisted 1 at 191,999,999 in row 3
  tab 4 known from the last listing: 0 slot(s) held
  row 4: 'Chaos Core Set X 200' x1 at 146,788,599 -> tab 4 slot (1, 1)
    floor 146,194,800 (730,974 x 200) from Chaos Core as last bought; listed at 146,788,599, above it
TASK {"kind": "relist", "row": 4, "item": "Chaos Core Set X 200", "qty": 1, "price": 146788599, "tab": 4, "slot": [1, 1], "lands_in": 4}

  cancel row 4
    #         ms   share  step
    1      322.6    9.3%  click Refresh
    2      371.6   10.7%  scroll to the row
    3        0.0    0.0%  read the button of a row the run holds empty
    4      191.2    5.5%  read the row and its button
    5      521.5   15.0%  finish selecting inventory tab 4
    6        0.2    0.0%  check tab 4 before the withdrawal
    7        9.2    0.3%  work out the row, its floor and where it lands
    8       24.6    0.7%  check the shop slot is empty
    9        0.0    0.0%  scroll to the row again
   10        0.0    0.0%  check the row is the one the run listed
   11      293.7    8.5%  hover over Change and click it
   12       88.1    2.5%  find Cancel
   13      224.2    6.5%  click Cancel
   14       88.4    2.5%  find Confirmation
   15      217.1    6.3%  click Confirmation and park
   16      114.9    3.3%  wait for the dialog to close
   17      129.7    3.7%  wait for the item to land in tab 4
   18      873.4   25.2%  select inventory tab 4 after the withdrawal
          3470.2  100.0%  TOTAL
  inventory slot (1,1) at (1475, 236)
    read: current min 146,786,000, price field 146,786,000, net sales 146,786,000, week average 146,822,000, listed at 146,788,599
    the lowest listed price is 146,786,000, from the row and 3 more
    market 146,786,000, typing 146,785,999, 1 under the market
    net sales 146,785,999 is 1 x 146,785,999
  typed 250; the net sales make it 1
    the panel holds 146,785,999 against the 146,785,999 typed
  tab 4 read in 22 ms after the listing: 0 slot(s) held

  list 1 at 146,785,999
    #         ms   share  step
    1       25.8    0.5%  read the panel before loading
    2        0.1    0.0%  wait for slot (1,1) to fill
    3      792.2   16.0%  ctrl-click (1,1) attempt 1
    4      378.0    7.6%  read the suggested price
    5     1651.5   33.4%  type the price 146,785,999
    6      909.8   18.4%  type the quantity 250
    7      286.5    5.8%  take the quantity from the net sales
    8       88.1    1.8%  read the price back before Register
    9      221.5    4.5%  click Register
   10       87.2    1.8%  find Confirmation
   11       17.3    0.4%  look for the underprice question
   12      198.5    4.0%  click Confirmation
   13        0.6    0.0%  park
   14       96.3    1.9%  confirm the dialog is gone
   15      170.6    3.5%  wait for the panel to let the item go
   16       21.5    0.4%  read tab 4 after the listing
          4945.6  100.0%  TOTAL
  listed 1 at 146,785,999; it lands in row 4
DONE {"kind": "relist", "row": 4, "lands_in": 4, "qty": 1, "price": 146785999, "item": "Chaos Core Set X 200"}
    relisted 1 at 146,785,999 in row 4
  tab 4 known from the last listing: 0 slot(s) held
  row 5: 'Chaos Core Set X 200' x1 at 146,788,399 -> tab 4 slot (1, 1)
    floor 146,194,800 (730,974 x 200) from Chaos Core as last bought; listed at 146,788,399, above it
TASK {"kind": "relist", "row": 5, "item": "Chaos Core Set X 200", "qty": 1, "price": 146788399, "tab": 4, "slot": [1, 1], "lands_in": 5}

  cancel row 5
    #         ms   share  step
    1      322.1    9.2%  click Refresh
    2      371.2   10.6%  scroll to the row
    3        0.0    0.0%  read the button of a row the run holds empty
    4      131.4    3.8%  read the row and its button
    5      519.3   14.9%  finish selecting inventory tab 4
    6        0.2    0.0%  check tab 4 before the withdrawal
    7        3.1    0.1%  work out the row, its floor and where it lands
    8       19.1    0.5%  check the shop slot is empty
    9        0.0    0.0%  scroll to the row again
   10        0.0    0.0%  check the row is the one the run listed
   11      289.8    8.3%  hover over Change and click it
   12       88.6    2.5%  find Cancel
   13      219.4    6.3%  click Cancel
   14       95.6    2.7%  find Confirmation
   15      215.5    6.2%  click Confirmation and park
   16      112.9    3.2%  wait for the dialog to close
   17      235.2    6.7%  wait for the item to land in tab 4
   18      873.2   25.0%  select inventory tab 4 after the withdrawal
          3496.6  100.0%  TOTAL
  inventory slot (1,1) at (1475, 236)
    read: current min 146,785,800, price field 146,785,800, net sales 146,785,800, week average 146,822,000, listed at 146,788,399
    the lowest listed price is 146,785,800, from the row and 3 more
    market 146,785,800, typing 146,785,799, 1 under the market
    net sales 146,785,799 is 1 x 146,785,799
  typed 250; the net sales make it 1
    the panel holds 146,785,799 against the 146,785,799 typed
  tab 4 read in 17 ms after the listing: 0 slot(s) held

  list 1 at 146,785,799
    #         ms   share  step
    1       23.0    0.5%  read the panel before loading
    2        0.1    0.0%  wait for slot (1,1) to fill
    3      790.2   15.7%  ctrl-click (1,1) attempt 1
    4      378.3    7.5%  read the suggested price
    5     1654.0   32.8%  type the price 146,785,799
    6      908.3   18.0%  type the quantity 250
    7      289.3    5.7%  take the quantity from the net sales
    8       88.6    1.8%  read the price back before Register
    9      216.4    4.3%  click Register
   10       92.2    1.8%  find Confirmation
   11       16.4    0.3%  look for the underprice question
   12      200.0    4.0%  click Confirmation
   13        0.5    0.0%  park
   14      202.0    4.0%  confirm the dialog is gone
   15      168.5    3.3%  wait for the panel to let the item go
   16       16.7    0.3%  read tab 4 after the listing
          5044.5  100.0%  TOTAL
  listed 1 at 146,785,799; it lands in row 5
DONE {"kind": "relist", "row": 5, "lands_in": 5, "qty": 1, "price": 146785799, "item": "Chaos Core Set X 200"}
    relisted 1 at 146,785,799 in row 5
  tab 4 known from the last listing: 0 slot(s) held
  row 6: 'Chaos Core Set X 252' x1 at 184,953,131 -> tab 4 slot (1, 1)
    floor 184,205,448 (730,974 x 252) from Chaos Core as last bought; listed at 184,953,131, above it
TASK {"kind": "relist", "row": 6, "item": "Chaos Core Set X 252", "qty": 1, "price": 184953131, "tab": 4, "slot": [1, 1], "lands_in": 6}

  cancel row 6
    #         ms   share  step
    1      322.0    9.5%  click Refresh
    2      371.9   11.0%  scroll to the row
    3        0.0    0.0%  read the button of a row the run holds empty
    4      126.3    3.7%  read the row and its button
    5      519.0   15.3%  finish selecting inventory tab 4
    6        0.2    0.0%  check tab 4 before the withdrawal
    7        3.3    0.1%  work out the row, its floor and where it lands
    8       18.2    0.5%  check the shop slot is empty
    9        0.0    0.0%  scroll to the row again
   10        0.0    0.0%  check the row is the one the run listed
   11      290.1    8.5%  hover over Change and click it
   12       90.5    2.7%  find Cancel
   13      218.6    6.4%  click Cancel
   14       87.4    2.6%  find Confirmation
   15      215.8    6.4%  click Confirmation and park
   16      207.7    6.1%  wait for the dialog to close
   17       50.6    1.5%  wait for the item to land in tab 4
   18      874.0   25.7%  select inventory tab 4 after the withdrawal
          3395.5  100.0%  TOTAL
  inventory slot (1,1) at (1475, 236)
    read: current min 184,949,856, price field 184,949,856, net sales 184,949,856, week average 184,995,720, listed at 184,953,131
    the lowest listed price is 184,949,856, from the row and 3 more
    market 184,949,856, typing 184,949,855, 1 under the market
    net sales 184,949,855 is 1 x 184,949,855
  typed 250; the net sales make it 1
    the panel holds 184,949,855 against the 184,949,855 typed
  tab 4 read in 20 ms after the listing: 0 slot(s) held

  list 1 at 184,949,855
    #         ms   share  step
    1       26.1    0.5%  read the panel before loading
    2        0.2    0.0%  wait for slot (1,1) to fill
    3      796.2   16.0%  ctrl-click (1,1) attempt 1
    4      378.9    7.6%  read the suggested price
    5     1647.7   33.2%  type the price 184,949,855
    6      911.2   18.4%  type the quantity 250
    7      287.0    5.8%  take the quantity from the net sales
    8       93.4    1.9%  read the price back before Register
    9      216.4    4.4%  click Register
   10       87.7    1.8%  find Confirmation
   11       16.0    0.3%  look for the underprice question
   12      200.9    4.0%  click Confirmation
   13        0.7    0.0%  park
   14      106.8    2.2%  confirm the dialog is gone
   15      172.3    3.5%  wait for the panel to let the item go
   16       19.8    0.4%  read tab 4 after the listing
          4961.3  100.0%  TOTAL
  listed 1 at 184,949,855; it lands in row 6
DONE {"kind": "relist", "row": 6, "lands_in": 6, "qty": 1, "price": 184949855, "item": "Chaos Core Set X 252"}
    relisted 1 at 184,949,855 in row 6
  tab 4 known from the last listing: 0 slot(s) held
  row 7: 'Chaos Core Set X 200' x1 at 146,787,999 -> tab 4 slot (1, 1)
    floor 146,194,800 (730,974 x 200) from Chaos Core as last bought; listed at 146,787,999, above it
TASK {"kind": "relist", "row": 7, "item": "Chaos Core Set X 200", "qty": 1, "price": 146787999, "tab": 4, "slot": [1, 1], "lands_in": 7}

  cancel row 7
    #         ms   share  step
    1      329.4    9.7%  click Refresh
    2      371.6   11.0%  scroll to the row
    3        0.0    0.0%  read the button of a row the run holds empty
    4      133.7    3.9%  read the row and its button
    5      517.5   15.3%  finish selecting inventory tab 4
    6        0.6    0.0%  check tab 4 before the withdrawal
    7        3.9    0.1%  work out the row, its floor and where it lands
    8       18.7    0.6%  check the shop slot is empty
    9        0.0    0.0%  scroll to the row again
   10        0.0    0.0%  check the row is the one the run listed
   11      288.1    8.5%  hover over Change and click it
   12       96.3    2.8%  find Cancel
   13      209.3    6.2%  click Cancel
   14       89.2    2.6%  find Confirmation
   15      219.7    6.5%  click Confirmation and park
   16      102.1    3.0%  wait for the dialog to close
   17      132.2    3.9%  wait for the item to land in tab 4
   18      872.3   25.8%  select inventory tab 4 after the withdrawal
          3384.4  100.0%  TOTAL
  inventory slot (1,1) at (1475, 236)
    read: current min 146,785,400, price field 146,785,400, net sales 146,785,400, week average 146,822,000, listed at 146,787,999
    the lowest listed price is 146,785,400, from the row and 3 more
    market 146,785,400, typing 146,785,399, 1 under the market
    net sales 146,785,399 is 1 x 146,785,399
  typed 250; the net sales make it 1
    the panel holds 146,785,399 against the 146,785,399 typed
  tab 4 read in 21 ms after the listing: 0 slot(s) held

  list 1 at 146,785,399
    #         ms   share  step
    1       22.5    0.4%  read the panel before loading
    2        0.1    0.0%  wait for slot (1,1) to fill
    3      789.1   15.4%  ctrl-click (1,1) attempt 1
    4      379.5    7.4%  read the suggested price
    5     1652.6   32.2%  type the price 146,785,399
    6      908.9   17.7%  type the quantity 250
    7      286.5    5.6%  take the quantity from the net sales
    8       92.7    1.8%  read the price back before Register
    9      214.4    4.2%  click Register
   10      178.2    3.5%  find Confirmation
   11       15.9    0.3%  look for the underprice question
   12      310.6    6.0%  click Confirmation
   13        0.6    0.0%  park
   14       92.1    1.8%  confirm the dialog is gone
   15      170.8    3.3%  wait for the panel to let the item go
   16       20.7    0.4%  read tab 4 after the listing
          5135.1  100.0%  TOTAL
  listed 1 at 146,785,399; it lands in row 7
DONE {"kind": "relist", "row": 7, "lands_in": 7, "qty": 1, "price": 146785399, "item": "Chaos Core Set X 200"}
    relisted 1 at 146,785,399 in row 7
  tab 4 known from the last listing: 0 slot(s) held
  row 8: 'Chaos Core Set X 48' x1 at 35,229,071 -> tab 4 slot (1, 1)
    floor 35,086,752 (730,974 x 48) from Chaos Core as last bought; listed at 35,229,071, above it
TASK {"kind": "relist", "row": 8, "item": "Chaos Core Set X 48", "qty": 1, "price": 35229071, "tab": 4, "slot": [1, 1], "lands_in": 8}

  cancel row 8
    #         ms   share  step
    1      322.5    9.5%  click Refresh
    2      371.4   11.0%  scroll to the row
    3        0.0    0.0%  read the button of a row the run holds empty
    4      121.6    3.6%  read the row and its button
    5      516.3   15.3%  finish selecting inventory tab 4
    6        0.2    0.0%  check tab 4 before the withdrawal
    7        3.4    0.1%  work out the row, its floor and where it lands
    8       17.6    0.5%  check the shop slot is empty
    9        0.0    0.0%  scroll to the row again
   10        0.0    0.0%  check the row is the one the run listed
   11      290.2    8.6%  hover over Change and click it
   12       93.2    2.8%  find Cancel
   13      215.9    6.4%  click Cancel
   14       89.5    2.6%  find Confirmation
   15      214.1    6.3%  click Confirmation and park
   16      109.6    3.2%  wait for the dialog to close
   17      141.3    4.2%  wait for the item to land in tab 4
   18      873.3   25.8%  select inventory tab 4 after the withdrawal
          3380.0  100.0%  TOTAL
  inventory slot (1,1) at (1475, 236)
    read: current min 35,228,448, price field 35,228,448, net sales 35,228,448, week average 35,237,280, listed at 35,229,071
    the lowest listed price is 35,228,448, from the row and 3 more
    market 35,228,448, typing 35,228,447, 1 under the market
    net sales 35,228,447 is 1 x 35,228,447
  typed 250; the net sales make it 1
    the panel holds 35,228,447 against the 35,228,447 typed
  tab 4 read in 17 ms after the listing: 0 slot(s) held

  list 1 at 35,228,447
    #         ms   share  step
    1       23.6    0.5%  read the panel before loading
    2        0.1    0.0%  wait for slot (1,1) to fill
    3      794.0   16.3%  ctrl-click (1,1) attempt 1
    4      383.9    7.9%  read the suggested price
    5     1580.7   32.4%  type the price 35,228,447
    6      909.2   18.6%  type the quantity 250
    7      289.0    5.9%  take the quantity from the net sales
    8       88.5    1.8%  read the price back before Register
    9      220.9    4.5%  click Register
   10       87.3    1.8%  find Confirmation
   11       16.3    0.3%  look for the underprice question
   12      204.2    4.2%  click Confirmation
   13        0.6    0.0%  park
   14      100.1    2.0%  confirm the dialog is gone
   15      167.8    3.4%  wait for the panel to let the item go
   16       17.0    0.3%  read tab 4 after the listing
          4883.5  100.0%  TOTAL
  listed 1 at 35,228,447; it lands in row 8
DONE {"kind": "relist", "row": 8, "lands_in": 8, "qty": 1, "price": 35228447, "item": "Chaos Core Set X 48"}
    relisted 1 at 35,228,447 in row 8
  tab 4 known from the last listing: 0 slot(s) held
  row 9: 'Chaos Core Set X 348' x1 at 255,410,423 -> tab 4 slot (1, 1)
    floor 254,378,952 (730,974 x 348) from Chaos Core as last bought; listed at 255,410,423, above it
TASK {"kind": "relist", "row": 9, "item": "Chaos Core Set X 348", "qty": 1, "price": 255410423, "tab": 4, "slot": [1, 1], "lands_in": 9}

  cancel row 9
    #         ms   share  step
    1      322.5    9.0%  click Refresh
    2      371.7   10.4%  scroll to the row
    3        0.0    0.0%  read the button of a row the run holds empty
    4      147.3    4.1%  read the row and its button
    5      516.6   14.4%  finish selecting inventory tab 4
    6        0.2    0.0%  check tab 4 before the withdrawal
    7        3.0    0.1%  work out the row, its floor and where it lands
    8       19.8    0.6%  check the shop slot is empty
    9        0.0    0.0%  scroll to the row again
   10        0.0    0.0%  check the row is the one the run listed
   11      298.0    8.3%  hover over Change and click it
   12       91.9    2.6%  find Cancel
   13      219.5    6.1%  click Cancel
   14      175.7    4.9%  find Confirmation
   15      309.0    8.6%  click Confirmation and park
   16      100.1    2.8%  wait for the dialog to close
   17      133.1    3.7%  wait for the item to land in tab 4
   18      873.2   24.4%  select inventory tab 4 after the withdrawal
          3581.6  100.0%  TOTAL
  inventory slot (1,1) at (1475, 236)
    read: current min 255,405,900, price field 255,405,900, net sales 255,405,900, week average 255,470,280, listed at 255,410,423
    the lowest listed price is 255,405,900, from the row and 3 more
    market 255,405,900, typing 255,405,899, 1 under the market
    net sales 255,405,899 is 1 x 255,405,899
  typed 250; the net sales make it 1
    the panel holds 255,405,899 against the 255,405,899 typed
  tab 4 read in 17 ms after the listing: 0 slot(s) held

  list 1 at 255,405,899
    #         ms   share  step
    1       24.8    0.5%  read the panel before loading
    2        0.1    0.0%  wait for slot (1,1) to fill
    3      793.7   15.9%  ctrl-click (1,1) attempt 1
    4      394.6    7.9%  read the suggested price
    5     1651.0   33.1%  type the price 255,405,899
    6      908.8   18.2%  type the quantity 250
    7      288.8    5.8%  take the quantity from the net sales
    8       92.0    1.8%  read the price back before Register
    9      219.4    4.4%  click Register
   10       89.4    1.8%  find Confirmation
   11       18.3    0.4%  look for the underprice question
   12      201.0    4.0%  click Confirmation
   13        0.4    0.0%  park
   14      116.1    2.3%  confirm the dialog is gone
   15      171.2    3.4%  wait for the panel to let the item go
   16       16.8    0.3%  read tab 4 after the listing
          4986.7  100.0%  TOTAL
  listed 1 at 255,405,899; it lands in row 9
DONE {"kind": "relist", "row": 9, "lands_in": 9, "qty": 1, "price": 255405899, "item": "Chaos Core Set X 348"}
    relisted 1 at 255,405,899 in row 9
  tab 4 known from the last listing: 0 slot(s) held
  row 10: 'Chaos Core Set X 252' x1 at 184,952,123 -> tab 4 slot (1, 1)
    floor 184,205,448 (730,974 x 252) from Chaos Core as last bought; listed at 184,952,123, above it
TASK {"kind": "relist", "row": 10, "item": "Chaos Core Set X 252", "qty": 1, "price": 184952123, "tab": 4, "slot": [1, 1], "lands_in": 10}

  cancel row 10
    #         ms   share  step
    1      323.4    9.5%  click Refresh
    2      371.5   10.9%  scroll to the row
    3        0.0    0.0%  read the button of a row the run holds empty
    4      130.9    3.9%  read the row and its button
    5      519.3   15.3%  finish selecting inventory tab 4
    6        0.2    0.0%  check tab 4 before the withdrawal
    7        3.1    0.1%  work out the row, its floor and where it lands
    8       17.4    0.5%  check the shop slot is empty
    9        0.0    0.0%  scroll to the row again
   10        0.0    0.0%  check the row is the one the run listed
   11      288.4    8.5%  hover over Change and click it
   12       87.7    2.6%  find Cancel
   13      219.9    6.5%  click Cancel
   14       88.1    2.6%  find Confirmation
   15      217.1    6.4%  click Confirmation and park
   16      103.6    3.0%  wait for the dialog to close
   17      156.3    4.6%  wait for the item to land in tab 4
   18      873.3   25.7%  select inventory tab 4 after the withdrawal
          3400.3  100.0%  TOTAL
  inventory slot (1,1) at (1475, 236)
    read: current min 184,948,848, price field 184,948,848, net sales 184,948,848, week average 184,995,720, listed at 184,952,123
    the lowest listed price is 184,948,848, from the row and 3 more
    market 184,948,848, typing 184,948,847, 1 under the market
    net sales 184,948,847 is 1 x 184,948,847
  typed 250; the net sales make it 1
    the panel holds 184,948,847 against the 184,948,847 typed
  tab 4 read in 17 ms after the listing: 0 slot(s) held

  list 1 at 184,948,847
    #         ms   share  step
    1       29.2    0.6%  read the panel before loading
    2        0.1    0.0%  wait for slot (1,1) to fill
    3      794.4   15.9%  ctrl-click (1,1) attempt 1
    4      380.4    7.6%  read the suggested price
    5     1653.5   33.2%  type the price 184,948,847
    6      920.6   18.5%  type the quantity 250
    7      288.5    5.8%  take the quantity from the net sales
    8       92.5    1.9%  read the price back before Register
    9      219.9    4.4%  click Register
   10      100.3    2.0%  find Confirmation
   11       17.2    0.3%  look for the underprice question
   12      194.0    3.9%  click Confirmation
   13        0.6    0.0%  park
   14      109.4    2.2%  confirm the dialog is gone
   15      166.1    3.3%  wait for the panel to let the item go
   16       16.9    0.3%  read tab 4 after the listing
          4983.5  100.0%  TOTAL
  listed 1 at 184,948,847; it lands in row 10
DONE {"kind": "relist", "row": 10, "lands_in": 10, "qty": 1, "price": 184948847, "item": "Chaos Core Set X 252"}
    relisted 1 at 184,948,847 in row 10
  tab 4 known from the last listing: 0 slot(s) held
  row 11: 'Force Core (Ultimate' x8 at 379,822 -> tab 4 slot (1, 1)
    floor 355,544 (355,544 x 1) from Force Core Set (Ultimate) as last bought; listed at 379,822, above it
TASK {"kind": "relist", "row": 11, "item": "Force Core (Ultimate", "qty": 8, "price": 379822, "tab": 4, "slot": [1, 1], "lands_in": 11}

  cancel row 11
    #         ms   share  step
    1      322.7    9.5%  click Refresh
    2      371.5   11.0%  scroll to the row
    3        0.0    0.0%  read the button of a row the run holds empty
    4      118.7    3.5%  read the row and its button
    5      517.0   15.3%  finish selecting inventory tab 4
    6        0.5    0.0%  check tab 4 before the withdrawal
    7        4.5    0.1%  work out the row, its floor and where it lands
    8       20.7    0.6%  check the shop slot is empty
    9        0.0    0.0%  scroll to the row again
   10        0.0    0.0%  check the row is the one the run listed
   11      290.7    8.6%  hover over Change and click it
   12       89.9    2.7%  find Cancel
   13      217.6    6.4%  click Cancel
   14       90.4    2.7%  find Confirmation
   15      219.6    6.5%  click Confirmation and park
   16      100.9    3.0%  wait for the dialog to close
   17      145.9    4.3%  wait for the item to land in tab 4
   18      873.2   25.8%  select inventory tab 4 after the withdrawal
          3383.9  100.0%  TOTAL
  inventory slot (1,1) at (1475, 236)
    read: current min 379,815, price field 379,815, net sales 379,815, week average 385,330, listed at 379,822
    the lowest listed price is 379,815, from the row and 3 more
    market 379,815, typing 379,814, 1 under the market
    net sales 3,038,512 is 8 x 379,814
  typed 250; the net sales make it 8
    the panel holds 379,814 against the 379,814 typed
  tab 4 read in 17 ms after the listing: 0 slot(s) held

  list 8 at 379,814
    #         ms   share  step
    1       25.0    0.5%  read the panel before loading
    2        0.2    0.0%  wait for slot (1,1) to fill
    3      797.3   16.8%  ctrl-click (1,1) attempt 1
    4      381.9    8.0%  read the suggested price
    5     1441.2   30.3%  type the price 379,814
    6      908.7   19.1%  type the quantity 250
    7      287.1    6.0%  take the quantity from the net sales
    8       86.7    1.8%  read the price back before Register
    9      219.3    4.6%  click Register
   10       93.9    2.0%  find Confirmation
   11       19.0    0.4%  look for the underprice question
   12      198.0    4.2%  click Confirmation
   13        0.4    0.0%  park
   14      100.5    2.1%  confirm the dialog is gone
   15      174.4    3.7%  wait for the panel to let the item go
   16       16.9    0.4%  read tab 4 after the listing
          4750.6  100.0%  TOTAL
  listed 8 at 379,814; it lands in row 11
DONE {"kind": "relist", "row": 11, "lands_in": 11, "qty": 8, "price": 379814, "item": "Force Core (Ultimate"}
    relisted 8 at 379,814 in row 11
  tab 4 known from the last listing: 0 slot(s) held
  row 12: 'Upgrade Core (Ultimate' x22 at 457,596 -> tab 4 slot (1, 1)
    floor 441,177 (441,177 x 1) from Upgrade Core Set (Ultimate) as last bought; listed at 457,596, above it
TASK {"kind": "relist", "row": 12, "item": "Upgrade Core (Ultimate", "qty": 22, "price": 457596, "tab": 4, "slot": [1, 1], "lands_in": 12}

  cancel row 12
    #         ms   share  step
    1      323.7    9.3%  click Refresh
    2      372.0   10.7%  scroll to the row
    3        0.0    0.0%  read the button of a row the run holds empty
    4      130.5    3.7%  read the row and its button
    5      518.0   14.9%  finish selecting inventory tab 4
    6        0.2    0.0%  check tab 4 before the withdrawal
    7        4.3    0.1%  work out the row, its floor and where it lands
    8       21.5    0.6%  check the shop slot is empty
    9        0.0    0.0%  scroll to the row again
   10        0.0    0.0%  check the row is the one the run listed
   11      290.2    8.3%  hover over Change and click it
   12       86.5    2.5%  find Cancel
   13      217.1    6.2%  click Cancel
   14       89.0    2.6%  find Confirmation
   15      216.6    6.2%  click Confirmation and park
   16      107.7    3.1%  wait for the dialog to close
   17      231.2    6.6%  wait for the item to land in tab 4
   18      873.9   25.1%  select inventory tab 4 after the withdrawal
          3482.4  100.0%  TOTAL
  inventory slot (1,1) at (1475, 236)
    read: current min 457,582, price field 457,582, net sales 457,582, week average 467,575, listed at 457,596
    the lowest listed price is 457,582, from the row and 3 more
    market 457,582, typing 457,581, 1 under the market
    net sales 10,066,782 is 22 x 457,581
  typed 250; the net sales make it 22
    the panel holds 457,581 against the 457,581 typed
  tab 4 read in 17 ms after the listing: 0 slot(s) held

  list 22 at 457,581
    #         ms   share  step
    1       25.4    0.5%  read the panel before loading
    2        0.1    0.0%  wait for slot (1,1) to fill
    3      790.6   16.6%  ctrl-click (1,1) attempt 1
    4      382.7    8.0%  read the suggested price
    5     1441.7   30.3%  type the price 457,581
    6      909.1   19.1%  type the quantity 250
    7      291.9    6.1%  take the quantity from the net sales
    8       91.1    1.9%  read the price back before Register
    9      219.4    4.6%  click Register
   10       94.5    2.0%  find Confirmation
   11       17.8    0.4%  look for the underprice question
   12      200.2    4.2%  click Confirmation
   13        0.6    0.0%  park
   14      101.9    2.1%  confirm the dialog is gone
   15      172.7    3.6%  wait for the panel to let the item go
   16       17.2    0.4%  read tab 4 after the listing
          4757.0  100.0%  TOTAL
  listed 22 at 457,581; it lands in row 12
DONE {"kind": "relist", "row": 12, "lands_in": 12, "qty": 22, "price": 457581, "item": "Upgrade Core (Ultimate"}
    relisted 22 at 457,581 in row 12
  tab 4 known from the last listing: 0 slot(s) held
  row 13: 'Force Core (Ultimate' x83 at 379,821 -> tab 4 slot (1, 1)
    floor 355,544 (355,544 x 1) from Force Core Set (Ultimate) as last bought; listed at 379,821, above it
TASK {"kind": "relist", "row": 13, "item": "Force Core (Ultimate", "qty": 83, "price": 379821, "tab": 4, "slot": [1, 1], "lands_in": 13}

  cancel row 13
    #         ms   share  step
    1      322.6    9.5%  click Refresh
    2      371.3   10.9%  scroll to the row
    3        0.0    0.0%  read the button of a row the run holds empty
    4      162.7    4.8%  read the row and its button
    5      519.0   15.2%  finish selecting inventory tab 4
    6        0.2    0.0%  check tab 4 before the withdrawal
    7        3.1    0.1%  work out the row, its floor and where it lands
    8       17.0    0.5%  check the shop slot is empty
    9        0.0    0.0%  scroll to the row again
   10        0.0    0.0%  check the row is the one the run listed
   11      291.7    8.6%  hover over Change and click it
   12       87.7    2.6%  find Cancel
   13      219.9    6.5%  click Cancel
   14       88.8    2.6%  find Confirmation
   15      215.8    6.3%  click Confirmation and park
   16      110.3    3.2%  wait for the dialog to close
   17      122.7    3.6%  wait for the item to land in tab 4
   18      872.8   25.6%  select inventory tab 4 after the withdrawal
          3405.7  100.0%  TOTAL
  inventory slot (1,1) at (1475, 236)
    read: current min 379,814, price field 379,814, net sales 379,814, week average 385,330, listed at 379,821
    the lowest listed price is 379,814, from the row and 3 more
    market 379,814, typing 379,813, 1 under the market
    net sales 31,524,479 is 83 x 379,813
  typed 250; the net sales make it 83
    the panel holds 379,813 against the 379,813 typed
  tab 4 read in 20 ms after the listing: 0 slot(s) held

  list 83 at 379,813
    #         ms   share  step
    1       24.0    0.5%  read the panel before loading
    2        0.3    0.0%  wait for slot (1,1) to fill
    3      798.5   16.8%  ctrl-click (1,1) attempt 1
    4      384.7    8.1%  read the suggested price
    5     1441.8   30.3%  type the price 379,813
    6      908.0   19.1%  type the quantity 250
    7      291.7    6.1%  take the quantity from the net sales
    8       87.2    1.8%  read the price back before Register
    9      217.0    4.6%  click Register
   10       91.7    1.9%  find Confirmation
   11       17.4    0.4%  look for the underprice question
   12      199.5    4.2%  click Confirmation
   13        0.6    0.0%  park
   14      110.6    2.3%  confirm the dialog is gone
   15      168.8    3.5%  wait for the panel to let the item go
   16       20.2    0.4%  read tab 4 after the listing
          4761.9  100.0%  TOTAL
  listed 83 at 379,813; it lands in row 13
DONE {"kind": "relist", "row": 13, "lands_in": 13, "qty": 83, "price": 379813, "item": "Force Core (Ultimate"}
    relisted 83 at 379,813 in row 13
  tab 4 known from the last listing: 0 slot(s) held
  row 14: 'Upgrade Core (Ultimate' x34 at 457,595 -> tab 4 slot (1, 1)
    floor 441,177 (441,177 x 1) from Upgrade Core Set (Ultimate) as last bought; listed at 457,595, above it
TASK {"kind": "relist", "row": 14, "item": "Upgrade Core (Ultimate", "qty": 34, "price": 457595, "tab": 4, "slot": [1, 1], "lands_in": 14}

  cancel row 14
    #         ms   share  step
    1      322.2    9.5%  click Refresh
    2      371.5   10.9%  scroll to the row
    3        0.0    0.0%  read the button of a row the run holds empty
    4      128.4    3.8%  read the row and its button
    5      518.7   15.3%  finish selecting inventory tab 4
    6        0.2    0.0%  check tab 4 before the withdrawal
    7        3.3    0.1%  work out the row, its floor and where it lands
    8       19.3    0.6%  check the shop slot is empty
    9        0.0    0.0%  scroll to the row again
   10        0.0    0.0%  check the row is the one the run listed
   11      289.7    8.5%  hover over Change and click it
   12       89.1    2.6%  find Cancel
   13      218.8    6.4%  click Cancel
   14       89.6    2.6%  find Confirmation
   15      219.1    6.5%  click Confirmation and park
   16       95.4    2.8%  wait for the dialog to close
   17      154.1    4.5%  wait for the item to land in tab 4
   18      873.4   25.7%  select inventory tab 4 after the withdrawal
          3392.7  100.0%  TOTAL
  inventory slot (1,1) at (1475, 236)
    read: current min 457,581, price field 457,581, net sales 457,581, week average 467,575, listed at 457,595
    the lowest listed price is 457,581, from the row and 3 more
    market 457,581, typing 457,580, 1 under the market
    net sales 15,557,720 is 34 x 457,580
  typed 250; the net sales make it 34
    the panel holds 457,580 against the 457,580 typed
  tab 4 read in 21 ms after the listing: 0 slot(s) held

  list 34 at 457,580
    #         ms   share  step
    1       22.9    0.5%  read the panel before loading
    2        0.1    0.0%  wait for slot (1,1) to fill
    3      790.8   16.6%  ctrl-click (1,1) attempt 1
    4      377.1    7.9%  read the suggested price
    5     1441.7   30.3%  type the price 457,580
    6      908.6   19.1%  type the quantity 250
    7      287.0    6.0%  take the quantity from the net sales
    8       87.8    1.8%  read the price back before Register
    9      224.5    4.7%  click Register
   10       94.3    2.0%  find Confirmation
   11       17.9    0.4%  look for the underprice question
   12      200.3    4.2%  click Confirmation
   13        0.7    0.0%  park
   14      109.2    2.3%  confirm the dialog is gone
   15      169.7    3.6%  wait for the panel to let the item go
   16       21.1    0.4%  read tab 4 after the listing
          4753.7  100.0%  TOTAL
  listed 34 at 457,580; it lands in row 14
DONE {"kind": "relist", "row": 14, "lands_in": 14, "qty": 34, "price": 457580, "item": "Upgrade Core (Ultimate"}
    relisted 34 at 457,580 in row 14
  tab 4 known from the last listing: 0 slot(s) held
  row 15: 'Upgrade Core (Ultimate' x10 at 457,594 -> tab 4 slot (1, 1)
    floor 441,177 (441,177 x 1) from Upgrade Core Set (Ultimate) as last bought; listed at 457,594, above it
TASK {"kind": "relist", "row": 15, "item": "Upgrade Core (Ultimate", "qty": 10, "price": 457594, "tab": 4, "slot": [1, 1], "lands_in": 15}

  cancel row 15
    #         ms   share  step
    1      322.9    9.5%  click Refresh
    2      371.4   11.0%  scroll to the row
    3        0.0    0.0%  read the button of a row the run holds empty
    4      138.2    4.1%  read the row and its button
    5      521.3   15.4%  finish selecting inventory tab 4
    6        0.2    0.0%  check tab 4 before the withdrawal
    7        3.2    0.1%  work out the row, its floor and where it lands
    8       20.1    0.6%  check the shop slot is empty
    9        0.0    0.0%  scroll to the row again
   10        0.0    0.0%  check the row is the one the run listed
   11      288.4    8.5%  hover over Change and click it
   12       85.4    2.5%  find Cancel
   13      217.8    6.4%  click Cancel
   14       89.7    2.7%  find Confirmation
   15      219.9    6.5%  click Confirmation and park
   16       93.3    2.8%  wait for the dialog to close
   17      138.9    4.1%  wait for the item to land in tab 4
   18      873.3   25.8%  select inventory tab 4 after the withdrawal
          3384.1  100.0%  TOTAL
  inventory slot (1,1) at (1475, 236)
    read: current min 457,580, price field 457,580, net sales 457,580, week average 467,575, listed at 457,594
    the lowest listed price is 457,580, from the row and 3 more
    market 457,580, typing 457,579, 1 under the market
    net sales 4,575,790 is 10 x 457,579
  typed 250; the net sales make it 10
    the panel holds 457,579 against the 457,579 typed
  tab 4 read in 17 ms after the listing: 0 slot(s) held

  list 10 at 457,579
    #         ms   share  step
    1       24.9    0.5%  read the panel before loading
    2        0.1    0.0%  wait for slot (1,1) to fill
    3      789.7   16.7%  ctrl-click (1,1) attempt 1
    4      382.7    8.1%  read the suggested price
    5     1439.3   30.5%  type the price 457,579
    6      909.4   19.2%  type the quantity 250
    7      284.7    6.0%  take the quantity from the net sales
    8       88.6    1.9%  read the price back before Register
    9      218.3    4.6%  click Register
   10       90.0    1.9%  find Confirmation
   11       19.2    0.4%  look for the underprice question
   12      194.7    4.1%  click Confirmation
   13        0.6    0.0%  park
   14       97.6    2.1%  confirm the dialog is gone
   15      168.9    3.6%  wait for the panel to let the item go
   16       16.7    0.4%  read tab 4 after the listing
          4725.4  100.0%  TOTAL
  listed 10 at 457,579; it lands in row 15
DONE {"kind": "relist", "row": 15, "lands_in": 15, "qty": 10, "price": 457579, "item": "Upgrade Core (Ultimate"}
    relisted 10 at 457,579 in row 15
  tab 4 known from the last listing: 0 slot(s) held
  row 16: 'Force Core (Ultimate' x73 at 379,819 -> tab 4 slot (1, 1)
    floor 355,544 (355,544 x 1) from Force Core Set (Ultimate) as last bought; listed at 379,819, above it
TASK {"kind": "relist", "row": 16, "item": "Force Core (Ultimate", "qty": 73, "price": 379819, "tab": 4, "slot": [1, 1], "lands_in": 16}

  cancel row 16
    #         ms   share  step
    1      322.2    9.5%  click Refresh
    2      371.4   10.9%  scroll to the row
    3        0.0    0.0%  read the button of a row the run holds empty
    4      113.4    3.3%  read the row and its button
    5      517.0   15.2%  finish selecting inventory tab 4
    6        0.2    0.0%  check tab 4 before the withdrawal
    7        2.9    0.1%  work out the row, its floor and where it lands
    8       18.9    0.6%  check the shop slot is empty
    9        0.0    0.0%  scroll to the row again
   10        0.0    0.0%  check the row is the one the run listed
   11      289.3    8.5%  hover over Change and click it
   12       87.7    2.6%  find Cancel
   13      216.1    6.4%  click Cancel
   14       87.5    2.6%  find Confirmation
   15      217.3    6.4%  click Confirmation and park
   16      107.3    3.2%  wait for the dialog to close
   17      171.6    5.1%  wait for the item to land in tab 4
   18      872.7   25.7%  select inventory tab 4 after the withdrawal
          3395.6  100.0%  TOTAL
  inventory slot (1,1) at (1475, 236)
    read: current min 379,813, price field 379,813, net sales 379,813, week average 385,330, listed at 379,819
    the lowest listed price is 379,813, from the row and 3 more
    market 379,813, typing 379,812, 1 under the market
    net sales 27,726,276 is 73 x 379,812
  typed 250; the net sales make it 73
    the panel holds 379,812 against the 379,812 typed
  tab 4 read in 16 ms after the listing: 0 slot(s) held

  list 73 at 379,812
    #         ms   share  step
    1       27.0    0.6%  read the panel before loading
    2        0.1    0.0%  wait for slot (1,1) to fill
    3      792.9   16.7%  ctrl-click (1,1) attempt 1
    4      380.1    8.0%  read the suggested price
    5     1446.0   30.5%  type the price 379,812
    6      909.4   19.2%  type the quantity 250
    7      295.3    6.2%  take the quantity from the net sales
    8       89.2    1.9%  read the price back before Register
    9      218.4    4.6%  click Register
   10       88.7    1.9%  find Confirmation
   11       16.1    0.3%  look for the underprice question
   12      199.3    4.2%  click Confirmation
   13        0.6    0.0%  park
   14       91.6    1.9%  confirm the dialog is gone
   15      167.2    3.5%  wait for the panel to let the item go
   16       16.3    0.3%  read tab 4 after the listing
          4738.2  100.0%  TOTAL
  listed 73 at 379,812; it lands in row 16
DONE {"kind": "relist", "row": 16, "lands_in": 16, "qty": 73, "price": 379812, "item": "Force Core (Ultimate"}
    relisted 73 at 379,812 in row 16
  row 17 is empty; nothing to relist
  row 18 is empty; nothing to relist
  row 19 is empty; nothing to relist
  row 20 is empty; nothing to relist
  row 21 is empty; nothing to relist
  row 22 is empty; nothing to relist
  row 23 is empty; nothing to relist
  row 24 is empty; nothing to relist
  row 25 is empty; nothing to relist

  relisting rows 1-25: 16 relisted, 9 empty, 0 skipped
    #          ms   share     n      each  phase
    1    78,321.5   52.3%    16   4,895.1  list it back
    2    27,596.1   18.4%    25   1,103.8  scroll to the row and read it
    3    19,814.3   13.2%    16   1,238.4  cancel the row and take it back
    4    13,971.5    9.3%    16     873.2  select inventory tab 4
    5     8,088.3    5.4%    25     323.5  Refresh the table
    6     1,531.1    1.0%     1   1,531.1  read tab 4 before the withdrawal
    7       306.6    0.2%    16      19.2  check the shop slot is empty
        149,629.5  100.0%

  returning the game to its default state
restoring the default state:
  Escape: window closed
  Inventory already closed
  the gift box at [284, 994]
  Receive All at [1209, 786]
  the special giftbox's Receive at [1438, 492]
  Close at [1483, 846]
  pressed 2 Receive button(s); the gift box took 3,325 ms
  the Agent Shop is shut and the vendor is not open either; reopening it
  Inventory shut: slot grid 0.10, needs 0.33

  board after pass 1:
                                                   bought/u   listed/u  margin      row price
     1  Divine Stone                       x11            -    706,514       -        706,514
     2  Arionell                           x1    280,833,333 312,185,712  +10.0%    312,185,712
     3  Force Gem Package                  x1    187,222,222 191,999,999   +2.5%    191,999,999
     4  Chaos Core Set X 200               x1             -    733,929       -    146,785,999
     5  Chaos Core Set X 200               x1             -    733,928       -    146,785,799
     6  Chaos Core Set X 252               x1             -    733,927       -    184,949,855
     7  Chaos Core Set X 200               x1             -    733,926       -    146,785,399
     8  Chaos Core Set X 48                x1             -    733,925       -     35,228,447
     9  Chaos Core Set X 348               x1             -    733,924       -    255,405,899
    10  Chaos Core Set X 252               x1             -    733,923       -    184,948,847
    11  Force Core (Ultimate               x8             -    379,814       -        379,814
    12  Upgrade Core (Ultimate             x22            -    457,581       -        457,581
    13  Force Core (Ultimate               x83            -    379,813       -        379,813
    14  Upgrade Core (Ultimate             x34            -    457,580       -        457,580
    15  Upgrade Core (Ultimate             x10            -    457,579       -        457,579
    16  Force Core (Ultimate               x73            -    379,812       -        379,812
    26  Chaos Core Set X 399               x1             -    734,028       -    292,877,570
    27  Potion of Honor                    x2             -  7,250,000       -      7,250,000
    29  Chaos Core Set X 999               x1             -    734,033       -    733,299,964
    item                               rows   units          listed
    Arionell                              1       1     312,185,712
    Chaos Core Set                        9   2,898   2,127,067,779
    Divine Stone                          1      11       7,771,654
    Force Core (Ultimate                  3     164      62,289,267
    Force Gem Package                     1       1     191,999,999
    Potion of Honor                       1       2      14,500,000
    Upgrade Core (Ultimate                3      66      30,200,292
    board                                19   3,143   2,746,014,703
    balance now 102,565,597
  pass 1: 16 relisted, 9 empty, 0 skipped; 9996.6 minute(s) left

-- pass 2 --

  resupply order: Chaos Core, Force Core(High), Force Core(Highest), Upgrade Core (Ultimate), Force Core (Ultimate), Blessing Bead - Superior, Arionell

  counting only rows 1-25; rows outside it are not repriced and do not count; 9 row(s) free
  core                            rows     buy/u    sell/u    margin  wants   short?
  Force Core(Highest)                0   210,000   207,942    -2,058      0   
  Chaos Core                         7         -         -         -      -   holds the most it can want, 6; not priced
  Force Core (Ultimate)              3         -         -         -      -   holds the most it can want, 3; not priced
  slot 8: attempt 1/20 timed out after 3s; row 1 reads 'Force Core(High)', expected 'Force Core Set (High)'
  the server is not answering; idling 30s rather than reading a screen it cannot serve
  the server is answering again after 30s
  the server stalled; closing the shop rather than trusting what is on screen
  whatever the stall left in tab 4 is read from the screen before the next withdrawal
restoring the default state:
  no Trade window or vendor open; not pressing Escape
  I: Inventory closed
  the Agent Shop is shut and the vendor is not open either; reopening it
  Inventory shut: slot grid 0.10, needs 0.33
  the server stalled for 30s; nothing was clicked and the shop is shut. The pass starts again.

-- pass 3 --
  tab 4 read from the screen after the stall: 0 slot(s) held

  resupply order: Chaos Core, Force Core(High), Force Core(Highest), Upgrade Core (Ultimate), Force Core (Ultimate), Blessing Bead - Superior, Arionell

  counting only rows 1-25; rows outside it are not repriced and do not count; 9 row(s) free
  core                            rows     buy/u    sell/u    margin  wants   short?
  Force Core(Highest)                0   210,000   205,000    -5,000      0   
  Chaos Core                         7         -         -         -      -   holds the most it can want, 6; not priced
  Force Core (Ultimate)              3         -         -         -      -   holds the most it can want, 3; not priced
  Force Core(High)                   0   167,222   170,000     2,778      0   
  Upgrade Core (Ultimate)            3         -         -         -      -   holds the most it can want, 3; not priced

  nothing inside rows 1-25 holds fewer rows than its margin is worth.

  Blessing Bead - Superior: 0 row(s) inside 1-25, 1 wanted; none
    floor 163,632,222: 437/1000 of the 374,444,444 voucher, read at launch

-- Blessing Bead - Superior: 0 row(s) --
  9 row(s) free inside 1-25; buying 1 at the Cash Shop, one at a time
TASK {"kind": "resupply", "core": "Blessing Bead - Superior", "tab": 4}
  Inventory shut; pressing I (attempt 1)
  tab 4 holds 0 slot(s) and is showing, so the Blessing Bead - Superior lands there
  the Cash Shop icon at [348, 994]
  Useable at [844, 168]
    'Blessing Bead - Superior' is where it was measured, 0 notch(es) down the Useable tab
  'Blessing Bead - Superior' at 350 Cash; Purchase at [739, 520]
  the Cash balance box [1134, 826, 1230, 848] reads 300
  the gem box [930, 826, 1060, 848] reads 41
  Blessing Bead - Superior costs 350 gem(s) from a Force Gem Package; 41 held
  41 is under the 350 it costs; buying a Force Gem Package and using it first, so the row goes out in one purchase
  Escape to close the Cash Shop (attempt 1)
  Inventory shut; pressing I (attempt 1)
  tab 4 holds 0 slot(s) and is showing, so the Force Gem Package lands there
  the Cash Shop icon at [348, 994]
  Useable at [844, 168]
    'Force Gem Package' is where it was measured, 0 notch(es) down the Useable tab
  'Force Gem Package' at 500 Cash; Purchase at [739, 750]
  the Cash balance box [1134, 826, 1230, 848] reads 300
  a Force Gem Package costs 500 Cash; 300 Cash held
  300 Cash is under the 500 a Force Gem Package costs; buying a Gold voucher and using it first
  Escape to close the Cash Shop (attempt 1)
  the Agent Shop is shut and the vendor is not open either; reopening it
  Inventory shut: slot grid 0.10, needs 0.33
  Alz 102,565,597 held; even 1 Gold voucher at 374,444,444 needs 374,444,444; not buying.
  resupply of 'Blessing Bead - Superior' stopped: the Alz on hand does not cover a Gold voucher at about 374,444,444; no Cash can be made for Blessing Bead - Superior.

  Arionell: 1 row(s) inside 1-25, 1 wanted; row 2 'Arionell'
    floor 280,833,333: 750/1000 of the 374,444,444 voucher, read at launch
  tab 4 read from the screen in 1529 ms: 0 slot(s) held
  row 1: 'Divine Stone' x11 at 706,514 -> tab 4 slot (1, 1)
    no floor for 'Divine Stone'
TASK {"kind": "relist", "row": 1, "item": "Divine Stone", "qty": 11, "price": 706514, "tab": 4, "slot": [1, 1], "lands_in": 1}

  cancel row 1
    #         ms   share  step
    1      322.1    5.6%  click Refresh
    2        0.0    0.0%  scroll to the row
    3        0.0    0.0%  read the button of a row the run holds empty
    4      270.9    4.7%  read the row and its button
    5      516.2    9.0%  finish selecting inventory tab 4
    6     1529.1   26.7%  check tab 4 before the withdrawal
    7      360.9    6.3%  work out the row, its floor and where it lands
    8       19.8    0.3%  check the shop slot is empty
    9        0.0    0.0%  scroll to the row again
   10        0.0    0.0%  check the row is the one the run listed
   11      792.4   13.8%  hover over Change and click it
   12       89.4    1.6%  find Cancel
   13      216.5    3.8%  click Cancel
   14      177.6    3.1%  find Confirmation
   15      308.4    5.4%  click Confirmation and park
   16      103.7    1.8%  wait for the dialog to close
   17      142.8    2.5%  wait for the item to land in tab 4
   18      873.1   15.3%  select inventory tab 4 after the withdrawal
          5722.9  100.0%  TOTAL
  inventory slot (1,1) at (1475, 236)
    read: current min 706,514, price field 706,514, net sales 706,514, week average 706,521, listed at 706,514
    the lowest listed price is 706,514, from the row and 3 more
    market 706,514, typing 706,513, 1 under the market
    net sales 7,771,643 is 11 x 706,513
  typed 250; the net sales make it 11
    the panel holds 706,513 against the 706,513 typed
  tab 4 read in 20 ms after the listing: 0 slot(s) held

  list 11 at 706,513
    #         ms   share  step
    1       23.8    0.5%  read the panel before loading
    2        0.2    0.0%  wait for slot (1,1) to fill
    3      794.4   16.7%  ctrl-click (1,1) attempt 1
    4      380.0    8.0%  read the suggested price
    5     1437.3   30.2%  type the price 706,513
    6      908.5   19.1%  type the quantity 250
    7      282.5    5.9%  take the quantity from the net sales
    8       88.8    1.9%  read the price back before Register
    9      228.7    4.8%  click Register
   10       90.9    1.9%  find Confirmation
   11       22.7    0.5%  look for the underprice question
   12      194.4    4.1%  click Confirmation
   13        0.6    0.0%  park
   14      106.4    2.2%  confirm the dialog is gone
   15      173.3    3.6%  wait for the panel to let the item go
   16       20.2    0.4%  read tab 4 after the listing
          4752.7  100.0%  TOTAL
  listed 11 at 706,513; it lands in row 1
DONE {"kind": "relist", "row": 1, "lands_in": 1, "qty": 11, "price": 706513, "item": "Divine Stone"}
    relisted 11 at 706,513 in row 1
  tab 4 known from the last listing: 0 slot(s) held
  row 2: 'Arionell' x1 at 312,185,712 -> tab 4 slot (1, 1)
    floor 280,833,333 from what it cost; listed at 312,185,712, above it
TASK {"kind": "relist", "row": 2, "item": "Arionell", "qty": 1, "price": 312185712, "tab": 4, "slot": [1, 1], "lands_in": 2}

  cancel row 2
    #         ms   share  step
    1      322.1    9.5%  click Refresh
    2      372.0   10.9%  scroll to the row
    3        0.0    0.0%  read the button of a row the run holds empty
    4      117.0    3.4%  read the row and its button
    5      517.0   15.2%  finish selecting inventory tab 4
    6        0.2    0.0%  check tab 4 before the withdrawal
    7        3.1    0.1%  work out the row, its floor and where it lands
    8       20.4    0.6%  check the shop slot is empty
    9        0.0    0.0%  scroll to the row again
   10        0.0    0.0%  check the row is the one the run listed
   11      291.6    8.6%  hover over Change and click it
   12       91.7    2.7%  find Cancel
   13      220.4    6.5%  click Cancel
   14       92.7    2.7%  find Confirmation
   15      220.1    6.5%  click Confirmation and park
   16      101.0    3.0%  wait for the dialog to close
   17      156.4    4.6%  wait for the item to land in tab 4
   18      877.6   25.8%  select inventory tab 4 after the withdrawal
          3403.3  100.0%  TOTAL
  inventory slot (1,1) at (1475, 236)
    read: current min 312,185,713, price field 312,185,713, net sales 312,185,713, week average 292,773,213, listed at 312,185,712
    the lowest listed price is 312,185,713, from the row and 3 more
    market 312,185,713, typing 312,185,712, 1 under the market
    net sales 312,185,712 is 1 x 312,185,712
  typed 250; the net sales make it 1
    the panel holds 312,185,712 against the 312,185,712 typed
  tab 4 read in 17 ms after the listing: 0 slot(s) held

  list 1 at 312,185,712
    #         ms   share  step
    1       23.9    0.5%  read the panel before loading
    2        0.1    0.0%  wait for slot (1,1) to fill
    3      798.3   16.1%  ctrl-click (1,1) attempt 1
    4      384.1    7.8%  read the suggested price
    5     1646.1   33.3%  type the price 312,185,712
    6      908.5   18.4%  type the quantity 250
    7      289.9    5.9%  take the quantity from the net sales
    8       87.9    1.8%  read the price back before Register
    9      217.4    4.4%  click Register
   10       88.8    1.8%  find Confirmation
   11       19.4    0.4%  look for the underprice question
   12      195.5    4.0%  click Confirmation
   13        0.6    0.0%  park
   14      104.6    2.1%  confirm the dialog is gone
   15      166.1    3.4%  wait for the panel to let the item go
   16       16.8    0.3%  read tab 4 after the listing
          4947.8  100.0%  TOTAL
  listed 1 at 312,185,712; it lands in row 2
DONE {"kind": "relist", "row": 2, "lands_in": 2, "qty": 1, "price": 312185712, "item": "Arionell"}
    relisted 1 at 312,185,712 in row 2
  tab 4 known from the last listing: 0 slot(s) held
  row 3: 'Force Gem Package' x1 at 191,999,999 -> tab 4 slot (1, 1)
    floor 187,222,222 from what it cost; listed at 191,999,999, above it
TASK {"kind": "relist", "row": 3, "item": "Force Gem Package", "qty": 1, "price": 191999999, "tab": 4, "slot": [1, 1], "lands_in": 3}

  cancel row 3
    #         ms   share  step
    1      322.8    8.7%  click Refresh
    2      371.7   10.0%  scroll to the row
    3        0.0    0.0%  read the button of a row the run holds empty
    4      132.0    3.6%  read the row and its button
    5      518.9   14.0%  finish selecting inventory tab 4
    6        0.5    0.0%  check tab 4 before the withdrawal
    7        2.9    0.1%  work out the row, its floor and where it lands
    8       18.0    0.5%  check the shop slot is empty
    9        0.0    0.0%  scroll to the row again
   10        0.0    0.0%  check the row is the one the run listed
   11      288.0    7.8%  hover over Change and click it
   12      182.6    4.9%  find Cancel
   13      315.0    8.5%  click Cancel
   14       87.6    2.4%  find Confirmation
   15      223.1    6.0%  click Confirmation and park
   16      104.5    2.8%  wait for the dialog to close
   17      269.7    7.3%  wait for the item to land in tab 4
   18      874.2   23.6%  select inventory tab 4 after the withdrawal
          3711.5  100.0%  TOTAL
  inventory slot (1,1) at (1475, 236)
    read: current min 192,000,000, price field 192,000,000, net sales 192,000,000, week average 189,265,820, listed at 191,999,999
    the lowest listed price is 192,000,000, from the row and 3 more
    market 192,000,000, typing 191,999,999, 1 under the market
    net sales 191,999,999 is 1 x 191,999,999
  typed 250; the net sales make it 1
    the panel holds 191,999,999 against the 191,999,999 typed
  tab 4 read in 17 ms after the listing: 0 slot(s) held

  list 1 at 191,999,999
    #         ms   share  step
    1       21.8    0.4%  read the panel before loading
    2        0.1    0.0%  wait for slot (1,1) to fill
    3      789.9   16.0%  ctrl-click (1,1) attempt 1
    4      382.5    7.8%  read the suggested price
    5     1650.6   33.5%  type the price 191,999,999
    6      909.1   18.4%  type the quantity 250
    7      286.7    5.8%  take the quantity from the net sales
    8       88.1    1.8%  read the price back before Register
    9      217.3    4.4%  click Register
   10       89.8    1.8%  find Confirmation
   11       24.1    0.5%  look for the underprice question
   12      190.7    3.9%  click Confirmation
   13        0.6    0.0%  park
   14      100.6    2.0%  confirm the dialog is gone
   15      165.6    3.4%  wait for the panel to let the item go
   16       16.8    0.3%  read tab 4 after the listing
          4934.3  100.0%  TOTAL
  listed 1 at 191,999,999; it lands in row 3
DONE {"kind": "relist", "row": 3, "lands_in": 3, "qty": 1, "price": 191999999, "item": "Force Gem Package"}
    relisted 1 at 191,999,999 in row 3
  tab 4 known from the last listing: 0 slot(s) held
  row 4: 'Chaos Core Set X 200' x1 at 146,785,999 -> tab 4 slot (1, 1)
    floor 146,194,800 (730,974 x 200) from Chaos Core as last bought; listed at 146,785,999, above it
TASK {"kind": "relist", "row": 4, "item": "Chaos Core Set X 200", "qty": 1, "price": 146785999, "tab": 4, "slot": [1, 1], "lands_in": 4}

  cancel row 4
    #         ms   share  step
    1      322.7    9.0%  click Refresh
    2      370.9   10.4%  scroll to the row
    3        0.0    0.0%  read the button of a row the run holds empty
    4      129.2    3.6%  read the row and its button
    5      520.4   14.6%  finish selecting inventory tab 4
    6        0.2    0.0%  check tab 4 before the withdrawal
    7        3.2    0.1%  work out the row, its floor and where it lands
    8       16.2    0.5%  check the shop slot is empty
    9        0.0    0.0%  scroll to the row again
   10        0.0    0.0%  check the row is the one the run listed
   11      291.5    8.2%  hover over Change and click it
   12       87.0    2.4%  find Cancel
   13      220.3    6.2%  click Cancel
   14      175.0    4.9%  find Confirmation
   15      309.3    8.7%  click Confirmation and park
   16       95.3    2.7%  wait for the dialog to close
   17      155.0    4.3%  wait for the item to land in tab 4
   18      873.5   24.5%  select inventory tab 4 after the withdrawal
          3569.8  100.0%  TOTAL
  inventory slot (1,1) at (1475, 236)
    read: current min 146,783,400, price field 146,783,400, net sales 146,783,400, week average 146,822,000, listed at 146,785,999
    the lowest listed price is 146,783,400, from the row and 3 more
    market 146,783,400, typing 146,783,399, 1 under the market
    net sales 146,783,399 is 1 x 146,783,399
  typed 250; the net sales make it 1
    the panel holds 146,783,399 against the 146,783,399 typed
  tab 4 read in 16 ms after the listing: 0 slot(s) held

  list 1 at 146,783,399
    #         ms   share  step
    1       22.6    0.4%  read the panel before loading
    2        0.1    0.0%  wait for slot (1,1) to fill
    3      795.9   15.5%  ctrl-click (1,1) attempt 1
    4      384.2    7.5%  read the suggested price
    5     1649.7   32.1%  type the price 146,783,399
    6      908.1   17.7%  type the quantity 250
    7      287.7    5.6%  take the quantity from the net sales
    8       86.4    1.7%  read the price back before Register
    9      215.7    4.2%  click Register
   10      181.2    3.5%  find Confirmation
   11       16.1    0.3%  look for the underprice question
   12      308.4    6.0%  click Confirmation
   13        0.5    0.0%  park
   14       99.6    1.9%  confirm the dialog is gone
   15      167.4    3.3%  wait for the panel to let the item go
   16       16.4    0.3%  read tab 4 after the listing
          5140.1  100.0%  TOTAL
  listed 1 at 146,783,399; it lands in row 4
DONE {"kind": "relist", "row": 4, "lands_in": 4, "qty": 1, "price": 146783399, "item": "Chaos Core Set X 200"}
    relisted 1 at 146,783,399 in row 4
  tab 4 known from the last listing: 0 slot(s) held
  row 5: 'Chaos Core Set X 200' x1 at 146,785,799 -> tab 4 slot (1, 1)
    floor 146,194,800 (730,974 x 200) from Chaos Core as last bought; listed at 146,785,799, above it
TASK {"kind": "relist", "row": 5, "item": "Chaos Core Set X 200", "qty": 1, "price": 146785799, "tab": 4, "slot": [1, 1], "lands_in": 5}

  cancel row 5
    #         ms   share  step
    1      322.3    9.0%  click Refresh
    2      370.8   10.3%  scroll to the row
    3        0.0    0.0%  read the button of a row the run holds empty
    4      131.4    3.7%  read the row and its button
    5      519.9   14.5%  finish selecting inventory tab 4
    6        0.2    0.0%  check tab 4 before the withdrawal
    7        3.3    0.1%  work out the row, its floor and where it lands
    8       19.6    0.5%  check the shop slot is empty
    9        0.0    0.0%  scroll to the row again
   10        0.0    0.0%  check the row is the one the run listed
   11      289.3    8.1%  hover over Change and click it
   12      188.4    5.3%  find Cancel
   13      305.1    8.5%  click Cancel
   14       86.7    2.4%  find Confirmation
   15      219.6    6.1%  click Confirmation and park
   16      105.2    2.9%  wait for the dialog to close
   17      153.0    4.3%  wait for the item to land in tab 4
   18      872.8   24.3%  select inventory tab 4 after the withdrawal
          3587.7  100.0%  TOTAL
  inventory slot (1,1) at (1475, 236)
    read: current min 146,783,200, price field 146,783,200, net sales 146,783,200, week average 146,822,000, listed at 146,785,799
    the lowest listed price is 146,783,200, from the row and 3 more
    market 146,783,200, typing 146,783,199, 1 under the market
    net sales 146,783,199 is 1 x 146,783,199
  typed 250; the net sales make it 1
    the panel holds 146,783,199 against the 146,783,199 typed
  tab 4 read in 16 ms after the listing: 0 slot(s) held

  list 1 at 146,783,199
    #         ms   share  step
    1       25.0    0.5%  read the panel before loading
    2        0.1    0.0%  wait for slot (1,1) to fill
    3      789.2   15.9%  ctrl-click (1,1) attempt 1
    4      380.5    7.7%  read the suggested price
    5     1657.9   33.4%  type the price 146,783,199
    6      908.5   18.3%  type the quantity 250
    7      292.5    5.9%  take the quantity from the net sales
    8       91.0    1.8%  read the price back before Register
    9      214.2    4.3%  click Register
   10       88.8    1.8%  find Confirmation
   11       17.8    0.4%  look for the underprice question
   12      198.0    4.0%  click Confirmation
   13        0.7    0.0%  park
   14      115.4    2.3%  confirm the dialog is gone
   15      169.9    3.4%  wait for the panel to let the item go
   16       15.9    0.3%  read tab 4 after the listing
          4965.5  100.0%  TOTAL
  listed 1 at 146,783,199; it lands in row 5
DONE {"kind": "relist", "row": 5, "lands_in": 5, "qty": 1, "price": 146783199, "item": "Chaos Core Set X 200"}
    relisted 1 at 146,783,199 in row 5
  tab 4 known from the last listing: 0 slot(s) held
  row 6: 'Chaos Core Set X 252' x1 at 184,949,855 -> tab 4 slot (1, 1)
    floor 184,205,448 (730,974 x 252) from Chaos Core as last bought; listed at 184,949,855, above it
TASK {"kind": "relist", "row": 6, "item": "Chaos Core Set X 252", "qty": 1, "price": 184949855, "tab": 4, "slot": [1, 1], "lands_in": 6}

  cancel row 6
    #         ms   share  step
    1      322.8    9.5%  click Refresh
    2      371.0   11.0%  scroll to the row
    3        0.0    0.0%  read the button of a row the run holds empty
    4      131.7    3.9%  read the row and its button
    5      519.4   15.4%  finish selecting inventory tab 4
    6        0.5    0.0%  check tab 4 before the withdrawal
    7        3.3    0.1%  work out the row, its floor and where it lands
    8       17.4    0.5%  check the shop slot is empty
    9        0.0    0.0%  scroll to the row again
   10        0.0    0.0%  check the row is the one the run listed
   11      290.7    8.6%  hover over Change and click it
   12       85.4    2.5%  find Cancel
   13      218.2    6.5%  click Cancel
   14       87.6    2.6%  find Confirmation
   15      217.8    6.4%  click Confirmation and park
   16       93.8    2.8%  wait for the dialog to close
   17      148.9    4.4%  wait for the item to land in tab 4
   18      873.1   25.8%  select inventory tab 4 after the withdrawal
          3381.7  100.0%  TOTAL
  inventory slot (1,1) at (1475, 236)
    read: current min 184,946,580, price field unread, net sales unread, week average unread, listed at 184,949,855
    only 1 of the three price places read; 3 must agree before anything is typed
    read: current min 184,946,580, price field 184,946,580, net sales 184,946,580, week average 184,995,720, listed at 184,949,855
    the lowest listed price is 184,946,580, from the row and 3 more
    market 184,946,580, typing 184,946,579, 1 under the market
    net sales 184,946,579 is 1 x 184,946,579
  typed 250; the net sales make it 1
    the panel holds 184,946,579 against the 184,946,579 typed
  tab 4 read in 17 ms after the listing: 0 slot(s) held

  list 1 at 184,946,579
    #         ms   share  step
    1       24.7    0.5%  read the panel before loading
    2        0.1    0.0%  wait for slot (1,1) to fill
    3      789.1   15.4%  ctrl-click (1,1) attempt 1
    4      559.7   10.9%  read the suggested price
    5     1646.3   32.1%  type the price 184,946,579
    6      909.9   17.7%  type the quantity 250
    7      289.3    5.6%  take the quantity from the net sales
    8       87.9    1.7%  read the price back before Register
    9      218.3    4.3%  click Register
   10       87.0    1.7%  find Confirmation
   11       16.4    0.3%  look for the underprice question
   12      199.9    3.9%  click Confirmation
   13        0.6    0.0%  park
   14      110.7    2.2%  confirm the dialog is gone
   15      176.3    3.4%  wait for the panel to let the item go
   16       17.0    0.3%  read tab 4 after the listing
          5133.0  100.0%  TOTAL
  listed 1 at 184,946,579; it lands in row 6
DONE {"kind": "relist", "row": 6, "lands_in": 6, "qty": 1, "price": 184946579, "item": "Chaos Core Set X 252"}
    relisted 1 at 184,946,579 in row 6
  tab 4 known from the last listing: 0 slot(s) held
  row 7: 'Chaos Core Set X 200' x1 at 146,785,399 -> tab 4 slot (1, 1)
    floor 146,194,800 (730,974 x 200) from Chaos Core as last bought; listed at 146,785,399, above it
TASK {"kind": "relist", "row": 7, "item": "Chaos Core Set X 200", "qty": 1, "price": 146785399, "tab": 4, "slot": [1, 1], "lands_in": 7}

  cancel row 7
    #         ms   share  step
    1      322.4    9.1%  click Refresh
    2      371.6   10.5%  scroll to the row
    3        0.0    0.0%  read the button of a row the run holds empty
    4      133.9    3.8%  read the row and its button
    5      517.4   14.6%  finish selecting inventory tab 4
    6        0.3    0.0%  check tab 4 before the withdrawal
    7        2.9    0.1%  work out the row, its floor and where it lands
    8       16.2    0.5%  check the shop slot is empty
    9        0.0    0.0%  scroll to the row again
   10        0.0    0.0%  check the row is the one the run listed
   11      287.4    8.1%  hover over Change and click it
   12       84.0    2.4%  find Cancel
   13      220.4    6.2%  click Cancel
   14      172.0    4.8%  find Confirmation
   15      304.1    8.6%  click Confirmation and park
   16       98.9    2.8%  wait for the dialog to close
   17      149.3    4.2%  wait for the item to land in tab 4
   18      873.1   24.6%  select inventory tab 4 after the withdrawal
          3553.9  100.0%  TOTAL
  inventory slot (1,1) at (1475, 236)
    read: current min 146,782,800, price field 146,782,800, net sales 146,782,800, week average 146,822,000, listed at 146,785,399
    the lowest listed price is 146,782,800, from the row and 3 more
    market 146,782,800, typing 146,782,799, 1 under the market
    net sales 146,782,799 is 1 x 146,782,799
  typed 250; the net sales make it 1
    the panel holds 146,782,799 against the 146,782,799 typed
  tab 4 read in 17 ms after the listing: 0 slot(s) held

  list 1 at 146,782,799
    #         ms   share  step
    1       26.0    0.5%  read the panel before loading
    2        0.1    0.0%  wait for slot (1,1) to fill
    3      794.5   16.0%  ctrl-click (1,1) attempt 1
    4      380.0    7.7%  read the suggested price
    5     1650.6   33.3%  type the price 146,782,799
    6      908.8   18.4%  type the quantity 250
    7      290.3    5.9%  take the quantity from the net sales
    8       88.1    1.8%  read the price back before Register
    9      216.7    4.4%  click Register
   10       91.4    1.8%  find Confirmation
   11       15.9    0.3%  look for the underprice question
   12      204.0    4.1%  click Confirmation
   13        0.6    0.0%  park
   14       94.1    1.9%  confirm the dialog is gone
   15      172.2    3.5%  wait for the panel to let the item go
   16       16.8    0.3%  read tab 4 after the listing
          4950.0  100.0%  TOTAL
  listed 1 at 146,782,799; it lands in row 7
DONE {"kind": "relist", "row": 7, "lands_in": 7, "qty": 1, "price": 146782799, "item": "Chaos Core Set X 200"}
    relisted 1 at 146,782,799 in row 7
  tab 4 known from the last listing: 0 slot(s) held
  row 8: 'Chaos Core Set X 48' x1 at 35,228,447 -> tab 4 slot (1, 1)
    floor 35,086,752 (730,974 x 48) from Chaos Core as last bought; listed at 35,228,447, above it
TASK {"kind": "relist", "row": 8, "item": "Chaos Core Set X 48", "qty": 1, "price": 35228447, "tab": 4, "slot": [1, 1], "lands_in": 8}

  cancel row 8
    #         ms   share  step
    1      324.3    9.6%  click Refresh
    2      371.4   11.0%  scroll to the row
    3        0.0    0.0%  read the button of a row the run holds empty
    4      119.2    3.5%  read the row and its button
    5      519.0   15.4%  finish selecting inventory tab 4
    6        0.2    0.0%  check tab 4 before the withdrawal
    7        3.2    0.1%  work out the row, its floor and where it lands
    8       18.6    0.6%  check the shop slot is empty
    9        0.0    0.0%  scroll to the row again
   10        0.0    0.0%  check the row is the one the run listed
   11      290.4    8.6%  hover over Change and click it
   12       90.6    2.7%  find Cancel
   13      217.3    6.4%  click Cancel
   14       88.1    2.6%  find Confirmation
   15      215.9    6.4%  click Confirmation and park
   16       94.0    2.8%  wait for the dialog to close
   17      153.0    4.5%  wait for the item to land in tab 4
   18      872.8   25.8%  select inventory tab 4 after the withdrawal
          3378.0  100.0%  TOTAL
  inventory slot (1,1) at (1475, 236)
    read: current min 35,227,824, price field 35,227,824, net sales 35,227,824, week average 35,237,280, listed at 35,228,447
    the lowest listed price is 35,227,824, from the row and 3 more
    market 35,227,824, typing 35,227,823, 1 under the market
    net sales 35,227,823 is 1 x 35,227,823
  typed 250; the net sales make it 1
    the panel holds 35,227,823 against the 35,227,823 typed
  tab 4 read in 17 ms after the listing: 0 slot(s) held

  list 1 at 35,227,823
    #         ms   share  step
    1       25.8    0.5%  read the panel before loading
    2        0.1    0.0%  wait for slot (1,1) to fill
    3      796.8   16.3%  ctrl-click (1,1) attempt 1
    4      390.8    8.0%  read the suggested price
    5     1581.1   32.3%  type the price 35,227,823
    6      908.6   18.6%  type the quantity 250
    7      286.7    5.9%  take the quantity from the net sales
    8       91.5    1.9%  read the price back before Register
    9      216.4    4.4%  click Register
   10       89.3    1.8%  find Confirmation
   11       17.0    0.3%  look for the underprice question
   12      202.5    4.1%  click Confirmation
   13        0.6    0.0%  park
   14       98.5    2.0%  confirm the dialog is gone
   15      173.3    3.5%  wait for the panel to let the item go
   16       17.5    0.4%  read tab 4 after the listing
          4896.4  100.0%  TOTAL
  listed 1 at 35,227,823; it lands in row 8
DONE {"kind": "relist", "row": 8, "lands_in": 8, "qty": 1, "price": 35227823, "item": "Chaos Core Set X 48"}
    relisted 1 at 35,227,823 in row 8
  tab 4 known from the last listing: 0 slot(s) held
  row 9: 'Chaos Core Set X 348' x1 at 255,405,899 -> tab 4 slot (1, 1)
    floor 254,378,952 (730,974 x 348) from Chaos Core as last bought; listed at 255,405,899, above it
TASK {"kind": "relist", "row": 9, "item": "Chaos Core Set X 348", "qty": 1, "price": 255405899, "tab": 4, "slot": [1, 1], "lands_in": 9}

  cancel row 9
    #         ms   share  step
    1      322.6    9.0%  click Refresh
    2      371.9   10.4%  scroll to the row
    3        0.0    0.0%  read the button of a row the run holds empty
    4      126.1    3.5%  read the row and its button
    5      520.0   14.5%  finish selecting inventory tab 4
    6        0.2    0.0%  check tab 4 before the withdrawal
    7        3.5    0.1%  work out the row, its floor and where it lands
    8       17.5    0.5%  check the shop slot is empty
    9        0.0    0.0%  scroll to the row again
   10        0.0    0.0%  check the row is the one the run listed
   11      289.8    8.1%  hover over Change and click it
   12      189.6    5.3%  find Cancel
   13      306.4    8.6%  click Cancel
   14       93.3    2.6%  find Confirmation
   15      212.4    5.9%  click Confirmation and park
   16      109.2    3.1%  wait for the dialog to close
   17      142.0    4.0%  wait for the item to land in tab 4
   18      873.3   24.4%  select inventory tab 4 after the withdrawal
          3577.8  100.0%  TOTAL
  inventory slot (1,1) at (1475, 236)
    read: current min 255,401,376, price field 255,401,376, net sales 255,401,376, week average 255,470,280, listed at 255,405,899
    the lowest listed price is 255,401,376, from the row and 3 more
    market 255,401,376, typing 255,401,375, 1 under the market
    net sales 255,401,375 is 1 x 255,401,375
  typed 250; the net sales make it 1
    the panel holds 255,401,375 against the 255,401,375 typed
  tab 4 read in 20 ms after the listing: 0 slot(s) held

  list 1 at 255,401,375
    #         ms   share  step
    1       23.4    0.5%  read the panel before loading
    2        0.1    0.0%  wait for slot (1,1) to fill
    3      790.5   15.9%  ctrl-click (1,1) attempt 1
    4      384.6    7.8%  read the suggested price
    5     1647.1   33.2%  type the price 255,401,375
    6      908.8   18.3%  type the quantity 250
    7      288.7    5.8%  take the quantity from the net sales
    8       89.1    1.8%  read the price back before Register
    9      215.8    4.4%  click Register
   10       87.2    1.8%  find Confirmation
   11       16.6    0.3%  look for the underprice question
   12      200.7    4.0%  click Confirmation
   13        0.6    0.0%  park
   14      109.0    2.2%  confirm the dialog is gone
   15      174.4    3.5%  wait for the panel to let the item go
   16       20.1    0.4%  read tab 4 after the listing
          4956.8  100.0%  TOTAL
  listed 1 at 255,401,375; it lands in row 9
DONE {"kind": "relist", "row": 9, "lands_in": 9, "qty": 1, "price": 255401375, "item": "Chaos Core Set X 348"}
    relisted 1 at 255,401,375 in row 9
  tab 4 known from the last listing: 0 slot(s) held
  row 10: 'Chaos Core Set X 252' x1 at 184,948,847 -> tab 4 slot (1, 1)
    floor 184,205,448 (730,974 x 252) from Chaos Core as last bought; listed at 184,948,847, above it
TASK {"kind": "relist", "row": 10, "item": "Chaos Core Set X 252", "qty": 1, "price": 184948847, "tab": 4, "slot": [1, 1], "lands_in": 10}

  cancel row 10
    #         ms   share  step
    1      322.2    9.5%  click Refresh
    2      371.4   10.9%  scroll to the row
    3        0.0    0.0%  read the button of a row the run holds empty
    4      131.9    3.9%  read the row and its button
    5      516.2   15.2%  finish selecting inventory tab 4
    6        0.2    0.0%  check tab 4 before the withdrawal
    7        3.1    0.1%  work out the row, its floor and where it lands
    8       17.8    0.5%  check the shop slot is empty
    9        0.0    0.0%  scroll to the row again
   10        0.0    0.0%  check the row is the one the run listed
   11      290.5    8.5%  hover over Change and click it
   12       89.4    2.6%  find Cancel
   13      218.1    6.4%  click Cancel
   14       91.3    2.7%  find Confirmation
   15      217.8    6.4%  click Confirmation and park
   16      112.5    3.3%  wait for the dialog to close
   17      143.2    4.2%  wait for the item to land in tab 4
   18      873.3   25.7%  select inventory tab 4 after the withdrawal
          3398.8  100.0%  TOTAL
  inventory slot (1,1) at (1475, 236)
    read: current min 184,945,572, price field 184,945,572, net sales 184,945,572, week average 184,995,720, listed at 184,948,847
    the lowest listed price is 184,945,572, from the row and 3 more
    market 184,945,572, typing 184,945,571, 1 under the market
    net sales 184,945,571 is 1 x 184,945,571
  typed 250; the net sales make it 1
    the panel holds 184,945,571 against the 184,945,571 typed
  tab 4 read in 21 ms after the listing: 0 slot(s) held

  list 1 at 184,945,571
    #         ms   share  step
    1       21.9    0.4%  read the panel before loading
    2        0.1    0.0%  wait for slot (1,1) to fill
    3      789.8   15.9%  ctrl-click (1,1) attempt 1
    4      380.5    7.7%  read the suggested price
    5     1654.3   33.4%  type the price 184,945,571
    6      908.2   18.3%  type the quantity 250
    7      289.2    5.8%  take the quantity from the net sales
    8       90.5    1.8%  read the price back before Register
    9      215.5    4.3%  click Register
   10       95.2    1.9%  find Confirmation
   11       19.3    0.4%  look for the underprice question
   12      195.3    3.9%  click Confirmation
   13        0.6    0.0%  park
   14      109.3    2.2%  confirm the dialog is gone
   15      169.0    3.4%  wait for the panel to let the item go
   16       21.4    0.4%  read tab 4 after the listing
          4960.0  100.0%  TOTAL
  listed 1 at 184,945,571; it lands in row 10
DONE {"kind": "relist", "row": 10, "lands_in": 10, "qty": 1, "price": 184945571, "item": "Chaos Core Set X 252"}
    relisted 1 at 184,945,571 in row 10
  tab 4 known from the last listing: 0 slot(s) held
  row 11: 'Force Core (Ultimate' x8 at 379,814 -> tab 4 slot (1, 1)
    floor 355,544 (355,544 x 1) from Force Core Set (Ultimate) as last bought; listed at 379,814, above it
TASK {"kind": "relist", "row": 11, "item": "Force Core (Ultimate", "qty": 8, "price": 379814, "tab": 4, "slot": [1, 1], "lands_in": 11}

  cancel row 11
    #         ms   share  step
    1      322.4    9.6%  click Refresh
    2      371.7   11.0%  scroll to the row
    3        0.0    0.0%  read the button of a row the run holds empty
    4      118.8    3.5%  read the row and its button
    5      516.7   15.3%  finish selecting inventory tab 4
    6        0.2    0.0%  check tab 4 before the withdrawal
    7        2.9    0.1%  work out the row, its floor and where it lands
    8       20.6    0.6%  check the shop slot is empty
    9        0.0    0.0%  scroll to the row again
   10        0.0    0.0%  check the row is the one the run listed
   11      289.9    8.6%  hover over Change and click it
   12       86.1    2.6%  find Cancel
   13      221.0    6.6%  click Cancel
   14       91.7    2.7%  find Confirmation
   15      216.7    6.4%  click Confirmation and park
   16      204.5    6.1%  wait for the dialog to close
   17       33.8    1.0%  wait for the item to land in tab 4
   18      874.5   25.9%  select inventory tab 4 after the withdrawal
          3371.5  100.0%  TOTAL
  inventory slot (1,1) at (1475, 236)
    read: current min 379,809, price field 379,809, net sales 379,809, week average 385,330, listed at 379,814
    the lowest listed price is 379,809, from the row and 3 more
    market 379,809, typing 379,808, 1 under the market
    net sales 3,038,464 is 8 x 379,808
  typed 250; the net sales make it 8
    the panel holds 379,808 against the 379,808 typed
  tab 4 read in 21 ms after the listing: 0 slot(s) held

  list 8 at 379,808
    #         ms   share  step
    1       27.0    0.5%  read the panel before loading
    2        0.1    0.0%  wait for slot (1,1) to fill
    3      793.1   16.0%  ctrl-click (1,1) attempt 1
    4      381.9    7.7%  read the suggested price
    5     1447.7   29.2%  type the price 379,808
    6      909.9   18.4%  type the quantity 250
    7      284.3    5.7%  take the quantity from the net sales
    8       91.2    1.8%  read the price back before Register
    9      216.9    4.4%  click Register
   10      182.7    3.7%  find Confirmation
   11       16.9    0.3%  look for the underprice question
   12      311.6    6.3%  click Confirmation
   13        0.6    0.0%  park
   14       98.8    2.0%  confirm the dialog is gone
   15      167.9    3.4%  wait for the panel to let the item go
   16       20.9    0.4%  read tab 4 after the listing
          4951.5  100.0%  TOTAL
  listed 8 at 379,808; it lands in row 11
DONE {"kind": "relist", "row": 11, "lands_in": 11, "qty": 8, "price": 379808, "item": "Force Core (Ultimate"}
    relisted 8 at 379,808 in row 11
  tab 4 known from the last listing: 0 slot(s) held
  row 12: 'Upgrade Core (Ultimate' x22 at 457,581 -> tab 4 slot (1, 1)
    floor 441,177 (441,177 x 1) from Upgrade Core Set (Ultimate) as last bought; listed at 457,581, above it
TASK {"kind": "relist", "row": 12, "item": "Upgrade Core (Ultimate", "qty": 22, "price": 457581, "tab": 4, "slot": [1, 1], "lands_in": 12}

  cancel row 12
    #         ms   share  step
    1      322.2    9.5%  click Refresh
    2      371.4   11.0%  scroll to the row
    3        0.0    0.0%  read the button of a row the run holds empty
    4      123.6    3.7%  read the row and its button
    5      518.9   15.3%  finish selecting inventory tab 4
    6        0.6    0.0%  check tab 4 before the withdrawal
    7        3.7    0.1%  work out the row, its floor and where it lands
    8       18.5    0.5%  check the shop slot is empty
    9        0.0    0.0%  scroll to the row again
   10        0.0    0.0%  check the row is the one the run listed
   11      290.1    8.6%  hover over Change and click it
   12       92.2    2.7%  find Cancel
   13      219.4    6.5%  click Cancel
   14       87.6    2.6%  find Confirmation
   15      221.8    6.6%  click Confirmation and park
   16      111.5    3.3%  wait for the dialog to close
   17      126.8    3.7%  wait for the item to land in tab 4
   18      873.4   25.8%  select inventory tab 4 after the withdrawal
          3381.7  100.0%  TOTAL
  inventory slot (1,1) at (1475, 236)
    read: current min 457,573, price field 457,573, net sales 457,573, week average 467,575, listed at 457,581
    the lowest listed price is 457,573, from the row and 3 more
    market 457,573, typing 457,572, 1 under the market
    net sales 10,066,584 is 22 x 457,572
  typed 250; the net sales make it 22
    the panel holds 457,572 against the 457,572 typed
  tab 4 read in 18 ms after the listing: 0 slot(s) held

  list 22 at 457,572
    #         ms   share  step
    1       22.8    0.5%  read the panel before loading
    2        0.1    0.0%  wait for slot (1,1) to fill
    3      793.4   16.7%  ctrl-click (1,1) attempt 1
    4      380.4    8.0%  read the suggested price
    5     1441.0   30.3%  type the price 457,572
    6      909.7   19.2%  type the quantity 250
    7      286.1    6.0%  take the quantity from the net sales
    8       86.5    1.8%  read the price back before Register
    9      227.3    4.8%  click Register
   10       93.7    2.0%  find Confirmation
   11       16.9    0.4%  look for the underprice question
   12      201.1    4.2%  click Confirmation
   13        0.6    0.0%  park
   14       99.6    2.1%  confirm the dialog is gone
   15      172.2    3.6%  wait for the panel to let the item go
   16       18.2    0.4%  read tab 4 after the listing
          4749.6  100.0%  TOTAL
  listed 22 at 457,572; it lands in row 12
DONE {"kind": "relist", "row": 12, "lands_in": 12, "qty": 22, "price": 457572, "item": "Upgrade Core (Ultimate"}
    relisted 22 at 457,572 in row 12
  tab 4 known from the last listing: 0 slot(s) held
  row 13: 'Force Core (Ultimate' x83 at 379,813 -> tab 4 slot (1, 1)
    floor 355,544 (355,544 x 1) from Force Core Set (Ultimate) as last bought; listed at 379,813, above it
TASK {"kind": "relist", "row": 13, "item": "Force Core (Ultimate", "qty": 83, "price": 379813, "tab": 4, "slot": [1, 1], "lands_in": 13}

  cancel row 13
    #         ms   share  step
    1      322.3    9.5%  click Refresh
    2      371.6   10.9%  scroll to the row
    3        0.0    0.0%  read the button of a row the run holds empty
    4      165.0    4.8%  read the row and its button
    5      517.8   15.2%  finish selecting inventory tab 4
    6        0.2    0.0%  check tab 4 before the withdrawal
    7        3.2    0.1%  work out the row, its floor and where it lands
    8       19.6    0.6%  check the shop slot is empty
    9        0.0    0.0%  scroll to the row again
   10        0.0    0.0%  check the row is the one the run listed
   11      290.2    8.5%  hover over Change and click it
   12       86.2    2.5%  find Cancel
   13      221.5    6.5%  click Cancel
   14       89.9    2.6%  find Confirmation
   15      219.1    6.4%  click Confirmation and park
   16      101.7    3.0%  wait for the dialog to close
   17      124.0    3.6%  wait for the item to land in tab 4
   18      872.7   25.6%  select inventory tab 4 after the withdrawal
          3405.2  100.0%  TOTAL
  inventory slot (1,1) at (1475, 236)
    read: current min 379,808, price field 379,808, net sales 379,808, week average 385,330, listed at 379,813
    the lowest listed price is 379,808, from the row and 3 more
    market 379,808, typing 379,807, 1 under the market
    net sales 31,523,981 is 83 x 379,807
  typed 250; the net sales make it 83
    the panel holds 379,807 against the 379,807 typed
  tab 4 read in 17 ms after the listing: 0 slot(s) held

  list 83 at 379,807
    #         ms   share  step
    1       22.4    0.5%  read the panel before loading
    2        0.1    0.0%  wait for slot (1,1) to fill
    3      798.9   16.8%  ctrl-click (1,1) attempt 1
    4      384.7    8.1%  read the suggested price
    5     1436.6   30.3%  type the price 379,807
    6      907.9   19.1%  type the quantity 250
    7      281.8    5.9%  take the quantity from the net sales
    8       90.1    1.9%  read the price back before Register
    9      217.0    4.6%  click Register
   10       92.2    1.9%  find Confirmation
   11       16.5    0.3%  look for the underprice question
   12      199.8    4.2%  click Confirmation
   13        0.6    0.0%  park
   14      107.6    2.3%  confirm the dialog is gone
   15      170.4    3.6%  wait for the panel to let the item go
   16       17.3    0.4%  read tab 4 after the listing
          4744.0  100.0%  TOTAL
  listed 83 at 379,807; it lands in row 13
DONE {"kind": "relist", "row": 13, "lands_in": 13, "qty": 83, "price": 379807, "item": "Force Core (Ultimate"}
    relisted 83 at 379,807 in row 13
  tab 4 known from the last listing: 0 slot(s) held
  row 14: 'Upgrade Core (Ultimate' x34 at 457,580 -> tab 4 slot (1, 1)
    floor 441,177 (441,177 x 1) from Upgrade Core Set (Ultimate) as last bought; listed at 457,580, above it
TASK {"kind": "relist", "row": 14, "item": "Upgrade Core (Ultimate", "qty": 34, "price": 457580, "tab": 4, "slot": [1, 1], "lands_in": 14}

  cancel row 14
    #         ms   share  step
    1      322.6    9.5%  click Refresh
    2      372.1   11.0%  scroll to the row
    3        0.0    0.0%  read the button of a row the run holds empty
    4      139.7    4.1%  read the row and its button
    5      519.2   15.3%  finish selecting inventory tab 4
    6        0.2    0.0%  check tab 4 before the withdrawal
    7        3.5    0.1%  work out the row, its floor and where it lands
    8       23.4    0.7%  check the shop slot is empty
    9        0.0    0.0%  scroll to the row again
   10        0.0    0.0%  check the row is the one the run listed
   11      292.4    8.6%  hover over Change and click it
   12       88.4    2.6%  find Cancel
   13      219.7    6.5%  click Cancel
   14       88.8    2.6%  find Confirmation
   15      219.9    6.5%  click Confirmation and park
   16      101.8    3.0%  wait for the dialog to close
   17      127.7    3.8%  wait for the item to land in tab 4
   18      873.6   25.7%  select inventory tab 4 after the withdrawal
          3392.9  100.0%  TOTAL
  inventory slot (1,1) at (1475, 236)
    read: current min 457,572, price field 457,572, net sales 457,572, week average 467,575, listed at 457,580
    the lowest listed price is 457,572, from the row and 3 more
    market 457,572, typing 457,571, 1 under the market
    net sales 15,557,414 is 34 x 457,571
  typed 250; the net sales make it 34
    the panel holds 457,571 against the 457,571 typed
  tab 4 read in 17 ms after the listing: 0 slot(s) held

  list 34 at 457,571
    #         ms   share  step
    1       24.0    0.5%  read the panel before loading
    2        0.1    0.0%  wait for slot (1,1) to fill
    3      796.2   16.8%  ctrl-click (1,1) attempt 1
    4      379.7    8.0%  read the suggested price
    5     1441.9   30.4%  type the price 457,571
    6      909.0   19.2%  type the quantity 250
    7      287.1    6.1%  take the quantity from the net sales
    8       89.6    1.9%  read the price back before Register
    9      215.7    4.6%  click Register
   10       90.2    1.9%  find Confirmation
   11       16.6    0.4%  look for the underprice question
   12      201.9    4.3%  click Confirmation
   13        0.6    0.0%  park
   14      102.1    2.2%  confirm the dialog is gone
   15      168.2    3.5%  wait for the panel to let the item go
   16       17.1    0.4%  read tab 4 after the listing
          4740.1  100.0%  TOTAL
  listed 34 at 457,571; it lands in row 14
DONE {"kind": "relist", "row": 14, "lands_in": 14, "qty": 34, "price": 457571, "item": "Upgrade Core (Ultimate"}
    relisted 34 at 457,571 in row 14
  tab 4 known from the last listing: 0 slot(s) held
  row 15: 'Upgrade Core (Ultimate' x10 at 457,579 -> tab 4 slot (1, 1)
    floor 441,177 (441,177 x 1) from Upgrade Core Set (Ultimate) as last bought; listed at 457,579, above it
TASK {"kind": "relist", "row": 15, "item": "Upgrade Core (Ultimate", "qty": 10, "price": 457579, "tab": 4, "slot": [1, 1], "lands_in": 15}

  cancel row 15
    #         ms   share  step
    1      322.7    9.4%  click Refresh
    2      371.5   10.8%  scroll to the row
    3        0.0    0.0%  read the button of a row the run holds empty
    4      181.8    5.3%  read the row and its button
    5      517.2   15.0%  finish selecting inventory tab 4
    6        0.2    0.0%  check tab 4 before the withdrawal
    7        3.2    0.1%  work out the row, its floor and where it lands
    8       18.0    0.5%  check the shop slot is empty
    9        0.0    0.0%  scroll to the row again
   10        0.0    0.0%  check the row is the one the run listed
   11      290.9    8.5%  hover over Change and click it
   12       88.3    2.6%  find Cancel
   13      220.2    6.4%  click Cancel
   14       86.6    2.5%  find Confirmation
   15      218.7    6.4%  click Confirmation and park
   16      101.1    2.9%  wait for the dialog to close
   17      148.5    4.3%  wait for the item to land in tab 4
   18      874.0   25.4%  select inventory tab 4 after the withdrawal
          3442.8  100.0%  TOTAL
  inventory slot (1,1) at (1475, 236)
    read: current min 457,571, price field 457,571, net sales 457,571, week average 467,575, listed at 457,579
    the lowest listed price is 457,571, from the row and 3 more
    market 457,571, typing 457,570, 1 under the market
    net sales 4,575,700 is 10 x 457,570
  typed 250; the net sales make it 10
    the panel holds 457,570 against the 457,570 typed
  tab 4 read in 18 ms after the listing: 0 slot(s) held

  list 10 at 457,570
    #         ms   share  step
    1       22.6    0.5%  read the panel before loading
    2        0.1    0.0%  wait for slot (1,1) to fill
    3      790.0   16.7%  ctrl-click (1,1) attempt 1
    4      388.8    8.2%  read the suggested price
    5     1440.7   30.4%  type the price 457,570
    6      909.4   19.2%  type the quantity 250
    7      286.2    6.0%  take the quantity from the net sales
    8       89.7    1.9%  read the price back before Register
    9      217.7    4.6%  click Register
   10       91.8    1.9%  find Confirmation
   11       20.0    0.4%  look for the underprice question
   12      194.5    4.1%  click Confirmation
   13        0.6    0.0%  park
   14      103.4    2.2%  confirm the dialog is gone
   15      168.2    3.5%  wait for the panel to let the item go
   16       18.1    0.4%  read tab 4 after the listing
          4741.8  100.0%  TOTAL
  listed 10 at 457,570; it lands in row 15
DONE {"kind": "relist", "row": 15, "lands_in": 15, "qty": 10, "price": 457570, "item": "Upgrade Core (Ultimate"}
    relisted 10 at 457,570 in row 15
  tab 4 known from the last listing: 0 slot(s) held
  row 16: 'Force Core (Ultimate' x73 at 379,812 -> tab 4 slot (1, 1)
    floor 355,544 (355,544 x 1) from Force Core Set (Ultimate) as last bought; listed at 379,812, above it
TASK {"kind": "relist", "row": 16, "item": "Force Core (Ultimate", "qty": 73, "price": 379812, "tab": 4, "slot": [1, 1], "lands_in": 16}

  cancel row 16
    #         ms   share  step
    1      322.0    9.4%  click Refresh
    2      371.6   10.9%  scroll to the row
    3        0.0    0.0%  read the button of a row the run holds empty
    4      116.4    3.4%  read the row and its button
    5      518.7   15.2%  finish selecting inventory tab 4
    6        0.5    0.0%  check tab 4 before the withdrawal
    7        3.1    0.1%  work out the row, its floor and where it lands
    8       18.4    0.5%  check the shop slot is empty
    9        0.0    0.0%  scroll to the row again
   10        0.0    0.0%  check the row is the one the run listed
   11      289.5    8.5%  hover over Change and click it
   12       86.3    2.5%  find Cancel
   13      221.3    6.5%  click Cancel
   14       89.1    2.6%  find Confirmation
   15      217.8    6.4%  click Confirmation and park
   16      101.2    3.0%  wait for the dialog to close
   17      180.2    5.3%  wait for the item to land in tab 4
   18      873.6   25.6%  select inventory tab 4 after the withdrawal
          3409.9  100.0%  TOTAL
  inventory slot (1,1) at (1475, 236)
    read: current min 379,807, price field 379,807, net sales 379,807, week average 385,330, listed at 379,812
    the lowest listed price is 379,807, from the row and 3 more
    market 379,807, typing 379,806, 1 under the market
    net sales 27,725,838 is 73 x 379,806
  typed 250; the net sales make it 73
    the panel holds 379,806 against the 379,806 typed
  tab 4 read in 17 ms after the listing: 0 slot(s) held

  list 73 at 379,806
    #         ms   share  step
    1       24.4    0.5%  read the panel before loading
    2        0.1    0.0%  wait for slot (1,1) to fill
    3      796.5   16.8%  ctrl-click (1,1) attempt 1
    4      383.6    8.1%  read the suggested price
    5     1446.0   30.5%  type the price 379,806
    6      909.4   19.2%  type the quantity 250
    7      286.6    6.0%  take the quantity from the net sales
    8       90.5    1.9%  read the price back before Register
    9      219.7    4.6%  click Register
   10       87.9    1.9%  find Confirmation
   11       16.3    0.3%  look for the underprice question
   12      199.6    4.2%  click Confirmation
   13        0.6    0.0%  park
   14       98.3    2.1%  confirm the dialog is gone
   15      169.1    3.6%  wait for the panel to let the item go
   16       16.5    0.3%  read tab 4 after the listing
          4745.1  100.0%  TOTAL
  listed 73 at 379,806; it lands in row 16
DONE {"kind": "relist", "row": 16, "lands_in": 16, "qty": 73, "price": 379806, "item": "Force Core (Ultimate"}
    relisted 73 at 379,806 in row 16
  row 17 is empty; nothing to relist
  row 18 is empty; nothing to relist
  row 19 is empty; nothing to relist
  row 20 is empty; nothing to relist
  row 21 is empty; nothing to relist
  row 22 is empty; nothing to relist
  row 23 is empty; nothing to relist
  row 24 is empty; nothing to relist
  row 25 is empty; nothing to relist

  relisting rows 1-25: 16 relisted, 9 empty, 0 skipped
    #          ms   share     n      each  phase
    1    78,396.3   52.2%    16   4,899.8  list it back
    2    27,579.6   18.4%    25   1,103.2  scroll to the row and read it
    3    20,335.4   13.5%    16   1,271.0  cancel the row and take it back
    4    13,978.6    9.3%    16     873.7  select inventory tab 4
    5     8,071.7    5.4%    25     322.9  Refresh the table
    6     1,528.8    1.0%     1   1,528.8  read tab 4 before the withdrawal
    7       300.4    0.2%    16      18.8  check the shop slot is empty
        150,190.8  100.0%

  returning the game to its default state
restoring the default state:
  Escape: window closed
  Inventory already closed
  the gift box at [284, 994]
  Receive All at [1209, 786]
  the special giftbox's Receive at [1438, 492]
  Close at [1483, 846]
  pressed 2 Receive button(s); the gift box took 3,331 ms
  the Agent Shop is shut and the vendor is not open either; reopening it
  Inventory shut: slot grid 0.10, needs 0.33

  board after pass 3:
                                                   bought/u   listed/u  margin      row price
     1  Divine Stone                       x11            -    706,513       -        706,513
     2  Arionell                           x1    280,833,333 312,185,712  +10.0%    312,185,712
     3  Force Gem Package                  x1    187,222,222 191,999,999   +2.5%    191,999,999
     4  Chaos Core Set X 200               x1             -    733,916       -    146,783,399
     5  Chaos Core Set X 200               x1             -    733,915       -    146,783,199
     6  Chaos Core Set X 252               x1             -    733,914       -    184,946,579
     7  Chaos Core Set X 200               x1             -    733,913       -    146,782,799
     8  Chaos Core Set X 48                x1             -    733,912       -     35,227,823
     9  Chaos Core Set X 348               x1             -    733,911       -    255,401,375
    10  Chaos Core Set X 252               x1             -    733,910       -    184,945,571
    11  Force Core (Ultimate               x8             -    379,808       -        379,808
    12  Upgrade Core (Ultimate             x22            -    457,572       -        457,572
    13  Force Core (Ultimate               x83            -    379,807       -        379,807
    14  Upgrade Core (Ultimate             x34            -    457,571       -        457,571
    15  Upgrade Core (Ultimate             x10            -    457,570       -        457,570
    16  Force Core (Ultimate               x73            -    379,806       -        379,806
    26  Chaos Core Set X 399               x1             -    734,028       -    292,877,570
    27  Potion of Honor                    x2             -  7,250,000       -      7,250,000
    29  Chaos Core Set X 999               x1             -    734,033       -    733,299,964
    item                               rows   units          listed
    Arionell                              1       1     312,185,712
    Chaos Core Set                        9   2,898   2,127,048,279
    Divine Stone                          1      11       7,771,643
    Force Core (Ultimate                  3     164      62,288,283
    Force Gem Package                     1       1     191,999,999
    Potion of Honor                       1       2      14,500,000
    Upgrade Core (Ultimate                3      66      30,199,698
    board                                19   3,143   2,745,993,614
    balance now 102,565,597
  pass 3: 16 relisted, 9 empty, 0 skipped; 9992.4 minute(s) left

-- pass 4 --

  resupply order: Chaos Core, Force Core(High), Force Core(Highest), Upgrade Core (Ultimate), Force Core (Ultimate), Blessing Bead - Superior, Arionell

  counting only rows 1-25; rows outside it are not repriced and do not count; 9 row(s) free
  core                            rows     buy/u    sell/u    margin  wants   short?
  Force Core(Highest)                0   210,000   204,998    -5,002      0   
  Chaos Core                         7         -         -         -      -   holds the most it can want, 6; not priced
  Force Core (Ultimate)              3         -         -         -      -   holds the most it can want, 3; not priced
  Force Core(High)                   0   167,222   170,000     2,778      0   
  Upgrade Core (Ultimate)            3         -         -         -      -   holds the most it can want, 3; not priced

  nothing inside rows 1-25 holds fewer rows than its margin is worth.

  Blessing Bead - Superior: 0 row(s) inside 1-25, 1 wanted; none
    floor 163,632,222: 437/1000 of the 374,444,444 voucher, read at launch

-- Blessing Bead - Superior: 0 row(s) --
  9 row(s) free inside 1-25; buying 1 at the Cash Shop, one at a time
TASK {"kind": "resupply", "core": "Blessing Bead - Superior", "tab": 4}
  Inventory shut; pressing I (attempt 1)
  tab 4 holds 0 slot(s) and is showing, so the Blessing Bead - Superior lands there
  the Cash Shop icon at [348, 994]
  Useable at [844, 168]
    'Blessing Bead - Superior' is where it was measured, 0 notch(es) down the Useable tab
  'Blessing Bead - Superior' at 350 Cash; Purchase at [739, 520]
  the Cash balance box [1134, 826, 1230, 848] reads 300
  the gem box [930, 826, 1060, 848] reads 41
  Blessing Bead - Superior costs 350 gem(s) from a Force Gem Package; 41 held
  41 is under the 350 it costs; buying a Force Gem Package and using it first, so the row goes out in one purchase
  Escape to close the Cash Shop (attempt 1)
  Inventory shut; pressing I (attempt 1)
  tab 4 holds 0 slot(s) and is showing, so the Force Gem Package lands there
  the Cash Shop icon at [348, 994]
  Useable at [844, 168]
    'Force Gem Package' is where it was measured, 0 notch(es) down the Useable tab
  'Force Gem Package' at 500 Cash; Purchase at [739, 750]
  the Cash balance box [1134, 826, 1230, 848] reads 300
  a Force Gem Package costs 500 Cash; 300 Cash held
  300 Cash is under the 500 a Force Gem Package costs; buying a Gold voucher and using it first
  Escape to close the Cash Shop (attempt 1)
  the Agent Shop is shut and the vendor is not open either; reopening it
  Inventory shut: slot grid 0.11, needs 0.33
  Alz 102,565,597 held; even 1 Gold voucher at 374,444,444 needs 374,444,444; not buying.
  resupply of 'Blessing Bead - Superior' stopped: the Alz on hand does not cover a Gold voucher at about 374,444,444; no Cash can be made for Blessing Bead - Superior.

  Arionell: 1 row(s) inside 1-25, 1 wanted; row 2 'Arionell'
    floor 280,833,333: 750/1000 of the 374,444,444 voucher, read at launch
  tab 4 read from the screen in 1523 ms: 0 slot(s) held
  row 1: 'Divine Stone' x11 at 706,513 -> tab 4 slot (1, 1)
    no floor for 'Divine Stone'
TASK {"kind": "relist", "row": 1, "item": "Divine Stone", "qty": 11, "price": 706513, "tab": 4, "slot": [1, 1], "lands_in": 1}

  cancel row 1
    #         ms   share  step
    1      322.6    5.8%  click Refresh
    2        0.0    0.0%  scroll to the row
    3        0.0    0.0%  read the button of a row the run holds empty
    4      312.3    5.6%  read the row and its button
    5      497.0    8.9%  finish selecting inventory tab 4
    6     1523.3   27.4%  check tab 4 before the withdrawal
    7      361.7    6.5%  work out the row, its floor and where it lands
    8       19.4    0.3%  check the shop slot is empty
    9        0.0    0.0%  scroll to the row again
   10        0.0    0.0%  check the row is the one the run listed
   11      791.3   14.2%  hover over Change and click it
   12       91.3    1.6%  find Cancel
   13      218.1    3.9%  click Cancel
   14       87.4    1.6%  find Confirmation
   15      219.8    3.9%  click Confirmation and park
   16       97.4    1.8%  wait for the dialog to close
   17      152.1    2.7%  wait for the item to land in tab 4
   18      873.0   15.7%  select inventory tab 4 after the withdrawal
          5566.6  100.0%  TOTAL
  inventory slot (1,1) at (1475, 236)
    read: current min 706,514, price field unread, net sales unread, week average unread, listed at 706,513
    only 1 of the three price places read; 3 must agree before anything is typed
    read: current min 706,514, price field 706,514, net sales 706,514, week average 706,521, listed at 706,513
    the lowest listed price is 706,514, from the row and 3 more
    market 706,514, typing 706,513, 1 under the market
    net sales 7,771,643 is 11 x 706,513
  typed 250; the net sales make it 11
    the panel holds 706,513 against the 706,513 typed
  tab 4 read in 17 ms after the listing: 0 slot(s) held

  list 11 at 706,513
    #         ms   share  step
    1       28.4    0.6%  read the panel before loading
    2        0.1    0.0%  wait for slot (1,1) to fill
    3      789.1   16.0%  ctrl-click (1,1) attempt 1
    4      558.2   11.3%  read the suggested price
    5     1443.8   29.3%  type the price 706,513
    6      908.8   18.4%  type the quantity 250
    7      286.3    5.8%  take the quantity from the net sales
    8       92.2    1.9%  read the price back before Register
    9      221.5    4.5%  click Register
   10       89.2    1.8%  find Confirmation
   11       20.0    0.4%  look for the underprice question
   12      195.2    4.0%  click Confirmation
   13        0.6    0.0%  park
   14      110.8    2.2%  confirm the dialog is gone
   15      168.3    3.4%  wait for the panel to let the item go
   16       17.4    0.4%  read tab 4 after the listing
          4929.7  100.0%  TOTAL
  listed 11 at 706,513; it lands in row 1
DONE {"kind": "relist", "row": 1, "lands_in": 1, "qty": 11, "price": 706513, "item": "Divine Stone"}
    relisted 11 at 706,513 in row 1
  tab 4 known from the last listing: 0 slot(s) held
  row 2: 'Arionell' x1 at 312,185,712 -> tab 4 slot (1, 1)
    floor 280,833,333 from what it cost; listed at 312,185,712, above it
TASK {"kind": "relist", "row": 2, "item": "Arionell", "qty": 1, "price": 312185712, "tab": 4, "slot": [1, 1], "lands_in": 2}

  cancel row 2
    #         ms   share  step
    1      322.5    9.6%  click Refresh
    2      371.6   11.0%  scroll to the row
    3        0.0    0.0%  read the button of a row the run holds empty
    4      113.4    3.4%  read the row and its button
    5      519.7   15.5%  finish selecting inventory tab 4
    6        0.2    0.0%  check tab 4 before the withdrawal
    7        2.3    0.1%  work out the row, its floor and where it lands
    8       17.8    0.5%  check the shop slot is empty
    9        0.0    0.0%  scroll to the row again
   10        0.0    0.0%  check the row is the one the run listed
   11      292.6    8.7%  hover over Change and click it
   12       93.0    2.8%  find Cancel
   13      217.8    6.5%  click Cancel
   14       93.9    2.8%  find Confirmation
   15      211.0    6.3%  click Confirmation and park
   16      107.4    3.2%  wait for the dialog to close
   17      127.0    3.8%  wait for the item to land in tab 4
   18      872.8   26.0%  select inventory tab 4 after the withdrawal
          3362.9  100.0%  TOTAL
  inventory slot (1,1) at (1475, 236)
    read: current min 312,185,713, price field 312,185,713, net sales 312,185,713, week average 292,773,213, listed at 312,185,712
    the lowest listed price is 312,185,713, from the row and 3 more
    market 312,185,713, typing 312,185,712, 1 under the market
    net sales 312,185,712 is 1 x 312,185,712
  typed 250; the net sales make it 1
    the panel holds 312,185,712 against the 312,185,712 typed
  tab 4 read in 22 ms after the listing: 0 slot(s) held

  list 1 at 312,185,712
    #         ms   share  step
    1       24.1    0.5%  read the panel before loading
    2        0.1    0.0%  wait for slot (1,1) to fill
    3      792.5   15.5%  ctrl-click (1,1) attempt 1
    4      384.3    7.5%  read the suggested price
    5     1648.1   32.2%  type the price 312,185,712
    6      908.7   17.7%  type the quantity 250
    7      289.6    5.7%  take the quantity from the net sales
    8       91.9    1.8%  read the price back before Register
    9      216.1    4.2%  click Register
   10       94.0    1.8%  find Confirmation
   11       22.9    0.4%  look for the underprice question
   12      195.1    3.8%  click Confirmation
   13        0.6    0.0%  park
   14       98.6    1.9%  confirm the dialog is gone
   15      335.4    6.5%  wait for the panel to let the item go
   16       21.6    0.4%  read tab 4 after the listing
          5123.5  100.0%  TOTAL
  listed 1 at 312,185,712; it lands in row 2
DONE {"kind": "relist", "row": 2, "lands_in": 2, "qty": 1, "price": 312185712, "item": "Arionell"}
    relisted 1 at 312,185,712 in row 2
  tab 4 known from the last listing: 0 slot(s) held
  row 3: 'Force Gem Package' x1 at 191,999,999 -> tab 4 slot (1, 1)
    floor 187,222,222 from what it cost; listed at 191,999,999, above it
TASK {"kind": "relist", "row": 3, "item": "Force Gem Package", "qty": 1, "price": 191999999, "tab": 4, "slot": [1, 1], "lands_in": 3}

  cancel row 3
    #         ms   share  step
    1      322.8    9.0%  click Refresh
    2      371.5   10.4%  scroll to the row
    3        0.0    0.0%  read the button of a row the run holds empty
    4      138.8    3.9%  read the row and its button
    5      520.8   14.5%  finish selecting inventory tab 4
    6        0.2    0.0%  check tab 4 before the withdrawal
    7        2.7    0.1%  work out the row, its floor and where it lands
    8       18.3    0.5%  check the shop slot is empty
    9        0.0    0.0%  scroll to the row again
   10        0.0    0.0%  check the row is the one the run listed
   11      290.6    8.1%  hover over Change and click it
   12       92.4    2.6%  find Cancel
   13      217.1    6.1%  click Cancel
   14      174.1    4.9%  find Confirmation
   15      305.0    8.5%  click Confirmation and park
   16      101.2    2.8%  wait for the dialog to close
   17      152.4    4.3%  wait for the item to land in tab 4
   18      873.1   24.4%  select inventory tab 4 after the withdrawal
          3581.0  100.0%  TOTAL
  inventory slot (1,1) at (1475, 236)
    read: current min 192,000,000, price field 192,000,000, net sales 192,000,000, week average 189,265,820, listed at 191,999,999
    the lowest listed price is 192,000,000, from the row and 3 more
    market 192,000,000, typing 191,999,999, 1 under the market
    net sales 191,999,999 is 1 x 191,999,999
  typed 250; the net sales make it 1
    the panel holds 191,999,999 against the 191,999,999 typed
  tab 4 read in 19 ms after the listing: 0 slot(s) held

  list 1 at 191,999,999
    #         ms   share  step
    1       23.2    0.5%  read the panel before loading
    2        0.1    0.0%  wait for slot (1,1) to fill
    3      794.9   16.0%  ctrl-click (1,1) attempt 1
    4      388.4    7.8%  read the suggested price
    5     1647.8   33.2%  type the price 191,999,999
    6      908.9   18.3%  type the quantity 250
    7      283.7    5.7%  take the quantity from the net sales
    8       90.8    1.8%  read the price back before Register
    9      218.7    4.4%  click Register
   10       89.3    1.8%  find Confirmation
   11       17.7    0.4%  look for the underprice question
   12      201.5    4.1%  click Confirmation
   13        0.5    0.0%  park
   14      102.8    2.1%  confirm the dialog is gone
   15      179.7    3.6%  wait for the panel to let the item go
   16       18.7    0.4%  read tab 4 after the listing
          4966.7  100.0%  TOTAL
  listed 1 at 191,999,999; it lands in row 3
DONE {"kind": "relist", "row": 3, "lands_in": 3, "qty": 1, "price": 191999999, "item": "Force Gem Package"}
    relisted 1 at 191,999,999 in row 3
  tab 4 known from the last listing: 0 slot(s) held
  row 4: 'Chaos Core Set X 200' x1 at 146,783,399 -> tab 4 slot (1, 1)
    floor 146,194,800 (730,974 x 200) from Chaos Core as last bought; listed at 146,783,399, above it
TASK {"kind": "relist", "row": 4, "item": "Chaos Core Set X 200", "qty": 1, "price": 146783399, "tab": 4, "slot": [1, 1], "lands_in": 4}

  cancel row 4
    #         ms   share  step
    1      323.0    9.4%  click Refresh
    2      371.3   10.8%  scroll to the row
    3        0.0    0.0%  read the button of a row the run holds empty
    4      145.0    4.2%  read the row and its button
    5      518.1   15.1%  finish selecting inventory tab 4
    6        0.5    0.0%  check tab 4 before the withdrawal
    7        3.2    0.1%  work out the row, its floor and where it lands
    8       17.0    0.5%  check the shop slot is empty
    9        0.0    0.0%  scroll to the row again
   10        0.0    0.0%  check the row is the one the run listed
   11      300.9    8.8%  hover over Change and click it
   12       90.9    2.6%  find Cancel
   13      221.4    6.5%  click Cancel
   14       89.1    2.6%  find Confirmation
   15      219.3    6.4%  click Confirmation and park
   16      109.0    3.2%  wait for the dialog to close
   17      149.9    4.4%  wait for the item to land in tab 4
   18      873.4   25.4%  select inventory tab 4 after the withdrawal
          3432.1  100.0%  TOTAL
  inventory slot (1,1) at (1475, 236)
    read: current min 146,781,200, price field 146,781,200, net sales 146,781,200, week average 146,822,000, listed at 146,783,399
    the lowest listed price is 146,781,200, from the row and 3 more
    market 146,781,200, typing 146,781,199, 1 under the market
    net sales 146,781,199 is 1 x 146,781,199
  typed 250; the net sales make it 1
    the panel holds 146,781,199 against the 146,781,199 typed
  tab 4 read in 21 ms after the listing: 0 slot(s) held

  list 1 at 146,781,199
    #         ms   share  step
    1       22.8    0.5%  read the panel before loading
    2        0.1    0.0%  wait for slot (1,1) to fill
    3      790.4   15.9%  ctrl-click (1,1) attempt 1
    4      388.9    7.8%  read the suggested price
    5     1648.9   33.3%  type the price 146,781,199
    6      909.4   18.3%  type the quantity 250
    7      288.7    5.8%  take the quantity from the net sales
    8       92.0    1.9%  read the price back before Register
    9      215.1    4.3%  click Register
   10       86.2    1.7%  find Confirmation
   11       16.5    0.3%  look for the underprice question
   12      201.4    4.1%  click Confirmation
   13        0.6    0.0%  park
   14      105.6    2.1%  confirm the dialog is gone
   15      169.5    3.4%  wait for the panel to let the item go
   16       21.1    0.4%  read tab 4 after the listing
          4957.1  100.0%  TOTAL
  listed 1 at 146,781,199; it lands in row 4
DONE {"kind": "relist", "row": 4, "lands_in": 4, "qty": 1, "price": 146781199, "item": "Chaos Core Set X 200"}
    relisted 1 at 146,781,199 in row 4
  tab 4 known from the last listing: 0 slot(s) held
  row 5: 'Chaos Core Set X 200' x1 at 146,783,199 -> tab 4 slot (1, 1)
    floor 146,194,800 (730,974 x 200) from Chaos Core as last bought; listed at 146,783,199, above it
TASK {"kind": "relist", "row": 5, "item": "Chaos Core Set X 200", "qty": 1, "price": 146783199, "tab": 4, "slot": [1, 1], "lands_in": 5}

  cancel row 5
    #         ms   share  step
    1      323.2    9.3%  click Refresh
    2      371.5   10.7%  scroll to the row
    3        0.0    0.0%  read the button of a row the run holds empty
    4      185.6    5.3%  read the row and its button
    5      516.1   14.9%  finish selecting inventory tab 4
    6        0.2    0.0%  check tab 4 before the withdrawal
    7        3.8    0.1%  work out the row, its floor and where it lands
    8       18.1    0.5%  check the shop slot is empty
    9        0.0    0.0%  scroll to the row again
   10        0.0    0.0%  check the row is the one the run listed
   11      291.0    8.4%  hover over Change and click it
   12       93.2    2.7%  find Cancel
   13      223.6    6.4%  click Cancel
   14       93.8    2.7%  find Confirmation
   15      218.0    6.3%  click Confirmation and park
   16       99.7    2.9%  wait for the dialog to close
   17      159.1    4.6%  wait for the item to land in tab 4
   18      873.3   25.2%  select inventory tab 4 after the withdrawal
          3470.1  100.0%  TOTAL
  inventory slot (1,1) at (1475, 236)
    read: current min 146,781,000, price field 146,781,000, net sales 146,781,000, week average 146,822,000, listed at 146,783,199
    the lowest listed price is 146,781,000, from the row and 3 more
    market 146,781,000, typing 146,780,999, 1 under the market
    net sales 146,780,999 is 1 x 146,780,999
  typed 250; the net sales make it 1
    the panel holds 146,780,999 against the 146,780,999 typed
  tab 4 read in 17 ms after the listing: 0 slot(s) held

  list 1 at 146,780,999
    #         ms   share  step
    1       24.7    0.5%  read the panel before loading
    2        0.1    0.0%  wait for slot (1,1) to fill
    3      798.3   16.0%  ctrl-click (1,1) attempt 1
    4      388.3    7.8%  read the suggested price
    5     1647.3   33.1%  type the price 146,780,999
    6      908.5   18.2%  type the quantity 250
    7      290.8    5.8%  take the quantity from the net sales
    8       92.3    1.9%  read the price back before Register
    9      219.8    4.4%  click Register
   10       93.5    1.9%  find Confirmation
   11       19.1    0.4%  look for the underprice question
   12      196.6    3.9%  click Confirmation
   13        0.7    0.0%  park
   14      108.4    2.2%  confirm the dialog is gone
   15      174.4    3.5%  wait for the panel to let the item go
   16       17.3    0.3%  read tab 4 after the listing
          4980.1  100.0%  TOTAL
  listed 1 at 146,780,999; it lands in row 5
DONE {"kind": "relist", "row": 5, "lands_in": 5, "qty": 1, "price": 146780999, "item": "Chaos Core Set X 200"}
    relisted 1 at 146,780,999 in row 5
  tab 4 known from the last listing: 0 slot(s) held
  row 6: 'Chaos Core Set X 252' x1 at 184,946,579 -> tab 4 slot (1, 1)
    floor 184,205,448 (730,974 x 252) from Chaos Core as last bought; listed at 184,946,579, above it
TASK {"kind": "relist", "row": 6, "item": "Chaos Core Set X 252", "qty": 1, "price": 184946579, "tab": 4, "slot": [1, 1], "lands_in": 6}

  cancel row 6
    #         ms   share  step
    1      322.4    9.5%  click Refresh
    2      371.5   10.9%  scroll to the row
    3        0.0    0.0%  read the button of a row the run holds empty
    4      131.7    3.9%  read the row and its button
    5      517.8   15.2%  finish selecting inventory tab 4
    6        0.2    0.0%  check tab 4 before the withdrawal
    7        3.4    0.1%  work out the row, its floor and where it lands
    8       18.0    0.5%  check the shop slot is empty
    9        0.0    0.0%  scroll to the row again
   10        0.0    0.0%  check the row is the one the run listed
   11      290.5    8.6%  hover over Change and click it
   12       88.0    2.6%  find Cancel
   13      220.2    6.5%  click Cancel
   14       90.3    2.7%  find Confirmation
   15      216.4    6.4%  click Confirmation and park
   16      104.4    3.1%  wait for the dialog to close
   17      149.6    4.4%  wait for the item to land in tab 4
   18      873.4   25.7%  select inventory tab 4 after the withdrawal
          3397.8  100.0%  TOTAL
  inventory slot (1,1) at (1475, 236)
    read: current min 184,943,808, price field 184,943,808, net sales 184,943,808, week average 184,995,720, listed at 184,946,579
    the lowest listed price is 184,943,808, from the row and 3 more
    market 184,943,808, typing 184,943,807, 1 under the market
    net sales 184,943,807 is 1 x 184,943,807
  typed 250; the net sales make it 1
    the panel holds 184,943,807 against the 184,943,807 typed
  tab 4 read in 22 ms after the listing: 0 slot(s) held

  list 1 at 184,943,807
    #         ms   share  step
    1       22.4    0.4%  read the panel before loading
    2        0.1    0.0%  wait for slot (1,1) to fill
    3      789.5   15.4%  ctrl-click (1,1) attempt 1
    4      393.7    7.7%  read the suggested price
    5     1659.1   32.3%  type the price 184,943,807
    6      908.7   17.7%  type the quantity 250
    7      290.9    5.7%  take the quantity from the net sales
    8       96.8    1.9%  read the price back before Register
    9      219.1    4.3%  click Register
   10       90.1    1.8%  find Confirmation
   11       17.7    0.3%  look for the underprice question
   12      198.1    3.9%  click Confirmation
   13        0.6    0.0%  park
   14      111.1    2.2%  confirm the dialog is gone
   15      319.7    6.2%  wait for the panel to let the item go
   16       21.9    0.4%  read tab 4 after the listing
          5139.5  100.0%  TOTAL
  listed 1 at 184,943,807; it lands in row 6
DONE {"kind": "relist", "row": 6, "lands_in": 6, "qty": 1, "price": 184943807, "item": "Chaos Core Set X 252"}
    relisted 1 at 184,943,807 in row 6
  tab 4 known from the last listing: 0 slot(s) held
  row 7: 'Chaos Core Set X 200' x1 at 146,782,799 -> tab 4 slot (1, 1)
    floor 146,194,800 (730,974 x 200) from Chaos Core as last bought; listed at 146,782,799, above it
TASK {"kind": "relist", "row": 7, "item": "Chaos Core Set X 200", "qty": 1, "price": 146782799, "tab": 4, "slot": [1, 1], "lands_in": 7}

  cancel row 7
    #         ms   share  step
    1      325.0    9.5%  click Refresh
    2      371.6   10.9%  scroll to the row
    3        0.0    0.0%  read the button of a row the run holds empty
    4      147.8    4.3%  read the row and its button
    5      518.4   15.2%  finish selecting inventory tab 4
    6        0.1    0.0%  check tab 4 before the withdrawal
    7        3.9    0.1%  work out the row, its floor and where it lands
    8       20.5    0.6%  check the shop slot is empty
    9        0.0    0.0%  scroll to the row again
   10        0.0    0.0%  check the row is the one the run listed
   11      294.6    8.6%  hover over Change and click it
   12       90.8    2.7%  find Cancel
   13      219.2    6.4%  click Cancel
   14       92.1    2.7%  find Confirmation
   15      214.7    6.3%  click Confirmation and park
   16      105.9    3.1%  wait for the dialog to close
   17      128.1    3.8%  wait for the item to land in tab 4
   18      873.4   25.6%  select inventory tab 4 after the withdrawal
          3406.2  100.0%  TOTAL
  inventory slot (1,1) at (1475, 236)
    read: current min 146,780,600, price field 146,780,600, net sales 146,780,600, week average 146,822,000, listed at 146,782,799
    the lowest listed price is 146,780,600, from the row and 3 more
    market 146,780,600, typing 146,780,599, 1 under the market
    net sales 146,780,599 is 1 x 146,780,599
  typed 250; the net sales make it 1
    the panel holds 146,780,599 against the 146,780,599 typed
  tab 4 read in 20 ms after the listing: 0 slot(s) held

  list 1 at 146,780,599
    #         ms   share  step
    1       23.0    0.5%  read the panel before loading
    2        0.2    0.0%  wait for slot (1,1) to fill
    3      794.4   16.0%  ctrl-click (1,1) attempt 1
    4      384.6    7.7%  read the suggested price
    5     1653.1   33.3%  type the price 146,780,599
    6      908.5   18.3%  type the quantity 250
    7      287.5    5.8%  take the quantity from the net sales
    8       88.5    1.8%  read the price back before Register
    9      216.3    4.4%  click Register
   10       94.0    1.9%  find Confirmation
   11       24.0    0.5%  look for the underprice question
   12      191.9    3.9%  click Confirmation
   13        0.6    0.0%  park
   14      105.3    2.1%  confirm the dialog is gone
   15      172.9    3.5%  wait for the panel to let the item go
   16       20.2    0.4%  read tab 4 after the listing
          4965.2  100.0%  TOTAL
  listed 1 at 146,780,599; it lands in row 7
DONE {"kind": "relist", "row": 7, "lands_in": 7, "qty": 1, "price": 146780599, "item": "Chaos Core Set X 200"}
    relisted 1 at 146,780,599 in row 7
  tab 4 known from the last listing: 0 slot(s) held
  row 8: 'Chaos Core Set X 48' x1 at 35,227,823 -> tab 4 slot (1, 1)
    floor 35,086,752 (730,974 x 48) from Chaos Core as last bought; listed at 35,227,823, above it
TASK {"kind": "relist", "row": 8, "item": "Chaos Core Set X 48", "qty": 1, "price": 35227823, "tab": 4, "slot": [1, 1], "lands_in": 8}

  cancel row 8
    #         ms   share  step
    1      322.4    9.0%  click Refresh
    2      371.5   10.4%  scroll to the row
    3        0.0    0.0%  read the button of a row the run holds empty
    4      141.0    3.9%  read the row and its button
    5      520.9   14.6%  finish selecting inventory tab 4
    6        0.2    0.0%  check tab 4 before the withdrawal
    7        3.3    0.1%  work out the row, its floor and where it lands
    8       21.0    0.6%  check the shop slot is empty
    9        0.0    0.0%  scroll to the row again
   10        0.0    0.0%  check the row is the one the run listed
   11      290.4    8.1%  hover over Change and click it
   12      175.6    4.9%  find Cancel
   13      307.4    8.6%  click Cancel
   14       89.2    2.5%  find Confirmation
   15      219.6    6.1%  click Confirmation and park
   16      100.2    2.8%  wait for the dialog to close
   17      137.7    3.9%  wait for the item to land in tab 4
   18      873.3   24.4%  select inventory tab 4 after the withdrawal
          3573.6  100.0%  TOTAL
  inventory slot (1,1) at (1475, 236)
    read: current min 35,227,296, price field unread, net sales unread, week average unread, listed at 35,227,823
    only 1 of the three price places read; 3 must agree before anything is typed
    read: current min 35,227,296, price field 35,227,296, net sales 35,227,296, week average 35,237,280, listed at 35,227,823
    the lowest listed price is 35,227,296, from the row and 3 more
    market 35,227,296, typing 35,227,295, 1 under the market
    net sales 35,227,295 is 1 x 35,227,295
  typed 250; the net sales make it 1
    the panel holds 35,227,295 against the 35,227,295 typed
  tab 4 read in 16 ms after the listing: 0 slot(s) held

  list 1 at 35,227,295
    #         ms   share  step
    1       23.7    0.5%  read the panel before loading
    2        0.1    0.0%  wait for slot (1,1) to fill
    3      792.3   15.6%  ctrl-click (1,1) attempt 1
    4      568.6   11.2%  read the suggested price
    5     1583.5   31.2%  type the price 35,227,295
    6      908.5   17.9%  type the quantity 250
    7      288.7    5.7%  take the quantity from the net sales
    8       89.1    1.8%  read the price back before Register
    9      217.9    4.3%  click Register
   10       88.3    1.7%  find Confirmation
   11       19.8    0.4%  look for the underprice question
   12      196.1    3.9%  click Confirmation
   13        0.6    0.0%  park
   14      117.6    2.3%  confirm the dialog is gone
   15      169.1    3.3%  wait for the panel to let the item go
   16       16.3    0.3%  read tab 4 after the listing
          5080.2  100.0%  TOTAL
  listed 1 at 35,227,295; it lands in row 8
DONE {"kind": "relist", "row": 8, "lands_in": 8, "qty": 1, "price": 35227295, "item": "Chaos Core Set X 48"}
    relisted 1 at 35,227,295 in row 8
  tab 4 known from the last listing: 0 slot(s) held
  row 9: 'Chaos Core Set X 348' x1 at 255,401,375 -> tab 4 slot (1, 1)
    floor 254,378,952 (730,974 x 348) from Chaos Core as last bought; listed at 255,401,375, above it
TASK {"kind": "relist", "row": 9, "item": "Chaos Core Set X 348", "qty": 1, "price": 255401375, "tab": 4, "slot": [1, 1], "lands_in": 9}

  cancel row 9
    #         ms   share  step
    1      322.6    9.1%  click Refresh
    2      371.8   10.5%  scroll to the row
    3        0.0    0.0%  read the button of a row the run holds empty
    4      134.9    3.8%  read the row and its button
    5      517.2   14.6%  finish selecting inventory tab 4
    6        0.5    0.0%  check tab 4 before the withdrawal
    7        3.2    0.1%  work out the row, its floor and where it lands
    8       19.4    0.5%  check the shop slot is empty
    9        0.0    0.0%  scroll to the row again
   10        0.0    0.0%  check the row is the one the run listed
   11      288.7    8.1%  hover over Change and click it
   12      173.2    4.9%  find Cancel
   13      311.0    8.8%  click Cancel
   14       87.6    2.5%  find Confirmation
   15      216.8    6.1%  click Confirmation and park
   16      106.5    3.0%  wait for the dialog to close
   17      125.9    3.5%  wait for the item to land in tab 4
   18      873.0   24.6%  select inventory tab 4 after the withdrawal
          3552.3  100.0%  TOTAL
  inventory slot (1,1) at (1475, 236)
    read: current min 255,397,548, price field 255,397,548, net sales 255,397,548, week average 255,470,280, listed at 255,401,375
    the lowest listed price is 255,397,548, from the row and 3 more
    market 255,397,548, typing 255,397,547, 1 under the market
    net sales 255,397,547 is 1 x 255,397,547
  typed 250; the net sales make it 1
    the panel holds 255,397,547 against the 255,397,547 typed
  tab 4 read in 17 ms after the listing: 0 slot(s) held

  list 1 at 255,397,547
    #         ms   share  step
    1       27.1    0.5%  read the panel before loading
    2        0.1    0.0%  wait for slot (1,1) to fill
    3      793.7   15.9%  ctrl-click (1,1) attempt 1
    4      387.9    7.8%  read the suggested price
    5     1649.3   33.1%  type the price 255,397,547
    6      909.2   18.3%  type the quantity 250
    7      288.8    5.8%  take the quantity from the net sales
    8       85.6    1.7%  read the price back before Register
    9      217.8    4.4%  click Register
   10       96.2    1.9%  find Confirmation
   11       16.5    0.3%  look for the underprice question
   12      199.4    4.0%  click Confirmation
   13        0.5    0.0%  park
   14      112.7    2.3%  confirm the dialog is gone
   15      175.0    3.5%  wait for the panel to let the item go
   16       17.0    0.3%  read tab 4 after the listing
          4976.9  100.0%  TOTAL
  listed 1 at 255,397,547; it lands in row 9
DONE {"kind": "relist", "row": 9, "lands_in": 9, "qty": 1, "price": 255397547, "item": "Chaos Core Set X 348"}
    relisted 1 at 255,397,547 in row 9
  tab 4 known from the last listing: 0 slot(s) held
  row 10: 'Chaos Core Set X 252' x1 at 184,945,571 -> tab 4 slot (1, 1)
    floor 184,205,448 (730,974 x 252) from Chaos Core as last bought; listed at 184,945,571, above it
TASK {"kind": "relist", "row": 10, "item": "Chaos Core Set X 252", "qty": 1, "price": 184945571, "tab": 4, "slot": [1, 1], "lands_in": 10}

  cancel row 10
    #         ms   share  step
    1      322.4    9.5%  click Refresh
    2      371.8   10.9%  scroll to the row
    3        0.0    0.0%  read the button of a row the run holds empty
    4      130.4    3.8%  read the row and its button
    5      519.5   15.3%  finish selecting inventory tab 4
    6        0.5    0.0%  check tab 4 before the withdrawal
    7        3.5    0.1%  work out the row, its floor and where it lands
    8       18.9    0.6%  check the shop slot is empty
    9        0.0    0.0%  scroll to the row again
   10        0.0    0.0%  check the row is the one the run listed
   11      293.2    8.6%  hover over Change and click it
   12       86.6    2.6%  find Cancel
   13      221.7    6.5%  click Cancel
   14       90.1    2.7%  find Confirmation
   15      215.0    6.3%  click Confirmation and park
   16      106.5    3.1%  wait for the dialog to close
   17      143.4    4.2%  wait for the item to land in tab 4
   18      872.5   25.7%  select inventory tab 4 after the withdrawal
          3396.2  100.0%  TOTAL
  inventory slot (1,1) at (1475, 236)
    read: current min 184,942,800, price field 184,942,800, net sales 184,942,800, week average 184,995,720, listed at 184,945,571
    the lowest listed price is 184,942,800, from the row and 3 more
    market 184,942,800, typing 184,942,799, 1 under the market
    net sales 184,942,799 is 1 x 184,942,799
  typed 250; the net sales make it 1
    the panel holds 184,942,799 against the 184,942,799 typed
  tab 4 read in 19 ms after the listing: 0 slot(s) held

  list 1 at 184,942,799
    #         ms   share  step
    1       25.0    0.5%  read the panel before loading
    2        0.1    0.0%  wait for slot (1,1) to fill
    3      789.5   15.9%  ctrl-click (1,1) attempt 1
    4      390.9    7.9%  read the suggested price
    5     1648.4   33.2%  type the price 184,942,799
    6      910.1   18.3%  type the quantity 250
    7      289.2    5.8%  take the quantity from the net sales
    8       87.6    1.8%  read the price back before Register
    9      216.2    4.4%  click Register
   10       89.9    1.8%  find Confirmation
   11       17.3    0.3%  look for the underprice question
   12      197.4    4.0%  click Confirmation
   13        0.6    0.0%  park
   14      111.5    2.2%  confirm the dialog is gone
   15      176.3    3.5%  wait for the panel to let the item go
   16       19.2    0.4%  read tab 4 after the listing
          4969.1  100.0%  TOTAL
  listed 1 at 184,942,799; it lands in row 10
DONE {"kind": "relist", "row": 10, "lands_in": 10, "qty": 1, "price": 184942799, "item": "Chaos Core Set X 252"}
    relisted 1 at 184,942,799 in row 10
  tab 4 known from the last listing: 0 slot(s) held
  row 11: 'Force Core (Ultimate' x8 at 379,808 -> tab 4 slot (1, 1)
    floor 355,544 (355,544 x 1) from Force Core Set (Ultimate) as last bought; listed at 379,808, above it
TASK {"kind": "relist", "row": 11, "item": "Force Core (Ultimate", "qty": 8, "price": 379808, "tab": 4, "slot": [1, 1], "lands_in": 11}

  cancel row 11
    #         ms   share  step
    1      322.9    9.6%  click Refresh
    2      371.7   11.1%  scroll to the row
    3        0.0    0.0%  read the button of a row the run holds empty
    4      113.1    3.4%  read the row and its button
    5      516.0   15.4%  finish selecting inventory tab 4
    6        0.2    0.0%  check tab 4 before the withdrawal
    7        3.5    0.1%  work out the row, its floor and where it lands
    8       17.4    0.5%  check the shop slot is empty
    9        0.0    0.0%  scroll to the row again
   10        0.0    0.0%  check the row is the one the run listed
   11      291.2    8.7%  hover over Change and click it
   12       88.4    2.6%  find Cancel
   13      215.6    6.4%  click Cancel
   14       87.1    2.6%  find Confirmation
   15      217.7    6.5%  click Confirmation and park
   16      101.3    3.0%  wait for the dialog to close
   17      139.9    4.2%  wait for the item to land in tab 4
   18      873.4   26.0%  select inventory tab 4 after the withdrawal
          3359.4  100.0%  TOTAL
  inventory slot (1,1) at (1475, 236)
    read: current min 379,806, price field unread, net sales unread, week average unread, listed at 379,808
    only 1 of the three price places read; 3 must agree before anything is typed
    read: current min 379,806, price field 379,806, net sales 379,806, week average 385,330, listed at 379,808
    the lowest listed price is 379,806, from the row and 3 more
    market 379,806, typing 379,805, 1 under the market
    net sales 3,038,440 is 8 x 379,805
  typed 250; the net sales make it 8
    the panel holds 379,805 against the 379,805 typed
  tab 4 read in 17 ms after the listing: 0 slot(s) held

  list 8 at 379,805
    #         ms   share  step
    1       23.0    0.5%  read the panel before loading
    2        0.1    0.0%  wait for slot (1,1) to fill
    3      790.2   16.1%  ctrl-click (1,1) attempt 1
    4      558.7   11.4%  read the suggested price
    5     1436.9   29.3%  type the price 379,805
    6      908.9   18.5%  type the quantity 250
    7      289.9    5.9%  take the quantity from the net sales
    8       90.3    1.8%  read the price back before Register
    9      217.5    4.4%  click Register
   10       87.2    1.8%  find Confirmation
   11       16.8    0.3%  look for the underprice question
   12      199.9    4.1%  click Confirmation
   13        0.6    0.0%  park
   14      100.6    2.0%  confirm the dialog is gone
   15      173.5    3.5%  wait for the panel to let the item go
   16       16.6    0.3%  read tab 4 after the listing
          4910.8  100.0%  TOTAL
  listed 8 at 379,805; it lands in row 11
DONE {"kind": "relist", "row": 11, "lands_in": 11, "qty": 8, "price": 379805, "item": "Force Core (Ultimate"}
    relisted 8 at 379,805 in row 11
  tab 4 known from the last listing: 0 slot(s) held
  row 12: 'Upgrade Core (Ultimate' x22 at 457,572 -> tab 4 slot (1, 1)
    floor 441,177 (441,177 x 1) from Upgrade Core Set (Ultimate) as last bought; listed at 457,572, above it
TASK {"kind": "relist", "row": 12, "item": "Upgrade Core (Ultimate", "qty": 22, "price": 457572, "tab": 4, "slot": [1, 1], "lands_in": 12}

  cancel row 12
    #         ms   share  step
    1      322.4    9.0%  click Refresh
    2      371.1   10.4%  scroll to the row
    3        0.0    0.0%  read the button of a row the run holds empty
    4      130.9    3.7%  read the row and its button
    5      519.8   14.6%  finish selecting inventory tab 4
    6        0.2    0.0%  check tab 4 before the withdrawal
    7        3.9    0.1%  work out the row, its floor and where it lands
    8       18.4    0.5%  check the shop slot is empty
    9        0.0    0.0%  scroll to the row again
   10        0.0    0.0%  check the row is the one the run listed
   11      289.5    8.1%  hover over Change and click it
   12       92.0    2.6%  find Cancel
   13      213.5    6.0%  click Cancel
   14      177.0    5.0%  find Confirmation
   15      307.1    8.6%  click Confirmation and park
   16      108.4    3.0%  wait for the dialog to close
   17      140.9    3.9%  wait for the item to land in tab 4
   18      873.4   24.5%  select inventory tab 4 after the withdrawal
          3568.5  100.0%  TOTAL
  inventory slot (1,1) at (1475, 236)
    read: current min 457,565, price field 457,565, net sales 457,565, week average 467,575, listed at 457,572
    the lowest listed price is 457,565, from the row and 3 more
    market 457,565, typing 457,564, 1 under the market
    net sales 10,066,408 is 22 x 457,564
  typed 250; the net sales make it 22
    the panel holds 457,564 against the 457,564 typed
  tab 4 read in 17 ms after the listing: 0 slot(s) held

  list 22 at 457,564
    #         ms   share  step
    1       24.4    0.5%  read the panel before loading
    2        0.1    0.0%  wait for slot (1,1) to fill
    3      791.9   16.7%  ctrl-click (1,1) attempt 1
    4      381.6    8.0%  read the suggested price
    5     1431.8   30.1%  type the price 457,564
    6      908.5   19.1%  type the quantity 250
    7      292.6    6.2%  take the quantity from the net sales
    8       85.9    1.8%  read the price back before Register
    9      225.8    4.7%  click Register
   10       87.9    1.8%  find Confirmation
   11       16.1    0.3%  look for the underprice question
   12      200.5    4.2%  click Confirmation
   13        0.6    0.0%  park
   14      106.3    2.2%  confirm the dialog is gone
   15      182.7    3.8%  wait for the panel to let the item go
   16       17.4    0.4%  read tab 4 after the listing
          4754.0  100.0%  TOTAL
  listed 22 at 457,564; it lands in row 12
DONE {"kind": "relist", "row": 12, "lands_in": 12, "qty": 22, "price": 457564, "item": "Upgrade Core (Ultimate"}
    relisted 22 at 457,564 in row 12
  tab 4 known from the last listing: 0 slot(s) held
  row 13: 'Force Core (Ultimate' x83 at 379,807 -> tab 4 slot (1, 1)
    floor 355,544 (355,544 x 1) from Force Core Set (Ultimate) as last bought; listed at 379,807, above it
TASK {"kind": "relist", "row": 13, "item": "Force Core (Ultimate", "qty": 83, "price": 379807, "tab": 4, "slot": [1, 1], "lands_in": 13}

  cancel row 13
    #         ms   share  step
    1      322.3    9.1%  click Refresh
    2      371.6   10.4%  scroll to the row
    3        0.0    0.0%  read the button of a row the run holds empty
    4      126.5    3.6%  read the row and its button
    5      516.6   14.5%  finish selecting inventory tab 4
    6        0.2    0.0%  check tab 4 before the withdrawal
    7        2.9    0.1%  work out the row, its floor and where it lands
    8       18.6    0.5%  check the shop slot is empty
    9        0.0    0.0%  scroll to the row again
   10        0.0    0.0%  check the row is the one the run listed
   11      289.9    8.1%  hover over Change and click it
   12       85.7    2.4%  find Cancel
   13      217.9    6.1%  click Cancel
   14      174.5    4.9%  find Confirmation
   15      313.6    8.8%  click Confirmation and park
   16      107.9    3.0%  wait for the dialog to close
   17      139.7    3.9%  wait for the item to land in tab 4
   18      872.9   24.5%  select inventory tab 4 after the withdrawal
          3560.8  100.0%  TOTAL
  inventory slot (1,1) at (1475, 236)
    read: current min 379,804, price field 379,804, net sales 379,804, week average 385,330, listed at 379,807
    the lowest listed price is 379,804, from the row and 3 more
    market 379,804, typing 379,803, 1 under the market
    net sales 31,523,649 is 83 x 379,803
  typed 250; the net sales make it 83
    the panel holds 379,803 against the 379,803 typed
  tab 4 read in 16 ms after the listing: 0 slot(s) held

  list 83 at 379,803
    #         ms   share  step
    1       22.0    0.5%  read the panel before loading
    2        0.1    0.0%  wait for slot (1,1) to fill
    3      792.2   16.8%  ctrl-click (1,1) attempt 1
    4      379.2    8.0%  read the suggested price
    5     1435.3   30.4%  type the price 379,803
    6      908.9   19.2%  type the quantity 250
    7      292.5    6.2%  take the quantity from the net sales
    8       86.9    1.8%  read the price back before Register
    9      221.3    4.7%  click Register
   10       87.2    1.8%  find Confirmation
   11       16.1    0.3%  look for the underprice question
   12      201.7    4.3%  click Confirmation
   13        0.5    0.0%  park
   14      100.9    2.1%  confirm the dialog is gone
   15      165.5    3.5%  wait for the panel to let the item go
   16       16.5    0.3%  read tab 4 after the listing
          4726.8  100.0%  TOTAL
  listed 83 at 379,803; it lands in row 13
DONE {"kind": "relist", "row": 13, "lands_in": 13, "qty": 83, "price": 379803, "item": "Force Core (Ultimate"}
    relisted 83 at 379,803 in row 13
  tab 4 known from the last listing: 0 slot(s) held
  row 14: 'Upgrade Core (Ultimate' x34 at 457,571 -> tab 4 slot (1, 1)
    floor 441,177 (441,177 x 1) from Upgrade Core Set (Ultimate) as last bought; listed at 457,571, above it
TASK {"kind": "relist", "row": 14, "item": "Upgrade Core (Ultimate", "qty": 34, "price": 457571, "tab": 4, "slot": [1, 1], "lands_in": 14}

  cancel row 14
    #         ms   share  step
    1      323.1    9.6%  click Refresh
    2      371.8   11.0%  scroll to the row
    3        0.0    0.0%  read the button of a row the run holds empty
    4      132.9    3.9%  read the row and its button
    5      517.1   15.3%  finish selecting inventory tab 4
    6        0.2    0.0%  check tab 4 before the withdrawal
    7        3.2    0.1%  work out the row, its floor and where it lands
    8       19.2    0.6%  check the shop slot is empty
    9        0.0    0.0%  scroll to the row again
   10        0.0    0.0%  check the row is the one the run listed
   11      289.2    8.6%  hover over Change and click it
   12       86.7    2.6%  find Cancel
   13      225.5    6.7%  click Cancel
   14       88.3    2.6%  find Confirmation
   15      217.8    6.5%  click Confirmation and park
   16      106.9    3.2%  wait for the dialog to close
   17      115.5    3.4%  wait for the item to land in tab 4
   18      873.1   25.9%  select inventory tab 4 after the withdrawal
          3370.6  100.0%  TOTAL
  inventory slot (1,1) at (1475, 236)
    read: current min 457,564, price field 457,564, net sales 457,564, week average 467,575, listed at 457,571
    the lowest listed price is 457,564, from the row and 3 more
    market 457,564, typing 457,563, 1 under the market
    net sales 15,557,142 is 34 x 457,563
  typed 250; the net sales make it 34
    the panel holds 457,563 against the 457,563 typed
  tab 4 read in 17 ms after the listing: 0 slot(s) held

  list 34 at 457,563
    #         ms   share  step
    1       25.5    0.5%  read the panel before loading
    2        0.1    0.0%  wait for slot (1,1) to fill
    3      793.6   16.9%  ctrl-click (1,1) attempt 1
    4      381.0    8.1%  read the suggested price
    5     1437.9   30.6%  type the price 457,563
    6      909.2   19.4%  type the quantity 250
    7      287.2    6.1%  take the quantity from the net sales
    8       90.8    1.9%  read the price back before Register
    9      215.7    4.6%  click Register
   10       87.8    1.9%  find Confirmation
   11       16.2    0.3%  look for the underprice question
   12      200.1    4.3%  click Confirmation
   13        0.7    0.0%  park
   14      214.3    4.6%  confirm the dialog is gone
   15       18.9    0.4%  wait for the panel to let the item go
   16       17.2    0.4%  read tab 4 after the listing
          4696.3  100.0%  TOTAL
  listed 34 at 457,563; it lands in row 14
DONE {"kind": "relist", "row": 14, "lands_in": 14, "qty": 34, "price": 457563, "item": "Upgrade Core (Ultimate"}
    relisted 34 at 457,563 in row 14
  tab 4 known from the last listing: 0 slot(s) held
  row 15: 'Upgrade Core (Ultimate' x10 at 457,570 -> tab 4 slot (1, 1)
    floor 441,177 (441,177 x 1) from Upgrade Core Set (Ultimate) as last bought; listed at 457,570, above it
TASK {"kind": "relist", "row": 15, "item": "Upgrade Core (Ultimate", "qty": 10, "price": 457570, "tab": 4, "slot": [1, 1], "lands_in": 15}

  cancel row 15
    #         ms   share  step
    1      328.8    9.6%  click Refresh
    2      371.9   10.8%  scroll to the row
    3        0.0    0.0%  read the button of a row the run holds empty
    4      178.0    5.2%  read the row and its button
    5      518.8   15.1%  finish selecting inventory tab 4
    6        0.2    0.0%  check tab 4 before the withdrawal
    7        2.9    0.1%  work out the row, its floor and where it lands
    8       19.3    0.6%  check the shop slot is empty
    9        0.0    0.0%  scroll to the row again
   10        0.0    0.0%  check the row is the one the run listed
   11      288.4    8.4%  hover over Change and click it
   12       85.7    2.5%  find Cancel
   13      218.9    6.4%  click Cancel
   14       90.3    2.6%  find Confirmation
   15      214.9    6.3%  click Confirmation and park
   16       99.9    2.9%  wait for the dialog to close
   17      146.5    4.3%  wait for the item to land in tab 4
   18      872.7   25.4%  select inventory tab 4 after the withdrawal
          3437.4  100.0%  TOTAL
  inventory slot (1,1) at (1475, 236)
    read: current min 457,563, price field 457,563, net sales 457,563, week average 467,575, listed at 457,570
    the lowest listed price is 457,563, from the row and 3 more
    market 457,563, typing 457,562, 1 under the market
    net sales 4,575,620 is 10 x 457,562
  typed 250; the net sales make it 10
    the panel holds 457,562 against the 457,562 typed
  tab 4 read in 20 ms after the listing: 0 slot(s) held

  list 10 at 457,562
    #         ms   share  step
    1       22.8    0.5%  read the panel before loading
    2        0.2    0.0%  wait for slot (1,1) to fill
    3      796.8   16.8%  ctrl-click (1,1) attempt 1
    4      385.3    8.1%  read the suggested price
    5     1435.1   30.2%  type the price 457,562
    6      908.9   19.1%  type the quantity 250
    7      284.4    6.0%  take the quantity from the net sales
    8       86.7    1.8%  read the price back before Register
    9      217.5    4.6%  click Register
   10       88.8    1.9%  find Confirmation
   11       20.9    0.4%  look for the underprice question
   12      193.6    4.1%  click Confirmation
   13        0.5    0.0%  park
   14      109.0    2.3%  confirm the dialog is gone
   15      179.8    3.8%  wait for the panel to let the item go
   16       19.8    0.4%  read tab 4 after the listing
          4750.1  100.0%  TOTAL
  listed 10 at 457,562; it lands in row 15
DONE {"kind": "relist", "row": 15, "lands_in": 15, "qty": 10, "price": 457562, "item": "Upgrade Core (Ultimate"}
    relisted 10 at 457,562 in row 15
  tab 4 known from the last listing: 0 slot(s) held
  row 16: 'Force Core (Ultimate' x73 at 379,806 -> tab 4 slot (1, 1)
    floor 355,544 (355,544 x 1) from Force Core Set (Ultimate) as last bought; listed at 379,806, above it
TASK {"kind": "relist", "row": 16, "item": "Force Core (Ultimate", "qty": 73, "price": 379806, "tab": 4, "slot": [1, 1], "lands_in": 16}

  cancel row 16
    #         ms   share  step
    1      322.2    9.5%  click Refresh
    2      371.7   10.9%  scroll to the row
    3        0.0    0.0%  read the button of a row the run holds empty
    4      146.8    4.3%  read the row and its button
    5      517.0   15.2%  finish selecting inventory tab 4
    6        0.2    0.0%  check tab 4 before the withdrawal
    7        3.3    0.1%  work out the row, its floor and where it lands
    8       18.5    0.5%  check the shop slot is empty
    9        0.0    0.0%  scroll to the row again
   10        0.0    0.0%  check the row is the one the run listed
   11      292.2    8.6%  hover over Change and click it
   12       87.7    2.6%  find Cancel
   13      217.3    6.4%  click Cancel
   14       93.6    2.7%  find Confirmation
   15      214.2    6.3%  click Confirmation and park
   16      103.8    3.0%  wait for the dialog to close
   17      146.1    4.3%  wait for the item to land in tab 4
   18      872.9   25.6%  select inventory tab 4 after the withdrawal
          3407.5  100.0%  TOTAL
  inventory slot (1,1) at (1475, 236)
    read: current min 379,802, price field 379,802, net sales 379,802, week average 385,330, listed at 379,806
    the lowest listed price is 379,802, from the row and 3 more
    market 379,802, typing 379,801, 1 under the market
    net sales 27,725,473 is 73 x 379,801
  typed 250; the net sales make it 73
    the panel holds 379,801 against the 379,801 typed
  tab 4 read in 17 ms after the listing: 0 slot(s) held

  list 73 at 379,801
    #         ms   share  step
    1       24.5    0.5%  read the panel before loading
    2        0.1    0.0%  wait for slot (1,1) to fill
    3      794.0   16.7%  ctrl-click (1,1) attempt 1
    4      384.6    8.1%  read the suggested price
    5     1442.2   30.4%  type the price 379,801
    6      910.3   19.2%  type the quantity 250
    7      289.4    6.1%  take the quantity from the net sales
    8       91.3    1.9%  read the price back before Register
    9      216.9    4.6%  click Register
   10       90.8    1.9%  find Confirmation
   11       18.1    0.4%  look for the underprice question
   12      199.2    4.2%  click Confirmation
   13        0.6    0.0%  park
   14      101.4    2.1%  confirm the dialog is gone
   15      169.5    3.6%  wait for the panel to let the item go
   16       16.8    0.4%  read tab 4 after the listing
          4749.6  100.0%  TOTAL
  listed 73 at 379,801; it lands in row 16
DONE {"kind": "relist", "row": 16, "lands_in": 16, "qty": 73, "price": 379801, "item": "Force Core (Ultimate"}
    relisted 73 at 379,801 in row 16
  row 17 is empty; nothing to relist
  row 18 is empty; nothing to relist
  row 19 is empty; nothing to relist
  row 20 is empty; nothing to relist
  row 21 is empty; nothing to relist
  row 22 is empty; nothing to relist
  row 23 is empty; nothing to relist
  row 24 is empty; nothing to relist
  row 25 is empty; nothing to relist

  relisting rows 1-25: 16 relisted, 9 empty, 0 skipped
    #          ms   share     n      each  phase
    1    78,761.1   52.5%    16   4,922.6  list it back
    2    27,565.7   18.4%    25   1,102.6  scroll to the row and read it
    3    19,953.2   13.3%    16   1,247.1  cancel the row and take it back
    4    13,970.0    9.3%    16     873.1  select inventory tab 4
    5     8,083.6    5.4%    25     323.3  Refresh the table
    6     1,523.0    1.0%     1   1,523.0  read tab 4 before the withdrawal
    7       300.0    0.2%    16      18.8  check the shop slot is empty
        150,156.6  100.0%

  returning the game to its default state
restoring the default state:
  Escape: window closed
  Inventory already closed
  the gift box at [284, 994]
  Receive All at [1209, 786]
  the special giftbox's Receive at [1438, 492]
  Close at [1483, 846]
  pressed 2 Receive button(s); the gift box took 3,349 ms
  the Agent Shop is shut and the vendor is not open either; reopening it
  Inventory shut: slot grid 0.10, needs 0.33

  board after pass 4:
                                                   bought/u   listed/u  margin      row price
     1  Divine Stone                       x11            -    706,513       -        706,513
     2  Arionell                           x1    280,833,333 312,185,712  +10.0%    312,185,712
     3  Force Gem Package                  x1    187,222,222 191,999,999   +2.5%    191,999,999
     4  Chaos Core Set X 200               x1             -    733,905       -    146,781,199
     5  Chaos Core Set X 200               x1             -    733,904       -    146,780,999
     6  Chaos Core Set X 252               x1             -    733,903       -    184,943,807
     7  Chaos Core Set X 200               x1             -    733,902       -    146,780,599
     8  Chaos Core Set X 48                x1             -    733,901       -     35,227,295
     9  Chaos Core Set X 348               x1             -    733,900       -    255,397,547
    10  Chaos Core Set X 252               x1             -    733,899       -    184,942,799
    11  Force Core (Ultimate               x8             -    379,805       -        379,805
    12  Upgrade Core (Ultimate             x22            -    457,564       -        457,564
    13  Force Core (Ultimate               x83            -    379,803       -        379,803
    14  Upgrade Core (Ultimate             x34            -    457,563       -        457,563
    15  Upgrade Core (Ultimate             x10            -    457,562       -        457,562
    16  Force Core (Ultimate               x73            -    379,801       -        379,801
    26  Chaos Core Set X 399               x1             -    734,028       -    292,877,570
    27  Potion of Honor                    x2             -  7,250,000       -      7,250,000
    29  Chaos Core Set X 999               x1             -    734,033       -    733,299,964
    item                               rows   units          listed
    Arionell                              1       1     312,185,712
    Chaos Core Set                        9   2,898   2,127,031,779
    Divine Stone                          1      11       7,771,643
    Force Core (Ultimate                  3     164      62,287,562
    Force Gem Package                     1       1     191,999,999
    Potion of Honor                       1       2      14,500,000
    Upgrade Core (Ultimate                3      66      30,199,170
    board                                19   3,143   2,745,975,865
    balance now 102,565,597
  pass 4: 16 relisted, 9 empty, 0 skipped; 9989.0 minute(s) left

-- pass 5 --

  resupply order: Chaos Core, Force Core(High), Force Core(Highest), Upgrade Core (Ultimate), Force Core (Ultimate), Blessing Bead - Superior, Arionell

  counting only rows 1-25; rows outside it are not repriced and do not count; 9 row(s) free
  core                            rows     buy/u    sell/u    margin  wants   short?
  Force Core(Highest)                0   210,000   204,997    -5,003      0   
  Chaos Core                         7         -         -         -      -   holds the most it can want, 6; not priced
  Force Core (Ultimate)              3         -         -         -      -   holds the most it can want, 3; not priced
  Force Core(High)                   0   167,222   170,000     2,778      0   
  Upgrade Core (Ultimate)            3         -         -         -      -   holds the most it can want, 3; not priced

  nothing inside rows 1-25 holds fewer rows than its margin is worth.

  Blessing Bead - Superior: 0 row(s) inside 1-25, 1 wanted; none
    floor 163,632,222: 437/1000 of the 374,444,444 voucher, read at launch

-- Blessing Bead - Superior: 0 row(s) --
  9 row(s) free inside 1-25; buying 1 at the Cash Shop, one at a time
TASK {"kind": "resupply", "core": "Blessing Bead - Superior", "tab": 4}
  Inventory shut; pressing I (attempt 1)
  tab 4 holds 0 slot(s) and is showing, so the Blessing Bead - Superior lands there
  the Cash Shop icon at [348, 994]
  Useable at [844, 168]
    'Blessing Bead - Superior' is where it was measured, 0 notch(es) down the Useable tab
  'Blessing Bead - Superior' at 350 Cash; Purchase at [739, 520]
  the Cash balance box [1134, 826, 1230, 848] reads 300
  the gem box [930, 826, 1060, 848] reads 41
  Blessing Bead - Superior costs 350 gem(s) from a Force Gem Package; 41 held
  41 is under the 350 it costs; buying a Force Gem Package and using it first, so the row goes out in one purchase
  Escape to close the Cash Shop (attempt 1)
  Inventory shut; pressing I (attempt 1)
  tab 4 holds 0 slot(s) and is showing, so the Force Gem Package lands there
  the Cash Shop icon at [348, 994]
  Useable at [844, 168]
    'Force Gem Package' is where it was measured, 0 notch(es) down the Useable tab
  'Force Gem Package' at 500 Cash; Purchase at [739, 750]
  the Cash balance box [1134, 826, 1230, 848] reads 300
  a Force Gem Package costs 500 Cash; 300 Cash held
  300 Cash is under the 500 a Force Gem Package costs; buying a Gold voucher and using it first
  Escape to close the Cash Shop (attempt 1)
  the Agent Shop is shut and the vendor is not open either; reopening it
  Inventory shut: slot grid 0.10, needs 0.33
  Alz 102,565,597 held; even 1 Gold voucher at 374,444,444 needs 374,444,444; not buying.
  resupply of 'Blessing Bead - Superior' stopped: the Alz on hand does not cover a Gold voucher at about 374,444,444; no Cash can be made for Blessing Bead - Superior.

  Arionell: 1 row(s) inside 1-25, 1 wanted; row 2 'Arionell'
    floor 280,833,333: 750/1000 of the 374,444,444 voucher, read at launch
  tab 4 read from the screen in 1518 ms: 0 slot(s) held
  row 1: 'Divine Stone' x11 at 706,513 -> tab 4 slot (1, 1)
    no floor for 'Divine Stone'
TASK {"kind": "relist", "row": 1, "item": "Divine Stone", "qty": 11, "price": 706513, "tab": 4, "slot": [1, 1], "lands_in": 1}

  cancel row 1
    #         ms   share  step
    1      322.9    5.8%  click Refresh
    2        0.0    0.0%  scroll to the row
    3        0.0    0.0%  read the button of a row the run holds empty
    4      317.3    5.7%  read the row and its button
    5      493.4    8.9%  finish selecting inventory tab 4
    6     1518.3   27.3%  check tab 4 before the withdrawal
    7      359.2    6.5%  work out the row, its floor and where it lands
    8       19.4    0.3%  check the shop slot is empty
    9        0.0    0.0%  scroll to the row again
   10        0.0    0.0%  check the row is the one the run listed
   11      791.0   14.2%  hover over Change and click it
   12       84.5    1.5%  find Cancel
   13      221.8    4.0%  click Cancel
   14       89.7    1.6%  find Confirmation
   15      216.8    3.9%  click Confirmation and park
   16      107.5    1.9%  wait for the dialog to close
   17      143.4    2.6%  wait for the item to land in tab 4
   18      873.5   15.7%  select inventory tab 4 after the withdrawal
          5558.7  100.0%  TOTAL
  inventory slot (1,1) at (1475, 236)
    read: current min 706,514, price field 706,514, net sales 706,514, week average 706,521, listed at 706,513
    the lowest listed price is 706,514, from the row and 3 more
    market 706,514, typing 706,513, 1 under the market
    net sales 7,771,643 is 11 x 706,513
  typed 250; the net sales make it 11
    the panel holds 706,513 against the 706,513 typed
  tab 4 read in 20 ms after the listing: 0 slot(s) held

  list 11 at 706,513
    #         ms   share  step
    1       25.0    0.5%  read the panel before loading
    2        0.1    0.0%  wait for slot (1,1) to fill
    3      791.8   16.7%  ctrl-click (1,1) attempt 1
    4      381.4    8.1%  read the suggested price
    5     1434.3   30.3%  type the price 706,513
    6      909.0   19.2%  type the quantity 250
    7      284.0    6.0%  take the quantity from the net sales
    8       87.4    1.8%  read the price back before Register
    9      218.3    4.6%  click Register
   10       86.5    1.8%  find Confirmation
   11       16.5    0.3%  look for the underprice question
   12      206.1    4.4%  click Confirmation
   13        0.6    0.0%  park
   14       97.6    2.1%  confirm the dialog is gone
   15      169.3    3.6%  wait for the panel to let the item go
   16       20.0    0.4%  read tab 4 after the listing
          4727.9  100.0%  TOTAL
  listed 11 at 706,513; it lands in row 1
DONE {"kind": "relist", "row": 1, "lands_in": 1, "qty": 11, "price": 706513, "item": "Divine Stone"}
    relisted 11 at 706,513 in row 1
  tab 4 known from the last listing: 0 slot(s) held
  row 2: 'Arionell' x1 at 312,185,712 -> tab 4 slot (1, 1)
    floor 280,833,333 from what it cost; listed at 312,185,712, above it
TASK {"kind": "relist", "row": 2, "item": "Arionell", "qty": 1, "price": 312185712, "tab": 4, "slot": [1, 1], "lands_in": 2}

  cancel row 2
    #         ms   share  step
    1      322.9    9.6%  click Refresh
    2      371.7   11.0%  scroll to the row
    3        0.0    0.0%  read the button of a row the run holds empty
    4      113.3    3.4%  read the row and its button
    5      518.8   15.4%  finish selecting inventory tab 4
    6        0.2    0.0%  check tab 4 before the withdrawal
    7        2.3    0.1%  work out the row, its floor and where it lands
    8       20.3    0.6%  check the shop slot is empty
    9        0.0    0.0%  scroll to the row again
   10        0.0    0.0%  check the row is the one the run listed
   11      289.3    8.6%  hover over Change and click it
   12       84.2    2.5%  find Cancel
   13      224.1    6.7%  click Cancel
   14       88.7    2.6%  find Confirmation
   15      215.8    6.4%  click Confirmation and park
   16      100.1    3.0%  wait for the dialog to close
   17      142.8    4.2%  wait for the item to land in tab 4
   18      872.9   25.9%  select inventory tab 4 after the withdrawal
          3367.2  100.0%  TOTAL
  inventory slot (1,1) at (1475, 236)
    read: current min 312,185,713, price field 312,185,713, net sales 312,185,713, week average 292,773,213, listed at 312,185,712
    the lowest listed price is 312,185,713, from the row and 3 more
    market 312,185,713, typing 312,185,712, 1 under the market
    net sales 312,185,712 is 1 x 312,185,712
  typed 250; the net sales make it 1
    the panel holds 312,185,712 against the 312,185,712 typed
  tab 4 read in 17 ms after the listing: 0 slot(s) held

  list 1 at 312,185,712
    #         ms   share  step
    1       22.9    0.5%  read the panel before loading
    2        0.1    0.0%  wait for slot (1,1) to fill
    3      792.3   15.7%  ctrl-click (1,1) attempt 1
    4      391.3    7.7%  read the suggested price
    5     1646.9   32.6%  type the price 312,185,712
    6      908.5   18.0%  type the quantity 250
    7      288.4    5.7%  take the quantity from the net sales
    8       90.5    1.8%  read the price back before Register
    9      215.4    4.3%  click Register
   10       87.7    1.7%  find Confirmation
   11       16.2    0.3%  look for the underprice question
   12      199.9    4.0%  click Confirmation
   13        0.6    0.0%  park
   14      207.7    4.1%  confirm the dialog is gone
   15      171.0    3.4%  wait for the panel to let the item go
   16       16.8    0.3%  read tab 4 after the listing
          5056.3  100.0%  TOTAL
  listed 1 at 312,185,712; it lands in row 2
DONE {"kind": "relist", "row": 2, "lands_in": 2, "qty": 1, "price": 312185712, "item": "Arionell"}
    relisted 1 at 312,185,712 in row 2
  tab 4 known from the last listing: 0 slot(s) held
  row 3: 'Force Gem Package' x1 at 191,999,999 -> tab 4 slot (1, 1)
    floor 187,222,222 from what it cost; listed at 191,999,999, above it
TASK {"kind": "relist", "row": 3, "item": "Force Gem Package", "qty": 1, "price": 191999999, "tab": 4, "slot": [1, 1], "lands_in": 3}

  cancel row 3
    #         ms   share  step
    1      322.4    9.4%  click Refresh
    2      371.1   10.8%  scroll to the row
    3        0.0    0.0%  read the button of a row the run holds empty
    4      176.3    5.1%  read the row and its button
    5      518.8   15.1%  finish selecting inventory tab 4
    6        0.2    0.0%  check tab 4 before the withdrawal
    7        2.9    0.1%  work out the row, its floor and where it lands
    8       19.1    0.6%  check the shop slot is empty
    9        0.0    0.0%  scroll to the row again
   10        0.0    0.0%  check the row is the one the run listed
   11      289.5    8.4%  hover over Change and click it
   12       84.0    2.5%  find Cancel
   13      220.0    6.4%  click Cancel
   14       90.2    2.6%  find Confirmation
   15      215.2    6.3%  click Confirmation and park
   16      109.2    3.2%  wait for the dialog to close
   17      136.2    4.0%  wait for the item to land in tab 4
   18      873.2   25.5%  select inventory tab 4 after the withdrawal
          3428.3  100.0%  TOTAL
  inventory slot (1,1) at (1475, 236)
    read: current min 192,000,000, price field 192,000,000, net sales 192,000,000, week average 189,265,820, listed at 191,999,999
    the lowest listed price is 192,000,000, from the row and 3 more
    market 192,000,000, typing 191,999,999, 1 under the market
    net sales 191,999,999 is 1 x 191,999,999
  typed 250; the net sales make it 1
    the panel holds 191,999,999 against the 191,999,999 typed
  tab 4 read in 17 ms after the listing: 0 slot(s) held

  list 1 at 191,999,999
    #         ms   share  step
    1       29.5    0.6%  read the panel before loading
    2        0.1    0.0%  wait for slot (1,1) to fill
    3      792.5   15.3%  ctrl-click (1,1) attempt 1
    4      380.9    7.4%  read the suggested price
    5     1657.1   32.1%  type the price 191,999,999
    6      909.4   17.6%  type the quantity 250
    7      290.5    5.6%  take the quantity from the net sales
    8       88.8    1.7%  read the price back before Register
    9      216.2    4.2%  click Register
   10      182.6    3.5%  find Confirmation
   11       15.7    0.3%  look for the underprice question
   12      309.5    6.0%  click Confirmation
   13        0.6    0.0%  park
   14      107.0    2.1%  confirm the dialog is gone
   15      169.1    3.3%  wait for the panel to let the item go
   16       16.6    0.3%  read tab 4 after the listing
          5165.9  100.0%  TOTAL
  listed 1 at 191,999,999; it lands in row 3
DONE {"kind": "relist", "row": 3, "lands_in": 3, "qty": 1, "price": 191999999, "item": "Force Gem Package"}
    relisted 1 at 191,999,999 in row 3
  tab 4 known from the last listing: 0 slot(s) held
  row 4: 'Chaos Core Set X 200' x1 at 146,781,199 -> tab 4 slot (1, 1)
    floor 146,194,800 (730,974 x 200) from Chaos Core as last bought; listed at 146,781,199, above it
TASK {"kind": "relist", "row": 4, "item": "Chaos Core Set X 200", "qty": 1, "price": 146781199, "tab": 4, "slot": [1, 1], "lands_in": 4}

  cancel row 4
    #         ms   share  step
    1      322.8    9.5%  click Refresh
    2      371.3   11.0%  scroll to the row
    3        0.0    0.0%  read the button of a row the run holds empty
    4      137.5    4.1%  read the row and its button
    5      518.0   15.3%  finish selecting inventory tab 4
    6        0.5    0.0%  check tab 4 before the withdrawal
    7        3.6    0.1%  work out the row, its floor and where it lands
    8       21.3    0.6%  check the shop slot is empty
    9        0.0    0.0%  scroll to the row again
   10        0.0    0.0%  check the row is the one the run listed
   11      289.8    8.6%  hover over Change and click it
   12       85.0    2.5%  find Cancel
   13      223.6    6.6%  click Cancel
   14       87.4    2.6%  find Confirmation
   15      221.9    6.6%  click Confirmation and park
   16      116.7    3.4%  wait for the dialog to close
   17      114.7    3.4%  wait for the item to land in tab 4
   18      873.5   25.8%  select inventory tab 4 after the withdrawal
          3387.5  100.0%  TOTAL
  inventory slot (1,1) at (1475, 236)
    read: current min 146,779,800, price field 146,779,800, net sales 146,779,800, week average 146,822,000, listed at 146,781,199
    the lowest listed price is 146,779,800, from the row and 3 more
    market 146,779,800, typing 146,779,799, 1 under the market
    net sales 146,779,799 is 1 x 146,779,799
  typed 250; the net sales make it 1
    the panel holds 146,779,799 against the 146,779,799 typed
  tab 4 read in 17 ms after the listing: 0 slot(s) held

  list 1 at 146,779,799
    #         ms   share  step
    1       25.2    0.5%  read the panel before loading
    2        0.1    0.0%  wait for slot (1,1) to fill
    3      793.1   16.0%  ctrl-click (1,1) attempt 1
    4      382.1    7.7%  read the suggested price
    5     1656.2   33.4%  type the price 146,779,799
    6      909.9   18.3%  type the quantity 250
    7      286.3    5.8%  take the quantity from the net sales
    8       89.5    1.8%  read the price back before Register
    9      215.0    4.3%  click Register
   10       89.1    1.8%  find Confirmation
   11       16.3    0.3%  look for the underprice question
   12      205.1    4.1%  click Confirmation
   13        0.6    0.0%  park
   14      110.7    2.2%  confirm the dialog is gone
   15      165.6    3.3%  wait for the panel to let the item go
   16       17.2    0.3%  read tab 4 after the listing
          4962.0  100.0%  TOTAL
  listed 1 at 146,779,799; it lands in row 4
DONE {"kind": "relist", "row": 4, "lands_in": 4, "qty": 1, "price": 146779799, "item": "Chaos Core Set X 200"}
    relisted 1 at 146,779,799 in row 4
  tab 4 known from the last listing: 0 slot(s) held
  row 5: 'Chaos Core Set X 200' x1 at 146,780,999 -> tab 4 slot (1, 1)
    floor 146,194,800 (730,974 x 200) from Chaos Core as last bought; listed at 146,780,999, above it
TASK {"kind": "relist", "row": 5, "item": "Chaos Core Set X 200", "qty": 1, "price": 146780999, "tab": 4, "slot": [1, 1], "lands_in": 5}

  cancel row 5
    #         ms   share  step
    1      322.8    9.1%  click Refresh
    2      371.6   10.4%  scroll to the row
    3        0.0    0.0%  read the button of a row the run holds empty
    4      141.1    4.0%  read the row and its button
    5      517.6   14.5%  finish selecting inventory tab 4
    6        0.2    0.0%  check tab 4 before the withdrawal
    7        4.0    0.1%  work out the row, its floor and where it lands
    8       20.2    0.6%  check the shop slot is empty
    9        0.0    0.0%  scroll to the row again
   10        0.0    0.0%  check the row is the one the run listed
   11      289.1    8.1%  hover over Change and click it
   12      174.6    4.9%  find Cancel
   13      312.7    8.8%  click Cancel
   14       88.6    2.5%  find Confirmation
   15      216.6    6.1%  click Confirmation and park
   16      110.4    3.1%  wait for the dialog to close
   17      118.4    3.3%  wait for the item to land in tab 4
   18      873.2   24.5%  select inventory tab 4 after the withdrawal
          3561.0  100.0%  TOTAL
  inventory slot (1,1) at (1475, 236)
    read: current min 146,779,600, price field 146,779,600, net sales 146,779,600, week average 146,822,000, listed at 146,780,999
    the lowest listed price is 146,779,600, from the row and 3 more
    market 146,779,600, typing 146,779,599, 1 under the market
    net sales 146,779,599 is 1 x 146,779,599
  typed 250; the net sales make it 1
    the panel holds 146,779,599 against the 146,779,599 typed
  tab 4 read in 17 ms after the listing: 0 slot(s) held

  list 1 at 146,779,599
    #         ms   share  step
    1       24.1    0.5%  read the panel before loading
    2        0.1    0.0%  wait for slot (1,1) to fill
    3      789.5   15.9%  ctrl-click (1,1) attempt 1
    4      382.2    7.7%  read the suggested price
    5     1654.3   33.4%  type the price 146,779,599
    6      908.0   18.3%  type the quantity 250
    7      284.9    5.8%  take the quantity from the net sales
    8       88.8    1.8%  read the price back before Register
    9      217.0    4.4%  click Register
   10       87.6    1.8%  find Confirmation
   11       17.1    0.3%  look for the underprice question
   12      200.1    4.0%  click Confirmation
   13        0.5    0.0%  park
   14      112.9    2.3%  confirm the dialog is gone
   15      169.5    3.4%  wait for the panel to let the item go
   16       16.9    0.3%  read tab 4 after the listing
          4953.6  100.0%  TOTAL
  listed 1 at 146,779,599; it lands in row 5
DONE {"kind": "relist", "row": 5, "lands_in": 5, "qty": 1, "price": 146779599, "item": "Chaos Core Set X 200"}
    relisted 1 at 146,779,599 in row 5
  tab 4 known from the last listing: 0 slot(s) held
  row 6: 'Chaos Core Set X 252' x1 at 184,943,807 -> tab 4 slot (1, 1)
    floor 184,205,448 (730,974 x 252) from Chaos Core as last bought; listed at 184,943,807, above it
TASK {"kind": "relist", "row": 6, "item": "Chaos Core Set X 252", "qty": 1, "price": 184943807, "tab": 4, "slot": [1, 1], "lands_in": 6}

  cancel row 6
    #         ms   share  step
    1      322.7    9.5%  click Refresh
    2      371.9   10.9%  scroll to the row
    3        0.0    0.0%  read the button of a row the run holds empty
    4      138.7    4.1%  read the row and its button
    5      519.6   15.3%  finish selecting inventory tab 4
    6        0.2    0.0%  check tab 4 before the withdrawal
    7        4.0    0.1%  work out the row, its floor and where it lands
    8       20.5    0.6%  check the shop slot is empty
    9        0.0    0.0%  scroll to the row again
   10        0.0    0.0%  check the row is the one the run listed
   11      288.6    8.5%  hover over Change and click it
   12       86.5    2.5%  find Cancel
   13      217.8    6.4%  click Cancel
   14       87.6    2.6%  find Confirmation
   15      217.4    6.4%  click Confirmation and park
   16      116.2    3.4%  wait for the dialog to close
   17      133.7    3.9%  wait for the item to land in tab 4
   18      873.8   25.7%  select inventory tab 4 after the withdrawal
          3399.1  100.0%  TOTAL
  inventory slot (1,1) at (1475, 236)
    read: current min 184,942,044, price field 184,942,044, net sales 184,942,044, week average 184,995,720, listed at 184,943,807
    the lowest listed price is 184,942,044, from the row and 3 more
    market 184,942,044, typing 184,942,043, 1 under the market
    net sales 184,942,043 is 1 x 184,942,043
  typed 250; the net sales make it 1
    the panel holds 184,942,043 against the 184,942,043 typed
  tab 4 read in 17 ms after the listing: 0 slot(s) held

  list 1 at 184,942,043
    #         ms   share  step
    1       24.2    0.5%  read the panel before loading
    2        0.1    0.0%  wait for slot (1,1) to fill
    3      794.1   15.7%  ctrl-click (1,1) attempt 1
    4      384.5    7.6%  read the suggested price
    5     1647.8   32.5%  type the price 184,942,043
    6      907.6   17.9%  type the quantity 250
    7      292.4    5.8%  take the quantity from the net sales
    8       88.4    1.7%  read the price back before Register
    9      217.1    4.3%  click Register
   10       90.2    1.8%  find Confirmation
   11       17.2    0.3%  look for the underprice question
   12      200.9    4.0%  click Confirmation
   13        0.6    0.0%  park
   14      217.1    4.3%  confirm the dialog is gone
   15      174.0    3.4%  wait for the panel to let the item go
   16       17.4    0.3%  read tab 4 after the listing
          5073.6  100.0%  TOTAL
  listed 1 at 184,942,043; it lands in row 6
DONE {"kind": "relist", "row": 6, "lands_in": 6, "qty": 1, "price": 184942043, "item": "Chaos Core Set X 252"}
    relisted 1 at 184,942,043 in row 6
  tab 4 known from the last listing: 0 slot(s) held
  row 7: 'Chaos Core Set X 200' x1 at 146,780,599 -> tab 4 slot (1, 1)
    floor 146,194,800 (730,974 x 200) from Chaos Core as last bought; listed at 146,780,599, above it
TASK {"kind": "relist", "row": 7, "item": "Chaos Core Set X 200", "qty": 1, "price": 146780599, "tab": 4, "slot": [1, 1], "lands_in": 7}

  cancel row 7
    #         ms   share  step
    1      322.2    9.5%  click Refresh
    2      371.3   10.9%  scroll to the row
    3        0.0    0.0%  read the button of a row the run holds empty
    4      130.3    3.8%  read the row and its button
    5      524.0   15.4%  finish selecting inventory tab 4
    6        0.2    0.0%  check tab 4 before the withdrawal
    7        3.3    0.1%  work out the row, its floor and where it lands
    8       18.6    0.5%  check the shop slot is empty
    9        0.0    0.0%  scroll to the row again
   10        0.0    0.0%  check the row is the one the run listed
   11      289.3    8.5%  hover over Change and click it
   12       86.6    2.5%  find Cancel
   13      220.9    6.5%  click Cancel
   14       89.4    2.6%  find Confirmation
   15      216.0    6.4%  click Confirmation and park
   16      109.8    3.2%  wait for the dialog to close
   17      143.4    4.2%  wait for the item to land in tab 4
   18      873.1   25.7%  select inventory tab 4 after the withdrawal
          3398.4  100.0%  TOTAL
  inventory slot (1,1) at (1475, 236)
    read: current min 146,779,200, price field 146,779,200, net sales 146,779,200, week average 146,822,000, listed at 146,780,599
    the lowest listed price is 146,779,200, from the row and 3 more
    market 146,779,200, typing 146,779,199, 1 under the market
    net sales 146,779,199 is 1 x 146,779,199
  typed 250; the net sales make it 1
    the panel holds 146,779,199 against the 146,779,199 typed
  tab 4 read in 17 ms after the listing: 0 slot(s) held

  list 1 at 146,779,199
    #         ms   share  step
    1       25.6    0.5%  read the panel before loading
    2        0.1    0.0%  wait for slot (1,1) to fill
    3      790.0   15.9%  ctrl-click (1,1) attempt 1
    4      389.1    7.8%  read the suggested price
    5     1652.5   33.2%  type the price 146,779,199
    6      909.5   18.3%  type the quantity 250
    7      288.7    5.8%  take the quantity from the net sales
    8       91.4    1.8%  read the price back before Register
    9      216.0    4.3%  click Register
   10       88.7    1.8%  find Confirmation
   11       16.9    0.3%  look for the underprice question
   12      202.9    4.1%  click Confirmation
   13        0.5    0.0%  park
   14      107.4    2.2%  confirm the dialog is gone
   15      175.1    3.5%  wait for the panel to let the item go
   16       16.9    0.3%  read tab 4 after the listing
          4971.4  100.0%  TOTAL
  listed 1 at 146,779,199; it lands in row 7
DONE {"kind": "relist", "row": 7, "lands_in": 7, "qty": 1, "price": 146779199, "item": "Chaos Core Set X 200"}
    relisted 1 at 146,779,199 in row 7
  tab 4 known from the last listing: 0 slot(s) held
  row 8: 'Chaos Core Set X 48' x1 at 35,227,295 -> tab 4 slot (1, 1)
    floor 35,086,752 (730,974 x 48) from Chaos Core as last bought; listed at 35,227,295, above it
TASK {"kind": "relist", "row": 8, "item": "Chaos Core Set X 48", "qty": 1, "price": 35227295, "tab": 4, "slot": [1, 1], "lands_in": 8}

  cancel row 8
    #         ms   share  step
    1      322.7    9.1%  click Refresh
    2      371.4   10.5%  scroll to the row
    3        0.0    0.0%  read the button of a row the run holds empty
    4      123.8    3.5%  read the row and its button
    5      516.1   14.5%  finish selecting inventory tab 4
    6        0.2    0.0%  check tab 4 before the withdrawal
    7        3.5    0.1%  work out the row, its floor and where it lands
    8       20.2    0.6%  check the shop slot is empty
    9        0.0    0.0%  scroll to the row again
   10        0.0    0.0%  check the row is the one the run listed
   11      290.6    8.2%  hover over Change and click it
   12       87.5    2.5%  find Cancel
   13      218.3    6.1%  click Cancel
   14      177.1    5.0%  find Confirmation
   15      308.4    8.7%  click Confirmation and park
   16       99.4    2.8%  wait for the dialog to close
   17      140.2    3.9%  wait for the item to land in tab 4
   18      873.4   24.6%  select inventory tab 4 after the withdrawal
          3552.7  100.0%  TOTAL
  inventory slot (1,1) at (1475, 236)
    read: current min 35,226,960, price field 35,226,960, net sales 35,226,960, week average 35,237,280, listed at 35,227,295
    the lowest listed price is 35,226,960, from the row and 3 more
    market 35,226,960, typing 35,226,959, 1 under the market
    net sales 35,226,959 is 1 x 35,226,959
  typed 250; the net sales make it 1
    the panel holds 35,226,959 against the 35,226,959 typed
  tab 4 read in 16 ms after the listing: 0 slot(s) held

  list 1 at 35,226,959
    #         ms   share  step
    1       21.1    0.4%  read the panel before loading
    2        0.1    0.0%  wait for slot (1,1) to fill
    3      795.3   16.3%  ctrl-click (1,1) attempt 1
    4      381.5    7.8%  read the suggested price
    5     1579.6   32.4%  type the price 35,226,959
    6      909.0   18.6%  type the quantity 250
    7      286.5    5.9%  take the quantity from the net sales
    8       90.1    1.8%  read the price back before Register
    9      216.6    4.4%  click Register
   10       90.4    1.9%  find Confirmation
   11       23.1    0.5%  look for the underprice question
   12      192.5    3.9%  click Confirmation
   13        0.6    0.0%  park
   14      103.4    2.1%  confirm the dialog is gone
   15      173.9    3.6%  wait for the panel to let the item go
   16       16.5    0.3%  read tab 4 after the listing
          4880.1  100.0%  TOTAL
  listed 1 at 35,226,959; it lands in row 8
DONE {"kind": "relist", "row": 8, "lands_in": 8, "qty": 1, "price": 35226959, "item": "Chaos Core Set X 48"}
    relisted 1 at 35,226,959 in row 8
  tab 4 known from the last listing: 0 slot(s) held
  row 9: 'Chaos Core Set X 348' x1 at 255,397,547 -> tab 4 slot (1, 1)
    floor 254,378,952 (730,974 x 348) from Chaos Core as last bought; listed at 255,397,547, above it
TASK {"kind": "relist", "row": 9, "item": "Chaos Core Set X 348", "qty": 1, "price": 255397547, "tab": 4, "slot": [1, 1], "lands_in": 9}

  cancel row 9
    #         ms   share  step
    1      322.5    9.5%  click Refresh
    2      371.2   10.9%  scroll to the row
    3        0.0    0.0%  read the button of a row the run holds empty
    4      135.2    4.0%  read the row and its button
    5      524.2   15.4%  finish selecting inventory tab 4
    6        0.4    0.0%  check tab 4 before the withdrawal
    7        3.2    0.1%  work out the row, its floor and where it lands
    8       21.4    0.6%  check the shop slot is empty
    9        0.0    0.0%  scroll to the row again
   10        0.0    0.0%  check the row is the one the run listed
   11      289.6    8.5%  hover over Change and click it
   12       87.6    2.6%  find Cancel
   13      220.4    6.5%  click Cancel
   14       89.9    2.7%  find Confirmation
   15      220.4    6.5%  click Confirmation and park
   16      104.6    3.1%  wait for the dialog to close
   17      129.0    3.8%  wait for the item to land in tab 4
   18      873.2   25.7%  select inventory tab 4 after the withdrawal
          3392.9  100.0%  TOTAL
  inventory slot (1,1) at (1475, 236)
    read: current min 255,395,112, price field 255,395,112, net sales 255,395,112, week average 255,470,280, listed at 255,397,547
    the lowest listed price is 255,395,112, from the row and 3 more
    market 255,395,112, typing 255,395,111, 1 under the market
    net sales 255,395,111 is 1 x 255,395,111
  typed 250; the net sales make it 1
    the panel holds 255,395,111 against the 255,395,111 typed
  tab 4 read in 18 ms after the listing: 0 slot(s) held

  list 1 at 255,395,111
    #         ms   share  step
    1       26.6    0.5%  read the panel before loading
    2        0.1    0.0%  wait for slot (1,1) to fill
    3      793.2   16.0%  ctrl-click (1,1) attempt 1
    4      376.7    7.6%  read the suggested price
    5     1652.7   33.3%  type the price 255,395,111
    6      909.4   18.3%  type the quantity 250
    7      291.4    5.9%  take the quantity from the net sales
    8       92.0    1.9%  read the price back before Register
    9      221.2    4.5%  click Register
   10       88.6    1.8%  find Confirmation
   11       20.2    0.4%  look for the underprice question
   12      199.6    4.0%  click Confirmation
   13        0.5    0.0%  park
   14      103.2    2.1%  confirm the dialog is gone
   15      168.3    3.4%  wait for the panel to let the item go
   16       18.2    0.4%  read tab 4 after the listing
          4961.8  100.0%  TOTAL
  listed 1 at 255,395,111; it lands in row 9
DONE {"kind": "relist", "row": 9, "lands_in": 9, "qty": 1, "price": 255395111, "item": "Chaos Core Set X 348"}
    relisted 1 at 255,395,111 in row 9
  tab 4 known from the last listing: 0 slot(s) held
  row 10: 'Chaos Core Set X 252' x1 at 184,942,799 -> tab 4 slot (1, 1)
    floor 184,205,448 (730,974 x 252) from Chaos Core as last bought; listed at 184,942,799, above it
TASK {"kind": "relist", "row": 10, "item": "Chaos Core Set X 252", "qty": 1, "price": 184942799, "tab": 4, "slot": [1, 1], "lands_in": 10}

  cancel row 10
    #         ms   share  step
    1      322.4    9.0%  click Refresh
    2      371.0   10.4%  scroll to the row
    3        0.0    0.0%  read the button of a row the run holds empty
    4      138.0    3.9%  read the row and its button
    5      517.8   14.5%  finish selecting inventory tab 4
    6        0.2    0.0%  check tab 4 before the withdrawal
    7        3.4    0.1%  work out the row, its floor and where it lands
    8       18.4    0.5%  check the shop slot is empty
    9        0.0    0.0%  scroll to the row again
   10        0.0    0.0%  check the row is the one the run listed
   11      295.1    8.3%  hover over Change and click it
   12       90.3    2.5%  find Cancel
   13      220.1    6.2%  click Cancel
   14      175.6    4.9%  find Confirmation
   15      306.1    8.6%  click Confirmation and park
   16      112.5    3.1%  wait for the dialog to close
   17      130.1    3.6%  wait for the item to land in tab 4
   18      873.4   24.4%  select inventory tab 4 after the withdrawal
          3574.4  100.0%  TOTAL
  inventory slot (1,1) at (1475, 236)
    read: current min 184,941,036, price field 184,941,036, net sales 184,941,036, week average 184,995,720, listed at 184,942,799
    the lowest listed price is 184,941,036, from the row and 3 more
    market 184,941,036, typing 184,941,035, 1 under the market
    net sales 184,941,035 is 1 x 184,941,035
  typed 250; the net sales make it 1
    the panel holds 184,941,035 against the 184,941,035 typed
  tab 4 read in 17 ms after the listing: 0 slot(s) held

  list 1 at 184,941,035
    #         ms   share  step
    1       21.7    0.4%  read the panel before loading
    2        0.1    0.0%  wait for slot (1,1) to fill
    3      790.1   16.0%  ctrl-click (1,1) attempt 1
    4      380.8    7.7%  read the suggested price
    5     1646.9   33.3%  type the price 184,941,035
    6      909.8   18.4%  type the quantity 250
    7      289.3    5.9%  take the quantity from the net sales
    8       88.7    1.8%  read the price back before Register
    9      214.6    4.3%  click Register
   10       89.8    1.8%  find Confirmation
   11       20.0    0.4%  look for the underprice question
   12      196.4    4.0%  click Confirmation
   13        0.6    0.0%  park
   14      108.4    2.2%  confirm the dialog is gone
   15      169.5    3.4%  wait for the panel to let the item go
   16       16.5    0.3%  read tab 4 after the listing
          4943.3  100.0%  TOTAL
  listed 1 at 184,941,035; it lands in row 10
DONE {"kind": "relist", "row": 10, "lands_in": 10, "qty": 1, "price": 184941035, "item": "Chaos Core Set X 252"}
    relisted 1 at 184,941,035 in row 10
  tab 4 known from the last listing: 0 slot(s) held
  row 11: 'Force Core (Ultimate' x8 at 379,805 -> tab 4 slot (1, 1)
    floor 355,544 (355,544 x 1) from Force Core Set (Ultimate) as last bought; listed at 379,805, above it
TASK {"kind": "relist", "row": 11, "item": "Force Core (Ultimate", "qty": 8, "price": 379805, "tab": 4, "slot": [1, 1], "lands_in": 11}

  cancel row 11
    #         ms   share  step
    1      325.1    9.6%  click Refresh
    2      371.4   11.0%  scroll to the row
    3        0.0    0.0%  read the button of a row the run holds empty
    4      118.6    3.5%  read the row and its button
    5      518.5   15.3%  finish selecting inventory tab 4
    6        0.2    0.0%  check tab 4 before the withdrawal
    7        3.4    0.1%  work out the row, its floor and where it lands
    8       17.5    0.5%  check the shop slot is empty
    9        0.0    0.0%  scroll to the row again
   10        0.0    0.0%  check the row is the one the run listed
   11      290.7    8.6%  hover over Change and click it
   12       88.0    2.6%  find Cancel
   13      220.1    6.5%  click Cancel
   14       87.8    2.6%  find Confirmation
   15      216.8    6.4%  click Confirmation and park
   16      104.7    3.1%  wait for the dialog to close
   17      145.8    4.3%  wait for the item to land in tab 4
   18      873.0   25.8%  select inventory tab 4 after the withdrawal
          3381.6  100.0%  TOTAL
  inventory slot (1,1) at (1475, 236)
    read: current min 379,801, price field 379,801, net sales 379,801, week average 385,330, listed at 379,805
    the lowest listed price is 379,801, from the row and 3 more
    market 379,801, typing 379,800, 1 under the market
    net sales 3,038,400 is 8 x 379,800
  typed 250; the net sales make it 8
    the panel holds 379,800 against the 379,800 typed
  tab 4 read in 17 ms after the listing: 0 slot(s) held

  list 8 at 379,800
    #         ms   share  step
    1       27.4    0.6%  read the panel before loading
    2        0.1    0.0%  wait for slot (1,1) to fill
    3      794.5   16.0%  ctrl-click (1,1) attempt 1
    4      382.6    7.7%  read the suggested price
    5     1445.7   29.1%  type the price 379,800
    6      908.9   18.3%  type the quantity 250
    7      281.9    5.7%  take the quantity from the net sales
    8       91.4    1.8%  read the price back before Register
    9      215.7    4.3%  click Register
   10      188.4    3.8%  find Confirmation
   11       17.1    0.3%  look for the underprice question
   12      306.6    6.2%  click Confirmation
   13        0.5    0.0%  park
   14      114.9    2.3%  confirm the dialog is gone
   15      168.0    3.4%  wait for the panel to let the item go
   16       17.1    0.3%  read tab 4 after the listing
          4960.6  100.0%  TOTAL
  listed 8 at 379,800; it lands in row 11
DONE {"kind": "relist", "row": 11, "lands_in": 11, "qty": 8, "price": 379800, "item": "Force Core (Ultimate"}
    relisted 8 at 379,800 in row 11
  tab 4 known from the last listing: 0 slot(s) held
  row 12: 'Upgrade Core (Ultimate' x22 at 457,564 -> tab 4 slot (1, 1)
    floor 441,177 (441,177 x 1) from Upgrade Core Set (Ultimate) as last bought; listed at 457,564, above it
TASK {"kind": "relist", "row": 12, "item": "Upgrade Core (Ultimate", "qty": 22, "price": 457564, "tab": 4, "slot": [1, 1], "lands_in": 12}

  cancel row 12
    #         ms   share  step
    1      323.2    9.4%  click Refresh
    2      371.1   10.8%  scroll to the row
    3        0.0    0.0%  read the button of a row the run holds empty
    4      128.6    3.7%  read the row and its button
    5      520.1   15.2%  finish selecting inventory tab 4
    6        0.2    0.0%  check tab 4 before the withdrawal
    7        3.6    0.1%  work out the row, its floor and where it lands
    8       17.7    0.5%  check the shop slot is empty
    9        0.0    0.0%  scroll to the row again
   10        0.0    0.0%  check the row is the one the run listed
   11      292.5    8.5%  hover over Change and click it
   12       91.0    2.7%  find Cancel
   13      217.5    6.3%  click Cancel
   14       93.4    2.7%  find Confirmation
   15      218.6    6.4%  click Confirmation and park
   16      101.2    3.0%  wait for the dialog to close
   17      177.3    5.2%  wait for the item to land in tab 4
   18      873.1   25.5%  select inventory tab 4 after the withdrawal
          3429.2  100.0%  TOTAL
  inventory slot (1,1) at (1475, 236)
    read: current min 457,559, price field 457,559, net sales 457,559, week average 467,575, listed at 457,564
    the lowest listed price is 457,559, from the row and 3 more
    market 457,559, typing 457,558, 1 under the market
    net sales 10,066,276 is 22 x 457,558
  typed 250; the net sales make it 22
    the panel holds 457,558 against the 457,558 typed
  tab 4 read in 18 ms after the listing: 0 slot(s) held

  list 22 at 457,558
    #         ms   share  step
    1       24.0    0.5%  read the panel before loading
    2        0.1    0.0%  wait for slot (1,1) to fill
    3      793.0   16.7%  ctrl-click (1,1) attempt 1
    4      376.7    7.9%  read the suggested price
    5     1434.5   30.2%  type the price 457,558
    6      909.8   19.2%  type the quantity 250
    7      286.3    6.0%  take the quantity from the net sales
    8       89.8    1.9%  read the price back before Register
    9      216.8    4.6%  click Register
   10       90.4    1.9%  find Confirmation
   11       17.0    0.4%  look for the underprice question
   12      202.8    4.3%  click Confirmation
   13        0.6    0.0%  park
   14      111.7    2.4%  confirm the dialog is gone
   15      174.3    3.7%  wait for the panel to let the item go
   16       18.0    0.4%  read tab 4 after the listing
          4745.8  100.0%  TOTAL
  listed 22 at 457,558; it lands in row 12
DONE {"kind": "relist", "row": 12, "lands_in": 12, "qty": 22, "price": 457558, "item": "Upgrade Core (Ultimate"}
    relisted 22 at 457,558 in row 12
  tab 4 known from the last listing: 0 slot(s) held
  row 13: 'Force Core (Ultimate' x83 at 379,803 -> tab 4 slot (1, 1)
    floor 355,544 (355,544 x 1) from Force Core Set (Ultimate) as last bought; listed at 379,803, above it
TASK {"kind": "relist", "row": 13, "item": "Force Core (Ultimate", "qty": 83, "price": 379803, "tab": 4, "slot": [1, 1], "lands_in": 13}

  cancel row 13
    #         ms   share  step
    1      322.6    9.0%  click Refresh
    2      371.7   10.3%  scroll to the row
    3        0.0    0.0%  read the button of a row the run holds empty
    4      130.2    3.6%  read the row and its button
    5      515.5   14.3%  finish selecting inventory tab 4
    6        0.5    0.0%  check tab 4 before the withdrawal
    7        3.4    0.1%  work out the row, its floor and where it lands
    8       20.5    0.6%  check the shop slot is empty
    9        0.0    0.0%  scroll to the row again
   10        0.0    0.0%  check the row is the one the run listed
   11      291.7    8.1%  hover over Change and click it
   12      187.4    5.2%  find Cancel
   13      307.8    8.6%  click Cancel
   14       90.4    2.5%  find Confirmation
   15      217.8    6.1%  click Confirmation and park
   16      101.1    2.8%  wait for the dialog to close
   17      165.6    4.6%  wait for the item to land in tab 4
   18      872.9   24.3%  select inventory tab 4 after the withdrawal
          3599.1  100.0%  TOTAL
  inventory slot (1,1) at (1475, 236)
    read: current min 379,800, price field 379,800, net sales 379,800, week average 385,330, listed at 379,803
    the lowest listed price is 379,800, from the row and 3 more
    market 379,800, typing 379,799, 1 under the market
    net sales 31,523,317 is 83 x 379,799
  typed 250; the net sales make it 83
    the panel holds 379,799 against the 379,799 typed
  tab 4 read in 16 ms after the listing: 0 slot(s) held

  list 83 at 379,799
    #         ms   share  step
    1       22.3    0.5%  read the panel before loading
    2        0.1    0.0%  wait for slot (1,1) to fill
    3      791.7   16.7%  ctrl-click (1,1) attempt 1
    4      387.4    8.2%  read the suggested price
    5     1435.8   30.3%  type the price 379,799
    6      908.5   19.2%  type the quantity 250
    7      283.8    6.0%  take the quantity from the net sales
    8       88.6    1.9%  read the price back before Register
    9      222.2    4.7%  click Register
   10       96.2    2.0%  find Confirmation
   11       20.9    0.4%  look for the underprice question
   12      191.6    4.0%  click Confirmation
   13        0.6    0.0%  park
   14      105.7    2.2%  confirm the dialog is gone
   15      172.1    3.6%  wait for the panel to let the item go
   16       16.4    0.3%  read tab 4 after the listing
          4743.8  100.0%  TOTAL
  listed 83 at 379,799; it lands in row 13
DONE {"kind": "relist", "row": 13, "lands_in": 13, "qty": 83, "price": 379799, "item": "Force Core (Ultimate"}
    relisted 83 at 379,799 in row 13
  tab 4 known from the last listing: 0 slot(s) held
  row 14: 'Upgrade Core (Ultimate' x34 at 457,563 -> tab 4 slot (1, 1)
    floor 441,177 (441,177 x 1) from Upgrade Core Set (Ultimate) as last bought; listed at 457,563, above it
TASK {"kind": "relist", "row": 14, "item": "Upgrade Core (Ultimate", "qty": 34, "price": 457563, "tab": 4, "slot": [1, 1], "lands_in": 14}

  cancel row 14
    #         ms   share  step
    1      322.6    9.4%  click Refresh
    2      371.6   10.8%  scroll to the row
    3        0.0    0.0%  read the button of a row the run holds empty
    4      177.5    5.2%  read the row and its button
    5      517.8   15.0%  finish selecting inventory tab 4
    6        0.2    0.0%  check tab 4 before the withdrawal
    7        3.4    0.1%  work out the row, its floor and where it lands
    8       18.6    0.5%  check the shop slot is empty
    9        0.0    0.0%  scroll to the row again
   10        0.0    0.0%  check the row is the one the run listed
   11      291.5    8.5%  hover over Change and click it
   12       96.6    2.8%  find Cancel
   13      215.4    6.3%  click Cancel
   14       91.4    2.7%  find Confirmation
   15      217.8    6.3%  click Confirmation and park
   16       97.3    2.8%  wait for the dialog to close
   17      147.2    4.3%  wait for the item to land in tab 4
   18      873.8   25.4%  select inventory tab 4 after the withdrawal
          3442.6  100.0%  TOTAL
  inventory slot (1,1) at (1475, 236)
    read: current min 457,558, price field 457,558, net sales 457,558, week average 467,575, listed at 457,563
    the lowest listed price is 457,558, from the row and 3 more
    market 457,558, typing 457,557, 1 under the market
    net sales 15,556,938 is 34 x 457,557
  typed 250; the net sales make it 34
    the panel holds 457,557 against the 457,557 typed
  tab 4 read in 17 ms after the listing: 0 slot(s) held

  list 34 at 457,557
    #         ms   share  step
    1       23.7    0.5%  read the panel before loading
    2        0.1    0.0%  wait for slot (1,1) to fill
    3      790.0   16.7%  ctrl-click (1,1) attempt 1
    4      384.6    8.1%  read the suggested price
    5     1437.8   30.3%  type the price 457,557
    6      908.6   19.2%  type the quantity 250
    7      285.6    6.0%  take the quantity from the net sales
    8       87.3    1.8%  read the price back before Register
    9      222.7    4.7%  click Register
   10       87.0    1.8%  find Confirmation
   11       16.8    0.4%  look for the underprice question
   12      204.2    4.3%  click Confirmation
   13        0.8    0.0%  park
   14      111.0    2.3%  confirm the dialog is gone
   15      166.7    3.5%  wait for the panel to let the item go
   16       16.6    0.4%  read tab 4 after the listing
          4743.5  100.0%  TOTAL
  listed 34 at 457,557; it lands in row 14
DONE {"kind": "relist", "row": 14, "lands_in": 14, "qty": 34, "price": 457557, "item": "Upgrade Core (Ultimate"}
    relisted 34 at 457,557 in row 14
  tab 4 known from the last listing: 0 slot(s) held
  row 15: 'Upgrade Core (Ultimate' x10 at 457,562 -> tab 4 slot (1, 1)
    floor 441,177 (441,177 x 1) from Upgrade Core Set (Ultimate) as last bought; listed at 457,562, above it
TASK {"kind": "relist", "row": 15, "item": "Upgrade Core (Ultimate", "qty": 10, "price": 457562, "tab": 4, "slot": [1, 1], "lands_in": 15}

  cancel row 15
    #         ms   share  step
    1      322.7    8.9%  click Refresh
    2      371.5   10.3%  scroll to the row
    3        0.0    0.0%  read the button of a row the run holds empty
    4      159.6    4.4%  read the row and its button
    5      516.7   14.3%  finish selecting inventory tab 4
    6        0.1    0.0%  check tab 4 before the withdrawal
    7        4.1    0.1%  work out the row, its floor and where it lands
    8       22.2    0.6%  check the shop slot is empty
    9        0.0    0.0%  scroll to the row again
   10        0.0    0.0%  check the row is the one the run listed
   11      288.2    8.0%  hover over Change and click it
   12      183.7    5.1%  find Cancel
   13      307.9    8.5%  click Cancel
   14       89.0    2.5%  find Confirmation
   15      219.3    6.1%  click Confirmation and park
   16      109.5    3.0%  wait for the dialog to close
   17      142.7    4.0%  wait for the item to land in tab 4
   18      873.1   24.2%  select inventory tab 4 after the withdrawal
          3610.3  100.0%  TOTAL
  inventory slot (1,1) at (1475, 236)
    read: current min 457,557, price field 457,557, net sales 457,557, week average 467,575, listed at 457,562
    the lowest listed price is 457,557, from the row and 3 more
    market 457,557, typing 457,556, 1 under the market
    net sales 4,575,560 is 10 x 457,556
  typed 250; the net sales make it 10
    the panel holds 457,556 against the 457,556 typed
  tab 4 read in 17 ms after the listing: 0 slot(s) held

  list 10 at 457,556
    #         ms   share  step
    1       21.0    0.4%  read the panel before loading
    2        0.1    0.0%  wait for slot (1,1) to fill
    3      790.3   16.2%  ctrl-click (1,1) attempt 1
    4      376.3    7.7%  read the suggested price
    5     1439.0   29.6%  type the price 457,556
    6      908.3   18.7%  type the quantity 250
    7      287.0    5.9%  take the quantity from the net sales
    8       88.6    1.8%  read the price back before Register
    9      218.0    4.5%  click Register
   10       86.6    1.8%  find Confirmation
   11       16.6    0.3%  look for the underprice question
   12      200.4    4.1%  click Confirmation
   13        0.5    0.0%  park
   14       91.9    1.9%  confirm the dialog is gone
   15      325.0    6.7%  wait for the panel to let the item go
   16       16.7    0.3%  read tab 4 after the listing
          4866.3  100.0%  TOTAL
  listed 10 at 457,556; it lands in row 15
DONE {"kind": "relist", "row": 15, "lands_in": 15, "qty": 10, "price": 457556, "item": "Upgrade Core (Ultimate"}
    relisted 10 at 457,556 in row 15
  tab 4 known from the last listing: 0 slot(s) held
  row 16: 'Force Core (Ultimate' x73 at 379,801 -> tab 4 slot (1, 1)
    floor 355,544 (355,544 x 1) from Force Core Set (Ultimate) as last bought; listed at 379,801, above it
TASK {"kind": "relist", "row": 16, "item": "Force Core (Ultimate", "qty": 73, "price": 379801, "tab": 4, "slot": [1, 1], "lands_in": 16}

  cancel row 16
    #         ms   share  step
    1      322.5    9.7%  click Refresh
    2      371.6   11.1%  scroll to the row
    3        0.0    0.0%  read the button of a row the run holds empty
    4      116.4    3.5%  read the row and its button
    5      518.3   15.5%  finish selecting inventory tab 4
    6        0.3    0.0%  check tab 4 before the withdrawal
    7        2.8    0.1%  work out the row, its floor and where it lands
    8       17.4    0.5%  check the shop slot is empty
    9        0.0    0.0%  scroll to the row again
   10        0.0    0.0%  check the row is the one the run listed
   11      290.6    8.7%  hover over Change and click it
   12       84.7    2.5%  find Cancel
   13      219.2    6.6%  click Cancel
   14       87.2    2.6%  find Confirmation
   15      218.2    6.5%  click Confirmation and park
   16      102.3    3.1%  wait for the dialog to close
   17      117.0    3.5%  wait for the item to land in tab 4
   18      872.8   26.1%  select inventory tab 4 after the withdrawal
          3341.4  100.0%  TOTAL
  inventory slot (1,1) at (1475, 236)
    read: current min 379,799, price field 379,799, net sales 379,799, week average 385,330, listed at 379,801
    the lowest listed price is 379,799, from the row and 3 more
    market 379,799, typing 379,798, 1 under the market
    net sales 27,725,254 is 73 x 379,798
  typed 250; the net sales make it 73
    the panel holds 379,798 against the 379,798 typed
  tab 4 read in 17 ms after the listing: 0 slot(s) held

  list 73 at 379,798
    #         ms   share  step
    1       24.2    0.5%  read the panel before loading
    2        0.1    0.0%  wait for slot (1,1) to fill
    3      790.1   16.7%  ctrl-click (1,1) attempt 1
    4      375.8    7.9%  read the suggested price
    5     1439.1   30.4%  type the price 379,798
    6      907.8   19.2%  type the quantity 250
    7      286.3    6.1%  take the quantity from the net sales
    8       88.5    1.9%  read the price back before Register
    9      216.9    4.6%  click Register
   10       88.4    1.9%  find Confirmation
   11       20.0    0.4%  look for the underprice question
   12      195.9    4.1%  click Confirmation
   13        0.7    0.0%  park
   14      110.5    2.3%  confirm the dialog is gone
   15      168.3    3.6%  wait for the panel to let the item go
   16       17.0    0.4%  read tab 4 after the listing
          4729.5  100.0%  TOTAL
  listed 73 at 379,798; it lands in row 16
DONE {"kind": "relist", "row": 16, "lands_in": 16, "qty": 73, "price": 379798, "item": "Force Core (Ultimate"}
    relisted 73 at 379,798 in row 16
  row 17 is empty; nothing to relist
  row 18 is empty; nothing to relist
  row 19 is empty; nothing to relist
  row 20 is empty; nothing to relist
  row 21 is empty; nothing to relist
  row 22 is empty; nothing to relist
  row 23 is empty; nothing to relist
  row 24 is empty; nothing to relist
  row 25 is empty; nothing to relist

  relisting rows 1-25: 16 relisted, 9 empty, 0 skipped
    #          ms   share     n      each  phase
    1    78,572.8   52.4%    16   4,910.8  list it back
    2    27,513.8   18.4%    25   1,100.6  scroll to the row and read it
    3    19,945.4   13.3%    16   1,246.6  cancel the row and take it back
    4    13,972.0    9.3%    16     873.2  select inventory tab 4
    5     8,081.4    5.4%    25     323.3  Refresh the table
    6     1,518.1    1.0%     1   1,518.1  read tab 4 before the withdrawal
    7       313.4    0.2%    16      19.6  check the shop slot is empty
        149,916.9  100.0%

  returning the game to its default state
restoring the default state:
  Escape: window closed
  Inventory already closed
  the gift box at [284, 994]
  Receive All at [1209, 786]
  the special giftbox's Receive at [1438, 492]
  Close at [1483, 846]
  pressed 2 Receive button(s); the gift box took 3,332 ms
  the Agent Shop is shut and the vendor is not open either; reopening it
  Inventory shut: slot grid 0.10, needs 0.33

  board after pass 5:
                                                   bought/u   listed/u  margin      row price
     1  Divine Stone                       x11            -    706,513       -        706,513
     2  Arionell                           x1    280,833,333 312,185,712  +10.0%    312,185,712
     3  Force Gem Package                  x1    187,222,222 191,999,999   +2.5%    191,999,999
     4  Chaos Core Set X 200               x1             -    733,898       -    146,779,799
     5  Chaos Core Set X 200               x1             -    733,897       -    146,779,599
     6  Chaos Core Set X 252               x1             -    733,896       -    184,942,043
     7  Chaos Core Set X 200               x1             -    733,895       -    146,779,199
     8  Chaos Core Set X 48                x1             -    733,894       -     35,226,959
     9  Chaos Core Set X 348               x1             -    733,893       -    255,395,111
    10  Chaos Core Set X 252               x1             -    733,892       -    184,941,035
    11  Force Core (Ultimate               x8             -    379,800       -        379,800
    12  Upgrade Core (Ultimate             x22            -    457,558       -        457,558
    13  Force Core (Ultimate               x83            -    379,799       -        379,799
    14  Upgrade Core (Ultimate             x34            -    457,557       -        457,557
    15  Upgrade Core (Ultimate             x10            -    457,556       -        457,556
    16  Force Core (Ultimate               x73            -    379,798       -        379,798
    26  Chaos Core Set X 399               x1             -    734,028       -    292,877,570
    27  Potion of Honor                    x2             -  7,250,000       -      7,250,000
    29  Chaos Core Set X 999               x1             -    734,033       -    733,299,964
    item                               rows   units          listed
    Arionell                              1       1     312,185,712
    Chaos Core Set                        9   2,898   2,127,021,279
    Divine Stone                          1      11       7,771,643
    Force Core (Ultimate                  3     164      62,286,971
    Force Gem Package                     1       1     191,999,999
    Potion of Honor                       1       2      14,500,000
    Upgrade Core (Ultimate                3      66      30,198,774
    board                                19   3,143   2,745,964,378
    balance now 102,565,597
  pass 5: 16 relisted, 9 empty, 0 skipped; 9985.6 minute(s) left

-- pass 6 --

  resupply order: Chaos Core, Force Core(High), Force Core(Highest), Upgrade Core (Ultimate), Force Core (Ultimate), Blessing Bead - Superior, Arionell

  counting only rows 1-25; rows outside it are not repriced and do not count; 9 row(s) free
  core                            rows     buy/u    sell/u    margin  wants   short?
  Force Core(Highest)                0   210,000   204,996    -5,004      0   
  Chaos Core                         7         -         -         -      -   holds the most it can want, 6; not priced
  Force Core (Ultimate)              3         -         -         -      -   holds the most it can want, 3; not priced
  Force Core(High)                   0   167,222   170,000     2,778      0   
  Upgrade Core (Ultimate)            3         -         -         -      -   holds the most it can want, 3; not priced

  nothing inside rows 1-25 holds fewer rows than its margin is worth.

  Blessing Bead - Superior: 0 row(s) inside 1-25, 1 wanted; none
    floor 163,632,222: 437/1000 of the 374,444,444 voucher, read at launch

-- Blessing Bead - Superior: 0 row(s) --
  9 row(s) free inside 1-25; buying 1 at the Cash Shop, one at a time
TASK {"kind": "resupply", "core": "Blessing Bead - Superior", "tab": 4}
  Inventory shut; pressing I (attempt 1)
  tab 4 holds 0 slot(s) and is showing, so the Blessing Bead - Superior lands there
  the Cash Shop icon at [348, 994]
  Useable at [844, 168]
    'Blessing Bead - Superior' is where it was measured, 0 notch(es) down the Useable tab
  'Blessing Bead - Superior' at 350 Cash; Purchase at [739, 520]
  the Cash balance box [1134, 826, 1230, 848] reads 300
  the gem box [930, 826, 1060, 848] reads 41
  Blessing Bead - Superior costs 350 gem(s) from a Force Gem Package; 41 held
  41 is under the 350 it costs; buying a Force Gem Package and using it first, so the row goes out in one purchase
  Escape to close the Cash Shop (attempt 1)
  Inventory shut; pressing I (attempt 1)
  tab 4 holds 0 slot(s) and is showing, so the Force Gem Package lands there
  the Cash Shop icon at [348, 994]
  Useable at [844, 168]
    'Force Gem Package' is where it was measured, 0 notch(es) down the Useable tab
  'Force Gem Package' at 500 Cash; Purchase at [739, 750]
  the Cash balance box [1134, 826, 1230, 848] reads 300
  a Force Gem Package costs 500 Cash; 300 Cash held
  300 Cash is under the 500 a Force Gem Package costs; buying a Gold voucher and using it first
  Escape to close the Cash Shop (attempt 1)
  the Agent Shop is shut and the vendor is not open either; reopening it
  Inventory shut: slot grid 0.10, needs 0.33
  Alz 102,565,597 held; even 1 Gold voucher at 374,444,444 needs 374,444,444; not buying.
  resupply of 'Blessing Bead - Superior' stopped: the Alz on hand does not cover a Gold voucher at about 374,444,444; no Cash can be made for Blessing Bead - Superior.

  Arionell: 1 row(s) inside 1-25, 1 wanted; row 2 'Arionell'
    floor 280,833,333: 750/1000 of the 374,444,444 voucher, read at launch
  tab 4 read from the screen in 1524 ms: 0 slot(s) held
  row 1: 'Divine Stone' x11 at 706,513 -> tab 4 slot (1, 1)
    no floor for 'Divine Stone'
TASK {"kind": "relist", "row": 1, "item": "Divine Stone", "qty": 11, "price": 706513, "tab": 4, "slot": [1, 1], "lands_in": 1}

  cancel row 1
    #         ms   share  step
    1      322.2    5.8%  click Refresh
    2        0.0    0.0%  scroll to the row
    3        0.0    0.0%  read the button of a row the run holds empty
    4      266.6    4.8%  read the row and its button
    5      519.6    9.4%  finish selecting inventory tab 4
    6     1523.9   27.5%  check tab 4 before the withdrawal
    7      362.3    6.5%  work out the row, its floor and where it lands
    8       18.9    0.3%  check the shop slot is empty
    9        0.0    0.0%  scroll to the row again
   10        0.0    0.0%  check the row is the one the run listed
   11      791.4   14.3%  hover over Change and click it
   12       85.6    1.5%  find Cancel
   13      223.1    4.0%  click Cancel
   14       92.1    1.7%  find Confirmation
   15      220.7    4.0%  click Confirmation and park
   16      113.2    2.0%  wait for the dialog to close
   17      133.5    2.4%  wait for the item to land in tab 4
   18      873.3   15.7%  select inventory tab 4 after the withdrawal
          5546.3  100.0%  TOTAL
  inventory slot (1,1) at (1475, 236)
    read: current min 706,513, price field 706,513, net sales 706,513, week average 706,521, listed at 706,513
    the lowest listed price is 706,513, from the row and 3 more
    market 706,513, typing 706,512, 1 under the market
    net sales 7,771,632 is 11 x 706,512
  typed 250; the net sales make it 11
    the panel holds 706,512 against the 706,512 typed
  tab 4 read in 20 ms after the listing: 0 slot(s) held

  list 11 at 706,512
    #         ms   share  step
    1       22.5    0.5%  read the panel before loading
    2        0.1    0.0%  wait for slot (1,1) to fill
    3      794.1   16.7%  ctrl-click (1,1) attempt 1
    4      397.3    8.3%  read the suggested price
    5     1439.4   30.2%  type the price 706,512
    6      909.0   19.1%  type the quantity 250
    7      289.8    6.1%  take the quantity from the net sales
    8       89.2    1.9%  read the price back before Register
    9      218.2    4.6%  click Register
   10       91.8    1.9%  find Confirmation
   11       20.5    0.4%  look for the underprice question
   12      194.9    4.1%  click Confirmation
   13        0.7    0.0%  park
   14      102.5    2.2%  confirm the dialog is gone
   15      173.7    3.6%  wait for the panel to let the item go
   16       19.6    0.4%  read tab 4 after the listing
          4763.2  100.0%  TOTAL
  listed 11 at 706,512; it lands in row 1
DONE {"kind": "relist", "row": 1, "lands_in": 1, "qty": 11, "price": 706512, "item": "Divine Stone"}
    relisted 11 at 706,512 in row 1
  tab 4 known from the last listing: 0 slot(s) held
  row 2: 'Arionell' x1 at 312,185,712 -> tab 4 slot (1, 1)
    floor 280,833,333 from what it cost; listed at 312,185,712, above it
TASK {"kind": "relist", "row": 2, "item": "Arionell", "qty": 1, "price": 312185712, "tab": 4, "slot": [1, 1], "lands_in": 2}

  cancel row 2
    #         ms   share  step
    1      322.8    9.6%  click Refresh
    2      371.4   11.0%  scroll to the row
    3        0.0    0.0%  read the button of a row the run holds empty
    4      111.8    3.3%  read the row and its button
    5      517.3   15.4%  finish selecting inventory tab 4
    6        0.2    0.0%  check tab 4 before the withdrawal
    7        2.5    0.1%  work out the row, its floor and where it lands
    8       20.0    0.6%  check the shop slot is empty
    9        0.0    0.0%  scroll to the row again
   10        0.0    0.0%  check the row is the one the run listed
   11      291.2    8.7%  hover over Change and click it
   12       91.4    2.7%  find Cancel
   13      220.2    6.5%  click Cancel
   14       89.2    2.7%  find Confirmation
   15      220.3    6.5%  click Confirmation and park
   16      106.7    3.2%  wait for the dialog to close
   17      126.8    3.8%  wait for the item to land in tab 4
   18      872.7   25.9%  select inventory tab 4 after the withdrawal
          3364.5  100.0%  TOTAL
  inventory slot (1,1) at (1475, 236)
    read: current min 312,185,713, price field 312,185,713, net sales 312,185,713, week average 292,773,213, listed at 312,185,712
    the lowest listed price is 312,185,713, from the row and 3 more
    market 312,185,713, typing 312,185,712, 1 under the market
    net sales 312,185,712 is 1 x 312,185,712
  typed 250; the net sales make it 1
    the panel holds 312,185,712 against the 312,185,712 typed
  tab 4 read in 17 ms after the listing: 0 slot(s) held

  list 1 at 312,185,712
    #         ms   share  step
    1       21.8    0.4%  read the panel before loading
    2        0.1    0.0%  wait for slot (1,1) to fill
    3      795.1   16.0%  ctrl-click (1,1) attempt 1
    4      380.5    7.7%  read the suggested price
    5     1660.3   33.5%  type the price 312,185,712
    6      909.0   18.3%  type the quantity 250
    7      288.6    5.8%  take the quantity from the net sales
    8       87.6    1.8%  read the price back before Register
    9      216.6    4.4%  click Register
   10       96.8    2.0%  find Confirmation
   11       21.2    0.4%  look for the underprice question
   12      192.6    3.9%  click Confirmation
   13        0.6    0.0%  park
   14      100.4    2.0%  confirm the dialog is gone
   15      168.3    3.4%  wait for the panel to let the item go
   16       16.7    0.3%  read tab 4 after the listing
          4956.2  100.0%  TOTAL
  listed 1 at 312,185,712; it lands in row 2
DONE {"kind": "relist", "row": 2, "lands_in": 2, "qty": 1, "price": 312185712, "item": "Arionell"}
    relisted 1 at 312,185,712 in row 2
  tab 4 known from the last listing: 0 slot(s) held
  row 3: 'Force Gem Package' x1 at 191,999,999 -> tab 4 slot (1, 1)
    floor 187,222,222 from what it cost; listed at 191,999,999, above it
TASK {"kind": "relist", "row": 3, "item": "Force Gem Package", "qty": 1, "price": 191999999, "tab": 4, "slot": [1, 1], "lands_in": 3}

  cancel row 3
    #         ms   share  step
    1      322.6    9.4%  click Refresh
    2      371.3   10.8%  scroll to the row
    3        0.0    0.0%  read the button of a row the run holds empty
    4      145.0    4.2%  read the row and its button
    5      518.0   15.0%  finish selecting inventory tab 4
    6        0.2    0.0%  check tab 4 before the withdrawal
    7        2.6    0.1%  work out the row, its floor and where it lands
    8       20.3    0.6%  check the shop slot is empty
    9        0.0    0.0%  scroll to the row again
   10        0.0    0.0%  check the row is the one the run listed
   11      291.1    8.5%  hover over Change and click it
   12       88.7    2.6%  find Cancel
   13      223.1    6.5%  click Cancel
   14       90.0    2.6%  find Confirmation
   15      217.8    6.3%  click Confirmation and park
   16       97.8    2.8%  wait for the dialog to close
   17      182.6    5.3%  wait for the item to land in tab 4
   18      873.5   25.4%  select inventory tab 4 after the withdrawal
          3444.5  100.0%  TOTAL
  inventory slot (1,1) at (1475, 236)
    read: current min 192,000,000, price field 192,000,000, net sales 192,000,000, week average 189,265,820, listed at 191,999,999
    the lowest listed price is 192,000,000, from the row and 3 more
    market 192,000,000, typing 191,999,999, 1 under the market
    net sales 191,999,999 is 1 x 191,999,999
  typed 250; the net sales make it 1
    the panel holds 191,999,999 against the 191,999,999 typed
  tab 4 read in 17 ms after the listing: 0 slot(s) held

  list 1 at 191,999,999
    #         ms   share  step
    1       21.4    0.4%  read the panel before loading
    2        0.1    0.0%  wait for slot (1,1) to fill
    3      790.8   15.9%  ctrl-click (1,1) attempt 1
    4      385.3    7.8%  read the suggested price
    5     1651.4   33.3%  type the price 191,999,999
    6      909.7   18.3%  type the quantity 250
    7      285.8    5.8%  take the quantity from the net sales
    8       90.7    1.8%  read the price back before Register
    9      217.8    4.4%  click Register
   10       90.0    1.8%  find Confirmation
   11       16.6    0.3%  look for the underprice question
   12      204.1    4.1%  click Confirmation
   13        0.5    0.0%  park
   14      112.5    2.3%  confirm the dialog is gone
   15      170.2    3.4%  wait for the panel to let the item go
   16       16.7    0.3%  read tab 4 after the listing
          4963.7  100.0%  TOTAL
  listed 1 at 191,999,999; it lands in row 3
DONE {"kind": "relist", "row": 3, "lands_in": 3, "qty": 1, "price": 191999999, "item": "Force Gem Package"}
    relisted 1 at 191,999,999 in row 3
  tab 4 known from the last listing: 0 slot(s) held
  row 4: 'Chaos Core Set X 200' x1 at 146,779,799 -> tab 4 slot (1, 1)
    floor 146,194,800 (730,974 x 200) from Chaos Core as last bought; listed at 146,779,799, above it
TASK {"kind": "relist", "row": 4, "item": "Chaos Core Set X 200", "qty": 1, "price": 146779799, "tab": 4, "slot": [1, 1], "lands_in": 4}

  cancel row 4
    #         ms   share  step
    1      323.1    9.1%  click Refresh
    2      371.7   10.5%  scroll to the row
    3        0.0    0.0%  read the button of a row the run holds empty
    4      127.9    3.6%  read the row and its button
    5      517.8   14.6%  finish selecting inventory tab 4
    6        0.2    0.0%  check tab 4 before the withdrawal
    7        3.2    0.1%  work out the row, its floor and where it lands
    8       20.2    0.6%  check the shop slot is empty
    9        0.0    0.0%  scroll to the row again
   10        0.0    0.0%  check the row is the one the run listed
   11      290.1    8.2%  hover over Change and click it
   12      182.1    5.1%  find Cancel
   13      307.8    8.7%  click Cancel
   14       88.7    2.5%  find Confirmation
   15      216.8    6.1%  click Confirmation and park
   16      106.4    3.0%  wait for the dialog to close
   17      122.5    3.5%  wait for the item to land in tab 4
   18      872.8   24.6%  select inventory tab 4 after the withdrawal
          3551.4  100.0%  TOTAL
  inventory slot (1,1) at (1475, 236)
    read: current min 146,777,400, price field 146,777,400, net sales 146,777,400, week average 146,822,000, listed at 146,779,799
    the lowest listed price is 146,777,400, from the row and 3 more
    market 146,777,400, typing 146,777,399, 1 under the market
    net sales 146,777,399 is 1 x 146,777,399
  typed 250; the net sales make it 1
    the panel holds 146,777,399 against the 146,777,399 typed
  tab 4 read in 17 ms after the listing: 0 slot(s) held

  list 1 at 146,777,399
    #         ms   share  step
    1       25.0    0.5%  read the panel before loading
    2        0.1    0.0%  wait for slot (1,1) to fill
    3      792.8   16.0%  ctrl-click (1,1) attempt 1
    4      389.7    7.9%  read the suggested price
    5     1653.2   33.4%  type the price 146,777,399
    6      908.0   18.3%  type the quantity 250
    7      286.6    5.8%  take the quantity from the net sales
    8       88.6    1.8%  read the price back before Register
    9      216.7    4.4%  click Register
   10       92.8    1.9%  find Confirmation
   11       20.1    0.4%  look for the underprice question
   12      195.0    3.9%  click Confirmation
   13        0.6    0.0%  park
   14       96.4    1.9%  confirm the dialog is gone
   15      166.9    3.4%  wait for the panel to let the item go
   16       17.4    0.4%  read tab 4 after the listing
          4949.8  100.0%  TOTAL
  listed 1 at 146,777,399; it lands in row 4
DONE {"kind": "relist", "row": 4, "lands_in": 4, "qty": 1, "price": 146777399, "item": "Chaos Core Set X 200"}
    relisted 1 at 146,777,399 in row 4
  tab 4 known from the last listing: 0 slot(s) held
  row 5: 'Chaos Core Set X 200' x1 at 146,779,599 -> tab 4 slot (1, 1)
    floor 146,194,800 (730,974 x 200) from Chaos Core as last bought; listed at 146,779,599, above it
TASK {"kind": "relist", "row": 5, "item": "Chaos Core Set X 200", "qty": 1, "price": 146779599, "tab": 4, "slot": [1, 1], "lands_in": 5}

  cancel row 5
    #         ms   share  step
    1      322.7    8.9%  click Refresh
    2      371.8   10.2%  scroll to the row
    3        0.0    0.0%  read the button of a row the run holds empty
    4      133.4    3.7%  read the row and its button
    5      520.1   14.3%  finish selecting inventory tab 4
    6        0.2    0.0%  check tab 4 before the withdrawal
    7        4.0    0.1%  work out the row, its floor and where it lands
    8       20.6    0.6%  check the shop slot is empty
    9        0.0    0.0%  scroll to the row again
   10        0.0    0.0%  check the row is the one the run listed
   11      289.0    7.9%  hover over Change and click it
   12      199.1    5.5%  find Cancel
   13      310.8    8.5%  click Cancel
   14       91.4    2.5%  find Confirmation
   15      222.6    6.1%  click Confirmation and park
   16       95.0    2.6%  wait for the dialog to close
   17      184.2    5.1%  wait for the item to land in tab 4
   18      873.0   24.0%  select inventory tab 4 after the withdrawal
          3637.8  100.0%  TOTAL
  inventory slot (1,1) at (1475, 236)
    read: current min 146,777,200, price field 146,777,200, net sales 146,777,200, week average 146,822,000, listed at 146,779,599
    the lowest listed price is 146,777,200, from the row and 3 more
    market 146,777,200, typing 146,777,199, 1 under the market
    net sales 146,777,199 is 1 x 146,777,199
  typed 250; the net sales make it 1
    the panel holds 146,777,199 against the 146,777,199 typed
  tab 4 read in 17 ms after the listing: 0 slot(s) held

  list 1 at 146,777,199
    #         ms   share  step
    1       23.5    0.5%  read the panel before loading
    2        0.1    0.0%  wait for slot (1,1) to fill
    3      794.0   15.4%  ctrl-click (1,1) attempt 1
    4      388.6    7.5%  read the suggested price
    5     1652.0   32.0%  type the price 146,777,199
    6      909.4   17.6%  type the quantity 250
    7      289.6    5.6%  take the quantity from the net sales
    8       90.4    1.8%  read the price back before Register
    9      220.7    4.3%  click Register
   10      173.4    3.4%  find Confirmation
   11       18.8    0.4%  look for the underprice question
   12      312.5    6.0%  click Confirmation
   13        0.5    0.0%  park
   14      100.5    1.9%  confirm the dialog is gone
   15      174.5    3.4%  wait for the panel to let the item go
   16       17.3    0.3%  read tab 4 after the listing
          5165.9  100.0%  TOTAL
  listed 1 at 146,777,199; it lands in row 5
DONE {"kind": "relist", "row": 5, "lands_in": 5, "qty": 1, "price": 146777199, "item": "Chaos Core Set X 200"}
    relisted 1 at 146,777,199 in row 5
  tab 4 known from the last listing: 0 slot(s) held
  row 6: 'Chaos Core Set X 252' x1 at 184,942,043 -> tab 4 slot (1, 1)
    floor 184,205,448 (730,974 x 252) from Chaos Core as last bought; listed at 184,942,043, above it
TASK {"kind": "relist", "row": 6, "item": "Chaos Core Set X 252", "qty": 1, "price": 184942043, "tab": 4, "slot": [1, 1], "lands_in": 6}

  cancel row 6
    #         ms   share  step
    1      322.7    9.5%  click Refresh
    2      371.9   11.0%  scroll to the row
    3        0.0    0.0%  read the button of a row the run holds empty
    4      142.8    4.2%  read the row and its button
    5      517.1   15.2%  finish selecting inventory tab 4
    6        0.2    0.0%  check tab 4 before the withdrawal
    7        4.0    0.1%  work out the row, its floor and where it lands
    8       16.7    0.5%  check the shop slot is empty
    9        0.0    0.0%  scroll to the row again
   10        0.0    0.0%  check the row is the one the run listed
   11      290.9    8.6%  hover over Change and click it
   12       88.1    2.6%  find Cancel
   13      221.6    6.5%  click Cancel
   14       94.2    2.8%  find Confirmation
   15      219.0    6.5%  click Confirmation and park
   16      101.1    3.0%  wait for the dialog to close
   17      131.0    3.9%  wait for the item to land in tab 4
   18      873.6   25.7%  select inventory tab 4 after the withdrawal
          3394.9  100.0%  TOTAL
  inventory slot (1,1) at (1475, 236)
    read: current min 184,939,020, price field 184,939,020, net sales 184,939,020, week average 184,995,720, listed at 184,942,043
    the lowest listed price is 184,939,020, from the row and 3 more
    market 184,939,020, typing 184,939,019, 1 under the market
    net sales 184,939,019 is 1 x 184,939,019
  typed 250; the net sales make it 1
    the panel holds 184,939,019 against the 184,939,019 typed
  tab 4 read in 17 ms after the listing: 0 slot(s) held

  list 1 at 184,939,019
    #         ms   share  step
    1       23.8    0.5%  read the panel before loading
    2        0.1    0.0%  wait for slot (1,1) to fill
    3      794.2   16.0%  ctrl-click (1,1) attempt 1
    4      384.9    7.8%  read the suggested price
    5     1651.8   33.3%  type the price 184,939,019
    6      909.2   18.4%  type the quantity 250
    7      291.5    5.9%  take the quantity from the net sales
    8       89.1    1.8%  read the price back before Register
    9      218.3    4.4%  click Register
   10       90.1    1.8%  find Confirmation
   11       17.5    0.4%  look for the underprice question
   12      198.6    4.0%  click Confirmation
   13        0.6    0.0%  park
   14       95.8    1.9%  confirm the dialog is gone
   15      170.8    3.4%  wait for the panel to let the item go
   16       16.8    0.3%  read tab 4 after the listing
          4953.1  100.0%  TOTAL
  listed 1 at 184,939,019; it lands in row 6
DONE {"kind": "relist", "row": 6, "lands_in": 6, "qty": 1, "price": 184939019, "item": "Chaos Core Set X 252"}
    relisted 1 at 184,939,019 in row 6
  tab 4 known from the last listing: 0 slot(s) held
  row 7: 'Chaos Core Set X 200' x1 at 146,779,199 -> tab 4 slot (1, 1)
    floor 146,194,800 (730,974 x 200) from Chaos Core as last bought; listed at 146,779,199, above it
TASK {"kind": "relist", "row": 7, "item": "Chaos Core Set X 200", "qty": 1, "price": 146779199, "tab": 4, "slot": [1, 1], "lands_in": 7}

  cancel row 7
    #         ms   share  step
    1      322.4    9.6%  click Refresh
    2      371.6   11.0%  scroll to the row
    3        0.0    0.0%  read the button of a row the run holds empty
    4      135.1    4.0%  read the row and its button
    5      517.3   15.4%  finish selecting inventory tab 4
    6        0.2    0.0%  check tab 4 before the withdrawal
    7        3.3    0.1%  work out the row, its floor and where it lands
    8       19.4    0.6%  check the shop slot is empty
    9        0.0    0.0%  scroll to the row again
   10        0.0    0.0%  check the row is the one the run listed
   11      292.6    8.7%  hover over Change and click it
   12       83.8    2.5%  find Cancel
   13      219.9    6.5%  click Cancel
   14       90.1    2.7%  find Confirmation
   15      223.3    6.6%  click Confirmation and park
   16      101.8    3.0%  wait for the dialog to close
   17      114.5    3.4%  wait for the item to land in tab 4
   18      873.8   25.9%  select inventory tab 4 after the withdrawal
          3369.2  100.0%  TOTAL
  inventory slot (1,1) at (1475, 236)
    read: current min 146,776,800, price field 146,776,800, net sales 146,776,800, week average 146,822,000, listed at 146,779,199
    the lowest listed price is 146,776,800, from the row and 3 more
    market 146,776,800, typing 146,776,799, 1 under the market
    net sales 146,776,799 is 1 x 146,776,799
  typed 250; the net sales make it 1
    the panel holds 146,776,799 against the 146,776,799 typed
  tab 4 read in 17 ms after the listing: 0 slot(s) held

  list 1 at 146,776,799
    #         ms   share  step
    1       27.2    0.5%  read the panel before loading
    2        0.1    0.0%  wait for slot (1,1) to fill
    3      790.6   16.0%  ctrl-click (1,1) attempt 1
    4      387.1    7.8%  read the suggested price
    5     1650.1   33.4%  type the price 146,776,799
    6      908.3   18.4%  type the quantity 250
    7      285.2    5.8%  take the quantity from the net sales
    8       89.0    1.8%  read the price back before Register
    9      216.6    4.4%  click Register
   10       88.5    1.8%  find Confirmation
   11       16.4    0.3%  look for the underprice question
   12      199.6    4.0%  click Confirmation
   13        0.6    0.0%  park
   14      103.0    2.1%  confirm the dialog is gone
   15      167.5    3.4%  wait for the panel to let the item go
   16       16.6    0.3%  read tab 4 after the listing
          4946.3  100.0%  TOTAL
  listed 1 at 146,776,799; it lands in row 7
DONE {"kind": "relist", "row": 7, "lands_in": 7, "qty": 1, "price": 146776799, "item": "Chaos Core Set X 200"}
    relisted 1 at 146,776,799 in row 7
  tab 4 known from the last listing: 0 slot(s) held
  row 8: 'Chaos Core Set X 48' x1 at 35,226,959 -> tab 4 slot (1, 1)
    floor 35,086,752 (730,974 x 48) from Chaos Core as last bought; listed at 35,226,959, above it
TASK {"kind": "relist", "row": 8, "item": "Chaos Core Set X 48", "qty": 1, "price": 35226959, "tab": 4, "slot": [1, 1], "lands_in": 8}

  cancel row 8
    #         ms   share  step
    1      322.6    9.5%  click Refresh
    2      371.5   10.9%  scroll to the row
    3        0.0    0.0%  read the button of a row the run holds empty
    4      136.4    4.0%  read the row and its button
    5      520.7   15.3%  finish selecting inventory tab 4
    6        0.2    0.0%  check tab 4 before the withdrawal
    7        4.1    0.1%  work out the row, its floor and where it lands
    8       19.6    0.6%  check the shop slot is empty
    9        0.0    0.0%  scroll to the row again
   10        0.0    0.0%  check the row is the one the run listed
   11      288.7    8.5%  hover over Change and click it
   12       84.2    2.5%  find Cancel
   13      223.1    6.6%  click Cancel
   14       87.3    2.6%  find Confirmation
   15      217.2    6.4%  click Confirmation and park
   16      103.5    3.0%  wait for the dialog to close
   17      154.5    4.5%  wait for the item to land in tab 4
   18      872.8   25.6%  select inventory tab 4 after the withdrawal
          3406.4  100.0%  TOTAL
  inventory slot (1,1) at (1475, 236)
    read: current min 35,226,384, price field 35,226,384, net sales 35,226,384, week average 35,237,280, listed at 35,226,959
    the lowest listed price is 35,226,384, from the row and 3 more
    market 35,226,384, typing 35,226,383, 1 under the market
    net sales 35,226,383 is 1 x 35,226,383
  typed 250; the net sales make it 1
    the panel holds 35,226,383 against the 35,226,383 typed
  tab 4 read in 17 ms after the listing: 0 slot(s) held

  list 1 at 35,226,383
    #         ms   share  step
    1       25.5    0.5%  read the panel before loading
    2        0.1    0.0%  wait for slot (1,1) to fill
    3      789.1   16.2%  ctrl-click (1,1) attempt 1
    4      386.0    7.9%  read the suggested price
    5     1581.0   32.4%  type the price 35,226,383
    6      909.0   18.6%  type the quantity 250
    7      285.4    5.9%  take the quantity from the net sales
    8       90.8    1.9%  read the price back before Register
    9      215.1    4.4%  click Register
   10       88.8    1.8%  find Confirmation
   11       16.8    0.3%  look for the underprice question
   12      198.5    4.1%  click Confirmation
   13        0.6    0.0%  park
   14      103.4    2.1%  confirm the dialog is gone
   15      167.3    3.4%  wait for the panel to let the item go
   16       17.2    0.4%  read tab 4 after the listing
          4874.5  100.0%  TOTAL
  listed 1 at 35,226,383; it lands in row 8
DONE {"kind": "relist", "row": 8, "lands_in": 8, "qty": 1, "price": 35226383, "item": "Chaos Core Set X 48"}
    relisted 1 at 35,226,383 in row 8
  tab 4 known from the last listing: 0 slot(s) held
  row 9: 'Chaos Core Set X 348' x1 at 255,395,111 -> tab 4 slot (1, 1)
    floor 254,378,952 (730,974 x 348) from Chaos Core as last bought; listed at 255,395,111, above it
TASK {"kind": "relist", "row": 9, "item": "Chaos Core Set X 348", "qty": 1, "price": 255395111, "tab": 4, "slot": [1, 1], "lands_in": 9}

  cancel row 9
    #         ms   share  step
    1      322.0    9.5%  click Refresh
    2      371.3   11.0%  scroll to the row
    3        0.0    0.0%  read the button of a row the run holds empty
    4      134.4    4.0%  read the row and its button
    5      516.6   15.3%  finish selecting inventory tab 4
    6        0.2    0.0%  check tab 4 before the withdrawal
    7        4.1    0.1%  work out the row, its floor and where it lands
    8       19.4    0.6%  check the shop slot is empty
    9        0.0    0.0%  scroll to the row again
   10        0.0    0.0%  check the row is the one the run listed
   11      291.5    8.6%  hover over Change and click it
   12       86.0    2.5%  find Cancel
   13      218.6    6.5%  click Cancel
   14       92.4    2.7%  find Confirmation
   15      215.4    6.4%  click Confirmation and park
   16      106.8    3.2%  wait for the dialog to close
   17      126.4    3.7%  wait for the item to land in tab 4
   18      873.4   25.9%  select inventory tab 4 after the withdrawal
          3378.3  100.0%  TOTAL
  inventory slot (1,1) at (1475, 236)
    read: current min 255,390,936, price field 255,390,936, net sales 255,390,936, week average 255,470,280, listed at 255,395,111
    the lowest listed price is 255,390,936, from the row and 3 more
    market 255,390,936, typing 255,390,935, 1 under the market
    net sales 255,390,935 is 1 x 255,390,935
  typed 250; the net sales make it 1
    the panel holds 255,390,935 against the 255,390,935 typed
  tab 4 read in 17 ms after the listing: 0 slot(s) held

  list 1 at 255,390,935
    #         ms   share  step
    1       23.5    0.5%  read the panel before loading
    2        0.1    0.0%  wait for slot (1,1) to fill
    3      789.2   16.0%  ctrl-click (1,1) attempt 1
    4      378.7    7.7%  read the suggested price
    5     1650.1   33.4%  type the price 255,390,935
    6      909.1   18.4%  type the quantity 250
    7      288.9    5.8%  take the quantity from the net sales
    8       88.4    1.8%  read the price back before Register
    9      215.4    4.4%  click Register
   10       91.5    1.9%  find Confirmation
   11       18.0    0.4%  look for the underprice question
   12      197.6    4.0%  click Confirmation
   13        0.7    0.0%  park
   14      109.9    2.2%  confirm the dialog is gone
   15      166.8    3.4%  wait for the panel to let the item go
   16       16.8    0.3%  read tab 4 after the listing
          4944.7  100.0%  TOTAL
  listed 1 at 255,390,935; it lands in row 9
DONE {"kind": "relist", "row": 9, "lands_in": 9, "qty": 1, "price": 255390935, "item": "Chaos Core Set X 348"}
    relisted 1 at 255,390,935 in row 9
  tab 4 known from the last listing: 0 slot(s) held
  row 10: 'Chaos Core Set X 252' x1 at 184,941,035 -> tab 4 slot (1, 1)
    floor 184,205,448 (730,974 x 252) from Chaos Core as last bought; listed at 184,941,035, above it
TASK {"kind": "relist", "row": 10, "item": "Chaos Core Set X 252", "qty": 1, "price": 184941035, "tab": 4, "slot": [1, 1], "lands_in": 10}

  cancel row 10
    #         ms   share  step
    1      322.6    9.3%  click Refresh
    2      371.8   10.7%  scroll to the row
    3        0.0    0.0%  read the button of a row the run holds empty
    4      181.3    5.2%  read the row and its button
    5      516.3   14.9%  finish selecting inventory tab 4
    6        0.2    0.0%  check tab 4 before the withdrawal
    7        3.7    0.1%  work out the row, its floor and where it lands
    8       18.8    0.5%  check the shop slot is empty
    9        0.0    0.0%  scroll to the row again
   10        0.0    0.0%  check the row is the one the run listed
   11      292.2    8.4%  hover over Change and click it
   12       91.1    2.6%  find Cancel
   13      220.4    6.4%  click Cancel
   14       91.2    2.6%  find Confirmation
   15      217.5    6.3%  click Confirmation and park
   16      110.9    3.2%  wait for the dialog to close
   17      156.4    4.5%  wait for the item to land in tab 4
   18      875.8   25.2%  select inventory tab 4 after the withdrawal
          3470.3  100.0%  TOTAL
  inventory slot (1,1) at (1475, 236)
    read: current min 184,938,012, price field 184,938,012, net sales 184,938,012, week average 184,995,720, listed at 184,941,035
    the lowest listed price is 184,938,012, from the row and 3 more
    market 184,938,012, typing 184,938,011, 1 under the market
    net sales 184,938,011 is 1 x 184,938,011
  typed 250; the net sales make it 1
    the panel holds 184,938,011 against the 184,938,011 typed
  tab 4 read in 16 ms after the listing: 0 slot(s) held

  list 1 at 184,938,011
    #         ms   share  step
    1       23.5    0.5%  read the panel before loading
    2        0.1    0.0%  wait for slot (1,1) to fill
    3      789.9   15.9%  ctrl-click (1,1) attempt 1
    4      379.1    7.7%  read the suggested price
    5     1650.8   33.3%  type the price 184,938,011
    6      908.9   18.4%  type the quantity 250
    7      281.6    5.7%  take the quantity from the net sales
    8       91.2    1.8%  read the price back before Register
    9      215.0    4.3%  click Register
   10       88.1    1.8%  find Confirmation
   11       16.4    0.3%  look for the underprice question
   12      199.4    4.0%  click Confirmation
   13        0.5    0.0%  park
   14      126.8    2.6%  confirm the dialog is gone
   15      165.0    3.3%  wait for the panel to let the item go
   16       16.4    0.3%  read tab 4 after the listing
          4952.6  100.0%  TOTAL
  listed 1 at 184,938,011; it lands in row 10
DONE {"kind": "relist", "row": 10, "lands_in": 10, "qty": 1, "price": 184938011, "item": "Chaos Core Set X 252"}
    relisted 1 at 184,938,011 in row 10
  tab 4 known from the last listing: 0 slot(s) held
  row 11: 'Force Core (Ultimate' x8 at 379,800 -> tab 4 slot (1, 1)
    floor 355,544 (355,544 x 1) from Force Core Set (Ultimate) as last bought; listed at 379,800, above it
TASK {"kind": "relist", "row": 11, "item": "Force Core (Ultimate", "qty": 8, "price": 379800, "tab": 4, "slot": [1, 1], "lands_in": 11}

  cancel row 11
    #         ms   share  step
    1      322.6    9.5%  click Refresh
    2      371.3   10.9%  scroll to the row
    3        0.0    0.0%  read the button of a row the run holds empty
    4      161.5    4.7%  read the row and its button
    5      515.9   15.1%  finish selecting inventory tab 4
    6        0.6    0.0%  check tab 4 before the withdrawal
    7        3.2    0.1%  work out the row, its floor and where it lands
    8       19.9    0.6%  check the shop slot is empty
    9        0.0    0.0%  scroll to the row again
   10        0.0    0.0%  check the row is the one the run listed
   11      288.4    8.5%  hover over Change and click it
   12       84.8    2.5%  find Cancel
   13      223.2    6.5%  click Cancel
   14       91.0    2.7%  find Confirmation
   15      218.8    6.4%  click Confirmation and park
   16      109.3    3.2%  wait for the dialog to close
   17      127.9    3.7%  wait for the item to land in tab 4
   18      874.1   25.6%  select inventory tab 4 after the withdrawal
          3412.6  100.0%  TOTAL
  inventory slot (1,1) at (1475, 236)
    read: current min 379,796, price field 379,796, net sales 379,796, week average 385,330, listed at 379,800
    the lowest listed price is 379,796, from the row and 3 more
    market 379,796, typing 379,795, 1 under the market
    net sales 3,038,360 is 8 x 379,795
  typed 250; the net sales make it 8
    the panel holds 379,795 against the 379,795 typed
  tab 4 read in 17 ms after the listing: 0 slot(s) held

  list 8 at 379,795
    #         ms   share  step
    1       21.7    0.4%  read the panel before loading
    2        0.1    0.0%  wait for slot (1,1) to fill
    3      790.6   16.4%  ctrl-click (1,1) attempt 1
    4      380.6    7.9%  read the suggested price
    5     1436.8   29.8%  type the price 379,795
    6      908.7   18.8%  type the quantity 250
    7      282.5    5.9%  take the quantity from the net sales
    8       87.6    1.8%  read the price back before Register
    9      216.7    4.5%  click Register
   10       88.6    1.8%  find Confirmation
   11       16.3    0.3%  look for the underprice question
   12      199.2    4.1%  click Confirmation
   13        0.6    0.0%  park
   14      211.2    4.4%  confirm the dialog is gone
   15      167.6    3.5%  wait for the panel to let the item go
   16       17.1    0.4%  read tab 4 after the listing
          4826.1  100.0%  TOTAL
  listed 8 at 379,795; it lands in row 11
DONE {"kind": "relist", "row": 11, "lands_in": 11, "qty": 8, "price": 379795, "item": "Force Core (Ultimate"}
    relisted 8 at 379,795 in row 11
  tab 4 known from the last listing: 0 slot(s) held
  row 12: 'Upgrade Core (Ultimate' x22 at 457,558 -> tab 4 slot (1, 1)
    floor 441,177 (441,177 x 1) from Upgrade Core Set (Ultimate) as last bought; listed at 457,558, above it
TASK {"kind": "relist", "row": 12, "item": "Upgrade Core (Ultimate", "qty": 22, "price": 457558, "tab": 4, "slot": [1, 1], "lands_in": 12}

  cancel row 12
    #         ms   share  step
    1      323.7    9.6%  click Refresh
    2      371.2   11.0%  scroll to the row
    3        0.0    0.0%  read the button of a row the run holds empty
    4      133.1    4.0%  read the row and its button
    5      521.3   15.5%  finish selecting inventory tab 4
    6        0.1    0.0%  check tab 4 before the withdrawal
    7        3.2    0.1%  work out the row, its floor and where it lands
    8       16.8    0.5%  check the shop slot is empty
    9        0.0    0.0%  scroll to the row again
   10        0.0    0.0%  check the row is the one the run listed
   11      288.5    8.6%  hover over Change and click it
   12       86.3    2.6%  find Cancel
   13      224.2    6.7%  click Cancel
   14       87.4    2.6%  find Confirmation
   15      217.3    6.5%  click Confirmation and park
   16      100.4    3.0%  wait for the dialog to close
   17      114.6    3.4%  wait for the item to land in tab 4
   18      872.5   26.0%  select inventory tab 4 after the withdrawal
          3360.8  100.0%  TOTAL
  inventory slot (1,1) at (1475, 236)
    read: current min 457,550, price field 457,550, net sales 457,550, week average 467,575, listed at 457,558
    the lowest listed price is 457,550, from the row and 3 more
    market 457,550, typing 457,549, 1 under the market
    net sales 10,066,078 is 22 x 457,549
  typed 250; the net sales make it 22
    the panel holds 457,549 against the 457,549 typed
  tab 4 read in 21 ms after the listing: 0 slot(s) held

  list 22 at 457,549
    #         ms   share  step
    1       22.6    0.5%  read the panel before loading
    2        0.1    0.0%  wait for slot (1,1) to fill
    3      789.3   16.7%  ctrl-click (1,1) attempt 1
    4      377.8    8.0%  read the suggested price
    5     1438.4   30.5%  type the price 457,549
    6      908.7   19.3%  type the quantity 250
    7      285.2    6.1%  take the quantity from the net sales
    8       85.3    1.8%  read the price back before Register
    9      217.8    4.6%  click Register
   10       89.9    1.9%  find Confirmation
   11       18.9    0.4%  look for the underprice question
   12      196.5    4.2%  click Confirmation
   13        0.5    0.0%  park
   14       94.8    2.0%  confirm the dialog is gone
   15      166.8    3.5%  wait for the panel to let the item go
   16       20.8    0.4%  read tab 4 after the listing
          4713.5  100.0%  TOTAL
  listed 22 at 457,549; it lands in row 12
DONE {"kind": "relist", "row": 12, "lands_in": 12, "qty": 22, "price": 457549, "item": "Upgrade Core (Ultimate"}
    relisted 22 at 457,549 in row 12
  tab 4 known from the last listing: 0 slot(s) held
  row 13: 'Force Core (Ultimate' x83 at 379,799 -> tab 4 slot (1, 1)
    floor 355,544 (355,544 x 1) from Force Core Set (Ultimate) as last bought; listed at 379,799, above it
TASK {"kind": "relist", "row": 13, "item": "Force Core (Ultimate", "qty": 83, "price": 379799, "tab": 4, "slot": [1, 1], "lands_in": 13}

  cancel row 13
    #         ms   share  step
    1      322.8    9.0%  click Refresh
    2      371.9   10.4%  scroll to the row
    3        0.0    0.0%  read the button of a row the run holds empty
    4      121.7    3.4%  read the row and its button
    5      517.1   14.5%  finish selecting inventory tab 4
    6        0.2    0.0%  check tab 4 before the withdrawal
    7        3.1    0.1%  work out the row, its floor and where it lands
    8       19.3    0.5%  check the shop slot is empty
    9        0.0    0.0%  scroll to the row again
   10        0.0    0.0%  check the row is the one the run listed
   11      290.9    8.1%  hover over Change and click it
   12       84.2    2.4%  find Cancel
   13      218.6    6.1%  click Cancel
   14      174.6    4.9%  find Confirmation
   15      305.8    8.6%  click Confirmation and park
   16      198.4    5.6%  wait for the dialog to close
   17       70.3    2.0%  wait for the item to land in tab 4
   18      873.0   24.4%  select inventory tab 4 after the withdrawal
          3571.9  100.0%  TOTAL
  inventory slot (1,1) at (1475, 236)
    read: current min 379,795, price field 379,795, net sales 379,795, week average 385,330, listed at 379,799
    the lowest listed price is 379,795, from the row and 3 more
    market 379,795, typing 379,794, 1 under the market
    net sales 31,522,902 is 83 x 379,794
  typed 250; the net sales make it 83
    the panel holds 379,794 against the 379,794 typed
  tab 4 read in 18 ms after the listing: 0 slot(s) held

  list 83 at 379,794
    #         ms   share  step
    1       21.4    0.5%  read the panel before loading
    2        0.1    0.0%  wait for slot (1,1) to fill
    3      793.7   16.7%  ctrl-click (1,1) attempt 1
    4      385.5    8.1%  read the suggested price
    5     1446.9   30.4%  type the price 379,794
    6      908.2   19.1%  type the quantity 250
    7      287.3    6.0%  take the quantity from the net sales
    8       89.2    1.9%  read the price back before Register
    9      218.6    4.6%  click Register
   10       92.5    1.9%  find Confirmation
   11       19.7    0.4%  look for the underprice question
   12      196.3    4.1%  click Confirmation
   13        0.5    0.0%  park
   14      107.8    2.3%  confirm the dialog is gone
   15      174.1    3.7%  wait for the panel to let the item go
   16       18.0    0.4%  read tab 4 after the listing
          4759.6  100.0%  TOTAL
  listed 83 at 379,794; it lands in row 13
DONE {"kind": "relist", "row": 13, "lands_in": 13, "qty": 83, "price": 379794, "item": "Force Core (Ultimate"}
    relisted 83 at 379,794 in row 13
  tab 4 known from the last listing: 0 slot(s) held
  row 14: 'Upgrade Core (Ultimate' x34 at 457,557 -> tab 4 slot (1, 1)
    floor 441,177 (441,177 x 1) from Upgrade Core Set (Ultimate) as last bought; listed at 457,557, above it
TASK {"kind": "relist", "row": 14, "item": "Upgrade Core (Ultimate", "qty": 34, "price": 457557, "tab": 4, "slot": [1, 1], "lands_in": 14}

  cancel row 14
    #         ms   share  step
    1      322.2    9.5%  click Refresh
    2      371.6   10.9%  scroll to the row
    3        0.0    0.0%  read the button of a row the run holds empty
    4      131.7    3.9%  read the row and its button
    5      519.4   15.3%  finish selecting inventory tab 4
    6        0.2    0.0%  check tab 4 before the withdrawal
    7        3.2    0.1%  work out the row, its floor and where it lands
    8       17.7    0.5%  check the shop slot is empty
    9        0.0    0.0%  scroll to the row again
   10        0.0    0.0%  check the row is the one the run listed
   11      288.9    8.5%  hover over Change and click it
   12       88.7    2.6%  find Cancel
   13      217.3    6.4%  click Cancel
   14       90.7    2.7%  find Confirmation
   15      218.3    6.4%  click Confirmation and park
   16      114.2    3.4%  wait for the dialog to close
   17      145.3    4.3%  wait for the item to land in tab 4
   18      873.1   25.7%  select inventory tab 4 after the withdrawal
          3402.5  100.0%  TOTAL
  inventory slot (1,1) at (1475, 236)
    read: current min 457,549, price field 457,549, net sales 457,549, week average 467,575, listed at 457,557
    the lowest listed price is 457,549, from the row and 3 more
    market 457,549, typing 457,548, 1 under the market
    net sales 15,556,632 is 34 x 457,548
  typed 250; the net sales make it 34
    the panel holds 457,548 against the 457,548 typed
  tab 4 read in 18 ms after the listing: 0 slot(s) held

  list 34 at 457,548
    #         ms   share  step
    1       21.7    0.4%  read the panel before loading
    2        0.2    0.0%  wait for slot (1,1) to fill
    3      796.7   16.1%  ctrl-click (1,1) attempt 1
    4      378.3    7.7%  read the suggested price
    5     1440.4   29.1%  type the price 457,548
    6      908.3   18.4%  type the quantity 250
    7      285.0    5.8%  take the quantity from the net sales
    8       86.9    1.8%  read the price back before Register
    9      217.5    4.4%  click Register
   10      186.7    3.8%  find Confirmation
   11       17.6    0.4%  look for the underprice question
   12      308.0    6.2%  click Confirmation
   13        0.6    0.0%  park
   14      101.3    2.0%  confirm the dialog is gone
   15      176.2    3.6%  wait for the panel to let the item go
   16       18.2    0.4%  read tab 4 after the listing
          4943.6  100.0%  TOTAL
  listed 34 at 457,548; it lands in row 14
DONE {"kind": "relist", "row": 14, "lands_in": 14, "qty": 34, "price": 457548, "item": "Upgrade Core (Ultimate"}
    relisted 34 at 457,548 in row 14
  tab 4 known from the last listing: 0 slot(s) held
  row 15: 'Upgrade Core (Ultimate' x10 at 457,556 -> tab 4 slot (1, 1)
    floor 441,177 (441,177 x 1) from Upgrade Core Set (Ultimate) as last bought; listed at 457,556, above it
TASK {"kind": "relist", "row": 15, "item": "Upgrade Core (Ultimate", "qty": 10, "price": 457556, "tab": 4, "slot": [1, 1], "lands_in": 15}

  cancel row 15
    #         ms   share  step
    1      322.3    9.5%  click Refresh
    2      371.6   10.9%  scroll to the row
    3        0.0    0.0%  read the button of a row the run holds empty
    4      132.2    3.9%  read the row and its button
    5      518.3   15.2%  finish selecting inventory tab 4
    6        0.2    0.0%  check tab 4 before the withdrawal
    7        3.4    0.1%  work out the row, its floor and where it lands
    8       19.8    0.6%  check the shop slot is empty
    9        0.0    0.0%  scroll to the row again
   10        0.0    0.0%  check the row is the one the run listed
   11      288.7    8.5%  hover over Change and click it
   12       89.5    2.6%  find Cancel
   13      216.7    6.4%  click Cancel
   14       92.5    2.7%  find Confirmation
   15      214.6    6.3%  click Confirmation and park
   16       99.5    2.9%  wait for the dialog to close
   17      159.7    4.7%  wait for the item to land in tab 4
   18      872.9   25.7%  select inventory tab 4 after the withdrawal
          3402.0  100.0%  TOTAL
  inventory slot (1,1) at (1475, 236)
    read: current min 457,548, price field 457,548, net sales 457,548, week average 467,575, listed at 457,556
    the lowest listed price is 457,548, from the row and 3 more
    market 457,548, typing 457,547, 1 under the market
    net sales 4,575,470 is 10 x 457,547
  typed 250; the net sales make it 10
    the panel holds 457,547 against the 457,547 typed
  tab 4 read in 20 ms after the listing: 0 slot(s) held

  list 10 at 457,547
    #         ms   share  step
    1       23.3    0.5%  read the panel before loading
    2        0.1    0.0%  wait for slot (1,1) to fill
    3      797.7   16.7%  ctrl-click (1,1) attempt 1
    4      389.1    8.2%  read the suggested price
    5     1443.8   30.3%  type the price 457,547
    6      908.9   19.1%  type the quantity 250
    7      285.0    6.0%  take the quantity from the net sales
    8       90.3    1.9%  read the price back before Register
    9      216.3    4.5%  click Register
   10       91.3    1.9%  find Confirmation
   11       17.5    0.4%  look for the underprice question
   12      200.3    4.2%  click Confirmation
   13        0.6    0.0%  park
   14      111.5    2.3%  confirm the dialog is gone
   15      172.2    3.6%  wait for the panel to let the item go
   16       19.8    0.4%  read tab 4 after the listing
          4767.5  100.0%  TOTAL
  listed 10 at 457,547; it lands in row 15
DONE {"kind": "relist", "row": 15, "lands_in": 15, "qty": 10, "price": 457547, "item": "Upgrade Core (Ultimate"}
    relisted 10 at 457,547 in row 15
  tab 4 known from the last listing: 0 slot(s) held
  row 16: 'Force Core (Ultimate' x73 at 379,798 -> tab 4 slot (1, 1)
    floor 355,544 (355,544 x 1) from Force Core Set (Ultimate) as last bought; listed at 379,798, above it
TASK {"kind": "relist", "row": 16, "item": "Force Core (Ultimate", "qty": 73, "price": 379798, "tab": 4, "slot": [1, 1], "lands_in": 16}

  cancel row 16
    #         ms   share  step
    1      323.3    9.5%  click Refresh
    2      371.8   11.0%  scroll to the row
    3        0.0    0.0%  read the button of a row the run holds empty
    4      117.7    3.5%  read the row and its button
    5      515.7   15.2%  finish selecting inventory tab 4
    6        0.2    0.0%  check tab 4 before the withdrawal
    7        4.0    0.1%  work out the row, its floor and where it lands
    8       18.1    0.5%  check the shop slot is empty
    9        0.0    0.0%  scroll to the row again
   10        0.0    0.0%  check the row is the one the run listed
   11      290.5    8.6%  hover over Change and click it
   12       93.8    2.8%  find Cancel
   13      216.9    6.4%  click Cancel
   14       87.7    2.6%  find Confirmation
   15      222.9    6.6%  click Confirmation and park
   16      109.8    3.2%  wait for the dialog to close
   17      149.8    4.4%  wait for the item to land in tab 4
   18      872.4   25.7%  select inventory tab 4 after the withdrawal
          3394.7  100.0%  TOTAL
  inventory slot (1,1) at (1475, 236)
    read: current min 379,794, price field 379,794, net sales 379,794, week average 385,330, listed at 379,798
    the lowest listed price is 379,794, from the row and 3 more
    market 379,794, typing 379,793, 1 under the market
    net sales 27,724,889 is 73 x 379,793
  typed 250; the net sales make it 73
    the panel holds 379,793 against the 379,793 typed
  tab 4 read in 17 ms after the listing: 0 slot(s) held

  list 73 at 379,793
    #         ms   share  step
    1       25.9    0.5%  read the panel before loading
    2        0.1    0.0%  wait for slot (1,1) to fill
    3      791.4   16.7%  ctrl-click (1,1) attempt 1
    4      386.6    8.1%  read the suggested price
    5     1441.2   30.3%  type the price 379,793
    6      909.1   19.1%  type the quantity 250
    7      288.6    6.1%  take the quantity from the net sales
    8       92.5    1.9%  read the price back before Register
    9      219.4    4.6%  click Register
   10       91.4    1.9%  find Confirmation
   11       17.5    0.4%  look for the underprice question
   12      199.6    4.2%  click Confirmation
   13        0.6    0.0%  park
   14      101.6    2.1%  confirm the dialog is gone
   15      168.4    3.5%  wait for the panel to let the item go
   16       17.2    0.4%  read tab 4 after the listing
          4750.9  100.0%  TOTAL
  listed 73 at 379,793; it lands in row 16
DONE {"kind": "relist", "row": 16, "lands_in": 16, "qty": 73, "price": 379793, "item": "Force Core (Ultimate"}
    relisted 73 at 379,793 in row 16
  row 17 is empty; nothing to relist
  row 18 is empty; nothing to relist
  row 19 is empty; nothing to relist
  row 20 is empty; nothing to relist
  row 21 is empty; nothing to relist
  row 22 is empty; nothing to relist
  row 23 is empty; nothing to relist
  row 24 is empty; nothing to relist
  row 25 is empty; nothing to relist

  relisting rows 1-25: 16 relisted, 9 empty, 0 skipped
    #          ms   share     n      each  phase
    1    78,321.1   52.4%    16   4,895.1  list it back
    2    27,600.4   18.5%    25   1,104.0  scroll to the row and read it
    3    19,790.4   13.2%    16   1,236.9  cancel the row and take it back
    4    13,972.8    9.3%    16     873.3  select inventory tab 4
    5     8,073.8    5.4%    25     323.0  Refresh the table
    6     1,523.7    1.0%     1   1,523.7  read tab 4 before the withdrawal
    7       305.9    0.2%    16      19.1  check the shop slot is empty
        149,588.1  100.0%

  returning the game to its default state
restoring the default state:
  Escape: window closed
  Inventory already closed
  the gift box at [284, 994]
  Receive All at [1209, 786]
  the special giftbox's Receive at [1438, 492]
  Close at [1483, 846]
  pressed 2 Receive button(s); the gift box took 3,338 ms
  the Agent Shop is shut and the vendor is not open either; reopening it
  Inventory shut: slot grid 0.10, needs 0.33

  board after pass 6:
                                                   bought/u   listed/u  margin      row price
     1  Divine Stone                       x11            -    706,512       -        706,512
     2  Arionell                           x1    280,833,333 312,185,712  +10.0%    312,185,712
     3  Force Gem Package                  x1    187,222,222 191,999,999   +2.5%    191,999,999
     4  Chaos Core Set X 200               x1             -    733,886       -    146,777,399
     5  Chaos Core Set X 200               x1             -    733,885       -    146,777,199
     6  Chaos Core Set X 252               x1             -    733,884       -    184,939,019
     7  Chaos Core Set X 200               x1             -    733,883       -    146,776,799
     8  Chaos Core Set X 48                x1             -    733,882       -     35,226,383
     9  Chaos Core Set X 348               x1             -    733,881       -    255,390,935
    10  Chaos Core Set X 252               x1             -    733,880       -    184,938,011
    11  Force Core (Ultimate               x8             -    379,795       -        379,795
    12  Upgrade Core (Ultimate             x22            -    457,549       -        457,549
    13  Force Core (Ultimate               x83            -    379,794       -        379,794
    14  Upgrade Core (Ultimate             x34            -    457,548       -        457,548
    15  Upgrade Core (Ultimate             x10            -    457,547       -        457,547
    16  Force Core (Ultimate               x73            -    379,793       -        379,793
    26  Chaos Core Set X 399               x1             -    734,028       -    292,877,570
    27  Potion of Honor                    x2             -  7,250,000       -      7,250,000
    29  Chaos Core Set X 999               x1             -    734,033       -    733,299,964
    item                               rows   units          listed
    Arionell                              1       1     312,185,712
    Chaos Core Set                        9   2,898   2,127,003,279
    Divine Stone                          1      11       7,771,632
    Force Core (Ultimate                  3     164      62,286,151
    Force Gem Package                     1       1     191,999,999
    Potion of Honor                       1       2      14,500,000
    Upgrade Core (Ultimate                3      66      30,198,180
    board                                19   3,143   2,745,944,953
    balance now 102,565,597
  pass 6: 16 relisted, 9 empty, 0 skipped; 9982.2 minute(s) left

-- pass 7 --

  resupply order: Chaos Core, Force Core(High), Force Core(Highest), Upgrade Core (Ultimate), Force Core (Ultimate), Blessing Bead - Superior, Arionell

  counting only rows 1-25; rows outside it are not repriced and do not count; 9 row(s) free
  core                            rows     buy/u    sell/u    margin  wants   short?
  Force Core(Highest)                0   210,000   204,995    -5,005      0   
  Chaos Core                         7         -         -         -      -   holds the most it can want, 6; not priced
  Force Core (Ultimate)              3         -         -         -      -   holds the most it can want, 3; not priced
  Force Core(High)                   0   167,222   170,000     2,778      0   
  Upgrade Core (Ultimate)            3         -         -         -      -   holds the most it can want, 3; not priced

  nothing inside rows 1-25 holds fewer rows than its margin is worth.

  Blessing Bead - Superior: 0 row(s) inside 1-25, 1 wanted; none
    floor 163,632,222: 437/1000 of the 374,444,444 voucher, read at launch

-- Blessing Bead - Superior: 0 row(s) --
  9 row(s) free inside 1-25; buying 1 at the Cash Shop, one at a time
TASK {"kind": "resupply", "core": "Blessing Bead - Superior", "tab": 4}
  Inventory shut; pressing I (attempt 1)
  tab 4 holds 0 slot(s) and is showing, so the Blessing Bead - Superior lands there
  the Cash Shop icon at [348, 994]
  Useable at [844, 168]
    'Blessing Bead - Superior' is where it was measured, 0 notch(es) down the Useable tab
  'Blessing Bead - Superior' at 350 Cash; Purchase at [739, 520]
  the Cash balance box [1134, 826, 1230, 848] reads 300
  the gem box [930, 826, 1060, 848] reads 41
  Blessing Bead - Superior costs 350 gem(s) from a Force Gem Package; 41 held
  41 is under the 350 it costs; buying a Force Gem Package and using it first, so the row goes out in one purchase
  Escape to close the Cash Shop (attempt 1)
  Inventory shut; pressing I (attempt 1)
  tab 4 holds 0 slot(s) and is showing, so the Force Gem Package lands there
  the Cash Shop icon at [348, 994]
  Useable at [844, 168]
    'Force Gem Package' is where it was measured, 0 notch(es) down the Useable tab
  'Force Gem Package' at 500 Cash; Purchase at [739, 750]
  the Cash balance box [1134, 826, 1230, 848] reads 300
  a Force Gem Package costs 500 Cash; 300 Cash held
  300 Cash is under the 500 a Force Gem Package costs; buying a Gold voucher and using it first
  Escape to close the Cash Shop (attempt 1)
  the Agent Shop is shut and the vendor is not open either; reopening it
  Inventory shut: slot grid 0.10, needs 0.33
  Alz 102,565,597 held; even 1 Gold voucher at 374,444,444 needs 374,444,444; not buying.
  resupply of 'Blessing Bead - Superior' stopped: the Alz on hand does not cover a Gold voucher at about 374,444,444; no Cash can be made for Blessing Bead - Superior.

  Arionell: 1 row(s) inside 1-25, 1 wanted; row 2 'Arionell'
    floor 280,833,333: 750/1000 of the 374,444,444 voucher, read at launch
    the quantity column read 'Stone', which holds no digits, so it is the end of the name and not a count; reading the row as 'Divine Stone' and letting the panel count what is there
  row 1 has SOLD (partly); collecting
    the quantity column read 'Stone', which holds no digits, so it is the end of the name and not a count; reading the row as 'Divine Stone' and letting the panel count what is there
    collected; 7 left to relist
  tab 4 read from the screen in 1528 ms: 0 slot(s) held
  row 1: 'Divine Stone' x7 at 706,512 -> tab 4 slot (1, 1)
    the quantity column read 'Stone', which holds no digits, so it is the end of the name and not a count; reading the row as 'Divine Stone' and letting the panel count what is there
    no floor for 'Divine Stone'
TASK {"kind": "relist", "row": 1, "item": "Divine Stone", "qty": 7, "price": 706512, "tab": 4, "slot": [1, 1], "lands_in": 1}

  cancel row 1
    #         ms   share  step
    1      322.5    5.7%  click Refresh
    2        0.0    0.0%  scroll to the row
    3        0.0    0.0%  read the button of a row the run holds empty
    4      311.9    5.5%  read the row and its button
    5      514.2    9.1%  finish selecting inventory tab 4
    6     1528.5   27.1%  check tab 4 before the withdrawal
    7      362.5    6.4%  work out the row, its floor and where it lands
    8       18.9    0.3%  check the shop slot is empty
    9        0.0    0.0%  scroll to the row again
   10        0.0    0.0%  check the row is the one the run listed
   11      791.9   14.0%  hover over Change and click it
   12       85.8    1.5%  find Cancel
   13      217.9    3.9%  click Cancel
   14       89.6    1.6%  find Confirmation
   15      215.2    3.8%  click Confirmation and park
   16      101.1    1.8%  wait for the dialog to close
   17      207.2    3.7%  wait for the item to land in tab 4
   18      872.8   15.5%  select inventory tab 4 after the withdrawal
          5640.1  100.0%  TOTAL
  inventory slot (1,1) at (1475, 236)
    read: current min 706,513, price field 706,513, net sales 706,513, week average 706,521, listed at 706,512
    the lowest listed price is 706,513, from the row and 3 more
    market 706,513, typing 706,512, 1 under the market
    net sales 4,945,584 is 7 x 706,512
  typed 250; the net sales make it 7
    the panel holds 706,512 against the 706,512 typed
  tab 4 read in 16 ms after the listing: 0 slot(s) held

  list 7 at 706,512
    #         ms   share  step
    1       26.0    0.5%  read the panel before loading
    2        0.1    0.0%  wait for slot (1,1) to fill
    3      793.1   16.7%  ctrl-click (1,1) attempt 1
    4      384.4    8.1%  read the suggested price
    5     1444.7   30.4%  type the price 706,512
    6      908.8   19.1%  type the quantity 250
    7      282.8    5.9%  take the quantity from the net sales
    8       87.9    1.8%  read the price back before Register
    9      217.5    4.6%  click Register
   10       95.0    2.0%  find Confirmation
   11       17.6    0.4%  look for the underprice question
   12      200.8    4.2%  click Confirmation
   13        0.6    0.0%  park
   14      110.8    2.3%  confirm the dialog is gone
   15      167.0    3.5%  wait for the panel to let the item go
   16       16.1    0.3%  read tab 4 after the listing
          4753.2  100.0%  TOTAL
  listed 7 at 706,512; it lands in row 1
DONE {"kind": "relist", "row": 1, "lands_in": 1, "qty": 7, "price": 706512, "item": "Divine Stone"}
    relisted 7 at 706,512 in row 1
  tab 4 known from the last listing: 0 slot(s) held
  row 2: 'Arionell' x1 at 312,185,712 -> tab 4 slot (1, 1)
    floor 280,833,333 from what it cost; listed at 312,185,712, above it
TASK {"kind": "relist", "row": 2, "item": "Arionell", "qty": 1, "price": 312185712, "tab": 4, "slot": [1, 1], "lands_in": 2}

  cancel row 2
    #         ms   share  step
    1      322.4    9.6%  click Refresh
    2      371.4   11.1%  scroll to the row
    3        0.0    0.0%  read the button of a row the run holds empty
    4      114.5    3.4%  read the row and its button
    5      517.9   15.5%  finish selecting inventory tab 4
    6        0.2    0.0%  check tab 4 before the withdrawal
    7        2.8    0.1%  work out the row, its floor and where it lands
    8       20.9    0.6%  check the shop slot is empty
    9        0.0    0.0%  scroll to the row again
   10        0.0    0.0%  check the row is the one the run listed
   11      292.1    8.7%  hover over Change and click it
   12       86.6    2.6%  find Cancel
   13      222.1    6.6%  click Cancel
   14       86.6    2.6%  find Confirmation
   15      217.3    6.5%  click Confirmation and park
   16       94.8    2.8%  wait for the dialog to close
   17      126.1    3.8%  wait for the item to land in tab 4
   18      873.0   26.1%  select inventory tab 4 after the withdrawal
          3348.7  100.0%  TOTAL
  inventory slot (1,1) at (1475, 236)
    read: current min 312,185,713, price field 312,185,713, net sales 312,185,713, week average 292,773,213, listed at 312,185,712
    the lowest listed price is 312,185,713, from the row and 3 more
    market 312,185,713, typing 312,185,712, 1 under the market
    net sales 312,185,712 is 1 x 312,185,712
  typed 250; the net sales make it 1
    the panel holds 312,185,712 against the 312,185,712 typed
  tab 4 read in 16 ms after the listing: 0 slot(s) held

  list 1 at 312,185,712
    #         ms   share  step
    1       22.6    0.4%  read the panel before loading
    2        0.1    0.0%  wait for slot (1,1) to fill
    3      790.0   15.4%  ctrl-click (1,1) attempt 1
    4      381.2    7.4%  read the suggested price
    5     1651.3   32.2%  type the price 312,185,712
    6      908.5   17.7%  type the quantity 250
    7      292.6    5.7%  take the quantity from the net sales
    8       89.0    1.7%  read the price back before Register
    9      216.5    4.2%  click Register
   10      174.6    3.4%  find Confirmation
   11       16.8    0.3%  look for the underprice question
   12      304.2    5.9%  click Confirmation
   13        0.6    0.0%  park
   14       97.2    1.9%  confirm the dialog is gone
   15      169.3    3.3%  wait for the panel to let the item go
   16       15.7    0.3%  read tab 4 after the listing
          5130.3  100.0%  TOTAL
  listed 1 at 312,185,712; it lands in row 2
DONE {"kind": "relist", "row": 2, "lands_in": 2, "qty": 1, "price": 312185712, "item": "Arionell"}
    relisted 1 at 312,185,712 in row 2
  tab 4 known from the last listing: 0 slot(s) held
  row 3: 'Force Gem Package' x1 at 191,999,999 -> tab 4 slot (1, 1)
    floor 187,222,222 from what it cost; listed at 191,999,999, above it
TASK {"kind": "relist", "row": 3, "item": "Force Gem Package", "qty": 1, "price": 191999999, "tab": 4, "slot": [1, 1], "lands_in": 3}

  cancel row 3
    #         ms   share  step
    1      322.6    9.0%  click Refresh
    2      371.8   10.4%  scroll to the row
    3        0.0    0.0%  read the button of a row the run holds empty
    4      136.5    3.8%  read the row and its button
    5      518.9   14.5%  finish selecting inventory tab 4
    6        0.3    0.0%  check tab 4 before the withdrawal
    7        2.6    0.1%  work out the row, its floor and where it lands
    8       20.3    0.6%  check the shop slot is empty
    9        0.0    0.0%  scroll to the row again
   10        0.0    0.0%  check the row is the one the run listed
   11      287.5    8.1%  hover over Change and click it
   12       87.6    2.5%  find Cancel
   13      219.6    6.2%  click Cancel
   14      177.2    5.0%  find Confirmation
   15      304.6    8.5%  click Confirmation and park
   16      101.1    2.8%  wait for the dialog to close
   17      144.9    4.1%  wait for the item to land in tab 4
   18      872.8   24.5%  select inventory tab 4 after the withdrawal
          3568.1  100.0%  TOTAL
  inventory slot (1,1) at (1475, 236)
    read: current min 192,000,000, price field unread, net sales unread, week average unread, listed at 191,999,999
    only 1 of the three price places read; 3 must agree before anything is typed
    read: current min 192,000,000, price field 192,000,000, net sales 192,000,000, week average 189,265,820, listed at 191,999,999
    the lowest listed price is 192,000,000, from the row and 3 more
    market 192,000,000, typing 191,999,999, 1 under the market
    net sales 191,999,999 is 1 x 191,999,999
  typed 250; the net sales make it 1
    the panel holds 191,999,999 against the 191,999,999 typed
  tab 4 read in 16 ms after the listing: 0 slot(s) held

  list 1 at 191,999,999
    #         ms   share  step
    1       27.1    0.5%  read the panel before loading
    2        0.1    0.0%  wait for slot (1,1) to fill
    3      792.1   15.5%  ctrl-click (1,1) attempt 1
    4      562.6   11.0%  read the suggested price
    5     1647.4   32.2%  type the price 191,999,999
    6      908.5   17.8%  type the quantity 250
    7      286.1    5.6%  take the quantity from the net sales
    8       90.2    1.8%  read the price back before Register
    9      216.2    4.2%  click Register
   10       89.6    1.8%  find Confirmation
   11       18.5    0.4%  look for the underprice question
   12      198.8    3.9%  click Confirmation
   13        0.5    0.0%  park
   14       96.9    1.9%  confirm the dialog is gone
   15      165.9    3.2%  wait for the panel to let the item go
   16       16.2    0.3%  read tab 4 after the listing
          5116.7  100.0%  TOTAL
  listed 1 at 191,999,999; it lands in row 3
DONE {"kind": "relist", "row": 3, "lands_in": 3, "qty": 1, "price": 191999999, "item": "Force Gem Package"}
    relisted 1 at 191,999,999 in row 3
  tab 4 known from the last listing: 0 slot(s) held
  row 4: 'Chaos Core Set X 200' x1 at 146,777,399 -> tab 4 slot (1, 1)
    floor 146,194,800 (730,974 x 200) from Chaos Core as last bought; listed at 146,777,399, above it
TASK {"kind": "relist", "row": 4, "item": "Chaos Core Set X 200", "qty": 1, "price": 146777399, "tab": 4, "slot": [1, 1], "lands_in": 4}

  cancel row 4
    #         ms   share  step
    1      322.4    9.4%  click Refresh
    2      371.3   10.9%  scroll to the row
    3        0.0    0.0%  read the button of a row the run holds empty
    4      141.2    4.1%  read the row and its button
    5      516.6   15.1%  finish selecting inventory tab 4
    6        0.2    0.0%  check tab 4 before the withdrawal
    7        4.1    0.1%  work out the row, its floor and where it lands
    8       17.9    0.5%  check the shop slot is empty
    9        0.0    0.0%  scroll to the row again
   10        0.0    0.0%  check the row is the one the run listed
   11      294.7    8.6%  hover over Change and click it
   12       91.4    2.7%  find Cancel
   13      219.5    6.4%  click Cancel
   14       88.4    2.6%  find Confirmation
   15      216.4    6.3%  click Confirmation and park
   16       95.7    2.8%  wait for the dialog to close
   17      166.6    4.9%  wait for the item to land in tab 4
   18      873.8   25.5%  select inventory tab 4 after the withdrawal
          3420.2  100.0%  TOTAL
  inventory slot (1,1) at (1475, 236)
    read: current min 146,776,000, price field 146,776,000, net sales 146,776,000, week average 146,822,000, listed at 146,777,399
    the lowest listed price is 146,776,000, from the row and 3 more
    market 146,776,000, typing 146,775,999, 1 under the market
    net sales 146,775,999 is 1 x 146,775,999
  typed 250; the net sales make it 1
    the panel holds 146,775,999 against the 146,775,999 typed
  tab 4 read in 17 ms after the listing: 0 slot(s) held

  list 1 at 146,775,999
    #         ms   share  step
    1       25.2    0.5%  read the panel before loading
    2        0.1    0.0%  wait for slot (1,1) to fill
    3      794.6   16.0%  ctrl-click (1,1) attempt 1
    4      388.5    7.8%  read the suggested price
    5     1651.0   33.2%  type the price 146,775,999
    6      909.1   18.3%  type the quantity 250
    7      290.9    5.9%  take the quantity from the net sales
    8       91.4    1.8%  read the price back before Register
    9      215.2    4.3%  click Register
   10       89.2    1.8%  find Confirmation
   11       15.8    0.3%  look for the underprice question
   12      203.3    4.1%  click Confirmation
   13        0.6    0.0%  park
   14      104.8    2.1%  confirm the dialog is gone
   15      169.4    3.4%  wait for the panel to let the item go
   16       17.4    0.4%  read tab 4 after the listing
          4966.4  100.0%  TOTAL
  listed 1 at 146,775,999; it lands in row 4
DONE {"kind": "relist", "row": 4, "lands_in": 4, "qty": 1, "price": 146775999, "item": "Chaos Core Set X 200"}
    relisted 1 at 146,775,999 in row 4
  tab 4 known from the last listing: 0 slot(s) held
  row 5: 'Chaos Core Set X 200' x1 at 146,777,199 -> tab 4 slot (1, 1)
    floor 146,194,800 (730,974 x 200) from Chaos Core as last bought; listed at 146,777,199, above it
TASK {"kind": "relist", "row": 5, "item": "Chaos Core Set X 200", "qty": 1, "price": 146777199, "tab": 4, "slot": [1, 1], "lands_in": 5}

  cancel row 5
    #         ms   share  step
    1      322.2    9.5%  click Refresh
    2      371.8   11.0%  scroll to the row
    3        0.0    0.0%  read the button of a row the run holds empty
    4      138.7    4.1%  read the row and its button
    5      515.4   15.2%  finish selecting inventory tab 4
    6        0.5    0.0%  check tab 4 before the withdrawal
    7        3.3    0.1%  work out the row, its floor and where it lands
    8       18.6    0.5%  check the shop slot is empty
    9        0.0    0.0%  scroll to the row again
   10        0.0    0.0%  check the row is the one the run listed
   11      290.5    8.6%  hover over Change and click it
   12       86.2    2.5%  find Cancel
   13      217.3    6.4%  click Cancel
   14       93.6    2.8%  find Confirmation
   15      219.9    6.5%  click Confirmation and park
   16       96.2    2.8%  wait for the dialog to close
   17      138.6    4.1%  wait for the item to land in tab 4
   18      872.6   25.8%  select inventory tab 4 after the withdrawal
          3385.5  100.0%  TOTAL
  inventory slot (1,1) at (1475, 236)
    read: current min 146,775,800, price field 146,775,800, net sales 146,775,800, week average 146,822,000, listed at 146,777,199
    the lowest listed price is 146,775,800, from the row and 3 more
    market 146,775,800, typing 146,775,799, 1 under the market
    net sales 146,775,799 is 1 x 146,775,799
  typed 250; the net sales make it 1
    the panel holds 146,775,799 against the 146,775,799 typed
  tab 4 read in 20 ms after the listing: 0 slot(s) held

  list 1 at 146,775,799
    #         ms   share  step
    1       23.7    0.5%  read the panel before loading
    2        0.1    0.0%  wait for slot (1,1) to fill
    3      790.1   15.9%  ctrl-click (1,1) attempt 1
    4      381.2    7.7%  read the suggested price
    5     1656.9   33.3%  type the price 146,775,799
    6      908.7   18.3%  type the quantity 250
    7      288.7    5.8%  take the quantity from the net sales
    8       92.1    1.9%  read the price back before Register
    9      219.0    4.4%  click Register
   10       93.4    1.9%  find Confirmation
   11       19.6    0.4%  look for the underprice question
   12      198.9    4.0%  click Confirmation
   13        0.5    0.0%  park
   14      108.6    2.2%  confirm the dialog is gone
   15      170.6    3.4%  wait for the panel to let the item go
   16       20.0    0.4%  read tab 4 after the listing
          4972.3  100.0%  TOTAL
  listed 1 at 146,775,799; it lands in row 5
DONE {"kind": "relist", "row": 5, "lands_in": 5, "qty": 1, "price": 146775799, "item": "Chaos Core Set X 200"}
    relisted 1 at 146,775,799 in row 5
  tab 4 known from the last listing: 0 slot(s) held
  row 6: 'Chaos Core Set X 252' x1 at 184,939,019 -> tab 4 slot (1, 1)
    floor 184,205,448 (730,974 x 252) from Chaos Core as last bought; listed at 184,939,019, above it
TASK {"kind": "relist", "row": 6, "item": "Chaos Core Set X 252", "qty": 1, "price": 184939019, "tab": 4, "slot": [1, 1], "lands_in": 6}

  cancel row 6
    #         ms   share  step
    1      322.4    9.6%  click Refresh
    2      371.6   11.0%  scroll to the row
    3        0.0    0.0%  read the button of a row the run holds empty
    4      137.3    4.1%  read the row and its button
    5      516.9   15.3%  finish selecting inventory tab 4
    6        0.2    0.0%  check tab 4 before the withdrawal
    7        3.2    0.1%  work out the row, its floor and where it lands
    8       18.4    0.5%  check the shop slot is empty
    9        0.0    0.0%  scroll to the row again
   10        0.0    0.0%  check the row is the one the run listed
   11      290.3    8.6%  hover over Change and click it
   12       92.2    2.7%  find Cancel
   13      219.9    6.5%  click Cancel
   14       91.2    2.7%  find Confirmation
   15      218.5    6.5%  click Confirmation and park
   16      105.4    3.1%  wait for the dialog to close
   17      111.0    3.3%  wait for the item to land in tab 4
   18      873.2   25.9%  select inventory tab 4 after the withdrawal
          3371.6  100.0%  TOTAL
  inventory slot (1,1) at (1475, 236)
    read: current min 184,937,256, price field 184,937,256, net sales 184,937,256, week average 184,995,720, listed at 184,939,019
    the lowest listed price is 184,937,256, from the row and 3 more
    market 184,937,256, typing 184,937,255, 1 under the market
    net sales 184,937,255 is 1 x 184,937,255
  typed 250; the net sales make it 1
    the panel holds 184,937,255 against the 184,937,255 typed
  tab 4 read in 16 ms after the listing: 0 slot(s) held

  list 1 at 184,937,255
    #         ms   share  step
    1       22.7    0.5%  read the panel before loading
    2        0.1    0.0%  wait for slot (1,1) to fill
    3      790.5   15.9%  ctrl-click (1,1) attempt 1
    4      385.0    7.8%  read the suggested price
    5     1650.8   33.3%  type the price 184,937,255
    6      908.9   18.3%  type the quantity 250
    7      292.3    5.9%  take the quantity from the net sales
    8       89.7    1.8%  read the price back before Register
    9      217.6    4.4%  click Register
   10       91.0    1.8%  find Confirmation
   11       16.8    0.3%  look for the underprice question
   12      203.8    4.1%  click Confirmation
   13        0.6    0.0%  park
   14       96.5    1.9%  confirm the dialog is gone
   15      173.4    3.5%  wait for the panel to let the item go
   16       16.5    0.3%  read tab 4 after the listing
          4956.1  100.0%  TOTAL
  listed 1 at 184,937,255; it lands in row 6
DONE {"kind": "relist", "row": 6, "lands_in": 6, "qty": 1, "price": 184937255, "item": "Chaos Core Set X 252"}
    relisted 1 at 184,937,255 in row 6
  tab 4 known from the last listing: 0 slot(s) held
  row 7: 'Chaos Core Set X 200' x1 at 146,776,799 -> tab 4 slot (1, 1)
    floor 146,194,800 (730,974 x 200) from Chaos Core as last bought; listed at 146,776,799, above it
TASK {"kind": "relist", "row": 7, "item": "Chaos Core Set X 200", "qty": 1, "price": 146776799, "tab": 4, "slot": [1, 1], "lands_in": 7}

  cancel row 7
    #         ms   share  step
    1      322.7    9.5%  click Refresh
    2      371.1   10.9%  scroll to the row
    3        0.0    0.0%  read the button of a row the run holds empty
    4      128.5    3.8%  read the row and its button
    5      519.7   15.3%  finish selecting inventory tab 4
    6        0.2    0.0%  check tab 4 before the withdrawal
    7        2.9    0.1%  work out the row, its floor and where it lands
    8       17.6    0.5%  check the shop slot is empty
    9        0.0    0.0%  scroll to the row again
   10        0.0    0.0%  check the row is the one the run listed
   11      292.4    8.6%  hover over Change and click it
   12       90.4    2.7%  find Cancel
   13      225.0    6.6%  click Cancel
   14       90.7    2.7%  find Confirmation
   15      218.5    6.4%  click Confirmation and park
   16      100.3    3.0%  wait for the dialog to close
   17      142.6    4.2%  wait for the item to land in tab 4
   18      873.0   25.7%  select inventory tab 4 after the withdrawal
          3395.8  100.0%  TOTAL
  inventory slot (1,1) at (1475, 236)
    read: current min 146,775,400, price field 146,775,400, net sales 146,775,400, week average 146,822,000, listed at 146,776,799
    the lowest listed price is 146,775,400, from the row and 3 more
    market 146,775,400, typing 146,775,399, 1 under the market
    net sales 146,775,399 is 1 x 146,775,399
  typed 250; the net sales make it 1
    the panel holds 146,775,399 against the 146,775,399 typed
  tab 4 read in 17 ms after the listing: 0 slot(s) held

  list 1 at 146,775,399
    #         ms   share  step
    1       22.5    0.5%  read the panel before loading
    2        0.1    0.0%  wait for slot (1,1) to fill
    3      790.4   16.0%  ctrl-click (1,1) attempt 1
    4      381.0    7.7%  read the suggested price
    5     1649.7   33.3%  type the price 146,775,399
    6      907.8   18.3%  type the quantity 250
    7      292.3    5.9%  take the quantity from the net sales
    8       88.2    1.8%  read the price back before Register
    9      216.0    4.4%  click Register
   10       91.0    1.8%  find Confirmation
   11       17.7    0.4%  look for the underprice question
   12      199.3    4.0%  click Confirmation
   13        0.5    0.0%  park
   14      110.7    2.2%  confirm the dialog is gone
   15      168.5    3.4%  wait for the panel to let the item go
   16       17.5    0.4%  read tab 4 after the listing
          4953.3  100.0%  TOTAL
  listed 1 at 146,775,399; it lands in row 7
DONE {"kind": "relist", "row": 7, "lands_in": 7, "qty": 1, "price": 146775399, "item": "Chaos Core Set X 200"}
    relisted 1 at 146,775,399 in row 7
  tab 4 known from the last listing: 0 slot(s) held
  row 8: 'Chaos Core Set X 48' x1 at 35,226,383 -> tab 4 slot (1, 1)
    floor 35,086,752 (730,974 x 48) from Chaos Core as last bought; listed at 35,226,383, above it
TASK {"kind": "relist", "row": 8, "item": "Chaos Core Set X 48", "qty": 1, "price": 35226383, "tab": 4, "slot": [1, 1], "lands_in": 8}

  cancel row 8
    #         ms   share  step
    1      322.6    9.5%  click Refresh
    2      371.5   11.0%  scroll to the row
    3        0.0    0.0%  read the button of a row the run holds empty
    4      133.1    3.9%  read the row and its button
    5      517.6   15.3%  finish selecting inventory tab 4
    6        0.2    0.0%  check tab 4 before the withdrawal
    7        3.3    0.1%  work out the row, its floor and where it lands
    8       18.7    0.6%  check the shop slot is empty
    9        0.0    0.0%  scroll to the row again
   10        0.0    0.0%  check the row is the one the run listed
   11      292.1    8.6%  hover over Change and click it
   12       87.8    2.6%  find Cancel
   13      219.8    6.5%  click Cancel
   14       91.6    2.7%  find Confirmation
   15      217.3    6.4%  click Confirmation and park
   16      111.5    3.3%  wait for the dialog to close
   17      123.0    3.6%  wait for the item to land in tab 4
   18      873.4   25.8%  select inventory tab 4 after the withdrawal
          3383.4  100.0%  TOTAL
  inventory slot (1,1) at (1475, 236)
    read: current min 35,226,048, price field 35,226,048, net sales 35,226,048, week average 35,237,280, listed at 35,226,383
    the lowest listed price is 35,226,048, from the row and 3 more
    market 35,226,048, typing 35,226,047, 1 under the market
    net sales 35,226,047 is 1 x 35,226,047
  typed 250; the net sales make it 1
    the panel holds 35,226,047 against the 35,226,047 typed
  tab 4 read in 16 ms after the listing: 0 slot(s) held

  list 1 at 35,226,047
    #         ms   share  step
    1       22.8    0.5%  read the panel before loading
    2        0.2    0.0%  wait for slot (1,1) to fill
    3      792.7   16.3%  ctrl-click (1,1) attempt 1
    4      380.8    7.8%  read the suggested price
    5     1578.9   32.4%  type the price 35,226,047
    6      908.5   18.7%  type the quantity 250
    7      282.6    5.8%  take the quantity from the net sales
    8       94.5    1.9%  read the price back before Register
    9      214.9    4.4%  click Register
   10       88.3    1.8%  find Confirmation
   11       16.6    0.3%  look for the underprice question
   12      198.8    4.1%  click Confirmation
   13        0.6    0.0%  park
   14      100.0    2.1%  confirm the dialog is gone
   15      171.3    3.5%  wait for the panel to let the item go
   16       16.3    0.3%  read tab 4 after the listing
          4867.8  100.0%  TOTAL
  listed 1 at 35,226,047; it lands in row 8
DONE {"kind": "relist", "row": 8, "lands_in": 8, "qty": 1, "price": 35226047, "item": "Chaos Core Set X 48"}
    relisted 1 at 35,226,047 in row 8
  tab 4 known from the last listing: 0 slot(s) held
  row 9: 'Chaos Core Set X 348' x1 at 255,390,935 -> tab 4 slot (1, 1)
    floor 254,378,952 (730,974 x 348) from Chaos Core as last bought; listed at 255,390,935, above it
TASK {"kind": "relist", "row": 9, "item": "Chaos Core Set X 348", "qty": 1, "price": 255390935, "tab": 4, "slot": [1, 1], "lands_in": 9}

  cancel row 9
    #         ms   share  step
    1      322.2    9.5%  click Refresh
    2      371.9   10.9%  scroll to the row
    3        0.0    0.0%  read the button of a row the run holds empty
    4      137.9    4.0%  read the row and its button
    5      517.9   15.2%  finish selecting inventory tab 4
    6        0.2    0.0%  check tab 4 before the withdrawal
    7        3.8    0.1%  work out the row, its floor and where it lands
    8       18.8    0.6%  check the shop slot is empty
    9        0.0    0.0%  scroll to the row again
   10        0.0    0.0%  check the row is the one the run listed
   11      289.8    8.5%  hover over Change and click it
   12       90.7    2.7%  find Cancel
   13      221.0    6.5%  click Cancel
   14       88.9    2.6%  find Confirmation
   15      220.3    6.5%  click Confirmation and park
   16      111.2    3.3%  wait for the dialog to close
   17      138.5    4.1%  wait for the item to land in tab 4
   18      873.7   25.6%  select inventory tab 4 after the withdrawal
          3407.0  100.0%  TOTAL
  inventory slot (1,1) at (1475, 236)
    read: current min 255,388,500, price field 255,388,500, net sales 255,388,500, week average 255,470,280, listed at 255,390,935
    the lowest listed price is 255,388,500, from the row and 3 more
    market 255,388,500, typing 255,388,499, 1 under the market
    net sales 255,388,499 is 1 x 255,388,499
  typed 250; the net sales make it 1
    the panel holds 255,388,499 against the 255,388,499 typed
  tab 4 read in 17 ms after the listing: 0 slot(s) held

  list 1 at 255,388,499
    #         ms   share  step
    1       23.0    0.4%  read the panel before loading
    2        0.1    0.0%  wait for slot (1,1) to fill
    3      795.6   15.4%  ctrl-click (1,1) attempt 1
    4      388.9    7.5%  read the suggested price
    5     1651.5   31.9%  type the price 255,388,499
    6      909.3   17.6%  type the quantity 250
    7      292.0    5.6%  take the quantity from the net sales
    8       92.5    1.8%  read the price back before Register
    9      216.2    4.2%  click Register
   10      179.6    3.5%  find Confirmation
   11       17.0    0.3%  look for the underprice question
   12      307.7    6.0%  click Confirmation
   13        0.6    0.0%  park
   14      109.2    2.1%  confirm the dialog is gone
   15      169.9    3.3%  wait for the panel to let the item go
   16       17.3    0.3%  read tab 4 after the listing
          5170.3  100.0%  TOTAL
  listed 1 at 255,388,499; it lands in row 9
DONE {"kind": "relist", "row": 9, "lands_in": 9, "qty": 1, "price": 255388499, "item": "Chaos Core Set X 348"}
    relisted 1 at 255,388,499 in row 9
  tab 4 known from the last listing: 0 slot(s) held
  row 10: 'Chaos Core Set X 252' x1 at 184,938,011 -> tab 4 slot (1, 1)
    floor 184,205,448 (730,974 x 252) from Chaos Core as last bought; listed at 184,938,011, above it
TASK {"kind": "relist", "row": 10, "item": "Chaos Core Set X 252", "qty": 1, "price": 184938011, "tab": 4, "slot": [1, 1], "lands_in": 10}

  cancel row 10
    #         ms   share  step
    1      322.4    9.5%  click Refresh
    2      371.5   10.9%  scroll to the row
    3        0.0    0.0%  read the button of a row the run holds empty
    4      131.8    3.9%  read the row and its button
    5      519.3   15.3%  finish selecting inventory tab 4
    6        0.2    0.0%  check tab 4 before the withdrawal
    7        3.4    0.1%  work out the row, its floor and where it lands
    8       17.5    0.5%  check the shop slot is empty
    9        0.0    0.0%  scroll to the row again
   10        0.0    0.0%  check the row is the one the run listed
   11      289.6    8.5%  hover over Change and click it
   12       87.6    2.6%  find Cancel
   13      217.3    6.4%  click Cancel
   14       89.9    2.6%  find Confirmation
   15      218.9    6.4%  click Confirmation and park
   16      103.7    3.0%  wait for the dialog to close
   17      155.1    4.6%  wait for the item to land in tab 4
   18      873.2   25.7%  select inventory tab 4 after the withdrawal
          3401.5  100.0%  TOTAL
  inventory slot (1,1) at (1475, 236)
    read: current min 184,936,248, price field 184,936,248, net sales 184,936,248, week average 184,995,720, listed at 184,938,011
    the lowest listed price is 184,936,248, from the row and 3 more
    market 184,936,248, typing 184,936,247, 1 under the market
    net sales 184,936,247 is 1 x 184,936,247
  typed 250; the net sales make it 1
    the panel holds 184,936,247 against the 184,936,247 typed
  tab 4 read in 17 ms after the listing: 0 slot(s) held

  list 1 at 184,936,247
    #         ms   share  step
    1       23.2    0.5%  read the panel before loading
    2        0.1    0.0%  wait for slot (1,1) to fill
    3      790.7   15.9%  ctrl-click (1,1) attempt 1
    4      392.6    7.9%  read the suggested price
    5     1651.4   33.2%  type the price 184,936,247
    6      908.8   18.3%  type the quantity 250
    7      294.6    5.9%  take the quantity from the net sales
    8       92.0    1.8%  read the price back before Register
    9      225.7    4.5%  click Register
   10       92.4    1.9%  find Confirmation
   11       18.2    0.4%  look for the underprice question
   12      195.4    3.9%  click Confirmation
   13        0.5    0.0%  park
   14       97.6    2.0%  confirm the dialog is gone
   15      173.2    3.5%  wait for the panel to let the item go
   16       16.8    0.3%  read tab 4 after the listing
          4973.3  100.0%  TOTAL
  listed 1 at 184,936,247; it lands in row 10
DONE {"kind": "relist", "row": 10, "lands_in": 10, "qty": 1, "price": 184936247, "item": "Chaos Core Set X 252"}
    relisted 1 at 184,936,247 in row 10
  tab 4 known from the last listing: 0 slot(s) held
  row 11: 'Force Core (Ultimate' x8 at 379,795 -> tab 4 slot (1, 1)
    floor 355,544 (355,544 x 1) from Force Core Set (Ultimate) as last bought; listed at 379,795, above it
TASK {"kind": "relist", "row": 11, "item": "Force Core (Ultimate", "qty": 8, "price": 379795, "tab": 4, "slot": [1, 1], "lands_in": 11}

  cancel row 11
    #         ms   share  step
    1      322.6    9.6%  click Refresh
    2      370.8   11.0%  scroll to the row
    3        0.0    0.0%  read the button of a row the run holds empty
    4      112.0    3.3%  read the row and its button
    5      520.0   15.4%  finish selecting inventory tab 4
    6        0.2    0.0%  check tab 4 before the withdrawal
    7        4.1    0.1%  work out the row, its floor and where it lands
    8       16.6    0.5%  check the shop slot is empty
    9        0.0    0.0%  scroll to the row again
   10        0.0    0.0%  check the row is the one the run listed
   11      291.0    8.6%  hover over Change and click it
   12       92.7    2.7%  find Cancel
   13      220.2    6.5%  click Cancel
   14       88.9    2.6%  find Confirmation
   15      220.3    6.5%  click Confirmation and park
   16      104.6    3.1%  wait for the dialog to close
   17      136.8    4.1%  wait for the item to land in tab 4
   18      873.2   25.9%  select inventory tab 4 after the withdrawal
          3374.1  100.0%  TOTAL
  inventory slot (1,1) at (1475, 236)
    read: current min 379,793, price field unread, net sales unread, week average unread, listed at 379,795
    only 1 of the three price places read; 3 must agree before anything is typed
    read: current min 379,793, price field 379,793, net sales 379,793, week average 385,330, listed at 379,795
    the lowest listed price is 379,793, from the row and 3 more
    market 379,793, typing 379,792, 1 under the market
    net sales 3,038,336 is 8 x 379,792
  typed 250; the net sales make it 8
    the panel holds 379,792 against the 379,792 typed
  tab 4 read in 17 ms after the listing: 0 slot(s) held

  list 8 at 379,792
    #         ms   share  step
    1       23.0    0.5%  read the panel before loading
    2        0.1    0.0%  wait for slot (1,1) to fill
    3      794.7   16.2%  ctrl-click (1,1) attempt 1
    4      552.8   11.3%  read the suggested price
    5     1437.3   29.3%  type the price 379,792
    6      908.2   18.5%  type the quantity 250
    7      287.8    5.9%  take the quantity from the net sales
    8       88.9    1.8%  read the price back before Register
    9      225.8    4.6%  click Register
   10       88.2    1.8%  find Confirmation
   11       16.1    0.3%  look for the underprice question
   12      200.0    4.1%  click Confirmation
   13        0.5    0.0%  park
   14      103.6    2.1%  confirm the dialog is gone
   15      167.0    3.4%  wait for the panel to let the item go
   16       17.4    0.4%  read tab 4 after the listing
          4911.4  100.0%  TOTAL
  listed 8 at 379,792; it lands in row 11
DONE {"kind": "relist", "row": 11, "lands_in": 11, "qty": 8, "price": 379792, "item": "Force Core (Ultimate"}
    relisted 8 at 379,792 in row 11
  tab 4 known from the last listing: 0 slot(s) held
  row 12: 'Upgrade Core (Ultimate' x22 at 457,549 -> tab 4 slot (1, 1)
    floor 441,177 (441,177 x 1) from Upgrade Core Set (Ultimate) as last bought; listed at 457,549, above it
TASK {"kind": "relist", "row": 12, "item": "Upgrade Core (Ultimate", "qty": 22, "price": 457549, "tab": 4, "slot": [1, 1], "lands_in": 12}

  cancel row 12
    #         ms   share  step
    1      322.7    9.5%  click Refresh
    2      371.9   10.9%  scroll to the row
    3        0.0    0.0%  read the button of a row the run holds empty
    4      131.8    3.9%  read the row and its button
    5      520.4   15.3%  finish selecting inventory tab 4
    6        0.5    0.0%  check tab 4 before the withdrawal
    7        3.3    0.1%  work out the row, its floor and where it lands
    8       18.1    0.5%  check the shop slot is empty
    9        0.0    0.0%  scroll to the row again
   10        0.0    0.0%  check the row is the one the run listed
   11      290.2    8.5%  hover over Change and click it
   12       91.9    2.7%  find Cancel
   13      220.1    6.5%  click Cancel
   14       88.6    2.6%  find Confirmation
   15      216.9    6.4%  click Confirmation and park
   16       99.3    2.9%  wait for the dialog to close
   17      154.6    4.5%  wait for the item to land in tab 4
   18      872.7   25.6%  select inventory tab 4 after the withdrawal
          3403.1  100.0%  TOTAL
  inventory slot (1,1) at (1475, 236)
    read: current min 457,544, price field 457,544, net sales 457,544, week average 467,575, listed at 457,549
    the lowest listed price is 457,544, from the row and 3 more
    market 457,544, typing 457,543, 1 under the market
    net sales 10,065,946 is 22 x 457,543
  typed 250; the net sales make it 22
    the panel holds 457,543 against the 457,543 typed
  tab 4 read in 22 ms after the listing: 0 slot(s) held

  list 22 at 457,543
    #         ms   share  step
    1       23.0    0.5%  read the panel before loading
    2        0.1    0.0%  wait for slot (1,1) to fill
    3      791.6   16.7%  ctrl-click (1,1) attempt 1
    4      380.2    8.0%  read the suggested price
    5     1436.7   30.3%  type the price 457,543
    6      909.0   19.2%  type the quantity 250
    7      281.3    5.9%  take the quantity from the net sales
    8       89.1    1.9%  read the price back before Register
    9      216.8    4.6%  click Register
   10       87.3    1.8%  find Confirmation
   11       17.1    0.4%  look for the underprice question
   12      199.8    4.2%  click Confirmation
   13        0.5    0.0%  park
   14      107.9    2.3%  confirm the dialog is gone
   15      171.2    3.6%  wait for the panel to let the item go
   16       22.2    0.5%  read tab 4 after the listing
          4733.9  100.0%  TOTAL
  listed 22 at 457,543; it lands in row 12
DONE {"kind": "relist", "row": 12, "lands_in": 12, "qty": 22, "price": 457543, "item": "Upgrade Core (Ultimate"}
    relisted 22 at 457,543 in row 12
  tab 4 known from the last listing: 0 slot(s) held
  row 13: 'Force Core (Ultimate' x83 at 379,794 -> tab 4 slot (1, 1)
    floor 355,544 (355,544 x 1) from Force Core Set (Ultimate) as last bought; listed at 379,794, above it
TASK {"kind": "relist", "row": 13, "item": "Force Core (Ultimate", "qty": 83, "price": 379794, "tab": 4, "slot": [1, 1], "lands_in": 13}

  cancel row 13
    #         ms   share  step
    1      322.4    9.2%  click Refresh
    2      371.5   10.6%  scroll to the row
    3        0.0    0.0%  read the button of a row the run holds empty
    4      122.2    3.5%  read the row and its button
    5      517.6   14.8%  finish selecting inventory tab 4
    6        0.2    0.0%  check tab 4 before the withdrawal
    7        3.0    0.1%  work out the row, its floor and where it lands
    8       21.5    0.6%  check the shop slot is empty
    9        0.0    0.0%  scroll to the row again
   10        0.0    0.0%  check the row is the one the run listed
   11      291.8    8.3%  hover over Change and click it
   12       91.7    2.6%  find Cancel
   13      216.6    6.2%  click Cancel
   14       99.0    2.8%  find Confirmation
   15      216.1    6.2%  click Confirmation and park
   16      102.0    2.9%  wait for the dialog to close
   17      247.0    7.1%  wait for the item to land in tab 4
   18      872.9   25.0%  select inventory tab 4 after the withdrawal
          3495.3  100.0%  TOTAL
  inventory slot (1,1) at (1475, 236)
    read: current min 379,792, price field 379,792, net sales 379,792, week average 385,330, listed at 379,794
    the lowest listed price is 379,792, from the row and 3 more
    market 379,792, typing 379,791, 1 under the market
    net sales 31,522,653 is 83 x 379,791
  typed 250; the net sales make it 83
    the panel holds 379,791 against the 379,791 typed
  tab 4 read in 20 ms after the listing: 0 slot(s) held

  list 83 at 379,791
    #         ms   share  step
    1       25.3    0.5%  read the panel before loading
    2        0.1    0.0%  wait for slot (1,1) to fill
    3      790.5   15.9%  ctrl-click (1,1) attempt 1
    4      407.0    8.2%  read the suggested price
    5     1436.0   28.9%  type the price 379,791
    6      908.4   18.3%  type the quantity 250
    7      288.2    5.8%  take the quantity from the net sales
    8       87.2    1.8%  read the price back before Register
    9      218.0    4.4%  click Register
   10      179.3    3.6%  find Confirmation
   11       15.9    0.3%  look for the underprice question
   12      309.5    6.2%  click Confirmation
   13        0.6    0.0%  park
   14      109.3    2.2%  confirm the dialog is gone
   15      173.5    3.5%  wait for the panel to let the item go
   16       19.6    0.4%  read tab 4 after the listing
          4968.3  100.0%  TOTAL
  listed 83 at 379,791; it lands in row 13
DONE {"kind": "relist", "row": 13, "lands_in": 13, "qty": 83, "price": 379791, "item": "Force Core (Ultimate"}
    relisted 83 at 379,791 in row 13
  tab 4 known from the last listing: 0 slot(s) held
  row 14: 'Upgrade Core (Ultimate' x34 at 457,548 -> tab 4 slot (1, 1)
    floor 441,177 (441,177 x 1) from Upgrade Core Set (Ultimate) as last bought; listed at 457,548, above it
TASK {"kind": "relist", "row": 14, "item": "Upgrade Core (Ultimate", "qty": 34, "price": 457548, "tab": 4, "slot": [1, 1], "lands_in": 14}

  cancel row 14
    #         ms   share  step
    1      328.4    9.1%  click Refresh
    2      371.7   10.3%  scroll to the row
    3        0.0    0.0%  read the button of a row the run holds empty
    4      152.2    4.2%  read the row and its button
    5      527.3   14.6%  finish selecting inventory tab 4
    6        0.2    0.0%  check tab 4 before the withdrawal
    7        3.7    0.1%  work out the row, its floor and where it lands
    8       18.0    0.5%  check the shop slot is empty
    9        0.0    0.0%  scroll to the row again
   10        0.0    0.0%  check the row is the one the run listed
   11      288.8    8.0%  hover over Change and click it
   12       88.4    2.5%  find Cancel
   13      217.7    6.0%  click Cancel
   14      177.7    4.9%  find Confirmation
   15      314.0    8.7%  click Confirmation and park
   16      113.1    3.1%  wait for the dialog to close
   17      130.9    3.6%  wait for the item to land in tab 4
   18      872.9   24.2%  select inventory tab 4 after the withdrawal
          3605.0  100.0%  TOTAL
  inventory slot (1,1) at (1475, 236)
    read: current min 457,543, price field 457,543, net sales 457,543, week average 467,575, listed at 457,548
    the lowest listed price is 457,543, from the row and 3 more
    market 457,543, typing 457,542, 1 under the market
    net sales 15,556,428 is 34 x 457,542
  typed 250; the net sales make it 34
    the panel holds 457,542 against the 457,542 typed
  tab 4 read in 16 ms after the listing: 0 slot(s) held

  list 34 at 457,542
    #         ms   share  step
    1       25.2    0.5%  read the panel before loading
    2        0.1    0.0%  wait for slot (1,1) to fill
    3      793.3   16.7%  ctrl-click (1,1) attempt 1
    4      385.8    8.1%  read the suggested price
    5     1436.4   30.3%  type the price 457,542
    6      909.4   19.2%  type the quantity 250
    7      287.0    6.0%  take the quantity from the net sales
    8       85.8    1.8%  read the price back before Register
    9      218.3    4.6%  click Register
   10       88.8    1.9%  find Confirmation
   11       16.6    0.3%  look for the underprice question
   12      198.8    4.2%  click Confirmation
   13        0.4    0.0%  park
   14      112.1    2.4%  confirm the dialog is gone
   15      171.3    3.6%  wait for the panel to let the item go
   16       16.2    0.3%  read tab 4 after the listing
          4745.5  100.0%  TOTAL
  listed 34 at 457,542; it lands in row 14
DONE {"kind": "relist", "row": 14, "lands_in": 14, "qty": 34, "price": 457542, "item": "Upgrade Core (Ultimate"}
    relisted 34 at 457,542 in row 14
  tab 4 known from the last listing: 0 slot(s) held
  row 15: 'Upgrade Core (Ultimate' x10 at 457,547 -> tab 4 slot (1, 1)
    floor 441,177 (441,177 x 1) from Upgrade Core Set (Ultimate) as last bought; listed at 457,547, above it
TASK {"kind": "relist", "row": 15, "item": "Upgrade Core (Ultimate", "qty": 10, "price": 457547, "tab": 4, "slot": [1, 1], "lands_in": 15}

  cancel row 15
    #         ms   share  step
    1      321.9    9.1%  click Refresh
    2      371.6   10.4%  scroll to the row
    3        0.0    0.0%  read the button of a row the run holds empty
    4      131.6    3.7%  read the row and its button
    5      517.3   14.5%  finish selecting inventory tab 4
    6        0.2    0.0%  check tab 4 before the withdrawal
    7        3.2    0.1%  work out the row, its floor and where it lands
    8       19.1    0.5%  check the shop slot is empty
    9        0.0    0.0%  scroll to the row again
   10        0.0    0.0%  check the row is the one the run listed
   11      296.1    8.3%  hover over Change and click it
   12       91.6    2.6%  find Cancel
   13      219.2    6.2%  click Cancel
   14      179.6    5.1%  find Confirmation
   15      311.4    8.8%  click Confirmation and park
   16      116.0    3.3%  wait for the dialog to close
   17      104.6    2.9%  wait for the item to land in tab 4
   18      872.8   24.5%  select inventory tab 4 after the withdrawal
          3556.2  100.0%  TOTAL
  inventory slot (1,1) at (1475, 236)
    read: current min 457,542, price field 457,542, net sales 457,542, week average 467,575, listed at 457,547
    the lowest listed price is 457,542, from the row and 3 more
    market 457,542, typing 457,541, 1 under the market
    net sales 4,575,410 is 10 x 457,541
  typed 250; the net sales make it 10
    the panel holds 457,541 against the 457,541 typed
  tab 4 read in 17 ms after the listing: 0 slot(s) held

  list 10 at 457,541
    #         ms   share  step
    1       24.8    0.5%  read the panel before loading
    2        0.1    0.0%  wait for slot (1,1) to fill
    3      792.8   16.4%  ctrl-click (1,1) attempt 1
    4      376.5    7.8%  read the suggested price
    5     1447.1   29.9%  type the price 457,541
    6      908.8   18.8%  type the quantity 250
    7      285.6    5.9%  take the quantity from the net sales
    8       85.6    1.8%  read the price back before Register
    9      218.0    4.5%  click Register
   10       89.6    1.9%  find Confirmation
   11       19.2    0.4%  look for the underprice question
   12      195.4    4.0%  click Confirmation
   13        0.6    0.0%  park
   14      206.9    4.3%  confirm the dialog is gone
   15      168.1    3.5%  wait for the panel to let the item go
   16       17.0    0.4%  read tab 4 after the listing
          4836.0  100.0%  TOTAL
  listed 10 at 457,541; it lands in row 15
DONE {"kind": "relist", "row": 15, "lands_in": 15, "qty": 10, "price": 457541, "item": "Upgrade Core (Ultimate"}
    relisted 10 at 457,541 in row 15
  tab 4 known from the last listing: 0 slot(s) held
  row 16: 'Force Core (Ultimate' x73 at 379,793 -> tab 4 slot (1, 1)
    floor 355,544 (355,544 x 1) from Force Core Set (Ultimate) as last bought; listed at 379,793, above it
TASK {"kind": "relist", "row": 16, "item": "Force Core (Ultimate", "qty": 73, "price": 379793, "tab": 4, "slot": [1, 1], "lands_in": 16}

  cancel row 16
    #         ms   share  step
    1      322.9    9.1%  click Refresh
    2      371.6   10.5%  scroll to the row
    3        0.0    0.0%  read the button of a row the run holds empty
    4      115.4    3.3%  read the row and its button
    5      517.0   14.6%  finish selecting inventory tab 4
    6        0.2    0.0%  check tab 4 before the withdrawal
    7        3.1    0.1%  work out the row, its floor and where it lands
    8       19.1    0.5%  check the shop slot is empty
    9        0.0    0.0%  scroll to the row again
   10        0.0    0.0%  check the row is the one the run listed
   11      289.1    8.1%  hover over Change and click it
   12       86.1    2.4%  find Cancel
   13      217.9    6.1%  click Cancel
   14      173.7    4.9%  find Confirmation
   15      304.3    8.6%  click Confirmation and park
   16       99.4    2.8%  wait for the dialog to close
   17      156.6    4.4%  wait for the item to land in tab 4
   18      873.2   24.6%  select inventory tab 4 after the withdrawal
          3549.7  100.0%  TOTAL
  inventory slot (1,1) at (1475, 236)
    read: current min 379,791, price field 379,791, net sales 379,791, week average 385,330, listed at 379,793
    the lowest listed price is 379,791, from the row and 3 more
    market 379,791, typing 379,790, 1 under the market
    net sales 27,724,670 is 73 x 379,790
  typed 250; the net sales make it 73
    the panel holds 379,790 against the 379,790 typed
  tab 4 read in 16 ms after the listing: 0 slot(s) held

  list 73 at 379,790
    #         ms   share  step
    1       22.6    0.5%  read the panel before loading
    2        0.1    0.0%  wait for slot (1,1) to fill
    3      790.5   16.8%  ctrl-click (1,1) attempt 1
    4      377.2    8.0%  read the suggested price
    5     1439.6   30.5%  type the price 379,790
    6      908.7   19.3%  type the quantity 250
    7      285.5    6.0%  take the quantity from the net sales
    8       88.6    1.9%  read the price back before Register
    9      218.0    4.6%  click Register
   10       85.7    1.8%  find Confirmation
   11       19.0    0.4%  look for the underprice question
   12      199.3    4.2%  click Confirmation
   13        0.6    0.0%  park
   14       99.6    2.1%  confirm the dialog is gone
   15      167.9    3.6%  wait for the panel to let the item go
   16       16.4    0.3%  read tab 4 after the listing
          4719.2  100.0%  TOTAL
  listed 73 at 379,790; it lands in row 16
DONE {"kind": "relist", "row": 16, "lands_in": 16, "qty": 73, "price": 379790, "item": "Force Core (Ultimate"}
    relisted 73 at 379,790 in row 16
  row 17 is empty; nothing to relist
  row 18 is empty; nothing to relist
  row 19 is empty; nothing to relist
  row 20 is empty; nothing to relist
  row 21 is empty; nothing to relist
  row 22 is empty; nothing to relist
  row 23 is empty; nothing to relist
  row 24 is empty; nothing to relist
  row 25 is empty; nothing to relist

  relisting rows 1-25: 16 relisted, 9 empty, 0 skipped
    #          ms   share     n      each  phase
    1    78,862.7   51.6%    16   4,928.9  list it back
    2    27,554.8   18.0%    25   1,102.2  scroll to the row and read it
    3    19,931.8   13.0%    16   1,245.7  cancel the row and take it back
    4    13,969.4    9.1%    16     873.1  select inventory tab 4
    5     8,071.2    5.3%    25     322.8  Refresh the table
    6     2,258.5    1.5%     1   2,258.5  collect what sold
    7     1,528.3    1.0%     1   1,528.3  read tab 4 before the withdrawal
    8       300.1    0.2%    16      18.8  check the shop slot is empty
    9       264.6    0.2%     1     264.6  read the row again after collecting
        152,741.5  100.0%

  returning the game to its default state
restoring the default state:
  Escape: window closed
  Inventory already closed
  the gift box at [284, 994]
  Receive All at [1209, 786]
  the special giftbox's Receive at [1438, 492]
  Close at [1483, 846]
  pressed 2 Receive button(s); the gift box took 3,323 ms
  the Agent Shop is shut and the vendor is not open either; reopening it
  Inventory shut: slot grid 0.10, needs 0.33

  board after pass 7:
                                                   bought/u   listed/u  margin      row price
     1  Divine Stone                       x7             -    706,512       -        706,512
     2  Arionell                           x1    280,833,333 312,185,712  +10.0%    312,185,712
     3  Force Gem Package                  x1    187,222,222 191,999,999   +2.5%    191,999,999
     4  Chaos Core Set X 200               x1             -    733,879       -    146,775,999
     5  Chaos Core Set X 200               x1             -    733,878       -    146,775,799
     6  Chaos Core Set X 252               x1             -    733,877       -    184,937,255
     7  Chaos Core Set X 200               x1             -    733,876       -    146,775,399
     8  Chaos Core Set X 48                x1             -    733,875       -     35,226,047
     9  Chaos Core Set X 348               x1             -    733,874       -    255,388,499
    10  Chaos Core Set X 252               x1             -    733,873       -    184,936,247
    11  Force Core (Ultimate               x8             -    379,792       -        379,792
    12  Upgrade Core (Ultimate             x22            -    457,543       -        457,543
    13  Force Core (Ultimate               x83            -    379,791       -        379,791
    14  Upgrade Core (Ultimate             x34            -    457,542       -        457,542
    15  Upgrade Core (Ultimate             x10            -    457,541       -        457,541
    16  Force Core (Ultimate               x73            -    379,790       -        379,790
    26  Chaos Core Set X 399               x1             -    734,028       -    292,877,570
    27  Potion of Honor                    x2             -  7,250,000       -      7,250,000
    29  Chaos Core Set X 999               x1             -    734,033       -    733,299,964
    item                               rows   units          listed
    Arionell                              1       1     312,185,712
    Chaos Core Set                        9   2,898   2,126,992,779
    Divine Stone                          1       7       4,945,584
    Force Core (Ultimate                  3     164      62,285,659
    Force Gem Package                     1       1     191,999,999
    Potion of Honor                       1       2      14,500,000
    Upgrade Core (Ultimate                3      66      30,197,784
    board                                19   3,139   2,743,107,517
    balance now 105,391,645
  pass 7: 16 relisted, 9 empty, 0 skipped; 9978.8 minute(s) left

-- pass 8 --

  resupply order: Chaos Core, Force Core(High), Force Core(Highest), Upgrade Core (Ultimate), Force Core (Ultimate), Blessing Bead - Superior, Arionell

  counting only rows 1-25; rows outside it are not repriced and do not count; 9 row(s) free
  core                            rows     buy/u    sell/u    margin  wants   short?
  Force Core(Highest)                0   210,000   204,994    -5,006      0   
  Chaos Core                         7         -         -         -      -   holds the most it can want, 6; not priced
  Force Core (Ultimate)              3         -         -         -      -   holds the most it can want, 3; not priced
  Force Core(High)                   0   167,222   170,000     2,778      0   
  Upgrade Core (Ultimate)            3         -         -         -      -   holds the most it can want, 3; not priced

  nothing inside rows 1-25 holds fewer rows than its margin is worth.

  Blessing Bead - Superior: 0 row(s) inside 1-25, 1 wanted; none
    floor 163,632,222: 437/1000 of the 374,444,444 voucher, read at launch

-- Blessing Bead - Superior: 0 row(s) --
  9 row(s) free inside 1-25; buying 1 at the Cash Shop, one at a time
TASK {"kind": "resupply", "core": "Blessing Bead - Superior", "tab": 4}
  Inventory shut; pressing I (attempt 1)
  tab 4 holds 0 slot(s) and is showing, so the Blessing Bead - Superior lands there
  the Cash Shop icon at [348, 994]
  Useable at [844, 168]
    'Blessing Bead - Superior' is where it was measured, 0 notch(es) down the Useable tab
  'Blessing Bead - Superior' at 350 Cash; Purchase at [739, 520]
  the Cash balance box [1134, 826, 1230, 848] reads 300
  the gem box [930, 826, 1060, 848] reads 41
  Blessing Bead - Superior costs 350 gem(s) from a Force Gem Package; 41 held
  41 is under the 350 it costs; buying a Force Gem Package and using it first, so the row goes out in one purchase
  Escape to close the Cash Shop (attempt 1)
  Inventory shut; pressing I (attempt 1)
  tab 4 holds 0 slot(s) and is showing, so the Force Gem Package lands there
  the Cash Shop icon at [348, 994]
  Useable at [844, 168]
    'Force Gem Package' is where it was measured, 0 notch(es) down the Useable tab
  'Force Gem Package' at 500 Cash; Purchase at [739, 750]
  the Cash balance box [1134, 826, 1230, 848] reads 300
  a Force Gem Package costs 500 Cash; 300 Cash held
  300 Cash is under the 500 a Force Gem Package costs; buying a Gold voucher and using it first
  Escape to close the Cash Shop (attempt 1)
  the Agent Shop is shut and the vendor is not open either; reopening it
  Inventory shut: slot grid 0.09, needs 0.33
  Alz 105,391,645 held; even 1 Gold voucher at 374,444,444 needs 374,444,444; not buying.
  resupply of 'Blessing Bead - Superior' stopped: the Alz on hand does not cover a Gold voucher at about 374,444,444; no Cash can be made for Blessing Bead - Superior.

  Arionell: 1 row(s) inside 1-25, 1 wanted; row 2 'Arionell'
    floor 280,833,333: 750/1000 of the 374,444,444 voucher, read at launch
    the quantity column read 'Stone', which holds no digits, so it is the end of the name and not a count; reading the row as 'Divine Stone' and letting the panel count what is there
  row 1 has SOLD (partly); collecting
    the quantity column read 'Stone', which holds no digits, so it is the end of the name and not a count; reading the row as 'Divine Stone' and letting the panel count what is there
    collected; 3 left to relist
  tab 4 read from the screen in 1527 ms: 0 slot(s) held
  row 1: 'Divine Stone' x3 at 706,512 -> tab 4 slot (1, 1)
    the quantity column read 'Stone', which holds no digits, so it is the end of the name and not a count; reading the row as 'Divine Stone' and letting the panel count what is there
    no floor for 'Divine Stone'
TASK {"kind": "relist", "row": 1, "item": "Divine Stone", "qty": 3, "price": 706512, "tab": 4, "slot": [1, 1], "lands_in": 1}

  cancel row 1
    #         ms   share  step
    1      322.6    5.6%  click Refresh
    2        0.0    0.0%  scroll to the row
    3        0.0    0.0%  read the button of a row the run holds empty
    4      273.0    4.7%  read the row and its button
    5      553.8    9.6%  finish selecting inventory tab 4
    6     1526.9   26.5%  check tab 4 before the withdrawal
    7      362.6    6.3%  work out the row, its floor and where it lands
    8       18.9    0.3%  check the shop slot is empty
    9        0.0    0.0%  scroll to the row again
   10        0.0    0.0%  check the row is the one the run listed
   11      795.6   13.8%  hover over Change and click it
   12       90.6    1.6%  find Cancel
   13      222.3    3.9%  click Cancel
   14       93.3    1.6%  find Confirmation
   15      214.8    3.7%  click Confirmation and park
   16      106.0    1.8%  wait for the dialog to close
   17      306.0    5.3%  wait for the item to land in tab 4
   18      877.9   15.2%  select inventory tab 4 after the withdrawal
          5764.3  100.0%  TOTAL
  inventory slot (1,1) at (1475, 236)
    read: current min 706,513, price field 706,513, net sales 706,513, week average 706,521, listed at 706,512
    the lowest listed price is 706,513, from the row and 3 more
    market 706,513, typing 706,512, 1 under the market
    net sales 2,119,536 is 3 x 706,512
  typed 250; the net sales make it 3
    the panel holds 706,512 against the 706,512 typed
  tab 4 read in 16 ms after the listing: 0 slot(s) held

  list 3 at 706,512
    #         ms   share  step
    1       23.7    0.5%  read the panel before loading
    2        0.3    0.0%  wait for slot (1,1) to fill
    3      790.3   16.0%  ctrl-click (1,1) attempt 1
    4      384.0    7.8%  read the suggested price
    5     1440.9   29.1%  type the price 706,512
    6      908.0   18.4%  type the quantity 250
    7      281.8    5.7%  take the quantity from the net sales
    8       89.4    1.8%  read the price back before Register
    9      218.2    4.4%  click Register
   10      189.9    3.8%  find Confirmation
   11       17.6    0.4%  look for the underprice question
   12      308.6    6.2%  click Confirmation
   13        0.5    0.0%  park
   14      108.0    2.2%  confirm the dialog is gone
   15      166.6    3.4%  wait for the panel to let the item go
   16       16.5    0.3%  read tab 4 after the listing
          4944.2  100.0%  TOTAL
  listed 3 at 706,512; it lands in row 1
DONE {"kind": "relist", "row": 1, "lands_in": 1, "qty": 3, "price": 706512, "item": "Divine Stone"}
    relisted 3 at 706,512 in row 1
  tab 4 known from the last listing: 0 slot(s) held
  row 2: 'Arionell' x1 at 312,185,712 -> tab 4 slot (1, 1)
    floor 280,833,333 from what it cost; listed at 312,185,712, above it
TASK {"kind": "relist", "row": 2, "item": "Arionell", "qty": 1, "price": 312185712, "tab": 4, "slot": [1, 1], "lands_in": 2}

  cancel row 2
    #         ms   share  step
    1      322.1    9.5%  click Refresh
    2      371.6   10.9%  scroll to the row
    3        0.0    0.0%  read the button of a row the run holds empty
    4      155.2    4.6%  read the row and its button
    5      517.4   15.2%  finish selecting inventory tab 4
    6        0.2    0.0%  check tab 4 before the withdrawal
    7        2.6    0.1%  work out the row, its floor and where it lands
    8       21.4    0.6%  check the shop slot is empty
    9        0.0    0.0%  scroll to the row again
   10        0.0    0.0%  check the row is the one the run listed
   11      291.4    8.6%  hover over Change and click it
   12       84.3    2.5%  find Cancel
   13      219.3    6.5%  click Cancel
   14       91.0    2.7%  find Confirmation
   15      216.8    6.4%  click Confirmation and park
   16       99.7    2.9%  wait for the dialog to close
   17      129.1    3.8%  wait for the item to land in tab 4
   18      873.8   25.7%  select inventory tab 4 after the withdrawal
          3395.9  100.0%  TOTAL
  inventory slot (1,1) at (1475, 236)
    read: current min 312,185,713, price field unread, net sales unread, week average unread, listed at 312,185,712
    only 1 of the three price places read; 3 must agree before anything is typed
    read: current min 312,185,713, price field 312,185,713, net sales 312,185,713, week average 292,773,213, listed at 312,185,712
    the lowest listed price is 312,185,713, from the row and 3 more
    market 312,185,713, typing 312,185,712, 1 under the market
    net sales 312,185,712 is 1 x 312,185,712
  typed 250; the net sales make it 1
    the panel holds 312,185,712 against the 312,185,712 typed
  tab 4 read in 17 ms after the listing: 0 slot(s) held

  list 1 at 312,185,712
    #         ms   share  step
    1       23.7    0.5%  read the panel before loading
    2        0.1    0.0%  wait for slot (1,1) to fill
    3      793.1   15.5%  ctrl-click (1,1) attempt 1
    4      574.0   11.2%  read the suggested price
    5     1648.3   32.1%  type the price 312,185,712
    6      907.8   17.7%  type the quantity 250
    7      286.9    5.6%  take the quantity from the net sales
    8       92.7    1.8%  read the price back before Register
    9      212.0    4.1%  click Register
   10       89.4    1.7%  find Confirmation
   11       16.7    0.3%  look for the underprice question
   12      198.8    3.9%  click Confirmation
   13        0.5    0.0%  park
   14      103.6    2.0%  confirm the dialog is gone
   15      166.8    3.3%  wait for the panel to let the item go
   16       16.6    0.3%  read tab 4 after the listing
          5131.1  100.0%  TOTAL
  listed 1 at 312,185,712; it lands in row 2
DONE {"kind": "relist", "row": 2, "lands_in": 2, "qty": 1, "price": 312185712, "item": "Arionell"}
    relisted 1 at 312,185,712 in row 2
  tab 4 known from the last listing: 0 slot(s) held
  row 3: 'Force Gem Package' x1 at 191,999,999 -> tab 4 slot (1, 1)
    floor 187,222,222 from what it cost; listed at 191,999,999, above it
TASK {"kind": "relist", "row": 3, "item": "Force Gem Package", "qty": 1, "price": 191999999, "tab": 4, "slot": [1, 1], "lands_in": 3}

  cancel row 3
    #         ms   share  step
    1      323.0    9.5%  click Refresh
    2      371.6   11.0%  scroll to the row
    3        0.0    0.0%  read the button of a row the run holds empty
    4      139.4    4.1%  read the row and its button
    5      517.0   15.2%  finish selecting inventory tab 4
    6        0.5    0.0%  check tab 4 before the withdrawal
    7        2.8    0.1%  work out the row, its floor and where it lands
    8       20.1    0.6%  check the shop slot is empty
    9        0.0    0.0%  scroll to the row again
   10        0.0    0.0%  check the row is the one the run listed
   11      289.4    8.5%  hover over Change and click it
   12       92.8    2.7%  find Cancel
   13      220.2    6.5%  click Cancel
   14       94.2    2.8%  find Confirmation
   15      214.0    6.3%  click Confirmation and park
   16      104.5    3.1%  wait for the dialog to close
   17      129.0    3.8%  wait for the item to land in tab 4
   18      873.7   25.8%  select inventory tab 4 after the withdrawal
          3392.5  100.0%  TOTAL
  inventory slot (1,1) at (1475, 236)
    read: current min 192,000,000, price field 192,000,000, net sales 192,000,000, week average 189,265,820, listed at 191,999,999
    the lowest listed price is 192,000,000, from the row and 3 more
    market 192,000,000, typing 191,999,999, 1 under the market
    net sales 191,999,999 is 1 x 191,999,999
  typed 250; the net sales make it 1
    the panel holds 191,999,999 against the 191,999,999 typed
  tab 4 read in 21 ms after the listing: 0 slot(s) held

  list 1 at 191,999,999
    #         ms   share  step
    1       24.2    0.5%  read the panel before loading
    2        0.1    0.0%  wait for slot (1,1) to fill
    3      792.9   15.4%  ctrl-click (1,1) attempt 1
    4      381.5    7.4%  read the suggested price
    5     1653.2   32.1%  type the price 191,999,999
    6      909.4   17.6%  type the quantity 250
    7      285.5    5.5%  take the quantity from the net sales
    8       88.5    1.7%  read the price back before Register
    9      217.1    4.2%  click Register
   10      177.6    3.4%  find Confirmation
   11       16.2    0.3%  look for the underprice question
   12      307.3    6.0%  click Confirmation
   13        0.8    0.0%  park
   14      105.7    2.1%  confirm the dialog is gone
   15      175.8    3.4%  wait for the panel to let the item go
   16       20.7    0.4%  read tab 4 after the listing
          5156.6  100.0%  TOTAL
  listed 1 at 191,999,999; it lands in row 3
DONE {"kind": "relist", "row": 3, "lands_in": 3, "qty": 1, "price": 191999999, "item": "Force Gem Package"}
    relisted 1 at 191,999,999 in row 3
  tab 4 known from the last listing: 0 slot(s) held
  row 4: 'Chaos Core Set X 200' x1 at 146,775,999 -> tab 4 slot (1, 1)
    floor 146,194,800 (730,974 x 200) from Chaos Core as last bought; listed at 146,775,999, above it
TASK {"kind": "relist", "row": 4, "item": "Chaos Core Set X 200", "qty": 1, "price": 146775999, "tab": 4, "slot": [1, 1], "lands_in": 4}

  cancel row 4
    #         ms   share  step
    1      322.2    9.4%  click Refresh
    2      371.2   10.9%  scroll to the row
    3        0.0    0.0%  read the button of a row the run holds empty
    4      133.7    3.9%  read the row and its button
    5      517.1   15.1%  finish selecting inventory tab 4
    6        0.1    0.0%  check tab 4 before the withdrawal
    7        3.5    0.1%  work out the row, its floor and where it lands
    8       19.3    0.6%  check the shop slot is empty
    9        0.0    0.0%  scroll to the row again
   10        0.0    0.0%  check the row is the one the run listed
   11      289.1    8.5%  hover over Change and click it
   12       94.0    2.8%  find Cancel
   13      219.1    6.4%  click Cancel
   14       94.8    2.8%  find Confirmation
   15      218.7    6.4%  click Confirmation and park
   16      102.9    3.0%  wait for the dialog to close
   17      155.2    4.5%  wait for the item to land in tab 4
   18      873.0   25.6%  select inventory tab 4 after the withdrawal
          3413.9  100.0%  TOTAL
  inventory slot (1,1) at (1475, 236)
    read: current min 146,773,400, price field 146,773,400, net sales 146,773,400, week average 146,822,000, listed at 146,775,999
    the lowest listed price is 146,773,400, from the row and 3 more
    market 146,773,400, typing 146,773,399, 1 under the market
    net sales 146,773,399 is 1 x 146,773,399
  typed 250; the net sales make it 1
    the panel holds 146,773,399 against the 146,773,399 typed
  tab 4 read in 18 ms after the listing: 0 slot(s) held

  list 1 at 146,773,399
    #         ms   share  step
    1       23.1    0.5%  read the panel before loading
    2        0.1    0.0%  wait for slot (1,1) to fill
    3      790.5   16.0%  ctrl-click (1,1) attempt 1
    4      374.8    7.6%  read the suggested price
    5     1657.9   33.5%  type the price 146,773,399
    6      907.9   18.3%  type the quantity 250
    7      284.5    5.7%  take the quantity from the net sales
    8       87.5    1.8%  read the price back before Register
    9      221.7    4.5%  click Register
   10       88.2    1.8%  find Confirmation
   11       16.0    0.3%  look for the underprice question
   12      201.0    4.1%  click Confirmation
   13        0.7    0.0%  park
   14      109.6    2.2%  confirm the dialog is gone
   15      172.0    3.5%  wait for the panel to let the item go
   16       17.9    0.4%  read tab 4 after the listing
          4953.4  100.0%  TOTAL
  listed 1 at 146,773,399; it lands in row 4
DONE {"kind": "relist", "row": 4, "lands_in": 4, "qty": 1, "price": 146773399, "item": "Chaos Core Set X 200"}
    relisted 1 at 146,773,399 in row 4
  tab 4 known from the last listing: 0 slot(s) held
  row 5: 'Chaos Core Set X 200' x1 at 146,775,799 -> tab 4 slot (1, 1)
    floor 146,194,800 (730,974 x 200) from Chaos Core as last bought; listed at 146,775,799, above it
TASK {"kind": "relist", "row": 5, "item": "Chaos Core Set X 200", "qty": 1, "price": 146775799, "tab": 4, "slot": [1, 1], "lands_in": 5}

  cancel row 5
    #         ms   share  step
    1      322.5    9.4%  click Refresh
    2      371.2   10.8%  scroll to the row
    3        0.0    0.0%  read the button of a row the run holds empty
    4      181.6    5.3%  read the row and its button
    5      516.6   15.0%  finish selecting inventory tab 4
    6        0.2    0.0%  check tab 4 before the withdrawal
    7        4.0    0.1%  work out the row, its floor and where it lands
    8       18.0    0.5%  check the shop slot is empty
    9        0.0    0.0%  scroll to the row again
   10        0.0    0.0%  check the row is the one the run listed
   11      292.0    8.5%  hover over Change and click it
   12       91.3    2.6%  find Cancel
   13      217.4    6.3%  click Cancel
   14       89.8    2.6%  find Confirmation
   15      214.8    6.2%  click Confirmation and park
   16      104.0    3.0%  wait for the dialog to close
   17      150.7    4.4%  wait for the item to land in tab 4
   18      872.8   25.3%  select inventory tab 4 after the withdrawal
          3447.0  100.0%  TOTAL
  inventory slot (1,1) at (1475, 236)
    read: current min 146,773,200, price field 146,773,200, net sales 146,773,200, week average 146,822,000, listed at 146,775,799
    the lowest listed price is 146,773,200, from the row and 3 more
    market 146,773,200, typing 146,773,199, 1 under the market
    net sales 146,773,199 is 1 x 146,773,199
  typed 250; the net sales make it 1
    the panel holds 146,773,199 against the 146,773,199 typed
  tab 4 read in 16 ms after the listing: 0 slot(s) held

  list 1 at 146,773,199
    #         ms   share  step
    1       29.0    0.6%  read the panel before loading
    2        0.1    0.0%  wait for slot (1,1) to fill
    3      792.1   15.9%  ctrl-click (1,1) attempt 1
    4      388.7    7.8%  read the suggested price
    5     1651.2   33.2%  type the price 146,773,199
    6      911.7   18.4%  type the quantity 250
    7      287.3    5.8%  take the quantity from the net sales
    8       86.0    1.7%  read the price back before Register
    9      220.0    4.4%  click Register
   10       91.8    1.8%  find Confirmation
   11       18.4    0.4%  look for the underprice question
   12      196.5    4.0%  click Confirmation
   13        0.6    0.0%  park
   14      107.3    2.2%  confirm the dialog is gone
   15      171.1    3.4%  wait for the panel to let the item go
   16       16.4    0.3%  read tab 4 after the listing
          4968.2  100.0%  TOTAL
  listed 1 at 146,773,199; it lands in row 5
DONE {"kind": "relist", "row": 5, "lands_in": 5, "qty": 1, "price": 146773199, "item": "Chaos Core Set X 200"}
    relisted 1 at 146,773,199 in row 5
  tab 4 known from the last listing: 0 slot(s) held
  row 6: 'Chaos Core Set X 252' x1 at 184,937,255 -> tab 4 slot (1, 1)
    floor 184,205,448 (730,974 x 252) from Chaos Core as last bought; listed at 184,937,255, above it
TASK {"kind": "relist", "row": 6, "item": "Chaos Core Set X 252", "qty": 1, "price": 184937255, "tab": 4, "slot": [1, 1], "lands_in": 6}

  cancel row 6
    #         ms   share  step
    1      322.6    9.6%  click Refresh
    2      371.2   11.0%  scroll to the row
    3        0.0    0.0%  read the button of a row the run holds empty
    4      139.5    4.1%  read the row and its button
    5      516.7   15.3%  finish selecting inventory tab 4
    6        0.2    0.0%  check tab 4 before the withdrawal
    7        3.0    0.1%  work out the row, its floor and where it lands
    8       18.0    0.5%  check the shop slot is empty
    9        0.0    0.0%  scroll to the row again
   10        0.0    0.0%  check the row is the one the run listed
   11      291.0    8.6%  hover over Change and click it
   12       86.1    2.6%  find Cancel
   13      218.0    6.5%  click Cancel
   14       88.6    2.6%  find Confirmation
   15      216.9    6.4%  click Confirmation and park
   16      103.5    3.1%  wait for the dialog to close
   17      124.7    3.7%  wait for the item to land in tab 4
   18      873.2   25.9%  select inventory tab 4 after the withdrawal
          3373.0  100.0%  TOTAL
  inventory slot (1,1) at (1475, 236)
    read: current min 184,933,980, price field 184,933,980, net sales 184,933,980, week average 184,995,720, listed at 184,937,255
    the lowest listed price is 184,933,980, from the row and 3 more
    market 184,933,980, typing 184,933,979, 1 under the market
    net sales 184,933,979 is 1 x 184,933,979
  typed 250; the net sales make it 1
    the panel holds 184,933,979 against the 184,933,979 typed
  tab 4 read in 20 ms after the listing: 0 slot(s) held

  list 1 at 184,933,979
    #         ms   share  step
    1       22.8    0.4%  read the panel before loading
    2        0.1    0.0%  wait for slot (1,1) to fill
    3      789.2   15.3%  ctrl-click (1,1) attempt 1
    4      382.5    7.4%  read the suggested price
    5     1653.3   32.0%  type the price 184,933,979
    6      908.5   17.6%  type the quantity 250
    7      288.8    5.6%  take the quantity from the net sales
    8       90.9    1.8%  read the price back before Register
    9      216.0    4.2%  click Register
   10      181.9    3.5%  find Confirmation
   11       17.5    0.3%  look for the underprice question
   12      309.4    6.0%  click Confirmation
   13        0.6    0.0%  park
   14      104.8    2.0%  confirm the dialog is gone
   15      174.1    3.4%  wait for the panel to let the item go
   16       20.1    0.4%  read tab 4 after the listing
          5160.5  100.0%  TOTAL
  listed 1 at 184,933,979; it lands in row 6
DONE {"kind": "relist", "row": 6, "lands_in": 6, "qty": 1, "price": 184933979, "item": "Chaos Core Set X 252"}
    relisted 1 at 184,933,979 in row 6
  tab 4 known from the last listing: 0 slot(s) held
  row 7: 'Chaos Core Set X 200' x1 at 146,775,399 -> tab 4 slot (1, 1)
    floor 146,194,800 (730,974 x 200) from Chaos Core as last bought; listed at 146,775,399, above it
TASK {"kind": "relist", "row": 7, "item": "Chaos Core Set X 200", "qty": 1, "price": 146775399, "tab": 4, "slot": [1, 1], "lands_in": 7}

  cancel row 7
    #         ms   share  step
    1      322.7    9.4%  click Refresh
    2      371.4   10.8%  scroll to the row
    3        0.0    0.0%  read the button of a row the run holds empty
    4      173.4    5.1%  read the row and its button
    5      516.0   15.0%  finish selecting inventory tab 4
    6        0.2    0.0%  check tab 4 before the withdrawal
    7        3.5    0.1%  work out the row, its floor and where it lands
    8       21.4    0.6%  check the shop slot is empty
    9        0.0    0.0%  scroll to the row again
   10        0.0    0.0%  check the row is the one the run listed
   11      289.3    8.4%  hover over Change and click it
   12       87.2    2.5%  find Cancel
   13      218.3    6.4%  click Cancel
   14       87.5    2.5%  find Confirmation
   15      216.1    6.3%  click Confirmation and park
   16      110.9    3.2%  wait for the dialog to close
   17      142.8    4.2%  wait for the item to land in tab 4
   18      872.9   25.4%  select inventory tab 4 after the withdrawal
          3433.8  100.0%  TOTAL
  inventory slot (1,1) at (1475, 236)
    read: current min 146,772,800, price field 146,772,800, net sales 146,772,800, week average 146,822,000, listed at 146,775,399
    the lowest listed price is 146,772,800, from the row and 3 more
    market 146,772,800, typing 146,772,799, 1 under the market
    net sales 146,772,799 is 1 x 146,772,799
  typed 250; the net sales make it 1
    the panel holds 146,772,799 against the 146,772,799 typed
  tab 4 read in 17 ms after the listing: 0 slot(s) held

  list 1 at 146,772,799
    #         ms   share  step
    1       25.3    0.5%  read the panel before loading
    2        0.1    0.0%  wait for slot (1,1) to fill
    3      793.7   15.4%  ctrl-click (1,1) attempt 1
    4      376.5    7.3%  read the suggested price
    5     1653.2   32.2%  type the price 146,772,799
    6      909.1   17.7%  type the quantity 250
    7      286.7    5.6%  take the quantity from the net sales
    8       87.9    1.7%  read the price back before Register
    9      216.3    4.2%  click Register
   10      180.8    3.5%  find Confirmation
   11       16.2    0.3%  look for the underprice question
   12      307.5    6.0%  click Confirmation
   13        0.5    0.0%  park
   14      102.6    2.0%  confirm the dialog is gone
   15      168.6    3.3%  wait for the panel to let the item go
   16       16.7    0.3%  read tab 4 after the listing
          5141.8  100.0%  TOTAL
  listed 1 at 146,772,799; it lands in row 7
DONE {"kind": "relist", "row": 7, "lands_in": 7, "qty": 1, "price": 146772799, "item": "Chaos Core Set X 200"}
    relisted 1 at 146,772,799 in row 7
  tab 4 known from the last listing: 0 slot(s) held
  row 8: 'Chaos Core Set X 48' x1 at 35,226,047 -> tab 4 slot (1, 1)
    floor 35,086,752 (730,974 x 48) from Chaos Core as last bought; listed at 35,226,047, above it
TASK {"kind": "relist", "row": 8, "item": "Chaos Core Set X 48", "qty": 1, "price": 35226047, "tab": 4, "slot": [1, 1], "lands_in": 8}

  cancel row 8
    #         ms   share  step
    1      322.9    9.1%  click Refresh
    2      371.5   10.4%  scroll to the row
    3        0.0    0.0%  read the button of a row the run holds empty
    4      131.6    3.7%  read the row and its button
    5      516.7   14.5%  finish selecting inventory tab 4
    6        0.2    0.0%  check tab 4 before the withdrawal
    7        3.1    0.1%  work out the row, its floor and where it lands
    8       19.1    0.5%  check the shop slot is empty
    9        0.0    0.0%  scroll to the row again
   10        0.0    0.0%  check the row is the one the run listed
   11      288.3    8.1%  hover over Change and click it
   12      189.0    5.3%  find Cancel
   13      308.1    8.6%  click Cancel
   14       89.3    2.5%  find Confirmation
   15      219.7    6.2%  click Confirmation and park
   16      122.2    3.4%  wait for the dialog to close
   17      107.8    3.0%  wait for the item to land in tab 4
   18      873.0   24.5%  select inventory tab 4 after the withdrawal
          3562.3  100.0%  TOTAL
  inventory slot (1,1) at (1475, 236)
    read: current min 35,225,424, price field 35,225,424, net sales 35,225,424, week average 35,237,280, listed at 35,226,047
    the lowest listed price is 35,225,424, from the row and 3 more
    market 35,225,424, typing 35,225,423, 1 under the market
    net sales 35,225,423 is 1 x 35,225,423
  typed 250; the net sales make it 1
    the panel holds 35,225,423 against the 35,225,423 typed
  tab 4 read in 17 ms after the listing: 0 slot(s) held

  list 1 at 35,225,423
    #         ms   share  step
    1       23.4    0.5%  read the panel before loading
    2        0.1    0.0%  wait for slot (1,1) to fill
    3      790.0   16.2%  ctrl-click (1,1) attempt 1
    4      385.5    7.9%  read the suggested price
    5     1579.9   32.4%  type the price 35,225,423
    6      910.0   18.7%  type the quantity 250
    7      287.7    5.9%  take the quantity from the net sales
    8       88.2    1.8%  read the price back before Register
    9      215.8    4.4%  click Register
   10       87.7    1.8%  find Confirmation
   11       15.6    0.3%  look for the underprice question
   12      202.0    4.1%  click Confirmation
   13        0.6    0.0%  park
   14       99.8    2.1%  confirm the dialog is gone
   15      166.5    3.4%  wait for the panel to let the item go
   16       16.5    0.3%  read tab 4 after the listing
          4869.1  100.0%  TOTAL
  listed 1 at 35,225,423; it lands in row 8
DONE {"kind": "relist", "row": 8, "lands_in": 8, "qty": 1, "price": 35225423, "item": "Chaos Core Set X 48"}
    relisted 1 at 35,225,423 in row 8
  tab 4 known from the last listing: 0 slot(s) held
  row 9: 'Chaos Core Set X 348' x1 at 255,388,499 -> tab 4 slot (1, 1)
    floor 254,378,952 (730,974 x 348) from Chaos Core as last bought; listed at 255,388,499, above it
TASK {"kind": "relist", "row": 9, "item": "Chaos Core Set X 348", "qty": 1, "price": 255388499, "tab": 4, "slot": [1, 1], "lands_in": 9}

  cancel row 9
    #         ms   share  step
    1      322.3    9.0%  click Refresh
    2      371.5   10.3%  scroll to the row
    3        0.0    0.0%  read the button of a row the run holds empty
    4      137.6    3.8%  read the row and its button
    5      516.6   14.4%  finish selecting inventory tab 4
    6        0.2    0.0%  check tab 4 before the withdrawal
    7        3.3    0.1%  work out the row, its floor and where it lands
    8       20.7    0.6%  check the shop slot is empty
    9        0.0    0.0%  scroll to the row again
   10        0.0    0.0%  check the row is the one the run listed
   11      288.1    8.0%  hover over Change and click it
   12       85.8    2.4%  find Cancel
   13      218.8    6.1%  click Cancel
   14      175.3    4.9%  find Confirmation
   15      305.2    8.5%  click Confirmation and park
   16      107.8    3.0%  wait for the dialog to close
   17      170.7    4.7%  wait for the item to land in tab 4
   18      872.8   24.3%  select inventory tab 4 after the withdrawal
          3596.7  100.0%  TOTAL
  inventory slot (1,1) at (1475, 236)
    read: current min 255,383,976, price field unread, net sales unread, week average unread, listed at 255,388,499
    only 1 of the three price places read; 3 must agree before anything is typed
    read: current min 255,383,976, price field 255,383,976, net sales 255,383,976, week average 255,470,280, listed at 255,388,499
    the lowest listed price is 255,383,976, from the row and 3 more
    market 255,383,976, typing 255,383,975, 1 under the market
    net sales 255,383,975 is 1 x 255,383,975
  typed 250; the net sales make it 1
    the panel holds 255,383,975 against the 255,383,975 typed
  tab 4 read in 17 ms after the listing: 0 slot(s) held

  list 1 at 255,383,975
    #         ms   share  step
    1       24.3    0.5%  read the panel before loading
    2        0.1    0.0%  wait for slot (1,1) to fill
    3      790.0   15.4%  ctrl-click (1,1) attempt 1
    4      559.1   10.9%  read the suggested price
    5     1646.6   32.2%  type the price 255,383,975
    6      906.9   17.7%  type the quantity 250
    7      294.1    5.7%  take the quantity from the net sales
    8       87.0    1.7%  read the price back before Register
    9      216.3    4.2%  click Register
   10       86.7    1.7%  find Confirmation
   11       18.1    0.4%  look for the underprice question
   12      199.6    3.9%  click Confirmation
   13        0.6    0.0%  park
   14      104.1    2.0%  confirm the dialog is gone
   15      167.0    3.3%  wait for the panel to let the item go
   16       17.0    0.3%  read tab 4 after the listing
          5117.5  100.0%  TOTAL
  listed 1 at 255,383,975; it lands in row 9
DONE {"kind": "relist", "row": 9, "lands_in": 9, "qty": 1, "price": 255383975, "item": "Chaos Core Set X 348"}
    relisted 1 at 255,383,975 in row 9
  tab 4 known from the last listing: 0 slot(s) held
  row 10: 'Chaos Core Set X 252' x1 at 184,936,247 -> tab 4 slot (1, 1)
    floor 184,205,448 (730,974 x 252) from Chaos Core as last bought; listed at 184,936,247, above it
TASK {"kind": "relist", "row": 10, "item": "Chaos Core Set X 252", "qty": 1, "price": 184936247, "tab": 4, "slot": [1, 1], "lands_in": 10}

  cancel row 10
    #         ms   share  step
    1      322.3    9.4%  click Refresh
    2      371.6   10.8%  scroll to the row
    3        0.0    0.0%  read the button of a row the run holds empty
    4      138.7    4.0%  read the row and its button
    5      520.4   15.2%  finish selecting inventory tab 4
    6        0.2    0.0%  check tab 4 before the withdrawal
    7        3.7    0.1%  work out the row, its floor and where it lands
    8       16.5    0.5%  check the shop slot is empty
    9        0.0    0.0%  scroll to the row again
   10        0.0    0.0%  check the row is the one the run listed
   11      292.0    8.5%  hover over Change and click it
   12       91.3    2.7%  find Cancel
   13      220.7    6.4%  click Cancel
   14       88.8    2.6%  find Confirmation
   15      220.2    6.4%  click Confirmation and park
   16       99.1    2.9%  wait for the dialog to close
   17      167.6    4.9%  wait for the item to land in tab 4
   18      873.7   25.5%  select inventory tab 4 after the withdrawal
          3426.7  100.0%  TOTAL
  inventory slot (1,1) at (1475, 236)
    read: current min 184,932,972, price field 184,932,972, net sales 184,932,972, week average 184,995,720, listed at 184,936,247
    the lowest listed price is 184,932,972, from the row and 3 more
    market 184,932,972, typing 184,932,971, 1 under the market
    net sales 184,932,971 is 1 x 184,932,971
  typed 250; the net sales make it 1
    the panel holds 184,932,971 against the 184,932,971 typed
  tab 4 read in 17 ms after the listing: 0 slot(s) held

  list 1 at 184,932,971
    #         ms   share  step
    1       28.8    0.6%  read the panel before loading
    2        0.1    0.0%  wait for slot (1,1) to fill
    3      793.2   15.4%  ctrl-click (1,1) attempt 1
    4      386.0    7.5%  read the suggested price
    5     1656.1   32.1%  type the price 184,932,971
    6      914.3   17.7%  type the quantity 250
    7      296.0    5.7%  take the quantity from the net sales
    8       86.7    1.7%  read the price back before Register
    9      215.7    4.2%  click Register
   10      182.9    3.5%  find Confirmation
   11       17.3    0.3%  look for the underprice question
   12      309.5    6.0%  click Confirmation
   13        0.6    0.0%  park
   14       95.5    1.8%  confirm the dialog is gone
   15      166.7    3.2%  wait for the panel to let the item go
   16       16.8    0.3%  read tab 4 after the listing
          5166.1  100.0%  TOTAL
  listed 1 at 184,932,971; it lands in row 10
DONE {"kind": "relist", "row": 10, "lands_in": 10, "qty": 1, "price": 184932971, "item": "Chaos Core Set X 252"}
    relisted 1 at 184,932,971 in row 10
  tab 4 known from the last listing: 0 slot(s) held
  row 11: 'Force Core (Ultimate' x8 at 379,792 -> tab 4 slot (1, 1)
    floor 355,544 (355,544 x 1) from Force Core Set (Ultimate) as last bought; listed at 379,792, above it
TASK {"kind": "relist", "row": 11, "item": "Force Core (Ultimate", "qty": 8, "price": 379792, "tab": 4, "slot": [1, 1], "lands_in": 11}

  cancel row 11
    #         ms   share  step
    1      322.6    9.5%  click Refresh
    2      371.5   11.0%  scroll to the row
    3        0.0    0.0%  read the button of a row the run holds empty
    4      115.7    3.4%  read the row and its button
    5      517.3   15.3%  finish selecting inventory tab 4
    6        0.2    0.0%  check tab 4 before the withdrawal
    7        3.1    0.1%  work out the row, its floor and where it lands
    8       18.6    0.5%  check the shop slot is empty
    9        0.0    0.0%  scroll to the row again
   10        0.0    0.0%  check the row is the one the run listed
   11      295.0    8.7%  hover over Change and click it
   12       91.5    2.7%  find Cancel
   13      219.2    6.5%  click Cancel
   14       89.5    2.6%  find Confirmation
   15      217.3    6.4%  click Confirmation and park
   16      107.7    3.2%  wait for the dialog to close
   17      142.2    4.2%  wait for the item to land in tab 4
   18      872.6   25.8%  select inventory tab 4 after the withdrawal
          3383.9  100.0%  TOTAL
  inventory slot (1,1) at (1475, 236)
    read: current min 379,787, price field 379,787, net sales 379,787, week average 385,330, listed at 379,792
    the lowest listed price is 379,787, from the row and 3 more
    market 379,787, typing 379,786, 1 under the market
    net sales 3,038,288 is 8 x 379,786
  typed 250; the net sales make it 8
    the panel holds 379,786 against the 379,786 typed
  tab 4 read in 20 ms after the listing: 0 slot(s) held

  list 8 at 379,786
    #         ms   share  step
    1       24.0    0.5%  read the panel before loading
    2        0.1    0.0%  wait for slot (1,1) to fill
    3      795.0   16.8%  ctrl-click (1,1) attempt 1
    4      387.6    8.2%  read the suggested price
    5     1436.3   30.3%  type the price 379,786
    6      908.4   19.1%  type the quantity 250
    7      284.1    6.0%  take the quantity from the net sales
    8       87.4    1.8%  read the price back before Register
    9      221.3    4.7%  click Register
   10       89.9    1.9%  find Confirmation
   11       18.6    0.4%  look for the underprice question
   12      196.3    4.1%  click Confirmation
   13        0.6    0.0%  park
   14      104.0    2.2%  confirm the dialog is gone
   15      170.9    3.6%  wait for the panel to let the item go
   16       19.8    0.4%  read tab 4 after the listing
          4744.3  100.0%  TOTAL
  listed 8 at 379,786; it lands in row 11
DONE {"kind": "relist", "row": 11, "lands_in": 11, "qty": 8, "price": 379786, "item": "Force Core (Ultimate"}
    relisted 8 at 379,786 in row 11
  tab 4 known from the last listing: 0 slot(s) held
  row 12: 'Upgrade Core (Ultimate' x22 at 457,543 -> tab 4 slot (1, 1)
    floor 441,177 (441,177 x 1) from Upgrade Core Set (Ultimate) as last bought; listed at 457,543, above it
TASK {"kind": "relist", "row": 12, "item": "Upgrade Core (Ultimate", "qty": 22, "price": 457543, "tab": 4, "slot": [1, 1], "lands_in": 12}

  cancel row 12
    #         ms   share  step
    1      322.5    9.5%  click Refresh
    2      371.3   11.0%  scroll to the row
    3        0.0    0.0%  read the button of a row the run holds empty
    4      133.3    3.9%  read the row and its button
    5      516.7   15.3%  finish selecting inventory tab 4
    6        0.2    0.0%  check tab 4 before the withdrawal
    7        3.0    0.1%  work out the row, its floor and where it lands
    8       17.8    0.5%  check the shop slot is empty
    9        0.0    0.0%  scroll to the row again
   10        0.0    0.0%  check the row is the one the run listed
   11      291.8    8.6%  hover over Change and click it
   12       87.3    2.6%  find Cancel
   13      220.4    6.5%  click Cancel
   14       89.8    2.7%  find Confirmation
   15      218.9    6.5%  click Confirmation and park
   16      107.3    3.2%  wait for the dialog to close
   17      127.0    3.8%  wait for the item to land in tab 4
   18      873.4   25.8%  select inventory tab 4 after the withdrawal
          3380.8  100.0%  TOTAL
  inventory slot (1,1) at (1475, 236)
    read: current min 457,537, price field 457,537, net sales 457,537, week average 467,575, listed at 457,543
    the lowest listed price is 457,537, from the row and 3 more
    market 457,537, typing 457,536, 1 under the market
    net sales 10,065,792 is 22 x 457,536
  typed 250; the net sales make it 22
    the panel holds 457,536 against the 457,536 typed
  tab 4 read in 22 ms after the listing: 0 slot(s) held

  list 22 at 457,536
    #         ms   share  step
    1       23.7    0.5%  read the panel before loading
    2        0.1    0.0%  wait for slot (1,1) to fill
    3      796.4   16.7%  ctrl-click (1,1) attempt 1
    4      389.0    8.1%  read the suggested price
    5     1441.1   30.2%  type the price 457,536
    6      912.1   19.1%  type the quantity 250
    7      282.9    5.9%  take the quantity from the net sales
    8       87.7    1.8%  read the price back before Register
    9      222.3    4.7%  click Register
   10       95.0    2.0%  find Confirmation
   11       16.9    0.4%  look for the underprice question
   12      197.1    4.1%  click Confirmation
   13        0.6    0.0%  park
   14      121.7    2.5%  confirm the dialog is gone
   15      168.5    3.5%  wait for the panel to let the item go
   16       21.5    0.5%  read tab 4 after the listing
          4776.6  100.0%  TOTAL
  listed 22 at 457,536; it lands in row 12
DONE {"kind": "relist", "row": 12, "lands_in": 12, "qty": 22, "price": 457536, "item": "Upgrade Core (Ultimate"}
    relisted 22 at 457,536 in row 12
  tab 4 known from the last listing: 0 slot(s) held
  row 13: 'Force Core (Ultimate' x83 at 379,791 -> tab 4 slot (1, 1)
    floor 355,544 (355,544 x 1) from Force Core Set (Ultimate) as last bought; listed at 379,791, above it
TASK {"kind": "relist", "row": 13, "item": "Force Core (Ultimate", "qty": 83, "price": 379791, "tab": 4, "slot": [1, 1], "lands_in": 13}

  cancel row 13
    #         ms   share  step
    1      323.1    9.6%  click Refresh
    2      371.6   11.1%  scroll to the row
    3        0.0    0.0%  read the button of a row the run holds empty
    4      125.4    3.7%  read the row and its button
    5      518.4   15.4%  finish selecting inventory tab 4
    6        0.1    0.0%  check tab 4 before the withdrawal
    7        3.9    0.1%  work out the row, its floor and where it lands
    8       18.0    0.5%  check the shop slot is empty
    9        0.0    0.0%  scroll to the row again
   10        0.0    0.0%  check the row is the one the run listed
   11      290.3    8.6%  hover over Change and click it
   12       85.0    2.5%  find Cancel
   13      220.5    6.6%  click Cancel
   14       89.3    2.7%  find Confirmation
   15      218.5    6.5%  click Confirmation and park
   16      109.8    3.3%  wait for the dialog to close
   17      111.6    3.3%  wait for the item to land in tab 4
   18      873.9   26.0%  select inventory tab 4 after the withdrawal
          3359.5  100.0%  TOTAL
  inventory slot (1,1) at (1475, 236)
    read: current min 379,786, price field 379,786, net sales 379,786, week average 385,330, listed at 379,791
    the lowest listed price is 379,786, from the row and 3 more
    market 379,786, typing 379,785, 1 under the market
    net sales 31,522,155 is 83 x 379,785
  typed 250; the net sales make it 83
    the panel holds 379,785 against the 379,785 typed
  tab 4 read in 17 ms after the listing: 0 slot(s) held

  list 83 at 379,785
    #         ms   share  step
    1       29.2    0.6%  read the panel before loading
    2        0.1    0.0%  wait for slot (1,1) to fill
    3      790.2   16.0%  ctrl-click (1,1) attempt 1
    4      381.2    7.7%  read the suggested price
    5     1436.8   29.0%  type the price 379,785
    6      911.9   18.4%  type the quantity 250
    7      287.1    5.8%  take the quantity from the net sales
    8       87.6    1.8%  read the price back before Register
    9      217.5    4.4%  click Register
   10      183.9    3.7%  find Confirmation
   11       17.6    0.4%  look for the underprice question
   12      311.2    6.3%  click Confirmation
   13        0.6    0.0%  park
   14       96.2    1.9%  confirm the dialog is gone
   15      180.6    3.6%  wait for the panel to let the item go
   16       17.1    0.3%  read tab 4 after the listing
          4948.7  100.0%  TOTAL
  listed 83 at 379,785; it lands in row 13
DONE {"kind": "relist", "row": 13, "lands_in": 13, "qty": 83, "price": 379785, "item": "Force Core (Ultimate"}
    relisted 83 at 379,785 in row 13
  tab 4 known from the last listing: 0 slot(s) held
  row 14: 'Upgrade Core (Ultimate' x34 at 457,542 -> tab 4 slot (1, 1)
    floor 441,177 (441,177 x 1) from Upgrade Core Set (Ultimate) as last bought; listed at 457,542, above it
TASK {"kind": "relist", "row": 14, "item": "Upgrade Core (Ultimate", "qty": 34, "price": 457542, "tab": 4, "slot": [1, 1], "lands_in": 14}

  cancel row 14
    #         ms   share  step
    1      322.3    9.4%  click Refresh
    2      371.3   10.9%  scroll to the row
    3        0.0    0.0%  read the button of a row the run holds empty
    4      133.8    3.9%  read the row and its button
    5      518.5   15.2%  finish selecting inventory tab 4
    6        0.5    0.0%  check tab 4 before the withdrawal
    7        4.6    0.1%  work out the row, its floor and where it lands
    8       20.9    0.6%  check the shop slot is empty
    9        0.0    0.0%  scroll to the row again
   10        0.0    0.0%  check the row is the one the run listed
   11      290.3    8.5%  hover over Change and click it
   12       87.1    2.5%  find Cancel
   13      221.9    6.5%  click Cancel
   14       90.2    2.6%  find Confirmation
   15      218.4    6.4%  click Confirmation and park
   16      112.9    3.3%  wait for the dialog to close
   17      153.4    4.5%  wait for the item to land in tab 4
   18      873.3   25.5%  select inventory tab 4 after the withdrawal
          3419.4  100.0%  TOTAL
  inventory slot (1,1) at (1475, 236)
    read: current min 457,536, price field 457,536, net sales 457,536, week average 467,575, listed at 457,542
    the lowest listed price is 457,536, from the row and 3 more
    market 457,536, typing 457,535, 1 under the market
    net sales 15,556,190 is 34 x 457,535
  typed 250; the net sales make it 34
    the panel holds 457,535 against the 457,535 typed
  tab 4 read in 17 ms after the listing: 0 slot(s) held

  list 34 at 457,535
    #         ms   share  step
    1       23.9    0.5%  read the panel before loading
    2        0.1    0.0%  wait for slot (1,1) to fill
    3      793.9   16.8%  ctrl-click (1,1) attempt 1
    4      380.4    8.0%  read the suggested price
    5     1435.7   30.3%  type the price 457,535
    6      907.7   19.2%  type the quantity 250
    7      287.6    6.1%  take the quantity from the net sales
    8       88.6    1.9%  read the price back before Register
    9      218.3    4.6%  click Register
   10       92.6    2.0%  find Confirmation
   11       15.8    0.3%  look for the underprice question
   12      200.3    4.2%  click Confirmation
   13        0.5    0.0%  park
   14      106.0    2.2%  confirm the dialog is gone
   15      168.1    3.5%  wait for the panel to let the item go
   16       16.9    0.4%  read tab 4 after the listing
          4736.5  100.0%  TOTAL
  listed 34 at 457,535; it lands in row 14
DONE {"kind": "relist", "row": 14, "lands_in": 14, "qty": 34, "price": 457535, "item": "Upgrade Core (Ultimate"}
    relisted 34 at 457,535 in row 14
  tab 4 known from the last listing: 0 slot(s) held
  row 15: 'Upgrade Core (Ultimate' x10 at 457,541 -> tab 4 slot (1, 1)
    floor 441,177 (441,177 x 1) from Upgrade Core Set (Ultimate) as last bought; listed at 457,541, above it
TASK {"kind": "relist", "row": 15, "item": "Upgrade Core (Ultimate", "qty": 10, "price": 457541, "tab": 4, "slot": [1, 1], "lands_in": 15}

  cancel row 15
    #         ms   share  step
    1      322.6    9.6%  click Refresh
    2      371.6   11.0%  scroll to the row
    3        0.0    0.0%  read the button of a row the run holds empty
    4      135.2    4.0%  read the row and its button
    5      515.8   15.3%  finish selecting inventory tab 4
    6        0.5    0.0%  check tab 4 before the withdrawal
    7        3.3    0.1%  work out the row, its floor and where it lands
    8       17.6    0.5%  check the shop slot is empty
    9        0.0    0.0%  scroll to the row again
   10        0.0    0.0%  check the row is the one the run listed
   11      291.2    8.6%  hover over Change and click it
   12       87.0    2.6%  find Cancel
   13      221.3    6.6%  click Cancel
   14       91.5    2.7%  find Confirmation
   15      217.6    6.5%  click Confirmation and park
   16      112.1    3.3%  wait for the dialog to close
   17      113.1    3.4%  wait for the item to land in tab 4
   18      873.0   25.9%  select inventory tab 4 after the withdrawal
          3373.5  100.0%  TOTAL
  inventory slot (1,1) at (1475, 236)
    read: current min 457,535, price field 457,535, net sales 457,535, week average 467,575, listed at 457,541
    the lowest listed price is 457,535, from the row and 3 more
    market 457,535, typing 457,534, 1 under the market
    net sales 4,575,340 is 10 x 457,534
  typed 250; the net sales make it 10
    the panel holds 457,534 against the 457,534 typed
  tab 4 read in 18 ms after the listing: 0 slot(s) held

  list 10 at 457,534
    #         ms   share  step
    1       23.9    0.5%  read the panel before loading
    2        0.1    0.0%  wait for slot (1,1) to fill
    3      790.3   16.6%  ctrl-click (1,1) attempt 1
    4      384.5    8.1%  read the suggested price
    5     1437.6   30.2%  type the price 457,534
    6      909.1   19.1%  type the quantity 250
    7      287.2    6.0%  take the quantity from the net sales
    8       92.1    1.9%  read the price back before Register
    9      220.3    4.6%  click Register
   10       94.5    2.0%  find Confirmation
   11       18.3    0.4%  look for the underprice question
   12      199.5    4.2%  click Confirmation
   13        0.6    0.0%  park
   14      107.7    2.3%  confirm the dialog is gone
   15      176.1    3.7%  wait for the panel to let the item go
   16       17.5    0.4%  read tab 4 after the listing
          4759.3  100.0%  TOTAL
  listed 10 at 457,534; it lands in row 15
DONE {"kind": "relist", "row": 15, "lands_in": 15, "qty": 10, "price": 457534, "item": "Upgrade Core (Ultimate"}
    relisted 10 at 457,534 in row 15
  tab 4 known from the last listing: 0 slot(s) held
  row 16: 'Force Core (Ultimate' x73 at 379,790 -> tab 4 slot (1, 1)
    floor 355,544 (355,544 x 1) from Force Core Set (Ultimate) as last bought; listed at 379,790, above it
TASK {"kind": "relist", "row": 16, "item": "Force Core (Ultimate", "qty": 73, "price": 379790, "tab": 4, "slot": [1, 1], "lands_in": 16}

  cancel row 16
    #         ms   share  step
    1      323.2    9.6%  click Refresh
    2      371.5   11.1%  scroll to the row
    3        0.0    0.0%  read the button of a row the run holds empty
    4      116.8    3.5%  read the row and its button
    5      516.0   15.4%  finish selecting inventory tab 4
    6        0.2    0.0%  check tab 4 before the withdrawal
    7        4.0    0.1%  work out the row, its floor and where it lands
    8       18.2    0.5%  check the shop slot is empty
    9        0.0    0.0%  scroll to the row again
   10        0.0    0.0%  check the row is the one the run listed
   11      298.9    8.9%  hover over Change and click it
   12       90.6    2.7%  find Cancel
   13      224.1    6.7%  click Cancel
   14       91.9    2.7%  find Confirmation
   15      218.3    6.5%  click Confirmation and park
   16      106.6    3.2%  wait for the dialog to close
   17      107.0    3.2%  wait for the item to land in tab 4
   18      872.8   26.0%  select inventory tab 4 after the withdrawal
          3360.1  100.0%  TOTAL
  inventory slot (1,1) at (1475, 236)
    read: current min 379,785, price field 379,785, net sales 379,785, week average 385,330, listed at 379,790
    the lowest listed price is 379,785, from the row and 3 more
    market 379,785, typing 379,784, 1 under the market
    net sales 27,724,232 is 73 x 379,784
  typed 250; the net sales make it 73
    the panel holds 379,784 against the 379,784 typed
  tab 4 read in 18 ms after the listing: 0 slot(s) held

  list 73 at 379,784
    #         ms   share  step
    1       27.4    0.6%  read the panel before loading
    2        0.1    0.0%  wait for slot (1,1) to fill
    3      793.9   16.7%  ctrl-click (1,1) attempt 1
    4      388.7    8.2%  read the suggested price
    5     1435.3   30.2%  type the price 379,784
    6      908.8   19.1%  type the quantity 250
    7      287.9    6.1%  take the quantity from the net sales
    8       88.7    1.9%  read the price back before Register
    9      215.0    4.5%  click Register
   10       93.7    2.0%  find Confirmation
   11       16.9    0.4%  look for the underprice question
   12      195.1    4.1%  click Confirmation
   13        0.6    0.0%  park
   14      109.6    2.3%  confirm the dialog is gone
   15      178.5    3.8%  wait for the panel to let the item go
   16       18.5    0.4%  read tab 4 after the listing
          4758.8  100.0%  TOTAL
  listed 73 at 379,784; it lands in row 16
DONE {"kind": "relist", "row": 16, "lands_in": 16, "qty": 73, "price": 379784, "item": "Force Core (Ultimate"}
    relisted 73 at 379,784 in row 16
  row 17 is empty; nothing to relist
  row 18 is empty; nothing to relist
  row 19 is empty; nothing to relist
  row 20 is empty; nothing to relist
  row 21 is empty; nothing to relist
  row 22 is empty; nothing to relist
  row 23 is empty; nothing to relist
  row 24 is empty; nothing to relist
  row 25 is empty; nothing to relist

  relisting rows 1-25: 16 relisted, 9 empty, 0 skipped
    #          ms   share     n      each  phase
    1    79,418.7   51.9%    16   4,963.7  list it back
    2    27,581.0   18.0%    25   1,103.2  scroll to the row and read it
    3    19,584.0   12.8%    16   1,224.0  cancel the row and take it back
    4    13,975.8    9.1%    16     873.5  select inventory tab 4
    5     8,066.4    5.3%    25     322.7  Refresh the table
    6     2,274.7    1.5%     1   2,274.7  collect what sold
    7     1,526.7    1.0%     1   1,526.7  read tab 4 before the withdrawal
    8       304.6    0.2%    16      19.0  check the shop slot is empty
    9       251.4    0.2%     1     251.4  read the row again after collecting
        152,983.4  100.0%

  returning the game to its default state
restoring the default state:
  Escape: window closed
  Inventory already closed
  the gift box at [284, 994]
  Receive All at [1209, 786]
  the special giftbox's Receive at [1438, 492]
  Close at [1483, 846]
  pressed 2 Receive button(s); the gift box took 3,348 ms
  the Agent Shop is shut and the vendor is not open either; reopening it
  Inventory shut: slot grid 0.09, needs 0.33

  board after pass 8:
                                                   bought/u   listed/u  margin      row price
     1  Divine Stone                       x3             -    706,512       -        706,512
     2  Arionell                           x1    280,833,333 312,185,712  +10.0%    312,185,712
     3  Force Gem Package                  x1    187,222,222 191,999,999   +2.5%    191,999,999
     4  Chaos Core Set X 200               x1             -    733,866       -    146,773,399
     5  Chaos Core Set X 200               x1             -    733,865       -    146,773,199
     6  Chaos Core Set X 252               x1             -    733,864       -    184,933,979
     7  Chaos Core Set X 200               x1             -    733,863       -    146,772,799
     8  Chaos Core Set X 48                x1             -    733,862       -     35,225,423
     9  Chaos Core Set X 348               x1             -    733,861       -    255,383,975
    10  Chaos Core Set X 252               x1             -    733,860       -    184,932,971
    11  Force Core (Ultimate               x8             -    379,786       -        379,786
    12  Upgrade Core (Ultimate             x22            -    457,536       -        457,536
    13  Force Core (Ultimate               x83            -    379,785       -        379,785
    14  Upgrade Core (Ultimate             x34            -    457,535       -        457,535
    15  Upgrade Core (Ultimate             x10            -    457,534       -        457,534
    16  Force Core (Ultimate               x73            -    379,784       -        379,784
    26  Chaos Core Set X 399               x1             -    734,028       -    292,877,570
    27  Potion of Honor                    x2             -  7,250,000       -      7,250,000
    29  Chaos Core Set X 999               x1             -    734,033       -    733,299,964
    item                               rows   units          listed
    Arionell                              1       1     312,185,712
    Chaos Core Set                        9   2,898   2,126,973,279
    Divine Stone                          1       3       2,119,536
    Force Core (Ultimate                  3     164      62,284,675
    Force Gem Package                     1       1     191,999,999
    Potion of Honor                       1       2      14,500,000
    Upgrade Core (Ultimate                3      66      30,197,322
    board                                19   3,135   2,740,260,523
    balance now 108,217,693
  pass 8: 16 relisted, 9 empty, 0 skipped; 9975.3 minute(s) left

-- pass 9 --

  resupply order: Chaos Core, Force Core(High), Force Core(Highest), Upgrade Core (Ultimate), Force Core (Ultimate), Blessing Bead - Superior, Arionell

  counting only rows 1-25; rows outside it are not repriced and do not count; 9 row(s) free
  core                            rows     buy/u    sell/u    margin  wants   short?
  Force Core(Highest)                0   210,000   204,992    -5,008      0   
  Chaos Core                         7         -         -         -      -   holds the most it can want, 6; not priced
  Force Core (Ultimate)              3         -         -         -      -   holds the most it can want, 3; not priced
  Force Core(High)                   0   167,222   170,000     2,778      0   
  Upgrade Core (Ultimate)            3         -         -         -      -   holds the most it can want, 3; not priced

  nothing inside rows 1-25 holds fewer rows than its margin is worth.

  Blessing Bead - Superior: 0 row(s) inside 1-25, 1 wanted; none
    floor 163,632,222: 437/1000 of the 374,444,444 voucher, read at launch

-- Blessing Bead - Superior: 0 row(s) --
  9 row(s) free inside 1-25; buying 1 at the Cash Shop, one at a time
TASK {"kind": "resupply", "core": "Blessing Bead - Superior", "tab": 4}
  Inventory shut; pressing I (attempt 1)
  tab 4 holds 0 slot(s) and is showing, so the Blessing Bead - Superior lands there
  the Cash Shop icon at [348, 994]
  Useable at [844, 168]
    'Blessing Bead - Superior' is where it was measured, 0 notch(es) down the Useable tab
  'Blessing Bead - Superior' at 350 Cash; Purchase at [739, 520]
  the Cash balance box [1134, 826, 1230, 848] reads 300
  the gem box [930, 826, 1060, 848] reads 41
  Blessing Bead - Superior costs 350 gem(s) from a Force Gem Package; 41 held
  41 is under the 350 it costs; buying a Force Gem Package and using it first, so the row goes out in one purchase
  Escape to close the Cash Shop (attempt 1)
  Inventory shut; pressing I (attempt 1)
  tab 4 holds 0 slot(s) and is showing, so the Force Gem Package lands there
  the Cash Shop icon at [348, 994]
  Useable at [844, 168]
    'Force Gem Package' is where it was measured, 0 notch(es) down the Useable tab
  'Force Gem Package' at 500 Cash; Purchase at [739, 750]
  the Cash balance box [1134, 826, 1230, 848] reads 300
  a Force Gem Package costs 500 Cash; 300 Cash held
  300 Cash is under the 500 a Force Gem Package costs; buying a Gold voucher and using it first
  Escape to close the Cash Shop (attempt 1)
  the Agent Shop is shut and the vendor is not open either; reopening it
  Inventory shut: slot grid 0.08, needs 0.33
  Alz 108,217,693 held; even 1 Gold voucher at 374,444,444 needs 374,444,444; not buying.
  resupply of 'Blessing Bead - Superior' stopped: the Alz on hand does not cover a Gold voucher at about 374,444,444; no Cash can be made for Blessing Bead - Superior.

  Arionell: 1 row(s) inside 1-25, 1 wanted; row 2 'Arionell'
    floor 280,833,333: 750/1000 of the 374,444,444 voucher, read at launch
    the quantity column read 'Stone', which holds no digits, so it is the end of the name and not a count; reading the row as 'Divine Stone' and letting the panel count what is there
  row 1 has SOLD (partly); collecting
    the quantity column read 'Stone', which holds no digits, so it is the end of the name and not a count; reading the row as 'Divine Stone' and letting the panel count what is there
    collected; 2 left to relist
  tab 4 read from the screen in 1527 ms: 0 slot(s) held
  row 1: 'Divine Stone' x2 at 706,512 -> tab 4 slot (1, 1)
    the quantity column read 'Stone', which holds no digits, so it is the end of the name and not a count; reading the row as 'Divine Stone' and letting the panel count what is there
    no floor for 'Divine Stone'
TASK {"kind": "relist", "row": 1, "item": "Divine Stone", "qty": 2, "price": 706512, "tab": 4, "slot": [1, 1], "lands_in": 1}

  cancel row 1
    #         ms   share  step
    1      322.6    5.6%  click Refresh
    2        0.0    0.0%  scroll to the row
    3        0.0    0.0%  read the button of a row the run holds empty
    4      284.1    4.9%  read the row and its button
    5      532.0    9.2%  finish selecting inventory tab 4
    6     1527.4   26.3%  check tab 4 before the withdrawal
    7      359.1    6.2%  work out the row, its floor and where it lands
    8       19.0    0.3%  check the shop slot is empty
    9        0.0    0.0%  scroll to the row again
   10        0.0    0.0%  check the row is the one the run listed
   11      791.9   13.7%  hover over Change and click it
   12       87.9    1.5%  find Cancel
   13      217.1    3.7%  click Cancel
   14      177.2    3.1%  find Confirmation
   15      305.2    5.3%  click Confirmation and park
   16      103.3    1.8%  wait for the dialog to close
   17      201.2    3.5%  wait for the item to land in tab 4
   18      873.0   15.0%  select inventory tab 4 after the withdrawal
          5800.9  100.0%  TOTAL
  inventory slot (1,1) at (1475, 236)
    read: current min 706,513, price field 706,513, net sales 706,513, week average 706,521, listed at 706,512
    the lowest listed price is 706,513, from the row and 3 more
    market 706,513, typing 706,512, 1 under the market
    net sales 1,413,024 is 2 x 706,512
  typed 250; the net sales make it 2
    the panel holds 706,512 against the 706,512 typed
  tab 4 read in 17 ms after the listing: 0 slot(s) held

  list 2 at 706,512
    #         ms   share  step
    1       23.4    0.5%  read the panel before loading
    2        0.1    0.0%  wait for slot (1,1) to fill
    3      790.2   16.7%  ctrl-click (1,1) attempt 1
    4      379.6    8.0%  read the suggested price
    5     1437.3   30.4%  type the price 706,512
    6      908.2   19.2%  type the quantity 250
    7      283.4    6.0%  take the quantity from the net sales
    8       86.3    1.8%  read the price back before Register
    9      218.5    4.6%  click Register
   10       93.3    2.0%  find Confirmation
   11       19.5    0.4%  look for the underprice question
   12      194.5    4.1%  click Confirmation
   13        0.6    0.0%  park
   14      106.6    2.3%  confirm the dialog is gone
   15      168.1    3.6%  wait for the panel to let the item go
   16       16.7    0.4%  read tab 4 after the listing
          4726.2  100.0%  TOTAL
  listed 2 at 706,512; it lands in row 1
DONE {"kind": "relist", "row": 1, "lands_in": 1, "qty": 2, "price": 706512, "item": "Divine Stone"}
    relisted 2 at 706,512 in row 1
  tab 4 known from the last listing: 0 slot(s) held
  row 2: 'Arionell' x1 at 312,185,712 -> tab 4 slot (1, 1)
    floor 280,833,333 from what it cost; listed at 312,185,712, above it
TASK {"kind": "relist", "row": 2, "item": "Arionell", "qty": 1, "price": 312185712, "tab": 4, "slot": [1, 1], "lands_in": 2}

  cancel row 2
    #         ms   share  step
    1      322.8    9.6%  click Refresh
    2      371.4   11.0%  scroll to the row
    3        0.0    0.0%  read the button of a row the run holds empty
    4      113.7    3.4%  read the row and its button
    5      526.6   15.6%  finish selecting inventory tab 4
    6        0.2    0.0%  check tab 4 before the withdrawal
    7        3.2    0.1%  work out the row, its floor and where it lands
    8       21.2    0.6%  check the shop slot is empty
    9        0.0    0.0%  scroll to the row again
   10        0.0    0.0%  check the row is the one the run listed
   11      289.8    8.6%  hover over Change and click it
   12       85.3    2.5%  find Cancel
   13      218.9    6.5%  click Cancel
   14       88.5    2.6%  find Confirmation
   15      216.1    6.4%  click Confirmation and park
   16      104.9    3.1%  wait for the dialog to close
   17      132.1    3.9%  wait for the item to land in tab 4
   18      873.0   25.9%  select inventory tab 4 after the withdrawal
          3367.6  100.0%  TOTAL
  inventory slot (1,1) at (1475, 236)
    read: current min 312,185,713, price field 312,185,713, net sales 312,185,713, week average 292,773,213, listed at 312,185,712
    the lowest listed price is 312,185,713, from the row and 3 more
    market 312,185,713, typing 312,185,712, 1 under the market
    net sales 312,185,712 is 1 x 312,185,712
  typed 250; the net sales make it 1
    the panel holds 312,185,712 against the 312,185,712 typed
  tab 4 read in 17 ms after the listing: 0 slot(s) held

  list 1 at 312,185,712
    #         ms   share  step
    1       25.3    0.5%  read the panel before loading
    2        0.1    0.0%  wait for slot (1,1) to fill
    3      792.8   16.0%  ctrl-click (1,1) attempt 1
    4      375.1    7.6%  read the suggested price
    5     1645.3   33.3%  type the price 312,185,712
    6      908.6   18.4%  type the quantity 250
    7      290.7    5.9%  take the quantity from the net sales
    8       88.6    1.8%  read the price back before Register
    9      218.2    4.4%  click Register
   10       91.4    1.8%  find Confirmation
   11       16.5    0.3%  look for the underprice question
   12      200.2    4.0%  click Confirmation
   13        0.6    0.0%  park
   14      104.2    2.1%  confirm the dialog is gone
   15      170.1    3.4%  wait for the panel to let the item go
   16       16.8    0.3%  read tab 4 after the listing
          4944.5  100.0%  TOTAL
  listed 1 at 312,185,712; it lands in row 2
DONE {"kind": "relist", "row": 2, "lands_in": 2, "qty": 1, "price": 312185712, "item": "Arionell"}
    relisted 1 at 312,185,712 in row 2
  tab 4 known from the last listing: 0 slot(s) held
  row 3: 'Force Gem Package' x1 at 191,999,999 -> tab 4 slot (1, 1)
    floor 187,222,222 from what it cost; listed at 191,999,999, above it
TASK {"kind": "relist", "row": 3, "item": "Force Gem Package", "qty": 1, "price": 191999999, "tab": 4, "slot": [1, 1], "lands_in": 3}

  cancel row 3
    #         ms   share  step
    1      322.2    9.5%  click Refresh
    2      371.3   10.9%  scroll to the row
    3        0.0    0.0%  read the button of a row the run holds empty
    4      137.0    4.0%  read the row and its button
    5      518.8   15.3%  finish selecting inventory tab 4
    6        0.5    0.0%  check tab 4 before the withdrawal
    7        3.0    0.1%  work out the row, its floor and where it lands
    8       20.0    0.6%  check the shop slot is empty
    9        0.0    0.0%  scroll to the row again
   10        0.0    0.0%  check the row is the one the run listed
   11      287.3    8.5%  hover over Change and click it
   12       84.2    2.5%  find Cancel
   13      221.8    6.5%  click Cancel
   14       86.6    2.5%  find Confirmation
   15      217.0    6.4%  click Confirmation and park
   16      103.7    3.1%  wait for the dialog to close
   17      148.0    4.4%  wait for the item to land in tab 4
   18      873.2   25.7%  select inventory tab 4 after the withdrawal
          3394.6  100.0%  TOTAL
  inventory slot (1,1) at (1475, 236)
    read: current min 192,000,000, price field 192,000,000, net sales 192,000,000, week average 189,265,820, listed at 191,999,999
    the lowest listed price is 192,000,000, from the row and 3 more
    market 192,000,000, typing 191,999,999, 1 under the market
    net sales 191,999,999 is 1 x 191,999,999
  typed 250; the net sales make it 1
    the panel holds 191,999,999 against the 191,999,999 typed
  tab 4 read in 17 ms after the listing: 0 slot(s) held

  list 1 at 191,999,999
    #         ms   share  step
    1       23.1    0.5%  read the panel before loading
    2        0.1    0.0%  wait for slot (1,1) to fill
    3      796.1   16.0%  ctrl-click (1,1) attempt 1
    4      382.5    7.7%  read the suggested price
    5     1660.9   33.5%  type the price 191,999,999
    6      909.5   18.3%  type the quantity 250
    7      287.1    5.8%  take the quantity from the net sales
    8       88.6    1.8%  read the price back before Register
    9      217.1    4.4%  click Register
   10       93.6    1.9%  find Confirmation
   11       16.0    0.3%  look for the underprice question
   12      203.3    4.1%  click Confirmation
   13        0.6    0.0%  park
   14       95.7    1.9%  confirm the dialog is gone
   15      170.0    3.4%  wait for the panel to let the item go
   16       17.1    0.3%  read tab 4 after the listing
          4961.1  100.0%  TOTAL
  listed 1 at 191,999,999; it lands in row 3
DONE {"kind": "relist", "row": 3, "lands_in": 3, "qty": 1, "price": 191999999, "item": "Force Gem Package"}
    relisted 1 at 191,999,999 in row 3
  tab 4 known from the last listing: 0 slot(s) held
  row 4: 'Chaos Core Set X 200' x1 at 146,773,399 -> tab 4 slot (1, 1)
    floor 146,194,800 (730,974 x 200) from Chaos Core as last bought; listed at 146,773,399, above it
TASK {"kind": "relist", "row": 4, "item": "Chaos Core Set X 200", "qty": 1, "price": 146773399, "tab": 4, "slot": [1, 1], "lands_in": 4}

  cancel row 4
    #         ms   share  step
    1      322.8    9.5%  click Refresh
    2      371.4   10.9%  scroll to the row
    3        0.0    0.0%  read the button of a row the run holds empty
    4      136.1    4.0%  read the row and its button
    5      515.8   15.2%  finish selecting inventory tab 4
    6        0.2    0.0%  check tab 4 before the withdrawal
    7        3.3    0.1%  work out the row, its floor and where it lands
    8       17.0    0.5%  check the shop slot is empty
    9        0.0    0.0%  scroll to the row again
   10        0.0    0.0%  check the row is the one the run listed
   11      291.6    8.6%  hover over Change and click it
   12       87.1    2.6%  find Cancel
   13      221.1    6.5%  click Cancel
   14       87.7    2.6%  find Confirmation
   15      218.1    6.4%  click Confirmation and park
   16      104.4    3.1%  wait for the dialog to close
   17      144.9    4.3%  wait for the item to land in tab 4
   18      873.1   25.7%  select inventory tab 4 after the withdrawal
          3394.7  100.0%  TOTAL
  inventory slot (1,1) at (1475, 236)
    read: current min 146,772,000, price field 146,772,000, net sales 146,772,000, week average 146,822,000, listed at 146,773,399
    the lowest listed price is 146,772,000, from the row and 3 more
    market 146,772,000, typing 146,771,999, 1 under the market
    net sales 146,771,999 is 1 x 146,771,999
  typed 250; the net sales make it 1
    the panel holds 146,771,999 against the 146,771,999 typed
  tab 4 read in 17 ms after the listing: 0 slot(s) held

  list 1 at 146,771,999
    #         ms   share  step
    1       24.7    0.5%  read the panel before loading
    2        0.1    0.0%  wait for slot (1,1) to fill
    3      792.7   16.0%  ctrl-click (1,1) attempt 1
    4      384.6    7.7%  read the suggested price
    5     1645.2   33.1%  type the price 146,771,999
    6      908.0   18.3%  type the quantity 250
    7      283.7    5.7%  take the quantity from the net sales
    8       89.9    1.8%  read the price back before Register
    9      223.4    4.5%  click Register
   10       99.1    2.0%  find Confirmation
   11       17.3    0.3%  look for the underprice question
   12      199.9    4.0%  click Confirmation
   13        0.5    0.0%  park
   14      108.2    2.2%  confirm the dialog is gone
   15      172.2    3.5%  wait for the panel to let the item go
   16       16.9    0.3%  read tab 4 after the listing
          4966.4  100.0%  TOTAL
  listed 1 at 146,771,999; it lands in row 4
DONE {"kind": "relist", "row": 4, "lands_in": 4, "qty": 1, "price": 146771999, "item": "Chaos Core Set X 200"}
    relisted 1 at 146,771,999 in row 4
  tab 4 known from the last listing: 0 slot(s) held
  row 5: 'Chaos Core Set X 200' x1 at 146,773,199 -> tab 4 slot (1, 1)
    floor 146,194,800 (730,974 x 200) from Chaos Core as last bought; listed at 146,773,199, above it
TASK {"kind": "relist", "row": 5, "item": "Chaos Core Set X 200", "qty": 1, "price": 146773199, "tab": 4, "slot": [1, 1], "lands_in": 5}

  cancel row 5
    #         ms   share  step
    1      322.8    9.5%  click Refresh
    2      372.0   11.0%  scroll to the row
    3        0.0    0.0%  read the button of a row the run holds empty
    4      133.7    4.0%  read the row and its button
    5      516.7   15.3%  finish selecting inventory tab 4
    6        0.5    0.0%  check tab 4 before the withdrawal
    7        3.2    0.1%  work out the row, its floor and where it lands
    8       19.8    0.6%  check the shop slot is empty
    9        0.0    0.0%  scroll to the row again
   10        0.0    0.0%  check the row is the one the run listed
   11      288.6    8.5%  hover over Change and click it
   12       88.2    2.6%  find Cancel
   13      220.7    6.5%  click Cancel
   14       89.7    2.7%  find Confirmation
   15      219.9    6.5%  click Confirmation and park
   16      112.1    3.3%  wait for the dialog to close
   17      122.6    3.6%  wait for the item to land in tab 4
   18      872.9   25.8%  select inventory tab 4 after the withdrawal
          3383.4  100.0%  TOTAL
  inventory slot (1,1) at (1475, 236)
    read: current min 146,771,800, price field 146,771,800, net sales 146,771,800, week average 146,822,000, listed at 146,773,199
    the lowest listed price is 146,771,800, from the row and 3 more
    market 146,771,800, typing 146,771,799, 1 under the market
    net sales 146,771,799 is 1 x 146,771,799
  typed 250; the net sales make it 1
    the panel holds 146,771,799 against the 146,771,799 typed
  tab 4 read in 18 ms after the listing: 0 slot(s) held

  list 1 at 146,771,799
    #         ms   share  step
    1       23.9    0.5%  read the panel before loading
    2        0.1    0.0%  wait for slot (1,1) to fill
    3      793.0   16.0%  ctrl-click (1,1) attempt 1
    4      380.6    7.7%  read the suggested price
    5     1647.9   33.2%  type the price 146,771,799
    6      909.0   18.3%  type the quantity 250
    7      287.8    5.8%  take the quantity from the net sales
    8       88.5    1.8%  read the price back before Register
    9      220.1    4.4%  click Register
   10       90.0    1.8%  find Confirmation
   11       19.6    0.4%  look for the underprice question
   12      199.8    4.0%  click Confirmation
   13        0.8    0.0%  park
   14      111.0    2.2%  confirm the dialog is gone
   15      179.5    3.6%  wait for the panel to let the item go
   16       18.2    0.4%  read tab 4 after the listing
          4969.7  100.0%  TOTAL
  listed 1 at 146,771,799; it lands in row 5
DONE {"kind": "relist", "row": 5, "lands_in": 5, "qty": 1, "price": 146771799, "item": "Chaos Core Set X 200"}
    relisted 1 at 146,771,799 in row 5
  tab 4 known from the last listing: 0 slot(s) held
  row 6: 'Chaos Core Set X 252' x1 at 184,933,979 -> tab 4 slot (1, 1)
    floor 184,205,448 (730,974 x 252) from Chaos Core as last bought; listed at 184,933,979, above it
TASK {"kind": "relist", "row": 6, "item": "Chaos Core Set X 252", "qty": 1, "price": 184933979, "tab": 4, "slot": [1, 1], "lands_in": 6}

  cancel row 6
    #         ms   share  step
    1      322.7    9.0%  click Refresh
    2      371.1   10.4%  scroll to the row
    3        0.0    0.0%  read the button of a row the run holds empty
    4      135.0    3.8%  read the row and its button
    5      520.0   14.6%  finish selecting inventory tab 4
    6        0.2    0.0%  check tab 4 before the withdrawal
    7        3.0    0.1%  work out the row, its floor and where it lands
    8       17.3    0.5%  check the shop slot is empty
    9        0.0    0.0%  scroll to the row again
   10        0.0    0.0%  check the row is the one the run listed
   11      292.4    8.2%  hover over Change and click it
   12       89.0    2.5%  find Cancel
   13      218.5    6.1%  click Cancel
   14      178.0    5.0%  find Confirmation
   15      306.2    8.6%  click Confirmation and park
   16      101.7    2.8%  wait for the dialog to close
   17      140.5    3.9%  wait for the item to land in tab 4
   18      872.7   24.5%  select inventory tab 4 after the withdrawal
          3568.4  100.0%  TOTAL
  inventory slot (1,1) at (1475, 236)
    read: current min 184,932,216, price field 184,932,216, net sales 184,932,216, week average 184,995,720, listed at 184,933,979
    the lowest listed price is 184,932,216, from the row and 3 more
    market 184,932,216, typing 184,932,215, 1 under the market
    net sales 184,932,215 is 1 x 184,932,215
  typed 250; the net sales make it 1
    the panel holds 184,932,215 against the 184,932,215 typed
  tab 4 read in 17 ms after the listing: 0 slot(s) held

  list 1 at 184,932,215
    #         ms   share  step
    1       24.5    0.5%  read the panel before loading
    2        0.1    0.0%  wait for slot (1,1) to fill
    3      789.6   15.9%  ctrl-click (1,1) attempt 1
    4      381.4    7.7%  read the suggested price
    5     1650.9   33.3%  type the price 184,932,215
    6      908.9   18.3%  type the quantity 250
    7      284.1    5.7%  take the quantity from the net sales
    8       89.1    1.8%  read the price back before Register
    9      216.3    4.4%  click Register
   10       93.7    1.9%  find Confirmation
   11       16.7    0.3%  look for the underprice question
   12      197.8    4.0%  click Confirmation
   13        0.5    0.0%  park
   14      110.3    2.2%  confirm the dialog is gone
   15      172.9    3.5%  wait for the panel to let the item go
   16       17.2    0.3%  read tab 4 after the listing
          4954.2  100.0%  TOTAL
  listed 1 at 184,932,215; it lands in row 6
DONE {"kind": "relist", "row": 6, "lands_in": 6, "qty": 1, "price": 184932215, "item": "Chaos Core Set X 252"}
    relisted 1 at 184,932,215 in row 6
  tab 4 known from the last listing: 0 slot(s) held
  row 7: 'Chaos Core Set X 200' x1 at 146,772,799 -> tab 4 slot (1, 1)
    floor 146,194,800 (730,974 x 200) from Chaos Core as last bought; listed at 146,772,799, above it
TASK {"kind": "relist", "row": 7, "item": "Chaos Core Set X 200", "qty": 1, "price": 146772799, "tab": 4, "slot": [1, 1], "lands_in": 7}

  cancel row 7
    #         ms   share  step
    1      324.4    9.5%  click Refresh
    2      371.1   10.8%  scroll to the row
    3        0.0    0.0%  read the button of a row the run holds empty
    4      138.0    4.0%  read the row and its button
    5      519.8   15.2%  finish selecting inventory tab 4
    6        0.2    0.0%  check tab 4 before the withdrawal
    7        3.2    0.1%  work out the row, its floor and where it lands
    8       18.1    0.5%  check the shop slot is empty
    9        0.0    0.0%  scroll to the row again
   10        0.0    0.0%  check the row is the one the run listed
   11      291.4    8.5%  hover over Change and click it
   12       88.1    2.6%  find Cancel
   13      220.0    6.4%  click Cancel
   14       90.9    2.7%  find Confirmation
   15      218.1    6.4%  click Confirmation and park
   16      100.8    2.9%  wait for the dialog to close
   17      166.2    4.9%  wait for the item to land in tab 4
   18      873.0   25.5%  select inventory tab 4 after the withdrawal
          3423.2  100.0%  TOTAL
  inventory slot (1,1) at (1475, 236)
    read: current min 146,771,400, price field 146,771,400, net sales 146,771,400, week average 146,822,000, listed at 146,772,799
    the lowest listed price is 146,771,400, from the row and 3 more
    market 146,771,400, typing 146,771,399, 1 under the market
    net sales 146,771,399 is 1 x 146,771,399
  typed 250; the net sales make it 1
    the panel holds 146,771,399 against the 146,771,399 typed
  tab 4 read in 17 ms after the listing: 0 slot(s) held

  list 1 at 146,771,399
    #         ms   share  step
    1       23.0    0.5%  read the panel before loading
    2        0.1    0.0%  wait for slot (1,1) to fill
    3      790.7   16.0%  ctrl-click (1,1) attempt 1
    4      380.6    7.7%  read the suggested price
    5     1648.7   33.3%  type the price 146,771,399
    6      907.3   18.3%  type the quantity 250
    7      288.8    5.8%  take the quantity from the net sales
    8       89.7    1.8%  read the price back before Register
    9      215.6    4.4%  click Register
   10       91.1    1.8%  find Confirmation
   11       17.4    0.4%  look for the underprice question
   12      200.0    4.0%  click Confirmation
   13        0.5    0.0%  park
   14      110.4    2.2%  confirm the dialog is gone
   15      172.8    3.5%  wait for the panel to let the item go
   16       17.0    0.3%  read tab 4 after the listing
          4953.7  100.0%  TOTAL
  listed 1 at 146,771,399; it lands in row 7
DONE {"kind": "relist", "row": 7, "lands_in": 7, "qty": 1, "price": 146771399, "item": "Chaos Core Set X 200"}
    relisted 1 at 146,771,399 in row 7
  tab 4 known from the last listing: 0 slot(s) held
  row 8: 'Chaos Core Set X 48' x1 at 35,225,423 -> tab 4 slot (1, 1)
    floor 35,086,752 (730,974 x 48) from Chaos Core as last bought; listed at 35,225,423, above it
TASK {"kind": "relist", "row": 8, "item": "Chaos Core Set X 48", "qty": 1, "price": 35225423, "tab": 4, "slot": [1, 1], "lands_in": 8}

  cancel row 8
    #         ms   share  step
    1      322.5    9.4%  click Refresh
    2      371.7   10.9%  scroll to the row
    3        0.0    0.0%  read the button of a row the run holds empty
    4      133.2    3.9%  read the row and its button
    5      519.7   15.2%  finish selecting inventory tab 4
    6        0.5    0.0%  check tab 4 before the withdrawal
    7        3.3    0.1%  work out the row, its floor and where it lands
    8       19.1    0.6%  check the shop slot is empty
    9        0.0    0.0%  scroll to the row again
   10        0.0    0.0%  check the row is the one the run listed
   11      289.8    8.5%  hover over Change and click it
   12       90.5    2.6%  find Cancel
   13      222.3    6.5%  click Cancel
   14       92.6    2.7%  find Confirmation
   15      215.9    6.3%  click Confirmation and park
   16      100.2    2.9%  wait for the dialog to close
   17      166.6    4.9%  wait for the item to land in tab 4
   18      873.1   25.5%  select inventory tab 4 after the withdrawal
          3421.1  100.0%  TOTAL
  inventory slot (1,1) at (1475, 236)
    read: current min 35,225,088, price field 35,225,088, net sales 35,225,088, week average 35,237,280, listed at 35,225,423
    the lowest listed price is 35,225,088, from the row and 3 more
    market 35,225,088, typing 35,225,087, 1 under the market
    net sales 35,225,087 is 1 x 35,225,087
  typed 250; the net sales make it 1
    the panel holds 35,225,087 against the 35,225,087 typed
  tab 4 read in 17 ms after the listing: 0 slot(s) held

  list 1 at 35,225,087
    #         ms   share  step
    1       23.9    0.5%  read the panel before loading
    2        0.1    0.0%  wait for slot (1,1) to fill
    3      794.5   16.2%  ctrl-click (1,1) attempt 1
    4      380.2    7.8%  read the suggested price
    5     1590.1   32.5%  type the price 35,225,087
    6      909.0   18.6%  type the quantity 250
    7      285.0    5.8%  take the quantity from the net sales
    8       90.9    1.9%  read the price back before Register
    9      220.7    4.5%  click Register
   10       94.4    1.9%  find Confirmation
   11       16.9    0.3%  look for the underprice question
   12      196.8    4.0%  click Confirmation
   13        0.6    0.0%  park
   14      102.3    2.1%  confirm the dialog is gone
   15      172.9    3.5%  wait for the panel to let the item go
   16       16.8    0.3%  read tab 4 after the listing
          4895.0  100.0%  TOTAL
  listed 1 at 35,225,087; it lands in row 8
DONE {"kind": "relist", "row": 8, "lands_in": 8, "qty": 1, "price": 35225087, "item": "Chaos Core Set X 48"}
    relisted 1 at 35,225,087 in row 8
  tab 4 known from the last listing: 0 slot(s) held
  row 9: 'Chaos Core Set X 348' x1 at 255,383,975 -> tab 4 slot (1, 1)
    floor 254,378,952 (730,974 x 348) from Chaos Core as last bought; listed at 255,383,975, above it
TASK {"kind": "relist", "row": 9, "item": "Chaos Core Set X 348", "qty": 1, "price": 255383975, "tab": 4, "slot": [1, 1], "lands_in": 9}

  cancel row 9
    #         ms   share  step
    1      322.2    9.4%  click Refresh
    2      371.5   10.9%  scroll to the row
    3        0.0    0.0%  read the button of a row the run holds empty
    4      139.8    4.1%  read the row and its button
    5      518.9   15.2%  finish selecting inventory tab 4
    6        0.2    0.0%  check tab 4 before the withdrawal
    7        3.6    0.1%  work out the row, its floor and where it lands
    8       19.8    0.6%  check the shop slot is empty
    9        0.0    0.0%  scroll to the row again
   10        0.0    0.0%  check the row is the one the run listed
   11      291.4    8.5%  hover over Change and click it
   12       92.9    2.7%  find Cancel
   13      220.1    6.4%  click Cancel
   14       88.8    2.6%  find Confirmation
   15      215.4    6.3%  click Confirmation and park
   16      111.1    3.3%  wait for the dialog to close
   17      146.3    4.3%  wait for the item to land in tab 4
   18      873.2   25.6%  select inventory tab 4 after the withdrawal
          3415.3  100.0%  TOTAL
  inventory slot (1,1) at (1475, 236)
    read: current min 255,381,540, price field 255,381,540, net sales 255,381,540, week average 255,470,280, listed at 255,383,975
    the lowest listed price is 255,381,540, from the row and 3 more
    market 255,381,540, typing 255,381,539, 1 under the market
    net sales 255,381,539 is 1 x 255,381,539
  typed 250; the net sales make it 1
    the panel holds 255,381,539 against the 255,381,539 typed
  tab 4 read in 17 ms after the listing: 0 slot(s) held

  list 1 at 255,381,539
    #         ms   share  step
    1       26.3    0.5%  read the panel before loading
    2        0.1    0.0%  wait for slot (1,1) to fill
    3      792.1   15.3%  ctrl-click (1,1) attempt 1
    4      385.5    7.4%  read the suggested price
    5     1652.8   31.9%  type the price 255,381,539
    6      912.3   17.6%  type the quantity 250
    7      291.7    5.6%  take the quantity from the net sales
    8       91.2    1.8%  read the price back before Register
    9      216.6    4.2%  click Register
   10      184.9    3.6%  find Confirmation
   11       18.1    0.4%  look for the underprice question
   12      311.4    6.0%  click Confirmation
   13        0.6    0.0%  park
   14       99.5    1.9%  confirm the dialog is gone
   15      176.0    3.4%  wait for the panel to let the item go
   16       17.1    0.3%  read tab 4 after the listing
          5176.2  100.0%  TOTAL
  listed 1 at 255,381,539; it lands in row 9
DONE {"kind": "relist", "row": 9, "lands_in": 9, "qty": 1, "price": 255381539, "item": "Chaos Core Set X 348"}
    relisted 1 at 255,381,539 in row 9
  tab 4 known from the last listing: 0 slot(s) held
  row 10: 'Chaos Core Set X 252' x1 at 184,932,971 -> tab 4 slot (1, 1)
    floor 184,205,448 (730,974 x 252) from Chaos Core as last bought; listed at 184,932,971, above it
TASK {"kind": "relist", "row": 10, "item": "Chaos Core Set X 252", "qty": 1, "price": 184932971, "tab": 4, "slot": [1, 1], "lands_in": 10}

  cancel row 10
    #         ms   share  step
    1      322.4    9.4%  click Refresh
    2      371.9   10.8%  scroll to the row
    3        0.0    0.0%  read the button of a row the run holds empty
    4      153.7    4.5%  read the row and its button
    5      516.7   15.0%  finish selecting inventory tab 4
    6        0.2    0.0%  check tab 4 before the withdrawal
    7        2.9    0.1%  work out the row, its floor and where it lands
    8       20.4    0.6%  check the shop slot is empty
    9        0.0    0.0%  scroll to the row again
   10        0.0    0.0%  check the row is the one the run listed
   11      290.2    8.4%  hover over Change and click it
   12       86.4    2.5%  find Cancel
   13      224.9    6.5%  click Cancel
   14       92.0    2.7%  find Confirmation
   15      217.8    6.3%  click Confirmation and park
   16      110.5    3.2%  wait for the dialog to close
   17      159.4    4.6%  wait for the item to land in tab 4
   18      873.0   25.4%  select inventory tab 4 after the withdrawal
          3442.4  100.0%  TOTAL
  inventory slot (1,1) at (1475, 236)
    read: current min 184,931,208, price field 184,931,208, net sales 184,931,208, week average 184,995,720, listed at 184,932,971
    the lowest listed price is 184,931,208, from the row and 3 more
    market 184,931,208, typing 184,931,207, 1 under the market
    net sales 184,931,207 is 1 x 184,931,207
  typed 250; the net sales make it 1
    the panel holds 184,931,207 against the 184,931,207 typed
  tab 4 read in 17 ms after the listing: 0 slot(s) held

  list 1 at 184,931,207
    #         ms   share  step
    1       25.4    0.5%  read the panel before loading
    2        0.1    0.0%  wait for slot (1,1) to fill
    3      793.5   16.0%  ctrl-click (1,1) attempt 1
    4      386.6    7.8%  read the suggested price
    5     1649.0   33.3%  type the price 184,931,207
    6      909.5   18.3%  type the quantity 250
    7      290.1    5.9%  take the quantity from the net sales
    8       89.4    1.8%  read the price back before Register
    9      225.7    4.6%  click Register
   10       89.7    1.8%  find Confirmation
   11       19.0    0.4%  look for the underprice question
   12      195.5    3.9%  click Confirmation
   13        0.6    0.0%  park
   14      100.7    2.0%  confirm the dialog is gone
   15      165.4    3.3%  wait for the panel to let the item go
   16       16.9    0.3%  read tab 4 after the listing
          4957.1  100.0%  TOTAL
  listed 1 at 184,931,207; it lands in row 10
DONE {"kind": "relist", "row": 10, "lands_in": 10, "qty": 1, "price": 184931207, "item": "Chaos Core Set X 252"}
    relisted 1 at 184,931,207 in row 10
  tab 4 known from the last listing: 0 slot(s) held
  row 11: 'Force Core (Ultimate' x8 at 379,786 -> tab 4 slot (1, 1)
    floor 355,544 (355,544 x 1) from Force Core Set (Ultimate) as last bought; listed at 379,786, above it
TASK {"kind": "relist", "row": 11, "item": "Force Core (Ultimate", "qty": 8, "price": 379786, "tab": 4, "slot": [1, 1], "lands_in": 11}

  cancel row 11
    #         ms   share  step
    1      322.4    9.5%  click Refresh
    2      371.1   11.0%  scroll to the row
    3        0.0    0.0%  read the button of a row the run holds empty
    4      116.7    3.4%  read the row and its button
    5      518.7   15.3%  finish selecting inventory tab 4
    6        0.2    0.0%  check tab 4 before the withdrawal
    7        3.2    0.1%  work out the row, its floor and where it lands
    8       17.4    0.5%  check the shop slot is empty
    9        0.0    0.0%  scroll to the row again
   10        0.0    0.0%  check the row is the one the run listed
   11      291.4    8.6%  hover over Change and click it
   12       85.5    2.5%  find Cancel
   13      221.4    6.5%  click Cancel
   14       95.4    2.8%  find Confirmation
   15      214.6    6.3%  click Confirmation and park
   16      105.6    3.1%  wait for the dialog to close
   17      151.0    4.5%  wait for the item to land in tab 4
   18      873.7   25.8%  select inventory tab 4 after the withdrawal
          3388.3  100.0%  TOTAL
  inventory slot (1,1) at (1475, 236)
    read: current min 379,784, price field 379,784, net sales 379,784, week average 385,330, listed at 379,786
    the lowest listed price is 379,784, from the row and 3 more
    market 379,784, typing 379,783, 1 under the market
    net sales 3,038,264 is 8 x 379,783
  typed 250; the net sales make it 8
    the panel holds 379,783 against the 379,783 typed
  tab 4 read in 17 ms after the listing: 0 slot(s) held

  list 8 at 379,783
    #         ms   share  step
    1       22.5    0.5%  read the panel before loading
    2        0.1    0.0%  wait for slot (1,1) to fill
    3      790.0   16.0%  ctrl-click (1,1) attempt 1
    4      376.1    7.6%  read the suggested price
    5     1434.6   29.1%  type the price 379,783
    6      910.6   18.5%  type the quantity 250
    7      286.6    5.8%  take the quantity from the net sales
    8       87.7    1.8%  read the price back before Register
    9      217.4    4.4%  click Register
   10      183.1    3.7%  find Confirmation
   11       17.3    0.4%  look for the underprice question
   12      309.5    6.3%  click Confirmation
   13        0.6    0.0%  park
   14      101.2    2.1%  confirm the dialog is gone
   15      168.9    3.4%  wait for the panel to let the item go
   16       16.8    0.3%  read tab 4 after the listing
          4922.9  100.0%  TOTAL
  listed 8 at 379,783; it lands in row 11
DONE {"kind": "relist", "row": 11, "lands_in": 11, "qty": 8, "price": 379783, "item": "Force Core (Ultimate"}
    relisted 8 at 379,783 in row 11
  tab 4 known from the last listing: 0 slot(s) held
  row 12: 'Upgrade Core (Ultimate' x22 at 457,536 -> tab 4 slot (1, 1)
    floor 441,177 (441,177 x 1) from Upgrade Core Set (Ultimate) as last bought; listed at 457,536, above it
TASK {"kind": "relist", "row": 12, "item": "Upgrade Core (Ultimate", "qty": 22, "price": 457536, "tab": 4, "slot": [1, 1], "lands_in": 12}

  cancel row 12
    #         ms   share  step
    1      322.4    9.0%  click Refresh
    2      371.1   10.4%  scroll to the row
    3        0.0    0.0%  read the button of a row the run holds empty
    4      132.8    3.7%  read the row and its button
    5      516.2   14.4%  finish selecting inventory tab 4
    6        0.2    0.0%  check tab 4 before the withdrawal
    7        4.0    0.1%  work out the row, its floor and where it lands
    8       16.0    0.4%  check the shop slot is empty
    9        0.0    0.0%  scroll to the row again
   10        0.0    0.0%  check the row is the one the run listed
   11      291.1    8.1%  hover over Change and click it
   12       85.9    2.4%  find Cancel
   13      219.4    6.1%  click Cancel
   14      168.9    4.7%  find Confirmation
   15      310.3    8.7%  click Confirmation and park
   16      108.6    3.0%  wait for the dialog to close
   17      158.0    4.4%  wait for the item to land in tab 4
   18      873.0   24.4%  select inventory tab 4 after the withdrawal
          3578.0  100.0%  TOTAL
  inventory slot (1,1) at (1475, 236)
    read: current min 457,530, price field 457,530, net sales 457,530, week average 467,575, listed at 457,536
    the lowest listed price is 457,530, from the row and 3 more
    market 457,530, typing 457,529, 1 under the market
    net sales 10,065,638 is 22 x 457,529
  typed 250; the net sales make it 22
    the panel holds 457,529 against the 457,529 typed
  tab 4 read in 17 ms after the listing: 0 slot(s) held

  list 22 at 457,529
    #         ms   share  step
    1       25.0    0.5%  read the panel before loading
    2        0.1    0.0%  wait for slot (1,1) to fill
    3      794.3   16.8%  ctrl-click (1,1) attempt 1
    4      375.9    8.0%  read the suggested price
    5     1439.4   30.4%  type the price 457,529
    6      909.5   19.2%  type the quantity 250
    7      283.1    6.0%  take the quantity from the net sales
    8       87.2    1.8%  read the price back before Register
    9      222.6    4.7%  click Register
   10       95.4    2.0%  find Confirmation
   11       21.3    0.5%  look for the underprice question
   12      190.8    4.0%  click Confirmation
   13        0.6    0.0%  park
   14      101.0    2.1%  confirm the dialog is gone
   15      165.6    3.5%  wait for the panel to let the item go
   16       17.1    0.4%  read tab 4 after the listing
          4728.9  100.0%  TOTAL
  listed 22 at 457,529; it lands in row 12
DONE {"kind": "relist", "row": 12, "lands_in": 12, "qty": 22, "price": 457529, "item": "Upgrade Core (Ultimate"}
    relisted 22 at 457,529 in row 12
  tab 4 known from the last listing: 0 slot(s) held
  row 13: 'Force Core (Ultimate' x83 at 379,785 -> tab 4 slot (1, 1)
    floor 355,544 (355,544 x 1) from Force Core Set (Ultimate) as last bought; listed at 379,785, above it
TASK {"kind": "relist", "row": 13, "item": "Force Core (Ultimate", "qty": 83, "price": 379785, "tab": 4, "slot": [1, 1], "lands_in": 13}

  cancel row 13
    #         ms   share  step
    1      322.7    9.5%  click Refresh
    2      372.0   11.0%  scroll to the row
    3        0.0    0.0%  read the button of a row the run holds empty
    4      116.9    3.5%  read the row and its button
    5      516.7   15.3%  finish selecting inventory tab 4
    6        0.2    0.0%  check tab 4 before the withdrawal
    7        3.9    0.1%  work out the row, its floor and where it lands
    8       18.3    0.5%  check the shop slot is empty
    9        0.0    0.0%  scroll to the row again
   10        0.0    0.0%  check the row is the one the run listed
   11      294.2    8.7%  hover over Change and click it
   12       88.9    2.6%  find Cancel
   13      218.5    6.5%  click Cancel
   14       90.7    2.7%  find Confirmation
   15      223.1    6.6%  click Confirmation and park
   16       96.1    2.8%  wait for the dialog to close
   17      150.2    4.4%  wait for the item to land in tab 4
   18      873.1   25.8%  select inventory tab 4 after the withdrawal
          3385.6  100.0%  TOTAL
  inventory slot (1,1) at (1475, 236)
    read: current min 379,783, price field 379,783, net sales 379,783, week average 385,330, listed at 379,785
    the lowest listed price is 379,783, from the row and 3 more
    market 379,783, typing 379,782, 1 under the market
    net sales 31,521,906 is 83 x 379,782
  typed 250; the net sales make it 83
    the panel holds 379,782 against the 379,782 typed
  tab 4 read in 17 ms after the listing: 0 slot(s) held

  list 83 at 379,782
    #         ms   share  step
    1       23.1    0.5%  read the panel before loading
    2        0.1    0.0%  wait for slot (1,1) to fill
    3      790.1   16.7%  ctrl-click (1,1) attempt 1
    4      381.2    8.1%  read the suggested price
    5     1436.0   30.4%  type the price 379,782
    6      908.2   19.2%  type the quantity 250
    7      284.5    6.0%  take the quantity from the net sales
    8       88.3    1.9%  read the price back before Register
    9      218.5    4.6%  click Register
   10       89.6    1.9%  find Confirmation
   11       16.9    0.4%  look for the underprice question
   12      198.7    4.2%  click Confirmation
   13        0.5    0.0%  park
   14      104.4    2.2%  confirm the dialog is gone
   15      165.5    3.5%  wait for the panel to let the item go
   16       17.5    0.4%  read tab 4 after the listing
          4723.2  100.0%  TOTAL
  listed 83 at 379,782; it lands in row 13
DONE {"kind": "relist", "row": 13, "lands_in": 13, "qty": 83, "price": 379782, "item": "Force Core (Ultimate"}
    relisted 83 at 379,782 in row 13
  tab 4 known from the last listing: 0 slot(s) held
  row 14: 'Upgrade Core (Ultimate' x34 at 457,535 -> tab 4 slot (1, 1)
    floor 441,177 (441,177 x 1) from Upgrade Core Set (Ultimate) as last bought; listed at 457,535, above it
TASK {"kind": "relist", "row": 14, "item": "Upgrade Core (Ultimate", "qty": 34, "price": 457535, "tab": 4, "slot": [1, 1], "lands_in": 14}

  cancel row 14
    #         ms   share  step
    1      322.3    9.6%  click Refresh
    2      371.5   11.0%  scroll to the row
    3        0.0    0.0%  read the button of a row the run holds empty
    4      134.1    4.0%  read the row and its button
    5      519.8   15.4%  finish selecting inventory tab 4
    6        0.2    0.0%  check tab 4 before the withdrawal
    7        3.2    0.1%  work out the row, its floor and where it lands
    8       16.3    0.5%  check the shop slot is empty
    9        0.0    0.0%  scroll to the row again
   10        0.0    0.0%  check the row is the one the run listed
   11      290.9    8.6%  hover over Change and click it
   12       85.3    2.5%  find Cancel
   13      218.8    6.5%  click Cancel
   14       88.2    2.6%  find Confirmation
   15      220.7    6.6%  click Confirmation and park
   16       99.4    3.0%  wait for the dialog to close
   17      126.2    3.7%  wait for the item to land in tab 4
   18      872.7   25.9%  select inventory tab 4 after the withdrawal
          3369.5  100.0%  TOTAL
  inventory slot (1,1) at (1475, 236)
    read: current min 457,529, price field 457,529, net sales 457,529, week average 467,575, listed at 457,535
    the lowest listed price is 457,529, from the row and 3 more
    market 457,529, typing 457,528, 1 under the market
    net sales 15,555,952 is 34 x 457,528
  typed 250; the net sales make it 34
    the panel holds 457,528 against the 457,528 typed
  tab 4 read in 21 ms after the listing: 0 slot(s) held

  list 34 at 457,528
    #         ms   share  step
    1       25.8    0.5%  read the panel before loading
    2        0.1    0.0%  wait for slot (1,1) to fill
    3      791.5   16.8%  ctrl-click (1,1) attempt 1
    4      381.8    8.1%  read the suggested price
    5     1433.8   30.4%  type the price 457,528
    6      908.6   19.2%  type the quantity 250
    7      280.0    5.9%  take the quantity from the net sales
    8       86.9    1.8%  read the price back before Register
    9      219.4    4.6%  click Register
   10       88.1    1.9%  find Confirmation
   11       20.8    0.4%  look for the underprice question
   12      194.8    4.1%  click Confirmation
   13        0.6    0.0%  park
   14       99.5    2.1%  confirm the dialog is gone
   15      171.2    3.6%  wait for the panel to let the item go
   16       20.8    0.4%  read tab 4 after the listing
          4723.7  100.0%  TOTAL
  listed 34 at 457,528; it lands in row 14
DONE {"kind": "relist", "row": 14, "lands_in": 14, "qty": 34, "price": 457528, "item": "Upgrade Core (Ultimate"}
    relisted 34 at 457,528 in row 14
  tab 4 known from the last listing: 0 slot(s) held
  row 15: 'Upgrade Core (Ultimate' x10 at 457,534 -> tab 4 slot (1, 1)
    floor 441,177 (441,177 x 1) from Upgrade Core Set (Ultimate) as last bought; listed at 457,534, above it
TASK {"kind": "relist", "row": 15, "item": "Upgrade Core (Ultimate", "qty": 10, "price": 457534, "tab": 4, "slot": [1, 1], "lands_in": 15}

  cancel row 15
    #         ms   share  step
    1      322.6    9.5%  click Refresh
    2      371.0   10.9%  scroll to the row
    3        0.0    0.0%  read the button of a row the run holds empty
    4      127.3    3.7%  read the row and its button
    5      516.3   15.2%  finish selecting inventory tab 4
    6        0.5    0.0%  check tab 4 before the withdrawal
    7        3.6    0.1%  work out the row, its floor and where it lands
    8       18.3    0.5%  check the shop slot is empty
    9        0.0    0.0%  scroll to the row again
   10        0.0    0.0%  check the row is the one the run listed
   11      289.8    8.5%  hover over Change and click it
   12       86.6    2.5%  find Cancel
   13      217.8    6.4%  click Cancel
   14       88.9    2.6%  find Confirmation
   15      219.9    6.5%  click Confirmation and park
   16      110.1    3.2%  wait for the dialog to close
   17      153.1    4.5%  wait for the item to land in tab 4
   18      873.3   25.7%  select inventory tab 4 after the withdrawal
          3399.2  100.0%  TOTAL
  inventory slot (1,1) at (1475, 236)
    read: current min unread, price field unread, net sales unread, week average 467,575, listed at 457,534
    only 0 of the three price places read; 3 must agree before anything is typed
    read: current min unread, price field unread, net sales unread, week average 467,575, listed at 457,534
    only 0 of the three price places read; 3 must agree before anything is typed
    the lowest listed price would not read
  ctrl-click 1/1 loaded nothing from (1,1)
  the market would not price it after 1 ctrl-click(s); listing at the 457,534 it came out of the row at
    market 457,534, typing 457,534, the market itself
    read 1: the net sales read 44,575,340, and no reading is a whole number of 457,534
    read 2: the net sales read 44,575,340, and no reading is a whole number of 457,534
    read 3: the net sales read 44,575,340, and no reading is a whole number of 457,534
    read 4: the net sales read 44,575,340, and no reading is a whole number of 457,534
    read 5: the net sales read 44,575,340, and no reading is a whole number of 457,534
    read 6: the net sales read 44,575,340, and no reading is a whole number of 457,534
  STOPPED: the panel will not price 457,534 against its net sales after typing 250. Nothing has been listed.

9 pass(es), 112 relisted, 63 empty, 0 skipped in 1659s (14814 ms a row)

PROFIT THIS RUN -- what this run bought: sold lots at what they made, unsold lots at the price they were bought against
  item                              profit   units  margin        revenue           cost
  ------------------------------------------------------------------------------------
  SOLD                                   0       0    0.0%              0              0
  ------------------------------------------------------------------------------------
  RUN CLOSED                             0   (0 realised, +0 assumed)
  started 23:37:47, ended 00:07:48, ran for 30m 1s

##################################################################################

  ########  ##########    ######    ########    ########    ##########  ########  
  ########  ##########    ######    ########    ########    ##########  ########  
##              ##      ##      ##  ##      ##  ##      ##  ##          ##      ##
##              ##      ##      ##  ##      ##  ##      ##  ##          ##      ##
##              ##      ##      ##  ##      ##  ##      ##  ##          ##      ##
##              ##      ##      ##  ##      ##  ##      ##  ##          ##      ##
  ######        ##      ##      ##  ########    ########    ########    ##      ##
  ######        ##      ##      ##  ########    ########    ########    ##      ##
        ##      ##      ##      ##  ##          ##          ##          ##      ##
        ##      ##      ##      ##  ##          ##          ##          ##      ##
        ##      ##      ##      ##  ##          ##          ##          ##      ##
        ##      ##      ##      ##  ##          ##          ##          ##      ##
########        ##        ######    ##          ##          ##########  ########  
########        ##        ######    ##          ##          ##########  ########  

##################################################################################
  stopped: the panel will not price 457,534 against its net sales after typing 250. Nothing has been listed.

