recovered: back in the world,09:47:00,dead
relaunched (pid 8236),09:47:35,alive
attached (pid 8236),09:49:35,alive
NotReady: the Agent Shop would not reopen before pass 1, so there is nothing to read. Nothing touched.,09:51:56,dead
relaunched (pid 8436),09:52:21,alive
relaunched (pid 15816),09:53:31,alive
attached (pid 15816),10:34:36,alive
attached (pid 15816),10:59:34,alive
attached (pid 15816),12:15:11,alive
server lag: not answering,12:26:37,alive
server lag: the server stalled,12:27:38,alive
war window, log quiet 164s,12:30:19,alive
server lag: not answering,13:38:39,alive
server lag: the server stalled,13:39:41,alive
server lag: the server stalled,13:40:01,alive
attached (pid 15816),13:53:40,alive
attached (pid 15816),14:08:08,alive
stop condition: nothing loaded into the shop slot from (1,1) after 3 ctrl-click(s). Nothing has ,14:21:38,dead
nothing loaded into the shop slot from (1,1) after 3 ctrl-click(s). Nothing has been listed.,14:21:39,dead
finished: listed Upgrade Core (Ultimate from tab 4 (1,1); 0 slot(s) left,14:23:56,dead
relaunched (pid 10484),14:24:05,alive
attached (pid 10484),14:28:04,alive
server lag: not answering,15:24:02,alive
server lag: the server stalled,15:24:45,alive
war window, log quiet 163s,15:32:22,alive
KeyError: 'VK_CONTROL',15:58:41,dead
supervisor stopped: driver.py craft chaos exited 1: ended without a reason line,15:58:59,dead
no run alive; 2026-09-02_142401_run.log ended: KeyError: 'VK_CONTROL',16:08:24,dead
already in the world; nothing to recover,16:09:09,dead
finished: listed Upgrade Core (Ultimate from tab 4 (1,1); 0 slot(s) left,16:11:48,dead
relaunched (pid 1744),16:11:57,alive
server lag: not answering,16:32:24,alive
server lag: the server stalled,16:33:07,alive
server lag: the server stalled,16:33:29,alive
NotReady: inventory tab 4 is full, so row 1 would come back with nowhere to go. Nothing cancelled.,16:35:35,dead
recovered: back in the world,16:37:34,dead
relaunched (pid 13808),16:38:08,alive
server lag: not answering,17:12:03,alive
server lag: the server stalled,17:13:07,alive
attached (pid 13808),17:25:49,alive
war window, log quiet 165s,18:31:33,alive
server lag: not answering,18:42:00,alive
server lag: the server stalled,18:43:03,alive
attached (pid 13808),18:55:09,alive
stop condition: tab 4 slot (1,1) is still empty 8s after the withdrawal. Nothing listed.,19:20:27,dead
tab 4 slot (1,1) is still empty 8s after the withdrawal. Nothing listed.,19:20:28,dead
gave up on Upgrade Core (Ultimate: 40 slot(s) hovered, 9 left on tab 1 and tabs [2, 3, 5, 6, 7] unread,19:23:16,dead
relaunched (pid 16000),19:23:22,alive
RuntimeError: no readable Alz balance after pressing I twice and sweeping the screen; the Inventory panel is n,19:25:13,dead
recovered: back in the world,19:27:15,dead
relaunched (pid 17288),19:28:07,alive
server lag: not answering,19:28:50,alive
server lag: the server stalled,19:29:34,alive
ServerStalled: the server stalled for 60s; nothing was clicked and the shop is shut. The pass starts again.,19:29:37,dead
relaunched (pid 19872),19:30:09,alive
server lag: not answering,19:33:39,alive
server lag: the server stalled,19:34:42,alive
server lag: the server stalled,19:35:04,alive
attached (pid 19872),19:39:35,alive
server lag: not answering,20:10:06,alive
server lag: the server stalled,20:11:09,alive
server lag: not answering,20:15:19,alive
server lag: the server stalled,20:16:23,alive
server lag: not answering,21:52:29,alive
server lag: the server stalled,21:53:32,alive
server lag: not answering,22:04:12,alive
server lag: the server stalled,22:05:15,alive
server lag: the server stalled,22:05:37,alive
server lag: not answering,22:08:44,alive
server lag: the server stalled,22:09:47,alive
attached (pid 19872),22:11:05,alive
attached (pid 19872),22:16:41,alive
server lag: not answering,22:27:45,alive
server lag: the server stalled,22:28:49,alive
server lag: the server stalled,22:29:11,alive
RuntimeError: pressed I twice; the Inventory panel is not open where calibration.json says it is.,23:43:51,dead
recovered: back in the world,23:45:37,dead
relaunched (pid 20580),23:46:27,alive
server lag: not answering,00:23:26,alive
server lag: the server stalled,00:24:29,dead
NotReady: inventory tab 4 is full, so row 1 would come back with nowhere to go. Nothing cancelled.,00:24:31,dead
finished: list 1 1 0 4 Force Core(Highest) (Force Core(Highest)); 0 slot(s) left,00:26:54,dead
relaunched (pid 10844),00:27:03,alive
war window, log quiet 160s,00:32:14,alive
server lag: not answering,00:52:18,alive
server lag: the server stalled,00:53:21,alive
NotReady: inventory tab 4 is full, so row 1 would come back with nowhere to go. Nothing cancelled.,00:53:43,dead
finished: list 1 1 0 4 Upgrade Core (Ultimate) (Upgrade Core (Ultimate)); 0 slot(s) left,00:56:05,dead
relaunched (pid 21476),00:56:14,alive
server lag: not answering,01:07:38,alive
server lag: the server stalled,01:08:41,alive
RuntimeError: pressed I twice; the Inventory panel is not open where calibration.json says it is.,01:10:26,dead
recovered: back in the world,01:11:47,dead
finished: list 1 1 0 4 Force Core(Highest) (Force Core(Highest)); 0 slot(s) left,01:14:24,dead
relaunched (pid 21420),01:14:33,alive
stop condition: tab 4 slot (1,1) is still empty 8s after the withdrawal. Nothing listed.,01:34:37,dead
tab 4 slot (1,1) is still empty 8s after the withdrawal. Nothing listed.,01:34:38,dead
recovered: back in the world,01:36:19,dead
relaunched (pid 19720),01:36:55,alive
server lag: not answering,02:40:25,alive
server lag: the server stalled,02:41:29,alive
server lag: not answering,02:56:22,alive
server lag: the server stalled,02:57:25,dead
stop condition: tab 4 slot (1,2) is still empty 8s after the withdrawal. Nothing listed.,02:57:27,dead
tab 4 slot (1,2) is still empty 8s after the withdrawal. Nothing listed.,02:57:28,dead
recovered: back in the world,02:58:56,dead
finished: list 1 1 0 4 Chaos Core Set (Chaos Core Set); 7 slot(s) left,03:01:45,dead
finished: list 1 2 0 4 Force Core(Highest) (Force Core(Highest)); 0 slot(s) left,03:04:09,dead
relaunched (pid 21352),03:04:18,alive
server lag: not answering,03:20:35,alive
server lag: the server stalled,03:21:38,alive
NotReady: inventory tab 4 is full, so row 1 would come back with nowhere to go. Nothing cancelled.,03:22:01,dead
finished: list 1 1 0 4 Force Core(Highest) (Force Core(Highest)); 0 slot(s) left,03:24:21,dead
relaunched (pid 9188),03:24:30,alive
server lag: not answering,04:52:52,alive
server lag: the server stalled,04:53:55,alive
server lag: the server stalled,04:54:17,alive
server lag: not answering,05:30:13,alive
server lag: the server stalled,05:31:16,alive
server lag: not answering,06:14:07,alive
server lag: the server stalled,06:15:10,alive
stop condition: no Cancel button appeared after clicking Change on row 1. Nothing has been cance,06:15:33,dead
no Cancel button appeared after clicking Change on row 1. Nothing has been cancelled.,06:15:34,dead
recovered: back in the world,06:17:03,dead
relaunched (pid 5276),06:17:37,alive
war window, log quiet 170s,06:34:32,alive
server lag: not answering,07:01:01,alive
server lag: the server stalled,07:02:03,dead
ServerStalled: the server stalled for 60s; nothing was clicked and the shop is shut. The pass starts again.,07:02:04,dead
relaunched (pid 7212),07:02:30,alive
supervisor cancelled with Ctrl x4,07:14:32,dead
no run alive; 2026-09-03_070226_run.log ended: interrupted from the keyboard,07:15:16,dead
relaunched (pid 256),07:15:37,alive
NameError: name 'threshold' is not defined,07:18:45,dead
relaunched (pid 1424),07:19:05,alive
NameError: name 'threshold' is not defined,07:22:12,dead
relaunched (pid 5032),07:22:30,alive
server lag: not answering,07:39:19,alive
server lag: the server stalled,07:40:01,alive
server lag: the server stalled,07:40:23,alive
NotReady: inventory tab 4 is full, so row 1 would come back with nowhere to go. Nothing cancelled.,07:41:05,dead
finished: list 1 1 0 4 Upgrade Core (Ultimate) (Upgrade Core (Ultimate)); 0 slot(s) left,07:43:07,dead
relaunched (pid 20656),07:43:15,alive
server lag: not answering,09:12:27,alive
server lag: the server stalled,09:13:30,alive
war window, log quiet 153s,09:32:49,alive
supervisor cancelled with Ctrl x4,09:59:25,dead
no run alive; 2026-09-03_074311_run.log ended: interrupted from the keyboard,09:59:46,dead
recovered: back in the world,10:01:16,dead
relaunched (pid 20456),10:01:52,alive
server lag: not answering,11:24:02,alive
server lag: the server stalled,11:24:52,alive
server lag: the server stalled,11:25:14,alive
server lag: not answering,11:42:08,alive
server lag: the server stalled,11:42:50,alive
server lag: the server stalled,11:43:19,alive
server lag: not answering,12:05:18,alive
server lag: the server stalled,12:06:28,alive
the dialog stayed open after Confirmation on row 2. Whether the cancel committed is unknown -- check by hand.,12:12:14,dead
supervisor stopped: the dialog stayed up after 3 Confirmation clicks,12:13:22,dead
no run alive; 2026-09-03_100148_run.log ended: the dialog stayed open after Confirmation on row 2. Whether the cancel committed,12:16:41,dead
supervisor stopped: driver.py list 1 2 0 4 Force Core(High) exited 1: ServerStalled: the server stalled for 60s; nothing was clicked and the shop is shut. The pass starts,12:19:57,dead
no run alive; 2026-09-03_100148_run.log ended: the dialog stayed open after Confirmation on row 2. Whether the cancel committed,12:20:45,dead
supervisor stopped: driver.py list 1 2 0 4 Force Core(High) exited 1: RuntimeError: the dialog stayed open after Confirmation on row 1; the cancel is unconfirmed.,12:22:42,dead
no run alive; 2026-09-03_100148_run.log ended: the dialog stayed open after Confirmation on row 2. Whether the cancel committed,13:52:44,dead
finished: list 1 2 0 4 Force Core(High) (Force Core(High)); 0 slot(s) left,13:55:21,dead
relaunched (pid 15080),13:55:30,alive
server lag: not answering,14:17:39,alive
server lag: the server stalled,14:18:46,alive
war window, log quiet 169s,15:33:09,alive
supervisor cancelled with Ctrl x4,16:14:04,dead
no run alive; 2026-09-03_135527_run.log ended: interrupted from the keyboard,16:14:19,dead
relaunched (pid 21120),16:14:39,alive
server lag: not answering,16:39:49,alive
server lag: the server stalled,16:40:56,alive
server lag: the server stalled,16:41:21,alive
RuntimeError: pressed I twice; the Inventory panel is not open where calibration.json says it is.,17:26:19,dead
no run alive; 2026-09-03_161435_run.log ended: RuntimeError: pressed I twice; the Inventory panel is not open where calibration,17:35:22,dead
recovered: back in the world,17:37:13,dead
relaunched (pid 12764),17:38:02,alive
server lag: not answering,18:32:55,alive
disconnected (run still up),18:33:21,alive
server lag: the server stalled,18:34:04,alive
disconnected 180s and the run has not died; killing pid 12764,18:36:40,dead
ended without a reason line,18:36:42,dead
recovered: back in the world,18:38:14,dead
relaunched (pid 20828),18:39:01,alive
server lag: not answering,18:51:06,alive
server lag: the server stalled,18:52:15,alive
server lag: not answering,20:34:44,alive
server lag: the server stalled,20:35:27,alive
server lag: the server stalled,20:35:54,alive
server lag: not answering,20:36:16,alive
server lag: the server stalled,20:37:04,alive
server lag: the server stalled,20:37:25,alive
war window, log quiet 174s,21:30:47,alive
server lag: not answering,00:33:08,alive
server lag: the server stalled,00:33:57,alive
NotReady: inventory tab 4 is full, so row 1 would come back with nowhere to go. Nothing cancelled.,00:35:53,dead
finished: list 1 1 0 4 Force Core(Highest) (Force Core(Highest)); 0 slot(s) left,00:38:24,dead
relaunched (pid 5468),00:38:38,alive
server lag: not answering,01:19:22,alive
server lag: the server stalled,01:20:05,alive
server lag: the server stalled,01:20:34,alive
server lag: not answering,01:21:42,alive
server lag: the server stalled,01:22:25,alive
server lag: the server stalled,01:22:52,alive
server lag: not answering,03:14:47,alive
server lag: the server stalled,03:15:55,alive
disconnected (run still up),03:15:59,alive
disconnected 180s and the run has not died; killing pid 5468,03:19:20,dead
ended without a reason line,03:19:21,dead
recovered: back in the world,03:21:01,dead
stranded stock on tab 4: 1 slot(s) the tooltip does not name, from (1, 8); the run lands beside it,03:21:37,dead
relaunched (pid 2652),03:21:54,alive
war window, log quiet 153s,03:30:23,alive
attached (pid 2652),03:32:17,alive
war window, log quiet 267s,03:32:26,alive
server lag: not answering,03:55:01,alive
server lag: the server stalled,03:55:51,alive
server lag: the server stalled,03:56:13,alive
server lag: not answering,03:57:01,alive
server lag: the server stalled,03:57:56,alive
server lag: the server stalled,03:58:19,alive
supervisor cancelled with Ctrl x4,05:36:45,dead
no run alive; 2026-09-04_032150_run.log ended: interrupted from the keyboard,05:37:05,dead
relaunched (pid 18436),05:37:49,alive
server lag: not answering,06:07:30,alive
server lag: the server stalled,06:08:43,alive
war window, log quiet 158s,06:30:16,alive
server lag: not answering,06:45:25,alive
server lag: the server stalled,06:46:13,alive
server lag: the server stalled,06:46:34,alive
server lag: not answering,07:02:43,alive
server lag: the server stalled,07:03:26,alive
server lag: the server stalled,07:03:54,alive
supervisor cancelled with Ctrl x4,07:31:04,dead
no run alive; 2026-09-04_053746_run.log ended: interrupted from the keyboard,07:33:23,dead
relaunched (pid 3436),07:33:57,alive
server lag: not answering,08:10:36,alive
server lag: the server stalled,08:11:44,alive
server lag: not answering,08:38:37,alive
server lag: the server stalled,08:39:47,alive
server lag: not answering,09:12:04,alive
disconnected (run still up),09:12:29,alive
server lag: the server stalled,09:12:51,alive
server lag: the server stalled,09:13:13,alive
disconnected 180s and the run has not died; killing pid 3436,09:15:53,dead
ended without a reason line,09:15:55,dead
recovered: back in the world,09:17:24,dead
relaunched (pid 17068),09:18:03,alive
war window, log quiet 165s,09:33:15,alive
supervisor cancelled with Ctrl x4,10:27:29,dead
no run alive; 2026-09-04_091800_run.log ended: interrupted from the keyboard,10:27:45,dead
relaunched (pid 21184),10:28:24,alive
server lag: not answering,10:53:54,alive
server lag: the server stalled,10:55:03,alive
server lag: not answering,12:32:51,alive
server lag: the server stalled,12:33:57,alive
NotReady: inventory tab 4 is full, so row 1 would come back with nowhere to go. Nothing cancelled.,12:35:29,dead
relaunched (pid 11564),12:35:55,alive
NotReady: inventory tab 4 is full, so row 1 would come back with nowhere to go. Nothing cancelled.,12:38:56,dead
finished: list 1 1 0 4 Force Core(High) (Force Core(High)); 0 slot(s) left,12:41:06,dead
relaunched (pid 21196),12:41:18,alive
supervisor cancelled with Ctrl x4,12:49:45,dead
no run alive; 2026-09-04_124114_run.log ended: interrupted from the keyboard,12:52:12,dead
relaunched (pid 19524),12:52:52,alive
server lag: not answering,12:55:54,alive
server lag: the server stalled,12:57:02,alive
server lag: the server stalled,12:57:23,alive
server lag: not answering,14:03:01,alive
server lag: the server stalled,14:04:11,alive
stop condition: nothing loaded into the shop slot from (1,1) after 3 ctrl-click(s). Nothing has ,14:48:48,dead
nothing loaded into the shop slot from (1,1) after 3 ctrl-click(s). Nothing has been listed.,14:48:49,dead
recovered: back in the world,14:50:32,dead
finished: list 1 1 0 4 Force Core(Highest) (Force Core(Highest)); 0 slot(s) left,14:53:33,dead
relaunched (pid 1264),14:53:49,alive
war window, log quiet 163s,15:32:57,alive
server lag: not answering,15:57:51,alive
server lag: the server stalled,15:59:00,alive
server lag: the server stalled,15:59:22,alive
server lag: not answering,16:22:50,alive
server lag: the server stalled,16:23:57,alive
server lag: the server stalled,16:24:24,alive
war window, log quiet 170s,18:30:59,alive
server lag: not answering,18:42:47,alive
server lag: the server stalled,18:43:58,alive
server lag: not answering,20:35:17,alive
server lag: the server stalled,20:36:24,alive
server lag: not answering,21:07:12,alive
server lag: the server stalled,21:08:19,alive
server lag: not answering,21:08:45,alive
server lag: the server stalled,21:09:55,alive
server lag: the server stalled,21:10:17,alive
server lag: not answering,21:11:04,alive
server lag: the server stalled,21:12:13,alive
war window, log quiet 170s,21:31:39,alive
server lag: not answering,22:27:14,alive
server lag: the server stalled,22:28:02,alive
server lag: the server stalled,22:28:24,alive
server lag: not answering,22:37:13,alive
server lag: the server stalled,22:38:22,alive
server lag: not answering,22:47:30,alive
server lag: the server stalled,22:48:18,alive
server lag: the server stalled,22:48:39,alive
war window, log quiet 163s,00:32:58,alive
server lag: not answering,01:09:25,alive
server lag: the server stalled,01:10:15,alive
server lag: the server stalled,01:10:38,alive
server lag: not answering,02:05:33,alive
server lag: the server stalled,02:06:45,alive
server lag: not answering,02:17:36,alive
server lag: the server stalled,02:18:26,alive
server lag: the server stalled,02:18:49,alive
server lag: not answering,03:12:34,alive
server lag: the server stalled,03:13:43,alive
NotReady: inventory tab 4 is full, so row 1 would come back with nowhere to go. Nothing cancelled.,03:14:31,dead
finished: list 1 1 0 4 Force Core(High) (Force Core(High)); 0 slot(s) left,03:17:26,dead
relaunched (pid 21540),03:17:43,alive
server lag: not answering,03:18:54,alive
server lag: the server stalled,03:20:02,dead
ServerStalled: the server stalled for 60s; nothing was clicked and the shop is shut. The pass starts again.,03:20:08,dead
relaunched (pid 1416),03:20:51,alive
server lag: not answering,03:22:30,alive
server lag: the server stalled,03:23:41,dead
ServerStalled: the server stalled for 60s; nothing was clicked and the shop is shut. The pass starts again.,03:23:42,dead
relaunched (pid 20736),03:24:24,alive
war window, log quiet 159s,03:30:35,alive
server lag: not answering,03:35:19,alive
server lag: the server stalled,03:36:29,alive
server lag: not answering,04:55:31,alive
server lag: the server stalled,04:56:38,alive
server lag: not answering,05:06:44,alive
server lag: the server stalled,05:07:51,alive
server lag: the server stalled,05:08:18,alive
server lag: not answering,05:11:39,alive
server lag: the server stalled,05:12:22,alive
server lag: the server stalled,05:12:53,alive
server lag: not answering,05:31:53,alive
server lag: the server stalled,05:33:03,alive
server lag: not answering,06:04:56,alive
server lag: the server stalled,06:05:46,alive
server lag: the server stalled,06:06:08,alive
server lag: not answering,06:15:48,alive
disconnected (run still up),06:16:13,alive
disconnected 9s on; killing pid 20736,06:16:22,dead
ended without a reason line,06:16:24,dead
recovered: back in the world,06:18:12,dead
finished: list 1 1 0 4 Chaos Core Set (Chaos Core Set); 0 slot(s) left,06:21:19,dead
relaunched (pid 20488),06:21:36,alive
war window, log quiet 165s,06:31:47,alive
server lag: not answering,06:54:29,alive
server lag: the server stalled,06:55:39,alive
supervisor cancelled with Ctrl x4,07:44:05,dead
no run alive; 2026-09-05_062132_run.log ended: interrupted from the keyboard,07:54:43,dead
recovered: back in the world,07:56:23,dead
relaunched (pid 23780),07:57:10,alive
server lag: not answering,09:11:02,alive
server lag: the server stalled,09:12:09,alive
war window, log quiet 151s,09:30:02,alive
server lag: not answering,10:17:34,alive
server lag: the server stalled,10:18:41,alive
server lag: not answering,11:00:31,alive
server lag: the server stalled,11:01:40,alive
server lag: not answering,11:02:28,alive
server lag: the server stalled,11:03:11,alive
server lag: the server stalled,11:03:40,alive
server lag: not answering,12:28:16,alive
server lag: the server stalled,12:29:25,alive
war window, log quiet 162s,12:32:02,alive
disconnected (run still up),12:44:44,alive
disconnected 11s on; killing pid 23780,12:44:56,dead
ended without a reason line,12:44:57,dead
finished: list 1 1 0 4 Upgrade Core (Ultimate) (Upgrade Core (Ultimate)); 0 slot(s) left,12:47:23,dead
relaunched (pid 23760),12:47:39,alive
server lag: not answering,13:32:15,alive
server lag: the server stalled,13:33:04,alive
server lag: the server stalled,13:33:25,alive
server lag: not answering,15:17:31,alive
server lag: the server stalled,15:18:40,alive
server lag: not answering,15:27:17,alive
server lag: the server stalled,15:27:59,alive
server lag: the server stalled,15:28:28,alive
war window, log quiet 156s,15:30:45,alive
server lag: not answering,15:35:19,alive
server lag: the server stalled,15:36:29,alive
server lag: not answering,15:36:51,alive
server lag: the server stalled,15:38:01,alive
RuntimeError: the Inventory panel is not open after pressing I and clicking tab 8. The game is showing somethi,18:21:47,dead
relaunched (pid 20764),18:22:19,alive
war window, log quiet 151s,18:32:12,alive
server lag: not answering,18:35:51,alive
server lag: the server stalled,18:36:58,alive
server lag: not answering,19:51:15,alive
server lag: the server stalled,19:52:25,alive
server lag: not answering,20:00:12,alive
server lag: the server stalled,20:01:20,alive
supervisor cancelled with Ctrl x4,20:23:47,dead
no run alive; 2026-09-05_182216_run.log ended: interrupted from the keyboard,20:24:18,dead
relaunched (pid 18224),20:25:08,alive
server lag: not answering,21:18:55,alive
server lag: the server stalled,21:20:01,alive
disconnected (run still up),21:20:06,alive
disconnected 10s on; killing pid 18224,21:20:15,dead
ended without a reason line,21:20:17,dead
recovered: back in the world,21:22:04,dead
relaunched (pid 21996),21:22:53,alive
server lag: not answering,21:44:27,alive
server lag: the server stalled,21:45:36,alive
server lag: not answering,00:20:43,alive
server lag: the server stalled,00:21:51,alive
war window, log quiet 156s,00:33:21,alive
server lag: not answering,01:09:03,alive
server lag: the server stalled,01:10:12,alive
server lag: not answering,01:55:36,alive
server lag: the server stalled,01:56:44,alive
server lag: the server stalled,01:57:06,alive
supervisor cancelled with Ctrl x4,02:33:55,dead
no run alive; 2026-09-05_212249_run.log ended: interrupted from the keyboard,02:41:51,dead
recovered: back in the world,02:43:40,dead
relaunched (pid 15312),02:44:27,alive
server lag: not answering,03:26:34,alive
server lag: the server stalled,03:27:42,alive
NotReady: inventory tab 4 is full, so row 1 would come back with nowhere to go. Nothing cancelled.,03:28:29,dead
finished: list 1 1 0 4 Force Core(Highest) (Force Core(Highest)); 0 slot(s) left,03:31:02,dead
relaunched (pid 20164),03:31:17,alive
stop condition: the dialog stayed open after Confirmation on row 1. Whether the cancel committed,05:01:49,dead
the dialog stayed open after Confirmation on row 1. Whether the cancel committed is unknown -- check by hand.,05:01:50,dead
the server took the run down: the dialog stayed open after Confirmation on row 1. Whether ; not counted as a short run,05:01:50,dead
finished: list 1 2 0 4 Force Core(Highest) (Force Core(Highest)); 0 slot(s) left,05:05:48,dead
relaunched (pid 24800),05:06:03,alive
server lag: not answering,05:39:05,alive
server lag: the server stalled,05:40:13,alive
supervisor cancelled with Ctrl x4,06:28:08,dead
no run alive; 2026-09-06_050559_run.log ended: interrupted from the keyboard,06:30:04,dead
relaunched (pid 17296),06:30:48,alive
supervisor cancelled with Ctrl x4,07:40:05,dead
no run alive; 2026-09-06_063045_run.log ended: interrupted from the keyboard,07:40:33,dead
relaunched (pid 22176),07:41:07,alive
supervisor cancelled with Ctrl x4,08:02:39,dead
no run alive; 2026-09-06_074104_run.log ended: interrupted from the keyboard,08:07:19,dead
relaunched (pid 18800),08:07:58,alive
supervisor cancelled with Ctrl x4,08:38:40,dead
no run alive; 2026-09-06_080754_run.log ended: interrupted from the keyboard,08:39:11,dead
relaunched (pid 15220),08:39:44,alive
server lag: not answering,09:12:01,alive
disconnected (run still up),09:12:45,alive
disconnected 9s on; killing pid 15220,09:12:54,dead
ended without a reason line,09:12:55,dead
recovered: back in the world,09:14:23,dead
finished: list 1 1 0 4 Upgrade Core (Ultimate) (Upgrade Core (Ultimate)); 0 slot(s) left,09:17:00,dead
relaunched (pid 25496),09:17:16,alive
war window, log quiet 161s,09:33:01,alive
server lag: not answering,11:47:47,alive
server lag: the server stalled,11:48:53,alive
server lag: the server stalled,11:49:19,alive
war window, log quiet 156s,12:34:04,alive
server lag: not answering,13:04:42,alive
server lag: the server stalled,13:05:49,alive
NotReady: the Agent Shop is not open after resupplying.,13:54:53,dead
tab 4 slot (1,1) has no tooltip name; listing it at the panel's price and the full quantity,13:55:21,dead
recovery attempt 1 failed: driver.py list 1 1 0 4 exited 1: RuntimeError: right-clicked the Agent; attempt 2 in 60s,13:55:44,dead
tab 4 slot (1,1) has no tooltip name; listing it at the panel's price and the full quantity,13:57:13,dead
recovery attempt 2 failed: driver.py list 1 1 0 4 exited 1: RuntimeError: right-clicked the Agent; attempt 3 in 60s,13:57:35,dead
tab 4 slot (1,1) has no tooltip name; listing it at the panel's price and the full quantity,13:59:05,dead
supervisor stopped: driver.py list 1 1 0 4 exited 1: RuntimeError: right-clicked the Agent Shop key twice and the Trade window never appeared. Nothing wr,13:59:28,dead
no run alive; 2026-09-06_091712_run.log ended: NotReady: the Agent Shop is not open after resupplying.,14:02:40,dead
finished: list 1 1 0 4 Chaos Core Set (Chaos Core Set); 0 slot(s) left,14:05:35,dead
relaunched (pid 5680),14:05:49,alive
server lag: not answering,15:03:52,alive
server lag: the server stalled,15:05:00,alive
server lag: not answering,15:05:21,alive
server lag: the server stalled,15:06:28,alive
server lag: the server stalled,15:06:54,alive
server lag: not answering,15:27:11,alive
server lag: the server stalled,15:27:57,alive
war window, log quiet 157s,15:30:32,alive
server lag: not answering,15:59:11,alive
server lag: the server stalled,15:59:52,alive
server lag: the server stalled,16:00:20,alive
stop condition: tab 4 slot (1,1) is still empty 8s after the withdrawal. Nothing listed.,17:35:59,dead
tab 4 slot (1,1) is still empty 8s after the withdrawal. Nothing listed.,17:35:59,dead
relaunched (pid 26568),17:36:37,alive
RuntimeError: right-clicked the Agent Shop key twice and the Trade window never appeared. Nothing written.,17:37:30,dead
relaunched (pid 17736),17:38:09,alive
RuntimeError: right-clicked the Agent Shop key twice and the Trade window never appeared. Nothing written.,17:39:00,dead
relaunched (pid 23036),17:39:37,alive
RuntimeError: right-clicked the Agent Shop key twice and the Trade window never appeared. Nothing written.,17:40:27,dead
supervisor stopped: 3 runs in a row died within 300s of launch; last: RuntimeError: right-clicked the Agent Shop key twice and the Trade window never ,17:40:27,dead
no run alive; 2026-09-06_173934_run.log ended: RuntimeError: right-clicked the Agent Shop key twice and the Trade window never ,18:50:45,dead
recovered: back in the world,18:51:53,dead
relaunched (pid 26140),18:52:30,alive
server lag: not answering,20:16:58,alive
server lag: the server stalled,20:17:40,alive
server lag: the server stalled,20:18:06,alive
server lag: not answering,21:13:09,alive
server lag: the server stalled,21:14:19,alive
server lag: not answering,21:14:41,alive
server lag: the server stalled,21:15:50,alive
server lag: not answering,21:20:47,alive
server lag: the server stalled,21:21:57,alive
server lag: not answering,21:26:25,alive
server lag: the server stalled,21:27:35,alive
war window, log quiet 155s,21:34:01,alive
server lag: not answering,22:35:25,alive
server lag: the server stalled,22:36:13,alive
server lag: the server stalled,22:36:34,alive
server lag: not answering,00:06:53,alive
server lag: the server stalled,00:08:02,alive
server lag: not answering,00:08:23,alive
server lag: the server stalled,00:09:11,alive
server lag: the server stalled,00:09:33,alive
server lag: not answering,00:22:29,alive
server lag: the server stalled,00:23:37,alive
server lag: not answering,00:23:59,alive
server lag: the server stalled,00:24:47,alive
server lag: the server stalled,00:25:08,alive
war window, log quiet 153s,00:34:04,alive
server lag: not answering,01:25:23,alive
server lag: the server stalled,01:26:29,alive
server lag: not answering,01:32:48,alive
server lag: the server stalled,01:33:36,alive
server lag: the server stalled,01:33:57,alive
stop condition: tab 4 slot (1,2) is still empty 8s after the withdrawal. Nothing listed.,01:47:17,dead
tab 4 slot (1,2) is still empty 8s after the withdrawal. Nothing listed.,01:47:18,dead
finished: list 1 1 0 4 Chaos Core Set (Chaos Core Set); 0 slot(s) left,01:49:41,dead
relaunched (pid 27352),01:49:55,alive
server lag: not answering,01:51:06,alive
server lag: the server stalled,01:52:12,dead
ServerStalled: the server stalled for 60s; nothing was clicked and the shop is shut. The pass starts again.,01:52:18,dead
the server took the run down: ServerStalled: the server stalled for 60s; nothing was click; not counted as a short run,01:52:18,dead
relaunched (pid 27528),01:52:54,alive
RuntimeError: right-clicked the Agent Shop key twice and the Trade window never appeared. Nothing written.,01:53:43,dead
relaunched (pid 10304),01:54:19,alive
server lag: not answering,02:09:36,alive
server lag: the server stalled,02:10:44,alive
supervisor cancelled with Ctrl x4,02:12:58,dead
no run alive; 2026-09-07_015416_run.log ended: interrupted from the keyboard,02:23:06,dead
relaunched (pid 27288),02:23:35,alive
supervisor cancelled with Ctrl x4,03:11:50,dead
no run alive; 2026-09-07_022331_run.log ended: interrupted from the keyboard,03:12:06,dead
relaunched (pid 5992),03:12:44,alive
server lag: not answering,03:15:27,alive
server lag: the server stalled,03:16:36,alive
war window, log quiet 151s,03:32:28,alive
server lag: not answering,03:37:44,alive
server lag: the server stalled,03:38:53,alive
server lag: not answering,04:05:23,alive
server lag: the server stalled,04:06:05,alive
server lag: the server stalled,04:06:33,alive
server lag: not answering,05:44:12,alive
server lag: the server stalled,05:45:21,alive
server lag: not answering,06:21:51,alive
server lag: the server stalled,06:23:00,alive
server lag: not answering,06:23:21,alive
server lag: the server stalled,06:24:09,alive
server lag: the server stalled,06:24:30,alive
stop condition: the shop slot already holds something the panel prices at 218,825; row 7 has NOT,06:30:01,dead
the shop slot already holds something the panel prices at 218,825; row 7 has NOT been cancelled. Clear the slo,06:30:05,dead
tab 4 slot (1,1) has no tooltip name; listing it at the panel's price and the full quantity,06:30:51,dead
recovery attempt 1 failed: driver.py list 1 1 0 4 exited 1: RuntimeError: the Purchase tab would ; attempt 2 in 60s,06:31:36,dead
recovered: back in the world,06:34:05,dead
relaunched (pid 6684),06:34:43,alive
war window, log quiet 163s,09:33:23,alive
server lag: not answering,10:18:04,alive
server lag: the server stalled,10:19:11,alive
server lag: not answering,10:24:40,alive
server lag: the server stalled,10:25:48,alive
server lag: not answering,11:02:41,alive
server lag: the server stalled,11:03:50,alive
the panel will not price 177,112,865 against its net sales after typing 250. Nothing has been listed.,11:18:47,dead
finished: list 1 1 0 4 Chaos Core Set (Chaos Core Set); 0 slot(s) left,11:21:15,dead
relaunched (pid 24612),11:21:30,alive
server lag: not answering,12:21:18,alive
server lag: the server stalled,12:22:28,alive
war window, log quiet 155s,12:31:23,alive
server lag: not answering,12:50:02,alive
server lag: the server stalled,12:51:12,alive
server lag: not answering,13:03:26,alive
server lag: the server stalled,13:04:34,alive
server lag: the server stalled,13:04:56,alive
server lag: not answering,13:38:27,alive
server lag: the server stalled,13:39:37,alive
server lag: not answering,15:16:16,alive
server lag: the server stalled,15:17:23,alive
server lag: not answering,15:35:49,alive
server lag: the server stalled,15:36:59,alive
server lag: not answering,15:59:45,alive
server lag: the server stalled,16:00:35,alive
server lag: the server stalled,16:00:56,alive
server lag: not answering,16:31:29,alive
server lag: the server stalled,16:32:35,alive
server lag: the server stalled,16:33:00,alive
server lag: not answering,17:22:15,alive
server lag: the server stalled,17:23:22,alive
server lag: the server stalled,17:23:44,alive
war window, log quiet 166s,18:33:29,alive
server lag: not answering,20:31:10,alive
server lag: the server stalled,20:32:18,alive
server lag: not answering,21:02:10,alive
server lag: the server stalled,21:02:52,alive
server lag: the server stalled,21:03:18,alive
server lag: not answering,21:28:42,alive
server lag: the server stalled,21:29:29,alive
server lag: the server stalled,21:29:51,alive
war window, log quiet 151s,21:32:14,alive
server lag: not answering,21:51:16,alive
server lag: the server stalled,21:52:23,alive
server lag: the server stalled,21:52:52,dead
NotReady: the Agent Shop is not open after resupplying.,21:52:53,dead
recovered: back in the world,21:54:45,dead
relaunched (pid 23444),21:55:31,alive
server lag: not answering,22:23:30,alive
server lag: the server stalled,22:24:38,alive
disconnected (run still up),22:24:41,alive
disconnected 9s on; killing pid 23444,22:24:51,dead
tab 4 slot (1,1) is still empty 8s after the withdrawal. Nothing listed.,22:24:52,dead
recovered: back in the world,22:26:13,dead
finished: list 1 1 0 4 Force Core(Highest) (Force Core(Highest)); 0 slot(s) left,22:28:52,dead
relaunched (pid 22256),22:29:09,alive
server lag: not answering,22:41:04,alive
server lag: the server stalled,22:42:13,alive
supervisor cancelled with Ctrl x4,22:46:42,dead
no run alive; 2026-09-07_222905_run.log ended: interrupted from the keyboard,23:03:38,dead
recovered: back in the world,23:05:12,dead
relaunched (pid 8848),23:05:55,alive
server lag: not answering,00:05:24,alive
server lag: the server stalled,00:06:34,alive
server lag: not answering,00:19:55,alive
server lag: the server stalled,00:21:04,alive
war window, log quiet 169s,00:31:53,alive
server lag: not answering,01:15:58,alive
server lag: the server stalled,01:17:07,alive
server lag: not answering,01:32:57,alive
server lag: the server stalled,01:34:04,alive
server lag: the server stalled,01:34:30,alive
server lag: not answering,02:00:02,alive
server lag: the server stalled,02:01:10,alive
server lag: not answering,02:25:12,alive
server lag: the server stalled,02:26:21,alive
server lag: the server stalled,02:26:47,alive
server lag: not answering,02:53:46,alive
server lag: the server stalled,02:54:55,alive
server lag: not answering,02:55:17,alive
server lag: the server stalled,02:56:23,alive
war window, log quiet 158s,03:30:08,alive
stop condition: tab 4 slot (1,2) is still empty 8s after the withdrawal. Nothing listed.,04:11:44,dead
tab 4 slot (1,2) is still empty 8s after the withdrawal. Nothing listed.,04:11:44,dead
finished: list 1 1 0 4 Chaos Core Set (Chaos Core Set); 0 slot(s) left,04:14:17,dead
relaunched (pid 21136),04:14:32,alive
stop condition: tab 4 slot (1,2) is still empty 8s after the withdrawal. Nothing listed.,04:22:02,dead
tab 4 slot (1,2) is still empty 8s after the withdrawal. Nothing listed.,04:22:02,dead
finished: list 1 1 0 4 Chaos Core Set (Chaos Core Set); 0 slot(s) left,04:24:26,dead
relaunched (pid 19976),04:24:41,alive
server lag: not answering,04:45:33,alive
server lag: the server stalled,04:46:41,alive
server lag: not answering,05:36:46,alive
server lag: the server stalled,05:37:34,alive
server lag: the server stalled,05:37:55,alive
war window, log quiet 160s,06:34:26,alive
server lag: not answering,06:35:29,alive
server lag: the server stalled,06:36:17,alive
server lag: the server stalled,06:36:38,alive
server lag: not answering,07:00:16,alive
server lag: the server stalled,07:01:25,alive
server lag: not answering,07:06:11,alive
server lag: the server stalled,07:07:18,alive
server lag: not answering,07:21:47,alive
server lag: the server stalled,07:22:35,alive
server lag: the server stalled,07:22:56,alive
server lag: not answering,07:31:51,alive
server lag: the server stalled,07:32:59,alive
stop condition: the shop slot already holds something the panel prices at 455,420; row 6 has NOT,09:20:31,dead
the shop slot already holds something the panel prices at 455,420; row 6 has NOT been cancelled. Clear the slo,09:20:35,dead
relaunched (pid 28240),09:21:05,alive
attached (pid 28240),09:26:55,alive
supervisor cancelled with Ctrl x4,09:59:28,dead
no run alive; 2026-09-08_092101_run.log ended: NotReady: the Agent Shop is not open after resupplying.,10:03:56,dead
finished: list 1 1 0 4 Chaos Core Set (Chaos Core Set); 0 slot(s) left,10:06:52,dead
relaunched (pid 29668),10:07:08,alive
supervisor cancelled with Ctrl x4,11:21:25,dead
no run alive; 2026-09-08_100704_run.log ended: interrupted from the keyboard,11:21:40,dead
relaunched (pid 21172),11:22:22,alive
server lag: not answering,12:17:39,alive
server lag: the server stalled,12:18:47,alive
server lag: not answering,12:20:14,alive
server lag: the server stalled,12:21:20,alive
server lag: the server stalled,12:21:45,alive
server lag: not answering,12:22:53,alive
server lag: the server stalled,12:24:01,alive
war window, log quiet 160s,12:34:16,alive
stop condition: the shop slot already holds something the panel prices at 448,852; row 3 has NOT,15:17:03,dead
the shop slot already holds something the panel prices at 448,852; row 3 has NOT been cancelled. Clear the slo,15:17:04,dead
relaunched (pid 8340),15:17:36,alive
server lag: not answering,17:16:46,alive
server lag: the server stalled,17:17:28,alive
server lag: the server stalled,17:17:54,alive
server lag: not answering,17:18:16,alive
server lag: the server stalled,17:19:05,alive
server lag: the server stalled,17:19:26,alive
server lag: not answering,17:47:39,alive
server lag: the server stalled,17:48:26,alive
server lag: the server stalled,17:48:47,alive
server lag: not answering,18:06:43,alive
server lag: the server stalled,18:07:25,alive
server lag: the server stalled,18:07:52,alive
server lag: not answering,18:21:24,alive
server lag: the server stalled,18:22:31,alive
server lag: the server stalled,18:22:52,alive
war window, log quiet 156s,18:31:45,alive
server lag: not answering,18:54:17,alive
server lag: the server stalled,18:55:27,alive
server lag: not answering,19:22:17,alive
server lag: the server stalled,19:23:26,alive
server lag: not answering,19:51:31,alive
server lag: the server stalled,19:52:40,alive
server lag: not answering,20:13:36,alive
disconnected (run still up),20:14:21,alive
disconnected 10s on; killing pid 8340,20:14:32,dead
ServerStalled: the server stalled for 60s; nothing was clicked and the shop is shut. The pass starts again.,20:14:32,dead
the server took the run down: ServerStalled: the server stalled for 60s; nothing was click; not counted as a short run,20:14:32,dead
recovered: back in the world,20:16:35,dead
relaunched (pid 26320),20:17:14,alive
server lag: not answering,20:19:10,alive
server lag: the server stalled,20:19:56,dead
ServerStalled: the server stalled for 60s; nothing was clicked and the shop is shut. The pass starts again.,20:19:57,dead
the server took the run down: ServerStalled: the server stalled for 60s; nothing was click; not counted as a short run,20:19:57,dead
finished: list 1 1 0 4 Force Core (Ultimate) (Force Core (Ultimate)); 0 slot(s) left,20:22:27,dead
relaunched (pid 6176),20:22:41,alive
server lag: not answering,20:23:30,alive
server lag: the server stalled,20:24:36,dead
ServerStalled: the server stalled for 60s; nothing was clicked and the shop is shut. The pass starts again.,20:24:36,dead
the server took the run down: ServerStalled: the server stalled for 60s; nothing was click; not counted as a short run,20:24:36,dead
relaunched (pid 28004),20:25:13,alive
server lag: not answering,20:59:06,alive
server lag: the server stalled,20:59:55,alive
server lag: the server stalled,21:00:17,alive
server lag: not answering,21:25:45,alive
server lag: the server stalled,21:26:53,alive
war window, log quiet 160s,21:34:28,alive
server lag: not answering,22:13:51,alive
server lag: the server stalled,22:15:01,alive
server lag: not answering,23:50:02,alive
server lag: the server stalled,23:50:44,alive
server lag: the server stalled,23:51:10,alive
server lag: not answering,00:30:27,alive
server lag: the server stalled,00:31:34,dead
ServerStalled: the server stalled for 60s; nothing was clicked and the shop is shut. The pass starts again.,00:31:34,dead
the server took the run down: ServerStalled: the server stalled for 60s; nothing was click; not counted as a short run,00:31:34,dead
relaunched (pid 22028),00:32:16,alive
RuntimeError: right-clicked the Agent Shop key twice and the Trade window never appeared. Nothing written.,00:33:07,dead
relaunched (pid 30280),00:33:49,alive
RuntimeError: right-clicked the Agent Shop key twice and the Trade window never appeared. Nothing written.,00:34:38,dead
relaunched (pid 6948),00:35:21,alive
RuntimeError: right-clicked the Agent Shop key twice and the Trade window never appeared. Nothing written.,00:36:10,dead
supervisor stopped: 3 runs in a row died within 300s of launch; last: RuntimeError: right-clicked the Agent Shop key twice and the Trade window never ,00:36:10,dead
no run alive; 2026-09-09_003517_run.log ended: RuntimeError: right-clicked the Agent Shop key twice and the Trade window never ,00:38:35,dead
relaunched (pid 19204),00:39:15,alive
RuntimeError: right-clicked the Agent Shop key twice and the Trade window never appeared. Nothing written.,00:40:05,dead
relaunched (pid 22336),00:40:47,alive
RuntimeError: right-clicked the Agent Shop key twice and the Trade window never appeared. Nothing written.,00:41:36,dead
relaunched (pid 25196),00:42:17,alive
RuntimeError: right-clicked the Agent Shop key twice and the Trade window never appeared. Nothing written.,00:43:06,dead
supervisor stopped: 3 runs in a row died within 300s of launch; last: RuntimeError: right-clicked the Agent Shop key twice and the Trade window never ,00:43:06,dead
no run alive; 2026-09-09_004213_run.log ended: RuntimeError: right-clicked the Agent Shop key twice and the Trade window never ,00:44:10,dead
relaunched (pid 23200),00:44:50,alive
RuntimeError: right-clicked the Agent Shop key twice and the Trade window never appeared. Nothing written.,00:46:07,dead
relaunched (pid 23492),00:46:48,alive
RuntimeError: right-clicked the Agent Shop key twice and the Trade window never appeared. Nothing written.,00:48:06,dead
relaunched (pid 3124),00:48:46,alive
RuntimeError: right-clicked the Agent Shop key twice and the Trade window never appeared. Nothing written.,00:50:04,dead
relaunched (pid 26692),00:50:44,alive
RuntimeError: right-clicked the Agent Shop key twice and the Trade window never appeared. Nothing written.,00:52:00,dead
relaunched (pid 19224),00:52:41,alive
RuntimeError: right-clicked the Agent Shop key twice and the Trade window never appeared. Nothing written.,00:54:00,dead
supervisor stopped: 5 runs in a row died within 300s of launch; last: RuntimeError: right-clicked the Agent Shop key twice and the Trade window never ,00:54:00,dead
no run alive; 2026-09-09_005237_run.log ended: RuntimeError: right-clicked the Agent Shop key twice and the Trade window never ,01:10:17,dead
relaunched (pid 7328),01:10:56,alive
RuntimeError: a dialog is already open over the Register table. Close it and calibrate again; nothing was clic,01:12:32,dead
relaunched (pid 30148),01:13:03,alive
server lag: not answering,01:13:52,alive
server lag: the server stalled,01:15:00,alive
server lag: not answering,01:16:28,alive
server lag: the server stalled,01:17:16,alive
no run alive; 2026-09-09_011259_run.log ended: interrupted from the keyboard,01:26:32,dead
relaunched (pid 25388),01:27:13,alive
server lag: not answering,02:28:50,alive
server lag: the server stalled,02:29:59,alive
server lag: not answering,02:38:26,alive
server lag: the server stalled,02:39:33,alive
server lag: not answering,03:32:48,alive
server lag: the server stalled,03:33:55,alive
server lag: not answering,04:26:32,alive
server lag: the server stalled,04:27:15,alive
server lag: the server stalled,04:27:42,alive
server lag: not answering,05:01:42,alive
server lag: the server stalled,05:02:49,alive
server lag: the server stalled,05:03:14,alive
server lag: not answering,05:54:14,alive
server lag: the server stalled,05:55:20,alive
NotReady: the Agent Shop would not reopen before pass 44, so there is nothing to read. Nothing touched.,05:56:09,dead
relaunched (pid 16056),05:56:50,alive
RuntimeError: right-clicked the Agent Shop key twice and the Trade window never appeared. Nothing written.,05:57:40,dead
relaunched (pid 26364),05:58:20,alive
RuntimeError: right-clicked the Agent Shop key twice and the Trade window never appeared. Nothing written.,05:59:11,dead
relaunched (pid 16056),05:59:51,alive
RuntimeError: right-clicked the Agent Shop key twice and the Trade window never appeared. Nothing written.,06:00:40,dead
relaunched (pid 28012),06:01:22,alive
RuntimeError: right-clicked the Agent Shop key twice and the Trade window never appeared. Nothing written.,06:02:11,dead
relaunched (pid 29928),06:02:51,alive
RuntimeError: right-clicked the Agent Shop key twice and the Trade window never appeared. Nothing written.,06:03:41,dead
5 runs in a row died within 300s of launch; relogging (1 of 1),06:03:41,dead
relogged: back in the world,06:04:50,dead
relaunched (pid 30504),06:04:55,alive
server lag: not answering,06:08:45,alive
server lag: the server stalled,06:09:54,alive
server lag: not answering,06:17:38,alive
server lag: the server stalled,06:18:46,alive
server lag: the server stalled,06:19:07,alive
war window, log quiet 167s,06:33:03,alive
server lag: not answering,07:09:04,alive
server lag: the server stalled,07:10:10,alive
NotReady: the Agent Shop would not reopen before pass 12, so there is nothing to read. Nothing touched.,07:10:57,dead
relaunched (pid 25828),07:11:32,alive
RuntimeError: right-clicked the Agent Shop key twice and the Trade window never appeared. Nothing written.,07:12:21,dead
relaunched (pid 30304),07:12:57,alive
RuntimeError: right-clicked the Agent Shop key twice and the Trade window never appeared. Nothing written.,07:13:45,dead
relaunched (pid 9648),07:14:20,alive
RuntimeError: right-clicked the Agent Shop key twice and the Trade window never appeared. Nothing written.,07:15:09,dead
relaunched (pid 12404),07:15:45,alive
RuntimeError: right-clicked the Agent Shop key twice and the Trade window never appeared. Nothing written.,07:16:33,dead
relaunched (pid 6520),07:17:09,alive
RuntimeError: right-clicked the Agent Shop key twice and the Trade window never appeared. Nothing written.,07:17:56,dead
5 runs in a row died within 300s of launch; relogging (1 of 1),07:17:56,dead
relogged: back in the world,07:19:08,dead
relaunched (pid 30436),07:19:13,alive
server lag: not answering,07:37:11,alive
server lag: the server stalled,07:37:53,alive
server lag: the server stalled,07:38:19,alive
server lag: not answering,07:52:34,alive
server lag: the server stalled,07:53:41,alive
stop condition: the dialog stayed open after Confirmation on row 2. Whether the cancel committed,07:55:28,dead
the dialog stayed open after Confirmation on row 2. Whether the cancel committed is unknown -- check by hand.,07:55:32,dead
the server took the run down: the dialog stayed open after Confirmation on row 2. Whether ; not counted as a short run,07:55:32,dead
finished: list 1 2 0 4 Force Core (Ultimate) (Force Core (Ultimate)); 0 slot(s) left,07:59:16,dead
relaunched (pid 29492),07:59:30,alive
server lag: not answering,08:34:36,alive
server lag: the server stalled,08:35:45,alive
server lag: the server stalled,08:36:06,alive
war window, log quiet 152s,09:31:12,alive
server lag: not answering,09:44:47,alive
server lag: not answering,09:45:57,alive
server lag: the server stalled,09:47:05,alive
server lag: the server stalled,09:47:27,alive
server lag: not answering,10:07:52,alive
server lag: the server stalled,10:09:00,alive
NotReady: the Agent Shop is not open after resupplying.,11:15:37,dead
relaunched (pid 19300),11:16:54,alive
server lag: not answering,11:36:25,alive
server lag: the server stalled,11:37:32,alive
server lag: not answering,11:54:43,alive
server lag: the server stalled,11:55:50,alive
war window, log quiet 156s,12:33:47,alive
no run alive; 2026-09-09_111651_run.log ended: interrupted from the keyboard,12:54:26,dead
relaunched (pid 25656),12:55:09,alive
server lag: not answering,13:21:54,alive
server lag: the server stalled,13:23:00,alive
server lag: not answering,13:32:09,alive
server lag: the server stalled,13:33:18,alive
stop condition: tab 4 slot (1,2) is still empty 8s after the withdrawal. Nothing listed.,14:47:23,dead
tab 4 slot (1,2) is still empty 8s after the withdrawal. Nothing listed.,14:47:24,dead
recovery attempt 1 failed: driver.py list 1 1 0 4 Force Core (Ultimate) exited 1: RuntimeError: t; attempt 2 in 60s,14:49:31,dead
finished: list 1 1 0 4 Force Core (Ultimate) (Force Core (Ultimate)); 0 slot(s) left,14:53:11,dead
relaunched (pid 29012),14:53:26,alive
server lag: not answering,15:28:38,alive
disconnected (run still up),15:29:23,alive
disconnected 9s on; killing pid 29012,15:29:32,dead
ended without a reason line,15:29:33,dead
no run alive; 2026-09-09_145323_run.log ended: ended without a reason line,15:43:38,dead
recovered: back in the world,15:45:21,dead
finished: list 1 1 0 4 Upgrade Core (Ultimate) (Upgrade Core (Ultimate)); 0 slot(s) left,15:48:06,dead
relaunched (pid 27352),15:48:22,alive
server lag: not answering,16:19:12,alive
server lag: the server stalled,16:20:22,alive
no run alive; 2026-09-09_154819_run.log ended: interrupted from the keyboard,16:58:54,dead
relaunched (pid 16056),16:59:33,alive
server lag: not answering,18:05:17,alive
server lag: the server stalled,18:06:05,alive
server lag: the server stalled,18:06:26,alive
row 10 should hold 'Chaos Core Set X 150' but position 1 reads 'Force Core(Highest) 16 207,726 On Sale Change',18:31:23,dead
relaunched (pid 25844),18:31:53,alive
server lag: not answering,18:33:06,alive
server lag: the server stalled,18:34:14,alive
server lag: not answering,19:24:54,alive
server lag: the server stalled,19:26:04,alive
server lag: not answering,19:31:19,alive
server lag: the server stalled,19:32:28,alive
server lag: not answering,20:52:47,alive
server lag: the server stalled,20:53:54,alive
server lag: the server stalled,20:54:20,alive
stop condition: the dialog stayed open after Confirmation on row 7. Whether the cancel committed,21:03:40,dead
the dialog stayed open after Confirmation on row 7. Whether the cancel committed is unknown -- check by hand.,21:03:41,dead
the server took the run down: the dialog stayed open after Confirmation on row 7. Whether ; not counted as a short run,21:03:41,dead
finished: list 1 1 0 4 Force Core(Highest) (Force Core(Highest)); 0 slot(s) left,21:06:31,dead
relaunched (pid 23956),21:06:46,alive
server lag: not answering,21:26:47,alive
server lag: the server stalled,21:27:53,dead
stop condition: tab 4 slot (1,1) is still empty 8s after the withdrawal. Nothing listed.,21:27:54,dead
tab 4 slot (1,1) is still empty 8s after the withdrawal. Nothing listed.,21:27:55,dead
finished: list 1 1 0 4 Chaos Core Set (Chaos Core Set); 0 slot(s) left,21:30:45,dead
relaunched (pid 29956),21:31:01,alive
server lag: not answering,22:07:02,alive
server lag: the server stalled,22:07:50,alive
server lag: the server stalled,22:08:12,alive
server lag: not answering,22:25:44,alive
server lag: the server stalled,22:26:53,alive
war window, log quiet 166s,00:31:47,alive
server lag: not answering,00:46:09,alive
disconnected (run still up),00:46:12,alive
disconnected 9s on; killing pid 29956,00:46:20,dead
ended without a reason line,00:46:22,dead
recovered: back in the world,00:48:27,dead
tab 4 slot (1,1) has no tooltip name; listing it at the panel's price and the full quantity,00:49:42,dead
finished: list 1 1 0 4 (whatever is there); 0 slot(s) left,00:52:36,dead
relaunched (pid 27656),00:52:51,alive
no run alive; 2026-09-10_005248_run.log ended: interrupted from the keyboard,01:20:05,dead
relaunched (pid 22096),01:20:51,alive
server lag: not answering,02:25:01,alive
disconnected (run still up),02:25:25,alive
disconnected 9s on; killing pid 22096,02:25:33,dead
ended without a reason line,02:25:35,dead
recovered: back in the world,02:29:32,dead
relaunched (pid 2828),02:30:36,alive
stop condition: tab 4 slot (1,2) is still empty 8s after the withdrawal. Nothing listed.,02:46:26,dead
tab 4 slot (1,2) is still empty 8s after the withdrawal. Nothing listed.,02:46:27,dead
finished: craft chaos (Chaos Core); 0 slot(s) left,02:50:53,dead
relaunched (pid 30356),02:51:08,alive
stop condition: the dialog stayed open after Confirmation on row 7. Whether the cancel committed,03:03:35,dead
the dialog stayed open after Confirmation on row 7. Whether the cancel committed is unknown -- check by hand.,03:03:40,dead
the server took the run down: the dialog stayed open after Confirmation on row 7. Whether ; not counted as a short run,03:03:40,dead
finished: list 1 1 0 4 Force Core (Ultimate) (Force Core (Ultimate)); 0 slot(s) left,03:07:38,dead
relaunched (pid 32440),03:07:53,alive
no run alive; 2026-09-10_030750_run.log ended: interrupted from the keyboard,04:29:01,dead
relaunched (pid 7536),04:29:44,alive
server lag: not answering,04:47:50,alive
server lag: the server stalled,04:49:00,alive
war window, log quiet 164s,06:34:35,alive
server lag: not answering,06:51:50,alive
server lag: the server stalled,06:52:58,alive
server lag: not answering,07:01:24,alive
server lag: not answering,07:02:30,alive
server lag: the server stalled,07:03:37,alive
NotReady: the Agent Shop would not reopen before pass 20, so there is nothing to read. Nothing touched.,07:04:25,dead
relaunched (pid 24804),07:05:01,alive
RuntimeError: right-clicked the Agent Shop key twice and the Trade window never appeared. Nothing written.,07:05:28,dead
relaunched (pid 7004),07:06:05,alive
RuntimeError: right-clicked the Agent Shop key twice and the Trade window never appeared. Nothing written.,07:06:33,dead
relaunched (pid 25376),07:07:10,alive
RuntimeError: right-clicked the Agent Shop key twice and the Trade window never appeared. Nothing written.,07:07:38,dead
3 runs in a row died within 300s of launch; relogging (1 of 1),07:07:38,dead
relogged: back in the world,07:08:45,dead
relaunched (pid 1268),07:08:50,alive
server lag: not answering,09:18:35,alive
server lag: the server stalled,09:19:46,alive
server lag: not answering,11:41:59,alive
server lag: the server stalled,11:43:07,alive
server lag: not answering,12:27:17,alive
server lag: the server stalled,12:27:58,alive
server lag: the server stalled,12:28:25,alive
war window, log quiet 152s,12:30:39,alive
server lag: not answering,12:40:56,alive
server lag: the server stalled,12:41:43,alive
server lag: the server stalled,12:42:05,alive
server lag: not answering,12:43:58,alive
server lag: the server stalled,12:45:07,alive
no run alive; 2026-09-10_070846_run.log ended: interrupted from the keyboard,12:51:31,dead
relaunched (pid 27292),12:52:08,alive
server lag: not answering,13:06:10,alive
server lag: the server stalled,13:07:18,alive
no run alive; 2026-09-10_125205_run.log ended: interrupted from the keyboard,13:40:26,dead
relaunched (pid 29544),13:41:05,alive
server lag: not answering,13:53:01,alive
server lag: the server stalled,13:54:10,alive
server lag: not answering,14:14:41,alive
server lag: the server stalled,14:15:49,alive
server lag: not answering,14:25:35,alive
server lag: the server stalled,14:26:45,alive
server lag: not answering,14:35:30,alive
server lag: the server stalled,14:36:39,alive
server lag: not answering,14:46:01,alive
server lag: the server stalled,14:46:50,alive
server lag: the server stalled,14:47:12,alive
server lag: not answering,14:48:42,alive
server lag: the server stalled,14:49:50,alive
server lag: not answering,15:06:26,alive
server lag: the server stalled,15:07:13,alive
server lag: the server stalled,15:07:34,alive
stop condition: the shop slot already holds something the panel prices at 121,265,594; row 9 has,15:22:16,dead
the shop slot already holds something the panel prices at 121,265,594; row 9 has NOT been cancelled. Clear the,15:22:16,dead
relaunched (pid 26016),15:22:43,alive
war window, log quiet 155s,15:32:50,alive
server lag: not answering,17:34:11,alive
server lag: the server stalled,17:35:00,alive
server lag: the server stalled,17:35:22,alive
server lag: not answering,17:57:38,alive
server lag: the server stalled,17:58:28,alive
server lag: the server stalled,17:58:49,alive
server lag: not answering,17:59:38,alive
server lag: the server stalled,18:00:26,alive
server lag: the server stalled,18:00:48,alive
war window, log quiet 169s,18:30:48,alive
server lag: not answering,20:34:12,alive
server lag: the server stalled,20:34:54,alive
server lag: the server stalled,20:35:22,alive
server lag: not answering,21:00:36,alive
server lag: the server stalled,21:01:43,alive
server lag: the server stalled,21:02:09,alive
server lag: not answering,22:11:24,alive
server lag: the server stalled,22:12:14,alive
server lag: the server stalled,22:12:36,alive
server lag: not answering,22:21:19,alive
server lag: the server stalled,22:22:27,alive
no run alive; 2026-09-10_152239_run.log ended: interrupted from the keyboard,22:54:36,dead
relaunched (pid 33472),22:55:15,alive
server lag: not answering,00:07:38,alive
server lag: the server stalled,00:08:44,alive
server lag: not answering,00:32:54,alive
disconnected (run still up),00:33:18,alive
disconnected 8s on; killing pid 33472,00:33:26,dead
ended without a reason line,00:33:27,dead
recovered: back in the world,00:35:16,dead
finished: list 1 1 0 4 Force Core(High) (Force Core(High)); 0 slot(s) left,00:38:14,dead
relaunched (pid 18268),00:38:29,alive
server lag: not answering,00:40:07,alive
server lag: the server stalled,00:41:16,alive
server lag: not answering,00:53:36,alive
server lag: the server stalled,00:54:44,alive
server lag: not answering,00:56:13,alive
server lag: the server stalled,00:57:22,alive
no run alive; 2026-09-11_003825_run.log ended: ended without a reason line,00:59:26,dead
relaunched (pid 23672),00:59:54,alive
server lag: not answering,01:02:39,alive
server lag: the server stalled,01:03:48,alive
server lag: not answering,01:04:09,alive
server lag: the server stalled,01:05:18,alive
server lag: not answering,02:05:31,alive
server lag: the server stalled,02:06:40,alive
server lag: not answering,03:23:11,alive
disconnected (run still up),03:23:55,alive
disconnected 9s on; killing pid 23672,03:24:04,dead
ended without a reason line,03:24:04,dead
recovered: back in the world,03:25:42,dead
finished: list 1 1 0 4 Chaos Core Set (Chaos Core Set); 0 slot(s) left,03:28:33,dead
relaunched (pid 24352),03:28:48,alive
war window, log quiet 166s,03:34:10,alive
stop condition: the dialog stayed open after Confirmation on row 2. Whether the cancel committed,03:55:23,dead
the dialog stayed open after Confirmation on row 2. Whether the cancel committed is unknown -- check by hand.,03:55:24,dead
the server took the run down: the dialog stayed open after Confirmation on row 2. Whether ; not counted as a short run,03:55:24,dead
finished: list 1 2 0 4 Force Core(High) (Force Core(High)); 0 slot(s) left,03:59:19,dead
relaunched (pid 22752),03:59:34,alive
server lag: not answering,04:19:13,alive
server lag: the server stalled,04:20:21,alive
server lag: not answering,05:05:05,alive
server lag: the server stalled,05:06:12,alive
server lag: the server stalled,05:06:39,alive
server lag: not answering,05:43:20,alive
server lag: the server stalled,05:44:29,alive
NotReady: the Agent Shop would not reopen before pass 18, so there is nothing to read. Nothing touched.,05:45:17,dead
relaunched (pid 29620),05:45:58,alive
RuntimeError: right-clicked the Agent Shop key twice and the Trade window never appeared. Nothing written.,05:46:50,dead
relaunched (pid 8080),05:47:29,alive
RuntimeError: right-clicked the Agent Shop key twice and the Trade window never appeared. Nothing written.,05:48:19,dead
relaunched (pid 19336),05:48:58,alive
RuntimeError: right-clicked the Agent Shop key twice and the Trade window never appeared. Nothing written.,05:49:47,dead
3 runs in a row died within 300s of launch; relogging (1 of 1),05:49:47,dead
relogged: back in the world,05:51:00,dead
relaunched (pid 26740),05:51:04,alive
server lag: not answering,05:51:57,alive
server lag: the server stalled,05:52:45,alive
RuntimeError: right-clicked the Agent Shop key twice and the Trade window never appeared. Nothing written.,05:53:33,dead
relaunched (pid 10092),05:54:15,alive
RuntimeError: right-clicked the Agent Shop key twice and the Trade window never appeared. Nothing written.,05:55:06,dead
relaunched (pid 8876),05:55:45,alive
RuntimeError: right-clicked the Agent Shop key twice and the Trade window never appeared. Nothing written.,05:56:34,dead
supervisor stopped: 3 runs in a row died within 300s of launch after 1 relog(s); last: RuntimeError: right-clicked the Agent Shop key twice and the Trade window never ,05:56:34,dead
no run alive; 2026-09-11_055541_run.log ended: RuntimeError: right-clicked the Agent Shop key twice and the Trade window never ,06:03:10,dead
relaunched (pid 32808),06:03:53,alive
RuntimeError: right-clicked the Agent Shop key twice and the Trade window never appeared. Nothing written.,06:04:44,dead
no run alive; 2026-09-11_060349_run.log ended: RuntimeError: right-clicked the Agent Shop key twice and the Trade window never ,06:05:24,dead
relaunched (pid 26556),06:06:02,alive
RuntimeError: right-clicked the Agent Shop key twice and the Trade window never appeared. Nothing written.,06:06:55,dead
relaunched (pid 33216),06:07:36,alive
no run alive; 2026-09-11_060733_run.log ended: ended without a reason line,06:08:08,dead
recovery attempt 1 failed: the Inventory panel would not open; no Alz readable; attempt 2 in 60s,06:08:47,dead
recovery attempt 2 failed: could not bring the game to the foreground; nothing read, nothing sent; attempt 3 in 60s,06:09:47,dead
supervisor stopped: nothing recognisable on screen: disconnect=None, failed=None, login=None, select=None, alz=False, trade=False, vendor=False, craft=False, buttons=[], underprice=False,06:11:08,dead
no run alive; 2026-09-11_060733_run.log ended: ended without a reason line,06:11:22,dead
recovery attempt 1 failed: nothing recognisable on screen: disconnect=None, failed=None, login=No; attempt 2 in 60s,06:11:43,dead
supervisor crashed: PermissionError: [WinError 32] The process cannot access the file because it is being used by another process: 'C:\\Users\\tl456\\,06:12:43,dead
no run alive; 2026-09-11_060733_run.log ended: ended without a reason line,06:13:05,dead
supervisor crashed: PermissionError: [WinError 32] The process cannot access the file because it is being used by another process: 'C:\\Users\\tl456\\,06:13:05,dead
no run alive; 2026-09-11_060733_run.log ended: ended without a reason line,06:13:45,dead
supervisor crashed: PermissionError: [WinError 32] The process cannot access the file because it is being used by another process: 'C:\\Users\\tl456\\,06:13:45,dead
no run alive; 2026-09-11_060733_run.log ended: ended without a reason line,06:14:25,dead
recovery attempt 1 failed: could not bring the game to the foreground; nothing read, nothing sent; attempt 2 in 60s,06:14:25,dead
recovery attempt 2 failed: could not bring the game to the foreground; nothing read, nothing sent; attempt 3 in 60s,06:15:25,dead
supervisor crashed: PermissionError: [WinError 32] The process cannot access the file because it is being used by another process: 'C:\\Users\\tl456\\,06:16:25,dead
no run alive; 2026-09-11_060733_run.log ended: ended without a reason line,06:16:37,dead
supervisor crashed: PermissionError: [WinError 32] The process cannot access the file because it is being used by another process: 'C:\\Users\\tl456\\,06:16:37,dead
no run alive; 2026-09-11_060733_run.log ended: ended without a reason line,06:17:17,dead
supervisor crashed: PermissionError: [WinError 32] The process cannot access the file because it is being used by another process: 'C:\\Users\\tl456\\,06:17:17,dead
no run alive; 2026-09-11_060733_run.log ended: ended without a reason line,06:17:57,dead
supervisor crashed: PermissionError: [WinError 32] The process cannot access the file because it is being used by another process: 'C:\\Users\\tl456\\,06:17:57,dead
no run alive; 2026-09-11_060733_run.log ended: ended without a reason line,06:18:36,dead
recovery attempt 1 failed: could not bring the game to the foreground; nothing read, nothing sent; attempt 2 in 60s,06:18:36,dead
recovery attempt 2 failed: nothing recognisable on screen: disconnect=None, failed=None, login=No; attempt 3 in 60s,06:19:56,dead
no run alive; 2026-09-11_060733_run.log ended: ended without a reason line,06:20:48,dead
recovery attempt 1 failed: could not bring the game to the foreground; nothing read, nothing sent; attempt 2 in 60s,06:20:48,dead
recovery attempt 2 failed: recovery refused: Refused: the server refused the login 6 times; it is; attempt 3 in 60s,06:26:41,dead
supervisor stopped: recovery refused: Refused: no 'Channel 11' in the server list within 60s. Nothing entered.,06:33:05,dead
no run alive; 2026-09-11_060733_run.log ended: ended without a reason line,06:33:22,dead
recovered: back in the world,06:37:01,dead
relaunched (pid 33316),06:37:37,alive
RuntimeError: no recipe under the 2000-2999 tier reads ['Chaos Core Set', 'x3']; it read ['999', 'and', 'below,06:39:33,dead
relaunched (pid 34340),06:40:23,alive
RuntimeError: no recipe under the 2000-2999 tier reads ['Chaos Core Set', 'x3']; it read ['999', 'and', 'below,06:42:18,dead
relaunched (pid 10084),06:43:07,alive
RuntimeError: no recipe under the 2000-2999 tier reads ['Chaos Core Set', 'x3']; it read ['999', 'and', 'below,06:45:03,dead
3 runs in a row died within 300s of launch; relogging (1 of 6),06:45:03,dead
relogged: back in the world,06:46:21,dead
relaunched (pid 7724),06:46:26,alive
RuntimeError: no recipe under the 2000-2999 tier reads ['Chaos Core Set', 'x3']; it read ['999', 'and', 'below,06:48:24,dead
relaunched (pid 31060),06:49:17,alive
no run alive; 2026-09-11_064914_run.log ended: ended without a reason line,06:50:37,dead
tab 4 slot (1,3) has no tooltip name; listing it at the panel's price and the full quantity,06:51:09,dead
recovery attempt 1 failed: driver.py list 1 3 0 4 exited 1: RuntimeError: no recipe under the 200; attempt 2 in 60s,06:52:50,dead
no run alive; 2026-09-11_064914_run.log ended: ended without a reason line,06:53:22,dead
relaunched (pid 17812),06:54:14,alive
no run alive; 2026-09-11_065411_run.log ended: ended without a reason line,07:01:56,dead
relaunched (pid 27060),07:02:43,alive
RuntimeError: no recipe under the 2000-2999 tier reads ['Chaos Core Set', 'x3'] after 30 scroll(s); it read [',07:05:19,dead
no run alive; 2026-09-11_070239_run.log ended: RuntimeError: no recipe under the 2000-2999 tier reads ['Chaos Core Set', 'x3'] ,07:06:13,dead
relaunched (pid 6388),07:06:44,alive
RuntimeError: no recipe under the 2000-2999 tier reads ['Chaos Core Set', 'x3'] after 30 scroll(s); it read [',07:09:20,dead
no run alive; 2026-09-11_070640_run.log ended: RuntimeError: no recipe under the 2000-2999 tier reads ['Chaos Core Set', 'x3'] ,07:10:00,dead
relaunched (pid 33948),07:10:31,alive
RuntimeError: no recipe under the 2000-2999 tier reads ['Chaos Core Set', 'x3'] after 90 scroll(s); it read [',07:14:13,dead
no run alive; 2026-09-11_071456_run.log ended: ended without a reason line,07:15:18,dead
relaunched (pid 34340),07:15:48,alive
RuntimeError: no recipe under the 2000-2999 tier reads ['Chaos Core Set', 'x3'] after 90 scroll(s); it read [',07:19:29,dead
relaunched (pid 23776),07:20:14,alive
no run alive; 2026-09-11_072011_run.log ended: ended without a reason line,07:28:30,dead
relaunched (pid 34116),07:29:16,alive
server lag: not answering,07:30:24,alive
server lag: the server stalled,07:31:30,alive
RuntimeError: no recipe under the 2000-2999 tier reads any of [['Chaos Core Set', 'x3']] after 90 scroll(s). N,07:35:10,dead
no run alive; 2026-09-11_072913_run.log ended: RuntimeError: no recipe under the 2000-2999 tier reads any of [['Chaos Core Set',07:35:55,dead
relaunched (pid 29160),07:36:27,alive
server lag: not answering,09:26:10,alive
server lag: the server stalled,09:26:58,alive
server lag: not answering,10:24:32,alive
server lag: the server stalled,10:25:40,alive
server lag: not answering,13:26:10,alive
server lag: the server stalled,13:27:17,alive
server lag: the server stalled,13:27:39,alive
server lag: not answering,15:33:06,alive
server lag: the server stalled,15:34:17,alive
server lag: not answering,16:00:22,alive
server lag: the server stalled,16:01:07,alive
server lag: the server stalled,16:01:34,alive
no run alive; 2026-09-11_073623_run.log ended: ended without a reason line,18:02:42,dead
finished: list 1 1 0 4 Force Core (Ultimate) (Force Core (Ultimate)); 0 slot(s) left,18:09:34,dead
relaunched (pid 30000),18:09:49,alive
no run alive; 2026-09-11_180946_run.log ended: ended without a reason line,18:19:13,dead
finished: list 1 1 0 4 Force Core(High) (Force Core(High)); 0 slot(s) left,18:24:30,dead
relaunched (pid 32992),18:24:45,alive
no run alive; 2026-09-11_182442_run.log ended: ended without a reason line,18:31:22,dead
recovery attempt 1 failed: driver.py list 1 1 0 4 Force Core(High) exited 1: RuntimeError: a dial; attempt 2 in 60s,18:35:47,dead
no run alive; 2026-09-11_182442_run.log ended: ended without a reason line,18:36:44,dead
finished: list 1 1 0 4 Force Core(High) (Force Core(High)); 0 slot(s) left,18:40:21,dead
relaunched (pid 29432),18:40:37,alive
stop condition: row 13 should hold 'Upgrade Core (Ultimate' but position 1 reads 'Force Core(Hig,19:08:43,dead
row 13 should hold 'Upgrade Core (Ultimate' but position 1 reads 'Force Core(Highest) 2 209,891 On Sale Change,19:08:44,dead
relaunched (pid 2640),19:09:12,alive
server lag: not answering,19:10:25,alive
server lag: the server stalled,19:11:32,alive
stop condition: row 10 should hold 'Upgrade Core (Ultimate' but position 1 reads 'Force Core(Hig,19:29:54,dead
row 10 should hold 'Upgrade Core (Ultimate' but position 1 reads 'Force Core(Highest) 250 209,888 On Sale Chan,19:29:58,dead
relaunched (pid 31032),19:30:28,alive
server lag: not answering,19:52:01,alive
server lag: the server stalled,19:53:08,alive
server lag: not answering,20:01:36,alive
server lag: the server stalled,20:02:42,alive
server lag: the server stalled,20:03:24,dead
NotReady: the Agent Shop is not open after resupplying.,20:03:29,dead
recovery attempt 1 failed: driver.py craft chaos exited 1: RuntimeError: right-clicked the Agent ; attempt 2 in 60s,20:04:20,dead
recovery attempt 2 failed: driver.py craft chaos exited 1: RuntimeError: right-clicked the Agent ; attempt 3 in 60s,20:06:10,dead
supervisor stopped: driver.py craft chaos exited 1: RuntimeError: right-clicked the Agent Shop key twice and the Trade window never appeared. Nothing wr,20:08:03,dead
no run alive; 2026-09-11_193025_run.log ended: NotReady: the Agent Shop is not open after resupplying.,20:08:17,dead
recovery attempt 1 failed: driver.py craft chaos exited 1: RuntimeError: right-clicked the Agent ; attempt 2 in 60s,20:09:13,dead
no run alive; 2026-09-11_193025_run.log ended: NotReady: the Agent Shop is not open after resupplying.,20:11:38,dead
finished: list 1 1 0 4 Chaos Core Set (Chaos Core Set); 0 slot(s) left,20:14:36,dead
relaunched (pid 33244),20:14:50,alive
supervisor cancelled with Ctrl x4,20:45:15,dead
no run alive; 2026-09-11_201447_run.log ended: interrupted from the keyboard,20:45:46,dead
relaunched (pid 27624),20:46:12,alive
supervisor cancelled with Ctrl x4,20:47:00,dead
no run alive; 2026-09-11_204609_run.log ended: interrupted from the keyboard,02:37:06,dead
relaunched (pid 35780),02:37:51,alive
server lag: not answering,02:44:57,alive
server lag: the server stalled,02:45:46,alive
server lag: the server stalled,02:46:09,alive
supervisor cancelled with Ctrl x4,02:56:57,dead
no run alive; 2026-09-12_023748_run.log ended: interrupted from the keyboard,02:57:14,dead
relaunched (pid 28320),02:58:03,alive
server lag: not answering,03:15:52,alive
disconnected (run still up),03:16:39,alive
disconnected 12s on; killing pid 28320,03:16:51,dead
ended without a reason line,03:16:52,dead
recovered: back in the world,03:18:23,dead
finished: list 1 1 0 4 Chaos Core Set (Chaos Core Set); 0 slot(s) left,03:21:15,dead
relaunched (pid 30220),03:21:31,alive
server lag: not answering,05:53:06,alive
server lag: the server stalled,05:54:15,alive
war window, log quiet 165s,06:30:41,alive
server lag: not answering,06:56:33,alive
server lag: the server stalled,06:57:42,alive
server lag: not answering,07:05:08,alive
server lag: the server stalled,07:05:56,alive
server lag: the server stalled,07:06:18,alive
supervisor cancelled with Ctrl x4,07:23:30,dead
no run alive; 2026-09-12_032128_run.log ended: interrupted from the keyboard,09:05:12,dead
relaunched (pid 29600),09:05:51,alive
supervisor cancelled with Ctrl x4,09:22:38,dead
no run alive; 2026-09-12_090548_run.log ended: interrupted from the keyboard,11:29:28,dead
relaunched (pid 24376),11:30:19,alive
supervisor cancelled with Ctrl x4,11:58:05,dead
no run alive; 2026-09-12_113016_run.log ended: interrupted from the keyboard,12:28:48,dead
relaunched (pid 38088),12:29:39,alive
supervisor cancelled with Ctrl x4,14:18:59,dead
no run alive; 2026-09-12_122936_run.log ended: interrupted from the keyboard,16:41:41,dead
relaunched (pid 37152),16:42:17,alive
supervisor cancelled with Ctrl x4,17:33:07,dead
no run alive; 2026-09-12_164214_run.log ended: interrupted from the keyboard,18:39:43,dead
relaunched (pid 26944),18:40:23,alive
server lag: not answering,19:12:56,alive
server lag: the server stalled,19:14:03,alive
server lag: not answering,19:38:17,alive
supervisor cancelled with Ctrl x4,19:39:22,dead
no run alive; 2026-09-12_184020_run.log ended: interrupted from the keyboard,19:48:35,dead
relaunched (pid 28252),19:49:21,alive
supervisor cancelled with Ctrl x4,20:18:32,dead
no run alive; 2026-09-12_194917_run.log ended: interrupted from the keyboard,22:19:26,dead
relaunched (pid 35212),22:20:11,alive
server lag: not answering,23:25:54,alive
server lag: the server stalled,23:27:03,alive
server lag: not answering,23:48:02,alive
server lag: the server stalled,23:49:09,alive
server lag: not answering,23:49:38,alive
server lag: the server stalled,23:50:49,alive
server lag: not answering,01:30:38,alive
server lag: the server stalled,01:31:48,alive
server lag: not answering,03:18:51,alive
server lag: the server stalled,03:20:00,alive
war window, log quiet 161s,03:32:55,alive
server lag: not answering,04:07:08,alive
server lag: the server stalled,04:08:17,alive
server lag: not answering,04:34:14,alive
server lag: the server stalled,04:34:56,alive
server lag: the server stalled,04:35:23,alive
server lag: not answering,05:50:23,alive
server lag: the server stalled,05:51:10,alive
server lag: the server stalled,05:51:32,alive
server lag: not answering,06:03:19,alive
server lag: the server stalled,06:04:28,alive
server lag: the server stalled,06:04:50,alive
server lag: not answering,06:25:08,alive
disconnected (run still up),06:25:32,alive
disconnected 9s on; killing pid 35212,06:25:41,dead
ended without a reason line,06:25:42,dead
recovered: back in the world,06:27:12,dead
relaunched (pid 30276),06:27:48,alive
war window, log quiet 170s,06:33:07,alive
supervisor cancelled with Ctrl x4,06:43:10,dead
no run alive; 2026-09-13_062745_run.log ended: interrupted from the keyboard,22:11:50,dead
relaunched (pid 3884),22:12:34,alive
RuntimeError: no recipe under the 2000-2999 tier reads ['Chaos Core Set', 'x3']; it read ['999', 'and', 'below', '1000', '-', '1999', '2000', '-', '29,22:14:54,dead
relaunched (pid 10516),22:15:46,alive
supervisor cancelled with Ctrl x4,22:16:55,dead
no run alive; 2026-09-15_221542_run.log ended: interrupted from the keyboard,22:17:23,dead
relaunched (pid 17436),22:18:03,alive
server lag: not answering,23:10:06,alive
server lag: the server stalled,23:11:13,alive
server lag: not answering,23:12:40,alive
server lag: the server stalled,23:13:48,alive
server lag: not answering,23:14:09,alive
server lag: the server stalled,23:15:16,alive
supervisor cancelled with Ctrl x4,00:06:24,dead
no run alive; 2026-09-15_221759_run.log ended: interrupted from the keyboard,18:01:29,dead
relaunched (pid 4280),18:02:09,alive
supervisor cancelled with Ctrl x4,18:04:00,dead
no run alive; 2026-09-18_180206_run.log ended: interrupted from the keyboard,18:11:09,dead
relaunched (pid 17936),18:11:52,alive
RuntimeError: the craft window did not open from tab 6 slot (1, 6). Nothing written.,18:15:13,dead
relaunched (pid 19668),18:16:00,alive
RuntimeError: the craft window did not open from tab 6 slot (1, 6). Nothing written.,18:19:20,dead
supervisor cancelled with Ctrl x4,18:19:34,dead
no run alive; 2026-09-18_181556_run.log ended: RuntimeError: the craft window did not open from tab 6 slot (1, 6). Nothing written.,18:21:44,dead
relaunched (pid 14220),18:22:19,alive
war window, log quiet 163s,18:30:13,alive
supervisor cancelled with Ctrl x4,18:46:32,dead
no run alive; 2026-09-18_182216_run.log ended: interrupted from the keyboard,18:47:02,dead
relaunched (pid 18468),18:47:26,alive
supervisor cancelled with Ctrl x4,19:53:50,dead
no run alive; 2026-09-18_184722_run.log ended: interrupted from the keyboard,20:02:35,dead
relaunched (pid 17796),20:03:01,alive
pushed the profit report for bot,20:03:09,alive
server lag: not answering,20:59:38,alive
server lag: the server stalled,21:00:21,alive
server lag: the server stalled,21:00:43,alive
pushed the profit report for bot,21:03:18,alive
war window, log quiet 160s,21:30:38,alive
supervisor cancelled with Ctrl x4,21:49:47,dead
no run alive; 2026-09-18_200258_run.log ended: interrupted from the keyboard,21:51:06,dead
supervisor cancelled with Ctrl x4,21:51:29,dead
no run alive; 2026-09-18_215125_run.log ended: interrupted from the keyboard,21:52:32,dead
relaunched (pid 15460),21:52:53,alive
pushed the profit report for bot,22:04:20,alive
pushed the profit report for bot,22:34:23,alive
pushed the profit report for bot,23:04:28,alive
pushed the profit report for bot,23:34:35,alive
pushed the profit report for bot,00:04:47,alive
war window, log quiet 157s,00:33:47,alive
pushed the profit report for bot,00:34:56,alive
pushed the profit report for bot,01:05:08,alive
pushed the profit report for bot,01:35:11,alive
pushed the profit report for bot,02:05:13,alive
pushed the profit report for bot,02:35:15,alive
supervisor cancelled with Ctrl x4,02:41:27,dead
no run alive; 2026-09-18_215249_run.log ended: interrupted from the keyboard,02:42:41,dead
relaunched (pid 2852),02:43:06,alive
pushed the profit report for bot,02:52:52,alive
pushed the profit report for bot,03:22:54,alive
server lag: not answering,03:32:53,alive
server lag: the server stalled,03:33:57,alive
server lag: not answering,03:41:46,alive
server lag: the server stalled,03:42:50,alive
server lag: the server stalled,03:43:11,alive
server lag: not answering,03:43:55,alive
server lag: the server stalled,03:44:59,alive
server lag: the server stalled,03:45:21,dead
NotReady: the Agent Shop is not open after resupplying.,03:45:23,dead
collect failed: driver.py --config bot collect exited 1: RuntimeError: right-clicked the Agent Shop key 2 times and the Trade window never appeared. Nothing written.; carrying on,03:46:12,dead
tab 4 slot (1,2) has no tooltip name; listing it at the panel's price and the full quantity,03:46:14,dead
recovery attempt 1 failed: driver.py --config bot list 1 2 0 4 exited 1: RuntimeError: right-clicked the Agent Shop key 2 times and the Trade window never appeared. Nothing writ; attempt 2 in 60s,03:46:52,dead
collect failed: driver.py --config bot collect exited 1: RuntimeError: right-clicked the Agent Shop key 2 times and the Trade window never appeared. Nothing written.; carrying on,03:48:42,dead
tab 4 slot (1,2) has no tooltip name; listing it at the panel's price and the full quantity,03:48:44,dead
recovery attempt 2 failed: driver.py --config bot list 1 2 0 4 exited 1: RuntimeError: right-clicked the Agent Shop key 2 times and the Trade window never appeared. Nothing writ; attempt 3 in 60s,03:49:22,dead
collect failed: driver.py --config bot collect exited 1: RuntimeError: right-clicked the Agent Shop key 2 times and the Trade window never appeared. Nothing written.; carrying on,03:51:13,dead
tab 4 slot (1,1) has no tooltip name; listing it at the panel's price and the full quantity,03:51:17,dead
supervisor stopped: driver.py --config bot list 1 1 0 4 exited 1: RuntimeError: right-clicked the Agent Shop key 2 times and the Trade window never appeared. Nothing written.,03:51:55,dead
no run alive; 2026-09-19_024303_run.log ended: NotReady: the Agent Shop is not open after resupplying.,07:20:39,dead
driver.py --config held up: ServerStalled: the server stalled for 60s; nothing was clicked and the shop is shut. The pass starts again.; waiting 60s, then attempt 2,07:45:24,dead
tab 4 slot (1,2) has no tooltip name; listing it at the panel's price and the full quantity,07:56:18,dead
finished: list 1 2 0 4 (whatever is there); 0 slot(s) left,07:59:41,dead
relaunched (pid 2840),07:59:59,alive
stop condition: nothing loaded into the shop slot from (1,2) after 1 ctrl-click(s). Nothing has been listed.,08:13:11,dead
nothing loaded into the shop slot from (1,2) after 1 ctrl-click(s). Nothing has been listed.,08:13:11,dead
finished: list 1 2 0 4 Chaos Core Set (Chaos Core Set); 0 slot(s) left,08:24:23,dead
relaunched (pid 6040),08:24:42,alive
pushed the profit report for bot,08:38:57,alive
pushed the profit report for bot,09:09:25,alive
war window, log quiet 161s,09:31:37,alive
pushed the profit report for bot,09:39:32,alive
pushed the profit report for bot,10:09:36,alive
server lag: not answering,10:27:31,alive
server lag: the server stalled,10:28:22,alive
server lag: the server stalled,10:28:44,alive
server lag: not answering,10:33:27,alive
server lag: the server stalled,10:34:36,alive
server lag: the server stalled,10:35:07,alive
pushed the profit report for bot,10:39:46,alive
server lag: not answering,10:45:49,alive
server lag: the server stalled,10:46:41,alive
server lag: the server stalled,10:47:03,alive
pushed the profit report for bot,11:10:07,alive
pushed the profit report for bot,11:40:18,alive
server lag: not answering,11:47:12,alive
server lag: the server stalled,11:48:25,alive
server lag: not answering,12:00:42,alive
server lag: the server stalled,12:01:56,alive
pushed the profit report for bot,12:10:30,alive
server lag: not answering,12:33:12,alive
disconnected (run still up),12:33:59,alive
disconnected 10s on; killing pid 6040,12:34:09,dead
ended without a reason line, exit code 1; nothing in driver.py exits without one, so it was stopped from outside,12:34:11,dead
recovered: back in the world,12:36:16,dead
finished: list 1 1 0 4 Force Core (Ultimate) (Force Core (Ultimate)); 0 slot(s) left,12:44:23,dead
relaunched (pid 5696),12:44:41,alive
pushed the profit report for bot,12:59:19,alive
stop condition: tab 4 slot (1,1) is still empty 8s after the withdrawal. Nothing listed.,13:00:28,dead
tab 4 slot (1,1) is still empty 8s after the withdrawal. Nothing listed.,13:00:28,dead
recovery attempt 1 failed: recovery refused: Refused: no 'Channel 12' in the server list within 60s. Nothing entered.; attempt 2 in 60s,13:02:54,dead
recovery attempt 2 failed: recovery refused: Refused: no 'Channel 12' in the server list within 60s. Nothing entered.; attempt 3 in 60s,13:06:09,dead
supervisor stopped: recovery refused: Refused: no 'Channel 12' in the server list within 60s. Nothing entered.,13:09:23,dead
no run alive; 2026-09-19_124437_run.log ended: tab 4 slot (1,1) is still empty 8s after the withdrawal. Nothing listed.,14:13:20,dead
relaunched (pid 17552),14:13:43,alive
server lag: not answering,14:15:10,alive
server lag: the server stalled,14:16:14,alive
supervisor cancelled with Ctrl x4,14:18:22,dead
no run alive; 2026-09-19_141339_run.log ended: interrupted from the keyboard,14:20:38,dead
relaunched (pid 19204),14:21:03,alive
pushed the profit report for bot,14:34:19,alive
pushed the profit report for bot,15:04:39,alive
server lag: not answering,15:19:15,alive
server lag: the server stalled,15:20:20,alive
stop condition: tab 4 slot (1,2) is still empty 8s after the withdrawal. Nothing listed.,15:22:06,dead
tab 4 slot (1,2) is still empty 8s after the withdrawal. Nothing listed.,15:22:08,dead
tab 4 slot (1,1) has no tooltip name; listing it at the panel's price and the full quantity,15:26:32,dead
finished: list 1 1 0 4 (whatever is there); 0 slot(s) left,15:29:10,dead
relaunched (pid 15144),15:29:24,alive
pushed the profit report for bot,15:46:37,alive
pushed the profit report for bot,16:16:39,alive
supervisor cancelled with Ctrl x4,16:35:09,dead
no run alive; 2026-09-19_152921_run.log ended: interrupted from the keyboard,16:46:49,dead
relaunched (pid 4644),16:47:12,alive
pushed the profit report for bot,17:07:22,alive
server lag: not answering,17:25:16,alive
supervisor cancelled with Ctrl x4,17:26:19,dead
no run alive; 2026-09-19_164708_run.log ended: interrupted from the keyboard,17:27:07,dead
relaunched (pid 20372),17:27:33,alive
TypeError: unsupported operand type(s) for -: 'set' and 'Row',17:32:56,dead
supervisor cancelled with Ctrl x4,17:35:34,dead
no run alive; 2026-09-19_172729_run.log ended: TypeError: unsupported operand type(s) for -: 'set' and 'Row',17:38:14,dead
relaunched (pid 14652),17:38:39,alive
pushed the profit report for bot,17:52:42,alive
supervisor cancelled with Ctrl x4,18:05:31,dead
no run alive; 2026-09-19_173835_run.log ended: interrupted from the keyboard,18:06:08,dead
supervisor cancelled with Ctrl x4,18:06:25,dead
no run alive; 2026-09-19_173835_run.log ended: interrupted from the keyboard,18:08:08,dead
relaunched (pid 6556),18:08:32,alive
pushed the profit report for bot,18:22:37,alive
supervisor cancelled with Ctrl x4,18:24:01,dead
no run alive; 2026-09-19_180829_run.log ended: interrupted from the keyboard,18:24:59,dead
relaunched (pid 10480),18:25:23,alive
war window, log quiet 163s,18:31:26,alive
pushed the profit report for bot,18:44:20,alive
supervisor cancelled with Ctrl x4,19:02:57,dead
no run alive; 2026-09-19_182520_run.log ended: interrupted from the keyboard,19:05:19,dead
relaunched (pid 11908),19:05:43,alive
supervisor cancelled with Ctrl x4,19:16:06,dead
no run alive; 2026-09-19_190540_run.log ended: interrupted from the keyboard,19:16:29,dead
relaunched (pid 13904),19:16:54,alive
pushed the profit report for bot,19:27:26,alive
supervisor cancelled with Ctrl x4,19:42:50,dead
no run alive; 2026-09-19_191651_run.log ended: interrupted from the keyboard,19:43:28,dead
relaunched (pid 11720),19:43:53,alive
pushed the profit report for bot,19:52:50,alive
pushed the profit report for bot,20:22:58,alive
pushed the profit report for bot,20:53:07,alive
server lag: not answering,21:16:07,alive
server lag: the server stalled,21:17:10,alive
server lag: not answering,21:20:42,alive
server lag: the server stalled,21:21:47,alive
pushed the profit report for bot,21:23:41,alive
war window, log quiet 170s,21:30:01,alive
supervisor cancelled with Ctrl x4,21:34:33,dead
no run alive; 2026-09-19_194350_run.log ended: interrupted from the keyboard,21:35:31,dead
relaunched (pid 11104),21:35:55,alive
pushed the profit report for bot,21:44:51,alive
server lag: not answering,21:46:37,alive
server lag: the server stalled,21:47:41,alive
supervisor cancelled with Ctrl x4,21:59:03,dead
no run alive; 2026-09-19_213551_run.log ended: interrupted from the keyboard,22:10:34,dead
relaunched (pid 19292),22:10:57,alive
pushed the profit report for bot,22:28:20,alive
server lag: not answering,22:38:55,alive
server lag: the server stalled,22:39:58,alive
supervisor cancelled with Ctrl x4,22:41:23,dead
no run alive; 2026-09-19_221053_run.log ended: interrupted from the keyboard,22:43:11,dead
supervisor crashed: KeyError: 'core',22:43:21,dead
no run alive; 2026-09-19_221053_run.log ended: interrupted from the keyboard,22:44:25,dead
relaunched (pid 10760),22:44:47,alive
supervisor cancelled with Ctrl x4,23:01:05,dead
no run alive; 2026-09-19_224443_run.log ended: interrupted from the keyboard,23:01:20,dead
relaunched (pid 14716),23:01:43,alive
pushed the profit report for bot,23:14:48,alive
pushed the profit report for bot,23:44:54,alive
server lag: not answering,00:03:14,alive
server lag: the server stalled,00:04:18,alive
server lag: the server stalled,00:04:42,alive
server lag: not answering,00:11:04,alive
server lag: the server stalled,00:11:45,alive
server lag: the server stalled,00:12:08,alive
server lag: not answering,00:12:29,alive
server lag: the server stalled,00:13:32,alive
pushed the profit report for bot,00:15:02,alive
war window, log quiet 169s,00:32:36,alive
pushed the profit report for bot,00:45:03,alive
pushed the profit report for bot,01:15:14,alive
pushed the profit report for bot,01:45:26,alive
pushed the profit report for bot,02:15:36,alive
pushed the profit report for bot,02:45:54,alive
pushed the profit report for bot,03:16:09,alive
war window, log quiet 169s,03:33:08,alive
pushed the profit report for bot,03:46:19,alive
pushed the profit report for bot,04:16:31,alive
pushed the profit report for bot,04:46:44,alive
server lag: not answering,04:50:56,alive
server lag: the server stalled,04:52:01,alive
server lag: not answering,04:53:05,alive
server lag: the server stalled,04:54:09,alive
server lag: the server stalled,04:54:32,alive
pushed the profit report for bot,05:16:55,alive
pushed the profit report for bot,05:47:05,alive
server lag: not answering,05:56:20,alive
server lag: the server stalled,05:57:24,alive
pushed the profit report for bot,06:17:23,alive
war window, log quiet 165s,06:30:47,alive
pushed the profit report for bot,06:47:30,alive
pushed the profit report for bot,07:17:47,alive
pushed the profit report for bot,07:48:02,alive
pushed the profit report for bot,08:18:16,alive
pushed the profit report for bot,08:48:28,alive
server lag: not answering,09:12:32,alive
server lag: the server stalled,09:13:35,alive
server lag: the server stalled,09:13:56,alive
pushed the profit report for bot,09:18:38,alive
supervisor cancelled with Ctrl x4,09:27:05,dead
no run alive; 2026-09-19_230140_run.log ended: interrupted from the keyboard,09:29:07,dead
relaunched (pid 8024),09:29:32,alive
pushed the profit report for bot,09:44:42,alive
stop condition: nothing loaded into the shop slot from (1,2) after 1 ctrl-click(s). Nothing has been listed.,09:47:30,dead
nothing loaded into the shop slot from (1,2) after 1 ctrl-click(s). Nothing has been listed.,09:47:32,dead
tab 4 slot (1,1) has no tooltip name; listing it at the panel's price and the full quantity,09:53:02,dead
supervisor cancelled with Ctrl x4,09:55:00,dead
no run alive; 2026-09-20_092929_run.log ended: nothing loaded into the shop slot from (1,2) after 1 ctrl-click(s). Nothing has been listed.,10:01:02,dead
tab 4 slot (1,1) has no tooltip name; listing it at the panel's price and the full quantity,10:04:55,dead
finished: list 1 1 0 4 (whatever is there); 0 slot(s) left,10:07:09,dead
relaunched (pid 14440),10:07:22,alive
supervisor cancelled with Ctrl x4,10:24:59,dead
no run alive; 2026-09-20_100719_run.log ended: interrupted from the keyboard,11:23:56,dead
relaunched (pid 13092),11:24:21,alive
pushed the profit report for bot,11:34:00,alive
server lag: not answering,11:44:56,alive
server lag: the server stalled,11:45:59,alive
server lag: the server stalled,11:46:20,alive
supervisor cancelled with Ctrl x4,11:52:21,dead
no run alive; 2026-09-20_112417_run.log ended: interrupted from the keyboard,11:52:58,dead
relaunched (pid 8916),11:53:23,alive
pushed the profit report for bot,12:00:55,alive
supervisor cancelled with Ctrl x4,12:10:28,dead
no run alive; 2026-09-20_115319_run.log ended: interrupted from the keyboard,12:28:17,dead
relaunched (pid 10964),12:28:40,alive
RuntimeError: the Agent Shop would not close, and the vendor will not open on top of it. Nothing written.,12:30:49,dead
supervisor cancelled with Ctrl x4,12:32:18,dead
no run alive; 2026-09-20_122837_run.log ended: RuntimeError: the Agent Shop would not close, and the vendor will not open on top of it. Nothing written.,12:37:19,dead
relaunched (pid 18664),12:37:41,alive
RuntimeError: the Agent Shop would not close, and the vendor will not open on top of it. Nothing written.,12:39:27,dead
collect failed: driver.py --config bot collect exited 1: RuntimeError: the Agent Shop would not close, and the vendor will not open on top of it. Nothing written.; carrying on,12:41:50,dead
tab 4 slot (1,1) has no tooltip name; listing it at the panel's price and the full quantity,12:41:54,dead
recovery attempt 1 failed: driver.py --config bot list 1 1 0 4 exited 1: RuntimeError: the Purchase tab would not open at [98, 80], so the favourite row cannot be measured.; attempt 2 in 60s,12:42:45,dead
tab 4 slot (1,1) has no tooltip name; listing it at the panel's price and the full quantity,12:50:10,dead
finished: list 1 1 0 4 (whatever is there); 6 slot(s) left,12:52:13,dead
recovery attempt 2 failed: driver.py --config bot list 1 3 0 4 Force Core(High) exited 1: RuntimeError: the Agent Shop would not close, and the vendor will not open on top of it; attempt 3 in 60s,12:54:03,dead
tab 4 slot (1,1) has no tooltip name; listing it at the panel's price and the full quantity,12:59:23,dead
no run alive; 2026-09-20_123737_run.log ended: RuntimeError: the Agent Shop would not close, and the vendor will not open on top of it. Nothing written.,13:02:07,dead
tab 4 slot (1,1) has no tooltip name; listing it at the panel's price and the full quantity,13:05:47,dead
finished: list 1 1 0 4 (whatever is there); 6 slot(s) left,13:07:47,dead
finished: list 1 3 0 4 Force Core(High) (Force Core(High)); 0 slot(s) left,13:10:08,dead
relaunched (pid 19084),13:10:21,alive
pushed the profit report for bot,13:18:55,alive
pushed the profit report for bot,13:48:57,alive
supervisor cancelled with Ctrl x4,14:02:42,dead
no run alive; 2026-09-20_131017_run.log ended: interrupted from the keyboard,14:08:34,dead
relaunched (pid 6224),14:08:56,alive
pushed the profit report for bot,14:20:40,alive
server lag: not answering,14:30:52,alive
server lag: the server stalled,14:31:55,alive
pushed the profit report for bot,14:50:42,alive
server lag: not answering,15:17:10,alive
disconnected (run still up),15:17:55,alive
disconnected 7s on; killing pid 6224,15:18:02,dead
ended without a reason line, exit code 1; nothing in driver.py exits without one, so it was stopped from outside,15:18:03,dead
recovered: back in the world,15:19:30,dead
finished: list 1 1 0 4 Yekaterina VIP Membership (Yekaterina VIP Membership); 0 slot(s) left,15:32:41,dead
relaunched (pid 10824),15:32:57,alive
supervisor cancelled with Ctrl x4,15:34:29,dead
no run alive; 2026-09-20_153254_run.log ended: interrupted from the keyboard,15:48:00,dead
relaunched (pid 4352),15:48:50,alive
server lag: not answering,15:52:56,alive
server lag: the server stalled,15:54:04,alive
pushed the profit report for bot,16:00:19,alive
pushed the profit report for bot,16:30:32,alive
server lag: not answering,16:32:18,alive
server lag: the server stalled,16:33:05,alive
server lag: the server stalled,16:33:26,alive
pushed the profit report for bot,17:00:40,alive
pushed the profit report for bot,17:30:51,alive
server lag: not answering,17:41:04,alive
server lag: the server stalled,17:41:51,alive
server lag: the server stalled,17:42:13,alive
pushed the profit report for bot,18:00:55,alive
supervisor cancelled with Ctrl x4,18:11:54,dead
no run alive; 2026-09-20_154846_run.log ended: interrupted from the keyboard,18:12:54,dead
relaunched (pid 13432),18:13:37,alive
pushed the profit report for bot,18:23:05,alive
KeyError: 'floor',18:27:03,dead
collect failed: driver.py --config bot collect exited 1: RuntimeError: the offers header is missing ['name', 'qty', 'price']; read ['2', '67', 'Force', 'Core(Highest); carrying on,18:28:42,dead
listing tab 4 slot (1,1) at the panel's price and the full quantity, the 'Chaos Core' the log says is there,18:28:42,dead
recovery attempt 1 failed: driver.py --config bot list 1 1 0 4 exited 1: RuntimeError: the offers header is missing ['name', 'qty', 'price']; read ['2', '67', 'Force', 'Core(Hig; attempt 2 in 60s,18:29:31,dead
collect failed: driver.py --config bot collect exited 1: RuntimeError: the offers header is missing ['name', 'qty', 'price']; read ['2', '67', 'Force', 'Core(Highest); carrying on,18:32:00,dead
listing tab 4 slot (1,1) at the panel's price and the full quantity, the 'Chaos Core' the log says is there,18:32:00,dead
supervisor cancelled with Ctrl x4,18:32:40,dead
no run alive; 2026-09-20_181333_run.log ended: KeyError: 'floor',18:34:57,dead
relaunched (pid 7668),18:35:38,alive
server lag: not answering,18:45:43,alive
server lag: the server stalled,18:46:49,alive
pushed the profit report for bot,18:58:47,alive
pushed the profit report for bot,19:29:06,alive
pushed the profit report for bot,19:59:26,alive
server lag: not answering,20:15:15,alive
server lag: the server stalled,20:16:19,alive
server lag: the server stalled,20:16:43,alive
server lag: not answering,20:29:18,alive
pushed the profit report for bot,20:29:46,alive
server lag: the server stalled,20:30:07,alive
server lag: the server stalled,20:30:28,alive
pushed the profit report for bot,20:59:47,alive
pushed the profit report for bot,21:30:10,alive
war window, log quiet 151s,21:30:51,alive
pushed the profit report for bot,22:00:13,alive
supervisor cancelled with Ctrl x4,22:17:34,dead
no run alive; 2026-09-20_183535_run.log ended: interrupted from the keyboard,22:27:59,dead
relaunched (pid 6920),22:28:46,alive
server lag: not answering,22:41:49,alive
server lag: the server stalled,22:42:54,alive
server lag: not answering,22:43:18,alive
server lag: the server stalled,22:44:24,alive
pushed the profit report for bot,22:53:08,alive
pushed the profit report for bot,23:23:09,alive
pushed the profit report for bot,23:53:16,alive
pushed the profit report for bot,00:23:26,alive
server lag: not answering,00:24:52,alive
server lag: the server stalled,00:25:58,alive
server lag: not answering,00:26:20,alive
server lag: the server stalled,00:27:25,alive
war window, log quiet 163s,00:31:08,alive
server lag: not answering,00:47:33,alive
server lag: the server stalled,00:48:39,alive
server lag: the server stalled,00:49:00,alive
pushed the profit report for bot,00:53:31,alive
supervisor cancelled with Ctrl x4,01:08:00,dead
no run alive; 2026-09-20_222842_run.log ended: interrupted from the keyboard,01:08:46,dead
relaunched (pid 9948),01:09:28,alive
pushed the profit report for bot,01:19:22,alive
server lag: not answering,01:31:14,alive
server lag: the server stalled,01:32:00,alive
server lag: the server stalled,01:32:21,alive
server lag: not answering,01:35:16,alive
server lag: the server stalled,01:36:22,alive
server lag: the server stalled,01:36:43,alive
server lag: not answering,01:37:28,alive
server lag: the server stalled,01:38:34,alive
server lag: the server stalled,01:38:55,alive
pushed the profit report for bot,01:49:29,alive
server lag: not answering,02:06:04,alive
server lag: the server stalled,02:07:09,alive
server lag: the server stalled,02:07:33,alive
server lag: not answering,02:16:13,alive
server lag: the server stalled,02:17:19,alive
pushed the profit report for bot,02:19:34,alive
pushed the profit report for bot,02:49:44,alive
pushed the profit report for bot,03:19:52,alive
war window, log quiet 164s,03:33:59,alive
pushed the profit report for bot,03:50:05,alive
pushed the profit report for bot,04:20:17,alive
server lag: not answering,04:33:18,alive
server lag: the server stalled,04:34:23,alive
pushed the profit report for bot,04:50:29,alive
pushed the profit report for bot,05:20:30,alive
server lag: not answering,05:27:01,alive
server lag: the server stalled,05:27:46,alive
server lag: the server stalled,05:28:08,alive
pushed the profit report for bot,05:50:47,alive
pushed the profit report for bot,06:21:25,alive
war window, log quiet 157s,06:31:36,alive
pushed the profit report for bot,06:51:09,alive
pushed the profit report for bot,07:21:21,alive
server lag: not answering,07:22:06,alive
server lag: the server stalled,07:23:12,alive
server lag: the server stalled,07:23:33,alive
pushed the profit report for bot,07:51:59,alive
pushed the profit report for bot,08:21:54,alive
server lag: not answering,08:32:33,alive
server lag: the server stalled,08:33:41,alive
pushed the profit report for bot,08:52:15,alive
pushed the profit report for bot,09:22:22,alive
war window, log quiet 168s,09:33:32,alive
RuntimeError: pressed I 2 times; the Inventory panel is not open where calibration.json says it is.,09:34:41,dead
relaunched (pid 10392),09:35:26,alive
pushed the profit report for bot,09:52:30,alive
supervisor cancelled with Ctrl x4,09:56:05,dead
no run alive; 2026-09-21_093523_run.log ended: interrupted from the keyboard,10:04:05,dead
relaunched (pid 10944),10:04:49,alive
pushed the profit report for bot,10:14:23,alive
supervisor cancelled with Ctrl x4,10:24:06,dead
no run alive; 2026-09-21_100446_run.log ended: interrupted from the keyboard,10:27:13,dead
relaunched (pid 1212),10:27:55,alive
pushed the profit report for bot,10:38:56,alive
pushed the profit report for bot,11:09:15,alive
supervisor cancelled with Ctrl x4,11:36:15,dead
no run alive; 2026-09-21_102751_run.log ended: interrupted from the keyboard,11:36:54,dead
relaunched (pid 20204),11:37:37,alive
pushed the profit report for bot,11:46:24,alive
pushed the profit report for bot,12:16:47,alive
war window, log quiet 157s,12:33:08,alive
server lag: not answering,12:40:23,alive
server lag: the server stalled,12:41:30,alive
pushed the profit report for bot,12:47:01,alive
server lag: not answering,13:16:01,alive
disconnected (run still up),13:16:45,alive
disconnected 8s on; killing pid 20204,13:16:53,dead
ended without a reason line, exit code 1; nothing in driver.py exits without one, so it was stopped from outside,13:16:53,dead
recovery attempt 1 failed: recovery refused: Refused: no 'Channel 12' in the server list within 60s. Nothing entered.; attempt 2 in 60s,13:20:44,dead
recovered: back in the world,13:22:45,dead
relaunched (pid 8956),13:23:21,alive
pushed the profit report for bot,13:36:32,alive
pushed the profit report for bot,14:06:37,alive
pushed the profit report for bot,14:36:40,alive
pushed the profit report for bot,15:06:54,alive
server lag: not answering,15:18:10,alive
server lag: the server stalled,15:19:15,alive
war window, log quiet 161s,15:32:27,alive
pushed the profit report for bot,15:37:05,alive
supervisor cancelled with Ctrl x4,15:41:27,dead
no run alive; 2026-09-21_132317_run.log ended: interrupted from the keyboard,15:41:42,dead
relaunched (pid 16168),15:42:32,alive
pushed the profit report for bot,15:54:39,alive
supervisor cancelled with Ctrl x4,16:02:12,dead
no run alive; 2026-09-21_154228_run.log ended: interrupted from the keyboard,16:06:23,dead
relaunched (pid 18276),16:07:10,alive
pushed the profit report for bot,16:19:19,alive
supervisor cancelled with Ctrl x4,16:35:41,dead
no run alive; 2026-09-21_160707_run.log ended: interrupted from the keyboard,16:35:57,dead
relaunched (pid 6472),16:36:42,alive
pushed the profit report for bot,16:47:47,alive
supervisor cancelled with Ctrl x4,17:00:25,dead
no run alive; 2026-09-21_163639_run.log ended: interrupted from the keyboard,17:00:31,dead
relaunched (pid 18204),17:01:27,alive
server lag: not answering,17:03:19,alive
server lag: the server stalled,17:04:05,alive
server lag: not answering,17:08:26,alive
server lag: the server stalled,17:09:08,alive
server lag: the server stalled,17:09:36,alive
pushed the profit report for bot,17:18:28,alive
server lag: not answering,17:23:55,alive
server lag: the server stalled,17:25:02,alive
supervisor crashed: TimeoutExpired: Command '['git', 'fetch', 'origin', 'main']' timed out after 30 seconds,17:49:12,dead
attached (pid 18204),17:49:47,alive
pushed the profit report for bot,17:49:56,alive
attached (pid 18204),17:52:18,alive
pushed the profit report for bot,17:52:27,alive
supervisor cancelled with Ctrl x4,18:01:55,dead
no run alive; 2026-09-21_170123_run.log ended: interrupted from the keyboard,18:02:06,dead
relaunched (pid 6000),18:02:55,alive
pushed the profit report for bot,18:15:28,alive
pushed the profit report for bot,18:30:31,alive
war window, log quiet 152s,18:30:51,alive
pushed the profit report for bot,18:45:37,alive
pushed the profit report for bot,19:00:53,alive
server lag: not answering,19:06:40,alive
server lag: the server stalled,19:07:46,alive
server lag: the server stalled,19:08:11,alive
pushed the profit report for bot,19:16:14,alive
pushed the profit report for bot,19:31:16,alive
stop condition: tab 4 slot (1,1) is still empty 8s after the withdrawal. Nothing listed.,19:32:43,dead
tab 4 slot (1,1) is still empty 8s after the withdrawal. Nothing listed.,19:32:43,dead
driver.py --config held up: ServerStalled: the server stalled for 60s; nothing was clicked and the shop is shut. The pass starts again.; waiting 60s, then attempt 2,19:40:21,dead
driver.py --config held up: ServerStalled: the server stalled for 60s; nothing was clicked and the shop is shut. The pass starts again.; waiting 60s, then attempt 3,19:49:35,dead
listing tab 4 slot (1,1) at the panel's price and the full quantity, the "Siena's Unbinding Stone" the log says is there,19:54:49,dead
supervisor cancelled with Ctrl x4,19:59:33,dead
no run alive; 2026-09-21_180252_run.log ended: tab 4 slot (1,1) is still empty 8s after the withdrawal. Nothing listed.,20:11:31,dead
relaunched (pid 8580),20:12:21,alive
supervisor cancelled with Ctrl x4,20:14:33,dead
no run alive; 2026-09-21_201218_run.log ended: interrupted from the keyboard,20:15:15,dead
relaunched (pid 10292),20:16:05,alive
pushed the profit report for bot,20:35:07,alive
pushed the profit report for bot,20:50:27,alive
pushed the profit report for bot,21:05:43,alive
server lag: not answering,21:06:49,alive
server lag: the server stalled,21:07:56,alive
pushed the profit report for bot,21:20:46,alive
war window, log quiet 162s,21:33:53,alive
pushed the profit report for bot,21:36:09,alive
pushed the profit report for bot,21:51:31,alive
pushed the profit report for bot,22:06:55,alive
pushed the profit report for bot,22:22:16,alive
pushed the profit report for bot,22:37:27,alive
server lag: not answering,22:52:28,alive
pushed the profit report for bot,22:52:34,alive
server lag: the server stalled,22:53:16,alive
server lag: the server stalled,22:53:43,alive
server lag: not answering,23:07:15,alive
pushed the profit report for bot,23:07:45,alive
server lag: the server stalled,23:08:27,alive
pushed the profit report for bot,23:22:50,alive
server lag: not answering,23:35:41,alive
server lag: the server stalled,23:36:23,alive
server lag: the server stalled,23:36:51,alive
pushed the profit report for bot,23:38:02,alive
pushed the profit report for bot,23:53:08,alive
pushed the profit report for bot,00:08:14,alive
pushed the profit report for bot,00:23:28,alive
server lag: not answering,00:26:05,alive
server lag: the server stalled,00:27:14,alive
war window, log quiet 152s,00:31:01,alive
pushed the profit report for bot,00:38:52,alive
pushed the profit report for bot,00:54:00,alive
pushed the profit report for bot,01:09:12,alive
server lag: not answering,01:21:43,alive
server lag: the server stalled,01:22:51,alive
pushed the profit report for bot,01:24:30,alive
pushed the profit report for bot,01:39:39,alive
pushed the profit report for bot,01:54:59,alive
pushed the profit report for bot,02:10:16,alive
pushed the profit report for bot,02:25:32,alive
server lag: not answering,02:27:24,alive
server lag: the server stalled,02:28:33,alive
pushed the profit report for bot,02:40:32,alive
pushed the profit report for bot,02:55:47,alive
pushed the profit report for bot,03:10:50,alive
pushed the profit report for bot,03:26:08,alive
war window, log quiet 151s,03:31:45,alive
pushed the profit report for bot,03:41:25,alive
pushed the profit report for bot,03:56:42,alive
pushed the profit report for bot,04:12:02,alive
pushed the profit report for bot,04:27:21,alive
pushed the profit report for bot,04:42:39,alive
pushed the profit report for bot,04:57:41,alive
pushed the profit report for bot,05:13:00,alive
pushed the profit report for bot,05:28:05,alive
pushed the profit report for bot,05:43:22,alive
pushed the profit report for bot,05:58:28,alive
server lag: not answering,06:13:24,alive
pushed the profit report for bot,06:13:29,alive
server lag: the server stalled,06:14:11,alive
server lag: the server stalled,06:14:39,alive
server lag: not answering,06:20:12,alive
server lag: the server stalled,06:21:20,alive
pushed the profit report for bot,06:28:34,alive
war window, log quiet 169s,06:31:12,alive
server lag: not answering,06:37:32,alive
server lag: the server stalled,06:38:18,alive
pushed the profit report for bot,06:43:38,alive
pushed the profit report for bot,06:58:59,alive
server lag: not answering,07:03:49,alive
server lag: the server stalled,07:04:37,alive
server lag: the server stalled,07:04:59,alive
pushed the profit report for bot,07:14:09,alive
pushed the profit report for bot,07:29:26,alive
the profit report was written but not pushed: git fetch origin main gave no answer in 30s,07:45:02,alive
pushed the profit report for bot,07:59:36,alive
server lag: not answering,08:14:49,alive
pushed the profit report for bot,08:14:55,alive
server lag: the server stalled,08:15:37,alive
server lag: the server stalled,08:16:04,alive
server lag: not answering,08:21:59,alive
server lag: the server stalled,08:22:45,alive
server lag: the server stalled,08:23:06,alive
pushed the profit report for bot,08:30:19,alive
server lag: not answering,08:35:28,alive
server lag: the server stalled,08:36:14,alive
server lag: the server stalled,08:36:36,alive
pushed the profit report for bot,08:45:41,alive
server lag: not answering,08:46:27,alive
server lag: the server stalled,08:47:35,alive
pushed the profit report for bot,09:00:43,alive
server lag: not answering,09:13:42,alive
server lag: the server stalled,09:14:49,alive
pushed the profit report for bot,09:16:05,alive
supervisor cancelled with Ctrl x4,09:19:26,dead
no run alive; 2026-09-21_201602_run.log ended: interrupted from the keyboard,09:19:46,dead
relaunched (pid 14024),09:20:28,alive
disconnected (run still up),09:24:50,alive
disconnected 8s on; killing pid 14024,09:24:58,dead
ended without a reason line, exit code 1; nothing in driver.py exits without one, so it was stopped from outside,09:24:58,dead
recovered: back in the world,09:26:17,dead
relaunched (pid 7896),09:26:55,alive
supervisor cancelled with Ctrl x4,09:31:15,dead
no run alive; 2026-09-22_092651_run.log ended: interrupted from the keyboard,09:33:17,dead
relaunched (pid 16448),09:34:03,alive
server lag: not answering,09:44:35,alive
server lag: the server stalled,09:45:42,alive
supervisor cancelled with Ctrl x4,09:58:23,dead
no run alive; 2026-09-22_093359_run.log ended: interrupted from the keyboard,09:58:35,dead
relaunched (pid 19556),09:59:21,alive
pushed the profit report for bot,10:13:33,alive
server lag: not answering,10:23:13,alive
server lag: the server stalled,10:24:20,alive
server lag: not answering,10:24:44,alive
server lag: the server stalled,10:25:51,alive
pushed the profit report for bot,10:28:50,alive
pushed the profit report for bot,10:44:06,alive
pushed the profit report for bot,10:59:18,alive
pushed the profit report for bot,11:14:32,alive
pushed the profit report for bot,11:29:50,alive
pushed the profit report for bot,11:45:05,alive
server lag: not answering,11:46:31,alive
server lag: the server stalled,11:47:38,alive
pushed the profit report for bot,12:00:25,alive
pushed the profit report for bot,12:15:42,alive
war window, log quiet 154s,12:30:58,alive
pushed the profit report for bot,12:31:03,alive
server lag: not answering,12:34:44,alive
server lag: the server stalled,12:35:50,alive
pushed the profit report for bot,12:46:33,alive
pushed the profit report for bot,13:01:29,alive
pushed the profit report for bot,13:16:29,alive
pushed the profit report for bot,13:31:39,alive
pushed the profit report for bot,13:46:40,alive
pushed the profit report for bot,14:01:45,alive
pushed the profit report for bot,14:16:51,alive
pushed the profit report for bot,14:32:16,alive
pushed the profit report for bot,14:47:20,alive
pushed the profit report for bot,15:02:26,alive
server lag: not answering,15:03:31,alive
server lag: the server stalled,15:04:38,alive
server lag: the server stalled,15:05:00,alive
no run alive; 2026-09-22_095917_run.log ended: ended without a reason line,15:07:09,dead
the log says tab 4 holds 'Force Core(Highest)', which is converted and never listed; converting it,15:22:29,dead
driver.py --config held up: ServerStalled: the server stalled for 60s; nothing was clicked and the shop is shut. The pass starts again.; waiting 60s, then attempt 2,15:25:06,dead
finished: convert 1 (Force Core(Highest)); 7 slot(s) left,15:27:41,dead
the log says tab 4 holds 'Force Core(Highest)', which is converted and never listed; converting it,15:27:46,dead
recovery attempt 1 failed: convert 1 changed nothing on tab 4; Force Core(Highest) is still there; attempt 2 in 60s,15:28:56,dead
the log says tab 4 holds 'Force Core(Highest)', which is converted and never listed; converting it,15:38:47,dead
recovery attempt 2 failed: convert 1 changed nothing on tab 4; Force Core(Highest) is still there; attempt 3 in 60s,15:39:56,dead
the log says tab 4 holds 'Force Core(Highest)', which is converted and never listed; converting it,15:43:37,dead
recovery failed 3 times: convert 1 changed nothing on tab 4; Force Core(Highest) is still there; relogging (1 of 1),15:44:46,dead
relogged: back in the world,15:45:24,dead
the log says tab 4 holds 'Force Core(Highest)', which is converted and never listed; converting it,15:47:29,dead
recovery attempt 1 failed: convert 1 changed nothing on tab 4; Force Core(Highest) is still there; attempt 2 in 60s,15:48:38,dead
the log says tab 4 holds 'Force Core(Highest)', which is converted and never listed; converting it,15:51:37,dead
recovery attempt 2 failed: convert 1 changed nothing on tab 4; Force Core(Highest) is still there; attempt 3 in 60s,15:52:46,dead
the log says tab 4 holds 'Force Core(Highest)', which is converted and never listed; converting it,15:55:45,dead
supervisor stopped: convert 1 changed nothing on tab 4; Force Core(Highest) is still there,15:56:58,dead
no run alive; 2026-09-22_095917_run.log ended: ended without a reason line,15:58:35,dead
the log says tab 4 holds 'Force Core(Highest)', which is converted and never listed; converting it,16:00:38,dead
convert 1 changed nothing on tab 4; Force Core(Highest) is already what it makes, so it is listed instead,16:01:49,dead
listing tab 4 slot (1,2) at the panel's price and the full quantity, the 'Force Core(Highest)' the log says is there,16:01:54,dead
finished: list 1 2 0 4 (Force Core(Highest)); 0 slot(s) left,16:02:12,dead
relaunched (pid 13568),16:02:28,alive
server lag: not answering,16:04:20,alive
server lag: the server stalled,16:05:27,alive
pushed the profit report for bot and together,16:17:31,alive
pushed the profit report for bot and together,16:32:50,alive
supervisor cancelled with Ctrl x4,16:39:02,dead
no run alive; 2026-09-22_160225_run.log ended: interrupted from the keyboard,16:39:40,dead
relaunched (pid 10396),16:40:28,alive
pushed the profit report for bot and together,16:52:36,alive
pushed the profit report for bot and together,17:07:52,alive
pushed the profit report for bot and together,17:23:14,alive
the together report was not written: Stop: tools/profit_together.py exited 2: C:\Users\tl456\AppData\Local\Python\pythoncore-3.14-64\python.exe: can't,17:38:30,alive
pushed the profit report for bot,17:38:33,alive
the together report was not written: Stop: tools/profit_together.py exited 2: C:\Users\tl456\AppData\Local\Python\pythoncore-3.14-64\python.exe: can't,17:53:48,alive
pushed the profit report for bot,17:53:52,alive
the together report was not written: Stop: tools/profit_together.py exited 2: C:\Users\tl456\AppData\Local\Python\pythoncore-3.14-64\python.exe: can't,18:09:07,alive
pushed the profit report for bot,18:09:10,alive
the together report was not written: Stop: tools/profit_together.py exited 2: C:\Users\tl456\AppData\Local\Python\pythoncore-3.14-64\python.exe: can't,18:24:25,alive
pushed the profit report for bot,18:24:28,alive
the together report was not written: Stop: tools/profit_together.py exited 2: C:\Users\tl456\AppData\Local\Python\pythoncore-3.14-64\python.exe: can't,18:39:29,alive
pushed the profit report for bot,18:39:32,alive
the together report was not written: Stop: tools/profit_together.py exited 2: C:\Users\tl456\AppData\Local\Python\pythoncore-3.14-64\python.exe: can't,18:54:32,alive
pushed the profit report for bot,18:54:36,alive
server lag: not answering,19:00:03,alive
server lag: the server stalled,19:00:45,alive
server lag: the server stalled,19:01:11,alive
server lag: not answering,19:09:31,alive
the together report was not written: Stop: tools/profit_together.py exited 2: C:\Users\tl456\AppData\Local\Python\pythoncore-3.14-64\python.exe: can't,19:09:37,alive
pushed the profit report for bot,19:09:40,alive
server lag: the server stalled,19:10:42,alive
server lag: not answering,19:11:28,alive
server lag: the server stalled,19:12:15,alive
server lag: the server stalled,19:12:36,alive
the together report was not written: Stop: tools/profit_together.py exited 2: C:\Users\tl456\AppData\Local\Python\pythoncore-3.14-64\python.exe: can't,19:24:40,alive
pushed the profit report for bot,19:24:43,alive
the together report was not written: Stop: tools/profit_together.py exited 2: C:\Users\tl456\AppData\Local\Python\pythoncore-3.14-64\python.exe: can't,19:39:45,alive
pushed the profit report for bot,19:39:49,alive
the together report was not written: Stop: tools/profit_together.py exited 2: C:\Users\tl456\AppData\Local\Python\pythoncore-3.14-64\python.exe: can't,19:54:53,alive
pushed the profit report for bot,19:54:57,alive
server lag: not answering,20:06:55,alive
server lag: the server stalled,20:07:41,alive
server lag: the server stalled,20:08:03,alive
server lag: not answering,20:08:49,alive
server lag: the server stalled,20:09:35,alive
server lag: the server stalled,20:09:57,alive
the together report was not written: Stop: tools/profit_together.py exited 2: C:\Users\tl456\AppData\Local\Python\pythoncore-3.14-64\python.exe: can't,20:10:00,alive
pushed the profit report for bot,20:10:03,alive
the together report was not written: Stop: tools/profit_together.py exited 2: C:\Users\tl456\AppData\Local\Python\pythoncore-3.14-64\python.exe: can't,20:25:07,alive
pushed the profit report for bot,20:25:11,alive
the together report was not written: Stop: tools/profit_together.py exited 2: C:\Users\tl456\AppData\Local\Python\pythoncore-3.14-64\python.exe: can't,20:40:18,alive
pushed the profit report for bot,20:40:22,alive
the together report was not written: Stop: tools/profit_together.py exited 2: C:\Users\tl456\AppData\Local\Python\pythoncore-3.14-64\python.exe: can't,20:55:21,alive
pushed the profit report for bot,20:55:25,alive
the together report was not written: Stop: tools/profit_together.py exited 2: C:\Users\tl456\AppData\Local\Python\pythoncore-3.14-64\python.exe: can't,21:10:27,alive
pushed the profit report for bot,21:10:31,alive
the together report was not written: Stop: tools/profit_together.py exited 2: C:\Users\tl456\AppData\Local\Python\pythoncore-3.14-64\python.exe: can't,21:25:38,alive
pushed the profit report for bot,21:25:41,alive
war window, log quiet 172s,21:30:27,alive
server lag: not answering,21:35:14,alive
server lag: the server stalled,21:36:21,alive
the together report was not written: Stop: tools/profit_together.py exited 2: C:\Users\tl456\AppData\Local\Python\pythoncore-3.14-64\python.exe: can't,21:40:51,alive
pushed the profit report for bot,21:40:54,alive
the together report was not written: Stop: tools/profit_together.py exited 2: C:\Users\tl456\AppData\Local\Python\pythoncore-3.14-64\python.exe: can't,21:56:02,alive
pushed the profit report for bot,21:56:06,alive
supervisor cancelled with Ctrl x4,21:57:31,dead
no run alive; 2026-09-22_164024_run.log ended: interrupted from the keyboard,21:58:43,dead
relaunched (pid 10532),21:59:29,alive
server lag: not answering,22:08:56,alive
server lag: the server stalled,22:10:02,alive
server lag: the server stalled,22:10:23,alive
server lag: not answering,22:18:44,alive
server lag: the server stalled,22:19:51,alive
server lag: the server stalled,22:20:12,alive
pushed the profit report for bot and all,22:29:26,alive
pushed the profit report for bot and all,22:44:42,alive
pushed the profit report for bot and all,23:00:01,alive
pushed the profit report for bot and all,23:15:20,alive
pushed the profit report for bot and all,23:30:36,alive
pushed the profit report for bot and all,23:45:57,alive
pushed the profit report for bot and all,00:00:59,alive
server lag: not answering,00:15:05,alive
server lag: the server stalled,00:16:12,alive
pushed the profit report for bot and all,00:16:24,alive
pushed the profit report for bot and all,00:31:25,alive
war window, log quiet 153s,00:32:10,alive
pushed the profit report for bot and all,00:46:42,alive
pushed the profit report for bot and all,01:01:48,alive
pushed the profit report for bot and all,01:16:51,alive
pushed the profit report for bot and all,01:32:00,alive
server lag: not answering,01:44:24,alive
server lag: the server stalled,01:45:32,alive
pushed the profit report for bot and all,01:47:09,alive
pushed the profit report for bot and all,02:02:16,alive
pushed the profit report for bot and all,02:17:29,alive
server lag: not answering,02:28:28,alive
server lag: the server stalled,02:29:10,alive
server lag: the server stalled,02:29:36,alive
pushed the profit report for bot and all,02:32:40,alive
server lag: not answering,02:43:15,alive
server lag: the server stalled,02:44:01,alive
server lag: the server stalled,02:44:23,alive
pushed the profit report for bot and all,02:47:49,alive
pushed the profit report for bot and all,03:03:01,alive
pushed the profit report for bot and all,03:18:12,alive
server lag: not answering,03:22:13,alive
server lag: the server stalled,03:23:18,alive
war window, log quiet 155s,03:31:00,alive
pushed the profit report for bot and all,03:33:30,alive
pushed the profit report for bot and all,03:48:43,alive
pushed the profit report for bot and all,04:04:07,alive
pushed the profit report for bot and all,04:18:56,alive
pushed the profit report for bot and all,04:34:11,alive
pushed the profit report for bot and all,04:49:26,alive
server lag: not answering,04:55:42,alive
server lag: the server stalled,04:56:50,alive
server lag: the server stalled,04:57:12,alive
pushed the profit report for bot and all,05:04:42,alive
server lag: not answering,05:18:22,alive
server lag: the server stalled,05:19:08,alive
server lag: the server stalled,05:19:29,alive
pushed the profit report for bot and all,05:20:02,alive
server lag: not answering,05:31:07,alive
server lag: the server stalled,05:32:14,alive
pushed the profit report for bot and all,05:35:19,alive
server lag: not answering,05:39:00,alive
server lag: the server stalled,05:40:07,alive
server lag: the server stalled,05:40:29,alive
server lag: not answering,05:48:59,alive
server lag: the server stalled,05:50:06,alive
pushed the profit report for bot and all,05:50:35,alive
pushed the profit report for bot and all,06:05:54,alive
server lag: not answering,06:06:15,alive
server lag: the server stalled,06:07:22,alive
server lag: the server stalled,06:07:44,alive
server lag: not answering,06:08:30,alive
server lag: the server stalled,06:09:37,alive
pushed the profit report for bot and all,06:21:17,alive
pushed the profit report for bot and all,06:36:39,alive
pushed the profit report for bot and all,06:51:42,alive
pushed the profit report for bot and all,07:07:03,alive
pushed the profit report for bot and all,07:22:04,alive
pushed the profit report for bot and all,07:37:23,alive
pushed the profit report for bot and all,07:52:25,alive
pushed the profit report for bot and all,08:07:49,alive
pushed the profit report for bot and all,08:22:51,alive
pushed the profit report for bot and all,08:38:11,alive
pushed the profit report for bot and all,08:53:13,alive
pushed the profit report for bot and all,09:08:31,alive
pushed the profit report for bot and all,09:23:52,alive
war window, log quiet 162s,09:30:09,alive
pushed the profit report for bot and all,09:39:11,alive
pushed the profit report for bot and all,09:54:31,alive
pushed the profit report for bot and all,10:09:56,alive
pushed the profit report for bot and all,10:24:54,alive
pushed the profit report for bot and all,10:39:57,alive
pushed the profit report for bot and all,10:55:16,alive
pushed the profit report for bot and all,11:10:20,alive
server lag: not answering,11:15:11,alive
server lag: the server stalled,11:15:53,alive
server lag: the server stalled,11:16:19,alive
server lag: not answering,11:24:52,alive
pushed the profit report for bot and all,11:25:23,alive
server lag: the server stalled,11:26:05,alive
pushed the profit report for bot and all,11:40:48,alive
pushed the profit report for bot and all,11:56:08,alive
pushed the profit report for bot and all,12:11:20,alive
pushed the profit report for bot and all,12:26:29,alive
war window, log quiet 159s,12:30:58,alive
pushed the profit report for bot and all,12:41:33,alive
server lag: not answering,12:43:47,alive
server lag: the server stalled,12:44:54,alive
server lag: the server stalled,12:45:17,alive
server lag: not answering,12:46:25,alive
server lag: the server stalled,12:47:32,alive
pushed the profit report for bot and all,12:56:45,alive
pushed the profit report for bot and all,13:11:49,alive
pushed the profit report for bot and all,13:27:09,alive
pushed the profit report for bot and all,13:42:18,alive
pushed the profit report for bot and all,13:57:23,alive
pushed the profit report for bot and all,14:12:31,alive
server lag: not answering,14:20:02,alive
server lag: the server stalled,14:21:10,alive
pushed the profit report for bot and all,14:27:45,alive
pushed the profit report for bot and all,14:42:53,alive
pushed the profit report for bot and all,14:57:59,alive
pushed the profit report for bot and all,15:13:14,alive
pushed the profit report for bot and all,15:28:33,alive
war window, log quiet 160s,15:31:50,alive
pushed the profit report for bot and all,15:43:39,alive
pushed the profit report for bot and all,15:58:52,alive
pushed the profit report for bot and all,16:14:05,alive
pushed the profit report for bot and all,16:29:23,alive
pushed the profit report for bot and all,16:44:35,alive
pushed the profit report for bot and all,16:59:46,alive
pushed the profit report for bot and all,17:15:04,alive
server lag: not answering,17:19:09,alive
server lag: the server stalled,17:20:17,alive
pushed the profit report for bot and all,17:30:18,alive
pushed the profit report for bot and all,17:45:36,alive
pushed the profit report for bot and all,18:00:41,alive
server lag: not answering,18:14:08,alive
server lag: the server stalled,18:15:20,alive
pushed the profit report for bot and all,18:15:56,alive
pushed the profit report for bot and all,18:30:53,alive
pushed the profit report for bot and all,18:46:04,alive
server lag: not answering,18:49:05,alive
server lag: the server stalled,18:50:14,alive
pushed the profit report for bot and all,19:01:07,alive
pushed the profit report for bot and all,19:16:26,alive
pushed the profit report for bot and all,19:31:28,alive
pushed the profit report for bot and all,19:46:34,alive
server lag: not answering,19:47:18,alive
server lag: the server stalled,19:48:25,alive
server lag: the server stalled,19:48:53,alive
server lag: not answering,19:54:44,alive
server lag: the server stalled,19:55:29,alive
server lag: the server stalled,19:55:59,alive
pushed the profit report for bot and all,20:01:36,alive
server lag: not answering,20:05:48,alive
server lag: the server stalled,20:06:59,alive
pushed the profit report for bot and all,20:16:57,alive
supervisor cancelled with Ctrl x4,20:30:58,dead
no run alive; 2026-09-22_215925_run.log ended: interrupted from the keyboard,20:39:59,dead
relaunched (pid 9540),20:40:54,alive
supervisor cancelled with Ctrl x4,20:56:42,dead
no run alive; 2026-09-23_204051_run.log ended: interrupted from the keyboard,21:00:01,dead
relaunched (pid 19412),21:00:57,alive
pushed the profit report for bot and all,21:14:21,alive
supervisor cancelled with Ctrl x4,21:27:53,dead
no run alive; 2026-09-23_210054_run.log ended: interrupted from the keyboard,22:03:17,dead
relaunched (pid 2252),22:04:10,alive
pushed the profit report for bot and all,22:17:57,alive
server lag: not answering,22:21:57,alive
server lag: the server stalled,22:23:03,alive
server lag: the server stalled,22:23:28,alive
pushed the profit report for bot and all,22:33:10,alive
pushed the profit report for bot and all,22:48:12,alive
pushed the profit report for bot and all,23:03:19,alive
server lag: not answering,23:09:29,alive
server lag: the server stalled,23:10:16,alive
server lag: the server stalled,23:10:37,alive
server lag: not answering,23:11:03,alive
server lag: the server stalled,23:11:45,alive
server lag: the server stalled,23:12:14,alive
pushed the profit report for bot and all,23:18:39,alive
pushed the profit report for bot and all,23:33:50,alive
pushed the profit report for bot and all,23:49:04,alive
server lag: not answering,00:03:29,alive
pushed the profit report for bot and all,00:04:24,alive
server lag: the server stalled,00:04:45,alive
pushed the profit report for bot and all,00:19:37,alive
supervisor cancelled with Ctrl x4,00:25:05,dead
no run alive; 2026-09-23_220407_run.log ended: interrupted from the keyboard,00:27:55,dead
relaunched (pid 15788),00:28:49,alive
pushed the profit report for bot and all,00:43:37,alive
pushed the profit report for bot and all,00:58:44,alive
pushed the profit report for bot and all,01:13:45,alive
pushed the profit report for bot and all,01:28:52,alive
server lag: not answering,01:40:57,alive
server lag: the server stalled,01:42:04,alive
pushed the profit report for bot and all,01:44:03,alive
pushed the profit report for bot and all,01:59:07,alive
server lag: not answering,02:10:05,alive
server lag: the server stalled,02:10:51,alive
server lag: the server stalled,02:11:13,alive
pushed the profit report for bot and all,02:14:25,alive
pushed the profit report for bot and all,02:29:34,alive
pushed the profit report for bot and all,02:44:42,alive
RuntimeError: config.json would not read: Expecting value: line 1 column 1 (char 0),02:52:05,dead
relaunched (pid 15324),02:52:40,alive
server lag: not answering,02:57:05,alive
server lag: the server stalled,02:58:11,alive
server lag: the server stalled,02:58:38,alive
pushed the profit report for bot and all,03:06:30,alive
pushed the profit report for bot and all,03:21:32,alive
server lag: not answering,03:25:49,alive
server lag: the server stalled,03:26:54,alive
disconnected (run still up),03:26:58,alive
disconnected 8s on; killing pid 15324,03:27:06,dead
ended without a reason line, exit code 1; nothing in driver.py exits without one, so it was stopped from outside,03:27:07,dead
recovered: back in the world,03:28:35,dead
listing tab 4 slot (1,1) at the panel's price and the full quantity, the 'Force Core(High' the log says is there,03:31:18,dead
finished: list 1 1 0 4 (Force Core(High); 0 slot(s) left,03:31:38,dead
relaunched (pid 8188),03:31:54,alive
server lag: not answering,03:33:46,alive
server lag: the server stalled,03:34:53,alive
supervisor cancelled with Ctrl x4,03:49:06,dead
no run alive; 2026-09-24_033150_run.log ended: interrupted from the keyboard,03:49:55,dead
relaunched (pid 6332),03:50:48,alive
pushed the profit report for bot and all,04:03:23,alive
pushed the profit report for bot and all,04:18:27,alive
pushed the profit report for bot and all,04:33:29,alive
pushed the profit report for bot and all,04:48:30,alive
pushed the profit report for bot and all,05:03:35,alive
server lag: not answering,05:14:30,alive
server lag: the server stalled,05:15:36,alive
server lag: the server stalled,05:16:01,alive
pushed the profit report for bot and all,05:18:42,alive
pushed the profit report for bot and all,05:33:52,alive
pushed the profit report for bot and all,05:48:59,alive
pushed the profit report for bot and all,06:04:05,alive
server lag: not answering,06:11:25,alive
server lag: the server stalled,06:12:32,alive
server lag: not answering,06:13:14,alive
server lag: the server stalled,06:14:01,alive
server lag: the server stalled,06:14:22,alive
pushed the profit report for bot and all,06:19:19,alive
war window, log quiet 158s,06:31:44,alive
pushed the profit report for bot and all,06:34:50,alive
pushed the profit report for bot and all,06:49:43,alive
pushed the profit report for bot and all,07:05:00,alive
pushed the profit report for bot and all,07:20:31,alive
pushed the profit report for bot and all,07:35:23,alive
pushed the profit report for bot and all,07:50:40,alive
pushed the profit report for bot and all,08:05:57,alive
server lag: not answering,08:18:29,alive
server lag: the server stalled,08:19:36,alive
server lag: the server stalled,08:19:58,alive
pushed the profit report for bot and all,08:21:14,alive
pushed the profit report for bot and all,08:36:16,alive
pushed the profit report for bot and all,08:51:16,alive
pushed the profit report for bot and all,09:06:38,alive
pushed the profit report for bot and all,09:21:41,alive
server lag: not answering,09:22:50,alive
server lag: the server stalled,09:23:58,alive
war window, log quiet 172s,09:32:56,alive
pushed the profit report for bot and all,09:37:00,alive
pushed the profit report for bot and all,09:52:10,alive
server lag: not answering,09:56:59,alive
server lag: the server stalled,09:58:08,alive
stop condition: refusing to list 'Chaos Core Set': 1 x 93,716,435 is 93,716,435, under the 94,900,005 that went into it. Nothing has been listed.,10:06:25,dead
refusing to list 'Chaos Core Set': 1 x 93,716,435 is 93,716,435, under the 94,900,005 that went into it. Nothing has been listed.,10:06:26,dead
listing tab 4 slot (1,1) at the panel's price and the full quantity, the 'Chaos Core Set' the log says is there,10:09:03,dead
finished: list 1 1 0 4 (Chaos Core Set); 1 slot(s) left,10:09:24,dead
listing tab 4 slot (1,4) at the panel's price and the full quantity, the 'Chaos Core Set' the log says is there,10:09:30,dead
finished: list 1 4 0 4 (Chaos Core Set); 0 slot(s) left,10:09:50,dead
supervisor cancelled with Ctrl x4,10:09:52,dead
no run alive; 2026-09-24_035045_run.log ended: refusing to list 'Chaos Core Set': 1 x 93,716,435 is 93,716,435, under the 94,900,005 that went into it. Nothing has been listed.,10:10:08,dead
relaunched (pid 1812),10:11:00,alive
pushed the profit report for bot and all,10:24:46,alive
pushed the profit report for bot and all,10:39:53,alive
server lag: not answering,10:43:51,alive
server lag: the server stalled,10:44:58,alive
server lag: the server stalled,10:45:19,alive
server lag: not answering,10:54:29,alive
pushed the profit report for bot and all,10:54:56,alive
server lag: the server stalled,10:55:17,alive
server lag: the server stalled,10:55:45,alive
pushed the profit report for bot and all,11:10:05,alive
server lag: not answering,11:10:46,alive
server lag: the server stalled,11:11:30,alive
server lag: the server stalled,11:11:52,alive
pushed the profit report for bot and all,11:25:09,alive
pushed the profit report for bot and all,11:40:13,alive
server lag: not answering,11:43:10,alive
server lag: the server stalled,11:44:17,alive
pushed the profit report for bot and all,11:55:26,alive
server lag: not answering,12:07:31,alive
server lag: the server stalled,12:08:39,alive
server lag: the server stalled,12:09:00,alive
pushed the profit report for bot and all,12:10:42,alive
server lag: not answering,12:25:23,alive
pushed the profit report for bot and all,12:25:52,alive
server lag: the server stalled,12:26:41,alive
war window, log quiet 171s,12:31:08,alive
pushed the profit report for bot and all,12:40:56,alive
pushed the profit report for bot and all,12:56:08,alive
pushed the profit report for bot and all,13:11:22,alive
pushed the profit report for bot and all,13:26:38,alive
pushed the profit report for bot and all,13:41:55,alive
server lag: not answering,13:47:26,alive
server lag: the server stalled,13:48:33,alive
pushed the profit report for bot and all,13:57:12,alive
pushed the profit report for bot and all,14:12:39,alive
server lag: not answering,14:17:47,alive
server lag: the server stalled,14:18:35,alive
server lag: the server stalled,14:18:57,alive
pushed the profit report for bot and all,14:27:41,alive
pushed the profit report for bot and all,14:43:02,alive
pushed the profit report for bot and all,14:58:23,alive
server lag: not answering,15:04:45,alive
server lag: the server stalled,15:05:28,alive
server lag: the server stalled,15:05:55,alive
pushed the profit report for bot and all,15:13:35,alive
pushed the profit report for bot and all,15:28:47,alive
war window, log quiet 166s,15:31:27,alive
pushed the profit report for bot and all,15:43:57,alive
pushed the profit report for bot and all,15:58:58,alive
pushed the profit report for bot and all,16:14:02,alive
server lag: not answering,16:15:10,alive
server lag: the server stalled,16:16:17,alive
pushed the profit report for bot and all,16:29:13,alive
pushed the profit report for bot and all,16:44:18,alive
pushed the profit report for bot and all,16:59:28,alive
server lag: not answering,17:13:00,alive
server lag: the server stalled,17:13:47,alive
server lag: the server stalled,17:14:10,alive
pushed the profit report for bot and all,17:14:46,alive
pushed the profit report for bot and all,17:29:56,alive
server lag: not answering,17:38:58,alive
server lag: the server stalled,17:40:07,alive
pushed the profit report for bot and all,17:45:09,alive
server lag: not answering,17:49:59,alive
server lag: the server stalled,17:50:47,alive
server lag: the server stalled,17:51:09,alive
server lag: not answering,17:53:06,alive
server lag: the server stalled,17:53:53,alive
server lag: the server stalled,17:54:16,alive
pushed the profit report for bot and all,18:00:30,alive
pushed the profit report for bot and all,18:15:45,alive
pushed the profit report for bot and all,18:31:00,alive
war window, log quiet 170s,18:31:46,alive
pushed the profit report for bot and all,18:46:25,alive
server lag: not answering,18:57:22,alive
server lag: the server stalled,18:58:30,alive
server lag: not answering,19:00:25,alive
server lag: the server stalled,19:01:32,alive
pushed the profit report for bot and all,19:01:42,alive
pushed the profit report for bot and all,19:16:57,alive
pushed the profit report for bot and all,19:32:14,alive
server lag: not answering,19:36:00,alive
server lag: the server stalled,19:36:43,alive
server lag: the server stalled,19:37:10,alive
pushed the profit report for bot and all,19:47:32,alive
pushed the profit report for bot and all,20:02:46,alive
pushed the profit report for bot and all,20:18:01,alive
pushed the profit report for bot and all,20:33:14,alive
pushed the profit report for bot and all,20:48:23,alive
server lag: not answering,20:51:26,alive
server lag: the server stalled,20:52:35,alive
server lag: the server stalled,20:52:58,alive
pushed the profit report for bot and all,21:03:42,alive
stop condition: 368,844 was typed but the panel shows 368,894; the two must match before anything is registered. Nothing has been listed.,21:05:33,dead
368,844 was typed but the panel shows 368,894; the two must match before anything is registered. Nothing has been listed.,21:05:33,dead
listing tab 4 slot (1,1) at the panel's price and the full quantity, the 'Force Core (Ultimate' the log says is there,21:08:16,dead
recovery attempt 1 failed: list 1 1 0 4 changed nothing on tab 4; Force Core (Ultimate is still there; attempt 2 in 60s,21:08:34,dead
listing tab 4 slot (1,1) at the panel's price and the full quantity, the 'Force Core (Ultimate' the log says is there,21:11:35,dead
recovery attempt 2 failed: list 1 1 0 4 changed nothing on tab 4; Force Core (Ultimate is still there; attempt 3 in 60s,21:11:53,dead
listing tab 4 slot (1,1) at the panel's price and the full quantity, the 'Force Core (Ultimate' the log says is there,21:14:55,dead
recovery failed 3 times: list 1 1 0 4 changed nothing on tab 4; Force Core (Ultimate is still there; relogging (1 of 1),21:15:13,dead
relogged: back in the world,21:16:04,dead
listing tab 4 slot (1,1) at the panel's price and the full quantity, the 'Force Core (Ultimate' the log says is there,21:18:23,dead
recovery attempt 1 failed: list 1 1 0 4 changed nothing on tab 4; Force Core (Ultimate is still there; attempt 2 in 60s,21:18:40,dead
listing tab 4 slot (1,1) at the panel's price and the full quantity, the 'Force Core (Ultimate' the log says is there,21:22:04,dead
recovery attempt 2 failed: list 1 1 0 4 changed nothing on tab 4; Force Core (Ultimate is still there; attempt 3 in 60s,21:22:22,dead
supervisor cancelled with Ctrl x4,21:22:48,dead
no run alive; 2026-09-24_101057_run.log ended: 368,844 was typed but the panel shows 368,894; the two must match before anything is registered. Nothing has been listed.,21:22:54,dead
relaunched (pid 856),21:23:43,alive
supervisor cancelled with Ctrl x4,21:25:48,dead
no run alive; 2026-09-24_212339_run.log ended: interrupted from the keyboard,21:25:51,dead
relaunched (pid 18100),21:26:37,alive
war window, log quiet 168s,21:32:53,alive
pushed the profit report for bot and all,21:50:30,alive
supervisor cancelled with Ctrl x4,21:58:27,dead
no run alive; 2026-09-24_212634_run.log ended: interrupted from the keyboard,21:58:30,dead
relaunched (pid 17552),21:59:05,alive
server lag: not answering,22:01:17,alive
server lag: the server stalled,22:02:03,alive
pushed the profit report for bot and all,22:14:08,alive
pushed the profit report for bot and all,22:29:11,alive
server lag: not answering,22:42:16,alive
server lag: the server stalled,22:43:23,alive
pushed the profit report for bot and all,22:44:16,alive
pushed the profit report for bot and all,22:59:39,alive
pushed the profit report for bot and all,23:14:44,alive
pushed the profit report for bot and all,23:29:45,alive
pushed the profit report for bot and all,23:44:51,alive
server lag: not answering,23:52:51,alive
server lag: the server stalled,23:53:33,alive
server lag: the server stalled,23:53:59,alive
server lag: not answering,23:58:22,alive
server lag: the server stalled,23:59:29,alive
server lag: the server stalled,23:59:51,alive
pushed the profit report for bot and all,23:59:59,alive
stop condition: the panel prices what loaded from (1,1) at 95,998,784, and "Siena's Unbinding Stone" sells near 70,000,000, and 95,998,784 is the price of nothing the,00:10:12,dead
the panel prices what loaded from (1,1) at 95,998,784, and "Siena's Unbinding Stone" sells near 70,000,000, and 95,998,784 is the price of nothing the,00:10:16,dead
listing tab 4 slot (1,1) at the panel's price and the full quantity, the "Siena's Unbinding Stone" the log says is there,00:12:31,dead
finished: list 1 1 0 4 (Siena's Unbinding Stone); 0 slot(s) left,00:12:52,dead
relaunched (pid 15116),00:13:07,alive
pushed the profit report for bot and all,00:23:49,alive
server lag: not answering,00:24:10,alive
server lag: the server stalled,00:25:15,alive
war window, log quiet 150s,00:31:07,alive
pushed the profit report for bot and all,00:38:56,alive
server lag: not answering,00:44:21,alive
server lag: the server stalled,00:45:28,alive
server lag: the server stalled,00:45:49,alive
server lag: not answering,00:46:10,alive
server lag: the server stalled,00:47:16,alive
server lag: the server stalled,00:47:40,alive
the all report was not written: TimeoutExpired: Command '['git', 'fetch', 'origin', 'main']' timed out after 30 seconds,00:54:30,alive
the profit report was written but not pushed: git fetch origin main gave no answer in 30s,00:55:44,alive
server lag: the server stalled,00:56:05,alive
pushed the profit report for bot and all,01:09:26,alive
server lag: not answering,01:16:17,alive
server lag: the server stalled,01:16:59,alive
server lag: the server stalled,01:17:26,alive
pushed the profit report for bot and all,01:24:30,alive
the all report was not written: TimeoutExpired: Command '['git', 'fetch', 'origin', 'main']' timed out after 30 seconds,01:39:57,alive
pushed the profit report for bot,01:40:01,alive
server lag: not answering,01:43:39,alive
server lag: the server stalled,01:44:25,alive
server lag: the server stalled,01:44:47,alive
pushed the profit report for bot and all,01:54:51,alive
server lag: not answering,01:56:19,alive
server lag: the server stalled,01:57:26,alive
server lag: the server stalled,01:57:47,alive
server lag: not answering,01:58:32,alive
server lag: the server stalled,01:59:14,alive
server lag: the server stalled,01:59:41,alive
pushed the profit report for bot and all,02:10:02,alive
server lag: not answering,02:14:04,alive
server lag: the server stalled,02:15:12,alive
server lag: not answering,02:18:50,alive
server lag: the server stalled,02:19:57,alive
server lag: the server stalled,02:20:18,alive
pushed the profit report for bot and all,02:25:14,alive
server lag: not answering,02:27:46,alive
server lag: the server stalled,02:28:54,alive
server lag: the server stalled,02:29:15,alive
pushed the profit report for bot and all,02:40:26,alive
server lag: not answering,02:40:47,alive
server lag: the server stalled,02:41:55,alive
pushed the profit report for bot and all,02:55:34,alive
server lag: not answering,03:06:36,alive
server lag: the server stalled,03:07:43,alive
server lag: the server stalled,03:08:05,alive
server lag: not answering,03:10:18,alive
pushed the profit report for bot and all,03:10:49,alive
server lag: the server stalled,03:11:31,alive
server lag: not answering,03:17:03,dead
stop condition: the panel still holds the item, priced 359,967, 3s after Confirmation and 22s of the server not answering; the registration did not go through. Nothin,03:17:03,dead
disconnected (run still up),03:17:06,alive
disconnected 8s on; killing pid 15116,03:17:14,dead
the panel still holds the item, priced 359,967, 3s after Confirmation and 22s of the server not answering; the registration did not go through. Nothin,03:17:15,dead
recovered: back in the world,03:18:30,dead
relaunched (pid 11880),03:19:09,alive
pushed the profit report for bot and all,03:29:12,alive
war window, log quiet 160s,03:32:05,alive
pushed the profit report for bot and all,03:44:35,alive
stop condition: 359,944 was typed but the panel shows 359,994; the two must match before anything is registered. Nothing has been listed.,03:45:20,dead
359,944 was typed but the panel shows 359,994; the two must match before anything is registered. Nothing has been listed.,03:45:20,dead
listing tab 4 slot (1,1) at the panel's price and the full quantity, the 'Force Core (Ultimate' the log says is there,03:47:23,dead
recovery attempt 1 failed: list 1 1 0 4 changed nothing on tab 4; Force Core (Ultimate is still there; attempt 2 in 60s,03:47:40,dead
listing tab 4 slot (1,1) at the panel's price and the full quantity, the 'Force Core (Ultimate' the log says is there,03:50:38,dead
recovery attempt 2 failed: list 1 1 0 4 changed nothing on tab 4; Force Core (Ultimate is still there; attempt 3 in 60s,03:50:56,dead
listing tab 4 slot (1,1) at the panel's price and the full quantity, the 'Force Core (Ultimate' the log says is there,03:53:55,dead
recovery failed 3 times: list 1 1 0 4 changed nothing on tab 4; Force Core (Ultimate is still there; relogging (1 of 1),03:54:13,dead
relogged: back in the world,03:54:54,dead
listing tab 4 slot (1,1) at the panel's price and the full quantity, the 'Force Core (Ultimate' the log says is there,03:57:02,dead
recovery attempt 1 failed: list 1 1 0 4 changed nothing on tab 4; Force Core (Ultimate is still there; attempt 2 in 60s,03:57:19,dead
listing tab 4 slot (1,1) at the panel's price and the full quantity, the 'Force Core (Ultimate' the log says is there,04:00:19,dead
recovery attempt 2 failed: list 1 1 0 4 changed nothing on tab 4; Force Core (Ultimate is still there; attempt 3 in 60s,04:00:37,dead
listing tab 4 slot (1,1) at the panel's price and the full quantity, the 'Force Core (Ultimate' the log says is there,04:03:43,dead
supervisor stopped: list 1 1 0 4 changed nothing on tab 4; Force Core (Ultimate is still there,04:04:01,dead
