2026-09-30_055721  C:\Users\Trung\Cabal\src_1080p\driver.py --config trung
  logging to C:\Users\Trung\Cabal\src_1080p\logs\2026-09-30_055721_run.log
  code bf77c7cc
  screen 1920x1080
  ledger C:\Users\Trung\Cabal\src_1080p\sales.db run 2026-09-30T05:57:21
  debug frames -> C:\Users\Trung\Cabal\src_1080p\debug_frames\2026-09-30_055721_run, indexed in frames.jsonl; earlier runs' frames are kept until the 5,000-frame budget needs the room
  press Ctrl 4 times within 1.5s to stop, from the game or anywhere else
  measuring this screen before touching anything
inventory:
  Inventory shut; pressing I (attempt 1)
  Alz box (1771, 688, 1860, 700)   anchor (1860, 688)
  grid fitted in (1221, 23, 1920, 661): pitch 56.0x56.1 against a shared 73.3x73.4, slot (1,1) at 1479,236, scores 68 and 57
  tab I [1458, 181]  tab VIII [1830, 181]
  slot (1,1) [1479, 236]  (1,7) [1815, 236]  (8,8) [1871, 629]
gift box:
  the gift box at [284, 994]
  Receive at [[1214, 327], [1214, 425], [1214, 523], [1214, 621]]; each collection presses only Receive All and the special giftbox's Receive, at the points measured here
  Receive All at [1209, 786]
  the special giftbox's Receive at [1438, 492]
  Close at [1483, 846]
cash shop:
  the Cash Shop icon at [348, 994]
  the Cash balance box [1134, 826, 1230, 848] reads 800
  the gem box [930, 826, 1060, 848] reads 0
  Useable at [844, 168]
    'Blessing Bead - Superior' is where it was measured, 0 notch(es) down the Useable tab
  Blessing Bead - Superior at 350 Cash; Purchase at [739, 520]
  0 gem(s) held and Blessing Bead - Superior costs 350; the game opens no confirmation for that, so it is not measured this launch
    'Force Gem Package' is where it was measured, 0 notch(es) down the Useable tab
  Force Gem Package at 500 Cash; Purchase at [739, 750]
  the confirmation reads 'Purchase Item « Force Gem Package (x400) Condition None QTY Purchase i /1 QTY v Purchase Price 500 Cash Cash Balance 800 Cash OK Cancel'
  the confirmation window [744, 390, 1169, 638], 425x248
  OK at [963, 611]; Cancel at [1096, 610]
    'Arionell' is where it was measured, 10 notch(es) down the Useable tab
  Arionell at 750 Cash; Purchase at [739, 750]
  the confirmation reads 'ee e Arionell Condition None QTY Purchase 1 /1 QTY Purchase Price 750 Cash Cash Balance 800 Cash'
  the confirmation window [744, 390, 1169, 638], 425x248
  OK at [963, 611]; Cancel at [1096, 610]
  Escape to close the Cash Shop (attempt 1)
  the Inventory closed with the Cash Shop; opening it again
  Inventory shut; pressing I (attempt 1)
opening the Agent Shop:
  tab 6 at [1723, 181]
  right-clicking slot (1,7) at [1815, 236]
agent shop:
  Register (288, 80)
  Purchase [96, 80]  (mirrored about the boundary at x=192)
  favourites: 10 found, pitch 42.00px, first [480, 755] last [858, 755]
  favourite row set on an even 42px grid from 480: [480, 522, 564, 606, 648, 690, 732, 774, 816, 858]
purchase tab:
  switching to the Purchase tab at (96, 80)
  sort reads 'IC y Price:Low to »Eal' -> region [622, 134, 752, 166]
  running favourite 1 at (480, 755) to fill the table (attempt 1/20)
  offers arrived after 0.1s
  row content [232, 231, 870, 285] -> 'Force Core(Highest) 5 197,611 Buy'
    name      [232, 231, 554, 285]  -> 'Force Core(Highest)'
    qty       [574, 231, 624, 285]  -> '5'
    price     [631, 231, 782, 285]  -> '197,611'
    function  [782, 231, 874, 285]  -> 'Buy'
  Buy column x=828, 8 row(s), pitch 54px
  row 1 centre y=258, box [192, 231, 922, 285]
register table:
  Register columns {'name': [212, 522], 'qty': [530, 575], 'price': [584, 712], 'status': [721, 779], 'button': [788, 870]}, each from 27 above to 22 below its row's centre
  button column (786, 144, 884, 722)
  Register table: 10 row(s), pitch 58px, row 1 y=175, row 10 y=697
  table_x [192, 880], scroll point [231, 233]
  Refresh at [833, 752]
market prices:
  Force Core(Highest)              197,611
  Force Core Set (Highest)         193,000
  Chaos Core                       715,072
  Chaos Core Set                   729,919
  Force Core (Ultimate)            355,308
  Force Core Set (Ultimate)        333,332
  Force Core(High)                 178,351
  Force Core Set (High)            167,000
  Upgrade Core (Ultimate)          455,994
  Upgrade Core Set (Ultimate)      415,583
voucher:
  a Gold voucher costs 374,444,440
register panel:
  price field [32, 408, 154, 436] (click [112, 425])
  quantity box [37, 472, 188, 500] (click [59, 486])
  2 suggested price row(s) at y [358, 384]
  net sales box [37, 574, 154, 602]
  Register button at [131, 754]
actions:
  scrolled to the top, so position 1 is row 1
  tab 4 slot (1,1) is the first free one; a withdrawal lands there
  row 1 is 'Arionell 1 312,185,712 OnSale Change'
  Change at (831, 175)
  Cancel at (1101, 634)
  Confirmation at (968, 634)
  row 1 now reads ''
  back to inventory tab 4 at (1617, 181); the withdrawal moves the panel to whichever tab it landed on
  listing it back from tab 4 slot (1, 1) at (1479, 236)
  the loaded item shows at (102, 217) in the Register Item box
  panel suggests 312,185,713; listing at 312,185,712, the price row 1 was withdrawn at
  typed 250; the net sales make it 1
  listed 1 at 312,185,712; it lands in the lowest empty row
  learned button_cancel, button_confirmation, button_register, item_point
actions at position 10:
  scrolled to the top, so position 10 is row 10
  tab 4 slot (1,1) is the first free one; a withdrawal lands there
  row 10 is 'Upgrade Core (Ultimate) 207 456,635 On Sale Change'
  Change at (831, 697)
  Cancel at (1101, 634)
  Confirmation at (968, 634)
  row 10 now reads 'Premium Exclusive Slot Register'
  back to inventory tab 4 at (1617, 181); the withdrawal moves the panel to whichever tab it landed on
  listing it back from tab 4 slot (1, 1) at (1479, 236)
  the loaded item shows at (102, 218) in the Register Item box
  panel suggests 455,993; listing at 456,635, the price row 10 was withdrawn at
  typed 250; the net sales make it 207
  listed 207 at 456,635; it lands in the lowest empty row
  learned button_cancel, button_confirmation, button_register, item_point
conversion vendor:
  pressing N to open the vendor Shop (attempt 1)
  Dungeon tab at (143, 158)
  grid band (163, 770, 413, 946): 5 column(s) at [184, 235, 283, 328, 377], 4 row(s) at [792, 839, 883, 930]
    Force Core(Low)              <- Force Core Set (Low)           r2c1 at (184, 839)
    Force Core(Medium)           <- Force Core Set (Medium)        r2c2 at (235, 839)
    Force Core(High)             <- Force Core Set (High)          r2c3 at (283, 839)
    Force Core(Highest)          <- Force Core Set (Highest)       r2c4 at (328, 839)
    Force Core (Ultimate)        <- Force Core Set (Ultimate)      r2c5 at (377, 839)
    Upgrade Core(Low)            <- Upgrade Core Set (Low)         r4c1 at (184, 930)
    Upgrade Core(Medium)         <- Upgrade Core Set (Medium)      r4c2 at (235, 930)
    Upgrade Core(High)           <- Upgrade Core Set (High)        r4c3 at (283, 930)
    Upgrade Core(Highest)        <- Upgrade Core Set (Highest)     r4c4 at (328, 930)
    Upgrade Core (Ultimate)      <- Upgrade Core Set (Ultimate)    r4c5 at (377, 930)
craft window:
  Inventory shut; pressing I (attempt 1)
  right-clicking the craft key on tab 6 slot (1, 8) at (1871, 236)
  recipe Chaos Core Set x3 at [146, 268]
  tier 2000-2999 at [90, 209]
  Request All at [263, 730]
  Complete All at [872, 729]
  material counter [420, 448, 750, 522]

wrote C:\Users\Trung\Cabal\src_1080p\calibration.json  [1920x1080]
  resolutions in the file: ['1920x1080', '2560x1440']
  kept 3 value(s) this pass does not measure in shop: button_receive, buy_button_buy, buy_button_cancel
  kept 13 value(s) this pass does not measure in cashshop: purchase_armoraccountbindsealstone, purchase_armoraccountbindunsealstone, purchase_epicboosterhighest, purchase_sienasunbindingstone, purchase_yekaterinavipmembership, scroll_arionell, scroll_armoraccountbindsealstone, scroll_armoraccountbindunsealstone, scroll_blessingbeadsuperior, scroll_epicboosterhighest, scroll_forcegempackage, scroll_sienasunbindingstone, scroll_yekaterinavipmembership
reopening the Agent Shop the caller was promised:
  Inventory shut; pressing I (attempt 1)
  the Agent Shop is open again
  calibrated for 1920x1080, measured 2026-09-30T05:58:56, shop open
  server clock 07:58 (+59s for the unshown seconds)
  server 07:58:59; the next war quiet runs 10:32:00 to 10:34:59, in 153.0 min
  scrolled to the top; row 1 is at position 1
                                                   bought/u   listed/u  margin      row price
     1  Arionell                           x1    280,833,330 312,185,712  +10.0%    312,185,712
     2  Force Core (Ultimate               x8       333,332    357,914   +6.9%        357,914
     3  Force Core (Ultimate               x73      333,332    357,913   +6.9%        357,913
     4  Blessing Bead - Superior           x1    163,632,220 169,999,992   +3.7%    169,999,992
     5  Force Core (Ultimate               x10      333,332    357,911   +6.9%        357,911
     6  UNREAD '1 181,130,882 On Sale Change'
     7  Extreme Core (Lv. 10               x1             - 29,800,000       -     29,800,000
     8  Extreme Core (Lv. 11               x1             - 49,000,000       -     49,000,000
     9  Chaos Core Set X 72                x1       715,072    729,994   +2.0%     52,559,639
    10  Upgrade Core (Ultimate             x207     415,583    456,635   +9.0%        456,635
    11  Minesta's Chaos Fighter Belt + 15  x1             - 273,771,413       -    273,771,413
    12  Force Core(High                    x250     167,000    179,071   +6.7%        179,071
    13  Force Core(High                    x16      167,000    179,070   +6.7%        179,070
    14  Force Core(High                    x212     167,000    179,069   +6.7%        179,069
    15  Chaos Core Set X 270               x1       715,072    729,947   +2.0%    197,085,959
    16  Chaos Core Set X 96                x1       715,072    729,939   +2.0%     70,074,223
  scrolled to the top; row 1 is at position 1
  seeded 15 of rows 1-30
relisting rows 1-30 for 10000 minute(s)

-- pass 1 --

  resupply order: Chaos Core, Force Core(High), Force Core(Highest), Upgrade Core (Ultimate), Force Core (Ultimate), Blessing Bead - Superior, Arionell

  counting only rows 1-30; rows outside it are not repriced and do not count; 15 row(s) free
  core                            rows     buy/u    sell/u    margin  wants   short?
  Force Core(Highest)                0   193,000   197,611     4,611      0   
  Chaos Core                         3   713,332   729,916    16,584      8   YES
  Force Core (Ultimate)              3         -         -         -      -   holds the most it can want, 3; not priced
  Force Core(High)                   3         -         -         -      -   holds the most it can want, 3; not priced
  Upgrade Core (Ultimate)            1   415,583   455,992    40,409      3   YES
  Alz 1,434,457,441 held covers 2,010 Chaos Core at 713,332; buying what it covers

-- Chaos Core: 3 row(s) --
  15 row(s) free inside 1-30
  Chaos Core Set 729,916 - Chaos Core 713,332 = 16,584
  a margin of 16,584 lets Chaos Core be bought, and at 713,332 a core the price table wants 8 row(s); 3 held
  buy_min 150 rolled to 140 (+/-15); buying 141 in whole batches of 3
  1 stays behind on every row bought; an order 10 step(s) down with nothing spare takes the row it is on whole, and the next order leaves 1 behind again; each order prices the favourite afresh, then wheels down, up to 30 step(s)
  every order takes all of the row it lands on, up to 999 held, and the orders stop once 141 is held
TASK {"kind": "resupply", "core": "Chaos Core", "set": "Chaos Core Set", "slot": 3, "tab": 4}
  0/141 Chaos Core held
  row 1 offers 'Chaos Core' x1 at 713,332 (713,332/unit)

  buy from favourite slot 3: REFUSED
    #         ms   share  step
    1        0.4    0.0%  get_price: focus the game
    2      123.8    5.5%  get_price: purchase_tab_showing
    3      110.4    4.9%  get_price: read row 1 before the search
    4      307.7   13.6%  get_price: wait out the gap since the last search
    5      308.9   13.6%  get_price: click favourite slot 3
    6       28.9    1.3%  get_price: confirm the sort
    7      251.6   11.1%  get_price: poll row 1 until it answers (10 look(s), 1 read(s))
    8     1132.0   50.0%  get_price: search the favourite and read row 1
          2263.7  100.0%  TOTAL
  row 1 holds 1 and 1 stays behind, so there is nothing spare to take here.
  wheeled 1 notch(es) down the offers, from row 2 at (500, 312)
  row 1 offers 'Chaos Core' x1 at 713,851 (713,851/unit)

  buy from favourite slot 3: REFUSED
    #         ms   share  step
    1        0.4    0.1%  get_price: focus the game
    2       97.8   15.8%  get_price: _trade_window_open (OCR 1300x190)
    3      118.0   19.1%  get_price: purchase_tab_showing
    4       92.9   15.0%  get_price: read row 1 where it stands
    5      309.1   50.0%  get_price: search the favourite and read row 1
           618.1  100.0%  TOTAL
  row 1 holds 1 and 1 stays behind, so there is nothing spare to take here.
  wheeled 1 notch(es) down the offers, from row 2 at (500, 312)
  row 1 offers 'Chaos Core' x1 at 714,434 (714,434/unit)

  buy from favourite slot 3: REFUSED
    #         ms   share  step
    1        0.3    0.1%  get_price: focus the game
    2      100.7   16.8%  get_price: _trade_window_open (OCR 1300x190)
    3      118.9   19.8%  get_price: purchase_tab_showing
    4       80.3   13.4%  get_price: read row 1 where it stands
    5      300.2   50.0%  get_price: search the favourite and read row 1
           600.4  100.0%  TOTAL
  row 1 holds 1 and 1 stays behind, so there is nothing spare to take here.
  wheeled 1 notch(es) down the offers, from row 2 at (500, 312)
  row 1 offers 'Chaos Core' x32 at 715,072 (715,072/unit)
    row 1 leaves 14,844 a core against the 5,000 wanted
    balance before 1,434,457,441
    row 1 holds 32, 1 stays behind, so at most 31 comes off it
    dialog: '¢ Chaos Core'  qty 1 of 32  price 715072
    999 core(s) wanted, 1 to a pack -> 999 pack(s); 32 available, taking 31
    ordering 31 pack(s) at 22,167,232; the spend will confirm what actually bought
    balance after  1,412,290,209; spent 22,167,232 bought 31 pack(s) = 31 core(s) (715,072 a core)

  buy from favourite slot 3: bought 31 core(s) in 31 order(s)
    #         ms   share  step
    1        0.4    0.0%  get_price: focus the game
    2       99.1    2.5%  get_price: _trade_window_open (OCR 1300x190)
    3      117.7    2.9%  get_price: purchase_tab_showing
    4       81.0    2.0%  get_price: read row 1 where it stands
    5      298.2    7.4%  get_price: search the favourite and read row 1
    6      312.3    7.8%  select inventory tab 4
    7       94.7    2.4%  read the balance before buying
    8      360.2    9.0%  click the row at (500, 258)
    9      312.6    7.8%  click Buy at (828, 258)
   10       87.5    2.2%  await the Purchase dialog
   11       97.4    2.4%  read the dialog (item, price, qty, qty_max)
   12     1324.6   33.1%  click the quantity field and type 31
   13       83.5    2.1%  find the Buy button
   14      307.6    7.7%  click Buy
   15      250.9    6.3%  park
   16       87.3    2.2%  confirm the dialog is gone
   17       89.0    2.2%  read the balance after buying
          4004.0  100.0%  TOTAL
  31/141 Chaos Core held
  row 1 offers 'Chaos Core' x1 at 713,332 (713,332/unit)

  buy from favourite slot 3: REFUSED
    #         ms   share  step
    1        0.3    0.0%  get_price: focus the game
    2      119.1    2.8%  get_price: purchase_tab_showing
    3       84.1    2.0%  get_price: read row 1 before the search
    4      316.9    7.4%  get_price: click favourite slot 3
    5       31.7    0.7%  get_price: confirm the sort
    6     1576.0   37.0%  get_price: poll row 1 until it answers (88 look(s), 1 read(s))
    7     2128.4   50.0%  get_price: search the favourite and read row 1
          4256.5  100.0%  TOTAL
  row 1 holds 1 and 1 stays behind, so there is nothing spare to take here.
  wheeled 1 notch(es) down the offers, from row 2 at (500, 312)
  row 1 offers 'Chaos Core' x1 at 713,851 (713,851/unit)

  buy from favourite slot 3: REFUSED
    #         ms   share  step
    1        0.4    0.1%  get_price: focus the game
    2      100.1   16.2%  get_price: _trade_window_open (OCR 1300x190)
    3      124.4   20.2%  get_price: purchase_tab_showing
    4       83.2   13.5%  get_price: read row 1 where it stands
    5      308.2   50.0%  get_price: search the favourite and read row 1
           616.4  100.0%  TOTAL
  row 1 holds 1 and 1 stays behind, so there is nothing spare to take here.
  wheeled 1 notch(es) down the offers, from row 2 at (500, 312)
  row 1 offers 'Chaos Core' x1 at 714,434 (714,434/unit)

  buy from favourite slot 3: REFUSED
    #         ms   share  step
    1        0.4    0.1%  get_price: focus the game
    2       97.9   14.1%  get_price: _trade_window_open (OCR 1300x190)
    3      118.5   17.1%  get_price: purchase_tab_showing
    4      130.7   18.8%  get_price: read row 1 where it stands
    5      347.6   50.0%  get_price: search the favourite and read row 1
           695.2  100.0%  TOTAL
  row 1 holds 1 and 1 stays behind, so there is nothing spare to take here.
  wheeled 1 notch(es) down the offers, from row 2 at (500, 312)
  row 1 offers 'Chaos Core' x1 at 715,072 (715,072/unit)

  buy from favourite slot 3: REFUSED
    #         ms   share  step
    1        0.4    0.1%  get_price: focus the game
    2       97.2   16.0%  get_price: _trade_window_open (OCR 1300x190)
    3      121.4   20.0%  get_price: purchase_tab_showing
    4       85.0   14.0%  get_price: read row 1 where it stands
    5      304.0   50.0%  get_price: search the favourite and read row 1
           608.0  100.0%  TOTAL
  row 1 holds 1 and 1 stays behind, so there is nothing spare to take here.
  wheeled 1 notch(es) down the offers, from row 2 at (500, 312)
  row 1 offers 'Chaos Core' x1 at 716,939 (716,939/unit)

  buy from favourite slot 3: REFUSED
    #         ms   share  step
    1        0.3    0.1%  get_price: focus the game
    2       98.7   16.6%  get_price: _trade_window_open (OCR 1300x190)
    3      119.2   20.0%  get_price: purchase_tab_showing
    4       79.3   13.3%  get_price: read row 1 where it stands
    5      297.5   50.0%  get_price: search the favourite and read row 1
           594.9  100.0%  TOTAL
  row 1 holds 1 and 1 stays behind, so there is nothing spare to take here.
  wheeled 1 notch(es) down the offers, from row 2 at (500, 312)
  row 1 offers 'Chaos Core' x1 at 716,939 (716,939/unit)

  buy from favourite slot 3: REFUSED
    #         ms   share  step
    1        0.4    0.1%  get_price: focus the game
    2      101.4   16.7%  get_price: _trade_window_open (OCR 1300x190)
    3      119.2   19.6%  get_price: purchase_tab_showing
    4       83.0   13.6%  get_price: read row 1 where it stands
    5      304.0   50.0%  get_price: search the favourite and read row 1
           608.0  100.0%  TOTAL
  row 1 holds 1 and 1 stays behind, so there is nothing spare to take here.
  wheeled 1 notch(es) down the offers, from row 2 at (500, 312)
  row 1 offers 'Chaos Core' x1 at 716,939 (716,939/unit)

  buy from favourite slot 3: REFUSED
    #         ms   share  step
    1        0.4    0.1%  get_price: focus the game
    2      105.2   16.2%  get_price: _trade_window_open (OCR 1300x190)
    3      119.2   18.4%  get_price: purchase_tab_showing
    4       99.0   15.3%  get_price: read row 1 where it stands
    5      323.8   50.0%  get_price: search the favourite and read row 1
           647.5  100.0%  TOTAL
  row 1 holds 1 and 1 stays behind, so there is nothing spare to take here.
  wheeled 1 notch(es) down the offers, from row 2 at (500, 312)
  row 1 offers 'Chaos Core' x1 at 719,315 (719,315/unit)

  buy from favourite slot 3: REFUSED
    #         ms   share  step
    1        0.5    0.1%  get_price: focus the game
    2       97.1   16.3%  get_price: _trade_window_open (OCR 1300x190)
    3      112.9   19.0%  get_price: purchase_tab_showing
    4       87.1   14.6%  get_price: read row 1 where it stands
    5      297.7   50.0%  get_price: search the favourite and read row 1
           595.4  100.0%  TOTAL
  row 1 holds 1 and 1 stays behind, so there is nothing spare to take here.
  wheeled 1 notch(es) down the offers, from row 2 at (500, 312)
  row 1 offers 'Chaos Core' x1 at 719,315 (719,315/unit)

  buy from favourite slot 3: REFUSED
    #         ms   share  step
    1        0.4    0.1%  get_price: focus the game
    2      114.4   15.6%  get_price: _trade_window_open (OCR 1300x190)
    3      123.2   16.8%  get_price: purchase_tab_showing
    4      128.0   17.5%  get_price: read row 1 where it stands
    5      366.0   50.0%  get_price: search the favourite and read row 1
           732.0  100.0%  TOTAL
  row 1 holds 1 and 1 stays behind, so there is nothing spare to take here.
  wheeled 1 notch(es) down the offers, from row 2 at (500, 312)
  row 1 offers 'Chaos Core' x1 at 719,500 (719,500/unit)

  buy from favourite slot 3: REFUSED
    #         ms   share  step
    1        0.3    0.1%  get_price: focus the game
    2       98.8   16.5%  get_price: _trade_window_open (OCR 1300x190)
    3      119.4   20.0%  get_price: purchase_tab_showing
    4       80.2   13.4%  get_price: read row 1 where it stands
    5      298.8   50.0%  get_price: search the favourite and read row 1
           597.5  100.0%  TOTAL
  row 1 holds 1 and 1 stays behind, so there is nothing spare to take here.
  wheeled 1 notch(es) down the offers, from row 2 at (500, 312)
  10 step(s) down with nothing spare; this order takes the row it is on whole, and the next one leaves 1 behind again
  row 1 offers 'Chaos Core' x1 at 719,999 (719,999/unit)
    row 1 leaves 9,917 a core against the 5,000 wanted
    balance before 1,412,290,209, as the last order left it
    dialog: '¢ Chaos Core'  qty 1 of 1  price 719999
    968 core(s) wanted, 1 to a pack -> 968 pack(s); 1 available, taking 1
    the quantity field already reads 1; not retyping it
    ordering 1 pack(s) at 719,999; the spend will confirm what actually bought
    balance after  1,411,570,210; spent 719,999 bought 1 pack(s) = 1 core(s) (719,999 a core)

  buy from favourite slot 3: bought 1 core(s) in 1 order(s)
    #         ms   share  step
    1        0.4    0.0%  get_price: focus the game
    2      116.4    5.0%  get_price: _trade_window_open (OCR 1300x190)
    3      117.3    5.0%  get_price: purchase_tab_showing
    4       82.9    3.6%  get_price: read row 1 where it stands
    5      317.0   13.6%  get_price: search the favourite and read row 1
    6      362.8   15.5%  click the row at (500, 258)
    7      312.5   13.4%  click Buy at (828, 258)
    8       87.4    3.7%  await the Purchase dialog
    9      107.0    4.6%  read the dialog (item, price, qty, qty_max)
   10       84.7    3.6%  find the Buy button
   11      310.1   13.3%  click Buy
   12      250.8   10.7%  park
   13       94.7    4.1%  confirm the dialog is gone
   14       90.5    3.9%  read the balance after buying
          2334.4  100.0%  TOTAL
  32/141 Chaos Core held
  row 1 offers 'Chaos Core' x1 at 713,332 (713,332/unit)

  buy from favourite slot 3: REFUSED
    #         ms   share  step
    1        0.3    0.0%  get_price: focus the game
    2      115.8    2.7%  get_price: purchase_tab_showing
    3       80.3    1.9%  get_price: read row 1 before the search
    4      315.5    7.5%  get_price: click favourite slot 3
    5       27.0    0.6%  get_price: confirm the sort
    6     1576.9   37.3%  get_price: poll row 1 until it answers (88 look(s), 1 read(s))
    7     2116.1   50.0%  get_price: search the favourite and read row 1
          4231.8  100.0%  TOTAL
  row 1 holds 1 and 1 stays behind, so there is nothing spare to take here.
  wheeled 1 notch(es) down the offers, from row 2 at (500, 312)
  row 1 offers 'Chaos Core' x1 at 713,851 (713,851/unit)

  buy from favourite slot 3: REFUSED
    #         ms   share  step
    1        0.4    0.1%  get_price: focus the game
    2       97.8   15.6%  get_price: _trade_window_open (OCR 1300x190)
    3      119.0   19.0%  get_price: purchase_tab_showing
    4       96.5   15.4%  get_price: read row 1 where it stands
    5      313.7   50.0%  get_price: search the favourite and read row 1
           627.4  100.0%  TOTAL
  row 1 holds 1 and 1 stays behind, so there is nothing spare to take here.
  wheeled 1 notch(es) down the offers, from row 2 at (500, 312)
  row 1 offers 'Chaos Core' x1 at 714,434 (714,434/unit)

  buy from favourite slot 3: REFUSED
    #         ms   share  step
    1        0.4    0.1%  get_price: focus the game
    2       95.5   16.3%  get_price: _trade_window_open (OCR 1300x190)
    3      115.7   19.7%  get_price: purchase_tab_showing
    4       81.6   13.9%  get_price: read row 1 where it stands
    5      293.2   50.0%  get_price: search the favourite and read row 1
           586.4  100.0%  TOTAL
  row 1 holds 1 and 1 stays behind, so there is nothing spare to take here.
  wheeled 1 notch(es) down the offers, from row 2 at (500, 312)
  row 1 offers 'Chaos Core' x1 at 716,939 (716,939/unit)

  buy from favourite slot 3: REFUSED
    #         ms   share  step
    1        0.4    0.1%  get_price: focus the game
    2      100.9   16.7%  get_price: _trade_window_open (OCR 1300x190)
    3      118.7   19.7%  get_price: purchase_tab_showing
    4       81.9   13.6%  get_price: read row 1 where it stands
    5      301.9   50.0%  get_price: search the favourite and read row 1
           603.8  100.0%  TOTAL
  row 1 holds 1 and 1 stays behind, so there is nothing spare to take here.
  wheeled 1 notch(es) down the offers, from row 2 at (500, 312)
  row 1 offers 'Chaos Core' x1 at 716,939 (716,939/unit)

  buy from favourite slot 3: REFUSED
    #         ms   share  step
    1        0.4    0.1%  get_price: focus the game
    2       98.7   16.4%  get_price: _trade_window_open (OCR 1300x190)
    3      119.1   19.8%  get_price: purchase_tab_showing
    4       82.7   13.7%  get_price: read row 1 where it stands
    5      300.9   50.0%  get_price: search the favourite and read row 1
           601.8  100.0%  TOTAL
  row 1 holds 1 and 1 stays behind, so there is nothing spare to take here.
  wheeled 1 notch(es) down the offers, from row 2 at (500, 312)
  row 1 offers 'Chaos Core' x1 at 716,939 (716,939/unit)

  buy from favourite slot 3: REFUSED
    #         ms   share  step
    1        0.4    0.1%  get_price: focus the game
    2       98.9   16.5%  get_price: _trade_window_open (OCR 1300x190)
    3      118.6   19.8%  get_price: purchase_tab_showing
    4       81.9   13.7%  get_price: read row 1 where it stands
    5      299.9   50.0%  get_price: search the favourite and read row 1
           599.7  100.0%  TOTAL
  row 1 holds 1 and 1 stays behind, so there is nothing spare to take here.
  wheeled 1 notch(es) down the offers, from row 2 at (500, 312)
  row 1 offers 'Chaos Core' x1 at 719,315 (719,315/unit)

  buy from favourite slot 3: REFUSED
    #         ms   share  step
    1        0.3    0.0%  get_price: focus the game
    2       98.7   14.3%  get_price: _trade_window_open (OCR 1300x190)
    3      118.7   17.2%  get_price: purchase_tab_showing
    4      128.2   18.5%  get_price: read row 1 where it stands
    5      345.9   50.0%  get_price: search the favourite and read row 1
           691.8  100.0%  TOTAL
  row 1 holds 1 and 1 stays behind, so there is nothing spare to take here.
  wheeled 1 notch(es) down the offers, from row 2 at (500, 312)
  row 1 offers 'Chaos Core' x1 at 719,315 (719,315/unit)

  buy from favourite slot 3: REFUSED
    #         ms   share  step
    1        0.4    0.1%  get_price: focus the game
    2       99.8   15.9%  get_price: _trade_window_open (OCR 1300x190)
    3      120.3   19.2%  get_price: purchase_tab_showing
    4       92.4   14.8%  get_price: read row 1 where it stands
    5      313.0   50.0%  get_price: search the favourite and read row 1
           625.9  100.0%  TOTAL
  row 1 holds 1 and 1 stays behind, so there is nothing spare to take here.
  wheeled 1 notch(es) down the offers, from row 2 at (500, 312)
  row 1 offers 'Chaos Core' x1 at 719,500 (719,500/unit)

  buy from favourite slot 3: REFUSED
    #         ms   share  step
    1        0.3    0.0%  get_price: focus the game
    2      111.9   15.6%  get_price: _trade_window_open (OCR 1300x190)
    3      119.0   16.6%  get_price: purchase_tab_showing
    4      127.5   17.8%  get_price: read row 1 where it stands
    5      358.6   50.0%  get_price: search the favourite and read row 1
           717.2  100.0%  TOTAL
  row 1 holds 1 and 1 stays behind, so there is nothing spare to take here.
  wheeled 1 notch(es) down the offers, from row 2 at (500, 312)
  row 1 offers 'Chaos Core' x1 at 719,999 (719,999/unit)

  buy from favourite slot 3: REFUSED
    #         ms   share  step
    1        0.3    0.1%  get_price: focus the game
    2      114.7   18.0%  get_price: _trade_window_open (OCR 1300x190)
    3      116.4   18.3%  get_price: purchase_tab_showing
    4       86.7   13.6%  get_price: read row 1 where it stands
    5      318.2   50.0%  get_price: search the favourite and read row 1
           636.3  100.0%  TOTAL
  row 1 holds 1 and 1 stays behind, so there is nothing spare to take here.
  wheeled 1 notch(es) down the offers, from row 2 at (500, 312)
  10 step(s) down with nothing spare; this order takes the row it is on whole, and the next one leaves 1 behind again
  row 1 offers 'Chaos Core' x1 at 719,999 (719,999/unit)
    row 1 leaves 9,917 a core against the 5,000 wanted
    balance before 1,411,570,210, as the last order left it
    dialog: '¢ Chaos Core'  qty 1 of 1  price 719999
    967 core(s) wanted, 1 to a pack -> 967 pack(s); 1 available, taking 1
    the quantity field already reads 1; not retyping it
    ordering 1 pack(s) at 719,999; the spend will confirm what actually bought
    balance after  1,410,850,211; spent 719,999 bought 1 pack(s) = 1 core(s) (719,999 a core)

  buy from favourite slot 3: bought 1 core(s) in 1 order(s)
    #         ms   share  step
    1        0.3    0.0%  get_price: focus the game
    2       97.4    4.2%  get_price: _trade_window_open (OCR 1300x190)
    3      116.8    5.1%  get_price: purchase_tab_showing
    4       84.4    3.7%  get_price: read row 1 where it stands
    5      298.9   13.0%  get_price: search the favourite and read row 1
    6      364.3   15.8%  click the row at (500, 258)
    7      312.4   13.6%  click Buy at (828, 258)
    8       89.4    3.9%  await the Purchase dialog
    9      103.3    4.5%  read the dialog (item, price, qty, qty_max)
   10       87.0    3.8%  find the Buy button
   11      309.8   13.4%  click Buy
   12      250.7   10.9%  park
   13       98.8    4.3%  confirm the dialog is gone
   14       90.9    3.9%  read the balance after buying
          2304.5  100.0%  TOTAL
  33/141 Chaos Core held
  row 1 offers 'Chaos Core' x1 at 712,799 (712,799/unit)

  buy from favourite slot 3: REFUSED
    #         ms   share  step
    1        0.3    0.0%  get_price: focus the game
    2      117.3    6.9%  get_price: purchase_tab_showing
    3      101.6    6.0%  get_price: read row 1 before the search
    4      313.4   18.5%  get_price: click favourite slot 3
    5       42.9    2.5%  get_price: confirm the sort
    6      273.1   16.1%  get_price: poll row 1 until it answers (11 look(s), 1 read(s))
    7      848.8   50.0%  get_price: search the favourite and read row 1
          1697.4  100.0%  TOTAL
  row 1 holds 1 and 1 stays behind, so there is nothing spare to take here.
  wheeled 1 notch(es) down the offers, from row 2 at (500, 312)
  row 1 offers 'Chaos Core' x1 at 713,332 (713,332/unit)

  buy from favourite slot 3: REFUSED
    #         ms   share  step
    1        0.3    0.1%  get_price: focus the game
    2       98.5   16.6%  get_price: _trade_window_open (OCR 1300x190)
    3      115.3   19.4%  get_price: purchase_tab_showing
    4       83.3   14.0%  get_price: read row 1 where it stands
    5      297.4   50.0%  get_price: search the favourite and read row 1
           594.9  100.0%  TOTAL
  row 1 holds 1 and 1 stays behind, so there is nothing spare to take here.
  wheeled 1 notch(es) down the offers, from row 2 at (500, 312)
  row 1 offers 'Chaos Core' x1 at 713,851 (713,851/unit)

  buy from favourite slot 3: REFUSED
    #         ms   share  step
    1        0.3    0.0%  get_price: focus the game
    2      112.9   15.9%  get_price: _trade_window_open (OCR 1300x190)
    3      119.4   16.8%  get_price: purchase_tab_showing
    4      121.9   17.2%  get_price: read row 1 where it stands
    5      354.6   50.0%  get_price: search the favourite and read row 1
           709.1  100.0%  TOTAL
  row 1 holds 1 and 1 stays behind, so there is nothing spare to take here.
  wheeled 1 notch(es) down the offers, from row 2 at (500, 312)
  row 1 offers 'Chaos Core' x1 at 714,434 (714,434/unit)

  buy from favourite slot 3: REFUSED
    #         ms   share  step
    1        0.4    0.1%  get_price: focus the game
    2       99.0   16.5%  get_price: _trade_window_open (OCR 1300x190)
    3      118.0   19.7%  get_price: purchase_tab_showing
    4       82.6   13.8%  get_price: read row 1 where it stands
    5      300.1   50.0%  get_price: search the favourite and read row 1
           600.1  100.0%  TOTAL
  row 1 holds 1 and 1 stays behind, so there is nothing spare to take here.
  wheeled 1 notch(es) down the offers, from row 2 at (500, 312)
  row 1 offers 'Chaos Core' x1 at 716,939 (716,939/unit)

  buy from favourite slot 3: REFUSED
    #         ms   share  step
    1        0.4    0.1%  get_price: focus the game
    2      113.7   18.4%  get_price: _trade_window_open (OCR 1300x190)
    3      112.8   18.2%  get_price: purchase_tab_showing
    4       82.1   13.3%  get_price: read row 1 where it stands
    5      309.1   50.0%  get_price: search the favourite and read row 1
           618.1  100.0%  TOTAL
  row 1 holds 1 and 1 stays behind, so there is nothing spare to take here.
  wheeled 1 notch(es) down the offers, from row 2 at (500, 312)
  row 1 offers 'Chaos Core' x1 at 716,939 (716,939/unit)

  buy from favourite slot 3: REFUSED
    #         ms   share  step
    1        0.4    0.1%  get_price: focus the game
    2      114.3   17.0%  get_price: _trade_window_open (OCR 1300x190)
    3      124.0   18.5%  get_price: purchase_tab_showing
    4       96.7   14.4%  get_price: read row 1 where it stands
    5      335.5   50.0%  get_price: search the favourite and read row 1
           671.0  100.0%  TOTAL
  row 1 holds 1 and 1 stays behind, so there is nothing spare to take here.
  wheeled 1 notch(es) down the offers, from row 2 at (500, 312)
  row 1 offers 'Chaos Core' x1 at 716,939 (716,939/unit)

  buy from favourite slot 3: REFUSED
    #         ms   share  step
    1        0.4    0.1%  get_price: focus the game
    2       98.6   16.7%  get_price: _trade_window_open (OCR 1300x190)
    3      115.5   19.5%  get_price: purchase_tab_showing
    4       80.9   13.7%  get_price: read row 1 where it stands
    5      295.5   50.0%  get_price: search the favourite and read row 1
           590.9  100.0%  TOTAL
  row 1 holds 1 and 1 stays behind, so there is nothing spare to take here.
  wheeled 1 notch(es) down the offers, from row 2 at (500, 312)
  row 1 offers 'Chaos Core' x1 at 719,315 (719,315/unit)

  buy from favourite slot 3: REFUSED
    #         ms   share  step
    1        0.4    0.1%  get_price: focus the game
    2      104.5   17.4%  get_price: _trade_window_open (OCR 1300x190)
    3      118.9   19.7%  get_price: purchase_tab_showing
    4       77.4   12.9%  get_price: read row 1 where it stands
    5      301.3   50.0%  get_price: search the favourite and read row 1
           602.6  100.0%  TOTAL
  row 1 holds 1 and 1 stays behind, so there is nothing spare to take here.
  wheeled 1 notch(es) down the offers, from row 2 at (500, 312)
  row 1 offers 'Chaos Core' x1 at 719,315 (719,315/unit)

  buy from favourite slot 3: REFUSED
    #         ms   share  step
    1        0.4    0.1%  get_price: focus the game
    2       99.3   16.4%  get_price: _trade_window_open (OCR 1300x190)
    3      123.9   20.5%  get_price: purchase_tab_showing
    4       78.1   12.9%  get_price: read row 1 where it stands
    5      301.8   50.0%  get_price: search the favourite and read row 1
           603.6  100.0%  TOTAL
  row 1 holds 1 and 1 stays behind, so there is nothing spare to take here.
  wheeled 1 notch(es) down the offers, from row 2 at (500, 312)
  row 1 offers 'Chaos Core' x1 at 719,500 (719,500/unit)

  buy from favourite slot 3: REFUSED
    #         ms   share  step
    1        0.3    0.1%  get_price: focus the game
    2       97.6   16.1%  get_price: _trade_window_open (OCR 1300x190)
    3      121.8   20.1%  get_price: purchase_tab_showing
    4       83.0   13.7%  get_price: read row 1 where it stands
    5      302.8   50.0%  get_price: search the favourite and read row 1
           605.6  100.0%  TOTAL
  row 1 holds 1 and 1 stays behind, so there is nothing spare to take here.
  wheeled 1 notch(es) down the offers, from row 2 at (500, 312)
  10 step(s) down with nothing spare; this order takes the row it is on whole, and the next one leaves 1 behind again
  row 1 offers 'Chaos Core' x1 at 719,999 (719,999/unit)
    row 1 leaves 9,917 a core against the 5,000 wanted
    balance before 1,410,850,211, as the last order left it
    dialog: '¢ Chaos Core'  qty 1 of 1  price 719999
    966 core(s) wanted, 1 to a pack -> 966 pack(s); 1 available, taking 1
    the quantity field already reads 1; not retyping it
    ordering 1 pack(s) at 719,999; the spend will confirm what actually bought
    balance after  1,410,130,212; spent 719,999 bought 1 pack(s) = 1 core(s) (719,999 a core)

  buy from favourite slot 3: bought 1 core(s) in 1 order(s)
    #         ms   share  step
    1        0.4    0.0%  get_price: focus the game
    2      112.2    4.7%  get_price: _trade_window_open (OCR 1300x190)
    3      120.2    5.1%  get_price: purchase_tab_showing
    4       99.4    4.2%  get_price: read row 1 where it stands
    5      332.2   14.0%  get_price: search the favourite and read row 1
    6      366.6   15.5%  click the row at (500, 258)
    7      312.0   13.2%  click Buy at (828, 258)
    8       88.2    3.7%  await the Purchase dialog
    9      102.3    4.3%  read the dialog (item, price, qty, qty_max)
   10       82.9    3.5%  find the Buy button
   11      311.9   13.2%  click Buy
   12      250.8   10.6%  park
   13       93.4    3.9%  confirm the dialog is gone
   14       93.2    3.9%  read the balance after buying
          2365.9  100.0%  TOTAL
  34/141 Chaos Core held
  row 1 offers 'Chaos Core' x1 at 712,799 (712,799/unit)

  buy from favourite slot 3: REFUSED
    #         ms   share  step
    1        0.3    0.0%  get_price: focus the game
    2      121.4    2.9%  get_price: purchase_tab_showing
    3       84.0    2.0%  get_price: read row 1 before the search
    4      316.8    7.5%  get_price: click favourite slot 3
    5       30.4    0.7%  get_price: confirm the sort
    6     1571.6   37.0%  get_price: poll row 1 until it answers (88 look(s), 1 read(s))
    7     2124.7   50.0%  get_price: search the favourite and read row 1
          4249.1  100.0%  TOTAL
  row 1 holds 1 and 1 stays behind, so there is nothing spare to take here.
  wheeled 1 notch(es) down the offers, from row 2 at (500, 312)
  row 1 offers 'Chaos Core' x1 at 713,332 (713,332/unit)

  buy from favourite slot 3: REFUSED
    #         ms   share  step
    1        0.3    0.0%  get_price: focus the game
    2      102.7   14.8%  get_price: _trade_window_open (OCR 1300x190)
    3      120.2   17.3%  get_price: purchase_tab_showing
    4      123.5   17.8%  get_price: read row 1 where it stands
    5      346.9   50.0%  get_price: search the favourite and read row 1
           693.7  100.0%  TOTAL
  row 1 holds 1 and 1 stays behind, so there is nothing spare to take here.
  wheeled 1 notch(es) down the offers, from row 2 at (500, 312)
  row 1 offers 'Chaos Core' x1 at 713,851 (713,851/unit)

  buy from favourite slot 3: REFUSED
    #         ms   share  step
    1        0.4    0.1%  get_price: focus the game
    2      104.3   16.6%  get_price: _trade_window_open (OCR 1300x190)
    3      122.8   19.5%  get_price: purchase_tab_showing
    4       86.8   13.8%  get_price: read row 1 where it stands
    5      314.4   50.0%  get_price: search the favourite and read row 1
           628.7  100.0%  TOTAL
  row 1 holds 1 and 1 stays behind, so there is nothing spare to take here.
  wheeled 1 notch(es) down the offers, from row 2 at (500, 312)
  row 1 offers 'Chaos Core' x1 at 714,434 (714,434/unit)

  buy from favourite slot 3: REFUSED
    #         ms   share  step
    1        0.3    0.1%  get_price: focus the game
    2      102.9   16.5%  get_price: _trade_window_open (OCR 1300x190)
    3      121.3   19.5%  get_price: purchase_tab_showing
    4       87.0   14.0%  get_price: read row 1 where it stands
    5      311.7   50.0%  get_price: search the favourite and read row 1
           623.3  100.0%  TOTAL
  row 1 holds 1 and 1 stays behind, so there is nothing spare to take here.
  wheeled 1 notch(es) down the offers, from row 2 at (500, 312)
  row 1 offers 'Chaos Core' x1 at 716,939 (716,939/unit)

  buy from favourite slot 3: REFUSED
    #         ms   share  step
    1        0.4    0.1%  get_price: focus the game
    2       99.3   16.2%  get_price: _trade_window_open (OCR 1300x190)
    3      121.3   19.8%  get_price: purchase_tab_showing
    4       84.8   13.9%  get_price: read row 1 where it stands
    5      305.9   50.0%  get_price: search the favourite and read row 1
           611.7  100.0%  TOTAL
  row 1 holds 1 and 1 stays behind, so there is nothing spare to take here.
  wheeled 1 notch(es) down the offers, from row 2 at (500, 312)
  row 1 offers 'Chaos Core' x1 at 716,939 (716,939/unit)

  buy from favourite slot 3: REFUSED
    #         ms   share  step
    1        0.4    0.1%  get_price: focus the game
    2      115.7   18.2%  get_price: _trade_window_open (OCR 1300x190)
    3      119.8   18.8%  get_price: purchase_tab_showing
    4       82.6   13.0%  get_price: read row 1 where it stands
    5      318.6   50.0%  get_price: search the favourite and read row 1
           637.2  100.0%  TOTAL
  row 1 holds 1 and 1 stays behind, so there is nothing spare to take here.
  wheeled 1 notch(es) down the offers, from row 2 at (500, 312)
  row 1 offers 'Chaos Core' x1 at 716,939 (716,939/unit)

  buy from favourite slot 3: REFUSED
    #         ms   share  step
    1        0.4    0.1%  get_price: focus the game
    2       99.0   16.6%  get_price: _trade_window_open (OCR 1300x190)
    3      118.8   19.9%  get_price: purchase_tab_showing
    4       80.4   13.5%  get_price: read row 1 where it stands
    5      298.6   50.0%  get_price: search the favourite and read row 1
           597.3  100.0%  TOTAL
  row 1 holds 1 and 1 stays behind, so there is nothing spare to take here.
  wheeled 1 notch(es) down the offers, from row 2 at (500, 312)
  row 1 offers 'Chaos Core' x1 at 719,315 (719,315/unit)

  buy from favourite slot 3: REFUSED
    #         ms   share  step
    1        0.3    0.1%  get_price: focus the game
    2       96.6   15.5%  get_price: _trade_window_open (OCR 1300x190)
    3      117.8   18.8%  get_price: purchase_tab_showing
    4       97.7   15.6%  get_price: read row 1 where it stands
    5      312.5   50.0%  get_price: search the favourite and read row 1
           624.9  100.0%  TOTAL
  row 1 holds 1 and 1 stays behind, so there is nothing spare to take here.
  wheeled 1 notch(es) down the offers, from row 2 at (500, 312)
  row 1 offers 'Chaos Core' x1 at 719,315 (719,315/unit)

  buy from favourite slot 3: REFUSED
    #         ms   share  step
    1        0.3    0.0%  get_price: focus the game
    2       96.3   16.1%  get_price: _trade_window_open (OCR 1300x190)
    3      117.1   19.6%  get_price: purchase_tab_showing
    4       85.1   14.2%  get_price: read row 1 where it stands
    5      298.8   50.0%  get_price: search the favourite and read row 1
           597.5  100.0%  TOTAL
  row 1 holds 1 and 1 stays behind, so there is nothing spare to take here.
  wheeled 1 notch(es) down the offers, from row 2 at (500, 312)
  row 1 offers 'Chaos Core' x1 at 719,500 (719,500/unit)

  buy from favourite slot 3: REFUSED
    #         ms   share  step
    1        0.3    0.1%  get_price: focus the game
    2      114.9   18.3%  get_price: _trade_window_open (OCR 1300x190)
    3      113.3   18.1%  get_price: purchase_tab_showing
    4       85.3   13.6%  get_price: read row 1 where it stands
    5      314.0   50.0%  get_price: search the favourite and read row 1
           627.9  100.0%  TOTAL
  row 1 holds 1 and 1 stays behind, so there is nothing spare to take here.
  wheeled 1 notch(es) down the offers, from row 2 at (500, 312)
  10 step(s) down with nothing spare; this order takes the row it is on whole, and the next one leaves 1 behind again
  row 1 offers 'Chaos Core' x1 at 721,900 (721,900/unit)
    row 1 leaves 8,016 a core against the 5,000 wanted
    balance before 1,410,130,212, as the last order left it
    dialog: '¢ Chaos Core'  qty 1 of 1  price 721900
    965 core(s) wanted, 1 to a pack -> 965 pack(s); 1 available, taking 1
    the quantity field already reads 1; not retyping it
    ordering 1 pack(s) at 721,900; the spend will confirm what actually bought
    balance after  1,409,408,312; spent 721,900 bought 1 pack(s) = 1 core(s) (721,900 a core)

  buy from favourite slot 3: bought 1 core(s) in 1 order(s)
    #         ms   share  step
    1        0.4    0.0%  get_price: focus the game
    2       96.2    4.2%  get_price: _trade_window_open (OCR 1300x190)
    3      121.2    5.3%  get_price: purchase_tab_showing
    4       81.3    3.5%  get_price: read row 1 where it stands
    5      299.1   13.0%  get_price: search the favourite and read row 1
    6      364.4   15.8%  click the row at (500, 258)
    7      312.3   13.6%  click Buy at (828, 258)
    8       91.7    4.0%  await the Purchase dialog
    9       98.3    4.3%  read the dialog (item, price, qty, qty_max)
   10       84.9    3.7%  find the Buy button
   11      314.4   13.7%  click Buy
   12      250.4   10.9%  park
   13       89.8    3.9%  confirm the dialog is gone
   14       94.8    4.1%  read the balance after buying
          2299.3  100.0%  TOTAL
  35/141 Chaos Core held
  row 1 offers 'Chaos Core' x1 at 712,799 (712,799/unit)

  buy from favourite slot 3: REFUSED
    #         ms   share  step
    1        0.3    0.0%  get_price: focus the game
    2      118.5    2.7%  get_price: purchase_tab_showing
    3      102.1    2.4%  get_price: read row 1 before the search
    4      312.0    7.2%  get_price: click favourite slot 3
    5       49.0    1.1%  get_price: confirm the sort
    6     1583.6   36.6%  get_price: poll row 1 until it answers (89 look(s), 1 read(s))
    7     2165.8   50.0%  get_price: search the favourite and read row 1
          4331.2  100.0%  TOTAL
  row 1 holds 1 and 1 stays behind, so there is nothing spare to take here.
  wheeled 1 notch(es) down the offers, from row 2 at (500, 312)
  row 1 offers 'Chaos Core' x1 at 713,332 (713,332/unit)

  buy from favourite slot 3: REFUSED
    #         ms   share  step
    1        0.3    0.1%  get_price: focus the game
    2       98.6   17.0%  get_price: _trade_window_open (OCR 1300x190)
    3      112.2   19.4%  get_price: purchase_tab_showing
    4       78.8   13.6%  get_price: read row 1 where it stands
    5      289.8   50.0%  get_price: search the favourite and read row 1
           579.6  100.0%  TOTAL
  row 1 holds 1 and 1 stays behind, so there is nothing spare to take here.
  wheeled 1 notch(es) down the offers, from row 2 at (500, 312)
  row 1 offers 'Chaos Core' x1 at 713,851 (713,851/unit)

  buy from favourite slot 3: REFUSED
    #         ms   share  step
    1        0.3    0.1%  get_price: focus the game
    2       96.8   16.4%  get_price: _trade_window_open (OCR 1300x190)
    3      114.8   19.4%  get_price: purchase_tab_showing
    4       83.4   14.1%  get_price: read row 1 where it stands
    5      295.3   50.0%  get_price: search the favourite and read row 1
           590.6  100.0%  TOTAL
  row 1 holds 1 and 1 stays behind, so there is nothing spare to take here.
  wheeled 1 notch(es) down the offers, from row 2 at (500, 312)
  row 1 offers 'Chaos Core' x1 at 714,434 (714,434/unit)

  buy from favourite slot 3: REFUSED
    #         ms   share  step
    1        0.3    0.1%  get_price: focus the game
    2       99.2   16.6%  get_price: _trade_window_open (OCR 1300x190)
    3      117.5   19.7%  get_price: purchase_tab_showing
    4       80.9   13.6%  get_price: read row 1 where it stands
    5      298.0   50.0%  get_price: search the favourite and read row 1
           596.0  100.0%  TOTAL
  row 1 holds 1 and 1 stays behind, so there is nothing spare to take here.
  wheeled 1 notch(es) down the offers, from row 2 at (500, 312)
  row 1 offers 'Chaos Core' x1 at 716,939 (716,939/unit)

  buy from favourite slot 3: REFUSED
    #         ms   share  step
    1        0.3    0.0%  get_price: focus the game
    2      100.1   16.1%  get_price: _trade_window_open (OCR 1300x190)
    3      114.2   18.3%  get_price: purchase_tab_showing
    4       96.8   15.5%  get_price: read row 1 where it stands
    5      311.4   50.0%  get_price: search the favourite and read row 1
           622.8  100.0%  TOTAL
  row 1 holds 1 and 1 stays behind, so there is nothing spare to take here.
  wheeled 1 notch(es) down the offers, from row 2 at (500, 312)
  row 1 offers 'Chaos Core' x1 at 716,939 (716,939/unit)

  buy from favourite slot 3: REFUSED
    #         ms   share  step
    1        0.4    0.1%  get_price: focus the game
    2      100.8   16.6%  get_price: _trade_window_open (OCR 1300x190)
    3      116.6   19.2%  get_price: purchase_tab_showing
    4       85.6   14.1%  get_price: read row 1 where it stands
    5      303.5   50.0%  get_price: search the favourite and read row 1
           606.9  100.0%  TOTAL
  row 1 holds 1 and 1 stays behind, so there is nothing spare to take here.
  wheeled 1 notch(es) down the offers, from row 2 at (500, 312)
  row 1 offers 'Chaos Core' x1 at 716,939 (716,939/unit)

  buy from favourite slot 3: REFUSED
    #         ms   share  step
    1        0.4    0.1%  get_price: focus the game
    2       99.0   16.5%  get_price: _trade_window_open (OCR 1300x190)
    3      115.7   19.2%  get_price: purchase_tab_showing
    4       85.6   14.2%  get_price: read row 1 where it stands
    5      300.7   50.0%  get_price: search the favourite and read row 1
           601.3  100.0%  TOTAL
  row 1 holds 1 and 1 stays behind, so there is nothing spare to take here.
  wheeled 1 notch(es) down the offers, from row 2 at (500, 312)
  row 1 offers 'Chaos Core' x1 at 719,315 (719,315/unit)

  buy from favourite slot 3: REFUSED
    #         ms   share  step
    1        0.4    0.1%  get_price: focus the game
    2       97.1   16.7%  get_price: _trade_window_open (OCR 1300x190)
    3      112.6   19.4%  get_price: purchase_tab_showing
    4       80.5   13.9%  get_price: read row 1 where it stands
    5      290.7   50.0%  get_price: search the favourite and read row 1
           581.3  100.0%  TOTAL
  row 1 holds 1 and 1 stays behind, so there is nothing spare to take here.
  wheeled 1 notch(es) down the offers, from row 2 at (500, 312)
  row 1 offers 'Chaos Core' x1 at 719,315 (719,315/unit)

  buy from favourite slot 3: REFUSED
    #         ms   share  step
    1        0.4    0.1%  get_price: focus the game
    2      114.2   18.1%  get_price: _trade_window_open (OCR 1300x190)
    3      116.8   18.5%  get_price: purchase_tab_showing
    4       84.5   13.4%  get_price: read row 1 where it stands
    5      315.9   50.0%  get_price: search the favourite and read row 1
           631.7  100.0%  TOTAL
  row 1 holds 1 and 1 stays behind, so there is nothing spare to take here.
  wheeled 1 notch(es) down the offers, from row 2 at (500, 312)
  row 1 offers 'Chaos Core' x1 at 719,500 (719,500/unit)

  buy from favourite slot 3: REFUSED
    #         ms   share  step
    1        0.3    0.1%  get_price: focus the game
    2       98.9   16.4%  get_price: _trade_window_open (OCR 1300x190)
    3      116.3   19.3%  get_price: purchase_tab_showing
    4       86.2   14.3%  get_price: read row 1 where it stands
    5      301.8   50.0%  get_price: search the favourite and read row 1
           603.6  100.0%  TOTAL
  row 1 holds 1 and 1 stays behind, so there is nothing spare to take here.
  wheeled 1 notch(es) down the offers, from row 2 at (500, 312)
  10 step(s) down with nothing spare; this order takes the row it is on whole, and the next one leaves 1 behind again
  row 1 offers 'Chaos Core' x7 at 722,000 (722,000/unit)
    row 1 leaves 7,916 a core against the 5,000 wanted
    balance before 1,409,408,312, as the last order left it
    dialog: '¢ Chaos Core'  qty 1 of 7  price 722000
    964 core(s) wanted, 1 to a pack -> 964 pack(s); 7 available, taking 7
    ordering 7 pack(s) at 5,054,000; the spend will confirm what actually bought
    balance after  1,404,354,312; spent 5,054,000 bought 7 pack(s) = 7 core(s) (722,000 a core)

  buy from favourite slot 3: bought 7 core(s) in 7 order(s)
    #         ms   share  step
    1        0.3    0.0%  get_price: focus the game
    2      111.3    3.1%  get_price: _trade_window_open (OCR 1300x190)
    3      119.4    3.3%  get_price: purchase_tab_showing
    4       83.1    2.3%  get_price: read row 1 where it stands
    5      314.3    8.8%  get_price: search the favourite and read row 1
    6      364.0   10.2%  click the row at (500, 258)
    7      313.3    8.7%  click Buy at (828, 258)
    8       90.3    2.5%  await the Purchase dialog
    9      107.6    3.0%  read the dialog (item, price, qty, qty_max)
   10     1253.1   35.0%  click the quantity field and type 7
   11       84.1    2.3%  find the Buy button
   12      307.9    8.6%  click Buy
   13      251.0    7.0%  park
   14       89.7    2.5%  confirm the dialog is gone
   15       94.1    2.6%  read the balance after buying
          3583.6  100.0%  TOTAL
  42/141 Chaos Core held
  row 1 offers 'Chaos Core' x1 at 712,799 (712,799/unit)

  buy from favourite slot 3: REFUSED
    #         ms   share  step
    1        0.2    0.0%  get_price: focus the game
    2      119.3    2.8%  get_price: purchase_tab_showing
    3       86.9    2.0%  get_price: read row 1 before the search
    4      311.6    7.3%  get_price: click favourite slot 3
    5       28.1    0.7%  get_price: confirm the sort
    6     1581.5   37.2%  get_price: poll row 1 until it answers (86 look(s), 1 read(s))
    7     2128.1   50.0%  get_price: search the favourite and read row 1
          4255.7  100.0%  TOTAL
  row 1 holds 1 and 1 stays behind, so there is nothing spare to take here.
  wheeled 1 notch(es) down the offers, from row 2 at (500, 312)
  row 1 offers 'Chaos Core' x1 at 713,332 (713,332/unit)

  buy from favourite slot 3: REFUSED
    #         ms   share  step
    1        0.4    0.1%  get_price: focus the game
    2       98.6   16.3%  get_price: _trade_window_open (OCR 1300x190)
    3      118.2   19.6%  get_price: purchase_tab_showing
    4       84.3   14.0%  get_price: read row 1 where it stands
    5      301.6   50.0%  get_price: search the favourite and read row 1
           603.1  100.0%  TOTAL
  row 1 holds 1 and 1 stays behind, so there is nothing spare to take here.
  wheeled 1 notch(es) down the offers, from row 2 at (500, 312)
  row 1 offers 'Chaos Core' x1 at 713,851 (713,851/unit)

  buy from favourite slot 3: REFUSED
    #         ms   share  step
    1        0.5    0.1%  get_price: focus the game
    2       96.5   14.2%  get_price: _trade_window_open (OCR 1300x190)
    3      118.6   17.5%  get_price: purchase_tab_showing
    4      123.6   18.2%  get_price: read row 1 where it stands
    5      339.1   50.0%  get_price: search the favourite and read row 1
           678.2  100.0%  TOTAL
  row 1 holds 1 and 1 stays behind, so there is nothing spare to take here.
  wheeled 1 notch(es) down the offers, from row 2 at (500, 312)
  row 1 offers 'Chaos Core' x1 at 714,434 (714,434/unit)

  buy from favourite slot 3: REFUSED
    #         ms   share  step
    1        0.4    0.1%  get_price: focus the game
    2       96.3   15.9%  get_price: _trade_window_open (OCR 1300x190)
    3      123.4   20.3%  get_price: purchase_tab_showing
    4       83.1   13.7%  get_price: read row 1 where it stands
    5      303.3   50.0%  get_price: search the favourite and read row 1
           606.6  100.0%  TOTAL
  row 1 holds 1 and 1 stays behind, so there is nothing spare to take here.
  wheeled 1 notch(es) down the offers, from row 2 at (500, 312)
  row 1 offers 'Chaos Core' x1 at 716,939 (716,939/unit)

  buy from favourite slot 3: REFUSED
    #         ms   share  step
    1        0.4    0.1%  get_price: focus the game
    2       97.0   16.1%  get_price: _trade_window_open (OCR 1300x190)
    3      118.2   19.6%  get_price: purchase_tab_showing
    4       86.2   14.3%  get_price: read row 1 where it stands
    5      301.8   50.0%  get_price: search the favourite and read row 1
           603.6  100.0%  TOTAL
  row 1 holds 1 and 1 stays behind, so there is nothing spare to take here.
  wheeled 1 notch(es) down the offers, from row 2 at (500, 312)
  row 1 offers 'Chaos Core' x1 at 716,939 (716,939/unit)

  buy from favourite slot 3: REFUSED
    #         ms   share  step
    1        0.4    0.1%  get_price: focus the game
    2       95.3   15.9%  get_price: _trade_window_open (OCR 1300x190)
    3      118.7   19.8%  get_price: purchase_tab_showing
    4       85.7   14.3%  get_price: read row 1 where it stands
    5      300.1   50.0%  get_price: search the favourite and read row 1
           600.2  100.0%  TOTAL
  row 1 holds 1 and 1 stays behind, so there is nothing spare to take here.
  wheeled 1 notch(es) down the offers, from row 2 at (500, 312)
  row 1 offers 'Chaos Core' x1 at 716,939 (716,939/unit)

  buy from favourite slot 3: REFUSED
    #         ms   share  step
    1        0.4    0.1%  get_price: focus the game
    2       96.6   16.0%  get_price: _trade_window_open (OCR 1300x190)
    3      123.2   20.4%  get_price: purchase_tab_showing
    4       82.3   13.6%  get_price: read row 1 where it stands
    5      302.4   50.0%  get_price: search the favourite and read row 1
           604.8  100.0%  TOTAL
  row 1 holds 1 and 1 stays behind, so there is nothing spare to take here.
  wheeled 1 notch(es) down the offers, from row 2 at (500, 312)
  row 1 offers 'Chaos Core' x1 at 719,315 (719,315/unit)

  buy from favourite slot 3: REFUSED
    #         ms   share  step
    1        0.4    0.1%  get_price: focus the game
    2       98.1   16.2%  get_price: _trade_window_open (OCR 1300x190)
    3      116.8   19.3%  get_price: purchase_tab_showing
    4       86.8   14.4%  get_price: read row 1 where it stands
    5      302.1   50.0%  get_price: search the favourite and read row 1
           604.2  100.0%  TOTAL
  row 1 holds 1 and 1 stays behind, so there is nothing spare to take here.
  wheeled 1 notch(es) down the offers, from row 2 at (500, 312)
  row 1 offers 'Chaos Core' x1 at 719,315 (719,315/unit)

  buy from favourite slot 3: REFUSED
    #         ms   share  step
    1        0.4    0.1%  get_price: focus the game
    2       96.7   16.0%  get_price: _trade_window_open (OCR 1300x190)
    3      119.5   19.8%  get_price: purchase_tab_showing
    4       85.4   14.1%  get_price: read row 1 where it stands
    5      301.9   50.0%  get_price: search the favourite and read row 1
           603.8  100.0%  TOTAL
  row 1 holds 1 and 1 stays behind, so there is nothing spare to take here.
  wheeled 1 notch(es) down the offers, from row 2 at (500, 312)
  row 1 offers 'Chaos Core' x1 at 719,500 (719,500/unit)

  buy from favourite slot 3: REFUSED
    #         ms   share  step
    1        0.4    0.1%  get_price: focus the game
    2      101.3   16.5%  get_price: _trade_window_open (OCR 1300x190)
    3      121.0   19.7%  get_price: purchase_tab_showing
    4       84.2   13.7%  get_price: read row 1 where it stands
    5      306.8   50.0%  get_price: search the favourite and read row 1
           613.6  100.0%  TOTAL
  row 1 holds 1 and 1 stays behind, so there is nothing spare to take here.
  wheeled 1 notch(es) down the offers, from row 2 at (500, 312)
  10 step(s) down with nothing spare; this order takes the row it is on whole, and the next one leaves 1 behind again
  row 1 offers 'Chaos Core' x2 at 722,101 (722,101/unit)
    row 1 leaves 7,815 a core against the 5,000 wanted
    balance before 1,404,354,312, as the last order left it
    dialog: '¢ Chaos Core'  qty 1 of 2  price 722101
    957 core(s) wanted, 1 to a pack -> 957 pack(s); 2 available, taking 2
    ordering 2 pack(s) at 1,444,202; the spend will confirm what actually bought
    balance after  1,402,910,110; spent 1,444,202 bought 2 pack(s) = 2 core(s) (722,101 a core)

  buy from favourite slot 3: bought 2 core(s) in 2 order(s)
    #         ms   share  step
    1        0.3    0.0%  get_price: focus the game
    2      100.2    2.8%  get_price: _trade_window_open (OCR 1300x190)
    3      121.9    3.4%  get_price: purchase_tab_showing
    4       81.1    2.3%  get_price: read row 1 where it stands
    5      303.5    8.5%  get_price: search the favourite and read row 1
    6      365.8   10.2%  click the row at (500, 258)
    7      313.6    8.7%  click Buy at (828, 258)
    8       89.7    2.5%  await the Purchase dialog
    9       99.9    2.8%  read the dialog (item, price, qty, qty_max)
   10     1256.4   35.0%  click the quantity field and type 2
   11       86.0    2.4%  find the Buy button
   12      306.4    8.5%  click Buy
   13      250.7    7.0%  park
   14      115.1    3.2%  confirm the dialog is gone
   15      100.9    2.8%  read the balance after buying
          3591.4  100.0%  TOTAL
  44/141 Chaos Core held
  row 1 offers 'Chaos Core' x1 at 712,799 (712,799/unit)

  buy from favourite slot 3: REFUSED
    #         ms   share  step
    1        0.3    0.0%  get_price: focus the game
    2      120.8    2.8%  get_price: purchase_tab_showing
    3      118.5    2.7%  get_price: read row 1 before the search
    4      312.3    7.2%  get_price: click favourite slot 3
    5       33.5    0.8%  get_price: confirm the sort
    6     1576.5   36.5%  get_price: poll row 1 until it answers (88 look(s), 1 read(s))
    7     2162.2   50.0%  get_price: search the favourite and read row 1
          4324.0  100.0%  TOTAL
  row 1 holds 1 and 1 stays behind, so there is nothing spare to take here.
  wheeled 1 notch(es) down the offers, from row 2 at (500, 312)
  row 1 offers 'Chaos Core' x1 at 713,332 (713,332/unit)

  buy from favourite slot 3: REFUSED
    #         ms   share  step
    1        0.3    0.1%  get_price: focus the game
    2       96.3   16.4%  get_price: _trade_window_open (OCR 1300x190)
    3      116.8   19.9%  get_price: purchase_tab_showing
    4       80.1   13.6%  get_price: read row 1 where it stands
    5      293.7   50.0%  get_price: search the favourite and read row 1
           587.2  100.0%  TOTAL
  row 1 holds 1 and 1 stays behind, so there is nothing spare to take here.
  wheeled 1 notch(es) down the offers, from row 2 at (500, 312)
  row 1 offers 'Chaos Core' x1 at 713,851 (713,851/unit)

  buy from favourite slot 3: REFUSED
    #         ms   share  step
    1        0.4    0.1%  get_price: focus the game
    2      116.4   18.3%  get_price: _trade_window_open (OCR 1300x190)
    3      118.7   18.6%  get_price: purchase_tab_showing
    4       82.9   13.0%  get_price: read row 1 where it stands
    5      318.4   50.0%  get_price: search the favourite and read row 1
           636.8  100.0%  TOTAL
  row 1 holds 1 and 1 stays behind, so there is nothing spare to take here.
  wheeled 1 notch(es) down the offers, from row 2 at (500, 312)
  row 1 offers 'Chaos Core' x1 at 714,434 (714,434/unit)

  buy from favourite slot 3: REFUSED
    #         ms   share  step
    1        0.4    0.1%  get_price: focus the game
    2       97.0   15.9%  get_price: _trade_window_open (OCR 1300x190)
    3      117.0   19.2%  get_price: purchase_tab_showing
    4       90.0   14.8%  get_price: read row 1 where it stands
    5      304.3   50.0%  get_price: search the favourite and read row 1
           608.6  100.0%  TOTAL
  row 1 holds 1 and 1 stays behind, so there is nothing spare to take here.
  wheeled 1 notch(es) down the offers, from row 2 at (500, 312)
  row 1 offers 'Chaos Core' x1 at 716,939 (716,939/unit)

  buy from favourite slot 3: REFUSED
    #         ms   share  step
    1        0.5    0.1%  get_price: focus the game
    2      117.9   18.5%  get_price: _trade_window_open (OCR 1300x190)
    3      117.5   18.5%  get_price: purchase_tab_showing
    4       82.0   12.9%  get_price: read row 1 where it stands
    5      317.9   50.0%  get_price: search the favourite and read row 1
           635.8  100.0%  TOTAL
  row 1 holds 1 and 1 stays behind, so there is nothing spare to take here.
  wheeled 1 notch(es) down the offers, from row 2 at (500, 312)
  row 1 offers 'Chaos Core' x1 at 716,939 (716,939/unit)

  buy from favourite slot 3: REFUSED
    #         ms   share  step
    1        0.3    0.0%  get_price: focus the game
    2      109.2   16.1%  get_price: _trade_window_open (OCR 1300x190)
    3      115.3   17.0%  get_price: purchase_tab_showing
    4      115.2   16.9%  get_price: read row 1 where it stands
    5      340.0   50.0%  get_price: search the favourite and read row 1
           680.1  100.0%  TOTAL
  row 1 holds 1 and 1 stays behind, so there is nothing spare to take here.
  wheeled 1 notch(es) down the offers, from row 2 at (500, 312)
  row 1 offers 'Chaos Core' x1 at 716,939 (716,939/unit)

  buy from favourite slot 3: REFUSED
    #         ms   share  step
    1        0.3    0.1%  get_price: focus the game
    2       98.2   15.9%  get_price: _trade_window_open (OCR 1300x190)
    3      124.8   20.2%  get_price: purchase_tab_showing
    4       85.1   13.8%  get_price: read row 1 where it stands
    5      308.4   50.0%  get_price: search the favourite and read row 1
           616.9  100.0%  TOTAL
  row 1 holds 1 and 1 stays behind, so there is nothing spare to take here.
  wheeled 1 notch(es) down the offers, from row 2 at (500, 312)
  row 1 offers 'Chaos Core' x1 at 719,315 (719,315/unit)

  buy from favourite slot 3: REFUSED
    #         ms   share  step
    1        0.4    0.1%  get_price: focus the game
    2       98.0   16.5%  get_price: _trade_window_open (OCR 1300x190)
    3      115.7   19.5%  get_price: purchase_tab_showing
    4       83.4   14.0%  get_price: read row 1 where it stands
    5      297.5   50.0%  get_price: search the favourite and read row 1
           595.0  100.0%  TOTAL
  row 1 holds 1 and 1 stays behind, so there is nothing spare to take here.
  wheeled 1 notch(es) down the offers, from row 2 at (500, 312)
  row 1 offers 'Chaos Core' x1 at 719,315 (719,315/unit)

  buy from favourite slot 3: REFUSED
    #         ms   share  step
    1        0.4    0.1%  get_price: focus the game
    2       99.4   17.1%  get_price: _trade_window_open (OCR 1300x190)
    3      112.3   19.3%  get_price: purchase_tab_showing
    4       79.0   13.6%  get_price: read row 1 where it stands
    5      291.2   50.0%  get_price: search the favourite and read row 1
           582.3  100.0%  TOTAL
  row 1 holds 1 and 1 stays behind, so there is nothing spare to take here.
  wheeled 1 notch(es) down the offers, from row 2 at (500, 312)
  row 1 offers 'Chaos Core' x1 at 719,500 (719,500/unit)

  buy from favourite slot 3: REFUSED
    #         ms   share  step
    1        0.4    0.1%  get_price: focus the game
    2       97.2   16.5%  get_price: _trade_window_open (OCR 1300x190)
    3      114.4   19.4%  get_price: purchase_tab_showing
    4       83.0   14.1%  get_price: read row 1 where it stands
    5      295.0   50.0%  get_price: search the favourite and read row 1
           590.0  100.0%  TOTAL
  row 1 holds 1 and 1 stays behind, so there is nothing spare to take here.
  wheeled 1 notch(es) down the offers, from row 2 at (500, 312)
  10 step(s) down with nothing spare; this order takes the row it is on whole, and the next one leaves 1 behind again
  row 1 offers 'Chaos Core' x2 at 722,101 (722,101/unit)
    row 1 leaves 7,815 a core against the 5,000 wanted
    balance before 1,402,910,110, as the last order left it
    dialog: '¢ Chaos Core'  qty 1 of 2  price 722101
    955 core(s) wanted, 1 to a pack -> 955 pack(s); 2 available, taking 2
    ordering 2 pack(s) at 1,444,202; the spend will confirm what actually bought
    balance after  1,401,465,908; spent 1,444,202 bought 2 pack(s) = 2 core(s) (722,101 a core)

  buy from favourite slot 3: bought 2 core(s) in 2 order(s)
    #         ms   share  step
    1        0.3    0.0%  get_price: focus the game
    2       97.9    2.7%  get_price: _trade_window_open (OCR 1300x190)
    3      117.8    3.3%  get_price: purchase_tab_showing
    4      120.1    3.3%  get_price: read row 1 where it stands
    5      336.2    9.3%  get_price: search the favourite and read row 1
    6      364.2   10.1%  click the row at (500, 258)
    7      313.0    8.6%  click Buy at (828, 258)
    8       87.7    2.4%  await the Purchase dialog
    9       96.2    2.7%  read the dialog (item, price, qty, qty_max)
   10     1252.7   34.6%  click the quantity field and type 2
   11       86.8    2.4%  find the Buy button
   12      307.6    8.5%  click Buy
   13      250.9    6.9%  park
   14       98.1    2.7%  confirm the dialog is gone
   15       91.9    2.5%  read the balance after buying
          3621.4  100.0%  TOTAL
  46/141 Chaos Core held
  row 1 offers 'Chaos Core' x1 at 712,799 (712,799/unit)

  buy from favourite slot 3: REFUSED
    #         ms   share  step
    1        0.3    0.0%  get_price: focus the game
    2      122.8    2.9%  get_price: purchase_tab_showing
    3       82.5    1.9%  get_price: read row 1 before the search
    4      313.0    7.3%  get_price: click favourite slot 3
    5       27.5    0.6%  get_price: confirm the sort
    6     1586.8   37.2%  get_price: poll row 1 until it answers (88 look(s), 1 read(s))
    7     2133.2   50.0%  get_price: search the favourite and read row 1
          4266.1  100.0%  TOTAL
  row 1 holds 1 and 1 stays behind, so there is nothing spare to take here.
  wheeled 1 notch(es) down the offers, from row 2 at (500, 312)
  row 1 offers 'Chaos Core' x1 at 713,332 (713,332/unit)

  buy from favourite slot 3: REFUSED
    #         ms   share  step
    1        0.3    0.1%  get_price: focus the game
    2       96.2   16.1%  get_price: _trade_window_open (OCR 1300x190)
    3      117.4   19.7%  get_price: purchase_tab_showing
    4       83.9   14.1%  get_price: read row 1 where it stands
    5      297.9   50.0%  get_price: search the favourite and read row 1
           595.8  100.0%  TOTAL
  row 1 holds 1 and 1 stays behind, so there is nothing spare to take here.
  wheeled 1 notch(es) down the offers, from row 2 at (500, 312)
  row 1 offers 'Chaos Core' x1 at 713,851 (713,851/unit)

  buy from favourite slot 3: REFUSED
    #         ms   share  step
    1        0.4    0.1%  get_price: focus the game
    2      116.4   18.3%  get_price: _trade_window_open (OCR 1300x190)
    3      114.1   18.0%  get_price: purchase_tab_showing
    4       86.3   13.6%  get_price: read row 1 where it stands
    5      317.3   50.0%  get_price: search the favourite and read row 1
           634.5  100.0%  TOTAL
  row 1 holds 1 and 1 stays behind, so there is nothing spare to take here.
  wheeled 1 notch(es) down the offers, from row 2 at (500, 312)
  row 1 offers 'Chaos Core' x1 at 714,434 (714,434/unit)

  buy from favourite slot 3: REFUSED
    #         ms   share  step
    1        0.5    0.1%  get_price: focus the game
    2       98.5   15.0%  get_price: _trade_window_open (OCR 1300x190)
    3      115.4   17.6%  get_price: purchase_tab_showing
    4      113.4   17.3%  get_price: read row 1 where it stands
    5      327.8   50.0%  get_price: search the favourite and read row 1
           655.6  100.0%  TOTAL
  row 1 holds 1 and 1 stays behind, so there is nothing spare to take here.
  wheeled 1 notch(es) down the offers, from row 2 at (500, 312)
  row 1 offers 'Chaos Core' x1 at 716,939 (716,939/unit)

  buy from favourite slot 3: REFUSED
    #         ms   share  step
    1        0.4    0.1%  get_price: focus the game
    2       97.4   16.2%  get_price: _trade_window_open (OCR 1300x190)
    3      119.2   19.8%  get_price: purchase_tab_showing
    4       83.5   13.9%  get_price: read row 1 where it stands
    5      300.6   50.0%  get_price: search the favourite and read row 1
           601.1  100.0%  TOTAL
  row 1 holds 1 and 1 stays behind, so there is nothing spare to take here.
  wheeled 1 notch(es) down the offers, from row 2 at (500, 312)
  row 1 offers 'Chaos Core' x1 at 716,939 (716,939/unit)

  buy from favourite slot 3: REFUSED
    #         ms   share  step
    1        0.4    0.1%  get_price: focus the game
    2      106.8   17.2%  get_price: _trade_window_open (OCR 1300x190)
    3      119.2   19.2%  get_price: purchase_tab_showing
    4       83.8   13.5%  get_price: read row 1 where it stands
    5      310.2   50.0%  get_price: search the favourite and read row 1
           620.3  100.0%  TOTAL
  row 1 holds 1 and 1 stays behind, so there is nothing spare to take here.
  wheeled 1 notch(es) down the offers, from row 2 at (500, 312)
  row 1 offers 'Chaos Core' x1 at 716,939 (716,939/unit)

  buy from favourite slot 3: REFUSED
    #         ms   share  step
    1        0.3    0.1%  get_price: focus the game
    2      114.9   18.4%  get_price: _trade_window_open (OCR 1300x190)
    3      117.9   18.8%  get_price: purchase_tab_showing
    4       79.7   12.7%  get_price: read row 1 where it stands
    5      312.9   50.0%  get_price: search the favourite and read row 1
           625.8  100.0%  TOTAL
  row 1 holds 1 and 1 stays behind, so there is nothing spare to take here.
  wheeled 1 notch(es) down the offers, from row 2 at (500, 312)
  row 1 offers 'Chaos Core' x1 at 719,315 (719,315/unit)

  buy from favourite slot 3: REFUSED
    #         ms   share  step
    1        0.3    0.0%  get_price: focus the game
    2      100.3   16.6%  get_price: _trade_window_open (OCR 1300x190)
    3      118.5   19.7%  get_price: purchase_tab_showing
    4       82.3   13.7%  get_price: read row 1 where it stands
    5      301.3   50.0%  get_price: search the favourite and read row 1
           602.6  100.0%  TOTAL
  row 1 holds 1 and 1 stays behind, so there is nothing spare to take here.
  wheeled 1 notch(es) down the offers, from row 2 at (500, 312)
  row 1 offers 'Chaos Core' x1 at 719,315 (719,315/unit)

  buy from favourite slot 3: REFUSED
    #         ms   share  step
    1        0.4    0.1%  get_price: focus the game
    2       98.4   15.1%  get_price: _trade_window_open (OCR 1300x190)
    3      118.4   18.1%  get_price: purchase_tab_showing
    4      109.5   16.8%  get_price: read row 1 where it stands
    5      326.8   50.0%  get_price: search the favourite and read row 1
           653.5  100.0%  TOTAL
  row 1 holds 1 and 1 stays behind, so there is nothing spare to take here.
  wheeled 1 notch(es) down the offers, from row 2 at (500, 312)
  row 1 offers 'Chaos Core' x1 at 719,500 (719,500/unit)

  buy from favourite slot 3: REFUSED
    #         ms   share  step
    1        0.3    0.1%  get_price: focus the game
    2       96.5   15.8%  get_price: _trade_window_open (OCR 1300x190)
    3      123.2   20.2%  get_price: purchase_tab_showing
    4       85.0   13.9%  get_price: read row 1 where it stands
    5      305.1   50.0%  get_price: search the favourite and read row 1
           610.2  100.0%  TOTAL
  row 1 holds 1 and 1 stays behind, so there is nothing spare to take here.
  wheeled 1 notch(es) down the offers, from row 2 at (500, 312)
  10 step(s) down with nothing spare; this order takes the row it is on whole, and the next one leaves 1 behind again
  row 1 offers 'Chaos Core' x1 at 722,101 (722,101/unit)
    row 1 leaves 7,815 a core against the 5,000 wanted
    balance before 1,401,465,908, as the last order left it
    dialog: '¢ Chaos Core'  qty 1 of 1  price 722101
    953 core(s) wanted, 1 to a pack -> 953 pack(s); 1 available, taking 1
    the quantity field already reads 1; not retyping it
    ordering 1 pack(s) at 722,101; the spend will confirm what actually bought
    balance after  1,400,743,807; spent 722,101 bought 1 pack(s) = 1 core(s) (722,101 a core)

  buy from favourite slot 3: bought 1 core(s) in 1 order(s)
    #         ms   share  step
    1        0.3    0.0%  get_price: focus the game
    2       98.9    4.3%  get_price: _trade_window_open (OCR 1300x190)
    3      117.7    5.1%  get_price: purchase_tab_showing
    4       86.4    3.8%  get_price: read row 1 where it stands
    5      303.4   13.2%  get_price: search the favourite and read row 1
    6      362.5   15.8%  click the row at (500, 258)
    7      313.3   13.6%  click Buy at (828, 258)
    8       88.4    3.8%  await the Purchase dialog
    9       97.1    4.2%  read the dialog (item, price, qty, qty_max)
   10       85.0    3.7%  find the Buy button
   11      309.5   13.5%  click Buy
   12      250.9   10.9%  park
   13       95.8    4.2%  confirm the dialog is gone
   14       90.4    3.9%  read the balance after buying
          2299.6  100.0%  TOTAL
  47/141 Chaos Core held
  row 1 offers 'Chaos Core' x1 at 712,799 (712,799/unit)

  buy from favourite slot 3: REFUSED
    #         ms   share  step
    1        0.3    0.0%  get_price: focus the game
    2      112.3    2.6%  get_price: purchase_tab_showing
    3       97.6    2.3%  get_price: read row 1 before the search
    4      313.6    7.3%  get_price: click favourite slot 3
    5       27.1    0.6%  get_price: confirm the sort
    6     1586.4   37.1%  get_price: poll row 1 until it answers (89 look(s), 1 read(s))
    7     2137.5   50.0%  get_price: search the favourite and read row 1
          4274.7  100.0%  TOTAL
  row 1 holds 1 and 1 stays behind, so there is nothing spare to take here.
  wheeled 1 notch(es) down the offers, from row 2 at (500, 312)
  row 1 offers 'Chaos Core' x1 at 713,332 (713,332/unit)

  buy from favourite slot 3: REFUSED
    #         ms   share  step
    1        0.3    0.1%  get_price: focus the game
    2       99.1   16.3%  get_price: _trade_window_open (OCR 1300x190)
    3      117.7   19.3%  get_price: purchase_tab_showing
    4       87.1   14.3%  get_price: read row 1 where it stands
    5      304.3   50.0%  get_price: search the favourite and read row 1
           608.5  100.0%  TOTAL
  row 1 holds 1 and 1 stays behind, so there is nothing spare to take here.
  wheeled 1 notch(es) down the offers, from row 2 at (500, 312)
  row 1 offers 'Chaos Core' x1 at 713,851 (713,851/unit)

  buy from favourite slot 3: REFUSED
    #         ms   share  step
    1        0.4    0.1%  get_price: focus the game
    2      116.2   18.0%  get_price: _trade_window_open (OCR 1300x190)
    3      120.9   18.8%  get_price: purchase_tab_showing
    4       84.3   13.1%  get_price: read row 1 where it stands
    5      321.8   50.0%  get_price: search the favourite and read row 1
           643.6  100.0%  TOTAL
  row 1 holds 1 and 1 stays behind, so there is nothing spare to take here.
  wheeled 1 notch(es) down the offers, from row 2 at (500, 312)
  row 1 offers 'Chaos Core' x1 at 714,434 (714,434/unit)

  buy from favourite slot 3: REFUSED
    #         ms   share  step
    1        0.3    0.1%  get_price: focus the game
    2      113.1   17.9%  get_price: _trade_window_open (OCR 1300x190)
    3      118.7   18.8%  get_price: purchase_tab_showing
    4       83.4   13.2%  get_price: read row 1 where it stands
    5      315.6   50.0%  get_price: search the favourite and read row 1
           631.1  100.0%  TOTAL
  row 1 holds 1 and 1 stays behind, so there is nothing spare to take here.
  wheeled 1 notch(es) down the offers, from row 2 at (500, 312)
  row 1 offers 'Chaos Core' x1 at 716,939 (716,939/unit)

  buy from favourite slot 3: REFUSED
    #         ms   share  step
    1        0.4    0.1%  get_price: focus the game
    2       97.1   16.4%  get_price: _trade_window_open (OCR 1300x190)
    3      116.2   19.7%  get_price: purchase_tab_showing
    4       81.9   13.9%  get_price: read row 1 where it stands
    5      295.7   50.0%  get_price: search the favourite and read row 1
           591.4  100.0%  TOTAL
  row 1 holds 1 and 1 stays behind, so there is nothing spare to take here.
  wheeled 1 notch(es) down the offers, from row 2 at (500, 312)
  row 1 offers 'Chaos Core' x1 at 716,939 (716,939/unit)

  buy from favourite slot 3: REFUSED
    #         ms   share  step
    1        0.5    0.1%  get_price: focus the game
    2      118.0   18.6%  get_price: _trade_window_open (OCR 1300x190)
    3      118.7   18.7%  get_price: purchase_tab_showing
    4       79.9   12.6%  get_price: read row 1 where it stands
    5      317.1   50.0%  get_price: search the favourite and read row 1
           634.1  100.0%  TOTAL
  row 1 holds 1 and 1 stays behind, so there is nothing spare to take here.
  wheeled 1 notch(es) down the offers, from row 2 at (500, 312)
  row 1 offers 'Chaos Core' x1 at 716,939 (716,939/unit)

  buy from favourite slot 3: REFUSED
    #         ms   share  step
    1        0.4    0.1%  get_price: focus the game
    2      108.9   17.7%  get_price: _trade_window_open (OCR 1300x190)
    3      114.2   18.5%  get_price: purchase_tab_showing
    4       85.0   13.8%  get_price: read row 1 where it stands
    5      308.6   50.0%  get_price: search the favourite and read row 1
           617.1  100.0%  TOTAL
  row 1 holds 1 and 1 stays behind, so there is nothing spare to take here.
  wheeled 1 notch(es) down the offers, from row 2 at (500, 312)
  row 1 offers 'Chaos Core' x1 at 719,315 (719,315/unit)

  buy from favourite slot 3: REFUSED
    #         ms   share  step
    1        0.4    0.1%  get_price: focus the game
    2       97.7   16.4%  get_price: _trade_window_open (OCR 1300x190)
    3      118.4   19.9%  get_price: purchase_tab_showing
    4       81.4   13.7%  get_price: read row 1 where it stands
    5      297.9   50.0%  get_price: search the favourite and read row 1
           595.8  100.0%  TOTAL
  row 1 holds 1 and 1 stays behind, so there is nothing spare to take here.
  wheeled 1 notch(es) down the offers, from row 2 at (500, 312)
  row 1 offers 'Chaos Core' x1 at 719,315 (719,315/unit)

  buy from favourite slot 3: REFUSED
    #         ms   share  step
    1        0.3    0.0%  get_price: focus the game
    2      101.2   16.0%  get_price: _trade_window_open (OCR 1300x190)
    3      122.9   19.4%  get_price: purchase_tab_showing
    4       92.0   14.5%  get_price: read row 1 where it stands
    5      316.4   50.0%  get_price: search the favourite and read row 1
           632.8  100.0%  TOTAL
  row 1 holds 1 and 1 stays behind, so there is nothing spare to take here.
  wheeled 1 notch(es) down the offers, from row 2 at (500, 312)
  row 1 offers 'Chaos Core' x1 at 719,500 (719,500/unit)

  buy from favourite slot 3: REFUSED
    #         ms   share  step
    1        0.4    0.1%  get_price: focus the game
    2      103.7   16.7%  get_price: _trade_window_open (OCR 1300x190)
    3      119.7   19.3%  get_price: purchase_tab_showing
    4       86.1   13.9%  get_price: read row 1 where it stands
    5      309.9   50.0%  get_price: search the favourite and read row 1
           619.7  100.0%  TOTAL
  row 1 holds 1 and 1 stays behind, so there is nothing spare to take here.
  wheeled 1 notch(es) down the offers, from row 2 at (500, 312)
  10 step(s) down with nothing spare; this order takes the row it is on whole, and the next one leaves 1 behind again
  row 1 offers 'Chaos Core' x1 at 722,101 (722,101/unit)
    row 1 leaves 7,815 a core against the 5,000 wanted
    balance before 1,400,743,807, as the last order left it
    dialog: '¢ Chaos Core'  qty 1 of 1  price 722101
    952 core(s) wanted, 1 to a pack -> 952 pack(s); 1 available, taking 1
    the quantity field already reads 1; not retyping it
    ordering 1 pack(s) at 722,101; the spend will confirm what actually bought
    balance after  1,400,021,706; spent 722,101 bought 1 pack(s) = 1 core(s) (722,101 a core)

  buy from favourite slot 3: bought 1 core(s) in 1 order(s)
    #         ms   share  step
    1        0.3    0.0%  get_price: focus the game
    2      120.3    4.9%  get_price: _trade_window_open (OCR 1300x190)
    3      123.5    5.1%  get_price: purchase_tab_showing
    4      117.0    4.8%  get_price: read row 1 where it stands
    5      361.1   14.8%  get_price: search the favourite and read row 1
    6      367.6   15.1%  click the row at (500, 258)
    7      320.1   13.1%  click Buy at (828, 258)
    8       89.4    3.7%  await the Purchase dialog
    9      100.5    4.1%  read the dialog (item, price, qty, qty_max)
   10       85.2    3.5%  find the Buy button
   11      310.3   12.7%  click Buy
   12      250.7   10.3%  park
   13      104.7    4.3%  confirm the dialog is gone
   14       88.5    3.6%  read the balance after buying
          2438.9  100.0%  TOTAL
  48/141 Chaos Core held
  row 1 offers 'Chaos Core' x1 at 712,799 (712,799/unit)

  buy from favourite slot 3: REFUSED
    #         ms   share  step
    1        0.3    0.0%  get_price: focus the game
    2      116.3    2.7%  get_price: purchase_tab_showing
    3      113.4    2.6%  get_price: read row 1 before the search
    4      315.9    7.2%  get_price: click favourite slot 3
    5       48.6    1.1%  get_price: confirm the sort
    6     1591.0   36.4%  get_price: poll row 1 until it answers (88 look(s), 1 read(s))
    7     2186.1   50.0%  get_price: search the favourite and read row 1
          4371.6  100.0%  TOTAL
  row 1 holds 1 and 1 stays behind, so there is nothing spare to take here.
  wheeled 1 notch(es) down the offers, from row 2 at (500, 312)
  row 1 offers 'Chaos Core' x1 at 713,332 (713,332/unit)

  buy from favourite slot 3: REFUSED
    #         ms   share  step
    1        0.4    0.1%  get_price: focus the game
    2      103.1   16.8%  get_price: _trade_window_open (OCR 1300x190)
    3      118.7   19.3%  get_price: purchase_tab_showing
    4       85.0   13.8%  get_price: read row 1 where it stands
    5      307.2   50.0%  get_price: search the favourite and read row 1
           614.3  100.0%  TOTAL
  row 1 holds 1 and 1 stays behind, so there is nothing spare to take here.
  wheeled 1 notch(es) down the offers, from row 2 at (500, 312)
  row 1 offers 'Chaos Core' x1 at 713,851 (713,851/unit)

  buy from favourite slot 3: REFUSED
    #         ms   share  step
    1        0.4    0.1%  get_price: focus the game
    2      104.7   17.1%  get_price: _trade_window_open (OCR 1300x190)
    3      119.8   19.5%  get_price: purchase_tab_showing
    4       81.8   13.3%  get_price: read row 1 where it stands
    5      306.7   50.0%  get_price: search the favourite and read row 1
           613.3  100.0%  TOTAL
  row 1 holds 1 and 1 stays behind, so there is nothing spare to take here.
  wheeled 1 notch(es) down the offers, from row 2 at (500, 312)
  row 1 offers 'Chaos Core' x1 at 714,434 (714,434/unit)

  buy from favourite slot 3: REFUSED
    #         ms   share  step
    1        0.3    0.1%  get_price: focus the game
    2      111.1   17.5%  get_price: _trade_window_open (OCR 1300x190)
    3      120.7   19.0%  get_price: purchase_tab_showing
    4       86.2   13.5%  get_price: read row 1 where it stands
    5      318.3   50.0%  get_price: search the favourite and read row 1
           636.7  100.0%  TOTAL
  row 1 holds 1 and 1 stays behind, so there is nothing spare to take here.
  wheeled 1 notch(es) down the offers, from row 2 at (500, 312)
  row 1 offers 'Chaos Core' x1 at 716,939 (716,939/unit)

  buy from favourite slot 3: REFUSED
    #         ms   share  step
    1        0.6    0.1%  get_price: focus the game
    2      116.8   16.4%  get_price: _trade_window_open (OCR 1300x190)
    3      121.7   17.1%  get_price: purchase_tab_showing
    4      117.0   16.4%  get_price: read row 1 where it stands
    5      356.1   50.0%  get_price: search the favourite and read row 1
           712.2  100.0%  TOTAL
  row 1 holds 1 and 1 stays behind, so there is nothing spare to take here.
  wheeled 1 notch(es) down the offers, from row 2 at (500, 312)
  row 1 offers 'Chaos Core' x1 at 716,939 (716,939/unit)

  buy from favourite slot 3: REFUSED
    #         ms   share  step
    1        0.4    0.1%  get_price: focus the game
    2       97.7   16.0%  get_price: _trade_window_open (OCR 1300x190)
    3      122.6   20.0%  get_price: purchase_tab_showing
    4       85.4   13.9%  get_price: read row 1 where it stands
    5      306.1   50.0%  get_price: search the favourite and read row 1
           612.1  100.0%  TOTAL
  row 1 holds 1 and 1 stays behind, so there is nothing spare to take here.
  wheeled 1 notch(es) down the offers, from row 2 at (500, 312)
  row 1 offers 'Chaos Core' x1 at 716,939 (716,939/unit)

  buy from favourite slot 3: REFUSED
    #         ms   share  step
    1        0.4    0.1%  get_price: focus the game
    2      112.1   18.1%  get_price: _trade_window_open (OCR 1300x190)
    3      116.2   18.8%  get_price: purchase_tab_showing
    4       81.1   13.1%  get_price: read row 1 where it stands
    5      309.8   50.0%  get_price: search the favourite and read row 1
           619.6  100.0%  TOTAL
  row 1 holds 1 and 1 stays behind, so there is nothing spare to take here.
  wheeled 1 notch(es) down the offers, from row 2 at (500, 312)
  row 1 offers 'Chaos Core' x1 at 719,315 (719,315/unit)

  buy from favourite slot 3: REFUSED
    #         ms   share  step
    1        0.4    0.1%  get_price: focus the game
    2      121.7   18.8%  get_price: _trade_window_open (OCR 1300x190)
    3      118.5   18.3%  get_price: purchase_tab_showing
    4       82.2   12.7%  get_price: read row 1 where it stands
    5      322.9   50.0%  get_price: search the favourite and read row 1
           645.7  100.0%  TOTAL
  row 1 holds 1 and 1 stays behind, so there is nothing spare to take here.
  wheeled 1 notch(es) down the offers, from row 2 at (500, 312)
  row 1 offers 'Chaos Core' x1 at 719,315 (719,315/unit)

  buy from favourite slot 3: REFUSED
    #         ms   share  step
    1        0.3    0.1%  get_price: focus the game
    2       96.3   16.2%  get_price: _trade_window_open (OCR 1300x190)
    3      113.6   19.1%  get_price: purchase_tab_showing
    4       86.4   14.6%  get_price: read row 1 where it stands
    5      296.7   50.0%  get_price: search the favourite and read row 1
           593.4  100.0%  TOTAL
  row 1 holds 1 and 1 stays behind, so there is nothing spare to take here.
  wheeled 1 notch(es) down the offers, from row 2 at (500, 312)
  row 1 offers 'Chaos Core' x1 at 719,500 (719,500/unit)

  buy from favourite slot 3: REFUSED
    #         ms   share  step
    1        0.5    0.1%  get_price: focus the game
    2       96.4   15.9%  get_price: _trade_window_open (OCR 1300x190)
    3      116.7   19.3%  get_price: purchase_tab_showing
    4       88.7   14.7%  get_price: read row 1 where it stands
    5      302.3   50.0%  get_price: search the favourite and read row 1
           604.6  100.0%  TOTAL
  row 1 holds 1 and 1 stays behind, so there is nothing spare to take here.
  wheeled 1 notch(es) down the offers, from row 2 at (500, 312)
  10 step(s) down with nothing spare; this order takes the row it is on whole, and the next one leaves 1 behind again
  row 1 offers 'Chaos Core' x1 at 722,101 (722,101/unit)
    row 1 leaves 7,815 a core against the 5,000 wanted
    balance before 1,400,021,706, as the last order left it
  the server is not answering; idling 30s rather than reading a screen it cannot serve
  the server is answering again after 30s
  the server stalled; closing the shop rather than trusting what is on screen
  whatever the stall left in tab 4 is read from the screen before the next withdrawal
restoring the default state:
  no Trade window or vendor open; not pressing Escape
  I: Inventory closed

  buy from favourite slot 3: REFUSED
    #         ms   share  step
    1        0.3    0.0%  get_price: focus the game
    2      115.7    0.4%  get_price: _trade_window_open (OCR 1300x190)
    3      119.3    0.4%  get_price: purchase_tab_showing
    4       81.7    0.3%  get_price: read row 1 where it stands
    5      317.0    1.0%  get_price: search the favourite and read row 1
    6    31993.0   98.1%  click the row at (500, 258)
         32627.0  100.0%  TOTAL
  Chaos Core keeps its place at buy; the next pass carries on there
  the Agent Shop is shut and the vendor is not open either; reopening it
  Inventory shut: slot grid 0.13, needs 0.33
  the server stalled for 30s; nothing was clicked and the shop is shut. The pass starts again.

-- pass 2 --
  tab 4 read from the screen after the stall: 48 slot(s) held, [(1, 1), (1, 2), (1, 3), (1, 4), (1, 5), (1, 6), (1, 7), (1, 8), (2, 1), (2, 2), (2, 3), (2, 4), (2, 5), (2, 6), (2, 7), (2, 8), (3, 1), (3, 2), (3, 3), (3, 4), (3, 5), (3, 6), (3, 7), (3, 8), (4, 1), (4, 2), (4, 3), (4, 4), (4, 5), (4, 6), (4, 7), (4, 8), (5, 1), (5, 2), (5, 3), (5, 4), (5, 5), (5, 6), (5, 7), (5, 8), (6, 1), (6, 2), (6, 3), (6, 4), (6, 5), (6, 6), (6, 7), (6, 8)] new to the run

-- Chaos Core: carrying on at buy where it stopped; 48 bought, 0 listed --
TASK {"kind": "resupply", "core": "Chaos Core", "set": "Chaos Core Set", "slot": 3, "tab": 4, "resumed": "buy"}
  48/141 Chaos Core held
  row 1 offers 'Chaos Core' x1 at 712,799 (712,799/unit)

  buy from favourite slot 3: REFUSED
    #         ms   share  step
    1        0.3    0.0%  get_price: focus the game
    2      114.7    3.2%  get_price: purchase_tab_showing
    3      914.4   25.5%  get_price: click the Purchase tab + settle
    4      116.5    3.2%  get_price: is the Purchase tab showing
    5       33.1    0.9%  get_price: read row 1 before the search
    6      309.4    8.6%  get_price: click favourite slot 3
    7       49.3    1.4%  get_price: confirm the sort
    8      257.8    7.2%  get_price: poll row 1 until it answers (10 look(s), 1 read(s))
    9     1795.9   50.0%  get_price: search the favourite and read row 1
          3591.4  100.0%  TOTAL
  row 1 holds 1 and 1 stays behind, so there is nothing spare to take here.
  wheeled 1 notch(es) down the offers, from row 2 at (500, 312)
  row 1 offers 'Chaos Core' x1 at 713,332 (713,332/unit)

  buy from favourite slot 3: REFUSED
    #         ms   share  step
    1        0.4    0.1%  get_price: focus the game
    2      112.5   18.2%  get_price: _trade_window_open (OCR 1300x190)
    3      112.5   18.2%  get_price: purchase_tab_showing
    4       84.2   13.6%  get_price: read row 1 where it stands
    5      309.6   50.0%  get_price: search the favourite and read row 1
           619.2  100.0%  TOTAL
  row 1 holds 1 and 1 stays behind, so there is nothing spare to take here.
  wheeled 1 notch(es) down the offers, from row 2 at (500, 312)
  row 1 offers 'Chaos Core' x1 at 713,851 (713,851/unit)

  buy from favourite slot 3: REFUSED
    #         ms   share  step
    1        0.4    0.1%  get_price: focus the game
    2       96.3   16.0%  get_price: _trade_window_open (OCR 1300x190)
    3      118.7   19.7%  get_price: purchase_tab_showing
    4       85.4   14.2%  get_price: read row 1 where it stands
    5      300.8   50.0%  get_price: search the favourite and read row 1
           601.6  100.0%  TOTAL
  row 1 holds 1 and 1 stays behind, so there is nothing spare to take here.
  wheeled 1 notch(es) down the offers, from row 2 at (500, 312)
  row 1 offers 'Chaos Core' x1 at 714,434 (714,434/unit)

  buy from favourite slot 3: REFUSED
    #         ms   share  step
    1        0.3    0.1%  get_price: focus the game
    2       95.5   15.9%  get_price: _trade_window_open (OCR 1300x190)
    3      115.5   19.2%  get_price: purchase_tab_showing
    4       88.8   14.8%  get_price: read row 1 where it stands
    5      300.2   50.0%  get_price: search the favourite and read row 1
           600.4  100.0%  TOTAL
  row 1 holds 1 and 1 stays behind, so there is nothing spare to take here.
  wheeled 1 notch(es) down the offers, from row 2 at (500, 312)
  row 1 offers 'Chaos Core' x1 at 716,939 (716,939/unit)

  buy from favourite slot 3: REFUSED
    #         ms   share  step
    1        0.4    0.1%  get_price: focus the game
    2       97.3   15.8%  get_price: _trade_window_open (OCR 1300x190)
    3      120.7   19.6%  get_price: purchase_tab_showing
    4       89.7   14.6%  get_price: read row 1 where it stands
    5      308.1   50.0%  get_price: search the favourite and read row 1
           616.2  100.0%  TOTAL
  row 1 holds 1 and 1 stays behind, so there is nothing spare to take here.
  wheeled 1 notch(es) down the offers, from row 2 at (500, 312)
  row 1 offers 'Chaos Core' x1 at 716,939 (716,939/unit)

  buy from favourite slot 3: REFUSED
    #         ms   share  step
    1        0.3    0.0%  get_price: focus the game
    2      112.3   15.0%  get_price: _trade_window_open (OCR 1300x190)
    3      119.0   15.9%  get_price: purchase_tab_showing
    4      141.5   19.0%  get_price: read row 1 where it stands
    5      373.2   50.0%  get_price: search the favourite and read row 1
           746.4  100.0%  TOTAL
  row 1 holds 1 and 1 stays behind, so there is nothing spare to take here.
  wheeled 1 notch(es) down the offers, from row 2 at (500, 312)
  row 1 offers 'Chaos Core' x1 at 716,939 (716,939/unit)

  buy from favourite slot 3: REFUSED
    #         ms   share  step
    1        0.4    0.1%  get_price: focus the game
    2       98.9   16.4%  get_price: _trade_window_open (OCR 1300x190)
    3      117.4   19.4%  get_price: purchase_tab_showing
    4       85.1   14.1%  get_price: read row 1 where it stands
    5      301.8   50.0%  get_price: search the favourite and read row 1
           603.6  100.0%  TOTAL
  row 1 holds 1 and 1 stays behind, so there is nothing spare to take here.
  wheeled 1 notch(es) down the offers, from row 2 at (500, 312)
  row 1 offers 'Chaos Core' x1 at 719,315 (719,315/unit)

  buy from favourite slot 3: REFUSED
    #         ms   share  step
    1        0.4    0.1%  get_price: focus the game
    2       96.0   16.6%  get_price: _trade_window_open (OCR 1300x190)
    3      110.6   19.1%  get_price: purchase_tab_showing
    4       81.9   14.2%  get_price: read row 1 where it stands
    5      288.9   50.0%  get_price: search the favourite and read row 1
           577.7  100.0%  TOTAL
  row 1 holds 1 and 1 stays behind, so there is nothing spare to take here.
  wheeled 1 notch(es) down the offers, from row 2 at (500, 312)
  row 1 offers 'Chaos Core' x1 at 719,315 (719,315/unit)

  buy from favourite slot 3: REFUSED
    #         ms   share  step
    1        0.3    0.1%  get_price: focus the game
    2       98.9   16.9%  get_price: _trade_window_open (OCR 1300x190)
    3      112.7   19.3%  get_price: purchase_tab_showing
    4       80.4   13.8%  get_price: read row 1 where it stands
    5      292.4   50.0%  get_price: search the favourite and read row 1
           584.7  100.0%  TOTAL
  row 1 holds 1 and 1 stays behind, so there is nothing spare to take here.
  wheeled 1 notch(es) down the offers, from row 2 at (500, 312)
  row 1 offers 'Chaos Core' x1 at 719,500 (719,500/unit)

  buy from favourite slot 3: REFUSED
    #         ms   share  step
    1        0.4    0.1%  get_price: focus the game
    2      117.6   18.7%  get_price: _trade_window_open (OCR 1300x190)
    3      115.8   18.4%  get_price: purchase_tab_showing
    4       80.9   12.9%  get_price: read row 1 where it stands
    5      314.9   50.0%  get_price: search the favourite and read row 1
           629.7  100.0%  TOTAL
  row 1 holds 1 and 1 stays behind, so there is nothing spare to take here.
  wheeled 1 notch(es) down the offers, from row 2 at (500, 312)
  10 step(s) down with nothing spare; this order takes the row it is on whole, and the next one leaves 1 behind again
  row 1 offers 'Chaos Core' x1 at 722,101 (722,101/unit)
    row 1 leaves 7,815 a core against the 5,000 wanted
    balance before 1,400,021,706
    dialog: '¢ Chaos Core'  qty 1 of 1  price 722101
    951 core(s) wanted, 1 to a pack -> 951 pack(s); 1 available, taking 1
    the quantity field already reads 1; not retyping it
    ordering 1 pack(s) at 722,101; the spend will confirm what actually bought
    balance after  1,399,299,605; spent 722,101 bought 1 pack(s) = 1 core(s) (722,101 a core)

  buy from favourite slot 3: bought 1 core(s) in 1 order(s)
    #         ms   share  step
    1        0.3    0.0%  get_price: focus the game
    2       96.8    3.5%  get_price: _trade_window_open (OCR 1300x190)
    3      117.3    4.3%  get_price: purchase_tab_showing
    4       85.7    3.1%  get_price: read row 1 where it stands
    5      300.2   11.0%  get_price: search the favourite and read row 1
    6      316.7   11.6%  select inventory tab 4
    7       96.1    3.5%  read the balance before buying
    8      362.7   13.2%  click the row at (500, 258)
    9      314.0   11.5%  click Buy at (828, 258)
   10       90.4    3.3%  await the Purchase dialog
   11      107.4    3.9%  read the dialog (item, price, qty, qty_max)
   12       95.1    3.5%  find the Buy button
   13      315.5   11.5%  click Buy
   14      250.5    9.2%  park
   15       93.4    3.4%  confirm the dialog is gone
   16       95.2    3.5%  read the balance after buying
          2737.5  100.0%  TOTAL
  49/141 Chaos Core held
  row 1 offers 'Chaos Core' x1 at 712,799 (712,799/unit)

  buy from favourite slot 3: REFUSED
    #         ms   share  step
    1        0.3    0.0%  get_price: focus the game
    2      123.2    2.8%  get_price: purchase_tab_showing
    3       95.8    2.2%  get_price: read row 1 before the search
    4      318.6    7.3%  get_price: click favourite slot 3
    5       47.3    1.1%  get_price: confirm the sort
    6     1589.6   36.5%  get_price: poll row 1 until it answers (88 look(s), 1 read(s))
    7     2175.3   50.0%  get_price: search the favourite and read row 1
          4350.1  100.0%  TOTAL
  row 1 holds 1 and 1 stays behind, so there is nothing spare to take here.
  wheeled 1 notch(es) down the offers, from row 2 at (500, 312)
  row 1 offers 'Chaos Core' x1 at 713,332 (713,332/unit)

  buy from favourite slot 3: REFUSED
    #         ms   share  step
    1        0.3    0.1%  get_price: focus the game
    2      109.0   17.6%  get_price: _trade_window_open (OCR 1300x190)
    3      118.3   19.1%  get_price: purchase_tab_showing
    4       81.6   13.2%  get_price: read row 1 where it stands
    5      309.3   50.0%  get_price: search the favourite and read row 1
           618.6  100.0%  TOTAL
  row 1 holds 1 and 1 stays behind, so there is nothing spare to take here.
  wheeled 1 notch(es) down the offers, from row 2 at (500, 312)
  row 1 offers 'Chaos Core' x1 at 713,851 (713,851/unit)

  buy from favourite slot 3: REFUSED
    #         ms   share  step
    1        0.4    0.1%  get_price: focus the game
    2      113.3   18.3%  get_price: _trade_window_open (OCR 1300x190)
    3      116.9   18.9%  get_price: purchase_tab_showing
    4       79.0   12.8%  get_price: read row 1 where it stands
    5      309.7   50.0%  get_price: search the favourite and read row 1
           619.3  100.0%  TOTAL
  row 1 holds 1 and 1 stays behind, so there is nothing spare to take here.
  wheeled 1 notch(es) down the offers, from row 2 at (500, 312)
  row 1 offers 'Chaos Core' x1 at 714,434 (714,434/unit)

  buy from favourite slot 3: REFUSED
    #         ms   share  step
    1        0.5    0.1%  get_price: focus the game
    2      109.5   17.5%  get_price: _trade_window_open (OCR 1300x190)
    3      119.4   19.1%  get_price: purchase_tab_showing
    4       83.1   13.3%  get_price: read row 1 where it stands
    5      312.5   50.0%  get_price: search the favourite and read row 1
           624.9  100.0%  TOTAL
  row 1 holds 1 and 1 stays behind, so there is nothing spare to take here.
  wheeled 1 notch(es) down the offers, from row 2 at (500, 312)
  row 1 offers 'Chaos Core' x1 at 716,939 (716,939/unit)

  buy from favourite slot 3: REFUSED
    #         ms   share  step
    1        0.4    0.1%  get_price: focus the game
    2       96.5   16.3%  get_price: _trade_window_open (OCR 1300x190)
    3      115.4   19.6%  get_price: purchase_tab_showing
    4       82.9   14.0%  get_price: read row 1 where it stands
    5      295.2   50.0%  get_price: search the favourite and read row 1
           590.3  100.0%  TOTAL
  row 1 holds 1 and 1 stays behind, so there is nothing spare to take here.
  wheeled 1 notch(es) down the offers, from row 2 at (500, 312)
  row 1 offers 'Chaos Core' x1 at 716,939 (716,939/unit)

  buy from favourite slot 3: REFUSED
    #         ms   share  step
    1        0.3    0.0%  get_price: focus the game
    2      114.4   17.9%  get_price: _trade_window_open (OCR 1300x190)
    3      119.8   18.7%  get_price: purchase_tab_showing
    4       85.0   13.3%  get_price: read row 1 where it stands
    5      319.6   50.0%  get_price: search the favourite and read row 1
           639.2  100.0%  TOTAL
  row 1 holds 1 and 1 stays behind, so there is nothing spare to take here.
  wheeled 1 notch(es) down the offers, from row 2 at (500, 312)
  row 1 offers 'Chaos Core' x1 at 716,939 (716,939/unit)

  buy from favourite slot 3: REFUSED
    #         ms   share  step
    1        0.3    0.1%  get_price: focus the game
    2       99.3   16.0%  get_price: _trade_window_open (OCR 1300x190)
    3      120.1   19.4%  get_price: purchase_tab_showing
    4       90.4   14.6%  get_price: read row 1 where it stands
    5      310.1   50.0%  get_price: search the favourite and read row 1
           620.2  100.0%  TOTAL
  row 1 holds 1 and 1 stays behind, so there is nothing spare to take here.
  wheeled 1 notch(es) down the offers, from row 2 at (500, 312)
  row 1 offers 'Chaos Core' x1 at 719,315 (719,315/unit)

  buy from favourite slot 3: REFUSED
    #         ms   share  step
    1        0.4    0.1%  get_price: focus the game
    2       97.6   16.3%  get_price: _trade_window_open (OCR 1300x190)
    3      117.3   19.6%  get_price: purchase_tab_showing
    4       84.5   14.1%  get_price: read row 1 where it stands
    5      299.7   50.0%  get_price: search the favourite and read row 1
           599.4  100.0%  TOTAL
  row 1 holds 1 and 1 stays behind, so there is nothing spare to take here.
  wheeled 1 notch(es) down the offers, from row 2 at (500, 312)
  row 1 offers 'Chaos Core' x1 at 719,315 (719,315/unit)

  buy from favourite slot 3: REFUSED
    #         ms   share  step
    1        0.4    0.1%  get_price: focus the game
    2       96.7   15.9%  get_price: _trade_window_open (OCR 1300x190)
    3      118.1   19.4%  get_price: purchase_tab_showing
    4       88.8   14.6%  get_price: read row 1 where it stands
    5      303.9   50.0%  get_price: search the favourite and read row 1
           607.8  100.0%  TOTAL
  row 1 holds 1 and 1 stays behind, so there is nothing spare to take here.
  wheeled 1 notch(es) down the offers, from row 2 at (500, 312)
  row 1 offers 'Chaos Core' x1 at 719,500 (719,500/unit)

  buy from favourite slot 3: REFUSED
    #         ms   share  step
    1        0.3    0.0%  get_price: focus the game
    2      111.6   17.0%  get_price: _trade_window_open (OCR 1300x190)
    3      120.1   18.3%  get_price: purchase_tab_showing
    4       96.8   14.7%  get_price: read row 1 where it stands
    5      328.8   50.0%  get_price: search the favourite and read row 1
           657.6  100.0%  TOTAL
  row 1 holds 1 and 1 stays behind, so there is nothing spare to take here.
  wheeled 1 notch(es) down the offers, from row 2 at (500, 312)
  10 step(s) down with nothing spare; this order takes the row it is on whole, and the next one leaves 1 behind again
  row 1 offers 'Chaos Core' x35 at 722,101 (722,101/unit)
    row 1 leaves 7,815 a core against the 5,000 wanted
    balance before 1,399,299,605, as the last order left it
    dialog: '¢ Chaos Core'  qty 1 of 35  price 722101
    950 core(s) wanted, 1 to a pack -> 950 pack(s); 35 available, taking 35
    ordering 35 pack(s) at 25,273,535; the spend will confirm what actually bought
    balance after  1,374,026,070; spent 25,273,535 bought 35 pack(s) = 35 core(s) (722,101 a core)

  buy from favourite slot 3: bought 35 core(s) in 35 order(s)
    #         ms   share  step
    1        0.3    0.0%  get_price: focus the game
    2      106.4    2.9%  get_price: _trade_window_open (OCR 1300x190)
    3      120.4    3.3%  get_price: purchase_tab_showing
    4       86.4    2.4%  get_price: read row 1 where it stands
    5      313.6    8.6%  get_price: search the favourite and read row 1
    6      362.7    9.9%  click the row at (500, 258)
    7      311.8    8.5%  click Buy at (828, 258)
    8       88.0    2.4%  await the Purchase dialog
    9      100.4    2.8%  read the dialog (item, price, qty, qty_max)
   10     1329.2   36.4%  click the quantity field and type 35
   11       86.4    2.4%  find the Buy button
   12      310.2    8.5%  click Buy
   13      250.7    6.9%  park
   14       91.3    2.5%  confirm the dialog is gone
   15       90.6    2.5%  read the balance after buying
          3648.4  100.0%  TOTAL
  84/141 Chaos Core held
  row 1 offers 'Chaos Core' x1 at 714,434 (714,434/unit)

  buy from favourite slot 3: REFUSED
    #         ms   share  step
    1        0.3    0.0%  get_price: focus the game
    2      117.1    7.1%  get_price: purchase_tab_showing
    3       82.1    5.0%  get_price: read row 1 before the search
    4      311.9   19.0%  get_price: click favourite slot 3
    5        0.0    0.0%  get_price: confirm the sort
    6      309.7   18.9%  get_price: poll row 1 until it answers (11 look(s), 1 read(s))
    7      821.3   50.0%  get_price: search the favourite and read row 1
          1642.2  100.0%  TOTAL
  row 1 holds 1 and 1 stays behind, so there is nothing spare to take here.
  wheeled 1 notch(es) down the offers, from row 2 at (500, 312)
  row 1 offers 'Chaos Core' x1 at 716,939 (716,939/unit)

  buy from favourite slot 3: REFUSED
    #         ms   share  step
    1        0.3    0.1%  get_price: focus the game
    2       97.4   16.0%  get_price: _trade_window_open (OCR 1300x190)
    3      121.3   19.9%  get_price: purchase_tab_showing
    4       85.1   14.0%  get_price: read row 1 where it stands
    5      304.2   50.0%  get_price: search the favourite and read row 1
           608.4  100.0%  TOTAL
  row 1 holds 1 and 1 stays behind, so there is nothing spare to take here.
  wheeled 1 notch(es) down the offers, from row 2 at (500, 312)
  row 1 offers 'Chaos Core' x1 at 716,939 (716,939/unit)

  buy from favourite slot 3: REFUSED
    #         ms   share  step
    1        0.3    0.1%  get_price: focus the game
    2       98.1   16.4%  get_price: _trade_window_open (OCR 1300x190)
    3      118.6   19.8%  get_price: purchase_tab_showing
    4       83.0   13.8%  get_price: read row 1 where it stands
    5      300.2   50.0%  get_price: search the favourite and read row 1
           600.3  100.0%  TOTAL
  row 1 holds 1 and 1 stays behind, so there is nothing spare to take here.
  wheeled 1 notch(es) down the offers, from row 2 at (500, 312)
  row 1 offers 'Chaos Core' x1 at 716,939 (716,939/unit)

  buy from favourite slot 3: REFUSED
    #         ms   share  step
    1        0.3    0.1%  get_price: focus the game
    2       96.8   16.5%  get_price: _trade_window_open (OCR 1300x190)
    3      115.9   19.7%  get_price: purchase_tab_showing
    4       80.7   13.7%  get_price: read row 1 where it stands
    5      293.8   50.0%  get_price: search the favourite and read row 1
           587.7  100.0%  TOTAL
  row 1 holds 1 and 1 stays behind, so there is nothing spare to take here.
  wheeled 1 notch(es) down the offers, from row 2 at (500, 312)
  row 1 offers 'Chaos Core' x1 at 719,315 (719,315/unit)

  buy from favourite slot 3: REFUSED
    #         ms   share  step
    1        0.3    0.1%  get_price: focus the game
    2      101.0   16.7%  get_price: _trade_window_open (OCR 1300x190)
    3      120.8   20.0%  get_price: purchase_tab_showing
    4       80.4   13.3%  get_price: read row 1 where it stands
    5      302.5   50.0%  get_price: search the favourite and read row 1
           605.0  100.0%  TOTAL
  row 1 holds 1 and 1 stays behind, so there is nothing spare to take here.
  wheeled 1 notch(es) down the offers, from row 2 at (500, 312)
  row 1 offers 'Chaos Core' x1 at 719,315 (719,315/unit)

  buy from favourite slot 3: REFUSED
    #         ms   share  step
    1        0.3    0.1%  get_price: focus the game
    2       97.4   16.2%  get_price: _trade_window_open (OCR 1300x190)
    3      121.4   20.1%  get_price: purchase_tab_showing
    4       82.2   13.6%  get_price: read row 1 where it stands
    5      301.4   50.0%  get_price: search the favourite and read row 1
           602.8  100.0%  TOTAL
  row 1 holds 1 and 1 stays behind, so there is nothing spare to take here.
  wheeled 1 notch(es) down the offers, from row 2 at (500, 312)
  row 1 offers 'Chaos Core' x1 at 719,500 (719,500/unit)

  buy from favourite slot 3: REFUSED
    #         ms   share  step
    1        0.3    0.0%  get_price: focus the game
    2       95.6   15.4%  get_price: _trade_window_open (OCR 1300x190)
    3      118.8   19.1%  get_price: purchase_tab_showing
    4       96.6   15.5%  get_price: read row 1 where it stands
    5      311.3   50.0%  get_price: search the favourite and read row 1
           622.6  100.0%  TOTAL
  row 1 holds 1 and 1 stays behind, so there is nothing spare to take here.
  wheeled 1 notch(es) down the offers, from row 2 at (500, 312)
  row 1 offers 'Chaos Core' x1 at 722,101 (722,101/unit)

  buy from favourite slot 3: REFUSED
    #         ms   share  step
    1        0.4    0.1%  get_price: focus the game
    2       98.8   16.2%  get_price: _trade_window_open (OCR 1300x190)
    3      123.2   20.2%  get_price: purchase_tab_showing
    4       82.1   13.5%  get_price: read row 1 where it stands
    5      304.4   50.0%  get_price: search the favourite and read row 1
           608.8  100.0%  TOTAL
  row 1 holds 1 and 1 stays behind, so there is nothing spare to take here.
  wheeled 1 notch(es) down the offers, from row 2 at (500, 312)
  row 1 offers 'Chaos Core' x31 at 722,101 (722,101/unit)
    row 1 leaves 7,815 a core against the 5,000 wanted
    balance before 1,374,026,070, as the last order left it
    row 1 holds 31, 1 stays behind, so at most 30 comes off it
    dialog: '¢ Chaos Core'  qty 1 of 31  price 722101
    915 core(s) wanted, 1 to a pack -> 915 pack(s); 31 available, taking 30
    ordering 30 pack(s) at 21,663,030; the spend will confirm what actually bought
    balance after  1,352,363,040; spent 21,663,030 bought 30 pack(s) = 30 core(s) (722,101 a core)

  buy from favourite slot 3: bought 30 core(s) in 30 order(s)
    #         ms   share  step
    1        0.6    0.0%  get_price: focus the game
    2       97.6    2.7%  get_price: _trade_window_open (OCR 1300x190)
    3      125.2    3.4%  get_price: purchase_tab_showing
    4      106.1    2.9%  get_price: read row 1 where it stands
    5      329.5    8.9%  get_price: search the favourite and read row 1
    6      363.5    9.9%  click the row at (500, 258)
    7      313.7    8.5%  click Buy at (828, 258)
    8       89.0    2.4%  await the Purchase dialog
    9      102.0    2.8%  read the dialog (item, price, qty, qty_max)
   10     1325.4   36.0%  click the quantity field and type 30
   11       89.3    2.4%  find the Buy button
   12      308.3    8.4%  click Buy
   13      250.8    6.8%  park
   14       91.8    2.5%  confirm the dialog is gone
   15       90.0    2.4%  read the balance after buying
          3682.7  100.0%  TOTAL
  114/141 Chaos Core held
  row 1 offers 'Chaos Core' x1 at 714,434 (714,434/unit)

  buy from favourite slot 3: REFUSED
    #         ms   share  step
    1        0.2    0.0%  get_price: focus the game
    2      118.6    2.8%  get_price: purchase_tab_showing
    3      111.0    2.6%  get_price: read row 1 before the search
    4      315.5    7.3%  get_price: click favourite slot 3
    5       31.6    0.7%  get_price: confirm the sort
    6     1577.3   36.6%  get_price: poll row 1 until it answers (89 look(s), 1 read(s))
    7     2154.6   50.0%  get_price: search the favourite and read row 1
          4308.9  100.0%  TOTAL
  row 1 holds 1 and 1 stays behind, so there is nothing spare to take here.
  wheeled 1 notch(es) down the offers, from row 2 at (500, 312)
  row 1 offers 'Chaos Core' x1 at 716,939 (716,939/unit)

  buy from favourite slot 3: REFUSED
    #         ms   share  step
    1        0.3    0.0%  get_price: focus the game
    2      111.6   17.9%  get_price: _trade_window_open (OCR 1300x190)
    3      114.8   18.4%  get_price: purchase_tab_showing
    4       85.0   13.6%  get_price: read row 1 where it stands
    5      311.7   50.0%  get_price: search the favourite and read row 1
           623.4  100.0%  TOTAL
  row 1 holds 1 and 1 stays behind, so there is nothing spare to take here.
  wheeled 1 notch(es) down the offers, from row 2 at (500, 312)
  row 1 offers 'Chaos Core' x1 at 716,939 (716,939/unit)

  buy from favourite slot 3: REFUSED
    #         ms   share  step
    1        0.3    0.0%  get_price: focus the game
    2       97.3   14.8%  get_price: _trade_window_open (OCR 1300x190)
    3      116.8   17.8%  get_price: purchase_tab_showing
    4      114.5   17.4%  get_price: read row 1 where it stands
    5      328.9   50.0%  get_price: search the favourite and read row 1
           657.8  100.0%  TOTAL
  row 1 holds 1 and 1 stays behind, so there is nothing spare to take here.
  wheeled 1 notch(es) down the offers, from row 2 at (500, 312)
  row 1 offers 'Chaos Core' x1 at 716,939 (716,939/unit)

  buy from favourite slot 3: REFUSED
    #         ms   share  step
    1        0.3    0.1%  get_price: focus the game
    2      105.3   16.6%  get_price: _trade_window_open (OCR 1300x190)
    3      121.5   19.1%  get_price: purchase_tab_showing
    4       90.5   14.2%  get_price: read row 1 where it stands
    5      317.8   50.0%  get_price: search the favourite and read row 1
           635.5  100.0%  TOTAL
  row 1 holds 1 and 1 stays behind, so there is nothing spare to take here.
  wheeled 1 notch(es) down the offers, from row 2 at (500, 312)
  row 1 offers 'Chaos Core' x1 at 719,315 (719,315/unit)

  buy from favourite slot 3: REFUSED
    #         ms   share  step
    1        0.3    0.1%  get_price: focus the game
    2      107.2   17.4%  get_price: _trade_window_open (OCR 1300x190)
    3      120.3   19.6%  get_price: purchase_tab_showing
    4       79.7   13.0%  get_price: read row 1 where it stands
    5      307.5   50.0%  get_price: search the favourite and read row 1
           615.0  100.0%  TOTAL
  row 1 holds 1 and 1 stays behind, so there is nothing spare to take here.
  wheeled 1 notch(es) down the offers, from row 2 at (500, 312)
  row 1 offers 'Chaos Core' x1 at 719,315 (719,315/unit)

  buy from favourite slot 3: REFUSED
    #         ms   share  step
    1        0.3    0.1%  get_price: focus the game
    2       98.1   16.4%  get_price: _trade_window_open (OCR 1300x190)
    3      119.1   19.9%  get_price: purchase_tab_showing
    4       81.4   13.6%  get_price: read row 1 where it stands
    5      298.9   50.0%  get_price: search the favourite and read row 1
           597.7  100.0%  TOTAL
  row 1 holds 1 and 1 stays behind, so there is nothing spare to take here.
  wheeled 1 notch(es) down the offers, from row 2 at (500, 312)
  row 1 offers 'Chaos Core' x1 at 719,500 (719,500/unit)

  buy from favourite slot 3: REFUSED
    #         ms   share  step
    1        0.5    0.1%  get_price: focus the game
    2       99.8   15.3%  get_price: _trade_window_open (OCR 1300x190)
    3      120.0   18.4%  get_price: purchase_tab_showing
    4      105.1   16.2%  get_price: read row 1 where it stands
    5      325.4   50.0%  get_price: search the favourite and read row 1
           650.8  100.0%  TOTAL
  row 1 holds 1 and 1 stays behind, so there is nothing spare to take here.
  wheeled 1 notch(es) down the offers, from row 2 at (500, 312)
  row 1 offers 'Chaos Core' x250 at 722,101 (722,101/unit)
    row 1 leaves 7,815 a core against the 5,000 wanted
    balance before 1,352,363,040, as the last order left it
    row 1 holds 250, 1 stays behind, so at most 249 comes off it
    dialog: '¢ Chaos Core'  qty 1 of 250  price 722101
    885 core(s) wanted, 1 to a pack -> 885 pack(s); 250 available, taking 249
    ordering 249 pack(s) at 179,803,149; the spend will confirm what actually bought

  buy from favourite slot 3: REFUSED
    #         ms   share  step
    1        0.4    0.0%  get_price: focus the game
    2      113.4    1.7%  get_price: _trade_window_open (OCR 1300x190)
    3      120.1    1.8%  get_price: purchase_tab_showing
    4       88.2    1.3%  get_price: read row 1 where it stands
    5      322.2    4.8%  get_price: search the favourite and read row 1
    6      368.3    5.4%  click the row at (500, 258)
    7      312.8    4.6%  click Buy at (828, 258)
    8       88.5    1.3%  await the Purchase dialog
    9      105.2    1.6%  read the dialog (item, price, qty, qty_max)
   10     1398.0   20.6%  click the quantity field and type 249
   11       85.4    1.3%  find the Buy button
   12      312.1    4.6%  click Buy
   13      250.6    3.7%  park
   14       99.3    1.5%  confirm the dialog is gone
   15     3020.1   44.6%  read the balance after buying
   16       94.2    1.4%  read the balance once more before calling it unbought
          6778.9  100.0%  TOTAL
  attempt 1/3: the balance never moved from 1,352,363,040, on two reads, so nothing was bought: row 1 went while the order was being placed. Trying the board again.
  wheeled 1 notch(es) down the offers, from row 2 at (500, 312)
  row 1 offers 'Chaos Core' x1 at 722,101 (722,101/unit)

  buy from favourite slot 3: REFUSED
    #         ms   share  step
    1        0.4    0.1%  get_price: focus the game
    2       96.2   16.2%  get_price: _trade_window_open (OCR 1300x190)
    3      118.8   20.0%  get_price: purchase_tab_showing
    4       81.3   13.7%  get_price: read row 1 where it stands
    5      296.7   50.0%  get_price: search the favourite and read row 1
           593.4  100.0%  TOTAL
  row 1 holds 1 and 1 stays behind, so there is nothing spare to take here.
  wheeled 1 notch(es) down the offers, from row 2 at (500, 312)
  row 1 offers 'Chaos Core' x1 at 722,101 (722,101/unit)

  buy from favourite slot 3: REFUSED
    #         ms   share  step
    1        0.3    0.1%  get_price: focus the game
    2       97.2   16.4%  get_price: _trade_window_open (OCR 1300x190)
    3      120.3   20.2%  get_price: purchase_tab_showing
    4       79.4   13.4%  get_price: read row 1 where it stands
    5      297.3   50.0%  get_price: search the favourite and read row 1
           594.5  100.0%  TOTAL
  row 1 holds 1 and 1 stays behind, so there is nothing spare to take here.
  wheeled 1 notch(es) down the offers, from row 2 at (500, 312)
  10 step(s) down with nothing spare; this order takes the row it is on whole, and the next one leaves 1 behind again
  row 1 offers 'Chaos Core' x27 at 722,999 (722,999/unit)
    row 1 leaves 6,917 a core against the 5,000 wanted
    balance before 1,352,363,040
    dialog: '¢ Chaos Core'  qty 1 of 27  price 722999
    885 core(s) wanted, 1 to a pack -> 885 pack(s); 27 available, taking 27
    ordering 27 pack(s) at 19,520,973; the spend will confirm what actually bought
    balance after  1,332,842,067; spent 19,520,973 bought 27 pack(s) = 27 core(s) (722,999 a core)

  buy from favourite slot 3: bought 27 core(s) in 27 order(s)
    #         ms   share  step
    1        0.3    0.0%  get_price: focus the game
    2      116.1    2.8%  get_price: _trade_window_open (OCR 1300x190)
    3      118.8    2.9%  get_price: purchase_tab_showing
    4      114.1    2.8%  get_price: read row 1 where it stands
    5      349.5    8.5%  get_price: search the favourite and read row 1
    6      311.9    7.6%  select inventory tab 4
    7       94.5    2.3%  read the balance before buying
    8      360.5    8.7%  click the row at (500, 258)
    9      311.1    7.5%  click Buy at (828, 258)
   10       89.4    2.2%  await the Purchase dialog
   11       99.7    2.4%  read the dialog (item, price, qty, qty_max)
   12     1324.2   32.1%  click the quantity field and type 27
   13       86.6    2.1%  find the Buy button
   14      306.3    7.4%  click Buy
   15      250.9    6.1%  park
   16      100.4    2.4%  confirm the dialog is gone
   17       89.9    2.2%  read the balance after buying
          4124.4  100.0%  TOTAL
TASK {"kind": "resupply", "core": "Chaos Core", "set": "Chaos Core Set", "slot": 3, "tab": 4, "step": "craft", "holding": "Chaos Core", "qty": 141, "price": 0}
  Inventory shut; pressing I (attempt 1)
  right-clicking the craft key on tab 6 slot (1, 8) at (1871, 236) (attempt 1/3)
  opening the 2000-2999 tier at [90, 209]
  choosing Chaos Core Set x3 at [146, 268]
  141 Chaos Core(s) bought this pass, 3 to a craft
  Request All at [263, 730]
  waiting 15s for 141 core(s) (5s per 50, rounded up)
  Complete All at [872, 729]
  the Sets arrived in [(1, 1), (1, 2), (1, 3), (1, 4)]
  compressing tab 4 slot (1, 1) at (1479, 236)
  141 Chaos Core(s) went into the queue

  craft from 141 Chaos Core(s)
    #         ms   share  step
    1     2371.3   10.2%  open the craft window
    2     2431.3   10.5%  select the recipe
    3      310.7    1.3%  Request All
    4    15000.9   64.5%  wait for the queue
    5      914.0    3.9%  select inventory tab 4 before completing
    6       17.8    0.1%  read the slots before any Set arrives
    7      810.9    3.5%  Complete All
    8     1394.2    6.0%  compress the crafted Sets
         23251.0  100.0%  TOTAL
TASK {"kind": "resupply", "core": "Chaos Core", "set": "Chaos Core Set", "slot": 3, "tab": 4, "step": "list", "holding": "Chaos Core Set", "qty": 141, "price": 0}
  the Agent Shop is shut and the vendor is not open either; reopening it
  Inventory shut: slot grid 0.13, needs 0.33
  listing the Chaos Core Set compressed into (1, 1) from 141 Chaos Core(s)
  the board's cheapest is 729,916 a Set, and the panel scales that to whatever the bundle holds
  it cost 720,677 a Core, so no Set goes out under that
  inventory slot (1,1) at (1479, 236)
    read: current min 102,916,323, price field 102,916,323, net sales 102,916,323, week average 103,557,309, listed at unread
    the lowest listed price is 102,916,323, from the row and 2 more
  the panel prices the bundle at 102,916,323, 141 x 729,916; the floor is 101,615,457
    market 102,916,323, typing 102,916,322, 1 under the market
    net sales 102,916,322 is 1 x 102,916,322
  typed 250; the net sales make it 1
    the panel holds 102,916,322 against the 102,916,322 typed
  tab 4 read in 18 ms after the listing: 0 slot(s) held

  list 1 at 102,916,322
    #         ms   share  step
    1       17.8    0.3%  read the panel before loading
    2      808.0   15.0%  ctrl-click (1,1) attempt 1
    3      551.8   10.2%  read the suggested price
    4     1656.9   30.7%  type the price 102,916,322
    5      946.4   17.5%  type the quantity 250
    6      298.8    5.5%  take the quantity from the net sales
    7       92.6    1.7%  read the price back before Register
    8      313.0    5.8%  click Register
    9       95.2    1.8%  find Confirmation
   10       17.8    0.3%  look for the underprice question
   11      312.7    5.8%  click Confirmation
   12        0.5    0.0%  park
   13      106.2    2.0%  confirm the dialog is gone
   14      168.3    3.1%  wait for the panel to let the item go
   15       18.3    0.3%  read tab 4 after the listing
          5404.2  100.0%  TOTAL
  listed 1 at 102,916,322; it lands in row 6
    'Chaos Core Set' was bought at 720,677 a unit and listed against a verified 729,903; a row of it with no cost of its own is floored at 720,677 from now on
DONE {"kind": "resupply", "core": "Chaos Core", "bought": 141, "listed": 1, "rows": [6]}

  resupply Chaos Core: bought 141, 141 into the craft, listed 1 in rows [6]
    #          ms   share     n      each  phase
    1    32,313.6   13.2%     1  32,313.6  buy order 114
    2    23,271.0    9.5%     1  23,271.0  craft Chaos Core into Chaos Core Set
    3     6,764.2    2.8%     2   3,382.1  buy order 153
    4     5,573.9    2.3%    15     371.6  step down to the next offer (2)
    5     5,572.5    2.3%    15     371.5  step down to the next offer (1)
    6     5,571.2    2.3%    15     371.4  step down to the next offer (3)
    7     5,410.6    2.2%     1   5,410.6  list Chaos Core Set from (1, 1)
    8     5,203.3    2.1%    14     371.7  step down to the next offer (7)
    9     5,202.5    2.1%    14     371.6  step down to the next offer (8)
   10     5,201.6    2.1%    14     371.5  step down to the next offer (4)
   11     5,200.3    2.1%    14     371.4  step down to the next offer (5)
   12     5,199.7    2.1%    14     371.4  step down to the next offer (6)
   13     4,829.7    2.0%    13     371.5  step down to the next offer (10)
   14     4,829.1    2.0%    13     371.5  step down to the next offer (9)
   15     4,432.4    1.8%     1   4,432.4  reopen the Agent Shop
   16     3,798.9    1.6%     1   3,798.9  buy order 155
   17     3,731.2    1.5%     1   3,731.2  buy order 4
   18     3,376.2    1.4%     1   3,376.2  buy order 145
   19     3,354.7    1.4%     1   3,354.7  buy order 136
   20     3,312.4    1.4%     1   3,312.4  buy order 70
   21     3,309.7    1.4%     1   3,309.7  buy order 81
   22     3,284.5    1.3%     1   3,284.5  buy order 59
   23     2,452.3    1.0%     1   2,452.3  buy order 125
   24     2,276.4    0.9%     1   2,276.4  select the Register tab
   25     2,189.2    0.9%     1   2,189.2  buy order 104
   26     2,178.1    0.9%     1   2,178.1  buy order 126
   27     2,168.8    0.9%     1   2,168.8  buy order 49
   28     2,165.1    0.9%     1   2,165.1  buy order 71
   29     2,157.7    0.9%     1   2,157.7  buy order 146
   30     2,140.9    0.9%     1   2,140.9  buy order 93
   31     2,136.4    0.9%     1   2,136.4  buy order 82
   32     2,132.4    0.9%     1   2,132.4  buy order 60
   33     2,131.9    0.9%     1   2,131.9  buy order 5
   34     2,128.2    0.9%     1   2,128.2  buy order 38
   35     2,119.0    0.9%     1   2,119.0  buy order 16
   36     2,101.8    0.9%     1   2,101.8  buy order 103
   37     2,049.2    0.8%     1   2,049.2  buy order 37
   38     2,046.9    0.8%     1   2,046.9  buy order 15
   39     2,024.6    0.8%     1   2,024.6  buy order 48
   40     2,020.1    0.8%     1   2,020.1  buy order 26
   41     2,010.9    0.8%     1   2,010.9  buy order 92
   42     1,799.7    0.7%     1   1,799.7  buy order 115
   43     1,796.9    0.7%     1   1,796.9  price Force Core(Highest)
   44     1,373.7    0.6%     1   1,373.7  price Chaos Core Set
   45     1,340.0    0.5%     1   1,340.0  price Force Core Set (Highest)
   46     1,335.4    0.5%     1   1,335.4  price Upgrade Core Set (Ultimate)
   47     1,272.8    0.5%     1   1,272.8  price Chaos Core
   48     1,269.3    0.5%     1   1,269.3  close the Agent Shop
   49     1,218.5    0.5%     1   1,218.5  price Upgrade Core (Ultimate)
   50     1,135.8    0.5%     1   1,135.8  buy order 1
   51       907.6    0.4%     1     907.6  select inventory tab 4
   52       852.4    0.3%     1     852.4  buy order 27
   53       824.5    0.3%     1     824.5  buy order 137
   54       775.7    0.3%     1     775.7  close the craft window
   55       377.2    0.2%     1     377.2  buy order 120
   56       369.4    0.2%     1     369.4  buy order 13
   57       361.6    0.1%     1     361.6  buy order 24
   58       359.6    0.1%     1     359.6  buy order 108
   59       357.6    0.1%     1     357.6  buy order 29
   60       350.6    0.1%     1     350.6  buy order 7
   61       350.0    0.1%     1     350.0  buy order 39
   62       348.8    0.1%     1     348.8  buy order 22
   63       343.0    0.1%     1     343.0  buy order 76
   64       342.4    0.1%     1     342.4  buy order 62
   65       339.0    0.1%     1     339.0  buy order 32
   66       332.1    0.1%     1     332.1  buy order 135
   67       332.0    0.1%     1     332.0  buy order 148
   68       330.9    0.1%     1     330.9  buy order 85
   69       329.8    0.1%     1     329.8  buy order 90
   70       328.7    0.1%     1     328.7  buy order 152
   71       327.0    0.1%     1     327.0  buy order 11
   72       326.0    0.1%     1     326.0  buy order 111
   73       325.1    0.1%     1     325.1  buy order 95
   74       322.6    0.1%     1     322.6  buy order 131
   75       322.5    0.1%     1     322.5  buy order 43
   76       322.2    0.1%     1     322.2  buy order 107
   77       322.0    0.1%     1     322.0  buy order 73
   78       321.8    0.1%     1     321.8  buy order 75
   79       321.6    0.1%     1     321.6  buy order 149
   80       321.3    0.1%     1     321.3  buy order 25
   81       320.9    0.1%     1     320.9  buy order 98
   82       320.5    0.1%     1     320.5  buy order 84
   83       319.9    0.1%     1     319.9  buy order 57
   84       319.6    0.1%     1     319.6  buy order 101
   85       318.8    0.1%     1     318.8  buy order 96
   86       318.0    0.1%     1     318.0  buy order 40
   87       318.0    0.1%     1     318.0  buy order 17
   88       317.9    0.1%     1     317.9  buy order 124
   89       317.2    0.1%     1     317.2  buy order 47
   90       316.7    0.1%     1     316.7  buy order 23
   91       316.6    0.1%     1     316.6  buy order 88
   92       315.8    0.1%     1     315.8  buy order 129
   93       315.4    0.1%     1     315.4  buy order 45
   94       314.9    0.1%     1     314.9  buy order 143
   95       314.7    0.1%     1     314.7  buy order 41
   96       314.5    0.1%     1     314.5  buy order 147
   97       314.4    0.1%     1     314.4  buy order 53
   98       313.7    0.1%     1     313.7  buy order 132
   99       313.3    0.1%     1     313.3  buy order 87
  100       313.2    0.1%     1     313.2  buy order 127
  101       313.1    0.1%     1     313.1  buy order 116
  102       313.1    0.1%     1     313.1  buy order 110
  103       313.0    0.1%     1     313.0  buy order 102
  104       312.7    0.1%     1     312.7  buy order 128
  105       312.3    0.1%     1     312.3  buy order 31
  106       312.3    0.1%     1     312.3  buy order 2
  107       312.0    0.1%     1     312.0  buy order 99
  108       311.7    0.1%     1     311.7  buy order 6
  109       311.4    0.1%     1     311.4  buy order 77
  110       311.3    0.1%     1     311.3  buy order 119
  111       310.7    0.1%     1     310.7  buy order 105
  112       310.6    0.1%     1     310.6  buy order 150
  113       310.0    0.1%     1     310.0  buy order 106
  114       310.0    0.1%     1     310.0  buy order 69
  115       309.5    0.1%     1     309.5  buy order 54
  116       309.4    0.1%     1     309.4  buy order 42
  117       309.1    0.1%     1     309.1  buy order 109
  118       308.3    0.1%     1     308.3  buy order 91
  119       307.9    0.1%     1     307.9  buy order 8
  120       307.6    0.1%     1     307.6  buy order 144
  121       307.5    0.1%     1     307.5  buy order 74
  122       307.5    0.1%     1     307.5  buy order 10
  123       307.3    0.1%     1     307.3  buy order 138
  124       307.2    0.1%     1     307.2  buy order 94
  125       306.8    0.1%     1     306.8  buy order 134
  126       306.3    0.1%     1     306.3  buy order 63
  127       306.1    0.1%     1     306.1  buy order 36
  128       305.9    0.1%     1     305.9  buy order 121
  129       305.9    0.1%     1     305.9  buy order 66
  130       305.7    0.1%     1     305.7  buy order 113
  131       305.5    0.1%     1     305.5  buy order 141
  132       305.5    0.1%     1     305.5  buy order 89
  133       305.4    0.1%     1     305.4  buy order 67
  134       305.4    0.1%     1     305.4  buy order 58
  135       305.3    0.1%     1     305.3  buy order 68
  136       305.1    0.1%     1     305.1  buy order 35
  137       305.1    0.1%     1     305.1  buy order 19
  138       305.1    0.1%     1     305.1  buy order 64
  139       304.5    0.1%     1     304.5  buy order 34
  140       304.4    0.1%     1     304.4  buy order 142
  141       304.4    0.1%     1     304.4  buy order 61
  142       304.3    0.1%     1     304.3  buy order 55
  143       304.2    0.1%     1     304.2  buy order 117
  144       303.9    0.1%     1     303.9  buy order 20
  145       303.9    0.1%     1     303.9  buy order 86
  146       303.8    0.1%     1     303.8  buy order 65
  147       303.7    0.1%     1     303.7  buy order 118
  148       303.5    0.1%     1     303.5  buy order 3
  149       303.3    0.1%     1     303.3  buy order 21
  150       303.2    0.1%     1     303.2  buy order 133
  151       303.1    0.1%     1     303.1  buy order 139
  152       303.0    0.1%     1     303.0  buy order 30
  153       302.8    0.1%     1     302.8  buy order 14
  154       302.1    0.1%     1     302.1  buy order 44
  155       301.9    0.1%     1     301.9  buy order 83
  156       301.8    0.1%     1     301.8  buy order 151
  157       301.6    0.1%     1     301.6  buy order 46
  158       301.6    0.1%     1     301.6  buy order 52
  159       301.1    0.1%     1     301.1  buy order 100
  160       300.9    0.1%     1     300.9  buy order 12
  161       300.8    0.1%     1     300.8  buy order 9
  162       300.8    0.1%     1     300.8  buy order 78
  163       300.6    0.1%     1     300.6  buy order 28
  164       300.4    0.1%     1     300.4  buy order 154
  165       299.8    0.1%     1     299.8  buy order 112
  166       299.2    0.1%     1     299.2  buy order 33
  167       299.0    0.1%     1     299.0  buy order 97
  168       299.0    0.1%     1     299.0  buy order 51
  169       298.5    0.1%     1     298.5  buy order 130
  170       298.2    0.1%     1     298.2  buy order 80
  171       297.1    0.1%     1     297.1  buy order 140
  172       296.9    0.1%     1     296.9  buy order 72
  173       296.8    0.1%     1     296.8  buy order 18
  174       295.5    0.1%     1     295.5  buy order 123
  175       294.4    0.1%     1     294.4  buy order 79
  176       294.2    0.1%     1     294.2  buy order 56
  177       293.1    0.1%     1     293.1  buy order 50
  178       292.2    0.1%     1     292.2  buy order 122
        244,141.7  100.0%

  resupply order: Chaos Core, Force Core(High), Force Core(Highest), Upgrade Core (Ultimate), Force Core (Ultimate), Blessing Bead - Superior, Arionell

  counting only rows 1-30; rows outside it are not repriced and do not count; 14 row(s) free
  core                            rows     buy/u    sell/u    margin  wants   short?
  Force Core(Highest)                0   193,000   197,609     4,609      0   
  Chaos Core                         4   714,434   729,905    15,471      8   YES
  Force Core (Ultimate)              3         -         -         -      -   holds the most it can want, 3; not priced
  Force Core(High)                   3         -         -         -      -   holds the most it can want, 3; not priced
  Upgrade Core (Ultimate)            1   415,583   455,987    40,404      3   YES
  Alz 1,332,842,067 held covers 1,865 Chaos Core at 714,434; buying what it covers

-- Chaos Core: 4 row(s) --
  14 row(s) free inside 1-30
  Chaos Core Set 729,905 - Chaos Core 714,434 = 15,471
  a margin of 15,471 lets Chaos Core be bought, and at 714,434 a core the price table wants 8 row(s); 4 held
  buy_min 150 rolled to 145 (+/-15); buying 147 in whole batches of 3
  1 stays behind on every row bought; an order 10 step(s) down with nothing spare takes the row it is on whole, and the next order leaves 1 behind again; each order prices the favourite afresh, then wheels down, up to 30 step(s)
  every order takes all of the row it lands on, up to 999 held, and the orders stop once 147 is held
TASK {"kind": "resupply", "core": "Chaos Core", "set": "Chaos Core Set", "slot": 3, "tab": 4}
  0/147 Chaos Core held
  row 1 offers 'Chaos Core' x1 at 714,434 (714,434/unit)

  buy from favourite slot 3: REFUSED
    #         ms   share  step
    1        0.3    0.0%  get_price: focus the game
    2      116.8    4.9%  get_price: purchase_tab_showing
    3      112.3    4.7%  get_price: read row 1 before the search
    4      343.3   14.5%  get_price: wait out the gap since the last search
    5      307.4   13.0%  get_price: click favourite slot 3
    6       26.9    1.1%  get_price: confirm the sort
    7      277.1   11.7%  get_price: poll row 1 until it answers (11 look(s), 1 read(s))
    8     1184.6   50.0%  get_price: search the favourite and read row 1
          2368.7  100.0%  TOTAL
  row 1 holds 1 and 1 stays behind, so there is nothing spare to take here.
  wheeled 1 notch(es) down the offers, from row 2 at (500, 312)
  row 1 offers 'Chaos Core' x1 at 716,939 (716,939/unit)

  buy from favourite slot 3: REFUSED
    #         ms   share  step
    1        0.4    0.1%  get_price: focus the game
    2      112.0   17.3%  get_price: _trade_window_open (OCR 1300x190)
    3      121.3   18.8%  get_price: purchase_tab_showing
    4       89.4   13.8%  get_price: read row 1 where it stands
    5      323.1   50.0%  get_price: search the favourite and read row 1
           646.2  100.0%  TOTAL
  row 1 holds 1 and 1 stays behind, so there is nothing spare to take here.
  wheeled 1 notch(es) down the offers, from row 2 at (500, 312)
  row 1 offers 'Chaos Core' x1 at 716,939 (716,939/unit)

  buy from favourite slot 3: REFUSED
    #         ms   share  step
    1        0.4    0.1%  get_price: focus the game
    2       99.3   16.7%  get_price: _trade_window_open (OCR 1300x190)
    3      113.7   19.1%  get_price: purchase_tab_showing
    4       83.6   14.1%  get_price: read row 1 where it stands
    5      297.0   50.0%  get_price: search the favourite and read row 1
           593.9  100.0%  TOTAL
  row 1 holds 1 and 1 stays behind, so there is nothing spare to take here.
  wheeled 1 notch(es) down the offers, from row 2 at (500, 312)
  row 1 offers 'Chaos Core' x1 at 716,939 (716,939/unit)

  buy from favourite slot 3: REFUSED
    #         ms   share  step
    1        0.3    0.1%  get_price: focus the game
    2       98.6   16.4%  get_price: _trade_window_open (OCR 1300x190)
    3      116.9   19.4%  get_price: purchase_tab_showing
    4       85.3   14.2%  get_price: read row 1 where it stands
    5      301.2   50.0%  get_price: search the favourite and read row 1
           602.3  100.0%  TOTAL
  row 1 holds 1 and 1 stays behind, so there is nothing spare to take here.
  wheeled 1 notch(es) down the offers, from row 2 at (500, 312)
  row 1 offers 'Chaos Core' x1 at 719,315 (719,315/unit)

  buy from favourite slot 3: REFUSED
    #         ms   share  step
    1        0.4    0.1%  get_price: focus the game
    2       97.2   16.1%  get_price: _trade_window_open (OCR 1300x190)
    3      117.5   19.4%  get_price: purchase_tab_showing
    4       87.6   14.5%  get_price: read row 1 where it stands
    5      302.7   50.0%  get_price: search the favourite and read row 1
           605.3  100.0%  TOTAL
  row 1 holds 1 and 1 stays behind, so there is nothing spare to take here.
  wheeled 1 notch(es) down the offers, from row 2 at (500, 312)
  row 1 offers 'Chaos Core' x1 at 719,315 (719,315/unit)

  buy from favourite slot 3: REFUSED
    #         ms   share  step
    1        0.3    0.1%  get_price: focus the game
    2       99.3   16.0%  get_price: _trade_window_open (OCR 1300x190)
    3      119.4   19.2%  get_price: purchase_tab_showing
    4       92.1   14.8%  get_price: read row 1 where it stands
    5      311.2   50.0%  get_price: search the favourite and read row 1
           622.4  100.0%  TOTAL
  row 1 holds 1 and 1 stays behind, so there is nothing spare to take here.
  wheeled 1 notch(es) down the offers, from row 2 at (500, 312)
  row 1 offers 'Chaos Core' x1 at 719,500 (719,500/unit)

  buy from favourite slot 3: REFUSED
    #         ms   share  step
    1        0.4    0.1%  get_price: focus the game
    2       98.3   16.3%  get_price: _trade_window_open (OCR 1300x190)
    3      119.8   19.8%  get_price: purchase_tab_showing
    4       83.6   13.8%  get_price: read row 1 where it stands
    5      302.1   50.0%  get_price: search the favourite and read row 1
           604.2  100.0%  TOTAL
  row 1 holds 1 and 1 stays behind, so there is nothing spare to take here.
  wheeled 1 notch(es) down the offers, from row 2 at (500, 312)
  row 1 offers 'Chaos Core' x197 at 722,101 (722,101/unit)
    row 1 leaves 7,804 a core against the 5,000 wanted
    balance before 1,332,842,067
    row 1 holds 197, 1 stays behind, so at most 196 comes off it
    dialog: '¢ Chaos Core'  qty 1 of 197  price 722101
    999 core(s) wanted, 1 to a pack -> 999 pack(s); 197 available, taking 196
    ordering 196 pack(s) at 141,531,796; the spend will confirm what actually bought
    balance after  1,191,310,271; spent 141,531,796 bought 196 pack(s) = 196 core(s) (722,101 a core)

  buy from favourite slot 3: bought 196 core(s) in 196 order(s)
    #         ms   share  step
    1        0.3    0.0%  get_price: focus the game
    2      100.5    2.2%  get_price: _trade_window_open (OCR 1300x190)
    3      120.9    2.6%  get_price: purchase_tab_showing
    4       87.3    1.9%  get_price: read row 1 where it stands
    5      309.1    6.8%  get_price: search the favourite and read row 1
    6      315.4    6.9%  select inventory tab 4
    7       94.0    2.1%  read the balance before buying
    8      363.6    8.0%  click the row at (500, 258)
    9      313.6    6.9%  click Buy at (828, 258)
   10       87.8    1.9%  await the Purchase dialog
   11       99.5    2.2%  read the dialog (item, price, qty, qty_max)
   12     1395.7   30.5%  click the quantity field and type 196
   13       86.3    1.9%  find the Buy button
   14      311.0    6.8%  click Buy
   15      250.5    5.5%  park
   16      105.1    2.3%  confirm the dialog is gone
   17      531.8   11.6%  read the balance after buying
          4572.5  100.0%  TOTAL
  196 Chaos Core is 2 short of a whole batch of 3; topping up whatever the margin says, because a remainder crafts into nothing
  row 1 offers 'Chaos Core' x1 at 716,939 (716,939/unit)

  buy from favourite slot 3: REFUSED
    #         ms   share  step
    1        0.3    0.0%  get_price: focus the game
    2      116.2    7.1%  get_price: purchase_tab_showing
    3      102.5    6.2%  get_price: read row 1 before the search
    4      315.6   19.2%  get_price: click favourite slot 3
    5        9.8    0.6%  get_price: confirm the sort
    6      278.5   16.9%  get_price: poll row 1 until it answers (10 look(s), 1 read(s))
    7      823.4   50.0%  get_price: search the favourite and read row 1
          1646.3  100.0%  TOTAL
  row 1 holds 1 and 1 stays behind, so there is nothing spare to take here.
  wheeled 1 notch(es) down the offers, from row 2 at (500, 312)
  row 1 offers 'Chaos Core' x1 at 716,939 (716,939/unit)

  buy from favourite slot 3: REFUSED
    #         ms   share  step
    1        0.3    0.1%  get_price: focus the game
    2      102.2   16.9%  get_price: _trade_window_open (OCR 1300x190)
    3      117.7   19.5%  get_price: purchase_tab_showing
    4       81.9   13.6%  get_price: read row 1 where it stands
    5      302.1   50.0%  get_price: search the favourite and read row 1
           604.2  100.0%  TOTAL
  row 1 holds 1 and 1 stays behind, so there is nothing spare to take here.
  wheeled 1 notch(es) down the offers, from row 2 at (500, 312)
  row 1 offers 'Chaos Core' x1 at 716,939 (716,939/unit)

  buy from favourite slot 3: REFUSED
    #         ms   share  step
    1        0.4    0.1%  get_price: focus the game
    2       99.5   16.4%  get_price: _trade_window_open (OCR 1300x190)
    3      119.7   19.7%  get_price: purchase_tab_showing
    4       84.3   13.9%  get_price: read row 1 where it stands
    5      303.9   50.0%  get_price: search the favourite and read row 1
           607.8  100.0%  TOTAL
  row 1 holds 1 and 1 stays behind, so there is nothing spare to take here.
  wheeled 1 notch(es) down the offers, from row 2 at (500, 312)
  row 1 offers 'Chaos Core' x1 at 719,315 (719,315/unit)

  buy from favourite slot 3: REFUSED
    #         ms   share  step
    1        0.3    0.1%  get_price: focus the game
    2      100.0   16.6%  get_price: _trade_window_open (OCR 1300x190)
    3      120.2   19.9%  get_price: purchase_tab_showing
    4       81.3   13.5%  get_price: read row 1 where it stands
    5      301.8   50.0%  get_price: search the favourite and read row 1
           603.6  100.0%  TOTAL
  row 1 holds 1 and 1 stays behind, so there is nothing spare to take here.
  wheeled 1 notch(es) down the offers, from row 2 at (500, 312)
  row 1 offers 'Chaos Core' x1 at 719,315 (719,315/unit)

  buy from favourite slot 3: REFUSED
    #         ms   share  step
    1        0.3    0.0%  get_price: focus the game
    2       97.7   15.3%  get_price: _trade_window_open (OCR 1300x190)
    3      112.5   17.6%  get_price: purchase_tab_showing
    4      108.5   17.0%  get_price: read row 1 where it stands
    5      319.0   50.0%  get_price: search the favourite and read row 1
           638.0  100.0%  TOTAL
  row 1 holds 1 and 1 stays behind, so there is nothing spare to take here.
  wheeled 1 notch(es) down the offers, from row 2 at (500, 312)
  row 1 offers 'Chaos Core' x1 at 719,500 (719,500/unit)

  buy from favourite slot 3: REFUSED
    #         ms   share  step
    1        0.3    0.1%  get_price: focus the game
    2       99.8   16.2%  get_price: _trade_window_open (OCR 1300x190)
    3      122.4   19.8%  get_price: purchase_tab_showing
    4       86.1   13.9%  get_price: read row 1 where it stands
    5      308.7   50.0%  get_price: search the favourite and read row 1
           617.3  100.0%  TOTAL
  row 1 holds 1 and 1 stays behind, so there is nothing spare to take here.
  wheeled 1 notch(es) down the offers, from row 2 at (500, 312)
  row 1 offers 'Chaos Core' x250 at 722,101 (722,101/unit)
    balance before 1,191,310,271, as the last order left it
    row 1 holds 250, 1 stays behind, so at most 249 comes off it
    dialog: '¢ Chaos Core'  qty 1 of 195  price 722101
    the dialog allows at most 195 of the row's 250
    2 core(s) wanted, 1 to a pack -> 2 pack(s); 195 available, taking 2
    ordering 2 pack(s) at 1,444,202; the spend will confirm what actually bought
    balance after  1,189,866,069; spent 1,444,202 bought 2 pack(s) = 2 core(s) (722,101 a core)

  buy from favourite slot 3: bought 2 core(s) in 2 order(s)
    #         ms   share  step
    1        0.3    0.0%  get_price: focus the game
    2       99.3    2.8%  get_price: _trade_window_open (OCR 1300x190)
    3      117.4    3.3%  get_price: purchase_tab_showing
    4       95.7    2.7%  get_price: read row 1 where it stands
    5      312.8    8.7%  get_price: search the favourite and read row 1
    6      361.9   10.0%  click the row at (500, 258)
    7      313.2    8.7%  click Buy at (828, 258)
    8       90.1    2.5%  await the Purchase dialog
    9      123.8    3.4%  read the dialog (item, price, qty, qty_max)
   10     1255.7   34.8%  click the quantity field and type 2
   11       85.7    2.4%  find the Buy button
   12      307.6    8.5%  click Buy
   13      250.5    6.9%  park
   14      100.3    2.8%  confirm the dialog is gone
   15       90.4    2.5%  read the balance after buying
          3604.8  100.0%  TOTAL
TASK {"kind": "resupply", "core": "Chaos Core", "set": "Chaos Core Set", "slot": 3, "tab": 4, "step": "craft", "holding": "Chaos Core", "qty": 198, "price": 0}
  Inventory shut; pressing I (attempt 1)
  right-clicking the craft key on tab 6 slot (1, 8) at (1871, 236) (attempt 1/3)
  opening the 2000-2999 tier at [90, 209]
  choosing Chaos Core Set x3 at [146, 268]
  198 Chaos Core(s) bought this pass, 3 to a craft
  Request All at [263, 730]
  waiting 20s for 198 core(s) (5s per 50, rounded up)
  Complete All at [872, 729]
  the Sets arrived in [(1, 1), (1, 2), (1, 3), (1, 4)]
  compressing tab 4 slot (1, 1) at (1479, 236)
  198 Chaos Core(s) went into the queue

  craft from 198 Chaos Core(s)
    #         ms   share  step
    1     2408.9    8.5%  open the craft window
    2     2435.4    8.6%  select the recipe
    3      307.3    1.1%  Request All
    4    20000.9   70.7%  wait for the queue
    5      914.1    3.2%  select inventory tab 4 before completing
    6       17.7    0.1%  read the slots before any Set arrives
    7      807.9    2.9%  Complete All
    8     1394.6    4.9%  compress the crafted Sets
         28286.8  100.0%  TOTAL
TASK {"kind": "resupply", "core": "Chaos Core", "set": "Chaos Core Set", "slot": 3, "tab": 4, "step": "list", "holding": "Chaos Core Set", "qty": 198, "price": 0}
  the Agent Shop is shut and the vendor is not open either; reopening it
  Inventory shut: slot grid 0.14, needs 0.33
  listing the Chaos Core Set compressed into (1, 1) from 198 Chaos Core(s)
  the board's cheapest is 729,905 a Set, and the panel scales that to whatever the bundle holds
  it cost 722,101 a Core, so no Set goes out under that
  inventory slot (1,1) at (1479, 236)
    read: current min 144,520,596, price field 144,520,596, net sales 144,520,596, week average 145,420,902, listed at unread
    the lowest listed price is 144,520,596, from the row and 2 more
  the panel prices the bundle at 144,520,596, 198 x 729,905; the floor is 142,975,998
    market 144,520,596, typing 144,520,595, 1 under the market
    net sales 144,520,595 is 1 x 144,520,595
  typed 250; the net sales make it 1
    the panel holds 144,520,595 against the 144,520,595 typed
  tab 4 read in 17 ms after the listing: 0 slot(s) held

  list 1 at 144,520,595
    #         ms   share  step
    1       18.0    0.3%  read the panel before loading
    2      808.2   14.9%  ctrl-click (1,1) attempt 1
    3      555.4   10.3%  read the suggested price
    4     1660.0   30.7%  type the price 144,520,595
    5      944.9   17.5%  type the quantity 250
    6      297.4    5.5%  take the quantity from the net sales
    7       92.3    1.7%  read the price back before Register
    8      308.4    5.7%  click Register
    9       95.6    1.8%  find Confirmation
   10       17.8    0.3%  look for the underprice question
   11      308.0    5.7%  click Confirmation
   12        0.4    0.0%  park
   13      111.0    2.1%  confirm the dialog is gone
   14      172.3    3.2%  wait for the panel to let the item go
   15       17.3    0.3%  read tab 4 after the listing
          5407.0  100.0%  TOTAL
  listed 1 at 144,520,595; it lands in row 17
    'Chaos Core Set' was bought at 722,101 a unit and listed against a verified 729,902; a row of it with no cost of its own is floored at 722,101 from now on
DONE {"kind": "resupply", "core": "Chaos Core", "bought": 198, "listed": 1, "rows": [17]}

  resupply Chaos Core: bought 198, 198 into the craft, listed 1 in rows [17]
    #          ms   share     n      each  phase
    1    51,576.2   16.4%     2  25,788.1  craft Chaos Core into Chaos Core Set
    2    32,313.6   10.3%     1  32,313.6  buy order 114
    3    10,825.0    3.5%     2   5,412.5  list Chaos Core Set from (1, 1)
    4     8,838.4    2.8%     2   4,419.2  reopen the Agent Shop
    5     6,764.2    2.2%     2   3,382.1  buy order 153
    6     6,316.4    2.0%    17     371.6  step down to the next offer (2)
    7     6,315.7    2.0%    17     371.5  step down to the next offer (1)
    8     6,314.7    2.0%    17     371.5  step down to the next offer (3)
    9     5,944.8    1.9%    16     371.6  step down to the next offer (4)
   10     5,943.5    1.9%    16     371.5  step down to the next offer (5)
   11     5,942.5    1.9%    16     371.4  step down to the next offer (6)
   12     5,574.7    1.8%    15     371.6  step down to the next offer (7)
   13     5,362.7    1.7%     2   2,681.3  buy order 15
   14     5,202.5    1.7%    14     371.6  step down to the next offer (8)
   15     4,829.7    1.5%    13     371.5  step down to the next offer (10)
   16     4,829.1    1.5%    13     371.5  step down to the next offer (9)
   17     4,587.1    1.5%     2   2,293.5  buy order 8
   18     4,534.2    1.4%     2   2,267.1  select the Register tab
   19     4,035.3    1.3%     2   2,017.7  buy order 4
   20     3,798.9    1.2%     1   3,798.9  buy order 155
   21     3,566.6    1.1%     2   1,783.3  price Force Core(Highest)
   22     3,376.2    1.1%     1   3,376.2  buy order 145
   23     3,354.7    1.1%     1   3,354.7  buy order 136
   24     3,312.4    1.1%     1   3,312.4  buy order 70
   25     3,309.7    1.1%     1   3,309.7  buy order 81
   26     3,284.5    1.0%     1   3,284.5  buy order 59
   27     2,739.4    0.9%     2   1,369.7  price Force Core Set (Highest)
   28     2,672.4    0.9%     2   1,336.2  price Chaos Core Set
   29     2,649.5    0.8%     2   1,324.7  price Upgrade Core Set (Ultimate)
   30     2,547.4    0.8%     2   1,273.7  close the Agent Shop
   31     2,512.8    0.8%     2   1,256.4  price Chaos Core
   32     2,497.5    0.8%     2   1,248.7  price Upgrade Core (Ultimate)
   33     2,452.3    0.8%     1   2,452.3  buy order 125
   34     2,437.5    0.8%     2   1,218.7  buy order 5
   35     2,324.1    0.7%     2   1,162.0  buy order 1
   36     2,189.2    0.7%     1   2,189.2  buy order 104
   37     2,178.1    0.7%     1   2,178.1  buy order 126
   38     2,168.8    0.7%     1   2,168.8  buy order 49
   39     2,165.1    0.7%     1   2,165.1  buy order 71
   40     2,157.7    0.7%     1   2,157.7  buy order 146
   41     2,140.9    0.7%     1   2,140.9  buy order 93
   42     2,136.4    0.7%     1   2,136.4  buy order 82
   43     2,132.4    0.7%     1   2,132.4  buy order 60
   44     2,128.2    0.7%     1   2,128.2  buy order 38
   45     2,119.0    0.7%     1   2,119.0  buy order 16
   46     2,101.8    0.7%     1   2,101.8  buy order 103
   47     2,049.2    0.7%     1   2,049.2  buy order 37
   48     2,024.6    0.6%     1   2,024.6  buy order 48
   49     2,020.1    0.6%     1   2,020.1  buy order 26
   50     2,010.9    0.6%     1   2,010.9  buy order 92
   51     1,815.3    0.6%     2     907.6  select inventory tab 4
   52     1,799.7    0.6%     1   1,799.7  buy order 115
   53     1,555.5    0.5%     2     777.8  close the craft window
   54     1,127.3    0.4%     2     563.7  buy order 9
   55       852.4    0.3%     1     852.4  buy order 27
   56       824.5    0.3%     1     824.5  buy order 137
   57       691.8    0.2%     2     345.9  buy order 13
   58       656.6    0.2%     2     328.3  buy order 7
   59       638.7    0.2%     2     319.3  buy order 2
   60       634.2    0.2%     2     317.1  buy order 11
   61       626.1    0.2%     2     313.1  buy order 6
   62       614.6    0.2%     2     307.3  buy order 14
   63       612.5    0.2%     2     306.3  buy order 10
   64       605.6    0.2%     2     302.8  buy order 12
   65       603.6    0.2%     2     301.8  buy order 3
   66       377.2    0.1%     1     377.2  buy order 120
   67       361.6    0.1%     1     361.6  buy order 24
   68       359.6    0.1%     1     359.6  buy order 108
   69       357.6    0.1%     1     357.6  buy order 29
   70       350.0    0.1%     1     350.0  buy order 39
   71       348.8    0.1%     1     348.8  buy order 22
   72       343.0    0.1%     1     343.0  buy order 76
   73       342.4    0.1%     1     342.4  buy order 62
   74       339.0    0.1%     1     339.0  buy order 32
   75       332.1    0.1%     1     332.1  buy order 135
   76       332.0    0.1%     1     332.0  buy order 148
   77       330.9    0.1%     1     330.9  buy order 85
   78       329.8    0.1%     1     329.8  buy order 90
   79       328.7    0.1%     1     328.7  buy order 152
   80       326.0    0.1%     1     326.0  buy order 111
   81       325.1    0.1%     1     325.1  buy order 95
   82       322.6    0.1%     1     322.6  buy order 131
   83       322.5    0.1%     1     322.5  buy order 43
   84       322.2    0.1%     1     322.2  buy order 107
   85       322.0    0.1%     1     322.0  buy order 73
   86       321.8    0.1%     1     321.8  buy order 75
   87       321.6    0.1%     1     321.6  buy order 149
   88       321.3    0.1%     1     321.3  buy order 25
   89       320.9    0.1%     1     320.9  buy order 98
   90       320.5    0.1%     1     320.5  buy order 84
   91       319.9    0.1%     1     319.9  buy order 57
   92       319.6    0.1%     1     319.6  buy order 101
   93       318.8    0.1%     1     318.8  buy order 96
   94       318.0    0.1%     1     318.0  buy order 40
   95       318.0    0.1%     1     318.0  buy order 17
   96       317.9    0.1%     1     317.9  buy order 124
   97       317.2    0.1%     1     317.2  buy order 47
   98       316.7    0.1%     1     316.7  buy order 23
   99       316.6    0.1%     1     316.6  buy order 88
  100       315.8    0.1%     1     315.8  buy order 129
  101       315.4    0.1%     1     315.4  buy order 45
  102       314.9    0.1%     1     314.9  buy order 143
  103       314.7    0.1%     1     314.7  buy order 41
  104       314.5    0.1%     1     314.5  buy order 147
  105       314.4    0.1%     1     314.4  buy order 53
  106       313.7    0.1%     1     313.7  buy order 132
  107       313.3    0.1%     1     313.3  buy order 87
  108       313.2    0.1%     1     313.2  buy order 127
  109       313.1    0.1%     1     313.1  buy order 116
  110       313.1    0.1%     1     313.1  buy order 110
  111       313.0    0.1%     1     313.0  buy order 102
  112       312.7    0.1%     1     312.7  buy order 128
  113       312.3    0.1%     1     312.3  buy order 31
  114       312.0    0.1%     1     312.0  buy order 99
  115       311.4    0.1%     1     311.4  buy order 77
  116       311.3    0.1%     1     311.3  buy order 119
  117       310.7    0.1%     1     310.7  buy order 105
  118       310.6    0.1%     1     310.6  buy order 150
  119       310.0    0.1%     1     310.0  buy order 106
  120       310.0    0.1%     1     310.0  buy order 69
  121       309.5    0.1%     1     309.5  buy order 54
  122       309.4    0.1%     1     309.4  buy order 42
  123       309.1    0.1%     1     309.1  buy order 109
  124       308.3    0.1%     1     308.3  buy order 91
  125       307.6    0.1%     1     307.6  buy order 144
  126       307.5    0.1%     1     307.5  buy order 74
  127       307.3    0.1%     1     307.3  buy order 138
  128       307.2    0.1%     1     307.2  buy order 94
  129       306.8    0.1%     1     306.8  buy order 134
  130       306.3    0.1%     1     306.3  buy order 63
  131       306.1    0.1%     1     306.1  buy order 36
  132       305.9    0.1%     1     305.9  buy order 121
  133       305.9    0.1%     1     305.9  buy order 66
  134       305.7    0.1%     1     305.7  buy order 113
  135       305.5    0.1%     1     305.5  buy order 141
  136       305.5    0.1%     1     305.5  buy order 89
  137       305.4    0.1%     1     305.4  buy order 67
  138       305.4    0.1%     1     305.4  buy order 58
  139       305.3    0.1%     1     305.3  buy order 68
  140       305.1    0.1%     1     305.1  buy order 35
  141       305.1    0.1%     1     305.1  buy order 19
  142       305.1    0.1%     1     305.1  buy order 64
  143       304.5    0.1%     1     304.5  buy order 34
  144       304.4    0.1%     1     304.4  buy order 142
  145       304.4    0.1%     1     304.4  buy order 61
  146       304.3    0.1%     1     304.3  buy order 55
  147       304.2    0.1%     1     304.2  buy order 117
  148       303.9    0.1%     1     303.9  buy order 20
  149       303.9    0.1%     1     303.9  buy order 86
  150       303.8    0.1%     1     303.8  buy order 65
  151       303.7    0.1%     1     303.7  buy order 118
  152       303.3    0.1%     1     303.3  buy order 21
  153       303.2    0.1%     1     303.2  buy order 133
  154       303.1    0.1%     1     303.1  buy order 139
  155       303.0    0.1%     1     303.0  buy order 30
  156       302.1    0.1%     1     302.1  buy order 44
  157       301.9    0.1%     1     301.9  buy order 83
  158       301.8    0.1%     1     301.8  buy order 151
  159       301.6    0.1%     1     301.6  buy order 46
  160       301.6    0.1%     1     301.6  buy order 52
  161       301.1    0.1%     1     301.1  buy order 100
  162       300.8    0.1%     1     300.8  buy order 78
  163       300.6    0.1%     1     300.6  buy order 28
  164       300.4    0.1%     1     300.4  buy order 154
  165       299.8    0.1%     1     299.8  buy order 112
  166       299.2    0.1%     1     299.2  buy order 33
  167       299.0    0.1%     1     299.0  buy order 97
  168       299.0    0.1%     1     299.0  buy order 51
  169       298.5    0.1%     1     298.5  buy order 130
  170       298.2    0.1%     1     298.2  buy order 80
  171       297.1    0.1%     1     297.1  buy order 140
  172       296.9    0.1%     1     296.9  buy order 72
  173       296.8    0.1%     1     296.8  buy order 18
  174       295.5    0.1%     1     295.5  buy order 123
  175       294.4    0.1%     1     294.4  buy order 79
  176       294.2    0.1%     1     294.2  buy order 56
  177       293.1    0.1%     1     293.1  buy order 50
  178       292.2    0.1%     1     292.2  buy order 122
        313,639.2  100.0%
  Chaos Core: that one averaged 722,101 a core, a margin of 7,804, which the price table makes 6 row(s)
  Chaos Core: 5 of 6 row(s) after that one
  Alz 1,189,866,069 held covers 1,665 Chaos Core at 714,434; buying what it covers

-- Chaos Core: 5 row(s) --
  13 row(s) free inside 1-30
  Chaos Core Set 729,901 - Chaos Core 722,101 = 7,800
  a margin of 7,800 lets Chaos Core be bought, and at 722,101 a core the price table wants 6 row(s); 5 held
  buy_min 150 rolled to 137 (+/-15); buying 138 in whole batches of 3
  1 stays behind on every row bought; an order 10 step(s) down with nothing spare takes the row it is on whole, and the next order leaves 1 behind again; each order prices the favourite afresh, then wheels down, up to 30 step(s)
  every order takes all of the row it lands on, up to 999 held, and the orders stop once 138 is held
TASK {"kind": "resupply", "core": "Chaos Core", "set": "Chaos Core Set", "slot": 3, "tab": 4}
  0/138 Chaos Core held
  row 1 offers 'Chaos Core' x38 at 722,101 (722,101/unit)
    row 1 leaves 7,800 a core against the 5,000 wanted
    balance before 1,189,866,069
    row 1 holds 38, 1 stays behind, so at most 37 comes off it
    dialog: '¢ Chaos Core'  qty 1 of 38  price 722101
    999 core(s) wanted, 1 to a pack -> 999 pack(s); 38 available, taking 37
    ordering 37 pack(s) at 26,717,737; the spend will confirm what actually bought
    balance after  1,163,148,332; spent 26,717,737 bought 37 pack(s) = 37 core(s) (722,101 a core)

  buy from favourite slot 3: bought 37 core(s) in 37 order(s)
    #         ms   share  step
    1        0.4    0.0%  get_price: focus the game
    2      148.2    2.5%  get_price: purchase_tab_showing
    3      132.7    2.2%  get_price: read row 1 before the search
    4      395.3    6.6%  get_price: wait out the gap since the last search
    5      312.6    5.2%  get_price: click favourite slot 3
    6       27.8    0.5%  get_price: confirm the sort
    7      267.5    4.5%  get_price: poll row 1 until it answers (11 look(s), 1 read(s))
    8     1284.8   21.4%  get_price: search the favourite and read row 1
    9      314.0    5.2%  select inventory tab 4
   10       94.5    1.6%  read the balance before buying
   11      359.2    6.0%  click the row at (500, 258)
   12      312.5    5.2%  click Buy at (828, 258)
   13       87.4    1.5%  await the Purchase dialog
   14      102.1    1.7%  read the dialog (item, price, qty, qty_max)
   15     1322.2   22.0%  click the quantity field and type 37
   16       87.0    1.4%  find the Buy button
   17      309.4    5.1%  click Buy
   18      250.5    4.2%  park
   19      106.9    1.8%  confirm the dialog is gone
   20       93.1    1.5%  read the balance after buying
          6008.3  100.0%  TOTAL
  37/138 Chaos Core held
  row 1 offers 'Chaos Core' x1 at 722,101 (722,101/unit)

  buy from favourite slot 3: REFUSED
    #         ms   share  step
    1        0.4    0.0%  get_price: focus the game
    2      118.0    2.7%  get_price: purchase_tab_showing
    3      116.6    2.7%  get_price: read row 1 before the search
    4      311.0    7.2%  get_price: click favourite slot 3
    5       31.2    0.7%  get_price: confirm the sort
    6     1578.3   36.6%  get_price: poll row 1 until it answers (89 look(s), 1 read(s))
    7     2155.8   50.0%  get_price: search the favourite and read row 1
          4311.3  100.0%  TOTAL
  row 1 holds 1 and 1 stays behind, so there is nothing spare to take here.
  wheeled 1 notch(es) down the offers, from row 2 at (500, 312)
  row 1 offers 'Chaos Core' x12 at 722,101 (722,101/unit)
    row 1 leaves 7,800 a core against the 5,000 wanted
    balance before 1,163,148,332, as the last order left it
    row 1 holds 12, 1 stays behind, so at most 11 comes off it
    dialog: '¢ Chaos Core'  qty 1 of 12  price 722101
    962 core(s) wanted, 1 to a pack -> 962 pack(s); 12 available, taking 11
    ordering 11 pack(s) at 7,943,111; the spend will confirm what actually bought
    balance after  1,155,205,221; spent 7,943,111 bought 11 pack(s) = 11 core(s) (722,101 a core)

  buy from favourite slot 3: bought 11 core(s) in 11 order(s)
    #         ms   share  step
    1        0.4    0.0%  get_price: focus the game
    2       96.3    2.7%  get_price: _trade_window_open (OCR 1300x190)
    3      119.1    3.3%  get_price: purchase_tab_showing
    4       84.3    2.3%  get_price: read row 1 where it stands
    5      300.2    8.3%  get_price: search the favourite and read row 1
    6      363.8   10.0%  click the row at (500, 258)
    7      311.6    8.6%  click Buy at (828, 258)
    8       89.0    2.5%  await the Purchase dialog
    9      106.2    2.9%  read the dialog (item, price, qty, qty_max)
   10     1325.0   36.5%  click the quantity field and type 11
   11       87.2    2.4%  find the Buy button
   12      310.6    8.6%  click Buy
   13      250.8    6.9%  park
   14       95.0    2.6%  confirm the dialog is gone
   15       91.1    2.5%  read the balance after buying
          3630.6  100.0%  TOTAL
  48/138 Chaos Core held
  row 1 offers 'Chaos Core' x1 at 722,101 (722,101/unit)

  buy from favourite slot 3: REFUSED
    #         ms   share  step
    1        0.4    0.0%  get_price: focus the game
    2      119.5    2.8%  get_price: purchase_tab_showing
    3       83.3    1.9%  get_price: read row 1 before the search
    4      310.8    7.3%  get_price: click favourite slot 3
    5       38.0    0.9%  get_price: confirm the sort
    6     1590.1   37.1%  get_price: poll row 1 until it answers (89 look(s), 1 read(s))
    7     2142.4   50.0%  get_price: search the favourite and read row 1
          4284.4  100.0%  TOTAL
  row 1 holds 1 and 1 stays behind, so there is nothing spare to take here.
  wheeled 1 notch(es) down the offers, from row 2 at (500, 312)
  row 1 offers 'Chaos Core' x1 at 722,101 (722,101/unit)

  buy from favourite slot 3: REFUSED
    #         ms   share  step
    1        0.3    0.1%  get_price: focus the game
    2      101.0   16.6%  get_price: _trade_window_open (OCR 1300x190)
    3      118.2   19.4%  get_price: purchase_tab_showing
    4       85.6   14.0%  get_price: read row 1 where it stands
    5      305.2   50.0%  get_price: search the favourite and read row 1
           610.3  100.0%  TOTAL
  row 1 holds 1 and 1 stays behind, so there is nothing spare to take here.
  wheeled 1 notch(es) down the offers, from row 2 at (500, 312)
  row 1 offers 'Chaos Core' x1 at 722,101 (722,101/unit)

  buy from favourite slot 3: REFUSED
    #         ms   share  step
    1        0.5    0.1%  get_price: focus the game
    2       98.4   15.2%  get_price: _trade_window_open (OCR 1300x190)
    3      113.1   17.5%  get_price: purchase_tab_showing
    4      111.9   17.3%  get_price: read row 1 where it stands
    5      323.9   50.0%  get_price: search the favourite and read row 1
           647.8  100.0%  TOTAL
  row 1 holds 1 and 1 stays behind, so there is nothing spare to take here.
  wheeled 1 notch(es) down the offers, from row 2 at (500, 312)
  row 1 offers 'Chaos Core' x1 at 722,101 (722,101/unit)

  buy from favourite slot 3: REFUSED
    #         ms   share  step
    1        0.3    0.1%  get_price: focus the game
    2       96.9   16.2%  get_price: _trade_window_open (OCR 1300x190)
    3      117.5   19.6%  get_price: purchase_tab_showing
    4       84.5   14.1%  get_price: read row 1 where it stands
    5      299.3   50.0%  get_price: search the favourite and read row 1
           598.5  100.0%  TOTAL
  row 1 holds 1 and 1 stays behind, so there is nothing spare to take here.
  wheeled 1 notch(es) down the offers, from row 2 at (500, 312)
  row 1 offers 'Chaos Core' x82 at 723,999 (723,999/unit)
    row 1 leaves 5,902 a core against the 5,000 wanted
    balance before 1,155,205,221, as the last order left it
    row 1 holds 82, 1 stays behind, so at most 81 comes off it
    dialog: '¢ Chaos Core'  qty 1 of 82  price 723999
    951 core(s) wanted, 1 to a pack -> 951 pack(s); 82 available, taking 81
    ordering 81 pack(s) at 58,643,919; the spend will confirm what actually bought
    balance after  1,096,561,302; spent 58,643,919 bought 81 pack(s) = 81 core(s) (723,999 a core)

  buy from favourite slot 3: bought 81 core(s) in 81 order(s)
    #         ms   share  step
    1        0.3    0.0%  get_price: focus the game
    2      106.6    2.9%  get_price: _trade_window_open (OCR 1300x190)
    3      118.9    3.2%  get_price: purchase_tab_showing
    4       81.5    2.2%  get_price: read row 1 where it stands
    5      307.4    8.3%  get_price: search the favourite and read row 1
    6      365.1    9.8%  click the row at (500, 258)
    7      312.4    8.4%  click Buy at (828, 258)
    8       90.1    2.4%  await the Purchase dialog
    9       99.0    2.7%  read the dialog (item, price, qty, qty_max)
   10     1323.4   35.6%  click the quantity field and type 81
   11       87.0    2.3%  find the Buy button
   12      307.1    8.3%  click Buy
   13      250.9    6.8%  park
   14       86.2    2.3%  confirm the dialog is gone
   15      178.8    4.8%  read the balance after buying
          3714.7  100.0%  TOTAL
  129/138 Chaos Core held
  row 1 offers 'Chaos Core' x1 at 722,101 (722,101/unit)

  buy from favourite slot 3: REFUSED
    #         ms   share  step
    1        0.3    0.0%  get_price: focus the game
    2      119.4    2.8%  get_price: purchase_tab_showing
    3       85.5    2.0%  get_price: read row 1 before the search
    4      313.1    7.4%  get_price: click favourite slot 3
    5       29.2    0.7%  get_price: confirm the sort
    6     1576.6   37.1%  get_price: poll row 1 until it answers (89 look(s), 1 read(s))
    7     2124.5   50.0%  get_price: search the favourite and read row 1
          4248.5  100.0%  TOTAL
  row 1 holds 1 and 1 stays behind, so there is nothing spare to take here.
  wheeled 1 notch(es) down the offers, from row 2 at (500, 312)
  row 1 offers 'Chaos Core' x1 at 722,101 (722,101/unit)

  buy from favourite slot 3: REFUSED
    #         ms   share  step
    1        0.4    0.1%  get_price: focus the game
    2      109.6   17.7%  get_price: _trade_window_open (OCR 1300x190)
    3      118.6   19.2%  get_price: purchase_tab_showing
    4       80.5   13.0%  get_price: read row 1 where it stands
    5      309.1   50.0%  get_price: search the favourite and read row 1
           618.1  100.0%  TOTAL
  row 1 holds 1 and 1 stays behind, so there is nothing spare to take here.
  wheeled 1 notch(es) down the offers, from row 2 at (500, 312)
  row 1 offers 'Chaos Core' x1 at 722,101 (722,101/unit)

  buy from favourite slot 3: REFUSED
    #         ms   share  step
    1        0.3    0.1%  get_price: focus the game
    2       97.6   16.1%  get_price: _trade_window_open (OCR 1300x190)
    3      120.7   19.9%  get_price: purchase_tab_showing
    4       85.2   14.0%  get_price: read row 1 where it stands
    5      303.8   50.0%  get_price: search the favourite and read row 1
           607.5  100.0%  TOTAL
  row 1 holds 1 and 1 stays behind, so there is nothing spare to take here.
  wheeled 1 notch(es) down the offers, from row 2 at (500, 312)
  row 1 offers 'Chaos Core' x1 at 723,999 (723,999/unit)

  buy from favourite slot 3: REFUSED
    #         ms   share  step
    1        0.3    0.1%  get_price: focus the game
    2       97.5   14.7%  get_price: _trade_window_open (OCR 1300x190)
    3      117.2   17.7%  get_price: purchase_tab_showing
    4      115.8   17.5%  get_price: read row 1 where it stands
    5      330.9   50.0%  get_price: search the favourite and read row 1
           661.8  100.0%  TOTAL
  row 1 holds 1 and 1 stays behind, so there is nothing spare to take here.
  wheeled 1 notch(es) down the offers, from row 2 at (500, 312)
  row 1 offers 'Chaos Core' x250 at 723,999 (723,999/unit)
    row 1 leaves 5,902 a core against the 5,000 wanted
    balance before 1,096,561,302, as the last order left it
    row 1 holds 250, 1 stays behind, so at most 249 comes off it
    dialog: '¢ Chaos Core'  qty 1 of 250  price 723999
    870 core(s) wanted, 1 to a pack -> 870 pack(s); 250 available, taking 249
    ordering 249 pack(s) at 180,275,751; the spend will confirm what actually bought
    balance after  916,285,551; spent 180,275,751 bought 249 pack(s) = 249 core(s) (723,999 a core)

  buy from favourite slot 3: bought 249 core(s) in 249 order(s)
    #         ms   share  step
    1        0.3    0.0%  get_price: focus the game
    2       98.5    2.3%  get_price: _trade_window_open (OCR 1300x190)
    3      117.2    2.8%  get_price: purchase_tab_showing
    4       81.8    1.9%  get_price: read row 1 where it stands
    5      297.9    7.1%  get_price: search the favourite and read row 1
    6      364.1    8.6%  click the row at (500, 258)
    7      311.3    7.4%  click Buy at (828, 258)
    8       88.3    2.1%  await the Purchase dialog
    9       99.0    2.4%  read the dialog (item, price, qty, qty_max)
   10     1393.1   33.1%  click the quantity field and type 249
   11       86.3    2.0%  find the Buy button
   12      306.4    7.3%  click Buy
   13      250.6    6.0%  park
   14       99.3    2.4%  confirm the dialog is gone
   15      616.8   14.6%  read the balance after buying
          4210.9  100.0%  TOTAL
TASK {"kind": "resupply", "core": "Chaos Core", "set": "Chaos Core Set", "slot": 3, "tab": 4, "step": "craft", "holding": "Chaos Core", "qty": 378, "price": 0}
  Inventory shut; pressing I (attempt 1)
  right-clicking the craft key on tab 6 slot (1, 8) at (1871, 236) (attempt 1/3)
  opening the 2000-2999 tier at [90, 209]
  choosing Chaos Core Set x3 at [146, 268]
  378 Chaos Core(s) bought this pass, 3 to a craft
  Request All at [263, 730]
  waiting 40s for 378 core(s) (5s per 50, rounded up)
  Complete All at [872, 729]
  the Sets arrived in [(1, 1), (1, 2), (1, 3), (1, 4)]
  compressing tab 4 slot (1, 1) at (1479, 236)
  378 Chaos Core(s) went into the queue

  craft from 378 Chaos Core(s)
    #         ms   share  step
    1     2413.0    5.0%  open the craft window
    2     2433.0    5.0%  select the recipe
    3      312.7    0.6%  Request All
    4    40000.6   82.8%  wait for the queue
    5      912.9    1.9%  select inventory tab 4 before completing
    6       19.0    0.0%  read the slots before any Set arrives
    7      812.8    1.7%  Complete All
    8     1392.7    2.9%  compress the crafted Sets
         48296.6  100.0%  TOTAL
TASK {"kind": "resupply", "core": "Chaos Core", "set": "Chaos Core Set", "slot": 3, "tab": 4, "step": "list", "holding": "Chaos Core Set", "qty": 378, "price": 0}
  the Agent Shop is shut and the vendor is not open either; reopening it
  Inventory shut: slot grid 0.13, needs 0.33
  listing the Chaos Core Set compressed into (1, 1) from 378 Chaos Core(s)
  the board's cheapest is 729,901 a Set, and the panel scales that to whatever the bundle holds
  it cost 723,758 a Core, so no Set goes out under that
  inventory slot (1,1) at (1479, 236)
    read: current min 275,901,822, price field 275,901,822, net sales 275,901,822, week average 277,621,722, listed at unread
    the lowest listed price is 275,901,822, from the row and 2 more
  the panel prices the bundle at 275,901,822, 378 x 729,901; the floor is 273,580,524
    market 275,901,822, typing 275,901,821, 1 under the market
    net sales 275,901,821 is 1 x 275,901,821
  typed 250; the net sales make it 1
    the panel holds 275,901,821 against the 275,901,821 typed
  tab 4 read in 18 ms after the listing: 0 slot(s) held

  list 1 at 275,901,821
    #         ms   share  step
    1       17.7    0.3%  read the panel before loading
    2      808.4   15.0%  ctrl-click (1,1) attempt 1
    3      551.0   10.2%  read the suggested price
    4     1656.6   30.7%  type the price 275,901,821
    5      948.0   17.6%  type the quantity 250
    6      298.9    5.5%  take the quantity from the net sales
    7       90.5    1.7%  read the price back before Register
    8      309.9    5.7%  click Register
    9       92.0    1.7%  find Confirmation
   10       17.3    0.3%  look for the underprice question
   11      310.9    5.8%  click Confirmation
   12        0.4    0.0%  park
   13      111.1    2.1%  confirm the dialog is gone
   14      168.6    3.1%  wait for the panel to let the item go
   15       17.7    0.3%  read tab 4 after the listing
          5398.9  100.0%  TOTAL
  listed 1 at 275,901,821; it lands in row 18
    'Chaos Core Set' was bought at 723,758 a unit and listed against a verified 729,899; a row of it with no cost of its own is floored at 723,758 from now on
DONE {"kind": "resupply", "core": "Chaos Core", "bought": 378, "listed": 1, "rows": [18]}

  resupply Chaos Core: bought 378, 378 into the craft, listed 1 in rows [18]
    #          ms   share     n      each  phase
    1    99,893.1   24.5%     3  33,297.7  craft Chaos Core into Chaos Core Set
    2    32,313.6    7.9%     1  32,313.6  buy order 114
    3    16,230.7    4.0%     3   5,410.2  list Chaos Core Set from (1, 1)
    4    13,250.6    3.3%     3   4,416.9  reopen the Agent Shop
    5     8,017.9    2.0%     3   2,672.6  buy order 8
    6     7,429.6    1.8%    20     371.5  step down to the next offer (1)
    7     7,073.3    1.7%     3   2,357.8  buy order 1
    8     7,059.3    1.7%    19     371.5  step down to the next offer (2)
    9     7,057.2    1.7%    19     371.4  step down to the next offer (3)
   10     6,805.6    1.7%     3   2,268.5  select the Register tab
   11     6,764.2    1.7%     2   3,382.1  buy order 153
   12     6,688.1    1.6%    18     371.6  step down to the next offer (4)
   13     6,181.4    1.5%     3   2,060.5  buy order 4
   14     5,943.5    1.5%    16     371.5  step down to the next offer (5)
   15     5,942.5    1.5%    16     371.4  step down to the next offer (6)
   16     5,574.7    1.4%    15     371.6  step down to the next offer (7)
   17     5,362.7    1.3%     2   2,681.3  buy order 15
   18     5,202.5    1.3%    14     371.6  step down to the next offer (8)
   19     4,829.7    1.2%    13     371.5  step down to the next offer (10)
   20     4,829.1    1.2%    13     371.5  step down to the next offer (9)
   21     4,625.2    1.1%     3   1,541.7  buy order 13
   22     4,294.1    1.1%     3   1,431.4  price Chaos Core
   23     4,001.1    1.0%     3   1,333.7  price Chaos Core Set
   24     3,958.6    1.0%     3   1,319.5  buy order 3
   25     3,823.0    0.9%     3   1,274.3  close the Agent Shop
   26     3,798.9    0.9%     1   3,798.9  buy order 155
   27     3,566.6    0.9%     2   1,783.3  price Force Core(Highest)
   28     3,376.2    0.8%     1   3,376.2  buy order 145
   29     3,354.7    0.8%     1   3,354.7  buy order 136
   30     3,312.4    0.8%     1   3,312.4  buy order 70
   31     3,309.7    0.8%     1   3,309.7  buy order 81
   32     3,284.5    0.8%     1   3,284.5  buy order 59
   33     3,254.9    0.8%     3   1,085.0  buy order 9
   34     2,797.9    0.7%     3     932.6  buy order 2
   35     2,745.6    0.7%     3     915.2  buy order 5
   36     2,739.4    0.7%     2   1,369.7  price Force Core Set (Highest)
   37     2,723.7    0.7%     3     907.9  select inventory tab 4
   38     2,649.5    0.7%     2   1,324.7  price Upgrade Core Set (Ultimate)
   39     2,497.5    0.6%     2   1,248.7  price Upgrade Core (Ultimate)
   40     2,452.3    0.6%     1   2,452.3  buy order 125
   41     2,360.8    0.6%     3     786.9  close the craft window
   42     2,189.2    0.5%     1   2,189.2  buy order 104
   43     2,178.1    0.5%     1   2,178.1  buy order 126
   44     2,168.8    0.5%     1   2,168.8  buy order 49
   45     2,165.1    0.5%     1   2,165.1  buy order 71
   46     2,157.7    0.5%     1   2,157.7  buy order 146
   47     2,140.9    0.5%     1   2,140.9  buy order 93
   48     2,136.4    0.5%     1   2,136.4  buy order 82
   49     2,132.4    0.5%     1   2,132.4  buy order 60
   50     2,128.2    0.5%     1   2,128.2  buy order 38
   51     2,119.0    0.5%     1   2,119.0  buy order 16
   52     2,101.8    0.5%     1   2,101.8  buy order 103
   53     2,049.2    0.5%     1   2,049.2  buy order 37
   54     2,024.6    0.5%     1   2,024.6  buy order 48
   55     2,020.1    0.5%     1   2,020.1  buy order 26
   56     2,010.9    0.5%     1   2,010.9  buy order 92
   57     1,799.7    0.4%     1   1,799.7  buy order 115
   58       958.9    0.2%     3     319.6  buy order 7
   59       953.2    0.2%     3     317.7  buy order 6
   60       940.8    0.2%     3     313.6  buy order 11
   61       940.3    0.2%     3     313.4  buy order 12
   62       925.0    0.2%     3     308.3  buy order 10
   63       852.4    0.2%     1     852.4  buy order 27
   64       824.5    0.2%     1     824.5  buy order 137
   65       614.6    0.2%     2     307.3  buy order 14
   66       377.2    0.1%     1     377.2  buy order 120
   67       361.6    0.1%     1     361.6  buy order 24
   68       359.6    0.1%     1     359.6  buy order 108
   69       357.6    0.1%     1     357.6  buy order 29
   70       350.0    0.1%     1     350.0  buy order 39
   71       348.8    0.1%     1     348.8  buy order 22
   72       343.0    0.1%     1     343.0  buy order 76
   73       342.4    0.1%     1     342.4  buy order 62
   74       339.0    0.1%     1     339.0  buy order 32
   75       332.1    0.1%     1     332.1  buy order 135
   76       332.0    0.1%     1     332.0  buy order 148
   77       330.9    0.1%     1     330.9  buy order 85
   78       329.8    0.1%     1     329.8  buy order 90
   79       328.7    0.1%     1     328.7  buy order 152
   80       326.0    0.1%     1     326.0  buy order 111
   81       325.1    0.1%     1     325.1  buy order 95
   82       322.6    0.1%     1     322.6  buy order 131
   83       322.5    0.1%     1     322.5  buy order 43
   84       322.2    0.1%     1     322.2  buy order 107
   85       322.0    0.1%     1     322.0  buy order 73
   86       321.8    0.1%     1     321.8  buy order 75
   87       321.6    0.1%     1     321.6  buy order 149
   88       321.3    0.1%     1     321.3  buy order 25
   89       320.9    0.1%     1     320.9  buy order 98
   90       320.5    0.1%     1     320.5  buy order 84
   91       319.9    0.1%     1     319.9  buy order 57
   92       319.6    0.1%     1     319.6  buy order 101
   93       318.8    0.1%     1     318.8  buy order 96
   94       318.0    0.1%     1     318.0  buy order 40
   95       318.0    0.1%     1     318.0  buy order 17
   96       317.9    0.1%     1     317.9  buy order 124
   97       317.2    0.1%     1     317.2  buy order 47
   98       316.7    0.1%     1     316.7  buy order 23
   99       316.6    0.1%     1     316.6  buy order 88
  100       315.8    0.1%     1     315.8  buy order 129
  101       315.4    0.1%     1     315.4  buy order 45
  102       314.9    0.1%     1     314.9  buy order 143
  103       314.7    0.1%     1     314.7  buy order 41
  104       314.5    0.1%     1     314.5  buy order 147
  105       314.4    0.1%     1     314.4  buy order 53
  106       313.7    0.1%     1     313.7  buy order 132
  107       313.3    0.1%     1     313.3  buy order 87
  108       313.2    0.1%     1     313.2  buy order 127
  109       313.1    0.1%     1     313.1  buy order 116
  110       313.1    0.1%     1     313.1  buy order 110
  111       313.0    0.1%     1     313.0  buy order 102
  112       312.7    0.1%     1     312.7  buy order 128
  113       312.3    0.1%     1     312.3  buy order 31
  114       312.0    0.1%     1     312.0  buy order 99
  115       311.4    0.1%     1     311.4  buy order 77
  116       311.3    0.1%     1     311.3  buy order 119
  117       310.7    0.1%     1     310.7  buy order 105
  118       310.6    0.1%     1     310.6  buy order 150
  119       310.0    0.1%     1     310.0  buy order 106
  120       310.0    0.1%     1     310.0  buy order 69
  121       309.5    0.1%     1     309.5  buy order 54
  122       309.4    0.1%     1     309.4  buy order 42
  123       309.1    0.1%     1     309.1  buy order 109
  124       308.3    0.1%     1     308.3  buy order 91
  125       307.6    0.1%     1     307.6  buy order 144
  126       307.5    0.1%     1     307.5  buy order 74
  127       307.3    0.1%     1     307.3  buy order 138
  128       307.2    0.1%     1     307.2  buy order 94
  129       306.8    0.1%     1     306.8  buy order 134
  130       306.3    0.1%     1     306.3  buy order 63
  131       306.1    0.1%     1     306.1  buy order 36
  132       305.9    0.1%     1     305.9  buy order 121
  133       305.9    0.1%     1     305.9  buy order 66
  134       305.7    0.1%     1     305.7  buy order 113
  135       305.5    0.1%     1     305.5  buy order 141
  136       305.5    0.1%     1     305.5  buy order 89
  137       305.4    0.1%     1     305.4  buy order 67
  138       305.4    0.1%     1     305.4  buy order 58
  139       305.3    0.1%     1     305.3  buy order 68
  140       305.1    0.1%     1     305.1  buy order 35
  141       305.1    0.1%     1     305.1  buy order 19
  142       305.1    0.1%     1     305.1  buy order 64
  143       304.5    0.1%     1     304.5  buy order 34
  144       304.4    0.1%     1     304.4  buy order 142
  145       304.4    0.1%     1     304.4  buy order 61
  146       304.3    0.1%     1     304.3  buy order 55
  147       304.2    0.1%     1     304.2  buy order 117
  148       303.9    0.1%     1     303.9  buy order 20
  149       303.9    0.1%     1     303.9  buy order 86
  150       303.8    0.1%     1     303.8  buy order 65
  151       303.7    0.1%     1     303.7  buy order 118
  152       303.3    0.1%     1     303.3  buy order 21
  153       303.2    0.1%     1     303.2  buy order 133
  154       303.1    0.1%     1     303.1  buy order 139
  155       303.0    0.1%     1     303.0  buy order 30
  156       302.1    0.1%     1     302.1  buy order 44
  157       301.9    0.1%     1     301.9  buy order 83
  158       301.8    0.1%     1     301.8  buy order 151
  159       301.6    0.1%     1     301.6  buy order 46
  160       301.6    0.1%     1     301.6  buy order 52
  161       301.1    0.1%     1     301.1  buy order 100
  162       300.8    0.1%     1     300.8  buy order 78
  163       300.6    0.1%     1     300.6  buy order 28
  164       300.4    0.1%     1     300.4  buy order 154
  165       299.8    0.1%     1     299.8  buy order 112
  166       299.2    0.1%     1     299.2  buy order 33
  167       299.0    0.1%     1     299.0  buy order 97
  168       299.0    0.1%     1     299.0  buy order 51
  169       298.5    0.1%     1     298.5  buy order 130
  170       298.2    0.1%     1     298.2  buy order 80
  171       297.1    0.1%     1     297.1  buy order 140
  172       296.9    0.1%     1     296.9  buy order 72
  173       296.8    0.1%     1     296.8  buy order 18
  174       295.5    0.1%     1     295.5  buy order 123
  175       294.4    0.1%     1     294.4  buy order 79
  176       294.2    0.1%     1     294.2  buy order 56
  177       293.1    0.1%     1     293.1  buy order 50
  178       292.2    0.1%     1     292.2  buy order 122
        407,279.9  100.0%
  Chaos Core: that one averaged 723,757 a core, a margin of 6,144, which the price table makes 6 row(s)
  Chaos Core: 6 of 6 row(s) after that one
  Alz 916,285,551 held covers 2,204 Upgrade Core Set (Ultimate) at 415,583; buying what it covers

-- Upgrade Core (Ultimate): 1 row(s) --
  12 row(s) free inside 1-30; a resupply needs up to 2
  Upgrade Core (Ultimate) 455,987 - Upgrade Core Set (Ultimate) 415,583 = 40,404
  a margin of 40,404 is worth 3 row(s) of Upgrade Core (Ultimate); 1 held
  tab 4 is showing and free from (1, 1), so the Upgrade Core Set (Ultimate) and the Upgrade Core (Ultimate) land there
TASK {"kind": "resupply", "core": "Upgrade Core (Ultimate)", "set": "Upgrade Core Set (Ultimate)", "slot": 9, "tab": 4, "landing": [1, 1]}
  0/200 Upgrade Core Set (Ultimate) held
  row 1 offers 'Upgrade Core Set (Ultimate) X 91' x1 at 37,818,053 (415,583/unit)
    row 1 leaves 40,404 a core against the 5,000 wanted
    balance before 916,285,551
    dialog: '* Upgrade Core Set (Ultimate) X ¢'  qty 1 of 1  price 37818053
    200 core(s) wanted, 91 to a pack -> 3 pack(s); 1 available, taking 1
    the quantity field already reads 1; not retyping it
    ordering 1 pack(s) at 37,818,053; the spend will confirm what actually bought
    balance after  878,467,498; spent 37,818,053 bought 1 pack(s) = 91 core(s) (415,583 a core)

  buy from favourite slot 10: bought 91 core(s) in 1 order(s)
    #         ms   share  step
    1        0.3    0.0%  get_price: focus the game
    2      145.7    2.5%  get_price: purchase_tab_showing
    3      909.9   15.8%  get_price: click the Purchase tab + settle
    4      115.0    2.0%  get_price: is the Purchase tab showing
    5       38.8    0.7%  get_price: read row 1 before the search
    6      312.9    5.4%  get_price: click favourite slot 10
    7        1.6    0.0%  get_price: confirm the sort
    8      298.1    5.2%  get_price: poll row 1 until it answers (11 look(s), 1 read(s))
    9     1822.6   31.5%  get_price: search the favourite and read row 1
   10      316.0    5.5%  select inventory tab 4
   11       94.8    1.6%  read the balance before buying
   12      357.9    6.2%  click the row at (500, 258)
   13      313.1    5.4%  click Buy at (828, 258)
   14       89.5    1.5%  await the Purchase dialog
   15      118.6    2.1%  read the dialog (item, price, qty, qty_max)
   16       87.4    1.5%  find the Buy button
   17      308.7    5.3%  click Buy
   18      250.9    4.3%  park
   19      105.3    1.8%  confirm the dialog is gone
   20       90.2    1.6%  read the balance after buying
          5777.3  100.0%  TOTAL
  91/200 Upgrade Core Set (Ultimate) held
  row 1 offers 'Upgrade Core Set (Ultimate) X 164' x1 at 68,155,612 (415,583/unit)
    row 1 leaves 40,404 a core against the 5,000 wanted
    balance before 878,467,498
    dialog: '* Upgrade Core Set (Ultimate) X 1'  qty 1 of 1  price 68155612
    109 core(s) wanted, 164 to a pack -> 1 pack(s); 1 available, taking 1
    the quantity field already reads 1; not retyping it
    ordering 1 pack(s) at 68,155,612; the spend will confirm what actually bought
    balance after  810,311,886; spent 68,155,612 bought 1 pack(s) = 164 core(s) (415,583 a core)

  buy from favourite slot 10: bought 164 core(s) in 1 order(s)
    #         ms   share  step
    1        0.4    0.0%  get_price: focus the game
    2      116.8    4.0%  get_price: _trade_window_open (OCR 1300x190)
    3      119.9    4.1%  get_price: purchase_tab_showing
    4      160.4    5.5%  get_price: read row 1 where it stands
    5      397.5   13.6%  get_price: search the favourite and read row 1
    6      315.7   10.8%  select inventory tab 4
    7       99.1    3.4%  read the balance before buying
    8      362.4   12.4%  click the row at (500, 258)
    9      311.8   10.7%  click Buy at (828, 258)
   10       88.3    3.0%  await the Purchase dialog
   11      107.8    3.7%  read the dialog (item, price, qty, qty_max)
   12       87.5    3.0%  find the Buy button
   13      314.5   10.8%  click Buy
   14      250.5    8.6%  park
   15       98.7    3.4%  confirm the dialog is gone
   16       89.5    3.1%  read the balance after buying
          2921.0  100.0%  TOTAL
TASK {"kind": "resupply", "core": "Upgrade Core (Ultimate)", "set": "Upgrade Core Set (Ultimate)", "slot": 9, "tab": 4, "step": "convert", "holding": "Upgrade Core Set (Ultimate)", "qty": 255, "price": 415583}

  -- round 1: convert up to 250, then list -- 255 of 255 left --
  pressing N to open the vendor Shop (attempt 1)
  4x5 at (377, 930): Upgrade Core Set (Ultimate) -> Upgrade Core (Ultimate)
    dialog offers '* Upgrade Core (Ultimate)'
    typed 250; the dialog clamps it to what is held
    inventory tab 4 holds 1 slot(s) and is showing, so the Upgrade Core (Ultimate) lands there

  convert into Upgrade Core (Ultimate)
    #         ms   share  step
    1      795.0   24.3%  alt-click the cell at (377, 930)
    2       95.4    2.9%  await the Purchase Item dialog
    3       95.7    2.9%  read what the dialog offers
    4      696.1   21.3%  type the quantity 250
    5      907.4   27.7%  select inventory tab 4
    6       16.6    0.5%  read tab 4 before converting
    7      309.1    9.4%  click OK
    8      250.7    7.7%  park
    9      109.1    3.3%  read tab 4 after converting
          3274.9  100.0%  TOTAL
    Upgrade Core (Ultimate) arrived; one convert is one stack of at most 250, so it is in (1, 2), the slot free before it
TASK {"kind": "resupply", "core": "Upgrade Core (Ultimate)", "set": "Upgrade Core Set (Ultimate)", "slot": 9, "tab": 4, "step": "list", "holding": "Upgrade Core (Ultimate)", "qty": 255, "price": 415583}
  the Agent Shop is shut after the vendor; reopening it
  Inventory shut: slot grid 0.14, needs 0.33
  listing Upgrade Core (Ultimate) from 1 slot(s), (1, 2) to (1, 2)
  inventory slot (1,2) at (1535, 236)
    read: current min 455,986, price field 455,986, net sales 455,986, week average 467,095, listed at unread
    the lowest listed price is 455,986, from the row and 2 more
    nothing said what 'Upgrade Core (Ultimate)' should fetch; its own market says 455,987
    market 455,986, typing 455,985, 1 under the market
    net sales 113,996,250 is 250 x 455,985
  typed 250; the net sales make it 250
    the panel holds 455,985 against the 455,985 typed
  tab 4 read in 18 ms after the listing: 1 slot(s) held

  list 250 at 455,985
    #         ms   share  step
    1       15.9    0.3%  read the panel before loading
    2       16.7    0.3%  wait for slot (1,2) to fill
    3      811.5   15.6%  ctrl-click (1,2) attempt 1
    4      542.6   10.5%  read the suggested price
    5     1444.1   27.8%  type the price 455,985
    6      944.9   18.2%  type the quantity 250
    7      302.2    5.8%  take the quantity from the net sales
    8       88.6    1.7%  read the price back before Register
    9      307.2    5.9%  click Register
   10       94.0    1.8%  find Confirmation
   11       19.2    0.4%  look for the underprice question
   12      308.1    5.9%  click Confirmation
   13        0.5    0.0%  park
   14      108.6    2.1%  confirm the dialog is gone
   15      170.1    3.3%  wait for the panel to let the item go
   16       17.7    0.3%  read tab 4 after the listing
          5192.0  100.0%  TOTAL
  listed 250 at 455,985; it lands in row 19
    'Upgrade Core (Ultimate)' was bought at 415,583 a unit and listed against a verified 455,986; a row of it with no cost of its own is floored at 415,583 from now on
TASK {"kind": "resupply", "core": "Upgrade Core (Ultimate)", "set": "Upgrade Core Set (Ultimate)", "slot": 9, "tab": 4, "step": "convert", "holding": "Upgrade Core Set (Ultimate)", "qty": 5, "price": 415583}

  -- round 2: convert up to 250, then list -- 5 of 255 left --
  pressing N to open the vendor Shop (attempt 1)
  4x5 at (377, 930): Upgrade Core Set (Ultimate) -> Upgrade Core (Ultimate)
    dialog offers '* Upgrade Core (Ultimate)'
    typed 250; the dialog clamps it to what is held
    inventory tab 4 holds 1 slot(s) and is showing, so the Upgrade Core (Ultimate) lands there

  convert into Upgrade Core (Ultimate)
    #         ms   share  step
    1      793.8   24.3%  alt-click the cell at (377, 930)
    2       97.8    3.0%  await the Purchase Item dialog
    3       94.4    2.9%  read what the dialog offers
    4      695.5   21.3%  type the quantity 250
    5      909.0   27.8%  select inventory tab 4
    6       17.5    0.5%  read tab 4 before converting
    7      310.7    9.5%  click OK
    8      250.6    7.7%  park
    9      101.0    3.1%  read tab 4 after converting
          3270.2  100.0%  TOTAL
    Upgrade Core (Ultimate) arrived; one convert is one stack of at most 250, so it is in (1, 2), the slot free before it
TASK {"kind": "resupply", "core": "Upgrade Core (Ultimate)", "set": "Upgrade Core Set (Ultimate)", "slot": 9, "tab": 4, "step": "list", "holding": "Upgrade Core (Ultimate)", "qty": 5, "price": 415583}
  the Agent Shop is shut after the vendor; reopening it
  Inventory shut: slot grid 0.14, needs 0.33
  listing Upgrade Core (Ultimate) from 1 slot(s), (1, 2) to (1, 2)
  inventory slot (1,2) at (1535, 236)
    read: current min 455,984, price field 455,984, net sales 455,984, week average 467,095, listed at unread
    the lowest listed price is 455,984, from the row and 2 more
    nothing said what 'Upgrade Core (Ultimate)' should fetch; its own market says 455,987
    market 455,984, typing 455,983, 1 under the market
    net sales 2,279,915 is 5 x 455,983
  typed 250; the net sales make it 5
    the panel holds 455,983 against the 455,983 typed
  tab 4 read in 18 ms after the listing: 0 slot(s) held

  list 5 at 455,983
    #         ms   share  step
    1       16.0    0.3%  read the panel before loading
    2       16.6    0.3%  wait for slot (1,2) to fill
    3      808.0   15.5%  ctrl-click (1,2) attempt 1
    4      542.0   10.4%  read the suggested price
    5     1445.9   27.8%  type the price 455,983
    6      944.5   18.2%  type the quantity 250
    7      293.2    5.6%  take the quantity from the net sales
    8       96.6    1.9%  read the price back before Register
    9      312.3    6.0%  click Register
   10       94.2    1.8%  find Confirmation
   11       18.8    0.4%  look for the underprice question
   12      311.8    6.0%  click Confirmation
   13        0.4    0.0%  park
   14      108.1    2.1%  confirm the dialog is gone
   15      171.0    3.3%  wait for the panel to let the item go
   16       17.9    0.3%  read tab 4 after the listing
          5197.2  100.0%  TOTAL
  listed 5 at 455,983; it lands in row 20
    'Upgrade Core (Ultimate)' was bought at 415,583 a unit and listed against a verified 455,984; a row of it with no cost of its own is floored at 415,583 from now on
TASK {"kind": "resupply", "core": "Upgrade Core (Ultimate)", "set": "Upgrade Core Set (Ultimate)", "slot": 9, "tab": 4, "step": "convert", "holding": "Upgrade Core Set (Ultimate)", "qty": 0, "price": 415583}
DONE {"kind": "resupply", "core": "Upgrade Core (Ultimate)", "bought": 255, "listed": 255, "rows": [19, 20]}

  resupply Upgrade Core (Ultimate): bought 255, 2 slot(s) filled, listed 255 in rows [19, 20]
    #          ms   share     n      each  phase
    1    99,893.1   22.0%     3  33,297.7  craft Chaos Core into Chaos Core Set
    2    32,313.6    7.1%     1  32,313.6  buy order 114
    3    16,230.7    3.6%     3   5,410.2  list Chaos Core Set from (1, 1)
    4    13,250.6    2.9%     3   4,416.9  reopen the Agent Shop
    5    11,052.7    2.4%     4   2,763.2  buy order 1
    6     8,017.9    1.8%     3   2,672.6  buy order 8
    7     7,429.6    1.6%    20     371.5  step down to the next offer (1)
    8     7,059.3    1.6%    19     371.5  step down to the next offer (2)
    9     7,057.2    1.6%    19     371.4  step down to the next offer (3)
   10     6,805.6    1.5%     3   2,268.5  select the Register tab
   11     6,764.2    1.5%     2   3,382.1  buy order 153
   12     6,688.1    1.5%    18     371.6  step down to the next offer (4)
   13     6,181.4    1.4%     3   2,060.5  buy order 4
   14     5,943.5    1.3%    16     371.5  step down to the next offer (5)
   15     5,942.5    1.3%    16     371.4  step down to the next offer (6)
   16     5,574.7    1.2%    15     371.6  step down to the next offer (7)
   17     5,362.7    1.2%     2   2,681.3  buy order 15
   18     5,345.5    1.2%     4   1,336.4  buy order 2
   19     5,204.4    1.1%     1   5,204.4  round 2: list Upgrade Core (Ultimate) from (1, 2)
   20     5,202.5    1.1%    14     371.6  step down to the next offer (8)
   21     5,199.8    1.1%     1   5,199.8  round 1: list Upgrade Core (Ultimate) from (1, 2)
   22     4,912.7    1.1%     1   4,912.7  round 1: reopen the Agent Shop
   23     4,858.3    1.1%     1   4,858.3  round 2: reopen the Agent Shop
   24     4,829.7    1.1%    13     371.5  step down to the next offer (10)
   25     4,829.1    1.1%    13     371.5  step down to the next offer (9)
   26     4,625.2    1.0%     3   1,541.7  buy order 13
   27     4,294.1    0.9%     3   1,431.4  price Chaos Core
   28     4,001.1    0.9%     3   1,333.7  price Chaos Core Set
   29     3,958.6    0.9%     3   1,319.5  buy order 3
   30     3,823.0    0.8%     3   1,274.3  close the Agent Shop
   31     3,798.9    0.8%     1   3,798.9  buy order 155
   32     3,566.6    0.8%     2   1,783.3  price Force Core(Highest)
   33     3,548.1    0.8%     1   3,548.1  round 1: convert into Upgrade Core (Ultimate)
   34     3,543.6    0.8%     1   3,543.6  round 2: convert into Upgrade Core (Ultimate)
   35     3,376.2    0.7%     1   3,376.2  buy order 145
   36     3,354.7    0.7%     1   3,354.7  buy order 136
   37     3,312.4    0.7%     1   3,312.4  buy order 70
   38     3,309.7    0.7%     1   3,309.7  buy order 81
   39     3,284.5    0.7%     1   3,284.5  buy order 59
   40     3,254.9    0.7%     3   1,085.0  buy order 9
   41     2,745.6    0.6%     3     915.2  buy order 5
   42     2,739.4    0.6%     2   1,369.7  price Force Core Set (Highest)
   43     2,723.7    0.6%     3     907.9  select inventory tab 4
   44     2,649.5    0.6%     2   1,324.7  price Upgrade Core Set (Ultimate)
   45     2,497.5    0.5%     2   1,248.7  price Upgrade Core (Ultimate)
   46     2,452.3    0.5%     1   2,452.3  buy order 125
   47     2,360.8    0.5%     3     786.9  close the craft window
   48     2,277.2    0.5%     1   2,277.2  round 1: select the Register tab
   49     2,274.5    0.5%     1   2,274.5  round 2: select the Register tab
   50     2,189.2    0.5%     1   2,189.2  buy order 104
   51     2,178.1    0.5%     1   2,178.1  buy order 126
   52     2,168.8    0.5%     1   2,168.8  buy order 49
   53     2,165.1    0.5%     1   2,165.1  buy order 71
   54     2,157.7    0.5%     1   2,157.7  buy order 146
   55     2,140.9    0.5%     1   2,140.9  buy order 93
   56     2,136.4    0.5%     1   2,136.4  buy order 82
   57     2,132.4    0.5%     1   2,132.4  buy order 60
   58     2,128.2    0.5%     1   2,128.2  buy order 38
   59     2,119.0    0.5%     1   2,119.0  buy order 16
   60     2,101.8    0.5%     1   2,101.8  buy order 103
   61     2,049.2    0.5%     1   2,049.2  buy order 37
   62     2,024.6    0.4%     1   2,024.6  buy order 48
   63     2,020.1    0.4%     1   2,020.1  buy order 26
   64     2,010.9    0.4%     1   2,010.9  buy order 92
   65     1,855.9    0.4%     1   1,855.9  round 1: open the vendor
   66     1,848.3    0.4%     1   1,848.3  round 2: open the vendor
   67     1,799.7    0.4%     1   1,799.7  buy order 115
   68     1,291.4    0.3%     1   1,291.4  round 2: close the Agent Shop
   69     1,278.2    0.3%     1   1,278.2  round 1: close the Agent Shop
   70     1,080.2    0.2%     1   1,080.2  find the free slot on tab 4
   71       958.9    0.2%     3     319.6  buy order 7
   72       953.2    0.2%     3     317.7  buy order 6
   73       940.8    0.2%     3     313.6  buy order 11
   74       940.3    0.2%     3     313.4  buy order 12
   75       925.0    0.2%     3     308.3  buy order 10
   76       907.8    0.2%     1     907.8  round 2: select inventory tab 4
   77       905.2    0.2%     1     905.2  round 1: select inventory tab 4
   78       852.4    0.2%     1     852.4  buy order 27
   79       824.5    0.2%     1     824.5  buy order 137
   80       614.6    0.1%     2     307.3  buy order 14
   81       377.2    0.1%     1     377.2  buy order 120
   82       361.6    0.1%     1     361.6  buy order 24
   83       359.6    0.1%     1     359.6  buy order 108
   84       357.6    0.1%     1     357.6  buy order 29
   85       350.0    0.1%     1     350.0  buy order 39
   86       348.8    0.1%     1     348.8  buy order 22
   87       343.0    0.1%     1     343.0  buy order 76
   88       342.4    0.1%     1     342.4  buy order 62
   89       339.0    0.1%     1     339.0  buy order 32
   90       332.1    0.1%     1     332.1  buy order 135
   91       332.0    0.1%     1     332.0  buy order 148
   92       330.9    0.1%     1     330.9  buy order 85
   93       329.8    0.1%     1     329.8  buy order 90
   94       328.7    0.1%     1     328.7  buy order 152
   95       326.0    0.1%     1     326.0  buy order 111
   96       325.1    0.1%     1     325.1  buy order 95
   97       322.6    0.1%     1     322.6  buy order 131
   98       322.5    0.1%     1     322.5  buy order 43
   99       322.2    0.1%     1     322.2  buy order 107
  100       322.0    0.1%     1     322.0  buy order 73
  101       321.8    0.1%     1     321.8  buy order 75
  102       321.6    0.1%     1     321.6  buy order 149
  103       321.3    0.1%     1     321.3  buy order 25
  104       320.9    0.1%     1     320.9  buy order 98
  105       320.5    0.1%     1     320.5  buy order 84
  106       319.9    0.1%     1     319.9  buy order 57
  107       319.6    0.1%     1     319.6  buy order 101
  108       318.8    0.1%     1     318.8  buy order 96
  109       318.0    0.1%     1     318.0  buy order 40
  110       318.0    0.1%     1     318.0  buy order 17
  111       317.9    0.1%     1     317.9  buy order 124
  112       317.2    0.1%     1     317.2  buy order 47
  113       316.7    0.1%     1     316.7  buy order 23
  114       316.6    0.1%     1     316.6  buy order 88
  115       315.8    0.1%     1     315.8  buy order 129
  116       315.4    0.1%     1     315.4  buy order 45
  117       314.9    0.1%     1     314.9  buy order 143
  118       314.7    0.1%     1     314.7  buy order 41
  119       314.5    0.1%     1     314.5  buy order 147
  120       314.4    0.1%     1     314.4  buy order 53
  121       313.7    0.1%     1     313.7  buy order 132
  122       313.3    0.1%     1     313.3  buy order 87
  123       313.2    0.1%     1     313.2  buy order 127
  124       313.1    0.1%     1     313.1  buy order 116
  125       313.1    0.1%     1     313.1  buy order 110
  126       313.0    0.1%     1     313.0  buy order 102
  127       312.7    0.1%     1     312.7  buy order 128
  128       312.3    0.1%     1     312.3  buy order 31
  129       312.0    0.1%     1     312.0  buy order 99
  130       311.4    0.1%     1     311.4  buy order 77
  131       311.3    0.1%     1     311.3  buy order 119
  132       310.7    0.1%     1     310.7  buy order 105
  133       310.6    0.1%     1     310.6  buy order 150
  134       310.0    0.1%     1     310.0  buy order 106
  135       310.0    0.1%     1     310.0  buy order 69
  136       309.5    0.1%     1     309.5  buy order 54
  137       309.4    0.1%     1     309.4  buy order 42
  138       309.1    0.1%     1     309.1  buy order 109
  139       308.3    0.1%     1     308.3  buy order 91
  140       307.6    0.1%     1     307.6  buy order 144
  141       307.5    0.1%     1     307.5  buy order 74
  142       307.3    0.1%     1     307.3  buy order 138
  143       307.2    0.1%     1     307.2  buy order 94
  144       306.8    0.1%     1     306.8  buy order 134
  145       306.3    0.1%     1     306.3  buy order 63
  146       306.1    0.1%     1     306.1  buy order 36
  147       305.9    0.1%     1     305.9  buy order 121
  148       305.9    0.1%     1     305.9  buy order 66
  149       305.7    0.1%     1     305.7  buy order 113
  150       305.5    0.1%     1     305.5  buy order 141
  151       305.5    0.1%     1     305.5  buy order 89
  152       305.4    0.1%     1     305.4  buy order 67
  153       305.4    0.1%     1     305.4  buy order 58
  154       305.3    0.1%     1     305.3  buy order 68
  155       305.1    0.1%     1     305.1  buy order 35
  156       305.1    0.1%     1     305.1  buy order 19
  157       305.1    0.1%     1     305.1  buy order 64
  158       304.5    0.1%     1     304.5  buy order 34
  159       304.4    0.1%     1     304.4  buy order 142
  160       304.4    0.1%     1     304.4  buy order 61
  161       304.3    0.1%     1     304.3  buy order 55
  162       304.2    0.1%     1     304.2  buy order 117
  163       303.9    0.1%     1     303.9  buy order 20
  164       303.9    0.1%     1     303.9  buy order 86
  165       303.8    0.1%     1     303.8  buy order 65
  166       303.7    0.1%     1     303.7  buy order 118
  167       303.3    0.1%     1     303.3  buy order 21
  168       303.2    0.1%     1     303.2  buy order 133
  169       303.1    0.1%     1     303.1  buy order 139
  170       303.0    0.1%     1     303.0  buy order 30
  171       302.1    0.1%     1     302.1  buy order 44
  172       301.9    0.1%     1     301.9  buy order 83
  173       301.8    0.1%     1     301.8  buy order 151
  174       301.6    0.1%     1     301.6  buy order 46
  175       301.6    0.1%     1     301.6  buy order 52
  176       301.1    0.1%     1     301.1  buy order 100
  177       300.8    0.1%     1     300.8  buy order 78
  178       300.6    0.1%     1     300.6  buy order 28
  179       300.4    0.1%     1     300.4  buy order 154
  180       299.8    0.1%     1     299.8  buy order 112
  181       299.2    0.1%     1     299.2  buy order 33
  182       299.0    0.1%     1     299.0  buy order 97
  183       299.0    0.1%     1     299.0  buy order 51
  184       298.5    0.1%     1     298.5  buy order 130
  185       298.2    0.1%     1     298.2  buy order 80
  186       297.1    0.1%     1     297.1  buy order 140
  187       296.9    0.1%     1     296.9  buy order 72
  188       296.8    0.1%     1     296.8  buy order 18
  189       295.5    0.1%     1     295.5  buy order 123
  190       294.4    0.1%     1     294.4  buy order 79
  191       294.2    0.1%     1     294.2  buy order 56
  192       293.1    0.1%     1     293.1  buy order 50
  193       292.2    0.1%     1     292.2  buy order 122
        454,792.8  100.0%
  Upgrade Core (Ultimate): 3 of 3 row(s) after that one

  Blessing Bead - Superior: 1 row(s) inside 1-30, 1 wanted; row 4 'Blessing Bead - Superior'
    floor 163,632,220: 437/1000 of the 374,444,440 voucher, read at launch

  Arionell: 1 row(s) inside 1-30, 1 wanted; row 1 'Arionell'
    floor 280,833,330: 750/1000 of the 374,444,440 voucher, read at launch
  tab 4 known from the last listing: 0 slot(s) held, [(1, 3), (1, 4), (1, 5), (1, 6), (1, 7), (1, 8), (2, 1), (2, 2), (2, 3), (2, 4), (2, 5), (2, 6), (2, 7), (2, 8), (3, 1), (3, 2), (3, 3), (3, 4), (3, 5), (3, 6), (3, 7), (3, 8), (4, 1), (4, 2), (4, 3), (4, 4), (4, 5), (4, 6), (4, 7), (4, 8), (5, 1), (5, 2), (5, 3), (5, 4), (5, 5), (5, 6), (5, 7), (5, 8), (6, 1), (6, 2), (6, 3), (6, 4), (6, 5), (6, 6), (6, 7), (6, 8)] the run thought it held are empty
  row 1: 'Arionell' x1 at 312,185,712 -> tab 4 slot (1, 1)
    floor 280,833,330 from what it cost; listed at 312,185,712, above it
TASK {"kind": "relist", "row": 1, "item": "Arionell", "qty": 1, "price": 312185712, "tab": 4, "slot": [1, 1], "lands_in": 1}

  cancel row 1
    #         ms   share  step
    1      325.0   10.6%  click Refresh
    2        0.0    0.0%  scroll to the row
    3        0.0    0.0%  read the button of a row the run holds empty
    4      167.3    5.5%  read the row and its button
    5      518.0   17.0%  finish selecting inventory tab 4
    6        0.2    0.0%  check tab 4 before the withdrawal
    7        2.6    0.1%  work out the row, its floor and where it lands
    8       20.8    0.7%  check the shop slot is empty
    9       19.1    0.6%  read the button again before Change
   10        0.0    0.0%  scroll to the row again
   11        0.0    0.0%  check the row is the one the run listed
   12      294.2    9.6%  hover over Change and click it
   13       90.7    3.0%  find Cancel
   14      217.7    7.1%  click Cancel
   15       92.9    3.0%  find Confirmation
   16      215.5    7.1%  click Confirmation and park
   17      117.6    3.8%  wait for the dialog to close
   18       99.1    3.2%  wait for the item to land in tab 4
   19      874.3   28.6%  select inventory tab 4 after the withdrawal
          3055.1  100.0%  TOTAL
  inventory slot (1,1) at (1479, 236)
    read: current min 312,185,713, price field 312,185,713, net sales 312,185,713, week average 290,798,412, listed at 312,185,712
    the lowest listed price is 312,185,713, from the row and 3 more
    market 312,185,713, typing 312,185,712, 1 under the market
    net sales 312,185,712 is 1 x 312,185,712
  typed 250; the net sales make it 1
    the panel holds 312,185,712 against the 312,185,712 typed
  tab 4 read in 17 ms after the listing: 0 slot(s) held

  list 1 at 312,185,712
    #         ms   share  step
    1       24.3    0.5%  read the panel before loading
    2        0.1    0.0%  wait for slot (1,1) to fill
    3      791.3   15.9%  ctrl-click (1,1) attempt 1
    4      384.6    7.7%  read the suggested price
    5     1656.2   33.2%  type the price 312,185,712
    6      913.1   18.3%  type the quantity 250
    7      300.3    6.0%  take the quantity from the net sales
    8       91.2    1.8%  read the price back before Register
    9      217.4    4.4%  click Register
   10       94.3    1.9%  find Confirmation
   11       18.4    0.4%  look for the underprice question
   12      195.1    3.9%  click Confirmation
   13        0.4    0.0%  park
   14      110.8    2.2%  confirm the dialog is gone
   15      173.2    3.5%  wait for the panel to let the item go
   16       17.5    0.4%  read tab 4 after the listing
          4988.2  100.0%  TOTAL
  listed 1 at 312,185,712; it lands in row 1
DONE {"kind": "relist", "row": 1, "lands_in": 1, "qty": 1, "price": 312185712, "item": "Arionell"}
    relisted 1 at 312,185,712 in row 1
  tab 4 known from the last listing: 0 slot(s) held
  row 2: 'Force Core (Ultimate' x8 at 357,914 -> tab 4 slot (1, 1)
    floor 341,250 (341,250 x 1) from Force Core Set (Ultimate) as last bought; listed at 357,914, above it
TASK {"kind": "relist", "row": 2, "item": "Force Core (Ultimate", "qty": 8, "price": 357914, "tab": 4, "slot": [1, 1], "lands_in": 2}

  cancel row 2
    #         ms   share  step
    1      324.9    9.4%  click Refresh
    2      371.1   10.7%  scroll to the row
    3        0.0    0.0%  read the button of a row the run holds empty
    4      175.2    5.1%  read the row and its button
    5      517.4   14.9%  finish selecting inventory tab 4
    6        0.2    0.0%  check tab 4 before the withdrawal
    7        3.9    0.1%  work out the row, its floor and where it lands
    8       18.3    0.5%  check the shop slot is empty
    9       21.3    0.6%  read the button again before Change
   10        0.0    0.0%  scroll to the row again
   11        0.0    0.0%  check the row is the one the run listed
   12      292.0    8.4%  hover over Change and click it
   13       92.6    2.7%  find Cancel
   14      217.1    6.3%  click Cancel
   15       94.0    2.7%  find Confirmation
   16      214.8    6.2%  click Confirmation and park
   17      112.7    3.3%  wait for the dialog to close
   18      133.1    3.8%  wait for the item to land in tab 4
   19      877.6   25.3%  select inventory tab 4 after the withdrawal
          3466.3  100.0%  TOTAL
  inventory slot (1,1) at (1479, 236)
    read: current min 355,305, price field 355,305, net sales 355,305, week average 380,918, listed at 357,914
    the lowest listed price is 355,305, from the row and 3 more
    market 355,305, typing 355,304, 1 under the market
    net sales 2,842,432 is 8 x 355,304
  typed 250; the net sales make it 8
    the panel holds 355,304 against the 355,304 typed
  tab 4 read in 18 ms after the listing: 0 slot(s) held

  list 8 at 355,304
    #         ms   share  step
    1       22.0    0.5%  read the panel before loading
    2        0.1    0.0%  wait for slot (1,1) to fill
    3      796.3   16.7%  ctrl-click (1,1) attempt 1
    4      386.8    8.1%  read the suggested price
    5     1445.5   30.3%  type the price 355,304
    6      912.1   19.1%  type the quantity 250
    7      294.5    6.2%  take the quantity from the net sales
    8       90.1    1.9%  read the price back before Register
    9      223.1    4.7%  click Register
   10       94.6    2.0%  find Confirmation
   11       19.5    0.4%  look for the underprice question
   12      195.5    4.1%  click Confirmation
   13        0.4    0.0%  park
   14      109.2    2.3%  confirm the dialog is gone
   15      169.9    3.6%  wait for the panel to let the item go
   16       17.6    0.4%  read tab 4 after the listing
          4777.2  100.0%  TOTAL
  listed 8 at 355,304; it lands in row 2
DONE {"kind": "relist", "row": 2, "lands_in": 2, "qty": 8, "price": 355304, "item": "Force Core (Ultimate"}
    relisted 8 at 355,304 in row 2
  tab 4 known from the last listing: 0 slot(s) held
  row 3: 'Force Core (Ultimate' x73 at 357,913 -> tab 4 slot (1, 1)
    floor 341,250 (341,250 x 1) from Force Core Set (Ultimate) as last bought; listed at 357,913, above it
TASK {"kind": "relist", "row": 3, "item": "Force Core (Ultimate", "qty": 73, "price": 357913, "tab": 4, "slot": [1, 1], "lands_in": 3}

  cancel row 3
    #         ms   share  step
    1      326.6    9.5%  click Refresh
    2      371.2   10.8%  scroll to the row
    3        0.0    0.0%  read the button of a row the run holds empty
    4      170.1    5.0%  read the row and its button
    5      516.2   15.1%  finish selecting inventory tab 4
    6        0.2    0.0%  check tab 4 before the withdrawal
    7        3.8    0.1%  work out the row, its floor and where it lands
    8       19.6    0.6%  check the shop slot is empty
    9       22.7    0.7%  read the button again before Change
   10        0.0    0.0%  scroll to the row again
   11        0.0    0.0%  check the row is the one the run listed
   12      291.5    8.5%  hover over Change and click it
   13       91.9    2.7%  find Cancel
   14      216.5    6.3%  click Cancel
   15       95.3    2.8%  find Confirmation
   16      212.7    6.2%  click Confirmation and park
   17      114.4    3.3%  wait for the dialog to close
   18      103.1    3.0%  wait for the item to land in tab 4
   19      873.7   25.5%  select inventory tab 4 after the withdrawal
          3429.4  100.0%  TOTAL
  inventory slot (1,1) at (1479, 236)
    read: current min 355,304, price field 355,304, net sales 355,304, week average 380,918, listed at 357,913
    the lowest listed price is 355,304, from the row and 3 more
    market 355,304, typing 355,303, 1 under the market
    net sales 25,937,119 is 73 x 355,303
  typed 250; the net sales make it 73
    the panel holds 355,303 against the 355,303 typed
  tab 4 read in 18 ms after the listing: 0 slot(s) held

  list 73 at 355,303
    #         ms   share  step
    1       23.5    0.5%  read the panel before loading
    2        0.1    0.0%  wait for slot (1,1) to fill
    3      791.9   16.1%  ctrl-click (1,1) attempt 1
    4      381.5    7.8%  read the suggested price
    5     1445.1   29.4%  type the price 355,303
    6      910.7   18.5%  type the quantity 250
    7      295.8    6.0%  take the quantity from the net sales
    8       91.3    1.9%  read the price back before Register
    9      220.4    4.5%  click Register
   10       96.9    2.0%  find Confirmation
   11       18.4    0.4%  look for the underprice question
   12      195.8    4.0%  click Confirmation
   13        0.4    0.0%  park
   14      106.9    2.2%  confirm the dialog is gone
   15      321.2    6.5%  wait for the panel to let the item go
   16       18.1    0.4%  read tab 4 after the listing
          4918.0  100.0%  TOTAL
  listed 73 at 355,303; it lands in row 3
DONE {"kind": "relist", "row": 3, "lands_in": 3, "qty": 73, "price": 355303, "item": "Force Core (Ultimate"}
    relisted 73 at 355,303 in row 3
  row 4 has SOLD (fully); collecting
  booked 1 x 'Blessing Bead - Superior' at 169,999,992 = 169,999,992; cost 163,632,220 at 163,632,220 each; profit +6,367,772

  collect row 4 in full
    #         ms   share  step
    1       95.1    3.9%  read the balance before collecting
    2      807.7   33.2%  click Receive on the row
    3        0.0    0.0%  find Receive in the Confirm Receipt dialog
    4      812.9   33.5%  click Receive in the Confirm Receipt dialog
    5      500.6   20.6%  let the collection settle
    6       83.5    3.4%  read the row and its button after collecting
    7      129.7    5.3%  read the balance and book the sale
    8        0.1    0.0%  not inside any step
          2429.5  100.0%  TOTAL
    collected; row 4 is empty, nothing to relist
  Blessing Bead - Superior sold and is collected; resupplying it now, not on the next pass

  Blessing Bead - Superior: 0 row(s) inside 1-30, 1 wanted; none
    floor 163,632,220: 437/1000 of the 374,444,440 voucher, read at launch

-- Blessing Bead - Superior: 0 row(s) --
  11 row(s) free inside 1-30; buying 1 at the Cash Shop, one at a time
TASK {"kind": "resupply", "core": "Blessing Bead - Superior", "tab": 4}
  Inventory shut; pressing I (attempt 1)
  tab 4 holds 0 slot(s) and is showing, so the Blessing Bead - Superior lands there
  the Cash Shop icon at [348, 994]
  Useable at [844, 168]
    'Blessing Bead - Superior' is where it was measured, 0 notch(es) down the Useable tab
  'Blessing Bead - Superior' at 350 Cash; Purchase at [739, 520]
  the Cash balance box [1134, 826, 1230, 848] reads 800
  the gem box [930, 826, 1060, 848] reads 0
  Blessing Bead - Superior costs 350 gem(s) from a Force Gem Package; 0 held
  0 is under the 350 it costs; buying a Force Gem Package and using it first, so the row goes out in one purchase
  Escape to close the Cash Shop (attempt 1)
  Inventory shut; pressing I (attempt 1)
  tab 4 holds 0 slot(s) and is showing, so the Force Gem Package lands there
  the Cash Shop icon at [348, 994]
  Useable at [844, 168]
    'Force Gem Package' is where it was measured, 0 notch(es) down the Useable tab
  'Force Gem Package' at 500 Cash; Purchase at [739, 750]
  the Cash balance box [1134, 826, 1230, 848] reads 800
  a Force Gem Package costs 500 Cash; 800 Cash held
    'Force Gem Package' is where it was measured, 0 notch(es) down the Useable tab
  'Force Gem Package' at 500 Cash; Purchase at [739, 750]
    the confirmation reads 'Purchase Item « Force Gem Package (x400) Condition None QTY Purchase 1 /1 QTY v Purchase Price 500 Cash Cash Balance 800 Cash OK Cancel'
    Force Gem Package costs 500 Cash; the balance is 800 Cash

  Cash Shop: bought 1 Force Gem Package
    #         ms   share  step
    1      433.8   24.3%  Purchase on Force Gem Package
    2      463.1   25.9%  await the confirmation
    3      306.2   17.1%  click OK
    4      585.0   32.7%  confirm the dialog is gone
          1788.1  100.0%  TOTAL
  Escape to close the Cash Shop (attempt 1)
  bought 1 Force Gem Package for 500 Cash, 300 Cash left
  Inventory shut; pressing I (attempt 1)
  the Force Gem Package landed in tab 4 slot (1, 1); right-clicking it at (1479, 236) to use it
  the game asks whether to use it; clicking Yes at [960, 609]
  Yes clicked on slot (1, 1); the Force Gem Package is used
  Inventory shut; pressing I (attempt 1)
  tab 4 holds 0 slot(s) and is showing, so the Blessing Bead - Superior lands there
  the Cash Shop icon at [348, 994]
  Useable at [844, 168]
    'Blessing Bead - Superior' is where it was measured, 0 notch(es) down the Useable tab
  'Blessing Bead - Superior' at 350 Cash; Purchase at [739, 520]
  the Cash balance box [1134, 826, 1230, 848] reads 300
  the gem box [930, 826, 1060, 848] reads 400
  Blessing Bead - Superior costs 350 gem(s) from a Force Gem Package; 400 held
    floor 163,632,220: 437/1000 of the 374,444,440 voucher priced at launch
    'Blessing Bead - Superior' is where it was measured, 0 notch(es) down the Useable tab
  'Blessing Bead - Superior' at 350 Cash; Purchase at [739, 520]
    the confirmation reads 'ee « Blessing Bead - Superior Condition None QTY Purchase 1 /1 QTY v Purchase Price Force Gem x 350 FG Balance Force Gem x 400'
    Blessing Bead - Superior costs 350 Cash; the balance is 400 Cash

  Cash Shop: bought 1 Blessing Bead - Superior
    #         ms   share  step
    1      429.6   23.7%  Purchase on Blessing Bead - Superior
    2      477.4   26.4%  await the confirmation
    3      309.2   17.1%  click OK
    4      593.6   32.8%  confirm the dialog is gone
          1809.7  100.0%  TOTAL
  Escape to close the Cash Shop (attempt 1)
  bought 1 Blessing Bead - Superior for 350, 50 left; the floor on each is 163,632,220
  Inventory shut; pressing I (attempt 1)
  the Blessing Bead - Superior landed in tab 4 slot(s) (1, 1)
  the Agent Shop is shut and the vendor is not open either; reopening it
  the first listing of a Blessing Bead - Superior bought from the Cash Shop follows the market; 194,000,000 only if no market price reads
  inventory slot (1,1) at (1479, 236)
    read: current min 169,999,999, price field 169,999,999, net sales 169,999,999, week average 185,383,164, listed at unread
    the lowest listed price is 169,999,999, from the row and 2 more
    market 169,999,999, typing 169,999,998, 1 under the market
    net sales 169,999,998 is 1 x 169,999,998
  typed 250; the net sales make it 1
    the panel holds 169,999,998 against the 169,999,998 typed
  tab 4 read in 17 ms after the listing: 0 slot(s) held

  list 1 at 169,999,998
    #         ms   share  step
    1       19.1    0.4%  read the panel before loading
    2       16.6    0.3%  wait for slot (1,1) to fill
    3      811.4   14.9%  ctrl-click (1,1) attempt 1
    4      551.5   10.1%  read the suggested price
    5     1659.1   30.5%  type the price 169,999,998
    6      944.6   17.3%  type the quantity 250
    7      306.0    5.6%  take the quantity from the net sales
    8       91.7    1.7%  read the price back before Register
    9      315.0    5.8%  click Register
   10       94.6    1.7%  find Confirmation
   11       18.1    0.3%  look for the underprice question
   12      312.6    5.7%  click Confirmation
   13        0.4    0.0%  park
   14      119.5    2.2%  confirm the dialog is gone
   15      167.6    3.1%  wait for the panel to let the item go
   16       17.1    0.3%  read tab 4 after the listing
          5444.9  100.0%  TOTAL
  listed 1 at 169,999,998; it lands in row 4
DONE {"kind": "resupply", "core": "Blessing Bead - Superior", "bought": 1, "listed": 1, "rows": [4]}

  resupply Blessing Bead - Superior: bought 1 at 350 gem(s) from a Force Gem Package bought for 500 Cash, listed 1 in rows [4]
    #          ms   share     n      each  phase
    1    14,701.8   19.6%     3   4,900.6  list it back
    2     8,326.5   11.1%     7   1,189.5  select inventory tab 4
    3     5,451.7    7.3%     1   5,451.7  list Blessing Bead - Superior from (1, 1)
    4     5,245.4    7.0%     3   1,748.5  select the Useable tab
    5     5,020.6    6.7%     4   1,255.2  close the Agent Shop
    6     4,378.1    5.8%     4   1,094.5  scroll to the row and read it
    7     4,274.4    5.7%     3   1,424.8  open the Cash Shop
    8     4,103.0    5.5%     2   2,051.5  buy at the Cash Shop
    9     3,886.7    5.2%     1   3,886.7  reopen the Agent Shop
   10     3,680.9    4.9%     3   1,227.0  close the Cash Shop
   11     3,435.5    4.6%     3   1,145.2  cancel the row and take it back
   12     2,430.0    3.2%     1   2,430.0  collect what sold
   13     2,276.7    3.0%     1   2,276.7  select the Register tab
   14     1,587.9    2.1%     1   1,587.9  find the Force Gem Package on tab 4
   15     1,585.1    2.1%     1   1,585.1  wait for the Blessing Bead - Superior to land on tab 4
   16     1,301.1    1.7%     4     325.3  Refresh the table
   17     1,080.2    1.4%     1   1,080.2  answer the question
   18     1,062.8    1.4%     1   1,062.8  right-click the Force Gem Package
   19       577.5    0.8%     2     288.7  read the price and what pays for it
   20       198.3    0.3%     1     198.3  read the price and the Cash
   21       152.7    0.2%     1     152.7  wait for the question
   22        63.1    0.1%     3      21.0  read the button again before Change
   23        58.6    0.1%     3      19.5  check the shop slot is empty
         74,878.9  100.0%
  Blessing Bead - Superior: 1 of 1 row(s) after that one
  urgent check: 4 row(s) processed since Chaos Core was last priced; Chaos Core holds 6 row(s), pricing and resupplying it now, not on the next pass
  Chaos Core Set 729,892 - Chaos Core 722,429 = 7,463
  a margin of 7,463 lets Chaos Core be bought, and at 722,429 a core the price table wants 6 row(s); 6 held; not buying.

  margin check for Chaos Core: margin 7,463, not buying, 4,258 ms
    #         ms   share  step
    1        0.1    0.0%  wait out a war window if one is near
    2        0.2    0.0%  get_price: focus the game
    3      910.1   21.4%  get_price: click the Purchase tab + settle
    4      116.8    2.7%  get_price: is the Purchase tab showing
    5       31.1    0.7%  get_price: read row 1 before the search
    6      310.8    7.3%  get_price: click favourite slot 3
    7       28.0    0.7%  get_price: confirm the sort
    8      253.2    5.9%  get_price: poll row 1 until it answers (10 look(s), 1 read(s))
    9        0.2    0.0%  get_price: focus the game
   10      718.5   16.9%  get_price: wait out the gap since the last search
   11      308.1    7.2%  get_price: click favourite slot 4
   12        9.2    0.2%  get_price: confirm the sort
   13      285.6    6.7%  get_price: poll row 1 until it answers (11 look(s), 1 read(s))
   14      121.0    2.8%  back: is the Trade window open
   15      307.0    7.2%  back: click the Register tab
   16      600.4   14.1%  back: wait for the tab
   17      250.6    5.9%  back: park the cursor
   18        6.9    0.2%  not inside any step
          4257.8  100.0%  TOTAL
  tab 4 known from the last listing: 0 slot(s) held
  row 5: 'Force Core (Ultimate' x10 at 357,911 -> tab 4 slot (1, 1)
    floor 341,250 (341,250 x 1) from Force Core Set (Ultimate) as last bought; listed at 357,911, above it
TASK {"kind": "relist", "row": 5, "item": "Force Core (Ultimate", "qty": 10, "price": 357911, "tab": 4, "slot": [1, 1], "lands_in": 5}

  cancel row 5
    #         ms   share  step
    1      326.5    9.6%  click Refresh
    2      370.8   10.9%  scroll to the row
    3        0.0    0.0%  read the button of a row the run holds empty
    4      137.6    4.0%  read the row and its button
    5      517.2   15.2%  finish selecting inventory tab 4
    6        0.2    0.0%  check tab 4 before the withdrawal
    7        2.8    0.1%  work out the row, its floor and where it lands
    8       19.2    0.6%  check the shop slot is empty
    9       19.5    0.6%  read the button again before Change
   10        0.0    0.0%  scroll to the row again
   11        0.0    0.0%  check the row is the one the run listed
   12      292.1    8.6%  hover over Change and click it
   13       89.4    2.6%  find Cancel
   14      218.9    6.4%  click Cancel
   15       94.9    2.8%  find Confirmation
   16      213.5    6.3%  click Confirmation and park
   17      110.0    3.2%  wait for the dialog to close
   18      119.8    3.5%  wait for the item to land in tab 4
   19      873.9   25.7%  select inventory tab 4 after the withdrawal
          3406.3  100.0%  TOTAL
  inventory slot (1,1) at (1479, 236)
    read: current min 355,303, price field 355,303, net sales 355,303, week average 380,918, listed at 357,911
    the lowest listed price is 355,303, from the row and 3 more
    market 355,303, typing 355,302, 1 under the market
    net sales 3,553,020 is 10 x 355,302
  typed 250; the net sales make it 10
    the panel holds 355,302 against the 355,302 typed
  tab 4 read in 18 ms after the listing: 0 slot(s) held

  list 10 at 355,302
    #         ms   share  step
    1       22.8    0.5%  read the panel before loading
    2        0.1    0.0%  wait for slot (1,1) to fill
    3      790.0   16.6%  ctrl-click (1,1) attempt 1
    4      379.9    8.0%  read the suggested price
    5     1444.1   30.3%  type the price 355,302
    6      913.5   19.2%  type the quantity 250
    7      292.1    6.1%  take the quantity from the net sales
    8       88.4    1.9%  read the price back before Register
    9      220.0    4.6%  click Register
   10       93.7    2.0%  find Confirmation
   11       18.9    0.4%  look for the underprice question
   12      195.6    4.1%  click Confirmation
   13        0.4    0.0%  park
   14      117.3    2.5%  confirm the dialog is gone
   15      170.1    3.6%  wait for the panel to let the item go
   16       17.9    0.4%  read tab 4 after the listing
          4765.0  100.0%  TOTAL
  listed 10 at 355,302; it lands in row 5
DONE {"kind": "relist", "row": 5, "lands_in": 5, "qty": 10, "price": 355302, "item": "Force Core (Ultimate"}
    relisted 10 at 355,302 in row 5
  row 6: SKIPPED and it should not have been. The row reads '1 181,130,882 On Sale Change'
    parsed  nothing
    button  'Change', box reads 'Change'
  tab 4 known from the last listing: 0 slot(s) held
  row 7: 'Extreme Core (Lv. 10' x1 at 29,800,000 -> tab 4 slot (1, 1)
    no floor for 'Extreme Core (Lv. 10'
TASK {"kind": "relist", "row": 7, "item": "Extreme Core (Lv. 10", "qty": 1, "price": 29800000, "tab": 4, "slot": [1, 1], "lands_in": 7}

  cancel row 7
    #         ms   share  step
    1      324.7    7.4%  click Refresh
    2      371.2    8.4%  scroll to the row
    3        0.0    0.0%  read the button of a row the run holds empty
    4      283.6    6.4%  read the row and its button
    5      517.0   11.7%  finish selecting inventory tab 4
    6        0.2    0.0%  check tab 4 before the withdrawal
    7      370.5    8.4%  work out the row, its floor and where it lands
    8       17.4    0.4%  check the shop slot is empty
    9       18.7    0.4%  read the button again before Change
   10        0.0    0.0%  scroll to the row again
   11        0.0    0.0%  check the row is the one the run listed
   12      793.2   18.0%  hover over Change and click it
   13       92.0    2.1%  find Cancel
   14      221.2    5.0%  click Cancel
   15       93.4    2.1%  find Confirmation
   16      215.1    4.9%  click Confirmation and park
   17      106.4    2.4%  wait for the dialog to close
   18      106.4    2.4%  wait for the item to land in tab 4
   19      874.5   19.9%  select inventory tab 4 after the withdrawal
          4405.4  100.0%  TOTAL
  inventory slot (1,1) at (1479, 236)
    read: current min 27,452,059, price field 27,452,059, net sales 27,452,059, week average 27,452,059, listed at 29,800,000
    the lowest listed price is 27,452,059, from the row and 3 more
    the market asks 27,452,058, 2,347,942 under our 29,800,000; holding at 29,790,000, the most this row may fall in one relist
    market 27,452,059, typing 29,790,000, 2,337,941 over the market
    net sales 29,790,000 is 1 x 29,790,000
  typed 250; the net sales make it 1
    the panel holds 29,790,000 against the 29,790,000 typed
  tab 4 read in 17 ms after the listing: 0 slot(s) held

  list 1 at 29,790,000
    #         ms   share  step
    1       24.4    0.5%  read the panel before loading
    2        0.1    0.0%  wait for slot (1,1) to fill
    3      793.0   16.1%  ctrl-click (1,1) attempt 1
    4      383.1    7.8%  read the suggested price
    5     1587.7   32.3%  type the price 29,790,000
    6      911.4   18.5%  type the quantity 250
    7      298.3    6.1%  take the quantity from the net sales
    8       94.0    1.9%  read the price back before Register
    9      216.7    4.4%  click Register
   10       93.6    1.9%  find Confirmation
   11       19.3    0.4%  look for the underprice question
   12      195.2    4.0%  click Confirmation
   13        0.4    0.0%  park
   14      110.7    2.3%  confirm the dialog is gone
   15      168.8    3.4%  wait for the panel to let the item go
   16       17.3    0.4%  read tab 4 after the listing
          4913.9  100.0%  TOTAL
  listed 1 at 29,790,000; it lands in row 7
DONE {"kind": "relist", "row": 7, "lands_in": 7, "qty": 1, "price": 29790000, "item": "Extreme Core (Lv. 10"}
    relisted 1 at 29,790,000 in row 7
  tab 4 known from the last listing: 0 slot(s) held
  row 8: 'Extreme Core (Lv. 11' x1 at 49,000,000 -> tab 4 slot (1, 1)
    no floor for 'Extreme Core (Lv. 11'
TASK {"kind": "relist", "row": 8, "item": "Extreme Core (Lv. 11", "qty": 1, "price": 49000000, "tab": 4, "slot": [1, 1], "lands_in": 8}

  cancel row 8
    #         ms   share  step
    1      324.6    7.3%  click Refresh
    2      371.3    8.4%  scroll to the row
    3        0.0    0.0%  read the button of a row the run holds empty
    4      284.0    6.4%  read the row and its button
    5      517.6   11.7%  finish selecting inventory tab 4
    6        0.2    0.0%  check tab 4 before the withdrawal
    7      369.7    8.4%  work out the row, its floor and where it lands
    8       17.8    0.4%  check the shop slot is empty
    9       19.5    0.4%  read the button again before Change
   10        0.0    0.0%  scroll to the row again
   11        0.0    0.0%  check the row is the one the run listed
   12      792.9   17.9%  hover over Change and click it
   13       88.1    2.0%  find Cancel
   14      220.2    5.0%  click Cancel
   15       95.1    2.1%  find Confirmation
   16      217.9    4.9%  click Confirmation and park
   17      109.2    2.5%  wait for the dialog to close
   18      120.1    2.7%  wait for the item to land in tab 4
   19      874.4   19.8%  select inventory tab 4 after the withdrawal
          4422.4  100.0%  TOTAL
  inventory slot (1,1) at (1479, 236)
    read: current min 49,000,000, price field 49,000,000, net sales 49,000,000, week average 46,287,893, listed at 49,000,000
    the lowest listed price is 49,000,000, from the row and 3 more
    market 49,000,000, typing 48,999,999, 1 under the market
    net sales 48,999,999 is 1 x 48,999,999
  typed 250; the net sales make it 1
    the panel holds 48,999,999 against the 48,999,999 typed
  tab 4 read in 17 ms after the listing: 0 slot(s) held

  list 1 at 48,999,999
    #         ms   share  step
    1       22.9    0.5%  read the panel before loading
    2        0.1    0.0%  wait for slot (1,1) to fill
    3      793.0   16.2%  ctrl-click (1,1) attempt 1
    4      385.4    7.9%  read the suggested price
    5     1582.0   32.2%  type the price 48,999,999
    6      912.1   18.6%  type the quantity 250
    7      295.2    6.0%  take the quantity from the net sales
    8       95.7    2.0%  read the price back before Register
    9      213.9    4.4%  click Register
   10       96.3    2.0%  find Confirmation
   11       18.2    0.4%  look for the underprice question
   12      194.8    4.0%  click Confirmation
   13        0.4    0.0%  park
   14      111.9    2.3%  confirm the dialog is gone
   15      170.1    3.5%  wait for the panel to let the item go
   16       17.0    0.3%  read tab 4 after the listing
          4909.1  100.0%  TOTAL
  listed 1 at 48,999,999; it lands in row 8
DONE {"kind": "relist", "row": 8, "lands_in": 8, "qty": 1, "price": 48999999, "item": "Extreme Core (Lv. 11"}
    relisted 1 at 48,999,999 in row 8
  tab 4 known from the last listing: 0 slot(s) held
  row 9: 'Chaos Core Set X 72' x1 at 52,559,639 -> tab 4 slot (1, 1)
    floor 52,110,576 (723,758 x 72) from Chaos Core as last bought; listed at 52,559,639, above it
TASK {"kind": "relist", "row": 9, "item": "Chaos Core Set X 72", "qty": 1, "price": 52559639, "tab": 4, "slot": [1, 1], "lands_in": 9}

  cancel row 9
    #         ms   share  step
    1      323.3    9.4%  click Refresh
    2      371.2   10.8%  scroll to the row
    3        0.0    0.0%  read the button of a row the run holds empty
    4      155.1    4.5%  read the row and its button
    5      518.3   15.0%  finish selecting inventory tab 4
    6        0.2    0.0%  check tab 4 before the withdrawal
    7        3.1    0.1%  work out the row, its floor and where it lands
    8       20.1    0.6%  check the shop slot is empty
    9       20.3    0.6%  read the button again before Change
   10        0.0    0.0%  scroll to the row again
   11        0.0    0.0%  check the row is the one the run listed
   12      292.2    8.5%  hover over Change and click it
   13       92.6    2.7%  find Cancel
   14      217.0    6.3%  click Cancel
   15       97.8    2.8%  find Confirmation
   16      210.3    6.1%  click Confirmation and park
   17      106.5    3.1%  wait for the dialog to close
   18      140.9    4.1%  wait for the item to land in tab 4
   19      877.1   25.5%  select inventory tab 4 after the withdrawal
          3445.8  100.0%  TOTAL
  inventory slot (1,1) at (1479, 236)
    read: current min 52,552,008, price field 52,552,008, net sales 52,552,008, week average 52,880,328, listed at 52,559,639
    the lowest listed price is 52,552,008, from the row and 3 more
    market 52,552,008, typing 52,552,007, 1 under the market
    net sales 52,552,007 is 1 x 52,552,007
  typed 250; the net sales make it 1
    the panel holds 52,552,007 against the 52,552,007 typed
  tab 4 read in 18 ms after the listing: 0 slot(s) held

  list 1 at 52,552,007
    #         ms   share  step
    1       25.7    0.5%  read the panel before loading
    2        0.1    0.0%  wait for slot (1,1) to fill
    3      791.0   16.1%  ctrl-click (1,1) attempt 1
    4      384.5    7.8%  read the suggested price
    5     1585.8   32.2%  type the price 52,552,007
    6      910.9   18.5%  type the quantity 250
    7      296.6    6.0%  take the quantity from the net sales
    8       88.2    1.8%  read the price back before Register
    9      219.2    4.5%  click Register
   10       93.8    1.9%  find Confirmation
   11       18.7    0.4%  look for the underprice question
   12      195.6    4.0%  click Confirmation
   13        0.4    0.0%  park
   14      119.2    2.4%  confirm the dialog is gone
   15      172.4    3.5%  wait for the panel to let the item go
   16       18.0    0.4%  read tab 4 after the listing
          4920.1  100.0%  TOTAL
  listed 1 at 52,552,007; it lands in row 9
DONE {"kind": "relist", "row": 9, "lands_in": 9, "qty": 1, "price": 52552007, "item": "Chaos Core Set X 72"}
    relisted 1 at 52,552,007 in row 9
  urgent check: 4 row(s) processed since Chaos Core was last priced; Chaos Core holds 6 row(s), pricing and resupplying it now, not on the next pass
  Chaos Core Set 729,891 - Chaos Core 722,429 = 7,462
  a margin of 7,462 lets Chaos Core be bought, and at 722,429 a core the price table wants 6 row(s); 6 held; not buying.

  margin check for Chaos Core: margin 7,462, not buying, 4,339 ms
    #         ms   share  step
    1        0.1    0.0%  wait out a war window if one is near
    2        0.2    0.0%  get_price: focus the game
    3      908.8   20.9%  get_price: click the Purchase tab + settle
    4      115.6    2.7%  get_price: is the Purchase tab showing
    5      105.9    2.4%  get_price: read row 1 before the search
    6      311.8    7.2%  get_price: click favourite slot 3
    7       33.6    0.8%  get_price: confirm the sort
    8      304.1    7.0%  get_price: poll row 1 until it answers (11 look(s), 1 read(s))
    9        0.2    0.0%  get_price: focus the game
   10      662.2   15.3%  get_price: wait out the gap since the last search
   11      308.9    7.1%  get_price: click favourite slot 4
   12        5.5    0.1%  get_price: confirm the sort
   13      291.5    6.7%  get_price: poll row 1 until it answers (10 look(s), 1 read(s))
   14      125.3    2.9%  back: is the Trade window open
   15      309.0    7.1%  back: click the Register tab
   16      600.3   13.8%  back: wait for the tab
   17      250.4    5.8%  back: park the cursor
   18        6.1    0.1%  not inside any step
          4339.3  100.0%  TOTAL
  tab 4 known from the last listing: 0 slot(s) held
  row 10: 'Upgrade Core (Ultimate' x207 at 456,635 -> tab 4 slot (1, 1)
    floor 415,583 (415,583 x 1) from Upgrade Core Set (Ultimate) as last bought; listed at 456,635, above it
TASK {"kind": "relist", "row": 10, "item": "Upgrade Core (Ultimate", "qty": 207, "price": 456635, "tab": 4, "slot": [1, 1], "lands_in": 10}

  cancel row 10
    #         ms   share  step
    1      324.1    9.3%  click Refresh
    2      371.6   10.7%  scroll to the row
    3        0.0    0.0%  read the button of a row the run holds empty
    4      194.4    5.6%  read the row and its button
    5      519.9   14.9%  finish selecting inventory tab 4
    6        0.2    0.0%  check tab 4 before the withdrawal
    7        4.0    0.1%  work out the row, its floor and where it lands
    8       19.6    0.6%  check the shop slot is empty
    9       19.9    0.6%  read the button again before Change
   10        0.0    0.0%  scroll to the row again
   11        0.0    0.0%  check the row is the one the run listed
   12      289.8    8.3%  hover over Change and click it
   13       91.3    2.6%  find Cancel
   14      219.0    6.3%  click Cancel
   15       92.8    2.7%  find Confirmation
   16      215.5    6.2%  click Confirmation and park
   17      105.3    3.0%  wait for the dialog to close
   18      136.8    3.9%  wait for the item to land in tab 4
   19      877.9   25.2%  select inventory tab 4 after the withdrawal
          3481.8  100.0%  TOTAL
  inventory slot (1,1) at (1479, 236)
    read: current min 455,981, price field 455,981, net sales 455,981, week average 467,095, listed at 456,635
    the lowest listed price is 455,981, from the row and 3 more
    market 455,981, typing 455,980, 1 under the market
    net sales 94,387,860 is 207 x 455,980
  typed 250; the net sales make it 207
    the panel holds 455,980 against the 455,980 typed
  tab 4 read in 18 ms after the listing: 0 slot(s) held

  list 207 at 455,980
    #         ms   share  step
    1       23.7    0.5%  read the panel before loading
    2        0.1    0.0%  wait for slot (1,1) to fill
    3      791.8   16.5%  ctrl-click (1,1) attempt 1
    4      381.7    8.0%  read the suggested price
    5     1445.5   30.2%  type the price 455,980
    6      912.4   19.0%  type the quantity 250
    7      302.0    6.3%  take the quantity from the net sales
    8       91.6    1.9%  read the price back before Register
    9      219.7    4.6%  click Register
   10       92.3    1.9%  find Confirmation
   11       20.0    0.4%  look for the underprice question
   12      199.6    4.2%  click Confirmation
   13        0.4    0.0%  park
   14      117.8    2.5%  confirm the dialog is gone
   15      173.6    3.6%  wait for the panel to let the item go
   16       17.9    0.4%  read tab 4 after the listing
          4790.2  100.0%  TOTAL
  listed 207 at 455,980; it lands in row 10
DONE {"kind": "relist", "row": 10, "lands_in": 10, "qty": 207, "price": 455980, "item": "Upgrade Core (Ultimate"}
    relisted 207 at 455,980 in row 10
  tab 4 known from the last listing: 0 slot(s) held
  row 11: "Minesta's Chaos Fighter Belt + 15" x1 at 273,771,413 -> tab 4 slot (1, 1)
    no floor for "Minesta's Chaos Fighter Belt + 15"
TASK {"kind": "relist", "row": 11, "item": "Minesta's Chaos Fighter Belt + 15", "qty": 1, "price": 273771413, "tab": 4, "slot": [1, 1], "lands_in": 11}

  cancel row 11
    #         ms   share  step
    1      323.1    7.2%  click Refresh
    2      371.5    8.3%  scroll to the row
    3        0.0    0.0%  read the button of a row the run holds empty
    4      319.7    7.2%  read the row and its button
    5      512.9   11.5%  finish selecting inventory tab 4
    6        0.2    0.0%  check tab 4 before the withdrawal
    7      375.6    8.4%  work out the row, its floor and where it lands
    8       16.4    0.4%  check the shop slot is empty
    9       19.9    0.4%  read the button again before Change
   10        0.0    0.0%  scroll to the row again
   11        0.0    0.0%  check the row is the one the run listed
   12      794.3   17.8%  hover over Change and click it
   13       94.1    2.1%  find Cancel
   14      220.7    4.9%  click Cancel
   15       93.5    2.1%  find Confirmation
   16      215.9    4.8%  click Confirmation and park
   17      100.0    2.2%  wait for the dialog to close
   18      133.6    3.0%  wait for the item to land in tab 4
   19      877.3   19.6%  select inventory tab 4 after the withdrawal
          4468.5  100.0%  TOTAL
  inventory slot (1,1) at (1479, 236)
  STOPPED: tab 4 slot (1,1) is still empty 3s after the withdrawal. Nothing listed.

2 pass(es), 0 relisted, 0 empty, 0 skipped in 616s

PROFIT THIS RUN -- each sale against its row's cost: what this run bought at what it paid, stock it started with at the start-up market price; unsold lots at the price they were bought against
  item                              profit   units  margin        revenue           cost
  Blessing Bead - Superior       6,367,772       1    3.7%    169,999,992    163,632,220
  ------------------------------------------------------------------------------------
  SOLD                           6,367,772       1    3.7%    169,999,992    163,632,220
  bought this run and still unsold, taken as sold at the price each lot was bought against:
    chaoscore                        717 core(s)     518,171,890 Alz paid    +5,170,034
    upgradecoreultimate              255 core(s)     105,973,665 Alz paid   +10,303,020
  ------------------------------------------------------------------------------------
  RUN CLOSED                    21,840,826   (6,367,772 realised, +15,473,054 assumed)
  started 05:57:21, ended 06:09:57, ran for 12m 36s

##################################################################################

  ########  ##########    ######    ########    ########    ##########  ########  
  ########  ##########    ######    ########    ########    ##########  ########  
##              ##      ##      ##  ##      ##  ##      ##  ##          ##      ##
##              ##      ##      ##  ##      ##  ##      ##  ##          ##      ##
##              ##      ##      ##  ##      ##  ##      ##  ##          ##      ##
##              ##      ##      ##  ##      ##  ##      ##  ##          ##      ##
  ######        ##      ##      ##  ########    ########    ########    ##      ##
  ######        ##      ##      ##  ########    ########    ########    ##      ##
        ##      ##      ##      ##  ##          ##          ##          ##      ##
        ##      ##      ##      ##  ##          ##          ##          ##      ##
        ##      ##      ##      ##  ##          ##          ##          ##      ##
        ##      ##      ##      ##  ##          ##          ##          ##      ##
########        ##        ######    ##          ##          ##########  ########  
########        ##        ######    ##          ##          ##########  ########  

##################################################################################
  stopped: tab 4 slot (1,1) is still empty 3s after the withdrawal. Nothing listed.

