id,at,run,item,price,spend,qty,note,expect
1,2026-09-23T23:49:53,2026-09-23T23:45:50,Chaos Core,730000,730000,1,,
2,2026-09-23T23:52:42,2026-09-23T23:45:50,Chaos Core,709599,19159173,27,,727159
3,2026-09-23T23:54:14,2026-09-23T23:45:50,Divine Stone,698885,698885,1,,
4,2026-09-23T23:57:44,2026-09-23T23:45:50,Divine Stone,698885,698885,1,,
5,2026-09-24T00:40:04,2026-09-24T00:37:43,Divine Stone,698885,698885,1,,
6,2026-09-24T00:40:48,2026-09-24T00:37:43,Force Core Set (High) X 67,190066,12734422,67,,195904
7,2026-09-24T00:40:51,2026-09-24T00:37:43,Force Core Set (High) X 240,190066,45615840,240,,195904
8,2026-09-24T00:41:43,2026-09-24T00:37:43,Upgrade Core Set (Ultimate) X 1,440440,440440,1,,452208
9,2026-09-24T00:41:48,2026-09-24T00:37:43,Upgrade Core Set (Ultimate) X 10,440440,8808800,20,,452208
10,2026-09-24T00:41:52,2026-09-24T00:37:43,Upgrade Core Set (Ultimate) X 15,440440,6606600,15,,452208
11,2026-09-24T00:43:07,2026-09-24T00:37:43,Chaos Core,715203,715203,1,,
12,2026-09-24T00:43:41,2026-09-24T00:37:43,Divine Stone,698885,698885,1,,
13,2026-09-24T00:44:49,2026-09-24T00:37:43,Chaos Core,715203,60077052,84,,727136
14,2026-09-24T00:44:54,2026-09-24T00:37:43,Chaos Core,714591,27154458,38,,727136
15,2026-09-24T00:45:17,2026-09-24T00:37:43,Chaos Core,724591,724591,1,,727136
16,2026-09-24T00:48:26,2026-09-24T00:37:43,Chaos Core,715903,49397307,69,,727133
17,2026-09-24T00:49:37,2026-09-24T00:37:43,Upgrade Core Set (Ultimate) X 14,440440,6166160,14,,452204
18,2026-09-24T00:49:40,2026-09-24T00:37:43,Upgrade Core Set (Ultimate) X 226,440440,99539440,226,,452204
19,2026-09-24T00:51:06,2026-09-24T00:37:43,Divine Stone,698885,698885,1,,
20,2026-09-24T00:54:50,2026-09-24T00:37:43,Chaos Core,724591,724591,1,,
21,2026-09-24T00:55:25,2026-09-24T00:37:43,Divine Stone,698885,698885,1,,
22,2026-09-24T00:58:30,2026-09-24T00:37:43,Upgrade Core Set (Ultimate) X 3,440433,1321300,3,,452193
23,2026-09-24T00:59:34,2026-09-24T00:37:43,Chaos Core,724591,724591,1,,
24,2026-09-24T01:00:08,2026-09-24T00:37:43,Divine Stone,698885,698885,1,,
25,2026-09-24T01:04:26,2026-09-24T00:37:43,Chaos Core,723480,723480,1,,
26,2026-09-24T01:05:00,2026-09-24T00:37:43,Divine Stone,698885,698885,1,,
27,2026-09-24T01:11:49,2026-09-24T00:37:43,Divine Stone,698885,698885,1,,
28,2026-09-24T01:15:06,2026-09-24T00:37:43,Divine Stone,698885,698885,1,,
29,2026-09-24T01:17:41,2026-09-24T00:37:43,Chaos Core,720632,42517288,59,,727116
30,2026-09-24T01:17:49,2026-09-24T00:37:43,Chaos Core,720632,38914128,54,,727116
31,2026-09-24T01:19:12,2026-09-24T00:37:43,Chaos Core,720632,86475840,120,,727116
32,2026-09-24T01:19:21,2026-09-24T00:37:43,Chaos Core,720632,720632,1,,727116
33,2026-09-24T01:20:35,2026-09-24T00:37:43,Chaos Core,720632,54047400,75,,727112
34,2026-09-24T01:22:01,2026-09-24T00:37:43,Chaos Core,723480,723480,1,,
35,2026-09-24T01:22:35,2026-09-24T00:37:43,Divine Stone,698885,698885,1,,
36,2026-09-24T01:25:39,2026-09-24T00:37:43,Chaos Core,720632,83593312,116,,727105
37,2026-09-24T01:26:00,2026-09-24T00:37:43,Chaos Core,723480,723480,1,,727105
38,2026-09-24T01:27:28,2026-09-24T00:37:43,Chaos Core,723480,723480,1,,
39,2026-09-24T01:30:52,2026-09-24T00:37:43,Chaos Core,718396,178880604,249,,727096
40,2026-09-24T01:32:03,2026-09-24T00:37:43,Divine Stone,693823,68688477,99,,700000
41,2026-09-24T01:35:11,2026-09-24T00:37:43,Chaos Core,720632,35310968,49,,727092
42,2026-09-24T01:35:36,2026-09-24T00:37:43,Chaos Core,723480,723480,1,,727092
43,2026-09-24T01:35:51,2026-09-24T00:37:43,Chaos Core,723480,723480,1,,727092
44,2026-09-24T01:38:59,2026-09-24T00:37:43,Force Core Set (Highest) X 4,195555,782220,4,,204907
45,2026-09-24T01:39:04,2026-09-24T00:37:43,Force Core Set (Highest) X 10,195555,23466600,120,,204907
46,2026-09-24T01:39:07,2026-09-24T00:37:43,Force Core Set (Highest) X 17,195555,3324435,17,,204907
47,2026-09-24T01:39:11,2026-09-24T00:37:43,Force Core Set (Highest) X 277,195555,54168735,277,,204907
48,2026-09-24T01:40:07,2026-09-24T00:37:43,Force Core Set (Highest) X 113,196773,22235349,113,,204905
49,2026-09-24T01:40:11,2026-09-24T00:37:43,Force Core Set (Highest) X 10,196774,17709660,90,,204905
50,2026-09-24T01:40:58,2026-09-24T00:37:43,Chaos Core,716499,716499,1,,
51,2026-09-24T01:41:33,2026-09-24T00:37:43,Divine Stone,698885,698885,1,,
52,2026-09-24T01:45:17,2026-09-24T00:37:43,Chaos Core,716499,50154930,70,,727083
53,2026-09-24T01:45:28,2026-09-24T00:37:43,Chaos Core,723480,1446960,2,,727083
54,2026-09-24T01:46:34,2026-09-24T00:37:43,Chaos Core,723480,723480,1,,
55,2026-09-24T01:47:08,2026-09-24T00:37:43,Divine Stone,698885,698885,1,,
56,2026-09-24T01:51:23,2026-09-24T00:37:43,Chaos Core,723480,723480,1,,
57,2026-09-24T01:55:56,2026-09-24T00:37:43,Chaos Core,723480,723480,1,,
58,2026-09-24T01:57:55,2026-09-24T00:37:43,Chaos Core,715903,26488411,37,,727066
59,2026-09-24T01:58:12,2026-09-24T00:37:43,Chaos Core,723480,1446960,2,,727066
60,2026-09-24T01:58:53,2026-09-24T00:37:43,Chaos Core,715903,29352023,41,,727063
61,2026-09-24T01:59:09,2026-09-24T00:37:43,Chaos Core,723480,723480,1,,727063
62,2026-09-24T02:01:04,2026-09-24T00:37:43,Chaos Core,715903,21477090,30,,727062
63,2026-09-24T02:01:12,2026-09-24T00:37:43,Chaos Core,715903,32215635,45,,727062
64,2026-09-24T02:01:22,2026-09-24T00:37:43,Chaos Core,715903,81612942,114,,727062
65,2026-09-24T02:02:19,2026-09-24T00:37:43,Chaos Core,715903,715903,1,,727065
66,2026-09-24T02:02:35,2026-09-24T00:37:43,Chaos Core,723480,1446960,2,,727065
67,2026-09-24T02:04:42,2026-09-24T00:37:43,Chaos Core,715903,49397307,69,,727062
68,2026-09-24T02:05:33,2026-09-24T00:37:43,Divine Stone,693698,47865162,69,,700000
69,2026-09-24T02:09:48,2026-09-24T00:37:43,Chaos Core,714622,81466908,114,,727057
70,2026-09-24T02:09:56,2026-09-24T00:37:43,Chaos Core,714622,81466908,114,,727057
71,2026-09-24T02:10:56,2026-09-24T00:37:43,Chaos Core,714055,714055,1,,727055
72,2026-09-24T02:11:06,2026-09-24T00:37:43,Chaos Core,714622,77893798,109,,727055
73,2026-09-24T02:11:31,2026-09-24T00:37:43,Chaos Core,723480,723480,1,,727055
74,2026-09-24T02:16:14,2026-09-24T00:37:43,Chaos Core,712153,75488218,106,,727050
75,2026-09-24T02:16:19,2026-09-24T00:37:43,Chaos Core,711541,31307804,44,,727050
76,2026-09-24T02:16:44,2026-09-24T00:37:43,Chaos Core,714055,55696290,78,,727050
77,2026-09-24T02:18:08,2026-09-24T00:37:43,Chaos Core,712813,29938146,42,,727045
78,2026-09-24T02:18:14,2026-09-24T00:37:43,Chaos Core,711540,81115560,114,,727045
79,2026-09-24T02:29:00,2026-09-24T00:37:43,Chaos Core,709259,51775907,73,,727026
80,2026-09-24T02:29:08,2026-09-24T00:37:43,Chaos Core,711016,102386304,144,,727026
81,2026-09-24T02:29:17,2026-09-24T00:37:43,Chaos Core,711540,1423080,2,,727026
82,2026-09-24T02:44:37,2026-09-24T02:42:08,Chaos Core,714442,714442,1,,
83,2026-09-24T02:45:10,2026-09-24T02:42:08,Chaos Core,714442,67871990,95,,727009
84,2026-09-24T02:45:19,2026-09-24T02:42:08,Chaos Core,715000,144430000,202,,727009
85,2026-09-24T02:46:21,2026-09-24T02:42:08,Upgrade Core Set (Ultimate) X 1,444695,444695,1,,452115
86,2026-09-24T02:46:51,2026-09-24T02:42:08,Divine Stone,688639,22725087,33,,699999
87,2026-09-24T02:46:59,2026-09-24T02:42:08,Divine Stone,688639,75750290,110,,699999
88,2026-09-24T02:47:08,2026-09-24T02:42:08,Divine Stone,688639,2754556,4,,699999
89,2026-09-24T02:48:01,2026-09-24T02:42:08,Divine Stone,688639,92966265,135,,699998
90,2026-09-24T02:48:11,2026-09-24T02:42:08,Divine Stone,688639,16527336,24,,699998
91,2026-09-24T02:49:19,2026-09-24T02:42:08,Divine Stone,688639,14461419,21,,699997
92,2026-09-24T02:49:29,2026-09-24T02:42:08,Divine Stone,688639,7575029,11,,699997
93,2026-09-24T02:49:49,2026-09-24T02:42:08,Divine Stone,698885,698885,1,,699997
94,2026-09-24T02:52:33,2026-09-24T02:42:08,Chaos Core,723480,723480,1,,
95,2026-09-24T02:56:19,2026-09-24T02:42:08,Divine Stone,688639,688639,1,,
96,2026-09-24T02:58:11,2026-09-24T02:42:08,Chaos Core,723480,723480,1,,
97,2026-09-24T03:01:17,2026-09-24T02:42:08,Upgrade Core Set (Ultimate) X 35,440439,15415365,35,,452105
98,2026-09-24T03:02:20,2026-09-24T02:42:08,Divine Stone,698885,698885,1,,
99,2026-09-24T03:06:53,2026-09-24T02:42:08,Chaos Core,722169,722169,1,,
100,2026-09-24T03:13:46,2026-09-24T02:42:08,Chaos Core,719068,46739420,65,,726962
101,2026-09-24T03:13:54,2026-09-24T02:42:08,Chaos Core,719068,30919924,43,,726962
102,2026-09-24T03:14:03,2026-09-24T02:42:08,Chaos Core,719068,135903852,189,,726962
103,2026-09-24T04:12:10,2026-09-24T04:09:20,Chaos Core,705452,175657548,249,,724622
104,2026-09-24T04:13:19,2026-09-24T04:09:20,Chaos Core,709836,8518032,12,,724621
105,2026-09-24T04:13:33,2026-09-24T04:09:20,Chaos Core,711668,12098356,17,,724621
106,2026-09-24T04:13:47,2026-09-24T04:09:20,Chaos Core,714000,8568000,12,,724621
107,2026-09-24T04:14:01,2026-09-24T04:09:20,Chaos Core,714000,2142000,3,,724621
108,2026-09-24T04:14:15,2026-09-24T04:09:20,Chaos Core,714856,714856,1,,724621
109,2026-09-24T04:14:31,2026-09-24T04:09:20,Chaos Core,714856,27164528,38,,724621
110,2026-09-24T04:14:46,2026-09-24T04:09:20,Chaos Core,714856,714856,1,,724621
111,2026-09-24T04:14:52,2026-09-24T04:09:20,Chaos Core,703714,703714,1,,724621
112,2026-09-24T04:14:57,2026-09-24T04:09:20,Chaos Core,704277,704277,1,,724621
113,2026-09-24T04:15:03,2026-09-24T04:09:20,Chaos Core,704825,704825,1,,724621
114,2026-09-24T04:15:09,2026-09-24T04:09:20,Chaos Core,705452,705452,1,,724621
115,2026-09-24T04:15:14,2026-09-24T04:09:20,Chaos Core,708023,708023,1,,724621
116,2026-09-24T04:15:20,2026-09-24T04:09:20,Chaos Core,709836,709836,1,,724621
117,2026-09-24T04:15:25,2026-09-24T04:09:20,Chaos Core,711668,711668,1,,724621
118,2026-09-24T04:15:31,2026-09-24T04:09:20,Chaos Core,714000,714000,1,,724621
119,2026-09-24T04:15:36,2026-09-24T04:09:20,Chaos Core,714000,714000,1,,724621
120,2026-09-24T04:15:43,2026-09-24T04:09:20,Chaos Core,714856,16441688,23,,724621
121,2026-09-24T04:15:48,2026-09-24T04:09:20,Chaos Core,714856,714856,1,,724621
122,2026-09-24T04:15:55,2026-09-24T04:09:20,Chaos Core,714856,22160536,31,,724621
123,2026-09-24T04:16:02,2026-09-24T04:09:20,Chaos Core,714856,1429712,2,,724621
124,2026-09-24T04:17:19,2026-09-24T04:09:20,Divine Stone,698885,698885,1,,
125,2026-09-24T04:33:56,2026-09-24T04:09:20,Chaos Core,705355,8464260,12,,724570
126,2026-09-24T04:34:06,2026-09-24T04:09:20,Chaos Core,706000,20474000,29,,724570
127,2026-09-24T04:34:18,2026-09-24T04:09:20,Chaos Core,706000,20474000,29,,724570
128,2026-09-24T04:34:30,2026-09-24T04:09:20,Chaos Core,706512,105270288,149,,724570
129,2026-09-24T04:43:09,2026-09-24T04:09:20,Divine Stone,698885,698885,1,,
130,2026-09-24T04:49:31,2026-09-24T04:09:20,Chaos Core,714856,714856,1,,
131,2026-09-24T04:53:24,2026-09-24T04:09:20,Divine Stone,698885,698885,1,,
132,2026-09-24T04:54:56,2026-09-24T04:09:20,Chaos Core,714856,714856,1,,
133,2026-09-24T04:58:50,2026-09-24T04:09:20,Divine Stone,698885,698885,1,,
134,2026-09-24T05:08:41,2026-09-24T04:09:20,Divine Stone,698885,698885,1,,
135,2026-09-24T05:14:43,2026-09-24T04:09:20,Chaos Core,704250,704250,1,,
136,2026-09-24T05:19:35,2026-09-24T04:09:20,Chaos Core,714850,714850,1,,
137,2026-09-24T05:22:56,2026-09-24T04:09:20,Force Core Set (High) X 91,183516,16700000,91,,189958
138,2026-09-24T05:25:00,2026-09-24T04:09:20,Chaos Core,714300,714300,1,,
139,2026-09-24T05:32:51,2026-09-24T04:09:20,Upgrade Core Set (Ultimate) X 1,442901,442901,1,,451937
140,2026-09-24T05:32:54,2026-09-24T04:09:20,Upgrade Core Set (Ultimate) X 3,442901,1328703,3,,451937
141,2026-09-24T05:32:58,2026-09-24T04:09:20,Upgrade Core Set (Ultimate) X 20,442901,8858020,20,,451937
142,2026-09-24T05:33:01,2026-09-24T04:09:20,Upgrade Core Set (Ultimate) X 24,442901,10629624,24,,451937
143,2026-09-24T05:33:05,2026-09-24T04:09:20,Upgrade Core Set (Ultimate) X 36,442901,15944436,36,,451937
144,2026-09-24T05:33:38,2026-09-24T04:09:20,Upgrade Core Set (Ultimate) X 44,442901,19487644,44,,451937
145,2026-09-24T05:33:42,2026-09-24T04:09:20,Upgrade Core Set (Ultimate) X 45,442901,19930545,45,,451937
146,2026-09-24T05:33:45,2026-09-24T04:09:20,Upgrade Core Set (Ultimate) X 66,442901,29231466,66,,451937
147,2026-09-24T05:33:49,2026-09-24T04:09:20,Upgrade Core Set (Ultimate) X 90,442901,39861090,90,,451937
148,2026-09-24T05:34:48,2026-09-24T04:09:20,Divine Stone,698885,698885,1,,
149,2026-09-24T05:40:03,2026-09-24T04:09:20,Chaos Core,713025,713025,1,,
150,2026-09-24T05:44:12,2026-09-24T04:09:20,Divine Stone,700000,700000,1,,
151,2026-09-24T05:48:57,2026-09-24T04:09:20,Divine Stone,700000,700000,1,,
152,2026-09-24T05:58:59,2026-09-24T04:09:20,Chaos Core,707700,707700,1,,
153,2026-09-24T06:01:44,2026-09-24T04:09:20,Upgrade Core Set (Ultimate) X 92,469773,43219116,92,,499999
154,2026-09-24T06:03:29,2026-09-24T04:09:20,Divine Stone,689726,689726,1,,
155,2026-09-24T06:04:24,2026-09-24T04:09:20,Chaos Core,714856,714856,1,,
156,2026-09-24T06:08:26,2026-09-24T04:09:20,Chaos Core,714855,714855,1,,
157,2026-09-24T06:11:56,2026-09-24T04:09:20,Divine Stone,689726,689726,1,,
158,2026-09-24T06:12:51,2026-09-24T04:09:20,Chaos Core,715900,715900,1,,
159,2026-09-24T06:16:04,2026-09-24T04:09:20,Divine Stone,700000,700000,1,,
160,2026-09-24T06:16:57,2026-09-24T04:09:20,Chaos Core,720000,720000,1,,
161,2026-09-24T06:20:04,2026-09-24T04:09:20,Divine Stone,700000,700000,1,,
162,2026-09-24T06:20:59,2026-09-24T04:09:20,Chaos Core,720000,720000,1,,
163,2026-09-24T06:24:10,2026-09-24T04:09:20,Divine Stone,700000,700000,1,,
164,2026-09-24T06:25:05,2026-09-24T04:09:20,Chaos Core,723480,723480,1,,
165,2026-09-24T06:35:07,2026-09-24T04:09:20,Upgrade Core Set (Ultimate) X 10,469773,93954600,200,,499993
166,2026-09-24T06:35:42,2026-09-24T04:09:20,Upgrade Core Set (Ultimate) X 10,469773,93954600,200,,499992
167,2026-09-24T06:36:40,2026-09-24T04:09:20,Divine Stone,700000,700000,1,,
168,2026-09-24T06:37:34,2026-09-24T04:09:20,Chaos Core,720999,720999,1,,
169,2026-09-24T06:41:24,2026-09-24T04:09:20,Divine Stone,700000,700000,1,,
170,2026-09-24T06:44:47,2026-09-24T04:09:20,Chaos Core,699387,55251573,79,,709970
171,2026-09-24T06:46:13,2026-09-24T04:09:20,Chaos Core,699387,34269963,49,,709970
172,2026-09-24T06:46:40,2026-09-24T04:09:20,Chaos Core,720431,720431,1,,709970
173,2026-09-24T06:48:15,2026-09-24T04:09:20,Divine Stone,700000,700000,1,,
174,2026-09-24T06:49:10,2026-09-24T04:09:20,Chaos Core,722000,722000,1,,
175,2026-09-24T06:52:39,2026-09-24T04:09:20,Divine Stone,700000,700000,1,,
176,2026-09-24T06:53:33,2026-09-24T04:09:20,Chaos Core,723000,723000,1,,
177,2026-09-24T06:57:03,2026-09-24T04:09:20,Divine Stone,700000,700000,1,,
178,2026-09-24T07:00:37,2026-09-24T04:09:20,Force Core Set (High) X 32,185000,5920000,32,,196800
179,2026-09-24T07:00:41,2026-09-24T04:09:20,Force Core Set (High) X 77,185000,14245000,77,,196800
180,2026-09-24T07:00:44,2026-09-24T04:09:20,Force Core Set (High) X 17,185941,3161000,17,,196800
181,2026-09-24T07:00:49,2026-09-24T04:09:20,Force Core Set (High) X 1,186000,558000,3,,196800
182,2026-09-24T07:00:54,2026-09-24T04:09:20,Force Core Set (High) X 1,186000,4650000,25,,196800
183,2026-09-24T07:01:27,2026-09-24T04:09:20,Force Core Set (High) X 51,186000,9486000,51,,196803
184,2026-09-24T07:01:31,2026-09-24T04:09:20,Force Core Set (High) X 114,186000,21204000,114,,196803
185,2026-09-24T07:01:34,2026-09-24T04:09:20,Force Core Set (High) X 21,186036,3906756,21,,196803
186,2026-09-24T07:01:39,2026-09-24T04:09:20,Force Core Set (High) X 11,186037,2046407,11,,196803
187,2026-09-24T07:02:22,2026-09-24T04:09:20,Force Core Set (High) X 46,186037,8557702,46,,196802
188,2026-09-24T07:02:26,2026-09-24T04:09:20,Force Core Set (High) X 57,186037,10604109,57,,196802
189,2026-09-24T07:03:25,2026-09-24T04:09:20,Divine Stone,700000,700000,1,,
190,2026-09-24T07:28:28,2026-09-24T07:25:14,Divine Stone,700000,700000,1,,
191,2026-09-24T07:33:17,2026-09-24T07:25:14,Divine Stone,700000,700000,1,,
192,2026-09-24T07:38:01,2026-09-24T07:25:14,Divine Stone,700000,700000,1,,
193,2026-09-24T07:38:56,2026-09-24T07:25:14,Chaos Core,697000,697000,1,,
194,2026-09-24T07:43:00,2026-09-24T07:25:14,Divine Stone,700000,700000,1,,
195,2026-09-24T07:52:01,2026-09-24T07:25:14,Divine Stone,700000,700000,1,,
196,2026-09-24T08:04:49,2026-09-24T07:25:14,Chaos Core,688752,50278896,73,,694983
197,2026-09-24T08:04:59,2026-09-24T07:25:14,Chaos Core,688752,150147936,218,,694983
198,2026-09-24T09:50:28,2026-09-24T09:47:21,Chaos Core,703960,18302960,26,,709972
199,2026-09-24T09:50:37,2026-09-24T09:47:21,Chaos Core,703960,170358320,242,,709972
200,2026-09-24T09:50:46,2026-09-24T09:47:21,Chaos Core,703968,1407936,2,,709972
201,2026-09-24T10:50:54,2026-09-24T10:48:22,Chaos Core,714629,714629,1,,
202,2026-09-24T10:51:29,2026-09-24T10:48:22,Chaos Core,714629,17151096,24,,724507
203,2026-09-24T10:51:34,2026-09-24T10:48:22,Chaos Core,714032,67833040,95,,724507
204,2026-09-24T10:51:48,2026-09-24T10:48:22,Chaos Core,714629,103621205,145,,724507
205,2026-09-24T10:52:55,2026-09-24T10:48:22,Chaos Core,714032,6426288,9,,724507
206,2026-09-24T10:53:13,2026-09-24T10:48:22,Chaos Core,714629,176513363,247,,724507
207,2026-09-24T10:54:47,2026-09-24T10:48:22,Chaos Core,715903,1431806,2,,724507
208,2026-09-24T10:56:05,2026-09-24T10:48:22,Chaos Core,715903,715903,1,,724507
209,2026-09-24T10:56:19,2026-09-24T10:48:22,Chaos Core,715903,81612942,114,,724507
210,2026-09-24T10:56:33,2026-09-24T10:48:22,Chaos Core,715903,12170351,17,,724507
211,2026-09-24T10:58:48,2026-09-24T10:48:22,Chaos Core,714629,714629,1,,
212,2026-09-24T11:00:01,2026-09-24T10:48:22,Chaos Core,714629,65745868,92,,724502
213,2026-09-24T11:00:13,2026-09-24T10:48:22,Chaos Core,715903,35079247,49,,724502
214,2026-09-24T11:00:27,2026-09-24T10:48:22,Chaos Core,715903,16465769,23,,724502
215,2026-09-24T11:00:39,2026-09-24T10:48:22,Chaos Core,715903,715903,1,,724502
216,2026-09-24T11:02:52,2026-09-24T10:48:22,Chaos Core,712050,4984350,7,,724498
217,2026-09-24T11:03:16,2026-09-24T10:48:22,Chaos Core,715000,112255000,157,,724498
218,2026-09-24T11:04:38,2026-09-24T10:48:22,Chaos Core,712050,712050,1,,724498
219,2026-09-24T11:05:40,2026-09-24T10:48:22,Divine Stone,694932,6254388,9,,699998
220,2026-09-24T11:05:49,2026-09-24T10:48:22,Divine Stone,694932,82696908,119,,699998
221,2026-09-24T11:05:59,2026-09-24T10:48:22,Divine Stone,694932,9034116,13,,699998
222,2026-09-24T11:06:11,2026-09-24T10:48:22,Divine Stone,694932,6254388,9,,699998
223,2026-09-24T11:07:49,2026-09-24T10:48:22,Divine Stone,700000,700000,1,,
224,2026-09-24T11:53:55,2026-09-24T11:51:10,Chaos Core,720000,720000,1,,
225,2026-09-24T11:54:25,2026-09-24T11:51:10,Divine Stone,685000,106175000,155,,700000
226,2026-09-24T11:54:31,2026-09-24T11:51:10,Divine Stone,685000,685000,1,,700000
227,2026-09-24T11:56:38,2026-09-24T11:51:10,Chaos Core,723480,723480,1,,
228,2026-09-24T11:57:25,2026-09-24T11:51:10,Divine Stone,685000,63020000,92,,699999
229,2026-09-24T11:57:35,2026-09-24T11:51:10,Divine Stone,689774,40006892,58,,699999
230,2026-09-24T11:58:36,2026-09-24T11:51:10,Divine Stone,689774,12415932,18,,699998
231,2026-09-24T11:58:48,2026-09-24T11:51:10,Divine Stone,689774,30350056,44,,699998
232,2026-09-24T11:59:00,2026-09-24T11:51:10,Divine Stone,689774,62769434,91,,699998
233,2026-09-24T12:12:47,2026-09-24T12:07:18,Divine Stone,689774,689774,1,,
234,2026-09-24T12:15:14,2026-09-24T12:07:18,Chaos Core,720454,71324946,99,,727257
235,2026-09-24T12:17:55,2026-09-24T12:07:18,Chaos Core,719779,25912044,36,,727254
236,2026-09-24T12:19:21,2026-09-24T12:07:18,Divine Stone,689774,85531976,124,,699993
237,2026-09-24T12:19:34,2026-09-24T12:07:18,Divine Stone,700000,1400000,2,,699993
238,2026-09-24T12:38:45,2026-09-24T12:36:12,Chaos Core,729464,729464,1,,
239,2026-09-24T12:39:18,2026-09-24T12:36:12,Force Core Set (High) X 20,182179,3643580,20,,189954
240,2026-09-24T12:39:21,2026-09-24T12:36:12,Force Core Set (High) X 22,182179,4007938,22,,189954
241,2026-09-24T12:39:25,2026-09-24T12:36:12,Force Core Set (High) X 39,182179,7105000,39,,189954
242,2026-09-24T12:42:15,2026-09-24T12:36:12,Chaos Core,735000,735000,1,,
243,2026-09-24T12:43:00,2026-09-24T12:36:12,Chaos Core,735000,7350000,10,,740000
244,2026-09-24T12:43:09,2026-09-24T12:36:12,Chaos Core,735000,2940000,4,,740000
245,2026-09-24T12:43:21,2026-09-24T12:36:12,Chaos Core,735000,28665000,39,,740000
246,2026-09-24T12:43:33,2026-09-24T12:36:12,Chaos Core,735000,43365000,59,,740000
247,2026-09-24T12:43:42,2026-09-24T12:36:12,Chaos Core,735000,147000000,200,,740000
248,2026-09-24T13:03:25,2026-09-24T13:00:58,Chaos Core,740000,740000,1,,
249,2026-09-24T13:04:30,2026-09-24T13:00:58,Divine Stone,700000,700000,1,,
250,2026-09-24T13:06:27,2026-09-24T13:00:58,Chaos Core,746077,746077,1,,
251,2026-09-24T13:25:17,2026-09-24T13:00:58,Chaos Core,749999,749999,1,,
252,2026-09-24T13:43:47,2026-09-24T13:00:58,Chaos Core,741578,184652922,249,,746995
253,2026-09-24T13:44:52,2026-09-24T13:00:58,Chaos Core,741578,40045212,54,,746994
254,2026-09-24T13:47:42,2026-09-24T13:00:58,Chaos Core,741578,741578,1,,
255,2026-09-24T13:52:09,2026-09-24T13:00:58,Chaos Core,741578,741578,1,,
256,2026-09-24T13:56:43,2026-09-24T13:00:58,Chaos Core,740896,740896,1,,
257,2026-09-24T13:59:07,2026-09-24T13:00:58,Chaos Core,740896,6668064,9,,746966
258,2026-09-24T14:00:22,2026-09-24T13:00:58,Divine Stone,700000,700000,1,,
259,2026-09-24T14:02:47,2026-09-24T13:00:58,Divine Stone,680000,62560000,92,,699935
260,2026-09-24T14:02:58,2026-09-24T13:00:58,Divine Stone,700000,700000,1,,699935
261,2026-09-24T14:04:22,2026-09-24T13:00:58,Chaos Core,738490,47263360,64,,746957
262,2026-09-24T14:04:34,2026-09-24T13:00:58,Chaos Core,738490,19200740,26,,746957
263,2026-09-24T14:08:43,2026-09-24T13:00:58,Chaos Core,740000,740000,1,,
264,2026-09-24T14:11:15,2026-09-24T13:00:58,Chaos Core,741578,68966754,93,,746936
265,2026-09-24T14:11:24,2026-09-24T13:00:58,Chaos Core,741578,40045212,54,,746936
266,2026-09-24T14:12:41,2026-09-24T13:00:58,Divine Stone,700000,700000,1,,
267,2026-09-24T14:14:31,2026-09-24T13:00:58,Chaos Core,743493,743493,1,,
268,2026-09-24T14:17:17,2026-09-24T13:00:58,Chaos Core,737425,5161975,7,,746919
269,2026-09-24T14:17:25,2026-09-24T13:00:58,Chaos Core,737425,14748500,20,,746919
270,2026-09-24T14:17:35,2026-09-24T13:00:58,Chaos Core,738025,45019525,61,,746919
271,2026-09-24T14:17:46,2026-09-24T13:00:58,Chaos Core,738025,8118275,11,,746919
272,2026-09-24T14:19:06,2026-09-24T13:00:58,Divine Stone,700000,700000,1,,
273,2026-09-24T14:23:51,2026-09-24T13:00:58,Divine Stone,700000,700000,1,,
274,2026-09-24T14:27:16,2026-09-24T13:00:58,Chaos Core,734480,2937920,4,,746891
275,2026-09-24T14:27:28,2026-09-24T13:00:58,Chaos Core,734480,42599840,58,,746891
276,2026-09-24T14:27:40,2026-09-24T13:00:58,Chaos Core,735144,5881152,8,,746891
277,2026-09-24T14:27:55,2026-09-24T13:00:58,Chaos Core,738025,5904200,8,,746891
278,2026-09-24T14:28:12,2026-09-24T13:00:58,Chaos Core,739025,2217075,3,,746891
279,2026-09-24T14:28:28,2026-09-24T13:00:58,Chaos Core,741578,741578,1,,746891
280,2026-09-24T14:28:44,2026-09-24T13:00:58,Chaos Core,740910,740910,1,,746891
281,2026-09-24T14:29:06,2026-09-24T13:00:58,Chaos Core,734480,734480,1,,746891
282,2026-09-24T15:42:30,2026-09-24T15:39:36,Divine Stone,688888,2755552,4,,701268
283,2026-09-24T15:42:38,2026-09-24T15:39:36,Divine Stone,688888,15844424,23,,701268
284,2026-09-24T15:43:51,2026-09-24T15:39:36,Divine Stone,688888,688888,1,,
285,2026-09-24T15:45:03,2026-09-24T15:39:36,Divine Stone,688888,6199992,9,,701267
286,2026-09-24T15:46:19,2026-09-24T15:39:36,Divine Stone,683861,12993359,19,,701266
287,2026-09-24T15:46:36,2026-09-24T15:39:36,Divine Stone,700000,1400000,2,,701266
288,2026-09-24T15:47:33,2026-09-24T15:39:36,Chaos Core,749387,749387,1,,
289,2026-09-24T16:00:34,2026-09-24T15:39:36,Chaos Core,750000,750000,1,,
290,2026-09-24T16:07:23,2026-09-24T15:39:36,Chaos Core,750000,750000,1,,
291,2026-09-24T16:09:37,2026-09-24T15:39:36,Divine Stone,700000,44800000,64,,715555
292,2026-09-24T16:09:42,2026-09-24T15:39:36,Divine Stone,700000,700000,1,,715555
293,2026-09-24T16:09:50,2026-09-24T15:39:36,Divine Stone,700000,700000,1,,715555
294,2026-09-24T16:10:00,2026-09-24T15:39:36,Divine Stone,700000,41300000,59,,715555
295,2026-09-24T16:10:11,2026-09-24T15:39:36,Divine Stone,700000,21700000,31,,715555
296,2026-09-24T16:12:35,2026-09-24T15:39:36,Divine Stone,700000,4900000,7,,715554
297,2026-09-24T16:12:47,2026-09-24T15:39:36,Divine Stone,700000,7000000,10,,715554
298,2026-09-24T16:13:00,2026-09-24T15:39:36,Divine Stone,700000,12600000,18,,715554
299,2026-09-24T16:13:15,2026-09-24T15:39:36,Divine Stone,700000,27300000,39,,715554
300,2026-09-24T16:13:31,2026-09-24T15:39:36,Divine Stone,700000,49000000,70,,715554
301,2026-09-24T16:14:53,2026-09-24T15:39:36,Chaos Core,743633,743633,1,,750742
302,2026-09-24T16:16:19,2026-09-24T15:39:36,Chaos Core,750000,1500000,2,,750742
303,2026-09-24T16:17:11,2026-09-24T15:39:36,Divine Stone,700000,96600000,138,,715554
304,2026-09-24T16:18:02,2026-09-24T15:39:36,Divine Stone,700000,102900000,147,,715554
305,2026-09-24T16:19:23,2026-09-24T15:39:36,Divine Stone,700000,700000,1,,
306,2026-09-24T16:20:23,2026-09-24T15:39:36,Chaos Core,748240,748240,1,,
307,2026-09-24T16:21:13,2026-09-24T15:39:36,Divine Stone,694932,31271940,45,,715552
308,2026-09-24T16:21:22,2026-09-24T15:39:36,Divine Stone,700000,7000000,10,,715552
309,2026-09-24T16:21:37,2026-09-24T15:39:36,Divine Stone,700000,25200000,36,,715552
310,2026-09-24T16:21:52,2026-09-24T15:39:36,Divine Stone,700000,13300000,19,,715552
311,2026-09-24T16:22:09,2026-09-24T15:39:36,Divine Stone,700000,38500000,55,,715552
312,2026-09-24T16:25:45,2026-09-24T15:39:36,Chaos Core,715903,715903,1,,
313,2026-09-24T16:28:30,2026-09-24T15:39:36,Chaos Core,715347,57227760,80,,750720
314,2026-09-24T16:28:40,2026-09-24T15:39:36,Chaos Core,715903,96646905,135,,750720
315,2026-09-24T16:28:50,2026-09-24T15:39:36,Chaos Core,715903,715903,1,,750720
316,2026-09-24T16:29:51,2026-09-24T15:39:36,Chaos Core,714687,32875602,46,,750716
317,2026-09-24T16:30:05,2026-09-24T15:39:36,Chaos Core,740000,170200000,230,,750716
318,2026-09-24T16:38:29,2026-09-24T15:39:36,Force Core Set (Highest) X 351,180000,63180000,351,,202973
319,2026-09-24T16:39:48,2026-09-24T15:39:36,Divine Stone,700000,700000,1,,
320,2026-09-24T16:41:50,2026-09-24T15:39:36,Divine Stone,700000,58100000,83,,715542
321,2026-09-24T16:41:59,2026-09-24T15:39:36,Divine Stone,700000,16800000,24,,715542
322,2026-09-24T16:43:26,2026-09-24T15:39:36,Divine Stone,700000,20300000,29,,715542
323,2026-09-24T16:43:37,2026-09-24T15:39:36,Divine Stone,700000,7700000,11,,715542
324,2026-09-24T16:44:42,2026-09-24T15:39:36,Force Core Set (Highest) X 85,181900,15461500,85,,202966
325,2026-09-24T16:44:46,2026-09-24T15:39:36,Force Core Set (Highest) X 117,181900,21282300,117,,202966
326,2026-09-24T16:46:04,2026-09-24T15:39:36,Chaos Core,748240,748240,1,,
327,2026-09-24T16:53:23,2026-09-24T15:39:36,Chaos Core,744645,35742960,48,,750677
328,2026-09-24T16:53:34,2026-09-24T15:39:36,Chaos Core,745203,178103517,239,,750677
329,2026-09-24T16:53:38,2026-09-24T15:39:36,Chaos Core,744070,744070,1,,750677
330,2026-09-24T17:59:07,2026-09-24T15:39:36,Force Core Set (High) X 1,185937,9482787,51,,195401
331,2026-09-24T17:59:12,2026-09-24T15:39:36,Force Core Set (High) X 2,185937,27890550,150,,195401
332,2026-09-24T17:59:46,2026-09-24T15:39:36,Force Core Set (High) X 2,185937,6321858,34,,195406
333,2026-09-24T18:02:54,2026-09-24T15:39:36,Chaos Core,741633,71938401,97,,750004
334,2026-09-24T18:03:08,2026-09-24T15:39:36,Chaos Core,741643,34857221,47,,750004
335,2026-09-24T18:03:24,2026-09-24T15:39:36,Chaos Core,743405,743405,1,,750004
336,2026-09-24T18:05:19,2026-09-24T15:39:36,Chaos Core,745203,745203,1,,750004
337,2026-09-24T18:06:52,2026-09-24T15:39:36,Chaos Core,712500,52012500,73,,750004
338,2026-09-24T18:08:29,2026-09-24T15:39:36,Divine Stone,694993,694993,1,,
339,2026-09-24T18:13:09,2026-09-24T15:39:36,Chaos Core,713974,23561142,33,,749988
340,2026-09-24T18:13:51,2026-09-24T15:39:36,Force Core Set (High) X 1,185930,1301510,7,,195397
341,2026-09-24T18:38:47,2026-09-24T18:35:49,Force Core Set (High) X 1,185930,371860,2,,195376
342,2026-09-24T18:44:11,2026-09-24T18:35:49,Chaos Core,748111,748111,1,,
343,2026-09-24T18:48:03,2026-09-24T18:35:49,Divine Stone,711177,711177,1,,
344,2026-09-24T18:53:35,2026-09-24T18:35:49,Chaos Core,742277,6680493,9,,749928
345,2026-09-24T19:13:19,2026-09-24T18:35:49,Chaos Core,713698,6423282,9,,749889
346,2026-09-24T19:14:17,2026-09-24T18:35:49,Chaos Core,713698,713698,1,,
347,2026-09-24T19:20:04,2026-09-24T18:35:49,Chaos Core,713698,713698,1,,
348,2026-09-24T19:23:48,2026-09-24T18:35:49,Divine Stone,700000,700000,1,,
349,2026-09-24T19:45:14,2026-09-24T18:35:49,Force Core Set (High) X 10,180000,3600000,20,,195284
350,2026-09-24T19:50:56,2026-09-24T18:35:49,Chaos Core,723000,723000,1,,
351,2026-09-24T19:56:13,2026-09-24T18:35:49,Chaos Core,723000,723000,1,,
352,2026-09-24T20:01:29,2026-09-24T18:35:49,Chaos Core,699999,699999,1,,
353,2026-09-24T20:06:44,2026-09-24T18:35:49,Chaos Core,699999,699999,1,,
354,2026-09-24T20:15:12,2026-09-24T18:35:49,Divine Stone,689803,689803,1,,
355,2026-09-24T20:17:22,2026-09-24T18:35:49,Chaos Core,696264,696264,1,,
356,2026-09-24T20:20:53,2026-09-24T18:35:49,Divine Stone,689803,689803,1,,
357,2026-09-24T20:23:01,2026-09-24T18:35:49,Chaos Core,696264,696264,1,,
358,2026-09-24T21:38:04,2026-09-24T21:35:35,Chaos Core,708239,708239,1,,
359,2026-09-24T21:38:45,2026-09-24T21:35:35,Upgrade Core Set (Ultimate) X 456,400000,182400000,456,,449917
360,2026-09-24T21:39:44,2026-09-24T21:35:35,Upgrade Core Set (Ultimate) X 10,442380,13271400,30,,449915
361,2026-09-24T21:39:48,2026-09-24T21:35:35,Upgrade Core Set (Ultimate) X 18,442380,7962840,18,,449915
362,2026-09-24T21:39:51,2026-09-24T21:35:35,Upgrade Core Set (Ultimate) X 20,442380,8847600,20,,449915
363,2026-09-24T21:39:55,2026-09-24T21:35:35,Upgrade Core Set (Ultimate) X 26,442380,11501880,26,,449915
364,2026-09-24T21:39:59,2026-09-24T21:35:35,Upgrade Core Set (Ultimate) X 42,442380,18580000,42,,449915
365,2026-09-24T21:40:29,2026-09-24T21:35:35,Divine Stone,689803,2069409,3,,715445
366,2026-09-24T21:40:37,2026-09-24T21:35:35,Divine Stone,694827,88243029,127,,715445
367,2026-09-24T21:40:47,2026-09-24T21:35:35,Divine Stone,700000,20300000,29,,715445
368,2026-09-24T21:42:11,2026-09-24T21:35:35,Chaos Core,708239,708239,1,,
369,2026-09-24T21:43:26,2026-09-24T21:35:35,Divine Stone,700000,98700000,141,,715444
370,2026-09-24T21:44:40,2026-09-24T21:35:35,Divine Stone,700000,48300000,69,,715443
371,2026-09-24T21:44:50,2026-09-24T21:35:35,Divine Stone,700000,52500000,75,,715443
372,2026-09-24T21:45:53,2026-09-24T21:35:35,Divine Stone,700000,51800000,74,,715442
373,2026-09-24T21:46:04,2026-09-24T21:35:35,Divine Stone,700000,63700000,91,,715442
374,2026-09-24T21:48:29,2026-09-24T21:35:35,Divine Stone,703809,703809,1,,
375,2026-09-24T21:50:45,2026-09-24T21:35:35,Force Core Set (High) X 1,180000,540000,3,,195200
376,2026-09-24T21:50:48,2026-09-24T21:35:35,Force Core Set (High) X 25,180000,4500000,25,,195200
377,2026-09-24T21:50:52,2026-09-24T21:35:35,Force Core Set (High) X 37,180000,6660000,37,,195200
378,2026-09-24T21:50:56,2026-09-24T21:35:35,Force Core Set (High) X 60,180000,10800000,60,,195200
379,2026-09-24T21:50:59,2026-09-24T21:35:35,Force Core Set (High) X 146,180000,26280000,146,,195200
380,2026-09-24T21:52:22,2026-09-24T21:35:35,Chaos Core,690000,690000,1,,
381,2026-09-24T21:58:18,2026-09-24T21:35:35,Chaos Core,690000,690000,1,,
382,2026-09-24T22:01:38,2026-09-24T21:35:35,Divine Stone,694899,694899,1,,
383,2026-09-24T22:04:41,2026-09-24T21:35:35,Chaos Core,708718,708718,1,,
384,2026-09-24T22:09:57,2026-09-24T21:35:35,Force Core Set (High) X 1,176470,705880,4,,195190
385,2026-09-24T22:10:02,2026-09-24T21:35:35,Force Core Set (High) X 1,176470,20294050,115,,195190
386,2026-09-24T22:10:06,2026-09-24T21:35:35,Force Core Set (High) X 56,176470,9882320,56,,195190
387,2026-09-24T22:10:10,2026-09-24T21:35:35,Force Core Set (High) X 77,176470,13588190,77,,195190
388,2026-09-24T22:11:33,2026-09-24T21:35:35,Chaos Core,690000,690000,1,,
389,2026-09-24T22:14:22,2026-09-24T21:35:35,Divine Stone,689725,689725,1,,
390,2026-09-24T22:20:12,2026-09-24T21:35:35,Divine Stone,708921,708921,1,,
391,2026-09-24T22:23:30,2026-09-24T21:35:35,Chaos Core,708718,708718,1,,
392,2026-09-24T22:26:19,2026-09-24T21:35:35,Divine Stone,706999,706999,1,,
393,2026-09-24T22:29:45,2026-09-24T21:35:35,Chaos Core,707629,707629,1,,727940
394,2026-09-24T22:29:51,2026-09-24T21:35:35,Chaos Core,706465,28258600,40,,727940
395,2026-09-24T22:30:02,2026-09-24T21:35:35,Chaos Core,707629,50949288,72,,727940
396,2026-09-24T22:31:31,2026-09-24T21:35:35,Chaos Core,706465,67114175,95,,727940
397,2026-09-24T22:31:44,2026-09-24T21:35:35,Chaos Core,708718,1417436,2,,727940
398,2026-09-24T22:39:03,2026-09-24T21:35:35,Chaos Core,708718,9922052,14,,727934
399,2026-09-24T22:39:15,2026-09-24T21:35:35,Chaos Core,708817,24808595,35,,727934
400,2026-09-24T22:39:29,2026-09-24T21:35:35,Chaos Core,710000,96560000,136,,727934
401,2026-09-24T22:39:43,2026-09-24T21:35:35,Chaos Core,710000,710000,1,,727934
402,2026-09-24T22:41:34,2026-09-24T21:35:35,Chaos Core,710000,57510000,81,,727933
403,2026-09-24T22:41:51,2026-09-24T21:35:35,Chaos Core,710000,53250000,75,,727933
404,2026-09-24T22:46:02,2026-09-24T21:35:35,Chaos Core,715000,715000,1,,
405,2026-09-24T22:48:40,2026-09-24T21:35:35,Divine Stone,706999,706999,1,,
406,2026-09-24T22:49:31,2026-09-24T21:35:35,Chaos Core,710000,176080000,248,,717930
407,2026-09-24T22:49:39,2026-09-24T21:35:35,Chaos Core,715000,715000,1,,717930
408,2026-09-24T22:50:40,2026-09-24T21:35:35,Chaos Core,709369,80868066,114,,717930
409,2026-09-24T22:50:46,2026-09-24T21:35:35,Chaos Core,709369,19862332,28,,717930
410,2026-09-24T22:51:05,2026-09-24T21:35:35,Chaos Core,715000,1430000,2,,717930
411,2026-09-25T00:35:40,2026-09-25T00:31:58,Chaos Core,727997,727997,1,,
412,2026-09-25T00:37:10,2026-09-25T00:31:58,Chaos Core,717087,129792747,181,,727953
413,2026-09-25T00:37:19,2026-09-25T00:31:58,Chaos Core,727997,1455994,2,,727953
414,2026-09-25T00:38:30,2026-09-25T00:31:58,Divine Stone,702500,10537500,15,,715405
415,2026-09-25T00:38:36,2026-09-25T00:31:58,Divine Stone,702500,9132500,13,,715405
416,2026-09-25T00:38:45,2026-09-25T00:31:58,Divine Stone,702500,33017500,47,,715405
417,2026-09-25T00:38:54,2026-09-25T00:31:58,Divine Stone,702500,28802500,41,,715405
418,2026-09-25T00:39:04,2026-09-25T00:31:58,Divine Stone,702500,15455000,22,,715405
419,2026-09-25T00:40:04,2026-09-25T00:31:58,Divine Stone,702500,109590000,156,,715404
420,2026-09-25T00:41:43,2026-09-25T00:31:58,Divine Stone,702500,702500,1,,
421,2026-09-25T00:44:16,2026-09-25T00:31:58,Chaos Core,726340,726340,1,,
422,2026-09-25T00:48:53,2026-09-25T00:31:58,Chaos Core,717087,81747918,114,,727953
423,2026-09-25T00:48:59,2026-09-25T00:31:58,Chaos Core,717087,81747918,114,,727953
424,2026-09-25T00:50:01,2026-09-25T00:31:58,Chaos Core,717087,164212923,229,,728043
425,2026-09-25T00:50:09,2026-09-25T00:31:58,Chaos Core,717087,1434174,2,,728043
426,2026-09-25T00:51:12,2026-09-25T00:31:58,Chaos Core,717000,161325000,225,,728042
427,2026-09-25T00:52:42,2026-09-25T00:31:58,Chaos Core,717000,717000,1,,
428,2026-09-25T00:53:53,2026-09-25T00:31:58,Chaos Core,717087,168515445,235,,728041
429,2026-09-25T00:55:15,2026-09-25T00:31:58,Chaos Core,717000,1434000,2,,728041
430,2026-09-25T00:56:21,2026-09-25T00:31:58,Chaos Core,717087,67406178,94,,728040
431,2026-09-25T00:56:30,2026-09-25T00:31:58,Chaos Core,717087,1434174,2,,728040
432,2026-09-25T00:59:22,2026-09-25T00:31:58,Chaos Core,717087,717087,1,,
433,2026-09-25T01:02:23,2026-09-25T00:31:58,Divine Stone,697328,697328,1,,
434,2026-09-25T01:07:56,2026-09-25T00:31:58,Divine Stone,702500,702500,1,,
435,2026-09-25T01:10:18,2026-09-25T00:31:58,Chaos Core,717000,81738000,114,,728027
436,2026-09-25T01:12:40,2026-09-25T00:31:58,Chaos Core,723000,723000,1,,
437,2026-09-25T01:13:53,2026-09-25T00:31:58,Chaos Core,723000,143877000,199,,728032
438,2026-09-25T01:14:00,2026-09-25T00:31:58,Chaos Core,723000,1446000,2,,728032
439,2026-09-25T01:16:08,2026-09-25T00:31:58,Divine Stone,702500,702500,1,,
440,2026-09-25T01:17:49,2026-09-25T00:31:58,Chaos Core,723000,13014000,18,,728029
441,2026-09-25T01:17:57,2026-09-25T00:31:58,Chaos Core,723000,33981000,47,,728029
442,2026-09-25T01:18:06,2026-09-25T00:31:58,Chaos Core,723000,5784000,8,,728029
443,2026-09-25T01:18:16,2026-09-25T00:31:58,Chaos Core,723000,159783000,221,,728029
444,2026-09-25T01:24:57,2026-09-25T01:22:27,Divine Stone,702500,702500,1,,
445,2026-09-25T01:26:03,2026-09-25T01:22:27,Chaos Core,725000,725000,1,,
446,2026-09-25T01:28:00,2026-09-25T01:22:27,Divine Stone,697000,697000,1,,
447,2026-09-25T01:31:16,2026-09-25T01:22:27,Chaos Core,730000,10220000,14,,749962
448,2026-09-25T01:32:49,2026-09-25T01:22:27,Chaos Core,740000,31080000,42,,749962
449,2026-09-25T01:33:05,2026-09-25T01:22:27,Chaos Core,740000,84360000,114,,749962
450,2026-09-25T01:33:21,2026-09-25T01:22:27,Chaos Core,740000,740000,1,,749962
451,2026-09-25T01:34:41,2026-09-25T01:22:27,Chaos Core,740000,85100000,115,,749958
452,2026-09-25T01:34:59,2026-09-25T01:22:27,Chaos Core,740000,46620000,63,,749958
453,2026-09-25T01:35:16,2026-09-25T01:22:27,Chaos Core,740000,1480000,2,,749958
454,2026-09-25T01:57:33,2026-09-25T01:55:14,Chaos Core,745087,745087,1,,
455,2026-09-25T02:01:42,2026-09-25T01:55:14,Divine Stone,695000,695000,1,,
456,2026-09-25T02:02:58,2026-09-25T01:55:14,Chaos Core,717087,19361349,27,,750030
457,2026-09-25T02:03:05,2026-09-25T01:55:14,Chaos Core,730000,35770000,49,,750030
458,2026-09-25T02:03:21,2026-09-25T01:55:14,Chaos Core,745000,745000,1,,750030
459,2026-09-25T02:03:27,2026-09-25T01:55:14,Chaos Core,716411,34387728,48,,750030
460,2026-09-25T02:03:43,2026-09-25T01:55:14,Chaos Core,742999,742999,1,,750030
461,2026-09-25T02:19:37,2026-09-25T02:17:09,Chaos Core,748817,748817,1,,
462,2026-09-25T02:48:04,2026-09-25T02:45:37,Divine Stone,695000,695000,1,,
463,2026-09-25T02:48:36,2026-09-25T02:45:37,Chaos Core,745000,110260000,148,,750694
464,2026-09-25T02:48:44,2026-09-25T02:45:37,Chaos Core,745000,185505000,249,,750694
465,2026-09-25T02:48:54,2026-09-25T02:45:37,Chaos Core,745087,1490174,2,,750694
466,2026-09-25T02:50:10,2026-09-25T02:45:37,Chaos Core,745000,80460000,108,,750690
467,2026-09-25T02:50:20,2026-09-25T02:45:37,Chaos Core,745087,182546315,245,,750690
468,2026-09-25T02:50:24,2026-09-25T02:45:37,Chaos Core,745000,745000,1,,750690
469,2026-09-25T02:51:46,2026-09-25T02:45:37,Chaos Core,745087,184781576,248,,750689
470,2026-09-25T02:51:59,2026-09-25T02:45:37,Chaos Core,745087,745087,1,,750689
471,2026-09-25T02:53:07,2026-09-25T02:45:37,Chaos Core,745087,96116223,129,,750687
472,2026-09-25T02:53:23,2026-09-25T02:45:37,Chaos Core,745087,185526663,249,,750687
473,2026-09-25T02:54:41,2026-09-25T02:45:37,Chaos Core,743655,93700530,126,,750688
474,2026-09-25T02:54:57,2026-09-25T02:45:37,Chaos Core,745087,745087,1,,750688
475,2026-09-25T02:55:15,2026-09-25T02:45:37,Chaos Core,745087,34274002,46,,750688
476,2026-09-25T02:55:44,2026-09-25T02:45:37,Chaos Core,745700,745700,1,,750688
477,2026-09-25T02:59:06,2026-09-25T02:45:37,Divine Stone,695000,695000,1,,
478,2026-09-25T03:00:56,2026-09-25T02:45:37,Chaos Core,741825,184714425,249,,750677
479,2026-09-25T03:10:27,2026-09-25T02:45:37,Chaos Core,749315,749315,1,,
480,2026-09-25T03:23:22,2026-09-25T03:20:54,Chaos Core,748998,748998,1,,
481,2026-09-25T03:26:29,2026-09-25T03:20:54,Chaos Core,649999,649999,1,,
482,2026-09-25T03:37:29,2026-09-25T03:20:54,Divine Stone,695000,695000,1,,
483,2026-09-25T03:37:57,2026-09-25T03:20:54,Chaos Core,748363,748363,1,,
484,2026-09-25T03:42:44,2026-09-25T03:20:54,Divine Stone,697000,697000,1,,
485,2026-09-25T03:44:51,2026-09-25T03:20:54,Chaos Core,717087,48761916,68,,745490
486,2026-09-25T03:45:00,2026-09-25T03:20:54,Chaos Core,717087,81747918,114,,745490
487,2026-09-25T03:45:11,2026-09-25T03:20:54,Chaos Core,747229,747229,1,,745490
488,2026-09-25T04:02:24,2026-09-25T03:20:54,Chaos Core,743517,743517,1,,
489,2026-09-25T04:04:31,2026-09-25T03:20:54,Force Core Set (Highest) X 22,190190,4184180,22,,197981
490,2026-09-25T04:04:34,2026-09-25T03:20:54,Force Core Set (Highest) X 107,190190,20350330,107,,197981
491,2026-09-25T04:07:23,2026-09-25T03:20:54,Divine Stone,686823,686823,1,,
492,2026-09-25T04:09:54,2026-09-25T03:20:54,Force Core Set (Highest) X 1,190190,190190,1,,197978
493,2026-09-25T04:16:12,2026-09-25T03:20:54,Chaos Core,700000,5600000,8,,745465
494,2026-09-25T04:16:18,2026-09-25T03:20:54,Chaos Core,700000,174300000,249,,745465
495,2026-09-25T04:16:25,2026-09-25T03:20:54,Chaos Core,700000,700000,1,,745465
496,2026-09-25T04:19:43,2026-09-25T03:20:54,Chaos Core,715999,715999,1,,
497,2026-09-25T04:21:25,2026-09-25T03:20:54,Chaos Core,715999,55131923,77,,745462
498,2026-09-25T04:21:34,2026-09-25T03:20:54,Chaos Core,717087,74577048,104,,745462
499,2026-09-25T04:21:44,2026-09-25T03:20:54,Chaos Core,717087,1434174,2,,745462
500,2026-09-25T04:27:05,2026-09-25T03:20:54,Divine Stone,697000,697000,1,,
501,2026-09-25T04:27:34,2026-09-25T03:20:54,Chaos Core,730000,730000,1,,
502,2026-09-25T04:28:20,2026-09-25T03:20:54,Chaos Core,730000,181770000,249,,745460
503,2026-09-25T04:30:18,2026-09-25T03:20:54,Chaos Core,730000,21170000,29,,745000
504,2026-09-25T04:30:24,2026-09-25T03:20:54,Chaos Core,730000,132130000,181,,745000
505,2026-09-25T04:34:22,2026-09-25T03:20:54,Divine Stone,697000,697000,1,,
506,2026-09-25T04:34:51,2026-09-25T03:20:54,Chaos Core,730000,730000,1,,
507,2026-09-25T04:39:27,2026-09-25T03:20:54,Divine Stone,702500,702500,1,,
508,2026-09-25T04:43:57,2026-09-25T03:20:54,Chaos Core,729463,729463,1,,
509,2026-09-25T04:47:54,2026-09-25T03:20:54,Divine Stone,702500,702500,1,,715301
510,2026-09-25T04:48:02,2026-09-25T03:20:54,Divine Stone,702750,92060250,131,,715301
511,2026-09-25T04:48:11,2026-09-25T03:20:54,Divine Stone,704999,21149970,30,,715301
512,2026-09-25T04:49:12,2026-09-25T03:20:54,Divine Stone,704999,704999,1,,
513,2026-09-25T04:53:32,2026-09-25T03:20:54,Divine Stone,705000,705000,1,,
514,2026-09-25T05:05:57,2026-09-25T03:20:54,Divine Stone,699812,699812,1,,
515,2026-09-25T05:06:25,2026-09-25T03:20:54,Chaos Core,725429,725429,1,,
516,2026-09-25T05:14:35,2026-09-25T03:20:54,Divine Stone,694777,694777,1,,
517,2026-09-25T05:18:57,2026-09-25T03:20:54,Divine Stone,694777,694777,1,,
518,2026-09-25T05:27:19,2026-09-25T03:20:54,Divine Stone,699812,699812,1,,
519,2026-09-25T05:50:23,2026-09-25T03:20:54,Force Core Set (High) X 347,178674,62000000,347,,185900
520,2026-09-25T05:51:19,2026-09-25T03:20:54,Force Core Set (High) X 21,178674,3752154,21,,185900
521,2026-09-25T05:51:22,2026-09-25T03:20:54,Force Core Set (High) X 38,178674,6789612,38,,185900
522,2026-09-25T06:08:55,2026-09-25T03:20:54,Force Core Set (Highest) X 29,168965,4900000,29,,180993
523,2026-09-25T06:18:21,2026-09-25T03:20:54,Upgrade Core Set (Ultimate) X 1,456521,456521,1,,500000
524,2026-09-25T06:35:06,2026-09-25T03:20:54,Upgrade Core Set (Ultimate) X 9,443674,3993066,9,,536944
525,2026-09-25T06:35:10,2026-09-25T03:20:54,Upgrade Core Set (Ultimate) X 35,443674,15528590,35,,536944
526,2026-09-25T06:37:09,2026-09-25T03:20:54,Divine Stone,679298,679298,1,,
527,2026-09-25T06:37:38,2026-09-25T03:20:54,Chaos Core,706000,706000,1,,
528,2026-09-25T06:40:36,2026-09-25T03:20:54,Force Core Set (High) X 11,163636,1800000,11,,185930
529,2026-09-25T06:40:39,2026-09-25T03:20:54,Force Core Set (High) X 58,180818,10487444,58,,185930
530,2026-09-25T06:41:13,2026-09-25T03:20:54,Force Core Set (High) X 194,163636,31745384,194,,185930
531,2026-09-25T06:41:47,2026-09-25T03:20:54,Upgrade Core Set (Ultimate) X 56,443674,24845744,56,,536943
532,2026-09-25T06:41:50,2026-09-25T03:20:54,Upgrade Core Set (Ultimate) X 102,443674,45254748,102,,536943
533,2026-09-25T06:48:31,2026-09-25T03:20:54,Chaos Core,705490,705490,1,,
534,2026-09-25T06:51:20,2026-09-25T03:20:54,Chaos Core,704800,128273600,182,,709970
535,2026-09-25T06:51:25,2026-09-25T03:20:54,Chaos Core,704800,704800,1,,709970
536,2026-09-25T06:52:20,2026-09-25T03:20:54,Chaos Core,704800,10572000,15,,709970
537,2026-09-25T06:53:43,2026-09-25T03:20:54,Chaos Core,704800,110653600,157,,709970
538,2026-09-25T06:53:52,2026-09-25T03:20:54,Chaos Core,704800,1409600,2,,709970
539,2026-09-25T06:55:00,2026-09-25T03:20:54,Force Core Set (High) X 16,176470,2823520,16,,185918
540,2026-09-25T06:55:03,2026-09-25T03:20:54,Force Core Set (High) X 109,176470,19235230,109,,185918
541,2026-09-25T06:55:07,2026-09-25T03:20:54,Force Core Set (High) X 136,176470,23999999,136,,185918
542,2026-09-25T06:55:58,2026-09-25T03:20:54,Upgrade Core Set (Ultimate) X 13,443674,5767762,13,,536938
543,2026-09-25T06:56:01,2026-09-25T03:20:54,Upgrade Core Set (Ultimate) X 53,443674,23514722,53,,536938
544,2026-09-25T06:57:48,2026-09-25T03:20:54,Divine Stone,674269,674269,1,,
545,2026-09-25T06:58:33,2026-09-25T03:20:54,Chaos Core,704800,80347200,114,,709968
546,2026-09-25T06:58:43,2026-09-25T03:20:54,Chaos Core,704800,2819200,4,,709968
547,2026-09-25T06:58:53,2026-09-25T03:20:54,Chaos Core,704800,80347200,114,,709968
548,2026-09-25T06:59:01,2026-09-25T03:20:54,Chaos Core,704800,1409600,2,,709968
549,2026-09-25T07:00:10,2026-09-25T03:20:54,Chaos Core,704800,69070400,98,,709967
550,2026-09-25T07:00:21,2026-09-25T03:20:54,Chaos Core,704800,80347200,114,,709967
551,2026-09-25T07:00:32,2026-09-25T03:20:54,Chaos Core,704800,704800,1,,709967
552,2026-09-25T07:02:44,2026-09-25T03:20:54,Chaos Core,704800,79642400,113,,709968
553,2026-09-25T07:02:52,2026-09-25T03:20:54,Chaos Core,704800,20439200,29,,709968
554,2026-09-25T07:02:58,2026-09-25T03:20:54,Chaos Core,704800,1409600,2,,709968
555,2026-09-25T07:07:12,2026-09-25T03:20:54,Chaos Core,708364,708364,1,,
556,2026-09-25T07:11:50,2026-09-25T03:20:54,Divine Stone,699812,699812,1,,
557,2026-09-25T07:16:31,2026-09-25T03:20:54,Chaos Core,700000,700000,1,,
558,2026-09-25T07:24:10,2026-09-25T03:20:54,Divine Stone,705000,705000,1,,
559,2026-09-25T07:24:38,2026-09-25T03:20:54,Chaos Core,709678,709678,1,,
560,2026-09-25T07:28:20,2026-09-25T03:20:54,Divine Stone,707999,707999,1,,
561,2026-09-25T07:32:12,2026-09-25T03:20:54,Divine Stone,707999,707999,1,,
562,2026-09-25T07:32:40,2026-09-25T03:20:54,Chaos Core,709093,709093,1,,
563,2026-09-25T07:38:44,2026-09-25T07:36:13,Chaos Core,717087,717087,1,,
564,2026-09-25T07:39:21,2026-09-25T07:36:13,Force Core Set (High) X 1,169230,8123040,48,,176471
565,2026-09-25T07:39:25,2026-09-25T07:36:13,Force Core Set (High) X 13,169230,2199990,13,,176471
566,2026-09-25T07:39:28,2026-09-25T07:36:13,Force Core Set (High) X 16,169230,2707680,16,,176471
567,2026-09-25T07:41:14,2026-09-25T07:36:13,Divine Stone,707999,707999,1,,
568,2026-09-25T07:49:57,2026-09-25T07:36:13,Chaos Core,716496,716496,1,,
569,2026-09-25T07:59:26,2026-09-25T07:36:13,Force Core Set (High) X 21,169230,3553830,21,,175992
570,2026-09-25T07:59:30,2026-09-25T07:36:13,Force Core Set (High) X 44,169230,7446120,44,,175992
571,2026-09-25T07:59:33,2026-09-25T07:36:13,Force Core Set (High) X 111,169230,18784530,111,,175992
572,2026-09-25T08:05:46,2026-09-25T07:36:13,Chaos Core,723678,723678,1,,
573,2026-09-25T08:12:56,2026-09-25T07:36:13,Divine Stone,708921,708921,1,,
574,2026-09-25T08:17:33,2026-09-25T07:36:13,Chaos Core,720000,720000,1,,
575,2026-09-25T08:19:31,2026-09-25T07:36:13,Force Core Set (High) X 1,155555,5911090,38,,175991
576,2026-09-25T08:19:34,2026-09-25T07:36:13,Force Core Set (High) X 27,155555,4199985,27,,175991
577,2026-09-25T08:19:38,2026-09-25T07:36:13,Force Core Set (High) X 126,155555,19599930,126,,175991
578,2026-09-25T08:19:41,2026-09-25T07:36:13,Force Core Set (High) X 225,155555,34999875,225,,175991
579,2026-09-25T08:24:15,2026-09-25T07:36:13,Force Core Set (High) X 81,155555,12599955,81,,185916
580,2026-09-25T08:24:19,2026-09-25T07:36:13,Force Core Set (High) X 295,155555,45888725,295,,185916
581,2026-09-25T08:26:24,2026-09-25T07:36:13,Divine Stone,708921,708921,1,,
582,2026-09-25T10:21:26,2026-09-25T10:16:31,Divine Stone,708921,6380289,9,,715130
583,2026-09-25T10:22:39,2026-09-25T10:16:31,Divine Stone,711177,711177,1,,
584,2026-09-25T10:23:23,2026-09-25T10:16:31,Chaos Core,723118,723118,1,,
585,2026-09-25T10:24:53,2026-09-25T10:16:31,Chaos Core,716490,82396350,115,,728077
586,2026-09-25T10:25:26,2026-09-25T10:16:31,Chaos Core,723117,1446234,2,,728077
587,2026-09-25T10:26:15,2026-09-25T10:16:31,Chaos Core,716490,16479270,23,,728076
588,2026-09-25T10:26:24,2026-09-25T10:16:31,Chaos Core,722222,98944414,137,,728076
589,2026-09-25T10:26:34,2026-09-25T10:16:31,Chaos Core,723117,1446234,2,,728076
590,2026-09-25T10:27:30,2026-09-25T10:16:31,Chaos Core,716490,12180330,17,,728074
591,2026-09-25T10:27:39,2026-09-25T10:16:31,Chaos Core,716490,53020260,74,,728074
592,2026-09-25T10:27:58,2026-09-25T10:16:31,Chaos Core,723117,1446234,2,,728074
593,2026-09-25T10:45:31,2026-09-25T10:38:06,Upgrade Core Set (Ultimate) X 1,468928,9847488,21,,536835
594,2026-09-25T10:45:36,2026-09-25T10:38:06,Upgrade Core Set (Ultimate) X 10,468928,84407040,180,,536835
595,2026-09-25T10:46:04,2026-09-25T10:38:06,Divine Stone,708921,41826339,59,,715000
596,2026-09-25T10:46:12,2026-09-25T10:38:06,Divine Stone,708921,14887341,21,,715000
597,2026-09-25T10:46:21,2026-09-25T10:38:06,Divine Stone,708921,38281734,54,,715000
598,2026-09-25T10:48:35,2026-09-25T10:38:06,Chaos Core,719602,719602,1,,
599,2026-09-25T10:57:01,2026-09-25T10:38:06,Upgrade Core Set (Ultimate) X 240,468928,112542720,240,,536824
600,2026-09-25T10:58:25,2026-09-25T10:38:06,Chaos Core,723000,723000,1,,
601,2026-09-25T11:00:47,2026-09-25T10:38:06,Divine Stone,700000,115500000,165,,714999
602,2026-09-25T11:01:42,2026-09-25T10:38:06,Divine Stone,700000,87500000,125,,714999
603,2026-09-25T11:01:50,2026-09-25T10:38:06,Divine Stone,700000,9100000,13,,714999
604,2026-09-25T11:02:41,2026-09-25T10:38:06,Divine Stone,700000,109200000,156,,714997
605,2026-09-25T11:04:59,2026-09-25T10:38:06,Divine Stone,700000,56700000,81,,714997
606,2026-09-25T11:08:02,2026-09-25T10:38:06,Chaos Core,721199,721199,1,,728049
607,2026-09-25T11:08:16,2026-09-25T10:38:06,Chaos Core,721208,21636240,30,,728049
608,2026-09-25T11:08:32,2026-09-25T10:38:06,Chaos Core,721770,179720730,249,,728049
609,2026-09-25T11:08:49,2026-09-25T10:38:06,Chaos Core,723000,1446000,2,,728049
610,2026-09-25T11:12:19,2026-09-25T10:38:06,Upgrade Core Set (Ultimate) X 10,468928,93785600,200,,536809
611,2026-09-25T11:14:43,2026-09-25T10:38:06,Chaos Core,723000,172074000,238,,728043
612,2026-09-25T11:15:01,2026-09-25T10:38:06,Chaos Core,723000,1446000,2,,728043
613,2026-09-25T11:21:11,2026-09-25T10:38:06,Divine Stone,700000,700000,1,,
614,2026-09-25T11:21:40,2026-09-25T10:38:06,Chaos Core,700000,23100000,33,,728039
615,2026-09-25T11:24:45,2026-09-25T10:38:06,Chaos Core,718419,1436838,2,,728037
616,2026-09-25T11:24:58,2026-09-25T10:38:06,Chaos Core,718974,11503584,16,,728037
617,2026-09-25T11:25:22,2026-09-25T10:38:06,Chaos Core,721199,721199,1,,728037
618,2026-09-25T11:25:38,2026-09-25T10:38:06,Chaos Core,720000,10080000,14,,728037
619,2026-09-25T11:25:54,2026-09-25T10:38:06,Chaos Core,720028,720028,1,,728037
620,2026-09-25T11:26:10,2026-09-25T10:38:06,Chaos Core,721200,721200,1,,728037
621,2026-09-25T11:26:27,2026-09-25T10:38:06,Chaos Core,721208,721208,1,,728037
622,2026-09-25T11:26:45,2026-09-25T10:38:06,Chaos Core,722222,100388858,139,,728037
623,2026-09-25T11:27:02,2026-09-25T10:38:06,Chaos Core,723000,1446000,2,,728037
624,2026-09-25T12:48:04,2026-09-25T12:40:55,Chaos Core,721205,721205,1,,
625,2026-09-25T12:49:23,2026-09-25T12:40:55,Chaos Core,722362,15891964,22,,728070
626,2026-09-25T12:49:40,2026-09-25T12:40:55,Chaos Core,722363,57789040,80,,728070
627,2026-09-25T12:49:58,2026-09-25T12:40:55,Chaos Core,723000,26751000,37,,728070
628,2026-09-25T12:50:15,2026-09-25T12:40:55,Chaos Core,723000,83145000,115,,728070
629,2026-09-25T12:50:46,2026-09-25T12:40:55,Chaos Core,723000,723000,1,,728070
630,2026-09-25T13:02:33,2026-09-25T12:40:55,Chaos Core,717087,6453783,9,,728071
631,2026-09-25T13:03:36,2026-09-25T12:40:55,Chaos Core,720000,36720000,51,,728069
632,2026-09-25T13:03:48,2026-09-25T12:40:55,Chaos Core,717087,64537830,90,,728069
633,2026-09-25T15:14:15,2026-09-25T15:11:28,Divine Stone,708921,708921,1,,
634,2026-09-25T15:14:52,2026-09-25T15:11:28,Force Core Set (Highest) X 26,195482,5082532,26,,201982
635,2026-09-25T15:14:55,2026-09-25T15:11:28,Force Core Set (Highest) X 55,195482,10751510,55,,201982
636,2026-09-25T15:14:59,2026-09-25T15:11:28,Force Core Set (Highest) X 92,195482,17984400,92,,201982
637,2026-09-25T15:15:02,2026-09-25T15:11:28,Force Core Set (Highest) X 157,195482,30690674,157,,201982
638,2026-09-25T15:24:59,2026-09-25T15:20:42,Force Core Set (Highest) X 20,195482,3909640,20,,201981
639,2026-09-25T15:25:02,2026-09-25T15:20:42,Force Core Set (Highest) X 48,195482,9383136,48,,201981
640,2026-09-25T15:25:06,2026-09-25T15:20:42,Force Core Set (Highest) X 64,195482,12510848,64,,201981
641,2026-09-25T15:25:09,2026-09-25T15:20:42,Force Core Set (Highest) X 120,195482,23457840,120,,201981
642,2026-09-25T15:26:53,2026-09-25T15:20:42,Chaos Core,737999,737999,1,,
643,2026-09-25T15:35:39,2026-09-25T15:20:42,Divine Stone,703858,14077160,20,,715248
644,2026-09-25T15:35:51,2026-09-25T15:20:42,Divine Stone,714999,714999,1,,715248
645,2026-09-25T15:42:35,2026-09-25T15:20:42,Chaos Core,736119,736119,1,,
646,2026-09-25T15:43:51,2026-09-25T15:20:42,Divine Stone,714999,714999,1,,
647,2026-09-25T15:46:30,2026-09-25T15:20:42,Chaos Core,735588,26481168,36,,750701
648,2026-09-25T15:46:36,2026-09-25T15:20:42,Chaos Core,735588,161093772,219,,750701
649,2026-09-25T15:47:44,2026-09-25T15:20:42,Chaos Core,736119,1472238,2,,750701
650,2026-09-25T15:48:12,2026-09-25T15:20:42,Chaos Core,737998,55349850,75,,750701
651,2026-09-25T15:48:22,2026-09-25T15:20:42,Chaos Core,737998,8117978,11,,750701
652,2026-09-25T15:48:29,2026-09-25T15:20:42,Chaos Core,734900,182990100,249,,750701
653,2026-09-25T15:48:44,2026-09-25T15:20:42,Chaos Core,737998,1475996,2,,750701
654,2026-09-25T15:49:56,2026-09-25T15:20:42,Chaos Core,734900,5879200,8,,750698
655,2026-09-25T15:50:03,2026-09-25T15:20:42,Chaos Core,734360,95466800,130,,750698
656,2026-09-25T15:50:27,2026-09-25T15:20:42,Chaos Core,737998,737998,1,,750698
657,2026-09-25T15:50:43,2026-09-25T15:20:42,Chaos Core,737998,171953534,233,,750698
658,2026-09-25T15:52:28,2026-09-25T15:20:42,Chaos Core,737999,24353967,33,,750695
659,2026-09-25T15:52:46,2026-09-25T15:20:42,Chaos Core,738998,133758638,181,,750695
660,2026-09-25T15:52:52,2026-09-25T15:20:42,Chaos Core,734360,1468720,2,,750695
661,2026-09-25T15:54:00,2026-09-25T15:20:42,Chaos Core,738998,19952946,27,,750693
662,2026-09-25T15:54:14,2026-09-25T15:20:42,Chaos Core,738999,72421902,98,,750693
663,2026-09-25T15:54:26,2026-09-25T15:20:42,Chaos Core,737999,40589945,55,,750693
664,2026-09-25T15:56:41,2026-09-25T15:20:42,Chaos Core,736119,736119,1,,
665,2026-09-25T15:57:49,2026-09-25T15:20:42,Divine Stone,715000,715000,1,,
666,2026-09-25T16:01:26,2026-09-25T15:20:42,Upgrade Core Set (Ultimate) X 1,469773,469773,1,,536768
667,2026-09-25T16:01:30,2026-09-25T15:20:42,Upgrade Core Set (Ultimate) X 293,469773,137643489,293,,536768
668,2026-09-25T16:02:23,2026-09-25T15:20:42,Divine Stone,709916,66022188,93,,715247
669,2026-09-25T16:03:51,2026-09-25T15:20:42,Chaos Core,748000,748000,1,,
670,2026-09-25T16:08:38,2026-09-25T15:20:42,Divine Stone,709916,709916,1,,715244
671,2026-09-25T16:08:51,2026-09-25T15:20:42,Divine Stone,715000,1430000,2,,715244
672,2026-09-25T16:10:09,2026-09-25T15:20:42,Chaos Core,749999,749999,1,,
673,2026-09-25T16:16:12,2026-09-25T15:20:42,Divine Stone,715000,715000,1,,
674,2026-09-25T16:26:16,2026-09-25T15:20:42,Chaos Core,748999,748999,1,,
675,2026-09-25T16:27:10,2026-09-25T15:20:42,Divine Stone,715000,715000,1,,
676,2026-09-25T16:30:33,2026-09-25T15:20:42,Divine Stone,709917,3549585,5,,715236
677,2026-09-25T16:30:45,2026-09-25T15:20:42,Divine Stone,715000,715000,1,,715236
678,2026-09-25T16:33:16,2026-09-25T15:20:42,Chaos Core,748998,748998,1,,
679,2026-09-25T16:34:11,2026-09-25T15:20:42,Divine Stone,714999,714999,1,,
680,2026-09-25T16:38:51,2026-09-25T15:20:42,Chaos Core,748999,748999,1,,
681,2026-09-25T16:50:30,2026-09-25T16:47:52,Chaos Core,745644,745644,1,,
682,2026-09-25T16:52:13,2026-09-25T16:47:52,Divine Stone,714999,714999,1,,
683,2026-09-25T16:53:32,2026-09-25T16:47:52,Chaos Core,745644,745644,1,,
684,2026-09-25T16:57:52,2026-09-25T16:47:52,Chaos Core,745644,745644,1,,
685,2026-09-25T17:02:36,2026-09-25T16:47:52,Divine Stone,714999,714999,1,,
686,2026-09-25T17:03:47,2026-09-25T16:47:52,Chaos Core,745644,745644,1,,
687,2026-09-25T17:05:56,2026-09-25T16:47:52,Divine Stone,709839,63885510,90,,715232
688,2026-09-25T17:08:50,2026-09-25T16:47:52,Chaos Core,745644,745644,1,,
689,2026-09-25T17:12:24,2026-09-25T16:47:52,Divine Stone,715000,715000,1,,
690,2026-09-25T17:13:31,2026-09-25T16:47:52,Chaos Core,744453,744453,1,,
691,2026-09-25T17:15:53,2026-09-25T16:47:52,Chaos Core,743000,63155000,85,,749709
692,2026-09-25T17:16:01,2026-09-25T16:47:52,Chaos Core,743777,76609031,103,,749709
693,2026-09-25T17:16:09,2026-09-25T16:47:52,Chaos Core,743895,743895,1,,749709
694,2026-09-25T17:17:35,2026-09-25T16:47:52,Chaos Core,743777,185200473,249,,749708
695,2026-09-25T17:19:36,2026-09-25T16:47:52,Divine Stone,714998,714998,1,,
696,2026-09-25T17:27:42,2026-09-25T16:47:52,Chaos Core,720000,82080000,114,,749694
697,2026-09-25T17:29:45,2026-09-25T16:47:52,Divine Stone,714999,714999,1,,
698,2026-09-25T17:30:54,2026-09-25T16:47:52,Chaos Core,741896,741896,1,,
699,2026-09-25T17:33:54,2026-09-25T16:47:52,Chaos Core,718532,18681832,26,,749677
700,2026-09-25T17:34:14,2026-09-25T16:47:52,Chaos Core,741896,741896,1,,749677
701,2026-09-25T17:35:06,2026-09-25T16:47:52,Force Core Set (Highest) X 59,186440,11000000,59,,193500
702,2026-09-25T17:36:39,2026-09-25T16:47:52,Divine Stone,714999,714999,1,,
703,2026-09-25T17:37:48,2026-09-25T16:47:52,Chaos Core,741896,741896,1,,
704,2026-09-25T17:46:06,2026-09-25T16:47:52,Chaos Core,738331,19196606,26,,749408
705,2026-09-25T17:46:23,2026-09-25T16:47:52,Chaos Core,743777,743777,1,,749408
706,2026-09-25T17:48:08,2026-09-25T16:47:52,Divine Stone,714999,714999,1,,
707,2026-09-25T17:57:24,2026-09-25T16:47:52,Divine Stone,709984,80938176,114,,715212
708,2026-09-25T17:57:30,2026-09-25T16:47:52,Divine Stone,709984,36209184,51,,715212
709,2026-09-25T18:00:02,2026-09-25T16:47:52,Chaos Core,735000,735000,1,,
710,2026-09-25T18:03:46,2026-09-25T16:47:52,Divine Stone,704935,31017140,44,,715208
711,2026-09-25T18:03:54,2026-09-25T16:47:52,Divine Stone,704935,70493500,100,,715208
712,2026-09-25T18:04:47,2026-09-25T16:47:52,Divine Stone,704935,103625445,147,,715207
713,2026-09-25T18:23:32,2026-09-25T16:47:52,Upgrade Core Set (Ultimate) X 34,397058,13500000,34,,472513
714,2026-09-25T18:23:36,2026-09-25T16:47:52,Upgrade Core Set (Ultimate) X 37,397058,14691146,37,,472513
715,2026-09-25T18:23:39,2026-09-25T16:47:52,Upgrade Core Set (Ultimate) X 39,397058,15485262,39,,472513
716,2026-09-25T18:23:44,2026-09-25T16:47:52,Upgrade Core Set (Ultimate) X 1,426470,426470,1,,472513
717,2026-09-25T18:48:42,2026-09-25T18:44:42,Divine Stone,709984,709984,1,,
718,2026-09-25T18:52:27,2026-09-25T18:44:42,Divine Stone,709984,1419968,2,,715189
719,2026-09-25T18:52:35,2026-09-25T18:44:42,Divine Stone,709984,9229792,13,,715189
720,2026-09-25T18:54:44,2026-09-25T18:44:42,Upgrade Core Set (Ultimate) X 24,426470,10235280,24,,476639
721,2026-09-25T18:54:49,2026-09-25T18:44:42,Upgrade Core Set (Ultimate) X 54,426470,23029380,54,,476639
722,2026-09-25T19:02:25,2026-09-25T18:44:42,Chaos Core,720000,720000,1,,
723,2026-09-25T19:03:41,2026-09-25T18:44:42,Chaos Core,720000,38880000,54,,740225
724,2026-09-25T19:03:56,2026-09-25T18:44:42,Chaos Core,720963,69933411,97,,740225
725,2026-09-25T19:04:13,2026-09-25T18:44:42,Chaos Core,721465,61324525,85,,740225
726,2026-09-25T19:04:29,2026-09-25T18:44:42,Chaos Core,722034,722034,1,,740225
727,2026-09-25T19:07:58,2026-09-25T18:44:42,Divine Stone,699810,4898670,7,,715179
728,2026-09-25T19:08:16,2026-09-25T18:44:42,Divine Stone,714999,1429998,2,,715179
729,2026-09-25T19:16:19,2026-09-25T18:44:42,Chaos Core,734999,734999,1,,
730,2026-09-25T19:18:53,2026-09-25T18:44:42,Chaos Core,723000,82422000,114,,740204
731,2026-09-25T19:19:01,2026-09-25T18:44:42,Chaos Core,723716,48488972,67,,740204
732,2026-09-25T19:19:18,2026-09-25T18:44:42,Chaos Core,735000,1470000,2,,740204
733,2026-09-25T19:23:37,2026-09-25T18:44:42,Divine Stone,708329,708329,1,,
734,2026-09-25T19:29:35,2026-09-25T18:44:42,Divine Stone,715000,715000,1,,
735,2026-09-25T19:34:01,2026-09-25T18:44:42,Divine Stone,715000,715000,1,,
736,2026-09-25T19:34:50,2026-09-25T18:44:42,Chaos Core,736554,736554,1,,
737,2026-09-25T19:38:39,2026-09-25T18:44:42,Divine Stone,715000,715000,1,,
738,2026-09-25T19:39:21,2026-09-25T18:44:42,Chaos Core,759999,759999,1,,
739,2026-09-25T19:41:42,2026-09-25T18:44:42,Upgrade Core Set (Ultimate) X 134,379506,50853804,134,,476600
740,2026-09-25T19:41:47,2026-09-25T18:44:42,Upgrade Core Set (Ultimate) X 75,426470,31985250,75,,476600
741,2026-09-25T19:47:07,2026-09-25T18:44:42,Divine Stone,709877,709877,1,,
742,2026-09-25T19:51:05,2026-09-25T18:44:42,Divine Stone,715000,715000,1,,
743,2026-09-25T19:51:46,2026-09-25T18:44:42,Chaos Core,777777,777777,1,,
744,2026-09-25T19:55:46,2026-09-25T18:44:42,Chaos Core,777777,777777,1,,
745,2026-09-25T19:58:44,2026-09-25T18:44:42,Chaos Core,718532,18681832,26,,749721
746,2026-09-25T19:58:52,2026-09-25T18:44:42,Chaos Core,718532,178914468,249,,749721
747,2026-09-25T19:59:00,2026-09-25T18:44:42,Chaos Core,777777,777777,1,,749721
748,2026-09-25T20:00:07,2026-09-25T18:44:42,Chaos Core,718532,17244768,24,,749720
749,2026-09-25T20:00:16,2026-09-25T18:44:42,Chaos Core,718532,5029724,7,,749720
750,2026-09-25T20:00:25,2026-09-25T18:44:42,Chaos Core,718532,178914468,249,,749720
751,2026-09-25T20:00:33,2026-09-25T18:44:42,Chaos Core,744444,1488888,2,,749720
752,2026-09-25T20:01:47,2026-09-25T18:44:42,Chaos Core,744444,71466624,96,,749720
753,2026-09-25T20:01:54,2026-09-25T18:44:42,Chaos Core,744444,54344412,73,,749720
754,2026-09-25T20:02:02,2026-09-25T18:44:42,Chaos Core,777777,1555554,2,,749720
755,2026-09-25T20:03:58,2026-09-25T18:44:42,Divine Stone,715000,715000,1,,
756,2026-09-25T20:05:11,2026-09-25T18:44:42,Chaos Core,777777,777777,1,,
757,2026-09-25T20:40:14,2026-09-25T20:37:25,Upgrade Core Set (Ultimate) X 27,443674,11979198,27,,476567
758,2026-09-25T20:40:17,2026-09-25T20:37:25,Upgrade Core Set (Ultimate) X 125,443674,55459250,125,,476567
759,2026-09-25T20:41:41,2026-09-25T20:37:25,Divine Stone,715000,715000,1,,
760,2026-09-25T20:42:09,2026-09-25T20:37:25,Chaos Core,769999,769999,1,,
761,2026-09-25T20:44:51,2026-09-25T20:37:25,Divine Stone,709919,56083601,79,,715130
762,2026-09-25T20:45:03,2026-09-25T20:37:25,Divine Stone,715000,1430000,2,,715130
763,2026-09-25T20:46:37,2026-09-25T20:37:25,Divine Stone,715000,715000,1,,
764,2026-09-25T23:15:31,2026-09-25T23:02:00,Chaos Core,709999,20589971,29,,749719
765,2026-09-25T23:15:39,2026-09-25T23:02:00,Chaos Core,709999,80939886,114,,749719
766,2026-09-25T23:17:10,2026-09-25T23:02:00,Chaos Core,750000,750000,1,,749719
767,2026-09-25T23:39:25,2026-09-25T23:02:00,Chaos Core,700000,83300000,119,,749716
768,2026-09-25T23:39:34,2026-09-25T23:02:00,Chaos Core,700000,170800000,244,,749716
769,2026-09-25T23:40:49,2026-09-25T23:02:00,Chaos Core,698886,32847642,47,,749715
770,2026-09-25T23:41:09,2026-09-25T23:02:00,Chaos Core,746572,746572,1,,749715
771,2026-09-25T23:41:57,2026-09-25T23:02:00,Upgrade Core Set (Ultimate) X 11,478571,5264281,11,,536724
772,2026-09-25T23:42:00,2026-09-25T23:02:00,Upgrade Core Set (Ultimate) X 231,478571,110549901,231,,536724
773,2026-09-25T23:45:36,2026-09-25T23:02:00,Divine Stone,700000,115500000,165,,715173
774,2026-09-25T23:49:30,2026-09-25T23:02:00,Upgrade Core Set (Ultimate) X 176,478571,84228496,176,,536717
775,2026-09-26T00:44:16,2026-09-26T00:41:41,Chaos Core,737696,21393184,29,,749671
776,2026-09-26T00:44:23,2026-09-26T00:41:41,Chaos Core,737696,47212544,64,,749671
777,2026-09-26T00:44:35,2026-09-26T00:41:41,Chaos Core,739000,135976000,184,,749671
778,2026-09-26T00:44:47,2026-09-26T00:41:41,Chaos Core,739000,1478000,2,,749671
779,2026-09-26T00:46:01,2026-09-26T00:41:41,Divine Stone,700000,69300000,99,,715229
780,2026-09-26T00:50:29,2026-09-26T00:41:41,Chaos Core,736504,118577144,161,,749662
781,2026-09-26T00:50:49,2026-09-26T00:41:41,Chaos Core,740000,740000,1,,749662
782,2026-09-26T00:55:44,2026-09-26T00:41:41,Chaos Core,735948,98617032,134,,749653
783,2026-09-26T00:56:13,2026-09-26T00:41:41,Chaos Core,735948,735948,1,,749653
784,2026-09-26T01:31:53,2026-09-26T00:41:41,Upgrade Core Set (Ultimate) X 87,480480,41801760,87,,536645
785,2026-09-26T01:36:23,2026-09-26T00:41:41,Upgrade Core Set (Ultimate) X 1,480470,480470,1,,536641
786,2026-09-26T01:40:46,2026-09-26T00:41:41,Force Core Set (Highest) X 41,182926,7500000,41,,195482
787,2026-09-26T01:40:49,2026-09-26T00:41:41,Force Core Set (Highest) X 82,182926,14999932,82,,195482
788,2026-09-26T01:45:23,2026-09-26T00:41:41,Upgrade Core Set (Ultimate) X 9,480480,4324320,9,,536632
789,2026-09-26T01:45:26,2026-09-26T00:41:41,Upgrade Core Set (Ultimate) X 23,480480,11051040,23,,536632
790,2026-09-26T01:45:30,2026-09-26T00:41:41,Upgrade Core Set (Ultimate) X 76,480480,36516480,76,,536632
791,2026-09-26T02:24:57,2026-09-26T00:41:41,Upgrade Core Set (Ultimate) X 41,475609,19500000,41,,536618
792,2026-09-26T02:40:25,2026-09-26T02:37:43,Force Core Set (Highest) X 16,193750,3100000,16,,201964
793,2026-09-26T02:40:28,2026-09-26T02:37:43,Force Core Set (Highest) X 19,193750,3681250,19,,201964
794,2026-09-26T02:40:32,2026-09-26T02:37:43,Force Core Set (Highest) X 32,193750,6200000,32,,201964
795,2026-09-26T02:40:35,2026-09-26T02:37:43,Force Core Set (Highest) X 46,193750,8912500,46,,201964
796,2026-09-26T02:40:40,2026-09-26T02:37:43,Force Core Set (Highest) X 1,194884,6626056,34,,201964
797,2026-09-26T02:41:14,2026-09-26T02:37:43,Force Core Set (Highest) X 10,194884,1948840,10,,201963
798,2026-09-26T02:41:19,2026-09-26T02:37:43,Force Core Set (Highest) X 10,194884,11693040,60,,201963
799,2026-09-26T02:41:22,2026-09-26T02:37:43,Force Core Set (Highest) X 19,194884,3702796,19,,201963
800,2026-09-26T02:41:26,2026-09-26T02:37:43,Force Core Set (Highest) X 23,194884,4482332,23,,201963
801,2026-09-26T02:41:29,2026-09-26T02:37:43,Force Core Set (Highest) X 29,194884,5651636,29,,201963
802,2026-09-26T02:42:02,2026-09-26T02:37:43,Force Core Set (Highest) X 1,194884,5066984,26,,201963
803,2026-09-26T02:42:05,2026-09-26T02:37:43,Force Core Set (Highest) X 42,194884,8185128,42,,201963
804,2026-09-26T02:42:09,2026-09-26T02:37:43,Force Core Set (Highest) X 48,194884,9354444,48,,201963
805,2026-09-26T02:42:12,2026-09-26T02:37:43,Force Core Set (Highest) X 26,194913,5067738,26,,201963
806,2026-09-26T02:42:16,2026-09-26T02:37:43,Force Core Set (Highest) X 78,194913,15203214,78,,201963
807,2026-09-26T02:42:45,2026-09-26T02:37:43,Upgrade Core Set (Ultimate) X 10,480480,96096000,200,,536618
808,2026-09-26T02:46:49,2026-09-26T02:37:43,Upgrade Core Set (Ultimate) X 10,480480,4804800,10,,536618
809,2026-09-26T02:46:52,2026-09-26T02:37:43,Upgrade Core Set (Ultimate) X 125,480480,60060000,125,,536618
810,2026-09-26T02:47:28,2026-09-26T02:37:43,Upgrade Core Set (Ultimate) X 371,480480,178258080,371,,536618
811,2026-09-26T03:36:29,2026-09-26T03:15:36,Chaos Core,728200,5097400,7,,748782
812,2026-09-26T03:36:37,2026-09-26T03:15:36,Chaos Core,730000,21900000,30,,748782
813,2026-09-26T03:36:42,2026-09-26T03:15:36,Chaos Core,727656,29833896,41,,748782
814,2026-09-26T03:36:54,2026-09-26T03:15:36,Chaos Core,730000,119720000,164,,748782
815,2026-09-26T03:37:04,2026-09-26T03:15:36,Chaos Core,730000,730000,1,,748782
816,2026-09-26T03:38:23,2026-09-26T03:15:36,Chaos Core,723999,91223874,126,,746995
817,2026-09-26T03:38:47,2026-09-26T03:15:36,Chaos Core,730000,181040000,248,,746995
818,2026-09-26T03:38:51,2026-09-26T03:15:36,Chaos Core,722999,722999,1,,746995
819,2026-09-26T03:40:12,2026-09-26T03:15:36,Chaos Core,720000,82080000,114,,746989
820,2026-09-26T03:40:36,2026-09-26T03:15:36,Chaos Core,730000,83950000,115,,746989
821,2026-09-26T03:40:42,2026-09-26T03:15:36,Chaos Core,700000,1400000,2,,746989
822,2026-09-26T03:43:54,2026-09-26T03:15:36,Divine Stone,700000,24500000,35,,715000
823,2026-09-26T03:44:02,2026-09-26T03:15:36,Divine Stone,708329,24791515,35,,715000
824,2026-09-26T03:44:11,2026-09-26T03:15:36,Divine Stone,713999,1427998,2,,715000
825,2026-09-26T03:53:20,2026-09-26T03:15:36,Force Core Set (High) X 20,179797,3595940,20,,185000
826,2026-09-26T03:53:23,2026-09-26T03:15:36,Force Core Set (High) X 33,179797,5933333,33,,185000
827,2026-09-26T03:53:27,2026-09-26T03:15:36,Force Core Set (High) X 57,179797,10248429,57,,185000
828,2026-09-26T03:53:32,2026-09-26T03:15:36,Force Core Set (High) X 5,180000,16200000,90,,185000
829,2026-09-26T04:57:05,2026-09-26T03:15:36,Force Core Set (Highest) X 10,194916,35084880,180,,199939
830,2026-09-26T04:57:08,2026-09-26T03:15:36,Force Core Set (Highest) X 12,194916,2338992,12,,199939
831,2026-09-26T04:57:12,2026-09-26T03:15:36,Force Core Set (Highest) X 24,194916,4677984,24,,199939
832,2026-09-26T05:01:49,2026-09-26T03:15:36,Divine Stone,700000,73500000,105,,714998
833,2026-09-26T05:07:02,2026-09-26T03:15:36,Divine Stone,700000,79100000,113,,714995
834,2026-09-26T05:07:15,2026-09-26T03:15:36,Divine Stone,713997,713997,1,,714995
835,2026-09-26T05:10:01,2026-09-26T03:15:36,Chaos Core,716163,33659661,47,,739794
836,2026-09-26T05:10:11,2026-09-26T03:15:36,Chaos Core,716163,16471749,23,,739794
837,2026-09-26T05:10:24,2026-09-26T03:15:36,Chaos Core,716728,178465272,249,,739794
838,2026-09-26T05:10:54,2026-09-26T03:15:36,Chaos Core,716728,1433456,2,,739794
839,2026-09-26T05:12:19,2026-09-26T03:15:36,Chaos Core,718532,6466788,9,,739789
840,2026-09-26T05:12:25,2026-09-26T03:15:36,Chaos Core,714376,160020224,224,,739789
841,2026-09-26T05:12:41,2026-09-26T03:15:36,Chaos Core,718532,718532,1,,739789
842,2026-09-26T05:25:23,2026-09-26T03:15:36,Upgrade Core Set (Ultimate) X 10,436600,8732000,20,,519895
843,2026-09-26T05:25:26,2026-09-26T03:15:36,Upgrade Core Set (Ultimate) X 300,436600,130980000,300,,519895
844,2026-09-26T05:45:30,2026-09-26T03:15:36,Chaos Core,712592,6413328,9,,737905
845,2026-09-26T05:45:38,2026-09-26T03:15:36,Chaos Core,712592,81235488,114,,737905
846,2026-09-26T05:45:47,2026-09-26T03:15:36,Chaos Core,712592,81235488,114,,737905
847,2026-09-26T05:47:08,2026-09-26T03:15:36,Chaos Core,712592,712592,1,,737903
848,2026-09-26T05:47:20,2026-09-26T03:15:36,Chaos Core,715500,34344000,48,,737903
849,2026-09-26T05:47:35,2026-09-26T03:15:36,Chaos Core,718532,19400364,27,,737903
850,2026-09-26T05:47:53,2026-09-26T03:15:36,Chaos Core,718532,5748256,8,,737903
851,2026-09-26T05:48:11,2026-09-26T03:15:36,Chaos Core,718532,14370640,20,,737903
852,2026-09-26T05:48:37,2026-09-26T03:15:36,Chaos Core,718532,38082196,53,,737903
853,2026-09-26T05:48:55,2026-09-26T03:15:36,Chaos Core,718532,53889900,75,,737903
854,2026-09-26T05:49:10,2026-09-26T03:15:36,Chaos Core,718532,718532,1,,737903
855,2026-09-26T05:49:21,2026-09-26T03:15:36,Chaos Core,718532,718532,1,,737903
856,2026-09-26T05:51:08,2026-09-26T03:15:36,Chaos Core,716728,178465272,249,,737903
857,2026-09-26T05:58:56,2026-09-26T03:15:36,Force Core Set (High) X 1,145000,145000,1,,179998
858,2026-09-26T06:01:05,2026-09-26T03:15:36,Chaos Core,725000,134125000,185,,737887
859,2026-09-26T06:01:15,2026-09-26T03:15:36,Chaos Core,725000,725000,1,,737887
860,2026-09-26T06:20:19,2026-09-26T03:15:36,Force Core Set (High) X 59,162711,9600000,59,,169996
861,2026-09-26T06:20:22,2026-09-26T03:15:36,Force Core Set (High) X 72,162711,11715192,72,,169996
862,2026-09-26T06:47:56,2026-09-26T03:15:36,Chaos Core,704000,80256000,114,,737900
863,2026-09-26T06:49:05,2026-09-26T03:15:36,Chaos Core,730000,159140000,218,,737899
864,2026-09-26T06:49:13,2026-09-26T03:15:36,Chaos Core,730000,730000,1,,737899
865,2026-09-26T06:54:30,2026-09-26T06:51:59,Force Core Set (Highest) X 10,189188,37837600,200,,199799
866,2026-09-26T06:55:04,2026-09-26T06:51:59,Force Core Set (Highest) X 10,189188,37837600,200,,199799
867,2026-09-26T06:55:38,2026-09-26T06:51:59,Force Core Set (Highest) X 10,189188,26486320,140,,199798
868,2026-09-26T06:55:43,2026-09-26T06:51:59,Force Core Set (Highest) X 20,189188,11351280,60,,199798
869,2026-09-26T07:15:27,2026-09-26T06:51:59,Chaos Core,715000,23595000,33,,744107
870,2026-09-26T07:22:49,2026-09-26T06:51:59,Upgrade Core Set (Ultimate) X 10,446940,53632800,120,,519719
871,2026-09-26T07:22:53,2026-09-26T06:51:59,Upgrade Core Set (Ultimate) X 26,446940,11620465,26,,519719
872,2026-09-26T07:22:56,2026-09-26T06:51:59,Upgrade Core Set (Ultimate) X 39,446940,17430660,39,,519719
873,2026-09-26T07:23:00,2026-09-26T06:51:59,Upgrade Core Set (Ultimate) X 1,480400,480400,1,,519719
874,2026-09-26T07:30:43,2026-09-26T06:51:59,Divine Stone,708329,101999376,144,,714991
875,2026-09-26T07:31:33,2026-09-26T06:51:59,Divine Stone,708329,73666216,104,,714991
876,2026-09-26T07:31:41,2026-09-26T06:51:59,Divine Stone,708329,24083186,34,,714991
877,2026-09-26T07:32:33,2026-09-26T06:51:59,Divine Stone,708329,108374337,153,,714989
878,2026-09-26T07:37:05,2026-09-26T06:51:59,Chaos Core,735000,183015000,249,,743999
879,2026-09-26T07:44:10,2026-09-26T07:41:30,Chaos Core,735000,19110000,26,,743993
880,2026-09-26T07:44:27,2026-09-26T07:41:30,Chaos Core,735000,95550000,130,,743993
881,2026-09-26T07:45:55,2026-09-26T07:41:30,Chaos Core,735000,63210000,86,,743991
882,2026-09-26T07:46:13,2026-09-26T07:41:30,Chaos Core,735000,119805000,163,,743991
883,2026-09-26T07:54:54,2026-09-26T07:49:30,Chaos Core,734999,144794803,197,,743980
884,2026-09-26T07:55:02,2026-09-26T07:49:30,Chaos Core,735000,735000,1,,743980
885,2026-09-26T07:57:15,2026-09-26T07:49:30,Chaos Core,717000,33699000,47,,743977
886,2026-09-26T07:57:27,2026-09-26T07:49:30,Chaos Core,718532,60356688,84,,743977
887,2026-09-26T07:57:45,2026-09-26T07:49:30,Chaos Core,734357,734357,1,,743977
888,2026-09-26T07:58:37,2026-09-26T07:49:30,Force Core Set (High) X 1,180000,20340000,113,,185922
889,2026-09-26T07:58:41,2026-09-26T07:49:30,Force Core Set (High) X 76,180179,13693665,76,,185922
890,2026-09-26T07:58:46,2026-09-26T07:49:30,Force Core Set (High) X 1,180180,1981980,11,,185922
891,2026-09-26T08:04:00,2026-09-26T07:49:30,Force Core Set (High) X 37,180180,6666660,37,,185918
892,2026-09-26T08:09:09,2026-09-26T07:49:30,Chaos Core,733457,26404452,36,,743959
893,2026-09-26T08:11:27,2026-09-26T07:49:30,Chaos Core,728772,95469132,131,,743957
894,2026-09-26T08:11:37,2026-09-26T07:49:30,Chaos Core,728772,175634052,241,,743957
895,2026-09-26T08:12:50,2026-09-26T07:49:30,Force Core Set (High) X 1,180180,6666660,37,,185916
896,2026-09-26T08:12:54,2026-09-26T07:49:30,Force Core Set (High) X 28,180180,5045040,28,,185916
897,2026-09-26T08:12:57,2026-09-26T07:49:30,Force Core Set (High) X 35,180180,6306300,35,,185916
898,2026-09-26T08:13:01,2026-09-26T07:49:30,Force Core Set (High) X 61,180180,10990980,61,,185916
899,2026-09-26T08:18:38,2026-09-26T07:49:30,Force Core Set (High) X 1,180180,10630620,59,,185910
900,2026-09-26T08:18:43,2026-09-26T07:49:30,Force Core Set (High) X 1,180180,18018000,100,,185910
901,2026-09-26T08:18:46,2026-09-26T07:49:30,Force Core Set (High) X 131,180180,23603580,131,,185910
902,2026-09-26T08:21:28,2026-09-26T07:49:30,Divine Stone,708310,9208030,13,,714991
903,2026-09-26T08:21:36,2026-09-26T07:49:30,Divine Stone,708310,25499160,36,,714991
904,2026-09-26T08:21:45,2026-09-26T07:49:30,Divine Stone,708310,44623530,63,,714991
905,2026-09-26T08:21:55,2026-09-26T07:49:30,Divine Stone,708310,2833240,4,,714991
906,2026-09-26T08:22:06,2026-09-26T07:49:30,Divine Stone,708310,9916340,14,,714991
907,2026-09-26T08:22:20,2026-09-26T07:49:30,Divine Stone,708310,5666480,8,,714991
908,2026-09-26T08:23:17,2026-09-26T07:49:30,Divine Stone,708310,19832680,28,,714990
909,2026-09-26T08:23:40,2026-09-26T07:49:30,Divine Stone,708310,7791410,11,,714990
910,2026-09-26T08:23:46,2026-09-26T07:49:30,Divine Stone,708310,5666480,8,,714990
911,2026-09-26T08:23:52,2026-09-26T07:49:30,Divine Stone,708310,59498040,84,,714990
912,2026-09-26T08:23:57,2026-09-26T07:49:30,Divine Stone,708310,21957610,31,,714990
913,2026-09-26T08:25:12,2026-09-26T07:49:30,Divine Stone,708320,106248000,150,,714990
914,2026-09-26T08:26:23,2026-09-26T07:49:30,Chaos Core,733915,11742640,16,,743937
915,2026-09-26T08:26:36,2026-09-26T07:49:30,Chaos Core,734468,1468936,2,,743937
916,2026-09-26T08:28:42,2026-09-26T07:49:30,Upgrade Core Set (Ultimate) X 1,430000,430000,1,,509583
917,2026-09-26T08:31:07,2026-09-26T07:49:30,Divine Stone,708320,108372960,153,,714989
918,2026-09-26T08:34:02,2026-09-26T07:49:30,Chaos Core,734000,83676000,114,,743929
919,2026-09-26T08:34:08,2026-09-26T07:49:30,Chaos Core,734000,8074000,11,,743929
920,2026-09-26T08:34:18,2026-09-26T07:49:30,Chaos Core,734000,181298000,247,,743929
921,2026-09-26T08:41:47,2026-09-26T07:49:30,Divine Stone,698000,106794000,153,,714983
922,2026-09-26T08:42:43,2026-09-26T07:49:30,Divine Stone,698000,10470000,15,,714982
923,2026-09-26T08:42:51,2026-09-26T07:49:30,Divine Stone,698000,94230000,135,,714982
924,2026-09-26T08:45:46,2026-09-26T07:49:30,Divine Stone,698000,3490000,5,,714979
925,2026-09-26T08:45:54,2026-09-26T07:49:30,Divine Stone,698000,79572000,114,,714979
926,2026-09-26T08:46:03,2026-09-26T07:49:30,Divine Stone,698000,15356000,22,,714979
927,2026-09-26T09:40:08,2026-09-26T09:37:18,Upgrade Core Set (Ultimate) X 1,480479,93693405,195,,509522
928,2026-09-26T09:40:11,2026-09-26T09:37:18,Upgrade Core Set (Ultimate) X 10,480479,4804790,10,,509522
929,2026-09-26T12:38:18,2026-09-26T12:35:38,Chaos Core,713743,36400893,51,,729812
930,2026-09-26T12:38:28,2026-09-26T12:35:38,Chaos Core,715000,20020000,28,,729812
931,2026-09-26T12:38:39,2026-09-26T12:35:38,Chaos Core,715000,18590000,26,,729812
932,2026-09-26T12:39:41,2026-09-26T12:35:38,Chaos Core,713241,32809086,46,,729812
933,2026-09-26T12:40:02,2026-09-26T12:35:38,Chaos Core,729420,1458840,2,,729812
934,2026-09-26T12:40:43,2026-09-26T12:35:38,Chaos Core,713241,81309474,114,,729812
935,2026-09-26T12:43:49,2026-09-26T12:35:38,Divine Stone,708329,56666320,80,,714968
936,2026-09-26T12:43:57,2026-09-26T12:35:38,Divine Stone,708329,2833316,4,,714968
937,2026-09-26T12:45:16,2026-09-26T12:35:38,Chaos Core,729999,76649895,105,,743868
938,2026-09-26T12:45:34,2026-09-26T12:35:38,Chaos Core,731111,138911090,190,,743868
939,2026-09-26T12:45:51,2026-09-26T12:35:38,Chaos Core,731111,1462222,2,,743868
940,2026-09-26T12:54:24,2026-09-26T12:35:38,Force Core Set (High) X 1,145000,145000,1,,182967
941,2026-09-26T13:18:52,2026-09-26T12:35:38,Divine Stone,707500,55185000,78,,714968
942,2026-09-26T13:35:36,2026-09-26T12:35:38,Chaos Core,741666,111991566,151,,749670
943,2026-09-26T13:35:45,2026-09-26T12:35:38,Chaos Core,741666,1483332,2,,749670
944,2026-09-26T14:26:20,2026-09-26T12:35:38,Force Core Set (High) X9,166666,1500000,9,,174971
945,2026-09-26T14:41:33,2026-09-26T14:38:41,Chaos Core,729994,101469166,139,,749631
946,2026-09-26T14:41:48,2026-09-26T14:38:41,Chaos Core,729995,729995,1,,749631
947,2026-09-26T14:41:56,2026-09-26T14:38:41,Chaos Core,728843,81630416,112,,749631
948,2026-09-26T14:43:02,2026-09-26T14:38:41,Chaos Core,728297,13837643,19,,749631
949,2026-09-26T14:43:12,2026-09-26T14:38:41,Chaos Core,728843,180024221,247,,749631
950,2026-09-26T14:43:16,2026-09-26T14:38:41,Chaos Core,728297,728297,1,,749631
951,2026-09-26T14:44:22,2026-09-26T14:38:41,Chaos Core,728297,149300885,205,,749628
952,2026-09-26T14:44:32,2026-09-26T14:38:41,Chaos Core,728843,1457686,2,,749628
953,2026-09-26T14:47:03,2026-09-26T14:38:41,Chaos Core,728297,16022534,22,,740000
954,2026-09-26T14:47:11,2026-09-26T14:38:41,Chaos Core,728297,181345953,249,,740000
955,2026-09-26T14:47:23,2026-09-26T14:38:41,Chaos Core,728843,1457686,2,,740000
956,2026-09-26T14:48:29,2026-09-26T14:38:41,Chaos Core,718532,17963300,25,,739996
957,2026-09-26T14:48:37,2026-09-26T14:38:41,Chaos Core,718532,10777980,15,,739996
958,2026-09-26T14:50:02,2026-09-26T14:38:41,Chaos Core,728297,170421498,234,,739996
959,2026-09-26T14:50:17,2026-09-26T14:38:41,Chaos Core,729995,729995,1,,739996
960,2026-09-26T14:50:22,2026-09-26T14:38:41,Chaos Core,728297,728297,1,,739996
961,2026-09-26T15:21:52,2026-09-26T15:15:26,Force Core Set (High) X 1,145000,145000,1,,180999
962,2026-09-26T15:26:22,2026-09-26T15:15:26,Force Core Set (High) X 1,145000,145000,1,,180998
963,2026-09-26T15:35:59,2026-09-26T15:15:26,Force Core Set (High) X 1,145000,145000,1,,180995
964,2026-09-26T15:40:46,2026-09-26T15:15:26,Force Core Set (High) X 1,143000,143000,1,,180992
965,2026-09-26T15:45:23,2026-09-26T15:15:26,Force Core Set (Highest) X 1,180000,180000,1,,189896
966,2026-09-26T15:45:28,2026-09-26T15:15:26,Force Core Set (Highest) X 1,180000,1080000,6,,189896
967,2026-09-26T15:45:31,2026-09-26T15:15:26,Force Core Set (Highest) X 6,180000,1080000,6,,189896
968,2026-09-26T16:02:03,2026-09-26T15:59:05,Chaos Core,714713,714713,1,,729784
969,2026-09-26T16:02:13,2026-09-26T15:59:05,Chaos Core,716000,8592000,12,,729784
970,2026-09-26T16:02:24,2026-09-26T15:59:05,Chaos Core,716000,53700000,75,,729784
971,2026-09-26T16:02:38,2026-09-26T15:59:05,Chaos Core,716963,1433926,2,,729784
972,2026-09-26T16:02:51,2026-09-26T15:59:05,Chaos Core,716963,81733782,114,,729784
973,2026-09-26T16:03:51,2026-09-26T15:59:05,Chaos Core,714078,34989822,49,,729783
974,2026-09-26T16:04:08,2026-09-26T15:59:05,Chaos Core,716963,716963,1,,729783
975,2026-09-26T16:04:14,2026-09-26T15:59:05,Chaos Core,714078,77120424,108,,729783
976,2026-09-26T16:04:30,2026-09-26T15:59:05,Chaos Core,716963,716963,1,,729783
977,2026-09-26T16:05:25,2026-09-26T15:59:05,Divine Stone,700000,30100000,43,,714966
978,2026-09-26T16:05:33,2026-09-26T15:59:05,Divine Stone,700000,27300000,39,,714966
979,2026-09-26T16:05:45,2026-09-26T15:59:05,Divine Stone,710000,1420000,2,,714966
980,2026-09-26T16:10:40,2026-09-26T15:59:05,Force Core Set (High) X 1,135000,135000,1,,180997
981,2026-09-26T16:15:04,2026-09-26T15:59:05,Force Core Set (High) X 1,135000,135000,1,,180994
982,2026-09-26T16:26:14,2026-09-26T15:59:05,Force Core Set (Highest) X 1,189200,10973600,58,,199834
983,2026-09-26T16:26:18,2026-09-26T15:59:05,Force Core Set (Highest) X 13,189200,2459600,13,,199834
984,2026-09-26T16:26:21,2026-09-26T15:59:05,Force Core Set (Highest) X 26,189200,4919200,26,,199834
985,2026-09-26T16:26:25,2026-09-26T15:59:05,Force Core Set (Highest) X 54,189200,10216800,54,,199834
986,2026-09-26T16:26:28,2026-09-26T15:59:05,Force Core Set (Highest) X 81,189200,15325200,81,,199834
987,2026-09-26T16:27:02,2026-09-26T15:59:05,Force Core Set (Highest) X 7,189228,1324600,7,,199834
988,2026-09-26T16:27:05,2026-09-26T15:59:05,Force Core Set (Highest) X 85,189228,16084380,85,,199834
989,2026-09-26T16:27:09,2026-09-26T15:59:05,Force Core Set (Highest) X 88,189228,16652064,88,,199834
990,2026-09-26T16:27:12,2026-09-26T15:59:05,Force Core Set (Highest) X 188,189228,35574864,188,,199834
991,2026-09-26T16:29:20,2026-09-26T15:59:05,Chaos Core,710000,2840000,4,,729745
992,2026-09-26T16:29:30,2026-09-26T15:59:05,Chaos Core,709000,63810000,90,,729745
993,2026-09-26T16:29:44,2026-09-26T15:59:05,Chaos Core,710000,4970000,7,,729745
994,2026-09-26T16:29:58,2026-09-26T15:59:05,Chaos Core,710000,153360000,216,,729745
995,2026-09-26T16:30:02,2026-09-26T15:59:05,Chaos Core,706756,706756,1,,729745
996,2026-09-26T17:09:40,2026-09-26T15:59:05,Force Core Set (High) X 1,145000,145000,1,,180990
997,2026-09-26T17:10:15,2026-09-26T15:59:05,Force Core Set (High) X 10,145000,14500000,100,,180989
998,2026-09-26T17:10:49,2026-09-26T15:59:05,Force Core Set (High) X 1,145000,145000,1,,180989
999,2026-09-26T17:17:32,2026-09-26T15:59:05,Chaos Core,694906,22236992,32,,729649
1000,2026-09-26T17:17:41,2026-09-26T15:59:05,Chaos Core,694906,39609642,57,,729649
1001,2026-09-26T17:17:54,2026-09-26T15:59:05,Chaos Core,696549,5572392,8,,729649
1002,2026-09-26T17:18:09,2026-09-26T15:59:05,Chaos Core,696549,28558509,41,,729649
1003,2026-09-26T17:18:32,2026-09-26T15:59:05,Chaos Core,699999,138599802,198,,729649
1004,2026-09-26T19:13:29,2026-09-26T19:10:41,Upgrade Core Set (Ultimate) X 366,419354,153483564,366,,469988
1005,2026-09-26T19:19:52,2026-09-26T19:10:41,Force Core Set (Highest) X 2,191394,382788,2,,199751
1006,2026-09-26T19:19:56,2026-09-26T19:10:41,Force Core Set (Highest) X 10,191394,1913940,10,,199751
1007,2026-09-26T19:19:59,2026-09-26T19:10:41,Force Core Set (Highest) X 10,191394,1913940,10,,199751
1008,2026-09-26T19:20:03,2026-09-26T19:10:41,Force Core Set (Highest) X 26,191394,4976244,26,,199751
1009,2026-09-26T19:20:06,2026-09-26T19:10:41,Force Core Set (Highest) X 83,191394,15885702,83,,199751
1010,2026-09-26T19:30:45,2026-09-26T19:10:41,Upgrade Core Set (Ultimate) X 100,443995,88799000,200,,469975
1011,2026-09-26T20:15:50,2026-09-26T19:10:41,Chaos Core,702050,44229150,63,,719889
1012,2026-09-26T20:16:02,2026-09-26T19:10:41,Chaos Core,702633,82910694,118,,719889
1013,2026-09-26T20:16:17,2026-09-26T19:10:41,Chaos Core,703159,1406318,2,,719889
1014,2026-09-26T20:36:41,2026-09-26T19:10:41,Chaos Core,703583,93576539,133,,719859
1015,2026-09-26T20:36:50,2026-09-26T19:10:41,Chaos Core,705338,22570816,32,,719859
1016,2026-09-26T20:37:54,2026-09-26T19:10:41,Chaos Core,706649,6359841,9,,719857
1017,2026-09-26T20:38:03,2026-09-26T19:10:41,Chaos Core,706649,55118622,78,,719857
1018,2026-09-26T20:42:00,2026-09-26T19:10:41,Chaos Core,706130,19771640,28,,719856
1019,2026-09-26T20:42:22,2026-09-26T19:10:41,Chaos Core,709999,1419998,2,,719856
1020,2026-09-26T20:47:01,2026-09-26T19:10:41,Chaos Core,705571,30339553,43,,719849
1021,2026-09-26T20:51:23,2026-09-26T19:10:41,Chaos Core,709999,1419998,2,,719849
1022,2026-09-26T20:57:24,2026-09-26T19:10:41,Chaos Core Set X 5,700000,105000000,150,,709848
1023,2026-09-26T20:57:46,2026-09-26T19:10:41,Chaos Core Set X 5,700000,105000000,150,,709848
1024,2026-09-26T20:58:08,2026-09-26T19:10:41,Chaos Core Set X 5,700000,45500000,65,,709848
1025,2026-09-26T21:08:03,2026-09-26T19:10:41,Force Core Set (Highest) X 52,191394,9952488,52,,199665
1026,2026-09-26T21:08:06,2026-09-26T19:10:41,Force Core Set (Highest) X 99,191394,18948006,99,,199665
1027,2026-09-26T21:08:10,2026-09-26T19:10:41,Force Core Set (Highest) X 110,191394,21053340,110,,199665
1028,2026-09-26T21:12:06,2026-09-26T19:10:41,Force Core Set (Highest) X 136,191394,26029584,136,,199659
1029,2026-09-26T21:12:10,2026-09-26T19:10:41,Force Core Set (Highest) X 140,191394,26795160,140,,199659
1030,2026-09-26T21:15:49,2026-09-26T19:10:41,Force Core Set (Highest) X 185,191394,35407890,185,,199664
1031,2026-09-26T21:15:53,2026-09-26T19:10:41,Force Core Set (Highest) X 226,191394,43255044,226,,199664
1032,2026-09-26T21:16:50,2026-09-26T19:10:41,Force Core Set (Highest) X 50,191400,19140000,100,,199664
1033,2026-09-26T21:16:54,2026-09-26T19:10:41,Force Core Set (Highest) X 66,191400,12632400,66,,199664
1034,2026-09-26T21:16:57,2026-09-26T19:10:41,Force Core Set (Highest) X 88,191400,16843200,88,,199664
1035,2026-09-26T21:22:32,2026-09-26T19:10:41,Chaos Core,709387,130527208,184,,729623
1036,2026-09-26T21:22:50,2026-09-26T19:10:41,Chaos Core,709999,1419998,2,,729623
1037,2026-09-26T21:23:57,2026-09-26T19:10:41,Chaos Core,710000,176080000,248,,729621
1038,2026-09-26T21:24:13,2026-09-26T19:10:41,Chaos Core,710000,710000,1,,729621
1039,2026-09-26T21:25:15,2026-09-26T19:10:41,Chaos Core,704255,26057435,37,,729619
1040,2026-09-26T21:25:32,2026-09-26T19:10:41,Chaos Core,709387,709387,1,,729619
1041,2026-09-26T21:25:50,2026-09-26T19:10:41,Chaos Core,710000,26980000,38,,729619
1042,2026-09-26T21:26:07,2026-09-26T19:10:41,Chaos Core,710000,81650000,115,,729619
1043,2026-09-26T21:26:24,2026-09-26T19:10:41,Chaos Core,710000,710000,1,,729619
1044,2026-09-26T21:27:31,2026-09-26T19:10:41,Chaos Core,710000,56090000,79,,729619
1045,2026-09-26T21:27:48,2026-09-26T19:10:41,Chaos Core,710000,26270000,37,,729619
1046,2026-09-26T21:28:05,2026-09-26T19:10:41,Chaos Core,710000,710000,1,,729619
1047,2026-09-26T21:28:22,2026-09-26T19:10:41,Chaos Core,714999,150864789,211,,729619
1048,2026-09-26T21:28:40,2026-09-26T19:10:41,Chaos Core,714999,1429998,2,,729619
1049,2026-09-26T21:35:19,2026-09-26T19:10:41,Chaos Core,703687,80220318,114,,729618
1050,2026-09-26T21:35:43,2026-09-26T19:10:41,Chaos Core,704955,704955,1,,729618
1051,2026-09-26T21:36:06,2026-09-26T19:10:41,Chaos Core,705570,705570,1,,729618
1052,2026-09-26T21:36:22,2026-09-26T19:10:41,Chaos Core,706219,706219,1,,729618
1053,2026-09-26T21:36:40,2026-09-26T19:10:41,Chaos Core,714999,67924905,95,,729618
1054,2026-09-26T21:36:51,2026-09-26T19:10:41,Chaos Core,714999,714999,1,,729618
1055,2026-09-26T21:37:53,2026-09-26T19:10:41,Chaos Core,714999,148719792,208,,729615
1056,2026-09-26T21:38:02,2026-09-26T19:10:41,Chaos Core,714999,1429998,2,,729615
1057,2026-09-26T21:47:30,2026-09-26T19:10:41,Force Core Set (High) X 10,180170,36034000,200,,189999
1058,2026-09-26T21:48:04,2026-09-26T19:10:41,Force Core Set (High) X 10,180170,14413600,80,,189997
1059,2026-09-26T21:48:08,2026-09-26T19:10:41,Force Core Set (High) X 26,180170,4684420,26,,189997
1060,2026-09-26T21:48:11,2026-09-26T19:10:41,Force Core Set (High) X 164,180170,29547880,164,,189997
1061,2026-09-26T22:08:16,2026-09-26T19:10:41,Force Core Set (High) X 51,180170,9188670,51,,189980
1062,2026-09-26T22:08:20,2026-09-26T19:10:41,Force Core Set (High) X 61,180170,10990370,61,,189980
1063,2026-09-26T22:08:24,2026-09-26T19:10:41,Force Core Set (High) X 145,180180,26126100,145,,189980
1064,2026-09-26T22:09:17,2026-09-26T19:10:41,Force Core Set (Highest) X 1,191400,13589400,71,,199630
1065,2026-09-26T22:09:22,2026-09-26T19:10:41,Force Core Set (Highest) X 10,191400,22968000,120,,199630
1066,2026-09-26T22:09:26,2026-09-26T19:10:41,Force Core Set (Highest) X 18,191400,3445200,18,,199630
1067,2026-09-26T23:04:10,2026-09-26T19:10:41,Upgrade Core Set (Ultimate) X 17,445101,7566717,17,,469805
1068,2026-09-26T23:06:38,2026-09-26T19:10:41,Chaos Core,700308,173676384,248,,729469
1069,2026-09-26T23:06:44,2026-09-26T19:10:41,Chaos Core,700308,700308,1,,729469
1070,2026-09-26T23:08:17,2026-09-26T19:10:41,Chaos Core,699709,174227541,249,,729466
1071,2026-09-26T23:09:26,2026-09-26T19:10:41,Chaos Core,699038,99962434,143,,729465
1072,2026-09-26T23:09:43,2026-09-26T19:10:41,Chaos Core,699038,139108562,199,,729465
1073,2026-09-26T23:15:00,2026-09-26T19:10:41,Chaos Core,697813,697813,1,,729461
1074,2026-09-26T23:15:06,2026-09-26T19:10:41,Chaos Core,697813,17445325,25,,729461
1075,2026-09-26T23:15:23,2026-09-26T19:10:41,Chaos Core,714999,106534851,149,,729461
1076,2026-09-26T23:15:49,2026-09-26T19:10:41,Chaos Core,714999,1429998,2,,729461
1077,2026-09-26T23:16:51,2026-09-26T19:10:41,Chaos Core,697813,1395626,2,,729459
1078,2026-09-26T23:17:08,2026-09-26T19:10:41,Chaos Core,714999,48619932,68,,729459
1079,2026-09-26T23:17:14,2026-09-26T19:10:41,Chaos Core,697813,6280317,9,,729459
1080,2026-09-26T23:17:31,2026-09-26T19:10:41,Chaos Core,714999,49334931,69,,729459
1081,2026-09-26T23:17:49,2026-09-26T19:10:41,Chaos Core,714999,138709806,194,,729459
1082,2026-09-26T23:19:18,2026-09-26T19:10:41,Chaos Core,714999,2859996,4,,729458
1083,2026-09-26T23:19:36,2026-09-26T19:10:41,Chaos Core,714999,139424805,195,,729458
1084,2026-09-26T23:19:51,2026-09-26T19:10:41,Chaos Core,714999,714999,1,,729458
1085,2026-09-26T23:20:21,2026-09-26T19:10:41,Chaos Core,714999,714999,1,,729458
1086,2026-09-26T23:21:48,2026-09-26T19:10:41,Chaos Core,715555,20751095,29,,729456
1087,2026-09-26T23:22:06,2026-09-26T19:10:41,Chaos Core,714999,9294987,13,,729456
1088,2026-09-26T23:22:24,2026-09-26T19:10:41,Chaos Core,715555,105902140,148,,729456
1089,2026-09-26T23:22:41,2026-09-26T19:10:41,Chaos Core,715555,1431110,2,,729456
1090,2026-09-26T23:25:51,2026-09-26T19:10:41,Upgrade Core Set (Ultimate) X 73,445101,32492373,73,,469794
1091,2026-09-26T23:26:25,2026-09-26T19:10:41,Divine Stone,700000,94500000,135,,714961
1092,2026-09-26T23:27:15,2026-09-26T19:10:41,Divine Stone,700000,79800000,114,,714961
1093,2026-09-26T23:33:34,2026-09-26T19:10:41,Force Core Set (High) X 10,180000,36000000,200,,188969
1094,2026-09-26T23:36:22,2026-09-26T19:10:41,Chaos Core,715555,2862220,4,,729441
1095,2026-09-26T23:36:45,2026-09-26T19:10:41,Chaos Core,720000,10080000,14,,729441
1096,2026-09-26T23:40:34,2026-09-26T19:10:41,Force Core Set (Highest) X 10,191052,38210400,200,,199561
1097,2026-09-26T23:41:08,2026-09-26T19:10:41,Force Core Set (Highest) X 10,191052,38210400,200,,199561
1098,2026-09-26T23:43:23,2026-09-26T19:10:41,Chaos Core,720684,114588756,159,,729438
1099,2026-09-26T23:44:39,2026-09-26T19:10:41,Chaos Core,720684,175126212,243,,729438
1100,2026-09-26T23:48:09,2026-09-26T19:10:41,Upgrade Core Set (Ultimate) X 30,445101,13353030,30,,469780
1101,2026-09-26T23:48:12,2026-09-26T19:10:41,Upgrade Core Set (Ultimate) X 58,445101,25815858,58,,469780
1102,2026-09-26T23:53:14,2026-09-26T19:10:41,Chaos Core,718000,30874000,43,,729429
1103,2026-09-26T23:53:22,2026-09-26T19:10:41,Chaos Core,718000,25130000,35,,729429
1104,2026-09-26T23:53:31,2026-09-26T19:10:41,Chaos Core,718000,81852000,114,,729429
1105,2026-09-26T23:59:15,2026-09-26T19:10:41,Chaos Core,716796,85298724,119,,729420
1106,2026-09-26T23:59:25,2026-09-26T19:10:41,Chaos Core,717317,20084876,28,,729420
1107,2026-09-27T00:00:17,2026-09-26T19:10:41,Chaos Core,716796,91033092,127,,729418
1108,2026-09-27T00:00:32,2026-09-26T19:10:41,Chaos Core,718833,718833,1,,729418
1109,2026-09-27T00:01:01,2026-09-26T19:10:41,Chaos Core,719527,719527,1,,729418
1110,2026-09-27T00:01:48,2026-09-26T19:10:41,Upgrade Core Set (Ultimate) X 288,445101,128189088,288,,469775
1111,2026-09-27T00:40:16,2026-09-27T00:23:54,Force Core Set (High) X 1,177200,5138800,29,,188926
1112,2026-09-27T00:40:19,2026-09-27T00:23:54,Force Core Set (High) X 387,177249,68595749,387,,188926
1113,2026-09-27T00:51:48,2026-09-27T00:23:54,Force Core Set (Highest) X 1,191051,17767743,93,,199508
1114,2026-09-27T00:51:53,2026-09-27T00:23:54,Force Core Set (Highest) X 1,191051,20442457,107,,199508
1115,2026-09-27T01:03:03,2026-09-27T00:23:54,Divine Stone,708457,63761130,90,,714931
1116,2026-09-27T01:03:11,2026-09-27T00:23:54,Divine Stone,708457,11335312,16,,714931
1117,2026-09-27T01:03:23,2026-09-27T00:23:54,Divine Stone,710000,1420000,2,,714931
1118,2026-09-27T01:06:47,2026-09-27T00:23:54,Divine Stone,708457,63761130,90,,714930
1119,2026-09-27T01:06:55,2026-09-27T00:23:54,Divine Stone,708457,51008904,72,,714930
1120,2026-09-27T01:07:59,2026-09-27T00:23:54,Divine Stone,708457,106268550,150,,714929
1121,2026-09-27T01:09:49,2026-09-27T00:23:54,Chaos Core,715361,35052689,49,,724984
1122,2026-09-27T01:10:00,2026-09-27T00:23:54,Chaos Core,715361,32906606,46,,724984
1123,2026-09-27T01:10:12,2026-09-27T00:23:54,Chaos Core,715361,10015054,14,,724984
1124,2026-09-27T01:10:25,2026-09-27T00:23:54,Chaos Core,715361,52936714,74,,724984
1125,2026-09-27T01:13:47,2026-09-27T00:23:54,Force Core Set (Highest) X 11,191051,2101561,11,,199487
1126,2026-09-27T01:13:50,2026-09-27T00:23:54,Force Core Set (Highest) X 16,191051,3056816,16,,199487
1127,2026-09-27T01:13:54,2026-09-27T00:23:54,Force Core Set (Highest) X 18,191051,3438918,18,,199487
1128,2026-09-27T01:13:57,2026-09-27T00:23:54,Force Core Set (Highest) X 55,191051,10507805,55,,199487
1129,2026-09-27T01:14:01,2026-09-27T00:23:54,Force Core Set (Highest) X 76,191051,14519876,76,,199487
1130,2026-09-27T01:38:54,2026-09-27T01:32:15,Force Core Set (Highest) X 122,191052,23308344,122,,199472
1131,2026-09-27T01:38:57,2026-09-27T01:32:15,Force Core Set (Highest) X 142,191052,27129384,142,,199472
1132,2026-09-27T01:49:54,2026-09-27T01:32:15,Chaos Core,714559,65739428,92,,724935
1133,2026-09-27T01:50:03,2026-09-27T01:32:15,Chaos Core,715133,715133,1,,724935
1134,2026-09-27T02:02:51,2026-09-27T01:32:15,Force Core Set (High) X 16,180000,2880000,16,,188846
1135,2026-09-27T02:02:55,2026-09-27T01:32:15,Force Core Set (High) X 20,180000,7200000,40,,188846
1136,2026-09-27T02:02:58,2026-09-27T01:32:15,Force Core Set (High) X 27,180000,4860000,27,,188846
1137,2026-09-27T02:03:01,2026-09-27T01:32:15,Force Core Set (High) X 29,180000,5220000,29,,188846
1138,2026-09-27T02:03:04,2026-09-27T01:32:15,Force Core Set (High) X 39,180000,7020000,39,,188846
1139,2026-09-27T02:03:31,2026-09-27T01:32:15,Upgrade Core Set (Ultimate) X 1,445101,445101,1,,469651
1140,2026-09-27T02:03:34,2026-09-27T01:32:15,Upgrade Core Set (Ultimate) X 328,445101,145993128,328,,469651
1141,2026-09-27T02:05:19,2026-09-27T01:32:15,Chaos Core,712677,23518341,33,,724909
1142,2026-09-27T02:05:23,2026-09-27T01:32:15,Chaos Core,712676,1425352,2,,724909
1143,2026-09-27T02:05:29,2026-09-27T01:32:15,Chaos Core,712677,144673431,203,,724909
1144,2026-09-27T02:05:37,2026-09-27T01:32:15,Chaos Core,712677,1425354,2,,724909
1145,2026-09-27T02:06:35,2026-09-27T01:32:15,Chaos Core,712676,132557736,186,,724908
1146,2026-09-27T02:07:38,2026-09-27T01:32:15,Chaos Core,712677,64853607,91,,724903
1147,2026-09-27T02:07:42,2026-09-27T01:32:15,Chaos Core,712093,28483720,40,,724903
1148,2026-09-27T02:07:56,2026-09-27T01:32:15,Chaos Core,713947,713947,1,,724903
1149,2026-09-27T02:18:20,2026-09-27T01:32:15,Chaos Core,720684,6486156,9,,1218715
1150,2026-09-27T02:18:26,2026-09-27T01:32:15,Chaos Core,720684,133326540,185,,1218715
1151,2026-09-27T02:19:16,2026-09-27T01:32:15,Chaos Core,720099,720099,1,,1218715
1152,2026-09-27T02:41:05,2026-09-27T02:36:51,Chaos Core,719423,5035961,7,,724870
1153,2026-09-27T02:41:15,2026-09-27T02:36:51,Chaos Core,718813,35221837,49,,724870
1154,2026-09-27T02:42:13,2026-09-27T02:36:51,Chaos Core,718113,81146769,113,,724870
1155,2026-09-27T02:42:22,2026-09-27T02:36:51,Chaos Core,720684,1441368,2,,724870
1156,2026-09-27T02:46:23,2026-09-27T02:36:51,Chaos Core,717612,100465680,140,,724867
1157,2026-09-27T02:46:29,2026-09-27T02:36:51,Chaos Core,717612,97595232,136,,724867
1158,2026-09-27T02:53:59,2026-09-27T02:36:51,Chaos Core,715826,108805552,152,,724915
1159,2026-09-27T02:54:12,2026-09-27T02:36:51,Chaos Core,720684,720684,1,,724915
1160,2026-09-27T03:00:41,2026-09-27T02:36:51,Chaos Core,714636,37161072,52,,724918
1161,2026-09-27T03:00:47,2026-09-27T02:36:51,Chaos Core,714636,57885516,81,,724918
1162,2026-09-27T03:00:52,2026-09-27T02:36:51,Chaos Core,714636,23582988,33,,724918
1163,2026-09-27T03:01:06,2026-09-27T02:36:51,Chaos Core,720684,1441368,2,,724918
1164,2026-09-27T03:04:11,2026-09-27T02:36:51,Chaos Core,714070,170662730,239,,724916
1165,2026-09-27T03:04:25,2026-09-27T02:36:51,Chaos Core,720684,720684,1,,724916
1166,2026-09-27T03:07:23,2026-09-27T02:36:51,Chaos Core,712844,103362380,145,,724916
1167,2026-09-27T03:07:49,2026-09-27T02:36:51,Chaos Core,720684,1441368,2,,724916
1168,2026-09-27T03:35:35,2026-09-27T02:36:51,Chaos Core Set X 999,704917,704212083,999,,714913
1169,2026-09-27T03:45:13,2026-09-27T02:36:51,Upgrade Core Set (Ultimate) X 100,446941,89388200,200,,469546
1170,2026-09-27T03:51:47,2026-09-27T02:36:51,Upgrade Core Set (Ultimate) X 3,446941,1340823,3,,469539
1171,2026-09-27T03:52:26,2026-09-27T02:36:51,Divine Stone,708457,12043769,17,,714908
1172,2026-09-27T03:52:32,2026-09-27T02:36:51,Divine Stone,708457,94224781,133,,714908
1173,2026-09-27T03:53:21,2026-09-27T02:36:51,Divine Stone,708457,24795995,35,,714907
1174,2026-09-27T03:53:29,2026-09-27T02:36:51,Divine Stone,708457,82181012,116,,714907
1175,2026-09-27T03:53:37,2026-09-27T02:36:51,Divine Stone,708457,3542285,5,,714907
1176,2026-09-27T03:54:34,2026-09-27T02:36:51,Divine Stone,708457,108393921,153,,714906
1177,2026-09-27T03:57:11,2026-09-27T02:36:51,Chaos Core,720000,3600000,5,,729450
1178,2026-09-27T03:57:33,2026-09-27T02:36:51,Chaos Core,725000,9425000,13,,729450
1179,2026-09-27T03:59:09,2026-09-27T02:36:51,Chaos Core,720000,35280000,49,,729447
1180,2026-09-27T03:59:33,2026-09-27T02:36:51,Chaos Core,725000,1450000,2,,729447
1181,2026-09-27T04:04:12,2026-09-27T02:36:51,Chaos Core,723804,89751696,124,,729444
1182,2026-09-27T04:04:29,2026-09-27T02:36:51,Chaos Core,725000,1450000,2,,729444
1183,2026-09-27T04:07:50,2026-09-27T02:36:51,Upgrade Core Set (Ultimate) X 4,446941,1787764,4,,469530
1184,2026-09-27T04:07:53,2026-09-27T02:36:51,Upgrade Core Set (Ultimate) X 20,446941,8938820,20,,469530
1185,2026-09-27T04:07:56,2026-09-27T02:36:51,Upgrade Core Set (Ultimate) X 36,446941,16089876,36,,469530
1186,2026-09-27T04:08:00,2026-09-27T02:36:51,Upgrade Core Set (Ultimate) X 65,446941,29051165,65,,469530
1187,2026-09-27T04:21:06,2026-09-27T02:36:51,Force Core Set (High) X 5,179230,896150,5,,188680
1188,2026-09-27T04:21:09,2026-09-27T02:36:51,Force Core Set (High) X 29,179230,5197670,29,,188680
1189,2026-09-27T04:21:12,2026-09-27T02:36:51,Force Core Set (High) X 41,179230,7348430,41,,188680
1190,2026-09-27T04:25:48,2026-09-27T02:36:51,Upgrade Core Set (Ultimate) X 5,446941,2234705,5,,458983
1191,2026-09-27T04:31:14,2026-09-27T02:36:51,Chaos Core,73455,3746205,51,,729452
1192,2026-09-27T04:32:01,2026-09-27T02:36:51,Chaos Core,719332,136673080,190,,729452
1193,2026-09-27T04:32:10,2026-09-27T02:36:51,Chaos Core,735000,1470000,2,,729452
1194,2026-09-27T05:50:44,2026-09-27T02:36:51,Chaos Core Set X 100,700000,140000000,200,,729451
1195,2026-09-27T05:51:32,2026-09-27T02:36:51,Chaos Core Set X 100,700000,140000000,200,,729451
1196,2026-09-27T05:52:20,2026-09-27T02:36:51,Chaos Core Set X 100,700000,140000000,200,,729451
1197,2026-09-27T05:53:07,2026-09-27T02:36:51,Chaos Core Set X 200,719770,143954000,200,,729451
1198,2026-09-27T07:14:33,2026-09-27T02:36:51,Chaos Core Set X 100,715000,143000000,200,,729451
1199,2026-09-27T07:14:52,2026-09-27T02:36:51,Chaos Core Set X 100,715000,71500000,100,,729451
1200,2026-09-27T07:14:57,2026-09-27T02:36:51,Chaos Core Set X 100,715000,71500000,100,,729451
1201,2026-09-27T07:15:18,2026-09-27T02:36:51,Chaos Core Set X 100,715000,143000000,200,,729451
1202,2026-09-27T07:28:44,2026-09-27T02:36:51,Chaos Core Set X 204,714999,145859999,204,,729451
1203,2026-09-27T07:43:23,2026-09-27T02:36:51,Chaos Core Set X 100,700000,140000000,200,,729451
1204,2026-09-27T07:43:41,2026-09-27T02:36:51,Chaos Core Set X 100,700000,140000000,200,,729451
1205,2026-09-27T07:44:00,2026-09-27T02:36:51,Chaos Core Set X 100,700000,140000000,200,,729451
1206,2026-09-27T10:23:03,2026-09-27T10:17:50,Chaos Core,720000,40320000,56,,732284
1207,2026-09-27T10:23:08,2026-09-27T10:17:50,Chaos Core,714999,22164969,31,,732284
1208,2026-09-27T10:23:15,2026-09-27T10:17:50,Chaos Core,714999,152294787,213,,732284
1209,2026-09-27T11:50:44,2026-09-27T11:48:16,Chaos Core,720000,168480000,234,,731845
1210,2026-09-27T11:51:50,2026-09-27T11:48:16,Divine Stone,708275,31872375,45,,714911
1211,2026-09-27T11:51:57,2026-09-27T11:48:16,Divine Stone,708275,74368875,105,,714911
1212,2026-09-27T11:52:47,2026-09-27T11:48:16,Divine Stone,708275,97741950,138,,714910
1213,2026-09-27T11:53:37,2026-09-27T11:48:16,Divine Stone,708275,106241250,150,,714910
1214,2026-09-27T12:01:12,2026-09-27T11:48:16,Chaos Core,720684,14413680,20,,732278
1215,2026-09-27T12:01:29,2026-09-27T11:48:16,Chaos Core,727999,727999,1,,732278
1216,2026-09-27T12:06:01,2026-09-27T11:48:16,Chaos Core,716408,34387584,48,,732277
1217,2026-09-27T12:07:46,2026-09-27T11:48:16,Force Core Set (Highest) X 38,185555,7051090,38,,192984
1218,2026-09-27T12:07:49,2026-09-27T11:48:16,Force Core Set (Highest) X 72,185555,13359960,72,,192984
1219,2026-09-27T12:07:52,2026-09-27T11:48:16,Force Core Set (Highest) X 100,185555,18555555,100,,192984
1220,2026-09-27T12:08:21,2026-09-27T11:48:16,Upgrade Core Set (Ultimate) X 1,446940,22347000,50,,456989
1221,2026-09-27T12:08:24,2026-09-27T11:48:16,Upgrade Core Set (Ultimate) X 8,446940,3575520,8,,456989
1222,2026-09-27T12:08:28,2026-09-27T11:48:16,Upgrade Core Set (Ultimate) X 24,446940,10726560,24,,456989
1223,2026-09-27T12:10:44,2026-09-27T11:48:16,Chaos Core,715000,52195000,73,,732276
1224,2026-09-27T12:11:03,2026-09-27T11:48:16,Chaos Core,729999,1459998,2,,732276
1225,2026-09-27T12:21:03,2026-09-27T11:48:16,Upgrade Core Set (Ultimate) X 100,446900,44690000,100,,456977
1226,2026-09-27T12:21:06,2026-09-27T11:48:16,Upgrade Core Set (Ultimate) X 37,446940,16536780,37,,456977
1227,2026-09-27T12:36:51,2026-09-27T12:34:12,Chaos Core,720000,94320000,131,,732259
1228,2026-09-27T12:36:58,2026-09-27T12:34:12,Chaos Core,719999,48959932,68,,732259
1229,2026-09-27T12:37:19,2026-09-27T12:34:12,Chaos Core,727600,727600,1,,732259
1230,2026-09-27T12:37:33,2026-09-27T12:34:12,Chaos Core,728290,728290,1,,732259
1231,2026-09-27T12:40:33,2026-09-27T12:34:12,Chaos Core,719377,48917636,68,,732256
1232,2026-09-27T12:40:41,2026-09-27T12:34:12,Chaos Core,727999,727999,1,,732256
1233,2026-09-27T12:43:40,2026-09-27T12:34:12,Force Core Set (Highest) X 63,188138,11852694,63,,197000
1234,2026-09-27T12:43:43,2026-09-27T12:34:12,Force Core Set (Highest) X 80,188138,15051119,80,,197000
1235,2026-09-27T12:43:46,2026-09-27T12:34:12,Force Core Set (Highest) X 154,188138,28973252,154,,197000
1236,2026-09-27T12:48:48,2026-09-27T12:34:12,Force Core Set (Highest) X 36,188139,6773030,36,,196993
1237,2026-09-27T12:48:51,2026-09-27T12:34:12,Force Core Set (Highest) X 341,188139,64155399,341,,196993
1238,2026-09-27T12:50:26,2026-09-27T12:34:12,Divine Stone,708275,37538575,53,,714874
1239,2026-09-27T12:50:34,2026-09-27T12:34:12,Divine Stone,708457,32589022,46,,714874
1240,2026-09-27T12:50:43,2026-09-27T12:34:12,Divine Stone,708457,3542285,5,,714874
1241,2026-09-27T12:50:52,2026-09-27T12:34:12,Divine Stone,708875,30481625,43,,714874
1242,2026-09-27T12:51:44,2026-09-27T12:34:12,Chaos Core,715999,27923961,39,,732256
1243,2026-09-27T12:52:38,2026-09-27T12:34:12,Divine Stone,708875,708875,1,,714881
1244,2026-09-27T12:52:44,2026-09-27T12:34:12,Divine Stone,708888,708888,1,,714881
1245,2026-09-27T12:52:53,2026-09-27T12:34:12,Divine Stone,708888,1417776,2,,714881
1246,2026-09-27T12:53:02,2026-09-27T12:34:12,Divine Stone,708888,7088880,10,,714881
1247,2026-09-27T12:53:13,2026-09-27T12:34:12,Divine Stone,708888,9215544,13,,714881
1248,2026-09-27T12:53:24,2026-09-27T12:34:12,Divine Stone,708888,3544440,5,,714881
1249,2026-09-27T12:53:37,2026-09-27T12:34:12,Divine Stone,708888,20557752,29,,714881
1250,2026-09-27T12:53:50,2026-09-27T12:34:12,Divine Stone,708888,56002152,79,,714881
1251,2026-09-27T12:53:55,2026-09-27T12:34:12,Divine Stone,708875,11342000,16,,714881
1252,2026-09-27T12:55:04,2026-09-27T12:34:12,Divine Stone,708875,30481625,43,,714880
1253,2026-09-27T12:55:19,2026-09-27T12:34:12,Divine Stone,708888,4962216,7,,714880
1254,2026-09-27T12:55:35,2026-09-27T12:34:12,Divine Stone,708888,7088880,10,,714880
1255,2026-09-27T12:57:17,2026-09-27T12:34:12,Chaos Core,726999,98144865,135,,732257
1256,2026-09-27T13:00:15,2026-09-27T12:34:12,Divine Stone,700000,29400000,42,,714879
1257,2026-09-27T13:00:20,2026-09-27T12:34:12,Divine Stone,700000,9100000,13,,714879
1258,2026-09-27T13:00:27,2026-09-27T12:34:12,Divine Stone,700000,64400000,92,,714879
1259,2026-09-27T13:01:19,2026-09-27T12:34:12,Divine Stone,700000,103600000,148,,714878
1260,2026-09-27T13:01:27,2026-09-27T12:34:12,Divine Stone,700000,3500000,5,,714878
1261,2026-09-27T13:04:49,2026-09-27T12:34:12,Chaos Core,725507,21765210,30,,732257
1262,2026-09-27T13:07:05,2026-09-27T12:34:12,Force Core Set (High) X 39,169230,6599999,39,,179225
1263,2026-09-27T13:12:49,2026-09-27T12:34:12,Chaos Core,722366,24560444,34,,732287
1264,2026-09-27T13:13:12,2026-09-27T12:34:12,Chaos Core,727400,1454800,2,,732287
1265,2026-09-27T13:13:59,2026-09-27T12:34:12,Chaos Core,727400,131659400,181,,740000
1266,2026-09-27T13:14:21,2026-09-27T12:34:12,Chaos Core,727400,1454800,2,,740000
1267,2026-09-27T13:15:41,2026-09-27T12:34:12,Chaos Core,730000,25550000,35,,747000
1268,2026-09-27T13:15:45,2026-09-27T12:34:12,Chaos Core,722366,78015528,108,,747000
1269,2026-09-27T13:16:00,2026-09-27T12:34:12,Chaos Core,724877,724877,1,,747000
1270,2026-09-27T13:16:15,2026-09-27T12:34:12,Chaos Core,728879,32799555,45,,747000
1271,2026-09-27T13:17:06,2026-09-27T12:34:12,Force Core Set (High) X 21,172222,3616662,21,,179221
1272,2026-09-27T13:17:09,2026-09-27T12:34:12,Force Core Set (High) X 84,172222,14466648,84,,179221
1273,2026-09-27T13:18:56,2026-09-27T12:34:12,Chaos Core,730000,53290000,73,,746995
1274,2026-09-27T13:19:28,2026-09-27T12:34:12,Chaos Core,730000,129940000,178,,746995
1275,2026-09-27T13:19:42,2026-09-27T12:34:12,Chaos Core,730000,730000,1,,746995
1276,2026-09-27T13:20:46,2026-09-27T12:34:12,Chaos Core,722366,97519410,135,,746992
1277,2026-09-27T13:20:53,2026-09-27T12:34:12,Chaos Core,722366,121357488,168,,746992
1278,2026-09-27T13:22:05,2026-09-27T12:34:12,Divine Stone,699999,21699969,31,,714868
1279,2026-09-27T13:22:12,2026-09-27T12:34:12,Divine Stone,699999,85399878,122,,714868
1280,2026-09-27T13:23:58,2026-09-27T12:34:12,Chaos Core,730000,182500000,250,,746991
1281,2026-09-27T13:24:21,2026-09-27T12:34:12,Chaos Core,730000,1460000,2,,746991
1282,2026-09-27T13:25:50,2026-09-27T12:34:12,Chaos Core,722366,722366,1,,746988
1283,2026-09-27T13:26:11,2026-09-27T12:34:12,Chaos Core,722985,722985,1,,746988
1284,2026-09-27T13:26:14,2026-09-27T12:34:12,Chaos Core,722366,722366,1,,746988
1285,2026-09-27T13:26:28,2026-09-27T12:34:12,Chaos Core,730000,70810000,97,,746988
1286,2026-09-27T13:26:44,2026-09-27T12:34:12,Chaos Core,730000,148190000,203,,746988
1287,2026-09-27T13:28:41,2026-09-27T12:34:12,Force Core Set (High) X 82,172222,14122204,82,,179220
1288,2026-09-27T13:28:44,2026-09-27T12:34:12,Force Core Set (High) X 247,172222,42538834,247,,179220
1289,2026-09-27T13:30:26,2026-09-27T12:34:12,Chaos Core,720000,48240000,67,,746978
1290,2026-09-27T13:30:32,2026-09-27T12:34:12,Chaos Core,720000,82080000,114,,746978
1291,2026-09-27T13:30:40,2026-09-27T12:34:12,Chaos Core,720000,1440000,2,,746978
1292,2026-09-27T13:33:03,2026-09-27T12:34:12,Divine Stone,699999,4899993,7,,714864
1293,2026-09-27T13:33:11,2026-09-27T12:34:12,Divine Stone,700000,89600000,128,,714864
1294,2026-09-27T13:34:47,2026-09-27T12:34:12,Chaos Core,718000,160114000,223,,746971
1295,2026-09-27T13:34:56,2026-09-27T12:34:12,Chaos Core,718000,1436000,2,,746971
1296,2026-09-27T13:47:06,2026-09-27T12:34:12,Force Core Set (High) X 354,172222,60966588,354,,179187
1297,2026-09-27T14:15:16,2026-09-27T12:34:12,Force Core Set (Highest) X 44,185294,8152936,44,,194909
1298,2026-09-27T14:15:19,2026-09-27T12:34:12,Force Core Set (Highest) X 63,185294,11673522,63,,194909
1299,2026-09-27T14:15:22,2026-09-27T12:34:12,Force Core Set (Highest) X 95,185294,17602930,95,,194909
1300,2026-09-27T14:24:42,2026-09-27T12:34:12,Divine Stone,699999,109199844,156,,714823
1301,2026-09-27T15:38:36,2026-09-27T15:34:43,Divine Stone,699999,75599892,108,,714817
1302,2026-09-27T15:38:43,2026-09-27T15:34:43,Divine Stone,699999,5599992,8,,714817
1303,2026-09-27T15:38:51,2026-09-27T15:34:43,Divine Stone,699999,21699969,31,,714817
1304,2026-09-27T15:39:48,2026-09-27T15:34:43,Divine Stone,699999,36399948,52,,714816
1305,2026-09-27T15:39:57,2026-09-27T15:34:43,Divine Stone,699999,72799896,104,,714816
1306,2026-09-27T15:41:00,2026-09-27T15:34:43,Divine Stone,699999,6999990,10,,714815
1307,2026-09-27T15:41:10,2026-09-27T15:34:43,Divine Stone,699999,79799886,114,,714815
1308,2026-09-27T15:41:21,2026-09-27T15:34:43,Divine Stone,699999,22399968,32,,714815
1309,2026-09-27T15:44:17,2026-09-27T15:34:43,Chaos Core,718345,40227320,56,,746731
1310,2026-09-27T15:44:31,2026-09-27T15:34:43,Chaos Core,722366,722366,1,,746731
1311,2026-09-27T15:44:35,2026-09-27T15:34:43,Chaos Core,718345,40227320,56,,746731
1312,2026-09-27T15:44:50,2026-09-27T15:34:43,Chaos Core,720057,720057,1,,746731
1313,2026-09-27T15:46:02,2026-09-27T15:34:43,Divine Stone,699999,113399838,162,,714814
1314,2026-09-27T15:47:24,2026-09-27T15:34:43,Divine Stone,699999,24499965,35,,714813
1315,2026-09-27T15:47:36,2026-09-27T15:34:43,Divine Stone,699999,90999870,130,,714813
1316,2026-09-27T15:52:03,2026-09-27T15:49:26,Force Core Set (High) X 1,172222,25833300,150,,179091
1317,2026-09-27T15:52:08,2026-09-27T15:49:26,Force Core Set (High) X 2,172222,2411108,14,,179091
1318,2026-09-27T15:52:11,2026-09-27T15:49:26,Force Core Set (High) X 43,172222,7405546,43,,179091
1319,2026-09-27T16:01:14,2026-09-27T15:58:49,Chaos Core,715463,81562782,114,,746716
1320,2026-09-27T16:01:29,2026-09-27T15:58:49,Chaos Core,716584,716584,1,,746716
1321,2026-09-27T16:01:32,2026-09-27T15:58:49,Chaos Core,715463,715463,1,,746716
1322,2026-09-27T16:01:46,2026-09-27T15:58:49,Chaos Core,717196,717196,1,,746716
1323,2026-09-27T16:01:53,2026-09-27T15:58:49,Chaos Core,715463,81562782,114,,746716
1324,2026-09-27T16:14:55,2026-09-27T16:11:43,Chaos Core,736250,1472500,2,,746688
1325,2026-09-27T16:14:59,2026-09-27T16:11:43,Chaos Core,735706,181719382,247,,746688
1326,2026-09-27T16:16:09,2026-09-27T16:11:43,Upgrade Core Set (Ultimate) X 1,445101,445101,1,,456740
1327,2026-09-27T16:16:12,2026-09-27T16:11:43,Upgrade Core Set (Ultimate) X 56,445101,24925656,56,,456740
1328,2026-09-27T16:16:15,2026-09-27T16:11:43,Upgrade Core Set (Ultimate) X 56,445101,24925656,56,,456740
1329,2026-09-27T16:16:19,2026-09-27T16:11:43,Upgrade Core Set (Ultimate) X 90,445101,40059090,90,,456740
1330,2026-09-27T17:12:56,2026-09-27T16:19:31,Upgrade Core Set (Ultimate) X 5,445101,89020200,200,,456653
1331,2026-09-27T17:20:10,2026-09-27T16:19:31,Chaos Core,701249,2804996,4,,732249
1332,2026-09-27T17:20:21,2026-09-27T16:19:31,Chaos Core,703680,2111040,3,,732249
1333,2026-09-27T17:20:56,2026-09-27T16:19:31,Chaos Core,720000,7920000,11,,732249
1334,2026-09-27T21:14:30,2026-09-27T21:11:51,Force Core Set (High) X 1,171400,685600,4,,176739
1335,2026-09-27T21:14:33,2026-09-27T21:11:51,Force Core Set (High) X 7,171400,1199800,7,,176739
1336,2026-09-27T21:14:36,2026-09-27T21:11:51,Force Core Set (High) X 104,171400,17825600,104,,176739
1337,2026-09-27T21:14:39,2026-09-27T21:11:51,Force Core Set (High) X 299,171400,51248600,299,,176739
1338,2026-09-27T21:17:21,2026-09-27T21:11:51,Chaos Core,719290,91349830,127,,732070
1339,2026-09-27T21:17:31,2026-09-27T21:11:51,Chaos Core,720043,34562064,48,,732070
1340,2026-09-27T21:17:45,2026-09-27T21:11:51,Chaos Core,722311,1444622,2,,732070
1341,2026-09-27T21:20:28,2026-09-27T21:11:51,Chaos Core,716930,716930,1,,732061
1342,2026-09-27T21:20:51,2026-09-27T21:11:51,Chaos Core,722311,12279287,17,,732061
1343,2026-09-27T21:22:31,2026-09-27T21:11:51,Chaos Core,715846,135294894,189,,732059
1344,2026-09-27T21:37:29,2026-09-27T21:34:51,Force Core Set (High) X9,171407,1542663,9,,176718
1345,2026-09-27T21:37:34,2026-09-27T21:34:51,Force Core Set (High) X 1,171408,6342096,37,,176718
1346,2026-09-27T21:37:38,2026-09-27T21:34:51,Force Core Set (High) X 1,171428,1371424,8,,176718
1347,2026-09-27T21:37:41,2026-09-27T21:34:51,Force Core Set (High) X 1,171428,171428,1,,176718
1348,2026-09-27T21:37:44,2026-09-27T21:34:51,Force Core Set (High) X 14,171428,2399992,14,,176718
1349,2026-09-27T21:56:59,2026-09-27T21:34:51,Chaos Core,717647,30141174,42,,732009
1350,2026-09-27T21:57:09,2026-09-27T21:34:51,Chaos Core,720043,98645891,137,,732009
1351,2026-09-27T21:57:19,2026-09-27T21:34:51,Chaos Core,720043,720043,1,,732009
1352,2026-09-27T22:00:40,2026-09-27T21:34:51,Chaos Core,720043,82084902,114,,732004
1353,2026-09-27T22:01:04,2026-09-27T21:34:51,Chaos Core,720043,91445461,127,,732004
1354,2026-09-27T22:01:19,2026-09-27T21:34:51,Chaos Core,720043,1440086,2,,732004
1355,2026-09-27T22:02:45,2026-09-27T21:34:51,Chaos Core,720043,79924773,111,,732002
1356,2026-09-27T22:03:01,2026-09-27T21:34:51,Chaos Core,720043,169930148,236,,732002
1357,2026-09-27T22:03:15,2026-09-27T21:34:51,Chaos Core,723000,723000,1,,732002
1358,2026-09-27T22:24:47,2026-09-27T21:34:51,Force Core Set (High) X 100,171427,34285598,200,,176680
1359,2026-09-27T22:48:03,2026-09-27T21:34:51,Force Core Set (High) X 26,169230,4399999,26,,176657
1360,2026-09-27T22:48:06,2026-09-27T21:34:51,Force Core Set (High) X 42,169230,7107660,42,,176657
1361,2026-09-27T22:48:09,2026-09-27T21:34:51,Force Core Set (High) X 45,169230,7615350,45,,176657
1362,2026-09-27T22:48:12,2026-09-27T21:34:51,Force Core Set (High) X 72,169230,12184560,72,,176657
1363,2026-09-27T22:57:04,2026-09-27T21:34:51,Force Core Set (High) X 10,169230,33846000,200,,176647
1364,2026-09-27T23:13:17,2026-09-27T21:34:51,Chaos Core,717718,10765770,15,,731860
1365,2026-09-27T23:13:28,2026-09-27T21:34:51,Chaos Core,720000,1440000,2,,731860
1366,2026-09-27T23:13:41,2026-09-27T21:34:51,Chaos Core,720043,82084902,114,,731860
1367,2026-09-27T23:13:56,2026-09-27T21:34:51,Chaos Core,720043,56163354,78,,731860
1368,2026-09-27T23:14:09,2026-09-27T21:34:51,Chaos Core,720043,720043,1,,731860
1369,2026-09-28T00:55:09,2026-09-28T00:49:49,Chaos Core,726648,139516416,192,,731808
1370,2026-09-28T01:02:21,2026-09-28T00:49:49,Chaos Core,720043,20881247,29,,731802
1371,2026-09-28T01:02:28,2026-09-28T00:49:49,Chaos Core,720043,82084902,114,,731802
1372,2026-09-28T01:02:32,2026-09-28T00:49:49,Chaos Core,720043,82084902,114,,731802
1373,2026-09-28T01:02:40,2026-09-28T00:49:49,Chaos Core,728000,728000,1,,731802
1374,2026-09-28T01:04:37,2026-09-28T00:49:49,Chaos Core,719382,163299714,227,,731801
1375,2026-09-28T01:04:41,2026-09-28T00:49:49,Chaos Core,719382,719382,1,,731801
1376,2026-09-28T01:05:50,2026-09-28T00:49:49,Chaos Core,719382,36688482,51,,731800
1377,2026-09-28T01:05:54,2026-09-28T00:49:49,Chaos Core,717575,166477400,232,,731800
1378,2026-09-28T01:06:03,2026-09-28T00:49:49,Chaos Core,718827,1437654,2,,731800
1379,2026-09-28T01:07:07,2026-09-28T00:49:49,Chaos Core,717575,167912550,234,,731799
1380,2026-09-28T01:08:05,2026-09-28T00:49:49,Chaos Core,717575,43054500,60,,731799
1381,2026-09-28T01:08:13,2026-09-28T00:49:49,Chaos Core,717575,170782850,238,,731799
1382,2026-09-28T01:08:22,2026-09-28T00:49:49,Chaos Core,717575,1435150,2,,731799
1383,2026-09-28T02:21:03,2026-09-28T00:49:49,Chaos Core,719000,124387000,173,,729084
1384,2026-09-28T02:21:09,2026-09-28T00:49:49,Chaos Core,719000,719000,1,,729084
1385,2026-09-28T03:48:28,2026-09-28T02:54:56,Chaos Core,691146,5529168,8,,728877
1386,2026-09-28T03:48:42,2026-09-28T02:54:56,Chaos Core,717678,717678,1,,728877
1387,2026-09-28T03:49:08,2026-09-28T02:54:56,Chaos Core,720043,6480387,9,,728877
1388,2026-09-28T03:51:55,2026-09-28T02:54:56,Chaos Core,720043,24481462,34,,728887
1389,2026-09-28T03:52:15,2026-09-28T02:54:56,Chaos Core,728000,1456000,2,,728887
1390,2026-09-28T04:14:31,2026-09-28T02:54:56,Chaos Core,718313,79732743,111,,729052
1391,2026-09-28T04:14:54,2026-09-28T02:54:56,Chaos Core,718838,81947532,114,,729052
1392,2026-09-28T04:28:43,2026-09-28T02:54:56,Chaos Core,715098,138729012,194,,729047
1393,2026-09-28T04:29:56,2026-09-28T02:54:56,Chaos Core,720043,720043,1,,729047
1394,2026-09-28T04:44:44,2026-09-28T02:54:56,Force Core Set (High) X 1,135000,135000,1,,169993
1395,2026-09-28T04:47:19,2026-09-28T02:54:56,Force Core Set (High) X 1,135000,135000,1,,169993
1396,2026-09-28T04:50:10,2026-09-28T02:54:56,Force Core Set (High) X 1,135000,135000,1,,169989
1397,2026-09-28T04:50:38,2026-09-28T02:54:56,Upgrade Core Set (Ultimate) X 285,419298,119500000,285,,445996
1398,2026-09-28T05:03:00,2026-09-28T02:54:56,Chaos Core,723999,17375976,24,,729023
1399,2026-09-28T05:03:04,2026-09-28T02:54:56,Chaos Core,722999,46271936,64,,729023
1400,2026-09-28T05:03:21,2026-09-28T02:54:56,Chaos Core,728913,1457826,2,,729023
1401,2026-09-28T05:04:07,2026-09-28T02:54:56,Chaos Core,723999,723999,1,,729022
1402,2026-09-28T05:04:23,2026-09-28T02:54:56,Chaos Core,728913,11662608,16,,729022
1403,2026-09-28T05:04:32,2026-09-28T02:54:56,Chaos Core,730000,730000,1,,729022
1404,2026-09-28T05:05:11,2026-09-28T02:54:56,Chaos Core,721121,69227616,96,,729017
1405,2026-09-28T05:06:55,2026-09-28T02:54:56,Upgrade Core Set (Ultimate) X 37,432432,15999999,37,,445963
1406,2026-09-28T05:25:03,2026-09-28T02:54:56,Chaos Core,720043,133207955,185,,728992
1407,2026-09-28T05:25:09,2026-09-28T02:54:56,Chaos Core,725706,725706,1,,728992
1408,2026-09-28T05:27:32,2026-09-28T02:54:56,Divine Stone,705900,29647800,42,,714706
1409,2026-09-28T05:27:39,2026-09-28T02:54:56,Divine Stone,705900,69884100,99,,714706
1410,2026-09-28T05:28:29,2026-09-28T02:54:56,Divine Stone,705900,30353700,43,,714705
1411,2026-09-28T05:28:36,2026-09-28T02:54:56,Divine Stone,705900,36000900,51,,714705
1412,2026-09-28T05:28:45,2026-09-28T02:54:56,Divine Stone,705900,31765500,45,,714705
1413,2026-09-28T05:28:54,2026-09-28T02:54:56,Divine Stone,705900,3529500,5,,714705
1414,2026-09-28T05:29:47,2026-09-28T02:54:56,Divine Stone,705900,103767300,147,,714704
1415,2026-09-28T05:33:37,2026-09-28T02:54:56,Chaos Core,710000,173240000,244,,728979
1416,2026-09-28T05:33:51,2026-09-28T02:54:56,Chaos Core,720043,1440086,2,,728979
1417,2026-09-28T05:35:55,2026-09-28T02:54:56,Chaos Core,709300,102139200,144,,728977
1418,2026-09-28T05:36:05,2026-09-28T02:54:56,Chaos Core,709300,4965100,7,,728977
1419,2026-09-28T05:36:19,2026-09-28T02:54:56,Chaos Core,717562,717562,1,,728977
1420,2026-09-28T05:36:44,2026-09-28T02:54:56,Chaos Core,720043,720043,1,,728977
1421,2026-09-28T05:40:25,2026-09-28T02:54:56,Chaos Core,707462,65086504,92,,728968
1422,2026-09-28T05:40:31,2026-09-28T02:54:56,Chaos Core,707462,29005942,41,,728968
1423,2026-09-28T05:40:42,2026-09-28T02:54:56,Chaos Core,720043,1440086,2,,728968
1424,2026-09-28T05:45:54,2026-09-28T02:54:56,Divine Stone,705900,72001800,102,,714705
1425,2026-09-28T05:46:00,2026-09-28T02:54:56,Divine Stone,705900,19059300,27,,714705
1426,2026-09-28T05:46:08,2026-09-28T02:54:56,Divine Stone,705900,8470800,12,,714705
1427,2026-09-28T05:47:05,2026-09-28T02:54:56,Divine Stone,705900,105885000,150,,714704
1428,2026-09-28T05:50:17,2026-09-28T02:54:56,Divine Stone,705900,61413300,87,,714705
1429,2026-09-28T05:50:26,2026-09-28T02:54:56,Divine Stone,705900,38118600,54,,714705
1430,2026-09-28T05:51:24,2026-09-28T02:54:56,Divine Stone,705900,114355800,162,,714705
1431,2026-09-28T05:52:20,2026-09-28T02:54:56,Chaos Core,720043,5760344,8,,729010
1432,2026-09-28T05:52:25,2026-09-28T02:54:56,Chaos Core,720043,179290707,249,,729010
1433,2026-09-28T05:53:18,2026-09-28T02:54:56,Chaos Core,726999,726999,1,,729010
1434,2026-09-28T05:54:30,2026-09-28T02:54:56,Chaos Core,720000,20160000,28,,729008
1435,2026-09-28T05:54:34,2026-09-28T02:54:56,Chaos Core,720000,67680000,94,,729008
1436,2026-09-28T05:54:53,2026-09-28T02:54:56,Chaos Core,720043,720043,1,,729008
1437,2026-09-28T05:55:42,2026-09-28T02:54:56,Chaos Core,720000,173520000,241,,729008
1438,2026-09-28T05:55:52,2026-09-28T02:54:56,Chaos Core,726999,1453998,2,,729008
1439,2026-09-28T05:57:54,2026-09-28T02:54:56,Divine Stone,705900,4235400,6,,714704
1440,2026-09-28T05:58:03,2026-09-28T02:54:56,Divine Stone,705900,705900,1,,714704
1441,2026-09-28T05:58:13,2026-09-28T02:54:56,Divine Stone,705900,1411800,2,,714704
1442,2026-09-28T05:58:24,2026-09-28T02:54:56,Divine Stone,705900,9176700,13,,714704
1443,2026-09-28T05:58:37,2026-09-28T02:54:56,Divine Stone,705900,84002100,119,,714704
1444,2026-09-28T06:16:34,2026-09-28T02:54:56,Force Core Set (High) X 1,164998,824990,5,,169999
1445,2026-09-28T06:16:37,2026-09-28T02:54:56,Force Core Set (High) X 1,164998,164998,1,,169999
1446,2026-09-28T06:16:40,2026-09-28T02:54:56,Force Core Set (High) X 149,164998,24584702,149,,169999
1447,2026-09-28T06:16:43,2026-09-28T02:54:56,Force Core Set (High) X 167,164998,27554666,167,,169999
1448,2026-09-28T06:34:40,2026-09-28T02:54:56,Chaos Core,719999,12959982,18,,729009
1449,2026-09-28T06:34:46,2026-09-28T02:54:56,Chaos Core,719999,26639963,37,,729009
1450,2026-09-28T06:34:54,2026-09-28T02:54:56,Chaos Core,719999,82079886,114,,729009
1451,2026-09-28T06:35:04,2026-09-28T02:54:56,Chaos Core,720043,1440086,2,,729009
1452,2026-09-28T06:35:57,2026-09-28T02:54:56,Chaos Core,719999,156239783,217,,729008
1453,2026-09-28T06:36:02,2026-09-28T02:54:56,Chaos Core,719999,1439998,2,,729008
1454,2026-09-28T06:39:53,2026-09-28T02:54:56,Divine Stone,707000,52318000,74,,714664
1455,2026-09-28T06:40:00,2026-09-28T02:54:56,Divine Stone,707000,47369000,67,,714664
1456,2026-09-28T06:40:51,2026-09-28T02:54:56,Chaos Core,719900,171336200,238,,729000
1457,2026-09-28T06:40:58,2026-09-28T02:54:56,Chaos Core,719900,1439800,2,,729000
1458,2026-09-28T06:49:53,2026-09-28T02:54:56,Chaos Core,719000,719000,1,,728989
1459,2026-09-28T06:50:00,2026-09-28T02:54:56,Chaos Core,719999,5039993,7,,728989
1460,2026-09-28T06:50:18,2026-09-28T02:54:56,Chaos Core,730000,7300000,10,,728989
1461,2026-09-28T06:55:12,2026-09-28T02:54:56,Chaos Core,718880,73325760,102,,728983
1462,2026-09-28T06:55:19,2026-09-28T02:54:56,Chaos Core,718888,73326576,102,,728983
1463,2026-09-28T06:57:15,2026-09-28T02:54:56,Chaos Core,718870,37381240,52,,728980
1464,2026-09-28T06:57:18,2026-09-28T02:54:56,Chaos Core,718870,718870,1,,728980
1465,2026-09-28T06:57:29,2026-09-28T02:54:56,Chaos Core,719000,719000,1,,728980
1466,2026-09-28T07:07:15,2026-09-28T02:54:56,Chaos Core,719000,108569000,151,,728962
1467,2026-09-28T07:07:19,2026-09-28T02:54:56,Chaos Core,719000,39545000,55,,728962
1468,2026-09-28T07:07:25,2026-09-28T02:54:56,Chaos Core,719000,719000,1,,728962
1469,2026-09-28T07:27:40,2026-09-28T02:54:56,Force Core Set (Highest) X 9,18666,167999,9,,199164
1470,2026-09-28T07:40:00,2026-09-28T02:54:56,Chaos Core,719000,719000,1,,728945
1471,2026-09-28T07:40:06,2026-09-28T02:54:56,Chaos Core,719000,117916000,164,,728945
1472,2026-09-28T07:41:00,2026-09-28T02:54:56,Chaos Core,719000,46735000,65,,728951
1473,2026-09-28T07:41:21,2026-09-28T02:54:56,Chaos Core,729999,729999,1,,728951
1474,2026-09-28T07:43:53,2026-09-28T02:54:56,Chaos Core,719000,5033000,7,,728951
1475,2026-09-28T07:43:59,2026-09-28T02:54:56,Chaos Core,719000,28760000,40,,728951
1476,2026-09-28T07:44:24,2026-09-28T02:54:56,Chaos Core,730000,730000,1,,728951
1477,2026-09-28T07:47:13,2026-09-28T02:54:56,Chaos Core,719000,10066000,14,,728949
1478,2026-09-28T07:48:18,2026-09-28T02:54:56,Chaos Core,739000,739000,1,,728949
1479,2026-09-28T07:49:27,2026-09-28T02:54:56,Chaos Core,719000,719000,1,,729010
1480,2026-09-28T07:49:41,2026-09-28T02:54:56,Chaos Core,719000,719000,1,,729010
1481,2026-09-28T07:50:40,2026-09-28T02:54:56,Chaos Core,718500,18681000,26,,729010
1482,2026-09-28T07:51:03,2026-09-28T02:54:56,Chaos Core,720043,1440086,2,,729010
1483,2026-09-28T07:52:24,2026-09-28T02:54:56,Chaos Core,720043,7200430,10,,729007
1484,2026-09-28T07:52:59,2026-09-28T02:54:56,Chaos Core,728000,5824000,8,,729007
1485,2026-09-28T09:52:53,2026-09-28T09:50:23,Chaos Core,740000,129500000,175,,779993
1486,2026-09-28T09:53:03,2026-09-28T09:50:23,Chaos Core,745000,1490000,2,,779993
1487,2026-09-28T09:54:05,2026-09-28T09:50:23,Chaos Core,748000,63580000,85,,779994
1488,2026-09-28T09:54:10,2026-09-28T09:50:23,Chaos Core,715829,28633160,40,,779994
1489,2026-09-28T09:54:25,2026-09-28T09:50:23,Chaos Core,748000,135388000,181,,779994
1490,2026-09-28T09:55:50,2026-09-28T09:50:23,Chaos Core,748000,167552000,224,,779991
1491,2026-09-28T09:55:59,2026-09-28T09:50:23,Chaos Core,739999,739999,1,,779991
1492,2026-09-28T09:57:08,2026-09-28T09:50:23,Chaos Core,747999,145111806,194,,779989
1493,2026-09-28T09:57:12,2026-09-28T09:50:23,Chaos Core,748000,748000,1,,779989
1494,2026-09-28T09:58:06,2026-09-28T09:50:23,Chaos Core,747999,47871936,64,,779987
1495,2026-09-28T09:58:12,2026-09-28T09:50:23,Chaos Core,747999,14959980,20,,779987
1496,2026-09-28T09:58:17,2026-09-28T09:50:23,Chaos Core,747999,100231866,134,,779987
1497,2026-09-28T09:59:06,2026-09-28T09:50:23,Chaos Core,747999,747999,1,,779987
1498,2026-09-28T10:00:15,2026-09-28T09:50:23,Chaos Core,747999,29171961,39,,779982
1499,2026-09-28T10:00:25,2026-09-28T09:50:23,Chaos Core,748000,7480000,10,,779982
1500,2026-09-28T10:00:51,2026-09-28T09:50:23,Chaos Core,748725,2994900,4,,779982
1501,2026-09-28T10:01:03,2026-09-28T09:50:23,Chaos Core,748000,179520000,240,,779982
1502,2026-09-28T10:01:15,2026-09-28T09:50:23,Chaos Core,748725,748725,1,,779982
1503,2026-09-28T10:02:17,2026-09-28T09:50:23,Force Core Set (Highest) X 1,183898,21699964,118,,199150
1504,2026-09-28T10:02:22,2026-09-28T09:50:23,Force Core Set (Highest) X 1,183899,15079718,82,,199150
1505,2026-09-28T10:02:54,2026-09-28T09:50:23,Force Core Set (Highest) X 1,183899,15631415,85,,199146
1506,2026-09-28T10:02:57,2026-09-28T09:50:23,Force Core Set (Highest) X 17,183900,3126300,17,,199146
1507,2026-09-28T10:03:01,2026-09-28T09:50:23,Force Core Set (Highest) X 28,183900,5149200,28,,199146
1508,2026-09-28T10:03:04,2026-09-28T09:50:23,Force Core Set (Highest) X 37,183900,6804300,37,,199146
1509,2026-09-28T10:03:07,2026-09-28T09:50:23,Force Core Set (Highest) X 40,183900,7356000,40,,199146
1510,2026-09-28T10:03:41,2026-09-28T09:50:23,Divine Stone,700000,34300000,49,,714600
1511,2026-09-28T10:03:47,2026-09-28T09:50:23,Divine Stone,700000,69300000,99,,714600
1512,2026-09-28T10:03:55,2026-09-28T09:50:23,Divine Stone,700000,9800000,14,,714600
1513,2026-09-28T10:04:51,2026-09-28T09:50:23,Divine Stone,700000,111300000,159,,714599
1514,2026-09-28T10:06:10,2026-09-28T09:50:23,Divine Stone,700000,16100000,23,,714598
1515,2026-09-28T10:06:16,2026-09-28T09:50:23,Divine Stone,700000,99400000,142,,714598
1516,2026-09-28T10:07:18,2026-09-28T09:50:23,Divine Stone,700000,74900000,107,,714598
1517,2026-09-28T10:07:26,2026-09-28T09:50:23,Divine Stone,700000,28000000,40,,714598
1518,2026-09-28T10:08:23,2026-09-28T09:50:23,Divine Stone,700000,113400000,162,,714596
1519,2026-09-28T10:19:29,2026-09-28T09:50:23,Upgrade Core Set (Ultimate) X 1,445066,22253300,50,,458904
1520,2026-09-28T10:28:16,2026-09-28T09:50:23,Upgrade Core Set (Ultimate) X 1,445066,22253300,50,,458900
1521,2026-09-28T10:36:46,2026-09-28T09:50:23,Upgrade Core Set (Ultimate) X 1,445066,445066,1,,458897
1522,2026-09-28T10:41:18,2026-09-28T09:50:23,Force Core Set (High) X 14,163571,2290000,14,,179115
1523,2026-09-28T10:45:56,2026-09-28T09:50:23,Force Core Set (High) X 79,164472,12993365,79,,179112
1524,2026-09-28T10:45:59,2026-09-28T09:50:23,Force Core Set (High) X 1,164473,164473,1,,179112
1525,2026-09-28T10:46:02,2026-09-28T09:50:23,Force Core Set (High) X 152,164473,25000000,152,,179112
1526,2026-09-28T10:49:24,2026-09-28T09:50:23,Divine Stone,700000,100800000,144,,714550
1527,2026-09-28T10:58:31,2026-09-28T09:50:23,Divine Stone,700000,2100000,3,,714540
1528,2026-09-28T10:58:38,2026-09-28T09:50:23,Divine Stone,700000,100100000,143,,714540
1529,2026-09-28T10:58:47,2026-09-28T09:50:23,Divine Stone,700000,2800000,4,,714540
1530,2026-09-28T11:01:00,2026-09-28T09:50:23,Upgrade Core Set (Ultimate) X 58,445066,25813828,58,,458884
1531,2026-09-28T11:02:28,2026-09-28T09:50:23,Divine Stone,700000,9100000,13,,714537
1532,2026-09-28T11:02:36,2026-09-28T09:50:23,Divine Stone,700000,98000000,140,,714537
1533,2026-09-28T11:07:28,2026-09-28T09:50:23,Divine Stone,700000,95900000,137,,714533
1534,2026-09-28T11:07:35,2026-09-28T09:50:23,Divine Stone,700000,15400000,22,,714533
1535,2026-09-28T11:08:37,2026-09-28T09:50:23,Divine Stone,700000,94500000,135,,714532
1536,2026-09-28T11:14:17,2026-09-28T11:11:11,Upgrade Core Set (Ultimate) X 10,445066,89013200,200,,458874
1537,2026-09-28T11:14:49,2026-09-28T11:11:11,Upgrade Core Set (Ultimate) X 10,445066,89013200,200,,458872
1538,2026-09-28T11:24:35,2026-09-28T11:11:11,Divine Stone,700000,8400000,12,,714523
1539,2026-09-28T11:24:42,2026-09-28T11:11:11,Divine Stone,700000,100800000,144,,714523
1540,2026-09-28T11:25:42,2026-09-28T11:11:11,Divine Stone,699999,45499935,65,,714521
1541,2026-09-28T11:25:50,2026-09-28T11:11:11,Divine Stone,700000,49000000,70,,714521
1542,2026-09-28T11:48:02,2026-09-28T11:11:11,Divine Stone,700000,37100000,53,,714503
1543,2026-09-28T11:48:09,2026-09-28T11:11:11,Divine Stone,700000,27300000,39,,714503
1544,2026-09-28T11:48:17,2026-09-28T11:11:11,Divine Stone,700000,32200000,46,,714503
1545,2026-09-28T11:49:12,2026-09-28T11:11:11,Divine Stone,700000,74900000,107,,714502
1546,2026-09-28T11:50:59,2026-09-28T11:11:11,Divine Stone,700000,36400000,52,,714502
1547,2026-09-28T11:51:59,2026-09-28T11:11:11,Force Core Set (High) X 216,170832,36899927,216,,179068
1548,2026-09-28T11:52:57,2026-09-28T11:11:11,Divine Stone,700000,63700000,91,,714503
1549,2026-09-28T11:53:07,2026-09-28T11:11:11,Divine Stone,700000,45500000,65,,714503
1550,2026-09-28T11:54:27,2026-09-28T11:11:11,Divine Stone,700000,33600000,48,,714526
1551,2026-09-28T11:54:35,2026-09-28T11:11:11,Divine Stone,700000,20300000,29,,714526
1552,2026-09-28T11:54:46,2026-09-28T11:11:11,Divine Stone,700000,2800000,4,,714526
1553,2026-09-28T11:54:58,2026-09-28T11:11:11,Divine Stone,700000,58800000,84,,714526
1554,2026-09-28T11:55:59,2026-09-28T11:11:11,Divine Stone,700000,18200000,26,,714524
1555,2026-09-28T11:56:12,2026-09-28T11:11:11,Divine Stone,700000,91000000,130,,714524
1556,2026-09-28T11:58:52,2026-09-28T11:11:11,Divine Stone,700000,11200000,16,,714523
1557,2026-09-28T11:59:06,2026-09-28T11:11:11,Divine Stone,700000,8400000,12,,714523
1558,2026-09-28T11:59:20,2026-09-28T11:11:11,Divine Stone,700000,700000,1,,714523
1559,2026-09-28T11:59:35,2026-09-28T11:11:11,Divine Stone,700000,700000,1,,714523
1560,2026-09-28T11:59:50,2026-09-28T11:11:11,Divine Stone,700000,32900000,47,,714523
1561,2026-09-28T12:00:06,2026-09-28T11:11:11,Divine Stone,700000,57400000,82,,714523
1562,2026-09-28T13:20:57,2026-09-28T13:18:30,Chaos Core,718941,48169047,67,,760591
1563,2026-09-28T13:21:08,2026-09-28T13:18:30,Chaos Core,720043,48242881,67,,760591
1564,2026-09-28T13:21:20,2026-09-28T13:18:30,Chaos Core,730000,52560000,72,,760591
1565,2026-09-28T13:21:31,2026-09-28T13:18:30,Chaos Core,750000,750000,1,,760591
1566,2026-09-28T13:22:37,2026-09-28T13:18:30,Chaos Core,750000,35250000,47,,760586
1567,2026-09-28T13:22:49,2026-09-28T13:18:30,Chaos Core,750000,66000000,88,,760586
1568,2026-09-28T13:23:03,2026-09-28T13:18:30,Chaos Core,750000,150750000,201,,760586
1569,2026-09-28T13:24:44,2026-09-28T13:18:30,Divine Stone,707109,114551658,162,,714600
1570,2026-09-28T13:25:46,2026-09-28T13:18:30,Divine Stone,707109,61518483,87,,714599
1571,2026-09-28T13:25:54,2026-09-28T13:18:30,Divine Stone,707191,48796179,69,,714599
1572,2026-09-28T13:26:55,2026-09-28T13:18:30,Chaos Core,717088,136963808,191,,760577
1573,2026-09-28T13:26:59,2026-09-28T13:18:30,Chaos Core,717088,717088,1,,760577
1574,2026-09-28T13:28:01,2026-09-28T13:18:30,Chaos Core,717088,55215776,77,,760575
1575,2026-09-28T13:28:08,2026-09-28T13:18:30,Chaos Core,717088,81748032,114,,760575
1576,2026-09-28T13:28:20,2026-09-28T13:18:30,Chaos Core,745000,745000,1,,760575
1577,2026-09-28T13:29:30,2026-09-28T13:18:30,Chaos Core,750000,27750000,37,,760571
1578,2026-09-28T13:29:35,2026-09-28T13:18:30,Chaos Core,715000,164450000,230,,760571
1579,2026-09-28T13:30:50,2026-09-28T13:18:30,Chaos Core,750000,5250000,7,,760568
1580,2026-09-28T13:31:07,2026-09-28T13:18:30,Chaos Core,759980,8359780,11,,760568
1581,2026-09-28T13:32:03,2026-09-28T13:18:30,Chaos Core,749500,47968000,64,,760565
1582,2026-09-28T13:32:23,2026-09-28T13:18:30,Chaos Core,759980,1519960,2,,760565
1583,2026-09-28T13:33:35,2026-09-28T13:18:30,Divine Stone,707191,14851011,21,,714598
1584,2026-09-28T13:33:41,2026-09-28T13:18:30,Divine Stone,707191,2828764,4,,714598
1585,2026-09-28T13:33:49,2026-09-28T13:18:30,Divine Stone,707191,86277302,122,,714598
1586,2026-09-28T13:40:43,2026-09-28T13:18:30,Upgrade Core Set (Ultimate) X 38,445065,16912470,38,,458766
1587,2026-09-28T13:40:47,2026-09-28T13:18:30,Upgrade Core Set (Ultimate) X 1,445066,445066,1,,458766
1588,2026-09-28T13:40:51,2026-09-28T13:18:30,Upgrade Core Set (Ultimate) X 1,445066,71655626,161,,458766
1589,2026-09-28T13:53:51,2026-09-28T13:18:30,Force Core Set (Highest) X 17,181023,3077391,17,,198743
1590,2026-09-28T13:53:54,2026-09-28T13:18:30,Force Core Set (Highest) X 178,181023,32222222,178,,198743
1591,2026-09-28T13:54:22,2026-09-28T13:18:30,Upgrade Core Set (Ultimate) X 42,367484,15434344,42,,458751
1592,2026-09-28T13:54:25,2026-09-28T13:18:30,Upgrade Core Set (Ultimate) X 4,411392,1645568,4,,458751
1593,2026-09-28T13:54:28,2026-09-28T13:18:30,Upgrade Core Set (Ultimate) X 19,411392,7816448,19,,458751
1594,2026-09-28T13:54:32,2026-09-28T13:18:30,Upgrade Core Set (Ultimate) X 20,411392,8227840,20,,458751
1595,2026-09-28T13:54:35,2026-09-28T13:18:30,Upgrade Core Set (Ultimate) X 294,411392,120949248,294,,458751
1596,2026-09-28T15:37:13,2026-09-28T15:29:53,Divine Stone,707191,7071910,10,,714560
1597,2026-09-28T15:37:20,2026-09-28T15:29:53,Divine Stone,707191,34652359,49,,714560
1598,2026-09-28T15:37:27,2026-09-28T15:29:53,Divine Stone,707191,10607865,15,,714560
1599,2026-09-28T15:37:36,2026-09-28T15:29:53,Divine Stone,707191,12022247,17,,714560
1600,2026-09-28T15:37:45,2026-09-28T15:29:53,Divine Stone,707191,43138651,61,,714560
1601,2026-09-28T15:37:56,2026-09-28T15:29:53,Divine Stone,707191,9193483,13,,714560
1602,2026-09-28T15:41:12,2026-09-28T15:29:53,Force Core Set (Highest) X 7,187809,1314663,7,,198661
1603,2026-09-28T15:41:17,2026-09-28T15:29:53,Force Core Set (Highest) X 10,187809,24415170,130,,198661
1604,2026-09-28T15:41:20,2026-09-28T15:29:53,Force Core Set (Highest) X 17,187809,3192753,17,,198661
1605,2026-09-28T15:41:23,2026-09-28T15:29:53,Force Core Set (Highest) X 23,187809,4319607,23,,198661
1606,2026-09-28T15:41:26,2026-09-28T15:29:53,Force Core Set (Highest) X 33,187809,6197697,33,,198661
1607,2026-09-28T15:44:08,2026-09-28T15:29:53,Divine Stone,707191,39602696,56,,714558
1608,2026-09-28T15:44:20,2026-09-28T15:29:53,Divine Stone,707191,38188314,54,,714558
1609,2026-09-28T15:44:33,2026-09-28T15:29:53,Divine Stone,707191,20508539,29,,714558
1610,2026-09-28T15:44:38,2026-09-28T15:29:53,Divine Stone,707191,9900674,14,,714558
1611,2026-09-28T16:01:59,2026-09-28T15:29:53,Divine Stone,707191,3535955,5,,714576
1612,2026-09-28T16:02:05,2026-09-28T15:29:53,Divine Stone,707191,64354381,91,,714576
1613,2026-09-28T16:02:13,2026-09-28T15:29:53,Divine Stone,707191,46674606,66,,714576
1614,2026-09-28T16:03:15,2026-09-28T15:29:53,Divine Stone,707191,110321796,156,,714575
1615,2026-09-28T16:05:41,2026-09-28T15:29:53,Divine Stone,707191,19094157,27,,714576
1616,2026-09-28T16:05:50,2026-09-28T15:29:53,Divine Stone,707191,89106066,126,,714576
1617,2026-09-28T16:09:39,2026-09-28T15:29:53,Divine Stone,707191,86984493,123,,714575
1618,2026-09-28T16:09:49,2026-09-28T15:29:53,Divine Stone,707191,16972584,24,,714575
1619,2026-09-28T16:10:48,2026-09-28T15:29:53,Divine Stone,707191,110321796,156,,714574
1620,2026-09-28T16:11:55,2026-09-28T15:29:53,Chaos Core,720043,99365934,138,,731394
1621,2026-09-28T16:16:42,2026-09-28T15:29:53,Force Core Set (High) X 1,119511,1553643,13,,174952
1622,2026-09-28T16:16:45,2026-09-28T15:29:53,Force Core Set (High) X 4,119511,478044,4,,174952
1623,2026-09-28T16:16:49,2026-09-28T15:29:53,Force Core Set (High) X 12,119511,1434132,12,,174952
1624,2026-09-28T16:16:53,2026-09-28T15:29:53,Force Core Set (High) X 20,119511,4780440,40,,174952
1625,2026-09-28T16:16:56,2026-09-28T15:29:53,Force Core Set (High) X 26,119511,3107286,26,,174952
1626,2026-09-28T16:32:19,2026-09-28T15:29:53,Chaos Core,724138,176689672,244,,731361
1627,2026-09-28T16:32:30,2026-09-28T15:29:53,Chaos Core,726580,1453160,2,,731361
1628,2026-09-28T16:33:39,2026-09-28T15:29:53,Chaos Core,724138,31862072,44,,731361
1629,2026-09-28T16:34:04,2026-09-28T15:29:53,Chaos Core,727879,727879,1,,731361
1630,2026-09-28T16:37:51,2026-09-28T15:29:53,Chaos Core,728938,18952388,26,,750406
1631,2026-09-28T16:37:55,2026-09-28T15:29:53,Chaos Core,728938,6560442,9,,750406
1632,2026-09-28T16:38:03,2026-09-28T15:29:53,Chaos Core,728938,181505562,249,,750406
1633,2026-09-28T16:38:10,2026-09-28T15:29:53,Chaos Core,730000,730000,1,,750406
1634,2026-09-28T16:39:18,2026-09-28T15:29:53,Chaos Core,734340,6609060,9,,750406
1635,2026-09-28T16:39:28,2026-09-28T15:29:53,Chaos Core,734340,24233220,33,,750406
1636,2026-09-28T16:39:39,2026-09-28T15:29:53,Chaos Core,734340,27170580,37,,750406
1637,2026-09-28T16:39:44,2026-09-28T15:29:53,Chaos Core,728938,67062296,92,,750406
1638,2026-09-28T16:40:46,2026-09-28T15:29:53,Chaos Core,739999,3699995,5,,750403
1639,2026-09-28T16:41:12,2026-09-28T15:29:53,Chaos Core,743461,1486922,2,,750403
1640,2026-09-28T16:41:27,2026-09-28T15:29:53,Chaos Core,744665,3723325,5,,750403
1641,2026-09-28T16:41:43,2026-09-28T15:29:53,Chaos Core,745305,4471830,6,,750403
1642,2026-09-28T16:42:32,2026-09-28T15:29:53,Divine Stone,700000,7000000,10,,714560
1643,2026-09-28T16:42:39,2026-09-28T15:29:53,Divine Stone,700000,106400000,152,,714560
1644,2026-09-28T16:43:33,2026-09-28T15:29:53,Divine Stone,700000,11900000,17,,714559
1645,2026-09-28T16:43:41,2026-09-28T15:29:53,Divine Stone,700000,28700000,41,,714559
1646,2026-09-28T16:43:49,2026-09-28T15:29:53,Divine Stone,700000,60200000,86,,714559
1647,2026-09-28T16:53:46,2026-09-28T15:29:53,Chaos Core,732617,95240210,130,,750394
1648,2026-09-28T16:54:07,2026-09-28T15:29:53,Chaos Core,759980,1519960,2,,750394
1649,2026-09-28T16:57:44,2026-09-28T15:29:53,Chaos Core,750000,27750000,37,,760578
1650,2026-09-28T16:57:52,2026-09-28T15:29:53,Chaos Core,750000,85500000,114,,760578
1651,2026-09-28T16:58:06,2026-09-28T15:29:53,Chaos Core,759980,1519960,2,,760578
1652,2026-09-28T16:59:00,2026-09-28T15:29:53,Chaos Core,749396,10491544,14,,760576
1653,2026-09-28T16:59:07,2026-09-28T15:29:53,Chaos Core,750000,1500000,2,,760576
1654,2026-09-28T16:59:31,2026-09-28T15:29:53,Chaos Core,759980,1519960,2,,760576
1655,2026-09-28T17:17:05,2026-09-28T15:29:53,Chaos Core,754171,187788579,249,,760727
1656,2026-09-28T17:18:04,2026-09-28T15:29:53,Chaos Core,754171,96533888,128,,760724
1657,2026-09-28T17:18:09,2026-09-28T15:29:53,Chaos Core,754171,754171,1,,760724
1658,2026-09-28T17:18:14,2026-09-28T15:29:53,Chaos Core,754171,131225754,174,,760724
1659,2026-09-28T17:24:38,2026-09-28T15:29:53,Force Core Set (High) X 324,172997,56051028,324,,178895
1660,2026-09-28T17:25:31,2026-09-28T15:29:53,Force Core Set (High) X 368,172997,63662896,368,,178895
1661,2026-09-28T17:39:44,2026-09-28T15:29:53,Upgrade Core Set (Ultimate) X 7,425425,2977975,7,,457857
1662,2026-09-28T17:39:47,2026-09-28T15:29:53,Upgrade Core Set (Ultimate) X 19,425425,8083075,19,,457857
1663,2026-09-28T17:39:50,2026-09-28T15:29:53,Upgrade Core Set (Ultimate) X 196,425425,83383300,196,,457857
1664,2026-09-28T17:43:45,2026-09-28T15:29:53,Chaos Core,755193,98175090,130,,760706
1665,2026-09-28T17:43:58,2026-09-28T15:29:53,Chaos Core,755753,1511506,2,,760706
1666,2026-09-28T17:49:40,2026-09-28T15:29:53,Upgrade Core Set (Ultimate) X 66,425425,28078050,66,,457843
1667,2026-09-28T17:59:25,2026-09-28T15:29:53,Chaos Core,745000,77480000,104,,760684
1668,2026-09-28T17:59:31,2026-09-28T15:29:53,Chaos Core,745000,84930000,114,,760684
1669,2026-09-28T17:59:38,2026-09-28T15:29:53,Chaos Core,745000,745000,1,,760684
1670,2026-09-28T18:02:28,2026-09-28T15:29:53,Chaos Core,745000,2235000,3,,760681
1671,2026-09-28T18:02:58,2026-09-28T15:29:53,Chaos Core,755753,755753,1,,760681
1672,2026-09-28T18:03:14,2026-09-28T15:29:53,Chaos Core,755753,9824789,13,,760681
1673,2026-09-28T18:03:17,2026-09-28T15:29:53,Chaos Core,740000,740000,1,,760681
1674,2026-09-28T18:03:55,2026-09-28T15:29:53,Chaos Core,740000,78440000,106,,760680
1675,2026-09-28T18:04:02,2026-09-28T15:29:53,Chaos Core,745000,143040000,192,,760680
1676,2026-09-28T18:04:16,2026-09-28T15:29:53,Chaos Core,755753,755753,1,,760680
1677,2026-09-28T18:04:29,2026-09-28T15:29:53,Chaos Core,754034,754034,1,,760680
1678,2026-09-28T21:37:46,2026-09-28T21:35:16,Chaos Core,729449,21154021,29,,760572
1679,2026-09-28T21:37:59,2026-09-28T21:35:16,Chaos Core,729449,102122860,140,,760572
1680,2026-09-28T21:38:13,2026-09-28T21:35:16,Chaos Core,729449,1458898,2,,760572
1681,2026-09-28T21:39:15,2026-09-28T21:35:16,Chaos Core,729449,173608862,238,,760571
1682,2026-09-28T21:39:28,2026-09-28T21:35:16,Chaos Core,730000,730000,1,,760571
1683,2026-09-28T21:39:40,2026-09-28T21:35:16,Chaos Core,730000,730000,1,,760571
1684,2026-09-28T21:43:00,2026-09-28T21:35:16,Chaos Core,730000,40880000,56,,760569
1685,2026-09-28T21:43:14,2026-09-28T21:35:16,Chaos Core,731435,1462870,2,,760569
1686,2026-09-28T21:43:26,2026-09-28T21:35:16,Chaos Core,731435,731435,1,,760569
1687,2026-09-28T21:43:39,2026-09-28T21:35:16,Chaos Core,731435,731435,1,,760569
1688,2026-09-28T21:43:53,2026-09-28T21:35:16,Chaos Core,733221,178905924,244,,760569
1689,2026-09-28T21:44:05,2026-09-28T21:35:16,Chaos Core,733863,733863,1,,760569
1690,2026-09-28T21:44:18,2026-09-28T21:35:16,Chaos Core,734967,734967,1,,760569
1691,2026-09-28T21:45:51,2026-09-28T21:35:16,Chaos Core,736768,15472128,21,,760568
1692,2026-09-28T21:46:05,2026-09-28T21:35:16,Chaos Core,739000,87202000,118,,760568
1693,2026-09-28T21:46:19,2026-09-28T21:35:16,Chaos Core,740000,1480000,2,,760568
1694,2026-09-28T21:47:23,2026-09-28T21:35:16,Chaos Core,740000,58460000,79,,760567
1695,2026-09-28T21:47:34,2026-09-28T21:35:16,Chaos Core,729449,729449,1,,760567
1696,2026-09-28T21:47:48,2026-09-28T21:35:16,Chaos Core,742955,170136695,229,,760567
1697,2026-09-28T21:49:11,2026-09-28T21:35:16,Chaos Core,742955,14859100,20,,760567
1698,2026-09-28T21:49:22,2026-09-28T21:35:16,Chaos Core,742955,742955,1,,760567
1699,2026-09-28T21:49:36,2026-09-28T21:35:16,Chaos Core,744058,12648986,17,,760567
1700,2026-09-28T21:49:49,2026-09-28T21:35:16,Chaos Core,744058,133930440,180,,760567
1701,2026-09-28T21:50:00,2026-09-28T21:35:16,Chaos Core,743485,743485,1,,760567
1702,2026-09-28T21:57:39,2026-09-28T21:35:16,Chaos Core,744734,185438766,249,,760554
1703,2026-09-28T21:58:59,2026-09-28T21:35:16,Chaos Core,721724,49798956,69,,760554
1704,2026-09-28T21:59:09,2026-09-28T21:35:16,Chaos Core,745327,180369134,242,,760554
1705,2026-09-28T22:03:12,2026-09-28T21:35:16,Chaos Core,745000,35015000,47,,760550
1706,2026-09-28T22:03:19,2026-09-28T21:35:16,Chaos Core,745000,5215000,7,,760550
1707,2026-09-28T22:03:27,2026-09-28T21:35:16,Chaos Core,745000,185505000,249,,760550
1708,2026-09-28T22:06:36,2026-09-28T21:35:16,Divine Stone,707108,16263484,23,,714480
1709,2026-09-28T22:06:42,2026-09-28T21:35:16,Divine Stone,707108,96166688,136,,714480
1710,2026-09-28T22:07:44,2026-09-28T21:35:16,Divine Stone,707108,18384808,26,,714480
1711,2026-09-28T22:07:51,2026-09-28T21:35:16,Divine Stone,707108,91924040,130,,714480
1712,2026-09-28T22:09:02,2026-09-28T21:35:16,Divine Stone,707108,23334564,33,,714478
1713,2026-09-28T22:09:10,2026-09-28T21:35:16,Divine Stone,707108,31819860,45,,714478
1714,2026-09-28T22:09:19,2026-09-28T21:35:16,Divine Stone,707108,61518396,87,,714478
1715,2026-09-28T22:20:28,2026-09-28T21:35:16,Divine Stone,707108,50911776,72,,714470
1716,2026-09-28T22:20:32,2026-09-28T21:35:16,Divine Stone,707108,11313728,16,,714470
1717,2026-09-28T22:20:43,2026-09-28T21:35:16,Divine Stone,707109,9899526,14,,714470
1718,2026-09-28T22:20:54,2026-09-28T21:35:16,Divine Stone,707109,2828436,4,,714470
1719,2026-09-28T22:21:14,2026-09-28T21:35:16,Divine Stone,707109,31112796,44,,714470
1720,2026-09-28T22:28:34,2026-09-28T21:35:16,Divine Stone,707109,6363981,9,,714540
1721,2026-09-28T22:28:47,2026-09-28T21:35:16,Divine Stone,707109,2828436,4,,714540
1722,2026-09-28T22:28:52,2026-09-28T21:35:16,Divine Stone,706000,80484000,114,,714540
1723,2026-09-28T22:29:04,2026-09-28T21:35:16,Divine Stone,707109,707109,1,,714540
1724,2026-09-28T22:29:18,2026-09-28T21:35:16,Divine Stone,707109,18384834,26,,714540
1725,2026-09-28T22:29:32,2026-09-28T21:35:16,Divine Stone,707109,1414218,2,,714540
1726,2026-09-28T22:30:41,2026-09-28T21:35:16,Divine Stone,707108,37476724,53,,714478
1727,2026-09-28T22:30:48,2026-09-28T21:35:16,Divine Stone,707108,74953448,106,,714478
1728,2026-09-28T22:43:20,2026-09-28T21:35:16,Upgrade Core Set (Ultimate) X 40,445066,17802640,40,,457656
1729,2026-09-28T22:59:57,2026-09-28T21:35:16,Upgrade Core Set (Ultimate) X 307,445066,136635262,307,,457685
1730,2026-09-28T23:07:44,2026-09-28T21:35:16,Upgrade Core Set (Ultimate) X 3,445066,1335198,3,,457684
1731,2026-09-28T23:11:28,2026-09-28T21:35:16,Upgrade Core Set (Ultimate) X 10,445066,89013200,200,,457684
1732,2026-09-28T23:12:01,2026-09-28T21:35:16,Upgrade Core Set (Ultimate) X 10,445066,80111880,180,,457684
1733,2026-09-28T23:22:23,2026-09-28T21:35:16,Divine Stone,706521,7065210,10,,714434
1734,2026-09-28T23:22:30,2026-09-28T21:35:16,Divine Stone,706521,90434688,128,,714434
1735,2026-09-29T00:58:12,2026-09-29T00:54:10,Force Core Set (Highest) X 1,165000,165000,1,,207963
1736,2026-09-29T01:02:05,2026-09-29T00:54:10,Upgrade Core Set (Ultimate) X 6,441463,2648778,6,,457655
1737,2026-09-29T01:02:08,2026-09-29T00:54:10,Upgrade Core Set (Ultimate) X 32,445000,14240000,32,,457655
1738,2026-09-29T02:16:39,2026-09-29T00:54:10,Upgrade Core Set (Ultimate) X 34,445000,15130000,34,,457523
1739,2026-09-29T02:23:57,2026-09-29T00:54:10,Upgrade Core Set (Ultimate) X 10,445066,89013200,200,,457517
1740,2026-09-29T02:41:56,2026-09-29T00:54:10,Upgrade Core Set (Ultimate) X 10,445066,89013200,200,,457496
1741,2026-09-29T02:59:05,2026-09-29T00:54:10,Upgrade Core Set (Ultimate) X 88,445066,39165808,88,,457462
1742,2026-09-29T03:00:17,2026-09-29T00:54:10,Divine Stone,706518,38151972,54,,714326
1743,2026-09-29T03:00:23,2026-09-29T00:54:10,Divine Stone,706518,44510634,63,,714326
1744,2026-09-29T03:00:30,2026-09-29T00:54:10,Divine Stone,706518,19075986,27,,714326
1745,2026-09-29T03:13:50,2026-09-29T00:54:10,Upgrade Core Set (Ultimate) X 10,445066,89013200,200,,457430
1746,2026-09-29T03:14:21,2026-09-29T00:54:10,Upgrade Core Set (Ultimate) X 10,445066,4450660,10,,457430
1747,2026-09-29T03:14:24,2026-09-29T00:54:10,Upgrade Core Set (Ultimate) X 43,445066,19137838,43,,457430
1748,2026-09-29T03:15:27,2026-09-29T00:54:10,Divine Stone,706520,19076040,27,,714318
1749,2026-09-29T03:15:34,2026-09-29T00:54:10,Divine Stone,706521,7065210,10,,714318
1750,2026-09-29T03:15:42,2026-09-29T00:54:10,Divine Stone,706521,3532605,5,,714318
1751,2026-09-29T03:15:51,2026-09-29T00:54:10,Divine Stone,706521,12717378,18,,714318
1752,2026-09-29T03:16:01,2026-09-29T00:54:10,Divine Stone,706521,57228201,81,,714318
1753,2026-09-29T03:17:00,2026-09-29T00:54:10,Divine Stone,706521,7065210,10,,714432
1754,2026-09-29T03:17:11,2026-09-29T00:54:10,Divine Stone,706521,706521,1,,714432
1755,2026-09-29T03:17:24,2026-09-29T00:54:10,Divine Stone,707109,17677725,25,,714432
1756,2026-09-29T03:17:36,2026-09-29T00:54:10,Divine Stone,707109,707109,1,,714432
1757,2026-09-29T03:17:49,2026-09-29T00:54:10,Divine Stone,707109,707109,1,,714432
1758,2026-09-29T03:18:02,2026-09-29T00:54:10,Divine Stone,707109,11313744,16,,714432
1759,2026-09-29T03:18:16,2026-09-29T00:54:10,Divine Stone,707109,6363981,9,,714432
1760,2026-09-29T03:18:30,2026-09-29T00:54:10,Divine Stone,707110,2828440,4,,714432
1761,2026-09-29T03:18:36,2026-09-29T00:54:10,Divine Stone,707110,9192430,13,,714432
1762,2026-09-29T03:18:41,2026-09-29T00:54:10,Divine Stone,707110,51619030,73,,714432
1763,2026-09-29T03:22:35,2026-09-29T00:54:10,Divine Stone,707110,96166960,136,,714396
1764,2026-09-29T03:22:41,2026-09-29T00:54:10,Divine Stone,707110,12020870,17,,714396
1765,2026-09-29T03:40:48,2026-09-29T00:54:10,Divine Stone,700521,10507815,15,,714381
1766,2026-09-29T03:40:57,2026-09-29T00:54:10,Divine Stone,707110,2121330,3,,714381
1767,2026-09-29T03:44:49,2026-09-29T00:54:10,Divine Stone,700521,1401042,2,,714376
1768,2026-09-29T03:46:12,2026-09-29T00:54:10,Divine Stone,707110,2121330,3,,714376
1769,2026-09-29T03:46:17,2026-09-29T00:54:10,Divine Stone,707111,9192443,13,,714376
1770,2026-09-29T03:50:45,2026-09-29T00:54:10,Divine Stone,707110,112430490,159,,714373
1771,2026-09-29T04:18:03,2026-09-29T00:54:10,Divine Stone,706000,95310000,135,,714348
1772,2026-09-29T04:51:05,2026-09-29T00:54:10,Divine Stone,706000,16944000,24,,714432
1773,2026-09-29T04:51:12,2026-09-29T00:54:10,Divine Stone,706000,86838000,123,,714432
1774,2026-09-29T04:53:48,2026-09-29T00:54:10,Divine Stone,706000,43066000,61,,714433
1775,2026-09-29T04:53:55,2026-09-29T00:54:10,Divine Stone,706000,67070000,95,,714433
1776,2026-09-29T04:54:57,2026-09-29T00:54:10,Divine Stone,706000,21886000,31,,714432
1777,2026-09-29T04:55:05,2026-09-29T00:54:10,Divine Stone,706000,32476000,46,,714432
1778,2026-09-29T04:55:14,2026-09-29T00:54:10,Divine Stone,706000,55774000,79,,714432
1779,2026-09-29T04:57:15,2026-09-29T00:54:10,Divine Stone,706000,74836000,106,,714431
1780,2026-09-29T04:57:22,2026-09-29T00:54:10,Divine Stone,706000,22592000,32,,714431
1781,2026-09-29T05:10:33,2026-09-29T00:54:10,Divine Stone,706000,58598000,83,,714433
1782,2026-09-29T05:10:43,2026-09-29T00:54:10,Divine Stone,706000,38830000,55,,714433
1783,2026-09-29T05:12:43,2026-09-29T00:54:10,Divine Stone,706000,81190000,115,,714433
1784,2026-09-29T05:12:53,2026-09-29T00:54:10,Divine Stone,706000,35300000,50,,714433
1785,2026-09-29T05:15:36,2026-09-29T00:54:10,Divine Stone,706000,112254000,159,,714432
1786,2026-09-29T05:16:41,2026-09-29T00:54:10,Divine Stone,706000,28240000,40,,714431
1787,2026-09-29T05:16:52,2026-09-29T00:54:10,Divine Stone,706000,5648000,8,,714431
1788,2026-09-29T05:17:05,2026-09-29T00:54:10,Divine Stone,706000,72012000,102,,714431
1789,2026-09-29T05:56:24,2026-09-29T00:54:10,Force Core Set (Highest) X 200,196925,39385000,200,,204950
1790,2026-09-29T06:00:09,2026-09-29T00:54:10,Force Core Set (Highest) X 10,196925,19692500,100,,204946
1791,2026-09-29T06:06:54,2026-09-29T00:54:10,Force Core Set (Highest) X 45,196925,26584875,135,,204999
1792,2026-09-29T06:07:27,2026-09-29T00:54:10,Force Core Set (Highest) X 1,196925,2166175,11,,204999
1793,2026-09-29T06:10:05,2026-09-29T00:54:10,Divine Stone,706000,61422000,87,,714385
1794,2026-09-29T06:10:09,2026-09-29T00:54:10,Divine Stone,706000,55068000,78,,714385
1795,2026-09-29T06:11:09,2026-09-29T00:54:10,Divine Stone,706000,93192000,132,,714384
1796,2026-09-29T06:11:14,2026-09-29T00:54:10,Divine Stone,706000,19062000,27,,714384
1797,2026-09-29T06:13:27,2026-09-29T00:54:10,Divine Stone,706000,42360000,60,,714383
1798,2026-09-29T06:13:34,2026-09-29T00:54:10,Divine Stone,706000,69894000,99,,714383
1799,2026-09-29T06:16:29,2026-09-29T00:54:10,Divine Stone,706000,38124000,54,,714384
1800,2026-09-29T06:16:33,2026-09-29T00:54:10,Divine Stone,706000,48008000,68,,714384
1801,2026-09-29T06:16:41,2026-09-29T00:54:10,Divine Stone,706000,28240000,40,,714384
1802,2026-09-29T06:18:55,2026-09-29T00:54:10,Divine Stone,706000,52244000,74,,714383
1803,2026-09-29T06:19:01,2026-09-29T00:54:10,Divine Stone,706000,60010000,85,,714383
1804,2026-09-29T06:42:52,2026-09-29T00:54:10,Divine Stone,706000,116490000,165,,714367
1805,2026-09-29T06:45:13,2026-09-29T00:54:10,Divine Stone,706000,12708000,18,,714367
1806,2026-09-29T06:45:19,2026-09-29T00:54:10,Divine Stone,706000,16238000,23,,714367
1807,2026-09-29T06:45:27,2026-09-29T00:54:10,Divine Stone,706000,74836000,106,,714367
1808,2026-09-29T06:47:04,2026-09-29T00:54:10,Divine Stone,706000,100958000,143,,714366
1809,2026-09-29T06:47:12,2026-09-29T00:54:10,Divine Stone,706000,9178000,13,,714366
1810,2026-09-29T06:48:19,2026-09-29T00:54:10,Divine Stone,706000,1412000,2,,714366
1811,2026-09-29T06:48:28,2026-09-29T00:54:10,Divine Stone,706000,39536000,56,,714366
1812,2026-09-29T06:48:37,2026-09-29T00:54:10,Divine Stone,706000,2824000,4,,714366
1813,2026-09-29T06:48:48,2026-09-29T00:54:10,Divine Stone,706000,4236000,6,,714366
1814,2026-09-29T06:48:59,2026-09-29T00:54:10,Divine Stone,706000,27534000,39,,714366
1815,2026-09-29T06:49:12,2026-09-29T00:54:10,Divine Stone,706000,26122000,37,,714366
1816,2026-09-29T06:51:38,2026-09-29T00:54:10,Divine Stone,705888,80471232,114,,714366
1817,2026-09-29T06:51:44,2026-09-29T00:54:10,Divine Stone,705888,21176640,30,,714366
1818,2026-09-29T06:53:11,2026-09-29T00:54:10,Divine Stone,705888,11294208,16,,714366
1819,2026-09-29T06:53:18,2026-09-29T00:54:10,Divine Stone,706000,13414000,19,,714366
1820,2026-09-29T06:53:29,2026-09-29T00:54:10,Divine Stone,706000,43772000,62,,714366
1821,2026-09-29T06:53:41,2026-09-29T00:54:10,Divine Stone,706000,33182000,47,,714366
1822,2026-09-29T06:54:43,2026-09-29T00:54:10,Divine Stone,706000,47302000,67,,714366
1823,2026-09-29T06:54:56,2026-09-29T00:54:10,Divine Stone,706000,706000,1,,714366
1824,2026-09-29T06:55:08,2026-09-29T00:54:10,Divine Stone,706000,706000,1,,714366
1825,2026-09-29T06:55:12,2026-09-29T00:54:10,Divine Stone,705888,3529440,5,,714366
1826,2026-09-29T06:55:25,2026-09-29T00:54:10,Divine Stone,706000,706000,1,,714366
1827,2026-09-29T06:55:39,2026-09-29T00:54:10,Divine Stone,706000,44478000,63,,714366
1828,2026-09-29T06:57:39,2026-09-29T00:54:10,Upgrade Core Set (Ultimate) X 21,440438,9249200,21,,456697
1829,2026-09-29T07:00:51,2026-09-29T00:54:10,Upgrade Core Set (Ultimate) X 1,440440,440440,1,,456692
1830,2026-09-29T07:06:52,2026-09-29T00:54:10,Force Core Set (High) X 1,167220,19230300,115,,179114
1831,2026-09-29T07:06:57,2026-09-29T00:54:10,Force Core Set (High) X 1,167220,14213700,85,,179114
1832,2026-09-29T07:07:29,2026-09-29T00:54:10,Force Core Set (High) X 1,167220,5016600,30,,179114
1833,2026-09-29T07:07:32,2026-09-29T00:54:10,Force Core Set (High) X 1,167220,167220,1,,179114
1834,2026-09-29T07:07:36,2026-09-29T00:54:10,Force Core Set (High) X 1,167220,3511620,21,,179114
1835,2026-09-29T07:07:39,2026-09-29T00:54:10,Force Core Set (High) X 9,167220,1504980,9,,179114
1836,2026-09-29T07:07:43,2026-09-29T00:54:10,Force Core Set (High) X 10,167220,21738600,130,,179114
1837,2026-09-29T07:08:16,2026-09-29T00:54:10,Force Core Set (High) X 10,167220,11705400,70,,179112
1838,2026-09-29T07:08:20,2026-09-29T00:54:10,Force Core Set (High) X 10,167220,3344400,20,,179112
1839,2026-09-29T07:08:23,2026-09-29T00:54:10,Force Core Set (High) X 11,167220,1839420,11,,179112
1840,2026-09-29T07:08:26,2026-09-29T00:54:10,Force Core Set (High) X 15,167220,2508300,15,,179112
1841,2026-09-29T07:08:29,2026-09-29T00:54:10,Force Core Set (High) X 16,167220,2675520,16,,179112
1842,2026-09-29T08:22:38,2026-09-29T08:20:07,Chaos Core,715693,715693,1,,733737
1843,2026-09-29T08:22:45,2026-09-29T08:20:07,Chaos Core,721724,5773792,8,,733737
1844,2026-09-29T08:22:52,2026-09-29T08:20:07,Chaos Core,721724,4330344,6,,733737
1845,2026-09-29T08:22:59,2026-09-29T08:20:07,Chaos Core,721724,721724,1,,733737
1846,2026-09-29T08:23:08,2026-09-29T08:20:07,Chaos Core,721724,28147236,39,,733737
1847,2026-09-29T08:23:18,2026-09-29T08:20:07,Chaos Core,721724,29590684,41,,733737
1848,2026-09-29T08:23:28,2026-09-29T08:20:07,Chaos Core,721724,2165172,3,,733737
1849,2026-09-29T08:23:40,2026-09-29T08:20:07,Chaos Core,721724,32477580,45,,733737
1850,2026-09-29T08:23:52,2026-09-29T08:20:07,Chaos Core,721724,119084460,165,,733737
1851,2026-09-29T08:25:01,2026-09-29T08:20:07,Chaos Core,721724,35364476,49,,733773
1852,2026-09-29T08:25:13,2026-09-29T08:20:07,Chaos Core,721724,2886896,4,,733773
1853,2026-09-29T08:25:17,2026-09-29T08:20:07,Chaos Core,721724,150840316,209,,733773
1854,2026-09-29T08:25:31,2026-09-29T08:20:07,Chaos Core,721724,1443448,2,,733773
1855,2026-09-29T08:26:43,2026-09-29T08:20:07,Chaos Core,721724,70728952,98,,733772
1856,2026-09-29T08:26:57,2026-09-29T08:20:07,Chaos Core,721724,154448936,214,,733772
1857,2026-09-29T08:28:06,2026-09-29T08:20:07,Chaos Core,721724,25982064,36,,733771
1858,2026-09-29T08:28:20,2026-09-29T08:20:07,Chaos Core,721724,25982064,36,,733771
1859,2026-09-29T08:28:34,2026-09-29T08:20:07,Chaos Core,721724,11547584,16,,733771
1860,2026-09-29T08:28:48,2026-09-29T08:20:07,Chaos Core,721724,11547584,16,,733771
1861,2026-09-29T08:29:01,2026-09-29T08:20:07,Chaos Core,721724,72172400,100,,733771
1862,2026-09-29T08:30:00,2026-09-29T08:20:07,Chaos Core,721724,165274796,229,,733770
1863,2026-09-29T08:30:14,2026-09-29T08:20:07,Chaos Core,721724,1443448,2,,733770
1864,2026-09-29T08:31:21,2026-09-29T08:20:07,Chaos Core,721724,17321376,24,,733769
1865,2026-09-29T08:31:35,2026-09-29T08:20:07,Chaos Core,721724,85163432,118,,733769
1866,2026-09-29T08:31:39,2026-09-29T08:20:07,Chaos Core,721724,1443448,2,,733769
1867,2026-09-29T08:32:25,2026-09-29T08:20:07,Force Core Set (High) X 29,164750,4777777,29,,179059
1868,2026-09-29T08:32:29,2026-09-29T08:20:07,Force Core Set (High) X 1,167220,2006640,12,,179059
1869,2026-09-29T08:32:32,2026-09-29T08:20:07,Force Core Set (High) X 16,167220,2675520,16,,179059
1870,2026-09-29T08:32:35,2026-09-29T08:20:07,Force Core Set (High) X 29,167220,4849380,29,,179059
1871,2026-09-29T08:32:38,2026-09-29T08:20:07,Force Core Set (High) X 41,167220,6856020,41,,179059
1872,2026-09-29T08:33:29,2026-09-29T08:20:07,Divine Stone,706000,5648000,8,,714336
1873,2026-09-29T08:33:35,2026-09-29T08:20:07,Divine Stone,706000,9178000,13,,714336
1874,2026-09-29T08:33:43,2026-09-29T08:20:07,Divine Stone,707000,9898000,14,,714336
1875,2026-09-29T08:33:51,2026-09-29T08:20:07,Divine Stone,707191,15558202,22,,714336
1876,2026-09-29T08:34:00,2026-09-29T08:20:07,Divine Stone,707191,63647190,90,,714336
1877,2026-09-29T08:35:16,2026-09-29T08:20:07,Divine Stone,707191,112443369,159,,714335
1878,2026-09-29T08:35:26,2026-09-29T08:20:07,Divine Stone,708888,2126664,3,,714335
1879,2026-09-29T08:37:39,2026-09-29T08:20:07,Chaos Core,721724,160944452,223,,733767
1880,2026-09-29T08:37:46,2026-09-29T08:20:07,Chaos Core,721724,1443448,2,,733767
1881,2026-09-29T08:41:05,2026-09-29T08:20:07,Divine Stone,706000,116490000,165,,714332
1882,2026-09-29T08:55:04,2026-09-29T08:20:07,Upgrade Core Set (Ultimate) X 1,420420,420420,1,,456614
1883,2026-09-29T08:57:35,2026-09-29T08:20:07,Chaos Core,721724,1443448,2,,733743
1884,2026-09-29T08:57:39,2026-09-29T08:20:07,Chaos Core,721722,179708778,249,,733743
1885,2026-09-29T08:57:42,2026-09-29T08:20:07,Chaos Core,721722,721722,1,,733743
1886,2026-09-29T08:58:53,2026-09-29T08:20:07,Chaos Core,721724,721724,1,,733761
1887,2026-09-29T08:59:01,2026-09-29T08:20:07,Chaos Core,721724,13712756,19,,733761
1888,2026-09-29T08:59:11,2026-09-29T08:20:07,Chaos Core,721724,59903092,83,,733761
1889,2026-09-29T08:59:21,2026-09-29T08:20:07,Chaos Core,721724,73615848,102,,733761
1890,2026-09-29T08:59:32,2026-09-29T08:20:07,Chaos Core,721724,1443448,2,,733761
1891,2026-09-29T09:00:38,2026-09-29T08:20:07,Chaos Core,721724,127023424,176,,733759
1892,2026-09-29T09:00:46,2026-09-29T08:20:07,Chaos Core,721724,721724,1,,733759
1893,2026-09-29T09:01:50,2026-09-29T08:20:07,Chaos Core,721724,15877928,22,,733758
1894,2026-09-29T09:02:00,2026-09-29T08:20:07,Chaos Core,721724,158057556,219,,733758
1895,2026-09-29T09:02:11,2026-09-29T08:20:07,Chaos Core,721724,1443448,2,,733758
1896,2026-09-29T09:03:30,2026-09-29T08:20:07,Chaos Core,721724,134240664,186,,733757
1897,2026-09-29T09:08:51,2026-09-29T08:20:07,Force Core Set (High) X 5,167219,836095,5,,179041
1898,2026-09-29T09:08:54,2026-09-29T08:20:07,Force Core Set (High) X 53,167219,8862607,53,,179041
1899,2026-09-29T09:08:57,2026-09-29T08:20:07,Force Core Set (High) X 56,167219,9364264,56,,179041
1900,2026-09-29T09:09:00,2026-09-29T08:20:07,Force Core Set (High) X 70,167219,11705330,70,,179041
1901,2026-09-29T09:09:03,2026-09-29T08:20:07,Force Core Set (High) X 78,167219,13043082,78,,179041
1902,2026-09-29T09:16:53,2026-09-29T08:20:07,Force Core Set (High) X 4,167218,668872,4,,179033
1903,2026-09-29T09:16:56,2026-09-29T08:20:07,Force Core Set (High) X 9,167218,1504970,9,,179033
1904,2026-09-29T09:16:59,2026-09-29T08:20:07,Force Core Set (High) X 98,167218,16387364,98,,179033
1905,2026-09-29T09:17:02,2026-09-29T08:20:07,Force Core Set (High) X 82,167219,13711958,82,,179033
1906,2026-09-29T09:17:05,2026-09-29T08:20:07,Force Core Set (High) X 95,167219,15885805,95,,179033
1907,2026-09-29T09:40:07,2026-09-29T08:20:07,Chaos Core,715000,68640000,96,,733685
1908,2026-09-29T09:40:14,2026-09-29T08:20:07,Chaos Core,715000,3575000,5,,733685
1909,2026-09-29T09:40:21,2026-09-29T08:20:07,Chaos Core,715000,77220000,108,,733685
1910,2026-09-29T09:40:28,2026-09-29T08:20:07,Chaos Core,715000,715000,1,,733685
1911,2026-09-29T09:41:36,2026-09-29T08:20:07,Chaos Core,715000,174460000,244,,733684
1912,2026-09-29T09:41:45,2026-09-29T08:20:07,Chaos Core,715099,1430198,2,,733684
1913,2026-09-29T09:42:51,2026-09-29T08:20:07,Chaos Core,715000,152295000,213,,733683
1914,2026-09-29T09:46:37,2026-09-29T08:20:07,Chaos Core,713113,17114712,24,,733681
1915,2026-09-29T09:46:52,2026-09-29T08:20:07,Chaos Core,715000,97955000,137,,733681
1916,2026-09-29T09:46:55,2026-09-29T08:20:07,Chaos Core,713113,713113,1,,733681
1917,2026-09-29T09:47:55,2026-09-29T08:20:07,Chaos Core,713113,62753944,88,,733678
1918,2026-09-29T09:48:02,2026-09-29T08:20:07,Chaos Core,713113,64893283,91,,733678
1919,2026-09-29T09:48:11,2026-09-29T08:20:07,Chaos Core,715099,715099,1,,733678
1920,2026-09-29T09:49:17,2026-09-29T08:20:07,Chaos Core,715099,172338859,241,,733675
1921,2026-09-29T09:49:29,2026-09-29T08:20:07,Chaos Core,715099,1430198,2,,733675
1922,2026-09-29T09:57:53,2026-09-29T08:20:07,Force Core Set (High) X 71,154929,10999999,71,,178992
1923,2026-09-29T09:57:55,2026-09-29T08:20:07,Force Core Set (High) X 11,167217,1839387,11,,178992
1924,2026-09-29T09:57:58,2026-09-29T08:20:07,Force Core Set (High) X 13,167217,2173821,13,,178992
1925,2026-09-29T09:58:01,2026-09-29T08:20:07,Force Core Set (High) X 104,167217,17390568,104,,178992
1926,2026-09-29T09:58:04,2026-09-29T08:20:07,Force Core Set (High) X 100,167219,16721900,100,,178992
1927,2026-09-29T10:00:26,2026-09-29T08:20:07,Chaos Core,708415,176395335,249,,733657
1928,2026-09-29T10:01:33,2026-09-29T08:20:07,Chaos Core,708415,4250490,6,,733652
1929,2026-09-29T10:01:45,2026-09-29T08:20:07,Chaos Core,715000,715000,1,,733652
1930,2026-09-29T10:01:56,2026-09-29T08:20:07,Chaos Core,720539,720539,1,,733652
1931,2026-09-29T10:02:08,2026-09-29T08:20:07,Chaos Core,721809,7939899,11,,733652
1932,2026-09-29T10:02:22,2026-09-29T08:20:07,Chaos Core,721809,48361203,67,,733652
1933,2026-09-29T10:02:36,2026-09-29T08:20:07,Chaos Core,721809,3609045,5,,733652
1934,2026-09-29T10:02:49,2026-09-29T08:20:07,Chaos Core,721809,28150551,39,,733652
1935,2026-09-29T10:03:13,2026-09-29T08:20:07,Chaos Core,725000,1450000,2,,733652
1936,2026-09-29T10:04:29,2026-09-29T08:20:07,Chaos Core,714564,57165120,80,,733651
1937,2026-09-29T10:04:42,2026-09-29T08:20:07,Chaos Core,721724,721724,1,,733651
1938,2026-09-29T10:07:06,2026-09-29T08:20:07,Chaos Core,721724,721724,1,,733650
1939,2026-09-29T10:07:20,2026-09-29T08:20:07,Chaos Core,721809,72180900,100,,733650
1940,2026-09-29T10:07:42,2026-09-29T08:20:07,Chaos Core,725000,725000,1,,733650
1941,2026-09-29T10:09:56,2026-09-29T08:20:07,Chaos Core,720539,28821560,40,,733651
1942,2026-09-29T10:10:16,2026-09-29T08:20:07,Chaos Core,730000,1460000,2,,733651
1943,2026-09-29T10:11:02,2026-09-29T08:20:07,Chaos Core,720539,34585872,48,,733649
1944,2026-09-29T10:11:06,2026-09-29T08:20:07,Chaos Core,720539,54760964,76,,733649
1945,2026-09-29T10:11:29,2026-09-29T08:20:07,Chaos Core,730000,1460000,2,,733649
1946,2026-09-29T10:12:45,2026-09-29T08:20:07,Chaos Core,721724,179709276,249,,733657
1947,2026-09-29T10:19:50,2026-09-29T10:13:58,Divine Stone,699999,699999,1,,714367
1948,2026-09-29T10:19:58,2026-09-29T10:13:58,Divine Stone,714800,714800,1,,714367
1949,2026-09-29T10:20:04,2026-09-29T10:13:58,Divine Stone,714800,714800,1,,714367
1950,2026-09-29T10:20:12,2026-09-29T10:13:58,Divine Stone,714800,3574000,5,,714367
1951,2026-09-29T10:20:21,2026-09-29T10:13:58,Divine Stone,714800,3574000,5,,714367
1952,2026-09-29T10:20:29,2026-09-29T10:13:58,Divine Stone,714800,714800,1,,714367
1953,2026-09-29T10:20:40,2026-09-29T10:13:58,Divine Stone,715000,2860000,4,,714367
1954,2026-09-29T10:38:02,2026-09-29T10:13:58,Force Core Set (High) X 5,167218,15049620,90,,178955
1955,2026-09-29T10:38:05,2026-09-29T10:13:58,Force Core Set (High) X 15,167218,2508270,15,,178955
1956,2026-09-29T10:38:08,2026-09-29T10:13:58,Force Core Set (High) X 30,167218,5016540,30,,178955
1957,2026-09-29T10:38:11,2026-09-29T10:13:58,Force Core Set (High) X 30,167218,5016540,30,,178955
1958,2026-09-29T10:38:14,2026-09-29T10:13:58,Force Core Set (High) X 50,167218,8360900,50,,178955
1959,2026-09-29T10:41:23,2026-09-29T10:13:58,Chaos Core,714550,15005550,21,,720720
1960,2026-09-29T10:42:12,2026-09-29T10:13:58,Chaos Core,714550,143624550,201,,720720
1961,2026-09-29T10:46:38,2026-09-29T10:13:58,Chaos Core,714550,2858200,4,,720714
1962,2026-09-29T10:46:57,2026-09-29T10:13:58,Chaos Core,717003,10038042,14,,720714
1963,2026-09-29T10:49:31,2026-09-29T10:13:58,Chaos Core,712730,36349230,51,,720719
1964,2026-09-29T10:55:18,2026-09-29T10:13:58,Force Core Set (High) X 10,167218,11705260,70,,178938
1965,2026-09-29T10:55:21,2026-09-29T10:13:58,Force Core Set (High) X 143,167218,23912174,143,,178938
1966,2026-09-29T11:07:39,2026-09-29T10:13:58,Chaos Core,720000,87840000,122,,733670
1967,2026-09-29T11:07:47,2026-09-29T10:13:58,Chaos Core,720000,68400000,95,,733670
1968,2026-09-29T11:07:55,2026-09-29T10:13:58,Chaos Core,721724,1443448,2,,733670
1969,2026-09-29T11:09:05,2026-09-29T10:13:58,Chaos Core,721809,92391552,128,,733936
1970,2026-09-29T11:09:15,2026-09-29T10:13:58,Chaos Core,721724,130632044,181,,733936
1971,2026-09-29T11:10:31,2026-09-29T10:13:58,Chaos Core,721809,179730441,249,,733933
1972,2026-09-29T11:11:31,2026-09-29T10:13:58,Chaos Core,721809,1443618,2,,733932
1973,2026-09-29T11:11:35,2026-09-29T10:13:58,Chaos Core,721809,5774472,8,,733932
1974,2026-09-29T11:11:43,2026-09-29T10:13:58,Chaos Core,721809,82286226,114,,733932
1975,2026-09-29T11:11:52,2026-09-29T10:13:58,Chaos Core,721809,70737282,98,,733932
1976,2026-09-29T11:12:51,2026-09-29T10:13:58,Chaos Core,721809,100331451,139,,733930
1977,2026-09-29T11:12:56,2026-09-29T10:13:58,Chaos Core,721809,73624518,102,,733930
1978,2026-09-29T11:13:03,2026-09-29T10:13:58,Chaos Core,728000,1456000,2,,733930
1979,2026-09-29T11:17:29,2026-09-29T10:13:58,Force Core Set (High) X 1,167218,4514886,27,,178929
1980,2026-09-29T11:17:32,2026-09-29T10:13:58,Force Core Set (High) X 5,167218,836090,5,,178929
1981,2026-09-29T11:17:35,2026-09-29T10:13:58,Force Core Set (High) X 7,167218,1170526,7,,178929
1982,2026-09-29T11:17:38,2026-09-29T10:13:58,Force Core Set (High) X 9,167218,1504962,9,,178929
1983,2026-09-29T11:17:41,2026-09-29T10:13:58,Force Core Set (High) X 143,167218,23912174,143,,178929
1984,2026-09-29T11:18:15,2026-09-29T10:13:58,Force Core Set (High) X 336,167220,56185920,336,,178929
1985,2026-09-29T11:33:41,2026-09-29T10:13:58,Chaos Core,722073,33937431,47,,733900
1986,2026-09-29T11:34:00,2026-09-29T10:13:58,Chaos Core,728000,728000,1,,733900
1987,2026-09-29T11:36:36,2026-09-29T10:13:58,Chaos Core,722073,143692527,199,,733895
1988,2026-09-29T11:36:40,2026-09-29T10:13:58,Chaos Core,722073,1444146,2,,733895
1989,2026-09-29T11:37:58,2026-09-29T10:13:58,Chaos Core,721809,33925023,47,,733917
1990,2026-09-29T11:38:21,2026-09-29T10:13:58,Chaos Core,726879,726879,1,,733917
1991,2026-09-29T11:40:46,2026-09-29T10:13:58,Chaos Core,720630,173671830,241,,733933
1992,2026-09-29T11:40:58,2026-09-29T10:13:58,Chaos Core,725634,725634,1,,733933
1993,2026-09-29T11:41:11,2026-09-29T10:13:58,Chaos Core,726879,726879,1,,733933
1994,2026-09-29T11:44:00,2026-09-29T10:13:58,Chaos Core,720000,5040000,7,,733930
1995,2026-09-29T11:44:58,2026-09-29T10:13:58,Chaos Core,721809,82286226,114,,733930
1996,2026-09-29T11:45:06,2026-09-29T10:13:58,Chaos Core,728000,1456000,2,,733930
1997,2026-09-29T11:47:46,2026-09-29T10:13:58,Chaos Core,728000,82992000,114,,733928
1998,2026-09-29T11:48:37,2026-09-29T10:13:58,Chaos Core,728000,82992000,114,,733928
1999,2026-09-29T11:51:18,2026-09-29T10:13:58,Chaos Core,728000,82264000,113,,733929
2000,2026-09-29T11:51:25,2026-09-29T10:13:58,Chaos Core,728000,142688000,196,,733929
2001,2026-09-29T11:53:05,2026-09-29T10:13:58,Chaos Core,728000,108472000,149,,733928
2002,2026-09-29T11:53:09,2026-09-29T10:13:58,Chaos Core,728000,29120000,40,,733928
2003,2026-09-29T11:54:09,2026-09-29T10:13:58,Chaos Core,728000,59696000,82,,733927
2004,2026-09-29T11:54:16,2026-09-29T10:13:58,Chaos Core,728000,84448000,116,,733927
2005,2026-09-29T11:57:22,2026-09-29T10:13:58,Chaos Core,727457,13821683,19,,733930
2006,2026-09-29T11:57:29,2026-09-29T10:13:58,Chaos Core,728000,22568000,31,,733930
2007,2026-09-29T11:57:40,2026-09-29T10:13:58,Chaos Core,728000,160888000,221,,733930
2008,2026-09-29T11:57:51,2026-09-29T10:13:58,Chaos Core,728000,1456000,2,,733930
2009,2026-09-29T11:59:33,2026-09-29T10:13:58,Chaos Core,728000,8736000,12,,733929
2010,2026-09-29T11:59:43,2026-09-29T10:13:58,Chaos Core,728000,26208000,36,,733929
2011,2026-09-29T11:59:49,2026-09-29T10:13:58,Chaos Core,728000,181272000,249,,733929
2012,2026-09-29T12:01:52,2026-09-29T10:13:58,Chaos Core,728000,50232000,69,,733928
2013,2026-09-29T12:01:58,2026-09-29T10:13:58,Chaos Core,728000,174720000,240,,733928
2014,2026-09-29T12:03:04,2026-09-29T10:13:58,Force Core Set (High) X 11,167217,1839387,11,,178893
2015,2026-09-29T12:03:07,2026-09-29T10:13:58,Force Core Set (High) X 11,167217,1839387,11,,178893
2016,2026-09-29T12:03:10,2026-09-29T10:13:58,Force Core Set (High) X 11,167217,1839387,11,,178893
2017,2026-09-29T12:03:13,2026-09-29T10:13:58,Force Core Set (High) X 71,167217,11872475,71,,178893
2018,2026-09-29T12:03:16,2026-09-29T10:13:58,Force Core Set (High) X 75,167217,12541275,75,,178893
2019,2026-09-29T12:04:28,2026-09-29T10:13:58,Chaos Core,721809,71459091,99,,733927
2020,2026-09-29T12:07:57,2026-09-29T10:13:58,Force Core Set (High) X 45,166250,7481250,45,,178888
2021,2026-09-29T12:08:00,2026-09-29T10:13:58,Force Core Set (High) X 80,166250,13300000,80,,178888
2022,2026-09-29T12:08:02,2026-09-29T10:13:58,Force Core Set (High) X 100,167217,16721700,100,,178888
2023,2026-09-29T12:10:00,2026-09-29T10:13:58,Chaos Core,728000,7280000,10,,733922
2024,2026-09-29T12:10:10,2026-09-29T10:13:58,Chaos Core,728000,64792000,89,,733922
2025,2026-09-29T12:10:22,2026-09-29T10:13:58,Chaos Core,728000,29848000,41,,733922
2026,2026-09-29T12:10:34,2026-09-29T10:13:58,Chaos Core,728000,34944000,48,,733922
2027,2026-09-29T12:10:46,2026-09-29T10:13:58,Chaos Core,728000,728000,1,,733922
2028,2026-09-29T12:26:20,2026-09-29T10:13:58,Chaos Core,723047,10122658,14,,733900
2029,2026-09-29T12:26:32,2026-09-29T10:13:58,Chaos Core,724429,2897716,4,,733900
2030,2026-09-29T12:28:46,2026-09-29T10:13:58,Chaos Core,722504,79475440,110,,733897
2031,2026-09-29T12:29:50,2026-09-29T10:13:58,Chaos Core,725000,725000,1,,733897
2032,2026-09-29T12:39:32,2026-09-29T10:13:58,Chaos Core,723679,135327973,187,,733888
2033,2026-09-29T12:39:40,2026-09-29T10:13:58,Chaos Core,724353,1448706,2,,733888
2034,2026-09-29T13:16:20,2026-09-29T10:13:58,Chaos Core,710000,16330000,23,,727998
2035,2026-09-29T13:16:28,2026-09-29T10:13:58,Chaos Core,724900,724900,1,,727998
2036,2026-09-29T13:17:06,2026-09-29T10:13:58,Chaos Core,710000,31950000,45,,727998
2037,2026-09-29T13:17:49,2026-09-29T10:13:58,Force Core Set (High) X 102,167213,17055726,102,,178813
2038,2026-09-29T13:17:52,2026-09-29T10:13:58,Force Core Set (High) X 113,167213,18895069,113,,178813
2039,2026-09-29T13:21:35,2026-09-29T10:13:58,Force Core Set (Highest) X 12,180555,2166660,12,,194435
2040,2026-09-29T13:21:38,2026-09-29T10:13:58,Force Core Set (Highest) X 21,180555,3791655,21,,194435
2041,2026-09-29T13:21:41,2026-09-29T10:13:58,Force Core Set (Highest) X 40,180555,7222222,40,,194435
2042,2026-09-29T13:22:44,2026-09-29T10:13:58,Upgrade Core Set (Ultimate) X 10,415584,83116800,200,,456358
2043,2026-09-29T13:23:19,2026-09-29T10:13:58,Upgrade Core Set (Ultimate) X 10,415584,8311680,20,,456357
2044,2026-09-29T13:26:44,2026-09-29T10:13:58,Chaos Core,700000,90300000,129,,727991
2045,2026-09-29T13:27:37,2026-09-29T10:13:58,Chaos Core,700000,67900000,97,,727990
2046,2026-09-29T13:27:50,2026-09-29T10:13:58,Chaos Core,723411,1446822,2,,727990
2047,2026-09-29T13:43:24,2026-09-29T10:13:58,Upgrade Core Set (Ultimate) X 17,415584,7064928,17,,456334
2048,2026-09-29T13:46:41,2026-09-29T10:13:58,Force Core Set (Highest) X 1,197420,21913620,111,,204927
2049,2026-09-29T13:46:44,2026-09-29T10:13:58,Force Core Set (Highest) X 31,197420,6120020,31,,204927
2050,2026-09-29T13:46:47,2026-09-29T10:13:58,Force Core Set (Highest) X 39,197420,7699380,39,,204927
2051,2026-09-29T13:46:50,2026-09-29T10:13:58,Force Core Set (Highest) X 106,197420,20926520,106,,204927
2052,2026-09-29T14:08:52,2026-09-29T10:13:58,Chaos Core,715819,50823149,71,,727921
2053,2026-09-29T14:09:07,2026-09-29T10:13:58,Chaos Core,723403,723403,1,,727921
2054,2026-09-29T14:11:01,2026-09-29T10:13:58,Force Core Set (High) X 1,167208,7858776,47,,178654
2055,2026-09-29T14:11:06,2026-09-29T10:13:58,Force Core Set (High) X 1,167208,1839288,11,,178654
2056,2026-09-29T14:11:09,2026-09-29T10:13:58,Force Core Set (High) X 62,167208,10366896,62,,178654
2057,2026-09-29T14:11:12,2026-09-29T10:13:58,Force Core Set (High) X 123,167208,20566584,123,,178654
2058,2026-09-29T14:13:09,2026-09-29T10:13:58,Chaos Core,715819,33643493,47,,727918
2059,2026-09-29T14:13:26,2026-09-29T10:13:58,Chaos Core,723999,723999,1,,727918
2060,2026-09-29T14:15:38,2026-09-29T10:13:58,Force Core Set (High) X 134,167208,22405872,134,,178649
2061,2026-09-29T14:15:42,2026-09-29T10:13:58,Force Core Set (High) X 1,167213,2006556,12,,178649
2062,2026-09-29T14:15:46,2026-09-29T10:13:58,Force Core Set (High) X 1,167213,9029502,54,,178649
2063,2026-09-29T14:16:16,2026-09-29T10:13:58,Force Core Set (High) X 57,167208,9530856,57,,178648
2064,2026-09-29T14:16:20,2026-09-29T10:13:58,Force Core Set (High) X 1,167213,23911459,143,,178648
2065,2026-09-29T14:16:48,2026-09-29T10:13:58,Force Core Set (Highest) X 10,209000,41800000,200,,220000
2066,2026-09-29T14:17:21,2026-09-29T10:13:58,Force Core Set (Highest) X 10,209000,41800000,200,,220000
2067,2026-09-29T14:17:53,2026-09-29T10:13:58,Force Core Set (Highest) X 10,209000,35530000,170,,220000
2068,2026-09-29T14:17:56,2026-09-29T10:13:58,Force Core Set (Highest) X 14,209000,2926000,14,,220000
2069,2026-09-29T14:17:59,2026-09-29T10:13:58,Force Core Set (Highest) X 49,209000,10241000,49,,220000
2070,2026-09-29T14:57:21,2026-09-29T14:50:55,Force Core Set (High) X 1,167200,167200,1,,178632
2071,2026-09-29T14:57:25,2026-09-29T14:50:55,Force Core Set (High) X 10,167200,33440000,200,,178632
2072,2026-09-29T15:28:10,2026-09-29T15:25:24,Force Core Set (High) X 8,167206,1337648,8,,178620
2073,2026-09-29T15:28:13,2026-09-29T15:25:24,Force Core Set (High) X 51,167206,8527506,51,,178620
2074,2026-09-29T15:28:16,2026-09-29T15:25:24,Force Core Set (High) X 56,167206,9363591,56,,178620
2075,2026-09-29T15:28:19,2026-09-29T15:25:24,Force Core Set (High) X 111,167206,18559866,111,,178620
2076,2026-09-29T15:28:46,2026-09-29T15:25:24,Upgrade Core Set (Ultimate) X 43,415583,17870069,43,,456264
2077,2026-09-29T15:28:49,2026-09-29T15:25:24,Upgrade Core Set (Ultimate) X 109,415583,45298547,109,,456264
2078,2026-09-29T15:30:17,2026-09-29T15:25:24,Chaos Core,702222,67413312,96,,710000
2079,2026-09-29T15:35:21,2026-09-29T15:25:24,Chaos Core,701057,165449452,236,,710000
2080,2026-09-29T15:35:27,2026-09-29T15:25:24,Chaos Core,701057,701057,1,,710000
2081,2026-09-29T15:38:57,2026-09-29T15:25:24,Upgrade Core Set (Ultimate) X 2,415583,831166,2,,456260
2082,2026-09-29T15:39:00,2026-09-29T15:25:24,Upgrade Core Set (Ultimate) X 82,415583,34077806,82,,456260
2083,2026-09-29T16:03:42,2026-09-29T15:25:24,Divine Stone,706524,3532620,5,,714542
2084,2026-09-29T16:03:51,2026-09-29T15:25:24,Divine Stone,719000,9347000,13,,714542
2085,2026-09-29T16:35:08,2026-09-29T15:25:24,Chaos Core,703377,175140873,249,,710000
2086,2026-09-29T16:36:09,2026-09-29T15:25:24,Chaos Core,703377,93549141,133,,710000
2087,2026-09-29T16:36:26,2026-09-29T15:25:24,Chaos Core,705756,1411512,2,,710000
2088,2026-09-29T16:38:10,2026-09-29T15:25:24,Chaos Core,703370,96361690,137,,710000
2089,2026-09-29T16:38:17,2026-09-29T15:25:24,Chaos Core,703370,61193190,87,,710000
2090,2026-09-29T16:38:24,2026-09-29T15:25:24,Chaos Core,703377,703377,1,,710000
2091,2026-09-29T16:40:21,2026-09-29T15:25:24,Chaos Core,703370,23914580,34,,710000
2092,2026-09-29T16:40:29,2026-09-29T15:25:24,Chaos Core,703370,20397730,29,,710000
2093,2026-09-29T17:25:28,2026-09-29T15:25:24,Divine Stone,706111,31774995,45,,714542
2094,2026-09-29T17:25:34,2026-09-29T15:25:24,Divine Stone,706111,80496654,114,,714542
2095,2026-09-29T17:26:29,2026-09-29T15:25:24,Divine Stone,706111,95324985,135,,714541
2096,2026-09-29T17:59:57,2026-09-29T15:25:24,Divine Stone,706111,5648888,8,,714542
2097,2026-09-29T18:00:04,2026-09-29T15:25:24,Divine Stone,706111,108741094,154,,714542
2098,2026-09-29T18:01:05,2026-09-29T15:25:24,Divine Stone,706111,20477219,29,,714541
2099,2026-09-29T18:01:59,2026-09-29T15:25:24,Divine Stone,719000,719000,1,,714541
2100,2026-09-29T18:07:01,2026-09-29T15:25:24,Force Core Set (High) X 2,167205,334410,2,,178455
2101,2026-09-29T18:07:04,2026-09-29T15:25:24,Force Core Set (High) X 13,167205,2173665,13,,178455
2102,2026-09-29T18:07:07,2026-09-29T15:25:24,Force Core Set (High) X 222,167205,37119510,222,,178455
2103,2026-09-29T18:07:42,2026-09-29T15:25:24,Force Core Set (High) X 1,167206,1672060,10,,178455
2104,2026-09-29T18:08:10,2026-09-29T15:25:24,Upgrade Core Set (Ultimate) X 1,415583,415583,1,,456116
2105,2026-09-29T18:08:13,2026-09-29T15:25:24,Upgrade Core Set (Ultimate) X 2,415583,831166,2,,456116
2106,2026-09-29T18:08:16,2026-09-29T15:25:24,Upgrade Core Set (Ultimate) X 4,415583,1662332,4,,456116
2107,2026-09-29T18:08:20,2026-09-29T15:25:24,Upgrade Core Set (Ultimate) X 10,415583,83116600,200,,456116
2108,2026-09-29T20:49:41,2026-09-29T20:44:26,Force Core Set (High) X 1,167195,16886695,101,,178403
2109,2026-09-29T20:52:54,2026-09-29T20:44:26,Force Core Set (High) X 10,167197,33439400,200,,178397
2110,2026-09-29T23:45:09,2026-09-29T23:42:17,Chaos Core,722101,82319514,114,,729993
2111,2026-09-29T23:45:20,2026-09-29T23:42:17,Chaos Core,722101,17330424,24,,729993
2112,2026-09-29T23:46:22,2026-09-29T23:42:17,Chaos Core,722101,74376403,103,,729993
2113,2026-09-29T23:46:35,2026-09-29T23:42:17,Chaos Core,722101,1444202,2,,729993
2114,2026-09-29T23:47:48,2026-09-29T23:42:17,Chaos Core,722101,100372039,139,,729991
2115,2026-09-29T23:48:02,2026-09-29T23:42:17,Chaos Core,722101,1444202,2,,729991
2116,2026-09-29T23:48:56,2026-09-29T23:42:17,Chaos Core,720101,179305149,249,,729990
2117,2026-09-29T23:50:55,2026-09-29T23:42:17,Chaos Core,720101,46086464,64,,729988
2118,2026-09-29T23:51:00,2026-09-29T23:42:17,Chaos Core,722101,44048161,61,,729988
2119,2026-09-29T23:51:09,2026-09-29T23:42:17,Chaos Core,722101,722101,1,,729988
2120,2026-09-29T23:51:21,2026-09-29T23:42:17,Chaos Core,722101,59934383,83,,729988
2121,2026-09-29T23:51:24,2026-09-29T23:42:17,Chaos Core,719999,719999,1,,729988
2122,2026-09-29T23:52:46,2026-09-29T23:42:17,Chaos Core,722101,179803149,249,,729987
2123,2026-09-29T23:53:44,2026-09-29T23:42:17,Upgrade Core Set (Ultimate) X 5,411347,78155930,190,,456019
2124,2026-09-29T23:53:47,2026-09-29T23:42:17,Upgrade Core Set (Ultimate) X 6,411347,2468082,6,,456019
2125,2026-09-29T23:53:50,2026-09-29T23:42:17,Upgrade Core Set (Ultimate) X 27,411347,11106369,27,,456019
2126,2026-09-29T23:55:06,2026-09-29T23:42:17,Chaos Core,719999,103679856,144,,729984
2127,2026-09-29T23:55:13,2026-09-29T23:42:17,Chaos Core,719999,3599995,5,,729984
2128,2026-09-30T00:43:13,2026-09-30T00:40:36,Chaos Core,719500,35255500,49,,729952
2129,2026-09-30T00:43:22,2026-09-30T00:40:36,Chaos Core,719500,35975000,50,,729952
2130,2026-09-30T00:43:26,2026-09-30T00:40:36,Chaos Core,719315,14386300,20,,729952
2131,2026-09-30T00:43:36,2026-09-30T00:40:36,Chaos Core,719999,30239958,42,,729952
2132,2026-09-30T00:43:48,2026-09-30T00:40:36,Chaos Core,721900,721900,1,,729952
2133,2026-09-30T00:44:42,2026-09-30T00:40:36,Chaos Core,718671,143015529,199,,729952
2134,2026-09-30T00:44:55,2026-09-30T00:40:36,Chaos Core,720101,720101,1,,729952
2135,2026-09-30T00:44:58,2026-09-30T00:40:36,Chaos Core,718044,718044,1,,729952
2136,2026-09-30T00:47:04,2026-09-30T00:40:36,Divine Stone,706110,51546030,73,,714164
2137,2026-09-30T00:47:11,2026-09-30T00:40:36,Divine Stone,706110,15534420,22,,714164
2138,2026-09-30T00:47:18,2026-09-30T00:40:36,Divine Stone,706110,14122200,20,,714164
2139,2026-09-30T00:47:26,2026-09-30T00:40:36,Divine Stone,706110,18358860,26,,714164
2140,2026-09-30T00:48:18,2026-09-30T00:40:36,Divine Stone,706110,16240530,23,,714163
2141,2026-09-30T00:48:27,2026-09-30T00:40:36,Divine Stone,706110,2824440,4,,714163
2142,2026-09-30T00:48:36,2026-09-30T00:40:36,Divine Stone,706111,52252214,74,,714163
2143,2026-09-30T00:48:47,2026-09-30T00:40:36,Divine Stone,706111,36717772,52,,714163
2144,2026-09-30T00:50:26,2026-09-30T00:40:36,Chaos Core,716939,35130011,49,,729943
2145,2026-09-30T00:50:30,2026-09-30T00:40:36,Chaos Core,716939,104673094,146,,729943
2146,2026-09-30T00:53:50,2026-09-30T00:40:36,Force Core Set (High) X 100,155555,15555555,100,,178356
2147,2026-09-30T00:53:53,2026-09-30T00:40:36,Force Core Set (High) X 194,164997,32009418,194,,178356
2148,2026-09-30T00:54:43,2026-09-30T00:40:36,Upgrade Core Set (Ultimate) X 30,415583,49869960,120,,455999
2149,2026-09-30T00:54:46,2026-09-30T00:40:36,Upgrade Core Set (Ultimate) X 85,415583,35324555,85,,455999
2150,2026-09-30T01:31:10,2026-09-30T01:28:09,Force Core Set (Highest) X 100,185555,18555555,100,,197603
2151,2026-09-30T01:41:31,2026-09-30T01:28:09,Force Core Set (Highest) X 22,185555,4082210,22,,197597
2152,2026-09-30T01:41:34,2026-09-30T01:28:09,Force Core Set (Highest) X 200,185555,37111000,200,,197597
2153,2026-09-30T01:56:22,2026-09-30T01:28:09,Chaos Core,711500,148703500,209,,729785
2154,2026-09-30T01:56:31,2026-09-30T01:28:09,Chaos Core,711500,711500,1,,729785
2155,2026-09-30T02:05:12,2026-09-30T01:28:09,Chaos Core,722101,722101,1,,729750
2156,2026-09-30T02:05:26,2026-09-30T01:28:09,Chaos Core,722353,26727061,37,,729750
2157,2026-09-30T02:05:40,2026-09-30T01:28:09,Chaos Core,723999,2895996,4,,729750
2158,2026-09-30T02:17:38,2026-09-30T01:28:09,Divine Stone,706110,48721590,69,,714117
2159,2026-09-30T02:17:44,2026-09-30T01:28:09,Divine Stone,706110,16240530,23,,714117
2160,2026-09-30T02:17:51,2026-09-30T01:28:09,Divine Stone,706110,49427700,70,,714117
2161,2026-09-30T02:46:10,2026-09-30T02:39:27,Force Core Set (High) X 100,167000,16700000,100,,178273
2162,2026-09-30T02:46:13,2026-09-30T02:39:27,Force Core Set (High) X 100,167000,16700000,100,,178273
2163,2026-09-30T02:46:44,2026-09-30T02:39:27,Force Core Set (High) X 1,167195,167195,1,,178273
2164,2026-09-30T02:46:47,2026-09-30T02:39:27,Force Core Set (High) X 12,167195,2006340,12,,178273
2165,2026-09-30T02:46:50,2026-09-30T02:39:27,Force Core Set (High) X 19,167195,3176705,19,,178273
2166,2026-09-30T02:46:53,2026-09-30T02:39:27,Force Core Set (High) X 81,167195,13542795,81,,178273
2167,2026-09-30T02:46:56,2026-09-30T02:39:27,Force Core Set (High) X 102,167195,17053890,102,,178273
2168,2026-09-30T02:47:30,2026-09-30T02:39:27,Force Core Set (High) X 1,167213,167213,1,,178271
2169,2026-09-30T03:04:49,2026-09-30T02:39:27,Force Core Set (High) X 1,167165,33433000,200,,178251
2170,2026-09-30T03:23:39,2026-09-30T02:39:27,Chaos Core,723999,723999,1,,729509
2171,2026-09-30T03:24:00,2026-09-30T02:39:27,Chaos Core,730000,730000,1,,729509
2172,2026-09-30T03:24:14,2026-09-30T02:39:27,Chaos Core,730000,11680000,16,,729509
2173,2026-09-30T03:25:39,2026-09-30T02:39:27,Chaos Core,709810,5678480,8,,729505
2174,2026-09-30T03:25:52,2026-09-30T02:39:27,Chaos Core,711603,711603,1,,729505
2175,2026-09-30T03:26:14,2026-09-30T02:39:27,Chaos Core,730000,730000,1,,729505
2176,2026-09-30T03:26:28,2026-09-30T02:39:27,Chaos Core,730000,5840000,8,,729505
2177,2026-09-30T03:34:23,2026-09-30T02:39:27,Chaos Core,720000,66960000,93,,729492
2178,2026-09-30T03:34:27,2026-09-30T02:39:27,Chaos Core,720000,172800000,240,,729492
2179,2026-09-30T03:35:37,2026-09-30T02:39:27,Chaos Core,720000,14400000,20,,729492
2180,2026-09-30T03:35:44,2026-09-30T02:39:27,Chaos Core,720000,20880000,29,,729492
2181,2026-09-30T03:35:52,2026-09-30T02:39:27,Chaos Core,720000,10080000,14,,729492
2182,2026-09-30T03:36:01,2026-09-30T02:39:27,Chaos Core,722101,143698099,199,,729492
2183,2026-09-30T03:36:11,2026-09-30T02:39:27,Chaos Core,734500,734500,1,,729492
2184,2026-09-30T03:36:22,2026-09-30T02:39:27,Chaos Core,739000,739000,1,,729492
2185,2026-09-30T03:45:13,2026-09-30T02:39:27,Chaos Core,722101,180525250,250,,729473
2186,2026-09-30T03:45:26,2026-09-30T02:39:27,Chaos Core,722101,722101,1,,729473
2187,2026-09-30T03:45:38,2026-09-30T02:39:27,Chaos Core,722101,722101,1,,729473
2188,2026-09-30T03:47:23,2026-09-30T02:39:27,Chaos Core,715270,5006890,7,,729465
2189,2026-09-30T03:47:46,2026-09-30T02:39:27,Chaos Core,720000,720000,1,,729465
2190,2026-09-30T03:47:50,2026-09-30T02:39:27,Chaos Core,715270,7152700,10,,729465
2191,2026-09-30T04:30:53,2026-09-30T02:39:27,Chaos Core,724000,180276000,249,,729408
2192,2026-09-30T07:04:25,2026-09-30T02:39:27,Force Core Set (Highest) X 1,192000,4800000,25,,197602
2193,2026-09-30T07:04:28,2026-09-30T02:39:27,Force Core Set (Highest) X 5,192000,960000,5,,197602
2194,2026-09-30T07:04:30,2026-09-30T02:39:27,Force Core Set (Highest) X 15,192000,2880000,15,,197602
2195,2026-09-30T07:04:33,2026-09-30T02:39:27,Force Core Set (Highest) X 35,192000,6720000,35,,197602
2196,2026-09-30T07:04:38,2026-09-30T02:39:27,Force Core Set (Highest) X 100,192000,38400000,200,,197602
2197,2026-09-30T07:06:02,2026-09-30T02:39:27,Divine Stone,706111,33893328,48,,714071
2198,2026-09-30T07:06:09,2026-09-30T02:39:27,Divine Stone,706111,25419996,36,,714071
2199,2026-09-30T07:06:16,2026-09-30T02:39:27,Divine Stone,706111,18358886,26,,714071
2200,2026-09-30T07:06:24,2026-09-30T02:39:27,Divine Stone,706111,21889441,31,,714071
2201,2026-09-30T07:07:22,2026-09-30T02:39:27,Divine Stone,706111,44484993,63,,714070
2202,2026-09-30T07:07:31,2026-09-30T02:39:27,Divine Stone,706111,72023322,102,,714070
2203,2026-09-30T07:08:28,2026-09-30T02:39:27,Chaos Core,717794,163657032,228,,729176
2204,2026-09-30T07:09:30,2026-09-30T02:39:27,Chaos Core,717794,129920714,181,,729174
2205,2026-09-30T07:09:35,2026-09-30T02:39:27,Chaos Core,717794,1435588,2,,729174
2206,2026-09-30T07:10:32,2026-09-30T02:39:27,Chaos Core,717794,33018524,46,,729171
2207,2026-09-30T07:10:41,2026-09-30T02:39:27,Chaos Core,717794,53834550,75,,729171
2208,2026-09-30T07:10:51,2026-09-30T02:39:27,Chaos Core,717794,6460146,9,,729171
2209,2026-09-30T07:10:59,2026-09-30T02:39:27,Chaos Core,718888,718888,1,,729171
2210,2026-09-30T07:11:12,2026-09-30T02:39:27,Chaos Core,718888,45289944,63,,729171
2211,2026-09-30T07:11:23,2026-09-30T02:39:27,Chaos Core,720421,720421,1,,729171
2212,2026-09-30T07:12:25,2026-09-30T02:39:27,Chaos Core,720421,9365473,13,,729170
2213,2026-09-30T07:12:39,2026-09-30T02:39:27,Chaos Core,720421,70601258,98,,729170
2214,2026-09-30T07:12:43,2026-09-30T02:39:27,Chaos Core,715360,20745440,29,,729170
2215,2026-09-30T07:13:41,2026-09-30T02:39:27,Chaos Core,715360,99435040,139,,729170
2216,2026-09-30T07:14:48,2026-09-30T02:39:27,Chaos Core,715360,2146080,3,,729161
2217,2026-09-30T07:15:00,2026-09-30T02:39:27,Chaos Core,718888,718888,1,,729161
2218,2026-09-30T07:15:13,2026-09-30T02:39:27,Chaos Core,720421,720421,1,,729161
2219,2026-09-30T07:15:27,2026-09-30T02:39:27,Chaos Core,720421,72762521,101,,729161
2220,2026-09-30T07:16:25,2026-09-30T02:39:27,Chaos Core,715360,94427520,132,,729161
2221,2026-09-30T07:16:31,2026-09-30T02:39:27,Chaos Core,715360,1430720,2,,729161
2222,2026-09-30T07:21:56,2026-09-30T02:39:27,Force Core Set (Highest) X 36,192000,6912000,36,,197578
2223,2026-09-30T07:21:59,2026-09-30T02:39:27,Force Core Set (Highest) X 82,192000,15744000,82,,197578
2224,2026-09-30T07:23:26,2026-09-30T02:39:27,Chaos Core,720421,2881684,4,,729145
2225,2026-09-30T07:23:55,2026-09-30T02:39:27,Chaos Core,722101,180525250,250,,729145
2226,2026-09-30T07:24:08,2026-09-30T02:39:27,Chaos Core,720421,720421,1,,729145
2227,2026-09-30T07:25:43,2026-09-30T02:39:27,Chaos Core,722101,48380767,67,,729144
2228,2026-09-30T07:25:57,2026-09-30T02:39:27,Chaos Core,722101,55601777,77,,729144
2229,2026-09-30T07:26:11,2026-09-30T02:39:27,Chaos Core,722101,83041615,115,,729144
2230,2026-09-30T07:26:24,2026-09-30T02:39:27,Chaos Core,725931,1451862,2,,729144
2231,2026-09-30T07:47:24,2026-09-30T02:39:27,Chaos Core,723829,5066803,7,,729112
2232,2026-09-30T07:47:38,2026-09-30T02:39:27,Chaos Core,728872,728872,1,,729112
2233,2026-09-30T07:47:55,2026-09-30T02:39:27,Chaos Core,730691,730691,1,,729112
2234,2026-09-30T07:48:08,2026-09-30T02:39:27,Chaos Core,733000,2199000,3,,729112
2235,2026-09-30T07:48:12,2026-09-30T02:39:27,Chaos Core,723829,4342974,6,,729112
2236,2026-09-30T07:53:15,2026-09-30T02:39:27,Chaos Core,722594,2167782,3,,729107
2237,2026-09-30T07:53:27,2026-09-30T02:39:27,Chaos Core,722594,80207934,111,,729107
2238,2026-09-30T07:53:31,2026-09-30T02:39:27,Chaos Core,722594,73704588,102,,729107
2239,2026-09-30T07:54:44,2026-09-30T02:39:27,Chaos Core,722594,722594,1,,729106
2240,2026-09-30T07:54:58,2026-09-30T02:39:27,Chaos Core,722594,82375716,114,,729106
2241,2026-09-30T07:55:22,2026-09-30T02:39:27,Chaos Core,722594,1445188,2,,729106
2242,2026-09-30T07:59:45,2026-09-30T02:39:27,Chaos Core,721470,9379110,13,,729102
2243,2026-09-30T08:00:05,2026-09-30T02:39:27,Chaos Core,730000,3650000,5,,729102
2244,2026-09-30T08:04:17,2026-09-30T02:39:27,Chaos Core,722101,58490181,81,,729099
2245,2026-09-30T08:07:36,2026-09-30T02:39:27,Chaos Core,720885,28114515,39,,729094
2246,2026-09-30T08:09:06,2026-09-30T02:39:27,Chaos Core,720250,2881000,4,,729093
2247,2026-09-30T08:09:23,2026-09-30T02:39:27,Chaos Core,730000,10220000,14,,729093
2248,2026-09-30T08:12:32,2026-09-30T02:39:27,Chaos Core,719571,26624127,37,,729091
2249,2026-09-30T08:12:51,2026-09-30T02:39:27,Chaos Core,730000,1460000,2,,729091
2250,2026-09-30T08:15:10,2026-09-30T02:39:27,Chaos Core,719571,2158713,3,,729084
2251,2026-09-30T08:15:28,2026-09-30T02:39:27,Chaos Core,733000,6597000,9,,729084
2252,2026-09-30T08:15:39,2026-09-30T02:39:27,Chaos Core,730000,4380000,6,,729084
2253,2026-09-30T08:38:49,2026-09-30T02:39:27,Chaos Core,722101,127811877,177,,729035
2254,2026-09-30T10:13:50,2026-09-30T10:08:54,Chaos Core,722101,124201372,172,,729091
2255,2026-09-30T10:13:55,2026-09-30T10:08:54,Chaos Core,722101,1444202,2,,729091
2256,2026-09-30T10:14:49,2026-09-30T10:08:54,Chaos Core,720000,144000000,200,,729090
2257,2026-09-30T10:14:54,2026-09-30T10:08:54,Chaos Core,722101,722101,1,,729090
2258,2026-09-30T10:16:01,2026-09-30T10:08:54,Chaos Core,722101,95317332,132,,729089
2259,2026-09-30T10:16:09,2026-09-30T10:08:54,Chaos Core,722101,26717737,37,,729089
2260,2026-09-30T10:16:17,2026-09-30T10:08:54,Chaos Core,728792,728792,1,,729089
2261,2026-09-30T10:16:29,2026-09-30T10:08:54,Chaos Core,730000,730000,1,,729089
2262,2026-09-30T10:18:39,2026-09-30T10:08:54,Chaos Core,717536,141354592,197,,729086
2263,2026-09-30T10:18:42,2026-09-30T10:08:54,Chaos Core,717536,717536,1,,729086
2264,2026-09-30T10:19:36,2026-09-30T10:08:54,Chaos Core,717536,12915648,18,,729086
2265,2026-09-30T10:19:40,2026-09-30T10:08:54,Chaos Core,717536,68165920,95,,729086
2266,2026-09-30T10:19:46,2026-09-30T10:08:54,Chaos Core,717536,15068256,21,,729086
2267,2026-09-30T10:19:54,2026-09-30T10:08:54,Chaos Core,717536,102607648,143,,729086
2268,2026-09-30T10:20:13,2026-09-30T10:08:54,Chaos Core,722101,722101,1,,729086
2269,2026-09-30T10:20:25,2026-09-30T10:08:54,Chaos Core,722101,722101,1,,729086
2270,2026-09-30T10:22:25,2026-09-30T10:08:54,Chaos Core,717536,61708096,86,,729101
2271,2026-09-30T10:22:48,2026-09-30T10:08:54,Chaos Core,728792,728792,1,,729101
2272,2026-09-30T10:26:07,2026-09-30T10:08:54,Force Core Set (High) X 273,166001,45318273,273,,174972
2273,2026-09-30T10:27:00,2026-09-30T10:08:54,Force Core Set (High) X 279,166001,46314279,279,,174969
2274,2026-09-30T10:39:17,2026-09-30T10:08:54,Chaos Core,739999,184259751,249,,748000
2275,2026-09-30T10:40:17,2026-09-30T10:08:54,Chaos Core,739999,8139989,11,,747999
2276,2026-09-30T10:40:25,2026-09-30T10:08:54,Chaos Core,739999,12579983,17,,747999
2277,2026-09-30T10:40:33,2026-09-30T10:08:54,Chaos Core,739999,184259751,249,,747999
2278,2026-09-30T10:40:42,2026-09-30T10:08:54,Chaos Core,739999,1479998,2,,747999
2279,2026-09-30T10:41:49,2026-09-30T10:08:54,Chaos Core,739999,11839984,16,,747999
2280,2026-09-30T10:41:59,2026-09-30T10:08:54,Chaos Core,739999,102119862,138,,747999
2281,2026-09-30T10:42:03,2026-09-30T10:08:54,Chaos Core,739999,33299955,45,,747999
2282,2026-09-30T10:42:15,2026-09-30T10:08:54,Chaos Core,740000,1480000,2,,747999
2283,2026-09-30T10:44:34,2026-09-30T10:08:54,Chaos Core,740000,111740000,151,,747998
2284,2026-09-30T10:44:43,2026-09-30T10:08:54,Chaos Core,740000,119140000,161,,747998
2285,2026-09-30T10:47:36,2026-09-30T10:08:54,Divine Stone,700000,31500000,45,,712712
2286,2026-09-30T10:47:43,2026-09-30T10:08:54,Divine Stone,700000,77700000,111,,712712
2287,2026-09-30T10:48:38,2026-09-30T10:08:54,Divine Stone,700000,96600000,138,,712711
2288,2026-09-30T10:49:28,2026-09-30T10:08:54,Divine Stone,700000,94500000,135,,712711
2289,2026-09-30T10:50:17,2026-09-30T10:08:54,Divine Stone,700000,6300000,9,,712709
2290,2026-09-30T10:50:25,2026-09-30T10:08:54,Divine Stone,700000,43400000,62,,712709
2291,2026-09-30T10:50:38,2026-09-30T10:08:54,Divine Stone,715000,715000,1,,712709
2292,2026-09-30T10:53:20,2026-09-30T10:08:54,Chaos Core,739999,147259801,199,,748000
2293,2026-09-30T10:53:26,2026-09-30T10:08:54,Chaos Core,739999,1479998,2,,748000
2294,2026-09-30T10:54:33,2026-09-30T10:08:54,Chaos Core,739999,22199970,30,,747999
2295,2026-09-30T10:54:40,2026-09-30T10:08:54,Chaos Core,739999,1479998,2,,747999
2296,2026-09-30T10:54:49,2026-09-30T10:08:54,Chaos Core,740000,56980000,77,,747999
2297,2026-09-30T10:54:59,2026-09-30T10:08:54,Chaos Core,740000,16280000,22,,747999
2298,2026-09-30T10:55:10,2026-09-30T10:08:54,Chaos Core,740000,133940000,181,,747999
2299,2026-09-30T10:56:25,2026-09-30T10:08:54,Chaos Core,739999,167239774,226,,747998
2300,2026-09-30T10:56:32,2026-09-30T10:08:54,Chaos Core,739999,1479998,2,,747998
2301,2026-09-30T10:58:53,2026-09-30T10:08:54,Upgrade Core Set (Ultimate) X 4,415583,1662332,4,,429999
2302,2026-09-30T10:58:56,2026-09-30T10:08:54,Upgrade Core Set (Ultimate) X 10,415583,4155830,10,,429999
2303,2026-09-30T11:01:07,2026-09-30T10:08:54,Chaos Core,739999,106559856,144,,750000
2304,2026-09-30T11:01:14,2026-09-30T10:08:54,Chaos Core,739999,78439894,106,,750000
2305,2026-09-30T11:01:21,2026-09-30T10:08:54,Chaos Core,739999,1479998,2,,750000
2306,2026-09-30T11:02:33,2026-09-30T10:08:54,Chaos Core,739999,13319982,18,,749999
2307,2026-09-30T11:02:41,2026-09-30T10:08:54,Chaos Core,739999,184259751,249,,749999
2308,2026-09-30T11:03:52,2026-09-30T10:08:54,Chaos Core,739999,9619987,13,,749999
2309,2026-09-30T11:04:00,2026-09-30T10:08:54,Chaos Core,739999,22199970,30,,749999
2310,2026-09-30T11:04:09,2026-09-30T10:08:54,Chaos Core,739999,68079908,92,,749999
2311,2026-09-30T11:04:19,2026-09-30T10:08:54,Chaos Core,740000,50320000,68,,749999
2312,2026-09-30T11:04:22,2026-09-30T10:08:54,Chaos Core,739990,739990,1,,749999
2313,2026-09-30T11:06:55,2026-09-30T10:08:54,Upgrade Core Set (Ultimate) X 4,415583,1662332,4,,429996
2314,2026-09-30T11:06:58,2026-09-30T10:08:54,Upgrade Core Set (Ultimate) X 34,415583,14129822,34,,429996
2315,2026-09-30T11:07:01,2026-09-30T10:08:54,Upgrade Core Set (Ultimate) X 54,415583,22441482,54,,429996
2316,2026-09-30T11:09:17,2026-09-30T10:08:54,Chaos Core,739999,180559756,244,,750000
2317,2026-09-30T11:09:24,2026-09-30T10:08:54,Chaos Core,740000,1480000,2,,750000
2318,2026-09-30T11:10:30,2026-09-30T10:08:54,Chaos Core,740000,60680000,82,,749999
2319,2026-09-30T11:10:38,2026-09-30T10:08:54,Chaos Core,740000,172420000,233,,749999
2320,2026-09-30T11:11:53,2026-09-30T10:08:54,Chaos Core,722101,12997818,18,,749999
2321,2026-09-30T11:12:01,2026-09-30T10:08:54,Chaos Core,740000,20720000,28,,749999
2322,2026-09-30T11:12:10,2026-09-30T10:08:54,Chaos Core,740000,11840000,16,,749999
2323,2026-09-30T11:12:20,2026-09-30T10:08:54,Chaos Core,740000,61420000,83,,749999
2324,2026-09-30T11:13:19,2026-09-30T10:08:54,Chaos Core,740000,1480000,2,,749999
2325,2026-09-30T11:14:21,2026-09-30T10:08:54,Chaos Core,740000,79920000,108,,749997
2326,2026-09-30T11:14:39,2026-09-30T10:08:54,Chaos Core,740000,21460000,29,,749997
2327,2026-09-30T11:14:44,2026-09-30T10:08:54,Chaos Core,739999,131719822,178,,749997
2328,2026-09-30T11:15:51,2026-09-30T10:08:54,Force Core Set (High) X 1,166088,14117480,85,,174941
2329,2026-09-30T11:15:54,2026-09-30T10:08:54,Force Core Set (High) X 4,166088,664352,4,,174941
2330,2026-09-30T11:15:57,2026-09-30T10:08:54,Force Core Set (High) X 13,166088,2159144,13,,174941
2331,2026-09-30T11:16:00,2026-09-30T10:08:54,Force Core Set (High) X 30,166088,4982640,30,,174941
2332,2026-09-30T11:16:03,2026-09-30T10:08:54,Force Core Set (High) X 46,166088,7640048,46,,174941
2333,2026-09-30T11:18:06,2026-09-30T10:08:54,Chaos Core,740000,45140000,61,,749996
2334,2026-09-30T11:18:11,2026-09-30T10:08:54,Chaos Core,740000,184260000,249,,749996
2335,2026-09-30T11:19:02,2026-09-30T10:08:54,Chaos Core,740000,1480000,2,,749996
2336,2026-09-30T11:20:20,2026-09-30T10:08:54,Force Core Set (High) X 11,166088,1826968,11,,174939
2337,2026-09-30T11:20:23,2026-09-30T10:08:54,Force Core Set (High) X 66,166088,10961808,66,,174939
2338,2026-09-30T11:20:26,2026-09-30T10:08:54,Force Core Set (High) X 73,166088,12124424,73,,174939
2339,2026-09-30T11:20:29,2026-09-30T10:08:54,Force Core Set (High) X 78,166088,12954864,78,,174939
2340,2026-09-30T11:32:32,2026-09-30T10:08:54,Force Core Set (Highest) X 10,192000,19200000,100,,197444
2341,2026-09-30T11:34:26,2026-09-30T10:08:54,Chaos Core,737556,44990916,61,,749976
2342,2026-09-30T11:34:39,2026-09-30T10:08:54,Chaos Core,738782,738782,1,,749976
2343,2026-09-30T11:34:53,2026-09-30T10:08:54,Chaos Core,738783,184695750,250,,749976
2344,2026-09-30T11:42:52,2026-09-30T10:08:54,Chaos Core,738783,25118622,34,,749966
2345,2026-09-30T11:43:00,2026-09-30T10:08:54,Chaos Core,738783,21424707,29,,749966
2346,2026-09-30T11:43:09,2026-09-30T10:08:54,Chaos Core,738783,24379839,33,,749966
2347,2026-09-30T11:43:19,2026-09-30T10:08:54,Chaos Core,738784,135197472,183,,749966
2348,2026-09-30T11:48:08,2026-09-30T10:08:54,Chaos Core,740000,105820000,143,,749962
2349,2026-09-30T11:48:13,2026-09-30T10:08:54,Chaos Core,740000,90280000,122,,749962
2350,2026-09-30T11:48:21,2026-09-30T10:08:54,Chaos Core,740000,1480000,2,,749962
2351,2026-09-30T11:50:44,2026-09-30T10:08:54,Chaos Core,740000,136160000,184,,749961
2352,2026-09-30T11:50:48,2026-09-30T10:08:54,Chaos Core,740000,1480000,2,,749961
2353,2026-09-30T11:52:06,2026-09-30T10:08:54,Divine Stone,706100,108033300,153,,712712
2354,2026-09-30T11:53:07,2026-09-30T10:08:54,Divine Stone,706100,105208900,149,,712711
2355,2026-09-30T11:53:13,2026-09-30T10:08:54,Divine Stone,706100,9179300,13,,712711
2356,2026-09-30T11:54:15,2026-09-30T10:08:54,Divine Stone,706100,58606300,83,,712710
2357,2026-09-30T11:54:22,2026-09-30T10:08:54,Divine Stone,706100,23301300,33,,712710
2358,2026-09-30T11:54:30,2026-09-30T10:08:54,Divine Stone,706100,19770800,28,,712710
2359,2026-09-30T11:56:02,2026-09-30T10:08:54,Chaos Core,740000,22940000,31,,760000
2360,2026-09-30T11:56:06,2026-09-30T10:08:54,Chaos Core,739390,184108110,249,,760000
2361,2026-09-30T11:56:15,2026-09-30T10:08:54,Chaos Core,740000,1480000,2,,760000
2362,2026-09-30T11:58:55,2026-09-30T10:08:54,Chaos Core,739494,739494,1,,751436
2363,2026-09-30T11:59:05,2026-09-30T10:08:54,Chaos Core,740000,12580000,17,,751436
2364,2026-09-30T12:00:24,2026-09-30T10:08:54,Divine Stone,706100,8473200,12,,712708
2365,2026-09-30T12:00:33,2026-09-30T10:08:54,Divine Stone,706100,76964900,109,,712708
2366,2026-09-30T12:00:43,2026-09-30T10:08:54,Divine Stone,706100,14122000,20,,712708
2367,2026-09-30T12:09:45,2026-09-30T10:08:54,Force Core Set (High) X 87,166088,14449656,87,,174899
2368,2026-09-30T12:09:48,2026-09-30T10:08:54,Force Core Set (High) X 88,166088,14615744,88,,174899
2369,2026-09-30T12:09:51,2026-09-30T10:08:54,Force Core Set (High) X 110,166088,18269680,110,,174899
2370,2026-09-30T12:26:44,2026-09-30T10:08:54,Upgrade Core Set (Ultimate) X 1,413700,7032900,17,,429933
2371,2026-09-30T12:26:47,2026-09-30T10:08:54,Upgrade Core Set (Ultimate) X 1,413700,413700,1,,429933
2372,2026-09-30T12:26:50,2026-09-30T10:08:54,Upgrade Core Set (Ultimate) X 15,413700,6205500,15,,429933
2373,2026-09-30T12:26:54,2026-09-30T10:08:54,Upgrade Core Set (Ultimate) X 20,413700,24822000,60,,429933
2374,2026-09-30T12:26:57,2026-09-30T10:08:54,Upgrade Core Set (Ultimate) X 37,413700,15306900,37,,429933
2375,2026-09-30T12:39:01,2026-09-30T12:31:54,Divine Stone,706100,4942700,7,,712673
2376,2026-09-30T12:39:07,2026-09-30T12:31:54,Divine Stone,706100,109445500,155,,712673
2377,2026-09-30T12:47:31,2026-09-30T12:44:30,Chaos Core,720000,141840000,197,,734449
2378,2026-09-30T12:47:34,2026-09-30T12:44:30,Chaos Core,720000,720000,1,,734449
2379,2026-09-30T12:49:34,2026-09-30T12:44:30,Chaos Core,720000,48240000,67,,734446
2380,2026-09-30T12:49:51,2026-09-30T12:44:30,Chaos Core,735000,1470000,2,,734446
2381,2026-09-30T12:52:43,2026-09-30T12:44:30,Upgrade Core Set (Ultimate) X 62,413700,25649400,62,,429917
2382,2026-09-30T13:09:48,2026-09-30T12:44:30,Upgrade Core Set (Ultimate) X 65,415583,27012895,65,,429903
2383,2026-09-30T13:19:47,2026-09-30T12:44:30,Chaos Core,722101,28161939,39,,734449
2384,2026-09-30T13:29:24,2026-09-30T12:44:30,Chaos Core,729088,40099840,55,,734445
2385,2026-09-30T13:29:38,2026-09-30T12:44:30,Chaos Core,730842,1461684,2,,734445
2386,2026-09-30T13:32:42,2026-09-30T12:44:30,Upgrade Core Set (Ultimate) X 4,400000,1600000,4,,429880
2387,2026-09-30T13:44:15,2026-09-30T12:44:30,Upgrade Core Set (Ultimate) X 57,381853,21765666,57,,429868
2388,2026-09-30T13:52:44,2026-09-30T12:44:30,Chaos Core,744712,57342824,77,,789999
2389,2026-09-30T15:59:40,2026-09-30T15:57:14,Chaos Core,729202,27709676,38,,779975
2390,2026-09-30T15:59:48,2026-09-30T15:57:14,Chaos Core,729872,32114368,44,,779975
2391,2026-09-30T15:59:57,2026-09-30T15:57:14,Chaos Core,730494,16801362,23,,779975
2392,2026-09-30T16:00:08,2026-09-30T15:57:14,Chaos Core,731180,2924720,4,,779975
2393,2026-09-30T16:00:21,2026-09-30T15:57:14,Chaos Core,731180,16085960,22,,779975
2394,2026-09-30T16:00:34,2026-09-30T15:57:14,Chaos Core,731180,2924720,4,,779975
2395,2026-09-30T16:00:38,2026-09-30T15:57:14,Chaos Core,728573,135514578,186,,779975
2396,2026-09-30T16:01:47,2026-09-30T15:57:14,Chaos Core,728573,2914292,4,,779970
2397,2026-09-30T16:02:00,2026-09-30T15:57:14,Chaos Core,731180,731180,1,,779970
2398,2026-09-30T16:02:14,2026-09-30T15:57:14,Chaos Core,732000,46116000,63,,779970
2399,2026-09-30T16:02:28,2026-09-30T15:57:14,Chaos Core,732000,153720000,210,,779970
2400,2026-09-30T16:02:41,2026-09-30T15:57:14,Chaos Core,734671,734671,1,,779970
2401,2026-09-30T16:03:52,2026-09-30T15:57:14,Chaos Core,734740,734740,1,,779968
2402,2026-09-30T16:04:06,2026-09-30T15:57:14,Chaos Core,735565,4413390,6,,779968
2403,2026-09-30T16:04:19,2026-09-30T15:57:14,Chaos Core,737965,737965,1,,779968
2404,2026-09-30T16:04:31,2026-09-30T15:57:14,Chaos Core,738491,738491,1,,779968
2405,2026-09-30T16:04:44,2026-09-30T15:57:14,Chaos Core,739156,739156,1,,779968
2406,2026-09-30T16:04:48,2026-09-30T15:57:14,Chaos Core,728573,129685994,178,,779968
2407,2026-09-30T16:05:01,2026-09-30T15:57:14,Chaos Core,731180,731180,1,,779968
2408,2026-09-30T16:05:58,2026-09-30T15:57:14,Chaos Core,728573,8742876,12,,779968
2409,2026-09-30T16:06:21,2026-09-30T15:57:14,Force Core Set (High) X 3,156410,469230,3,,174733
2410,2026-09-30T16:06:24,2026-09-30T15:57:14,Force Core Set (High) X 4,156410,625640,4,,174733
2411,2026-09-30T16:06:27,2026-09-30T15:57:14,Force Core Set (High) X 14,156410,2189740,14,,174733
2412,2026-09-30T16:06:30,2026-09-30T15:57:14,Force Core Set (High) X 17,156410,2658970,17,,174733
2413,2026-09-30T16:06:33,2026-09-30T15:57:14,Force Core Set (High) X 70,156410,10948700,70,,174733
2414,2026-09-30T16:07:04,2026-09-30T15:57:14,Force Core Set (High) X 87,156410,13607670,87,,174731
2415,2026-09-30T16:07:07,2026-09-30T15:57:14,Force Core Set (High) X 131,156410,20489710,131,,174731
2416,2026-09-30T16:07:37,2026-09-30T15:57:14,Force Core Set (High) X 42,156410,6569220,42,,174731
2417,2026-09-30T16:07:40,2026-09-30T15:57:14,Force Core Set (High) X 185,156410,28935850,185,,174731
2418,2026-09-30T16:09:32,2026-09-30T15:57:14,Chaos Core,726045,10164630,14,,779959
2419,2026-09-30T16:09:45,2026-09-30T15:57:14,Chaos Core,731180,731180,1,,779959
2420,2026-09-30T16:10:00,2026-09-30T15:57:14,Chaos Core,726045,2178135,3,,779959
2421,2026-09-30T16:10:42,2026-09-30T15:57:14,Chaos Core,726045,94385850,130,,779959
2422,2026-09-30T16:10:49,2026-09-30T15:57:14,Chaos Core,726045,138674595,191,,779959
2423,2026-09-30T16:12:28,2026-09-30T15:57:14,Chaos Core,726045,39932475,55,,779950
2424,2026-09-30T16:12:39,2026-09-30T15:57:14,Chaos Core,730494,730494,1,,779950
2425,2026-09-30T16:46:26,2026-09-30T15:57:14,Force Core Set (Highest) X 5,192727,38545400,200,,210000
2426,2026-09-30T16:46:58,2026-09-30T15:57:14,Force Core Set (Highest) X 5,192727,19272700,100,,210000
2427,2026-09-30T16:47:01,2026-09-30T15:57:14,Force Core Set (Highest) X 25,192727,4818175,25,,210000
2428,2026-09-30T16:47:05,2026-09-30T15:57:14,Force Core Set (Highest) X 29,192727,5589083,29,,210000
2429,2026-09-30T16:47:08,2026-09-30T15:57:14,Force Core Set (Highest) X 57,192727,10985439,57,,210000
2430,2026-09-30T16:47:39,2026-09-30T15:57:14,Force Core Set (Highest) X 84,192727,16189068,84,,209998
2431,2026-09-30T16:47:42,2026-09-30T15:57:14,Force Core Set (Highest) X 92,192727,17730884,92,,209998
2432,2026-09-30T16:47:45,2026-09-30T15:57:14,Force Core Set (Highest) X 95,192727,18309065,95,,209998
2433,2026-09-30T16:55:52,2026-09-30T15:57:14,Chaos Core,736994,80332346,109,,774878
2434,2026-09-30T16:56:01,2026-09-30T15:57:14,Chaos Core,736994,156242728,212,,774878
2435,2026-09-30T16:57:49,2026-09-30T15:57:14,Chaos Core,719417,179134833,249,,774874
2436,2026-09-30T17:05:12,2026-09-30T15:57:14,Upgrade Core Set (Ultimate) X 70,420380,29426666,70,,429994
2437,2026-09-30T17:05:44,2026-09-30T15:57:14,Upgrade Core Set (Ultimate) X 158,420380,66420040,158,,429993
2438,2026-09-30T17:14:36,2026-09-30T15:57:14,Upgrade Core Set (Ultimate) X 102,420380,42878760,102,,429987
2439,2026-09-30T17:43:43,2026-09-30T15:57:14,Force Core Set (High) X 1,164164,656656,4,,169974
2440,2026-09-30T17:43:46,2026-09-30T15:57:14,Force Core Set (High) X 11,164164,1805804,11,,169974
2441,2026-09-30T17:43:49,2026-09-30T15:57:14,Force Core Set (High) X 24,164164,3939936,24,,169974
2442,2026-09-30T17:43:52,2026-09-30T15:57:14,Force Core Set (High) X 27,164164,4432428,27,,169974
2443,2026-09-30T17:43:55,2026-09-30T15:57:14,Force Core Set (High) X 78,164164,12804792,78,,169974
2444,2026-09-30T17:58:10,2026-09-30T15:57:14,Divine Stone,705775,103748925,147,,712609
2445,2026-09-30T17:58:59,2026-09-30T15:57:14,Divine Stone,705775,16938600,24,,712608
2446,2026-09-30T17:59:05,2026-09-30T15:57:14,Divine Stone,705775,71989050,102,,712608
2447,2026-09-30T17:59:13,2026-09-30T15:57:14,Divine Stone,705775,27525225,39,,712608
2448,2026-09-30T19:14:49,2026-09-30T19:12:10,Divine Stone,705775,111512450,158,,712609
2449,2026-09-30T19:14:53,2026-09-30T19:12:10,Divine Stone,705775,4940425,7,,712609
2450,2026-09-30T19:18:58,2026-09-30T19:12:10,Divine Stone,705775,97396950,138,,712608
2451,2026-09-30T19:19:53,2026-09-30T19:12:10,Divine Stone,705775,58579325,83,,712608
2452,2026-09-30T19:20:00,2026-09-30T19:12:10,Divine Stone,705775,15527050,22,,712608
2453,2026-09-30T19:20:07,2026-09-30T19:12:10,Divine Stone,705775,40229175,57,,712608
2454,2026-09-30T19:22:13,2026-09-30T19:12:10,Chaos Core,711810,86840820,122,,749966
2455,2026-09-30T19:23:18,2026-09-30T19:12:10,Chaos Core,713800,713800,1,,749966
2456,2026-09-30T19:23:30,2026-09-30T19:12:10,Chaos Core,713800,713800,1,,749966
2457,2026-09-30T19:23:44,2026-09-30T19:12:10,Chaos Core,715000,138710000,194,,749966
2458,2026-09-30T19:25:34,2026-09-30T19:12:10,Chaos Core,715000,37180000,52,,749967
2459,2026-09-30T19:25:47,2026-09-30T19:12:10,Chaos Core,719203,34521744,48,,749967
2460,2026-09-30T19:26:00,2026-09-30T19:12:10,Chaos Core,722900,72290000,100,,749967
2461,2026-09-30T19:26:12,2026-09-30T19:12:10,Chaos Core,722942,722942,1,,749967
2462,2026-09-30T19:29:17,2026-09-30T19:12:10,Chaos Core,722942,24580028,34,,749959
2463,2026-09-30T19:29:31,2026-09-30T19:12:10,Chaos Core,722942,180735500,250,,749959
2464,2026-09-30T19:29:44,2026-09-30T19:12:10,Chaos Core,729441,729441,1,,749959
2465,2026-09-30T19:31:03,2026-09-30T19:12:10,Chaos Core,729441,69296895,95,,749957
2466,2026-09-30T19:31:25,2026-09-30T19:12:10,Chaos Core,730000,41610000,57,,749957
2467,2026-09-30T19:32:30,2026-09-30T19:12:10,Chaos Core,737647,737647,1,,749957
2468,2026-09-30T19:35:06,2026-09-30T19:12:10,Chaos Core,710000,710000,1,,749956
2469,2026-09-30T19:39:54,2026-09-30T19:12:10,Force Core Set (High) X 10,164094,1640940,10,,169868
2470,2026-09-30T19:39:58,2026-09-30T19:12:10,Force Core Set (High) X 10,164094,3281880,20,,169868
2471,2026-09-30T19:40:01,2026-09-30T19:12:10,Force Core Set (High) X 23,164094,3774162,23,,169868
2472,2026-09-30T19:40:04,2026-09-30T19:12:10,Force Core Set (High) X 53,164094,8696982,53,,169868
2473,2026-09-30T19:40:07,2026-09-30T19:12:10,Force Core Set (High) X 61,164094,10009734,61,,169868
2474,2026-09-30T20:13:52,2026-09-30T19:12:10,Chaos Core,742735,110667515,149,,759930
2475,2026-09-30T20:14:00,2026-09-30T19:12:10,Chaos Core,742735,742735,1,,759930
2476,2026-09-30T20:17:52,2026-09-30T19:12:10,Chaos Core,738795,113774430,154,,759930
2477,2026-09-30T20:17:59,2026-09-30T19:12:10,Chaos Core,738795,1477590,2,,759930
2478,2026-09-30T20:33:00,2026-09-30T19:12:10,Chaos Core,733475,3667375,5,,759910
2479,2026-09-30T20:33:06,2026-09-30T19:12:10,Chaos Core,733475,182635275,249,,759910
2480,2026-09-30T20:33:15,2026-09-30T19:12:10,Chaos Core,735299,735299,1,,759910
2481,2026-09-30T20:41:27,2026-09-30T19:12:10,Chaos Core,733475,68946650,94,,759903
2482,2026-09-30T20:41:40,2026-09-30T19:12:10,Chaos Core,738795,738795,1,,759903
2483,2026-09-30T20:41:54,2026-09-30T19:12:10,Chaos Core,738795,164751285,223,,759903
2484,2026-09-30T20:43:17,2026-09-30T19:12:10,Chaos Core,742735,742735,1,,759902
2485,2026-09-30T20:43:36,2026-09-30T19:12:10,Chaos Core,742735,742735,1,,759902
2486,2026-09-30T20:45:13,2026-09-30T19:12:10,Chaos Core,730610,177538230,243,,759902
2487,2026-09-30T20:48:48,2026-09-30T19:12:10,Chaos Core,739361,104989262,142,,759898
2488,2026-09-30T20:48:57,2026-09-30T19:12:10,Chaos Core,739361,130127536,176,,759898
2489,2026-09-30T20:50:58,2026-09-30T19:12:10,Chaos Core,739361,53233992,72,,759896
2490,2026-09-30T20:51:04,2026-09-30T19:12:10,Chaos Core,734437,83725818,114,,759896
2491,2026-09-30T20:54:30,2026-09-30T19:12:10,Chaos Core,733228,12464876,17,,759893
2492,2026-09-30T20:54:37,2026-09-30T19:12:10,Chaos Core,733228,182573772,249,,759893
2493,2026-09-30T22:19:46,2026-09-30T21:43:47,Divine Stone,704000,69696000,99,,712524
2494,2026-09-30T22:19:52,2026-09-30T21:43:47,Divine Stone,704000,35904000,51,,712524
2495,2026-09-30T22:20:42,2026-09-30T21:43:47,Divine Stone,704000,97152000,138,,712524
2496,2026-09-30T22:21:32,2026-09-30T21:43:47,Divine Stone,704000,42240000,60,,712523
2497,2026-09-30T22:21:39,2026-09-30T21:43:47,Divine Stone,704000,65472000,93,,712523
2498,2026-09-30T22:33:15,2026-09-30T21:43:47,Chaos Core,743546,80302968,108,,774857
2499,2026-09-30T23:02:44,2026-09-30T21:43:47,Chaos Core,737454,100293744,136,,774828
2500,2026-09-30T23:03:06,2026-09-30T21:43:47,Chaos Core,746000,1492000,2,,774828
2501,2026-09-30T23:03:55,2026-09-30T21:43:47,Chaos Core,737454,8849448,12,,774828
2502,2026-09-30T23:04:10,2026-09-30T21:43:47,Chaos Core,737454,4424724,6,,774828
2503,2026-09-30T23:06:22,2026-09-30T21:43:47,Upgrade Core Set (Ultimate) X 100,444000,44400000,100,,449969
2504,2026-09-30T23:09:11,2026-09-30T21:43:47,Chaos Core,734407,155694284,212,,774816
2505,2026-09-30T23:09:23,2026-09-30T21:43:47,Chaos Core,741133,741133,1,,774816
2506,2026-09-30T23:22:31,2026-09-30T21:43:47,Chaos Core,731557,73887257,101,,774781
2507,2026-09-30T23:22:55,2026-09-30T21:43:47,Chaos Core,731557,108270436,148,,774781
2508,2026-09-30T23:24:35,2026-09-30T21:43:47,Chaos Core,730278,181839222,249,,774776
2509,2026-10-01T00:51:20,2026-10-01T00:48:33,Divine Stone,703999,73215896,104,,709999
2510,2026-10-01T00:51:27,2026-10-01T00:48:33,Divine Stone,703999,23935966,34,,709999
2511,2026-10-01T00:53:44,2026-10-01T00:48:33,Divine Stone,703999,90815871,129,,709998
2512,2026-10-01T00:53:50,2026-10-01T00:48:33,Divine Stone,703999,25343964,36,,709998
2513,2026-10-01T00:55:06,2026-10-01T00:48:33,Divine Stone,703999,49983929,71,,709997
2514,2026-10-01T00:55:13,2026-10-01T00:48:33,Divine Stone,703999,37311947,53,,709997
2515,2026-10-01T00:55:21,2026-10-01T00:48:33,Divine Stone,703999,16191977,23,,709997
2516,2026-10-01T01:00:46,2026-10-01T00:48:33,Chaos Core,716700,97471200,136,,749963
2517,2026-10-01T01:00:59,2026-10-01T00:48:33,Chaos Core,721141,721141,1,,749963
2518,2026-10-01T01:01:12,2026-10-01T00:48:33,Chaos Core,721783,721783,1,,749963
2519,2026-10-01T01:03:05,2026-10-01T00:48:33,Upgrade Core Set (Ultimate) X 43,445000,19135000,43,,456075
2520,2026-10-01T01:03:08,2026-10-01T00:48:33,Upgrade Core Set (Ultimate) X 51,445000,22695000,51,,456075
2521,2026-10-01T01:03:42,2026-10-01T00:48:33,Upgrade Core Set (Ultimate) X 331,445000,147295000,331,,456074
2522,2026-10-01T01:17:30,2026-10-01T01:15:06,Divine Stone,703000,27417000,39,,709999
2523,2026-10-01T01:17:36,2026-10-01T01:15:06,Divine Stone,703000,41477000,59,,709999
2524,2026-10-01T01:17:44,2026-10-01T01:15:06,Divine Stone,703000,28120000,40,,709999
2525,2026-10-01T01:19:55,2026-10-01T01:15:06,Divine Stone,703000,52022000,74,,709998
2526,2026-10-01T01:20:03,2026-10-01T01:15:06,Divine Stone,703000,61864000,88,,709998
2527,2026-10-01T01:23:32,2026-10-01T01:15:06,Divine Stone,703000,113886000,162,,709997
2528,2026-10-01T01:35:24,2026-10-01T01:15:06,Chaos Core,715000,67925000,95,,749931
2529,2026-10-01T01:35:45,2026-10-01T01:15:06,Chaos Core,747285,747285,1,,749931
2530,2026-10-01T01:56:10,2026-10-01T01:44:18,Upgrade Core Set (Ultimate) X 1,445000,6230000,14,,456050
2531,2026-10-01T01:58:04,2026-10-01T01:44:18,Divine Stone,703000,13357000,19,,710000
2532,2026-10-01T01:58:10,2026-10-01T01:44:18,Divine Stone,703000,45695000,65,,710000
2533,2026-10-01T01:58:18,2026-10-01T01:44:18,Divine Stone,703000,50616000,72,,710000
2534,2026-10-01T01:59:24,2026-10-01T01:44:18,Divine Stone,703000,115995000,165,,709999
2535,2026-10-01T02:00:26,2026-10-01T01:44:18,Divine Stone,703000,8436000,12,,709998
2536,2026-10-01T02:00:35,2026-10-01T01:44:18,Divine Stone,703000,103341000,147,,709998
2537,2026-10-01T02:04:18,2026-10-01T01:44:18,Force Core Set (High) X 39,146258,5704062,39,,168857
2538,2026-10-01T02:04:21,2026-10-01T01:44:18,Force Core Set (High) X 217,146258,31737986,217,,168857
2539,2026-10-01T02:16:20,2026-10-01T01:44:18,Chaos Core,734000,35232000,48,,749850
2540,2026-10-01T02:16:27,2026-10-01T01:44:18,Chaos Core,734588,17630112,24,,749850
2541,2026-10-01T02:16:34,2026-10-01T01:44:18,Chaos Core,734588,182177824,248,,749850
2542,2026-10-01T02:16:41,2026-10-01T01:44:18,Chaos Core,734588,734588,1,,749850
2543,2026-10-01T02:17:56,2026-10-01T01:44:18,Chaos Core,734000,2936000,4,,749846
2544,2026-10-01T02:18:03,2026-10-01T01:44:18,Chaos Core,734000,57986000,79,,749846
2545,2026-10-01T02:18:10,2026-10-01T01:44:18,Chaos Core,734588,734588,1,,749846
2546,2026-10-01T02:18:19,2026-10-01T01:44:18,Chaos Core,734588,80804680,110,,749846
2547,2026-10-01T02:18:27,2026-10-01T01:44:18,Chaos Core,734588,734588,1,,749846
2548,2026-10-01T02:41:08,2026-10-01T02:38:49,Divine Stone,703000,76627000,109,,710000
2549,2026-10-01T02:41:14,2026-10-01T02:38:49,Divine Stone,703000,24605000,35,,710000
2550,2026-10-01T02:43:21,2026-10-01T02:38:49,Divine Stone,703000,62567000,89,,709999
2551,2026-10-01T02:43:29,2026-10-01T02:38:49,Divine Stone,703000,38665000,55,,709999
2552,2026-10-01T02:44:29,2026-10-01T02:38:49,Divine Stone,703000,111777000,159,,709998
2553,2026-10-01T02:54:33,2026-10-01T02:51:30,Divine Stone,703000,26011000,37,,709998
2554,2026-10-01T02:54:39,2026-10-01T02:51:30,Divine Stone,703000,83657000,119,,709998
2555,2026-10-01T02:56:29,2026-10-01T02:51:30,Divine Stone,703000,17575000,25,,709997
2556,2026-10-01T02:56:35,2026-10-01T02:51:30,Divine Stone,703000,76627000,109,,709997
2557,2026-10-01T02:56:44,2026-10-01T02:51:30,Divine Stone,703000,4921000,7,,709997
2558,2026-10-01T02:57:45,2026-10-01T02:51:30,Divine Stone,703000,97014000,138,,709996
2559,2026-10-01T03:00:25,2026-10-01T02:51:30,Upgrade Core Set (Ultimate) X 4,445000,1780000,4,,456070
2560,2026-10-01T03:00:28,2026-10-01T02:51:30,Upgrade Core Set (Ultimate) X 178,445000,79210000,178,,456070
2561,2026-10-01T03:19:02,2026-10-01T03:16:10,Upgrade Core Set (Ultimate) X 15,445000,6675000,15,,456055
2562,2026-10-01T03:25:14,2026-10-01T03:16:10,Divine Stone,703000,35150000,50,,709979
2563,2026-10-01T03:25:21,2026-10-01T03:16:10,Divine Stone,703000,7030000,10,,709979
2564,2026-10-01T03:25:28,2026-10-01T03:16:10,Divine Stone,703000,73815000,105,,709979
2565,2026-10-01T03:43:59,2026-10-01T03:16:10,Upgrade Core Set (Ultimate) X 44,444772,19570000,44,,456037
2566,2026-10-01T03:49:04,2026-10-01T03:16:10,Chaos Core,727956,18926856,26,,736349
2567,2026-10-01T03:49:19,2026-10-01T03:16:10,Chaos Core,733397,733397,1,,736349
2568,2026-10-01T03:49:58,2026-10-01T03:16:10,Chaos Core,727956,94634280,130,,736349
2569,2026-10-01T03:50:17,2026-10-01T03:16:10,Chaos Core,733397,1466794,2,,736349
2570,2026-10-01T04:13:37,2026-10-01T03:59:26,Upgrade Core Set (Ultimate) X 33,439393,14500000,33,,456019
2571,2026-10-01T04:13:40,2026-10-01T03:59:26,Upgrade Core Set (Ultimate) X 20,445000,8900000,20,,456019
2572,2026-10-01T04:26:05,2026-10-01T03:59:26,Chaos Core,730251,2921004,4,,736324
2573,2026-10-01T04:26:11,2026-10-01T03:59:26,Chaos Core,730251,101504889,139,,736324
2574,2026-10-01T04:26:20,2026-10-01T03:59:26,Chaos Core,731475,731475,1,,736324
2575,2026-10-01T04:33:48,2026-10-01T03:59:26,Chaos Core,722942,77354794,107,,736315
2576,2026-10-01T04:33:55,2026-10-01T03:59:26,Chaos Core,722942,104103648,144,,736315
2577,2026-10-01T04:34:02,2026-10-01T03:59:26,Chaos Core,731999,731999,1,,736315
2578,2026-10-01T04:36:06,2026-10-01T03:59:26,Chaos Core,722942,123623082,171,,736315
2579,2026-10-01T04:36:59,2026-10-01T03:59:26,Upgrade Core Set (Ultimate) X 18,445000,8010000,18,,455989
2580,2026-10-01T04:37:02,2026-10-01T03:59:26,Upgrade Core Set (Ultimate) X 369,445000,164205000,369,,455989
2581,2026-10-01T04:43:52,2026-10-01T03:59:26,Divine Stone,703000,703000,1,,709998
2582,2026-10-01T04:43:57,2026-10-01T03:59:26,Divine Stone,703000,703000,1,,709998
2583,2026-10-01T04:44:04,2026-10-01T03:59:26,Divine Stone,703000,44289000,63,,709998
2584,2026-10-01T04:44:13,2026-10-01T03:59:26,Divine Stone,703000,55537000,79,,709998
2585,2026-10-01T04:45:12,2026-10-01T03:59:26,Divine Stone,703000,75221000,107,,709999
2586,2026-10-01T04:45:20,2026-10-01T03:59:26,Divine Stone,703000,26011000,37,,709999
2587,2026-10-01T04:46:26,2026-10-01T03:59:26,Divine Stone,703000,39368000,56,,709998
2588,2026-10-01T04:46:38,2026-10-01T03:59:26,Divine Stone,703000,703000,1,,709998
2589,2026-10-01T04:46:52,2026-10-01T03:59:26,Divine Stone,703000,56943000,81,,709998
2590,2026-10-01T04:51:12,2026-10-01T03:59:26,Chaos Core,722942,51328882,71,,736304
2591,2026-10-01T04:51:16,2026-10-01T03:59:26,Chaos Core,722942,56389476,78,,736304
2592,2026-10-01T04:51:27,2026-10-01T03:59:26,Chaos Core,737668,737668,1,,736304
2593,2026-10-01T04:52:15,2026-10-01T03:59:26,Chaos Core,722942,2891768,4,,736304
2594,2026-10-01T04:52:29,2026-10-01T03:59:26,Chaos Core,748888,10484432,14,,736304
2595,2026-10-01T05:03:20,2026-10-01T03:59:26,Divine Stone,703000,33744000,48,,709979
2596,2026-10-01T05:03:26,2026-10-01T03:59:26,Divine Stone,703000,61161000,87,,709979
2597,2026-10-01T05:07:06,2026-10-01T03:59:26,Divine Stone,703000,113886000,162,,709987
2598,2026-10-01T05:08:08,2026-10-01T03:59:26,Divine Stone,703000,7733000,11,,709986
2599,2026-10-01T05:08:16,2026-10-01T03:59:26,Divine Stone,703000,80142000,114,,709986
2600,2026-10-01T05:08:26,2026-10-01T03:59:26,Divine Stone,703000,15466000,22,,709986
2601,2026-10-01T05:09:29,2026-10-01T03:59:26,Divine Stone,703000,64676000,92,,709985
2602,2026-10-01T05:09:39,2026-10-01T03:59:26,Divine Stone,703000,38665000,55,,709985
2603,2026-10-01T05:13:15,2026-10-01T03:59:26,Divine Stone,703000,99123000,141,,709987
2604,2026-10-01T05:14:13,2026-10-01T03:59:26,Divine Stone,703000,37259000,53,,709987
2605,2026-10-01T05:14:17,2026-10-01T03:59:26,Divine Stone,703000,1406000,2,,709987
2606,2026-10-01T05:14:26,2026-10-01T03:59:26,Divine Stone,703000,21090000,30,,709987
2607,2026-10-01T05:14:39,2026-10-01T03:59:26,Divine Stone,703000,703000,1,,709987
2608,2026-10-01T05:15:44,2026-10-01T03:59:26,Divine Stone,703000,703000,1,,709987
2609,2026-10-01T05:15:56,2026-10-01T03:59:26,Divine Stone,703000,703000,1,,709987
2610,2026-10-01T05:16:09,2026-10-01T03:59:26,Divine Stone,703000,703000,1,,709987
2611,2026-10-01T05:16:22,2026-10-01T03:59:26,Divine Stone,703000,703000,1,,709987
2612,2026-10-01T05:16:36,2026-10-01T03:59:26,Divine Stone,703000,52725000,75,,709987
2613,2026-10-01T05:19:21,2026-10-01T03:59:26,Divine Stone,703000,39368000,56,,709983
2614,2026-10-01T05:19:28,2026-10-01T03:59:26,Divine Stone,703000,70300000,100,,709983
2615,2026-10-01T05:58:48,2026-10-01T03:59:26,Chaos Core,722942,34701216,48,,749938
2616,2026-10-01T06:05:40,2026-10-01T03:59:26,Chaos Core,722942,722942,1,,749356
2617,2026-10-01T06:05:46,2026-10-01T03:59:26,Chaos Core,722942,78800678,109,,749356
2618,2026-10-01T06:06:01,2026-10-01T03:59:26,Chaos Core,749403,749403,1,,749356
2619,2026-10-01T06:10:32,2026-10-01T03:59:26,Divine Stone,703000,25308000,36,,709955
2620,2026-10-01T06:10:38,2026-10-01T03:59:26,Divine Stone,703000,69597000,99,,709955
2621,2026-10-01T06:11:34,2026-10-01T03:59:26,Divine Stone,703000,105450000,150,,709954
2622,2026-10-01T06:11:41,2026-10-01T03:59:26,Divine Stone,703000,4218000,6,,709954
2623,2026-10-01T06:12:56,2026-10-01T03:59:26,Divine Stone,703000,94905000,135,,709953
2624,2026-10-01T06:15:19,2026-10-01T03:59:26,Upgrade Core Set (Ultimate) X 102,445000,45390000,102,,456014
2625,2026-10-01T06:20:05,2026-10-01T03:59:26,Divine Stone,703999,107711847,153,,709950
2626,2026-10-01T06:21:10,2026-10-01T03:59:26,Divine Stone,703999,1407998,2,,709949
2627,2026-10-01T06:21:20,2026-10-01T03:59:26,Divine Stone,703999,114751837,163,,709949
2628,2026-10-01T06:37:30,2026-10-01T03:59:26,Divine Stone,703000,100529000,143,,709950
2629,2026-10-01T06:37:42,2026-10-01T03:59:26,Divine Stone,703999,4927993,7,,709950
2630,2026-10-01T06:38:43,2026-10-01T03:59:26,Divine Stone,703999,55615921,79,,709949
2631,2026-10-01T06:38:54,2026-10-01T03:59:26,Divine Stone,703999,20415971,29,,709949
2632,2026-10-01T06:39:08,2026-10-01T03:59:26,Divine Stone,703999,40127943,57,,709949
2633,2026-10-01T06:50:04,2026-10-01T03:59:26,Upgrade Core Set (Ultimate) X 30,445000,13350000,30,,456024
2634,2026-10-01T06:59:23,2026-10-01T03:59:26,Chaos Core,739176,152270256,206,,749299
2635,2026-10-01T06:59:30,2026-10-01T03:59:26,Chaos Core,739760,739760,1,,749299
2636,2026-10-01T07:04:57,2026-10-01T03:59:26,Chaos Core,739760,739760,1,,749294
2637,2026-10-01T07:05:02,2026-10-01T03:59:26,Chaos Core,720000,70560000,98,,749294
2638,2026-10-01T07:05:08,2026-10-01T03:59:26,Chaos Core,735978,83901492,114,,749294
2639,2026-10-01T07:06:14,2026-10-01T03:59:26,Chaos Core,739176,739176,1,,749293
2640,2026-10-01T07:06:18,2026-10-01T03:59:26,Chaos Core,720000,46080000,64,,749293
2641,2026-10-01T07:06:31,2026-10-01T03:59:26,Chaos Core,738508,738508,1,,749293
2642,2026-10-01T07:08:15,2026-10-01T03:59:26,Chaos Core,700000,174300000,249,,749292
2643,2026-10-01T07:09:15,2026-10-01T03:59:26,Chaos Core,700000,93800000,134,,749292
2644,2026-10-01T07:09:22,2026-10-01T03:59:26,Chaos Core,700000,1400000,2,,749292
2645,2026-10-01T07:09:43,2026-10-01T03:59:26,Chaos Core,746944,746944,1,,749292
2646,2026-10-01T07:11:20,2026-10-01T03:59:26,Chaos Core,722942,7229420,10,,749288
2647,2026-10-01T07:11:27,2026-10-01T03:59:26,Chaos Core,748061,5236427,7,,749288
2648,2026-10-01T07:12:22,2026-10-01T03:59:26,Chaos Core,748745,748745,1,,749288
2649,2026-10-01T07:18:50,2026-10-01T03:59:26,Upgrade Core Set (Ultimate) X 171,445000,76095000,171,,456020
2650,2026-10-01T07:30:36,2026-10-01T03:59:26,Upgrade Core Set (Ultimate) X 7,445000,3115000,7,,456001
2651,2026-10-01T07:35:56,2026-10-01T03:59:26,Chaos Core,720000,92880000,129,,749257
2652,2026-10-01T07:38:23,2026-10-01T03:59:26,Upgrade Core Set (Ultimate) X 49,445000,21805000,49,,455991
2653,2026-10-01T07:38:26,2026-10-01T03:59:26,Upgrade Core Set (Ultimate) X 96,445000,42720000,96,,455991
2654,2026-10-01T07:43:05,2026-10-01T03:59:26,Chaos Core,720000,25920000,36,,749249
2655,2026-10-01T07:43:12,2026-10-01T03:59:26,Chaos Core,720000,82080000,114,,749249
2656,2026-10-01T07:43:24,2026-10-01T03:59:26,Chaos Core,743792,743792,1,,749249
2657,2026-10-01T07:43:47,2026-10-01T03:59:26,Chaos Core,744407,744407,1,,749249
2658,2026-10-01T07:43:50,2026-10-01T03:59:26,Chaos Core,720000,720000,1,,749249
2659,2026-10-01T07:46:09,2026-10-01T03:59:26,Divine Stone,703000,113886000,162,,709899
2660,2026-10-01T07:47:36,2026-10-01T03:59:26,Chaos Core,728732,728732,1,,749245
2661,2026-10-01T07:47:49,2026-10-01T03:59:26,Chaos Core,729362,729362,1,,749245
2662,2026-10-01T07:48:16,2026-10-01T03:59:26,Chaos Core,748745,748745,1,,749245
2663,2026-10-01T07:48:23,2026-10-01T03:59:26,Chaos Core,750000,11250000,15,,749245
2664,2026-10-01T07:51:48,2026-10-01T03:59:26,Divine Stone,703000,94905000,135,,709897
2665,2026-10-01T08:07:21,2026-10-01T03:59:26,Chaos Core,740052,169471908,229,,749228
2666,2026-10-01T08:07:25,2026-10-01T03:59:26,Chaos Core,739546,1479092,2,,749228
2667,2026-10-01T08:09:03,2026-10-01T03:59:26,Chaos Core,739546,93922342,127,,749226
2668,2026-10-01T08:09:26,2026-10-01T03:59:26,Chaos Core,745544,1491088,2,,749226
2669,2026-10-01T08:11:12,2026-10-01T03:59:26,Chaos Core,742603,742603,1,,749228
2670,2026-10-01T08:11:16,2026-10-01T03:59:26,Chaos Core,739546,32540024,44,,749228
2671,2026-10-01T08:11:29,2026-10-01T03:59:26,Chaos Core,742061,742061,1,,749228
2672,2026-10-01T08:11:53,2026-10-01T03:59:26,Chaos Core,745544,1491088,2,,749228
2673,2026-10-01T08:14:59,2026-10-01T03:59:26,Chaos Core,739546,739546,1,,749226
2674,2026-10-01T08:15:11,2026-10-01T03:59:26,Chaos Core,740710,740710,1,,749226
2675,2026-10-01T08:15:34,2026-10-01T03:59:26,Chaos Core,745544,1491088,2,,749226
2676,2026-10-01T08:17:44,2026-10-01T03:59:26,Chaos Core,745544,1491088,2,,749226
2677,2026-10-01T08:17:56,2026-10-01T03:59:26,Chaos Core,740052,740052,1,,749226
2678,2026-10-01T08:18:54,2026-10-01T03:59:26,Chaos Core,736612,80290708,109,,749226
2679,2026-10-01T08:19:06,2026-10-01T03:59:26,Chaos Core,739546,739546,1,,749226
2680,2026-10-01T08:19:11,2026-10-01T03:59:26,Chaos Core,736612,157634968,214,,749226
2681,2026-10-01T08:19:23,2026-10-01T03:59:26,Chaos Core,739546,739546,1,,749226
2682,2026-10-01T08:19:36,2026-10-01T03:59:26,Chaos Core,745544,745544,1,,749226
2683,2026-10-01T08:24:48,2026-10-01T03:59:26,Chaos Core,734055,83682270,114,,749220
2684,2026-10-01T08:28:17,2026-10-01T03:59:26,Chaos Core,725000,39875000,55,,749215
2685,2026-10-01T08:28:21,2026-10-01T03:59:26,Chaos Core,725000,36250000,50,,749215
2686,2026-10-01T08:28:37,2026-10-01T03:59:26,Chaos Core,733432,30070712,41,,749215
2687,2026-10-01T08:28:50,2026-10-01T03:59:26,Chaos Core,735966,735966,1,,749215
2688,2026-10-01T08:30:50,2026-10-01T03:59:26,Chaos Core,725000,102950000,142,,749214
2689,2026-10-01T08:31:00,2026-10-01T03:59:26,Chaos Core,725000,109475000,151,,749214
2690,2026-10-01T08:36:04,2026-10-01T03:59:26,Divine Stone,703000,30229000,43,,709873
2691,2026-10-01T08:36:10,2026-10-01T03:59:26,Divine Stone,703000,31635000,45,,709873
2692,2026-10-01T08:36:18,2026-10-01T03:59:26,Divine Stone,703000,1406000,2,,709873
2693,2026-10-01T08:36:26,2026-10-01T03:59:26,Divine Stone,703000,35150000,50,,709873
2694,2026-10-01T08:36:35,2026-10-01T03:59:26,Divine Stone,703000,17575000,25,,709873
2695,2026-10-01T08:39:14,2026-10-01T03:59:26,Chaos Core,723808,165028224,228,,749203
2696,2026-10-01T08:56:11,2026-10-01T03:59:26,Force Core Set (Highest) X 91,181318,16500000,91,,191943
2697,2026-10-01T09:05:15,2026-10-01T03:59:26,Chaos Core,720000,121680000,169,,749148
2698,2026-10-01T09:06:08,2026-10-01T03:59:26,Chaos Core,721228,1442456,2,,749148
2699,2026-10-01T09:07:07,2026-10-01T03:59:26,Chaos Core,719386,9352018,13,,749145
2700,2026-10-01T09:07:13,2026-10-01T03:59:26,Chaos Core,719386,71219214,99,,749145
2701,2026-10-01T09:07:23,2026-10-01T03:59:26,Chaos Core,721228,82219992,114,,749145
2702,2026-10-01T09:08:22,2026-10-01T03:59:26,Chaos Core,721778,1443556,2,,749145
2703,2026-10-01T09:12:26,2026-10-01T03:59:26,Chaos Core,718787,718787,1,,749133
2704,2026-10-01T09:12:37,2026-10-01T03:59:26,Chaos Core,721778,4330668,6,,749133
2705,2026-10-01T09:12:45,2026-10-01T03:59:26,Chaos Core,720000,38160000,53,,749133
2706,2026-10-01T09:12:57,2026-10-01T03:59:26,Chaos Core,721778,35367122,49,,749133
2707,2026-10-01T09:13:01,2026-10-01T03:59:26,Chaos Core,718174,79717314,111,,749133
2708,2026-10-01T09:13:15,2026-10-01T03:59:26,Chaos Core,721778,1443556,2,,749133
2709,2026-10-01T09:27:27,2026-10-01T09:22:10,Chaos Core,712488,177409512,249,,749110
2710,2026-10-01T09:28:46,2026-10-01T09:22:10,Chaos Core,718174,718174,1,,749108
2711,2026-10-01T09:28:59,2026-10-01T09:22:10,Chaos Core,718787,718787,1,,749108
2712,2026-10-01T09:29:02,2026-10-01T09:22:10,Chaos Core,711890,711890,1,,749108
2713,2026-10-01T09:29:14,2026-10-01T09:22:10,Chaos Core,721778,721778,1,,749108
2714,2026-10-01T09:29:27,2026-10-01T09:22:10,Chaos Core,721778,721778,1,,749108
2715,2026-10-01T09:29:41,2026-10-01T09:22:10,Chaos Core,722942,29640622,41,,749108
2716,2026-10-01T09:29:45,2026-10-01T09:22:10,Chaos Core,711890,177260610,249,,749108
2717,2026-10-01T09:29:58,2026-10-01T09:22:10,Chaos Core,720000,720000,1,,749108
2718,2026-10-01T09:30:09,2026-10-01T09:22:10,Chaos Core,722942,722942,1,,749108
2719,2026-10-01T09:36:59,2026-10-01T09:22:10,Divine Stone,700000,115500000,165,,709850
2720,2026-10-01T09:37:56,2026-10-01T09:22:10,Chaos Core,699999,3499995,5,,749108
2721,2026-10-01T09:38:04,2026-10-01T09:22:10,Chaos Core,730000,18980000,26,,749108
2722,2026-10-01T09:38:18,2026-10-01T09:22:10,Chaos Core,748999,1497998,2,,749108
2723,2026-10-01T09:39:03,2026-10-01T09:22:10,Divine Stone,700000,9100000,13,,709849
2724,2026-10-01T09:39:09,2026-10-01T09:22:10,Divine Stone,703000,6327000,9,,709849
2725,2026-10-01T09:39:15,2026-10-01T09:22:10,Divine Stone,703000,703000,1,,709849
2726,2026-10-01T09:39:24,2026-10-01T09:22:10,Divine Stone,703000,93499000,133,,709849
2727,2026-10-01T09:40:25,2026-10-01T09:22:10,Divine Stone,703000,24605000,35,,709848
2728,2026-10-01T09:40:34,2026-10-01T09:22:10,Divine Stone,703000,44992000,64,,709848
2729,2026-10-01T09:40:44,2026-10-01T09:22:10,Divine Stone,703000,37962000,54,,709848
2730,2026-10-01T09:56:26,2026-10-01T09:22:10,Chaos Core,742514,184885986,249,,749094
2731,2026-10-01T10:03:02,2026-10-01T09:59:47,Chaos Core,741313,11861008,16,,774697
2732,2026-10-01T10:03:28,2026-10-01T09:59:47,Chaos Core,744236,1488472,2,,774697
2733,2026-10-01T10:03:32,2026-10-01T09:59:47,Chaos Core,741313,101559881,137,,774697
2734,2026-10-01T10:03:37,2026-10-01T09:59:47,Chaos Core,741313,741313,1,,774697
2735,2026-10-01T10:05:09,2026-10-01T09:59:47,Divine Stone,700000,38500000,55,,709924
2736,2026-10-01T10:05:16,2026-10-01T09:59:47,Divine Stone,700000,23800000,34,,709924
2737,2026-10-01T10:05:23,2026-10-01T09:59:47,Divine Stone,700000,36400000,52,,709924
2738,2026-10-01T10:06:16,2026-10-01T09:59:47,Chaos Core,730000,83220000,114,,774692
2739,2026-10-01T10:06:25,2026-10-01T09:59:47,Chaos Core,741313,116386141,157,,774692
2740,2026-10-01T10:06:35,2026-10-01T09:59:47,Chaos Core,741313,1482626,2,,774692
2741,2026-10-01T10:07:47,2026-10-01T09:59:47,Divine Stone,700000,44100000,63,,709923
2742,2026-10-01T10:07:55,2026-10-01T09:59:47,Divine Stone,703000,61161000,87,,709923
2743,2026-10-01T10:08:53,2026-10-01T09:59:47,Divine Stone,703000,94202000,134,,709922
2744,2026-10-01T10:09:02,2026-10-01T09:59:47,Divine Stone,703000,11248000,16,,709922
2745,2026-10-01T10:14:24,2026-10-01T09:59:47,Divine Stone,702000,37206000,53,,709967
2746,2026-10-01T10:14:33,2026-10-01T09:59:47,Divine Stone,702000,70200000,100,,709967
2747,2026-10-01T10:15:41,2026-10-01T09:59:47,Divine Stone,702000,101088000,144,,709966
2748,2026-10-01T10:16:40,2026-10-01T09:59:47,Divine Stone,702000,3510000,5,,709965
2749,2026-10-01T10:17:38,2026-10-01T09:59:47,Divine Stone,702000,108108000,154,,709965
2750,2026-10-01T10:34:07,2026-10-01T09:59:47,Chaos Core,740000,75480000,102,,774678
2751,2026-10-01T10:34:15,2026-10-01T09:59:47,Chaos Core,740000,169460000,229,,774678
2752,2026-10-01T10:34:24,2026-10-01T09:59:47,Chaos Core,740000,1480000,2,,774678
2753,2026-10-01T10:48:38,2026-10-01T09:59:47,Divine Stone,703000,3515000,5,,709941
2754,2026-10-01T10:48:48,2026-10-01T09:59:47,Divine Stone,703000,44992000,64,,709941
2755,2026-10-01T10:48:59,2026-10-01T09:59:47,Divine Stone,703000,6327000,9,,709941
2756,2026-10-01T10:49:10,2026-10-01T09:59:47,Divine Stone,703000,46398000,66,,709941
2757,2026-10-01T10:50:25,2026-10-01T09:59:47,Divine Stone,703000,111777000,159,,709939
2758,2026-10-01T11:22:14,2026-10-01T09:59:47,Chaos Core,722942,1445884,2,,736387
2759,2026-10-01T11:22:22,2026-10-01T09:59:47,Chaos Core,722942,10121188,14,,736387
2760,2026-10-01T11:22:38,2026-10-01T09:59:47,Chaos Core,747446,1494892,2,,736387
2761,2026-10-01T11:32:18,2026-10-01T09:59:47,Chaos Core,722942,25302970,35,,729999
2762,2026-10-01T11:32:29,2026-10-01T09:59:47,Chaos Core,752189,752189,1,,729999
2763,2026-10-01T11:33:07,2026-10-01T09:59:47,Upgrade Core Set (Ultimate) X 2,431810,863620,2,,455766
2764,2026-10-01T11:33:10,2026-10-01T09:59:47,Upgrade Core Set (Ultimate) X 100,431810,43181000,100,,455766
2765,2026-10-01T11:33:14,2026-10-01T09:59:47,Upgrade Core Set (Ultimate) X 1,431818,42318164,98,,455766
2766,2026-10-01T11:33:47,2026-10-01T09:59:47,Upgrade Core Set (Ultimate) X 1,431818,41454528,96,,455763
2767,2026-10-01T11:33:50,2026-10-01T09:59:47,Upgrade Core Set (Ultimate) X 7,431818,3022726,7,,455763
2768,2026-10-01T11:33:54,2026-10-01T09:59:47,Upgrade Core Set (Ultimate) X 10,431818,43181800,100,,455763
2769,2026-10-01T11:54:48,2026-10-01T09:59:47,Chaos Core,742764,20054628,27,,774663
2770,2026-10-01T11:57:03,2026-10-01T09:59:47,Divine Stone,700000,9100000,13,,709878
2771,2026-10-01T11:57:10,2026-10-01T09:59:47,Divine Stone,700000,6300000,9,,709878
2772,2026-10-01T11:57:17,2026-10-01T09:59:47,Divine Stone,700000,91700000,131,,709878
2773,2026-10-01T11:58:14,2026-10-01T09:59:47,Chaos Core,722942,32532390,45,,774661
2774,2026-10-01T11:58:19,2026-10-01T09:59:47,Chaos Core,722275,122786750,170,,774661
2775,2026-10-01T11:58:27,2026-10-01T09:59:47,Chaos Core,722942,722942,1,,774661
2776,2026-10-01T11:59:50,2026-10-01T09:59:47,Divine Stone,700000,9800000,14,,709886
2777,2026-10-01T11:59:54,2026-10-01T09:59:47,Divine Stone,700000,20300000,29,,709886
2778,2026-10-01T12:00:04,2026-10-01T09:59:47,Divine Stone,700000,77000000,110,,709886
2779,2026-10-01T12:02:21,2026-10-01T09:59:47,Chaos Core,722942,28917680,40,,789999
2780,2026-10-01T12:02:40,2026-10-01T09:59:47,Chaos Core,751420,1502840,2,,789999
2781,2026-10-01T12:22:08,2026-10-01T09:59:47,Chaos Core,740000,68080000,92,,789993
2782,2026-10-01T12:22:16,2026-10-01T09:59:47,Chaos Core,740000,89540000,121,,789993
2783,2026-10-01T12:23:53,2026-10-01T09:59:47,Chaos Core,738865,108613155,147,,789992
2784,2026-10-01T12:25:14,2026-10-01T09:59:47,Chaos Core,738865,62803525,85,,789991
2785,2026-10-01T12:26:16,2026-10-01T09:59:47,Chaos Core,750995,1501990,2,,789991
2786,2026-10-01T12:30:10,2026-10-01T09:59:47,Upgrade Core Set (Ultimate) X 84,431815,36272460,84,,455698
2787,2026-10-01T12:30:13,2026-10-01T09:59:47,Upgrade Core Set (Ultimate) X 207,431815,89385705,207,,455698
2788,2026-10-01T12:37:06,2026-10-01T09:59:47,Upgrade Core Set (Ultimate) X 37,431816,15977192,37,,455693
2789,2026-10-01T12:37:09,2026-10-01T09:59:47,Upgrade Core Set (Ultimate) X 62,431816,26772600,62,,455693
2790,2026-10-01T12:37:12,2026-10-01T09:59:47,Upgrade Core Set (Ultimate) X 40,431818,17272720,40,,455693
2791,2026-10-01T12:37:15,2026-10-01T09:59:47,Upgrade Core Set (Ultimate) X 53,431818,22886354,53,,455693
2792,2026-10-01T12:37:18,2026-10-01T09:59:47,Upgrade Core Set (Ultimate) X 56,431818,24181808,56,,455693
2793,2026-10-01T12:38:33,2026-10-01T09:59:47,Chaos Core,736236,35339328,48,,789979
2794,2026-10-01T12:38:40,2026-10-01T09:59:47,Chaos Core,736236,9571068,13,,789979
2795,2026-10-01T12:38:48,2026-10-01T09:59:47,Chaos Core,736236,127368828,173,,789979
2796,2026-10-01T12:40:34,2026-10-01T09:59:47,Chaos Core,731325,6581925,9,,789976
2797,2026-10-01T12:40:40,2026-10-01T09:59:47,Chaos Core,731325,24865050,34,,789976
2798,2026-10-01T12:40:54,2026-10-01T09:59:47,Chaos Core,739360,153047520,207,,789976
2799,2026-10-01T12:41:07,2026-10-01T09:59:47,Chaos Core,739360,1478720,2,,789976
2800,2026-10-01T13:07:22,2026-10-01T09:59:47,Chaos Core,736955,12528235,17,,789935
2801,2026-10-01T13:07:29,2026-10-01T09:59:47,Chaos Core,736955,736955,1,,789935
2802,2026-10-01T13:08:30,2026-10-01T09:59:47,Chaos Core,739345,67280395,91,,789935
2803,2026-10-01T13:08:41,2026-10-01T09:59:47,Chaos Core,740000,740000,1,,789935
2804,2026-10-01T13:08:54,2026-10-01T09:59:47,Chaos Core,740000,5920000,8,,789935
2805,2026-10-01T13:09:07,2026-10-01T09:59:47,Chaos Core,740000,740000,1,,789935
2806,2026-10-01T13:09:19,2026-10-01T09:59:47,Chaos Core,740000,740000,1,,789935
2807,2026-10-01T13:11:23,2026-10-01T09:59:47,Chaos Core,734490,11751840,16,,789928
2808,2026-10-01T13:12:23,2026-10-01T09:59:47,Chaos Core,734490,14689800,20,,789928
2809,2026-10-01T13:15:56,2026-10-01T09:59:47,Force Core Set (High) X 25,159000,3975000,25,,165000
2810,2026-10-01T13:15:59,2026-10-01T09:59:47,Force Core Set (High) X 1,159574,159574,1,,165000
2811,2026-10-01T13:16:02,2026-10-01T09:59:47,Force Core Set (High) X 4,159574,638296,4,,165000
2812,2026-10-01T13:16:05,2026-10-01T09:59:47,Force Core Set (High) X 44,159574,7021256,44,,165000
2813,2026-10-01T13:16:08,2026-10-01T09:59:47,Force Core Set (High) X 66,159574,10531884,66,,165000
2814,2026-10-01T13:26:58,2026-10-01T09:59:47,Chaos Core,729381,43033479,59,,789904
2815,2026-10-01T13:27:05,2026-10-01T09:59:47,Chaos Core,729381,83149434,114,,789904
2816,2026-10-01T13:27:12,2026-10-01T09:59:47,Chaos Core,750318,750318,1,,789904
2817,2026-10-01T13:28:06,2026-10-01T09:59:47,Chaos Core,728787,35710563,49,,789904
2818,2026-10-01T13:28:12,2026-10-01T09:59:47,Chaos Core,728787,24778758,34,,789904
2819,2026-10-01T13:28:20,2026-10-01T09:59:47,Chaos Core,729381,5835048,8,,789904
2820,2026-10-01T13:28:33,2026-10-01T09:59:47,Chaos Core,750318,1500636,2,,789904
2821,2026-10-01T13:29:38,2026-10-01T09:59:47,Chaos Core,727999,82991886,114,,789903
2822,2026-10-01T13:29:42,2026-10-01T09:59:47,Chaos Core,727999,55327924,76,,789903
2823,2026-10-01T13:29:46,2026-10-01T09:59:47,Chaos Core,727999,1455998,2,,789903
2824,2026-10-01T13:31:24,2026-10-01T09:59:47,Chaos Core,727999,727999,1,,789902
2825,2026-10-01T13:31:35,2026-10-01T09:59:47,Chaos Core,722942,12290014,17,,789902
2826,2026-10-01T13:37:31,2026-10-01T09:59:47,Force Core Set (High) X 44,159574,7021256,44,,165000
2827,2026-10-01T13:37:34,2026-10-01T09:59:47,Force Core Set (High) X 69,159574,11010606,69,,165000
2828,2026-10-01T13:37:37,2026-10-01T09:59:47,Force Core Set (High) X 83,159574,13244642,83,,165000
2829,2026-10-01T13:37:40,2026-10-01T09:59:47,Force Core Set (High) X 178,159574,28404172,178,,165000
2830,2026-10-01T13:40:36,2026-10-01T09:59:47,Chaos Core,727999,5823992,8,,789897
2831,2026-10-01T13:40:46,2026-10-01T09:59:47,Chaos Core,749999,7499990,10,,789897
2832,2026-10-01T13:50:30,2026-10-01T09:59:47,Chaos Core,726803,92303981,127,,789698
2833,2026-10-01T13:50:57,2026-10-01T09:59:47,Chaos Core,726803,1453606,2,,789698
2834,2026-10-01T14:02:49,2026-10-01T09:59:47,Divine Stone,700000,96600000,138,,709855
2835,2026-10-01T14:03:38,2026-10-01T09:59:47,Divine Stone,700000,30100000,43,,709854
2836,2026-10-01T14:03:47,2026-10-01T09:59:47,Divine Stone,705775,1411550,2,,709854
2837,2026-10-01T14:09:07,2026-10-01T09:59:47,Divine Stone,700000,30800000,44,,709851
2838,2026-10-01T14:09:15,2026-10-01T09:59:47,Divine Stone,705775,705775,1,,709851
2839,2026-10-01T14:14:04,2026-10-01T09:59:47,Chaos Core,730000,29930000,41,,789681
2840,2026-10-01T14:14:56,2026-10-01T09:59:47,Chaos Core,730000,9490000,13,,789681
2841,2026-10-01T14:15:01,2026-10-01T09:59:47,Chaos Core,728941,34260227,47,,789681
2842,2026-10-01T14:15:59,2026-10-01T09:59:47,Chaos Core,728357,728357,1,,789681
2843,2026-10-01T14:16:56,2026-10-01T09:59:47,Chaos Core,728357,181360893,249,,789677
2844,2026-10-01T15:57:36,2026-10-01T15:52:06,Upgrade Core Set (Ultimate) X 123,431817,53113491,123,,456007
2845,2026-10-01T16:06:44,2026-10-01T15:52:06,Chaos Core,739990,79178930,107,,789645
2846,2026-10-01T16:06:50,2026-10-01T15:52:06,Chaos Core,744746,744746,1,,789645
2847,2026-10-01T16:07:42,2026-10-01T15:52:06,Upgrade Core Set (Ultimate) X 29,431817,12522693,29,,455997
2848,2026-10-01T16:21:15,2026-10-01T15:52:06,Chaos Core,730000,119720000,164,,789626
2849,2026-10-01T16:21:23,2026-10-01T15:52:06,Chaos Core,759356,759356,1,,789626
2850,2026-10-01T16:28:46,2026-10-01T16:25:25,Force Core Set (High) X 42,150150,6306300,42,,165000
2851,2026-10-01T16:28:49,2026-10-01T16:25:25,Force Core Set (High) X 85,150150,12762750,85,,165000
2852,2026-10-01T16:29:18,2026-10-01T16:25:25,Upgrade Core Set (Ultimate) X 12,431817,5181804,12,,455983
2853,2026-10-01T17:11:00,2026-10-01T16:25:25,Chaos Core,740580,13330440,18,,789595
2854,2026-10-01T17:21:51,2026-10-01T17:12:53,Chaos Core,738198,17716752,24,,789592
2855,2026-10-01T17:25:57,2026-10-01T17:12:53,Chaos Core,737565,49416855,67,,789587
2856,2026-10-01T17:26:09,2026-10-01T17:12:53,Chaos Core,750000,1500000,2,,789587
2857,2026-10-01T17:31:04,2026-10-01T17:12:53,Force Core Set (High) X 11,157272,1730000,11,,165000
2858,2026-10-01T18:39:36,2026-10-01T18:36:44,Chaos Core,727189,14543780,20,,789515
2859,2026-10-01T18:39:59,2026-10-01T18:36:44,Chaos Core,746000,746000,1,,789515
2860,2026-10-01T18:44:43,2026-10-01T18:36:44,Chaos Core,724188,31864272,44,,789504
2861,2026-10-01T18:45:48,2026-10-01T18:36:44,Chaos Core,734472,734472,1,,789504
2862,2026-10-01T18:45:52,2026-10-01T18:36:44,Chaos Core,724188,36933588,51,,789504
2863,2026-10-01T18:46:05,2026-10-01T18:36:44,Chaos Core,732158,732158,1,,789504
2864,2026-10-01T18:46:29,2026-10-01T18:36:44,Chaos Core,746000,1492000,2,,789504
2865,2026-10-01T18:59:40,2026-10-01T18:36:44,Chaos Core,725638,59502316,82,,789474
2866,2026-10-01T18:59:47,2026-10-01T18:36:44,Chaos Core,726252,20335056,28,,789474
2867,2026-10-01T18:59:58,2026-10-01T18:36:44,Chaos Core,747166,747166,1,,789474
2868,2026-10-01T19:08:12,2026-10-01T18:36:44,Chaos Core,726252,71898948,99,,789454
2869,2026-10-01T19:08:17,2026-10-01T18:36:44,Chaos Core,725693,169086469,233,,789454
2870,2026-10-01T19:08:23,2026-10-01T18:36:44,Chaos Core,726252,726252,1,,789454
2871,2026-10-01T19:19:53,2026-10-01T18:36:44,Chaos Core,720058,36722958,51,,789421
2872,2026-10-01T19:20:05,2026-10-01T18:36:44,Chaos Core,723218,10125052,14,,789421
2873,2026-10-01T19:20:17,2026-10-01T18:36:44,Chaos Core,723901,34023347,47,,789421
2874,2026-10-01T19:20:31,2026-10-01T18:36:44,Chaos Core,726252,60278916,83,,789421
2875,2026-10-01T19:22:14,2026-10-01T18:36:44,Chaos Core,743463,743463,1,,789419
2876,2026-10-01T19:22:38,2026-10-01T18:36:44,Chaos Core,745896,12680232,17,,789419
2877,2026-10-01T19:37:15,2026-10-01T18:36:44,Force Core Set (Highest) X 79,180180,14234220,79,,191969
2878,2026-10-01T19:40:54,2026-10-01T18:36:44,Force Core Set (Highest) X 81,180180,14594580,81,,191968
2879,2026-10-01T19:41:25,2026-10-01T18:36:44,Force Core Set (Highest) X 9,180180,1621620,9,,191968
2880,2026-10-01T19:45:42,2026-10-01T18:36:44,Chaos Core,723901,24612634,34,,789343
2881,2026-10-01T19:46:52,2026-10-01T18:36:44,Chaos Core,745896,1491792,2,,789343
2882,2026-10-01T19:51:01,2026-10-01T18:36:44,Chaos Core,709307,33337429,47,,789329
2883,2026-10-01T19:51:23,2026-10-01T18:36:44,Chaos Core,745896,745896,1,,789329
2884,2026-10-01T22:36:29,2026-10-01T22:32:36,Force Core Set (High) X 78,159519,12442500,78,,165000
2885,2026-10-01T22:36:34,2026-10-01T22:32:36,Force Core Set (High) X 1,159520,19461440,122,,165000
2886,2026-10-01T22:37:06,2026-10-01T22:32:36,Force Core Set (High) X 1,159520,20418560,128,,165000
2887,2026-10-01T22:37:11,2026-10-01T22:32:36,Force Core Set (High) X 1,159520,11485440,72,,165000
2888,2026-10-01T22:37:43,2026-10-01T22:32:36,Force Core Set (High) X 1,159520,28394560,178,,165000
2889,2026-10-01T22:37:46,2026-10-01T22:32:36,Force Core Set (High) X 83,159520,13240160,83,,165000
2890,2026-10-02T00:39:42,2026-10-02T00:37:05,Upgrade Core Set (Ultimate) X 1,431818,431818,1,,455549
2891,2026-10-02T00:39:45,2026-10-02T00:37:05,Upgrade Core Set (Ultimate) X 36,431818,15545448,36,,455549
2892,2026-10-02T01:00:40,2026-10-02T00:37:05,Upgrade Core Set (Ultimate) X 265,446668,118367020,265,,455532
2893,2026-10-02T01:52:28,2026-10-02T00:37:05,Chaos Core,739630,17011490,23,,776710
2894,2026-10-02T01:52:57,2026-10-02T00:37:05,Chaos Core,740171,27386327,37,,776710
2895,2026-10-02T01:55:12,2026-10-02T00:37:05,Chaos Core,742000,59360000,80,,776699
2896,2026-10-02T01:55:26,2026-10-02T00:37:05,Chaos Core,741471,54127383,73,,776699
2897,2026-10-02T01:55:31,2026-10-02T00:37:05,Chaos Core,719544,82028016,114,,776699
2898,2026-10-02T02:03:47,2026-10-02T00:37:05,Chaos Core,718366,20114248,28,,776664
2899,2026-10-02T02:04:40,2026-10-02T00:37:05,Chaos Core,718366,81893724,114,,776664
2900,2026-10-02T02:04:53,2026-10-02T00:37:05,Chaos Core,724000,724000,1,,776664
2901,2026-10-02T02:05:05,2026-10-02T00:37:05,Chaos Core,736530,736530,1,,776664
2902,2026-10-02T02:05:19,2026-10-02T00:37:05,Chaos Core,740000,84360000,114,,776664
2903,2026-10-02T02:49:18,2026-10-02T02:43:05,Divine Stone,700000,7700000,11,,705705
2904,2026-10-02T02:49:24,2026-10-02T02:43:05,Divine Stone,700000,6300000,9,,705705
2905,2026-10-02T02:49:33,2026-10-02T02:43:05,Divine Stone,706215,706215,1,,705705
2906,2026-10-02T03:05:20,2026-10-02T02:43:05,Upgrade Core Set (Ultimate) X 1,431818,431818,1,,455301
2907,2026-10-02T04:21:52,2026-10-02T04:13:26,Force Core Set (Highest) X 27,148148,4000000,27,,191967
2908,2026-10-02T04:31:36,2026-10-02T04:26:53,Chaos Core,720000,141840000,197,,733209
2909,2026-10-02T04:31:43,2026-10-02T04:26:53,Chaos Core,730220,730220,1,,733209
2910,2026-10-02T05:34:05,2026-10-02T04:26:53,Upgrade Core Set (Ultimate) X 8,402777,3222222,8,,458948
2911,2026-10-02T05:36:42,2026-10-02T04:26:53,Chaos Core,726252,141619140,195,,733209
2912,2026-10-02T05:41:44,2026-10-02T04:26:53,Chaos Core,734981,96282511,131,,741439
2913,2026-10-02T05:41:50,2026-10-02T04:26:53,Chaos Core,734981,155080991,211,,741439
2914,2026-10-02T05:44:01,2026-10-02T04:26:53,Chaos Core,734310,66822210,91,,741438
2915,2026-10-02T05:44:22,2026-10-02T04:26:53,Chaos Core,736928,1473856,2,,741438
2916,2026-10-02T05:45:12,2026-10-02T04:26:53,Chaos Core,737600,737600,1,,770000
2917,2026-10-02T05:45:24,2026-10-02T04:26:53,Chaos Core,741954,741954,1,,770000
2918,2026-10-02T05:45:38,2026-10-02T04:26:53,Chaos Core,744211,19349486,26,,770000
2919,2026-10-02T05:45:49,2026-10-02T04:26:53,Chaos Core,744823,744823,1,,770000
2920,2026-10-02T05:46:01,2026-10-02T04:26:53,Chaos Core,744823,744823,1,,770000
2921,2026-10-02T05:56:44,2026-10-02T05:48:54,Upgrade Core Set (Ultimate) X 50,446668,22333400,50,,599987
2922,2026-10-02T05:58:08,2026-10-02T05:48:54,Chaos Core,720800,28111200,39,,769993
2923,2026-10-02T05:58:21,2026-10-02T05:48:54,Chaos Core,735662,735662,1,,769993
2924,2026-10-02T05:59:35,2026-10-02T05:48:54,Chaos Core,750000,1500000,2,,769993
2925,2026-10-02T06:00:23,2026-10-02T05:48:54,Chaos Core,720178,33848366,47,,769993
2926,2026-10-02T06:00:42,2026-10-02T05:48:54,Chaos Core,734981,734981,1,,769993
2927,2026-10-02T06:19:31,2026-10-02T05:48:54,Chaos Core,743922,13390596,18,,776590
2928,2026-10-02T06:36:47,2026-10-02T05:48:54,Chaos Core,726252,180836748,249,,749999
2929,2026-10-02T06:37:46,2026-10-02T05:48:54,Chaos Core,726252,726252,1,,749998
2930,2026-10-02T06:38:10,2026-10-02T05:48:54,Chaos Core,770000,13090000,17,,749998
2931,2026-10-02T06:55:43,2026-10-02T05:48:54,Chaos Core,737302,26542872,36,,749977
2932,2026-10-02T06:59:17,2026-10-02T05:48:54,Upgrade Core Set (Ultimate) X 40,445484,17819360,40,,599923
2933,2026-10-02T06:59:20,2026-10-02T05:48:54,Upgrade Core Set (Ultimate) X 232,445484,103352288,232,,599923
2934,2026-10-02T07:01:00,2026-10-02T05:48:54,Chaos Core,734266,182832234,249,,749972
2935,2026-10-02T07:06:14,2026-10-02T05:48:54,Chaos Core,740000,185000000,250,,749965
2936,2026-10-02T07:06:26,2026-10-02T05:48:54,Chaos Core,760000,1520000,2,,749965
2937,2026-10-02T07:28:04,2026-10-02T05:48:54,Upgrade Core Set (Ultimate) X 2,446668,12506704,28,,559881
2938,2026-10-02T07:30:05,2026-10-02T05:48:54,Chaos Core,738810,47283840,64,,749919
2939,2026-10-02T07:30:11,2026-10-02T05:48:54,Chaos Core,738810,32507640,44,,749919
2940,2026-10-02T07:30:19,2026-10-02T05:48:54,Chaos Core,740000,3700000,5,,749919
2941,2026-10-02T07:30:32,2026-10-02T05:48:54,Chaos Core,740000,21460000,29,,749919
2942,2026-10-02T07:30:39,2026-10-02T05:48:54,Chaos Core,740000,5920000,8,,749919
2943,2026-10-02T07:35:08,2026-10-02T05:48:54,Upgrade Core Set (Ultimate) X 49,445484,21828716,49,,559873
2944,2026-10-02T07:35:13,2026-10-02T05:48:54,Upgrade Core Set (Ultimate) X 54,446668,24120072,54,,559873
2945,2026-10-02T07:42:41,2026-10-02T05:48:54,Force Core Set (High) X 33,159157,5252181,33,,165000
2946,2026-10-02T07:42:44,2026-10-02T05:48:54,Force Core Set (High) X 57,159157,9072000,57,,165000
2947,2026-10-02T07:42:47,2026-10-02T05:48:54,Force Core Set (High) X 92,159157,14642444,92,,165000
2948,2026-10-02T07:42:50,2026-10-02T05:48:54,Force Core Set (High) X 113,159157,17984741,113,,165000
2949,2026-10-02T07:55:08,2026-10-02T05:48:54,Chaos Core,743900,2975600,4,,758786
2950,2026-10-02T07:55:22,2026-10-02T05:48:54,Chaos Core,743990,44639400,60,,758786
2951,2026-10-02T07:55:35,2026-10-02T05:48:54,Chaos Core,744605,14147495,19,,758786
2952,2026-10-02T07:56:05,2026-10-02T05:48:54,Chaos Core,745000,745000,1,,758786
2953,2026-10-02T07:59:39,2026-10-02T05:48:54,Chaos Core,730000,26280000,36,,758781
2954,2026-10-02T07:59:46,2026-10-02T05:48:54,Chaos Core,739378,29575120,40,,758781
2955,2026-10-02T07:59:53,2026-10-02T05:48:54,Chaos Core,739378,31053876,42,,758781
2956,2026-10-02T08:00:45,2026-10-02T05:48:54,Chaos Core,730000,40150000,55,,758781
2957,2026-10-02T08:00:50,2026-10-02T05:48:54,Chaos Core,730000,730000,1,,758781
2958,2026-10-02T08:04:07,2026-10-02T05:48:54,Chaos Core,735000,62475000,85,,758766
2959,2026-10-02T08:04:14,2026-10-02T05:48:54,Chaos Core,735000,169785000,231,,758766
2960,2026-10-02T08:04:22,2026-10-02T05:48:54,Chaos Core,735000,1470000,2,,758766
2961,2026-10-02T08:06:15,2026-10-02T05:48:54,Chaos Core,735000,38220000,52,,758764
2962,2026-10-02T08:06:23,2026-10-02T05:48:54,Chaos Core,733692,22010760,30,,758764
2963,2026-10-02T08:06:42,2026-10-02T05:48:54,Chaos Core,746500,1493000,2,,758764
2964,2026-10-02T08:08:03,2026-10-02T05:48:54,Chaos Core,726252,37038852,51,,758762
2965,2026-10-02T08:10:30,2026-10-02T05:48:54,Chaos Core,726252,100222776,138,,758759
2966,2026-10-02T08:15:30,2026-10-02T05:48:54,Chaos Core,725077,63806776,88,,758749
2967,2026-10-02T08:15:42,2026-10-02T05:48:54,Chaos Core,735000,105840000,144,,758749
2968,2026-10-02T08:16:03,2026-10-02T05:48:54,Chaos Core,740000,1480000,2,,758749
2969,2026-10-02T08:17:45,2026-10-02T05:48:54,Chaos Core,726252,158322936,218,,758745
2970,2026-10-02T08:17:48,2026-10-02T05:48:54,Chaos Core,726252,726252,1,,758745
2971,2026-10-02T08:25:00,2026-10-02T05:48:54,Chaos Core,720000,70560000,98,,740739
2972,2026-10-02T08:25:08,2026-10-02T05:48:54,Chaos Core,720000,110880000,154,,740739
2973,2026-10-02T08:29:01,2026-10-02T05:48:54,Force Core Set (High) X 2,152900,305800,2,,165000
2974,2026-10-02T08:29:05,2026-10-02T05:48:54,Force Core Set (High) X 9,152900,28898100,189,,165000
2975,2026-10-02T08:29:08,2026-10-02T05:48:54,Force Core Set (High) X 21,152900,3210900,21,,165000
2976,2026-10-02T09:25:12,2026-10-02T09:20:14,Chaos Core,739338,184095162,249,,749997
2977,2026-10-02T09:28:31,2026-10-02T09:20:14,Chaos Core,736908,33160860,45,,749999
2978,2026-10-02T09:28:35,2026-10-02T09:20:14,Chaos Core,736908,183490092,249,,749999
2979,2026-10-02T09:34:33,2026-10-02T09:20:14,Upgrade Core Set (Ultimate) X 39,447197,17440683,39,,509795
2980,2026-10-02T09:34:36,2026-10-02T09:20:14,Upgrade Core Set (Ultimate) X 78,447197,34881366,78,,509795
2981,2026-10-02T09:37:08,2026-10-02T09:20:14,Force Core Set (High) X 10,144835,1448350,10,,165000
2982,2026-10-02T09:37:11,2026-10-02T09:20:14,Force Core Set (High) X 48,144835,6952080,48,,165000
2983,2026-10-02T09:37:14,2026-10-02T09:20:14,Force Core Set (High) X 91,144835,13180000,91,,165000
2984,2026-10-02T09:37:17,2026-10-02T09:20:14,Force Core Set (High) X 5,145000,725000,5,,165000
2985,2026-10-02T09:37:20,2026-10-02T09:20:14,Force Core Set (High) X 15,145000,2175000,15,,165000
2986,2026-10-02T09:37:50,2026-10-02T09:20:14,Force Core Set (High) X 500,144835,72417500,500,,165000
2987,2026-10-02T09:39:34,2026-10-02T09:20:14,Chaos Core,739475,2957900,4,,749994
2988,2026-10-02T09:39:41,2026-10-02T09:20:14,Chaos Core,739475,53981675,73,,749994
2989,2026-10-02T09:39:49,2026-10-02T09:20:14,Chaos Core,739475,119794950,162,,749994
2990,2026-10-02T09:39:52,2026-10-02T09:20:14,Chaos Core,738906,738906,1,,749994
2991,2026-10-02T09:40:52,2026-10-02T09:20:14,Chaos Core,738236,34697092,47,,749993
2992,2026-10-02T09:40:57,2026-10-02T09:20:14,Chaos Core,737724,165250176,224,,749993
2993,2026-10-02T09:41:23,2026-10-02T09:20:14,Chaos Core,746000,746000,1,,749993
2994,2026-10-02T09:42:18,2026-10-02T09:20:14,Chaos Core,730000,730000,1,,749993
2995,2026-10-02T09:43:30,2026-10-02T09:20:14,Chaos Core,730000,140160000,192,,749989
2996,2026-10-02T09:44:23,2026-10-02T09:20:14,Upgrade Core Set (Ultimate) X 1,447200,16546400,37,,509787
2997,2026-10-02T09:48:35,2026-10-02T09:20:14,Chaos Core,730000,35040000,48,,749981
2998,2026-10-02T09:48:53,2026-10-02T09:20:14,Chaos Core,730000,27740000,38,,749981
2999,2026-10-02T09:50:04,2026-10-02T09:20:14,Chaos Core,730000,48180000,66,,749981
3000,2026-10-02T09:50:23,2026-10-02T09:20:14,Chaos Core,737724,737724,1,,749981
3001,2026-10-02T09:50:36,2026-10-02T09:20:14,Chaos Core,738236,738236,1,,749981
3002,2026-10-02T09:51:02,2026-10-02T09:20:14,Chaos Core,739475,739475,1,,749981
3003,2026-10-02T10:44:16,2026-10-02T10:41:49,Chaos Core,744718,36491182,49,,749906
3004,2026-10-02T10:44:24,2026-10-02T10:41:49,Chaos Core,744718,46172516,62,,749906
3005,2026-10-02T10:44:32,2026-10-02T10:41:49,Chaos Core,744718,68514056,92,,749906
3006,2026-10-02T10:44:39,2026-10-02T10:41:49,Chaos Core,745353,745353,1,,749906
3007,2026-10-02T10:48:59,2026-10-02T10:41:49,Chaos Core,728831,81629072,112,,749898
3008,2026-10-02T10:49:13,2026-10-02T10:41:49,Chaos Core,745353,1490706,2,,749898
3009,2026-10-02T10:50:05,2026-10-02T10:41:49,Chaos Core,728831,82357903,113,,749898
3010,2026-10-02T10:50:14,2026-10-02T10:41:49,Chaos Core,744700,72235900,97,,749898
3011,2026-10-02T10:51:58,2026-10-02T10:41:49,Chaos Core,727176,53083848,73,,749891
3012,2026-10-02T10:52:05,2026-10-02T10:41:49,Chaos Core,727176,9453288,13,,749891
3013,2026-10-02T10:52:12,2026-10-02T10:41:49,Chaos Core,727176,18179400,25,,749891
3014,2026-10-02T10:52:22,2026-10-02T10:41:49,Chaos Core,728294,83025516,114,,749891
3015,2026-10-02T10:53:28,2026-10-02T10:41:49,Chaos Core,730000,33580000,46,,749888
3016,2026-10-02T10:53:40,2026-10-02T10:41:49,Chaos Core,744718,744718,1,,749888
3017,2026-10-02T10:54:15,2026-10-02T10:41:49,Chaos Core,745353,745353,1,,749888
3018,2026-10-02T10:59:37,2026-10-02T10:41:49,Chaos Core,724794,71754606,99,,749873
3019,2026-10-02T10:59:49,2026-10-02T10:41:49,Chaos Core,744700,744700,1,,749873
3020,2026-10-02T11:00:13,2026-10-02T10:41:49,Chaos Core,745353,1490706,2,,749873
3021,2026-10-02T11:03:25,2026-10-02T10:41:49,Chaos Core,723050,2892200,4,,749863
3022,2026-10-02T11:04:30,2026-10-02T10:41:49,Chaos Core,730000,730000,1,,749863
3023,2026-10-02T11:04:54,2026-10-02T10:41:49,Chaos Core,745000,9685000,13,,749863
3024,2026-10-02T11:08:59,2026-10-02T10:41:49,Chaos Core,721724,7217240,10,,749845
3025,2026-10-02T11:09:07,2026-10-02T10:41:49,Chaos Core,721724,82276536,114,,749845
3026,2026-10-02T11:10:03,2026-10-02T10:41:49,Chaos Core,721724,82276536,114,,749845
3027,2026-10-02T11:10:16,2026-10-02T10:41:49,Chaos Core,727176,727176,1,,749845
3028,2026-10-02T11:10:35,2026-10-02T10:41:49,Chaos Core,728294,728294,1,,749845
3029,2026-10-02T11:15:58,2026-10-02T10:41:49,Force Core Set (Highest) X 14,184709,2585926,14,,190000
3030,2026-10-02T11:16:00,2026-10-02T10:41:49,Force Core Set (Highest) X 22,184709,4063598,22,,190000
3031,2026-10-02T11:22:14,2026-10-02T10:41:49,Force Core Set (Highest) X 1,184709,1477672,8,,189999
3032,2026-10-02T11:22:45,2026-10-02T10:41:49,Force Core Set (Highest) X 28,182142,5100000,28,,189998
3033,2026-10-02T11:49:30,2026-10-02T11:32:02,Force Core Set (Highest) X 1,184708,16069596,87,,189961
3034,2026-10-02T11:49:33,2026-10-02T11:32:02,Force Core Set (Highest) X 69,184708,12744920,69,,189961
3035,2026-10-02T11:49:35,2026-10-02T11:32:02,Force Core Set (Highest) X 129,184708,23827332,129,,189961
3036,2026-10-02T11:50:25,2026-10-02T11:32:02,Upgrade Core Set (Ultimate) X 8,401395,3211167,8,,440000
3037,2026-10-02T11:55:04,2026-10-02T11:32:02,Chaos Core,737417,2212251,3,,749725
3038,2026-10-02T11:55:10,2026-10-02T11:32:02,Chaos Core,737417,71529449,97,,749725
3039,2026-10-02T11:55:20,2026-10-02T11:32:02,Chaos Core,738500,70157500,95,,749725
3040,2026-10-02T11:56:22,2026-10-02T11:32:02,Chaos Core,736773,58205067,79,,749721
3041,2026-10-02T11:56:26,2026-10-02T11:32:02,Chaos Core,735636,69885420,95,,749721
3042,2026-10-02T11:57:40,2026-10-02T11:32:02,Chaos Core,738500,738500,1,,749719
3043,2026-10-02T11:57:44,2026-10-02T11:32:02,Chaos Core,726252,19608804,27,,749719
3044,2026-10-02T11:57:57,2026-10-02T11:32:02,Chaos Core,736773,736773,1,,749719
3045,2026-10-02T11:58:01,2026-10-02T11:32:02,Chaos Core,726252,6536268,9,,749719
3046,2026-10-02T11:58:08,2026-10-02T11:32:02,Chaos Core,726252,144524148,199,,749719
3047,2026-10-02T12:40:56,2026-10-02T12:35:13,Chaos Core,745000,86420000,116,,776588
3048,2026-10-02T12:41:19,2026-10-02T12:35:13,Chaos Core,750000,750000,1,,776588
3049,2026-10-02T13:11:24,2026-10-02T12:35:13,Chaos Core,739648,24408384,33,,776568
3050,2026-10-02T13:11:28,2026-10-02T12:35:13,Chaos Core,739648,84319872,114,,776568
3051,2026-10-02T13:12:36,2026-10-02T12:35:13,Chaos Core,740226,13324068,18,,776567
3052,2026-10-02T13:12:40,2026-10-02T12:35:13,Chaos Core,726252,50837640,70,,776567
3053,2026-10-02T13:12:44,2026-10-02T12:35:13,Chaos Core,726252,153965424,212,,776567
3054,2026-10-02T13:13:41,2026-10-02T12:35:13,Force Core Set (Highest) X 18,173684,3126312,18,,189879
3055,2026-10-02T13:13:44,2026-10-02T12:35:13,Force Core Set (Highest) X 76,173684,13200000,76,,189879
3056,2026-10-02T13:16:13,2026-10-02T12:35:13,Chaos Core,726252,34860096,48,,776562
3057,2026-10-02T13:16:24,2026-10-02T12:35:13,Chaos Core,740220,740220,1,,776562
3058,2026-10-02T13:16:44,2026-10-02T12:35:13,Chaos Core,741999,2225997,3,,776562
3059,2026-10-02T13:17:04,2026-10-02T12:35:13,Chaos Core,744283,5209981,7,,776562
3060,2026-10-02T13:17:26,2026-10-02T12:35:13,Chaos Core,744283,85592545,115,,776562
3061,2026-10-02T13:19:29,2026-10-02T12:35:13,Chaos Core,726252,82792728,114,,776558
3062,2026-10-02T13:19:39,2026-10-02T12:35:13,Chaos Core,726252,1452504,2,,776558
3063,2026-10-02T13:19:43,2026-10-02T12:35:13,Chaos Core,725143,29005720,40,,776558
3064,2026-10-02T13:20:03,2026-10-02T12:35:13,Chaos Core,726252,726252,1,,776558
3065,2026-10-02T13:20:15,2026-10-02T12:35:13,Chaos Core,726252,2905008,4,,776558
3066,2026-10-02T13:20:28,2026-10-02T12:35:13,Chaos Core,726252,726252,1,,776558
3067,2026-10-02T13:21:25,2026-10-02T12:35:13,Chaos Core,726252,82792728,114,,776556
3068,2026-10-02T13:21:29,2026-10-02T12:35:13,Chaos Core,724000,65160000,90,,776556
3069,2026-10-02T13:22:54,2026-10-02T12:35:13,Chaos Core,726252,726252,1,,776553
3070,2026-10-02T13:23:22,2026-10-02T12:35:13,Chaos Core,770000,13090000,17,,776553
3071,2026-10-02T13:26:51,2026-10-02T12:35:13,Divine Stone,700000,115500000,165,,710710
3072,2026-10-02T13:27:44,2026-10-02T12:35:13,Divine Stone,700000,16100000,23,,710710
3073,2026-10-02T13:27:51,2026-10-02T12:35:13,Divine Stone,700000,99400000,142,,710710
3074,2026-10-02T13:28:44,2026-10-02T12:35:13,Divine Stone,700000,48300000,69,,708998
3075,2026-10-02T13:28:50,2026-10-02T12:35:13,Divine Stone,700000,10500000,15,,708998
3076,2026-10-02T13:28:58,2026-10-02T12:35:13,Divine Stone,700000,29400000,42,,708998
3077,2026-10-02T13:29:06,2026-10-02T12:35:13,Divine Stone,700000,14700000,21,,708998
3078,2026-10-02T13:32:28,2026-10-02T12:35:13,Chaos Core,726252,35586348,49,,776533
3079,2026-10-02T13:33:18,2026-10-02T12:35:13,Chaos Core,726252,35586348,49,,776533
3080,2026-10-02T13:33:27,2026-10-02T12:35:13,Chaos Core,767195,767195,1,,776533
3081,2026-10-02T13:34:16,2026-10-02T12:35:13,Chaos Core,726252,4357512,6,,776527
3082,2026-10-02T13:34:23,2026-10-02T12:35:13,Chaos Core,767195,767195,1,,776527
3083,2026-10-02T13:34:28,2026-10-02T12:35:13,Chaos Core,726252,1452504,2,,776527
3084,2026-10-02T13:34:36,2026-10-02T12:35:13,Chaos Core,768399,6915591,9,,776527
3085,2026-10-02T14:12:13,2026-10-02T12:35:13,Force Core Set (Highest) X 94,180851,17000000,94,,189797
3086,2026-10-02T15:53:32,2026-10-02T15:50:50,Divine Stone,702400,21072000,30,,710710
3087,2026-10-02T15:53:38,2026-10-02T15:50:50,Divine Stone,702400,94824000,135,,710710
3088,2026-10-02T15:54:32,2026-10-02T15:50:50,Divine Stone,702400,80776000,115,,710709
3089,2026-10-02T15:54:39,2026-10-02T15:50:50,Divine Stone,702400,18262400,26,,710709
3090,2026-10-02T15:55:27,2026-10-02T15:50:50,Divine Stone,702400,101145600,144,,710709
3091,2026-10-02T16:00:04,2026-10-02T15:50:50,Chaos Core,721660,40412960,56,,765900
3092,2026-10-02T16:00:15,2026-10-02T15:50:50,Chaos Core,721660,4329960,6,,765900
3093,2026-10-02T16:00:42,2026-10-02T15:50:50,Chaos Core,726250,726250,1,,765900
3094,2026-10-02T16:00:53,2026-10-02T15:50:50,Chaos Core,726252,726252,1,,765900
3095,2026-10-02T16:02:17,2026-10-02T15:50:50,Chaos Core,747961,1495922,2,,765900
3096,2026-10-02T16:03:07,2026-10-02T15:50:50,Upgrade Core Set (Ultimate) X 450,475475,213963750,450,,643857
3097,2026-10-02T16:08:17,2026-10-02T15:50:50,Upgrade Core Set (Ultimate) X 30,466666,14000000,30,,643850
3098,2026-10-02T16:08:20,2026-10-02T15:50:50,Upgrade Core Set (Ultimate) X 103,466666,48066598,103,,643850
3099,2026-10-02T16:16:27,2026-10-02T15:50:50,Divine Stone,702500,77977500,111,,710697
3100,2026-10-02T16:16:33,2026-10-02T15:50:50,Divine Stone,702500,27397500,39,,710697
3101,2026-10-02T16:53:49,2026-10-02T15:50:50,Divine Stone,702500,2107500,3,,710677
3102,2026-10-02T16:53:57,2026-10-02T15:50:50,Divine Stone,705000,5640000,8,,710677
3103,2026-10-02T16:54:05,2026-10-02T15:50:50,Divine Stone,705000,80370000,114,,710677
3104,2026-10-02T16:54:10,2026-10-02T15:50:50,Divine Stone,705000,26085000,37,,710677
3105,2026-10-02T16:55:10,2026-10-02T15:50:50,Divine Stone,705000,11985000,17,,710676
3106,2026-10-02T16:55:25,2026-10-02T15:50:50,Divine Stone,705000,80370000,114,,710676
3107,2026-10-02T16:55:29,2026-10-02T15:50:50,Divine Stone,705000,3525000,5,,710676
3108,2026-10-02T16:55:38,2026-10-02T15:50:50,Divine Stone,705000,11985000,17,,710676
3109,2026-10-02T16:59:49,2026-10-02T15:50:50,Divine Stone,705000,705000,1,,710678
3110,2026-10-02T16:59:57,2026-10-02T15:50:50,Divine Stone,705000,35955000,51,,710678
3111,2026-10-02T17:00:16,2026-10-02T15:50:50,Divine Stone,706216,1412432,2,,710678
3112,2026-10-02T17:02:48,2026-10-02T15:50:50,Force Core Set (Highest) X 8,172727,1381816,8,,189659
3113,2026-10-02T17:02:50,2026-10-02T15:50:50,Force Core Set (Highest) X 78,172727,13472706,78,,189659
3114,2026-10-02T17:02:53,2026-10-02T15:50:50,Force Core Set (Highest) X 82,172727,14163614,82,,189659
3115,2026-10-02T17:02:56,2026-10-02T15:50:50,Force Core Set (Highest) X 97,172727,16754519,97,,189659
3116,2026-10-02T17:03:49,2026-10-02T15:50:50,Force Core Set (Highest) X 101,172727,17445427,101,,189656
3117,2026-10-02T17:03:52,2026-10-02T15:50:50,Force Core Set (Highest) X 158,172727,27290866,158,,189656
3118,2026-10-02T17:26:31,2026-10-02T17:23:38,Chaos Core,737000,184250000,250,,765664
3119,2026-10-02T17:26:52,2026-10-02T17:23:38,Chaos Core,737000,1474000,2,,765664
3120,2026-10-02T17:29:30,2026-10-02T17:23:38,Chaos Core,737000,183513000,249,,765661
3121,2026-10-02T17:35:30,2026-10-02T17:23:38,Chaos Core,730190,83241660,114,,765630
3122,2026-10-02T17:35:44,2026-10-02T17:23:38,Chaos Core,737000,86966000,118,,765630
3123,2026-10-02T17:35:58,2026-10-02T17:23:38,Chaos Core,737000,1474000,2,,765630
3124,2026-10-02T17:37:46,2026-10-02T17:23:38,Chaos Core,737000,182039000,247,,765623
3125,2026-10-02T17:37:58,2026-10-02T17:23:38,Chaos Core,736000,1472000,2,,765623
3126,2026-10-02T17:39:41,2026-10-02T17:23:38,Chaos Core,736000,22080000,30,,765618
3127,2026-10-02T17:39:54,2026-10-02T17:23:38,Chaos Core,737000,737000,1,,765618
3128,2026-10-02T17:40:07,2026-10-02T17:23:38,Chaos Core,737000,737000,1,,765618
3129,2026-10-02T17:40:28,2026-10-02T17:23:38,Chaos Core,740000,19240000,26,,765618
3130,2026-10-02T17:40:43,2026-10-02T17:23:38,Chaos Core,737777,50168836,68,,765618
3131,2026-10-02T17:40:54,2026-10-02T17:23:38,Chaos Core,737000,737000,1,,765618
3132,2026-10-02T17:41:08,2026-10-02T17:23:38,Chaos Core,740000,76960000,104,,765618
3133,2026-10-02T18:49:23,2026-10-02T18:42:32,Upgrade Core Set (Ultimate) X 93,446425,41517525,93,,643702
3134,2026-10-02T18:49:28,2026-10-02T18:42:32,Upgrade Core Set (Ultimate) X 5,475474,52302140,110,,643702
3135,2026-10-02T19:27:32,2026-10-02T19:09:12,Chaos Core,723453,99113061,137,,765446
3136,2026-10-02T19:27:46,2026-10-02T19:09:12,Chaos Core,724091,131060471,181,,765446
3137,2026-10-02T19:29:32,2026-10-02T19:09:12,Chaos Core,725370,67459410,93,,765442
3138,2026-10-02T19:29:45,2026-10-02T19:09:12,Chaos Core,735555,735555,1,,765442
3139,2026-10-02T19:30:43,2026-10-02T19:09:12,Chaos Core,719768,136036152,189,,765442
3140,2026-10-02T19:30:47,2026-10-02T19:09:12,Chaos Core,719768,1439536,2,,765442
3141,2026-10-02T19:53:00,2026-10-02T19:41:37,Chaos Core,728157,23301024,32,,765385
3142,2026-10-02T19:53:14,2026-10-02T19:41:37,Chaos Core,735000,33075000,45,,765385
3143,2026-10-02T19:53:28,2026-10-02T19:41:37,Chaos Core,741105,28903095,39,,765385
3144,2026-10-02T19:53:38,2026-10-02T19:41:37,Chaos Core,741624,35597952,48,,765385
3145,2026-10-02T19:53:43,2026-10-02T19:41:37,Chaos Core,742732,742732,1,,765385
3146,2026-10-02T20:34:39,2026-10-02T19:41:37,Chaos Core,726000,104544000,144,,765257
3147,2026-10-02T20:53:29,2026-10-02T19:41:37,Chaos Core,720074,2880296,4,,744928
3148,2026-10-02T20:53:36,2026-10-02T19:41:37,Chaos Core,720622,2161866,3,,744928
3149,2026-10-02T20:53:46,2026-10-02T19:41:37,Chaos Core,720622,4323732,6,,744928
3150,2026-10-02T20:53:56,2026-10-02T19:41:37,Chaos Core,721348,721348,1,,744928
3151,2026-10-02T20:54:08,2026-10-02T19:41:37,Chaos Core,721348,13705612,19,,744928
3152,2026-10-02T20:54:20,2026-10-02T19:41:37,Chaos Core,728157,5825256,8,,744928
3153,2026-10-02T20:54:33,2026-10-02T19:41:37,Chaos Core,728157,2912628,4,,744928
3154,2026-10-02T20:54:47,2026-10-02T19:41:37,Chaos Core,728157,3640785,5,,744928
3155,2026-10-02T20:55:01,2026-10-02T19:41:37,Chaos Core,728157,3640785,5,,744928
3156,2026-10-02T20:55:15,2026-10-02T19:41:37,Chaos Core,728157,2912628,4,,744928
3157,2026-10-02T20:55:29,2026-10-02T19:41:37,Chaos Core,728157,5825256,8,,744928
3158,2026-10-02T20:55:43,2026-10-02T19:41:37,Chaos Core,728157,2184471,3,,744928
3159,2026-10-02T20:55:54,2026-10-02T19:41:37,Chaos Core,728157,5097099,7,,744928
3160,2026-10-02T20:56:01,2026-10-02T19:41:37,Chaos Core,728157,728157,1,,744928
3161,2026-10-02T20:56:09,2026-10-02T19:41:37,Chaos Core,728157,5825256,8,,744928
3162,2026-10-02T20:56:19,2026-10-02T19:41:37,Chaos Core,735000,50715000,69,,744928
3163,2026-10-02T20:56:22,2026-10-02T19:41:37,Chaos Core,728157,728157,1,,744928
3164,2026-10-02T22:15:04,2026-10-02T19:41:37,Upgrade Core Set (Ultimate) X 1,475474,37562446,79,,643470
3165,2026-10-02T22:22:38,2026-10-02T19:41:37,Chaos Core,720324,10804860,15,,744567
3166,2026-10-02T22:22:46,2026-10-02T19:41:37,Chaos Core,720324,138302208,192,,744567
3167,2026-10-03T00:42:30,2026-10-03T00:39:07,Divine Stone,699999,76299891,109,,710693
3168,2026-10-03T00:42:37,2026-10-03T00:39:07,Divine Stone,699999,39199944,56,,710693
3169,2026-10-03T00:43:30,2026-10-03T00:39:07,Divine Stone,699999,104999850,150,,710693
3170,2026-10-03T00:44:19,2026-10-03T00:39:07,Divine Stone,699999,1399998,2,,709876
3171,2026-10-03T00:44:26,2026-10-03T00:39:07,Divine Stone,699999,68599902,98,,709876
3172,2026-10-03T00:44:33,2026-10-03T00:39:07,Divine Stone,699999,39199944,56,,709876
3173,2026-10-03T00:48:47,2026-10-03T00:39:07,Chaos Core,728771,107129337,147,,743981
3174,2026-10-03T00:50:54,2026-10-03T00:39:07,Force Core Set (High) X 26,159159,4138134,26,,165000
3175,2026-10-03T00:50:58,2026-10-03T00:39:07,Force Core Set (High) X 81,159518,12920958,81,,165000
3176,2026-10-03T00:51:02,2026-10-03T00:39:07,Force Core Set (High) X 298,159519,47536959,298,,165000
3177,2026-10-03T01:05:36,2026-10-03T00:39:07,Force Core Set (Highest) X 25,140000,3500000,25,,180000
3178,2026-10-03T02:04:09,2026-10-03T00:39:07,Force Core Set (High) X 193,159159,30717687,193,,165000
3179,2026-10-03T02:04:12,2026-10-03T00:39:07,Force Core Set (High) X 265,159159,42177135,265,,165000
3180,2026-10-03T02:26:33,2026-10-03T00:39:07,Chaos Core,719351,140273445,195,,733505
3181,2026-10-03T02:45:26,2026-10-03T02:40:51,Chaos Core,718750,5031250,7,,733500
3182,2026-10-03T02:45:40,2026-10-03T02:40:51,Chaos Core,718759,98469983,137,,733500
3183,2026-10-03T02:45:54,2026-10-03T02:40:51,Chaos Core,718759,166033329,231,,733500
3184,2026-10-03T02:47:31,2026-10-03T02:40:51,Chaos Core,718759,38812986,54,,733495
3185,2026-10-03T02:47:59,2026-10-03T02:40:51,Chaos Core,720584,72058400,100,,733495
3186,2026-10-03T02:48:20,2026-10-03T02:40:51,Chaos Core,721000,1442000,2,,733495
3187,2026-10-03T02:49:36,2026-10-03T02:40:51,Chaos Core,721000,82915000,115,,733492
3188,2026-10-03T02:49:50,2026-10-03T02:40:51,Chaos Core,721000,35329000,49,,733492
3189,2026-10-03T02:50:09,2026-10-03T02:40:51,Chaos Core,721178,721178,1,,733492
3190,2026-10-03T02:52:44,2026-10-03T02:40:51,Upgrade Core Set (Ultimate) X 12,465517,5586204,12,,473840
3191,2026-10-03T02:52:47,2026-10-03T02:40:51,Upgrade Core Set (Ultimate) X 29,465517,13500000,29,,473840
3192,2026-10-03T03:59:11,2026-10-03T02:40:51,Chaos Core,713838,29981196,42,,719885
3193,2026-10-03T03:59:17,2026-10-03T02:40:51,Chaos Core,713838,177031824,248,,719885
3194,2026-10-03T03:59:24,2026-10-03T02:40:51,Chaos Core,715000,715000,1,,719885
3195,2026-10-03T04:00:28,2026-10-03T02:40:51,Chaos Core,713277,32810742,46,,719884
3196,2026-10-03T04:00:44,2026-10-03T02:40:51,Chaos Core,715000,1430000,2,,719884
3197,2026-10-03T04:03:57,2026-10-03T02:40:51,Chaos Core,713277,37090404,52,,719879
3198,2026-10-03T04:04:04,2026-10-03T02:40:51,Chaos Core,713277,3566385,5,,719879
3199,2026-10-03T04:07:39,2026-10-03T02:40:51,Chaos Core,712665,12115305,17,,719873
3200,2026-10-03T04:09:05,2026-10-03T02:40:51,Chaos Core,715000,715000,1,,719873
3201,2026-10-03T04:09:50,2026-10-03T02:40:51,Chaos Core,712145,43440845,61,,719872
3202,2026-10-03T04:10:14,2026-10-03T02:40:51,Chaos Core,715000,1430000,2,,719872
3203,2026-10-03T04:18:22,2026-10-03T02:40:51,Chaos Core,713277,713277,1,,719859
3204,2026-10-03T04:18:27,2026-10-03T02:40:51,Chaos Core,709779,32649834,46,,719859
3205,2026-10-03T04:18:39,2026-10-03T02:40:51,Chaos Core,713277,713277,1,,719859
3206,2026-10-03T04:19:28,2026-10-03T02:40:51,Chaos Core,708595,94243135,133,,719858
3207,2026-10-03T04:19:34,2026-10-03T02:40:51,Chaos Core,708595,169354205,239,,719858
3208,2026-10-03T04:23:38,2026-10-03T02:40:51,Chaos Core,713277,713277,1,,719854
3209,2026-10-03T04:23:43,2026-10-03T02:40:51,Chaos Core,708595,58813385,83,,719854
3210,2026-10-03T04:33:52,2026-10-03T02:40:51,Force Core Set (High) X 54,159159,8594586,54,,165000
3211,2026-10-03T04:33:55,2026-10-03T02:40:51,Force Core Set (High) X 56,159159,8912904,56,,165000
3212,2026-10-03T04:33:58,2026-10-03T02:40:51,Force Core Set (High) X 77,159159,12255243,77,,165000
3213,2026-10-03T04:34:01,2026-10-03T02:40:51,Force Core Set (High) X 189,159159,30081051,189,,165000
3214,2026-10-03T04:42:42,2026-10-03T02:40:51,Chaos Core,713193,89862318,126,,719798
3215,2026-10-03T04:49:28,2026-10-03T02:40:51,Chaos Core,710706,176965794,249,,719785
3216,2026-10-03T04:51:20,2026-10-03T02:40:51,Chaos Core,710706,93813192,132,,719784
3217,2026-10-03T04:51:27,2026-10-03T02:40:51,Chaos Core,710706,8528472,12,,719784
3218,2026-10-03T04:51:36,2026-10-03T02:40:51,Chaos Core,710706,136455552,192,,719784
3219,2026-10-03T04:52:44,2026-10-03T02:40:51,Chaos Core,710115,36215865,51,,719783
3220,2026-10-03T04:52:49,2026-10-03T02:40:51,Chaos Core,710115,92314950,130,,719783
3221,2026-10-03T04:52:56,2026-10-03T02:40:51,Chaos Core,710116,1420232,2,,719783
3222,2026-10-03T04:54:02,2026-10-03T02:40:51,Chaos Core,710116,176818884,249,,719783
3223,2026-10-03T05:00:47,2026-10-03T02:40:51,Force Core Set (High) X 10,159158,31831600,200,,165000
3224,2026-10-03T05:04:42,2026-10-03T02:40:51,Force Core Set (Highest) X 1,188886,16810854,89,,198832
3225,2026-10-03T05:04:46,2026-10-03T02:40:51,Force Core Set (Highest) X 5,188886,4722150,25,,198832
3226,2026-10-03T05:04:49,2026-10-03T02:40:51,Force Core Set (Highest) X 32,188886,6044352,32,,198832
3227,2026-10-03T05:04:52,2026-10-03T02:40:51,Force Core Set (Highest) X 32,188886,6044352,32,,198832
3228,2026-10-03T05:04:54,2026-10-03T02:40:51,Force Core Set (Highest) X 44,188886,8310984,44,,198832
3229,2026-10-03T05:05:25,2026-10-03T02:40:51,Force Core Set (Highest) X 66,188886,12466541,66,,198832
3230,2026-10-03T05:05:28,2026-10-03T02:40:51,Force Core Set (Highest) X 107,188886,20210802,107,,198832
3231,2026-10-03T05:05:32,2026-10-03T02:40:51,Force Core Set (Highest) X 1,188887,5099949,27,,198832
3232,2026-10-03T05:06:03,2026-10-03T02:40:51,Force Core Set (Highest) X 1,188887,188887,1,,198830
3233,2026-10-03T05:06:07,2026-10-03T02:40:51,Force Core Set (Highest) X 1,188887,21722005,115,,198830
3234,2026-10-03T05:06:10,2026-10-03T02:40:51,Force Core Set (Highest) X 1,188887,188887,1,,198830
3235,2026-10-03T05:06:13,2026-10-03T02:40:51,Force Core Set (Highest) X 9,188887,1699983,9,,198830
3236,2026-10-03T05:06:17,2026-10-03T02:40:51,Force Core Set (Highest) X 10,188887,15110960,80,,198830
3237,2026-10-03T05:13:46,2026-10-03T02:40:51,Divine Stone,650000,20150000,31,,704460
3238,2026-10-03T05:13:55,2026-10-03T02:40:51,Divine Stone,700000,1400000,2,,704460
3239,2026-10-03T05:24:10,2026-10-03T02:40:51,Chaos Core,700000,8400000,12,,719775
3240,2026-10-03T05:24:17,2026-10-03T02:40:51,Chaos Core,700000,67900000,97,,719775
3241,2026-10-03T05:24:29,2026-10-03T02:40:51,Chaos Core,720892,1441784,2,,719775
3242,2026-10-03T05:26:04,2026-10-03T02:40:51,Chaos Core,700000,132300000,189,,719773
3243,2026-10-03T05:26:57,2026-10-03T02:40:51,Chaos Core,699443,67845971,97,,719772
3244,2026-10-03T05:27:16,2026-10-03T02:40:51,Chaos Core,722717,1445434,2,,719772
3245,2026-10-03T05:38:00,2026-10-03T02:40:51,Force Core Set (High) X 1,159158,18303170,115,,164999
3246,2026-10-03T05:38:03,2026-10-03T02:40:51,Force Core Set (High) X 2,159158,318316,2,,164999
3247,2026-10-03T05:38:07,2026-10-03T02:40:51,Force Core Set (High) X 3,159158,2387370,15,,164999
3248,2026-10-03T05:38:10,2026-10-03T02:40:51,Force Core Set (High) X 11,159158,1750738,11,,164999
3249,2026-10-03T05:38:13,2026-10-03T02:40:51,Force Core Set (High) X 15,159158,2387370,15,,164999
3250,2026-10-03T05:43:44,2026-10-03T02:40:51,Force Core Set (Highest) X 57,175438,10000000,57,,192992
3251,2026-10-03T05:47:19,2026-10-03T02:40:51,Chaos Core,714000,714000,1,,719815
3252,2026-10-03T05:48:25,2026-10-03T02:40:51,Chaos Core,723273,723273,1,,719815
3253,2026-10-03T05:48:34,2026-10-03T02:40:51,Chaos Core,724436,3622180,5,,719815
3254,2026-10-03T05:48:40,2026-10-03T02:40:51,Chaos Core,725000,7975000,11,,719815
3255,2026-10-03T06:02:08,2026-10-03T02:40:51,Upgrade Core Set (Ultimate) X 455,446425,203123375,455,,473739
3256,2026-10-03T06:35:49,2026-10-03T02:40:51,Force Core Set (Highest) X 1,190200,5515800,29,,198832
3257,2026-10-03T06:35:52,2026-10-03T02:40:51,Force Core Set (Highest) X 6,190200,1141200,6,,198832
3258,2026-10-03T06:35:55,2026-10-03T02:40:51,Force Core Set (Highest) X 9,190200,1711800,9,,198832
3259,2026-10-03T06:35:58,2026-10-03T02:40:51,Force Core Set (Highest) X 13,190200,2472600,13,,198832
3260,2026-10-03T06:36:01,2026-10-03T02:40:51,Force Core Set (Highest) X 144,190200,27388800,144,,198832
3261,2026-10-03T06:36:30,2026-10-03T02:40:51,Force Core Set (Highest) X 31,190200,5896200,31,,198831
3262,2026-10-03T06:36:33,2026-10-03T02:40:51,Force Core Set (Highest) X 208,190200,39561600,208,,198831
3263,2026-10-03T06:37:02,2026-10-03T02:40:51,Force Core Set (Highest) X 25,190200,4755000,25,,198830
3264,2026-10-03T06:37:05,2026-10-03T02:40:51,Force Core Set (Highest) X 249,190200,47359800,249,,198830
3265,2026-10-03T06:40:28,2026-10-03T02:40:51,Divine Stone,650000,4550000,7,,704411
3266,2026-10-03T06:40:37,2026-10-03T02:40:51,Divine Stone,700000,7700000,11,,704411
3267,2026-10-03T06:52:17,2026-10-03T02:40:51,Force Core Set (High) X 65,154923,10070000,65,,165000
3268,2026-10-03T06:52:21,2026-10-03T02:40:51,Force Core Set (High) X 1,155000,10695000,69,,165000
3269,2026-10-03T06:52:24,2026-10-03T02:40:51,Force Core Set (High) X 26,155000,4030000,26,,165000
3270,2026-10-03T06:52:28,2026-10-03T02:40:51,Force Core Set (High) X 1,159158,6366320,40,,165000
3271,2026-10-03T06:53:40,2026-10-03T02:40:51,Chaos Core,713928,13564632,19,,719815
3272,2026-10-03T06:53:47,2026-10-03T02:40:51,Chaos Core,713928,13564632,19,,719815
3273,2026-10-03T06:53:54,2026-10-03T02:40:51,Chaos Core,713928,29271048,41,,719815
3274,2026-10-03T06:54:11,2026-10-03T02:40:51,Chaos Core,715826,1431652,2,,719815
3275,2026-10-03T06:54:54,2026-10-03T02:40:51,Chaos Core,713928,2141784,3,,719814
3276,2026-10-03T06:55:13,2026-10-03T02:40:51,Chaos Core,715826,10737390,15,,719814
3277,2026-10-03T06:56:29,2026-10-03T02:40:51,Chaos Core,713928,37838184,53,,719813
3278,2026-10-03T06:56:35,2026-10-03T02:40:51,Chaos Core,713928,31412832,44,,719813
3279,2026-10-03T06:56:57,2026-10-03T02:40:51,Chaos Core,715826,1431652,2,,719813
3280,2026-10-03T07:03:20,2026-10-03T02:40:51,Chaos Core,712639,1425278,2,,719807
3281,2026-10-03T07:03:41,2026-10-03T02:40:51,Chaos Core,715826,11453216,16,,719807
3282,2026-10-03T07:05:06,2026-10-03T02:40:51,Force Core Set (High) X 10,159158,31831600,200,,165000
3283,2026-10-03T07:11:45,2026-10-03T02:40:51,Chaos Core,713921,18561946,26,,719802
3284,2026-10-03T07:11:58,2026-10-03T02:40:51,Chaos Core,715125,715125,1,,719802
3285,2026-10-03T07:13:29,2026-10-03T02:40:51,Chaos Core,712000,9256000,13,,719800
3286,2026-10-03T07:13:36,2026-10-03T02:40:51,Chaos Core,712000,6408000,9,,719800
3287,2026-10-03T07:14:43,2026-10-03T02:40:51,Chaos Core,712000,1424000,2,,719800
3288,2026-10-03T07:15:27,2026-10-03T02:40:51,Chaos Core,712000,9256000,13,,719798
3289,2026-10-03T07:15:45,2026-10-03T02:40:51,Chaos Core,715000,3575000,5,,719798
3290,2026-10-03T07:18:05,2026-10-03T02:40:51,Chaos Core,712000,172304000,242,,719793
3291,2026-10-03T07:18:11,2026-10-03T02:40:51,Chaos Core,712000,712000,1,,719793
3292,2026-10-03T07:19:08,2026-10-03T02:40:51,Chaos Core,712000,712000,1,,719792
3293,2026-10-03T07:19:12,2026-10-03T02:40:51,Chaos Core,712000,67640000,95,,719792
3294,2026-10-03T07:19:19,2026-10-03T02:40:51,Chaos Core,712000,173728000,244,,719792
3295,2026-10-03T07:19:23,2026-10-03T02:40:51,Chaos Core,712000,1424000,2,,719792
3296,2026-10-03T07:20:32,2026-10-03T02:40:51,Chaos Core,712000,177288000,249,,719791
3297,2026-10-03T07:21:30,2026-10-03T02:40:51,Chaos Core,712000,160200000,225,,719790
3298,2026-10-03T07:22:28,2026-10-03T02:40:51,Chaos Core,711486,44823618,63,,719790
3299,2026-10-03T07:22:36,2026-10-03T02:40:51,Chaos Core,712000,66928000,94,,719790
3300,2026-10-03T07:22:40,2026-10-03T02:40:51,Chaos Core,711486,76129002,107,,719790
3301,2026-10-03T07:23:57,2026-10-03T02:40:51,Chaos Core,713921,713921,1,,719789
3302,2026-10-03T07:24:08,2026-10-03T02:40:51,Chaos Core,713921,713921,1,,719789
3303,2026-10-03T07:25:13,2026-10-03T02:40:51,Chaos Core,712000,712000,1,,719789
3304,2026-10-03T07:25:21,2026-10-03T02:40:51,Chaos Core,710966,81050124,114,,719789
3305,2026-10-03T07:25:34,2026-10-03T02:40:51,Chaos Core,712000,712000,1,,719789
3306,2026-10-03T07:25:53,2026-10-03T02:40:51,Chaos Core,712000,712000,1,,719789
3307,2026-10-03T07:26:00,2026-10-03T02:40:51,Chaos Core,710966,710966,1,,719789
3308,2026-10-03T07:27:14,2026-10-03T02:40:51,Force Core Set (High) X 23,159130,3660000,23,,165000
3309,2026-10-03T07:27:17,2026-10-03T02:40:51,Force Core Set (High) X 25,159158,3978950,25,,165000
3310,2026-10-03T07:27:20,2026-10-03T02:40:51,Force Core Set (High) X 37,159158,5888846,37,,165000
3311,2026-10-03T07:27:23,2026-10-03T02:40:51,Force Core Set (High) X 40,159158,6366320,40,,165000
3312,2026-10-03T07:27:26,2026-10-03T02:40:51,Force Core Set (High) X 40,159158,6366320,40,,165000
3313,2026-10-03T07:27:56,2026-10-03T02:40:51,Force Core Set (High) X 40,159158,6366320,40,,165000
3314,2026-10-03T07:27:59,2026-10-03T02:40:51,Force Core Set (High) X 40,159158,6366320,40,,165000
3315,2026-10-03T07:28:02,2026-10-03T02:40:51,Force Core Set (High) X 43,159158,6843794,43,,165000
3316,2026-10-03T07:28:05,2026-10-03T02:40:51,Force Core Set (High) X 48,159158,7639584,48,,165000
3317,2026-10-03T07:28:14,2026-10-03T02:40:51,Force Core Set (High) X 79,159158,12573482,79,,165000
3318,2026-10-03T07:28:41,2026-10-03T02:40:51,Upgrade Core Set (Ultimate) X 10,474166,4741660,10,,602000
3319,2026-10-03T07:28:44,2026-10-03T02:40:51,Upgrade Core Set (Ultimate) X 36,474166,17070000,36,,602000
3320,2026-10-03T07:28:47,2026-10-03T02:40:51,Upgrade Core Set (Ultimate) X 1,474471,474471,1,,602000
3321,2026-10-03T07:29:19,2026-10-03T02:40:51,Upgrade Core Set (Ultimate) X 85,446425,37946125,85,,601999
3322,2026-10-03T07:29:56,2026-10-03T02:40:51,Upgrade Core Set (Ultimate) X 1,475474,475474,1,,601999
3323,2026-10-03T07:35:52,2026-10-03T02:40:51,Force Core Set (High) X 91,159153,14483000,91,,165000
3324,2026-10-03T07:35:56,2026-10-03T02:40:51,Force Core Set (High) X 10,159159,11141130,70,,165000
3325,2026-10-03T07:35:59,2026-10-03T02:40:51,Force Core Set (High) X 28,159159,4456452,28,,165000
3326,2026-10-03T07:36:02,2026-10-03T02:40:51,Force Core Set (High) X 100,159159,15915900,100,,165000
3327,2026-10-03T07:47:58,2026-10-03T02:40:51,Chaos Core,713211,51351192,72,,719774
3328,2026-10-03T07:48:04,2026-10-03T02:40:51,Chaos Core,713211,177589539,249,,719774
3329,2026-10-03T07:50:58,2026-10-03T02:40:51,Chaos Core,714487,17147688,24,,719771
3330,2026-10-03T07:52:32,2026-10-03T02:40:51,Chaos Core,713802,49252338,69,,719769
3331,2026-10-03T07:52:41,2026-10-03T02:40:51,Chaos Core,713802,59245566,83,,719769
3332,2026-10-03T07:52:45,2026-10-03T02:40:51,Chaos Core,712496,31349824,44,,719769
3333,2026-10-03T07:52:55,2026-10-03T02:40:51,Chaos Core,713803,1427606,2,,719769
3334,2026-10-03T07:54:41,2026-10-03T02:40:51,Chaos Core,713803,56390437,79,,719765
3335,2026-10-03T07:55:02,2026-10-03T02:40:51,Chaos Core,715826,1431652,2,,719765
3336,2026-10-03T08:07:20,2026-10-03T02:40:51,Chaos Core,714670,36448170,51,,719780
3337,2026-10-03T08:24:43,2026-10-03T08:21:36,Chaos Core,713348,96301980,135,,719769
3338,2026-10-03T08:24:47,2026-10-03T08:21:36,Chaos Core,712999,5703992,8,,719769
3339,2026-10-03T08:24:55,2026-10-03T08:21:36,Chaos Core,713348,161216648,226,,719769
3340,2026-10-03T08:26:08,2026-10-03T08:21:36,Chaos Core,712999,8555988,12,,719767
3341,2026-10-03T08:26:12,2026-10-03T08:21:36,Chaos Core,712999,81281886,114,,719767
3342,2026-10-03T08:26:27,2026-10-03T08:21:36,Chaos Core,712999,163276771,229,,719767
3343,2026-10-03T08:26:31,2026-10-03T08:21:36,Chaos Core,712999,1425998,2,,719767
3344,2026-10-03T08:27:56,2026-10-03T08:21:36,Chaos Core,713348,177623652,249,,719765
3345,2026-10-03T08:28:54,2026-10-03T08:21:36,Chaos Core,713348,77754932,109,,719764
3346,2026-10-03T08:29:53,2026-10-03T08:21:36,Chaos Core,713348,163356692,229,,719764
3347,2026-10-03T08:29:58,2026-10-03T08:21:36,Chaos Core,713348,713348,1,,719764
3348,2026-10-03T08:31:09,2026-10-03T08:21:36,Chaos Core,712774,69851852,98,,719763
3349,2026-10-03T08:31:25,2026-10-03T08:21:36,Chaos Core,713348,33527356,47,,719763
3350,2026-10-03T08:31:42,2026-10-03T08:21:36,Chaos Core,714000,4284000,6,,719763
3351,2026-10-03T08:32:10,2026-10-03T08:21:36,Chaos Core,713348,1426696,2,,719763
3352,2026-10-03T08:33:10,2026-10-03T08:21:36,Chaos Core,714000,25704000,36,,719758
3353,2026-10-03T08:34:05,2026-10-03T08:21:36,Chaos Core,714000,714000,1,,719758
3354,2026-10-03T08:34:28,2026-10-03T08:21:36,Chaos Core,715155,12157635,17,,719758
3355,2026-10-03T08:41:14,2026-10-03T08:21:36,Chaos Core,713776,23554608,33,,719742
3356,2026-10-03T08:41:20,2026-10-03T08:21:36,Chaos Core,714465,30007530,42,,719742
3357,2026-10-03T08:41:24,2026-10-03T08:21:36,Chaos Core,713776,32833696,46,,719742
3358,2026-10-03T08:42:30,2026-10-03T08:21:36,Chaos Core,715155,1430310,2,,719742
3359,2026-10-03T08:43:21,2026-10-03T08:21:36,Chaos Core,713776,94218432,132,,719746
3360,2026-10-03T08:43:26,2026-10-03T08:21:36,Chaos Core,712654,81242556,114,,719746
3361,2026-10-03T08:51:39,2026-10-03T08:21:36,Upgrade Core Set (Ultimate) X 30,450450,13513500,30,,601929
3362,2026-10-03T08:51:42,2026-10-03T08:21:36,Upgrade Core Set (Ultimate) X 51,450450,22972950,51,,601929
3363,2026-10-03T08:51:45,2026-10-03T08:21:36,Upgrade Core Set (Ultimate) X 54,450450,24324300,54,,601929
3364,2026-10-03T08:51:49,2026-10-03T08:21:36,Upgrade Core Set (Ultimate) X 18,475474,8558532,18,,601929
3365,2026-10-03T08:52:19,2026-10-03T08:21:36,Upgrade Core Set (Ultimate) X 337,475474,160234738,337,,601929
3366,2026-10-03T08:55:47,2026-10-03T08:21:36,Chaos Core,712798,64151820,90,,719764
3367,2026-10-03T08:55:53,2026-10-03T08:21:36,Chaos Core,712798,177486702,249,,719764
3368,2026-10-03T08:57:01,2026-10-03T08:21:36,Chaos Core,712798,32075910,45,,719762
3369,2026-10-03T08:57:46,2026-10-03T08:21:36,Divine Stone,680000,6800000,10,,704499
3370,2026-10-03T08:57:54,2026-10-03T08:21:36,Divine Stone,700000,5600000,8,,704499
3371,2026-10-03T12:37:30,2026-10-03T12:35:08,Chaos Core,730000,181770000,249,,735639
3372,2026-10-03T12:39:08,2026-10-03T12:35:08,Chaos Core,728800,112964000,155,,735641
3373,2026-10-03T12:39:18,2026-10-03T12:35:08,Chaos Core,730000,730000,1,,735641
3374,2026-10-03T12:40:25,2026-10-03T12:35:08,Chaos Core,730263,730263,1,,735641
3375,2026-10-03T12:40:50,2026-10-03T12:35:08,Chaos Core,732000,12444000,17,,735641
3376,2026-10-03T12:42:42,2026-10-03T12:35:08,Chaos Core,728321,69190495,95,,735638
3377,2026-10-03T12:42:49,2026-10-03T12:35:08,Chaos Core,732000,732000,1,,735638
3378,2026-10-03T12:46:12,2026-10-03T12:35:08,Chaos Core,727713,69132735,95,,735631
3379,2026-10-03T12:46:20,2026-10-03T12:35:08,Chaos Core,727713,727713,1,,735631
3380,2026-10-03T12:51:47,2026-10-03T12:35:08,Chaos Core,727713,71315874,98,,735623
3381,2026-10-03T12:52:03,2026-10-03T12:35:08,Chaos Core,731000,731000,1,,735623
3382,2026-10-03T12:52:48,2026-10-03T12:35:08,Chaos Core,727073,158501914,218,,735621
3383,2026-10-03T12:53:00,2026-10-03T12:35:08,Chaos Core,731000,731000,1,,735621
3384,2026-10-03T12:54:00,2026-10-03T12:35:08,Chaos Core,727073,138143870,190,,735619
3385,2026-10-03T12:54:13,2026-10-03T12:35:08,Chaos Core,731000,1462000,2,,735619
3386,2026-10-03T12:55:07,2026-10-03T12:35:08,Chaos Core,727073,166499717,229,,735617
3387,2026-10-03T12:55:13,2026-10-03T12:35:08,Chaos Core,726469,1452938,2,,735617
3388,2026-10-03T13:09:48,2026-10-03T12:35:08,Upgrade Core Set (Ultimate) X 5,475377,2376888,5,,599919
3389,2026-10-03T13:09:51,2026-10-03T12:35:08,Upgrade Core Set (Ultimate) X 10,475377,4753770,10,,599919
3390,2026-10-03T13:09:54,2026-10-03T12:35:08,Upgrade Core Set (Ultimate) X 54,475377,25670358,54,,599919
3391,2026-10-03T13:09:58,2026-10-03T12:35:08,Upgrade Core Set (Ultimate) X 47,475400,22343800,47,,599919
3392,2026-10-03T13:29:09,2026-10-03T12:35:08,Force Core Set (Highest) X 10,189999,37999980,200,,195469
3393,2026-10-03T13:35:44,2026-10-03T12:35:08,Chaos Core,726397,82809258,114,,735480
3394,2026-10-03T13:35:51,2026-10-03T12:35:08,Chaos Core,726909,34164723,47,,735480
3395,2026-10-03T13:35:58,2026-10-03T12:35:08,Chaos Core,726910,726910,1,,735480
3396,2026-10-03T13:37:01,2026-10-03T12:35:08,Chaos Core,726910,7996010,11,,735473
3397,2026-10-03T13:37:11,2026-10-03T12:35:08,Chaos Core,727505,181148745,249,,735473
3398,2026-10-03T13:37:21,2026-10-03T12:35:08,Chaos Core,727508,727508,1,,735473
3399,2026-10-03T13:38:31,2026-10-03T12:35:08,Chaos Core,726338,147446614,203,,735470
3400,2026-10-03T13:38:34,2026-10-03T12:35:08,Chaos Core,726338,726338,1,,735470
3401,2026-10-03T13:40:31,2026-10-03T12:35:08,Force Core Set (High) X 70,120000,8400000,70,,165000
3402,2026-10-03T13:40:34,2026-10-03T12:35:08,Force Core Set (High) X 86,120000,10320000,86,,165000
3403,2026-10-03T13:40:37,2026-10-03T12:35:08,Force Core Set (High) X 119,127271,15145298,119,,165000
3404,2026-10-03T13:44:21,2026-10-03T12:35:08,Chaos Core,724575,86949000,120,,735454
3405,2026-10-03T13:44:41,2026-10-03T12:35:08,Chaos Core,726338,152530980,210,,735454
3406,2026-10-03T14:07:44,2026-10-03T12:35:08,Chaos Core,722034,5776272,8,,735378
3407,2026-10-03T14:07:55,2026-10-03T12:35:08,Chaos Core,722034,81589842,113,,735378
3408,2026-10-03T14:08:16,2026-10-03T12:35:08,Chaos Core,723863,27506794,38,,735378
3409,2026-10-03T14:58:39,2026-10-03T14:56:02,Upgrade Core Set (Ultimate) X 25,420000,10500000,25,,564906
3410,2026-10-03T15:03:52,2026-10-03T14:56:02,Chaos Core,709579,134110431,189,,730000
3411,2026-10-03T15:04:51,2026-10-03T14:56:02,Chaos Core,711367,13515973,19,,730000
3412,2026-10-03T15:04:56,2026-10-03T14:56:02,Chaos Core,708888,80813232,114,,730000
3413,2026-10-03T15:05:05,2026-10-03T14:56:02,Chaos Core,711367,137293831,193,,730000
3414,2026-10-03T15:05:15,2026-10-03T14:56:02,Chaos Core,711367,711367,1,,730000
3415,2026-10-03T15:07:13,2026-10-03T14:56:02,Chaos Core,708888,80104344,113,,730000
3416,2026-10-03T15:07:26,2026-10-03T14:56:02,Chaos Core,711367,44816121,63,,730000
3417,2026-10-03T15:07:39,2026-10-03T14:56:02,Chaos Core,720000,720000,1,,730000
3418,2026-10-03T15:30:30,2026-10-03T15:27:58,Force Core Set (High) X 64,147219,9422016,64,,165000
3419,2026-10-03T15:30:33,2026-10-03T15:27:58,Force Core Set (High) X 303,147219,44607600,303,,165000
3420,2026-10-03T16:23:40,2026-10-03T15:27:58,Divine Stone,700000,17500000,25,,709876
3421,2026-10-03T16:23:46,2026-10-03T15:27:58,Divine Stone,700000,95900000,137,,709876
3422,2026-10-03T16:35:08,2026-10-03T15:27:58,Divine Stone,700000,109200000,156,,709874
3423,2026-10-03T16:36:02,2026-10-03T15:27:58,Divine Stone,700000,25900000,37,,709874
3424,2026-10-03T16:36:08,2026-10-03T15:27:58,Divine Stone,700000,85400000,122,,709874
3425,2026-10-03T17:17:08,2026-10-03T15:27:58,Chaos Core,714835,37886255,53,,723299
3426,2026-10-03T17:17:16,2026-10-03T15:27:58,Chaos Core,714835,177993915,249,,723299
3427,2026-10-03T17:17:24,2026-10-03T15:27:58,Chaos Core,715944,715944,1,,723299
3428,2026-10-03T18:54:11,2026-10-03T15:27:58,Force Core Set (Highest) X 65,189830,12338950,65,,194998
3429,2026-10-03T18:54:14,2026-10-03T15:27:58,Force Core Set (Highest) X 91,189830,17274530,91,,194998
3430,2026-10-03T18:54:17,2026-10-03T15:27:58,Force Core Set (Highest) X 100,189830,18983000,100,,194998
3431,2026-10-03T19:38:39,2026-10-03T15:27:58,Force Core Set (Highest) X 30,189830,5694900,30,,194978
3432,2026-10-03T19:38:42,2026-10-03T15:27:58,Force Core Set (Highest) X 172,189830,32650760,172,,194978
3433,2026-10-03T20:17:35,2026-10-03T15:27:58,Upgrade Core Set (Ultimate) X 1,435905,435905,1,,444930
3434,2026-10-03T20:17:38,2026-10-03T15:27:58,Upgrade Core Set (Ultimate) X 3,435905,1307715,3,,444930
3435,2026-10-03T20:17:41,2026-10-03T15:27:58,Upgrade Core Set (Ultimate) X 11,435905,4794955,11,,444930
3436,2026-10-03T20:17:44,2026-10-03T15:27:58,Upgrade Core Set (Ultimate) X 67,435905,29205635,67,,444930
3437,2026-10-03T20:56:06,2026-10-03T20:44:41,Chaos Core,711358,95321972,134,,722985
3438,2026-10-03T20:56:16,2026-10-03T20:44:41,Chaos Core,713758,64238220,90,,722985
3439,2026-10-03T20:56:26,2026-10-03T20:44:41,Chaos Core,713758,713758,1,,722985
3440,2026-10-03T20:57:45,2026-10-03T20:44:41,Chaos Core,715000,95810000,134,,722980
3441,2026-10-03T20:57:57,2026-10-03T20:44:41,Chaos Core,714903,80784039,113,,722980
3442,2026-10-03T20:58:10,2026-10-03T20:44:41,Chaos Core,715000,1430000,2,,722980
3443,2026-10-03T21:49:03,2026-10-03T21:45:55,Chaos Core,699719,135045767,193,,722909
3444,2026-10-03T21:49:13,2026-10-03T21:45:55,Chaos Core,700313,1400626,2,,722909
3445,2026-10-03T22:42:04,2026-10-03T21:52:44,Chaos Core,717568,40183808,56,,722694
3446,2026-10-03T22:42:08,2026-10-03T21:52:44,Chaos Core,716000,103104000,144,,722694
3447,2026-10-03T22:42:15,2026-10-03T21:52:44,Chaos Core,717568,717568,1,,722694
3448,2026-10-03T22:52:48,2026-10-03T21:52:44,Force Core Set (High) X 1,147219,147219,1,,164997
3449,2026-10-03T22:52:51,2026-10-03T21:52:44,Force Core Set (High) X 45,147219,6624855,45,,164997
3450,2026-10-03T22:52:54,2026-10-03T21:52:44,Force Core Set (High) X 66,147219,9716454,66,,164997
3451,2026-10-03T22:52:57,2026-10-03T21:52:44,Force Core Set (High) X 73,147219,10746987,73,,164997
3452,2026-10-03T22:53:00,2026-10-03T21:52:44,Force Core Set (High) X 100,147219,14721900,100,,164997
3453,2026-10-04T01:40:53,2026-10-04T01:38:23,Chaos Core,706996,7776956,11,,722331
3454,2026-10-04T01:41:00,2026-10-04T01:38:23,Chaos Core,706996,38177784,54,,722331
3455,2026-10-04T01:41:08,2026-10-04T01:38:23,Chaos Core,706996,80597544,114,,722331
3456,2026-10-04T01:41:16,2026-10-04T01:38:23,Chaos Core,706996,706996,1,,722331
3457,2026-10-04T01:42:14,2026-10-04T01:38:23,Chaos Core,706996,66457624,94,,722326
3458,2026-10-04T01:42:25,2026-10-04T01:38:23,Chaos Core,706996,46661736,66,,722326
3459,2026-10-04T01:42:36,2026-10-04T01:38:23,Chaos Core,706996,1413992,2,,722326
3460,2026-10-04T01:43:29,2026-10-04T01:38:23,Chaos Core,704453,175408797,249,,722315
3461,2026-10-04T01:44:42,2026-10-04T01:38:23,Chaos Core,706996,125138292,177,,722310
3462,2026-10-04T01:45:37,2026-10-04T01:38:23,Chaos Core,704453,4931171,7,,722308
3463,2026-10-04T01:45:49,2026-10-04T01:38:23,Chaos Core,706996,706996,1,,722308
3464,2026-10-04T01:46:02,2026-10-04T01:38:23,Chaos Core,710366,710366,1,,722308
3465,2026-10-04T01:47:00,2026-10-04T01:38:23,Chaos Core,704453,66923035,95,,722308
3466,2026-10-04T01:47:06,2026-10-04T01:38:23,Chaos Core,704453,80307642,114,,722308
3467,2026-10-04T01:47:19,2026-10-04T01:38:23,Chaos Core,706996,706996,1,,722308
3468,2026-10-04T01:48:37,2026-10-04T01:38:23,Chaos Core,704453,80307642,114,,722306
3469,2026-10-04T01:48:43,2026-10-04T01:38:23,Chaos Core,704453,40858274,58,,722306
3470,2026-10-04T01:48:51,2026-10-04T01:38:23,Chaos Core,704453,1408906,2,,722306
3471,2026-10-04T01:49:50,2026-10-04T01:38:23,Chaos Core,704453,4226718,6,,722294
3472,2026-10-04T01:49:59,2026-10-04T01:38:23,Chaos Core,704453,70445300,100,,722294
3473,2026-10-04T01:50:09,2026-10-04T01:38:23,Chaos Core,704453,80307642,114,,722294
3474,2026-10-04T01:50:20,2026-10-04T01:38:23,Chaos Core,704453,1408906,2,,722294
3475,2026-10-04T01:51:19,2026-10-04T01:38:23,Chaos Core,702000,128466000,183,,722291
3476,2026-10-04T01:52:13,2026-10-04T01:38:23,Chaos Core,702000,90558000,129,,722282
3477,2026-10-04T01:52:19,2026-10-04T01:38:23,Chaos Core,702000,122148000,174,,722282
3478,2026-10-04T01:53:33,2026-10-04T01:38:23,Chaos Core,704453,80307642,114,,722278
3479,2026-10-04T01:53:46,2026-10-04T01:38:23,Chaos Core,704453,29587026,42,,722278
3480,2026-10-04T01:54:46,2026-10-04T01:38:23,Force Core Set (High) X 1,159159,954954,6,,165000
3481,2026-10-04T01:56:41,2026-10-04T01:38:23,Chaos Core,700289,14005780,20,,722266
3482,2026-10-04T01:56:53,2026-10-04T01:38:23,Chaos Core,704453,54242881,77,,722266
3483,2026-10-04T01:57:06,2026-10-04T01:38:23,Chaos Core,704453,56356240,80,,722266
3484,2026-10-04T01:58:25,2026-10-04T01:38:23,Divine Stone,700000,31500000,45,,709072
3485,2026-10-04T01:58:31,2026-10-04T01:38:23,Divine Stone,700000,84000000,120,,709072
3486,2026-10-04T02:00:19,2026-10-04T01:38:23,Chaos Core,700289,37815606,54,,722258
3487,2026-10-04T02:01:59,2026-10-04T01:38:23,Force Core Set (High) X 1,159159,1114113,7,,165000
3488,2026-10-04T02:03:30,2026-10-04T01:38:23,Chaos Core,699631,78358672,112,,722242
3489,2026-10-04T02:03:36,2026-10-04T01:38:23,Chaos Core,699631,38479705,55,,722242
3490,2026-10-04T02:03:47,2026-10-04T01:38:23,Chaos Core,702000,702000,1,,722242
3491,2026-10-04T02:04:41,2026-10-04T01:38:23,Chaos Core,711999,37735947,53,,722235
3492,2026-10-04T02:04:49,2026-10-04T01:38:23,Chaos Core,712000,11392000,16,,722235
3493,2026-10-04T02:04:56,2026-10-04T01:38:23,Chaos Core,712653,12827754,18,,722235
3494,2026-10-04T02:08:40,2026-10-04T01:38:23,Force Core Set (Highest) X 24,174129,4179096,24,,194836
3495,2026-10-04T02:08:43,2026-10-04T01:38:23,Force Core Set (Highest) X 229,174129,39875541,229,,194836
3496,2026-10-04T02:09:32,2026-10-04T01:38:23,Upgrade Core Set (Ultimate) X 2,470588,941176,2,,559962
3497,2026-10-04T02:09:35,2026-10-04T01:38:23,Upgrade Core Set (Ultimate) X 8,470588,3764704,8,,559962
3498,2026-10-04T02:09:38,2026-10-04T01:38:23,Upgrade Core Set (Ultimate) X 9,470588,4235292,9,,559962
3499,2026-10-04T02:09:41,2026-10-04T01:38:23,Upgrade Core Set (Ultimate) X 37,470588,17411756,37,,559962
3500,2026-10-04T02:09:44,2026-10-04T01:38:23,Upgrade Core Set (Ultimate) X 54,470588,25411752,54,,559962
3501,2026-10-04T02:10:15,2026-10-04T01:38:23,Upgrade Core Set (Ultimate) X 65,470588,30588220,65,,559961
3502,2026-10-04T02:10:50,2026-10-04T01:38:23,Divine Stone,700000,31500000,45,,709071
3503,2026-10-04T02:44:14,2026-10-04T02:41:36,Upgrade Core Set (Ultimate) X 3,478477,1435431,3,,559943
3504,2026-10-04T02:46:31,2026-10-04T02:41:36,Divine Stone,700000,28700000,41,,708953
3505,2026-10-04T02:47:22,2026-10-04T02:41:36,Divine Stone,700000,14700000,21,,708953
3506,2026-10-04T02:47:29,2026-10-04T02:41:36,Divine Stone,700000,72100000,103,,708953
3507,2026-10-04T02:48:29,2026-10-04T02:41:36,Chaos Core,709386,34050528,48,,722118
3508,2026-10-04T02:51:28,2026-10-04T02:41:36,Divine Stone,700000,20300000,29,,708952
3509,2026-10-04T02:51:36,2026-10-04T02:41:36,Divine Stone,700000,6300000,9,,708952
3510,2026-10-04T02:51:49,2026-10-04T02:41:36,Divine Stone,706400,706400,1,,708952
3511,2026-10-04T02:57:29,2026-10-04T02:41:36,Upgrade Core Set (Ultimate) X 10,446866,4468660,10,,559931
3512,2026-10-04T03:04:27,2026-10-04T02:41:36,Chaos Core,701730,92628360,132,,722049
3513,2026-10-04T03:04:32,2026-10-04T02:41:36,Chaos Core,701730,33683040,48,,722049
3514,2026-10-04T03:19:37,2026-10-04T02:41:36,Divine Stone,700000,60900000,87,,708948
3515,2026-10-04T03:34:47,2026-10-04T03:26:42,Force Core Set (High) X 5,159152,11936400,75,,164999
3516,2026-10-04T03:34:50,2026-10-04T03:26:42,Force Core Set (High) X 14,159153,2228142,14,,164999
3517,2026-10-04T03:34:53,2026-10-04T03:26:42,Force Core Set (High) X 47,159153,7480191,47,,164999
3518,2026-10-04T03:43:04,2026-10-04T03:26:42,Divine Stone,700000,60900000,87,,708947
3519,2026-10-04T03:43:10,2026-10-04T03:26:42,Divine Stone,700000,6300000,9,,708947
3520,2026-10-04T03:48:53,2026-10-04T03:26:42,Force Core Set (High) X 5,159159,795795,5,,165000
3521,2026-10-04T03:48:56,2026-10-04T03:26:42,Force Core Set (High) X 6,159159,954954,6,,165000
3522,2026-10-04T03:48:59,2026-10-04T03:26:42,Force Core Set (High) X 6,159159,954954,6,,165000
3523,2026-10-04T03:49:02,2026-10-04T03:26:42,Force Core Set (High) X 9,159159,1432431,9,,165000
3524,2026-10-04T03:49:05,2026-10-04T03:26:42,Force Core Set (High) X 90,159159,14324310,90,,165000
3525,2026-10-04T03:53:37,2026-10-04T03:26:42,Divine Stone,700000,56700000,81,,708947
3526,2026-10-04T04:12:25,2026-10-04T03:26:42,Force Core Set (High) X 5,159157,5570495,35,,165000
3527,2026-10-04T04:12:28,2026-10-04T03:26:42,Force Core Set (High) X 10,159157,1591570,10,,165000
3528,2026-10-04T04:12:31,2026-10-04T03:26:42,Force Core Set (High) X 59,159157,9390300,59,,165000
3529,2026-10-04T04:12:34,2026-10-04T03:26:42,Force Core Set (High) X 143,159159,22759737,143,,165000
3530,2026-10-04T04:17:35,2026-10-04T03:26:42,Divine Stone,700001,25200036,36,,708947
3531,2026-10-04T04:28:15,2026-10-04T04:21:02,Divine Stone,700000,25200000,36,,708946
3532,2026-10-04T04:49:09,2026-10-04T04:21:02,Force Core Set (Highest) X 25,178800,4470000,25,,194740
3533,2026-10-04T04:49:13,2026-10-04T04:21:02,Force Core Set (Highest) X 100,178800,35760000,200,,194740
3534,2026-10-04T04:49:44,2026-10-04T04:21:02,Force Core Set (Highest) X 100,178800,17880000,100,,194740
3535,2026-10-04T04:49:47,2026-10-04T04:21:02,Force Core Set (Highest) X 157,178800,28071600,157,,194740
3536,2026-10-04T05:09:53,2026-10-04T04:21:02,Force Core Set (High) X 173,159098,27524000,173,,165000
3537,2026-10-04T05:09:56,2026-10-04T04:21:02,Force Core Set (High) X 11,159100,1750100,11,,165000
3538,2026-10-04T05:09:59,2026-10-04T04:21:02,Force Core Set (High) X 30,159100,4773000,30,,165000
3539,2026-10-04T06:16:18,2026-10-04T04:21:02,Upgrade Core Set (Ultimate) X 17,446866,7596722,17,,487979
3540,2026-10-04T06:52:33,2026-10-04T06:50:03,Force Core Set (Highest) X 2,189077,378154,2,,194609
3541,2026-10-04T06:52:36,2026-10-04T06:50:03,Force Core Set (Highest) X 56,189077,10588312,56,,194609
3542,2026-10-04T06:52:39,2026-10-04T06:50:03,Force Core Set (Highest) X 66,189077,12479082,66,,194609
3543,2026-10-04T06:52:42,2026-10-04T06:50:03,Force Core Set (Highest) X 78,189077,14748006,78,,194609
3544,2026-10-04T06:53:13,2026-10-04T06:50:03,Force Core Set (Highest) X 30,189077,5672310,30,,194608
3545,2026-10-04T06:53:16,2026-10-04T06:50:03,Force Core Set (Highest) X 90,189077,17016930,90,,194608
3546,2026-10-04T06:53:19,2026-10-04T06:50:03,Force Core Set (Highest) X 102,189077,19285854,102,,194608
3547,2026-10-04T06:53:48,2026-10-04T06:50:03,Force Core Set (Highest) X 136,189077,25714472,136,,194608
3548,2026-10-04T06:53:51,2026-10-04T06:50:03,Force Core Set (Highest) X 166,189077,31386782,166,,194608
3549,2026-10-04T07:22:21,2026-10-04T06:58:20,Upgrade Core Set (Ultimate) X 52,446866,23237032,52,,487979
3550,2026-10-04T07:40:23,2026-10-04T06:58:20,Upgrade Core Set (Ultimate) X 1,446866,446866,1,,559934
3551,2026-10-04T07:40:27,2026-10-04T06:58:20,Upgrade Core Set (Ultimate) X 10,500500,100100000,200,,559934
3552,2026-10-04T07:40:59,2026-10-04T06:58:20,Upgrade Core Set (Ultimate) X 10,500500,100100000,200,,559934
3553,2026-10-04T07:41:31,2026-10-04T06:58:20,Upgrade Core Set (Ultimate) X 10,500500,50050000,100,,559932
3554,2026-10-04T07:47:45,2026-10-04T06:58:20,Force Core Set (High) X 4,159157,636630,4,,165000
3555,2026-10-04T07:47:48,2026-10-04T06:58:20,Force Core Set (High) X 19,159159,3024021,19,,165000
3556,2026-10-04T07:47:51,2026-10-04T06:58:20,Force Core Set (High) X 61,159159,9708699,61,,165000
3557,2026-10-04T07:47:54,2026-10-04T06:58:20,Force Core Set (High) X 241,159159,38357319,241,,165000
3558,2026-10-04T08:01:51,2026-10-04T06:58:20,Upgrade Core Set (Ultimate) X 21,500500,10510500,21,,559913
3559,2026-10-04T08:01:54,2026-10-04T06:58:20,Upgrade Core Set (Ultimate) X 74,500500,37037000,74,,559913
3560,2026-10-04T08:01:57,2026-10-04T06:58:20,Upgrade Core Set (Ultimate) X 131,500500,65565500,131,,559913
3561,2026-10-04T08:06:38,2026-10-04T06:58:20,Force Core Set (Highest) X 15,181405,2721075,15,,194637
3562,2026-10-04T08:06:41,2026-10-04T06:58:20,Force Core Set (Highest) X 87,181405,15782235,87,,194637
3563,2026-10-04T08:06:44,2026-10-04T06:58:20,Force Core Set (Highest) X 147,181405,26666666,147,,194637
3564,2026-10-04T08:07:15,2026-10-04T06:58:20,Force Core Set (Highest) X 158,181405,28661990,158,,194636
3565,2026-10-04T08:07:47,2026-10-04T06:58:20,Force Core Set (Highest) X 143,181405,25940915,143,,194635
3566,2026-10-04T08:47:23,2026-10-04T08:18:21,Force Core Set (High) X 150,159157,23873550,150,,165000
3567,2026-10-04T08:47:27,2026-10-04T08:18:21,Force Core Set (High) X 1,159159,159159,1,,165000
3568,2026-10-04T08:47:31,2026-10-04T08:18:21,Force Core Set (High) X 49,159159,7798791,49,,165000
3569,2026-10-04T08:52:21,2026-10-04T08:18:21,Upgrade Core Set (Ultimate) X 41,446866,18321506,41,,479308
3570,2026-10-04T12:37:03,2026-10-04T12:33:39,Chaos Core,712500,96900000,136,,739960
3571,2026-10-04T12:37:10,2026-10-04T12:33:39,Chaos Core,712500,118987500,167,,739960
3572,2026-10-04T13:54:08,2026-10-04T13:51:47,Chaos Core,713686,20696894,29,,739154
3573,2026-10-04T13:54:26,2026-10-04T13:51:47,Chaos Core,716026,60146184,84,,739154
3574,2026-10-04T13:54:44,2026-10-04T13:51:47,Chaos Core,718299,101280159,141,,739154
3575,2026-10-04T13:54:47,2026-10-04T13:51:47,Chaos Core,713686,713686,1,,739154
3576,2026-10-04T13:55:54,2026-10-04T13:51:47,Chaos Core,714256,34284288,48,,739153
3577,2026-10-04T14:01:59,2026-10-04T13:59:13,Chaos Core,711649,15656278,22,,729157
3578,2026-10-04T14:02:05,2026-10-04T13:59:13,Chaos Core,711649,11386384,16,,729157
3579,2026-10-04T14:02:13,2026-10-04T13:59:13,Chaos Core,711649,177200601,249,,729157
3580,2026-10-04T14:02:20,2026-10-04T13:59:13,Chaos Core,712247,712247,1,,729157
3581,2026-10-04T14:03:26,2026-10-04T13:59:13,Chaos Core,712247,122506484,172,,729152
3582,2026-10-04T14:03:34,2026-10-04T13:59:13,Chaos Core,712247,1424494,2,,729152
3583,2026-10-04T14:04:30,2026-10-04T13:59:13,Chaos Core,712247,4273482,6,,729151
3584,2026-10-04T14:04:39,2026-10-04T13:59:13,Chaos Core,712247,44159314,62,,729151
3585,2026-10-04T14:04:43,2026-10-04T13:59:13,Chaos Core,711649,81127986,114,,729151
3586,2026-10-04T14:04:54,2026-10-04T13:59:13,Chaos Core,713593,713593,1,,729151
3587,2026-10-04T14:05:55,2026-10-04T13:59:13,Chaos Core,713593,121310810,170,,729149
3588,2026-10-04T14:06:04,2026-10-04T13:59:13,Chaos Core,714256,714256,1,,729149
3589,2026-10-04T14:06:58,2026-10-04T13:59:13,Chaos Core,708000,130980000,185,,729146
3590,2026-10-04T14:07:11,2026-10-04T13:59:13,Chaos Core,714256,714256,1,,729146
3591,2026-10-04T14:08:34,2026-10-04T13:59:13,Chaos Core,705555,31749975,45,,729140
3592,2026-10-04T14:26:11,2026-10-04T13:59:13,Force Core Set (High) X 1,154347,2469552,16,,165000
3593,2026-10-04T14:28:57,2026-10-04T13:59:13,Chaos Core,700715,14715015,21,,729071
3594,2026-10-04T14:29:01,2026-10-04T13:59:13,Chaos Core,698907,9085791,13,,729071
3595,2026-10-04T14:29:10,2026-10-04T13:59:13,Chaos Core,701406,20340774,29,,729071
3596,2026-10-04T14:51:37,2026-10-04T14:38:42,Force Core Set (High) X 10,152422,19814860,130,,165000
3597,2026-10-04T14:53:47,2026-10-04T14:38:42,Chaos Core,694997,2779988,4,,715000
3598,2026-10-04T14:53:53,2026-10-04T14:38:42,Chaos Core,694998,18069948,26,,715000
3599,2026-10-04T14:56:11,2026-10-04T14:38:42,Chaos Core,694997,4864979,7,,715000
3600,2026-10-04T14:56:16,2026-10-04T14:38:42,Chaos Core,694375,22914375,33,,715000
3601,2026-10-04T14:56:24,2026-10-04T14:38:42,Chaos Core,694997,7644967,11,,715000
3602,2026-10-04T15:07:59,2026-10-04T14:38:42,Chaos Core,704465,33814320,48,,715000
3603,2026-10-04T15:08:06,2026-10-04T14:38:42,Chaos Core,704987,28199480,40,,715000
3604,2026-10-04T15:08:14,2026-10-04T14:38:42,Chaos Core,705000,57810000,82,,715000
3605,2026-10-04T15:08:22,2026-10-04T14:38:42,Chaos Core,705000,705000,1,,715000
3606,2026-10-04T15:09:21,2026-10-04T14:38:42,Chaos Core,705000,167790000,238,,715000
3607,2026-10-04T15:09:31,2026-10-04T14:38:42,Chaos Core,705555,1411110,2,,715000
3608,2026-10-04T15:10:36,2026-10-04T14:38:42,Chaos Core,705555,26811090,38,,715000
3609,2026-10-04T15:10:47,2026-10-04T14:38:42,Chaos Core,705555,89605485,127,,715000
3610,2026-10-04T15:13:07,2026-10-04T14:38:42,Chaos Core,705555,21166650,30,,715000
3611,2026-10-04T15:15:52,2026-10-04T14:38:42,Force Core Set (High) X 9,152422,1371798,9,,165000
3612,2026-10-04T15:19:12,2026-10-04T14:38:42,Chaos Core,708000,1416000,2,,715000
3613,2026-10-04T15:19:33,2026-10-04T14:38:42,Chaos Core,718000,11488000,16,,715000
3614,2026-10-04T15:20:10,2026-10-04T14:38:42,Force Core Set (High) X 10,152422,7621100,50,,165000
3615,2026-10-04T15:21:26,2026-10-04T14:38:42,Chaos Core,708000,38232000,54,,715000
3616,2026-10-04T15:24:16,2026-10-04T14:38:42,Chaos Core,707377,12025409,17,,715000
3617,2026-10-04T15:24:24,2026-10-04T14:38:42,Chaos Core,708000,28320000,40,,715000
3618,2026-10-04T15:39:41,2026-10-04T14:38:42,Force Core Set (High) X 1,159157,318314,2,,165000
3619,2026-10-04T15:43:51,2026-10-04T14:38:42,Force Core Set (High) X 1,159150,159150,1,,165000
3620,2026-10-04T15:43:55,2026-10-04T14:38:42,Force Core Set (High) X 1,159157,1273256,8,,165000
3621,2026-10-04T15:58:56,2026-10-04T15:56:25,Upgrade Core Set (Ultimate) X 1,479999,2399995,5,,504851
3622,2026-10-04T16:20:57,2026-10-04T15:56:25,Force Core Set (High) X 5,159157,2387355,15,,165000
3623,2026-10-04T16:21:57,2026-10-04T15:56:25,Chaos Core,707999,707999,1,,715000
3624,2026-10-04T16:22:04,2026-10-04T15:56:25,Chaos Core,707999,4247994,6,,715000
3625,2026-10-04T16:22:12,2026-10-04T15:56:25,Chaos Core,708000,48144000,68,,715000
3626,2026-10-04T16:26:02,2026-10-04T15:56:25,Force Core Set (High) X 5,159157,31831400,200,,165000
3627,2026-10-04T16:26:34,2026-10-04T15:56:25,Force Core Set (High) X 5,159157,31831400,200,,165000
3628,2026-10-04T16:27:01,2026-10-04T15:56:25,Upgrade Core Set (Ultimate) X 2,479999,959998,2,,504839
3629,2026-10-04T16:49:18,2026-10-04T15:56:25,Upgrade Core Set (Ultimate) X 42,479999,20159958,42,,504824
3630,2026-10-04T17:12:20,2026-10-04T15:56:25,Force Core Set (Highest) X 9,183365,1650293,9,,194821
3631,2026-10-04T17:35:55,2026-10-04T15:56:25,Chaos Core,708971,60971506,86,,715000
3632,2026-10-04T17:35:59,2026-10-04T15:56:25,Chaos Core,708971,151719794,214,,715000
3633,2026-10-04T20:09:31,2026-10-04T19:53:41,Chaos Core,716981,134792428,188,,728995
3634,2026-10-04T20:10:28,2026-10-04T19:53:41,Chaos Core,716981,716981,1,,728995
3635,2026-10-04T21:41:30,2026-10-04T21:38:51,Chaos Core,728000,728000,1,,739161
3636,2026-10-04T21:41:42,2026-10-04T21:38:51,Chaos Core,728157,728157,1,,739161
3637,2026-10-04T21:41:55,2026-10-04T21:38:51,Chaos Core,728157,728157,1,,739161
3638,2026-10-04T21:42:08,2026-10-04T21:38:51,Chaos Core,728157,728157,1,,739161
3639,2026-10-04T21:43:18,2026-10-04T21:38:51,Chaos Core,728379,728379,1,,739161
3640,2026-10-04T21:43:39,2026-10-04T21:38:51,Chaos Core,728379,2913516,4,,739161
3641,2026-10-04T21:43:53,2026-10-04T21:38:51,Chaos Core,728379,4370274,6,,739161
3642,2026-10-04T21:44:07,2026-10-04T21:38:51,Chaos Core,728379,2913516,4,,739161
3643,2026-10-04T21:44:21,2026-10-04T21:38:51,Chaos Core,728379,5827032,8,,739161
3644,2026-10-04T21:44:35,2026-10-04T21:38:51,Chaos Core,728379,4370274,6,,739161
3645,2026-10-04T21:44:56,2026-10-04T21:38:51,Chaos Core,728379,4370274,6,,739161
3646,2026-10-04T21:45:10,2026-10-04T21:38:51,Chaos Core,728379,2913516,4,,739161
3647,2026-10-04T21:45:24,2026-10-04T21:38:51,Chaos Core,728379,2185137,3,,739161
3648,2026-10-04T21:45:45,2026-10-04T21:38:51,Chaos Core,728379,6555411,9,,739161
3649,2026-10-04T21:45:59,2026-10-04T21:38:51,Chaos Core,728379,8012169,11,,739161
3650,2026-10-04T21:46:13,2026-10-04T21:38:51,Chaos Core,728379,5098653,7,,739161
3651,2026-10-04T21:46:27,2026-10-04T21:38:51,Chaos Core,728379,94689270,130,,739161
3652,2026-10-04T21:46:40,2026-10-04T21:38:51,Chaos Core,728379,728379,1,,739161
3653,2026-10-04T21:48:53,2026-10-04T21:38:51,Chaos Core,728379,25493265,35,,739159
3654,2026-10-04T21:49:07,2026-10-04T21:38:51,Chaos Core,728379,3641895,5,,739159
3655,2026-10-04T21:49:21,2026-10-04T21:38:51,Chaos Core,728379,21122991,29,,739159
3656,2026-10-04T21:49:35,2026-10-04T21:38:51,Chaos Core,728379,3641895,5,,739159
3657,2026-10-04T21:49:49,2026-10-04T21:38:51,Chaos Core,728379,17481096,24,,739159
3658,2026-10-04T21:50:03,2026-10-04T21:38:51,Chaos Core,728379,83763585,115,,739159
3659,2026-10-04T21:51:17,2026-10-04T21:38:51,Chaos Core,729999,145999800,200,,739159
3660,2026-10-04T21:51:30,2026-10-04T21:38:51,Chaos Core,729999,729999,1,,739159
3661,2026-10-04T21:52:36,2026-10-04T21:38:51,Chaos Core,729999,155489787,213,,739157
3662,2026-10-04T21:53:43,2026-10-04T21:38:51,Chaos Core,729999,145269801,199,,739155
3663,2026-10-04T21:54:44,2026-10-04T21:38:51,Chaos Core,725000,725000,1,,739155
3664,2026-10-04T21:54:57,2026-10-04T21:38:51,Chaos Core,729999,729999,1,,739155
3665,2026-10-04T21:56:20,2026-10-04T21:38:51,Chaos Core,730000,2190000,3,,739154
3666,2026-10-04T21:56:33,2026-10-04T21:38:51,Chaos Core,730000,730000,1,,739154
3667,2026-10-04T21:56:54,2026-10-04T21:38:51,Chaos Core,730000,40880000,56,,739154
3668,2026-10-04T22:04:14,2026-10-04T21:38:51,Chaos Core,723268,18081700,25,,739147
3669,2026-10-04T22:04:20,2026-10-04T21:38:51,Chaos Core,723268,5062876,7,,739147
3670,2026-10-04T22:05:18,2026-10-04T21:38:51,Chaos Core,723268,118615952,164,,739147
3671,2026-10-04T22:05:30,2026-10-04T21:38:51,Chaos Core,729999,729999,1,,739147
3672,2026-10-04T22:05:43,2026-10-04T21:38:51,Chaos Core,730000,730000,1,,739147
3673,2026-10-04T22:07:03,2026-10-04T21:38:51,Chaos Core,730000,45260000,62,,739146
3674,2026-10-04T22:07:16,2026-10-04T21:38:51,Chaos Core,730000,63510000,87,,739146
3675,2026-10-04T22:07:28,2026-10-04T21:38:51,Chaos Core,730000,94900000,130,,739146
3676,2026-10-04T22:08:31,2026-10-04T21:38:51,Upgrade Core Set (Ultimate) X 5,453159,13594770,30,,504392
3677,2026-10-04T22:09:45,2026-10-04T21:38:51,Chaos Core,730000,151110000,207,,739143
3678,2026-10-04T22:11:00,2026-10-04T21:38:51,Chaos Core,730000,5110000,7,,739141
3679,2026-10-04T22:12:03,2026-10-04T21:38:51,Chaos Core,730000,730000,1,,739141
3680,2026-10-04T22:12:17,2026-10-04T21:38:51,Chaos Core,730000,124100000,170,,739141
3681,2026-10-04T22:12:31,2026-10-04T21:38:51,Chaos Core,730000,1460000,2,,739141
3682,2026-10-04T22:13:43,2026-10-04T21:38:51,Chaos Core,730000,26280000,36,,739143
3683,2026-10-04T22:15:17,2026-10-04T21:38:51,Chaos Core,730000,102200000,140,,739140
3684,2026-10-04T22:15:31,2026-10-04T21:38:51,Chaos Core,730000,46720000,64,,739140
3685,2026-10-04T22:16:53,2026-10-04T21:38:51,Chaos Core,730000,127020000,174,,739140
3686,2026-10-04T22:18:09,2026-10-04T21:38:51,Chaos Core,730000,57670000,79,,739138
3687,2026-10-04T22:18:23,2026-10-04T21:38:51,Chaos Core,730000,46720000,64,,739138
3688,2026-10-04T22:18:35,2026-10-04T21:38:51,Chaos Core,730000,730000,1,,739138
3689,2026-10-04T22:19:47,2026-10-04T21:38:51,Chaos Core,730000,25550000,35,,739136
3690,2026-10-04T22:20:01,2026-10-04T21:38:51,Chaos Core,730000,105120000,144,,739136
3691,2026-10-04T22:20:14,2026-10-04T21:38:51,Chaos Core,730000,730000,1,,739136
3692,2026-10-04T22:21:57,2026-10-04T21:38:51,Force Core Set (High) X 1,133333,133333,1,,165000
3693,2026-10-04T22:22:01,2026-10-04T21:38:51,Force Core Set (High) X 1,159000,13992000,88,,165000
3694,2026-10-04T22:23:43,2026-10-04T21:38:51,Chaos Core,729998,144539604,198,,739144
3695,2026-10-04T22:24:35,2026-10-04T21:38:51,Force Core Set (High) X 1,159000,1908000,12,,165000
3696,2026-10-04T22:25:26,2026-10-04T21:38:51,Chaos Core,729998,144539604,198,,739142
3697,2026-10-04T22:26:19,2026-10-04T21:38:51,Chaos Core,729998,33579908,46,,739141
3698,2026-10-04T22:26:27,2026-10-04T21:38:51,Chaos Core,730000,181040000,248,,739141
3699,2026-10-04T22:28:48,2026-10-04T21:38:51,Chaos Core,729358,10211012,14,,739139
3700,2026-10-04T22:29:55,2026-10-04T21:38:51,Chaos Core,739000,2956000,4,,739139
3701,2026-10-04T22:30:51,2026-10-04T21:38:51,Upgrade Core Set (Ultimate) X 1,450000,450000,1,,504329
3702,2026-10-04T22:30:55,2026-10-04T21:38:51,Upgrade Core Set (Ultimate) X 5,453159,45315900,100,,504329
3703,2026-10-04T22:35:54,2026-10-04T21:38:51,Chaos Core,728258,51706318,71,,739138
3704,2026-10-04T22:36:16,2026-10-04T21:38:51,Chaos Core,739000,739000,1,,739138
3705,2026-10-04T22:42:40,2026-10-04T21:38:51,Chaos Core,729999,72999900,100,,739139
3706,2026-10-04T22:42:55,2026-10-04T21:38:51,Chaos Core,739000,1478000,2,,739139
3707,2026-10-04T22:43:43,2026-10-04T21:38:51,Chaos Core,729449,181632801,249,,739139
3708,2026-10-04T22:44:51,2026-10-04T21:38:51,Chaos Core,729449,89722227,123,,739136
3709,2026-10-04T22:44:55,2026-10-04T21:38:51,Chaos Core,724307,34042429,47,,739136
3710,2026-10-04T22:45:06,2026-10-04T21:38:51,Chaos Core,739000,739000,1,,739136
3711,2026-10-04T22:45:59,2026-10-04T21:38:51,Chaos Core,725000,42050000,58,,739135
3712,2026-10-04T22:46:05,2026-10-04T21:38:51,Chaos Core,729449,729449,1,,739135
3713,2026-10-04T22:46:14,2026-10-04T21:38:51,Chaos Core,725000,725000,1,,739135
3714,2026-10-04T22:46:57,2026-10-04T21:38:51,Chaos Core,725000,1450000,2,,739133
3715,2026-10-04T22:47:13,2026-10-04T21:38:51,Chaos Core,739000,11824000,16,,739133
3716,2026-10-04T22:48:02,2026-10-04T21:38:51,Chaos Core,725000,34800000,48,,739135
3717,2026-10-04T22:53:21,2026-10-04T21:38:51,Chaos Core,724469,68824555,95,,739133
3718,2026-10-04T22:53:38,2026-10-04T21:38:51,Chaos Core,739000,739000,1,,739133
3719,2026-10-04T23:01:20,2026-10-04T21:38:51,Chaos Core,722717,70826266,98,,739124
3720,2026-10-04T23:01:37,2026-10-04T21:38:51,Chaos Core,739000,739000,1,,739124
3721,2026-10-04T23:03:35,2026-10-04T21:38:51,Chaos Core,722100,140809500,195,,739121
3722,2026-10-04T23:10:41,2026-10-04T21:38:51,Chaos Core,725654,42813586,59,,739109
3723,2026-10-04T23:10:49,2026-10-04T21:38:51,Chaos Core,739000,739000,1,,739109
3724,2026-10-04T23:29:50,2026-10-04T21:38:51,Chaos Core,725654,52247088,72,,739738
3725,2026-10-05T00:37:57,2026-10-05T00:35:33,Upgrade Core Set (Ultimate) X 41,453159,18579519,41,,504209
3726,2026-10-05T00:38:00,2026-10-05T00:35:33,Upgrade Core Set (Ultimate) X 42,453159,19032678,42,,504209
3727,2026-10-05T00:54:51,2026-10-05T00:35:33,Upgrade Core Set (Ultimate) X 27,453159,12235293,27,,504191
3728,2026-10-05T01:31:41,2026-10-05T00:35:33,Chaos Core,725654,82724556,114,,739950
3729,2026-10-05T01:32:31,2026-10-05T00:35:33,Chaos Core,725654,22495274,31,,739950
3730,2026-10-05T01:33:23,2026-10-05T00:35:33,Chaos Core,725654,27574852,38,,739950
3731,2026-10-05T01:34:34,2026-10-05T00:35:33,Chaos Core,725654,65308860,90,,739950
3732,2026-10-05T01:43:49,2026-10-05T00:35:33,Chaos Core,734772,8817264,12,,739941
3733,2026-10-05T01:44:08,2026-10-05T00:35:33,Chaos Core,737105,4422630,6,,739941
3734,2026-10-05T02:17:39,2026-10-05T02:08:56,Chaos Core,734137,172522195,235,,739950
3735,2026-10-05T02:17:47,2026-10-05T02:08:56,Chaos Core,735484,1470968,2,,739950
3736,2026-10-05T02:18:47,2026-10-05T02:08:56,Chaos Core,734137,181331839,247,,739950
3737,2026-10-05T02:18:54,2026-10-05T02:08:56,Chaos Core,734137,1468274,2,,739950
3738,2026-10-05T02:19:55,2026-10-05T02:08:56,Chaos Core,734137,11746192,16,,739948
3739,2026-10-05T02:20:08,2026-10-05T02:08:56,Chaos Core,733087,1466174,2,,739948
3740,2026-10-05T02:20:47,2026-10-05T02:08:56,Chaos Core,733087,170809271,233,,739947
3741,2026-10-05T02:20:57,2026-10-05T02:08:56,Chaos Core,735484,735484,1,,739947
3742,2026-10-05T02:22:03,2026-10-05T02:08:56,Upgrade Core Set (Ultimate) X 100,453159,45315900,100,,504085
3743,2026-10-05T02:23:20,2026-10-05T02:08:56,Chaos Core,732490,170670170,233,,738460
3744,2026-10-05T02:23:26,2026-10-05T02:08:56,Chaos Core,732490,732490,1,,738460
3745,2026-10-05T02:44:45,2026-10-05T02:08:56,Chaos Core,725654,14513080,20,,738420
3746,2026-10-05T02:45:05,2026-10-05T02:08:56,Chaos Core,731908,731908,1,,738420
3747,2026-10-05T02:45:10,2026-10-05T02:08:56,Chaos Core,730011,116801760,160,,738420
3748,2026-10-05T02:45:25,2026-10-05T02:08:56,Chaos Core,735000,1470000,2,,738420
3749,2026-10-05T02:49:38,2026-10-05T02:08:56,Chaos Core,730011,97091463,133,,738410
3750,2026-10-05T02:49:46,2026-10-05T02:08:56,Chaos Core,730011,154762332,212,,738410
3751,2026-10-05T03:49:23,2026-10-05T02:08:56,Chaos Core,725000,141375000,195,,733099
3752,2026-10-05T03:50:18,2026-10-05T02:08:56,Chaos Core,725000,73225000,101,,733100
3753,2026-10-05T03:50:29,2026-10-05T02:08:56,Chaos Core,730745,730745,1,,733100
