id,at,run,item,price,proceeds,qty,note,cost
1,2026-09-23T23:49:29,2026-09-23T23:45:50,Chaos Core,725149,725149,1,,
2,2026-09-23T23:50:26,2026-09-23T23:45:50,Upgrade Core (Ultimate,438135,1752540,4,,
3,2026-09-23T23:50:30,2026-09-23T23:45:50,Upgrade Core (Ultimate,438135,1752540,4,,
4,2026-09-23T23:50:47,2026-09-23T23:45:50,Force Core(High,196774,3935480,20,,
5,2026-09-23T23:54:01,2026-09-23T23:45:50,Divine Stone,693884,693884,1,,
6,2026-09-23T23:57:31,2026-09-23T23:45:50,Divine Stone,693773,693773,1,,
7,2026-09-24T00:42:53,2026-09-24T00:37:43,Chaos Core,707221,707221,1,,
8,2026-09-24T00:43:28,2026-09-24T00:37:43,Divine Stone,693769,693769,1,,
9,2026-09-24T00:44:02,2026-09-24T00:37:43,Force Core(High,195914,4701936,24,,
10,2026-09-24T00:44:17,2026-09-24T00:37:43,Force Core(High,195913,3134608,16,,
11,2026-09-24T00:44:35,2026-09-24T00:37:43,Chaos Core Set X 49,727148,35630300,49,,
12,2026-09-24T00:46:31,2026-09-24T00:37:43,Chaos Core Set X 27,727152,19633130,27,,
13,2026-09-24T00:50:52,2026-09-24T00:37:43,Divine Stone,693818,693818,1,,
14,2026-09-24T00:54:35,2026-09-24T00:37:43,Chaos Core,712681,712681,1,,
15,2026-09-24T00:55:11,2026-09-24T00:37:43,Divine Stone,693773,693773,1,,
16,2026-09-24T00:55:58,2026-09-24T00:37:43,Force Core(High,195894,5876820,30,,
17,2026-09-24T00:59:20,2026-09-24T00:37:43,Chaos Core,723305,723305,1,,
18,2026-09-24T00:59:55,2026-09-24T00:37:43,Divine Stone,693792,693792,1,,
19,2026-09-24T01:03:52,2026-09-24T00:37:43,Chaos Core Set X 200,727120,290848398,400,,
20,2026-09-24T01:04:12,2026-09-24T00:37:43,Chaos Core,724077,724077,1,,
21,2026-09-24T01:04:46,2026-09-24T00:37:43,Divine Stone,693706,693706,1,,
22,2026-09-24T01:05:46,2026-09-24T00:37:43,Chaos Core Set X 123,727119,89435759,123,,
23,2026-09-24T01:08:27,2026-09-24T00:37:43,Chaos Core Set X 147,727118,106886492,147,,
24,2026-09-24T01:09:10,2026-09-24T00:37:43,Chaos Core Set X 69,727117,50171141,69,,
25,2026-09-24T01:11:36,2026-09-24T00:37:43,Divine Stone,693817,693817,1,,
26,2026-09-24T01:14:52,2026-09-24T00:37:43,Divine Stone,693692,693692,1,,
27,2026-09-24T01:21:41,2026-09-24T00:37:43,Chaos Core,720632,720632,1,,
28,2026-09-24T01:22:22,2026-09-24T00:37:43,Divine Stone,693852,693852,1,,
29,2026-09-24T01:27:08,2026-09-24T00:37:43,Chaos Core,720083,720083,1,,
30,2026-09-24T01:34:55,2026-09-24T00:37:43,Chaos Core Set X 75,727097,54532349,75,,
31,2026-09-24T01:36:50,2026-09-24T00:37:43,Chaos Core Set X 117,727096,85070348,117,,
32,2026-09-24T01:37:13,2026-09-24T00:37:43,Chaos Core Set,727095,181046903,249,,
33,2026-09-24T01:40:45,2026-09-24T00:37:43,Chaos Core,716501,716501,1,,
34,2026-09-24T01:41:19,2026-09-24T00:37:43,Divine Stone,688727,688727,1,,
35,2026-09-24T01:42:43,2026-09-24T00:37:43,Upgrade Core (Ultimate,452162,51998630,115,,
36,2026-09-24T01:46:20,2026-09-24T00:37:43,Chaos Core,715981,715981,1,,
37,2026-09-24T01:46:55,2026-09-24T00:37:43,Divine Stone,693844,693844,1,,
38,2026-09-24T01:51:10,2026-09-24T00:37:43,Chaos Core,722887,722887,1,,
39,2026-09-24T01:54:01,2026-09-24T00:37:43,Divine Stone Set X 99,699999,69299999,99,,
40,2026-09-24T01:55:41,2026-09-24T00:37:43,Chaos Core,722947,722947,1,,
41,2026-09-24T01:57:44,2026-09-24T00:37:43,Chaos Core Set X 234,727071,170134847,234,,
42,2026-09-24T01:59:57,2026-09-24T00:37:43,Chaos Core Set X 51,727070,37080620,51,,
43,2026-09-24T02:00:54,2026-09-24T00:37:43,Chaos Core Set X 72,727069,52349039,72,,
44,2026-09-24T02:07:22,2026-09-24T00:37:43,Force Core(High,190066,5701980,30,,
45,2026-09-24T02:08:15,2026-09-24T00:37:43,Chaos Core Set,727063,28355495,39,,
46,2026-09-24T02:09:37,2026-09-24T00:37:43,Chaos Core Set,727062,30536645,42,,
47,2026-09-24T02:16:00,2026-09-24T00:37:43,Chaos Core Set X 189,727056,137413772,189,,
48,2026-09-24T02:17:54,2026-09-24T00:37:43,Chaos Core Set,727054,165768539,228,,
49,2026-09-24T02:26:31,2026-09-24T00:37:43,Upgrade Core (Ultimate,452127,452127,1,,
50,2026-09-24T02:26:46,2026-09-24T00:37:43,Upgrade Core (Ultimate,452126,1356378,3,,
51,2026-09-24T02:28:06,2026-09-24T00:37:43,Chaos Core Set X 111,727032,80700662,111,,
52,2026-09-24T02:28:43,2026-09-24T00:37:43,Chaos Core Set X 69,727031,50165207,69,,
53,2026-09-24T02:51:08,2026-09-24T02:42:08,Force Core(High,189986,3799720,20,,
54,2026-09-24T02:52:25,2026-09-24T02:42:08,Chaos Core,713242,713242,1,,
55,2026-09-24T02:53:06,2026-09-24T02:42:08,Chaos Core Set X 3,727028,2181086,3,,
56,2026-09-24T02:53:58,2026-09-24T02:42:08,Upgrade Core (Ultimate),452111,452111,1,,
57,2026-09-24T02:56:05,2026-09-24T02:42:08,Divine Stone,683588,1367176,2,,
58,2026-09-24T02:56:52,2026-09-24T02:42:08,Force Core(High,189977,36095630,190,,
59,2026-09-24T02:57:08,2026-09-24T02:42:08,Force Core(High,189975,5129325,27,,
60,2026-09-24T02:58:03,2026-09-24T02:42:08,Chaos Core,722262,722262,1,,
61,2026-09-24T03:02:07,2026-09-24T02:42:08,Divine Stone,683547,683547,1,,
62,2026-09-24T03:03:56,2026-09-24T02:42:08,Chaos Core,722799,722799,1,,
63,2026-09-24T04:17:06,2026-09-24T04:09:20,Divine Stone,688753,688753,1,,
64,2026-09-24T04:17:40,2026-09-24T04:09:20,Force Core(High,189959,189959,1,,
65,2026-09-24T04:17:55,2026-09-24T04:09:20,Force Core(High,189958,1899580,10,,
66,2026-09-24T04:33:44,2026-09-24T04:09:20,Chaos Core Set X 219,724581,158683457,219,,
67,2026-09-24T04:38:19,2026-09-24T04:09:20,Force Core(High,189957,379914,2,,
68,2026-09-24T04:42:55,2026-09-24T04:09:20,Divine Stone,683467,683467,1,,
69,2026-09-24T04:49:16,2026-09-24T04:09:20,Chaos Core,700467,700467,1,,
70,2026-09-24T04:53:10,2026-09-24T04:09:20,Divine Stone,693763,693763,1,,
71,2026-09-24T04:54:47,2026-09-24T04:09:20,Chaos Core,714206,714206,1,,
72,2026-09-24T04:58:34,2026-09-24T04:09:20,Divine Stone,693746,693746,1,,
73,2026-09-24T05:08:27,2026-09-24T04:09:20,Divine Stone,693873,693873,1,,
74,2026-09-24T05:09:02,2026-09-24T04:09:20,Force Core(High,189957,569871,3,,
75,2026-09-24T05:14:35,2026-09-24T04:09:20,Chaos Core,704185,704185,1,,
76,2026-09-24T05:18:46,2026-09-24T04:09:20,Upgrade Core (Ultimate,451959,37964556,84,,
77,2026-09-24T05:19:26,2026-09-24T04:09:20,Chaos Core,703565,703565,1,,
78,2026-09-24T05:24:36,2026-09-24T04:09:20,Force Core(Highest,204670,2046700,10,,
79,2026-09-24T05:24:52,2026-09-24T04:09:20,Chaos Core,713694,713694,1,,
80,2026-09-24T05:27:02,2026-09-24T04:09:20,Chaos Core Set X 843,724603,598522412,826,,
81,2026-09-24T05:27:33,2026-09-24T04:09:20,Force Core(High),189957,17286087,91,,
82,2026-09-24T05:29:06,2026-09-24T04:09:20,Upgrade Core (Ultimate,451945,16721965,37,,
83,2026-09-24T05:29:16,2026-09-24T04:09:20,Upgrade Core (Ultimate,451944,18077760,40,,
84,2026-09-24T05:34:35,2026-09-24T04:09:20,Divine Stone,683524,683524,1,,
85,2026-09-24T05:39:55,2026-09-24T04:09:20,Chaos Core,709128,709128,1,,
86,2026-09-24T05:42:18,2026-09-24T04:09:20,Upgrade Core (Ultimate,451925,25759725,57,,
87,2026-09-24T05:43:58,2026-09-24T04:09:20,Divine Stone,688762,688762,1,,
88,2026-09-24T05:47:17,2026-09-24T04:09:20,Upgrade Core (Ultimate,451919,53778361,119,,
89,2026-09-24T05:48:44,2026-09-24T04:09:20,Divine Stone,694970,694970,1,,
90,2026-09-24T05:50:21,2026-09-24T04:09:20,Chaos Core Set X 219,723185,155484962,215,,
91,2026-09-24T05:51:25,2026-09-24T04:09:20,Upgrade Core (Ultimate,451915,11749790,26,,
92,2026-09-24T05:51:53,2026-09-24T04:09:20,Upgrade Core (Ultimate,451914,12201678,27,,
93,2026-09-24T05:51:57,2026-09-24T04:09:20,Upgrade Core (Ultimate,451913,22595650,50,,
94,2026-09-24T05:54:28,2026-09-24T04:09:20,Chaos Core Set X 228,725895,161874755,223,,
95,2026-09-24T05:54:40,2026-09-24T04:09:20,Chaos Core Set X 156,723897,110756255,153,,
96,2026-09-24T05:55:44,2026-09-24T04:09:20,Upgrade Core (Ultimate,451910,4067190,9,,
97,2026-09-24T05:58:17,2026-09-24T04:09:20,Chaos Core,706357,706357,1,,
98,2026-09-24T06:02:46,2026-09-24T04:09:20,Divine Stone,684603,684603,1,,
99,2026-09-24T06:04:15,2026-09-24T04:09:20,Chaos Core,704582,704582,1,,
100,2026-09-24T06:08:18,2026-09-24T04:09:20,Chaos Core,713632,713632,1,,
101,2026-09-24T06:09:38,2026-09-24T04:09:20,Chaos Core Set X 150,724456,106495049,147,,
102,2026-09-24T06:11:42,2026-09-24T04:09:20,Divine Stone,684530,684530,1,,
103,2026-09-24T06:12:42,2026-09-24T04:09:20,Chaos Core,713705,713705,1,,
104,2026-09-24T06:14:03,2026-09-24T04:09:20,Upgrade Core (Ultimate,499995,14999850,30,,
105,2026-09-24T06:14:18,2026-09-24T04:09:20,Upgrade Core (Ultimate,499994,45999448,92,,
106,2026-09-24T06:15:50,2026-09-24T04:09:20,Divine Stone,684528,684528,1,,
107,2026-09-24T06:16:49,2026-09-24T04:09:20,Chaos Core,704457,704457,1,,
108,2026-09-24T06:19:50,2026-09-24T04:09:20,Divine Stone,694964,694964,1,,
109,2026-09-24T06:20:50,2026-09-24T04:09:20,Chaos Core,718795,718795,1,,
110,2026-09-24T06:22:11,2026-09-24T04:09:20,Upgrade Core (Ultimate,499993,14999790,30,,
111,2026-09-24T06:23:56,2026-09-24T04:09:20,Divine Stone,694987,694987,1,,
112,2026-09-24T06:24:55,2026-09-24T04:09:20,Chaos Core,704316,704316,1,,
113,2026-09-24T06:36:27,2026-09-24T04:09:20,Divine Stone,694977,694977,1,,
114,2026-09-24T06:37:26,2026-09-24T04:09:20,Chaos Core,722259,722259,1,,
115,2026-09-24T06:41:10,2026-09-24T04:09:20,Divine Stone,694967,694967,1,,
116,2026-09-24T06:48:02,2026-09-24T04:09:20,Divine Stone,694888,694888,1,,
117,2026-09-24T06:49:01,2026-09-24T04:09:20,Chaos Core,699387,699387,1,,
118,2026-09-24T06:52:26,2026-09-24T04:09:20,Divine Stone,694873,694873,1,,
119,2026-09-24T06:53:25,2026-09-24T04:09:20,Chaos Core,698696,698696,1,,
120,2026-09-24T06:56:49,2026-09-24T04:09:20,Divine Stone,694866,694866,1,,
121,2026-09-24T07:03:12,2026-09-24T04:09:20,Divine Stone,694849,694849,1,,
122,2026-09-24T07:28:14,2026-09-24T07:25:14,Divine Stone,694876,694876,1,,
123,2026-09-24T07:30:56,2026-09-24T07:25:14,Force Core(High,196803,2558439,13,,
124,2026-09-24T07:33:04,2026-09-24T07:25:14,Divine Stone,694977,694977,1,,
125,2026-09-24T07:35:19,2026-09-24T07:25:14,Upgrade Core (Ultimate,499925,20496925,41,,
126,2026-09-24T07:35:47,2026-09-24T07:25:14,Force Core(High,196770,27547800,140,,
127,2026-09-24T07:37:48,2026-09-24T07:25:14,Divine Stone,694828,694828,1,,
128,2026-09-24T07:38:47,2026-09-24T07:25:14,Chaos Core,686819,686819,1,,
129,2026-09-24T07:41:10,2026-09-24T07:25:14,Force Core(High,196763,7870520,40,,
130,2026-09-24T07:42:46,2026-09-24T07:25:14,Divine Stone,694986,694986,1,,
131,2026-09-24T07:49:19,2026-09-24T07:25:14,Upgrade Core (Ultimate,499910,7998560,16,,
132,2026-09-24T07:50:12,2026-09-24T07:25:14,Force Core(High,196754,7870160,40,,
133,2026-09-24T07:51:48,2026-09-24T07:25:14,Divine Stone,694996,694996,1,,
134,2026-09-24T10:58:40,2026-09-24T10:48:22,Chaos Core,714032,1428064,2,,
135,2026-09-24T10:59:47,2026-09-24T10:48:22,Chaos Core Set,724507,191270111,264,,
136,2026-09-24T11:02:35,2026-09-24T10:48:22,Chaos Core Set X 200,723608,287996000,398,,
137,2026-09-24T11:07:28,2026-09-24T10:48:22,Divine Stone,689847,689847,1,,
138,2026-09-24T11:08:48,2026-09-24T10:48:22,Chaos Core,713933,713933,1,,
139,2026-09-24T11:56:30,2026-09-24T11:51:10,Chaos Core,717029,1434058,2,,
140,2026-09-24T11:57:11,2026-09-24T11:51:10,Divine Stone Set X 159,699999,111299999,159,,
141,2026-09-24T11:58:22,2026-09-24T11:51:10,Divine Stone Set X 102,699998,71399897,102,,
142,2026-09-24T12:12:33,2026-09-24T12:07:18,Divine Stone,679991,679991,1,,
143,2026-09-24T12:15:01,2026-09-24T12:07:18,Chaos Core Set X 258,727319,186920999,257,,
144,2026-09-24T12:16:21,2026-09-24T12:07:18,Force Core(High,195416,34393216,176,,
145,2026-09-24T12:16:37,2026-09-24T12:07:18,Force Core(High,195415,4494545,23,,
146,2026-09-24T12:16:41,2026-09-24T12:07:18,Chaos Core Set X 165,728921,119543159,164,,
147,2026-09-24T12:17:09,2026-09-24T12:07:18,Chaos Core Set X 257,728493,185037430,254,,
148,2026-09-24T12:17:38,2026-09-24T12:07:18,Chaos Core Set X 132,724504,95634659,132,,
149,2026-09-24T12:19:02,2026-09-24T12:07:18,Divine Stone Set X 150,699997,104999699,150,,
150,2026-09-24T12:20:21,2026-09-24T12:07:18,Chaos Core Set X 96,724509,69552864,96,,
151,2026-09-24T12:27:29,2026-09-24T12:07:18,Chaos Core,718147,718147,1,,
152,2026-09-24T12:41:53,2026-09-24T12:36:12,Chaos Core,726826,726826,1,,
153,2026-09-24T12:42:48,2026-09-24T12:36:12,Chaos Core Set X 102,727250,74179601,102,,
154,2026-09-24T13:04:16,2026-09-24T13:00:58,Divine Stone,694942,694942,1,,
155,2026-09-24T13:06:19,2026-09-24T13:00:58,Chaos Core,739359,739359,1,,
156,2026-09-24T13:07:26,2026-09-24T13:00:58,Chaos Core Set X 36,748028,26180999,35,,
157,2026-09-24T13:12:22,2026-09-24T13:00:58,Force Core(High,189922,5697660,30,,
158,2026-09-24T13:17:19,2026-09-24T13:00:58,Force Core(High,189892,5696760,30,,
159,2026-09-24T13:25:09,2026-09-24T13:00:58,Chaos Core,736249,736249,1,,
160,2026-09-24T13:26:02,2026-09-24T13:00:58,Force Core(High,189879,3797580,20,,
161,2026-09-24T13:26:44,2026-09-24T13:00:58,Force Core(High,189878,3797560,20,,
162,2026-09-24T13:34:33,2026-09-24T13:00:58,Force Core(High,189865,189865,1,,
163,2026-09-24T13:34:37,2026-09-24T13:00:58,Force Core(High,189864,189864,1,,
164,2026-09-24T13:35:09,2026-09-24T13:00:58,Force Core(High,189863,379726,2,,
165,2026-09-24T13:47:35,2026-09-24T13:00:58,Chaos Core,741578,741578,1,,
166,2026-09-24T13:52:01,2026-09-24T13:00:58,Chaos Core,740928,740928,1,,
167,2026-09-24T13:55:13,2026-09-24T13:00:58,Force Core(Highest,180000,8640000,48,,
168,2026-09-24T13:56:32,2026-09-24T13:00:58,Chaos Core,740896,740896,1,,
169,2026-09-24T14:00:08,2026-09-24T13:00:58,Divine Stone,684711,684711,1,,
170,2026-09-24T14:02:36,2026-09-24T13:00:58,Divine Stone Set X 126,699937,88192187,126,,
171,2026-09-24T14:04:06,2026-09-24T13:00:58,Chaos Core Set X 54,746966,40336217,54,,
172,2026-09-24T14:07:53,2026-09-24T13:00:58,Upgrade Core (Ultimate,449896,3149272,7,,
173,2026-09-24T14:08:09,2026-09-24T13:00:58,Divine Stone Set X 150,699936,104990549,150,,
174,2026-09-24T14:08:34,2026-09-24T13:00:58,Chaos Core,737930,737930,1,,
175,2026-09-24T14:12:28,2026-09-24T13:00:58,Divine Stone,674892,674892,1,,
176,2026-09-24T14:14:17,2026-09-24T13:00:58,Chaos Core,738878,738878,1,,
177,2026-09-24T14:14:52,2026-09-24T13:00:58,Upgrade Core (Ultimate,449884,8997680,20,,
178,2026-09-24T14:15:07,2026-09-24T13:00:58,Divine Stone Set X 93,698921,64999745,93,,
179,2026-09-24T14:18:52,2026-09-24T13:00:58,Divine Stone,694895,694895,1,,
180,2026-09-24T14:19:51,2026-09-24T13:00:58,Upgrade Core (Ultimate,449879,8997580,20,,
181,2026-09-24T14:23:38,2026-09-24T13:00:58,Divine Stone,694990,694990,1,,
182,2026-09-24T14:26:56,2026-09-24T13:00:58,Chaos Core Set X 99,746906,73943792,99,,
183,2026-09-24T15:43:37,2026-09-24T15:39:36,Divine Stone,694874,694874,1,,
184,2026-09-24T15:44:49,2026-09-24T15:39:36,Divine Stone Set X 156,703427,109031207,155,,
185,2026-09-24T15:46:08,2026-09-24T15:39:36,Divine Stone Set X 153,703515,106934300,152,,
186,2026-09-24T15:47:24,2026-09-24T15:39:36,Chaos Core,733946,733946,1,,
187,2026-09-24T15:48:20,2026-09-24T15:39:36,Chaos Core Set X 561,749567,419008094,559,,
188,2026-09-24T15:48:31,2026-09-24T15:39:36,Chaos Core Set X 90,746893,67220459,90,,
189,2026-09-24T15:48:43,2026-09-24T15:39:36,Chaos Core Set X9,746892,6722036,9,,
190,2026-09-24T15:48:54,2026-09-24T15:39:36,Chaos Core Set X 147,752007,109793123,146,,
191,2026-09-24T15:49:06,2026-09-24T15:39:36,Chaos Core Set X 84,746885,62738423,84,,
192,2026-09-24T15:56:49,2026-09-24T15:39:36,Divine Stone Set X 27,701261,18934073,27,,
193,2026-09-24T15:59:31,2026-09-24T15:39:36,Divine Stone Set X 9,701260,6311348,9,,
194,2026-09-24T16:00:02,2026-09-24T15:39:36,Divine Stone Set X 21,701259,14726459,21,,
195,2026-09-24T16:00:19,2026-09-24T15:39:36,Chaos Core,743560,743560,1,,
196,2026-09-24T16:03:31,2026-09-24T15:39:36,Upgrade Core (Ultimate,444911,44491100,100,,
197,2026-09-24T16:07:09,2026-09-24T15:39:36,Chaos Core,741254,741254,1,,
198,2026-09-24T16:18:54,2026-09-24T15:39:36,Force Core(Highest,181900,27285000,150,,
199,2026-09-24T16:19:09,2026-09-24T15:39:36,Divine Stone,694888,694888,1,,
200,2026-09-24T16:19:43,2026-09-24T15:39:36,Force Core(Highest,181900,45475000,250,,
201,2026-09-24T16:19:53,2026-09-24T15:39:36,Force Core(Highest,181900,20009000,110,,
202,2026-09-24T16:19:57,2026-09-24T15:39:36,Upgrade Core (Ultimate,444902,35592160,80,,
203,2026-09-24T16:20:15,2026-09-24T15:39:36,Chaos Core,740200,740200,1,,
204,2026-09-24T16:20:44,2026-09-24T15:39:36,Upgrade Core (Ultimate,444899,54722577,123,,
205,2026-09-24T16:21:03,2026-09-24T15:39:36,Divine Stone Set,702053,111626579,159,,
206,2026-09-24T16:25:38,2026-09-24T15:39:36,Chaos Core,747589,747589,1,,
207,2026-09-24T16:39:24,2026-09-24T15:39:36,Force Core(Highest,181996,545988,3,,
208,2026-09-24T16:39:34,2026-09-24T15:39:36,Divine Stone,689804,689804,1,,
209,2026-09-24T16:41:38,2026-09-24T15:39:36,Divine Stone Set X 147,701234,105185114,150,,
210,2026-09-24T16:45:47,2026-09-24T15:39:36,Chaos Core,712012,712012,1,,
211,2026-09-24T18:02:36,2026-09-24T15:39:36,Chaos Core Set X 216,750677,162146447,216,,
212,2026-09-24T18:08:15,2026-09-24T15:39:36,Divine Stone,689946,689946,1,,
213,2026-09-24T18:11:24,2026-09-24T15:39:36,Force Core(High),195406,16218698,83,,
214,2026-09-24T18:11:40,2026-09-24T15:39:36,Force Core(High),195405,6643770,34,,
215,2026-09-24T18:43:52,2026-09-24T18:35:49,Divine Stone,689958,5519664,8,,
216,2026-09-24T18:47:05,2026-09-24T18:35:49,Force Core(High,195369,3907380,20,,
217,2026-09-24T19:11:21,2026-09-24T18:35:49,Force Core(High,195337,5664773,29,,
218,2026-09-24T19:14:03,2026-09-24T18:35:49,Chaos Core,711896,711896,1,,
219,2026-09-24T19:19:49,2026-09-24T18:35:49,Chaos Core,712486,712486,1,,
220,2026-09-24T19:23:34,2026-09-24T18:35:49,Divine Stone,694955,694955,1,,
221,2026-09-24T19:33:09,2026-09-24T18:35:49,Force Core(High,195307,1953070,10,,
222,2026-09-24T19:43:03,2026-09-24T18:35:49,Force Core(High,195293,585879,3,,
223,2026-09-24T19:43:31,2026-09-24T18:35:49,Force Core(High,195292,1367044,7,,
224,2026-09-24T19:50:42,2026-09-24T18:35:49,Chaos Core,702484,702484,1,,
225,2026-09-24T19:55:58,2026-09-24T18:35:49,Chaos Core,722372,722372,1,,
226,2026-09-24T20:01:15,2026-09-24T18:35:49,Chaos Core,699480,699480,1,,
227,2026-09-24T20:06:30,2026-09-24T18:35:49,Chaos Core,699344,699344,1,,
228,2026-09-24T20:09:36,2026-09-24T18:35:49,Force Core(High,195259,1952590,10,,
229,2026-09-24T20:14:59,2026-09-24T18:35:49,Divine Stone,684775,684775,1,,
230,2026-09-24T20:15:58,2026-09-24T18:35:49,Force Core(High,195246,1952460,10,,
231,2026-09-24T20:17:09,2026-09-24T18:35:49,Chaos Core,697594,697594,1,,
232,2026-09-24T20:20:39,2026-09-24T18:35:49,Divine Stone,684617,684617,1,,
233,2026-09-24T20:22:47,2026-09-24T18:35:49,Chaos Core,695071,695071,1,,
234,2026-09-24T21:41:56,2026-09-24T21:35:35,Chaos Core,689479,689479,1,,
235,2026-09-24T21:43:12,2026-09-24T21:35:35,Divine Stone Set X 144,715439,103023359,144,,
236,2026-09-24T21:44:26,2026-09-24T21:35:35,Divine Stone Set X 138,715438,98730581,138,,
237,2026-09-24T21:45:38,2026-09-24T21:35:35,Divine Stone Set X 147,715437,105169385,147,,
238,2026-09-24T21:48:13,2026-09-24T21:35:35,Divine Stone,684734,684734,1,,
239,2026-09-24T21:49:16,2026-09-24T21:35:35,Force Core(High,195225,1952250,10,,
240,2026-09-24T21:52:08,2026-09-24T21:35:35,Chaos Core,689450,689450,1,,
241,2026-09-24T21:54:50,2026-09-24T21:35:35,Force Core(Highest,199851,1998510,10,,
242,2026-09-24T21:58:04,2026-09-24T21:35:35,Chaos Core,689429,689429,1,,
243,2026-09-24T22:01:24,2026-09-24T21:35:35,Divine Stone,689804,689804,1,,
244,2026-09-24T22:03:08,2026-09-24T21:35:35,Force Core(High,195194,3903880,20,,
245,2026-09-24T22:04:23,2026-09-24T21:35:35,Chaos Core,689310,689310,1,,
246,2026-09-24T22:06:45,2026-09-24T21:35:35,Force Core(High,195192,390384,2,,
247,2026-09-24T22:07:16,2026-09-24T21:35:35,Force Core(High,195191,9173977,47,,
248,2026-09-24T22:08:38,2026-09-24T21:35:35,Force Core(High,195193,1951930,10,,
249,2026-09-24T22:11:18,2026-09-24T21:35:35,Chaos Core,688650,688650,1,,
250,2026-09-24T22:14:14,2026-09-24T21:35:35,Divine Stone,684635,684635,1,,
251,2026-09-24T22:15:59,2026-09-24T21:35:35,Force Core(High),195189,1951890,10,,
252,2026-09-24T22:20:04,2026-09-24T21:35:35,Divine Stone,684577,684577,1,,
253,2026-09-24T22:22:07,2026-09-24T21:35:35,Force Core(High,195183,390366,2,,
254,2026-09-24T22:23:16,2026-09-24T21:35:35,Chaos Core,686851,686851,1,,
255,2026-09-24T22:26:11,2026-09-24T21:35:35,Divine Stone,703831,703831,1,,
256,2026-09-24T22:29:27,2026-09-24T21:35:35,Chaos Core Set X 150,727948,545961745,750,,
257,2026-09-24T22:38:41,2026-09-24T21:35:35,Chaos Core Set X 210,727940,152867609,210,,
258,2026-09-24T22:41:14,2026-09-24T21:35:35,Chaos Core Set X 37,727938,26933742,37,,
259,2026-09-24T22:43:47,2026-09-24T21:35:35,Chaos Core Set X 33,727937,24021953,33,,
260,2026-09-24T22:45:47,2026-09-24T21:35:35,Chaos Core,703914,703914,1,,
261,2026-09-24T22:48:32,2026-09-24T21:35:35,Divine Stone,701855,701855,1,,
262,2026-09-24T22:49:13,2026-09-24T21:35:35,Chaos Core Set X 9,727935,6551423,9,,
263,2026-09-25T00:35:25,2026-09-25T00:31:58,Chaos Core,714444,714444,1,,
264,2026-09-25T00:36:01,2026-09-25T00:31:58,Chaos Core Set X 186,717932,133535537,186,,
265,2026-09-25T00:36:59,2026-09-25T00:31:58,Chaos Core Set X 156,717930,111997235,156,,
266,2026-09-25T00:38:20,2026-09-25T00:31:58,Divine Stone Set X 144,715407,103018751,144,,
267,2026-09-25T00:39:52,2026-09-25T00:31:58,Divine Stone Set X 165,715406,118042154,165,,
268,2026-09-25T00:41:34,2026-09-25T00:31:58,Divine Stone,701915,701915,1,,
269,2026-09-25T00:42:04,2026-09-25T00:31:58,Chaos Core Set X9,717936,6461432,9,,
270,2026-09-25T00:44:02,2026-09-25T00:31:58,Chaos Core,726957,726957,1,,
271,2026-09-25T00:46:06,2026-09-25T00:31:58,Force Core(Highest,199752,3995040,20,,
272,2026-09-25T00:46:48,2026-09-25T00:31:58,Chaos Core Set X 249,717929,178764569,249,,
273,2026-09-25T00:47:52,2026-09-25T00:31:58,Force Core(High,195161,18345134,94,,
274,2026-09-25T00:52:27,2026-09-25T00:31:58,Chaos Core,725724,725724,1,,
275,2026-09-25T00:53:41,2026-09-25T00:31:58,Chaos Core Set X 327,716988,238040303,332,,
276,2026-09-25T00:57:37,2026-09-25T00:31:58,Chaos Core,715967,715967,1,,
277,2026-09-25T01:01:59,2026-09-25T00:31:58,Force Core(Highest,199748,2197228,11,,
278,2026-09-25T01:02:15,2026-09-25T00:31:58,Divine Stone,692177,692177,1,,
279,2026-09-25T01:07:48,2026-09-25T00:31:58,Divine Stone,692315,692315,1,,
280,2026-09-25T01:09:08,2026-09-25T00:31:58,Force Core(High,195121,9756050,50,,
281,2026-09-25T01:10:01,2026-09-25T00:31:58,Chaos Core Set X 96,720526,69891071,97,,
282,2026-09-25T01:11:59,2026-09-25T00:31:58,Force Core(Highest,199740,19974000,100,,
283,2026-09-25T01:12:16,2026-09-25T00:31:58,Chaos Core,715708,715708,1,,
284,2026-09-25T01:13:39,2026-09-25T00:31:58,Chaos Core Set X 237,718928,172542872,240,,
285,2026-09-25T01:16:01,2026-09-25T00:31:58,Divine Stone,697465,697465,1,,
286,2026-09-25T01:17:32,2026-09-25T00:31:58,Chaos Core Set X 228,718573,165990383,231,,
287,2026-09-25T01:20:46,2026-09-25T01:19:47,Chaos Core,708363,708363,1,,
288,2026-09-25T01:20:59,2026-09-25T01:19:47,Chaos Core Set X 201,717323,146334029,204,,
289,2026-09-25T01:21:06,2026-09-25T01:19:47,Force Core(Highest,199732,39946400,200,,
290,2026-09-25T01:21:10,2026-09-25T01:19:47,Force Core(Highest,199731,14979825,75,,
291,2026-09-25T01:21:14,2026-09-25T01:19:47,Divine Stone,697325,697325,1,,
292,2026-09-25T01:21:22,2026-09-25T01:19:47,Force Core(High,195113,7804520,40,,
293,2026-09-25T01:21:27,2026-09-25T01:19:47,Chaos Core Set X 231,718693,168174236,234,,
294,2026-09-25T01:21:37,2026-09-25T01:19:47,Chaos Core Set X 225,718446,163805849,228,,
295,2026-09-25T01:21:46,2026-09-25T01:19:47,Chaos Core Set X 114,715472,82994849,116,,
296,2026-09-25T01:25:48,2026-09-25T01:22:27,Chaos Core,679998,169999500,250,,
297,2026-09-25T01:27:52,2026-09-25T01:22:27,Divine Stone,697350,697350,1,,
298,2026-09-25T01:52:20,2026-09-25T01:51:28,Chaos Core,649499,29227455,45,,
299,2026-09-25T01:52:37,2026-09-25T01:51:28,Divine Stone,691855,691855,1,,
300,2026-09-25T01:52:47,2026-09-25T01:51:28,Chaos Core Set X 171,728653,128242988,176,,
301,2026-09-25T01:52:57,2026-09-25T01:51:28,Chaos Core Set X 180,729688,134992439,185,,
302,2026-09-25T02:16:03,2026-09-25T02:15:13,Chaos Core,728261,728261,1,,
303,2026-09-25T02:16:26,2026-09-25T02:15:13,Divine Stone,689882,689882,1,,
304,2026-09-25T02:20:24,2026-09-25T02:17:09,Chaos Core Set X 126,750700,94588325,126,,
305,2026-09-25T02:57:29,2026-09-25T02:45:37,Force Core(Highest,199698,5990940,30,,
306,2026-09-25T02:58:11,2026-09-25T02:45:37,Force Core(Highest,199696,2795744,14,,
307,2026-09-25T02:58:53,2026-09-25T02:45:37,Material Core(Palladium) X 63,237500,14962500,63,,
308,2026-09-25T02:58:57,2026-09-25T02:45:37,Divine Stone,689994,689994,1,,
309,2026-09-25T02:59:26,2026-09-25T02:45:37,Force Core(High,185104,10550928,57,,
310,2026-09-25T03:00:08,2026-09-25T02:45:37,Chaos Core Set,750687,186921311,249,,
311,2026-09-25T03:05:09,2026-09-25T02:45:37,Force Core(High,185099,40721780,220,,
312,2026-09-25T03:10:12,2026-09-25T02:45:37,Chaos Core,739374,739374,1,,
313,2026-09-25T03:16:17,2026-09-25T02:45:37,Force Core(High,183999,3495981,19,,
314,2026-09-25T03:20:11,2026-09-25T03:19:02,Chaos Core,740604,740604,1,,
315,2026-09-25T03:26:21,2026-09-25T03:20:54,Chaos Core,649343,649343,1,,
316,2026-09-25T03:35:09,2026-09-25T03:20:54,Force Core(Highest,197992,7919680,40,,
317,2026-09-25T03:36:41,2026-09-25T03:20:54,Upgrade Core (Ultimate,449767,11693942,26,,
318,2026-09-25T03:37:21,2026-09-25T03:20:54,Divine Stone,689856,689856,1,,
319,2026-09-25T03:37:50,2026-09-25T03:20:54,Chaos Core,649384,649384,1,,
320,2026-09-25T03:38:56,2026-09-25T03:20:54,Chaos Core Set X 378,750636,283740785,378,,
321,2026-09-25T03:39:13,2026-09-25T03:20:54,Chaos Core Set X 174,750635,130610663,174,,
322,2026-09-25T03:42:36,2026-09-25T03:20:54,Divine Stone,689898,689898,1,,
323,2026-09-25T04:02:15,2026-09-25T03:20:54,Chaos Core,743517,743517,1,,
324,2026-09-25T04:07:11,2026-09-25T03:20:54,Force Core(High,183999,183999,1,,
325,2026-09-25T04:07:15,2026-09-25T03:20:54,Divine Stone,681743,681743,1,,
326,2026-09-25T04:11:50,2026-09-25T03:20:54,Force Core(Highest,197979,791916,4,,
327,2026-09-25T04:19:36,2026-09-25T03:20:54,Chaos Core,715418,715418,1,,
328,2026-09-25T04:21:07,2026-09-25T03:20:54,Chaos Core Set,751288,192329969,256,,
329,2026-09-25T04:25:27,2026-09-25T03:20:54,Upgrade Core (Ultimate,449742,6746130,15,,
330,2026-09-25T04:26:58,2026-09-25T03:20:54,Divine Stone,676675,676675,1,,
331,2026-09-25T04:27:26,2026-09-25T03:20:54,Chaos Core,715396,715396,1,,
332,2026-09-25T04:28:07,2026-09-25T03:20:54,Chaos Core Set X 354,749699,263894255,352,,
333,2026-09-25T04:29:54,2026-09-25T03:20:54,Chaos Core Set,749556,136419362,182,,
334,2026-09-25T04:34:15,2026-09-25T03:20:54,Divine Stone,691979,691979,1,,
335,2026-09-25T04:34:43,2026-09-25T03:20:54,Chaos Core,729482,729482,1,,
336,2026-09-25T04:36:02,2026-09-25T03:20:54,Force Core(Highest,197972,11878320,60,,
337,2026-09-25T04:37:57,2026-09-25T03:20:54,Upgrade Core (Ultimate,449736,105687960,235,,
338,2026-09-25T04:38:46,2026-09-25T03:20:54,Upgrade Core (Ultimate,449735,104338520,232,,
339,2026-09-25T04:38:50,2026-09-25T03:20:54,Upgrade Core (Ultimate,449734,50370208,112,,
340,2026-09-25T04:43:49,2026-09-25T03:20:54,Chaos Core,728919,728919,1,,
341,2026-09-25T04:47:44,2026-09-25T03:20:54,Divine Stone Set X 162,715303,115879247,162,,
342,2026-09-25T04:49:03,2026-09-25T03:20:54,Divine Stone,697390,697390,1,,
343,2026-09-25T04:53:24,2026-09-25T03:20:54,Divine Stone,697303,697303,1,,
344,2026-09-25T05:05:49,2026-09-25T03:20:54,Divine Stone,694777,694777,1,,
345,2026-09-25T05:06:17,2026-09-25T03:20:54,Chaos Core,724786,724786,1,,
346,2026-09-25T05:14:27,2026-09-25T03:20:54,Divine Stone,689675,689675,1,,
347,2026-09-25T05:17:29,2026-09-25T03:20:54,Force Core(Highest,190190,5705700,30,,
348,2026-09-25T05:18:49,2026-09-25T03:20:54,Divine Stone,689641,689641,1,,
349,2026-09-25T05:27:11,2026-09-25T03:20:54,Divine Stone,689773,689773,1,,
350,2026-09-25T05:51:56,2026-09-25T03:20:54,Force Core(Highest,189987,5509623,29,,
351,2026-09-25T05:54:26,2026-09-25T03:20:54,Force Core(Highest,189986,13109034,69,,
352,2026-09-25T05:55:08,2026-09-25T03:20:54,Force Core(High),185897,1487176,8,,
353,2026-09-25T06:07:43,2026-09-25T03:20:54,Force Core(High,185888,1858880,10,,
354,2026-09-25T06:16:52,2026-09-25T03:20:54,Force Core(High,180882,6873516,38,,
355,2026-09-25T06:17:07,2026-09-25T03:20:54,Force Core(Highest,180992,1628928,9,,
356,2026-09-25T06:22:37,2026-09-25T03:20:54,Force Core(High,180879,361758,2,,
357,2026-09-25T06:37:02,2026-09-25T03:20:54,Divine Stone,674182,674182,1,,
358,2026-09-25T06:37:30,2026-09-25T03:20:54,Chaos Core,706336,706336,1,,
359,2026-09-25T06:38:49,2026-09-25T03:20:54,Chaos Core Set X 210,749221,149095169,199,,
360,2026-09-25T06:39:00,2026-09-25T03:20:54,Force Core(High,180876,45219000,250,,
361,2026-09-25T06:39:04,2026-09-25T03:20:54,Force Core(High,180875,17544875,97,,
362,2026-09-25T06:39:08,2026-09-25T03:20:54,Force Core(High,180876,180876,1,,
363,2026-09-25T06:44:07,2026-09-25T03:20:54,Chaos Core Set X 399,751408,283280822,377,,
364,2026-09-25T06:44:58,2026-09-25T03:20:54,Force Core(Highest,180992,3619840,20,,
365,2026-09-25T06:48:23,2026-09-25T03:20:54,Chaos Core,704908,704908,1,,
366,2026-09-25T06:57:41,2026-09-25T03:20:54,Divine Stone,669075,669075,1,,
367,2026-09-25T06:58:21,2026-09-25T03:20:54,Chaos Core Set X 249,749080,176783027,236,,
368,2026-09-25T06:59:58,2026-09-25T03:20:54,Chaos Core Set X 249,749079,176782778,236,,
369,2026-09-25T07:02:06,2026-09-25T03:20:54,Force Core(High,185918,3718360,20,,
370,2026-09-25T07:02:34,2026-09-25T03:20:54,Chaos Core Set,751008,129924509,173,,
371,2026-09-25T07:03:45,2026-09-25T03:20:54,Chaos Core Set,748694,123534605,165,,
372,2026-09-25T07:07:00,2026-09-25T03:20:54,Chaos Core,704268,704268,1,,
373,2026-09-25T07:07:32,2026-09-25T03:20:54,Chaos Core Set,751730,166132511,221,,
374,2026-09-25T07:07:44,2026-09-25T03:20:54,Chaos Core Set,752353,151222970,201,,
375,2026-09-25T07:08:34,2026-09-25T03:20:54,Force Core(High,175918,30609732,174,,
376,2026-09-25T07:11:42,2026-09-25T03:20:54,Divine Stone,663995,663995,1,,
377,2026-09-25T07:12:23,2026-09-25T03:20:54,Chaos Core Set X 183,751005,129923960,173,,
378,2026-09-25T07:13:12,2026-09-25T03:20:54,Chaos Core Set X 144,751728,102235103,136,,
379,2026-09-25T07:16:24,2026-09-25T03:20:54,Chaos Core,704895,704895,1,,
380,2026-09-25T07:16:52,2026-09-25T03:20:54,Upgrade Core (Ultimate,536930,4295440,8,,
381,2026-09-25T07:17:32,2026-09-25T03:20:54,Force Core(High,176471,5294130,30,,
382,2026-09-25T07:21:21,2026-09-25T03:20:54,Force Core(High,176471,15705919,89,,
383,2026-09-25T07:21:36,2026-09-25T03:20:54,Force Core(High,176471,1941181,11,,
384,2026-09-25T07:24:02,2026-09-25T03:20:54,Divine Stone,689645,689645,1,,
385,2026-09-25T07:24:31,2026-09-25T03:20:54,Chaos Core,698802,698802,1,,
386,2026-09-25T07:25:36,2026-09-25T03:20:54,Force Core(High,176471,6176485,35,,
387,2026-09-25T07:28:12,2026-09-25T03:20:54,Divine Stone,699954,699954,1,,
388,2026-09-25T07:32:04,2026-09-25T03:20:54,Divine Stone,702928,702928,1,,
389,2026-09-25T07:32:32,2026-09-25T03:20:54,Chaos Core,707456,707456,1,,
390,2026-09-25T07:35:23,2026-09-25T07:34:26,Chaos Core,708462,708462,1,,
391,2026-09-25T07:35:29,2026-09-25T07:34:26,Force Core(High,176471,8823550,50,,
392,2026-09-25T07:41:07,2026-09-25T07:36:13,Divine Stone,702989,702989,1,,
393,2026-09-25T07:42:24,2026-09-25T07:36:13,Force Core(High,176471,1764710,10,,
394,2026-09-25T07:42:52,2026-09-25T07:36:13,Force Core(High),176470,1764700,10,,
395,2026-09-25T07:49:34,2026-09-25T07:36:13,Force Core(High,176466,3529320,20,,
396,2026-09-25T07:49:49,2026-09-25T07:36:13,Chaos Core,716496,716496,1,,
397,2026-09-25T07:54:28,2026-09-25T07:36:13,Force Core(High,175997,5279910,30,,
398,2026-09-25T07:57:26,2026-09-25T07:36:13,Force Core(High,175996,8623804,49,,
399,2026-09-25T07:57:56,2026-09-25T07:36:13,Upgrade Core (Ultimate,536904,20939256,39,,
400,2026-09-25T07:58:11,2026-09-25T07:36:13,Force Core(High,175994,4399850,25,,
401,2026-09-25T08:01:36,2026-09-25T07:36:13,Upgrade Core (Ultimate,536902,6442824,12,,
402,2026-09-25T08:05:38,2026-09-25T07:36:13,Chaos Core,714684,714684,1,,
403,2026-09-25T08:09:51,2026-09-25T07:36:13,Force Core(High,175988,4399700,25,,
404,2026-09-25T08:12:48,2026-09-25T07:36:13,Divine Stone,689793,689793,1,,
405,2026-09-25T08:17:25,2026-09-25T07:36:13,Chaos Core,721774,721774,1,,
406,2026-09-25T08:17:54,2026-09-25T07:36:13,Force Core(High,174982,1924802,11,,
407,2026-09-25T08:18:12,2026-09-25T07:36:13,Force Core(High,174981,2099772,12,,
408,2026-09-25T08:22:42,2026-09-25T07:36:13,Force Core(High,175991,4575766,26,,
409,2026-09-25T08:23:00,2026-09-25T07:36:13,Force Core(High),185918,5577540,30,,
410,2026-09-25T08:26:17,2026-09-25T07:36:13,Divine Stone,703914,703914,1,,
411,2026-09-25T10:20:51,2026-09-25T10:16:31,Divine Stone Set X 141,715119,100831919,141,,
412,2026-09-25T10:21:08,2026-09-25T10:16:31,Divine Stone Set X 138,715118,98686421,138,,
413,2026-09-25T10:22:05,2026-09-25T10:16:31,Divine Stone Set X 156,715117,111558407,156,,
414,2026-09-25T10:22:19,2026-09-25T10:16:31,Divine Stone Set X 162,715116,115848953,162,,
415,2026-09-25T10:22:31,2026-09-25T10:16:31,Divine Stone,703752,703752,1,,
416,2026-09-25T10:23:11,2026-09-25T10:16:31,Upgrade Core (Ultimate,536884,78385064,146,,
417,2026-09-25T10:23:15,2026-09-25T10:16:31,Chaos Core,719412,719412,1,,
418,2026-09-25T10:23:55,2026-09-25T10:16:31,Force Core(High,185917,4647925,25,,
419,2026-09-25T10:24:10,2026-09-25T10:16:31,Force Core(High,185916,25284576,136,,
420,2026-09-25T10:24:27,2026-09-25T10:16:31,Force Core(High,185915,1673235,9,,
421,2026-09-25T10:24:42,2026-09-25T10:16:31,Chaos Core Set X 237,728087,172556619,237,,
422,2026-09-25T10:28:42,2026-09-25T10:16:31,Chaos Core Set X 108,728086,78633288,108,,
423,2026-09-25T10:47:58,2026-09-25T10:38:06,Divine Stone,705977,705977,1,,
424,2026-09-25T10:48:21,2026-09-25T10:38:06,Upgrade Core (Ultimate,536846,19863302,37,,
425,2026-09-25T10:48:24,2026-09-25T10:38:06,Chaos Core,716490,1432980,2,,
426,2026-09-25T10:48:55,2026-09-25T10:38:06,Upgrade Core (Ultimate,536844,14494788,27,,
427,2026-09-25T10:58:11,2026-09-25T10:38:06,Chaos Core,719031,719031,1,,
428,2026-09-25T11:00:11,2026-09-25T10:38:06,Upgrade Core (Ultimate,536829,67103625,125,,
429,2026-09-25T11:00:26,2026-09-25T10:38:06,Divine Stone Set X 132,714997,94379735,132,,
430,2026-09-25T11:07:50,2026-09-25T10:38:06,Chaos Core Set X 93,728052,67708928,93,,
431,2026-09-25T11:14:05,2026-09-25T10:38:06,Chaos Core Set X 117,728049,85181849,117,,
432,2026-09-25T11:23:42,2026-09-25T10:38:06,Force Core(High,185800,7432000,40,,
433,2026-09-25T11:24:10,2026-09-25T10:38:06,Chaos Core Set X 162,728038,117942317,162,,
434,2026-09-25T11:24:28,2026-09-25T10:38:06,Chaos Core Set X 282,728037,205306715,282,,
435,2026-09-25T12:47:38,2026-09-25T12:40:55,Chaos Core,699378,699378,1,,
436,2026-09-25T12:49:01,2026-09-25T12:40:55,Chaos Core Set X 240,728036,174728879,240,,
437,2026-09-25T12:52:03,2026-09-25T12:40:55,Chaos Core Set X 177,728052,128865204,177,,
438,2026-09-25T12:53:06,2026-09-25T12:40:55,Upgrade Core (Ultimate,536804,2147216,4,,
439,2026-09-25T12:54:23,2026-09-25T12:40:55,Upgrade Core (Ultimate,536802,107360400,200,,
440,2026-09-25T12:54:32,2026-09-25T12:40:55,Divine Stone,694964,2084892,3,,
441,2026-09-25T12:56:31,2026-09-25T12:40:55,Chaos Core Set X 33,728038,24025286,33,,
442,2026-09-25T15:26:18,2026-09-25T15:20:42,Divine Stone Set X 9,714983,6434855,9,,
443,2026-09-25T15:26:38,2026-09-25T15:20:42,Chaos Core,712391,712391,1,,
444,2026-09-25T15:27:51,2026-09-25T15:20:42,Chaos Core Set X 255,742632,185658104,250,,
445,2026-09-25T15:34:56,2026-09-25T15:20:42,Upgrade Core (Ultimate,536781,39185013,73,,
446,2026-09-25T15:35:24,2026-09-25T15:20:42,Upgrade Core (Ultimate,536780,128827200,240,,
447,2026-09-25T15:35:28,2026-09-25T15:20:42,Divine Stone Set X 138,714981,98667515,138,,
448,2026-09-25T15:36:36,2026-09-25T15:20:42,Divine Stone Set X 156,714980,111537035,156,,
449,2026-09-25T15:36:52,2026-09-25T15:20:42,Divine Stone Set X 81,714979,57913379,81,,
450,2026-09-25T15:37:07,2026-09-25T15:20:42,Chaos Core Set X9,728069,6552629,9,,
451,2026-09-25T15:37:19,2026-09-25T15:20:42,Chaos Core Set X 141,743896,102657728,138,,
452,2026-09-25T15:37:36,2026-09-25T15:20:42,Chaos Core Set X 183,744321,133233516,179,,
453,2026-09-25T15:37:53,2026-09-25T15:20:42,Chaos Core Set X 204,742612,148522404,200,,
454,2026-09-25T15:38:38,2026-09-25T15:20:42,Material Core(Palladium) X 57,231578,13199946,57,,
455,2026-09-25T15:38:53,2026-09-25T15:20:42,Force Core(Highest,201981,22217910,110,,
456,2026-09-25T15:39:10,2026-09-25T15:20:42,Force Core(Highest,201981,16158480,80,,
457,2026-09-25T15:39:20,2026-09-25T15:20:42,Force Core(Highest),201980,20198000,100,,
458,2026-09-25T15:42:21,2026-09-25T15:20:42,Chaos Core,736889,1473778,2,,
459,2026-09-25T15:43:08,2026-09-25T15:20:42,Force Core(High,184968,46242000,250,,
460,2026-09-25T15:43:12,2026-09-25T15:20:42,Force Core(High,184967,14242459,77,,
461,2026-09-25T15:43:43,2026-09-25T15:20:42,Divine Stone,698831,698831,1,,
462,2026-09-25T15:45:04,2026-09-25T15:20:42,Force Core(Highest,201977,12118620,60,,
463,2026-09-25T15:56:27,2026-09-25T15:20:42,Chaos Core,735588,735588,1,,
464,2026-09-25T15:57:02,2026-09-25T15:20:42,Force Core(High,184968,41617800,225,,
465,2026-09-25T15:57:26,2026-09-25T15:20:42,Upgrade Core (Ultimate,536773,2147092,4,,
466,2026-09-25T15:57:42,2026-09-25T15:20:42,Divine Stone,709971,709971,1,,
467,2026-09-25T16:03:36,2026-09-25T15:20:42,Chaos Core,735448,735448,1,,
468,2026-09-25T16:09:53,2026-09-25T15:20:42,Chaos Core,746840,746840,1,,
469,2026-09-25T16:16:04,2026-09-25T15:20:42,Divine Stone,704716,704716,1,,
470,2026-09-25T16:26:02,2026-09-25T15:20:42,Chaos Core,744019,744019,1,,
471,2026-09-25T16:27:02,2026-09-25T15:20:42,Divine Stone,709898,709898,1,,
472,2026-09-25T16:29:13,2026-09-25T15:20:42,Chaos Core Set X 372,744646,279242543,375,,
473,2026-09-25T16:30:16,2026-09-25T15:20:42,Divine Stone Set X 93,715235,66516947,93,,
474,2026-09-25T16:31:22,2026-09-25T15:20:42,Divine Stone Set X 3,715234,2145704,3,,
475,2026-09-25T16:33:01,2026-09-25T15:20:42,Chaos Core,748335,748335,1,,
476,2026-09-25T16:34:03,2026-09-25T15:20:42,Divine Stone,709917,709917,1,,
477,2026-09-25T16:34:32,2026-09-25T15:20:42,Divine Stone Set X 21,715233,15019913,21,,
478,2026-09-25T16:35:28,2026-09-25T15:20:42,Force Core(Highest,199993,6599769,33,,
479,2026-09-25T16:36:09,2026-09-25T15:20:42,Chaos Core Set X 339,744057,254467637,342,,
480,2026-09-25T16:36:20,2026-09-25T15:20:42,Chaos Core Set X 216,743754,162138455,218,,
481,2026-09-25T16:36:31,2026-09-25T15:20:42,Chaos Core Set X 180,742391,135115199,182,,
482,2026-09-25T16:38:37,2026-09-25T15:20:42,Chaos Core,639401,639401,1,,
483,2026-09-25T16:46:51,2026-09-25T16:45:53,Chaos Core,745686,745686,1,,
484,2026-09-25T16:52:05,2026-09-25T16:47:52,Divine Stone,709818,709818,1,,
485,2026-09-25T16:53:24,2026-09-25T16:47:52,Chaos Core,649467,649467,1,,
486,2026-09-25T16:57:43,2026-09-25T16:47:52,Chaos Core,744998,744998,1,,
487,2026-09-25T17:02:28,2026-09-25T16:47:52,Divine Stone,709992,709992,1,,
488,2026-09-25T17:03:35,2026-09-25T16:47:52,Force Core(Highest,195482,11142474,57,,
489,2026-09-25T17:03:39,2026-09-25T16:47:52,Chaos Core,744429,744429,1,,
490,2026-09-25T17:08:26,2026-09-25T16:47:52,Force Core(Highest,195482,5864460,30,,
491,2026-09-25T17:08:42,2026-09-25T16:47:52,Chaos Core,745059,745059,1,,
492,2026-09-25T17:12:14,2026-09-25T16:47:52,Divine Stone,704702,704702,1,,
493,2026-09-25T17:13:23,2026-09-25T16:47:52,Chaos Core,745054,745054,1,,
494,2026-09-25T17:19:28,2026-09-25T16:47:52,Divine Stone,709967,709967,1,,
495,2026-09-25T17:24:50,2026-09-25T16:47:52,Force Core(Highest,195482,5864460,30,,
496,2026-09-25T17:29:37,2026-09-25T16:47:52,Divine Stone,709990,709990,1,,
497,2026-09-25T17:30:44,2026-09-25T16:47:52,Chaos Core,740637,740637,1,,
498,2026-09-25T17:36:32,2026-09-25T16:47:52,Divine Stone,709896,709896,1,,
499,2026-09-25T17:37:38,2026-09-25T16:47:52,Chaos Core,717867,717867,1,,
500,2026-09-25T17:42:25,2026-09-25T16:47:52,Archridium Suit (DM) i,1685741,1685741,1,,
501,2026-09-25T17:48:00,2026-09-25T16:47:52,Divine Stone,709991,709991,1,,
502,2026-09-25T17:59:55,2026-09-25T16:47:52,Chaos Core,736009,736009,1,,
503,2026-09-25T18:02:16,2026-09-25T16:47:52,Force Core(Highest,189999,7599960,40,,
504,2026-09-25T18:18:51,2026-09-25T16:47:52,Upgrade Core (Ultimate,496644,22845624,46,,
505,2026-09-25T18:48:34,2026-09-25T18:44:42,Divine Stone,699857,699857,1,,
506,2026-09-25T18:49:54,2026-09-25T18:44:42,Upgrade Core (Ultimate,496641,9932820,20,,
507,2026-09-25T18:50:09,2026-09-25T18:44:42,Divine Stone Set X 6,715195,4291175,6,,
508,2026-09-25T18:50:23,2026-09-25T18:44:42,Divine Stone Set X 90,715194,64367549,90,,
509,2026-09-25T18:52:09,2026-09-25T18:44:42,Divine Stone Set X 144,715192,102987791,144,,
510,2026-09-25T18:53:46,2026-09-25T18:44:42,Upgrade Core (Ultimate,472513,52448943,111,,
511,2026-09-25T19:02:14,2026-09-25T18:44:42,Chaos Core,717301,717301,1,,
512,2026-09-25T19:03:24,2026-09-25T18:44:42,Chaos Core Set X 249,740237,184319261,249,,
513,2026-09-25T19:16:06,2026-09-25T18:44:42,Chaos Core,715646,715646,1,,
514,2026-09-25T19:17:18,2026-09-25T18:44:42,Chaos Core Set X 237,740213,175430717,237,,
515,2026-09-25T19:17:39,2026-09-25T18:44:42,Chaos Core Set X 114,740212,84384281,114,,
516,2026-09-25T19:18:01,2026-09-25T18:44:42,Chaos Core Set X 27,740211,19985723,27,,
517,2026-09-25T19:18:36,2026-09-25T18:44:42,Chaos Core Set X 27,740209,19985669,27,,
518,2026-09-25T19:23:29,2026-09-25T18:44:42,Divine Stone,704808,704808,1,,
519,2026-09-25T19:24:10,2026-09-25T18:44:42,Force Core(Highest,189973,15007867,79,,
520,2026-09-25T19:24:38,2026-09-25T18:44:42,Chaos Core Set X 255,740203,188752019,255,,
521,2026-09-25T19:25:16,2026-09-25T18:44:42,Chaos Core Set X 189,740202,139898366,189,,
522,2026-09-25T19:25:54,2026-09-25T18:44:42,Chaos Core Set,740203,135457331,183,,
523,2026-09-25T19:29:27,2026-09-25T18:44:42,Divine Stone,703258,703258,1,,
524,2026-09-25T19:30:08,2026-09-25T18:44:42,Force Core(Highest,189970,189970,1,,
525,2026-09-25T19:30:39,2026-09-25T18:44:42,Force Core(Highest,189969,3609411,19,,
526,2026-09-25T19:33:53,2026-09-25T18:44:42,Divine Stone,709894,709894,1,,
527,2026-09-25T19:34:34,2026-09-25T18:44:42,Chaos Core,720763,720763,1,,
528,2026-09-25T19:35:11,2026-09-25T18:44:42,Upgrade Core (Ultimate,476612,95799012,201,,
529,2026-09-25T19:35:39,2026-09-25T18:44:42,Divine Stone Set X 15,715161,10727429,15,,
530,2026-09-25T19:36:05,2026-09-25T18:44:42,Upgrade Core (Ultimate,476610,32886090,69,,
531,2026-09-25T19:38:31,2026-09-25T18:44:42,Divine Stone,709951,709951,1,,
532,2026-09-25T19:39:12,2026-09-25T18:44:42,Chaos Core,718150,718150,1,,
533,2026-09-25T19:39:41,2026-09-25T18:44:42,Upgrade Core (Ultimate,476605,13821545,29,,
534,2026-09-25T19:42:59,2026-09-25T18:44:42,Upgrade Core (Ultimate,476602,9055438,19,,
535,2026-09-25T19:46:59,2026-09-25T18:44:42,Divine Stone,704804,704804,1,,
536,2026-09-25T19:50:57,2026-09-25T18:44:42,Divine Stone,704693,704693,1,,
537,2026-09-25T19:51:38,2026-09-25T18:44:42,Chaos Core,716292,716292,1,,
538,2026-09-25T19:52:58,2026-09-25T18:44:42,Upgrade Core (Ultimate,476592,19063680,40,,
539,2026-09-25T19:55:38,2026-09-25T18:44:42,Chaos Core,777103,777103,1,,
540,2026-09-25T20:03:50,2026-09-25T18:44:42,Divine Stone,704748,704748,1,,
541,2026-09-25T20:04:31,2026-09-25T18:44:42,Chaos Core,777120,777120,1,,
542,2026-09-25T20:09:20,2026-09-25T18:44:42,Force Core(Highest,189986,379972,2,,
543,2026-09-25T20:10:41,2026-09-25T18:44:42,Chaos Core Set X 276,739006,206921891,280,,
544,2026-09-25T20:10:59,2026-09-25T18:44:42,Chaos Core Set X 282,739230,211419911,286,,
545,2026-09-25T20:11:18,2026-09-25T18:44:42,Chaos Core Set X 171,741049,128201606,173,,
546,2026-09-25T20:41:33,2026-09-25T20:37:25,Divine Stone,709990,709990,1,,
547,2026-09-25T20:42:02,2026-09-25T20:37:25,Chaos Core,741883,741883,1,,
548,2026-09-25T20:43:08,2026-09-25T20:37:25,Divine Stone Set X 9,715132,6436196,9,,
549,2026-09-25T20:46:29,2026-09-25T20:37:25,Divine Stone,709919,709919,1,,
550,2026-09-25T20:48:13,2026-09-25T20:37:25,Divine Stone Set,715129,57925529,81,,
551,2026-09-25T23:05:14,2026-09-25T23:02:00,Wexp Saver,62626261,62626261,1,,
552,2026-09-25T23:05:30,2026-09-25T23:02:00,Divine Stone,709973,709973,1,,
553,2026-09-25T23:05:40,2026-09-25T23:02:00,Chaos Core,768831,768831,1,,
554,2026-09-25T23:05:52,2026-09-25T23:02:00,Divine Stone Set X 165,715128,117996284,165,,
555,2026-09-25T23:06:03,2026-09-25T23:02:00,Divine Stone Set X 147,715127,105123815,147,,
556,2026-09-25T23:06:14,2026-09-25T23:02:00,Upgrade Core (Ultimate,476562,4289058,9,,
557,2026-09-25T23:12:05,2026-09-25T23:02:00,Upgrade Core (Ultimate,476557,80538133,169,,
558,2026-09-25T23:54:44,2026-09-25T23:02:00,Upgrade Core (Ultimate,536714,5367140,10,,
559,2026-09-25T23:58:31,2026-09-25T23:02:00,Upgrade Core (Ultimate,536708,16101240,30,,
560,2026-09-26T00:48:24,2026-09-26T00:41:41,Upgrade Core (Ultimate,536706,26835300,50,,
561,2026-09-26T01:10:18,2026-09-26T00:41:41,Upgrade Core (Ultimate,536671,21466840,40,,
562,2026-09-26T01:17:19,2026-09-26T00:41:41,Upgrade Core (Ultimate,536663,2683315,5,,
563,2026-09-26T01:25:10,2026-09-26T00:41:41,Upgrade Core (Ultimate,536654,92841142,173,,
564,2026-09-26T01:25:52,2026-09-26T00:41:41,Upgrade Core (Ultimate,536653,76204726,142,,
565,2026-09-26T01:44:07,2026-09-26T00:41:41,Upgrade Core (Ultimate,536633,536633,1,,
566,2026-09-26T01:50:34,2026-09-26T00:41:41,Upgrade Core (Ultimate,536628,78347688,146,,
567,2026-09-26T01:52:36,2026-09-26T00:41:41,Upgrade Core (Ultimate,536627,46686549,87,,
568,2026-09-26T02:02:10,2026-09-26T00:41:41,Upgrade Core (Ultimate,536622,2146488,4,,
569,2026-09-26T02:06:10,2026-09-26T00:41:41,Upgrade Core (Ultimate,536618,17708394,33,,
570,2026-09-26T02:09:32,2026-09-26T00:41:41,Divine Stone Set X 99,717239,70289504,98,,
571,2026-09-26T02:12:03,2026-09-26T00:41:41,Palladium Headpiece (DM) | Lua,4026396,4026396,1,,
572,2026-09-26T02:13:53,2026-09-26T00:41:41,Upgrade Core (Ultimate,536618,10732360,20,,
573,2026-09-26T02:17:03,2026-09-26T00:41:41,Force Core(Highest,195467,8796015,45,,
574,2026-09-26T02:20:25,2026-09-26T00:41:41,Force Core(Highest,195467,15441893,79,,
575,2026-09-26T02:23:41,2026-09-26T00:41:41,Upgrade Core (Ultimate,536618,5902798,11,,
576,2026-09-26T02:44:56,2026-09-26T02:37:43,Upgrade Core (Ultimate,536618,21464720,40,,
577,2026-09-26T02:45:00,2026-09-26T02:37:43,Upgrade Core (Ultimate,536617,22001297,41,,
578,2026-09-26T03:21:06,2026-09-26T03:15:36,Upgrade Core (Ultimate,536574,4829166,9,,
579,2026-09-26T03:29:09,2026-09-26T03:15:36,Upgrade Core (Ultimate,536552,2682760,5,,
580,2026-09-26T03:36:18,2026-09-26T03:15:36,Chaos Core Set X 279,748788,208912130,279,,
581,2026-09-26T03:38:13,2026-09-26T03:15:36,Chaos Core Set X 162,748787,121303655,162,,
582,2026-09-26T03:40:02,2026-09-26T03:15:36,Chaos Core Set X 135,748786,101086244,135,,
583,2026-09-26T03:57:42,2026-09-26T03:15:36,Force Core(High),184999,5734969,31,,
584,2026-09-26T04:02:10,2026-09-26T03:15:36,Force Core(High,184997,9249850,50,,
585,2026-09-26T04:06:37,2026-09-26T03:15:36,Force Core(High,184994,1849940,10,,
586,2026-09-26T04:28:20,2026-09-26T03:15:36,Upgrade Core (Ultimate,519988,2599940,5,,
587,2026-09-26T04:39:16,2026-09-26T03:15:36,Upgrade Core (Ultimate,519969,21318729,41,,
588,2026-09-26T04:43:35,2026-09-26T03:15:36,Upgrade Core (Ultimate,519962,34317492,66,,
589,2026-09-26T04:46:30,2026-09-26T03:15:36,Force Core(Highest,199959,399918,2,,
590,2026-09-26T04:47:22,2026-09-26T03:15:36,Upgrade Core (Ultimate,519954,24437838,47,,
591,2026-09-26T04:47:37,2026-09-26T03:15:36,Upgrade Core (Ultimate,519953,25477697,49,,
592,2026-09-26T04:55:14,2026-09-26T03:15:36,Force Core(Highest,199944,43987680,220,,
593,2026-09-26T05:09:31,2026-09-26T03:15:36,Chaos Core Set X 375,749797,277424999,370,,
594,2026-09-26T05:12:00,2026-09-26T03:15:36,Chaos Core Set X 231,749533,170893568,228,,
595,2026-09-26T05:18:59,2026-09-26T03:15:36,Upgrade Core (Ultimate,519907,77986050,150,,
596,2026-09-26T05:19:27,2026-09-26T03:15:36,Force Core(Highest,199916,3998320,20,,
597,2026-09-26T05:23:07,2026-09-26T03:15:36,Upgrade Core (Ultimate,519904,103980800,200,,
598,2026-09-26T05:29:53,2026-09-26T03:15:36,Upgrade Core (Ultimate),519892,5198920,10,,
599,2026-09-26T05:33:45,2026-09-26T03:15:36,Force Core(Highest,199892,7995680,40,,
600,2026-09-26T05:38:39,2026-09-26T03:15:36,Divine Stone Set X 105,714980,75073004,105,,
601,2026-09-26T05:38:50,2026-09-26T03:15:36,Divine Stone Set X 114,714979,81507719,114,,
602,2026-09-26T05:45:13,2026-09-26T03:15:36,Chaos Core Set X 144,748302,106258895,142,,
603,2026-09-26T05:46:57,2026-09-26T03:15:36,Chaos Core Set X 48,753607,35419535,47,,
604,2026-09-26T05:50:56,2026-09-26T03:15:36,Chaos Core Set X 234,747488,172669769,231,,
605,2026-09-26T05:53:06,2026-09-26T03:15:36,Force Core(Highest,199870,1998700,10,,
606,2026-09-26T05:56:35,2026-09-26T03:15:36,Force Core(Highest,199865,1998650,10,,
607,2026-09-26T05:57:15,2026-09-26T03:15:36,Divine Stone Set X 74,714990,52909333,74,,
608,2026-09-26T06:00:50,2026-09-26T03:15:36,Chaos Core Set X 321,749569,236863973,316,,
609,2026-09-26T06:02:06,2026-09-26T03:15:36,Chaos Core Set X 249,749940,183735356,245,,
610,2026-09-26T06:05:47,2026-09-26T03:15:36,Chaos Core Set X 234,747472,172666259,231,,
611,2026-09-26T06:05:59,2026-09-26T03:15:36,Chaos Core Set X 243,750238,179307026,239,,
612,2026-09-26T06:06:25,2026-09-26T03:15:36,Chaos Core Set,749983,137246981,183,,
613,2026-09-26T06:09:26,2026-09-26T03:15:36,Chaos Core Set X 237,747349,174879692,234,,
614,2026-09-26T06:09:43,2026-09-26T03:15:36,Chaos Core Set X 363,748193,267853343,358,,
615,2026-09-26T06:10:14,2026-09-26T03:15:36,Force Core(Highest,199850,1798650,9,,
616,2026-09-26T06:17:51,2026-09-26T03:15:36,Force Core(High,169996,169996,1,,
617,2026-09-26T06:37:23,2026-09-26T03:15:36,Force Core(High,165000,990000,6,,
618,2026-09-26T06:40:39,2026-09-26T03:15:36,Force Core(High,165000,1155000,7,,
619,2026-09-26T06:43:10,2026-09-26T03:15:36,Force Core(Highest,199808,1998080,10,,
620,2026-09-26T06:43:50,2026-09-26T03:15:36,Force Core(High,165000,1650000,10,,
621,2026-09-26T06:45:36,2026-09-26T03:15:36,Force Core(Highest,199807,27173752,136,,
622,2026-09-26T06:45:46,2026-09-26T03:15:36,Force Core(Highest,199806,26174586,131,,
623,2026-09-26T06:46:16,2026-09-26T03:15:36,Force Core(Highest,199804,27173344,136,,
624,2026-09-26T06:57:30,2026-09-26T06:51:59,Force Core(High,165000,17820000,108,,
625,2026-09-26T06:58:26,2026-09-26T06:51:59,Force Core(Highest),199794,1997940,10,,
626,2026-09-26T07:00:56,2026-09-26T06:51:59,Chaos Core Set X 114,729809,83198339,114,,
627,2026-09-26T07:01:07,2026-09-26T06:51:59,Chaos Core Set X 219,729808,159828170,219,,
628,2026-09-26T07:13:24,2026-09-26T06:51:59,Upgrade Core (Ultimate,519737,107585559,207,,
629,2026-09-26T07:20:49,2026-09-26T06:51:59,Upgrade Core (Ultimate,519723,22348089,43,,
630,2026-09-26T07:20:53,2026-09-26T06:51:59,Upgrade Core (Ultimate,519722,31183320,60,,
631,2026-09-26T07:29:20,2026-09-26T06:51:59,Chaos Core Set X 33,722220,24555497,34,,
632,2026-09-26T07:48:40,2026-09-26T07:47:43,Upgrade Core (Ultimate,519679,5716469,11,,
633,2026-09-26T07:48:47,2026-09-26T07:47:43,Chaos Core,733191,182564559,249,,
634,2026-09-26T07:54:41,2026-09-26T07:49:30,Chaos Core,733191,733191,1,,
635,2026-09-26T08:02:44,2026-09-26T07:49:30,Force Core(High),185919,15431277,83,,
636,2026-09-26T08:08:05,2026-09-26T07:49:30,Force Core(High),185917,6878929,37,,
637,2026-09-26T08:16:53,2026-09-26T07:49:30,Force Core(High,185917,7436680,40,,
638,2026-09-26T08:20:19,2026-09-26T07:49:30,Upgrade Core (Ultimate,509591,25989141,51,,
639,2026-09-26T08:20:50,2026-09-26T07:49:30,Force Core(Highest,194997,9749850,50,,
640,2026-09-26T08:21:17,2026-09-26T07:49:30,Divine Stone Set X 144,714975,102956543,144,,
641,2026-09-26T08:23:07,2026-09-26T07:49:30,Divine Stone Set X 138,714974,98666549,138,,
642,2026-09-26T08:24:49,2026-09-26T07:49:30,Divine Stone Set X 153,714973,109391021,153,,
643,2026-09-26T08:25:58,2026-09-26T07:49:30,Chaos Core Set X 216,743951,160693631,216,,
644,2026-09-26T08:26:13,2026-09-26T07:49:30,Chaos Core Set X 369,743950,274517918,369,,
645,2026-09-26T08:30:35,2026-09-26T07:49:30,Upgrade Core (Ultimate,509585,66755635,131,,
646,2026-09-26T08:30:50,2026-09-26T07:49:30,Divine Stone Set,714990,98668757,138,,
647,2026-09-26T08:33:02,2026-09-26T07:49:30,Chaos Core Set X 132,743948,98201267,132,,
648,2026-09-26T08:33:28,2026-09-26T07:49:30,Chaos Core Set X 36,743946,26782091,36,,
649,2026-09-26T08:33:45,2026-09-26T07:49:30,Chaos Core Set X 372,743945,276747911,372,,
650,2026-09-26T08:37:24,2026-09-26T07:49:30,Upgrade Core (Ultimate,509580,20383200,40,,
651,2026-09-26T08:38:04,2026-09-26T07:49:30,Force Core(Highest,194976,3899520,20,,
652,2026-09-26T08:38:19,2026-09-26T07:49:30,Upgrade Core (Ultimate,509579,20383160,40,,
653,2026-09-26T08:39:50,2026-09-26T07:49:30,Force Core(High,185897,11153820,60,,
654,2026-09-26T08:45:35,2026-09-26T07:49:30,Divine Stone Set X 150,714983,107247599,150,,
655,2026-09-26T08:53:19,2026-09-26T07:49:30,Force Core(High,185875,3717500,20,,
656,2026-09-26T08:55:18,2026-09-26T07:49:30,Upgrade Core (Ultimate,509558,21910994,43,,
657,2026-09-26T12:42:12,2026-09-26T12:35:38,Epic Booster (Highest),699998,47699998,68,,
658,2026-09-26T12:42:48,2026-09-26T12:35:38,Force Core(Highest,194947,6043357,31,,
659,2026-09-26T12:43:16,2026-09-26T12:35:38,Divine Stone Set X 153,714970,109390562,153,,
660,2026-09-26T12:43:27,2026-09-26T12:35:38,Divine Stone Set X 141,714973,100811333,141,,
661,2026-09-26T12:43:38,2026-09-26T12:35:38,Divine Stone Set X 162,714974,115825949,162,,
662,2026-09-26T12:44:56,2026-09-26T12:35:38,Chaos Core Set,728719,101292000,139,,
663,2026-09-26T12:47:24,2026-09-26T12:35:38,Chaos Core Set,729811,35030975,48,,
664,2026-09-26T12:47:48,2026-09-26T12:35:38,Force Core(High,185873,1858730,10,,
665,2026-09-26T12:48:05,2026-09-26T12:35:38,Chaos Core Set X 372,730161,276731171,379,,
666,2026-09-26T12:48:25,2026-09-26T12:35:38,Force Core(High,185872,12267552,66,,
667,2026-09-26T12:48:42,2026-09-26T12:35:38,Force Core(High,185870,46467500,250,,
668,2026-09-26T12:48:52,2026-09-26T12:35:38,Force Core(High,185869,3717380,20,,
669,2026-09-26T12:49:02,2026-09-26T12:35:38,Divine Stone Set X 153,714972,109390868,153,,
670,2026-09-26T12:49:22,2026-09-26T12:35:38,Divine Stone Set X 150,714971,107245799,150,,
671,2026-09-26T12:49:39,2026-09-26T12:35:38,Chaos Core Set X 351,729296,261088191,358,,
672,2026-09-26T12:50:01,2026-09-26T12:35:38,Chaos Core Set,729810,83198453,114,,
673,2026-09-26T12:52:35,2026-09-26T12:35:38,Chaos Core Set,729137,220928795,303,,
674,2026-09-26T13:00:45,2026-09-26T12:35:38,Divine Stone Set X 84,714966,60057227,84,,
675,2026-09-26T13:14:32,2026-09-26T12:35:38,Force Core(High,182941,5488230,30,,
676,2026-09-26T13:14:47,2026-09-26T12:35:38,Force Core(High,182940,182940,1,,
677,2026-09-26T13:27:48,2026-09-26T12:35:38,Force Core(High,180982,4886514,27,,
678,2026-09-26T14:17:22,2026-09-26T12:35:38,Force Core(High,174978,3149604,18,,
679,2026-09-26T14:24:30,2026-09-26T12:35:38,Force Core(High,174972,1399776,8,,
680,2026-09-26T14:24:51,2026-09-26T12:35:38,Divine Stone Set X 78,714965,55767347,78,,
681,2026-09-26T14:53:21,2026-09-26T14:38:41,Force Core(High,174967,2624505,15,,
682,2026-09-26T14:53:25,2026-09-26T14:38:41,Force Core(High,174970,1574730,9,,
683,2026-09-26T15:37:11,2026-09-26T15:15:26,Force Core(Highest,189838,3796760,20,,
684,2026-09-26T15:39:34,2026-09-26T15:15:26,Force Core(High,180995,180995,1,,
685,2026-09-26T15:41:33,2026-09-26T15:15:26,Force Core(Highest,189837,37967400,200,,
686,2026-09-26T15:41:43,2026-09-26T15:15:26,Force Core(Highest,189836,37967200,200,,
687,2026-09-26T15:41:53,2026-09-26T15:15:26,Force Core(Highest,189835,13098615,69,,
688,2026-09-26T16:18:13,2026-09-26T15:59:05,Force Core(High,180994,723976,4,,
689,2026-09-26T16:18:17,2026-09-26T15:59:05,Force Core(High),180989,180989,1,,
690,2026-09-26T16:21:44,2026-09-26T15:59:05,Force Core(Highest,189893,3418074,18,,
691,2026-09-26T16:28:57,2026-09-26T15:59:05,Chaos Core Set X 247,729750,180248496,247,,
692,2026-09-26T16:56:35,2026-09-26T15:59:05,Force Core(Highest,199803,3996060,20,,
693,2026-09-26T17:17:20,2026-09-26T15:59:05,Chaos Core Set X 999,729658,728929340,999,,
694,2026-09-26T17:20:42,2026-09-26T15:59:05,Force Core(Highest,199780,9789220,49,,
695,2026-09-26T17:21:10,2026-09-26T15:59:05,Force Core(High,180985,5429550,30,,
696,2026-09-26T17:25:16,2026-09-26T15:59:05,Force Core(Highest,199773,3995460,20,,
697,2026-09-26T17:30:18,2026-09-26T15:59:05,Force Core(High,180979,1266853,7,,
698,2026-09-26T17:34:49,2026-09-26T15:59:05,Force Core(High,180976,723904,4,,
699,2026-09-26T17:35:05,2026-09-26T15:59:05,Force Core(High,180975,180975,1,,
700,2026-09-26T19:15:04,2026-09-26T19:10:41,Chaos Core Set X 294,729609,214505046,294,,
701,2026-09-26T19:16:25,2026-09-26T19:10:41,Divine Stone Set X 84,714964,60057059,84,,
702,2026-09-26T19:16:50,2026-09-26T19:10:41,Force Core(Highest,199762,2596906,13,,
703,2026-09-26T19:17:05,2026-09-26T19:10:41,Force Core(Highest,199761,3795459,19,,
704,2026-09-26T19:17:23,2026-09-26T19:10:41,Force Core(High,180973,10858380,60,,
705,2026-09-26T19:17:33,2026-09-26T19:10:41,Chaos Core Set X 294,729609,214505046,294,,
706,2026-09-26T19:18:29,2026-09-26T19:10:41,Chaos Core Set X 294,729609,214505046,294,,
707,2026-09-26T19:22:47,2026-09-26T19:10:41,Force Core(Highest,199751,1398257,7,,
708,2026-09-26T19:28:59,2026-09-26T19:10:41,Upgrade Core (Ultimate,469977,59687079,127,,
709,2026-09-26T19:44:44,2026-09-26T19:10:41,Material Core(Palladium) X 127,239189,91131387,381,,
710,2026-09-26T19:45:31,2026-09-26T19:10:41,Wexp Saver,63649999,509199992,8,,
711,2026-09-26T19:54:36,2026-09-26T19:10:41,Upgrade Core (Ultimate,469956,14098680,30,,
712,2026-09-26T19:56:17,2026-09-26T19:10:41,Upgrade Core (Ultimate,469955,14098650,30,,
713,2026-09-26T20:00:42,2026-09-26T19:10:41,Upgrade Core (Ultimate,469952,9399040,20,,
714,2026-09-26T20:07:36,2026-09-26T19:10:41,Force Core(Highest,199712,5991360,30,,
715,2026-09-26T20:15:06,2026-09-26T19:10:41,Chaos Core Set X 159,729064,114463145,157,,
716,2026-09-26T20:15:36,2026-09-26T19:10:41,Chaos Core Set X 339,730668,244043387,334,,
717,2026-09-26T20:36:30,2026-09-26T19:10:41,Chaos Core Set X 200,730823,143972199,197,,
718,2026-09-26T20:37:42,2026-09-26T19:10:41,Chaos Core Set X 999,729351,719140139,986,,
719,2026-09-26T20:38:53,2026-09-26T19:10:41,Chaos Core Set X 336,728531,241872623,332,,
720,2026-09-26T20:39:11,2026-09-26T19:10:41,Chaos Core Set X 204,730602,146851031,201,,
721,2026-09-26T20:39:56,2026-09-26T19:10:41,Chaos Core Set X 183,727811,131733830,181,,
722,2026-09-26T20:45:36,2026-09-26T19:10:41,Upgrade Core (Ultimate,469910,32893700,70,,
723,2026-09-26T21:00:46,2026-09-26T19:10:41,Force Core(Highest,199671,15374667,77,,
724,2026-09-26T21:01:26,2026-09-26T19:10:41,Chaos Core Set X 45,725981,31943204,44,,
725,2026-09-26T21:01:30,2026-09-26T19:10:41,Chaos Core Set,729295,106477200,146,,
726,2026-09-26T21:01:34,2026-09-26T19:10:41,Chaos Core Set,729295,106477200,146,,
727,2026-09-26T21:01:51,2026-09-26T19:10:41,Chaos Core Set,732382,46140120,63,,
728,2026-09-26T21:05:11,2026-09-26T19:10:41,Chaos Core Set X 318,730526,225732617,309,,
729,2026-09-26T21:05:23,2026-09-26T19:10:41,Chaos Core Set X 165,727486,117125249,161,,
730,2026-09-26T21:05:34,2026-09-26T19:10:41,Chaos Core Set X 87,726551,61756862,85,,
731,2026-09-26T21:05:45,2026-09-26T19:10:41,Force Core(Highest,199668,25956840,130,,
732,2026-09-26T21:06:02,2026-09-26T19:10:41,Force Core(Highest,199667,45923410,230,,
733,2026-09-26T21:06:33,2026-09-26T19:10:41,Force Core(Highest,199666,5590648,28,,
734,2026-09-26T21:09:44,2026-09-26T19:10:41,Force Core(Highest,199664,20365728,102,,
735,2026-09-26T21:14:22,2026-09-26T19:10:41,Chaos Core Set X 30,734319,21295259,29,,
736,2026-09-26T21:14:33,2026-09-26T19:10:41,Force Core(Highest,199660,49915000,250,,
737,2026-09-26T21:14:37,2026-09-26T19:10:41,Force Core(Highest,199659,2196249,11,,
738,2026-09-26T21:14:41,2026-09-26T19:10:41,Force Core(Highest),199658,49914500,250,,
739,2026-09-26T21:14:45,2026-09-26T19:10:41,Force Core(Highest),199657,5191082,26,,
740,2026-09-26T21:19:34,2026-09-26T19:10:41,Force Core(Highest),199660,35739140,179,,
741,2026-09-26T21:40:32,2026-09-26T19:10:41,Force Core(Highest,199657,32144777,161,,
742,2026-09-26T21:40:36,2026-09-26T19:10:41,Force Core(Highest,199656,3593808,18,,
743,2026-09-26T21:44:25,2026-09-26T19:10:41,Upgrade Core (Ultimate,469873,6578222,14,,
744,2026-09-26T21:44:52,2026-09-26T19:10:41,Force Core(Highest,199652,3993040,20,,
745,2026-09-26T22:04:41,2026-09-26T19:10:41,Force Core(Highest,199635,6587955,33,,
746,2026-09-26T22:06:27,2026-09-26T19:10:41,Force Core(High,189984,11399040,60,,
747,2026-09-26T22:06:42,2026-09-26T19:10:41,Force Core(High,189983,3799660,20,,
748,2026-09-26T22:40:20,2026-09-26T19:10:41,Upgrade Core (Ultimate,469827,18323253,39,,
749,2026-09-26T22:40:35,2026-09-26T19:10:41,Force Core(Highest,199606,3992120,20,,
750,2026-09-26T22:47:35,2026-09-26T19:10:41,Force Core(High,189939,30390240,160,,
751,2026-09-26T23:00:02,2026-09-26T19:10:41,Upgrade Core (Ultimate,469809,35705484,76,,
752,2026-09-26T23:00:30,2026-09-26T19:10:41,Upgrade Core (Ultimate,469808,22080976,47,,
753,2026-09-26T23:06:28,2026-09-26T19:10:41,Chaos Core Set X 249,729472,181638776,249,,
754,2026-09-26T23:08:06,2026-09-26T19:10:41,Chaos Core Set X 213,729469,155377109,213,,
755,2026-09-26T23:09:14,2026-09-26T19:10:41,Chaos Core Set X 210,729468,153188489,210,,
756,2026-09-26T23:11:14,2026-09-26T19:10:41,Force Core(High,188986,11339160,60,,
757,2026-09-26T23:14:42,2026-09-26T19:10:41,Chaos Core Set,729468,181637780,249,,
758,2026-09-26T23:16:41,2026-09-26T19:10:41,Chaos Core Set X 192,729467,140057855,192,,
759,2026-09-26T23:18:56,2026-09-26T19:10:41,Chaos Core Set X 330,729466,240724109,330,,
760,2026-09-26T23:21:18,2026-09-26T19:10:41,Chaos Core Set,729465,181637033,249,,
761,2026-09-26T23:24:11,2026-09-26T19:10:41,Force Core(High,188979,3779580,20,,
762,2026-09-26T23:24:51,2026-09-26T19:10:41,Upgrade Core (Ultimate,469798,7986566,17,,
763,2026-09-26T23:31:14,2026-09-26T19:10:41,Force Core(High,188974,10204596,54,,
764,2026-09-26T23:31:30,2026-09-26T19:10:41,Force Core(High,188973,1889730,10,,
765,2026-09-26T23:31:40,2026-09-26T19:10:41,Force Core(High,188972,1322804,7,,
766,2026-09-26T23:31:49,2026-09-26T19:10:41,Force Core(Highest,199568,3592224,18,,
767,2026-09-26T23:35:12,2026-09-26T19:10:41,Force Core(Highest,199565,21752585,109,,
768,2026-09-26T23:37:34,2026-09-26T19:10:41,Chaos Core Set X 192,729447,140054015,192,,
769,2026-09-26T23:37:54,2026-09-26T19:10:41,Chaos Core Set X 342,729446,249470873,342,,
770,2026-09-26T23:38:40,2026-09-26T19:10:41,Force Core(Highest,199563,38316096,192,,
771,2026-09-26T23:42:21,2026-09-26T19:10:41,Upgrade Core (Ultimate,469785,54964845,117,,
772,2026-09-26T23:43:01,2026-09-26T19:10:41,Chaos Core Set X 186,729442,135676397,186,,
773,2026-09-26T23:43:12,2026-09-26T19:10:41,Chaos Core Set X 177,729441,129111233,177,,
774,2026-09-26T23:44:27,2026-09-26T19:10:41,Chaos Core Set X 201,729439,146617439,201,,
775,2026-09-26T23:45:48,2026-09-26T19:10:41,Force Core(High,188966,3779320,20,,
776,2026-09-26T23:46:03,2026-09-26T19:10:41,Upgrade Core (Ultimate,469784,34294232,73,,
777,2026-09-26T23:46:34,2026-09-26T19:10:41,Force Core(High,188965,3779300,20,,
778,2026-09-26T23:49:16,2026-09-26T19:10:41,Upgrade Core (Ultimate,469784,37582720,80,,
779,2026-09-26T23:55:06,2026-09-26T19:10:41,Upgrade Core (Ultimate,469778,26777346,57,,
780,2026-09-26T23:55:22,2026-09-26T19:10:41,Upgrade Core (Ultimate,469777,26777289,57,,
781,2026-09-26T23:57:20,2026-09-26T19:10:41,Force Core(High,188956,5668680,30,,
782,2026-09-26T23:58:00,2026-09-26T19:10:41,Upgrade Core (Ultimate,469777,41340376,88,,
783,2026-09-27T00:15:24,2026-09-26T19:10:41,Force Core(High,188941,3778820,20,,
784,2026-09-27T00:23:07,2026-09-27T00:22:05,Force Core(High,188933,1889330,10,,
785,2026-09-27T00:36:49,2026-09-27T00:23:54,Force Core(High,188929,12280385,65,,
786,2026-09-27T00:37:05,2026-09-27T00:23:54,Force Core(High,188928,10957824,58,,
787,2026-09-27T00:37:45,2026-09-27T00:23:54,Force Core(High,188927,24560510,130,,
788,2026-09-27T00:38:03,2026-09-27T00:23:54,Force Core(Highest,199522,22945030,115,,
789,2026-09-27T00:38:57,2026-09-27T00:23:54,Upgrade Core (Ultimate,469750,112270250,239,,
790,2026-09-27T00:43:10,2026-09-27T00:23:54,Force Core(High,188926,3400668,18,,
791,2026-09-27T00:49:09,2026-09-27T00:23:54,Force Core(Highest,199514,39902800,200,,
792,2026-09-27T00:49:13,2026-09-27T00:23:54,Force Core(Highest,199513,15961040,80,,
793,2026-09-27T00:56:40,2026-09-27T00:23:54,Force Core(Highest),199507,26135417,131,,
794,2026-09-27T00:58:14,2026-09-27T00:23:54,Upgrade Core (Ultimate,469734,3757872,8,,
795,2026-09-27T00:59:33,2026-09-27T00:23:54,Force Core(High,188910,1889100,10,,
796,2026-09-27T01:05:20,2026-09-27T00:23:54,Chaos Core Set X 159,729581,115273886,158,,
797,2026-09-27T01:05:50,2026-09-27T00:23:54,Chaos Core Set X 243,727986,176172812,242,,
798,2026-09-27T01:06:21,2026-09-27T00:23:54,Force Core(High,188902,1889020,10,,
799,2026-09-27T01:06:36,2026-09-27T00:23:54,Divine Stone Set X 135,714930,96515684,135,,
800,2026-09-27T01:07:47,2026-09-27T00:23:54,Divine Stone Set X 114,714929,81502019,114,,
801,2026-09-27T01:08:58,2026-09-27T00:23:54,Chaos Core Set X 192,728785,139198079,191,,
802,2026-09-27T01:09:29,2026-09-27T00:23:54,Chaos Core Set X 129,730651,93523451,128,,
803,2026-09-27T01:12:23,2026-09-27T00:23:54,Force Core(Highest,199496,13765224,69,,
804,2026-09-27T01:17:57,2026-09-27T00:23:54,Force Core(High,188891,16433517,87,,
805,2026-09-27T01:19:58,2026-09-27T00:23:54,Upgrade Core (Ultimate,469698,1878792,4,,
806,2026-09-27T01:37:48,2026-09-27T01:32:15,Force Core(High,188884,15110720,80,,
807,2026-09-27T01:38:09,2026-09-27T01:32:15,Force Core(Highest,199483,35109008,176,,
808,2026-09-27T01:48:42,2026-09-27T01:32:15,Upgrade Core (Ultimate,469673,5166403,11,,
809,2026-09-27T01:56:35,2026-09-27T01:32:15,Divine Stone Set X 108,714912,77210603,108,,
810,2026-09-27T01:59:18,2026-09-27T01:32:15,Force Core(High,188853,3777060,20,,
811,2026-09-27T01:59:31,2026-09-27T01:32:15,Force Core(High,188852,3777040,20,,
812,2026-09-27T02:07:27,2026-09-27T01:32:15,Chaos Core Set X 18,724916,13048505,18,,
813,2026-09-27T02:09:48,2026-09-27T01:32:15,Chaos Core Set X 183,724912,132659078,183,,
814,2026-09-27T02:13:57,2026-09-27T01:32:15,Force Core(High,188840,5665200,30,,
815,2026-09-27T02:16:39,2026-09-27T01:32:15,Chaos Core Set X 186,724895,134830655,186,,
816,2026-09-27T02:20:47,2026-09-27T01:32:15,Divine Stone Set X 150,714904,107235749,150,,
817,2026-09-27T02:21:33,2026-09-27T01:32:15,Chaos Core Set X 93,724893,67415141,93,,
818,2026-09-27T02:40:02,2026-09-27T02:36:51,Chaos Core Set X 132,724872,95683235,132,,
819,2026-09-27T02:40:44,2026-09-27T02:36:51,Chaos Core Set X 147,724869,106555889,147,,
820,2026-09-27T02:46:15,2026-09-27T02:36:51,Chaos Core Set X 240,724868,173968559,240,,
821,2026-09-27T02:47:31,2026-09-27T02:36:51,Chaos Core Set X 195,724875,141350819,195,,
822,2026-09-27T02:49:34,2026-09-27T02:36:51,Divine Stone Set X 162,714907,115815095,162,,
823,2026-09-27T02:49:54,2026-09-27T02:36:51,Chaos Core Set X 171,724868,123952598,171,,
824,2026-09-27T02:51:18,2026-09-27T02:36:51,Force Core(High,188805,3776100,20,,
825,2026-09-27T02:56:17,2026-09-27T02:36:51,Force Core(Highest,199382,3987640,20,,
826,2026-09-27T02:56:40,2026-09-27T02:36:51,Force Core(High,188796,13215720,70,,
827,2026-09-27T02:59:24,2026-09-27T02:36:51,Force Core(High,188792,2643088,14,,
828,2026-09-27T03:00:24,2026-09-27T02:36:51,Force Core(High,188791,1887910,10,,
829,2026-09-27T03:03:20,2026-09-27T02:36:51,Chaos Core Set X 276,724913,200076263,276,,
830,2026-09-27T03:03:41,2026-09-27T02:36:51,Chaos Core Set X 153,724912,110911688,153,,
831,2026-09-27T03:04:03,2026-09-27T02:36:51,Chaos Core Set,724917,121786223,168,,
832,2026-09-27T03:10:55,2026-09-27T02:36:51,Chaos Core Set,724916,173980079,240,,
833,2026-09-27T03:13:50,2026-09-27T02:36:51,Force Core(High,188776,3586744,19,,
834,2026-09-27T03:14:28,2026-09-27T02:36:51,Upgrade Core (Ultimate,469574,5165314,11,,
835,2026-09-27T03:14:32,2026-09-27T02:36:51,Upgrade Core (Ultimate,469573,17843774,38,,
836,2026-09-27T03:15:22,2026-09-27T02:36:51,Force Core(High,188770,3209090,17,,
837,2026-09-27T03:18:27,2026-09-27T02:36:51,Force Core(High,188765,2831475,15,,
838,2026-09-27T03:21:24,2026-09-27T02:36:51,Force Core(High,188762,2453906,13,,
839,2026-09-27T03:22:27,2026-09-27T02:36:51,Force Core(High,188758,5662740,30,,
840,2026-09-27T03:37:58,2026-09-27T02:36:51,Upgrade Core (Ultimate,469556,11738900,25,,
841,2026-09-27T03:38:11,2026-09-27T02:36:51,Upgrade Core (Ultimate,469555,37094845,79,,
842,2026-09-27T03:38:15,2026-09-27T02:36:51,Chaos Core Set X 147,724774,105092357,145,,
843,2026-09-27T03:38:24,2026-09-27T02:36:51,Chaos Core Set,725074,714198087,985,,
844,2026-09-27T03:44:10,2026-09-27T02:36:51,Upgrade Core (Ultimate,469548,67614912,144,,
845,2026-09-27T03:47:39,2026-09-27T02:36:51,Upgrade Core (Ultimate,469546,38033226,81,,
846,2026-09-27T04:03:34,2026-09-27T02:36:51,Force Core(High,188711,5661330,30,,
847,2026-09-27T04:05:26,2026-09-27T02:36:51,Upgrade Core (Ultimate,469536,1878144,4,,
848,2026-09-27T04:18:32,2026-09-27T02:36:51,Force Core(High,188686,2641604,14,,
849,2026-09-27T04:20:11,2026-09-27T02:36:51,Upgrade Core (Ultimate,458994,5048934,11,,
850,2026-09-27T04:23:20,2026-09-27T02:36:51,Upgrade Core (Ultimate,458993,57374125,125,,
851,2026-09-27T04:23:33,2026-09-27T02:36:51,Upgrade Core (Ultimate,458992,1376976,3,,
852,2026-09-27T04:24:36,2026-09-27T02:36:51,Chaos Core Set X 126,723674,91906667,127,,
853,2026-09-27T04:27:20,2026-09-27T02:36:51,Force Core(High,188676,18867600,100,,
854,2026-09-27T04:27:59,2026-09-27T02:36:51,Upgrade Core (Ultimate,458986,22949300,50,,
855,2026-09-27T04:28:48,2026-09-27T02:36:51,Chaos Core Set X 18,729416,13129505,18,,
856,2026-09-27T04:28:56,2026-09-27T02:36:51,Chaos Core Set X 51,729415,37200215,51,,
857,2026-09-27T04:29:17,2026-09-27T02:36:51,Force Core(High,188672,11320320,60,,
858,2026-09-27T10:20:54,2026-09-27T10:17:50,Force Core(High,188664,5471256,29,,
859,2026-09-27T10:21:10,2026-09-27T10:17:50,Force Core(High,188669,1886690,10,,
860,2026-09-27T10:21:57,2026-09-27T10:17:50,Divine Stone Set X 156,705835,111522059,158,,
861,2026-09-27T10:22:05,2026-09-27T10:17:50,Divine Stone Set X 153,705659,109377251,155,,
862,2026-09-27T10:22:26,2026-09-27T10:17:50,Force Core(High,188665,2829975,15,,
863,2026-09-27T10:22:43,2026-09-27T10:17:50,Chaos Core Set X 51,729451,37202051,51,,
864,2026-09-27T10:22:47,2026-09-27T10:17:50,Chaos Core Set X 193,733250,140784043,192,,
865,2026-09-27T10:22:51,2026-09-27T10:17:50,Chaos Core Set X 200,733116,145890200,199,,
866,2026-09-27T11:55:26,2026-09-27T11:48:16,Force Core(High,179230,3046910,17,,
867,2026-09-27T11:55:39,2026-09-27T11:48:16,Force Core(Highest,197927,9896350,50,,
868,2026-09-27T11:56:29,2026-09-27T11:48:16,Upgrade Core (Ultimate,458711,45871100,100,,
869,2026-09-27T11:58:48,2026-09-27T11:48:16,Upgrade Core (Ultimate,456998,2284990,5,,
870,2026-09-27T11:59:27,2026-09-27T11:48:16,Force Core(High,179230,1792300,10,,
871,2026-09-27T11:59:41,2026-09-27T11:48:16,Force Core(Highest,192991,34738380,180,,
872,2026-09-27T12:03:58,2026-09-27T11:48:16,Force Core(Highest,192988,964940,5,,
873,2026-09-27T12:05:00,2026-09-27T11:48:16,Chaos Core Set X 234,731839,171250559,234,,
874,2026-09-27T12:18:18,2026-09-27T11:48:16,Upgrade Core (Ultimate,456982,5483784,12,,
875,2026-09-27T12:18:31,2026-09-27T11:48:16,Upgrade Core (Ultimate,456981,6397734,14,,
876,2026-09-27T12:19:50,2026-09-27T11:48:16,Upgrade Core (Ultimate,456981,456981,1,,
877,2026-09-27T12:22:29,2026-09-27T11:48:16,Upgrade Core (Ultimate,456980,913960,2,,
878,2026-09-27T12:39:10,2026-09-27T12:34:12,Force Core(High,179230,5376900,30,,
879,2026-09-27T12:40:23,2026-09-27T12:34:12,Chaos Core Set X 21,732261,15377501,21,,
880,2026-09-27T12:41:38,2026-09-27T12:34:12,Chaos Core Set X 48,732260,35148527,48,,
881,2026-09-27T12:41:47,2026-09-27T12:34:12,Force Core(Highest,192963,43030749,223,,
882,2026-09-27T12:42:03,2026-09-27T12:34:12,Chaos Core Set X 75,732259,54919499,75,,
883,2026-09-27T12:44:52,2026-09-27T12:34:12,Force Core(Highest,192962,771848,4,,
884,2026-09-27T12:45:08,2026-09-27T12:34:12,Force Core(Highest,192961,2701454,14,,
885,2026-09-27T12:47:04,2026-09-27T12:34:12,Chaos Core Set X 201,732252,147182852,201,,
886,2026-09-27T12:50:18,2026-09-27T12:34:12,Divine Stone Set X 150,714875,107231399,150,,
887,2026-09-27T12:52:31,2026-09-27T12:34:12,Divine Stone Set X 138,714874,98652749,138,,
888,2026-09-27T12:54:47,2026-09-27T12:34:12,Chaos Core Set X 69,732249,50525249,69,,
889,2026-09-27T12:54:56,2026-09-27T12:34:12,Divine Stone Set X 150,714873,107231099,150,,
890,2026-09-27T12:58:57,2026-09-27T12:34:12,Chaos Core Set,732255,28557983,39,,
891,2026-09-27T13:02:35,2026-09-27T12:34:12,Force Core(High,179230,5018440,28,,
892,2026-09-27T13:09:32,2026-09-27T12:34:12,Chaos Core Set X 135,732254,98854424,135,,
893,2026-09-27T13:10:08,2026-09-27T12:34:12,Chaos Core Set,732256,21967709,30,,
894,2026-09-27T13:21:57,2026-09-27T12:34:12,Divine Stone Set X 60,714869,42892199,60,,
895,2026-09-27T13:32:07,2026-09-27T12:34:12,Force Core(Highest,194987,9749350,50,,
896,2026-09-27T13:32:41,2026-09-27T12:34:12,Force Core(Highest,194993,3899860,20,,
897,2026-09-27T13:32:54,2026-09-27T12:34:12,Divine Stone Set X 147,714868,105085742,147,,
898,2026-09-27T13:34:10,2026-09-27T12:34:12,Divine Stone Set X 153,714867,109374803,153,,
899,2026-09-27T13:34:31,2026-09-27T12:34:12,Force Core(High,179222,7348102,41,,
900,2026-09-27T13:34:35,2026-09-27T12:34:12,Chaos Core Set,732285,26362295,36,,
901,2026-09-27T13:36:15,2026-09-27T12:34:12,Force Core(High),179220,18818100,105,,
902,2026-09-27T13:56:22,2026-09-27T12:34:12,Force Core(High,179177,5375310,30,,
903,2026-09-27T13:59:03,2026-09-27T12:34:12,Force Core(Highest,194940,33724620,173,,
904,2026-09-27T13:59:17,2026-09-27T12:34:12,Force Core(Highest,194939,20858473,107,,
905,2026-09-27T14:12:08,2026-09-27T12:34:12,Force Core(Highest,194919,38983800,200,,
906,2026-09-27T14:12:12,2026-09-27T12:34:12,Force Core(Highest,194918,3898360,20,,
907,2026-09-27T14:12:27,2026-09-27T12:34:12,Force Core(Highest) Tes,194917,389834,2,,
908,2026-09-27T14:20:32,2026-09-27T12:34:12,Upgrade Core (Ultimate,456790,456790,1,,
909,2026-09-27T15:38:28,2026-09-27T15:34:43,Divine Stone Set X 147,714821,105078833,147,,
910,2026-09-27T15:39:38,2026-09-27T15:34:43,Divine Stone Set X 156,714820,111512075,156,,
911,2026-09-27T15:40:49,2026-09-27T15:34:43,Divine Stone Set X 153,714819,109367459,153,,
912,2026-09-27T15:42:23,2026-09-27T15:34:43,Upgrade Core (Ultimate,456770,41109300,90,,
913,2026-09-27T15:43:52,2026-09-27T15:34:43,Force Core(High,179114,44778500,250,,
914,2026-09-27T15:44:08,2026-09-27T15:34:43,Chaos Core Set X 486,746802,362946257,486,,
915,2026-09-27T15:45:49,2026-09-27T15:34:43,Divine Stone Set X 162,714818,115800516,162,,
916,2026-09-27T15:47:11,2026-09-27T15:34:43,Divine Stone Set X 156,714822,111512387,156,,
917,2026-09-27T15:57:49,2026-09-27T15:56:45,Force Core(Highest,189969,7978698,42,,
918,2026-09-27T15:58:01,2026-09-27T15:56:45,Force Core(High,179092,1790920,10,,
919,2026-09-27T15:58:09,2026-09-27T15:56:45,Force Core(High,179091,1970001,11,,
920,2026-09-27T16:30:08,2026-09-27T16:19:31,Force Core(High,177973,1779730,10,,
921,2026-09-27T16:30:43,2026-09-27T16:19:31,Potion of Honor,8064999,8064999,1,,
922,2026-09-27T16:35:27,2026-09-27T16:19:31,Force Core(High,177965,26338820,148,,
923,2026-09-27T16:45:05,2026-09-27T16:19:31,Upgrade Core (Ultimate,456704,91340800,200,,
924,2026-09-27T16:46:52,2026-09-27T16:19:31,Upgrade Core (Ultimate,456700,53890600,118,,
925,2026-09-27T16:53:56,2026-09-27T16:19:31,Force Core(High,177936,1779360,10,,
926,2026-09-27T16:57:56,2026-09-27T16:19:31,Force Core(High,177929,1423432,8,,
927,2026-09-27T17:09:29,2026-09-27T16:19:31,Upgrade Core (Ultimate,456663,21463161,47,,
928,2026-09-27T17:16:51,2026-09-27T16:19:31,Upgrade Core (Ultimate,456653,4566530,10,,
929,2026-09-27T17:19:58,2026-09-27T16:19:31,Chaos Core Set X 555,747065,406403744,544,,
930,2026-09-27T17:33:57,2026-09-27T16:19:31,Force Core(Highest,189876,1519008,8,,
931,2026-09-27T17:53:27,2026-09-27T16:19:31,Chaos Core Set X 252,747006,184510619,247,,
932,2026-09-27T17:57:16,2026-09-27T16:19:31,Force Core(Highest,189853,5505737,29,,
933,2026-09-27T21:16:45,2026-09-27T21:11:51,Force Core(Highest,189848,949240,5,,
934,2026-09-27T21:17:08,2026-09-27T21:11:51,Chaos Core Set X 183,732167,133986743,183,,
935,2026-09-27T21:18:38,2026-09-27T21:11:51,Chaos Core Set X 189,732166,138379562,189,,
936,2026-09-27T21:19:21,2026-09-27T21:11:51,Chaos Core Set X 114,732164,83466809,114,,
937,2026-09-27T21:22:12,2026-09-27T21:11:51,Upgrade Core (Ultimate,456587,42919178,94,,
938,2026-09-27T21:45:16,2026-09-27T21:34:51,Force Core(Highest,186602,186602,1,,
939,2026-09-27T21:47:58,2026-09-27T21:34:51,Force Core(High,176713,530139,3,,
940,2026-09-27T21:56:50,2026-09-27T21:34:51,Chaos Core Set X 189,732015,138351023,189,,
941,2026-09-27T22:00:23,2026-09-27T21:34:51,Chaos Core Set X 186,732013,136154603,186,,
942,2026-09-27T22:02:27,2026-09-27T21:34:51,Chaos Core Set X 87,732013,63685217,87,,
943,2026-09-27T22:06:08,2026-09-27T21:34:51,Force Core(High,176699,1766990,10,,
944,2026-09-27T22:15:09,2026-09-27T21:34:51,Force Core(High,176690,176690,1,,
945,2026-09-27T22:16:51,2026-09-27T21:34:51,Divine Stone Set X 156,705667,110084207,156,,
946,2026-09-27T22:23:58,2026-09-27T21:34:51,Force Core(High,176683,9717565,55,,
947,2026-09-27T22:33:01,2026-09-27T21:34:51,Force Core(High,176676,1060056,6,,
948,2026-09-27T22:44:42,2026-09-27T21:34:51,Force Core(Highest,186574,3544906,19,,
949,2026-09-27T22:47:16,2026-09-27T21:34:51,Force Core(High,176660,34272040,194,,
950,2026-09-27T22:54:32,2026-09-27T21:34:51,Force Core(High,176653,3533060,20,,
951,2026-09-27T22:55:28,2026-09-27T21:34:51,Force Core(High,176652,8655948,49,,
952,2026-09-27T22:56:05,2026-09-27T21:34:51,Force Core(High,176652,5299560,30,,
953,2026-09-27T23:07:31,2026-09-27T21:34:51,Force Core(High,176640,8832000,50,,
954,2026-09-27T23:09:09,2026-09-27T21:34:51,Force Core(High,176638,1766380,10,,
955,2026-09-27T23:11:36,2026-09-27T21:34:51,Divine Stone Set X 162,705618,114310277,162,,
956,2026-09-27T23:11:57,2026-09-27T21:34:51,Divine Stone Set X 165,705617,116426969,165,,
957,2026-09-27T23:12:28,2026-09-27T21:34:51,Chaos Core Set X 999,731870,731139128,999,,
958,2026-09-27T23:13:03,2026-09-27T21:34:51,Chaos Core Set X 180,731868,131736419,180,,
959,2026-09-27T23:16:36,2026-09-27T21:34:51,Divine Stone Set X 147,705616,103725698,147,,
960,2026-09-27T23:16:45,2026-09-27T21:34:51,Divine Stone Set X 156,705615,110076095,156,,
961,2026-09-27T23:24:36,2026-09-27T21:34:51,Force Core(High,176622,3355818,19,,
962,2026-09-28T00:52:36,2026-09-28T00:49:49,Chaos Core Set X 243,731839,177837119,243,,
963,2026-09-28T00:52:57,2026-09-28T00:49:49,Chaos Core Set X 348,731838,254679971,348,,
964,2026-09-28T00:53:18,2026-09-28T00:49:49,Wexp Saver,61606662,61606662,1,,
965,2026-09-28T00:53:22,2026-09-28T00:49:49,Chaos Core Set X 228,731838,166859064,228,,
966,2026-09-28T00:53:54,2026-09-28T00:49:49,Chaos Core Set X 48,737178,34647408,47,,
967,2026-09-28T01:12:34,2026-09-28T00:49:49,Force Core(High,172209,17220900,100,,
968,2026-09-28T01:19:18,2026-09-28T00:49:49,Force Core(High,172203,1722030,10,,
969,2026-09-28T01:46:11,2026-09-28T00:49:49,Force Core(High,172165,1377320,8,,
970,2026-09-28T01:56:46,2026-09-28T00:49:49,Force Core(High,172153,26683715,155,,
971,2026-09-28T01:56:50,2026-09-28T00:49:49,Force Core(High,172152,3787344,22,,
972,2026-09-28T02:06:34,2026-09-28T00:49:49,Force Core(High,172143,3442860,20,,
973,2026-09-28T02:19:00,2026-09-28T00:49:49,Force Core(High,172127,3442540,20,,
974,2026-09-28T02:20:27,2026-09-28T00:49:49,Chaos Core Set X 234,732228,170609165,233,,
975,2026-09-28T02:25:05,2026-09-28T00:49:49,Chaos Core Set,733297,126860441,173,,
976,2026-09-28T02:53:32,2026-09-28T02:49:43,Chaos Core Set X 192,729067,139981055,192,,
977,2026-09-28T03:02:32,2026-09-28T02:54:56,Upgrade Core (Ultimate,446187,3123309,7,,
978,2026-09-28T03:29:12,2026-09-28T02:54:56,Chaos Core Set X 200,728947,145789599,200,,
979,2026-09-28T03:35:50,2026-09-28T02:54:56,Upgrade Core (Ultimate,446133,446133,1,,
980,2026-09-28T03:42:46,2026-09-28T02:54:56,Chaos Core Set X 228,728906,166190795,228,,
981,2026-09-28T03:43:12,2026-09-28T02:54:56,Chaos Core Set X 258,728903,188057231,258,,
982,2026-09-28T03:44:22,2026-09-28T02:54:56,Chaos Core Set X 383,728896,279167550,383,,
983,2026-09-28T03:46:03,2026-09-28T02:54:56,Upgrade Core (Ultimate,446111,22305550,50,,
984,2026-09-28T03:47:10,2026-09-28T02:54:56,Chaos Core Set X 200,728884,145776999,200,,
985,2026-09-28T03:50:42,2026-09-28T02:54:56,Chaos Core Set X 285,728882,207731654,285,,
986,2026-09-28T03:51:02,2026-09-28T02:54:56,Chaos Core Set X 300,728881,218664599,300,,
987,2026-09-28T03:51:21,2026-09-28T02:54:56,Chaos Core Set X 200,728880,145776199,200,,
988,2026-09-28T03:51:39,2026-09-28T02:54:56,Chaos Core Set X 200,728879,145775999,200,,
989,2026-09-28T03:52:59,2026-09-28T02:54:56,Chaos Core Set X 200,728878,145775799,200,,
990,2026-09-28T03:57:44,2026-09-28T02:54:56,Chaos Core Set X 36,728882,26239787,36,,
991,2026-09-28T03:57:52,2026-09-28T02:54:56,Chaos Core Set X 18,728881,13119875,18,,
992,2026-09-28T04:01:48,2026-09-28T02:54:56,Upgrade Core (Ultimate,446081,13382430,30,,
993,2026-09-28T04:03:36,2026-09-28T02:54:56,Upgrade Core (Ultimate,446075,4460750,10,,
994,2026-09-28T04:09:24,2026-09-28T02:54:56,Upgrade Core (Ultimate,446063,3568504,8,,
995,2026-09-28T04:11:15,2026-09-28T02:54:56,Upgrade Core (Ultimate,446057,4460570,10,,
996,2026-09-28T04:11:32,2026-09-28T02:54:56,Upgrade Core (Ultimate,446056,5798728,13,,
997,2026-09-28T04:22:27,2026-09-28T02:54:56,Chaos Core Set X 225,729050,164036474,225,,
998,2026-09-28T04:32:55,2026-09-28T02:54:56,Chaos Core Set,729045,142163969,195,,
999,2026-09-28T04:39:13,2026-09-28T02:54:56,Upgrade Core (Ultimate,446013,2676078,6,,
1000,2026-09-28T04:42:51,2026-09-28T02:54:56,Honor Medal Chest,188499999,188499999,1,,
1001,2026-09-28T04:43:07,2026-09-28T02:54:56,Force Core Set (High) X 414,189749,68309999,360,,
1002,2026-09-28T04:52:39,2026-09-28T02:54:56,Upgrade Core (Ultimate),445992,26759520,60,,
1003,2026-09-28T04:55:23,2026-09-28T02:54:56,Upgrade Core (Ultimate,445987,12041649,27,,
1004,2026-09-28T05:01:49,2026-09-28T02:54:56,Upgrade Core (Ultimate,445973,445973,1,,
1005,2026-09-28T05:01:53,2026-09-28T02:54:56,Upgrade Core (Ultimate,445972,1783888,4,,
1006,2026-09-28T05:07:42,2026-09-28T02:54:56,Force Core(High,169971,1359768,8,,
1007,2026-09-28T05:07:58,2026-09-28T02:54:56,Force Core(High,169969,169969,1,,
1008,2026-09-28T05:08:55,2026-09-28T02:54:56,Chaos Core Set,729016,69985631,96,,
1009,2026-09-28T05:11:08,2026-09-28T02:54:56,Chaos Core Set X 90,729013,65611259,90,,
1010,2026-09-28T05:20:16,2026-09-28T02:54:56,Force Core(High,169961,169961,1,,
1011,2026-09-28T05:38:01,2026-09-28T02:54:56,Chaos Core Set X 186,728981,135590651,186,,
1012,2026-09-28T05:43:11,2026-09-28T02:54:56,Chaos Core Set X 246,728969,179326619,246,,
1013,2026-09-28T05:43:19,2026-09-28T02:54:56,Chaos Core Set X 153,728968,111532256,153,,
1014,2026-09-28T05:45:45,2026-09-28T02:54:56,Divine Stone Set X 144,704905,102916223,146,,
1015,2026-09-28T05:46:55,2026-09-28T02:54:56,Divine Stone Set X 147,705101,105060164,149,,
1016,2026-09-28T05:47:56,2026-09-28T02:54:56,Chaos Core Set X 135,728966,98410544,135,,
1017,2026-09-28T05:49:36,2026-09-28T02:54:56,Chaos Core Set X 18,728965,13121387,18,,
1018,2026-09-28T05:50:07,2026-09-28T02:54:56,Divine Stone Set,704709,100773404,143,,
1019,2026-09-28T05:51:13,2026-09-28T02:54:56,Divine Stone Set,705299,107205599,152,,
1020,2026-09-28T05:57:43,2026-09-28T02:54:56,Divine Stone Set X 141,704710,100773545,143,,
1021,2026-09-28T05:59:45,2026-09-28T02:54:56,Chaos Core Set,729008,188084321,258,,
1022,2026-09-28T06:00:06,2026-09-28T02:54:56,Chaos Core Set,729006,177148700,243,,
1023,2026-09-28T06:01:47,2026-09-28T02:54:56,Upgrade Core (Ultimate,445913,16498781,37,,
1024,2026-09-28T06:04:26,2026-09-28T02:54:56,Upgrade Core (Ultimate,445911,17836440,40,,
1025,2026-09-28T06:05:26,2026-09-28T02:54:56,Chaos Core Set X 123,729001,89667245,123,,
1026,2026-09-28T06:06:49,2026-09-28T02:54:56,Upgrade Core (Ultimate,445909,22295450,50,,
1027,2026-09-28T06:06:53,2026-09-28T02:54:56,Upgrade Core (Ultimate,445908,4013172,9,,
1028,2026-09-28T06:37:21,2026-09-28T02:54:56,Force Core(High,169989,12239208,72,,
1029,2026-09-28T06:39:45,2026-09-28T02:54:56,Divine Stone Set X 162,705950,115775891,164,,
1030,2026-09-28T06:47:14,2026-09-28T02:54:56,Chaos Core Set X 219,728997,159650561,219,,
1031,2026-09-28T06:47:32,2026-09-28T02:54:56,Chaos Core Set X 240,728996,174959279,240,,
1032,2026-09-28T07:01:14,2026-09-28T02:54:56,Force Core(High,169998,5099940,30,,
1033,2026-09-28T07:01:48,2026-09-28T02:54:56,Chaos Core Set X 204,728976,148711307,204,,
1034,2026-09-28T07:07:07,2026-09-28T02:54:56,Chaos Core Set X 54,728963,39364055,54,,
1035,2026-09-28T07:18:02,2026-09-28T02:54:56,Force Core(High,169997,6799880,40,,
1036,2026-09-28T07:20:42,2026-09-28T02:54:56,Force Core(High,169997,6289889,37,,
1037,2026-09-28T07:29:14,2026-09-28T02:54:56,Chaos Core Set X 171,728926,124646516,171,,
1038,2026-09-28T07:29:44,2026-09-28T02:54:56,Chaos Core Set X 207,728924,150887474,207,,
1039,2026-09-28T07:32:39,2026-09-28T02:54:56,Chaos Core Set X 18,728922,13120613,18,,
1040,2026-09-28T07:35:34,2026-09-28T02:54:56,Force Core(High,169994,10199640,60,,
1041,2026-09-28T07:43:21,2026-09-28T02:54:56,Force Core(High,169994,1699940,10,,
1042,2026-09-28T07:43:44,2026-09-28T02:54:56,Chaos Core Set,728950,120276914,165,,
1043,2026-09-28T07:45:16,2026-09-28T02:54:56,Chaos Core Set,728948,48110633,66,,
1044,2026-09-28T07:54:55,2026-09-28T02:54:56,Force Core(High,169994,8499700,50,,
1045,2026-09-28T07:55:18,2026-09-28T02:54:56,Chaos Core Set,728950,34989647,48,,
1046,2026-09-28T07:55:39,2026-09-28T02:54:56,Chaos Core Set,729007,32805359,45,,
1047,2026-09-28T07:56:00,2026-09-28T02:54:56,Chaos Core Set,729006,13122125,18,,
1048,2026-09-28T08:03:55,2026-09-28T02:54:56,Force Core(High,169993,3909839,23,,
1049,2026-09-28T10:06:01,2026-09-28T09:50:23,Divine Stone Set X 141,714581,100756061,141,,
1050,2026-09-28T10:07:09,2026-09-28T09:50:23,Divine Stone Set X 141,714580,100755920,141,,
1051,2026-09-28T10:08:13,2026-09-28T09:50:23,Divine Stone Set X 141,714582,100756202,141,,
1052,2026-09-28T10:09:15,2026-09-28T09:50:23,Force Core(Highest,199162,199162,1,,
1053,2026-09-28T10:10:44,2026-09-28T09:50:23,Force Core(Highest),199145,9957250,50,,
1054,2026-09-28T10:26:47,2026-09-28T09:50:23,Upgrade Core (Ultimate,458902,2753412,6,,
1055,2026-09-28T10:35:43,2026-09-28T09:50:23,Upgrade Core (Ultimate,458897,5965661,13,,
1056,2026-09-28T10:35:56,2026-09-28T09:50:23,Upgrade Core (Ultimate,458896,22944800,50,,
1057,2026-09-28T10:43:58,2026-09-28T09:50:23,Force Core(Highest,199097,19909700,100,,
1058,2026-09-28T10:44:43,2026-09-28T09:50:23,Upgrade Core (Ultimate,458894,11472350,25,,
1059,2026-09-28T10:44:56,2026-09-28T09:50:23,Upgrade Core (Ultimate,458893,458893,1,,
1060,2026-09-28T10:47:38,2026-09-28T09:50:23,Force Core(Highest,199094,995470,5,,
1061,2026-09-28T10:49:16,2026-09-28T09:50:23,Divine Stone Set X 180,714554,128619899,180,,
1062,2026-09-28T10:54:32,2026-09-28T09:50:23,Upgrade Core (Ultimate,458890,2753340,6,,
1063,2026-09-28T10:58:23,2026-09-28T09:50:23,Divine Stone Set X 144,714544,102894479,144,,
1064,2026-09-28T11:02:20,2026-09-28T09:50:23,Divine Stone Set X 162,714540,115755641,162,,
1065,2026-09-28T11:05:56,2026-09-28T09:50:23,Upgrade Core (Ultimate),458881,26615098,58,,
1066,2026-09-28T11:07:20,2026-09-28T09:50:23,Divine Stone Set X 147,714537,105037085,147,,
1067,2026-09-28T11:08:27,2026-09-28T09:50:23,Divine Stone Set,714536,109324160,153,,
1068,2026-09-28T11:22:41,2026-09-28T11:11:11,Force Core(High,179089,4298136,24,,
1069,2026-09-28T11:23:05,2026-09-28T11:11:11,Upgrade Core (Ultimate,458864,45886400,100,,
1070,2026-09-28T11:24:27,2026-09-28T11:11:11,Divine Stone Set X 159,714524,113609474,159,,
1071,2026-09-28T11:25:34,2026-09-28T11:11:11,Divine Stone Set X 135,714523,96460739,135,,
1072,2026-09-28T11:28:02,2026-09-28T11:11:11,Force Core(Highest,199038,995190,5,,
1073,2026-09-28T11:28:57,2026-09-28T11:11:11,Force Core(High,179085,7700655,43,,
1074,2026-09-28T11:41:59,2026-09-28T11:11:11,Force Core(High,179075,358150,2,,
1075,2026-09-28T11:46:22,2026-09-28T11:11:11,Force Core(High,179072,2865152,16,,
1076,2026-09-28T11:47:54,2026-09-28T11:11:11,Divine Stone Set X 165,714502,117892994,165,,
1077,2026-09-28T11:49:04,2026-09-28T11:11:11,Divine Stone Set X 156,714501,111462311,156,,
1078,2026-09-28T11:52:46,2026-09-28T11:11:11,Divine Stone Set,714502,98601413,138,,
1079,2026-09-28T11:53:59,2026-09-28T11:11:11,Divine Stone Set,714501,113605817,159,,
1080,2026-09-28T11:55:50,2026-09-28T11:11:11,Divine Stone Set X 135,714500,96457634,135,,
1081,2026-09-28T11:57:04,2026-09-28T11:11:11,Force Core(Highest,199003,6169093,31,,
1082,2026-09-28T11:58:36,2026-09-28T11:11:11,Divine Stone Set X 150,714499,107174999,150,,
1083,2026-09-28T13:24:26,2026-09-28T13:18:30,Divine Stone Set X 156,714525,111466055,156,,
1084,2026-09-28T13:24:35,2026-09-28T13:18:30,Divine Stone Set X 165,714524,117896624,165,,
1085,2026-09-28T13:25:37,2026-09-28T13:18:30,Divine Stone Set X 156,714523,111465743,156,,
1086,2026-09-28T13:26:47,2026-09-28T13:18:30,Chaos Core Set X 177,760654,134635934,177,,
1087,2026-09-28T13:27:51,2026-09-28T13:18:30,Chaos Core Set X 306,760653,232760123,306,,
1088,2026-09-28T13:29:13,2026-09-28T13:18:30,Chaos Core Set X 225,760652,171146924,225,,
1089,2026-09-28T13:30:37,2026-09-28T13:18:30,Chaos Core Set X 195,760651,148327139,195,,
1090,2026-09-28T13:31:55,2026-09-28T13:18:30,Chaos Core Set,760578,255554543,336,,
1091,2026-09-28T13:33:26,2026-09-28T13:18:30,Divine Stone Set X 159,714523,113609157,159,,
1092,2026-09-28T13:39:19,2026-09-28T13:18:30,Upgrade Core (Ultimate,458770,91754000,200,,
1093,2026-09-28T13:39:23,2026-09-28T13:18:30,Upgrade Core (Ultimate,458769,18350760,40,,
1094,2026-09-28T13:44:37,2026-09-28T13:18:30,Upgrade Core (Ultimate),458764,91752800,200,,
1095,2026-09-28T13:48:31,2026-09-28T13:18:30,Force Core(High,178965,1789650,10,,
1096,2026-09-28T14:07:27,2026-09-28T13:18:30,Material Core(Palladium) X 62,239717,14862515,62,,
1097,2026-09-28T14:11:17,2026-09-28T13:18:30,Force Core(High,178933,5367990,30,,
1098,2026-09-28T14:15:59,2026-09-28T13:18:30,Force Core(High,178925,1789250,10,,
1099,2026-09-28T14:20:51,2026-09-28T13:18:30,Upgrade Core (Ultimate,458716,22935800,50,,
1100,2026-09-28T15:35:54,2026-09-28T15:29:53,Chaos Core Set X 267,750438,200367212,267,,
1101,2026-09-28T15:36:51,2026-09-28T15:29:53,Force Core(Highest,198692,22452196,113,,
1102,2026-09-28T15:37:04,2026-09-28T15:29:53,Divine Stone Set X 147,714561,105040613,147,,
1103,2026-09-28T15:38:48,2026-09-28T15:29:53,Upgrade Core (Ultimate,458699,1376097,3,,
1104,2026-09-28T15:39:48,2026-09-28T15:29:53,Force Core(Highest,198695,38745525,195,,
1105,2026-09-28T15:40:19,2026-09-28T15:29:53,Upgrade Core(Highest,149000,15496000,104,,
1106,2026-09-28T15:43:55,2026-09-28T15:29:53,Divine Stone Set,714559,117902399,165,,
1107,2026-09-28T15:45:30,2026-09-28T15:29:53,Upgrade Core (Ultimate,457991,2747946,6,,
1108,2026-09-28T15:45:58,2026-09-28T15:29:53,Force Core(High,174994,17499400,100,,
1109,2026-09-28T15:46:21,2026-09-28T15:29:53,Force Core(High,174993,24499020,140,,
1110,2026-09-28T15:58:43,2026-09-28T15:29:53,Force Core(Highest,198644,993220,5,,
1111,2026-09-28T16:01:50,2026-09-28T15:29:53,Divine Stone Set X 162,714550,115757261,162,,
1112,2026-09-28T16:03:05,2026-09-28T15:29:53,Divine Stone Set X 156,714549,111469799,156,,
1113,2026-09-28T16:05:31,2026-09-28T15:29:53,Divine Stone Set X 153,714548,109325996,153,,
1114,2026-09-28T16:08:04,2026-09-28T15:29:53,Upgrade Core(Highest,124829,1997264,16,,
1115,2026-09-28T16:09:28,2026-09-28T15:29:53,Divine Stone Set,714575,115761311,162,,
1116,2026-09-28T16:10:36,2026-09-28T15:29:53,Divine Stone Set,714574,111473699,156,,
1117,2026-09-28T16:14:39,2026-09-28T15:29:53,Force Core(High,174961,699844,4,,
1118,2026-09-28T16:15:03,2026-09-28T15:29:53,Force Core(High,174960,4548960,26,,
1119,2026-09-28T16:20:09,2026-09-28T15:29:53,Upgrade Core (Ultimate,457948,2747688,6,,
1120,2026-09-28T16:23:03,2026-09-28T15:29:53,Chaos Core Set X 207,749488,151396694,202,,
1121,2026-09-28T16:23:38,2026-09-28T15:29:53,Force Core(Highest,196990,1969900,10,,
1122,2026-09-28T16:31:54,2026-09-28T15:29:53,Chaos Core Set X 192,750926,140423231,187,,
1123,2026-09-28T16:32:02,2026-09-28T15:29:53,Chaos Core Set X 192,750925,140423039,187,,
1124,2026-09-28T16:32:11,2026-09-28T15:29:53,Chaos Core Set X 18,731368,13164641,18,,
1125,2026-09-28T16:33:27,2026-09-28T15:29:53,Chaos Core Set X 66,754223,48270287,64,,
1126,2026-09-28T16:36:24,2026-09-28T15:29:53,Upgrade Core(Highest,124499,16184870,130,,
1127,2026-09-28T16:36:40,2026-09-28T15:29:53,Chaos Core Set X 138,753196,100928369,134,,
1128,2026-09-28T16:37:00,2026-09-28T15:29:53,Force Core(High,174936,3498720,20,,
1129,2026-09-28T16:45:13,2026-09-28T15:29:53,Chaos Core Set,749645,179914805,240,,
1130,2026-09-28T16:45:34,2026-09-28T15:29:53,Chaos Core Set,747981,32911199,44,,
1131,2026-09-28T16:46:07,2026-09-28T15:29:53,Force Core(Highest,196969,4727256,24,,
1132,2026-09-28T16:48:10,2026-09-28T15:29:53,Force Core(High,174931,1749310,10,,
1133,2026-09-28T16:48:23,2026-09-28T15:29:53,Chaos Core Set,750405,213865709,285,,
1134,2026-09-28T16:48:45,2026-09-28T15:29:53,Chaos Core Set,750403,128319083,171,,
1135,2026-09-28T16:53:38,2026-09-28T15:29:53,Chaos Core Set X 18,750396,13507145,18,,
1136,2026-09-28T17:01:08,2026-09-28T15:29:53,Chaos Core Set,750391,99051743,132,,
1137,2026-09-28T17:01:39,2026-09-28T15:29:53,Chaos Core Set,750763,116368280,155,,
1138,2026-09-28T17:08:23,2026-09-28T15:29:53,Force Core(High,174915,2448810,14,,
1139,2026-09-28T17:08:27,2026-09-28T15:29:53,Force Core(High,174914,2273882,13,,
1140,2026-09-28T17:09:24,2026-09-28T15:29:53,Force Core(High,174913,11369345,65,,
1141,2026-09-28T17:09:51,2026-09-28T15:29:53,Chaos Core Set X 18,760609,13690979,18,,
1142,2026-09-28T17:20:12,2026-09-28T15:29:53,Force Core(Highest,196937,11816220,60,,
1143,2026-09-28T17:33:54,2026-09-28T15:29:53,Force Core(High,178883,1788830,10,,
1144,2026-09-28T17:36:09,2026-09-28T15:29:53,Force Core(Highest,196924,7876960,40,,
1145,2026-09-28T17:36:47,2026-09-28T15:29:53,Upgrade Core (Ultimate,457858,27471480,60,,
1146,2026-09-28T17:36:51,2026-09-28T15:29:53,Upgrade Core (Ultimate,457857,111717108,244,,
1147,2026-09-28T17:37:04,2026-09-28T15:29:53,Upgrade Core (Ultimate,457856,36170624,79,,
1148,2026-09-28T17:37:08,2026-09-28T15:29:53,Force Core(Highest,196923,7876920,40,,
1149,2026-09-28T17:38:20,2026-09-28T15:29:53,Force Core(High,178879,8943950,50,,
1150,2026-09-28T17:42:12,2026-09-28T15:29:53,Divine Stone Set X 144,714505,102888863,144,,
1151,2026-09-28T17:51:24,2026-09-28T15:29:53,Force Core(Highest,196906,13783420,70,,
1152,2026-09-28T18:10:33,2026-09-28T15:29:53,Chaos Core Set X 249,751623,189409070,252,,
1153,2026-09-28T21:41:44,2026-09-28T21:35:16,Divine Stone Set X 162,714480,115745921,162,,
1154,2026-09-28T21:41:53,2026-09-28T21:35:16,Upgrade Core Set (High) X 269,65215,17542835,269,,
1155,2026-09-28T21:42:08,2026-09-28T21:35:16,Force Core(High,172997,35464385,205,,
1156,2026-09-28T21:42:20,2026-09-28T21:35:16,Force Core(High,172997,4151928,24,,
1157,2026-09-28T21:42:24,2026-09-28T21:35:16,Force Core(High,172997,41519280,240,,
1158,2026-09-28T21:42:28,2026-09-28T21:35:16,Force Core(High,172997,20413646,118,,
1159,2026-09-28T21:42:43,2026-09-28T21:35:16,Chaos Core Set X 132,760676,100409363,132,,
1160,2026-09-28T21:45:34,2026-09-28T21:35:16,Chaos Core Set X 219,760675,166588043,219,,
1161,2026-09-28T21:47:06,2026-09-28T21:35:16,Chaos Core Set X 18,760674,13692149,18,,
1162,2026-09-28T21:48:55,2026-09-28T21:35:16,Chaos Core Set X 300,760673,228202199,300,,
1163,2026-09-28T21:57:16,2026-09-28T21:35:16,Chaos Core Set X 309,760560,235013348,309,,
1164,2026-09-28T21:58:45,2026-09-28T21:35:16,Chaos Core Set X 240,760558,182534159,240,,
1165,2026-09-28T22:03:02,2026-09-28T21:35:16,Chaos Core Set X 306,760555,232730135,306,,
1166,2026-09-28T22:06:27,2026-09-28T21:35:16,Divine Stone Set X 147,714470,105027236,147,,
1167,2026-09-28T22:07:34,2026-09-28T21:35:16,Divine Stone Set X 156,714469,111457319,156,,
1168,2026-09-28T22:08:52,2026-09-28T21:35:16,Divine Stone Set X 153,714468,109313756,153,,
1169,2026-09-28T22:13:57,2026-09-28T21:35:16,Force Core(High,172997,6919880,40,,
1170,2026-09-28T22:17:46,2026-09-28T21:35:16,Upgrade Core (Ultimate,457664,13729920,30,,
1171,2026-09-28T22:20:08,2026-09-28T21:35:16,Divine Stone Set X 165,714471,117887879,165,,
1172,2026-09-28T22:26:12,2026-09-28T21:35:16,Upgrade Core (Ultimate,457657,16475652,36,,
1173,2026-09-28T22:28:21,2026-09-28T21:35:16,Divine Stone Set X 156,714467,111457007,156,,
1174,2026-09-28T22:30:33,2026-09-28T21:35:16,Divine Stone Set X 150,714466,107170049,150,,
1175,2026-09-28T22:31:40,2026-09-28T21:35:16,Upgrade Core (Ultimate,457655,3203585,7,,
1176,2026-09-28T22:32:12,2026-09-28T21:35:16,Upgrade Core (Ultimate,457654,101599188,222,,
1177,2026-09-28T22:41:09,2026-09-28T21:35:16,Force Core(Highest,196688,3933760,20,,
1178,2026-09-28T22:55:59,2026-09-28T21:35:16,Upgrade Core (Ultimate,457682,19222644,42,,
1179,2026-09-28T23:01:47,2026-09-28T21:35:16,Force Core(Highest,196671,11800260,60,,
1180,2026-09-28T23:03:05,2026-09-28T21:35:16,Upgrade Core (Ultimate),457684,45768400,100,,
1181,2026-09-28T23:03:17,2026-09-28T21:35:16,Upgrade Core (Ultimate),457683,26087931,57,,
1182,2026-09-28T23:06:17,2026-09-28T21:35:16,Upgrade Core (Ultimate,457684,45768400,100,,
1183,2026-09-28T23:08:58,2026-09-28T21:35:16,Force Core(Highest,196670,590010,3,,
1184,2026-09-28T23:10:25,2026-09-28T21:35:16,Upgrade Core (Ultimate,457684,22884200,50,,
1185,2026-09-28T23:19:31,2026-09-28T21:35:16,Force Core(High,172997,864985,5,,
1186,2026-09-28T23:22:15,2026-09-28T21:35:16,Divine Stone Set X 159,714435,113595323,159,,
1187,2026-09-28T23:24:37,2026-09-28T21:35:16,Upgrade Core (Ultimate,457673,5492076,12,,
1188,2026-09-29T01:00:36,2026-09-29T00:54:10,Upgrade Core (Ultimate,457671,91534200,200,,
1189,2026-09-29T01:00:40,2026-09-29T00:54:10,Upgrade Core (Ultimate,457670,59497100,130,,
1190,2026-09-29T01:11:38,2026-09-29T00:54:10,Force Core(Highest,207954,207954,1,,
1191,2026-09-29T01:48:41,2026-09-29T00:54:10,Upgrade Core (Ultimate,457574,13727220,30,,
1192,2026-09-29T02:12:04,2026-09-29T00:54:10,Upgrade Core (Ultimate,457525,3660200,8,,
1193,2026-09-29T02:12:37,2026-09-29T00:54:10,Upgrade Core (Ultimate,457524,21046104,46,,
1194,2026-09-29T02:40:55,2026-09-29T00:54:10,Upgrade Core (Ultimate,457500,15555000,34,,
1195,2026-09-29T02:54:51,2026-09-29T00:54:10,Upgrade Core (Ultimate,457476,91495200,200,,
1196,2026-09-29T02:58:07,2026-09-29T00:54:10,Upgrade Core (Ultimate,457470,49406760,108,,
1197,2026-09-29T03:00:08,2026-09-29T00:54:10,Divine Stone Set X 138,714327,98577263,138,,
1198,2026-09-29T03:12:56,2026-09-29T00:54:10,Upgrade Core (Ultimate,457437,42084204,92,,
1199,2026-09-29T03:13:00,2026-09-29T00:54:10,Upgrade Core (Ultimate,457436,40254368,88,,
1200,2026-09-29T03:15:18,2026-09-29T00:54:10,Divine Stone Set X 156,714317,111433607,156,,
1201,2026-09-29T03:16:48,2026-09-29T00:54:10,Divine Stone Set X 144,714316,102861647,144,,
1202,2026-09-29T03:22:27,2026-09-29T00:54:10,Divine Stone Set X 162,714398,115732637,162,,
1203,2026-09-29T03:25:03,2026-09-29T00:54:10,Chaos Core Set X 255,733673,187086869,255,,
1204,2026-09-29T03:25:07,2026-09-29T00:54:10,Chaos Core Set X 348,733672,255318203,348,,
1205,2026-09-29T03:31:37,2026-09-29T00:54:10,Upgrade Core (Ultimate,457403,15094299,33,,
1206,2026-09-29T03:47:23,2026-09-29T00:54:10,Divine Stone Set X 141,714378,100727438,141,,
1207,2026-09-29T03:47:32,2026-09-29T00:54:10,Divine Stone Set X 153,714377,109299833,153,,
1208,2026-09-29T03:50:36,2026-09-29T00:54:10,Divine Stone Set X 153,714374,109299374,153,,
1209,2026-09-29T04:17:54,2026-09-29T00:54:10,Divine Stone Set X 18,714349,12858299,18,,
1210,2026-09-29T04:50:57,2026-09-29T00:54:10,Divine Stone Set X 159,714318,113576720,159,,
1211,2026-09-29T04:53:19,2026-09-29T00:54:10,Upgrade Core (Ultimate,456933,5026263,11,,
1212,2026-09-29T04:53:39,2026-09-29T00:54:10,Divine Stone Set X 18,714317,12857723,18,,
1213,2026-09-29T04:54:47,2026-09-29T00:54:10,Divine Stone Set X 135,714316,96432794,135,,
1214,2026-09-29T04:57:07,2026-09-29T00:54:10,Divine Stone Set,714431,105021503,147,,
1215,2026-09-29T05:06:32,2026-09-29T00:54:10,Upgrade Core (Ultimate,456903,5025933,11,,
1216,2026-09-29T05:09:57,2026-09-29T00:54:10,Divine Stone Set X 156,714422,111449987,156,,
1217,2026-09-29T05:12:30,2026-09-29T00:54:10,Divine Stone Set X 138,714421,98590235,138,,
1218,2026-09-29T05:15:23,2026-09-29T00:54:10,Divine Stone Set X 156,714420,111449675,156,,
1219,2026-09-29T05:16:28,2026-09-29T00:54:10,Divine Stone Set,714432,98591753,138,,
1220,2026-09-29T06:02:57,2026-09-29T00:54:10,Force Core(Highest,204946,40989200,200,,
1221,2026-09-29T06:03:01,2026-09-29T00:54:10,Force Core(Highest),204946,20494600,100,,
1222,2026-09-29T06:09:57,2026-09-29T00:54:10,Divine Stone Set X 159,714386,113587532,159,,
1223,2026-09-29T06:11:01,2026-09-29T00:54:10,Divine Stone Set X 150,714385,107157899,150,,
1224,2026-09-29T06:13:19,2026-09-29T00:54:10,Divine Stone Set X 165,714384,117873524,165,,
1225,2026-09-29T06:16:12,2026-09-29T00:54:10,Divine Stone Set,714383,113587055,159,,
1226,2026-09-29T06:18:46,2026-09-29T00:54:10,Divine Stone Set,714382,113586896,159,,
1227,2026-09-29T06:27:47,2026-09-29T00:54:10,Upgrade Core (Ultimate,456748,34712848,76,,
1228,2026-09-29T06:30:23,2026-09-29T00:54:10,Chaos Core Set X 219,733501,148900727,203,,
1229,2026-09-29T06:34:38,2026-09-29T00:54:10,Chaos Core Set X 312,734021,212132231,289,,
1230,2026-09-29T06:37:24,2026-09-29T00:54:10,Chaos Core Set X 174,734810,118304513,161,,
1231,2026-09-29T06:37:33,2026-09-29T00:54:10,Chaos Core Set X 303,733141,206012729,281,,
1232,2026-09-29T06:37:42,2026-09-29T00:54:10,Chaos Core Set X 141,731810,95867168,131,,
1233,2026-09-29T06:37:51,2026-09-29T00:54:10,Chaos Core Set X 249,732887,169297091,231,,
1234,2026-09-29T06:39:09,2026-09-29T00:54:10,Upgrade Core (Ultimate,456731,2283655,5,,
1235,2026-09-29T06:42:09,2026-09-29T00:54:10,Upgrade Core (Ultimate,456729,48870003,107,,
1236,2026-09-29T06:42:43,2026-09-29T00:54:10,Divine Stone Set X 162,714368,115727777,162,,
1237,2026-09-29T06:45:04,2026-09-29T00:54:10,Divine Stone Set X 159,714368,113584670,159,,
1238,2026-09-29T06:46:45,2026-09-29T00:54:10,Upgrade Core (Ultimate,456722,2740332,6,,
1239,2026-09-29T06:46:49,2026-09-29T00:54:10,Upgrade Core (Ultimate,456721,1826884,4,,
1240,2026-09-29T06:46:53,2026-09-29T00:54:10,Divine Stone Set X 165,714367,117870719,165,,
1241,2026-09-29T06:48:08,2026-09-29T00:54:10,Divine Stone Set,714366,117870554,165,,
1242,2026-09-29T06:51:29,2026-09-29T00:54:10,Divine Stone Set,714366,105011948,147,,
1243,2026-09-29T06:53:03,2026-09-29T00:54:10,Divine Stone Set,714366,111441251,156,,
1244,2026-09-29T06:54:28,2026-09-29T00:54:10,Divine Stone Set,714366,102868847,144,,
1245,2026-09-29T06:58:44,2026-09-29T00:54:10,Arcana of Chaos + 16,181130884,181130884,1,,
1246,2026-09-29T07:10:08,2026-09-29T00:54:10,Force Core(Highest,204901,1844109,9,,
1247,2026-09-29T08:17:52,2026-09-29T08:10:26,Force Core(High,179062,34200842,191,,
1248,2026-09-29T08:33:21,2026-09-29T08:20:07,Divine Stone Set X 144,714339,102864959,144,,
1249,2026-09-29T08:35:04,2026-09-29T08:20:07,Divine Stone Set X 144,714338,102864815,144,,
1250,2026-09-29T08:37:10,2026-09-29T08:20:07,Force Core(High,179059,3581180,20,,
1251,2026-09-29T08:37:31,2026-09-29T08:20:07,Chaos Core Set,733772,193716071,264,,
1252,2026-09-29T08:39:18,2026-09-29T08:20:07,Force Core(High),179058,3760218,21,,
1253,2026-09-29T08:40:57,2026-09-29T08:20:07,Divine Stone Set X 138,714333,98578091,138,,
1254,2026-09-29T08:42:15,2026-09-29T08:20:07,Upgrade Core (Ultimate,456623,9589083,21,,
1255,2026-09-29T08:53:12,2026-09-29T08:20:07,Force Core(High,179047,1611423,9,,
1256,2026-09-29T08:57:26,2026-09-29T08:20:07,Chaos Core Set X 225,733742,165092174,225,,
1257,2026-09-29T08:58:44,2026-09-29T08:20:07,Chaos Core Set X 312,733741,228927503,312,,
1258,2026-09-29T09:00:30,2026-09-29T08:20:07,Chaos Core Set X 204,733740,149683163,204,,
1259,2026-09-29T09:01:39,2026-09-29T08:20:07,Chaos Core Set X 231,733739,169493939,231,,
1260,2026-09-29T09:03:08,2026-09-29T08:20:07,Chaos Core Set X 144,733738,105658415,144,,
1261,2026-09-29T09:06:53,2026-09-29T08:20:07,Force Core(High,179041,18441223,103,,
1262,2026-09-29T09:07:53,2026-09-29T08:20:07,Force Core(High,179041,3401779,19,,
1263,2026-09-29T09:10:33,2026-09-29T08:20:07,Divine Stone Set X 162,714316,115719353,162,,
1264,2026-09-29T09:10:42,2026-09-29T08:20:07,Divine Stone Set X 165,714315,117862139,165,,
1265,2026-09-29T09:13:49,2026-09-29T08:20:07,Divine Stone Set X 147,714317,105004745,147,,
1266,2026-09-29T09:14:43,2026-09-29T08:20:07,Force Core(High,179038,5371140,30,,
1267,2026-09-29T09:16:06,2026-09-29T08:20:07,Force Core(High,179036,44759000,250,,
1268,2026-09-29T09:16:10,2026-09-29T08:20:07,Force Core(High,179035,2148420,12,,
1269,2026-09-29T09:19:53,2026-09-29T08:20:07,Force Core(High,179033,7161320,40,,
1270,2026-09-29T09:23:41,2026-09-29T08:20:07,Force Core(High,179027,2327351,13,,
1271,2026-09-29T09:28:45,2026-09-29T08:20:07,Force Core(High,179019,2327247,13,,
1272,2026-09-29T09:30:07,2026-09-29T08:20:07,Force Core(High,179017,17901700,100,,
1273,2026-09-29T09:37:24,2026-09-29T08:20:07,Force Core(High,179011,19691210,110,,
1274,2026-09-29T09:37:35,2026-09-29T08:20:07,Force Core(High,179010,2864160,16,,
1275,2026-09-29T09:39:59,2026-09-29T08:20:07,Chaos Core Set X 177,733692,129863660,177,,
1276,2026-09-29T09:41:25,2026-09-29T08:20:07,Chaos Core Set X 243,733691,178287155,243,,
1277,2026-09-29T09:42:42,2026-09-29T08:20:07,Chaos Core Set X 186,733690,136466525,186,,
1278,2026-09-29T09:45:59,2026-09-29T08:20:07,Force Core(High,179002,1074012,6,,
1279,2026-09-29T09:46:29,2026-09-29T08:20:07,Chaos Core Set X 207,733685,151873001,207,,
1280,2026-09-29T09:47:47,2026-09-29T08:20:07,Chaos Core Set,733684,154073849,210,,
1281,2026-09-29T09:49:03,2026-09-29T08:20:07,Chaos Core Set,733683,180486263,246,,
1282,2026-09-29T09:50:35,2026-09-29T08:20:07,Force Core(High,179001,3580020,20,,
1283,2026-09-29T09:50:56,2026-09-29T08:20:07,Force Core(High,179000,7160000,40,,
1284,2026-09-29T09:56:54,2026-09-29T08:20:07,Force Core(High,178991,4832757,27,,
1285,2026-09-29T09:57:09,2026-09-29T08:20:07,Force Core(High,178990,1610910,9,,
1286,2026-09-29T10:00:18,2026-09-29T08:20:07,Chaos Core Set X 162,733660,118853081,162,,
1287,2026-09-29T10:01:24,2026-09-29T08:20:07,Chaos Core Set X 180,733659,132058799,180,,
1288,2026-09-29T10:04:00,2026-09-29T08:20:07,Chaos Core Set X 243,733658,178279136,243,,
1289,2026-09-29T10:04:20,2026-09-29T08:20:07,Chaos Core Set X 213,733657,156269153,213,,
1290,2026-09-29T10:05:56,2026-09-29T08:20:07,Force Core(High),178991,37588110,210,,
1291,2026-09-29T10:06:07,2026-09-29T08:20:07,Force Core(High),178990,3579800,20,,
1292,2026-09-29T10:09:35,2026-09-29T08:20:07,Chaos Core Set X 324,733654,237704219,324,,
1293,2026-09-29T10:09:48,2026-09-29T08:20:07,Chaos Core Set X 252,733653,184880807,252,,
1294,2026-09-29T10:12:16,2026-09-29T08:20:07,Chaos Core Set,733652,182679596,249,,
1295,2026-09-29T10:12:32,2026-09-29T08:20:07,Chaos Core Set,733651,96842063,132,,
1296,2026-09-29T10:18:01,2026-09-29T10:13:58,Chaos Core Set X 42,716588,30813299,43,,
1297,2026-09-29T10:18:09,2026-09-29T10:13:58,Chaos Core Set X 126,722193,92440781,128,,
1298,2026-09-29T10:18:20,2026-09-29T10:13:58,Chaos Core Set X 81,724704,59425730,82,,
1299,2026-09-29T10:18:39,2026-09-29T10:13:58,Force Core(High,178987,5369610,30,,
1300,2026-09-29T10:18:51,2026-09-29T10:13:58,Force Core(High,178986,3937692,22,,
1301,2026-09-29T10:19:03,2026-09-29T10:13:58,Chaos Core Set X 105,719936,77033249,107,,
1302,2026-09-29T10:28:13,2026-09-29T10:13:58,Force Core(High,178971,715884,4,,
1303,2026-09-29T10:35:06,2026-09-29T10:13:58,Force Core(Highest,198070,3961400,20,,
1304,2026-09-29T10:36:02,2026-09-29T10:13:58,Force Core(High,178960,1789600,10,,
1305,2026-09-29T10:49:23,2026-09-29T10:13:58,Chaos Core Set X 270,720716,194593589,270,,
1306,2026-09-29T10:50:21,2026-09-29T10:13:58,Chaos Core Set X 201,720715,144863915,201,,
1307,2026-09-29T10:53:25,2026-09-29T10:13:58,Force Core(High,178943,536829,3,,
1308,2026-09-29T10:53:40,2026-09-29T10:13:58,Force Core(High,178942,3578840,20,,
1309,2026-09-29T10:56:21,2026-09-29T10:13:58,Force Core(Highest,198048,7921920,40,,
1310,2026-09-29T10:58:19,2026-09-29T10:13:58,Force Core(High),178937,31850786,178,,
1311,2026-09-29T11:01:08,2026-09-29T10:13:58,Force Core(High,178935,9841425,55,,
1312,2026-09-29T11:01:19,2026-09-29T10:13:58,Chaos Core Set X 51,720713,36756413,51,,
1313,2026-09-29T11:04:00,2026-09-29T10:13:58,Chaos Core Set X 18,720712,12972833,18,,
1314,2026-09-29T11:15:06,2026-09-29T10:13:58,Force Core(High,178926,178926,1,,
1315,2026-09-29T11:15:25,2026-09-29T10:13:58,Divine Stone Set X 18,714365,12858587,18,,
1316,2026-09-29T11:15:45,2026-09-29T10:13:58,Force Core(High,178924,6262340,35,,
1317,2026-09-29T11:20:16,2026-09-29T10:13:58,Force Core(High,178929,5367870,30,,
1318,2026-09-29T11:21:58,2026-09-29T10:13:58,Force Core(High),178927,5725664,32,,
1319,2026-09-29T11:30:29,2026-09-29T10:13:58,Force Core(Highest,198014,3960280,20,,
1320,2026-09-29T11:36:09,2026-09-29T10:13:58,Chaos Core Set X 249,719456,182741846,254,,
1321,2026-09-29T11:36:27,2026-09-29T10:13:58,Chaos Core Set X 222,720912,162926243,226,,
1322,2026-09-29T11:37:50,2026-09-29T10:13:58,Chaos Core Set X 243,722015,178337942,247,,
1323,2026-09-29T11:39:28,2026-09-29T10:13:58,Force Core(High,178906,3578120,20,,
1324,2026-09-29T11:39:40,2026-09-29T10:13:58,Chaos Core Set,718922,35227199,49,,
1325,2026-09-29T11:43:42,2026-09-29T10:13:58,Force Core(High,178902,9839610,55,,
1326,2026-09-29T11:47:11,2026-09-29T10:13:58,Chaos Core Set X 219,720733,160723661,223,,
1327,2026-09-29T11:47:20,2026-09-29T10:13:58,Chaos Core Set X 309,719918,226774172,315,,
1328,2026-09-29T11:47:29,2026-09-29T10:13:58,Chaos Core Set,719597,147517517,205,,
1329,2026-09-29T11:47:38,2026-09-29T10:13:58,Chaos Core Set,718938,35227967,49,,
1330,2026-09-29T11:50:14,2026-09-29T10:13:58,Force Core(Highest,197999,5939970,30,,
1331,2026-09-29T11:51:10,2026-09-29T10:13:58,Chaos Core Set,721274,167335583,232,,
1332,2026-09-29T11:52:52,2026-09-29T10:13:58,Force Core(High,178899,11807334,66,,
1333,2026-09-29T11:52:56,2026-09-29T10:13:58,Chaos Core Set,722047,178345718,247,,
1334,2026-09-29T11:54:01,2026-09-29T10:13:58,Chaos Core Set,722187,90273389,125,,
1335,2026-09-29T11:57:14,2026-09-29T10:13:58,Chaos Core Set,719949,226784060,315,,
1336,2026-09-29T11:58:53,2026-09-29T10:13:58,Force Core(High,178893,715572,4,,
1337,2026-09-29T11:59:05,2026-09-29T10:13:58,Force Core(High,178892,38998456,218,,
1338,2026-09-29T11:59:09,2026-09-29T10:13:58,Chaos Core Set,722459,138712202,192,,
1339,2026-09-29T12:00:51,2026-09-29T10:13:58,Chaos Core Set,719392,145317347,202,,
1340,2026-09-29T12:05:48,2026-09-29T10:13:58,Force Core(High,178892,9839060,55,,
1341,2026-09-29T12:06:13,2026-09-29T10:13:58,Force Core(High,178894,10733640,60,,
1342,2026-09-29T12:06:25,2026-09-29T10:13:58,Chaos Core Set,721777,217976912,302,,
1343,2026-09-29T12:09:47,2026-09-29T10:13:58,Chaos Core Set X 273,720724,200361524,278,,
1344,2026-09-29T12:12:01,2026-09-29T10:13:58,Force Core(High,178888,7871072,44,,
1345,2026-09-29T12:12:30,2026-09-29T10:13:58,Force Core(High),178887,3935514,22,,
1346,2026-09-29T12:15:48,2026-09-29T10:13:58,Force Core(High,178884,3398796,19,,
1347,2026-09-29T12:19:05,2026-09-29T10:13:58,Force Core(High,178881,5366430,30,,
1348,2026-09-29T12:41:06,2026-09-29T10:13:58,Force Core(High,178863,7333383,41,,
1349,2026-09-29T12:42:56,2026-09-29T10:13:58,Force Core(Highest,197956,791824,4,,
1350,2026-09-29T12:47:23,2026-09-29T10:13:58,Force Core(High,178857,9658278,54,,
1351,2026-09-29T12:52:18,2026-09-29T10:13:58,Force Core(Highest,197944,4156824,21,,
1352,2026-09-29T12:52:22,2026-09-29T10:13:58,Force Core(Highest,197943,395886,2,,
1353,2026-09-29T12:53:12,2026-09-29T10:13:58,Force Core(High,178850,16096500,90,,
1354,2026-09-29T12:53:24,2026-09-29T10:13:58,Chaos Core Set X 99,722997,71576801,99,,
1355,2026-09-29T12:53:52,2026-09-29T10:13:58,Chaos Core Set X 111,722996,80252666,111,,
1356,2026-09-29T12:56:47,2026-09-29T10:13:58,Chaos Core Set X 189,719878,136776843,190,,
1357,2026-09-29T13:02:14,2026-09-29T10:13:58,Chaos Core Set X 18,723355,13020390,18,,
1358,2026-09-29T13:07:33,2026-09-29T10:13:58,Force Core(High,178830,3576600,20,,
1359,2026-09-29T13:15:13,2026-09-29T10:13:58,Force Core(High,178817,4470425,25,,
1360,2026-09-29T13:15:17,2026-09-29T10:13:58,Force Core(High,178816,894080,5,,
1361,2026-09-29T13:18:34,2026-09-29T10:13:58,Upgrade Core (Ultimate,456358,456358,1,,
1362,2026-09-29T13:18:54,2026-09-29T10:13:58,Upgrade Core (Ultimate,456357,456357,1,,
1363,2026-09-29T13:19:03,2026-09-29T10:13:58,Upgrade Core (Ultimate,456356,456356,1,,
1364,2026-09-29T13:28:54,2026-09-29T10:13:58,Force Core(Highest,194430,194430,1,,
1365,2026-09-29T13:29:53,2026-09-29T10:13:58,Force Core(High,178802,3576040,20,,
1366,2026-09-29T13:30:05,2026-09-29T10:13:58,Force Core(Highest,194429,14387746,74,,
1367,2026-09-29T13:36:16,2026-09-29T10:13:58,Force Core(High,178794,1072764,6,,
1368,2026-09-29T13:41:03,2026-09-29T10:13:58,Force Core(High,178790,17879000,100,,
1369,2026-09-29T13:41:59,2026-09-29T10:13:58,Upgrade Core (Ultimate,456336,9126720,20,,
1370,2026-09-29T13:42:11,2026-09-29T10:13:58,Upgrade Core (Ultimate,456335,9126700,20,,
1371,2026-09-29T13:45:08,2026-09-29T10:13:58,Force Core(High,178785,8939250,50,,
1372,2026-09-29T13:45:20,2026-09-29T10:13:58,Upgrade Core (Ultimate,456334,13690020,30,,
1373,2026-09-29T13:49:07,2026-09-29T10:13:58,Upgrade Core (Ultimate,456331,54759720,120,,
1374,2026-09-29T13:55:52,2026-09-29T10:13:58,Force Core(Highest,204937,21518385,105,,
1375,2026-09-29T13:58:12,2026-09-29T10:13:58,Force Core(High,178770,17877000,100,,
1376,2026-09-29T14:03:30,2026-09-29T10:13:58,Force Core(High,178662,1786620,10,,
1377,2026-09-29T14:03:51,2026-09-29T10:13:58,Force Core(High,178661,8933050,50,,
1378,2026-09-29T14:04:20,2026-09-29T10:13:58,Force Core(High,178660,5359800,30,,
1379,2026-09-29T14:04:41,2026-09-29T10:13:58,Chaos Core Set X 129,722330,93902969,130,,
1380,2026-09-29T14:04:55,2026-09-29T10:13:58,Chaos Core Set X 99,720649,72064970,100,,
1381,2026-09-29T14:07:00,2026-09-29T10:13:58,Force Core(High,178659,1786590,10,,
1382,2026-09-29T14:07:32,2026-09-29T10:13:58,Force Core(High,178658,178658,1,,
1383,2026-09-29T14:08:12,2026-09-29T10:13:58,Force Core(High,178657,1607913,9,,
1384,2026-09-29T14:08:35,2026-09-29T10:13:58,Force Core(Highest,204926,26845306,131,,
1385,2026-09-29T14:12:12,2026-09-29T10:13:58,Force Core(High,178653,1250571,7,,
1386,2026-09-29T14:12:39,2026-09-29T10:13:58,Force Core(High,178652,535956,3,,
1387,2026-09-29T14:14:20,2026-09-29T10:13:58,Force Core(Highest,204924,2868936,14,,
1388,2026-09-29T14:14:35,2026-09-29T10:13:58,Force Core(Highest,204922,7582114,37,,
1389,2026-09-29T14:55:51,2026-09-29T14:50:55,Force Core(High,178648,178648,1,,167200
1390,2026-09-29T14:56:00,2026-09-29T14:50:55,Force Core(High,178647,178647,1,,167200
1391,2026-09-29T15:37:18,2026-09-29T15:25:24,Force Core(Highest,219985,2419835,11,,2148806
1392,2026-09-29T15:42:12,2026-09-29T15:25:24,Upgrade Core (Ultimate,456260,9125200,20,,8311660
1393,2026-09-29T16:02:17,2026-09-29T15:25:24,Force Core(High,178593,1785930,10,,1672070
1394,2026-09-29T16:13:27,2026-09-29T15:25:24,Chaos Core Set X 189,710000,134190000,189,,132719958
1395,2026-09-29T16:13:53,2026-09-29T15:25:24,Chaos Core Set X 24,710000,17040000,24,,16853328
1396,2026-09-29T16:14:20,2026-09-29T15:25:24,Chaos Core Set X 48,710000,34080000,48,,33706656
1397,2026-09-29T16:15:37,2026-09-29T15:25:24,Force Core(Highest,219936,25292640,115,,22464790
1398,2026-09-29T16:15:49,2026-09-29T15:25:24,Force Core(High,178582,26787300,150,,25080900
1399,2026-09-29T16:16:51,2026-09-29T15:25:24,Chaos Core Set X 96,710000,68160000,96,,67413312
1400,2026-09-29T16:27:51,2026-09-29T15:25:24,Force Core(High,178567,178567,1,,167206
1401,2026-09-29T16:28:37,2026-09-29T15:25:24,Upgrade Core (Ultimate,456211,22810550,50,,20779150
1402,2026-09-29T16:31:55,2026-09-29T15:25:24,Force Core(High,178564,3214152,18,,3009708
1403,2026-09-29T16:41:24,2026-09-29T15:25:24,Force Core(High,178562,1785620,10,,1672070
1404,2026-09-29T16:44:54,2026-09-29T15:25:24,Force Core(High,178556,35711200,200,,33441200
1405,2026-09-29T16:45:23,2026-09-29T15:25:24,Force Core(Highest,219909,6597270,30,,5860380
1406,2026-09-29T17:02:53,2026-09-29T15:25:24,Upgrade Core (Ultimate,456183,2280915,5,,2077915
1407,2026-09-29T17:10:48,2026-09-29T15:25:24,Force Core(High,178519,4641494,26,,4347382
1408,2026-09-29T17:19:11,2026-09-29T15:25:24,Force Core(High,178505,4641130,26,,4347382
1409,2026-09-29T17:58:09,2026-09-29T15:25:24,Force Core(High,178462,10707720,60,,10032420
1410,2026-09-29T17:59:49,2026-09-29T15:25:24,Divine Stone Set X 159,714529,113610269,159,,112271649
1411,2026-09-29T18:00:56,2026-09-29T15:25:24,Divine Stone Set X 135,714528,96461414,135,,95324985
1412,2026-09-29T18:04:35,2026-09-29T15:25:24,Force Core(High,178456,8922800,50,,8360300
1413,2026-09-29T18:04:40,2026-09-29T15:25:24,Force Core(High,178455,16774770,94,,15717458
1414,2026-09-29T18:04:44,2026-09-29T15:25:24,Upgrade Core (Ultimate,456122,60664226,133,,55272539
1415,2026-09-29T18:05:01,2026-09-29T15:25:24,Upgrade Core (Ultimate,456121,9122420,20,,8311660
1416,2026-09-29T18:10:08,2026-09-29T15:25:24,Force Core(High,178456,535368,3,,501618
1417,2026-09-29T18:10:20,2026-09-29T15:25:24,Force Core(Highest,209000,41800000,200,,39069200
1418,2026-09-29T18:10:24,2026-09-29T15:25:24,Force Core(Highest,209000,41173000,197,,38483162
1419,2026-09-29T18:10:38,2026-09-29T15:25:24,Force Core(Highest) Tes,209000,16093000,77,,15041642
1420,2026-09-29T18:14:38,2026-09-29T15:25:24,Force Core(High,178452,3569040,20,,3344120
1421,2026-09-29T20:48:24,2026-09-29T20:44:26,Divine Stone Set X 30,706541,21196230,30,,21183330
1422,2026-09-30T00:46:41,2026-09-30T00:40:36,Upgrade Core (Ultimate,456023,456023,1,,415583
1423,2026-09-30T00:46:56,2026-09-30T00:40:36,Divine Stone Set X 162,706541,114459642,162,,114389820
1424,2026-09-30T00:49:53,2026-09-30T00:40:36,Upgrade Core (Ultimate,456025,10944600,24,,9973992
1425,2026-09-30T00:50:14,2026-09-30T00:40:36,Force Core(High,178387,178387,1,,164997
1426,2026-09-30T00:50:18,2026-09-30T00:40:36,Chaos Core,714000,714000,1,,729953
1427,2026-09-30T00:52:13,2026-09-30T00:40:36,Upgrade Core (Ultimate,456018,6384252,14,,5818162
1428,2026-09-30T00:57:07,2026-09-30T00:40:36,Upgrade Core(Highest,122209,30552250,250,,30552250
1429,2026-09-30T01:01:13,2026-09-30T00:40:36,Force Core(High,178352,1961872,11,,1814967
1430,2026-09-30T01:01:29,2026-09-30T00:40:36,Upgrade Core (Ultimate,455994,10031868,22,,9142826
1431,2026-09-30T01:05:54,2026-09-30T00:40:36,Force Core(High,178345,535035,3,,494991
1432,2026-09-30T01:08:37,2026-09-30T00:40:36,Upgrade Core (Ultimate,455987,13679610,30,,12467490
1433,2026-09-30T01:21:03,2026-09-30T01:12:33,Upgrade Core (Ultimate,455977,21886896,48,,19947984
1434,2026-09-30T01:22:15,2026-09-30T01:12:33,Upgrade Core (Ultimate,455976,45597600,100,,41558300
1435,2026-09-30T01:23:42,2026-09-30T01:12:33,Force Core(High,178338,16585434,93,,15531000
1436,2026-09-30T01:35:31,2026-09-30T01:28:09,Force Core(High,178337,1070022,6,,1001664
1437,2026-09-30T01:37:51,2026-09-30T01:28:09,Force Core(High,178325,178325,1,,166944
1438,2026-09-30T01:38:35,2026-09-30T01:28:09,Upgrade Core(Highest,122208,5988192,49,,5988192
1439,2026-09-30T01:40:10,2026-09-30T01:28:09,Force Core(High,178324,178324,1,,166944
1440,2026-09-30T01:40:44,2026-09-30T01:28:09,Force Core(Highest,197599,7903960,40,,7422240
1441,2026-09-30T02:04:57,2026-09-30T01:28:09,Force Core(High,178292,1069752,6,,1001664
1442,2026-09-30T02:15:14,2026-09-30T01:28:09,Force Core(High,178275,3565500,20,,3338880
1443,2026-09-30T02:17:29,2026-09-30T01:28:09,Divine Stone Set X 141,714119,100690919,141,,99561510
1444,2026-09-30T02:25:04,2026-09-30T01:28:09,Force Core(High,178269,10696140,60,,10016640
1445,2026-09-30T02:42:22,2026-09-30T02:39:27,Force Core(High,178265,178265,1,,167000
1446,2026-09-30T02:43:04,2026-09-30T02:39:27,Force Core(High,178264,178264,1,,167000
1447,2026-09-30T02:43:08,2026-09-30T02:39:27,Upgrade Core (Ultimate,455897,9117940,20,,8285700
1448,2026-09-30T02:44:43,2026-09-30T02:39:27,Force Core(High,178266,178266,1,,167000
1449,2026-09-30T02:45:21,2026-09-30T02:39:27,Force Core(Highest,197561,3951220,20,,3859200
1450,2026-09-30T03:04:04,2026-09-30T02:39:27,Force Core(High,178256,534768,3,,501585
1451,2026-09-30T03:04:16,2026-09-30T02:39:27,Force Core(High,178255,178255,1,,167213
1452,2026-09-30T03:20:06,2026-09-30T02:39:27,Chaos Core Set X 201,729536,146636936,201,,144788943
1453,2026-09-30T03:22:50,2026-09-30T02:39:27,Chaos Core Set X 195,729523,142257179,195,,140466885
1454,2026-09-30T03:23:17,2026-09-30T02:39:27,Chaos Core Set X 200,729522,145904599,200,,144068600
1455,2026-09-30T03:24:51,2026-09-30T02:39:27,Chaos Core Set X 200,729521,145904399,200,,144068600
1456,2026-09-30T03:25:31,2026-09-30T02:39:27,Chaos Core Set X 200,729520,145904199,200,,144068600
1457,2026-09-30T03:27:14,2026-09-30T02:39:27,Chaos Core Set X 200,729519,145903999,200,,144068600
1458,2026-09-30T03:27:22,2026-09-30T02:39:27,Chaos Core Set X 199,729518,145174280,199,,143348257
1459,2026-09-30T03:27:32,2026-09-30T02:39:27,Chaos Core Set X 42,729535,30640511,42,,30254406
1460,2026-09-30T03:37:47,2026-09-30T02:39:27,Chaos Core Set X 162,729509,118180619,162,,116695566
1461,2026-09-30T03:47:07,2026-09-30T02:39:27,Force Core(Highest,189965,2849475,15,,2894400
1462,2026-09-30T03:48:40,2026-09-30T02:39:27,Chaos Core Set X 210,729479,153190799,210,,151272030
1463,2026-09-30T03:49:29,2026-09-30T02:39:27,Chaos Core Set X 333,729478,242916506,333,,239760000
1464,2026-09-30T03:49:48,2026-09-30T02:39:27,Chaos Core Set X 264,729477,192582191,264,,190531704
1465,2026-09-30T03:50:08,2026-09-30T02:39:27,Chaos Core Set,729464,183825179,252,,181969452
1466,2026-09-30T04:22:12,2026-09-30T02:39:27,Force Core(Highest,189932,5697960,30,,5788800
1467,2026-09-30T04:25:40,2026-09-30T02:39:27,Force Core(Highest,189928,32477688,171,,32996160
1468,2026-09-30T04:25:52,2026-09-30T02:39:27,Force Core(Highest,189927,29818539,157,,30294720
1469,2026-09-30T04:29:18,2026-09-30T02:39:27,Force Core(Highest,189924,1899240,10,,1929600
1470,2026-09-30T07:05:50,2026-09-30T02:39:27,Force Core(Highest,189923,569769,3,,578880
1471,2026-09-30T07:05:54,2026-09-30T02:39:27,Divine Stone Set X 18,714040,12852737,18,,12708000
1472,2026-09-30T07:07:11,2026-09-30T02:39:27,Divine Stone Set X 162,714039,115674479,162,,114372000
1473,2026-09-30T07:18:31,2026-09-30T02:39:27,Divine Stone Set X 153,714038,109247966,153,,108018000
1474,2026-09-30T07:19:30,2026-09-30T02:39:27,Force Core(Highest,189922,379844,2,,385920
1475,2026-09-30T07:23:09,2026-09-30T02:39:27,Chaos Core Set X 477,729153,347806457,477,,343603611
1476,2026-09-30T07:25:28,2026-09-30T02:39:27,Chaos Core Set X 18,729152,13124753,18,,12960090
1477,2026-09-30T07:29:39,2026-09-30T02:39:27,Chaos Core Set,729143,185931719,255,,184127595
1478,2026-09-30T07:31:26,2026-09-30T02:39:27,Chaos Core Set X 18,729151,13124735,18,,12879594
1479,2026-09-30T07:34:24,2026-09-30T02:39:27,Chaos Core Set X 261,729140,190305800,261,,188476191
1480,2026-09-30T07:35:15,2026-09-30T02:39:27,Force Core(High,176981,7079240,40,,6686600
1481,2026-09-30T07:46:10,2026-09-30T02:39:27,Upgrade Core (Ultimate,455405,27324300,60,,24857100
1482,2026-09-30T07:46:50,2026-09-30T02:39:27,Force Core(High,176963,2654445,15,,2507475
1483,2026-09-30T07:53:06,2026-09-30T02:39:27,Chaos Core Set X 240,729107,174985919,240,,172206240
1484,2026-09-30T07:54:37,2026-09-30T02:39:27,Chaos Core Set X 18,729106,13123925,18,,13068342
1485,2026-09-30T07:59:01,2026-09-30T02:39:27,Chaos Core Set X 183,729106,133426580,183,,131356302
1486,2026-09-30T07:59:19,2026-09-30T02:39:27,Chaos Core Set X 195,729105,142175669,195,,140042565
1487,2026-09-30T07:59:36,2026-09-30T02:39:27,Chaos Core Set X 279,729104,203420294,279,,200147346
1488,2026-09-30T08:00:53,2026-09-30T02:39:27,Chaos Core Set,729105,157486895,216,,156080304
1489,2026-09-30T08:10:22,2026-09-30T02:39:27,Divine Stone Set X 141,714048,100680908,141,,99561651
1490,2026-09-30T08:10:31,2026-09-30T02:39:27,Divine Stone Set X 165,714047,117817919,165,,116508315
1491,2026-09-30T08:11:59,2026-09-30T02:39:27,Force Core(High,176934,15216324,86,,14376190
1492,2026-09-30T08:21:25,2026-09-30T02:39:27,Force Core(High,175997,5279910,30,,5014950
1493,2026-09-30T08:29:46,2026-09-30T02:39:27,Force Core(High,175986,703944,4,,668780
1494,2026-09-30T08:31:00,2026-09-30T02:39:27,Chaos Core Set X 117,729059,85300019,117,,84543498
1495,2026-09-30T08:33:41,2026-09-30T02:39:27,Force Core(High,175980,10558800,60,,10031700
1496,2026-09-30T08:38:15,2026-09-30T02:39:27,Chaos Core Set X 18,729043,13122791,18,,13029120
1497,2026-09-30T08:38:34,2026-09-30T02:39:27,Chaos Core Set X 81,729042,59052482,81,,58490181
1498,2026-09-30T08:39:42,2026-09-30T02:39:27,Chaos Core Set X 39,729041,28432637,39,,28114515
1499,2026-09-30T10:11:44,2026-09-30T10:08:54,chaos) x 1 Chaos Guardian (Arcana of,25275198,25275198,1,,25275198
1500,2026-09-30T10:11:59,2026-09-30T10:08:54,Chaos Core Set X 18,729667,13134006,18,,12997818
1501,2026-09-30T10:13:16,2026-09-30T10:08:54,Chaos Core Set X 39,729035,28432403,39,,28161939
1502,2026-09-30T10:13:28,2026-09-30T10:08:54,Force Core(Highest,197479,11453782,58,,11193710
1503,2026-09-30T10:13:42,2026-09-30T10:08:54,Chaos Core Set X 177,729032,129038840,177,,127811877
1504,2026-09-30T10:15:51,2026-09-30T10:08:54,Chaos Core Set X 18,729031,13122575,18,,12997818
1505,2026-09-30T10:17:21,2026-09-30T10:08:54,Chaos Core Set X 18,729762,13135716,18,,12997818
1506,2026-09-30T10:23:30,2026-09-30T10:08:54,Force Core(High,169999,34169799,201,,33366201
1507,2026-09-30T10:23:34,2026-09-30T10:08:54,Force Core(High,169998,25159704,148,,24568148
1508,2026-09-30T10:23:38,2026-09-30T10:08:54,Force Core(High,169997,4929913,29,,4814029
1509,2026-09-30T10:24:15,2026-09-30T10:08:54,Chaos Core Set,729090,126861833,174,,125645574
1510,2026-09-30T10:24:24,2026-09-30T10:08:54,Chaos Core Set,729089,146547089,201,,144722211
1511,2026-09-30T10:24:33,2026-09-30T10:08:54,Chaos Core Set,729088,124674218,171,,123493977
1512,2026-09-30T10:24:42,2026-09-30T10:08:54,Chaos Core Set X 102,729087,74366975,102,,73654302
1513,2026-09-30T10:24:50,2026-09-30T10:08:54,Chaos Core Set X 78,729086,56868785,78,,56323878
1514,2026-09-30T10:24:59,2026-09-30T10:08:54,Chaos Core Set,729083,144358631,198,,142072128
1515,2026-09-30T10:25:08,2026-09-30T10:08:54,Chaos Core Set,729088,203415830,279,,200201751
1516,2026-09-30T10:25:17,2026-09-30T10:08:54,Chaos Core Set,729099,63431699,87,,62436942
1517,2026-09-30T10:34:49,2026-09-30T10:08:54,Force Core(High,174958,3499160,20,,3320020
1518,2026-09-30T10:36:33,2026-09-30T10:08:54,Force Core(Highest,197466,23695920,120,,23159400
1519,2026-09-30T10:37:25,2026-09-30T10:08:54,Force Core(High,174955,3499100,20,,3320020
1520,2026-09-30T10:44:01,2026-09-30T10:08:54,Force Core(High,174951,13996080,80,,13280080
1521,2026-09-30T10:44:12,2026-09-30T10:08:54,Force Core(High,174950,174950,1,,166001
1522,2026-09-30T10:44:24,2026-09-30T10:08:54,Chaos Core Set,747999,186251999,249,,184259751
1523,2026-09-30T10:51:51,2026-09-30T10:08:54,Upgrade Core (Ultimate,429995,58479320,136,,56519288
1524,2026-09-30T10:51:55,2026-09-30T10:08:54,Upgrade Core (Ultimate,429994,50739292,118,,49038794
1525,2026-09-30T10:52:15,2026-09-30T10:08:54,Force Core(Highest,197459,5923770,30,,5789850
1526,2026-09-30T10:52:20,2026-09-30T10:08:54,Force Core(Highest,197458,10070358,51,,9842745
1527,2026-09-30T10:52:55,2026-09-30T10:08:54,Force Core(High,174947,21518481,123,,20418123
1528,2026-09-30T10:53:07,2026-09-30T10:08:54,Force Core(High,174946,1399568,8,,1328008
1529,2026-09-30T10:53:11,2026-09-30T10:08:54,Chaos Core Set,747997,233375375,312,,230880000
1530,2026-09-30T10:54:23,2026-09-30T10:08:54,Chaos Core Set X 279,747996,208691162,279,,206459721
1531,2026-09-30T10:56:17,2026-09-30T10:08:54,Chaos Core Set X 201,747995,150347195,201,,148740000
1532,2026-09-30T10:59:55,2026-09-30T10:08:54,Upgrade Core (Ultimate,429999,21499950,50,,20779150
1533,2026-09-30T11:00:07,2026-09-30T10:08:54,Force Core(Highest,197457,5726253,29,,5596855
1534,2026-09-30T11:00:59,2026-09-30T10:08:54,Chaos Core Set,747999,150347999,201,,148739799
1535,2026-09-30T11:02:23,2026-09-30T10:08:54,Chaos Core Set,747998,233375687,312,,230880000
1536,2026-09-30T11:03:44,2026-09-30T10:08:54,Chaos Core Set,747999,170543999,228,,168719772
1537,2026-09-30T11:08:25,2026-09-30T10:08:54,Force Core(High,174942,524826,3,,498003
1538,2026-09-30T11:08:37,2026-09-30T10:08:54,Force Core(High,174941,4723407,27,,4482027
1539,2026-09-30T11:08:41,2026-09-30T10:08:54,Chaos Core Set,749999,188999999,252,,186479748
1540,2026-09-30T11:10:21,2026-09-30T10:08:54,Chaos Core Set,749999,200249999,267,,197579733
1541,2026-09-30T11:11:45,2026-09-30T10:08:54,Chaos Core Set,749998,152999795,204,,150960000
1542,2026-09-30T11:17:20,2026-09-30T10:08:54,Force Core(High,174941,2624115,15,,2490015
1543,2026-09-30T11:17:32,2026-09-30T10:08:54,Force Core(High,174940,3498800,20,,3320020
1544,2026-09-30T11:22:26,2026-09-30T10:08:54,Chaos Core Set,749997,110249705,147,,108457923
1545,2026-09-30T11:34:12,2026-09-30T10:08:54,Chaos Core Set X 312,749979,233993759,312,,230880000
1546,2026-09-30T11:37:20,2026-09-30T10:08:54,Force Core(High,174926,5247780,30,,4982640
1547,2026-09-30T11:39:07,2026-09-30T10:08:54,Force Core(High,174925,5247750,30,,4980030
1548,2026-09-30T11:39:28,2026-09-30T10:08:54,Chaos Core Set X 315,749976,236242754,315,,233100000
1549,2026-09-30T11:45:33,2026-09-30T10:08:54,Chaos Core Set X 315,749966,236239604,315,,233100000
1550,2026-09-30T11:47:13,2026-09-30T10:08:54,Chaos Core Set,749965,209240513,279,,206120736
1551,2026-09-30T11:50:17,2026-09-30T10:08:54,Chaos Core Set X 246,749963,184491143,246,,182040000
1552,2026-09-30T11:51:40,2026-09-30T10:08:54,Chaos Core Set X 312,749962,233988455,312,,230425728
1553,2026-09-30T11:51:49,2026-09-30T10:08:54,Divine Stone Set X 156,712679,111178079,156,,109200000
1554,2026-09-30T11:51:58,2026-09-30T10:08:54,Divine Stone Set X 138,712678,98349701,138,,96600000
1555,2026-09-30T11:52:58,2026-09-30T10:08:54,Divine Stone Set X 135,712677,96211529,135,,94500000
1556,2026-09-30T11:54:06,2026-09-30T10:08:54,Divine Stone Set X 72,712676,51312743,72,,50415048
1557,2026-09-30T11:57:26,2026-09-30T10:08:54,Chaos Core Set,749961,200239853,267,,197580000
1558,2026-09-30T11:58:20,2026-09-30T10:08:54,Honor Medal Chest,188499999,188499999,1,,188499999
1559,2026-09-30T11:59:42,2026-09-30T10:08:54,Force Core(High,174911,34982200,200,,33200200
1560,2026-09-30T11:59:54,2026-09-30T10:08:54,Chaos Core Set,749960,139492745,186,,137640000
1561,2026-09-30T12:00:16,2026-09-30T10:08:54,Divine Stone Set,712710,115459181,162,,114388200
1562,2026-09-30T12:05:20,2026-09-30T10:08:54,Force Core(High,174903,21338166,122,,20262736
1563,2026-09-30T12:07:23,2026-09-30T10:08:54,Force Core(High,174901,874505,5,,830005
1564,2026-09-30T12:08:40,2026-09-30T10:08:54,Chaos Core Set X 282,751424,211901849,282,,208528284
1565,2026-09-30T12:11:11,2026-09-30T10:08:54,Chaos Core Set X 18,751424,13525649,18,,13319496
1566,2026-09-30T12:12:19,2026-09-30T10:08:54,Force Core(High,174898,13292248,76,,12622688
1567,2026-09-30T12:25:06,2026-09-30T10:08:54,Upgrade Core (Ultimate,429937,39554204,92,,38233636
1568,2026-09-30T12:36:02,2026-09-30T12:31:54,Upgrade Core (Ultimate,429930,2579580,6,,2482200
1569,2026-09-30T12:36:53,2026-09-30T12:31:54,Upgrade Core (Ultimate,429929,20636592,48,,19857600
1570,2026-09-30T12:38:52,2026-09-30T12:31:54,Divine Stone Set X 144,712674,102625199,144,,101678400
1571,2026-09-30T12:43:48,2026-09-30T12:42:42,Upgrade Core (Ultimate,429923,20636304,48,,19857600
1572,2026-09-30T13:01:49,2026-09-30T12:44:30,Chaos Core Set X 198,734438,145418921,198,,142560000
1573,2026-09-30T13:02:09,2026-09-30T12:44:30,Chaos Core Set X 69,734437,50676221,69,,49710015
1574,2026-09-30T13:11:33,2026-09-30T12:44:30,Force Core(High,174839,1573551,9,,1495494
1575,2026-09-30T13:13:19,2026-09-30T12:44:30,Force Core(High,174834,5245020,30,,4984980
1576,2026-09-30T13:16:11,2026-09-30T12:44:30,Force Core(High,174831,5244930,30,,4984980
1577,2026-09-30T13:25:44,2026-09-30T12:44:30,Force Core(Highest,197356,1184136,6,,1156710
1578,2026-09-30T13:25:56,2026-09-30T12:44:30,Force Core(Highest,197355,1381485,7,,1349495
1579,2026-09-30T13:26:44,2026-09-30T12:44:30,Force Core(High,174818,1748180,10,,1661660
1580,2026-09-30T13:27:09,2026-09-30T12:44:30,Force Core(High,174817,1573353,9,,1495494
1581,2026-09-30T13:31:25,2026-09-30T12:44:30,Upgrade Core (Ultimate,429881,27942265,65,,27012895
1582,2026-09-30T13:34:46,2026-09-30T12:44:30,Upgrade Core (Ultimate,429880,26652560,62,,25649400
1583,2026-09-30T13:34:50,2026-09-30T12:44:30,Chaos Core Set X 39,734443,28643315,39,,28161939
1584,2026-09-30T13:34:59,2026-09-30T12:44:30,Chaos Core Set X 57,734442,41863250,57,,41561550
1585,2026-09-30T13:41:38,2026-09-30T12:44:30,Force Core(High,174799,1573191,9,,1495494
1586,2026-09-30T13:42:42,2026-09-30T12:44:30,Force Core(High,174798,5243940,30,,4984980
1587,2026-09-30T16:08:22,2026-09-30T15:57:14,Force Core(Highest,197324,197324,1,,192726
1588,2026-09-30T16:08:26,2026-09-30T15:57:14,Divine Stone Set X 153,712605,109028717,153,,109255770
1589,2026-09-30T16:08:35,2026-09-30T15:57:14,Divine Stone Set X 141,712607,100477727,141,,100686690
1590,2026-09-30T16:09:00,2026-09-30T15:57:14,Divine Stone Set X 162,712606,115442333,162,,115682580
1591,2026-09-30T16:09:08,2026-09-30T15:57:14,Upgrade Core (Ultimate,429850,429850,1,,445000
1592,2026-09-30T16:09:24,2026-09-30T15:57:14,Force Core(Highest,197325,197325,1,,192726
1593,2026-09-30T16:12:14,2026-09-30T15:57:14,Upgrade Core (Ultimate,429848,429848,1,,445000
1594,2026-09-30T16:12:18,2026-09-30T15:57:14,Chaos Core Set X 78,789995,61619687,78,,57032040
1595,2026-09-30T16:21:05,2026-09-30T15:57:14,Force Core(High,174716,5241480,30,,4692300
1596,2026-09-30T16:42:36,2026-09-30T15:57:14,Force Core(High,174681,25678107,147,,22992270
1597,2026-09-30T16:50:00,2026-09-30T15:57:14,Force Core(High,174557,3491140,20,,3128200
1598,2026-09-30T16:50:44,2026-09-30T15:57:14,Force Core(Highest),209997,2099970,10,,1927270
1599,2026-09-30T16:50:56,2026-09-30T15:57:14,Force Core(Highest),209996,3779928,18,,3469086
1600,2026-09-30T17:09:18,2026-09-30T15:57:14,Upgrade Core (Ultimate),429992,21499600,50,,21019000
1601,2026-09-30T17:12:26,2026-09-30T15:57:14,Force Core(Highest,198754,9937700,50,,9636350
1602,2026-09-30T17:18:52,2026-09-30T15:57:14,Force Core(Highest,198750,5962500,30,,5781810
1603,2026-09-30T17:26:00,2026-09-30T15:57:14,Force Core(High,169993,3399860,20,,3128200
1604,2026-09-30T17:27:33,2026-09-30T15:57:14,Upgrade Core (Ultimate,429979,9029559,21,,8827980
1605,2026-09-30T17:27:45,2026-09-30T15:57:14,Upgrade Core (Ultimate,429978,43857756,102,,42878760
1606,2026-09-30T17:35:15,2026-09-30T15:57:14,Upgrade Core (Ultimate,429972,21498600,50,,21019000
1607,2026-09-30T17:41:23,2026-09-30T15:57:14,Force Core(High,169975,6799000,40,,6256400
1608,2026-09-30T17:45:35,2026-09-30T15:57:14,Force Core(High,169974,1699740,10,,1564100
1609,2026-09-30T17:49:26,2026-09-30T15:57:14,Force Core(High,169969,13937458,82,,12825620
1610,2026-09-30T19:18:49,2026-09-30T19:12:10,Divine Stone Set X 147,712608,104753522,147,,103748925
1611,2026-09-30T19:19:45,2026-09-30T19:12:10,Divine Stone Set X 165,712607,117580319,165,,116452875
1612,2026-09-30T19:22:02,2026-09-30T19:12:10,Chaos Core Set X 321,749974,240741974,321,,228711537
1613,2026-09-30T19:25:17,2026-09-30T19:12:10,Chaos Core Set X 279,749973,209242745,279,,198786663
1614,2026-09-30T19:27:59,2026-09-30T19:12:10,Force Core(High,169878,7644510,45,,7384230
1615,2026-09-30T19:29:00,2026-09-30T19:12:10,Chaos Core Set X 321,749967,240739727,321,,228711537
1616,2026-09-30T19:30:46,2026-09-30T19:12:10,Chaos Core Set X 249,749966,186741782,249,,177411753
1617,2026-09-30T19:33:46,2026-09-30T19:12:10,Chaos Core Set X 318,749966,238489505,318,,226978542
1618,2026-09-30T19:34:06,2026-09-30T19:12:10,Chaos Core Set,749964,150742964,201,,144714774
1619,2026-09-30T19:34:39,2026-09-30T19:12:10,Chaos Core Set X 321,749962,240738122,321,,228711537
1620,2026-09-30T19:34:59,2026-09-30T19:12:10,Chaos Core Set X 189,749961,141742817,189,,134661933
1621,2026-09-30T19:36:01,2026-09-30T19:12:10,Force Core(High,169873,13759713,81,,13291614
1622,2026-09-30T19:37:24,2026-09-30T19:12:10,Chaos Core Set,749956,213737744,285,,206045025
1623,2026-09-30T19:42:00,2026-09-30T19:12:10,Chaos Core Set X 153,749954,114743114,153,,111644559
1624,2026-09-30T19:47:44,2026-09-30T19:12:10,Chaos Core Set X 57,749951,42747263,57,,40612329
1625,2026-09-30T20:00:26,2026-09-30T19:12:10,Force Core(High,169845,1698450,10,,1640940
1626,2026-09-30T20:01:50,2026-09-30T19:12:10,Force Core(High,169844,3396880,20,,3281880
1627,2026-09-30T20:05:43,2026-09-30T19:12:10,Force Core(High,169839,15285510,90,,14768460
1628,2026-09-30T20:32:26,2026-09-30T19:12:10,Force Core(High,169810,5094300,30,,4922820
1629,2026-09-30T20:41:14,2026-09-30T19:12:10,Chaos Core Set X 150,759902,113985449,150,,111410250
1630,2026-09-30T20:43:01,2026-09-30T19:12:10,Chaos Core Set X 156,759901,118544711,156,,115252020
1631,2026-09-30T20:44:12,2026-09-30T19:12:10,Chaos Core Set X 255,759900,193774754,255,,187038165
1632,2026-09-30T20:48:37,2026-09-30T19:12:10,Chaos Core Set,759902,241649153,318,,234436914
1633,2026-09-30T20:54:10,2026-09-30T19:12:10,Force Core(High,169793,848965,5,,820470
1634,2026-09-30T20:54:22,2026-09-30T19:12:10,Chaos Core Set,759897,241647563,318,,235116798
1635,2026-09-30T20:59:32,2026-09-30T19:12:10,Chaos Core Set X 246,759896,186934661,246,,179730060
1636,2026-09-30T21:42:35,2026-09-30T21:41:45,Chaos Core Set X 30,759888,22796669,30,,21495000
1637,2026-09-30T21:48:24,2026-09-30T21:43:47,Force Core(High,169785,2886345,17,,2789598
1638,2026-09-30T21:48:36,2026-09-30T21:43:47,Chaos Core Set X 264,759887,200610431,264,,196560936
1639,2026-09-30T21:48:45,2026-09-30T21:43:47,Chaos Core Set X 183,749895,137230785,183,,136252467
1640,2026-09-30T21:48:54,2026-09-30T21:43:47,Chaos Core Set X 186,759895,141340655,186,,138486114
1641,2026-09-30T22:03:11,2026-09-30T21:43:47,Force Core(High,169755,1697550,10,,1640940
1642,2026-09-30T22:04:41,2026-09-30T21:43:47,Upgrade Core (Ultimate,429848,32668448,76,,33820000
1643,2026-09-30T22:04:50,2026-09-30T21:43:47,Upgrade Core (Ultimate,429849,15904413,37,,16465000
1644,2026-09-30T22:11:38,2026-09-30T21:43:47,Force Core(High,169748,3394960,20,,3281880
1645,2026-09-30T22:19:15,2026-09-30T21:43:47,Divine Stone Set X 138,705775,97396950,138,,97152000
1646,2026-09-30T22:19:29,2026-09-30T21:43:47,Divine Stone Set X 162,705775,114335550,162,,114048000
1647,2026-09-30T22:19:37,2026-09-30T21:43:47,Divine Stone Set X 165,705775,116452875,165,,116160000
1648,2026-09-30T22:24:42,2026-09-30T21:43:47,Divine Stone Set,712523,106878599,150,,105600000
1649,2026-09-30T22:41:27,2026-09-30T21:43:47,Force Core(High,169682,169682,1,,164094
1650,2026-09-30T22:58:20,2026-09-30T21:43:47,Force Core(High,169648,1696480,10,,1640940
1651,2026-09-30T23:10:30,2026-09-30T21:43:47,Upgrade Core (Ultimate),449968,25198208,56,,24864000
1652,2026-09-30T23:14:20,2026-09-30T21:43:47,Upgrade Core (Ultimate,449968,19798592,44,,19536000
1653,2026-10-01T00:53:35,2026-10-01T00:48:33,Divine Stone Set X 138,704000,97152000,138,,97151862
1654,2026-10-01T00:54:56,2026-10-01T00:48:33,Divine Stone Set X 153,704000,107712000,153,,107711847
1655,2026-10-01T00:57:43,2026-10-01T00:48:33,Chaos Core Set X 333,759970,253070010,333,,239469291
1656,2026-10-01T00:58:03,2026-10-01T00:48:33,Upgrade Core(Highest,121000,3025000,25,,3025000
1657,2026-10-01T00:58:17,2026-10-01T00:48:33,Upgrade Core Set (High) X 548,65064,35655072,548,,35655072
1658,2026-10-01T01:07:19,2026-10-01T00:48:33,Upgrade Core(Highest,120999,1209990,10,,1209990
1659,2026-10-01T01:08:20,2026-10-01T00:48:33,Upgrade Core (Ultimate),456072,5016792,11,,4895000
1660,2026-10-01T01:11:55,2026-10-01T00:48:33,Upgrade Core(Highest,120999,604995,5,,604995
1661,2026-10-01T01:12:57,2026-10-01T00:48:33,Upgrade Core (Ultimate,456069,6384966,14,,6230000
1662,2026-10-01T01:18:44,2026-10-01T01:15:06,Force Core(High,168892,3377840,20,,3281820
1663,2026-10-01T01:19:45,2026-10-01T01:15:06,Divine Stone Set X 165,709991,117148679,165,,115995000
1664,2026-10-01T01:22:09,2026-10-01T01:15:06,Force Core(High,168887,1688870,10,,1640910
1665,2026-10-01T01:23:24,2026-10-01T01:15:06,Divine Stone Set X 147,709990,104368676,147,,103341000
1666,2026-10-01T01:25:36,2026-10-01T01:15:06,Upgrade Core(Highest,120999,6049950,50,,6049950
1667,2026-10-01T01:26:21,2026-10-01T01:15:06,Upgrade Core (Ultimate,456067,4560670,10,,4450000
1668,2026-10-01T01:26:38,2026-10-01T01:15:06,Upgrade Core (Ultimate,456066,6384924,14,,6230000
1669,2026-10-01T01:32:04,2026-10-01T01:15:06,Force Core(High,168881,1688810,10,,1640910
1670,2026-10-01T01:33:59,2026-10-01T01:15:06,Force Core(High,168879,1688790,10,,1640910
1671,2026-10-01T01:43:14,2026-10-01T01:42:22,Force Core(High,168872,10132320,60,,9845460
1672,2026-10-01T01:47:10,2026-10-01T01:44:18,Force Core(High,168872,3377440,20,,3281800
1673,2026-10-01T01:55:02,2026-10-01T01:44:18,Upgrade Core (Ultimate,456052,22802600,50,,22250000
1674,2026-10-01T01:55:19,2026-10-01T01:44:18,Upgrade Core (Ultimate,456051,6384714,14,,6230000
1675,2026-10-01T01:56:54,2026-10-01T01:44:18,Force Core(High,168865,4897085,29,,4758610
1676,2026-10-01T01:57:56,2026-10-01T01:44:18,Divine Stone Set X 162,709982,115017245,162,,113886000
1677,2026-10-01T01:59:14,2026-10-01T01:44:18,Divine Stone Set X 162,709981,115017083,162,,113886000
1678,2026-10-01T02:00:16,2026-10-01T01:44:18,Divine Stone Set X 138,709980,97977377,138,,97014000
1679,2026-10-01T02:02:30,2026-10-01T01:44:18,Upgrade Core(Highest,120998,483992,4,,483992
1680,2026-10-01T02:05:23,2026-10-01T01:44:18,Force Core(High,168860,1688600,10,,1640900
1681,2026-10-01T02:06:03,2026-10-01T01:44:18,Force Core(Highest,198184,3963680,20,,3813320
1682,2026-10-01T02:12:55,2026-10-01T01:44:18,Chaos Core Set X 96,749865,71987135,96,,69402432
1683,2026-10-01T02:15:45,2026-10-01T01:44:18,Chaos Core Set X 108,749864,80985419,108,,78077736
1684,2026-10-01T02:15:54,2026-10-01T01:44:18,Chaos Core Set X 138,749863,103481231,138,,99765996
1685,2026-10-01T02:16:03,2026-10-01T01:44:18,Chaos Core Set X 18,749862,13497533,18,,13012956
1686,2026-10-01T02:16:12,2026-10-01T01:44:18,Chaos Core Set X 213,749861,159720605,213,,153986646
1687,2026-10-01T02:17:48,2026-10-01T01:44:18,Chaos Core Set X 249,749860,186715388,249,,180012558
1688,2026-10-01T02:23:40,2026-10-01T01:44:18,Upgrade Core(Highest,120998,16334730,135,,16334730
1689,2026-10-01T02:43:12,2026-10-01T02:38:49,Divine Stone Set X 156,709987,110758127,156,,109668000
1690,2026-10-01T02:44:20,2026-10-01T02:38:49,Divine Stone Set X 165,709986,117147854,165,,115995000
1691,2026-10-01T02:46:21,2026-10-01T02:38:49,Upgrade Core (Ultimate,456029,43322755,95,,42275000
1692,2026-10-01T02:46:30,2026-10-01T02:38:49,Upgrade Core (Ultimate,456028,86645320,190,,84550000
1693,2026-10-01T02:46:34,2026-10-01T02:38:49,Upgrade Core (Ultimate,456027,6384378,14,,6230000
1694,2026-10-01T02:50:40,2026-10-01T02:49:34,Chaos Core Set X 195,736382,143594684,195,,143243100
1695,2026-10-01T02:50:44,2026-10-01T02:49:34,Chaos Core Set X 249,736381,183359117,249,,182910420
1696,2026-10-01T02:54:24,2026-10-01T02:51:30,Divine Stone Set X 144,709996,102239567,144,,101232000
1697,2026-10-01T02:56:20,2026-10-01T02:51:30,Divine Stone Set X 144,709995,102239423,144,,101232000
1698,2026-10-01T02:57:36,2026-10-01T02:51:30,Divine Stone Set X 159,709997,112889681,159,,111777000
1699,2026-10-01T02:59:06,2026-10-01T02:51:30,Chaos Core Set X 138,736381,101620715,138,,101301522
1700,2026-10-01T02:59:35,2026-10-01T02:51:30,Chaos Core Set X 294,736380,216496013,294,,215816286
1701,2026-10-01T03:01:14,2026-10-01T02:51:30,Force Core(High,165000,32835000,199,,29105342
1702,2026-10-01T03:02:55,2026-10-01T02:51:30,Upgrade Core(Highest,120997,2419940,20,,2419940
1703,2026-10-01T03:03:39,2026-10-01T02:51:30,Upgrade Core (Ultimate),456069,2736414,6,,2670000
1704,2026-10-01T03:21:17,2026-10-01T03:16:10,Chaos Core Set X 321,736348,236368028,321,,235473402
1705,2026-10-01T03:21:37,2026-10-01T03:16:10,Force Core (Ultimate,320000,6400000,20,,6400000
1706,2026-10-01T03:25:06,2026-10-01T03:16:10,Divine Stone Set X 138,709980,97977377,138,,97014000
1707,2026-10-01T03:27:08,2026-10-01T03:16:10,Upgrade Core (Ultimate,456053,80265328,176,,78320000
1708,2026-10-01T03:43:05,2026-10-01T03:16:10,Upgrade Core (Ultimate,456040,6840600,15,,6675000
1709,2026-10-01T03:55:37,2026-10-01T03:16:10,Upgrade Core(Highest,120994,120994,1,,120994
1710,2026-10-01T04:15:56,2026-10-01T03:59:26,Force Core (Ultimate,320000,5120000,16,,5120000
1711,2026-10-01T04:24:18,2026-10-01T03:59:26,Upgrade Core (Ultimate,456007,24168371,53,,23400030
1712,2026-10-01T04:39:34,2026-10-01T03:59:26,Force Core (Ultimate,320000,15360000,48,,15360000
1713,2026-10-01T04:40:33,2026-10-01T03:59:26,Chaos Core Set X 144,736315,106029503,144,,105157440
1714,2026-10-01T04:40:46,2026-10-01T03:59:26,Chaos Core Set X 252,736315,185551631,252,,182190456
1715,2026-10-01T04:41:00,2026-10-01T03:59:26,Chaos Core Set,736314,125909864,171,,123623082
1716,2026-10-01T04:41:13,2026-10-01T03:59:26,Upgrade Core (Ultimate),455986,4559860,10,,4450000
1717,2026-10-01T04:41:27,2026-10-01T03:59:26,Upgrade Core (Ultimate),455985,62469945,137,,60965000
1718,2026-10-01T04:42:34,2026-10-01T03:59:26,Divine Stone Set X 156,703000,109668000,156,,109668000
1719,2026-10-01T04:43:45,2026-10-01T03:59:26,Divine Stone Set X 141,703000,99123000,141,,99123000
1720,2026-10-01T04:46:15,2026-10-01T03:59:26,Divine Stone Set X 165,703000,115995000,165,,115995000
1721,2026-10-01T04:48:10,2026-10-01T03:59:26,Chaos Core Set X 27,736312,19880450,27,,19819863
1722,2026-10-01T04:48:18,2026-10-01T03:59:26,Chaos Core Set X 132,736311,97193183,132,,96897108
1723,2026-10-01T04:53:55,2026-10-01T03:59:26,Chaos Core Set,736302,110445449,150,,108456150
1724,2026-10-01T05:03:11,2026-10-01T03:59:26,Divine Stone Set X 138,709981,97977515,138,,97014000
1725,2026-10-01T05:04:44,2026-10-01T03:59:26,Upgrade Core (Ultimate,455960,109430400,240,,106800000
1726,2026-10-01T05:06:57,2026-10-01T03:59:26,Divine Stone Set X 144,709980,102237263,144,,101232000
1727,2026-10-01T05:07:58,2026-10-01T03:59:26,Divine Stone Set X 144,709979,102237119,144,,101232000
1728,2026-10-01T05:09:17,2026-10-01T03:59:26,Divine Stone Set,709986,95848244,135,,94905000
1729,2026-10-01T05:10:44,2026-10-01T03:59:26,Upgrade Core (Ultimate,455953,20061932,44,,19580000
1730,2026-10-01T05:13:02,2026-10-01T03:59:26,Divine Stone Set,709986,115017893,162,,113886000
1731,2026-10-01T05:14:02,2026-10-01T03:59:26,Divine Stone Set,709985,104367941,147,,103341000
1732,2026-10-01T05:19:13,2026-10-01T03:59:26,Divine Stone Set,709985,104367941,147,,103341000
1733,2026-10-01T06:09:30,2026-10-01T03:59:26,Force Core(Highest,192035,40519385,211,,40229682
1734,2026-10-01T06:10:15,2026-10-01T03:59:26,Force Core(Highest,192034,26884760,140,,26692680
1735,2026-10-01T06:10:19,2026-10-01T03:59:26,Force Core(Highest,192033,576099,3,,571986
1736,2026-10-01T06:10:23,2026-10-01T03:59:26,Divine Stone Set X 141,709942,100101962,141,,99123000
1737,2026-10-01T06:11:25,2026-10-01T03:59:26,Divine Stone Set X 165,709941,117140429,165,,115995000
1738,2026-10-01T06:12:46,2026-10-01T03:59:26,Divine Stone Set X 156,709940,110750795,156,,109668000
1739,2026-10-01T06:16:25,2026-10-01T03:59:26,Force Core(Highest,192033,19203300,100,,19066200
1740,2026-10-01T06:17:39,2026-10-01T03:59:26,Chaos Core Set X 48,749344,35968559,48,,34701216
1741,2026-10-01T06:19:52,2026-10-01T03:59:26,Divine Stone Set X 156,709950,110752355,156,,109668000
1742,2026-10-01T06:20:57,2026-10-01T03:59:26,Divine Stone Set X 135,709949,95843249,135,,94905000
1743,2026-10-01T06:29:06,2026-10-01T03:59:26,Upgrade Core (Ultimate,456001,4560010,10,,4450000
1744,2026-10-01T06:35:23,2026-10-01T03:59:26,Upgrade Core (Ultimate,455998,18239920,40,,17800000
1745,2026-10-01T06:37:21,2026-10-01T03:59:26,Divine Stone Set X 153,709940,108620972,153,,107711847
1746,2026-10-01T06:38:29,2026-10-01T03:59:26,Divine Stone Set X 165,709939,117140099,165,,116159835
1747,2026-10-01T06:40:40,2026-10-01T03:59:26,Upgrade Core (Ultimate,455998,4559980,10,,4450000
1748,2026-10-01T06:43:25,2026-10-01T03:59:26,Chaos Core Set X 111,749314,83173964,111,,80273091
1749,2026-10-01T06:45:07,2026-10-01T03:59:26,Force Core(Highest,192017,5760510,30,,5719860
1750,2026-10-01T06:46:22,2026-10-01T03:59:26,Upgrade Core (Ultimate,455992,10943808,24,,10680000
1751,2026-10-01T06:49:09,2026-10-01T03:59:26,Upgrade Core (Ultimate,456003,8208054,18,,8010000
1752,2026-10-01T06:55:13,2026-10-01T03:59:26,Upgrade Core (Ultimate,456021,456021,1,,445000
1753,2026-10-01T07:01:08,2026-10-01T03:59:26,Force Core(Highest,192013,13248897,69,,13155678
1754,2026-10-01T07:02:43,2026-10-01T03:59:26,Chaos Core Set,749298,155104892,207,,153010053
1755,2026-10-01T07:10:58,2026-10-01T03:59:26,Upgrade Core (Ultimate,456015,13224435,29,,12905000
1756,2026-10-01T07:11:03,2026-10-01T03:59:26,Chaos Core Set,749291,159599195,213,,155201385
1757,2026-10-01T07:11:11,2026-10-01T03:59:26,Chaos Core Set,749289,49453139,66,,47557686
1758,2026-10-01T07:15:02,2026-10-01T03:59:26,Chaos Core Set,749291,186573707,249,,174300000
1759,2026-10-01T07:15:11,2026-10-01T03:59:26,Chaos Core Set,749290,103402157,138,,96647334
1760,2026-10-01T07:27:29,2026-10-01T03:59:26,Upgrade Core (Ultimate,456009,18240360,40,,17800000
1761,2026-10-01T07:40:49,2026-10-01T03:59:26,Chaos Core Set X 18,749261,13486715,18,,13376214
1762,2026-10-01T07:41:08,2026-10-01T03:59:26,Chaos Core Set X 18,749260,13486697,18,,13214592
1763,2026-10-01T07:46:00,2026-10-01T03:59:26,Divine Stone Set X 165,709900,117133664,165,,116159835
1764,2026-10-01T07:51:40,2026-10-01T03:59:26,Divine Stone Set,709898,115003637,162,,113886000
1765,2026-10-01T07:53:15,2026-10-01T03:59:26,Chaos Core Set X 129,749243,96652475,129,,92880000
1766,2026-10-01T07:59:36,2026-10-01T03:59:26,Chaos Core Set X 153,749237,114633413,153,,110208348
1767,2026-10-01T08:10:31,2026-10-01T03:59:26,Upgrade Core (Ultimate,455949,5471388,12,,5340000
1768,2026-10-01T08:10:57,2026-10-01T03:59:26,Chaos Core Set,749227,173071667,231,,170951088
1769,2026-10-01T08:12:30,2026-10-01T03:59:26,Chaos Core Set,749225,96650153,129,,95413431
1770,2026-10-01T08:35:55,2026-10-01T03:59:26,Divine Stone Set X 135,709872,95832854,135,,94905000
1771,2026-10-01T08:38:57,2026-10-01T03:59:26,Chaos Core Set X 147,749206,110133428,147,,106931769
1772,2026-10-01T09:12:18,2026-10-01T03:59:26,Chaos Core Set X 294,749148,220249805,294,,213150000
1773,2026-10-01T09:27:19,2026-10-01T09:22:10,Chaos Core Set X 228,749121,170799815,228,,163188492
1774,2026-10-01T09:28:24,2026-10-01T09:22:10,Chaos Core Set X 222,749120,166304861,222,,158894058
1775,2026-10-01T09:31:20,2026-10-01T09:22:10,Chaos Core Set X 172,749118,128848467,172,,123107108
1776,2026-10-01T09:35:28,2026-10-01T09:22:10,Chaos Core Set X 228,749117,170798903,228,,163188492
1777,2026-10-01T09:36:51,2026-10-01T09:22:10,Divine Stone Set X 135,709840,95828534,135,,94905000
1778,2026-10-01T09:38:55,2026-10-01T09:22:10,Divine Stone Set X 150,709839,106475999,150,,105450000
1779,2026-10-01T09:40:16,2026-10-01T09:22:10,Divine Stone Set X 165,709838,117123434,165,,115995000
1780,2026-10-01T09:42:16,2026-10-01T09:22:10,Upgrade Core (Ultimate,455879,54705480,120,,51818160
1781,2026-10-01T09:42:50,2026-10-01T09:22:10,Chaos Core Set X 333,749111,249454295,333,,238341087
1782,2026-10-01T09:43:27,2026-10-01T09:22:10,Chaos Core Set X 114,749110,85398653,114,,81594246
1783,2026-10-01T09:43:36,2026-10-01T09:22:10,Chaos Core Set,749108,186528140,249,,177409512
1784,2026-10-01T09:43:45,2026-10-01T09:22:10,Chaos Core Set,749106,222484778,297,,211936824
1785,2026-10-01T09:52:01,2026-10-01T09:22:10,Chaos Core Set X 48,749097,35956703,48,,34355472
1786,2026-10-01T09:55:09,2026-10-01T09:22:10,Chaos Core Set X 18,749095,13483727,18,,12883302
1787,2026-10-01T09:55:28,2026-10-01T09:22:10,Chaos Core Set X 34,749094,25469229,34,,24704604
1788,2026-10-01T09:58:44,2026-10-01T09:57:37,Force Core(Highest,191901,8059842,42,,8005830
1789,2026-10-01T10:05:01,2026-10-01T09:59:47,Divine Stone Set X 165,709840,117123764,165,,115995000
1790,2026-10-01T10:07:37,2026-10-01T09:59:47,Divine Stone Set X 156,709839,110735039,156,,109668000
1791,2026-10-01T10:08:42,2026-10-01T09:59:47,Divine Stone Set X 153,709838,108605366,153,,107559000
1792,2026-10-01T10:10:38,2026-10-01T09:59:47,Force Core(Highest,191901,1727109,9,,1703070
1793,2026-10-01T10:14:13,2026-10-01T09:59:47,Divine Stone Set,709923,100099283,141,,98700000
1794,2026-10-01T10:15:29,2026-10-01T09:59:47,Divine Stone Set,709922,106488449,150,,105261000
1795,2026-10-01T10:16:28,2026-10-01T09:59:47,Divine Stone Set,709921,106488299,150,,105450000
1796,2026-10-01T10:25:57,2026-10-01T09:59:47,Chaos Core Set X 156,774683,120850703,156,,115650756
1797,2026-10-01T10:26:06,2026-10-01T09:59:47,Chaos Core Set X 273,774682,211488458,273,,201088797
1798,2026-10-01T10:29:06,2026-10-01T09:59:47,Chaos Core Set X 246,774683,190572263,246,,177843732
1799,2026-10-01T10:31:17,2026-10-01T09:59:47,Force Core(High,165000,24750000,150,,24022500
1800,2026-10-01T10:36:26,2026-10-01T09:59:47,Upgrade Core (Ultimate,455835,22791750,50,,21590900
1801,2026-10-01T10:38:26,2026-10-01T09:59:47,Force Core(High,165000,1650000,10,,1601500
1802,2026-10-01T10:47:02,2026-10-01T09:59:47,Chaos Core Set X 333,774668,257964776,333,,246420000
1803,2026-10-01T10:48:30,2026-10-01T09:59:47,Divine Stone Set X 153,709942,108621278,153,,107406000
1804,2026-10-01T10:50:11,2026-10-01T09:59:47,Divine Stone Set X 159,709940,112880618,159,,111618000
1805,2026-10-01T10:54:28,2026-10-01T09:59:47,Force Core(Highest,186990,1682910,9,,1703070
1806,2026-10-01T11:28:31,2026-10-01T09:59:47,Chaos Core Set X 18,729999,13139999,18,,13061970
1807,2026-10-01T11:30:53,2026-10-01T09:59:47,Upgrade Core (Ultimate,455766,22788300,50,,21590900
1808,2026-10-01T11:31:05,2026-10-01T09:59:47,Upgrade Core (Ultimate,455765,3190355,7,,3022726
1809,2026-10-01T11:31:09,2026-10-01T09:59:47,Upgrade Core (Ultimate,455764,5924932,13,,5613634
1810,2026-10-01T11:35:57,2026-10-01T09:59:47,Chaos Core Set X 3,729999,2189999,3,,2168826
1811,2026-10-01T11:36:06,2026-10-01T09:59:47,Chaos Core Set,729999,26279999,36,,26055180
1812,2026-10-01T11:37:46,2026-10-01T09:59:47,Force Core(Highest,186996,186996,1,,189230
1813,2026-10-01T11:51:02,2026-10-01T09:59:47,Upgrade Core (Ultimate,455741,67449668,148,,63909064
1814,2026-10-01T11:56:55,2026-10-01T09:59:47,Divine Stone Set X 144,709877,102222431,144,,101088000
1815,2026-10-01T11:59:40,2026-10-01T09:59:47,Divine Stone Set X 159,709876,112870442,159,,111777000
1816,2026-10-01T12:01:52,2026-10-01T09:59:47,Chaos Core Set,774661,20915873,27,,20054628
1817,2026-10-01T12:02:08,2026-10-01T09:59:47,Chaos Core Set,774660,167326775,216,,156042288
1818,2026-10-01T12:25:06,2026-10-01T09:59:47,Chaos Core Set X 42,789993,33179747,42,,30420558
1819,2026-10-01T12:28:44,2026-10-01T09:59:47,Upgrade Core (Ultimate,455700,25063500,55,,23749990
1820,2026-10-01T12:35:26,2026-10-01T09:59:47,Upgrade Core (Ultimate,455697,91139400,200,,86362800
1821,2026-10-01T12:36:04,2026-10-01T09:59:47,Upgrade Core (Ultimate),455697,113924250,250,,107953750
1822,2026-10-01T12:40:25,2026-10-01T09:59:47,Chaos Core Set X 87,789981,68728433,87,,64305528
1823,2026-10-01T12:47:42,2026-10-01T09:59:47,Divine Stone Set X 153,709852,108607508,153,,107100000
1824,2026-10-01T12:56:40,2026-10-01T09:59:47,Divine Stone Set X 144,709848,102218255,144,,101232000
1825,2026-10-01T12:56:49,2026-10-01T09:59:47,Divine Stone Set X 153,709847,108606743,153,,107100000
1826,2026-10-01T12:59:45,2026-10-01T09:59:47,Force Core(High,165000,9900000,60,,9609000
1827,2026-10-01T13:05:13,2026-10-01T09:59:47,Force Core(High,165000,4950000,30,,4804500
1828,2026-10-01T13:05:25,2026-10-01T09:59:47,Force Core(High,165000,1650000,10,,1601500
1829,2026-10-01T13:06:22,2026-10-01T09:59:47,Chaos Core Set X 252,789937,199064375,252,,185973228
1830,2026-10-01T13:07:12,2026-10-01T09:59:47,Chaos Core Set X 234,789934,184844789,234,,172279224
1831,2026-10-01T13:16:59,2026-10-01T09:59:47,Force Core(High,165000,660000,4,,640600
1832,2026-10-01T13:18:22,2026-10-01T09:59:47,Force Core(High),165000,4950000,30,,4784160
1833,2026-10-01T13:19:56,2026-10-01T09:59:47,Upgrade Core (Ultimate,455647,3189529,7,,3022726
1834,2026-10-01T13:25:10,2026-10-01T09:59:47,Force Core(High,165000,2640000,16,,2551552
1835,2026-10-01T13:29:15,2026-10-01T09:59:47,Chaos Core Set X 213,789908,168250616,213,,157620000
1836,2026-10-01T13:29:29,2026-10-01T09:59:47,Chaos Core Set X 147,789907,116116475,147,,108613155
1837,2026-10-01T13:34:52,2026-10-01T09:59:47,Chaos Core Set,789902,151661375,192,,139775808
1838,2026-10-01T13:35:35,2026-10-01T09:59:47,Chaos Core Set X 120,789900,94788119,120,,88685640
1839,2026-10-01T13:36:00,2026-10-01T09:59:47,Force Core(High,165000,15510000,94,,14990368
1840,2026-10-01T13:38:34,2026-10-01T09:59:47,Force Core(High,165000,990000,6,,960900
1841,2026-10-01T13:38:50,2026-10-01T09:59:47,Force Core(High,165000,330000,2,,320300
1842,2026-10-01T13:39:13,2026-10-01T09:59:47,Chaos Core Set X 18,789896,14218145,18,,13018014
1843,2026-10-01T13:39:53,2026-10-01T09:59:47,Chaos Core Set X 36,789895,28436255,36,,26441640
1844,2026-10-01T13:40:06,2026-10-01T09:59:47,Chaos Core Set X 174,789894,137441729,174,,126933348
1845,2026-10-01T13:40:27,2026-10-01T09:59:47,Chaos Core Set X 93,789893,73460141,93,,67825086
1846,2026-10-01T13:41:23,2026-10-01T09:59:47,Force Core(High),165000,33000000,200,,31914800
1847,2026-10-01T14:10:54,2026-10-01T09:59:47,Force Core(High,165000,1320000,8,,1276592
1848,2026-10-01T15:54:57,2026-10-01T15:52:06,Upgrade Core (Ultimate,455588,455588,1,,431817
1849,2026-10-01T15:55:01,2026-10-01T15:52:06,Upgrade Core (Ultimate,455587,455587,1,,431817
1850,2026-10-01T15:55:05,2026-10-01T15:52:06,Upgrade Core (Ultimate,455586,455586,1,,431817
1851,2026-10-01T15:55:50,2026-10-01T15:52:06,Chaos Core Set X 129,789679,101868719,129,,90300258
1852,2026-10-01T15:55:59,2026-10-01T15:52:06,Divine Stone Set X 138,709849,97959299,138,,98808000
1853,2026-10-01T15:56:08,2026-10-01T15:52:06,Divine Stone Set X 45,709847,31943159,45,,32220000
1854,2026-10-01T15:56:17,2026-10-01T15:52:06,Chaos Core Set X 102,789677,80547155,102,,71400204
1855,2026-10-01T15:56:26,2026-10-01T15:52:06,Chaos Core Set X 249,789676,196629572,249,,174300498
1856,2026-10-01T16:08:56,2026-10-01T15:52:06,Force Core(High,165000,18150000,110,,17616500
1857,2026-10-01T16:24:29,2026-10-01T16:23:34,Force Core(High,165000,1650000,10,,1601500
1858,2026-10-01T16:24:37,2026-10-01T16:23:34,Chaos Core Set X 108,789628,85279931,108,,75600216
1859,2026-10-01T16:30:22,2026-10-01T16:25:25,Force Core(High,165000,165000,1,,150150
1860,2026-10-01T16:32:49,2026-10-01T16:25:25,Force Core(High,165000,165000,1,,150150
1861,2026-10-01T17:00:36,2026-10-01T16:25:25,Force Core(High,165000,4950000,30,,4504500
1862,2026-10-01T17:05:56,2026-10-01T16:25:25,Chaos Core Set X 100,789582,78958299,100,,75900000
1863,2026-10-01T17:06:16,2026-10-01T16:25:25,Force Core(High,165000,16500000,100,,15015000
1864,2026-10-01T17:06:31,2026-10-01T16:25:25,Chaos Core Set X 165,789581,130281029,165,,125235000
1865,2026-10-01T17:07:58,2026-10-01T16:25:25,Chaos Core Set X 18,789579,14212439,18,,13662000
1866,2026-10-01T17:08:25,2026-10-01T16:25:25,Force Core(High,165000,1485000,9,,1351350
1867,2026-10-01T17:08:29,2026-10-01T16:25:25,Force Core(High,165000,165000,1,,150150
1868,2026-10-01T17:24:17,2026-10-01T17:12:53,Upgrade Core (Ultimate,455913,9118260,20,,8421040
1869,2026-10-01T17:47:36,2026-10-01T17:12:53,Force Core(High,165000,1320000,8,,1258184
1870,2026-10-01T18:41:53,2026-10-01T18:36:44,Chaos Core Set X 24,789533,18948815,24,,17452536
1871,2026-10-01T18:42:13,2026-10-01T18:36:44,Chaos Core Set X 69,789532,54477776,69,,50176041
1872,2026-10-01T18:42:32,2026-10-01T18:36:44,Force Core(High,165000,165000,1,,160160
1873,2026-10-01T19:34:33,2026-10-01T18:36:44,Upgrade Core (Ultimate,455721,4101489,9,,3886353
1874,2026-10-01T22:42:08,2026-10-01T22:40:59,Force Core(Highest,180180,180180,1,,190268
1875,2026-10-01T22:42:12,2026-10-01T22:40:59,Force Core(Highest,180180,180180,1,,190268
1876,2026-10-01T22:42:16,2026-10-01T22:40:59,Force Core(Highest,180180,180180,1,,190268
1877,2026-10-01T22:42:25,2026-10-01T22:40:59,Chaos Core,710000,710000,1,,788956
1878,2026-10-01T22:48:45,2026-10-01T22:43:06,Force Core(High,165000,6600000,40,,6380800
1879,2026-10-02T00:42:11,2026-10-02T00:37:05,Upgrade Core (Ultimate),455548,8655412,19,,8204542
1880,2026-10-02T00:43:09,2026-10-02T00:37:05,Force Core(High,165000,3300000,20,,3190400
1881,2026-10-02T00:47:13,2026-10-02T00:37:05,Force Core(High,165000,6600000,40,,6380800
1882,2026-10-02T00:55:12,2026-10-02T00:37:05,Force Core(High,165000,4950000,30,,4785600
1883,2026-10-02T00:58:58,2026-10-02T00:37:05,Chaos Core Set X 114,776910,88567853,114,,84043764
1884,2026-10-02T01:09:59,2026-10-02T00:37:05,Chaos Core Set X 339,776876,263361302,339,,249919614
1885,2026-10-02T01:11:25,2026-10-02T00:37:05,Chaos Core Set X 294,776866,228398897,294,,216744444
1886,2026-10-02T01:12:16,2026-10-02T00:37:05,Chaos Core Set X 339,776865,263357573,339,,249919614
1887,2026-10-02T01:13:49,2026-10-02T00:37:05,Chaos Core Set X 339,776858,263355200,339,,249919614
1888,2026-10-02T01:17:41,2026-10-02T00:37:05,Chaos Core Set X 291,776845,226062185,291,,214532766
1889,2026-10-02T01:17:50,2026-10-02T00:37:05,Chaos Core Set X 183,776844,142162634,183,,134912358
1890,2026-10-02T01:36:47,2026-10-02T00:37:05,Force Core(High,165000,3300000,20,,3190400
1891,2026-10-02T01:37:12,2026-10-02T00:37:05,Chaos Core Set X 465,776778,361202234,465,,342810090
