relaunched (pid 4100),00:34:49,alive
server lag: not answering,00:55:09,alive
server lag: the server stalled,00:56:13,alive
supervisor cancelled with Ctrl x4,02:27:33,dead
no run alive; 2026-09-15_003446_run.log ended: interrupted from the keyboard,02:39:08,dead
relaunched (pid 6328),02:39:36,alive
server lag: not answering,02:53:17,alive
server lag: the server stalled,02:54:20,alive
server lag: not answering,03:28:55,alive
server lag: the server stalled,03:29:58,alive
disconnected (run still up),03:30:00,alive
disconnected 7s on; killing pid 6328,03:30:07,dead
tab 4 slot (1,1) is still empty 8s after the withdrawal. Nothing listed.,03:30:07,dead
recovered: back in the world,03:31:05,dead
finished: list 1 1 0 4 Force Core(High) (Force Core(High)); 0 slot(s) left,03:33:05,dead
relaunched (pid 16328),03:33:18,alive
server lag: not answering,03:35:26,alive
server lag: the server stalled,03:36:29,alive
server lag: not answering,04:12:53,alive
server lag: the server stalled,04:13:58,alive
server lag: the server stalled,04:14:18,alive
server lag: not answering,04:35:40,alive
server lag: the server stalled,04:36:44,alive
server lag: not answering,05:46:38,alive
server lag: the server stalled,05:47:22,alive
server lag: the server stalled,05:47:43,alive
war window, log quiet 154s,06:31:10,alive
supervisor cancelled with Ctrl x4,07:46:53,dead
no run alive; 2026-09-15_033314_run.log ended: interrupted from the keyboard,08:21:17,dead
relaunched (pid 1708),08:21:46,alive
server lag: not answering,08:22:30,alive
server lag: the server stalled,08:23:34,alive
the shop slot already holds something the panel prices at 411,013; row 13 has NOT been cancelled. Clear the slot first.,09:15:48,dead
relaunched (pid 9456),09:16:10,alive
war window, log quiet 163s,09:32:04,alive
server lag: not answering,09:42:36,alive
server lag: the server stalled,09:43:39,alive
stop condition: the dialog stayed open after Confirmation on row 5. Whether the cancel committed is unknown -- check by hand.,09:46:49,dead
the dialog stayed open after Confirmation on row 5. Whether the cancel committed is unknown -- check by hand.,09:46:51,dead
the server took the run down: the dialog stayed open after Confirmation on row 5. Whether the cancel committed is unknown -- check by hand.; not counted as a short run,09:46:51,dead
relaunched (pid 8900),09:48:03,alive
stop condition: the dialog stayed open after Confirmation on row 5. Whether the cancel committed is unknown -- check by hand.,09:54:03,dead
the dialog stayed open after Confirmation on row 5. Whether the cancel committed is unknown -- check by hand.,09:54:03,dead
the server took the run down: the dialog stayed open after Confirmation on row 5. Whether the cancel committed is unknown -- check by hand.; not counted as a short run,09:54:03,dead
relaunched (pid 11900),09:55:14,alive
stop condition: the dialog stayed open after Confirmation on row 5. Whether the cancel committed is unknown -- check by hand.,09:59:51,dead
the dialog stayed open after Confirmation on row 5. Whether the cancel committed is unknown -- check by hand.,09:59:51,dead
the server took the run down: the dialog stayed open after Confirmation on row 5. Whether the cancel committed is unknown -- check by hand.; not counted as a short run,09:59:51,dead
relaunched (pid 9032),10:01:03,alive
stop condition: the dialog stayed open after Confirmation on row 5. Whether the cancel committed is unknown -- check by hand.,10:05:16,dead
the dialog stayed open after Confirmation on row 5. Whether the cancel committed is unknown -- check by hand.,10:05:19,dead
the server took the run down: the dialog stayed open after Confirmation on row 5. Whether the cancel committed is unknown -- check by hand.; not counted as a short run,10:05:19,dead
relaunched (pid 2840),10:06:30,alive
stop condition: the dialog stayed open after Confirmation on row 5. Whether the cancel committed is unknown -- check by hand.,10:11:06,dead
the dialog stayed open after Confirmation on row 5. Whether the cancel committed is unknown -- check by hand.,10:11:06,dead
the server took the run down: the dialog stayed open after Confirmation on row 5. Whether the cancel committed is unknown -- check by hand.; not counted as a short run,10:11:06,dead
relaunched (pid 15512),10:12:18,alive
stop condition: the dialog stayed open after Confirmation on row 5. Whether the cancel committed is unknown -- check by hand.,10:15:50,dead
the dialog stayed open after Confirmation on row 5. Whether the cancel committed is unknown -- check by hand.,10:15:51,dead
the server took the run down: the dialog stayed open after Confirmation on row 5. Whether the cancel committed is unknown -- check by hand.; not counted as a short run,10:15:51,dead
relaunched (pid 9896),10:17:02,alive
stop condition: the dialog stayed open after Confirmation on row 5. Whether the cancel committed is unknown -- check by hand.,10:22:19,dead
the dialog stayed open after Confirmation on row 5. Whether the cancel committed is unknown -- check by hand.,10:22:21,dead
the server took the run down: the dialog stayed open after Confirmation on row 5. Whether the cancel committed is unknown -- check by hand.; not counted as a short run,10:22:21,dead
relaunched (pid 10460),10:23:33,alive
server lag: not answering,10:24:38,alive
server lag: the server stalled,10:25:42,alive
stop condition: the dialog stayed open after Confirmation on row 5. Whether the cancel committed is unknown -- check by hand.,10:28:51,dead
the dialog stayed open after Confirmation on row 5. Whether the cancel committed is unknown -- check by hand.,10:28:53,dead
the server took the run down: the dialog stayed open after Confirmation on row 5. Whether the cancel committed is unknown -- check by hand.; not counted as a short run,10:28:53,dead
relaunched (pid 15936),10:30:05,alive
stop condition: the dialog stayed open after Confirmation on row 5. Whether the cancel committed is unknown -- check by hand.,10:33:38,dead
the dialog stayed open after Confirmation on row 5. Whether the cancel committed is unknown -- check by hand.,10:33:38,dead
the server took the run down: the dialog stayed open after Confirmation on row 5. Whether the cancel committed is unknown -- check by hand.; not counted as a short run,10:33:38,dead
relaunched (pid 2752),10:34:50,alive
stop condition: the dialog stayed open after Confirmation on row 5. Whether the cancel committed is unknown -- check by hand.,10:38:22,dead
the dialog stayed open after Confirmation on row 5. Whether the cancel committed is unknown -- check by hand.,10:38:23,dead
the server took the run down: the dialog stayed open after Confirmation on row 5. Whether the cancel committed is unknown -- check by hand.; not counted as a short run,10:38:23,dead
relaunched (pid 9580),10:39:35,alive
stop condition: the dialog stayed open after Confirmation on row 5. Whether the cancel committed is unknown -- check by hand.,10:43:07,dead
the dialog stayed open after Confirmation on row 5. Whether the cancel committed is unknown -- check by hand.,10:43:08,dead
the server took the run down: the dialog stayed open after Confirmation on row 5. Whether the cancel committed is unknown -- check by hand.; not counted as a short run,10:43:08,dead
relaunched (pid 4816),10:44:20,alive
stop condition: the dialog stayed open after Confirmation on row 5. Whether the cancel committed is unknown -- check by hand.,10:47:52,dead
the dialog stayed open after Confirmation on row 5. Whether the cancel committed is unknown -- check by hand.,10:47:53,dead
the server took the run down: the dialog stayed open after Confirmation on row 5. Whether the cancel committed is unknown -- check by hand.; not counted as a short run,10:47:53,dead
relaunched (pid 12628),10:49:05,alive
supervisor cancelled with Ctrl x4,10:52:15,dead
no run alive; 2026-09-15_104901_run.log ended: interrupted from the keyboard,10:55:47,dead
relaunched (pid 16088),10:56:17,alive
stop condition: the dialog stayed open after Confirmation on row 5. Whether the cancel committed is unknown -- check by hand.,10:59:46,dead
the dialog stayed open after Confirmation on row 5. Whether the cancel committed is unknown -- check by hand.,10:59:46,dead
the server took the run down: the dialog stayed open after Confirmation on row 5. Whether the cancel committed is unknown -- check by hand.; not counted as a short run,10:59:46,dead
relaunched (pid 16368),11:00:54,alive
stop condition: the dialog stayed open after Confirmation on row 5. Whether the cancel committed is unknown -- check by hand.,11:04:22,dead
the dialog stayed open after Confirmation on row 5. Whether the cancel committed is unknown -- check by hand.,11:04:23,dead
the server took the run down: the dialog stayed open after Confirmation on row 5. Whether the cancel committed is unknown -- check by hand.; not counted as a short run,11:04:23,dead
relaunched (pid 15480),11:05:29,alive
server lag: not answering,11:13:07,alive
server lag: the server stalled,11:14:10,alive
war window, log quiet 169s,12:33:58,alive
supervisor cancelled with Ctrl x4,14:02:23,dead
no run alive; 2026-09-15_110525_run.log ended: interrupted from the keyboard,14:06:25,dead
relaunched (pid 17088),14:06:46,alive
supervisor cancelled with Ctrl x4,14:16:47,dead
no run alive; 2026-09-15_140642_run.log ended: interrupted from the keyboard,15:25:32,dead
relaunched (pid 11992),15:26:02,alive
war window, log quiet 167s,15:31:00,alive
server lag: not answering,17:02:14,alive
server lag: the server stalled,17:03:19,alive
server lag: not answering,17:28:10,alive
server lag: the server stalled,17:28:54,alive
server lag: not answering,17:29:15,alive
server lag: the server stalled,17:30:18,alive
server lag: the server stalled,17:30:41,alive
supervisor cancelled with Ctrl x4,17:48:36,dead
no run alive; 2026-09-15_152558_run.log ended: interrupted from the keyboard,17:55:52,dead
relaunched (pid 14520),17:56:16,alive
supervisor cancelled with Ctrl x4,17:59:03,dead
no run alive; 2026-09-15_175612_run.log ended: interrupted from the keyboard,18:06:17,dead
finished: list 1 1 0 4 Force Core (Ultimate) (Force Core (Ultimate)); 0 slot(s) left,18:08:14,dead
relaunched (pid 13168),18:08:28,alive
supervisor cancelled with Ctrl x4,18:30:32,dead
no run alive; 2026-09-15_180825_run.log ended: interrupted from the keyboard,18:33:20,dead
relaunched (pid 8664),18:33:47,alive
server lag: not answering,19:12:13,alive
server lag: the server stalled,19:13:17,alive
supervisor cancelled with Ctrl x4,19:34:58,dead
no run alive; 2026-09-15_183343_run.log ended: interrupted from the keyboard,19:39:31,dead
relaunched (pid 17088),19:39:57,alive
supervisor cancelled with Ctrl x4,20:11:10,dead
attached (pid 17088),20:11:12,alive
interrupted from the keyboard,20:11:35,dead
supervisor stopped: cancelled with Ctrl x4,20:11:35,dead
no run alive; 2026-09-15_193954_run.log ended: interrupted from the keyboard,20:34:55,dead
relaunched (pid 11744),20:35:23,alive
stop condition: the dialog stayed open after Confirmation on row 2. Whether the cancel committed is unknown -- check by hand.,20:40:19,dead
the dialog stayed open after Confirmation on row 2. Whether the cancel committed is unknown -- check by hand.,20:40:19,dead
the server took the run down: the dialog stayed open after Confirmation on row 2. Whether the cancel committed is unknown -- check by hand.; not counted as a short run,20:40:19,dead
supervisor cancelled with Ctrl x4,20:41:02,dead
no run alive; 2026-09-15_203519_run.log ended: the dialog stayed open after Confirmation on row 2. Whether the cancel committed is unknown -- check by hand.,00:34:35,dead
relaunched (pid 8680),00:35:07,alive
server lag: not answering,00:44:40,alive
server lag: the server stalled,00:45:43,alive
supervisor cancelled with Ctrl x4,02:23:07,dead
no run alive; 2026-09-16_003503_run.log ended: interrupted from the keyboard,02:41:58,dead
relaunched (pid 1876),02:42:28,alive
server lag: not answering,03:22:45,alive
server lag: the server stalled,03:23:50,alive
war window, log quiet 156s,03:32:17,alive
server lag: not answering,04:59:07,alive
server lag: the server stalled,04:59:52,alive
server lag: the server stalled,05:00:12,alive
server lag: not answering,05:09:40,alive
server lag: the server stalled,05:10:43,alive
server lag: not answering,05:25:25,alive
server lag: the server stalled,05:26:28,alive
server lag: not answering,06:28:10,alive
disconnected (run still up),06:28:32,alive
disconnected 7s on; killing pid 1876,06:28:39,dead
ended without a reason line,06:28:40,dead
recovered: back in the world,06:29:39,dead
tab 4 slot (1,1) has no tooltip name; listing it at the panel's price and the full quantity,06:41:08,dead
finished: list 1 1 0 4 (whatever is there); 0 slot(s) left,06:42:43,dead
relaunched (pid 19572),06:42:57,alive
supervisor cancelled with Ctrl x4,07:19:47,dead
no run alive; 2026-09-16_064253_run.log ended: interrupted from the keyboard,07:50:44,dead
relaunched (pid 10608),07:51:21,alive
server lag: not answering,07:52:07,alive
server lag: the server stalled,07:53:12,alive
server lag: not answering,07:54:20,alive
server lag: the server stalled,07:55:26,alive
RuntimeError: no Receive button appeared in (900, 562, 1275, 744) within 8.0s after Receive on row 1; that band reads ['..', '106,410,506', '23°', '<',07:56:30,dead
supervisor cancelled with Ctrl x4,07:56:36,dead
no run alive; 2026-09-16_075117_run.log ended: RuntimeError: no Receive button appeared in (900, 562, 1275, 744) within 8.0s after Receive on row 1; that band reads ['..', '106,410,506', '23°', '<',08:14:17,dead
relaunched (pid 10476),08:14:45,alive
server lag: not answering,08:16:54,alive
server lag: the server stalled,08:17:57,alive
disconnected (run still up),08:50:32,alive
disconnected 7s on; killing pid 10476,08:50:39,dead
RuntimeError: pressed I 2 times; the Inventory panel is not open where calibration.json says it is.,08:50:39,dead
recovered: back in the world,08:51:24,dead
finished: craft chaos (Chaos Core); 0 slot(s) left,08:57:36,dead
relaunched (pid 19068),08:57:49,alive
war window, log quiet 173s,09:34:02,alive
stop condition: the dialog stayed open after Confirmation on row 3. Whether the cancel committed is unknown -- check by hand.,10:27:19,dead
the dialog stayed open after Confirmation on row 3. Whether the cancel committed is unknown -- check by hand.,10:27:21,dead
the server took the run down: the dialog stayed open after Confirmation on row 3. Whether the cancel committed is unknown -- check by hand.; not counted as a short run,10:27:21,dead
relaunched (pid 18664),10:28:40,alive
stop condition: the dialog stayed open after Confirmation on row 3. Whether the cancel committed is unknown -- check by hand.,10:32:33,dead
the dialog stayed open after Confirmation on row 3. Whether the cancel committed is unknown -- check by hand.,10:32:33,dead
the server took the run down: the dialog stayed open after Confirmation on row 3. Whether the cancel committed is unknown -- check by hand.; not counted as a short run,10:32:33,dead
relaunched (pid 17772),10:33:52,alive
stop condition: nothing loaded into the shop slot from (1,2) after 3 ctrl-click(s). Nothing has been listed.,10:37:25,dead
nothing loaded into the shop slot from (1,2) after 3 ctrl-click(s). Nothing has been listed.,10:37:25,dead
recovery attempt 1 failed: driver.py craft chaos exited 1: RuntimeError: found 0 row button(s) in the Register button column (787, 145, 922, 694); need at least two to measure t; attempt 2 in 60s,10:42:24,dead
collect failed: driver.py collect exited 1: RuntimeError: found 0 row button(s) in the Register button column (787, 145, 922, 694); need at least two to measure the r; carrying on,10:44:29,dead
recovery attempt 2 failed: driver.py craft chaos exited 1: RuntimeError: found 0 row button(s) in the Register button column (787, 145, 922, 694); need at least two to measure t; attempt 3 in 60s,10:45:16,dead
collect failed: driver.py collect exited 1: RuntimeError: found 0 row button(s) in the Register button column (787, 145, 922, 694); need at least two to measure the r; carrying on,10:47:21,dead
supervisor stopped: driver.py craft chaos exited 1: RuntimeError: found 0 row button(s) in the Register button column (787, 145, 922, 694); need at least two to measure the row pitch.,10:48:08,dead
no run alive; 2026-09-16_103348_run.log ended: nothing loaded into the shop slot from (1,2) after 3 ctrl-click(s). Nothing has been listed.,11:25:48,dead
finished: craft chaos (Chaos Core); 7 slot(s) left,11:31:17,dead
recovery attempt 1 failed: driver.py list 1 2 0 4 Force Core(Highest) exited 1: RuntimeError: the Agent Shop would not close, and the vendor will not open on top of it. Nothing ; attempt 2 in 60s,11:32:36,dead
recovery attempt 2 failed: driver.py craft chaos exited 1: NotReady: nothing loaded into the shop slot from (1,1) after 3 ctrl-click(s). Nothing has been listed. Tab 4 slot (1, ; attempt 3 in 60s,11:40:13,dead
supervisor stopped: driver.py craft chaos exited 1: NotReady: nothing loaded into the shop slot from (1,1) after 3 ctrl-click(s). Nothing has been listed. Tab 4 slot (1, 1) is left to the Chaos Core Set,11:46:46,dead
no run alive; 2026-09-16_103348_run.log ended: nothing loaded into the shop slot from (1,2) after 3 ctrl-click(s). Nothing has been listed.,12:14:42,dead
relaunched (pid 17676),12:15:08,alive
war window, log quiet 164s,12:33:30,alive
supervisor cancelled with Ctrl x4,14:05:21,dead
no run alive; 2026-09-16_121505_run.log ended: interrupted from the keyboard,15:39:24,dead
relaunched (pid 7540),15:39:53,alive
server lag: not answering,17:45:45,alive
server lag: the server stalled,17:46:49,alive
server lag: the server stalled,17:47:12,alive
supervisor cancelled with Ctrl x4,17:59:47,dead
no run alive; 2026-09-16_153949_run.log ended: interrupted from the keyboard,18:37:55,dead
relaunched (pid 8320),18:38:24,alive
server lag: not answering,18:40:32,alive
server lag: the server stalled,18:41:35,alive
server lag: the server stalled,18:41:58,alive
supervisor cancelled with Ctrl x4,19:02:16,dead
no run alive; 2026-09-16_183820_run.log ended: interrupted from the keyboard,19:30:54,dead
relaunched (pid 9208),19:31:26,alive
server lag: not answering,19:48:36,alive
server lag: the server stalled,19:49:17,alive
server lag: the server stalled,19:49:41,alive
server lag: not answering,19:57:42,alive
server lag: the server stalled,19:58:46,alive
war window, log quiet 166s,21:33:37,alive
supervisor cancelled with Ctrl x4,22:07:53,dead
no run alive; 2026-09-16_193122_run.log ended: interrupted from the keyboard,00:47:18,dead
relaunched (pid 11960),00:47:49,alive
RuntimeError: the Agent Shop would not reopen after the vendor. calibration.json is written.,00:49:16,dead
relaunched (pid 2672),00:49:46,alive
supervisor cancelled with Ctrl x4,02:28:06,dead
no run alive; 2026-09-17_004942_run.log ended: interrupted from the keyboard,02:42:00,dead
relaunched (pid 16216),02:42:31,alive
server lag: not answering,03:17:50,alive
server lag: the server stalled,03:18:53,alive
war window, log quiet 151s,03:32:13,alive
war window, log quiet 170s,06:31:13,alive
supervisor cancelled with Ctrl x4,06:56:08,dead
no run alive; 2026-09-17_024227_run.log ended: interrupted from the keyboard,08:14:33,dead
relaunched (pid 19516),08:15:04,alive
server lag: not answering,08:28:44,dead
stop condition: the panel still holds the item, priced 107,249,249, 8s after Confirmation and 26s of the server not answering; the registration did not go through. No,08:28:44,dead
disconnected (run still up),08:28:46,alive
disconnected 7s on; killing pid 19516,08:28:53,dead
the panel still holds the item, priced 107,249,249, 8s after Confirmation and 26s of the server not answering; the registration did not go through. No,08:28:53,dead
recovery attempt 1 failed: recovery refused: Refused: the server refused the login 6 times; it is not taking connections. Nothing more to try now.; attempt 2 in 60s,08:33:16,dead
recovery attempt 2 failed: could not bring the game to the foreground; nothing read, nothing sent; attempt 3 in 60s,08:34:17,dead
supervisor stopped: could not bring the game to the foreground; nothing read, nothing sent,08:35:18,dead
no run alive; 2026-09-17_081501_run.log ended: the panel still holds the item, priced 107,249,249, 8s after Confirmation and 26s of the server not answering; the registration did not go through. No,12:01:56,dead
recovery attempt 1 failed: nothing recognisable on screen: disconnect=None, failed=None, login=None, select=None, alz=False, trade=False, vendor=False, craft=False, buttons=[], ; attempt 2 in 60s,12:02:24,dead
tab 4 slot (1,1) has no tooltip name; listing it at the panel's price and the full quantity,12:17:20,dead
finished: list 1 1 0 4 (whatever is there); 0 slot(s) left,12:18:52,dead
relaunched (pid 19528),12:19:05,alive
stop condition: the panel will not price 121,159,924 against its net sales after typing 250. Nothing has been listed.,12:27:10,dead
the panel will not price 121,159,924 against its net sales after typing 250. Nothing has been listed.,12:27:11,dead
tab 4 slot (1,1) has no tooltip name; listing it at the panel's price and the full quantity,12:35:37,dead
finished: list 1 1 0 4 (whatever is there); 0 slot(s) left,12:37:10,dead
relaunched (pid 8844),12:37:23,alive
server lag: not answering,13:28:53,alive
server lag: the server stalled,13:29:57,alive
server lag: the server stalled,13:30:19,alive
supervisor cancelled with Ctrl x4,14:00:48,dead
no run alive; 2026-09-17_123719_run.log ended: interrupted from the keyboard,14:36:41,dead
relaunched (pid 15572),14:37:12,alive
war window, log quiet 166s,15:33:46,alive
server lag: not answering,15:54:53,alive
server lag: the server stalled,15:55:58,alive
supervisor cancelled with Ctrl x4,16:24:49,dead
no run alive; 2026-09-17_143708_run.log ended: interrupted from the keyboard,18:43:06,dead
relaunched (pid 9776),18:43:37,alive
supervisor cancelled with Ctrl x4,19:44:55,dead
no run alive; 2026-09-17_184333_run.log ended: interrupted from the keyboard,19:48:20,dead
relaunched (pid 18780),19:48:51,alive
row 1 should hold 'Yekaterina VIP Membership' but position 1 reads 'Force Core(High) 48 111,000,000 OnSale Change' on one line, and 'Force Core(High) ,19:57:19,dead
relaunched (pid 20324),19:57:45,alive
server lag: not answering,20:36:18,alive
server lag: the server stalled,20:37:22,alive
supervisor cancelled with Ctrl x4,20:57:43,dead
no run alive; 2026-09-17_195741_run.log ended: interrupted from the keyboard,21:29:18,dead
relaunched (pid 16068),21:29:47,alive
SystemExit: favourite slot 5 holds 'Force Core (Ultimate)' but config.json asks for 'Divine Stone'. They share the slot, so one of the two is wrong: e,21:32:59,dead
relaunched (pid 8924),21:33:24,alive
SystemExit: favourite slot 5 holds 'Force Core (Ultimate)' but config.json asks for 'Divine Stone'. They share the slot, so one of the two is wrong: e,21:36:36,dead
relaunched (pid 15624),21:37:02,alive
SystemExit: favourite slot 5 holds 'Force Core (Ultimate)' but config.json asks for 'Divine Stone'. They share the slot, so one of the two is wrong: e,21:40:14,dead
3 runs in a row died within 300s of launch; relogging (1 of 1),21:40:14,dead
relogged: back in the world,21:41:05,dead
relaunched (pid 18368),21:41:09,alive
SystemExit: favourite slot 5 holds 'Force Core (Ultimate)' but config.json asks for 'Divine Stone'. They share the slot, so one of the two is wrong: e,21:44:21,dead
relaunched (pid 18880),21:44:47,alive
SystemExit: favourite slot 5 holds 'Force Core (Ultimate)' but config.json asks for 'Divine Stone'. They share the slot, so one of the two is wrong: e,21:47:59,dead
relaunched (pid 17416),21:48:25,alive
SystemExit: favourite slot 5 holds 'Force Core (Ultimate)' but config.json asks for 'Divine Stone'. They share the slot, so one of the two is wrong: e,21:51:37,dead
supervisor stopped: 3 runs in a row died within 300s of launch after 1 relog(s); last: SystemExit: favourite slot 5 holds 'Force Core (Ultimate)' but config.json asks for 'Divine Stone'. They share the slot, so one of the two is wrong: e,21:51:37,dead
no run alive; 2026-09-17_214821_run.log ended: SystemExit: favourite slot 5 holds 'Force Core (Ultimate)' but config.json asks for 'Divine Stone'. They share the slot, so one of the two is wrong: e,23:16:22,dead
relaunched (pid 4644),23:16:52,alive
supervisor cancelled with Ctrl x4,23:27:24,dead
no run alive; 2026-09-17_231648_run.log ended: interrupted from the keyboard,00:59:18,dead
relaunched (pid 6284),00:59:48,alive
server lag: not answering,01:09:40,alive
server lag: the server stalled,01:10:45,alive
server lag: not answering,01:36:40,alive
server lag: the server stalled,01:37:43,alive
server lag: the server stalled,01:38:06,alive
server lag: not answering,01:51:05,alive
server lag: the server stalled,01:51:49,alive
server lag: not answering,01:52:09,alive
server lag: the server stalled,01:53:14,alive
server lag: the server stalled,01:53:35,alive
supervisor cancelled with Ctrl x4,02:17:07,dead
no run alive; 2026-09-18_005945_run.log ended: interrupted from the keyboard,02:41:06,dead
tab 4 slot (1,1) has no tooltip name; listing it at the panel's price and the full quantity,02:47:57,dead
recovery attempt 1 failed: driver.py --config cang list 1 1 0 4 exited 1: RuntimeError: the Agent Shop would not close, and the vendor will not open on top of it. Nothing writte; attempt 2 in 60s,02:49:07,dead
tab 4 slot (1,1) has no tooltip name; listing it at the panel's price and the full quantity,02:53:19,dead
finished: list 1 1 0 4 (whatever is there); 0 slot(s) left,02:54:52,dead
relaunched (pid 17776),02:55:05,alive
disconnected (run still up),03:18:13,alive
disconnected 7s on; killing pid 17776,03:18:20,dead
ended without a reason line, exit code 1; nothing in driver.py exits without one, so it was stopped from outside,03:18:21,dead
recovered: back in the world,03:19:13,dead
relaunched (pid 400),03:19:42,alive
war window, log quiet 159s,03:30:18,alive
supervisor cancelled with Ctrl x4,05:57:05,dead
no run alive; 2026-09-18_031939_run.log ended: interrupted from the keyboard,06:37:22,dead
recovery attempt 1 failed: nothing recognisable on screen: disconnect=None, failed=None, login=None, select=None, alz=False, trade=False, vendor=False, craft=False, buttons=[], ; attempt 2 in 60s,06:37:53,dead
relaunched (pid 4176),06:39:26,alive
server lag: not answering,07:51:52,alive
disconnected (run still up),07:52:14,alive
disconnected 7s on; killing pid 4176,07:52:21,dead
ended without a reason line, exit code 1; nothing in driver.py exits without one, so it was stopped from outside,07:52:21,dead
recovered: back in the world,07:53:06,dead
relaunched (pid 17468),07:53:33,alive
RuntimeError: the Agent Shop would not close, and the vendor will not open on top of it. Nothing written.,08:11:26,dead
tab 4 slot (1,1) has no tooltip name; listing it at the panel's price and the full quantity,08:41:28,dead
recovery attempt 1 failed: driver.py --config cang list 1 1 0 4 exited 1: RuntimeError: could not bring the 'PlayCabal' window to the foreground. Nothing measured.; attempt 2 in 60s,08:50:35,dead
recovery attempt 2 failed: could not bring the game to the foreground; nothing read, nothing sent; attempt 3 in 60s,08:51:36,dead
supervisor stopped: could not bring the game to the foreground; nothing read, nothing sent,08:52:37,dead
no run alive; 2026-09-18_075329_run.log ended: RuntimeError: the Agent Shop would not close, and the vendor will not open on top of it. Nothing written.,12:39:51,dead
relaunched (pid 16128),12:40:20,alive
supervisor cancelled with Ctrl x4,14:22:53,dead
no run alive; 2026-09-18_124016_run.log ended: interrupted from the keyboard,15:36:11,dead
relaunched (pid 12344),15:36:42,alive
server lag: not answering,15:45:06,alive
server lag: the server stalled,15:46:11,alive
supervisor cancelled with Ctrl x4,17:08:34,dead
no run alive; 2026-09-18_153638_run.log ended: interrupted from the keyboard,17:22:05,dead
relaunched (pid 10380),17:22:40,alive
supervisor cancelled with Ctrl x4,17:59:36,dead
no run alive; 2026-09-18_172237_run.log ended: interrupted from the keyboard,18:41:26,dead
relaunched (pid 5136),18:41:59,alive
RuntimeError: right-clicked the Agent Shop key 2 times and the Trade window never appeared. Nothing written.,18:44:30,dead
relaunched (pid 13204),18:45:00,alive
RuntimeError: right-clicked the Agent Shop key 2 times and the Trade window never appeared. Nothing written.,18:45:45,dead
relaunched (pid 17996),18:46:15,alive
RuntimeError: right-clicked the Agent Shop key 2 times and the Trade window never appeared. Nothing written.,18:46:59,dead
3 runs in a row died within 300s of launch; relogging (1 of 1),18:46:59,dead
relogged: back in the world,18:47:57,dead
relaunched (pid 12272),18:48:01,alive
RuntimeError: right-clicked the Agent Shop key 2 times and the Trade window never appeared. Nothing written.,18:48:45,dead
relaunched (pid 10252),18:49:11,alive
RuntimeError: right-clicked the Agent Shop key 2 times and the Trade window never appeared. Nothing written.,18:49:54,dead
relaunched (pid 12140),18:50:20,alive
RuntimeError: right-clicked the Agent Shop key 2 times and the Trade window never appeared. Nothing written.,18:51:04,dead
supervisor stopped: 3 runs in a row died within 300s of launch after 1 relog(s); last: RuntimeError: right-clicked the Agent Shop key 2 times and the Trade window never appeared. Nothing written.,18:51:04,dead
no run alive; 2026-09-18_185016_run.log ended: RuntimeError: right-clicked the Agent Shop key 2 times and the Trade window never appeared. Nothing written.,18:59:03,dead
relaunched (pid 10256),18:59:35,alive
RuntimeError: right-clicked the Agent Shop key 2 times and the Trade window never appeared. Nothing written.,19:00:19,dead
supervisor cancelled with Ctrl x4,19:00:20,dead
no run alive; 2026-09-18_185931_run.log ended: RuntimeError: right-clicked the Agent Shop key 2 times and the Trade window never appeared. Nothing written.,19:00:29,dead
relaunched (pid 17692),19:00:58,alive
stop condition: shop.row_last_y is not in calibration.json. Re-run py src/calibration.py once it measures the listing table.,19:07:17,dead
shop.row_last_y is not in calibration.json. Re-run py src/calibration.py once it measures the listing table.,19:07:19,dead
relaunched (pid 2596),19:07:44,alive
server lag: not answering,19:08:49,alive
server lag: the server stalled,19:09:52,alive
stop condition: shop.row_last_y is not in calibration.json. Re-run py src/calibration.py once it measures the listing table.,19:16:09,dead
shop.row_last_y is not in calibration.json. Re-run py src/calibration.py once it measures the listing table.,19:16:11,dead
relaunched (pid 10860),19:16:36,alive
stop condition: shop.row_last_y is not in calibration.json. Re-run py src/calibration.py once it measures the listing table.,19:22:55,dead
shop.row_last_y is not in calibration.json. Re-run py src/calibration.py once it measures the listing table.,19:22:57,dead
relaunched (pid 9020),19:23:22,alive
stop condition: shop.row_last_y is not in calibration.json. Re-run py src/calibration.py once it measures the listing table.,19:29:41,dead
shop.row_last_y is not in calibration.json. Re-run py src/calibration.py once it measures the listing table.,19:29:44,dead
relaunched (pid 2596),19:30:09,alive
shop.row_last_y is not in calibration.json. Re-run py src/calibration.py once it measures the listing table.,19:39:38,dead
relaunched (pid 16984),19:40:03,alive
stop condition: shop.row_last_y is not in calibration.json. Re-run py src/calibration.py once it measures the listing table.,19:46:45,dead
shop.row_last_y is not in calibration.json. Re-run py src/calibration.py once it measures the listing table.,19:46:45,dead
relaunched (pid 4668),19:47:10,alive
stop condition: shop.row_last_y is not in calibration.json. Re-run py src/calibration.py once it measures the listing table.,19:53:29,dead
shop.row_last_y is not in calibration.json. Re-run py src/calibration.py once it measures the listing table.,19:53:31,dead
relaunched (pid 3264),19:53:56,alive
stop condition: shop.row_last_y is not in calibration.json. Re-run py src/calibration.py once it measures the listing table.,19:59:35,dead
shop.row_last_y is not in calibration.json. Re-run py src/calibration.py once it measures the listing table.,19:59:35,dead
relaunched (pid 11828),20:00:00,alive
stop condition: shop.row_last_y is not in calibration.json. Re-run py src/calibration.py once it measures the listing table.,20:05:39,dead
shop.row_last_y is not in calibration.json. Re-run py src/calibration.py once it measures the listing table.,20:05:39,dead
relaunched (pid 2008),20:06:04,alive
shop.row_last_y is not in calibration.json. Re-run py src/calibration.py once it measures the listing table.,20:11:22,dead
relaunched (pid 4432),20:11:47,alive
server lag: not answering,20:14:16,alive
server lag: the server stalled,20:15:21,alive
stop condition: shop.row_last_y is not in calibration.json. Re-run py src/calibration.py once it measures the listing table.,20:18:50,dead
shop.row_last_y is not in calibration.json. Re-run py src/calibration.py once it measures the listing table.,20:18:51,dead
relaunched (pid 12156),20:19:15,alive
stop condition: shop.row_last_y is not in calibration.json. Re-run py src/calibration.py once it measures the listing table.,20:24:54,dead
shop.row_last_y is not in calibration.json. Re-run py src/calibration.py once it measures the listing table.,20:24:54,dead
relaunched (pid 4904),20:25:19,alive
stop condition: shop.row_last_y is not in calibration.json. Re-run py src/calibration.py once it measures the listing table.,20:30:35,dead
shop.row_last_y is not in calibration.json. Re-run py src/calibration.py once it measures the listing table.,20:30:38,dead
relaunched (pid 12464),20:31:03,alive
stop condition: shop.row_last_y is not in calibration.json. Re-run py src/calibration.py once it measures the listing table.,20:37:02,dead
shop.row_last_y is not in calibration.json. Re-run py src/calibration.py once it measures the listing table.,20:37:02,dead
relaunched (pid 11444),20:37:27,alive
stop condition: shop.row_last_y is not in calibration.json. Re-run py src/calibration.py once it measures the listing table.,20:43:26,dead
shop.row_last_y is not in calibration.json. Re-run py src/calibration.py once it measures the listing table.,20:43:26,dead
relaunched (pid 2388),20:43:51,alive
supervisor cancelled with Ctrl x4,20:44:15,dead
no run alive; 2026-09-18_204347_run.log ended: interrupted from the keyboard,21:33:20,dead
relaunched (pid 4560),21:33:51,alive
stop condition: shop.row_last_y is not in calibration.json. Re-run py src/calibration.py once it measures the listing table.,21:49:39,dead
shop.row_last_y is not in calibration.json. Re-run py src/calibration.py once it measures the listing table.,21:49:41,dead
relaunched (pid 18944),21:50:07,alive
stop condition: shop.row_last_y is not in calibration.json. Re-run py src/calibration.py once it measures the listing table.,21:56:49,dead
shop.row_last_y is not in calibration.json. Re-run py src/calibration.py once it measures the listing table.,21:56:50,dead
relaunched (pid 7904),21:57:16,alive
stop condition: shop.row_last_y is not in calibration.json. Re-run py src/calibration.py once it measures the listing table.,22:03:58,dead
shop.row_last_y is not in calibration.json. Re-run py src/calibration.py once it measures the listing table.,22:03:58,dead
relaunched (pid 17024),22:04:24,alive
stop condition: shop.row_last_y is not in calibration.json. Re-run py src/calibration.py once it measures the listing table.,22:11:48,dead
shop.row_last_y is not in calibration.json. Re-run py src/calibration.py once it measures the listing table.,22:11:51,dead
relaunched (pid 2704),22:12:17,alive
stop condition: shop.row_last_y is not in calibration.json. Re-run py src/calibration.py once it measures the listing table.,22:18:59,dead
shop.row_last_y is not in calibration.json. Re-run py src/calibration.py once it measures the listing table.,22:18:59,dead
relaunched (pid 17988),22:19:26,alive
server lag: not answering,22:20:30,alive
server lag: the server stalled,22:21:33,alive
stop condition: shop.row_last_y is not in calibration.json. Re-run py src/calibration.py once it measures the listing table.,22:28:58,dead
shop.row_last_y is not in calibration.json. Re-run py src/calibration.py once it measures the listing table.,22:29:00,dead
relaunched (pid 1504),22:29:26,alive
stop condition: shop.row_last_y is not in calibration.json. Re-run py src/calibration.py once it measures the listing table.,22:38:36,dead
shop.row_last_y is not in calibration.json. Re-run py src/calibration.py once it measures the listing table.,22:38:37,dead
relaunched (pid 8632),22:39:03,alive
RuntimeError: the Agent Shop would not close, and the vendor will not open on top of it. Nothing written.,22:40:30,dead
supervisor cancelled with Ctrl x4,22:42:58,dead
no run alive; 2026-09-18_223859_run.log ended: RuntimeError: the Agent Shop would not close, and the vendor will not open on top of it. Nothing written.,23:44:34,dead
relaunched (pid 14136),23:45:08,alive
stop condition: shop.row_last_y is not in calibration.json. Re-run py src/calibration.py once it measures the listing table.,23:53:32,dead
shop.row_last_y is not in calibration.json. Re-run py src/calibration.py once it measures the listing table.,23:53:35,dead
relaunched (pid 18124),23:54:00,alive
supervisor cancelled with Ctrl x4,23:59:17,dead
no run alive; 2026-09-18_235357_run.log ended: interrupted from the keyboard,00:37:27,dead
relaunched (pid 8312),00:37:58,alive
server lag: not answering,00:40:48,alive
server lag: the server stalled,00:41:52,alive
server lag: the server stalled,00:42:13,alive
server lag: not answering,00:43:16,alive
server lag: the server stalled,00:44:20,alive
stop condition: shop.row_last_y is not in calibration.json. Re-run py src/calibration.py once it measures the listing table.,00:54:09,dead
shop.row_last_y is not in calibration.json. Re-run py src/calibration.py once it measures the listing table.,00:54:09,dead
relaunched (pid 8776),00:54:34,alive
stop condition: shop.row_last_y is not in calibration.json. Re-run py src/calibration.py once it measures the listing table.,01:05:25,dead
shop.row_last_y is not in calibration.json. Re-run py src/calibration.py once it measures the listing table.,01:05:25,dead
relaunched (pid 19412),01:05:50,alive
stop condition: shop.row_last_y is not in calibration.json. Re-run py src/calibration.py once it measures the listing table.,01:13:33,dead
shop.row_last_y is not in calibration.json. Re-run py src/calibration.py once it measures the listing table.,01:13:33,dead
relaunched (pid 2484),01:13:58,alive
stop condition: shop.row_last_y is not in calibration.json. Re-run py src/calibration.py once it measures the listing table.,01:21:41,dead
shop.row_last_y is not in calibration.json. Re-run py src/calibration.py once it measures the listing table.,01:21:42,dead
relaunched (pid 18384),01:22:07,alive
stop condition: shop.row_last_y is not in calibration.json. Re-run py src/calibration.py once it measures the listing table.,01:30:10,dead
shop.row_last_y is not in calibration.json. Re-run py src/calibration.py once it measures the listing table.,01:30:11,dead
relaunched (pid 7108),01:30:35,alive
stop condition: shop.row_last_y is not in calibration.json. Re-run py src/calibration.py once it measures the listing table.,01:38:19,dead
shop.row_last_y is not in calibration.json. Re-run py src/calibration.py once it measures the listing table.,01:38:19,dead
relaunched (pid 16332),01:38:44,alive
stop condition: shop.row_last_y is not in calibration.json. Re-run py src/calibration.py once it measures the listing table.,01:47:08,dead
shop.row_last_y is not in calibration.json. Re-run py src/calibration.py once it measures the listing table.,01:47:10,dead
relaunched (pid 13124),01:47:36,alive
stop condition: shop.row_last_y is not in calibration.json. Re-run py src/calibration.py once it measures the listing table.,01:54:37,dead
shop.row_last_y is not in calibration.json. Re-run py src/calibration.py once it measures the listing table.,01:54:37,dead
relaunched (pid 19072),01:55:01,alive
stop condition: shop.row_last_y is not in calibration.json. Re-run py src/calibration.py once it measures the listing table.,02:03:05,dead
shop.row_last_y is not in calibration.json. Re-run py src/calibration.py once it measures the listing table.,02:03:05,dead
relaunched (pid 9140),02:03:30,alive
stop condition: shop.row_last_y is not in calibration.json. Re-run py src/calibration.py once it measures the listing table.,02:11:35,dead
shop.row_last_y is not in calibration.json. Re-run py src/calibration.py once it measures the listing table.,02:11:35,dead
tab 4 slot (1,1) has no tooltip name; listing it at the panel's price and the full quantity,02:14:46,dead
finished: list 1 1 0 4 (whatever is there); 0 slot(s) left,02:18:31,dead
relaunched (pid 16028),02:18:45,alive
stop condition: shop.row_last_y is not in calibration.json. Re-run py src/calibration.py once it measures the listing table.,02:24:43,dead
shop.row_last_y is not in calibration.json. Re-run py src/calibration.py once it measures the listing table.,02:24:44,dead
relaunched (pid 19064),02:25:08,alive
supervisor cancelled with Ctrl x4,02:29:21,dead
no run alive; 2026-09-19_022505_run.log ended: interrupted from the keyboard,02:38:59,dead
relaunched (pid 1672),02:39:31,alive
stop condition: shop.row_last_y is not in calibration.json. Re-run py src/calibration.py once it measures the listing table.,02:46:53,dead
shop.row_last_y is not in calibration.json. Re-run py src/calibration.py once it measures the listing table.,02:46:55,dead
relaunched (pid 17096),02:47:19,alive
stop condition: shop.row_last_y is not in calibration.json. Re-run py src/calibration.py once it measures the listing table.,02:59:55,dead
shop.row_last_y is not in calibration.json. Re-run py src/calibration.py once it measures the listing table.,02:59:58,dead
relaunched (pid 18892),03:00:23,alive
stop condition: shop.row_last_y is not in calibration.json. Re-run py src/calibration.py once it measures the listing table.,03:07:24,dead
shop.row_last_y is not in calibration.json. Re-run py src/calibration.py once it measures the listing table.,03:07:24,dead
relaunched (pid 4060),03:07:49,alive
stop condition: shop.row_last_y is not in calibration.json. Re-run py src/calibration.py once it measures the listing table.,03:14:50,dead
shop.row_last_y is not in calibration.json. Re-run py src/calibration.py once it measures the listing table.,03:14:51,dead
relaunched (pid 16048),03:15:16,alive
stop condition: shop.row_last_y is not in calibration.json. Re-run py src/calibration.py once it measures the listing table.,03:22:17,dead
shop.row_last_y is not in calibration.json. Re-run py src/calibration.py once it measures the listing table.,03:22:17,dead
relaunched (pid 17056),03:22:42,alive
stop condition: shop.row_last_y is not in calibration.json. Re-run py src/calibration.py once it measures the listing table.,03:29:43,dead
shop.row_last_y is not in calibration.json. Re-run py src/calibration.py once it measures the listing table.,03:29:44,dead
relaunched (pid 19132),03:30:09,alive
stop condition: shop.row_last_y is not in calibration.json. Re-run py src/calibration.py once it measures the listing table.,03:40:43,dead
shop.row_last_y is not in calibration.json. Re-run py src/calibration.py once it measures the listing table.,03:40:45,dead
relaunched (pid 12400),03:41:10,alive
server lag: not answering,03:44:00,alive
server lag: the server stalled,03:45:05,alive
server lag: the server stalled,03:45:25,dead
NotReady: the Agent Shop is not open after resupplying.,03:45:29,dead
collect failed: driver.py --config cang collect exited 1: RuntimeError: right-clicked the Agent Shop key 2 times and the Trade window never appeared. Nothing written.; carrying on,03:46:20,dead
tab 4 slot (1,1) has no tooltip name; listing it at the panel's price and the full quantity,03:46:44,dead
recovery attempt 1 failed: driver.py --config cang list 1 1 0 4 exited 1: RuntimeError: right-clicked the Agent Shop key 2 times and the Trade window never appeared. Nothing wri; attempt 2 in 60s,03:47:17,dead
collect failed: driver.py --config cang collect exited 1: RuntimeError: right-clicked the Agent Shop key 2 times and the Trade window never appeared. Nothing written.; carrying on,03:49:08,dead
tab 4 slot (1,1) has no tooltip name; listing it at the panel's price and the full quantity,03:49:32,dead
recovery attempt 2 failed: driver.py --config cang list 1 1 0 4 exited 1: RuntimeError: right-clicked the Agent Shop key 2 times and the Trade window never appeared. Nothing wri; attempt 3 in 60s,03:50:05,dead
collect failed: driver.py --config cang collect exited 1: RuntimeError: right-clicked the Agent Shop key 2 times and the Trade window never appeared. Nothing written.; carrying on,03:51:55,dead
tab 4 slot (1,1) has no tooltip name; listing it at the panel's price and the full quantity,03:52:19,dead
supervisor stopped: driver.py --config cang list 1 1 0 4 exited 1: RuntimeError: right-clicked the Agent Shop key 2 times and the Trade window never appeared. Nothing written.,03:52:52,dead
no run alive; 2026-09-19_034107_run.log ended: NotReady: the Agent Shop is not open after resupplying.,07:26:49,dead
driver.py --config held up: ServerStalled: the server stalled for 60s; nothing was clicked and the shop is shut. The pass starts again.; waiting 60s, then attempt 2,07:31:41,dead
supervisor cancelled with Ctrl x4,07:42:05,dead
no run alive; 2026-09-19_034107_run.log ended: NotReady: the Agent Shop is not open after resupplying.,07:48:46,dead
relaunched (pid 18524),07:49:16,alive
stop condition: shop.row_last_y is not in calibration.json. Re-run py src/calibration.py once it measures the listing table.,08:02:36,dead
shop.row_last_y is not in calibration.json. Re-run py src/calibration.py once it measures the listing table.,08:02:36,dead
relaunched (pid 17016),08:03:01,alive
stop condition: shop.row_last_y is not in calibration.json. Re-run py src/calibration.py once it measures the listing table.,08:09:42,dead
shop.row_last_y is not in calibration.json. Re-run py src/calibration.py once it measures the listing table.,08:09:42,dead
relaunched (pid 3256),08:10:06,alive
stop condition: shop.row_last_y is not in calibration.json. Re-run py src/calibration.py once it measures the listing table.,08:17:28,dead
shop.row_last_y is not in calibration.json. Re-run py src/calibration.py once it measures the listing table.,08:17:30,dead
relaunched (pid 2396),08:17:54,alive
server lag: not answering,08:26:19,alive
server lag: the server stalled,08:27:24,alive
stop condition: shop.row_last_y is not in calibration.json. Re-run py src/calibration.py once it measures the listing table.,08:35:06,dead
shop.row_last_y is not in calibration.json. Re-run py src/calibration.py once it measures the listing table.,08:35:07,dead
relaunched (pid 18676),08:35:31,alive
stop condition: shop.row_last_y is not in calibration.json. Re-run py src/calibration.py once it measures the listing table.,08:41:09,dead
shop.row_last_y is not in calibration.json. Re-run py src/calibration.py once it measures the listing table.,08:41:09,dead
relaunched (pid 16604),08:41:34,alive
server lag: not answering,08:42:18,alive
server lag: the server stalled,08:43:22,alive
stop condition: shop.row_last_y is not in calibration.json. Re-run py src/calibration.py once it measures the listing table.,08:48:38,dead
shop.row_last_y is not in calibration.json. Re-run py src/calibration.py once it measures the listing table.,08:48:38,dead
relaunched (pid 3972),08:49:02,alive
stop condition: shop.row_last_y is not in calibration.json. Re-run py src/calibration.py once it measures the listing table.,08:54:18,dead
shop.row_last_y is not in calibration.json. Re-run py src/calibration.py once it measures the listing table.,08:54:20,dead
relaunched (pid 836),08:54:45,alive
server lag: not answering,08:57:14,alive
server lag: the server stalled,08:58:18,alive
supervisor cancelled with Ctrl x4,08:58:58,dead
no run alive; 2026-09-19_085441_run.log ended: interrupted from the keyboard,11:30:25,dead
relaunched (pid 13016),11:31:07,alive
stop condition: shop.row_last_y is not in calibration.json. Re-run py src/calibration.py once it measures the listing table.,11:46:16,dead
shop.row_last_y is not in calibration.json. Re-run py src/calibration.py once it measures the listing table.,11:46:16,dead
relaunched (pid 4736),11:46:42,alive
stop condition: shop.row_last_y is not in calibration.json. Re-run py src/calibration.py once it measures the listing table.,11:53:46,dead
shop.row_last_y is not in calibration.json. Re-run py src/calibration.py once it measures the listing table.,11:53:46,dead
relaunched (pid 2584),11:54:11,alive
stop condition: shop.row_last_y is not in calibration.json. Re-run py src/calibration.py once it measures the listing table.,12:03:01,dead
shop.row_last_y is not in calibration.json. Re-run py src/calibration.py once it measures the listing table.,12:03:01,dead
relaunched (pid 8708),12:03:27,alive
server lag: not answering,12:05:58,alive
server lag: the server stalled,12:07:02,alive
stop condition: shop.row_last_y is not in calibration.json. Re-run py src/calibration.py once it measures the listing table.,12:13:23,dead
shop.row_last_y is not in calibration.json. Re-run py src/calibration.py once it measures the listing table.,12:13:23,dead
relaunched (pid 1696),12:13:49,alive
stop condition: shop.row_last_y is not in calibration.json. Re-run py src/calibration.py once it measures the listing table.,12:21:56,dead
shop.row_last_y is not in calibration.json. Re-run py src/calibration.py once it measures the listing table.,12:21:56,dead
relaunched (pid 11256),12:22:23,alive
stop condition: shop.row_last_y is not in calibration.json. Re-run py src/calibration.py once it measures the listing table.,12:29:47,dead
shop.row_last_y is not in calibration.json. Re-run py src/calibration.py once it measures the listing table.,12:29:50,dead
relaunched (pid 14876),12:30:16,alive
stop condition: shop.row_last_y is not in calibration.json. Re-run py src/calibration.py once it measures the listing table.,12:42:39,dead
shop.row_last_y is not in calibration.json. Re-run py src/calibration.py once it measures the listing table.,12:42:40,dead
relaunched (pid 10736),12:43:06,alive
stop condition: shop.row_last_y is not in calibration.json. Re-run py src/calibration.py once it measures the listing table.,12:51:56,dead
shop.row_last_y is not in calibration.json. Re-run py src/calibration.py once it measures the listing table.,12:51:56,dead
relaunched (pid 16120),12:52:23,alive
server lag: not answering,12:53:27,alive
server lag: the server stalled,12:54:32,alive
stop condition: nothing loaded into the shop slot from (1,2) after 1 ctrl-click(s). Nothing has been listed.,12:57:41,dead
nothing loaded into the shop slot from (1,2) after 1 ctrl-click(s). Nothing has been listed.,12:57:43,dead
tab 4 slot (1,1) has no tooltip name; listing it at the panel's price and the full quantity,13:00:38,dead
recovery attempt 1 failed: driver.py --config cang list 1 1 0 4 exited 1: RuntimeError: no readable Alz balance after pressing I twice and sweeping the screen; the Inventory pan; attempt 2 in 60s,13:01:15,dead
recovery attempt 2 failed: recovery refused: Refused: no 'Channel 12' in the server list within 60s. Nothing entered.; attempt 3 in 60s,13:04:12,dead
supervisor cancelled with Ctrl x4,13:04:38,dead
no run alive; 2026-09-19_125219_run.log ended: nothing loaded into the shop slot from (1,2) after 1 ctrl-click(s). Nothing has been listed.,14:06:57,dead
relaunched (pid 10608),14:07:28,alive
stop condition: shop.row_last_y is not in calibration.json. Re-run py src/calibration.py once it measures the listing table.,14:15:54,dead
shop.row_last_y is not in calibration.json. Re-run py src/calibration.py once it measures the listing table.,14:15:57,dead
relaunched (pid 17760),14:16:22,alive
stop condition: shop.row_last_y is not in calibration.json. Re-run py src/calibration.py once it measures the listing table.,14:23:44,dead
shop.row_last_y is not in calibration.json. Re-run py src/calibration.py once it measures the listing table.,14:23:47,dead
relaunched (pid 5860),14:24:12,alive
supervisor cancelled with Ctrl x4,14:25:39,dead
no run alive; 2026-09-19_142409_run.log ended: interrupted from the keyboard,14:44:16,dead
relaunched (pid 16636),14:44:48,alive
server lag: not answering,14:46:14,alive
server lag: the server stalled,14:46:55,alive
server lag: the server stalled,14:47:19,alive
supervisor cancelled with Ctrl x4,14:53:47,dead
no run alive; 2026-09-19_144444_run.log ended: interrupted from the keyboard,14:53:48,dead
relaunched (pid 6824),14:54:13,alive
stop condition: shop.row_last_y is not in calibration.json. Re-run py src/calibration.py once it measures the listing table.,15:04:45,dead
shop.row_last_y is not in calibration.json. Re-run py src/calibration.py once it measures the listing table.,15:04:47,dead
relaunched (pid 16076),15:05:13,alive
stop condition: shop.row_last_y is not in calibration.json. Re-run py src/calibration.py once it measures the listing table.,15:12:35,dead
shop.row_last_y is not in calibration.json. Re-run py src/calibration.py once it measures the listing table.,15:12:38,dead
relaunched (pid 2672),15:13:03,alive
stop condition: shop.row_last_y is not in calibration.json. Re-run py src/calibration.py once it measures the listing table.,15:20:49,dead
shop.row_last_y is not in calibration.json. Re-run py src/calibration.py once it measures the listing table.,15:20:49,dead
relaunched (pid 13004),15:21:14,alive
stop condition: shop.row_last_y is not in calibration.json. Re-run py src/calibration.py once it measures the listing table.,15:28:37,dead
shop.row_last_y is not in calibration.json. Re-run py src/calibration.py once it measures the listing table.,15:28:39,dead
relaunched (pid 6072),15:29:04,alive
stop condition: shop.row_last_y is not in calibration.json. Re-run py src/calibration.py once it measures the listing table.,15:42:04,dead
shop.row_last_y is not in calibration.json. Re-run py src/calibration.py once it measures the listing table.,15:42:04,dead
relaunched (pid 7892),15:42:29,alive
stop condition: shop.row_last_y is not in calibration.json. Re-run py src/calibration.py once it measures the listing table.,15:49:52,dead
shop.row_last_y is not in calibration.json. Re-run py src/calibration.py once it measures the listing table.,15:49:54,dead
relaunched (pid 7940),15:50:20,alive
stop condition: shop.row_last_y is not in calibration.json. Re-run py src/calibration.py once it measures the listing table.,15:57:42,dead
shop.row_last_y is not in calibration.json. Re-run py src/calibration.py once it measures the listing table.,15:57:45,dead
relaunched (pid 11048),15:58:10,alive
server lag: not answering,16:00:40,alive
server lag: the server stalled,16:01:21,alive
server lag: the server stalled,16:01:45,alive
stop condition: shop.row_last_y is not in calibration.json. Re-run py src/calibration.py once it measures the listing table.,16:07:01,dead
shop.row_last_y is not in calibration.json. Re-run py src/calibration.py once it measures the listing table.,16:07:01,dead
relaunched (pid 18624),16:07:26,alive
server lag: not answering,16:08:11,alive
server lag: the server stalled,16:09:15,alive
stop condition: shop.row_last_y is not in calibration.json. Re-run py src/calibration.py once it measures the listing table.,16:20:51,dead
shop.row_last_y is not in calibration.json. Re-run py src/calibration.py once it measures the listing table.,16:20:51,dead
relaunched (pid 17436),16:21:17,alive
stop condition: shop.row_last_y is not in calibration.json. Re-run py src/calibration.py once it measures the listing table.,16:29:42,dead
shop.row_last_y is not in calibration.json. Re-run py src/calibration.py once it measures the listing table.,16:29:44,dead
relaunched (pid 6656),16:30:10,alive
RuntimeError: right-clicked the Agent Shop key 2 times and the Trade window never appeared. Nothing written.,16:30:34,dead
relaunched (pid 18184),16:31:04,alive
stop condition: shop.row_last_y is not in calibration.json. Re-run py src/calibration.py once it measures the listing table.,16:38:27,dead
shop.row_last_y is not in calibration.json. Re-run py src/calibration.py once it measures the listing table.,16:38:30,dead
relaunched (pid 18044),16:38:55,alive
stop condition: shop.row_last_y is not in calibration.json. Re-run py src/calibration.py once it measures the listing table.,16:52:37,dead
shop.row_last_y is not in calibration.json. Re-run py src/calibration.py once it measures the listing table.,16:52:39,dead
relaunched (pid 16936),16:53:05,alive
stop condition: shop.row_last_y is not in calibration.json. Re-run py src/calibration.py once it measures the listing table.,17:01:31,dead
shop.row_last_y is not in calibration.json. Re-run py src/calibration.py once it measures the listing table.,17:01:33,dead
relaunched (pid 16764),17:01:58,alive
stop condition: shop.row_last_y is not in calibration.json. Re-run py src/calibration.py once it measures the listing table.,17:09:44,dead
shop.row_last_y is not in calibration.json. Re-run py src/calibration.py once it measures the listing table.,17:09:44,dead
relaunched (pid 12284),17:10:09,alive
stop condition: shop.row_last_y is not in calibration.json. Re-run py src/calibration.py once it measures the listing table.,17:19:18,dead
shop.row_last_y is not in calibration.json. Re-run py src/calibration.py once it measures the listing table.,17:19:18,dead
relaunched (pid 13280),17:19:43,alive
stop condition: shop.row_last_y is not in calibration.json. Re-run py src/calibration.py once it measures the listing table.,17:27:05,dead
shop.row_last_y is not in calibration.json. Re-run py src/calibration.py once it measures the listing table.,17:27:07,dead
relaunched (pid 1696),17:27:32,alive
stop condition: shop.row_last_y is not in calibration.json. Re-run py src/calibration.py once it measures the listing table.,17:34:54,dead
shop.row_last_y is not in calibration.json. Re-run py src/calibration.py once it measures the listing table.,17:34:56,dead
relaunched (pid 15996),17:35:21,alive
stop condition: shop.row_last_y is not in calibration.json. Re-run py src/calibration.py once it measures the listing table.,17:47:57,dead
shop.row_last_y is not in calibration.json. Re-run py src/calibration.py once it measures the listing table.,17:47:59,dead
relaunched (pid 8888),17:48:24,alive
stop condition: shop.row_last_y is not in calibration.json. Re-run py src/calibration.py once it measures the listing table.,18:00:40,dead
shop.row_last_y is not in calibration.json. Re-run py src/calibration.py once it measures the listing table.,18:00:40,dead
relaunched (pid 5712),18:01:05,alive
stop condition: shop.row_last_y is not in calibration.json. Re-run py src/calibration.py once it measures the listing table.,18:08:27,dead
shop.row_last_y is not in calibration.json. Re-run py src/calibration.py once it measures the listing table.,18:08:29,dead
relaunched (pid 10716),18:08:54,alive
stop condition: shop.row_last_y is not in calibration.json. Re-run py src/calibration.py once it measures the listing table.,18:16:16,dead
shop.row_last_y is not in calibration.json. Re-run py src/calibration.py once it measures the listing table.,18:16:18,dead
relaunched (pid 10684),18:16:43,alive
stop condition: shop.row_last_y is not in calibration.json. Re-run py src/calibration.py once it measures the listing table.,18:24:05,dead
shop.row_last_y is not in calibration.json. Re-run py src/calibration.py once it measures the listing table.,18:24:07,dead
relaunched (pid 2360),18:24:32,alive
stop condition: shop.row_last_y is not in calibration.json. Re-run py src/calibration.py once it measures the listing table.,18:31:54,dead
shop.row_last_y is not in calibration.json. Re-run py src/calibration.py once it measures the listing table.,18:31:57,dead
relaunched (pid 9116),18:32:21,alive
server lag: not answering,18:33:06,alive
server lag: the server stalled,18:34:08,alive
stop condition: shop.row_last_y is not in calibration.json. Re-run py src/calibration.py once it measures the listing table.,18:41:29,dead
shop.row_last_y is not in calibration.json. Re-run py src/calibration.py once it measures the listing table.,18:41:29,dead
relaunched (pid 19396),18:41:55,alive
stop condition: shop.row_last_y is not in calibration.json. Re-run py src/calibration.py once it measures the listing table.,18:49:18,dead
shop.row_last_y is not in calibration.json. Re-run py src/calibration.py once it measures the listing table.,18:49:20,dead
relaunched (pid 1052),18:49:45,alive
stop condition: shop.row_last_y is not in calibration.json. Re-run py src/calibration.py once it measures the listing table.,18:57:07,dead
shop.row_last_y is not in calibration.json. Re-run py src/calibration.py once it measures the listing table.,18:57:09,dead
relaunched (pid 8036),18:57:35,alive
stop condition: shop.row_last_y is not in calibration.json. Re-run py src/calibration.py once it measures the listing table.,19:04:57,dead
shop.row_last_y is not in calibration.json. Re-run py src/calibration.py once it measures the listing table.,19:04:59,dead
relaunched (pid 8204),19:05:24,alive
stop condition: shop.row_last_y is not in calibration.json. Re-run py src/calibration.py once it measures the listing table.,19:12:46,dead
shop.row_last_y is not in calibration.json. Re-run py src/calibration.py once it measures the listing table.,19:12:48,dead
relaunched (pid 18684),19:13:13,alive
stop condition: shop.row_last_y is not in calibration.json. Re-run py src/calibration.py once it measures the listing table.,19:22:01,dead
shop.row_last_y is not in calibration.json. Re-run py src/calibration.py once it measures the listing table.,19:22:01,dead
relaunched (pid 1652),19:22:26,alive
stop condition: shop.row_last_y is not in calibration.json. Re-run py src/calibration.py once it measures the listing table.,19:30:11,dead
shop.row_last_y is not in calibration.json. Re-run py src/calibration.py once it measures the listing table.,19:30:11,dead
relaunched (pid 17680),19:30:36,alive
stop condition: shop.row_last_y is not in calibration.json. Re-run py src/calibration.py once it measures the listing table.,19:40:26,dead
shop.row_last_y is not in calibration.json. Re-run py src/calibration.py once it measures the listing table.,19:40:26,dead
relaunched (pid 16476),19:40:51,alive
stop condition: shop.row_last_y is not in calibration.json. Re-run py src/calibration.py once it measures the listing table.,19:48:13,dead
shop.row_last_y is not in calibration.json. Re-run py src/calibration.py once it measures the listing table.,19:48:15,dead
relaunched (pid 2352),19:48:41,alive
server lag: not answering,19:51:10,alive
server lag: the server stalled,19:52:14,alive
stop condition: shop.row_last_y is not in calibration.json. Re-run py src/calibration.py once it measures the listing table.,19:58:53,dead
shop.row_last_y is not in calibration.json. Re-run py src/calibration.py once it measures the listing table.,19:58:54,dead
relaunched (pid 17736),19:59:19,alive
stop condition: shop.row_last_y is not in calibration.json. Re-run py src/calibration.py once it measures the listing table.,20:11:16,dead
shop.row_last_y is not in calibration.json. Re-run py src/calibration.py once it measures the listing table.,20:11:16,dead
relaunched (pid 7080),20:11:41,alive
stop condition: shop.row_last_y is not in calibration.json. Re-run py src/calibration.py once it measures the listing table.,20:20:49,dead
shop.row_last_y is not in calibration.json. Re-run py src/calibration.py once it measures the listing table.,20:20:49,dead
relaunched (pid 9200),20:21:15,alive
stop condition: shop.row_last_y is not in calibration.json. Re-run py src/calibration.py once it measures the listing table.,20:28:58,dead
shop.row_last_y is not in calibration.json. Re-run py src/calibration.py once it measures the listing table.,20:28:59,dead
relaunched (pid 6236),20:29:24,alive
stop condition: shop.row_last_y is not in calibration.json. Re-run py src/calibration.py once it measures the listing table.,20:37:08,dead
shop.row_last_y is not in calibration.json. Re-run py src/calibration.py once it measures the listing table.,20:37:09,dead
relaunched (pid 5664),20:37:34,alive
server lag: not answering,20:38:38,alive
server lag: the server stalled,20:39:22,alive
stop condition: shop.row_last_y is not in calibration.json. Re-run py src/calibration.py once it measures the listing table.,20:47:03,dead
shop.row_last_y is not in calibration.json. Re-run py src/calibration.py once it measures the listing table.,20:47:05,dead
relaunched (pid 18972),20:47:31,alive
stop condition: shop.row_last_y is not in calibration.json. Re-run py src/calibration.py once it measures the listing table.,20:55:15,dead
shop.row_last_y is not in calibration.json. Re-run py src/calibration.py once it measures the listing table.,20:55:15,dead
relaunched (pid 12592),20:55:41,alive
supervisor cancelled with Ctrl x4,21:00:16,dead
no run alive; 2026-09-19_205537_run.log ended: interrupted from the keyboard,21:23:40,dead
recovery attempt 1 failed: driver.py --config cang craft chaos exited 1: NotReady: nothing loaded into the shop slot from (1,1) after 1 ctrl-click(s). Nothing has been listed. T; attempt 2 in 60s,21:40:27,dead
supervisor cancelled with Ctrl x4,21:41:27,dead
no run alive; 2026-09-19_205537_run.log ended: interrupted from the keyboard,00:41:28,dead
relaunched (pid 4008),00:42:04,alive
server lag: not answering,00:57:35,alive
server lag: the server stalled,00:58:39,alive
pushed the profit report for cang,01:06:30,alive
pushed the profit report for cang,01:36:46,alive
pushed the profit report for cang,02:07:05,alive
supervisor cancelled with Ctrl x4,02:27:47,dead
no run alive; 2026-09-20_004201_run.log ended: interrupted from the keyboard,02:38:11,dead
relaunched (pid 18632),02:38:50,alive
pushed the profit report for cang,02:45:37,alive
pushed the profit report for cang,03:15:57,alive
war window, log quiet 153s,03:31:52,alive
pushed the profit report for cang,03:46:00,alive
pushed the profit report for cang,04:16:20,alive
pushed the profit report for cang,04:46:35,alive
server lag: not answering,04:50:28,alive
server lag: the server stalled,04:51:09,alive
server lag: the server stalled,04:51:33,alive
pushed the profit report for cang,05:16:39,alive
pushed the profit report for cang,05:46:58,alive
pushed the profit report for cang,06:17:03,alive
war window, log quiet 165s,06:30:27,alive
server lag: not answering,06:35:49,alive
server lag: the server stalled,06:36:54,alive
server lag: the server stalled,06:37:15,alive
server lag: not answering,06:46:24,alive
server lag: the server stalled,06:47:08,alive
pushed the profit report for cang,06:47:12,alive
server lag: the server stalled,06:47:32,alive
pushed the profit report for cang,07:17:31,alive
pushed the profit report for cang,07:47:50,alive
pushed the profit report for cang,08:17:54,alive
pushed the profit report for cang,08:47:56,alive
supervisor cancelled with Ctrl x4,08:48:36,dead
no run alive; 2026-09-20_023846_run.log ended: interrupted from the keyboard,10:54:18,dead
supervisor cancelled with Ctrl x4,10:54:22,dead
no run alive; 2026-09-20_023846_run.log ended: interrupted from the keyboard,11:16:30,dead
relaunched (pid 3932),11:16:59,alive
pushed the profit report for cang,11:24:50,alive
pushed the profit report for cang,11:55:00,alive
supervisor cancelled with Ctrl x4,12:11:26,dead
no run alive; 2026-09-20_111655_run.log ended: RuntimeError: pressed I 2 times; the Inventory panel is not open where calibration.json says it is.,12:50:16,dead
relaunched (pid 10096),12:50:33,alive
pushed the profit report for cang,13:00:14,alive
server lag: not answering,13:10:32,alive
server lag: the server stalled,13:11:33,alive
server lag: the server stalled,13:11:54,alive
pushed the profit report for cang,13:30:31,alive
server lag: not answering,13:54:33,alive
server lag: the server stalled,13:55:35,alive
pushed the profit report for cang,14:00:48,alive
NotReady: the Agent Shop would not reopen after resting.,14:03:33,dead
relaunched (pid 15996),14:03:51,alive
supervisor cancelled with Ctrl x4,14:24:27,dead
no run alive; 2026-09-20_140348_run.log ended: interrupted from the keyboard,14:49:04,dead
relaunched (pid 19196),14:49:38,alive
pushed the profit report for cang,14:56:25,alive
server lag: not answering,15:17:07,alive
server lag: the server stalled,15:18:10,alive
server lag: not answering,15:18:35,alive
server lag: the server stalled,15:19:40,alive
pushed the profit report for cang,15:26:45,alive
war window, log quiet 168s,15:32:44,alive
pushed the profit report for cang,15:57:02,alive
server lag: not answering,16:22:40,alive
server lag: the server stalled,16:23:44,alive
pushed the profit report for cang,16:27:19,alive
server lag: not answering,16:37:29,alive
server lag: the server stalled,16:38:32,alive
server lag: the server stalled,16:38:56,alive
pushed the profit report for cang,16:57:36,alive
supervisor cancelled with Ctrl x4,16:59:40,dead
no run alive; 2026-09-20_144934_run.log ended: interrupted from the keyboard,17:14:22,dead
relaunched (pid 4884),17:14:40,alive
pushed the profit report for cang,17:26:44,alive
server lag: not answering,17:34:38,alive
server lag: the server stalled,17:35:40,alive
pushed the profit report for cang,17:56:59,alive
pushed the profit report for cang,18:27:15,alive
war window, log quiet 153s,18:31:00,alive
server lag: not answering,18:40:56,alive
server lag: the server stalled,18:41:57,alive
server lag: the server stalled,18:42:18,alive
pushed the profit report for cang,18:57:27,alive
server lag: not answering,18:58:49,alive
server lag: the server stalled,18:59:51,alive
pushed the profit report for cang,19:27:44,alive
pushed the profit report for cang,19:58:00,alive
server lag: not answering,19:58:20,alive
server lag: the server stalled,19:59:22,alive
server lag: not answering,20:09:20,alive
server lag: the server stalled,20:10:22,alive
pushed the profit report for cang,20:28:17,alive
pushed the profit report for cang,20:58:35,alive
pushed the profit report for cang,21:28:38,alive
war window, log quiet 161s,21:34:09,alive
pushed the profit report for cang,21:58:42,alive
pushed the profit report for cang,22:28:46,alive
server lag: not answering,22:47:02,alive
server lag: the server stalled,22:48:05,alive
supervisor cancelled with Ctrl x4,22:52:55,dead
no run alive; 2026-09-20_171436_run.log ended: interrupted from the keyboard,00:40:11,dead
relaunched (pid 18544),00:40:31,alive
pushed the profit report for cang,00:50:12,alive
server lag: not answering,01:05:17,alive
server lag: the server stalled,01:06:19,alive
pushed the profit report for cang,01:20:27,alive
server lag: not answering,01:23:52,alive
server lag: the server stalled,01:24:54,alive
server lag: not answering,01:31:27,alive
server lag: the server stalled,01:32:29,alive
server lag: not answering,01:32:49,alive
server lag: the server stalled,01:33:51,alive
server lag: not answering,01:45:11,alive
server lag: the server stalled,01:46:12,alive
server lag: the server stalled,01:46:33,alive
pushed the profit report for cang,01:50:44,alive
server lag: not answering,01:58:18,alive
server lag: the server stalled,01:59:19,alive
server lag: not answering,02:02:25,alive
server lag: the server stalled,02:03:27,alive
server lag: not answering,02:08:15,alive
server lag: the server stalled,02:09:17,alive
RuntimeError: pressed I 2 times; the Inventory panel is not open where calibration.json says it is.,02:14:06,dead
recovered: back in the world,02:14:46,dead
relaunched (pid 4080),02:15:10,alive
pushed the profit report for cang,02:21:07,alive
supervisor cancelled with Ctrl x4,02:28:22,dead
no run alive; 2026-09-21_021507_run.log ended: interrupted from the keyboard,02:44:30,dead
no run alive; 2026-09-21_021507_run.log ended: interrupted from the keyboard,02:47:33,dead
relaunched (pid 12068),02:48:02,alive
pushed the profit report for cang,02:55:30,alive
pushed the profit report for cang,03:25:40,alive
war window, log quiet 170s,03:33:29,alive
pushed the profit report for cang,03:55:57,alive
server lag: not answering,04:11:00,alive
server lag: the server stalled,04:12:05,alive
pushed the profit report for cang,04:26:11,alive
server lag: not answering,04:27:53,alive
server lag: the server stalled,04:28:37,alive
server lag: the server stalled,04:28:58,alive
server lag: not answering,04:29:19,alive
server lag: the server stalled,04:30:22,alive
pushed the profit report for cang,04:56:20,alive
pushed the profit report for cang,05:26:30,alive
pushed the profit report for cang,05:56:45,alive
pushed the profit report for cang,06:26:58,alive
pushed the profit report for cang,06:57:14,alive
pushed the profit report for cang,07:27:29,alive
supervisor cancelled with Ctrl x4,07:29:34,dead
no run alive; 2026-09-21_024758_run.log ended: interrupted from the keyboard,07:29:48,dead
the log says tab 4 holds 'Force Core(Highest)', which is converted and never listed; converting it,07:32:59,dead
supervisor cancelled with Ctrl x4,07:34:21,dead
no run alive; 2026-09-21_024758_run.log ended: interrupted from the keyboard,10:18:25,dead
relaunched (pid 13028),10:18:56,alive
pushed the profit report for cang,10:31:41,alive
pushed the profit report for cang,11:01:45,alive
pushed the profit report for cang,11:31:56,alive
pushed the profit report for cang,12:02:05,alive
war window, log quiet 154s,12:31:33,alive
pushed the profit report for cang,12:32:17,alive
pushed the profit report for cang,13:02:29,alive
server lag: not answering,13:07:21,alive
server lag: the server stalled,13:08:26,alive
pushed the profit report for cang,13:32:39,alive
pushed the profit report for cang,14:02:47,alive
supervisor cancelled with Ctrl x4,14:15:02,dead
no run alive; 2026-09-21_101853_run.log ended: interrupted from the keyboard,15:11:32,dead
relaunched (pid 17596),15:11:50,alive
supervisor cancelled with Ctrl x4,15:18:02,dead
no run alive; 2026-09-21_151147_run.log ended: interrupted from the keyboard,15:37:50,dead
relaunched (pid 15528),15:38:07,alive
pushed the profit report for cang,15:47:49,alive
supervisor cancelled with Ctrl x4,15:47:55,dead
no run alive; 2026-09-21_153803_run.log ended: interrupted from the keyboard,15:48:05,dead
relaunched (pid 19036),15:48:23,alive
supervisor cancelled with Ctrl x4,16:01:06,dead
no run alive; 2026-09-21_154819_run.log ended: interrupted from the keyboard,16:01:40,dead
relaunched (pid 12072),16:01:58,alive
pushed the profit report for cang,16:11:20,alive
pushed the profit report for cang,16:41:35,alive
server lag: not answering,16:54:37,alive
server lag: the server stalled,16:55:39,alive
server lag: not answering,16:56:41,alive
server lag: the server stalled,16:57:43,alive
pushed the profit report for cang,17:11:52,alive
supervisor cancelled with Ctrl x4,17:41:01,dead
no run alive; 2026-09-21_160155_run.log ended: interrupted from the keyboard,17:41:15,dead
relaunched (pid 8008),17:41:33,alive
pushed the profit report for cang,17:48:24,alive
server lag: not answering,17:54:15,alive
server lag: the server stalled,17:55:16,alive
server lag: the server stalled,17:55:37,alive
pushed the profit report for cang,18:03:14,alive
server lag: not answering,18:12:30,alive
server lag: the server stalled,18:13:31,alive
pushed the profit report for cang,18:18:23,alive
server lag: not answering,18:24:55,alive
server lag: the server stalled,18:25:57,alive
server lag: the server stalled,18:26:18,alive
war window, log quiet 169s,18:30:24,alive
pushed the profit report for cang,18:33:31,alive
NotReady: the Agent Shop would not reopen after resting.,18:36:16,dead
relaunched (pid 11168),18:36:33,alive
server lag: not answering,18:41:22,alive
server lag: the server stalled,18:42:23,alive
pushed the profit report for cang,18:48:37,alive
supervisor cancelled with Ctrl x4,18:59:14,dead
no run alive; 2026-09-21_183629_run.log ended: interrupted from the keyboard,21:56:23,dead
relaunched (pid 2712),21:56:55,alive
server lag: not answering,21:58:23,alive
server lag: the server stalled,21:59:27,alive
supervisor cancelled with Ctrl x4,22:01:34,dead
no run alive; 2026-09-21_215652_run.log ended: interrupted from the keyboard,22:27:06,dead
relaunched (pid 2408),22:27:38,alive
server lag: not answering,22:29:07,alive
server lag: the server stalled,22:30:11,alive
supervisor cancelled with Ctrl x4,22:42:52,dead
no run alive; 2026-09-21_222735_run.log ended: interrupted from the keyboard,00:41:11,dead
relaunched (pid 6676),00:41:41,alive
pushed the profit report for cang,00:56:29,alive
pushed the profit report for cang,01:11:33,alive
pushed the profit report for cang,01:26:36,alive
pushed the profit report for cang,01:41:42,alive
pushed the profit report for cang,01:56:46,alive
pushed the profit report for cang,02:11:50,alive
server lag: not answering,02:21:57,alive
server lag: the server stalled,02:23:02,alive
server lag: the server stalled,02:23:22,alive
pushed the profit report for cang,02:26:57,alive
supervisor cancelled with Ctrl x4,02:27:57,dead
no run alive; 2026-09-22_004138_run.log ended: interrupted from the keyboard,02:38:44,dead
relaunched (pid 8852),02:39:15,alive
server lag: not answering,02:48:21,alive
server lag: the server stalled,02:49:26,alive
server lag: the server stalled,02:49:46,alive
server lag: not answering,02:50:09,alive
server lag: the server stalled,02:51:13,alive
pushed the profit report for cang,03:00:21,alive
pushed the profit report for cang,03:15:23,alive
pushed the profit report for cang,03:30:28,alive
war window, log quiet 155s,03:31:32,alive
pushed the profit report for cang,03:45:42,alive
pushed the profit report for cang,04:00:47,alive
pushed the profit report for cang,04:15:57,alive
pushed the profit report for cang,04:31:04,alive
pushed the profit report for cang,04:46:11,alive
pushed the profit report for cang,05:01:20,alive
pushed the profit report for cang,05:16:30,alive
pushed the profit report for cang,05:31:37,alive
pushed the profit report for cang,05:46:46,alive
NotReady: the Agent Shop would not reopen after resting.,05:47:08,dead
relaunched (pid 8304),05:47:33,alive
pushed the profit report for cang,06:01:58,alive
pushed the profit report for cang,06:17:04,alive
war window, log quiet 165s,06:30:24,alive
pushed the profit report for cang,06:32:15,alive
server lag: not answering,06:42:46,alive
server lag: the server stalled,06:43:50,alive
pushed the profit report for cang,06:47:24,alive
server lag: not answering,06:54:25,alive
server lag: the server stalled,06:55:29,alive
server lag: not answering,06:55:50,alive
server lag: the server stalled,06:56:54,alive
pushed the profit report for cang,07:02:33,alive
server lag: not answering,07:02:53,alive
server lag: the server stalled,07:03:57,alive
server lag: not answering,07:08:09,alive
server lag: the server stalled,07:09:14,alive
pushed the profit report for cang,07:17:40,alive
server lag: not answering,07:22:13,alive
server lag: the server stalled,07:22:57,alive
server lag: the server stalled,07:23:18,alive
pushed the profit report for cang,07:32:48,alive
supervisor cancelled with Ctrl x4,07:35:23,dead
no run alive; 2026-09-22_054729_run.log ended: interrupted from the keyboard,07:37:00,dead
relaunched (pid 15272),07:37:32,alive
pushed the profit report for cang,08:01:40,alive
server lag: not answering,08:08:58,alive
server lag: the server stalled,08:10:00,alive
server lag: the server stalled,08:10:23,alive
pushed the profit report for cang,08:16:54,alive
NotReady: the Agent Shop is not open after resupplying Chaos Core.,08:26:00,dead
collect failed: driver.py --config cang collect exited 1: NotReady: the Trade window would not open.; carrying on,08:26:33,dead
the log says tab 4 holds 'Chaos Core', which is converted and never listed; converting it,08:26:33,dead
recovery attempt 1 failed: driver.py --config cang craft chaos exited 1: NotReady: the Trade window would not open.; attempt 2 in 60s,08:26:51,dead
collect failed: driver.py --config cang collect exited 1: NotReady: the Trade window would not open.; carrying on,08:28:24,dead
the log says tab 4 holds 'Chaos Core', which is converted and never listed; converting it,08:28:24,dead
recovery attempt 2 failed: driver.py --config cang craft chaos exited 1: NotReady: the Trade window would not open.; attempt 3 in 60s,08:28:42,dead
collect failed: driver.py --config cang collect exited 1: NotReady: the Trade window would not open.; carrying on,08:30:16,dead
the log says tab 4 holds 'Chaos Core', which is converted and never listed; converting it,08:30:16,dead
recovery failed 3 times: driver.py --config cang craft chaos exited 1: NotReady: the Trade window would not open.; relogging (1 of 1),08:30:34,dead
the relog was refused too: relog refused: Refused: no 'select character' in the menu after 3 Escape(s). Nothing clicked.,08:30:45,dead
supervisor stopped: driver.py --config cang craft chaos exited 1: NotReady: the Trade window would not open.,08:30:45,dead
no run alive; 2026-09-22_073728_run.log ended: NotReady: the Agent Shop is not open after resupplying Chaos Core.,11:04:52,dead
the log says tab 4 holds 'Chaos Core', which is converted and never listed; converting it,11:10:52,dead
recovery attempt 1 failed: driver.py --config cang craft chaos exited 1: NotReady: nothing loaded into the shop slot from (1,1) after 1 ctrl-click(s). Nothing has been listed. T; attempt 2 in 60s,11:12:34,dead
relaunched (pid 19328),11:13:58,alive
pushed the profit report for cang,11:24:56,alive
pushed the profit report for cang,11:40:01,alive
pushed the profit report for cang,11:55:06,alive
pushed the profit report for cang,12:10:10,alive
pushed the profit report for cang,12:25:16,alive
war window, log quiet 154s,12:30:13,alive
server lag: not answering,12:39:02,alive
server lag: the server stalled,12:39:46,alive
server lag: the server stalled,12:40:06,alive
pushed the profit report for cang,12:40:32,alive
pushed the profit report for cang,12:55:34,alive
pushed the profit report for cang,13:10:40,alive
pushed the profit report for cang,13:25:46,alive
pushed the profit report for cang,13:40:49,alive
pushed the profit report for cang,13:55:54,alive
supervisor cancelled with Ctrl x4,14:02:12,dead
no run alive; 2026-09-22_111355_run.log ended: interrupted from the keyboard,14:09:36,dead
supervisor cancelled with Ctrl x4,14:11:57,dead
no run alive; 2026-09-22_111355_run.log ended: interrupted from the keyboard,14:12:51,dead
supervisor cancelled with Ctrl x4,14:13:22,dead
no run alive; 2026-09-22_141318_run.log ended: interrupted from the keyboard,14:18:02,dead
relaunched (pid 11992),14:18:26,alive
pushed the profit report for cang,14:23:41,alive
supervisor cancelled with Ctrl x4,14:27:27,dead
no run alive; 2026-09-22_141822_run.log ended: the panel will not price 183,414,671 against its net sales after typing 250. Nothing has been listed.,14:47:01,dead
relaunched (pid 15492),14:47:32,alive
pushed the profit report for cang,14:58:48,alive
supervisor cancelled with Ctrl x4,15:00:10,dead
no run alive; 2026-09-22_144728_run.log ended: interrupted from the keyboard,15:47:19,dead
relaunched (pid 10756),15:47:50,alive
supervisor cancelled with Ctrl x4,15:50:39,dead
no run alive; 2026-09-22_154746_run.log ended: interrupted from the keyboard,15:51:08,dead
relaunched (pid 1384),15:51:39,alive
pushed the profit report for cang,16:11:00,alive
pushed the profit report for cang,16:26:03,alive
pushed the profit report for cang,16:41:10,alive
pushed the profit report for cang,16:56:17,alive
pushed the profit report for cang,17:11:22,alive
pushed the profit report for cang,17:26:27,alive
pushed the profit report for cang,17:41:31,alive
pushed the profit report for cang,17:56:38,alive
supervisor cancelled with Ctrl x4,18:04:18,dead
no run alive; 2026-09-22_155135_run.log ended: interrupted from the keyboard,18:39:45,dead
relaunched (pid 20212),18:40:15,alive
pushed the profit report for cang,18:50:10,alive
pushed the profit report for cang,19:05:14,alive
pushed the profit report for cang,19:20:20,alive
pushed the profit report for cang,19:35:24,alive
server lag: not answering,19:42:22,alive
server lag: the server stalled,19:43:26,alive
pushed the profit report for cang,19:50:31,alive
supervisor cancelled with Ctrl x4,20:03:26,dead
no run alive; 2026-09-22_184011_run.log ended: interrupted from the keyboard,20:15:41,dead
supervisor cancelled with Ctrl x4,20:15:56,dead
no run alive; 2026-09-22_184011_run.log ended: interrupted from the keyboard,20:16:04,dead
relaunched (pid 15928),20:16:35,alive
pushed the profit report for cang,20:25:45,alive
pushed the profit report for cang,20:40:54,alive
pushed the profit report for cang,20:55:58,alive
pushed the profit report for cang,21:11:02,alive
pushed the profit report for cang,21:26:09,alive
war window, log quiet 158s,21:30:01,alive
pushed the profit report for cang,21:41:20,alive
supervisor cancelled with Ctrl x4,21:45:12,dead
no run alive; 2026-09-22_201631_run.log ended: interrupted from the keyboard,00:38:56,dead
relaunched (pid 11012),00:39:28,alive
server lag: not answering,00:42:18,alive
server lag: the server stalled,00:43:22,alive
NotReady: the Agent Shop is not open after resupplying Chaos Core.,00:49:40,dead
collect failed: driver.py --config cang collect exited 1: NotReady: the Trade window would not open.; carrying on,00:50:15,dead
listing tab 4 slot (1,1) at the panel's price and the full quantity, the 'Chaos Core Set' the log says is there,00:50:15,dead
recovery attempt 1 failed: driver.py --config cang list 1 1 0 4 exited 1: NotReady: the Trade window would not open.; attempt 2 in 60s,00:50:33,dead
collect failed: driver.py --config cang collect exited 1: NotReady: the Trade window would not open.; carrying on,00:52:08,dead
listing tab 4 slot (1,1) at the panel's price and the full quantity, the 'Chaos Core Set' the log says is there,00:52:08,dead
recovery attempt 2 failed: driver.py --config cang list 1 1 0 4 exited 1: NotReady: the Trade window would not open.; attempt 3 in 60s,00:52:26,dead
collect failed: driver.py --config cang collect exited 1: NotReady: the Trade window would not open.; carrying on,00:54:01,dead
listing tab 4 slot (1,1) at the panel's price and the full quantity, the 'Chaos Core Set' the log says is there,00:54:01,dead
recovery failed 3 times: driver.py --config cang list 1 1 0 4 exited 1: NotReady: the Trade window would not open.; relogging (1 of 1),00:54:19,dead
relogged: back in the world,00:54:51,dead
listing tab 4 slot (1,1) at the panel's price and the full quantity, the 'Chaos Core Set' the log says is there,00:57:15,dead
finished: list 1 1 0 4 (Chaos Core Set); 0 slot(s) left,00:57:31,dead
relaunched (pid 14992),00:57:45,alive
RuntimeError: right-clicked the Agent Shop key 2 times and the Trade window never appeared. Nothing written.,00:58:09,dead
relaunched (pid 12292),00:58:39,alive
pushed the profit report for cang,01:07:07,alive
pushed the profit report for cang,01:22:11,alive
pushed the profit report for cang,01:37:15,alive
pushed the profit report for cang,01:52:23,alive
pushed the profit report for cang,02:07:29,alive
pushed the profit report for cang,02:22:32,alive
supervisor cancelled with Ctrl x4,02:30:13,dead
no run alive; 2026-09-23_005835_run.log ended: interrupted from the keyboard,02:42:51,dead
relaunched (pid 3236),02:43:22,alive
pushed the profit report for cang,02:55:22,alive
pushed the profit report for cang,03:10:26,alive
server lag: not answering,03:12:11,alive
server lag: the server stalled,03:13:16,alive
server lag: not answering,03:21:59,alive
server lag: the server stalled,03:23:02,alive
pushed the profit report for cang,03:25:34,alive
war window, log quiet 158s,03:31:54,alive
pushed the profit report for cang,03:40:45,alive
server lag: not answering,03:41:48,alive
server lag: the server stalled,03:42:29,alive
server lag: the server stalled,03:42:52,alive
server lag: not answering,03:43:56,alive
server lag: the server stalled,03:45:00,alive
pushed the profit report for cang,03:55:52,alive
server lag: not answering,04:01:26,alive
server lag: the server stalled,04:02:29,alive
server lag: the server stalled,04:02:52,alive
pushed the profit report for cang,04:10:57,alive
pushed the profit report for cang,04:26:01,alive
pushed the profit report for cang,04:41:04,alive
pushed the profit report for cang,04:56:10,alive
server lag: not answering,05:10:07,alive
server lag: the server stalled,05:11:11,alive
pushed the profit report for cang,05:11:15,alive
server lag: not answering,05:12:17,alive
server lag: the server stalled,05:13:22,alive
pushed the profit report for cang,05:26:21,alive
pushed the profit report for cang,05:41:28,alive
pushed the profit report for cang,05:56:37,alive
pushed the profit report for cang,06:11:47,alive
pushed the profit report for cang,06:27:01,alive
war window, log quiet 151s,06:30:14,alive
pushed the profit report for cang,06:42:17,alive
pushed the profit report for cang,06:57:29,alive
pushed the profit report for cang,07:12:35,alive
server lag: not answering,07:22:02,alive
server lag: the server stalled,07:23:06,alive
pushed the profit report for cang,07:27:43,alive
server lag: not answering,07:41:40,alive
server lag: the server stalled,07:42:24,alive
server lag: the server stalled,07:42:45,alive
pushed the profit report for cang,07:42:48,alive
pushed the profit report for cang,07:57:54,alive
server lag: not answering,08:03:07,alive
server lag: the server stalled,08:04:10,alive
server lag: the server stalled,08:04:32,alive
pushed the profit report for cang,08:12:59,alive
pushed the profit report for cang,08:28:02,alive
server lag: not answering,08:43:03,alive
pushed the profit report for cang,08:43:10,alive
server lag: the server stalled,08:43:50,alive
server lag: the server stalled,08:44:11,alive
server lag: not answering,08:45:36,alive
server lag: the server stalled,08:46:17,alive
server lag: the server stalled,08:46:40,alive
pushed the profit report for cang,08:58:22,alive
pushed the profit report for cang,09:13:30,alive
pushed the profit report for cang,09:28:42,alive
disconnected (run still up),09:29:44,alive
disconnected 7s on; killing pid 3236,09:29:51,dead
war window, log quiet 152s,09:29:51,alive
ended without a reason line, exit code 1; nothing in driver.py exits without one, so it was stopped from outside,09:29:51,dead
recovered: back in the world,09:30:55,dead
relaunched (pid 15916),09:31:24,alive
server lag: not answering,09:33:11,alive
server lag: the server stalled,09:34:15,dead
ServerStalled: the server stalled for 60s; nothing was clicked and the shop is shut. The pass starts again.,09:34:15,dead
the server took the run down: ServerStalled: the server stalled for 60s; nothing was clicked and the shop is shut. The pass starts again.; not counted as a short run,09:34:15,dead
relaunched (pid 12284),09:34:45,alive
RuntimeError: pressed I 2 times; the Inventory panel is not open where calibration.json says it is.,09:37:14,dead
recovered: back in the world,09:37:58,dead
relaunched (pid 4928),09:38:27,alive
server lag: not answering,09:50:22,alive
server lag: the server stalled,09:51:27,alive
pushed the profit report for cang,09:56:44,alive
pushed the profit report for cang,10:11:51,alive
pushed the profit report for cang,10:26:56,alive
pushed the profit report for cang,10:42:01,alive
server lag: not answering,10:42:42,alive
server lag: the server stalled,10:43:45,alive
RuntimeError: pressed I 2 times; the Inventory panel is not open where calibration.json says it is.,10:56:23,dead
recovery attempt 1 failed: nothing recognisable on screen: disconnect=None, failed=None, login=None, select=None, alz=False, trade=False, vendor=False, craft=False, buttons=[], ; attempt 2 in 60s,10:56:43,dead
recovery attempt 2 failed: nothing recognisable on screen: disconnect=None, failed=None, login=None, select=None, alz=False, trade=False, vendor=False, craft=False, buttons=[], ; attempt 3 in 60s,10:58:03,dead
recovery failed 3 times: nothing recognisable on screen: disconnect=None, failed=None, login=None, select=None, alz=False, trade=False, vendor=False, craft=False, buttons=[], ; relogging (1 of 1),10:59:24,dead
relogged: back in the world,10:59:57,dead
listing tab 4 slot (1,1) at the panel's price and the full quantity, the 'Divine Stone' the log says is there,11:01:51,dead
finished: list 1 1 0 4 (Divine Stone); 0 slot(s) left,11:02:06,dead
relaunched (pid 17368),11:02:20,alive
server lag: not answering,11:05:29,alive
server lag: the server stalled,11:06:32,alive
pushed the profit report for cang,11:12:32,alive
pushed the profit report for cang,11:27:40,alive
pushed the profit report for cang,11:42:43,alive
pushed the profit report for cang,11:57:45,alive
pushed the profit report for cang,12:12:51,alive
pushed the profit report for cang,12:27:55,alive
war window, log quiet 168s,12:31:06,alive
pushed the profit report for cang,12:43:04,alive
pushed the profit report for cang,12:58:11,alive
pushed the profit report for cang,13:13:16,alive
server lag: not answering,13:13:57,alive
server lag: the server stalled,13:14:40,alive
server lag: the server stalled,13:15:01,alive
server lag: not answering,13:20:16,alive
server lag: the server stalled,13:21:19,alive
server lag: not answering,13:24:50,alive
server lag: the server stalled,13:25:54,alive
server lag: the server stalled,13:26:15,alive
server lag: not answering,13:28:21,alive
pushed the profit report for cang,13:28:25,alive
server lag: the server stalled,13:29:28,alive
pushed the profit report for cang,13:43:34,alive
pushed the profit report for cang,13:58:40,alive
pushed the profit report for cang,14:13:43,alive
pushed the profit report for cang,14:28:50,alive
pushed the profit report for cang,14:43:56,alive
RuntimeError: pressed I 2 times; the Inventory panel is not open where calibration.json says it is.,14:55:09,dead
listing tab 4 slot (1,1) at the panel's price and the full quantity, the 'Divine Stone Set' the log says is there,14:57:10,dead
finished: list 1 1 0 4 (Divine Stone Set); 0 slot(s) left,14:57:26,dead
relaunched (pid 14356),14:57:40,alive
NotReady: the Inventory panel would not open, so tab 4 cannot be read.,15:00:51,dead
recovery attempt 1 failed: the Inventory panel would not open; no Alz readable; attempt 2 in 60s,15:01:07,dead
relaunched (pid 4304),15:02:36,alive
pushed the profit report for cang,15:11:26,alive
pushed the profit report for cang,15:26:30,alive
war window, log quiet 156s,15:30:23,alive
pushed the profit report for cang,15:41:42,alive
RuntimeError: pressed I 2 times; the Inventory panel is not open where calibration.json says it is.,15:50:26,dead
relaunched (pid 584),15:50:55,alive
pushed the profit report for cang,15:56:56,alive
pushed the profit report for cang,16:12:04,alive
pushed the profit report for cang,16:27:07,alive
pushed the profit report for cang,16:42:11,alive
pushed the profit report for cang,16:57:16,alive
pushed the profit report for cang,17:12:20,alive
pushed the profit report for cang,17:27:21,alive
supervisor cancelled with Ctrl x4,17:37:06,dead
no run alive; 2026-09-23_155051_run.log ended: interrupted from the keyboard,18:40:55,dead
relaunched (pid 14540),18:41:27,alive
server lag: not answering,19:08:07,alive
server lag: the server stalled,19:08:48,alive
server lag: the server stalled,19:09:11,alive
supervisor cancelled with Ctrl x4,19:10:55,dead
attached (pid 14540),19:11:10,alive
NotReady: the Agent Shop is not open after resupplying.,19:11:12,dead
supervisor cancelled with Ctrl x4,19:11:26,dead
no run alive; 2026-09-23_184123_run.log ended: NotReady: the Agent Shop is not open after resupplying.,19:11:56,dead
relaunched (pid 6816),19:12:27,alive
pushed the profit report for cang,19:19:59,alive
server lag: not answering,19:29:03,alive
server lag: the server stalled,19:30:07,alive
server lag: the server stalled,19:30:28,alive
pushed the profit report for cang,19:35:06,alive
pushed the profit report for cang,19:50:12,alive
server lag: not answering,19:51:35,alive
server lag: the server stalled,19:52:40,alive
pushed the profit report for cang,20:05:21,alive
pushed the profit report for cang,20:20:26,alive
server lag: not answering,20:33:02,alive
server lag: the server stalled,20:34:07,alive
pushed the profit report for cang,20:35:35,alive
server lag: not answering,20:44:42,alive
server lag: the server stalled,20:45:46,alive
server lag: the server stalled,20:46:07,alive
pushed the profit report for cang,20:50:43,alive
server lag: not answering,20:52:06,alive
server lag: the server stalled,20:53:10,alive
server lag: the server stalled,20:53:31,alive
pushed the profit report for cang,21:05:48,alive
pushed the profit report for cang,21:20:53,alive
war window, log quiet 151s,21:30:47,alive
server lag: not answering,21:35:25,alive
pushed the profit report for cang,21:36:13,alive
server lag: the server stalled,21:36:33,alive
server lag: the server stalled,21:36:54,alive
server lag: not answering,21:37:14,alive
server lag: the server stalled,21:37:58,alive
server lag: the server stalled,21:38:19,alive
server lag: not answering,21:42:12,alive
server lag: the server stalled,21:43:16,alive
server lag: not answering,21:43:59,alive
server lag: the server stalled,21:44:40,alive
server lag: the server stalled,21:45:04,alive
pushed the profit report for cang,21:51:26,alive
supervisor cancelled with Ctrl x4,21:53:32,dead
no run alive; 2026-09-23_191223_run.log ended: interrupted from the keyboard,21:53:39,dead
relaunched (pid 7424),21:54:04,alive
pushed the profit report for cang,22:00:28,alive
supervisor cancelled with Ctrl x4,22:10:54,dead
no run alive; 2026-09-23_215400_run.log ended: interrupted from the keyboard,23:45:23,dead
relaunched (pid 12076),23:45:53,alive
pushed the profit report for cang,23:52:17,alive
supervisor cancelled with Ctrl x4,23:59:14,dead
no run alive; 2026-09-23_234550_run.log ended: interrupted from the keyboard,00:37:18,dead
relaunched (pid 9084),00:37:47,alive
pushed the profit report for cang,00:47:40,alive
pushed the profit report for cang,01:02:42,alive
server lag: not answering,01:06:11,alive
server lag: the server stalled,01:07:15,alive
pushed the profit report for cang,01:17:48,alive
server lag: not answering,01:18:08,alive
server lag: the server stalled,01:19:12,alive
pushed the profit report for cang,01:32:49,alive
server lag: not answering,01:37:21,alive
server lag: the server stalled,01:38:25,alive
server lag: the server stalled,01:38:46,alive
pushed the profit report for cang,01:47:53,alive
pushed the profit report for cang,02:02:58,alive
server lag: not answering,02:03:18,alive
server lag: the server stalled,02:04:21,alive
server lag: the server stalled,02:04:42,alive
pushed the profit report for cang,02:18:01,alive
supervisor cancelled with Ctrl x4,02:30:35,dead
no run alive; 2026-09-24_003743_run.log ended: interrupted from the keyboard,02:41:40,dead
relaunched (pid 18652),02:42:11,alive
pushed the profit report for cang,02:55:14,alive
server lag: not answering,03:04:17,alive
server lag: the server stalled,03:05:20,alive
server lag: not answering,03:05:43,alive
server lag: the server stalled,03:06:47,alive
server lag: not answering,03:07:28,alive
server lag: the server stalled,03:08:12,alive
server lag: the server stalled,03:08:33,alive
pushed the profit report for cang,03:10:21,alive
server lag: not answering,03:19:03,alive
server lag: the server stalled,03:20:06,alive
pushed the profit report for cang,03:25:24,alive
server lag: not answering,03:26:04,alive
server lag: the server stalled,03:27:09,alive
war window, log quiet 169s,03:30:43,alive
pushed the profit report for cang,03:40:34,alive
NotReady: the Agent Shop would not reopen after resting.,03:55:32,dead
relaunched (pid 4108),03:56:01,alive
RuntimeError: right-clicked the Agent Shop key 2 times and the Trade window never appeared. Nothing written.,03:56:45,dead
relaunched (pid 6432),03:57:14,alive
RuntimeError: right-clicked the Agent Shop key 2 times and the Trade window never appeared. Nothing written.,03:57:58,dead
relaunched (pid 15736),03:58:26,alive
RuntimeError: right-clicked the Agent Shop key 2 times and the Trade window never appeared. Nothing written.,03:58:50,dead
3 runs in a row died within 300s of launch; relogging (1 of 1),03:58:50,dead
recovery attempt 1 failed: relog refused: Refused: no character list within 30s of confirming 'select character', so the character is still in the world.; attempt 2 in 60s,03:59:53,dead
recovery attempt 2 failed: nothing recognisable on screen: disconnect=None, failed=None, login=None, select=None, alz=False, trade=False, vendor=False, craft=False, buttons=[], ; attempt 3 in 60s,04:01:12,dead
recovered: back in the world,04:02:59,dead
recovery failed 3 times: relog refused: Refused: no character list within 30s of confirming 'select character', so the character is still in the world.; relogging (1 of 1),04:04:00,dead
relogged: back in the world,04:04:27,dead
recovery attempt 1 failed: relog refused: Refused: no character list within 30s of confirming 'select character', so the character is still in the world.; attempt 2 in 60s,04:05:29,dead
recovery attempt 2 failed: relog refused: Refused: no character list within 30s of confirming 'select character', so the character is still in the world.; attempt 3 in 60s,04:07:30,dead
relogged: back in the world,04:09:19,dead
relaunched (pid 12256),04:09:23,alive
pushed the profit report for cang,04:21:41,alive
pushed the profit report for cang,04:36:45,alive
pushed the profit report for cang,04:51:48,alive
pushed the profit report for cang,05:06:51,alive
pushed the profit report for cang,05:21:55,alive
pushed the profit report for cang,05:36:58,alive
pushed the profit report for cang,05:52:01,alive
pushed the profit report for cang,06:07:06,alive
pushed the profit report for cang,06:22:09,alive
war window, log quiet 160s,06:29:52,alive
pushed the profit report for cang,06:37:29,alive
server lag: not answering,06:45:11,alive
server lag: the server stalled,06:46:15,alive
pushed the profit report for cang,06:52:37,alive
supervisor cancelled with Ctrl x4,07:04:07,dead
no run alive; 2026-09-24_040919_run.log ended: interrupted from the keyboard,07:24:46,dead
relaunched (pid 2640),07:25:17,alive
pushed the profit report for cang,07:32:23,alive
pushed the profit report for cang,07:47:28,alive
pushed the profit report for cang,08:02:33,alive
pushed the profit report for cang,08:17:38,alive
pushed the profit report for cang,08:32:47,alive
server lag: not answering,08:44:17,alive
server lag: the server stalled,08:45:20,alive
server lag: the server stalled,08:45:44,alive
server lag: not answering,08:46:48,alive
server lag: the server stalled,08:47:52,alive
pushed the profit report for cang,08:47:55,alive
pushed the profit report for cang,09:03:00,alive
pushed the profit report for cang,09:18:11,alive
server lag: not answering,09:21:18,alive
server lag: the server stalled,09:22:22,alive
server lag: not answering,09:23:05,alive
server lag: the server stalled,09:24:10,alive
war window, log quiet 166s,09:30:53,alive
pushed the profit report for cang,09:33:39,alive
server lag: not answering,09:37:33,alive
server lag: the server stalled,09:38:37,alive
server lag: not answering,09:38:58,alive
server lag: the server stalled,09:40:02,alive
server lag: the server stalled,09:40:23,alive
supervisor cancelled with Ctrl x4,09:42:51,dead
no run alive; 2026-09-24_072514_run.log ended: interrupted from the keyboard,09:47:00,dead
relaunched (pid 12976),09:47:25,alive
supervisor cancelled with Ctrl x4,09:53:23,dead
no run alive; 2026-09-24_094721_run.log ended: interrupted from the keyboard,10:47:54,dead
relaunched (pid 20016),10:48:25,alive
server lag: not answering,10:53:22,alive
server lag: the server stalled,10:54:26,alive
server lag: the server stalled,10:54:47,alive
server lag: not answering,11:03:33,alive
server lag: the server stalled,11:04:37,alive
supervisor cancelled with Ctrl x4,11:09:11,dead
no run alive; 2026-09-24_104822_run.log ended: interrupted from the keyboard,11:50:45,dead
relaunched (pid 6176),11:51:13,alive
supervisor cancelled with Ctrl x4,12:00:20,dead
no run alive; 2026-09-24_115110_run.log ended: interrupted from the keyboard,12:06:53,dead
relaunched (pid 13064),12:07:21,alive
server lag: not answering,12:08:48,alive
server lag: the server stalled,12:09:29,alive
server lag: the server stalled,12:09:53,alive
pushed the profit report for cang,12:21:10,alive
war window, log quiet 165s,12:30:16,alive
supervisor cancelled with Ctrl x4,12:30:22,dead
no run alive; 2026-09-24_120718_run.log ended: interrupted from the keyboard,12:35:44,dead
relaunched (pid 11648),12:36:15,alive
pushed the profit report for cang,12:45:07,alive
NotReady: the Agent Shop would not reopen after resting.,12:55:14,dead
collect failed: driver.py --config cang collect exited 1: NotReady: the Trade window would not open.; carrying on,12:55:51,dead
the log says tab 4 holds 'Chaos Core', which is converted and never listed; converting it,12:55:51,dead
recovery attempt 1 failed: driver.py --config cang craft chaos exited 1: NotReady: the Trade window would not open.; attempt 2 in 60s,12:56:09,dead
collect failed: driver.py --config cang collect exited 1: NotReady: the Trade window would not open.; carrying on,12:57:45,dead
the log says tab 4 holds 'Chaos Core', which is converted and never listed; converting it,12:57:45,dead
recovery attempt 2 failed: driver.py --config cang craft chaos exited 1: NotReady: the Trade window would not open.; attempt 3 in 60s,12:58:04,dead
collect failed: driver.py --config cang collect exited 1: NotReady: the Trade window would not open.; carrying on,12:59:41,dead
the log says tab 4 holds 'Chaos Core', which is converted and never listed; converting it,12:59:41,dead
recovery failed 3 times: driver.py --config cang craft chaos exited 1: NotReady: the Trade window would not open.; relogging (1 of 1),12:59:59,dead
relogged: back in the world,13:00:32,dead
relaunched (pid 9028),13:01:01,alive
pushed the profit report for cang,13:08:49,alive
pushed the profit report for cang,13:23:53,alive
pushed the profit report for cang,13:39:00,alive
pushed the profit report for cang,13:54:03,alive
pushed the profit report for cang,14:09:07,alive
pushed the profit report for cang,14:24:15,alive
supervisor cancelled with Ctrl x4,14:30:53,dead
no run alive; 2026-09-24_130057_run.log ended: interrupted from the keyboard,15:39:11,dead
relaunched (pid 21416),15:39:39,alive
pushed the profit report for cang,15:50:14,alive
pushed the profit report for cang,16:05:16,alive
server lag: not answering,16:11:33,alive
server lag: the server stalled,16:12:14,alive
server lag: the server stalled,16:12:38,alive
server lag: not answering,16:15:04,alive
server lag: the server stalled,16:16:08,alive
pushed the profit report for cang,16:20:23,alive
pushed the profit report for cang,16:35:30,alive
server lag: not answering,16:42:08,alive
server lag: the server stalled,16:43:12,alive
server lag: the server stalled,16:43:32,alive
pushed the profit report for cang,16:50:37,alive
pushed the profit report for cang,17:05:40,alive
pushed the profit report for cang,17:20:45,alive
pushed the profit report for cang,17:35:47,alive
pushed the profit report for cang,17:50:52,alive
server lag: not answering,18:03:48,alive
server lag: the server stalled,18:04:52,alive
server lag: not answering,18:05:35,alive
pushed the profit report for cang,18:06:02,alive
server lag: the server stalled,18:06:42,alive
server lag: the server stalled,18:07:03,alive
supervisor cancelled with Ctrl x4,18:16:51,dead
no run alive; 2026-09-24_153936_run.log ended: interrupted from the keyboard,18:35:22,dead
relaunched (pid 8096),18:35:53,alive
pushed the profit report for cang,18:43:20,alive
pushed the profit report for cang,18:58:26,alive
pushed the profit report for cang,19:13:30,alive
pushed the profit report for cang,19:28:35,alive
pushed the profit report for cang,19:43:38,alive
pushed the profit report for cang,19:58:42,alive
pushed the profit report for cang,20:13:46,alive
supervisor cancelled with Ctrl x4,20:27:41,dead
no run alive; 2026-09-24_183549_run.log ended: interrupted from the keyboard,21:35:08,dead
relaunched (pid 16732),21:35:39,alive
pushed the profit report for cang,21:50:08,alive
pushed the profit report for cang,22:05:15,alive
pushed the profit report for cang,22:20:17,alive
server lag: not answering,22:30:23,alive
server lag: the server stalled,22:31:26,alive
pushed the profit report for cang,22:35:21,alive
server lag: not answering,22:44:04,alive
server lag: the server stalled,22:45:07,alive
server lag: the server stalled,22:45:30,alive
pushed the profit report for cang,22:50:28,alive
server lag: not answering,22:53:56,alive
server lag: the server stalled,22:55:00,alive
pushed the profit report for cang,23:05:34,alive
server lag: not answering,23:14:36,alive
server lag: the server stalled,23:15:39,alive
pushed the profit report for cang,23:20:37,alive
pushed the profit report for cang,23:35:42,alive
server lag: not answering,23:46:33,alive
server lag: the server stalled,23:47:37,alive
server lag: not answering,23:50:24,alive
pushed the profit report for cang,23:50:49,alive
server lag: the server stalled,23:51:30,alive
server lag: the server stalled,23:51:52,alive
server lag: not answering,23:52:13,alive
server lag: the server stalled,23:53:17,alive
server lag: not answering,23:56:07,alive
server lag: the server stalled,23:57:11,alive
server lag: the server stalled,23:57:32,alive
pushed the profit report for cang,00:05:58,alive
pushed the profit report for cang,00:21:05,alive
server lag: not answering,00:23:51,alive
server lag: the server stalled,00:24:55,alive
disconnected (run still up),00:30:34,alive
disconnected 7s on; killing pid 16732,00:30:41,dead
war window, log quiet 169s,00:30:41,alive
ended without a reason line, exit code 1; nothing in driver.py exits without one, so it was stopped from outside,00:30:41,dead
recovered: back in the world,00:31:30,dead
relaunched (pid 9456),00:32:02,alive
server lag: not answering,00:42:32,alive
server lag: the server stalled,00:43:37,alive
pushed the profit report for cang,00:48:34,alive
server lag: not answering,00:54:09,alive
server lag: the server stalled,00:55:13,alive
server lag: not answering,00:58:01,alive
server lag: the server stalled,00:59:05,alive
server lag: the server stalled,00:59:26,alive
pushed the profit report for cang,01:03:43,alive
pushed the profit report for cang,01:18:47,alive
stop condition: the panel prices what loaded from (1,1) at 723,000, and 'Chaos Core Set' sells near 214,040,526, and nothing it resolves to would go out above 722,999,01:19:27,dead
the panel prices what loaded from (1,1) at 723,000, and 'Chaos Core Set' sells near 214,040,526, and nothing it resolves to would go out above 722,999,01:19:30,dead
listing tab 4 slot (1,1) at the panel's price and the full quantity, the 'Chaos Core Set' the log says is there,01:22:02,dead
finished: list 1 1 0 4 (Chaos Core Set); 0 slot(s) left,01:22:17,dead
relaunched (pid 13284),01:22:30,alive
server lag: not answering,01:31:37,alive
server lag: the server stalled,01:32:41,alive
pushed the profit report for cang,01:33:48,alive
supervisor cancelled with Ctrl x4,01:36:13,dead
no run alive; 2026-09-25_012227_run.log ended: interrupted from the keyboard,01:51:16,dead
listing tab 4 slot (1,1) at the panel's price and the full quantity, whatever it is,01:53:14,dead
finished: list 1 1 0 4 (unnamed); 0 slot(s) left,01:53:26,dead
relaunched (pid 14304),01:53:37,alive
RuntimeError: the vendor Shop did not open on N, so the conversion grid cannot be measured. Nothing written.,01:55:01,dead
relaunched (pid 18056),01:55:17,alive
pushed the profit report for cang,02:02:13,alive
NotReady: the Agent Shop is not open after resupplying.,02:05:00,dead
collect failed: driver.py --config cang collect exited 1: NotReady: the Trade window would not open.; carrying on,02:05:33,dead
listing tab 4 slot (1,1) at the panel's price and the full quantity, the 'Chaos Core Set' the log says is there,02:05:33,dead
recovery attempt 1 failed: driver.py --config cang list 1 1 0 4 exited 1: NotReady: the Trade window would not open.; attempt 2 in 60s,02:05:51,dead
collect failed: driver.py --config cang collect exited 1: NotReady: the Trade window would not open.; carrying on,02:07:25,dead
listing tab 4 slot (1,1) at the panel's price and the full quantity, the 'Chaos Core Set' the log says is there,02:07:25,dead
recovery attempt 2 failed: driver.py --config cang list 1 1 0 4 exited 1: NotReady: the Trade window would not open.; attempt 3 in 60s,02:07:43,dead
collect failed: driver.py --config cang collect exited 1: NotReady: the Trade window would not open.; carrying on,02:09:17,dead
listing tab 4 slot (1,1) at the panel's price and the full quantity, the 'Chaos Core Set' the log says is there,02:09:17,dead
recovery failed 3 times: driver.py --config cang list 1 1 0 4 exited 1: NotReady: the Trade window would not open.; relogging (1 of 1),02:09:35,dead
the relog was refused too: relog refused: Refused: no 'select character' in the menu after 3 Escape(s). Nothing clicked.,02:09:46,dead
supervisor stopped: driver.py --config cang list 1 1 0 4 exited 1: NotReady: the Trade window would not open.,02:09:46,dead
no run alive; 2026-09-25_015514_run.log ended: NotReady: the Agent Shop is not open after resupplying.,02:14:57,dead
listing tab 4 slot (1,1) at the panel's price and the full quantity, the 'Chaos Core Set' the log says is there,02:16:46,dead
finished: list 1 1 0 4 (Chaos Core Set); 0 slot(s) left,02:17:02,dead
relaunched (pid 11816),02:17:13,alive
server lag: not answering,02:21:21,alive
server lag: does not count,02:22:23,alive
supervisor cancelled with Ctrl x4,02:24:26,dead
no run alive; 2026-09-25_021709_run.log ended: interrupted from the keyboard,02:45:23,dead
relaunched (pid 15128),02:45:41,alive
pushed the profit report for cang,03:02:35,alive
server lag: not answering,03:12:57,alive
server lag: the server stalled,03:14:00,alive
server lag: not answering,03:16:45,alive
server lag: the server stalled,03:17:48,alive
disconnected (run still up),03:17:49,alive
disconnected 7s on; killing pid 15128,03:17:56,dead
ended without a reason line, exit code 1; nothing in driver.py exits without one, so it was stopped from outside,03:17:56,dead
recovered: back in the world,03:18:46,dead
listing tab 4 slot (1,1) at the panel's price and the full quantity, the 'Divine Stone' the log says is there,03:20:29,dead
finished: list 1 1 0 4 (Divine Stone); 0 slot(s) left,03:20:45,dead
relaunched (pid 19032),03:20:58,alive
pushed the profit report for cang,03:28:18,alive
war window, log quiet 155s,03:31:03,alive
pushed the profit report for cang,03:43:35,alive
pushed the profit report for cang,03:58:51,alive
pushed the profit report for cang,04:14:08,alive
server lag: not answering,04:23:27,alive
server lag: the server stalled,04:24:29,alive
server lag: the server stalled,04:24:51,alive
pushed the profit report for cang,04:29:24,alive
pushed the profit report for cang,04:44:41,alive
pushed the profit report for cang,04:59:57,alive
pushed the profit report for cang,05:15:12,alive
pushed the profit report for cang,05:30:29,alive
pushed the profit report for cang,05:45:46,alive
pushed the profit report for cang,06:01:02,alive
pushed the profit report for cang,06:16:19,alive
server lag: not answering,06:27:23,alive
server lag: the server stalled,06:28:25,alive
war window, log quiet 160s,06:30:53,alive
pushed the profit report for cang,06:31:38,alive
pushed the profit report for cang,06:46:54,alive
server lag: not answering,06:52:26,alive
server lag: the server stalled,06:53:29,alive
server lag: the server stalled,06:53:51,alive
pushed the profit report for cang,07:02:14,alive
pushed the profit report for cang,07:17:32,alive
pushed the profit report for cang,07:32:48,alive
stop condition: no Cancel button appeared after clicking Change on row 9. Nothing has been cancelled.,07:34:10,dead
no Cancel button appeared after clicking Change on row 9. Nothing has been cancelled.,07:34:12,dead
listing tab 4 slot (1,1) at the panel's price and the full quantity, the 'Force Core(High' the log says is there,07:35:48,dead
finished: list 1 1 0 4 (Force Core(High); 0 slot(s) left,07:36:04,dead
relaunched (pid 6660),07:36:17,alive
pushed the profit report for cang,07:48:06,alive
pushed the profit report for cang,08:03:22,alive
pushed the profit report for cang,08:18:37,alive
supervisor cancelled with Ctrl x4,08:26:35,dead
no run alive; 2026-09-25_073613_run.log ended: interrupted from the keyboard,10:16:16,dead
relaunched (pid 17600),10:16:35,alive
server lag: not answering,10:19:20,alive
server lag: the server stalled,10:20:22,alive
the profit report was written but not pushed: git fetch origin main gave no answer in 30s,10:30:52,alive
server lag: not answering,10:32:55,alive
server lag: the server stalled,10:33:57,alive
server lag: the server stalled,10:34:18,alive
supervisor cancelled with Ctrl x4,10:35:20,dead
no run alive; 2026-09-25_101631_run.log ended: NotReady: the Agent Shop is not open after resupplying.,10:36:19,dead
relaunched (pid 19604),10:36:46,alive
supervisor cancelled with Ctrl x4,10:37:05,dead
no run alive; 2026-09-25_103642_run.log ended: interrupted from the keyboard,10:37:48,dead
relaunched (pid 2856),10:38:09,alive
server lag: not answering,10:44:00,alive
server lag: the server stalled,10:45:01,alive
server lag: the server stalled,10:45:22,alive
pushed the profit report for cang,10:52:59,alive
server lag: not answering,11:03:57,alive
server lag: the server stalled,11:04:59,alive
pushed the profit report for cang,11:08:09,alive
server lag: not answering,11:19:07,alive
server lag: the server stalled,11:20:09,alive
pushed the profit report for cang,11:23:17,alive
pushed the profit report for cang,11:38:27,alive
pushed the profit report for cang,11:53:37,alive
supervisor cancelled with Ctrl x4,12:01:30,dead
no run alive; 2026-09-25_103805_run.log ended: interrupted from the keyboard,12:40:41,dead
relaunched (pid 6780),12:40:59,alive
server lag: not answering,12:57:49,alive
server lag: the server stalled,12:58:50,alive
server lag: not answering,13:05:01,alive
server lag: the server stalled,13:06:03,alive
server lag: not answering,13:08:47,alive
supervisor cancelled with Ctrl x4,13:09:08,dead
no run alive; 2026-09-25_124055_run.log ended: RuntimeError: the Inventory panel is not open after pressing I and clicking tab 6. The game is showing something else -- a loading screen, a transfer,,15:11:14,dead
relaunched (pid 19364),15:11:32,alive
supervisor cancelled with Ctrl x4,15:15:40,dead
no run alive; 2026-09-25_151128_run.log ended: RuntimeError: pressed I 2 times; the Inventory panel is not open where calibration.json says it is.,15:20:17,dead
relaunched (pid 16820),15:20:45,alive
server lag: not answering,15:23:35,alive
server lag: the server stalled,15:24:39,alive
war window, log quiet 167s,15:30:39,alive
pushed the profit report for cang,15:40:11,alive
server lag: not answering,15:40:32,alive
server lag: the server stalled,15:41:36,alive
pushed the profit report for cang,15:55:16,alive
pushed the profit report for cang,16:10:18,alive
pushed the profit report for cang,16:25:20,alive
pushed the profit report for cang,16:40:22,alive
server lag: not answering,16:42:48,alive
server lag: the server stalled,16:43:52,alive
stop condition: the panel prices what loaded from (1,1) at 4,026,507, and 'Palladium Headpiece (DM) | Lua' sells near 5,999,997, and 4,026,507 is the price of nothing,16:45:38,dead
the panel prices what loaded from (1,1) at 4,026,507, and 'Palladium Headpiece (DM) | Lua' sells near 5,999,997, and 4,026,507 is the price of nothing,16:45:38,dead
listing tab 4 slot (1,1) at the panel's price and the full quantity, the 'Palladium Headpiece (DM) | Lua' the log says is there,16:47:25,dead
finished: list 1 1 0 4 (Palladium Headpiece (DM) | Lua); 0 slot(s) left,16:47:42,dead
relaunched (pid 19084),16:47:56,alive
pushed the profit report for cang,16:55:42,alive
server lag: not answering,16:59:54,alive
server lag: the server stalled,17:00:58,alive
server lag: the server stalled,17:01:19,alive
pushed the profit report for cang,17:10:47,alive
pushed the profit report for cang,17:25:51,alive
pushed the profit report for cang,17:40:53,alive
pushed the profit report for cang,17:56:17,alive
pushed the profit report for cang,18:11:00,alive
server lag: not answering,18:22:09,alive
server lag: the server stalled,18:23:14,alive
supervisor cancelled with Ctrl x4,18:23:54,dead
no run alive; 2026-09-25_164752_run.log ended: RuntimeError: the Inventory panel is not open after pressing I and clicking tab 6. The game is showing something else -- a loading screen, a transfer,,18:33:05,dead
supervisor crashed: ServerStalled: the server stalled for 60s; nothing was clicked and the shop is shut. The pass starts again.,18:34:16,dead
no run alive; 2026-09-25_164752_run.log ended: RuntimeError: the Inventory panel is not open after pressing I and clicking tab 6. The game is showing something else -- a loading screen, a transfer,,18:44:17,dead
relaunched (pid 21108),18:44:46,alive
pushed the profit report for cang,18:54:22,alive
pushed the profit report for cang,19:09:24,alive
pushed the profit report for cang,19:24:27,alive
pushed the profit report for cang,19:39:32,alive
pushed the profit report for cang,19:54:36,alive
pushed the profit report for cang,20:09:39,alive
supervisor cancelled with Ctrl x4,20:11:45,dead
no run alive; 2026-09-25_184442_run.log ended: interrupted from the keyboard,20:37:01,dead
relaunched (pid 6180),20:37:28,alive
pushed the profit report for cang,20:44:13,alive
supervisor cancelled with Ctrl x4,20:50:09,dead
no run alive; 2026-09-25_203724_run.log ended: interrupted from the keyboard,22:58:23,dead
relaunched (pid 4888),22:58:41,alive
supervisor cancelled with Ctrl x4,23:01:39,dead
no run alive; 2026-09-25_225837_run.log ended: interrupted from the keyboard,23:01:46,dead
relaunched (pid 13076),23:02:03,alive
pushed the profit report for cang,23:07:16,alive
server lag: not answering,23:07:36,alive
server lag: the server stalled,23:08:38,alive
server lag: the server stalled,23:08:59,alive
server lag: not answering,23:15:51,alive
server lag: the server stalled,23:16:53,alive
server lag: the server stalled,23:17:13,alive
pushed the profit report for cang,23:22:25,alive
pushed the profit report for cang,23:37:36,alive
pushed the profit report for cang,23:52:45,alive
supervisor cancelled with Ctrl x4,23:59:36,dead
no run alive; 2026-09-25_230200_run.log ended: interrupted from the keyboard,00:41:15,dead
supervisor cancelled with Ctrl x4,00:41:20,dead
no run alive; 2026-09-25_230200_run.log ended: interrupted from the keyboard,00:41:28,dead
relaunched (pid 14964),00:41:45,alive
pushed the profit report for cang,00:50:03,alive
pushed the profit report for cang,01:05:11,alive
pushed the profit report for cang,01:20:20,alive
pushed the profit report for cang,01:35:29,alive
pushed the profit report for cang,01:50:37,alive
server lag: not answering,01:58:09,alive
server lag: the server stalled,01:59:11,alive
pushed the profit report for cang,02:05:46,alive
pushed the profit report for cang,02:20:54,alive
supervisor cancelled with Ctrl x4,02:27:25,dead
no run alive; 2026-09-26_004141_run.log ended: interrupted from the keyboard,02:37:29,dead
relaunched (pid 18808),02:37:47,alive
pushed the profit report for cang,02:46:25,alive
pushed the profit report for cang,03:01:34,alive
supervisor cancelled with Ctrl x4,03:15:00,dead
no run alive; 2026-09-26_023743_run.log ended: interrupted from the keyboard,03:15:22,dead
relaunched (pid 15740),03:15:39,alive
pushed the profit report for cang,03:21:54,alive
server lag: not answering,03:33:12,alive
server lag: the server stalled,03:33:54,alive
server lag: the server stalled,03:34:14,alive
pushed the profit report for cang,03:37:03,alive
pushed the profit report for cang,03:52:12,alive
pushed the profit report for cang,04:07:21,alive
server lag: not answering,04:07:41,alive
server lag: the server stalled,04:08:43,alive
server lag: the server stalled,04:09:03,alive
server lag: not answering,04:09:45,alive
server lag: the server stalled,04:10:47,alive
server lag: not answering,04:11:08,alive
server lag: the server stalled,04:12:10,alive
server lag: the server stalled,04:12:31,alive
pushed the profit report for cang,04:22:33,alive
server lag: not answering,04:34:56,alive
server lag: the server stalled,04:35:59,alive
pushed the profit report for cang,04:37:46,alive
pushed the profit report for cang,04:52:58,alive
pushed the profit report for cang,05:08:08,alive
pushed the profit report for cang,05:23:20,alive
pushed the profit report for cang,05:38:32,alive
pushed the profit report for cang,05:53:43,alive
pushed the profit report for cang,06:08:57,alive
server lag: not answering,06:18:56,alive
server lag: the server stalled,06:19:58,alive
server lag: the server stalled,06:20:19,alive
server lag: not answering,06:22:44,alive
server lag: the server stalled,06:23:47,alive
server lag: not answering,06:24:07,alive
pushed the profit report for cang,06:24:12,alive
server lag: the server stalled,06:25:13,alive
war window, log quiet 167s,06:31:05,alive
pushed the profit report for cang,06:39:26,alive
stop condition: refusing to list 'Chaos Core Set': 1 x 159,828,827 is 159,828,827, under the 159,870,000 that went into it. Nothing has been listed.,06:50:06,dead
refusing to list 'Chaos Core Set': 1 x 159,828,827 is 159,828,827, under the 159,870,000 that went into it. Nothing has been listed.,06:50:08,dead
listing tab 4 slot (1,1) at the panel's price and the full quantity, the 'Chaos Core Set' the log says is there,06:51:34,dead
finished: list 1 1 0 4 (Chaos Core Set); 0 slot(s) left,06:51:50,dead
relaunched (pid 2360),06:52:02,alive
pushed the profit report for cang,06:59:21,alive
pushed the profit report for cang,07:14:32,alive
server lag: not answering,07:26:36,alive
server lag: the server stalled,07:27:39,alive
pushed the profit report for cang,07:29:46,alive
RuntimeError: pressed I 2 times; the Inventory panel is not open where calibration.json says it is.,07:40:25,dead
recovered: back in the world,07:41:09,dead
relaunched (pid 7188),07:41:34,alive
stop condition: refusing to list 'Chaos Core Set': 5 x 2,231,957 is 11,159,785, under the 183,015,000 that went into it. Nothing has been listed.,07:47:29,dead
refusing to list 'Chaos Core Set': 5 x 2,231,957 is 11,159,785, under the 183,015,000 that went into it. Nothing has been listed.,07:47:29,dead
listing tab 4 slot (1,1) at the panel's price and the full quantity, the 'Chaos Core Set' the log says is there,07:49:05,dead
finished: list 1 1 0 4 (Chaos Core Set); 0 slot(s) left,07:49:21,dead
relaunched (pid 20076),07:49:34,alive
pushed the profit report for cang,07:56:56,alive
server lag: not answering,08:10:05,alive
server lag: the server stalled,08:11:08,alive
pushed the profit report for cang,08:12:14,alive
server lag: not answering,08:27:08,alive
pushed the profit report for cang,08:27:33,alive
server lag: the server stalled,08:28:13,alive
pushed the profit report for cang,08:42:52,alive
supervisor cancelled with Ctrl x4,08:56:43,dead
no run alive; 2026-09-26_074930_run.log ended: interrupted from the keyboard,09:33:19,dead
relaunched (pid 20632),09:33:37,alive
server lag: not answering,09:35:00,alive
server lag: the server stalled,09:35:41,alive
server lag: the server stalled,09:36:02,alive
RuntimeError: the Agent Shop would not close, and the vendor will not open on top of it. Nothing written.,09:37:04,dead
relaunched (pid 2232),09:37:22,alive
supervisor cancelled with Ctrl x4,09:40:49,dead
no run alive; 2026-09-26_093718_run.log ended: interrupted from the keyboard,12:35:17,dead
relaunched (pid 13760),12:35:42,alive
pushed the profit report for cang,12:50:30,alive
server lag: not answering,12:58:30,alive
server lag: the server stalled,12:59:13,alive
server lag: the server stalled,12:59:34,alive
pushed the profit report for cang,13:05:35,alive
pushed the profit report for cang,13:20:41,alive
pushed the profit report for cang,13:35:50,alive
pushed the profit report for cang,13:50:52,alive
pushed the profit report for cang,14:05:54,alive
server lag: not answering,14:14:16,alive
server lag: the server stalled,14:15:20,alive
pushed the profit report for cang,14:21:00,alive
supervisor cancelled with Ctrl x4,14:29:01,dead
no run alive; 2026-09-26_123538_run.log ended: interrupted from the keyboard,14:38:15,dead
relaunched (pid 9728),14:38:45,alive
server lag: not answering,14:45:45,alive
server lag: the server stalled,14:46:49,alive
server lag: not answering,14:48:55,alive
server lag: the server stalled,14:49:59,alive
the profit report was written but not pushed: git fetch origin main gave no answer in 30s,14:56:51,alive
server lag: not answering,15:03:50,alive
server lag: the server stalled,15:04:54,alive
pushed the profit report for cang,15:10:10,alive
disconnected (run still up),15:14:00,alive
disconnected 8s on; killing pid 9728,15:14:08,dead
the panel still holds the item, priced 480,479, 3s after Confirmation and 22s of the server not answering; the registration did not go through. Nothin,15:14:08,dead
recovered: back in the world,15:15:03,dead
relaunched (pid 14552),15:15:30,alive
pushed the profit report for cang,15:25:19,alive
war window, log quiet 151s,15:33:21,alive
server lag: not answering,15:34:44,alive
server lag: the server stalled,15:35:48,alive
pushed the profit report for cang,15:40:22,alive
supervisor cancelled with Ctrl x4,15:46:37,dead
no run alive; 2026-09-26_151526_run.log ended: interrupted from the keyboard,15:58:41,dead
relaunched (pid 7120),15:59:09,alive
pushed the profit report for cang,16:09:46,alive
pushed the profit report for cang,16:24:50,alive
pushed the profit report for cang,16:39:57,alive
pushed the profit report for cang,16:55:01,alive
pushed the profit report for cang,17:10:05,alive
pushed the profit report for cang,17:25:12,alive
supervisor cancelled with Ctrl x4,17:37:00,dead
no run alive; 2026-09-26_155905_run.log ended: interrupted from the keyboard,19:10:22,dead
relaunched (pid 15180),19:10:45,alive
pushed the profit report for cang,19:19:29,alive
pushed the profit report for cang,19:34:47,alive
server lag: not answering,19:36:09,alive
server lag: the server stalled,19:37:12,alive
pushed the profit report for cang,19:50:04,alive
pushed the profit report for cang,20:05:22,alive
pushed the profit report for cang,20:20:39,alive
pushed the profit report for cang,20:35:56,alive
server lag: not answering,20:47:21,alive
server lag: the server stalled,20:48:24,alive
server lag: not answering,20:48:44,alive
server lag: the server stalled,20:49:47,alive
server lag: not answering,20:50:09,alive
server lag: the server stalled,20:51:12,alive
pushed the profit report for cang,20:51:15,alive
server lag: not answering,20:52:17,alive
server lag: the server stalled,20:53:20,alive
server lag: not answering,21:03:02,alive
server lag: the server stalled,21:04:05,alive
server lag: the server stalled,21:04:25,alive
pushed the profit report for cang,21:06:34,alive
server lag: not answering,21:21:07,alive
pushed the profit report for cang,21:21:52,alive
server lag: the server stalled,21:22:13,alive
server lag: not answering,21:29:51,alive
server lag: the server stalled,21:30:54,alive
war window, log quiet 155s,21:33:19,alive
pushed the profit report for cang,21:37:12,alive
pushed the profit report for cang,21:52:30,alive
pushed the profit report for cang,22:07:46,alive
pushed the profit report for cang,22:23:07,alive
pushed the profit report for cang,22:38:27,alive
pushed the profit report for cang,22:53:45,alive
pushed the profit report for cang,23:09:04,alive
pushed the profit report for cang,23:24:24,alive
pushed the profit report for cang,23:39:43,alive
pushed the profit report for cang,23:54:45,alive
pushed the profit report for cang,00:10:03,alive
server lag: not answering,00:20:28,alive
disconnected (run still up),00:20:50,alive
disconnected 7s on; killing pid 15180,00:20:58,dead
ended without a reason line, exit code 1; nothing in driver.py exits without one, so it was stopped from outside,00:20:58,dead
recovered: back in the world,00:21:48,dead
listing tab 4 slot (1,1) at the panel's price and the full quantity, the 'Divine Stone Set X 135' the log says is there,00:23:27,dead
finished: list 1 1 0 4 (Divine Stone Set X 135); 0 slot(s) left,00:23:43,dead
relaunched (pid 11216),00:23:58,alive
pushed the profit report for cang,00:31:21,alive
war window, log quiet 161s,00:34:08,alive
pushed the profit report for cang,00:46:23,alive
pushed the profit report for cang,01:01:26,alive
pushed the profit report for cang,01:16:29,alive
supervisor cancelled with Ctrl x4,01:20:37,dead
no run alive; 2026-09-27_002354_run.log ended: interrupted from the keyboard,01:28:23,dead
recovery attempt 1 failed: nothing recognisable on screen: disconnect=None, failed=None, login=None, select=None, alz=False, trade=False, vendor=False, craft=False, buttons=[], ; attempt 2 in 60s,01:28:41,dead
supervisor cancelled with Ctrl x4,01:28:47,dead
no run alive; 2026-09-27_002354_run.log ended: interrupted from the keyboard,01:31:51,dead
relaunched (pid 12012),01:32:19,alive
pushed the profit report for cang,01:38:41,alive
pushed the profit report for cang,01:53:59,alive
pushed the profit report for cang,02:09:18,alive
server lag: not answering,02:18:40,alive
server lag: the server stalled,02:19:21,alive
pushed the profit report for cang,02:24:39,alive
supervisor cancelled with Ctrl x4,02:28:26,dead
no run alive; 2026-09-27_013215_run.log ended: interrupted from the keyboard,02:36:28,dead
relaunched (pid 1908),02:36:55,alive
server lag: not answering,02:41:28,alive
server lag: the server stalled,02:42:08,alive
pushed the profit report for cang,02:48:06,alive
pushed the profit report for cang,03:03:07,alive
server lag: not answering,03:12:28,alive
server lag: the server stalled,03:12:51,alive
pushed the profit report for cang,03:18:07,alive
server lag: not answering,03:24:23,alive
server lag: the server stalled,03:24:43,alive
server lag: the server stalled,03:25:04,alive
war window, log quiet 165s,03:30:20,alive
pushed the profit report for cang,03:33:12,alive
pushed the profit report for cang,03:48:19,alive
pushed the profit report for cang,04:03:22,alive
pushed the profit report for cang,04:18:25,alive
pushed the profit report for cang,04:33:27,alive
pushed the profit report for cang,04:48:30,alive
pushed the profit report for cang,05:03:36,alive
pushed the profit report for cang,05:18:41,alive
server lag: not answering,05:19:01,alive
server lag: the server stalled,05:19:22,alive
server lag: not answering,05:28:47,alive
server lag: the server stalled,05:29:30,alive
pushed the profit report for cang,05:33:44,alive
pushed the profit report for cang,05:48:46,alive
pushed the profit report for cang,06:03:50,alive
server lag: not answering,06:16:03,alive
server lag: the server stalled,06:16:24,alive
server lag: the server stalled,06:16:46,alive
pushed the profit report for cang,06:18:55,alive
server lag: not answering,06:19:58,alive
server lag: the server stalled,06:20:39,alive
war window, log quiet 172s,06:30:28,alive
pushed the profit report for cang,06:34:01,alive
pushed the profit report for cang,06:49:13,alive
server lag: not answering,06:51:59,alive
server lag: the server stalled,06:52:20,alive
server lag: the server stalled,06:52:42,alive
pushed the profit report for cang,07:04:19,alive
server lag: not answering,07:10:37,alive
server lag: the server stalled,07:10:58,alive
server lag: not answering,07:13:46,alive
server lag: the server stalled,07:14:27,alive
pushed the profit report for cang,07:19:26,alive
server lag: not answering,07:25:43,alive
server lag: the server stalled,07:26:26,alive
pushed the profit report for cang,07:34:36,alive
pushed the profit report for cang,07:49:44,alive
server lag: not answering,07:53:56,alive
server lag: the server stalled,07:54:37,alive
server lag: not answering,07:55:40,alive
server lag: the server stalled,07:56:03,alive
pushed the profit report for cang,08:04:50,alive
pushed the profit report for cang,08:19:54,alive
server lag: not answering,08:33:27,alive
server lag: the server stalled,08:33:50,alive
server lag: the server stalled,08:34:11,alive
server lag: not answering,08:34:53,alive
pushed the profit report for cang,08:34:57,alive
server lag: the server stalled,08:35:17,alive
pushed the profit report for cang,08:49:59,alive
supervisor cancelled with Ctrl x4,09:00:26,dead
no run alive; 2026-09-27_023651_run.log ended: interrupted from the keyboard,10:16:08,dead
recovery attempt 1 failed: nothing recognisable on screen: disconnect=None, failed=None, login=None, select=None, alz=False, trade=False, vendor=False, craft=False, buttons=[], ; attempt 2 in 60s,10:16:26,dead
relaunched (pid 8164),10:17:53,alive
pushed the profit report for cang,10:24:16,alive
supervisor cancelled with Ctrl x4,10:28:25,dead
no run alive; 2026-09-27_101750_run.log ended: interrupted from the keyboard,11:44:55,dead
relaunched (pid 18704),11:45:25,alive
supervisor cancelled with Ctrl x4,11:47:41,dead
no run alive; 2026-09-27_114521_run.log ended: interrupted from the keyboard,11:47:53,dead
relaunched (pid 20328),11:48:19,alive
pushed the profit report for cang,11:58:12,alive
pushed the profit report for cang,12:13:16,alive
pushed the profit report for cang,12:28:22,alive
supervisor cancelled with Ctrl x4,12:29:46,dead
no run alive; 2026-09-27_114816_run.log ended: interrupted from the keyboard,12:30:53,dead
relaunched (pid 4864),12:31:18,alive
server lag: not answering,12:33:04,alive
server lag: the server stalled,12:33:47,dead
ServerStalled: the server stalled for 30s; nothing was clicked and the shop is shut. The pass starts again.,12:33:47,dead
the server took the run down: ServerStalled: the server stalled for 30s; nothing was clicked and the shop is shut. The pass starts again.; not counted as a short run,12:33:47,dead
relaunched (pid 18932),12:34:16,alive
pushed the profit report for cang,12:43:04,alive
pushed the profit report for cang,12:58:05,alive
server lag: not answering,13:12:01,alive
server lag: the server stalled,13:12:44,alive
pushed the profit report for cang,13:13:09,alive
pushed the profit report for cang,13:28:12,alive
pushed the profit report for cang,13:43:14,alive
pushed the profit report for cang,13:58:18,alive
pushed the profit report for cang,14:13:21,alive
pushed the profit report for cang,14:28:26,alive
supervisor cancelled with Ctrl x4,14:29:29,dead
no run alive; 2026-09-27_123412_run.log ended: interrupted from the keyboard,15:33:32,dead
relaunched (pid 11692),15:34:00,alive
RuntimeError: right-clicked the Agent Shop key 2 times and the Trade window never appeared. Nothing written.,15:34:23,dead
relaunched (pid 14492),15:34:47,alive
server lag: not answering,15:37:15,alive
server lag: the server stalled,15:37:35,alive
server lag: the server stalled,15:37:56,alive
stop condition: tab 4 slot (1,1) is still empty 3s after the withdrawal. Nothing listed.,15:49:06,dead
tab 4 slot (1,1) is still empty 3s after the withdrawal. Nothing listed.,15:49:06,dead
relaunched (pid 17784),15:49:30,alive
stop condition: tab 4 slot (1,1) is still empty 3s after the withdrawal. Nothing listed.,15:56:31,dead
tab 4 slot (1,1) is still empty 3s after the withdrawal. Nothing listed.,15:56:31,dead
listing tab 4 slot (1,3) at the panel's price and the full quantity, the 'Honor Medal Chest' the log says is there,15:58:23,dead
finished: list 1 3 0 4 (Honor Medal Chest); 0 slot(s) left,15:58:39,dead
relaunched (pid 11700),15:58:53,alive
stop condition: tab 4 slot (1,1) is still empty 3s after the withdrawal. Nothing listed.,16:03:27,dead
tab 4 slot (1,1) is still empty 3s after the withdrawal. Nothing listed.,16:03:28,dead
listing tab 4 slot (1,3) at the panel's price and the full quantity, the 'Chaos Core Set X 456' the log says is there,16:05:13,dead
finished: list 1 3 0 4 (Chaos Core Set X 456); 0 slot(s) left,16:05:29,dead
relaunched (pid 13760),16:05:42,alive
stop condition: tab 4 slot (1,1) is still empty 3s after the withdrawal. Nothing listed.,16:08:51,dead
tab 4 slot (1,1) is still empty 3s after the withdrawal. Nothing listed.,16:08:53,dead
listing tab 4 slot (1,3) at the panel's price and the full quantity, the 'Upgrade Core (Ultimate' the log says is there,16:10:36,dead
finished: list 1 3 0 4 (Upgrade Core (Ultimate); 5 slot(s) left,16:10:52,dead
listing tab 4 slot (1,4) at the panel's price and the full quantity, the 'Upgrade Core (Ultimate' the log says is there,16:10:57,dead
finished: list 1 4 0 4 (Upgrade Core (Ultimate); 3 slot(s) left,16:11:13,dead
listing tab 4 slot (1,6) at the panel's price and the full quantity, the 'Upgrade Core (Ultimate' the log says is there,16:11:18,dead
finished: list 1 6 0 4 (Upgrade Core (Ultimate); 0 slot(s) left,16:11:34,dead
relaunched (pid 18120),16:11:47,alive
server lag: not answering,16:14:16,alive
server lag: the server stalled,16:14:37,alive
server lag: the server stalled,16:14:57,alive
supervisor cancelled with Ctrl x4,16:18:53,dead
no run alive; 2026-09-27_161143_run.log ended: NotReady: the Agent Shop is not open after resupplying.,16:19:08,dead
relaunched (pid 19812),16:19:35,alive
pushed the profit report for cang,16:26:41,alive
pushed the profit report for cang,16:41:43,alive
pushed the profit report for cang,16:56:45,alive
pushed the profit report for cang,17:11:45,alive
pushed the profit report for cang,17:26:50,alive
pushed the profit report for cang,17:41:54,alive
server lag: not answering,17:46:25,alive
server lag: the server stalled,17:46:45,alive
server lag: the server stalled,17:47:07,alive
pushed the profit report for cang,17:56:56,alive
supervisor cancelled with Ctrl x4,17:59:44,dead
no run alive; 2026-09-27_161931_run.log ended: interrupted from the keyboard,21:11:25,dead
relaunched (pid 11924),21:11:55,alive
stop condition: tab 4 slot (1,1) is still empty 3s after the withdrawal. Nothing listed.,21:23:49,dead
tab 4 slot (1,1) is still empty 3s after the withdrawal. Nothing listed.,21:23:49,dead
relaunched (pid 11412),21:24:13,alive
server lag: not answering,21:27:22,alive
server lag: the server stalled,21:27:45,alive
supervisor cancelled with Ctrl x4,21:28:05,dead
no run alive; 2026-09-27_212409_run.log ended: interrupted from the keyboard,21:34:27,dead
relaunched (pid 7664),21:34:54,alive
pushed the profit report for cang,21:42:19,alive
server lag: not answering,21:42:39,alive
server lag: the server stalled,21:43:20,alive
server lag: not answering,21:43:42,alive
server lag: the server stalled,21:44:03,alive
pushed the profit report for cang,21:57:19,alive
pushed the profit report for cang,22:12:40,alive
pushed the profit report for cang,22:28:00,alive
server lag: not answering,22:33:55,alive
server lag: the server stalled,22:34:36,alive
pushed the profit report for cang,22:43:01,alive
pushed the profit report for cang,22:58:20,alive
pushed the profit report for cang,23:13:24,alive
supervisor cancelled with Ctrl x4,23:25:11,dead
no run alive; 2026-09-27_213450_run.log ended: interrupted from the keyboard,00:49:23,dead
relaunched (pid 4248),00:49:52,alive
pushed the profit report for cang,00:54:52,alive
pushed the profit report for cang,01:10:00,alive
pushed the profit report for cang,01:25:10,alive
server lag: not answering,01:38:08,alive
server lag: the server stalled,01:38:29,alive
server lag: the server stalled,01:38:52,alive
pushed the profit report for cang,01:40:19,alive
pushed the profit report for cang,01:55:31,alive
pushed the profit report for cang,02:10:39,alive
pushed the profit report for cang,02:25:50,alive
supervisor cancelled with Ctrl x4,02:28:37,dead
no run alive; 2026-09-28_004948_run.log ended: interrupted from the keyboard,02:49:23,dead
relaunched (pid 16488),02:49:47,alive
supervisor cancelled with Ctrl x4,02:53:59,dead
no run alive; 2026-09-28_024943_run.log ended: interrupted from the keyboard,02:54:29,dead
relaunched (pid 16088),02:55:00,alive
server lag: not answering,02:57:28,alive
server lag: the server stalled,02:57:49,alive
server lag: the server stalled,02:58:09,alive
pushed the profit report for cang,03:01:25,alive
pushed the profit report for cang,03:16:31,alive
pushed the profit report for cang,03:31:36,alive
war window, log quiet 158s,03:33:02,alive
pushed the profit report for cang,03:46:51,alive
pushed the profit report for cang,04:01:57,alive
server lag: not answering,04:07:32,alive
server lag: the server stalled,04:07:52,alive
server lag: the server stalled,04:08:15,alive
server lag: not answering,04:13:51,alive
server lag: the server stalled,04:14:12,alive
server lag: the server stalled,04:14:34,alive
pushed the profit report for cang,04:17:05,alive
server lag: not answering,04:29:19,alive
server lag: the server stalled,04:29:39,alive
server lag: the server stalled,04:30:00,alive
pushed the profit report for cang,04:32:12,alive
pushed the profit report for cang,04:47:18,alive
pushed the profit report for cang,05:02:23,alive
server lag: not answering,05:05:33,alive
server lag: the server stalled,05:05:53,alive
server lag: the server stalled,05:06:16,alive
server lag: not answering,05:12:34,alive
server lag: the server stalled,05:13:15,alive
pushed the profit report for cang,05:17:33,alive
pushed the profit report for cang,05:32:37,alive
pushed the profit report for cang,05:47:44,alive
server lag: not answering,05:52:40,alive
server lag: the server stalled,05:53:00,alive
server lag: the server stalled,05:53:21,alive
pushed the profit report for cang,06:02:54,alive
pushed the profit report for cang,06:17:59,alive
war window, log quiet 154s,06:30:16,alive
pushed the profit report for cang,06:33:07,alive
server lag: not answering,06:45:04,alive
server lag: the server stalled,06:45:46,alive
pushed the profit report for cang,06:48:17,alive
pushed the profit report for cang,07:03:22,alive
pushed the profit report for cang,07:18:29,alive
pushed the profit report for cang,07:33:38,alive
pushed the profit report for cang,07:48:44,alive
server lag: not answering,07:50:07,alive
server lag: the server stalled,07:50:28,alive
server lag: the server stalled,07:50:50,alive
pushed the profit report for cang,08:03:50,alive
supervisor cancelled with Ctrl x4,08:10:28,dead
no run alive; 2026-09-28_025456_run.log ended: interrupted from the keyboard,09:49:58,dead
relaunched (pid 16052),09:50:27,alive
server lag: not answering,09:58:29,alive
server lag: the server stalled,09:59:12,alive
pushed the profit report for cang,10:11:50,alive
pushed the profit report for cang,10:26:52,alive
pushed the profit report for cang,10:41:55,alive
pushed the profit report for cang,10:56:57,alive
stop condition: row 13 should hold 'Force Core(Highest' but position 1 reads 'Honor Medal Chest 1 188,499,999 OnSale Change' on one line, and 'Divine Stone Set X 165 ,11:10:52,dead
row 13 should hold 'Force Core(Highest' but position 1 reads 'Honor Medal Chest 1 188,499,999 OnSale Change' on one line, and 'Divine Stone Set X 165 ,11:10:52,dead
relaunched (pid 21088),11:11:15,alive
pushed the profit report for cang,11:19:18,alive
pushed the profit report for cang,11:34:37,alive
server lag: not answering,11:49:28,alive
pushed the profit report for cang,11:49:55,alive
server lag: not answering,11:50:15,alive
server lag: the server stalled,11:50:56,alive
supervisor cancelled with Ctrl x4,12:00:39,dead
no run alive; 2026-09-28_111111_run.log ended: RuntimeError: the Inventory panel is not open after pressing I and clicking tab 6. The game is showing something else -- a loading screen, a transfer,,13:18:06,dead
relaunched (pid 19644),13:18:33,alive
pushed the profit report for cang,13:36:26,alive
pushed the profit report for cang,13:51:27,alive
pushed the profit report for cang,14:06:28,alive
pushed the profit report for cang,14:21:35,alive
supervisor cancelled with Ctrl x4,14:28:31,dead
no run alive; 2026-09-28_131830_run.log ended: interrupted from the keyboard,15:29:29,dead
relaunched (pid 6348),15:29:57,alive
pushed the profit report for cang,15:40:51,alive
server lag: not answering,15:51:37,alive
server lag: the server stalled,15:51:58,alive
pushed the profit report for cang,15:55:51,alive
pushed the profit report for cang,16:10:52,alive
pushed the profit report for cang,16:25:52,alive
pushed the profit report for cang,16:41:12,alive
pushed the profit report for cang,16:56:31,alive
pushed the profit report for cang,17:11:51,alive
server lag: not answering,17:16:22,alive
server lag: the server stalled,17:16:42,alive
server lag: the server stalled,17:17:05,alive
server lag: not answering,17:23:41,alive
server lag: the server stalled,17:24:23,alive
pushed the profit report for cang,17:26:53,alive
pushed the profit report for cang,17:41:54,alive
pushed the profit report for cang,17:57:13,alive
server lag: not answering,18:00:42,alive
server lag: the server stalled,18:01:25,alive
supervisor cancelled with Ctrl x4,18:10:47,dead
no run alive; 2026-09-28_152953_run.log ended: interrupted from the keyboard,21:34:54,dead
relaunched (pid 16108),21:35:20,alive
pushed the profit report for cang,21:51:48,alive
pushed the profit report for cang,22:06:50,alive
pushed the profit report for cang,22:22:10,alive
pushed the profit report for cang,22:37:14,alive
pushed the profit report for cang,22:52:13,alive
pushed the profit report for cang,23:07:36,alive
pushed the profit report for cang,23:22:36,alive
supervisor cancelled with Ctrl x4,23:25:02,dead
no run alive; 2026-09-28_213516_run.log ended: interrupted from the keyboard,00:53:49,dead
relaunched (pid 12528),00:54:13,alive
server lag: not answering,00:55:17,alive
server lag: the server stalled,00:55:40,alive
pushed the profit report for cang,01:01:39,alive
pushed the profit report for cang,01:16:41,alive
pushed the profit report for cang,01:31:43,alive
server lag: not answering,01:42:53,alive
server lag: the server stalled,01:43:14,alive
pushed the profit report for cang,01:46:47,alive
pushed the profit report for cang,02:01:49,alive
pushed the profit report for cang,02:16:50,alive
server lag: not answering,02:31:09,alive
server lag: the server stalled,02:31:29,alive
server lag: the server stalled,02:31:50,alive
pushed the profit report for cang,02:31:56,alive
pushed the profit report for cang,02:46:59,alive
pushed the profit report for cang,03:02:20,alive
pushed the profit report for cang,03:17:24,alive
pushed the profit report for cang,03:32:29,alive
server lag: not answering,03:45:23,alive
server lag: the server stalled,03:46:07,alive
pushed the profit report for cang,03:47:34,alive
pushed the profit report for cang,04:02:43,alive
pushed the profit report for cang,04:17:45,alive
pushed the profit report for cang,04:32:51,alive
pushed the profit report for cang,04:47:59,alive
pushed the profit report for cang,05:03:05,alive
server lag: not answering,05:03:46,alive
server lag: the server stalled,05:04:28,alive
pushed the profit report for cang,05:18:09,alive
pushed the profit report for cang,05:33:19,alive
server lag: not answering,05:37:08,alive
server lag: the server stalled,05:37:54,alive
pushed the profit report for cang,05:48:26,alive
pushed the profit report for cang,06:03:32,alive
pushed the profit report for cang,06:18:43,alive
war window, log quiet 162s,06:33:06,alive
pushed the profit report for cang,06:33:56,alive
pushed the profit report for cang,06:49:03,alive
pushed the profit report for cang,07:04:12,alive
server lag: not answering,07:15:04,alive
server lag: the server stalled,07:15:24,dead
RuntimeError: pressed I 2 times; the Inventory panel is not open where calibration.json says it is.,07:15:25,dead
recovered: back in the world,07:17:05,dead
relaunched (pid 18156),07:17:29,alive
server lag: not answering,07:18:12,alive
server lag: the server stalled,07:18:32,alive
disconnected (run still up),07:18:33,alive
disconnected 7s on; killing pid 18156,07:18:40,dead
ended without a reason line, exit code 1; nothing in driver.py exits without one, so it was stopped from outside,07:18:41,dead
recovered: back in the world,07:20:03,dead
relaunched (pid 7188),07:20:30,alive
pushed the profit report for cang,07:25:48,alive
stop condition: no Cancel button appeared after clicking Change on row 4. Nothing has been cancelled.,07:30:19,dead
no Cancel button appeared after clicking Change on row 4. Nothing has been cancelled.,07:30:19,dead
recovery attempt 1 failed: recovery refused: Refused: no 'Channel 12' in the server list within 60s. Nothing entered.; attempt 2 in 60s,07:32:20,dead
recovery attempt 2 failed: recovery refused: Refused: no 'Channel 12' in the server list within 60s. Nothing entered.; attempt 3 in 60s,07:35:22,dead
recovery failed 3 times: recovery refused: Refused: no 'Channel 12' in the server list within 60s. Nothing entered.; relogging (1 of 1),07:38:23,dead
the relog was refused too: relog refused: Refused: no 'select character' in the menu after 3 Escape(s). Nothing clicked.,07:38:34,dead
supervisor stopped: recovery refused: Refused: no 'Channel 12' in the server list within 60s. Nothing entered.,07:38:34,dead
no run alive; 2026-09-29_072026_run.log ended: no Cancel button appeared after clicking Change on row 4. Nothing has been cancelled.,08:10:00,dead
relaunched (pid 15632),08:10:30,alive
pushed the profit report for cang,08:15:59,alive
supervisor cancelled with Ctrl x4,08:19:05,dead
no run alive; 2026-09-29_081026_run.log ended: interrupted from the keyboard,08:19:41,dead
relaunched (pid 16300),08:20:11,alive
pushed the profit report for cang,08:39:55,alive
pushed the profit report for cang,08:55:04,alive
pushed the profit report for cang,09:10:10,alive
pushed the profit report for cang,09:25:19,alive
war window, log quiet 165s,09:33:42,alive
pushed the profit report for cang,09:40:27,alive
pushed the profit report for cang,09:55:38,alive
pushed the profit report for cang,10:10:47,alive
stop condition: refusing to list 'Chaos Core Set': 1 x 179,459,279 is 179,459,279, under the 179,709,276 that went into it. Nothing has been listed.,10:13:37,dead
refusing to list 'Chaos Core Set': 1 x 179,459,279 is 179,459,279, under the 179,709,276 that went into it. Nothing has been listed.,10:13:38,dead
relaunched (pid 13408),10:14:01,alive
pushed the profit report for cang,10:26:04,alive
server lag: not answering,10:37:15,alive
server lag: the server stalled,10:37:38,alive
server lag: the server stalled,10:37:58,alive
pushed the profit report for cang,10:41:12,alive
pushed the profit report for cang,10:56:23,alive
server lag: not answering,11:01:37,alive
server lag: the server stalled,11:01:59,alive
server lag: the server stalled,11:02:20,alive
pushed the profit report for cang,11:11:33,alive
pushed the profit report for cang,11:26:40,alive
pushed the profit report for cang,11:41:51,alive
server lag: not answering,11:44:17,alive
server lag: the server stalled,11:44:58,alive
server lag: not answering,11:48:06,alive
server lag: the server stalled,11:48:29,alive
server lag: the server stalled,11:48:49,alive
pushed the profit report for cang,11:57:01,alive
server lag: not answering,12:01:12,alive
server lag: the server stalled,12:01:33,alive
server lag: the server stalled,12:01:53,alive
pushed the profit report for cang,12:12:10,alive
pushed the profit report for cang,12:27:20,alive
server lag: not answering,12:29:05,alive
server lag: the server stalled,12:29:25,alive
server lag: the server stalled,12:29:48,alive
war window, log quiet 167s,12:33:18,alive
pushed the profit report for cang,12:42:34,alive
pushed the profit report for cang,12:57:42,alive
pushed the profit report for cang,13:12:53,alive
pushed the profit report for cang,13:28:03,alive
server lag: not answering,13:31:34,alive
server lag: the server stalled,13:31:55,alive
server lag: the server stalled,13:32:18,alive
pushed the profit report for cang,13:43:17,alive
pushed the profit report for cang,13:58:32,alive
pushed the profit report for cang,14:13:42,alive
supervisor cancelled with Ctrl x4,14:18:35,dead
no run alive; 2026-09-29_101357_run.log ended: interrupted from the keyboard,14:41:03,dead
supervisor cancelled with Ctrl x4,14:41:07,dead
no run alive; 2026-09-29_101357_run.log ended: interrupted from the keyboard,14:41:14,dead
relaunched (pid 11016),14:41:43,alive
RuntimeError: expected about 10 favourite slots, found 8 at [484, 526, 568, 611, 653, 695, 823, 865]. Not writing a calibration that does not describe,14:42:05,dead
relaunched (pid 13404),14:42:27,alive
RuntimeError: expected about 10 favourite slots, found 8 at [484, 526, 568, 611, 653, 695, 823, 865]. Not writing a calibration that does not describe,14:42:49,dead
relaunched (pid 9556),14:43:10,alive
RuntimeError: expected about 10 favourite slots, found 8 at [484, 526, 568, 611, 653, 695, 823, 865]. Not writing a calibration that does not describe,14:43:32,dead
3 runs in a row died within 300s of launch; relogging (1 of 1),14:43:32,dead
relogged: back in the world,14:44:14,dead
relaunched (pid 18136),14:44:18,alive
RuntimeError: expected about 10 favourite slots, found 8 at [484, 526, 568, 611, 653, 695, 823, 865]. Not writing a calibration that does not describe,14:44:41,dead
supervisor cancelled with Ctrl x4,14:44:53,dead
no run alive; 2026-09-29_144414_run.log ended: RuntimeError: expected about 10 favourite slots, found 8 at [484, 526, 568, 611, 653, 695, 823, 865]. Not writing a calibration that does not describe,14:48:03,dead
relaunched (pid 11828),14:48:30,alive
RuntimeError: expected about 10 favourite slots, found 8 at [484, 526, 568, 611, 653, 695, 823, 865]. Not writing a calibration that does not describe,14:48:53,dead
listing tab 4 slot (1,1) at the panel's price and the full quantity, whatever it is,14:50:31,dead
finished: list 1 1 0 4 (unnamed); 0 slot(s) left,14:50:45,dead
relaunched (pid 12012),14:50:58,alive
pushed the profit report for cang,14:56:59,alive
supervisor cancelled with Ctrl x4,14:58:01,dead
no run alive; 2026-09-29_145055_run.log ended: interrupted from the keyboard,15:25:02,dead
relaunched (pid 13752),15:25:28,alive
war window, log quiet 151s,15:34:34,alive
pushed the profit report for cang,15:38:51,alive
pushed the profit report for cang,15:53:54,alive
pushed the profit report for cang,16:08:56,alive
pushed the profit report for cang,16:23:58,alive
server lag: not answering,16:29:53,alive
server lag: the server stalled,16:30:13,alive
server lag: the server stalled,16:30:34,alive
server lag: not answering,16:33:22,alive
server lag: the server stalled,16:34:05,alive
pushed the profit report for cang,16:39:02,alive
pushed the profit report for cang,16:54:04,alive
pushed the profit report for cang,17:09:06,alive
pushed the profit report for cang,17:24:13,alive
pushed the profit report for cang,17:39:15,alive
server lag: not answering,17:50:47,alive
server lag: the server stalled,17:51:27,alive
pushed the profit report for cang,17:54:21,alive
server lag: not answering,18:01:22,alive
server lag: the server stalled,18:01:42,alive
server lag: the server stalled,18:02:03,alive
pushed the profit report for cang,18:09:29,alive
pushed the profit report for cang,18:24:33,alive
supervisor cancelled with Ctrl x4,18:25:35,dead
no run alive; 2026-09-29_152524_run.log ended: interrupted from the keyboard,20:44:01,dead
relaunched (pid 12768),20:44:29,alive
pushed the profit report for cang,20:49:12,alive
supervisor cancelled with Ctrl x4,21:00:05,dead
no run alive; 2026-09-29_204426_run.log ended: interrupted from the keyboard,23:41:47,dead
relaunched (pid 5736),23:42:20,alive
server lag: not answering,23:45:31,alive
server lag: the server stalled,23:46:14,alive
server lag: not answering,23:50:06,alive
server lag: the server stalled,23:50:27,alive
server lag: the server stalled,23:50:47,alive
server lag: not answering,23:55:23,alive
supervisor cancelled with Ctrl x4,23:56:04,dead
no run alive; 2026-09-29_234217_run.log ended: interrupted from the keyboard,00:40:12,dead
relaunched (pid 13692),00:40:39,alive
pushed the profit report for cang,00:53:38,alive
pushed the profit report for cang,01:08:41,alive
stop condition: tab 4 slot (1,2) is still empty 3s after the withdrawal. Nothing listed.,01:10:26,dead
tab 4 slot (1,2) is still empty 3s after the withdrawal. Nothing listed.,01:10:26,dead
listing tab 4 slot (1,1) at the panel's price and the full quantity, the 'Divine Stone Set X 141' the log says is there,01:12:07,dead
finished: list-named 1 1 0 4 Divine Stone Set X 141 (Divine Stone Set X 141); 0 slot(s) left,01:12:24,dead
relaunched (pid 6296),01:12:37,alive
server lag: not answering,01:18:53,alive
server lag: the server stalled,01:19:16,alive
server lag: the server stalled,01:19:36,alive
supervisor cancelled with Ctrl x4,01:24:08,dead
no run alive; 2026-09-30_011233_run.log ended: interrupted from the keyboard,01:26:24,dead
supervisor cancelled with Ctrl x4,01:26:39,dead
no run alive; 2026-09-30_011233_run.log ended: interrupted from the keyboard,01:27:46,dead
relaunched (pid 15676),01:28:12,alive
pushed the profit report for cang,01:36:18,alive
the profit report was written but not pushed: git fetch origin main gave no answer in 30s,01:51:57,alive
pushed the profit report for cang,02:06:38,alive
pushed the profit report for cang,02:22:07,alive
supervisor cancelled with Ctrl x4,02:28:22,dead
no run alive; 2026-09-30_012809_run.log ended: interrupted from the keyboard,02:39:03,dead
relaunched (pid 15356),02:39:30,alive
pushed the profit report for cang,02:45:52,alive
pushed the profit report for cang,03:00:53,alive
pushed the profit report for cang,03:15:54,alive
server lag: not answering,03:20:25,alive
server lag: the server stalled,03:20:47,alive
server lag: the server stalled,03:21:07,alive
pushed the profit report for cang,03:30:58,alive
war window, log quiet 151s,03:32:42,alive
server lag: not answering,03:42:27,alive
server lag: the server stalled,03:42:50,alive
server lag: the server stalled,03:43:10,alive
pushed the profit report for cang,03:46:02,alive
server lag: not answering,03:52:59,alive
server lag: the server stalled,03:53:42,alive
pushed the profit report for cang,04:01:06,alive
pushed the profit report for cang,04:16:14,alive
server lag: not answering,04:19:21,alive
server lag: the server stalled,04:20:04,alive
pushed the profit report for cang,04:31:18,alive
pushed the profit report for cang,04:46:19,alive
pushed the profit report for cang,05:01:22,alive
server lag: not answering,05:05:10,alive
server lag: the server stalled,05:05:53,alive
pushed the profit report for cang,05:16:25,alive
pushed the profit report for cang,05:31:26,alive
pushed the profit report for cang,05:46:28,alive
server lag: not answering,05:54:29,alive
server lag: the server stalled,05:54:49,alive
server lag: the server stalled,05:55:12,alive
pushed the profit report for cang,06:01:33,alive
server lag: not answering,06:03:59,alive
server lag: the server stalled,06:04:42,alive
server lag: not answering,06:05:23,alive
server lag: the server stalled,06:06:05,alive
server lag: not answering,06:16:13,alive
server lag: the server stalled,06:16:34,alive
pushed the profit report for cang,06:16:40,alive
pushed the profit report for cang,06:31:46,alive
war window, log quiet 153s,06:32:49,alive
server lag: not answering,06:36:59,alive
server lag: the server stalled,06:37:21,alive
server lag: the server stalled,06:37:42,alive
pushed the profit report for cang,06:46:50,alive
pushed the profit report for cang,07:01:53,alive
server lag: not answering,07:13:04,alive
server lag: the server stalled,07:13:45,alive
server lag: not answering,07:15:51,alive
server lag: the server stalled,07:16:14,alive
server lag: the server stalled,07:16:35,alive
pushed the profit report for cang,07:17:01,alive
server lag: not answering,07:28:08,alive
server lag: the server stalled,07:28:52,alive
pushed the profit report for cang,07:32:04,alive
pushed the profit report for cang,07:47:08,alive
pushed the profit report for cang,08:02:13,alive
server lag: not answering,08:07:48,alive
server lag: the server stalled,08:08:29,alive
pushed the profit report for cang,08:17:17,alive
server lag: not answering,08:27:44,alive
server lag: the server stalled,08:28:24,alive
pushed the profit report for cang,08:32:20,alive
supervisor cancelled with Ctrl x4,08:41:44,dead
no run alive; 2026-09-30_023926_run.log ended: interrupted from the keyboard,10:06:01,dead
relaunched (pid 20976),10:06:27,alive
supervisor cancelled with Ctrl x4,10:07:31,dead
no run alive; 2026-09-30_100623_run.log ended: interrupted from the keyboard,10:08:28,dead
relaunched (pid 15816),10:08:58,alive
pushed the profit report for cang,10:18:33,alive
pushed the profit report for cang,10:33:41,alive
server lag: not answering,10:46:55,alive
server lag: the server stalled,10:47:18,alive
server lag: the server stalled,10:47:38,alive
pushed the profit report for cang,10:48:45,alive
pushed the profit report for cang,11:03:58,alive
server lag: not answering,11:12:48,alive
server lag: the server stalled,11:13:08,alive
server lag: not answering,11:18:23,alive
server lag: the server stalled,11:19:07,alive
pushed the profit report for cang,11:19:11,alive
pushed the profit report for cang,11:34:17,alive
server lag: not answering,11:42:02,alive
server lag: the server stalled,11:42:44,alive
pushed the profit report for cang,11:49:29,alive
pushed the profit report for cang,12:04:31,alive
server lag: not answering,12:17:30,alive
server lag: the server stalled,12:17:51,alive
server lag: the server stalled,12:18:17,alive
pushed the profit report for cang,12:19:44,alive
disconnected (run still up),12:30:36,alive
disconnected 7s on; killing pid 15816,12:30:43,dead
ended without a reason line, exit code 1; nothing in driver.py exits without one, so it was stopped from outside,12:30:44,dead
recovered: back in the world,12:31:34,dead
relaunched (pid 13588),12:31:58,alive
pushed the profit report for cang,12:37:37,alive
stop condition: tab 4 slot (1,8) is still empty 3s after the withdrawal. Nothing listed.,12:42:27,dead
tab 4 slot (1,8) is still empty 3s after the withdrawal. Nothing listed.,12:42:29,dead
listing tab 4 slot (1,1) at the panel's price and the full quantity, the 'Divine Stone Set X 153' the log says is there,12:44:05,dead
finished: list-named 1 1 0 4 Divine Stone Set X 153 (Divine Stone Set X 153); 0 slot(s) left,12:44:20,dead
relaunched (pid 16912),12:44:34,alive
pushed the profit report for cang,12:52:40,alive
pushed the profit report for cang,13:07:39,alive
server lag: not answering,13:09:02,alive
server lag: the server stalled,13:09:43,alive
server lag: not answering,13:21:33,alive
server lag: the server stalled,13:21:54,alive
pushed the profit report for cang,13:22:41,alive
pushed the profit report for cang,13:38:01,alive
pushed the profit report for cang,13:53:02,alive
supervisor cancelled with Ctrl x4,13:59:59,dead
no run alive; 2026-09-30_124430_run.log ended: interrupted from the keyboard,15:56:49,dead
relaunched (pid 11352),15:57:18,alive
pushed the profit report for cang,16:14:29,alive
pushed the profit report for cang,16:29:32,alive
pushed the profit report for cang,16:44:35,alive
pushed the profit report for cang,16:59:37,alive
server lag: not answering,17:01:00,alive
server lag: the server stalled,17:01:20,alive
server lag: the server stalled,17:01:42,alive
pushed the profit report for cang,17:14:39,alive
server lag: not answering,17:16:02,alive
server lag: the server stalled,17:16:24,alive
server lag: the server stalled,17:16:44,alive
pushed the profit report for cang,17:29:43,alive
pushed the profit report for cang,17:44:49,alive
server lag: not answering,17:53:31,alive
server lag: the server stalled,17:54:15,alive
pushed the profit report for cang,17:59:53,alive
supervisor cancelled with Ctrl x4,18:00:13,dead
no run alive; 2026-09-30_155714_run.log ended: interrupted from the keyboard,18:34:11,dead
recovery attempt 1 failed: could not bring the game to the foreground; nothing read, nothing sent; attempt 2 in 60s,18:34:12,dead
relaunched (pid 6244),18:35:37,alive
RuntimeError: expected about 10 favourite slots, found 8 at [484, 526, 568, 611, 653, 695, 823, 865]. Not writing a calibration that does not describe,18:36:00,dead
relaunched (pid 14200),18:36:23,alive
RuntimeError: expected about 10 favourite slots, found 8 at [484, 526, 568, 611, 653, 695, 823, 865]. Not writing a calibration that does not describe,18:36:45,dead
relaunched (pid 12188),18:37:08,alive
RuntimeError: expected about 10 favourite slots, found 8 at [484, 526, 568, 611, 653, 695, 823, 865]. Not writing a calibration that does not describe,18:37:31,dead
3 runs in a row died within 300s of launch; relogging (1 of 1),18:37:31,dead
recovery attempt 1 failed: relog refused: Refused: no 'yes' on screen within 5s, so the login is not where it was expected. Nothing further was clicked.; attempt 2 in 60s,18:37:59,dead
recovery attempt 2 failed: nothing recognisable on screen: disconnect=None, failed=None, login=None, select=None, alz=False, trade=False, vendor=False, craft=False, buttons=[], ; attempt 3 in 60s,18:39:15,dead
recovery failed 3 times: nothing recognisable on screen: disconnect=None, failed=None, login=None, select=None, alz=False, trade=False, vendor=False, craft=False, buttons=[], ; relogging (1 of 1),18:40:31,dead
the relog was refused too: relog refused: Refused: no 'yes' on screen within 5s, so the login is not where it was expected. Nothing further was clicked.,18:40:41,dead
supervisor stopped: nothing recognisable on screen: disconnect=None, failed=None, login=None, select=None, alz=False, trade=False, vendor=False, craft=False, buttons=[], underprice=False,18:40:41,dead
no run alive; 2026-09-30_183704_run.log ended: RuntimeError: expected about 10 favourite slots, found 8 at [484, 526, 568, 611, 653, 695, 823, 865]. Not writing a calibration that does not describe,19:11:46,dead
relaunched (pid 9972),19:12:14,alive
server lag: not answering,19:21:18,alive
server lag: the server stalled,19:21:38,alive
server lag: the server stalled,19:22:00,alive
server lag: not answering,19:22:41,alive
server lag: the server stalled,19:23:04,alive
server lag: not answering,19:31:45,alive
server lag: the server stalled,19:32:29,alive
pushed the profit report for cang,19:39:32,alive
pushed the profit report for cang,19:54:33,alive
pushed the profit report for cang,20:09:33,alive
server lag: not answering,20:22:24,alive
server lag: the server stalled,20:22:46,alive
server lag: the server stalled,20:23:07,alive
pushed the profit report for cang,20:24:36,alive
pushed the profit report for cang,20:39:39,alive
pushed the profit report for cang,20:54:41,alive
server lag: not answering,20:55:01,alive
server lag: the server stalled,20:55:24,alive
server lag: the server stalled,20:55:45,alive
supervisor cancelled with Ctrl x4,20:59:35,dead
no run alive; 2026-09-30_191210_run.log ended: interrupted from the keyboard,21:41:25,dead
supervisor cancelled with Ctrl x4,21:42:46,dead
no run alive; 2026-09-30_191210_run.log ended: interrupted from the keyboard,21:43:23,dead
relaunched (pid 18712),21:43:51,alive
pushed the profit report for cang,21:49:32,alive
server lag: not answering,22:02:06,alive
server lag: the server stalled,22:02:47,alive
pushed the profit report for cang and all,22:04:36,alive
server lag: not answering,22:06:21,alive
server lag: the server stalled,22:07:02,alive
pushed the profit report for cang and all,22:19:43,alive
server lag: not answering,22:32:37,alive
server lag: the server stalled,22:32:57,alive
server lag: the server stalled,22:33:18,alive
pushed the profit report for cang and all,22:34:47,alive
server lag: not answering,22:42:49,alive
server lag: the server stalled,22:43:12,alive
pushed the profit report for cang and all,22:49:54,alive
server lag: not answering,22:57:33,alive
server lag: the server stalled,22:57:56,alive
server lag: the server stalled,22:58:16,alive
pushed the profit report for cang and all,23:05:00,alive
pushed the profit report for cang and all,23:20:07,alive
supervisor cancelled with Ctrl x4,23:32:01,dead
no run alive; 2026-09-30_214347_run.log ended: interrupted from the keyboard,00:40:22,dead
relaunched (pid 9592),00:40:49,alive
RuntimeError: expected about 10 favourite slots, found 8 at [484, 526, 568, 611, 653, 695, 823, 865]. Not writing a calibration that does not describe,00:41:12,dead
relaunched (pid 8268),00:41:36,alive
RuntimeError: expected about 10 favourite slots, found 8 at [484, 526, 568, 611, 653, 695, 823, 865]. Not writing a calibration that does not describe,00:41:59,dead
relaunched (pid 9996),00:42:22,alive
RuntimeError: expected about 10 favourite slots, found 8 at [484, 526, 568, 611, 653, 695, 823, 865]. Not writing a calibration that does not describe,00:42:45,dead
3 runs in a row died within 300s of launch; relogging (1 of 1),00:42:45,dead
recovery attempt 1 failed: relog refused: Refused: no 'yes' on screen within 5s, so the login is not where it was expected. Nothing further was clicked.; attempt 2 in 60s,00:43:18,dead
recovery attempt 2 failed: nothing recognisable on screen: disconnect=None, failed=None, login=None, select=None, alz=False, trade=False, vendor=False, craft=False, buttons=[], ; attempt 3 in 60s,00:44:35,dead
recovery failed 3 times: nothing recognisable on screen: disconnect=None, failed=None, login=None, select=None, alz=False, trade=False, vendor=False, craft=False, buttons=[], ; relogging (1 of 1),00:45:52,dead
the relog was refused too: relog refused: Refused: no 'yes' on screen within 5s, so the login is not where it was expected. Nothing further was clicked.,00:46:03,dead
supervisor stopped: nothing recognisable on screen: disconnect=None, failed=None, login=None, select=None, alz=False, trade=False, vendor=False, craft=False, buttons=[], underprice=False,00:46:03,dead
no run alive; 2026-10-01_004218_run.log ended: RuntimeError: expected about 10 favourite slots, found 8 at [484, 526, 568, 611, 653, 695, 823, 865]. Not writing a calibration that does not describe,00:48:08,dead
relaunched (pid 2432),00:48:36,alive
pushed the profit report for cang and all,00:58:48,alive
server lag: not answering,01:02:17,alive
server lag: the server stalled,01:02:40,alive
disconnected (run still up),01:13:50,alive
disconnected 7s on; killing pid 2432,01:13:57,dead
RuntimeError: pressed I 2 times; the Inventory panel is not open where calibration.json says it is.,01:13:57,dead
recovered: back in the world,01:14:45,dead
relaunched (pid 15188),01:15:10,alive
server lag: not answering,01:21:06,alive
server lag: the server stalled,01:21:50,alive
pushed the profit report for cang and all,01:27:08,alive
server lag: not answering,01:32:41,alive
server lag: the server stalled,01:33:25,alive
stop condition: tab 4 slot (1,2) is still empty 3s after the withdrawal. Nothing listed.,01:42:08,dead
tab 4 slot (1,2) is still empty 3s after the withdrawal. Nothing listed.,01:42:08,dead
listing tab 4 slot (1,1) at the panel's price and the full quantity, the 'Chaos Core Set X 213' the log says is there,01:43:53,dead
finished: list-named 1 1 0 4 Chaos Core Set X 213 (Chaos Core Set X 213); 0 slot(s) left,01:44:09,dead
relaunched (pid 9416),01:44:22,alive
pushed the profit report for cang and all,01:51:05,alive
pushed the profit report for cang and all,02:06:08,alive
pushed the profit report for cang and all,02:21:13,alive
supervisor cancelled with Ctrl x4,02:25:43,dead
no run alive; 2026-10-01_014418_run.log ended: interrupted from the keyboard,02:38:27,dead
relaunched (pid 20364),02:38:53,alive
pushed the profit report for cang and all,02:47:37,alive
stop condition: tab 4 slot (1,4) is still empty 3s after the withdrawal. Nothing listed.,02:49:19,dead
tab 4 slot (1,4) is still empty 3s after the withdrawal. Nothing listed.,02:49:21,dead
listing tab 4 slot (1,1) at the panel's price and the full quantity, the 'Divine Stone Set X 144' the log says is there,02:51:04,dead
finished: list-named 1 1 0 4 Divine Stone Set X 144 (Divine Stone Set X 144); 0 slot(s) left,02:51:20,dead
relaunched (pid 15568),02:51:33,alive
pushed the profit report for cang and all,03:02:43,alive
server lag: not answering,03:08:15,alive
server lag: the server stalled,03:08:37,alive
stop condition: tab 4 slot (1,2) is still empty 3s after the withdrawal. Nothing listed.,03:14:09,dead
tab 4 slot (1,2) is still empty 3s after the withdrawal. Nothing listed.,03:14:09,dead
listing tab 4 slot (1,1) at the panel's price and the full quantity, the 'Chaos Core Set X 321' the log says is there,03:15:45,dead
finished: list-named 1 1 0 4 Chaos Core Set X 321 (Chaos Core Set X 321); 0 slot(s) left,03:16:01,dead
relaunched (pid 10796),03:16:14,alive
pushed the profit report for cang and all,03:22:54,alive
server lag: not answering,03:28:05,alive
server lag: the server stalled,03:28:26,alive
server lag: the server stalled,03:28:46,alive
war window, log quiet 160s,03:33:38,alive
server lag: not answering,03:36:24,alive
server lag: the server stalled,03:36:45,alive
pushed the profit report for cang and all,03:38:13,alive
server lag: not answering,03:48:14,alive
server lag: the server stalled,03:48:56,alive
server lag: not answering,03:53:06,alive
server lag: the server stalled,03:53:26,alive
pushed the profit report for cang and all,03:53:30,alive
server lag: the server stalled,03:53:51,alive
stop condition: tab 4 slot (1,2) is still empty 3s after the withdrawal. Nothing listed.,03:56:58,dead
tab 4 slot (1,2) is still empty 3s after the withdrawal. Nothing listed.,03:56:59,dead
listing tab 4 slot (1,1) at the panel's price and the full quantity, the 'Chaos Core Set X 132' the log says is there,03:59:00,dead
finished: list-named 1 1 0 4 Chaos Core Set X 132 (Chaos Core Set X 132); 0 slot(s) left,03:59:16,dead
relaunched (pid 20068),03:59:29,alive
pushed the profit report for cang and all,04:08:33,alive
server lag: not answering,04:12:42,alive
server lag: the server stalled,04:13:24,alive
pushed the profit report for cang and all,04:23:51,alive
server lag: not answering,04:30:05,alive
server lag: the server stalled,04:30:25,alive
server lag: the server stalled,04:30:46,alive
pushed the profit report for cang and all,04:39:09,alive
pushed the profit report for cang and all,04:54:26,alive
pushed the profit report for cang and all,05:09:43,alive
server lag: not answering,05:14:54,alive
server lag: the server stalled,05:15:35,alive
pushed the profit report for cang and all,05:25:01,alive
pushed the profit report for cang and all,05:40:17,alive
server lag: not answering,05:45:29,alive
server lag: the server stalled,05:45:49,alive
server lag: not answering,05:46:11,alive
server lag: the server stalled,05:46:52,alive
pushed the profit report for cang and all,05:55:37,alive
pushed the profit report for cang and all,06:10:56,alive
pushed the profit report for cang and all,06:26:14,alive
war window, log quiet 155s,06:33:31,alive
pushed the profit report for cang and all,06:41:16,alive
pushed the profit report for cang and all,06:56:34,alive
server lag: not answering,07:11:48,alive
pushed the profit report for cang and all,07:11:52,alive
server lag: the server stalled,07:12:13,alive
pushed the profit report for cang and all,07:27:12,alive
server lag: not answering,07:28:35,alive
server lag: the server stalled,07:29:16,alive
server lag: not answering,07:29:38,alive
server lag: the server stalled,07:30:19,alive
server lag: not answering,07:36:13,alive
server lag: the server stalled,07:36:33,alive
server lag: the server stalled,07:36:55,alive
pushed the profit report for cang and all,07:42:13,alive
pushed the profit report for cang and all,07:57:33,alive
pushed the profit report for cang and all,08:12:52,alive
server lag: not answering,08:15:59,alive
server lag: the server stalled,08:16:20,alive
server lag: not answering,08:16:42,alive
server lag: the server stalled,08:17:23,alive
server lag: not answering,08:18:26,alive
server lag: the server stalled,08:18:48,alive
pushed the profit report for cang and all,08:27:53,alive
pushed the profit report for cang and all,08:43:11,alive
pushed the profit report for cang and all,08:58:30,alive
server lag: not answering,09:05:25,alive
server lag: the server stalled,09:06:07,alive
server lag: not answering,09:07:52,alive
server lag: the server stalled,09:08:13,alive
pushed the profit report for cang and all,09:13:52,alive
stop condition: no Cancel button appeared after clicking Change on row 11. Nothing has been cancelled.,09:21:50,dead
no Cancel button appeared after clicking Change on row 11. Nothing has been cancelled.,09:21:50,dead
relaunched (pid 7216),09:22:13,alive
war window, log quiet 159s,09:34:01,alive
pushed the profit report for cang and all,09:35:50,alive
server lag: not answering,09:44:49,alive
server lag: the server stalled,09:45:31,alive
server lag: not answering,09:45:52,alive
server lag: the server stalled,09:46:12,alive
server lag: the server stalled,09:46:35,alive
pushed the profit report for cang and all,09:51:09,alive
stop condition: refusing to list 'Chaos Core Set': 1 x 184,277,123 is 184,277,123, under the 184,885,986 that went into it. Nothing has been listed.,09:57:23,dead
refusing to list 'Chaos Core Set': 1 x 184,277,123 is 184,277,123, under the 184,885,986 that went into it. Nothing has been listed.,09:57:23,dead
listing tab 4 slot (1,1) at the panel's price and the full quantity, the 'Chaos Core Set' the log says is there,09:59:00,dead
finished: list-named 1 1 0 4 Chaos Core Set (Chaos Core Set); 1 slot(s) left,09:59:16,dead
listing tab 4 slot (1,4) at the panel's price and the full quantity, the 'Chaos Core Set' the log says is there,09:59:21,dead
finished: list-named 1 4 0 4 Chaos Core Set (Chaos Core Set); 0 slot(s) left,09:59:37,dead
relaunched (pid 13488),09:59:50,alive
pushed the profit report for cang and all,10:12:02,alive
server lag: not answering,10:12:44,alive
server lag: the server stalled,10:13:25,alive
server lag: not answering,10:16:54,alive
server lag: the server stalled,10:17:35,alive
pushed the profit report for cang and all,10:27:21,alive
pushed the profit report for cang and all,10:42:40,alive
server lag: not answering,10:51:39,alive
server lag: the server stalled,10:52:22,alive
pushed the profit report for cang and all,10:57:58,alive
pushed the profit report for cang and all,11:13:16,alive
pushed the profit report for cang and all,11:28:34,alive
server lag: not answering,11:43:27,alive
pushed the profit report for cang and all,11:43:51,alive
server lag: the server stalled,11:44:12,alive
server lag: not answering,11:54:57,alive
server lag: the server stalled,11:55:38,alive
pushed the profit report for cang and all,11:59:11,alive
pushed the profit report for cang and all,12:14:30,alive
server lag: not answering,12:25:34,alive
server lag: the server stalled,12:25:54,alive
server lag: the server stalled,12:26:17,alive
pushed the profit report for cang and all,12:29:49,alive
war window, log quiet 157s,12:34:20,alive
pushed the profit report for cang and all,12:44:49,alive
pushed the profit report for cang and all,13:00:08,alive
server lag: not answering,13:07:45,alive
server lag: the server stalled,13:08:27,alive
server lag: not answering,13:11:34,alive
server lag: the server stalled,13:12:17,alive
pushed the profit report for cang and all,13:15:09,alive
server lag: not answering,13:22:25,alive
server lag: the server stalled,13:22:47,alive
pushed the profit report for cang and all,13:30:29,alive
server lag: not answering,13:43:40,alive
server lag: the server stalled,13:44:00,alive
server lag: not answering,13:45:23,alive
pushed the profit report for cang and all,13:45:30,alive
server lag: the server stalled,13:45:50,alive
server lag: not answering,13:46:53,alive
server lag: the server stalled,13:47:34,alive
pushed the profit report for cang and all,14:00:50,alive
server lag: not answering,14:07:25,alive
server lag: the server stalled,14:08:08,alive
server lag: not answering,14:08:29,alive
server lag: the server stalled,14:08:51,alive
server lag: not answering,14:14:24,alive
server lag: the server stalled,14:14:45,alive
server lag: the server stalled,14:15:07,alive
server lag: not answering,14:15:27,alive
server lag: the server stalled,14:15:48,alive
pushed the profit report for cang and all,14:15:56,alive
server lag: the server stalled,14:16:16,alive
supervisor cancelled with Ctrl x4,14:17:59,dead
no run alive; 2026-10-01_095947_run.log ended: interrupted from the keyboard,15:51:41,dead
relaunched (pid 18360),15:52:10,alive
pushed the profit report for cang and all,15:57:08,alive
pushed the profit report for cang and all,16:12:13,alive
stop condition: tab 4 slot (1,7) is still empty 3s after the withdrawal. Nothing listed.,16:23:20,dead
tab 4 slot (1,7) is still empty 3s after the withdrawal. Nothing listed.,16:23:20,dead
listing tab 4 slot (1,1) at the panel's price and the full quantity, the 'Chaos Core Set X 100' the log says is there,16:24:59,dead
finished: list-named 1 1 0 4 Chaos Core Set X 100 (Chaos Core Set X 100); 0 slot(s) left,16:25:15,dead
relaunched (pid 17072),16:25:28,alive
pushed the profit report for cang and all,16:32:12,alive
server lag: not answering,16:38:48,alive
server lag: the server stalled,16:39:31,alive
pushed the profit report for cang and all,16:47:14,alive
pushed the profit report for cang and all,17:02:21,alive
supervisor cancelled with Ctrl x4,17:11:04,dead
no run alive; 2026-10-01_162525_run.log ended: interrupted from the keyboard,17:12:28,dead
relaunched (pid 14904),17:12:57,alive
server lag: not answering,17:13:41,alive
server lag: the server stalled,17:14:25,alive
pushed the profit report for cang and all,17:18:23,alive
pushed the profit report for cang and all,17:33:26,alive
pushed the profit report for cang and all,17:48:29,alive
supervisor cancelled with Ctrl x4,17:59:58,dead
no run alive; 2026-10-01_171253_run.log ended: interrupted from the keyboard,18:36:20,dead
relaunched (pid 16964),18:36:48,alive
pushed the profit report for cang and all,18:43:31,alive
server lag: not answering,18:45:14,alive
server lag: the server stalled,18:45:37,alive
pushed the profit report for cang and all,18:58:36,alive
server lag: not answering,18:58:56,alive
server lag: the server stalled,18:59:18,alive
server lag: the server stalled,18:59:39,alive
pushed the profit report for cang and all,19:13:41,alive
pushed the profit report for cang and all,19:28:43,alive
pushed the profit report for cang and all,19:43:46,alive
server lag: not answering,19:45:53,alive
server lag: the server stalled,19:46:36,alive
server lag: not answering,19:50:25,alive
server lag: the server stalled,19:50:48,alive
pushed the profit report for cang and all,19:58:55,alive
pushed the profit report for cang and all,20:13:59,alive
supervisor cancelled with Ctrl x4,20:16:26,dead
no run alive; 2026-10-01_183644_run.log ended: interrupted from the keyboard,22:32:11,dead
relaunched (pid 17728),22:32:39,alive
server lag: not answering,22:33:43,alive
server lag: the server stalled,22:34:06,alive
stop condition: tab 4 slot (1,2) is still empty 3s after the withdrawal. Nothing listed.,22:40:44,dead
tab 4 slot (1,2) is still empty 3s after the withdrawal. Nothing listed.,22:40:44,dead
listing tab 4 slot (1,1) at the panel's price and the full quantity, the 'Chaos Core Set X 18' the log says is there,22:42:40,dead
finished: list-named 1 1 0 4 Chaos Core Set X 18 (Chaos Core Set X 18); 0 slot(s) left,22:42:56,dead
relaunched (pid 9048),22:43:09,alive
pushed the profit report for cang and all,22:49:10,alive
supervisor cancelled with Ctrl x4,23:00:39,dead
no run alive; 2026-10-01_224305_run.log ended: interrupted from the keyboard,00:36:37,dead
relaunched (pid 4072),00:37:08,alive
pushed the profit report for cang and all,00:44:14,alive
pushed the profit report for cang and all,00:59:19,alive
pushed the profit report for cang and all,01:14:24,alive
pushed the profit report for cang and all,01:29:27,alive
pushed the profit report for cang and all,01:44:33,alive
pushed the profit report for cang and all,01:59:35,alive
server lag: not answering,02:00:16,alive
server lag: the server stalled,02:00:59,alive
server lag: not answering,02:04:07,alive
server lag: the server stalled,02:04:27,alive
server lag: the server stalled,02:04:50,alive
pushed the profit report for cang and all,02:14:39,alive
supervisor cancelled with Ctrl x4,02:28:34,dead
no run alive; 2026-10-02_003704_run.log ended: interrupted from the keyboard,02:42:42,dead
relaunched (pid 13536),02:43:09,alive
pushed the profit report for cang and all,02:49:08,alive
pushed the profit report for cang and all,03:04:08,alive
server lag: not answering,03:19:21,alive
pushed the profit report for cang and all,03:19:26,alive
server lag: the server stalled,03:19:47,alive
disconnected (run still up),03:19:49,alive
disconnected 7s on; killing pid 13536,03:19:56,dead
ended without a reason line, exit code 1; nothing in driver.py exits without one, so it was stopped from outside,03:19:56,dead
recovered: back in the world,03:20:50,dead
listing tab 4 slot (1,1) at the panel's price and the full quantity, the 'Upgrade Core (Ultimate' the log says is there,03:22:31,dead
finished: list-named 1 1 0 4 Upgrade Core (Ultimate (Upgrade Core (Ultimate); 0 slot(s) left,03:22:46,dead
relaunched (pid 1284),03:22:59,alive
war window, log quiet 156s,03:33:29,alive
pushed the profit report for cang and all,03:34:38,alive
server lag: not answering,03:35:38,alive
server lag: the server stalled,03:36:21,alive
pushed the profit report for cang and all,03:49:41,alive
server lag: not answering,04:03:35,alive
server lag: the server stalled,04:04:17,dead
stop condition: the shop slot already holds something the panel prices at 189,158,891; clear it before listing another item.,04:04:18,dead
the shop slot already holds something the panel prices at 189,158,891; clear it before listing another item.,04:04:18,dead
listing tab 4 slot (1,1) at the panel's price and the full quantity, the 'Chaos Core Set X 258' the log says is there,04:08:56,dead
recovery attempt 1 failed: driver.py --config cang list-named 1 1 0 4 Chaos Core Set X 258 exited 1: RuntimeError: pressed I 2 times; the Inventory panel is not open where calib; attempt 2 in 60s,04:08:58,dead
recovered: back in the world,04:10:41,dead
listing tab 4 slot (1,1) at the panel's price and the full quantity, the 'Chaos Core Set X 258' the log says is there,04:13:01,dead
finished: list-named 1 1 0 4 Chaos Core Set X 258 (Chaos Core Set X 258); 0 slot(s) left,04:13:17,dead
relaunched (pid 11032),04:13:30,alive
pushed the profit report for cang and all,04:18:51,alive
server lag: not answering,04:25:28,alive
server lag: the server stalled,04:25:48,dead
RuntimeError: pressed I 2 times; the Inventory panel is not open where calibration.json says it is.,04:25:48,dead
recovered: back in the world,04:26:32,dead
relaunched (pid 3568),04:26:57,alive
server lag: not answering,04:30:47,alive
server lag: the server stalled,04:31:30,alive
pushed the profit report for cang and all,04:34:00,alive
server lag: not answering,04:44:05,alive
server lag: the server stalled,04:44:46,alive
pushed the profit report for cang and all,04:49:05,alive
pushed the profit report for cang and all,05:04:06,alive
pushed the profit report for cang and all,05:19:07,alive
pushed the profit report for cang and all,05:34:13,alive
stop condition: refusing to list 'Chaos Core Set': 1 x 22,243,019 is 22,243,019, under the 22,318,710 that went into it. Nothing has been listed.,05:46:43,dead
refusing to list 'Chaos Core Set': 1 x 22,243,019 is 22,243,019, under the 22,318,710 that went into it. Nothing has been listed.,05:46:45,dead
listing tab 4 slot (1,1) at the panel's price and the full quantity, the 'Chaos Core Set' the log says is there,05:48:29,dead
finished: list-named 1 1 0 4 Chaos Core Set (Chaos Core Set); 0 slot(s) left,05:48:45,dead
relaunched (pid 15368),05:48:57,alive
pushed the profit report for cang and all,05:53:56,alive
server lag: not answering,05:58:47,alive
server lag: the server stalled,05:59:08,alive
server lag: the server stalled,05:59:29,alive
pushed the profit report for cang and all,06:08:59,alive
server lag: not answering,06:19:46,alive
server lag: the server stalled,06:20:27,alive
pushed the profit report for cang and all,06:24:01,alive
war window, log quiet 159s,06:33:05,alive
pushed the profit report for cang and all,06:39:04,alive
server lag: not answering,06:43:58,alive
server lag: the server stalled,06:44:19,alive
server lag: the server stalled,06:44:39,alive
server lag: not answering,06:47:08,alive
server lag: the server stalled,06:47:48,alive
pushed the profit report for cang and all,06:54:11,alive
pushed the profit report for cang and all,07:09:19,alive
server lag: not answering,07:14:10,alive
server lag: the server stalled,07:14:32,alive
server lag: the server stalled,07:14:53,alive
pushed the profit report for cang and all,07:24:21,alive
pushed the profit report for cang and all,07:39:28,alive
pushed the profit report for cang and all,07:54:31,alive
server lag: not answering,08:00:05,alive
server lag: the server stalled,08:00:49,alive
pushed the profit report for cang and all,08:09:36,alive
server lag: not answering,08:14:50,alive
server lag: the server stalled,08:15:10,alive
server lag: the server stalled,08:15:33,alive
pushed the profit report for cang and all,08:24:43,alive
supervisor cancelled with Ctrl x4,08:30:58,dead
no run alive; 2026-10-02_054854_run.log ended: interrupted from the keyboard,09:19:46,dead
relaunched (pid 9600),09:20:18,alive
pushed the profit report for cang and all,09:27:08,alive
war window, log quiet 171s,09:33:35,alive
server lag: not answering,09:41:40,alive
server lag: the server stalled,09:42:02,alive
server lag: the server stalled,09:42:23,alive
pushed the profit report for cang and all,09:42:28,alive
server lag: not answering,09:49:08,alive
server lag: the server stalled,09:49:50,alive
supervisor cancelled with Ctrl x4,09:51:14,dead
no run alive; 2026-10-02_092014_run.log ended: interrupted from the keyboard,10:41:24,dead
relaunched (pid 19096),10:41:53,alive
pushed the profit report for cang and all,10:48:37,alive
server lag: not answering,10:58:43,alive
server lag: the server stalled,10:59:25,alive
pushed the profit report for cang and all,11:03:41,alive
server lag: not answering,11:04:02,alive
server lag: the server stalled,11:04:25,alive
server lag: not answering,11:09:16,alive
server lag: the server stalled,11:09:59,alive
pushed the profit report for cang and all,11:18:47,alive
server lag: not answering,11:21:34,alive
server lag: the server stalled,11:21:54,alive
server lag: the server stalled,11:22:16,alive
stop condition: tab 4 slot (1,2) is still empty 3s after the withdrawal. Nothing listed.,11:29:57,dead
tab 4 slot (1,2) is still empty 3s after the withdrawal. Nothing listed.,11:29:57,dead
listing tab 4 slot (1,1) at the panel's price and the full quantity, the 'Chaos Core Set X 18' the log says is there,11:31:37,dead
finished: list-named 1 1 0 4 Chaos Core Set X 18 (Chaos Core Set X 18); 0 slot(s) left,11:31:53,dead
relaunched (pid 20652),11:32:06,alive
pushed the profit report for cang and all,11:37:48,alive
pushed the profit report for cang and all,11:52:51,alive
server lag: not answering,11:59:08,alive
server lag: the server stalled,11:59:51,alive
supervisor cancelled with Ctrl x4,12:00:11,dead
no run alive; 2026-10-02_113202_run.log ended: interrupted from the keyboard,12:34:51,dead
relaunched (pid 13088),12:35:16,alive
pushed the profit report for cang and all,12:39:59,alive
server lag: not answering,12:45:34,alive
server lag: the server stalled,12:45:55,alive
server lag: the server stalled,12:46:18,alive
pushed the profit report for cang and all,12:55:08,alive
server lag: not answering,12:56:12,alive
server lag: the server stalled,12:56:54,alive
pushed the profit report for cang and all,13:10:18,alive
pushed the profit report for cang and all,13:25:27,alive
server lag: not answering,13:32:47,alive
server lag: the server stalled,13:33:07,alive
server lag: the server stalled,13:33:28,alive
pushed the profit report for cang and all,13:40:36,alive
server lag: not answering,13:46:10,alive
server lag: the server stalled,13:46:33,alive
server lag: the server stalled,13:46:54,alive
server lag: not answering,13:50:45,alive
server lag: the server stalled,13:51:05,alive
server lag: the server stalled,13:51:26,alive
pushed the profit report for cang and all,13:55:45,alive
pushed the profit report for cang and all,14:10:52,alive
pushed the profit report for cang and all,14:25:59,alive
supervisor cancelled with Ctrl x4,14:27:22,dead
no run alive; 2026-10-02_123512_run.log ended: interrupted from the keyboard,15:50:25,dead
relaunched (pid 12772),15:50:54,alive
pushed the profit report for cang and all,15:59:44,alive
server lag: not answering,16:01:28,alive
server lag: the server stalled,16:01:50,alive
server lag: the server stalled,16:02:11,alive
pushed the profit report for cang and all,16:14:49,alive
pushed the profit report for cang and all,16:29:53,alive
pushed the profit report for cang and all,16:44:56,alive
pushed the profit report for cang and all,16:59:59,alive
supervisor cancelled with Ctrl x4,17:04:31,dead
no run alive; 2026-10-02_155050_run.log ended: NotReady: the Agent Shop is not open after resupplying.,17:23:10,dead
relaunched (pid 4540),17:23:42,alive
pushed the profit report for cang and all,17:31:52,alive
pushed the profit report for cang and all,17:46:58,alive
supervisor cancelled with Ctrl x4,17:49:02,dead
no run alive; 2026-10-02_172338_run.log ended: interrupted from the keyboard,18:42:05,dead
relaunched (pid 20476),18:42:35,alive
pushed the profit report for cang and all,18:49:02,alive
pushed the profit report for cang and all,19:04:05,alive
stop condition: tab 4 slot (1,5) is still empty 3s after the withdrawal. Nothing listed.,19:06:51,dead
tab 4 slot (1,5) is still empty 3s after the withdrawal. Nothing listed.,19:06:53,dead
listing tab 4 slot (1,1) at the panel's price and the full quantity, the 'Divine Stone Set X 54' the log says is there,19:08:46,dead
finished: list-named 1 1 0 4 Divine Stone Set X 54 (Divine Stone Set X 54); 0 slot(s) left,19:09:02,dead
relaunched (pid 9052),19:09:15,alive
server lag: not answering,19:09:58,alive
server lag: the server stalled,19:10:42,alive
server lag: not answering,19:15:33,alive
server lag: the server stalled,19:15:56,alive
server lag: the server stalled,19:16:16,alive
pushed the profit report for cang and all,19:19:08,alive
server lag: not answering,19:30:15,alive
server lag: the server stalled,19:30:38,alive
pushed the profit report for cang and all,19:34:12,alive
stop condition: no Cancel button appeared after clicking Change on row 7. Nothing has been cancelled.,19:40:08,dead
no Cancel button appeared after clicking Change on row 7. Nothing has been cancelled.,19:40:08,dead
recovered: back in the world,19:41:09,dead
relaunched (pid 16684),19:41:40,alive
pushed the profit report for cang and all,19:49:30,alive
pushed the profit report for cang and all,20:04:37,alive
server lag: not answering,20:14:03,alive
server lag: the server stalled,20:14:24,alive
pushed the profit report for cang and all,20:19:46,alive
server lag: not answering,20:23:16,alive
server lag: the server stalled,20:23:57,alive
pushed the profit report for cang and all,20:34:54,alive
pushed the profit report for cang and all,20:50:02,alive
pushed the profit report for cang and all,21:05:13,alive
server lag: not answering,21:05:53,alive
server lag: the server stalled,21:06:14,alive
server lag: the server stalled,21:06:37,alive
server lag: not answering,21:11:09,alive
server lag: the server stalled,21:11:30,alive
server lag: the server stalled,21:11:54,alive
pushed the profit report for cang and all,21:20:24,alive
server lag: not answering,21:22:30,alive
server lag: the server stalled,21:22:50,alive
server lag: not answering,21:23:11,alive
server lag: the server stalled,21:23:33,alive
war window, log quiet 158s,21:33:24,alive
server lag: not answering,21:34:49,alive
server lag: the server stalled,21:35:11,alive
server lag: the server stalled,21:35:32,alive
pushed the profit report for cang and all,21:35:37,alive
pushed the profit report for cang and all,21:50:48,alive
pushed the profit report for cang and all,22:05:56,alive
pushed the profit report for cang and all,22:21:05,alive
server lag: not answering,22:25:38,alive
server lag: the server stalled,22:26:21,alive
pushed the profit report for cang and all,22:36:17,alive
server lag: not answering,22:50:16,alive
server lag: not answering,22:50:57,alive
server lag: the server stalled,22:51:20,alive
pushed the profit report for cang and all,22:51:25,alive
NotReady: the Agent Shop would not reopen before pass 53, so there is nothing to read. Nothing touched.,22:51:46,dead
recovery attempt 1 failed: recovery refused: Refused: the server refused the login 6 times; it is not taking connections. Nothing more to try now.; attempt 2 in 60s,22:56:27,dead
recovery attempt 2 failed: recovery refused: Refused: the server refused the login 6 times; it is not taking connections. Nothing more to try now.; attempt 3 in 60s,23:01:50,dead
recovery failed 3 times: recovery refused: Refused: the server refused the login 6 times; it is not taking connections. Nothing more to try now.; relogging (1 of 1),23:06:54,dead
the relog was refused too: relog refused: Refused: no 'select character' in the menu after 3 Escape(s). Nothing clicked.,23:07:04,dead
supervisor stopped: recovery refused: Refused: the server refused the login 6 times; it is not taking connections. Nothing more to try now.,23:07:04,dead
no run alive; 2026-10-02_194136_run.log ended: NotReady: the Agent Shop would not reopen before pass 53, so there is nothing to read. Nothing touched.,00:38:39,dead
relaunched (pid 20652),00:39:10,alive
server lag: not answering,00:41:39,alive
server lag: the server stalled,00:42:20,alive
pushed the profit report for cang and all,00:50:27,alive
pushed the profit report for cang and all,01:05:33,alive
pushed the profit report for cang and all,01:20:38,alive
pushed the profit report for cang and all,01:35:44,alive
pushed the profit report for cang and all,01:50:52,alive
pushed the profit report for cang and all,02:05:56,alive
pushed the profit report for cang and all,02:21:00,alive
server lag: not answering,02:24:51,alive
server lag: the server stalled,02:25:12,alive
server lag: the server stalled,02:25:32,alive
supervisor cancelled with Ctrl x4,02:28:01,dead
no run alive; 2026-10-03_003907_run.log ended: interrupted from the keyboard,02:38:34,dead
listing tab 4 slot (1,1) at the panel's price and the full quantity, whatever it is,02:40:28,dead
finished: list 1 1 0 4 (unnamed); 0 slot(s) left,02:40:41,dead
relaunched (pid 15720),02:40:55,alive
pushed the profit report for cang and all,02:52:31,alive
server lag: not answering,03:01:52,alive
server lag: the server stalled,03:02:35,alive
pushed the profit report for cang and all,03:07:32,alive
pushed the profit report for cang and all,03:22:33,alive
war window, log quiet 164s,03:33:42,alive
pushed the profit report for cang and all,03:37:37,alive
pushed the profit report for cang and all,03:52:38,alive
server lag: not answering,04:06:53,alive
server lag: the server stalled,04:07:35,alive
pushed the profit report for cang and all,04:07:40,alive
server lag: not answering,04:08:01,alive
server lag: the server stalled,04:08:23,alive
server lag: the server stalled,04:08:44,alive
pushed the profit report for cang and all,04:22:46,alive
pushed the profit report for cang and all,04:37:48,alive
server lag: not answering,04:48:54,alive
server lag: the server stalled,04:49:17,alive
server lag: not answering,04:50:40,alive
server lag: the server stalled,04:51:01,alive
server lag: the server stalled,04:51:23,alive
pushed the profit report for cang and all,04:52:51,alive
pushed the profit report for cang and all,05:07:56,alive
pushed the profit report for cang and all,05:23:00,alive
pushed the profit report for cang and all,05:38:01,alive
server lag: not answering,05:47:46,alive
server lag: the server stalled,05:48:08,alive
server lag: the server stalled,05:48:28,alive
pushed the profit report for cang and all,05:53:06,alive
pushed the profit report for cang and all,06:08:08,alive
server lag: not answering,06:18:55,alive
server lag: the server stalled,06:19:38,alive
pushed the profit report for cang and all,06:23:12,alive
war window, log quiet 156s,06:33:19,alive
server lag: not answering,06:35:03,alive
server lag: the server stalled,06:35:26,alive
server lag: the server stalled,06:35:46,alive
pushed the profit report for cang and all,06:38:20,alive
pushed the profit report for cang and all,06:53:23,alive
server lag: not answering,06:58:36,alive
server lag: the server stalled,06:58:56,alive
server lag: the server stalled,06:59:17,alive
pushed the profit report for cang and all,07:08:25,alive
server lag: not answering,07:14:00,alive
server lag: the server stalled,07:14:23,alive
pushed the profit report for cang and all,07:23:32,alive
server lag: not answering,07:24:32,alive
server lag: the server stalled,07:24:55,alive
server lag: the server stalled,07:25:16,alive
pushed the profit report for cang and all,07:38:36,alive
pushed the profit report for cang and all,07:53:37,alive
pushed the profit report for cang and all,08:08:42,alive
stop condition: the panel will not price 198,725 against its net sales after typing 250. Nothing has been listed.,08:19:29,dead
the panel will not price 198,725 against its net sales after typing 250. Nothing has been listed.,08:19:29,dead
listing tab 4 slot (1,1) at the panel's price and the full quantity, the 'Force Core(Highest' the log says is there,08:21:11,dead
finished: list-named 1 1 0 4 Force Core(Highest (Force Core(Highest); 0 slot(s) left,08:21:27,dead
relaunched (pid 4140),08:21:39,alive
server lag: not answering,08:29:20,alive
server lag: the server stalled,08:29:40,alive
pushed the profit report for cang and all,08:38:29,alive
server lag: not answering,08:41:34,alive
server lag: the server stalled,08:42:17,alive
pushed the profit report for cang and all,08:53:30,alive
supervisor cancelled with Ctrl x4,08:59:45,dead
no run alive; 2026-10-03_082136_run.log ended: interrupted from the keyboard,12:34:43,dead
relaunched (pid 18404),12:35:12,alive
pushed the profit report for cang and all,12:45:03,alive
pushed the profit report for cang and all,13:00:06,alive
pushed the profit report for cang and all,13:15:12,alive
pushed the profit report for cang and all,13:30:15,alive
pushed the profit report for cang and all,13:45:18,alive
pushed the profit report for cang and all,14:00:22,alive
server lag: not answering,14:06:58,alive
server lag: the server stalled,14:07:19,alive
server lag: the server stalled,14:07:39,alive
pushed the profit report for cang and all,14:15:25,alive
supervisor cancelled with Ctrl x4,14:26:13,dead
no run alive; 2026-10-03_123508_run.log ended: interrupted from the keyboard,14:41:59,dead
relaunched (pid 2684),14:42:26,alive
pushed the profit report for cang and all,14:49:57,alive
stop condition: tab 4 slot (2,5) is still empty 3s after the withdrawal. Nothing listed.,14:53:46,dead
tab 4 slot (2,5) is still empty 3s after the withdrawal. Nothing listed.,14:53:46,dead
listing tab 4 slot (1,1) at the panel's price and the full quantity, the 'Chaos Core Set X 159' the log says is there,14:55:33,dead
finished: list-named 1 1 0 4 Chaos Core Set X 159 (Chaos Core Set X 159); 0 slot(s) left,14:55:51,dead
relaunched (pid 17040),14:56:05,alive
pushed the profit report for cang and all,15:04:58,alive
pushed the profit report for cang and all,15:20:09,alive
server lag: not answering,15:23:39,alive
server lag: the server stalled,15:24:21,alive
disconnected (run still up),15:24:44,alive
disconnected 8s on; killing pid 17040,15:24:52,dead
ended without a reason line, exit code 1; nothing in driver.py exits without one, so it was stopped from outside,15:24:52,dead
recovered: back in the world,15:25:44,dead
listing tab 4 slot (1,1) at the panel's price and the full quantity, the 'Chaos Core Set X 99' the log says is there,15:27:30,dead
finished: list-named 1 1 0 4 Chaos Core Set X 99 (Chaos Core Set X 99); 0 slot(s) left,15:27:48,dead
relaunched (pid 12744),15:28:02,alive
pushed the profit report for cang and all,15:35:47,alive
pushed the profit report for cang and all,15:50:51,alive
pushed the profit report for cang and all,16:06:02,alive
pushed the profit report for cang and all,16:21:05,alive
pushed the profit report for cang and all,16:36:09,alive
pushed the profit report for cang and all,16:51:14,alive
server lag: not answering,16:51:34,alive
server lag: the server stalled,16:52:15,alive
pushed the profit report for cang and all,17:06:17,alive
pushed the profit report for cang and all,17:21:22,alive
pushed the profit report for cang and all,17:36:30,alive
pushed the profit report for cang and all,17:51:34,alive
pushed the profit report for cang and all,18:06:38,alive
pushed the profit report for cang and all,18:21:44,alive
pushed the profit report for cang and all,18:36:52,alive
pushed the profit report for cang and all,18:51:58,alive
pushed the profit report for cang and all,19:07:05,alive
pushed the profit report for cang and all,19:22:10,alive
pushed the profit report for cang and all,19:37:15,alive
pushed the profit report for cang and all,19:52:21,alive
pushed the profit report for cang and all,20:07:27,alive
pushed the profit report for cang and all,20:22:33,alive
supervisor cancelled with Ctrl x4,20:31:58,dead
no run alive; 2026-10-03_152758_run.log ended: interrupted from the keyboard,20:33:56,dead
relaunched (pid 8552),20:34:25,alive
server lag: not answering,20:35:08,alive
server lag: the server stalled,20:35:51,alive
pushed the profit report for cang and all,20:41:52,alive
stop condition: tab 4 slot (1,2) is still empty 3s after the withdrawal. Nothing listed.,20:42:32,dead
tab 4 slot (1,2) is still empty 3s after the withdrawal. Nothing listed.,20:42:33,dead
listing tab 4 slot (1,1) at the panel's price and the full quantity, the 'Chaos Core Set X 285' the log says is there,20:44:15,dead
finished: list-named 1 1 0 4 Chaos Core Set X 285 (Chaos Core Set X 285); 0 slot(s) left,20:44:31,dead
relaunched (pid 4972),20:44:45,alive
pushed the profit report for cang and all,20:57:04,alive
supervisor cancelled with Ctrl x4,20:59:51,dead
no run alive; 2026-10-03_204441_run.log ended: interrupted from the keyboard,21:45:29,dead
relaunched (pid 11592),21:45:59,alive
stop condition: tab 4 slot (1,2) is still empty 3s after the withdrawal. Nothing listed.,21:50:33,dead
tab 4 slot (1,2) is still empty 3s after the withdrawal. Nothing listed.,21:50:33,dead
listing tab 4 slot (1,1) at the panel's price and the full quantity, the 'Chaos Core Set X 249' the log says is there,21:52:18,dead
finished: list-named 1 1 0 4 Chaos Core Set X 249 (Chaos Core Set X 249); 0 slot(s) left,21:52:34,dead
relaunched (pid 8428),21:52:47,alive
pushed the profit report for cang and all,21:58:50,alive
pushed the profit report for cang and all,22:13:56,alive
pushed the profit report for cang and all,22:28:58,alive
server lag: not answering,22:41:08,alive
server lag: the server stalled,22:41:31,alive
server lag: the server stalled,22:41:52,alive
pushed the profit report for cang and all,22:44:02,alive
server lag: not answering,22:59:01,alive
pushed the profit report for cang and all,22:59:07,alive
server lag: the server stalled,22:59:28,alive
supervisor cancelled with Ctrl x4,23:14:06,dead
no run alive; 2026-10-03_215244_run.log ended: interrupted from the keyboard,01:37:55,dead
relaunched (pid 1176),01:38:26,alive
server lag: not answering,01:46:32,alive
server lag: the server stalled,01:46:52,alive
pushed the profit report for cang and all,02:01:44,alive
supervisor cancelled with Ctrl x4,02:14:49,dead
no run alive; 2026-10-04_013823_run.log ended: interrupted from the keyboard,02:41:12,dead
relaunched (pid 13688),02:41:40,alive
server lag: not answering,02:46:54,alive
server lag: the server stalled,02:47:17,alive
pushed the profit report for cang and all,02:52:56,alive
pushed the profit report for cang and all,03:08:01,alive
pushed the profit report for cang and all,03:23:04,alive
server lag: not answering,03:25:29,dead
stop condition: the panel still holds the item, priced 194,205,894, 3s after Confirmation and 22s of the server not answering; the registration did not go through. No,03:25:29,dead
the panel still holds the item, priced 194,205,894, 3s after Confirmation and 22s of the server not answering; the registration did not go through. No,03:25:30,dead
recovered: back in the world,03:26:21,dead
relaunched (pid 14484),03:26:46,alive
pushed the profit report for cang and all,03:38:22,alive
pushed the profit report for cang and all,03:53:22,alive
pushed the profit report for cang and all,04:08:23,alive
stop condition: tab 4 slot (1,2) is still empty 3s after the withdrawal. Nothing listed.,04:18:48,dead
tab 4 slot (1,2) is still empty 3s after the withdrawal. Nothing listed.,04:18:49,dead
listing tab 4 slot (1,1) at the panel's price and the full quantity, the 'Chaos Core Set X 250' the log says is there,04:20:34,dead
finished: list-named 1 1 0 4 Chaos Core Set X 250 (Chaos Core Set X 250); 0 slot(s) left,04:20:53,dead
relaunched (pid 20992),04:21:06,alive
pushed the profit report for cang and all,04:28:10,alive
pushed the profit report for cang and all,04:43:12,alive
server lag: not answering,04:43:32,alive
server lag: the server stalled,04:44:13,alive
pushed the profit report for cang and all,04:58:13,alive
pushed the profit report for cang and all,05:13:14,alive
pushed the profit report for cang and all,05:28:17,alive
pushed the profit report for cang and all,05:43:19,alive
pushed the profit report for cang and all,05:58:20,alive
pushed the profit report for cang and all,06:13:23,alive
server lag: not answering,06:25:33,alive
server lag: not answering,06:26:16,alive
server lag: the server stalled,06:26:57,alive
pushed the profit report for cang and all,06:28:27,alive
war window, log quiet 156s,06:34:02,alive
supervisor cancelled with Ctrl x4,06:40:18,dead
no run alive; 2026-10-04_042102_run.log ended: interrupted from the keyboard,06:40:55,dead
recovery attempt 1 failed: nothing recognisable on screen: disconnect=None, failed=None, login=None, select=None, alz=False, trade=False, vendor=False, craft=False, buttons=[], ; attempt 2 in 60s,06:41:09,dead
relaunched (pid 8784),06:42:35,alive
stop condition: tab 4 slot (1,2) is still empty 3s after the withdrawal. Nothing listed.,06:47:48,dead
tab 4 slot (1,2) is still empty 3s after the withdrawal. Nothing listed.,06:47:50,dead
listing tab 4 slot (1,1) at the panel's price and the full quantity, the 'Chaos Core Set X 180' the log says is there,06:49:35,dead
finished: list-named 1 1 0 4 Chaos Core Set X 180 (Chaos Core Set X 180); 0 slot(s) left,06:49:54,dead
relaunched (pid 14260),06:50:07,alive
stop condition: tab 4 slot (1,2) is still empty 3s after the withdrawal. Nothing listed.,06:56:03,dead
tab 4 slot (1,2) is still empty 3s after the withdrawal. Nothing listed.,06:56:03,dead
listing tab 4 slot (1,1) at the panel's price and the full quantity, the 'Chaos Core Set X 177' the log says is there,06:57:53,dead
finished: list-named 1 1 0 4 Chaos Core Set X 177 (Chaos Core Set X 177); 0 slot(s) left,06:58:11,dead
relaunched (pid 4372),06:58:24,alive
pushed the profit report for cang and all,07:04:46,alive
pushed the profit report for cang and all,07:19:46,alive
pushed the profit report for cang and all,07:34:47,alive
server lag: not answering,07:39:40,alive
server lag: the server stalled,07:40:00,alive
server lag: the server stalled,07:40:21,alive
pushed the profit report for cang and all,07:49:51,alive
pushed the profit report for cang and all,08:04:52,alive
server lag: not answering,08:15:19,dead
stop condition: the panel still holds the item, priced 62,205,000, 3s after Confirmation and 21s of the server not answering; the registration did not go through. Not,08:15:19,dead
the panel still holds the item, priced 62,205,000, 3s after Confirmation and 21s of the server not answering; the registration did not go through. Not,08:15:20,dead
recovered: back in the world,08:16:10,dead
listing tab 4 slot (1,1) at the panel's price and the full quantity, the 'Chaos Core Set X 87' the log says is there,08:17:54,dead
finished: list-named 1 1 0 4 Chaos Core Set X 87 (Chaos Core Set X 87); 0 slot(s) left,08:18:13,dead
relaunched (pid 13588),08:18:25,alive
pushed the profit report for cang and all,08:25:28,alive
pushed the profit report for cang and all,08:40:30,alive
server lag: not answering,08:51:36,alive
server lag: the server stalled,08:51:56,alive
server lag: the server stalled,08:52:19,alive
pushed the profit report for cang and all,08:55:32,alive
supervisor cancelled with Ctrl x4,09:00:02,dead
no run alive; 2026-10-04_081821_run.log ended: interrupted from the keyboard,12:33:16,dead
relaunched (pid 6620),12:33:43,alive
server lag: not answering,12:34:26,alive
server lag: the server stalled,12:34:46,alive
supervisor cancelled with Ctrl x4,13:51:00,dead
no run alive; 2026-10-04_123339_run.log ended: interrupted from the keyboard,13:51:26,dead
relaunched (pid 13912),13:51:51,alive
stop condition: refusing to list 'Chaos Core Set': 1 x 28,799,999 is 28,799,999, under the 34,284,288 that went into it. Nothing has been listed.,13:56:45,dead
refusing to list 'Chaos Core Set': 1 x 28,799,999 is 28,799,999, under the 34,284,288 that went into it. Nothing has been listed.,13:56:45,dead
listing tab 4 slot (1,1) at the panel's price and the full quantity, the 'Chaos Core Set' the log says is there,13:58:48,dead
finished: list-named 1 1 0 4 Chaos Core Set (Chaos Core Set); 0 slot(s) left,13:59:04,dead
relaunched (pid 11828),13:59:17,alive
pushed the profit report for cang and all,14:11:36,alive
server lag: not answering,14:13:21,alive
server lag: the server stalled,14:14:02,alive
server lag: not answering,14:25:30,alive
server lag: the server stalled,14:25:53,alive
pushed the profit report for cang and all,14:26:40,alive
supervisor cancelled with Ctrl x4,14:30:08,dead
no run alive; 2026-10-04_135913_run.log ended: interrupted from the keyboard,14:38:17,dead
relaunched (pid 15652),14:38:45,alive
pushed the profit report for cang and all,14:44:27,alive
pushed the profit report for cang and all,14:59:28,alive
pushed the profit report for cang and all,15:14:31,alive
server lag: not answering,15:18:19,alive
server lag: the server stalled,15:19:02,alive
pushed the profit report for cang and all,15:29:34,alive
war window, log quiet 168s,15:33:48,alive
pushed the profit report for cang and all,15:44:43,alive
supervisor cancelled with Ctrl x4,15:49:14,dead
no run alive; 2026-10-04_143842_run.log ended: interrupted from the keyboard,15:55:59,dead
relaunched (pid 9572),15:56:29,alive
pushed the profit report for cang and all,16:01:49,alive
server lag: not answering,16:14:41,alive
server lag: the server stalled,16:15:22,alive
pushed the profit report for cang and all,16:16:52,alive
pushed the profit report for cang and all,16:31:56,alive
pushed the profit report for cang and all,16:46:59,alive
pushed the profit report for cang and all,17:02:04,alive
server lag: not answering,17:08:40,alive
server lag: the server stalled,17:09:23,alive
pushed the profit report for cang and all,17:17:07,alive
pushed the profit report for cang and all,17:32:12,alive
server lag: not answering,17:44:03,alive
server lag: the server stalled,17:44:44,alive
pushed the profit report for cang and all,17:47:19,alive
pushed the profit report for cang and all,18:02:24,alive
server lag: not answering,18:09:44,alive
server lag: the server stalled,18:10:27,alive
server lag: not answering,18:13:56,alive
server lag: the server stalled,18:14:39,alive
pushed the profit report for cang and all,18:17:33,alive
pushed the profit report for cang and all,18:32:40,alive
war window, log quiet 167s,18:34:03,alive
pushed the profit report for cang and all,18:47:48,alive
pushed the profit report for cang and all,19:02:57,alive
supervisor cancelled with Ctrl x4,19:16:35,dead
no run alive; 2026-10-04_155625_run.log ended: interrupted from the keyboard,19:53:18,dead
relaunched (pid 18708),19:53:45,alive
pushed the profit report for cang and all,19:59:06,alive
server lag: not answering,20:09:52,alive
server lag: the server stalled,20:10:13,alive
server lag: the server stalled,20:10:33,alive
pushed the profit report for cang and all,20:14:08,alive
pushed the profit report for cang and all,20:29:09,alive
pushed the profit report for cang and all,20:44:15,alive
supervisor cancelled with Ctrl x4,20:59:13,dead
no run alive; 2026-10-04_195341_run.log ended: interrupted from the keyboard,21:38:28,dead
relaunched (pid 14304),21:38:54,alive
server lag: not answering,21:42:28,alive
server lag: the server stalled,21:43:09,alive
server lag: not answering,21:48:04,alive
server lag: the server stalled,21:48:24,alive
server lag: not answering,21:54:03,alive
server lag: the server stalled,21:54:43,alive
supervisor cancelled with Ctrl x4,21:57:13,dead
attached (pid 14304),21:58:24,alive
pushed the profit report for cang and all,22:00:59,alive
server lag: not answering,22:04:48,alive
server lag: the server stalled,22:05:13,alive
server lag: not answering,22:11:31,alive
server lag: the server stalled,22:11:52,alive
pushed the profit report for cang and all,22:16:09,alive
server lag: not answering,22:22:48,alive
server lag: the server stalled,22:23:31,alive
server lag: not answering,22:29:07,alive
server lag: the server stalled,22:29:31,alive
server lag: the server stalled,22:29:51,alive
pushed the profit report for cang and all,22:31:22,alive
server lag: not answering,22:41:50,alive
server lag: the server stalled,22:42:33,alive
pushed the profit report for cang and all,22:46:30,alive
server lag: not answering,22:52:49,alive
server lag: the server stalled,22:53:09,alive
pushed the profit report for cang and all,23:01:39,alive
pushed the profit report for cang and all,23:16:52,alive
server lag: not answering,23:19:19,alive
server lag: the server stalled,23:20:00,alive
pushed the profit report for cang and all,23:32:01,alive
supervisor cancelled with Ctrl x4,23:33:24,dead
no run alive; 2026-10-04_213851_run.log ended: ended without a reason line,23:35:06,dead
relaunched (pid 14960),23:35:32,alive
pushed the profit report for cang and all,23:39:28,alive
supervisor cancelled with Ctrl x4,23:50:56,dead
no run alive; 2026-10-04_233528_run.log ended: interrupted from the keyboard,00:35:10,dead
relaunched (pid 7308),00:35:36,alive
server lag: not answering,00:39:28,alive
server lag: the server stalled,00:39:48,alive
server lag: the server stalled,00:40:10,alive
pushed the profit report for cang and all,00:41:40,alive
pushed the profit report for cang and all,00:56:43,alive
pushed the profit report for cang and all,01:11:45,alive
pushed the profit report for cang and all,01:26:46,alive
server lag: not answering,01:31:59,alive
server lag: the server stalled,01:32:20,alive
server lag: not answering,01:32:42,alive
server lag: the server stalled,01:33:23,alive
server lag: not answering,01:41:05,alive
server lag: the server stalled,01:41:25,alive
server lag: the server stalled,01:41:46,alive
pushed the profit report for cang and all,01:41:53,alive
server lag: not answering,01:42:53,alive
server lag: the server stalled,01:43:36,alive
pushed the profit report for cang and all,01:56:55,alive
server lag: not answering,02:02:29,alive
server lag: not answering,02:02:49,alive
server lag: not answering,02:03:32,alive
server lag: not answering,02:04:14,alive
server lag: the server stalled,02:04:35,alive
server lag: not answering,02:04:55,alive
server lag: not answering,02:05:18,alive
server lag: not answering,02:05:58,alive
server lag: not answering,02:06:41,alive
server lag: the server stalled,02:07:01,alive
server lag: not answering,02:07:23,alive
server lag: the server stalled,02:07:44,dead
RuntimeError: pressed I 2 times; the Inventory panel is not open where calibration.json says it is.,02:07:44,dead
recovered: back in the world,02:08:34,dead
relaunched (pid 12228),02:08:59,alive
pushed the profit report for cang and all,02:13:19,alive
pushed the profit report for cang and all,02:28:23,alive
server lag: not answering,02:40:35,alive
server lag: the server stalled,02:40:58,alive
pushed the profit report for cang and all,02:43:29,alive
pushed the profit report for cang and all,02:58:36,alive
pushed the profit report for cang and all,03:13:42,alive
server lag: not answering,03:24:53,alive
server lag: the server stalled,03:25:35,alive
pushed the profit report for cang and all,03:28:49,alive
war window, log quiet 151s,03:33:24,alive
pushed the profit report for cang and all,03:43:59,alive
NotReady: the Agent Shop is not open after resupplying.,03:51:40,dead
listing tab 4 slot (1,1) at the panel's price and the full quantity, the 'Chaos Core Set' the log says is there,03:53:19,dead
finished: list-named 1 1 0 4 Chaos Core Set (Chaos Core Set); 0 slot(s) left,03:53:35,dead
relaunched (pid 19912),03:53:48,alive
pushed the profit report for cang and all,03:59:10,alive
server lag: not answering,04:13:28,alive
server lag: the server stalled,04:13:49,alive
server lag: the server stalled,04:14:13,alive
pushed the profit report for cang and all,04:14:18,alive
pushed the profit report for cang and all,04:29:22,alive
pushed the profit report for cang and all,04:44:29,alive
pushed the profit report for cang and all,04:59:37,alive
pushed the profit report for cang and all,05:14:43,alive
server lag: not answering,05:23:48,alive
server lag: the server stalled,05:24:29,alive
pushed the profit report for cang and all,05:29:51,alive
pushed the profit report for cang and all,05:44:57,alive
pushed the profit report for cang and all,06:00:03,alive
server lag: not answering,06:12:39,alive
server lag: the server stalled,06:12:59,alive
server lag: the server stalled,06:13:22,alive
pushed the profit report for cang and all,06:15:13,alive
pushed the profit report for cang and all,06:30:20,alive
war window, log quiet 157s,06:33:10,alive
pushed the profit report for cang and all,06:45:29,alive
pushed the profit report for cang and all,07:00:39,alive
supervisor cancelled with Ctrl x4,07:13:53,dead
no run alive; 2026-10-05_035344_run.log ended: interrupted from the keyboard,09:41:15,dead
relaunched (pid 15136),09:41:43,alive
server lag: not answering,09:59:07,alive
server lag: the server stalled,09:59:50,alive
pushed the profit report for cang and all,10:03:04,alive
pushed the profit report for cang and all,10:18:10,alive
stop condition: nothing loaded into the shop slot from (3,3) after 1 ctrl-click(s). Nothing has been listed.,10:22:00,dead
nothing loaded into the shop slot from (3,3) after 1 ctrl-click(s). Nothing has been listed.,10:22:00,dead
relaunched (pid 2192),10:22:23,alive
server lag: not answering,10:28:19,alive
server lag: the server stalled,10:29:02,alive
pushed the profit report for cang and all,10:33:19,alive
pushed the profit report for cang and all,10:48:21,alive
pushed the profit report for cang and all,11:03:25,alive
server lag: not answering,11:13:08,alive
server lag: the server stalled,11:13:29,alive
server lag: the server stalled,11:13:50,alive
server lag: not answering,11:15:55,alive
server lag: the server stalled,11:16:18,alive
pushed the profit report for cang and all,11:18:30,alive
pushed the profit report for cang and all,11:33:34,alive
stop condition: refusing to list 'Chaos Core Set': 1 x 172,692,719 is 172,692,719, under the 177,370,170 that went into it. Nothing has been listed.,11:45:47,dead
refusing to list 'Chaos Core Set': 1 x 172,692,719 is 172,692,719, under the 177,370,170 that went into it. Nothing has been listed.,11:45:47,dead
listing tab 4 slot (1,7) at the panel's price and the full quantity, the 'Chaos Core Set' the log says is there,11:47:20,dead
finished: list-named 1 7 0 4 Chaos Core Set (Chaos Core Set); 0 slot(s) left,11:47:37,dead
relaunched (pid 10780),11:47:50,alive
pushed the profit report for cang and all,11:52:48,alive
server lag: not answering,12:02:12,alive
server lag: the server stalled,12:02:55,alive
pushed the profit report for cang and all,12:07:53,alive
pushed the profit report for cang and all,12:22:57,alive
war window, log quiet 152s,12:33:24,alive
pushed the profit report for cang and all,12:38:00,alive
server lag: not answering,12:38:43,alive
server lag: the server stalled,12:39:24,alive
supervisor cancelled with Ctrl x4,12:51:35,dead
no run alive; 2026-10-05_114746_run.log ended: interrupted from the keyboard,14:37:15,dead
relaunched (pid 18336),14:37:42,alive
server lag: not answering,14:40:50,alive
server lag: the server stalled,14:41:13,alive
pushed the profit report for cang and all,14:58:20,alive
supervisor cancelled with Ctrl x4,14:59:22,dead
no run alive; 2026-10-05_143738_run.log ended: interrupted from the keyboard,15:00:26,dead
relaunched (pid 15204),15:00:51,alive
pushed the profit report for cang and all,15:07:14,alive
pushed the profit report for cang and all,15:22:19,alive
server lag: not answering,15:33:04,alive
server lag: the server stalled,15:33:25,alive
pushed the profit report for cang and all,15:37:21,alive
pushed the profit report for cang and all,15:52:27,alive
server lag: not answering,15:57:18,alive
server lag: the server stalled,15:57:38,alive
server lag: the server stalled,15:58:01,alive
pushed the profit report for cang and all,16:07:30,alive
pushed the profit report for cang and all,16:22:32,alive
pushed the profit report for cang and all,16:37:36,alive
pushed the profit report for cang and all,16:52:38,alive
server lag: not answering,17:00:36,alive
server lag: the server stalled,17:00:59,alive
pushed the profit report for cang and all,17:07:41,alive
pushed the profit report for cang and all,17:22:46,alive
pushed the profit report for cang and all,17:37:49,alive
pushed the profit report for cang and all,17:52:53,alive
supervisor cancelled with Ctrl x4,17:58:05,dead
no run alive; 2026-10-05_150047_run.log ended: interrupted from the keyboard,23:32:13,dead
relaunched (pid 4648),23:32:42,alive
pushed the profit report for cang and all,23:46:12,alive
pushed the profit report for cang and all,00:01:17,alive
server lag: not answering,00:05:06,alive
server lag: the server stalled,00:05:27,alive
pushed the profit report for cang and all,00:16:24,alive
pushed the profit report for cang and all,00:31:30,alive
war window, log quiet 157s,00:32:56,alive
pushed the profit report for cang and all,00:46:38,alive
pushed the profit report for cang and all,01:01:44,alive
pushed the profit report for cang and all,01:16:49,alive
server lag: not answering,01:17:09,alive
server lag: the server stalled,01:17:31,alive
server lag: the server stalled,01:17:52,alive
pushed the profit report for cang and all,01:31:56,alive
pushed the profit report for cang and all,01:47:01,alive
pushed the profit report for cang and all,02:02:07,alive
server lag: not answering,02:12:55,alive
server lag: the server stalled,02:13:18,alive
pushed the profit report for cang and all,02:17:14,alive
pushed the profit report for cang and all,02:32:19,alive
server lag: not answering,02:33:22,alive
server lag: the server stalled,02:33:42,alive
server lag: the server stalled,02:34:03,alive
pushed the profit report for cang and all,02:47:27,alive
server lag: not answering,02:53:25,alive
server lag: the server stalled,02:54:06,alive
pushed the profit report for cang and all,03:02:35,alive
server lag: not answering,03:14:06,alive
server lag: the server stalled,03:14:28,alive
server lag: the server stalled,03:14:49,alive
pushed the profit report for cang and all,03:17:42,alive
server lag: not answering,03:22:14,alive
server lag: the server stalled,03:22:35,alive
server lag: the server stalled,03:22:57,alive
server lag: not answering,03:28:31,alive
server lag: the server stalled,03:28:52,alive
pushed the profit report for cang and all,03:32:48,alive
war window, log quiet 174s,03:33:11,alive
server lag: not answering,03:43:20,alive
server lag: the server stalled,03:44:03,alive
pushed the profit report for cang and all,03:48:02,alive
server lag: not answering,04:00:58,alive
server lag: the server stalled,04:01:19,alive
server lag: not answering,04:02:02,alive
server lag: the server stalled,04:02:43,alive
pushed the profit report for cang and all,04:03:11,alive
pushed the profit report for cang and all,04:18:21,alive
server lag: not answering,04:21:30,alive
server lag: the server stalled,04:22:13,alive
server lag: not answering,04:29:54,alive
server lag: the server stalled,04:30:38,alive
pushed the profit report for cang and all,04:33:33,alive
server lag: not answering,04:35:16,alive
server lag: the server stalled,04:36:00,alive
server lag: not answering,04:37:03,alive
server lag: the server stalled,04:37:23,alive
server lag: the server stalled,04:37:44,alive
server lag: not answering,04:38:06,alive
server lag: the server stalled,04:38:47,alive
server lag: not answering,04:39:30,alive
server lag: the server stalled,04:39:51,alive
server lag: not answering,04:40:14,alive
server lag: the server stalled,04:40:55,alive
pushed the profit report for cang and all,04:48:45,alive
server lag: not answering,04:57:08,alive
server lag: the server stalled,04:57:29,alive
server lag: the server stalled,04:57:49,alive
pushed the profit report for cang and all,05:03:52,alive
pushed the profit report for cang and all,05:19:00,alive
server lag: not answering,05:32:34,alive
server lag: the server stalled,05:33:16,alive
pushed the profit report for cang and all,05:34:05,alive
pushed the profit report for cang and all,05:49:12,alive
server lag: not answering,05:58:39,alive
server lag: the server stalled,05:59:23,alive
pushed the profit report for cang and all,06:04:22,alive
server lag: not answering,06:06:06,alive
server lag: the server stalled,06:06:26,alive
server lag: the server stalled,06:06:50,alive
server lag: not answering,06:08:55,alive
server lag: the server stalled,06:09:16,alive
server lag: the server stalled,06:09:37,alive
server lag: not answering,06:11:02,alive
server lag: the server stalled,06:11:43,alive
server lag: not answering,06:18:00,alive
server lag: the server stalled,06:18:43,alive
pushed the profit report for cang and all,06:19:32,alive
war window, log quiet 168s,06:33:53,alive
pushed the profit report for cang and all,06:34:40,alive
server lag: not answering,06:44:47,alive
server lag: the server stalled,06:45:08,alive
server lag: the server stalled,06:45:29,alive
pushed the profit report for cang and all,06:49:49,alive
server lag: not answering,07:00:58,alive
server lag: the server stalled,07:01:18,alive
server lag: the server stalled,07:01:41,alive
pushed the profit report for cang and all,07:04:55,alive
pushed the profit report for cang and all,07:20:01,alive
supervisor cancelled with Ctrl x4,07:29:47,dead
no run alive; 2026-10-05_233238_run.log ended: interrupted from the keyboard,07:38:02,dead
relaunched (pid 16028),07:38:32,alive
server lag: not answering,07:39:15,alive
server lag: the server stalled,07:39:58,alive
server lag: not answering,07:43:06,alive
server lag: the server stalled,07:43:27,alive
server lag: the server stalled,07:43:47,alive
server lag: not answering,07:44:30,alive
server lag: the server stalled,07:44:51,alive
server lag: does not count,07:45:13,alive
pushed the profit report for cang and all,07:57:51,alive
server lag: not answering,07:59:57,alive
server lag: the server stalled,08:00:17,alive
server lag: not answering,08:00:38,alive
server lag: the server stalled,08:01:21,alive
server lag: not answering,08:06:13,alive
server lag: the server stalled,08:06:54,alive
server lag: not answering,08:10:02,alive
server lag: the server stalled,08:10:45,alive
pushed the profit report for cang and all,08:12:58,alive
pushed the profit report for cang and all,08:28:01,alive
server lag: not answering,08:32:53,alive
server lag: the server stalled,08:33:36,alive
pushed the profit report for cang and all,08:43:05,alive
server lag: not answering,08:46:13,alive
server lag: the server stalled,08:46:33,alive
server lag: the server stalled,08:46:54,alive
pushed the profit report for cang and all,08:58:10,alive
pushed the profit report for cang and all,09:13:18,alive
server lag: not answering,09:19:12,alive
server lag: the server stalled,09:19:33,alive
server lag: not answering,09:26:53,alive
server lag: the server stalled,09:27:36,alive
pushed the profit report for cang and all,09:28:24,alive
war window, log quiet 165s,09:33:59,alive
pushed the profit report for cang and all,09:43:33,alive
pushed the profit report for cang and all,09:58:42,alive
server lag: not answering,10:00:26,alive
server lag: the server stalled,10:01:09,alive
server lag: not answering,10:04:38,alive
server lag: the server stalled,10:04:59,alive
server lag: the server stalled,10:05:22,alive
pushed the profit report for cang and all,10:13:53,alive
pushed the profit report for cang and all,10:29:00,alive
server lag: not answering,10:35:37,alive
server lag: the server stalled,10:36:20,alive
pushed the profit report for cang and all,10:44:08,alive
server lag: not answering,10:57:25,alive
server lag: the server stalled,10:57:46,alive
pushed the profit report for cang and all,10:59:18,alive
pushed the profit report for cang and all,11:14:26,alive
server lag: not answering,11:22:30,alive
server lag: the server stalled,11:22:51,alive
server lag: the server stalled,11:23:11,alive
pushed the profit report for cang and all,11:29:37,alive
pushed the profit report for cang and all,11:44:45,alive
server lag: not answering,11:48:57,alive
server lag: the server stalled,11:49:17,alive
server lag: not answering,11:52:48,alive
server lag: the server stalled,11:53:10,alive
server lag: the server stalled,11:53:31,alive
server lag: not answering,11:55:36,alive
server lag: the server stalled,11:55:57,alive
server lag: the server stalled,11:56:19,alive
pushed the profit report for cang and all,11:59:54,alive
server lag: not answering,12:00:14,alive
server lag: the server stalled,12:00:37,alive
server lag: not answering,12:09:43,alive
server lag: the server stalled,12:10:05,alive
server lag: the server stalled,12:10:26,alive
pushed the profit report for cang and all,12:15:05,alive
RuntimeError: pressed I 2 times; the Inventory panel is not open where calibration.json says it is.,12:15:46,dead
recovered: back in the world,12:16:46,dead
relaunched (pid 10292),12:17:13,alive
pushed the profit report for cang and all,12:30:12,alive
war window, log quiet 151s,12:34:03,alive
server lag: not answering,12:37:52,alive
server lag: the server stalled,12:38:12,alive
server lag: the server stalled,12:38:35,alive
pushed the profit report for cang and all,12:45:16,alive
server lag: not answering,12:53:37,alive
server lag: the server stalled,12:54:20,alive
pushed the profit report for cang and all,13:00:21,alive
pushed the profit report for cang and all,13:15:25,alive
server lag: not answering,13:18:33,alive
server lag: the server stalled,13:19:14,alive
pushed the profit report for cang and all,13:30:31,alive
pushed the profit report for cang and all,13:45:36,alive
server lag: not answering,13:55:21,alive
server lag: the server stalled,13:55:41,alive
pushed the profit report for cang and all,14:00:41,alive
pushed the profit report for cang and all,14:15:46,alive
pushed the profit report for cang and all,14:30:50,alive
pushed the profit report for cang and all,14:45:53,alive
server lag: not answering,14:54:14,alive
server lag: the server stalled,14:54:55,alive
server lag: not answering,15:00:09,alive
server lag: the server stalled,15:00:32,alive
server lag: the server stalled,15:00:52,alive
pushed the profit report for cang and all,15:00:59,alive
server lag: not answering,15:14:14,alive
server lag: the server stalled,15:14:35,alive
server lag: the server stalled,15:14:55,alive
server lag: not answering,15:15:58,alive
pushed the profit report for cang and all,15:16:06,alive
server lag: the server stalled,15:16:26,alive
server lag: not answering,15:25:29,alive
server lag: the server stalled,15:26:12,alive
pushed the profit report for cang and all,15:31:10,alive
war window, log quiet 166s,15:34:00,alive
pushed the profit report for cang and all,15:46:17,alive
server lag: not answering,15:56:45,alive
server lag: the server stalled,15:57:05,alive
server lag: the server stalled,15:57:28,alive
pushed the profit report for cang and all,16:01:27,alive
server lag: not answering,16:07:42,alive
server lag: the server stalled,16:08:04,alive
server lag: the server stalled,16:08:25,alive
pushed the profit report for cang and all,16:16:35,alive
server lag: not answering,16:30:52,alive
server lag: the server stalled,16:31:14,alive
server lag: the server stalled,16:31:35,alive
pushed the profit report for cang and all,16:31:41,alive
pushed the profit report for cang and all,16:46:48,alive
pushed the profit report for cang and all,17:01:54,alive
server lag: not answering,17:07:28,alive
server lag: the server stalled,17:08:11,alive
server lag: not answering,17:16:53,alive
pushed the profit report for cang and all,17:16:59,alive
server lag: the server stalled,17:17:42,alive
server lag: not answering,17:21:31,alive
server lag: the server stalled,17:22:14,alive
pushed the profit report for cang and all,17:32:07,alive
server lag: not answering,17:35:35,alive
server lag: the server stalled,17:36:16,alive
pushed the profit report for cang and all,17:47:13,alive
pushed the profit report for cang and all,18:02:17,alive
supervisor cancelled with Ctrl x4,18:06:49,dead
no run alive; 2026-10-06_121709_run.log ended: interrupted from the keyboard,19:01:38,dead
relaunched (pid 20988),19:02:09,alive
pushed the profit report for cang and all,19:10:02,alive
stop condition: the panel will not price 165,000 against its net sales after typing 250. Nothing has been listed.,19:20:31,dead
the panel will not price 165,000 against its net sales after typing 250. Nothing has been listed.,19:20:31,dead
listing tab 4 slot (1,1) at the panel's price and the full quantity, the 'Force Core(High' the log says is there,19:22:59,dead
finished: list-named 1 1 0 4 Force Core(High (Force Core(High); 0 slot(s) left,19:23:15,dead
relaunched (pid 9844),19:23:28,alive
server lag: not answering,19:24:12,alive
server lag: the server stalled,19:24:32,alive
pushed the profit report for cang and all,19:30:34,alive
pushed the profit report for cang and all,19:45:39,alive
server lag: not answering,19:59:32,alive
server lag: the server stalled,19:59:53,alive
pushed the profit report for cang and all,20:00:41,alive
server lag: not answering,20:01:01,alive
server lag: the server stalled,20:01:44,alive
server lag: not answering,20:03:50,alive
server lag: the server stalled,20:04:31,alive
server lag: not answering,20:05:56,alive
server lag: the server stalled,20:06:16,alive
server lag: not answering,20:06:59,alive
server lag: the server stalled,20:07:19,alive
pushed the profit report for cang and all,20:15:48,alive
server lag: not answering,20:17:10,alive
server lag: the server stalled,20:17:33,alive
server lag: the server stalled,20:17:53,alive
server lag: not answering,20:18:57,alive
server lag: the server stalled,20:19:18,alive
server lag: the server stalled,20:19:40,alive
supervisor cancelled with Ctrl x4,20:25:56,dead
no run alive; 2026-10-06_192324_run.log ended: interrupted from the keyboard,00:40:50,dead
relaunched (pid 18676),00:41:18,alive
pushed the profit report for cang and all,00:53:17,alive
pushed the profit report for cang and all,01:08:20,alive
server lag: not answering,01:10:46,alive
server lag: the server stalled,01:11:29,alive
pushed the profit report for cang and all,01:23:27,alive
server lag: not answering,01:24:08,alive
server lag: the server stalled,01:24:28,alive
server lag: the server stalled,01:24:51,alive
pushed the profit report for cang and all,01:38:33,alive
server lag: not answering,01:45:11,alive
server lag: the server stalled,01:45:54,alive
server lag: not answering,01:50:27,alive
server lag: the server stalled,01:50:47,alive
server lag: not answering,01:51:10,alive
server lag: the server stalled,01:51:51,alive
pushed the profit report for cang and all,01:53:42,alive
pushed the profit report for cang and all,02:08:49,alive
server lag: not answering,02:11:16,alive
server lag: the server stalled,02:11:57,alive
the panel will not price 189,721,331 against its net sales after typing 250. Nothing has been listed.,02:18:24,dead
recovery attempt 1 failed: could not bring the game to the foreground; nothing read, nothing sent; attempt 2 in 60s,02:18:24,dead
recovery attempt 2 failed: could not bring the game to the foreground; nothing read, nothing sent; attempt 3 in 60s,02:19:24,dead
recovery failed 3 times: could not bring the game to the foreground; nothing read, nothing sent; relogging (1 of 1),02:20:24,dead
the relog was refused too: relog refused: Refused: could not bring the game to the foreground.,02:20:25,dead
supervisor stopped: could not bring the game to the foreground; nothing read, nothing sent,02:20:25,dead
no run alive; 2026-10-07_004114_run.log ended: the panel will not price 189,721,331 against its net sales after typing 250. Nothing has been listed.,07:58:24,dead
relaunched (pid 3116),07:58:54,alive
pushed the profit report for cang and all,08:23:51,alive
server lag: not answering,08:36:05,alive
server lag: the server stalled,08:36:25,alive
server lag: the server stalled,08:36:46,alive
pushed the profit report for cang and all,08:39:00,alive
pushed the profit report for cang and all,08:54:09,alive
server lag: not answering,08:59:01,alive
server lag: the server stalled,08:59:24,alive
server lag: not answering,09:01:11,alive
server lag: the server stalled,09:01:53,alive
server lag: not answering,09:09:17,alive
pushed the profit report for cang and all,09:09:22,alive
server lag: the server stalled,09:09:42,alive
server lag: the server stalled,09:10:05,alive
server lag: not answering,09:22:43,alive
server lag: the server stalled,09:23:24,alive
pushed the profit report for cang and all,09:24:35,alive
war window, log quiet 160s,09:33:23,alive
disconnected (run still up),09:36:14,alive
disconnected 8s on; killing pid 3116,09:36:22,dead
ended without a reason line, exit code 1; nothing in driver.py exits without one, so it was stopped from outside,09:36:22,dead
recovered: back in the world,09:37:15,dead
relaunched (pid 3652),09:37:41,alive
server lag: not answering,09:43:59,alive
server lag: the server stalled,09:44:21,alive
server lag: the server stalled,09:44:42,alive
server lag: not answering,09:45:02,alive
server lag: the server stalled,09:45:45,alive
server lag: not answering,09:49:57,alive
server lag: the server stalled,09:50:17,alive
server lag: the server stalled,09:50:39,alive
pushed the profit report for cang and all,10:02:17,alive
pushed the profit report for cang and all,10:17:25,alive
server lag: not answering,10:22:40,alive
server lag: the server stalled,10:23:00,alive
server lag: the server stalled,10:23:23,alive
pushed the profit report for cang and all,10:32:36,alive
server lag: not answering,10:33:37,alive
server lag: the server stalled,10:34:20,alive
pushed the profit report for cang and all,10:47:44,alive
server lag: not answering,10:48:04,alive
server lag: the server stalled,10:48:47,alive
server lag: not answering,10:49:08,alive
server lag: the server stalled,10:49:51,alive
pushed the profit report for cang and all,11:02:51,alive
pushed the profit report for cang and all,11:18:00,alive
server lag: not answering,11:31:59,alive
server lag: the server stalled,11:32:40,alive
pushed the profit report for cang and all,11:33:07,alive
pushed the profit report for cang and all,11:48:13,alive
pushed the profit report for cang and all,12:03:21,alive
pushed the profit report for cang and all,12:18:29,alive
server lag: not answering,12:24:46,alive
server lag: the server stalled,12:25:07,alive
war window, log quiet 171s,12:33:13,alive
pushed the profit report for cang and all,12:33:38,alive
server lag: not answering,12:36:27,alive
server lag: the server stalled,12:36:48,alive
server lag: the server stalled,12:37:08,alive
pushed the profit report for cang and all,12:48:50,alive
pushed the profit report for cang and all,13:03:56,alive
pushed the profit report for cang and all,13:19:05,alive
pushed the profit report for cang and all,13:34:17,alive
pushed the profit report for cang and all,13:49:28,alive
pushed the profit report for cang and all,14:04:34,alive
pushed the profit report for cang and all,14:19:44,alive
server lag: not answering,14:24:35,alive
server lag: the server stalled,14:24:55,alive
server lag: the server stalled,14:25:19,alive
pushed the profit report for cang and all,14:34:50,alive
NotReady: the Agent Shop is not open after resupplying Chaos Core.,14:39:44,dead
relaunched (pid 24868),14:40:20,alive
RuntimeError: right-clicked the Agent Shop key 2 times and the Trade window never appeared. Nothing written.,14:40:43,dead
relaunched (pid 22696),14:41:09,alive
RuntimeError: right-clicked the Agent Shop key 2 times and the Trade window never appeared. Nothing written.,14:41:32,dead
relaunched (pid 9420),14:41:55,alive
disconnected (run still up),14:41:57,alive
disconnected 7s on; killing pid 9420,14:42:03,dead
ended without a reason line, exit code 1; nothing in driver.py exits without one, so it was stopped from outside,14:42:04,dead
3 runs in a row died within 300s of launch; relogging (1 of 1),14:42:04,dead
recovered: back in the world,14:42:47,dead
recovery attempt 1 failed: relog refused: Refused: no 'yes' on screen within 5s, so the login is not where it was expected. Nothing further was clicked.; attempt 2 in 60s,14:43:18,dead
recovery attempt 2 failed: nothing recognisable on screen: disconnect=None, failed=None, login=None, select=None, alz=False, trade=False, vendor=False, craft=False, buttons=[], ; attempt 3 in 60s,14:44:33,dead
recovery failed 3 times: nothing recognisable on screen: disconnect=None, failed=None, login=None, select=None, alz=False, trade=False, vendor=False, craft=False, buttons=[], ; relogging (1 of 1),14:45:50,dead
the relog was refused too: relog refused: Refused: no 'yes' on screen within 5s, so the login is not where it was expected. Nothing further was clicked.,14:45:59,dead
supervisor stopped: nothing recognisable on screen: disconnect=None, failed=None, login=None, select=None, alz=False, trade=False, vendor=False, craft=False, buttons=[], underprice=False,14:45:59,dead
