id,at,run,item,price,spend,qty,note,expect
1,2026-08-29T09:49:01,2026-08-29T09:47:30,Force Core Set (Highest) X 1,196261,2158871,11,,
2,2026-08-29T09:49:05,2026-08-29T09:47:30,Force Core Set (Highest) X 50,196261,39252200,200,,
3,2026-08-29T09:49:34,2026-08-29T09:47:30,Force Core Set (Highest) X 141,196261,27672801,141,,
4,2026-08-29T09:49:37,2026-08-29T09:47:30,Force Core Set (Highest) X 179,196261,35130719,179,,
5,2026-08-29T09:50:33,2026-08-29T09:47:30,Force Core Set (High) X 1,187134,1122804,6,,
6,2026-08-29T09:50:36,2026-08-29T09:47:30,Force Core Set (High) X 9,187134,1684206,9,,
7,2026-08-29T09:50:39,2026-08-29T09:47:30,Force Core Set (High) X 14,187134,2619876,14,,
8,2026-08-29T09:50:43,2026-08-29T09:47:30,Force Core Set (High) X 33,187134,6175422,33,,
9,2026-08-29T09:50:46,2026-08-29T09:47:30,Force Core Set (High) X 45,187134,8421030,45,,
10,2026-08-29T09:50:49,2026-08-29T09:47:30,Force Core Set (High) X 308,194805,60000000,308,,
11,2026-08-29T09:51:38,2026-08-29T09:47:30,Upgrade Core Set (Ultimate) X 3,421000,1263000,3,,
12,2026-08-29T09:51:41,2026-08-29T09:47:30,Upgrade Core Set (Ultimate) X 238,421000,100198000,238,,
13,2026-08-29T09:52:10,2026-08-29T09:47:30,Upgrade Core Set (Ultimate) X 392,421000,165032000,392,,
14,2026-08-29T10:09:38,2026-08-29T09:47:30,Chaos Core,669999,81739878,122,,
15,2026-08-29T10:09:43,2026-08-29T09:47:30,Chaos Core,670000,6700000,10,,
16,2026-08-29T10:09:48,2026-08-29T09:47:30,Chaos Core,669999,7369989,11,,
17,2026-08-29T10:09:54,2026-08-29T09:47:30,Chaos Core,670000,2680000,4,,
18,2026-08-29T10:10:53,2026-08-29T09:47:30,Chaos Core,670000,35510000,53,,
19,2026-08-29T10:10:58,2026-08-29T09:47:30,Chaos Core,670000,46230000,69,,
20,2026-08-29T10:11:05,2026-08-29T09:47:30,Chaos Core,670000,10720000,16,,
21,2026-08-29T10:11:54,2026-08-29T09:47:30,Chaos Core,670000,3350000,5,,
22,2026-08-29T10:12:01,2026-08-29T09:47:30,Chaos Core,670000,19430000,29,,
23,2026-08-29T10:12:09,2026-08-29T09:47:30,Chaos Core,670000,18090000,27,,
24,2026-08-29T10:12:18,2026-08-29T09:47:30,Chaos Core,670000,32830000,49,,
25,2026-08-29T10:12:28,2026-08-29T09:47:30,Chaos Core,670000,22780000,34,,
26,2026-08-29T10:13:21,2026-08-29T09:47:30,Chaos Core,670000,1340000,2,,
27,2026-08-29T10:13:32,2026-08-29T09:47:30,Chaos Core,670000,22780000,34,,
28,2026-08-29T10:13:44,2026-08-29T09:47:30,Chaos Core,670000,72360000,108,,
29,2026-08-29T10:26:30,2026-08-29T09:47:30,Force Core Set (High) X 1,185000,21275000,115,,
30,2026-08-29T10:26:34,2026-08-29T09:47:30,Force Core Set (High) X 60,185000,11100000,60,,
31,2026-08-29T10:40:59,2026-08-29T09:47:30,Upgrade Core Set (Ultimate) X 999,421000,420579000,999,,
32,2026-08-29T12:15:39,2026-08-29T09:47:30,Force Core Set (Highest) X 1,196153,2746142,14,,
33,2026-08-29T12:15:42,2026-08-29T09:47:30,Force Core Set (Highest) X 4,196153,784612,4,,
34,2026-08-29T12:15:46,2026-08-29T09:47:30,Force Core Set (Highest) X 6,196153,1176918,6,,
35,2026-08-29T12:15:50,2026-08-29T09:47:30,Force Core Set (Highest) X 7,196153,6865355,35,,
36,2026-08-29T12:15:54,2026-08-29T09:47:30,Force Core Set (Highest) X 20,196153,3923060,20,,
37,2026-08-29T12:15:58,2026-08-29T09:47:30,Force Core Set (Highest) X 20,196153,11769180,60,,
38,2026-08-29T12:16:01,2026-08-29T09:47:30,Force Core Set (Highest) X 23,196153,4511519,23,,
39,2026-08-29T12:16:05,2026-08-29T09:47:30,Force Core Set (Highest) X 24,196153,4707672,24,,
40,2026-08-29T12:16:08,2026-08-29T09:47:30,Force Core Set (Highest) X 26,196153,5100000,26,,
41,2026-08-29T12:47:02,2026-08-29T09:47:30,Force Core Set (Highest) X 115,192306,22115304,115,,
42,2026-08-29T12:47:06,2026-08-29T09:47:30,Force Core Set (Highest) X 5,192307,961535,5,,
43,2026-08-29T12:47:09,2026-08-29T09:47:30,Force Core Set (Highest) X 182,192307,35000000,182,,
44,2026-08-29T13:39:15,2026-08-29T09:47:30,Force Core Set (High) X 1,201086,5027150,25,,
45,2026-08-29T13:39:18,2026-08-29T09:47:30,Force Core Set (High) X 20,201086,4021720,20,,
46,2026-08-29T13:39:22,2026-08-29T09:47:30,Force Core Set (High) X 32,201086,6434752,32,,
47,2026-08-29T13:39:25,2026-08-29T09:47:30,Force Core Set (High) X 41,201086,8244526,41,,
48,2026-08-29T13:39:28,2026-08-29T09:47:30,Force Core Set (High) X 75,201086,15081450,75,,
49,2026-08-29T13:39:32,2026-08-29T09:47:30,Force Core Set (High) X 86,201086,17293396,86,,
50,2026-08-29T14:26:00,2026-08-29T09:47:30,Chaos Core,689999,54509921,79,,
51,2026-08-29T14:26:06,2026-08-29T09:47:30,Chaos Core,689999,40709941,59,,
52,2026-08-29T14:26:55,2026-08-29T09:47:30,Chaos Core,689999,35189949,51,,
53,2026-08-29T14:27:02,2026-08-29T09:47:30,Chaos Core,689999,28289959,41,,
54,2026-08-29T14:27:09,2026-08-29T09:47:30,Chaos Core,689999,5519992,8,,
55,2026-08-29T14:27:18,2026-08-29T09:47:30,Chaos Core,689999,30359956,44,,
56,2026-08-29T14:28:10,2026-08-29T09:47:30,Chaos Core,689999,94529863,137,,
57,2026-08-29T14:28:20,2026-08-29T09:47:30,Chaos Core,689999,19319972,28,,
58,2026-08-29T14:29:18,2026-08-29T09:47:30,Chaos Core,689999,19319972,28,,
59,2026-08-29T14:29:29,2026-08-29T09:47:30,Chaos Core,689999,26219962,38,,
60,2026-08-29T14:29:40,2026-08-29T09:47:30,Chaos Core,689999,7589989,11,,
61,2026-08-29T14:29:52,2026-08-29T09:47:30,Chaos Core,690000,46920000,68,,
62,2026-08-29T14:30:05,2026-08-29T09:47:30,Chaos Core,690000,1380000,2,,
63,2026-08-29T14:39:30,2026-08-29T09:47:30,Force Core Set (High) X 32,190476,6095232,32,,
64,2026-08-29T15:15:22,2026-08-29T09:47:30,Force Core Set (Highest) X 1,193333,3673327,19,,
65,2026-08-29T15:15:27,2026-08-29T09:47:30,Force Core Set (Highest) X 1,193333,5799990,30,,
66,2026-08-29T15:15:31,2026-08-29T09:47:30,Force Core Set (Highest) X 1,193333,13919976,72,,
67,2026-08-29T15:15:36,2026-08-29T09:47:30,Force Core Set (Highest) X 1,193333,5993323,31,,
68,2026-08-29T15:15:40,2026-08-29T09:47:30,Force Core Set (Highest) X 1,193333,9279984,48,,
69,2026-08-29T15:16:11,2026-08-29T09:47:30,Force Core Set (Highest) X 1,193333,1159998,6,,
70,2026-08-29T15:16:16,2026-08-29T09:47:30,Force Core Set (Highest) X 1,193333,5219991,27,,
71,2026-08-29T15:16:19,2026-08-29T09:47:30,Force Core Set (Highest) X 2,193333,386666,2,,
72,2026-08-29T15:16:23,2026-08-29T09:47:30,Force Core Set (Highest) X 6,193333,1159998,6,,
73,2026-08-29T15:16:27,2026-08-29T09:47:30,Force Core Set (Highest) X 10,193333,30933280,160,,
74,2026-08-29T15:22:28,2026-08-29T09:47:30,Upgrade Core Set (Ultimate) X 4,421000,1684000,4,,
75,2026-08-29T15:22:31,2026-08-29T09:47:30,Upgrade Core Set (Ultimate) X 18,421000,7578000,18,,
76,2026-08-29T15:22:35,2026-08-29T09:47:30,Upgrade Core Set (Ultimate) X 38,421000,15998000,38,,
77,2026-08-29T15:22:38,2026-08-29T09:47:30,Upgrade Core Set (Ultimate) X 83,421000,34943000,83,,
78,2026-08-29T15:25:52,2026-08-29T09:47:30,Chaos Core,689999,689999,1,,
79,2026-08-29T15:25:58,2026-08-29T09:47:30,Chaos Core,689999,3449995,5,,
80,2026-08-29T15:26:06,2026-08-29T09:47:30,Chaos Core,689999,4829993,7,,
81,2026-08-29T15:26:15,2026-08-29T09:47:30,Chaos Core,689999,2759996,4,,
82,2026-08-29T15:26:24,2026-08-29T09:47:30,Chaos Core,689999,2759996,4,,
83,2026-08-29T15:26:34,2026-08-29T09:47:30,Chaos Core,689999,2759996,4,,
84,2026-08-29T15:26:45,2026-08-29T09:47:30,Chaos Core,689999,4829993,7,,
85,2026-08-29T15:26:58,2026-08-29T09:47:30,Chaos Core,689999,3449995,5,,
86,2026-08-29T15:27:11,2026-08-29T09:47:30,Chaos Core,689999,5519992,8,,
87,2026-08-29T15:27:25,2026-08-29T09:47:30,Chaos Core,689999,2069997,3,,
88,2026-08-29T15:44:02,2026-08-29T15:36:53,Chaos Core,698000,2094000,3,,
89,2026-08-29T15:44:27,2026-08-29T15:36:53,Chaos Core,698000,698000,1,,
90,2026-08-29T15:44:46,2026-08-29T15:36:53,Chaos Core,698000,11866000,17,,
91,2026-08-29T15:44:52,2026-08-29T15:36:53,Chaos Core,695000,79230000,114,,
92,2026-08-29T15:44:56,2026-08-29T15:36:53,Chaos Core,695000,6255000,9,,
93,2026-08-29T15:45:44,2026-08-29T15:36:53,Chaos Core,695000,114675000,165,,
94,2026-08-29T15:51:56,2026-08-29T15:36:53,Force Core Set (High) X 1,190476,1142856,6,,
95,2026-08-29T15:52:00,2026-08-29T15:36:53,Force Core Set (High) X 10,190476,13333320,70,,
96,2026-08-29T15:52:04,2026-08-29T15:36:53,Force Core Set (High) X 11,190476,2095236,11,,
97,2026-08-29T15:52:07,2026-08-29T15:36:53,Force Core Set (High) X 29,190476,5523804,29,,
98,2026-08-29T15:54:52,2026-08-29T15:36:53,Force Core Set (Highest) X 223,208807,46563961,223,,
99,2026-08-29T15:55:21,2026-08-29T15:36:53,Force Core Set (Highest) X 520,208807,108579640,520,,
100,2026-08-29T15:59:21,2026-08-29T15:36:53,Chaos Core,689000,103350000,150,,
101,2026-08-29T16:39:09,2026-08-29T16:31:45,Chaos Core,689000,66144000,96,,
102,2026-08-29T16:39:14,2026-08-29T16:31:45,Chaos Core,689000,33072000,48,,
103,2026-08-29T16:40:03,2026-08-29T16:31:45,Chaos Core,689000,95082000,138,,
104,2026-08-29T16:40:50,2026-08-29T16:31:45,Chaos Core,689000,31694000,46,,
105,2026-08-29T16:40:57,2026-08-29T16:31:45,Chaos Core,689000,5512000,8,,
106,2026-08-29T16:41:05,2026-08-29T16:31:45,Chaos Core,689000,70278000,102,,
107,2026-08-29T16:41:57,2026-08-29T16:31:45,Chaos Core,689000,25493000,37,,
108,2026-08-29T16:42:03,2026-08-29T16:31:45,Chaos Core,689000,69589000,101,,
109,2026-08-29T16:50:05,2026-08-29T16:31:45,Chaos Core,689000,101972000,148,,
110,2026-08-29T16:50:14,2026-08-29T16:31:45,Chaos Core,689000,9646000,14,,
111,2026-08-29T16:51:11,2026-08-29T16:31:45,Chaos Core,689000,57876000,84,,
112,2026-08-29T16:51:22,2026-08-29T16:31:45,Chaos Core,689000,41340000,60,,
113,2026-08-29T17:29:51,2026-08-29T16:31:45,Force Core Set (High) X 1,195173,195173,1,,
114,2026-08-29T17:43:59,2026-08-29T16:31:45,Force Core Set (Highest) X 1,202353,18616476,92,,
115,2026-08-29T17:44:02,2026-08-29T16:31:45,Force Core Set (Highest) X 114,202353,23068242,114,,
116,2026-08-29T17:44:31,2026-08-29T16:31:45,Force Core Set (Highest) X 116,202353,23472948,116,,
117,2026-08-29T17:44:34,2026-08-29T16:31:45,Force Core Set (Highest) X 137,202353,27722361,137,,
118,2026-08-29T17:53:37,2026-08-29T16:31:45,Force Core Set (High) X 1,204968,17217312,84,,
119,2026-08-29T17:53:42,2026-08-29T16:31:45,Force Core Set (High) X 10,204968,12298080,60,,
120,2026-08-29T17:53:46,2026-08-29T16:31:45,Force Core Set (High) X 10,205000,12300000,60,,
121,2026-08-29T19:01:22,2026-08-29T18:52:15,Chaos Core,689000,2067000,3,,
122,2026-08-29T19:01:29,2026-08-29T18:52:15,Chaos Core,689000,28249000,41,,
123,2026-08-29T19:01:36,2026-08-29T18:52:15,Chaos Core,689000,8268000,12,,
124,2026-08-29T19:01:45,2026-08-29T18:52:15,Chaos Core,689000,2067000,3,,
125,2026-08-29T19:01:54,2026-08-29T18:52:15,Chaos Core,689000,13780000,20,,
126,2026-08-29T19:02:22,2026-08-29T18:52:15,Chaos Core,689000,10335000,15,,
127,2026-08-29T19:02:34,2026-08-29T18:52:15,Chaos Core,689000,10335000,15,,
128,2026-08-29T19:02:46,2026-08-29T18:52:15,Chaos Core,689000,30316000,44,,
129,2026-08-29T19:03:38,2026-08-29T18:52:15,Chaos Core,689000,5512000,8,,
130,2026-08-29T19:03:51,2026-08-29T18:52:15,Chaos Core,689000,63388000,92,,
131,2026-08-29T19:04:04,2026-08-29T18:52:15,Chaos Core,689000,24115000,35,,
132,2026-08-29T19:04:58,2026-08-29T18:52:15,Chaos Core,689000,57876000,84,,
133,2026-08-29T19:05:13,2026-08-29T18:52:15,Chaos Core,689000,49608000,72,,
134,2026-08-29T19:06:05,2026-08-29T18:52:15,Chaos Core,689000,67522000,98,,
135,2026-08-29T19:06:19,2026-08-29T18:52:15,Chaos Core,689000,11713000,17,,
136,2026-08-29T19:06:34,2026-08-29T18:52:15,Chaos Core,689000,17914000,26,,
137,2026-08-29T19:07:25,2026-08-29T18:52:15,Upgrade Core Set (Ultimate) X 2,432432,864864,2,,
138,2026-08-29T19:07:30,2026-08-29T18:52:15,Upgrade Core Set (Ultimate) X 5,432432,2162160,5,,
139,2026-08-29T19:07:34,2026-08-29T18:52:15,Upgrade Core Set (Ultimate) X 10,432432,4324320,10,,
140,2026-08-29T19:07:39,2026-08-29T18:52:15,Upgrade Core Set (Ultimate) X 18,432432,7783776,18,,
141,2026-08-29T19:07:44,2026-08-29T18:52:15,Upgrade Core Set (Ultimate) X 26,432432,11243232,26,,
142,2026-08-29T19:07:48,2026-08-29T18:52:15,Upgrade Core Set (Ultimate) X 27,432432,11675664,27,,
143,2026-08-29T19:07:53,2026-08-29T18:52:15,Upgrade Core Set (Ultimate) X 61,432432,26378352,61,,
144,2026-08-29T19:07:58,2026-08-29T18:52:15,Upgrade Core Set (Ultimate) X 71,432432,30702672,71,,
145,2026-08-29T20:22:25,2026-08-29T18:52:15,Chaos Core,688000,99072000,144,,
146,2026-08-29T20:27:03,2026-08-29T18:52:15,Chaos Core,688000,90128000,131,,
147,2026-08-29T20:27:10,2026-08-29T18:52:15,Chaos Core,688000,6880000,10,,
148,2026-08-29T20:27:59,2026-08-29T18:52:15,Chaos Core,688000,94944000,138,,
149,2026-08-29T20:28:47,2026-08-29T18:52:15,Chaos Core,688000,69488000,101,,
150,2026-08-29T20:28:55,2026-08-29T18:52:15,Chaos Core,688000,30272000,44,,
151,2026-08-29T20:29:03,2026-08-29T18:52:15,Chaos Core,688000,7568000,11,,
152,2026-08-29T20:37:51,2026-08-29T18:52:15,Force Core Set (Highest) X 1,201646,201646,1,,
153,2026-08-29T20:37:56,2026-08-29T18:52:15,Force Core Set (Highest) X 29,201646,5847734,29,,
154,2026-08-29T20:38:01,2026-08-29T18:52:15,Force Core Set (Highest) X 32,201646,6452672,32,,
155,2026-08-29T20:38:05,2026-08-29T18:52:15,Force Core Set (Highest) X 35,201646,7057610,35,,
156,2026-08-29T20:38:10,2026-08-29T18:52:15,Force Core Set (Highest) X 47,201646,9477362,47,,
157,2026-08-29T20:38:15,2026-08-29T18:52:15,Force Core Set (Highest) X 486,201646,98000000,486,,
158,2026-08-29T20:52:10,2026-08-29T18:52:15,Chaos Core,688000,13072000,19,,
159,2026-08-29T20:52:17,2026-08-29T18:52:15,Chaos Core,688000,86000000,125,,
160,2026-08-29T20:53:06,2026-08-29T18:52:15,Chaos Core,688000,85312000,124,,
161,2026-08-29T20:53:13,2026-08-29T18:52:15,Chaos Core,688000,3440000,5,,
162,2026-08-29T20:53:22,2026-08-29T18:52:15,Chaos Core,688000,10320000,15,,
163,2026-08-29T23:13:49,2026-08-29T22:28:22,Chaos Core,700000,111300000,159,,
164,2026-08-29T23:50:10,2026-08-29T23:48:19,Chaos Core,699999,6299991,9,,
165,2026-08-29T23:50:17,2026-08-29T23:48:19,Chaos Core,699999,11899983,17,,
166,2026-08-29T23:50:25,2026-08-29T23:48:19,Chaos Core,699999,78399888,112,,
167,2026-08-29T23:51:14,2026-08-29T23:48:19,Chaos Core,699999,56699919,81,,
168,2026-08-29T23:51:23,2026-08-29T23:48:19,Chaos Core,699999,56699919,81,,
169,2026-08-29T23:52:19,2026-08-29T23:48:19,Chaos Core,699999,111299841,159,,
170,2026-08-29T23:59:28,2026-08-29T23:48:19,Chaos Core,699999,27299961,39,,
171,2026-08-29T23:59:33,2026-08-29T23:48:19,Chaos Core,699999,75599892,108,,
172,2026-08-30T00:03:25,2026-08-29T23:48:19,Chaos Core,699999,113399838,162,,
173,2026-08-30T00:04:17,2026-08-29T23:48:19,Chaos Core,699999,96599862,138,,
174,2026-08-30T00:10:36,2026-08-29T23:48:19,Force Core Set (High) X 509,205000,104345000,509,,
175,2026-08-30T00:22:45,2026-08-29T23:48:19,Chaos Core,650000,65000000,100,,
176,2026-08-30T00:22:52,2026-08-29T23:48:19,Chaos Core,650000,34450000,53,,
177,2026-08-30T00:23:45,2026-08-29T23:48:19,Chaos Core,650000,16900000,26,,
178,2026-08-30T00:23:52,2026-08-29T23:48:19,Chaos Core,650000,74100000,114,,
179,2026-08-30T00:24:00,2026-08-29T23:48:19,Chaos Core,650000,12350000,19,,
180,2026-08-30T00:24:53,2026-08-29T23:48:19,Chaos Core,650000,1300000,2,,
181,2026-08-30T00:25:00,2026-08-29T23:48:19,Chaos Core,650000,1950000,3,,
182,2026-08-30T00:25:08,2026-08-29T23:48:19,Chaos Core,650000,650000,1,,
183,2026-08-30T00:25:17,2026-08-29T23:48:19,Chaos Core,650000,2600000,4,,
184,2026-08-30T00:25:26,2026-08-29T23:48:19,Chaos Core,650000,650000,1,,
185,2026-08-30T00:25:38,2026-08-29T23:48:19,Chaos Core,699999,5599992,8,,
186,2026-08-30T00:25:51,2026-08-29T23:48:19,Chaos Core,699999,41299941,59,,
187,2026-08-30T00:26:05,2026-08-29T23:48:19,Chaos Core,699999,56699919,81,,
188,2026-08-30T00:27:18,2026-08-29T23:48:19,Chaos Core,699999,5599992,8,,
189,2026-08-30T00:27:27,2026-08-29T23:48:19,Chaos Core,699999,2799996,4,,
190,2026-08-30T00:27:32,2026-08-29T23:48:19,Chaos Core,699999,4899993,7,,
191,2026-08-30T00:27:43,2026-08-29T23:48:19,Chaos Core,699999,56699919,81,,
192,2026-08-30T00:27:54,2026-08-29T23:48:19,Chaos Core,699999,43399938,62,,
193,2026-08-30T00:31:59,2026-08-29T23:48:19,Force Core Set (High) X 12,205000,2460000,12,,
194,2026-08-30T00:32:04,2026-08-29T23:48:19,Force Core Set (High) X 51,205000,10455000,51,,
195,2026-08-30T00:32:08,2026-08-29T23:48:19,Force Core Set (High) X 52,205000,10660000,52,,
196,2026-08-30T00:32:13,2026-08-29T23:48:19,Force Core Set (High) X 87,205000,17835000,87,,
197,2026-08-30T00:32:18,2026-08-29T23:48:19,Force Core Set (High) X 254,205000,52070000,254,,
198,2026-09-13T23:50:34,2026-09-13T23:47:55,Chaos Core,709550,104303850,147,,725000
199,2026-09-13T23:51:23,2026-09-13T23:47:55,Chaos Core,709550,72374100,102,,724999
200,2026-09-13T23:51:30,2026-09-13T23:47:55,Chaos Core,709550,31929750,45,,724999
201,2026-09-13T23:52:21,2026-09-13T23:47:55,Chaos Core,709550,34767950,49,,724999
202,2026-09-13T23:52:30,2026-09-13T23:47:55,Chaos Core,709550,2128650,3,,724999
203,2026-09-13T23:52:41,2026-09-13T23:47:55,Chaos Core,709550,2128650,3,,724999
204,2026-09-13T23:52:53,2026-09-13T23:47:55,Chaos Core,709550,3547750,5,,724999
205,2026-09-13T23:53:06,2026-09-13T23:47:55,Chaos Core,709550,50378050,71,,724999
206,2026-09-13T23:53:20,2026-09-13T23:47:55,Chaos Core,709550,4257300,6,,724999
207,2026-09-13T23:53:34,2026-09-13T23:47:55,Chaos Core,709550,709550,1,,724999
208,2026-09-13T23:53:50,2026-09-13T23:47:55,Chaos Core,709555,2838220,4,,724999
209,2026-09-13T23:53:55,2026-09-13T23:47:55,Chaos Core,709550,3547750,5,,724999
210,2026-09-13T23:54:44,2026-09-13T23:47:55,Chaos Core,709550,90822400,128,,724997
211,2026-09-13T23:55:11,2026-09-13T23:47:55,Chaos Core,714999,714999,1,,724997
212,2026-09-13T23:56:15,2026-09-13T23:47:55,Force Core Set (Ultimate) X 4,392698,1570792,4,,441323
213,2026-09-13T23:56:20,2026-09-13T23:47:55,Force Core Set (Ultimate) X 10,392698,3926980,10,,441323
214,2026-09-13T23:56:25,2026-09-13T23:47:55,Force Core Set (Ultimate) X 18,392698,7068564,18,,441323
215,2026-09-13T23:57:01,2026-09-13T23:47:55,Force Core Set (Ultimate) X 999,392698,392305302,999,,441323
216,2026-09-13T23:58:34,2026-09-13T23:47:55,Upgrade Core Set (Ultimate) X 999,424382,423957618,999,,479982
217,2026-09-14T00:04:51,2026-09-13T23:47:55,Chaos Core,709550,29091550,41,,724137
218,2026-09-14T00:05:09,2026-09-13T23:47:55,Chaos Core,714999,81509886,114,,724137
219,2026-09-14T00:05:27,2026-09-13T23:47:55,Chaos Core,714999,714999,1,,724137
220,2026-09-14T00:06:59,2026-09-13T23:47:55,Chaos Core,714999,24309966,34,,724996
221,2026-09-14T00:07:46,2026-09-13T23:47:55,Chaos Core,714999,67209906,94,,724996
222,2026-09-14T00:08:07,2026-09-13T23:47:55,Chaos Core,714999,11439984,16,,724996
223,2026-09-14T00:08:12,2026-09-13T23:47:55,Chaos Core,709550,6385950,9,,724996
224,2026-09-14T00:09:06,2026-09-13T23:47:55,Chaos Core,709550,2128650,3,,724994
225,2026-09-14T00:15:19,2026-09-13T23:47:55,Chaos Core,714999,74359896,104,,724992
226,2026-09-14T00:15:40,2026-09-13T23:47:55,Chaos Core,714999,24309966,34,,724992
227,2026-09-14T00:16:43,2026-09-13T23:47:55,Chaos Core,714999,100814859,141,,724991
228,2026-09-14T00:31:44,2026-09-13T23:47:55,Chaos Core,709550,15610100,22,,724978
229,2026-09-14T00:31:51,2026-09-13T23:47:55,Chaos Core,709550,86565100,122,,724978
230,2026-09-14T01:00:14,2026-09-13T23:47:55,Chaos Core,709550,7805050,11,,724953
231,2026-09-14T01:00:19,2026-09-13T23:47:55,Chaos Core,709550,7805050,11,,724953
232,2026-09-14T01:00:28,2026-09-13T23:47:55,Chaos Core,709550,2128650,3,,724953
233,2026-09-14T01:00:37,2026-09-13T23:47:55,Chaos Core,709550,99337000,140,,724953
234,2026-09-14T01:01:34,2026-09-13T23:47:55,Chaos Core,709550,72374100,102,,724952
235,2026-09-14T01:01:44,2026-09-13T23:47:55,Chaos Core,709550,36187050,51,,724952
236,2026-09-14T01:02:41,2026-09-13T23:47:55,Chaos Core,709550,108561150,153,,724953
237,2026-09-14T01:24:10,2026-09-13T23:47:55,Chaos Core,718327,2873308,4,,724939
238,2026-09-14T01:24:15,2026-09-13T23:47:55,Chaos Core,714999,5719992,8,,724939
239,2026-09-14T01:24:23,2026-09-13T23:47:55,Chaos Core,714999,81509886,114,,724939
240,2026-09-14T01:24:36,2026-09-13T23:47:55,Chaos Core,718328,4309968,6,,724939
241,2026-09-14T01:24:50,2026-09-13T23:47:55,Chaos Core,718328,718328,1,,724939
242,2026-09-14T01:25:06,2026-09-13T23:47:55,Chaos Core,718328,2154984,3,,724939
243,2026-09-14T01:25:22,2026-09-13T23:47:55,Chaos Core,718328,1436656,2,,724939
244,2026-09-14T01:25:27,2026-09-13T23:47:55,Chaos Core,714999,8579988,12,,724939
245,2026-09-14T01:26:16,2026-09-13T23:47:55,Chaos Core,714999,5004993,7,,724939
246,2026-09-14T01:26:45,2026-09-13T23:47:55,Chaos Core,720000,1440000,2,,724939
247,2026-09-14T01:32:26,2026-09-13T23:47:55,Chaos Core,714999,97239864,136,,724936
248,2026-09-14T01:32:34,2026-09-13T23:47:55,Chaos Core,714999,20734971,29,,724936
249,2026-09-14T01:45:47,2026-09-13T23:47:55,Chaos Core,720000,2160000,3,,725000
250,2026-09-14T05:51:46,2026-09-14T05:48:52,Force Core Set (Highest) X 275,198147,54490425,275,,209924
251,2026-09-14T05:52:37,2026-09-14T05:48:52,Chaos Core,716049,43678989,61,,765000
252,2026-09-14T05:52:58,2026-09-14T05:48:52,Chaos Core,716049,2148147,3,,765000
253,2026-09-14T05:53:07,2026-09-14T05:48:52,Chaos Core,716049,63728361,89,,765000
254,2026-09-14T05:54:02,2026-09-14T05:48:52,Chaos Core,716049,70888851,99,,764999
255,2026-09-14T05:54:12,2026-09-14T05:48:52,Chaos Core,716049,36518499,51,,764999
256,2026-09-14T05:55:22,2026-09-14T05:48:52,Chaos Core,716049,100246860,140,,764996
257,2026-09-14T05:55:33,2026-09-14T05:48:52,Chaos Core,716049,9308637,13,,764996
258,2026-09-14T05:56:32,2026-09-14T05:48:52,Chaos Core,716049,2148147,3,,764994
259,2026-09-14T05:56:45,2026-09-14T05:48:52,Chaos Core,730000,80300000,110,,764994
260,2026-09-14T05:56:59,2026-09-14T05:48:52,Chaos Core,730000,24820000,34,,764994
261,2026-09-14T06:03:02,2026-09-14T05:48:52,Chaos Core,716045,32222025,45,,727839
262,2026-09-14T06:03:11,2026-09-14T05:48:52,Chaos Core,716049,68024655,95,,727839
263,2026-09-14T06:03:27,2026-09-14T05:48:52,Chaos Core,716045,716045,1,,727839
264,2026-09-14T06:35:15,2026-09-14T05:48:52,Force Core Set (Highest) X 1,166666,19166590,115,,209906
265,2026-09-14T06:35:20,2026-09-14T05:48:52,Force Core Set (Highest) X 1,166666,166666,1,,209906
266,2026-09-14T06:35:24,2026-09-14T05:48:52,Force Core Set (Highest) X 243,166666,40499838,243,,209906
267,2026-09-14T06:57:10,2026-09-14T05:48:52,Chaos Core,730000,1460000,2,,763991
268,2026-09-14T06:57:17,2026-09-14T05:48:52,Chaos Core,730000,9490000,13,,763991
269,2026-09-14T06:57:25,2026-09-14T05:48:52,Chaos Core,730000,2190000,3,,763991
270,2026-09-14T06:57:34,2026-09-14T05:48:52,Chaos Core,730000,89790000,123,,763991
271,2026-09-14T07:08:56,2026-09-14T05:48:52,Chaos Core,728999,104975856,144,,763983
272,2026-09-14T07:20:14,2026-09-14T05:48:52,Chaos Core,716049,83061684,116,,763974
273,2026-09-14T07:20:21,2026-09-14T05:48:52,Chaos Core,728999,31346957,43,,763974
274,2026-09-14T07:49:56,2026-09-14T07:43:16,Force Core Set (Ultimate) X 1,392402,4316422,11,,597989
275,2026-09-14T07:50:00,2026-09-14T07:43:16,Force Core Set (Ultimate) X 3,392402,1177206,3,,597989
276,2026-09-14T07:50:05,2026-09-14T07:43:16,Force Core Set (Ultimate) X 4,392402,1569608,4,,597989
277,2026-09-14T07:50:10,2026-09-14T07:43:16,Force Core Set (Ultimate) X 9,392402,3531620,9,,597989
278,2026-09-14T07:50:15,2026-09-14T07:43:16,Force Core Set (Ultimate) X 47,392402,18442894,47,,597989
279,2026-09-14T07:50:20,2026-09-14T07:43:16,Force Core Set (Ultimate) X 55,392402,21582110,55,,597989
280,2026-09-14T07:50:25,2026-09-14T07:43:16,Force Core Set (Ultimate) X 69,392402,27075738,69,,597989
281,2026-09-14T07:50:30,2026-09-14T07:43:16,Force Core Set (Ultimate) X 98,392402,38455396,98,,597989
282,2026-09-14T07:51:22,2026-09-14T07:43:16,Force Core Set (Ultimate) X 154,392402,60429908,154,,899895
283,2026-09-14T07:51:27,2026-09-14T07:43:16,Force Core Set (Ultimate) X 2,392403,784806,2,,899895
284,2026-09-14T07:51:31,2026-09-14T07:43:16,Force Core Set (Ultimate) X 3,392403,1177209,3,,899895
285,2026-09-14T07:52:10,2026-09-14T07:43:16,Upgrade Core Set (Ultimate) X 10,420000,12600000,30,,478814
286,2026-09-14T07:52:15,2026-09-14T07:43:16,Upgrade Core Set (Ultimate) X 14,420000,5880000,14,,478814
287,2026-09-14T07:52:20,2026-09-14T07:43:16,Upgrade Core Set (Ultimate) X 105,424382,44560110,105,,478814
288,2026-09-14T07:52:25,2026-09-14T07:43:16,Upgrade Core Set (Ultimate) X 243,424382,103124826,243,,478814
289,2026-09-14T08:22:25,2026-09-14T08:19:40,Force Core Set (High) X 18,190123,3422222,18,,212775
290,2026-09-14T08:22:31,2026-09-14T08:19:40,Force Core Set (High) X 1,190989,8785494,46,,212775
291,2026-09-14T08:22:37,2026-09-14T08:19:40,Force Core Set (High) X 10,190990,26738600,140,,212775
292,2026-09-14T08:23:10,2026-09-14T08:19:40,Force Core Set (High) X 10,190990,38198000,200,,212774
293,2026-09-14T08:23:42,2026-09-14T08:19:40,Force Core Set (High) X 10,190990,15279200,80,,212774
294,2026-09-14T08:23:47,2026-09-14T08:19:40,Force Core Set (High) X 115,190990,21963850,115,,212774
295,2026-09-14T08:23:52,2026-09-14T08:19:40,Force Core Set (High) X 168,190990,32086320,168,,212774
296,2026-09-14T01:40:37,2026-09-14T08:19:40,Upgrade Core Set (Ultimate) X 3,444944,1334832,3,,478813
297,2026-09-14T01:40:42,2026-09-14T08:19:40,Upgrade Core Set (Ultimate) X 52,444944,23137088,52,,478813
298,2026-09-14T01:59:44,2026-09-14T08:19:40,Chaos Core,710000,7100000,10,,739190
299,2026-09-14T01:59:52,2026-09-14T08:19:40,Chaos Core,710000,90880000,128,,739190
300,2026-09-14T02:00:42,2026-09-14T08:19:40,Chaos Core,710000,41180000,58,,739189
301,2026-09-14T02:00:50,2026-09-14T08:19:40,Chaos Core,710000,63190000,89,,739189
302,2026-09-14T02:01:41,2026-09-14T08:19:40,Chaos Core,710000,41180000,58,,739188
303,2026-09-14T02:01:51,2026-09-14T08:19:40,Chaos Core,710000,75970000,107,,739188
304,2026-09-14T02:02:47,2026-09-14T08:19:40,Chaos Core,710000,72420000,102,,739187
305,2026-09-14T02:04:08,2026-09-14T08:19:40,Chaos Core,710000,44730000,63,,739187
306,2026-09-14T02:05:19,2026-09-14T08:19:40,Chaos Core,710000,22010000,31,,739186
307,2026-09-14T02:05:26,2026-09-14T08:19:40,Chaos Core,710000,3550000,5,,739186
308,2026-09-14T02:05:38,2026-09-14T08:19:40,Chaos Core,710000,29820000,42,,739186
309,2026-09-14T02:05:52,2026-09-14T08:19:40,Chaos Core,710000,57510000,81,,739186
310,2026-09-14T02:21:23,2026-09-14T08:19:40,Upgrade Core Set (Ultimate) X 41,425163,17431683,41,,478800
311,2026-09-14T02:51:30,2026-09-14T08:19:40,Upgrade Core Set (Ultimate) X 24,425163,10203912,24,,478782
312,2026-09-14T02:51:35,2026-09-14T08:19:40,Upgrade Core Set (Ultimate) X 25,425163,10629075,25,,478782
313,2026-09-14T02:51:40,2026-09-14T08:19:40,Upgrade Core Set (Ultimate) X 45,425163,19132335,45,,478782
314,2026-09-14T02:51:45,2026-09-14T08:19:40,Upgrade Core Set (Ultimate) X 342,425163,145405746,342,,478782
315,2026-09-14T03:41:57,2026-09-14T08:19:40,Chaos Core,699000,27261000,39,,710000
316,2026-09-14T03:42:04,2026-09-14T08:19:40,Chaos Core,699000,69201000,99,,710000
317,2026-09-14T03:42:12,2026-09-14T08:19:40,Chaos Core,699000,8388000,12,,710000
318,2026-09-14T03:52:22,2026-09-14T08:19:40,Chaos Core Set X 119,672268,80000000,119,,709898
319,2026-09-14T04:58:04,2026-09-14T08:19:40,Upgrade Core Set (Ultimate) X 37,432432,16000000,37,,478688
320,2026-09-14T04:58:09,2026-09-14T08:19:40,Upgrade Core Set (Ultimate) X 247,432432,106810704,247,,478688
321,2026-09-14T05:27:15,2026-09-14T08:19:40,Force Core Set (Highest) X 27,199133,5376591,27,,209163
322,2026-09-14T05:27:20,2026-09-14T08:19:40,Force Core Set (Highest) X 37,199133,7367921,37,,209163
323,2026-09-14T05:27:25,2026-09-14T08:19:40,Force Core Set (Highest) X 64,199133,12744512,64,,209163
324,2026-09-14T05:27:30,2026-09-14T08:19:40,Force Core Set (Highest) X 68,199133,13541044,68,,209163
325,2026-09-14T05:27:35,2026-09-14T08:19:40,Force Core Set (Highest) X 127,199133,25289891,127,,209163
326,2026-09-14T05:33:06,2026-09-14T08:19:40,Chaos Core,697000,48093000,69,,709882
327,2026-09-14T05:33:13,2026-09-14T08:19:40,Chaos Core,697000,52275000,75,,709882
328,2026-09-14T05:57:53,2026-09-14T08:19:40,Chaos Core,697000,25092000,36,,709881
329,2026-09-14T05:58:00,2026-09-14T08:19:40,Chaos Core,697000,89913000,129,,709881
330,2026-09-14T06:03:41,2026-09-14T08:19:40,Force Core Set (High) X 9,177777,1600000,9,,197970
331,2026-09-14T06:08:10,2026-09-14T08:19:40,Chaos Core,697000,4182000,6,,709894
332,2026-09-14T06:08:20,2026-09-14T08:19:40,Chaos Core,699000,1398000,2,,709894
333,2026-09-14T06:08:31,2026-09-14T08:19:40,Chaos Core,699000,2097000,3,,709894
334,2026-09-14T06:08:44,2026-09-14T08:19:40,Chaos Core,699000,4194000,6,,709894
335,2026-09-14T06:08:58,2026-09-14T08:19:40,Chaos Core,699000,4194000,6,,709894
336,2026-09-14T06:09:14,2026-09-14T08:19:40,Chaos Core,699000,699000,1,,709894
337,2026-09-14T06:09:25,2026-09-14T08:19:40,Chaos Core,699999,699999,1,,709894
338,2026-09-14T06:09:40,2026-09-14T08:19:40,Chaos Core,699999,1399998,2,,709894
339,2026-09-14T06:09:55,2026-09-14T08:19:40,Chaos Core,699999,3499995,5,,709894
340,2026-09-14T06:10:14,2026-09-14T08:19:40,Chaos Core,710000,710000,1,,709894
341,2026-09-14T07:09:19,2026-09-14T07:03:07,Chaos Core,709000,13471000,19,,727800
342,2026-09-14T07:09:24,2026-09-14T07:03:07,Chaos Core,709000,88625000,125,,727800
343,2026-09-14T07:10:13,2026-09-14T07:03:07,Chaos Core,709000,80117000,113,,727799
344,2026-09-14T07:11:32,2026-09-14T07:03:07,Chaos Core,709000,17725000,25,,727799
345,2026-09-14T07:12:37,2026-09-14T07:03:07,Chaos Core,709000,14180000,20,,727799
346,2026-09-14T07:12:49,2026-09-14T07:03:07,Chaos Core,726999,726999,1,,727799
347,2026-09-14T07:13:36,2026-09-14T07:03:07,Force Core Set (High) X 4,182432,729728,4,,197958
348,2026-09-14T07:55:00,2026-09-14T07:03:07,Force Core Set (Highest) X 19,189473,3600000,19,,209105
349,2026-09-14T08:19:04,2026-09-14T07:03:07,Force Core Set (Highest) X 25,194481,4862025,25,,209163
350,2026-09-14T08:19:09,2026-09-14T07:03:07,Force Core Set (Highest) X 10,194481,5834430,30,,209163
351,2026-09-14T08:19:14,2026-09-14T07:03:07,Force Core Set (Highest) X 121,194481,23532321,121,,209163
352,2026-09-14T08:19:19,2026-09-14T07:03:07,Force Core Set (Highest) X 135,194481,26254935,135,,209163
353,2026-09-14T08:23:21,2026-09-14T07:03:07,Chaos Core,716049,68024655,95,,727840
354,2026-09-14T08:23:28,2026-09-14T07:03:07,Chaos Core,716049,43678989,61,,727840
355,2026-09-14T08:24:21,2026-09-14T07:03:07,Chaos Core,716049,100962909,141,,727840
356,2026-09-14T08:26:46,2026-09-14T07:03:07,Chaos Core,716049,716049,1,,727837
357,2026-09-14T08:26:51,2026-09-14T07:03:07,Chaos Core,716049,50123430,70,,727837
358,2026-09-14T08:26:59,2026-09-14T07:03:07,Chaos Core,716049,52271577,73,,727837
359,2026-09-14T08:27:48,2026-09-14T07:03:07,Chaos Core,716049,62296263,87,,727836
360,2026-09-14T08:27:55,2026-09-14T07:03:07,Chaos Core,716049,47259234,66,,727836
361,2026-09-14T08:28:54,2026-09-14T07:03:07,Chaos Core,716039,24345326,34,,727835
362,2026-09-14T08:28:59,2026-09-14T07:03:07,Chaos Core,716049,37950597,53,,727835
363,2026-09-14T08:29:07,2026-09-14T07:03:07,Chaos Core,716049,55851822,78,,727835
364,2026-09-14T10:50:16,2026-09-14T10:48:23,Chaos Core,715000,61490000,86,,726802
365,2026-09-14T10:50:23,2026-09-14T10:48:23,Chaos Core,719999,42479941,59,,726802
366,2026-09-14T10:50:31,2026-09-14T10:48:23,Chaos Core,719999,14399980,20,,726802
367,2026-09-14T10:51:26,2026-09-14T10:48:23,Chaos Core,719999,72719899,101,,726801
368,2026-09-14T10:51:34,2026-09-14T10:48:23,Chaos Core,719999,26639963,37,,726801
369,2026-09-14T10:52:28,2026-09-14T10:48:23,Chaos Core,715000,24310000,34,,726800
370,2026-09-14T10:52:39,2026-09-14T10:48:23,Chaos Core,719999,1439998,2,,726800
371,2026-09-14T10:58:52,2026-09-14T10:48:23,Chaos Core,715000,3575000,5,,726793
372,2026-09-14T10:58:57,2026-09-14T10:48:23,Chaos Core,715000,30745000,43,,726793
373,2026-09-14T10:59:41,2026-09-14T10:48:23,Chaos Core,715000,107250000,150,,726792
374,2026-09-14T14:13:41,2026-09-14T14:11:32,Chaos Core,714000,94962000,133,,725996
375,2026-09-14T14:13:48,2026-09-14T14:11:32,Chaos Core,714000,16422000,23,,725996
376,2026-09-14T14:14:43,2026-09-14T14:11:32,Chaos Core,714000,21420000,30,,725995
377,2026-09-14T14:19:53,2026-09-14T14:11:32,Force Core Set (High) X 1,190000,760000,4,,212344
378,2026-09-14T14:22:19,2026-09-14T14:11:32,Yekaterina VIP Membership,114000000,114000000,1,,
379,2026-09-14T14:30:27,2026-09-14T14:28:11,Yekaterina VIP Membership,113999999,113999999,1,,
380,2026-09-14T15:10:26,2026-09-14T15:08:18,Force Core Set (Highest) X 52,184145,9575591,52,,199999
381,2026-09-14T15:10:31,2026-09-14T15:08:18,Force Core Set (Highest) X 70,184145,12890150,70,,199999
382,2026-09-14T15:11:12,2026-09-14T15:08:18,Chaos Core,699990,6299910,9,,725971
383,2026-09-14T15:22:57,2026-09-14T15:08:18,Force Core Set (Highest) X 23,183574,4222222,23,,199998
384,2026-09-14T15:23:33,2026-09-14T15:08:18,Force Core Set (Highest) X 1,184146,4419504,24,,199998
385,2026-09-14T15:35:06,2026-09-14T15:08:18,Force Core Set (Highest) X 1,184146,184146,1,,199998
386,2026-09-14T15:35:43,2026-09-14T15:08:18,Chaos Core,699900,9098700,13,,725946
387,2026-09-14T16:23:18,2026-09-14T16:21:12,Chaos Core,699900,2099700,3,,725935
388,2026-09-14T16:23:26,2026-09-14T16:21:12,Chaos Core,699900,79788600,114,,725935
389,2026-09-14T16:23:34,2026-09-14T16:21:12,Chaos Core,699900,25196400,36,,725935
390,2026-09-14T16:24:29,2026-09-14T16:21:12,Force Core Set (High) X 12,191666,2300000,12,,208999
391,2026-09-14T16:24:34,2026-09-14T16:21:12,Force Core Set (High) X 1,193333,193333,1,,208999
392,2026-09-14T16:25:50,2026-09-14T16:21:12,Force Core Set (High) X 1,193333,193333,1,,208999
393,2026-09-14T16:25:55,2026-09-14T16:21:12,Force Core Set (High) X 8,193333,1546664,8,,208999
394,2026-09-14T16:26:02,2026-09-14T16:21:12,Force Core Set (High) X 10,193333,34799940,180,,208999
395,2026-09-14T16:26:44,2026-09-14T16:21:12,Force Core Set (High) X 10,193333,3866660,20,,208998
396,2026-09-14T16:26:51,2026-09-14T16:21:12,Force Core Set (High) X 10,193333,34799940,180,,208998
397,2026-09-14T16:27:23,2026-09-14T16:21:12,Force Core Set (High) X 10,193333,38666600,200,,208998
398,2026-09-14T16:48:31,2026-09-14T16:35:26,Chaos Core,699900,71389800,102,,725921
399,2026-09-14T16:48:39,2026-09-14T16:35:26,Chaos Core,699900,31495500,45,,725921
400,2026-09-14T16:49:30,2026-09-14T16:35:26,Chaos Core,699900,113383800,162,,725921
401,2026-09-14T17:04:10,2026-09-14T17:02:03,Yekaterina VIP Membership,113999997,113999997,1,,
402,2026-09-14T17:06:09,2026-09-14T17:02:03,Chaos Core,699900,2099700,3,,725910
403,2026-09-14T17:06:16,2026-09-14T17:02:03,Chaos Core,699900,2099700,3,,725910
404,2026-09-14T17:06:23,2026-09-14T17:02:03,Chaos Core,699900,699900,1,,725910
405,2026-09-14T17:06:33,2026-09-14T17:02:03,Chaos Core,699900,110584200,158,,725910
406,2026-09-14T17:07:31,2026-09-14T17:02:03,Chaos Core,699900,1399800,2,,725909
407,2026-09-14T17:07:41,2026-09-14T17:02:03,Chaos Core,699900,40594200,58,,725909
408,2026-09-14T17:07:52,2026-09-14T17:02:03,Chaos Core,699900,17497500,25,,725909
409,2026-09-14T17:08:06,2026-09-14T17:02:03,Chaos Core,699900,30795600,44,,725909
410,2026-09-14T17:09:28,2026-09-14T17:02:03,Chaos Core,699900,699900,1,,725909
411,2026-09-14T17:13:33,2026-09-14T17:02:03,Chaos Core,699800,16795200,24,,725906
412,2026-09-14T17:13:38,2026-09-14T17:02:03,Chaos Core,699800,699800,1,,725906
413,2026-09-14T17:25:10,2026-09-14T17:20:37,Chaos Core,699800,40588400,58,,725921
414,2026-09-14T17:25:18,2026-09-14T17:20:37,Chaos Core,699900,2099700,3,,725921
415,2026-09-14T17:25:30,2026-09-14T17:20:37,Chaos Core,699900,46893300,67,,725921
416,2026-09-14T17:25:42,2026-09-14T17:20:37,Chaos Core,699900,699900,1,,725921
417,2026-09-14T17:25:55,2026-09-14T17:20:37,Chaos Core,699900,4199400,6,,725921
418,2026-09-14T17:26:51,2026-09-14T17:20:37,Chaos Core,699900,11898300,17,,725921
419,2026-09-14T17:26:57,2026-09-14T17:20:37,Chaos Core,699800,79777200,114,,725921
420,2026-09-14T17:27:02,2026-09-14T17:20:37,Chaos Core,699800,17495000,25,,725921
421,2026-09-14T17:28:05,2026-09-14T17:20:37,Chaos Core,699900,14697900,21,,725919
422,2026-09-14T17:28:19,2026-09-14T17:20:37,Chaos Core,699900,699900,1,,725919
423,2026-09-14T17:32:19,2026-09-14T17:20:37,Chaos Core,699900,18897300,27,,725916
424,2026-09-14T17:32:35,2026-09-14T17:20:37,Chaos Core,699900,3499500,5,,725916
425,2026-09-14T17:32:51,2026-09-14T17:20:37,Chaos Core,699900,78388800,112,,725916
426,2026-09-14T17:33:49,2026-09-14T17:20:37,Chaos Core,699900,699900,1,,725915
427,2026-09-14T17:34:05,2026-09-14T17:20:37,Chaos Core,699900,16097700,23,,725915
428,2026-09-14T17:34:23,2026-09-14T17:20:37,Chaos Core,699900,20997000,30,,725915
429,2026-09-14T17:34:40,2026-09-14T17:20:37,Chaos Core,699900,699900,1,,725915
430,2026-09-14T17:56:05,2026-09-14T17:20:37,Chaos Core,699990,4899930,7,,725890
431,2026-09-14T17:56:23,2026-09-14T17:20:37,Chaos Core,699998,4899986,7,,725890
432,2026-09-14T17:56:41,2026-09-14T17:20:37,Chaos Core,699999,699999,1,,725890
433,2026-09-14T17:57:29,2026-09-14T17:20:37,Chaos Core,700000,12600000,18,,725890
434,2026-09-14T17:59:13,2026-09-14T17:20:37,Chaos Core,700000,700000,1,,725890
435,2026-09-14T22:48:43,2026-09-14T22:46:28,Chaos Core,722222,2166666,3,,729953
436,2026-09-14T22:49:38,2026-09-14T22:46:28,Force Core Set (High) X 248,198738,49287024,248,,208989
437,2026-09-14T22:50:10,2026-09-14T22:46:28,Force Core Set (High) X 999,198738,198539262,999,,208989
438,2026-09-14T22:51:50,2026-09-14T22:46:28,Force Core Set (Highest) X 101,288288,29117088,101,,346997
439,2026-09-14T22:51:55,2026-09-14T22:46:28,Force Core Set (Highest) X 117,288288,33729696,117,,346997
440,2026-09-14T22:52:28,2026-09-14T22:46:28,Force Core Set (Highest) X 130,288288,37477440,130,,346996
441,2026-09-14T22:53:07,2026-09-14T22:46:28,Force Core Set (Highest) X 978,288288,281945664,978,,346996
442,2026-09-14T22:54:48,2026-09-14T22:46:28,Force Core Set (Ultimate) X 1,396485,1982425,5,,496789
443,2026-09-14T22:54:54,2026-09-14T22:46:28,Force Core Set (Ultimate) X 1,396486,5550804,14,,496789
444,2026-09-14T22:54:59,2026-09-14T22:46:28,Force Core Set (Ultimate) X 2,396486,792972,2,,496789
445,2026-09-14T22:55:05,2026-09-14T22:46:28,Force Core Set (Ultimate) X 5,420000,23100000,55,,496789
446,2026-09-14T23:01:03,2026-09-14T22:46:28,Chaos Core,722218,4333308,6,,729941
447,2026-09-14T23:01:10,2026-09-14T22:46:28,Chaos Core,722220,5055540,7,,729941
448,2026-09-14T23:01:20,2026-09-14T22:46:28,Chaos Core,722220,5055540,7,,729941
449,2026-09-14T23:01:40,2026-09-14T22:46:28,Chaos Core,725000,725000,1,,729941
450,2026-09-14T23:09:51,2026-09-14T23:07:45,Chaos Core,722218,4333308,6,,729932
451,2026-09-14T23:27:51,2026-09-14T23:23:39,Chaos Core,739999,62159916,84,,748499
452,2026-09-14T23:28:06,2026-09-14T23:23:39,Chaos Core,739999,59939919,81,,748499
453,2026-09-14T23:29:01,2026-09-14T23:23:39,Chaos Core,739999,4439994,6,,748498
454,2026-09-14T23:35:14,2026-09-14T23:32:59,Chaos Core,739999,54759926,74,,748494
455,2026-09-14T23:35:23,2026-09-14T23:32:59,Chaos Core,739999,2959996,4,,748494
456,2026-09-14T23:51:30,2026-09-14T23:32:59,Chaos Core,730000,2190000,3,,748483
457,2026-09-14T23:57:29,2026-09-14T23:32:59,Force Core Set (Ultimate) X 10,430430,43043000,100,,496745
458,2026-09-15T00:08:17,2026-09-14T23:32:59,Chaos Core,717896,12922128,18,,748460
459,2026-09-15T00:24:15,2026-09-14T23:32:59,Chaos Core,717896,68918016,96,,748437
460,2026-09-15T00:39:56,2026-09-15T00:37:47,Chaos Core,717896,22254776,31,,748434
461,2026-09-15T00:40:03,2026-09-15T00:37:47,Chaos Core,717896,36612696,51,,748434
462,2026-09-15T00:40:08,2026-09-15T00:37:47,Chaos Core,717896,14357920,20,,748434
463,2026-09-15T00:40:13,2026-09-15T00:37:47,Chaos Core,717896,717896,1,,748434
464,2026-09-15T00:40:21,2026-09-15T00:37:47,Chaos Core,717896,25126360,35,,748434
465,2026-09-15T00:41:10,2026-09-15T00:37:47,Chaos Core,717896,1435792,2,,748433
466,2026-09-15T00:41:17,2026-09-15T00:37:47,Chaos Core,717896,26562152,37,,748433
467,2026-09-15T01:03:51,2026-09-15T00:37:47,Chaos Core,717000,40152000,56,,748406
468,2026-09-15T01:03:57,2026-09-15T00:37:47,Chaos Core,717896,717896,1,,748406
469,2026-09-15T01:10:03,2026-09-15T00:37:47,Chaos Core,717896,1435792,2,,748399
470,2026-09-15T01:10:11,2026-09-15T00:37:47,Chaos Core,717896,5025272,7,,748399
471,2026-09-15T01:10:20,2026-09-15T00:37:47,Chaos Core,717896,4307376,6,,748399
472,2026-09-15T01:10:30,2026-09-15T00:37:47,Chaos Core,717896,38766384,54,,748399
473,2026-09-15T01:11:00,2026-09-15T00:37:47,Chaos Core,717896,6461064,9,,748399
474,2026-09-15T01:11:12,2026-09-15T00:37:47,Chaos Core,717896,7178960,10,,748399
475,2026-09-15T01:11:17,2026-09-15T00:37:47,Chaos Core,717896,50970616,71,,748399
476,2026-09-15T01:12:19,2026-09-15T00:37:47,Chaos Core,717896,118452840,165,,748396
477,2026-09-15T01:13:20,2026-09-15T00:37:47,Chaos Core,717896,7896856,11,,748396
478,2026-09-15T01:13:34,2026-09-15T00:37:47,Chaos Core,717896,23690568,33,,748396
479,2026-09-15T01:13:49,2026-09-15T00:37:47,Chaos Core,717896,7178960,10,,748396
480,2026-09-15T01:13:54,2026-09-15T00:37:47,Chaos Core,717896,38766384,54,,748396
481,2026-09-15T01:49:55,2026-09-15T01:42:25,Force Core Set (High) X 11,191570,2107270,11,,208819
482,2026-09-15T01:50:00,2026-09-15T01:42:25,Force Core Set (High) X 27,191570,5172390,27,,208819
483,2026-09-15T01:50:05,2026-09-15T01:42:25,Force Core Set (High) X 252,195795,49340340,252,,208819
484,2026-09-15T01:50:58,2026-09-15T01:42:25,Upgrade Core Set (Ultimate) X 369,426582,157408758,369,,477922
485,2026-09-15T02:12:32,2026-09-15T01:42:25,Upgrade Core Set (Ultimate) X 34,426582,14503788,34,,477900
486,2026-09-15T02:12:37,2026-09-15T01:42:25,Upgrade Core Set (Ultimate) X 260,426582,110911320,260,,477900
487,2026-09-15T02:18:15,2026-09-15T01:42:25,Force Core Set (Ultimate) X 74,397063,29382662,74,,496640
488,2026-09-15T02:18:22,2026-09-15T01:42:25,Force Core Set (Ultimate) X 10,430430,55955900,130,,496640
489,2026-09-15T03:03:04,2026-09-15T01:42:25,Force Core Set (High) X 1,193682,193682,1,,208727
490,2026-09-15T03:03:09,2026-09-15T01:42:25,Force Core Set (High) X 79,193682,15300921,79,,208727
491,2026-09-15T03:03:14,2026-09-15T01:42:25,Force Core Set (High) X 153,193682,29633346,153,,208727
492,2026-09-15T03:34:13,2026-09-15T01:42:25,Force Core Set (High) X 301,193683,58298880,301,,208680
493,2026-09-15T04:13:43,2026-09-15T04:02:30,Chaos Core,717896,114145464,159,,727979
494,2026-09-15T04:38:57,2026-09-15T04:29:17,Chaos Core,717896,62456952,87,,727979
495,2026-09-15T04:39:02,2026-09-15T04:29:17,Chaos Core,717896,38766384,54,,727979
496,2026-09-15T04:39:08,2026-09-15T04:29:17,Chaos Core,717896,6461064,9,,727979
497,2026-09-15T04:40:08,2026-09-15T04:29:17,Chaos Core,717896,68918016,96,,727979
498,2026-09-15T04:40:14,2026-09-15T04:29:17,Chaos Core,717896,36612696,51,,727979
499,2026-09-15T04:41:14,2026-09-15T04:29:17,Chaos Core,717896,27997944,39,,727977
500,2026-09-15T04:41:22,2026-09-15T04:29:17,Chaos Core,717896,20101088,28,,727977
501,2026-09-15T04:41:38,2026-09-15T04:29:17,Chaos Core,749997,1499994,2,,727977
502,2026-09-15T04:42:29,2026-09-15T04:29:17,Force Core Set (High) X 20,181800,10908000,60,,205544
503,2026-09-15T04:42:35,2026-09-15T04:29:17,Force Core Set (High) X 1,181818,4909086,27,,205544
504,2026-09-15T04:42:41,2026-09-15T04:29:17,Force Core Set (High) X 1,181818,20545434,113,,205544
505,2026-09-15T04:48:00,2026-09-15T04:29:17,Chaos Core,717896,94762272,132,,727971
506,2026-09-15T07:35:33,2026-09-15T07:27:41,Chaos Core,717896,717896,1,,744984
507,2026-09-15T07:35:45,2026-09-15T07:27:41,Chaos Core,717896,1435792,2,,744984
508,2026-09-15T07:35:57,2026-09-15T07:27:41,Chaos Core,738999,99025866,134,,744984
509,2026-09-15T07:36:17,2026-09-15T07:27:41,Chaos Core,735000,735000,1,,744984
510,2026-09-15T07:37:28,2026-09-15T07:27:41,Chaos Core,730000,100740000,138,,744984
511,2026-09-15T07:38:17,2026-09-15T07:27:41,Chaos Core,730000,56940000,78,,744981
512,2026-09-15T07:39:07,2026-09-15T07:27:41,Upgrade Core Set (Ultimate) X 5,428690,2143450,5,,452409
513,2026-09-15T07:46:43,2026-09-15T07:27:41,Yekaterina VIP Membership,114299999,114299999,1,,
514,2026-09-15T07:47:11,2026-09-15T07:27:41,Chaos Core,729999,69349905,95,,744975
515,2026-09-15T07:47:18,2026-09-15T07:27:41,Chaos Core,729999,51099930,70,,744975
516,2026-09-15T07:48:11,2026-09-15T07:27:41,Chaos Core,729999,43069941,59,,744974
517,2026-09-15T07:48:19,2026-09-15T07:27:41,Chaos Core,730000,75190000,103,,744974
518,2026-09-15T07:49:11,2026-09-15T07:27:41,Chaos Core,729999,95629869,131,,744973
519,2026-09-15T07:49:20,2026-09-15T07:27:41,Chaos Core,730000,9490000,13,,744973
520,2026-09-15T08:00:29,2026-09-15T07:54:54,Chaos Core,729999,39419946,54,,744977
521,2026-09-15T08:00:37,2026-09-15T07:54:54,Chaos Core,729999,63509913,87,,744977
522,2026-09-15T08:01:24,2026-09-15T07:54:54,Chaos Core,729999,100739862,138,,744976
523,2026-09-15T08:02:11,2026-09-15T07:54:54,Chaos Core,729999,43799940,60,,744975
524,2026-09-15T08:02:18,2026-09-15T07:54:54,Chaos Core,729999,63509913,87,,744975
525,2026-09-15T08:03:07,2026-09-15T07:54:54,Chaos Core,729999,100739862,138,,744977
526,2026-09-15T08:03:54,2026-09-15T07:54:54,Chaos Core,729999,13869981,19,,744975
527,2026-09-15T08:04:02,2026-09-15T07:54:54,Chaos Core,729999,47449935,65,,744975
528,2026-09-15T08:04:07,2026-09-15T07:54:54,Chaos Core,729999,33579954,46,,744975
529,2026-09-15T08:04:16,2026-09-15T07:54:54,Chaos Core,729999,21169971,29,,744975
530,2026-09-15T08:05:09,2026-09-15T07:54:54,Force Core Set (High) X 100,198743,19874300,100,,205548
531,2026-09-15T08:05:13,2026-09-15T07:54:54,Force Core Set (High) X 3,199999,599997,3,,205548
532,2026-09-15T08:05:18,2026-09-15T07:54:54,Force Core Set (High) X 18,199999,3599999,18,,205548
533,2026-09-15T08:05:23,2026-09-15T07:54:54,Force Core Set (High) X 62,199999,12399938,62,,205548
534,2026-09-15T08:05:27,2026-09-15T07:54:54,Force Core Set (High) X 193,200200,38638600,193,,205548
535,2026-09-15T08:06:15,2026-09-15T07:54:54,Force Core Set (High) X 117,200200,23423400,117,,205546
536,2026-09-15T08:10:38,2026-09-15T07:54:54,Chaos Core,730000,35770000,49,,744972
537,2026-09-15T08:10:46,2026-09-15T07:54:54,Chaos Core,730000,44530000,61,,744972
538,2026-09-15T08:10:55,2026-09-15T07:54:54,Chaos Core,735000,6615000,9,,744972
539,2026-09-15T08:11:06,2026-09-15T07:54:54,Chaos Core,735000,31605000,43,,744972
540,2026-09-15T08:11:58,2026-09-15T07:54:54,Chaos Core,730000,56940000,78,,744971
541,2026-09-15T08:12:56,2026-09-15T07:54:54,Force Core Set (High) X 706,200198,141339788,706,,205543
542,2026-09-15T08:18:16,2026-09-15T07:54:54,Chaos Core,717896,31587424,44,,744965
543,2026-09-15T08:18:21,2026-09-15T07:54:54,Chaos Core,717896,80404352,112,,744965
544,2026-09-15T08:23:19,2026-09-15T08:21:41,Yekaterina VIP Membership,115379996,115379996,1,,
545,2026-09-15T08:27:38,2026-09-15T08:21:41,Force Core Set (High) X 12,200200,2402400,12,,205328
546,2026-09-15T08:27:43,2026-09-15T08:21:41,Force Core Set (High) X 20,200200,4004000,20,,205328
547,2026-09-15T08:27:47,2026-09-15T08:21:41,Force Core Set (High) X 36,200200,7207200,36,,205328
548,2026-09-15T08:27:52,2026-09-15T08:21:41,Force Core Set (High) X 151,200200,30230200,151,,205328
549,2026-09-15T08:32:00,2026-09-15T08:21:41,Force Core Set (High) X 74,200200,14814800,74,,205326
550,2026-09-15T08:32:06,2026-09-15T08:21:41,Force Core Set (High) X 100,200200,40040000,200,,205326
551,2026-09-15T08:40:17,2026-09-15T08:21:41,Force Core Set (High) X 23,198742,4571088,23,,205329
552,2026-09-15T08:40:22,2026-09-15T08:21:41,Force Core Set (High) X 50,200200,40040000,200,,205329
553,2026-09-15T08:40:52,2026-09-15T08:21:41,Force Core Set (High) X 50,200200,10010000,50,,205329
554,2026-09-15T08:40:58,2026-09-15T08:21:41,Force Core Set (High) X 100,200200,40040000,200,,205329
555,2026-09-15T08:45:03,2026-09-15T08:21:41,Force Core Set (High) X 100,200200,20020000,100,,205325
556,2026-09-15T08:45:08,2026-09-15T08:21:41,Force Core Set (High) X 228,200200,45645600,228,,205325
557,2026-09-15T08:49:53,2026-09-15T08:21:41,Upgrade Core Set (Ultimate) X 2,428690,857380,2,,477910
558,2026-09-15T08:54:29,2026-09-15T08:21:41,Force Core Set (High) X 10,198743,31798880,160,,205319
559,2026-09-15T08:54:34,2026-09-15T08:21:41,Force Core Set (High) X 15,198743,2981145,15,,205319
560,2026-09-15T08:54:38,2026-09-15T08:21:41,Force Core Set (High) X 20,198743,3974860,20,,205319
561,2026-09-15T08:54:43,2026-09-15T08:21:41,Force Core Set (High) X 24,198743,4769832,24,,205319
562,2026-09-15T08:59:09,2026-09-15T08:21:41,Force Core Set (High) X 32,198743,6359776,32,,205317
563,2026-09-15T08:59:14,2026-09-15T08:21:41,Force Core Set (High) X 287,198743,57039241,287,,205317
564,2026-09-15T09:04:12,2026-09-15T08:21:41,Yekaterina VIP Membership,115379996,115379996,1,,
565,2026-09-15T09:04:46,2026-09-15T08:21:41,Force Core Set (High) X 10,200200,40040000,200,,205315
566,2026-09-15T09:09:04,2026-09-15T08:21:41,Force Core Set (High) X 10,200200,40040000,200,,205317
567,2026-09-15T09:09:33,2026-09-15T08:21:41,Force Core Set (High) X 10,200200,2002000,10,,205316
568,2026-09-15T09:09:39,2026-09-15T08:21:41,Force Core Set (High) X 10,200200,12012000,60,,205316
569,2026-09-15T09:09:45,2026-09-15T08:21:41,Force Core Set (High) X 10,200200,26026000,130,,205316
570,2026-09-15T09:10:16,2026-09-15T08:21:41,Upgrade Core Set (Ultimate) X 1,420000,70560000,168,,477909
571,2026-09-15T09:10:22,2026-09-15T08:21:41,Upgrade Core Set (Ultimate) X 1,420000,13440000,32,,477909
572,2026-09-15T09:10:51,2026-09-15T08:21:41,Upgrade Core Set (Ultimate) X 1,420000,9240000,22,,477908
573,2026-09-15T09:10:57,2026-09-15T08:21:41,Upgrade Core Set (Ultimate) X 1,420000,31920000,76,,477908
574,2026-09-15T09:11:03,2026-09-15T08:21:41,Upgrade Core Set (Ultimate) X 1,420000,15540000,37,,477908
575,2026-09-15T09:11:07,2026-09-15T08:21:41,Upgrade Core Set (Ultimate) X 35,420000,14700000,35,,477908
576,2026-09-15T09:11:12,2026-09-15T08:21:41,Upgrade Core Set (Ultimate) X 101,428690,43297690,101,,477908
577,2026-09-15T09:16:21,2026-09-15T08:21:41,Force Core Set (High) X 10,200200,28028000,140,,205316
578,2026-09-15T09:16:26,2026-09-15T08:21:41,Force Core Set (High) X 16,200200,3203200,16,,205316
579,2026-09-15T09:16:30,2026-09-15T08:21:41,Force Core Set (High) X 18,200200,3603600,18,,205316
580,2026-09-15T09:16:35,2026-09-15T08:21:41,Force Core Set (High) X 24,200200,4804800,24,,205316
581,2026-09-15T09:16:39,2026-09-15T08:21:41,Force Core Set (High) X 49,200200,9809800,49,,205316
582,2026-09-15T09:17:09,2026-09-15T08:21:41,Force Core Set (High) X 49,200200,9809800,49,,205315
583,2026-09-15T09:17:13,2026-09-15T08:21:41,Force Core Set (High) X 137,200200,27427400,137,,205315
584,2026-09-15T09:17:48,2026-09-15T08:21:41,Force Core Set (Ultimate) X 1,400000,400000,1,,455065
585,2026-09-15T09:17:54,2026-09-15T08:21:41,Force Core Set (Ultimate) X 1,400000,1200000,3,,455065
586,2026-09-15T09:36:53,2026-09-15T08:21:41,Yekaterina VIP Membership,115379996,115379996,1,,
587,2026-09-15T10:00:28,2026-09-15T08:21:41,Force Core Set (Ultimate) X 17,397059,6750003,17,,455011
588,2026-09-15T10:00:31,2026-09-15T08:21:41,Force Core Set (Ultimate) X 2,397059,794118,2,,455011
589,2026-09-15T10:00:35,2026-09-15T08:21:41,Force Core Set (Ultimate) X 37,397059,14691215,37,,455011
590,2026-09-15T10:00:40,2026-09-15T08:21:41,Force Core Set (Ultimate) X 1,397060,397060,1,,455011
591,2026-09-15T10:00:44,2026-09-15T08:21:41,Force Core Set (Ultimate) X 16,397060,6352960,16,,455011
592,2026-09-15T10:00:49,2026-09-15T08:21:41,Force Core Set (Ultimate) X 23,397060,9132380,23,,455011
593,2026-09-15T10:00:53,2026-09-15T08:21:41,Force Core Set (Ultimate) X 25,397060,9926500,25,,455011
594,2026-09-15T10:00:59,2026-09-15T08:21:41,Force Core Set (Ultimate) X 1,397063,31367977,79,,455011
595,2026-09-15T10:01:30,2026-09-15T08:21:41,Force Core Set (Ultimate) X 1,397063,17073709,43,,455008
596,2026-09-15T10:01:36,2026-09-15T08:21:41,Force Core Set (Ultimate) X 1,397063,4367693,11,,455008
597,2026-09-15T10:01:40,2026-09-15T08:21:41,Force Core Set (Ultimate) X 6,397063,2382378,6,,455008
598,2026-09-15T10:01:45,2026-09-15T08:21:41,Force Core Set (Ultimate) X 11,397063,4367693,11,,455008
599,2026-09-15T10:01:49,2026-09-15T08:21:41,Force Core Set (Ultimate) X 13,397063,5161819,13,,455008
600,2026-09-15T10:01:54,2026-09-15T08:21:41,Force Core Set (Ultimate) X 28,397063,11117764,28,,455008
601,2026-09-15T10:45:02,2026-09-15T10:43:08,Upgrade Core Set (Ultimate) X 40,428690,17147600,40,,454999
602,2026-09-15T11:19:32,2026-09-15T10:43:08,Chaos Core,695000,3475000,5,,743267
603,2026-09-15T11:20:06,2026-09-15T10:43:08,Chaos Core,695000,50735000,73,,743267
604,2026-09-15T11:20:16,2026-09-15T10:43:08,Chaos Core,705000,36660000,52,,743267
605,2026-09-15T11:20:26,2026-09-15T10:43:08,Chaos Core,705000,14100000,20,,743267
606,2026-09-15T11:21:35,2026-09-15T10:43:08,Chaos Core,710000,29820000,42,,743266
607,2026-09-15T11:21:46,2026-09-15T10:43:08,Chaos Core,710000,1420000,2,,743266
608,2026-09-15T11:21:59,2026-09-15T10:43:08,Chaos Core,710000,71000000,100,,743266
609,2026-09-15T11:30:35,2026-09-15T11:28:48,Chaos Core Set X 10,700000,7000000,10,,743262
610,2026-09-15T11:37:30,2026-09-15T11:34:16,Chaos Core,717000,29397000,41,,735999
611,2026-09-15T11:37:48,2026-09-15T11:34:16,Chaos Core,717895,16511585,23,,735999
612,2026-09-15T11:38:07,2026-09-15T11:34:16,Chaos Core,717895,29433695,41,,735999
613,2026-09-15T11:38:27,2026-09-15T11:34:16,Chaos Core,717896,43073760,60,,735999
614,2026-09-15T11:39:34,2026-09-15T11:34:16,Chaos Core,717896,90454896,126,,735998
615,2026-09-15T11:39:54,2026-09-15T11:34:16,Chaos Core,717896,21536880,30,,735998
616,2026-09-15T11:43:50,2026-09-15T11:34:16,Chaos Core,717896,12204232,17,,735998
617,2026-09-15T11:44:08,2026-09-15T11:34:16,Chaos Core,717896,5025272,7,,735998
618,2026-09-15T11:44:27,2026-09-15T11:34:16,Chaos Core,717896,32305320,45,,735998
619,2026-09-15T11:44:44,2026-09-15T11:34:16,Chaos Core,717896,49534824,69,,735998
620,2026-09-15T11:45:42,2026-09-15T11:34:16,Chaos Core,717896,46663240,65,,735998
621,2026-09-15T11:45:46,2026-09-15T11:34:16,Chaos Core,717896,27280048,38,,735998
622,2026-09-15T11:45:56,2026-09-15T11:34:16,Chaos Core,717896,5743168,8,,735998
623,2026-09-15T11:46:07,2026-09-15T11:34:16,Chaos Core,717896,19383192,27,,735998
624,2026-09-15T11:55:14,2026-09-15T11:49:04,Chaos Core,730000,9490000,13,,735988
625,2026-09-15T11:55:21,2026-09-15T11:49:04,Chaos Core,730000,10220000,14,,735988
626,2026-09-15T11:55:29,2026-09-15T11:49:04,Chaos Core,730000,83220000,114,,735988
627,2026-09-15T11:55:37,2026-09-15T11:49:04,Chaos Core,730000,2190000,3,,735988
628,2026-09-15T11:56:48,2026-09-15T11:49:04,Upgrade Core Set (Ultimate) X 240,428690,102885600,240,,453333
629,2026-09-15T11:57:18,2026-09-15T11:49:04,Upgrade Core Set (Ultimate) X 1,400000,400000,1,,453333
630,2026-09-15T12:02:25,2026-09-15T11:49:04,Upgrade Core Set (Ultimate) X 1,400000,400000,1,,453327
631,2026-09-15T12:07:20,2026-09-15T11:49:04,Upgrade Core Set (Ultimate) X 1,401000,401000,1,,453328
632,2026-09-15T12:12:06,2026-09-15T11:49:04,Upgrade Core Set (Ultimate) X 1,400001,400001,1,,453327
633,2026-09-15T12:12:10,2026-09-15T11:49:04,Upgrade Core Set (Ultimate) X 5,400001,2000005,5,,453327
634,2026-09-15T12:33:39,2026-09-15T11:49:04,Chaos Core,717896,44509552,62,,729958
635,2026-09-15T12:33:44,2026-09-15T11:49:04,Chaos Core,717896,20101088,28,,729958
636,2026-09-15T12:33:51,2026-09-15T11:49:04,Chaos Core,717896,34459008,48,,729958
637,2026-09-15T12:34:40,2026-09-15T11:49:04,Chaos Core,717896,99069648,138,,729957
638,2026-09-15T13:01:40,2026-09-15T11:49:04,Upgrade Core Set (Ultimate) X 180,428690,77164200,180,,479999
639,2026-09-15T13:21:25,2026-09-15T13:19:32,Upgrade Core Set (Ultimate) X 83,281775,23387364,83,,479998
640,2026-09-15T13:26:26,2026-09-15T13:19:32,Force Core Set (High) X 8,194999,1559992,8,,199999
641,2026-09-15T13:26:31,2026-09-15T13:19:32,Force Core Set (High) X 10,194999,1949990,10,,199999
642,2026-09-15T13:26:37,2026-09-15T13:19:32,Force Core Set (High) X 10,194999,11699940,60,,199999
643,2026-09-15T13:26:42,2026-09-15T13:19:32,Force Core Set (High) X 10,194999,25349870,130,,199999
644,2026-09-15T13:27:13,2026-09-15T13:19:32,Force Core Set (High) X 10,194999,17549910,90,,199999
645,2026-09-15T13:27:19,2026-09-15T13:19:32,Force Core Set (High) X 10,194999,21449989,110,,199999
646,2026-09-15T14:02:58,2026-09-15T13:56:24,Force Core Set (High) X 2,191666,383332,2,,199994
647,2026-09-15T14:03:02,2026-09-15T13:56:24,Force Core Set (High) X 22,191666,4216652,22,,199994
648,2026-09-15T14:03:07,2026-09-15T13:56:24,Force Core Set (High) X 44,191666,8433304,44,,199994
649,2026-09-15T14:03:11,2026-09-15T13:56:24,Force Core Set (High) X 60,191666,11500000,60,,199994
650,2026-09-15T14:50:32,2026-09-15T14:35:19,Chaos Core,700000,87500000,125,,714979
651,2026-09-15T14:50:38,2026-09-15T14:35:19,Chaos Core,700000,14700000,21,,714979
652,2026-09-15T14:50:46,2026-09-15T14:35:19,Chaos Core,700000,13300000,19,,714979
653,2026-09-15T15:07:09,2026-09-15T14:56:38,Chaos Core,699999,95199864,136,,714960
654,2026-09-15T15:07:16,2026-09-15T14:56:38,Chaos Core,699999,13999980,20,,714960
655,2026-09-15T15:12:29,2026-09-15T14:56:38,Chaos Core,699999,49699929,71,,714954
656,2026-09-15T15:12:37,2026-09-15T14:56:38,Chaos Core,700000,61600000,88,,714954
657,2026-09-15T15:13:37,2026-09-15T14:56:38,Chaos Core,700000,18900000,27,,714953
658,2026-09-15T15:13:46,2026-09-15T14:56:38,Chaos Core,700000,79800000,114,,714953
659,2026-09-15T15:13:55,2026-09-15T14:56:38,Chaos Core,700000,14700000,21,,714953
660,2026-09-15T15:47:38,2026-09-15T15:40:40,Force Core Set (High) X 82,179878,14749999,82,,199980
661,2026-09-15T15:50:32,2026-09-15T15:40:40,Chaos Core,699999,79799886,114,,714917
662,2026-09-15T15:50:39,2026-09-15T15:40:40,Chaos Core,699999,17499975,25,,714917
663,2026-09-15T15:50:47,2026-09-15T15:40:40,Chaos Core,700000,7700000,11,,714917
664,2026-09-15T15:51:43,2026-09-15T15:40:40,Chaos Core,700000,109200000,156,,714917
665,2026-09-15T15:52:55,2026-09-15T15:40:40,Chaos Core,699999,4899993,7,,714915
666,2026-09-15T15:53:03,2026-09-15T15:40:40,Chaos Core,700000,20300000,29,,714915
667,2026-09-15T15:53:13,2026-09-15T15:40:40,Chaos Core,700000,79800000,114,,714915
668,2026-09-15T15:54:11,2026-09-15T15:40:40,Chaos Core,700000,77000000,110,,714914
669,2026-09-15T15:54:20,2026-09-15T15:40:40,Chaos Core,700000,17500000,25,,714914
670,2026-09-15T15:55:24,2026-09-15T15:40:40,Chaos Core,700000,115500000,165,,714914
671,2026-09-15T15:59:51,2026-09-15T15:40:40,Chaos Core,699999,27299961,39,,714914
672,2026-09-15T15:59:58,2026-09-15T15:40:40,Chaos Core,699999,29399958,42,,714914
673,2026-09-15T16:01:25,2026-09-15T15:40:40,Chaos Core,700000,41300000,59,,714914
674,2026-09-15T16:01:29,2026-09-15T15:40:40,Chaos Core,699999,13299981,19,,714914
675,2026-09-15T16:04:54,2026-09-15T15:40:40,Chaos Core,699999,98699859,141,,714913
676,2026-09-15T16:06:11,2026-09-15T15:40:40,Chaos Core,700000,11200000,16,,714912
677,2026-09-15T16:07:35,2026-09-15T15:40:40,Chaos Core,699999,3499995,5,,714912
678,2026-09-15T16:07:50,2026-09-15T15:40:40,Chaos Core,700000,16800000,24,,714912
679,2026-09-15T16:08:05,2026-09-15T15:40:40,Chaos Core,700000,4900000,7,,714912
680,2026-09-15T16:08:24,2026-09-15T15:40:40,Chaos Core,700000,60200000,86,,714912
681,2026-09-15T16:09:17,2026-09-15T15:40:40,Force Core Set (Ultimate) X 1,380000,380000,1,,444661
682,2026-09-15T16:09:21,2026-09-15T15:40:40,Force Core Set (Ultimate) X 1,380000,380000,1,,444661
683,2026-09-15T16:09:27,2026-09-15T15:40:40,Force Core Set (Ultimate) X 10,380000,30400000,80,,444661
684,2026-09-15T16:09:32,2026-09-15T15:40:40,Force Core Set (Ultimate) X 35,380000,13300000,35,,444661
685,2026-09-15T16:09:36,2026-09-15T15:40:40,Force Core Set (Ultimate) X 54,380000,20520000,54,,444661
686,2026-09-15T16:09:41,2026-09-15T15:40:40,Force Core Set (Ultimate) X 250,380000,95000000,250,,444661
687,2026-09-15T16:17:00,2026-09-15T15:40:40,Force Core Set (High) X 10,180000,1800000,10,,195000
688,2026-09-15T16:22:24,2026-09-15T15:40:40,Chaos Core,700000,66500000,95,,714899
689,2026-09-15T16:22:46,2026-09-15T15:40:40,Chaos Core,700000,32200000,46,,714899
690,2026-09-15T16:49:22,2026-09-15T15:40:40,Upgrade Core Set (Ultimate) X 711,430959,306411849,711,,467860
691,2026-09-15T18:31:07,2026-09-15T17:47:44,Force Core Set (High) X 1,194999,194999,1,,204000
692,2026-09-15T18:31:12,2026-09-15T17:47:44,Force Core Set (High) X 101,194999,19694899,101,,204000
693,2026-09-15T18:31:16,2026-09-15T17:47:44,Force Core Set (High) X 224,194999,43679776,224,,204000
694,2026-09-15T18:42:09,2026-09-15T17:47:44,Force Core Set (High) X 15,170370,2555555,15,,205547
695,2026-09-15T18:42:14,2026-09-15T17:47:44,Force Core Set (High) X 58,170370,9881460,58,,205547
696,2026-09-15T18:42:19,2026-09-15T17:47:44,Force Core Set (High) X 1,198740,5763460,29,,205547
697,2026-09-15T18:42:25,2026-09-15T17:47:44,Force Core Set (High) X 1,198740,6757160,34,,205547
698,2026-09-15T18:42:31,2026-09-15T17:47:44,Force Core Set (High) X 1,198740,8148340,41,,205547
699,2026-09-15T18:42:35,2026-09-15T17:47:44,Force Core Set (High) X 11,197939,2177329,11,,205547
700,2026-09-15T18:42:39,2026-09-15T17:47:44,Force Core Set (High) X 4,198740,794960,4,,205547
701,2026-09-15T18:42:44,2026-09-15T17:47:44,Force Core Set (High) X 8,198740,1589920,8,,205547
702,2026-09-15T18:48:06,2026-09-15T17:47:44,Force Core Set (High) X 21,198740,4173540,21,,205547
703,2026-09-15T18:48:11,2026-09-15T17:47:44,Force Core Set (High) X 24,198740,4769760,24,,205547
704,2026-09-15T18:48:15,2026-09-15T17:47:44,Force Core Set (High) X 33,198740,6558420,33,,205547
705,2026-09-15T18:48:20,2026-09-15T17:47:44,Force Core Set (High) X 37,198740,7353380,37,,205547
706,2026-09-15T18:48:24,2026-09-15T17:47:44,Force Core Set (High) X 101,198740,20072740,101,,205547
707,2026-09-15T23:33:48,2026-09-15T23:31:43,Chaos Core,716000,36516000,51,,724875
708,2026-09-15T23:33:54,2026-09-15T23:31:43,Chaos Core,716000,77328000,108,,724875
709,2026-09-15T23:34:46,2026-09-15T23:31:43,Force Core Set (Ultimate) X 10,397000,3970000,10,,443846
710,2026-09-15T23:34:52,2026-09-15T23:31:43,Force Core Set (Ultimate) X 10,397000,19850000,50,,443846
711,2026-09-15T23:34:59,2026-09-15T23:31:43,Force Core Set (Ultimate) X 10,397000,55580000,140,,443846
712,2026-09-15T23:45:44,2026-09-15T23:43:52,Force Core Set (High) X 39,197939,7719621,39,,205515
713,2026-09-15T23:45:49,2026-09-15T23:43:52,Force Core Set (High) X 55,197939,10886645,55,,205515
714,2026-09-15T23:50:10,2026-09-15T23:43:52,Chaos Core,716000,5012000,7,,724859
715,2026-09-15T23:50:16,2026-09-15T23:43:52,Chaos Core,716000,716000,1,,724859
716,2026-09-15T23:50:20,2026-09-15T23:43:52,Chaos Core,716000,20764000,29,,724859
717,2026-09-15T23:50:29,2026-09-15T23:43:52,Chaos Core,716000,2864000,4,,724859
718,2026-09-15T23:50:39,2026-09-15T23:43:52,Chaos Core,717781,17944525,25,,724859
719,2026-09-15T23:50:50,2026-09-15T23:43:52,Chaos Core,717781,2871124,4,,724859
720,2026-09-15T23:51:01,2026-09-15T23:43:52,Chaos Core,717781,2871124,4,,724859
721,2026-09-15T23:51:14,2026-09-15T23:43:52,Chaos Core,717781,2871124,4,,724859
722,2026-09-15T23:51:28,2026-09-15T23:43:52,Chaos Core,717781,3588905,5,,724859
723,2026-09-15T23:51:42,2026-09-15T23:43:52,Chaos Core,717781,2871124,4,,724859
724,2026-09-15T23:51:57,2026-09-15T23:43:52,Chaos Core,717781,25840116,36,,724859
725,2026-09-15T23:52:02,2026-09-15T23:43:52,Chaos Core,716000,25776000,36,,724859
726,2026-09-15T23:53:49,2026-09-15T23:43:52,Force Core Set (High) X 83,197939,16428937,83,,205510
727,2026-09-16T00:02:06,2026-09-15T23:43:52,Chaos Core,717781,114127179,159,,724847
728,2026-09-16T00:03:36,2026-09-15T23:43:52,Chaos Core,717781,23686773,33,,724846
729,2026-09-16T00:03:43,2026-09-15T23:43:52,Chaos Core,717781,51680232,72,,724846
730,2026-09-16T00:03:50,2026-09-15T23:43:52,Chaos Core,717781,27993459,39,,724846
731,2026-09-16T00:08:39,2026-09-15T23:43:52,Chaos Core,717781,54551356,76,,724844
732,2026-09-16T00:08:48,2026-09-15T23:43:52,Chaos Core,717781,38760174,54,,724844
733,2026-09-16T00:08:57,2026-09-15T23:43:52,Chaos Core,717781,16508963,23,,724844
734,2026-09-16T00:11:51,2026-09-15T23:43:52,Force Core Set (High) X 11,197939,2177329,11,,205493
735,2026-09-16T00:11:55,2026-09-15T23:43:52,Force Core Set (High) X 17,197939,3364963,17,,205493
736,2026-09-16T00:12:00,2026-09-15T23:43:52,Force Core Set (High) X 55,197939,10886645,55,,205493
737,2026-09-16T00:12:06,2026-09-15T23:43:52,Force Core Set (High) X 100,197939,39587800,200,,205493
738,2026-09-16T00:43:26,2026-09-16T00:41:30,Chaos Core,714999,105104853,147,,724839
739,2026-09-16T00:44:15,2026-09-16T00:41:30,Chaos Core,714999,113684841,159,,724839
740,2026-09-16T00:45:09,2026-09-16T00:41:30,Chaos Core,714999,6434991,9,,724838
741,2026-09-16T00:45:16,2026-09-16T00:41:30,Chaos Core,714999,59344917,83,,724838
742,2026-09-16T00:45:23,2026-09-16T00:41:30,Chaos Core,714999,33604953,47,,724838
743,2026-09-16T00:45:32,2026-09-16T00:41:30,Chaos Core,714999,3574995,5,,724838
744,2026-09-16T00:46:19,2026-09-16T00:41:30,Force Core Set (High) X 1,197939,13459852,68,,205485
745,2026-09-16T00:46:24,2026-09-16T00:41:30,Force Core Set (High) X 2,197939,395878,2,,205485
746,2026-09-16T00:46:28,2026-09-16T00:41:30,Force Core Set (High) X 3,197939,593817,3,,205485
747,2026-09-16T00:46:34,2026-09-16T00:41:30,Force Core Set (High) X 3,197939,25534131,129,,205485
748,2026-09-16T00:47:01,2026-09-16T00:41:30,Force Core Set (Ultimate) X 1,393939,393939,1,,443795
749,2026-09-16T00:47:06,2026-09-16T00:41:30,Force Core Set (Ultimate) X 1,393939,393939,1,,443795
750,2026-09-16T00:47:10,2026-09-16T00:41:30,Force Core Set (Ultimate) X 5,393939,1969695,5,,443795
751,2026-09-16T00:47:15,2026-09-16T00:41:30,Force Core Set (Ultimate) X 8,393939,3151512,8,,443795
752,2026-09-16T00:47:20,2026-09-16T00:41:30,Force Core Set (Ultimate) X 19,393939,7484841,19,,443795
753,2026-09-16T00:47:24,2026-09-16T00:41:30,Force Core Set (Ultimate) X 250,393939,98484750,250,,443795
754,2026-09-16T01:44:14,2026-09-16T00:41:30,Force Core Set (High) X 10,190000,36100000,190,,205431
755,2026-09-16T01:44:19,2026-09-16T00:41:30,Force Core Set (High) X 13,193053,2509689,13,,205431
756,2026-09-16T01:49:13,2026-09-16T00:41:30,Force Core Set (Highest) X 10,200000,30000000,150,,228162
757,2026-09-16T01:49:19,2026-09-16T00:41:30,Force Core Set (Highest) X 1,202478,3037170,15,,228162
758,2026-09-16T01:49:23,2026-09-16T00:41:30,Force Core Set (Highest) X 14,202478,2834700,14,,228162
759,2026-09-16T01:49:28,2026-09-16T00:41:30,Force Core Set (Highest) X 63,202478,12756114,63,,228162
760,2026-09-16T01:52:10,2026-09-16T00:41:30,Chaos Core,716000,32936000,46,,724776
761,2026-09-16T01:52:19,2026-09-16T00:41:30,Chaos Core,716000,60860000,85,,724776
762,2026-09-16T01:52:30,2026-09-16T00:41:30,Chaos Core,716000,22196000,31,,724776
763,2026-09-16T01:55:33,2026-09-16T00:41:30,Force Core Set (High) X 1,193053,193053,1,,205421
764,2026-09-16T01:57:11,2026-09-16T00:41:30,Chaos Core,717781,101207121,141,,724798
765,2026-09-16T01:58:45,2026-09-16T00:41:30,Chaos Core,717781,11484496,16,,724795
766,2026-09-16T01:58:52,2026-09-16T00:41:30,Chaos Core,717896,45227448,63,,724795
767,2026-09-16T01:59:00,2026-09-16T00:41:30,Chaos Core,719500,54682000,76,,724795
768,2026-09-16T01:59:07,2026-09-16T00:41:30,Chaos Core,719500,719500,1,,724795
769,2026-09-16T02:00:07,2026-09-16T00:41:30,Chaos Core,719500,2158500,3,,724795
770,2026-09-16T02:00:14,2026-09-16T00:41:30,Chaos Core,719500,105766500,147,,724795
771,2026-09-16T02:27:04,2026-09-16T00:41:30,Chaos Core,717699,118420335,165,,724766
772,2026-09-16T02:28:04,2026-09-16T00:41:30,Chaos Core,717699,107654850,150,,724765
773,2026-09-16T02:32:49,2026-09-16T00:41:30,Chaos Core,717000,101097000,141,,724760
774,2026-09-16T02:33:44,2026-09-16T00:41:30,Chaos Core,717000,2868000,4,,724759
775,2026-09-16T02:33:51,2026-09-16T00:41:30,Chaos Core,717699,113396442,158,,724759
776,2026-09-16T02:43:14,2026-09-16T00:41:30,Chaos Core,719500,3597500,5,,724757
777,2026-09-16T02:43:22,2026-09-16T00:41:30,Chaos Core,720000,720000,1,,724757
778,2026-09-16T02:46:16,2026-09-16T00:41:30,Chaos Core,719500,35975000,50,,724755
779,2026-09-16T02:46:23,2026-09-16T00:41:30,Chaos Core,719500,71950000,100,,724755
780,2026-09-16T02:48:02,2026-09-16T00:41:30,Chaos Core,719500,112242000,156,,724752
781,2026-09-16T03:04:46,2026-09-16T00:41:30,Chaos Core,719300,89193200,124,,724735
782,2026-09-16T03:04:52,2026-09-16T00:41:30,Chaos Core,719300,12228100,17,,724735
783,2026-09-16T03:07:00,2026-09-16T00:41:30,Chaos Core,719300,33087800,46,,724732
784,2026-09-16T03:07:22,2026-09-16T00:41:30,Chaos Core,719300,62579100,87,,724732
785,2026-09-16T03:07:32,2026-09-16T00:41:30,Chaos Core,719500,7914500,11,,724732
786,2026-09-16T03:11:14,2026-09-16T00:41:30,Chaos Core,719300,33807100,47,,724730
787,2026-09-16T03:11:28,2026-09-16T00:41:30,Chaos Core,719300,719300,1,,724730
788,2026-09-16T03:13:25,2026-09-16T00:41:30,Chaos Core,719300,65456300,91,,724728
789,2026-09-16T03:13:32,2026-09-16T00:41:30,Chaos Core,719300,46754500,65,,724728
790,2026-09-16T03:18:40,2026-09-16T00:41:30,Chaos Core,719300,110052900,153,,724722
791,2026-09-16T03:22:52,2026-09-16T00:41:30,Force Core Set (High) X 3,197939,593817,3,,205333
792,2026-09-16T03:22:57,2026-09-16T00:41:30,Force Core Set (High) X 4,197939,791756,4,,205333
793,2026-09-16T03:24:18,2026-09-16T00:41:30,Chaos Core,719300,10789500,15,,724716
794,2026-09-16T03:24:23,2026-09-16T00:41:30,Chaos Core,719300,36684300,51,,724716
795,2026-09-16T03:24:31,2026-09-16T00:41:30,Chaos Core,719300,53947500,75,,724716
796,2026-09-16T03:37:16,2026-09-16T00:41:30,Force Core Set (High) X 10,197939,1979390,10,,205318
797,2026-09-16T03:37:22,2026-09-16T00:41:30,Force Core Set (High) X 10,197939,11876340,60,,205318
798,2026-09-16T03:37:26,2026-09-16T00:41:30,Force Core Set (High) X 18,197939,3562902,18,,205318
799,2026-09-16T03:37:31,2026-09-16T00:41:30,Force Core Set (High) X 18,197939,3562902,18,,205318
800,2026-09-16T03:37:36,2026-09-16T00:41:30,Force Core Set (High) X 19,197939,3760841,19,,205318
801,2026-09-16T03:37:41,2026-09-16T00:41:30,Force Core Set (High) X 21,197939,4156719,21,,205318
802,2026-09-16T03:37:45,2026-09-16T00:41:30,Force Core Set (High) X 61,197939,12074279,61,,205318
803,2026-09-16T04:10:14,2026-09-16T00:41:30,Chaos Core,717000,114003000,159,,723956
804,2026-09-16T04:13:16,2026-09-16T00:41:30,Chaos Core,717000,118305000,165,,723952
805,2026-09-16T04:15:51,2026-09-16T00:41:30,Chaos Core,717000,12906000,18,,723953
806,2026-09-16T04:15:59,2026-09-16T00:41:30,Chaos Core,717000,2868000,4,,723953
807,2026-09-16T04:16:07,2026-09-16T00:41:30,Chaos Core,717000,10755000,15,,723953
808,2026-09-16T04:16:17,2026-09-16T00:41:30,Chaos Core,717000,1434000,2,,723953
809,2026-09-16T04:16:27,2026-09-16T00:41:30,Chaos Core,717000,5736000,8,,723953
810,2026-09-16T04:16:38,2026-09-16T00:41:30,Chaos Core,717000,53058000,74,,723953
811,2026-09-16T04:16:43,2026-09-16T00:41:30,Chaos Core,717000,18642000,26,,723953
812,2026-09-16T04:19:45,2026-09-16T00:41:30,Chaos Core,717000,5736000,8,,723950
813,2026-09-16T04:20:00,2026-09-16T00:41:30,Chaos Core,717000,1434000,2,,723950
814,2026-09-16T04:20:16,2026-09-16T00:41:30,Chaos Core,717000,93927000,131,,723950
815,2026-09-16T04:21:44,2026-09-16T00:41:30,Force Core Set (High) X 58,172413,10000000,58,,205543
816,2026-09-16T04:21:50,2026-09-16T00:41:30,Force Core Set (High) X 5,197939,10886645,55,,205543
817,2026-09-16T04:23:15,2026-09-16T00:41:30,Chaos Core,717000,6453000,9,,723948
818,2026-09-16T04:23:33,2026-09-16T00:41:30,Chaos Core,717000,10038000,14,,723948
819,2026-09-16T04:23:52,2026-09-16T00:41:30,Chaos Core,717000,6453000,9,,723948
820,2026-09-16T04:24:35,2026-09-16T00:41:30,Chaos Core,717000,2868000,4,,723948
821,2026-09-16T04:24:55,2026-09-16T00:41:30,Chaos Core,717000,20076000,28,,723948
822,2026-09-16T04:25:15,2026-09-16T00:41:30,Chaos Core,717000,10755000,15,,723948
823,2026-09-16T04:25:20,2026-09-16T00:41:30,Chaos Core,717000,49473000,69,,723948
824,2026-09-16T04:25:42,2026-09-16T00:41:30,Chaos Core,717000,5736000,8,,723948
825,2026-09-16T04:35:13,2026-09-16T04:33:18,Force Core Set (High) X 1,197939,197939,1,,205540
826,2026-09-16T04:39:47,2026-09-16T04:33:18,Chaos Core,711700,48395600,68,,723941
827,2026-09-16T04:40:20,2026-09-16T04:33:18,Chaos Core,717781,717781,1,,723941
828,2026-09-16T04:41:04,2026-09-16T04:33:18,Chaos Core,711700,102484800,144,,723940
829,2026-09-16T04:41:49,2026-09-16T04:33:18,Force Core Set (High) X 37,197939,7323743,37,,205539
830,2026-09-16T04:41:54,2026-09-16T04:33:18,Force Core Set (High) X 52,197939,10292828,52,,205539
831,2026-09-16T04:41:59,2026-09-16T04:33:18,Force Core Set (High) X 61,197939,12074279,61,,205539
832,2026-09-16T04:42:03,2026-09-16T04:33:18,Force Core Set (High) X 66,197939,13063974,66,,205539
833,2026-09-16T04:43:22,2026-09-16T04:33:18,Chaos Core,711700,37720100,53,,723940
834,2026-09-16T04:43:29,2026-09-16T04:33:18,Chaos Core,711700,3558500,5,,723940
835,2026-09-16T04:44:08,2026-09-16T04:33:18,Chaos Core,717781,1435562,2,,723940
836,2026-09-16T04:47:01,2026-09-16T04:33:18,Chaos Core,711700,117430500,165,,723938
837,2026-09-16T04:48:33,2026-09-16T04:33:18,Chaos Core,711700,115295400,162,,723934
838,2026-09-16T05:31:08,2026-09-16T04:33:18,Chaos Core,708000,14868000,21,,723868
839,2026-09-16T05:31:15,2026-09-16T04:33:18,Chaos Core,708000,80712000,114,,723868
840,2026-09-16T05:31:23,2026-09-16T04:33:18,Chaos Core,708000,14868000,21,,723868
841,2026-09-16T05:49:48,2026-09-16T04:33:18,Chaos Core,708000,34692000,49,,723849
842,2026-09-16T05:49:55,2026-09-16T04:33:18,Chaos Core,708000,63012000,89,,723849
843,2026-09-16T05:50:59,2026-09-16T04:33:18,Chaos Core,708000,70800000,100,,723848
844,2026-09-16T05:51:07,2026-09-16T04:33:18,Chaos Core,708000,33276000,47,,723848
845,2026-09-16T05:52:07,2026-09-16T04:33:18,Chaos Core,708000,14868000,21,,723847
846,2026-09-16T05:52:27,2026-09-16T04:33:18,Chaos Core,708000,2832000,4,,723847
847,2026-09-16T05:52:34,2026-09-16T04:33:18,Chaos Core,708000,708000,1,,723847
848,2026-09-16T05:52:43,2026-09-16T04:33:18,Chaos Core,708000,2832000,4,,723847
849,2026-09-16T05:52:52,2026-09-16T04:33:18,Chaos Core,708000,2832000,4,,723847
850,2026-09-16T05:52:57,2026-09-16T04:33:18,Chaos Core,708000,80712000,114,,723847
851,2026-09-16T05:53:08,2026-09-16T04:33:18,Chaos Core,708000,9912000,14,,723847
852,2026-09-16T05:54:44,2026-09-16T04:33:18,Force Core Set (High) X 10,200000,26000000,130,,205499
853,2026-09-16T05:54:49,2026-09-16T04:33:18,Force Core Set (High) X 32,200000,6400000,32,,205499
854,2026-09-16T05:54:54,2026-09-16T04:33:18,Force Core Set (High) X 50,200000,10000000,50,,205499
855,2026-09-16T05:55:26,2026-09-16T04:33:18,Force Core Set (High) X 50,200000,40000000,200,,205498
856,2026-09-16T05:55:56,2026-09-16T04:33:18,Force Core Set (High) X 50,200000,10000000,50,,205498
857,2026-09-16T05:56:01,2026-09-16T04:33:18,Force Core Set (High) X 81,200000,16200000,81,,205498
858,2026-09-16T05:56:05,2026-09-16T04:33:18,Force Core Set (High) X 100,200000,20000000,100,,205498
859,2026-09-16T05:59:41,2026-09-16T04:33:18,Chaos Core,708000,2832000,4,,723845
860,2026-09-16T05:59:53,2026-09-16T04:33:18,Chaos Core,708000,2832000,4,,723845
861,2026-09-16T06:00:06,2026-09-16T04:33:18,Chaos Core,708000,2124000,3,,723845
862,2026-09-16T06:00:20,2026-09-16T04:33:18,Chaos Core,708000,3540000,5,,723845
863,2026-09-16T06:00:25,2026-09-16T04:33:18,Chaos Core,707000,55853000,79,,723845
864,2026-09-16T06:01:04,2026-09-16T04:33:18,Chaos Core,708000,2124000,3,,723845
865,2026-09-16T06:01:15,2026-09-16T04:33:18,Chaos Core,708000,2832000,4,,723845
866,2026-09-16T06:01:23,2026-09-16T04:33:18,Chaos Core,711000,4977000,7,,723845
867,2026-09-16T06:01:33,2026-09-16T04:33:18,Chaos Core,711000,27018000,38,,723845
868,2026-09-16T06:03:46,2026-09-16T04:33:18,Upgrade Core Set (Ultimate) X 17,409088,6954512,17,,459870
869,2026-09-16T06:03:51,2026-09-16T04:33:18,Upgrade Core Set (Ultimate) X 56,409089,22908984,56,,459870
870,2026-09-16T06:03:55,2026-09-16T04:33:18,Upgrade Core Set (Ultimate) X 25,409089,10227225,25,,459870
871,2026-09-16T06:03:59,2026-09-16T04:33:18,Upgrade Core Set (Ultimate) X 67,409089,27408963,67,,459870
872,2026-09-16T06:04:04,2026-09-16T04:33:18,Upgrade Core Set (Ultimate) X 223,409089,91226847,223,,459870
873,2026-09-16T06:07:46,2026-09-16T04:33:18,Chaos Core,711000,12087000,17,,723840
874,2026-09-16T06:07:51,2026-09-16T04:33:18,Chaos Core,711000,34839000,49,,723840
875,2026-09-16T06:07:58,2026-09-16T04:33:18,Chaos Core,711000,711000,1,,723840
876,2026-09-16T06:08:08,2026-09-16T04:33:18,Chaos Core,711000,4977000,7,,723840
877,2026-09-16T06:08:17,2026-09-16T04:33:18,Chaos Core,711699,5693592,8,,723840
878,2026-09-16T06:09:38,2026-09-16T04:33:18,Chaos Core,711000,59013000,83,,723840
879,2026-09-16T06:11:21,2026-09-16T04:33:18,Chaos Core,710000,93720000,132,,724839
880,2026-09-16T06:11:25,2026-09-16T04:33:18,Chaos Core,710000,12780000,18,,724839
881,2026-09-16T06:13:00,2026-09-16T04:33:18,Chaos Core,710000,29820000,42,,724838
882,2026-09-16T06:13:20,2026-09-16T04:33:18,Chaos Core,710000,5680000,8,,724838
883,2026-09-16T06:13:28,2026-09-16T04:33:18,Chaos Core,710000,5680000,8,,724838
884,2026-09-16T06:13:45,2026-09-16T04:33:18,Chaos Core,717781,1435562,2,,724838
885,2026-09-16T06:15:27,2026-09-16T04:33:18,Chaos Core,708000,2124000,3,,724837
886,2026-09-16T06:15:34,2026-09-16T04:33:18,Chaos Core,710000,6390000,9,,724837
887,2026-09-16T06:15:42,2026-09-16T04:33:18,Chaos Core,710000,2130000,3,,724837
888,2026-09-16T08:08:41,2026-09-16T08:04:20,Upgrade Core Set (Ultimate) X 23,430959,9912057,23,,458975
889,2026-09-16T08:25:03,2026-09-16T08:04:20,Force Core Set (Highest) X 8,202479,1619832,8,,228141
890,2026-09-16T08:25:08,2026-09-16T08:04:20,Force Core Set (Highest) X 12,202479,2429748,12,,228141
891,2026-09-16T08:33:06,2026-09-16T08:04:20,Force Core Set (Ultimate) X 6,383332,2299992,6,,398978
892,2026-09-16T08:33:10,2026-09-16T08:04:20,Force Core Set (Ultimate) X 6,383332,2299992,6,,398978
893,2026-09-16T08:33:15,2026-09-16T08:04:20,Force Core Set (Ultimate) X 6,383332,2299997,6,,398978
894,2026-09-16T08:33:20,2026-09-16T08:04:20,Force Core Set (Ultimate) X 10,383332,3833320,10,,398978
895,2026-09-16T08:33:26,2026-09-16T08:04:20,Force Core Set (Ultimate) X 10,383332,45999840,120,,398978
896,2026-09-16T08:33:31,2026-09-16T08:04:20,Force Core Set (Ultimate) X 12,383332,4599984,12,,398978
897,2026-09-16T08:33:35,2026-09-16T08:04:20,Force Core Set (Ultimate) X 53,383332,20316596,53,,398978
898,2026-09-16T08:34:07,2026-09-16T08:04:20,Force Core Set (Ultimate) X 100,383332,38333200,100,,398977
899,2026-09-16T08:34:12,2026-09-16T08:04:20,Force Core Set (Ultimate) X 100,383332,38333200,100,,398977
900,2026-09-16T08:39:33,2026-09-16T08:04:20,Chaos Core,723333,14466660,20,,729514
901,2026-09-16T08:39:40,2026-09-16T08:04:20,Chaos Core,723333,59313306,82,,729514
902,2026-09-16T08:39:48,2026-09-16T08:04:20,Chaos Core,723333,28209987,39,,729514
903,2026-09-16T08:40:37,2026-09-16T08:04:20,Chaos Core,723333,71609967,99,,729513
904,2026-09-16T08:40:44,2026-09-16T08:04:20,Chaos Core,723333,34719984,48,,729513
905,2026-09-16T08:41:48,2026-09-16T08:04:20,Chaos Core,722222,9388886,13,,729513
906,2026-09-16T08:42:01,2026-09-16T08:04:20,Chaos Core,728000,1456000,2,,729513
907,2026-09-16T08:42:37,2026-09-16T08:04:20,Force Core Set (Highest) X 93,245240,22807320,93,,265900
908,2026-09-16T08:45:07,2026-09-16T08:04:20,Chaos Core,722222,32499990,45,,729513
909,2026-09-16T08:45:14,2026-09-16T08:04:20,Chaos Core,722222,34666656,48,,729513
910,2026-09-16T08:45:22,2026-09-16T08:04:20,Chaos Core,722222,18777772,26,,729513
911,2026-09-16T08:45:31,2026-09-16T08:04:20,Chaos Core,722222,18055550,25,,729513
912,2026-09-16T08:46:25,2026-09-16T08:04:20,Chaos Core,722222,44055542,61,,729512
913,2026-09-16T08:46:30,2026-09-16T08:04:20,Chaos Core,722222,5055554,7,,729512
914,2026-09-16T08:46:40,2026-09-16T08:04:20,Chaos Core,722222,36833322,51,,729512
915,2026-09-16T08:46:52,2026-09-16T08:04:20,Chaos Core,722222,28888880,40,,729512
916,2026-09-16T08:48:50,2026-09-16T08:04:20,Force Core Set (Highest) X 26,202479,5264454,26,,265899
917,2026-09-16T08:48:54,2026-09-16T08:04:20,Force Core Set (Highest) X 72,202479,14578488,72,,265899
918,2026-09-16T08:49:28,2026-09-16T08:04:20,Force Core Set (Highest) X 10,245240,26976400,110,,265899
919,2026-09-16T08:51:44,2026-09-16T08:04:20,Chaos Core,722222,112666632,156,,729514
920,2026-09-16T08:52:44,2026-09-16T08:04:20,Chaos Core,722222,57777760,80,,729513
921,2026-09-16T08:52:52,2026-09-16T08:04:20,Chaos Core,722222,30333324,42,,729513
922,2026-09-16T08:53:00,2026-09-16T08:04:20,Chaos Core,722222,22388882,31,,729513
923,2026-09-16T08:54:03,2026-09-16T08:04:20,Chaos Core,722222,108333300,150,,729513
924,2026-09-16T08:59:20,2026-09-16T08:04:20,Chaos Core,722222,112666632,156,,729512
925,2026-09-16T09:05:34,2026-09-16T08:04:20,Force Core Set (High) X 1,197939,4354658,22,,203996
926,2026-09-16T09:05:39,2026-09-16T08:04:20,Force Core Set (High) X 10,197939,1979390,10,,203996
927,2026-09-16T09:06:55,2026-09-16T08:04:20,Force Core Set (High) X 53,197939,10490767,53,,203996
928,2026-09-16T09:06:59,2026-09-16T08:04:20,Force Core Set (High) X 100,197939,19793900,100,,203996
929,2026-09-16T09:07:04,2026-09-16T08:04:20,Force Core Set (High) X 109,197939,21575351,109,,203996
930,2026-09-16T09:13:07,2026-09-16T08:04:20,Upgrade Core Set (Ultimate) X 18,430950,7757100,18,,458953
931,2026-09-16T09:17:37,2026-09-16T08:04:20,Upgrade Core Set (Ultimate) X 100,430950,86190000,200,,458952
932,2026-09-16T09:18:09,2026-09-16T08:04:20,Upgrade Core Set (Ultimate) X 100,430950,86190000,200,,458952
933,2026-09-16T09:31:00,2026-09-16T08:04:20,Force Core Set (High) X 7,197936,1385552,7,,203984
934,2026-09-16T09:31:05,2026-09-16T08:04:20,Force Core Set (High) X 15,197936,2969040,15,,203984
935,2026-09-16T09:31:08,2026-09-16T08:04:20,Force Core Set (High) X 62,197936,12272032,62,,203984
936,2026-09-16T09:31:14,2026-09-16T08:04:20,Force Core Set (High) X 100,197936,39587200,200,,203984
937,2026-09-16T09:40:25,2026-09-16T08:04:20,Chaos Core,717781,53833575,75,,729485
938,2026-09-16T09:41:44,2026-09-16T08:04:20,Chaos Core,717781,64600290,90,,729485
939,2026-09-16T09:42:38,2026-09-16T08:04:20,Chaos Core,715000,27885000,39,,729485
940,2026-09-16T09:42:46,2026-09-16T08:04:20,Chaos Core,717781,71060319,99,,729485
941,2026-09-16T09:52:15,2026-09-16T08:04:20,Force Core Set (Highest) X 9,188888,1700000,9,,265863
942,2026-09-16T09:52:20,2026-09-16T08:04:20,Force Core Set (Highest) X 18,188888,3399984,18,,265863
943,2026-09-16T09:52:26,2026-09-16T08:04:20,Force Core Set (Highest) X 10,200000,32000000,160,,265863
944,2026-09-16T09:52:32,2026-09-16T08:04:20,Force Core Set (Highest) X 10,200000,4000000,20,,265863
945,2026-09-16T09:58:59,2026-09-16T09:55:43,Chaos Core,714999,30029958,42,,729469
946,2026-09-16T09:59:19,2026-09-16T09:55:43,Chaos Core,714999,45759936,64,,729469
947,2026-09-16T09:59:24,2026-09-16T09:55:43,Chaos Core,714999,20734971,29,,729469
948,2026-09-16T10:00:21,2026-09-16T09:55:43,Chaos Core,714999,2144997,3,,729468
949,2026-09-16T10:00:25,2026-09-16T09:55:43,Chaos Core,714999,55054923,77,,729468
950,2026-09-16T10:00:34,2026-09-16T09:55:43,Chaos Core,715000,3575000,5,,729468
951,2026-09-16T10:00:43,2026-09-16T09:55:43,Chaos Core,715000,6435000,9,,729468
952,2026-09-16T10:00:54,2026-09-16T09:55:43,Chaos Core,715000,14300000,20,,729468
953,2026-09-16T10:01:06,2026-09-16T09:55:43,Chaos Core,717781,34453488,48,,729468
954,2026-09-16T10:40:37,2026-09-16T10:08:21,Force Core Set (High) X 1,197934,16626456,84,,203894
955,2026-09-16T10:40:41,2026-09-16T10:08:21,Force Core Set (High) X 32,197934,6333900,32,,203894
956,2026-09-16T10:54:30,2026-09-16T10:08:21,Chaos Core,716000,98092000,137,,724983
957,2026-09-16T10:54:37,2026-09-16T10:08:21,Chaos Core,717500,11480000,16,,724983
958,2026-09-16T10:57:09,2026-09-16T10:08:21,Yekaterina VIP Membership,113361875,113361875,1,,
959,2026-09-16T11:20:15,2026-09-16T11:12:23,Chaos Core,710000,26270000,37,,715151
960,2026-09-16T11:20:23,2026-09-16T11:12:23,Chaos Core,710000,1420000,2,,715151
961,2026-09-16T11:34:01,2026-09-16T11:12:23,Upgrade Core Set (Ultimate) X 10,450000,4500000,10,,469999
962,2026-09-16T11:34:04,2026-09-16T11:12:23,Upgrade Core Set (Ultimate) X 34,450000,15300000,34,,469999
963,2026-09-16T11:51:14,2026-09-16T11:12:23,Force Core Set (High) X 703,197936,139149008,703,,203963
964,2026-09-16T12:06:48,2026-09-16T12:04:51,Force Core Set (High) X 20,197933,3958660,20,,203978
965,2026-09-16T12:06:52,2026-09-16T12:04:51,Force Core Set (High) X 85,197939,16824815,85,,203978
966,2026-09-16T12:13:08,2026-09-16T12:04:51,Chaos Core,710000,1420000,2,,715146
967,2026-09-16T12:13:15,2026-09-16T12:04:51,Chaos Core,710000,18460000,26,,715146
968,2026-09-16T12:13:26,2026-09-16T12:04:51,Chaos Core,714988,1429976,2,,715146
969,2026-09-16T12:14:08,2026-09-16T12:04:51,Force Core Set (High) X 71,197933,14053243,71,,203977
970,2026-09-16T12:14:10,2026-09-16T12:04:51,Force Core Set (High) X 232,197933,45920456,232,,203977
971,2026-09-16T12:14:14,2026-09-16T12:04:51,Force Core Set (High) X 19,197939,3760841,19,,203977
972,2026-09-16T12:18:30,2026-09-16T12:04:51,Chaos Core,710000,97980000,138,,715145
973,2026-09-16T12:19:19,2026-09-16T12:04:51,Chaos Core,710000,78100000,110,,715145
974,2026-09-16T12:19:26,2026-09-16T12:04:51,Chaos Core,710000,17040000,24,,715145
975,2026-09-16T12:19:34,2026-09-16T12:04:51,Chaos Core,710000,11360000,16,,715145
976,2026-09-16T12:30:58,2026-09-16T12:04:51,Chaos Core,710000,32660000,46,,715136
977,2026-09-16T12:31:04,2026-09-16T12:04:51,Chaos Core,710000,32660000,46,,715136
978,2026-09-16T12:31:14,2026-09-16T12:04:51,Chaos Core,714988,714988,1,,715136
979,2026-09-16T12:36:17,2026-09-16T12:04:51,Chaos Core,705000,2820000,4,,715132
980,2026-09-16T12:36:26,2026-09-16T12:04:51,Chaos Core,714988,1429976,2,,715132
981,2026-09-16T12:52:41,2026-09-16T12:04:51,Force Core Set (High) X 7,197939,1385573,7,,203902
982,2026-09-16T12:53:09,2026-09-16T12:04:51,Upgrade Core Set (Ultimate) X 63,450450,28378350,63,,459999
983,2026-09-16T12:53:40,2026-09-16T12:04:51,Upgrade Core Set (Ultimate) X 160,450450,72072000,160,,459999
984,2026-09-16T13:38:50,2026-09-16T12:04:51,Force Core Set (High) X 1,176470,1058820,6,,203878
985,2026-09-16T13:38:53,2026-09-16T12:04:51,Force Core Set (High) X 54,176470,9529380,54,,203878
986,2026-09-16T13:38:57,2026-09-16T12:04:51,Force Core Set (High) X 60,176470,21176400,120,,203878
987,2026-09-16T13:39:00,2026-09-16T12:04:51,Force Core Set (High) X 67,176470,11823490,67,,203878
988,2026-09-16T13:51:57,2026-09-16T12:04:51,Force Core Set (Highest) X 1,184205,36841000,200,,208189
989,2026-09-16T13:56:04,2026-09-16T12:04:51,Force Core Set (Highest) X 1,184205,3868305,21,,208189
990,2026-09-16T13:56:09,2026-09-16T12:04:51,Force Core Set (Highest) X 1,184205,32972695,179,,208189
991,2026-09-16T14:00:17,2026-09-16T12:04:51,Force Core Set (Highest) X 1,184205,552615,3,,208187
992,2026-09-16T14:00:21,2026-09-16T12:04:51,Force Core Set (Highest) X 1,184205,9210250,50,,208187
993,2026-09-16T14:00:23,2026-09-16T12:04:51,Force Core Set (Highest) X 2,184205,368410,2,,208187
994,2026-09-16T14:00:26,2026-09-16T12:04:51,Force Core Set (Highest) X 10,184205,1842050,10,,208187
995,2026-09-16T14:00:29,2026-09-16T12:04:51,Force Core Set (Highest) X 19,184205,3499895,19,,208187
996,2026-09-16T14:19:50,2026-09-16T12:04:51,Force Core Set (Highest) X 5,202478,1012390,5,,208173
997,2026-09-16T14:19:53,2026-09-16T12:04:51,Force Core Set (Highest) X 10,202478,2024780,10,,208173
998,2026-09-16T14:19:57,2026-09-16T12:04:51,Force Core Set (Highest) X 10,202478,12148680,60,,208173
999,2026-09-16T14:19:59,2026-09-16T12:04:51,Force Core Set (Highest) X 27,202478,5466906,27,,208173
1000,2026-09-16T14:20:02,2026-09-16T12:04:51,Force Core Set (Highest) X 36,202478,7289208,36,,208173
1001,2026-09-16T14:48:31,2026-09-16T12:04:51,Force Core Set (High) X 43,197939,8511377,43,,203922
1002,2026-09-16T14:57:18,2026-09-16T12:04:51,Chaos Core,700000,94500000,135,,714979
1003,2026-09-16T15:02:12,2026-09-16T12:04:51,Force Core Set (Highest) X 1,202478,202478,1,,208121
1004,2026-09-16T15:02:16,2026-09-16T12:04:51,Force Core Set (Highest) X 1,202478,607434,3,,208121
1005,2026-09-16T15:02:19,2026-09-16T12:04:51,Force Core Set (Highest) X 10,202478,2024780,10,,208121
1006,2026-09-16T15:02:23,2026-09-16T12:04:51,Force Core Set (Highest) X 10,202478,12148680,60,,208121
1007,2026-09-16T15:02:27,2026-09-16T12:04:51,Force Core Set (Highest) X 10,202478,26322140,130,,208121
1008,2026-09-16T15:15:22,2026-09-16T12:04:51,Force Core Set (Highest) X 1,202478,23284970,115,,208149
1009,2026-09-16T15:15:26,2026-09-16T12:04:51,Force Core Set (Highest) X 10,202478,18223020,90,,208149
1010,2026-09-16T15:15:58,2026-09-16T12:04:51,Force Core Set (Highest) X 10,202478,10123900,50,,208149
1011,2026-09-16T15:16:02,2026-09-16T12:04:51,Force Core Set (Highest) X 10,202478,30371700,150,,208149
1012,2026-09-16T15:16:34,2026-09-16T12:04:51,Force Core Set (Highest) X 10,202478,40495600,200,,208147
1013,2026-09-16T16:22:37,2026-09-16T15:29:17,Force Core Set (Ultimate) X 1,369000,73800000,200,,389830
1014,2026-09-16T16:23:09,2026-09-16T15:29:17,Force Core Set (Ultimate) X 1,369000,18450000,50,,389830
1015,2026-09-16T16:23:13,2026-09-16T15:29:17,Force Core Set (Ultimate) X 1,369000,2214000,6,,389830
1016,2026-09-16T16:23:16,2026-09-16T15:29:17,Force Core Set (Ultimate) X 2,369000,738000,2,,389830
1017,2026-09-16T16:23:19,2026-09-16T15:29:17,Force Core Set (Ultimate) X 3,369000,1107000,3,,389830
1018,2026-09-16T16:23:22,2026-09-16T15:29:17,Force Core Set (Ultimate) X 4,369000,1476000,4,,389830
1019,2026-09-16T17:24:52,2026-09-16T15:29:17,Upgrade Core Set (Ultimate) X 10,433787,86757400,200,,459738
1020,2026-09-16T17:25:25,2026-09-16T15:29:17,Upgrade Core Set (Ultimate) X 10,433787,82419530,190,,459738
1021,2026-09-16T17:25:27,2026-09-16T15:29:17,Upgrade Core Set (Ultimate) X 22,433787,9543314,22,,459738
1022,2026-09-16T17:37:23,2026-09-16T15:29:17,Force Core Set (High) X 25,201566,5039150,25,,208935
1023,2026-09-16T17:37:27,2026-09-16T15:29:17,Force Core Set (High) X 26,201566,5240716,26,,208935
1024,2026-09-16T17:38:00,2026-09-16T15:29:17,Force Core Set (High) X 41,201566,8264246,41,,208934
1025,2026-09-16T17:42:07,2026-09-16T15:29:17,Force Core Set (High) X 2,201565,32250400,160,,208932
1026,2026-09-16T18:18:05,2026-09-16T18:16:09,Force Core Set (Highest) X 43,186046,8000000,43,,199911
1027,2026-09-16T22:57:42,2026-09-16T22:55:49,Epic Booster (Highest),47234114,47234114,1,,
1028,2026-09-16T22:57:57,2026-09-16T22:55:49,Epic Booster (Highest),47234114,47234114,1,,
1029,2026-09-16T22:58:12,2026-09-16T22:55:49,Epic Booster (Highest),47234114,47234114,1,,
1030,2026-09-16T22:58:27,2026-09-16T22:55:49,Epic Booster (Highest),47234114,47234114,1,,
1031,2026-09-16T23:13:19,2026-09-16T23:10:52,Epic Booster (Highest),47234114,188936456,4,,
1032,2026-09-16T23:21:09,2026-09-16T23:18:42,Chaos Core,715000,47905000,67,,724982
1033,2026-09-16T23:21:16,2026-09-16T23:18:42,Chaos Core,715000,50765000,71,,724982
1034,2026-09-16T23:22:06,2026-09-16T23:18:42,Chaos Core,715000,31460000,44,,724982
1035,2026-09-16T23:22:14,2026-09-16T23:18:42,Chaos Core,715000,84370000,118,,724982
1036,2026-09-16T23:23:08,2026-09-16T23:18:42,Chaos Core,715000,95810000,134,,724981
1037,2026-09-16T23:23:15,2026-09-16T23:18:42,Chaos Core,715000,13585000,19,,724981
1038,2026-09-16T23:24:07,2026-09-16T23:18:42,Force Core Set (Ultimate) X 33,357575,11800000,33,,389578
1039,2026-09-16T23:24:10,2026-09-16T23:18:42,Force Core Set (Ultimate) X 48,360000,17280000,48,,389578
1040,2026-09-16T23:24:14,2026-09-16T23:18:42,Force Core Set (Ultimate) X 100,360000,72000000,200,,389578
1041,2026-09-16T23:25:15,2026-09-16T23:18:42,Armor Account bind Unseal Stone,188936457,188936457,1,,
1042,2026-09-16T23:26:23,2026-09-16T23:18:42,Armor Account bind Seal Stone,188936457,188936457,1,,
1043,2026-09-16T23:26:59,2026-09-16T23:18:42,Siena's Unbinding Stone,75574582,75574582,1,,
1044,2026-09-16T23:41:13,2026-09-16T23:38:41,Force Core Set (High) X 1,186915,186915,1,,208758
1045,2026-09-16T23:41:16,2026-09-16T23:38:41,Force Core Set (High) X 10,186915,1869150,10,,208758
1046,2026-09-16T23:41:18,2026-09-16T23:38:41,Force Core Set (High) X 405,186915,75700575,405,,208758
1047,2026-09-17T00:10:33,2026-09-16T23:38:41,Chaos Core,718220,38783880,54,,725000
1048,2026-09-17T00:10:41,2026-09-16T23:38:41,Chaos Core,718222,71103978,99,,725000
1049,2026-09-17T00:12:55,2026-09-16T23:38:41,Chaos Core,718222,107733300,150,,724998
1050,2026-09-17T00:14:14,2026-09-16T23:38:41,Chaos Core,718222,31601768,44,,724997
1051,2026-09-17T00:14:27,2026-09-16T23:38:41,Chaos Core,718222,73976866,103,,724997
1052,2026-09-17T01:05:32,2026-09-17T00:47:58,Chaos Core,718222,12209774,17,,724996
1053,2026-09-17T01:05:41,2026-09-17T00:47:58,Chaos Core,718222,15082662,21,,724996
1054,2026-09-17T01:06:10,2026-09-17T00:47:58,Chaos Core,718222,32319990,45,,724996
1055,2026-09-17T01:06:22,2026-09-17T00:47:58,Chaos Core,718222,32319990,45,,724996
1056,2026-09-17T01:06:34,2026-09-17T00:47:58,Chaos Core,718222,22264882,31,,724996
1057,2026-09-17T01:07:35,2026-09-17T00:47:58,Chaos Core,718222,76131532,106,,724995
1058,2026-09-17T01:08:19,2026-09-17T00:47:58,Chaos Core,720000,1440000,2,,724995
1059,2026-09-17T01:12:40,2026-09-17T00:47:58,Chaos Core,718222,63921758,89,,724991
1060,2026-09-17T01:13:06,2026-09-17T00:47:58,Chaos Core,720000,720000,1,,724991
1061,2026-09-17T01:19:59,2026-09-17T00:47:58,Chaos Core,718222,86904862,121,,725000
1062,2026-09-17T01:20:19,2026-09-17T00:47:58,Chaos Core,722222,1444444,2,,725000
1063,2026-09-17T01:35:21,2026-09-17T00:47:58,Chaos Core,718222,105578634,147,,724996
1064,2026-09-17T01:36:12,2026-09-17T00:47:58,Chaos Core,718222,48120874,67,,724996
1065,2026-09-17T01:36:31,2026-09-17T00:47:58,Chaos Core,722222,1444444,2,,724996
1066,2026-09-17T01:40:43,2026-09-17T00:47:58,Chaos Core,718222,25137770,35,,724992
1067,2026-09-17T01:40:51,2026-09-17T00:47:58,Chaos Core,718222,81877308,114,,724992
1068,2026-09-17T01:41:01,2026-09-17T00:47:58,Chaos Core,718222,7182220,10,,724992
1069,2026-09-17T01:42:00,2026-09-17T00:47:58,Chaos Core,718222,74695088,104,,724992
1070,2026-09-17T01:42:06,2026-09-17T00:47:58,Chaos Core,700000,36400000,52,,724992
1071,2026-09-17T01:43:12,2026-09-17T00:47:58,Chaos Core,718222,33756434,47,,724989
1072,2026-09-17T01:43:22,2026-09-17T00:47:58,Chaos Core,718222,69667534,97,,724989
1073,2026-09-17T02:11:11,2026-09-17T00:47:58,Epic Booster (Highest),46874999,187499996,4,,
1074,2026-09-17T02:15:19,2026-09-17T02:13:15,Chaos Core,716666,85283254,119,,724973
1075,2026-09-17T02:15:27,2026-09-17T02:13:15,Chaos Core,716666,15766652,22,,724973
1076,2026-09-17T02:16:19,2026-09-17T02:13:15,Chaos Core,716666,103199904,144,,724972
1077,2026-09-17T02:17:09,2026-09-17T02:13:15,Chaos Core,716666,107499900,150,,724970
1078,2026-09-17T02:29:51,2026-09-17T02:13:15,Epic Booster (Highest),47234114,188936456,4,,
1079,2026-09-17T02:32:42,2026-09-17T02:13:15,Chaos Core,714899,72919698,102,,724951
1080,2026-09-17T02:39:22,2026-09-17T02:13:15,Yekaterina VIP Membership,113361874,113361874,1,,
1081,2026-09-17T02:42:21,2026-09-17T02:13:15,Chaos Core,715000,30030000,42,,724942
1082,2026-09-17T02:42:32,2026-09-17T02:13:15,Chaos Core,715000,87945000,123,,724942
1083,2026-09-17T02:43:59,2026-09-17T02:13:15,Chaos Core,715000,12870000,18,,724941
1084,2026-09-17T02:44:13,2026-09-17T02:13:15,Chaos Core,715000,29315000,41,,724941
1085,2026-09-17T02:44:28,2026-09-17T02:13:15,Chaos Core,715000,54340000,76,,724941
1086,2026-09-17T02:49:30,2026-09-17T02:13:15,Chaos Core,715000,10725000,15,,724935
1087,2026-09-17T02:49:43,2026-09-17T02:13:15,Chaos Core,716650,103197600,144,,724935
1088,2026-09-17T02:49:57,2026-09-17T02:13:15,Chaos Core,716650,2149950,3,,724935
1089,2026-09-17T02:52:31,2026-09-17T02:13:15,Chaos Core,716650,60915250,85,,724934
1090,2026-09-17T02:52:44,2026-09-17T02:13:15,Chaos Core,716666,50883286,71,,724934
1091,2026-09-17T02:56:48,2026-09-17T02:13:15,Armor Account bind Unseal Stone,184999999,184999999,1,,
1092,2026-09-17T03:20:54,2026-09-17T02:13:15,Chaos Core,714998,20019944,28,,724897
1093,2026-09-17T03:20:59,2026-09-17T02:13:15,Chaos Core,713500,57080000,80,,724897
1094,2026-09-17T03:21:10,2026-09-17T02:13:15,Chaos Core,714999,27884961,39,,724897
1095,2026-09-17T03:26:21,2026-09-17T02:13:15,Siena's Unbinding Stone,75574582,75574582,1,,
1096,2026-09-17T03:28:23,2026-09-17T02:13:15,Siena's Unbinding Stone,75574582,75574582,1,,
1097,2026-09-17T03:56:57,2026-09-17T03:35:27,Chaos Core,715000,8580000,12,,724863
1098,2026-09-17T03:57:05,2026-09-17T03:35:27,Chaos Core,715000,108680000,152,,724863
1099,2026-09-17T03:57:09,2026-09-17T03:35:27,Chaos Core,715000,715000,1,,724863
1100,2026-09-17T04:02:52,2026-09-17T03:35:27,Chaos Core,715000,70070000,98,,724857
1101,2026-09-17T04:03:00,2026-09-17T03:35:27,Chaos Core,715000,12155000,17,,724857
1102,2026-09-17T04:03:08,2026-09-17T03:35:27,Chaos Core,715000,35750000,50,,724857
1103,2026-09-17T04:18:55,2026-09-17T03:35:27,Chaos Core,715000,5005000,7,,724842
1104,2026-09-17T04:19:04,2026-09-17T03:35:27,Chaos Core,715000,1430000,2,,724842
1105,2026-09-17T04:19:10,2026-09-17T03:35:27,Chaos Core,715000,95095000,133,,724842
1106,2026-09-17T04:19:17,2026-09-17T03:35:27,Chaos Core,715000,14300000,20,,724842
1107,2026-09-17T04:24:18,2026-09-17T03:35:27,Chaos Core,715000,715000,1,,724859
1108,2026-09-17T04:24:43,2026-09-17T03:35:27,Chaos Core,715000,10010000,14,,724859
1109,2026-09-17T04:25:06,2026-09-17T03:35:27,Chaos Core,715000,10725000,15,,724859
1110,2026-09-17T04:25:11,2026-09-17T03:35:27,Chaos Core,714000,63546000,89,,724859
1111,2026-09-17T04:25:19,2026-09-17T03:35:27,Chaos Core,714000,23562000,33,,724859
1112,2026-09-17T04:26:37,2026-09-17T03:35:27,Chaos Core,716666,716666,1,,724859
1113,2026-09-17T05:14:42,2026-09-17T03:35:27,Force Core Set (Highest) X 7,199999,1399999,7,,208181
1114,2026-09-17T05:23:50,2026-09-17T03:35:27,Upgrade Core Set (Ultimate) X 13,433931,5641103,13,,459500
1115,2026-09-17T05:23:53,2026-09-17T03:35:27,Upgrade Core Set (Ultimate) X 49,433931,21262619,49,,459500
1116,2026-09-17T05:23:56,2026-09-17T03:35:27,Upgrade Core Set (Ultimate) X 103,433931,44694893,103,,459500
1117,2026-09-17T05:24:00,2026-09-17T03:35:27,Upgrade Core Set (Ultimate) X 103,433931,44694893,103,,459500
1118,2026-09-17T05:33:39,2026-09-17T03:35:27,Force Core Set (Highest) X 188,202127,38000000,188,,208189
1119,2026-09-17T05:36:25,2026-09-17T03:35:27,Epic Booster (Highest),47234114,188936456,4,,
1120,2026-09-17T05:45:09,2026-09-17T05:38:28,Force Core Set (High) X 1,184999,184999,1,,199775
1121,2026-09-17T05:45:12,2026-09-17T05:38:28,Force Core Set (High) X 18,184999,3329999,18,,199775
1122,2026-09-17T05:45:16,2026-09-17T05:38:28,Force Core Set (High) X 364,184999,67339636,364,,199775
1123,2026-09-17T05:56:49,2026-09-17T05:38:28,Yekaterina VIP Membership,113361873,113361873,1,,
1124,2026-09-17T07:14:04,2026-09-17T07:11:41,Yekaterina VIP Membership,113361873,113361873,1,,
1125,2026-09-17T07:19:02,2026-09-17T07:11:41,Force Core Set (High) X 36,197358,7104888,36,,210889
1126,2026-09-17T07:19:05,2026-09-17T07:11:41,Force Core Set (High) X 46,197358,9078468,46,,210889
1127,2026-09-17T07:19:09,2026-09-17T07:11:41,Force Core Set (High) X 58,197358,11446764,58,,210889
1128,2026-09-17T07:19:12,2026-09-17T07:11:41,Force Core Set (High) X 348,197358,68680584,348,,210889
1129,2026-09-17T07:20:09,2026-09-17T07:11:41,Upgrade Core Set (Ultimate) X 23,433931,9980413,23,,459492
1130,2026-09-17T07:24:20,2026-09-17T07:11:41,Armor Account bind Unseal Stone,188936455,188936455,1,,
1131,2026-09-17T07:41:18,2026-09-17T07:36:33,Armor Account bind Seal Stone,188936455,188936455,1,,
1132,2026-09-17T07:47:59,2026-09-17T07:36:33,Force Core Set (High) X 20,197359,3947180,20,,210884
1133,2026-09-17T07:48:03,2026-09-17T07:36:33,Force Core Set (High) X 25,197359,4933975,25,,210884
1134,2026-09-17T07:48:06,2026-09-17T07:36:33,Force Core Set (High) X 26,197359,5131334,26,,210884
1135,2026-09-17T07:48:09,2026-09-17T07:36:33,Force Core Set (High) X 32,197359,6315488,32,,210884
1136,2026-09-17T07:48:14,2026-09-17T07:36:33,Force Core Set (High) X 35,197359,6907565,35,,210884
1137,2026-09-17T07:52:13,2026-09-17T07:49:28,Chaos Core,708000,82836000,117,,714996
1138,2026-09-17T08:13:35,2026-09-17T08:10:28,Chaos Core,700000,93800000,134,,714991
1139,2026-09-17T08:13:41,2026-09-17T08:10:28,Chaos Core,700000,7000000,10,,714991
1140,2026-09-17T08:13:52,2026-09-17T08:10:28,Chaos Core,700000,10500000,15,,714991
1141,2026-09-17T08:14:56,2026-09-17T08:10:28,Chaos Core,700000,62300000,89,,714990
1142,2026-09-17T08:16:24,2026-09-17T08:10:28,Chaos Core,700000,30100000,43,,714990
1143,2026-09-17T08:16:34,2026-09-17T08:10:28,Chaos Core,705000,16920000,24,,714990
1144,2026-09-17T08:17:48,2026-09-17T08:10:28,Chaos Core,705000,24675000,35,,714990
1145,2026-09-17T08:18:00,2026-09-17T08:10:28,Chaos Core,705000,19035000,27,,714990
1146,2026-09-17T08:18:10,2026-09-17T08:10:28,Chaos Core,705000,19035000,27,,714990
1147,2026-09-17T08:18:25,2026-09-17T08:10:28,Chaos Core,708000,51684000,73,,714990
1148,2026-09-17T08:19:22,2026-09-17T08:10:28,Upgrade Core Set (Ultimate) X 1,433927,433927,1,,459493
1149,2026-09-17T08:21:24,2026-09-17T08:10:28,Blessing Bead - Superior,163438000,163438000,1,,
1150,2026-09-17T08:23:03,2026-09-17T08:10:28,Force Gem Package,187500000,187500000,1,,
1151,2026-09-17T08:37:30,2026-09-17T08:35:06,Chaos Core,700000,102900000,147,,714991
1152,2026-09-17T08:39:51,2026-09-17T08:35:06,Chaos Core,700000,2800000,4,,714990
1153,2026-09-17T08:39:58,2026-09-17T08:35:06,Chaos Core,700000,12600000,18,,714990
1154,2026-09-17T08:40:18,2026-09-17T08:35:06,Chaos Core,708000,1416000,2,,714990
1155,2026-09-17T08:43:30,2026-09-17T08:35:06,Chaos Core,700000,2100000,3,,724000
1156,2026-09-17T08:43:42,2026-09-17T08:35:06,Chaos Core,708000,2124000,3,,724000
1157,2026-09-17T08:43:56,2026-09-17T08:35:06,Chaos Core,708000,3540000,5,,724000
1158,2026-09-17T08:44:10,2026-09-17T08:35:06,Chaos Core,708000,2124000,3,,724000
1159,2026-09-17T08:44:25,2026-09-17T08:35:06,Chaos Core,708000,5664000,8,,724000
1160,2026-09-17T08:44:42,2026-09-17T08:35:06,Chaos Core,710000,22010000,31,,724000
1161,2026-09-17T08:45:02,2026-09-17T08:35:06,Chaos Core,710000,2130000,3,,724000
1162,2026-09-17T08:45:24,2026-09-17T08:35:06,Chaos Core,710000,2840000,4,,724000
1163,2026-09-17T08:45:46,2026-09-17T08:35:06,Chaos Core,710000,2840000,4,,724000
1164,2026-09-17T08:46:09,2026-09-17T08:35:06,Chaos Core,710000,2840000,4,,724000
1165,2026-09-17T08:46:32,2026-09-17T08:35:06,Chaos Core,710000,710000,1,,724000
1166,2026-09-17T08:48:09,2026-09-17T08:35:06,Chaos Core,700000,10500000,15,,723999
1167,2026-09-17T08:48:16,2026-09-17T08:35:06,Chaos Core,700000,90300000,129,,723999
1168,2026-09-17T08:49:14,2026-09-17T08:35:06,Chaos Core,700000,78400000,112,,723998
1169,2026-09-17T08:49:21,2026-09-17T08:35:06,Chaos Core,700000,16100000,23,,723998
1170,2026-09-17T08:50:16,2026-09-17T08:35:06,Chaos Core,700000,75600000,108,,723997
1171,2026-09-17T08:50:21,2026-09-17T08:35:06,Chaos Core,700000,35700000,51,,723997
1172,2026-09-17T08:51:51,2026-09-17T08:35:06,Chaos Core,700000,25200000,36,,723996
1173,2026-09-17T08:51:56,2026-09-17T08:35:06,Chaos Core,700000,15400000,22,,723996
1174,2026-09-17T08:53:17,2026-09-17T08:35:06,Chaos Core,700000,70700000,101,,723996
1175,2026-09-17T08:54:25,2026-09-17T08:35:06,Force Core Set (High) X 10,197358,39471600,200,,207998
1176,2026-09-17T08:57:46,2026-09-17T08:35:06,Chaos Core,700000,1400000,2,,723994
1177,2026-09-17T08:59:11,2026-09-17T08:35:06,Chaos Core,700000,3500000,5,,723994
1178,2026-09-17T08:59:42,2026-09-17T08:35:06,Chaos Core,710000,710000,1,,723994
1179,2026-09-17T09:00:16,2026-09-17T08:35:06,Chaos Core,710000,2130000,3,,723994
1180,2026-09-17T09:00:50,2026-09-17T08:35:06,Chaos Core,710000,37630000,53,,723994
1181,2026-09-17T09:01:25,2026-09-17T08:35:06,Chaos Core,710000,14910000,21,,723994
1182,2026-09-17T09:02:01,2026-09-17T08:35:06,Chaos Core,710000,34790000,49,,723994
1183,2026-09-17T09:06:46,2026-09-17T08:35:06,Chaos Core,699999,49699929,71,,723994
1184,2026-09-17T09:06:55,2026-09-17T08:35:06,Chaos Core,699999,57399918,82,,723994
1185,2026-09-17T09:07:57,2026-09-17T08:35:06,Chaos Core,699999,11899983,17,,723993
1186,2026-09-17T09:08:03,2026-09-17T08:35:06,Chaos Core,699999,79799886,114,,723993
1187,2026-09-17T09:08:08,2026-09-17T08:35:06,Chaos Core,699999,19599972,28,,723993
1188,2026-09-17T09:09:22,2026-09-17T08:35:06,Chaos Core,699998,107099694,153,,723991
1189,2026-09-17T09:10:59,2026-09-17T08:35:06,Chaos Core,699997,83299643,119,,723990
1190,2026-09-17T09:11:03,2026-09-17T08:35:06,Chaos Core,699997,17499925,25,,723990
1191,2026-09-17T09:12:41,2026-09-17T08:35:06,Force Core Set (High) X 183,197312,36108278,183,,207000
1192,2026-09-17T09:12:45,2026-09-17T08:35:06,Force Core Set (High) X 19,197313,3748947,19,,207000
1193,2026-09-17T10:01:22,2026-09-17T08:35:06,Epic Booster (Highest),46750000,46750000,1,,
1194,2026-09-17T10:02:38,2026-09-17T08:35:06,Epic Booster (Highest),46737500,140212500,3,,
1195,2026-09-17T10:05:10,2026-09-17T08:35:06,Chaos Core,710000,34790000,49,,723894
1196,2026-09-17T10:05:34,2026-09-17T08:35:06,Chaos Core,710000,710000,1,,723894
1197,2026-09-17T10:05:50,2026-09-17T08:35:06,Chaos Core,713999,713999,1,,723894
1198,2026-09-17T10:08:33,2026-09-17T08:35:06,Force Core Set (Highest) X 1,204861,409722,2,,269894
1199,2026-09-17T10:08:36,2026-09-17T08:35:06,Force Core Set (Highest) X 10,204861,2048610,10,,269894
1200,2026-09-17T10:08:38,2026-09-17T08:35:06,Force Core Set (Highest) X 13,204861,2663193,13,,269894
1201,2026-09-17T10:08:41,2026-09-17T08:35:06,Force Core Set (Highest) X 15,204861,3072929,15,,269894
1202,2026-09-17T10:08:45,2026-09-17T08:35:06,Force Core Set (Highest) X 50,204861,10243050,50,,269894
1203,2026-09-17T10:09:17,2026-09-17T08:35:06,Force Core Set (Highest) X 6,204861,1229166,6,,269893
1204,2026-09-17T10:09:20,2026-09-17T08:35:06,Force Core Set (Highest) X 110,204861,22534710,110,,269893
1205,2026-09-17T10:09:23,2026-09-17T08:35:06,Force Core Set (Highest) X 24,204862,4916688,24,,269893
1206,2026-09-17T10:09:25,2026-09-17T08:35:06,Force Core Set (Highest) X 120,204862,24583440,120,,269893
1207,2026-09-17T10:15:30,2026-09-17T08:35:06,Chaos Core,710000,115020000,162,,723885
1208,2026-09-17T10:35:18,2026-09-17T08:35:06,Chaos Core,713999,3569995,5,,723873
1209,2026-09-17T10:35:40,2026-09-17T08:35:06,Chaos Core,718222,2154666,3,,723873
1210,2026-09-17T10:36:04,2026-09-17T08:35:06,Chaos Core,718222,5027554,7,,723873
1211,2026-09-17T10:36:09,2026-09-17T08:35:06,Chaos Core,710000,93720000,132,,723873
1212,2026-09-17T10:37:04,2026-09-17T08:35:06,Chaos Core,710000,14200000,20,,723872
1213,2026-09-17T10:37:11,2026-09-17T08:35:06,Chaos Core,710000,2840000,4,,723872
1214,2026-09-17T10:37:37,2026-09-17T08:35:06,Chaos Core,718222,5745776,8,,723872
1215,2026-09-17T10:38:04,2026-09-17T08:35:06,Chaos Core,718222,1436444,2,,723872
1216,2026-09-17T10:38:33,2026-09-17T08:35:06,Chaos Core,718222,1436444,2,,723872
1217,2026-09-17T10:39:02,2026-09-17T08:35:06,Chaos Core,718222,2154666,3,,723872
1218,2026-09-17T10:39:25,2026-09-17T08:35:06,Chaos Core,718222,36629322,51,,723872
1219,2026-09-17T10:39:57,2026-09-17T08:35:06,Chaos Core,718222,1436444,2,,723872
1220,2026-09-17T10:40:28,2026-09-17T08:35:06,Chaos Core,718222,2154666,3,,723872
1221,2026-09-17T10:41:22,2026-09-17T08:35:06,Chaos Core,718222,718222,1,,723872
1222,2026-09-17T10:42:05,2026-09-17T08:35:06,Chaos Core,710000,62480000,88,,723872
1223,2026-09-17T10:49:20,2026-09-17T08:35:06,Chaos Core,710000,68160000,96,,723867
1224,2026-09-17T10:50:33,2026-09-17T08:35:06,Chaos Core,710000,21300000,30,,723865
1225,2026-09-17T10:53:21,2026-09-17T08:35:06,Chaos Core,710000,106500000,150,,723868
1226,2026-09-17T10:56:55,2026-09-17T08:35:06,Chaos Core,715000,59345000,83,,723868
1227,2026-09-17T10:57:02,2026-09-17T08:35:06,Chaos Core,715000,50050000,70,,723868
1228,2026-09-17T10:59:48,2026-09-17T08:35:06,Chaos Core,718222,15082662,21,,723865
1229,2026-09-17T10:59:55,2026-09-17T08:35:06,Chaos Core,718222,99114636,138,,723865
1230,2026-09-17T11:08:31,2026-09-17T08:35:06,Chaos Core,717999,2871996,4,,723856
1231,2026-09-17T11:08:38,2026-09-17T08:35:06,Chaos Core,717999,100519860,140,,723856
1232,2026-09-17T11:33:21,2026-09-17T08:35:06,Chaos Core,715000,80080000,112,,723824
1233,2026-09-17T11:33:28,2026-09-17T08:35:06,Chaos Core,715000,16445000,23,,723824
1234,2026-09-17T11:37:00,2026-09-17T08:35:06,Chaos Core,715000,102960000,144,,723822
1235,2026-09-17T11:37:56,2026-09-17T08:35:06,Chaos Core,715000,35750000,50,,723820
1236,2026-09-17T11:38:08,2026-09-17T08:35:06,Chaos Core,715000,65065000,91,,723820
1237,2026-09-17T11:43:17,2026-09-17T08:35:06,Chaos Core,715000,8580000,12,,723814
1238,2026-09-17T11:43:25,2026-09-17T08:35:06,Chaos Core,715000,51480000,72,,723814
1239,2026-09-17T11:43:34,2026-09-17T08:35:06,Chaos Core,715000,42900000,60,,723814
1240,2026-09-17T11:44:33,2026-09-17T08:35:06,Chaos Core,715000,27885000,39,,723811
1241,2026-09-17T11:44:48,2026-09-17T08:35:06,Chaos Core,715000,52910000,74,,723811
1242,2026-09-17T11:45:05,2026-09-17T08:35:06,Chaos Core,715000,11440000,16,,723811
1243,2026-09-17T11:45:22,2026-09-17T08:35:06,Chaos Core,715000,15015000,21,,723811
1244,2026-09-17T11:48:21,2026-09-17T08:35:06,Force Core Set (Ultimate) X 102,397000,40494000,102,,455065
1245,2026-09-17T11:48:25,2026-09-17T08:35:06,Force Core Set (Ultimate) X 1,397063,397063,1,,455065
1246,2026-09-17T11:48:28,2026-09-17T08:35:06,Force Core Set (Ultimate) X 6,397063,2382378,6,,455065
1247,2026-09-17T11:49:01,2026-09-17T08:35:06,Force Core Set (Ultimate) X 13,397063,5161819,13,,455065
1248,2026-09-17T11:49:05,2026-09-17T08:35:06,Force Core Set (Ultimate) X 16,397063,6353008,16,,455065
1249,2026-09-17T11:54:19,2026-09-17T08:35:06,Force Core Set (Ultimate) X 244,396971,96861111,244,,455061
1250,2026-09-17T11:54:50,2026-09-17T08:35:06,Force Core Set (Ultimate) X 12,397000,4764000,12,,455061
1251,2026-09-17T11:54:54,2026-09-17T08:35:06,Force Core Set (Ultimate) X 93,397063,36926859,93,,455061
1252,2026-09-17T11:54:58,2026-09-17T08:35:06,Force Core Set (Ultimate) X 9,403109,3627981,9,,455061
1253,2026-09-17T12:14:45,2026-09-17T08:35:06,Chaos Core,710000,90170000,127,,723784
1254,2026-09-17T12:14:54,2026-09-17T08:35:06,Chaos Core,714999,1429998,2,,723784
1255,2026-09-17T12:15:47,2026-09-17T08:35:06,Chaos Core,710000,102950000,145,,723785
1256,2026-09-17T12:15:58,2026-09-17T08:35:06,Chaos Core,714999,1429998,2,,723785
1257,2026-09-17T12:19:03,2026-09-17T08:35:06,Chaos Core,710000,95140000,134,,723783
1258,2026-09-17T12:19:11,2026-09-17T08:35:06,Chaos Core,710000,15620000,22,,723783
1259,2026-09-17T12:21:34,2026-09-17T08:35:06,Chaos Core,710000,30530000,43,,723782
1260,2026-09-17T12:21:42,2026-09-17T08:35:06,Chaos Core,710000,12070000,17,,723782
1261,2026-09-17T12:26:08,2026-09-17T08:35:06,Chaos Core,710000,98690000,139,,723785
1262,2026-09-17T12:26:13,2026-09-17T08:35:06,Chaos Core,710000,3550000,5,,723785
1263,2026-09-17T12:28:16,2026-09-17T08:35:06,Chaos Core,710000,56090000,79,,723782
1264,2026-09-17T12:28:23,2026-09-17T08:35:06,Chaos Core,710000,34080000,48,,723782
1265,2026-09-17T12:28:31,2026-09-17T08:35:06,Chaos Core,710000,7100000,10,,723782
1266,2026-09-17T12:28:39,2026-09-17T08:35:06,Chaos Core,710000,2840000,4,,723782
1267,2026-09-17T12:35:29,2026-09-17T08:35:06,Chaos Core,714500,2143500,3,,723780
1268,2026-09-17T12:35:34,2026-09-17T08:35:06,Chaos Core,714500,71450000,100,,723780
1269,2026-09-17T12:35:42,2026-09-17T08:35:06,Chaos Core,714999,6434991,9,,723780
1270,2026-09-17T12:35:49,2026-09-17T08:35:06,Chaos Core,715000,37895000,53,,723780
1271,2026-09-17T12:38:14,2026-09-17T08:35:06,Force Gem Package,187000000,187000000,1,,
1272,2026-09-17T12:39:39,2026-09-17T08:35:06,Chaos Core,714000,35700000,50,,723787
1273,2026-09-17T12:39:46,2026-09-17T08:35:06,Chaos Core,714000,79968000,112,,723787
1274,2026-09-17T12:40:46,2026-09-17T08:35:06,Chaos Core,714000,98532000,138,,723786
1275,2026-09-17T12:43:26,2026-09-17T08:35:06,Chaos Core,714000,12852000,18,,723785
1276,2026-09-17T12:43:33,2026-09-17T08:35:06,Chaos Core,714000,14994000,21,,723785
1277,2026-09-17T12:43:41,2026-09-17T08:35:06,Chaos Core,715000,72930000,102,,723785
1278,2026-09-17T12:58:37,2026-09-17T08:35:06,Force Core Set (High) X 78,197350,15393300,78,,210890
1279,2026-09-17T12:58:40,2026-09-17T08:35:06,Force Core Set (High) X 80,197350,15788000,80,,210890
1280,2026-09-17T12:58:42,2026-09-17T08:35:06,Force Core Set (High) X 164,197350,32365400,164,,210890
1281,2026-09-17T12:59:32,2026-09-17T08:35:06,Upgrade Core Set (Ultimate) X 2,468750,46875000,100,,480000
1282,2026-09-17T12:59:35,2026-09-17T08:35:06,Upgrade Core Set (Ultimate) X 2,468750,937500,2,,480000
1283,2026-09-17T12:59:37,2026-09-17T08:35:06,Upgrade Core Set (Ultimate) X 2,468750,937500,2,,480000
1284,2026-09-17T12:59:40,2026-09-17T08:35:06,Upgrade Core Set (Ultimate) X 19,468750,8906250,19,,480000
1285,2026-09-17T12:59:43,2026-09-17T08:35:06,Upgrade Core Set (Ultimate) X 97,468750,45468750,97,,480000
1286,2026-09-17T13:05:23,2026-09-17T08:35:06,Force Core Set (High) X 16,197358,3157728,16,,210886
1287,2026-09-17T13:05:25,2026-09-17T08:35:06,Force Core Set (High) X 25,197358,4933970,25,,210886
1288,2026-09-17T13:05:30,2026-09-17T08:35:06,Force Core Set (High) X 1,197359,986795,5,,210886
1289,2026-09-17T13:06:04,2026-09-17T08:35:06,Force Core Set (High) X 1,197359,4144539,21,,210888
1290,2026-09-17T13:06:09,2026-09-17T08:35:06,Force Core Set (High) X 1,197359,3749821,19,,210888
1291,2026-09-17T13:21:20,2026-09-17T13:14:04,Upgrade Core Set (Ultimate) X 43,433931,18659033,43,,479985
1292,2026-09-17T13:21:23,2026-09-17T13:14:04,Upgrade Core Set (Ultimate) X 58,433931,25167998,58,,479985
1293,2026-09-17T13:21:26,2026-09-17T13:14:04,Upgrade Core Set (Ultimate) X 88,433931,38185928,88,,479985
1294,2026-09-17T13:21:28,2026-09-17T13:14:04,Upgrade Core Set (Ultimate) X 123,433931,53373513,123,,479985
1295,2026-09-17T13:47:43,2026-09-17T13:39:15,Epic Booster (Highest),46250000,46250000,1,,
1296,2026-09-17T13:48:54,2026-09-17T13:39:15,Epic Booster (Highest),46250000,138750000,3,,
1297,2026-09-17T14:04:05,2026-09-17T13:53:04,Force Core Set (Ultimate) X 1,397000,14292000,36,,455066
1298,2026-09-17T14:04:09,2026-09-17T13:53:04,Force Core Set (Ultimate) X 1,397000,13895000,35,,455066
1299,2026-09-17T14:04:11,2026-09-17T13:53:04,Force Core Set (Ultimate) X 1,397000,397000,1,,455066
1300,2026-09-17T14:04:14,2026-09-17T13:53:04,Force Core Set (Ultimate) X 1,397000,397000,1,,455066
1301,2026-09-17T14:04:18,2026-09-17T13:53:04,Force Core Set (Ultimate) X 2,397000,39700000,100,,455066
1302,2026-09-17T14:09:45,2026-09-17T13:53:04,Chaos Core Set X 6,700000,4200000,6,,723709
1303,2026-09-17T14:15:21,2026-09-17T13:53:04,Force Core Set (High) X 1,194999,3314983,17,,210849
1304,2026-09-17T14:15:23,2026-09-17T13:53:04,Force Core Set (High) X 7,194999,1364993,7,,210849
1305,2026-09-17T14:15:26,2026-09-17T13:53:04,Force Core Set (High) X 10,194999,1949999,10,,210849
1306,2026-09-17T14:15:29,2026-09-17T13:53:04,Force Core Set (High) X 12,194999,2339988,12,,210849
1307,2026-09-17T14:15:31,2026-09-17T13:53:04,Force Core Set (High) X 257,194999,50114743,257,,210849
1308,2026-09-17T14:38:28,2026-09-17T13:53:04,Force Gem Package,185000000,185000000,1,,
1309,2026-09-17T14:48:36,2026-09-17T13:53:04,Chaos Core,704223,18309798,26,,723686
1310,2026-09-17T14:48:43,2026-09-17T13:53:04,Chaos Core,704223,38732265,55,,723686
1311,2026-09-17T14:48:51,2026-09-17T13:53:04,Chaos Core,704223,32394258,46,,723686
1312,2026-09-17T14:50:16,2026-09-17T13:53:04,Chaos Core,710000,9940000,14,,723686
1313,2026-09-17T14:51:37,2026-09-17T13:53:04,Chaos Core,704223,14788683,21,,723686
1314,2026-09-17T15:03:24,2026-09-17T13:53:04,Chaos Core,704223,83098314,118,,723674
1315,2026-09-17T15:03:31,2026-09-17T13:53:04,Chaos Core,704223,24647805,35,,723674
1316,2026-09-17T15:45:01,2026-09-17T13:53:04,Chaos Core,704220,97182360,138,,723636
1317,2026-09-17T15:52:01,2026-09-17T13:53:04,Force Core Set (High) X 4,197358,789432,4,,220000
1318,2026-09-17T15:52:05,2026-09-17T13:53:04,Force Core Set (High) X 10,197358,19735800,100,,220000
1319,2026-09-17T15:52:08,2026-09-17T13:53:04,Force Core Set (High) X 34,197358,6710172,34,,220000
1320,2026-09-17T15:52:10,2026-09-17T13:53:04,Force Core Set (High) X 37,197358,7302246,37,,220000
1321,2026-09-17T15:52:13,2026-09-17T13:53:04,Force Core Set (High) X 39,197358,7696962,39,,220000
1322,2026-09-17T16:35:21,2026-09-17T13:53:04,Force Core Set (High) X 1,196611,22020432,112,,219998
1323,2026-09-17T16:35:24,2026-09-17T13:53:04,Force Core Set (High) X 4,196611,786444,4,,219998
1324,2026-09-17T16:35:28,2026-09-17T13:53:04,Force Core Set (High) X 1,197358,16578072,84,,219998
1325,2026-09-17T16:41:12,2026-09-17T13:53:04,Force Core Set (High) X 1,197358,5920740,30,,219997
1326,2026-09-17T16:41:15,2026-09-17T13:53:04,Force Core Set (High) X 46,197358,9078468,46,,219997
1327,2026-09-17T16:41:18,2026-09-17T13:53:04,Force Core Set (High) X 53,197358,10459974,53,,219997
1328,2026-09-17T16:41:20,2026-09-17T13:53:04,Force Core Set (High) X 66,197358,13025628,66,,219997
1329,2026-09-17T16:41:23,2026-09-17T13:53:04,Force Core Set (High) X 139,197358,27432762,139,,219997
1330,2026-09-17T16:49:38,2026-09-17T13:53:04,Chaos Core,704220,704220,1,,723580
1331,2026-09-17T16:49:50,2026-09-17T13:53:04,Chaos Core,704220,98590800,140,,723580
1332,2026-09-17T16:54:09,2026-09-17T13:53:04,Yekaterina VIP Membership,111000000,111000000,1,,
1333,2026-09-17T17:06:14,2026-09-17T13:53:04,Force Gem Package,185000000,185000000,1,,
1334,2026-09-17T18:00:36,2026-09-17T13:53:04,Chaos Core,700000,11200000,16,,723466
1335,2026-09-17T18:00:43,2026-09-17T13:53:04,Chaos Core,700000,3500000,5,,723466
1336,2026-09-17T18:01:04,2026-09-17T13:53:04,Chaos Core,700000,5600000,8,,723466
1337,2026-09-17T18:01:13,2026-09-17T13:53:04,Chaos Core,700000,18200000,26,,723466
1338,2026-09-17T18:01:22,2026-09-17T13:53:04,Chaos Core,700000,2100000,3,,723466
1339,2026-09-17T18:01:33,2026-09-17T13:53:04,Chaos Core,700000,3500000,5,,723466
1340,2026-09-17T18:01:46,2026-09-17T13:53:04,Chaos Core,700000,700000,1,,723466
1341,2026-09-17T18:02:00,2026-09-17T13:53:04,Chaos Core,704220,11971740,17,,723466
1342,2026-09-17T18:02:16,2026-09-17T13:53:04,Chaos Core,704220,44365860,63,,723466
1343,2026-09-17T18:04:39,2026-09-17T13:53:04,Chaos Core,704220,1408440,2,,723463
1344,2026-09-17T18:04:58,2026-09-17T13:53:04,Chaos Core,704220,6337980,9,,723463
1345,2026-09-17T18:05:16,2026-09-17T13:53:04,Chaos Core,704220,2816880,4,,723463
1346,2026-09-17T18:05:49,2026-09-17T13:53:04,Chaos Core,700000,21700000,31,,723463
1347,2026-09-17T18:06:11,2026-09-17T13:53:04,Chaos Core,704220,3521100,5,,723463
1348,2026-09-17T18:06:32,2026-09-17T13:53:04,Chaos Core,704220,704220,1,,723463
1349,2026-09-17T18:06:56,2026-09-17T13:53:04,Chaos Core,704220,9859080,14,,723463
1350,2026-09-17T18:07:14,2026-09-17T13:53:04,Chaos Core,704220,9859080,14,,723463
1351,2026-09-17T18:07:29,2026-09-17T13:53:04,Chaos Core,704220,2816880,4,,723463
1352,2026-09-17T18:07:34,2026-09-17T13:53:04,Chaos Core,702999,5623992,8,,723463
1353,2026-09-17T18:08:18,2026-09-17T13:53:04,Chaos Core,704220,23943480,34,,723463
1354,2026-09-17T18:08:37,2026-09-17T13:53:04,Chaos Core,704220,23239260,33,,723463
1355,2026-09-17T18:22:59,2026-09-17T13:53:04,Epic Booster (Highest),46250000,185000000,4,,
1356,2026-09-17T18:33:06,2026-09-17T13:53:04,Force Core Set (Ultimate) X 1,384615,384615,1,,455014
1357,2026-09-17T18:33:09,2026-09-17T13:53:04,Force Core Set (Ultimate) X 4,384615,1538460,4,,455014
1358,2026-09-17T18:33:12,2026-09-17T13:53:04,Force Core Set (Ultimate) X 4,384615,1538460,4,,455014
1359,2026-09-17T18:33:16,2026-09-17T13:53:04,Force Core Set (Ultimate) X 10,384615,30769200,80,,455014
1360,2026-09-17T18:33:19,2026-09-17T13:53:04,Force Core Set (Ultimate) X 20,384615,7692300,20,,455014
1361,2026-09-17T19:26:42,2026-09-17T19:24:35,Chaos Core,717178,98970564,138,,723408
1362,2026-09-17T19:27:32,2026-09-17T19:24:35,Chaos Core,717178,79606758,111,,723408
1363,2026-09-17T19:27:36,2026-09-17T19:24:35,Chaos Core,717178,32273010,45,,723408
1364,2026-09-17T19:39:13,2026-09-17T19:24:35,Force Core Set (Highest) X 16,193536,3096576,16,,239963
1365,2026-09-17T19:39:16,2026-09-17T19:24:35,Force Core Set (Highest) X 2,193537,387074,2,,239963
1366,2026-09-17T19:39:18,2026-09-17T19:24:35,Force Core Set (Highest) X 10,204495,2044950,10,,239963
1367,2026-09-17T19:39:21,2026-09-17T19:24:35,Force Core Set (Highest) X 25,204495,5112375,25,,239963
1368,2026-09-17T19:39:24,2026-09-17T19:24:35,Force Core Set (Highest) X 34,204495,6952830,34,,239963
1369,2026-09-17T19:39:51,2026-09-17T19:24:35,Force Core Set (Ultimate) X 1,384615,384615,1,,455006
1370,2026-09-17T19:39:55,2026-09-17T19:24:35,Force Core Set (Ultimate) X 16,384615,6153840,16,,455006
1371,2026-09-17T19:39:58,2026-09-17T19:24:35,Force Core Set (Ultimate) X 23,384615,8846145,23,,455006
1372,2026-09-17T19:40:01,2026-09-17T19:24:35,Force Core Set (Ultimate) X 28,384615,10769220,28,,455006
1373,2026-09-17T19:40:03,2026-09-17T19:24:35,Force Core Set (Ultimate) X 29,384615,11153835,29,,455006
1374,2026-09-17T19:44:44,2026-09-17T19:24:35,Upgrade Core Set (Ultimate) X 83,361445,30000000,83,,463333
1375,2026-09-17T20:05:44,2026-09-17T19:24:35,Chaos Core,717000,68115000,95,,723380
1376,2026-09-17T20:05:51,2026-09-17T19:24:35,Chaos Core,717000,38001000,53,,723380
1377,2026-09-17T20:05:58,2026-09-17T19:24:35,Chaos Core,717000,1434000,2,,723380
1378,2026-09-17T20:24:35,2026-09-17T19:24:35,Force Core Set (Ultimate) X 15,384615,5769225,15,,455007
1379,2026-09-17T20:24:38,2026-09-17T19:24:35,Force Core Set (Ultimate) X 51,384615,19615365,51,,455007
1380,2026-09-17T20:24:41,2026-09-17T19:24:35,Force Core Set (Ultimate) X 57,384615,21923055,57,,455007
1381,2026-09-17T20:24:44,2026-09-17T19:24:35,Force Core Set (Ultimate) X 71,384615,27307665,71,,455007
1382,2026-09-17T20:24:47,2026-09-17T19:24:35,Force Core Set (Ultimate) X 107,384615,41153805,107,,455007
1383,2026-09-17T20:44:23,2026-09-17T19:24:35,Chaos Core,710000,14910000,21,,723353
1384,2026-09-17T20:49:45,2026-09-17T19:24:35,Chaos Core,710000,26980000,38,,723349
1385,2026-09-17T20:49:51,2026-09-17T19:24:35,Chaos Core,710000,35500000,50,,723349
1386,2026-09-17T20:49:59,2026-09-17T19:24:35,Chaos Core,710000,33370000,47,,723349
1387,2026-09-17T21:05:58,2026-09-17T19:24:35,Yekaterina VIP Membership,111000000,111000000,1,,
1388,2026-09-17T23:15:26,2026-09-17T23:11:33,Force Core Set (High) X 100,196611,19661100,100,,218997
1389,2026-09-17T23:15:29,2026-09-17T23:11:33,Force Core Set (High) X 100,196611,19661100,100,,218997
1390,2026-09-17T23:16:02,2026-09-17T23:11:33,Force Core Set (High) X 127,196611,24969597,127,,218997
1391,2026-09-17T23:16:05,2026-09-17T23:11:33,Force Core Set (High) X 158,196611,31064538,158,,218997
1392,2026-09-17T23:16:58,2026-09-17T23:11:33,Force Core Set (Highest) X 1,203450,2848300,14,,238997
1393,2026-09-17T23:17:01,2026-09-17T23:11:33,Force Core Set (Highest) X 32,203450,6510400,32,,238997
1394,2026-09-17T23:17:04,2026-09-17T23:11:33,Force Core Set (Highest) X 36,203450,7324200,36,,238997
1395,2026-09-17T23:17:07,2026-09-17T23:11:33,Force Core Set (Highest) X 39,203450,7934550,39,,238997
1396,2026-09-17T23:17:10,2026-09-17T23:11:33,Force Core Set (Highest) X 51,203450,10375950,51,,238997
1397,2026-09-17T23:17:43,2026-09-17T23:11:33,Force Core Set (Highest) X 58,203450,11800100,58,,238995
1398,2026-09-17T23:17:46,2026-09-17T23:11:33,Force Core Set (Highest) X 63,203450,12817350,63,,238995
1399,2026-09-17T23:17:49,2026-09-17T23:11:33,Force Core Set (Highest) X 64,203450,13020800,64,,238995
1400,2026-09-17T23:17:52,2026-09-17T23:11:33,Force Core Set (Highest) X 86,203450,17496700,86,,238995
1401,2026-09-17T23:24:19,2026-09-17T23:11:33,Upgrade Core Set (Ultimate) X 100,479994,95998800,200,,498392
1402,2026-09-17T23:28:57,2026-09-17T23:11:33,Chaos Core,708800,708800,1,,723257
1403,2026-09-17T23:29:27,2026-09-17T23:11:33,Chaos Core,715000,1430000,2,,723257
1404,2026-09-17T23:31:29,2026-09-17T23:11:33,Upgrade Core Set (Ultimate) X 40,479994,19199760,40,,498388
1405,2026-09-17T23:31:34,2026-09-17T23:11:33,Upgrade Core Set (Ultimate) X 100,479994,95998800,200,,498388
1406,2026-09-17T23:32:06,2026-09-17T23:11:33,Force Core Set (Ultimate) X 5,397000,9925000,25,,454950
1407,2026-09-17T23:32:10,2026-09-17T23:11:33,Force Core Set (Ultimate) X 5,397000,1985000,5,,454950
1408,2026-09-17T23:36:53,2026-09-17T23:11:33,Chaos Core,715000,19305000,27,,723252
1409,2026-09-17T23:37:05,2026-09-17T23:11:33,Chaos Core,715000,5005000,7,,723252
1410,2026-09-17T23:37:19,2026-09-17T23:11:33,Chaos Core,715595,74421880,104,,723252
1411,2026-09-17T23:39:23,2026-09-17T23:11:33,Force Core Set (Ultimate) X 10,397000,3970000,10,,454947
1412,2026-09-17T23:39:27,2026-09-17T23:11:33,Force Core Set (Ultimate) X 10,397000,3970000,10,,454947
1413,2026-09-17T23:41:53,2026-09-17T23:11:33,Chaos Core,715000,72215000,101,,723250
1414,2026-09-17T23:42:02,2026-09-17T23:11:33,Chaos Core,715000,37180000,52,,723250
1415,2026-09-17T23:44:52,2026-09-17T23:11:33,Chaos Core,715000,4290000,6,,723247
1416,2026-09-17T23:45:00,2026-09-17T23:11:33,Chaos Core,715000,98670000,138,,723247
1417,2026-09-17T23:51:13,2026-09-17T23:11:33,Chaos Core,715000,107250000,150,,723242
1418,2026-09-17T23:55:39,2026-09-17T23:11:33,Chaos Core,715000,7865000,11,,723239
1419,2026-09-17T23:55:52,2026-09-17T23:11:33,Chaos Core,715000,33605000,47,,723239
1420,2026-09-17T23:56:06,2026-09-17T23:11:33,Chaos Core,715000,57915000,81,,723239
1421,2026-09-17T23:56:20,2026-09-17T23:11:33,Chaos Core,715000,10010000,14,,723239
1422,2026-09-18T00:00:51,2026-09-17T23:11:33,Force Core Set (Ultimate) X 22,397000,8734000,22,,454939
1423,2026-09-18T00:00:57,2026-09-17T23:11:33,Force Core Set (Ultimate) X 23,397000,9131000,23,,454939
1424,2026-09-18T00:19:35,2026-09-17T23:11:33,Chaos Core,714000,96390000,135,,723212
1425,2026-09-18T00:22:00,2026-09-17T23:11:33,Chaos Core,714000,81396000,114,,723210
1426,2026-09-18T00:22:07,2026-09-17T23:11:33,Chaos Core,714000,27846000,39,,723210
1427,2026-09-18T00:24:27,2026-09-17T23:11:33,Chaos Core,710000,61060000,86,,723209
1428,2026-09-18T00:24:40,2026-09-17T23:11:33,Chaos Core,714000,714000,1,,723209
1429,2026-09-18T00:42:05,2026-09-18T00:39:37,Force Core Set (High) X 5,196611,983055,5,,218954
1430,2026-09-18T00:42:08,2026-09-18T00:39:37,Force Core Set (High) X 18,196611,3538998,18,,218954
1431,2026-09-18T00:42:11,2026-09-18T00:39:37,Force Core Set (High) X 56,196611,11010216,56,,218954
1432,2026-09-18T00:42:14,2026-09-18T00:39:37,Force Core Set (High) X 97,196611,19071267,97,,218954
1433,2026-09-18T00:42:17,2026-09-18T00:39:37,Force Core Set (High) X 100,196611,19661100,100,,218954
1434,2026-09-18T00:43:10,2026-09-18T00:39:37,Force Core Set (Highest) X 1,200892,6026760,30,,208970
1435,2026-09-18T00:43:13,2026-09-18T00:39:37,Force Core Set (Highest) X 2,200892,401784,2,,208970
1436,2026-09-18T00:43:16,2026-09-18T00:39:37,Force Core Set (Highest) X 43,200892,8638356,43,,208970
1437,2026-09-18T00:43:19,2026-09-18T00:39:37,Force Core Set (Highest) X 100,200892,20089200,100,,208970
1438,2026-09-18T00:43:22,2026-09-18T00:39:37,Force Core Set (Highest) X 27,203450,5493150,27,,208970
1439,2026-09-18T00:43:55,2026-09-18T00:39:37,Upgrade Core Set (Ultimate) X 1,479994,479994,1,,498364
1440,2026-09-18T00:43:58,2026-09-18T00:39:37,Upgrade Core Set (Ultimate) X 31,479994,14879814,31,,498364
1441,2026-09-18T00:44:01,2026-09-18T00:39:37,Upgrade Core Set (Ultimate) X 94,479994,45119436,94,,498364
1442,2026-09-18T00:44:04,2026-09-18T00:39:37,Upgrade Core Set (Ultimate) X 184,479994,88318896,184,,498364
1443,2026-09-18T00:44:55,2026-09-18T00:39:37,Force Core Set (Ultimate) X 92,380434,34999999,92,,422222
1444,2026-09-18T00:44:58,2026-09-18T00:39:37,Force Core Set (Ultimate) X 1,384615,384615,1,,422222
1445,2026-09-18T00:45:01,2026-09-18T00:39:37,Force Core Set (Ultimate) X 33,384615,12692295,33,,422222
1446,2026-09-18T00:45:04,2026-09-18T00:39:37,Force Core Set (Ultimate) X 70,384615,26923050,70,,422222
1447,2026-09-18T00:47:31,2026-09-18T00:39:37,Chaos Core,714000,18564000,26,,723206
1448,2026-09-18T00:47:40,2026-09-18T00:39:37,Chaos Core,714000,86394000,121,,723206
1449,2026-09-18T00:51:44,2026-09-18T00:39:37,Force Core Set (Highest) X 13,203450,2644850,13,,208968
1450,2026-09-18T00:51:47,2026-09-18T00:39:37,Force Core Set (Highest) X 70,203450,14241500,70,,208968
1451,2026-09-18T00:51:50,2026-09-18T00:39:37,Force Core Set (Highest) X 90,203450,18310500,90,,208968
1452,2026-09-18T00:51:53,2026-09-18T00:39:37,Force Core Set (Highest) X 128,203450,26041600,128,,208968
1453,2026-09-18T01:14:27,2026-09-18T00:39:37,Force Core Set (Highest) X 1,203450,22989850,113,,208955
1454,2026-09-18T01:14:30,2026-09-18T00:39:37,Force Core Set (Highest) X 29,203450,5900050,29,,208955
1455,2026-09-18T01:14:33,2026-09-18T00:39:37,Force Core Set (Highest) X 40,203450,8138000,40,,208955
1456,2026-09-18T01:14:36,2026-09-18T00:39:37,Force Core Set (Highest) X 171,203450,34789950,171,,208955
1457,2026-09-18T01:24:23,2026-09-18T00:39:37,Force Gem Package,188500000,188500000,1,,
1458,2026-09-18T01:36:48,2026-09-18T00:39:37,Force Gem Package,188500000,188500000,1,,
1459,2026-09-18T01:50:39,2026-09-18T00:39:37,Chaos Core,717000,2868000,4,,723185
1460,2026-09-18T01:50:47,2026-09-18T00:39:37,Chaos Core,717000,11472000,16,,723185
1461,2026-09-18T01:50:56,2026-09-18T00:39:37,Chaos Core,717000,717000,1,,723185
1462,2026-09-18T01:57:31,2026-09-18T00:39:37,Chaos Core,717000,83172000,116,,723185
1463,2026-09-18T01:57:38,2026-09-18T00:39:37,Chaos Core,717000,24378000,34,,723185
1464,2026-09-18T01:58:29,2026-09-18T00:39:37,Chaos Core,717000,5736000,8,,723183
1465,2026-09-18T01:58:53,2026-09-18T00:39:37,Chaos Core,717000,32265000,45,,723183
1466,2026-09-18T01:59:03,2026-09-18T00:39:37,Chaos Core,717000,80304000,112,,723183
1467,2026-09-18T02:00:55,2026-09-18T00:39:37,Chaos Core,717000,103248000,144,,723177
1468,2026-09-18T02:06:38,2026-09-18T00:39:37,Chaos Core,717000,67398000,94,,723176
1469,2026-09-18T02:07:58,2026-09-18T00:39:37,Chaos Core,717000,20793000,29,,723176
1470,2026-09-18T02:26:16,2026-09-18T00:39:37,Chaos Core,717178,71000622,99,,723163
1471,2026-09-18T02:26:23,2026-09-18T00:39:37,Chaos Core,717178,36576078,51,,723163
1472,2026-09-18T02:32:48,2026-09-18T00:39:37,Upgrade Core Set (Ultimate) X 52,432126,22470552,52,,498305
1473,2026-09-18T02:32:53,2026-09-18T00:39:37,Upgrade Core Set (Ultimate) X 138,435131,60048078,138,,498305
1474,2026-09-18T03:05:13,2026-09-18T00:39:37,Epic Booster (Highest),47125000,188500000,4,,
1475,2026-09-18T03:09:01,2026-09-18T00:39:37,Force Core Set (Ultimate) X 1,384614,4615368,12,,422222
1476,2026-09-18T03:09:04,2026-09-18T00:39:37,Force Core Set (Ultimate) X 1,384614,384614,1,,422222
1477,2026-09-18T03:09:07,2026-09-18T00:39:37,Force Core Set (Ultimate) X 3,384614,1153842,3,,422222
1478,2026-09-18T03:09:10,2026-09-18T00:39:37,Force Core Set (Ultimate) X 5,384614,1923070,5,,422222
1479,2026-09-18T03:09:14,2026-09-18T00:39:37,Force Core Set (Ultimate) X 10,384614,69230520,180,,422222
1480,2026-09-18T03:09:49,2026-09-18T00:39:37,Force Core Set (Ultimate) X 10,384614,11538420,30,,455121
1481,2026-09-18T03:09:53,2026-09-18T00:39:37,Force Core Set (Ultimate) X 8,384615,3076920,8,,455121
1482,2026-09-18T03:09:57,2026-09-18T00:39:37,Force Core Set (Ultimate) X 8,384615,3076920,8,,455121
1483,2026-09-18T03:22:50,2026-09-18T00:39:37,Chaos Core,717178,10757670,15,,723156
1484,2026-09-18T03:23:35,2026-09-18T00:39:37,Chaos Core,717178,105425166,147,,723156
1485,2026-09-18T03:51:31,2026-09-18T00:39:37,Upgrade Core Set (Ultimate) X 29,479994,13919826,29,,494972
1486,2026-09-18T04:08:42,2026-09-18T00:39:37,Upgrade Core Set (Ultimate) X 3,435131,1305393,3,,494969
1487,2026-09-18T04:08:45,2026-09-18T00:39:37,Upgrade Core Set (Ultimate) X 5,435131,2175655,5,,494969
1488,2026-09-18T04:08:48,2026-09-18T00:39:37,Upgrade Core Set (Ultimate) X 20,479994,9599880,20,,494969
1489,2026-09-18T04:08:51,2026-09-18T00:39:37,Upgrade Core Set (Ultimate) X 127,479994,60959238,127,,494969
1490,2026-09-18T04:13:27,2026-09-18T00:39:37,Upgrade Core Set (Ultimate) X 14,479994,6719916,14,,494968
1491,2026-09-18T04:19:21,2026-09-18T00:39:37,Force Gem Package,188936454,188936454,1,,
1492,2026-09-18T04:50:24,2026-09-18T00:39:37,Force Core Set (High) X 1,180000,180000,1,,214961
1493,2026-09-18T04:50:39,2026-09-18T00:39:37,Force Core Set (High) X 9,196078,1764702,9,,214961
1494,2026-09-18T04:50:44,2026-09-18T00:39:37,Force Core Set (High) X 1,196609,4128789,21,,214961
1495,2026-09-18T04:51:01,2026-09-18T00:39:37,Force Core Set (High) X 5,197359,2960385,15,,214961
1496,2026-09-18T04:51:05,2026-09-18T00:39:37,Force Core Set (High) X 11,197359,2170949,11,,214961
1497,2026-09-18T04:51:35,2026-09-18T00:39:37,Force Core Set (Ultimate) X 1,397000,7940000,20,,455073
1498,2026-09-18T04:51:39,2026-09-18T00:39:37,Force Core Set (Ultimate) X 1,397000,1985000,5,,455073
1499,2026-09-18T04:51:42,2026-09-18T00:39:37,Force Core Set (Ultimate) X 6,397000,2382000,6,,455073
1500,2026-09-18T04:51:45,2026-09-18T00:39:37,Force Core Set (Ultimate) X 9,397000,3573000,9,,455073
1501,2026-09-18T04:51:48,2026-09-18T00:39:37,Force Core Set (Ultimate) X 9,397000,3573000,9,,455073
1502,2026-09-18T04:53:26,2026-09-18T00:39:37,Epic Booster (Highest),47125000,188500000,4,,
1503,2026-09-18T05:07:25,2026-09-18T05:05:18,Force Core Set (Ultimate) X 13,396999,5160999,13,,455110
1504,2026-09-18T05:07:28,2026-09-18T05:05:18,Force Core Set (Ultimate) X 45,396999,17864955,45,,455110
1505,2026-09-18T05:07:32,2026-09-18T05:05:18,Force Core Set (Ultimate) X 10,397000,11910000,30,,455110
1506,2026-09-18T05:07:35,2026-09-18T05:05:18,Force Core Set (Ultimate) X 12,397000,4764000,12,,455110
1507,2026-09-18T05:07:38,2026-09-18T05:05:18,Force Core Set (Ultimate) X 14,397000,5558000,14,,455110
1508,2026-09-18T05:08:13,2026-09-18T05:05:18,Force Core Set (Ultimate) X 15,397000,5955000,15,,455109
1509,2026-09-18T05:08:16,2026-09-18T05:05:18,Force Core Set (Ultimate) X 32,397000,12704000,32,,455109
1510,2026-09-18T05:08:19,2026-09-18T05:05:18,Force Core Set (Ultimate) X 32,397000,12704000,32,,455109
1511,2026-09-18T05:08:21,2026-09-18T05:05:18,Force Core Set (Ultimate) X 33,397000,13101000,33,,455109
1512,2026-09-18T05:08:24,2026-09-18T05:05:18,Force Core Set (Ultimate) X 38,397000,15086000,38,,455109
1513,2026-09-18T05:25:03,2026-09-18T05:05:18,Upgrade Core Set (Ultimate) X 20,479995,9599900,20,,494940
1514,2026-09-18T05:29:34,2026-09-18T05:05:18,Force Core Set (High) X 1,196611,19661100,100,,214944
1515,2026-09-18T05:29:37,2026-09-18T05:05:18,Force Core Set (High) X 112,196611,22020432,112,,214944
1516,2026-09-18T05:34:09,2026-09-18T05:05:18,Force Core Set (High) X 5,197340,39468000,200,,214941
1517,2026-09-18T05:38:18,2026-09-18T05:05:18,Force Core Set (High) X 5,197340,2960100,15,,214941
1518,2026-09-18T05:38:22,2026-09-18T05:05:18,Force Core Set (High) X 16,197340,3157440,16,,214941
1519,2026-09-18T05:38:57,2026-09-18T05:05:18,Force Core Set (High) X 18,197340,3552120,18,,214941
1520,2026-09-18T05:39:01,2026-09-18T05:05:18,Force Core Set (High) X 215,197340,42428100,215,,214941
1521,2026-09-18T05:43:17,2026-09-18T05:05:18,Chaos Core,710000,100110000,141,,716000
1522,2026-09-18T05:44:08,2026-09-18T05:05:18,Chaos Core,710000,56800000,80,,716000
1523,2026-09-18T05:44:15,2026-09-18T05:05:18,Chaos Core,710000,43310000,61,,716000
1524,2026-09-18T05:45:07,2026-09-18T05:05:18,Chaos Core,710000,34080000,48,,715999
1525,2026-09-18T05:45:13,2026-09-18T05:05:18,Chaos Core,710000,63190000,89,,715999
1526,2026-09-18T05:45:20,2026-09-18T05:05:18,Chaos Core,710000,9230000,13,,715999
1527,2026-09-18T05:46:07,2026-09-18T05:05:18,Upgrade Core Set (Ultimate) X 278,479995,133438610,278,,499999
1528,2026-09-18T06:00:59,2026-09-18T05:05:18,Chaos Core,705000,62040000,88,,715988
1529,2026-09-18T06:01:04,2026-09-18T05:05:18,Chaos Core,705000,39480000,56,,715988
1530,2026-09-18T06:02:08,2026-09-18T05:05:18,Chaos Core,705000,27495000,39,,715987
1531,2026-09-18T06:02:13,2026-09-18T05:05:18,Chaos Core,705000,31020000,44,,715987
1532,2026-09-18T06:03:35,2026-09-18T05:05:18,Chaos Core,705000,3525000,5,,715987
1533,2026-09-18T06:03:44,2026-09-18T05:05:18,Chaos Core,705000,4935000,7,,715987
1534,2026-09-18T06:04:03,2026-09-18T05:05:18,Chaos Core,705000,31725000,45,,715987
1535,2026-09-18T06:04:24,2026-09-18T05:05:18,Chaos Core,710000,710000,1,,715987
1536,2026-09-18T06:05:20,2026-09-18T05:05:18,Force Core Set (High) X 1,193333,38666600,200,,214942
1537,2026-09-18T06:07:06,2026-09-18T05:05:18,Force Core Set (High) X 1,193333,9666650,50,,214942
1538,2026-09-18T06:07:11,2026-09-18T05:05:18,Force Core Set (High) X 1,193333,28999950,150,,214942
1539,2026-09-18T06:08:34,2026-09-18T05:05:18,Yekaterina VIP Membership,113099998,113099998,1,,
1540,2026-09-18T06:11:38,2026-09-18T05:05:18,Chaos Core,710000,710000,1,,716000
1541,2026-09-18T06:11:46,2026-09-18T05:05:18,Chaos Core,710000,2130000,3,,716000
1542,2026-09-18T06:11:55,2026-09-18T05:05:18,Chaos Core,710000,4260000,6,,716000
1543,2026-09-18T06:12:06,2026-09-18T05:05:18,Chaos Core,710000,3550000,5,,716000
1544,2026-09-18T06:12:11,2026-09-18T05:05:18,Chaos Core,710000,106500000,150,,716000
1545,2026-09-18T06:19:34,2026-09-18T05:05:18,Yekaterina VIP Membership,113361872,113361872,1,,
1546,2026-09-18T07:25:25,2026-09-18T07:22:38,Force Core Set (High) X 10,193329,11599740,60,,214929
1547,2026-09-18T07:25:29,2026-09-18T07:22:38,Force Core Set (High) X 10,193329,13533030,70,,214929
1548,2026-09-18T07:25:33,2026-09-18T07:22:38,Force Core Set (High) X 10,193329,13533030,70,,214929
1549,2026-09-18T07:26:03,2026-09-18T07:22:38,Upgrade Core Set (Ultimate) X 1,479995,479995,1,,499981
1550,2026-09-18T07:26:06,2026-09-18T07:22:38,Upgrade Core Set (Ultimate) X 2,479995,959990,2,,499981
1551,2026-09-18T07:26:09,2026-09-18T07:22:38,Upgrade Core Set (Ultimate) X 7,479995,3359965,7,,499981
1552,2026-09-18T07:26:12,2026-09-18T07:22:38,Upgrade Core Set (Ultimate) X 38,479995,18239810,38,,499981
1553,2026-09-18T07:27:44,2026-09-18T07:22:38,Siena's Unbinding Stone,75574581,75574581,1,,
1554,2026-09-18T07:35:00,2026-09-18T07:22:38,Force Core Set (Ultimate) X 2,397000,794000,2,,455110
1555,2026-09-18T07:35:05,2026-09-18T07:22:38,Force Core Set (Ultimate) X 5,397000,45655000,115,,455110
1556,2026-09-18T07:35:08,2026-09-18T07:22:38,Force Core Set (Ultimate) X 11,397000,4367000,11,,455110
1557,2026-09-18T07:35:11,2026-09-18T07:22:38,Force Core Set (Ultimate) X 18,397000,7146000,18,,455110
1558,2026-09-18T07:35:15,2026-09-18T07:22:38,Force Core Set (Ultimate) X 36,397000,14292000,36,,455110
1559,2026-09-18T07:39:56,2026-09-18T07:22:38,Force Core Set (High) X 10,193329,38665800,200,,214925
1560,2026-09-18T07:40:33,2026-09-18T07:22:38,Force Core Set (Ultimate) X 34,397000,13498000,34,,455109
1561,2026-09-18T07:40:36,2026-09-18T07:22:38,Force Core Set (Ultimate) X 37,397000,14689000,37,,455109
1562,2026-09-18T07:40:39,2026-09-18T07:22:38,Force Core Set (Ultimate) X 106,397000,42082000,106,,455109
1563,2026-09-18T07:40:42,2026-09-18T07:22:38,Force Core Set (Ultimate) X 163,397000,64711000,163,,455109
1564,2026-09-18T09:27:42,2026-09-18T09:25:04,Chaos Core,713000,28520000,40,,723321
1565,2026-09-18T09:27:47,2026-09-18T09:25:04,Chaos Core,713000,57040000,80,,723321
1566,2026-09-18T09:27:56,2026-09-18T09:25:04,Chaos Core,713000,10695000,15,,723321
1567,2026-09-18T09:28:06,2026-09-18T09:25:04,Chaos Core,713000,8556000,12,,723321
1568,2026-09-18T09:29:01,2026-09-18T09:25:04,Chaos Core,713000,70587000,99,,723320
1569,2026-09-18T09:29:12,2026-09-18T09:25:04,Chaos Core,713000,40641000,57,,723320
1570,2026-09-18T09:30:12,2026-09-18T09:25:04,Chaos Core,713000,4278000,6,,723319
1571,2026-09-18T09:30:22,2026-09-18T09:25:04,Chaos Core,713000,27807000,39,,723319
1572,2026-09-18T09:30:33,2026-09-18T09:25:04,Chaos Core,713000,62031000,87,,723319
1573,2026-09-18T09:30:45,2026-09-18T09:25:04,Chaos Core,713000,8556000,12,,723319
1574,2026-09-18T09:31:32,2026-09-18T09:25:04,Upgrade Core Set (Ultimate) X 1,478571,478571,1,,499998
1575,2026-09-18T09:31:37,2026-09-18T09:25:04,Upgrade Core Set (Ultimate) X 3,478571,17228556,36,,499998
1576,2026-09-18T09:31:40,2026-09-18T09:25:04,Upgrade Core Set (Ultimate) X 21,478571,10050000,21,,499998
1577,2026-09-18T09:31:43,2026-09-18T09:25:04,Upgrade Core Set (Ultimate) X 22,478571,10528562,22,,499998
1578,2026-09-18T09:31:46,2026-09-18T09:25:04,Upgrade Core Set (Ultimate) X 45,478571,21535695,45,,499998
1579,2026-09-18T09:37:04,2026-09-18T09:25:04,Chaos Core,712999,17824975,25,,723315
1580,2026-09-18T09:37:11,2026-09-18T09:25:04,Chaos Core,712999,39214945,55,,723315
1581,2026-09-18T09:37:20,2026-09-18T09:25:04,Chaos Core,712999,45631936,64,,723315
1582,2026-09-18T09:49:22,2026-09-18T09:41:37,Chaos Core,710000,40470000,57,,723322
1583,2026-09-18T09:49:29,2026-09-18T09:41:37,Chaos Core,710000,11360000,16,,723322
1584,2026-09-18T09:49:38,2026-09-18T09:41:37,Chaos Core,710000,56800000,80,,723322
1585,2026-09-18T09:51:27,2026-09-18T09:41:37,Chaos Core,710000,24140000,34,,723321
1586,2026-09-18T09:52:49,2026-09-18T09:41:37,Chaos Core,710000,51830000,73,,723321
1587,2026-09-18T09:52:57,2026-09-18T09:41:37,Chaos Core,710000,19880000,28,,723321
1588,2026-09-18T09:53:54,2026-09-18T09:41:37,Force Core Set (High) X 4,193287,773148,4,,214924
1589,2026-09-18T09:53:57,2026-09-18T09:41:37,Force Core Set (High) X 13,193287,2512731,13,,214924
1590,2026-09-18T09:54:01,2026-09-18T09:41:37,Force Core Set (High) X 1,193329,193329,1,,214924
1591,2026-09-18T09:54:04,2026-09-18T09:41:37,Force Core Set (High) X 10,193329,1933290,10,,214924
1592,2026-09-18T09:54:07,2026-09-18T09:41:37,Force Core Set (High) X 18,193329,3479922,18,,214924
1593,2026-09-18T09:54:41,2026-09-18T09:41:37,Force Core Set (High) X 18,193329,3479922,18,,214924
1594,2026-09-18T09:54:44,2026-09-18T09:41:37,Force Core Set (High) X 24,193329,4639900,24,,214924
1595,2026-09-18T09:54:49,2026-09-18T09:41:37,Force Core Set (High) X 1,193333,7153321,37,,214924
1596,2026-09-18T09:54:54,2026-09-18T09:41:37,Force Core Set (High) X 1,193333,8699985,45,,214924
1597,2026-09-18T09:54:57,2026-09-18T09:41:37,Force Core Set (High) X 18,193333,3480000,18,,214924
1598,2026-09-18T10:45:57,2026-09-18T10:43:03,Chaos Core,713999,44267938,62,,747994
1599,2026-09-18T10:46:26,2026-09-18T10:43:03,Chaos Core,714000,45696000,64,,747994
1600,2026-09-18T10:46:36,2026-09-18T10:43:03,Chaos Core,714000,8568000,12,,747994
1601,2026-09-18T10:47:29,2026-09-18T10:43:03,Chaos Core,714000,27846000,39,,747992
1602,2026-09-18T10:48:15,2026-09-18T10:43:03,Upgrade Core Set (Ultimate) X 2,435131,870262,2,,499997
1603,2026-09-18T10:53:59,2026-09-18T10:43:03,Force Core Set (Ultimate) X 12,355781,4269372,12,,455101
1604,2026-09-18T10:59:27,2026-09-18T10:43:03,Force Core Set (High) X 20,181818,3636360,20,,219970
1605,2026-09-18T11:00:01,2026-09-18T10:43:03,Force Core Set (High) X 5,196599,982999,5,,219970
1606,2026-09-18T11:00:05,2026-09-18T10:43:03,Force Core Set (High) X 1,196600,3538800,18,,219970
1607,2026-09-18T11:00:35,2026-09-18T10:43:03,Upgrade Core Set (Ultimate) X 5,409090,2045450,5,,499998
1608,2026-09-18T11:06:24,2026-09-18T10:43:03,Force Core Set (High) X 42,196592,8256864,42,,219968
1609,2026-09-18T11:06:58,2026-09-18T10:43:03,Force Core Set (High) X 10,196592,1965920,10,,219968
1610,2026-09-18T11:15:28,2026-09-18T10:43:03,Chaos Core,714000,59976000,84,,730438
1611,2026-09-18T11:15:36,2026-09-18T10:43:03,Chaos Core,714000,42840000,60,,730438
1612,2026-09-18T11:23:29,2026-09-18T10:43:03,Epic Booster (Highest),46875000,187500000,4,,
1613,2026-09-18T11:25:21,2026-09-18T10:43:03,Force Core Set (Ultimate) X 10,355781,71156200,200,,595000
1614,2026-09-18T11:30:45,2026-09-18T10:43:03,Upgrade Core Set (Ultimate) X 60,435131,26107860,60,,599999
1615,2026-09-18T11:31:32,2026-09-18T10:43:03,Force Core Set (Ultimate) X 10,355781,32020290,90,,594999
1616,2026-09-18T11:31:35,2026-09-18T10:43:03,Force Core Set (Ultimate) X 14,355781,4980934,14,,594999
1617,2026-09-18T11:31:39,2026-09-18T10:43:03,Force Core Set (Ultimate) X 94,355781,33443434,94,,594999
1618,2026-09-18T11:31:42,2026-09-18T10:43:03,Force Core Set (Ultimate) X 10,378378,3783780,10,,594999
1619,2026-09-18T11:34:54,2026-09-18T10:43:03,Chaos Core,714000,30702000,43,,730416
1620,2026-09-18T11:35:02,2026-09-18T10:43:03,Chaos Core,714000,67116000,94,,730416
1621,2026-09-18T11:35:10,2026-09-18T10:43:03,Chaos Core,714000,17850000,25,,730416
1622,2026-09-18T11:36:29,2026-09-18T10:43:03,Chaos Core,710000,30530000,43,,730412
1623,2026-09-18T11:36:39,2026-09-18T10:43:03,Chaos Core,714000,41412000,58,,730412
1624,2026-09-18T11:36:50,2026-09-18T10:43:03,Chaos Core,714000,37128000,52,,730412
1625,2026-09-18T12:03:41,2026-09-18T12:00:58,Upgrade Core Set (Ultimate) X 29,435131,12618799,29,,589998
1626,2026-09-18T12:03:46,2026-09-18T12:00:58,Upgrade Core Set (Ultimate) X 100,435131,87026200,200,,589998
1627,2026-09-18T12:44:04,2026-09-18T12:38:50,Chaos Core,713000,54188000,76,,730369
1628,2026-09-18T12:44:11,2026-09-18T12:38:50,Chaos Core,713000,48484000,68,,730369
1629,2026-09-18T12:45:07,2026-09-18T12:38:50,Chaos Core,713000,102672000,144,,730368
1630,2026-09-18T12:46:02,2026-09-18T12:38:50,Chaos Core,713000,34937000,49,,730371
1631,2026-09-18T12:46:09,2026-09-18T12:38:50,Chaos Core,713000,2139000,3,,730371
1632,2026-09-18T12:46:19,2026-09-18T12:38:50,Chaos Core,713000,17825000,25,,730371
1633,2026-09-18T12:46:27,2026-09-18T12:38:50,Chaos Core,713000,27094000,38,,730371
1634,2026-09-18T12:46:37,2026-09-18T12:38:50,Chaos Core,713000,20677000,29,,730371
1635,2026-09-18T13:27:51,2026-09-18T13:25:15,Chaos Core,712000,57672000,81,,730367
1636,2026-09-18T13:27:58,2026-09-18T13:25:15,Chaos Core,712000,44856000,63,,730367
1637,2026-09-18T13:39:29,2026-09-18T13:36:56,Chaos Core,712000,55536000,78,,730366
1638,2026-09-18T13:48:15,2026-09-18T13:45:34,Force Core Set (High) X 1,195121,22438915,115,,208737
1639,2026-09-18T13:48:19,2026-09-18T13:45:34,Force Core Set (High) X 10,195121,17560890,90,,208737
1640,2026-09-18T14:02:21,2026-09-18T13:59:41,Upgrade Core Set (Ultimate) X 24,470586,11294064,24,,589980
1641,2026-09-18T14:02:24,2026-09-18T13:59:41,Upgrade Core Set (Ultimate) X 40,470586,18823440,40,,589980
1642,2026-09-18T14:02:27,2026-09-18T13:59:41,Upgrade Core Set (Ultimate) X 50,470586,23529300,50,,589980
1643,2026-09-18T14:05:08,2026-09-18T13:59:41,Chaos Core,712000,84728000,119,,730333
1644,2026-09-18T14:05:15,2026-09-18T13:59:41,Chaos Core,712000,29904000,42,,730333
1645,2026-09-18T14:05:21,2026-09-18T13:59:41,Chaos Core,712000,712000,1,,730333
1646,2026-09-18T14:51:20,2026-09-18T14:48:56,Chaos Core,712000,82592000,116,,730291
1647,2026-09-18T14:52:18,2026-09-18T14:48:56,Chaos Core,716999,716999,1,,730291
1648,2026-09-18T14:55:34,2026-09-18T14:48:56,Chaos Core,717178,5020246,7,,730290
1649,2026-09-18T14:55:39,2026-09-18T14:48:56,Chaos Core,713000,2852000,4,,730290
1650,2026-09-18T14:55:43,2026-09-18T14:48:56,Chaos Core,713000,55614000,78,,730290
1651,2026-09-18T14:57:37,2026-09-18T14:48:56,Chaos Core,717178,45899392,64,,730290
1652,2026-09-18T15:00:34,2026-09-18T14:48:56,Chaos Core,717178,47333748,66,,730437
1653,2026-09-18T15:00:42,2026-09-18T14:48:56,Chaos Core,717178,62394486,87,,730437
1654,2026-09-18T15:02:12,2026-09-18T14:48:56,Chaos Core,717178,105425166,147,,730436
1655,2026-09-18T15:03:33,2026-09-18T14:48:56,Chaos Core,716293,21488790,30,,730434
1656,2026-09-18T15:03:40,2026-09-18T14:48:56,Chaos Core,717178,35141722,49,,730434
1657,2026-09-18T15:04:08,2026-09-18T14:48:56,Chaos Core,716293,1432586,2,,730434
1658,2026-09-18T15:04:53,2026-09-18T14:48:56,Chaos Core,716293,66615249,93,,730433
1659,2026-09-18T15:04:57,2026-09-18T14:48:56,Chaos Core,716293,17191032,24,,730433
1660,2026-09-18T15:06:16,2026-09-18T14:48:56,Chaos Core,714000,107100000,150,,730430
1661,2026-09-18T15:23:02,2026-09-18T15:20:37,Chaos Core,717178,45182214,63,,730438
1662,2026-09-18T15:24:58,2026-09-18T15:20:37,Force Gem Package,188936453,188936453,1,,
1663,2026-09-18T15:27:42,2026-09-18T15:20:37,Chaos Core,722199,722199,1,,730438
1664,2026-09-18T15:28:00,2026-09-18T15:20:37,Chaos Core,722200,3611000,5,,730438
1665,2026-09-18T15:28:21,2026-09-18T15:20:37,Chaos Core,722222,1444444,2,,730438
1666,2026-09-18T15:28:46,2026-09-18T15:20:37,Chaos Core,728999,728999,1,,730438
1667,2026-09-18T15:32:56,2026-09-18T15:20:37,Chaos Core,716293,81657402,114,,730437
1668,2026-09-18T15:33:03,2026-09-18T15:20:37,Chaos Core,716293,36530943,51,,730437
1669,2026-09-18T15:36:08,2026-09-18T15:20:37,Chaos Core,716293,111741708,156,,730433
1670,2026-09-18T15:37:02,2026-09-18T15:20:37,Chaos Core,716293,15042153,21,,730432
1671,2026-09-18T15:37:10,2026-09-18T15:20:37,Chaos Core,716293,14325860,20,,730432
1672,2026-09-18T15:37:20,2026-09-18T15:20:37,Chaos Core,716293,80224816,112,,730432
1673,2026-09-18T15:38:28,2026-09-18T15:20:37,Chaos Core,716293,40828701,57,,730431
1674,2026-09-18T15:38:35,2026-09-18T15:20:37,Chaos Core,716293,58019733,81,,730431
1675,2026-09-18T15:39:25,2026-09-18T15:20:37,Chaos Core,716293,23637669,33,,730430
1676,2026-09-18T15:39:33,2026-09-18T15:20:37,Chaos Core,716293,77359644,108,,730430
1677,2026-09-18T16:37:43,2026-09-18T16:35:12,Force Core Set (Highest) X 23,182608,4200000,23,,196000
1678,2026-09-18T16:49:25,2026-09-18T16:35:12,Chaos Core,720000,100080000,139,,730393
1679,2026-09-18T16:50:03,2026-09-18T16:35:12,Chaos Core,728999,1457998,2,,730393
1680,2026-09-18T17:36:34,2026-09-18T16:35:12,Chaos Core,716290,113890110,159,,730397
1681,2026-09-18T17:38:43,2026-09-18T16:35:12,Force Core Set (High) X 13,194938,2534194,13,,199972
1682,2026-09-18T17:38:46,2026-09-18T16:35:12,Force Core Set (High) X 23,194938,4483574,23,,199972
1683,2026-09-18T18:15:30,2026-09-18T18:11:36,Chaos Core,700000,18200000,26,,730385
1684,2026-09-18T18:15:45,2026-09-18T18:11:36,Chaos Core,728000,728000,1,,730385
1685,2026-09-18T18:28:49,2026-09-18T18:11:36,Chaos Core,716293,16474739,23,,730386
1686,2026-09-18T18:28:58,2026-09-18T18:11:36,Chaos Core,728966,728966,1,,730386
1687,2026-09-18T18:48:46,2026-09-18T18:11:36,Force Core Set (High) X 1,196611,2162721,11,,207815
1688,2026-09-18T18:48:49,2026-09-18T18:11:36,Force Core Set (High) X 42,196611,8257662,42,,207815
1689,2026-09-18T18:48:52,2026-09-18T18:11:36,Force Core Set (High) X 62,196611,12189882,62,,207815
1690,2026-09-18T18:49:29,2026-09-18T18:11:36,Force Core Set (High) X 100,200000,40000000,200,,207814
1691,2026-09-18T18:49:57,2026-09-18T18:11:36,Force Core Set (Ultimate) X 6,396999,2381994,6,,458381
1692,2026-09-18T18:49:59,2026-09-18T18:11:36,Force Core Set (Ultimate) X 12,396999,4763988,12,,458381
1693,2026-09-18T18:50:02,2026-09-18T18:11:36,Force Core Set (Ultimate) X 16,396999,6351984,16,,458381
1694,2026-09-18T18:50:05,2026-09-18T18:11:36,Force Core Set (Ultimate) X 19,396999,7542981,19,,458381
1695,2026-09-18T18:50:07,2026-09-18T18:11:36,Force Core Set (Ultimate) X 40,396999,15879960,40,,458381
1696,2026-09-18T18:54:24,2026-09-18T18:11:36,Force Core Set (Ultimate) X 40,396999,15879960,40,,458381
1697,2026-09-18T18:54:27,2026-09-18T18:11:36,Force Core Set (Ultimate) X 43,396999,17070957,43,,458381
1698,2026-09-18T18:54:30,2026-09-18T18:11:36,Force Core Set (Ultimate) X 54,396999,21437946,54,,458381
1699,2026-09-18T18:54:33,2026-09-18T18:11:36,Force Core Set (Ultimate) X 61,396999,24216939,61,,458381
1700,2026-09-18T18:54:35,2026-09-18T18:11:36,Force Core Set (Ultimate) X 99,396999,39302901,99,,458381
1701,2026-09-18T20:28:56,2026-09-18T19:48:32,Chaos Core,716293,96699555,135,,730297
1702,2026-09-18T20:29:49,2026-09-18T19:48:32,Chaos Core,716293,107443950,150,,730296
1703,2026-09-18T20:30:39,2026-09-18T19:48:32,Chaos Core,716293,11460688,16,,730296
1704,2026-09-18T20:30:44,2026-09-18T19:48:32,Chaos Core,716293,47275338,66,,730296
1705,2026-09-18T20:30:55,2026-09-18T19:48:32,Chaos Core,728960,1457920,2,,730296
1706,2026-09-18T20:31:41,2026-09-18T19:48:32,Force Core Set (Highest) X 91,204995,18654635,91,,225000
1707,2026-09-18T20:31:44,2026-09-18T19:48:32,Force Core Set (Highest) X 200,204995,40999000,200,,225000
1708,2026-09-18T20:37:38,2026-09-18T19:48:32,Chaos Core,716293,35814650,50,,730283
1709,2026-09-18T20:37:43,2026-09-18T19:48:32,Chaos Core,716293,70913007,99,,730283
1710,2026-09-18T20:37:48,2026-09-18T19:48:32,Chaos Core,716293,7162930,10,,730283
1711,2026-09-18T20:46:17,2026-09-18T19:48:32,Chaos Core,716293,81657402,114,,730272
1712,2026-09-18T20:46:24,2026-09-18T19:48:32,Chaos Core,716293,36530943,51,,730272
1713,2026-09-18T20:50:27,2026-09-18T19:48:32,Chaos Core,716293,716293,1,,730267
1714,2026-09-18T20:50:39,2026-09-18T19:48:32,Chaos Core,716293,102429899,143,,730267
1715,2026-09-18T20:51:25,2026-09-18T19:48:32,Force Core Set (High) X 1,194908,194908,1,,207736
1716,2026-09-18T20:51:29,2026-09-18T19:48:32,Force Core Set (High) X 10,194908,7796320,40,,207736
1717,2026-09-18T20:51:31,2026-09-18T19:48:32,Force Core Set (High) X 32,194908,6237056,32,,207736
1718,2026-09-18T20:51:35,2026-09-18T19:48:32,Force Core Set (High) X 192,194908,37422336,192,,207736
1719,2026-09-18T20:52:24,2026-09-18T19:48:32,Force Core Set (Highest) X 5,206010,8240400,40,,224980
1720,2026-09-18T20:52:26,2026-09-18T19:48:32,Force Core Set (Highest) X 10,206010,2060100,10,,224980
1721,2026-09-18T20:52:30,2026-09-18T19:48:32,Force Core Set (Highest) X 10,206010,6180300,30,,224980
1722,2026-09-18T20:52:33,2026-09-18T19:48:32,Force Core Set (Highest) X 23,206010,4738230,23,,224980
1723,2026-09-18T20:52:36,2026-09-18T19:48:32,Force Core Set (Highest) X 68,206010,14008680,68,,224980
1724,2026-09-18T20:53:04,2026-09-18T19:48:32,Upgrade Core Set (Ultimate) X 5,440374,88074800,200,,539777
1725,2026-09-18T20:56:49,2026-09-18T19:48:32,Chaos Core,716000,58712000,82,,730261
1726,2026-09-18T20:56:56,2026-09-18T19:48:32,Chaos Core,716000,57280000,80,,730261
1727,2026-09-18T20:58:59,2026-09-18T19:48:32,Chaos Core,716000,24344000,34,,730258
1728,2026-09-18T21:00:19,2026-09-18T19:48:32,Chaos Core,716293,15758446,22,,730258
1729,2026-09-18T21:00:27,2026-09-18T19:48:32,Chaos Core,716293,65182663,91,,730258
1730,2026-09-18T22:40:30,2026-09-18T22:38:03,Chaos Core,720000,84960000,118,,730178
1731,2026-09-18T22:40:42,2026-09-18T22:38:03,Chaos Core,720000,31680000,44,,730178
1732,2026-09-18T22:45:00,2026-09-18T22:38:03,Chaos Core,720000,82080000,114,,730175
1733,2026-09-18T22:45:16,2026-09-18T22:38:03,Chaos Core,720000,21600000,30,,730175
1734,2026-09-18T22:46:22,2026-09-18T22:38:03,Chaos Core,720000,118800000,165,,730173
1735,2026-09-18T22:55:56,2026-09-18T22:38:03,Chaos Core,720000,110160000,153,,730160
1736,2026-09-18T22:56:50,2026-09-18T22:38:03,Chaos Core,720000,82080000,114,,730159
1737,2026-09-18T22:56:58,2026-09-18T22:38:03,Chaos Core,720000,34560000,48,,730159
1738,2026-09-19T00:48:43,2026-09-19T00:41:13,Chaos Core,716293,2865172,4,,730180
1739,2026-09-19T00:49:01,2026-09-19T00:41:13,Chaos Core,716293,60168612,84,,730180
1740,2026-09-19T00:49:08,2026-09-19T00:41:13,Chaos Core,716293,35814650,50,,730180
1741,2026-09-19T00:50:33,2026-09-19T00:41:13,Force Core Set (High) X 1,194074,1358518,7,,206967
1742,2026-09-19T00:50:38,2026-09-19T00:41:13,Force Core Set (High) X3,194074,37844430,195,,206967
1743,2026-09-19T00:51:12,2026-09-19T00:41:13,Force Core Set (High) X3,194074,24453324,126,,206967
1744,2026-09-19T00:51:16,2026-09-19T00:41:13,Force Core Set (High) X 10,194074,15525920,80,,206967
1745,2026-09-19T00:51:50,2026-09-19T00:41:13,Force Core Set (High) X 10,194074,38814800,200,,206964
1746,2026-09-19T00:57:15,2026-09-19T00:41:13,Chaos Core,725999,115433841,159,,747997
1747,2026-09-19T00:58:11,2026-09-19T00:41:13,Chaos Core,725999,117611838,162,,747996
1748,2026-09-19T01:09:35,2026-09-19T00:41:13,Chaos Core,716293,2148879,3,,729616
1749,2026-09-19T01:09:41,2026-09-19T00:41:13,Chaos Core,716293,716293,1,,729616
1750,2026-09-19T01:09:50,2026-09-19T00:41:13,Chaos Core,716293,81657402,114,,729616
1751,2026-09-19T01:09:59,2026-09-19T00:41:13,Chaos Core,716293,25070255,35,,729616
1752,2026-09-19T01:10:57,2026-09-19T00:41:13,Chaos Core,716293,56587147,79,,729615
1753,2026-09-19T01:11:07,2026-09-19T00:41:13,Chaos Core,716293,32949478,46,,729615
1754,2026-09-19T01:11:19,2026-09-19T00:41:13,Chaos Core,716293,24353962,34,,729615
1755,2026-09-19T01:12:13,2026-09-19T00:41:13,Chaos Core,716293,1432586,2,,729614
1756,2026-09-19T01:12:23,2026-09-19T00:41:13,Chaos Core,716293,41544994,58,,729614
1757,2026-09-19T01:18:01,2026-09-19T00:41:13,Chaos Core,715000,98670000,138,,729605
1758,2026-09-19T01:18:51,2026-09-19T00:41:13,Chaos Core,715000,111540000,156,,729604
1759,2026-09-19T05:36:14,2026-09-19T05:29:58,Chaos Core,715750,47239500,66,,748000
1760,2026-09-19T05:36:34,2026-09-19T05:29:58,Chaos Core,728964,2915856,4,,748000
1761,2026-09-19T05:36:54,2026-09-19T05:29:58,Chaos Core,728964,5831712,8,,748000
1762,2026-09-19T05:37:16,2026-09-19T05:29:58,Chaos Core,728964,2186892,3,,748000
1763,2026-09-19T05:37:40,2026-09-19T05:29:58,Chaos Core,728964,1457928,2,,748000
1764,2026-09-19T05:38:05,2026-09-19T05:29:58,Chaos Core,728964,5831712,8,,748000
1765,2026-09-19T05:38:30,2026-09-19T05:29:58,Chaos Core,728965,3644825,5,,748000
1766,2026-09-19T05:38:56,2026-09-19T05:29:58,Chaos Core,728965,5102755,7,,748000
1767,2026-09-19T05:39:01,2026-09-19T05:29:58,Chaos Core,716000,42244000,59,,748000
1768,2026-09-19T05:40:32,2026-09-19T05:29:58,Chaos Core,728965,5102755,7,,747998
1769,2026-09-19T05:40:36,2026-09-19T05:29:58,Chaos Core,716000,24344000,34,,747998
1770,2026-09-19T05:40:41,2026-09-19T05:29:58,Chaos Core,716000,9308000,13,,747998
1771,2026-09-19T05:40:49,2026-09-19T05:29:58,Chaos Core,716000,64440000,90,,747998
1772,2026-09-19T05:42:34,2026-09-19T05:29:58,Chaos Core,716000,101672000,142,,747997
1773,2026-09-19T05:42:40,2026-09-19T05:29:58,Chaos Core,716000,5728000,8,,747997
1774,2026-09-19T05:44:51,2026-09-19T05:29:58,Chaos Core,716000,33652000,47,,747994
1775,2026-09-19T05:44:56,2026-09-19T05:29:58,Chaos Core,716000,71600000,100,,747994
1776,2026-09-19T05:45:43,2026-09-19T05:29:58,Force Core Set (High) X 10,192306,38461200,200,,204000
1777,2026-09-19T05:50:31,2026-09-19T05:29:58,Chaos Core,716000,31504000,44,,747896
1778,2026-09-19T05:50:38,2026-09-19T05:29:58,Chaos Core,716000,5012000,7,,747896
1779,2026-09-19T05:50:43,2026-09-19T05:29:58,Chaos Core,716000,66588000,93,,747896
1780,2026-09-19T06:03:15,2026-09-19T05:29:58,Chaos Core,716000,33652000,47,,729622
1781,2026-09-19T06:03:37,2026-09-19T05:29:58,Chaos Core,716293,16474739,23,,729622
1782,2026-09-19T06:04:00,2026-09-19T05:29:58,Chaos Core,716293,13609567,19,,729622
1783,2026-09-19T06:04:32,2026-09-19T05:29:58,Chaos Core,716000,716000,1,,729622
1784,2026-09-19T06:15:37,2026-09-19T05:29:58,Chaos Core,716000,53700000,75,,729610
1785,2026-09-19T06:15:55,2026-09-19T05:29:58,Chaos Core,716293,60168612,84,,729610
1786,2026-09-19T06:17:14,2026-09-19T05:29:58,Chaos Core,716293,2865172,4,,729606
1787,2026-09-19T06:17:19,2026-09-19T05:29:58,Chaos Core,716293,90252918,126,,729606
1788,2026-09-19T06:17:26,2026-09-19T05:29:58,Chaos Core,716293,10028102,14,,729606
1789,2026-09-19T06:18:52,2026-09-19T05:29:58,Force Core Set (High) X 8,170000,1360000,8,,199986
1790,2026-09-19T06:18:54,2026-09-19T05:29:58,Force Core Set (High) X 250,170000,42500000,250,,199986
1791,2026-09-19T06:22:47,2026-09-19T05:29:58,Chaos Core,716293,3581465,5,,729625
1792,2026-09-19T06:22:53,2026-09-19T05:29:58,Chaos Core,716293,2865172,4,,729625
1793,2026-09-19T06:29:52,2026-09-19T05:29:58,Arionell,283404682,283404682,1,,
1794,2026-09-19T09:32:50,2026-09-19T09:30:18,Force Core Set (High) X 111,183096,20323656,111,,194994
1795,2026-09-19T09:32:54,2026-09-19T09:30:18,Force Core Set (High) X 1,183097,1464776,8,,194994
1796,2026-09-19T09:32:57,2026-09-19T09:30:18,Force Core Set (High) X 9,183097,1647873,9,,194994
1797,2026-09-19T09:33:00,2026-09-19T09:30:18,Force Core Set (High) X 69,183097,12633693,69,,194994
1798,2026-09-19T09:33:03,2026-09-19T09:30:18,Force Core Set (High) X 73,183097,13366081,73,,194994
1799,2026-09-19T09:33:52,2026-09-19T09:30:18,Upgrade Core Set (Ultimate) X 1,439740,439740,1,,536978
1800,2026-09-19T09:33:56,2026-09-19T09:30:18,Upgrade Core Set (Ultimate) X 1,439740,2638440,6,,536978
1801,2026-09-19T09:34:00,2026-09-19T09:30:18,Upgrade Core Set (Ultimate) X 10,439740,79153200,180,,536978
1802,2026-09-19T09:34:30,2026-09-19T09:30:18,Force Core Set (Ultimate) X 1,430000,4300000,10,,458381
1803,2026-09-19T09:40:46,2026-09-19T09:30:18,Force Core Set (Ultimate) X 48,430000,20640000,48,,458376
1804,2026-09-19T09:40:49,2026-09-19T09:30:18,Force Core Set (Ultimate) X 58,430000,24940000,58,,458376
1805,2026-09-19T09:40:52,2026-09-19T09:30:18,Force Core Set (Ultimate) X 62,430000,26660000,62,,458376
1806,2026-09-19T09:40:55,2026-09-19T09:30:18,Force Core Set (Ultimate) X 100,430000,43000000,100,,458376
1807,2026-09-19T09:58:41,2026-09-19T09:30:18,Force Core Set (Highest) X 1,205000,12505000,61,,249998
1808,2026-09-19T09:58:45,2026-09-19T09:30:18,Force Core Set (Highest) X 1,207265,4767095,23,,249998
1809,2026-09-19T09:58:48,2026-09-19T09:30:18,Force Core Set (Highest) X 5,207265,1036325,5,,249998
1810,2026-09-19T09:58:51,2026-09-19T09:30:18,Force Core Set (Highest) X 23,207265,4767095,23,,249998
1811,2026-09-19T09:58:54,2026-09-19T09:30:18,Force Core Set (Highest) X 25,207265,5181625,25,,249998
1812,2026-09-19T09:59:40,2026-09-19T09:30:18,Force Core Set (Highest) X 36,207265,7461540,36,,249996
1813,2026-09-19T09:59:44,2026-09-19T09:30:18,Force Core Set (Highest) X 36,207265,7461540,36,,249996
1814,2026-09-19T10:00:15,2026-09-19T09:30:18,Force Core Set (Highest) X 18,205000,3690000,18,,249995
1815,2026-09-19T10:00:18,2026-09-19T09:30:18,Force Core Set (Highest) X 50,207265,10363250,50,,249995
1816,2026-09-19T10:00:22,2026-09-19T09:30:18,Force Core Set (Highest) X 55,207265,11399575,55,,249995
1817,2026-09-19T22:36:53,2026-09-19T22:34:25,Force Core Set (High) X 19,184210,3499990,19,,189299
1818,2026-09-19T22:36:56,2026-09-19T22:34:25,Force Core Set (High) X 117,184210,21552570,117,,189299
1819,2026-09-19T22:37:26,2026-09-19T22:34:25,Force Core Set (Highest) X 32,208333,6666666,32,,213761
1820,2026-09-19T22:37:28,2026-09-19T22:34:25,Force Core Set (Highest) X 86,208333,17916638,86,,213761
1821,2026-09-19T22:37:31,2026-09-19T22:34:25,Force Core Set (Highest) X 124,208542,25859208,124,,213761
1822,2026-09-19T22:38:02,2026-09-19T22:34:25,Force Core Set (Ultimate) X 1,390000,5460000,14,,458171
1823,2026-09-19T22:38:04,2026-09-19T22:34:25,Force Core Set (Ultimate) X 114,390000,44460000,114,,458171
1824,2026-09-19T22:38:08,2026-09-19T22:34:25,Force Core Set (Ultimate) X 24,402966,9671184,24,,458171
1825,2026-09-19T22:40:09,2026-09-19T22:34:25,Chaos Core,716532,7881852,11,,740432
1826,2026-09-19T22:40:31,2026-09-19T22:34:25,Chaos Core,718000,91186000,127,,740432
1827,2026-09-19T22:41:26,2026-09-19T22:34:25,Chaos Core,716532,11464512,16,,740431
1828,2026-09-19T22:41:30,2026-09-19T22:34:25,Chaos Core,716532,67354008,94,,740431
1829,2026-09-19T22:41:35,2026-09-19T22:34:25,Chaos Core,716532,28661280,40,,740431
1830,2026-09-19T22:43:05,2026-09-19T22:34:25,Chaos Core,716533,81684762,114,,740429
1831,2026-09-19T22:43:09,2026-09-19T22:34:25,Chaos Core,716000,34368000,48,,740429
1832,2026-09-19T22:45:15,2026-09-19T22:34:25,Chaos Core,718000,8616000,12,,740427
1833,2026-09-19T22:45:40,2026-09-19T22:34:25,Chaos Core,718000,96930000,135,,740427
1834,2026-09-19T22:46:45,2026-09-19T22:34:25,Chaos Core,719999,97199865,135,,740426
1835,2026-09-19T22:46:55,2026-09-19T22:34:25,Chaos Core,719999,8639988,12,,740426
1836,2026-09-19T22:49:07,2026-09-19T22:34:25,Force Core Set (Highest) X 1,208542,417084,2,,213754
1837,2026-09-19T22:49:10,2026-09-19T22:34:25,Force Core Set (Highest) X 23,208542,4796466,23,,213754
1838,2026-09-19T22:49:13,2026-09-19T22:34:25,Force Core Set (Highest) X 49,208542,10218558,49,,213754
1839,2026-09-19T22:49:16,2026-09-19T22:34:25,Force Core Set (Highest) X 426,208542,88838892,426,,213754
1840,2026-09-19T22:50:03,2026-09-19T22:34:25,Upgrade Core Set (Ultimate) X 41,439743,18029463,41,,506633
1841,2026-09-19T22:50:06,2026-09-19T22:34:25,Upgrade Core Set (Ultimate) X 88,439743,38697384,88,,506633
1842,2026-09-19T22:50:09,2026-09-19T22:34:25,Upgrade Core Set (Ultimate) X 236,439743,103779348,236,,506633
1843,2026-09-19T22:50:56,2026-09-19T22:34:25,Force Core Set (Ultimate) X 26,390000,10140000,26,,458164
1844,2026-09-19T22:50:59,2026-09-19T22:34:25,Force Core Set (Ultimate) X 63,390000,24570000,63,,458164
1845,2026-09-19T22:51:02,2026-09-19T22:34:25,Force Core Set (Ultimate) X 29,402966,11686014,29,,458164
1846,2026-09-20T02:48:35,2026-09-20T00:36:54,Chaos Core,705000,68385000,97,,725000
1847,2026-09-20T02:48:45,2026-09-20T00:36:54,Chaos Core,705000,33135000,47,,725000
1848,2026-09-20T02:50:10,2026-09-20T00:36:54,Chaos Core,705000,705000,1,,724998
1849,2026-09-20T02:50:23,2026-09-20T00:36:54,Chaos Core,705000,10575000,15,,724998
1850,2026-09-20T02:50:37,2026-09-20T00:36:54,Chaos Core,705000,35955000,51,,724998
1851,2026-09-20T02:50:52,2026-09-20T00:36:54,Chaos Core,705000,8460000,12,,724998
1852,2026-09-20T02:51:08,2026-09-20T00:36:54,Chaos Core,710000,50410000,71,,724998
1853,2026-09-20T02:52:16,2026-09-20T00:36:54,Chaos Core,705000,61335000,87,,729713
1854,2026-09-20T02:52:32,2026-09-20T00:36:54,Chaos Core,710000,20590000,29,,729713
1855,2026-09-20T02:52:49,2026-09-20T00:36:54,Chaos Core,710000,26270000,37,,729713
1856,2026-09-20T02:54:00,2026-09-20T00:36:54,Chaos Core,710000,104370000,147,,729709
1857,2026-09-20T02:54:55,2026-09-20T00:36:54,Chaos Core,705000,105750000,150,,729709
1858,2026-09-20T02:58:44,2026-09-20T00:36:54,Chaos Core,713000,9982000,14,,729704
1859,2026-09-20T02:59:07,2026-09-20T00:36:54,Chaos Core,713000,107663000,151,,729704
1860,2026-09-20T03:03:33,2026-09-20T00:36:54,Chaos Core,713000,26381000,37,,729695
1861,2026-09-20T03:04:51,2026-09-20T00:36:54,Chaos Core,713000,76291000,107,,729695
1862,2026-09-20T03:06:31,2026-09-20T00:36:54,Chaos Core,713000,33511000,47,,729694
1863,2026-09-20T03:06:38,2026-09-20T00:36:54,Chaos Core,713000,34224000,48,,729694
1864,2026-09-20T03:06:42,2026-09-20T00:36:54,Chaos Core,713000,37076000,52,,729694
1865,2026-09-20T03:20:46,2026-09-20T00:36:54,Force Core Set (Highest) X 100,289166,57833200,200,,299997
1866,2026-09-20T03:21:17,2026-09-20T00:36:54,Force Core Set (Highest) X 10,208542,2085420,10,,299997
1867,2026-09-20T03:21:49,2026-09-20T00:36:54,Force Core Set (Highest) X 8,264950,2119600,8,,299996
1868,2026-09-20T03:32:18,2026-09-20T00:36:54,Chaos Core,712000,64792000,91,,729632
1869,2026-09-20T03:32:28,2026-09-20T00:36:54,Chaos Core,712000,44144000,62,,729632
1870,2026-09-20T03:51:49,2026-09-20T00:36:54,Force Core Set (Highest) X 1,249397,17208393,69,,299945
1871,2026-09-20T03:51:52,2026-09-20T00:36:54,Force Core Set (Highest) X 5,249397,1246985,5,,299945
1872,2026-09-20T03:51:54,2026-09-20T00:36:54,Force Core Set (Highest) X 83,249397,20700000,83,,299945
1873,2026-09-20T03:51:57,2026-09-20T00:36:54,Force Core Set (Highest) X 45,250249,11261249,45,,299945
1874,2026-09-20T03:52:27,2026-09-20T00:36:54,Force Core Set (Highest) X 10,250250,2502500,10,,299945
1875,2026-09-20T03:52:32,2026-09-20T00:36:54,Force Core Set (Highest) X 5,264950,1324750,5,,299945
1876,2026-09-20T04:26:24,2026-09-20T00:36:54,Chaos Core,699900,96586200,138,,729505
1877,2026-09-20T04:47:26,2026-09-20T04:45:03,Force Core Set (Highest) X 1,203968,815872,4,,299884
1878,2026-09-20T04:47:29,2026-09-20T04:45:03,Force Core Set (Highest) X 22,203968,4487296,22,,299884
1879,2026-09-20T04:47:31,2026-09-20T04:45:03,Force Core Set (Highest) X 32,203968,6526976,32,,299884
1880,2026-09-20T04:47:34,2026-09-20T04:45:03,Force Core Set (Highest) X 83,203968,16929344,83,,299884
1881,2026-09-20T04:47:37,2026-09-20T04:45:03,Force Core Set (Highest) X 101,203968,20600768,101,,299884
1882,2026-09-20T05:14:35,2026-09-20T04:45:03,Chaos Core,711000,13509000,19,,729435
1883,2026-09-20T05:14:41,2026-09-20T04:45:03,Chaos Core,711000,9243000,13,,729435
1884,2026-09-20T05:14:49,2026-09-20T04:45:03,Chaos Core,711000,1422000,2,,729435
1885,2026-09-20T05:14:58,2026-09-20T04:45:03,Chaos Core,711000,50481000,71,,729435
1886,2026-09-20T05:15:03,2026-09-20T04:45:03,Chaos Core,711000,29862000,42,,729435
1887,2026-09-20T05:16:19,2026-09-20T04:45:03,Chaos Core,711000,115182000,162,,729433
1888,2026-09-20T05:40:13,2026-09-20T05:33:24,Force Core Set (High) X 17,190675,3241475,17,,205853
1889,2026-09-20T05:40:15,2026-09-20T05:33:24,Force Core Set (High) X 96,190675,18304800,96,,205853
1890,2026-09-20T05:40:18,2026-09-20T05:33:24,Force Core Set (High) X 129,190675,24597075,129,,205853
1891,2026-09-20T05:40:50,2026-09-20T05:33:24,Force Core Set (High) X 33,190680,6292440,33,,205851
1892,2026-09-20T05:40:53,2026-09-20T05:33:24,Force Core Set (High) X 77,190680,14682360,77,,205851
1893,2026-09-20T05:41:24,2026-09-20T05:33:24,Force Core Set (High) X 11,190681,2097491,11,,205851
1894,2026-09-20T05:41:28,2026-09-20T05:33:24,Force Core Set (High) X 100,190681,38136200,200,,205851
1895,2026-09-20T05:47:08,2026-09-20T05:44:47,Force Core Set (Ultimate) X 13,390000,5070000,13,,444821
1896,2026-09-20T05:47:11,2026-09-20T05:44:47,Force Core Set (Ultimate) X 17,390000,6630000,17,,444821
1897,2026-09-20T05:47:14,2026-09-20T05:44:47,Force Core Set (Ultimate) X 32,390000,12480000,32,,444821
1898,2026-09-20T05:47:16,2026-09-20T05:44:47,Force Core Set (Ultimate) X 34,390000,13260000,34,,444821
1899,2026-09-20T05:47:19,2026-09-20T05:44:47,Force Core Set (Ultimate) X 40,390000,15600000,40,,444821
1900,2026-09-20T08:52:57,2026-09-20T08:50:29,Upgrade Core Set (Ultimate) X 117,441371,51640407,117,,478835
1901,2026-09-20T08:58:05,2026-09-20T08:50:29,Force Core Set (Ultimate) X 100,389748,77949600,200,,443982
1902,2026-09-20T09:02:51,2026-09-20T08:50:29,Chaos Core Set X 100,710000,142000000,200,,716533
1903,2026-09-20T09:03:12,2026-09-20T08:50:29,Chaos Core Set X 100,710000,142000000,200,,716533
1904,2026-09-20T09:03:32,2026-09-20T08:50:29,Chaos Core Set X 100,710000,71000000,100,,716533
1905,2026-09-20T09:03:37,2026-09-20T08:50:29,Chaos Core Set X 100,710000,71000000,100,,716533
1906,2026-09-20T09:08:48,2026-09-20T08:50:29,Force Core Set (High) X 1,192284,20382104,106,,198993
1907,2026-09-20T09:08:52,2026-09-20T08:50:29,Force Core Set (High) X 1,192284,18074696,94,,198993
1908,2026-09-20T09:28:51,2026-09-20T08:50:29,Chaos Core,700000,2100000,3,,710000
1909,2026-09-20T09:34:01,2026-09-20T08:50:29,Force Core Set (Highest) X 24,208542,5005008,24,,274990
1910,2026-09-20T09:34:04,2026-09-20T08:50:29,Force Core Set (Highest) X 20,260765,5215300,20,,274990
1911,2026-09-20T09:34:07,2026-09-20T08:50:29,Force Core Set (Highest) X 6,260770,1564620,6,,274990
1912,2026-09-20T09:34:09,2026-09-20T08:50:29,Force Core Set (Highest) X 18,260770,4693860,18,,274990
1913,2026-09-20T09:34:12,2026-09-20T08:50:29,Force Core Set (Highest) X 21,260770,5476170,21,,274990
1914,2026-09-20T09:34:43,2026-09-20T08:50:29,Force Core Set (Highest) X 64,260770,16689280,64,,274989
1915,2026-09-20T09:34:45,2026-09-20T08:50:29,Force Core Set (Highest) X 67,260770,17471590,67,,274989
1916,2026-09-20T09:34:48,2026-09-20T08:50:29,Force Core Set (Highest) X 76,260770,19818520,76,,274989
1917,2026-09-20T10:38:24,2026-09-20T10:31:58,Force Core Set (Ultimate) X 1,389749,389749,1,,422222
1918,2026-09-20T10:38:28,2026-09-20T10:31:58,Force Core Set (Ultimate) X 10,389749,19487450,50,,422222
1919,2026-09-20T10:38:32,2026-09-20T10:31:58,Force Core Set (Ultimate) X 10,389749,23384940,60,,422222
1920,2026-09-20T10:38:34,2026-09-20T10:31:58,Force Core Set (Ultimate) X 14,389749,5456486,14,,422222
1921,2026-09-20T10:38:37,2026-09-20T10:31:58,Force Core Set (Ultimate) X 20,389749,7794980,20,,422222
1922,2026-09-20T10:52:52,2026-09-20T10:50:43,Force Core Set (High) X 23,188329,4331567,23,,198914
1923,2026-09-20T10:52:54,2026-09-20T10:50:43,Force Core Set (High) X 63,188329,11864727,63,,198914
1924,2026-09-20T10:52:58,2026-09-20T10:50:43,Force Core Set (High) X 100,188330,18833000,100,,198914
1925,2026-09-20T10:53:31,2026-09-20T10:50:43,Force Core Set (High) X 10,188331,5649930,30,,198914
1926,2026-09-20T10:53:35,2026-09-20T10:50:43,Force Core Set (High) X 10,188331,1883319,10,,198914
1927,2026-09-20T10:57:33,2026-09-20T10:50:43,Force Core Set (Highest) X 130,208541,27110400,130,,274943
1928,2026-09-20T10:57:37,2026-09-20T10:50:43,Force Core Set (Highest) X 1,208542,14597940,70,,274943
1929,2026-09-20T11:05:22,2026-09-20T10:50:43,Force Core Set (High) X 1,192283,22112545,115,,198899
1930,2026-09-20T11:05:26,2026-09-20T10:50:43,Force Core Set (High) X 1,192283,16344055,85,,198899
1931,2026-09-20T11:13:32,2026-09-20T10:50:43,Force Core Set (High) X 42,192283,8075886,42,,198889
1932,2026-09-20T11:13:35,2026-09-20T10:50:43,Force Core Set (High) X 84,192283,16151772,84,,198889
1933,2026-09-20T11:13:37,2026-09-20T10:50:43,Force Core Set (High) X 100,192283,19228300,100,,198889
1934,2026-09-20T22:54:19,2026-09-20T22:48:23,Force Core Set (High) X 14,193333,2706662,14,,198916
1935,2026-09-20T22:54:22,2026-09-20T22:48:23,Force Core Set (High) X 15,193333,2899999,15,,198916
1936,2026-09-20T22:54:24,2026-09-20T22:48:23,Force Core Set (High) X 58,193333,11213314,58,,198916
1937,2026-09-20T22:54:27,2026-09-20T22:48:23,Force Core Set (High) X 63,193333,12179979,63,,198916
1938,2026-09-20T22:54:29,2026-09-20T22:48:23,Force Core Set (High) X 72,193333,13919976,72,,198916
1939,2026-09-20T22:54:59,2026-09-20T22:48:23,Force Core Set (High) X 3,193600,38913600,201,,198916
1940,2026-09-20T22:55:29,2026-09-20T22:48:23,Force Core Set (High) X 3,193600,6969600,36,,198914
1941,2026-09-20T22:55:32,2026-09-20T22:48:23,Force Core Set (High) X 10,193600,7744000,40,,198914
1942,2026-09-20T22:55:35,2026-09-20T22:48:23,Force Core Set (High) X 21,193600,4065600,21,,198914
1943,2026-09-20T22:55:37,2026-09-20T22:48:23,Force Core Set (High) X 26,193600,5033600,26,,198914
1944,2026-09-20T22:55:40,2026-09-20T22:48:23,Force Core Set (High) X 98,193600,18972800,98,,198914
1945,2026-09-20T22:56:06,2026-09-20T22:48:23,Upgrade Core Set (Ultimate) X 10,423855,84771000,200,,457958
1946,2026-09-20T22:56:31,2026-09-20T22:48:23,Force Core Set (Ultimate) X 46,387000,17802000,46,,411098
1947,2026-09-20T22:56:33,2026-09-20T22:48:23,Force Core Set (Ultimate) X 232,387000,89784000,232,,411098
1948,2026-09-20T22:57:22,2026-09-20T22:48:23,Force Core Set (Ultimate) X 1,387002,77400400,200,,411094
1949,2026-09-20T23:11:14,2026-09-20T22:48:23,Chaos Core,717638,51669936,72,,729318
1950,2026-09-20T23:11:21,2026-09-20T22:48:23,Chaos Core,717638,8611656,12,,729318
1951,2026-09-20T23:23:46,2026-09-20T22:48:23,Chaos Core,717638,42340642,59,,729321
1952,2026-09-20T23:24:00,2026-09-20T22:48:23,Chaos Core,729999,729999,1,,729321
1953,2026-09-20T23:34:57,2026-09-20T22:48:23,Chaos Core,716000,103104000,144,,729313
1954,2026-09-20T23:35:49,2026-09-20T22:48:23,Chaos Core,716000,10740000,15,,729312
1955,2026-09-20T23:35:56,2026-09-20T22:48:23,Chaos Core,716000,105252000,147,,729312
1956,2026-09-20T23:44:10,2026-09-20T22:48:23,Chaos Core,716000,40812000,57,,729302
1957,2026-09-20T23:44:23,2026-09-20T22:48:23,Chaos Core,717638,717638,1,,729302
1958,2026-09-20T23:44:27,2026-09-20T22:48:23,Chaos Core,716000,716000,1,,729302
1959,2026-09-20T23:44:32,2026-09-20T22:48:23,Chaos Core,716000,716000,1,,729302
1960,2026-09-20T23:44:36,2026-09-20T22:48:23,Chaos Core,716000,716000,1,,729302
1961,2026-09-20T23:45:04,2026-09-20T22:48:23,Chaos Core,717638,717638,1,,729302
1962,2026-09-20T23:45:08,2026-09-20T22:48:23,Chaos Core,717638,717638,1,,729302
1963,2026-09-20T23:45:13,2026-09-20T22:48:23,Chaos Core,717638,717638,1,,729302
1964,2026-09-20T23:45:20,2026-09-20T22:48:23,Chaos Core,729999,1459998,2,,729302
1965,2026-09-20T23:50:33,2026-09-20T22:48:23,Chaos Core,717638,60281592,84,,729291
1966,2026-09-20T23:51:53,2026-09-20T22:48:23,Chaos Core,717638,45211194,63,,729291
1967,2026-09-20T23:52:41,2026-09-20T22:48:23,Chaos Core,717638,17940950,25,,729286
1968,2026-09-20T23:52:48,2026-09-20T22:48:23,Chaos Core,717638,48799384,68,,729286
1969,2026-09-20T23:52:55,2026-09-20T22:48:23,Chaos Core,717638,34446624,48,,729286
1970,2026-09-20T23:59:11,2026-09-20T22:48:23,Chaos Core,717638,109798614,153,,729271
1971,2026-09-21T00:11:34,2026-09-20T22:48:23,Chaos Core,717638,3588190,5,,729248
1972,2026-09-21T00:11:39,2026-09-20T22:48:23,Chaos Core,717638,81810732,114,,729248
1973,2026-09-21T00:11:43,2026-09-20T22:48:23,Chaos Core,717638,11482208,16,,729248
1974,2026-09-21T00:13:00,2026-09-20T22:48:23,Chaos Core,717638,717638,1,,729242
1975,2026-09-21T00:13:05,2026-09-20T22:48:23,Chaos Core,717638,1435276,2,,729242
1976,2026-09-21T00:13:09,2026-09-20T22:48:23,Chaos Core,717638,717638,1,,729242
1977,2026-09-21T00:13:14,2026-09-20T22:48:23,Chaos Core,717638,717638,1,,729242
1978,2026-09-21T00:13:18,2026-09-20T22:48:23,Chaos Core,717638,717638,1,,729242
1979,2026-09-21T00:13:23,2026-09-20T22:48:23,Chaos Core,717638,717638,1,,729242
1980,2026-09-21T00:13:27,2026-09-20T22:48:23,Chaos Core,717638,717638,1,,729242
1981,2026-09-21T00:13:32,2026-09-20T22:48:23,Chaos Core,717638,717638,1,,729242
1982,2026-09-21T00:17:32,2026-09-20T22:48:23,Chaos Core,717638,33011348,46,,729238
1983,2026-09-21T00:17:44,2026-09-20T22:48:23,Chaos Core,728999,1457998,2,,729238
1984,2026-09-21T00:45:21,2026-09-21T00:43:03,Chaos Core,719999,56879921,79,,729208
1985,2026-09-21T00:45:29,2026-09-21T00:43:03,Chaos Core,720000,48960000,68,,729208
1986,2026-09-21T00:48:50,2026-09-21T00:43:03,Chaos Core,719999,105839853,147,,729207
1987,2026-09-21T00:49:59,2026-09-21T00:43:03,Chaos Core,717638,71046162,99,,729205
1988,2026-09-21T00:50:05,2026-09-21T00:43:03,Chaos Core,719999,45359937,63,,729205
1989,2026-09-21T00:55:18,2026-09-21T00:43:03,Chaos Core,717638,8611656,12,,729197
1990,2026-09-21T00:59:03,2026-09-21T00:43:03,Chaos Core,717638,33728986,47,,729193
1991,2026-09-21T00:59:22,2026-09-21T00:43:03,Chaos Core,728999,728999,1,,729193
1992,2026-09-21T01:23:55,2026-09-21T00:43:03,Chaos Core,720000,33120000,46,,729159
1993,2026-09-21T01:24:02,2026-09-21T00:43:03,Chaos Core,720000,79200000,110,,729159
1994,2026-09-21T01:24:53,2026-09-21T00:43:03,Chaos Core,720000,2880000,4,,729157
1995,2026-09-21T01:25:00,2026-09-21T00:43:03,Chaos Core,720000,82080000,114,,729157
1996,2026-09-21T01:25:08,2026-09-21T00:43:03,Chaos Core,720000,20880000,29,,729157
1997,2026-09-21T01:37:32,2026-09-21T00:43:03,Chaos Core,720000,44640000,62,,729142
1998,2026-09-21T01:37:39,2026-09-21T00:43:03,Chaos Core,720000,41760000,58,,729142
1999,2026-09-21T01:37:47,2026-09-21T00:43:03,Chaos Core,720000,23760000,33,,729142
2000,2026-09-21T01:38:49,2026-09-21T00:43:03,Chaos Core,720000,52560000,73,,729140
2001,2026-09-21T01:38:59,2026-09-21T00:43:03,Chaos Core,720000,10800000,15,,729140
2002,2026-09-21T01:39:10,2026-09-21T00:43:03,Chaos Core,720000,33840000,47,,729140
2003,2026-09-21T01:47:07,2026-09-21T00:43:03,Chaos Core,720000,105840000,147,,729122
2004,2026-09-21T01:54:29,2026-09-21T00:43:03,Chaos Core,720000,105840000,147,,729105
2005,2026-09-21T01:55:21,2026-09-21T00:43:03,Chaos Core,719999,54719924,76,,729105
2006,2026-09-21T01:55:27,2026-09-21T00:43:03,Chaos Core,720000,11520000,16,,729105
2007,2026-09-21T01:55:35,2026-09-21T00:43:03,Chaos Core,720000,35280000,49,,729105
2008,2026-09-21T01:57:04,2026-09-21T00:43:03,Force Core Set (Highest) X 107,212034,22687638,107,,220648
2009,2026-09-21T01:57:07,2026-09-21T00:43:03,Force Core Set (Highest) X 139,212034,29472726,139,,220648
2010,2026-09-21T01:57:35,2026-09-21T00:43:03,Force Core Set (Highest) X 230,212034,48767820,230,,220648
2011,2026-09-21T01:58:00,2026-09-21T00:43:03,Upgrade Core Set (Ultimate) X 44,441370,19420280,44,,457718
2012,2026-09-21T01:58:03,2026-09-21T00:43:03,Upgrade Core Set (Ultimate) X 85,441370,37516450,85,,457718
2013,2026-09-21T02:02:12,2026-09-21T00:43:03,Force Core Set (Highest) X 10,212035,2120350,10,,220640
2014,2026-09-21T02:02:15,2026-09-21T00:43:03,Force Core Set (Highest) X 10,212035,12722100,60,,220640
2015,2026-09-21T02:02:19,2026-09-21T00:43:03,Force Core Set (Highest) X 10,212037,6361110,30,,220640
2016,2026-09-21T02:02:22,2026-09-21T00:43:03,Force Core Set (Highest) X 24,212037,5088888,24,,220640
2017,2026-09-21T02:02:24,2026-09-21T00:43:03,Force Core Set (Highest) X 14,212499,2974986,14,,220640
2018,2026-09-21T02:08:28,2026-09-21T00:43:03,Chaos Core,719999,719999,1,,729080
2019,2026-09-21T02:08:33,2026-09-21T00:43:03,Chaos Core,719999,34559952,48,,729080
2020,2026-09-21T02:08:40,2026-09-21T00:43:03,Chaos Core,719999,1439998,2,,729080
2021,2026-09-21T02:08:49,2026-09-21T00:43:03,Chaos Core,719999,7199990,10,,729080
2022,2026-09-21T02:09:00,2026-09-21T00:43:03,Chaos Core,720000,10800000,15,,729080
2023,2026-09-21T02:09:13,2026-09-21T00:43:03,Chaos Core,720000,8640000,12,,729080
2024,2026-09-21T02:09:27,2026-09-21T00:43:03,Chaos Core,720000,10800000,15,,729080
2025,2026-09-21T02:09:41,2026-09-21T00:43:03,Chaos Core,720000,8640000,12,,729080
2026,2026-09-21T02:09:45,2026-09-21T00:43:03,Chaos Core,719999,719999,1,,729080
2027,2026-09-21T02:11:02,2026-09-21T00:43:03,Chaos Core,719999,719999,1,,729080
2028,2026-09-21T02:11:06,2026-09-21T00:43:03,Chaos Core,719999,719999,1,,729080
2029,2026-09-21T02:11:11,2026-09-21T00:43:03,Chaos Core,719999,719999,1,,729080
2030,2026-09-21T02:11:15,2026-09-21T00:43:03,Chaos Core,719999,719999,1,,729080
2031,2026-09-21T02:11:21,2026-09-21T00:43:03,Chaos Core,719999,4319994,6,,729080
2032,2026-09-21T02:11:26,2026-09-21T00:43:03,Chaos Core,719999,719999,1,,729080
2033,2026-09-21T02:13:09,2026-09-21T00:43:03,Chaos Core,725000,1450000,2,,729080
2034,2026-09-21T02:28:28,2026-09-21T00:43:03,Chaos Core,724000,115116000,159,,729051
2035,2026-09-21T02:38:52,2026-09-21T00:43:03,Chaos Core,724000,80364000,111,,729035
2036,2026-09-21T02:38:59,2026-09-21T00:43:03,Chaos Core,724000,34752000,48,,729035
2037,2026-09-21T02:55:47,2026-09-21T00:43:03,Chaos Core,724000,2172000,3,,729001
2038,2026-09-21T03:22:55,2026-09-21T00:43:03,Chaos Core,723333,39059982,54,,728981
2039,2026-09-21T03:22:59,2026-09-21T00:43:03,Chaos Core,723333,67269969,93,,728981
2040,2026-09-21T03:26:52,2026-09-21T00:43:03,Chaos Core,722333,119184945,165,,728981
2041,2026-09-21T03:30:37,2026-09-21T00:43:03,Chaos Core,722333,722333,1,,728986
2042,2026-09-21T03:30:41,2026-09-21T00:43:03,Chaos Core,722333,722333,1,,728986
2043,2026-09-21T03:30:46,2026-09-21T00:43:03,Chaos Core,722333,722333,1,,728986
2044,2026-09-21T03:30:50,2026-09-21T00:43:03,Chaos Core,722333,722333,1,,728986
2045,2026-09-21T03:30:55,2026-09-21T00:43:03,Chaos Core,722333,722333,1,,728986
2046,2026-09-21T03:30:59,2026-09-21T00:43:03,Chaos Core,722333,722333,1,,728986
2047,2026-09-21T03:31:03,2026-09-21T00:43:03,Chaos Core,722333,722333,1,,728986
2048,2026-09-21T03:31:20,2026-09-21T00:43:03,Chaos Core,723333,723333,1,,728986
2049,2026-09-21T03:31:25,2026-09-21T00:43:03,Chaos Core,723333,4339998,6,,728986
2050,2026-09-21T03:31:32,2026-09-21T00:43:03,Chaos Core,724000,724000,1,,728986
2051,2026-09-21T08:32:23,2026-09-21T08:30:18,Chaos Core,711999,5695992,8,,720312
2052,2026-09-21T08:32:30,2026-09-21T08:30:18,Chaos Core,711999,2847996,4,,720312
2053,2026-09-21T08:32:39,2026-09-21T08:30:18,Chaos Core,711999,9255987,13,,720312
2054,2026-09-21T08:32:48,2026-09-21T08:30:18,Chaos Core,711999,12815982,18,,720312
2055,2026-09-21T08:32:58,2026-09-21T08:30:18,Chaos Core,711999,38447946,54,,720312
2056,2026-09-21T08:33:09,2026-09-21T08:30:18,Chaos Core,712000,16376000,23,,720312
2057,2026-09-21T08:33:21,2026-09-21T08:30:18,Chaos Core,712000,12104000,17,,720312
2058,2026-09-21T08:33:25,2026-09-21T08:30:18,Chaos Core,711999,9255987,13,,720312
2059,2026-09-21T08:38:15,2026-09-21T08:36:09,Force Core Set (High) X 5,185792,928960,5,,196980
2060,2026-09-21T08:38:17,2026-09-21T08:36:09,Force Core Set (High) X 5,185792,928960,5,,196980
2061,2026-09-21T08:38:20,2026-09-21T08:36:09,Force Core Set (High) X 31,185792,5759552,31,,196980
2062,2026-09-21T09:01:20,2026-09-21T08:57:49,Chaos Core,709000,2836000,4,,720272
2063,2026-09-21T09:01:25,2026-09-21T08:57:49,Chaos Core,709000,114149000,161,,720272
2064,2026-09-21T09:02:20,2026-09-21T08:57:49,Chaos Core,709000,2836000,4,,720265
2065,2026-09-21T09:02:39,2026-09-21T08:57:49,Chaos Core,711000,1422000,2,,720265
2066,2026-09-21T09:27:42,2026-09-21T09:25:32,Upgrade Core Set (Ultimate) X 8,439422,3515376,8,,456753
2067,2026-09-21T09:27:44,2026-09-21T09:25:32,Upgrade Core Set (Ultimate) X 41,439422,18016302,41,,456753
2068,2026-09-21T09:27:47,2026-09-21T09:25:32,Upgrade Core Set (Ultimate) X 45,439422,19774000,45,,456753
2069,2026-09-21T09:28:13,2026-09-21T09:25:32,Force Core Set (Ultimate) X 11,378823,4167053,11,,399966
2070,2026-09-21T09:28:15,2026-09-21T09:25:32,Force Core Set (Ultimate) X 85,378823,32200000,85,,399966
2071,2026-09-21T09:28:18,2026-09-21T09:25:32,Force Core Set (Ultimate) X 28,379379,10622612,28,,399966
2072,2026-09-21T09:28:22,2026-09-21T09:25:32,Force Core Set (Ultimate) X 10,379999,30399920,80,,399966
2073,2026-09-21T09:54:36,2026-09-21T09:25:32,Chaos Core,707000,28987000,41,,720148
2074,2026-09-21T09:55:57,2026-09-21T09:25:32,Chaos Core,712000,712000,1,,720148
2075,2026-09-21T10:39:27,2026-09-21T10:34:33,Chaos Core,712630,106894500,150,,720098
2076,2026-09-21T11:14:23,2026-09-21T10:34:33,Force Core Set (High) X 30,170000,5100000,30,,193995
2077,2026-09-21T11:27:06,2026-09-21T11:24:47,Force Core Set (High) X 29,193600,5614400,29,,203932
2078,2026-09-21T11:27:10,2026-09-21T11:24:47,Force Core Set (High) X 61,193600,11809600,61,,203932
2079,2026-09-21T11:27:41,2026-09-21T11:24:47,Force Core Set (High) X 123,193600,23812800,123,,203932
2080,2026-09-21T11:27:44,2026-09-21T11:24:47,Force Core Set (High) X 2,193608,387216,2,,203932
2081,2026-09-21T11:28:15,2026-09-21T11:24:47,Force Core Set (High) X 211,193608,40851288,211,,203929
2082,2026-09-21T11:32:17,2026-09-21T11:24:47,Chaos Core,714995,17874875,25,,720076
2083,2026-09-21T11:32:27,2026-09-21T11:24:47,Chaos Core,719995,1439990,2,,720076
2084,2026-09-21T11:43:04,2026-09-21T11:24:47,Force Core Set (High) X 10,193609,38721800,200,,203904
2085,2026-09-21T12:00:57,2026-09-21T11:58:45,Chaos Core,724000,724000,1,,
2086,2026-09-21T12:09:40,2026-09-21T11:58:45,Chaos Core,716000,716000,1,,
2087,2026-09-21T12:10:46,2026-09-21T11:58:45,Chaos Core,715000,70785000,99,,720068
2088,2026-09-21T12:10:53,2026-09-21T11:58:45,Chaos Core,715000,38610000,54,,720068
2089,2026-09-21T12:14:02,2026-09-21T11:58:45,Chaos Core,715000,715000,1,,
2090,2026-09-21T12:14:31,2026-09-21T11:58:45,Chaos Core,715000,68640000,96,,720068
2091,2026-09-21T12:14:38,2026-09-21T11:58:45,Chaos Core,715000,36465000,51,,720068
2092,2026-09-21T12:15:29,2026-09-21T11:58:45,Chaos Core,715000,115830000,162,,720067
2093,2026-09-21T12:16:20,2026-09-21T11:58:45,Chaos Core,715000,100815000,141,,720066
2094,2026-09-21T12:20:30,2026-09-21T11:58:45,Chaos Core,710000,710000,1,,
2095,2026-09-21T12:21:11,2026-09-21T11:58:45,Chaos Core,710000,112890000,159,,720067
2096,2026-09-21T12:23:06,2026-09-21T11:58:45,Chaos Core,700000,15400000,22,,720065
2097,2026-09-21T12:23:19,2026-09-21T11:58:45,Chaos Core,716000,1432000,2,,720065
2098,2026-09-21T12:26:06,2026-09-21T11:58:45,Chaos Core,711000,711000,1,,
2099,2026-09-21T12:46:46,2026-09-21T12:44:14,Force Core Set (High) X 2,186686,17175112,92,,203837
2100,2026-09-21T12:46:49,2026-09-21T12:44:14,Force Core Set (High) X 10,186686,1866860,10,,203837
2101,2026-09-21T12:46:51,2026-09-21T12:44:14,Force Core Set (High) X 20,186686,3733720,20,,203837
2102,2026-09-21T12:46:54,2026-09-21T12:44:14,Force Core Set (High) X 33,186686,6160638,33,,203837
2103,2026-09-21T12:46:56,2026-09-21T12:44:14,Force Core Set (High) X 40,186686,7467440,40,,203837
2104,2026-09-21T12:51:42,2026-09-21T12:44:14,Chaos Core,710000,115020000,162,,720042
2105,2026-09-21T12:52:33,2026-09-21T12:44:14,Chaos Core,710000,5680000,8,,720042
2106,2026-09-21T12:52:40,2026-09-21T12:44:14,Chaos Core,717638,717638,1,,720042
2107,2026-09-21T12:55:16,2026-09-21T12:44:14,Chaos Core,722000,722000,1,,
2108,2026-09-21T12:59:46,2026-09-21T12:44:14,Chaos Core,722000,722000,1,,
2109,2026-09-21T13:05:18,2026-09-21T13:03:05,Force Core Set (High) X 270,186686,50405220,270,,203821
2110,2026-09-21T13:08:12,2026-09-21T13:03:05,Chaos Core,715000,715000,1,,
2111,2026-09-21T13:21:23,2026-09-21T13:03:05,Chaos Core,708000,708000,1,,
2112,2026-09-21T13:34:22,2026-09-21T13:03:05,Chaos Core,710000,66030000,93,,720012
2113,2026-09-21T13:34:29,2026-09-21T13:03:05,Chaos Core,710000,34080000,48,,720012
2114,2026-09-21T13:35:16,2026-09-21T13:03:05,Chaos Core,710000,104370000,147,,720012
2115,2026-09-21T13:40:08,2026-09-21T13:03:05,Force Core Set (Ultimate) X 4,363636,1454544,4,,399750
2116,2026-09-21T13:40:11,2026-09-21T13:03:05,Force Core Set (Ultimate) X 33,363636,12000000,33,,399750
2117,2026-09-21T13:40:13,2026-09-21T13:03:05,Force Core Set (Ultimate) X 6,368674,2212044,6,,399750
2118,2026-09-21T13:40:17,2026-09-21T13:03:05,Force Core Set (Ultimate) X 10,368674,55301100,150,,399750
2119,2026-09-21T13:40:20,2026-09-21T13:03:05,Force Core Set (Ultimate) X 33,368674,12166242,33,,399750
2120,2026-09-21T13:45:26,2026-09-21T13:43:23,Chaos Core,710000,710000,1,,
2121,2026-09-21T13:47:42,2026-09-21T13:43:23,Chaos Core,709000,709000,1,,
2122,2026-09-21T13:50:31,2026-09-21T13:43:23,Force Core Set (Ultimate) X 49,368674,18065026,49,,399745
2123,2026-09-21T13:50:34,2026-09-21T13:43:23,Force Core Set (Ultimate) X 103,368674,37973422,103,,399745
2124,2026-09-21T13:50:36,2026-09-21T13:43:23,Force Core Set (Ultimate) X 166,368674,61200000,166,,399745
2125,2026-09-21T13:55:11,2026-09-21T13:43:23,Chaos Core,707647,707647,1,,
2126,2026-09-21T13:57:40,2026-09-21T13:43:23,Chaos Core,704014,704014,1,,
2127,2026-09-21T14:02:11,2026-09-21T13:59:50,Chaos Core,705062,7755682,11,,719970
2128,2026-09-21T14:02:21,2026-09-21T13:59:50,Chaos Core,716999,716999,1,,719970
2129,2026-09-21T14:06:54,2026-09-21T13:59:50,Chaos Core,704027,704027,1,,
2130,2026-09-21T14:11:01,2026-09-21T13:59:50,Chaos Core,714338,714338,1,,
2131,2026-09-21T14:15:46,2026-09-21T13:59:50,Chaos Core,711000,711000,1,,
2132,2026-09-21T14:17:07,2026-09-21T13:59:50,Chaos Core,715524,715524,1,,
2133,2026-09-21T14:20:07,2026-09-21T13:59:50,Chaos Core,711563,711563,1,,
2134,2026-09-21T14:24:05,2026-09-21T13:59:50,Chaos Core,714162,714162,1,,
2135,2026-09-21T14:28:29,2026-09-21T13:59:50,Chaos Core,716080,716080,1,,
2136,2026-09-21T14:30:13,2026-09-21T13:59:50,Chaos Core,716290,716290,1,,
2137,2026-09-21T14:31:00,2026-09-21T13:59:50,Force Core Set (Highest) X 40,210210,8408400,40,,216890
2138,2026-09-21T14:31:33,2026-09-21T13:59:50,Upgrade Core Set (Ultimate) X 25,440438,11010950,25,,449892
2139,2026-09-21T14:37:24,2026-09-21T14:33:36,Chaos Core,715095,715095,1,,
2140,2026-09-21T14:40:19,2026-09-21T14:33:36,Chaos Core,715095,715095,1,,
2141,2026-09-21T14:44:43,2026-09-21T14:33:36,Chaos Core,704078,33091666,47,,719942
2142,2026-09-21T14:44:51,2026-09-21T14:33:36,Chaos Core,704078,28163120,40,,719942
2143,2026-09-21T14:45:34,2026-09-21T14:33:36,Chaos Core,704078,52101772,74,,719942
2144,2026-09-21T14:45:45,2026-09-21T14:33:36,Chaos Core,708657,19842396,28,,719942
2145,2026-09-21T14:46:37,2026-09-21T14:33:36,Chaos Core,708657,63779130,90,,719940
2146,2026-09-21T14:47:49,2026-09-21T14:33:36,Chaos Core,700000,8400000,12,,719939
2147,2026-09-21T14:53:18,2026-09-21T14:33:36,Upgrade Core Set (Ultimate) X 19,442901,8415119,19,,449866
2148,2026-09-21T14:59:39,2026-09-21T14:33:36,Chaos Core,715000,715000,1,,
2149,2026-09-21T15:01:03,2026-09-21T14:33:36,Chaos Core,715000,715000,1,,
2150,2026-09-21T15:03:04,2026-09-21T14:33:36,Chaos Core,684671,684671,1,,719922
2151,2026-09-21T15:03:24,2026-09-21T14:33:36,Chaos Core,715000,1430000,2,,719922
2152,2026-09-21T15:08:13,2026-09-21T14:33:36,Chaos Core Set X 63,634920,40000000,63,,709920
2153,2026-09-21T15:09:41,2026-09-21T14:33:36,Chaos Core,682365,71648325,105,,709920
2154,2026-09-21T15:10:38,2026-09-21T14:33:36,Force Core Set (Highest) X 22,204545,4499999,22,,216867
2155,2026-09-21T15:18:13,2026-09-21T14:33:36,Chaos Core,715000,715000,1,,
2156,2026-09-21T15:30:33,2026-09-21T15:24:17,Chaos Core,715000,715000,1,,
2157,2026-09-21T15:34:55,2026-09-21T15:24:17,Chaos Core,699654,77661594,111,,719920
2158,2026-09-21T15:35:42,2026-09-21T15:24:17,Chaos Core,699654,77661594,111,,719918
2159,2026-09-21T15:36:30,2026-09-21T15:24:17,Chaos Core,699654,2798616,4,,719918
2160,2026-09-21T15:36:37,2026-09-21T15:24:17,Chaos Core,699654,62269206,89,,719918
2161,2026-09-21T15:36:45,2026-09-21T15:24:17,Chaos Core,699654,6296886,9,,719918
2162,2026-09-21T15:37:32,2026-09-21T15:24:17,Chaos Core,698600,79640400,114,,719915
2163,2026-09-21T15:38:18,2026-09-21T15:24:17,Chaos Core,698600,71257200,102,,719914
2164,2026-09-21T15:39:05,2026-09-21T15:24:17,Chaos Core,698600,20259400,29,,719914
2165,2026-09-21T15:39:19,2026-09-21T15:24:17,Chaos Core,697285,697285,1,,719914
2166,2026-09-21T15:40:07,2026-09-21T15:24:17,Upgrade Core Set (Ultimate) X 1,440440,28628600,65,,449824
2167,2026-09-21T15:44:59,2026-09-21T15:24:17,Chaos Core,697301,9762214,14,,719904
2168,2026-09-21T15:45:12,2026-09-21T15:24:17,Chaos Core,713147,713147,1,,719904
2169,2026-09-21T15:45:16,2026-09-21T15:24:17,Chaos Core,696722,696722,1,,719904
2170,2026-09-21T15:45:21,2026-09-21T15:24:17,Chaos Core,697301,697301,1,,719904
2171,2026-09-21T15:45:58,2026-09-21T15:24:17,Chaos Core,696659,696659,1,,719904
2172,2026-09-21T16:40:17,2026-09-21T16:35:35,Chaos Core,715000,715000,1,,
2173,2026-09-21T16:44:59,2026-09-21T16:35:35,Upgrade Core Set (Ultimate) X 5,440440,81481400,185,,449788
2174,2026-09-21T16:45:01,2026-09-21T16:35:35,Upgrade Core Set (Ultimate) X 20,440440,8808800,20,,449788
2175,2026-09-21T16:47:31,2026-09-21T16:35:35,Chaos Core,715000,715000,1,,
2176,2026-09-21T16:52:52,2026-09-21T16:35:35,Chaos Core,711925,56242075,79,,719883
2177,2026-09-21T16:54:13,2026-09-21T16:35:35,Chaos Core,711925,15662350,22,,719883
2178,2026-09-21T16:54:17,2026-09-21T16:35:35,Chaos Core,711237,711237,1,,719883
2179,2026-09-21T16:57:15,2026-09-21T16:35:35,Chaos Core,714462,714462,1,,
2180,2026-09-21T17:04:04,2026-09-21T16:35:35,Chaos Core,713775,54246900,76,,719870
2181,2026-09-21T17:04:11,2026-09-21T16:35:35,Chaos Core,713000,9269000,13,,719870
2182,2026-09-21T17:04:21,2026-09-21T16:35:35,Chaos Core,714462,17861550,25,,719870
2183,2026-09-21T17:05:12,2026-09-21T16:35:35,Chaos Core,714462,32865252,46,,719870
2184,2026-09-21T17:05:25,2026-09-21T16:35:35,Chaos Core,715000,1430000,2,,719870
2185,2026-09-21T17:08:05,2026-09-21T16:35:35,Chaos Core,715000,715000,1,,
2186,2026-09-21T17:10:06,2026-09-21T16:35:35,Chaos Core,714385,66437805,93,,719864
2187,2026-09-21T17:10:48,2026-09-21T16:35:35,Chaos Core,714385,70009730,98,,719864
2188,2026-09-21T17:11:00,2026-09-21T16:35:35,Chaos Core,715000,715000,1,,719864
2189,2026-09-21T17:29:31,2026-09-21T16:35:35,Force Core Set (Highest) X 1,211427,2325697,11,,220484
2190,2026-09-21T17:29:34,2026-09-21T16:35:35,Force Core Set (Highest) X 1,211427,211427,1,,220484
2191,2026-09-21T17:29:36,2026-09-21T16:35:35,Force Core Set (Highest) X 7,212493,1487451,7,,220484
2192,2026-09-21T17:29:39,2026-09-21T16:35:35,Force Core Set (Highest) X 67,212493,14237031,67,,220484
2193,2026-09-21T17:29:41,2026-09-21T16:35:35,Force Core Set (Highest) X 7,212495,1487465,7,,220484
2194,2026-09-21T17:30:12,2026-09-21T16:35:35,Force Core Set (Highest) X 10,212495,12749700,60,,220484
2195,2026-09-21T17:30:14,2026-09-21T16:35:35,Force Core Set (Highest) X 16,212495,3399920,16,,220484
2196,2026-09-21T17:30:17,2026-09-21T16:35:35,Force Core Set (Highest) X 18,212495,3824910,18,,220484
2197,2026-09-21T17:30:19,2026-09-21T16:35:35,Force Core Set (Highest) X 19,212495,4037405,19,,220484
2198,2026-09-21T17:30:22,2026-09-21T16:35:35,Force Core Set (Highest) X 85,212495,18062075,85,,220484
2199,2026-09-21T17:30:51,2026-09-21T16:35:35,Force Core Set (Highest) X 24,212499,5099976,24,,220482
2200,2026-09-21T17:30:55,2026-09-21T16:35:35,Force Core Set (Highest) X 29,212499,6162471,29,,220482
2201,2026-09-21T17:34:27,2026-09-21T16:35:35,Chaos Core,708913,76562604,108,,719825
2202,2026-09-21T17:35:25,2026-09-21T16:35:35,Chaos Core,708913,48914997,69,,719825
2203,2026-09-21T17:35:30,2026-09-21T16:35:35,Chaos Core,708913,14887173,21,,719825
2204,2026-09-21T17:36:11,2026-09-21T16:35:35,Chaos Core,708913,2835652,4,,719823
2205,2026-09-21T17:36:19,2026-09-21T16:35:35,Chaos Core,708913,37572389,53,,719823
2206,2026-09-21T17:36:28,2026-09-21T16:35:35,Chaos Core,709484,23412972,33,,719823
2207,2026-09-21T17:37:13,2026-09-21T16:35:35,Chaos Core,709484,76624272,108,,719823
2208,2026-09-21T17:38:27,2026-09-21T16:35:35,Chaos Core,709484,68110464,96,,719823
2209,2026-09-21T17:40:10,2026-09-21T16:35:35,Chaos Core,708913,39699128,56,,719819
2210,2026-09-21T17:40:20,2026-09-21T16:35:35,Chaos Core,709484,18446584,26,,719819
2211,2026-09-21T17:40:31,2026-09-21T16:35:35,Chaos Core,709484,3547420,5,,719819
2212,2026-09-21T17:45:06,2026-09-21T16:35:35,Chaos Core,708913,53168475,75,,719825
2213,2026-09-21T17:46:27,2026-09-21T16:35:35,Chaos Core,708913,14887173,21,,719825
2214,2026-09-21T17:49:07,2026-09-21T16:35:35,Chaos Core,708402,708402,1,,
2215,2026-09-21T17:50:52,2026-09-21T16:35:35,Chaos Core,708402,50296542,71,,719814
2216,2026-09-21T17:50:59,2026-09-21T16:35:35,Chaos Core,708402,26210874,37,,719814
2217,2026-09-21T17:52:30,2026-09-21T16:35:35,Chaos Core,707851,21235530,30,,719813
2218,2026-09-21T17:52:38,2026-09-21T16:35:35,Chaos Core,708402,19835256,28,,719813
2219,2026-09-21T17:52:46,2026-09-21T16:35:35,Chaos Core,708402,20543658,29,,719813
2220,2026-09-21T17:53:48,2026-09-21T16:35:35,Chaos Core,708402,60214170,85,,719812
2221,2026-09-21T17:53:54,2026-09-21T16:35:35,Chaos Core,708402,708402,1,,719812
2222,2026-09-21T17:54:02,2026-09-21T16:35:35,Chaos Core,708402,21960462,31,,719812
2223,2026-09-21T17:55:03,2026-09-21T16:35:35,Chaos Core,708402,65881386,93,,719811
2224,2026-09-21T17:59:26,2026-09-21T16:35:35,Chaos Core,707851,33268997,47,,719807
2225,2026-09-21T17:59:33,2026-09-21T16:35:35,Chaos Core,707851,38931805,55,,719807
2226,2026-09-21T22:54:52,2026-09-21T22:52:40,Chaos Core,717305,717305,1,,
2227,2026-09-21T22:56:15,2026-09-21T22:52:40,Blessing Bead - Superior,163437998,163437998,1,,
2228,2026-09-21T23:02:37,2026-09-21T22:52:40,Force Core Set (High) X 323,193193,62401339,323,,198984
2229,2026-09-21T23:07:26,2026-09-21T22:52:40,Armor Account bind Seal Stone,186999998,186999998,1,,
2230,2026-09-21T23:08:30,2026-09-21T22:52:40,Armor Account bind Unseal Stone,185000000,185000000,1,,
2231,2026-09-21T23:11:37,2026-09-21T22:52:40,Chaos Core,717305,717305,1,,
2232,2026-09-21T23:16:29,2026-09-21T22:52:40,Chaos Core,717305,717305,1,,
2233,2026-09-21T23:21:21,2026-09-21T22:52:40,Chaos Core,717305,717305,1,,
2234,2026-09-21T23:29:01,2026-09-21T22:52:40,Chaos Core,713823,132057255,185,,719645
2235,2026-09-21T23:29:10,2026-09-21T22:52:40,Chaos Core,713823,713823,1,,719645
2236,2026-09-21T23:30:21,2026-09-21T22:52:40,Chaos Core,714463,15718186,22,,719639
2237,2026-09-21T23:30:36,2026-09-21T22:52:40,Chaos Core,713823,713823,1,,719639
2238,2026-09-21T23:30:41,2026-09-21T22:52:40,Chaos Core,713823,713823,1,,719639
2239,2026-09-21T23:36:16,2026-09-21T22:52:40,Armor Account bind Unseal Stone,186999998,186999998,1,,
2240,2026-09-21T23:40:00,2026-09-21T22:52:40,Chaos Core,716171,716171,1,,
2241,2026-09-21T23:55:18,2026-09-21T22:52:40,Chaos Core,722000,722000,1,,
2242,2026-09-22T00:00:17,2026-09-21T22:52:40,Chaos Core,730000,730000,1,,
2243,2026-09-22T00:05:19,2026-09-21T22:52:40,Chaos Core,737000,737000,1,,
2244,2026-09-22T00:15:04,2026-09-21T22:52:40,Chaos Core,725232,725232,1,,
2245,2026-09-22T00:20:12,2026-09-21T22:52:40,Chaos Core,724586,724586,1,,
2246,2026-09-22T00:25:04,2026-09-21T22:52:40,Chaos Core,722000,722000,1,,
2247,2026-09-22T00:28:01,2026-09-21T22:52:40,Chaos Core,720815,33157490,46,,728395
2248,2026-09-22T00:28:15,2026-09-21T22:52:40,Chaos Core,724586,1449172,2,,728395
2249,2026-09-22T00:44:23,2026-09-22T00:41:42,Chaos Core,720000,143280000,199,,728389
2250,2026-09-22T00:44:34,2026-09-22T00:41:42,Chaos Core,720000,1440000,2,,728389
2251,2026-09-22T00:45:41,2026-09-22T00:41:42,Upgrade Core Set (Ultimate) X 58,429310,24900000,58,,434862
2252,2026-09-22T00:47:49,2026-09-22T00:41:42,Chaos Core,724586,724586,1,,
2253,2026-09-22T01:27:10,2026-09-22T00:41:42,Chaos Core,709970,176782530,249,,719695
2254,2026-09-22T01:40:50,2026-09-22T00:41:42,Chaos Core,715900,715900,1,,
2255,2026-09-22T01:42:18,2026-09-22T00:41:42,Blessing Bead - Superior,161204444,161204444,1,,
2256,2026-09-22T01:45:01,2026-09-22T00:41:42,Chaos Core,714438,92876940,130,,719685
2257,2026-09-22T01:45:05,2026-09-22T00:41:42,Chaos Core,714438,1428876,2,,719685
2258,2026-09-22T01:45:52,2026-09-22T00:41:42,Chaos Core,714438,130027716,182,,719685
2259,2026-09-22T01:45:59,2026-09-22T00:41:42,Chaos Core,714438,714438,1,,719685
2260,2026-09-22T01:51:42,2026-09-22T00:41:42,Chaos Core,713000,177537000,249,,719675
2261,2026-09-22T01:52:42,2026-09-22T00:41:42,Chaos Core,714438,32149710,45,,719674
2262,2026-09-22T01:58:44,2026-09-22T00:41:42,Chaos Core,711141,101693163,143,,719665
2263,2026-09-22T01:58:50,2026-09-22T00:41:42,Chaos Core,711141,711141,1,,719665
2264,2026-09-22T01:59:38,2026-09-22T00:41:42,Chaos Core,711751,4982257,7,,719665
2265,2026-09-22T01:59:53,2026-09-22T00:41:42,Chaos Core,711141,711141,1,,719665
2266,2026-09-22T01:59:58,2026-09-22T00:41:42,Chaos Core,711141,711141,1,,719665
2267,2026-09-22T02:00:34,2026-09-22T00:41:42,Chaos Core,711751,9964514,14,,719658
2268,2026-09-22T02:00:49,2026-09-22T00:41:42,Chaos Core,711751,711751,1,,719658
2269,2026-09-22T02:07:52,2026-09-22T00:41:42,Force Core Set (High) X 5,170000,850000,5,,198735
2270,2026-09-22T02:07:54,2026-09-22T00:41:42,Force Core Set (High) X 69,170172,11741909,69,,198735
2271,2026-09-22T02:07:57,2026-09-22T00:41:42,Force Core Set (High) X 232,192192,44588544,232,,198735
2272,2026-09-22T02:08:42,2026-09-22T00:41:42,Force Core Set (Ultimate) X 1,333333,333333,1,,399273
2273,2026-09-22T02:08:44,2026-09-22T00:41:42,Force Core Set (Ultimate) X 9,333333,2999997,9,,399273
2274,2026-09-22T02:08:47,2026-09-22T00:41:42,Force Core Set (Ultimate) X 40,333333,13333320,40,,399273
2275,2026-09-22T02:08:49,2026-09-22T00:41:42,Force Core Set (Ultimate) X 48,333333,15999984,48,,399273
2276,2026-09-22T02:08:52,2026-09-22T00:41:42,Force Core Set (Ultimate) X 103,333333,34333299,103,,399273
2277,2026-09-22T02:10:46,2026-09-22T00:41:42,Chaos Core,730000,730000,1,,
2278,2026-09-22T02:13:46,2026-09-22T00:41:42,Chaos Core,708186,60195810,85,,719645
2279,2026-09-22T02:13:58,2026-09-22T00:41:42,Chaos Core,716471,1432942,2,,719645
2280,2026-09-22T02:18:04,2026-09-22T00:41:42,Chaos Core,716471,716471,1,,
2281,2026-09-22T02:28:11,2026-09-22T00:41:42,Chaos Core,705869,33881712,48,,719628
2282,2026-09-22T02:30:08,2026-09-22T00:41:42,Chaos Core,708186,6373674,9,,719628
2283,2026-09-22T02:31:59,2026-09-22T00:41:42,Chaos Core,730000,730000,1,,
2284,2026-09-22T02:36:02,2026-09-22T00:41:42,Force Core Set (High) X 45,192191,8648595,45,,198715
2285,2026-09-22T02:36:05,2026-09-22T00:41:42,Force Core Set (High) X 50,192191,9609550,50,,198715
2286,2026-09-22T02:36:07,2026-09-22T00:41:42,Force Core Set (High) X 149,192191,28636459,149,,198715
2287,2026-09-22T02:37:30,2026-09-22T00:41:42,Chaos Core,739338,739338,1,,
2288,2026-09-22T02:46:55,2026-09-22T00:41:42,Chaos Core,737499,737499,1,,
2289,2026-09-22T02:55:57,2026-09-22T00:41:42,Chaos Core,737499,737499,1,,
2290,2026-09-22T03:00:35,2026-09-22T00:41:42,Chaos Core,737499,737499,1,,
2291,2026-09-22T03:05:16,2026-09-22T00:41:42,Chaos Core,737499,737499,1,,
2292,2026-09-22T03:35:33,2026-09-22T00:41:42,Chaos Core,736000,736000,1,,
2293,2026-09-22T03:43:49,2026-09-22T00:41:42,Chaos Core,736000,736000,1,,
2294,2026-09-22T04:10:47,2026-09-22T00:41:42,Chaos Core,725960,82759440,114,,747000
2295,2026-09-22T04:11:35,2026-09-22T00:41:42,Chaos Core,725960,8711520,12,,747000
2296,2026-09-22T04:11:38,2026-09-22T00:41:42,Chaos Core,725960,725960,1,,747000
2297,2026-09-22T04:11:46,2026-09-22T00:41:42,Chaos Core,725960,82759440,114,,747000
2298,2026-09-22T04:11:57,2026-09-22T00:41:42,Chaos Core,730000,1460000,2,,747000
2299,2026-09-22T04:12:51,2026-09-22T00:41:42,Chaos Core,730663,9498619,13,,746998
2300,2026-09-22T04:13:04,2026-09-22T00:41:42,Chaos Core,730663,6575967,9,,746998
2301,2026-09-22T04:13:18,2026-09-22T00:41:42,Chaos Core,731259,139670469,191,,746998
2302,2026-09-22T04:14:24,2026-09-22T00:41:42,Chaos Core,732963,18324075,25,,746997
2303,2026-09-22T04:14:29,2026-09-22T00:41:42,Chaos Core,725960,725960,1,,746997
2304,2026-09-22T04:14:33,2026-09-22T00:41:42,Chaos Core,725960,725960,1,,746997
2305,2026-09-22T04:14:38,2026-09-22T00:41:42,Chaos Core,726464,726464,1,,746997
2306,2026-09-22T04:14:43,2026-09-22T00:41:42,Chaos Core,727648,727648,1,,746997
2307,2026-09-22T04:14:47,2026-09-22T00:41:42,Chaos Core,730000,730000,1,,746997
2308,2026-09-22T04:14:52,2026-09-22T00:41:42,Chaos Core,730000,730000,1,,746997
2309,2026-09-22T04:14:57,2026-09-22T00:41:42,Chaos Core,730663,730663,1,,746997
2310,2026-09-22T04:15:01,2026-09-22T00:41:42,Chaos Core,730663,730663,1,,746997
2311,2026-09-22T04:15:06,2026-09-22T00:41:42,Chaos Core,730663,730663,1,,746997
2312,2026-09-22T04:15:11,2026-09-22T00:41:42,Chaos Core,731259,731259,1,,746997
2313,2026-09-22T04:15:17,2026-09-22T00:41:42,Chaos Core,733536,35943264,49,,746997
2314,2026-09-22T04:15:21,2026-09-22T00:41:42,Chaos Core,731259,2193777,3,,746997
2315,2026-09-22T04:16:38,2026-09-22T00:41:42,Chaos Core,736000,736000,1,,746997
2316,2026-09-22T04:16:43,2026-09-22T00:41:42,Chaos Core,736304,736304,1,,746997
2317,2026-09-22T04:16:55,2026-09-22T00:41:42,Chaos Core,737499,737499,1,,746997
2318,2026-09-22T04:16:58,2026-09-22T00:41:42,Chaos Core,737490,737490,1,,746997
2319,2026-09-22T04:17:10,2026-09-22T00:41:42,Chaos Core,737499,84812385,115,,746997
2320,2026-09-22T04:17:14,2026-09-22T00:41:42,Chaos Core,737499,737499,1,,746997
2321,2026-09-22T04:18:15,2026-09-22T00:41:42,Chaos Core,737499,81124890,110,,746994
2322,2026-09-22T04:18:21,2026-09-22T00:41:42,Chaos Core,737499,737499,1,,746994
2323,2026-09-22T04:19:10,2026-09-22T00:41:42,Chaos Core,737499,32449956,44,,746992
2324,2026-09-22T04:19:17,2026-09-22T00:41:42,Chaos Core,737499,10324986,14,,746992
2325,2026-09-22T04:19:26,2026-09-22T00:41:42,Chaos Core,737499,84074886,114,,746992
2326,2026-09-22T04:19:36,2026-09-22T00:41:42,Chaos Core,737500,1475000,2,,746992
2327,2026-09-22T04:20:31,2026-09-22T00:41:42,Chaos Core,737500,33187500,45,,746991
2328,2026-09-22T04:20:43,2026-09-22T00:41:42,Chaos Core,737999,102581861,139,,746991
2329,2026-09-22T04:20:55,2026-09-22T00:41:42,Chaos Core,738745,1477490,2,,746991
2330,2026-09-22T04:21:54,2026-09-22T00:41:42,Chaos Core,738745,84216930,114,,746992
2331,2026-09-22T04:23:41,2026-09-22T00:41:42,Chaos Core,737499,737499,1,,
2332,2026-09-22T04:26:39,2026-09-22T00:41:42,Chaos Core,739999,71039904,96,,746986
2333,2026-09-22T04:26:43,2026-09-22T00:41:42,Chaos Core,738499,28801461,39,,746986
2334,2026-09-22T04:34:33,2026-09-22T00:41:42,Chaos Core,739999,48099935,65,,746981
2335,2026-09-22T04:34:40,2026-09-22T00:41:42,Chaos Core,739999,184259751,249,,746981
2336,2026-09-22T04:34:47,2026-09-22T00:41:42,Chaos Core,739999,739999,1,,746981
2337,2026-09-22T04:39:01,2026-09-22T00:41:42,Chaos Core,739380,739380,1,,
2338,2026-09-22T04:42:39,2026-09-22T00:41:42,Chaos Core,738851,28815189,39,,746972
2339,2026-09-22T04:42:47,2026-09-22T00:41:42,Chaos Core,738851,29554040,40,,746972
2340,2026-09-22T04:42:58,2026-09-22T00:41:42,Chaos Core,739380,184105620,249,,746972
2341,2026-09-22T04:43:09,2026-09-22T00:41:42,Chaos Core,739380,1478760,2,,746972
2342,2026-09-22T04:45:16,2026-09-22T00:41:42,Force Core Set (Highest) X 17,202995,3450915,17,,209939
2343,2026-09-22T04:45:18,2026-09-22T00:41:42,Force Core Set (Highest) X 19,202995,3856905,19,,209939
2344,2026-09-22T04:45:22,2026-09-22T00:41:42,Force Core Set (Highest) X 20,202995,32479200,160,,209939
2345,2026-09-22T04:45:25,2026-09-22T00:41:42,Force Core Set (Highest) X 32,202995,6495840,32,,209939
2346,2026-09-22T04:49:28,2026-09-22T00:41:42,Chaos Core,739000,84246000,114,,746968
2347,2026-09-22T04:52:50,2026-09-22T00:41:42,Chaos Core,739000,739000,1,,
2348,2026-09-22T05:07:20,2026-09-22T00:41:42,Chaos Core,716077,716077,1,,
2349,2026-09-22T05:12:22,2026-09-22T00:41:42,Chaos Core,715453,715453,1,,
2350,2026-09-22T05:17:25,2026-09-22T00:41:42,Chaos Core,714823,714823,1,,
2351,2026-09-22T05:22:28,2026-09-22T00:41:42,Chaos Core,714823,714823,1,,
2352,2026-09-22T05:26:45,2026-09-22T00:41:42,Force Core Set (Highest) X 51,196078,10000000,51,,209907
2353,2026-09-22T05:26:47,2026-09-22T00:41:42,Force Core Set (Highest) X 242,196078,47450876,242,,209907
2354,2026-09-22T05:27:32,2026-09-22T00:41:42,Force Core Set (Ultimate) X 6,333333,2000000,6,,340346
2355,2026-09-22T05:52:37,2026-09-22T00:41:42,Upgrade Core Set (Ultimate) X 3,419753,1259259,3,,433984
2356,2026-09-22T05:52:39,2026-09-22T00:41:42,Upgrade Core Set (Ultimate) X 9,419753,3777777,9,,433984
2357,2026-09-22T05:52:42,2026-09-22T00:41:42,Upgrade Core Set (Ultimate) X 27,419753,11333331,27,,433984
2358,2026-09-22T05:52:44,2026-09-22T00:41:42,Upgrade Core Set (Ultimate) X 28,419753,11753084,28,,433984
2359,2026-09-22T05:52:47,2026-09-22T00:41:42,Upgrade Core Set (Ultimate) X 92,419753,38617276,92,,433984
2360,2026-09-22T05:53:53,2026-09-22T00:41:42,Chaos Core,708749,708749,1,,
2361,2026-09-22T05:58:22,2026-09-22T00:41:42,Upgrade Core Set (Ultimate) X 1,419753,419753,1,,433983
2362,2026-09-22T05:58:25,2026-09-22T00:41:42,Upgrade Core Set (Ultimate) X 3,419753,1259259,3,,433983
2363,2026-09-22T05:58:28,2026-09-22T00:41:42,Upgrade Core Set (Ultimate) X 90,419753,37777770,90,,433983
2364,2026-09-22T05:58:30,2026-09-22T00:41:42,Upgrade Core Set (Ultimate) X 325,419753,136419725,325,,433983
2365,2026-09-22T05:59:53,2026-09-22T00:41:42,Chaos Core,707587,707587,1,,
2366,2026-09-22T06:05:12,2026-09-22T00:41:42,Chaos Core,710000,710000,1,,
2367,2026-09-22T06:06:49,2026-09-22T00:41:42,Chaos Core,713781,5710248,8,,728854
2368,2026-09-22T06:07:09,2026-09-22T00:41:42,Chaos Core,714307,2857228,4,,728854
2369,2026-09-22T06:07:24,2026-09-22T00:41:42,Chaos Core,714307,3571535,5,,728854
2370,2026-09-22T06:07:33,2026-09-22T00:41:42,Chaos Core,709324,709324,1,,728854
2371,2026-09-22T06:11:59,2026-09-22T00:41:42,Chaos Core,720000,720000,1,,
2372,2026-09-22T06:13:28,2026-09-22T00:41:42,Chaos Core,720000,5760000,8,,729272
2373,2026-09-22T06:13:41,2026-09-22T00:41:42,Chaos Core,729999,729999,1,,729272
2374,2026-09-22T06:17:52,2026-09-22T00:41:42,Chaos Core,730000,730000,1,,
2375,2026-09-22T06:19:13,2026-09-22T00:41:42,Chaos Core,730000,180310000,247,,736909
2376,2026-09-22T06:19:23,2026-09-22T00:41:42,Chaos Core,730000,1460000,2,,736909
2377,2026-09-22T06:20:29,2026-09-22T00:41:42,Chaos Core,730000,83220000,114,,736907
2378,2026-09-22T06:21:40,2026-09-22T00:41:42,Chaos Core,730000,26280000,36,,736907
2379,2026-09-22T06:21:46,2026-09-22T00:41:42,Chaos Core,714000,177786000,249,,736907
2380,2026-09-22T06:24:05,2026-09-22T06:23:05,Chaos Core,713333,713333,1,,
2381,2026-09-22T06:24:39,2026-09-22T06:23:05,Armor Account bind Unseal Stone,185000000,185000000,1,,
2382,2026-09-22T06:25:14,2026-09-22T06:23:05,Chaos Core,730000,1460000,2,,736903
2383,2026-09-22T06:25:38,2026-09-22T06:23:05,Chaos Core,730000,71540000,98,,736903
2384,2026-09-22T06:25:42,2026-09-22T06:23:05,Chaos Core,730000,1460000,2,,736903
2385,2026-09-22T06:30:08,2026-09-22T06:29:09,Chaos Core,734500,734500,1,,
2386,2026-09-22T06:42:37,2026-09-22T06:41:38,Chaos Core,735000,735000,1,,
2387,2026-09-22T07:36:59,2026-09-22T07:34:35,Chaos Core,715300,715300,1,,736900
2388,2026-09-22T07:37:05,2026-09-22T07:34:35,Chaos Core,715300,110156200,154,,736900
2389,2026-09-22T07:37:13,2026-09-22T07:34:35,Chaos Core,715300,715300,1,,736900
2390,2026-09-22T07:38:15,2026-09-22T07:34:35,Chaos Core,715300,121601000,170,,736900
2391,2026-09-22T07:38:20,2026-09-22T07:34:35,Chaos Core,715300,715300,1,,736900
2392,2026-09-22T07:39:13,2026-09-22T07:34:35,Chaos Core,715300,46494500,65,,736898
2393,2026-09-22T07:39:21,2026-09-22T07:34:35,Chaos Core,715300,178109700,249,,736898
2394,2026-09-22T07:39:29,2026-09-22T07:34:35,Chaos Core,715300,715300,1,,736898
2395,2026-09-22T07:40:38,2026-09-22T07:34:35,Chaos Core,715300,120170400,168,,736898
2396,2026-09-22T07:41:33,2026-09-22T07:34:35,Chaos Core,715300,120885700,169,,736896
2397,2026-09-22T07:41:42,2026-09-22T07:34:35,Chaos Core,715300,1430600,2,,736896
2398,2026-09-22T07:42:35,2026-09-22T07:34:35,Chaos Core,709000,13471000,19,,736895
2399,2026-09-22T07:42:45,2026-09-22T07:34:35,Chaos Core,715300,122316300,171,,736895
2400,2026-09-22T07:42:51,2026-09-22T07:34:35,Chaos Core,709000,1418000,2,,736895
2401,2026-09-22T07:43:44,2026-09-22T07:34:35,Chaos Core,709000,11344000,16,,736896
2402,2026-09-22T07:43:50,2026-09-22T07:34:35,Chaos Core,709000,119821000,169,,736896
2403,2026-09-22T07:44:07,2026-09-22T07:34:35,Chaos Core,715300,715300,1,,736896
2404,2026-09-22T07:45:00,2026-09-22T07:34:35,Chaos Core,709000,158107000,223,,736894
2405,2026-09-22T07:45:10,2026-09-22T07:34:35,Chaos Core,709000,1418000,2,,736894
2406,2026-09-22T07:46:07,2026-09-22T07:34:35,Force Core Set (Highest) X 1,193296,3672624,19,,208960
2407,2026-09-22T07:46:19,2026-09-22T07:34:35,Force Core Set (Highest) X 9,193296,1739664,9,,208960
2408,2026-09-22T07:46:32,2026-09-22T07:34:35,Force Core Set (Highest) X 45,193296,8698320,45,,208960
2409,2026-09-22T07:49:37,2026-09-22T07:34:35,Chaos Core,714000,81396000,114,,736889
2410,2026-09-22T07:50:32,2026-09-22T07:34:35,Chaos Core,707715,21939165,31,,736888
2411,2026-09-22T07:50:40,2026-09-22T07:34:35,Chaos Core,707715,80679510,114,,736888
2412,2026-09-22T07:50:53,2026-09-22T07:34:35,Chaos Core,714000,1428000,2,,736888
2413,2026-09-22T07:51:47,2026-09-22T07:34:35,Chaos Core,707715,93418380,132,,736886
2414,2026-09-22T07:56:31,2026-09-22T07:53:53,Force Core Set (High) X 1,190000,8740000,46,,196998
2415,2026-09-22T07:56:34,2026-09-22T07:53:53,Force Core Set (High) X 2,190000,380000,2,,196998
2416,2026-09-22T07:56:38,2026-09-22T07:53:53,Force Core Set (High) X 46,190000,8740000,46,,196998
2417,2026-09-22T07:56:42,2026-09-22T07:53:53,Force Core Set (High) X 151,190000,28690000,151,,196998
2418,2026-09-22T07:57:11,2026-09-22T07:53:53,Force Core Set (High) X 28,190000,5320000,28,,196998
2419,2026-09-22T07:57:15,2026-09-22T07:53:53,Force Core Set (High) X 55,190000,10450000,55,,196998
2420,2026-09-22T07:57:19,2026-09-22T07:53:53,Force Core Set (High) X 22,190088,4181936,22,,196998
2421,2026-09-22T07:57:22,2026-09-22T07:53:53,Force Core Set (High) X 65,190088,12355720,65,,196998
2422,2026-09-22T07:57:26,2026-09-22T07:53:53,Force Core Set (High) X 65,190088,12355720,65,,196998
2423,2026-09-22T07:57:56,2026-09-22T07:53:53,Force Core Set (High) X 73,190088,13876424,73,,196996
2424,2026-09-22T07:58:00,2026-09-22T07:53:53,Force Core Set (High) X 114,190088,21670032,114,,196996
2425,2026-09-22T07:58:04,2026-09-22T07:53:53,Force Core Set (High) X 153,190088,29083464,153,,196996
2426,2026-09-22T08:06:21,2026-09-22T08:03:24,Chaos Core,710000,710000,1,,
2427,2026-09-22T08:07:33,2026-09-22T08:03:24,Chaos Core,715300,715300,1,,
2428,2026-09-22T08:09:06,2026-09-22T08:03:24,Chaos Core,715300,91558400,128,,736871
2429,2026-09-22T08:09:16,2026-09-22T08:03:24,Chaos Core,715300,715300,1,,736871
2430,2026-09-22T08:13:35,2026-09-22T08:10:36,Chaos Core,717305,717305,1,,
2431,2026-09-22T08:14:47,2026-09-22T08:10:36,Chaos Core,716647,716647,1,,
2432,2026-09-22T08:16:25,2026-09-22T08:10:36,Chaos Core,715962,28638480,40,,736858
2433,2026-09-22T08:16:33,2026-09-22T08:10:36,Chaos Core,716647,56615113,79,,736858
2434,2026-09-22T08:16:41,2026-09-22T08:10:36,Chaos Core,717305,717305,1,,736858
2435,2026-09-22T08:17:39,2026-09-22T08:10:36,Chaos Core,717305,36582555,51,,736857
2436,2026-09-22T08:17:51,2026-09-22T08:10:36,Chaos Core,717305,45907520,64,,736857
2437,2026-09-22T08:18:03,2026-09-22T08:10:36,Chaos Core,717305,1434610,2,,736857
2438,2026-09-22T08:20:06,2026-09-22T08:10:36,Chaos Core,717305,97553480,136,,736853
2439,2026-09-22T08:20:20,2026-09-22T08:10:36,Chaos Core,720000,1440000,2,,736853
2440,2026-09-22T08:32:20,2026-09-22T08:28:53,Chaos Core,729402,729402,1,,
2441,2026-09-22T08:33:33,2026-09-22T08:28:53,Chaos Core,729402,729402,1,,
2442,2026-09-22T08:38:27,2026-09-22T08:28:53,Force Core Set (Ultimate) X 31,364838,11309978,31,,399304
2443,2026-09-22T08:38:30,2026-09-22T08:28:53,Force Core Set (Ultimate) X 45,365155,16432000,45,,399304
2444,2026-09-22T08:38:34,2026-09-22T08:28:53,Force Core Set (Ultimate) X 80,365155,29212400,80,,399304
2445,2026-09-22T08:39:05,2026-09-22T08:28:53,Force Core Set (Ultimate) X 2,365161,730322,2,,399303
2446,2026-09-22T08:39:09,2026-09-22T08:28:53,Force Core Set (Ultimate) X 6,365161,2190966,6,,399303
2447,2026-09-22T08:39:41,2026-09-22T08:28:53,Force Core Set (Ultimate) X 14,365161,5112254,14,,399303
2448,2026-09-22T08:39:45,2026-09-22T08:28:53,Force Core Set (Ultimate) X 4,365348,1461392,4,,399303
2449,2026-09-22T08:40:40,2026-09-22T08:28:53,Chaos Core,728780,728780,1,,
2450,2026-09-22T08:41:53,2026-09-22T08:28:53,Chaos Core,728166,728166,1,,
2451,2026-09-22T08:46:34,2026-09-22T08:28:53,Chaos Core,728780,728780,1,,
2452,2026-09-22T08:47:50,2026-09-22T08:28:53,Chaos Core,728780,728780,1,,
2453,2026-09-22T08:56:57,2026-09-22T08:28:53,Chaos Core,725177,68891815,95,,730702
2454,2026-09-22T08:57:03,2026-09-22T08:28:53,Chaos Core,725177,725177,1,,730702
2455,2026-09-22T08:57:46,2026-09-22T08:28:53,Chaos Core,725177,180569073,249,,730702
2456,2026-09-22T08:58:45,2026-09-22T08:28:53,Chaos Core,725177,180569073,249,,730697
2457,2026-09-22T08:59:43,2026-09-22T08:28:53,Chaos Core,725177,180569073,249,,730697
2458,2026-09-22T09:01:07,2026-09-22T08:28:53,Chaos Core,725177,725177,1,,
2459,2026-09-22T09:02:21,2026-09-22T08:28:53,Chaos Core,724621,724621,1,,
2460,2026-09-22T09:07:37,2026-09-22T08:28:53,Chaos Core,720000,720000,1,,
2461,2026-09-22T09:14:40,2026-09-22T08:28:53,Chaos Core,718888,6469992,9,,730672
2462,2026-09-22T09:16:58,2026-09-22T08:28:53,Chaos Core,735000,735000,1,,
2463,2026-09-22T09:17:50,2026-09-22T08:28:53,Chaos Core,710000,9940000,14,,730609
2464,2026-09-22T09:18:07,2026-09-22T08:28:53,Chaos Core,735000,735000,1,,730609
2465,2026-09-22T09:18:45,2026-09-22T08:28:53,Chaos Core,710000,105080000,148,,730668
2466,2026-09-22T09:18:51,2026-09-22T08:28:53,Chaos Core,710000,1420000,2,,730668
2467,2026-09-22T09:23:50,2026-09-22T08:28:53,Force Core Set (High) X 23,186956,4300000,23,,198000
2468,2026-09-22T09:23:53,2026-09-22T08:28:53,Force Core Set (High) X 100,188404,18840400,100,,198000
2469,2026-09-22T09:23:56,2026-09-22T08:28:53,Force Core Set (High) X 296,188404,55767584,296,,198000
2470,2026-09-22T09:25:11,2026-09-22T08:28:53,Chaos Core,708769,708769,1,,
2471,2026-09-22T09:31:26,2026-09-22T08:28:53,Chaos Core,735000,735000,1,,
2472,2026-09-22T09:32:41,2026-09-22T08:28:53,Chaos Core,735000,735000,1,,
2473,2026-09-22T09:43:13,2026-09-22T08:28:53,Force Core Set (High) X 58,177776,10311008,58,,197972
2474,2026-09-22T09:43:16,2026-09-22T08:28:53,Force Core Set (High) X 77,177776,13688752,77,,197972
2475,2026-09-22T09:43:20,2026-09-22T08:28:53,Force Core Set (High) X 1,177777,1066662,6,,197972
2476,2026-09-22T09:43:23,2026-09-22T08:28:53,Force Core Set (High) X 241,177777,42844257,241,,197972
2477,2026-09-22T09:47:36,2026-09-22T08:28:53,Chaos Core,717305,28692200,40,,730616
2478,2026-09-22T09:47:53,2026-09-22T08:28:53,Chaos Core,717305,1434610,2,,730616
2479,2026-09-22T09:48:31,2026-09-22T08:28:53,Chaos Core,717305,62405535,87,,730615
2480,2026-09-22T09:49:18,2026-09-22T08:28:53,Chaos Core,717305,140591780,196,,730614
2481,2026-09-22T09:49:23,2026-09-22T08:28:53,Chaos Core,717305,1434610,2,,730614
2482,2026-09-22T09:50:16,2026-09-22T08:28:53,Chaos Core,716000,113844000,159,,730614
2483,2026-09-22T09:51:16,2026-09-22T08:28:53,Chaos Core,717305,38734470,54,,730612
2484,2026-09-22T09:56:08,2026-09-22T08:28:53,Chaos Core,727993,727993,1,,
2485,2026-09-22T10:00:34,2026-09-22T08:28:53,Upgrade Core Set (Ultimate) X 1,440439,15415365,35,,458351
2486,2026-09-22T10:00:40,2026-09-22T08:28:53,Upgrade Core Set (Ultimate) X 1,440440,2202200,5,,458351
2487,2026-09-22T10:01:12,2026-09-22T08:28:53,Upgrade Core Set (Ultimate) X 14,440440,6166160,14,,458350
2488,2026-09-22T10:08:32,2026-09-22T08:28:53,Chaos Core,712869,154692573,217,,729267
2489,2026-09-22T10:08:47,2026-09-22T08:28:53,Chaos Core,727993,1455986,2,,729267
2490,2026-09-22T10:10:07,2026-09-22T08:28:53,Chaos Core,720000,36000000,50,,729265
2491,2026-09-22T10:10:12,2026-09-22T08:28:53,Chaos Core,712341,712341,1,,729265
2492,2026-09-22T10:10:17,2026-09-22T08:28:53,Chaos Core,712869,712869,1,,729265
2493,2026-09-22T10:10:32,2026-09-22T08:28:53,Chaos Core,714241,714241,1,,729265
2494,2026-09-22T10:10:48,2026-09-22T08:28:53,Chaos Core,714804,714804,1,,729265
2495,2026-09-22T10:10:57,2026-09-22T08:28:53,Chaos Core,715393,715393,1,,729265
2496,2026-09-22T10:11:07,2026-09-22T08:28:53,Chaos Core,715994,715994,1,,729265
2497,2026-09-22T10:11:17,2026-09-22T08:28:53,Chaos Core,717305,717305,1,,729265
2498,2026-09-22T10:11:27,2026-09-22T08:28:53,Chaos Core,717305,717305,1,,729265
2499,2026-09-22T10:11:46,2026-09-22T08:28:53,Chaos Core,727993,1455986,2,,729265
2500,2026-09-22T10:15:28,2026-09-22T08:28:53,Chaos Core,727993,727993,1,,
2501,2026-09-22T10:25:35,2026-09-22T08:28:53,Chaos Core,707363,31831335,45,,729245
2502,2026-09-22T10:25:43,2026-09-22T08:28:53,Chaos Core,707363,21220890,30,,729245
2503,2026-09-22T10:26:44,2026-09-22T08:28:53,Chaos Core,707363,24050342,34,,729247
2504,2026-09-22T10:27:00,2026-09-22T08:28:53,Chaos Core,707363,707363,1,,729247
2505,2026-09-22T10:27:05,2026-09-22T08:28:53,Chaos Core,707363,707363,1,,729247
2506,2026-09-22T10:27:40,2026-09-22T08:28:53,Upgrade Core Set (Ultimate) X 35,440420,15414700,35,,458330
2507,2026-09-22T10:27:43,2026-09-22T08:28:53,Upgrade Core Set (Ultimate) X 100,440420,44042000,100,,458330
2508,2026-09-22T10:37:09,2026-09-22T08:28:53,Chaos Core Set X 156,699998,109199843,156,,719245
2509,2026-09-22T10:37:28,2026-09-22T08:28:53,Chaos Core Set X 330,699998,230999669,330,,719245
2510,2026-09-22T10:37:54,2026-09-22T08:28:53,Force Core Set (High) X 1,188400,5652000,30,,194981
2511,2026-09-22T10:37:58,2026-09-22T08:28:53,Force Core Set (High) X 1,188400,23173200,123,,194981
2512,2026-09-22T10:38:03,2026-09-22T08:28:53,Force Core Set (High) X 1,188400,8854800,47,,194981
2513,2026-09-22T10:39:00,2026-09-22T08:28:53,Chaos Core,729999,729999,1,,
2514,2026-09-22T10:40:26,2026-09-22T08:28:53,Blessing Bead - Superior,163844410,163844410,1,,
2515,2026-09-22T10:41:34,2026-09-22T08:28:53,Chaos Core,729999,729999,1,,
2516,2026-09-22T10:51:41,2026-09-22T08:28:53,Force Core Set (High) X 10,188400,11304000,60,,194967
2517,2026-09-22T10:51:44,2026-09-22T08:28:53,Force Core Set (High) X 19,188400,3579600,19,,194967
2518,2026-09-22T10:51:47,2026-09-22T08:28:53,Force Core Set (High) X 26,188400,4898400,26,,194967
2519,2026-09-22T10:51:50,2026-09-22T08:28:53,Force Core Set (High) X 52,188400,9796800,52,,194967
2520,2026-09-22T10:51:53,2026-09-22T08:28:53,Force Core Set (High) X 122,188400,22984800,122,,194967
2521,2026-09-22T10:53:11,2026-09-22T08:28:53,Chaos Core,726000,726000,1,,
2522,2026-09-22T10:54:26,2026-09-22T08:28:53,Chaos Core,726000,726000,1,,
2523,2026-09-22T10:59:14,2026-09-22T08:28:53,Chaos Core,722200,722200,1,,
2524,2026-09-22T11:00:31,2026-09-22T08:28:53,Chaos Core,722200,722200,1,,
2525,2026-09-22T11:04:24,2026-09-22T08:28:53,Chaos Core,722222,179833278,249,,727991
2526,2026-09-22T11:05:40,2026-09-22T08:28:53,Chaos Core,722222,179833278,249,,727990
2527,2026-09-22T11:08:43,2026-09-22T08:28:53,Chaos Core,722222,722222,1,,
2528,2026-09-22T11:12:53,2026-09-22T08:28:53,Chaos Core,722222,15888884,22,,727979
2529,2026-09-22T11:13:00,2026-09-22T08:28:53,Chaos Core,722222,27444436,38,,727979
2530,2026-09-22T11:13:11,2026-09-22T08:28:53,Chaos Core,722222,179833278,249,,727979
2531,2026-09-22T11:14:22,2026-09-22T08:28:53,Chaos Core,722222,14444440,20,,727978
2532,2026-09-22T11:14:38,2026-09-22T08:28:53,Chaos Core,726000,726000,1,,727978
2533,2026-09-22T11:15:59,2026-09-22T08:28:53,Chaos Core,726000,726000,1,,
2534,2026-09-22T11:17:22,2026-09-22T08:28:53,Chaos Core,726000,726000,1,,
2535,2026-09-22T11:22:43,2026-09-22T08:28:53,Chaos Core,718712,17249088,24,,727962
2536,2026-09-22T11:22:54,2026-09-22T08:28:53,Chaos Core,720000,72000000,100,,727962
2537,2026-09-22T11:23:09,2026-09-22T08:28:53,Chaos Core,726000,1452000,2,,727962
2538,2026-09-22T11:29:55,2026-09-22T08:28:53,Chaos Core,718712,89839000,125,,727947
2539,2026-09-22T11:30:05,2026-09-22T08:28:53,Chaos Core,726000,726000,1,,727947
2540,2026-09-22T11:31:20,2026-09-22T08:28:53,Chaos Core,726000,726000,1,,
2541,2026-09-22T11:32:37,2026-09-22T08:28:53,Chaos Core,724641,724641,1,,
2542,2026-09-22T11:37:29,2026-09-22T08:28:53,Upgrade Core Set (Ultimate) X 1,440427,440427,1,,457900
2543,2026-09-22T11:37:34,2026-09-22T08:28:53,Upgrade Core Set (Ultimate) X 10,440427,66064050,150,,457900
2544,2026-09-22T11:37:38,2026-09-22T08:28:53,Upgrade Core Set (Ultimate) X 10,440427,22021350,50,,457900
2545,2026-09-22T11:38:37,2026-09-22T08:28:53,Chaos Core,722809,722809,1,,
2546,2026-09-22T11:44:48,2026-09-22T08:28:53,Chaos Core,720995,720995,1,,
2547,2026-09-22T11:46:05,2026-09-22T08:28:53,Chaos Core,720416,720416,1,,
2548,2026-09-22T11:51:15,2026-09-22T08:28:53,Chaos Core,719770,719770,1,,
2549,2026-09-22T11:52:31,2026-09-22T08:28:53,Chaos Core,719105,719105,1,,
2550,2026-09-22T11:57:39,2026-09-22T08:28:53,Chaos Core,718458,718458,1,,
2551,2026-09-22T11:58:58,2026-09-22T08:28:53,Chaos Core,718458,718458,1,,
2552,2026-09-22T12:04:52,2026-09-22T08:28:53,Armor Account bind Seal Stone,187500000,187500000,1,,
2553,2026-09-22T12:16:04,2026-09-22T08:28:53,Force Core Set (Ultimate) X 1,350000,17150000,49,,384900
2554,2026-09-22T12:16:08,2026-09-22T08:28:53,Force Core Set (Ultimate) X 1,350000,700000,2,,384900
2555,2026-09-22T12:16:13,2026-09-22T08:28:53,Force Core Set (Ultimate) X 1,350000,14350000,41,,384900
2556,2026-09-22T12:16:17,2026-09-22T08:28:53,Force Core Set (Ultimate) X 1,350000,350000,1,,384900
2557,2026-09-22T12:16:21,2026-09-22T08:28:53,Force Core Set (Ultimate) X 1,350000,37450000,107,,384900
2558,2026-09-22T12:28:38,2026-09-22T08:28:53,Upgrade Core Set (Ultimate) X 11,440427,4844697,11,,457841
2559,2026-09-22T12:28:41,2026-09-22T08:28:53,Upgrade Core Set (Ultimate) X 18,440427,7927686,18,,457841
2560,2026-09-22T12:28:45,2026-09-22T08:28:53,Upgrade Core Set (Ultimate) X 94,440427,41400138,94,,457841
2561,2026-09-22T12:29:46,2026-09-22T08:28:53,Chaos Core,713000,713000,1,,
2562,2026-09-22T12:32:22,2026-09-22T08:28:53,Chaos Core,712444,712444,1,,
2563,2026-09-22T12:34:16,2026-09-22T08:28:53,Chaos Core,711920,711920,1,,
2564,2026-09-22T12:37:23,2026-09-22T08:28:53,Chaos Core,709872,7098720,10,,727823
2565,2026-09-22T12:37:33,2026-09-22T08:28:53,Chaos Core,711920,54105920,76,,727823
2566,2026-09-22T12:37:45,2026-09-22T08:28:53,Chaos Core,711920,81158880,114,,727823
2567,2026-09-22T12:37:49,2026-09-22T08:28:53,Chaos Core,709872,709872,1,,727823
2568,2026-09-22T12:44:33,2026-09-22T08:28:53,Chaos Core,716260,86667460,121,,727815
2569,2026-09-22T12:44:48,2026-09-22T08:28:53,Chaos Core,716260,1432520,2,,727815
2570,2026-09-22T12:45:51,2026-09-22T08:28:53,Chaos Core,716260,89532500,125,,727813
2571,2026-09-22T12:45:58,2026-09-22T08:28:53,Chaos Core,716260,716260,1,,727813
2572,2026-09-22T12:47:04,2026-09-22T08:28:53,Chaos Core,717305,28692200,40,,727812
2573,2026-09-22T12:47:23,2026-09-22T08:28:53,Chaos Core,717305,121941850,170,,727812
2574,2026-09-22T12:48:40,2026-09-22T08:28:53,Chaos Core,717305,106878445,149,,727811
2575,2026-09-22T12:48:44,2026-09-22T08:28:53,Chaos Core,716260,716260,1,,727811
2576,2026-09-22T12:49:53,2026-09-22T08:28:53,Chaos Core,716260,28650400,40,,727809
2577,2026-09-22T12:50:03,2026-09-22T08:28:53,Chaos Core,717305,69578585,97,,727809
2578,2026-09-22T12:50:14,2026-09-22T08:28:53,Chaos Core,718458,718458,1,,727809
2579,2026-09-22T12:52:53,2026-09-22T08:28:53,Chaos Core,719000,719000,1,,
2580,2026-09-22T12:54:12,2026-09-22T08:28:53,Chaos Core,716146,716146,1,,
2581,2026-09-22T12:59:40,2026-09-22T08:28:53,Chaos Core,717305,717305,1,,
2582,2026-09-22T13:00:59,2026-09-22T08:28:53,Chaos Core,716675,716675,1,,
2583,2026-09-22T13:04:22,2026-09-22T08:28:53,Chaos Core,716104,15038184,21,,727793
2584,2026-09-22T13:04:32,2026-09-22T08:28:53,Chaos Core,716104,135343656,189,,727793
2585,2026-09-22T13:05:58,2026-09-22T08:28:53,Chaos Core,716675,58767350,82,,727807
2586,2026-09-22T13:06:13,2026-09-22T08:28:53,Chaos Core,716675,81700950,114,,727807
2587,2026-09-22T13:06:30,2026-09-22T08:28:53,Chaos Core,717305,1434610,2,,727807
2588,2026-09-22T13:12:47,2026-09-22T08:28:53,Chaos Core,718458,718458,1,,727807
2589,2026-09-22T13:12:53,2026-09-22T08:28:53,Chaos Core,714911,714911,1,,727807
2590,2026-09-22T13:12:58,2026-09-22T08:28:53,Chaos Core,715477,715477,1,,727807
2591,2026-09-22T13:13:04,2026-09-22T08:28:53,Chaos Core,716104,716104,1,,727807
2592,2026-09-22T13:13:10,2026-09-22T08:28:53,Chaos Core,716675,716675,1,,727807
2593,2026-09-22T13:13:16,2026-09-22T08:28:53,Chaos Core,716675,716675,1,,727807
2594,2026-09-22T13:13:22,2026-09-22T08:28:53,Chaos Core,717305,717305,1,,727807
2595,2026-09-22T13:13:28,2026-09-22T08:28:53,Chaos Core,717305,717305,1,,727807
2596,2026-09-22T13:13:34,2026-09-22T08:28:53,Chaos Core,717305,717305,1,,727807
2597,2026-09-22T13:13:40,2026-09-22T08:28:53,Chaos Core,718458,718458,1,,727807
2598,2026-09-22T13:13:46,2026-09-22T08:28:53,Chaos Core,719105,719105,1,,727807
2599,2026-09-22T13:13:52,2026-09-22T08:28:53,Chaos Core,719105,719105,1,,727807
2600,2026-09-22T13:13:57,2026-09-22T08:28:53,Chaos Core,719105,719105,1,,727807
2601,2026-09-22T13:15:17,2026-09-22T08:28:53,Chaos Core,720000,720000,1,,727807
2602,2026-09-22T13:15:25,2026-09-22T08:28:53,Chaos Core,720000,96480000,134,,727807
2603,2026-09-22T13:15:32,2026-09-22T08:28:53,Chaos Core,720000,1440000,2,,727807
2604,2026-09-22T13:16:57,2026-09-22T08:28:53,Chaos Core,721518,721518,1,,
2605,2026-09-22T13:18:21,2026-09-22T08:28:53,Chaos Core,721519,721519,1,,
2606,2026-09-22T13:25:33,2026-09-22T08:28:53,Chaos Core,720000,72720000,101,,727801
2607,2026-09-22T13:25:41,2026-09-22T08:28:53,Chaos Core,720000,720000,1,,727801
2608,2026-09-22T13:26:35,2026-09-22T08:28:53,Chaos Core,720000,16560000,23,,727800
2609,2026-09-22T13:27:00,2026-09-22T08:28:53,Chaos Core,724641,724641,1,,727800
2610,2026-09-22T13:27:54,2026-09-22T08:28:53,Upgrade Core Set (Ultimate) X 1,440426,440426,1,,457819
2611,2026-09-22T13:27:57,2026-09-22T08:28:53,Upgrade Core Set (Ultimate) X 10,440426,4404269,10,,457819
2612,2026-09-22T13:28:01,2026-09-22T08:28:53,Upgrade Core Set (Ultimate) X 20,440426,8808520,20,,457819
2613,2026-09-22T13:28:05,2026-09-22T08:28:53,Upgrade Core Set (Ultimate) X 22,440426,9689372,22,,457819
2614,2026-09-22T13:28:15,2026-09-22T08:28:53,Upgrade Core Set (Ultimate) X 63,4624473,27746838,6,,457819
2615,2026-09-22T13:35:50,2026-09-22T08:28:53,Chaos Core,720000,720000,1,,
2616,2026-09-22T13:37:22,2026-09-22T08:28:53,Chaos Core,726000,726000,1,,
2617,2026-09-22T13:41:28,2026-09-22T08:28:53,Chaos Core,717458,82507670,115,,727795
2618,2026-09-22T13:41:36,2026-09-22T08:28:53,Chaos Core,717458,1434916,2,,727795
2619,2026-09-22T13:42:31,2026-09-22T08:28:53,Chaos Core,717458,141339226,197,,727794
2620,2026-09-22T13:42:39,2026-09-22T08:28:53,Chaos Core,717458,717458,1,,727794
2621,2026-09-22T13:43:34,2026-09-22T08:28:53,Upgrade Core Set (Ultimate) X 1,440426,7487242,17,,457819
2622,2026-09-22T13:43:38,2026-09-22T08:28:53,Upgrade Core Set (Ultimate) X 4,440426,1761704,4,,457819
2623,2026-09-22T13:43:43,2026-09-22T08:28:53,Upgrade Core Set (Ultimate) X 10,440426,52851120,120,,457819
2624,2026-09-22T13:43:47,2026-09-22T08:28:53,Upgrade Core Set (Ultimate) X 64,440426,28187264,64,,457819
2625,2026-09-22T13:50:14,2026-09-22T08:28:53,Upgrade Core Set (Ultimate) X 19,440427,8368113,19,,457818
2626,2026-09-22T13:57:24,2026-09-22T08:28:53,Chaos Core,715694,715694,1,,
2627,2026-09-22T13:58:50,2026-09-22T08:28:53,Chaos Core,715694,715694,1,,
2628,2026-09-22T14:04:12,2026-09-22T08:28:53,Chaos Core,716951,716951,1,,
2629,2026-09-22T14:05:45,2026-09-22T08:28:53,Chaos Core,717458,717458,1,,
2630,2026-09-22T14:07:52,2026-09-22T08:28:53,Chaos Core,707461,9196993,13,,727779
2631,2026-09-22T14:08:25,2026-09-22T08:28:53,Chaos Core,726000,1452000,2,,727779
2632,2026-09-22T14:10:58,2026-09-22T08:28:53,Chaos Core,707461,133002668,188,,727777
2633,2026-09-22T14:11:14,2026-09-22T08:28:53,Chaos Core,726000,726000,1,,727777
2634,2026-09-22T14:14:16,2026-09-22T08:28:53,Chaos Core,724213,724213,1,,
2635,2026-09-22T14:15:44,2026-09-22T08:28:53,Chaos Core,724213,724213,1,,
2636,2026-09-22T14:31:54,2026-09-22T08:28:53,Upgrade Core Set (Ultimate) X 98,440427,43161846,98,,457790
2637,2026-09-22T14:42:19,2026-09-22T14:38:22,Chaos Core,728209,728209,1,,
2638,2026-09-22T14:43:51,2026-09-22T14:38:22,Chaos Core,728209,728209,1,,
2639,2026-09-22T14:59:09,2026-09-22T14:38:22,Chaos Core,720700,23062400,32,,727706
2640,2026-09-22T14:59:36,2026-09-22T14:38:22,Chaos Core,723579,723579,1,,727706
2641,2026-09-22T15:00:30,2026-09-22T14:38:22,Upgrade Core Set (Ultimate) X 18,440427,7927686,18,,457766
2642,2026-09-22T15:02:39,2026-09-22T14:38:22,Chaos Core,723579,723579,1,,
2643,2026-09-22T15:07:06,2026-09-22T14:38:22,Upgrade Core Set (Ultimate) X 34,440427,14974518,34,,457758
2644,2026-09-22T15:08:18,2026-09-22T14:38:22,Chaos Core,724178,724178,1,,
2645,2026-09-22T15:09:38,2026-09-22T14:38:22,Chaos Core,724178,724178,1,,
2646,2026-09-22T15:43:19,2026-09-22T14:38:22,Chaos Core,710445,39074475,55,,727642
2647,2026-09-22T15:43:30,2026-09-22T14:38:22,Chaos Core,710445,66781830,94,,727642
2648,2026-09-22T15:43:48,2026-09-22T14:38:22,Chaos Core,723178,723178,1,,727642
2649,2026-09-22T15:47:04,2026-09-22T14:38:22,Chaos Core,723178,723178,1,,
2650,2026-09-22T15:49:25,2026-09-22T14:38:22,Chaos Core,707982,707982,1,,
2651,2026-09-22T15:54:16,2026-09-22T14:38:22,Chaos Core,722000,33212000,46,,727625
2652,2026-09-22T15:54:23,2026-09-22T14:38:22,Chaos Core,706194,706194,1,,727625
2653,2026-09-22T15:54:42,2026-09-22T14:38:22,Chaos Core,707982,707982,1,,727625
2654,2026-09-22T15:55:02,2026-09-22T14:38:22,Chaos Core,709260,709260,1,,727625
2655,2026-09-22T15:55:22,2026-09-22T14:38:22,Chaos Core,710445,710445,1,,727625
2656,2026-09-22T15:55:39,2026-09-22T14:38:22,Chaos Core,710445,710445,1,,727625
2657,2026-09-22T15:55:58,2026-09-22T14:38:22,Chaos Core,710445,710445,1,,727625
2658,2026-09-22T15:56:05,2026-09-22T14:38:22,Chaos Core,706322,706322,1,,727625
2659,2026-09-22T15:56:26,2026-09-22T14:38:22,Chaos Core,717590,717590,1,,727625
2660,2026-09-22T15:56:44,2026-09-22T14:38:22,Chaos Core,721092,721092,1,,727625
2661,2026-09-22T15:57:03,2026-09-22T14:38:22,Chaos Core,706218,706218,1,,727625
2662,2026-09-22T15:57:24,2026-09-22T14:38:22,Chaos Core,723178,723178,1,,727625
2663,2026-09-22T15:58:21,2026-09-22T14:38:22,Chaos Core,721000,82194000,114,,727619
2664,2026-09-22T16:17:07,2026-09-22T14:38:22,Chaos Core,706192,31778640,45,,727587
2665,2026-09-22T16:17:28,2026-09-22T14:38:22,Chaos Core,710000,25560000,36,,727587
2666,2026-09-22T16:17:53,2026-09-22T14:38:22,Chaos Core,710000,80940000,114,,727587
2667,2026-09-22T16:24:31,2026-09-22T14:38:22,Chaos Core,702576,3512880,5,,727580
2668,2026-09-22T16:24:56,2026-09-22T14:38:22,Chaos Core,721000,82194000,114,,727580
2669,2026-09-22T16:25:21,2026-09-22T14:38:22,Chaos Core,721000,721000,1,,727580
2670,2026-09-22T16:27:24,2026-09-22T14:38:22,Chaos Core,721000,82915000,115,,727578
2671,2026-09-22T16:27:33,2026-09-22T14:38:22,Chaos Core,698506,698506,1,,727578
2672,2026-09-22T16:34:40,2026-09-22T14:38:22,Chaos Core,699123,699123,1,,727578
2673,2026-09-22T16:36:25,2026-09-22T14:38:22,Chaos Core,723178,723178,1,,
2674,2026-09-22T16:37:53,2026-09-22T14:38:22,Chaos Core,726998,726998,1,,
2675,2026-09-22T16:49:57,2026-09-22T14:38:22,Chaos Core,717730,73208460,102,,727558
2676,2026-09-22T16:51:00,2026-09-22T14:38:22,Chaos Core,718392,7902312,11,,727555
2677,2026-09-22T16:51:47,2026-09-22T14:38:22,Chaos Core,726998,726998,1,,727555
2678,2026-09-22T17:17:08,2026-09-22T14:38:22,Chaos Core,710365,710365,1,,
2679,2026-09-22T17:18:34,2026-09-22T14:38:22,Chaos Core,709761,709761,1,,
2680,2026-09-22T17:38:23,2026-09-22T14:38:22,Chaos Core,701999,701999,1,,
2681,2026-09-22T17:39:52,2026-09-22T14:38:22,Chaos Core,700265,700265,1,,
2682,2026-09-22T17:45:22,2026-09-22T14:38:22,Force Core Set (High) X 1,190085,6652975,35,,198000
2683,2026-09-22T17:45:31,2026-09-22T14:38:22,Force Core Set (High) X 1,190085,21859775,115,,198000
2684,2026-09-22T17:45:38,2026-09-22T14:38:22,Force Core Set (High) X 1,190085,9504250,50,,198000
2685,2026-09-22T17:46:38,2026-09-22T14:38:22,Force Core Set (High) X 100,190085,38017000,200,,197999
2686,2026-09-22T17:47:26,2026-09-22T14:38:22,Force Core Set (High) X 100,190085,38017000,200,,197998
2687,2026-09-22T17:48:49,2026-09-22T14:38:22,Chaos Core,699588,699588,1,,
2688,2026-09-22T17:49:57,2026-09-22T14:38:22,Chaos Core,699588,699588,1,,
2689,2026-09-22T17:56:52,2026-09-22T14:38:22,Chaos Core,696729,696729,1,,
2690,2026-09-22T17:57:47,2026-09-22T14:38:22,Chaos Core,696058,696058,1,,
2691,2026-09-22T18:04:58,2026-09-22T14:38:22,Chaos Core,699588,699588,1,,
2692,2026-09-22T18:05:59,2026-09-22T14:38:22,Chaos Core,699588,699588,1,,
2693,2026-09-22T18:09:36,2026-09-22T14:38:22,Chaos Core,699588,68559624,98,,727388
2694,2026-09-22T18:09:57,2026-09-22T14:38:22,Chaos Core,700000,61600000,88,,727388
2695,2026-09-22T23:35:51,2026-09-22T23:33:34,Chaos Core,711033,711033,1,,
2696,2026-09-22T23:36:34,2026-09-22T23:33:34,Chaos Core,711033,14931693,21,,724913
2697,2026-09-22T23:36:49,2026-09-22T23:33:34,Chaos Core,711033,8532396,12,,724913
2698,2026-09-22T23:37:06,2026-09-22T23:33:34,Chaos Core,711654,89668404,126,,724913
2699,2026-09-22T23:45:24,2026-09-22T23:42:43,Chaos Core,711654,67607130,95,,723983
2700,2026-09-22T23:45:36,2026-09-22T23:42:43,Chaos Core,711654,34871046,49,,723983
2701,2026-09-22T23:47:41,2026-09-22T23:42:43,Chaos Core,712230,712230,1,,
2702,2026-09-22T23:53:08,2026-09-22T23:50:27,Force Core Set (High) X 100,189506,37901200,200,,197812
2703,2026-09-22T23:53:38,2026-09-22T23:50:27,Force Core Set (High) X 140,189506,26530840,140,,197810
2704,2026-09-22T23:53:42,2026-09-22T23:50:27,Force Core Set (High) X 99,189869,18797031,99,,197810
2705,2026-09-22T23:54:22,2026-09-22T23:50:27,Force Core Set (Ultimate) X 10,349999,3499990,10,,383998
2706,2026-09-22T23:54:25,2026-09-22T23:50:27,Force Core Set (Ultimate) X 10,349999,3499990,10,,383998
2707,2026-09-23T00:01:06,2026-09-22T23:50:27,Force Core Set (High) X 100,189506,18950600,100,,197808
2708,2026-09-23T00:01:48,2026-09-22T23:50:27,Force Core Set (Ultimate) X 10,349999,20999940,60,,383996
2709,2026-09-23T00:08:39,2026-09-23T00:05:55,Upgrade Core Set (Ultimate) X 5,440427,2202135,5,,457440
2710,2026-09-23T00:10:23,2026-09-23T00:05:55,Chaos Core,705000,705000,1,,
2711,2026-09-23T00:23:50,2026-09-23T00:21:06,Force Core Set (Ultimate) X 4,349999,1399996,4,,383987
2712,2026-09-23T00:25:16,2026-09-23T00:21:06,Chaos Core,719999,719999,1,,
2713,2026-09-23T00:30:28,2026-09-23T00:27:49,Force Core Set (High) X 10,189506,18950600,100,,197787
2714,2026-09-23T00:30:31,2026-09-23T00:27:49,Force Core Set (High) X 12,189506,2274072,12,,197787
2715,2026-09-23T00:30:34,2026-09-23T00:27:49,Force Core Set (High) X 26,189506,4927156,26,,197787
2716,2026-09-23T00:30:37,2026-09-23T00:27:49,Force Core Set (High) X 75,189506,14212950,75,,197787
2717,2026-09-23T00:32:04,2026-09-23T00:27:49,Chaos Core,719999,719999,1,,
2718,2026-09-23T00:36:20,2026-09-23T00:27:49,Force Core Set (High) X 55,189506,10422830,55,,197781
2719,2026-09-23T00:36:23,2026-09-23T00:27:49,Force Core Set (High) X 267,189506,50598102,267,,197781
2720,2026-09-23T00:38:12,2026-09-23T00:27:49,Chaos Core,718630,718630,1,,
2721,2026-09-23T00:43:32,2026-09-23T00:40:49,Chaos Core,717947,178050856,248,,723928
2722,2026-09-23T00:43:44,2026-09-23T00:40:49,Chaos Core,719999,719999,1,,723928
2723,2026-09-23T00:52:15,2026-09-23T00:48:15,Chaos Core,719999,719999,1,,
2724,2026-09-23T03:14:20,2026-09-23T03:12:04,Chaos Core,717100,717100,1,,
2725,2026-09-23T03:20:37,2026-09-23T03:16:22,Chaos Core,716461,81676554,114,,721984
2726,2026-09-23T03:24:37,2026-09-23T03:16:22,Chaos Core,717100,717100,1,,
2727,2026-09-23T03:27:40,2026-09-23T03:16:22,Chaos Core,714168,144261936,202,,721977
2728,2026-09-23T03:27:45,2026-09-23T03:16:22,Chaos Core,714168,1428336,2,,721977
2729,2026-09-23T03:28:44,2026-09-23T03:16:22,Chaos Core,714168,75701808,106,,721977
2730,2026-09-23T03:30:07,2026-09-23T03:16:22,Chaos Core,714168,1428336,2,,721977
2731,2026-09-23T03:31:02,2026-09-23T03:16:22,Chaos Core,714168,9284184,13,,721975
2732,2026-09-23T03:31:14,2026-09-23T03:16:22,Chaos Core,714168,138548592,194,,721975
2733,2026-09-23T03:32:20,2026-09-23T03:16:22,Chaos Core,715936,715936,1,,721970
2734,2026-09-23T03:32:25,2026-09-23T03:16:22,Chaos Core,709366,709366,1,,721970
2735,2026-09-23T03:32:30,2026-09-23T03:16:22,Chaos Core,710000,710000,1,,721970
2736,2026-09-23T03:32:36,2026-09-23T03:16:22,Chaos Core,710000,4260000,6,,721970
2737,2026-09-23T03:32:41,2026-09-23T03:16:22,Chaos Core,714168,714168,1,,721970
2738,2026-09-23T03:32:46,2026-09-23T03:16:22,Chaos Core,714168,714168,1,,721970
2739,2026-09-23T03:32:52,2026-09-23T03:16:22,Chaos Core,714168,714168,1,,721970
2740,2026-09-23T03:32:57,2026-09-23T03:16:22,Chaos Core,714168,714168,1,,721970
2741,2026-09-23T03:33:02,2026-09-23T03:16:22,Chaos Core,714168,714168,1,,721970
2742,2026-09-23T03:33:12,2026-09-23T03:16:22,Chaos Core,714775,714775,1,,721970
2743,2026-09-23T03:33:22,2026-09-23T03:16:22,Chaos Core,715286,715286,1,,721970
2744,2026-09-23T03:33:40,2026-09-23T03:16:22,Chaos Core,717100,1434200,2,,721970
2745,2026-09-23T03:42:58,2026-09-23T03:40:14,Chaos Core,712152,38456208,54,,721964
2746,2026-09-23T03:43:07,2026-09-23T03:40:14,Chaos Core,712152,140293944,197,,721964
2747,2026-09-23T03:43:21,2026-09-23T03:40:14,Chaos Core,717100,717100,1,,721964
2748,2026-09-23T04:37:47,2026-09-23T04:28:43,Chaos Core,708748,19136196,27,,721400
2749,2026-09-23T04:37:56,2026-09-23T04:28:43,Chaos Core,708748,176478252,249,,721400
2750,2026-09-23T04:39:11,2026-09-23T04:28:43,Chaos Core,708090,66560460,94,,721399
2751,2026-09-23T04:39:21,2026-09-23T04:28:43,Chaos Core,708748,1417496,2,,721399
2752,2026-09-23T04:40:24,2026-09-23T04:28:43,Chaos Core,708748,708748,1,,715554
2753,2026-09-23T04:40:29,2026-09-23T04:28:43,Chaos Core,708090,708090,1,,715554
2754,2026-09-23T04:40:47,2026-09-23T04:28:43,Chaos Core,708748,708748,1,,715554
2755,2026-09-23T04:40:50,2026-09-23T04:28:43,Chaos Core,708748,708748,1,,715554
2756,2026-09-23T04:41:03,2026-09-23T04:28:43,Chaos Core,708748,708748,1,,715554
2757,2026-09-23T04:41:08,2026-09-23T04:28:43,Chaos Core,708748,3543740,5,,715554
2758,2026-09-23T04:41:13,2026-09-23T04:28:43,Chaos Core,708748,708748,1,,715554
2759,2026-09-23T04:41:18,2026-09-23T04:28:43,Chaos Core,708748,708748,1,,715554
2760,2026-09-23T04:41:23,2026-09-23T04:28:43,Chaos Core,708748,708748,1,,715554
2761,2026-09-23T04:41:28,2026-09-23T04:28:43,Chaos Core,708748,708748,1,,715554
2762,2026-09-23T04:41:34,2026-09-23T04:28:43,Chaos Core,710000,710000,1,,715554
2763,2026-09-23T04:41:40,2026-09-23T04:28:43,Chaos Core,710000,75970000,107,,715554
2764,2026-09-23T04:41:45,2026-09-23T04:28:43,Chaos Core,710000,710000,1,,715554
2765,2026-09-23T04:43:43,2026-09-23T04:28:43,Force Core Set (High) X 30,188998,5669940,30,,196990
2766,2026-09-23T04:43:46,2026-09-23T04:28:43,Force Core Set (High) X 113,188998,21356800,113,,196990
2767,2026-09-23T04:43:49,2026-09-23T04:28:43,Force Core Set (High) X 144,188998,27215712,144,,196990
2768,2026-09-23T04:44:38,2026-09-23T04:28:43,Force Core Set (Ultimate) X 141,365349,51514209,141,,382996
2769,2026-09-23T04:44:44,2026-09-23T04:28:43,Force Core Set (Ultimate) X 1,365365,6576570,18,,382996
2770,2026-09-23T04:59:48,2026-09-23T04:55:33,Chaos Core,711000,711000,1,,
2771,2026-09-23T05:06:21,2026-09-23T04:55:33,Chaos Core,709760,62458880,88,,715535
2772,2026-09-23T05:06:34,2026-09-23T04:55:33,Chaos Core,711000,711000,1,,715535
2773,2026-09-23T05:06:44,2026-09-23T04:55:33,Chaos Core,711000,711000,1,,715535
2774,2026-09-23T05:09:27,2026-09-23T04:55:33,Chaos Core,707690,71476690,101,,715531
2775,2026-09-23T05:09:33,2026-09-23T04:55:33,Chaos Core,708254,708254,1,,715531
2776,2026-09-23T05:10:21,2026-09-23T04:55:33,Chaos Core,707690,49538300,70,,715530
2777,2026-09-23T05:10:35,2026-09-23T04:55:33,Chaos Core,707690,1415380,2,,715530
2778,2026-09-23T05:50:39,2026-09-23T05:48:04,Chaos Core,699724,97261636,139,,705545
2779,2026-09-23T05:50:48,2026-09-23T05:48:04,Chaos Core,700938,1401876,2,,705545
2780,2026-09-23T06:20:24,2026-09-23T06:17:58,Chaos Core,704805,704805,1,,
2781,2026-09-23T07:07:20,2026-09-23T07:05:05,Chaos Core,692769,692769,1,,
2782,2026-09-23T07:15:08,2026-09-23T07:05:05,Chaos Core,691004,61499356,89,,705480
2783,2026-09-23T07:15:14,2026-09-23T07:05:05,Chaos Core,680000,149600000,220,,705480
2784,2026-09-23T07:16:40,2026-09-23T07:05:05,Chaos Core,680000,123080000,181,,705479
2785,2026-09-23T07:16:47,2026-09-23T07:05:05,Chaos Core,680000,1360000,2,,705479
2786,2026-09-23T07:22:11,2026-09-23T07:05:05,Chaos Core,679348,45516316,67,,705474
2787,2026-09-23T07:22:16,2026-09-23T07:05:05,Chaos Core,674396,31696612,47,,705474
2788,2026-09-23T07:23:22,2026-09-23T07:05:05,Chaos Core,674396,1348792,2,,705469
2789,2026-09-23T07:23:28,2026-09-23T07:05:05,Chaos Core,673000,68646000,102,,705469
2790,2026-09-23T07:23:39,2026-09-23T07:05:05,Chaos Core,684377,684377,1,,705469
2791,2026-09-23T07:27:40,2026-09-23T07:05:05,Chaos Core,692224,692224,1,,
2792,2026-09-23T07:40:17,2026-09-23T07:37:43,Chaos Core,677644,3388220,5,,705000
2793,2026-09-23T07:40:24,2026-09-23T07:37:43,Chaos Core,677644,168733356,249,,705000
2794,2026-09-23T07:40:37,2026-09-23T07:37:43,Chaos Core,692224,692224,1,,705000
2795,2026-09-23T07:41:37,2026-09-23T07:37:43,Force Core Set (High) X 30,150000,4500000,30,,196855
2796,2026-09-23T07:41:40,2026-09-23T07:37:43,Force Core Set (High) X 77,150000,11550000,77,,196855
2797,2026-09-23T07:41:43,2026-09-23T07:37:43,Force Core Set (High) X 103,150000,15450000,103,,196855
2798,2026-09-23T07:44:19,2026-09-23T07:37:43,Chaos Core,696700,79423800,114,,704994
2799,2026-09-23T07:45:41,2026-09-23T07:37:43,Chaos Core,696700,117742300,169,,704990
2800,2026-09-23T07:45:51,2026-09-23T07:37:43,Chaos Core,700000,1400000,2,,704990
2801,2026-09-23T19:39:04,2026-09-23T19:33:25,Chaos Core,730000,730000,1,,
2802,2026-09-23T19:39:57,2026-09-23T19:33:25,Force Core Set (High) X 10,190084,1900840,10,,196799
2803,2026-09-23T19:40:00,2026-09-23T19:33:25,Force Core Set (High) X 100,190084,19008400,100,,196799
2804,2026-09-23T19:47:31,2026-09-23T19:33:25,Chaos Core,730000,730000,1,,
2805,2026-09-23T19:54:32,2026-09-23T19:33:25,Force Core Set (High) X 182,190084,34595288,182,,196798
2806,2026-09-23T19:56:33,2026-09-23T19:33:25,Chaos Core,730000,730000,1,,
2807,2026-09-23T19:58:14,2026-09-23T19:33:25,Force Core Set (High) X 60,190084,11405040,60,,196795
2808,2026-09-23T20:09:00,2026-09-23T19:33:25,Chaos Core,725672,725672,1,,
2809,2026-09-23T20:13:46,2026-09-23T19:33:25,Chaos Core,715903,24340702,34,,727204
2810,2026-09-23T20:13:51,2026-09-23T19:33:25,Chaos Core,715000,178035000,249,,727204
2811,2026-09-23T20:13:56,2026-09-23T19:33:25,Chaos Core,715000,1430000,2,,727204
2812,2026-09-23T20:15:00,2026-09-23T19:33:25,Chaos Core,715903,25772508,36,,727203
2813,2026-09-23T20:15:42,2026-09-23T19:33:25,Chaos Core,715000,715000,1,,727204
2814,2026-09-23T20:15:49,2026-09-23T19:33:25,Chaos Core,715000,17875000,25,,727204
2815,2026-09-23T20:16:01,2026-09-23T19:33:25,Chaos Core,723378,723378,1,,727204
2816,2026-09-23T20:18:03,2026-09-23T19:33:25,Chaos Core,715000,715000,1,,
2817,2026-09-23T20:19:06,2026-09-23T19:33:25,Chaos Core,715000,172315000,241,,727201
2818,2026-09-23T20:19:14,2026-09-23T19:33:25,Chaos Core,726315,1452630,2,,727201
2819,2026-09-23T20:25:18,2026-09-23T19:33:25,Chaos Core,713243,131236712,184,,727196
2820,2026-09-23T20:25:29,2026-09-23T19:33:25,Chaos Core,730000,1460000,2,,727196
2821,2026-09-23T20:31:29,2026-09-23T19:33:25,Chaos Core,730000,730000,1,,
2822,2026-09-23T20:38:07,2026-09-23T19:33:25,Chaos Core,730000,730000,1,,
2823,2026-09-23T20:42:41,2026-09-23T19:33:25,Chaos Core,730000,730000,1,,
2824,2026-09-23T20:45:52,2026-09-23T19:33:25,Chaos Core,730000,730000,1,,
2825,2026-09-23T20:49:04,2026-09-23T19:33:25,Chaos Core,730000,730000,1,,
2826,2026-09-23T21:18:54,2026-09-23T19:33:25,Chaos Core,720678,26665086,37,,727188
2827,2026-09-23T21:19:08,2026-09-23T19:33:25,Chaos Core,730000,1460000,2,,727188
2828,2026-09-23T21:23:06,2026-09-23T19:33:25,Chaos Core,719506,153974284,214,,727186
2829,2026-09-23T21:23:16,2026-09-23T19:33:25,Chaos Core,720678,1441356,2,,727186
2830,2026-09-23T21:35:23,2026-09-23T19:33:25,Chaos Core,715000,715000,1,,
2831,2026-09-23T21:36:26,2026-09-23T19:33:25,Chaos Core,714000,152796000,214,,727178
2832,2026-09-23T21:36:35,2026-09-23T19:33:25,Chaos Core,715903,1431806,2,,727178
2833,2026-09-23T21:37:37,2026-09-23T19:33:25,Chaos Core,715903,61567658,86,,727177
2834,2026-09-23T21:37:58,2026-09-23T19:33:25,Chaos Core,730000,730000,1,,727177
2835,2026-09-23T21:38:40,2026-09-23T19:33:25,Chaos Core,712000,83304000,117,,727176
2836,2026-09-23T21:38:51,2026-09-23T19:33:25,Chaos Core,715903,30067926,42,,727176
2837,2026-09-23T21:49:07,2026-09-23T19:33:25,Upgrade Core Set (Ultimate) X 54,438105,23657670,54,,452222
2838,2026-09-23T21:49:10,2026-09-23T19:33:25,Upgrade Core Set (Ultimate) X 1,438135,438135,1,,452222
2839,2026-09-23T21:49:14,2026-09-23T19:33:25,Upgrade Core Set (Ultimate) X 1,438135,63529575,145,,452222
2840,2026-09-23T21:49:52,2026-09-23T19:33:25,Upgrade Core Set (Ultimate) X 15,438428,6576420,15,,452221
2841,2026-09-23T21:49:54,2026-09-23T19:33:25,Upgrade Core Set (Ultimate) X 16,438428,7014848,16,,452221
2842,2026-09-23T21:49:57,2026-09-23T19:33:25,Upgrade Core Set (Ultimate) X 65,438428,28497820,65,,452221
2843,2026-09-23T21:50:00,2026-09-23T19:33:25,Upgrade Core Set (Ultimate) X 99,438428,43404372,99,,452221
2844,2026-09-23T21:50:03,2026-09-23T19:33:25,Upgrade Core Set (Ultimate) X 29,438571,12718559,29,,452221
2845,2026-09-23T21:50:33,2026-09-23T19:33:25,Upgrade Core Set (Ultimate) X 36,438571,15788556,36,,452222
2846,2026-09-23T21:50:38,2026-09-23T19:33:25,Upgrade Core Set (Ultimate) X 88,444695,39133160,88,,452222
2847,2026-09-23T21:55:11,2026-09-23T19:33:25,Chaos Core,709599,39737544,56,,727155
2848,2026-09-23T21:55:24,2026-09-23T19:33:25,Chaos Core,715903,94499196,132,,727155
2849,2026-09-23T21:55:36,2026-09-23T19:33:25,Chaos Core,715903,715903,1,,727155
2850,2026-09-23T21:56:26,2026-09-23T19:33:25,Force Core Set (Highest) X 28,181746,5088888,28,,190000
2851,2026-09-24T00:10:17,2026-09-24T00:07:56,Chaos Core,714622,714622,1,,
2852,2026-09-24T00:10:46,2026-09-24T00:07:56,Force Core Set (Highest) X 24,196296,4711111,24,,204880
2853,2026-09-24T00:10:51,2026-09-24T00:07:56,Force Core Set (Highest) X 10,196774,35419320,180,,204880
2854,2026-09-24T00:11:21,2026-09-24T00:07:56,Force Core Set (Highest) X 10,196774,1967740,10,,204880
2855,2026-09-24T00:11:25,2026-09-24T00:07:56,Force Core Set (Highest) X 10,196774,11806440,60,,204880
2856,2026-09-24T00:11:29,2026-09-24T00:07:56,Force Core Set (Highest) X 10,196774,25580620,130,,204880
2857,2026-09-24T00:11:55,2026-09-24T00:07:56,Upgrade Core Set (Ultimate) X 3,440440,1321320,3,,452137
2858,2026-09-24T00:12:03,2026-09-24T00:07:56,Upgrade Core Set (Ultimate) X 53,23343320,23343320,1,,452137
2859,2026-09-24T00:12:06,2026-09-24T00:07:56,Upgrade Core Set (Ultimate) X 64,440440,28188160,64,,452137
2860,2026-09-24T00:12:09,2026-09-24T00:07:56,Upgrade Core Set (Ultimate) X 241,440440,106146040,241,,452137
2861,2026-09-24T00:12:56,2026-09-24T00:07:56,Force Core Set (Ultimate) X 57,353531,20151300,57,,369811
2862,2026-09-24T00:12:59,2026-09-24T00:07:56,Force Core Set (Ultimate) X 115,353531,40656065,115,,369811
2863,2026-09-24T00:13:01,2026-09-24T00:07:56,Force Core Set (Ultimate) X 2,353532,707064,2,,369811
2864,2026-09-24T00:13:04,2026-09-24T00:07:56,Force Core Set (Ultimate) X 12,353532,4242384,12,,369811
2865,2026-09-24T00:18:42,2026-09-24T00:07:56,Force Core Set (Highest) X 9,196774,1770966,9,,204873
2866,2026-09-24T00:18:46,2026-09-24T00:07:56,Force Core Set (Highest) X 10,196774,3935480,20,,204873
2867,2026-09-24T00:18:50,2026-09-24T00:07:56,Force Core Set (Highest) X 10,196774,3935480,20,,204873
2868,2026-09-24T00:20:59,2026-09-24T00:07:56,Chaos Core,711540,81115560,114,,727040
2869,2026-09-24T00:21:04,2026-09-24T00:07:56,Chaos Core,711540,31307760,44,,727040
2870,2026-09-24T00:21:13,2026-09-24T00:07:56,Chaos Core,711540,711540,1,,727040
2871,2026-09-24T00:25:38,2026-09-24T00:07:56,Force Core Set (Ultimate) X 20,353532,7070640,20,,369805
2872,2026-09-24T00:25:41,2026-09-24T00:07:56,Force Core Set (Ultimate) X 23,353532,8131236,23,,369805
2873,2026-09-24T00:25:44,2026-09-24T00:07:56,Force Core Set (Ultimate) X 24,353532,8484768,24,,369805
2874,2026-09-24T00:25:46,2026-09-24T00:07:56,Force Core Set (Ultimate) X 52,353532,18383664,52,,369805
2875,2026-09-24T00:25:49,2026-09-24T00:07:56,Force Core Set (Ultimate) X 53,353532,18737196,53,,369805
2876,2026-09-24T00:26:19,2026-09-24T00:07:56,Force Core Set (Ultimate) X 64,353532,22626048,64,,369805
2877,2026-09-24T00:26:22,2026-09-24T00:07:56,Force Core Set (Ultimate) X 74,353532,26161368,74,,369805
2878,2026-09-24T00:26:25,2026-09-24T00:07:56,Force Core Set (Ultimate) X 91,353532,32171412,91,,369805
2879,2026-09-24T00:40:57,2026-09-24T00:36:50,Chaos Core,715000,715000,1,,
2880,2026-09-24T00:47:02,2026-09-24T00:36:50,Chaos Core,715000,715000,1,,
2881,2026-09-24T00:52:26,2026-09-24T00:36:50,Chaos Core,723480,723480,1,,
2882,2026-09-24T00:59:00,2026-09-24T00:36:50,Chaos Core,722799,722799,1,,
2883,2026-09-24T01:04:30,2026-09-24T00:36:50,Chaos Core,722169,722169,1,,
2884,2026-09-24T01:09:24,2026-09-24T00:36:50,Chaos Core,722169,722169,1,,
2885,2026-09-24T01:34:53,2026-09-24T00:36:50,Force Core Set (Highest) X 5,196771,22628665,115,,204810
2886,2026-09-24T01:34:56,2026-09-24T00:36:50,Force Core Set (Highest) X 7,196771,1377397,7,,204810
2887,2026-09-24T01:34:59,2026-09-24T00:36:50,Force Core Set (Highest) X 12,196771,2361252,12,,204810
2888,2026-09-24T01:35:01,2026-09-24T00:36:50,Force Core Set (Highest) X 14,196771,2754794,14,,204810
2889,2026-09-24T01:35:04,2026-09-24T00:36:50,Force Core Set (Highest) X 18,196771,3541878,18,,204810
2890,2026-09-24T01:35:31,2026-09-24T00:36:50,Upgrade Core Set (Ultimate) X 30,433333,13000000,30,,452081
2891,2026-09-24T01:36:10,2026-09-24T00:36:50,Force Core Set (Ultimate) X 17,350877,5964909,17,,369754
2892,2026-09-24T01:36:13,2026-09-24T00:36:50,Force Core Set (Ultimate) X 29,350877,10175433,29,,369754
2893,2026-09-24T01:36:16,2026-09-24T00:36:50,Force Core Set (Ultimate) X 57,350877,20000000,57,,369754
2894,2026-09-24T01:36:20,2026-09-24T00:36:50,Force Core Set (Ultimate) X 46,353532,16262472,46,,369754
2895,2026-09-24T01:37:19,2026-09-24T00:36:50,Armor Account bind Seal Stone,189000000,189000000,1,,
2896,2026-09-24T01:47:18,2026-09-24T00:36:50,Chaos Core,711668,711668,1,,
2897,2026-09-24T01:50:54,2026-09-24T00:36:50,Upgrade Core Set (Ultimate) X 100,442901,44290100,100,,452071
2898,2026-09-24T01:50:57,2026-09-24T00:36:50,Upgrade Core Set (Ultimate) X 100,442901,44290100,100,,452071
2899,2026-09-24T02:11:07,2026-09-24T00:36:50,Armor Account bind Unseal Stone,187500000,187500000,1,,
2900,2026-09-24T02:12:00,2026-09-24T00:36:50,Force Core Set (Highest) X 2,196770,393540,2,,204777
2901,2026-09-24T02:12:03,2026-09-24T00:36:50,Force Core Set (Highest) X 10,196770,1967700,10,,204777
2902,2026-09-24T02:12:07,2026-09-24T00:36:50,Force Core Set (Highest) X 10,196770,37386300,190,,204777
2903,2026-09-24T02:13:07,2026-09-24T00:36:50,Armor Account bind Unseal Stone,189000000,189000000,1,,
2904,2026-09-24T02:17:40,2026-09-24T00:36:50,Force Core Set (Highest) X 10,196770,7870800,40,,204772
2905,2026-09-24T02:17:43,2026-09-24T00:36:50,Force Core Set (Highest) X 70,196770,13773900,70,,204772
2906,2026-09-24T02:17:45,2026-09-24T00:36:50,Force Core Set (Highest) X 74,196770,14560980,74,,204772
2907,2026-09-24T02:18:58,2026-09-24T00:36:50,Chaos Core,714856,714856,1,,
2908,2026-09-24T02:49:32,2026-09-24T00:36:50,Chaos Core,714856,714856,1,,
2909,2026-09-24T02:54:05,2026-09-24T00:36:50,Chaos Core,714856,714856,1,,
2910,2026-09-24T03:02:56,2026-09-24T00:36:50,Chaos Core,708271,708271,1,,
2911,2026-09-24T03:20:21,2026-09-24T00:36:50,Chaos Core,714850,714850,1,,
2912,2026-09-24T03:23:55,2026-09-24T00:36:50,Force Core Set (Ultimate) X 13,350877,4561401,13,,369713
2913,2026-09-24T03:23:58,2026-09-24T00:36:50,Force Core Set (Ultimate) X 56,350877,19649112,56,,369713
2914,2026-09-24T03:24:00,2026-09-24T00:36:50,Force Core Set (Ultimate) X 96,350877,33684192,96,,369713
2915,2026-09-24T03:24:03,2026-09-24T00:36:50,Force Core Set (Ultimate) X 135,350877,47368395,135,,369713
2916,2026-09-24T03:29:15,2026-09-24T00:36:50,Force Core Set (Highest) X 93,196768,18299500,93,,204658
2917,2026-09-24T03:29:18,2026-09-24T00:36:50,Force Core Set (Highest) X 16,196769,3148304,16,,204658
2918,2026-09-24T03:29:20,2026-09-24T00:36:50,Force Core Set (Highest) X 17,196769,3345073,17,,204658
2919,2026-09-24T03:29:23,2026-09-24T00:36:50,Force Core Set (Highest) X 21,196769,4132149,21,,204658
2920,2026-09-24T03:29:26,2026-09-24T00:36:50,Force Core Set (Highest) X 29,196769,5706301,29,,204658
2921,2026-09-24T03:29:53,2026-09-24T00:36:50,Force Core Set (Ultimate) X 194,350877,68070138,194,,369707
2922,2026-09-24T03:29:58,2026-09-24T00:36:50,Force Core Set (Ultimate) X 116,353532,41009712,116,,369707
2923,2026-09-24T03:40:24,2026-09-24T00:36:50,Chaos Core,713025,713025,1,,
2924,2026-09-24T03:52:39,2026-09-24T00:36:50,Upgrade Core Set (Ultimate) X 90,445530,40097700,90,,451910
2925,2026-09-24T03:52:42,2026-09-24T00:36:50,Upgrade Core Set (Ultimate) X 100,445530,44553000,100,,451910
2926,2026-09-24T03:58:05,2026-09-24T00:36:50,Chaos Core,706357,706357,1,,
2927,2026-09-24T04:01:34,2026-09-24T00:36:50,Chaos Core,704582,66935290,95,,709969
2928,2026-09-24T04:01:50,2026-09-24T00:36:50,Chaos Core,707700,707700,1,,709969
2929,2026-09-24T04:03:17,2026-09-24T00:36:50,Chaos Core,714856,714856,1,,
2930,2026-09-24T04:06:44,2026-09-24T00:36:50,Upgrade Core Set (Ultimate) X 20,469773,9395460,20,,499996
2931,2026-09-24T04:08:08,2026-09-24T00:36:50,Chaos Core,714855,714855,1,,
2932,2026-09-24T04:12:04,2026-09-24T00:36:50,Chaos Core,715900,715900,1,,
2933,2026-09-24T04:15:38,2026-09-24T00:36:50,Chaos Core,716000,716000,1,,
2934,2026-09-24T04:20:46,2026-09-24T00:36:50,Chaos Core,720000,720000,1,,
2935,2026-09-24T04:24:23,2026-09-24T00:36:50,Chaos Core,723480,723480,1,,
2936,2026-09-24T04:34:36,2026-09-24T00:36:50,Chaos Core,722000,722000,1,,
2937,2026-09-24T04:38:10,2026-09-24T00:36:50,Chaos Core,720431,720431,1,,
2938,2026-09-24T04:42:28,2026-09-24T00:36:50,Chaos Core,700000,32900000,47,,709974
2939,2026-09-24T04:42:36,2026-09-24T00:36:50,Chaos Core,700000,120400000,172,,709974
2940,2026-09-24T04:43:33,2026-09-24T00:36:50,Chaos Core,699387,55251573,79,,709971
2941,2026-09-24T04:44:57,2026-09-24T00:36:50,Chaos Core,700000,6300000,9,,709971
2942,2026-09-24T04:45:18,2026-09-24T00:36:50,Chaos Core,720431,1440862,2,,709971
2943,2026-09-24T04:46:14,2026-09-24T00:36:50,Upgrade Core Set (Ultimate) X 9,469773,4227957,9,,499979
2944,2026-09-24T04:46:17,2026-09-24T00:36:50,Upgrade Core Set (Ultimate) X 19,469773,8925687,19,,499979
2945,2026-09-24T04:46:48,2026-09-24T00:36:50,Upgrade Core Set (Ultimate) X 21,469743,9864603,21,,499979
2946,2026-09-24T04:46:51,2026-09-24T00:36:50,Upgrade Core Set (Ultimate) X 39,469743,18320000,39,,499979
2947,2026-09-24T04:47:22,2026-09-24T00:36:50,Upgrade Core Set (Ultimate) X 13,469743,6106659,13,,499977
2948,2026-09-24T04:48:24,2026-09-24T00:36:50,Chaos Core,722000,722000,1,,
2949,2026-09-24T04:54:03,2026-09-24T00:36:50,Chaos Core,723000,723000,1,,
2950,2026-09-24T04:58:20,2026-09-24T00:36:50,Chaos Core,715338,715338,1,,
2951,2026-09-24T05:02:07,2026-09-24T00:36:50,Force Core Set (High) X 11,186037,2046407,11,,196803
2952,2026-09-24T05:02:11,2026-09-24T00:36:50,Force Core Set (High) X 12,186037,2232444,12,,196803
2953,2026-09-24T05:02:59,2026-09-24T00:36:50,Force Core Set (High) X 1,186038,6139254,33,,196802
2954,2026-09-24T05:03:33,2026-09-24T00:36:50,Force Core Set (High) X 1,186038,21394370,115,,196799
2955,2026-09-24T05:22:12,2026-09-24T00:36:50,Chaos Core,712750,712750,1,,
2956,2026-09-24T05:31:00,2026-09-24T00:36:50,Chaos Core,688000,157552000,229,,698872
2957,2026-09-24T05:31:09,2026-09-24T00:36:50,Chaos Core,689344,1378688,2,,698872
2958,2026-09-24T05:32:10,2026-09-24T00:36:50,Chaos Core,689344,129596672,188,,698868
2959,2026-09-24T05:32:19,2026-09-24T00:36:50,Chaos Core,696315,696315,1,,698868
2960,2026-09-24T05:47:14,2026-09-24T05:44:05,Chaos Core,694000,694000,1,,
2961,2026-09-24T07:41:52,2026-09-24T07:39:26,Chaos Core,705852,705852,1,,
2962,2026-09-24T07:49:04,2026-09-24T07:39:26,Chaos Core,704667,704667,1,,
2963,2026-09-24T07:54:13,2026-09-24T07:39:26,Chaos Core,702821,65362353,93,,709973
2964,2026-09-24T07:54:21,2026-09-24T07:39:26,Chaos Core,702821,170785503,243,,709973
2965,2026-09-24T08:04:21,2026-09-24T08:01:53,Chaos Core,705852,705852,1,,
2966,2026-09-24T08:08:53,2026-09-24T08:01:53,Chaos Core,714786,714786,1,,
2967,2026-09-24T08:18:54,2026-09-24T08:01:53,Chaos Core,712764,712764,1,,
2968,2026-09-24T08:19:55,2026-09-24T08:01:53,Chaos Core,712764,35638200,50,,719992
2969,2026-09-24T08:20:05,2026-09-24T08:01:53,Chaos Core,714000,17136000,24,,719992
2970,2026-09-24T08:20:16,2026-09-24T08:01:53,Chaos Core,714000,134232000,188,,719992
2971,2026-09-24T08:20:28,2026-09-24T08:01:53,Chaos Core,714500,1429000,2,,719992
2972,2026-09-24T08:21:39,2026-09-24T08:01:53,Chaos Core,714500,72164500,101,,719992
2973,2026-09-24T08:21:44,2026-09-24T08:01:53,Chaos Core,712764,99074196,139,,719992
2974,2026-09-24T08:26:35,2026-09-24T08:01:53,Chaos Core,712764,712764,1,,
2975,2026-09-24T08:27:12,2026-09-24T08:01:53,Chaos Core,712764,91233792,128,,719990
2976,2026-09-24T08:27:22,2026-09-24T08:01:53,Chaos Core,712764,148254912,208,,719990
2977,2026-09-24T08:28:29,2026-09-24T08:01:53,Chaos Core,710972,6398748,9,,719989
2978,2026-09-24T08:28:36,2026-09-24T08:01:53,Chaos Core,710972,81050808,114,,719989
2979,2026-09-24T08:28:56,2026-09-24T08:01:53,Chaos Core,714000,714000,1,,719989
2980,2026-09-24T08:29:01,2026-09-24T08:01:53,Chaos Core,710000,60350000,85,,719989
2981,2026-09-24T08:29:06,2026-09-24T08:01:53,Chaos Core,710972,710972,1,,719989
2982,2026-09-24T08:30:08,2026-09-24T08:01:53,Chaos Core,712764,18531864,26,,724561
2983,2026-09-24T08:30:21,2026-09-24T08:01:53,Chaos Core,714000,714000,1,,724561
2984,2026-09-24T08:30:26,2026-09-24T08:01:53,Chaos Core,710972,710972,1,,724561
2985,2026-09-24T08:30:31,2026-09-24T08:01:53,Chaos Core,710972,1421944,2,,724561
2986,2026-09-24T08:30:41,2026-09-24T08:01:53,Chaos Core,711524,711524,1,,724561
2987,2026-09-24T08:30:51,2026-09-24T08:01:53,Chaos Core,712073,712073,1,,724561
2988,2026-09-24T08:31:00,2026-09-24T08:01:53,Chaos Core,712764,712764,1,,724561
2989,2026-09-24T08:31:10,2026-09-24T08:01:53,Chaos Core,712764,712764,1,,724561
2990,2026-09-24T08:31:20,2026-09-24T08:01:53,Chaos Core,714000,714000,1,,724561
2991,2026-09-24T08:31:29,2026-09-24T08:01:53,Chaos Core,714000,714000,1,,724561
2992,2026-09-24T08:31:39,2026-09-24T08:01:53,Chaos Core,715903,715903,1,,724561
2993,2026-09-24T08:31:49,2026-09-24T08:01:53,Chaos Core,715903,715903,1,,724561
2994,2026-09-24T08:32:00,2026-09-24T08:01:53,Chaos Core,715903,36511053,51,,724561
2995,2026-09-24T08:32:11,2026-09-24T08:01:53,Chaos Core,715903,176828041,247,,724561
2996,2026-09-24T08:33:22,2026-09-24T08:01:53,Chaos Core,715903,92351487,129,,724517
2997,2026-09-24T08:33:32,2026-09-24T08:01:53,Chaos Core,715903,137453376,192,,724517
2998,2026-09-24T08:34:56,2026-09-24T08:01:53,Chaos Core,715903,40806471,57,,724515
2999,2026-09-24T08:35:09,2026-09-24T08:01:53,Chaos Core,715903,133157958,186,,724515
3000,2026-09-24T08:40:55,2026-09-24T08:01:53,Chaos Core,715903,715903,1,,724510
3001,2026-09-24T08:41:11,2026-09-24T08:01:53,Chaos Core,715903,715903,1,,724510
3002,2026-09-24T08:41:15,2026-09-24T08:01:53,Chaos Core,715903,715903,1,,724510
3003,2026-09-24T08:42:33,2026-09-24T08:01:53,Chaos Core,615903,615903,1,,724510
3004,2026-09-24T08:42:39,2026-09-24T08:01:53,Chaos Core,715903,32931538,46,,724510
3005,2026-09-24T08:42:45,2026-09-24T08:01:53,Chaos Core,715903,93067390,130,,724510
3006,2026-09-24T08:43:43,2026-09-24T08:01:53,Force Core Set (Highest) X 19,187421,3561000,19,,194990
3007,2026-09-24T08:43:47,2026-09-24T08:01:53,Force Core Set (Highest) X 4,187461,749844,4,,194990
3008,2026-09-24T08:44:16,2026-09-24T08:01:53,Force Core Set (Highest) X 181,187187,33880847,181,,194990
3009,2026-09-24T08:44:20,2026-09-24T08:01:53,Force Core Set (Highest) X 48,187461,8998128,48,,194990
3010,2026-09-24T08:47:38,2026-09-24T08:01:53,Chaos Core,715903,715903,1,,
3011,2026-09-24T08:49:29,2026-09-24T08:01:53,Chaos Core,714629,163650041,229,,724508
3012,2026-09-24T08:49:34,2026-09-24T08:01:53,Chaos Core,714629,1429258,2,,724508
3013,2026-09-24T08:50:29,2026-09-24T08:01:53,Upgrade Core Set (Ultimate) X 204,444695,90717780,204,,469759
3014,2026-09-24T08:54:05,2026-09-24T08:01:53,Chaos Core,715903,715903,1,,724507
3015,2026-09-24T08:55:24,2026-09-24T08:01:53,Chaos Core,714032,134238016,188,,724507
3016,2026-09-24T08:58:57,2026-09-24T08:01:53,Chaos Core,714629,714629,1,,
3017,2026-09-24T09:00:43,2026-09-24T08:01:53,Chaos Core,715903,56556337,79,,724502
3018,2026-09-24T09:00:53,2026-09-24T08:01:53,Chaos Core,715903,35079247,49,,724502
3019,2026-09-24T09:01:12,2026-09-24T08:01:53,Chaos Core,712050,712050,1,,724502
3020,2026-09-24T09:02:28,2026-09-24T08:01:53,Chaos Core,712050,66932700,94,,724498
3021,2026-09-24T09:02:34,2026-09-24T08:01:53,Chaos Core,712050,172316100,242,,724498
3022,2026-09-24T09:06:58,2026-09-24T08:01:53,Chaos Core,713933,713933,1,,
3023,2026-09-24T09:07:27,2026-09-24T08:01:53,Chaos Core,713933,5711464,8,,724502
3024,2026-09-24T09:07:52,2026-09-24T08:01:53,Chaos Core,715903,715903,1,,724502
3025,2026-09-24T09:08:02,2026-09-24T08:01:53,Chaos Core,715903,5727224,8,,724502
3026,2026-09-24T09:08:25,2026-09-24T08:01:53,Chaos Core,719998,719998,1,,724502
3027,2026-09-24T09:13:58,2026-09-24T08:01:53,Chaos Core,719900,719900,1,,
3028,2026-09-24T09:18:30,2026-09-24T08:01:53,Chaos Core,719900,719900,1,,
3029,2026-09-24T09:24:28,2026-09-24T08:01:53,Chaos Core,688746,19973634,29,,724509
3030,2026-09-24T09:24:44,2026-09-24T08:01:53,Chaos Core,690000,14490000,21,,724509
3031,2026-09-24T09:25:00,2026-09-24T08:01:53,Chaos Core,690000,690000,1,,724509
3032,2026-09-24T09:25:07,2026-09-24T08:01:53,Chaos Core,688746,9642444,14,,724509
3033,2026-09-24T09:25:34,2026-09-24T08:01:53,Chaos Core,715903,715903,1,,724509
3034,2026-09-24T09:26:16,2026-09-24T08:01:53,Chaos Core,715903,6443127,9,,724508
3035,2026-09-24T09:29:39,2026-09-24T08:01:53,Chaos Core,719369,719369,1,,
3036,2026-09-24T09:30:49,2026-09-24T08:01:53,Chaos Core,719369,23019808,32,,724507
3037,2026-09-24T09:30:56,2026-09-24T08:01:53,Chaos Core,719369,68340055,95,,724507
3038,2026-09-24T09:31:09,2026-09-24T08:01:53,Chaos Core,719900,1439800,2,,724507
3039,2026-09-24T09:31:57,2026-09-24T08:01:53,Chaos Core,715903,171100817,239,,724560
3040,2026-09-24T09:33:18,2026-09-24T08:01:53,Chaos Core,715903,715903,1,,724560
3041,2026-09-24T09:34:18,2026-09-24T08:01:53,Chaos Core,715903,58704046,82,,727261
3042,2026-09-24T09:34:28,2026-09-24T08:01:53,Chaos Core,719900,1439800,2,,727261
3043,2026-09-24T09:34:33,2026-09-24T08:01:53,Chaos Core,715903,5011321,7,,727261
3044,2026-09-24T09:34:45,2026-09-24T08:01:53,Chaos Core,719900,2879600,4,,727261
3045,2026-09-24T09:34:56,2026-09-24T08:01:53,Chaos Core,719900,719900,1,,727261
3046,2026-09-24T09:35:10,2026-09-24T08:01:53,Chaos Core,719900,18717400,26,,727261
3047,2026-09-24T09:35:25,2026-09-24T08:01:53,Chaos Core,720000,70560000,98,,727261
3048,2026-09-24T09:35:30,2026-09-24T08:01:53,Chaos Core,715903,715903,1,,727261
3049,2026-09-24T09:35:33,2026-09-24T08:01:53,Chaos Core,715903,715903,1,,727261
3050,2026-09-24T09:36:39,2026-09-24T08:01:53,Chaos Core,720000,27360000,38,,727259
3051,2026-09-24T09:36:53,2026-09-24T08:01:53,Chaos Core,720000,10080000,14,,727259
3052,2026-09-24T09:36:58,2026-09-24T08:01:53,Chaos Core,715903,715903,1,,727259
3053,2026-09-24T09:37:03,2026-09-24T08:01:53,Chaos Core,715903,715903,1,,727259
3054,2026-09-24T09:38:22,2026-09-24T08:01:53,Chaos Core,719369,35968450,50,,727259
3055,2026-09-24T09:38:27,2026-09-24T08:01:53,Chaos Core,719369,719369,1,,727259
3056,2026-09-24T09:38:32,2026-09-24T08:01:53,Chaos Core,719369,719369,1,,727259
3057,2026-09-24T09:38:36,2026-09-24T08:01:53,Chaos Core,719369,719369,1,,727259
3058,2026-09-24T09:38:41,2026-09-24T08:01:53,Chaos Core,719900,719900,1,,727259
3059,2026-09-24T09:38:46,2026-09-24T08:01:53,Chaos Core,719900,719900,1,,727259
3060,2026-09-24T09:38:57,2026-09-24T08:01:53,Chaos Core,719900,719900,1,,727259
3061,2026-09-24T09:39:02,2026-09-24T08:01:53,Chaos Core,719900,47513400,66,,727259
3062,2026-09-24T09:39:06,2026-09-24T08:01:53,Chaos Core,720000,720000,1,,727259
3063,2026-09-24T09:42:45,2026-09-24T08:01:53,Chaos Core,720000,720000,1,,
3064,2026-09-24T09:43:54,2026-09-24T08:01:53,Chaos Core,720000,179280000,249,,727758
3065,2026-09-24T09:50:15,2026-09-24T08:01:53,Chaos Core,718205,6463845,9,,727815
3066,2026-09-24T09:50:24,2026-09-24T08:01:53,Chaos Core,720000,20880000,29,,727815
3067,2026-09-24T09:50:35,2026-09-24T08:01:53,Chaos Core,720000,33840000,47,,727815
3068,2026-09-24T09:50:46,2026-09-24T08:01:53,Chaos Core,720000,140400000,195,,727815
3069,2026-09-24T09:51:00,2026-09-24T08:01:53,Chaos Core,720000,1440000,2,,727815
3070,2026-09-24T09:52:15,2026-09-24T08:01:53,Chaos Core,717673,178700577,249,,727815
3071,2026-09-24T09:53:24,2026-09-24T08:01:53,Chaos Core,717673,94015163,131,,727815
3072,2026-09-24T09:53:37,2026-09-24T08:01:53,Chaos Core,720000,720000,1,,727815
3073,2026-09-24T09:53:42,2026-09-24T08:01:53,Chaos Core,717673,717673,1,,727815
3074,2026-09-24T09:53:52,2026-09-24T08:01:53,Chaos Core,718205,718205,1,,727815
3075,2026-09-24T09:54:02,2026-09-24T08:01:53,Chaos Core,718205,718205,1,,727815
3076,2026-09-24T09:54:12,2026-09-24T08:01:53,Chaos Core,718842,718842,1,,727815
3077,2026-09-24T09:54:17,2026-09-24T08:01:53,Chaos Core,717029,1434058,2,,727815
3078,2026-09-24T09:54:26,2026-09-24T08:01:53,Chaos Core,720000,720000,1,,727815
3079,2026-09-24T09:54:36,2026-09-24T08:01:53,Chaos Core,720000,720000,1,,727815
3080,2026-09-24T09:54:40,2026-09-24T08:01:53,Chaos Core,720000,720000,1,,727815
3081,2026-09-24T09:54:44,2026-09-24T08:01:53,Chaos Core,720000,720000,1,,727815
3082,2026-09-24T09:54:49,2026-09-24T08:01:53,Chaos Core,720000,720000,1,,727815
3083,2026-09-24T09:54:54,2026-09-24T08:01:53,Chaos Core,720000,720000,1,,727815
3084,2026-09-24T09:54:59,2026-09-24T08:01:53,Chaos Core,720000,720000,1,,727815
3085,2026-09-24T09:55:04,2026-09-24T08:01:53,Chaos Core,720000,720000,1,,727815
3086,2026-09-24T09:55:10,2026-09-24T08:01:53,Chaos Core,722492,1444984,2,,727815
3087,2026-09-24T09:55:18,2026-09-24T08:01:53,Chaos Core,723480,1446960,2,,727815
3088,2026-09-24T09:59:58,2026-09-24T08:01:53,Chaos Core,722885,722885,1,,
3089,2026-09-24T10:01:06,2026-09-24T08:01:53,Chaos Core,720000,149760000,208,,727258
3090,2026-09-24T10:01:14,2026-09-24T08:01:53,Chaos Core,722885,1445770,2,,727258
3091,2026-09-24T10:02:11,2026-09-24T08:01:53,Chaos Core,719000,58958000,82,,727257
3092,2026-09-24T10:02:18,2026-09-24T08:01:53,Chaos Core,719000,5033000,7,,727257
3093,2026-09-24T10:02:33,2026-09-24T08:01:53,Chaos Core,722885,722885,1,,727257
3094,2026-09-24T10:05:26,2026-09-24T08:01:53,Force Core Set (High) X 1,182183,13117176,72,,189988
3095,2026-09-24T10:05:29,2026-09-24T08:01:53,Force Core Set (High) X 14,182183,2550562,14,,189988
3096,2026-09-24T10:06:00,2026-09-24T08:01:53,Force Core Set (High) X 1,182183,182183,1,,189988
3097,2026-09-24T10:11:21,2026-09-24T08:01:53,Force Core Set (Ultimate) X 6,348497,2090982,6,,369465
3098,2026-09-24T10:11:23,2026-09-24T08:01:53,Force Core Set (Ultimate) X 7,348497,2439479,7,,369465
3099,2026-09-24T10:11:26,2026-09-24T08:01:53,Force Core Set (Ultimate) X 47,348497,16379359,47,,369465
3100,2026-09-24T10:11:29,2026-09-24T08:01:53,Force Core Set (Ultimate) X 76,348497,26485772,76,,369465
3101,2026-09-24T10:11:32,2026-09-24T08:01:53,Force Core Set (Ultimate) X 93,348497,32410221,93,,369465
3102,2026-09-24T10:15:59,2026-09-24T08:01:53,Force Core Set (High) X 88,182183,16032104,88,,189981
3103,2026-09-24T10:16:02,2026-09-24T08:01:53,Force Core Set (High) X 194,182183,35343502,194,,189981
3104,2026-09-24T10:34:21,2026-09-24T08:01:53,Chaos Core,729464,729464,1,,
3105,2026-09-24T10:42:50,2026-09-24T08:01:53,Chaos Core,735000,735000,1,,
3106,2026-09-24T10:45:44,2026-09-24T08:01:53,Chaos Core,735000,83790000,114,,740000
3107,2026-09-24T10:45:56,2026-09-24T08:01:53,Chaos Core,735000,2205000,3,,740000
3108,2026-09-24T10:46:02,2026-09-24T08:01:53,Chaos Core,735000,28665000,39,,740000
3109,2026-09-24T10:46:55,2026-09-24T08:01:53,Chaos Core,735000,48510000,66,,740000
3110,2026-09-24T10:47:02,2026-09-24T08:01:53,Chaos Core,735000,19845000,27,,740000
3111,2026-09-24T10:49:40,2026-09-24T08:01:53,Chaos Core,739380,739380,1,,
3112,2026-09-24T10:51:45,2026-09-24T08:01:53,Chaos Core,733142,32991390,45,,739998
3113,2026-09-24T10:52:35,2026-09-24T08:01:53,Chaos Core,733142,52786224,72,,739998
3114,2026-09-24T10:52:42,2026-09-24T08:01:53,Chaos Core,733142,182552358,249,,739998
3115,2026-09-24T10:59:13,2026-09-24T08:01:53,Chaos Core,733142,115103294,157,,747000
3116,2026-09-24T10:59:27,2026-09-24T08:01:53,Chaos Core,735000,735000,1,,747000
3117,2026-09-24T10:59:37,2026-09-24T08:01:53,Chaos Core,714798,714798,1,,747000
3118,2026-09-24T11:00:44,2026-09-24T08:01:53,Chaos Core,739380,739380,1,,746999
3119,2026-09-24T11:00:54,2026-09-24T08:01:53,Chaos Core,715315,715315,1,,746999
3120,2026-09-24T11:01:04,2026-09-24T08:01:53,Chaos Core,733142,733142,1,,746999
3121,2026-09-24T11:01:15,2026-09-24T08:01:53,Chaos Core,733142,118035862,161,,746999
3122,2026-09-24T11:02:33,2026-09-24T08:01:53,Chaos Core,735000,735000,1,,746999
3123,2026-09-24T11:03:27,2026-09-24T08:01:53,Chaos Core,740000,11100000,15,,746999
3124,2026-09-24T11:03:32,2026-09-24T08:01:53,Chaos Core,740000,6660000,9,,746999
3125,2026-09-24T11:03:39,2026-09-24T08:01:53,Chaos Core,740000,30340000,41,,746999
3126,2026-09-24T11:03:48,2026-09-24T08:01:53,Chaos Core,746077,746077,1,,746999
3127,2026-09-24T11:06:19,2026-09-24T08:01:53,Chaos Core,746077,746077,1,,
3128,2026-09-24T11:18:33,2026-09-24T08:01:53,Chaos Core,736910,69269540,94,,746997
3129,2026-09-24T11:18:39,2026-09-24T08:01:53,Chaos Core,736910,39793140,54,,746997
3130,2026-09-24T11:20:05,2026-09-24T08:01:53,Chaos Core,736900,43477100,59,,746997
3131,2026-09-24T11:21:08,2026-09-24T08:01:53,Chaos Core,738743,2216229,3,,746996
3132,2026-09-24T11:23:49,2026-09-24T08:01:53,Chaos Core,746077,746077,1,,
3133,2026-09-24T11:28:13,2026-09-24T08:01:53,Chaos Core,749404,749404,1,,
3134,2026-09-24T11:43:13,2026-09-24T08:01:53,Chaos Core,741578,184652922,249,,746995
3135,2026-09-24T11:44:11,2026-09-24T08:01:53,Chaos Core,741578,80832002,109,,746994
3136,2026-09-24T11:44:17,2026-09-24T08:01:53,Chaos Core,741578,168338206,227,,746994
3137,2026-09-24T11:45:24,2026-09-24T08:01:53,Chaos Core,741578,144607710,195,,746994
3138,2026-09-24T11:46:18,2026-09-24T08:01:53,Chaos Core,741578,184652922,249,,746990
3139,2026-09-24T11:47:16,2026-09-24T08:01:53,Chaos Core,741578,184652922,249,,746988
3140,2026-09-24T11:49:43,2026-09-24T08:01:53,Chaos Core,741000,741000,1,,
3141,2026-09-24T11:50:58,2026-09-24T08:01:53,Chaos Core,740418,183623664,248,,746981
3142,2026-09-24T11:51:02,2026-09-24T08:01:53,Chaos Core,740418,740418,1,,746981
3143,2026-09-24T11:53:12,2026-09-24T08:01:53,Force Core Set (High) X 1,156000,156000,1,,189862
3144,2026-09-24T11:55:19,2026-09-24T08:01:53,Chaos Core,741578,741578,1,,
3145,2026-09-24T12:05:57,2026-09-24T08:01:53,Force Core Set (Ultimate) X 5,346666,1733330,5,,369367
3146,2026-09-24T12:06:00,2026-09-24T08:01:53,Force Core Set (Ultimate) X 16,346666,5546656,16,,369367
3147,2026-09-24T12:06:03,2026-09-24T08:01:53,Force Core Set (Ultimate) X 32,346666,11093312,32,,369367
3148,2026-09-24T12:06:06,2026-09-24T08:01:53,Force Core Set (Ultimate) X 42,346666,14560000,42,,369367
3149,2026-09-24T12:06:09,2026-09-24T08:01:53,Force Core Set (Ultimate) X 50,346666,17333300,50,,369367
3150,2026-09-24T12:07:57,2026-09-24T08:01:53,Chaos Core,740000,740000,1,,
3151,2026-09-24T12:12:04,2026-09-24T08:01:53,Chaos Core,740910,740910,1,,
3152,2026-09-24T12:18:37,2026-09-24T08:01:53,Upgrade Core Set (Ultimate) X 4,444695,1778780,4,,449875
3153,2026-09-24T12:18:40,2026-09-24T08:01:53,Upgrade Core Set (Ultimate) X 87,444695,38688465,87,,449875
3154,2026-09-24T12:26:40,2026-09-24T08:01:53,Upgrade Core Set (Ultimate) X 3,444694,1334082,3,,449862
3155,2026-09-24T12:26:44,2026-09-24T08:01:53,Upgrade Core Set (Ultimate) X 10,444694,88938800,200,,449862
3156,2026-09-24T12:32:08,2026-09-24T08:01:53,Chaos Core,731944,731944,1,,
3157,2026-09-24T12:40:01,2026-09-24T08:01:53,Chaos Core,740999,740999,1,,
3158,2026-09-24T12:46:44,2026-09-24T08:01:53,Force Core Set (Highest) X 16,156250,2500000,16,,180000
3159,2026-09-24T12:53:34,2026-09-24T08:01:53,Chaos Core,715349,178121901,249,,727262
3160,2026-09-24T12:56:04,2026-09-24T08:01:53,Force Core Set (High) X 1,165000,165000,1,,189861
3161,2026-09-24T12:56:07,2026-09-24T08:01:53,Force Core Set (High) X 144,165000,23760000,144,,189861
3162,2026-09-24T13:02:20,2026-09-24T08:01:53,Chaos Core,712177,24926195,35,,741578
3163,2026-09-24T13:02:26,2026-09-24T08:01:53,Chaos Core,711513,162936477,229,,741578
3164,2026-09-24T13:03:58,2026-09-24T08:01:53,Chaos Core,714004,3570020,5,,741577
3165,2026-09-24T13:04:12,2026-09-24T08:01:53,Chaos Core,715903,715903,1,,741577
3166,2026-09-24T13:04:17,2026-09-24T08:01:53,Chaos Core,711513,6403617,9,,741577
3167,2026-09-24T13:04:21,2026-09-24T08:01:53,Chaos Core,711513,711513,1,,741577
3168,2026-09-24T13:04:31,2026-09-24T08:01:53,Chaos Core,712177,712177,1,,741577
3169,2026-09-24T13:04:41,2026-09-24T08:01:53,Chaos Core,712177,712177,1,,741577
3170,2026-09-24T13:04:51,2026-09-24T08:01:53,Chaos Core,712844,712844,1,,741577
3171,2026-09-24T13:05:01,2026-09-24T08:01:53,Chaos Core,712844,712844,1,,741577
3172,2026-09-24T13:05:10,2026-09-24T08:01:53,Chaos Core,714004,714004,1,,741577
3173,2026-09-24T13:05:26,2026-09-24T08:01:53,Chaos Core,714004,714004,1,,741577
3174,2026-09-24T13:05:30,2026-09-24T08:01:53,Chaos Core,715349,715349,1,,741577
3175,2026-09-24T13:05:36,2026-09-24T08:01:53,Chaos Core,715903,3579515,5,,741577
3176,2026-09-24T13:05:42,2026-09-24T08:01:53,Chaos Core,715903,5727224,8,,741577
3177,2026-09-24T13:05:47,2026-09-24T08:01:53,Chaos Core,715903,715903,1,,741577
3178,2026-09-24T13:05:59,2026-09-24T08:01:53,Chaos Core,734426,734426,1,,741577
3179,2026-09-24T13:06:04,2026-09-24T08:01:53,Chaos Core,734426,4406556,6,,741577
3180,2026-09-24T13:06:10,2026-09-24T08:01:53,Chaos Core,735000,2205000,3,,741577
3181,2026-09-24T13:06:15,2026-09-24T08:01:53,Chaos Core,735000,735000,1,,741577
3182,2026-09-24T13:06:19,2026-09-24T08:01:53,Chaos Core,735000,735000,1,,741577
3183,2026-09-24T13:06:28,2026-09-24T08:01:53,Chaos Core,742999,1485998,2,,741577
3184,2026-09-24T13:10:27,2026-09-24T08:01:53,Chaos Core,742999,742999,1,,
3185,2026-09-24T13:24:51,2026-09-24T08:01:53,Chaos Core,740081,740081,1,,
3186,2026-09-24T13:26:50,2026-09-24T08:01:53,Force Core Set (Highest) X 24,166666,4000000,24,,179999
3187,2026-09-24T13:34:22,2026-09-24T08:01:53,Chaos Core,742999,742999,1,,
3188,2026-09-24T13:41:09,2026-09-24T08:01:53,Chaos Core,750000,750000,1,,
3189,2026-09-24T13:44:40,2026-09-24T08:01:53,Chaos Core,749387,749387,1,,
3190,2026-09-24T13:56:53,2026-09-24T08:01:53,Chaos Core,744206,166702144,224,,750750
3191,2026-09-24T13:57:01,2026-09-24T08:01:53,Chaos Core,750000,750000,1,,750750
3192,2026-09-24T13:58:00,2026-09-24T08:01:53,Chaos Core,743633,98903189,133,,750749
3193,2026-09-24T13:58:17,2026-09-24T08:01:53,Chaos Core,750000,1500000,2,,750749
3194,2026-09-24T14:01:43,2026-09-24T08:01:53,Chaos Core,740000,14800000,20,,750750
3195,2026-09-24T14:01:50,2026-09-24T08:01:53,Chaos Core,741860,121665040,164,,750750
3196,2026-09-24T14:02:04,2026-09-24T08:01:53,Chaos Core,750000,1500000,2,,750750
3197,2026-09-24T14:03:22,2026-09-24T08:01:53,Chaos Core,741860,2225580,3,,750749
3198,2026-09-24T14:08:55,2026-09-24T08:01:53,Chaos Core,741282,28168716,38,,750746
3199,2026-09-24T14:09:10,2026-09-24T08:01:53,Chaos Core,739519,739519,1,,750746
3200,2026-09-24T14:13:37,2026-09-24T08:01:53,Chaos Core,739643,35502864,48,,750742
3201,2026-09-24T14:13:44,2026-09-24T08:01:53,Chaos Core,739643,84319302,114,,750742
3202,2026-09-24T14:14:36,2026-09-24T08:01:53,Chaos Core,739643,18491075,25,,750740
3203,2026-09-24T14:16:02,2026-09-24T08:01:53,Chaos Core,740764,740764,1,,750740
3204,2026-09-24T14:16:07,2026-09-24T08:01:53,Chaos Core,741282,741282,1,,750740
3205,2026-09-24T14:16:12,2026-09-24T08:01:53,Chaos Core,741860,741860,1,,750740
3206,2026-09-24T14:16:17,2026-09-24T08:01:53,Chaos Core,744800,744800,1,,750740
3207,2026-09-24T14:16:24,2026-09-24T08:01:53,Chaos Core,750000,750000,1,,750740
3208,2026-09-24T14:18:16,2026-09-24T08:01:53,Chaos Core,750000,750000,1,,
3209,2026-09-24T14:24:55,2026-09-24T08:01:53,Force Core Set (Ultimate) X 10,346428,10392840,30,,369224
3210,2026-09-24T14:24:58,2026-09-24T08:01:53,Force Core Set (Ultimate) X 11,346428,3810708,11,,369224
3211,2026-09-24T14:25:00,2026-09-24T08:01:53,Force Core Set (Ultimate) X 14,346428,4850000,14,,369224
3212,2026-09-24T14:25:05,2026-09-24T08:01:53,Force Core Set (Ultimate) X 1,346665,16639920,48,,369224
3213,2026-09-24T14:25:07,2026-09-24T08:01:53,Force Core Set (Ultimate) X 5,346665,1733325,5,,369224
3214,2026-09-24T14:25:38,2026-09-24T08:01:53,Force Core Set (Ultimate) X 5,346428,41571360,120,,369224
3215,2026-09-24T14:25:42,2026-09-24T08:01:53,Force Core Set (Ultimate) X 10,346665,27733200,80,,369224
3216,2026-09-24T14:37:31,2026-09-24T08:01:53,Force Core Set (Highest) X 45,180000,8100000,45,,194990
3217,2026-09-24T14:37:33,2026-09-24T08:01:53,Force Core Set (Highest) X 62,180000,11160000,62,,194990
3218,2026-09-24T14:37:36,2026-09-24T08:01:53,Force Core Set (Highest) X 90,180000,16200000,90,,194990
3219,2026-09-24T14:37:39,2026-09-24T08:01:53,Force Core Set (Highest) X 10,181900,1819000,10,,194990
3220,2026-09-24T14:38:10,2026-09-24T08:01:53,Force Core Set (Highest) X 1,180000,33480000,186,,202973
3221,2026-09-24T14:38:15,2026-09-24T08:01:53,Force Core Set (Highest) X 10,181900,3638000,20,,202973
3222,2026-09-24T14:38:46,2026-09-24T08:01:53,Force Core Set (Highest) X 10,181900,10914000,60,,202971
3223,2026-09-24T14:38:49,2026-09-24T08:01:53,Force Core Set (Highest) X 14,181900,2546600,14,,202971
3224,2026-09-24T14:38:52,2026-09-24T08:01:53,Force Core Set (Highest) X 36,181900,6548400,36,,202971
3225,2026-09-24T14:38:55,2026-09-24T08:01:53,Force Core Set (Highest) X 44,181900,8003600,44,,202971
3226,2026-09-24T14:38:58,2026-09-24T08:01:53,Force Core Set (Highest) X 74,181900,13460600,74,,202971
3227,2026-09-24T14:40:38,2026-09-24T08:01:53,Chaos Core,748240,748240,1,,
3228,2026-09-24T14:45:11,2026-09-24T08:01:53,Chaos Core,748240,748240,1,,
3229,2026-09-24T14:48:33,2026-09-24T08:01:53,Force Core Set (High) X 57,175438,10000000,57,,189860
3230,2026-09-24T14:53:29,2026-09-24T08:01:53,Force Core Set (High) X 61,182658,11142157,61,,189859
3231,2026-09-24T15:31:26,2026-09-24T08:01:53,Chaos Core,699130,6292170,9,,750039
3232,2026-09-24T15:31:37,2026-09-24T08:01:53,Chaos Core,700928,6308352,9,,750039
3233,2026-09-24T15:31:51,2026-09-24T08:01:53,Chaos Core,701505,6313545,9,,750039
3234,2026-09-24T15:32:06,2026-09-24T08:01:53,Chaos Core,704000,159808000,227,,750039
3235,2026-09-24T15:32:09,2026-09-24T08:01:53,Chaos Core,680000,680000,1,,750039
3236,2026-09-24T15:33:35,2026-09-24T08:01:53,Chaos Core,730283,51850093,71,,750038
3237,2026-09-24T15:33:47,2026-09-24T08:01:53,Chaos Core,739283,82060413,111,,750038
3238,2026-09-24T15:33:58,2026-09-24T08:01:53,Chaos Core,739284,739284,1,,750038
3239,2026-09-24T15:38:13,2026-09-24T08:01:53,Chaos Core,739284,739284,1,,750032
3240,2026-09-24T15:38:18,2026-09-24T08:01:53,Chaos Core,697237,15339214,22,,750032
3241,2026-09-24T15:38:31,2026-09-24T08:01:53,Chaos Core,739977,39218781,53,,750032
3242,2026-09-24T15:38:46,2026-09-24T08:01:53,Chaos Core,739977,184994250,250,,750032
3243,2026-09-24T15:38:51,2026-09-24T08:01:53,Chaos Core,697237,697237,1,,750032
3244,2026-09-24T15:40:24,2026-09-24T08:01:53,Chaos Core,741345,11120175,15,,750032
3245,2026-09-24T15:40:39,2026-09-24T08:01:53,Chaos Core,743405,66906450,90,,750032
3246,2026-09-24T15:40:48,2026-09-24T08:01:53,Chaos Core,697827,697827,1,,750032
3247,2026-09-24T15:40:58,2026-09-24T08:01:53,Chaos Core,698449,698449,1,,750032
3248,2026-09-24T15:41:08,2026-09-24T08:01:53,Chaos Core,699130,699130,1,,750032
3249,2026-09-24T15:41:18,2026-09-24T08:01:53,Chaos Core,700928,700928,1,,750032
3250,2026-09-24T15:41:27,2026-09-24T08:01:53,Chaos Core,701505,701505,1,,750032
3251,2026-09-24T15:41:37,2026-09-24T08:01:53,Chaos Core,730283,730283,1,,750032
3252,2026-09-24T15:41:41,2026-09-24T08:01:53,Chaos Core,739977,739977,1,,750032
3253,2026-09-24T15:41:46,2026-09-24T08:01:53,Chaos Core,730283,37244433,51,,750032
3254,2026-09-24T15:41:50,2026-09-24T08:01:53,Chaos Core,739977,739977,1,,750032
3255,2026-09-24T15:41:55,2026-09-24T08:01:53,Chaos Core,741345,741345,1,,750032
3256,2026-09-24T15:42:54,2026-09-24T08:01:53,Chaos Core,743405,144963975,195,,750029
3257,2026-09-24T15:43:53,2026-09-24T08:01:53,Chaos Core,743405,6690645,9,,750028
3258,2026-09-24T15:44:01,2026-09-24T08:01:53,Chaos Core,743405,6690645,9,,750028
3259,2026-09-24T15:44:09,2026-09-24T08:01:53,Chaos Core,743405,84748170,114,,750028
3260,2026-09-24T15:44:20,2026-09-24T08:01:53,Chaos Core,744070,140629230,189,,750028
3261,2026-09-24T15:48:20,2026-09-24T08:01:53,Chaos Core,742264,742264,1,,
3262,2026-09-24T15:49:01,2026-09-24T08:01:53,Chaos Core,742264,70515080,95,,750024
3263,2026-09-24T15:49:09,2026-09-24T08:01:53,Chaos Core,742264,84618096,114,,750024
3264,2026-09-24T15:49:12,2026-09-24T08:01:53,Chaos Core,741643,741643,1,,750024
3265,2026-09-24T15:50:39,2026-09-24T08:01:53,Chaos Core,741643,155745030,210,,750022
3266,2026-09-24T15:51:41,2026-09-24T08:01:53,Chaos Core,741643,741643,1,,750019
3267,2026-09-24T15:51:56,2026-09-24T08:01:53,Chaos Core,741643,741643,1,,750019
3268,2026-09-24T15:52:06,2026-09-24T08:01:53,Chaos Core,742264,742264,1,,750019
3269,2026-09-24T16:02:54,2026-09-24T08:01:53,Force Core Set (High) X 1,186038,13766812,74,,195406
3270,2026-09-24T16:02:58,2026-09-24T08:01:53,Force Core Set (High) X 4,186038,744152,4,,195406
3271,2026-09-24T16:03:31,2026-09-24T08:01:53,Force Core Set (High) X 10,186038,11162280,60,,195406
3272,2026-09-24T16:03:35,2026-09-24T08:01:53,Force Core Set (High) X 12,186038,2232456,12,,195406
3273,2026-09-24T16:04:06,2026-09-24T08:01:53,Force Core Set (High) X 13,186038,2418494,13,,195404
3274,2026-09-24T16:04:10,2026-09-24T08:01:53,Force Core Set (High) X 19,186038,3534722,19,,195404
3275,2026-09-24T16:19:48,2026-09-24T08:01:53,Chaos Core,729398,729398,1,,
3276,2026-09-24T16:24:46,2026-09-24T08:01:53,Chaos Core,748111,748111,1,,
3277,2026-09-24T16:35:43,2026-09-24T08:01:53,Chaos Core,747777,747777,1,,
3278,2026-09-24T16:40:38,2026-09-24T08:01:53,Chaos Core,747777,747777,1,,
3279,2026-09-24T16:49:04,2026-09-24T08:01:53,Force Core Set (High) X 1,185930,2603020,14,,195360
3280,2026-09-24T16:49:08,2026-09-24T08:01:53,Force Core Set (High) X 2,185930,5577900,30,,195360
3281,2026-09-24T16:49:13,2026-09-24T08:01:53,Force Core Set (High) X 2,185930,29005080,156,,195360
3282,2026-09-24T17:14:03,2026-09-24T08:01:53,Chaos Core,713698,713698,1,,
3283,2026-09-24T17:27:02,2026-09-24T08:01:53,Force Core Set (Ultimate) X 13,346663,4506619,13,,368922
3284,2026-09-24T17:27:05,2026-09-24T08:01:53,Force Core Set (Ultimate) X 46,346663,15946498,46,,368922
3285,2026-09-24T17:27:08,2026-09-24T08:01:53,Force Core Set (Ultimate) X 47,346663,16293161,47,,368922
3286,2026-09-24T17:27:11,2026-09-24T08:01:53,Force Core Set (Ultimate) X 53,346663,18373139,53,,368922
3287,2026-09-24T17:27:14,2026-09-24T08:01:53,Force Core Set (Ultimate) X 73,346663,25306399,73,,368922
3288,2026-09-24T17:50:57,2026-09-24T08:01:53,Force Core Set (High) X 1,180000,1620000,9,,195277
3289,2026-09-24T17:51:01,2026-09-24T08:01:53,Force Core Set (High) X 10,180000,36000000,200,,195277
3290,2026-09-24T17:52:00,2026-09-24T08:01:53,Armor Account bind Unseal Stone,188999999,188999999,1,,
3291,2026-09-24T17:53:01,2026-09-24T08:01:53,Chaos Core,723000,723000,1,,
3292,2026-09-24T17:57:55,2026-09-24T08:01:53,Chaos Core,723000,723000,1,,
3293,2026-09-24T18:02:49,2026-09-24T08:01:53,Chaos Core,699999,699999,1,,
3294,2026-09-24T18:07:43,2026-09-24T08:01:53,Chaos Core,699999,699999,1,,
3295,2026-09-24T18:17:14,2026-09-24T08:01:53,Chaos Core,696264,696264,1,,
3296,2026-09-24T18:23:33,2026-09-24T08:01:53,Chaos Core,696264,696264,1,,
3297,2026-09-24T18:33:09,2026-09-24T08:01:53,Chaos Core,696264,696264,1,,
3298,2026-09-24T18:36:52,2026-09-24T08:01:53,Force Core Set (Ultimate) X 18,346663,6239934,18,,368859
3299,2026-09-24T18:36:55,2026-09-24T08:01:53,Force Core Set (Ultimate) X 22,346663,7626586,22,,368859
3300,2026-09-24T18:37:00,2026-09-24T08:01:53,Force Core Set (Ultimate) X 10,346665,55466400,160,,368859
3301,2026-09-24T18:43:31,2026-09-24T08:01:53,Force Core Set (High) X 17,180000,3060000,17,,195212
3302,2026-09-24T18:43:34,2026-09-24T08:01:53,Force Core Set (High) X 47,180000,8460000,47,,195212
3303,2026-09-24T18:43:36,2026-09-24T08:01:53,Force Core Set (High) X 48,180000,8640000,48,,195212
3304,2026-09-24T18:43:39,2026-09-24T08:01:53,Force Core Set (High) X 85,180000,15300000,85,,195212
3305,2026-09-24T23:21:35,2026-09-24T23:19:23,Chaos Core,725000,725000,1,,
3306,2026-09-24T23:22:09,2026-09-24T23:19:23,Upgrade Core Set (Ultimate) X 1,442380,12386640,28,,449806
3307,2026-09-24T23:22:12,2026-09-24T23:19:23,Upgrade Core Set (Ultimate) X 2,442380,884760,2,,449806
3308,2026-09-24T23:22:15,2026-09-24T23:19:23,Upgrade Core Set (Ultimate) X 3,442380,1327140,3,,449806
3309,2026-09-24T23:22:19,2026-09-24T23:19:23,Upgrade Core Set (Ultimate) X 5,444000,31080000,70,,449806
3310,2026-09-24T23:22:22,2026-09-24T23:19:23,Upgrade Core Set (Ultimate) X 34,444000,15096000,34,,449806
3311,2026-09-24T23:24:29,2026-09-24T23:19:23,Chaos Core,725000,725000,1,,
3312,2026-09-24T23:25:11,2026-09-24T23:19:23,Chaos Core,649999,21449967,33,,728034
3313,2026-09-24T23:29:34,2026-09-24T23:19:23,Chaos Core,725000,111650000,154,,749963
3314,2026-09-24T23:29:44,2026-09-24T23:19:23,Chaos Core,725000,145000000,200,,749963
3315,2026-09-24T23:30:59,2026-09-24T23:19:23,Chaos Core,727999,7279990,10,,749962
3316,2026-09-24T23:31:08,2026-09-24T23:19:23,Chaos Core,730000,32850000,45,,749962
3317,2026-09-24T23:31:26,2026-09-24T23:19:23,Chaos Core,730000,70810000,97,,749962
3318,2026-09-24T23:31:37,2026-09-24T23:19:23,Chaos Core,730000,730000,1,,749962
3319,2026-09-24T23:32:36,2026-09-24T23:19:23,Chaos Core,735000,182280000,248,,749960
3320,2026-09-24T23:32:48,2026-09-24T23:19:23,Chaos Core,740000,740000,1,,749960
3321,2026-09-24T23:33:57,2026-09-24T23:19:23,Force Core Set (High) X 2,185930,1487440,8,,195107
3322,2026-09-24T23:34:01,2026-09-24T23:19:23,Force Core Set (High) X 92,185930,17105560,92,,195107
3323,2026-09-24T23:34:29,2026-09-24T23:19:23,Upgrade Core Set (Ultimate) X 25,444000,11100000,25,,449801
3324,2026-09-24T23:34:34,2026-09-24T23:19:23,Upgrade Core Set (Ultimate) X 10,444695,48916450,110,,449801
3325,2026-09-24T23:34:38,2026-09-24T23:19:23,Upgrade Core Set (Ultimate) X 100,444695,44469500,100,,449801
3326,2026-09-24T23:35:11,2026-09-24T23:19:23,Upgrade Core Set (Ultimate) X 100,444695,88939000,200,,449797
3327,2026-09-24T23:35:38,2026-09-24T23:19:23,Force Core Set (Ultimate) X 3,346661,1039983,3,,368783
3328,2026-09-24T23:35:41,2026-09-24T23:19:23,Force Core Set (Ultimate) X 7,346661,2426627,7,,368783
3329,2026-09-24T23:35:44,2026-09-24T23:19:23,Force Core Set (Ultimate) X 32,346661,11093152,32,,368783
3330,2026-09-24T23:35:46,2026-09-24T23:19:23,Force Core Set (Ultimate) X 39,346661,13519800,39,,368783
3331,2026-09-24T23:35:49,2026-09-24T23:19:23,Force Core Set (Ultimate) X 254,346661,88051894,254,,368783
3332,2026-09-24T23:37:42,2026-09-24T23:19:23,Chaos Core,743087,743087,1,,
3333,2026-09-24T23:40:34,2026-09-24T23:19:23,Chaos Core,742999,153057794,206,,749956
3334,2026-09-24T23:40:47,2026-09-24T23:19:23,Chaos Core,743087,743087,1,,749956
3335,2026-09-24T23:45:46,2026-09-24T23:19:23,Chaos Core,745000,745000,1,,
3336,2026-09-24T23:47:35,2026-09-24T23:19:23,Chaos Core,724419,47087235,65,,749956
3337,2026-09-24T23:47:43,2026-09-24T23:19:23,Chaos Core,724419,180380331,249,,749956
3338,2026-09-24T23:47:56,2026-09-24T23:19:23,Chaos Core,730000,730000,1,,749956
3339,2026-09-24T23:50:54,2026-09-24T23:19:23,Chaos Core,730000,2190000,3,,749955
3340,2026-09-24T23:52:20,2026-09-24T23:19:23,Chaos Core,740000,5180000,7,,749955
3341,2026-09-24T23:52:25,2026-09-24T23:19:23,Chaos Core,728843,63409341,87,,749955
3342,2026-09-24T23:52:39,2026-09-24T23:19:23,Chaos Core,740000,183520000,248,,749955
3343,2026-09-24T23:54:00,2026-09-24T23:19:23,Chaos Core,745000,10430000,14,,750027
3344,2026-09-24T23:54:05,2026-09-24T23:19:23,Chaos Core,730000,64240000,88,,750027
3345,2026-09-24T23:54:15,2026-09-24T23:19:23,Chaos Core,740000,59200000,80,,750027
3346,2026-09-24T23:54:26,2026-09-24T23:19:23,Chaos Core,745087,745087,1,,750027
3347,2026-09-24T23:55:19,2026-09-24T23:19:23,Chaos Core,730000,22630000,31,,750035
3348,2026-09-24T23:55:40,2026-09-24T23:19:23,Chaos Core,745087,1490174,2,,750035
3349,2026-09-24T23:56:26,2026-09-24T23:19:23,Force Core Set (Highest) X 124,193477,23991160,124,,199715
3350,2026-09-24T23:56:29,2026-09-24T23:19:23,Force Core Set (Highest) X 329,193477,63653933,329,,199715
3351,2026-09-24T23:58:25,2026-09-24T23:19:23,Chaos Core,745087,745087,1,,
3352,2026-09-25T00:50:37,2026-09-25T00:44:46,Chaos Core,745000,745000,1,,
3353,2026-09-25T00:51:07,2026-09-25T00:44:46,Chaos Core,745000,31290000,42,,750690
3354,2026-09-25T00:51:15,2026-09-25T00:44:46,Chaos Core,745000,184760000,248,,750690
3355,2026-09-25T00:51:25,2026-09-25T00:44:46,Chaos Core,745087,745087,1,,750690
3356,2026-09-25T00:55:26,2026-09-25T00:44:46,Chaos Core,745087,186271750,250,,750685
3357,2026-09-25T00:55:39,2026-09-25T00:44:46,Chaos Core,745700,745700,1,,750685
3358,2026-09-25T00:55:58,2026-09-25T00:44:46,Chaos Core,745700,745700,1,,750685
3359,2026-09-25T00:57:07,2026-09-25T00:44:46,Chaos Core,742431,1484862,2,,750682
3360,2026-09-25T00:57:28,2026-09-25T00:44:46,Chaos Core,749315,749315,1,,750682
3361,2026-09-25T01:04:05,2026-09-25T00:44:46,Chaos Core,740012,122101980,165,,750672
3362,2026-09-25T01:04:58,2026-09-25T00:44:46,Chaos Core,740012,119881944,162,,750672
3363,2026-09-25T01:05:50,2026-09-25T00:44:46,Chaos Core,740012,73261188,99,,750670
3364,2026-09-25T01:05:57,2026-09-25T00:44:46,Chaos Core,740012,28860468,39,,750670
3365,2026-09-25T01:06:05,2026-09-25T00:44:46,Chaos Core,740012,44400720,60,,750670
3366,2026-09-25T01:13:57,2026-09-25T00:44:46,Chaos Core,749000,749000,1,,
3367,2026-09-25T01:20:13,2026-09-25T00:44:46,Chaos Core,748999,748999,1,,
3368,2026-09-25T01:25:32,2026-09-25T00:44:46,Chaos Core,748998,748998,1,,
3369,2026-09-25T01:37:13,2026-09-25T00:44:46,Chaos Core,748998,748998,1,,
3370,2026-09-25T07:56:51,2026-09-25T07:54:15,Chaos Core,728652,728652,1,,
3371,2026-09-25T07:57:20,2026-09-25T07:54:15,Upgrade Core Set (Ultimate) X 1,469773,469773,1,,536874
3372,2026-09-25T07:57:23,2026-09-25T07:54:15,Upgrade Core Set (Ultimate) X 29,469773,13623417,29,,536874
3373,2026-09-25T08:03:13,2026-09-25T07:54:15,Force Core Set (High) X 4,155000,620000,4,,185890
3374,2026-09-25T08:03:17,2026-09-25T07:54:15,Force Core Set (High) X 10,155000,31000000,200,,185890
3375,2026-09-25T08:03:49,2026-09-25T07:54:15,Force Core Set (High) X 10,155000,31000000,200,,185890
3376,2026-09-25T08:04:16,2026-09-25T07:54:15,Upgrade Core Set (Ultimate) X 39,469773,18321147,39,,536869
3377,2026-09-25T08:08:42,2026-09-25T07:54:15,Chaos Core,700000,128100000,183,,728086
3378,2026-09-25T08:09:40,2026-09-25T07:54:15,Upgrade Core Set (Ultimate) X 74,469773,34763202,74,,536863
3379,2026-09-25T08:09:42,2026-09-25T07:54:15,Upgrade Core Set (Ultimate) X 94,469773,44158662,94,,536863
3380,2026-09-25T08:13:57,2026-09-25T07:54:15,Force Core Set (Highest) X 2,175000,350000,2,,196992
3381,2026-09-25T08:14:00,2026-09-25T07:54:15,Force Core Set (Highest) X 19,175000,3325000,19,,196992
3382,2026-09-25T08:14:30,2026-09-25T07:54:15,Force Core Set (Ultimate) X 71,356665,25323233,71,,368843
3383,2026-09-25T08:16:09,2026-09-25T07:54:15,Chaos Core,725476,725476,1,,
3384,2026-09-25T08:23:39,2026-09-25T07:54:15,Force Core Set (High) X 10,155000,1550000,10,,185863
3385,2026-09-25T08:23:43,2026-09-25T07:54:15,Force Core Set (High) X 10,155000,9300000,60,,185863
3386,2026-09-25T08:23:46,2026-09-25T07:54:15,Force Core Set (High) X 34,155000,5270000,34,,185863
3387,2026-09-25T08:23:49,2026-09-25T07:54:15,Force Core Set (High) X 37,155000,5735000,37,,185863
3388,2026-09-25T08:23:52,2026-09-25T07:54:15,Force Core Set (High) X 42,155000,6510000,42,,185863
3389,2026-09-25T08:28:38,2026-09-25T07:54:15,Upgrade Core Set (Ultimate) X 100,469770,46977000,100,,536844
3390,2026-09-25T08:30:04,2026-09-25T07:54:15,Chaos Core,723117,723117,1,,
3391,2026-09-25T08:34:32,2026-09-25T07:54:15,Chaos Core,723117,723117,1,,
3392,2026-09-25T08:39:11,2026-09-25T07:54:15,Chaos Core,721353,54101475,75,,728071
3393,2026-09-25T08:39:18,2026-09-25T07:54:15,Chaos Core,721940,45482220,63,,728071
3394,2026-09-25T08:40:07,2026-09-25T07:54:15,Chaos Core,721940,45482220,63,,728068
3395,2026-09-25T08:41:35,2026-09-25T07:54:15,Chaos Core,722527,68640065,95,,728068
3396,2026-09-25T08:41:55,2026-09-25T07:54:15,Chaos Core,723117,723117,1,,728068
3397,2026-09-25T08:47:05,2026-09-25T07:54:15,Chaos Core,719602,51811344,72,,728067
3398,2026-09-25T08:47:12,2026-09-25T07:54:15,Chaos Core,719602,179180898,249,,728067
3399,2026-09-25T08:49:08,2026-09-25T07:54:15,Upgrade Core Set (Ultimate) X 1,468928,468928,1,,536831
3400,2026-09-25T08:49:12,2026-09-25T07:54:15,Upgrade Core Set (Ultimate) X 10,468928,93785600,200,,536831
3401,2026-09-25T08:51:48,2026-09-25T07:54:15,Chaos Core,719031,41703798,58,,728062
3402,2026-09-25T08:51:58,2026-09-25T07:54:15,Chaos Core,719602,12952836,18,,728062
3403,2026-09-25T08:52:12,2026-09-25T07:54:15,Chaos Core,721353,721353,1,,728062
3404,2026-09-25T08:52:24,2026-09-25T07:54:15,Chaos Core,720663,720663,1,,728062
3405,2026-09-25T08:52:39,2026-09-25T07:54:15,Chaos Core,721353,4328118,6,,728062
3406,2026-09-25T08:52:52,2026-09-25T07:54:15,Chaos Core,721353,721353,1,,728062
3407,2026-09-25T08:53:06,2026-09-25T07:54:15,Chaos Core,721353,721353,1,,728062
3408,2026-09-25T08:53:19,2026-09-25T07:54:15,Chaos Core,721940,721940,1,,728062
3409,2026-09-25T08:55:18,2026-09-25T07:54:15,Chaos Core,723000,180027000,249,,728061
3410,2026-09-25T08:58:22,2026-09-25T07:54:15,Chaos Core,723000,723000,1,,
3411,2026-09-25T09:05:15,2026-09-25T07:54:15,Chaos Core,721199,82216686,114,,728048
3412,2026-09-25T09:05:22,2026-09-25T07:54:15,Chaos Core,721199,32453955,45,,728048
3413,2026-09-25T09:06:28,2026-09-25T07:54:15,Chaos Core,721200,29569200,41,,728050
3414,2026-09-25T09:06:36,2026-09-25T07:54:15,Chaos Core,721200,38944800,54,,728050
3415,2026-09-25T09:06:47,2026-09-25T07:54:15,Chaos Core,721208,129817440,180,,728050
3416,2026-09-25T09:06:58,2026-09-25T07:54:15,Chaos Core,721208,721208,1,,728050
3417,2026-09-25T09:09:56,2026-09-25T07:54:15,Chaos Core,720028,720028,1,,
3418,2026-09-25T09:11:36,2026-09-25T07:54:15,Chaos Core,723000,81699000,113,,728045
3419,2026-09-25T09:11:42,2026-09-25T07:54:15,Chaos Core,719506,166925392,232,,728045
3420,2026-09-25T09:14:04,2026-09-25T07:54:15,Chaos Core,723000,83145000,115,,728043
3421,2026-09-25T09:14:19,2026-09-25T07:54:15,Chaos Core,723000,26751000,37,,728043
3422,2026-09-25T09:14:34,2026-09-25T07:54:15,Chaos Core,723000,33981000,47,,728043
3423,2026-09-25T09:14:56,2026-09-25T07:54:15,Chaos Core,723000,1446000,2,,728043
3424,2026-09-25T10:39:32,2026-09-25T10:36:56,Chaos Core,715003,155155651,217,,728052
3425,2026-09-25T10:39:39,2026-09-25T10:36:56,Chaos Core,715003,1430006,2,,728052
3426,2026-09-25T10:40:39,2026-09-25T10:36:56,Chaos Core,715003,30745129,43,,728052
3427,2026-09-25T10:40:44,2026-09-25T10:36:56,Chaos Core,714369,20716701,29,,728052
3428,2026-09-25T10:42:35,2026-09-25T10:36:56,Chaos Core,720000,720000,1,,
3429,2026-09-25T10:46:20,2026-09-25T10:36:56,Chaos Core,720000,80640000,112,,728071
3430,2026-09-25T10:46:34,2026-09-25T10:36:56,Chaos Core,720000,116640000,162,,728071
3431,2026-09-25T10:46:49,2026-09-25T10:36:56,Chaos Core,721205,1442410,2,,728071
3432,2026-09-25T10:48:25,2026-09-25T10:36:56,Chaos Core,721205,135586540,188,,728070
3433,2026-09-25T10:48:37,2026-09-25T10:36:56,Chaos Core,720000,720000,1,,728070
3434,2026-09-25T10:50:22,2026-09-25T10:36:56,Chaos Core,723000,723000,1,,728070
3435,2026-09-25T10:50:37,2026-09-25T10:36:56,Chaos Core,723000,4338000,6,,728070
3436,2026-09-25T10:50:57,2026-09-25T10:36:56,Chaos Core,723000,723000,1,,728070
3437,2026-09-25T10:51:12,2026-09-25T10:36:56,Chaos Core,723000,2892000,4,,728070
3438,2026-09-25T10:51:27,2026-09-25T10:36:56,Chaos Core,723000,5784000,8,,728070
3439,2026-09-25T10:51:42,2026-09-25T10:36:56,Chaos Core,723000,3615000,5,,728070
3440,2026-09-25T10:51:56,2026-09-25T10:36:56,Chaos Core,723000,2892000,4,,728070
3441,2026-09-25T10:52:11,2026-09-25T10:36:56,Chaos Core,723000,2892000,4,,728070
3442,2026-09-25T10:52:25,2026-09-25T10:36:56,Chaos Core,723000,3615000,5,,728070
3443,2026-09-25T10:52:33,2026-09-25T10:36:56,Chaos Core,723000,1446000,2,,728070
3444,2026-09-25T10:52:48,2026-09-25T10:36:56,Chaos Core,723675,1447350,2,,728070
3445,2026-09-25T10:53:26,2026-09-25T10:36:56,Chaos Core,717000,154155000,215,,728069
3446,2026-09-25T10:53:31,2026-09-25T10:36:56,Chaos Core,717000,717000,1,,728069
3447,2026-09-25T10:55:19,2026-09-25T10:36:56,Force Core Set (Ultimate) X 2,374390,748780,2,,383901
3448,2026-09-25T10:55:22,2026-09-25T10:36:56,Force Core Set (Ultimate) X 6,374390,2246340,6,,383901
3449,2026-09-25T10:55:25,2026-09-25T10:36:56,Force Core Set (Ultimate) X 14,374390,5241460,14,,383901
3450,2026-09-25T10:55:27,2026-09-25T10:36:56,Force Core Set (Ultimate) X 9,374964,3374676,9,,383901
3451,2026-09-25T10:55:30,2026-09-25T10:36:56,Force Core Set (Ultimate) X 6,374965,2249790,6,,383901
3452,2026-09-25T10:56:02,2026-09-25T10:36:56,Force Core Set (Ultimate) X 1,374984,44998080,120,,383901
3453,2026-09-25T10:56:05,2026-09-25T10:36:56,Force Core Set (Ultimate) X 1,374984,374984,1,,383901
3454,2026-09-25T10:56:09,2026-09-25T10:36:56,Force Core Set (Ultimate) X 1,374984,4124824,11,,383901
3455,2026-09-25T10:56:12,2026-09-25T10:36:56,Force Core Set (Ultimate) X 1,374984,374984,1,,383901
3456,2026-09-25T10:56:14,2026-09-25T10:36:56,Force Core Set (Ultimate) X 1,374984,374984,1,,383901
3457,2026-09-25T10:56:44,2026-09-25T10:36:56,Force Core Set (Ultimate) X 10,374984,3749840,10,,383899
3458,2026-09-25T10:56:48,2026-09-25T10:36:56,Force Core Set (Ultimate) X 10,374984,22499040,60,,383899
3459,2026-09-25T10:56:51,2026-09-25T10:36:56,Force Core Set (Ultimate) X 13,374984,4874792,13,,383899
3460,2026-09-25T10:56:54,2026-09-25T10:36:56,Force Core Set (Ultimate) X 42,374984,15749328,42,,383899
3461,2026-09-25T10:56:57,2026-09-25T10:36:56,Force Core Set (Ultimate) X 56,374984,20999104,56,,383899
3462,2026-09-25T10:58:20,2026-09-25T10:36:56,Chaos Core,716390,716390,1,,
3463,2026-09-25T11:00:20,2026-09-25T10:36:56,Chaos Core,715847,37939891,53,,728071
3464,2026-09-25T11:00:28,2026-09-25T10:36:56,Chaos Core,716390,716390,1,,728071
3465,2026-09-25T11:01:21,2026-09-25T10:36:56,Chaos Core,717087,63820743,89,,728070
3466,2026-09-25T11:01:37,2026-09-25T10:36:56,Chaos Core,724000,724000,1,,728070
3467,2026-09-25T11:04:03,2026-09-25T10:36:56,Force Core Set (High) X 7,149999,1049993,7,,184967
3468,2026-09-25T11:04:06,2026-09-25T10:36:56,Force Core Set (High) X 53,149999,7949947,53,,184967
3469,2026-09-25T11:04:09,2026-09-25T10:36:56,Force Core Set (High) X 128,149999,19199872,128,,184967
3470,2026-09-25T11:04:12,2026-09-25T10:36:56,Force Core Set (High) X 145,149999,21749855,145,,184967
3471,2026-09-25T11:07:48,2026-09-25T10:36:56,Chaos Core,717087,7887957,11,,728067
3472,2026-09-25T11:09:27,2026-09-25T10:36:56,Chaos Core,724000,724000,1,,728067
3473,2026-09-25T11:12:47,2026-09-25T10:36:56,Chaos Core,712927,7842197,11,,728068
3474,2026-09-25T11:12:55,2026-09-25T10:36:56,Chaos Core,713545,3567725,5,,728068
3475,2026-09-25T11:13:18,2026-09-25T10:36:56,Chaos Core,724000,1448000,2,,728068
3476,2026-09-25T11:17:26,2026-09-25T10:36:56,Chaos Core,712392,13535448,19,,728067
3477,2026-09-25T11:17:50,2026-09-25T10:36:56,Chaos Core,712392,1424784,2,,728067
3478,2026-09-25T11:18:30,2026-09-25T10:36:56,Chaos Core,712392,34907208,49,,728067
3479,2026-09-25T11:18:41,2026-09-25T10:36:56,Chaos Core,715000,81510000,114,,728067
3480,2026-09-25T11:18:54,2026-09-25T10:36:56,Chaos Core,720000,720000,1,,728067
3481,2026-09-25T11:19:08,2026-09-25T10:36:56,Chaos Core,724000,724000,1,,728067
3482,2026-09-25T11:20:00,2026-09-25T10:36:56,Chaos Core,711887,3559435,5,,728065
3483,2026-09-25T11:20:14,2026-09-25T10:36:56,Chaos Core,717087,717087,1,,728065
3484,2026-09-25T11:26:13,2026-09-25T10:36:56,Chaos Core,715000,715000,1,,728060
3485,2026-09-25T11:26:27,2026-09-25T10:36:56,Chaos Core,717000,717000,1,,728060
3486,2026-09-25T11:26:31,2026-09-25T10:36:56,Chaos Core,710040,2840160,4,,728060
3487,2026-09-25T11:41:22,2026-09-25T11:37:56,Chaos Core,729373,729373,1,,
3488,2026-09-25T11:45:54,2026-09-25T11:37:56,Force Core Set (Highest) X 10,195487,39097400,200,,202903
3489,2026-09-25T11:46:24,2026-09-25T11:37:56,Force Core Set (Highest) X 24,195487,4691688,24,,202901
3490,2026-09-25T11:46:27,2026-09-25T11:37:56,Force Core Set (Highest) X 41,195487,8014967,41,,202901
3491,2026-09-25T11:46:30,2026-09-25T11:37:56,Force Core Set (Highest) X 52,195487,10165324,52,,202901
3492,2026-09-25T11:46:33,2026-09-25T11:37:56,Force Core Set (Highest) X 59,195487,11533733,59,,202901
3493,2026-09-25T11:46:35,2026-09-25T11:37:56,Force Core Set (Highest) X 74,195487,14466038,74,,202901
3494,2026-09-25T11:47:06,2026-09-25T11:37:56,Force Core Set (Highest) X 96,195487,18766752,96,,202901
3495,2026-09-25T11:47:08,2026-09-25T11:37:56,Force Core Set (Highest) X 104,195487,20330648,104,,202901
3496,2026-09-25T11:48:21,2026-09-25T11:37:56,Chaos Core,734999,734999,1,,
3497,2026-09-25T11:52:31,2026-09-25T11:37:56,Chaos Core,720000,23760000,33,,728052
3498,2026-09-25T11:52:35,2026-09-25T11:37:56,Chaos Core,720000,15840000,22,,728052
3499,2026-09-25T11:52:51,2026-09-25T11:37:56,Chaos Core,737087,1474174,2,,728052
3500,2026-09-25T11:58:20,2026-09-25T11:37:56,Upgrade Core Set (Ultimate) X 21,469772,9865212,21,,535744
3501,2026-09-25T11:58:23,2026-09-25T11:37:56,Upgrade Core Set (Ultimate) X 93,469772,43688796,93,,535744
3502,2026-09-25T11:58:26,2026-09-25T11:37:56,Upgrade Core Set (Ultimate) X 191,469772,89726642,191,,535744
3503,2026-09-25T11:59:58,2026-09-25T11:37:56,Chaos Core,739999,739999,1,,
3504,2026-09-25T12:04:00,2026-09-25T11:37:56,Upgrade Core Set (Ultimate) X 2,469773,939546,2,,535742
3505,2026-09-25T12:05:27,2026-09-25T11:37:56,Chaos Core,739999,739999,1,,
3506,2026-09-25T12:09:15,2026-09-25T11:37:56,Upgrade Core Set (Ultimate) X 35,443674,15528590,35,,535739
3507,2026-09-25T12:10:42,2026-09-25T11:37:56,Chaos Core,739352,739352,1,,
3508,2026-09-25T12:14:42,2026-09-25T11:37:56,Upgrade Core Set (Ultimate) X 51,469772,23958419,51,,535734
3509,2026-09-25T12:19:27,2026-09-25T11:37:56,Chaos Core,736820,83997480,114,,744000
3510,2026-09-25T12:19:32,2026-09-25T11:37:56,Chaos Core,736150,83921100,114,,744000
3511,2026-09-25T12:20:30,2026-09-25T11:37:56,Chaos Core,736150,39015950,53,,743999
3512,2026-09-25T12:20:35,2026-09-25T11:37:56,Chaos Core,736000,70656000,96,,743999
3513,2026-09-25T12:20:43,2026-09-25T11:37:56,Chaos Core,736150,8833800,12,,743999
3514,2026-09-25T12:20:53,2026-09-25T11:37:56,Chaos Core,736827,33894042,46,,743999
3515,2026-09-25T12:21:57,2026-09-25T11:37:56,Chaos Core,738061,32474684,44,,743999
3516,2026-09-25T12:22:09,2026-09-25T11:37:56,Chaos Core,738735,2216205,3,,743999
3517,2026-09-25T12:22:31,2026-09-25T11:37:56,Chaos Core,739999,739999,1,,743999
3518,2026-09-25T12:56:02,2026-09-25T12:53:20,Force Core Set (Ultimate) X 1,374843,374843,1,,383845
3519,2026-09-25T12:56:05,2026-09-25T12:53:20,Force Core Set (Ultimate) X 10,374843,3748430,10,,383845
3520,2026-09-25T12:56:08,2026-09-25T12:53:20,Force Core Set (Ultimate) X 64,374843,23990000,64,,383845
3521,2026-09-25T12:56:11,2026-09-25T12:53:20,Force Core Set (Ultimate) X 73,374843,27363539,73,,383845
3522,2026-09-25T12:56:14,2026-09-25T12:53:20,Force Core Set (Ultimate) X 87,374843,32611341,87,,383845
3523,2026-09-25T13:35:10,2026-09-25T13:30:34,Chaos Core,737998,737998,1,,
3524,2026-09-25T13:35:43,2026-09-25T13:30:34,Upgrade Core Set (Ultimate) X 15,469773,7046595,15,,536781
3525,2026-09-25T13:36:23,2026-09-25T13:30:34,Force Core Set (Ultimate) X 1,374843,374843,1,,383880
3526,2026-09-25T13:36:26,2026-09-25T13:30:34,Force Core Set (Ultimate) X 20,374843,7496860,20,,383880
3527,2026-09-25T13:36:29,2026-09-25T13:30:34,Force Core Set (Ultimate) X 43,375000,16125000,43,,383880
3528,2026-09-25T13:37:01,2026-09-25T13:30:34,Force Core Set (Ultimate) X 47,375000,17625000,47,,383879
3529,2026-09-25T13:37:05,2026-09-25T13:30:34,Force Core Set (Ultimate) X 70,375000,26250000,70,,383879
3530,2026-09-25T13:37:36,2026-09-25T13:30:34,Force Core Set (Ultimate) X 75,375000,28125000,75,,383879
3531,2026-09-25T13:37:40,2026-09-25T13:30:34,Force Core Set (Ultimate) X 83,375000,31125000,83,,383879
3532,2026-09-25T13:40:17,2026-09-25T13:30:34,Chaos Core,737998,737998,1,,
3533,2026-09-25T13:48:02,2026-09-25T13:30:34,Chaos Core,737998,76013794,103,,750701
3534,2026-09-25T13:48:11,2026-09-25T13:30:34,Chaos Core,737998,138743624,188,,750701
3535,2026-09-25T13:49:21,2026-09-25T13:30:34,Chaos Core,737998,106271712,144,,750700
3536,2026-09-25T13:50:10,2026-09-25T13:30:34,Chaos Core,734360,182855640,249,,750698
3537,2026-09-25T13:51:06,2026-09-25T13:30:34,Chaos Core,734360,734360,1,,750697
3538,2026-09-25T13:51:20,2026-09-25T13:30:34,Chaos Core,737998,11807968,16,,750697
3539,2026-09-25T13:51:35,2026-09-25T13:30:34,Chaos Core,737998,184499500,250,,750697
3540,2026-09-25T13:52:54,2026-09-25T13:30:34,Chaos Core,738998,184749500,250,,750695
3541,2026-09-25T13:52:59,2026-09-25T13:30:34,Chaos Core,734360,1468720,2,,750695
3542,2026-09-25T13:53:56,2026-09-25T13:30:34,Upgrade Core Set (Ultimate) X 1,469773,5167503,11,,536773
3543,2026-09-25T13:54:00,2026-09-25T13:30:34,Upgrade Core Set (Ultimate) X 1,469773,11744325,25,,536773
3544,2026-09-25T13:54:03,2026-09-25T13:30:34,Upgrade Core Set (Ultimate) X 20,469773,9395460,20,,536773
3545,2026-09-25T13:54:06,2026-09-25T13:30:34,Upgrade Core Set (Ultimate) X 34,469773,15972282,34,,536773
3546,2026-09-25T14:00:22,2026-09-25T13:56:37,Chaos Core,749999,749999,1,,
3547,2026-09-25T14:06:58,2026-09-25T13:56:37,Force Core Set (High) X 88,170454,15000000,88,,185000
3548,2026-09-25T14:07:01,2026-09-25T13:56:37,Force Core Set (High) X 79,178571,14107109,79,,185000
3549,2026-09-25T14:07:04,2026-09-25T13:56:37,Force Core Set (High) X 252,178571,45000000,252,,185000
3550,2026-09-25T14:08:37,2026-09-25T13:56:37,Chaos Core,750000,750000,1,,
3551,2026-09-25T14:26:39,2026-09-25T13:56:37,Chaos Core,748999,748999,1,,
3552,2026-09-25T14:39:06,2026-09-25T14:36:48,Chaos Core,748999,748999,1,,
3553,2026-09-25T14:39:38,2026-09-25T14:36:48,Upgrade Core Set (Ultimate) X 20,469773,9395460,20,,536733
3554,2026-09-25T14:40:09,2026-09-25T14:36:48,Force Core Set (Ultimate) X 1,374843,4498116,12,,383843
3555,2026-09-25T14:40:12,2026-09-25T14:36:48,Force Core Set (Ultimate) X 3,374843,1124529,3,,383843
3556,2026-09-25T14:40:15,2026-09-25T14:36:48,Force Core Set (Ultimate) X 6,374843,2249058,6,,383843
3557,2026-09-25T14:40:18,2026-09-25T14:36:48,Force Core Set (Ultimate) X 12,374843,4498116,12,,383843
3558,2026-09-25T14:40:21,2026-09-25T14:36:48,Force Core Set (Ultimate) X 23,374843,8621389,23,,383843
3559,2026-09-25T14:54:13,2026-09-25T14:36:48,Chaos Core,745644,745644,1,,
3560,2026-09-25T15:00:15,2026-09-25T14:36:48,Chaos Core,745644,745644,1,,
3561,2026-09-25T15:06:18,2026-09-25T14:36:48,Chaos Core,745644,745644,1,,
3562,2026-09-25T15:12:18,2026-09-25T14:36:48,Chaos Core,745053,745053,1,,
3563,2026-09-25T15:18:44,2026-09-25T14:36:48,Chaos Core,743777,743777,1,,
3564,2026-09-25T15:30:32,2026-09-25T14:36:48,Chaos Core,741896,741896,1,,
3565,2026-09-25T15:40:38,2026-09-25T14:36:48,Chaos Core,739533,8134863,11,,749619
3566,2026-09-25T15:40:51,2026-09-25T14:36:48,Chaos Core,743777,743777,1,,749619
3567,2026-09-25T16:43:41,2026-09-25T16:39:35,Chaos Core,722034,722034,1,,
3568,2026-09-25T16:52:55,2026-09-25T16:39:35,Chaos Core,720351,172163889,239,,740246
3569,2026-09-25T16:53:03,2026-09-25T16:39:35,Chaos Core,720963,720963,1,,740246
3570,2026-09-25T16:55:05,2026-09-25T16:39:35,Chaos Core,719123,719123,1,,740245
3571,2026-09-25T16:55:12,2026-09-25T16:39:35,Chaos Core,719123,19416321,27,,740245
3572,2026-09-25T16:55:32,2026-09-25T16:39:35,Chaos Core,721465,121927585,169,,740245
3573,2026-09-25T16:55:43,2026-09-25T16:39:35,Chaos Core,720963,720963,1,,740245
3574,2026-09-25T17:04:15,2026-09-25T16:39:35,Chaos Core,721465,721465,1,,
3575,2026-09-25T17:06:44,2026-09-25T16:39:35,Chaos Core,722034,85922046,119,,740219
3576,2026-09-25T17:06:59,2026-09-25T16:39:35,Chaos Core,722034,91698318,127,,740219
3577,2026-09-25T17:08:29,2026-09-25T16:39:35,Chaos Core,723250,12295250,17,,740218
3578,2026-09-25T17:08:34,2026-09-25T16:39:35,Chaos Core,716870,66668910,93,,740218
3579,2026-09-25T17:08:49,2026-09-25T16:39:35,Chaos Core,723250,69432000,96,,740218
3580,2026-09-25T17:09:01,2026-09-25T16:39:35,Chaos Core,721465,721465,1,,740218
3581,2026-09-25T17:10:32,2026-09-25T16:39:35,Chaos Core,725697,83455155,115,,740217
3582,2026-09-25T17:10:47,2026-09-25T16:39:35,Chaos Core,725697,83455155,115,,740217
3583,2026-09-25T17:10:59,2026-09-25T16:39:35,Chaos Core,728127,728127,1,,740217
3584,2026-09-25T17:12:21,2026-09-25T16:39:35,Chaos Core,730000,148190000,203,,740211
3585,2026-09-25T17:12:29,2026-09-25T16:39:35,Chaos Core,734999,734999,1,,740211
3586,2026-09-25T17:14:02,2026-09-25T16:39:35,Chaos Core,725000,21025000,29,,740214
3587,2026-09-25T17:14:16,2026-09-25T16:39:35,Chaos Core,734999,734999,1,,740214
3588,2026-09-25T17:17:08,2026-09-25T16:39:35,Chaos Core,734999,734999,1,,
3589,2026-09-25T17:20:42,2026-09-25T16:39:35,Chaos Core,735000,132300000,180,,740203
3590,2026-09-25T17:23:37,2026-09-25T16:39:35,Chaos Core,735000,735000,1,,740204
3591,2026-09-25T17:23:42,2026-09-25T16:39:35,Chaos Core,722596,71537004,99,,740204
3592,2026-09-25T17:23:56,2026-09-25T16:39:35,Chaos Core,735000,735000,1,,740204
3593,2026-09-25T17:24:19,2026-09-25T16:39:35,Chaos Core,736554,736554,1,,740204
3594,2026-09-25T17:31:31,2026-09-25T16:39:35,Chaos Core,720763,33155098,46,,740200
3595,2026-09-25T17:31:45,2026-09-25T16:39:35,Chaos Core,730000,730000,1,,740200
3596,2026-09-25T17:32:06,2026-09-25T16:39:35,Chaos Core,736554,736554,1,,740200
3597,2026-09-25T17:39:54,2026-09-25T16:39:35,Chaos Core,760000,760000,1,,
3598,2026-09-25T20:01:16,2026-09-25T19:58:18,Armor Account bind Unseal Stone,210000000,210000000,1,,
3599,2026-09-25T20:13:44,2026-09-25T19:58:18,Chaos Core,744000,150288000,202,,749707
3600,2026-09-25T20:13:53,2026-09-25T19:58:18,Chaos Core,744845,1489690,2,,749707
3601,2026-09-25T20:19:06,2026-09-25T19:58:18,Chaos Core,744000,2976000,4,,749701
3602,2026-09-25T20:19:18,2026-09-25T19:58:18,Chaos Core,744845,1489690,2,,749701
3603,2026-09-25T20:24:09,2026-09-25T19:58:18,Chaos Core,718837,1437674,2,,749698
3604,2026-09-25T20:24:15,2026-09-25T19:58:18,Chaos Core,718837,2875348,4,,749698
3605,2026-09-25T20:25:02,2026-09-25T19:58:18,Chaos Core,718837,117889268,164,,749698
3606,2026-09-25T20:25:11,2026-09-25T19:58:18,Chaos Core,744000,744000,1,,749698
3607,2026-09-25T20:26:03,2026-09-25T19:58:18,Chaos Core,718532,6466788,9,,749696
3608,2026-09-25T20:26:56,2026-09-25T19:58:18,Chaos Core,718532,119994844,167,,749695
3609,2026-09-25T20:27:03,2026-09-25T19:58:18,Chaos Core,718532,718532,1,,749695
3610,2026-09-25T20:32:36,2026-09-25T19:58:18,Chaos Core,725000,23200000,32,,749694
3611,2026-09-25T20:32:56,2026-09-25T19:58:18,Chaos Core,739999,739999,1,,749694
3612,2026-09-25T21:40:03,2026-09-25T21:04:43,Chaos Core,700000,3500000,5,,749716
3613,2026-09-25T21:43:02,2026-09-25T21:04:43,Chaos Core,746572,6719148,9,,749716
3614,2026-09-25T21:43:15,2026-09-25T21:04:43,Chaos Core,746572,2986288,4,,749716
3615,2026-09-25T21:44:05,2026-09-25T21:04:43,Upgrade Core Set (Ultimate) X 387,478571,185206977,387,,536722
3616,2026-09-25T21:49:06,2026-09-25T21:04:43,Chaos Core,744108,31996644,43,,749708
3617,2026-09-25T21:49:11,2026-09-25T21:04:43,Chaos Core,744107,106407301,143,,749708
3618,2026-09-25T21:54:34,2026-09-25T21:04:43,Chaos Core,744107,185282643,249,,749700
3619,2026-09-25T22:51:22,2026-09-25T22:48:37,Upgrade Core Set (Ultimate) X 30,446941,13408230,30,,536693
3620,2026-09-26T00:43:58,2026-09-26T00:41:31,Force Core Set (Highest) X 7,194912,1364384,7,,201961
3621,2026-09-26T00:44:01,2026-09-26T00:41:31,Force Core Set (Highest) X 14,194912,2728780,14,,201961
3622,2026-09-26T00:44:04,2026-09-26T00:41:31,Force Core Set (Highest) X 128,194912,24948736,128,,201961
3623,2026-09-26T00:44:07,2026-09-26T00:41:31,Force Core Set (Highest) X 122,194913,23779500,122,,201961
3624,2026-09-26T00:44:57,2026-09-26T00:41:31,Force Core Set (Highest) X 253,194911,49312730,253,,201959
3625,2026-09-26T01:53:32,2026-09-26T01:09:41,Force Core Set (High) X 5,180000,36000000,200,,185000
3626,2026-09-26T01:54:02,2026-09-26T01:09:41,Force Core Set (High) X 5,180000,900000,5,,185000
3627,2026-09-26T01:54:05,2026-09-26T01:09:41,Force Core Set (High) X 16,180000,2880000,16,,185000
3628,2026-09-26T01:54:08,2026-09-26T01:09:41,Force Core Set (High) X 50,180000,9000000,50,,185000
3629,2026-09-26T01:54:11,2026-09-26T01:09:41,Force Core Set (High) X 74,180000,13320000,74,,185000
3630,2026-09-26T02:37:09,2026-09-26T01:09:41,Upgrade Core Set (Ultimate) X 3,436600,87756600,201,,519967
3631,2026-09-26T02:42:24,2026-09-26T01:09:41,Force Core Set (Ultimate) X 48,370831,17799930,48,,399850
3632,2026-09-26T02:42:27,2026-09-26T01:09:41,Force Core Set (Ultimate) X 54,370831,20024874,54,,399850
3633,2026-09-26T02:43:00,2026-09-26T01:09:41,Force Core Set (Ultimate) X 8,370832,2966656,8,,399983
3634,2026-09-26T02:43:33,2026-09-26T01:09:41,Force Core Set (Ultimate) X 36,370832,13349952,36,,399982
3635,2026-09-26T03:47:45,2026-09-26T01:09:41,Blessing Bead - Superior,174799999,174799999,1,,
3636,2026-09-26T03:48:45,2026-09-26T01:09:41,Armor Account bind Unseal Stone,192499999,192499999,1,,
3637,2026-09-26T03:53:07,2026-09-26T01:09:41,Force Core Set (High) X 1,145000,145000,1,,180000
3638,2026-09-26T03:53:10,2026-09-26T01:09:41,Force Core Set (High) X 258,145000,37410000,258,,180000
3639,2026-09-26T03:53:59,2026-09-26T01:09:41,Upgrade Core Set (Ultimate) X 41,480480,19699680,41,,519860
3640,2026-09-26T03:54:02,2026-09-26T01:09:41,Upgrade Core Set (Ultimate) X 358,480480,172011840,358,,519860
3641,2026-09-26T04:35:05,2026-09-26T04:01:03,Force Core Set (High) X 1,145000,145000,1,,165000
3642,2026-09-26T04:46:22,2026-09-26T04:01:03,Force Core Set (Ultimate) X 63,367088,23126544,63,,399946
3643,2026-09-26T04:46:24,2026-09-26T04:01:03,Force Core Set (Ultimate) X 111,367088,40746768,111,,399946
3644,2026-09-26T04:46:29,2026-09-26T04:01:03,Force Core Set (Ultimate) X 1,370829,6674922,18,,399946
3645,2026-09-26T04:47:01,2026-09-26T04:01:03,Force Core Set (Ultimate) X 8,370829,2966639,8,,399946
3646,2026-09-26T04:47:06,2026-09-26T04:01:03,Force Core Set (Ultimate) X 3,372547,1117641,3,,399946
3647,2026-09-26T04:47:38,2026-09-26T04:01:03,Force Core Set (Ultimate) X 178,372547,66313366,178,,399944
3648,2026-09-26T04:54:33,2026-09-26T04:01:03,Armor Account bind Unseal Stone,191999999,191999999,1,,
3649,2026-09-26T05:04:12,2026-09-26T04:01:03,Force Core Set (Highest) X 36,189187,6810765,36,,199785
3650,2026-09-26T05:04:15,2026-09-26T04:01:03,Force Core Set (Highest) X 55,189187,10405285,55,,199785
3651,2026-09-26T05:04:19,2026-09-26T04:01:03,Force Core Set (Highest) X 20,189188,22702560,120,,199785
3652,2026-09-26T05:35:17,2026-09-26T04:01:03,Chaos Core,729375,62726250,86,,744105
3653,2026-09-26T05:35:25,2026-09-26T04:01:03,Chaos Core,729375,181614375,249,,744105
3654,2026-09-26T05:35:31,2026-09-26T04:01:03,Chaos Core,729375,729375,1,,744105
3655,2026-09-26T05:36:41,2026-09-26T04:01:03,Chaos Core,729375,45221250,62,,743999
3656,2026-09-26T05:36:51,2026-09-26T04:01:03,Chaos Core,730000,32850000,45,,743999
3657,2026-09-26T05:36:57,2026-09-26T04:01:03,Chaos Core,729375,127640625,175,,743999
3658,2026-09-26T05:42:09,2026-09-26T04:01:03,Force Core Set (High) X 5,180180,20720700,115,,185929
3659,2026-09-26T05:44:20,2026-09-26T04:01:03,Chaos Core,735000,138915000,189,,743993
3660,2026-09-26T05:47:55,2026-09-26T04:01:03,Force Core Set (High) X 38,168421,6400000,38,,185926
3661,2026-09-26T05:47:59,2026-09-26T04:01:03,Force Core Set (High) X 1,180180,19999980,111,,185926
3662,2026-09-26T05:48:04,2026-09-26T04:01:03,Force Core Set (High) X 1,180180,900900,5,,185926
3663,2026-09-26T05:48:07,2026-09-26T04:01:03,Force Core Set (High) X 23,180180,4144140,23,,185926
3664,2026-09-26T05:48:09,2026-09-26T04:01:03,Force Core Set (High) X 157,180180,28288260,157,,185926
3665,2026-09-26T05:48:56,2026-09-26T04:01:03,Upgrade Core Set (Ultimate) X 2,480479,960958,2,,519671
3666,2026-09-26T05:48:59,2026-09-26T04:01:03,Upgrade Core Set (Ultimate) X 4,480479,1921916,4,,519671
3667,2026-09-26T05:49:02,2026-09-26T04:01:03,Upgrade Core Set (Ultimate) X 10,480479,4804790,10,,519671
3668,2026-09-26T05:49:04,2026-09-26T04:01:03,Upgrade Core Set (Ultimate) X 39,480479,18738681,39,,519671
3669,2026-09-26T05:54:04,2026-09-26T04:01:03,Force Core Set (High) X 46,180180,8288280,46,,185923
3670,2026-09-26T05:59:12,2026-09-26T04:01:03,Force Core Set (High) X 1,180180,15135120,84,,185920
3671,2026-09-26T05:59:15,2026-09-26T04:01:03,Force Core Set (High) X 7,180180,1261260,7,,185920
3672,2026-09-26T05:59:17,2026-09-26T04:01:03,Force Core Set (High) X 85,180180,15315300,85,,185920
3673,2026-09-26T05:59:20,2026-09-26T04:01:03,Force Core Set (High) X 91,180180,16396380,91,,185920
3674,2026-09-26T06:09:03,2026-09-26T04:01:03,Chaos Core,730000,43070000,59,,743959
3675,2026-09-26T06:09:23,2026-09-26T04:01:03,Chaos Core,734000,734000,1,,743959
3676,2026-09-26T06:13:22,2026-09-26T04:01:03,Chaos Core,728772,5830176,8,,743953
3677,2026-09-26T06:13:41,2026-09-26T04:01:03,Chaos Core,734000,7340000,10,,743953
3678,2026-09-26T06:14:26,2026-09-26T04:01:03,Force Core Set (High) X 35,180180,6306300,35,,185915
3679,2026-09-26T06:14:57,2026-09-26T04:01:03,Force Core Set (High) X 1,180180,9009000,50,,185913
3680,2026-09-26T06:15:02,2026-09-26T04:01:03,Force Core Set (High) X 1,180180,27027000,150,,185913
3681,2026-09-26T06:19:16,2026-09-26T04:01:03,Chaos Core,733333,45466646,62,,743947
3682,2026-09-26T06:19:24,2026-09-26T04:01:03,Chaos Core,733333,181866584,248,,743947
3683,2026-09-26T06:19:33,2026-09-26T04:01:03,Chaos Core,739997,1479994,2,,743947
3684,2026-09-26T06:31:38,2026-09-26T04:01:03,Chaos Core,733294,101194572,138,,743933
3685,2026-09-26T06:31:45,2026-09-26T04:01:03,Chaos Core,733294,31531642,43,,743933
3686,2026-09-26T06:31:53,2026-09-26T04:01:03,Chaos Core,733294,1466588,2,,743933
3687,2026-09-26T06:32:45,2026-09-26T04:01:03,Upgrade Core Set (Ultimate) X 47,478723,22500000,47,,509579
3688,2026-09-26T06:47:41,2026-09-26T04:01:03,Chaos Core,732735,79868115,109,,743905
3689,2026-09-26T06:49:03,2026-09-26T04:01:03,Chaos Core,738888,1477776,2,,743905
3690,2026-09-26T06:49:56,2026-09-26T04:01:03,Upgrade Core Set (Ultimate) X 10,480479,96095800,200,,509560
3691,2026-09-26T06:55:17,2026-09-26T04:01:03,Force Core Set (High) X 10,180180,34234200,190,,185866
3692,2026-09-26T06:55:20,2026-09-26T04:01:03,Force Core Set (High) X 67,180180,12072060,67,,185866
3693,2026-09-26T06:56:07,2026-09-26T04:01:03,Upgrade Core Set (Ultimate) X 102,446941,45587982,102,,509553
3694,2026-09-26T06:56:11,2026-09-26T04:01:03,Upgrade Core Set (Ultimate) X 10,480479,48047900,100,,509553
3695,2026-09-26T07:14:19,2026-09-26T07:01:36,Chaos Core,733107,6597963,9,,743870
3696,2026-09-26T07:14:30,2026-09-26T07:01:36,Chaos Core,735000,2205000,3,,743870
3697,2026-09-26T07:14:35,2026-09-26T07:01:36,Chaos Core,733107,4398642,6,,743870
3698,2026-09-26T07:20:16,2026-09-26T07:01:36,Force Core Set (High) X 1,180180,11171160,62,,185849
3699,2026-09-26T07:20:19,2026-09-26T07:01:36,Force Core Set (High) X 5,180180,900900,5,,185849
3700,2026-09-26T07:20:21,2026-09-26T07:01:36,Force Core Set (High) X 21,180180,3783780,21,,185849
3701,2026-09-26T07:20:24,2026-09-26T07:01:36,Force Core Set (High) X 21,180180,3783780,21,,185849
3702,2026-09-26T07:20:27,2026-09-26T07:01:36,Force Core Set (High) X 40,180180,7207200,40,,185849
3703,2026-09-26T09:36:01,2026-09-26T09:33:35,Force Core Set (Ultimate) X 15,367043,5505645,15,,399789
3704,2026-09-26T09:36:04,2026-09-26T09:33:35,Force Core Set (Ultimate) X 73,367043,26794139,73,,399789
3705,2026-09-26T09:41:46,2026-09-26T09:33:35,Force Core Set (High) X 92,178000,16376000,92,,183993
3706,2026-09-26T09:41:48,2026-09-26T09:33:35,Force Core Set (High) X 139,178000,24742000,139,,183993
3707,2026-09-26T09:42:18,2026-09-26T09:33:35,Force Core Set (High) X 17,178288,3030896,17,,183993
3708,2026-09-26T09:42:21,2026-09-26T09:33:35,Force Core Set (High) X 62,178288,11053856,62,,183993
3709,2026-09-26T09:42:24,2026-09-26T09:33:35,Force Core Set (High) X 119,178288,21216272,119,,183993
3710,2026-09-26T09:42:27,2026-09-26T09:33:35,Force Core Set (High) X 266,178288,47424608,266,,183993
3711,2026-09-26T09:43:14,2026-09-26T09:33:35,Force Core Set (Highest) X 20,177994,7119760,40,,194946
3712,2026-09-26T09:43:17,2026-09-26T09:33:35,Force Core Set (Highest) X 29,177994,5161826,29,,194946
3713,2026-09-26T09:43:20,2026-09-26T09:33:35,Force Core Set (Highest) X 54,177994,9611676,54,,194946
3714,2026-09-26T09:43:23,2026-09-26T09:33:35,Force Core Set (Highest) X 99,177994,17621500,99,,194946
3715,2026-09-26T09:43:59,2026-09-26T09:33:35,Force Core Set (Highest) X 181,177994,32216914,181,,194944
3716,2026-09-26T09:44:03,2026-09-26T09:33:35,Force Core Set (Highest) X 10,178000,3560000,20,,194944
3717,2026-09-26T09:44:34,2026-09-26T09:33:35,Force Core Set (Highest) X 10,178000,33820000,190,,194943
3718,2026-09-26T09:44:37,2026-09-26T09:33:35,Force Core Set (Highest) X 49,178479,8745471,49,,194943
3719,2026-09-26T09:45:04,2026-09-26T09:33:35,Force Core Set (Ultimate) X 11,367044,4037490,11,,399784
3720,2026-09-26T09:45:08,2026-09-26T09:33:35,Force Core Set (Ultimate) X 16,367087,5873407,16,,399784
3721,2026-09-26T10:46:05,2026-09-26T10:38:58,Chaos Core,731111,5848888,8,,743868
3722,2026-09-26T10:46:28,2026-09-26T10:38:58,Chaos Core,735000,71295000,97,,743868
3723,2026-09-26T10:46:43,2026-09-26T10:38:58,Chaos Core,735000,122010000,166,,743868
3724,2026-09-26T10:46:56,2026-09-26T10:38:58,Chaos Core,736695,736695,1,,743868
3725,2026-09-26T10:47:10,2026-09-26T10:38:58,Chaos Core,737776,737776,1,,743868
3726,2026-09-26T10:48:17,2026-09-26T10:38:58,Chaos Core,737776,25084384,34,,743866
3727,2026-09-26T10:48:22,2026-09-26T10:38:58,Chaos Core,713743,81366702,114,,743866
3728,2026-09-26T10:48:27,2026-09-26T10:38:58,Chaos Core,713743,10706145,15,,743866
3729,2026-09-26T10:48:42,2026-09-26T10:38:58,Chaos Core,737776,30986592,42,,743866
3730,2026-09-26T10:48:46,2026-09-26T10:38:58,Chaos Core,713743,713743,1,,743866
3731,2026-09-26T10:48:58,2026-09-26T10:38:58,Chaos Core,743000,743000,1,,743866
3732,2026-09-26T11:16:54,2026-09-26T10:38:58,Chaos Core,718532,40237792,56,,737499
3733,2026-09-26T11:16:59,2026-09-26T10:38:58,Chaos Core,720000,5040000,7,,737499
3734,2026-09-26T11:35:15,2026-09-26T10:38:58,Chaos Core,741666,741666,1,,749670
3735,2026-09-26T11:35:20,2026-09-26T10:38:58,Chaos Core,741666,61558278,83,,749670
3736,2026-09-26T12:30:27,2026-09-26T10:38:58,Chaos Core,729995,181038760,248,,749643
3737,2026-09-26T12:30:33,2026-09-26T10:38:58,Chaos Core,730000,730000,1,,749643
3738,2026-09-26T12:31:30,2026-09-26T10:38:58,Chaos Core,729995,51829645,71,,749642
3739,2026-09-26T12:31:38,2026-09-26T10:38:58,Chaos Core,729995,94899350,130,,749642
3740,2026-09-26T12:32:35,2026-09-26T10:38:58,Chaos Core,729995,51829645,71,,749641
3741,2026-09-26T12:32:47,2026-09-26T10:38:58,Chaos Core,730000,181770000,249,,749641
3742,2026-09-26T12:32:58,2026-09-26T10:38:58,Chaos Core,747999,747999,1,,749641
3743,2026-09-26T12:34:11,2026-09-26T10:38:58,Chaos Core,730000,181770000,249,,749640
3744,2026-09-26T12:36:30,2026-09-26T10:38:58,Armor Account bind Unseal Stone,192499999,192499999,1,,
3745,2026-09-26T12:41:20,2026-09-26T10:38:58,Chaos Core,729993,59859426,82,,749631
3746,2026-09-26T12:41:25,2026-09-26T10:38:58,Chaos Core,728843,80901573,111,,749631
3747,2026-09-26T12:42:48,2026-09-26T10:38:58,Chaos Core,728843,1457686,2,,749631
3748,2026-09-26T12:48:57,2026-09-26T10:38:58,Force Core Set (High) X 26,142857,3714282,26,,181000
3749,2026-09-26T12:49:00,2026-09-26T10:38:58,Force Core Set (High) X 35,142857,5000000,35,,181000
3750,2026-09-26T22:54:37,2026-09-26T22:52:18,Force Core Set (High) X 1,177250,2836000,16,,188910
3751,2026-09-26T22:54:40,2026-09-26T22:52:18,Force Core Set (High) X 4,177250,709000,4,,188910
3752,2026-09-26T22:54:42,2026-09-26T22:52:18,Force Core Set (High) X 8,177250,1418000,8,,188910
3753,2026-09-26T22:54:45,2026-09-26T22:52:18,Force Core Set (High) X 60,177250,10635000,60,,188910
3754,2026-09-26T22:54:47,2026-09-26T22:52:18,Force Core Set (High) X 230,177500,40825000,230,,188910
3755,2026-09-26T22:55:37,2026-09-26T22:52:18,Force Core Set (High) X 10,180000,36000000,200,,188907
3756,2026-09-26T22:56:03,2026-09-26T22:52:18,Force Core Set (Highest) X 1,191051,1528408,8,,199506
3757,2026-09-26T22:56:06,2026-09-26T22:52:18,Force Core Set (Highest) X 39,191051,7450989,39,,199506
3758,2026-09-26T22:56:09,2026-09-26T22:52:18,Force Core Set (Highest) X 54,191051,10316754,54,,199506
3759,2026-09-26T22:56:11,2026-09-26T22:52:18,Force Core Set (Highest) X 62,191051,11845162,62,,199506
3760,2026-09-26T22:56:14,2026-09-26T22:52:18,Force Core Set (Highest) X 79,191051,15093029,79,,199506
3761,2026-09-26T22:56:41,2026-09-26T22:52:18,Force Core Set (Highest) X 45,191051,8597295,45,,199504
3762,2026-09-26T22:56:44,2026-09-26T22:52:18,Force Core Set (Highest) X 48,191051,9170448,48,,199504
3763,2026-09-26T22:56:46,2026-09-26T22:52:18,Force Core Set (Highest) X 85,191051,16239335,85,,199504
3764,2026-09-26T22:56:49,2026-09-26T22:52:18,Force Core Set (Highest) X 88,191051,16812488,88,,199504
3765,2026-09-26T22:57:33,2026-09-26T22:52:18,Upgrade Core Set (Ultimate) X 71,445101,31602171,71,,469734
3766,2026-09-26T22:57:36,2026-09-26T22:52:18,Upgrade Core Set (Ultimate) X 145,445101,64539645,145,,469734
3767,2026-09-26T22:58:05,2026-09-26T22:52:18,Upgrade Core Set (Ultimate) X 160,445101,71216160,160,,469729
3768,2026-09-26T22:58:33,2026-09-26T22:52:18,Force Core Set (Ultimate) X 35,355554,12444390,35,,410998
3769,2026-09-26T22:58:35,2026-09-26T22:52:18,Force Core Set (Ultimate) X 125,355554,44444250,125,,410998
3770,2026-09-26T22:58:38,2026-09-26T22:52:18,Force Core Set (Ultimate) X 212,355554,75377448,212,,410998
3771,2026-09-26T22:59:26,2026-09-26T22:52:18,Force Core Set (Ultimate) X 246,355554,87466284,246,,410996
3772,2026-09-26T23:10:37,2026-09-26T22:52:18,Chaos Core,715897,136020430,190,,724983
3773,2026-09-26T23:10:48,2026-09-26T22:52:18,Chaos Core,717905,1435810,2,,724983
3774,2026-09-26T23:12:21,2026-09-26T22:52:18,Chaos Core,717905,53124970,74,,724980
3775,2026-09-26T23:13:22,2026-09-26T22:52:18,Chaos Core,718450,6466050,9,,724980
3776,2026-09-26T23:13:34,2026-09-26T22:52:18,Chaos Core,718450,9339850,13,,724980
3777,2026-09-26T23:13:47,2026-09-26T22:52:18,Chaos Core,718454,19398258,27,,724980
3778,2026-09-26T23:15:23,2026-09-26T22:52:18,Force Gem Package,189444444,189444444,1,,
3779,2026-09-26T23:15:49,2026-09-26T22:52:18,Arionell,284166666,284166666,1,,
3780,2026-09-26T23:34:02,2026-09-26T23:30:33,Force Core Set (Highest) X 19,191052,3629988,19,,199478
3781,2026-09-26T23:34:05,2026-09-26T23:30:33,Force Core Set (Highest) X 22,191052,4203144,22,,199478
3782,2026-09-26T23:34:07,2026-09-26T23:30:33,Force Core Set (Highest) X 24,191052,4585248,24,,199478
3783,2026-09-26T23:34:10,2026-09-26T23:30:33,Force Core Set (Highest) X 25,191052,4776300,25,,199478
3784,2026-09-26T23:34:13,2026-09-26T23:30:33,Force Core Set (Highest) X 57,191052,10889964,57,,199478
3785,2026-09-26T23:34:41,2026-09-26T23:30:33,Force Core Set (Highest) X 59,191052,11272068,59,,199477
3786,2026-09-26T23:34:44,2026-09-26T23:30:33,Force Core Set (Highest) X 79,191052,15093108,79,,199477
3787,2026-09-26T23:34:46,2026-09-26T23:30:33,Force Core Set (Highest) X 100,191052,19105200,100,,199477
3788,2026-09-26T23:35:16,2026-09-26T23:30:33,Force Core Set (Highest) X 100,191052,38210400,200,,199477
3789,2026-09-26T23:50:02,2026-09-26T23:30:33,Upgrade Core Set (Ultimate) X 7,445100,3115700,7,,469669
3790,2026-09-26T23:57:20,2026-09-26T23:30:33,Chaos Core,714490,69305530,97,,724918
3791,2026-09-26T23:57:27,2026-09-26T23:30:33,Chaos Core,714490,177908010,249,,724918
3792,2026-09-26T23:57:34,2026-09-26T23:30:33,Chaos Core,715133,1430266,2,,724918
3793,2026-09-27T00:03:07,2026-09-26T23:30:33,Chaos Core,712677,74831085,105,,724912
3794,2026-09-27T00:04:42,2026-09-26T23:30:33,Chaos Core,712677,2138031,3,,724909
3795,2026-09-27T00:09:07,2026-09-26T23:30:33,Chaos Core,713272,713272,1,,724901
3796,2026-09-27T00:09:10,2026-09-26T23:30:33,Chaos Core,712093,2848372,4,,724901
3797,2026-09-27T00:09:21,2026-09-26T23:30:33,Chaos Core,712677,712677,1,,724901
3798,2026-09-27T00:09:33,2026-09-26T23:30:33,Chaos Core,712677,712677,1,,724901
3799,2026-09-27T00:09:55,2026-09-26T23:30:33,Chaos Core,715133,7866463,11,,724901
3800,2026-09-27T00:10:38,2026-09-26T23:30:33,Chaos Core,712677,712677,1,,724899
3801,2026-09-27T00:11:00,2026-09-26T23:30:33,Chaos Core,715133,12157261,17,,724899
3802,2026-09-27T00:44:20,2026-09-27T00:37:47,Chaos Core,718113,167320329,233,,724868
3803,2026-09-27T00:44:25,2026-09-27T00:37:47,Chaos Core,718113,718113,1,,724868
3804,2026-09-27T01:02:49,2026-09-27T00:37:47,Chaos Core,714070,105682360,148,,724917
3805,2026-09-27T01:03:01,2026-09-27T00:37:47,Chaos Core,717612,717612,1,,724917
3806,2026-09-27T01:03:12,2026-09-27T00:37:47,Chaos Core,720684,720684,1,,724917
3807,2026-09-27T01:05:02,2026-09-27T00:37:47,Chaos Core,716504,716504,1,,724916
3808,2026-09-27T01:05:06,2026-09-27T00:37:47,Chaos Core,713489,92753570,130,,724916
3809,2026-09-27T01:05:18,2026-09-27T00:37:47,Chaos Core,717612,717612,1,,724916
3810,2026-09-27T01:16:52,2026-09-27T00:37:47,Upgrade Core Set (Ultimate) X 53,445101,23590353,53,,469570
3811,2026-09-27T01:35:19,2026-09-27T00:37:47,Chaos Core Set X 2,704917,1409834,2,,732287
3812,2026-09-27T01:35:23,2026-09-27T00:37:47,Chaos Core Set X 2,704917,1409834,2,,732287
3813,2026-09-27T01:35:28,2026-09-27T00:37:47,Chaos Core Set X 387,704917,272802879,387,,732287
3814,2026-09-27T01:35:44,2026-09-27T00:37:47,Chaos Core Set X 147,714913,105092357,147,,732287
3815,2026-09-27T01:47:33,2026-09-27T00:37:47,Upgrade Core Set (Ultimate) X 293,446941,130953713,293,,469544
3816,2026-09-27T01:49:07,2026-09-27T00:37:47,Chaos Core,724000,144800000,200,,729444
3817,2026-09-27T01:49:12,2026-09-27T00:37:47,Chaos Core,725000,725000,1,,729444
3818,2026-09-27T01:55:40,2026-09-27T00:37:47,Chaos Core,720000,179280000,249,,729451
3819,2026-09-27T01:56:37,2026-09-27T00:37:47,Chaos Core,720000,169920000,236,,729451
3820,2026-09-27T01:57:35,2026-09-27T00:37:47,Chaos Core,725000,725000,1,,729451
3821,2026-09-27T02:04:02,2026-09-27T00:37:47,Chaos Core,723804,180227196,249,,729444
3822,2026-09-27T02:07:39,2026-09-27T00:37:47,Chaos Core,715555,44364410,62,,729437
3823,2026-09-27T02:07:54,2026-09-27T00:37:47,Chaos Core,729999,729999,1,,729437
3824,2026-09-27T02:16:53,2026-09-27T00:37:47,Force Core Set (Highest) X 33,189998,6269934,33,,199255
3825,2026-09-27T02:16:55,2026-09-27T00:37:47,Force Core Set (Highest) X 87,189998,16529912,87,,199255
3826,2026-09-27T02:16:58,2026-09-27T00:37:47,Force Core Set (Highest) X 3,189999,569997,3,,199255
3827,2026-09-27T02:17:00,2026-09-27T00:37:47,Force Core Set (Highest) X 22,189999,4179978,22,,199255
3828,2026-09-27T02:17:03,2026-09-27T00:37:47,Force Core Set (Highest) X 33,189999,6269967,33,,199255
3829,2026-09-27T02:17:49,2026-09-27T00:37:47,Force Core Set (Highest) X 38,189999,7219962,38,,199255
3830,2026-09-27T02:17:52,2026-09-27T00:37:47,Force Core Set (Highest) X 53,189999,10069947,53,,199255
3831,2026-09-27T02:17:54,2026-09-27T00:37:47,Force Core Set (Highest) X 66,189999,12539934,66,,199255
3832,2026-09-27T02:17:57,2026-09-27T00:37:47,Force Core Set (Highest) X 78,189999,14819922,78,,199255
3833,2026-09-27T02:31:49,2026-09-27T00:37:47,Chaos Core,720000,33840000,47,,729452
3834,2026-09-27T02:31:56,2026-09-27T00:37:47,Chaos Core,719332,719332,1,,729452
3835,2026-09-27T02:36:29,2026-09-27T00:37:47,Force Core Set (High) X 136,179230,24375280,136,,188667
3836,2026-09-27T02:36:32,2026-09-27T00:37:47,Force Core Set (High) X 150,179230,26884500,150,,188667
3837,2026-09-27T02:37:17,2026-09-27T00:37:47,Upgrade Core Set (Ultimate) X 58,446939,25922500,58,,458974
3838,2026-09-27T03:00:52,2026-09-27T00:37:47,Upgrade Core Set (Ultimate) X 39,446940,17430660,39,,458948
3839,2026-09-27T03:02:17,2026-09-27T00:37:47,Chaos Core,724010,69504960,96,,729502
3840,2026-09-27T03:02:21,2026-09-27T00:37:47,Chaos Core,724010,82537140,114,,729502
3841,2026-09-27T03:07:40,2026-09-27T00:37:47,Chaos Core,721640,70720720,98,,729502
3842,2026-09-27T03:07:49,2026-09-27T00:37:47,Chaos Core,727666,727666,1,,729502
3843,2026-09-27T03:08:30,2026-09-27T00:37:47,Chaos Core,714999,101529858,142,,729501
3844,2026-09-27T03:08:40,2026-09-27T00:37:47,Chaos Core,727666,1455332,2,,729501
3845,2026-09-27T03:10:19,2026-09-27T00:37:47,Force Core Set (High) X 1,179230,179230,1,,187986
3846,2026-09-27T03:10:23,2026-09-27T00:37:47,Force Core Set (High) X 2,179230,35129080,196,,187986
3847,2026-09-27T03:10:26,2026-09-27T00:37:47,Force Core Set (High) X 6,179230,1075380,6,,187986
3848,2026-09-27T03:10:51,2026-09-27T00:37:47,Upgrade Core Set (Ultimate) X 307,446940,137210580,307,,458943
3849,2026-09-27T03:15:44,2026-09-27T00:37:47,Force Core Set (High) X 8,179230,1433840,8,,187982
3850,2026-09-27T03:15:46,2026-09-27T00:37:47,Force Core Set (High) X 8,179230,1433840,8,,187982
3851,2026-09-27T03:15:49,2026-09-27T00:37:47,Force Core Set (High) X 9,179230,1613070,9,,187982
3852,2026-09-27T03:15:51,2026-09-27T00:37:47,Force Core Set (High) X 53,179230,9499190,53,,187982
3853,2026-09-27T03:15:54,2026-09-27T00:37:47,Force Core Set (High) X 162,179230,29035260,162,,187982
3854,2026-09-27T03:23:01,2026-09-27T00:37:47,Chaos Core,724000,26064000,36,,729502
3855,2026-09-27T03:24:25,2026-09-27T00:37:47,Chaos Core,723513,96227229,133,,729782
3856,2026-09-27T03:24:29,2026-09-27T00:37:47,Chaos Core,723513,44857806,62,,729782
3857,2026-09-27T03:27:50,2026-09-27T00:37:47,Chaos Core,723513,32558085,45,,729780
3858,2026-09-27T03:27:58,2026-09-27T00:37:47,Chaos Core,723513,82480482,114,,729780
3859,2026-09-27T03:30:16,2026-09-27T00:37:47,Upgrade Core Set (Ultimate) X 58,446939,25922519,58,,458926
3860,2026-09-27T03:34:05,2026-09-27T00:37:47,Chaos Core,721729,20208412,28,,729775
3861,2026-09-27T03:34:12,2026-09-27T00:37:47,Chaos Core,721729,82277106,114,,729775
3862,2026-09-27T03:34:23,2026-09-27T00:37:47,Chaos Core,723513,723513,1,,729775
3863,2026-09-27T03:34:35,2026-09-27T00:37:47,Chaos Core,724000,724000,1,,729775
3864,2026-09-27T03:36:17,2026-09-27T00:37:47,Upgrade Core Set (Ultimate) X 35,446940,15642900,35,,458922
3865,2026-09-27T03:41:13,2026-09-27T00:37:47,Chaos Core,719920,15118320,21,,729774
3866,2026-09-27T03:41:57,2026-09-27T00:37:47,Chaos Core,719920,35996000,50,,729773
3867,2026-09-27T03:42:12,2026-09-27T00:37:47,Chaos Core,735000,735000,1,,729773
3868,2026-09-27T03:42:53,2026-09-27T00:37:47,Chaos Core,719393,109347736,152,,729774
3869,2026-09-27T03:43:10,2026-09-27T00:37:47,Chaos Core,735000,735000,1,,729774
3870,2026-09-27T03:43:58,2026-09-27T00:37:47,Force Core Set (High) X 40,179230,7169200,40,,187964
3871,2026-09-27T03:44:01,2026-09-27T00:37:47,Force Core Set (High) X 45,179230,8065350,45,,187964
3872,2026-09-27T03:44:03,2026-09-27T00:37:47,Force Core Set (High) X 102,179230,18281460,102,,187964
3873,2026-09-27T03:44:06,2026-09-27T00:37:47,Force Core Set (High) X 224,179230,40147520,224,,187964
3874,2026-09-27T03:44:51,2026-09-27T00:37:47,Upgrade Core Set (Ultimate) X 76,446940,33967440,76,,458919
3875,2026-09-27T03:46:07,2026-09-27T00:37:47,Chaos Core,718779,31626276,44,,729772
3876,2026-09-27T03:46:27,2026-09-27T00:37:47,Chaos Core,730000,730000,1,,729772
3877,2026-09-27T03:48:53,2026-09-27T00:37:47,Chaos Core,718779,40251624,56,,729771
3878,2026-09-27T03:48:59,2026-09-27T00:37:47,Chaos Core,718779,25157265,35,,729771
3879,2026-09-27T03:49:20,2026-09-27T00:37:47,Chaos Core,721077,721077,1,,729771
3880,2026-09-27T03:49:31,2026-09-27T00:37:47,Chaos Core,730000,730000,1,,729771
3881,2026-09-27T03:52:31,2026-09-27T00:37:47,Chaos Core Set X 100,700000,140000000,200,,719770
3882,2026-09-27T04:13:59,2026-09-27T00:37:47,Chaos Core,720684,82157976,114,,729774
3883,2026-09-27T04:14:47,2026-09-27T00:37:47,Chaos Core,719996,55439692,77,,729774
3884,2026-09-27T04:15:00,2026-09-27T00:37:47,Chaos Core,730129,730129,1,,729774
3885,2026-09-27T04:19:35,2026-09-27T04:17:13,Chaos Core,719996,93599480,130,,729774
3886,2026-09-27T04:19:52,2026-09-27T04:17:13,Chaos Core,734999,1469998,2,,729774
3887,2026-09-27T04:26:24,2026-09-27T04:17:13,Chaos Core,719996,12239932,17,,729773
3888,2026-09-27T04:26:35,2026-09-27T04:17:13,Chaos Core,720000,60480000,84,,729773
3889,2026-09-27T04:26:46,2026-09-27T04:17:13,Chaos Core,720000,100080000,139,,729773
3890,2026-09-27T04:59:38,2026-09-27T04:17:13,Force Core Set (Ultimate) X 20,355553,7111060,20,,395932
3891,2026-09-27T04:59:41,2026-09-27T04:17:13,Force Core Set (Ultimate) X 22,355553,7822166,22,,395932
3892,2026-09-27T04:59:43,2026-09-27T04:17:13,Force Core Set (Ultimate) X 36,355553,12799908,36,,395932
3893,2026-09-27T04:59:46,2026-09-27T04:17:13,Force Core Set (Ultimate) X 42,355553,14933226,42,,395932
3894,2026-09-27T04:59:48,2026-09-27T04:17:13,Force Core Set (Ultimate) X 47,355553,16710991,47,,395932
3895,2026-09-27T05:02:32,2026-09-27T04:17:13,Chaos Core,720684,176567580,245,,729773
3896,2026-09-27T05:02:34,2026-09-27T04:17:13,Chaos Core,720122,720122,1,,729773
3897,2026-09-27T05:03:30,2026-09-27T04:17:13,Chaos Core,720122,30245124,42,,729773
3898,2026-09-27T05:03:35,2026-09-27T04:17:13,Chaos Core,720122,179310378,249,,729773
3899,2026-09-27T05:04:37,2026-09-27T04:17:13,Chaos Core,720122,179310378,249,,729771
3900,2026-09-27T05:06:55,2026-09-27T04:17:13,Chaos Core,720122,28084758,39,,729771
3901,2026-09-27T05:07:01,2026-09-27T04:17:13,Chaos Core,720122,1440244,2,,729771
3902,2026-09-27T05:07:08,2026-09-27T04:17:13,Chaos Core,720122,179310378,249,,729771
3903,2026-09-27T05:07:14,2026-09-27T04:17:13,Chaos Core,720122,720122,1,,729771
3904,2026-09-27T05:08:23,2026-09-27T04:17:13,Chaos Core,720122,167068304,232,,729768
3905,2026-09-27T05:08:27,2026-09-27T04:17:13,Chaos Core,720122,1440244,2,,729768
3906,2026-09-27T05:11:28,2026-09-27T04:17:13,Chaos Core,719435,23741355,33,,729766
3907,2026-09-27T05:43:20,2026-09-27T04:17:13,Chaos Core Set X 100,700000,140000000,200,,719435
3908,2026-09-27T05:43:37,2026-09-27T04:17:13,Chaos Core Set X 100,700000,140000000,200,,719435
3909,2026-09-27T05:48:24,2026-09-27T04:17:13,Upgrade Core Set (Ultimate) X 1,445097,12907813,29,,458787
3910,2026-09-27T05:48:29,2026-09-27T04:17:13,Upgrade Core Set (Ultimate) X 1,445097,72550811,163,,458787
3911,2026-09-27T06:13:43,2026-09-27T04:17:13,Force Core Set (Highest) X 1,185711,14856880,80,,197949
3912,2026-09-27T06:13:46,2026-09-27T04:17:13,Force Core Set (Highest) X 10,185711,7428440,40,,197949
3913,2026-09-27T06:13:50,2026-09-27T04:17:13,Force Core Set (Highest) X 10,185711,14856880,80,,197949
3914,2026-09-27T06:15:58,2026-09-27T04:17:13,Chaos Core,709534,20576486,29,,720121
3915,2026-09-27T06:16:02,2026-09-27T04:17:13,Chaos Core,709534,141197266,199,,720121
3916,2026-09-27T06:17:59,2026-09-27T04:17:13,Chaos Core,709534,148292606,209,,720121
3917,2026-09-27T06:18:04,2026-09-27T04:17:13,Chaos Core,709534,709534,1,,720121
3918,2026-09-27T06:19:00,2026-09-27T04:17:13,Chaos Core,709534,51086448,72,,720120
3919,2026-09-27T06:19:04,2026-09-27T04:17:13,Chaos Core,709534,10643010,15,,720120
3920,2026-09-27T06:20:04,2026-09-27T04:17:13,Chaos Core,709534,148292606,209,,720119
3921,2026-09-27T06:20:06,2026-09-27T04:17:13,Chaos Core,709534,709534,1,,720119
3922,2026-09-27T06:21:18,2026-09-27T04:17:13,Chaos Core,709534,73791536,104,,720116
3923,2026-09-27T06:21:22,2026-09-27T04:17:13,Chaos Core,709534,70953400,100,,720116
3924,2026-09-27T06:22:47,2026-09-27T04:17:13,Chaos Core,709534,44700642,63,,720115
3925,2026-09-27T06:22:53,2026-09-27T04:17:13,Chaos Core,709534,9223942,13,,720115
3926,2026-09-27T06:22:59,2026-09-27T04:17:13,Chaos Core,709534,18447884,26,,720115
3927,2026-09-27T06:24:03,2026-09-27T04:17:13,Chaos Core,709000,68773000,97,,720120
3928,2026-09-27T06:24:10,2026-09-27T04:17:13,Chaos Core,709534,17738350,25,,720120
3929,2026-09-27T06:24:22,2026-09-27T04:17:13,Chaos Core,709534,709534,1,,720120
3930,2026-09-27T06:24:30,2026-09-27T04:17:13,Chaos Core,709534,27671826,39,,720120
3931,2026-09-27T06:25:34,2026-09-27T04:17:13,Chaos Core,709534,709534,1,,720120
3932,2026-09-27T06:25:46,2026-09-27T04:17:13,Chaos Core,709534,709534,1,,720120
3933,2026-09-27T06:25:57,2026-09-27T04:17:13,Chaos Core,709534,709534,1,,720120
3934,2026-09-27T06:26:06,2026-09-27T04:17:13,Chaos Core,709534,80886876,114,,720120
3935,2026-09-27T06:30:21,2026-09-27T04:17:13,Chaos Core,709534,709534,1,,720121
3936,2026-09-27T06:30:25,2026-09-27T04:17:13,Chaos Core,707644,80671416,114,,720121
3937,2026-09-27T06:30:31,2026-09-27T04:17:13,Chaos Core,707644,80671416,114,,720121
3938,2026-09-27T06:30:38,2026-09-27T04:17:13,Chaos Core,707644,1415288,2,,720121
3939,2026-09-27T06:31:34,2026-09-27T04:17:13,Chaos Core,707644,31843980,45,,720119
3940,2026-09-27T06:31:53,2026-09-27T04:17:13,Chaos Core,709534,68115264,96,,720119
3941,2026-09-27T06:37:59,2026-09-27T04:17:13,Force Core Set (High) X 10,166666,1666660,10,,179230
3942,2026-09-27T06:38:02,2026-09-27T04:17:13,Force Core Set (High) X 45,166666,7500000,45,,179230
3943,2026-09-27T06:46:30,2026-09-27T04:17:13,Chaos Core,713499,11415984,16,,720098
3944,2026-09-27T06:46:36,2026-09-27T04:17:13,Chaos Core,713499,64214910,90,,720098
3945,2026-09-27T06:46:45,2026-09-27T04:17:13,Chaos Core,715310,1430620,2,,720098
3946,2026-09-27T06:51:06,2026-09-27T04:17:13,Chaos Core,713499,69209403,97,,720094
3947,2026-09-27T06:51:11,2026-09-27T04:17:13,Chaos Core,713499,713499,1,,720094
3948,2026-09-27T06:51:18,2026-09-27T04:17:13,Chaos Core,713499,32820954,46,,720094
3949,2026-09-27T09:32:53,2026-09-27T09:30:31,Chaos Core,720684,19458468,27,,731843
3950,2026-09-27T09:33:40,2026-09-27T09:30:31,Force Core Set (Ultimate) X 1,350000,6300000,18,,395795
3951,2026-09-27T09:33:43,2026-09-27T09:30:31,Force Core Set (Ultimate) X 2,350000,700000,2,,395795
3952,2026-09-27T09:33:45,2026-09-27T09:30:31,Force Core Set (Ultimate) X 4,350000,1400000,4,,395795
3953,2026-09-27T09:33:48,2026-09-27T09:30:31,Force Core Set (Ultimate) X 4,350000,1400000,4,,395795
3954,2026-09-27T09:33:52,2026-09-27T09:30:31,Force Core Set (Ultimate) X 10,350000,14000000,40,,395795
3955,2026-09-27T09:35:03,2026-09-27T09:30:31,Chaos Core,715000,2145000,3,,731842
3956,2026-09-27T09:35:07,2026-09-27T09:30:31,Chaos Core,715000,28600000,40,,731842
3957,2026-09-27T09:35:23,2026-09-27T09:30:31,Chaos Core,725000,1450000,2,,731842
3958,2026-09-27T09:37:05,2026-09-27T09:30:31,Chaos Core,714400,22146400,31,,731841
3959,2026-09-27T09:37:17,2026-09-27T09:30:31,Chaos Core,720000,151200000,210,,731841
3960,2026-09-27T09:37:29,2026-09-27T09:30:31,Chaos Core,720684,720684,1,,731841
3961,2026-09-27T09:37:41,2026-09-27T09:30:31,Chaos Core,725000,725000,1,,731841
3962,2026-09-27T09:40:19,2026-09-27T09:30:31,Force Core Set (Ultimate) X 11,350000,3850000,11,,395790
3963,2026-09-27T09:40:22,2026-09-27T09:30:31,Force Core Set (Ultimate) X 13,350000,4550000,13,,395790
3964,2026-09-27T09:40:25,2026-09-27T09:30:31,Force Core Set (Ultimate) X 200,354573,70914600,200,,395790
3965,2026-09-27T09:47:32,2026-09-27T09:30:31,Arionell,285000000,285000000,1,,
3966,2026-09-27T09:49:52,2026-09-27T09:30:31,Chaos Core,720000,49680000,69,,731846
3967,2026-09-27T09:49:57,2026-09-27T09:30:31,Chaos Core,720000,64800000,90,,731846
3968,2026-09-27T10:36:23,2026-09-27T10:33:56,Chaos Core,719999,35279951,49,,732259
3969,2026-09-27T10:36:29,2026-09-27T10:33:56,Chaos Core,719999,38159947,53,,732259
3970,2026-09-27T10:36:35,2026-09-27T10:33:56,Chaos Core,720000,58320000,81,,732259
3971,2026-09-27T10:38:52,2026-09-27T10:33:56,Force Gem Package,189399443,189399443,1,,
3972,2026-09-27T10:39:19,2026-09-27T10:33:56,Chaos Core,719999,90719874,126,,732257
3973,2026-09-27T10:39:24,2026-09-27T10:33:56,Chaos Core,719377,40285112,56,,732257
3974,2026-09-27T10:39:36,2026-09-27T10:33:56,Chaos Core,726417,726417,1,,732257
3975,2026-09-27T10:42:56,2026-09-27T10:33:56,Force Core Set (Highest) X 46,185555,8535530,46,,197000
3976,2026-09-27T10:42:59,2026-09-27T10:33:56,Force Core Set (Highest) X 47,185555,8721085,47,,197000
3977,2026-09-27T10:43:02,2026-09-27T10:33:56,Force Core Set (Highest) X 20,188138,15051040,80,,197000
3978,2026-09-27T10:43:05,2026-09-27T10:33:56,Force Core Set (Highest) X 45,188138,8466210,45,,197000
3979,2026-09-27T10:43:32,2026-09-27T10:33:56,Force Core Set (Highest) X 102,185555,18926610,102,,197000
3980,2026-09-27T10:43:35,2026-09-27T10:33:56,Force Core Set (Highest) X 50,188138,9406900,50,,197000
3981,2026-09-27T10:43:37,2026-09-27T10:33:56,Force Core Set (Highest) X 53,188138,9971314,53,,197000
3982,2026-09-27T10:44:06,2026-09-27T10:33:56,Force Core Set (Highest) X 174,188138,32736012,174,,196998
3983,2026-09-27T10:44:08,2026-09-27T10:33:56,Force Core Set (Highest) X 1,188139,188139,1,,196998
3984,2026-09-27T10:44:11,2026-09-27T10:33:56,Force Core Set (Highest) X 3,188139,564417,3,,196998
3985,2026-09-27T10:44:13,2026-09-27T10:33:56,Force Core Set (Highest) X 9,188139,1693251,9,,196998
3986,2026-09-27T10:44:16,2026-09-27T10:33:56,Force Core Set (Highest) X 15,188139,2822085,15,,196998
3987,2026-09-27T10:44:41,2026-09-27T10:33:56,Upgrade Core Set (Ultimate) X 6,446940,2681640,6,,456964
3988,2026-09-27T10:44:45,2026-09-27T10:33:56,Upgrade Core Set (Ultimate) X 10,446940,8938800,20,,456964
3989,2026-09-27T10:44:47,2026-09-27T10:33:56,Upgrade Core Set (Ultimate) X 21,446940,9385740,21,,456964
3990,2026-09-27T10:46:12,2026-09-27T10:33:56,Chaos Core,720683,30268686,42,,732250
3991,2026-09-27T10:46:19,2026-09-27T10:33:56,Chaos Core,720683,179450067,249,,732250
3992,2026-09-27T10:50:18,2026-09-27T10:33:56,Chaos Core,715999,40095944,56,,732257
3993,2026-09-27T10:50:25,2026-09-27T10:33:56,Chaos Core,727992,727992,1,,732257
3994,2026-09-27T10:54:52,2026-09-27T10:33:56,Upgrade Core Set (Ultimate) X 44,446940,19665360,44,,456953
3995,2026-09-27T10:57:02,2026-09-27T10:33:56,Chaos Core,725645,5079515,7,,732257
3996,2026-09-27T10:57:12,2026-09-27T10:33:56,Chaos Core,726999,63248913,87,,732257
3997,2026-09-27T10:57:35,2026-09-27T10:33:56,Chaos Core,727400,1454800,2,,732257
3998,2026-09-27T11:04:14,2026-09-27T10:33:56,Force Core Set (High) X 48,172222,8266656,48,,179226
3999,2026-09-27T11:04:17,2026-09-27T10:33:56,Force Core Set (High) X 84,172222,14466648,84,,179226
4000,2026-09-27T11:04:19,2026-09-27T10:33:56,Force Core Set (High) X 90,172222,15500000,90,,179226
4001,2026-09-27T11:08:04,2026-09-27T10:33:56,Chaos Core,724800,82627200,114,,732287
4002,2026-09-27T11:08:08,2026-09-27T10:33:56,Chaos Core,724800,15945600,22,,732287
4003,2026-09-27T11:08:15,2026-09-27T10:33:56,Chaos Core,724877,27545326,38,,732287
4004,2026-09-27T11:10:03,2026-09-27T10:33:56,Chaos Core,724877,73937454,102,,732285
4005,2026-09-27T11:10:58,2026-09-27T10:33:56,Force Core Set (High) X 33,172222,5683326,33,,179223
4006,2026-09-27T11:11:00,2026-09-27T10:33:56,Force Core Set (High) X 144,172222,24799968,144,,179223
4007,2026-09-27T11:12:24,2026-09-27T10:33:56,Chaos Core,722985,52054920,72,,732287
4008,2026-09-27T11:14:12,2026-09-27T10:33:56,Chaos Core,727400,32733000,45,,740000
4009,2026-09-27T11:14:32,2026-09-27T10:33:56,Chaos Core,727992,18199800,25,,740000
4010,2026-09-27T11:14:36,2026-09-27T10:33:56,Chaos Core,722366,50565620,70,,740000
4011,2026-09-27T11:14:48,2026-09-27T10:33:56,Chaos Core,727400,727400,1,,740000
4012,2026-09-27T11:15:01,2026-09-27T10:33:56,Chaos Core,727400,27641200,38,,740000
4013,2026-09-27T11:15:13,2026-09-27T10:33:56,Chaos Core,728879,728879,1,,740000
4014,2026-09-27T11:17:11,2026-09-27T10:33:56,Chaos Core,730000,72270000,99,,746997
4015,2026-09-27T11:17:23,2026-09-27T10:33:56,Chaos Core,724206,724206,1,,746997
4016,2026-09-27T11:17:42,2026-09-27T10:33:56,Chaos Core,730000,93440000,128,,746997
4017,2026-09-27T11:18:47,2026-09-27T10:33:56,Chaos Core,730000,29200000,40,,746995
4018,2026-09-27T11:19:07,2026-09-27T10:33:56,Chaos Core,730000,182500000,250,,746995
4019,2026-09-27T11:19:19,2026-09-27T10:33:56,Chaos Core,730000,730000,1,,746995
4020,2026-09-27T11:20:19,2026-09-27T10:33:56,Force Core Set (High) X 120,166666,20000000,120,,179221
4021,2026-09-27T11:20:22,2026-09-27T10:33:56,Force Core Set (High) X 50,172222,8611100,50,,179221
4022,2026-09-27T11:20:25,2026-09-27T10:33:56,Force Core Set (High) X 50,172222,8611100,50,,179221
4023,2026-09-27T11:23:35,2026-09-27T10:33:56,Chaos Core,723640,723640,1,,746991
4024,2026-09-27T11:23:48,2026-09-27T10:33:56,Chaos Core,730000,94900000,130,,746991
4025,2026-09-27T11:24:09,2026-09-27T10:33:56,Chaos Core,730000,24820000,34,,746991
4026,2026-09-27T11:25:20,2026-09-27T10:33:56,Chaos Core,722366,33951202,47,,746989
4027,2026-09-27T11:25:23,2026-09-27T10:33:56,Chaos Core,722366,34673568,48,,746989
4028,2026-09-27T11:25:30,2026-09-27T10:33:56,Chaos Core,722366,168311278,233,,746989
4029,2026-09-27T11:25:41,2026-09-27T10:33:56,Chaos Core,722366,722366,1,,746989
4030,2026-09-27T11:25:59,2026-09-27T10:33:56,Chaos Core,722985,722985,1,,746989
4031,2026-09-27T11:27:16,2026-09-27T10:33:56,Chaos Core,722366,7946026,11,,746986
4032,2026-09-27T11:27:22,2026-09-27T10:33:56,Chaos Core,722366,133637710,185,,746986
4033,2026-09-27T11:27:34,2026-09-27T10:33:56,Chaos Core,722366,722366,1,,746986
4034,2026-09-27T11:27:45,2026-09-27T10:33:56,Chaos Core,730000,730000,1,,746986
4035,2026-09-27T11:29:42,2026-09-27T10:33:56,Force Core Set (High) X 301,172222,51838822,301,,179218
4036,2026-09-27T12:02:36,2026-09-27T10:33:56,Force Core Set (Highest) X 1,188140,4891640,26,,194929
4037,2026-09-27T12:02:38,2026-09-27T10:33:56,Force Core Set (Highest) X 46,188140,8654440,46,,194929
4038,2026-09-27T12:02:41,2026-09-27T10:33:56,Force Core Set (Highest) X 56,188140,10535840,56,,194929
4039,2026-09-27T12:02:43,2026-09-27T10:33:56,Force Core Set (Highest) X 87,188140,16368180,87,,194929
4040,2026-09-27T12:16:50,2026-09-27T10:33:56,Force Core Set (High) X 189,172222,32549958,189,,179133
4041,2026-09-27T12:16:53,2026-09-27T10:33:56,Force Core Set (High) X 216,172222,37199952,216,,179133
4042,2026-09-27T12:21:06,2026-09-27T10:33:56,Chaos Core,700000,1400000,2,,746824
4043,2026-09-27T12:21:12,2026-09-27T10:33:56,Chaos Core,703000,56240000,80,,746824
4044,2026-09-27T12:21:19,2026-09-27T10:33:56,Chaos Core,706521,72771663,103,,746824
4045,2026-09-27T12:21:25,2026-09-27T10:33:56,Chaos Core,706521,706521,1,,746824
4046,2026-09-27T13:43:16,2026-09-27T13:27:41,Chaos Core,739344,35488512,48,,746736
4047,2026-09-27T13:43:29,2026-09-27T13:27:41,Chaos Core,739481,26621316,36,,746736
4048,2026-09-27T13:43:42,2026-09-27T13:27:41,Chaos Core,739481,103527340,140,,746736
4049,2026-09-27T13:43:54,2026-09-27T13:27:41,Chaos Core,739481,739481,1,,746736
4050,2026-09-27T13:45:16,2026-09-27T13:27:41,Chaos Core,718345,107033405,149,,746730
4051,2026-09-27T13:45:29,2026-09-27T13:27:41,Chaos Core,739481,144938276,196,,746730
4052,2026-09-27T13:46:36,2026-09-27T13:27:41,Chaos Core,718345,2155035,3,,746728
4053,2026-09-27T13:46:49,2026-09-27T13:27:41,Chaos Core,730000,10220000,14,,746728
4054,2026-09-27T13:46:53,2026-09-27T13:27:41,Chaos Core,718340,18676840,26,,746728
4055,2026-09-27T13:47:05,2026-09-27T13:27:41,Chaos Core,719505,719505,1,,746728
4056,2026-09-27T13:47:26,2026-09-27T13:27:41,Chaos Core,739481,739481,1,,746728
4057,2026-09-27T13:51:00,2026-09-27T13:27:41,Chaos Core,717196,66699228,93,,746727
4058,2026-09-27T13:51:11,2026-09-27T13:27:41,Chaos Core,718345,718345,1,,746727
4059,2026-09-27T13:51:23,2026-09-27T13:27:41,Chaos Core,718345,718345,1,,746727
4060,2026-09-27T13:51:27,2026-09-27T13:27:41,Chaos Core,715988,44391256,62,,746727
4061,2026-09-27T13:51:39,2026-09-27T13:27:41,Chaos Core,718345,718345,1,,746727
4062,2026-09-27T13:51:51,2026-09-27T13:27:41,Chaos Core,738000,738000,1,,746727
4063,2026-09-27T13:56:17,2026-09-27T13:27:41,Chaos Core,715987,5011909,7,,746719
4064,2026-09-27T13:56:29,2026-09-27T13:27:41,Chaos Core,718345,718345,1,,746719
4065,2026-09-27T13:56:52,2026-09-27T13:27:41,Chaos Core,738000,7380000,10,,746719
4066,2026-09-27T13:58:56,2026-09-27T13:27:41,Chaos Core,715987,44391194,62,,746717
4067,2026-09-27T13:59:07,2026-09-27T13:27:41,Chaos Core,718345,718345,1,,746717
4068,2026-09-27T13:59:56,2026-09-27T13:27:41,Force Core Set (Ultimate) X 2,355355,710710,2,,382978
4069,2026-09-27T13:59:59,2026-09-27T13:27:41,Force Core Set (Ultimate) X 5,355355,1776775,5,,382978
4070,2026-09-27T14:00:01,2026-09-27T13:27:41,Force Core Set (Ultimate) X 7,355355,2487485,7,,382978
4071,2026-09-27T14:00:04,2026-09-27T13:27:41,Force Core Set (Ultimate) X 10,355355,3553550,10,,382978
4072,2026-09-27T14:00:08,2026-09-27T13:27:41,Force Core Set (Ultimate) X 10,355355,63963990,180,,382978
4073,2026-09-27T14:17:32,2026-09-27T13:27:41,Chaos Core,735706,89756132,122,,746685
4074,2026-09-27T14:17:42,2026-09-27T13:27:41,Chaos Core,736250,164183750,223,,746685
4075,2026-09-27T14:48:20,2026-09-27T13:27:41,Upgrade Core Set (Ultimate) X 10,445000,8900000,20,,456692
4076,2026-09-27T14:48:23,2026-09-27T13:27:41,Upgrade Core Set (Ultimate) X 23,445000,10235000,23,,456692
4077,2026-09-27T14:48:25,2026-09-27T13:27:41,Upgrade Core Set (Ultimate) X 100,445000,44500000,100,,456692
4078,2026-09-27T14:48:28,2026-09-27T13:27:41,Upgrade Core Set (Ultimate) X 145,445000,64525000,145,,456692
4079,2026-09-27T16:12:27,2026-09-27T13:27:41,Chaos Core,720000,43200000,60,,732150
4080,2026-09-27T16:21:58,2026-09-27T13:27:41,Chaos Core,716344,10745160,15,,732156
4081,2026-09-27T16:22:47,2026-09-27T13:27:41,Chaos Core,716344,85961280,120,,732156
4082,2026-09-27T16:25:21,2026-09-27T13:27:41,Chaos Core,716343,16475889,23,,732154
4083,2026-09-27T16:25:28,2026-09-27T13:27:41,Chaos Core,716343,178369407,249,,732154
4084,2026-09-27T16:25:37,2026-09-27T13:27:41,Chaos Core,730339,730339,1,,732154
4085,2026-09-27T16:34:41,2026-09-27T13:27:41,Chaos Core,715686,7156860,10,,732152
4086,2026-09-27T16:35:42,2026-09-27T13:27:41,Chaos Core,716343,5730744,8,,732152
4087,2026-09-27T16:40:57,2026-09-27T13:27:41,Upgrade Core Set (Ultimate) X 25,445066,11126650,25,,456560
4088,2026-09-27T16:53:36,2026-09-27T13:27:41,Force Gem Package,187500000,187500000,1,,
4089,2026-09-27T17:07:13,2026-09-27T13:27:41,Force Core Set (Highest) X 1,180000,8640000,48,,189821
4090,2026-09-27T17:07:16,2026-09-27T13:27:41,Force Core Set (Highest) X 10,180000,28800000,160,,189821
4091,2026-09-27T17:27:03,2026-09-27T13:27:41,Upgrade Core Set (Ultimate) X 329,445066,146426714,329,,456526
4092,2026-09-27T17:36:42,2026-09-27T13:27:41,Chaos Core,721349,104595605,145,,732090
4093,2026-09-27T17:36:52,2026-09-27T13:27:41,Chaos Core,723745,1447490,2,,732090
4094,2026-09-27T17:49:39,2026-09-27T13:27:41,Armor Account bind Unseal Stone,194000000,194000000,1,,
4095,2026-09-27T17:54:13,2026-09-27T13:27:41,Armor Account bind Seal Stone,187500000,187500000,1,,
4096,2026-09-27T18:01:09,2026-09-27T13:27:41,Chaos Core,720043,80644816,112,,732134
4097,2026-09-27T18:01:17,2026-09-27T13:27:41,Chaos Core,720043,82084902,114,,732134
4098,2026-09-27T18:01:29,2026-09-27T13:27:41,Chaos Core,723711,1447422,2,,732134
4099,2026-09-27T18:02:39,2026-09-27T13:27:41,Chaos Core,723711,63686568,88,,732132
4100,2026-09-27T18:03:31,2026-09-27T13:27:41,Chaos Core,720000,82080000,114,,732132
4101,2026-09-27T18:04:35,2026-09-27T13:27:41,Chaos Core,723733,1447466,2,,732132
4102,2026-09-27T18:06:35,2026-09-27T13:27:41,Chaos Core,715871,81609294,114,,732131
4103,2026-09-27T18:06:43,2026-09-27T13:27:41,Chaos Core,716375,74503000,104,,732131
4104,2026-09-27T18:06:55,2026-09-27T13:27:41,Chaos Core,720043,720043,1,,732131
4105,2026-09-27T18:17:43,2026-09-27T13:27:41,Chaos Core,723166,22418146,31,,732124
4106,2026-09-27T18:17:50,2026-09-27T13:27:41,Chaos Core,723711,60791724,84,,732124
4107,2026-09-27T18:17:57,2026-09-27T13:27:41,Chaos Core,723711,166453530,230,,732124
4108,2026-09-27T18:26:18,2026-09-27T13:27:41,Chaos Core,720797,179478453,249,,732116
4109,2026-09-27T18:29:42,2026-09-27T13:27:41,Force Core Set (High) X 1,171400,1199800,7,,176774
4110,2026-09-27T18:29:46,2026-09-27T13:27:41,Force Core Set (High) X 1,171400,9255600,54,,176774
4111,2026-09-27T18:29:49,2026-09-27T13:27:41,Force Core Set (High) X 1,171400,171400,1,,176774
4112,2026-09-27T18:29:53,2026-09-27T13:27:41,Force Core Set (High) X 1,171400,4627800,27,,176774
4113,2026-09-27T18:29:55,2026-09-27T13:27:41,Force Core Set (High) X 19,171400,3256600,19,,176774
4114,2026-09-27T18:36:37,2026-09-27T13:27:41,Chaos Core,720043,32401935,45,,732109
4115,2026-09-27T18:41:18,2026-09-27T13:27:41,Chaos Core,721293,26687841,37,,732108
4116,2026-09-27T18:41:25,2026-09-27T13:27:41,Chaos Core,721918,82298652,114,,732108
4117,2026-09-27T18:41:33,2026-09-27T13:27:41,Chaos Core,721918,82298652,114,,732108
4118,2026-09-27T18:42:24,2026-09-27T13:27:41,Chaos Core,720656,1441312,2,,732108
4119,2026-09-27T18:53:41,2026-09-27T13:27:41,Chaos Core,720043,40322408,56,,732098
4120,2026-09-27T18:53:48,2026-09-27T13:27:41,Chaos Core,723000,723000,1,,732098
4121,2026-09-27T19:00:54,2026-09-27T13:27:41,Chaos Core,721781,35367269,49,,732095
4122,2026-09-27T19:01:02,2026-09-27T13:27:41,Chaos Core,722311,1444622,2,,732095
4123,2026-09-27T19:04:55,2026-09-27T13:27:41,Force Core Set (High) X 5,171400,3428000,20,,176749
4124,2026-09-27T19:04:58,2026-09-27T13:27:41,Force Core Set (High) X 23,171400,3942200,23,,176749
4125,2026-09-27T19:05:00,2026-09-27T13:27:41,Force Core Set (High) X 64,171400,10969600,64,,176749
4126,2026-09-27T19:05:03,2026-09-27T13:27:41,Force Core Set (High) X 236,171400,40450400,236,,176749
4127,2026-09-27T23:14:17,2026-09-27T23:09:54,Chaos Core,720043,148328858,206,,731787
4128,2026-09-27T23:14:27,2026-09-27T23:09:54,Chaos Core,720043,720043,1,,731787
4129,2026-09-27T23:15:25,2026-09-27T23:09:54,Chaos Core,715688,135980720,190,,731782
4130,2026-09-27T23:15:38,2026-09-27T23:09:54,Chaos Core,720043,1440086,2,,731782
4131,2026-09-27T23:16:41,2026-09-27T23:09:54,Arionell,282749999,282749999,1,,
4132,2026-09-27T23:19:03,2026-09-27T23:09:54,Chaos Core,715160,4290960,6,,731772
4133,2026-09-27T23:19:09,2026-09-27T23:09:54,Chaos Core,715160,81528240,114,,731772
4134,2026-09-27T23:19:16,2026-09-27T23:09:54,Chaos Core,715160,81528240,114,,731772
4135,2026-09-27T23:21:00,2026-09-27T23:09:54,Chaos Core,717575,717575,1,,731765
4136,2026-09-27T23:21:12,2026-09-27T23:09:54,Chaos Core,720043,17281032,24,,731765
4137,2026-09-27T23:21:22,2026-09-27T23:09:54,Chaos Core,717575,717575,1,,731765
4138,2026-09-27T23:21:31,2026-09-27T23:09:54,Chaos Core,715000,70785000,99,,731765
4139,2026-09-27T23:21:42,2026-09-27T23:09:54,Chaos Core,717575,717575,1,,731765
4140,2026-09-27T23:21:55,2026-09-27T23:09:54,Chaos Core,720043,19441161,27,,731765
4141,2026-09-27T23:23:26,2026-09-27T23:09:54,Chaos Core,720043,720043,1,,731764
4142,2026-09-27T23:23:48,2026-09-27T23:09:54,Chaos Core,728000,12376000,17,,731764
4143,2026-09-27T23:25:02,2026-09-27T23:09:54,Force Core Set (Ultimate) X 6,355350,2132100,6,,382607
4144,2026-09-27T23:25:05,2026-09-27T23:09:54,Force Core Set (Ultimate) X 9,355350,3198150,9,,382607
4145,2026-09-27T23:25:09,2026-09-27T23:09:54,Force Core Set (Ultimate) X 10,355350,56856000,160,,382607
4146,2026-09-27T23:25:11,2026-09-27T23:09:54,Force Core Set (Ultimate) X 46,355350,16346100,46,,382607
4147,2026-09-27T23:58:37,2026-09-27T23:56:03,Chaos Core,716000,97376000,136,,729160
4148,2026-09-27T23:58:47,2026-09-27T23:56:03,Chaos Core,719000,102817000,143,,729160
4149,2026-09-28T00:12:22,2026-09-27T23:56:03,Force Core Set (Ultimate) X 73,355350,25940550,73,,382566
4150,2026-09-28T00:12:24,2026-09-27T23:56:03,Force Core Set (Ultimate) X 115,355350,40865250,115,,382566
4151,2026-09-28T00:12:27,2026-09-27T23:56:03,Force Core Set (Ultimate) X 125,355350,44418750,125,,382566
4152,2026-09-28T00:21:22,2026-09-27T23:56:03,Chaos Core,719000,9347000,13,,729084
4153,2026-09-28T00:21:33,2026-09-27T23:56:03,Chaos Core,720000,3600000,5,,729084
4154,2026-09-28T00:49:27,2026-09-28T00:46:54,Chaos Core,719000,110007000,153,,729062
4155,2026-09-28T00:55:27,2026-09-28T00:52:56,Chaos Core,717678,5023746,7,,729057
4156,2026-09-28T00:55:37,2026-09-28T00:52:56,Chaos Core,720000,1440000,2,,729057
4157,2026-09-28T00:55:47,2026-09-28T00:52:56,Chaos Core,720000,5040000,7,,729057
4158,2026-09-28T00:55:59,2026-09-28T00:52:56,Chaos Core,720000,5040000,7,,729057
4159,2026-09-28T00:56:11,2026-09-28T00:52:56,Chaos Core,720043,5760344,8,,729057
4160,2026-09-28T00:56:21,2026-09-28T00:52:56,Chaos Core,720043,720043,1,,729057
4161,2026-09-28T00:56:34,2026-09-28T00:52:56,Chaos Core,720043,2880172,4,,729057
4162,2026-09-28T00:56:47,2026-09-28T00:52:56,Chaos Core,720043,2160129,3,,729057
4163,2026-09-28T00:56:59,2026-09-28T00:52:56,Chaos Core,720043,720043,1,,729057
4164,2026-09-28T00:58:01,2026-09-28T00:52:56,Chaos Core,720000,79200000,110,,729057
4165,2026-09-28T00:58:13,2026-09-28T00:52:56,Chaos Core,720000,720000,1,,729057
4166,2026-09-28T00:58:35,2026-09-28T00:52:56,Chaos Core,728000,1456000,2,,729057
4167,2026-09-28T00:59:29,2026-09-28T00:52:56,Chaos Core,717678,100474920,140,,729050
4168,2026-09-28T00:59:36,2026-09-28T00:52:56,Chaos Core,717678,160042194,223,,729050
4169,2026-09-28T01:00:47,2026-09-28T00:52:56,Chaos Core,717678,80379936,112,,729042
4170,2026-09-28T01:00:53,2026-09-28T00:52:56,Chaos Core,717678,81815292,114,,729042
4171,2026-09-28T01:01:01,2026-09-28T00:52:56,Chaos Core,717678,1435356,2,,729042
4172,2026-09-28T01:01:58,2026-09-28T00:52:56,Chaos Core,717678,26554086,37,,729040
4173,2026-09-28T01:02:05,2026-09-28T00:52:56,Chaos Core,717678,10765170,15,,729040
4174,2026-09-28T01:03:03,2026-09-28T00:52:56,Chaos Core,717678,17224272,24,,729040
4175,2026-09-28T01:03:15,2026-09-28T00:52:56,Chaos Core,719000,719000,1,,729040
4176,2026-09-28T01:03:27,2026-09-28T00:52:56,Chaos Core,719000,719000,1,,729040
4177,2026-09-28T01:06:10,2026-09-28T00:52:56,Arionell,282749998,282749998,1,,
4178,2026-09-28T01:07:05,2026-09-28T00:52:56,Chaos Core,713389,81326346,114,,729025
4179,2026-09-28T01:07:16,2026-09-28T00:52:56,Chaos Core,719000,719000,1,,729025
4180,2026-09-28T01:07:37,2026-09-28T00:52:56,Chaos Core,720000,720000,1,,729025
4181,2026-09-28T01:07:49,2026-09-28T00:52:56,Chaos Core,720000,720000,1,,729025
4182,2026-09-28T01:45:52,2026-09-28T00:52:56,Chaos Core,698000,4188000,6,,728885
4183,2026-09-28T01:46:45,2026-09-28T00:52:56,Chaos Core,692968,9701552,14,,728885
4184,2026-09-28T01:46:55,2026-09-28T00:52:56,Chaos Core,710481,4973367,7,,728885
4185,2026-09-28T01:47:07,2026-09-28T00:52:56,Chaos Core,717678,717678,1,,728885
4186,2026-09-28T01:47:19,2026-09-28T00:52:56,Chaos Core,717678,717678,1,,728885
4187,2026-09-28T01:47:39,2026-09-28T00:52:56,Chaos Core,720043,720043,1,,728885
4188,2026-09-28T01:51:42,2026-09-28T00:52:56,Chaos Core,720043,128887697,179,,728887
4189,2026-09-28T01:51:52,2026-09-28T00:52:56,Chaos Core,720043,720043,1,,728887
4190,2026-09-28T02:10:19,2026-09-28T00:52:56,Chaos Core,723848,68041712,94,,729054
4191,2026-09-28T02:10:25,2026-09-28T00:52:56,Chaos Core,723848,21715440,30,,729054
4192,2026-09-28T02:11:19,2026-09-28T00:52:56,Chaos Core,725000,1450000,2,,729054
4193,2026-09-28T02:12:08,2026-09-28T00:52:56,Chaos Core,720043,69844171,97,,729053
4194,2026-09-28T02:12:16,2026-09-28T00:52:56,Chaos Core,725000,1450000,2,,729053
4195,2026-09-28T02:14:38,2026-09-28T00:52:56,Chaos Core,718838,81947532,114,,729052
4196,2026-09-28T02:14:46,2026-09-28T00:52:56,Chaos Core,718838,77634504,108,,729052
4197,2026-09-28T02:29:05,2026-09-28T00:52:56,Chaos Core,718838,718838,1,,729047
4198,2026-09-28T02:29:18,2026-09-28T00:52:56,Chaos Core,720043,180010750,250,,729047
4199,2026-09-28T02:29:30,2026-09-28T00:52:56,Chaos Core,720043,720043,1,,729047
4200,2026-09-28T02:36:03,2026-09-28T00:52:56,Chaos Core,714432,41437056,58,,729046
4201,2026-09-28T02:36:21,2026-09-28T00:52:56,Chaos Core,728000,1456000,2,,729046
4202,2026-09-28T02:42:56,2026-09-28T00:52:56,Chaos Core,715000,12870000,18,,729042
4203,2026-09-28T02:43:00,2026-09-28T00:52:56,Chaos Core,715000,20735000,29,,729042
4204,2026-09-28T02:43:51,2026-09-28T00:52:56,Chaos Core,714400,714400,1,,729042
4205,2026-09-28T02:46:57,2026-09-28T00:52:56,Chaos Core,714324,67146456,94,,729039
4206,2026-09-28T02:48:01,2026-09-28T00:52:56,Chaos Core,728000,1456000,2,,729039
4207,2026-09-28T03:09:17,2026-09-28T00:52:56,Force Core Set (Highest) X 49,177551,8699999,49,,186637
4208,2026-09-28T03:10:31,2026-09-28T00:52:56,Force Gem Package,188499999,188499999,1,,
4209,2026-09-28T03:28:22,2026-09-28T00:52:56,Chaos Core,717562,68885952,96,,728990
4210,2026-09-28T03:30:56,2026-09-28T00:52:56,Chaos Core,717560,7893160,11,,728984
4211,2026-09-28T03:31:02,2026-09-28T00:52:56,Chaos Core,717560,88977440,124,,728984
4212,2026-09-28T03:34:09,2026-09-28T00:52:56,Chaos Core,710000,24850000,35,,728979
4213,2026-09-28T03:34:28,2026-09-28T00:52:56,Chaos Core,720043,720043,1,,728979
4214,2026-09-28T03:43:16,2026-09-28T00:52:56,Force Core Set (Highest) X 19,173684,3299999,19,,186635
4215,2026-09-28T03:52:43,2026-09-28T00:52:56,Chaos Core,720000,65520000,91,,729010
4216,2026-09-28T03:52:49,2026-09-28T00:52:56,Chaos Core,720043,31681892,44,,729010
4217,2026-09-28T03:52:57,2026-09-28T00:52:56,Chaos Core,720043,28081677,39,,729010
4218,2026-09-28T03:55:07,2026-09-28T00:52:56,Chaos Core,720043,20161204,28,,729008
4219,2026-09-28T03:56:12,2026-09-28T00:52:56,Chaos Core,726999,1453998,2,,729008
4220,2026-09-28T03:56:56,2026-09-28T00:52:56,Chaos Core,720000,34560000,48,,729006
4221,2026-09-28T03:58:29,2026-09-28T00:52:56,Force Core Set (Ultimate) X 40,306722,12268880,40,,382372
4222,2026-09-28T03:58:31,2026-09-28T00:52:56,Force Core Set (Ultimate) X 135,306722,41407470,135,,382372
4223,2026-09-28T03:58:34,2026-09-28T00:52:56,Force Core Set (Ultimate) X 254,306722,77907388,254,,382372
4224,2026-09-28T04:27:26,2026-09-28T00:52:56,Chaos Core,720000,133200000,185,,729010
4225,2026-09-28T04:27:31,2026-09-28T00:52:56,Chaos Core,720000,720000,1,,729010
4226,2026-09-28T04:35:27,2026-09-28T00:52:56,Chaos Core,720043,74164429,103,,729009
4227,2026-09-28T04:35:37,2026-09-28T00:52:56,Chaos Core,719999,1439998,2,,729009
4228,2026-09-28T04:36:23,2026-09-28T00:52:56,Chaos Core,719999,4319994,6,,729008
4229,2026-09-28T04:36:39,2026-09-28T00:52:56,Chaos Core,730000,4380000,6,,729008
4230,2026-09-28T04:36:49,2026-09-28T00:52:56,Chaos Core,730000,4380000,6,,729008
4231,2026-09-28T04:54:42,2026-09-28T00:52:56,Chaos Core,718888,72607688,101,,728986
4232,2026-09-28T04:54:48,2026-09-28T00:52:56,Chaos Core,719000,102817000,143,,728986
4233,2026-09-28T04:54:55,2026-09-28T00:52:56,Chaos Core,719000,1438000,2,,728986
4234,2026-09-28T04:56:05,2026-09-28T00:52:56,Chaos Core,720043,103686192,144,,728983
4235,2026-09-28T05:10:31,2026-09-28T00:52:56,Chaos Core,719000,127982000,178,,728959
4236,2026-09-28T05:10:36,2026-09-28T00:52:56,Chaos Core,719000,1438000,2,,728959
4237,2026-09-28T05:27:05,2026-09-28T00:52:56,Chaos Core,719000,6471000,9,,728925
4238,2026-09-28T05:27:11,2026-09-28T00:52:56,Chaos Core,719000,719000,1,,728925
4239,2026-09-28T05:27:18,2026-09-28T00:52:56,Chaos Core,719000,6471000,9,,728925
4240,2026-09-28T05:27:26,2026-09-28T00:52:56,Chaos Core,719000,8628000,12,,728925
4241,2026-09-28T05:28:03,2026-09-28T00:52:56,Chaos Core,720043,1440086,2,,728925
4242,2026-09-28T05:28:50,2026-09-28T00:52:56,Chaos Core,720043,7200430,10,,728924
4243,2026-09-28T05:29:08,2026-09-28T00:52:56,Chaos Core,729999,5839992,8,,728924
4244,2026-09-28T05:29:50,2026-09-28T00:52:56,Chaos Core,719000,20132000,28,,728922
4245,2026-09-28T05:30:08,2026-09-28T00:52:56,Chaos Core,729999,1459998,2,,728922
4246,2026-09-28T05:35:19,2026-09-28T00:52:56,Chaos Core,719000,179031000,249,,728950
4247,2026-09-28T05:36:16,2026-09-28T00:52:56,Chaos Core,719000,150990000,210,,728949
4248,2026-09-28T05:40:17,2026-09-28T00:52:56,Chaos Core,719000,81966000,114,,728945
4249,2026-09-28T05:40:28,2026-09-28T00:52:56,Chaos Core,720043,720043,1,,728945
4250,2026-09-28T05:40:42,2026-09-28T00:52:56,Chaos Core,719000,1438000,2,,728945
4251,2026-09-28T05:41:51,2026-09-28T00:52:56,Chaos Core,719000,719000,1,,728949
4252,2026-09-28T05:42:11,2026-09-28T00:52:56,Chaos Core,730000,2920000,4,,728949
4253,2026-09-28T05:42:24,2026-09-28T00:52:56,Chaos Core,735000,9555000,13,,728949
4254,2026-09-28T05:45:10,2026-09-28T00:52:56,Chaos Core,719000,6471000,9,,728950
4255,2026-09-28T05:45:24,2026-09-28T00:52:56,Chaos Core,719000,2157000,3,,728950
4256,2026-09-28T05:45:36,2026-09-28T00:52:56,Chaos Core,719000,719000,1,,728950
4257,2026-09-28T05:45:47,2026-09-28T00:52:56,Chaos Core,729999,729999,1,,728950
4258,2026-09-28T05:46:00,2026-09-28T00:52:56,Chaos Core,735000,2940000,4,,728950
4259,2026-09-28T05:47:15,2026-09-28T00:52:56,Chaos Core,719000,719000,1,,728949
4260,2026-09-28T05:47:36,2026-09-28T00:52:56,Chaos Core,735000,2205000,3,,728949
4261,2026-09-28T05:47:49,2026-09-28T00:52:56,Chaos Core,738000,2214000,3,,728949
4262,2026-09-28T05:48:02,2026-09-28T00:52:56,Chaos Core,738000,5166000,7,,728949
4263,2026-09-28T05:48:15,2026-09-28T00:52:56,Chaos Core,739000,2956000,4,,728949
4264,2026-09-28T05:48:57,2026-09-28T00:52:56,Chaos Core,719000,49611000,69,,729010
4265,2026-09-28T05:49:04,2026-09-28T00:52:56,Chaos Core,719000,157461000,219,,729010
4266,2026-09-28T05:50:05,2026-09-28T00:52:56,Chaos Core,719000,36669000,51,,729009
4267,2026-09-28T05:52:42,2026-09-28T00:52:56,Force Core Set (Ultimate) X 12,355550,4266600,12,,382455
4268,2026-09-28T05:52:45,2026-09-28T00:52:56,Force Core Set (Ultimate) X 15,355550,5333250,15,,382455
4269,2026-09-28T05:52:48,2026-09-28T00:52:56,Force Core Set (Ultimate) X 22,355550,7822100,22,,382455
4270,2026-09-28T05:52:50,2026-09-28T00:52:56,Force Core Set (Ultimate) X 22,355550,7822100,22,,382455
4271,2026-09-28T05:52:53,2026-09-28T00:52:56,Force Core Set (Ultimate) X 28,355550,9955400,28,,382455
4272,2026-09-28T05:53:20,2026-09-28T00:52:56,Force Core Set (Ultimate) X 51,355550,18133050,51,,382454
4273,2026-09-28T05:53:22,2026-09-28T00:52:56,Force Core Set (Ultimate) X 52,355550,18488600,52,,382454
4274,2026-09-28T05:53:25,2026-09-28T00:52:56,Force Core Set (Ultimate) X 54,355550,19199700,54,,382454
4275,2026-09-28T05:53:28,2026-09-28T00:52:56,Force Core Set (Ultimate) X 59,355550,20977450,59,,382454
4276,2026-09-28T05:56:57,2026-09-28T00:52:56,Force Core Set (Ultimate) X 45,355550,15999750,45,,382451
4277,2026-09-28T05:56:59,2026-09-28T00:52:56,Force Core Set (Ultimate) X 114,355550,40532700,114,,382451
4278,2026-09-28T05:57:02,2026-09-28T00:52:56,Force Core Set (Ultimate) X 177,355550,62932350,177,,382451
4279,2026-09-28T05:59:04,2026-09-28T00:52:56,Chaos Core,719000,21570000,30,,729008
4280,2026-09-28T06:38:46,2026-09-28T00:52:56,Chaos Core,720000,45360000,63,,729010
4281,2026-09-28T06:47:37,2026-09-28T00:52:56,Chaos Core,720043,39602365,55,,729010
4282,2026-09-28T06:48:30,2026-09-28T00:52:56,Chaos Core,750000,1500000,2,,729010
4283,2026-09-28T07:53:13,2026-09-28T07:50:45,Chaos Core,745000,58110000,78,,779993
4284,2026-09-28T07:53:22,2026-09-28T07:50:45,Chaos Core,745000,32780000,44,,779993
4285,2026-09-28T07:53:33,2026-09-28T07:50:45,Chaos Core,745000,141550000,190,,779993
4286,2026-09-28T07:54:47,2026-09-28T07:50:45,Chaos Core,748000,51612000,69,,779993
4287,2026-09-28T07:54:51,2026-09-28T07:50:45,Chaos Core,715829,99500231,139,,779993
4288,2026-09-28T07:55:03,2026-09-28T07:50:45,Chaos Core,748000,748000,1,,779993
4289,2026-09-28T07:55:19,2026-09-28T07:50:45,Chaos Core,745000,745000,1,,779993
4290,2026-09-28T07:56:19,2026-09-28T07:50:45,Chaos Core,739999,166499775,225,,779991
4291,2026-09-28T07:57:17,2026-09-28T07:50:45,Chaos Core,748000,141372000,189,,779988
4292,2026-09-28T07:59:51,2026-09-28T07:50:45,Chaos Core,747999,6731991,9,,779983
4293,2026-09-28T08:00:34,2026-09-28T07:50:45,Chaos Core,748000,42636000,57,,779982
4294,2026-09-28T08:00:44,2026-09-28T07:50:45,Chaos Core,748000,6732000,9,,779982
4295,2026-09-28T08:02:22,2026-09-28T07:50:45,Force Core Set (Highest) X 1,183899,551697,3,,199147
4296,2026-09-28T08:37:57,2026-09-28T07:50:45,Chaos Core,717670,12200390,17,,778964
4297,2026-09-28T08:38:01,2026-09-28T07:50:45,Chaos Core,717086,7170860,10,,778964
4298,2026-09-28T08:38:09,2026-09-28T07:50:45,Chaos Core,717670,68896320,96,,778964
4299,2026-09-28T08:38:17,2026-09-28T07:50:45,Chaos Core,717670,78226030,109,,778964
4300,2026-09-28T08:39:10,2026-09-28T07:50:45,Chaos Core,715968,1431936,2,,778964
4301,2026-09-28T08:40:13,2026-09-28T07:50:45,Force Core Set (Highest) X 5,180000,900000,5,,199097
4302,2026-09-28T08:40:16,2026-09-28T07:50:45,Force Core Set (Highest) X 15,180000,2700000,15,,199097
4303,2026-09-28T08:40:18,2026-09-28T07:50:45,Force Core Set (Highest) X 18,180000,3240000,18,,199097
4304,2026-09-28T08:40:22,2026-09-28T07:50:45,Force Core Set (Highest) X 25,180000,9000000,50,,199097
4305,2026-09-28T08:47:27,2026-09-28T07:50:45,Chaos Core,715985,12887730,18,,778937
4306,2026-09-28T08:47:37,2026-09-28T07:50:45,Chaos Core,718206,19391562,27,,778937
4307,2026-09-28T08:47:48,2026-09-28T07:50:45,Chaos Core,718773,5750184,8,,778937
4308,2026-09-28T08:47:52,2026-09-28T07:50:45,Chaos Core,715985,112409645,157,,778937
4309,2026-09-28T08:50:45,2026-09-28T07:50:45,Chaos Core,717086,2868344,4,,778925
4310,2026-09-28T08:50:51,2026-09-28T07:50:45,Chaos Core,717086,121187534,169,,778925
4311,2026-09-28T08:51:01,2026-09-28T07:50:45,Chaos Core,720000,720000,1,,778925
4312,2026-09-28T08:55:15,2026-09-28T07:50:45,Force Core Set (Highest) X 50,189000,9450000,50,,199075
4313,2026-09-28T08:55:18,2026-09-28T07:50:45,Force Core Set (Highest) X 50,189000,9450000,50,,199075
4314,2026-09-28T08:55:20,2026-09-28T07:50:45,Force Core Set (Highest) X 104,190000,19760000,104,,199075
4315,2026-09-28T08:57:49,2026-09-28T07:50:45,Chaos Core,718440,63941160,89,,778909
4316,2026-09-28T08:57:55,2026-09-28T07:50:45,Chaos Core,718440,13650360,19,,778909
4317,2026-09-28T09:04:21,2026-09-28T07:50:45,Upgrade Core Set (Ultimate) X 128,445066,56968448,128,,458882
4318,2026-09-28T09:13:00,2026-09-28T07:50:45,Upgrade Core Set (Ultimate) X 204,445066,90793464,204,,458876
4319,2026-09-28T09:13:29,2026-09-28T07:50:45,Upgrade Core Set (Ultimate) X 9,445066,8011188,18,,458876
4320,2026-09-28T09:13:32,2026-09-28T07:50:45,Upgrade Core Set (Ultimate) X 10,445066,75661220,170,,458876
4321,2026-09-28T10:50:56,2026-09-28T10:47:14,Chaos Core,748000,748000,1,,
4322,2026-09-28T10:51:26,2026-09-28T10:47:14,Force Core Set (High) X 98,173469,17000000,98,,178990
4323,2026-09-28T10:51:28,2026-09-28T10:47:14,Force Core Set (High) X 164,173469,28448916,164,,178990
4324,2026-09-28T10:52:14,2026-09-28T10:47:14,Upgrade Core Set (Ultimate) X 11,425000,23375000,55,,458801
4325,2026-09-28T10:52:17,2026-09-28T10:47:14,Upgrade Core Set (Ultimate) X 102,425000,43350000,102,,458801
4326,2026-09-28T10:52:21,2026-09-28T10:47:14,Upgrade Core Set (Ultimate) X 10,445066,22253300,50,,458801
4327,2026-09-28T10:57:09,2026-09-28T10:47:14,Upgrade Core Set (Ultimate) X 10,445066,62309240,140,,458797
4328,2026-09-28T10:57:13,2026-09-28T10:47:14,Upgrade Core Set (Ultimate) X 10,445066,26703960,60,,458797
4329,2026-09-28T10:59:46,2026-09-28T10:47:14,Chaos Core,745498,57403346,77,,760627
4330,2026-09-28T10:59:52,2026-09-28T10:47:14,Chaos Core,750000,15000000,20,,760627
4331,2026-09-28T10:59:58,2026-09-28T10:47:14,Chaos Core,750000,2250000,3,,760627
4332,2026-09-28T11:00:06,2026-09-28T10:47:14,Chaos Core,750000,73500000,98,,760627
4333,2026-09-28T11:02:26,2026-09-28T10:47:14,Chaos Core,750000,750000,1,,
4334,2026-09-28T11:03:45,2026-09-28T10:47:14,Upgrade Core Set (Ultimate) X 6,445066,2670396,6,,458794
4335,2026-09-28T11:03:48,2026-09-28T10:47:14,Upgrade Core Set (Ultimate) X 10,445066,4450660,10,,458794
4336,2026-09-28T11:03:50,2026-09-28T10:47:14,Upgrade Core Set (Ultimate) X 37,445066,16467442,37,,458794
4337,2026-09-28T11:06:08,2026-09-28T10:47:14,Chaos Core,750000,54000000,72,,760615
4338,2026-09-28T11:06:14,2026-09-28T10:47:14,Chaos Core,750000,7500000,10,,760615
4339,2026-09-28T11:06:21,2026-09-28T10:47:14,Chaos Core,750000,37500000,50,,760615
4340,2026-09-28T11:16:31,2026-09-28T11:13:48,Force Gem Package,187000000,187000000,1,,
4341,2026-09-28T11:19:33,2026-09-28T11:13:48,Chaos Core,720043,720043,1,,
4342,2026-09-28T11:28:42,2026-09-28T11:13:48,Chaos Core,745000,35015000,47,,760575
4343,2026-09-28T11:28:46,2026-09-28T11:13:48,Chaos Core,715213,22171603,31,,760575
4344,2026-09-28T11:28:57,2026-09-28T11:13:48,Chaos Core,745000,745000,1,,760575
4345,2026-09-28T11:29:09,2026-09-28T11:13:48,Chaos Core,750000,750000,1,,760575
4346,2026-09-28T11:30:04,2026-09-28T11:13:48,Chaos Core,750000,6750000,9,,760575
4347,2026-09-28T11:30:12,2026-09-28T11:13:48,Chaos Core,750000,84750000,113,,760575
4348,2026-09-28T11:30:20,2026-09-28T11:13:48,Chaos Core,750000,1500000,2,,760575
4349,2026-09-28T11:39:50,2026-09-28T11:34:46,Chaos Core,747637,747637,1,,
4350,2026-09-28T11:44:03,2026-09-28T11:34:46,Chaos Core,747637,747637,1,,
4351,2026-09-28T11:46:25,2026-09-28T11:34:46,Upgrade Core Set (Ultimate) X 19,411392,7816448,19,,458759
4352,2026-09-28T11:49:24,2026-09-28T11:34:46,Chaos Core,747637,747637,1,,
4353,2026-09-28T11:51:01,2026-09-28T11:34:46,Force Core Set (High) X 23,165840,3814342,23,,178958
4354,2026-09-28T11:51:03,2026-09-28T11:34:46,Force Core Set (High) X 3,165841,497523,3,,178958
4355,2026-09-28T11:51:06,2026-09-28T11:34:46,Force Core Set (High) X 349,165841,57878788,349,,178958
4356,2026-09-28T11:51:51,2026-09-28T11:34:46,Force Core Set (Highest) X 213,181022,38557898,213,,198747
4357,2026-09-28T11:54:47,2026-09-28T11:34:46,Chaos Core,747637,747637,1,,
4358,2026-09-28T12:20:03,2026-09-28T12:10:42,Chaos Core,726296,726296,1,,
4359,2026-09-28T12:26:24,2026-09-28T12:10:42,Force Core Set (High) X 29,172068,4990000,29,,178909
4360,2026-09-28T12:26:26,2026-09-28T12:10:42,Force Core Set (High) X 249,172068,42844932,249,,178909
4361,2026-09-28T12:44:42,2026-09-28T12:41:09,Chaos Core,720209,70580482,98,,750424
4362,2026-09-28T12:44:52,2026-09-28T12:41:09,Chaos Core,723206,35437094,49,,750424
4363,2026-09-28T12:45:02,2026-09-28T12:41:09,Chaos Core,723206,34713888,48,,750424
4364,2026-09-28T12:46:54,2026-09-28T12:41:09,Force Gem Package,187222222,187222222,1,,
4365,2026-09-28T12:47:53,2026-09-28T12:41:09,Chaos Core,720000,38880000,54,,750421
4366,2026-09-28T12:48:06,2026-09-28T12:41:09,Chaos Core,723881,69492576,96,,750421
4367,2026-09-28T12:49:20,2026-09-28T12:41:09,Chaos Core,730000,730000,1,,
4368,2026-09-28T13:26:59,2026-09-28T13:24:49,Chaos Core,700000,700000,1,,750401
4369,2026-09-28T13:27:09,2026-09-28T13:24:49,Chaos Core,739999,132459821,179,,750401
4370,2026-09-28T13:34:42,2026-09-28T13:24:49,Chaos Core,734340,734340,1,,
4371,2026-09-28T13:36:49,2026-09-28T13:24:49,Upgrade Core Set (Ultimate) X 1,425425,5955950,14,,457995
4372,2026-09-28T13:36:52,2026-09-28T13:24:49,Upgrade Core Set (Ultimate) X 400,426000,170400000,400,,457995
4373,2026-09-28T13:49:00,2026-09-28T13:42:55,Upgrade Core Set (Ultimate) X 7,425425,2977975,7,,457979
4374,2026-09-28T13:49:04,2026-09-28T13:42:55,Upgrade Core Set (Ultimate) X 1,426229,852458,2,,457979
4375,2026-09-28T13:49:07,2026-09-28T13:42:55,Upgrade Core Set (Ultimate) X 42,426229,17901618,42,,457979
4376,2026-09-28T13:53:11,2026-09-28T13:42:55,Force Core Set (Ultimate) X 2,298804,597608,2,,379874
4377,2026-09-28T13:53:14,2026-09-28T13:42:55,Force Core Set (Ultimate) X 4,298804,1195216,4,,379874
4378,2026-09-28T13:53:16,2026-09-28T13:42:55,Force Core Set (Ultimate) X 9,298804,2689236,9,,379874
4379,2026-09-28T13:53:19,2026-09-28T13:42:55,Force Core Set (Ultimate) X 11,298804,3286844,11,,379874
4380,2026-09-28T13:53:21,2026-09-28T13:42:55,Force Core Set (Ultimate) X 48,298804,14342592,48,,379874
4381,2026-09-28T13:53:50,2026-09-28T13:42:55,Force Core Set (Ultimate) X 88,298804,26294752,88,,379874
4382,2026-09-28T13:53:52,2026-09-28T13:42:55,Force Core Set (Ultimate) X 251,298804,75000000,251,,379874
4383,2026-09-28T14:07:54,2026-09-28T13:42:55,Chaos Core,726641,726641,1,,
4384,2026-09-28T14:09:05,2026-09-28T13:42:55,Chaos Core,726087,18152175,25,,731396
4385,2026-09-28T14:09:14,2026-09-28T13:42:55,Chaos Core,726641,1453282,2,,731396
4386,2026-09-28T14:12:08,2026-09-28T13:42:55,Chaos Core,720043,23761419,33,,731394
4387,2026-09-28T14:12:12,2026-09-28T13:42:55,Chaos Core,720043,82084902,114,,731394
4388,2026-09-28T14:12:57,2026-09-28T13:42:55,Chaos Core,720043,720043,1,,731395
4389,2026-09-28T14:13:11,2026-09-28T13:42:55,Chaos Core,726641,5086487,7,,731395
4390,2026-09-28T14:13:21,2026-09-28T13:42:55,Chaos Core,726642,726642,1,,731395
4391,2026-09-28T14:13:24,2026-09-28T13:42:55,Chaos Core,719400,6474600,9,,731395
4392,2026-09-28T14:18:33,2026-09-28T13:42:55,Chaos Core,718115,68939040,96,,731385
4393,2026-09-28T14:18:40,2026-09-28T13:42:55,Chaos Core,718115,172347600,240,,731385
4394,2026-09-28T14:20:23,2026-09-28T13:42:55,Chaos Core,717479,7174790,10,,731381
4395,2026-09-28T14:20:32,2026-09-28T13:42:55,Chaos Core,727210,5817680,8,,731381
4396,2026-09-28T14:21:11,2026-09-28T13:42:55,Upgrade Core Set (Ultimate) X 21,423076,8884596,21,,457944
4397,2026-09-28T14:21:13,2026-09-28T13:42:55,Upgrade Core Set (Ultimate) X 26,423076,11000000,26,,457944
4398,2026-09-28T14:21:16,2026-09-28T13:42:55,Upgrade Core Set (Ultimate) X 276,425425,117417300,276,,457944
4399,2026-09-28T14:23:34,2026-09-28T13:42:55,Chaos Core,727210,727210,1,,
4400,2026-09-28T14:28:31,2026-09-28T13:42:55,Chaos Core,726580,726580,1,,
4401,2026-09-28T14:36:24,2026-09-28T13:42:55,Chaos Core,723055,13014990,18,,731357
4402,2026-09-28T14:38:12,2026-09-28T13:42:55,Chaos Core,730000,83950000,115,,750406
4403,2026-09-28T14:39:02,2026-09-28T13:42:55,Chaos Core,732617,56411509,77,,750406
4404,2026-09-28T14:40:02,2026-09-28T13:42:55,Chaos Core,734340,7343400,10,,750404
4405,2026-09-28T14:40:13,2026-09-28T13:42:55,Chaos Core,734340,109416660,149,,750404
4406,2026-09-28T14:42:55,2026-09-28T13:42:55,Chaos Core,720043,720043,1,,
4407,2026-09-28T14:46:45,2026-09-28T13:42:55,Chaos Core,745305,745305,1,,
4408,2026-09-28T14:47:12,2026-09-28T13:42:55,Chaos Core,739999,739999,1,,750399
4409,2026-09-28T14:47:34,2026-09-28T13:42:55,Chaos Core,746000,10444000,14,,750399
4410,2026-09-28T14:47:47,2026-09-28T13:42:55,Chaos Core,747080,2241240,3,,750399
4411,2026-09-28T14:49:48,2026-09-28T13:42:55,Chaos Core,727915,151406320,208,,750396
4412,2026-09-28T14:49:59,2026-09-28T13:42:55,Chaos Core,734340,734340,1,,750396
4413,2026-09-28T14:50:11,2026-09-28T13:42:55,Chaos Core,747080,747080,1,,750396
4414,2026-09-28T14:51:13,2026-09-28T13:42:55,Chaos Core,747080,2988320,4,,760578
4415,2026-09-28T14:51:29,2026-09-28T13:42:55,Chaos Core,750000,750000,1,,760578
4416,2026-09-28T14:51:39,2026-09-28T13:42:55,Chaos Core,750000,56250000,75,,760578
4417,2026-09-28T14:51:57,2026-09-28T13:42:55,Chaos Core,750000,2250000,3,,760578
4418,2026-09-28T14:52:01,2026-09-28T13:42:55,Chaos Core,732617,156780038,214,,760578
4419,2026-09-28T14:53:29,2026-09-28T13:42:55,Chaos Core,732617,109159933,149,,750395
4420,2026-09-28T14:53:31,2026-09-28T13:42:55,Chaos Core,732617,732617,1,,750395
4421,2026-09-28T14:56:44,2026-09-28T13:42:55,Chaos Core,750000,750000,1,,
4422,2026-09-28T14:57:05,2026-09-28T13:42:55,Chaos Core,750000,84750000,113,,760578
4423,2026-09-28T14:57:10,2026-09-28T13:42:55,Chaos Core,750000,750000,1,,760578
4424,2026-09-28T14:57:17,2026-09-28T13:42:55,Chaos Core,750000,32250000,43,,760578
4425,2026-09-28T14:57:24,2026-09-28T13:42:55,Chaos Core,750000,85500000,114,,760578
4426,2026-09-28T14:57:30,2026-09-28T13:42:55,Chaos Core,750000,1500000,2,,760578
4427,2026-09-28T15:00:56,2026-09-28T13:42:55,Chaos Core,759980,759980,1,,
4428,2026-09-28T15:11:44,2026-09-28T15:09:16,Chaos Core,755252,26433820,35,,760728
4429,2026-09-28T15:11:50,2026-09-28T15:09:16,Chaos Core,755252,37007348,49,,760728
4430,2026-09-28T15:15:55,2026-09-28T15:09:16,Chaos Core,754692,754692,1,,
4431,2026-09-28T15:16:21,2026-09-28T15:09:16,Chaos Core,754692,2264076,3,,760727
4432,2026-09-28T15:16:43,2026-09-28T15:09:16,Chaos Core,754171,11312565,15,,760727
4433,2026-09-28T15:18:57,2026-09-28T15:09:16,Chaos Core,754171,9804223,13,,760724
4434,2026-09-28T15:19:03,2026-09-28T15:09:16,Chaos Core,754171,33937695,45,,760724
4435,2026-09-28T15:19:12,2026-09-28T15:09:16,Chaos Core,754692,52073748,69,,760724
4436,2026-09-28T15:20:23,2026-09-28T15:09:16,Chaos Core,755753,1511506,2,,760724
4437,2026-09-28T15:21:12,2026-09-28T15:09:16,Force Core Set (High) X 1,172997,345994,2,,178900
4438,2026-09-28T15:21:16,2026-09-28T15:09:16,Force Core Set (High) X 1,172997,19029670,110,,178900
4439,2026-09-28T15:21:20,2026-09-28T15:09:16,Force Core Set (High) X 1,172997,15223736,88,,178900
4440,2026-09-28T15:21:50,2026-09-28T15:09:16,Force Core Set (High) X 1,172997,16607712,96,,178900
4441,2026-09-28T15:21:53,2026-09-28T15:09:16,Force Core Set (High) X 9,172997,1556973,9,,178900
4442,2026-09-28T15:21:57,2026-09-28T15:09:16,Force Core Set (High) X 10,172997,17299700,100,,178900
4443,2026-09-28T15:22:25,2026-09-28T15:09:16,Force Core Set (High) X 193,172997,33388421,193,,178897
4444,2026-09-28T15:22:30,2026-09-28T15:09:16,Force Core Set (High) X 10,172998,1729980,10,,178897
4445,2026-09-28T15:24:25,2026-09-28T15:09:16,Chaos Core,755753,755753,1,,
4446,2026-09-28T15:27:20,2026-09-28T15:09:16,Force Core Set (Ultimate) X 18,350000,6300000,18,,380000
4447,2026-09-28T15:27:23,2026-09-28T15:09:16,Force Core Set (Ultimate) X 29,350000,10150000,29,,380000
4448,2026-09-28T15:27:25,2026-09-28T15:09:16,Force Core Set (Ultimate) X 85,350000,29750000,85,,380000
4449,2026-09-28T15:27:28,2026-09-28T15:09:16,Force Core Set (Ultimate) X 100,350000,35000000,100,,380000
4450,2026-09-28T15:27:58,2026-09-28T15:09:16,Force Core Set (Ultimate) X 10,350597,7011940,20,,380000
4451,2026-09-28T15:28:01,2026-09-28T15:09:16,Force Core Set (Ultimate) X 17,350597,5960149,17,,380000
4452,2026-09-28T15:28:03,2026-09-28T15:09:16,Force Core Set (Ultimate) X 60,350597,21035820,60,,380000
4453,2026-09-28T15:28:06,2026-09-28T15:09:16,Force Core Set (Ultimate) X 202,350597,70820594,202,,380000
4454,2026-09-28T17:00:05,2026-09-28T16:37:29,Force Core Set (Ultimate) X 15,354838,5322570,15,,379957
4455,2026-09-28T17:00:07,2026-09-28T16:37:29,Force Core Set (Ultimate) X 1,355544,355544,1,,379957
4456,2026-09-28T17:00:10,2026-09-28T16:37:29,Force Core Set (Ultimate) X 43,355544,15288392,43,,379957
4457,2026-09-28T17:00:12,2026-09-28T16:37:29,Force Core Set (Ultimate) X 46,355544,16355024,46,,379957
4458,2026-09-28T17:00:15,2026-09-28T16:37:29,Force Core Set (Ultimate) X 47,355544,16710568,47,,379957
4459,2026-09-28T18:16:27,2026-09-28T18:12:38,Chaos Core,749363,32222609,43,,760715
4460,2026-09-28T18:16:35,2026-09-28T18:12:38,Chaos Core,749999,52499930,70,,760715
4461,2026-09-28T18:16:44,2026-09-28T18:12:38,Chaos Core,750000,156000000,208,,760715
4462,2026-09-28T18:17:53,2026-09-28T18:12:38,Chaos Core,750000,25500000,34,,760709
4463,2026-09-28T18:18:03,2026-09-28T18:12:38,Chaos Core,750000,123000000,164,,760709
4464,2026-09-28T18:18:58,2026-09-28T18:12:38,Chaos Core,750000,20250000,27,,760708
4465,2026-09-28T18:19:08,2026-09-28T18:12:38,Chaos Core,750000,85500000,114,,760708
4466,2026-09-28T18:20:53,2026-09-28T18:12:38,Chaos Core,747573,28407774,38,,760707
4467,2026-09-28T18:20:58,2026-09-28T18:12:38,Chaos Core,746465,185869785,249,,760707
4468,2026-09-28T18:21:00,2026-09-28T18:12:38,Chaos Core,746465,746465,1,,760707
4469,2026-09-28T18:22:48,2026-09-28T18:12:38,Chaos Core,746000,112646000,151,,760706
4470,2026-09-28T18:22:54,2026-09-28T18:12:38,Chaos Core,746465,1492930,2,,760706
4471,2026-09-28T18:23:46,2026-09-28T18:12:38,Chaos Core,746000,176802000,237,,760702
4472,2026-09-28T18:51:10,2026-09-28T18:12:38,Chaos Core,733863,79991067,109,,760639
4473,2026-09-28T18:51:16,2026-09-28T18:12:38,Chaos Core,733863,6604767,9,,760639
4474,2026-09-28T18:51:25,2026-09-28T18:12:38,Chaos Core,734967,75701601,103,,760639
4475,2026-09-28T18:51:28,2026-09-28T18:12:38,Chaos Core,733222,733222,1,,760639
4476,2026-09-28T18:55:31,2026-09-28T18:12:38,Chaos Core,731435,48274710,66,,760633
4477,2026-09-28T18:55:37,2026-09-28T18:12:38,Chaos Core,731435,76800675,105,,760633
4478,2026-09-28T18:56:52,2026-09-28T18:12:38,Chaos Core,731435,83383590,114,,760630
4479,2026-09-28T18:56:56,2026-09-28T18:12:38,Chaos Core,730000,20440000,28,,760630
4480,2026-09-28T18:57:00,2026-09-28T18:12:38,Chaos Core,730000,17520000,24,,760630
4481,2026-09-28T18:57:06,2026-09-28T18:12:38,Chaos Core,730000,1460000,2,,760630
4482,2026-09-28T23:01:45,2026-09-28T22:59:03,Force Core Set (Highest) X 1,195000,195000,1,,207962
4483,2026-09-28T23:02:20,2026-09-28T22:59:03,Force Core Set (Ultimate) X 83,357806,29697898,83,,379854
4484,2026-09-28T23:09:51,2026-09-28T22:59:03,Upgrade Core Set (Ultimate) X 10,445060,4450600,10,,457644
4485,2026-09-28T23:16:55,2026-09-28T23:14:19,Upgrade Core Set (Ultimate) X 34,441176,15000000,34,,457632
4486,2026-09-28T23:24:05,2026-09-28T23:14:19,Force Core Set (Ultimate) X 73,355544,25954712,73,,379835
4487,2026-09-29T01:17:39,2026-09-29T00:37:32,Chaos Core,693675,79078950,114,,733681
4488,2026-09-29T01:17:43,2026-09-29T00:37:32,Chaos Core,693675,93646125,135,,733681
4489,2026-09-29T01:21:01,2026-09-29T00:37:32,Blessing Bead - Superior,163632222,163632222,1,,
4490,2026-09-29T01:43:34,2026-09-29T00:37:32,Upgrade Core Set (Ultimate) X 1,445066,445066,1,,457380
4491,2026-09-29T02:14:40,2026-09-29T00:37:32,Force Core Set (Highest) X 61,196925,12012425,61,,204922
4492,2026-09-29T03:00:26,2026-09-29T00:37:32,Force Core Set (Highest) X 23,196925,4529275,23,,204871
4493,2026-09-29T03:09:56,2026-09-29T00:37:32,Force Core Set (Highest) X 60,196925,11815500,60,,204856
4494,2026-09-29T03:09:58,2026-09-29T00:37:32,Force Core Set (Highest) X 88,196925,17329400,88,,204856
4495,2026-09-29T03:16:18,2026-09-29T00:37:32,Upgrade Core Set (Ultimate) X 45,445066,20027970,45,,456885
4496,2026-09-29T03:19:52,2026-09-29T00:37:32,Upgrade Core Set (Ultimate) X 74,445066,32934884,74,,456882
4497,2026-09-29T03:20:17,2026-09-29T00:37:32,Force Core Set (Ultimate) X 10,341250,3412500,10,,379547
4498,2026-09-29T03:55:57,2026-09-29T00:37:32,Force Core Set (Highest) X 10,196925,27569500,140,,204950
4499,2026-09-29T03:56:00,2026-09-29T00:37:32,Force Core Set (Highest) X 100,196925,19692500,100,,204950
4500,2026-09-29T04:13:33,2026-09-29T00:37:32,Force Core Set (Highest) X 75,196925,14769375,75,,204994
4501,2026-09-29T04:14:01,2026-09-29T00:37:32,Force Core Set (Highest) X 39,196925,7680075,39,,204994
4502,2026-09-29T04:14:29,2026-09-29T00:37:32,Force Core Set (Highest) X 24,196925,4726200,24,,204992
4503,2026-09-29T04:30:27,2026-09-29T00:37:32,Force Core Set (Highest) X 20,196925,23631000,120,,204964
4504,2026-09-29T04:40:32,2026-09-29T00:37:32,Upgrade Core Set (Ultimate) X 19,445066,8456254,19,,456726
4505,2026-09-29T04:47:04,2026-09-29T00:37:32,Upgrade Core Set (Ultimate) X 207,440440,91171080,207,,456714
4506,2026-09-29T04:50:39,2026-09-29T00:37:32,Upgrade Core Set (Ultimate) X 101,440440,44484440,101,,456711
4507,2026-09-29T05:04:48,2026-09-29T00:37:32,Force Core Set (High) X 38,167215,6354200,38,,179116
4508,2026-09-29T05:04:51,2026-09-29T00:37:32,Force Core Set (High) X 15,167217,2508255,15,,179116
4509,2026-09-29T05:04:53,2026-09-29T00:37:32,Force Core Set (High) X 39,167217,6521500,39,,179116
4510,2026-09-29T05:04:56,2026-09-29T00:37:32,Force Core Set (High) X 59,167217,9865803,59,,179116
4511,2026-09-29T05:04:58,2026-09-29T00:37:32,Force Core Set (High) X 134,167217,22407078,134,,179116
4512,2026-09-29T05:05:45,2026-09-29T00:37:32,Force Core Set (High) X 60,167217,10033020,60,,179117
4513,2026-09-29T05:05:48,2026-09-29T00:37:32,Force Core Set (High) X 202,167217,33777834,202,,179117
4514,2026-09-30T05:59:56,2026-09-30T05:57:21,Chaos Core,715072,22167232,31,,729916
4515,2026-09-30T06:00:07,2026-09-30T05:57:21,Chaos Core,719999,719999,1,,729916
4516,2026-09-30T06:00:18,2026-09-30T05:57:21,Chaos Core,719999,719999,1,,729916
4517,2026-09-30T06:00:27,2026-09-30T05:57:21,Chaos Core,719999,719999,1,,729916
4518,2026-09-30T06:00:38,2026-09-30T05:57:21,Chaos Core,721900,721900,1,,729916
4519,2026-09-30T06:00:50,2026-09-30T05:57:21,Chaos Core,722000,5054000,7,,729916
4520,2026-09-30T06:01:02,2026-09-30T05:57:21,Chaos Core,722101,1444202,2,,729916
4521,2026-09-30T06:01:14,2026-09-30T05:57:21,Chaos Core,722101,1444202,2,,729916
4522,2026-09-30T06:01:25,2026-09-30T05:57:21,Chaos Core,722101,722101,1,,729916
4523,2026-09-30T06:01:35,2026-09-30T05:57:21,Chaos Core,722101,722101,1,,729916
4524,2026-09-30T06:02:36,2026-09-30T05:57:21,Chaos Core,722101,722101,1,,729916
4525,2026-09-30T06:02:48,2026-09-30T05:57:21,Chaos Core,722101,25273535,35,,729916
4526,2026-09-30T06:02:57,2026-09-30T05:57:21,Chaos Core,722101,21663030,30,,729916
4527,2026-09-30T06:03:16,2026-09-30T05:57:21,Chaos Core,722999,19520973,27,,729916
4528,2026-09-30T06:04:12,2026-09-30T05:57:21,Chaos Core,722101,141531796,196,,729905
4529,2026-09-30T06:04:20,2026-09-30T05:57:21,Chaos Core,722101,1444202,2,,729905
4530,2026-09-30T06:05:12,2026-09-30T05:57:21,Chaos Core,722101,26717737,37,,729901
4531,2026-09-30T06:05:18,2026-09-30T05:57:21,Chaos Core,722101,7943111,11,,729901
4532,2026-09-30T06:05:26,2026-09-30T05:57:21,Chaos Core,723999,58643919,81,,729901
4533,2026-09-30T06:05:34,2026-09-30T05:57:21,Chaos Core,723999,180275751,249,,729901
4534,2026-09-30T06:06:43,2026-09-30T05:57:21,Upgrade Core Set (Ultimate) X 91,415583,37818053,91,,455987
4535,2026-09-30T06:06:45,2026-09-30T05:57:21,Upgrade Core Set (Ultimate) X 164,415583,68155612,164,,455987
4536,2026-09-30T06:08:34,2026-09-30T05:57:21,Blessing Bead - Superior,163632220,163632220,1,,
4537,2026-09-30T06:12:55,2026-09-30T06:10:24,Upgrade Core Set (Ultimate) X 310,415583,128830730,310,,455978
4538,2026-09-30T06:46:37,2026-09-30T06:44:23,Chaos Core,713845,86375245,121,,729817
4539,2026-09-30T06:46:47,2026-09-30T06:44:23,Chaos Core,721724,2165172,3,,729817
4540,2026-09-30T06:46:58,2026-09-30T06:44:23,Chaos Core,722101,61378585,85,,729817
4541,2026-09-30T06:47:08,2026-09-30T06:44:23,Chaos Core,722101,722101,1,,729817
4542,2026-09-30T06:56:36,2026-09-30T06:44:23,Chaos Core,711500,57631500,81,,729785
4543,2026-09-30T06:56:46,2026-09-30T06:44:23,Chaos Core,711500,123801000,174,,729785
4544,2026-09-30T06:58:28,2026-09-30T06:44:23,Chaos Core,711500,21345000,30,,729778
4545,2026-09-30T06:59:30,2026-09-30T06:44:23,Chaos Core,717726,179431500,250,,729778
4546,2026-09-30T06:59:41,2026-09-30T06:44:23,Chaos Core,717726,717726,1,,729778
4547,2026-09-30T06:59:51,2026-09-30T06:44:23,Chaos Core,721724,721724,1,,729778
4548,2026-09-30T08:02:39,2026-09-30T07:39:36,Force Core Set (Ultimate) X 10,333332,66666400,200,,355244
4549,2026-09-30T08:19:32,2026-09-30T07:39:36,Force Core Set (Ultimate) X 10,333332,66666400,200,,355227
4550,2026-09-30T08:22:52,2026-09-30T07:39:36,Chaos Core,709810,18455060,26,,729509
4551,2026-09-30T08:23:04,2026-09-30T07:39:36,Chaos Core,709810,709810,1,,729509
4552,2026-09-30T08:24:54,2026-09-30T07:39:36,Chaos Core,709810,17035440,24,,729506
4553,2026-09-30T08:25:00,2026-09-30T07:39:36,Chaos Core,709810,60333850,85,,729506
4554,2026-09-30T08:25:11,2026-09-30T07:39:36,Chaos Core,720343,720343,1,,729506
4555,2026-09-30T08:25:23,2026-09-30T07:39:36,Chaos Core,709810,709810,1,,729506
4556,2026-09-30T08:26:06,2026-09-30T07:39:36,Force Core Set (Ultimate) X 9,333332,2999988,9,,355224
4557,2026-09-30T08:26:10,2026-09-30T07:39:36,Force Core Set (Ultimate) X 10,333332,66666400,200,,355224
4558,2026-09-30T08:38:02,2026-09-30T07:39:36,Chaos Core,718905,29475105,41,,729483
4559,2026-09-30T08:38:09,2026-09-30T07:39:36,Chaos Core,718905,179007345,249,,729483
4560,2026-09-30T08:38:19,2026-09-30T07:39:36,Chaos Core,734500,734500,1,,729483
4561,2026-09-30T08:42:42,2026-09-30T07:39:36,Chaos Core,718905,132278520,184,,729473
4562,2026-09-30T08:42:54,2026-09-30T07:39:36,Chaos Core,730000,1460000,2,,729473
4563,2026-09-30T08:46:12,2026-09-30T07:39:36,Chaos Core,718905,6470145,9,,729466
4564,2026-09-30T08:46:24,2026-09-30T07:39:36,Chaos Core,722101,91706827,127,,729466
4565,2026-09-30T08:46:37,2026-09-30T07:39:36,Chaos Core,715270,1430540,2,,729466
4566,2026-09-30T08:51:44,2026-09-30T07:39:36,Chaos Core,715274,135902060,190,,729459
4567,2026-09-30T08:51:54,2026-09-30T07:39:36,Chaos Core,730000,1460000,2,,729459
4568,2026-09-30T09:24:29,2026-09-30T07:39:36,Force Core Set (High) X 1,154285,308570,2,,178140
4569,2026-09-30T09:24:31,2026-09-30T07:39:36,Force Core Set (High) X 107,154285,16508495,107,,178140
4570,2026-09-30T09:24:34,2026-09-30T07:39:36,Force Core Set (High) X 372,154285,57394020,372,,178140
4571,2026-09-30T09:32:11,2026-09-30T07:39:36,Chaos Core,723380,42679420,59,,729407
4572,2026-09-30T09:33:03,2026-09-30T07:39:36,Chaos Core,723000,23859000,33,,729407
4573,2026-09-30T09:34:06,2026-09-30T07:39:36,Chaos Core,724707,724707,1,,729407
4574,2026-09-30T09:50:34,2026-09-30T07:39:36,Chaos Core,719037,73341774,102,,729391
4575,2026-09-30T09:50:40,2026-09-30T07:39:36,Chaos Core,719037,81970218,114,,729391
4576,2026-09-30T09:51:42,2026-09-30T07:39:36,Chaos Core,723380,723380,1,,729390
4577,2026-09-30T09:52:44,2026-09-30T07:39:36,Chaos Core,719037,1438074,2,,729390
4578,2026-09-30T09:52:55,2026-09-30T07:39:36,Chaos Core,724707,10870605,15,,729390
4579,2026-09-30T10:04:19,2026-09-30T07:39:36,Chaos Core,710000,75260000,106,,729376
4580,2026-09-30T10:04:24,2026-09-30T07:39:36,Chaos Core,710000,176790000,249,,729376
4581,2026-09-30T10:04:28,2026-09-30T07:39:36,Chaos Core,710000,1420000,2,,729376
4582,2026-09-30T10:05:40,2026-09-30T07:39:36,Chaos Core,710000,176790000,249,,729376
4583,2026-09-30T10:06:36,2026-09-30T07:39:36,Chaos Core,710000,21300000,30,,729375
4584,2026-09-30T10:06:43,2026-09-30T07:39:36,Chaos Core,710000,25560000,36,,729375
4585,2026-09-30T10:06:51,2026-09-30T07:39:36,Chaos Core,716640,1433280,2,,729375
4586,2026-09-30T10:06:59,2026-09-30T07:39:36,Chaos Core,716640,2149920,3,,729375
4587,2026-09-30T10:07:10,2026-09-30T07:39:36,Chaos Core,719037,719037,1,,729375
4588,2026-09-30T10:07:21,2026-09-30T07:39:36,Chaos Core,723000,723000,1,,729375
4589,2026-09-30T10:07:31,2026-09-30T07:39:36,Chaos Core,723000,723000,1,,729375
4590,2026-09-30T10:07:42,2026-09-30T07:39:36,Chaos Core,723380,723380,1,,729375
4591,2026-09-30T10:08:33,2026-09-30T07:39:36,Chaos Core,710000,98690000,139,,729372
4592,2026-09-30T10:08:49,2026-09-30T07:39:36,Chaos Core,730000,1460000,2,,729372
4593,2026-09-30T10:10:51,2026-09-30T07:39:36,Chaos Core,722101,21663030,30,,729373
4594,2026-09-30T10:19:40,2026-09-30T07:39:36,Chaos Core,708131,111176567,157,,729361
4595,2026-09-30T10:19:51,2026-09-30T07:39:36,Chaos Core,730000,1460000,2,,729361
4596,2026-09-30T10:22:27,2026-09-30T07:39:36,Chaos Core,722109,100373151,139,,729360
4597,2026-09-30T10:22:37,2026-09-30T07:39:36,Chaos Core,722109,163918743,227,,729360
4598,2026-09-30T10:23:50,2026-09-30T07:39:36,Chaos Core,722109,1444218,2,,729360
4599,2026-09-30T10:24:02,2026-09-30T07:39:36,Chaos Core,730000,5110000,7,,729360
4600,2026-09-30T10:24:11,2026-09-30T07:39:36,Chaos Core,739000,4434000,6,,729360
4601,2026-09-30T10:24:20,2026-09-30T07:39:36,Chaos Core,739000,2217000,3,,729360
4602,2026-09-30T10:27:26,2026-09-30T07:39:36,Chaos Core,720861,51901992,72,,729361
4603,2026-09-30T10:36:11,2026-09-30T07:39:36,Chaos Core,722101,8665212,12,,729350
4604,2026-09-30T10:36:20,2026-09-30T07:39:36,Chaos Core,737713,4426278,6,,729350
4605,2026-09-30T10:37:34,2026-09-30T07:39:36,Chaos Core,722101,88096322,122,,729346
4606,2026-09-30T10:37:44,2026-09-30T07:39:36,Chaos Core,737713,737713,1,,729346
4607,2026-09-30T10:42:32,2026-09-30T07:39:36,Chaos Core,719700,5037900,7,,729337
4608,2026-09-30T10:44:29,2026-09-30T07:39:36,Chaos Core,737713,2950852,4,,729337
4609,2026-09-30T10:44:41,2026-09-30T07:39:36,Chaos Core,738282,5167974,7,,729337
4610,2026-09-30T10:55:27,2026-09-30T07:39:36,Chaos Core,718000,178782000,249,,729321
4611,2026-09-30T10:57:25,2026-09-30T07:39:36,Chaos Core,718000,33028000,46,,729318
4612,2026-09-30T10:57:38,2026-09-30T07:39:36,Chaos Core,718000,1436000,2,,729318
4613,2026-09-30T11:00:18,2026-09-30T07:39:36,Chaos Core,718000,145036000,202,,729315
4614,2026-09-30T11:00:27,2026-09-30T07:39:36,Chaos Core,737764,1475528,2,,729315
4615,2026-09-30T12:04:35,2026-09-30T07:39:36,Force Core Set (Highest) X 100,192000,38400000,200,,197602
4616,2026-09-30T12:05:04,2026-09-30T07:39:36,Force Core Set (Highest) X 100,192000,19200000,100,,197601
4617,2026-09-30T12:05:06,2026-09-30T07:39:36,Force Core Set (Highest) X 134,192000,25728000,134,,197601
4618,2026-09-30T12:05:35,2026-09-30T07:39:36,Force Core Set (Highest) X 164,192000,31488000,164,,197601
4619,2026-09-30T12:05:37,2026-09-30T07:39:36,Force Core Set (Highest) X 250,192000,48000000,250,,197601
4620,2026-09-30T12:22:17,2026-09-30T07:39:36,Chaos Core,715360,48644480,68,,729145
4621,2026-09-30T12:22:21,2026-09-30T07:39:36,Chaos Core,713090,1426180,2,,729145
4622,2026-09-30T12:22:31,2026-09-30T07:39:36,Chaos Core,715360,715360,1,,729145
4623,2026-09-30T12:22:42,2026-09-30T07:39:36,Chaos Core,717794,717794,1,,729145
4624,2026-09-30T12:22:53,2026-09-30T07:39:36,Chaos Core,718888,718888,1,,729145
4625,2026-09-30T12:23:12,2026-09-30T07:39:36,Chaos Core,720421,33139366,46,,729145
4626,2026-09-30T12:23:51,2026-09-30T07:39:36,Chaos Core,720421,720421,1,,729145
4627,2026-09-30T12:24:59,2026-09-30T07:39:36,Chaos Core,720421,2161263,3,,729144
4628,2026-09-30T12:25:10,2026-09-30T07:39:36,Chaos Core,722101,101094140,140,,729144
4629,2026-09-30T12:25:14,2026-09-30T07:39:36,Chaos Core,710701,71780801,101,,729144
4630,2026-09-30T12:25:25,2026-09-30T07:39:36,Chaos Core,715360,715360,1,,729144
4631,2026-09-30T12:25:35,2026-09-30T07:39:36,Chaos Core,722101,722101,1,,729144
4632,2026-09-30T12:27:03,2026-09-30T07:39:36,Chaos Core,710700,19188900,27,,729145
4633,2026-09-30T12:27:14,2026-09-30T07:39:36,Chaos Core,722101,722101,1,,729145
4634,2026-09-30T12:27:27,2026-09-30T07:39:36,Chaos Core,710700,1421400,2,,729145
4635,2026-09-30T12:28:03,2026-09-30T07:39:36,Chaos Core,710700,2842800,4,,729141
4636,2026-09-30T12:28:14,2026-09-30T07:39:36,Chaos Core,715360,715360,1,,729141
4637,2026-09-30T12:28:18,2026-09-30T07:39:36,Chaos Core,710700,12081900,17,,729141
4638,2026-09-30T12:29:18,2026-09-30T07:39:36,Chaos Core,715360,715360,1,,729141
4639,2026-09-30T12:31:00,2026-09-30T07:39:36,Chaos Core,730000,730000,1,,729141
4640,2026-09-30T12:32:57,2026-09-30T07:39:36,Blessing Bead - Superior,163438000,163438000,1,,
4641,2026-09-30T12:47:49,2026-09-30T07:39:36,Chaos Core,723829,151280261,209,,729112
4642,2026-09-30T12:47:58,2026-09-30T07:39:36,Chaos Core,730691,730691,1,,729112
4643,2026-09-30T12:54:14,2026-09-30T07:39:36,Chaos Core,722594,55639738,77,,729106
4644,2026-09-30T12:54:21,2026-09-30T07:39:36,Chaos Core,722594,82375716,114,,729106
4645,2026-09-30T12:54:31,2026-09-30T07:39:36,Chaos Core,730000,730000,1,,729106
4646,2026-09-30T13:04:55,2026-09-30T07:39:36,Chaos Core,722101,59934383,83,,729099
4647,2026-09-30T13:05:02,2026-09-30T07:39:36,Chaos Core,730000,730000,1,,729099
4648,2026-09-30T13:05:43,2026-09-30T07:39:36,Chaos Core,722101,31772444,44,,729095
4649,2026-09-30T13:05:49,2026-09-30T07:39:36,Chaos Core,730000,730000,1,,729095
4650,2026-09-30T13:14:52,2026-09-30T07:39:36,Chaos Core,722101,35382949,49,,729087
4651,2026-09-30T13:16:41,2026-09-30T07:39:36,Chaos Core,730000,1460000,2,,729087
4652,2026-09-30T13:18:12,2026-09-30T07:39:36,Chaos Core,718503,103464432,144,,729082
4653,2026-09-30T13:19:00,2026-09-30T07:39:36,Chaos Core,722101,34660848,48,,729081
4654,2026-09-30T13:20:19,2026-09-30T07:39:36,Chaos Core,719000,81966000,114,,729076
4655,2026-09-30T13:30:49,2026-09-30T07:39:36,Chaos Core,721540,28861600,40,,729052
4656,2026-09-30T13:30:55,2026-09-30T07:39:36,Chaos Core,722101,71487999,99,,729052
4657,2026-09-30T13:31:02,2026-09-30T07:39:36,Chaos Core,722101,35382949,49,,729052
4658,2026-09-30T13:31:51,2026-09-30T07:39:36,Chaos Core,721540,721540,1,,729052
4659,2026-09-30T13:32:43,2026-09-30T07:39:36,Chaos Core,721540,38241620,53,,729048
4660,2026-09-30T13:32:50,2026-09-30T07:39:36,Chaos Core,721540,33912380,47,,729048
4661,2026-09-30T13:33:00,2026-09-30T07:39:36,Chaos Core,722101,7221010,10,,729048
4662,2026-09-30T13:33:18,2026-09-30T07:39:36,Chaos Core,737000,737000,1,,729048
4663,2026-09-30T13:37:49,2026-09-30T07:39:36,Chaos Core,722101,722101,1,,729036
4664,2026-09-30T13:38:07,2026-09-30T07:39:36,Chaos Core,722101,12275717,17,,729036
4665,2026-09-30T13:48:01,2026-09-30T07:39:36,Force Core Set (High) X 1,166101,166101,1,,174984
4666,2026-09-30T13:48:04,2026-09-30T07:39:36,Force Core Set (High) X 8,166101,1328808,8,,174984
4667,2026-09-30T13:48:06,2026-09-30T07:39:36,Force Core Set (High) X 20,166101,3322020,20,,174984
4668,2026-09-30T13:48:09,2026-09-30T07:39:36,Force Core Set (High) X 23,166101,3820323,23,,174984
4669,2026-09-30T13:48:11,2026-09-30T07:39:36,Force Core Set (High) X 29,166101,4816929,29,,174984
4670,2026-09-30T13:48:40,2026-09-30T07:39:36,Force Core Set (High) X 44,166101,7308444,44,,174984
4671,2026-09-30T13:48:44,2026-09-30T07:39:36,Force Core Set (High) X 100,166101,33220200,200,,174984
4672,2026-09-30T13:53:25,2026-09-30T07:39:36,Chaos Core,722101,80875312,112,,729024
4673,2026-09-30T13:53:32,2026-09-30T07:39:36,Chaos Core,734637,1469274,2,,729024
4674,2026-10-01T02:43:49,2026-10-01T02:41:41,Force Core Set (Highest) X 1,190600,7052200,37,,198550
4675,2026-10-01T02:43:53,2026-10-01T02:41:41,Force Core Set (Highest) X 1,190600,4765000,25,,198550
4676,2026-10-01T02:43:55,2026-10-01T02:41:41,Force Core Set (Highest) X 35,190600,6671000,35,,198550
4677,2026-10-01T02:43:58,2026-10-01T02:41:41,Force Core Set (Highest) X 43,190600,8195800,43,,198550
4678,2026-10-01T02:44:01,2026-10-01T02:41:41,Force Core Set (Highest) X 71,190600,13532600,71,,198550
4679,2026-10-01T02:44:29,2026-10-01T02:41:41,Force Core Set (Highest) X 81,190600,15438600,81,,198550
4680,2026-10-01T02:44:32,2026-10-01T02:41:41,Force Core Set (Highest) X 139,190600,26493400,139,,198550
4681,2026-10-01T02:45:01,2026-10-01T02:41:41,Force Core Set (Highest) X 235,190600,44791000,235,,198550
4682,2026-10-01T02:46:20,2026-10-01T02:41:41,Blessing Bead - Superior,167031110,167031110,1,,
4683,2026-10-01T02:49:41,2026-10-01T02:41:41,Chaos Core,722942,49882998,69,,759897
4684,2026-10-01T02:50:36,2026-10-01T02:41:41,Chaos Core,722942,76631852,106,,759896
4685,2026-10-01T02:50:51,2026-10-01T02:41:41,Chaos Core,746375,1492750,2,,759896
4686,2026-10-01T02:54:23,2026-10-01T02:41:41,Chaos Core,721109,51198739,71,,774859
4687,2026-10-01T02:54:36,2026-10-01T02:41:41,Chaos Core,746375,746375,1,,774859
4688,2026-10-01T03:29:31,2026-10-01T03:05:08,Chaos Core,744174,43906266,59,,774859
4689,2026-10-01T03:29:42,2026-10-01T03:05:08,Chaos Core,746426,746426,1,,774859
4690,2026-10-01T03:39:00,2026-10-01T03:05:08,Chaos Core,741894,2967576,4,,774852
4691,2026-10-01T03:39:15,2026-10-01T03:05:08,Chaos Core,747615,4485690,6,,774852
4692,2026-10-01T03:39:26,2026-10-01T03:05:08,Chaos Core,747615,5980920,8,,774852
4693,2026-10-01T03:48:16,2026-10-01T03:05:08,Force Core Set (High) X 19,164080,3117520,19,,169664
4694,2026-10-01T03:48:18,2026-10-01T03:05:08,Force Core Set (High) X 52,164080,8532160,52,,169664
4695,2026-10-01T03:48:21,2026-10-01T03:05:08,Force Core Set (High) X 56,164080,9188480,56,,169664
4696,2026-10-01T03:48:24,2026-10-01T03:05:08,Force Core Set (High) X 109,164080,17884720,109,,169664
4697,2026-10-01T04:00:29,2026-10-01T03:05:08,Chaos Core,740058,106568352,144,,774829
4698,2026-10-01T04:00:38,2026-10-01T03:05:08,Chaos Core,741133,107464285,145,,774829
4699,2026-10-01T04:00:48,2026-10-01T03:05:08,Chaos Core,746000,1492000,2,,774829
4700,2026-10-01T04:11:24,2026-10-01T03:05:08,Chaos Core,734407,734407,1,,774808
4701,2026-10-01T04:11:45,2026-10-01T03:05:08,Chaos Core,746000,9698000,13,,774808
4702,2026-10-01T04:11:58,2026-10-01T03:05:08,Chaos Core,747615,2990460,4,,774808
4703,2026-10-01T04:22:01,2026-10-01T03:05:08,Chaos Core,730278,181839222,249,,774781
4704,2026-10-01T04:23:41,2026-10-01T03:05:08,Chaos Core,729107,181547643,249,,774780
4705,2026-10-01T04:34:36,2026-10-01T03:05:08,Chaos Core,722942,62895954,87,,774751
4706,2026-10-01T04:34:46,2026-10-01T03:05:08,Chaos Core,722942,82415388,114,,774751
4707,2026-10-01T04:36:49,2026-10-01T03:05:08,Chaos Core,731557,731557,1,,774745
4708,2026-10-01T04:37:01,2026-10-01T03:05:08,Chaos Core,731557,18288925,25,,774745
4709,2026-10-01T04:37:14,2026-10-01T03:05:08,Chaos Core,731557,73887257,101,,774745
4710,2026-10-01T04:37:26,2026-10-01T03:05:08,Chaos Core,731557,62913902,86,,774745
4711,2026-10-01T04:45:23,2026-10-01T03:05:08,Chaos Core,731557,124364690,170,,774727
4712,2026-10-01T04:45:33,2026-10-01T03:05:08,Chaos Core,731557,731557,1,,774727
4713,2026-10-01T05:08:34,2026-10-01T03:05:08,Chaos Core,742330,30435530,41,,760000
4714,2026-10-01T05:08:44,2026-10-01T03:05:08,Chaos Core,742890,100290150,135,,760000
4715,2026-10-01T05:08:52,2026-10-01T03:05:08,Chaos Core,742890,742890,1,,760000
4716,2026-10-01T05:14:28,2026-10-01T03:05:08,Chaos Core,742000,140980000,190,,759999
4717,2026-10-01T05:16:08,2026-10-01T03:05:08,Chaos Core,742890,1485780,2,,759999
4718,2026-10-01T05:17:03,2026-10-01T03:05:08,Upgrade Core Set (Ultimate) X 240,445000,106800000,240,,456076
4719,2026-10-01T05:18:29,2026-10-01T03:05:08,Chaos Core,722942,82415388,114,,759992
4720,2026-10-01T05:18:37,2026-10-01T03:05:08,Chaos Core,742890,47544960,64,,759992
4721,2026-10-01T05:18:46,2026-10-01T03:05:08,Chaos Core,749998,1499996,2,,759992
4722,2026-10-01T05:22:47,2026-10-01T03:05:08,Chaos Core,722942,82415388,114,,759989
4723,2026-10-01T05:23:37,2026-10-01T03:05:08,Chaos Core,722942,722942,1,,759988
4724,2026-10-01T05:23:44,2026-10-01T03:05:08,Chaos Core,722942,81692446,113,,759988
4725,2026-10-01T05:30:49,2026-10-01T03:05:08,Chaos Core,720446,14408920,20,,759971
4726,2026-10-01T05:30:57,2026-10-01T03:05:08,Chaos Core,720446,24495164,34,,759971
4727,2026-10-01T05:31:06,2026-10-01T03:05:08,Chaos Core,721141,12259397,17,,759971
4728,2026-10-01T05:31:16,2026-10-01T03:05:08,Chaos Core,721783,71456517,99,,759971
4729,2026-10-01T05:31:26,2026-10-01T03:05:08,Chaos Core,722287,722287,1,,759971
4730,2026-10-01T05:35:43,2026-10-01T03:05:08,Chaos Core,719402,69062592,96,,759971
4731,2026-10-01T05:35:55,2026-10-01T03:05:08,Chaos Core,722287,722287,1,,759971
4732,2026-10-01T05:36:07,2026-10-01T03:05:08,Chaos Core,722942,9398246,13,,759971
4733,2026-10-01T05:36:20,2026-10-01T03:05:08,Chaos Core,722942,82415388,114,,759971
4734,2026-10-01T05:36:31,2026-10-01T03:05:08,Chaos Core,722942,722942,1,,759971
4735,2026-10-01T05:41:22,2026-10-01T03:05:08,Upgrade Core Set (Ultimate) X 41,445000,18245000,41,,456076
4736,2026-10-01T05:50:06,2026-10-01T03:05:08,Chaos Core,719127,145982781,203,,749968
4737,2026-10-01T05:50:17,2026-10-01T03:05:08,Chaos Core,749998,749998,1,,749968
4738,2026-10-01T07:25:47,2026-10-01T07:07:47,Force Core Set (Highest) X 1,190658,7626320,40,,198149
4739,2026-10-01T07:25:51,2026-10-01T07:07:47,Force Core Set (Highest) X 1,190666,1906660,10,,198149
4740,2026-10-01T07:25:54,2026-10-01T07:07:47,Force Core Set (Highest) X 43,190666,8198638,43,,198149
4741,2026-10-01T07:25:57,2026-10-01T07:07:47,Force Core Set (Highest) X 56,190666,10677296,56,,198149
4742,2026-10-01T07:25:59,2026-10-01T07:07:47,Force Core Set (Highest) X 137,190666,26121242,137,,198149
4743,2026-10-01T07:46:09,2026-10-01T07:39:53,Upgrade Core Set (Ultimate) X 32,445000,14240000,32,,456076
4744,2026-10-01T07:46:11,2026-10-01T07:39:53,Upgrade Core Set (Ultimate) X 240,445000,106800000,240,,456076
4745,2026-10-01T07:53:56,2026-10-01T07:39:53,Upgrade Core Set (Ultimate) X 145,444827,64500000,145,,456073
4746,2026-10-01T07:53:59,2026-10-01T07:39:53,Upgrade Core Set (Ultimate) X 221,444827,98306767,221,,456073
4747,2026-10-01T08:06:55,2026-10-01T07:39:53,Upgrade Core Set (Ultimate) X 6,445000,2670000,6,,456066
4748,2026-10-01T08:27:30,2026-10-01T08:18:46,Upgrade Core Set (Ultimate) X 54,445000,24030000,54,,456049
4749,2026-10-01T08:41:30,2026-10-01T08:18:46,Upgrade Core Set (Ultimate) X 37,445000,16465000,37,,456039
4750,2026-10-01T08:52:10,2026-10-01T08:18:46,Chaos Core,725466,130583880,180,,736347
4751,2026-10-01T09:03:33,2026-10-01T08:18:46,Upgrade Core Set (Ultimate) X 30,445000,13350000,30,,456031
4752,2026-10-01T09:07:12,2026-10-01T08:18:46,Force Core Set (High) X 20,150000,30000000,200,,163000
4753,2026-10-01T09:19:59,2026-10-01T08:18:46,Upgrade Core Set (Ultimate) X 26,445000,11570000,26,,456011
4754,2026-10-01T09:32:59,2026-10-01T08:18:46,Chaos Core,722942,122177198,169,,736318
4755,2026-10-01T09:33:04,2026-10-01T08:18:46,Chaos Core,731999,1463998,2,,736318
4756,2026-10-01T09:38:22,2026-10-01T08:18:46,Chaos Core,722942,95428344,132,,736314
4757,2026-10-01T09:43:56,2026-10-01T08:18:46,Chaos Core,722942,49160056,68,,736310
4758,2026-10-01T09:44:01,2026-10-01T08:18:46,Chaos Core,722942,129406618,179,,736310
4759,2026-10-01T09:44:50,2026-10-01T08:18:46,Chaos Core,731999,1463998,2,,736310
4760,2026-10-01T09:45:49,2026-10-01T08:18:46,Chaos Core,722942,33978274,47,,736308
4761,2026-10-01T09:45:56,2026-10-01T08:18:46,Chaos Core,731999,731999,1,,736308
4762,2026-10-01T09:46:33,2026-10-01T08:18:46,Chaos Core,722942,33255332,46,,736307
4763,2026-10-01T09:46:44,2026-10-01T08:18:46,Chaos Core,731999,1463998,2,,736307
4764,2026-10-01T09:47:21,2026-10-01T08:18:46,Chaos Core,722942,132298386,183,,736307
4765,2026-10-01T09:48:12,2026-10-01T08:18:46,Upgrade Core Set (Ultimate) X 50,445000,22250000,50,,455980
4766,2026-10-01T09:50:11,2026-10-01T08:18:46,Chaos Core,722942,133021328,184,,736306
4767,2026-10-01T09:50:17,2026-10-01T08:18:46,Chaos Core,722942,1445884,2,,736306
4768,2026-10-01T09:53:49,2026-10-01T08:18:46,Upgrade Core Set (Ultimate) X 20,445000,8900000,20,,455974
4769,2026-10-01T10:10:23,2026-10-01T08:18:46,Upgrade Core Set (Ultimate) X 100,445000,89000000,200,,455955
4770,2026-10-01T10:10:51,2026-10-01T08:18:46,Upgrade Core Set (Ultimate) X 33,445000,14685000,33,,455955
4771,2026-10-01T10:10:54,2026-10-01T08:18:46,Upgrade Core Set (Ultimate) X 100,445000,89000000,200,,455955
4772,2026-10-01T10:11:23,2026-10-01T08:18:46,Upgrade Core Set (Ultimate) X 100,445000,44500000,100,,455952
4773,2026-10-01T10:17:37,2026-10-01T08:18:46,Chaos Core,744094,23066914,31,,749958
4774,2026-10-01T10:17:49,2026-10-01T08:18:46,Chaos Core,745449,1490898,2,,749958
4775,2026-10-01T10:50:57,2026-10-01T08:18:46,Chaos Core,737779,5164453,7,,749944
4776,2026-10-01T10:51:06,2026-10-01T08:18:46,Chaos Core,745449,8199939,11,,749944
4777,2026-10-01T10:58:16,2026-10-01T08:18:46,Upgrade Core Set (Ultimate) X 315,445000,140175000,315,,456025
4778,2026-10-01T11:03:43,2026-10-01T08:18:46,Chaos Core,722942,37592984,52,,749358
4779,2026-10-01T11:03:50,2026-10-01T08:18:46,Chaos Core,730000,75920000,104,,749358
4780,2026-10-01T11:05:53,2026-10-01T08:18:46,Upgrade Core Set (Ultimate) X 19,444947,8454000,19,,456021
4781,2026-10-01T11:05:55,2026-10-01T08:18:46,Upgrade Core Set (Ultimate) X 33,445000,14685000,33,,456021
4782,2026-10-01T11:10:01,2026-10-01T08:18:46,Chaos Core,721639,721639,1,,749350
4783,2026-10-01T11:10:18,2026-10-01T08:18:46,Chaos Core,749403,2248209,3,,749350
4784,2026-10-01T11:10:31,2026-10-01T08:18:46,Chaos Core,750000,10500000,14,,749350
4785,2026-10-01T11:35:23,2026-10-01T08:18:46,Blessing Bead - Superior,161690000,161690000,1,,
4786,2026-10-01T11:39:15,2026-10-01T08:18:46,Chaos Core,738734,36197966,49,,749319
4787,2026-10-01T11:39:23,2026-10-01T08:18:46,Chaos Core,747484,1494968,2,,749319
4788,2026-10-01T11:55:46,2026-10-01T08:18:46,Chaos Core,739760,80633840,109,,749302
4789,2026-10-01T11:57:40,2026-10-01T08:18:46,Chaos Core,746944,1493888,2,,749302
4790,2026-10-01T11:58:33,2026-10-01T08:18:46,Upgrade Core Set (Ultimate) X 22,445000,9790000,22,,456020
4791,2026-10-01T11:58:35,2026-10-01T08:18:46,Upgrade Core Set (Ultimate) X 28,445000,12460000,28,,456020
4792,2026-10-01T12:02:15,2026-10-01T08:18:46,Chaos Core,737820,39104460,53,,749296
4793,2026-10-01T12:02:34,2026-10-01T08:18:46,Chaos Core,745189,745189,1,,749296
4794,2026-10-01T12:05:24,2026-10-01T08:18:46,Chaos Core,739176,739176,1,,749293
4795,2026-10-01T12:05:29,2026-10-01T08:18:46,Chaos Core,720000,70560000,98,,749293
4796,2026-10-01T12:05:39,2026-10-01T08:18:46,Chaos Core,738508,738508,1,,749293
4797,2026-10-01T12:05:43,2026-10-01T08:18:46,Chaos Core,720000,70560000,98,,749293
4798,2026-10-01T12:07:44,2026-10-01T08:18:46,Upgrade Core Set (Ultimate) X 15,445000,6675000,15,,456025
4799,2026-10-01T12:08:14,2026-10-01T08:18:46,Upgrade Core Set (Ultimate) X 19,445000,8455000,19,,456024
4800,2026-10-01T12:14:16,2026-10-01T08:18:46,Upgrade Core Set (Ultimate) X 42,445000,18690000,42,,456025
4801,2026-10-01T12:14:18,2026-10-01T08:18:46,Upgrade Core Set (Ultimate) X 425,445000,189125000,425,,456025
4802,2026-10-01T12:21:45,2026-10-01T08:18:46,Upgrade Core Set (Ultimate) X 10,445000,4450000,10,,456016
4803,2026-10-01T12:34:39,2026-10-01T08:18:46,Chaos Core,730000,98550000,135,,749258
4804,2026-10-01T12:36:20,2026-10-01T08:18:46,Chaos Core,720000,720000,1,,749257
4805,2026-10-01T12:36:27,2026-10-01T08:18:46,Chaos Core,730000,10950000,15,,749257
4806,2026-10-01T12:36:36,2026-10-01T08:18:46,Chaos Core,730000,181770000,249,,749257
4807,2026-10-01T12:36:47,2026-10-01T08:18:46,Chaos Core,745491,1490982,2,,749257
4808,2026-10-01T12:38:30,2026-10-01T08:18:46,Chaos Core,720000,179280000,249,,749253
4809,2026-10-01T12:39:27,2026-10-01T08:18:46,Chaos Core,720000,29520000,41,,749252
4810,2026-10-01T12:40:35,2026-10-01T08:18:46,Chaos Core,744953,744953,1,,749252
4811,2026-10-01T12:44:11,2026-10-01T08:18:46,Chaos Core,720000,53280000,74,,749249
4812,2026-10-01T12:44:17,2026-10-01T08:18:46,Chaos Core,720000,33120000,46,,749249
4813,2026-10-01T12:45:13,2026-10-01T08:18:46,Chaos Core,720000,33840000,47,,749247
4814,2026-10-01T12:45:32,2026-10-01T08:18:46,Chaos Core,745491,745491,1,,749247
4815,2026-10-01T12:46:09,2026-10-01T08:18:46,Chaos Core,718000,98366000,137,,749246
4816,2026-10-01T12:46:12,2026-10-01T08:18:46,Chaos Core,700000,2800000,4,,749246
4817,2026-10-01T12:47:00,2026-10-01T08:18:46,Chaos Core,700000,44100000,63,,749245
4818,2026-10-01T12:47:07,2026-10-01T08:18:46,Chaos Core,700000,90300000,129,,749245
4819,2026-10-01T12:51:21,2026-10-01T08:18:46,Force Core Set (Highest) X 200,182777,36555555,200,,191982
4820,2026-10-01T12:51:48,2026-10-01T08:18:46,Force Core Set (Ultimate) X 46,314009,14444444,46,,329915
4821,2026-10-01T12:58:18,2026-10-01T08:18:46,Force Core Set (Ultimate) X 24,291666,7000000,24,,329914
4822,2026-10-01T20:05:42,2026-10-01T20:02:53,Force Core Set (High) X 44,159520,7018880,44,,165000
4823,2026-10-01T20:05:45,2026-10-01T20:02:53,Force Core Set (High) X 339,159520,54077280,339,,165000
4824,2026-10-01T20:06:30,2026-10-01T20:02:53,Upgrade Core Set (Ultimate) X 23,431817,9931791,23,,455598
4825,2026-10-01T20:06:32,2026-10-01T20:02:53,Upgrade Core Set (Ultimate) X 24,431817,10363608,24,,455598
4826,2026-10-01T20:13:18,2026-10-01T20:02:53,Upgrade Core Set (Ultimate) X 20,431817,17272680,40,,455593
4827,2026-10-01T20:13:20,2026-10-01T20:02:53,Upgrade Core Set (Ultimate) X 57,431817,24613600,57,,455593
4828,2026-10-01T20:16:51,2026-10-01T20:02:53,Upgrade Core Set (Ultimate) X 353,431818,152431754,353,,455589
4829,2026-10-01T22:04:18,2026-10-01T22:00:53,Force Gem Package,187500000,187500000,1,,
4830,2026-10-01T22:30:16,2026-10-01T22:00:53,Chaos Core,730000,125560000,172,,776795
4831,2026-10-01T22:30:22,2026-10-01T22:00:53,Chaos Core,734713,1469426,2,,776795
4832,2026-10-01T22:51:58,2026-10-01T22:00:53,Chaos Core,720868,4325208,6,,776710
4833,2026-10-01T22:52:07,2026-10-01T22:00:53,Chaos Core,722672,6504048,9,,776710
4834,2026-10-01T22:52:17,2026-10-01T22:00:53,Chaos Core,726252,9441276,13,,776710
4835,2026-10-01T22:52:36,2026-10-01T22:00:53,Chaos Core,740171,21464959,29,,776710
4836,2026-10-01T22:52:47,2026-10-01T22:00:53,Chaos Core,740171,3700855,5,,776710
4837,2026-10-01T22:53:07,2026-10-01T22:00:53,Chaos Core,741471,84527694,114,,776710
4838,2026-10-01T22:53:17,2026-10-01T22:00:53,Chaos Core,741471,741471,1,,776710
4839,2026-10-01T22:54:52,2026-10-01T22:00:53,Chaos Core,741471,183884808,248,,776699
4840,2026-10-01T22:55:03,2026-10-01T22:00:53,Chaos Core,741471,741471,1,,776699
4841,2026-10-01T23:00:36,2026-10-01T22:00:53,Chaos Core,719544,23025408,32,,776675
4842,2026-10-01T23:00:47,2026-10-01T22:00:53,Chaos Core,724000,46336000,64,,776675
4843,2026-10-01T23:00:59,2026-10-01T22:00:53,Chaos Core,742880,1485760,2,,776675
4844,2026-10-01T23:01:18,2026-10-01T22:00:53,Chaos Core,750000,750000,1,,776675
4845,2026-10-01T23:42:34,2026-10-01T23:37:19,Chaos Core,740000,103600000,140,,776560
4846,2026-10-01T23:42:41,2026-10-01T23:37:19,Chaos Core,740000,184260000,249,,776560
4847,2026-10-01T23:42:47,2026-10-01T23:37:19,Chaos Core,740000,740000,1,,776560
4848,2026-10-01T23:56:20,2026-10-01T23:37:19,Force Gem Package,187500000,187500000,1,,
4849,2026-10-02T00:15:23,2026-10-01T23:37:19,Force Gem Package,187500000,187500000,1,,
4850,2026-10-02T01:49:12,2026-10-01T23:37:19,Force Core Set (High) X 10,159519,31903980,200,,165000
4851,2026-10-02T02:33:37,2026-10-01T23:37:19,Force Core Set (Highest) X 25,173333,4333333,25,,191967
4852,2026-10-02T02:37:18,2026-10-01T23:37:19,Upgrade Core Set (Ultimate) X 454,445484,202249736,454,,599998
4853,2026-10-02T02:40:41,2026-10-01T23:37:19,Force Core Set (High) X 10,159519,22332660,140,,165000
4854,2026-10-02T02:40:43,2026-10-01T23:37:19,Force Core Set (High) X 52,159519,8294988,52,,165000
4855,2026-10-02T02:40:46,2026-10-01T23:37:19,Force Core Set (High) X 104,159519,16589976,104,,165000
4856,2026-10-02T02:42:29,2026-10-01T23:37:19,Chaos Core,734981,12494677,17,,741439
4857,2026-10-02T02:42:38,2026-10-01T23:37:19,Chaos Core,735662,183179838,249,,741439
4858,2026-10-02T02:42:46,2026-10-01T23:37:19,Chaos Core,735662,735662,1,,741439
4859,2026-10-02T02:43:47,2026-10-01T23:37:19,Chaos Core,734310,124098390,169,,741438
4860,2026-10-02T02:43:53,2026-10-01T23:37:19,Chaos Core,734310,1468620,2,,741438
4861,2026-10-02T02:44:45,2026-10-01T23:37:19,Chaos Core,734310,54338940,74,,741438
4862,2026-10-02T02:45:08,2026-10-01T23:37:19,Chaos Core,737600,737600,1,,741438
4863,2026-10-02T02:51:21,2026-10-01T23:37:19,Chaos Core,733763,83648982,114,,769999
4864,2026-10-02T02:51:27,2026-10-01T23:37:19,Chaos Core,733763,83648982,114,,769999
4865,2026-10-02T02:53:11,2026-10-01T23:37:19,Chaos Core,733258,733258,1,,769998
4866,2026-10-02T02:53:22,2026-10-01T23:37:19,Chaos Core,733258,2933032,4,,769998
4867,2026-10-02T02:53:32,2026-10-01T23:37:19,Chaos Core,750000,9750000,13,,769998
4868,2026-10-02T03:00:32,2026-10-01T23:37:19,Chaos Core,733258,733258,1,,769993
4869,2026-10-02T03:00:48,2026-10-01T23:37:19,Chaos Core,734981,734981,1,,769993
4870,2026-10-02T03:02:48,2026-10-01T23:37:19,Chaos Core,750000,12000000,16,,769993
4871,2026-10-02T03:10:03,2026-10-01T23:37:19,Upgrade Core Set (Ultimate) X 19,445484,8464196,19,,599981
4872,2026-10-02T03:15:30,2026-10-01T23:37:19,Upgrade Core Set (Ultimate) X 315,445484,140327460,315,,599974
4873,2026-10-02T03:26:54,2026-10-01T23:37:19,Chaos Core,742293,72002421,97,,776587
4874,2026-10-02T03:27:02,2026-10-01T23:37:19,Chaos Core,743407,36426943,49,,776587
4875,2026-10-02T03:27:16,2026-10-01T23:37:19,Chaos Core,770000,770000,1,,776587
4876,2026-10-02T03:29:58,2026-10-01T23:37:19,Armor Account bind Unseal Stone,187500000,187500000,1,,
4877,2026-10-02T03:34:18,2026-10-01T23:37:19,Chaos Core,739999,30339959,41,,776582
4878,2026-10-02T03:35:07,2026-10-01T23:37:19,Chaos Core,735555,37513305,51,,776582
4879,2026-10-02T03:35:16,2026-10-01T23:37:19,Chaos Core,742293,109117071,147,,776582
4880,2026-10-02T03:35:23,2026-10-01T23:37:19,Chaos Core,770000,770000,1,,776582
4881,2026-10-02T03:36:25,2026-10-01T23:37:19,Chaos Core,726252,78435216,108,,749999
4882,2026-10-02T03:58:49,2026-10-01T23:37:19,Chaos Core,734266,113076964,154,,749975
4883,2026-10-02T03:59:00,2026-10-01T23:37:19,Chaos Core,739093,739093,1,,749975
4884,2026-10-02T03:59:19,2026-10-01T23:37:19,Chaos Core,760000,760000,1,,749975
4885,2026-10-02T04:01:03,2026-10-01T23:37:19,Chaos Core,734266,121888156,166,,749972
4886,2026-10-02T04:01:14,2026-10-01T23:37:19,Chaos Core,737302,737302,1,,749972
4887,2026-10-02T04:01:24,2026-10-01T23:37:19,Chaos Core,739093,739093,1,,749972
4888,2026-10-02T04:05:23,2026-10-01T23:37:19,Chaos Core,734266,14685320,20,,749965
4889,2026-10-02T04:05:41,2026-10-01T23:37:19,Chaos Core,760000,760000,1,,749965
4890,2026-10-02T04:11:23,2026-10-01T23:37:19,Force Core Set (High) X 1,159159,5570565,35,,165000
4891,2026-10-02T04:11:27,2026-10-01T23:37:19,Force Core Set (High) X 10,159159,27057030,170,,165000
4892,2026-10-02T04:17:41,2026-10-01T23:37:19,Upgrade Core Set (Ultimate) X 1,445484,15146456,34,,467126
4893,2026-10-02T04:23:55,2026-10-01T23:37:19,Force Core Set (Ultimate) X 1,328360,8537360,26,,348844
4894,2026-10-02T04:23:59,2026-10-01T23:37:19,Force Core Set (Ultimate) X 1,328360,8537360,26,,348844
4895,2026-10-02T04:24:01,2026-10-01T23:37:19,Force Core Set (Ultimate) X 5,328360,1641800,5,,348844
4896,2026-10-02T04:24:03,2026-10-01T23:37:19,Force Core Set (Ultimate) X 6,328360,1970160,6,,348844
4897,2026-10-02T04:24:06,2026-10-01T23:37:19,Force Core Set (Ultimate) X 6,328360,1970160,6,,348844
4898,2026-10-02T04:24:34,2026-10-01T23:37:19,Force Core Set (Ultimate) X 6,328360,1970160,6,,348843
4899,2026-10-02T04:24:38,2026-10-01T23:37:19,Force Core Set (Ultimate) X 10,328360,49254000,150,,348843
4900,2026-10-02T04:24:42,2026-10-01T23:37:19,Force Core Set (Ultimate) X 10,328360,16418000,50,,348843
4901,2026-10-02T04:25:12,2026-10-01T23:37:19,Force Core Set (Ultimate) X 10,328360,65672000,200,,348843
4902,2026-10-02T04:27:06,2026-10-01T23:37:19,Chaos Core,736831,3684155,5,,749923
4903,2026-10-02T04:27:12,2026-10-01T23:37:19,Chaos Core,736831,43473029,59,,749923
4904,2026-10-02T04:27:19,2026-10-01T23:37:19,Chaos Core,736831,108314157,147,,749923
4905,2026-10-02T04:27:26,2026-10-01T23:37:19,Chaos Core,736831,1473662,2,,749923
4906,2026-10-02T04:28:31,2026-10-01T23:37:19,Chaos Core,736831,103893171,141,,749921
4907,2026-10-02T04:28:38,2026-10-01T23:37:19,Chaos Core,738810,167709870,227,,749921
4908,2026-10-02T04:28:43,2026-10-01T23:37:19,Chaos Core,738810,738810,1,,749921
4909,2026-10-02T04:31:26,2026-10-01T23:37:19,Upgrade Core Set (Ultimate) X 35,445482,15591900,35,,559879
4910,2026-10-02T04:33:15,2026-10-01T23:37:19,Chaos Core,726252,22513812,31,,749918
4911,2026-10-02T04:33:22,2026-10-01T23:37:19,Chaos Core,750000,1500000,2,,749918
4912,2026-10-02T04:54:46,2026-10-01T23:37:19,Chaos Core,742785,3713925,5,,758786
4913,2026-10-02T04:54:57,2026-10-01T23:37:19,Chaos Core,743900,185231100,249,,758786
4914,2026-10-02T04:55:07,2026-10-01T23:37:19,Chaos Core,743900,743900,1,,758786
4915,2026-10-02T04:56:44,2026-10-01T23:37:19,Chaos Core,739378,5915024,8,,758783
4916,2026-10-02T04:56:48,2026-10-01T23:37:19,Chaos Core,739378,14048182,19,,758783
4917,2026-10-02T04:56:59,2026-10-01T23:37:19,Chaos Core,743900,743900,1,,758783
4918,2026-10-02T04:57:09,2026-10-01T23:37:19,Chaos Core,744605,744605,1,,758783
4919,2026-10-02T04:57:22,2026-10-01T23:37:19,Chaos Core,745000,106535000,143,,758783
4920,2026-10-02T04:57:33,2026-10-01T23:37:19,Chaos Core,746500,1493000,2,,758783
4921,2026-10-02T05:00:00,2026-10-01T23:37:19,Chaos Core,740000,134680000,182,,758779
4922,2026-10-02T05:00:03,2026-10-01T23:37:19,Chaos Core,730000,730000,1,,758779
4923,2026-10-02T05:04:42,2026-10-01T23:37:19,Chaos Core,735000,55860000,76,,758766
4924,2026-10-02T05:04:57,2026-10-01T23:37:19,Chaos Core,733692,1467384,2,,758766
4925,2026-10-02T05:05:40,2026-10-01T23:37:19,Chaos Core,733690,72635310,99,,758764
4926,2026-10-02T05:05:47,2026-10-01T23:37:19,Chaos Core,733692,24211836,33,,758764
4927,2026-10-02T05:05:55,2026-10-01T23:37:19,Chaos Core,733692,83640888,114,,758764
4928,2026-10-02T05:08:29,2026-10-01T23:37:19,Chaos Core,726252,4357512,6,,758762
4929,2026-10-02T05:08:40,2026-10-01T23:37:19,Chaos Core,746000,8952000,12,,758762
4930,2026-10-02T05:09:55,2026-10-01T23:37:19,Chaos Core,726252,55921404,77,,758760
4931,2026-10-02T05:10:03,2026-10-01T23:37:19,Chaos Core,726252,726252,1,,758760
4932,2026-10-02T05:12:11,2026-10-01T23:37:19,Chaos Core,726252,13798788,19,,758754
4933,2026-10-02T05:12:19,2026-10-01T23:37:19,Chaos Core,735000,33075000,45,,758754
4934,2026-10-02T05:12:33,2026-10-01T23:37:19,Chaos Core,746000,1492000,2,,758754
4935,2026-10-02T05:16:53,2026-10-01T23:37:19,Chaos Core,726252,1452504,2,,758745
4936,2026-10-02T05:17:06,2026-10-01T23:37:19,Chaos Core,735000,11760000,16,,758745
4937,2026-10-02T05:18:05,2026-10-01T23:37:19,Chaos Core,726252,9441276,13,,758741
4938,2026-10-02T05:18:09,2026-10-01T23:37:19,Chaos Core,726252,1452504,2,,758741
4939,2026-10-02T05:18:16,2026-10-01T23:37:19,Chaos Core,735000,96285000,131,,758741
4940,2026-10-02T05:18:27,2026-10-01T23:37:19,Chaos Core,746000,746000,1,,758741
4941,2026-10-02T05:24:46,2026-10-01T23:37:19,Chaos Core,720000,156240000,217,,740739
4942,2026-10-02T05:24:52,2026-10-01T23:37:19,Chaos Core,720000,1440000,2,,740739
4943,2026-10-02T05:31:15,2026-10-01T23:37:19,Force Gem Package,187500000,187500000,1,,
4944,2026-10-02T05:45:28,2026-10-01T23:37:19,Chaos Core,722754,722754,1,,740691
4945,2026-10-02T05:45:39,2026-10-01T23:37:19,Chaos Core,723904,723904,1,,740691
4946,2026-10-02T05:45:49,2026-10-01T23:37:19,Chaos Core,724484,724484,1,,740691
4947,2026-10-02T05:46:00,2026-10-01T23:37:19,Chaos Core,724484,724484,1,,740691
4948,2026-10-02T05:46:12,2026-10-01T23:37:19,Chaos Core,726252,12346284,17,,740691
4949,2026-10-02T05:46:25,2026-10-01T23:37:19,Chaos Core,730000,107310000,147,,740691
4950,2026-10-02T06:46:52,2026-10-02T06:43:45,Chaos Core,730000,83220000,114,,749987
4951,2026-10-02T06:46:56,2026-10-02T06:43:45,Chaos Core,730000,79570000,109,,749987
4952,2026-10-02T06:47:00,2026-10-02T06:43:45,Chaos Core,730000,1460000,2,,749987
4953,2026-10-02T06:47:56,2026-10-02T06:43:45,Chaos Core,730000,5840000,8,,749984
4954,2026-10-02T06:48:00,2026-10-02T06:43:45,Chaos Core,730000,69350000,95,,749984
4955,2026-10-02T06:48:07,2026-10-02T06:43:45,Chaos Core,730000,138700000,190,,749984
4956,2026-10-02T06:48:13,2026-10-02T06:43:45,Chaos Core,730000,730000,1,,749984
4957,2026-10-02T06:49:15,2026-10-02T06:43:45,Chaos Core,730000,69350000,95,,749981
4958,2026-10-02T06:49:28,2026-10-02T06:43:45,Chaos Core,730000,92710000,127,,749981
4959,2026-10-02T06:50:41,2026-10-02T06:43:45,Chaos Core,738236,738236,1,,749979
4960,2026-10-02T06:50:52,2026-10-02T06:43:45,Chaos Core,738906,738906,1,,749979
4961,2026-10-02T06:51:17,2026-10-02T06:43:45,Chaos Core,746000,11936000,16,,749979
4962,2026-10-02T06:51:50,2026-10-02T06:43:45,Upgrade Core Set (Ultimate) X 7,447431,3132017,7,,509786
4963,2026-10-02T06:52:53,2026-10-02T06:43:45,Armor Account bind Unseal Stone,182500000,182500000,1,,
4964,2026-10-02T06:53:57,2026-10-02T06:43:45,Force Gem Package,187500000,187500000,1,,
4965,2026-10-02T06:55:09,2026-10-02T06:43:45,Chaos Core,730000,730000,1,,749977
4966,2026-10-02T06:55:29,2026-10-02T06:43:45,Chaos Core,746000,12682000,17,,749977
4967,2026-10-02T06:58:32,2026-10-02T06:43:45,Force Core Set (High) X 1,152897,30579400,200,,165000
4968,2026-10-02T06:59:02,2026-10-02T06:43:45,Force Core Set (High) X 1,152897,7644850,50,,165000
4969,2026-10-02T06:59:06,2026-10-02T06:43:45,Force Core Set (High) X 1,152897,22934550,150,,165000
4970,2026-10-02T06:59:36,2026-10-02T06:43:45,Force Core Set (High) X 1,152897,15289700,100,,165000
4971,2026-10-02T06:59:40,2026-10-02T06:43:45,Force Core Set (High) X 1,152897,15289700,100,,165000
4972,2026-10-02T07:00:05,2026-10-02T06:43:45,Upgrade Core Set (Ultimate) X 15,447431,6711465,15,,509780
4973,2026-10-02T07:00:07,2026-10-02T06:43:45,Upgrade Core Set (Ultimate) X 26,447431,11633206,26,,509780
4974,2026-10-02T07:01:28,2026-10-02T06:43:45,Chaos Core,728802,42270516,58,,749969
4975,2026-10-02T07:01:48,2026-10-02T06:43:45,Chaos Core,746000,1492000,2,,749969
4976,2026-10-02T07:03:40,2026-10-02T06:43:45,Chaos Core,727427,33461642,46,,749966
4977,2026-10-02T07:03:51,2026-10-02T06:43:45,Chaos Core,730000,730000,1,,749966
4978,2026-10-02T07:04:00,2026-10-02T06:43:45,Chaos Core,730000,730000,1,,749966
4979,2026-10-02T07:05:58,2026-10-02T06:43:45,Chaos Core,730000,730000,1,,749964
4980,2026-10-02T07:06:17,2026-10-02T06:43:45,Chaos Core,746000,12682000,17,,749964
4981,2026-10-02T07:08:35,2026-10-02T06:43:45,Armor Account bind Unseal Stone,182500000,182500000,1,,
4982,2026-10-02T07:11:14,2026-10-02T06:43:45,Chaos Core,725000,151525000,209,,749959
4983,2026-10-02T07:11:24,2026-10-02T06:43:45,Chaos Core,745999,745999,1,,749959
4984,2026-10-02T07:17:13,2026-10-02T06:43:45,Upgrade Core Set (Ultimate) X 20,475475,9509500,20,,509768
4985,2026-10-02T07:18:33,2026-10-02T06:43:45,Armor Account bind Unseal Stone,187500000,187500000,1,,
4986,2026-10-02T07:27:26,2026-10-02T06:43:45,Chaos Core,730000,31390000,43,,749934
4987,2026-10-02T07:28:15,2026-10-02T06:43:45,Chaos Core,729470,112338380,154,,749934
4988,2026-10-02T07:28:22,2026-10-02T06:43:45,Chaos Core,730000,730000,1,,749934
4989,2026-10-02T07:29:16,2026-10-02T06:43:45,Chaos Core,729470,7294700,10,,749933
4990,2026-10-02T07:29:24,2026-10-02T06:43:45,Chaos Core,730000,9490000,13,,749933
4991,2026-10-02T07:29:35,2026-10-02T06:43:45,Chaos Core,730000,13140000,18,,749933
4992,2026-10-02T07:29:47,2026-10-02T06:43:45,Chaos Core,743632,159137248,214,,749933
4993,2026-10-02T07:31:52,2026-10-02T06:43:45,Chaos Core,729470,18966220,26,,749931
4994,2026-10-02T07:32:01,2026-10-02T06:43:45,Chaos Core,730000,32850000,45,,749931
4995,2026-10-02T07:32:11,2026-10-02T06:43:45,Chaos Core,730000,178120000,244,,749931
4996,2026-10-02T07:34:03,2026-10-02T06:43:45,Upgrade Core Set (Ultimate) X 7,475475,3328325,7,,509759
4997,2026-10-02T07:34:05,2026-10-02T06:43:45,Upgrade Core Set (Ultimate) X 14,475475,6656650,14,,509759
4998,2026-10-02T07:34:08,2026-10-02T06:43:45,Upgrade Core Set (Ultimate) X 20,475475,9509500,20,,509759
4999,2026-10-02T07:36:01,2026-10-02T06:43:45,Chaos Core,724509,96359697,133,,749920
5000,2026-10-02T07:36:05,2026-10-02T06:43:45,Chaos Core,724509,97084206,134,,749920
5001,2026-10-02T07:49:44,2026-10-02T06:43:45,Chaos Core,728294,104146042,143,,749898
5002,2026-10-02T07:49:49,2026-10-02T06:43:45,Chaos Core,728294,83025516,114,,749898
5003,2026-10-02T07:49:56,2026-10-02T06:43:45,Chaos Core,728831,728831,1,,749898
5004,2026-10-02T07:53:45,2026-10-02T06:43:45,Chaos Core,744718,744718,1,,749888
5005,2026-10-02T07:54:05,2026-10-02T06:43:45,Chaos Core,745353,9689589,13,,749888
5006,2026-10-02T07:54:17,2026-10-02T06:43:45,Chaos Core,745353,2981412,4,,749888
5007,2026-10-02T08:10:25,2026-10-02T06:43:45,Chaos Core,728294,728294,1,,749842
5008,2026-10-02T08:10:51,2026-10-02T06:43:45,Chaos Core,745000,12665000,17,,749842
5009,2026-10-02T08:19:47,2026-10-02T06:43:45,Force Core Set (High) X 5,145096,725480,5,,165000
5010,2026-10-02T08:19:50,2026-10-02T06:43:45,Force Core Set (High) X 10,145096,1450960,10,,165000
5011,2026-10-02T08:19:52,2026-10-02T06:43:45,Force Core Set (High) X 28,145096,4062688,28,,165000
5012,2026-10-02T08:19:55,2026-10-02T06:43:45,Force Core Set (High) X 97,145098,14074506,97,,165000
5013,2026-10-02T08:23:57,2026-10-02T06:43:45,Force Core Set (Highest) X 9,184708,1662372,9,,189997
5014,2026-10-02T08:23:59,2026-10-02T06:43:45,Force Core Set (Highest) X 61,184708,11267248,61,,189997
5015,2026-10-02T08:28:11,2026-10-02T06:43:45,Force Core Set (Highest) X 200,184709,36941800,200,,189986
5016,2026-10-02T08:36:44,2026-10-02T06:43:45,Force Core Set (Highest) X 1,184708,13668392,74,,189981
5017,2026-10-02T08:52:49,2026-10-02T06:43:45,Upgrade Core Set (Ultimate) X 373,401396,149720708,373,,447431
5018,2026-10-02T08:55:31,2026-10-02T06:43:45,Chaos Core,739113,89432673,121,,749725
5019,2026-10-02T08:55:49,2026-10-02T06:43:45,Chaos Core,740500,68126000,92,,749725
5020,2026-10-02T08:56:52,2026-10-02T06:43:45,Chaos Core,735636,22069080,30,,749722
5021,2026-10-02T08:57:07,2026-10-02T06:43:45,Chaos Core,737417,737417,1,,749722
5022,2026-10-02T08:57:13,2026-10-02T06:43:45,Chaos Core,734998,83789772,114,,749722
5023,2026-10-02T08:57:24,2026-10-02T06:43:45,Chaos Core,737417,737417,1,,749722
5024,2026-10-02T08:57:28,2026-10-02T06:43:45,Chaos Core,726252,24692568,34,,749722
5025,2026-10-02T08:58:25,2026-10-02T06:43:45,Chaos Core,736170,736170,1,,749718
5026,2026-10-02T08:58:35,2026-10-02T06:43:45,Chaos Core,736773,736773,1,,749718
5027,2026-10-02T08:58:43,2026-10-02T06:43:45,Chaos Core,740500,2962000,4,,749718
5028,2026-10-02T08:58:47,2026-10-02T06:43:45,Chaos Core,734998,2204994,3,,749718
5029,2026-10-02T08:58:54,2026-10-02T06:43:45,Chaos Core,740511,77013144,104,,749718
5030,2026-10-02T08:59:03,2026-10-02T06:43:45,Chaos Core,740511,149583222,202,,749718
5031,2026-10-02T09:38:43,2026-10-02T09:35:38,Force Gem Package,187500000,187500000,1,,
5032,2026-10-02T09:39:08,2026-10-02T09:35:38,Armor Account bind Unseal Stone,187500000,187500000,1,,
5033,2026-10-02T09:45:46,2026-10-02T09:35:38,Chaos Core,742588,141834308,191,,776589
5034,2026-10-02T09:46:01,2026-10-02T09:35:38,Chaos Core,750000,750000,1,,776589
5035,2026-10-02T09:52:04,2026-10-02T09:35:38,Force Core Set (High) X 10,145087,14508700,100,,165000
5036,2026-10-02T09:52:08,2026-10-02T09:35:38,Force Core Set (High) X 10,145087,10156090,70,,165000
5037,2026-10-02T09:52:10,2026-10-02T09:35:38,Force Core Set (High) X 10,145087,1450870,10,,165000
5038,2026-10-02T09:52:13,2026-10-02T09:35:38,Force Core Set (High) X 12,145087,1741044,12,,165000
5039,2026-10-02T09:52:15,2026-10-02T09:35:38,Force Core Set (High) X 15,145087,2176305,15,,165000
5040,2026-10-02T10:10:28,2026-10-02T09:35:38,Force Core Set (Ultimate) X 29,323529,9382341,29,,348595
5041,2026-10-02T10:10:30,2026-10-02T09:35:38,Force Core Set (Ultimate) X 126,323529,40764654,126,,348595
5042,2026-10-02T10:10:33,2026-10-02T09:35:38,Force Core Set (Ultimate) X 204,323529,66000000,204,,348595
5043,2026-10-02T10:12:03,2026-10-02T09:35:38,Chaos Core,740220,2960880,4,,776567
5044,2026-10-02T10:12:07,2026-10-02T09:35:38,Chaos Core,739648,32544512,44,,776567
5045,2026-10-02T10:12:23,2026-10-02T09:35:38,Chaos Core,740220,2960880,4,,776567
5046,2026-10-02T10:12:53,2026-10-02T09:35:38,Chaos Core,740226,2960904,4,,776567
5047,2026-10-02T10:12:57,2026-10-02T09:35:38,Chaos Core,726252,45027624,62,,776567
5048,2026-10-02T10:13:03,2026-10-02T09:35:38,Chaos Core,726252,46480128,64,,776567
5049,2026-10-02T10:13:14,2026-10-02T09:35:38,Chaos Core,740226,740226,1,,776567
5050,2026-10-02T10:14:19,2026-10-02T09:35:38,Chaos Core,740744,3703720,5,,776565
5051,2026-10-02T10:14:31,2026-10-02T09:35:38,Chaos Core,740744,2962976,4,,776565
5052,2026-10-02T10:14:35,2026-10-02T09:35:38,Chaos Core,726252,81340224,112,,776565
5053,2026-10-02T10:14:46,2026-10-02T09:35:38,Chaos Core,740744,740744,1,,776565
5054,2026-10-02T10:14:58,2026-10-02T09:35:38,Chaos Core,741365,2224095,3,,776565
5055,2026-10-02T10:15:08,2026-10-02T09:35:38,Chaos Core,741365,741365,1,,776565
5056,2026-10-02T10:15:12,2026-10-02T09:35:38,Chaos Core,726252,34133844,47,,776565
5057,2026-10-02T10:15:23,2026-10-02T09:35:38,Chaos Core,740226,740226,1,,776565
5058,2026-10-02T10:16:26,2026-10-02T09:35:38,Chaos Core,740226,740226,1,,776562
5059,2026-10-02T10:16:36,2026-10-02T09:35:38,Chaos Core,739648,739648,1,,776562
5060,2026-10-02T10:16:55,2026-10-02T09:35:38,Chaos Core,743675,6693075,9,,776562
5061,2026-10-02T10:17:14,2026-10-02T09:35:38,Chaos Core,744283,3721415,5,,776562
5062,2026-10-02T10:17:41,2026-10-02T09:35:38,Chaos Core,750000,1500000,2,,776562
5063,2026-10-02T10:18:54,2026-10-02T09:35:38,Chaos Core,725143,50760010,70,,776558
5064,2026-10-02T10:19:01,2026-10-02T09:35:38,Chaos Core,725143,71789157,99,,776558
5065,2026-10-02T10:19:09,2026-10-02T09:35:38,Chaos Core,726252,1452504,2,,776558
5066,2026-10-02T10:20:50,2026-10-02T09:35:38,Chaos Core,726252,82792728,114,,776556
5067,2026-10-02T10:33:34,2026-10-02T09:35:38,Chaos Core,726252,35586348,49,,776529
5068,2026-10-02T10:34:23,2026-10-02T09:35:38,Chaos Core,767195,767195,1,,776529
5069,2026-10-02T10:34:25,2026-10-02T09:35:38,Chaos Core,726252,726252,1,,776529
5070,2026-10-02T11:22:34,2026-10-02T09:35:38,Armor Account bind Unseal Stone,187500000,187500000,1,,
5071,2026-10-02T12:28:15,2026-10-02T12:25:28,Upgrade Core Set (Ultimate) X 4,446668,1786672,4,,643888
5072,2026-10-02T12:28:18,2026-10-02T12:25:28,Upgrade Core Set (Ultimate) X 23,446668,10273364,23,,643888
5073,2026-10-02T12:28:20,2026-10-02T12:25:28,Upgrade Core Set (Ultimate) X 23,446668,10273364,23,,643888
5074,2026-10-02T12:28:23,2026-10-02T12:25:28,Upgrade Core Set (Ultimate) X 29,446668,12953372,29,,643888
5075,2026-10-02T12:28:25,2026-10-02T12:25:28,Upgrade Core Set (Ultimate) X 41,446668,18313388,41,,643888
5076,2026-10-02T12:28:53,2026-10-02T12:25:28,Upgrade Core Set (Ultimate) X 51,446668,22780068,51,,643887
5077,2026-10-02T12:28:56,2026-10-02T12:25:28,Upgrade Core Set (Ultimate) X 100,446668,44666800,100,,643887
5078,2026-10-02T12:28:58,2026-10-02T12:25:28,Upgrade Core Set (Ultimate) X 306,446668,136680408,306,,643887
5079,2026-10-02T12:29:50,2026-10-02T12:25:28,Armor Account bind Unseal Stone,187499999,187499999,1,,
5080,2026-10-02T12:30:43,2026-10-02T12:25:28,Armor Account bind Seal Stone,187499999,187499999,1,,
5081,2026-10-02T12:36:01,2026-10-02T12:25:28,Chaos Core,726250,52290000,72,,775935
5082,2026-10-02T12:38:18,2026-10-02T12:25:28,Chaos Core,725102,34079794,47,,741439
5083,2026-10-02T12:38:23,2026-10-02T12:25:28,Chaos Core,725102,171124072,236,,741439
5084,2026-10-02T12:38:34,2026-10-02T12:25:28,Chaos Core,747369,747369,1,,741439
5085,2026-10-02T12:38:44,2026-10-02T12:25:28,Chaos Core,747961,747961,1,,741439
5086,2026-10-02T12:53:53,2026-10-02T12:25:28,Force Core Set (Ultimate) X 202,328359,66328518,202,,348479
5087,2026-10-02T12:57:28,2026-10-02T12:25:28,Chaos Core,720593,148442158,206,,765904
5088,2026-10-02T12:57:33,2026-10-02T12:25:28,Chaos Core,720593,720593,1,,765904
5089,2026-10-02T13:00:20,2026-10-02T12:25:28,Chaos Core,721663,16598249,23,,765899
5090,2026-10-02T13:00:31,2026-10-02T12:25:28,Chaos Core,725102,2900408,4,,765899
5091,2026-10-02T13:00:42,2026-10-02T12:25:28,Chaos Core,725102,725102,1,,765899
5092,2026-10-02T13:00:51,2026-10-02T12:25:28,Chaos Core,726252,726252,1,,765899
5093,2026-10-02T13:01:02,2026-10-02T12:25:28,Chaos Core,726252,726252,1,,765899
5094,2026-10-02T13:09:27,2026-10-02T12:25:28,Force Core Set (Ultimate) X 13,328359,4268667,13,,348492
5095,2026-10-02T13:19:52,2026-10-02T12:25:28,Chaos Core,717066,38721564,54,,765828
5096,2026-10-02T13:20:04,2026-10-02T12:25:28,Chaos Core,726252,4357512,6,,765828
5097,2026-10-02T13:20:16,2026-10-02T12:25:28,Chaos Core,726252,47932632,66,,765828
5098,2026-10-02T13:20:26,2026-10-02T12:25:28,Chaos Core,726252,726252,1,,765828
5099,2026-10-02T13:20:46,2026-10-02T12:25:28,Chaos Core,747000,1494000,2,,765828
5100,2026-10-02T13:29:06,2026-10-02T12:25:28,Force Core Set (Ultimate) X 2,328359,656718,2,,348481
5101,2026-10-02T13:30:27,2026-10-02T12:25:28,Force Gem Package,187499999,187499999,1,,
5102,2026-10-02T13:53:38,2026-10-02T12:25:28,Chaos Core,726252,100949028,139,,765706
5103,2026-10-02T13:53:45,2026-10-02T12:25:28,Chaos Core,726252,1452504,2,,765706
5104,2026-10-02T13:57:38,2026-10-02T12:25:28,Chaos Core,726252,166311708,229,,765694
5105,2026-10-02T13:57:42,2026-10-02T12:25:28,Chaos Core,726252,1452504,2,,765694
5106,2026-10-02T13:59:02,2026-10-02T12:25:28,Force Core Set (Highest) X 29,172413,5000000,29,,189662
5107,2026-10-02T13:59:06,2026-10-02T12:25:28,Force Core Set (Highest) X 1,172727,1381816,8,,189662
5108,2026-10-02T13:59:09,2026-10-02T12:25:28,Force Core Set (Highest) X 5,172727,8636350,50,,189662
5109,2026-10-02T13:59:12,2026-10-02T12:25:28,Force Core Set (Highest) X 7,172727,1209089,7,,189662
5110,2026-10-02T13:59:14,2026-10-02T12:25:28,Force Core Set (Highest) X 8,172727,1381816,8,,189662
5111,2026-10-02T13:59:43,2026-10-02T12:25:28,Force Core Set (Highest) X 15,172727,2590905,15,,189662
5112,2026-10-02T13:59:45,2026-10-02T12:25:28,Force Core Set (Highest) X 17,172727,2936359,17,,189662
5113,2026-10-02T13:59:49,2026-10-02T12:25:28,Force Core Set (Highest) X 20,172727,17272700,100,,189662
5114,2026-10-02T13:59:51,2026-10-02T12:25:28,Force Core Set (Highest) X 26,172727,4490902,26,,189662
5115,2026-10-02T13:59:54,2026-10-02T12:25:28,Force Core Set (Highest) X 32,172727,5527264,32,,189662
5116,2026-10-02T14:00:22,2026-10-02T12:25:28,Force Core Set (Highest) X 34,172727,5872718,34,,189661
5117,2026-10-02T14:00:24,2026-10-02T12:25:28,Force Core Set (Highest) X 36,172727,6218172,36,,189661
5118,2026-10-02T14:00:27,2026-10-02T12:25:28,Force Core Set (Highest) X 42,172727,7254534,42,,189661
5119,2026-10-02T14:00:29,2026-10-02T12:25:28,Force Core Set (Highest) X 44,172727,7599988,44,,189661
5120,2026-10-02T14:00:32,2026-10-02T12:25:28,Force Core Set (Highest) X 53,172727,9154531,53,,189661
5121,2026-10-02T14:10:17,2026-10-02T12:25:28,Force Core Set (Ultimate) X 70,328359,22985130,70,,348443
5122,2026-10-02T14:13:36,2026-10-02T12:25:28,Chaos Core,733238,36661900,50,,765677
5123,2026-10-02T14:13:44,2026-10-02T12:25:28,Chaos Core,734000,30828000,42,,765677
5124,2026-10-02T14:13:52,2026-10-02T12:25:28,Chaos Core,734378,71234666,97,,765677
5125,2026-10-02T14:18:28,2026-10-02T12:25:28,Chaos Core,731383,10970745,15,,765674
5126,2026-10-02T14:18:40,2026-10-02T12:25:28,Chaos Core,734378,182860122,249,,765674
5127,2026-10-02T14:19:47,2026-10-02T12:25:28,Chaos Core,730866,3654330,5,,765673
5128,2026-10-02T14:19:59,2026-10-02T12:25:28,Chaos Core,735667,29426680,40,,765673
5129,2026-10-02T14:20:12,2026-10-02T12:25:28,Chaos Core,736305,184076250,250,,765673
5130,2026-10-02T14:20:24,2026-10-02T12:25:28,Chaos Core,736305,1472610,2,,765673
5131,2026-10-02T14:21:39,2026-10-02T12:25:28,Chaos Core,736305,181867335,247,,765671
5132,2026-10-02T14:21:42,2026-10-02T12:25:28,Chaos Core,730205,1460410,2,,765671
5133,2026-10-02T14:23:16,2026-10-02T12:25:28,Chaos Core,730205,27747790,38,,765667
5134,2026-10-02T14:23:21,2026-10-02T12:25:28,Chaos Core,730866,730866,1,,765667
5135,2026-10-02T14:23:32,2026-10-02T12:25:28,Chaos Core,734378,734378,1,,765667
5136,2026-10-02T14:23:44,2026-10-02T12:25:28,Chaos Core,737000,166562000,226,,765667
5137,2026-10-02T14:23:51,2026-10-02T12:25:28,Chaos Core,731383,731383,1,,765667
5138,2026-10-02T14:25:28,2026-10-02T12:25:28,Chaos Core,728968,69980928,96,,765664
5139,2026-10-02T14:25:37,2026-10-02T12:25:28,Chaos Core,731383,20478724,28,,765664
5140,2026-10-02T14:25:48,2026-10-02T12:25:28,Chaos Core,737000,737000,1,,765664
5141,2026-10-02T14:25:59,2026-10-02T12:25:28,Chaos Core,737000,737000,1,,765664
5142,2026-10-02T14:26:10,2026-10-02T12:25:28,Chaos Core,737000,174669000,237,,765664
5143,2026-10-02T14:34:44,2026-10-02T12:25:28,Chaos Core,730190,46732160,64,,765644
5144,2026-10-02T14:34:48,2026-10-02T12:25:28,Chaos Core,729540,72224460,99,,765644
5145,2026-10-02T14:34:56,2026-10-02T12:25:28,Chaos Core,730190,1460380,2,,765644
5146,2026-10-02T17:35:02,2026-10-02T17:24:01,Force Core Set (High) X 1,152899,152899,1,,158500
5147,2026-10-02T17:35:05,2026-10-02T17:24:01,Force Core Set (High) X 22,152899,3363778,22,,158500
5148,2026-10-02T17:35:07,2026-10-02T17:24:01,Force Core Set (High) X 24,152899,3669576,24,,158500
5149,2026-10-02T17:35:09,2026-10-02T17:24:01,Force Core Set (High) X 37,152899,5657263,37,,158500
5150,2026-10-02T17:35:12,2026-10-02T17:24:01,Force Core Set (High) X 40,152899,6115960,40,,158500
5151,2026-10-02T17:36:12,2026-10-02T17:24:01,Armor Account bind Unseal Stone,187500000,187500000,1,,
5152,2026-10-02T19:00:16,2026-10-02T17:24:01,Arionell,281250000,281250000,1,,
5153,2026-10-02T21:45:01,2026-10-02T21:37:53,Chaos Core,716000,7160000,10,,743990
5154,2026-10-02T21:45:07,2026-10-02T21:37:53,Chaos Core,723000,3615000,5,,743990
5155,2026-10-02T21:45:15,2026-10-02T21:37:53,Chaos Core,728000,21112000,29,,743990
5156,2026-10-02T21:45:23,2026-10-02T21:37:53,Chaos Core,728157,64077816,88,,743990
5157,2026-10-02T21:45:33,2026-10-02T21:37:53,Chaos Core,728157,55339932,76,,743990
5158,2026-10-02T21:45:43,2026-10-02T21:37:53,Chaos Core,728157,1456314,2,,743990
5159,2026-10-02T21:47:27,2026-10-02T21:37:53,Force Core Set (High) X 11,159159,1750749,11,,165000
5160,2026-10-02T21:47:30,2026-10-02T21:37:53,Force Core Set (High) X 127,159159,20213193,127,,165000
5161,2026-10-02T21:47:33,2026-10-02T21:37:53,Force Core Set (High) X 53,159518,8454454,53,,165000
5162,2026-10-02T21:47:59,2026-10-02T21:37:53,Force Core Set (Highest) X 63,139841,8810000,63,,180000
5163,2026-10-02T21:48:03,2026-10-02T21:37:53,Force Core Set (Highest) X 10,140000,5600000,40,,180000
5164,2026-10-02T21:48:05,2026-10-02T21:37:53,Force Core Set (Highest) X 26,140000,3640000,26,,180000
5165,2026-10-02T21:48:08,2026-10-02T21:37:53,Force Core Set (Highest) X 74,140000,10360000,74,,180000
5166,2026-10-02T22:08:06,2026-10-02T21:37:53,Arionell,281666666,281666666,1,,
5167,2026-10-02T23:43:26,2026-10-02T23:40:57,Chaos Core,715985,69450545,97,,733505
5168,2026-10-02T23:43:34,2026-10-02T23:40:57,Chaos Core,717674,173677108,242,,733505
5169,2026-10-02T23:44:41,2026-10-02T23:40:57,Chaos Core,715443,7154430,10,,733500
5170,2026-10-02T23:44:51,2026-10-02T23:40:57,Chaos Core,717674,81814836,114,,733500
5171,2026-10-02T23:44:55,2026-10-02T23:40:57,Chaos Core,715443,56519997,79,,733500
5172,2026-10-02T23:45:06,2026-10-02T23:40:57,Chaos Core,717674,717674,1,,733500
5173,2026-10-02T23:46:07,2026-10-02T23:40:57,Chaos Core,717674,99039012,138,,733496
5174,2026-10-02T23:46:19,2026-10-02T23:40:57,Chaos Core,718759,13656421,19,,733496
5175,2026-10-02T23:46:31,2026-10-02T23:40:57,Chaos Core,718759,1437518,2,,733496
5176,2026-10-02T23:47:35,2026-10-02T23:40:57,Chaos Core,719351,719351,1,,733495
5177,2026-10-02T23:47:47,2026-10-02T23:40:57,Chaos Core,719352,10070928,14,,733495
5178,2026-10-02T23:48:07,2026-10-02T23:40:57,Chaos Core,720584,165734320,230,,733495
5179,2026-10-02T23:48:17,2026-10-02T23:40:57,Chaos Core,721000,721000,1,,733495
5180,2026-10-02T23:49:20,2026-10-02T23:40:57,Chaos Core,721000,47586000,66,,733492
5181,2026-10-03T00:14:16,2026-10-02T23:40:57,Force Core Set (Ultimate) X 1,328359,2626872,8,,348171
5182,2026-10-03T00:37:02,2026-10-02T23:40:57,Force Core Set (Ultimate) X 1,305555,3972215,13,,348153
5183,2026-10-03T00:37:04,2026-10-02T23:40:57,Force Core Set (Ultimate) X 39,305555,11916645,39,,348153
5184,2026-10-03T00:37:06,2026-10-02T23:40:57,Force Core Set (Ultimate) X 45,305555,13749975,45,,348153
5185,2026-10-03T01:00:14,2026-10-02T23:40:57,Chaos Core,713277,67048038,94,,719884
5186,2026-10-03T07:19:55,2026-10-03T07:17:31,Chaos Core,727604,727604,1,,743998
5187,2026-10-03T07:20:12,2026-10-03T07:17:31,Chaos Core,728157,10194198,14,,743998
5188,2026-10-03T07:20:22,2026-10-03T07:17:31,Chaos Core,728157,5825256,8,,743998
5189,2026-10-03T07:20:34,2026-10-03T07:17:31,Chaos Core,728157,181311093,249,,743998
5190,2026-10-03T07:20:38,2026-10-03T07:17:31,Chaos Core,728157,728157,1,,743998
5191,2026-10-03T07:21:33,2026-10-03T07:17:31,Force Core Set (High) X 2,159157,318314,2,,165000
5192,2026-10-03T07:21:37,2026-10-03T07:17:31,Force Core Set (High) X 10,159157,31831400,200,,165000
5193,2026-10-03T07:22:05,2026-10-03T07:17:31,Force Core Set (High) X 10,159157,1591570,10,,165000
5194,2026-10-03T07:22:07,2026-10-03T07:17:31,Force Core Set (High) X 17,159157,2705669,17,,165000
5195,2026-10-03T07:22:10,2026-10-03T07:17:31,Force Core Set (High) X 106,159157,16870642,106,,165000
5196,2026-10-03T07:22:12,2026-10-03T07:17:31,Force Core Set (High) X 219,159157,34855383,219,,165000
5197,2026-10-03T07:22:57,2026-10-03T07:17:31,Force Core Set (Highest) X 83,191175,15867525,83,,196997
5198,2026-10-03T07:23:00,2026-10-03T07:17:31,Force Core Set (Highest) X 115,191176,21985240,115,,196997
5199,2026-10-03T07:23:03,2026-10-03T07:17:31,Force Core Set (Highest) X 147,191176,28102872,147,,196997
5200,2026-10-03T07:23:51,2026-10-03T07:17:31,Force Core Set (Highest) X 453,191175,86602720,453,,196995
5201,2026-10-03T07:24:37,2026-10-03T07:17:31,Upgrade Core Set (Ultimate) X 3,475470,49924350,105,,601917
5202,2026-10-03T07:24:41,2026-10-03T07:17:31,Upgrade Core Set (Ultimate) X 10,475470,47547000,100,,601917
5203,2026-10-03T07:25:10,2026-10-03T07:17:31,Upgrade Core Set (Ultimate) X 10,475470,95094000,200,,601914
5204,2026-10-03T07:25:40,2026-10-03T07:17:31,Upgrade Core Set (Ultimate) X 10,475470,23773500,50,,601914
5205,2026-10-03T07:25:42,2026-10-03T07:17:31,Upgrade Core Set (Ultimate) X 46,475470,21871620,46,,601914
5206,2026-10-03T07:25:44,2026-10-03T07:17:31,Upgrade Core Set (Ultimate) X 51,475470,24248970,51,,601914
5207,2026-10-03T07:25:47,2026-10-03T07:17:31,Upgrade Core Set (Ultimate) X 100,475470,47547000,100,,601914
5208,2026-10-03T07:26:12,2026-10-03T07:17:31,Force Core Set (Ultimate) X 77,311558,23990000,77,,344974
5209,2026-10-03T07:26:14,2026-10-03T07:17:31,Force Core Set (Ultimate) X 1,311687,311687,1,,344974
5210,2026-10-03T07:26:17,2026-10-03T07:17:31,Force Core Set (Ultimate) X 14,311687,4363630,14,,344974
5211,2026-10-03T07:26:19,2026-10-03T07:17:31,Force Core Set (Ultimate) X 22,311687,6857114,22,,344974
5212,2026-10-03T07:26:21,2026-10-03T07:17:31,Force Core Set (Ultimate) X 25,311687,7792175,25,,344974
5213,2026-10-03T07:27:36,2026-10-03T07:17:31,Chaos Core,730000,140890000,193,,743997
5214,2026-10-03T07:27:48,2026-10-03T07:17:31,Chaos Core,730000,1460000,2,,743997
5215,2026-10-03T07:33:57,2026-10-03T07:31:02,Chaos Core,730000,170090000,233,,743994
5216,2026-10-03T07:34:08,2026-10-03T07:31:02,Chaos Core,730825,730825,1,,743994
5217,2026-10-03T07:41:55,2026-10-03T07:38:17,Chaos Core,726900,17445600,24,,743993
5218,2026-10-03T07:42:38,2026-10-03T07:38:17,Chaos Core,726900,93043200,128,,743993
5219,2026-10-03T07:42:43,2026-10-03T07:38:17,Chaos Core,726900,151922100,209,,743993
5220,2026-10-03T07:42:54,2026-10-03T07:38:17,Chaos Core,739000,1478000,2,,743993
5221,2026-10-03T07:44:51,2026-10-03T07:38:17,Chaos Core,726900,88681800,122,,743992
5222,2026-10-03T07:45:07,2026-10-03T07:38:17,Chaos Core,739000,739000,1,,743992
5223,2026-10-03T07:45:56,2026-10-03T07:38:17,Chaos Core,728157,728157,1,,743990
5224,2026-10-03T07:53:18,2026-10-03T07:50:10,Force Core Set (High) X 24,138293,3319032,24,,165000
5225,2026-10-03T07:53:20,2026-10-03T07:50:10,Force Core Set (High) X 244,159158,38834552,244,,165000
5226,2026-10-03T07:54:50,2026-10-03T07:50:10,Chaos Core,708893,62382584,88,,743986
5227,2026-10-03T07:54:57,2026-10-03T07:50:10,Chaos Core,725000,79025000,109,,743986
5228,2026-10-03T07:55:03,2026-10-03T07:50:10,Chaos Core,727000,727000,1,,743986
5229,2026-10-03T08:15:42,2026-10-03T07:50:10,Chaos Core,733333,173066588,236,,739991
5230,2026-10-03T08:15:46,2026-10-03T07:50:10,Chaos Core,733333,733333,1,,739991
5231,2026-10-03T08:16:51,2026-10-03T07:50:10,Chaos Core,732818,2931272,4,,739990
5232,2026-10-03T08:16:58,2026-10-03T07:50:10,Chaos Core,733333,84333295,115,,739990
5233,2026-10-03T08:17:08,2026-10-03T07:50:10,Chaos Core,733333,182599917,249,,739990
5234,2026-10-03T08:19:43,2026-10-03T07:50:10,Chaos Core,728157,51699147,71,,739988
5235,2026-10-03T08:19:50,2026-10-03T07:50:10,Chaos Core,732161,101770379,139,,739988
5236,2026-10-03T08:24:44,2026-10-03T07:50:10,Chaos Core,728111,36405550,50,,739983
5237,2026-10-03T08:25:53,2026-10-03T07:50:10,Chaos Core,735820,735820,1,,739983
5238,2026-10-03T08:26:40,2026-10-03T07:50:10,Chaos Core,733333,733333,1,,739984
5239,2026-10-03T08:26:55,2026-10-03T07:50:10,Chaos Core,735820,12508940,17,,739984
5240,2026-10-03T08:28:46,2026-10-03T07:50:10,Force Core Set (High) X 10,153284,1532840,10,,165000
5241,2026-10-03T08:28:50,2026-10-03T07:50:10,Force Core Set (High) X 1,159146,10503636,66,,165000
5242,2026-10-03T08:28:52,2026-10-03T07:50:10,Force Core Set (High) X 29,159146,4615262,29,,165000
5243,2026-10-03T08:28:56,2026-10-03T07:50:10,Force Core Set (High) X 30,159146,19097520,120,,165000
5244,2026-10-03T08:34:12,2026-10-03T07:50:10,Force Core Set (High) X 30,159146,9548760,60,,165000
5245,2026-10-03T08:34:15,2026-10-03T07:50:10,Force Core Set (High) X 145,159146,23076170,145,,165000
5246,2026-10-03T08:35:25,2026-10-03T07:50:10,Chaos Core,733363,134938792,184,,739976
5247,2026-10-03T08:36:16,2026-10-03T07:50:10,Chaos Core,733363,1466726,2,,739976
5248,2026-10-03T08:37:23,2026-10-03T07:50:10,Chaos Core,733363,76269752,104,,739976
5249,2026-10-03T08:37:32,2026-10-03T07:50:10,Chaos Core,733363,83603382,114,,739976
5250,2026-10-03T08:37:42,2026-10-03T07:50:10,Chaos Core,735128,735128,1,,739976
5251,2026-10-03T08:38:39,2026-10-03T07:50:10,Chaos Core,733363,152539504,208,,739975
5252,2026-10-03T08:38:42,2026-10-03T07:50:10,Chaos Core,733363,733363,1,,739975
5253,2026-10-03T08:38:46,2026-10-03T07:50:10,Chaos Core,733363,733363,1,,739975
5254,2026-10-03T08:43:42,2026-10-03T07:50:10,Chaos Core,731525,84856900,116,,739969
5255,2026-10-03T08:43:44,2026-10-03T07:50:10,Chaos Core,731525,731525,1,,739969
5256,2026-10-03T08:43:52,2026-10-03T07:50:10,Chaos Core,731525,31455575,43,,739969
5257,2026-10-03T08:44:02,2026-10-03T07:50:10,Chaos Core,735000,1470000,2,,739969
5258,2026-10-03T08:54:09,2026-10-03T07:50:10,Chaos Core,728157,5097099,7,,739954
5259,2026-10-03T08:54:13,2026-10-03T07:50:10,Chaos Core,727629,53844546,74,,739954
5260,2026-10-03T08:54:17,2026-10-03T07:50:10,Chaos Core,727629,82949706,114,,739954
5261,2026-10-03T09:04:04,2026-10-03T07:50:10,Chaos Core,730000,730000,1,,735680
5262,2026-10-03T09:04:10,2026-10-03T07:50:10,Chaos Core,730263,5111841,7,,735680
5263,2026-10-03T09:04:18,2026-10-03T07:50:10,Chaos Core,730263,181105224,248,,735680
5264,2026-10-03T09:04:25,2026-10-03T07:50:10,Chaos Core,730263,1460526,2,,735680
5265,2026-10-03T09:06:03,2026-10-03T07:50:10,Chaos Core,730263,32861835,45,,735676
5266,2026-10-03T09:06:12,2026-10-03T07:50:10,Chaos Core,730263,103697346,142,,735676
5267,2026-10-03T09:06:21,2026-10-03T07:50:10,Chaos Core,730263,1460526,2,,735676
5268,2026-10-03T09:08:04,2026-10-03T07:50:10,Chaos Core,730263,70105248,96,,735673
5269,2026-10-03T09:08:57,2026-10-03T07:50:10,Chaos Core,729430,48871810,67,,735673
5270,2026-10-03T09:09:02,2026-10-03T07:50:10,Chaos Core,729430,1458860,2,,735673
5271,2026-10-03T09:10:01,2026-10-03T07:50:10,Chaos Core,730263,139480233,191,,735672
5272,2026-10-03T09:10:12,2026-10-03T07:50:10,Chaos Core,730914,730914,1,,735672
5273,2026-10-03T09:12:23,2026-10-03T07:50:10,Chaos Core,729430,729430,1,,735668
5274,2026-10-03T09:12:34,2026-10-03T07:50:10,Chaos Core,730263,730263,1,,735668
5275,2026-10-03T09:12:54,2026-10-03T07:50:10,Chaos Core,730914,11694624,16,,735668
5276,2026-10-03T09:23:25,2026-10-03T07:50:10,Chaos Core,725940,78401520,108,,735651
5277,2026-10-03T09:23:29,2026-10-03T07:50:10,Chaos Core,725317,52948141,73,,735651
5278,2026-10-03T09:23:36,2026-10-03T07:50:10,Chaos Core,725940,1451880,2,,735651
5279,2026-10-03T09:24:39,2026-10-03T07:50:10,Chaos Core,725940,39926700,55,,735647
5280,2026-10-03T09:24:43,2026-10-03T07:50:10,Chaos Core,725940,29763540,41,,735647
5281,2026-10-03T09:24:49,2026-10-03T07:50:10,Chaos Core,725940,21052260,29,,735647
5282,2026-10-03T09:24:52,2026-10-03T07:50:10,Chaos Core,725940,2903760,4,,735647
5283,2026-10-03T09:25:02,2026-10-03T07:50:10,Chaos Core,727119,128700063,177,,735647
5284,2026-10-03T09:35:22,2026-10-03T07:50:10,Chaos Core,730000,48180000,66,,735639
5285,2026-10-03T09:35:29,2026-10-03T07:50:10,Chaos Core,730000,181770000,249,,735639
5286,2026-10-03T09:37:15,2026-10-03T07:50:10,Chaos Core,730000,13870000,19,,735639
5287,2026-10-03T09:37:21,2026-10-03T07:50:10,Chaos Core,730000,17520000,24,,735639
5288,2026-10-03T09:37:36,2026-10-03T07:50:10,Chaos Core,730000,181770000,249,,735639
5289,2026-10-03T09:37:43,2026-10-03T07:50:10,Chaos Core,730000,1460000,2,,735639
5290,2026-10-03T09:39:31,2026-10-03T07:50:10,Chaos Core,730000,8760000,12,,735641
5291,2026-10-03T09:39:35,2026-10-03T07:50:10,Chaos Core,728800,26965600,37,,735641
5292,2026-10-03T09:39:46,2026-10-03T07:50:10,Chaos Core,730263,730263,1,,735641
5293,2026-10-03T09:39:51,2026-10-03T07:50:10,Chaos Core,728800,174183200,239,,735641
5294,2026-10-03T09:40:02,2026-10-03T07:50:10,Chaos Core,730263,730263,1,,735641
5295,2026-10-03T09:40:13,2026-10-03T07:50:10,Chaos Core,730263,730263,1,,735641
5296,2026-10-03T09:46:44,2026-10-03T07:50:10,Chaos Core,728999,29159960,40,,735631
5297,2026-10-03T09:46:48,2026-10-03T07:50:10,Chaos Core,727713,33474798,46,,735631
5298,2026-10-03T09:46:54,2026-10-03T07:50:10,Chaos Core,727713,53123049,73,,735631
5299,2026-10-03T09:52:10,2026-10-03T07:50:10,Chaos Core,727073,75615592,104,,735622
5300,2026-10-03T09:52:21,2026-10-03T07:50:10,Chaos Core,727073,727073,1,,735622
5301,2026-10-03T09:53:08,2026-10-03T07:50:10,Chaos Core,727073,79978030,110,,735621
5302,2026-10-03T09:53:26,2026-10-03T07:50:10,Chaos Core,731000,731000,1,,735621
5303,2026-10-03T09:54:14,2026-10-03T07:50:10,Chaos Core,727073,83613395,115,,735618
5304,2026-10-03T09:54:33,2026-10-03T07:50:10,Chaos Core,731000,1462000,2,,735618
5305,2026-10-03T09:55:20,2026-10-03T07:50:10,Chaos Core,726469,55938113,77,,735617
5306,2026-10-03T09:55:27,2026-10-03T07:50:10,Chaos Core,727073,14541460,20,,735617
5307,2026-10-03T09:55:38,2026-10-03T07:50:10,Chaos Core,728999,728999,1,,735617
5308,2026-10-03T09:56:33,2026-10-03T07:50:10,Chaos Core,725880,55892760,77,,735617
5309,2026-10-03T09:56:39,2026-10-03T07:50:10,Chaos Core,725880,1451760,2,,735617
5310,2026-10-03T10:01:23,2026-10-03T07:50:10,Armor Account bind Unseal Stone,187999494,187999494,1,,
5311,2026-10-03T10:19:35,2026-10-03T07:50:10,Chaos Core,728900,728900,1,,735539
5312,2026-10-03T10:19:48,2026-10-03T07:50:10,Chaos Core,735044,12495748,17,,735539
5313,2026-10-03T10:22:56,2026-10-03T07:50:10,Chaos Core,725000,173275000,239,,735525
5314,2026-10-03T10:23:02,2026-10-03T07:50:10,Chaos Core,736840,736840,1,,735525
5315,2026-10-03T10:32:23,2026-10-03T07:50:10,Force Core Set (Highest) X 10,189999,37999980,200,,195465
5316,2026-10-03T10:32:53,2026-10-03T07:50:10,Force Core Set (Highest) X 10,189999,3799998,20,,195465
5317,2026-10-03T10:37:16,2026-10-03T07:50:10,Chaos Core,727508,143319076,197,,735473
5318,2026-10-03T10:37:20,2026-10-03T07:50:10,Chaos Core,727508,727508,1,,735473
5319,2026-10-03T10:42:23,2026-10-03T07:50:10,Chaos Core,724575,42025350,58,,735460
5320,2026-10-03T10:42:30,2026-10-03T07:50:10,Chaos Core,724575,140567550,194,,735460
5321,2026-10-03T10:43:43,2026-10-03T07:50:10,Chaos Core,724575,45648225,63,,735454
5322,2026-10-03T10:43:47,2026-10-03T07:50:10,Chaos Core,724575,24635550,34,,735454
5323,2026-10-03T10:44:01,2026-10-03T07:50:10,Chaos Core,724575,6521175,9,,735454
5324,2026-10-03T10:44:18,2026-10-03T07:50:10,Chaos Core,726338,152530980,210,,735454
5325,2026-10-03T10:44:29,2026-10-03T07:50:10,Chaos Core,726338,1452676,2,,735454
5326,2026-10-03T10:55:21,2026-10-03T07:50:10,Force Core Set (High) X 46,133210,6127660,46,,165000
5327,2026-10-03T10:55:24,2026-10-03T07:50:10,Force Core Set (High) X 100,133210,13321000,100,,165000
5328,2026-10-03T10:55:26,2026-10-03T07:50:10,Force Core Set (High) X 80,133220,10657600,80,,165000
5329,2026-10-03T11:07:06,2026-10-03T07:50:10,Chaos Core,720201,38890854,54,,735378
5330,2026-10-03T11:08:02,2026-10-03T07:50:10,Chaos Core,722034,14440680,20,,735378
5331,2026-10-03T11:08:21,2026-10-03T07:50:10,Chaos Core,723863,64423807,89,,735378
5332,2026-10-03T11:08:32,2026-10-03T07:50:10,Chaos Core,723863,723863,1,,735378
5333,2026-10-03T11:08:43,2026-10-03T07:50:10,Chaos Core,724488,724488,1,,735378
5334,2026-10-04T05:54:23,2026-10-04T05:51:27,Chaos Core,703839,80237646,114,,722451
5335,2026-10-04T05:54:31,2026-10-04T05:51:27,Chaos Core,703839,34488111,49,,722451
5336,2026-10-04T05:54:39,2026-10-04T05:51:27,Chaos Core,703839,1407678,2,,722451
5337,2026-10-04T06:02:08,2026-10-04T05:59:14,Chaos Core,703839,4223034,6,,722445
5338,2026-10-04T06:02:14,2026-10-04T05:59:14,Chaos Core,703839,23226687,33,,722445
5339,2026-10-04T06:02:57,2026-10-04T05:59:14,Force Core Set (Ultimate) X 1,308771,617542,2,,320000
5340,2026-10-04T06:23:51,2026-10-04T05:59:14,Force Core Set (High) X 44,158585,6977740,44,,165000
5341,2026-10-04T06:38:02,2026-10-04T05:59:14,Force Core Set (High) X 1,158585,3171700,20,,165000
5342,2026-10-04T06:44:01,2026-10-04T05:59:14,Chaos Core,704453,26769214,38,,722315
5343,2026-10-04T06:44:03,2026-10-04T05:59:14,Chaos Core,704453,704453,1,,722315
5344,2026-10-04T06:45:08,2026-10-04T05:59:14,Chaos Core,709358,709358,1,,722315
5345,2026-10-04T06:45:12,2026-10-04T05:59:14,Chaos Core,704453,11271248,16,,722315
5346,2026-10-04T06:45:18,2026-10-04T05:59:14,Chaos Core,704453,23951402,34,,722315
5347,2026-10-04T06:46:13,2026-10-04T05:59:14,Force Core Set (High) X 1,158585,951510,6,,165000
5348,2026-10-04T06:50:25,2026-10-04T05:59:14,Force Core Set (Highest) X 1,176893,3714753,21,,194840
5349,2026-10-04T06:52:53,2026-10-04T05:59:14,Chaos Core,702000,52650000,75,,722279
5350,2026-10-04T06:53:04,2026-10-04T05:59:14,Chaos Core,704453,72558659,103,,722279
5351,2026-10-04T06:53:14,2026-10-04T05:59:14,Chaos Core,704453,1408906,2,,722279
5352,2026-10-04T06:54:10,2026-10-04T05:59:14,Chaos Core,704453,72558659,103,,722278
5353,2026-10-04T06:54:20,2026-10-04T05:59:14,Chaos Core,704453,24655855,35,,722278
5354,2026-10-04T06:58:42,2026-10-04T05:59:14,Chaos Core,700289,18207514,26,,722262
5355,2026-10-04T06:58:53,2026-10-04T05:59:14,Chaos Core,704453,80307642,114,,722262
5356,2026-10-04T06:59:06,2026-10-04T05:59:14,Chaos Core,704453,81012095,115,,722262
5357,2026-10-04T07:07:01,2026-10-04T05:59:14,Chaos Core,712653,13540407,19,,722224
5358,2026-10-04T07:07:07,2026-10-04T05:59:14,Chaos Core,712653,115449786,162,,722224
5359,2026-10-04T07:07:57,2026-10-04T05:59:14,Chaos Core,712653,1425306,2,,722224
5360,2026-10-04T07:08:57,2026-10-04T05:59:14,Force Core Set (Highest) X 1,176893,7606399,43,,194836
5361,2026-10-04T07:08:59,2026-10-04T05:59:14,Force Core Set (Highest) X 3,176893,530679,3,,194836
5362,2026-10-04T07:09:02,2026-10-04T05:59:14,Force Core Set (Highest) X 148,176893,26180164,148,,194836
5363,2026-10-04T07:09:04,2026-10-04T05:59:14,Force Core Set (Highest) X 50,182421,9121050,50,,194836
5364,2026-10-04T07:09:33,2026-10-04T05:59:14,Force Core Set (Highest) X 81,182421,14776101,81,,194834
5365,2026-10-04T07:09:35,2026-10-04T05:59:14,Force Core Set (Highest) X 189,182421,34477569,189,,194834
5366,2026-10-04T07:10:55,2026-10-04T05:59:14,Armor Account bind Seal Stone,187499999,187499999,1,,
5367,2026-10-04T07:16:42,2026-10-04T05:59:14,Chaos Core,710268,29120988,41,,722195
5368,2026-10-04T07:16:50,2026-10-04T05:59:14,Chaos Core,712653,9264489,13,,722195
5369,2026-10-04T07:17:01,2026-10-04T05:59:14,Chaos Core,712653,126139581,177,,722195
5370,2026-10-04T07:27:19,2026-10-04T05:59:14,Chaos Core,710958,19195866,27,,722163
5371,2026-10-04T07:27:23,2026-10-04T05:59:14,Chaos Core,710958,23461614,33,,722163
5372,2026-10-04T07:43:37,2026-10-04T07:39:05,Chaos Core,709165,59569860,84,,722136
5373,2026-10-04T07:43:43,2026-10-04T07:39:05,Chaos Core,709165,175872920,248,,722136
5374,2026-10-04T07:43:49,2026-10-04T07:39:05,Chaos Core,709168,709168,1,,722136
5375,2026-10-04T07:44:55,2026-10-04T07:39:05,Chaos Core,709168,9928352,14,,722134
5376,2026-10-04T07:45:05,2026-10-04T07:39:05,Chaos Core,711572,30597596,43,,722134
5377,2026-10-04T07:48:39,2026-10-04T07:39:05,Chaos Core,709386,38306844,54,,722118
5378,2026-10-04T08:03:31,2026-10-04T07:39:05,Chaos Core,702257,12640626,18,,722057
5379,2026-10-04T08:03:40,2026-10-04T07:39:05,Chaos Core,704117,45063488,64,,722057
5380,2026-10-04T08:03:44,2026-10-04T07:39:05,Chaos Core,701730,43507260,62,,722057
5381,2026-10-04T08:34:35,2026-10-04T08:28:21,Chaos Core,695659,6956590,10,,721932
5382,2026-10-04T08:34:38,2026-10-04T08:28:21,Chaos Core,693214,39513198,57,,721932
5383,2026-10-04T08:34:48,2026-10-04T08:28:21,Chaos Core,695659,141218777,203,,721932
5384,2026-10-04T08:35:53,2026-10-04T08:28:21,Armor Account bind Unseal Stone,187499999,187499999,1,,
5385,2026-10-04T09:11:44,2026-10-04T08:28:21,Force Core Set (High) X 1,159157,7639536,48,,165000
5386,2026-10-04T09:57:07,2026-10-04T08:28:21,Force Core Set (High) X 1,159100,159100,1,,165000
5387,2026-10-04T09:57:09,2026-10-04T08:28:21,Force Core Set (High) X 1,159100,159100,1,,165000
5388,2026-10-04T09:57:12,2026-10-04T08:28:21,Force Core Set (High) X 9,159100,1431900,9,,165000
5389,2026-10-04T09:57:14,2026-10-04T08:28:21,Force Core Set (High) X 10,159100,1591000,10,,165000
5390,2026-10-04T09:57:17,2026-10-04T08:28:21,Force Core Set (High) X 36,159100,5727600,36,,165000
5391,2026-10-04T10:21:51,2026-10-04T08:28:21,Chaos Core,687488,49499136,72,,700000
5392,2026-10-04T10:21:58,2026-10-04T08:28:21,Chaos Core,688162,33031776,48,,700000
5393,2026-10-04T10:22:04,2026-10-04T08:28:21,Chaos Core,690000,690000,1,,700000
5394,2026-10-04T10:22:12,2026-10-04T08:28:21,Chaos Core,690000,42780000,62,,700000
