id,at,run,item,price,proceeds,qty,note,cost
1,2026-08-29T09:53:28,2026-08-29T09:47:30,Force Core(Highest),209992,1889928,9,,
2,2026-08-29T09:54:11,2026-08-29T09:47:30,Upgrade Core (Ultimate),474106,47410600,100,,
3,2026-08-29T09:54:32,2026-08-29T09:47:30,Upgrade Core (Ultimate),474105,118526250,250,,
4,2026-08-29T09:54:36,2026-08-29T09:47:30,Upgrade Core (Ultimate),474104,47410400,100,,
5,2026-08-29T09:56:29,2026-08-29T09:47:30,Force Core(High,199993,999965,5,,
6,2026-08-29T09:58:23,2026-08-29T09:47:30,Force Core(Highest,209986,6299580,30,,
7,2026-08-29T09:58:53,2026-08-29T09:47:30,Force Core(High,199991,5999730,30,,
8,2026-08-29T09:59:23,2026-08-29T09:47:30,Upgrade Core (Ultimate,474103,14223090,30,,
9,2026-08-29T10:00:37,2026-08-29T09:47:30,Force Core(Highest,209984,20998400,100,,
10,2026-08-29T10:01:20,2026-08-29T09:47:30,Force Core(High,199989,15999120,80,,
11,2026-08-29T10:02:47,2026-08-29T09:47:30,Force Core(Highest,209982,41996400,200,,
12,2026-08-29T10:15:54,2026-08-29T09:47:30,Force Core(High,199982,11198992,56,,
13,2026-08-29T10:16:10,2026-08-29T09:47:30,Force Core(High,199981,9999050,50,,
14,2026-08-29T10:18:40,2026-08-29T09:47:30,Force Core(Highest,209968,6509008,31,,
15,2026-08-29T10:18:44,2026-08-29T09:47:30,Force Core(High,199988,13399196,67,,
16,2026-08-29T10:21:16,2026-08-29T09:47:30,Force Core(Highest,209958,4199160,20,,
17,2026-08-29T10:29:08,2026-08-29T09:47:30,Force Core(High),199981,9999050,50,,
18,2026-08-29T10:35:21,2026-08-29T09:47:30,Force Core(Highest,209948,10497400,50,,
19,2026-08-29T10:35:37,2026-08-29T09:47:30,Force Core(High,199980,9799020,49,,
20,2026-08-29T10:35:53,2026-08-29T09:47:30,Upgrade Core (Ultimate,474083,19437403,41,,
21,2026-08-29T10:35:57,2026-08-29T09:47:30,Upgrade Core (Ultimate,474082,5688984,12,,
22,2026-08-29T10:36:55,2026-08-29T09:47:30,Force Core(High,199979,19997900,100,,
23,2026-08-29T10:49:36,2026-08-29T09:47:30,Force Core(High,199972,5599216,28,,
24,2026-08-29T10:52:45,2026-08-29T09:47:30,Force Core(Highest,209938,2309318,11,,
25,2026-08-29T10:56:21,2026-08-29T09:47:30,Force Core(High,199968,999840,5,,
26,2026-08-29T10:57:32,2026-08-29T09:47:30,Force Core(High,199967,999835,5,,
27,2026-08-29T10:58:17,2026-08-29T09:47:30,Upgrade Core (Ultimate,474066,72058032,152,,
28,2026-08-29T11:00:59,2026-08-29T09:47:30,Upgrade Core (Ultimate,474065,9481280,19,,
29,2026-08-29T11:01:15,2026-08-29T09:47:30,Upgrade Core (Ultimate,474064,23703150,49,,
30,2026-08-29T11:06:02,2026-08-29T09:47:30,Force Core(High,199972,8998740,45,,
31,2026-08-29T11:10:38,2026-08-29T09:47:30,Upgrade Core (Ultimate,474051,18962000,39,,
32,2026-08-29T11:14:47,2026-08-29T09:47:30,Force Core(Highest,209924,2099240,10,,
33,2026-08-29T11:19:37,2026-08-29T09:47:30,Upgrade Core (Ultimate,474038,27020166,57,,
34,2026-08-29T11:22:11,2026-08-29T09:47:30,Upgrade Core (Ultimate,474035,18961400,40,,
35,2026-08-29T11:30:29,2026-08-29T09:47:30,Upgrade Core (Ultimate,474026,4740260,10,,
36,2026-08-29T11:33:17,2026-08-29T09:47:30,Upgrade Core (Ultimate,474023,2370115,5,,
37,2026-08-29T11:49:48,2026-08-29T09:47:30,Upgrade Core (Ultimate,470005,23030245,49,,
38,2026-08-29T12:10:36,2026-08-29T09:47:30,Force Core(Highest,209881,2308691,11,,
39,2026-08-29T12:14:47,2026-08-29T09:47:30,Upgrade Core (Ultimate,469977,1879904,3,,
40,2026-08-29T12:21:05,2026-08-29T09:47:30,Upgrade Core (Ultimate,469969,28198140,60,,
41,2026-08-29T12:40:41,2026-08-29T09:47:30,Force Core(Highest,209849,16787920,80,,
42,2026-08-29T12:41:39,2026-08-29T09:47:30,Force Core(Highest,209848,12381032,59,,
43,2026-08-29T12:41:42,2026-08-29T09:47:30,Chaos Core Set X 147,671191,101349884,151,,
44,2026-08-29T12:42:13,2026-08-29T09:47:30,Chaos Core Set X 144,670818,99281087,148,,
45,2026-08-29T12:42:44,2026-08-29T09:47:30,Upgrade Core (Ultimate,469944,15038208,32,,
46,2026-08-29T12:43:43,2026-08-29T09:47:30,Force Core(Highest,209848,95144237,453,,
47,2026-08-29T12:48:09,2026-08-29T09:47:30,Chaos Core Set X 144 1,670812,99280223,148,,
48,2026-08-29T13:35:31,2026-08-29T09:47:30,Upgrade Core (Ultimate,469883,4228947,9,,
49,2026-08-29T13:36:15,2026-08-29T09:47:30,Force Core(Highest,209753,10487650,50,,
50,2026-08-29T13:51:00,2026-08-29T09:47:30,Force Core(High,208991,7314685,35,,
51,2026-08-29T13:53:39,2026-08-29T09:47:30,Force Core(High,208988,1044940,5,,
52,2026-08-29T14:03:09,2026-08-29T09:47:30,Force Core(High,208980,1253880,6,,
53,2026-08-29T14:19:02,2026-08-29T09:47:30,Force Core(Highest,209680,8596880,41,,
54,2026-08-29T14:19:18,2026-08-29T09:47:30,Force Core(Highest,209679,419358,2,,
55,2026-08-29T14:34:53,2026-08-29T09:47:30,Force Core(High,204999,1639992,8,,
56,2026-08-29T14:35:10,2026-08-29T09:47:30,Force Core(High,204998,3689964,18,,
57,2026-08-29T14:43:56,2026-08-29T09:47:30,Force Core(High,204997,10249850,50,,
58,2026-08-29T14:48:08,2026-08-29T09:47:30,Force Core(High,199997,3999940,20,,
59,2026-08-29T14:49:59,2026-08-29T09:47:30,Force Core(High,199996,5199896,26,,
60,2026-08-29T14:52:46,2026-08-29T09:47:30,Force Core(Highest,199991,29998650,150,,
61,2026-08-29T14:53:03,2026-08-29T09:47:30,Force Core(High,199994,799976,4,,
62,2026-08-29T14:56:05,2026-08-29T09:47:30,Force Core(High,199992,5999760,30,,
63,2026-08-29T14:58:38,2026-08-29T09:47:30,Force Core(Highest,199986,4999650,25,,
64,2026-08-29T14:58:55,2026-08-29T09:47:30,Force Core(Highest,199985,799940,4,,
65,2026-08-29T15:07:23,2026-08-29T09:47:30,Upgrade Core (Ultimate,469808,37584640,80,,
66,2026-08-29T15:08:08,2026-08-29T09:47:30,Force Core(High,199984,15998720,80,,
67,2026-08-29T15:10:41,2026-08-29T09:47:30,Force Core(Highest,199975,21397325,107,,
68,2026-08-29T15:10:45,2026-08-29T09:47:30,Force Core(Highest,199974,10998570,55,,
69,2026-08-29T15:13:06,2026-08-29T09:47:30,Upgrade Core (Ultimate,469803,52148133,111,,
70,2026-08-29T15:17:02,2026-08-29T09:47:30,Upgrade Core (Ultimate,469802,12684654,27,,
71,2026-08-29T15:17:19,2026-08-29T09:47:30,Upgrade Core (Ultimate,469801,14094030,30,,
72,2026-08-29T15:19:53,2026-08-29T09:47:30,Upgrade Core (Ultimate,469799,9395980,20,,
73,2026-08-29T15:29:42,2026-08-29T09:47:30,Force Core(High,199963,1999630,10,,
74,2026-08-29T15:30:41,2026-08-29T09:47:30,Force Core(High,199962,1999620,10,,
75,2026-08-29T15:39:36,2026-08-29T15:36:53,Chaos Core Set X 165,709022,116988794,165,,
76,2026-08-29T15:39:39,2026-08-29T15:36:53,Force Core(High,199957,199957,1,,
77,2026-08-29T15:43:05,2026-08-29T15:36:53,Upgrade Core (Ultimate,469790,34033007,72,,
78,2026-08-29T15:47:22,2026-08-29T15:36:53,Chaos Core Set X 144,709021,102099167,144,,
79,2026-08-29T15:50:14,2026-08-29T15:36:53,Force Core(High,199950,44707574,223,,
80,2026-08-29T15:50:30,2026-08-29T15:36:53,Force Core(Highest,226942,45615141,200,,
81,2026-08-29T15:56:50,2026-08-29T15:36:53,Force Core(High,199947,1399629,7,,
82,2026-08-29T15:58:02,2026-08-29T15:36:53,Force Core(High,199946,36700110,183,,
83,2026-08-29T15:58:18,2026-08-29T15:36:53,Force Core(Highest),239870,59967250,249,,
84,2026-08-29T16:01:53,2026-08-29T15:36:53,Force Core(Highest,239866,11993250,49,,
85,2026-08-29T16:02:09,2026-08-29T15:36:53,Force Core(Highest),239870,4797280,19,,
86,2026-08-29T16:23:20,2026-08-29T16:20:20,Force Core(High,199944,2999160,15,,
87,2026-08-29T16:35:40,2026-08-29T16:31:45,Chaos Core Set X 138,719418,97840895,136,,
88,2026-08-29T16:35:57,2026-08-29T16:31:45,Chaos Core Set X 144,718976,102094703,142,,
89,2026-08-29T16:36:00,2026-08-29T16:31:45,Chaos Core Set X 165,717689,116983349,163,,
90,2026-08-29T16:36:04,2026-08-29T16:31:45,Force Core(High,203846,4076920,20,,
91,2026-08-29T16:36:47,2026-08-29T16:31:45,Chaos Core Set X 150,718569,106348349,148,,
92,2026-08-29T16:46:46,2026-08-29T16:31:45,Chaos Core Set X 144,718934,103526639,144,,
93,2026-08-29T16:47:04,2026-08-29T16:31:45,Chaos Core Set X 156,718932,112153547,156,,
94,2026-08-29T16:55:24,2026-08-29T16:31:45,Force Core(High,203846,14473066,71,,
95,2026-08-29T17:12:27,2026-08-29T16:31:45,Upgrade Core (Ultimate,469739,5636868,12,,
96,2026-08-29T17:15:23,2026-08-29T16:31:45,Force Core(Highest,239833,2398330,10,,
97,2026-08-29T17:17:54,2026-08-29T16:31:45,Force Core(Highest,239831,31178030,130,,
98,2026-08-29T17:25:25,2026-08-29T16:31:45,Force Core(Highest,239826,8633736,36,,
99,2026-08-29T17:35:52,2026-08-29T16:31:45,Force Core(High,208999,5851972,28,,
100,2026-08-29T17:38:33,2026-08-29T16:31:45,Force Core(High,208999,2925986,14,,
101,2026-08-29T17:39:55,2026-08-29T16:31:45,Force Core(Highest,239816,8153744,34,,
102,2026-08-29T17:39:58,2026-08-29T16:31:45,Force Core(Highest,239815,14388900,60,,
103,2026-08-29T17:40:57,2026-08-29T16:31:45,Force Core(High,208999,2089990,10,,
104,2026-08-29T17:47:20,2026-08-29T16:31:45,Force Core(Highest),239867,7196010,30,,
105,2026-08-29T17:47:36,2026-08-29T16:31:45,Force Core(Highest),239866,719598,3,,
106,2026-08-29T17:49:37,2026-08-29T16:31:45,Force Core(High,208999,4179980,20,,
107,2026-08-29T17:50:07,2026-08-29T16:31:45,Force Core(Highest,239865,14391900,60,,
108,2026-08-29T17:58:55,2026-08-29T16:31:45,Force Core(Highest,239859,18229284,76,,
109,2026-08-29T18:54:25,2026-08-29T18:52:15,Upgrade Core (Ultimate,469705,61531355,131,,
110,2026-08-29T18:54:28,2026-08-29T18:52:15,Chaos Core Set X 138,718828,99198401,138,,
111,2026-08-29T18:54:32,2026-08-29T18:52:15,Chaos Core Set X 138,718827,99198263,138,,
112,2026-08-29T18:54:36,2026-08-29T18:52:15,Chaos Core Set X 162,718826,116449973,162,,
113,2026-08-29T18:54:39,2026-08-29T18:52:15,Chaos Core Set X 144,718825,103510943,144,,
114,2026-08-29T18:54:43,2026-08-29T18:52:15,Force Core(High,208995,8359800,40,,
115,2026-08-29T18:55:12,2026-08-29T18:52:15,Force Core(Highest,239857,11992850,50,,
116,2026-08-29T18:55:29,2026-08-29T18:52:15,Force Core(High,208994,28214190,135,,
117,2026-08-29T19:11:10,2026-08-29T18:52:15,Force Core(High,208966,2089660,10,,
118,2026-08-29T19:51:18,2026-08-29T18:52:15,Force Core(High,199980,12798720,64,,
119,2026-08-29T19:57:53,2026-08-29T18:52:15,Force Core(High,199969,5999070,30,,
120,2026-08-29T19:59:17,2026-08-29T18:52:15,Force Core(High,199965,37193490,186,,
121,2026-08-29T20:00:14,2026-08-29T18:52:15,Force Core(High,199961,2999415,15,,
122,2026-08-29T20:00:30,2026-08-29T18:52:15,Force Core(High,199960,15196960,76,,
123,2026-08-29T20:04:36,2026-08-29T18:52:15,Force Core(High,199952,1399664,7,,
124,2026-08-29T20:05:20,2026-08-29T18:52:15,Chaos Core Set X 135,719995,112319219,135,,
125,2026-08-29T20:17:03,2026-08-29T18:52:15,Force Core(High,199925,2399100,12,,
126,2026-08-29T20:19:13,2026-08-29T18:52:15,Force Core(Highest,239824,35973600,150,,
127,2026-08-29T20:21:18,2026-08-29T18:52:15,Force Core(High,199916,5997480,30,,
128,2026-08-29T20:21:34,2026-08-29T18:52:15,Chaos Core Set X 153,722034,105417000,146,,
129,2026-08-29T20:21:38,2026-08-29T18:52:15,Chaos Core Set X 135,721046,93015000,129,,
130,2026-08-29T20:21:41,2026-08-29T18:52:15,Chaos Core Set X 141,719622,97149000,135,,
131,2026-08-29T20:23:46,2026-08-29T18:52:15,Force Core(Highest,239822,11991100,50,,
132,2026-08-29T20:24:02,2026-08-29T18:52:15,Force Core(Highest,239821,2398210,10,,
133,2026-08-29T20:25:53,2026-08-29T18:52:15,Force Core(High,199907,1999070,10,,
134,2026-08-29T20:30:28,2026-08-29T18:52:15,Force Core(Highest,239820,1438920,6,,
135,2026-08-29T20:30:31,2026-08-29T18:52:15,Force Core(Highest,239819,5755656,24,,
136,2026-08-29T20:35:46,2026-08-29T18:52:15,Force Core(High,199892,19789110,98,,
137,2026-08-29T20:36:03,2026-08-29T18:52:15,Force Core(High,199891,29183794,145,,
138,2026-08-29T20:40:19,2026-08-29T18:52:15,Force Core(High,199888,20188688,101,,
139,2026-08-29T20:47:13,2026-08-29T18:52:15,Chaos Core Set X 138,719982,112317191,138,,
140,2026-08-29T21:00:07,2026-08-29T18:52:15,Force Core(High,199863,30179313,151,,
141,2026-08-29T21:00:11,2026-08-29T18:52:15,Force Core(High,199862,5995860,30,,
142,2026-08-29T21:03:52,2026-08-29T18:52:15,Force Core(High,199859,20385618,102,,
143,2026-08-29T21:07:10,2026-08-29T18:52:15,Force Core(High,199857,5995710,30,,
144,2026-08-29T21:31:17,2026-08-29T18:52:15,Force Core(High,199821,1998210,10,,
145,2026-08-29T21:37:15,2026-08-29T18:52:15,Force Core(Highest,204424,408849,2,,
146,2026-08-29T22:35:42,2026-08-29T22:28:22,Force Core(High,199809,23577462,118,,
147,2026-08-29T22:35:58,2026-08-29T22:28:22,Force Core(High,199808,12787712,64,,
148,2026-08-29T22:36:02,2026-08-29T22:28:22,Force Core(High,199807,38562751,193,,
149,2026-08-29T22:36:18,2026-08-29T22:28:22,Force Core(High,199806,29571288,148,,
150,2026-08-29T23:00:16,2026-08-29T22:28:22,Force Core(High,199798,5993940,30,,
151,2026-08-29T23:07:38,2026-08-29T22:28:22,Force Core(High,199791,1798119,9,,
152,2026-08-29T23:09:43,2026-08-29T22:28:22,Chaos Core Set X 144,717997,103391711,144,,
153,2026-08-29T23:09:47,2026-08-29T22:28:22,Chaos Core Set X 144,717996,103391567,144,,
154,2026-08-29T23:12:04,2026-08-29T22:28:22,Chaos Core Set X 144,717994,103391279,144,,
155,2026-08-29T23:12:07,2026-08-29T22:28:22,Chaos Core Set X 141,717993,101237153,141,,
156,2026-08-29T23:53:57,2026-08-29T23:48:19,Force Core(High,199776,5993280,30,,
157,2026-08-29T23:55:23,2026-08-29T23:48:19,Chaos Core Set X 159,719525,1062684999,1422,,
158,2026-08-29T23:58:54,2026-08-29T23:48:19,Chaos Core Set X 138,717986,116313731,138,,
159,2026-08-30T00:05:24,2026-08-29T23:48:19,Force Core(High,199765,22972975,115,,
160,2026-08-30T00:05:27,2026-08-29T23:48:19,Force Core(High,199764,48143124,241,,
161,2026-08-30T00:05:31,2026-08-29T23:48:19,Force Core(High,199763,12385306,62,,
162,2026-08-30T00:05:35,2026-08-29T23:48:19,Force Core(High,199762,1997620,10,,
163,2026-08-30T00:12:41,2026-08-29T23:48:19,Force Core(Highest,294970,23892570,81,,
164,2026-08-30T00:14:06,2026-08-29T23:48:19,Force Core(High),234998,9399920,40,,
165,2026-08-30T00:17:36,2026-08-29T23:48:19,Force Core(High,234994,2114946,9,,
166,2026-08-30T00:19:05,2026-08-29T23:48:19,Force Core(Highest,294964,5899280,20,,
167,2026-08-30T00:19:21,2026-08-29T23:48:19,Chaos Core Set X 138,715988,98806481,138,,
168,2026-08-30T00:19:25,2026-08-29T23:48:19,Chaos Core Set X 147,715987,105250235,147,,
169,2026-08-30T00:19:28,2026-08-29T23:48:19,Chaos Core Set X 162,715986,115989893,162,,
170,2026-08-30T00:19:32,2026-08-29T23:48:19,Chaos Core Set X 138,715985,98806067,138,,
171,2026-08-30T00:19:49,2026-08-29T23:48:19,Force Core(High,234993,2349930,10,,
172,2026-08-30T00:20:51,2026-08-29T23:48:19,Upgrade Core (Ultimate,469618,1408854,3,,
173,2026-08-30T00:34:17,2026-08-29T23:48:19,Force Core(High,234988,2114892,9,,
174,2026-09-14T00:01:25,2026-09-13T23:47:55,Chaos Core Set,724999,106574999,147,,
175,2026-09-14T00:01:29,2026-09-13T23:47:55,Chaos Core Set,724998,106574852,147,,
176,2026-09-14T00:01:58,2026-09-13T23:47:55,Chaos Core Set,724997,106574705,147,,
177,2026-09-14T00:11:53,2026-09-13T23:47:55,Chaos Core Set X 129,724995,93524483,129,,
178,2026-09-14T00:13:52,2026-09-13T23:47:55,Chaos Core Set,724995,113824371,157,,
179,2026-09-14T00:14:02,2026-09-13T23:47:55,Chaos Core Set,724994,110924234,153,,
180,2026-09-14T00:59:04,2026-09-13T23:47:55,Chaos Core Set X 138,724955,100043927,138,,
181,2026-09-14T00:59:14,2026-09-13T23:47:55,Chaos Core Set X 141,724954,102218654,141,,
182,2026-09-14T00:59:24,2026-09-13T23:47:55,Chaos Core Set X 144,724953,104393375,144,,
183,2026-09-14T01:06:15,2026-09-13T23:47:55,Force Core (Ultimate,440608,44060800,100,,
184,2026-09-14T01:07:34,2026-09-13T23:47:55,Chaos Core Set,724952,119617244,165,,
185,2026-09-14T01:22:59,2026-09-13T23:47:55,Chaos Core Set X 153,724940,110915972,153,,
186,2026-09-14T01:23:09,2026-09-13T23:47:55,Chaos Core Set X 153,724939,110915819,153,,
187,2026-09-14T01:31:15,2026-09-13T23:47:55,Chaos Core Set,724938,108740849,150,,
188,2026-09-14T01:37:07,2026-09-13T23:47:55,Chaos Core Set X 3,724937,2174813,3,,
189,2026-09-14T01:37:16,2026-09-13T23:47:55,Chaos Core Set X 9,724936,6524432,9,,
190,2026-09-14T01:37:26,2026-09-13T23:47:55,Chaos Core Set,724935,119614439,165,,
191,2026-09-14T01:43:04,2026-09-13T23:47:55,Force Core (Ultimate,440009,110002250,250,,
192,2026-09-14T01:43:08,2026-09-13T23:47:55,Force Core (Ultimate,440008,40040728,91,,
193,2026-09-14T01:48:01,2026-09-13T23:47:55,Force Core(Highest,199000,4975000,25,,
194,2026-09-14T01:48:55,2026-09-13T23:47:55,Force Core (Ultimate,439998,109999500,250,,
195,2026-09-14T01:52:44,2026-09-13T23:47:55,Force Core(Highest,199000,4378000,22,,
196,2026-09-14T01:57:19,2026-09-13T23:47:55,Force Core(Highest,199990,599970,3,,
197,2026-09-14T05:59:20,2026-09-14T05:48:52,Force Core(Highest,199990,599970,3,,
198,2026-09-14T06:01:06,2026-09-14T05:48:52,Force Core(Highest),209920,8396800,40,,
199,2026-09-14T06:06:51,2026-09-14T05:48:52,Upgrade Core (Ultimate,478811,14364330,30,,
200,2026-09-14T06:11:12,2026-09-14T05:48:52,Force Core (Ultimate,439982,8359658,19,,
201,2026-09-14T06:32:55,2026-09-14T05:48:52,Force Core(Highest,209909,10495450,50,,
202,2026-09-14T06:34:15,2026-09-14T05:48:52,Chaos Core Set X 141,765855,102624593,134,,
203,2026-09-14T06:55:53,2026-09-14T05:48:52,Chaos Core Set X 147,766201,107268252,140,,
204,2026-09-14T07:02:33,2026-09-14T05:48:52,Force Core(Highest,209888,6086752,29,,
205,2026-09-14T07:08:05,2026-09-14T05:48:52,Chaos Core Set X 141,763986,107722166,141,,
206,2026-09-14T07:16:37,2026-09-14T05:48:52,Force Core (Ultimate,439947,21997350,50,,
207,2026-09-14T07:16:53,2026-09-14T05:48:52,Force Core (Ultimate,439946,879892,2,,
208,2026-09-14T07:17:35,2026-09-14T05:48:52,Upgrade Core (Ultimate,478746,2393730,5,,
209,2026-09-14T07:23:42,2026-09-14T05:48:52,Upgrade Core (Ultimate,478741,9574820,20,,
210,2026-09-14T07:28:09,2026-09-14T05:48:52,Force Core (Ultimate,439943,87988600,200,,
211,2026-09-14T07:46:27,2026-09-14T07:43:16,Force Core(High,210143,19333156,92,,
212,2026-09-14T07:46:43,2026-09-14T07:43:16,Force Core(High,210142,21644626,103,,
213,2026-09-14T07:46:46,2026-09-14T07:43:16,Force Core (Ultimate,439978,21118944,48,,
214,2026-09-14T07:46:50,2026-09-14T07:43:16,Upgrade Core (Ultimate,478734,119683500,250,,
215,2026-09-14T07:46:54,2026-09-14T07:43:16,Upgrade Core (Ultimate,478733,119683250,250,,
216,2026-09-14T07:46:57,2026-09-14T07:43:16,Upgrade Core (Ultimate,478732,119683000,250,,
217,2026-09-14T07:47:01,2026-09-14T07:43:16,Upgrade Core (Ultimate,478731,93352545,195,,
218,2026-09-14T07:48:23,2026-09-14T07:43:16,Force Core(Highest,209389,52347250,250,,
219,2026-09-14T07:53:43,2026-09-14T07:43:16,Force Core(High,210045,7981710,38,,
220,2026-09-14T07:53:53,2026-09-14T07:43:16,Force Core(High,210044,4831012,23,,
221,2026-09-14T07:53:57,2026-09-14T07:43:16,Force Core(High,210043,4830989,23,,
222,2026-09-14T07:56:52,2026-09-14T07:43:16,Upgrade Core (Ultimate),478812,50754072,106,,
223,2026-09-14T08:03:18,2026-09-14T07:43:16,Potion of Enhancement,7099998,7099998,1,,
224,2026-09-14T08:05:51,2026-09-14T07:43:16,Upgrade Core (Ultimate,478807,31601262,66,,
225,2026-09-14T08:06:07,2026-09-14T07:43:16,Upgrade Core (Ultimate,478806,39740898,83,,
226,2026-09-14T08:07:36,2026-09-14T07:43:16,Upgrade Core (Ultimate,478805,4309245,9,,
227,2026-09-14T08:26:02,2026-09-14T08:19:40,Force Core(Highest,208788,6263640,30,,
228,2026-09-14T08:27:22,2026-09-14T08:19:40,Upgrade Core (Ultimate,478813,14364390,30,,
229,2026-09-14T01:35:34,2026-09-14T08:19:40,Upgrade Core (Ultimate,478812,10055052,21,,
230,2026-09-14T01:38:20,2026-09-14T08:19:40,Upgrade Core (Ultimate,478813,9576260,20,,
231,2026-09-14T01:44:45,2026-09-14T08:19:40,Upgrade Core (Ultimate),478812,9097428,19,,
232,2026-09-14T01:53:01,2026-09-14T08:19:40,Chaos Core Set X 153,763918,116879606,153,,
233,2026-09-14T01:53:10,2026-09-14T08:19:40,Chaos Core Set X 150,763822,114573449,150,,
234,2026-09-14T01:53:14,2026-09-14T08:19:40,Chaos Core Set X 153,763821,116864765,153,,
235,2026-09-14T01:53:31,2026-09-14T08:19:40,Chaos Core Set X 144,763820,109990223,144,,
236,2026-09-14T01:53:34,2026-09-14T08:19:40,Chaos Core Set X 159,763819,121447379,159,,
237,2026-09-14T02:09:08,2026-09-14T08:19:40,Upgrade Core (Ultimate,478806,5745672,12,,
238,2026-09-14T02:50:18,2026-09-14T08:19:40,Upgrade Core (Ultimate,478784,19630144,41,,
239,2026-09-14T02:53:54,2026-09-14T08:19:40,Upgrade Core (Ultimate,478783,60326658,126,,
240,2026-09-14T02:58:07,2026-09-14T08:19:40,Force Core(Highest,207763,2077630,10,,
241,2026-09-14T03:08:13,2026-09-14T08:19:40,Force Core(Highest,207757,8310280,40,,
242,2026-09-14T03:26:06,2026-09-14T08:19:40,Upgrade Core (Ultimate,478757,119689250,250,,
243,2026-09-14T03:26:15,2026-09-14T08:19:40,Upgrade Core (Ultimate,478756,23937800,50,,
244,2026-09-14T03:39:38,2026-09-14T08:19:40,Chaos Core Set X 138,766097,101890919,133,,
245,2026-09-14T03:57:56,2026-09-14T08:19:40,Force Core(Highest,207543,41508600,200,,
246,2026-09-14T04:02:50,2026-09-14T08:19:40,Force Core(Highest,207442,622326,3,,
247,2026-09-14T04:09:07,2026-09-14T08:19:40,Force Core(High,209992,6299760,30,,
248,2026-09-14T04:37:58,2026-09-14T08:19:40,Chaos Core Set X 150,766061,106482599,139,,
249,2026-09-14T04:51:41,2026-09-14T08:19:40,Upgrade Core (Ultimate,478693,957386,2,,
250,2026-09-14T04:54:14,2026-09-14T08:19:40,Upgrade Core (Ultimate,478692,3829536,8,,
251,2026-09-14T05:06:47,2026-09-14T08:19:40,Upgrade Core (Ultimate,478683,478683,1,,
252,2026-09-14T05:11:07,2026-09-14T08:19:40,Upgrade Core (Ultimate,478681,478681,1,,
253,2026-09-14T05:11:35,2026-09-14T08:19:40,Upgrade Core (Ultimate,478680,4786800,10,,
254,2026-09-14T05:31:15,2026-09-14T08:19:40,Chaos Core Set X 119,764220,83299999,109,,
255,2026-09-14T05:35:20,2026-09-14T08:19:40,Force Core(High,197988,6335616,32,,
256,2026-09-14T05:39:34,2026-09-14T08:19:40,Force Core(High,197987,40389348,204,,
257,2026-09-14T05:39:38,2026-09-14T08:19:40,Force Core(High,197986,16630824,84,,
258,2026-09-14T05:39:54,2026-09-14T08:19:40,Force Core(High,197985,41972820,212,,
259,2026-09-14T05:40:09,2026-09-14T08:19:40,Force Core(High,197984,4949600,25,,
260,2026-09-14T05:56:27,2026-09-14T08:19:40,Chaos Core Set X 144,762856,102222719,134,,
261,2026-09-14T05:59:59,2026-09-14T08:19:40,Force Core(High,197972,1979720,10,,
262,2026-09-14T06:05:19,2026-09-14T08:19:40,Force Core(High,197969,3167504,16,,
263,2026-09-14T06:05:35,2026-09-14T08:19:40,Chaos Core Set X 147,761824,104370000,137,,
264,2026-09-14T06:05:39,2026-09-14T08:19:40,Chaos Core Set X 165,765686,117150000,153,,
265,2026-09-14T06:05:43,2026-09-14T08:19:40,Chaos Core Set X 165,765686,117150000,153,,
266,2026-09-14T06:05:46,2026-09-14T08:19:40,Chaos Core Set X 159,762770,112890000,148,,
267,2026-09-14T06:06:41,2026-09-14T08:19:40,Chaos Core Set X 165,765556,117130199,153,,
268,2026-09-14T06:11:54,2026-09-14T08:19:40,Force Core(High,197967,593901,3,,
269,2026-09-14T06:13:26,2026-09-14T08:19:40,Chaos Core Set,755693,23426501,31,,
270,2026-09-14T06:15:58,2026-09-14T08:19:40,Force Core(High,197964,197964,1,,
271,2026-09-14T06:17:17,2026-09-14T08:19:40,Force Core(High,197963,1781667,9,,
272,2026-09-14T07:06:26,2026-09-14T07:03:07,Force Core(High,197959,6532647,33,,
273,2026-09-14T07:06:41,2026-09-14T07:03:07,Force Core(High,197958,6730572,34,,
274,2026-09-14T07:07:10,2026-09-14T07:03:07,Upgrade Core (Ultimate,477988,47798800,100,,
275,2026-09-14T07:07:26,2026-09-14T07:03:07,Force Core(Highest,209137,42873085,205,,
276,2026-09-14T07:16:10,2026-09-14T07:03:07,Chaos Core Set,727799,105530999,145,,
277,2026-09-14T07:16:14,2026-09-14T07:03:07,Chaos Core Set,727799,100436399,138,,
278,2026-09-14T07:16:18,2026-09-14T07:03:07,Chaos Core Set,727798,15283778,21,,
279,2026-09-14T07:35:33,2026-09-14T07:03:07,Force Core(High,197950,2771300,14,,
280,2026-09-14T07:36:52,2026-09-14T07:03:07,Force Core(High,197949,791796,4,,
281,2026-09-14T07:49:13,2026-09-14T07:03:07,Force Core(High,197958,13659102,69,,
282,2026-09-14T08:10:20,2026-09-14T07:03:07,Upgrade Core (Ultimate,459527,5054797,11,,
283,2026-09-14T08:17:24,2026-09-14T07:03:07,Force Core(Highest,209085,9408825,45,,
284,2026-09-14T08:17:28,2026-09-14T07:03:07,Force Core(Highest,209084,15263132,73,,
285,2026-09-14T08:17:32,2026-09-14T07:03:07,Force Core(Highest,209083,5436158,26,,
286,2026-09-14T08:35:22,2026-09-14T07:03:07,Upgrade Core (Ultimate,459502,9190040,20,,
287,2026-09-14T08:39:15,2026-09-14T07:03:07,Upgrade Core (Ultimate,459500,4595000,10,,
288,2026-09-14T08:43:20,2026-09-14T07:03:07,Force Core (Ultimate,526996,26349800,50,,
289,2026-09-14T08:49:21,2026-09-14T07:03:07,Chaos Core Set X 144,725752,103782671,143,,
290,2026-09-14T08:49:25,2026-09-14T07:03:07,Chaos Core Set X 153,725453,110268935,152,,
291,2026-09-14T08:49:29,2026-09-14T07:03:07,Chaos Core Set X 162,729719,116755181,160,,
292,2026-09-14T08:51:26,2026-09-14T07:03:07,Force Core (Ultimate,525997,10519940,20,,
293,2026-09-14T08:52:46,2026-09-14T07:03:07,Chaos Core Set X 156,730069,112430759,154,,
294,2026-09-14T09:05:21,2026-09-14T07:03:07,Force Core (Ultimate,525985,3155910,6,,
295,2026-09-14T09:06:40,2026-09-14T07:03:07,Chaos Core Set X 141,725853,101619545,140,,
296,2026-09-14T09:12:55,2026-09-14T07:03:07,Force Core(Highest,199984,2199824,11,,
297,2026-09-14T09:18:56,2026-09-14T07:03:07,Upgrade Core (Ultimate,459448,4594480,10,,
298,2026-09-14T10:41:18,2026-09-14T10:38:20,Force Core (Ultimate,525961,31557660,60,,
299,2026-09-14T10:41:36,2026-09-14T10:38:20,Upgrade Core (Ultimate,459430,3675440,8,,
300,2026-09-14T10:57:57,2026-09-14T10:48:23,Chaos Core Set X 36,726795,26164655,36,,
301,2026-09-14T11:04:25,2026-09-14T10:48:23,Force Core(Highest,199958,1399706,7,,
302,2026-09-14T14:25:08,2026-09-14T14:11:32,Potion of Honor,6706850,6706850,1,,
303,2026-09-14T14:54:09,2026-09-14T14:49:50,Chaos Core Set X 30,725982,21779489,30,,
304,2026-09-14T15:06:53,2026-09-14T14:59:58,Force Core(High,212330,849320,4,,
305,2026-09-14T15:21:36,2026-09-14T15:08:18,Force Core(Highest,199998,7999920,40,,
306,2026-09-14T15:34:08,2026-09-14T15:08:18,Force Core(Highest,199991,4599793,23,,
307,2026-09-14T15:34:12,2026-09-14T15:08:18,Force Core(Highest,199990,4799760,24,,
308,2026-09-14T15:38:13,2026-09-14T15:08:18,Yekaterina VIP Membership,134999978,134999978,1,,
309,2026-09-14T16:39:19,2026-09-14T16:35:26,Force Core(Highest,199996,3999920,20,,
310,2026-09-14T16:46:03,2026-09-14T16:35:26,Chaos Core Set X 96,725924,69688799,96,,
311,2026-09-14T16:46:34,2026-09-14T16:35:26,Yekaterina VIP Membership,134999994,134999994,1,,
312,2026-09-14T16:46:38,2026-09-14T16:35:26,Force Core(Highest,197499,13232433,67,,
313,2026-09-14T16:46:55,2026-09-14T16:35:26,Chaos Core Set X 153,725922,111066218,153,,
314,2026-09-14T16:46:58,2026-09-14T16:35:26,Force Core(High,208992,4388832,21,,
315,2026-09-14T16:50:38,2026-09-14T16:35:26,Chaos Core Set X 147,725922,106710680,147,,
316,2026-09-14T16:51:01,2026-09-14T16:35:26,Chaos Core Set X 156,725921,113243831,156,,
317,2026-09-14T16:52:24,2026-09-14T16:35:26,Chaos Core Set,725920,106710386,147,,
318,2026-09-14T16:52:28,2026-09-14T16:35:26,Chaos Core Set,725919,117599039,162,,
319,2026-09-14T17:11:24,2026-09-14T17:02:03,Chaos Core Set X 21,725909,15244109,21,,
320,2026-09-14T17:11:54,2026-09-14T17:02:03,Force Core(High,199994,1799946,9,,
321,2026-09-14T17:15:35,2026-09-14T17:02:03,Force Core(High,199991,1999910,10,,
322,2026-09-14T17:23:54,2026-09-14T17:20:37,Force Core(High,199985,3999700,20,,
323,2026-09-14T17:24:23,2026-09-14T17:20:37,Chaos Core Set X 165,725903,119774159,165,,
324,2026-09-14T17:24:27,2026-09-14T17:20:37,Chaos Core Set X 129,725902,93641486,129,,
325,2026-09-14T17:29:10,2026-09-14T17:20:37,Force Core (Ultimate,399998,23999880,60,,
326,2026-09-14T17:30:59,2026-09-14T17:20:37,Chaos Core Set,725920,115421438,159,,
327,2026-09-14T17:53:37,2026-09-14T17:20:37,Force Core(High,193333,23199960,120,,
328,2026-09-14T22:56:45,2026-09-14T22:46:28,Upgrade Core(High,75500,8510000,112,,
329,2026-09-14T22:57:01,2026-09-14T22:46:28,Force Core (Ultimate,496793,17387755,35,,
330,2026-09-14T23:18:55,2026-09-14T23:16:03,Wexp,57994994,57994994,1,,
331,2026-09-14T23:19:50,2026-09-14T23:16:03,Chaos Core Set X 3,729930,2189792,3,,
332,2026-09-14T23:20:47,2026-09-14T23:16:03,Force Core(High,208961,41792200,200,,
333,2026-09-14T23:22:34,2026-09-14T23:16:03,Chaos Core Set X 21,729929,15328529,21,,
334,2026-09-14T23:22:44,2026-09-14T23:16:03,Chaos Core Set X 6,729928,4379573,6,,
335,2026-09-14T23:47:06,2026-09-14T23:32:59,Upgrade Core(Highest,107994,1943892,18,,
336,2026-09-14T23:52:14,2026-09-14T23:32:59,Upgrade Core(Highest,107993,26998250,250,,
337,2026-09-14T23:52:51,2026-09-14T23:32:59,Upgrade Core(Highest,107992,16414784,152,,
338,2026-09-14T23:59:36,2026-09-14T23:32:59,Force Core(High,208927,4178540,20,,
339,2026-09-15T00:01:11,2026-09-14T23:32:59,Force Core(Highest,338969,7118349,21,,
340,2026-09-15T00:03:44,2026-09-14T23:32:59,Upgrade Core(High,75498,754980,10,,
341,2026-09-15T00:09:14,2026-09-14T23:32:59,Wexp Saver,57994995,57994995,1,,
342,2026-09-15T00:19:35,2026-09-14T23:32:59,Upgrade Core(High,75499,9890369,131,,
343,2026-09-15T00:59:18,2026-09-15T00:37:47,Force Core(High,208869,10443450,50,,
344,2026-09-15T01:03:09,2026-09-15T00:37:47,Chaos Core Set X 39,748412,29188106,39,,
345,2026-09-15T01:08:21,2026-09-15T00:37:47,Chaos Core Set X 171,748407,127977767,171,,
346,2026-09-15T01:08:31,2026-09-15T00:37:47,Chaos Core Set X 78,748406,58375745,78,,
347,2026-09-15T01:08:41,2026-09-15T00:37:47,Chaos Core Set X 111,748405,83073065,111,,
348,2026-09-15T01:09:20,2026-09-15T00:37:47,Chaos Core Set,748403,42659027,57,,
349,2026-09-15T01:45:35,2026-09-15T01:42:25,Force Core(High,208831,20883100,100,,
350,2026-09-15T01:45:52,2026-09-15T01:42:25,Force Core(High,208830,41766000,200,,
351,2026-09-15T01:45:55,2026-09-15T01:42:25,Force Core(High,208829,52207250,250,,
352,2026-09-15T01:45:59,2026-09-15T01:42:25,Force Core(High,208828,48030440,230,,
353,2026-09-15T01:46:03,2026-09-15T01:42:25,Force Core(High,208827,3341232,16,,
354,2026-09-15T01:53:58,2026-09-15T01:42:25,Force Core(Highest,299978,1199912,4,,
355,2026-09-15T02:03:19,2026-09-15T01:42:25,Force Core(High,208806,6890598,33,,
356,2026-09-15T02:04:05,2026-09-15T01:42:25,Force Core(Highest,299960,14998000,50,,
357,2026-09-15T02:10:34,2026-09-15T01:42:25,Chaos Core Set X 144,748756,106323407,142,,
358,2026-09-15T02:10:38,2026-09-15T01:42:25,Chaos Core Set X 159,747761,117398603,157,,
359,2026-09-15T02:10:42,2026-09-15T01:42:25,Chaos Core Set X 165,747414,121828574,163,,
360,2026-09-15T02:15:53,2026-09-15T01:42:25,Force Core (Ultimate,496645,49664500,100,,
361,2026-09-15T02:16:25,2026-09-15T01:42:25,Force Core(High,208791,6263730,30,,
362,2026-09-15T02:19:08,2026-09-15T01:42:25,Force Core (Ultimate,496643,49664300,100,,
363,2026-09-15T02:21:19,2026-09-15T01:42:25,Chaos Core Set X 108,745255,79742339,107,,
364,2026-09-15T02:27:08,2026-09-15T01:42:25,Upgrade Core (Ultimate,477889,21027116,44,,
365,2026-09-15T02:52:17,2026-09-15T01:42:25,Force Core(High,208744,4174880,20,,
366,2026-09-15T02:57:38,2026-09-15T01:42:25,Upgrade Core (Ultimate,477855,1911420,4,,
367,2026-09-15T03:01:12,2026-09-15T01:42:25,Force Core(High,208732,4174640,20,,
368,2026-09-15T03:01:29,2026-09-15T01:42:25,Force Core(High,208731,2087310,10,,
369,2026-09-15T03:30:23,2026-09-15T01:42:25,Force Core(High,208687,30885676,148,,
370,2026-09-15T03:37:15,2026-09-15T01:42:25,Force Core(High,208680,43822800,210,,
371,2026-09-15T03:38:44,2026-09-15T01:42:25,Force Core(High),208676,6051604,29,,
372,2026-09-15T03:50:39,2026-09-15T01:42:25,Upgrade Core (Ultimate,452461,2262305,5,,
373,2026-09-15T04:19:38,2026-09-15T04:02:30,Chaos Core Set,727978,115748660,159,,
374,2026-09-15T04:37:20,2026-09-15T04:29:17,Upgrade Core (Ultimate,452423,9048460,20,,
375,2026-09-15T04:38:16,2026-09-15T04:29:17,Force Core(High,205550,4522100,22,,
376,2026-09-15T04:46:18,2026-09-15T04:29:17,Force Core(High,205544,2466528,12,,
377,2026-09-15T04:47:15,2026-09-15T04:29:17,Force Core(High),205542,5960718,29,,
378,2026-09-15T07:42:57,2026-09-15T07:27:41,Upgrade Core (Ultimate,452412,18096480,40,,
379,2026-09-15T07:43:22,2026-09-15T07:27:41,Upgrade Core (Ultimate,452411,3166877,7,,
380,2026-09-15T07:43:48,2026-09-15T07:27:41,Chaos Core Set,744983,102807791,138,,
381,2026-09-15T07:44:59,2026-09-15T07:27:41,Chaos Core Set,744981,102807515,138,,
382,2026-09-15T07:46:09,2026-09-15T07:27:41,Yekaterina VIP Membership,133333332,133333332,1,,
383,2026-09-15T07:56:44,2026-09-15T07:54:54,Chaos Core Set X 132,744976,98336963,132,,
384,2026-09-15T07:58:31,2026-09-15T07:54:54,Upgrade Core (Ultimate,452402,95004420,210,,
385,2026-09-15T07:58:35,2026-09-15T07:54:54,Upgrade Core (Ultimate,452401,13119629,29,,
386,2026-09-15T07:58:50,2026-09-15T07:54:54,Force Core(High,205528,47888024,233,,
387,2026-09-15T07:58:54,2026-09-15T07:54:54,Force Core(High,205527,48915426,238,,
388,2026-09-15T07:58:57,2026-09-15T07:54:54,Chaos Core Set X 78,744975,58108127,78,,
389,2026-09-15T07:59:01,2026-09-15T07:54:54,Upgrade Core (Ultimate,452403,2262015,5,,
390,2026-09-15T07:59:10,2026-09-15T07:54:54,Force Core(High,205526,35144946,171,,
391,2026-09-15T07:59:32,2026-09-15T07:54:54,Chaos Core Set X 165,744974,122920874,165,,
392,2026-09-15T07:59:41,2026-09-15T07:54:54,Chaos Core Set X 162,744973,120685787,162,,
393,2026-09-15T07:59:50,2026-09-15T07:54:54,Chaos Core Set X 144,744977,107276831,144,,
394,2026-09-15T08:08:54,2026-09-15T07:54:54,Chaos Core Set,744976,105041756,141,,
395,2026-09-15T08:08:57,2026-09-15T07:54:54,Chaos Core Set,744975,102806687,138,,
396,2026-09-15T08:09:26,2026-09-15T07:54:54,Chaos Core Set,744974,118451024,159,,
397,2026-09-15T08:09:54,2026-09-15T07:54:54,Force Core(High),205545,24048765,117,,
398,2026-09-15T08:14:05,2026-09-15T07:54:54,Force Core (Ultimate,415090,7471620,18,,
399,2026-09-15T08:15:28,2026-09-15T07:54:54,Force Core (Ultimate,415094,34452802,83,,
400,2026-09-15T08:16:22,2026-09-15T07:54:54,Force Core(High,205544,33709216,164,,
401,2026-09-15T08:16:37,2026-09-15T07:54:54,Force Core(High,205543,25898418,126,,
402,2026-09-15T08:20:28,2026-09-15T07:54:54,Force Core (Ultimate,418327,85338708,204,,
403,2026-09-15T08:20:32,2026-09-15T07:54:54,Yekaterina VIP Membership,133333332,133333332,1,,
404,2026-09-15T08:25:30,2026-09-15T08:21:41,Force Core(High,205533,17675838,86,,
405,2026-09-15T08:26:25,2026-09-15T08:21:41,Force Core(High,205537,19937089,97,,
406,2026-09-15T08:26:40,2026-09-15T08:21:41,Force Core(High,205536,42340416,206,,
407,2026-09-15T08:30:38,2026-09-15T08:21:41,Force Core(High,205329,28540731,139,,
408,2026-09-15T08:30:53,2026-09-15T08:21:41,Force Core(High,205328,31415184,153,,
409,2026-09-15T08:35:12,2026-09-15T08:21:41,Force Core(High,205327,14372890,70,,
410,2026-09-15T08:35:40,2026-09-15T08:21:41,Force Core(High,205326,44966394,219,,
411,2026-09-15T08:35:56,2026-09-15T08:21:41,Force Core(High),205325,2053250,10,,
412,2026-09-15T08:39:04,2026-09-15T08:21:41,Force Core(High,205324,4517128,22,,
413,2026-09-15T08:39:31,2026-09-15T08:21:41,Force Core(High,205323,51330750,250,,
414,2026-09-15T08:39:35,2026-09-15T08:21:41,Force Core(High,205322,2874508,14,,
415,2026-09-15T08:43:44,2026-09-15T08:21:41,Force Core(High,205329,3901251,19,,
416,2026-09-15T08:49:03,2026-09-15T08:21:41,Force Core(High),205323,10676796,52,,
417,2026-09-15T08:53:11,2026-09-15T08:21:41,Force Core(High,205321,1231926,6,,
418,2026-09-15T08:53:26,2026-09-15T08:21:41,Force Core(High,205320,51330000,250,,
419,2026-09-15T08:53:30,2026-09-15T08:21:41,Force Core(High,205319,5338294,26,,
420,2026-09-15T08:57:54,2026-09-15T08:21:41,Force Core(High,205319,46402094,226,,
421,2026-09-15T08:58:21,2026-09-15T08:21:41,Force Core(High),205318,44964642,219,,
422,2026-09-15T09:01:55,2026-09-15T08:21:41,Yekaterina VIP Membership,133333332,133333332,1,,
423,2026-09-15T09:03:00,2026-09-15T08:21:41,Force Core(High),205316,51329000,250,,
424,2026-09-15T09:03:10,2026-09-15T08:21:41,Force Core(High),205315,14166735,69,,
425,2026-09-15T09:07:32,2026-09-15T08:21:41,Force Core(High,205316,12729592,62,,
426,2026-09-15T09:07:47,2026-09-15T08:21:41,Force Core(High,205315,3695670,18,,
427,2026-09-15T09:08:16,2026-09-15T08:21:41,Force Core(High),205314,41062800,200,,
428,2026-09-15T09:14:18,2026-09-15T08:21:41,Force Core(High,205315,33055715,161,,
429,2026-09-15T09:14:46,2026-09-15T08:21:41,Force Core(High),205316,8212640,40,,
430,2026-09-15T09:15:01,2026-09-15T08:21:41,Force Core(High),205315,41063000,200,,
431,2026-09-15T09:21:07,2026-09-15T08:21:41,Force Core(High,205316,6159480,30,,
432,2026-09-15T09:26:14,2026-09-15T08:21:41,Upgrade Core (Ultimate,477899,95579800,200,,
433,2026-09-15T09:31:04,2026-09-15T08:21:41,Upgrade Core (Ultimate,477894,2867364,6,,
434,2026-09-15T09:34:56,2026-09-15T08:21:41,Yekaterina VIP Membership,133333330,133333330,1,,
435,2026-09-15T09:34:59,2026-09-15T08:21:41,Force Core(High,203993,6119790,30,,
436,2026-09-15T09:49:58,2026-09-15T08:21:41,Force Core(High,203983,18766436,92,,
437,2026-09-15T09:58:53,2026-09-15T08:21:41,Upgrade Core (Ultimate,477871,23893550,50,,
438,2026-09-15T09:58:57,2026-09-15T08:21:41,Upgrade Core (Ultimate,477870,7168050,15,,
439,2026-09-15T10:09:33,2026-09-15T08:21:41,Force Core(High,203972,4079440,20,,
440,2026-09-15T10:19:05,2026-09-15T08:21:41,Upgrade Core (Ultimate,477864,8601552,18,,
441,2026-09-15T10:27:59,2026-09-15T08:21:41,Upgrade Core (Ultimate,477859,955718,2,,
442,2026-09-15T10:49:43,2026-09-15T10:43:08,Upgrade Core (Ultimate),454998,9099960,20,,
443,2026-09-15T11:16:43,2026-09-15T10:43:08,Chaos Core Set X 78,743271,57975215,78,,
444,2026-09-15T11:16:46,2026-09-15T10:43:08,Chaos Core Set X 156,743270,115950275,156,,
445,2026-09-15T11:32:18,2026-09-15T11:28:48,Chaos Core Set X 147,733294,109260836,149,,
446,2026-09-15T11:32:22,2026-09-15T11:28:48,Chaos Core Set X 138,732651,102571259,140,,
447,2026-09-15T11:32:25,2026-09-15T11:28:48,Chaos Core Set X 162,734204,120409577,164,,
448,2026-09-15T11:42:18,2026-09-15T11:34:16,Upgrade Core (Ultimate,454432,82706624,182,,
449,2026-09-15T11:43:27,2026-09-15T11:34:16,Chaos Core Set,740485,121439669,164,,
450,2026-09-15T11:45:29,2026-09-15T11:34:16,Chaos Core Set,740745,114815531,155,,
451,2026-09-15T11:54:28,2026-09-15T11:49:04,Chaos Core Set X 150,738343,111489899,151,,
452,2026-09-15T11:54:44,2026-09-15T11:49:04,Chaos Core Set X 144,738137,107029871,145,,
453,2026-09-15T11:55:00,2026-09-15T11:49:04,Chaos Core Set X 10,743262,7432620,10,,
454,2026-09-15T12:01:35,2026-09-15T11:49:04,Upgrade Core (Ultimate),453331,108799440,240,,
455,2026-09-15T12:06:12,2026-09-15T11:49:04,Upgrade Core (Ultimate,453329,9066580,20,,
456,2026-09-15T12:06:34,2026-09-15T11:49:04,Upgrade Core (Ultimate,453327,453327,1,,
457,2026-09-15T12:06:43,2026-09-15T11:49:04,Upgrade Core (Ultimate),453326,453326,1,,
458,2026-09-15T12:24:59,2026-09-15T11:49:04,Upgrade Core (Ultimate,453321,453321,1,,
459,2026-09-15T12:46:08,2026-09-15T11:49:04,Force Core(High,199996,3799924,19,,
460,2026-09-15T12:50:36,2026-09-15T11:49:04,Force Core(High,199994,18999430,95,,
461,2026-09-15T12:50:51,2026-09-15T11:49:04,Force Core(High,199993,33398831,167,,
462,2026-09-15T12:54:50,2026-09-15T11:49:04,Force Core(High,199993,15999440,80,,
463,2026-09-15T13:31:57,2026-09-15T13:19:32,Force Core(High),199997,199997,1,,
464,2026-09-15T13:39:19,2026-09-15T13:19:32,Force Core(High,199995,19999500,100,,
465,2026-09-15T13:44:00,2026-09-15T13:19:32,Force Core(High,199994,19999400,100,,
466,2026-09-15T13:44:20,2026-09-15T13:19:32,Force Core(High,199993,19799307,99,,
467,2026-09-15T13:52:24,2026-09-15T13:19:32,Force Core (Ultimate,444839,26690340,60,,
468,2026-09-15T14:31:38,2026-09-15T13:56:24,Upgrade Core (Ultimate,479969,35997675,75,,
469,2026-09-15T14:41:22,2026-09-15T14:35:19,Force Core(High,199981,2199791,11,,
470,2026-09-15T14:50:17,2026-09-15T14:35:19,Chaos Core Set X 138,720201,98667653,137,,
471,2026-09-15T15:06:55,2026-09-15T14:56:38,Chaos Core Set X 166,714964,118684189,166,,
472,2026-09-15T15:08:45,2026-09-15T14:56:38,Force Core(High,199973,5599244,28,,
473,2026-09-15T15:12:19,2026-09-15T14:56:38,Chaos Core Set X 144,714961,102954527,144,,
474,2026-09-15T15:13:27,2026-09-15T14:56:38,Chaos Core Set X 138,714960,98664617,138,,
475,2026-09-15T15:20:24,2026-09-15T14:56:38,Force Core(High,199969,1999690,10,,
476,2026-09-15T15:25:13,2026-09-15T14:56:38,Force Core(High,199967,399934,2,,
477,2026-09-15T15:30:02,2026-09-15T14:56:38,Force Core(High,199965,7998600,40,,
478,2026-09-15T15:43:09,2026-09-15T15:40:40,Force Core(Highest,265893,7976790,30,,
479,2026-09-15T15:46:53,2026-09-15T15:40:40,Force Core(High,199962,1799658,9,,
480,2026-09-15T15:50:23,2026-09-15T15:40:40,Chaos Core Set X 138,714912,98657993,138,,
481,2026-09-15T15:51:32,2026-09-15T15:40:40,Chaos Core Set X 138,714911,98657855,138,,
482,2026-09-15T15:52:46,2026-09-15T15:40:40,Chaos Core Set X 159,714910,113670848,159,,
483,2026-09-15T15:53:59,2026-09-15T15:40:40,Chaos Core Set X 162,714909,115815419,162,,
484,2026-09-15T15:55:05,2026-09-15T15:40:40,Chaos Core Set X 156,714908,111525803,156,,
485,2026-09-15T15:59:42,2026-09-15T15:40:40,Chaos Core Set,714916,107237549,150,,
486,2026-09-15T16:04:28,2026-09-15T15:40:40,Force Core (Ultimate,444662,88932400,200,,
487,2026-09-15T16:04:45,2026-09-15T15:40:40,Chaos Core Set,714915,111526895,156,,
488,2026-09-15T16:05:39,2026-09-15T15:40:40,Force Core (Ultimate,444664,8893280,20,,
489,2026-09-15T16:05:55,2026-09-15T15:40:40,Chaos Core Set,714914,107237249,150,,
490,2026-09-15T16:13:48,2026-09-15T15:40:40,Chaos Core Set,714913,117960809,165,,
491,2026-09-15T16:14:57,2026-09-15T15:40:40,Upgrade Core (Ultimate,478990,47899000,100,,
492,2026-09-15T16:15:26,2026-09-15T15:40:40,Force Core(High,199978,7399186,37,,
493,2026-09-15T16:15:35,2026-09-15T15:40:40,Force Core(High,199977,16398114,82,,
494,2026-09-15T16:27:04,2026-09-15T15:40:40,Upgrade Core (Ultimate,478985,2394925,5,,
495,2026-09-15T16:39:16,2026-09-15T15:40:40,Force Core(High,194999,1949990,10,,
496,2026-09-15T17:24:06,2026-09-15T17:22:10,Force Core(High,200200,12012000,60,,
497,2026-09-15T17:24:23,2026-09-15T17:22:10,Upgrade Core (Ultimate,467857,2339285,5,,
498,2026-09-15T18:22:16,2026-09-15T17:47:44,Force Core (Ultimate,443931,14205792,32,,
499,2026-09-15T18:23:25,2026-09-15T17:47:44,Force Core (Ultimate,443929,8878580,20,,
500,2026-09-15T18:24:07,2026-09-15T17:47:44,Upgrade Core (Ultimate,467815,4678150,10,,
501,2026-09-15T18:26:27,2026-09-15T17:47:44,Force Core (Ultimate,443928,1775712,4,,
502,2026-09-15T18:36:04,2026-09-15T17:47:44,Upgrade Core (Ultimate,467805,25729275,55,,
503,2026-09-15T18:36:20,2026-09-15T17:47:44,Force Core(High),205547,51386750,250,,
504,2026-09-15T18:41:27,2026-09-15T17:47:44,Force Core(High,205547,15621572,76,,
505,2026-09-15T18:47:24,2026-09-15T17:47:44,Force Core(High),205546,41109200,200,,
506,2026-09-15T18:50:00,2026-09-15T17:47:44,Force Core(Highest,228288,1369728,6,,
507,2026-09-15T18:53:07,2026-09-15T17:47:44,Force Core(High),205546,20554600,100,,
508,2026-09-15T19:37:18,2026-09-15T19:33:59,Force Core(Highest,228282,11414100,50,,
509,2026-09-15T19:40:32,2026-09-15T19:33:59,Force Core(High,205545,13565970,66,,
510,2026-09-15T19:50:07,2026-09-15T19:33:59,Force Core (Ultimate,443912,19976040,45,,
511,2026-09-15T19:51:04,2026-09-15T19:33:59,Force Core(High,205545,4110900,20,,
512,2026-09-15T23:35:44,2026-09-15T23:31:43,Force Core(Highest,228269,6619801,29,,
513,2026-09-15T23:46:25,2026-09-15T23:43:52,Force Core(Highest,228269,11869988,52,,
514,2026-09-15T23:49:56,2026-09-15T23:43:52,Chaos Core Set X 168,724867,121777823,168,,
515,2026-09-15T23:54:22,2026-09-15T23:43:52,Force Core(Highest,228265,456530,2,,
516,2026-09-15T23:58:18,2026-09-15T23:43:52,Force Core(High,205510,4110200,20,,
517,2026-09-16T00:01:56,2026-09-15T23:43:52,Chaos Core Set X 261,724853,189186893,261,,
518,2026-09-16T00:03:22,2026-09-15T23:43:52,Chaos Core Set X 282,724852,204408545,282,,
519,2026-09-16T00:05:14,2026-09-15T23:43:52,Force Core(High,205504,4110080,20,,
520,2026-09-16T00:08:27,2026-09-15T23:43:52,Force Core (Ultimate,443809,38167574,86,,
521,2026-09-16T00:08:30,2026-09-15T23:43:52,Chaos Core Set,724846,115250672,159,,
522,2026-09-16T00:14:41,2026-09-15T23:43:52,Force Core (Ultimate,443804,76334288,172,,
523,2026-09-16T01:05:29,2026-09-16T00:41:30,Upgrade Core(Highest,138886,16666320,120,,
524,2026-09-16T01:19:48,2026-09-16T00:41:30,Upgrade Core(Highest,138885,3194355,23,,
525,2026-09-16T01:20:57,2026-09-16T00:41:30,Force Core(High,205453,8218120,40,,
526,2026-09-16T01:22:38,2026-09-16T00:41:30,Force Core(Highest,228194,11409700,50,,
527,2026-09-16T01:37:29,2026-09-16T00:41:30,Wexp Saver,57994978,57994978,1,,
528,2026-09-16T01:38:52,2026-09-16T00:41:30,Force Core(High,205438,2876132,14,,
529,2026-09-16T01:42:07,2026-09-16T00:41:30,Force Core(High,205437,20543700,100,,
530,2026-09-16T01:42:23,2026-09-16T00:41:30,Upgrade Core(Highest,138879,4166370,30,,
531,2026-09-16T01:42:39,2026-09-16T00:41:30,Force Core(High,205436,8217440,40,,
532,2026-09-16T01:43:34,2026-09-16T00:41:30,Force Core(High,205433,40264868,196,,
533,2026-09-16T01:45:42,2026-09-16T00:41:30,Force Core(Highest,228167,45633400,200,,
534,2026-09-16T01:47:33,2026-09-16T00:41:30,Force Core(High,205432,25268136,123,,
535,2026-09-16T01:50:25,2026-09-16T00:41:30,Force Core(Highest,228164,30802140,135,,
536,2026-09-16T01:52:01,2026-09-16T00:41:30,Chaos Core Set X 144,724776,104367887,144,,
537,2026-09-16T01:53:20,2026-09-16T00:41:30,Force Core(High,205428,2465136,12,,
538,2026-09-16T01:53:49,2026-09-16T00:41:30,Force Core(High,205427,1643416,8,,
539,2026-09-16T01:54:32,2026-09-16T00:41:30,Force Core(High,205426,3903094,19,,
540,2026-09-16T01:56:33,2026-09-16T00:41:30,Force Core(Highest,228159,4563180,20,,
541,2026-09-16T01:57:02,2026-09-16T00:41:30,Chaos Core Set X 147,724776,106542218,147,,
542,2026-09-16T01:58:37,2026-09-16T00:41:30,Chaos Core Set X 159,724775,115239383,159,,
543,2026-09-16T01:59:58,2026-09-16T00:41:30,Chaos Core Set,724774,117413549,162,,
544,2026-09-16T02:01:00,2026-09-16T00:41:30,Force Core(High,205422,5957238,29,,
545,2026-09-16T02:02:08,2026-09-16T00:41:30,Force Core(High,205421,13968628,68,,
546,2026-09-16T02:05:50,2026-09-16T00:41:30,Upgrade Core(Highest,117101,936808,8,,
547,2026-09-16T02:13:08,2026-09-16T00:41:30,Upgrade Core (Ultimate,467571,116892750,250,,
548,2026-09-16T02:26:55,2026-09-16T00:41:30,Chaos Core Set X 156,724769,113064119,156,,
549,2026-09-16T02:27:55,2026-09-16T00:41:30,Chaos Core Set X 150,724768,108715349,150,,
550,2026-09-16T02:32:40,2026-09-16T00:41:30,Chaos Core Set,724765,119586389,165,,
551,2026-09-16T02:33:35,2026-09-16T00:41:30,Chaos Core Set,724764,108714749,150,,
552,2026-09-16T02:42:52,2026-09-16T00:41:30,Chaos Core Set X 141,724754,102190454,141,,
553,2026-09-16T02:43:05,2026-09-16T00:41:30,Chaos Core Set X 162,724753,117410147,162,,
554,2026-09-16T02:47:52,2026-09-16T00:41:30,Chaos Core Set X 141,724753,102190313,141,,
555,2026-09-16T02:51:05,2026-09-16T00:41:30,Force Core(Highest,228091,45618200,200,,
556,2026-09-16T03:04:31,2026-09-16T00:41:30,Chaos Core Set X 150,724738,108710849,150,,
557,2026-09-16T03:06:50,2026-09-16T00:41:30,Chaos Core Set X 156,724737,113059127,156,,
558,2026-09-16T03:10:17,2026-09-16T00:41:30,Force Core(High,205346,6160380,30,,
559,2026-09-16T03:10:58,2026-09-16T00:41:30,Chaos Core Set,724732,102187352,141,,
560,2026-09-16T03:13:16,2026-09-16T00:41:30,Chaos Core Set,724731,104361407,144,,
561,2026-09-16T03:16:23,2026-09-16T00:41:30,Force Core(High,205343,6160290,30,,
562,2026-09-16T03:18:31,2026-09-16T00:41:30,Chaos Core Set,724726,113057411,156,,
563,2026-09-16T03:21:30,2026-09-16T00:41:30,Force Core(High,205338,5954802,29,,
564,2026-09-16T03:21:59,2026-09-16T00:41:30,Force Core(High,205337,205337,1,,
565,2026-09-16T03:24:09,2026-09-16T00:41:30,Chaos Core Set,724721,110882465,153,,
566,2026-09-16T03:35:51,2026-09-16T00:41:30,Force Core(High,205323,2669199,13,,
567,2026-09-16T03:36:33,2026-09-16T00:41:30,Force Core(High,205322,1437254,7,,
568,2026-09-16T03:40:55,2026-09-16T00:41:30,Force Core (Ultimate,419915,2099575,5,,
569,2026-09-16T03:44:24,2026-09-16T00:41:30,Force Core(High,205315,10265750,50,,
570,2026-09-16T03:46:13,2026-09-16T00:41:30,Force Core(High,205311,42088755,205,,
571,2026-09-16T03:48:50,2026-09-16T00:41:30,Force Core(High,205310,2053100,10,,
572,2026-09-16T03:49:32,2026-09-16T00:41:30,Force Core (Ultimate,419900,1259700,3,,
573,2026-09-16T03:50:13,2026-09-16T00:41:30,Force Core(Highest,228025,9577050,42,,
574,2026-09-16T03:52:14,2026-09-16T00:41:30,Upgrade Core (Ultimate,459934,12418218,27,,
575,2026-09-16T04:10:04,2026-09-16T00:41:30,Chaos Core Set X 141,723959,102078359,141,,
576,2026-09-16T04:13:04,2026-09-16T00:41:30,Force Core(High,199991,2799874,14,,
577,2026-09-16T04:13:07,2026-09-16T00:41:30,Chaos Core Set X 48,723955,34749887,48,,
578,2026-09-16T04:15:41,2026-09-16T00:41:30,Chaos Core Set,723955,115109003,159,,
579,2026-09-16T04:19:28,2026-09-16T00:41:30,Chaos Core Set,723951,119452079,165,,
580,2026-09-16T04:21:02,2026-09-16T00:41:30,Force Core(High,199986,399972,2,,
581,2026-09-16T04:23:06,2026-09-16T00:41:30,Chaos Core Set,723951,106420943,147,,
582,2026-09-16T04:27:26,2026-09-16T00:41:30,Force Core(High,199985,199985,1,,
583,2026-09-16T04:43:13,2026-09-16T04:33:18,Chaos Core Set X 156,723943,112935263,156,,
584,2026-09-16T04:46:51,2026-09-16T04:33:18,Chaos Core Set X 141,723941,102075821,141,,
585,2026-09-16T04:48:19,2026-09-16T04:33:18,Chaos Core Set,723939,104247359,144,,
586,2026-09-16T04:51:08,2026-09-16T04:33:18,Upgrade Core (Ultimate,459897,459897,1,,
587,2026-09-16T04:52:58,2026-09-16T04:33:18,Force Core (Ultimate,399955,399955,1,,
588,2026-09-16T04:54:07,2026-09-16T04:33:18,Force Core(High,205532,5138300,25,,
589,2026-09-16T05:07:57,2026-09-16T04:33:18,Force Core(High,205517,2055170,10,,
590,2026-09-16T05:21:08,2026-09-16T04:33:18,Force Core(High,205504,20550400,100,,
591,2026-09-16T05:23:07,2026-09-16T04:33:18,Force Core(Highest,199982,7999280,40,,
592,2026-09-16T05:28:12,2026-09-16T04:33:18,Upgrade Core (Ultimate,459867,10117074,22,,
593,2026-09-16T05:30:53,2026-09-16T04:33:18,Chaos Core Set X 162,723871,117267263,162,,
594,2026-09-16T05:32:14,2026-09-16T04:33:18,Force Core(High,205496,36989280,180,,
595,2026-09-16T05:45:23,2026-09-16T04:33:18,Force Core(High,205485,616455,3,,
596,2026-09-16T05:49:09,2026-09-16T04:33:18,Force Core(High,205483,205483,1,,
597,2026-09-16T05:49:38,2026-09-16T04:33:18,Chaos Core Set X 165,723853,119435909,165,,
598,2026-09-16T05:50:40,2026-09-16T04:33:18,Force Core(High,205482,2054820,10,,
599,2026-09-16T05:50:44,2026-09-16T04:33:18,Chaos Core Set X 69,723852,49945856,69,,
600,2026-09-16T05:51:53,2026-09-16T04:33:18,Chaos Core Set X 156,723851,112920911,156,,
601,2026-09-16T05:53:59,2026-09-16T04:33:18,Force Core(High,205482,205482,1,,
602,2026-09-16T05:56:49,2026-09-16T04:33:18,Upgrade Core (Ultimate,459858,64380120,140,,
603,2026-09-16T05:57:38,2026-09-16T04:33:18,Yekaterina VIP Membership,129999986,129999986,1,,
604,2026-09-16T05:59:27,2026-09-16T04:33:18,Chaos Core Set,723847,106405655,147,,
605,2026-09-16T06:07:08,2026-09-16T04:33:18,Force Core (Ultimate,399880,9597120,24,,
606,2026-09-16T06:07:37,2026-09-16T04:33:18,Chaos Core Set,723843,106405067,147,,
607,2026-09-16T06:11:06,2026-09-16T04:33:18,Chaos Core Set X 60,723841,43430519,60,,
608,2026-09-16T06:12:51,2026-09-16T04:33:18,Chaos Core Set X 6,723840,4343045,6,,
609,2026-09-16T06:15:18,2026-09-16T04:33:18,Chaos Core Set X 138,723839,99889919,138,,
610,2026-09-16T06:16:39,2026-09-16T04:33:18,Chaos Core Set X 162,723842,117262565,162,,
611,2026-09-16T06:17:17,2026-09-16T04:33:18,Force Core(High,205493,2054930,10,,
612,2026-09-16T06:19:23,2026-09-16T04:33:18,Upgrade Core (Ultimate,459867,49205769,107,,
613,2026-09-16T06:22:06,2026-09-16T04:33:18,Upgrade Core (Ultimate,459867,82776060,180,,
614,2026-09-16T06:26:19,2026-09-16T04:33:18,Force Core(High,205486,6164580,30,,
615,2026-09-16T06:42:26,2026-09-16T04:33:18,Force Core(Highest,199952,10997360,55,,
616,2026-09-16T06:45:28,2026-09-16T04:33:18,Upgrade Core (Ultimate,459859,32190130,70,,
617,2026-09-16T08:01:22,2026-09-16T07:56:41,Chaos Core Set X 15,724839,10872599,15,,
618,2026-09-16T08:07:15,2026-09-16T08:04:20,Force Core(High,204994,6149820,30,,
619,2026-09-16T08:19:48,2026-09-16T08:04:20,Force Core(High,204967,6149010,30,,
620,2026-09-16T08:20:45,2026-09-16T08:04:20,Force Core(High,204964,1844676,9,,
621,2026-09-16T08:27:32,2026-09-16T08:04:20,Force Core(Highest),228139,4562780,20,,
622,2026-09-16T08:29:44,2026-09-16T08:04:20,Force Core (Ultimate,398981,57054283,143,,
623,2026-09-16T08:31:43,2026-09-16T08:04:20,Force Core (Ultimate,398980,31120440,78,,
624,2026-09-16T08:31:59,2026-09-16T08:04:20,Force Core (Ultimate,398980,24736760,62,,
625,2026-09-16T08:32:15,2026-09-16T08:04:20,Force Core (Ultimate,398979,23140782,58,,
626,2026-09-16T08:32:19,2026-09-16T08:04:20,Upgrade Core (Ultimate,458951,11014824,24,,
627,2026-09-16T08:35:36,2026-09-16T08:04:20,Force Core (Ultimate,398978,7979560,20,,
628,2026-09-16T08:36:05,2026-09-16T08:04:20,Force Core (Ultimate),398976,2393856,6,,
629,2026-09-16T08:37:54,2026-09-16T08:04:20,Force Core(High,204939,10246950,50,,
630,2026-09-16T08:43:32,2026-09-16T08:04:20,Force Core(High,204937,15370275,75,,
631,2026-09-16T08:44:02,2026-09-16T08:04:20,Force Core(High,204936,11271480,55,,
632,2026-09-16T08:44:58,2026-09-16T08:04:20,Chaos Core Set,729513,102861473,141,,
633,2026-09-16T08:46:16,2026-09-16T08:04:20,Chaos Core Set,729512,107238410,147,,
634,2026-09-16T08:51:34,2026-09-16T08:04:20,Chaos Core Set,729512,105049871,144,,
635,2026-09-16T08:52:35,2026-09-16T08:04:20,Chaos Core Set,729511,115992407,159,,
636,2026-09-16T08:53:51,2026-09-16T08:04:20,Chaos Core Set X 15,729510,10942664,15,,
637,2026-09-16T08:57:45,2026-09-16T08:04:20,Force Core(High,204498,18404820,90,,
638,2026-09-16T08:58:14,2026-09-16T08:04:20,Force Core(High,204497,7975383,39,,
639,2026-09-16T08:59:09,2026-09-16T08:04:20,Chaos Core Set,729513,113804183,156,,
640,2026-09-16T09:01:04,2026-09-16T08:04:20,Force Core(Highest,265894,5317880,20,,
641,2026-09-16T09:02:14,2026-09-16T08:04:20,Force Core(High,203998,7139930,35,,
642,2026-09-16T09:02:37,2026-09-16T08:04:20,Force Core(High,203997,4079940,20,,
643,2026-09-16T09:09:22,2026-09-16T08:04:20,Force Core(High,203996,14279720,70,,
644,2026-09-16T09:09:51,2026-09-16T08:04:20,Force Core(High,203995,1835955,9,,
645,2026-09-16T09:10:00,2026-09-16T08:04:20,Force Core (Ultimate,398960,12766720,32,,
646,2026-09-16T09:10:29,2026-09-16T08:04:20,Force Core (Ultimate,398958,7979160,20,,
647,2026-09-16T09:13:44,2026-09-16T08:04:20,Force Core(High,203993,3059895,15,,
648,2026-09-16T09:16:00,2026-09-16T08:04:20,Force Core(Highest,265885,4520045,17,,
649,2026-09-16T09:16:15,2026-09-16T08:04:20,Force Core(High,203992,18563272,91,,
650,2026-09-16T09:16:31,2026-09-16T08:04:20,Force Core(High,203991,6119730,30,,
651,2026-09-16T09:18:40,2026-09-16T08:04:20,Force Core(High,203990,4079800,20,,
652,2026-09-16T09:21:21,2026-09-16T08:04:20,Force Core(High,203988,2039880,10,,
653,2026-09-16T09:29:13,2026-09-16T08:04:20,Force Core(Highest,265876,5317520,20,,
654,2026-09-16T09:29:42,2026-09-16T08:04:20,Force Core(High,203982,815928,4,,
655,2026-09-16T09:32:07,2026-09-16T08:04:20,Force Core(High,203981,5303506,26,,
656,2026-09-16T09:50:10,2026-09-16T08:04:20,Force Core(Highest,265864,8773512,33,,
657,2026-09-16T09:50:40,2026-09-16T08:04:20,Upgrade Core (Ultimate,458933,91786600,200,,
658,2026-09-16T09:50:44,2026-09-16T08:04:20,Upgrade Core (Ultimate,458932,91786400,200,,
659,2026-09-16T09:58:50,2026-09-16T09:55:43,Chaos Core Set X 153,729471,111609215,153,,
660,2026-09-16T10:00:10,2026-09-16T09:55:43,Chaos Core Set X 150,729470,109420649,150,,
661,2026-09-16T10:02:36,2026-09-16T09:55:43,Upgrade Core (Ultimate,458932,8260776,18,,
662,2026-09-16T10:06:47,2026-09-16T10:04:58,Force Core(High,203967,4079340,20,,
663,2026-09-16T10:24:29,2026-09-16T10:08:21,Force Core(High,203959,4079180,20,,
664,2026-09-16T10:37:32,2026-09-16T10:08:21,Force Core(High,203950,8361950,41,,
665,2026-09-16T10:37:48,2026-09-16T10:08:21,Force Core(High,203949,2855286,14,,
666,2026-09-16T10:42:07,2026-09-16T10:08:21,Chaos Core Set X 156,729369,113781719,156,,
667,2026-09-16T10:42:17,2026-09-16T10:08:21,Chaos Core Set X 135,729368,98464814,135,,
668,2026-09-16T10:54:21,2026-09-16T10:08:21,Chaos Core Set X 165,729407,119622854,164,,
669,2026-09-16T10:55:41,2026-09-16T10:08:21,Force Core(Highest,265816,5316320,20,,
670,2026-09-16T10:56:52,2026-09-16T10:08:21,Yekaterina VIP Membership,121999998,121999998,1,,
671,2026-09-16T11:06:39,2026-09-16T10:08:21,Chaos Core Set X 138,726888,99583697,137,,
672,2026-09-16T11:15:58,2026-09-16T11:12:23,Force Core(High,199983,37796787,189,,
673,2026-09-16T11:16:28,2026-09-16T11:12:23,Force Core(High,199982,23197912,116,,
674,2026-09-16T11:18:51,2026-09-16T11:12:23,Force Core(High,199897,4597631,23,,
675,2026-09-16T11:25:50,2026-09-16T11:12:23,Force Core(High,199891,1998910,10,,
676,2026-09-16T11:29:06,2026-09-16T11:12:23,Force Core(High,199888,5996640,30,,
677,2026-09-16T11:29:36,2026-09-16T11:12:23,Force Core(Highest,265753,10630120,40,,
678,2026-09-16T11:36:14,2026-09-16T11:12:23,Force Core(High,199881,3597858,18,,
679,2026-09-16T11:37:10,2026-09-16T11:12:23,Upgrade Core (Ultimate),469998,939996,2,,
680,2026-09-16T11:46:49,2026-09-16T11:12:23,Chaos Core Set X 153,719830,109414277,152,,
681,2026-09-16T11:49:18,2026-09-16T11:12:23,Chaos Core Set X 162,719564,115849925,161,,
682,2026-09-16T11:49:55,2026-09-16T11:12:23,Force Core(High,199873,15590094,78,,
683,2026-09-16T11:50:12,2026-09-16T11:12:23,Chaos Core Set X 39,715121,27889757,39,,
684,2026-09-16T11:54:02,2026-09-16T11:12:23,Upgrade Core (Ultimate,469992,2349960,5,,
685,2026-09-16T11:54:31,2026-09-16T11:12:23,Force Core(High),203961,44055576,216,,
686,2026-09-16T11:54:47,2026-09-16T11:12:23,Force Core(High),203960,41403880,203,,
687,2026-09-16T11:57:27,2026-09-16T11:12:23,Force Core(High,203959,50989750,250,,
688,2026-09-16T11:57:30,2026-09-16T11:12:23,Force Core(High,203959,6934606,34,,
689,2026-09-16T12:12:12,2026-09-16T12:04:51,Force Core(High,203977,2039770,10,,
690,2026-09-16T12:16:54,2026-09-16T12:04:51,Force Core(High,203977,2039770,10,,
691,2026-09-16T12:17:37,2026-09-16T12:04:51,Force Core(High),203975,2855650,14,,
692,2026-09-16T12:30:48,2026-09-16T12:04:51,Chaos Core Set X 150,715137,107270699,150,,
693,2026-09-16T12:35:01,2026-09-16T12:04:51,Force Core(High,203913,6117390,30,,
694,2026-09-16T12:39:37,2026-09-16T12:04:51,Force Core(High,203910,4078200,20,,
695,2026-09-16T12:43:27,2026-09-16T12:04:51,Force Core(High,203908,18351720,90,,
696,2026-09-16T12:43:43,2026-09-16T12:04:51,Force Core(High,203907,1631256,8,,
697,2026-09-16T12:51:10,2026-09-16T12:04:51,Force Core(High,203904,6117120,30,,
698,2026-09-16T13:08:40,2026-09-16T12:04:51,Force Core(Highest,265654,3719156,14,,
699,2026-09-16T13:09:36,2026-09-16T12:04:51,Force Core(High,203893,4077860,20,,
700,2026-09-16T13:16:43,2026-09-16T12:04:51,Upgrade Core (Ultimate,459981,3679848,8,,
701,2026-09-16T13:24:11,2026-09-16T12:04:51,Force Core(High,203884,6116520,30,,
702,2026-09-16T13:35:47,2026-09-16T12:04:51,Force Core(Highest,265642,15938520,60,,
703,2026-09-16T13:36:17,2026-09-16T12:04:51,Force Core(High,203882,8155280,40,,
704,2026-09-16T13:36:47,2026-09-16T12:04:51,Force Core(High,203881,16310480,80,,
705,2026-09-16T13:37:59,2026-09-16T12:04:51,Upgrade Core (Ultimate,459972,49217004,107,,
706,2026-09-16T13:40:54,2026-09-16T12:04:51,Force Core(Highest,265639,2656390,10,,
707,2026-09-16T13:42:31,2026-09-16T12:04:51,Force Core(High,203878,1019390,5,,
708,2026-09-16T13:42:47,2026-09-16T12:04:51,Upgrade Core (Ultimate,459970,22998500,50,,
709,2026-09-16T13:45:26,2026-09-16T12:04:51,Force Core(Highest,265636,1328180,5,,
710,2026-09-16T13:45:55,2026-09-16T12:04:51,Force Core(High,203876,9174420,45,,
711,2026-09-16T13:46:53,2026-09-16T12:04:51,Force Core(High,203875,407750,2,,
712,2026-09-16T13:47:24,2026-09-16T12:04:51,Force Core(High,203874,50356878,247,,
713,2026-09-16T13:48:38,2026-09-16T12:04:51,Force Core (Ultimate,389995,77999000,200,,
714,2026-09-16T13:48:54,2026-09-16T12:04:51,Force Core (Ultimate,389994,38999400,100,,
715,2026-09-16T13:49:10,2026-09-16T12:04:51,Force Core(Highest,265632,24703776,93,,
716,2026-09-16T13:49:27,2026-09-16T12:04:51,Force Core(Highest,265630,1859410,7,,
717,2026-09-16T13:55:22,2026-09-16T12:04:51,Force Core(Highest),208188,41637600,200,,
718,2026-09-16T13:57:33,2026-09-16T12:04:51,Force Core(Highest,255629,25051642,98,,
719,2026-09-16T14:03:42,2026-09-16T12:04:51,Force Core(Highest,208187,10409350,50,,
720,2026-09-16T14:19:09,2026-09-16T12:04:51,Force Core(Highest,208177,17486868,84,,
721,2026-09-16T14:59:03,2026-09-16T12:04:51,Force Core(Highest,208126,10614426,51,,
722,2026-09-16T15:01:07,2026-09-16T12:04:51,Force Core(High,203915,2039150,10,,
723,2026-09-16T15:05:40,2026-09-16T12:04:51,Force Core(Highest,208121,21852705,105,,
724,2026-09-16T15:10:36,2026-09-16T12:04:51,Force Core(Highest,208114,28095390,135,,
725,2026-09-16T15:14:00,2026-09-16T12:04:51,Force Core(Highest,208113,31216950,150,,
726,2026-09-16T15:14:04,2026-09-16T12:04:51,Force Core(Highest,208112,7075808,34,,
727,2026-09-16T15:14:34,2026-09-16T12:04:51,Force Core(Highest,208111,14359659,69,,
728,2026-09-16T15:20:17,2026-09-16T12:04:51,Force Core(Highest),208147,28307992,136,,
729,2026-09-16T15:33:46,2026-09-16T15:29:17,Force Core(High,203900,6117000,30,,
730,2026-09-16T15:34:02,2026-09-16T15:29:17,Chaos Core Set X 135,714928,96515414,135,,
731,2026-09-16T15:53:12,2026-09-16T15:29:17,Chaos Core Set X 138,714899,98656199,138,,
732,2026-09-16T16:05:47,2026-09-16T15:29:17,Force Core(High,203877,203877,1,,
733,2026-09-16T16:19:27,2026-09-16T15:29:17,Force Core (Ultimate,389817,5067621,13,,
734,2026-09-16T16:19:37,2026-09-16T15:29:17,Force Core (Ultimate,389816,28846384,74,,
735,2026-09-16T16:21:28,2026-09-16T15:29:17,Force Core(Highest,202478,12756114,63,,
736,2026-09-16T16:26:22,2026-09-16T15:29:17,Force Core(Highest,199997,1599976,8,,
737,2026-09-16T16:40:39,2026-09-16T15:29:17,Force Core(High,203877,407754,2,,
738,2026-09-16T16:43:11,2026-09-16T15:29:17,Chaos Core Set X 30,714860,21445829,30,,
739,2026-09-16T16:43:21,2026-09-16T15:29:17,Chaos Core Set X 93,714859,66481979,93,,
740,2026-09-16T16:56:59,2026-09-16T15:29:17,Force Core(Highest,199975,8998875,45,,
741,2026-09-16T16:57:28,2026-09-16T15:29:17,Force Core(Highest,199973,38394816,192,,
742,2026-09-16T16:59:01,2026-09-16T15:29:17,Force Core (Ultimate,389792,5846880,15,,
743,2026-09-16T17:08:44,2026-09-16T15:29:17,Chaos Core Set X 6,714860,4289165,6,,
744,2026-09-16T17:23:04,2026-09-16T15:29:17,Upgrade Core (Ultimate,459719,5976347,13,,
745,2026-09-16T17:23:07,2026-09-16T15:29:17,Upgrade Core (Ultimate,459718,20687310,45,,
746,2026-09-16T17:40:50,2026-09-16T15:29:17,Force Core(High),208934,2089340,10,,
747,2026-09-16T17:48:50,2026-09-16T15:29:17,Force Core(High,208928,6267840,30,,
748,2026-09-16T17:52:05,2026-09-16T15:29:17,Force Core(High,208926,4178520,20,,
749,2026-09-16T18:50:02,2026-09-16T18:16:09,Force Core(High,208848,6265440,30,,
750,2026-09-16T23:29:57,2026-09-16T23:18:42,Force Core(High,208842,14618940,70,,
751,2026-09-16T23:52:46,2026-09-16T23:38:41,Upgrade Core (Ultimate,459530,38140990,83,,
752,2026-09-17T00:06:05,2026-09-16T23:38:41,Force Core(High,208724,2087240,10,,
753,2026-09-17T00:10:24,2026-09-16T23:38:41,Chaos Core Set X 138,724930,100040477,138,,
754,2026-09-17T00:12:41,2026-09-16T23:38:41,Chaos Core Set X 162,724926,117438173,162,,
755,2026-09-17T00:13:41,2026-09-16T23:38:41,Chaos Core Set X 153,724925,110913677,153,,
756,2026-09-17T00:22:32,2026-09-16T23:38:41,Chaos Core Set X 153,724992,110923928,153,,
757,2026-09-17T00:23:58,2026-09-16T23:38:41,Chaos Core Set X 150,724990,108748649,150,,
758,2026-09-17T00:24:13,2026-09-16T23:38:41,Chaos Core Set X 147,724989,106573529,147,,
759,2026-09-17T00:46:41,2026-09-17T00:41:44,Force Core (Ultimate,389497,7789940,20,,
760,2026-09-17T00:50:56,2026-09-17T00:47:58,Force Core(High,208679,6260370,30,,
761,2026-09-17T00:51:42,2026-09-17T00:47:58,Upgrade Core (Ultimate,459497,34462275,75,,
762,2026-09-17T00:51:58,2026-09-17T00:47:58,Upgrade Core (Ultimate,459496,22974800,50,,
763,2026-09-17T01:12:30,2026-09-17T00:47:58,Chaos Core Set,720463,115274204,160,,
764,2026-09-17T01:15:37,2026-09-17T00:47:58,Force Core(High,206984,8279360,40,,
765,2026-09-17T01:16:49,2026-09-17T00:47:58,Epic Booster (Highest),49899958,49899958,1,,
766,2026-09-17T01:19:32,2026-09-17T00:47:58,Chaos Core Set,717022,65249009,91,,
767,2026-09-17T01:19:49,2026-09-17T00:47:58,Chaos Core Set X 108,718336,78298703,109,,
768,2026-09-17T01:25:06,2026-09-17T00:47:58,Chaos Core Set,719152,89174876,124,,
769,2026-09-17T01:40:32,2026-09-17T00:47:58,Chaos Core Set,720097,106574411,148,,
770,2026-09-17T01:43:02,2026-09-17T00:47:58,Chaos Core Set,724994,50024654,69,,
771,2026-09-17T01:48:23,2026-09-17T00:47:58,Chaos Core Set,719987,104398127,145,,
772,2026-09-17T01:48:34,2026-09-17T00:47:58,Chaos Core Set X 156,720368,113097815,157,,
773,2026-09-17T01:56:29,2026-09-17T00:47:58,Chaos Core Set X 159,720448,115271819,160,,
774,2026-09-17T01:58:19,2026-09-17T00:47:58,Force Core(High,206940,1655520,8,,
775,2026-09-17T02:10:29,2026-09-17T00:47:58,Epic Booster (Highest),49899958,1348299706,27,,
776,2026-09-17T02:28:40,2026-09-17T02:13:15,Epic Booster (Highest),49899958,199599832,4,,
777,2026-09-17T02:36:49,2026-09-17T02:13:15,Chaos Core Set X 141,724953,102218513,141,,
778,2026-09-17T02:39:11,2026-09-17T02:13:15,Yekaterina VIP Membership,119999998,119999998,1,,
779,2026-09-17T02:42:08,2026-09-17T02:13:15,Chaos Core Set X 150,724945,108741899,150,,
780,2026-09-17T02:43:37,2026-09-17T02:13:15,Chaos Core Set X 102,724944,73944389,102,,
781,2026-09-17T02:49:21,2026-09-17T02:13:15,Chaos Core Set X 144,724942,104391791,144,,
782,2026-09-17T02:50:48,2026-09-17T02:13:15,Chaos Core Set,724941,119615429,165,,
783,2026-09-17T02:56:07,2026-09-17T02:13:15,Armor Account bind Unseal Stone,209999943,209999943,1,,
784,2026-09-17T03:20:41,2026-09-17T02:13:15,Chaos Core Set X 156,724901,113084711,156,,
785,2026-09-17T03:26:07,2026-09-17T02:13:15,Siena's Unbinding Stone,98999999,98999999,1,,
786,2026-09-17T03:33:38,2026-09-17T03:31:11,Force Core(High,199916,3198656,16,,
787,2026-09-17T03:48:50,2026-09-17T03:35:27,Upgrade Core (Ultimate,458884,11930984,26,,
788,2026-09-17T03:56:27,2026-09-17T03:35:27,Chaos Core Set X 162,724865,117428291,162,,
789,2026-09-17T04:02:36,2026-09-17T03:35:27,Chaos Core Set,724861,119602229,165,,
790,2026-09-17T04:04:55,2026-09-17T03:35:27,Force Core (Ultimate,379306,3793060,10,,
791,2026-09-17T04:05:58,2026-09-17T03:35:27,Upgrade Core (Ultimate,458868,917736,2,,
792,2026-09-17T04:18:38,2026-09-17T03:35:27,Chaos Core Set X 165,724844,119599424,165,,
793,2026-09-17T04:24:09,2026-09-17T03:35:27,Chaos Core Set X 147,724843,106552067,147,,
794,2026-09-17T04:27:29,2026-09-17T03:35:27,Chaos Core Set X 135,724842,97853804,135,,
795,2026-09-17T04:35:46,2026-09-17T03:35:27,Chaos Core Set,724841,117424403,162,,
796,2026-09-17T04:36:43,2026-09-17T03:35:27,Force Core(High,199860,199860,1,,
797,2026-09-17T04:40:04,2026-09-17T03:35:27,Chaos Core Set,723647,107099846,148,,
798,2026-09-17T04:54:31,2026-09-17T03:35:27,Force Core(High,199796,35963280,180,,
799,2026-09-17T04:55:11,2026-09-17T03:35:27,Upgrade Core (Ultimate,458834,1835336,4,,
800,2026-09-17T05:00:20,2026-09-17T03:35:27,Force Core (Ultimate,379248,18962400,50,,
801,2026-09-17T05:10:51,2026-09-17T03:35:27,Force Core (Ultimate,379243,37924300,100,,
802,2026-09-17T05:12:40,2026-09-17T03:35:27,Force Core (Ultimate,379242,1516968,4,,
803,2026-09-17T05:15:35,2026-09-17T03:35:27,Force Core (Ultimate,379241,18962050,50,,
804,2026-09-17T05:16:08,2026-09-17T03:35:27,Force Core(High,199781,6193211,31,,
805,2026-09-17T05:16:25,2026-09-17T03:35:27,Upgrade Core (Ultimate,458828,2752968,6,,
806,2026-09-17T05:20:53,2026-09-17T03:35:27,Upgrade Core (Ultimate,458828,11470700,25,,
807,2026-09-17T05:23:03,2026-09-17T03:35:27,Force Core(Highest,208180,1665440,8,,
808,2026-09-17T05:25:42,2026-09-17T03:35:27,Force Core(High,199777,11986620,60,,
809,2026-09-17T05:30:08,2026-09-17T03:35:27,Force Core(High,199774,5993220,30,,
810,2026-09-17T05:35:04,2026-09-17T03:35:27,Force Core(High,199772,1997720,10,,
811,2026-09-17T05:35:40,2026-09-17T03:35:27,Epic Booster (Highest),49899951,199599804,4,,
812,2026-09-17T05:40:44,2026-09-17T05:38:28,Force Core(High,199771,16181451,81,,
813,2026-09-17T05:44:05,2026-09-17T05:38:28,Upgrade Core (Ultimate,459494,8730386,19,,
814,2026-09-17T05:49:08,2026-09-17T05:38:28,Upgrade Core (Ultimate,459497,4594970,10,,
815,2026-09-17T05:53:54,2026-09-17T05:38:28,Upgrade Core (Ultimate,459497,4594970,10,,
816,2026-09-17T05:54:13,2026-09-17T05:38:28,Force Core(Highest,208187,14573090,70,,
817,2026-09-17T05:56:03,2026-09-17T05:38:28,Yekaterina VIP Membership,119999998,119999998,1,,
818,2026-09-17T06:01:52,2026-09-17T05:38:28,Force Core(High,199765,1997650,10,,
819,2026-09-17T06:02:58,2026-09-17T05:38:28,Force Core (Ultimate,369000,18450000,50,,
820,2026-09-17T06:05:06,2026-09-17T05:38:28,Force Core(High,199763,3995260,20,,
821,2026-09-17T06:06:09,2026-09-17T05:38:28,Force Core (Ultimate,369000,14022000,38,,
822,2026-09-17T06:09:19,2026-09-17T05:38:28,Force Core(Highest,208186,4163720,20,,
823,2026-09-17T06:09:54,2026-09-17T05:38:28,Force Core(High,199760,199760,1,,
824,2026-09-17T07:17:56,2026-09-17T07:11:41,Chaos Core Set X 237,714991,169453103,237,,
825,2026-09-17T07:21:27,2026-09-17T07:11:41,Epic Booster (Highest),49899940,99799880,2,,
826,2026-09-17T07:28:00,2026-09-17T07:25:33,Chaos Core Set X 267,714990,190902596,267,,
827,2026-09-17T07:34:31,2026-09-17T07:25:33,Chaos Core Set X 240,714989,171597599,240,,
828,2026-09-17T07:34:43,2026-09-17T07:25:33,Force Core(High,210887,4217740,20,,
829,2026-09-17T07:39:32,2026-09-17T07:36:33,Upgrade Core (Ultimate,459490,43192060,94,,
830,2026-09-17T07:41:03,2026-09-17T07:36:33,Armor Account bind Seal Stone,189999997,189999997,1,,
831,2026-09-17T08:22:49,2026-09-17T08:10:28,Force Gem Package,189999991,189999991,1,,
832,2026-09-17T08:24:58,2026-09-17T08:10:28,Force Core(High,210885,42809655,203,,
833,2026-09-17T08:42:51,2026-09-17T08:35:06,Force Core(High,207999,19343907,93,,
834,2026-09-17T08:43:21,2026-09-17T08:35:06,Chaos Core Set,714990,105103676,147,,
835,2026-09-17T08:47:56,2026-09-17T08:35:06,Force Core(High,210883,22775364,108,,
836,2026-09-17T08:48:00,2026-09-17T08:35:06,Chaos Core Set X 159,714990,113683568,159,,
837,2026-09-17T08:49:04,2026-09-17T08:35:06,Chaos Core Set X 156,714990,111538595,156,,
838,2026-09-17T08:50:07,2026-09-17T08:35:06,Chaos Core Set X 162,714989,115828379,162,,
839,2026-09-17T08:51:13,2026-09-17T08:35:06,Upgrade Core (Ultimate,459492,459492,1,,
840,2026-09-17T08:51:36,2026-09-17T08:35:06,Chaos Core Set,714989,17159759,24,,
841,2026-09-17T08:56:50,2026-09-17T08:35:06,Force Core(High,207998,2079980,10,,
842,2026-09-17T08:57:34,2026-09-17T08:35:06,Chaos Core Set,714081,104255855,146,,
843,2026-09-17T09:06:03,2026-09-17T08:35:06,Force Core(High,207996,29327436,141,,
844,2026-09-17T09:06:36,2026-09-17T08:35:06,Chaos Core Set X 69,713652,49955654,70,,
845,2026-09-17T09:07:48,2026-09-17T08:35:06,Chaos Core Set,713188,95567207,134,,
846,2026-09-17T09:09:12,2026-09-17T08:35:06,Chaos Core Set,715003,115115522,161,,
847,2026-09-17T09:10:30,2026-09-17T08:35:06,Chaos Core Set,715002,115115363,161,,
848,2026-09-17T09:11:51,2026-09-17T08:35:06,Force Core(High),207997,41807397,201,,
849,2026-09-17T09:14:28,2026-09-17T08:35:06,Force Core (Ultimate,368995,35792515,97,,
850,2026-09-17T09:21:59,2026-09-17T08:35:06,Force Core(High,206997,16559760,80,,
851,2026-09-17T09:31:51,2026-09-17T08:35:06,Force Core(High,206993,2483916,12,,
852,2026-09-17T09:34:04,2026-09-17T08:35:06,Force Core (Ultimate,368989,18449450,50,,
853,2026-09-17T09:36:32,2026-09-17T08:35:06,Force Core(High,206991,19250163,93,,
854,2026-09-17T10:01:02,2026-09-17T08:35:06,Epic Booster (Highest),49899931,99799862,2,,
855,2026-09-17T10:05:00,2026-09-17T08:35:06,Chaos Core Set X 135,713330,97726229,137,,
856,2026-09-17T10:07:04,2026-09-17T08:35:06,Chaos Core Set X 144,713979,104241023,146,,
857,2026-09-17T10:23:07,2026-09-17T08:35:06,Siena's Unbinding Stone,98999999,98999999,1,,
858,2026-09-17T10:28:48,2026-09-17T08:35:06,Chaos Core Set X 153,714534,110752874,155,,
859,2026-09-17T10:34:58,2026-09-17T08:35:06,Chaos Core Set X 159,714881,115095965,161,,
860,2026-09-17T10:35:09,2026-09-17T08:35:06,Chaos Core Set X 51,709952,36917522,52,,
861,2026-09-17T10:36:56,2026-09-17T08:35:06,Chaos Core Set X 153,714531,110752415,155,,
862,2026-09-17T10:49:09,2026-09-17T08:35:06,Chaos Core Set,714156,106409330,149,,
863,2026-09-17T10:51:46,2026-09-17T08:35:06,Chaos Core Set,716409,69491711,97,,
864,2026-09-17T10:56:23,2026-09-17T08:35:06,Chaos Core Set,716403,69491135,97,,
865,2026-09-17T10:56:35,2026-09-17T08:35:06,Chaos Core Set,714343,108580199,152,,
866,2026-09-17T10:56:45,2026-09-17T08:35:06,Chaos Core Set,715915,65148299,91,,
867,2026-09-17T10:59:01,2026-09-17T08:35:06,Force Core(Highest,269877,2159016,8,,
868,2026-09-17T10:59:20,2026-09-17T08:35:06,Chaos Core Set X 162,715046,117267587,164,,
869,2026-09-17T11:08:18,2026-09-17T08:35:06,Chaos Core Set X 30,723860,21715829,30,,
870,2026-09-17T11:16:01,2026-09-17T08:35:06,Yekaterina VIP Membership,123999990,123999990,1,,
871,2026-09-17T11:22:15,2026-09-17T08:35:06,Force Core(High,194993,194993,1,,
872,2026-09-17T11:32:34,2026-09-17T08:35:06,Force Core(Highest,269521,8085630,30,,
873,2026-09-17T11:33:06,2026-09-17T08:35:06,Chaos Core Set X 159,714837,115088810,161,,
874,2026-09-17T11:36:50,2026-09-17T08:35:06,Chaos Core Set X 153,714487,110745530,155,,
875,2026-09-17T11:37:46,2026-09-17T08:35:06,Chaos Core Set X 144,713910,104230943,146,,
876,2026-09-17T11:42:51,2026-09-17T08:35:06,Chaos Core Set,713905,104230223,146,,
877,2026-09-17T11:44:20,2026-09-17T08:35:06,Chaos Core Set,713695,102058478,143,,
878,2026-09-17T11:53:22,2026-09-17T08:35:06,Force Core (Ultimate),455063,49601867,109,,
879,2026-09-17T11:53:32,2026-09-17T08:35:06,Force Core (Ultimate),455061,13196769,29,,
880,2026-09-17T12:08:06,2026-09-17T08:35:06,Force Core(Highest,269482,5389640,20,,
881,2026-09-17T12:12:28,2026-09-17T08:35:06,Force Core(High,194985,1754865,9,,
882,2026-09-17T12:18:52,2026-09-17T08:35:06,Chaos Core Set X 150,714262,108567899,152,,
883,2026-09-17T12:20:32,2026-09-17T08:35:06,Force Core(Highest,269477,13473850,50,,
884,2026-09-17T12:20:49,2026-09-17T08:35:06,Force Core(Highest,269476,13204324,49,,
885,2026-09-17T12:21:20,2026-09-17T08:35:06,Chaos Core Set X 135,713218,97710974,137,,
886,2026-09-17T12:25:58,2026-09-17T08:35:06,Chaos Core Set,714621,112910147,158,,
887,2026-09-17T12:27:12,2026-09-17T08:35:06,Force Core(High,189999,1519992,8,,
888,2026-09-17T12:27:29,2026-09-17T08:35:06,Force Core(Highest,269473,16168380,60,,
889,2026-09-17T12:27:45,2026-09-17T08:35:06,Force Core(Highest,269472,269472,1,,
890,2026-09-17T12:28:02,2026-09-17T08:35:06,Chaos Core Set,711916,43426919,61,,
891,2026-09-17T12:29:39,2026-09-17T08:35:06,Force Core (Ultimate,455046,18201840,40,,
892,2026-09-17T12:30:11,2026-09-17T08:35:06,Chaos Core Set,714069,106396394,149,,
893,2026-09-17T12:34:35,2026-09-17T08:35:06,Chaos Core Set,713659,102053261,143,,
894,2026-09-17T12:35:13,2026-09-17T08:35:06,Chaos Core Set X 129,712730,93367748,131,,
895,2026-09-17T12:38:04,2026-09-17T08:35:06,Force Gem Package,189999990,189999990,1,,
896,2026-09-17T12:39:30,2026-09-17T08:35:06,Chaos Core Set X 144,713867,104224607,146,,
897,2026-09-17T12:40:37,2026-09-17T08:35:06,Chaos Core Set X 144,713866,104224463,146,,
898,2026-09-17T12:42:00,2026-09-17T08:35:06,Force Core(Highest,269467,4311472,16,,
899,2026-09-17T12:42:56,2026-09-17T08:35:06,Chaos Core Set,715111,119423699,167,,
900,2026-09-17T13:04:29,2026-09-17T08:35:06,Force Core(High),210887,15605638,74,,
901,2026-09-17T13:10:32,2026-09-17T08:35:06,Upgrade Core (Ultimate,479995,10544450,21,,
902,2026-09-17T13:19:40,2026-09-17T13:14:04,Force Core (Ultimate,455022,111025368,244,,
903,2026-09-17T13:19:43,2026-09-17T13:14:04,Force Core (Ultimate,455020,33671480,74,,
904,2026-09-17T13:41:42,2026-09-17T13:39:15,Yekaterina VIP Membership,123999954,123999954,1,,
905,2026-09-17T13:47:25,2026-09-17T13:39:15,Epic Booster (Highest),49899923,199599692,4,,
906,2026-09-17T14:03:10,2026-09-17T13:53:04,Upgrade Core (Ultimate,479958,119989500,250,,
907,2026-09-17T14:08:45,2026-09-17T13:53:04,Force Core(High,210854,8434160,40,,
908,2026-09-17T14:13:27,2026-09-17T13:53:04,Chaos Core Set X 141,723709,102043109,141,,
909,2026-09-17T14:13:51,2026-09-17T13:53:04,Force Core(High,210852,2108520,10,,
910,2026-09-17T14:19:46,2026-09-17T13:53:04,Force Core(High,210849,2108490,10,,
911,2026-09-17T14:20:56,2026-09-17T13:53:04,Force Core(High),210847,2108470,10,,
912,2026-09-17T14:26:15,2026-09-17T13:53:04,Force Core(High,210844,632532,3,,
913,2026-09-17T14:38:18,2026-09-17T13:53:04,Force Gem Package,189999967,189999967,1,,
914,2026-09-17T14:47:40,2026-09-17T13:53:04,Force Core(High,209273,8370920,40,,
915,2026-09-17T14:47:57,2026-09-17T13:53:04,Force Core(High,209272,8370880,40,,
916,2026-09-17T14:55:20,2026-09-17T13:53:04,Force Core(Highest,267922,5358440,20,,
917,2026-09-17T14:57:00,2026-09-17T13:53:04,Force Core(High,209271,12556260,60,,
918,2026-09-17T15:01:27,2026-09-17T13:53:04,Force Core(High,209270,5441020,26,,
919,2026-09-17T15:02:17,2026-09-17T13:53:04,Force Core(High,209269,31390350,150,,
920,2026-09-17T15:23:38,2026-09-17T13:53:04,Force Core (Ultimate,455061,10011342,22,,
921,2026-09-17T15:44:45,2026-09-17T13:53:04,Chaos Core Set X 6,723640,4341845,6,,
922,2026-09-17T15:46:51,2026-09-17T13:53:04,Yekaterina VIP Membership,123999944,123999944,1,,
923,2026-09-17T15:50:20,2026-09-17T13:53:04,Upgrade Core (Ultimate,469533,29111046,62,,
924,2026-09-17T16:12:50,2026-09-17T13:53:04,Force Core(High,219997,24199670,110,,
925,2026-09-17T16:18:06,2026-09-17T13:53:04,Force Core(High,219997,6599910,30,,
926,2026-09-17T16:28:48,2026-09-17T13:53:04,Force Core(High,219997,16279778,74,,
927,2026-09-17T16:39:18,2026-09-17T13:53:04,Upgrade Core (Ultimate,469554,103301880,220,,
928,2026-09-17T16:39:21,2026-09-17T13:53:04,Force Core (Ultimate,455059,36404720,80,,
929,2026-09-17T16:45:29,2026-09-17T13:53:04,Force Core (Ultimate,455059,13651770,30,,
930,2026-09-17T16:49:25,2026-09-17T13:53:04,Chaos Core Set X 162,723587,117221255,162,,
931,2026-09-17T16:53:07,2026-09-17T13:53:04,Force Core(High,219992,2199920,10,,
932,2026-09-17T16:53:51,2026-09-17T13:53:04,Yekaterina VIP Membership,123999944,123999944,1,,
933,2026-09-17T17:04:11,2026-09-17T13:53:04,Force Core(High,219986,2199860,10,,
934,2026-09-17T17:05:37,2026-09-17T13:53:04,Force Gem Package,189999963,189999963,1,,
935,2026-09-17T17:15:33,2026-09-17T13:53:04,Force Core(High,219980,2199800,10,,
936,2026-09-17T17:31:15,2026-09-17T13:53:04,Force Core(High,219971,219971,1,,
937,2026-09-17T17:36:29,2026-09-17T13:53:04,Force Core(High,219968,1979712,9,,
938,2026-09-17T17:41:44,2026-09-17T13:53:04,Force Core(High,219963,2199630,10,,
939,2026-09-17T17:57:37,2026-09-17T13:53:04,Force Core(High,199997,1999970,10,,
940,2026-09-17T18:00:25,2026-09-17T13:53:04,Chaos Core Set X 138,723471,99839135,138,,
941,2026-09-17T18:04:14,2026-09-17T13:53:04,Chaos Core Set X 138,723468,99838721,138,,
942,2026-09-17T18:10:23,2026-09-17T13:53:04,Force Core(High,199994,1799946,9,,
943,2026-09-17T18:15:28,2026-09-17T13:53:04,Force Core(High,199991,9999550,50,,
944,2026-09-17T18:15:45,2026-09-17T13:53:04,Force Core(High,199990,2999850,15,,
945,2026-09-17T18:19:03,2026-09-17T13:53:04,Force Core(Highest,259988,3899820,15,,
946,2026-09-17T18:22:12,2026-09-17T13:53:04,Epic Booster (Highest),49789879,199159516,4,,
947,2026-09-17T18:31:51,2026-09-17T13:53:04,Chaos Core Set X 153,723425,110684177,153,,
948,2026-09-17T19:35:27,2026-09-17T19:24:35,Force Core(High,200000,6000000,30,,
949,2026-09-17T19:36:54,2026-09-17T19:24:35,Force Core(Highest,239964,13198020,55,,
950,2026-09-17T19:37:24,2026-09-17T19:24:35,Force Core (Ultimate,455007,50050770,110,,
951,2026-09-17T19:43:34,2026-09-17T19:24:35,Force Core(Highest),239962,11998100,50,,
952,2026-09-17T19:45:35,2026-09-17T19:24:35,Force Core(High,199999,199999,1,,
953,2026-09-17T19:46:59,2026-09-17T19:24:35,Force Core(Highest,239961,2399610,10,,
954,2026-09-17T19:58:56,2026-09-17T19:24:35,Epic Booster (Highest),47689887,47689887,1,,
955,2026-09-17T20:05:35,2026-09-17T19:24:35,Chaos Core Set X 156,723381,112847591,156,,
956,2026-09-17T20:06:57,2026-09-17T19:24:35,Force Core (Ultimate,454995,11829870,26,,
957,2026-09-17T20:11:33,2026-09-17T19:24:35,Upgrade Core (Ultimate,463332,38456556,83,,
958,2026-09-17T20:23:51,2026-09-17T19:24:35,Force Core (Ultimate,454987,32304077,71,,
959,2026-09-17T20:43:31,2026-09-17T19:24:35,Force Core (Ultimate,454996,4549960,10,,
960,2026-09-17T20:45:28,2026-09-17T19:24:35,Force Core(High,199998,5399946,27,,
961,2026-09-17T20:48:40,2026-09-17T19:24:35,Force Core (Ultimate,454993,9099860,20,,
962,2026-09-17T21:05:16,2026-09-17T19:24:35,Yekaterina VIP Membership,123999988,123999988,1,,
963,2026-09-17T21:06:20,2026-09-17T19:24:35,Force Core(High,199997,3999940,20,,
964,2026-09-17T21:26:49,2026-09-17T19:24:35,Force Core(High,199997,199997,1,,
965,2026-09-17T21:41:04,2026-09-17T19:24:35,Force Core(High,199997,1199982,6,,
966,2026-09-17T21:48:19,2026-09-17T19:24:35,Force Core(Highest,239905,2399050,10,,
967,2026-09-17T23:23:14,2026-09-17T23:11:33,Chaos Core Set X 315,723277,227832562,315,,
968,2026-09-17T23:25:36,2026-09-17T23:11:33,Wexp Saver,58885976,117771952,2,,
969,2026-09-17T23:27:35,2026-09-17T23:11:33,Chaos Core Set X 150,723261,108489299,150,,
970,2026-09-17T23:28:38,2026-09-17T23:11:33,Chaos Core Set X 135,723259,97640099,135,,
971,2026-09-17T23:30:05,2026-09-17T23:11:33,Chaos Core Set X 315,723258,227826584,315,,
972,2026-09-17T23:35:10,2026-09-17T23:11:33,Chaos Core Set X 138,723258,99809741,138,,
973,2026-09-17T23:36:30,2026-09-17T23:11:33,Chaos Core Set X 144,723255,104148863,144,,
974,2026-09-17T23:41:42,2026-09-17T23:11:33,Chaos Core Set X 45,723253,32546429,45,,
975,2026-09-17T23:44:34,2026-09-17T23:11:33,Chaos Core Set,723251,99808775,138,,
976,2026-09-17T23:50:56,2026-09-17T23:11:33,Chaos Core Set,723244,104147279,144,,
977,2026-09-17T23:52:01,2026-09-17T23:11:33,Upgrade Core (Ultimate,498382,74757300,150,,
978,2026-09-17T23:52:20,2026-09-17T23:11:33,Upgrade Core (Ultimate,498381,54821910,110,,
979,2026-09-17T23:55:23,2026-09-17T23:11:33,Chaos Core Set X 153,723242,110656178,153,,
980,2026-09-17T23:58:12,2026-09-17T23:11:33,Force Core(Highest,208986,45976920,220,,
981,2026-09-17T23:58:28,2026-09-17T23:11:33,Force Core(Highest,208985,4179700,20,,
982,2026-09-17T23:59:45,2026-09-17T23:11:33,Force Core (Ultimate,454941,9098820,20,,
983,2026-09-18T00:00:06,2026-09-17T23:11:33,Force Core (Ultimate,454940,9098800,20,,
984,2026-09-18T00:01:31,2026-09-17T23:11:33,Yekaterina VIP Membership,132205683,132205683,1,,
985,2026-09-18T00:04:31,2026-09-17T23:11:33,Force Core(Highest,208983,835932,4,,
986,2026-09-18T00:05:44,2026-09-17T23:11:33,Upgrade Core (Ultimate,498375,14951250,30,,
987,2026-09-18T00:06:15,2026-09-17T23:11:33,Force Core (Ultimate),454938,13648140,30,,
988,2026-09-18T00:09:08,2026-09-17T23:11:33,Force Core(High,218966,54741500,250,,
989,2026-09-18T00:09:26,2026-09-17T23:11:33,Force Core(High,218965,6568950,30,,
990,2026-09-18T00:09:44,2026-09-17T23:11:33,Force Core(Highest,208981,6269430,30,,
991,2026-09-18T00:19:04,2026-09-17T23:11:33,Force Core(High,218958,4379160,20,,
992,2026-09-18T00:19:21,2026-09-17T23:11:33,Chaos Core Set X 153,723213,110651741,153,,
993,2026-09-18T00:21:49,2026-09-17T23:11:33,Chaos Core Set X 150,723211,108481799,150,,
994,2026-09-18T00:28:01,2026-09-17T23:11:33,Force Core(Highest,208969,31345350,150,,
995,2026-09-18T00:47:18,2026-09-18T00:39:37,Chaos Core Set X 135,723207,97633079,135,,
996,2026-09-18T00:48:44,2026-09-18T00:39:37,Force Core(Highest,208970,6269100,30,,
997,2026-09-18T01:01:53,2026-09-18T00:39:37,Upgrade Core (Ultimate,498357,119605680,240,,
998,2026-09-18T01:02:10,2026-09-18T00:39:37,Upgrade Core (Ultimate,498356,29901360,60,,
999,2026-09-18T01:07:41,2026-09-18T00:39:37,Force Core (Ultimate,422215,6755440,16,,
1000,2026-09-18T01:13:33,2026-09-18T00:39:37,Force Core(Highest,208956,52239000,250,,
1001,2026-09-18T01:13:43,2026-09-18T00:39:37,Force Core(Highest,208955,10656705,51,,
1002,2026-09-18T01:20:00,2026-09-18T00:39:37,Chaos Core Set X 147,723188,106308782,147,,
1003,2026-09-18T01:24:06,2026-09-18T00:39:37,Force Gem Package,188999968,188999968,1,,
1004,2026-09-18T01:27:52,2026-09-18T00:39:37,Chaos Core Set X 87,721481,62768933,87,,
1005,2026-09-18T01:36:03,2026-09-18T00:39:37,Force Gem Package,188999983,188999983,1,,
1006,2026-09-18T01:38:50,2026-09-18T00:39:37,Force Core(High,218924,2189240,10,,
1007,2026-09-18T01:39:07,2026-09-18T00:39:37,Chaos Core Set X 3,721482,2164448,3,,
1008,2026-09-18T01:40:00,2026-09-18T00:39:37,Force Core (Ultimate,422205,422205,1,,
1009,2026-09-18T01:43:46,2026-09-18T00:39:37,Force Core(High,218920,1094600,5,,
1010,2026-09-18T01:56:16,2026-09-18T00:39:37,Upgrade Core (Ultimate,498327,1993308,4,,
1011,2026-09-18T01:57:15,2026-09-18T00:39:37,Chaos Core Set,723184,15186884,21,,
1012,2026-09-18T02:04:10,2026-09-18T00:39:37,Force Core(High,218907,218907,1,,
1013,2026-09-18T02:05:08,2026-09-18T00:39:37,Force Core (Ultimate,422193,42219300,100,,
1014,2026-09-18T02:06:22,2026-09-18T00:39:37,Chaos Core Set,723176,104137487,144,,
1015,2026-09-18T02:11:34,2026-09-18T00:39:37,Force Core(High,218906,4378120,20,,
1016,2026-09-18T02:13:57,2026-09-18T00:39:37,Force Core(Highest,208922,21518966,103,,
1017,2026-09-18T02:18:44,2026-09-18T00:39:37,Force Core (Ultimate,422189,4221890,10,,
1018,2026-09-18T02:26:00,2026-09-18T00:39:37,Chaos Core Set X 165,723167,119322719,165,,
1019,2026-09-18T02:30:23,2026-09-18T00:39:37,Force Core(High,218891,2188910,10,,
1020,2026-09-18T02:30:41,2026-09-18T00:39:37,Upgrade Core (Ultimate,498308,85708976,172,,
1021,2026-09-18T02:30:45,2026-09-18T00:39:37,Upgrade Core (Ultimate,498307,498307,1,,
1022,2026-09-18T02:35:39,2026-09-18T00:39:37,Force Core(High,218889,4377780,20,,
1023,2026-09-18T02:36:52,2026-09-18T00:39:37,Chaos Core Set X 150,723159,108473999,150,,
1024,2026-09-18T02:37:03,2026-09-18T00:39:37,Chaos Core Set X 150,723158,108473849,150,,
1025,2026-09-18T02:37:21,2026-09-18T00:39:37,Chaos Core Set X 123,723157,88948433,123,,
1026,2026-09-18T02:54:12,2026-09-18T00:39:37,Force Core (Ultimate,422175,8443500,20,,
1027,2026-09-18T02:57:31,2026-09-18T00:39:37,Force Core (Ultimate,422174,4221740,10,,
1028,2026-09-18T03:02:42,2026-09-18T00:39:37,Force Core (Ultimate,422171,17731182,42,,
1029,2026-09-18T03:04:23,2026-09-18T00:39:37,Epic Booster (Highest),47125000,235625000,5,,
1030,2026-09-18T03:07:03,2026-09-18T00:39:37,Force Core (Ultimate,422170,9709910,23,,
1031,2026-09-18T03:07:50,2026-09-18T00:39:37,Force Core (Ultimate,422169,2955183,7,,
1032,2026-09-18T03:13:20,2026-09-18T00:39:37,Upgrade Core (Ultimate,494997,28214829,57,,
1033,2026-09-18T03:15:29,2026-09-18T00:39:37,Wexp Saver,58525976,58525976,1,,
1034,2026-09-18T03:21:26,2026-09-18T00:39:37,Upgrade Core (Ultimate,494992,23264624,47,,
1035,2026-09-18T03:21:57,2026-09-18T00:39:37,Force Core (Ultimate,455106,9557226,21,,
1036,2026-09-18T03:27:17,2026-09-18T00:39:37,Upgrade Core (Ultimate,494989,24749450,50,,
1037,2026-09-18T03:27:33,2026-09-18T00:39:37,Force Core (Ultimate,455105,45510500,100,,
1038,2026-09-18T03:30:22,2026-09-18T00:39:37,Force Core(High,218853,4377060,20,,
1039,2026-09-18T03:39:48,2026-09-18T00:39:37,Force Core(High,214996,10749800,50,,
1040,2026-09-18T03:41:15,2026-09-18T00:39:37,Force Core (Ultimate,455098,9101960,20,,
1041,2026-09-18T03:49:05,2026-09-18T00:39:37,Force Core(Highest,208840,4176800,20,,
1042,2026-09-18T03:49:50,2026-09-18T00:39:37,Upgrade Core (Ultimate,494973,17819028,36,,
1043,2026-09-18T03:50:36,2026-09-18T00:39:37,Chaos Core Set X 147,722090,105425166,146,,
1044,2026-09-18T04:03:51,2026-09-18T00:39:37,Chaos Core Set X 15,717178,10757670,15,,
1045,2026-09-18T04:07:11,2026-09-18T00:39:37,Upgrade Core (Ultimate,494965,2474825,5,,
1046,2026-09-18T04:08:00,2026-09-18T00:39:37,Upgrade Core (Ultimate,494966,4454694,9,,
1047,2026-09-18T04:11:17,2026-09-18T00:39:37,Force Core(High,214974,2579688,12,,
1048,2026-09-18T04:12:31,2026-09-18T00:39:37,Upgrade Core (Ultimate),494968,31677952,64,,
1049,2026-09-18T04:15:45,2026-09-18T00:39:37,Force Core(High,214972,6449160,30,,
1050,2026-09-18T04:18:36,2026-09-18T00:39:37,Force Gem Package,188999973,188999973,1,,
1051,2026-09-18T04:20:39,2026-09-18T00:39:37,Force Core(High,214970,11393410,53,,
1052,2026-09-18T04:24:42,2026-09-18T00:39:37,Force Core(High,214968,8598720,40,,
1053,2026-09-18T04:47:52,2026-09-18T00:39:37,Force Core(High,214959,214959,1,,
1054,2026-09-18T04:48:25,2026-09-18T00:39:37,Force Core(High,214958,9673110,45,,
1055,2026-09-18T04:48:57,2026-09-18T00:39:37,Force Core (Ultimate,455071,45962171,101,,
1056,2026-09-18T04:52:35,2026-09-18T00:39:37,Epic Booster (Highest),47125000,188500000,4,,
1057,2026-09-18T04:54:32,2026-09-18T00:39:37,Force Core(High,214961,6448830,30,,
1058,2026-09-18T04:57:38,2026-09-18T00:39:37,Epic Booster (Highest),47125000,47125000,1,,
1059,2026-09-18T05:03:34,2026-09-18T00:39:37,Force Core (Ultimate,455069,2275345,5,,
1060,2026-09-18T05:04:06,2026-09-18T00:39:37,Force Core(High,214956,5803812,27,,
1061,2026-09-18T05:04:22,2026-09-18T00:39:37,Force Core (Ultimate,455068,22298332,49,,
1062,2026-09-18T05:10:52,2026-09-18T05:05:18,Force Core(Highest,197987,19798700,100,,
1063,2026-09-18T05:11:37,2026-09-18T05:05:18,Force Core(High,214954,214954,1,,
1064,2026-09-18T05:14:18,2026-09-18T05:05:18,Force Core(High,214953,644859,3,,
1065,2026-09-18T05:23:21,2026-09-18T05:05:18,Upgrade Core (Ultimate,494940,15343140,31,,
1066,2026-09-18T05:23:37,2026-09-18T05:05:18,Upgrade Core (Ultimate,494939,6929146,14,,
1067,2026-09-18T05:26:53,2026-09-18T05:05:18,Force Core(High,214946,24073952,112,,
1068,2026-09-18T05:32:22,2026-09-18T05:05:18,Force Core(High,214944,6233376,29,,
1069,2026-09-18T05:32:55,2026-09-18T05:05:18,Upgrade Core (Ultimate,494937,5444307,11,,
1070,2026-09-18T05:33:11,2026-09-18T05:05:18,Force Core(High),214943,10532207,49,,
1071,2026-09-18T05:36:37,2026-09-18T05:05:18,Upgrade Core (Ultimate,494936,29696160,60,,
1072,2026-09-18T05:37:27,2026-09-18T05:05:18,Force Core(High,214941,35035383,163,,
1073,2026-09-18T05:37:31,2026-09-18T05:05:18,Force Core(High),214940,42988000,200,,
1074,2026-09-18T05:42:19,2026-09-18T05:05:18,Force Core(High),214939,32240850,150,,
1075,2026-09-18T05:49:11,2026-09-18T05:05:18,Force Core (Ultimate,455092,45964292,101,,
1076,2026-09-18T05:49:31,2026-09-18T05:05:18,Force Core(High),214938,6448140,30,,
1077,2026-09-18T05:49:48,2026-09-18T05:05:18,Force Core(High,214937,17194960,80,,
1078,2026-09-18T05:58:58,2026-09-18T05:05:18,Force Core(High,214934,214934,1,,
1079,2026-09-18T05:59:02,2026-09-18T05:05:18,Force Core(High,214933,644799,3,,
1080,2026-09-18T06:07:49,2026-09-18T05:05:18,Yekaterina VIP Membership,132205587,132205587,1,,
1081,2026-09-18T06:10:23,2026-09-18T05:05:18,Force Core(Highest,197984,7919360,40,,
1082,2026-09-18T06:11:07,2026-09-18T05:05:18,Chaos Core Set X 141,715990,100954730,141,,
1083,2026-09-18T06:11:18,2026-09-18T05:05:18,Chaos Core Set X 141,715989,100954589,141,,
1084,2026-09-18T06:11:30,2026-09-18T05:05:18,Chaos Core Set X 150,715988,107398349,150,,
1085,2026-09-18T06:13:32,2026-09-18T05:05:18,Chaos Core Set,715987,103102271,144,,
1086,2026-09-18T06:13:50,2026-09-18T05:05:18,Chaos Core Set,715999,100955999,141,,
1087,2026-09-18T06:14:21,2026-09-18T05:05:18,Force Core(High),214940,4298800,20,,
1088,2026-09-18T06:17:02,2026-09-18T05:05:18,Force Core(Highest,197982,1979820,10,,
1089,2026-09-18T06:17:46,2026-09-18T05:05:18,Chaos Core Set,715999,118139999,165,,
1090,2026-09-18T06:17:57,2026-09-18T05:05:18,Upgrade Core (Ultimate,499990,11499770,23,,
1091,2026-09-18T06:18:42,2026-09-18T05:05:18,Force Core(High,214938,2149380,10,,
1092,2026-09-18T06:22:54,2026-09-18T05:05:18,Force Core(High,214936,9887056,46,,
1093,2026-09-18T06:26:56,2026-09-18T05:05:18,Force Core(High,214934,17194720,80,,
1094,2026-09-18T06:30:30,2026-09-18T05:05:18,Upgrade Core (Ultimate,499982,9999640,20,,
1095,2026-09-18T06:31:03,2026-09-18T05:05:18,Force Core(High,214932,6447960,30,,
1096,2026-09-18T07:27:29,2026-09-18T07:22:38,Siena's Unbinding Stone,98998995,98998995,1,,
1097,2026-09-18T07:28:52,2026-09-18T07:22:38,Force Core (Ultimate,455077,18203080,40,,
1098,2026-09-18T07:29:10,2026-09-18T07:22:38,Force Core (Ultimate,455076,9101520,20,,
1099,2026-09-18T07:29:14,2026-09-18T07:22:38,Upgrade Core (Ultimate,499981,34998670,70,,
1100,2026-09-18T07:29:59,2026-09-18T07:22:38,Force Core(Highest,197967,2969505,15,,
1101,2026-09-18T07:37:31,2026-09-18T07:22:38,Force Core (Ultimate,455076,33675624,74,,
1102,2026-09-18T07:38:04,2026-09-18T07:22:38,Force Core(High,214927,16549379,77,,
1103,2026-09-18T07:38:37,2026-09-18T07:22:38,Force Core(High,214926,23856786,111,,
1104,2026-09-18T07:38:54,2026-09-18T07:22:38,Upgrade Core (Ultimate,499978,23998944,48,,
1105,2026-09-18T09:35:46,2026-09-18T09:25:04,Force Core (Ultimate,455108,13653240,30,,
1106,2026-09-18T09:36:47,2026-09-18T09:25:04,Chaos Core Set,723318,104157935,144,,
1107,2026-09-18T09:49:10,2026-09-18T09:41:37,Chaos Core Set X 147,723318,106327892,147,,
1108,2026-09-18T09:50:31,2026-09-18T09:41:37,Force Core(High,214923,12680457,59,,
1109,2026-09-18T09:50:49,2026-09-18T09:41:37,Force Core(High,214922,2364142,11,,
1110,2026-09-18T09:50:53,2026-09-18T09:41:37,Force Core (Ultimate,455106,32312526,71,,
1111,2026-09-18T09:51:11,2026-09-18T09:41:37,Chaos Core Set X 237,723317,171426365,237,,
1112,2026-09-18T09:59:01,2026-09-18T09:41:37,Force Core(High),214923,2149230,10,,
1113,2026-09-18T10:48:55,2026-09-18T10:43:03,Force Core(Highest,197985,1979850,10,,
1114,2026-09-18T10:50:30,2026-09-18T10:43:03,Upgrade Core (Ultimate,499997,11999928,24,,
1115,2026-09-18T10:58:22,2026-09-18T10:43:03,Upgrade Core (Ultimate,499994,999988,2,,
1116,2026-09-18T11:05:11,2026-09-18T10:43:03,Force Core(High),219969,4399380,20,,
1117,2026-09-18T11:05:22,2026-09-18T10:43:03,Force Core(High),219968,5059264,23,,
1118,2026-09-18T11:15:16,2026-09-18T10:43:03,Chaos Core Set X 537,747958,401653982,537,,
1119,2026-09-18T11:17:49,2026-09-18T10:43:03,Upgrade Core (Ultimate,499993,2499965,5,,
1120,2026-09-18T11:18:00,2026-09-18T10:43:03,Force Core(High,219963,7918668,36,,
1121,2026-09-18T11:22:44,2026-09-18T10:43:03,Epic Booster (Highest),47199997,141599991,3,,
1122,2026-09-18T11:23:51,2026-09-18T10:43:03,Force Core (Ultimate,455092,5461104,12,,
1123,2026-09-18T11:24:16,2026-09-18T10:43:03,Force Core(High,219958,439916,2,,
1124,2026-09-18T11:28:20,2026-09-18T10:43:03,Force Core (Ultimate,455091,94203837,207,,
1125,2026-09-18T11:34:43,2026-09-18T10:43:03,Chaos Core Set X 39,749643,28486457,38,,
1126,2026-09-18T11:36:19,2026-09-18T10:43:03,Chaos Core Set X 249,748455,181874579,243,,
1127,2026-09-18T11:56:04,2026-09-18T11:52:24,Armor Account bind Seal Stone,187999985,187999985,1,,
1128,2026-09-18T12:42:21,2026-09-18T12:38:50,Upgrade Core (Ultimate,589989,5309901,9,,
1129,2026-09-18T12:43:55,2026-09-18T12:38:50,Chaos Core Set X 162,730413,118327067,162,,
1130,2026-09-18T12:44:58,2026-09-18T12:38:50,Chaos Core Set X 309,730412,225697616,309,,
1131,2026-09-18T12:45:53,2026-09-18T12:38:50,Chaos Core Set X 153,730410,111752882,153,,
1132,2026-09-18T12:48:17,2026-09-18T12:38:50,Upgrade Core (Ultimate,599998,15599948,26,,
1133,2026-09-18T12:48:33,2026-09-18T12:38:50,Force Core (Ultimate,594998,2379992,4,,
1134,2026-09-18T13:43:35,2026-09-18T13:36:56,Force Core(High,208738,417476,2,,
1135,2026-09-18T13:43:51,2026-09-18T13:36:56,Force Core(High,208737,1669896,8,,
1136,2026-09-18T13:44:56,2026-09-18T13:36:56,Wexp Savet,61899997,61899997,1,,
1137,2026-09-18T13:49:46,2026-09-18T13:45:34,Upgrade Core (Ultimate,589988,33039328,56,,
1138,2026-09-18T14:03:55,2026-09-18T13:59:41,Force Core(Highest,197982,593946,3,,
1139,2026-09-18T14:04:59,2026-09-18T13:59:41,Chaos Core Set X 330,730350,241015829,330,,
1140,2026-09-18T14:33:09,2026-09-18T14:25:35,Force Core(High,208724,2087240,10,,
1141,2026-09-18T14:37:18,2026-09-18T14:25:35,Force Core(High,208720,417440,2,,
1142,2026-09-18T14:42:53,2026-09-18T14:39:04,Force Core(Highest,196969,15954489,81,,
1143,2026-09-18T14:54:52,2026-09-18T14:48:56,Chaos Core Set X 291,730298,212517008,291,,
1144,2026-09-18T15:00:25,2026-09-18T14:48:56,Chaos Core Set,730290,111734522,153,,
1145,2026-09-18T15:01:34,2026-09-18T14:48:56,Chaos Core Set X 162,730297,118308275,162,,
1146,2026-09-18T15:02:02,2026-09-18T14:48:56,Chaos Core Set,730290,85444046,117,,
1147,2026-09-18T15:03:23,2026-09-18T14:48:56,Chaos Core Set X 144,730295,105162623,144,,
1148,2026-09-18T15:06:06,2026-09-18T14:48:56,Chaos Core Set X 78,730294,56963009,78,,
1149,2026-09-18T15:24:16,2026-09-18T15:20:37,Force Gem Package,188936453,188936453,1,,
1150,2026-09-18T15:26:32,2026-09-18T15:20:37,Chaos Core Set X 153,730436,111756860,153,,
1151,2026-09-18T15:26:57,2026-09-18T15:20:37,Chaos Core Set X 147,730434,107373944,147,,
1152,2026-09-18T15:27:21,2026-09-18T15:20:37,Chaos Core Set,730437,46017593,63,,
1153,2026-09-18T15:29:36,2026-09-18T15:20:37,Chaos Core Set X 117,730430,85460426,117,,
1154,2026-09-18T15:29:55,2026-09-18T15:20:37,Chaos Core Set X 150,730429,109564499,150,,
1155,2026-09-18T15:35:57,2026-09-18T15:20:37,Chaos Core Set,730437,6573941,9,,
1156,2026-09-18T15:49:06,2026-09-18T15:42:55,Force Core (Ultimate,594978,11899560,20,,
1157,2026-09-18T15:49:23,2026-09-18T15:42:55,Wexp Saver,61899989,61899989,1,,
1158,2026-09-18T15:49:41,2026-09-18T15:42:55,Force Core(High,208703,4174060,20,,
1159,2026-09-18T16:39:12,2026-09-18T16:35:12,Force Core(Highest,196968,32696688,166,,
1160,2026-09-18T16:40:54,2026-09-18T16:35:12,Force Core (Ultimate,594973,73776652,124,,
1161,2026-09-18T16:41:10,2026-09-18T16:35:12,Force Core (Ultimate,594972,136843560,230,,
1162,2026-09-18T16:47:53,2026-09-18T16:35:12,Force Core(High,199998,5999940,30,,
1163,2026-09-18T16:48:40,2026-09-18T16:35:12,Chaos Core Set X 138,730397,100794923,138,,
1164,2026-09-18T16:50:50,2026-09-18T16:35:12,Chaos Core Set X 141,730396,102985976,141,,
1165,2026-09-18T16:54:25,2026-09-18T16:35:12,Force Core(Highest,195998,4703952,24,,
1166,2026-09-18T17:06:34,2026-09-18T16:35:12,Force Core(High,199988,399976,2,,
1167,2026-09-18T17:18:00,2026-09-18T16:35:12,Force Core(High,199985,21798365,109,,
1168,2026-09-18T17:26:54,2026-09-18T16:35:12,Force Core(High,199980,199980,1,,
1169,2026-09-18T17:34:33,2026-09-18T16:35:12,Chaos Core Set X 156,730336,113932571,156,,
1170,2026-09-18T17:36:23,2026-09-18T16:35:12,Chaos Core Set X 165,730335,120505439,165,,
1171,2026-09-18T17:37:37,2026-09-18T16:35:12,Chaos Core Set X 153,730334,111741254,153,,
1172,2026-09-18T17:41:41,2026-09-18T16:35:12,Force Core(High,199972,399944,2,,
1173,2026-09-18T17:45:58,2026-09-18T16:35:12,Chaos Core Set X 159,730393,116132645,159,,
1174,2026-09-18T18:19:11,2026-09-18T18:11:36,Force Core(High,199961,4999025,25,,
1175,2026-09-18T18:21:21,2026-09-18T18:11:36,Wexp Saver,61899969,61899969,1,,
1176,2026-09-18T18:21:58,2026-09-18T18:11:36,Epic Booster (Highest),47199996,47199996,1,,
1177,2026-09-18T18:27:35,2026-09-18T18:11:36,Chaos Core Set X 27,730380,19720286,27,,
1178,2026-09-18T18:43:48,2026-09-18T18:11:36,Force Core(High,199938,1199628,6,,
1179,2026-09-18T18:43:52,2026-09-18T18:11:36,Force Core(High,199937,2199307,11,,
1180,2026-09-18T18:46:30,2026-09-18T18:11:36,Force Core (Ultimate,499999,14999970,30,,
1181,2026-09-18T18:47:02,2026-09-18T18:11:36,Force Core (Ultimate,499998,39999840,80,,
1182,2026-09-18T18:51:51,2026-09-18T18:11:36,Force Core (Ultimate,499999,24999950,50,,
1183,2026-09-18T18:53:28,2026-09-18T18:11:36,Force Core (Ultimate),458380,44921240,98,,
1184,2026-09-18T19:53:48,2026-09-18T19:48:32,Force Core(High,207809,1870281,9,,
1185,2026-09-18T19:58:50,2026-09-18T19:48:32,Wexp Saver,61899988,61899988,1,,
1186,2026-09-18T20:10:34,2026-09-18T19:48:32,Force Core(High,207773,4155460,20,,
1187,2026-09-18T20:13:53,2026-09-18T19:48:32,Upgrade Core (Ultimate,539806,1079612,2,,
1188,2026-09-18T20:19:32,2026-09-18T19:48:32,Force Core (Ultimate,399998,799996,2,,
1189,2026-09-18T20:41:15,2026-09-18T19:48:32,Force Core(High,207746,2077460,10,,
1190,2026-09-18T20:44:06,2026-09-18T19:48:32,Force Gem Package,188999928,188999928,1,,
1191,2026-09-18T20:46:07,2026-09-18T19:48:32,Chaos Core Set X 24,730276,17526647,24,,
1192,2026-09-18T20:55:24,2026-09-18T19:48:32,Chaos Core Set,730271,120494879,165,,
1193,2026-09-18T20:55:41,2026-09-18T19:48:32,Force Core(High,207737,2285107,11,,
1194,2026-09-18T20:56:11,2026-09-18T19:48:32,Force Core (Ultimate,399975,799950,2,,
1195,2026-09-18T20:56:40,2026-09-18T19:48:32,Chaos Core Set X 150,730269,109540499,150,,
1196,2026-09-18T20:58:42,2026-09-18T19:48:32,Chaos Core Set,730265,105158303,144,,
1197,2026-09-18T21:03:17,2026-09-18T19:48:32,Force Core(High,207731,18695790,90,,
1198,2026-09-18T21:03:34,2026-09-18T19:48:32,Force Core(High,207730,10386500,50,,
1199,2026-09-18T21:05:14,2026-09-18T19:48:32,Force Core(Highest,224974,224974,1,,
1200,2026-09-18T21:39:31,2026-09-18T19:48:32,Force Core(High,207695,2076950,10,,
1201,2026-09-18T21:46:29,2026-09-18T19:48:32,Chaos Core Set X 162,730198,118292237,162,,
1202,2026-09-18T21:51:00,2026-09-18T19:48:32,Upgrade Core (Ultimate,539735,1619205,3,,
1203,2026-09-18T22:43:23,2026-09-18T22:38:03,Force Core(High,207669,4153380,20,,
1204,2026-09-18T22:44:18,2026-09-18T22:38:03,Chaos Core Set X 135,730183,98574839,135,,
1205,2026-09-18T22:46:01,2026-09-18T22:38:03,Chaos Core Set X 84,730182,61335371,84,,
1206,2026-09-18T22:47:25,2026-09-18T22:38:03,Force Core(Highest,224928,4498560,20,,
1207,2026-09-18T22:47:41,2026-09-18T22:38:03,Chaos Core Set X 159,730181,116098937,159,,
1208,2026-09-18T22:48:10,2026-09-18T22:38:03,Chaos Core Set X 147,730180,107336606,147,,
1209,2026-09-18T22:49:06,2026-09-18T22:38:03,Force Core(Highest,224927,6747810,30,,
1210,2026-09-18T22:53:06,2026-09-18T22:38:03,Force Core (Ultimate,399910,3999100,10,,
1211,2026-09-18T23:01:23,2026-09-18T22:38:03,Force Core(High,206982,1448874,7,,
1212,2026-09-18T23:18:34,2026-09-18T22:38:03,Force Core(High,206959,6208770,30,,
1213,2026-09-18T23:18:49,2026-09-18T22:38:03,Force Core(High,206958,620874,3,,
1214,2026-09-18T23:22:49,2026-09-18T22:38:03,Force Core(High,206956,6208680,30,,
1215,2026-09-18T23:23:57,2026-09-18T22:38:03,Force Core(Highest,209975,46194500,220,,
1216,2026-09-18T23:30:09,2026-09-18T22:38:03,Force Core(High,206947,2690311,13,,
1217,2026-09-18T23:33:43,2026-09-18T22:38:03,Upgrade Core (Ultimate,539659,10793180,20,,
1218,2026-09-18T23:35:56,2026-09-18T22:38:03,Force Core(High,206939,18624510,90,,
1219,2026-09-19T00:45:35,2026-09-19T00:41:13,Force Core(High,206937,1034685,5,,
1220,2026-09-19T00:45:40,2026-09-19T00:41:13,Force Core (Ultimate,399870,66378420,166,,
1221,2026-09-19T00:46:10,2026-09-19T00:41:13,Chaos Core Set X 144,730090,105133103,144,,
1222,2026-09-19T00:46:21,2026-09-19T00:41:13,Chaos Core Set X 165,730089,120464849,165,,
1223,2026-09-19T00:46:59,2026-09-19T00:41:13,Force Core(High,206934,22762740,110,,
1224,2026-09-19T00:47:09,2026-09-19T00:41:13,Force Core(High,206933,2483196,12,,
1225,2026-09-19T00:47:46,2026-09-19T00:41:13,Chaos Core Set X 162,730086,118274093,162,,
1226,2026-09-19T00:48:09,2026-09-19T00:41:13,Chaos Core Set X 153,730085,111703157,153,,
1227,2026-09-19T00:48:26,2026-09-19T00:41:13,Chaos Core Set X 162,730084,118273769,162,,
1228,2026-09-19T01:03:31,2026-09-19T00:41:13,Chaos Core Set,729622,118198925,162,,
1229,2026-09-19T01:04:36,2026-09-19T00:41:13,Siena's Unbinding Stone,98998864,98998864,1,,
1230,2026-09-19T01:08:12,2026-09-19T00:41:13,Force Core(High,206950,1034750,5,,
1231,2026-09-19T01:08:28,2026-09-19T00:41:13,Extreme Core (Lv. 10,25999998,129999990,5,,
1232,2026-09-19T01:16:46,2026-09-19T00:41:13,Force Core(High,206942,4138840,20,,
1233,2026-09-19T01:17:44,2026-09-19T00:41:13,Chaos Core Set,729613,43776839,60,,
1234,2026-09-19T01:35:57,2026-09-19T00:41:13,Force Core (Ultimate,399846,39984600,100,,
1235,2026-09-19T01:41:21,2026-09-19T00:41:13,Epic Booster (Highest),47199897,47199897,1,,
1236,2026-09-19T05:32:47,2026-09-19T05:29:58,Arionell,340000000,340000000,1,,
1237,2026-09-19T05:32:59,2026-09-19T05:29:58,Epic Booster (Highest),47199897,94399794,2,,
1238,2026-09-19T05:34:13,2026-09-19T05:29:58,Force Core (Ultimate,399837,11995110,30,,
1239,2026-09-19T05:35:34,2026-09-19T05:29:58,Force Core(High,206908,4345068,21,,
1240,2026-09-19T05:35:50,2026-09-19T05:29:58,Force Core(High,206907,36208725,175,,
1241,2026-09-19T05:35:59,2026-09-19T05:29:58,Chaos Core Set X 297,747190,216685259,290,,
1242,2026-09-19T05:39:51,2026-09-19T05:29:58,Chaos Core Set X 153,749165,111625586,149,,
1243,2026-09-19T05:41:34,2026-09-19T05:29:58,Chaos Core Set X 159,748405,116002901,155,,
1244,2026-09-19T05:42:18,2026-09-19T05:29:58,Chaos Core Set X 138,745789,100681625,135,,
1245,2026-09-19T05:50:17,2026-09-19T05:29:58,Chaos Core Set X 156,748775,113813855,152,,
1246,2026-09-19T05:56:08,2026-09-19T05:29:58,Force Core(High,199999,1599992,8,,
1247,2026-09-19T05:58:13,2026-09-19T05:29:58,Upgrade Core (Ultimate,537988,26899400,50,,
1248,2026-09-19T05:59:47,2026-09-19T05:29:58,Upgrade Core (Ultimate,537987,26899350,50,,
1249,2026-09-19T06:00:55,2026-09-19T05:29:58,Chaos Core Set X 150,747889,112183499,150,,
1250,2026-09-19T06:08:56,2026-09-19T05:29:58,Force Core(High,199990,10599470,53,,
1251,2026-09-19T06:14:30,2026-09-19T05:29:58,Force Core(High,199988,36997780,185,,
1252,2026-09-19T06:15:14,2026-09-19T05:29:58,Force Core(High,199986,27798054,139,,
1253,2026-09-19T06:15:23,2026-09-19T05:29:58,Chaos Core Set X 144,750461,105064559,140,,
1254,2026-09-19T06:16:59,2026-09-19T05:29:58,Chaos Core Set X 90,746196,65665259,88,,
1255,2026-09-19T06:22:10,2026-09-19T05:29:58,Force Core(High,199987,31397959,157,,
1256,2026-09-19T06:22:25,2026-09-19T05:29:58,Chaos Core Set X 162,748085,118197467,158,,
1257,2026-09-19T06:23:42,2026-09-19T05:29:58,Chaos Core Set X 144,750459,105064271,140,,
1258,2026-09-19T06:24:04,2026-09-19T05:29:58,Chaos Core Set X 147,750020,107252963,143,,
1259,2026-09-19T06:28:35,2026-09-19T05:29:58,Chaos Core Set,748436,116007671,155,,
1260,2026-09-19T06:29:08,2026-09-19T05:29:58,Arionell,340000000,340000000,1,,
1261,2026-09-19T06:32:37,2026-09-19T06:30:24,Force Core (Ultimate,399814,7996280,20,,
1262,2026-09-19T06:32:49,2026-09-19T06:30:24,Force Core (Ultimate,399813,31985040,80,,
1263,2026-09-19T06:32:53,2026-09-19T06:30:24,Force Core (Ultimate,399812,399812,1,,
1264,2026-09-19T06:33:00,2026-09-19T06:30:24,Force Core(High,199978,12198658,61,,
1265,2026-09-19T06:33:08,2026-09-19T06:30:24,Chaos Core Set X 144,729605,105063263,144,,
1266,2026-09-19T06:33:23,2026-09-19T06:30:24,Force Core(High,199985,19998500,100,,
1267,2026-09-19T06:38:35,2026-09-19T06:36:24,Force Core (Ultimate,399813,1599252,4,,
1268,2026-09-19T06:38:44,2026-09-19T06:36:24,Chaos Core Set X 9,729624,6566624,9,,
1269,2026-09-19T09:35:17,2026-09-19T09:30:18,Arionell,340000000,340000000,1,,
1270,2026-09-19T09:36:23,2026-09-19T09:30:18,Force Core (Ultimate,399812,799624,2,,
1271,2026-09-19T09:41:49,2026-09-19T09:30:18,Force Core(Highest,205877,19558315,95,,
1272,2026-09-19T09:42:20,2026-09-19T09:30:18,Force Core(Highest,205876,10499676,51,,
1273,2026-09-19T09:47:44,2026-09-19T09:30:18,Force Core(Highest,205874,9470204,46,,
1274,2026-09-19T10:06:01,2026-09-19T09:30:18,Force Core(Highest),249994,29999280,120,,
1275,2026-09-19T10:09:42,2026-09-19T09:30:18,Force Core(High,192988,7719520,40,,
1276,2026-09-19T10:39:38,2026-09-19T10:34:16,Force Core(High,192959,20646613,107,,
1277,2026-09-19T10:40:08,2026-09-19T10:34:16,Force Core(High,192957,28943550,150,,
1278,2026-09-19T10:52:42,2026-09-19T10:34:16,Force Core (Ultimate,458332,18333280,40,,
1279,2026-09-19T10:53:00,2026-09-19T10:34:16,Force Core (Ultimate,458331,4583310,10,,
1280,2026-09-19T10:59:05,2026-09-19T10:34:16,Force Core(High,189992,8359648,44,,
1281,2026-09-19T10:59:22,2026-09-19T10:34:16,Force Core(High,189991,3799820,20,,
1282,2026-09-19T10:59:26,2026-09-19T10:34:16,Force Core(High,189990,1519920,8,,
1283,2026-09-19T22:38:53,2026-09-19T22:34:25,Chaos Core Set X 281,740123,207974843,281,,
1284,2026-09-19T22:39:02,2026-09-19T22:34:25,Yekaterina VIP Membership,130428905,130428905,1,,
1285,2026-09-19T22:39:11,2026-09-19T22:34:25,Chaos Core Set X 249,740122,184290626,249,,
1286,2026-09-19T22:39:15,2026-09-19T22:34:25,Chaos Core Set X 222,740121,164307083,222,,
1287,2026-09-19T22:39:18,2026-09-19T22:34:25,Chaos Core Set X 249,740120,184290128,249,,
1288,2026-09-19T22:39:22,2026-09-19T22:34:25,Upgrade Core (Ultimate,536893,75165020,140,,
1289,2026-09-19T22:39:37,2026-09-19T22:34:25,Chaos Core Set X 273,740119,202052759,273,,
1290,2026-09-19T22:39:41,2026-09-19T22:34:25,Chaos Core Set X 240,740118,177628559,240,,
1291,2026-09-19T22:39:58,2026-09-19T22:34:25,Chaos Core Set X 102,740117,75492035,102,,
1292,2026-09-19T22:41:17,2026-09-19T22:34:25,Chaos Core Set X 273,740561,202173425,273,,
1293,2026-09-19T22:42:21,2026-09-19T22:34:25,Force Core(High,189985,11209115,59,,
1294,2026-09-19T22:42:24,2026-09-19T22:34:25,Upgrade Core (Ultimate,536892,111136644,207,,
1295,2026-09-19T22:42:28,2026-09-19T22:34:25,Force Core (Ultimate,458274,92571348,202,,
1296,2026-09-19T22:42:43,2026-09-19T22:34:25,Chaos Core Set X 135,740116,99915794,135,,
1297,2026-09-19T22:44:00,2026-09-19T22:34:25,Force Core(Highest,213907,14117862,66,,
1298,2026-09-19T22:44:43,2026-09-19T22:34:25,Chaos Core Set X 231,739414,168586571,228,,
1299,2026-09-19T22:46:26,2026-09-19T22:34:25,Chaos Core Set X 48,745298,35029007,47,,
1300,2026-09-19T22:47:46,2026-09-19T22:34:25,Force Core(High),189298,5678940,30,,
1301,2026-09-19T22:53:33,2026-09-19T22:34:25,Wexp Saver,64999991,64999991,1,,
1302,2026-09-19T22:54:03,2026-09-19T22:34:25,Force Core(High,189293,189293,1,,
1303,2026-09-19T22:59:01,2026-09-19T22:34:25,Force Core(High,189289,5678670,30,,
1304,2026-09-19T22:59:43,2026-09-19T22:34:25,Force Core(Highest,213746,2137460,10,,
1305,2026-09-19T23:33:32,2026-09-19T22:34:25,Force Core(High,189257,14194275,75,,
1306,2026-09-19T23:37:25,2026-09-19T22:34:25,Force Core(Highest,213686,6410580,30,,
1307,2026-09-19T23:39:00,2026-09-19T22:34:25,Force Core(Highest,213683,6410490,30,,
1308,2026-09-19T23:39:29,2026-09-19T22:34:25,Upgrade Core (Ultimate,479560,9591200,20,,
1309,2026-09-19T23:40:43,2026-09-19T22:34:25,Upgrade Core (Ultimate,479559,14386770,30,,
1310,2026-09-19T23:42:12,2026-09-19T22:34:25,Force Core(Highest,213681,28419573,133,,
1311,2026-09-19T23:43:07,2026-09-19T22:34:25,Force Core(Highest,213679,28419307,133,,
1312,2026-09-19T23:45:40,2026-09-19T22:34:25,Arionell,339999999,339999999,1,,
1313,2026-09-20T00:41:45,2026-09-20T00:36:54,Force Core(Highest,213649,32688297,153,,
1314,2026-09-20T00:42:01,2026-09-20T00:36:54,Force Core(Highest,213648,47002560,220,,
1315,2026-09-20T00:49:21,2026-09-20T00:36:54,Wexp Saver,62999999,62999999,1,,
1316,2026-09-20T01:45:11,2026-09-20T00:36:54,Force Core(Highest,213695,6410850,30,,
1317,2026-09-20T01:49:17,2026-09-20T00:36:54,Force Core(Highest,213691,4487511,21,,
1318,2026-09-20T02:22:38,2026-09-20T00:36:54,Force Core (Ultimate,447938,4479380,10,,
1319,2026-09-20T02:41:18,2026-09-20T00:36:54,Force Core(Highest,213622,640866,3,,
1320,2026-09-20T02:48:17,2026-09-20T00:36:54,Chaos Core Set X 138,730266,100046549,137,,
1321,2026-09-20T02:49:31,2026-09-20T00:36:54,Chaos Core Set X 150,729839,108746099,149,,
1322,2026-09-20T02:52:07,2026-09-20T00:36:54,Chaos Core Set X 162,729474,117445463,161,,
1323,2026-09-20T02:53:40,2026-09-20T00:36:54,Chaos Core Set X 147,729936,106570736,146,,
1324,2026-09-20T02:54:46,2026-09-20T00:36:54,Chaos Core Set X 147,729935,106570589,146,,
1325,2026-09-20T02:58:14,2026-09-20T00:36:54,Chaos Core Set,730068,104399855,143,,
1326,2026-09-20T03:01:03,2026-09-20T00:36:54,Force Core(Highest,213604,24991668,117,,
1327,2026-09-20T03:01:20,2026-09-20T00:36:54,Force Core(Highest,213603,7689708,36,,
1328,2026-09-20T03:03:18,2026-09-20T00:36:54,Chaos Core Set,729703,120401159,165,,
1329,2026-09-20T03:06:16,2026-09-20T00:36:54,Chaos Core Set X 150,729702,109455449,150,,
1330,2026-09-20T03:31:50,2026-09-20T00:36:54,Chaos Core Set X 150,729634,109445249,150,,
1331,2026-09-20T03:50:40,2026-09-20T00:36:54,Force Core(Highest,299954,599908,2,,
1332,2026-09-20T03:50:55,2026-09-20T00:36:54,Force Core(Highest,299953,2999530,10,,
1333,2026-09-20T03:50:59,2026-09-20T00:36:54,Force Core(Highest,299952,2399616,8,,
1334,2026-09-20T04:08:07,2026-09-20T00:36:54,Force Core(Highest,299921,14996050,50,,
1335,2026-09-20T04:19:19,2026-09-20T00:36:54,Upgrade Core (Ultimate,479105,71865750,150,,
1336,2026-09-20T04:26:09,2026-09-20T00:36:54,Chaos Core Set X 147,729511,107238263,147,,
1337,2026-09-20T04:42:57,2026-09-20T04:38:50,Force Core(Highest,299891,4498365,15,,
1338,2026-09-20T04:51:25,2026-09-20T04:45:03,Force Core(Highest),299882,3898466,13,,
1339,2026-09-20T05:14:20,2026-09-20T04:45:03,Chaos Core Set X 138,729438,100662581,138,,
1340,2026-09-20T05:16:02,2026-09-20T04:45:03,Chaos Core Set X 153,729437,111604013,153,,
1341,2026-09-20T05:19:21,2026-09-20T04:45:03,Force Core(Highest,299849,29984900,100,,
1342,2026-09-20T05:20:23,2026-09-20T04:45:03,Upgrade Core (Ultimate,479049,4790490,10,,
1343,2026-09-20T05:29:07,2026-09-20T05:23:24,Force Core(Highest,299846,13493070,45,,
1344,2026-09-20T05:32:08,2026-09-20T05:23:24,Upgrade Core (Ultimate,479031,14370930,30,,
1345,2026-09-20T05:38:01,2026-09-20T05:33:24,Force Core (Ultimate,444829,46262216,104,,
1346,2026-09-20T05:42:39,2026-09-20T05:33:24,Force Core (Ultimate,444826,14679258,33,,
1347,2026-09-20T06:05:58,2026-09-20T05:44:47,Force Core(High,204996,4099920,20,,
1348,2026-09-20T06:06:27,2026-09-20T05:44:47,Force Core(High,204994,4099880,20,,
1349,2026-09-20T06:21:20,2026-09-20T06:15:13,Force Core(High,203995,1019975,5,,
1350,2026-09-20T06:36:50,2026-09-20T06:25:37,Force Core(High,203967,20396700,100,,
1351,2026-09-20T06:40:12,2026-09-20T06:25:37,Force Core (Ultimate,444773,19570012,44,,
1352,2026-09-20T06:41:20,2026-09-20T06:25:37,Force Core(High,203966,23456090,115,,
1353,2026-09-20T06:46:14,2026-09-20T06:25:37,Force Core(High,203960,6118800,30,,
1354,2026-09-20T06:50:49,2026-09-20T06:25:37,Force Core(Highest,299734,299734,1,,
1355,2026-09-20T06:51:31,2026-09-20T06:25:37,Force Core(High,203952,4079040,20,,
1356,2026-09-20T06:58:34,2026-09-20T06:25:37,Force Core (Ultimate,443999,44399900,100,,
1357,2026-09-20T06:58:49,2026-09-20T06:25:37,Upgrade Core (Ultimate,478855,47885500,100,,
1358,2026-09-20T08:54:08,2026-09-20T08:50:29,Chaos Core Set X 162,720717,116756315,162,,
1359,2026-09-20T08:54:11,2026-09-20T08:50:29,Chaos Core Set X 147,720716,105945398,147,,
1360,2026-09-20T08:54:21,2026-09-20T08:50:29,Chaos Core Set X 153,720715,110269547,153,,
1361,2026-09-20T08:54:31,2026-09-20T08:50:29,Force Core (Ultimate,443993,25307601,57,,
1362,2026-09-20T08:55:48,2026-09-20T08:50:29,Force Core(Highest,279736,41960400,150,,
1363,2026-09-20T08:56:03,2026-09-20T08:50:29,Force Core(Highest,279735,58744350,210,,
1364,2026-09-20T08:56:07,2026-09-20T08:50:29,Force Core(Highest,279734,22378720,80,,
1365,2026-09-20T09:01:33,2026-09-20T08:50:29,Force Core(High,198997,29849550,150,,
1366,2026-09-20T09:06:45,2026-09-20T08:50:29,Force Core(High,198995,5969850,30,,
1367,2026-09-20T09:07:01,2026-09-20T08:50:29,Force Core(High,198994,19302418,97,,
1368,2026-09-20T09:11:22,2026-09-20T08:50:29,Force Core(Highest,279713,559426,2,,
1369,2026-09-20T09:13:29,2026-09-20T08:50:29,Force Core(High),198992,7959680,40,,
1370,2026-09-20T09:17:12,2026-09-20T08:50:29,Force Core(High,198990,5969700,30,,
1371,2026-09-20T09:23:06,2026-09-20T08:50:29,Chaos Core Set X 200,720812,142000000,197,,
1372,2026-09-20T09:23:15,2026-09-20T08:50:29,Chaos Core Set X 200,720812,142000000,197,,
1373,2026-09-20T09:25:02,2026-09-20T08:50:29,Upgrade Core (Ultimate,478817,478817,1,,
1374,2026-09-20T09:30:13,2026-09-20T08:50:29,Upgrade Core (Ultimate,478811,11491464,24,,
1375,2026-09-20T09:31:22,2026-09-20T08:50:29,Force Core(Highest,274995,549990,2,,
1376,2026-09-20T09:31:26,2026-09-20T08:50:29,Force Core(Highest,274994,274994,1,,
1377,2026-09-20T09:42:17,2026-09-20T08:50:29,Force Core(High,198963,596889,3,,
1378,2026-09-20T09:43:32,2026-09-20T08:50:29,Chaos Core Set X 3,705553,2116661,3,,
1379,2026-09-20T09:49:12,2026-09-20T08:50:29,Chaos Core Set X 200,720812,142000000,197,,
1380,2026-09-20T09:49:22,2026-09-20T08:50:29,Force Core(High,198953,1989530,10,,
1381,2026-09-20T09:50:57,2026-09-20T08:50:29,Chaos Core Set X 144,721565,101740752,141,,
1382,2026-09-20T09:51:13,2026-09-20T08:50:29,Chaos Core Set X 147,721252,103860351,144,,
1383,2026-09-20T09:51:55,2026-09-20T08:50:29,Chaos Core Set X 132,717402,93262356,130,,
1384,2026-09-20T10:35:10,2026-09-20T10:31:58,Force Core (Ultimate,443935,1775740,4,,
1385,2026-09-20T10:35:33,2026-09-20T10:31:58,Force Core (Ultimate,443936,25748288,58,,
1386,2026-09-20T10:36:03,2026-09-20T10:31:58,Force Core(High,198941,5968230,30,,
1387,2026-09-20T10:40:44,2026-09-20T10:31:58,Upgrade Core (Ultimate,478749,17713713,37,,
1388,2026-09-20T10:41:14,2026-09-20T10:31:58,Force Core(High,198919,19891900,100,,
1389,2026-09-20T10:41:43,2026-09-20T10:31:58,Force Core(Highest,274948,27494800,100,,
1390,2026-09-20T10:48:30,2026-09-20T10:46:30,Force Core(High,198915,14918625,75,,
1391,2026-09-20T10:55:25,2026-09-20T10:50:43,Force Core(High,198914,1193484,6,,
1392,2026-09-20T10:56:33,2026-09-20T10:50:43,Force Core(Highest,274944,29419008,107,,
1393,2026-09-20T10:58:21,2026-09-20T10:50:43,Upgrade Core (Ultimate,478740,11968500,25,,
1394,2026-09-20T11:00:36,2026-09-20T10:50:43,Force Core(High,198909,5967270,30,,
1395,2026-09-20T11:03:52,2026-09-20T10:50:43,Force Core(High,198905,795620,4,,
1396,2026-09-20T11:04:21,2026-09-20T10:50:43,Force Core(High,198904,1989040,10,,
1397,2026-09-20T11:08:22,2026-09-20T10:50:43,Force Core(Highest,274933,8247990,30,,
1398,2026-09-20T11:08:38,2026-09-20T10:50:43,Force Core(High),198898,9547104,48,,
1399,2026-09-20T11:10:58,2026-09-20T10:50:43,Force Core(High,198897,397794,2,,
1400,2026-09-20T11:49:35,2026-09-20T10:50:43,Force Core(High,198816,1988160,10,,
1401,2026-09-20T11:53:20,2026-09-20T10:50:43,Force Core(High,198811,3976220,20,,
1402,2026-09-20T11:55:42,2026-09-20T10:50:43,Upgrade Core (Ultimate,458656,3669248,8,,
1403,2026-09-20T11:58:02,2026-09-20T10:50:43,Upgrade Core (Ultimate,458655,458655,1,,
1404,2026-09-20T22:51:16,2026-09-20T22:48:23,Force Core (Ultimate,422149,14353066,34,,
1405,2026-09-20T22:51:25,2026-09-20T22:48:23,Force Core(High,198795,15307215,77,,
1406,2026-09-20T22:51:29,2026-09-20T22:48:23,Force Core (Ultimate,422147,61211315,145,,
1407,2026-09-20T22:51:45,2026-09-20T22:48:23,Upgrade Core (Ultimate,458654,917308,2,,
1408,2026-09-20T22:51:59,2026-09-20T22:48:23,Force Core (Ultimate,422150,84430000,200,,
1409,2026-09-20T22:52:02,2026-09-20T22:48:23,Force Core(High,198802,36181964,182,,
1410,2026-09-20T22:52:29,2026-09-20T22:48:23,Force Core(High,198800,30217600,152,,
1411,2026-09-20T22:52:33,2026-09-20T22:48:23,Force Core(High,198799,38964604,196,,
1412,2026-09-20T22:52:36,2026-09-20T22:48:23,Chaos Core Set X 228,729362,166294763,228,,
1413,2026-09-20T23:08:00,2026-09-20T22:48:23,Force Core(High,198902,5967060,30,,
1414,2026-09-20T23:18:26,2026-09-20T22:48:23,Force Core(High,198889,1591112,8,,
1415,2026-09-20T23:23:29,2026-09-20T22:48:23,Chaos Core Set X 86,729303,62720143,86,,
1416,2026-09-20T23:28:22,2026-09-20T22:48:23,Force Core (Ultimate,411068,4110680,10,,
1417,2026-09-20T23:34:48,2026-09-20T22:48:23,Chaos Core Set X 246,730000,179580000,246,,
1418,2026-09-20T23:35:41,2026-09-20T22:48:23,Chaos Core Set X 258,730000,188340000,258,,
1419,2026-09-20T23:36:45,2026-09-20T22:48:23,Chaos Core Set X 168,730000,122640000,168,,
1420,2026-09-20T23:37:29,2026-09-20T22:48:23,Chaos Core Set X 141,730000,102930000,141,,
1421,2026-09-20T23:39:06,2026-09-20T22:48:23,Chaos Core Set X 60,729313,43758839,60,,
1422,2026-09-20T23:48:54,2026-09-20T22:48:23,Chaos Core Set,729299,48133799,66,,
1423,2026-09-21T00:11:17,2026-09-20T22:48:23,Chaos Core Set X 141,729251,102824531,141,,
1424,2026-09-21T00:12:26,2026-09-20T22:48:23,Chaos Core Set X 153,729250,111575402,153,,
1425,2026-09-21T00:16:01,2026-09-20T22:48:23,Chaos Core Set X 144,729249,105011999,144,,
1426,2026-09-21T00:19:36,2026-09-20T22:48:23,Chaos Core Set,729237,35003423,48,,
1427,2026-09-21T00:19:46,2026-09-20T22:48:23,Chaos Core Set X 162,729248,118138337,162,,
1428,2026-09-21T00:21:14,2026-09-20T22:48:23,Chaos Core Set X 147,729246,107199308,147,,
1429,2026-09-21T00:23:11,2026-09-20T22:48:23,Upgrade Core (Ultimate,457842,2289210,5,,
1430,2026-09-21T00:46:39,2026-09-21T00:43:03,Wexp Saver,59666664,59666664,1,,
1431,2026-09-21T00:48:41,2026-09-21T00:43:03,Chaos Core Set X 135,729222,98445104,135,,
1432,2026-09-21T00:49:44,2026-09-21T00:43:03,Chaos Core Set,729207,107193575,147,,
1433,2026-09-21T00:54:20,2026-09-21T00:43:03,Chaos Core Set,729204,118131209,162,,
1434,2026-09-21T00:57:45,2026-09-21T00:43:03,Upgrade Core (Ultimate,457812,63178056,138,,
1435,2026-09-21T00:58:54,2026-09-21T00:43:03,Chaos Core Set,729196,8750363,12,,
1436,2026-09-21T01:03:08,2026-09-21T00:43:03,Chaos Core Set X 147,729191,107191223,147,,
1437,2026-09-21T01:03:31,2026-09-21T00:43:03,Chaos Core Set,729189,35001119,48,,
1438,2026-09-21T01:22:01,2026-09-21T00:43:03,Force Core(High,198723,11923380,60,,
1439,2026-09-21T01:22:14,2026-09-21T00:43:03,Upgrade Core (Ultimate,457767,13733010,30,,
1440,2026-09-21T01:26:19,2026-09-21T00:43:03,Upgrade Core (Ultimate,457765,1373295,3,,
1441,2026-09-21T01:35:33,2026-09-21T00:43:03,Force Core(Highest,202034,24244080,120,,
1442,2026-09-21T01:35:47,2026-09-21T00:43:03,Force Core(Highest,202034,34143746,169,,
1443,2026-09-21T01:36:34,2026-09-21T00:43:03,Upgrade Core (Ultimate,457755,14648160,32,,
1444,2026-09-21T01:37:23,2026-09-21T00:43:03,Chaos Core Set X 156,729151,113747711,156,,
1445,2026-09-21T01:38:35,2026-09-21T00:43:03,Chaos Core Set X 147,729150,107185196,147,,
1446,2026-09-21T01:41:23,2026-09-21T00:43:03,Force Core(Highest,199996,1399972,7,,
1447,2026-09-21T01:46:32,2026-09-21T00:43:03,Chaos Core Set X 135,729128,98432414,135,,
1448,2026-09-21T01:48:47,2026-09-21T00:43:03,Upgrade Core (Ultimate,457738,11443450,25,,
1449,2026-09-21T01:54:19,2026-09-21T00:43:03,Chaos Core Set X 153,729110,111553982,153,,
1450,2026-09-21T01:55:12,2026-09-21T00:43:03,Chaos Core Set X 147,729109,107179169,147,,
1451,2026-09-21T01:59:08,2026-09-21T00:43:03,Force Core(Highest,199985,199985,1,,
1452,2026-09-21T02:01:04,2026-09-21T00:43:03,Force Core(Highest),220645,6619350,30,,
1453,2026-09-21T02:03:49,2026-09-21T00:43:03,Force Core(High,198663,3973260,20,,
1454,2026-09-21T02:08:20,2026-09-21T00:43:03,Chaos Core Set X 9,729084,6561764,9,,
1455,2026-09-21T02:16:06,2026-09-21T00:43:03,Chaos Core Set X 141,729082,102800702,141,,
1456,2026-09-21T02:18:44,2026-09-21T00:43:03,Force Core(High,198639,11918340,60,,
1457,2026-09-21T02:22:53,2026-09-21T00:43:03,Force Core (Ultimate,410916,3287328,8,,
1458,2026-09-21T02:38:19,2026-09-21T00:43:03,Force Core (Ultimate,410898,16435920,40,,
1459,2026-09-21T02:38:43,2026-09-21T00:43:03,Chaos Core Set X 147,729037,107168585,147,,
1460,2026-09-21T02:49:54,2026-09-21T00:43:03,Force Core(High,198586,1985860,10,,
1461,2026-09-21T02:55:32,2026-09-21T00:43:03,Chaos Core Set X 159,729004,115911794,159,,
1462,2026-09-21T02:58:13,2026-09-21T00:43:03,Force Core(High,198571,5957130,30,,
1463,2026-09-21T02:58:48,2026-09-21T00:43:03,Force Core (Ultimate,410876,8217520,20,,
1464,2026-09-21T03:07:26,2026-09-21T00:43:03,Force Core(Highest,220530,220530,1,,
1465,2026-09-21T03:10:27,2026-09-21T00:43:03,Chaos Core Set X 159,728989,115909409,159,,
1466,2026-09-21T03:13:05,2026-09-21T00:43:03,Force Core(High,198542,17868780,90,,
1467,2026-09-21T03:26:34,2026-09-21T00:43:03,Chaos Core Set,728980,107160206,147,,
1468,2026-09-21T03:29:10,2026-09-21T00:43:03,Force Core(High,198512,1786608,9,,
1469,2026-09-21T03:30:08,2026-09-21T00:43:03,Chaos Core Set X 129,728979,94038419,129,,
1470,2026-09-21T08:34:47,2026-09-21T08:30:18,Force Core(High,198507,44267061,223,,
1471,2026-09-21T08:34:51,2026-09-21T08:30:18,Force Core(High,198506,20247612,102,,
1472,2026-09-21T08:34:54,2026-09-21T08:30:18,Force Core(High,198505,595515,3,,
1473,2026-09-21T08:39:50,2026-09-21T08:36:09,Force Core(High),196979,3939580,20,,
1474,2026-09-21T09:03:50,2026-09-21T08:57:49,Force Core(High,196962,4136202,21,,
1475,2026-09-21T09:30:22,2026-09-21T09:25:32,Wexp Saver,60962410,60962410,1,,
1476,2026-09-21T09:30:49,2026-09-21T09:25:32,Upgrade Core (Ultimate,457559,53991962,118,,
1477,2026-09-21T09:31:24,2026-09-21T09:25:32,Chaos Core Set X 165,720258,120283184,167,,
1478,2026-09-21T09:32:04,2026-09-21T09:25:32,Force Core(Piece) X 127,1574,5797042,3683,,
1479,2026-09-21T10:37:22,2026-09-21T10:34:33,Chaos Core Set X 165,720142,118823594,165,,
1480,2026-09-21T10:38:17,2026-09-21T10:34:33,Force Core(Highest,212495,28049340,132,,
1481,2026-09-21T10:38:43,2026-09-21T10:34:33,Force Core(Highest,212495,15299640,72,,
1482,2026-09-21T10:39:07,2026-09-21T10:34:33,Chaos Core Set X 167,720138,120263212,167,,
1483,2026-09-21T10:39:18,2026-09-21T10:34:33,Chaos Core Set X 42,720137,30245795,42,,
1484,2026-09-21T10:58:46,2026-09-21T10:34:33,Upgrade Core (Ultimate,456492,13694760,30,,
1485,2026-09-21T11:22:51,2026-09-21T11:20:30,Force Core(High,193994,5819820,30,,
1486,2026-09-21T11:30:51,2026-09-21T11:24:47,Chaos Core Set X 150,720022,108003449,150,,
1487,2026-09-21T11:34:46,2026-09-21T11:24:47,Chaos Core Set X 6,720011,4320071,6,,
1488,2026-09-21T11:35:42,2026-09-21T11:24:47,Chaos Core Set,720075,19442051,27,,
1489,2026-09-21T11:42:11,2026-09-21T11:24:47,Force Core(High,203905,43023955,211,,
1490,2026-09-21T11:48:52,2026-09-21T11:24:47,Force Core(High,203897,24467640,120,,
1491,2026-09-21T11:53:57,2026-09-21T11:24:47,Force Core(Highest,204986,13324090,65,,
1492,2026-09-21T12:02:57,2026-09-21T11:58:45,Chaos Core Set X 3,720066,2160200,3,,
1493,2026-09-21T12:09:33,2026-09-21T11:58:45,Chaos Core,716000,716000,1,,
1494,2026-09-21T12:13:56,2026-09-21T11:58:45,Chaos Core,715000,715000,1,,
1495,2026-09-21T12:14:21,2026-09-21T11:58:45,Chaos Core Set,720067,110170403,153,,
1496,2026-09-21T12:20:24,2026-09-21T11:58:45,Chaos Core,714000,714000,1,,
1497,2026-09-21T12:21:00,2026-09-21T11:58:45,Chaos Core Set X 162,720064,116650529,162,,
1498,2026-09-21T12:22:07,2026-09-21T11:58:45,Chaos Core Set X 141,720063,101529023,141,,
1499,2026-09-21T12:24:57,2026-09-21T11:58:45,Force Core (Ultimate,399812,7996240,20,,
1500,2026-09-21T12:25:55,2026-09-21T11:58:45,Force Core(High,203841,40768200,200,,
1501,2026-09-21T12:25:59,2026-09-21T11:58:45,Chaos Core,709000,709000,1,,
1502,2026-09-21T12:50:14,2026-09-21T12:44:14,Chaos Core Set X 291,720047,209533967,291,,
1503,2026-09-21T12:50:33,2026-09-21T12:44:14,Force Core(High),203836,8153440,40,,
1504,2026-09-21T12:55:10,2026-09-21T12:44:14,Chaos Core,709000,1418000,2,,
1505,2026-09-21T12:56:09,2026-09-21T12:44:14,Wexp Saver,66999999,66999999,1,,
1506,2026-09-21T12:59:39,2026-09-21T12:44:14,Chaos Core,721000,721000,1,,
1507,2026-09-21T13:00:38,2026-09-21T12:44:14,Force Core(High,203827,18344430,90,,
1508,2026-09-21T13:06:30,2026-09-21T13:03:05,Upgrade Core (Ultimate,449982,22499100,50,,
1509,2026-09-21T13:07:17,2026-09-21T13:03:05,Force Core(Highest,207916,20791600,100,,
1510,2026-09-21T13:07:41,2026-09-21T13:03:05,Force Core(High,203825,1426775,7,,
1511,2026-09-21T13:08:06,2026-09-21T13:03:05,Chaos Core,721000,721000,1,,
1512,2026-09-21T13:08:54,2026-09-21T13:03:05,Chaos Core Set X 24,720029,17280719,24,,
1513,2026-09-21T13:09:39,2026-09-21T13:03:05,Chaos Core Set X 9,720027,6480251,9,,
1514,2026-09-21T13:21:16,2026-09-21T13:03:05,Chaos Core,719000,719000,1,,
1515,2026-09-21T13:22:38,2026-09-21T13:03:05,Force Core(High,203808,4076160,20,,
1516,2026-09-21T13:36:49,2026-09-21T13:03:05,Force Core (Ultimate,399756,3597804,9,,
1517,2026-09-21T13:37:03,2026-09-21T13:03:05,Force Core (Ultimate,399755,58763985,147,,
1518,2026-09-21T13:46:32,2026-09-21T13:43:23,Force Core (Ultimate,399754,7995080,20,,
1519,2026-09-21T13:46:46,2026-09-21T13:43:23,Force Core (Ultimate,399753,77951835,195,,
1520,2026-09-21T13:47:35,2026-09-21T13:43:23,Chaos Core,708061,708061,1,,
1521,2026-09-21T13:57:33,2026-09-21T13:43:23,Chaos Core,704948,704948,1,,
1522,2026-09-21T14:03:41,2026-09-21T13:59:50,Force Core (Ultimate,399735,7994700,20,,
1523,2026-09-21T14:03:55,2026-09-21T13:59:50,Force Core(Highest,203846,2853844,14,,
1524,2026-09-21T14:05:41,2026-09-21T13:59:50,Chaos Core Set X 141,719976,101516756,141,,
1525,2026-09-21T14:06:41,2026-09-21T13:59:50,Chaos Core,706430,706430,1,,
1526,2026-09-21T14:10:55,2026-09-21T13:59:50,Chaos Core,702139,702139,1,,
1527,2026-09-21T14:11:20,2026-09-21T13:59:50,Chaos Core Set X 147,719968,105835442,147,,
1528,2026-09-21T14:11:32,2026-09-21T13:59:50,Chaos Core Set X 159,719967,114474911,159,,
1529,2026-09-21T14:12:09,2026-09-21T13:59:50,Chaos Core Set X 162,719966,116634653,162,,
1530,2026-09-21T14:12:21,2026-09-21T13:59:50,Chaos Core Set X 147,719965,105835001,147,,
1531,2026-09-21T14:15:39,2026-09-21T13:59:50,Chaos Core,714423,714423,1,,
1532,2026-09-21T14:17:00,2026-09-21T13:59:50,Chaos Core,711410,711410,1,,
1533,2026-09-21T14:20:00,2026-09-21T13:59:50,Chaos Core,709373,709373,1,,
1534,2026-09-21T14:23:58,2026-09-21T13:59:50,Chaos Core,710169,710169,1,,
1535,2026-09-21T14:25:19,2026-09-21T13:59:50,Chaos Core,708980,708980,1,,
1536,2026-09-21T14:27:28,2026-09-21T13:59:50,Upgrade Core (Ultimate,449899,6298586,14,,
1537,2026-09-21T14:28:22,2026-09-21T13:59:50,Chaos Core,718396,718396,1,,
1538,2026-09-21T14:37:04,2026-09-21T14:33:36,Force Core(High,203737,17521382,86,,
1539,2026-09-21T14:37:18,2026-09-21T14:33:36,Chaos Core,716434,716434,1,,
1540,2026-09-21T14:37:43,2026-09-21T14:33:36,Force Core(High,203736,407472,2,,
1541,2026-09-21T14:38:19,2026-09-21T14:33:36,Force Core (Ultimate,399702,36372882,91,,
1542,2026-09-21T14:38:55,2026-09-21T14:33:36,Chaos Core,716056,716056,1,,
1543,2026-09-21T14:41:48,2026-09-21T14:33:36,Force Core(High,203728,20372800,100,,
1544,2026-09-21T14:43:09,2026-09-21T14:33:36,Chaos Core Set X 105,719941,75593909,105,,
1545,2026-09-21T14:51:18,2026-09-21T14:33:36,Force Core(Highest,216881,1301286,6,,
1546,2026-09-21T14:51:31,2026-09-21T14:33:36,Upgrade Core (Ultimate,449873,11246825,25,,
1547,2026-09-21T14:53:48,2026-09-21T14:33:36,Upgrade Core (Ultimate,449872,11246800,25,,
1548,2026-09-21T14:55:32,2026-09-21T14:33:36,Force Core (Ultimate,399682,79936400,200,,
1549,2026-09-21T14:59:28,2026-09-21T14:33:36,Chaos Core,683933,683933,1,,
1550,2026-09-21T14:59:58,2026-09-21T14:33:36,Force Core(High,203701,10185050,50,,
1551,2026-09-21T15:00:12,2026-09-21T14:33:36,Astral Bikecard - Type: RW3,24999995,24999995,1,,
1552,2026-09-21T15:00:50,2026-09-21T14:33:36,Chaos Core,682878,682878,1,,
1553,2026-09-21T15:01:21,2026-09-21T14:33:36,Force Core(Highest,216872,7373648,34,,
1554,2026-09-21T15:18:07,2026-09-21T14:33:36,Chaos Core,675018,675018,1,,
1555,2026-09-21T15:29:27,2026-09-21T15:24:17,Chaos Core,670203,670203,1,,
1556,2026-09-21T15:30:22,2026-09-21T15:24:17,Chaos Core,713974,713974,1,,
1557,2026-09-21T16:40:04,2026-09-21T16:35:35,Chaos Core,697301,697301,1,,
1558,2026-09-21T16:40:35,2026-09-21T16:35:35,Chaos Core Set X 111,719909,79910009,111,,
1559,2026-09-21T16:40:39,2026-09-21T16:35:35,Chaos Core Set X 111,719908,79909898,111,,
1560,2026-09-21T16:40:42,2026-09-21T16:35:35,Chaos Core Set X 102,719907,73430615,102,,
1561,2026-09-21T16:41:10,2026-09-21T16:35:35,Chaos Core Set X 114,719906,82069397,114,,
1562,2026-09-21T16:41:37,2026-09-21T16:35:35,Chaos Core Set X 102,719905,73430411,102,,
1563,2026-09-21T16:42:10,2026-09-21T16:35:35,Chaos Core Set X 30,719904,21597149,30,,
1564,2026-09-21T16:42:55,2026-09-21T16:35:35,Chaos Core Set X 18,719903,12958271,18,,
1565,2026-09-21T16:43:20,2026-09-21T16:35:35,Chaos Core Set X 138,719891,99345095,138,,
1566,2026-09-21T16:47:23,2026-09-21T16:35:35,Chaos Core,703836,2111508,3,,
1567,2026-09-21T16:48:01,2026-09-21T16:35:35,Chaos Core Set X 297,719887,213806735,297,,
1568,2026-09-21T16:48:15,2026-09-21T16:35:35,Chaos Core Set X 321,719886,231083726,321,,
1569,2026-09-21T16:56:54,2026-09-21T16:35:35,Force Core (Ultimate,399595,7991900,20,,
1570,2026-09-21T16:57:08,2026-09-21T16:35:35,Chaos Core,711925,711925,1,,
1571,2026-09-21T17:07:59,2026-09-21T16:35:35,Chaos Core,713106,713106,1,,
1572,2026-09-21T17:26:02,2026-09-21T16:35:35,Force Core(Highest,211427,9725642,46,,
1573,2026-09-21T17:34:12,2026-09-21T16:35:35,Chaos Core Set X 93,719827,66944003,93,,
1574,2026-09-21T17:37:57,2026-09-21T16:35:35,Chaos Core Set X 99,719826,71262872,99,,
1575,2026-09-21T17:39:56,2026-09-21T16:35:35,Chaos Core Set,719822,64784069,90,,
1576,2026-09-21T17:42:55,2026-09-21T16:35:35,Force Core(High,202394,3845486,19,,
1577,2026-09-21T17:44:50,2026-09-21T16:35:35,Chaos Core Set,719824,77741099,108,,
1578,2026-09-21T17:48:13,2026-09-21T16:35:35,Force Core(High,202391,4047820,20,,
1579,2026-09-21T17:49:00,2026-09-21T16:35:35,Chaos Core,708402,708402,1,,
1580,2026-09-21T17:49:37,2026-09-21T16:35:35,Upgrade Core (Ultimate,449736,3148152,7,,
1581,2026-09-21T17:50:36,2026-09-21T16:35:35,Chaos Core Set,719820,69102815,96,,
1582,2026-09-21T17:52:16,2026-09-21T16:35:35,Chaos Core Set X 90,719819,64783799,90,,
1583,2026-09-21T17:53:30,2026-09-21T16:35:35,Chaos Core Set,719820,62624426,87,,
1584,2026-09-21T17:54:46,2026-09-21T16:35:35,Chaos Core Set X 108,719819,77740559,108,,
1585,2026-09-21T17:58:23,2026-09-21T16:35:35,Upgrade Core (Ultimate,449733,5396796,12,,
1586,2026-09-21T17:59:10,2026-09-21T16:35:35,Chaos Core Set X 96,719814,69102239,96,,
1587,2026-09-21T18:00:17,2026-09-21T16:35:35,Chaos Core Set,719813,77739911,108,,
1588,2026-09-21T22:57:13,2026-09-21T22:52:40,Force Core(High,202387,10119350,50,,
1589,2026-09-21T22:57:39,2026-09-21T22:52:40,Force Core(High,202385,4452470,22,,
1590,2026-09-21T22:58:51,2026-09-21T22:52:40,Chaos Core Set X 102,719809,73420619,102,,
1591,2026-09-21T22:59:08,2026-09-21T22:52:40,Chaos Core Set X 114,719808,82058225,114,,
1592,2026-09-21T22:59:37,2026-09-21T22:52:40,Chaos Core Set X 102,719806,73420313,102,,
1593,2026-09-21T23:00:33,2026-09-21T22:52:40,Force Core(Highest,220473,6173244,28,,
1594,2026-09-21T23:01:03,2026-09-21T22:52:40,Chaos Core Set X 117,719811,84218003,117,,
1595,2026-09-21T23:05:31,2026-09-21T22:52:40,Chaos Core Set X 48,719663,34543871,48,,
1596,2026-09-21T23:06:46,2026-09-21T22:52:40,Chaos Core Set X 93,719658,66928286,93,,
1597,2026-09-21T23:07:08,2026-09-21T22:52:40,Armor Account bind Seal Stone,199999999,199999999,1,,
1598,2026-09-21T23:07:45,2026-09-21T22:52:40,Armor Account bind Unseal Stone,199999999,199999999,1,,
1599,2026-09-21T23:11:29,2026-09-21T22:52:40,Chaos Core,707809,707809,1,,
1600,2026-09-21T23:16:20,2026-09-21T22:52:40,Chaos Core,716122,716122,1,,
1601,2026-09-21T23:17:34,2026-09-21T22:52:40,Force Core(Highest,220378,26445360,120,,
1602,2026-09-21T23:21:13,2026-09-21T22:52:40,Chaos Core,714700,714700,1,,
1603,2026-09-21T23:35:58,2026-09-21T22:52:40,Armor Account bind Unseal Stone,199999999,199999999,1,,
1604,2026-09-21T23:36:58,2026-09-21T22:52:40,Chaos Core Set,719639,133853039,186,,
1605,2026-09-21T23:39:52,2026-09-21T22:52:40,Chaos Core,711341,711341,1,,
1606,2026-09-21T23:44:47,2026-09-21T22:52:40,Force Core (Ultimate,399420,399420,1,,
1607,2026-09-21T23:54:56,2026-09-21T22:52:40,Chaos Core,712576,712576,1,,
1608,2026-09-22T00:00:10,2026-09-21T22:52:40,Chaos Core,718804,718804,1,,
1609,2026-09-22T00:05:11,2026-09-21T22:52:40,Chaos Core,729472,729472,1,,
1610,2026-09-22T00:14:58,2026-09-21T22:52:40,Chaos Core,726463,726463,1,,
1611,2026-09-22T00:16:31,2026-09-21T22:52:40,Chaos Core Set X 87,717590,62430416,87,,
1612,2026-09-22T00:20:03,2026-09-21T22:52:40,Chaos Core,724586,724586,1,,
1613,2026-09-22T00:22:24,2026-09-21T22:52:40,Chaos Core Set X 24,717590,17222183,24,,
1614,2026-09-22T00:24:58,2026-09-21T22:52:40,Chaos Core,722818,722818,1,,
1615,2026-09-22T00:27:06,2026-09-21T22:52:40,Force Core(High,198846,11533068,58,,
1616,2026-09-22T00:47:42,2026-09-22T00:41:42,Chaos Core,721349,721349,1,,
1617,2026-09-22T00:50:02,2026-09-22T00:41:42,Chaos Core Set X 45,728394,32777730,45,,
1618,2026-09-22T00:50:41,2026-09-22T00:41:42,Force Core(Piece) X 127,788,400304,508,,
1619,2026-09-22T00:53:20,2026-09-22T00:41:42,Chaos Core Set X 204,727846,147752915,203,,
1620,2026-09-22T00:56:48,2026-09-22T00:41:42,Force Core(High,198821,5566988,28,,
1621,2026-09-22T01:40:43,2026-09-22T00:41:42,Chaos Core,708337,708337,1,,
1622,2026-09-22T01:41:20,2026-09-22T00:41:42,Blessing Bead - Superior,194849121,194849121,1,,
1623,2026-09-22T01:43:46,2026-09-22T00:41:42,Force Core(High,198755,3378835,17,,
1624,2026-09-22T01:50:03,2026-09-22T00:41:42,Force Core(High,198750,29812500,150,,
1625,2026-09-22T01:54:16,2026-09-22T00:41:42,Force Core(High,198748,2981220,15,,
1626,2026-09-22T01:55:04,2026-09-22T00:41:42,Force Core (Ultimate,399284,13575656,34,,
1627,2026-09-22T02:03:37,2026-09-22T00:41:42,Force Core (Ultimate,399280,63485520,159,,
1628,2026-09-22T02:03:40,2026-09-22T00:41:42,Force Core (Ultimate,399279,23158182,58,,
1629,2026-09-22T02:05:17,2026-09-22T00:41:42,Force Core(High,198741,19874100,100,,
1630,2026-09-22T02:10:30,2026-09-22T00:41:42,Chaos Core,708804,708804,1,,
1631,2026-09-22T02:13:10,2026-09-22T00:41:42,Chaos Core Set X 249,728430,179193845,246,,
1632,2026-09-22T02:13:31,2026-09-22T00:41:42,Chaos Core Set X 45,736008,32384384,44,,
1633,2026-09-22T02:14:45,2026-09-22T00:41:42,Chaos Core Set X 144,729787,103629887,142,,
1634,2026-09-22T02:17:55,2026-09-22T00:41:42,Chaos Core,707552,707552,1,,
1635,2026-09-22T02:23:02,2026-09-22T00:41:42,Force Core(High,198728,3577104,18,,
1636,2026-09-22T02:25:11,2026-09-22T00:41:42,Chaos Core Set X 249,728414,179189861,246,,
1637,2026-09-22T02:25:47,2026-09-22T00:41:42,Chaos Core Set X 183,727587,131693387,181,,
1638,2026-09-22T02:26:34,2026-09-22T00:41:42,Chaos Core Set X 15,719632,10794494,15,,
1639,2026-09-22T02:27:15,2026-09-22T00:41:42,Force Core(High,198722,3576996,18,,
1640,2026-09-22T02:31:32,2026-09-22T00:41:42,Force Core(High,198721,397442,2,,
1641,2026-09-22T02:31:49,2026-09-22T00:41:42,Chaos Core,705869,705869,1,,
1642,2026-09-22T02:33:49,2026-09-22T00:41:42,Chaos Core Set X 132,730702,94991291,130,,
1643,2026-09-22T02:37:23,2026-09-22T00:41:42,Chaos Core,707005,707005,1,,
1644,2026-09-22T02:39:19,2026-09-22T00:41:42,Chaos Core Set X 87,727993,62607461,86,,
1645,2026-09-22T02:40:16,2026-09-22T00:41:42,Chaos Core Set X 48,734935,34541951,47,,
1646,2026-09-22T02:46:47,2026-09-22T00:41:42,Chaos Core,736803,736803,1,,
1647,2026-09-22T02:55:50,2026-09-22T00:41:42,Chaos Core,736282,736282,1,,
1648,2026-09-22T03:00:29,2026-09-22T00:41:42,Chaos Core,735637,735637,1,,
1649,2026-09-22T03:02:37,2026-09-22T00:41:42,Force Core(High,198692,5960760,30,,
1650,2026-09-22T03:05:09,2026-09-22T00:41:42,Chaos Core,736411,736411,1,,
1651,2026-09-22T03:12:26,2026-09-22T00:41:42,Force Core(High,198679,21854690,110,,
1652,2026-09-22T03:16:08,2026-09-22T00:41:42,Force Core(High,198677,5165602,26,,
1653,2026-09-22T03:16:21,2026-09-22T00:41:42,Force Core(High,198676,5562928,28,,
1654,2026-09-22T03:21:08,2026-09-22T00:41:42,Chaos Core Set X 9,719604,6476444,9,,
1655,2026-09-22T03:24:51,2026-09-22T00:41:42,Chaos Core Set X 9,719603,6476435,9,,
1656,2026-09-22T03:25:37,2026-09-22T00:41:42,Force Core(High,198664,5959920,30,,
1657,2026-09-22T03:35:26,2026-09-22T00:41:42,Chaos Core,727749,727749,1,,
1658,2026-09-22T03:43:42,2026-09-22T00:41:42,Chaos Core,679146,679146,1,,
1659,2026-09-22T03:48:54,2026-09-22T00:41:42,Force Core(Highest,209974,3359584,16,,
1660,2026-09-22T03:54:06,2026-09-22T00:41:42,Force Core (Ultimate,339998,68339598,201,,
1661,2026-09-22T04:04:36,2026-09-22T00:41:42,Force Core(Highest,209956,2099560,10,,
1662,2026-09-22T04:23:09,2026-09-22T00:41:42,Force Core (Ultimate,340350,1701750,5,,
1663,2026-09-22T04:23:34,2026-09-22T00:41:42,Chaos Core,725262,725262,1,,
1664,2026-09-22T04:25:20,2026-09-22T00:41:42,Upgrade Core (Ultimate,434656,13039680,30,,
1665,2026-09-22T04:25:56,2026-09-22T00:41:42,Force Core(High,196976,5909280,30,,
1666,2026-09-22T04:26:22,2026-09-22T00:41:42,Chaos Core Set,730019,96362612,132,,
1667,2026-09-22T04:28:07,2026-09-22T00:41:42,Chaos Core Set,730204,129976433,178,,
1668,2026-09-22T04:38:54,2026-09-22T00:41:42,Chaos Core,736866,736866,1,,
1669,2026-09-22T04:39:54,2026-09-22T00:41:42,Force Core(Highest,209945,17425435,83,,
1670,2026-09-22T04:40:56,2026-09-22T00:41:42,Force Core(High,194998,779992,4,,
1671,2026-09-22T04:41:10,2026-09-22T00:41:42,Force Core(High,194997,14429778,74,,
1672,2026-09-22T04:42:23,2026-09-22T00:41:42,Chaos Core Set,728479,235299014,323,,
1673,2026-09-22T04:47:15,2026-09-22T00:41:42,Force Core(Highest,209943,10077264,48,,
1674,2026-09-22T04:48:14,2026-09-22T00:41:42,Force Core(High,194997,5849910,30,,
1675,2026-09-22T04:49:14,2026-09-22T00:41:42,Chaos Core Set X 207,729356,154623617,212,,
1676,2026-09-22T04:51:58,2026-09-22T00:41:42,Force Core (Ultimate,340345,15996215,47,,
1677,2026-09-22T04:52:21,2026-09-22T00:41:42,Force Core (Ultimate,340344,69770520,205,,
1678,2026-09-22T04:52:43,2026-09-22T00:41:42,Chaos Core,738289,738289,1,,
1679,2026-09-22T04:54:29,2026-09-22T00:41:42,Force Core(High,194499,10308447,53,,
1680,2026-09-22T04:54:42,2026-09-22T00:41:42,Force Core(High,194498,1166988,6,,
1681,2026-09-22T04:59:15,2026-09-22T00:41:42,Force Core(High,194499,1944990,10,,
1682,2026-09-22T05:07:08,2026-09-22T00:41:42,Chaos Core,716651,716651,1,,
1683,2026-09-22T05:12:09,2026-09-22T00:41:42,Chaos Core,715453,715453,1,,
1684,2026-09-22T05:15:43,2026-09-22T00:41:42,Force Core(Highest,209917,4198340,20,,
1685,2026-09-22T05:17:13,2026-09-22T00:41:42,Chaos Core,714823,714823,1,,
1686,2026-09-22T05:22:14,2026-09-22T00:41:42,Chaos Core,714174,714174,1,,
1687,2026-09-22T05:23:10,2026-09-22T00:41:42,Force Core(Highest,209910,209910,1,,
1688,2026-09-22T05:23:23,2026-09-22T00:41:42,Force Core(Highest,209909,1889181,9,,
1689,2026-09-22T05:29:50,2026-09-22T00:41:42,Force Core(High,194482,19448200,100,,
1690,2026-09-22T05:32:14,2026-09-22T00:41:42,Force Core (Ultimate),339999,2039994,6,,
1691,2026-09-22T05:41:49,2026-09-22T00:41:42,Force Core(Highest,208996,835984,4,,
1692,2026-09-22T05:43:53,2026-09-22T00:41:42,Force Core(Highest,208995,6269850,30,,
1693,2026-09-22T05:46:46,2026-09-22T00:41:42,Force Core(Highest,208992,2089920,10,,
1694,2026-09-22T05:48:26,2026-09-22T00:41:42,Upgrade Core (Ultimate,433989,1735956,4,,
1695,2026-09-22T05:49:26,2026-09-22T00:41:42,Upgrade Core (Ultimate,433988,12151664,28,,
1696,2026-09-22T05:53:40,2026-09-22T00:41:42,Chaos Core,708116,708116,1,,
1697,2026-09-22T05:54:12,2026-09-22T00:41:42,Upgrade Core (Ultimate,433987,79853608,184,,
1698,2026-09-22T05:57:20,2026-09-22T00:41:42,Upgrade Core (Ultimate),433983,17359320,40,,
1699,2026-09-22T05:59:31,2026-09-22T00:41:42,Upgrade Core (Ultimate,433982,18227244,42,,
1700,2026-09-22T05:59:41,2026-09-22T00:41:42,Chaos Core,707588,707588,1,,
1701,2026-09-22T06:03:04,2026-09-22T00:41:42,Force Core(Highest,208977,6060333,29,,
1702,2026-09-22T06:03:13,2026-09-22T00:41:42,Upgrade Core (Ultimate,433983,3905847,9,,
1703,2026-09-22T06:03:45,2026-09-22T00:41:42,Upgrade Core (Ultimate),433981,3471848,8,,
1704,2026-09-22T06:04:57,2026-09-22T00:41:42,Chaos Core,706961,706961,1,,
1705,2026-09-22T06:06:28,2026-09-22T00:41:42,Chaos Core Set X 114,728852,83089241,114,,
1706,2026-09-22T06:11:47,2026-09-22T00:41:42,Chaos Core,708641,708641,1,,
1707,2026-09-22T06:13:16,2026-09-22T00:41:42,Chaos Core Set,728853,13119371,18,,
1708,2026-09-22T06:15:46,2026-09-22T00:41:42,Force Core(Highest,208969,1880721,9,,
1709,2026-09-22T06:17:38,2026-09-22T00:41:42,Chaos Core,719385,719385,1,,
1710,2026-09-22T06:18:57,2026-09-22T00:41:42,Force Core(High,194466,194466,1,,
1711,2026-09-22T06:19:00,2026-09-22T00:41:42,Chaos Core Set,729271,6563447,9,,
1712,2026-09-22T06:20:17,2026-09-22T00:41:42,Chaos Core Set X 135,729566,98491410,135,,
1713,2026-09-22T06:21:13,2026-09-22T00:41:42,Chaos Core Set X 213,727781,155745174,214,,
1714,2026-09-22T06:23:53,2026-09-22T06:23:05,Chaos Core,729352,729352,1,,
1715,2026-09-22T06:24:27,2026-09-22T06:23:05,Armor Account bind Unseal Stone,185999999,185999999,1,,
1716,2026-09-22T06:25:02,2026-09-22T06:23:05,Chaos Core Set X 114,729270,83136893,114,,
1717,2026-09-22T06:29:55,2026-09-22T06:29:09,Chaos Core,712699,712699,1,,
1718,2026-09-22T06:30:28,2026-09-22T06:29:09,Force Core(Highest,208962,3134430,15,,
1719,2026-09-22T06:30:38,2026-09-22T06:29:09,Chaos Core Set X 111,729269,80948969,111,,
1720,2026-09-22T06:30:49,2026-09-22T06:29:09,Chaos Core Set X 330,729268,240658769,330,,
1721,2026-09-22T06:30:59,2026-09-22T06:29:09,Chaos Core Set X 186,729267,135643847,186,,
1722,2026-09-22T06:31:10,2026-09-22T06:29:09,Chaos Core Set X 114,729266,83136437,114,,
1723,2026-09-22T06:31:21,2026-09-22T06:29:09,Force Core(Highest,208963,26956227,129,,
1724,2026-09-22T06:42:25,2026-09-22T06:41:38,Chaos Core,733938,733938,1,,
1725,2026-09-22T07:49:14,2026-09-22T07:34:35,Chaos Core Set,736897,232122869,315,,
1726,2026-09-22T07:50:22,2026-09-22T07:34:35,Chaos Core Set,736896,123798695,168,,
1727,2026-09-22T07:51:37,2026-09-22T07:34:35,Chaos Core Set,736895,126009215,171,,
1728,2026-09-22T08:06:09,2026-09-22T08:03:24,Chaos Core,708378,708378,1,,
1729,2026-09-22T08:07:26,2026-09-22T08:03:24,Chaos Core,707715,707715,1,,
1730,2026-09-22T08:08:49,2026-09-22T08:03:24,Chaos Core Set X 147,736886,108322388,147,,
1731,2026-09-22T08:13:22,2026-09-22T08:10:36,Chaos Core,709421,709421,1,,
1732,2026-09-22T08:14:40,2026-09-22T08:10:36,Chaos Core,714721,714721,1,,
1733,2026-09-22T08:16:16,2026-09-22T08:10:36,Chaos Core Set X 132,736886,97269083,132,,
1734,2026-09-22T08:17:26,2026-09-22T08:10:36,Chaos Core Set X 192,736885,141482111,192,,
1735,2026-09-22T08:19:44,2026-09-22T08:10:36,Chaos Core Set X 186,736893,137062283,186,,
1736,2026-09-22T08:27:55,2026-09-22T08:10:36,Force Core(High,194994,10724670,55,,
1737,2026-09-22T08:32:07,2026-09-22T08:28:53,Chaos Core,714248,714248,1,,
1738,2026-09-22T08:33:25,2026-09-22T08:28:53,Chaos Core,713582,713582,1,,
1739,2026-09-22T08:34:38,2026-09-22T08:28:53,Chaos Core Set X 114,736844,84000329,114,,
1740,2026-09-22T08:34:49,2026-09-22T08:28:53,Chaos Core Set X 129,736843,95052875,129,,
1741,2026-09-22T08:34:59,2026-09-22T08:28:53,Chaos Core Set X 120,736842,88421159,120,,
1742,2026-09-22T08:35:09,2026-09-22T08:28:53,Chaos Core Set X 117,736841,86210513,117,,
1743,2026-09-22T08:36:18,2026-09-22T08:28:53,Chaos Core Set X 138,736840,101684057,138,,
1744,2026-09-22T08:36:39,2026-09-22T08:28:53,Chaos Core Set X 225,736840,165789224,225,,
1745,2026-09-22T08:40:28,2026-09-22T08:28:53,Chaos Core,728749,728749,1,,
1746,2026-09-22T08:41:46,2026-09-22T08:28:53,Chaos Core,728130,728130,1,,
1747,2026-09-22T08:42:35,2026-09-22T08:28:53,Chaos Core Set X 156,735441,113993411,155,,
1748,2026-09-22T08:46:22,2026-09-22T08:28:53,Chaos Core,728166,728166,1,,
1749,2026-09-22T08:47:40,2026-09-22T08:28:53,Chaos Core,727640,727640,1,,
1750,2026-09-22T09:00:54,2026-09-22T08:28:53,Chaos Core,725177,725177,1,,
1751,2026-09-22T09:02:13,2026-09-22T08:28:53,Chaos Core,724673,724673,1,,
1752,2026-09-22T09:04:00,2026-09-22T08:28:53,Upgrade Core (Ultimate,425524,42552400,100,,
1753,2026-09-22T09:04:48,2026-09-22T08:28:53,Force Core(High,190087,35926443,189,,
1754,2026-09-22T09:07:24,2026-09-22T08:28:53,Chaos Core,724621,724621,1,,
1755,2026-09-22T09:10:15,2026-09-22T08:28:53,Upgrade Core (Ultimate,425517,5531721,13,,
1756,2026-09-22T09:10:51,2026-09-22T08:28:53,Force Core(High,190087,44670445,235,,
1757,2026-09-22T09:11:01,2026-09-22T08:28:53,Force Core(High,190087,11595307,61,,
1758,2026-09-22T09:11:10,2026-09-22T08:28:53,Force Core(High,190087,6653045,35,,
1759,2026-09-22T09:16:46,2026-09-22T08:28:53,Chaos Core,718885,718885,1,,
1760,2026-09-22T09:17:41,2026-09-22T08:28:53,Chaos Core Set X 171,734980,124946621,170,,
1761,2026-09-22T09:20:41,2026-09-22T08:28:53,Upgrade Core (Ultimate,425512,5957168,14,,
1762,2026-09-22T09:21:06,2026-09-22T08:28:53,Force Core(High,190087,46761402,246,,
1763,2026-09-22T09:24:59,2026-09-22T08:28:53,Chaos Core,718249,718249,1,,
1764,2026-09-22T09:27:37,2026-09-22T08:28:53,Upgrade Core (Ultimate,425506,12765180,30,,
1765,2026-09-22T09:27:51,2026-09-22T08:28:53,Upgrade Core (Ultimate,425505,14467170,34,,
1766,2026-09-22T09:31:14,2026-09-22T08:28:53,Chaos Core,708116,708116,1,,
1767,2026-09-22T09:32:32,2026-09-22T08:28:53,Chaos Core,707543,707543,1,,
1768,2026-09-22T09:39:47,2026-09-22T08:28:53,Upgrade Core (Ultimate,425499,46804890,110,,
1769,2026-09-22T09:39:51,2026-09-22T08:28:53,Upgrade Core (Ultimate,425498,93609560,220,,
1770,2026-09-22T09:40:42,2026-09-22T08:28:53,Chaos Core Set X 96,738321,70140575,95,,
1771,2026-09-22T09:40:58,2026-09-22T08:28:53,Chaos Core Set X 249,736546,181926869,247,,
1772,2026-09-22T09:41:56,2026-09-22T08:28:53,Chaos Core Set X 150,735531,109594199,149,,
1773,2026-09-22T09:47:21,2026-09-22T08:28:53,Chaos Core Set X 249,736536,181924628,247,,
1774,2026-09-22T09:52:00,2026-09-22T08:28:53,Chaos Core Set X 249,736535,181924379,247,,
1775,2026-09-22T09:52:41,2026-09-22T08:28:53,Force Core(High,197972,2177692,11,,
1776,2026-09-22T09:56:00,2026-09-22T08:28:53,Chaos Core,726740,726740,1,,
1777,2026-09-22T09:56:28,2026-09-22T08:28:53,Wexp Saver,62072222,124144444,2,,
1778,2026-09-22T09:56:45,2026-09-22T08:28:53,Chaos Core Set X 15,730615,10959239,15,,
1779,2026-09-22T10:08:01,2026-09-22T08:28:53,Chaos Core Set X 87,739096,63562286,86,,
1780,2026-09-22T10:08:15,2026-09-22T08:28:53,Chaos Core Set X 198,738055,144658799,196,,
1781,2026-09-22T10:09:42,2026-09-22T08:28:53,Chaos Core Set X 159,735223,116165240,158,,
1782,2026-09-22T10:12:26,2026-09-22T08:28:53,Chaos Core Set X 54,730597,39452291,54,,
1783,2026-09-22T10:15:16,2026-09-22T08:28:53,Chaos Core,712869,712869,1,,
1784,2026-09-22T10:18:06,2026-09-22T08:28:53,Force Core(High,197934,6729756,34,,
1785,2026-09-22T10:18:21,2026-09-22T08:28:53,Chaos Core Set,735986,159709034,217,,
1786,2026-09-22T10:23:54,2026-09-22T08:28:53,Force Core(High,194992,16184336,83,,
1787,2026-09-22T10:24:08,2026-09-22T08:28:53,Force Core(High,194991,19109118,98,,
1788,2026-09-22T10:31:49,2026-09-22T08:28:53,Force Core(High,194985,32562495,167,,
1789,2026-09-22T10:31:59,2026-09-22T08:28:53,Chaos Core Set X 60,741607,43754819,59,,
1790,2026-09-22T10:38:47,2026-09-22T08:28:53,Chaos Core,705483,705483,1,,
1791,2026-09-22T10:39:20,2026-09-22T08:28:53,Blessing Bead - Superior,189999996,189999996,1,,
1792,2026-09-22T10:41:23,2026-09-22T08:28:53,Chaos Core,704872,704872,1,,
1793,2026-09-22T10:44:26,2026-09-22T08:28:53,Chaos Core Set X 75,738952,53943524,73,,
1794,2026-09-22T10:44:41,2026-09-22T08:28:53,Chaos Core Set X 36,739795,25892855,35,,
1795,2026-09-22T10:44:58,2026-09-22T08:28:53,Upgrade Core (Ultimate,457995,38471580,84,,
1796,2026-09-22T10:45:14,2026-09-22T08:28:53,Chaos Core Set,738172,112202220,152,,
1797,2026-09-22T10:45:30,2026-09-22T08:28:53,Chaos Core Set,737114,237350850,322,,
1798,2026-09-22T10:45:46,2026-09-22T08:28:53,Force Core(High),194980,10918880,56,,
1799,2026-09-22T10:50:34,2026-09-22T08:28:53,Upgrade Core (Ultimate,457989,4579890,10,,
1800,2026-09-22T10:50:54,2026-09-22T08:28:53,Force Core(High,194973,28076112,144,,
1801,2026-09-22T10:52:58,2026-09-22T08:28:53,Chaos Core,724319,724319,1,,
1802,2026-09-22T10:54:18,2026-09-22T08:28:53,Chaos Core,723765,723765,1,,
1803,2026-09-22T10:56:09,2026-09-22T08:28:53,Chaos Core Set X 42,745745,30575579,41,,
1804,2026-09-22T10:56:19,2026-09-22T08:28:53,Chaos Core Set X 9,727988,6551900,9,,
1805,2026-09-22T10:57:41,2026-09-22T08:28:53,Force Core(High),194966,21056328,108,,
1806,2026-09-22T10:57:55,2026-09-22T08:28:53,Force Core(High),194965,3899300,20,,
1807,2026-09-22T10:59:01,2026-09-22T08:28:53,Chaos Core,725332,725332,1,,
1808,2026-09-22T11:00:22,2026-09-22T08:28:53,Chaos Core,724789,724789,1,,
1809,2026-09-22T11:08:31,2026-09-22T08:28:53,Chaos Core,720993,720993,1,,
1810,2026-09-22T11:11:25,2026-09-22T08:28:53,Force Core(High,194955,10722525,55,,
1811,2026-09-22T11:15:41,2026-09-22T08:28:53,Chaos Core,721666,721666,1,,
1812,2026-09-22T11:17:08,2026-09-22T08:28:53,Chaos Core,721614,721614,1,,
1813,2026-09-22T11:21:11,2026-09-22T08:28:53,Chaos Core Set,727975,15287495,21,,
1814,2026-09-22T11:27:15,2026-09-22T08:28:53,Force Core(High,194941,29241150,150,,
1815,2026-09-22T11:28:17,2026-09-22T08:28:53,Force Core(High,194938,1754442,9,,
1816,2026-09-22T11:31:07,2026-09-22T08:28:53,Chaos Core,718137,718137,1,,
1817,2026-09-22T11:32:29,2026-09-22T08:28:53,Chaos Core,716962,716962,1,,
1818,2026-09-22T11:35:08,2026-09-22T08:28:53,Upgrade Core (Ultimate,457945,18775745,41,,
1819,2026-09-22T11:38:23,2026-09-22T08:28:53,Chaos Core,724641,724641,1,,
1820,2026-09-22T11:42:08,2026-09-22T08:28:53,Force Core(High,194920,3898400,20,,
1821,2026-09-22T11:44:34,2026-09-22T08:28:53,Chaos Core,722166,722166,1,,
1822,2026-09-22T11:45:57,2026-09-22T08:28:53,Chaos Core,721519,721519,1,,
1823,2026-09-22T11:46:37,2026-09-22T08:28:53,Force Core(Highest,205975,4119500,20,,
1824,2026-09-22T11:51:01,2026-09-22T08:28:53,Chaos Core,720416,720416,1,,
1825,2026-09-22T11:52:23,2026-09-22T08:28:53,Chaos Core,719772,719772,1,,
1826,2026-09-22T11:57:24,2026-09-22T08:28:53,Chaos Core,719105,719105,1,,
1827,2026-09-22T11:58:48,2026-09-22T08:28:53,Chaos Core,718532,718532,1,,
1828,2026-09-22T11:59:55,2026-09-22T08:28:53,Force Core(Highest,204993,6149790,30,,
1829,2026-09-22T12:00:45,2026-09-22T08:28:53,Force Core(High,193991,3879820,20,,
1830,2026-09-22T12:04:39,2026-09-22T08:28:53,Armor Account bind Seal Stone,187500000,187500000,1,,
1831,2026-09-22T12:07:51,2026-09-22T08:28:53,Force Core(High,193980,5819400,30,,
1832,2026-09-22T12:12:42,2026-09-22T08:28:53,Force Core (Ultimate,384904,769808,2,,
1833,2026-09-22T12:12:57,2026-09-22T08:28:53,Force Core (Ultimate,384903,6928254,18,,
1834,2026-09-22T12:15:09,2026-09-22T08:28:53,Upgrade Core (Ultimate,457860,3662880,8,,
1835,2026-09-22T12:25:53,2026-09-22T08:28:53,Upgrade Core (Ultimate,457852,18314080,40,,
1836,2026-09-22T12:29:32,2026-09-22T08:28:53,Chaos Core,689316,689316,1,,
1837,2026-09-22T12:30:56,2026-09-22T08:28:53,Chaos Core,688738,688738,1,,
1838,2026-09-22T12:34:07,2026-09-22T08:28:53,Chaos Core,711290,711290,1,,
1839,2026-09-22T12:37:05,2026-09-22T08:28:53,Chaos Core Set X 309,737382,224901632,305,,
1840,2026-09-22T12:44:07,2026-09-22T08:28:53,Chaos Core Set X 249,736699,181228175,246,,
1841,2026-09-22T12:45:34,2026-09-22T08:28:53,Chaos Core Set X 249,736698,181227926,246,,
1842,2026-09-22T12:46:44,2026-09-22T08:28:53,Chaos Core Set,735136,146292221,199,,
1843,2026-09-22T12:48:19,2026-09-22T08:28:53,Chaos Core Set X 126,739560,91705445,124,,
1844,2026-09-22T12:49:36,2026-09-22T08:28:53,Chaos Core Set X 126,739559,91705319,124,,
1845,2026-09-22T12:52:32,2026-09-22T08:28:53,Chaos Core,708109,708109,1,,
1846,2026-09-22T12:54:04,2026-09-22T08:28:53,Chaos Core,708011,708011,1,,
1847,2026-09-22T12:55:22,2026-09-22T08:28:53,Force Core (Ultimate,384879,7697580,20,,
1848,2026-09-22T12:57:48,2026-09-22T08:28:53,Upgrade Core (Ultimate,457828,14192668,31,,
1849,2026-09-22T12:58:16,2026-09-22T08:28:53,Upgrade Core (Ultimate,457827,17397426,38,,
1850,2026-09-22T12:59:25,2026-09-22T08:28:53,Chaos Core,716146,716146,1,,
1851,2026-09-22T13:00:51,2026-09-22T08:28:53,Chaos Core,715620,715620,1,,
1852,2026-09-22T13:04:04,2026-09-22T08:28:53,Chaos Core Set X 150,737634,109169849,148,,
1853,2026-09-22T13:05:35,2026-09-22T08:28:53,Chaos Core Set X 138,738500,100436123,136,,
1854,2026-09-22T13:12:04,2026-09-22T08:28:53,Force Core(High,189958,4748950,25,,
1855,2026-09-22T13:12:19,2026-09-22T08:28:53,Chaos Core Set X 123,739825,89518907,121,,
1856,2026-09-22T13:16:42,2026-09-22T08:28:53,Chaos Core,714331,714331,1,,
1857,2026-09-22T13:18:10,2026-09-22T08:28:53,Chaos Core,713638,713638,1,,
1858,2026-09-22T13:20:22,2026-09-22T08:28:53,Upgrade Core (Ultimate,457815,6409410,14,,
1859,2026-09-22T13:20:58,2026-09-22T08:28:53,Chaos Core Set X 126,739533,91702169,124,,
1860,2026-09-22T13:21:27,2026-09-22T08:28:53,Chaos Core Set X 210,738341,152836739,207,,
1861,2026-09-22T13:21:54,2026-09-22T08:28:53,Chaos Core Set,738355,152839679,207,,
1862,2026-09-22T13:22:27,2026-09-22T08:28:53,Chaos Core Set,735234,144105983,196,,
1863,2026-09-22T13:22:55,2026-09-22T08:28:53,Upgrade Core (Ultimate,457817,74166354,162,,
1864,2026-09-22T13:23:19,2026-09-22T08:28:53,Upgrade Core (Ultimate,457816,38914360,85,,
1865,2026-09-22T13:35:36,2026-09-22T08:28:53,Chaos Core,720982,720982,1,,
1866,2026-09-22T13:37:04,2026-09-22T08:28:53,Chaos Core,720364,720364,1,,
1867,2026-09-22T13:39:01,2026-09-22T08:28:53,Force Core(High,189954,24694020,130,,
1868,2026-09-22T13:39:18,2026-09-22T08:28:53,Force Core(High,189953,1519624,8,,
1869,2026-09-22T13:39:23,2026-09-22T08:28:53,Force Core(High,189952,2279424,12,,
1870,2026-09-22T13:53:45,2026-09-22T08:28:53,Force Core(High,189952,1899520,10,,
1871,2026-09-22T13:57:07,2026-09-22T08:28:53,Chaos Core,708723,708723,1,,
1872,2026-09-22T13:58:37,2026-09-22T08:28:53,Chaos Core,708110,708110,1,,
1873,2026-09-22T14:00:31,2026-09-22T08:28:53,Force Core(High,189951,11397060,60,,
1874,2026-09-22T14:03:52,2026-09-22T08:28:53,Chaos Core,706781,706781,1,,
1875,2026-09-22T14:05:28,2026-09-22T08:28:53,Chaos Core,706083,706083,1,,
1876,2026-09-22T14:07:39,2026-09-22T08:28:53,Chaos Core Set X 150,737614,109166999,148,,
1877,2026-09-22T14:09:16,2026-09-22T08:28:53,Chaos Core Set X 102,734984,74233457,101,,
1878,2026-09-22T14:09:48,2026-09-22T08:28:53,Chaos Core Set X 24,727776,17466647,24,,
1879,2026-09-22T14:10:38,2026-09-22T08:28:53,Chaos Core Set X 117,734049,85149791,116,,
1880,2026-09-22T14:14:01,2026-09-22T08:28:53,Chaos Core,706814,706814,1,,
1881,2026-09-22T14:15:34,2026-09-22T08:28:53,Chaos Core,706201,706201,1,,
1882,2026-09-22T14:17:51,2026-09-22T08:28:53,Force Core (Ultimate,384848,769696,2,,
1883,2026-09-22T14:18:38,2026-09-22T08:28:53,Chaos Core Set X 198,735201,144099449,196,,
1884,2026-09-22T14:23:32,2026-09-22T08:28:53,Force Core(High,189941,3228997,17,,
1885,2026-09-22T14:24:41,2026-09-22T08:28:53,Upgrade Core (Ultimate,457799,91559800,200,,
1886,2026-09-22T14:29:41,2026-09-22T08:28:53,Force Core (Ultimate,384836,48874172,127,,
1887,2026-09-22T14:30:24,2026-09-22T08:28:53,Upgrade Core (Ultimate,457794,2288970,5,,
1888,2026-09-22T14:30:35,2026-09-22T08:28:53,Upgrade Core (Ultimate,457793,8698067,19,,
1889,2026-09-22T14:42:02,2026-09-22T14:38:22,Chaos Core,715857,715857,1,,
1890,2026-09-22T14:43:39,2026-09-22T14:38:22,Chaos Core,714662,714662,1,,
1891,2026-09-22T14:52:17,2026-09-22T14:38:22,Upgrade Core (Ultimate,457778,6408892,14,,
1892,2026-09-22T15:01:56,2026-09-22T14:38:22,Extreme Core (Lv. 10,25819999,129099995,5,,
1893,2026-09-22T15:02:29,2026-09-22T14:38:22,Chaos Core,720700,720700,1,,
1894,2026-09-22T15:06:01,2026-09-22T14:38:22,Upgrade Core (Ultimate),457763,8239734,18,,
1895,2026-09-22T15:08:01,2026-09-22T14:38:22,Chaos Core,720801,720801,1,,
1896,2026-09-22T15:09:23,2026-09-22T14:38:22,Chaos Core,722954,722954,1,,
1897,2026-09-22T15:18:14,2026-09-22T14:38:22,Chaos Core Set X 189,727686,137532842,189,,
1898,2026-09-22T15:45:19,2026-09-22T14:38:22,Chaos Core,710476,710476,1,,
1899,2026-09-22T15:49:13,2026-09-22T14:38:22,Chaos Core,709952,709952,1,,
1900,2026-09-22T16:02:10,2026-09-22T14:38:22,Force Core(High,186914,2242968,12,,
1901,2026-09-22T16:08:39,2026-09-22T14:38:22,Force Core(High,186911,186911,1,,
1902,2026-09-22T16:16:36,2026-09-22T14:38:22,Chaos Core Set X 57,727594,41472914,57,,
1903,2026-09-22T16:24:06,2026-09-22T14:38:22,Chaos Core Set X 33,727586,24010370,33,,
1904,2026-09-22T16:26:30,2026-09-22T14:38:22,Chaos Core Set X 150,727584,109137749,150,,
1905,2026-09-22T16:36:09,2026-09-22T14:38:22,Chaos Core,697915,697915,1,,
1906,2026-09-22T16:37:37,2026-09-22T14:38:22,Chaos Core,697969,697969,1,,
1907,2026-09-22T16:41:35,2026-09-22T14:38:22,Chaos Core Set,727584,141879074,195,,
1908,2026-09-22T16:42:14,2026-09-22T14:38:22,Chaos Core Set X 114,727583,82944575,114,,
1909,2026-09-22T17:16:51,2026-09-22T14:38:22,Chaos Core,711066,711066,1,,
1910,2026-09-22T17:18:22,2026-09-22T14:38:22,Chaos Core,710542,710542,1,,
1911,2026-09-22T17:37:59,2026-09-22T14:38:22,Chaos Core,703147,703147,1,,
1912,2026-09-22T17:39:40,2026-09-22T14:38:22,Chaos Core,702614,702614,1,,
1913,2026-09-22T17:48:29,2026-09-22T14:38:22,Chaos Core,700265,700265,1,,
1914,2026-09-22T17:49:33,2026-09-22T14:38:22,Armor Account bind Seal Stone,186999999,186999999,1,,
1915,2026-09-22T17:49:37,2026-09-22T14:38:22,Armor Account bind Unseal Stone,186999999,186999999,1,,
1916,2026-09-22T17:49:43,2026-09-22T14:38:22,Chaos Core,699626,699626,1,,
1917,2026-09-22T17:56:33,2026-09-22T14:38:22,Chaos Core,698914,698914,1,,
1918,2026-09-22T17:57:35,2026-09-22T14:38:22,Chaos Core,698291,698291,1,,
1919,2026-09-22T18:04:38,2026-09-22T14:38:22,Chaos Core,696058,696058,1,,
1920,2026-09-22T18:05:44,2026-09-22T14:38:22,Chaos Core,695514,695514,1,,
1921,2026-09-22T18:09:10,2026-09-22T14:38:22,Chaos Core Set X 120,727394,87287399,120,,
1922,2026-09-22T18:20:01,2026-09-22T14:38:22,Force Core(High,197973,21777030,110,,
1923,2026-09-22T18:35:01,2026-09-22T14:38:22,Force Core(High,197957,3761183,19,,
1924,2026-09-22T18:42:35,2026-09-22T14:38:22,Force Core(High,197948,1781532,9,,
1925,2026-09-22T23:39:03,2026-09-22T23:33:34,Force Core(Highest,189906,35702328,188,,
1926,2026-09-22T23:39:06,2026-09-22T23:33:34,Force Core(Highest,189905,21269360,112,,
1927,2026-09-22T23:39:10,2026-09-22T23:33:34,Force Core(Highest,189904,8165872,43,,
1928,2026-09-22T23:39:13,2026-09-22T23:33:34,Force Core (Ultimate,384657,37311729,97,,
1929,2026-09-22T23:39:17,2026-09-22T23:33:34,Chaos Core,709322,709322,1,,
1930,2026-09-22T23:47:34,2026-09-22T23:42:43,Chaos Core,708131,708131,1,,
1931,2026-09-22T23:49:08,2026-09-22T23:42:43,Force Core(High,197813,39562600,200,,
1932,2026-09-22T23:49:12,2026-09-22T23:42:43,Force Core(High,197812,39562400,200,,
1933,2026-09-22T23:49:15,2026-09-22T23:42:43,Force Core(High,197811,12264282,62,,
1934,2026-09-22T23:57:56,2026-09-22T23:50:27,Force Core(High),197810,40353240,204,,
1935,2026-09-23T00:10:16,2026-09-23T00:05:55,Chaos Core,706549,706549,1,,
1936,2026-09-23T00:17:42,2026-09-23T00:12:59,Astral Core(Palladium) X 127,1415,1078986,762,,
1937,2026-09-23T00:25:08,2026-09-23T00:21:06,Chaos Core,701936,701936,1,,
1938,2026-09-23T00:26:32,2026-09-23T00:21:06,Chaos Core Set X 255,723940,184604954,255,,
1939,2026-09-23T00:31:54,2026-09-23T00:27:49,Chaos Core,718795,718795,1,,
1940,2026-09-23T00:33:55,2026-09-23T00:27:49,Force Core(High),197786,15822880,80,,
1941,2026-09-23T00:34:21,2026-09-23T00:27:49,Force Core(High,197807,47275873,239,,
1942,2026-09-23T00:34:43,2026-09-23T00:27:49,Chaos Core Set X 144,723956,104249807,144,,
1943,2026-09-23T00:38:05,2026-09-23T00:27:49,Chaos Core,716442,716442,1,,
1944,2026-09-23T00:52:04,2026-09-23T00:48:15,Chaos Core,717258,717258,1,,
1945,2026-09-23T00:52:35,2026-09-23T00:48:15,Chaos Core Set X 171,723924,123791174,171,,
1946,2026-09-23T00:53:16,2026-09-23T00:48:15,Chaos Core Set X 186,723923,134649863,186,,
1947,2026-09-23T00:53:29,2026-09-23T00:48:15,Chaos Core Set X 117,723922,84698990,117,,
1948,2026-09-23T03:08:54,2026-09-23T03:08:03,Chaos Core,714770,714770,1,,
1949,2026-09-23T03:08:59,2026-09-23T03:08:03,Extreme Core (Lv. 6,159997,1759967,11,,
1950,2026-09-23T03:09:20,2026-09-23T03:08:03,Chaos Core Set X 249,723926,180257822,249,,
1951,2026-09-23T03:24:27,2026-09-23T03:16:22,Chaos Core,711501,711501,1,,
1952,2026-09-23T03:25:08,2026-09-23T03:16:22,Chaos Core Set,721980,82305833,114,,
1953,2026-09-23T04:36:16,2026-09-23T04:28:43,Extreme Core (Lv. 3,699998,6999980,10,,
1954,2026-09-23T04:36:33,2026-09-23T04:28:43,Force Core (Ultimate,383901,7678020,20,,
1955,2026-09-23T04:36:47,2026-09-23T04:28:43,Force Core(High,197636,19763600,100,,
1956,2026-09-23T04:36:51,2026-09-23T04:28:43,Force Core (Ultimate,383900,23034000,60,,
1957,2026-09-23T04:37:07,2026-09-23T04:28:43,Force Core(High,197635,48222940,244,,
1958,2026-09-23T04:37:22,2026-09-23T04:28:43,Force Core(High,197634,14229648,72,,
1959,2026-09-23T04:37:31,2026-09-23T04:28:43,Chaos Core Set X 204,721976,147283307,204,,
1960,2026-09-23T04:38:56,2026-09-23T04:28:43,Chaos Core Set X 108,721975,77973407,108,,
1961,2026-09-23T04:40:01,2026-09-23T04:28:43,Chaos Core Set X 207,721970,149447996,207,,
1962,2026-09-23T04:59:38,2026-09-23T04:55:33,Chaos Core,708213,708213,1,,
1963,2026-09-23T05:05:47,2026-09-23T04:55:33,Chaos Core Set X 96,715539,68691839,96,,
1964,2026-09-23T05:06:10,2026-09-23T04:55:33,Chaos Core Set X 123,715538,88011296,123,,
1965,2026-09-23T05:07:34,2026-09-23T04:55:33,Chaos Core Set X 18,715537,12879683,18,,
1966,2026-09-23T05:31:53,2026-09-23T05:25:58,Force Core (Ultimate,382980,7659600,20,,
1967,2026-09-23T05:32:18,2026-09-23T05:25:58,Chaos Core Set X 72,705728,51518159,73,,
1968,2026-09-23T06:17:13,2026-09-23T06:16:18,Chaos Core,704386,704386,1,,
1969,2026-09-23T06:17:24,2026-09-23T06:16:18,Force Core(High,196964,1969640,10,,
1970,2026-09-23T07:14:56,2026-09-23T07:05:05,Chaos Core Set X 276,705487,194714687,276,,
1971,2026-09-23T07:16:30,2026-09-23T07:05:05,Chaos Core Set X 252,705485,177782471,252,,
1972,2026-09-23T07:21:56,2026-09-23T07:05:05,Chaos Core Set,705478,217993010,309,,
1973,2026-09-23T07:23:13,2026-09-23T07:05:05,Chaos Core Set,705476,129102290,183,,
1974,2026-09-23T07:24:35,2026-09-23T07:05:05,Force Core(High,196862,3937240,20,,
1975,2026-09-23T07:27:27,2026-09-23T07:05:05,Chaos Core,674396,674396,1,,
1976,2026-09-23T07:28:56,2026-09-23T07:05:05,Force Core(High,196860,1181160,6,,
1977,2026-09-23T07:29:13,2026-09-23T07:05:05,Chaos Core Set X 90,705469,63492299,90,,
1978,2026-09-23T07:44:08,2026-09-23T07:37:43,Chaos Core Set X 114,705466,80423237,114,,
1979,2026-09-23T07:45:15,2026-09-23T07:37:43,Force Core(High),196853,9842650,50,,
1980,2026-09-23T07:45:28,2026-09-23T07:37:43,Chaos Core Set X 105,705468,74074244,105,,
1981,2026-09-23T07:46:40,2026-09-23T07:37:43,Force Core(High,196857,35434260,180,,
1982,2026-09-23T07:47:17,2026-09-23T07:37:43,Chaos Core Set X 103,705467,72663203,103,,
1983,2026-09-23T07:47:39,2026-09-23T07:37:43,Chaos Core Set X 141,705466,99470846,141,,
1984,2026-09-23T19:36:35,2026-09-23T19:33:25,Chaos Core,678709,678709,1,,
1985,2026-09-23T19:37:07,2026-09-23T19:33:25,Upgrade Core (Ultimate,440377,51083732,116,,
1986,2026-09-23T19:37:11,2026-09-23T19:33:25,Upgrade Core (Ultimate,440376,51964368,118,,
1987,2026-09-23T19:37:27,2026-09-23T19:33:25,Force Core (Ultimate,378978,1515912,4,,
1988,2026-09-23T19:37:31,2026-09-23T19:33:25,Chaos Core Set X 114,724047,80369315,111,,
1989,2026-09-23T19:37:41,2026-09-23T19:33:25,Chaos Core Set X 255,727825,179772959,247,,
1990,2026-09-23T19:37:51,2026-09-23T19:33:25,Force Core(High,196851,31496160,160,,
1991,2026-09-23T19:37:55,2026-09-23T19:33:25,Chaos Core Set X 171,726223,120553118,166,,
1992,2026-09-23T19:38:05,2026-09-23T19:33:25,Force Core(High,189999,13299930,70,,
1993,2026-09-23T19:38:08,2026-09-23T19:33:25,Force Core(High,189998,1329986,7,,
1994,2026-09-23T19:38:18,2026-09-23T19:33:25,Force Core (Ultimate,369999,51429861,139,,
1995,2026-09-23T19:38:40,2026-09-23T19:33:25,Force Core(Piece) X 127,1572,1598160,1016,,
1996,2026-09-23T19:47:24,2026-09-23T19:33:25,Chaos Core,729494,729494,1,,
1997,2026-09-23T19:56:26,2026-09-23T19:33:25,Chaos Core,729479,729479,1,,
1998,2026-09-23T20:00:19,2026-09-23T19:33:25,Force Core(High,196795,9839750,50,,
1999,2026-09-23T20:03:29,2026-09-23T19:33:25,Force Core(High,196788,7871520,40,,
2000,2026-09-23T20:08:53,2026-09-23T19:33:25,Chaos Core,725672,725672,1,,
2001,2026-09-23T20:17:56,2026-09-23T19:33:25,Chaos Core,722853,722853,1,,
2002,2026-09-23T20:18:54,2026-09-23T19:33:25,Chaos Core Set,727203,207253139,285,,
2003,2026-09-23T20:23:35,2026-09-23T19:33:25,Force Core(High,196763,1770867,9,,
2004,2026-09-23T20:28:39,2026-09-23T19:33:25,Chaos Core Set X 36,727197,26179127,36,,
2005,2026-09-23T20:28:51,2026-09-23T19:33:25,Chaos Core Set X 27,727196,19634318,27,,
2006,2026-09-23T20:31:23,2026-09-23T19:33:25,Chaos Core,712102,712102,1,,
2007,2026-09-23T20:32:21,2026-09-23T19:33:25,Chaos Core Set X 243,727195,176708627,243,,
2008,2026-09-23T20:35:39,2026-09-23T19:33:25,Chaos Core Set X 186,727191,135257711,186,,
2009,2026-09-23T20:38:00,2026-09-23T19:33:25,Chaos Core,728212,728212,1,,
2010,2026-09-23T20:42:33,2026-09-23T19:33:25,Chaos Core,729326,729326,1,,
2011,2026-09-23T20:45:45,2026-09-23T19:33:25,Chaos Core,728035,728035,1,,
2012,2026-09-23T20:48:57,2026-09-23T19:33:25,Chaos Core,729343,729343,1,,
2013,2026-09-23T21:35:16,2026-09-23T19:33:25,Chaos Core,716612,716612,1,,
2014,2026-09-23T21:35:52,2026-09-23T19:33:25,Force Core(High,195945,9797250,50,,
2015,2026-09-23T21:36:17,2026-09-23T19:33:25,Chaos Core Set X 39,727180,28360058,39,,
2016,2026-09-23T21:53:47,2026-09-23T19:33:25,Upgrade Core (Ultimate),452221,90444200,200,,
2017,2026-09-23T21:53:50,2026-09-23T19:33:25,Upgrade Core (Ultimate),452220,78234060,173,,
2018,2026-09-24T00:15:27,2026-09-24T00:07:56,Chaos Core,714055,714055,1,,
2019,2026-09-24T00:17:01,2026-09-24T00:07:56,Force Core(Highest,189999,9119952,48,,
2020,2026-09-24T00:19:37,2026-09-24T00:07:56,Chaos Core Set X 207,727057,150501004,207,,
2021,2026-09-24T00:20:33,2026-09-24T00:07:56,Chaos Core Set X 186,727051,135231671,186,,
2022,2026-09-24T00:22:13,2026-09-24T00:07:56,Force Core(High,189994,1899940,10,,
2023,2026-09-24T00:40:50,2026-09-24T00:36:50,Chaos Core,710377,710377,1,,
2024,2026-09-24T00:43:22,2026-09-24T00:36:50,Force Core(Highest,204866,8194640,40,,
2025,2026-09-24T00:46:27,2026-09-24T00:36:50,Chaos Core,714414,714414,1,,
2026,2026-09-24T00:48:07,2026-09-24T00:36:50,Upgrade Core (Ultimate,452116,23057916,51,,
2027,2026-09-24T00:50:48,2026-09-24T00:36:50,Arionell,312185713,312185713,1,,
2028,2026-09-24T00:52:19,2026-09-24T00:36:50,Chaos Core,714367,714367,1,,
2029,2026-09-24T00:53:31,2026-09-24T00:36:50,Upgrade Core (Ultimate,452112,452112,1,,
2030,2026-09-24T00:57:45,2026-09-24T00:36:50,Extreme Core (Lv. 11,41709999,41709999,1,,
2031,2026-09-24T00:58:34,2026-09-24T00:36:50,Force Core(High,189974,20897140,110,,
2032,2026-09-24T00:58:38,2026-09-24T00:36:50,Force Core(High,189973,12728191,67,,
2033,2026-09-24T00:58:53,2026-09-24T00:36:50,Chaos Core,722927,722927,1,,
2034,2026-09-24T01:02:59,2026-09-24T00:36:50,Extreme Core (Lv. 11,41898999,41898999,1,,
2035,2026-09-24T01:03:55,2026-09-24T00:36:50,Chaos Core,722169,722169,1,,
2036,2026-09-24T01:09:15,2026-09-24T00:36:50,Chaos Core,721525,721525,1,,
2037,2026-09-24T01:25:11,2026-09-24T00:36:50,Upgrade Core (Ultimate,452085,50181435,111,,
2038,2026-09-24T01:25:14,2026-09-24T00:36:50,Force Core (Ultimate,369758,69144746,187,,
2039,2026-09-24T01:29:13,2026-09-24T00:36:50,Force Core(Highest,204812,1843308,9,,
2040,2026-09-24T01:29:27,2026-09-24T00:36:50,Upgrade Core (Ultimate,452084,55606332,123,,
2041,2026-09-24T01:30:06,2026-09-24T00:36:50,Force Core(Highest,204811,1843299,9,,
2042,2026-09-24T01:30:12,2026-09-24T00:36:50,Force Core (Ultimate,369756,19597068,53,,
2043,2026-09-24T01:37:55,2026-09-24T00:36:50,Force Core(High,189949,2089439,11,,
2044,2026-09-24T01:38:29,2026-09-24T00:36:50,Force Core(High,189948,949740,5,,
2045,2026-09-24T01:39:20,2026-09-24T00:36:50,Force Core(Highest,204810,5529870,27,,
2046,2026-09-24T01:39:45,2026-09-24T00:36:50,Upgrade Core (Ultimate,452081,24864455,55,,
2047,2026-09-24T01:47:11,2026-09-24T00:36:50,Chaos Core,712859,712859,1,,
2048,2026-09-24T02:00:01,2026-09-24T00:36:50,Force Core (Ultimate,369737,3327633,9,,
2049,2026-09-24T02:04:21,2026-09-24T00:36:50,Force Core (Ultimate,369731,15528702,42,,
2050,2026-09-24T02:09:51,2026-09-24T00:36:50,Force Core(Highest,204781,28464559,139,,
2051,2026-09-24T02:10:05,2026-09-24T00:36:50,Force Core(Highest,204780,33583920,164,,
2052,2026-09-24T02:10:56,2026-09-24T00:36:50,Armor Account bind Unseal Stone,190999999,190999999,1,,
2053,2026-09-24T02:16:00,2026-09-24T00:36:50,Force Core(Highest,204779,33993314,166,,
2054,2026-09-24T02:18:51,2026-09-24T00:36:50,Chaos Core,704277,704277,1,,
2055,2026-09-24T02:21:45,2026-09-24T00:36:50,Force Core(Highest),204769,3685842,18,,
2056,2026-09-24T02:49:12,2026-09-24T00:36:50,Chaos Core,699951,699951,1,,
2057,2026-09-24T02:53:57,2026-09-24T00:36:50,Chaos Core,714176,714176,1,,
2058,2026-09-24T03:02:48,2026-09-24T00:36:50,Chaos Core,709425,709425,1,,
2059,2026-09-24T03:18:25,2026-09-24T00:36:50,Upgrade Core (Ultimate,451958,67793700,150,,
2060,2026-09-24T03:19:40,2026-09-24T00:36:50,Force Core (Ultimate,369651,44727771,121,,
2061,2026-09-24T03:20:14,2026-09-24T00:36:50,Chaos Core,702986,702986,1,,
2062,2026-09-24T03:21:49,2026-09-24T00:36:50,Force Core (Ultimate,369649,65058224,176,,
2063,2026-09-24T03:22:28,2026-09-24T00:36:50,Force Core (Ultimate,369649,55077701,149,,
2064,2026-09-24T03:26:06,2026-09-24T00:36:50,Force Core(Highest,204669,13303485,65,,
2065,2026-09-24T03:27:36,2026-09-24T00:36:50,Upgrade Core (Ultimate,451947,1355841,3,,
2066,2026-09-24T03:32:44,2026-09-24T00:36:50,Upgrade Core (Ultimate,451940,9038800,20,,
2067,2026-09-24T03:38:34,2026-09-24T00:36:50,Force Core (Ultimate,369699,24030435,65,,
2068,2026-09-24T03:38:48,2026-09-24T00:36:50,Force Core (Ultimate,369698,22181880,60,,
2069,2026-09-24T03:40:12,2026-09-24T00:36:50,Chaos Core,708509,708509,1,,
2070,2026-09-24T03:50:05,2026-09-24T00:36:50,Upgrade Core (Ultimate,451917,36605277,81,,
2071,2026-09-24T03:50:33,2026-09-24T00:36:50,Upgrade Core (Ultimate,451916,4519160,10,,
2072,2026-09-24T03:50:50,2026-09-24T00:36:50,Upgrade Core (Ultimate,451915,21240005,47,,
2073,2026-09-24T03:56:16,2026-09-24T00:36:50,Upgrade Core (Ultimate),451908,85862520,190,,
2074,2026-09-24T03:57:52,2026-09-24T00:36:50,Chaos Core,707009,707009,1,,
2075,2026-09-24T03:58:35,2026-09-24T00:36:50,Chaos Core Set X 216,726800,153354815,211,,
2076,2026-09-24T03:59:10,2026-09-24T00:36:50,Force Core(Highest,204614,26190592,128,,
2077,2026-09-24T04:03:04,2026-09-24T00:36:50,Chaos Core,705678,705678,1,,
2078,2026-09-24T04:03:47,2026-09-24T00:36:50,Chaos Core Set X 189,725322,134184707,185,,
2079,2026-09-24T04:07:40,2026-09-24T00:36:50,Chaos Core Set X 159,728289,112884911,155,,
2080,2026-09-24T04:07:56,2026-09-24T00:36:50,Chaos Core,714192,714192,1,,
2081,2026-09-24T04:08:27,2026-09-24T00:36:50,Chaos Core Set X 216,726790,153352871,211,,
2082,2026-09-24T04:08:37,2026-09-24T00:36:50,Chaos Core Set X 282,728037,200210411,275,,
2083,2026-09-24T04:10:32,2026-09-24T00:36:50,Upgrade Core (Ultimate),499995,9999900,20,,
2084,2026-09-24T04:11:51,2026-09-24T00:36:50,Chaos Core,714228,714228,1,,
2085,2026-09-24T04:15:24,2026-09-24T00:36:50,Chaos Core,704344,704344,1,,
2086,2026-09-24T04:20:32,2026-09-24T00:36:50,Chaos Core,704460,704460,1,,
2087,2026-09-24T04:24:10,2026-09-24T00:36:50,Chaos Core,704476,704476,1,,
2088,2026-09-24T04:25:16,2026-09-24T00:36:50,Force Core(Highest,204569,1841121,9,,
2089,2026-09-24T04:27:46,2026-09-24T00:36:50,Chaos Core,722846,722846,1,,
2090,2026-09-24T04:37:57,2026-09-24T00:36:50,Chaos Core,702479,702479,1,,
2091,2026-09-24T04:48:10,2026-09-24T00:36:50,Chaos Core,702316,702316,1,,
2092,2026-09-24T04:53:50,2026-09-24T00:36:50,Chaos Core,699322,699322,1,,
2093,2026-09-24T04:58:07,2026-09-24T00:36:50,Chaos Core,721859,721859,1,,
2094,2026-09-24T05:10:01,2026-09-24T00:36:50,Force Core(Highest,204515,2045150,10,,
2095,2026-09-24T05:21:59,2026-09-24T00:36:50,Chaos Core,709458,709458,1,,
2096,2026-09-24T05:23:39,2026-09-24T00:36:50,Force Core(Highest,204501,4090020,20,,
2097,2026-09-24T05:25:35,2026-09-24T00:36:50,Force Core(High,196780,1771020,9,,
2098,2026-09-24T05:28:20,2026-09-24T00:36:50,Force Core (Ultimate,369600,739200,2,,
2099,2026-09-24T07:42:32,2026-09-24T07:39:26,Chaos Core Set X 189,710024,131354621,185,,
2100,2026-09-24T07:44:14,2026-09-24T07:39:26,Chaos Core Set X 96,712032,67643040,95,,
2101,2026-09-24T07:44:27,2026-09-24T07:39:26,Chaos Core Set X 219,709722,153300000,216,,
2102,2026-09-24T07:44:40,2026-09-24T07:39:26,Chaos Core Set X 90,707780,62992440,89,,
2103,2026-09-24T07:46:02,2026-09-24T07:39:26,Chaos Core Set X 231,711183,161438738,227,,
2104,2026-09-24T07:46:21,2026-09-24T07:39:26,Chaos Core Set X 96,712252,66239519,93,,
2105,2026-09-24T07:47:10,2026-09-24T07:39:26,Palladium Epaulet of Fighter,3252017,3252017,1,,
2106,2026-09-24T07:47:36,2026-09-24T07:39:26,Chaos Core,705327,705327,1,,
2107,2026-09-24T07:52:28,2026-09-24T07:39:26,Force Core(Piece) X 127,1570,1596128,1016,,
2108,2026-09-24T07:56:42,2026-09-24T07:55:36,Chaos Core,702149,702149,1,,
2109,2026-09-24T08:08:35,2026-09-24T08:01:53,Chaos Core,702276,702276,1,,
2110,2026-09-24T08:09:12,2026-09-24T08:01:53,Chaos Core Set X 219,709971,155483867,219,,
2111,2026-09-24T08:13:34,2026-09-24T08:01:53,Wexp Saver,65545554,65545554,1,,
2112,2026-09-24T08:18:41,2026-09-24T08:01:53,Chaos Core,701700,701700,1,,
2113,2026-09-24T08:24:15,2026-09-24T08:01:53,Force Core(Highest,202943,8117720,40,,
2114,2026-09-24T08:26:00,2026-09-24T08:01:53,Palladium Epaulet of Fighter,3252015,3252015,1,,
2115,2026-09-24T08:26:22,2026-09-24T08:01:53,Chaos Core,712201,712201,1,,
2116,2026-09-24T08:26:54,2026-09-24T08:01:53,Chaos Core Set,710288,263517071,371,,
2117,2026-09-24T08:34:36,2026-09-24T08:01:53,Chaos Core Set,711103,172798079,243,,
2118,2026-09-24T08:37:58,2026-09-24T08:01:53,Force Core(Highest,194999,30614843,157,,
2119,2026-09-24T08:38:25,2026-09-24T08:01:53,Force Core(Highest,194998,20669788,106,,
2120,2026-09-24T08:38:29,2026-09-24T08:01:53,Force Core (Ultimate,369526,25866820,70,,
2121,2026-09-24T08:38:55,2026-09-24T08:01:53,Upgrade Core (Ultimate,469759,28185540,60,,
2122,2026-09-24T08:40:20,2026-09-24T08:01:53,Chaos Core Set,709432,241916639,341,,
2123,2026-09-24T08:47:01,2026-09-24T08:01:53,Force Core(High,195435,977175,5,,
2124,2026-09-24T08:47:15,2026-09-24T08:01:53,Force Core(Piece) X 127,1561,396746,254,,
2125,2026-09-24T08:47:31,2026-09-24T08:01:53,Chaos Core,710304,710304,1,,
2126,2026-09-24T08:47:57,2026-09-24T08:01:53,Chaos Core Set,708754,130410899,184,,
2127,2026-09-24T08:53:05,2026-09-24T08:01:53,Force Core(High,195427,3908540,20,,
2128,2026-09-24T08:53:41,2026-09-24T08:01:53,Chaos Core Set,709158,167361347,236,,
2129,2026-09-24T08:58:50,2026-09-24T08:01:53,Chaos Core,713465,713465,1,,
2130,2026-09-24T08:59:28,2026-09-24T08:01:53,Upgrade Core (Ultimate),469758,18790320,40,,
2131,2026-09-24T09:00:16,2026-09-24T08:01:53,Chaos Core Set,709906,176056901,248,,
2132,2026-09-24T09:02:13,2026-09-24T08:01:53,Chaos Core Set X 321,709049,232568351,328,,
2133,2026-09-24T09:05:26,2026-09-24T08:01:53,Force Core (Ultimate,369508,7390160,20,,
2134,2026-09-24T09:06:26,2026-09-24T08:01:53,Force Core(High,195418,15633440,80,,
2135,2026-09-24T09:06:51,2026-09-24T08:01:53,Chaos Core,713240,713240,1,,
2136,2026-09-24T09:07:17,2026-09-24T08:01:53,Chaos Core Set X 189,709488,136931255,193,,
2137,2026-09-24T09:09:33,2026-09-24T08:01:53,Chaos Core Set X 210,710959,152145419,214,,
2138,2026-09-24T09:09:48,2026-09-24T08:01:53,Chaos Core Set,708034,93460499,132,,
2139,2026-09-24T09:10:04,2026-09-24T08:01:53,Chaos Core Set X 336,709713,243431663,343,,
2140,2026-09-24T09:10:25,2026-09-24T08:01:53,Chaos Core Set,709712,243431327,343,,
2141,2026-09-24T09:13:50,2026-09-24T08:01:53,Chaos Core,713420,713420,1,,
2142,2026-09-24T09:17:46,2026-09-24T08:01:53,Force Core(High,195407,1954070,10,,
2143,2026-09-24T09:18:23,2026-09-24T08:01:53,Chaos Core,718164,718164,1,,
2144,2026-09-24T09:18:49,2026-09-24T08:01:53,Chaos Core Set X 18,724500,13041017,18,,
2145,2026-09-24T09:22:23,2026-09-24T08:01:53,Force Core(High,195402,977010,5,,
2146,2026-09-24T09:29:32,2026-09-24T08:01:53,Chaos Core,688802,688802,1,,
2147,2026-09-24T09:29:58,2026-09-24T08:01:53,Upgrade Core (Ultimate,469754,6576556,14,,
2148,2026-09-24T09:30:35,2026-09-24T08:01:53,Chaos Core Set,713695,47817593,67,,
2149,2026-09-24T09:41:59,2026-09-24T08:01:53,Force Core(High,195392,2149312,11,,
2150,2026-09-24T09:42:24,2026-09-24T08:01:53,Astral Core(Palladium) X 127,1528,582546,381,,
2151,2026-09-24T09:42:38,2026-09-24T08:01:53,Chaos Core,714458,714458,1,,
2152,2026-09-24T09:43:38,2026-09-24T08:01:53,Chaos Core Set,708093,93468368,132,,
2153,2026-09-24T09:49:59,2026-09-24T08:01:53,Chaos Core Set,710633,181211492,255,,
2154,2026-09-24T09:51:59,2026-09-24T08:01:53,Chaos Core Set,724506,6520562,9,,
2155,2026-09-24T09:53:09,2026-09-24T08:01:53,Chaos Core Set,709523,174542879,246,,
2156,2026-09-24T09:56:02,2026-09-24T08:01:53,Chaos Core Set,711241,161451719,227,,
2157,2026-09-24T09:59:28,2026-09-24T08:01:53,Force Core(High,189996,4369908,23,,
2158,2026-09-24T09:59:32,2026-09-24T08:01:53,Force Core(High,189995,1329965,7,,
2159,2026-09-24T09:59:35,2026-09-24T08:01:53,Force Core(High,189994,189994,1,,
2160,2026-09-24T09:59:52,2026-09-24T08:01:53,Chaos Core,717673,717673,1,,
2161,2026-09-24T10:00:51,2026-09-24T08:01:53,Chaos Core Set,709646,205087883,289,,
2162,2026-09-24T10:03:12,2026-09-24T08:01:53,Chaos Core Set,710148,181087988,255,,
2163,2026-09-24T10:03:33,2026-09-24T08:01:53,Chaos Core Set,708369,109088849,154,,
2164,2026-09-24T10:07:49,2026-09-24T08:01:53,Force Core (Ultimate,369470,34360710,93,,
2165,2026-09-24T10:09:13,2026-09-24T08:01:53,Chaos Core Set,710345,152724179,215,,
2166,2026-09-24T10:10:15,2026-09-24T08:01:53,Chaos Core Set,711185,1127724488,1448,,
2167,2026-09-24T10:27:18,2026-09-24T08:01:53,Chaos Core,718122,718122,1,,
2168,2026-09-24T10:38:32,2026-09-24T08:01:53,Astral Core(Palladium) X 127,1526,775712,508,,
2169,2026-09-24T10:40:08,2026-09-24T08:01:53,Force Core(High,189955,5698650,30,,
2170,2026-09-24T10:42:42,2026-09-24T08:01:53,Chaos Core,727454,727454,1,,
2171,2026-09-24T10:43:32,2026-09-24T08:01:53,Force Core(Highest,164990,11714290,71,,
2172,2026-09-24T10:44:19,2026-09-24T08:01:53,Force Core(High,189949,1899490,10,,
2173,2026-09-24T10:49:28,2026-09-24T08:01:53,Chaos Core,733850,733850,1,,
2174,2026-09-24T10:51:31,2026-09-24T08:01:53,Chaos Core Set,708220,115439999,163,,
2175,2026-09-24T10:54:01,2026-09-24T08:01:53,Chaos Core Set,709483,68819906,97,,
2176,2026-09-24T10:58:55,2026-09-24T08:01:53,Chaos Core Set,708508,33299909,47,,
2177,2026-09-24T11:06:12,2026-09-24T08:01:53,Chaos Core,714147,714147,1,,
2178,2026-09-24T11:07:47,2026-09-24T08:01:53,Force Core(High,189931,45583440,240,,
2179,2026-09-24T11:08:09,2026-09-24T08:01:53,Chaos Core Set,711215,118772999,167,,
2180,2026-09-24T11:12:52,2026-09-24T08:01:53,Chaos Core Set,708362,123254999,174,,
2181,2026-09-24T11:13:14,2026-09-24T08:01:53,Chaos Core Set,714521,49301999,69,,
2182,2026-09-24T11:23:42,2026-09-24T08:01:53,Chaos Core,737579,737579,1,,
2183,2026-09-24T11:24:20,2026-09-24T08:01:53,Force Core(Highest,164973,7093839,43,,
2184,2026-09-24T11:24:24,2026-09-24T08:01:53,Force Core(Highest,164972,26065576,158,,
2185,2026-09-24T11:25:26,2026-09-24T08:01:53,Chaos Core Set,746994,2240984,3,,
2186,2026-09-24T11:26:45,2026-09-24T08:01:53,Force Core(Highest,164971,12207854,74,,
2187,2026-09-24T11:28:06,2026-09-24T08:01:53,Chaos Core,744832,744832,1,,
2188,2026-09-24T11:32:20,2026-09-24T08:01:53,Force Core(High,189868,16328648,86,,
2189,2026-09-24T11:32:24,2026-09-24T08:01:53,Force Core(High,189867,189867,1,,
2190,2026-09-24T11:32:41,2026-09-24T08:01:53,Force Core(High,189866,379732,2,,
2191,2026-09-24T11:42:08,2026-09-24T08:01:53,Chaos Core Set X 207,709304,154628378,218,,
2192,2026-09-24T11:49:36,2026-09-24T08:01:53,Chaos Core,742246,742246,1,,
2193,2026-09-24T11:50:48,2026-09-24T08:01:53,Chaos Core Set,710551,145663049,205,,
2194,2026-09-24T11:55:09,2026-09-24T08:01:53,Chaos Core,740418,740418,1,,
2195,2026-09-24T11:55:38,2026-09-24T08:01:53,Upgrade Core (Ultimate,449913,13497390,30,,
2196,2026-09-24T11:55:52,2026-09-24T08:01:53,Force Core (Ultimate,369379,11081370,30,,
2197,2026-09-24T11:58:59,2026-09-24T08:01:53,Force Core (Ultimate,369377,7387540,20,,
2198,2026-09-24T12:01:10,2026-09-24T08:01:53,Force Core(High,189860,189860,1,,
2199,2026-09-24T12:03:03,2026-09-24T08:01:53,Force Core (Ultimate,369372,11081160,30,,
2200,2026-09-24T12:07:50,2026-09-24T08:01:53,Chaos Core,737398,737398,1,,
2201,2026-09-24T12:11:56,2026-09-24T08:01:53,Chaos Core,739432,739432,1,,
2202,2026-09-24T12:12:23,2026-09-24T08:01:53,Upgrade Core (Ultimate,449885,5398620,12,,
2203,2026-09-24T12:15:42,2026-09-24T08:01:53,Upgrade Core (Ultimate,449883,12146841,27,,
2204,2026-09-24T12:15:56,2026-09-24T08:01:53,Upgrade Core (Ultimate,449882,5848466,13,,
2205,2026-09-24T12:24:10,2026-09-24T08:01:53,Upgrade Core (Ultimate,449872,48586176,108,,
2206,2026-09-24T12:32:01,2026-09-24T08:01:53,Chaos Core,731944,731944,1,,
2207,2026-09-24T12:39:55,2026-09-24T08:01:53,Chaos Core,729291,729291,1,,
2208,2026-09-24T12:44:09,2026-09-24T08:01:53,Force Core (Ultimate,369329,3693290,10,,
2209,2026-09-24T12:53:24,2026-09-24T08:01:53,Chaos Core Set X 249,709794,185966147,262,,
2210,2026-09-24T13:02:10,2026-09-24T08:01:53,Chaos Core Set X 249,710203,184652922,260,,
2211,2026-09-24T13:03:37,2026-09-24T08:01:53,Chaos Core Set X 249,709092,184364082,260,,
2212,2026-09-24T13:07:07,2026-09-24T08:01:53,Chaos Core Set X 249,710203,184652922,260,,
2213,2026-09-24T13:07:17,2026-09-24T08:01:53,Chaos Core Set X 249,710149,181088237,255,,
2214,2026-09-24T13:10:18,2026-09-24T08:01:53,Chaos Core,711513,711513,1,,
2215,2026-09-24T13:14:45,2026-09-24T08:01:53,Chaos Core Set X 264,709332,195775799,276,,
2216,2026-09-24T13:14:55,2026-09-24T08:01:53,Chaos Core Set X 336,709886,249170208,351,,
2217,2026-09-24T13:19:28,2026-09-24T08:01:53,Force Core(High,169859,24629555,145,,
2218,2026-09-24T13:24:44,2026-09-24T08:01:53,Chaos Core,738216,738216,1,,
2219,2026-09-24T13:25:21,2026-09-24T08:01:53,Chaos Core Set X 51,713589,37820222,53,,
2220,2026-09-24T13:28:22,2026-09-24T08:01:53,Chaos Core,739477,739477,1,,
2221,2026-09-24T13:41:02,2026-09-24T08:01:53,Chaos Core,741862,741862,1,,
2222,2026-09-24T13:44:33,2026-09-24T08:01:53,Chaos Core,749387,749387,1,,
2223,2026-09-24T14:01:34,2026-09-24T08:01:53,Chaos Core Set,709742,168918749,238,,
2224,2026-09-24T14:03:13,2026-09-24T08:01:53,Chaos Core Set,708749,101351114,143,,
2225,2026-09-24T14:07:14,2026-09-24T08:01:53,Upgrade Core (Ultimate,444907,88981400,200,,
2226,2026-09-24T14:12:07,2026-09-24T08:01:53,Force Core(Highest,179981,2879696,16,,
2227,2026-09-24T14:18:09,2026-09-24T08:01:53,Chaos Core,739643,739643,1,,
2228,2026-09-24T14:18:46,2026-09-24T08:01:53,Force Core(Highest,179980,4319520,24,,
2229,2026-09-24T14:19:03,2026-09-24T08:01:53,Upgrade Core (Ultimate,444895,26693700,60,,
2230,2026-09-24T14:21:56,2026-09-24T08:01:53,Force Core (Ultimate,369228,60922620,165,,
2231,2026-09-24T14:22:33,2026-09-24T08:01:53,Force Core (Ultimate,369227,69783903,189,,
2232,2026-09-24T14:22:36,2026-09-24T08:01:53,Force Core (Ultimate,369227,53537915,145,,
2233,2026-09-24T14:40:26,2026-09-24T08:01:53,Chaos Core,712114,712114,1,,
2234,2026-09-24T14:45:03,2026-09-24T08:01:53,Chaos Core,712153,712153,1,,
2235,2026-09-24T15:06:45,2026-09-24T08:01:53,Force Core(High,179858,10251906,57,,
2236,2026-09-24T15:06:54,2026-09-24T08:01:53,Force Core(High,182659,11142199,61,,
2237,2026-09-24T15:12:45,2026-09-24T08:01:53,Force Core (Ultimate,369179,10706191,29,,
2238,2026-09-24T15:14:53,2026-09-24T08:01:53,Force Core (Ultimate,369177,70881984,192,,
2239,2026-09-24T15:19:23,2026-09-24T08:01:53,Force Core(Highest,202930,2029300,10,,
2240,2026-09-24T15:30:34,2026-09-24T08:01:53,Upgrade Core (Ultimate,444783,13788273,31,,
2241,2026-09-24T15:31:13,2026-09-24T08:01:53,Chaos Core Set X 39,713456,29251715,41,,
2242,2026-09-24T15:33:20,2026-09-24T08:01:53,Chaos Core Set X 30,703164,22501259,32,,
2243,2026-09-24T15:37:59,2026-09-24T08:01:53,Chaos Core Set X 186,711773,139507625,196,,
2244,2026-09-24T15:40:07,2026-09-24T08:01:53,Chaos Core Set,711002,191259689,269,,
2245,2026-09-24T15:42:44,2026-09-24T08:01:53,Chaos Core Set X 162,710561,121505993,171,,
2246,2026-09-24T15:43:43,2026-09-24T08:01:53,Chaos Core Set,711173,137256404,193,,
2247,2026-09-24T15:48:13,2026-09-24T08:01:53,Chaos Core,697237,697237,1,,
2248,2026-09-24T15:48:50,2026-09-24T08:01:53,Chaos Core Set,710899,245260463,345,,
2249,2026-09-24T15:50:30,2026-09-24T08:01:53,Chaos Core Set,709977,146255459,206,,
2250,2026-09-24T15:51:33,2026-09-24T08:01:53,Chaos Core Set,710202,240758666,339,,
2251,2026-09-24T15:55:06,2026-09-24T08:01:53,Force Core (Ultimate,369147,17349909,47,,
2252,2026-09-24T16:11:48,2026-09-24T08:01:53,Force Core (Ultimate,368988,1106964,3,,
2253,2026-09-24T16:12:47,2026-09-24T08:01:53,Force Core(High,195399,9769950,50,,
2254,2026-09-24T16:13:01,2026-09-24T08:01:53,Force Core(High,195398,2735572,14,,
2255,2026-09-24T16:19:41,2026-09-24T08:01:53,Chaos Core,712814,712814,1,,
2256,2026-09-24T16:21:16,2026-09-24T08:01:53,Force Core (Ultimate,368980,2582860,7,,
2257,2026-09-24T16:22:27,2026-09-24T08:01:53,Force Core(High,195388,976940,5,,
2258,2026-09-24T16:24:39,2026-09-24T08:01:53,Chaos Core,728267,728267,1,,
2259,2026-09-24T16:35:36,2026-09-24T08:01:53,Chaos Core,747429,747429,1,,
2260,2026-09-24T16:38:29,2026-09-24T08:01:53,Force Core(High,195378,1563024,8,,
2261,2026-09-24T16:40:31,2026-09-24T08:01:53,Chaos Core,747255,747255,1,,
2262,2026-09-24T16:42:06,2026-09-24T08:01:53,Force Core (Ultimate,368965,7379300,20,,
2263,2026-09-24T16:47:55,2026-09-24T08:01:53,Force Core(High,195366,390732,2,,
2264,2026-09-24T16:48:08,2026-09-24T08:01:53,Force Core(High,195365,1953650,10,,
2265,2026-09-24T16:52:46,2026-09-24T08:01:53,Force Core(Highest,202849,8113960,40,,
2266,2026-09-24T16:56:41,2026-09-24T08:01:53,Force Core (Ultimate,368951,19185452,52,,
2267,2026-09-24T17:13:56,2026-09-24T08:01:53,Chaos Core,711389,711389,1,,
2268,2026-09-24T17:16:50,2026-09-24T08:01:53,Force Core(High,195327,11719620,60,,
2269,2026-09-24T17:24:50,2026-09-24T08:01:53,Force Core (Ultimate,368927,10698883,29,,
2270,2026-09-24T17:25:52,2026-09-24T08:01:53,Force Core(High,195317,1953170,10,,
2271,2026-09-24T17:41:50,2026-09-24T08:01:53,Armor Account bind Unseal Stone,195781544,195781544,1,,
2272,2026-09-24T17:49:22,2026-09-24T08:01:53,Force Core(High,195285,976425,5,,
2273,2026-09-24T17:49:36,2026-09-24T08:01:53,Force Core(High,195284,976420,5,,
2274,2026-09-24T17:51:43,2026-09-24T08:01:53,Armor Account bind Unseal Stone,195781544,195781544,1,,
2275,2026-09-24T17:52:55,2026-09-24T08:01:53,Chaos Core,701970,701970,1,,
2276,2026-09-24T17:57:47,2026-09-24T08:01:53,Chaos Core,722479,722479,1,,
2277,2026-09-24T18:02:41,2026-09-24T08:01:53,Chaos Core,699438,699438,1,,
2278,2026-09-24T18:07:35,2026-09-24T08:01:53,Chaos Core,698195,698195,1,,
2279,2026-09-24T18:17:08,2026-09-24T08:01:53,Chaos Core,696264,696264,1,,
2280,2026-09-24T18:23:25,2026-09-24T08:01:53,Chaos Core,695641,695641,1,,
2281,2026-09-24T18:30:59,2026-09-24T08:01:53,Force Core(High,195226,25379380,130,,
2282,2026-09-24T18:33:00,2026-09-24T08:01:53,Chaos Core,693769,693769,1,,
2283,2026-09-24T18:35:45,2026-09-24T08:01:53,Force Core (Ultimate,368861,85575752,232,,
2284,2026-09-24T18:40:56,2026-09-24T08:01:53,Force Core(High,195217,15422143,79,,
2285,2026-09-24T23:23:40,2026-09-24T23:19:23,Upgrade Core (Ultimate,444693,444693,1,,
2286,2026-09-24T23:23:44,2026-09-24T23:19:23,Chaos Core Set X 109,731345,78253934,107,,
2287,2026-09-24T23:23:54,2026-09-24T23:19:23,Upgrade Core (Ultimate,444692,1334076,3,,
2288,2026-09-24T23:23:57,2026-09-24T23:19:23,Chaos Core Set X 210,728010,152882309,210,,
2289,2026-09-24T23:24:10,2026-09-24T23:19:23,Chaos Core Set X 95,727934,69153730,95,,
2290,2026-09-24T23:24:22,2026-09-24T23:19:23,Chaos Core,716553,1433106,2,,
2291,2026-09-24T23:24:48,2026-09-24T23:19:23,Chaos Core Set X 210,728007,152881679,210,,
2292,2026-09-24T23:25:02,2026-09-24T23:19:23,Chaos Core Set X 504,728030,366927623,504,,
2293,2026-09-24T23:26:19,2026-09-24T23:19:23,Force Core(Highest,199868,34377296,172,,
2294,2026-09-24T23:26:56,2026-09-24T23:19:23,Force Core(High,195215,27330100,140,,
2295,2026-09-24T23:27:05,2026-09-24T23:19:23,Force Core (Ultimate,368853,73770600,200,,
2296,2026-09-24T23:27:15,2026-09-24T23:19:23,Force Core(High,195212,15616960,80,,
2297,2026-09-24T23:28:13,2026-09-24T23:19:23,Astral Core(Palladium) X 127,1535,194945,127,,
2298,2026-09-24T23:37:26,2026-09-24T23:19:23,Chaos Core,724316,724316,1,,
2299,2026-09-24T23:38:01,2026-09-24T23:19:23,Chaos Core Set,728034,24025154,33,,
2300,2026-09-24T23:39:54,2026-09-24T23:19:23,Force Core(Piece) X 127,1572,2397240,1524,,
2301,2026-09-24T23:40:10,2026-09-24T23:19:23,Chaos Core Set,727360,265486547,365,,
2302,2026-09-24T23:41:55,2026-09-24T23:19:23,Chaos Core Set,726228,114744032,158,,
2303,2026-09-24T23:42:21,2026-09-24T23:19:23,Chaos Core Set,729453,186740039,256,,
2304,2026-09-24T23:45:31,2026-09-24T23:19:23,Chaos Core,724443,724443,1,,
2305,2026-09-24T23:46:17,2026-09-24T23:19:23,Force Core(Highest,199716,39344052,197,,
2306,2026-09-24T23:46:20,2026-09-24T23:19:23,Force Core(Highest,199715,6790310,34,,
2307,2026-09-24T23:46:24,2026-09-24T23:19:23,Force Core(Highest,199714,37546232,188,,
2308,2026-09-24T23:47:26,2026-09-24T23:19:23,Chaos Core Set,728829,155240684,213,,
2309,2026-09-24T23:58:10,2026-09-24T23:19:23,Chaos Core,724419,724419,1,,
2310,2026-09-24T23:59:30,2026-09-24T23:19:23,Upgrade Core (Ultimate,449792,61621504,137,,
2311,2026-09-24T23:59:46,2026-09-24T23:19:23,Chaos Core Set,729123,236236139,324,,
2312,2026-09-25T00:00:19,2026-09-24T23:19:23,Upgrade Core (Ultimate,449790,105700650,235,,
2313,2026-09-25T00:00:22,2026-09-24T23:19:23,Upgrade Core (Ultimate,449789,89957800,200,,
2314,2026-09-25T00:00:50,2026-09-24T23:19:23,Chaos Core Set,728900,258759659,355,,
2315,2026-09-25T00:54:46,2026-09-25T00:44:46,Force Core (Ultimate,368764,14750560,40,,
2316,2026-09-25T00:55:00,2026-09-25T00:44:46,Chaos Core Set X 183,750031,137255855,183,,
2317,2026-09-25T00:56:58,2026-09-25T00:44:46,Chaos Core Set X 33,750030,24751022,33,,
2318,2026-09-25T01:13:43,2026-09-25T00:44:46,Chaos Core,738837,738837,1,,
2319,2026-09-25T01:20:06,2026-09-25T00:44:46,Chaos Core,739312,739312,1,,
2320,2026-09-25T01:22:03,2026-09-25T00:44:46,Force Core(Highest,197995,4157895,21,,
2321,2026-09-25T01:25:25,2026-09-25T00:44:46,Chaos Core,659334,659334,1,,
2322,2026-09-25T01:37:06,2026-09-25T00:44:46,Chaos Core,649307,649307,1,,
2323,2026-09-25T01:39:02,2026-09-25T00:44:46,Force Core(Highest,197990,197990,1,,
2324,2026-09-25T01:39:16,2026-09-25T00:44:46,Chaos Core Set X 165,750636,123855104,165,,
2325,2026-09-25T01:39:32,2026-09-25T00:44:46,Chaos Core Set X 162,750635,121603031,162,,
2326,2026-09-25T01:39:53,2026-09-25T00:44:46,Chaos Core Set X 198,750634,148625729,198,,
2327,2026-09-25T01:47:30,2026-09-25T01:46:32,Force Core (Ultimate,359945,3599450,10,,
2328,2026-09-25T01:47:35,2026-09-25T01:46:32,Chaos Core Set X 3,745492,2236478,3,,
2329,2026-09-25T01:54:57,2026-09-25T01:53:58,Force Core (Ultimate,359945,1799725,5,,
2330,2026-09-25T07:58:32,2026-09-25T07:54:15,Force Core (Ultimate,359944,3239496,9,,
2331,2026-09-25T07:58:49,2026-09-25T07:54:15,Force Core (Ultimate,359947,1799735,5,,
2332,2026-09-25T07:58:53,2026-09-25T07:54:15,Force Core(High,185930,9296500,50,,
2333,2026-09-25T07:59:08,2026-09-25T07:54:15,Force Core(High,185930,21753810,117,,
2334,2026-09-25T07:59:37,2026-09-25T07:54:15,Force Core(High,185930,18778930,101,,
2335,2026-09-25T07:59:40,2026-09-25T07:54:15,Force Core (Ultimate,359946,89986500,250,,
2336,2026-09-25T07:59:44,2026-09-25T07:54:15,Force Core (Ultimate,359945,11878185,33,,
2337,2026-09-25T07:59:47,2026-09-25T07:54:15,Chaos Core Set X 252,728156,187864487,258,,
2338,2026-09-25T07:59:51,2026-09-25T07:54:15,Chaos Core Set X 213,727772,158654327,218,,
2339,2026-09-25T07:59:55,2026-09-25T07:54:15,Force Core(Highest,197983,12670912,64,,
2340,2026-09-25T08:00:22,2026-09-25T07:54:15,Chaos Core Set X 291,727979,216937880,298,,
2341,2026-09-25T08:00:31,2026-09-25T07:54:15,Force Core(Highest,197982,45139896,228,,
2342,2026-09-25T08:00:41,2026-09-25T07:54:15,Chaos Core Set X 207,727287,154184984,212,,
2343,2026-09-25T08:00:56,2026-09-25T07:54:15,Chaos Core Set X 234,729134,174263075,239,,
2344,2026-09-25T08:01:17,2026-09-25T07:54:15,Chaos Core Set X 249,728087,181293911,249,,
2345,2026-09-25T08:01:33,2026-09-25T07:54:15,Chaos Core Set X 249,728086,181293661,249,,
2346,2026-09-25T08:02:02,2026-09-25T07:54:15,Chaos Core Set X 36,728086,26211096,36,,
2347,2026-09-25T08:06:00,2026-09-25T07:54:15,Chaos Core Set X 201,729129,148742412,204,,
2348,2026-09-25T08:06:24,2026-09-25T07:54:15,Force Core(Highest,196996,1969960,10,,
2349,2026-09-25T08:16:02,2026-09-25T07:54:15,Chaos Core,719336,1438672,2,,
2350,2026-09-25T08:17:26,2026-09-25T07:54:15,Force Core(High,185875,8364375,45,,
2351,2026-09-25T08:18:25,2026-09-25T07:54:15,Force Core (Ultimate),368842,7376840,20,,
2352,2026-09-25T08:20:20,2026-09-25T07:54:15,Force Core(High,185873,4275079,23,,
2353,2026-09-25T08:20:36,2026-09-25T07:54:15,Force Core(Highest,196989,19304922,98,,
2354,2026-09-25T08:21:36,2026-09-25T07:54:15,Force Core(High,185869,14869520,80,,
2355,2026-09-25T08:27:08,2026-09-25T07:54:15,Force Core(Highest,196985,3939700,20,,
2356,2026-09-25T08:29:57,2026-09-25T07:54:15,Chaos Core,715927,715927,1,,
2357,2026-09-25T08:30:57,2026-09-25T07:54:15,Upgrade Core (Ultimate,536843,20400034,38,,
2358,2026-09-25T08:34:25,2026-09-25T07:54:15,Chaos Core,722574,722574,1,,
2359,2026-09-25T08:46:22,2026-09-25T07:54:15,Chaos Core Set,728066,115762652,159,,
2360,2026-09-25T08:51:38,2026-09-25T07:54:15,Chaos Core Set X 195,728065,141972869,195,,
2361,2026-09-25T08:54:32,2026-09-25T07:54:15,Force Core (Ultimate,368840,19917360,54,,
2362,2026-09-25T08:54:36,2026-09-25T07:54:15,Force Core(High,185835,11335935,61,,
2363,2026-09-25T08:55:03,2026-09-25T07:54:15,Chaos Core Set X 138,728065,100473107,138,,
2364,2026-09-25T08:58:15,2026-09-25T07:54:15,Chaos Core,718487,718487,1,,
2365,2026-09-25T08:59:27,2026-09-25T07:54:15,Force Core(High,185830,185830,1,,
2366,2026-09-25T09:00:15,2026-09-25T07:54:15,Force Core(High,185825,743300,4,,
2367,2026-09-25T09:05:00,2026-09-25T07:54:15,Chaos Core Set X 249,728051,181284947,249,,
2368,2026-09-25T09:06:11,2026-09-25T07:54:15,Chaos Core Set X 321,728050,233704370,321,,
2369,2026-09-25T09:09:49,2026-09-25T07:54:15,Chaos Core,720583,720583,1,,
2370,2026-09-25T09:11:12,2026-09-25T07:54:15,Chaos Core Set X 87,728048,63340262,87,,
2371,2026-09-25T09:13:09,2026-09-25T07:54:15,Force Core(High,185813,5574390,30,,
2372,2026-09-25T09:13:34,2026-09-25T07:54:15,Chaos Core Set,728048,115759790,159,,
2373,2026-09-25T10:42:23,2026-09-25T10:36:56,Chaos Core,719506,719506,1,,
2374,2026-09-25T10:42:54,2026-09-25T10:36:56,Force Core(Highest,196964,15363192,78,,
2375,2026-09-25T10:43:44,2026-09-25T10:36:56,Force Core(Piece) X 127,1259,1918716,1524,,
2376,2026-09-25T10:44:35,2026-09-25T10:36:56,Chaos Core Set X 201,728041,146336441,201,,
2377,2026-09-25T10:44:58,2026-09-25T10:36:56,Chaos Core Set X 276,728039,200939039,276,,
2378,2026-09-25T10:45:35,2026-09-25T10:36:56,Chaos Core Set X 51,728036,37129886,51,,
2379,2026-09-25T10:45:58,2026-09-25T10:36:56,Chaos Core Set X 237,728035,172544531,237,,
2380,2026-09-25T10:48:01,2026-09-25T10:36:56,Chaos Core Set,728051,159443387,219,,
2381,2026-09-25T10:49:45,2026-09-25T10:36:56,Chaos Core Set,728050,52419671,72,,
2382,2026-09-25T10:58:13,2026-09-25T10:36:56,Chaos Core,713753,713753,1,,
2383,2026-09-25T10:59:13,2026-09-25T10:36:56,Force Core(High,184973,924865,5,,
2384,2026-09-25T10:59:38,2026-09-25T10:36:56,Force Core(Highest,196948,787792,4,,
2385,2026-09-25T10:59:42,2026-09-25T10:36:56,Force Core(High,184972,16277536,88,,
2386,2026-09-25T11:00:10,2026-09-25T10:36:56,Chaos Core Set,728070,200947595,276,,
2387,2026-09-25T11:06:35,2026-09-25T10:36:56,Force Core(High,184967,3699340,20,,
2388,2026-09-25T11:07:35,2026-09-25T10:36:56,Chaos Core Set,728069,65526299,90,,
2389,2026-09-25T11:12:38,2026-09-25T10:36:56,Chaos Core Set X 54,728067,39315671,54,,
2390,2026-09-25T11:14:05,2026-09-25T10:36:56,Chaos Core Set,728066,8736803,12,,
2391,2026-09-25T11:14:38,2026-09-25T10:36:56,Chaos Core Set,728069,137605229,189,,
2392,2026-09-25T11:15:03,2026-09-25T10:36:56,Chaos Core Set,728068,30578897,42,,
2393,2026-09-25T11:15:29,2026-09-25T10:36:56,Chaos Core Set,728067,157262687,216,,
2394,2026-09-25T11:16:19,2026-09-25T10:36:56,Force Core (Ultimate),383896,4222856,11,,
2395,2026-09-25T11:22:50,2026-09-25T10:36:56,Force Core(High,184954,5918528,32,,
2396,2026-09-25T11:23:50,2026-09-25T10:36:56,Force Core(High,184953,554859,3,,
2397,2026-09-25T11:41:11,2026-09-25T11:37:56,Astral Core(Palladium) X 127,1522,967100,635,,
2398,2026-09-25T11:41:15,2026-09-25T11:37:56,Chaos Core,709387,709387,1,,
2399,2026-09-25T11:43:02,2026-09-25T11:37:56,Chaos Core Set X 18,728063,13105151,18,,
2400,2026-09-25T11:44:10,2026-09-25T11:37:56,Chaos Core Set X 21,728062,15289322,21,,
2401,2026-09-25T11:44:26,2026-09-25T11:37:56,Chaos Core Set X 165,728061,120130229,165,,
2402,2026-09-25T11:45:00,2026-09-25T11:37:56,Chaos Core Set X 249,728056,181286192,249,,
2403,2026-09-25T11:48:14,2026-09-25T11:37:56,Chaos Core,728703,2186109,3,,
2404,2026-09-25T11:48:52,2026-09-25T11:37:56,Chaos Core Set X 222,728054,161628209,222,,
2405,2026-09-25T11:49:02,2026-09-25T11:37:56,Force Core(High,184931,3328758,18,,
2406,2026-09-25T11:49:17,2026-09-25T11:37:56,Force Core(High,184930,1849300,10,,
2407,2026-09-25T11:50:05,2026-09-25T11:37:56,Force Core(High,184929,924645,5,,
2408,2026-09-25T11:55:28,2026-09-25T11:37:56,Upgrade Core (Ultimate,535744,107684544,201,,
2409,2026-09-25T11:59:51,2026-09-25T11:37:56,Chaos Core,718846,718846,1,,
2410,2026-09-25T12:00:51,2026-09-25T11:37:56,Upgrade Core (Ultimate,535743,90004824,168,,
2411,2026-09-25T12:00:54,2026-09-25T11:37:56,Upgrade Core (Ultimate,535742,53574200,100,,
2412,2026-09-25T12:01:44,2026-09-25T11:37:56,Force Core(High,184917,1849170,10,,
2413,2026-09-25T12:02:32,2026-09-25T11:37:56,Force Core(Highest,202889,12173340,60,,
2414,2026-09-25T12:02:58,2026-09-25T11:37:56,Upgrade Core (Ultimate),535743,133935750,250,,
2415,2026-09-25T12:03:07,2026-09-25T11:37:56,Upgrade Core (Ultimate),535742,30001552,56,,
2416,2026-09-25T12:05:19,2026-09-25T11:37:56,Chaos Core,739410,739410,1,,
2417,2026-09-25T12:07:27,2026-09-25T11:37:56,Force Core(Highest,202888,10955952,54,,
2418,2026-09-25T12:07:53,2026-09-25T11:37:56,Force Core(Highest,201998,807992,4,,
2419,2026-09-25T12:10:35,2026-09-25T11:37:56,Chaos Core,739371,739371,1,,
2420,2026-09-25T12:12:31,2026-09-25T11:37:56,Chaos Core Set X 12,728042,8736515,12,,
2421,2026-09-25T12:13:17,2026-09-25T11:37:56,Chaos Core Set X 57,728041,41498393,57,,
2422,2026-09-25T12:17:10,2026-09-25T11:37:56,Force Core (Ultimate,383851,38385100,100,,
2423,2026-09-25T12:17:24,2026-09-25T11:37:56,Force Core(High,183985,1839850,10,,
2424,2026-09-25T12:18:23,2026-09-25T11:37:56,Upgrade Core (Ultimate,535735,18750725,35,,
2425,2026-09-25T12:18:32,2026-09-25T11:37:56,Upgrade Core (Ultimate),535733,27322383,51,,
2426,2026-09-25T13:38:46,2026-09-25T13:30:34,Chaos Core,737313,737313,1,,
2427,2026-09-25T13:43:55,2026-09-25T13:30:34,Force Core (Ultimate),383877,15355080,40,,
2428,2026-09-25T13:44:57,2026-09-25T13:30:34,Chaos Core Set X 228,740751,169631999,229,,
2429,2026-09-25T13:45:13,2026-09-25T13:30:34,Chaos Core Set X 207,740422,154007792,208,,
2430,2026-09-25T13:45:28,2026-09-25T13:30:34,Chaos Core Set X 48,743999,35711999,48,,
2431,2026-09-25T14:00:15,2026-09-25T13:56:37,Chaos Core,734966,734966,1,,
2432,2026-09-25T14:03:23,2026-09-25T13:56:37,Palladium Hands(W1) Lalla,999999,1999998,2,,
2433,2026-09-25T14:08:30,2026-09-25T13:56:37,Chaos Core,749482,749482,1,,
2434,2026-09-25T14:13:17,2026-09-25T13:56:37,Force Core(High),184998,1294986,7,,
2435,2026-09-25T14:15:36,2026-09-25T13:56:37,Force Core (Ultimate,383859,3838590,10,,
2436,2026-09-25T14:22:15,2026-09-25T13:56:37,Wexp Saver,64999998,64999998,1,,
2437,2026-09-25T14:24:24,2026-09-25T13:56:37,Upgrade Core (Ultimate,536748,19322928,36,,
2438,2026-09-25T14:25:00,2026-09-25T13:56:37,Force Core(High,184994,9249700,50,,
2439,2026-09-25T14:26:31,2026-09-25T13:56:37,Chaos Core,744641,744641,1,,
2440,2026-09-25T14:28:48,2026-09-25T14:27:57,Chaos Core,747740,747740,1,,
2441,2026-09-25T14:29:17,2026-09-25T14:27:57,Force Core(High,184992,3699840,20,,
2442,2026-09-25T14:31:51,2026-09-25T14:30:44,Chaos Core Set X 144,750648,108093455,144,,
2443,2026-09-25T14:34:51,2026-09-25T14:33:33,Force Core(High,184992,1109952,6,,
2444,2026-09-25T14:53:40,2026-09-25T14:36:48,Force Core (Ultimate,383834,13434190,35,,
2445,2026-09-25T14:54:05,2026-09-25T14:36:48,Chaos Core,745644,745644,1,,
2446,2026-09-25T15:00:06,2026-09-25T14:36:48,Chaos Core,744486,744486,1,,
2447,2026-09-25T15:03:35,2026-09-25T14:36:48,Force Core(High,184987,32927686,178,,
2448,2026-09-25T15:06:11,2026-09-25T14:36:48,Chaos Core,743329,743329,1,,
2449,2026-09-25T15:12:11,2026-09-25T14:36:48,Chaos Core,745045,745045,1,,
2450,2026-09-25T15:18:10,2026-09-25T14:36:48,Chaos Core,744393,744393,1,,
2451,2026-09-25T15:30:25,2026-09-25T14:36:48,Chaos Core,741205,741205,1,,
2452,2026-09-25T16:43:34,2026-09-25T16:39:35,Chaos Core,740583,740583,1,,
2453,2026-09-25T16:52:38,2026-09-25T16:39:35,Chaos Core Set X 252,740260,186545771,252,,
2454,2026-09-25T16:53:58,2026-09-25T16:39:35,Force Core(High,182988,11894220,65,,
2455,2026-09-25T17:04:01,2026-09-25T16:39:35,Chaos Core,716724,716724,1,,
2456,2026-09-25T17:06:20,2026-09-25T16:39:35,Chaos Core Set X 291,740233,215408093,291,,
2457,2026-09-25T17:08:05,2026-09-25T16:39:35,Chaos Core Set X 249,740232,184318016,249,,
2458,2026-09-25T17:10:01,2026-09-25T16:39:35,Chaos Core Set X 267,740231,197641943,267,,
2459,2026-09-25T17:12:05,2026-09-25T16:39:35,Chaos Core Set X 252,740230,186538211,252,,
2460,2026-09-25T17:13:47,2026-09-25T16:39:35,Chaos Core Set X 198,740229,146565539,198,,
2461,2026-09-25T17:16:56,2026-09-25T16:39:35,Chaos Core,716870,716870,1,,
2462,2026-09-25T17:19:13,2026-09-25T16:39:35,Chaos Core Set,740217,182093627,246,,
2463,2026-09-25T17:19:51,2026-09-25T16:39:35,Chaos Core Set,740216,153224918,207,,
2464,2026-09-25T17:20:19,2026-09-25T16:39:35,Chaos Core Set,740212,170989202,231,,
2465,2026-09-25T17:21:57,2026-09-25T16:39:35,Chaos Core Set,740208,151002635,204,,
2466,2026-09-25T17:22:23,2026-09-25T16:39:35,Wexp Saver,62626260,62626260,1,,
2467,2026-09-25T17:25:56,2026-09-25T16:39:35,Force Core (Ultimate,374843,11245290,30,,
2468,2026-09-25T17:26:33,2026-09-25T16:39:35,Force Core (Ultimate,374843,54352235,145,,
2469,2026-09-25T17:28:55,2026-09-25T16:39:35,Force Core (Ultimate,374843,11245290,30,,
2470,2026-09-25T17:29:09,2026-09-25T16:39:35,Chaos Core Set,740202,133236539,180,,
2471,2026-09-25T17:30:05,2026-09-25T16:39:35,Chaos Core Set X 30,740201,22206059,30,,
2472,2026-09-25T17:30:31,2026-09-25T16:39:35,Chaos Core Set,740200,75500501,102,,
2473,2026-09-25T17:34:18,2026-09-25T16:39:35,Force Core(Highest,195487,19548700,100,,
2474,2026-09-25T17:34:54,2026-09-25T16:39:35,Force Core(Highest,195487,39097400,200,,
2475,2026-09-25T17:35:08,2026-09-25T16:39:35,Force Core(Highest,195487,19157726,98,,
2476,2026-09-25T17:37:13,2026-09-25T16:39:35,Chaos Core Set,740199,35529599,48,,
2477,2026-09-25T17:39:44,2026-09-25T16:39:35,Chaos Core,718825,718825,1,,
2478,2026-09-25T17:40:13,2026-09-25T16:39:35,Upgrade Core (Ultimate,476606,9532120,20,,
2479,2026-09-25T17:42:03,2026-09-25T16:39:35,Upgrade Core (Ultimate,476603,25736562,54,,
2480,2026-09-25T19:37:31,2026-09-25T19:36:35,Chaos Core,717470,717470,1,,
2481,2026-09-25T19:37:39,2026-09-25T19:36:35,Chaos Core Set X 48,734419,35986559,49,,
2482,2026-09-25T19:37:43,2026-09-25T19:36:35,Chaos Core Set X 15,749721,11245815,15,,
2483,2026-09-25T19:37:54,2026-09-25T19:36:35,Divine Stone Set X 90,715151,64363679,90,,
2484,2026-09-25T20:15:11,2026-09-25T19:58:18,Slot Extender(High,329899999,329899999,1,,
2485,2026-09-25T20:30:49,2026-09-25T19:58:18,Chaos Core Set X 204,749699,152938799,204,,
2486,2026-09-25T20:47:54,2026-09-25T20:42:23,Upgrade Core (Ultimate,476545,7148175,15,,
2487,2026-09-25T20:50:32,2026-09-25T20:42:23,Chaos Core Set X 165,749688,123698684,165,,
2488,2026-09-25T20:51:01,2026-09-25T20:42:23,Chaos Core Set X 168,749694,125948759,168,,
2489,2026-09-25T20:54:54,2026-09-25T20:42:23,Chaos Core Set X 33,749686,24739670,33,,
2490,2026-09-25T20:55:07,2026-09-25T20:42:23,Chaos Core Set X 6,749685,4498115,6,,
2491,2026-09-25T20:55:26,2026-09-25T20:42:23,Chaos Core Set X 6,749684,4498109,6,,
2492,2026-09-25T20:55:45,2026-09-25T20:42:23,Chaos Core Set X 9,749683,6747155,9,,
2493,2026-09-25T21:46:51,2026-09-25T21:04:43,Palladium Headpiece(BL) (anal (anal,1777774,1777774,1,,
2494,2026-09-25T21:55:40,2026-09-25T21:04:43,Force Core(Highest,195487,8210454,42,,
2495,2026-09-25T22:52:19,2026-09-25T22:48:37,Force Core (Ultimate,374843,7496860,20,,
2496,2026-09-25T22:52:46,2026-09-25T22:48:37,Force Core (Ultimate,374843,16867935,45,,
2497,2026-09-25T22:52:49,2026-09-25T22:48:37,Force Core(Highest,195487,12902142,66,,
2498,2026-09-25T22:53:18,2026-09-25T22:48:37,Force Core(Highest,195487,7428506,38,,
2499,2026-09-26T00:46:11,2026-09-26T00:41:31,Force Core (Ultimate,374843,5247802,14,,
2500,2026-09-26T00:48:05,2026-09-26T00:41:31,Force Core (Ultimate,374843,9745918,26,,
2501,2026-09-26T00:48:33,2026-09-26T00:41:31,Upgrade Core (Ultimate,536711,10734220,20,,
2502,2026-09-26T00:53:17,2026-09-26T00:41:31,Upgrade Core (Ultimate,536613,10732260,20,,
2503,2026-09-26T01:15:25,2026-09-26T01:09:41,"Upgrade Core (Ultimate) if,",536578,12341294,23,,
2504,2026-09-26T01:58:51,2026-09-26T01:09:41,Force Core(High),184998,11099880,60,,
2505,2026-09-26T02:21:29,2026-09-26T01:09:41,Force Core(High,180000,36000000,200,,
2506,2026-09-26T02:26:29,2026-09-26T01:09:41,Force Core(High,180000,4680000,26,,
2507,2026-09-26T02:34:43,2026-09-26T01:09:41,Upgrade Core (Ultimate,519976,129994000,250,,
2508,2026-09-26T02:45:25,2026-09-26T01:09:41,Force Core(Highest,199965,3999300,20,,
2509,2026-09-26T02:46:25,2026-09-26T01:09:41,Upgrade Core (Ultimate,519960,5199600,10,,
2510,2026-09-26T02:47:02,2026-09-26T01:09:41,Upgrade Core (Ultimate,519958,3119748,6,,
2511,2026-09-26T02:48:01,2026-09-26T01:09:41,Upgrade Core (Ultimate,519957,25477893,49,,
2512,2026-09-26T02:53:13,2026-09-26T01:09:41,Force Core(High,180000,9000000,50,,
2513,2026-09-26T02:58:25,2026-09-26T01:09:41,Force Core(Highest,199943,599829,3,,
2514,2026-09-26T03:12:13,2026-09-26T01:09:41,Force Core(Highest,199922,13394774,67,,
2515,2026-09-26T03:23:23,2026-09-26T01:09:41,Upgrade Core (Ultimate,519906,25995300,50,,
2516,2026-09-26T03:24:46,2026-09-26T01:09:41,Upgrade Core (Ultimate,519900,67587000,130,,
2517,2026-09-26T03:29:48,2026-09-26T01:09:41,Force Core(High,180000,1620000,9,,
2518,2026-09-26T03:30:27,2026-09-26T01:09:41,Force Core (Ultimate,399944,1199832,3,,
2519,2026-09-26T03:47:12,2026-09-26T01:09:41,Blessing Bead - Superior,199999999,199999999,1,,
2520,2026-09-26T03:48:05,2026-09-26T01:09:41,Armor Account bind Unseal Stone,199999999,199999999,1,,
2521,2026-09-26T03:51:35,2026-09-26T01:09:41,Upgrade Core (Ultimate,519864,11437008,22,,
2522,2026-09-26T03:51:44,2026-09-26T01:09:41,Force Core (Ultimate,399945,7998900,20,,
2523,2026-09-26T03:59:00,2026-09-26T01:09:41,Force Core(High),179999,3599980,20,,
2524,2026-09-26T04:09:13,2026-09-26T04:01:03,Force Core(High,179997,10799820,60,,
2525,2026-09-26T04:17:21,2026-09-26T04:01:03,Force Core(Highest,199841,1398887,7,,
2526,2026-09-26T04:20:30,2026-09-26T04:01:03,Force Core(High,169995,1529955,9,,
2527,2026-09-26T04:39:45,2026-09-26T04:01:03,Force Core(High,165000,28050000,170,,
2528,2026-09-26T04:44:36,2026-09-26T04:01:03,Force Core (Ultimate,399945,32795490,82,,
2529,2026-09-26T04:44:45,2026-09-26T04:01:03,Force Core (Ultimate,399944,1999720,5,,
2530,2026-09-26T04:44:55,2026-09-26T04:01:03,Force Core (Ultimate,399949,14398164,36,,
2531,2026-09-26T04:49:19,2026-09-26T04:01:03,Force Core(Highest,199807,6593631,33,,
2532,2026-09-26T04:49:44,2026-09-26T04:01:03,Force Core(Highest,199805,32768020,164,,
2533,2026-09-26T04:54:21,2026-09-26T04:01:03,Armor Account bind Unseal Stone,198999999,198999999,1,,
2534,2026-09-26T04:57:44,2026-09-26T04:01:03,Force Core(High,165000,165000,1,,
2535,2026-09-26T05:00:46,2026-09-26T04:01:03,Force Core(Highest,199795,3796105,19,,
2536,2026-09-26T05:09:57,2026-09-26T04:01:03,Chaos Core Set X 171,739780,127242297,172,,
2537,2026-09-26T05:11:28,2026-09-26T04:01:03,Chaos Core Set X 189,736315,140636223,191,,
2538,2026-09-26T05:12:07,2026-09-26T04:01:03,Chaos Core Set X 186,736190,138403902,188,,
2539,2026-09-26T05:12:20,2026-09-26T04:01:03,Chaos Core Set X 249,738177,185282643,251,,
2540,2026-09-26T05:12:46,2026-09-26T04:01:03,Chaos Core Set X 300,736739,223232100,303,,
2541,2026-09-26T05:13:06,2026-09-26T04:01:03,Chaos Core Set X 213,737185,158494791,215,,
2542,2026-09-26T05:16:19,2026-09-26T04:01:03,Chaos Core Set X 18,744107,13393926,18,,
2543,2026-09-26T05:21:02,2026-09-26T04:01:03,Upgrade Core (Ultimate,519723,77438727,149,,
2544,2026-09-26T05:44:09,2026-09-26T04:01:03,Chaos Core Set X 120,737847,89279519,121,,
2545,2026-09-26T05:45:10,2026-09-26T04:01:03,Upgrade Core (Ultimate,519678,19228086,37,,
2546,2026-09-26T05:45:26,2026-09-26T04:01:03,Upgrade Core (Ultimate,519676,25983800,50,,
2547,2026-09-26T05:46:47,2026-09-26T04:01:03,Force Core(High),185928,13014960,70,,
2548,2026-09-26T05:52:49,2026-09-26T04:01:03,Force Core(High),185925,46481250,250,,
2549,2026-09-26T05:52:58,2026-09-26T04:01:03,Force Core(High),185924,15617616,84,,
2550,2026-09-26T05:55:41,2026-09-26T04:01:03,Force Core(Highest,199722,1997220,10,,
2551,2026-09-26T05:56:30,2026-09-26T04:01:03,Upgrade Core (Ultimate,519668,51966800,100,,
2552,2026-09-26T05:57:52,2026-09-26T04:01:03,Force Core(High,185923,8366535,45,,
2553,2026-09-26T06:01:09,2026-09-26T04:01:03,Force Core(Highest,199715,1997150,10,,
2554,2026-09-26T06:03:27,2026-09-26T04:01:03,Force Core(High,185920,185920,1,,
2555,2026-09-26T06:03:41,2026-09-26T04:01:03,Force Core(High),185918,46479500,250,,
2556,2026-09-26T06:03:50,2026-09-26T04:01:03,Force Core(High),185917,3160589,17,,
2557,2026-09-26T06:18:45,2026-09-26T04:01:03,Force Core(High,185916,7436640,40,,
2558,2026-09-26T06:18:59,2026-09-26T04:01:03,Chaos Core Set,743957,44637479,60,,
2559,2026-09-26T06:23:24,2026-09-26T04:01:03,Chaos Core Set X 189,736157,140606171,191,,
2560,2026-09-26T06:24:55,2026-09-26T04:01:03,Chaos Core Set X 282,738707,209793053,284,,
2561,2026-09-26T06:26:14,2026-09-26T04:01:03,Force Core(High,185904,1859040,10,,
2562,2026-09-26T06:28:43,2026-09-26T04:01:03,Upgrade Core (Ultimate,509583,50958300,100,,
2563,2026-09-26T06:29:44,2026-09-26T04:01:03,Upgrade Core (Ultimate,509583,7643745,15,,
2564,2026-09-26T06:36:44,2026-09-26T04:01:03,Force Core(High,185898,5576940,30,,
2565,2026-09-26T06:45:23,2026-09-26T04:01:03,Upgrade Core (Ultimate,509568,1528704,3,,
2566,2026-09-26T06:45:36,2026-09-26T04:01:03,Force Core(High,185886,743544,4,,
2567,2026-09-26T06:46:24,2026-09-26T04:01:03,Force Core(High,185884,11153040,60,,
2568,2026-09-26T06:46:50,2026-09-26T04:01:03,Upgrade Core (Ultimate,509567,23949649,47,,
2569,2026-09-26T06:52:57,2026-09-26T04:01:03,Upgrade Core (Ultimate,509561,18853757,37,,
2570,2026-09-26T06:53:36,2026-09-26T04:01:03,Force Core(High,185880,6505800,35,,
2571,2026-09-26T07:13:05,2026-09-26T07:01:36,Force Core(High,185856,41445888,223,,
2572,2026-09-26T07:13:24,2026-09-26T07:01:36,Force Core(High,185855,1300985,7,,
2573,2026-09-26T07:19:00,2026-09-26T07:01:36,Force Core(High,185850,5017950,27,,
2574,2026-09-26T07:23:59,2026-09-26T07:01:36,Force Core(High,185850,1858500,10,,
2575,2026-09-26T07:30:08,2026-09-26T07:01:36,Chaos Core Set X 18,743852,13389353,18,,
2576,2026-09-26T09:37:22,2026-09-26T09:33:35,Chaos Core Set X 37,743868,27523152,37,,
2577,2026-09-26T09:37:26,2026-09-26T09:33:35,Force Core(Highest,194921,37034990,190,,
2578,2026-09-26T09:37:29,2026-09-26T09:33:35,Force Core(Highest,194920,194920,1,,
2579,2026-09-26T09:38:08,2026-09-26T09:33:35,Force Core (Ultimate,399795,71163510,178,,
2580,2026-09-26T09:38:12,2026-09-26T09:33:35,Force Core(Highest,194917,41127487,211,,
2581,2026-09-26T09:38:15,2026-09-26T09:33:35,Chaos Core Set X 336,743852,249934607,336,,
2582,2026-09-26T09:38:19,2026-09-26T09:33:35,Force Core(High,185842,185842,1,,
2583,2026-09-26T09:38:22,2026-09-26T09:33:35,Chaos Core Set X 312,743851,232081823,312,,
2584,2026-09-26T09:38:34,2026-09-26T09:33:35,Chaos Core Set X 18,743850,13389317,18,,
2585,2026-09-26T09:38:50,2026-09-26T09:33:35,Force Core(High,185841,16725690,90,,
2586,2026-09-26T09:39:00,2026-09-26T09:33:35,Chaos Core Set X 183,743849,136124549,183,,
2587,2026-09-26T09:39:16,2026-09-26T09:33:35,Chaos Core Set X 111,743848,82567238,111,,
2588,2026-09-26T09:40:02,2026-09-26T09:33:35,Chaos Core Set X 336,743841,249930911,336,,
2589,2026-09-26T09:40:17,2026-09-26T09:33:35,Force Core(High,185843,27690607,149,,
2590,2026-09-26T09:40:26,2026-09-26T09:33:35,Chaos Core Set X 336,743839,249930229,336,,
2591,2026-09-26T09:47:22,2026-09-26T09:33:35,Upgrade Core (Ultimate,471995,25487730,54,,
2592,2026-09-26T09:47:36,2026-09-26T09:33:35,Force Core (Ultimate,399783,5996745,15,,
2593,2026-09-26T09:56:41,2026-09-26T09:33:35,Force Core(High,182994,21044310,115,,
2594,2026-09-26T10:42:19,2026-09-26T10:38:58,Upgrade Core (Ultimate,471873,14156190,30,,
2595,2026-09-26T10:44:36,2026-09-26T10:38:58,Force Core(Highest,194930,26900340,138,,
2596,2026-09-26T10:44:50,2026-09-26T10:38:58,Force Core (Ultimate,399768,3997680,10,,
2597,2026-09-26T10:52:27,2026-09-26T10:38:58,Force Core(High,182975,5489250,30,,
2598,2026-09-26T10:53:38,2026-09-26T10:38:58,Chaos Core Set,730536,203819557,279,,
2599,2026-09-26T10:53:53,2026-09-26T10:38:58,Chaos Core Set,729767,153980882,211,,
2600,2026-09-26T11:01:00,2026-09-26T10:38:58,Upgrade Core (Ultimate,471846,8965074,19,,
2601,2026-09-26T11:04:51,2026-09-26T10:38:58,Upgrade Core (Ultimate,471844,14155320,30,,
2602,2026-09-26T11:05:27,2026-09-26T10:38:58,Upgrade Core (Ultimate,471841,16986276,36,,
2603,2026-09-26T11:07:00,2026-09-26T10:38:58,Force Core (Ultimate,399731,4397041,11,,
2604,2026-09-26T11:14:40,2026-09-26T10:38:58,Force Core(High,182945,731780,4,,
2605,2026-09-26T11:19:35,2026-09-26T10:38:58,Upgrade Core (Ultimate,471824,46238752,98,,
2606,2026-09-26T11:21:30,2026-09-26T10:38:58,Chaos Core Set,725975,46462436,64,,
2607,2026-09-26T11:22:44,2026-09-26T10:38:58,Arionell,309999999,309999999,1,,
2608,2026-09-26T11:28:14,2026-09-26T10:38:58,Upgrade Core (Ultimate,471786,56614320,120,,
2609,2026-09-26T11:28:28,2026-09-26T10:38:58,Upgrade Core (Ultimate,471785,18871400,40,,
2610,2026-09-26T12:11:30,2026-09-26T10:38:58,Force Core (Ultimate,399657,399657,1,,
2611,2026-09-26T12:27:28,2026-09-26T10:38:58,Upgrade Core (Ultimate,471698,41981122,89,,
2612,2026-09-26T12:35:44,2026-09-26T10:38:58,Armor Account bind Unseal Stone,199000000,199000000,1,,
2613,2026-09-26T12:37:35,2026-09-26T10:38:58,Upgrade Core (Ultimate,471691,2830146,6,,
2614,2026-09-26T12:39:07,2026-09-26T10:38:58,Force Core(Highest,189888,14431488,76,,
2615,2026-09-26T12:45:41,2026-09-26T10:38:58,Force Core(High,178288,30665536,172,,
2616,2026-09-26T12:45:55,2026-09-26T10:38:58,Force Core(High,178288,44572000,250,,
2617,2026-09-26T12:51:24,2026-09-26T10:38:58,Force Core(High,178288,9805840,55,,
2618,2026-09-26T12:51:27,2026-09-26T10:38:58,Force Core(High,178288,12301872,69,,
2619,2026-09-26T23:06:42,2026-09-26T22:52:18,Force Core(High,188898,4533552,24,,
2620,2026-09-26T23:06:54,2026-09-26T22:52:18,Force Core(Highest,199495,37305565,187,,
2621,2026-09-26T23:07:07,2026-09-26T22:52:18,Force Core(Highest,199494,47679066,239,,
2622,2026-09-26T23:07:28,2026-09-26T22:52:18,Force Core(Highest,199493,1994930,10,,
2623,2026-09-26T23:10:23,2026-09-26T22:52:18,Chaos Core Set X 270,723964,196918290,272,,
2624,2026-09-26T23:12:08,2026-09-26T22:52:18,Chaos Core Set X 354,725229,258181758,356,,
2625,2026-09-26T23:17:55,2026-09-26T22:52:18,Force Core(High,188894,18889400,100,,
2626,2026-09-26T23:18:07,2026-09-26T22:52:18,Force Core(Highest,199488,10971840,55,,
2627,2026-09-26T23:18:11,2026-09-26T22:52:18,Force Core(Highest,199487,2194357,11,,
2628,2026-09-26T23:18:19,2026-09-26T22:52:18,Force Core(Highest,199489,1196934,6,,
2629,2026-09-26T23:18:35,2026-09-26T22:52:18,Upgrade Core (Ultimate,469715,41334920,88,,
2630,2026-09-26T23:37:35,2026-09-26T23:30:33,Upgrade Core (Ultimate,469694,84075226,179,,
2631,2026-09-26T23:37:47,2026-09-26T23:30:33,Upgrade Core (Ultimate,469693,20196799,43,,
2632,2026-09-26T23:43:06,2026-09-26T23:30:33,Upgrade Core (Ultimate,469681,2348405,5,,
2633,2026-09-26T23:47:05,2026-09-26T23:30:33,Force Core(High,188868,3777360,20,,
2634,2026-09-26T23:47:17,2026-09-26T23:30:33,Force Core(High,188867,5666010,30,,
2635,2026-09-26T23:47:39,2026-09-26T23:30:33,Upgrade Core (Ultimate,469674,11272176,24,,
2636,2026-09-26T23:48:09,2026-09-26T23:30:33,Force Core (Ultimate,410965,20137285,49,,
2637,2026-09-26T23:56:54,2026-09-26T23:30:33,Upgrade Core (Ultimate,469663,4696630,10,,
2638,2026-09-27T00:00:00,2026-09-26T23:30:33,Force Core(Highest,199444,4188324,21,,
2639,2026-09-27T00:02:21,2026-09-26T23:30:33,Upgrade Core (Ultimate,469660,1878640,4,,
2640,2026-09-27T00:04:14,2026-09-26T23:30:33,Upgrade Core (Ultimate,469657,1408971,3,,
2641,2026-09-27T00:08:12,2026-09-26T23:30:33,Chaos Core Set X 192,724910,139182911,192,,
2642,2026-09-27T00:08:52,2026-09-26T23:30:33,Chaos Core Set X 123,724910,89164052,123,,
2643,2026-09-27T00:12:07,2026-09-26T23:30:33,Force Core(High,188841,3776820,20,,
2644,2026-09-27T00:12:43,2026-09-26T23:30:33,Force Core (Ultimate,356338,2138028,6,,
2645,2026-09-27T00:14:35,2026-09-26T23:30:33,Force Core (Ultimate,410945,8218900,20,,
2646,2026-09-27T00:21:18,2026-09-26T23:30:33,Force Core(High,188829,14917491,79,,
2647,2026-09-27T00:23:15,2026-09-26T23:30:33,Force Core(Highest,199413,19941300,100,,
2648,2026-09-27T00:40:59,2026-09-27T00:37:47,Chaos Core Set X 96,724872,69587807,96,,
2649,2026-09-27T00:41:07,2026-09-27T00:37:47,Chaos Core Set X 18,724871,13047695,18,,
2650,2026-09-27T00:41:15,2026-09-27T00:37:47,Chaos Core Set X 18,724870,13047677,18,,
2651,2026-09-27T00:43:30,2026-09-27T00:37:47,Force Core(Highest,199407,5583396,28,,
2652,2026-09-27T00:44:12,2026-09-27T00:37:47,Chaos Core Set X 348,724877,252257543,348,,
2653,2026-09-27T00:45:25,2026-09-27T00:37:47,Chaos Core Set X 105,724876,76112084,105,,
2654,2026-09-27T00:45:42,2026-09-27T00:37:47,Force Core (Ultimate,410932,41093200,100,,
2655,2026-09-27T00:49:59,2026-09-27T00:37:47,Chaos Core Set,724867,169619111,234,,
2656,2026-09-27T01:01:33,2026-09-27T00:37:47,Force Core(High,188787,1510296,8,,
2657,2026-09-27T01:01:45,2026-09-27T00:37:47,Upgrade Core (Ultimate,469589,11270136,24,,
2658,2026-09-27T01:04:29,2026-09-27T00:37:47,Force Core(Highest,199369,4585487,23,,
2659,2026-09-27T01:09:59,2026-09-27T00:37:47,Chaos Core Set,724916,108737549,150,,
2660,2026-09-27T01:10:47,2026-09-27T00:37:47,Upgrade Core (Ultimate,469577,469577,1,,
2661,2026-09-27T01:11:23,2026-09-27T00:37:47,Chaos Core Set X 132,724915,95688911,132,,
2662,2026-09-27T01:13:06,2026-09-27T00:37:47,Upgrade Core (Ultimate,469576,9391520,20,,
2663,2026-09-27T01:19:50,2026-09-27T00:37:47,Force Core(Highest,199346,9767954,49,,
2664,2026-09-27T01:36:39,2026-09-27T00:37:47,Upgrade Core (Ultimate,469556,17373572,37,,
2665,2026-09-27T01:38:36,2026-09-27T00:37:47,Upgrade Core (Ultimate,469554,2817324,6,,
2666,2026-09-27T01:38:56,2026-09-27T00:37:47,Upgrade Core (Ultimate,469555,1878220,4,,
2667,2026-09-27T01:39:18,2026-09-27T00:37:47,Chaos Core Set,727271,106181615,146,,
2668,2026-09-27T01:42:46,2026-09-27T00:37:47,Upgrade Core (Ultimate,469551,12208326,26,,
2669,2026-09-27T01:42:58,2026-09-27T00:37:47,Chaos Core Set X 391,724913,283441373,391,,
2670,2026-09-27T01:52:38,2026-09-27T00:37:47,Chaos Core Set,725840,146619851,202,,
2671,2026-09-27T02:05:40,2026-09-27T00:37:47,Force Core(Highest,199287,597861,3,,
2672,2026-09-27T02:06:26,2026-09-27T00:37:47,Upgrade Core (Ultimate,469537,20190091,43,,
2673,2026-09-27T02:06:30,2026-09-27T00:37:47,Chaos Core Set,723638,181633298,251,,
2674,2026-09-27T02:14:46,2026-09-27T00:37:47,Force Core(Highest,199263,199263,1,,
2675,2026-09-27T02:14:58,2026-09-27T00:37:47,Force Core(Highest,199262,41845020,210,,
2676,2026-09-27T02:15:06,2026-09-27T00:37:47,Force Core(Highest,199261,797044,4,,
2677,2026-09-27T02:15:56,2026-09-27T00:37:47,Chaos Core Set X 249,723617,181628069,251,,
2678,2026-09-27T02:19:26,2026-09-27T00:37:47,Force Core(High,188687,1132122,6,,
2679,2026-09-27T02:21:24,2026-09-27T00:37:47,Upgrade Core (Ultimate,458995,6884925,15,,
2680,2026-09-27T02:21:39,2026-09-27T00:37:47,Chaos Core Set X 237,726361,172873961,238,,
2681,2026-09-27T02:25:31,2026-09-27T00:37:47,Upgrade Core (Ultimate,458988,60586416,132,,
2682,2026-09-27T02:25:43,2026-09-27T00:37:47,Chaos Core Set X 63,729417,45953333,63,,
2683,2026-09-27T02:27:58,2026-09-27T00:37:47,Force Core(High,188673,1886730,10,,
2684,2026-09-27T02:33:14,2026-09-27T00:37:47,Force Core(High,188668,12263420,65,,
2685,2026-09-27T02:33:31,2026-09-27T00:37:47,Force Core(High,188667,9056016,48,,
2686,2026-09-27T02:33:35,2026-09-27T00:37:47,Force Core(High,188666,377332,2,,
2687,2026-09-27T02:35:08,2026-09-27T00:37:47,Force Core(Highest,199231,3984620,20,,
2688,2026-09-27T02:35:42,2026-09-27T00:37:47,Chaos Core Set,729450,35013647,48,,
2689,2026-09-27T02:42:10,2026-09-27T00:37:47,Force Core(High,188664,5659920,30,,
2690,2026-09-27T02:47:55,2026-09-27T00:37:47,Force Core(Highest,199216,597648,3,,
2691,2026-09-27T02:56:21,2026-09-27T00:37:47,Upgrade Core (Ultimate,458954,26619332,58,,
2692,2026-09-27T02:57:45,2026-09-27T00:37:47,Force Core(High,187998,3759960,20,,
2693,2026-09-27T02:59:05,2026-09-27T00:37:47,Upgrade Core (Ultimate,458952,10555896,23,,
2694,2026-09-27T03:04:57,2026-09-27T00:37:47,Force Core(High,187989,10527384,56,,
2695,2026-09-27T03:05:23,2026-09-27T00:37:47,Force Core (Ultimate,400817,8016340,20,,
2696,2026-09-27T03:07:10,2026-09-27T00:37:47,Force Core(High,187991,18799100,100,,
2697,2026-09-27T03:07:32,2026-09-27T00:37:47,Upgrade Core (Ultimate),458947,17898933,39,,
2698,2026-09-27T03:09:25,2026-09-27T00:37:47,Chaos Core Set,726044,153195419,211,,
2699,2026-09-27T03:13:56,2026-09-27T00:37:47,Force Core(High,187986,1503888,8,,
2700,2026-09-27T03:14:08,2026-09-27T00:37:47,Force Core(High,187985,6767460,36,,
2701,2026-09-27T03:16:54,2026-09-27T00:37:47,Force Core (Ultimate,396020,39602000,100,,
2702,2026-09-27T03:17:11,2026-09-27T00:37:47,Force Core (Ultimate,396019,39601900,100,,
2703,2026-09-27T03:19:04,2026-09-27T00:37:47,Chaos Core Set X 144,724466,105047711,145,,
2704,2026-09-27T03:22:44,2026-09-27T00:37:47,Force Core(Highest,199183,1991830,10,,
2705,2026-09-27T03:27:01,2026-09-27T00:37:47,Upgrade Core (Ultimate,458930,47269790,103,,
2706,2026-09-27T03:27:16,2026-09-27T00:37:47,Force Core(Highest,199178,1991780,10,,
2707,2026-09-27T03:27:43,2026-09-27T00:37:47,Chaos Core Set X 99,722206,72220697,100,,
2708,2026-09-27T03:28:58,2026-09-27T00:37:47,Upgrade Core (Ultimate,458932,114733000,250,,
2709,2026-09-27T03:29:02,2026-09-27T00:37:47,Upgrade Core (Ultimate,458931,26159067,57,,
2710,2026-09-27T03:32:26,2026-09-27T00:37:47,Force Core (Ultimate,396004,396004,1,,
2711,2026-09-27T03:33:56,2026-09-27T00:37:47,Chaos Core Set X 195,726053,142306514,196,,
2712,2026-09-27T03:39:10,2026-09-27T00:37:47,Chaos Core Set X 159,725215,116034542,160,,
2713,2026-09-27T03:39:47,2026-09-27T00:37:47,Chaos Core Set X 36,729775,26271935,36,,
2714,2026-09-27T03:40:00,2026-09-27T00:37:47,Chaos Core Set,724741,105087455,145,,
2715,2026-09-27T03:48:27,2026-09-27T00:37:47,Force Core(Highest,199165,597495,3,,
2716,2026-09-27T03:50:44,2026-09-27T00:37:47,Chaos Core Set,729773,15325253,21,,
2717,2026-09-27T03:50:52,2026-09-27T00:37:47,Chaos Core Set,729773,37218473,51,,
2718,2026-09-27T03:51:00,2026-09-27T00:37:47,Chaos Core Set,725034,111655268,154,,
2719,2026-09-27T03:51:30,2026-09-27T00:37:47,Upgrade Core (Ultimate),458915,17897685,39,,
2720,2026-09-27T03:51:47,2026-09-27T00:37:47,Chaos Core Set,729771,32839739,45,,
2721,2026-09-27T03:56:01,2026-09-27T00:37:47,Force Core(High,187955,9397750,50,,
2722,2026-09-27T03:56:14,2026-09-27T00:37:47,Upgrade Core (Ultimate,458912,1376736,3,,
2723,2026-09-27T03:56:26,2026-09-27T00:37:47,Chaos Core Set X 93,727594,66938702,92,,
2724,2026-09-27T03:56:34,2026-09-27T00:37:47,Chaos Core Set,723386,143954000,199,,
2725,2026-09-27T04:05:05,2026-09-27T00:37:47,Force Core(High,187943,1503544,8,,
2726,2026-09-27T04:07:56,2026-09-27T00:37:47,Force Core(Highest,199144,1991440,10,,
2727,2026-09-27T04:09:06,2026-09-27T00:37:47,Force Core(High,187935,3946635,21,,
2728,2026-09-27T04:23:56,2026-09-27T04:17:13,Chaos Core Set X 114,729773,83194235,114,,
2729,2026-09-27T04:24:14,2026-09-27T04:17:13,Chaos Core Set X 78,729773,56922371,78,,
2730,2026-09-27T04:24:32,2026-09-27T04:17:13,Chaos Core Set,729773,96330167,132,,
2731,2026-09-27T04:26:07,2026-09-27T04:17:13,Force Core (Ultimate,395963,11878890,30,,
2732,2026-09-27T04:35:45,2026-09-27T04:17:13,Force Core(Highest,199130,3982600,20,,
2733,2026-09-27T04:37:15,2026-09-27T04:17:13,Chaos Core Set,729772,175145519,240,,
2734,2026-09-27T04:38:48,2026-09-27T04:17:13,Force Core (Ultimate,395958,11878740,30,,
2735,2026-09-27T04:40:04,2026-09-27T04:17:13,Force Core(Highest,199126,7965040,40,,
2736,2026-09-27T04:50:35,2026-09-27T04:17:13,Force Core(High,187905,1503240,8,,
2737,2026-09-27T04:53:47,2026-09-27T04:17:13,Force Core(High,187900,11274000,60,,
2738,2026-09-27T04:56:16,2026-09-27T04:17:13,Force Core (Ultimate,395939,19796950,50,,
2739,2026-09-27T04:56:33,2026-09-27T04:17:13,Force Core (Ultimate,395938,18609086,47,,
2740,2026-09-27T04:56:58,2026-09-27T04:17:13,Force Core(Highest,198998,3780962,19,,
2741,2026-09-27T05:06:01,2026-09-27T04:17:13,Force Core(High,187892,11273520,60,,
2742,2026-09-27T05:06:47,2026-09-27T04:17:13,Chaos Core Set,729771,212363651,291,,
2743,2026-09-27T05:08:14,2026-09-27T04:17:13,Chaos Core Set,729769,181712729,249,,
2744,2026-09-27T05:12:38,2026-09-27T04:17:13,Force Core(High,187890,17473770,93,,
2745,2026-09-27T05:13:38,2026-09-27T04:17:13,Upgrade Core (Ultimate,458859,5047449,11,,
2746,2026-09-27T05:16:27,2026-09-27T04:17:13,Force Core(Highest,198984,5969520,30,,
2747,2026-09-27T05:17:03,2026-09-27T04:17:13,Force Core(Highest,198982,9949100,50,,
2748,2026-09-27T05:21:42,2026-09-27T04:17:13,Force Core(Highest,198978,6765252,34,,
2749,2026-09-27T05:27:05,2026-09-27T04:17:13,Upgrade Core (Ultimate,458846,4588460,10,,
2750,2026-09-27T05:31:55,2026-09-27T04:17:13,Force Core(High,186991,5609730,30,,
2751,2026-09-27T05:32:07,2026-09-27T04:17:13,Force Core(High,186990,3739800,20,,
2752,2026-09-27T05:41:41,2026-09-27T04:17:13,Upgrade Core (Ultimate,458795,9175900,20,,
2753,2026-09-27T05:41:53,2026-09-27T04:17:13,Force Core (Ultimate,395897,21774335,55,,
2754,2026-09-27T05:46:21,2026-09-27T04:17:13,Force Core(High,179230,39430600,220,,
2755,2026-09-27T05:46:36,2026-09-27T04:17:13,Upgrade Core (Ultimate,458792,1376376,3,,
2756,2026-09-27T05:50:20,2026-09-27T04:17:13,Force Core(Highest,197974,25736620,130,,
2757,2026-09-27T05:50:42,2026-09-27T04:17:13,Force Core(High,179230,1075380,6,,
2758,2026-09-27T05:50:54,2026-09-27T04:17:13,Force Core(High,179230,1433840,8,,
2759,2026-09-27T05:51:26,2026-09-27T04:17:13,Force Core(High,179230,358460,2,,
2760,2026-09-27T05:55:10,2026-09-27T04:17:13,Force Core(High,179230,3226140,18,,
2761,2026-09-27T05:55:23,2026-09-27T04:17:13,Force Core(High,179230,18281460,102,,
2762,2026-09-27T06:00:47,2026-09-27T04:17:13,Chaos Core Set X 200,729587,142999199,196,,
2763,2026-09-27T06:00:55,2026-09-27T04:17:13,Chaos Core Set X 200,729586,142998999,196,,
2764,2026-09-27T06:03:33,2026-09-27T04:17:13,Force Core(Highest,197958,3959160,20,,
2765,2026-09-27T06:03:45,2026-09-27T04:17:13,Force Core(High,179230,8961500,50,,
2766,2026-09-27T06:04:59,2026-09-27T04:17:13,Chaos Core Set X 33,719435,23741355,33,,
2767,2026-09-27T06:05:07,2026-09-27T04:17:13,Upgrade Core (Ultimate,458773,27526380,60,,
2768,2026-09-27T06:11:21,2026-09-27T04:17:13,Force Core(Highest,197952,3959040,20,,
2769,2026-09-27T06:11:34,2026-09-27T04:17:13,Force Core(Highest,197951,6928285,35,,
2770,2026-09-27T06:19:55,2026-09-27T04:17:13,Chaos Core Set X 291,730158,209555502,287,,
2771,2026-09-27T06:21:01,2026-09-27T04:17:13,Chaos Core Set X 234,729474,168508548,231,,
2772,2026-09-27T06:22:27,2026-09-27T04:17:13,Force Core(Highest),197948,3958960,20,,
2773,2026-09-27T06:22:39,2026-09-27T04:17:13,Chaos Core Set,729722,164187587,225,,
2774,2026-09-27T06:23:54,2026-09-27T04:17:13,Chaos Core Set,730556,151225199,207,,
2775,2026-09-27T06:25:20,2026-09-27T04:17:13,Chaos Core Set,728492,62650352,86,,
2776,2026-09-27T06:29:41,2026-09-27T04:17:13,Chaos Core Set X 246,729579,177287772,243,,
2777,2026-09-27T06:30:00,2026-09-27T04:17:13,Chaos Core Set,730553,151224569,207,,
2778,2026-09-27T06:32:37,2026-09-27T04:17:13,Chaos Core Set,730863,146903663,201,,
2779,2026-09-27T06:32:56,2026-09-27T04:17:13,Upgrade Core (Ultimate,458755,2293775,5,,
2780,2026-09-27T06:33:19,2026-09-27T04:17:13,Chaos Core Set,727250,73452341,101,,
2781,2026-09-27T06:33:27,2026-09-27T04:17:13,Chaos Core Set,729122,116659601,160,,
2782,2026-09-27T06:33:36,2026-09-27T04:17:13,Chaos Core Set,732644,84254156,115,,
2783,2026-09-27T06:39:06,2026-09-27T04:17:13,Force Core (Ultimate,395849,7916980,20,,
2784,2026-09-27T06:49:55,2026-09-27T04:17:13,Chaos Core Set X 141,730460,101533958,139,,
2785,2026-09-27T06:50:28,2026-09-27T04:17:13,Force Core(Highest,197927,1385489,7,,
2786,2026-09-27T06:50:40,2026-09-27T04:17:13,Force Core(High,179227,5376810,30,,
2787,2026-09-27T06:55:17,2026-09-27T04:17:13,Force Core(Highest,197923,21969453,111,,
2788,2026-09-27T06:57:51,2026-09-27T04:17:13,Force Core(Highest,197922,19198434,97,,
2789,2026-09-27T06:58:11,2026-09-27T04:17:13,Force Core(Highest,197921,1781289,9,,
2790,2026-09-27T09:34:55,2026-09-27T09:30:31,Force Core (Ultimate,395827,19791350,50,,
2791,2026-09-27T09:36:29,2026-09-27T09:30:31,Upgrade Core (Ultimate,458727,26606166,58,,
2792,2026-09-27T09:36:56,2026-09-27T09:30:31,Chaos Core Set X 138,730676,99372005,136,,
2793,2026-09-27T09:42:20,2026-09-27T09:30:31,Upgrade Core (Ultimate,458663,9173260,20,,
2794,2026-09-27T09:43:04,2026-09-27T09:30:31,Chaos Core Set X 34,732286,24897753,34,,
2795,2026-09-27T09:43:17,2026-09-27T09:30:31,Chaos Core Set X 231,732779,166341020,227,,
2796,2026-09-27T09:43:26,2026-09-27T09:30:31,Upgrade Core (Ultimate,458731,49542948,108,,
2797,2026-09-27T09:43:40,2026-09-27T09:30:31,Force Core(Highest,197921,12271102,62,,
2798,2026-09-27T09:43:44,2026-09-27T09:30:31,Force Core(High,179226,4480650,25,,
2799,2026-09-27T09:43:48,2026-09-27T09:30:31,Chaos Core Set X 171,732285,125220902,171,,
2800,2026-09-27T09:43:57,2026-09-27T09:30:31,Force Core(Piece) X 127,1713,6961632,4064,,
2801,2026-09-27T09:45:37,2026-09-27T09:30:31,Chaos Core Set X 45,731839,32932799,45,,
2802,2026-09-27T09:45:58,2026-09-27T09:30:31,Arionell,308999999,308999999,1,,
2803,2026-09-27T09:49:37,2026-09-27T09:30:31,Chaos Core Set X 27,731838,19759652,27,,
2804,2026-09-27T09:52:07,2026-09-27T09:51:05,Upgrade Core (Ultimate,458661,8255898,18,,
2805,2026-09-27T10:38:16,2026-09-27T10:33:56,Force Gem Package,188999999,188999999,1,,
2806,2026-09-27T10:40:51,2026-09-27T10:33:56,Upgrade Core (Ultimate,456999,2284995,5,,
2807,2026-09-27T10:40:55,2026-09-27T10:33:56,Chaos Core Set X 360,731844,263464199,360,,
2808,2026-09-27T10:41:03,2026-09-27T10:33:56,Chaos Core Set X 3,731841,8782100,12,,
2809,2026-09-27T10:41:43,2026-09-27T10:33:56,Chaos Core Set X 234,731840,171250792,234,,
2810,2026-09-27T10:41:51,2026-09-27T10:33:56,Chaos Core Set,732258,134003396,183,,
2811,2026-09-27T10:48:29,2026-09-27T10:33:56,Chaos Core Set X 183,732253,134002481,183,,
2812,2026-09-27T10:53:54,2026-09-27T10:33:56,Chaos Core Set,732256,41738648,57,,
2813,2026-09-27T10:54:02,2026-09-27T10:33:56,Chaos Core Set,732256,213086786,291,,
2814,2026-09-27T11:07:56,2026-09-27T10:33:56,Chaos Core Set X 96,732255,70296575,96,,
2815,2026-09-27T11:23:21,2026-09-27T10:33:56,Chaos Core Set,732285,127417763,174,,
2816,2026-09-27T11:25:11,2026-09-27T10:33:56,Chaos Core Set,732286,74693273,102,,
2817,2026-09-27T11:27:04,2026-09-27T10:33:56,Force Core(High),179221,31722117,177,,
2818,2026-09-27T11:27:08,2026-09-27T10:33:56,Chaos Core Set,732286,52724663,72,,
2819,2026-09-27T11:29:11,2026-09-27T10:33:56,Force Core(High),179219,39428180,220,,
2820,2026-09-27T11:33:07,2026-09-27T10:33:56,Force Core(High,179220,1254540,7,,
2821,2026-09-27T11:43:12,2026-09-27T10:33:56,Chaos Core Set X 3,746955,31372138,42,,
2822,2026-09-27T11:47:48,2026-09-27T10:33:56,Chaos Core Set X 3,746943,44816620,60,,
2823,2026-09-27T11:48:16,2026-09-27T10:33:56,Force Core(High,179191,2329483,13,,
2824,2026-09-27T11:52:28,2026-09-27T10:33:56,Chaos Core Set X 3,746927,109798367,147,,
2825,2026-09-27T11:59:44,2026-09-27T10:33:56,Force Core(Highest,194938,42886360,220,,
2826,2026-09-27T12:04:56,2026-09-27T10:33:56,Force Core(Highest,194929,3898580,20,,
2827,2026-09-27T12:10:13,2026-09-27T10:33:56,Force Core(High,179151,2328963,13,,
2828,2026-09-27T12:13:48,2026-09-27T10:33:56,Force Core (Ultimate,384918,7698360,20,,
2829,2026-09-27T12:15:49,2026-09-27T10:33:56,Force Core(High,179141,44785250,250,,
2830,2026-09-27T12:19:46,2026-09-27T10:33:56,Upgrade Core (Ultimate,456791,7308656,16,,
2831,2026-09-27T12:20:58,2026-09-27T10:33:56,Chaos Core Set X 3,746835,31367098,42,,
2832,2026-09-27T13:26:51,2026-09-27T13:25:48,Force Core(Highest,189989,34198020,180,,
2833,2026-09-27T13:41:46,2026-09-27T13:27:41,Chaos Core Set X 165,746745,123213089,165,,
2834,2026-09-27T13:41:50,2026-09-27T13:27:41,Force Core(High,179100,3582000,20,,
2835,2026-09-27T13:42:04,2026-09-27T13:27:41,Chaos Core Set X 330,746744,246425849,330,,
2836,2026-09-27T13:42:22,2026-09-27T13:27:41,Chaos Core Set X 198,746743,147855311,198,,
2837,2026-09-27T13:42:41,2026-09-27T13:27:41,Chaos Core Set X 180,746742,134413739,180,,
2838,2026-09-27T13:43:00,2026-09-27T13:27:41,Chaos Core Set X 228,746741,170257175,228,,
2839,2026-09-27T13:45:08,2026-09-27T13:27:41,Chaos Core Set X 186,746740,138893825,186,,
2840,2026-09-27T13:50:39,2026-09-27T13:27:41,Force Core (Ultimate,382983,85788192,224,,
2841,2026-09-27T13:52:53,2026-09-27T13:27:41,Force Core (Ultimate,382982,17617172,46,,
2842,2026-09-27T13:55:57,2026-09-27T13:27:41,Force Core(High,179097,5372910,30,,
2843,2026-09-27T13:56:10,2026-09-27T13:27:41,Chaos Core Set X 108,746739,80647919,108,,
2844,2026-09-27T14:03:40,2026-09-27T13:27:41,Force Core(Highest,189965,1899650,10,,
2845,2026-09-27T14:08:47,2026-09-27T13:27:41,Force Core(High,177996,5161884,29,,
2846,2026-09-27T14:13:09,2026-09-27T13:27:41,Force Core(Highest,189959,3799180,20,,
2847,2026-09-27T14:17:21,2026-09-27T13:27:41,Chaos Core Set X 345,746691,257608739,345,,
2848,2026-09-27T14:29:20,2026-09-27T13:27:41,Force Core (Ultimate,382956,382956,1,,
2849,2026-09-27T14:32:17,2026-09-27T13:27:41,Force Core(High,177971,28119418,158,,
2850,2026-09-27T14:33:29,2026-09-27T13:27:41,Force Core(High,177968,16373056,92,,
2851,2026-09-27T14:38:01,2026-09-27T13:27:41,Force Core(High,177962,355924,2,,
2852,2026-09-27T14:38:13,2026-09-27T13:27:41,Force Core(High,177961,711844,4,,
2853,2026-09-27T14:45:54,2026-09-27T13:27:41,Upgrade Core (Ultimate,456702,21464994,47,,
2854,2026-09-27T14:45:58,2026-09-27T13:27:41,Upgrade Core (Ultimate,456701,12787628,28,,
2855,2026-09-27T14:52:57,2026-09-27T13:27:41,Upgrade Core (Ultimate),456691,105952312,232,,
2856,2026-09-27T15:01:02,2026-09-27T13:27:41,Force Core(Highest,189912,3798240,20,,
2857,2026-09-27T15:06:15,2026-09-27T13:27:41,Force Core (Ultimate,382917,11487510,30,,
2858,2026-09-27T15:19:09,2026-09-27T13:27:41,Force Core(High,176974,1769740,10,,
2859,2026-09-27T15:31:03,2026-09-27T13:27:41,Force Core (Ultimate,382892,382892,1,,
2860,2026-09-27T15:35:42,2026-09-27T13:27:41,Force Core(Highest,189875,949375,5,,
2861,2026-09-27T15:49:48,2026-09-27T13:27:41,Force Core(Highest,189859,1898590,10,,
2862,2026-09-27T15:53:52,2026-09-27T13:27:41,Chaos Core Set X 45,748823,32948234,44,,
2863,2026-09-27T15:54:45,2026-09-27T13:27:41,Chaos Core Set X 63,743990,46127402,62,,
2864,2026-09-27T15:58:38,2026-09-27T13:27:41,Force Core(Highest,189850,18985000,100,,
2865,2026-09-27T16:20:13,2026-09-27T13:27:41,Chaos Core Set X 60,744554,43928699,59,,
2866,2026-09-27T16:25:13,2026-09-27T13:27:41,Chaos Core Set X 159,746226,116411372,156,,
2867,2026-09-27T16:39:08,2026-09-27T13:27:41,Chaos Core Set X 18,732145,13178627,18,,
2868,2026-09-27T16:39:34,2026-09-27T13:27:41,Upgrade Core (Ultimate,456564,4109076,9,,
2869,2026-09-27T16:39:46,2026-09-27T13:27:41,Upgrade Core (Ultimate,456563,17349394,38,,
2870,2026-09-27T16:53:26,2026-09-27T13:27:41,Force Gem Package,188999999,188999999,1,,
2871,2026-09-27T17:06:32,2026-09-27T13:27:41,Upgrade Core (Ultimate,456540,11413500,25,,
2872,2026-09-27T17:37:55,2026-09-27T13:27:41,Upgrade Core (Ultimate,456519,41999748,92,,
2873,2026-09-27T17:40:08,2026-09-27T13:27:41,Chaos Core Set X 273,745750,199861115,268,,
2874,2026-09-27T17:40:53,2026-09-27T13:27:41,Chaos Core Set X 225,745341,164720474,221,,
2875,2026-09-27T17:47:59,2026-09-27T13:27:41,Chaos Core Set X 147,744247,106427411,143,,
2876,2026-09-27T17:49:00,2026-09-27T13:27:41,Armor Account bind Unseal Stone,190999999,190999999,1,,
2877,2026-09-27T17:51:53,2026-09-27T13:27:41,Force Core(High,176807,3536140,20,,
2878,2026-09-27T17:52:42,2026-09-27T13:27:41,Chaos Core Set X 18,766582,13031909,17,,
2879,2026-09-27T17:54:02,2026-09-27T13:27:41,Armor Account bind Seal Stone,190999999,381999998,2,,
2880,2026-09-27T17:57:24,2026-09-27T13:27:41,Chaos Core Set X 135,746106,97739999,131,,
2881,2026-09-27T18:11:21,2026-09-27T13:27:41,Chaos Core Set X 345,747843,249779654,334,,
2882,2026-09-27T18:16:26,2026-09-27T13:27:41,Force Core(High,176788,15910920,90,,
2883,2026-09-27T18:17:36,2026-09-27T13:27:41,Chaos Core Set X 228,745200,166924955,224,,
2884,2026-09-27T18:28:12,2026-09-27T13:27:41,Force Core(High,176779,22627712,128,,
2885,2026-09-27T18:45:14,2026-09-27T13:27:41,Force Core(High,176763,6540231,37,,
2886,2026-09-27T18:46:29,2026-09-27T13:27:41,Upgrade Core (Ultimate,446468,1339404,3,,
2887,2026-09-27T18:47:27,2026-09-27T13:27:41,Chaos Core Set,748745,32944814,44,,
2888,2026-09-27T18:47:35,2026-09-27T13:27:41,Chaos Core Set,746079,195472835,262,,
2889,2026-09-27T18:56:31,2026-09-27T13:27:41,Force Core(High,176755,530265,3,,
2890,2026-09-27T19:01:52,2026-09-27T13:27:41,Force Core(High,176753,1590777,9,,
2891,2026-09-27T19:02:04,2026-09-27T13:27:41,Force Core(High,176752,176752,1,,
2892,2026-09-27T19:02:39,2026-09-27T13:27:41,Force Core(Highest,186631,3919251,21,,
2893,2026-09-27T19:08:14,2026-09-27T13:27:41,Force Core(High,176749,530247,3,,
2894,2026-09-27T19:08:36,2026-09-27T13:27:41,Upgrade Core (Ultimate,446449,20536654,46,,
2895,2026-09-27T19:37:16,2026-09-27T13:27:41,Upgrade Core (Ultimate,446427,13392810,30,,
2896,2026-09-27T23:16:30,2026-09-27T23:09:54,Arionell,307999999,307999999,1,,
2897,2026-09-27T23:18:01,2026-09-27T23:09:54,Force Core (Ultimate,382684,66204332,173,,
2898,2026-09-27T23:18:55,2026-09-27T23:09:54,Chaos Core Set X 48,731838,35128271,48,,
2899,2026-09-27T23:20:46,2026-09-27T23:09:54,Chaos Core Set X 186,731864,136126889,186,,
2900,2026-09-27T23:22:44,2026-09-27T23:09:54,Chaos Core Set X 51,732036,37333886,51,,
2901,2026-09-27T23:24:33,2026-09-27T23:09:54,Force Core(High,176715,16434495,93,,
2902,2026-09-27T23:32:18,2026-09-27T23:09:54,Force Core(Highest,186570,36194580,194,,
2903,2026-09-27T23:41:04,2026-09-27T23:09:54,Force Core(Highest,186565,10261075,55,,
2904,2026-09-28T00:01:11,2026-09-27T23:56:03,Force Core(Highest,186566,373132,2,,
2905,2026-09-28T00:07:15,2026-09-27T23:56:03,Force Core(High,172144,1721440,10,,
2906,2026-09-28T00:07:27,2026-09-27T23:56:03,Force Core (Ultimate,382575,3060600,8,,
2907,2026-09-28T00:09:11,2026-09-27T23:56:03,Force Core (Ultimate,382574,382574,1,,
2908,2026-09-28T00:14:36,2026-09-27T23:56:03,Upgrade Core (Ultimate,446236,3569888,8,,
2909,2026-09-28T00:21:12,2026-09-27T23:56:03,Chaos Core Set X 279,729103,203420015,279,,
2910,2026-09-28T00:25:46,2026-09-27T23:56:03,Chaos Core Set X 207,729085,150920801,207,,
2911,2026-09-28T00:52:03,2026-09-28T00:50:57,Chaos Core Set X 234,729075,170603783,234,,
2912,2026-09-28T00:52:06,2026-09-28T00:50:57,Chaos Core Set X 72,729074,52493399,72,,
2913,2026-09-28T00:52:12,2026-09-28T00:50:57,Chaos Core Set X 192,729084,139984319,192,,
2914,2026-09-28T00:52:16,2026-09-28T00:50:57,Chaos Core Set X 153,729083,111549851,153,,
2915,2026-09-28T00:52:20,2026-09-28T00:50:57,Chaos Core Set X 18,729081,13123475,18,,
2916,2026-09-28T01:05:31,2026-09-28T00:52:56,Arionell,307999999,307999999,1,,
2917,2026-09-28T01:45:41,2026-09-28T00:52:56,Chaos Core Set X 153,728895,111521087,153,,
2918,2026-09-28T01:50:23,2026-09-28T00:52:56,Chaos Core Set,728877,21866339,30,,
2919,2026-09-28T01:50:54,2026-09-28T00:52:56,Chaos Core Set X 363,728894,264588884,363,,
2920,2026-09-28T01:51:12,2026-09-28T00:52:56,Chaos Core Set X 153,728893,111520781,153,,
2921,2026-09-28T01:51:29,2026-09-28T00:52:56,Chaos Core Set X 228,728892,166187603,228,,
2922,2026-09-28T01:52:49,2026-09-28T00:52:56,Chaos Core Set X 78,728891,56853575,78,,
2923,2026-09-28T01:53:02,2026-09-28T00:52:56,Chaos Core Set X 117,728890,85280246,117,,
2924,2026-09-28T01:57:51,2026-09-28T00:52:56,Chaos Core Set,728885,131199479,180,,
2925,2026-09-28T02:01:27,2026-09-28T00:52:56,Upgrade Core (Ultimate,446085,6691275,15,,
2926,2026-09-28T02:08:18,2026-09-28T00:52:56,Upgrade Core (Ultimate,446068,22303400,50,,
2927,2026-09-28T02:25:25,2026-09-28T00:52:56,Chaos Core Set X 126,729049,91860299,126,,
2928,2026-09-28T02:25:43,2026-09-28T00:52:56,Chaos Core Set X 99,729048,72175850,99,,
2929,2026-09-28T02:26:02,2026-09-28T00:52:56,Chaos Core Set X 222,729047,161848655,222,,
2930,2026-09-28T02:40:56,2026-09-28T00:52:56,Upgrade Core (Ultimate,446015,34789170,78,,
2931,2026-09-28T02:51:40,2026-09-28T00:52:56,Force Core (Ultimate,382446,8031366,21,,
2932,2026-09-28T02:55:08,2026-09-28T00:52:56,Upgrade Core (Ultimate,445992,6689880,15,,
2933,2026-09-28T03:10:22,2026-09-28T00:52:56,Force Gem Package,188999999,188999999,1,,
2934,2026-09-28T03:11:06,2026-09-28T00:52:56,Upgrade Core (Ultimate,445963,445963,1,,
2935,2026-09-28T03:21:00,2026-09-28T00:52:56,Force Core (Ultimate,382408,3824080,10,,
2936,2026-09-28T03:25:26,2026-09-28T00:52:56,Force Core (Ultimate,382402,3824020,10,,
2937,2026-09-28T03:36:31,2026-09-28T00:52:56,Chaos Core Set X 60,728986,43739219,60,,
2938,2026-09-28T03:42:31,2026-09-28T00:52:56,Chaos Core Set X 36,728971,26242991,36,,
2939,2026-09-28T03:48:29,2026-09-28T00:52:56,Force Core(High,169976,5099280,30,,
2940,2026-09-28T03:48:51,2026-09-28T00:52:56,Force Core (Ultimate,382379,1147137,3,,
2941,2026-09-28T03:50:02,2026-09-28T00:52:56,Chaos Core Set X 96,728968,69981023,96,,
2942,2026-09-28T03:50:10,2026-09-28T00:52:56,Chaos Core Set X 3,728967,98410635,135,,
2943,2026-09-28T03:54:06,2026-09-28T00:52:56,Force Core (Ultimate,382376,19118800,50,,
2944,2026-09-28T03:54:18,2026-09-28T00:52:56,Force Core (Ultimate,382375,91770000,240,,
2945,2026-09-28T03:54:26,2026-09-28T00:52:56,Force Core (Ultimate,382374,12235968,32,,
2946,2026-09-28T03:54:30,2026-09-28T00:52:56,Chaos Core Set X 48,728967,34990463,48,,
2947,2026-09-28T03:54:59,2026-09-28T00:52:56,Chaos Core Set X 96,728966,69980831,96,,
2948,2026-09-28T04:01:03,2026-09-28T00:52:56,Force Core(High,169947,40787280,240,,
2949,2026-09-28T04:01:07,2026-09-28T00:52:56,Force Core (Ultimate,382372,21030460,55,,
2950,2026-09-28T04:02:29,2026-09-28T00:52:56,Chaos Core Set,729009,126847739,174,,
2951,2026-09-28T04:04:54,2026-09-28T00:52:56,Force Core(High,169945,10876480,64,,
2952,2026-09-28T04:05:09,2026-09-28T00:52:56,Chaos Core Set X 30,729003,21870119,30,,
2953,2026-09-28T04:05:18,2026-09-28T00:52:56,Chaos Core Set X 48,729002,34992143,48,,
2954,2026-09-28T04:12:05,2026-09-28T00:52:56,Force Core (Ultimate,382358,68442082,179,,
2955,2026-09-28T04:15:20,2026-09-28T00:52:56,Force Core(High,169994,2719904,16,,
2956,2026-09-28T04:19:05,2026-09-28T00:52:56,Force Core(Highest,186618,373236,2,,
2957,2026-09-28T04:35:00,2026-09-28T00:52:56,Force Core(Highest,186613,9144037,49,,
2958,2026-09-28T04:35:04,2026-09-28T00:52:56,Force Core(Highest,186612,3172404,17,,
2959,2026-09-28T04:50:07,2026-09-28T00:52:56,Chaos Core Set X 186,728992,135592697,186,,
2960,2026-09-28T04:50:23,2026-09-28T00:52:56,Chaos Core Set X 105,728991,76544159,105,,
2961,2026-09-28T05:03:30,2026-09-28T00:52:56,Force Core (Ultimate,349982,2099892,6,,
2962,2026-09-28T05:10:15,2026-09-28T00:52:56,Chaos Core Set X 144,728961,104970527,144,,
2963,2026-09-28T05:19:37,2026-09-28T00:52:56,Upgrade Core (Ultimate,445066,445066,1,,
2964,2026-09-28T05:19:41,2026-09-28T00:52:56,Force Core (Ultimate,349968,36746640,105,,
2965,2026-09-28T05:19:49,2026-09-28T00:52:56,Force Core (Ultimate,349967,85391948,244,,
2966,2026-09-28T05:26:57,2026-09-28T00:52:56,Chaos Core Set X 18,728929,13120739,18,,
2967,2026-09-28T05:28:38,2026-09-28T00:52:56,Chaos Core Set X 246,728928,179316533,246,,
2968,2026-09-28T05:29:42,2026-09-28T00:52:56,Chaos Core Set X 180,728927,131207039,180,,
2969,2026-09-28T05:32:56,2026-09-28T00:52:56,Chaos Core Set,728923,13120631,18,,
2970,2026-09-28T05:33:12,2026-09-28T00:52:56,Chaos Core Set,728921,21867659,30,,
2971,2026-09-28T05:40:08,2026-09-28T00:52:56,Chaos Core Set X 33,728947,24055283,33,,
2972,2026-09-28T05:41:27,2026-09-28T00:52:56,Chaos Core Set X 249,728946,181507802,249,,
2973,2026-09-28T05:41:44,2026-09-28T00:52:56,Chaos Core Set X 210,728945,153078659,210,,
2974,2026-09-28T05:46:55,2026-09-28T00:52:56,Chaos Core Set,728949,85287149,117,,
2975,2026-09-28T05:48:50,2026-09-28T00:52:56,Chaos Core Set,733000,13194000,18,,
2976,2026-09-28T05:51:06,2026-09-28T00:52:56,Chaos Core Set,728949,13121099,18,,
2977,2026-09-28T05:51:25,2026-09-28T00:52:56,Chaos Core Set,729008,37179458,51,,
2978,2026-09-28T05:55:03,2026-09-28T00:52:56,Force Core (Ultimate,349967,349967,1,,
2979,2026-09-28T05:55:18,2026-09-28T00:52:56,Chaos Core Set,729009,209954879,288,,
2980,2026-09-28T05:58:56,2026-09-28T00:52:56,Chaos Core Set X 18,736667,13260006,18,,
2981,2026-09-28T06:04:29,2026-09-28T00:52:56,Chaos Core Set,729007,21870239,30,,
2982,2026-09-28T06:42:27,2026-09-28T00:52:56,Chaos Core Set X 63,729009,45927629,63,,
2983,2026-09-28T06:44:59,2026-09-28T00:52:56,Force Core (Ultimate,382385,15295400,40,,
2984,2026-09-28T06:51:03,2026-09-28T00:52:56,Chaos Core Set,733852,42563438,58,,
2985,2026-09-28T07:59:35,2026-09-28T07:50:45,Force Core (Ultimate,382375,6882750,18,,
2986,2026-09-28T08:00:00,2026-09-28T07:50:45,Force Core (Ultimate,382374,17589204,46,,
2987,2026-09-28T08:00:16,2026-09-28T07:50:45,Chaos Core Set X 39,779992,30419722,39,,
2988,2026-09-28T08:37:33,2026-09-28T07:50:45,Force Gem Package,187999999,187999999,1,,
2989,2026-09-28T08:47:19,2026-09-28T07:50:45,Chaos Core Set X 189,778945,147220793,189,,
2990,2026-09-28T08:50:37,2026-09-28T07:50:45,Chaos Core Set X 234,778939,182271959,234,,
2991,2026-09-28T08:57:41,2026-09-28T07:50:45,Chaos Core Set X 75,778922,58419224,75,,
2992,2026-09-28T09:00:45,2026-09-28T07:50:45,Armor Account bind Seal Stone,187500000,187500000,1,,
2993,2026-09-28T09:08:00,2026-09-28T07:50:45,Upgrade Core (Ultimate),458881,22944050,50,,
2994,2026-09-28T09:11:57,2026-09-28T07:50:45,Force Core(Highest,199057,23886840,120,,
2995,2026-09-28T09:19:46,2026-09-28T07:50:45,Force Core (Ultimate,382281,1529124,4,,
2996,2026-09-28T09:25:50,2026-09-28T07:50:45,Upgrade Core (Ultimate,458860,45886000,100,,
2997,2026-09-28T09:45:06,2026-09-28T07:50:45,Armor Account bind Unseal Stone,187999999,187999999,1,,
2998,2026-09-28T09:47:30,2026-09-28T07:50:45,Force Core(Highest,199004,16716336,84,,
2999,2026-09-28T10:56:21,2026-09-28T10:47:14,Force Core(High),178988,2326844,13,,
3000,2026-09-28T10:56:25,2026-09-28T10:47:14,Upgrade Core (Ultimate),458798,94971186,207,,
3001,2026-09-28T10:58:08,2026-09-28T10:47:14,Chaos Core Set X 174,760633,132350315,174,,
3002,2026-09-28T11:01:06,2026-09-28T10:47:14,Force Core(High,178987,2505818,14,,
3003,2026-09-28T11:01:31,2026-09-28T10:47:14,Force Core(Highest,198787,3975740,20,,
3004,2026-09-28T11:01:44,2026-09-28T10:47:14,Upgrade Core (Ultimate,458798,102311954,223,,
3005,2026-09-28T11:02:20,2026-09-28T10:47:14,Chaos Core,745498,745498,1,,
3006,2026-09-28T11:02:43,2026-09-28T10:47:14,Force Core(High,178987,536961,3,,
3007,2026-09-28T11:05:15,2026-09-28T10:47:14,Force Core (Ultimate,379994,15199760,40,,
3008,2026-09-28T11:11:31,2026-09-28T11:07:35,Chaos Core Set X 108,760631,82148255,108,,
3009,2026-09-28T11:19:26,2026-09-28T11:13:48,Chaos Core,748802,748802,1,,
3010,2026-09-28T11:27:19,2026-09-28T11:13:48,Upgrade Core (Ultimate,458783,46337083,101,,
3011,2026-09-28T11:27:42,2026-09-28T11:13:48,Chaos Core Set X 246,760579,187102679,246,,
3012,2026-09-28T11:28:27,2026-09-28T11:13:48,Chaos Core Set X 132,760577,100396295,132,,
3013,2026-09-28T11:39:44,2026-09-28T11:34:46,Chaos Core,715834,715834,1,,
3014,2026-09-28T11:40:07,2026-09-28T11:34:46,Force Core(High,178977,3579540,20,,
3015,2026-09-28T11:43:57,2026-09-28T11:34:46,Chaos Core,746391,746391,1,,
3016,2026-09-28T11:44:20,2026-09-28T11:34:46,Force Core(High,178968,1610712,9,,
3017,2026-09-28T11:44:32,2026-09-28T11:34:46,Upgrade Core (Ultimate,458766,91753200,200,,
3018,2026-09-28T11:49:19,2026-09-28T11:34:46,Chaos Core,747085,747085,1,,
3019,2026-09-28T11:49:41,2026-09-28T11:34:46,Force Core(High,178964,536892,3,,
3020,2026-09-28T11:54:42,2026-09-28T11:34:46,Chaos Core,747110,747110,1,,
3021,2026-09-28T12:03:38,2026-09-28T11:34:46,Force Core(High,178944,536832,3,,
3022,2026-09-28T12:04:11,2026-09-28T11:34:46,Upgrade Core (Ultimate,458740,2293700,5,,
3023,2026-09-28T12:04:33,2026-09-28T11:34:46,Force Core(High,178942,17894200,100,,
3024,2026-09-28T12:08:54,2026-09-28T11:34:46,Force Core(High,178935,1789350,10,,
3025,2026-09-28T12:13:55,2026-09-28T12:10:42,Force Core (Ultimate,379934,7598680,20,,
3026,2026-09-28T12:19:56,2026-09-28T12:10:42,Chaos Core,726296,726296,1,,
3027,2026-09-28T12:21:09,2026-09-28T12:10:42,Force Core(High,178919,1610271,9,,
3028,2026-09-28T12:22:49,2026-09-28T12:10:42,Force Core (Ultimate,379922,7598440,20,,
3029,2026-09-28T12:25:22,2026-09-28T12:10:42,Force Core(High,178914,715656,4,,
3030,2026-09-28T12:25:35,2026-09-28T12:10:42,Force Core(High,178913,1073478,6,,
3031,2026-09-28T12:44:11,2026-09-28T12:41:09,Force Core (Ultimate,379914,18995700,50,,
3032,2026-09-28T12:44:34,2026-09-28T12:41:09,Chaos Core Set X 312,750447,234139775,312,,
3033,2026-09-28T12:46:12,2026-09-28T12:41:09,Chaos Core Set X 203,750445,152340537,203,,
3034,2026-09-28T12:46:44,2026-09-28T12:41:09,Force Gem Package,191999999,191999999,1,,
3035,2026-09-28T12:47:25,2026-09-28T12:41:09,Force Core(Highest,198698,3973960,20,,
3036,2026-09-28T12:49:01,2026-09-28T12:41:09,Chaos Core,722705,722705,1,,
3037,2026-09-28T12:50:17,2026-09-28T12:41:09,Force Core(High,178910,894550,5,,
3038,2026-09-28T12:50:29,2026-09-28T12:41:09,Force Core(Highest,198694,2980410,15,,
3039,2026-09-28T13:29:54,2026-09-28T13:24:49,Upgrade Core (Ultimate,458690,22934500,50,,
3040,2026-09-28T13:30:06,2026-09-28T13:24:49,Chaos Core Set X 150,750408,112561349,150,,
3041,2026-09-28T13:34:28,2026-09-28T13:24:49,Chaos Core Set X 265,750407,198858119,265,,
3042,2026-09-28T13:34:36,2026-09-28T13:24:49,Chaos Core,716581,716581,1,,
3043,2026-09-28T13:35:09,2026-09-28T13:24:49,Upgrade Core (Ultimate,458688,24310464,53,,
3044,2026-09-28T13:35:13,2026-09-28T13:24:49,Chaos Core Set X 204,750406,153083027,204,,
3045,2026-09-28T13:35:21,2026-09-28T13:24:49,Upgrade Core (Ultimate,458687,6421618,14,,
3046,2026-09-28T13:35:52,2026-09-28T13:24:49,Force Core(High,178901,35780200,200,,
3047,2026-09-28T13:36:08,2026-09-28T13:24:49,Force Core(High,178900,1610100,9,,
3048,2026-09-28T13:39:21,2026-09-28T13:24:49,Chaos Core Set X 180,750397,135071639,180,,
3049,2026-09-28T13:48:20,2026-09-28T13:42:55,Upgrade Core (Ultimate,457993,75110852,164,,
3050,2026-09-28T13:50:08,2026-09-28T13:42:55,Force Core (Ultimate,379875,63059250,166,,
3051,2026-09-28T13:50:17,2026-09-28T13:42:55,Force Core (Ultimate,379874,56221352,148,,
3052,2026-09-28T13:57:05,2026-09-28T13:42:55,Upgrade Core (Ultimate,457975,73276000,160,,
3053,2026-09-28T14:00:54,2026-09-28T13:42:55,Force Core(High,174972,3324468,19,,
3054,2026-09-28T14:04:36,2026-09-28T13:42:55,Force Core(High,174966,5248980,30,,
3055,2026-09-28T14:04:56,2026-09-28T13:42:55,Upgrade Core (Ultimate,457961,25645816,56,,
3056,2026-09-28T14:07:49,2026-09-28T13:42:55,Chaos Core,726006,726006,1,,
3057,2026-09-28T14:08:29,2026-09-28T13:42:55,Force Core(High,174964,8223308,47,,
3058,2026-09-28T14:16:14,2026-09-28T13:42:55,Force Core(High,174958,1749580,10,,
3059,2026-09-28T14:17:09,2026-09-28T13:42:55,Upgrade Core (Ultimate,457951,23355501,51,,
3060,2026-09-28T14:23:14,2026-09-28T13:42:55,Upgrade Core (Ultimate,457946,1373838,3,,
3061,2026-09-28T14:23:27,2026-09-28T13:42:55,Chaos Core,718726,718726,1,,
3062,2026-09-28T14:24:44,2026-09-28T13:42:55,Upgrade Core (Ultimate,457945,15570130,34,,
3063,2026-09-28T14:25:53,2026-09-28T13:42:55,Chaos Core Set,731382,245744687,336,,
3064,2026-09-28T14:28:24,2026-09-28T13:42:55,Chaos Core,716169,716169,1,,
3065,2026-09-28T14:29:22,2026-09-28T13:42:55,Force Core(High,174941,3498820,20,,
3066,2026-09-28T14:29:51,2026-09-28T13:42:55,Force Core (Ultimate,379846,5697690,15,,
3067,2026-09-28T14:34:24,2026-09-28T13:42:55,Chaos Core Set X 27,731365,19746881,27,,
3068,2026-09-28T14:34:33,2026-09-28T13:42:55,Chaos Core Set X 147,731363,107510507,147,,
3069,2026-09-28T14:35:23,2026-09-28T13:42:55,Upgrade Core (Ultimate,457925,18317000,40,,
3070,2026-09-28T14:41:53,2026-09-28T13:42:55,Force Core(Highest,196965,787860,4,,
3071,2026-09-28T14:42:50,2026-09-28T13:42:55,Chaos Core,723055,723055,1,,
3072,2026-09-28T14:45:34,2026-09-28T13:42:55,Force Core(Highest,196964,7878560,40,,
3073,2026-09-28T14:46:31,2026-09-28T13:42:55,Chaos Core,719411,719411,1,,
3074,2026-09-28T14:49:21,2026-09-28T13:42:55,Chaos Core Set X 18,731358,13164461,18,,
3075,2026-09-28T14:49:40,2026-09-28T13:42:55,Chaos Core Set X 18,731357,13164443,18,,
3076,2026-09-28T14:53:21,2026-09-28T13:42:55,Chaos Core Set,731355,13164407,18,,
3077,2026-09-28T14:54:16,2026-09-28T13:42:55,Chaos Core Set,731359,144077759,197,,
3078,2026-09-28T14:54:25,2026-09-28T13:42:55,Chaos Core Set,731987,119313917,163,,
3079,2026-09-28T14:54:38,2026-09-28T13:42:55,Chaos Core Set,750398,13507181,18,,
3080,2026-09-28T14:56:06,2026-09-28T13:42:55,Force Core(Highest,196960,3939200,20,,
3081,2026-09-28T14:56:38,2026-09-28T13:42:55,Chaos Core,727915,727915,1,,
3082,2026-09-28T15:00:50,2026-09-28T13:42:55,Chaos Core,749396,749396,1,,
3083,2026-09-28T15:01:36,2026-09-28T13:42:55,Force Core(Highest,196958,1969580,10,,
3084,2026-09-28T15:02:13,2026-09-28T13:42:55,Force Core (Ultimate,379827,759654,2,,
3085,2026-09-28T15:02:25,2026-09-28T13:42:55,Chaos Core Set,732944,157583159,215,,
3086,2026-09-28T15:02:34,2026-09-28T13:42:55,Chaos Core Set,730712,222867314,305,,
3087,2026-09-28T15:03:03,2026-09-28T13:42:55,Chaos Core Set,730903,112559099,154,,
3088,2026-09-28T15:03:11,2026-09-28T13:42:55,Chaos Core Set,731118,207637793,284,,
3089,2026-09-28T15:15:49,2026-09-28T15:09:16,Chaos Core,759281,759281,1,,
3090,2026-09-28T15:17:23,2026-09-28T15:09:16,Force Core(High,174917,37082404,212,,
3091,2026-09-28T15:18:33,2026-09-28T15:09:16,Upgrade Core (Ultimate,457897,9157940,20,,
3092,2026-09-28T15:18:50,2026-09-28T15:09:16,Chaos Core Set X 249,760610,189392132,249,,
3093,2026-09-28T15:23:24,2026-09-28T15:09:16,Force Core (Ultimate,379816,40260496,106,,
3094,2026-09-28T15:24:14,2026-09-28T15:09:16,Chaos Core,754171,1508342,2,,
3095,2026-09-28T15:24:56,2026-09-28T15:09:16,Force Core(Highest,196935,19693500,100,,
3096,2026-09-28T15:25:08,2026-09-28T15:09:16,Force Core (Ultimate,379815,28106310,74,,
3097,2026-09-28T15:25:12,2026-09-28T15:09:16,Force Core (Ultimate,379814,94953500,250,,
3098,2026-09-28T15:25:21,2026-09-28T15:09:16,Force Core (Ultimate,379813,27346536,72,,
3099,2026-09-28T15:40:43,2026-09-28T15:36:56,Chaos Core,753536,753536,1,,
3100,2026-09-28T15:41:02,2026-09-28T15:36:56,Force Core(Highest,196928,9846400,50,,
3101,2026-09-28T15:41:49,2026-09-28T15:36:56,Force Core(High,178891,17889100,100,,
3102,2026-09-28T15:42:55,2026-09-28T15:36:56,Force Core (Ultimate,379997,7219943,19,,
3103,2026-09-28T16:43:21,2026-09-28T16:37:29,Chaos Core Set X 84,760684,63897539,84,,
3104,2026-09-28T16:44:11,2026-09-28T16:37:29,Chaos Core Set X 129,760690,98129138,129,,
3105,2026-09-28T16:44:31,2026-09-28T16:37:29,Chaos Core Set X 18,760689,13692419,18,,
3106,2026-09-28T16:45:24,2026-09-28T16:37:29,Force Core (Ultimate,379979,7219601,19,,
3107,2026-09-28T16:52:04,2026-09-28T16:37:29,Force Core (Ultimate,379968,37996800,100,,
3108,2026-09-28T16:55:42,2026-09-28T16:37:29,Force Core (Ultimate,379965,18998250,50,,
3109,2026-09-28T16:59:10,2026-09-28T16:37:29,Force Core (Ultimate,379959,7599180,20,,
3110,2026-09-28T16:59:22,2026-09-28T16:37:29,Force Core (Ultimate,379958,4179538,11,,
3111,2026-09-28T17:01:50,2026-09-28T16:37:29,Force Core(Highest,196857,196857,1,,
3112,2026-09-28T17:03:11,2026-09-28T16:37:29,Force Core (Ultimate,379957,9118968,24,,
3113,2026-09-28T17:33:22,2026-09-28T16:37:29,Upgrade Core (Ultimate,457775,45777500,100,,
3114,2026-09-28T18:27:38,2026-09-28T18:12:38,Upgrade Core (Ultimate,457769,22888450,50,,
3115,2026-09-28T18:39:21,2026-09-28T18:12:38,Force Core (Ultimate,379898,7597960,20,,
3116,2026-09-28T18:45:11,2026-09-28T18:12:38,Force Core(Highest,196775,7871000,40,,
3117,2026-09-28T18:46:48,2026-09-28T18:12:38,Force Core (Ultimate,379887,2279322,6,,
3118,2026-09-28T18:51:01,2026-09-28T18:12:38,Chaos Core Set X 288,760649,219067199,288,,
3119,2026-09-28T18:55:23,2026-09-28T18:12:38,Chaos Core Set X 321,760641,244166081,321,,
3120,2026-09-28T18:56:36,2026-09-28T18:12:38,Chaos Core Set X 141,760639,107250239,141,,
3121,2026-09-28T18:59:58,2026-09-28T18:12:38,Upgrade Core (Ultimate,457709,13731270,30,,
3122,2026-09-28T23:04:57,2026-09-28T22:59:03,Force Core(Highest,207965,3743370,18,,
3123,2026-09-28T23:06:55,2026-09-28T22:59:03,Divine Stone,706520,7065200,10,,
3124,2026-09-28T23:12:43,2026-09-28T22:59:03,Force Core(Highest,207952,207952,1,,
3125,2026-09-28T23:58:33,2026-09-28T23:37:47,Divine Stone,706512,2826048,4,,
3126,2026-09-29T00:02:00,2026-09-28T23:37:47,Divine Stone,706512,2826048,4,,
3127,2026-09-29T00:05:26,2026-09-28T23:37:47,Divine Stone,706512,706512,1,,
3128,2026-09-29T00:43:52,2026-09-29T00:37:32,Force Gem Package,191999999,191999999,1,,187222222
3129,2026-09-29T00:54:47,2026-09-29T00:37:32,Upgrade Core (Ultimate,457475,3659800,8,,3560528
3130,2026-09-29T01:17:27,2026-09-29T00:37:32,Chaos Core Set X 48,733690,35217167,48,,34110528
3131,2026-09-29T01:17:31,2026-09-29T00:37:32,Chaos Core Set X 348,733689,255324119,348,,247301328
3132,2026-09-29T01:42:04,2026-09-29T00:37:32,Upgrade Core (Ultimate,457391,10062602,22,,9791452
3133,2026-09-29T03:08:24,2026-09-29T00:37:32,Upgrade Core (Ultimate,456901,15534634,34,,15132244
3134,2026-09-29T03:08:28,2026-09-29T00:37:32,Upgrade Core (Ultimate,456900,913800,2,,890132
3135,2026-09-29T03:18:15,2026-09-29T00:37:32,Force Core (Ultimate,379551,27707223,73,,25937776
3136,2026-09-29T03:21:32,2026-09-29T00:37:32,Chaos Core Set X 200,699918,139983799,200,,142127200
3137,2026-09-29T03:21:41,2026-09-29T00:37:32,Chaos Core Set X 249,699917,174279581,249,,172725075
3138,2026-09-29T03:22:55,2026-09-29T00:37:32,Upgrade Core (Ultimate,456882,18275280,40,,17802640
3139,2026-09-29T03:32:59,2026-09-29T00:37:32,Force Core(Highest,204828,12494508,61,,12012425
3140,2026-09-29T03:33:03,2026-09-29T00:37:32,Force Core(Highest,204827,4711021,23,,4529275
3141,2026-09-29T03:33:06,2026-09-29T00:37:32,Force Core(Highest,204826,30314248,148,,29144900
3142,2026-09-29T04:01:31,2026-09-29T00:37:32,Force Core(Highest,204947,49187280,240,,47262000
3143,2026-09-29T04:29:43,2026-09-29T00:37:32,Force Core(Highest,204969,4919256,24,,4726200
3144,2026-09-29T04:38:58,2026-09-29T00:37:32,Upgrade Core (Ultimate,456730,456730,1,,445066
3145,2026-09-29T04:39:02,2026-09-29T00:37:32,Upgrade Core (Ultimate,456729,2283645,5,,2225330
3146,2026-09-29T04:39:06,2026-09-29T00:37:32,Upgrade Core (Ultimate,456728,33797872,74,,32934884
3147,2026-09-29T04:43:10,2026-09-29T00:37:32,Upgrade Core (Ultimate),456724,9134480,20,,8901320
3148,2026-09-29T04:54:17,2026-09-29T00:37:32,Chaos Core Set X 252,693675,174806100,252,,179080272
3149,2026-09-29T04:54:36,2026-09-29T00:37:32,Chaos Core Set X 200,693675,138735000,200,,142127200
3150,2026-09-29T04:54:44,2026-09-29T00:37:32,Chaos Core Set X 200,693675,138735000,200,,142127200
3151,2026-09-29T04:54:52,2026-09-29T00:37:32,Chaos Core Set X 252,693675,174806100,252,,179080272
3152,2026-09-29T05:06:55,2026-09-29T00:37:32,Force Core (Ultimate,367942,3679420,10,,3553120
3153,2026-09-29T05:08:46,2026-09-29T00:37:32,Force Core(High),179114,4298736,24,,4013208
3154,2026-09-29T05:11:52,2026-09-29T00:37:32,Force Core(High,179108,2507512,14,,2341038
3155,2026-09-29T05:17:04,2026-09-29T00:37:32,Force Core(Highest,198199,1981990,10,,1969250
3156,2026-09-29T05:21:02,2026-09-29T00:37:32,Force Core(High,179088,3402672,19,,3177123
3157,2026-09-29T05:21:22,2026-09-29T00:37:32,Force Core(High,179086,1790860,10,,1672170
3158,2026-09-30T06:08:01,2026-09-30T05:57:21,Blessing Bead - Superior,169999992,169999992,1,,163632220
3159,2026-09-30T07:06:18,2026-09-30T06:44:23,Force Core(High,178290,178290,1,,167000
3160,2026-09-30T07:45:20,2026-09-30T07:39:36,Force Core(Piece) X 127,1338,169926,127,,169926
3161,2026-09-30T07:47:50,2026-09-30T07:39:36,Force Core(High,178273,891365,5,,835000
3162,2026-09-30T07:50:23,2026-09-30T07:39:36,Force Core (Ultimate,355255,6394590,18,,5999976
3163,2026-09-30T07:55:46,2026-09-30T07:39:36,Force Core(High,178263,5347890,30,,5010000
3164,2026-09-30T07:58:18,2026-09-30T07:39:36,Force Core (Ultimate,355249,3552490,10,,3333320
3165,2026-09-30T07:58:38,2026-09-30T07:39:36,Force Core (Ultimate,355248,3552480,10,,3333320
3166,2026-09-30T08:07:39,2026-09-30T07:39:36,Upgrade Core (Ultimate,455861,7293776,16,,6628560
3167,2026-09-30T08:14:16,2026-09-30T07:39:36,Force Core (Ultimate,355234,52219398,147,,48999804
3168,2026-09-30T08:19:00,2026-09-30T07:39:36,Force Core (Ultimate,355231,18827243,53,,17666596
3169,2026-09-30T08:20:20,2026-09-30T07:39:36,Force Core (Ultimate,355226,15985170,45,,14999940
3170,2026-09-30T08:21:34,2026-09-30T07:39:36,Force Core(High,178228,29585848,166,,27722000
3171,2026-09-30T08:22:45,2026-09-30T07:39:36,Chaos Core Set X 255,729526,186029384,255,,183687465
3172,2026-09-30T08:23:39,2026-09-30T07:39:36,Chaos Core Set X 282,729525,205726331,282,,203136726
3173,2026-09-30T08:24:02,2026-09-30T07:39:36,Astral Core(Palladium) X 127,2621,332993,127,,332993
3174,2026-09-30T08:27:23,2026-09-30T07:39:36,Chaos Core Set X 210,729516,153198569,210,,151272030
3175,2026-09-30T08:28:58,2026-09-30T07:39:36,Chaos Core Set X 378,729510,275755157,378,,272289654
3176,2026-09-30T08:36:39,2026-09-30T07:39:36,Chaos Core Set X 198,729493,144439811,198,,142627914
3177,2026-09-30T08:37:55,2026-09-30T07:39:36,Chaos Core Set X 111,729491,80973611,111,,78799455
3178,2026-09-30T08:44:22,2026-09-30T07:39:36,Astral Core(Palladium) X 127,2620,665732,254,,665732
3179,2026-09-30T08:45:05,2026-09-30T07:39:36,Chaos Core Set,729472,135681977,186,,133738650
3180,2026-09-30T08:48:12,2026-09-30T07:39:36,Chaos Core Set X 72,729474,52522199,72,,51864696
3181,2026-09-30T08:49:20,2026-09-30T07:39:36,Chaos Core Set X 270,729474,196958249,270,,194492610
3182,2026-09-30T08:49:37,2026-09-30T07:39:36,Chaos Core Set X 96,729473,70029503,96,,69152928
3183,2026-09-30T08:49:55,2026-09-30T07:39:36,Chaos Core Set X 141,729471,102855551,141,,101568363
3184,2026-09-30T08:51:10,2026-09-30T07:39:36,Chaos Core Set X 291,729469,212275769,291,,209217069
3185,2026-09-30T08:51:36,2026-09-30T07:39:36,Chaos Core Set,729464,100666169,138,,99607572
3186,2026-09-30T08:58:07,2026-09-30T07:39:36,Chaos Core Set,729458,140056127,192,,137362176
3187,2026-09-30T09:00:33,2026-09-30T07:39:36,Upgrade Core (Ultimate,455787,911574,2,,828570
3188,2026-09-30T09:22:59,2026-09-30T07:39:36,Force Core(High,178145,1959595,11,,1837000
3189,2026-09-30T09:54:11,2026-09-30T07:39:36,Upgrade Core (Ultimate,455686,455686,1,,414285
3190,2026-09-30T09:56:55,2026-09-30T07:39:36,Chaos Core Set X 93,729392,67833548,93,,67263180
3191,2026-09-30T09:57:11,2026-09-30T07:39:36,Chaos Core Set,729389,157548239,216,,155311992
3192,2026-09-30T10:03:22,2026-09-30T07:39:36,Chaos Core Set X 39,729382,28445936,39,,28093377
3193,2026-09-30T10:09:52,2026-09-30T07:39:36,Chaos Core Set X 28,729381,20422695,28,,19874680
3194,2026-09-30T10:11:56,2026-09-30T07:39:36,Chaos Core Set,729372,54702974,75,,53331675
3195,2026-09-30T10:12:10,2026-09-30T07:39:36,Chaos Core Set,729371,102841451,141,,100150044
3196,2026-09-30T10:18:45,2026-09-30T07:39:36,Chaos Core Set X 357,729365,260383661,357,,253470000
3197,2026-09-30T10:25:03,2026-09-30T07:39:36,Force Core(High,178081,1780810,10,,1670000
3198,2026-09-30T10:25:14,2026-09-30T07:39:36,Force Core(High,178080,2671200,15,,2505000
3199,2026-09-30T10:25:18,2026-09-30T07:39:36,Upgrade Core (Ultimate,455597,455597,1,,414285
3200,2026-09-30T10:25:36,2026-09-30T07:39:36,Chaos Core Set,729360,115968398,159,,112636713
3201,2026-09-30T10:30:05,2026-09-30T07:39:36,Chaos Core Set X 249,729362,181611386,249,,176790000
3202,2026-09-30T10:30:13,2026-09-30T07:39:36,Chaos Core Set,729359,266945759,366,,264291894
3203,2026-09-30T10:31:40,2026-09-30T07:39:36,Upgrade Core (Ultimate,455590,74716760,164,,67942740
3204,2026-09-30T10:50:54,2026-09-30T07:39:36,Upgrade Core (Ultimate,455565,3644520,8,,3314280
3205,2026-09-30T10:55:08,2026-09-30T07:39:36,Astral Core(Palladium) X 127,2508,5735556,2286,,5735556
3206,2026-09-30T10:57:17,2026-09-30T07:39:36,Chaos Core Set X 123,729322,89706728,123,,88834044
3207,2026-09-30T11:00:07,2026-09-30T07:39:36,Chaos Core Set X 72,729321,52511183,72,,51901992
3208,2026-09-30T11:01:30,2026-09-30T07:39:36,Force Core(High,178052,1780520,10,,1542850
3209,2026-09-30T11:04:57,2026-09-30T07:39:36,Upgrade Core (Ultimate,455552,4555520,10,,4142850
3210,2026-09-30T11:37:53,2026-09-30T07:39:36,Force Core(High,177977,1779770,10,,1670000
3211,2026-09-30T11:41:41,2026-09-30T07:39:36,Upgrade Core (Ultimate,455503,4099527,9,,3728565
3212,2026-09-30T11:51:03,2026-09-30T07:39:36,Force Core(High,177960,1779600,10,,1542850
3213,2026-09-30T11:54:59,2026-09-30T07:39:36,Force Core(High,177955,889775,5,,771425
3214,2026-09-30T12:07:52,2026-09-30T07:39:36,Force Core(High,177944,3558880,20,,3085700
3215,2026-09-30T12:16:46,2026-09-30T07:39:36,Force Core(High,177933,3558660,20,,3085700
3216,2026-09-30T12:17:35,2026-09-30T07:39:36,Force Core(High,176999,3539980,20,,3085700
3217,2026-09-30T12:21:17,2026-09-30T07:39:36,Force Core(High,176997,3539940,20,,3085700
3218,2026-09-30T12:21:58,2026-09-30T07:39:36,Chaos Core Set X 30,729156,21874709,30,,21663030
3219,2026-09-30T12:24:45,2026-09-30T07:39:36,Chaos Core Set X 18,729155,13124807,18,,13032072
3220,2026-09-30T12:26:38,2026-09-30T07:39:36,Chaos Core Set X 18,729154,13124789,18,,13091490
3221,2026-09-30T12:26:56,2026-09-30T07:39:36,Chaos Core Set X 48,729153,34999391,48,,34464000
3222,2026-09-30T12:31:59,2026-09-30T07:39:36,Blessing Bead - Superior,169999998,169999998,1,,163632220
3223,2026-09-30T12:34:17,2026-09-30T07:39:36,Force Core(High,176990,353980,2,,308570
3224,2026-09-30T12:34:37,2026-09-30T07:39:36,Chaos Core Set X 249,729145,181557353,249,,178782000
3225,2026-09-30T12:34:55,2026-09-30T07:39:36,Chaos Core Set,729144,87497399,120,,86082600
3226,2026-09-30T12:35:14,2026-09-30T07:39:36,Chaos Core Set,729142,179369177,246,,176473758
3227,2026-09-30T12:37:26,2026-09-30T07:39:36,Force Core (Ultimate,355005,1420020,4,,1333328
3228,2026-09-30T12:42:43,2026-09-30T07:39:36,Force Core(Highest,197563,3951260,20,,3840000
3229,2026-09-30T12:54:07,2026-09-30T07:39:36,Chaos Core Set X 204,729105,148737623,204,,146511576
3230,2026-09-30T12:55:29,2026-09-30T07:39:36,Force Core(High,176952,5308560,30,,4628550
3231,2026-09-30T12:59:07,2026-09-30T07:39:36,Chaos Core Set X 30,729103,21873119,30,,21332430
3232,2026-09-30T12:59:22,2026-09-30T07:39:36,Chaos Core Set X 24,729102,17498471,24,,17085432
3233,2026-09-30T13:00:39,2026-09-30T07:39:36,Chaos Core Set X 210,729107,153112679,210,,152011020
3234,2026-09-30T13:02:31,2026-09-30T07:39:36,Chaos Core Set X 192,729102,139987775,192,,138745536
3235,2026-09-30T13:11:29,2026-09-30T07:39:36,Force Core(High,176931,12385170,70,,10799950
3236,2026-09-30T13:22:32,2026-09-30T07:39:36,Upgrade Core (Ultimate,455352,22767600,50,,20714250
3237,2026-09-30T13:27:13,2026-09-30T07:39:36,Upgrade Core (Ultimate,455342,4553420,10,,4142850
3238,2026-09-30T13:28:32,2026-09-30T07:39:36,Chaos Core Set X 18,729066,13123205,18,,13205232
3239,2026-09-30T13:29:28,2026-09-30T07:39:36,Chaos Core Set X 84,729065,61241543,84,,60664464
3240,2026-09-30T13:29:37,2026-09-30T07:39:36,Chaos Core Set X 45,729064,32807924,45,,32502465
3241,2026-09-30T13:29:45,2026-09-30T07:39:36,Chaos Core Set X 51,729063,37182263,51,,36842961
3242,2026-09-30T13:35:05,2026-09-30T07:39:36,Upgrade Core (Ultimate,455332,6829980,15,,6214275
3243,2026-09-30T13:36:54,2026-09-30T07:39:36,Chaos Core Set X 144,729055,104984063,144,,103464432
3244,2026-09-30T13:37:11,2026-09-30T07:39:36,Chaos Core Set X 48,729054,34994639,48,,34660848
3245,2026-09-30T13:37:29,2026-09-30T07:39:36,Chaos Core Set X 114,729053,83112155,114,,81966000
3246,2026-09-30T13:38:59,2026-09-30T07:39:36,Chaos Core Set,729047,137790071,189,,136454220
3247,2026-09-30T13:43:40,2026-09-30T07:39:36,Chaos Core Set X 111,729032,80922662,111,,80112030
3248,2026-09-30T13:45:54,2026-09-30T07:39:36,Force Core(High,174987,25898076,148,,22834180
3249,2026-09-30T13:46:17,2026-09-30T07:39:36,Force Core(High,174986,22048236,126,,19439910
3250,2026-09-30T13:46:52,2026-09-30T07:39:36,Force Core(Highest,197476,1974760,10,,1920000
3251,2026-09-30T13:50:01,2026-09-30T07:39:36,Force Core(High,174984,3499680,20,,3340000
3252,2026-09-30T13:50:50,2026-09-30T07:39:36,Chaos Core Set X 18,729029,13122539,18,,13156740
3253,2026-09-30T13:51:38,2026-09-30T07:39:36,Chaos Core Set X 18,729025,13122467,18,,12997818
3254,2026-09-30T13:54:39,2026-09-30T07:39:36,Upgrade Core (Ultimate,449972,12599216,28,,11599980
3255,2026-09-30T13:54:50,2026-09-30T07:39:36,Upgrade Core (Ultimate,449971,5399652,12,,4971420
3256,2026-09-30T13:56:26,2026-09-30T07:39:36,Chaos Core Set,729023,83108735,114,,82344594
3257,2026-10-01T02:47:11,2026-10-01T02:41:41,Chaos Core Set X 24,749895,17997501,24,,17913000
3258,2026-10-01T02:51:53,2026-10-01T02:41:41,Force Core(Highest,198540,7941600,40,,7624000
3259,2026-10-01T02:53:08,2026-10-01T02:41:41,Chaos Core Set X 108,759895,82068767,108,,78124608
3260,2026-10-01T03:08:15,2026-10-01T03:05:08,Upgrade Core (Ultimate,429851,429851,1,,445000
3261,2026-10-01T03:08:51,2026-10-01T03:05:08,Chaos Core Set X 69,759894,52432754,69,,51750000
3262,2026-10-01T03:09:50,2026-10-01T03:05:08,Chaos Core Set X 72,774858,55789847,72,,54000000
3263,2026-10-01T03:17:20,2026-10-01T03:05:08,Force Core(High,169735,5092050,30,,4922400
3264,2026-10-01T03:24:03,2026-10-01T03:05:08,Force Core(High,169720,5091600,30,,4922400
3265,2026-10-01T03:30:48,2026-10-01T03:05:08,Force Core(Highest,198456,8732064,44,,8360000
3266,2026-10-01T03:32:30,2026-10-01T03:05:08,Force Core(Highest,198455,30760525,155,,29450000
3267,2026-10-01T03:36:47,2026-10-01T03:05:08,Force Core(High,169692,1696920,10,,1640800
3268,2026-10-01T03:46:54,2026-10-01T03:05:08,Force Core(High,169672,1527048,9,,1476720
3269,2026-10-01T03:47:06,2026-10-01T03:05:08,Force Core(High,169671,2205723,13,,2133040
3270,2026-10-01T04:27:54,2026-10-01T03:05:08,Force Core(High,168982,3886586,23,,3773840
3271,2026-10-01T04:40:10,2026-10-01T03:05:08,Force Core(High,168969,33286893,197,,32323760
3272,2026-10-01T04:45:10,2026-10-01T03:05:08,Chaos Core Set X 213,774734,165018554,213,,155821641
3273,2026-10-01T04:53:48,2026-10-01T03:05:08,Chaos Core Set X 171,774717,132476777,171,,125096247
3274,2026-10-01T04:58:34,2026-10-01T03:05:08,Force Core(High,168951,5913285,35,,5742800
3275,2026-10-01T04:59:46,2026-10-01T03:05:08,Chaos Core Set X 60,774715,46482959,60,,44652720
3276,2026-10-01T05:00:05,2026-10-01T03:05:08,Chaos Core Set X 18,774714,13944869,18,,13434192
3277,2026-10-01T05:00:14,2026-10-01T03:05:08,Chaos Core Set X 291,774713,225441773,291,,215524785
3278,2026-10-01T05:00:22,2026-10-01T03:05:08,Chaos Core Set X 18,774712,13944833,18,,13422870
3279,2026-10-01T05:00:31,2026-10-01T03:05:08,Chaos Core Set X 249,774711,192903287,249,,181839222
3280,2026-10-01T05:06:31,2026-10-01T03:05:08,Force Core(High,168945,1689450,10,,1640800
3281,2026-10-01T05:13:15,2026-10-01T03:05:08,Force Core(High,168938,2703008,16,,2625280
3282,2026-10-01T05:14:16,2026-10-01T03:05:08,Chaos Core Set X 177,759999,134519999,177,,131468697
3283,2026-10-01T05:22:31,2026-10-01T03:05:08,Force Core(Highest,198275,3965500,20,,3800000
3284,2026-10-01T05:25:45,2026-10-01T03:05:08,Upgrade Core (Ultimate),456075,108545850,238,,105910000
3285,2026-10-01T05:38:32,2026-10-01T03:05:08,Chaos Core Set X 249,759976,189234272,249,,181547643
3286,2026-10-01T05:38:49,2026-10-01T03:05:08,Chaos Core Set X 201,759975,152755175,201,,145311342
3287,2026-10-01T05:39:07,2026-10-01T03:05:08,Chaos Core Set X 192,759974,145915199,192,,142465920
3288,2026-10-01T05:39:24,2026-10-01T03:05:08,Upgrade Core (Ultimate,456075,912150,2,,890000
3289,2026-10-01T05:39:28,2026-10-01T03:05:08,Chaos Core Set X 180,759973,136795319,180,,131460480
3290,2026-10-01T05:39:46,2026-10-01T03:05:08,Chaos Core Set X 114,759972,86636921,114,,82415388
3291,2026-10-01T05:40:03,2026-10-01T03:05:08,Chaos Core Set X 114,759971,86636807,114,,82415388
3292,2026-10-01T05:51:40,2026-10-01T03:05:08,Force Core(High,168912,1689120,10,,1640800
3293,2026-10-01T07:15:00,2026-10-01T07:07:47,Upgrade Core (Ultimate,456075,1368225,3,,1335000
3294,2026-10-01T07:15:12,2026-10-01T07:07:47,Chaos Core Set X 204,749966,152993267,204,,150357384
3295,2026-10-01T07:19:23,2026-10-01T07:07:47,Force Core(High,168840,5065200,30,,4387740
3296,2026-10-01T07:23:19,2026-10-01T07:07:47,Force Core(Highest,198156,33884676,171,,32603886
3297,2026-10-01T07:43:20,2026-10-01T07:39:53,Force Core(Highest,198145,3962900,20,,3813280
3298,2026-10-01T07:44:29,2026-10-01T07:39:53,Chaos Core Set X 225,736385,165686849,225,,165280500
3299,2026-10-01T07:44:37,2026-10-01T07:39:53,Upgrade Core (Ultimate,456025,17328950,38,,16910000
3300,2026-10-01T07:44:41,2026-10-01T07:39:53,Chaos Core Set X 189,736384,139176764,189,,138835620
3301,2026-10-01T07:44:49,2026-10-01T07:39:53,Chaos Core Set X 108,736383,79529471,108,,79334640
3302,2026-10-01T07:44:57,2026-10-01T07:39:53,Chaos Core Set X 360,736382,265097879,360,,264448800
3303,2026-10-01T07:45:06,2026-10-01T07:39:53,Chaos Core Set X 291,736381,214287161,291,,213762780
3304,2026-10-01T07:52:00,2026-10-01T07:39:53,Chaos Core Set X 171,736379,125920979,171,,125613180
3305,2026-10-01T07:56:19,2026-10-01T07:39:53,Force Core(High,165000,2145000,13,,1901341
3306,2026-10-01T07:56:33,2026-10-01T07:39:53,Force Core(Highest,193994,3879880,20,,3813280
3307,2026-10-01T07:56:49,2026-10-01T07:39:53,Upgrade Core (Ultimate,456070,114017500,250,,111250000
3308,2026-10-01T07:56:53,2026-10-01T07:39:53,Upgrade Core (Ultimate,456069,11401725,25,,11125000
3309,2026-10-01T07:56:57,2026-10-01T07:39:53,Upgrade Core (Ultimate),456072,114018000,250,,111207000
3310,2026-10-01T07:57:01,2026-10-01T07:39:53,Upgrade Core (Ultimate),456071,31924970,70,,31137960
3311,2026-10-01T08:17:58,2026-10-01T08:17:00,Force Core(Highest,192496,192496,1,,190664
3312,2026-10-01T08:26:32,2026-10-01T08:18:46,Upgrade Core (Ultimate,456051,20978346,46,,20470000
3313,2026-10-01T08:37:24,2026-10-01T08:18:46,Upgrade Core (Ultimate,456046,4560460,10,,4450000
3314,2026-10-01T08:44:30,2026-10-01T08:18:46,Upgrade Core (Ultimate,456041,2736246,6,,2670000
3315,2026-10-01T08:46:10,2026-10-01T08:18:46,Force Core(Highest,192233,3844660,20,,3813260
3316,2026-10-01T08:48:02,2026-10-01T08:18:46,Upgrade Core (Ultimate,456039,20065716,44,,19580000
3317,2026-10-01T09:25:54,2026-10-01T08:18:46,Upgrade Core (Ultimate,456005,4560050,10,,4450000
3318,2026-10-01T09:36:06,2026-10-01T08:18:46,Chaos Core Set X 180,736318,132537419,180,,130583880
3319,2026-10-01T09:36:39,2026-10-01T08:18:46,Upgrade Core (Ultimate,455992,7295872,16,,7120000
3320,2026-10-01T09:36:43,2026-10-01T08:18:46,Chaos Core Set,736314,125909864,171,,123641208
3321,2026-10-01T09:51:24,2026-10-01T08:18:46,Upgrade Core (Ultimate,455980,4103820,9,,4005000
3322,2026-10-01T09:51:35,2026-10-01T08:18:46,Upgrade Core (Ultimate,455979,13679370,30,,13350000
3323,2026-10-01T09:51:54,2026-10-01T08:18:46,Chaos Core Set X 132,736310,97193051,132,,95428344
3324,2026-10-01T09:52:08,2026-10-01T08:18:46,Chaos Core Set,736308,183340940,249,,180030735
3325,2026-10-01T09:52:28,2026-10-01T08:18:46,Chaos Core Set,736307,35342783,48,,34710288
3326,2026-10-01T09:52:47,2026-10-01T08:18:46,Chaos Core Set,736305,134743997,183,,132298386
3327,2026-10-01T09:53:06,2026-10-01T08:18:46,Chaos Core Set,736304,136952729,186,,134467212
3328,2026-10-01T09:57:25,2026-10-01T08:18:46,Force Core(Highest,192096,1728864,9,,1715967
3329,2026-10-01T10:05:44,2026-10-01T08:18:46,Upgrade Core (Ultimate,455957,22797850,50,,22250000
3330,2026-10-01T10:09:11,2026-10-01T08:18:46,Upgrade Core (Ultimate,455952,12766656,28,,12460000
3331,2026-10-01T10:09:30,2026-10-01T08:18:46,Chaos Core Set X 48,736386,35346575,48,,34719360
3332,2026-10-01T10:09:39,2026-10-01T08:18:46,Upgrade Core (Ultimate,455951,9119020,20,,8900000
3333,2026-10-01T10:20:24,2026-10-01T08:18:46,Upgrade Core (Ultimate,455949,106236117,233,,103685000
3334,2026-10-01T10:20:28,2026-10-01T08:18:46,Upgrade Core (Ultimate,455948,45594800,100,,44500000
3335,2026-10-01T10:29:34,2026-10-01T08:18:46,Upgrade Core (Ultimate,455952,14134512,31,,13795000
3336,2026-10-01T10:32:35,2026-10-01T08:18:46,Upgrade Core (Ultimate,455952,49242816,108,,48060000
3337,2026-10-01T10:34:52,2026-10-01T08:18:46,Force Core (Ultimate,329980,329980,1,,328490
3338,2026-10-01T10:38:49,2026-10-01T08:18:46,Upgrade Core (Ultimate,455969,27814109,61,,27145000
3339,2026-10-01T10:54:27,2026-10-01T08:18:46,Chaos Core Set X 33,749943,24748151,33,,24557841
3340,2026-10-01T11:11:10,2026-10-01T08:18:46,Force Core(Highest,192032,4032672,21,,4003923
3341,2026-10-01T11:21:29,2026-10-01T08:18:46,Upgrade Core (Ultimate,456012,114003000,250,,111250000
3342,2026-10-01T11:21:56,2026-10-01T08:18:46,Upgrade Core (Ultimate,456010,22800500,50,,22249050
3343,2026-10-01T11:27:11,2026-10-01T08:18:46,Force Core (Ultimate,329923,3299230,10,,3284900
3344,2026-10-01T11:34:51,2026-10-01T08:18:46,Blessing Bead - Superior,194999999,194999999,1,,161690000
3345,2026-10-01T11:39:07,2026-10-01T08:18:46,Chaos Core Set X 156,749324,116894699,156,,113513088
3346,2026-10-01T11:42:47,2026-10-01T08:18:46,Force Core(Highest,192016,48004000,250,,47665750
3347,2026-10-01T11:42:55,2026-10-01T08:18:46,Force Core(Highest,192015,3072240,16,,3050608
3348,2026-10-01T11:43:18,2026-10-01T08:18:46,Upgrade Core (Ultimate,455997,4559970,10,,4450000
3349,2026-10-01T11:43:34,2026-10-01T08:18:46,Chaos Core Set,749317,38215217,51,,37692978
3350,2026-10-01T11:46:23,2026-10-01T08:18:46,Upgrade Core (Ultimate,455993,22799650,50,,22250000
3351,2026-10-01T11:46:35,2026-10-01T08:18:46,Upgrade Core (Ultimate,455991,911982,2,,889962
3352,2026-10-01T11:48:29,2026-10-01T08:18:46,Force Core (Ultimate,329903,16495150,50,,16424500
3353,2026-10-01T11:49:20,2026-10-01T08:18:46,Upgrade Core (Ultimate,456003,912006,2,,890000
3354,2026-10-01T12:01:04,2026-10-01T08:18:46,Chaos Core Set,749299,83172299,111,,82127790
3355,2026-10-01T12:04:51,2026-10-01T08:18:46,Upgrade Core (Ultimate,456017,456017,1,,445000
3356,2026-10-01T12:05:11,2026-10-01T08:18:46,Upgrade Core (Ultimate,456016,22800800,50,,22250000
3357,2026-10-01T12:06:45,2026-10-01T08:18:46,Chaos Core Set,749293,40461875,54,,39849678
3358,2026-10-01T12:09:14,2026-10-01T08:18:46,Force Core (Ultimate,329882,65976400,200,,65698000
3359,2026-10-01T12:09:37,2026-10-01T08:18:46,Force Core (Ultimate,329881,38596077,117,,38433330
3360,2026-10-01T12:10:30,2026-10-01T08:18:46,Upgrade Core (Ultimate,456024,912048,2,,890000
3361,2026-10-01T12:10:44,2026-10-01T08:18:46,Chaos Core Set,749290,148359617,198,,142597818
3362,2026-10-01T12:11:03,2026-10-01T08:18:46,Upgrade Core (Ultimate),456023,8664437,19,,8455000
3363,2026-10-01T12:13:23,2026-10-01T08:18:46,Upgrade Core (Ultimate,456024,6840360,15,,6675000
3364,2026-10-01T12:17:34,2026-10-01T08:18:46,Upgrade Core (Ultimate),456024,22801200,50,,22250000
3365,2026-10-01T12:24:52,2026-10-01T08:18:46,Force Core (Ultimate,329877,1319508,4,,1313960
3366,2026-10-01T12:42:11,2026-10-01T08:18:46,Chaos Core Set X 18,749259,13486679,18,,13364406
3367,2026-10-01T12:42:29,2026-10-01T08:18:46,Chaos Core Set X 18,749258,13486661,18,,13469850
3368,2026-10-01T12:43:14,2026-10-01T08:18:46,Chaos Core Set,749257,101149829,135,,98550000
3369,2026-10-01T12:50:32,2026-10-01T08:18:46,Chaos Core Set,749244,143855039,192,,134400000
3370,2026-10-01T12:53:58,2026-10-01T08:18:46,Chaos Core Set X 141,749240,105642980,141,,101166090
3371,2026-10-01T12:54:06,2026-10-01T08:18:46,Chaos Core Set X 267,749239,200047079,267,,194931093
3372,2026-10-01T12:54:14,2026-10-01T08:18:46,Chaos Core Set X 249,749238,186560510,249,,179280000
3373,2026-10-01T12:54:23,2026-10-01T08:18:46,Chaos Core Set X 42,749237,31467995,42,,30264990
3374,2026-10-01T13:00:10,2026-10-01T08:18:46,Chaos Core Set X 120,749235,89908319,120,,86400000
3375,2026-10-01T20:18:45,2026-10-01T20:02:53,Force Core(High,165000,3795000,23,,3668960
3376,2026-10-01T22:06:41,2026-10-01T22:00:53,Upgrade Core (Ultimate,455576,6378064,14,,6045452
3377,2026-10-01T22:11:23,2026-10-01T22:00:53,Chaos Core Set X 42,776866,32628413,42,,30887640
3378,2026-10-01T22:12:51,2026-10-01T22:00:53,Chaos Core Set X 396,776864,307638539,396,,291226320
3379,2026-10-01T22:16:14,2026-10-01T22:00:53,Chaos Core Set X 240,776851,186444479,240,,176500800
3380,2026-10-01T22:16:22,2026-10-01T22:00:53,Chaos Core Set X 249,776850,193435898,249,,183119580
3381,2026-10-01T22:19:52,2026-10-01T22:00:53,Chaos Core Set X 315,776835,244703339,315,,231657300
3382,2026-10-01T22:20:01,2026-10-01T22:00:53,Chaos Core Set X 459,776834,356567264,459,,337557780
3383,2026-10-01T22:29:05,2026-10-01T22:00:53,Force Core(High,165000,1650000,10,,1595200
3384,2026-10-01T22:40:29,2026-10-01T22:00:53,Force Core(Highest,191952,1919520,10,,1901500
3385,2026-10-01T22:40:56,2026-10-01T22:00:53,Force Core(High,165000,1320000,8,,1276160
3386,2026-10-01T22:44:26,2026-10-01T22:00:53,Force Core(High,165000,495000,3,,478560
3387,2026-10-01T22:47:57,2026-10-01T22:00:53,Force Core(High,165000,1650000,10,,1595200
3388,2026-10-01T23:00:28,2026-10-01T22:00:53,Chaos Core Set X 177,776687,137473775,177,,130705650
3389,2026-10-01T23:03:38,2026-10-01T22:00:53,Force Core(High,165000,7425000,45,,7178400
3390,2026-10-01T23:10:38,2026-10-01T22:00:53,Chaos Core Set X 96,776655,74558975,96,,70600320
3391,2026-10-01T23:15:40,2026-10-01T22:00:53,Upgrade Core (Ultimate,455387,36430960,80,,34545440
3392,2026-10-01T23:15:51,2026-10-01T22:00:53,Upgrade Core (Ultimate,455386,4553860,10,,4318180
3393,2026-10-01T23:26:57,2026-10-01T22:00:53,Upgrade Core (Ultimate,455364,17759196,39,,16840902
3394,2026-10-01T23:51:43,2026-10-01T23:37:19,Upgrade Core (Ultimate,455334,10017348,22,,9499996
3395,2026-10-01T23:52:54,2026-10-01T23:37:19,Chaos Core Set X 249,776534,193357214,249,,179774514
3396,2026-10-01T23:53:02,2026-10-01T23:37:19,Chaos Core Set X 390,776533,302848259,390,,288600000
3397,2026-10-01T23:54:34,2026-10-01T23:37:19,Force Core(High,165000,4950000,30,,4785600
3398,2026-10-01T23:56:11,2026-10-01T23:37:19,Force Gem Package,187699999,187699999,1,,187500000
3399,2026-10-02T00:07:31,2026-10-01T23:37:19,Upgrade Core (Ultimate,455302,67384696,148,,63909064
3400,2026-10-02T00:14:47,2026-10-01T23:37:19,Force Gem Package,187699999,187699999,1,,187500000
3401,2026-10-02T00:38:16,2026-10-01T23:37:19,Force Core(High,165000,1650000,10,,1595200
3402,2026-10-02T00:39:18,2026-10-01T23:37:19,Upgrade Core (Ultimate,455260,12292020,27,,11659086
3403,2026-10-02T01:32:59,2026-10-01T23:37:19,Chaos Core Set X 393,740000,290820000,393,,283740498
3404,2026-10-02T01:41:11,2026-10-01T23:37:19,Chaos Core Set X 249,740000,184260000,249,,179774514
3405,2026-10-02T01:41:19,2026-10-01T23:37:19,Chaos Core Set X 192,740000,142080000,192,,138621312
3406,2026-10-02T01:41:28,2026-10-01T23:37:19,Chaos Core Set X 183,740000,135420000,183,,132123438
3407,2026-10-02T01:42:25,2026-10-01T23:37:19,Chaos Core Set X 174,740000,128760000,174,,125625564
3408,2026-10-02T01:45:05,2026-10-01T23:37:19,Chaos Core Set X 99,740000,73260000,99,,71476614
3409,2026-10-02T01:46:21,2026-10-01T23:37:19,Force Core(High,165000,37950000,230,,36689600
3410,2026-10-02T02:07:14,2026-10-01T23:37:19,Force Core(High,165000,330000,2,,319040
3411,2026-10-02T02:12:36,2026-10-01T23:37:19,Upgrade Core (Ultimate,455067,2730402,6,,2590908
3412,2026-10-02T02:23:07,2026-10-01T23:37:19,Force Core(High,165000,1485000,9,,1435680
3413,2026-10-02T02:29:39,2026-10-01T23:37:19,Upgrade Core (Ultimate,455021,29121344,64,,27636352
3414,2026-10-02T02:31:57,2026-10-01T23:37:19,Upgrade Core (Ultimate,455013,3640104,8,,3454544
3415,2026-10-02T02:32:06,2026-10-01T23:37:19,Upgrade Core (Ultimate,455012,1820048,4,,1727272
3416,2026-10-02T02:34:39,2026-10-01T23:37:19,Force Core(High,165000,660000,4,,638080
3417,2026-10-02T02:38:34,2026-10-01T23:37:19,Force Core(High,165000,1650000,10,,1595200
3418,2026-10-02T02:39:10,2026-10-01T23:37:19,Force Core(High,165000,4950000,30,,4785600
3419,2026-10-02T02:47:11,2026-10-01T23:37:19,Chaos Core Set,741438,197964212,267,,196410273
3420,2026-10-02T02:48:29,2026-10-01T23:37:19,Chaos Core Set,741436,126785726,171,,125567010
3421,2026-10-02T02:48:43,2026-10-01T23:37:19,Chaos Core Set,741434,55607624,75,,55076550
3422,2026-10-02T02:52:31,2026-10-01T23:37:19,Upgrade Core (Ultimate,599990,72598790,121,,53903564
3423,2026-10-02T02:52:42,2026-10-01T23:37:19,Force Core(High,165000,8250000,50,,7975950
3424,2026-10-02T02:52:53,2026-10-01T23:37:19,Force Core(High,165000,7590000,46,,7337874
3425,2026-10-02T03:05:33,2026-10-01T23:37:19,Upgrade Core (Ultimate,599986,119997200,200,,89096800
3426,2026-10-02T03:05:44,2026-10-01T23:37:19,Upgrade Core (Ultimate,599985,49798755,83,,36975172
3427,2026-10-02T03:05:58,2026-10-01T23:37:19,Chaos Core Set X 228,769994,175558859,228,,167297964
3428,2026-10-02T03:06:16,2026-10-01T23:37:19,Chaos Core Set X 18,769993,13859891,18,,13416300
3429,2026-10-02T03:06:34,2026-10-01T23:37:19,Chaos Core Set,776469,13976459,18,,13468248
3430,2026-10-02T03:11:41,2026-10-01T23:37:19,Force Core(Highest,191964,9406236,49,,8493366
3431,2026-10-02T03:29:46,2026-10-01T23:37:19,Armor Account bind Unseal Stone,187500000,187500000,1,,187500000
3432,2026-10-02T03:54:16,2026-10-01T23:37:19,Upgrade Core (Ultimate,599929,118785942,198,,88205832
3433,2026-10-02T03:54:27,2026-10-01T23:37:19,Upgrade Core (Ultimate,599928,17997840,30,,13364520
3434,2026-10-02T03:54:38,2026-10-01T23:37:19,Chaos Core Set X 147,749981,110247353,147,,109199391
3435,2026-10-02T03:54:55,2026-10-01T23:37:19,Chaos Core Set X 240,749980,179995439,240,,177740400
3436,2026-10-02T03:55:11,2026-10-01T23:37:19,Chaos Core Set X 108,749979,80997839,108,,78435216
3437,2026-10-02T03:58:34,2026-10-01T23:37:19,Upgrade Core (Ultimate,599927,11998540,20,,8909680
3438,2026-10-02T04:02:39,2026-10-01T23:37:19,Force Core(High,165000,14025000,85,,13559115
3439,2026-10-02T04:02:58,2026-10-01T23:37:19,Upgrade Core (Ultimate,599924,31196048,52,,23165168
3440,2026-10-02T04:03:16,2026-10-01T23:37:19,Upgrade Core (Ultimate,599923,20997305,35,,15591940
3441,2026-10-02T04:08:48,2026-10-01T23:37:19,Force Core(High,165000,1650000,10,,1595200
3442,2026-10-02T04:09:40,2026-10-01T23:37:19,Force Core(High,165000,3300000,20,,3190380
3443,2026-10-02T04:12:58,2026-10-01T23:37:19,Force Core(High,165000,1650000,10,,1595190
3444,2026-10-02T04:26:59,2026-10-01T23:37:19,Chaos Core Set X 156,749931,116989391,156,,114576072
3445,2026-10-02T04:28:21,2026-10-01T23:37:19,Chaos Core Set X 168,749930,125988407,168,,123364584
3446,2026-10-02T04:30:10,2026-10-01T23:37:19,Upgrade Core (Ultimate,467125,15882250,34,,15146456
3447,2026-10-02T04:34:03,2026-10-01T23:37:19,Chaos Core Set,749921,159733385,213,,156945003
3448,2026-10-02T04:34:15,2026-10-01T23:37:19,Chaos Core Set,749919,276720479,369,,272341926
3449,2026-10-02T04:35:06,2026-10-01T23:37:19,Force Core (Ultimate,348836,31046404,89,,29224040
3450,2026-10-02T04:38:30,2026-10-01T23:37:19,Chaos Core Set X 33,749913,24747161,33,,24013836
3451,2026-10-02T04:40:19,2026-10-01T23:37:19,Force Core(High,165000,2475000,15,,2392785
3452,2026-10-02T04:43:49,2026-10-01T23:37:19,Force Core(High,165000,4620000,28,,4456452
3453,2026-10-02T04:58:32,2026-10-01T23:37:19,Force Core(High,165000,3300000,20,,3183180
3454,2026-10-02T04:59:04,2026-10-01T23:37:19,Force Core (Ultimate,348811,14301251,41,,13462760
3455,2026-10-02T05:02:41,2026-10-01T23:37:19,Force Core(High,165000,3300000,20,,3190380
3456,2026-10-02T05:04:00,2026-10-01T23:37:19,Chaos Core Set X 255,758780,193489154,255,,189689145
3457,2026-10-02T05:04:32,2026-10-01T23:37:19,Chaos Core Set X 174,758779,132027719,174,,129479838
3458,2026-10-02T05:06:50,2026-10-01T23:37:19,Chaos Core Set X 183,758769,138854909,183,,135410118
3459,2026-10-02T05:09:14,2026-10-01T23:37:19,Force Core(High,165000,1155000,7,,1116640
3460,2026-10-02T05:15:16,2026-10-01T23:37:19,Force Core(High,165000,1650000,10,,1595190
3461,2026-10-02T05:16:43,2026-10-01T23:37:19,Chaos Core Set X 246,758754,186653729,246,,180488232
3462,2026-10-02T05:17:58,2026-10-01T23:37:19,Chaos Core Set X 66,758750,50077565,66,,48365790
3463,2026-10-02T05:27:15,2026-10-01T23:37:19,Force Core(High,165000,165000,1,,159159
3464,2026-10-02T05:30:39,2026-10-01T23:37:19,Force Gem Package,187699999,187699999,1,,187500000
3465,2026-10-02T05:31:56,2026-10-01T23:37:19,Force Core(High,165000,3300000,20,,3190380
3466,2026-10-02T05:36:22,2026-10-01T23:37:19,Force Core(High,165000,11550000,70,,11141130
3467,2026-10-02T05:36:54,2026-10-01T23:37:19,Force Core (Ultimate,348779,6626801,19,,6238840
3468,2026-10-02T05:39:35,2026-10-01T23:37:19,Force Core(High,165000,8250000,50,,7976000
3469,2026-10-02T05:43:56,2026-10-01T23:37:19,Upgrade Core (Ultimate,498999,9480981,19,,8464196
3470,2026-10-02T05:44:15,2026-10-01T23:37:19,Force Core(High,165000,3795000,23,,3660657
3471,2026-10-02T05:44:56,2026-10-01T23:37:19,Upgrade Core (Ultimate,498998,17464930,35,,15591905
3472,2026-10-02T05:49:24,2026-10-01T23:37:19,Upgrade Core (Ultimate,498999,14969970,30,,13364520
3473,2026-10-02T05:49:28,2026-10-01T23:37:19,Force Core(High,165000,1650000,10,,1595190
3474,2026-10-02T06:52:41,2026-10-02T06:43:45,Armor Account bind Unseal Stone,187500000,187500000,1,,182500000
3475,2026-10-02T06:53:22,2026-10-02T06:43:45,Force Gem Package,187699999,187699999,1,,182500000
3476,2026-10-02T06:54:37,2026-10-02T06:43:45,Force Core(High,165000,165000,1,,152899
3477,2026-10-02T06:54:41,2026-10-02T06:43:45,Force Core(High,165000,165000,1,,152899
3478,2026-10-02T06:54:56,2026-10-02T06:43:45,Force Core(High,165000,165000,1,,152899
3479,2026-10-02T07:03:15,2026-10-02T06:43:45,Chaos Core Set X 237,749973,177743837,237,,173010000
3480,2026-10-02T07:03:32,2026-10-02T06:43:45,Chaos Core Set X 294,749972,220492061,294,,214620000
3481,2026-10-02T07:04:55,2026-10-02T06:43:45,Chaos Core Set X 222,749971,166493783,222,,162060000
3482,2026-10-02T07:08:23,2026-10-02T06:43:45,Armor Account bind Unseal Stone,187499999,187499999,1,,182500000
3483,2026-10-02T07:09:26,2026-10-02T06:43:45,Astral Bikecard - Type: RW3,25545551,25545551,1,,25545551
3484,2026-10-02T07:09:30,2026-10-02T06:43:45,Chaos Core Set X 18,749966,13499405,18,,13412016
3485,2026-10-02T07:16:25,2026-10-02T06:43:45,Chaos Core Set X 60,749956,44997419,60,,43762560
3486,2026-10-02T07:17:54,2026-10-02T06:43:45,Armor Account bind Unseal Stone,187499999,187499999,1,,182500000
3487,2026-10-02T07:20:49,2026-10-02T06:43:45,Force Core(High,165000,24750000,150,,22934550
3488,2026-10-02T07:30:52,2026-10-02T06:43:45,Force Core(High,165000,1650000,10,,1528970
3489,2026-10-02T07:31:21,2026-10-02T06:43:45,Force Core(High,165000,6600000,40,,6115880
3490,2026-10-02T07:31:36,2026-10-02T06:43:45,Upgrade Core (Ultimate,509761,20900201,41,,18344671
3491,2026-10-02T07:31:40,2026-10-02T06:43:45,Upgrade Core (Ultimate,509760,10195200,20,,9509500
3492,2026-10-02T07:31:44,2026-10-02T06:43:45,Chaos Core Set,749932,148486733,198,,144458424
3493,2026-10-02T07:35:53,2026-10-02T06:43:45,Chaos Core Set X 48,749936,35996975,48,,34921680
3494,2026-10-02T07:37:30,2026-10-02T06:43:45,Force Core(High,165000,3300000,20,,3057940
3495,2026-10-02T07:41:15,2026-10-02T06:43:45,Force Core(High,165000,4620000,28,,4281116
3496,2026-10-02T07:44:22,2026-10-02T06:43:45,Chaos Core Set X 267,749911,200226503,267,,193443903
3497,2026-10-02T07:51:50,2026-10-02T06:43:45,Chaos Core Set X 315,749899,236218499,315,,229936455
3498,2026-10-02T08:11:25,2026-10-02T06:43:45,Chaos Core Set X 258,749849,193461299,258,,187900626
3499,2026-10-02T08:17:50,2026-10-02T06:43:45,Force Core(High,165000,1650000,10,,1528970
3500,2026-10-02T08:18:23,2026-10-02T06:43:45,Force Core(High,165000,1650000,10,,1528970
3501,2026-10-02T08:30:14,2026-10-02T06:43:45,Force Core(High,165000,5610000,34,,5198498
3502,2026-10-02T08:34:23,2026-10-02T06:43:45,Force Core(High,165000,1650000,10,,1528970
3503,2026-10-02T08:35:51,2026-10-02T06:43:45,Force Core(Highest,189983,3799660,20,,3694180
3504,2026-10-02T08:38:49,2026-10-02T06:43:45,Force Core(High,165000,9900000,60,,9173820
3505,2026-10-02T08:42:06,2026-10-02T06:43:45,Force Core (Ultimate,348652,71473660,205,,67313595
3506,2026-10-02T08:42:17,2026-10-02T06:43:45,Force Core (Ultimate,348651,6973020,20,,6567180
3507,2026-10-02T08:42:58,2026-10-02T06:43:45,Force Core(High,165000,1650000,10,,1528970
3508,2026-10-02T08:43:48,2026-10-02T06:43:45,Chaos Core Set X 18,749753,13495571,18,,13415724
3509,2026-10-02T08:43:56,2026-10-02T06:43:45,Chaos Core Set X 18,749752,13495553,18,,13393296
3510,2026-10-02T08:46:20,2026-10-02T06:43:45,Force Core (Ultimate,348648,10459440,30,,9850770
3511,2026-10-02T08:51:33,2026-10-02T06:43:45,Force Core(High,165000,9900000,60,,8705880
3512,2026-10-02T08:54:42,2026-10-02T06:43:45,Chaos Core Set X 18,749729,13495139,18,,13413150
3513,2026-10-02T08:55:18,2026-10-02T06:43:45,Chaos Core Set X 210,749728,157443089,210,,152271000
3514,2026-10-02T08:56:43,2026-10-02T06:43:45,Chaos Core Set X 18,749727,13495103,18,,13412016
3515,2026-10-02T09:39:41,2026-10-02T09:35:38,Chaos Core Set X 16,758777,12140444,16,,11972032
3516,2026-10-02T09:42:24,2026-10-02T09:35:38,Upgrade Core (Ultimate,447429,1342287,3,,1340004
3517,2026-10-02T09:43:44,2026-10-02T09:35:38,Force Core(High,165000,3300000,20,,2901740
3518,2026-10-02T09:44:30,2026-10-02T09:35:38,Upgrade Core (Ultimate,447428,894856,2,,893336
3519,2026-10-02T09:50:13,2026-10-02T09:35:38,Force Core(High,165000,13200000,80,,11606960
3520,2026-10-02T09:50:40,2026-10-02T09:35:38,Force Core(Highest,189922,2089142,11,,2031788
3521,2026-10-02T09:51:07,2026-10-02T09:35:38,Upgrade Core (Ultimate,447423,4474230,10,,4466680
3522,2026-10-02T10:07:40,2026-10-02T09:35:38,Force Core (Ultimate,348600,697200,2,,656718
3523,2026-10-02T10:28:31,2026-10-02T09:35:38,Upgrade Core (Ultimate,447395,29080675,65,,29033420
3524,2026-10-02T10:30:02,2026-10-02T09:35:38,Chaos Core Set X 114,776543,88526015,114,,82792728
3525,2026-10-02T10:31:37,2026-10-02T09:35:38,Force Core(High,165000,3300000,20,,2901740
3526,2026-10-02T10:33:02,2026-10-02T09:35:38,Upgrade Core (Ultimate,447393,44739300,100,,44666800
3527,2026-10-02T10:35:15,2026-10-02T09:35:38,Force Core(High,165000,165000,1,,145087
3528,2026-10-02T10:39:14,2026-10-02T09:35:38,Force Core(High,165000,165000,1,,145087
3529,2026-10-02T10:40:25,2026-10-02T09:35:38,Upgrade Core (Ultimate,447389,44738900,100,,44666800
3530,2026-10-02T10:40:37,2026-10-02T09:35:38,Chaos Core Set X 192,776529,149093759,192,,142584384
3531,2026-10-02T10:46:13,2026-10-02T09:35:38,Chaos Core Set X 183,776512,142101878,183,,133675278
3532,2026-10-02T10:48:35,2026-10-02T09:35:38,Force Core(High,165000,1650000,10,,1450870
3533,2026-10-02T10:53:47,2026-10-02T09:35:38,Upgrade Core (Ultimate,447380,18342580,41,,18313388
3534,2026-10-02T10:54:23,2026-10-02T09:35:38,Force Core (Ultimate,348558,348558,1,,323530
3535,2026-10-02T10:56:16,2026-10-02T09:35:38,Force Core (Ultimate,348555,6971100,20,,6567180
3536,2026-10-02T11:17:19,2026-10-02T09:35:38,Force Core(High,165000,1650000,10,,1450870
3537,2026-10-02T11:22:23,2026-10-02T09:35:38,Armor Account bind Unseal Stone,187500000,187500000,1,,187500000
3538,2026-10-02T11:23:32,2026-10-02T09:35:38,Upgrade Core (Ultimate,447359,4026231,9,,4020012
3539,2026-10-02T12:35:34,2026-10-02T12:25:28,Upgrade Core (Ultimate,447359,447359,1,,446668
3540,2026-10-02T12:47:51,2026-10-02T12:25:28,Force Core (Ultimate,348483,76317777,219,,71910621
3541,2026-10-02T12:48:02,2026-10-02T12:25:28,Force Core (Ultimate,348482,37636056,108,,35462772
3542,2026-10-02T12:52:05,2026-10-02T12:25:28,Force Core (Ultimate,348478,10802818,31,,10179129
3543,2026-10-02T12:54:48,2026-10-02T12:25:28,Force Core (Ultimate,348477,17075373,49,,16089591
3544,2026-10-02T12:54:57,2026-10-02T12:25:28,Force Core (Ultimate,348476,348476,1,,328359
3545,2026-10-02T13:02:11,2026-10-02T12:25:28,Upgrade Core (Ultimate,643862,36056272,56,,25013408
3546,2026-10-02T13:16:05,2026-10-02T12:25:28,Force Core(Highest,189722,1138332,6,,1133322
3547,2026-10-02T13:19:44,2026-10-02T12:25:28,Chaos Core Set X 72,765845,55140911,72,,52290000
3548,2026-10-02T13:30:17,2026-10-02T12:25:28,Force Gem Package,189999998,189999998,1,,187499999
3549,2026-10-02T13:37:16,2026-10-02T12:25:28,Force Core(High,165000,9900000,60,,8705220
3550,2026-10-02T13:46:35,2026-10-02T12:25:28,Chaos Core Set X 171,765749,130943249,171,,128002050
3551,2026-10-02T13:55:08,2026-10-02T12:25:28,Force Core(Highest,189661,14793558,78,,14733186
3552,2026-10-02T13:55:12,2026-10-02T12:25:28,Force Core(Highest,189660,34138800,180,,33999660
3553,2026-10-02T13:55:15,2026-10-02T12:25:28,Force Core(Highest,189659,10810563,57,,10766559
3554,2026-10-02T13:57:22,2026-10-02T12:25:28,Chaos Core Set,765705,107964545,141,,102401532
3555,2026-10-02T14:01:49,2026-10-02T12:25:28,Chaos Core Set X 129,765704,98775944,129,,93232041
3556,2026-10-02T14:03:41,2026-10-02T12:25:28,Chaos Core Set X 30,765694,22970849,30,,21676290
3557,2026-10-02T14:08:51,2026-10-02T12:25:28,Force Core (Ultimate,348449,4529837,13,,4268667
3558,2026-10-02T14:13:02,2026-10-02T12:25:28,Chaos Core Set X 285,765673,218217089,285,,206699385
3559,2026-10-02T14:13:29,2026-10-02T12:25:28,Chaos Core Set X 231,765672,176870462,231,,167764212
3560,2026-10-02T14:15:12,2026-10-02T12:25:28,Force Core (Ultimate),348442,3135978,9,,2955231
3561,2026-10-02T14:18:19,2026-10-02T12:25:28,Chaos Core Set X 174,765671,133226927,174,,130247700
3562,2026-10-02T14:19:40,2026-10-02T12:25:28,Chaos Core Set X 18,765670,13782077,18,,13473900
3563,2026-10-02T14:21:23,2026-10-02T12:25:28,Chaos Core Set X 51,765669,39049169,51,,38176050
3564,2026-10-02T17:26:55,2026-10-02T17:24:01,Force Core(High,158500,158500,1,,152899
3565,2026-10-02T17:34:18,2026-10-02T17:24:01,Chaos Core Set X 372,765267,284679695,372,,270628884
3566,2026-10-02T17:34:27,2026-10-02T17:24:01,Chaos Core Set X 258,765266,197438885,258,,187694226
3567,2026-10-02T18:48:20,2026-10-02T17:24:01,Upgrade Core (Ultimate,643511,12870220,20,,9509480
3568,2026-10-02T18:56:06,2026-10-02T17:24:01,Upgrade Core (Ultimate,643499,19304970,30,,14264220
3569,2026-10-02T19:00:05,2026-10-02T17:24:01,Arionell,299999899,299999899,1,,281250000
3570,2026-10-02T19:13:31,2026-10-02T17:24:01,Upgrade Core (Ultimate,643476,10939092,17,,8083058
3571,2026-10-02T19:33:32,2026-10-02T17:24:01,Upgrade Core (Ultimate,643450,1930350,3,,1426422
3572,2026-10-02T21:42:31,2026-10-02T21:37:53,Force Core (Ultimate,348235,348235,1,,328359
3573,2026-10-02T21:44:22,2026-10-02T21:37:53,Force Core(Highest,180000,180000,1,,140000
3574,2026-10-02T21:44:26,2026-10-02T21:37:53,Force Core (Ultimate,348233,348233,1,,328359
3575,2026-10-02T21:44:44,2026-10-02T21:37:53,Chaos Core Set X 372,744451,276936143,372,,264492000
3576,2026-10-02T21:44:52,2026-10-02T21:37:53,Chaos Core Set X 363,744450,270235712,363,,258093000
3577,2026-10-02T21:51:53,2026-10-02T21:37:53,Force Core(High,165000,4950000,30,,4774500
3578,2026-10-02T22:06:28,2026-10-02T21:37:53,Force Core(High,165000,4620000,28,,4459252
3579,2026-10-02T22:07:27,2026-10-02T21:37:53,Arionell,299999899,299999899,1,,281666666
3580,2026-10-02T22:16:55,2026-10-02T21:37:53,Force Core(High,165000,3300000,20,,3185180
3581,2026-10-02T22:21:32,2026-10-02T21:37:53,Force Core(High,165000,1815000,11,,1751849
3582,2026-10-02T22:26:08,2026-10-02T21:37:53,Force Core(High,165000,990000,6,,955554
3583,2026-10-02T22:56:21,2026-10-02T22:53:20,Upgrade Core (Ultimate,642953,642953,1,,474472
3584,2026-10-03T00:12:23,2026-10-02T23:40:57,Force Core (Ultimate,348170,696340,2,,656718
3585,2026-10-03T00:34:49,2026-10-02T23:40:57,Chaos Core Set X 66,723377,47742947,66,,47586000
3586,2026-10-03T00:43:01,2026-10-02T23:40:57,Force Core(Highest,180000,18000000,100,,18887800
3587,2026-10-03T00:43:55,2026-10-02T23:40:57,Force Core(Highest,180000,36540000,203,,38342234
3588,2026-10-03T07:30:06,2026-10-03T07:29:10,Force Core(High,165000,10560000,64,,10186048
3589,2026-10-03T07:30:10,2026-10-03T07:29:10,Force Core(High,165000,165000,1,,159157
3590,2026-10-03T07:30:19,2026-10-03T07:29:10,Force Core(Highest,196993,9849650,50,,9558750
3591,2026-10-03T07:41:28,2026-10-03T07:38:17,Force Core(High,165000,165000,1,,159158
3592,2026-10-03T07:44:26,2026-10-03T07:38:17,Force Core(High,165000,8250000,50,,7957900
3593,2026-10-03T07:56:02,2026-10-03T07:50:10,Force Core(High,165000,13035000,79,,10925147
3594,2026-10-03T07:56:13,2026-10-03T07:50:10,Force Core(High,165000,165000,1,,138293
3595,2026-10-03T07:58:30,2026-10-03T07:50:10,Chaos Core Set X 48,743988,35711471,48,,34080000
3596,2026-10-03T07:58:54,2026-10-03T07:50:10,Chaos Core,710000,710000,1,,743988
3597,2026-10-03T08:02:56,2026-10-03T07:50:10,Force Core(High,165000,3300000,20,,3145800
3598,2026-10-03T08:03:15,2026-10-03T07:50:10,Force Core(High,165000,495000,3,,471870
3599,2026-10-03T08:14:15,2026-10-03T07:50:10,Force Core(Highest,195981,391962,2,,258022
3600,2026-10-03T08:15:21,2026-10-03T07:50:10,Force Core (Ultimate,344954,6899080,20,,6233740
3601,2026-10-03T08:15:33,2026-10-03T07:50:10,Chaos Core Set X 123,739995,91019507,123,,87330000
3602,2026-10-03T08:16:41,2026-10-03T07:50:10,Chaos Core Set X 300,739994,221998499,300,,213000000
3603,2026-10-03T08:19:03,2026-10-03T07:50:10,Chaos Core Set X 198,739993,146518811,198,,142134696
3604,2026-10-03T08:21:15,2026-10-03T07:50:10,Chaos Core Set X 27,739992,19979810,27,,19170000
3605,2026-10-03T08:21:43,2026-10-03T07:50:10,Force Core(High,165000,3630000,22,,3042446
3606,2026-10-03T08:27:46,2026-10-03T07:50:10,Force Core(High,165000,2475000,15,,2359350
3607,2026-10-03T08:30:06,2026-10-03T07:50:10,Force Core(High,165000,9405000,57,,7882701
3608,2026-10-03T08:32:01,2026-10-03T07:50:10,Chaos Core Set X 237,739984,175376444,237,,173799921
3609,2026-10-03T08:32:09,2026-10-03T07:50:10,Chaos Core Set X 369,739983,273054095,369,,270598032
3610,2026-10-03T08:32:35,2026-10-03T07:50:10,Chaos Core Set X 51,739981,37739081,51,,37141413
3611,2026-10-03T08:32:48,2026-10-03T07:50:10,Chaos Core Set X 210,739980,155396009,210,,153469680
3612,2026-10-03T08:40:36,2026-10-03T07:50:10,Force Core(Highest,195490,1172940,6,,774066
3613,2026-10-03T08:41:51,2026-10-03T07:50:10,Force Core(High,165000,16500000,100,,15729000
3614,2026-10-03T08:42:22,2026-10-03T07:50:10,Force Core(High),165000,3300000,20,,3182920
3615,2026-10-03T08:42:38,2026-10-03T07:50:10,Chaos Core Set,739975,137635535,186,,136405518
3616,2026-10-03T08:46:14,2026-10-03T07:50:10,Force Core(Highest,195486,1954860,10,,1290110
3617,2026-10-03T08:50:31,2026-10-03T07:50:10,Force Core(Highest,195482,20525610,105,,13546155
3618,2026-10-03T09:02:28,2026-10-03T07:50:10,Chaos Core Set X 162,739945,119871251,162,,118514016
3619,2026-10-03T09:03:58,2026-10-03T07:50:10,Chaos Core Set X 3,739943,8879324,12,,8520000
3620,2026-10-03T09:05:42,2026-10-03T07:50:10,Force Core(Highest,195470,48867500,250,,32252750
3621,2026-10-03T09:11:49,2026-10-03T07:50:10,Chaos Core Set X 18,735682,13242276,18,,13242276
3622,2026-10-03T09:13:41,2026-10-03T07:50:10,Force Core(High,165000,6600000,40,,6365840
3623,2026-10-03T09:16:04,2026-10-03T07:50:10,Force Core(Highest,195467,48866750,250,,32252750
3624,2026-10-03T09:16:08,2026-10-03T07:50:10,Force Core(Highest,195466,4495718,23,,2967253
3625,2026-10-03T09:16:21,2026-10-03T07:50:10,Force Core(Highest,195465,5863950,30,,3870330
3626,2026-10-03T09:17:38,2026-10-03T07:50:10,Force Core(High,165000,8250000,50,,7864500
3627,2026-10-03T09:18:14,2026-10-03T07:50:10,Force Core(High,165000,3300000,20,,3182920
3628,2026-10-03T09:23:16,2026-10-03T07:50:10,Chaos Core Set X 165,735655,121383239,165,,120435975
3629,2026-10-03T09:24:31,2026-10-03T07:50:10,Chaos Core Set X 192,735654,141245759,192,,140211264
3630,2026-10-03T09:29:48,2026-10-03T07:50:10,Chaos Core Set X 195,735649,143451749,195,,141891360
3631,2026-10-03T09:29:56,2026-10-03T07:50:10,Chaos Core Set,735647,134623583,183,,132801636
3632,2026-10-03T09:30:10,2026-10-03T07:50:10,Chaos Core Set,735643,225107063,306,,222346332
3633,2026-10-03T09:35:14,2026-10-03T07:50:10,Chaos Core Set X 258,735642,189795893,258,,188407596
3634,2026-10-03T09:38:51,2026-10-03T07:50:10,Upgrade Core (Ultimate,599968,16799104,28,,13313160
3635,2026-10-03T09:41:31,2026-10-03T07:50:10,Chaos Core Set X 18,735639,13241519,18,,13154328
3636,2026-10-03T09:43:08,2026-10-03T07:50:10,Chaos Core Set X 210,735638,154484189,210,,154006230
3637,2026-10-03T09:43:19,2026-10-03T07:50:10,Chaos Core Set,735642,216279041,294,,214620000
3638,2026-10-03T09:44:25,2026-10-03T07:50:10,Chaos Core Set,735639,214071239,291,,212099715
3639,2026-10-03T09:46:03,2026-10-03T07:50:10,Chaos Core Set,735638,231726284,315,,229950000
3640,2026-10-03T09:46:33,2026-10-03T07:50:10,Chaos Core Set X 189,735637,139035581,189,,138019707
3641,2026-10-03T09:49:33,2026-10-03T07:50:10,Force Core(High,165000,825000,5,,795730
3642,2026-10-03T09:57:49,2026-10-03T07:50:10,Upgrade Core (Ultimate,599950,29997500,50,,23773500
3643,2026-10-03T10:01:11,2026-10-03T07:50:10,Armor Account bind Unseal Stone,187999494,187999494,1,,187999494
3644,2026-10-03T10:02:09,2026-10-03T07:50:10,Force Core(Highest,195490,11729400,60,,7740660
3645,2026-10-03T10:03:40,2026-10-03T07:50:10,Force Core(High,165000,3300000,20,,3177720
3646,2026-10-03T10:14:06,2026-10-03T07:50:10,Force Core(High,165000,4950000,30,,4774380
3647,2026-10-03T10:35:40,2026-10-03T07:50:10,Force Core(High,165000,4950000,30,,4774380
3648,2026-10-03T10:36:57,2026-10-03T07:50:10,Chaos Core Set X 240,735492,176518319,240,,174012000
3649,2026-10-03T10:42:15,2026-10-03T07:50:10,Chaos Core Set X 18,735472,13238513,18,,13224654
3650,2026-10-03T10:43:35,2026-10-03T07:50:10,Chaos Core Set,735471,145623455,198,,144046584
3651,2026-10-03T10:53:01,2026-10-03T07:50:10,Force Core(High,165000,8250000,50,,7944300
3652,2026-10-03T10:53:13,2026-10-03T07:50:10,Force Core(High,165000,9900000,60,,9548760
3653,2026-10-03T11:09:56,2026-10-03T07:50:10,Force Core(High,165000,16500000,100,,15888600
3654,2026-10-03T11:15:35,2026-10-03T07:50:10,Force Core(Highest,195417,2931255,15,,2850000
3655,2026-10-04T06:10:34,2026-10-04T05:59:14,Divine Stone,706399,3531995,5,,3531995
3656,2026-10-04T06:12:16,2026-10-04T05:59:14,Force Core(Highest,194827,3312059,17,,3239197
3657,2026-10-04T06:15:08,2026-10-04T05:59:14,Force Core (Ultimate,320000,2560000,8,,2470168
3658,2026-10-04T06:18:20,2026-10-04T05:59:14,Force Core (Ultimate,320000,640000,2,,617542
3659,2026-10-04T06:43:53,2026-10-04T05:59:14,Chaos Core Set X 89,722334,64287814,89,,62641671
3660,2026-10-04T06:48:49,2026-10-04T05:59:14,Force Core(Piece) X 127,1171,2083802,1778,,2083802
3661,2026-10-04T06:49:32,2026-10-04T05:59:14,Force Core(High,165000,1650000,10,,1585850
3662,2026-10-04T06:52:45,2026-10-04T05:59:14,Chaos Core Set X 312,722303,225358847,312,,219597768
3663,2026-10-04T06:58:16,2026-10-04T05:59:14,Armor Account bind Seal Stone,187499999,187499999,1,,187499999
3664,2026-10-04T07:05:50,2026-10-04T05:59:14,Chaos Core Set X 385,722255,278068559,385,,270978015
3665,2026-10-04T07:06:26,2026-10-04T05:59:14,Chaos Core Set X 215,722251,155284179,215,,151325385
3666,2026-10-04T07:06:34,2026-10-04T05:59:14,Chaos Core Set X 201,722250,145172450,201,,141471639
3667,2026-10-04T07:06:53,2026-10-04T05:59:14,Chaos Core Set X 231,722248,166839518,231,,162586809
3668,2026-10-04T07:11:21,2026-10-04T05:59:14,Force Core(Highest),194832,3896640,20,,3648420
3669,2026-10-04T07:13:34,2026-10-04T05:59:14,Force Core(Highest,194837,3896740,20,,3537860
3670,2026-10-04T07:18:12,2026-10-04T05:59:14,Force Core(Highest),194833,10131316,52,,9485892
3671,2026-10-04T07:22:43,2026-10-04T05:59:14,Astral Core(Palladium) X 127,3144,1198242,381,,1198242
3672,2026-10-04T07:23:05,2026-10-04T05:59:14,Force Core(High,165000,3300000,20,,3171700
3673,2026-10-04T07:27:10,2026-10-04T05:59:14,Chaos Core Set X 39,722170,28164668,39,,27449721
3674,2026-10-04T07:48:18,2026-10-04T07:39:05,Force Core(Highest,194823,38574954,198,,37625940
3675,2026-10-04T07:52:12,2026-10-04T07:39:05,Upgrade Core (Ultimate,559942,1119884,2,,956954
3676,2026-10-04T07:52:41,2026-10-04T07:39:05,Upgrade Core (Ultimate,559941,559941,1,,478477
3677,2026-10-04T08:03:22,2026-10-04T07:39:05,Chaos Core Set X 138,722086,99648005,138,,97780038
3678,2026-10-04T08:27:18,2026-10-04T08:26:07,Armor Account bind Unseal Stone,187499999,187499999,1,,187499999
3679,2026-10-04T08:42:29,2026-10-04T08:28:21,Force Core(Highest,194791,1947910,10,,1900300
3680,2026-10-04T09:09:55,2026-10-04T08:28:21,Force Core(High,165000,1650000,10,,1591520
3681,2026-10-04T09:10:07,2026-10-04T08:28:21,Force Core(High,165000,1650000,10,,1591520
3682,2026-10-04T09:10:16,2026-10-04T08:28:21,Force Core(High,165000,990000,6,,954912
3683,2026-10-04T09:16:40,2026-10-04T08:28:21,Force Core(High),165000,4950000,30,,4774710
3684,2026-10-04T09:38:56,2026-10-04T08:28:21,Force Core(High,165000,660000,4,,636628
3685,2026-10-04T09:43:43,2026-10-04T08:28:21,Force Core(Highest,194746,3894920,20,,3800600
3686,2026-10-04T09:55:25,2026-10-04T08:28:21,Force Core(High,165000,660000,4,,636608
3687,2026-10-04T09:56:24,2026-10-04T08:28:21,Force Core(High,165000,2310000,14,,2228198
3688,2026-10-04T10:21:43,2026-10-04T08:28:21,Upgrade Core (Ultimate,498911,124228839,249,,119520000
3689,2026-10-04T10:24:40,2026-10-04T08:28:21,Astral Core(Palladium) X 127,3136,8764756,2794,,8764756
3690,2026-10-04T10:36:55,2026-10-04T08:28:21,Force Core(High,165000,1650000,10,,1588230
3691,2026-10-04T10:59:28,2026-10-04T08:28:21,Upgrade Core (Ultimate,487985,39526785,81,,38880000
3692,2026-10-04T11:37:30,2026-10-04T11:26:52,Force Core(Highest,188999,24947868,132,,24958164
3693,2026-10-04T11:46:54,2026-10-04T11:26:52,Force Core(Highest,188988,3779760,20,,3781540
3694,2026-10-04T11:51:38,2026-10-04T11:26:52,Force Core(Highest,188986,11717132,62,,11722774
3695,2026-10-04T11:52:25,2026-10-04T11:26:52,Force Core(Highest,188985,188985,1,,189077
3696,2026-10-04T11:58:18,2026-10-04T11:26:52,Force Core(Highest),194606,13233208,68,,12857236
3697,2026-10-04T12:02:58,2026-10-04T11:26:52,Force Core(Highest,194605,9730250,50,,9453850
3698,2026-10-04T12:21:48,2026-10-04T11:26:52,Force Core(High,165000,3300000,20,,3176140
3699,2026-10-04T12:22:00,2026-10-04T11:26:52,Force Core(Highest,194581,19458100,100,,18907700
3700,2026-10-04T12:22:04,2026-10-04T11:26:52,Force Core(Highest,194580,778320,4,,756308
3701,2026-10-04T12:31:52,2026-10-04T11:26:52,Force Core(High,165000,4950000,30,,4764210
3702,2026-10-04T12:32:09,2026-10-04T11:26:52,Force Core(High,165000,1485000,9,,1429263
3703,2026-10-04T12:36:39,2026-10-04T11:26:52,Force Core(High,165000,4290000,26,,4128982
3704,2026-10-04T12:43:17,2026-10-04T11:26:52,Chaos Core Set X 153,715000,109395000,153,,110074320
3705,2026-10-04T12:45:46,2026-10-04T11:26:52,Chaos Core Set X 144,715000,102960000,144,,103599360
3706,2026-10-04T12:57:50,2026-10-04T11:26:52,Upgrade Core (Ultimate,559918,3359508,6,,3003000
3707,2026-10-04T13:00:00,2026-10-04T11:26:52,Chaos Core Set X 165,715000,117975000,165,,118707600
3708,2026-10-04T13:01:19,2026-10-04T11:26:52,Chaos Core Set X 57,715000,40755000,57,,41008080
3709,2026-10-04T13:02:52,2026-10-04T11:26:52,Upgrade Core (Ultimate,559914,96305208,172,,86086000
3710,2026-10-04T13:08:03,2026-10-04T11:26:52,Upgrade Core (Ultimate,559911,55991100,100,,50040000
3711,2026-10-04T13:08:19,2026-10-04T11:26:52,Upgrade Core (Ultimate,559910,12318020,22,,11011000
3712,2026-10-04T13:08:23,2026-10-04T11:26:52,Upgrade Core (Ultimate),559910,30795050,55,,27527500
3713,2026-10-04T13:08:36,2026-10-04T11:26:52,Upgrade Core (Ultimate),559909,50951719,91,,45545500
3714,2026-10-04T13:16:35,2026-10-04T11:26:52,Chaos Core Set X 270,715000,193050000,270,,194248800
3715,2026-10-04T13:18:23,2026-10-04T11:26:52,Force Core(High,165000,165000,1,,158807
3716,2026-10-04T13:28:54,2026-10-04T11:26:52,Upgrade Core (Ultimate,519910,25995500,50,,25025000
3717,2026-10-04T13:42:13,2026-10-04T11:26:52,Force Core (Ultimate,320000,3200000,10,,3086410
3718,2026-10-04T13:45:55,2026-10-04T11:26:52,Force Core(High,165000,495000,3,,476421
3719,2026-10-04T13:47:56,2026-10-04T11:26:52,Force Core(Highest,194593,6421569,33,,5986365
3720,2026-10-04T13:57:58,2026-10-04T11:26:52,Force Core(Highest,194578,1751202,9,,1632645
3721,2026-10-04T13:59:57,2026-10-04T11:26:52,Chaos Core Set X 63,715000,45045000,63,,45324720
3722,2026-10-04T14:00:40,2026-10-04T11:26:52,Chaos Core Set X 58,715000,41470000,58,,41727520
3723,2026-10-04T14:00:49,2026-10-04T11:26:52,Chaos Core Set X 54,715000,38610000,54,,38849760
3724,2026-10-04T14:07:23,2026-10-04T11:26:52,Upgrade Core (Ultimate,500400,34027200,68,,34027200
3725,2026-10-05T04:40:52,2026-10-05T04:33:33,Chaos Core Set X 102,739738,75453376,102,,75265188
3726,2026-10-05T04:44:32,2026-10-05T04:33:33,Upgrade Core (Ultimate,504245,50424500,100,,45315900
3727,2026-10-05T04:50:04,2026-10-05T04:33:33,Upgrade Core (Ultimate,504233,50423300,100,,45295700
3728,2026-10-05T04:50:28,2026-10-05T04:33:33,Upgrade Core (Ultimate,504231,50423100,100,,45315900
3729,2026-10-05T16:19:08,2026-10-05T16:15:11,Force Core(High,165000,165000,1,,159159
3730,2026-10-05T17:02:37,2026-10-05T16:15:11,Force Core (Ultimate,320000,15680000,49,,14699951
3731,2026-10-05T17:04:32,2026-10-05T16:15:11,Force Core (Ultimate,320000,320000,1,,299999
3732,2026-10-05T17:04:36,2026-10-05T16:15:11,Force Core (Ultimate,320000,2240000,7,,2099993
3733,2026-10-05T17:20:59,2026-10-05T17:09:52,Chaos Core Set X 54,720272,38894741,54,,37933488
3734,2026-10-05T17:36:40,2026-10-05T17:09:52,Chaos Core Set X 54,720267,38894471,54,,38205000
3735,2026-10-05T21:42:42,2026-10-05T21:35:53,Force Core (Ultimate,320000,6400000,20,,6005980
3736,2026-10-05T22:02:09,2026-10-05T21:35:53,Force Core(High,165000,2475000,15,,2372325
3737,2026-10-08T23:59:49,2026-10-08T23:50:50,Force Core(Highest,190429,16376894,86,,16136954
3738,2026-10-08T23:59:58,2026-10-08T23:50:50,Force Core(Highest,190428,4379844,23,,4315697
3739,2026-10-09T00:00:01,2026-10-08T23:50:50,Force Core(Highest,190427,31230028,164,,30772796
3740,2026-10-09T00:08:18,2026-10-08T23:50:50,Chaos Core Set X 156,741210,115628915,156,,113256000
3741,2026-10-09T00:11:12,2026-10-08T23:50:50,Siena's Unbinding Stone,97499961,97499961,1,,75999999
3742,2026-10-09T00:16:46,2026-10-08T23:50:50,Upgrade Core (Ultimate,497620,14928600,30,,13723680
3743,2026-10-09T00:25:24,2026-10-09T00:22:21,Force Core(High,163969,4919070,30,,4611840
3744,2026-10-09T00:36:49,2026-10-09T00:22:21,Upgrade Core (Ultimate,497601,24880050,50,,22872800
3745,2026-10-09T00:38:07,2026-10-09T00:22:21,Force Core(Highest,194605,3892100,20,,3752780
3746,2026-10-09T00:42:30,2026-10-09T00:22:21,Force Core(High,163952,4918560,30,,4611840
3747,2026-10-09T00:42:54,2026-10-09T00:22:21,Arionell,309999997,309999997,1,,284999999
3748,2026-10-09T01:03:21,2026-10-09T00:22:21,Force Core(High,163929,10327527,63,,9684864
3749,2026-10-09T01:06:54,2026-10-09T00:22:21,Force Core(Highest,194584,6421272,33,,6192087
3750,2026-10-09T01:06:58,2026-10-09T00:22:21,Force Core(Highest,194583,10312899,53,,9944867
3751,2026-10-09T01:07:06,2026-10-09T00:22:21,Force Core(Highest,194582,12842412,66,,12384174
3752,2026-10-09T01:08:35,2026-10-09T00:22:21,Chaos Core Set,768979,129188639,168,,125664000
3753,2026-10-09T01:11:34,2026-10-09T00:22:21,Force Gem Package,189999999,189999999,1,,189999999
3754,2026-10-09T01:12:13,2026-10-09T00:22:21,Force Core(High,163940,13115200,80,,12298240
3755,2026-10-09T01:12:32,2026-10-09T00:22:21,Yekaterina VIP Membership,127999992,127999992,1,,113999999
3756,2026-10-09T01:14:00,2026-10-09T00:22:21,Upgrade Core (Ultimate,497559,1492677,3,,1395363
3757,2026-10-09T01:14:41,2026-10-09T00:22:21,Chaos Core Set X 186,768968,143028233,186,,137463114
3758,2026-10-09T01:15:05,2026-10-09T00:22:21,Chaos Core Set X 249,768966,191472782,249,,182538165
3759,2026-10-09T01:24:53,2026-10-09T00:22:21,Force Core(High,163913,4917390,30,,4611840
3760,2026-10-09T01:34:13,2026-10-09T00:22:21,Force Core(High,163903,3278060,20,,3074560
3761,2026-10-09T01:35:55,2026-10-09T00:22:21,Chaos Core Set X 228,768903,175310111,228,,170544000
3762,2026-10-09T01:38:55,2026-10-09T00:22:21,Force Core(High,163896,4916880,30,,4611840
3763,2026-10-09T01:43:28,2026-10-09T00:22:21,Force Core(High,163891,4916730,30,,4611840
3764,2026-10-09T01:44:40,2026-10-09T00:22:21,Chaos Core Set X 249,768888,191453360,249,,186252000
3765,2026-10-09T01:44:48,2026-10-09T00:22:21,Chaos Core Set X 249,768887,191453111,249,,185070495
3766,2026-10-09T01:44:56,2026-10-09T00:22:21,Chaos Core Set X 249,768886,191452862,249,,186252000
3767,2026-10-09T01:58:39,2026-10-09T00:22:21,Chaos Core Set,768874,191449874,249,,184935537
3768,2026-10-09T02:00:00,2026-10-09T00:22:21,Chaos Core Set,768874,113024624,147,,109809000
