2026-09-25_031905  C:\Users\tl456\Desktop\cabal_trade\src_1080p\driver.py --config bot
  logging to C:\Users\tl456\Desktop\cabal_trade\src_1080p\logs\2026-09-25_031905_run.log
  code 797572b
  screen 1920x1080
  ledger C:\Users\tl456\Desktop\cabal_trade\src_1080p\sales.db run 2026-09-25T03:19:06
  debug frames -> C:\Users\tl456\Desktop\cabal_trade\src_1080p\debug_frames\2026-09-25_031905_run, indexed in frames.jsonl; earlier runs' frames are kept until the 5,000-frame budget needs the room
  press Ctrl 4 times within 1.5s to stop, from the game or anywhere else
  measuring this screen before touching anything
inventory:
  Inventory shut; pressing I (attempt 1)
  Alz box (1772, 688, 1860, 700)   anchor (1860, 688)
  grid fitted in (1221, 23, 1920, 661): pitch 56.0x56.1 against a shared 73.3x73.4, slot (1,1) at 1479,236, scores 46 and 43
  tab I [1458, 181]  tab VIII [1830, 181]
  slot (1,1) [1479, 236]  (1,7) [1815, 236]  (8,8) [1871, 629]
gift box:
  the gift box at [284, 994]
  Receive at [[1214, 327], [1214, 425], [1214, 523], [1214, 621]]; the gifts on offer are read again each time the box is collected
  Receive All at [1209, 786]
  the special giftbox's Receive at [1438, 492]
  Close at [1483, 846]
cash shop:
  the Cash Shop icon at [348, 994]
  the Cash balance box [1134, 826, 1230, 848] reads 200
  the gem box [930, 826, 1060, 848] reads 160
  Useable at [844, 168]
    'Force Gem Package' is where it was measured, 0 notch(es) down the Useable tab
  Force Gem Package at 500 Cash; Purchase at [739, 750]
  200 Cash held and Force Gem Package costs 500; the game opens no confirmation for that, so it is not measured this launch
    'Yekaterina VIP Membership' is where it was measured, 0 notch(es) down the Useable tab
  Yekaterina VIP Membership at 300 Cash; Purchase at [739, 290]
  200 Cash held and Yekaterina VIP Membership costs 300; the game opens no confirmation for that, so it is not measured this launch
    'Epic Booster (Highest)' is where it was measured, 23 notch(es) down the Useable tab
  Epic Booster (Highest) at 100 Cash; Purchase at [1050, 750]
  the confirmation reads 'es e Booster (Highest) Epic Condition None QTY a Purchase 1 /1 QTY v Purchase Price Force Gem x 100 FG Balance Force Gem x 160'
  the confirmation window [744, 390, 1169, 638], 425x248
  OK at [963, 611]; Cancel at [1096, 610]
    "Siena's Unbinding Stone" is where it was measured, 30 notch(es) down the Useable tab
  Siena's Unbinding Stone at 200 Cash; Purchase at [1364, 750]
  the confirmation reads "Purchase Item Siena's Unbinding Stone Condition None QTY Purchase i /1 QTY Purchase Price 200 Cash Cash Balance 200 Cash OK Cancel"
  the confirmation window [744, 390, 1169, 638], 425x248
  OK at [963, 611]; Cancel at [1096, 610]
  Escape to close the Cash Shop (attempt 1)
  the Inventory closed with the Cash Shop; opening it again
  Inventory shut; pressing I (attempt 1)
opening the Agent Shop:
  tab 6 at [1723, 181]
  right-clicking slot (1,7) at [1815, 236]
agent shop:
  Register (288, 80)
  Purchase [96, 80]  (mirrored about the boundary at x=192)
  favourites: 10 found, pitch 42.00px, first [480, 755] last [858, 755]
  favourite row set on an even 42px grid from 480: [480, 522, 564, 606, 648, 690, 732, 774, 816, 858]
purchase tab:
  switching to the Purchase tab at (96, 80)
  sort reads 'IC y Price:Low to »Eal' -> region [622, 134, 752, 166]
  running favourite 1 at (480, 755) to fill the table (attempt 1/10)
  offers arrived after 0.6s
  the header read ['Name', 'Price', '¥', 'QTY', 'zane'], with nothing for the Function column; its Buy buttons are at x=828, which is the column itself, so taking the right edge from there
  row content [232, 231, 870, 285] -> 'Force Core(Highest) 37 197,995 Buy'
    name      [232, 231, 554, 285]  -> 'Force Core(Highest)'
    qty       [556, 231, 646, 285]  -> '37'
    price     [654, 231, 782, 285]  -> '197,995'
    function  [782, 231, 874, 285]  -> 'Buy'
  Buy column x=828, 8 row(s), pitch 55px
  row 1 centre y=258, box [192, 231, 922, 285]
register table:
  button column (786, 144, 884, 722)
  Register table: 10 row(s), pitch 58px, row 1 y=175, row 10 y=697
  table_x [192, 880], scroll point [231, 233]
  Refresh at [833, 752]
market prices:
  Force Core(Highest)              197,995
  Force Core Set (Highest)         195,000
  Chaos Core                       659,999
  Chaos Core Set                   750,650
  Force Core (Ultimate)            359,965
  Force Core Set (Ultimate)        363,363
  Force Core(High)                 183,997
  Force Core Set (High)            185,185
  Upgrade Core (Ultimate)          449,770
  Upgrade Core Set (Ultimate)      456,521
voucher:
  a Gold voucher costs 374,729,560
register panel:
  price field [32, 408, 188, 436] (click [112, 425])
  quantity box [37, 472, 188, 500] (click [59, 486])
  2 suggested price row(s) at y [358, 384]
  net sales box [37, 574, 188, 602]
  Register button at [131, 754]
actions:
  scrolled to the top, so position 1 is row 1
  tab 4 slot (1,1) is the first free one; a withdrawal lands there
  row 1 is 'Epic Booster (Highest) 4 46,699,999 OnSale Change'
  Change at (831, 175)
  Cancel at (1101, 634)
  Confirmation at (968, 634)
  row 1 now reads '| Register'
  back to inventory tab 4 at (1617, 181); the withdrawal moves the panel to whichever tab it landed on
  listing it back from tab 4 slot (1, 1) at (1479, 236)
  the loaded item shows at (101, 217) in the Register Item box
  panel suggests 46,699,990; listing at 46,699,999, the price row 1 was withdrawn at
  typed 250; the net sales make it 4
  listed 4 at 46,699,999; it lands in the lowest empty row
  learned button_cancel, button_confirmation, button_register, item_point
actions at position 10:
  scrolled to the top, so position 10 is row 10
  tab 4 slot (1,1) is the first free one; a withdrawal lands there
  row 10 is 'Chaos Core Set X 150 1 112,598,099 On Sale Change'
  Change at (831, 697)
  Cancel at (1101, 634)
  Confirmation at (968, 634)
  row 10 now reads 'Premium Exclusive Slot Register'
  back to inventory tab 4 at (1617, 181); the withdrawal moves the panel to whichever tab it landed on
  listing it back from tab 4 slot (1, 1) at (1479, 236)
  the loaded item shows at (102, 220) in the Register Item box
  panel suggests 112,597,200; listing at 112,598,099, the price row 10 was withdrawn at
  typed 250; the net sales make it 1
  listed 1 at 112,598,099; it lands in the lowest empty row
  learned button_cancel, button_confirmation, button_register, item_point
conversion vendor:
  pressing N to open the vendor Shop (attempt 1)
  Dungeon tab at (143, 158)
  grid band (163, 770, 413, 946): 5 column(s) at [186, 235, 283, 328, 377], 4 row(s) at [792, 839, 890, 934]
    Force Core(Low)              <- Force Core Set (Low)           r2c1 at (186, 839)
    Force Core(Medium)           <- Force Core Set (Medium)        r2c2 at (235, 839)
    Force Core(High)             <- Force Core Set (High)          r2c3 at (283, 839)
    Force Core(Highest)          <- Force Core Set (Highest)       r2c4 at (328, 839)
    Force Core (Ultimate)        <- Force Core Set (Ultimate)      r2c5 at (377, 839)
    Upgrade Core(Low)            <- Upgrade Core Set (Low)         r4c1 at (186, 934)
    Upgrade Core(Medium)         <- Upgrade Core Set (Medium)      r4c2 at (235, 934)
    Upgrade Core(High)           <- Upgrade Core Set (High)        r4c3 at (283, 934)
    Upgrade Core(Highest)        <- Upgrade Core Set (Highest)     r4c4 at (328, 934)
    Upgrade Core (Ultimate)      <- Upgrade Core Set (Ultimate)    r4c5 at (377, 934)
craft window:
  Inventory shut; pressing I (attempt 1)
  right-clicking the craft key on tab 6 slot (1, 8) at (1871, 236)
  recipe Chaos Core Set x3 at [146, 268]
  tier 2000-2999 at [90, 209]
  Request All at [263, 730]
  Complete All at [872, 729]
  material counter [420, 448, 750, 522]

wrote C:\Users\tl456\Desktop\cabal_trade\src_1080p\calibration.json  [1920x1080]
  resolutions in the file: ['1920x1080', '2560x1440']
  kept 3 value(s) this pass does not measure in shop: button_receive, buy_button_buy, buy_button_cancel
  kept 12 value(s) this pass does not measure in cashshop: purchase_arionell, purchase_armoraccountbindsealstone, purchase_armoraccountbindunsealstone, purchase_blessingbeadsuperior, scroll_arionell, scroll_armoraccountbindsealstone, scroll_armoraccountbindunsealstone, scroll_blessingbeadsuperior, scroll_epicboosterhighest, scroll_forcegempackage, scroll_sienasunbindingstone, scroll_yekaterinavipmembership
reopening the Agent Shop the caller was promised:
  Inventory shut; pressing I (attempt 1)
  the Agent Shop is open again
  calibrated for 1920x1080, measured 2026-09-25T03:21:48, shop open
  server clock 10:21 (+59s for the unshown seconds)
  server 10:21:59; the next war quiet runs 10:29:00 to 10:34:59, in 7.0 min
  scrolled to the top; row 1 is at position 1
                                                   bought/u   listed/u  margin      row price
     1  Epic Booster (Highest)             x4    46,841,195 46,699,999   -0.3%     46,699,999
    the quantity column read 'Membership', which holds no digits, so it is the end of the name and not a count; reading the row as 'Yekaterina VIP Membership' and letting the panel count what is there
    one line read 'ene eae 1 113,499,999 OnSale Change'; read as stacked lines it is 'Yekaterina VIP Membership 113,499,999 OnSale Change'
     2  Yekaterina VIP Membership          x1    112,418,868 113,499,999   +1.0%    113,499,999
     3  Force Core(Highest                 x1             -    197,998       -        197,998
     4  Siena's Unbinding Stone            x1    74,945,912 95,998,783  +21.9%     95,998,783
     5  Chaos Core                         x1             -    740,008       -        740,008
     6  Chaos Core                         x1             -    738,729       -        738,729
     7  Force Core(High                    x4             -    183,998       -        183,998
     8  Force Core(High                    x76            -    185,999       -        185,999
     9  Force Core (Ultimate               x91            -    359,968       -        359,968
    10  Chaos Core Set X 150               x1             -    750,653       -    112,598,099
    11  Chaos Core Set X 291               x1             -    750,652       -    218,440,022
    12  Chaos Core Set X 300               x1             -    750,651       -    225,195,599
    13  Force Core (Ultimate               x130           -    359,967       -        359,967
    14  Force Core (Ultimate               x146           -    359,977       -        359,977
    15  Chaos Core Set X 333               x1             -    750,669       -    249,973,109
    16  Chaos Core Set X 69                x1             -    750,663       -     51,795,815
  scrolled to the top; row 1 is at position 1
  seeded 16 of rows 1-30
relisting rows 1-30 for 10000 minute(s)

-- pass 1 --

  resupply order: Yekaterina VIP Membership, Chaos Core, Force Core(High), Force Core(Highest), Upgrade Core (Ultimate), Force Core (Ultimate), Epic Booster (Highest), Siena's Unbinding Stone

  Yekaterina VIP Membership: 1 row(s) inside 1-30, 1 wanted; row 2 'Yekaterina VIP Membership'
    floor 112,418,868: 300/1000 of the 374,729,560 voucher, read at launch

-- Chaos Core Set under our listing: up to 3 row(s) --
  Chaos Core Set 750,645 - Chaos Core 748,998 = 1,647
  ours is listed at 750,651 a Set and a Chaos Core sells at 748,998; buying every Set under 743,998, 5,000 a Set below the lower of the two
  the cheapest Chaos Core Set is 750,645 a Set, not under 743,998; nothing to buy under ours

  counting only rows 1-30; rows outside it are not repriced and do not count; 14 row(s) free
  core                            rows     buy/u    sell/u    margin  wants   short?
  Force Core(Highest)                1   195,000   197,993     2,993      0   
  Chaos Core                         5   748,998   750,645     1,647      0   
  Force Core (Ultimate)              3         -         -         -      -   holds the most it can want, 3; not priced
  Force Core(High)                   2   185,184   183,997    -1,187      0   
  Upgrade Core (Ultimate)            0   456,521   449,770    -6,751      0   

  nothing inside rows 1-30 holds fewer rows than its margin is worth.

  Epic Booster (Highest): 1 row(s) inside 1-30, 1 wanted; row 1 'Epic Booster (Highest)'
    floor 46,841,195: 125/1000 of the 374,729,560 voucher, read at launch

  Siena's Unbinding Stone: 1 row(s) inside 1-30, 1 wanted; row 4 "Siena's Unbinding Stone"
    floor 74,945,912: 200/1000 of the 374,729,560 voucher, read at launch
  tab 4 read from the screen in 1854 ms: 0 slot(s) held
  row 1: 'Epic Booster (Highest)' x4 at 46,699,999 -> tab 4 slot (1, 1)
    floor 46,841,195 from what it cost; listed at 46,699,999, UNDER the floor
TASK {"kind": "relist", "row": 1, "item": "Epic Booster (Highest)", "qty": 4, "price": 46699999, "tab": 4, "slot": [1, 1], "lands_in": 1}
  inventory slot (1,1) at (1479, 236)
    read: current min 46,699,990, price field 46,699,990, net sales 46,699,990, week average 49,859,511, listed at 46,699,999
    the lowest listed price is 46,699,990, from the row and 3 more
    market 46,699,989 is under the 46,841,195 floor (it is worth what it cost); listing at the floor
    market 46,699,990, typing 46,841,195, 141,205 over the market
    net sales 187,364,780 is 4 x 46,841,195
  typed 250; the net sales make it 4
    the panel holds 46,841,195 against the 46,841,195 typed
  tab 4 read in 83 ms after the listing: 0 slot(s) held

  list 4 at 46,841,195
    #         ms   share  step
    1       61.4    0.7%  read the panel before loading
    2       57.3    0.7%  wait for slot (1,1) to fill
    3      899.6   10.5%  ctrl-click (1,1) attempt 1
    4     1088.7   12.7%  read the suggested price
    5     1691.7   19.8%  type the price 46,841,195
    6      995.8   11.6%  type the quantity 250
    7      868.6   10.1%  take the quantity from the net sales
    8      339.4    4.0%  read the price back before Register
    9      413.9    4.8%  click Register
   10      352.6    4.1%  find Confirmation
   11       68.4    0.8%  look for the underprice question
   12      397.9    4.6%  click Confirmation
   13      252.5    3.0%  park
   14      928.2   10.8%  confirm the dialog is gone
   15       59.9    0.7%  wait for the panel to let the item go
   16       82.7    1.0%  read tab 4 after the listing
          8558.6  100.0%  TOTAL
  listed 4 at 46,841,195; it lands in row 1
DONE {"kind": "relist", "row": 1, "lands_in": 1, "qty": 4, "price": 46841195, "item": "Epic Booster (Highest)"}
    relisted 4 at 46,841,195 in row 1, 1 relist(s) on the floor now
    the quantity column read 'Membership', which holds no digits, so it is the end of the name and not a count; reading the row as 'Yekaterina VIP Membership' and letting the panel count what is there
    one line read 'ene eae 1 113,499,999 OnSale Change'; read as stacked lines it is 'Yekaterina VIP Membership 113,499,999 OnSale Change'
  tab 4 known from the last listing: 0 slot(s) held
  row 2: 'Yekaterina VIP Membership' x1 at 113,499,999 -> tab 4 slot (1, 1)
    floor 112,418,868 from what it cost; listed at 113,499,999, above it
TASK {"kind": "relist", "row": 2, "item": "Yekaterina VIP Membership", "qty": 1, "price": 113499999, "tab": 4, "slot": [1, 1], "lands_in": 2}
  inventory slot (1,1) at (1479, 236)
    read: current min 113,500,000, price field 113,500,000, net sales 113,500,000, week average 126,414,301, listed at 113,499,999
    the lowest listed price is 113,500,000, from the row and 3 more
    market 113,500,000, typing 113,499,999, 1 under the market
    net sales 113,499,999 is 1 x 113,499,999
  typed 250; the net sales make it 1
    the panel holds 113,499,999 against the 113,499,999 typed
  tab 4 read in 57 ms after the listing: 0 slot(s) held

  list 1 at 113,499,999
    #         ms   share  step
    1       55.1    0.7%  read the panel before loading
    2       53.1    0.6%  wait for slot (1,1) to fill
    3      872.9   10.6%  ctrl-click (1,1) attempt 1
    4     1079.0   13.2%  read the suggested price
    5     1727.3   21.1%  type the price 113,499,999
    6     1021.6   12.5%  type the quantity 250
    7      944.3   11.5%  take the quantity from the net sales
    8      300.1    3.7%  read the price back before Register
    9      387.4    4.7%  click Register
   10      289.2    3.5%  find Confirmation
   11       52.6    0.6%  look for the underprice question
   12      390.5    4.8%  click Confirmation
   13      251.2    3.1%  park
   14      671.7    8.2%  confirm the dialog is gone
   15       43.8    0.5%  wait for the panel to let the item go
   16       57.3    0.7%  read tab 4 after the listing
          8196.9  100.0%  TOTAL
  listed 1 at 113,499,999; it lands in row 2
DONE {"kind": "relist", "row": 2, "lands_in": 2, "qty": 1, "price": 113499999, "item": "Yekaterina VIP Membership"}
    relisted 1 at 113,499,999 in row 2
  tab 4 known from the last listing: 0 slot(s) held
  row 3: 'Force Core(Highest' x1 at 197,998 -> tab 4 slot (1, 1)
    floor 181,900 (181,900 x 1) from Force Core Set (Highest) as last bought; listed at 197,998, above it
TASK {"kind": "relist", "row": 3, "item": "Force Core(Highest", "qty": 1, "price": 197998, "tab": 4, "slot": [1, 1], "lands_in": 3}
  inventory slot (1,1) at (1479, 236)
    read: current min 197,993, price field 197,993, net sales 197,993, week average 213,123, listed at 197,998
    the lowest listed price is 197,993, from the row and 3 more
    market 197,993, typing 197,992, 1 under the market
    net sales 197,992 is 1 x 197,992
  typed 250; the net sales make it 1
    the panel holds 197,992 against the 197,992 typed
  tab 4 read in 59 ms after the listing: 0 slot(s) held

  list 1 at 197,992
    #         ms   share  step
    1       58.1    0.7%  read the panel before loading
    2       51.2    0.6%  wait for slot (1,1) to fill
    3      894.3   10.7%  ctrl-click (1,1) attempt 1
    4     1352.4   16.2%  read the suggested price
    5     1544.4   18.6%  type the price 197,992
    6      998.6   12.0%  type the quantity 250
    7      903.2   10.9%  take the quantity from the net sales
    8      296.8    3.6%  read the price back before Register
    9      396.5    4.8%  click Register
   10      292.0    3.5%  find Confirmation
   11       62.3    0.7%  look for the underprice question
   12      378.5    4.5%  click Confirmation
   13      252.5    3.0%  park
   14      725.6    8.7%  confirm the dialog is gone
   15       57.8    0.7%  wait for the panel to let the item go
   16       59.3    0.7%  read tab 4 after the listing
          8323.6  100.0%  TOTAL
  listed 1 at 197,992; it lands in row 3
DONE {"kind": "relist", "row": 3, "lands_in": 3, "qty": 1, "price": 197992, "item": "Force Core(Highest"}
    relisted 1 at 197,992 in row 3
  tab 4 known from the last listing: 0 slot(s) held
  row 4: "Siena's Unbinding Stone" x1 at 95,998,783 -> tab 4 slot (1, 1)
    floor 74,945,912 from what it cost; listed at 95,998,783, above it
TASK {"kind": "relist", "row": 4, "item": "Siena's Unbinding Stone", "qty": 1, "price": 95998783, "tab": 4, "slot": [1, 1], "lands_in": 4}
  inventory slot (1,1) at (1479, 236)
    read: current min 95,998,784, price field 95,998,784, net sales 95,998,784, week average 98,999,016, listed at 95,998,783
    the lowest listed price is 95,998,784, from the row and 3 more
    market 95,998,784, typing 95,998,783, 1 under the market
    net sales 95,998,783 is 1 x 95,998,783
  typed 250; the net sales make it 1
    the panel holds 95,998,783 against the 95,998,783 typed
  tab 4 read in 71 ms after the listing: 0 slot(s) held

  list 1 at 95,998,783
    #         ms   share  step
    1       53.4    0.6%  read the panel before loading
    2       53.4    0.6%  wait for slot (1,1) to fill
    3      912.1   11.0%  ctrl-click (1,1) attempt 1
    4     1201.2   14.5%  read the suggested price
    5     1678.2   20.3%  type the price 95,998,783
    6     1007.4   12.2%  type the quantity 250
    7      804.6    9.7%  take the quantity from the net sales
    8      258.0    3.1%  read the price back before Register
    9      384.4    4.6%  click Register
   10      279.4    3.4%  find Confirmation
   11       64.5    0.8%  look for the underprice question
   12      393.0    4.8%  click Confirmation
   13      251.7    3.0%  park
   14      789.6    9.5%  confirm the dialog is gone
   15       70.4    0.9%  wait for the panel to let the item go
   16       71.0    0.9%  read tab 4 after the listing
          8272.2  100.0%  TOTAL
  listed 1 at 95,998,783; it lands in row 4
DONE {"kind": "relist", "row": 4, "lands_in": 4, "qty": 1, "price": 95998783, "item": "Siena's Unbinding Stone"}
    relisted 1 at 95,998,783 in row 4
  row 5 has SOLD (fully); collecting
    collected; row 5 is empty, nothing to relist
  the Chaos Core special row sold; buying it back now, not on the next pass

-- Chaos Core special row 2 of 2: 1 at 500 to 700 under the market --
  1 stays behind on every row bought; an order 10 step(s) down with nothing spare takes the row it is on whole, and the next order leaves 1 behind again; each order prices the favourite afresh, then wheels down, up to 30 step(s)
TASK {"kind": "resupply", "core": "Chaos Core", "slot": 3, "tab": 4, "landing": [1, 1], "special": true}
  row 1 offers 'Chaos Core' x40 at 748,998 (748,998/unit)
    balance before 1,451,778,836
    row 1 holds 40, 1 stays behind, so at most 39 comes off it
    dialog: '¢ Chaos Core'  qty 1 of 40  price 748998
    1 core(s) wanted, 1 to a pack -> 1 pack(s); 40 available, taking 1
    the quantity field already reads 1; not retyping it
    ordering 1 pack(s) at 748,998; the spend will confirm what actually bought
    balance after  1,451,029,838; spent 748,998 bought 1 pack(s) = 1 core(s) (748,998 a core)

  buy from favourite slot 3: bought 1 core(s) in 1 order(s)
    #         ms   share  step
    1        0.5    0.0%  get_price: focus the game
    2      265.9    1.9%  get_price: _trade_window_open (OCR 1300x190)
    3      363.9    2.6%  get_price: purchase_tab_showing
    4     1476.6   10.6%  get_price: click the Purchase tab + settle
    5      494.6    3.5%  get_price: read row 1 before the search
    6      376.7    2.7%  get_price: click favourite slot 3
    7      313.4    2.2%  get_price: confirm the sort
    8     1226.0    8.8%  get_price: poll row 1 until it answers (2 read(s))
    9     4503.3   32.2%  get_price: search the favourite and read row 1
   10      435.0    3.1%  select inventory tab 4
   11      358.9    2.6%  read the balance before buying
   12      451.1    3.2%  click the row at (500, 258)
   13      404.6    2.9%  click Buy at (828, 258)
   14      341.1    2.4%  await the Purchase dialog
   15     1155.9    8.3%  read the dialog (item, price, qty, qty_max)
   16      268.7    1.9%  find the Buy button
   17      414.5    3.0%  click Buy
   18      252.6    1.8%  park
   19      458.8    3.3%  confirm the dialog is gone
   20      431.2    3.1%  read the balance after buying
         13993.3  100.0%  TOTAL
    tab 4 slot (1, 1) is held for 'Chaos Core'; it frees when something is listed from it
  the Chaos Core landed in tab 4 slot (1, 1)
TASK {"kind": "resupply", "core": "Chaos Core", "slot": 3, "tab": 4, "landing": [1, 1], "step": "list", "holding": "Chaos Core", "qty": 1, "special": true}
  inventory slot (1,1) at (1479, 236)
    read: current min 649,999, price field 649,999, net sales 649,999, week average 717,087, listed at unread
    the lowest listed price is 649,999, from the row and 2 more
    market 649,999, typing 649,378, 621 under the market
    net sales 649,378 is 1 x 649,378
  typed 250; the net sales make it 1
    the panel holds 649,378 against the 649,378 typed
  tab 4 read in 58 ms after the listing: 0 slot(s) held

  list 1 at 649,378
    #         ms   share  step
    1       44.5    0.5%  read the panel before loading
    2      884.3   10.9%  ctrl-click (1,1) attempt 1
    3     1150.1   14.2%  read the suggested price
    4     1510.5   18.6%  type the price 649,378
    5     1022.5   12.6%  type the quantity 250
    6      945.6   11.7%  take the quantity from the net sales
    7      299.1    3.7%  read the price back before Register
    8      382.6    4.7%  click Register
    9      287.2    3.5%  find Confirmation
   10       50.7    0.6%  look for the underprice question
   11      380.2    4.7%  click Confirmation
   12      251.9    3.1%  park
   13      794.8    9.8%  confirm the dialog is gone
   14       54.1    0.7%  wait for the panel to let the item go
   15       58.4    0.7%  read tab 4 after the listing
          8116.5  100.0%  TOTAL
  listed 1 at 649,378; it lands in row 5
  the Chaos Core special row is listed at 649,378 in row 5
DONE {"kind": "resupply", "core": "Chaos Core", "bought": 1, "listed": 1, "rows": [5], "special": true}
  row 6 has SOLD (fully); collecting
    collected; row 6 is empty, nothing to relist
  the Chaos Core special row sold; buying it back now, not on the next pass

-- Chaos Core special row 2 of 2: 1 at 500 to 700 under the market --
  1 stays behind on every row bought; an order 10 step(s) down with nothing spare takes the row it is on whole, and the next order leaves 1 behind again; each order prices the favourite afresh, then wheels down, up to 30 step(s)
TASK {"kind": "resupply", "core": "Chaos Core", "slot": 3, "tab": 4, "landing": [1, 1], "special": true}
  row 1 offers 'Chaos Core' x1 at 649,999 (649,999/unit)

  buy from favourite slot 3: REFUSED
    #         ms   share  step
    1        0.5    0.0%  get_price: focus the game
    2      312.2    3.5%  get_price: _trade_window_open (OCR 1300x190)
    3      486.6    5.5%  get_price: purchase_tab_showing
    4     1487.7   16.7%  get_price: click the Purchase tab + settle
    5      293.1    3.3%  get_price: read row 1 before the search
    6      369.5    4.2%  get_price: click favourite slot 3
    7      321.9    3.6%  get_price: confirm the sort
    8     1182.3   13.3%  get_price: poll row 1 until it answers (2 read(s))
    9     4434.2   49.9%  get_price: search the favourite and read row 1
          8887.9  100.0%  TOTAL
  row 1 holds 1 and 1 stays behind, so there is nothing spare to take here.
  wheeled 1 notch(es) down the offers, from row 2 at (500, 313)
  row 1 offers 'Chaos Core' x39 at 748,998 (748,998/unit)
    balance before 1,451,768,567
    row 1 holds 39, 1 stays behind, so at most 38 comes off it
    dialog: '¢ Chaos Core'  qty 1 of 39  price 748998
    1 core(s) wanted, 1 to a pack -> 1 pack(s); 39 available, taking 1
    the quantity field already reads 1; not retyping it
    ordering 1 pack(s) at 748,998; the spend will confirm what actually bought
    balance after  1,451,019,569; spent 748,998 bought 1 pack(s) = 1 core(s) (748,998 a core)

  buy from favourite slot 3: bought 1 core(s) in 1 order(s)
    #         ms   share  step
    1        0.2    0.0%  get_price: focus the game
    2      293.3    4.3%  get_price: _trade_window_open (OCR 1300x190)
    3      359.3    5.3%  get_price: purchase_tab_showing
    4      669.9    9.8%  get_price: read row 1 where it stands
    5     1322.9   19.3%  get_price: search the favourite and read row 1
    6      386.7    5.7%  select inventory tab 4
    7      283.6    4.1%  read the balance before buying
    8      432.9    6.3%  click the row at (500, 258)
    9      383.1    5.6%  click Buy at (828, 258)
   10      283.1    4.1%  await the Purchase dialog
   11      989.0   14.5%  read the dialog (item, price, qty, qty_max)
   12      266.3    3.9%  find the Buy button
   13      375.1    5.5%  click Buy
   14      251.2    3.7%  park
   15      273.9    4.0%  confirm the dialog is gone
   16      271.4    4.0%  read the balance after buying
          6842.0  100.0%  TOTAL
    tab 4 slot (1, 1) is held for 'Chaos Core'; it frees when something is listed from it
  the Chaos Core landed in tab 4 slot (1, 1)
TASK {"kind": "resupply", "core": "Chaos Core", "slot": 3, "tab": 4, "landing": [1, 1], "step": "list", "holding": "Chaos Core", "qty": 1, "special": true}
  inventory slot (1,1) at (1479, 236)
    read: current min 649,999, price field 649,999, net sales 649,999, week average 717,087, listed at unread
    the lowest listed price is 649,999, from the row and 2 more
    market 649,999, typing 649,480, 519 under the market
    net sales 649,480 is 1 x 649,480
  typed 250; the net sales make it 1
    the panel holds 649,480 against the 649,480 typed
  tab 4 read in 58 ms after the listing: 0 slot(s) held

  list 1 at 649,480
    #         ms   share  step
    1       51.1    0.6%  read the panel before loading
    2      875.7   10.8%  ctrl-click (1,1) attempt 1
    3     1183.1   14.6%  read the suggested price
    4     1529.1   18.8%  type the price 649,480
    5      999.3   12.3%  type the quantity 250
    6      961.1   11.8%  take the quantity from the net sales
    7      298.7    3.7%  read the price back before Register
    8      387.0    4.8%  click Register
    9      285.8    3.5%  find Confirmation
   10       53.0    0.7%  look for the underprice question
   11      378.9    4.7%  click Confirmation
   12      251.8    3.1%  park
   13      752.2    9.3%  confirm the dialog is gone
   14       50.6    0.6%  wait for the panel to let the item go
   15       57.9    0.7%  read tab 4 after the listing
          8115.2  100.0%  TOTAL
  listed 1 at 649,480; it lands in row 6
  the Chaos Core special row is listed at 649,480 in row 6
DONE {"kind": "resupply", "core": "Chaos Core", "bought": 1, "listed": 1, "rows": [6], "special": true}
  tab 4 known from the last listing: 0 slot(s) held
  row 7: 'Force Core(High' x4 at 183,998 -> tab 4 slot (1, 1)
    floor 185,999 (185,999 x 1) from Force Core Set (High) as last bought; listed at 183,998, UNDER the floor
TASK {"kind": "relist", "row": 7, "item": "Force Core(High", "qty": 4, "price": 183998, "tab": 4, "slot": [1, 1], "lands_in": 7}
  inventory slot (1,1) at (1479, 236)
    read: current min 183,997, price field 183,997, net sales 183,997, week average 199,396, listed at 183,998
    the lowest listed price is 183,997, from the row and 3 more
    market 183,996 is under the 185,999 floor (a Force Core Set (High) as last bought costs 185,999); listing at the floor
    market 183,997, typing 185,999, 2,002 over the market
    net sales 743,996 is 4 x 185,999
  typed 250; the net sales make it 4
    the panel holds 185,999 against the 185,999 typed
  tab 4 read in 60 ms after the listing: 0 slot(s) held

  list 4 at 185,999
    #         ms   share  step
    1       56.1    0.7%  read the panel before loading
    2       45.3    0.6%  wait for slot (1,1) to fill
    3      880.1   11.0%  ctrl-click (1,1) attempt 1
    4     1101.5   13.7%  read the suggested price
    5     1515.4   18.9%  type the price 185,999
    6      996.2   12.4%  type the quantity 250
    7      948.4   11.8%  take the quantity from the net sales
    8      259.8    3.2%  read the price back before Register
    9      386.1    4.8%  click Register
   10      263.3    3.3%  find Confirmation
   11       55.8    0.7%  look for the underprice question
   12      381.2    4.8%  click Confirmation
   13      251.2    3.1%  park
   14      760.7    9.5%  confirm the dialog is gone
   15       61.6    0.8%  wait for the panel to let the item go
   16       60.5    0.8%  read tab 4 after the listing
          8023.2  100.0%  TOTAL
  listed 4 at 185,999; it lands in row 7
DONE {"kind": "relist", "row": 7, "lands_in": 7, "qty": 4, "price": 185999, "item": "Force Core(High"}
    relisted 4 at 185,999 in row 7, 1 relist(s) on the floor now
  tab 4 known from the last listing: 0 slot(s) held
  row 8: 'Force Core(High' x76 at 185,999 -> tab 4 slot (1, 1)
    floor 185,999 (185,999 x 1) from Force Core Set (High) as last bought; listed at 185,999, above it
TASK {"kind": "relist", "row": 8, "item": "Force Core(High", "qty": 76, "price": 185999, "tab": 4, "slot": [1, 1], "lands_in": 8}
  inventory slot (1,1) at (1479, 236)
    read: current min 183,999, price field 183,999, net sales 183,999, week average 199,396, listed at 185,999
    the lowest listed price is 183,999, from the row and 3 more
    market 183,998 is under the 185,999 floor (a Force Core Set (High) as last bought costs 185,999); listing at the floor
    market 183,999, typing 185,999, 2,000 over the market
    net sales 14,135,924 is 76 x 185,999
  typed 250; the net sales make it 76
    the panel holds 185,999 against the 185,999 typed
  tab 4 read in 58 ms after the listing: 0 slot(s) held

  list 76 at 185,999
    #         ms   share  step
    1       38.9    0.5%  read the panel before loading
    2       53.8    0.7%  wait for slot (1,1) to fill
    3      890.0   11.5%  ctrl-click (1,1) attempt 1
    4     1072.6   13.9%  read the suggested price
    5     1510.4   19.6%  type the price 185,999
    6     1000.3   13.0%  type the quantity 250
    7      830.3   10.8%  take the quantity from the net sales
    8      295.9    3.8%  read the price back before Register
    9      373.0    4.8%  click Register
   10      253.7    3.3%  find Confirmation
   11       48.5    0.6%  look for the underprice question
   12      362.3    4.7%  click Confirmation
   13      252.0    3.3%  park
   14      627.8    8.1%  confirm the dialog is gone
   15       41.4    0.5%  wait for the panel to let the item go
   16       58.2    0.8%  read tab 4 after the listing
          7709.1  100.0%  TOTAL
  listed 76 at 185,999; it lands in row 8
DONE {"kind": "relist", "row": 8, "lands_in": 8, "qty": 76, "price": 185999, "item": "Force Core(High"}
    relisted 76 at 185,999 in row 8, 1 relist(s) on the floor now
  tab 4 known from the last listing: 0 slot(s) held
  row 9: 'Force Core (Ultimate' x91 at 359,968 -> tab 4 slot (1, 1)
    floor 348,522 (348,522 x 1) from Force Core Set (Ultimate) as last bought; listed at 359,968, above it
TASK {"kind": "relist", "row": 9, "item": "Force Core (Ultimate", "qty": 91, "price": 359968, "tab": 4, "slot": [1, 1], "lands_in": 9}
  inventory slot (1,1) at (1479, 236)
    read: current min 359,959, price field 359,959, net sales 359,959, week average 411,299, listed at 359,968
    the lowest listed price is 359,959, from the row and 3 more
    market 359,959, typing 359,958, 1 under the market
    net sales 32,756,178 is 91 x 359,958
  typed 250; the net sales make it 91
    the panel holds 359,958 against the 359,958 typed
  tab 4 read in 61 ms after the listing: 0 slot(s) held

  list 91 at 359,958
    #         ms   share  step
    1       56.5    0.7%  read the panel before loading
    2       47.6    0.6%  wait for slot (1,1) to fill
    3      880.2   11.0%  ctrl-click (1,1) attempt 1
    4     1039.0   13.0%  read the suggested price
    5     1509.8   18.9%  type the price 359,958
    6      998.9   12.5%  type the quantity 250
    7      899.3   11.3%  take the quantity from the net sales
    8      338.2    4.2%  read the price back before Register
    9      391.5    4.9%  click Register
   10      298.2    3.7%  find Confirmation
   11       58.3    0.7%  look for the underprice question
   12      377.7    4.7%  click Confirmation
   13      251.1    3.1%  park
   14      720.5    9.0%  confirm the dialog is gone
   15       45.8    0.6%  wait for the panel to let the item go
   16       60.5    0.8%  read tab 4 after the listing
          7973.0  100.0%  TOTAL
  listed 91 at 359,958; it lands in row 9
DONE {"kind": "relist", "row": 9, "lands_in": 9, "qty": 91, "price": 359958, "item": "Force Core (Ultimate"}
    relisted 91 at 359,958 in row 9
  tab 4 known from the last listing: 0 slot(s) held
  row 10: 'Chaos Core Set X 150' x1 at 112,598,099 -> tab 4 slot (1, 1)
    floor 110,940,900 (739,606 x 150) from Chaos Core as last bought; listed at 112,598,099, above it
TASK {"kind": "relist", "row": 10, "item": "Chaos Core Set X 150", "qty": 1, "price": 112598099, "tab": 4, "slot": [1, 1], "lands_in": 10}
  inventory slot (1,1) at (1479, 236)
    read: current min 112,596,300, price field 112,596,300, net sales 112,596,300, week average 109,213,200, listed at 112,598,099
    the lowest listed price is 112,596,300, from the row and 3 more
    market 112,596,300, typing 112,596,299, 1 under the market
    net sales 112,596,299 is 1 x 112,596,299
  typed 250; the net sales make it 1
    the panel holds 112,596,299 against the 112,596,299 typed
  tab 4 read in 61 ms after the listing: 0 slot(s) held

  list 1 at 112,596,299
    #         ms   share  step
    1       44.3    0.5%  read the panel before loading
    2       53.6    0.6%  wait for slot (1,1) to fill
    3      878.7   10.5%  ctrl-click (1,1) attempt 1
    4     1103.6   13.2%  read the suggested price
    5     1742.1   20.8%  type the price 112,596,299
    6      999.7   11.9%  type the quantity 250
    7      978.8   11.7%  take the quantity from the net sales
    8      325.7    3.9%  read the price back before Register
    9      392.6    4.7%  click Register
   10      297.6    3.6%  find Confirmation
   11       60.4    0.7%  look for the underprice question
   12      377.6    4.5%  click Confirmation
   13      251.5    3.0%  park
   14      754.8    9.0%  confirm the dialog is gone
   15       46.0    0.5%  wait for the panel to let the item go
   16       60.6    0.7%  read tab 4 after the listing
          8367.5  100.0%  TOTAL
  listed 1 at 112,596,299; it lands in row 10
DONE {"kind": "relist", "row": 10, "lands_in": 10, "qty": 1, "price": 112596299, "item": "Chaos Core Set X 150"}
    relisted 1 at 112,596,299 in row 10
  tab 4 known from the last listing: 0 slot(s) held
  row 11: 'Chaos Core Set X 291' x1 at 218,440,022 -> tab 4 slot (1, 1)
    floor 215,225,346 (739,606 x 291) from Chaos Core as last bought; listed at 218,440,022, above it
TASK {"kind": "relist", "row": 11, "item": "Chaos Core Set X 291", "qty": 1, "price": 218440022, "tab": 4, "slot": [1, 1], "lands_in": 11}
  inventory slot (1,1) at (1479, 236)
    read: current min 218,436,240, price field 218,436,240, net sales 218,436,240, week average 211,873,608, listed at 218,440,022
    the lowest listed price is 218,436,240, from the row and 3 more
    market 218,436,240, typing 218,436,239, 1 under the market
    net sales 218,436,239 is 1 x 218,436,239
  typed 250; the net sales make it 1
    the panel holds 218,436,239 against the 218,436,239 typed
  tab 4 read in 61 ms after the listing: 0 slot(s) held

  list 1 at 218,436,239
    #         ms   share  step
    1       45.7    0.5%  read the panel before loading
    2       49.7    0.6%  wait for slot (1,1) to fill
    3      883.2   10.4%  ctrl-click (1,1) attempt 1
    4     1170.4   13.7%  read the suggested price
    5     1774.5   20.8%  type the price 218,436,239
    6     1021.0   12.0%  type the quantity 250
    7      966.8   11.4%  take the quantity from the net sales
    8      316.0    3.7%  read the price back before Register
    9      392.9    4.6%  click Register
   10      289.4    3.4%  find Confirmation
   11       51.5    0.6%  look for the underprice question
   12      376.0    4.4%  click Confirmation
   13      252.5    3.0%  park
   14      807.1    9.5%  confirm the dialog is gone
   15       59.8    0.7%  wait for the panel to let the item go
   16       60.6    0.7%  read tab 4 after the listing
          8517.0  100.0%  TOTAL
  listed 1 at 218,436,239; it lands in row 11
DONE {"kind": "relist", "row": 11, "lands_in": 11, "qty": 1, "price": 218436239, "item": "Chaos Core Set X 291"}
    relisted 1 at 218,436,239 in row 11
  tab 4 known from the last listing: 0 slot(s) held
  row 12: 'Chaos Core Set X 300' x1 at 225,195,599 -> tab 4 slot (1, 1)
    floor 221,881,800 (739,606 x 300) from Chaos Core as last bought; listed at 225,195,599, above it
TASK {"kind": "relist", "row": 12, "item": "Chaos Core Set X 300", "qty": 1, "price": 225195599, "tab": 4, "slot": [1, 1], "lands_in": 12}
  inventory slot (1,1) at (1479, 236)
    read: current min 225,191,700, price field 225,191,700, net sales 225,191,700, week average 218,426,400, listed at 225,195,599
    the lowest listed price is 225,191,700, from the row and 3 more
    market 225,191,700, typing 225,191,699, 1 under the market
    net sales 225,191,699 is 1 x 225,191,699
  typed 250; the net sales make it 1
    the panel holds 225,191,699 against the 225,191,699 typed
  tab 4 read in 63 ms after the listing: 0 slot(s) held

  list 1 at 225,191,699
    #         ms   share  step
    1       45.9    0.5%  read the panel before loading
    2       49.9    0.6%  wait for slot (1,1) to fill
    3      897.5   10.4%  ctrl-click (1,1) attempt 1
    4     1418.7   16.4%  read the suggested price
    5     1723.6   19.9%  type the price 225,191,699
    6     1004.4   11.6%  type the quantity 250
    7      931.2   10.7%  take the quantity from the net sales
    8      291.5    3.4%  read the price back before Register
    9      408.3    4.7%  click Register
   10      288.6    3.3%  find Confirmation
   11       46.5    0.5%  look for the underprice question
   12      379.7    4.4%  click Confirmation
   13      251.1    2.9%  park
   14      821.7    9.5%  confirm the dialog is gone
   15       48.4    0.6%  wait for the panel to let the item go
   16       62.8    0.7%  read tab 4 after the listing
          8669.8  100.0%  TOTAL
  listed 1 at 225,191,699; it lands in row 12
DONE {"kind": "relist", "row": 12, "lands_in": 12, "qty": 1, "price": 225191699, "item": "Chaos Core Set X 300"}
    relisted 1 at 225,191,699 in row 12
  tab 4 known from the last listing: 0 slot(s) held
  row 13: 'Force Core (Ultimate' x130 at 359,967 -> tab 4 slot (1, 1)
    floor 348,522 (348,522 x 1) from Force Core Set (Ultimate) as last bought; listed at 359,967, above it
TASK {"kind": "relist", "row": 13, "item": "Force Core (Ultimate", "qty": 130, "price": 359967, "tab": 4, "slot": [1, 1], "lands_in": 13}
  inventory slot (1,1) at (1479, 236)
    read: current min 359,958, price field 359,958, net sales 359,958, week average 411,299, listed at 359,967
    the lowest listed price is 359,958, from the row and 3 more
    market 359,958, typing 359,957, 1 under the market
    net sales 46,794,410 is 130 x 359,957
  typed 250; the net sales make it 130
    the panel holds 359,957 against the 359,957 typed
  tab 4 read in 57 ms after the listing: 0 slot(s) held

  list 130 at 359,957
    #         ms   share  step
    1       59.0    0.7%  read the panel before loading
    2       51.3    0.6%  wait for slot (1,1) to fill
    3      894.8   11.1%  ctrl-click (1,1) attempt 1
    4     1117.6   13.9%  read the suggested price
    5     1509.3   18.8%  type the price 359,957
    6      997.9   12.4%  type the quantity 250
    7      978.4   12.2%  take the quantity from the net sales
    8      261.9    3.3%  read the price back before Register
    9      372.8    4.6%  click Register
   10      253.8    3.2%  find Confirmation
   11       48.5    0.6%  look for the underprice question
   12      363.6    4.5%  click Confirmation
   13      251.0    3.1%  park
   14      764.7    9.5%  confirm the dialog is gone
   15       58.5    0.7%  wait for the panel to let the item go
   16       56.7    0.7%  read tab 4 after the listing
          8039.8  100.0%  TOTAL
  listed 130 at 359,957; it lands in row 13
DONE {"kind": "relist", "row": 13, "lands_in": 13, "qty": 130, "price": 359957, "item": "Force Core (Ultimate"}
    relisted 130 at 359,957 in row 13
  tab 4 known from the last listing: 0 slot(s) held
  row 14: 'Force Core (Ultimate' x146 at 359,977 -> tab 4 slot (1, 1)
    floor 348,522 (348,522 x 1) from Force Core Set (Ultimate) as last bought; listed at 359,977, above it
TASK {"kind": "relist", "row": 14, "item": "Force Core (Ultimate", "qty": 146, "price": 359977, "tab": 4, "slot": [1, 1], "lands_in": 14}
  inventory slot (1,1) at (1479, 236)
    read: current min 359,957, price field 359,957, net sales 359,957, week average 411,299, listed at 359,977
    the lowest listed price is 359,957, from the row and 3 more
    market 359,957, typing 359,956, 1 under the market
    net sales 52,553,576 is 146 x 359,956
  typed 250; the net sales make it 146
    the panel holds 359,956 against the 359,956 typed
  tab 4 read in 59 ms after the listing: 0 slot(s) held

  list 146 at 359,956
    #         ms   share  step
    1       56.4    0.7%  read the panel before loading
    2       46.1    0.6%  wait for slot (1,1) to fill
    3      898.1   11.1%  ctrl-click (1,1) attempt 1
    4     1103.1   13.7%  read the suggested price
    5     1524.7   18.9%  type the price 359,956
    6     1005.2   12.5%  type the quantity 250
    7      902.2   11.2%  take the quantity from the net sales
    8      284.4    3.5%  read the price back before Register
    9      388.3    4.8%  click Register
   10      277.8    3.4%  find Confirmation
   11       59.3    0.7%  look for the underprice question
   12      380.8    4.7%  click Confirmation
   13      251.2    3.1%  park
   14      789.5    9.8%  confirm the dialog is gone
   15       47.5    0.6%  wait for the panel to let the item go
   16       59.3    0.7%  read tab 4 after the listing
          8073.9  100.0%  TOTAL
  listed 146 at 359,956; it lands in row 14
DONE {"kind": "relist", "row": 14, "lands_in": 14, "qty": 146, "price": 359956, "item": "Force Core (Ultimate"}
    relisted 146 at 359,956 in row 14
  tab 4 known from the last listing: 0 slot(s) held
  row 15: 'Chaos Core Set X 333' x1 at 249,973,109 -> tab 4 slot (1, 1)
    floor 246,288,798 (739,606 x 333) from Chaos Core as last bought; listed at 249,973,109, above it
TASK {"kind": "relist", "row": 15, "item": "Chaos Core Set X 333", "qty": 1, "price": 249973109, "tab": 4, "slot": [1, 1], "lands_in": 15}
  inventory slot (1,1) at (1479, 236)
    read: current min 249,961,455, price field 249,961,455, net sales 249,961,455, week average 242,453,304, listed at 249,973,109
    the lowest listed price is 249,961,455, from the row and 3 more
    market 249,961,455, typing 249,961,454, 1 under the market
    net sales 249,961,454 is 1 x 249,961,454
  typed 250; the net sales make it 1
    the panel holds 249,961,454 against the 249,961,454 typed
  tab 4 read in 57 ms after the listing: 0 slot(s) held

  list 1 at 249,961,454
    #         ms   share  step
    1       48.8    0.6%  read the panel before loading
    2       47.1    0.6%  wait for slot (1,1) to fill
    3      879.0   10.7%  ctrl-click (1,1) attempt 1
    4     1120.2   13.6%  read the suggested price
    5     1718.6   20.8%  type the price 249,961,454
    6     1009.8   12.2%  type the quantity 250
    7      985.7   12.0%  take the quantity from the net sales
    8      288.9    3.5%  read the price back before Register
    9      387.5    4.7%  click Register
   10      300.6    3.6%  find Confirmation
   11       52.4    0.6%  look for the underprice question
   12      377.3    4.6%  click Confirmation
   13      251.5    3.1%  park
   14      661.5    8.0%  confirm the dialog is gone
   15       58.6    0.7%  wait for the panel to let the item go
   16       57.3    0.7%  read tab 4 after the listing
          8244.8  100.0%  TOTAL
  listed 1 at 249,961,454; it lands in row 15
DONE {"kind": "relist", "row": 15, "lands_in": 15, "qty": 1, "price": 249961454, "item": "Chaos Core Set X 333"}
    relisted 1 at 249,961,454 in row 15
  tab 4 known from the last listing: 0 slot(s) held
  row 16: 'Chaos Core Set X 69' x1 at 51,795,815 -> tab 4 slot (1, 1)
    floor 51,032,814 (739,606 x 69) from Chaos Core as last bought; listed at 51,795,815, above it
TASK {"kind": "relist", "row": 16, "item": "Chaos Core Set X 69", "qty": 1, "price": 51795815, "tab": 4, "slot": [1, 1], "lands_in": 16}
  inventory slot (1,1) at (1479, 236)
    read: current min 51,793,746, price field 51,793,746, net sales 51,793,746, week average 50,238,072, listed at 51,795,815
    the lowest listed price is 51,793,746, from the row and 3 more
    market 51,793,746, typing 51,793,745, 1 under the market
    net sales 51,793,745 is 1 x 51,793,745
  typed 250; the net sales make it 1
    the panel holds 51,793,745 against the 51,793,745 typed
  tab 4 read in 60 ms after the listing: 0 slot(s) held

  list 1 at 51,793,745
    #         ms   share  step
    1       47.9    0.6%  read the panel before loading
    2       56.7    0.7%  wait for slot (1,1) to fill
    3      895.5   10.3%  ctrl-click (1,1) attempt 1
    4     1546.3   17.8%  read the suggested price
    5     1658.1   19.1%  type the price 51,793,745
    6     1020.9   11.8%  type the quantity 250
    7      952.2   11.0%  take the quantity from the net sales
    8      291.0    3.4%  read the price back before Register
    9      384.6    4.4%  click Register
   10      283.2    3.3%  find Confirmation
   11       56.8    0.7%  look for the underprice question
   12      376.7    4.3%  click Confirmation
   13      251.7    2.9%  park
   14      734.3    8.5%  confirm the dialog is gone
   15       52.2    0.6%  wait for the panel to let the item go
   16       60.4    0.7%  read tab 4 after the listing
          8668.5  100.0%  TOTAL
  listed 1 at 51,793,745; it lands in row 16
DONE {"kind": "relist", "row": 16, "lands_in": 16, "qty": 1, "price": 51793745, "item": "Chaos Core Set X 69"}
    relisted 1 at 51,793,745 in row 16
  row 17 is empty; nothing to relist
  row 18 is empty; nothing to relist
  row 19 is empty; nothing to relist
  row 20 is empty; nothing to relist
  row 21 is empty; nothing to relist
  row 22 is empty; nothing to relist
  row 23 is empty; nothing to relist
  row 24 is empty; nothing to relist
  row 25 is empty; nothing to relist
  row 26 is empty; nothing to relist
  row 27 is empty; nothing to relist
  row 28 is empty; nothing to relist
  row 29 is empty; nothing to relist
  row 30 is empty; nothing to relist

  relisting rows 1-30: 14 relisted, 16 empty, 0 skipped
    #          ms   share     n      each  phase
    1    82,418.6   37.1%    10   8,241.9  list it back
    2    54,874.5   24.7%    10   5,487.5  cancel the row and take it back
    3    25,243.3   11.4%    24   1,051.8  scroll to the row and read it
    4    12,194.4    5.5%    11   1,108.6  select inventory tab 4
    5    10,595.5    4.8%    24     441.5  Refresh the table
    6    10,350.8    4.7%     1  10,350.8  buy 1 Chaos Core
    7     8,129.9    3.7%     1   8,129.9  list Chaos Core from (1, 1)
    8     5,538.6    2.5%     1   5,538.6  buy order 2
    9     4,437.0    2.0%     1   4,437.0  buy order 1
   10     2,542.2    1.1%     1   2,542.2  select the Register tab
   11     1,837.3    0.8%     1   1,837.3  wait for the Chaos Core to land on tab 4
   12     1,833.3    0.8%     1   1,833.3  read tab 4 before buying
   13     1,023.4    0.5%     1   1,023.4  reopen the Agent Shop
   14       549.4    0.2%    10      54.9  check the shop slot is empty
   15       372.0    0.2%     1     372.0  step down to the next offer (1)
        221,940.2  100.0%

  returning the game to its default state
restoring the default state:
  Escape: window closed
  Inventory already closed
  the gift box at [284, 994]
  Receive All at [1209, 786]
  Receive 1 of 4 at [1214, 327]
  Receive 2 of 4 at [1214, 425]
  Receive 3 of 4 at [1214, 523]
  Receive 4 of 4 at [1214, 621]
  the special giftbox's Receive at [1438, 492]
  Close at [1483, 846]
  took 4 gift(s)
  the Agent Shop is shut and the vendor is not open either; reopening it
  Inventory shut: slot grid 0.17, needs 0.33

  board after pass 1:
                                                   bought/u   listed/u  margin      row price
     1  Epic Booster (Highest)             x4    46,841,195 46,841,195   +0.0%     46,841,195
     2  Yekaterina VIP Membership          x1    112,418,868 113,499,999   +1.0%    113,499,999
     3  Force Core(Highest                 x1             -    197,992       -        197,992
     4  Siena's Unbinding Stone            x1    74,945,912 95,998,783  +21.9%     95,998,783
     5  Chaos Core                         x1       748,998    649,378  -15.3%        649,378
     6  Chaos Core                         x1       748,998    649,480  -15.3%        649,480
     7  Force Core(High                    x4             -    185,999       -        185,999
     8  Force Core(High                    x76            -    185,999       -        185,999
     9  Force Core (Ultimate               x91            -    359,958       -        359,958
    10  Chaos Core Set X 150               x1             -    750,641       -    112,596,299
    11  Chaos Core Set X 291               x1             -    750,639       -    218,436,239
    12  Chaos Core Set X 300               x1             -    750,638       -    225,191,699
    13  Force Core (Ultimate               x130           -    359,957       -        359,957
    14  Force Core (Ultimate               x146           -    359,956       -        359,956
    15  Chaos Core Set X 333               x1             -    750,634       -    249,961,454
    16  Chaos Core Set X 69                x1             -    750,633       -     51,793,745
    item                               rows   units          listed
    Chaos Core                            2       2       1,298,858
    Chaos Core Set                        5   1,143     857,979,436
    Epic Booster (Highest)                1       4     187,364,780
    Force Core (Ultimate                  3     367     132,104,164
    Force Core(High                       2      80      14,879,920
    Force Core(Highest                    1       1         197,992
    Siena's Unbinding Stone               1       1      95,998,783
    Yekaterina VIP Membership             1       1     113,499,999
    board                                16   1,599   1,403,323,932
    balance now 1,451,019,569
  pass 1: 14 relisted, 16 empty, 0 skipped; 9993.3 minute(s) left

WAR LAG: a war has just ended (server 10:29:28). Going to the default state and waiting 5.5 min, until server 10:34:59.
restoring the default state:
  Escape: window closed
  Inventory already closed
WAR LAG: done waiting; resuming.

-- pass 2 --
  the Agent Shop is not open before pass 2; every row would read the world behind it. Reopening.
  the Agent Shop is shut and the vendor is not open either; reopening it
  Inventory shut: slot grid 0.17, needs 0.33

  resupply order: Yekaterina VIP Membership, Chaos Core, Force Core(High), Force Core(Highest), Upgrade Core (Ultimate), Force Core (Ultimate), Epic Booster (Highest), Siena's Unbinding Stone

  Yekaterina VIP Membership: 1 row(s) inside 1-30, 1 wanted; row 2 'Yekaterina VIP Membership'
    floor 112,418,868: 300/1000 of the 374,729,560 voucher, read at launch

-- Chaos Core Set under our listing: up to 3 row(s) --
  Chaos Core Set 745,501 - Chaos Core 748,998 = -3,497
  ours is listed at 750,633 a Set and a Chaos Core sells at 748,998; buying every Set under 743,998, 5,000 a Set below the lower of the two
  the cheapest Chaos Core Set is 745,501 a Set, not under 743,998; nothing to buy under ours

  counting only rows 1-30; rows outside it are not repriced and do not count; 14 row(s) free
  core                            rows     buy/u    sell/u    margin  wants   short?
  Force Core(Highest)                1   195,000   197,990     2,990      0   
  Chaos Core                         5   748,998   745,501    -3,497      0   
  Force Core (Ultimate)              3         -         -         -      -   holds the most it can want, 3; not priced
  Force Core(High)                   2   185,184   183,999    -1,185      0   
  Upgrade Core (Ultimate)            0   456,521   449,767    -6,754      0   

  nothing inside rows 1-30 holds fewer rows than its margin is worth.

  Epic Booster (Highest): 1 row(s) inside 1-30, 1 wanted; row 1 'Epic Booster (Highest)'
    floor 46,841,195: 125/1000 of the 374,729,560 voucher, read at launch

  Siena's Unbinding Stone: 1 row(s) inside 1-30, 1 wanted; row 4 "Siena's Unbinding Stone"
    floor 74,945,912: 200/1000 of the 374,729,560 voucher, read at launch
  tab 4 read from the screen in 1820 ms: 0 slot(s) held
  row 1: 'Epic Booster (Highest)' x4 at 46,841,195 -> tab 4 slot (1, 1)
    floor 46,841,195 from what it cost; listed at 46,841,195, above it
TASK {"kind": "relist", "row": 1, "item": "Epic Booster (Highest)", "qty": 4, "price": 46841195, "tab": 4, "slot": [1, 1], "lands_in": 1}
  inventory slot (1,1) at (1479, 236)
    read: current min 46,700,000, price field 46,700,000, net sales 46,700,000, week average 49,859,511, listed at 46,841,195
    the lowest listed price is 46,700,000, from the row and 3 more
    market 46,699,999 is under the 46,841,195 floor (it is worth what it cost); listing at the floor
    market 46,700,000, typing 46,841,195, 141,195 over the market
    net sales 187,364,780 is 4 x 46,841,195
  typed 250; the net sales make it 4
    the panel holds 46,841,195 against the 46,841,195 typed
  tab 4 read in 62 ms after the listing: 0 slot(s) held

  list 4 at 46,841,195
    #         ms   share  step
    1       54.0    0.6%  read the panel before loading
    2       50.9    0.6%  wait for slot (1,1) to fill
    3      921.3   10.6%  ctrl-click (1,1) attempt 1
    4     1332.5   15.4%  read the suggested price
    5     1711.4   19.7%  type the price 46,841,195
    6     1035.4   11.9%  type the quantity 250
    7     1002.2   11.6%  take the quantity from the net sales
    8      300.4    3.5%  read the price back before Register
    9      382.4    4.4%  click Register
   10      286.4    3.3%  find Confirmation
   11       51.7    0.6%  look for the underprice question
   12      379.2    4.4%  click Confirmation
   13      251.4    2.9%  park
   14      798.5    9.2%  confirm the dialog is gone
   15       54.7    0.6%  wait for the panel to let the item go
   16       61.9    0.7%  read tab 4 after the listing
          8674.4  100.0%  TOTAL
  listed 4 at 46,841,195; it lands in row 1
DONE {"kind": "relist", "row": 1, "lands_in": 1, "qty": 4, "price": 46841195, "item": "Epic Booster (Highest)"}
    relisted 4 at 46,841,195 in row 1, 2 relist(s) on the floor now
    the quantity column read 'Membership', which holds no digits, so it is the end of the name and not a count; reading the row as 'Yekaterina VIP Membership' and letting the panel count what is there
    one line read 'ene eae 1 113,499,999 OnSale Change'; read as stacked lines it is 'Yekaterina VIP Membership 113,499,999 OnSale Change'
  tab 4 known from the last listing: 0 slot(s) held
  row 2: 'Yekaterina VIP Membership' x1 at 113,499,999 -> tab 4 slot (1, 1)
    floor 112,418,868 from what it cost; listed at 113,499,999, above it
TASK {"kind": "relist", "row": 2, "item": "Yekaterina VIP Membership", "qty": 1, "price": 113499999, "tab": 4, "slot": [1, 1], "lands_in": 2}
  inventory slot (1,1) at (1479, 236)
    read: current min 113,500,000, price field 113,500,000, net sales 113,500,000, week average 126,414,301, listed at 113,499,999
    the lowest listed price is 113,500,000, from the row and 3 more
    market 113,500,000, typing 113,499,999, 1 under the market
    net sales 113,499,999 is 1 x 113,499,999
  typed 250; the net sales make it 1
    the panel holds 113,499,999 against the 113,499,999 typed
  tab 4 read in 57 ms after the listing: 0 slot(s) held

  list 1 at 113,499,999
    #         ms   share  step
    1       60.4    0.7%  read the panel before loading
    2       48.4    0.6%  wait for slot (1,1) to fill
    3      893.4   10.7%  ctrl-click (1,1) attempt 1
    4     1052.5   12.6%  read the suggested price
    5     1722.7   20.6%  type the price 113,499,999
    6     1010.0   12.1%  type the quantity 250
    7      952.4   11.4%  take the quantity from the net sales
    8      306.1    3.7%  read the price back before Register
    9      382.9    4.6%  click Register
   10      288.6    3.5%  find Confirmation
   11       49.5    0.6%  look for the underprice question
   12      377.8    4.5%  click Confirmation
   13      251.2    3.0%  park
   14      856.4   10.3%  confirm the dialog is gone
   15       43.3    0.5%  wait for the panel to let the item go
   16       56.9    0.7%  read tab 4 after the listing
          8352.5  100.0%  TOTAL
  listed 1 at 113,499,999; it lands in row 2
DONE {"kind": "relist", "row": 2, "lands_in": 2, "qty": 1, "price": 113499999, "item": "Yekaterina VIP Membership"}
    relisted 1 at 113,499,999 in row 2
  tab 4 known from the last listing: 0 slot(s) held
  row 3: 'Force Core(Highest' x1 at 197,992 -> tab 4 slot (1, 1)
    floor 181,900 (181,900 x 1) from Force Core Set (Highest) as last bought; listed at 197,992, above it
TASK {"kind": "relist", "row": 3, "item": "Force Core(Highest", "qty": 1, "price": 197992, "tab": 4, "slot": [1, 1], "lands_in": 3}
  inventory slot (1,1) at (1479, 236)
    read: current min 197,989, price field 197,989, net sales 197,989, week average 213,123, listed at 197,992
    the lowest listed price is 197,989, from the row and 3 more
    market 197,989, typing 197,988, 1 under the market
    net sales 197,988 is 1 x 197,988
  typed 250; the net sales make it 1
    the panel holds 197,988 against the 197,988 typed
  tab 4 read in 60 ms after the listing: 0 slot(s) held

  list 1 at 197,988
    #         ms   share  step
    1       55.8    0.7%  read the panel before loading
    2       54.7    0.7%  wait for slot (1,1) to fill
    3      896.0   10.7%  ctrl-click (1,1) attempt 1
    4     1381.3   16.5%  read the suggested price
    5     1529.6   18.3%  type the price 197,988
    6      997.5   11.9%  type the quantity 250
    7      920.5   11.0%  take the quantity from the net sales
    8      286.7    3.4%  read the price back before Register
    9      390.0    4.7%  click Register
   10      307.0    3.7%  find Confirmation
   11       47.5    0.6%  look for the underprice question
   12      378.0    4.5%  click Confirmation
   13      251.4    3.0%  park
   14      771.5    9.2%  confirm the dialog is gone
   15       46.3    0.6%  wait for the panel to let the item go
   16       59.7    0.7%  read tab 4 after the listing
          8373.4  100.0%  TOTAL
  listed 1 at 197,988; it lands in row 3
DONE {"kind": "relist", "row": 3, "lands_in": 3, "qty": 1, "price": 197988, "item": "Force Core(Highest"}
    relisted 1 at 197,988 in row 3
  tab 4 known from the last listing: 0 slot(s) held
  row 4: "Siena's Unbinding Stone" x1 at 95,998,783 -> tab 4 slot (1, 1)
    floor 74,945,912 from what it cost; listed at 95,998,783, above it
TASK {"kind": "relist", "row": 4, "item": "Siena's Unbinding Stone", "qty": 1, "price": 95998783, "tab": 4, "slot": [1, 1], "lands_in": 4}
  inventory slot (1,1) at (1479, 236)
    read: current min 95,998,784, price field 95,998,784, net sales 95,998,784, week average 98,999,016, listed at 95,998,783
    the lowest listed price is 95,998,784, from the row and 3 more
    market 95,998,784, typing 95,998,783, 1 under the market
    net sales 95,998,783 is 1 x 95,998,783
  typed 250; the net sales make it 1
    the panel holds 95,998,783 against the 95,998,783 typed
  tab 4 read in 60 ms after the listing: 0 slot(s) held

  list 1 at 95,998,783
    #         ms   share  step
    1       57.3    0.7%  read the panel before loading
    2       50.2    0.6%  wait for slot (1,1) to fill
    3      877.6   10.8%  ctrl-click (1,1) attempt 1
    4     1036.1   12.7%  read the suggested price
    5     1672.7   20.6%  type the price 95,998,783
    6     1030.1   12.7%  type the quantity 250
    7      974.5   12.0%  take the quantity from the net sales
    8      296.2    3.6%  read the price back before Register
    9      379.6    4.7%  click Register
   10      238.1    2.9%  find Confirmation
   11       48.0    0.6%  look for the underprice question
   12      365.6    4.5%  click Confirmation
   13      251.6    3.1%  park
   14      732.2    9.0%  confirm the dialog is gone
   15       57.3    0.7%  wait for the panel to let the item go
   16       60.5    0.7%  read tab 4 after the listing
          8127.6  100.0%  TOTAL
  listed 1 at 95,998,783; it lands in row 4
DONE {"kind": "relist", "row": 4, "lands_in": 4, "qty": 1, "price": 95998783, "item": "Siena's Unbinding Stone"}
    relisted 1 at 95,998,783 in row 4
  row 5 has SOLD (fully); collecting
    collected; row 5 is empty, nothing to relist
  the Chaos Core special row sold; buying it back now, not on the next pass

-- Chaos Core special row 2 of 2: 1 at 500 to 700 under the market --
  1 stays behind on every row bought; an order 10 step(s) down with nothing spare takes the row it is on whole, and the next order leaves 1 behind again; each order prices the favourite afresh, then wheels down, up to 30 step(s)
TASK {"kind": "resupply", "core": "Chaos Core", "slot": 3, "tab": 4, "landing": [1, 1], "special": true}
  row 1 offers 'Chaos Core' x132 at 748,998 (748,998/unit)
    balance before 1,451,668,947
    row 1 holds 132, 1 stays behind, so at most 131 comes off it
    dialog: '¢ Chaos Core'  qty 1 of 132  price 748998
    1 core(s) wanted, 1 to a pack -> 1 pack(s); 132 available, taking 1
    the quantity field already reads 1; not retyping it
    ordering 1 pack(s) at 748,998; the spend will confirm what actually bought
    balance after  1,450,919,949; spent 748,998 bought 1 pack(s) = 1 core(s) (748,998 a core)

  buy from favourite slot 3: bought 1 core(s) in 1 order(s)
    #         ms   share  step
    1        0.5    0.0%  get_price: focus the game
    2      328.4    2.3%  get_price: _trade_window_open (OCR 1300x190)
    3      505.4    3.6%  get_price: purchase_tab_showing
    4     1491.4   10.6%  get_price: click the Purchase tab + settle
    5      692.0    4.9%  get_price: read row 1 before the search
    6      387.1    2.7%  get_price: click favourite slot 3
    7      241.9    1.7%  get_price: confirm the sort
    8     1235.7    8.8%  get_price: poll row 1 until it answers (2 read(s))
    9     5060.6   35.9%  get_price: search the favourite and read row 1
   10      374.1    2.7%  select inventory tab 4
   11      276.6    2.0%  read the balance before buying
   12      459.2    3.3%  click the row at (500, 258)
   13      386.5    2.7%  click Buy at (828, 258)
   14      297.2    2.1%  await the Purchase dialog
   15      969.8    6.9%  read the dialog (item, price, qty, qty_max)
   16      231.0    1.6%  find the Buy button
   17      378.1    2.7%  click Buy
   18      251.2    1.8%  park
   19      269.7    1.9%  confirm the dialog is gone
   20      273.6    1.9%  read the balance after buying
         14109.9  100.0%  TOTAL
    tab 4 slot (1, 1) is held for 'Chaos Core'; it frees when something is listed from it
  the Chaos Core landed in tab 4 slot (1, 1)
TASK {"kind": "resupply", "core": "Chaos Core", "slot": 3, "tab": 4, "landing": [1, 1], "step": "list", "holding": "Chaos Core", "qty": 1, "special": true}
  inventory slot (1,1) at (1479, 236)
    read: current min 748,998, price field 748,998, net sales 748,998, week average 717,087, listed at unread
    the lowest listed price is 748,998, from the row and 2 more
    market 748,998, typing 748,428, 570 under the market
    net sales 748,428 is 1 x 748,428
  typed 250; the net sales make it 1
    the panel holds 748,428 against the 748,428 typed
  tab 4 read in 58 ms after the listing: 0 slot(s) held

  list 1 at 748,428
    #         ms   share  step
    1       47.4    0.6%  read the panel before loading
    2      882.8   11.0%  ctrl-click (1,1) attempt 1
    3     1137.0   14.1%  read the suggested price
    4     1531.1   19.1%  type the price 748,428
    5      996.2   12.4%  type the quantity 250
    6      928.4   11.6%  take the quantity from the net sales
    7      297.2    3.7%  read the price back before Register
    8      385.0    4.8%  click Register
    9      289.7    3.6%  find Confirmation
   10       48.9    0.6%  look for the underprice question
   11      381.7    4.8%  click Confirmation
   12      251.6    3.1%  park
   13      741.9    9.2%  confirm the dialog is gone
   14       59.5    0.7%  wait for the panel to let the item go
   15       58.0    0.7%  read tab 4 after the listing
          8036.3  100.0%  TOTAL
  listed 1 at 748,428; it lands in row 5
  the Chaos Core special row is listed at 748,428 in row 5
DONE {"kind": "resupply", "core": "Chaos Core", "bought": 1, "listed": 1, "rows": [5], "special": true}
  row 6 has SOLD (fully); collecting
    collected; row 6 is empty, nothing to relist
  the Chaos Core special row sold; buying it back now, not on the next pass

-- Chaos Core special row 2 of 2: 1 at 500 to 700 under the market --
  1 stays behind on every row bought; an order 10 step(s) down with nothing spare takes the row it is on whole, and the next order leaves 1 behind again; each order prices the favourite afresh, then wheels down, up to 30 step(s)
TASK {"kind": "resupply", "core": "Chaos Core", "slot": 3, "tab": 4, "landing": [1, 1], "special": true}
  row 1 offers 'Chaos Core' x1 at 748,363 (748,363/unit)

  buy from favourite slot 3: REFUSED
    #         ms   share  step
    1        0.5    0.0%  get_price: focus the game
    2      294.9    3.3%  get_price: _trade_window_open (OCR 1300x190)
    3      475.5    5.4%  get_price: purchase_tab_showing
    4     1483.7   16.7%  get_price: click the Purchase tab + settle
    5      321.0    3.6%  get_price: read row 1 before the search
    6      379.0    4.3%  get_price: click favourite slot 3
    7      285.8    3.2%  get_price: confirm the sort
    8     1167.5   13.2%  get_price: poll row 1 until it answers (2 read(s))
    9     4456.7   50.3%  get_price: search the favourite and read row 1
          8864.7  100.0%  TOTAL
  row 1 holds 1 and 1 stays behind, so there is nothing spare to take here.
  wheeled 1 notch(es) down the offers, from row 2 at (500, 313)
  row 1 offers 'Chaos Core' x1 at 748,428 (748,428/unit)

  buy from favourite slot 3: REFUSED
    #         ms   share  step
    1        1.0    0.0%  get_price: focus the game
    2      297.2   10.0%  get_price: _trade_window_open (OCR 1300x190)
    3      345.7   11.7%  get_price: purchase_tab_showing
    4      838.5   28.3%  get_price: read row 1 where it stands
    5     1482.6   50.0%  get_price: search the favourite and read row 1
          2965.1  100.0%  TOTAL
  row 1 holds 1 and 1 stays behind, so there is nothing spare to take here.
  wheeled 1 notch(es) down the offers, from row 2 at (500, 313)
  row 1 offers 'Chaos Core' x130 at 748,998 (748,998/unit)
    balance before 1,451,569,429
    row 1 holds 130, 1 stays behind, so at most 129 comes off it
    dialog: '¢ Chaos Core'  qty 1 of 130  price 748998
    1 core(s) wanted, 1 to a pack -> 1 pack(s); 130 available, taking 1
    the quantity field already reads 1; not retyping it
    ordering 1 pack(s) at 748,998; the spend will confirm what actually bought
    balance after  1,450,820,431; spent 748,998 bought 1 pack(s) = 1 core(s) (748,998 a core)

  buy from favourite slot 3: bought 1 core(s) in 1 order(s)
    #         ms   share  step
    1        0.5    0.0%  get_price: focus the game
    2      281.2    3.9%  get_price: _trade_window_open (OCR 1300x190)
    3      441.6    6.1%  get_price: purchase_tab_showing
    4      730.3   10.1%  get_price: read row 1 where it stands
    5     1453.7   20.2%  get_price: search the favourite and read row 1
    6      381.3    5.3%  select inventory tab 4
    7      288.1    4.0%  read the balance before buying
    8      445.8    6.2%  click the row at (500, 258)
    9      383.8    5.3%  click Buy at (828, 258)
   10      285.1    4.0%  await the Purchase dialog
   11     1022.1   14.2%  read the dialog (item, price, qty, qty_max)
   12      291.8    4.0%  find the Buy button
   13      376.6    5.2%  click Buy
   14      251.2    3.5%  park
   15      273.3    3.8%  confirm the dialog is gone
   16      305.5    4.2%  read the balance after buying
          7211.8  100.0%  TOTAL
    tab 4 slot (1, 1) is held for 'Chaos Core'; it frees when something is listed from it
  the Chaos Core landed in tab 4 slot (1, 1)
TASK {"kind": "resupply", "core": "Chaos Core", "slot": 3, "tab": 4, "landing": [1, 1], "step": "list", "holding": "Chaos Core", "qty": 1, "special": true}
  inventory slot (1,1) at (1479, 236)
    read: current min 748,363, price field 748,363, net sales 748,363, week average 717,087, listed at unread
    the lowest listed price is 748,363, from the row and 2 more
    market 748,363, typing 747,793, 570 under the market
    net sales 747,793 is 1 x 747,793
  typed 250; the net sales make it 1
    the panel holds 747,793 against the 747,793 typed
  tab 4 read in 70 ms after the listing: 0 slot(s) held

  list 1 at 747,793
    #         ms   share  step
    1       46.7    0.6%  read the panel before loading
    2      881.0   10.9%  ctrl-click (1,1) attempt 1
    3     1135.6   14.1%  read the suggested price
    4     1512.8   18.8%  type the price 747,793
    5     1016.2   12.6%  type the quantity 250
    6      931.3   11.5%  take the quantity from the net sales
    7      272.6    3.4%  read the price back before Register
    8      371.1    4.6%  click Register
    9      310.9    3.9%  find Confirmation
   10       46.3    0.6%  look for the underprice question
   11      382.6    4.7%  click Confirmation
   12      252.6    3.1%  park
   13      784.9    9.7%  confirm the dialog is gone
   14       50.1    0.6%  wait for the panel to let the item go
   15       69.7    0.9%  read tab 4 after the listing
          8064.3  100.0%  TOTAL
  listed 1 at 747,793; it lands in row 6
  the Chaos Core special row is listed at 747,793 in row 6
DONE {"kind": "resupply", "core": "Chaos Core", "bought": 1, "listed": 1, "rows": [6], "special": true}
  tab 4 known from the last listing: 0 slot(s) held
  row 7: 'Force Core(High' x4 at 185,999 -> tab 4 slot (1, 1)
    floor 185,999 (185,999 x 1) from Force Core Set (High) as last bought; listed at 185,999, above it
TASK {"kind": "relist", "row": 7, "item": "Force Core(High", "qty": 4, "price": 185999, "tab": 4, "slot": [1, 1], "lands_in": 7}
  inventory slot (1,1) at (1479, 236)
    read: current min 183,999, price field 183,999, net sales 183,999, week average 199,396, listed at 185,999
    the lowest listed price is 183,999, from the row and 3 more
    market 183,998 is under the 185,999 floor (a Force Core Set (High) as last bought costs 185,999); listing at the floor
    market 183,999, typing 185,999, 2,000 over the market
    net sales 743,996 is 4 x 185,999
  typed 250; the net sales make it 4
    the panel holds 185,999 against the 185,999 typed
  tab 4 read in 59 ms after the listing: 0 slot(s) held

  list 4 at 185,999
    #         ms   share  step
    1       44.6    0.6%  read the panel before loading
    2       46.5    0.6%  wait for slot (1,1) to fill
    3      878.2   11.1%  ctrl-click (1,1) attempt 1
    4     1105.7   14.0%  read the suggested price
    5     1515.5   19.2%  type the price 185,999
    6     1012.4   12.8%  type the quantity 250
    7      920.3   11.6%  take the quantity from the net sales
    8      272.9    3.4%  read the price back before Register
    9      383.8    4.9%  click Register
   10      273.7    3.5%  find Confirmation
   11       46.6    0.6%  look for the underprice question
   12      361.9    4.6%  click Confirmation
   13      251.3    3.2%  park
   14      681.8    8.6%  confirm the dialog is gone
   15       58.0    0.7%  wait for the panel to let the item go
   16       59.3    0.7%  read tab 4 after the listing
          7912.2  100.0%  TOTAL
  listed 4 at 185,999; it lands in row 7
DONE {"kind": "relist", "row": 7, "lands_in": 7, "qty": 4, "price": 185999, "item": "Force Core(High"}
    relisted 4 at 185,999 in row 7, 2 relist(s) on the floor now
  tab 4 known from the last listing: 0 slot(s) held
  row 8: 'Force Core(High' x76 at 185,999 -> tab 4 slot (1, 1)
    floor 185,999 (185,999 x 1) from Force Core Set (High) as last bought; listed at 185,999, above it
TASK {"kind": "relist", "row": 8, "item": "Force Core(High", "qty": 76, "price": 185999, "tab": 4, "slot": [1, 1], "lands_in": 8}
  inventory slot (1,1) at (1479, 236)
    read: current min 183,999, price field 183,999, net sales 183,999, week average 199,396, listed at 185,999
    the lowest listed price is 183,999, from the row and 3 more
    market 183,998 is under the 185,999 floor (a Force Core Set (High) as last bought costs 185,999); listing at the floor
    market 183,999, typing 185,999, 2,000 over the market
    net sales 14,135,924 is 76 x 185,999
  typed 250; the net sales make it 76
    the panel holds 185,999 against the 185,999 typed
  tab 4 read in 62 ms after the listing: 0 slot(s) held

  list 76 at 185,999
    #         ms   share  step
    1       61.1    0.7%  read the panel before loading
    2       57.4    0.7%  wait for slot (1,1) to fill
    3      880.9   10.8%  ctrl-click (1,1) attempt 1
    4     1102.4   13.5%  read the suggested price
    5     1510.2   18.5%  type the price 185,999
    6     1016.7   12.5%  type the quantity 250
    7     1012.0   12.4%  take the quantity from the net sales
    8      319.9    3.9%  read the price back before Register
    9      380.4    4.7%  click Register
   10      275.8    3.4%  find Confirmation
   11       46.3    0.6%  look for the underprice question
   12      376.0    4.6%  click Confirmation
   13      251.3    3.1%  park
   14      746.8    9.2%  confirm the dialog is gone
   15       57.3    0.7%  wait for the panel to let the item go
   16       61.9    0.8%  read tab 4 after the listing
          8156.4  100.0%  TOTAL
  listed 76 at 185,999; it lands in row 8
DONE {"kind": "relist", "row": 8, "lands_in": 8, "qty": 76, "price": 185999, "item": "Force Core(High"}
    relisted 76 at 185,999 in row 8, 2 relist(s) on the floor now
  tab 4 known from the last listing: 0 slot(s) held
  row 9: 'Force Core (Ultimate' x91 at 359,958 -> tab 4 slot (1, 1)
    floor 348,522 (348,522 x 1) from Force Core Set (Ultimate) as last bought; listed at 359,958, above it
TASK {"kind": "relist", "row": 9, "item": "Force Core (Ultimate", "qty": 91, "price": 359958, "tab": 4, "slot": [1, 1], "lands_in": 9}
  inventory slot (1,1) at (1479, 236)
    read: current min 359,952, price field 359,952, net sales 359,952, week average 411,299, listed at 359,958
    the lowest listed price is 359,952, from the row and 3 more
    market 359,952, typing 359,951, 1 under the market
    net sales 32,755,541 is 91 x 359,951
  typed 250; the net sales make it 91
    the panel holds 359,951 against the 359,951 typed
  tab 4 read in 59 ms after the listing: 0 slot(s) held

  list 91 at 359,951
    #         ms   share  step
    1       56.9    0.7%  read the panel before loading
    2       47.5    0.6%  wait for slot (1,1) to fill
    3      879.3   11.2%  ctrl-click (1,1) attempt 1
    4     1102.1   14.1%  read the suggested price
    5     1524.7   19.4%  type the price 359,951
    6     1004.2   12.8%  type the quantity 250
    7      789.0   10.1%  take the quantity from the net sales
    8      277.4    3.5%  read the price back before Register
    9      375.5    4.8%  click Register
   10      281.9    3.6%  find Confirmation
   11       53.8    0.7%  look for the underprice question
   12      361.0    4.6%  click Confirmation
   13      251.7    3.2%  park
   14      717.5    9.2%  confirm the dialog is gone
   15       57.5    0.7%  wait for the panel to let the item go
   16       59.3    0.8%  read tab 4 after the listing
          7839.4  100.0%  TOTAL
  listed 91 at 359,951; it lands in row 9
DONE {"kind": "relist", "row": 9, "lands_in": 9, "qty": 91, "price": 359951, "item": "Force Core (Ultimate"}
    relisted 91 at 359,951 in row 9
  tab 4 known from the last listing: 0 slot(s) held
  row 10: 'Chaos Core Set X 150' x1 at 112,596,299 -> tab 4 slot (1, 1)
    floor 110,940,900 (739,606 x 150) from Chaos Core as last bought; listed at 112,596,299, above it
TASK {"kind": "relist", "row": 10, "item": "Chaos Core Set X 150", "qty": 1, "price": 112596299, "tab": 4, "slot": [1, 1], "lands_in": 10}
  inventory slot (1,1) at (1479, 236)
    read: current min 111,824,550, price field 111,824,550, net sales 111,824,550, week average 109,213,200, listed at 112,596,299
    the lowest listed price is 111,824,550, from the row and 3 more
    market 111,824,550, typing 111,824,549, 1 under the market
    net sales 111,824,549 is 1 x 111,824,549
  typed 250; the net sales make it 1
    the panel holds 111,824,549 against the 111,824,549 typed
  tab 4 read in 60 ms after the listing: 0 slot(s) held

  list 1 at 111,824,549
    #         ms   share  step
    1       66.1    0.7%  read the panel before loading
    2       70.8    0.8%  wait for slot (1,1) to fill
    3      903.4   10.2%  ctrl-click (1,1) attempt 1
    4     1201.3   13.6%  read the suggested price
    5     1768.4   20.0%  type the price 111,824,549
    6     1028.2   11.6%  type the quantity 250
    7     1243.3   14.1%  take the quantity from the net sales
    8      338.5    3.8%  read the price back before Register
    9      374.6    4.2%  click Register
   10      271.3    3.1%  find Confirmation
   11       47.8    0.5%  look for the underprice question
   12      383.1    4.3%  click Confirmation
   13      251.4    2.8%  park
   14      757.1    8.6%  confirm the dialog is gone
   15       61.4    0.7%  wait for the panel to let the item go
   16       60.3    0.7%  read tab 4 after the listing
          8827.0  100.0%  TOTAL
  listed 1 at 111,824,549; it lands in row 10
DONE {"kind": "relist", "row": 10, "lands_in": 10, "qty": 1, "price": 111824549, "item": "Chaos Core Set X 150"}
    relisted 1 at 111,824,549 in row 10
  tab 4 known from the last listing: 0 slot(s) held
  row 11: 'Chaos Core Set X 291' x1 at 218,436,239 -> tab 4 slot (1, 1)
    floor 215,225,346 (739,606 x 291) from Chaos Core as last bought; listed at 218,436,239, above it
TASK {"kind": "relist", "row": 11, "item": "Chaos Core Set X 291", "qty": 1, "price": 218436239, "tab": 4, "slot": [1, 1], "lands_in": 11}
  inventory slot (1,1) at (1479, 236)
    read: current min 216,939,336, price field 216,939,336, net sales 216,939,336, week average 211,873,608, listed at 218,436,239
    the lowest listed price is 216,939,336, from the row and 3 more
    market 216,939,336, typing 216,939,335, 1 under the market
    net sales 216,939,335 is 1 x 216,939,335
  typed 250; the net sales make it 1
    the panel holds 216,939,335 against the 216,939,335 typed
  tab 4 read in 59 ms after the listing: 0 slot(s) held

  list 1 at 216,939,335
    #         ms   share  step
    1       48.5    0.6%  read the panel before loading
    2       49.2    0.6%  wait for slot (1,1) to fill
    3      878.4   10.8%  ctrl-click (1,1) attempt 1
    4     1070.6   13.1%  read the suggested price
    5     1731.3   21.2%  type the price 216,939,335
    6      995.6   12.2%  type the quantity 250
    7      860.4   10.5%  take the quantity from the net sales
    8      267.3    3.3%  read the price back before Register
    9      383.4    4.7%  click Register
   10      298.9    3.7%  find Confirmation
   11       59.1    0.7%  look for the underprice question
   12      376.8    4.6%  click Confirmation
   13      251.4    3.1%  park
   14      775.8    9.5%  confirm the dialog is gone
   15       62.1    0.8%  wait for the panel to let the item go
   16       58.8    0.7%  read tab 4 after the listing
          8167.3  100.0%  TOTAL
  listed 1 at 216,939,335; it lands in row 11
DONE {"kind": "relist", "row": 11, "lands_in": 11, "qty": 1, "price": 216939335, "item": "Chaos Core Set X 291"}
    relisted 1 at 216,939,335 in row 11
  row 12 has SOLD (fully); collecting
    collected; row 12 is empty, nothing to relist
  a 'Chaos Core Set X 300' row sold and is collected; Chaos Core holds 4 row(s), pricing and resupplying it now, not on the next pass
  Chaos Core Set 745,497 - Chaos Core 747,229 = -1,732
  a margin of -1,732 is worth 0 row(s) of Chaos Core; 4 held; not buying.
  row 13 has SOLD (partly); collecting
    collected; 110 left to relist
  tab 4 read from the screen in 1829 ms: 0 slot(s) held
  row 13: 'Force Core (Ultimate' x110 at 359,957 -> tab 4 slot (1, 1)
    floor 348,522 (348,522 x 1) from Force Core Set (Ultimate) as last bought; listed at 359,957, above it
    rows [12] are empty, so it will come back in row 12
TASK {"kind": "relist", "row": 13, "item": "Force Core (Ultimate", "qty": 110, "price": 359957, "tab": 4, "slot": [1, 1], "lands_in": 12}
  inventory slot (1,1) at (1479, 236)
    read: current min 359,951, price field 359,951, net sales 359,951, week average 411,299, listed at 359,957
    the lowest listed price is 359,951, from the row and 3 more
    market 359,951, typing 359,950, 1 under the market
    net sales 39,594,500 is 110 x 359,950
  typed 250; the net sales make it 110
    the panel holds 359,950 against the 359,950 typed
  tab 4 read in 56 ms after the listing: 0 slot(s) held

  list 110 at 359,950
    #         ms   share  step
    1       42.4    0.5%  read the panel before loading
    2       56.1    0.7%  wait for slot (1,1) to fill
    3      874.0   11.0%  ctrl-click (1,1) attempt 1
    4     1087.8   13.7%  read the suggested price
    5     1523.1   19.1%  type the price 359,950
    6     1001.5   12.6%  type the quantity 250
    7      932.7   11.7%  take the quantity from the net sales
    8      296.2    3.7%  read the price back before Register
    9      381.9    4.8%  click Register
   10      265.8    3.3%  find Confirmation
   11       55.1    0.7%  look for the underprice question
   12      361.6    4.5%  click Confirmation
   13      251.6    3.2%  park
   14      724.6    9.1%  confirm the dialog is gone
   15       48.0    0.6%  wait for the panel to let the item go
   16       55.7    0.7%  read tab 4 after the listing
          7958.2  100.0%  TOTAL
  listed 110 at 359,950; it lands in row 12
DONE {"kind": "relist", "row": 13, "lands_in": 12, "qty": 110, "price": 359950, "item": "Force Core (Ultimate"}
    relisted 110 at 359,950 in row 12
  row 14 has SOLD (partly); collecting
    collected; 116 left to relist
  tab 4 known from the last listing: 0 slot(s) held
  row 14: 'Force Core (Ultimate' x116 at 359,956 -> tab 4 slot (1, 1)
    floor 348,522 (348,522 x 1) from Force Core Set (Ultimate) as last bought; listed at 359,956, above it
    rows [13] are empty, so it will come back in row 13
TASK {"kind": "relist", "row": 14, "item": "Force Core (Ultimate", "qty": 116, "price": 359956, "tab": 4, "slot": [1, 1], "lands_in": 13}
  inventory slot (1,1) at (1479, 236)
    read: current min 359,950, price field 359,950, net sales 359,950, week average 411,299, listed at 359,956
    the lowest listed price is 359,950, from the row and 3 more
    market 359,950, typing 359,949, 1 under the market
    net sales 41,754,084 is 116 x 359,949
  typed 250; the net sales make it 116
    the panel holds 359,949 against the 359,949 typed
  tab 4 read in 76 ms after the listing: 0 slot(s) held

  list 116 at 359,949
    #         ms   share  step
    1       57.9    0.7%  read the panel before loading
    2       51.2    0.6%  wait for slot (1,1) to fill
    3      892.7   10.9%  ctrl-click (1,1) attempt 1
    4     1074.0   13.1%  read the suggested price
    5     1547.3   18.9%  type the price 359,949
    6     1025.9   12.5%  type the quantity 250
    7      892.3   10.9%  take the quantity from the net sales
    8      297.1    3.6%  read the price back before Register
    9      406.7    5.0%  click Register
   10      299.2    3.6%  find Confirmation
   11       56.9    0.7%  look for the underprice question
   12      379.8    4.6%  click Confirmation
   13      251.8    3.1%  park
   14      831.4   10.1%  confirm the dialog is gone
   15       58.2    0.7%  wait for the panel to let the item go
   16       76.5    0.9%  read tab 4 after the listing
          8198.7  100.0%  TOTAL
  listed 116 at 359,949; it lands in row 13
DONE {"kind": "relist", "row": 14, "lands_in": 13, "qty": 116, "price": 359949, "item": "Force Core (Ultimate"}
    relisted 116 at 359,949 in row 13
  row 15 has SOLD (fully); collecting
    collected; row 15 is empty, nothing to relist
  a 'Chaos Core Set X 333' row sold and is collected; Chaos Core holds 3 row(s), pricing and resupplying it now, not on the next pass
  Chaos Core Set 745,495 - Chaos Core 747,229 = -1,734
  a margin of -1,734 is worth 0 row(s) of Chaos Core; 3 held; not buying.
  tab 4 read from the screen in 1876 ms: 0 slot(s) held
  row 16: 'Chaos Core Set X 69' x1 at 51,793,745 -> tab 4 slot (1, 1)
    floor 51,032,814 (739,606 x 69) from Chaos Core as last bought; listed at 51,793,745, above it
    rows [14, 15] are empty, so it will come back in row 14
TASK {"kind": "relist", "row": 16, "item": "Chaos Core Set X 69", "qty": 1, "price": 51793745, "tab": 4, "slot": [1, 1], "lands_in": 14}
  inventory slot (1,1) at (1479, 236)
    read: current min 51,439,155, price field 51,439,155, net sales 51,439,155, week average 50,238,072, listed at 51,793,745
    the lowest listed price is 51,439,155, from the row and 3 more
    market 51,439,155, typing 51,439,154, 1 under the market
    net sales 51,439,154 is 1 x 51,439,154
  typed 250; the net sales make it 1
    the panel holds 51,439,154 against the 51,439,154 typed
  tab 4 read in 78 ms after the listing: 0 slot(s) held

  list 1 at 51,439,154
    #         ms   share  step
    1       68.1    0.8%  read the panel before loading
    2       66.4    0.8%  wait for slot (1,1) to fill
    3      909.6   10.6%  ctrl-click (1,1) attempt 1
    4     1182.6   13.8%  read the suggested price
    5     1693.7   19.8%  type the price 51,439,154
    6     1022.5   11.9%  type the quantity 250
    7      981.4   11.5%  take the quantity from the net sales
    8      312.0    3.6%  read the price back before Register
    9      397.2    4.6%  click Register
   10      300.9    3.5%  find Confirmation
   11       54.2    0.6%  look for the underprice question
   12      396.5    4.6%  click Confirmation
   13      251.6    2.9%  park
   14      788.2    9.2%  confirm the dialog is gone
   15       63.9    0.7%  wait for the panel to let the item go
   16       78.0    0.9%  read tab 4 after the listing
          8566.8  100.0%  TOTAL
  listed 1 at 51,439,154; it lands in row 14
DONE {"kind": "relist", "row": 16, "lands_in": 14, "qty": 1, "price": 51439154, "item": "Chaos Core Set X 69"}
    relisted 1 at 51,439,154 in row 14
  row 17 is empty; nothing to relist
  row 18 is empty; nothing to relist
  row 19 is empty; nothing to relist
  row 20 is empty; nothing to relist
  row 21 is empty; nothing to relist
  row 22 is empty; nothing to relist
  row 23 is empty; nothing to relist
  row 24 is empty; nothing to relist
  row 25 is empty; nothing to relist
  row 26 is empty; nothing to relist
  row 27 is empty; nothing to relist
  row 28 is empty; nothing to relist
  row 29 is empty; nothing to relist
  row 30 is empty; nothing to relist

  relisting rows 1-30: 12 relisted, 18 empty, 0 skipped
    #          ms   share     n      each  phase
    1    16,472.4   33.8%    15   1,098.2  scroll to the row and read it
    2     8,580.5   17.6%     1   8,580.5  list it back
    3     6,859.2   14.1%    15     457.3  Refresh the table
    4     5,611.6   11.5%     1   5,611.6  cancel the row and take it back
    5     4,716.5    9.7%     1   4,716.5  price Chaos Core
    6     3,435.7    7.0%     1   3,435.7  price Chaos Core Set
    7     1,876.3    3.9%     1   1,876.3  read tab 4 before the withdrawal
    8     1,132.4    2.3%     1   1,132.4  select inventory tab 4
    9        49.8    0.1%     1      49.8  check the shop slot is empty
         48,734.4  100.0%

  returning the game to its default state
restoring the default state:
  Escape: window closed
  Inventory already closed
  the gift box at [284, 994]
  Receive All at [1209, 786]
  Receive 1 of 4 at [1214, 327]
  Receive 2 of 4 at [1214, 425]
  Receive 3 of 4 at [1214, 523]
  Receive 4 of 4 at [1214, 621]
  the special giftbox's Receive at [1438, 492]
  Close at [1483, 846]
  took 4 gift(s)
  the Agent Shop is shut and the vendor is not open either; reopening it
  Inventory shut: slot grid 0.17, needs 0.33

  board after pass 2:
                                                   bought/u   listed/u  margin      row price
     1  Epic Booster (Highest)             x4    46,841,195 46,841,195   +0.0%     46,841,195
     2  Yekaterina VIP Membership          x1    112,418,868 113,499,999   +1.0%    113,499,999
     3  Force Core(Highest                 x1             -    197,988       -        197,988
     4  Siena's Unbinding Stone            x1    74,945,912 95,998,783  +21.9%     95,998,783
     5  Chaos Core                         x1       748,998    748,428   -0.1%        748,428
     6  Chaos Core                         x1       748,998    747,793   -0.2%        747,793
     7  Force Core(High                    x4             -    185,999       -        185,999
     8  Force Core(High                    x76            -    185,999       -        185,999
     9  Force Core (Ultimate               x91            -    359,951       -        359,951
    10  Chaos Core Set X 150               x1             -    745,496       -    111,824,549
    11  Chaos Core Set X 291               x1             -    745,495       -    216,939,335
    12  Force Core (Ultimate               x110           -    359,950       -        359,950
    13  Force Core (Ultimate               x116           -    359,949       -        359,949
    14  Chaos Core Set X 69                x1             -    745,494       -     51,439,154
    item                               rows   units          listed
    Chaos Core                            2       2       1,496,221
    Chaos Core Set                        3     510     380,203,038
    Epic Booster (Highest)                1       4     187,364,780
    Force Core (Ultimate                  3     317     114,104,125
    Force Core(High                       2      80      14,879,920
    Force Core(Highest                    1       1         197,988
    Siena's Unbinding Stone               1       1      95,998,783
    Yekaterina VIP Membership             1       1     113,499,999
    board                                14     916     907,744,854
    balance now 1,943,971,404
  pass 2: 12 relisted, 18 empty, 0 skipped; 9980.7 minute(s) left

-- pass 3 --

  resupply order: Yekaterina VIP Membership, Chaos Core, Force Core(High), Force Core(Highest), Upgrade Core (Ultimate), Force Core (Ultimate), Epic Booster (Highest), Siena's Unbinding Stone

  Yekaterina VIP Membership: 1 row(s) inside 1-30, 1 wanted; row 2 'Yekaterina VIP Membership'
    floor 112,418,868: 300/1000 of the 374,729,560 voucher, read at launch

-- Chaos Core Set under our listing: up to 3 row(s) --
  Chaos Core Set 745,494 - Chaos Core 747,229 = -1,735
  ours is listed at 745,494 a Set and a Chaos Core sells at 747,229; buying every Set under 740,494, 5,000 a Set below the lower of the two
  the cheapest Chaos Core Set is 745,494 a Set, not under 740,494; nothing to buy under ours

  counting only rows 1-30; rows outside it are not repriced and do not count; 16 row(s) free
  core                            rows     buy/u    sell/u    margin  wants   short?
  Force Core(Highest)                1   195,000   197,985     2,985      0   
  Chaos Core                         3   747,229   745,494    -1,735      0   
  Force Core (Ultimate)              3         -         -         -      -   holds the most it can want, 3; not priced
  Force Core(High)                   2   185,180   183,999    -1,181      0   
  Upgrade Core (Ultimate)            0   456,521   449,761    -6,760      0   

  nothing inside rows 1-30 holds fewer rows than its margin is worth.

  Epic Booster (Highest): 1 row(s) inside 1-30, 1 wanted; row 1 'Epic Booster (Highest)'
    floor 46,841,195: 125/1000 of the 374,729,560 voucher, read at launch

  Siena's Unbinding Stone: 1 row(s) inside 1-30, 1 wanted; row 4 "Siena's Unbinding Stone"
    floor 74,945,912: 200/1000 of the 374,729,560 voucher, read at launch
  tab 4 read from the screen in 1832 ms: 0 slot(s) held
  row 1: 'Epic Booster (Highest)' x4 at 46,841,195 -> tab 4 slot (1, 1)
    floor 46,841,195 from what it cost; listed at 46,841,195, above it
TASK {"kind": "relist", "row": 1, "item": "Epic Booster (Highest)", "qty": 4, "price": 46841195, "tab": 4, "slot": [1, 1], "lands_in": 1}
  inventory slot (1,1) at (1479, 236)
    read: current min 46,700,000, price field 46,700,000, net sales 46,700,000, week average 49,859,511, listed at 46,841,195
    the lowest listed price is 46,700,000, from the row and 3 more
    market 46,699,999 is under the 46,841,195 floor (it is worth what it cost); listing at the floor
    market 46,700,000, typing 46,841,195, 141,195 over the market
    net sales 187,364,780 is 4 x 46,841,195
  typed 250; the net sales make it 4
    the panel holds 46,841,195 against the 46,841,195 typed
  tab 4 read in 61 ms after the listing: 0 slot(s) held

  list 4 at 46,841,195
    #         ms   share  step
    1       55.5    0.7%  read the panel before loading
    2       54.1    0.6%  wait for slot (1,1) to fill
    3      895.2   10.7%  ctrl-click (1,1) attempt 1
    4     1184.1   14.2%  read the suggested price
    5     1667.0   19.9%  type the price 46,841,195
    6     1004.7   12.0%  type the quantity 250
    7      931.0   11.1%  take the quantity from the net sales
    8      313.0    3.7%  read the price back before Register
    9      385.6    4.6%  click Register
   10      290.7    3.5%  find Confirmation
   11       45.0    0.5%  look for the underprice question
   12      380.3    4.6%  click Confirmation
   13      251.1    3.0%  park
   14      786.3    9.4%  confirm the dialog is gone
   15       52.5    0.6%  wait for the panel to let the item go
   16       60.8    0.7%  read tab 4 after the listing
          8356.7  100.0%  TOTAL
  listed 4 at 46,841,195; it lands in row 1
DONE {"kind": "relist", "row": 1, "lands_in": 1, "qty": 4, "price": 46841195, "item": "Epic Booster (Highest)"}
    relisted 4 at 46,841,195 in row 1, 3 relist(s) on the floor now
    the quantity column read 'Membership', which holds no digits, so it is the end of the name and not a count; reading the row as 'Yekaterina VIP Membership' and letting the panel count what is there
    one line read 'ene eae 1 113,499,999 OnSale Change'; read as stacked lines it is 'Yekaterina VIP Membership 113,499,999 OnSale Change'
  tab 4 known from the last listing: 0 slot(s) held
  row 2: 'Yekaterina VIP Membership' x1 at 113,499,999 -> tab 4 slot (1, 1)
    floor 112,418,868 from what it cost; listed at 113,499,999, above it
TASK {"kind": "relist", "row": 2, "item": "Yekaterina VIP Membership", "qty": 1, "price": 113499999, "tab": 4, "slot": [1, 1], "lands_in": 2}
  inventory slot (1,1) at (1479, 236)
    read: current min 113,500,000, price field 113,500,000, net sales 113,500,000, week average 126,414,301, listed at 113,499,999
    the lowest listed price is 113,500,000, from the row and 3 more
    market 113,500,000, typing 113,499,999, 1 under the market
    net sales 113,499,999 is 1 x 113,499,999
  typed 250; the net sales make it 1
    the panel holds 113,499,999 against the 113,499,999 typed
  tab 4 read in 59 ms after the listing: 0 slot(s) held

  list 1 at 113,499,999
    #         ms   share  step
    1       53.6    0.6%  read the panel before loading
    2       47.6    0.6%  wait for slot (1,1) to fill
    3      883.0   10.4%  ctrl-click (1,1) attempt 1
    4     1202.3   14.2%  read the suggested price
    5     1764.6   20.8%  type the price 113,499,999
    6     1049.3   12.4%  type the quantity 250
    7      979.2   11.6%  take the quantity from the net sales
    8      300.0    3.5%  read the price back before Register
    9      394.7    4.7%  click Register
   10      289.7    3.4%  find Confirmation
   11       50.5    0.6%  look for the underprice question
   12      394.1    4.7%  click Confirmation
   13      252.6    3.0%  park
   14      702.5    8.3%  confirm the dialog is gone
   15       45.2    0.5%  wait for the panel to let the item go
   16       59.5    0.7%  read tab 4 after the listing
          8468.3  100.0%  TOTAL
  listed 1 at 113,499,999; it lands in row 2
DONE {"kind": "relist", "row": 2, "lands_in": 2, "qty": 1, "price": 113499999, "item": "Yekaterina VIP Membership"}
    relisted 1 at 113,499,999 in row 2
  tab 4 known from the last listing: 0 slot(s) held
  row 3: 'Force Core(Highest' x1 at 197,988 -> tab 4 slot (1, 1)
    floor 181,900 (181,900 x 1) from Force Core Set (Highest) as last bought; listed at 197,988, above it
TASK {"kind": "relist", "row": 3, "item": "Force Core(Highest", "qty": 1, "price": 197988, "tab": 4, "slot": [1, 1], "lands_in": 3}
  inventory slot (1,1) at (1479, 236)
    read: current min 197,985, price field 197,985, net sales 197,985, week average 213,123, listed at 197,988
    the lowest listed price is 197,985, from the row and 3 more
    market 197,985, typing 197,984, 1 under the market
    net sales 197,984 is 1 x 197,984
  typed 250; the net sales make it 1
    the panel holds 197,984 against the 197,984 typed
  tab 4 read in 76 ms after the listing: 0 slot(s) held

  list 1 at 197,984
    #         ms   share  step
    1       60.6    0.7%  read the panel before loading
    2       51.1    0.6%  wait for slot (1,1) to fill
    3      918.1   11.0%  ctrl-click (1,1) attempt 1
    4     1390.8   16.7%  read the suggested price
    5     1545.0   18.5%  type the price 197,984
    6      999.7   12.0%  type the quantity 250
    7      964.0   11.5%  take the quantity from the net sales
    8      274.4    3.3%  read the price back before Register
    9      390.4    4.7%  click Register
   10      271.1    3.2%  find Confirmation
   11       48.8    0.6%  look for the underprice question
   12      378.2    4.5%  click Confirmation
   13      251.5    3.0%  park
   14      669.4    8.0%  confirm the dialog is gone
   15       56.6    0.7%  wait for the panel to let the item go
   16       76.4    0.9%  read tab 4 after the listing
          8346.1  100.0%  TOTAL
  listed 1 at 197,984; it lands in row 3
DONE {"kind": "relist", "row": 3, "lands_in": 3, "qty": 1, "price": 197984, "item": "Force Core(Highest"}
    relisted 1 at 197,984 in row 3
  tab 4 known from the last listing: 0 slot(s) held
  row 4: "Siena's Unbinding Stone" x1 at 95,998,783 -> tab 4 slot (1, 1)
    floor 74,945,912 from what it cost; listed at 95,998,783, above it
TASK {"kind": "relist", "row": 4, "item": "Siena's Unbinding Stone", "qty": 1, "price": 95998783, "tab": 4, "slot": [1, 1], "lands_in": 4}
  inventory slot (1,1) at (1479, 236)
    read: current min 95,998,784, price field 95,998,784, net sales 95,998,784, week average 98,999,016, listed at 95,998,783
    the lowest listed price is 95,998,784, from the row and 3 more
    market 95,998,784, typing 95,998,783, 1 under the market
    net sales 95,998,783 is 1 x 95,998,783
  typed 250; the net sales make it 1
    the panel holds 95,998,783 against the 95,998,783 typed
  tab 4 read in 60 ms after the listing: 0 slot(s) held

  list 1 at 95,998,783
    #         ms   share  step
    1       37.4    0.5%  read the panel before loading
    2       55.3    0.7%  wait for slot (1,1) to fill
    3      880.8   10.9%  ctrl-click (1,1) attempt 1
    4     1148.7   14.2%  read the suggested price
    5     1667.2   20.6%  type the price 95,998,783
    6     1000.6   12.4%  type the quantity 250
    7      910.3   11.2%  take the quantity from the net sales
    8      270.8    3.3%  read the price back before Register
    9      375.6    4.6%  click Register
   10      255.2    3.2%  find Confirmation
   11       51.0    0.6%  look for the underprice question
   12      368.0    4.5%  click Confirmation
   13      251.3    3.1%  park
   14      720.1    8.9%  confirm the dialog is gone
   15       44.3    0.5%  wait for the panel to let the item go
   16       59.6    0.7%  read tab 4 after the listing
          8096.3  100.0%  TOTAL
  listed 1 at 95,998,783; it lands in row 4
DONE {"kind": "relist", "row": 4, "lands_in": 4, "qty": 1, "price": 95998783, "item": "Siena's Unbinding Stone"}
    relisted 1 at 95,998,783 in row 4
  tab 4 known from the last listing: 0 slot(s) held
  row 5: 'Chaos Core' x1 at 748,428 -> tab 4 slot (1, 1)
    floor 748,998 (748,998 x 1) from what it cost; listed at 748,428, UNDER the floor
TASK {"kind": "relist", "row": 5, "item": "Chaos Core", "qty": 1, "price": 748428, "tab": 4, "slot": [1, 1], "lands_in": 5}
    row 5 is the Chaos Core special row; listing at 546 under the market, no floor
  inventory slot (1,1) at (1479, 236)
    read: current min 746,024, price field 746,024, net sales 746,024, week average 717,087, listed at unread
    the lowest listed price is 746,024, from the row and 2 more
    market 746,024, typing 745,478, 546 under the market
    net sales 745,478 is 1 x 745,478
  typed 250; the net sales make it 1
    the panel holds 745,478 against the 745,478 typed
  tab 4 read in 83 ms after the listing: 0 slot(s) held

  list 1 at 745,478
    #         ms   share  step
    1       62.2    0.7%  read the panel before loading
    2       61.4    0.7%  wait for slot (1,1) to fill
    3      895.7   10.5%  ctrl-click (1,1) attempt 1
    4     1151.2   13.5%  read the suggested price
    5     1523.9   17.9%  type the price 745,478
    6     1022.4   12.0%  type the quantity 250
    7      933.9   11.0%  take the quantity from the net sales
    8      305.1    3.6%  read the price back before Register
    9      388.4    4.6%  click Register
   10      297.5    3.5%  find Confirmation
   11       63.7    0.7%  look for the underprice question
   12      398.8    4.7%  click Confirmation
   13      251.7    3.0%  park
   14     1008.8   11.9%  confirm the dialog is gone
   15       63.1    0.7%  wait for the panel to let the item go
   16       82.6    1.0%  read tab 4 after the listing
          8510.3  100.0%  TOTAL
  listed 1 at 745,478; it lands in row 5
DONE {"kind": "relist", "row": 5, "lands_in": 5, "qty": 1, "price": 745478, "item": "Chaos Core"}
    relisted 1 at 745,478 in row 5
  tab 4 known from the last listing: 0 slot(s) held
  row 6: 'Chaos Core' x1 at 747,793 -> tab 4 slot (1, 1)
    floor 748,998 (748,998 x 1) from what it cost; listed at 747,793, UNDER the floor
TASK {"kind": "relist", "row": 6, "item": "Chaos Core", "qty": 1, "price": 747793, "tab": 4, "slot": [1, 1], "lands_in": 6}
    row 6 is the Chaos Core special row; listing at 614 under the market, no floor
  inventory slot (1,1) at (1479, 236)
    read: current min 745,478, price field 745,478, net sales 745,478, week average 717,087, listed at unread
    the lowest listed price is 745,478, from the row and 2 more
    market 745,478, typing 744,864, 614 under the market
    net sales 744,864 is 1 x 744,864
  typed 250; the net sales make it 1
    the panel holds 744,864 against the 744,864 typed
  tab 4 read in 94 ms after the listing: 0 slot(s) held

  list 1 at 744,864
    #         ms   share  step
    1       60.9    0.7%  read the panel before loading
    2       56.1    0.6%  wait for slot (1,1) to fill
    3      904.8   10.2%  ctrl-click (1,1) attempt 1
    4     1141.6   12.9%  read the suggested price
    5     1550.4   17.5%  type the price 744,864
    6     1053.6   11.9%  type the quantity 250
    7     1163.9   13.1%  take the quantity from the net sales
    8      381.3    4.3%  read the price back before Register
    9      413.1    4.7%  click Register
   10      348.6    3.9%  find Confirmation
   11       66.8    0.8%  look for the underprice question
   12      393.5    4.4%  click Confirmation
   13      251.8    2.8%  park
   14      928.4   10.5%  confirm the dialog is gone
   15       66.2    0.7%  wait for the panel to let the item go
   16       93.7    1.1%  read tab 4 after the listing
          8874.6  100.0%  TOTAL
  listed 1 at 744,864; it lands in row 6
DONE {"kind": "relist", "row": 6, "lands_in": 6, "qty": 1, "price": 744864, "item": "Chaos Core"}
    relisted 1 at 744,864 in row 6
  tab 4 known from the last listing: 0 slot(s) held
  row 7: 'Force Core(High' x4 at 185,999 -> tab 4 slot (1, 1)
    floor 185,999 (185,999 x 1) from Force Core Set (High) as last bought; listed at 185,999, above it
TASK {"kind": "relist", "row": 7, "item": "Force Core(High", "qty": 4, "price": 185999, "tab": 4, "slot": [1, 1], "lands_in": 7}
  inventory slot (1,1) at (1479, 236)
    read: current min 183,999, price field 183,999, net sales 183,999, week average 199,396, listed at 185,999
    the lowest listed price is 183,999, from the row and 3 more
    market 183,998 is under the 185,999 floor (a Force Core Set (High) as last bought costs 185,999); listing at the floor
    market 183,999, typing 185,999, 2,000 over the market
    net sales 743,996 is 4 x 185,999
  typed 250; the net sales make it 4
    the panel holds 185,999 against the 185,999 typed
  tab 4 read in 61 ms after the listing: 0 slot(s) held

  list 4 at 185,999
    #         ms   share  step
    1       64.8    0.8%  read the panel before loading
    2       46.6    0.5%  wait for slot (1,1) to fill
    3      914.2   10.8%  ctrl-click (1,1) attempt 1
    4     1494.3   17.6%  read the suggested price
    5     1542.6   18.2%  type the price 185,999
    6     1024.3   12.1%  type the quantity 250
    7     1003.6   11.8%  take the quantity from the net sales
    8      330.6    3.9%  read the price back before Register
    9      394.3    4.6%  click Register
   10      257.7    3.0%  find Confirmation
   11       44.4    0.5%  look for the underprice question
   12      382.1    4.5%  click Confirmation
   13      251.7    3.0%  park
   14      609.0    7.2%  confirm the dialog is gone
   15       60.2    0.7%  wait for the panel to let the item go
   16       61.0    0.7%  read tab 4 after the listing
          8481.3  100.0%  TOTAL
  listed 4 at 185,999; it lands in row 7
DONE {"kind": "relist", "row": 7, "lands_in": 7, "qty": 4, "price": 185999, "item": "Force Core(High"}
    relisted 4 at 185,999 in row 7, 3 relist(s) on the floor now
  tab 4 known from the last listing: 0 slot(s) held
  row 8: 'Force Core(High' x76 at 185,999 -> tab 4 slot (1, 1)
    floor 185,999 (185,999 x 1) from Force Core Set (High) as last bought; listed at 185,999, above it
TASK {"kind": "relist", "row": 8, "item": "Force Core(High", "qty": 76, "price": 185999, "tab": 4, "slot": [1, 1], "lands_in": 8}
  inventory slot (1,1) at (1479, 236)
    read: current min 183,999, price field 183,999, net sales 183,999, week average 199,396, listed at 185,999
    the lowest listed price is 183,999, from the row and 3 more
    market 183,998 is under the 185,999 floor (a Force Core Set (High) as last bought costs 185,999); listing at the floor
    market 183,999, typing 185,999, 2,000 over the market
    net sales 14,135,924 is 76 x 185,999
  typed 250; the net sales make it 76
    the panel holds 185,999 against the 185,999 typed
  tab 4 read in 62 ms after the listing: 0 slot(s) held

  list 76 at 185,999
    #         ms   share  step
    1       41.3    0.5%  read the panel before loading
    2       51.5    0.7%  wait for slot (1,1) to fill
    3      876.8   11.4%  ctrl-click (1,1) attempt 1
    4      983.5   12.8%  read the suggested price
    5     1517.3   19.8%  type the price 185,999
    6     1002.8   13.1%  type the quantity 250
    7      812.0   10.6%  take the quantity from the net sales
    8      274.9    3.6%  read the price back before Register
    9      393.4    5.1%  click Register
   10      247.8    3.2%  find Confirmation
   11       47.3    0.6%  look for the underprice question
   12      378.6    4.9%  click Confirmation
   13      251.7    3.3%  park
   14      677.7    8.8%  confirm the dialog is gone
   15       45.1    0.6%  wait for the panel to let the item go
   16       61.8    0.8%  read tab 4 after the listing
          7663.6  100.0%  TOTAL
  listed 76 at 185,999; it lands in row 8
DONE {"kind": "relist", "row": 8, "lands_in": 8, "qty": 76, "price": 185999, "item": "Force Core(High"}
    relisted 76 at 185,999 in row 8, 3 relist(s) on the floor now
  tab 4 known from the last listing: 0 slot(s) held
  row 9: 'Force Core (Ultimate' x91 at 359,951 -> tab 4 slot (1, 1)
    floor 348,522 (348,522 x 1) from Force Core Set (Ultimate) as last bought; listed at 359,951, above it
TASK {"kind": "relist", "row": 9, "item": "Force Core (Ultimate", "qty": 91, "price": 359951, "tab": 4, "slot": [1, 1], "lands_in": 9}
  inventory slot (1,1) at (1479, 236)
    read: current min 359,945, price field 359,945, net sales 359,945, week average 411,299, listed at 359,951
    the lowest listed price is 359,945, from the row and 3 more
    market 359,945, typing 359,944, 1 under the market
    net sales 32,754,904 is 91 x 359,944
  typed 250; the net sales make it 91
    the panel holds 359,994 against the 359,944 typed
  STOPPED: 359,944 was typed but the panel shows 359,994; the two must match before anything is registered. Nothing has been listed.

3 pass(es), 26 relisted, 34 empty, 0 skipped in 1346s (51765 ms a row)

PROFIT THIS RUN -- what this run bought: sold lots at what they made, unsold lots at the price they were bought against
  item                              profit   units  margin        revenue           cost
  Chaos Core                      -218,397       4   -7.9%      2,777,595      2,995,992
  ------------------------------------------------------------------------------------
  SOLD                            -218,397       4   -7.9%      2,777,595      2,995,992
  ------------------------------------------------------------------------------------
  RUN CLOSED                      -218,397   (-218,397 realised, +0 assumed)
  started 03:19:05, ended 03:45:09, ran for 26m 3s

##################################################################################

  ########  ##########    ######    ########    ########    ##########  ########  
  ########  ##########    ######    ########    ########    ##########  ########  
##              ##      ##      ##  ##      ##  ##      ##  ##          ##      ##
##              ##      ##      ##  ##      ##  ##      ##  ##          ##      ##
##              ##      ##      ##  ##      ##  ##      ##  ##          ##      ##
##              ##      ##      ##  ##      ##  ##      ##  ##          ##      ##
  ######        ##      ##      ##  ########    ########    ########    ##      ##
  ######        ##      ##      ##  ########    ########    ########    ##      ##
        ##      ##      ##      ##  ##          ##          ##          ##      ##
        ##      ##      ##      ##  ##          ##          ##          ##      ##
        ##      ##      ##      ##  ##          ##          ##          ##      ##
        ##      ##      ##      ##  ##          ##          ##          ##      ##
########        ##        ######    ##          ##          ##########  ########  
########        ##        ######    ##          ##          ##########  ########  

##################################################################################
  stopped: 359,944 was typed but the panel shows 359,994; the two must match before anything is registered. Nothing has been listed.

