2026-09-25_004446  C:\Users\Trung\Cabal\src_1080p\driver.py --config trung
  logging to C:\Users\Trung\Cabal\src_1080p\logs\2026-09-25_004446_run.log
  code 4881c7c
  screen 1920x1080
  ledger C:\Users\Trung\Cabal\src_1080p\sales.db run 2026-09-25T00:44:46
  debug frames -> C:\Users\Trung\Cabal\src_1080p\debug_frames\2026-09-25_004446_run, indexed in frames.jsonl; earlier runs' frames are kept until the 5,000-frame budget needs the room
  press Ctrl 4 times within 1.5s to stop, from the game or anywhere else
  measuring this screen before touching anything
inventory:
  Inventory shut; pressing I (attempt 1)
  Alz box (1768, 688, 1860, 700)   anchor (1860, 688)
  grid fitted in (1221, 23, 1920, 661): pitch 56.0x56.1 against a shared 73.3x73.4, slot (1,1) at 1479,236, scores 75 and 64
  tab I [1458, 181]  tab VIII [1830, 181]
  slot (1,1) [1479, 236]  (1,7) [1815, 236]  (8,8) [1871, 629]
gift box:
  the gift box at [284, 994]
  Receive at [[1214, 327], [1214, 425], [1214, 523], [1214, 621]]; the gifts on offer are read again each time the box is collected
  Receive All at [1209, 786]
  the special giftbox's Receive at [1438, 492]
  Close at [1483, 846]
cash shop:
  the Cash Shop icon at [348, 994]
  the Cash balance box [1134, 826, 1230, 848] reads 300
  the gem box [930, 826, 1060, 848] reads 26
  Useable at [844, 168]
    'Blessing Bead - Superior' is where it was measured, 0 notch(es) down the Useable tab
  Blessing Bead - Superior at 350 Cash; Purchase at [739, 520]
  26 gem(s) held and Blessing Bead - Superior costs 350; the game opens no confirmation for that, so it is not measured this launch
    'Force Gem Package' is where it was measured, 0 notch(es) down the Useable tab
  Force Gem Package at 500 Cash; Purchase at [739, 750]
  300 Cash held and Force Gem Package costs 500; the game opens no confirmation for that, so it is not measured this launch
    'Armor Account bind Seal Stone' is where it was measured, 13 notch(es) down the Useable tab
  Armor Account bind Seal Stone at 500 Cash; Purchase at [739, 750]
  300 Cash held and Armor Account bind Seal Stone costs 500; the game opens no confirmation for that, so it is not measured this launch
    'Armor Account bind Unseal Stone' is where it was measured, 13 notch(es) down the Useable tab
  Armor Account bind Unseal Stone at 500 Cash; Purchase at [1050, 750]
  300 Cash held and Armor Account bind Unseal Stone costs 500; the game opens no confirmation for that, so it is not measured this launch
  Escape to close the Cash Shop (attempt 1)
  the Inventory closed with the Cash Shop; opening it again
  Inventory shut; pressing I (attempt 1)
opening the Agent Shop:
  tab 6 at [1723, 181]
  right-clicking slot (1,7) at [1815, 236]
agent shop:
  Register (288, 80)
  Purchase [96, 80]  (mirrored about the boundary at x=192)
  favourites: 10 found, pitch 42.00px, first [480, 755] last [858, 755]
  favourite row set on an even 42px grid from 480: [480, 522, 564, 606, 648, 690, 732, 774, 816, 858]
purchase tab:
  switching to the Purchase tab at (96, 80)
  sort reads 'IC y Price:Low to »Eal' -> region [622, 134, 752, 166]
  running favourite 1 at (480, 755) to fill the table (attempt 1/10)
  offers arrived after 0.1s
  row content [232, 231, 870, 285] -> 'Force Core(Highest) 11 199,690 Buy'
    name      [232, 231, 554, 285]  -> 'Force Core(Highest)'
    qty       [556, 231, 646, 285]  -> '11'
    price     [654, 231, 782, 285]  -> '199,690'
    function  [782, 231, 874, 285]  -> 'Buy'
  Buy column x=828, 8 row(s), pitch 55px
  row 1 centre y=258, box [192, 231, 922, 285]
register table:
  button column (786, 144, 884, 722)
  Register table: 10 row(s), pitch 58px, row 1 y=175, row 10 y=697
  table_x [192, 880], scroll point [231, 233]
  Refresh at [833, 752]
market prices:
  Force Core(Highest)              199,689
  Force Core Set (Highest)         195,750
  Chaos Core                       680,000
  Chaos Core Set                   750,694
  Force Core (Ultimate)            359,991
  Force Core Set (Ultimate)        343,750
  Force Core(High)                 185,098
  slot 8: attempt 1/10 timed out after 8s; row 1 reads 'Force Core(High)', expected 'Force Core Set (High)'
  the server is not answering; idling 60s rather than reading a screen it cannot serve
  the server is answering again after 60s
  the server stalled; closing the shop rather than trusting what is on screen
  whatever the stall left in tab 4 is read from the screen before the next withdrawal
restoring the default state:
  no Trade window or vendor open; not pressing Escape
  I: Inventory closed
  the server stalled for 60s; nothing was clicked and the shop is shut. The pass starts again.
  measuring this screen again from the start
inventory:
  Inventory shut; pressing I (attempt 1)
  Alz box (1768, 688, 1860, 700)   anchor (1860, 688)
  grid fitted in (1221, 23, 1920, 661): pitch 56.0x56.1 against a shared 73.3x73.4, slot (1,1) at 1479,236, scores 71 and 59
  tab I [1458, 181]  tab VIII [1830, 181]
  slot (1,1) [1479, 236]  (1,7) [1815, 236]  (8,8) [1871, 629]
gift box:
  the gift box at [284, 994]
  Receive at [[1214, 327], [1214, 425], [1214, 523], [1214, 621]]; the gifts on offer are read again each time the box is collected
  Receive All at [1209, 786]
  the special giftbox's Receive at [1438, 492]
  Close at [1483, 846]
cash shop:
  the Cash Shop icon at [348, 994]
  the Cash balance box [1134, 826, 1230, 848] reads 300
  the gem box [930, 826, 1060, 848] reads 26
  Useable at [844, 168]
    'Blessing Bead - Superior' is where it was measured, 0 notch(es) down the Useable tab
  Blessing Bead - Superior at 350 Cash; Purchase at [739, 520]
  26 gem(s) held and Blessing Bead - Superior costs 350; the game opens no confirmation for that, so it is not measured this launch
    'Force Gem Package' is where it was measured, 0 notch(es) down the Useable tab
  Force Gem Package at 500 Cash; Purchase at [739, 750]
  300 Cash held and Force Gem Package costs 500; the game opens no confirmation for that, so it is not measured this launch
    'Armor Account bind Seal Stone' is where it was measured, 13 notch(es) down the Useable tab
  Armor Account bind Seal Stone at 500 Cash; Purchase at [739, 750]
  300 Cash held and Armor Account bind Seal Stone costs 500; the game opens no confirmation for that, so it is not measured this launch
    'Armor Account bind Unseal Stone' is where it was measured, 13 notch(es) down the Useable tab
  Armor Account bind Unseal Stone at 500 Cash; Purchase at [1050, 750]
  300 Cash held and Armor Account bind Unseal Stone costs 500; the game opens no confirmation for that, so it is not measured this launch
  Escape to close the Cash Shop (attempt 1)
  the Inventory closed with the Cash Shop; opening it again
  Inventory shut; pressing I (attempt 1)
opening the Agent Shop:
  tab 6 at [1723, 181]
  right-clicking slot (1,7) at [1815, 236]
agent shop:
  Register (288, 80)
  Purchase [96, 80]  (mirrored about the boundary at x=192)
  favourites: 10 found, pitch 42.00px, first [480, 755] last [858, 755]
  favourite row set on an even 42px grid from 480: [480, 522, 564, 606, 648, 690, 732, 774, 816, 858]
purchase tab:
  switching to the Purchase tab at (96, 80)
  sort reads 'IC y Price:Low to »Eal' -> region [622, 134, 752, 166]
  running favourite 1 at (480, 755) to fill the table (attempt 1/10)
  offers arrived after 0.1s
  row content [232, 231, 870, 285] -> 'Force Core(Highest) 1 199,689 Buy'
    name      [232, 231, 554, 285]  -> 'Force Core(Highest)'
    qty       [556, 231, 646, 285]  -> '1'
    price     [654, 231, 782, 285]  -> '199,689'
    function  [782, 231, 874, 285]  -> 'Buy'
  Buy column x=828, 8 row(s), pitch 54px
  row 1 centre y=258, box [192, 231, 922, 285]
register table:
  button column (786, 144, 884, 722)
  Register table: 10 row(s), pitch 58px, row 1 y=175, row 10 y=697
  table_x [192, 880], scroll point [231, 233]
  Refresh at [833, 752]
market prices:
  Force Core(Highest)              199,689
  slot 2: attempt 1/10 timed out after 8s; row 1 reads 'Force Core(Highest)', expected 'Force Core Set (Highest)'
  the server is not answering; idling 60s rather than reading a screen it cannot serve
  the server is answering again after 60s
  the server stalled; closing the shop rather than trusting what is on screen
  whatever the stall left in tab 4 is read from the screen before the next withdrawal
restoring the default state:
  no Trade window or vendor open; not pressing Escape
  I: Inventory closed
  the server stalled for 60s; nothing was clicked and the shop is shut. The pass starts again.
  measuring this screen again from the start
inventory:
  Inventory shut; pressing I (attempt 1)
  Alz box (1768, 688, 1860, 700)   anchor (1860, 688)
  grid fitted in (1221, 23, 1920, 661): pitch 56.0x56.1 against a shared 73.3x73.4, slot (1,1) at 1479,236, scores 71 and 59
  tab I [1458, 181]  tab VIII [1830, 181]
  slot (1,1) [1479, 236]  (1,7) [1815, 236]  (8,8) [1871, 629]
gift box:
  the gift box at [284, 994]
  Receive at [[1214, 327], [1214, 425], [1214, 523], [1214, 621]]; the gifts on offer are read again each time the box is collected
  Receive All at [1209, 786]
  the special giftbox's Receive at [1438, 492]
  Close at [1483, 846]
cash shop:
  the Cash Shop icon at [348, 994]
  the Cash balance box [1134, 826, 1230, 848] reads 300
  the gem box [930, 826, 1060, 848] reads 26
  Useable at [844, 168]
    'Blessing Bead - Superior' is where it was measured, 0 notch(es) down the Useable tab
  Blessing Bead - Superior at 350 Cash; Purchase at [739, 520]
  26 gem(s) held and Blessing Bead - Superior costs 350; the game opens no confirmation for that, so it is not measured this launch
    'Force Gem Package' is where it was measured, 0 notch(es) down the Useable tab
  Force Gem Package at 500 Cash; Purchase at [739, 750]
  300 Cash held and Force Gem Package costs 500; the game opens no confirmation for that, so it is not measured this launch
    'Armor Account bind Seal Stone' is where it was measured, 13 notch(es) down the Useable tab
  Armor Account bind Seal Stone at 500 Cash; Purchase at [739, 750]
  300 Cash held and Armor Account bind Seal Stone costs 500; the game opens no confirmation for that, so it is not measured this launch
    'Armor Account bind Unseal Stone' is where it was measured, 13 notch(es) down the Useable tab
  Armor Account bind Unseal Stone at 500 Cash; Purchase at [1050, 750]
  300 Cash held and Armor Account bind Unseal Stone costs 500; the game opens no confirmation for that, so it is not measured this launch
  Escape to close the Cash Shop (attempt 1)
  the Inventory closed with the Cash Shop; opening it again
  Inventory shut; pressing I (attempt 1)
opening the Agent Shop:
  tab 6 at [1723, 181]
  right-clicking slot (1,7) at [1815, 236]
agent shop:
  Register (288, 80)
  Purchase [96, 80]  (mirrored about the boundary at x=192)
  favourites: 10 found, pitch 42.00px, first [480, 755] last [858, 755]
  favourite row set on an even 42px grid from 480: [480, 522, 564, 606, 648, 690, 732, 774, 816, 858]
purchase tab:
  switching to the Purchase tab at (96, 80)
  sort reads 'IC y Price:Low to »Eal' -> region [622, 134, 752, 166]
  running favourite 1 at (480, 755) to fill the table (attempt 1/10)
  offers arrived after 0.1s
  row content [232, 231, 870, 285] -> 'Force Core(Highest) 1 199,689 Buy'
    name      [232, 231, 554, 285]  -> 'Force Core(Highest)'
    qty       [556, 231, 646, 285]  -> '1'
    price     [654, 231, 782, 285]  -> '199,689'
    function  [782, 231, 874, 285]  -> 'Buy'
  Buy column x=828, 8 row(s), pitch 55px
  row 1 centre y=258, box [192, 231, 922, 285]
register table:
  button column (786, 144, 884, 722)
  Register table: 10 row(s), pitch 58px, row 1 y=175, row 10 y=697
  table_x [192, 880], scroll point [231, 233]
  Refresh at [833, 752]
market prices:
  Force Core(Highest)              199,689
  Force Core Set (Highest)         195,749
  Chaos Core                       745,000
  Chaos Core Set                   750,694
  Force Core (Ultimate)            359,990
  Force Core Set (Ultimate)        343,750
  Force Core(High)                 185,100
  Force Core Set (High)            185,185
  Upgrade Core (Ultimate)          449,782
  Upgrade Core Set (Ultimate)      456,521
voucher:
  a Gold voucher costs 374,729,560
register panel:
  price field [32, 408, 188, 436] (click [112, 425])
  quantity box [37, 472, 188, 500] (click [59, 486])
  2 suggested price row(s) at y [358, 384]
  net sales box [37, 574, 188, 602]
  Register button at [131, 754]
actions:
  scrolled to the top, so position 1 is row 1
  tab 4 slot (1,1) is the first free one; a withdrawal lands there
  row 1 is 'aa 1 169,999,998 OnSale Change'
  Change at (831, 175)
  Cancel at (1101, 634)
  Confirmation at (968, 634)
  row 1 now reads ''
  back to inventory tab 4 at (1617, 181); the withdrawal moves the panel to whichever tab it landed on
  listing it back from tab 4 slot (1, 1) at (1479, 236)
  the loaded item shows at (103, 220) in the Register Item box
  panel suggests 169,999,999; listing at 169,999,998, the price row 1 was withdrawn at
  typed 250; the net sales make it 1
  listed 1 at 169,999,998; it lands in the lowest empty row
  learned button_cancel, button_confirmation, button_register, item_point
actions at position 10:
  scrolled to the top, so position 10 is row 10
  tab 4 slot (1,1) is the first free one; a withdrawal lands there
  row 10 is 'Astral Core(Palladium) X 127 5 194,817 On Sale Change'
  Change at (831, 697)
  Cancel at (1101, 634)
  Confirmation at (968, 634)
  row 10 now reads 'Premium Exclusive Slot Register'
  back to inventory tab 4 at (1617, 181); the withdrawal moves the panel to whichever tab it landed on
  listing it back from tab 4 slot (1, 1) at (1479, 236)
  the loaded item shows at (104, 220) in the Register Item box
  panel suggests 194,691; listing at 194,817, the price row 10 was withdrawn at
  typed 250; the net sales make it 6
  listed 6 at 194,817; it lands in the lowest empty row
  learned button_cancel, button_confirmation, button_register, item_point
conversion vendor:
  pressing N to open the vendor Shop (attempt 1)
  Dungeon tab at (143, 158)
  grid band (163, 770, 413, 946): 5 column(s) at [187, 235, 283, 328, 377], 4 row(s) at [791, 839, 883, 934]
    Force Core(Low)              <- Force Core Set (Low)           r2c1 at (187, 839)
    Force Core(Medium)           <- Force Core Set (Medium)        r2c2 at (235, 839)
    Force Core(High)             <- Force Core Set (High)          r2c3 at (283, 839)
    Force Core(Highest)          <- Force Core Set (Highest)       r2c4 at (328, 839)
    Force Core (Ultimate)        <- Force Core Set (Ultimate)      r2c5 at (377, 839)
    Upgrade Core(Low)            <- Upgrade Core Set (Low)         r4c1 at (187, 934)
    Upgrade Core(Medium)         <- Upgrade Core Set (Medium)      r4c2 at (235, 934)
    Upgrade Core(High)           <- Upgrade Core Set (High)        r4c3 at (283, 934)
    Upgrade Core(Highest)        <- Upgrade Core Set (Highest)     r4c4 at (328, 934)
    Upgrade Core (Ultimate)      <- Upgrade Core Set (Ultimate)    r4c5 at (377, 934)
craft window:
  Inventory shut; pressing I (attempt 1)
  right-clicking the craft key on tab 6 slot (1, 8) at (1871, 236)
  recipe Chaos Core Set x3 at [146, 268]
  tier 2000-2999 at [90, 209]
  Request All at [263, 730]
  Complete All at [872, 729]
  material counter [420, 448, 750, 522]

wrote C:\Users\Trung\Cabal\src_1080p\calibration.json  [1920x1080]
  resolutions in the file: ['1920x1080', '2560x1440']
  kept 3 value(s) this pass does not measure in shop: button_receive, buy_button_buy, buy_button_cancel
  kept 15 value(s) this pass does not measure in cashshop: cancel, ok, purchase_arionell, purchase_epicboosterhighest, purchase_sienasunbindingstone, purchase_yekaterinavipmembership, scroll_arionell, scroll_armoraccountbindsealstone, scroll_armoraccountbindunsealstone, scroll_blessingbeadsuperior, scroll_epicboosterhighest, scroll_forcegempackage, scroll_sienasunbindingstone, scroll_yekaterinavipmembership, window
reopening the Agent Shop the caller was promised:
  Inventory shut; pressing I (attempt 1)
  the Agent Shop is open again
  calibrated for 1920x1080, measured 2026-09-25T00:49:50, shop open
  server clock 09:49 (+59s for the unshown seconds)
  server 09:49:59; the next war quiet runs 10:29:00 to 10:34:59, in 39.0 min
  scrolled to the top; row 1 is at position 1
                                                   bought/u   listed/u  margin      row price
    the quantity column read 'Superior', which holds no digits, so it is the end of the name and not a count; reading the row as 'Blessing Bead - Superior' and letting the panel count what is there
    one line read 'aa 1 169,999,998 OnSale Change'; read as stacked lines it is 'Blessing Bead - Superior 169,999,998 OnSale Change'
     1  Blessing Bead - Superior           x1    163,756,817 169,999,998   +3.7%    169,999,998
     2  Armor Account bind Unseal Stone    x1    187,364,780 187,000,000   -0.2%    187,000,000
     3  Armor Account bind Seal Stone      x2    187,364,780 186,999,999   -0.2%    186,999,999
     4  Force Core (Ultimate               x9             -    368,767       -        368,767
     5  Astral Core(Palladium) X 127       x6             -      1,533       -        194,817
     6  Force Core (Ultimate               x5             -    368,766       -        368,766
     7  Force Core(High                    x73            -    185,930       -        185,930
     8  Force Core(High                    x117           -    185,930       -        185,930
    the quantity column read 'Saver', which holds no digits, so it is the end of the name and not a count; reading the row as 'Wexp Saver' and letting the panel count what is there
     9  Wexp Saver                         x1             - 65,960,000       -     65,960,000
    11  Force Core(High                    x101           -    185,930       -        185,930
    12  Force Core (Ultimate               x250           -    368,765       -        368,765
    13  Force Core (Ultimate               x48            -    368,764       -        368,764
    14  Chaos Core Set X 183               x1             -    750,031       -    137,255,855
    15  Chaos Core Set X 33                x1             -    750,030       -     24,751,022
    16  Force Core(Highest                 x250           -    199,708       -        199,708
    17  Arionell                           x1    281,047,170 312,185,712  +10.0%    312,185,712
    22  Force Core(Highest                 x250           -    199,713       -        199,713
    the quantity column read 'il', which holds no digits, so it is the end of the name and not a count; reading the row as 'Palladium Shoes (DM) il' and letting the panel count what is there
    28  Palladium Shoes (DM) Lalla         x1             -  1,220,000       -      1,220,000
    the quantity column read 'il', which holds no digits, so it is the end of the name and not a count; reading the row as 'Palladium Suit (DM) + 1 il' and letting the panel count what is there
    29  Palladium Suit (DM) + 1 Lalla      x1             - 33,000,000       -     33,000,000
    the quantity column read 'il', which holds no digits, so it is the end of the name and not a count; reading the row as 'Palladium Gauntlet(WA) il' and letting the panel count what is there
    30  Palladium Gauntlet(WA) Lalla       x1             -  1,499,990       -      1,499,990
  scrolled to the top; row 1 is at position 1
  seeded 20 of rows 1-30

-- Chaos Core special row 1 of 1: 1 at 500 to 700 under the market --
  1 stays behind on every row bought; an order 10 step(s) down with nothing spare takes the row it is on whole, and the next order leaves 1 behind again; each order prices the favourite afresh, then wheels down, up to 30 step(s)
TASK {"kind": "resupply", "core": "Chaos Core", "slot": 3, "tab": 4, "landing": [1, 1], "special": true}
  row 1 offers 'Chaos Core' x44 at 745,000 (745,000/unit)
    balance before 1,797,327,744
    row 1 holds 44, 1 stays behind, so at most 43 comes off it
    dialog: '¢ Chaos Core'  qty 1 of 44  price 745000
    1 core(s) wanted, 1 to a pack -> 1 pack(s); 44 available, taking 1
    the quantity field already reads 1; not retyping it
    ordering 1 pack(s) at 745,000; the spend will confirm what actually bought
    balance after  1,796,582,744; spent 745,000 bought 1 pack(s) = 1 core(s) (745,000 a core)

  buy from favourite slot 3: bought 1 core(s) in 1 order(s)
    #         ms   share  step
    1        0.5    0.0%  get_price: focus the game
    2      102.6    1.4%  get_price: _trade_window_open (OCR 1300x190)
    3      148.4    2.0%  get_price: purchase_tab_showing
    4     1418.4   19.2%  get_price: click the Purchase tab + settle
    5       22.7    0.3%  get_price: read row 1 before the search
    6      316.3    4.3%  get_price: click favourite slot 3
    7       95.6    1.3%  get_price: confirm the sort
    8      401.4    5.4%  get_price: poll row 1 until it answers (10 read(s))
    9     2531.1   34.2%  get_price: search the favourite and read row 1
   10      317.1    4.3%  select inventory tab 4
   11      101.2    1.4%  read the balance before buying
   12      363.6    4.9%  click the row at (500, 258)
   13      317.6    4.3%  click Buy at (828, 258)
   14       97.0    1.3%  await the Purchase dialog
   15      310.2    4.2%  read the dialog (item, price, qty, qty_max)
   16       93.0    1.3%  find the Buy button
   17      317.4    4.3%  click Buy
   18      251.2    3.4%  park
   19       94.7    1.3%  confirm the dialog is gone
   20       96.3    1.3%  read the balance after buying
          7396.2  100.0%  TOTAL
    tab 4 slot (1, 1) is held for 'Chaos Core'; it frees when something is listed from it
  the Chaos Core landed in tab 4 slot (1, 1)
TASK {"kind": "resupply", "core": "Chaos Core", "slot": 3, "tab": 4, "landing": [1, 1], "step": "list", "holding": "Chaos Core", "qty": 1, "special": true}
  inventory slot (1,1) at (1479, 236)
    read: current min 745,000, price field 745,000, net sales 745,000, week average 717,087, listed at unread
    the lowest listed price is 745,000, from the row and 2 more
    market 745,000, typing 744,335, 665 under the market
    net sales 744,335 is 1 x 744,335
  typed 250; the net sales make it 1
    the panel holds 744,335 against the 744,335 typed
  tab 4 read in 25 ms after the listing: 0 slot(s) held

  list 1 at 744,335
    #         ms   share  step
    1       20.0    0.4%  read the panel before loading
    2      814.9   14.7%  ctrl-click (1,1) attempt 1
    3      598.3   10.8%  read the suggested price
    4     1449.0   26.2%  type the price 744,335
    5      947.1   17.1%  type the quantity 250
    6      315.5    5.7%  take the quantity from the net sales
    7       95.9    1.7%  read the price back before Register
    8      312.3    5.7%  click Register
    9       99.5    1.8%  find Confirmation
   10       19.5    0.4%  look for the underprice question
   11      311.6    5.6%  click Confirmation
   12      250.9    4.5%  park
   13      247.8    4.5%  confirm the dialog is gone
   14       18.2    0.3%  wait for the panel to let the item go
   15       25.0    0.5%  read tab 4 after the listing
          5525.8  100.0%  TOTAL
  listed 1 at 744,335; it lands in row 10
  the Chaos Core special row is listed at 744,335 in row 10
DONE {"kind": "resupply", "core": "Chaos Core", "bought": 1, "listed": 1, "rows": [10], "special": true}
relisting rows 1-27 for 10000 minute(s)

-- pass 1 --
  tab 4 read from the screen after the stall: 0 slot(s) held

  resupply order: Chaos Core, Force Core(High), Force Core(Highest), Upgrade Core (Ultimate), Force Core (Ultimate), Armor Account bind Unseal Stone, Armor Account bind Seal Stone, Blessing Bead - Superior

-- Chaos Core Set under our listing: up to 3 row(s) --
  Chaos Core Set 750,690 - Chaos Core 744,335 = 6,355
  ours is listed at 750,030 a Set and a Chaos Core sells at 744,335; buying every Set under 739,335, 5,000 a Set below the lower of the two
  the cheapest Chaos Core Set is 750,690 a Set, not under 739,335; nothing to buy under ours

  counting only rows 1-27; rows outside it are not repriced and do not count; 9 row(s) free
  core                            rows     buy/u    sell/u    margin  wants   short?
  Force Core(Highest)                2   195,749   199,689     3,940      0   
  Chaos Core                         2   744,335   750,690     6,355      3   YES
  Force Core (Ultimate)              4         -         -         -      -   holds the most it can want, 3; not priced
  Force Core(High)                   3         -         -         -      -   holds the most it can want, 3; not priced
  Upgrade Core (Ultimate)            0   456,521   449,782    -6,739      0   
  Alz 1,796,582,744 held covers 2,413 Chaos Core at 744,335; buying what it covers

-- Chaos Core: 2 row(s) --
  9 row(s) free inside 1-27
  Chaos Core Set 750,690 - Chaos Core 744,335 = 6,355
  a margin of 6,355 is worth 3 row(s) of Chaos Core; 2 held
  buy_min 150 rolled to 142 (+/-15); buying 144 in whole batches of 3
  1 stays behind on every row bought; an order 10 step(s) down with nothing spare takes the row it is on whole, and the next order leaves 1 behind again; each order prices the favourite afresh, then wheels down, up to 30 step(s)
  every order takes all of the row it lands on, up to 999 held, and the orders stop once 144 is held
TASK {"kind": "resupply", "core": "Chaos Core", "set": "Chaos Core Set", "slot": 3, "tab": 4}
  0/144 Chaos Core held
  row 1 offers 'Chaos Core' x1 at 744,335 (744,335/unit)

  buy from favourite slot 3: REFUSED
    #         ms   share  step
    1        0.3    0.0%  get_price: focus the game
    2      103.8    4.0%  get_price: _trade_window_open (OCR 1300x190)
    3      120.4    4.6%  get_price: purchase_tab_showing
    4      187.0    7.2%  get_price: read row 1 before the search
    5      317.8   12.2%  get_price: click favourite slot 3
    6       94.3    3.6%  get_price: confirm the sort
    7      462.8   17.8%  get_price: poll row 1 until it answers (2 read(s))
    8     1311.4   50.5%  get_price: search the favourite and read row 1
          2597.9  100.0%  TOTAL
  row 1 holds 1 and 1 stays behind, so there is nothing spare to take here.
  wheeled 1 notch(es) down the offers, from row 2 at (500, 313)
  row 1 offers 'Chaos Core' x43 at 745,000 (745,000/unit)
    row 1 leaves 5,690 a core against the 5,000 wanted
    balance before 1,796,582,744
    row 1 holds 43, 1 stays behind, so at most 42 comes off it
    dialog: '¢ Chaos Core'  qty 1 of 43  price 745000
    999 core(s) wanted, 1 to a pack -> 999 pack(s); 43 available, taking 42
    ordering 42 pack(s) at 31,290,000; the spend will confirm what actually bought
    balance after  1,765,292,744; spent 31,290,000 bought 42 pack(s) = 42 core(s) (745,000 a core)

  buy from favourite slot 3: bought 42 core(s) in 42 order(s)
    #         ms   share  step
    1        0.5    0.0%  get_price: focus the game
    2      106.1    2.3%  get_price: _trade_window_open (OCR 1300x190)
    3      120.5    2.6%  get_price: purchase_tab_showing
    4      219.7    4.8%  get_price: read row 1 where it stands
    5      446.8    9.7%  get_price: search the favourite and read row 1
    6      320.2    7.0%  select inventory tab 4
    7      106.6    2.3%  read the balance before buying
    8      365.8    7.9%  click the row at (500, 258)
    9      314.8    6.8%  click Buy at (828, 258)
   10      102.1    2.2%  await the Purchase dialog
   11      324.1    7.0%  read the dialog (item, price, qty, qty_max)
   12     1332.1   28.9%  click the quantity field and type 42
   13       92.0    2.0%  find the Buy button
   14      315.8    6.9%  click Buy
   15      251.0    5.5%  park
   16       90.6    2.0%  confirm the dialog is gone
   17       96.7    2.1%  read the balance after buying
          4605.5  100.0%  TOTAL
  42/144 Chaos Core held
  row 1 offers 'Chaos Core' x1 at 744,335 (744,335/unit)

  buy from favourite slot 3: REFUSED
    #         ms   share  step
    1        0.3    0.0%  get_price: focus the game
    2      103.1    2.1%  get_price: _trade_window_open (OCR 1300x190)
    3      126.6    2.6%  get_price: purchase_tab_showing
    4      171.7    3.5%  get_price: read row 1 before the search
    5      314.7    6.5%  get_price: click favourite slot 3
    6       88.2    1.8%  get_price: confirm the sort
    7     1604.8   33.1%  get_price: poll row 1 until it answers (9 read(s))
    8     2441.6   50.3%  get_price: search the favourite and read row 1
          4850.8  100.0%  TOTAL
  row 1 holds 1 and 1 stays behind, so there is nothing spare to take here.
  wheeled 1 notch(es) down the offers, from row 2 at (500, 313)
  row 1 offers 'Chaos Core' x1 at 745,000 (745,000/unit)

  buy from favourite slot 3: REFUSED
    #         ms   share  step
    1        0.3    0.0%  get_price: focus the game
    2       99.3   10.5%  get_price: _trade_window_open (OCR 1300x190)
    3      111.7   11.8%  get_price: purchase_tab_showing
    4      263.2   27.7%  get_price: read row 1 where it stands
    5      474.7   50.0%  get_price: search the favourite and read row 1
           949.2  100.0%  TOTAL
  row 1 holds 1 and 1 stays behind, so there is nothing spare to take here.
  wheeled 1 notch(es) down the offers, from row 2 at (500, 313)
  row 1 offers 'Chaos Core' x249 at 745,000 (745,000/unit)
    row 1 leaves 5,690 a core against the 5,000 wanted
    balance before 1,765,292,744
    row 1 holds 249, 1 stays behind, so at most 248 comes off it
    dialog: '¢ Chaos Core'  qty 1 of 249  price 745000
    957 core(s) wanted, 1 to a pack -> 957 pack(s); 249 available, taking 248
    ordering 248 pack(s) at 184,760,000; the spend will confirm what actually bought
    balance after  1,580,532,744; spent 184,760,000 bought 248 pack(s) = 248 core(s) (745,000 a core)

  buy from favourite slot 3: bought 248 core(s) in 248 order(s)
    #         ms   share  step
    1        0.4    0.0%  get_price: focus the game
    2       97.5    1.9%  get_price: _trade_window_open (OCR 1300x190)
    3      110.5    2.2%  get_price: purchase_tab_showing
    4      207.1    4.1%  get_price: read row 1 where it stands
    5      415.7    8.2%  get_price: search the favourite and read row 1
    6      309.7    6.1%  select inventory tab 4
    7       92.8    1.8%  read the balance before buying
    8      358.1    7.0%  click the row at (500, 258)
    9      307.0    6.0%  click Buy at (828, 258)
   10       86.4    1.7%  await the Purchase dialog
   11      294.3    5.8%  read the dialog (item, price, qty, qty_max)
   12     1395.9   27.4%  click the quantity field and type 248
   13       82.9    1.6%  find the Buy button
   14      307.6    6.0%  click Buy
   15      250.7    4.9%  park
   16       83.8    1.6%  confirm the dialog is gone
   17      688.0   13.5%  read the balance after buying
          5088.6  100.0%  TOTAL
  290 Chaos Core is 1 short of a whole batch of 3; topping up whatever the margin says, because a remainder crafts into nothing
  row 1 offers 'Chaos Core' x1 at 744,335 (744,335/unit)

  buy from favourite slot 3: REFUSED
    #         ms   share  step
    1        0.4    0.0%  get_price: focus the game
    2       96.3    2.0%  get_price: _trade_window_open (OCR 1300x190)
    3      115.4    2.4%  get_price: purchase_tab_showing
    4      163.8    3.4%  get_price: read row 1 before the search
    5      308.8    6.5%  get_price: click favourite slot 3
    6       90.6    1.9%  get_price: confirm the sort
    7     1596.4   33.5%  get_price: poll row 1 until it answers (9 read(s))
    8     2392.3   50.2%  get_price: search the favourite and read row 1
          4764.1  100.0%  TOTAL
  row 1 holds 1 and 1 stays behind, so there is nothing spare to take here.
  wheeled 1 notch(es) down the offers, from row 2 at (500, 313)
  row 1 offers 'Chaos Core' x1 at 745,000 (745,000/unit)

  buy from favourite slot 3: REFUSED
    #         ms   share  step
    1        0.4    0.0%  get_price: focus the game
    2       97.1   10.1%  get_price: _trade_window_open (OCR 1300x190)
    3      112.7   11.8%  get_price: purchase_tab_showing
    4      268.4   28.0%  get_price: read row 1 where it stands
    5      478.7   50.0%  get_price: search the favourite and read row 1
           957.3  100.0%  TOTAL
  row 1 holds 1 and 1 stays behind, so there is nothing spare to take here.
  wheeled 1 notch(es) down the offers, from row 2 at (500, 313)
  row 1 offers 'Chaos Core' x1 at 745,000 (745,000/unit)

  buy from favourite slot 3: REFUSED
    #         ms   share  step
    1        0.4    0.0%  get_price: focus the game
    2       97.8   10.0%  get_price: _trade_window_open (OCR 1300x190)
    3      116.6   12.0%  get_price: purchase_tab_showing
    4      271.6   27.9%  get_price: read row 1 where it stands
    5      486.5   50.0%  get_price: search the favourite and read row 1
           972.8  100.0%  TOTAL
  row 1 holds 1 and 1 stays behind, so there is nothing spare to take here.
  wheeled 1 notch(es) down the offers, from row 2 at (500, 313)
  row 1 offers 'Chaos Core' x1 at 745,000 (745,000/unit)

  buy from favourite slot 3: REFUSED
    #         ms   share  step
    1        0.5    0.0%  get_price: focus the game
    2       98.8   10.3%  get_price: _trade_window_open (OCR 1300x190)
    3      115.4   12.0%  get_price: purchase_tab_showing
    4      266.5   27.7%  get_price: read row 1 where it stands
    5      481.3   50.0%  get_price: search the favourite and read row 1
           962.5  100.0%  TOTAL
  row 1 holds 1 and 1 stays behind, so there is nothing spare to take here.
  wheeled 1 notch(es) down the offers, from row 2 at (500, 313)
  row 1 offers 'Chaos Core' x1 at 745,087 (745,087/unit)

  buy from favourite slot 3: REFUSED
    #         ms   share  step
    1        0.5    0.1%  get_price: focus the game
    2       98.2   10.3%  get_price: _trade_window_open (OCR 1300x190)
    3      115.7   12.1%  get_price: purchase_tab_showing
    4      263.5   27.6%  get_price: read row 1 where it stands
    5      478.0   50.0%  get_price: search the favourite and read row 1
           955.8  100.0%  TOTAL
  row 1 holds 1 and 1 stays behind, so there is nothing spare to take here.
  wheeled 1 notch(es) down the offers, from row 2 at (500, 313)
  row 1 offers 'Chaos Core' x1 at 745,087 (745,087/unit)

  buy from favourite slot 3: REFUSED
    #         ms   share  step
    1        0.6    0.1%  get_price: focus the game
    2       98.8   10.2%  get_price: _trade_window_open (OCR 1300x190)
    3      114.8   11.9%  get_price: purchase_tab_showing
    4      269.3   27.8%  get_price: read row 1 where it stands
    5      483.7   50.0%  get_price: search the favourite and read row 1
           967.3  100.0%  TOTAL
  row 1 holds 1 and 1 stays behind, so there is nothing spare to take here.
  wheeled 1 notch(es) down the offers, from row 2 at (500, 313)
  row 1 offers 'Chaos Core' x250 at 745,087 (745,087/unit)
    balance before 1,580,532,744
    row 1 holds 250, 1 stays behind, so at most 249 comes off it
    dialog: '¢ Chaos Core'  qty 1 of 79  price 745087
    the dialog allows at most 79 of the row's 250
    1 core(s) wanted, 1 to a pack -> 1 pack(s); 79 available, taking 1
    the quantity field already reads 1; not retyping it
    ordering 1 pack(s) at 745,087; the spend will confirm what actually bought
    balance after  1,579,787,657; spent 745,087 bought 1 pack(s) = 1 core(s) (745,087 a core)

  buy from favourite slot 3: bought 1 core(s) in 1 order(s)
    #         ms   share  step
    1        0.4    0.0%  get_price: focus the game
    2      100.4    3.2%  get_price: _trade_window_open (OCR 1300x190)
    3      115.8    3.7%  get_price: purchase_tab_showing
    4      206.7    6.6%  get_price: read row 1 where it stands
    5      423.5   13.5%  get_price: search the favourite and read row 1
    6      308.9    9.9%  select inventory tab 4
    7       94.2    3.0%  read the balance before buying
    8      359.7   11.5%  click the row at (500, 258)
    9      309.3    9.9%  click Buy at (828, 258)
   10       88.5    2.8%  await the Purchase dialog
   11      294.1    9.4%  read the dialog (item, price, qty, qty_max)
   12       83.2    2.7%  find the Buy button
   13      308.5    9.8%  click Buy
   14      251.0    8.0%  park
   15       96.1    3.1%  confirm the dialog is gone
   16       94.9    3.0%  read the balance after buying
          3135.3  100.0%  TOTAL
TASK {"kind": "resupply", "core": "Chaos Core", "set": "Chaos Core Set", "slot": 3, "tab": 4, "step": "craft", "holding": "Chaos Core", "qty": 291, "price": 0}
  Inventory shut; pressing I (attempt 1)
  right-clicking the craft key on tab 6 slot (1, 8) at (1871, 236) (attempt 1/3)
  opening the 2000-2999 tier at [90, 209]
  choosing Chaos Core Set x3 at [146, 268]
  291 Chaos Core(s) bought this pass, 3 to a craft
  Request All at [263, 730]
  waiting 30s for 291 core(s) (5s per 50, rounded up)
  Complete All at [872, 729]
  the Sets arrived in [(1, 1), (1, 2), (1, 3), (1, 4)]
  compressing tab 4 slot (1, 1) at (1479, 236)
  291 Chaos Core(s) went into the queue

  craft from 291 Chaos Core(s)
    #         ms   share  step
    1     2601.5    6.8%  open the craft window
    2     2435.9    6.3%  select the recipe
    3      309.9    0.8%  Request All
    4    30000.7   77.9%  wait for the queue
    5      912.2    2.4%  select inventory tab 4 before completing
    6       25.8    0.1%  read the slots before any Set arrives
    7      811.0    2.1%  Complete All
    8     1391.5    3.6%  compress the crafted Sets
         38488.7  100.0%  TOTAL
TASK {"kind": "resupply", "core": "Chaos Core", "set": "Chaos Core Set", "slot": 3, "tab": 4, "step": "list", "holding": "Chaos Core Set", "qty": 291, "price": 0}
  the Agent Shop is shut and the vendor is not open either; reopening it
  Inventory shut: slot grid 0.09, needs 0.33
  listing the Chaos Core Set compressed into (1, 1) from 291 Chaos Core(s)
  the board's cheapest is 750,690 a Set, and the panel scales that to whatever the bundle holds
  it cost 745,001 a Core, so no Set goes out under that
  inventory slot (1,1) at (1479, 236)
    read: current min 218,450,499, price field 218,450,499, net sales 218,450,499, week average 211,873,608, listed at unread
    the lowest listed price is 218,450,499, from the row and 2 more
  the panel prices the bundle at 218,450,499, 291 x 750,690; the floor is 216,795,291
    market 218,450,499, typing 218,450,498, 1 under the market
    net sales 218,450,498 is 1 x 218,450,498
  typed 250; the net sales make it 1
    the panel holds 218,450,498 against the 218,450,498 typed
  tab 4 read in 20 ms after the listing: 0 slot(s) held

  list 1 at 218,450,498
    #         ms   share  step
    1       17.1    0.3%  read the panel before loading
    2      808.2   14.2%  ctrl-click (1,1) attempt 1
    3      596.2   10.5%  read the suggested price
    4     1657.4   29.2%  type the price 218,450,498
    5      947.1   16.7%  type the quantity 250
    6      305.2    5.4%  take the quantity from the net sales
    7       92.3    1.6%  read the price back before Register
    8      311.6    5.5%  click Register
    9       98.3    1.7%  find Confirmation
   10       18.3    0.3%  look for the underprice question
   11      308.0    5.4%  click Confirmation
   12      251.2    4.4%  park
   13      232.9    4.1%  confirm the dialog is gone
   14       15.8    0.3%  wait for the panel to let the item go
   15       20.2    0.4%  read tab 4 after the listing
          5679.8  100.0%  TOTAL
  listed 1 at 218,450,498; it lands in row 18
    'Chaos Core Set' was bought at 745,001 a unit and listed against a verified 750,689; a row of it with no cost of its own is floored at 745,001 from now on
DONE {"kind": "resupply", "core": "Chaos Core", "bought": 291, "listed": 1, "rows": [18]}

  resupply Chaos Core: bought 291, 291 into the craft, listed 1 in rows [18]
    #          ms   share     n      each  phase
    1    38,511.2   47.8%     1  38,511.2  craft Chaos Core into Chaos Core Set
    2     5,686.5    7.1%     1   5,686.5  list Chaos Core Set from (1, 1)
    3     4,693.5    5.8%     1   4,693.5  buy order 5
    4     4,627.2    5.7%     1   4,627.2  reopen the Agent Shop
    5     4,169.2    5.2%     1   4,169.2  buy order 2
    6     2,723.3    3.4%     1   2,723.3  buy order 12
    7     2,442.4    3.0%     1   2,442.4  buy order 3
    8     2,393.1    3.0%     1   2,393.1  buy order 6
    9     2,271.7    2.8%     1   2,271.7  select the Register tab
   10     1,325.6    1.6%     1   1,325.6  price Upgrade Core Set (Ultimate)
   11     1,312.2    1.6%     1   1,312.2  buy order 1
   12     1,276.4    1.6%     1   1,276.4  price Upgrade Core (Ultimate)
   13     1,235.0    1.5%     1   1,235.0  close the Agent Shop
   14     1,114.8    1.4%     3     371.6  step down to the next offer (1)
   15       911.5    1.1%     1     911.5  select inventory tab 4
   16       785.3    1.0%     1     785.3  close the craft window
   17       743.0    0.9%     2     371.5  step down to the next offer (2)
   18       487.3    0.6%     1     487.3  buy order 8
   19       484.6    0.6%     1     484.6  buy order 11
   20       482.0    0.6%     1     482.0  buy order 9
   21       479.5    0.6%     1     479.5  buy order 7
   22       478.8    0.6%     1     478.8  buy order 10
   23       475.5    0.6%     1     475.5  buy order 4
   24       371.7    0.5%     1     371.7  step down to the next offer (5)
   25       371.6    0.5%     1     371.6  step down to the next offer (4)
   26       371.4    0.5%     1     371.4  step down to the next offer (6)
   27       371.3    0.5%     1     371.3  step down to the next offer (3)
         80,595.2  100.0%
  Chaos Core: 3 of 3 row(s) after that one

  Armor Account bind Unseal Stone: 1 row(s) inside 1-27, 1 wanted; row 2 'Armor Account bind Unseal Stone'
    floor 187,364,780: 500/1000 of the 374,729,560 voucher, read at launch

  Armor Account bind Seal Stone: 1 row(s) inside 1-27, 1 wanted; row 3 'Armor Account bind Seal Stone'
    floor 187,364,780: 500/1000 of the 374,729,560 voucher, read at launch

  Blessing Bead - Superior: 1 row(s) inside 1-27, 1 wanted; row 1 'Blessing Bead - Superior'
    floor 163,756,817: 437/1000 of the 374,729,560 voucher, read at launch
    the quantity column read 'Superior', which holds no digits, so it is the end of the name and not a count; reading the row as 'Blessing Bead - Superior' and letting the panel count what is there
    one line read 'aa 1 169,999,998 OnSale Change'; read as stacked lines it is 'Blessing Bead - Superior 169,999,998 OnSale Change'
  tab 4 known from the last listing: 0 slot(s) held
  row 1: 'Blessing Bead - Superior' x1 at 169,999,998 -> tab 4 slot (1, 1)
    floor 163,756,817 from what it cost; listed at 169,999,998, above it
TASK {"kind": "relist", "row": 1, "item": "Blessing Bead - Superior", "qty": 1, "price": 169999998, "tab": 4, "slot": [1, 1], "lands_in": 1}
  inventory slot (1,1) at (1479, 236)
    read: current min 169,999,999, price field 169,999,999, net sales 169,999,999, week average 192,063,448, listed at 169,999,998
    the lowest listed price is 169,999,999, from the row and 3 more
    market 169,999,999, typing 169,999,998, 1 under the market
    net sales 169,999,998 is 1 x 169,999,998
  typed 250; the net sales make it 1
    the panel holds 169,999,998 against the 169,999,998 typed
  tab 4 read in 20 ms after the listing: 0 slot(s) held

  list 1 at 169,999,998
    #         ms   share  step
    1       17.8    0.3%  read the panel before loading
    2       17.3    0.3%  wait for slot (1,1) to fill
    3      812.5   14.3%  ctrl-click (1,1) attempt 1
    4      580.6   10.2%  read the suggested price
    5     1657.1   29.1%  type the price 169,999,998
    6      946.1   16.6%  type the quantity 250
    7      305.6    5.4%  take the quantity from the net sales
    8       94.9    1.7%  read the price back before Register
    9      312.0    5.5%  click Register
   10       97.6    1.7%  find Confirmation
   11       18.5    0.3%  look for the underprice question
   12      308.8    5.4%  click Confirmation
   13      251.2    4.4%  park
   14      232.1    4.1%  confirm the dialog is gone
   15       15.7    0.3%  wait for the panel to let the item go
   16       20.5    0.4%  read tab 4 after the listing
          5688.4  100.0%  TOTAL
  listed 1 at 169,999,998; it lands in row 1
DONE {"kind": "relist", "row": 1, "lands_in": 1, "qty": 1, "price": 169999998, "item": "Blessing Bead - Superior"}
    relisted 1 at 169,999,998 in row 1
  tab 4 known from the last listing: 0 slot(s) held
  row 2: 'Armor Account bind Unseal Stone' x1 at 187,000,000 -> tab 4 slot (1, 1)
    floor 187,364,780 from what it cost; listed at 187,000,000, UNDER the floor
TASK {"kind": "relist", "row": 2, "item": "Armor Account bind Unseal Stone", "qty": 1, "price": 187000000, "tab": 4, "slot": [1, 1], "lands_in": 2}
  inventory slot (1,1) at (1479, 236)
    read: current min 186,500,000, price field 186,500,000, net sales 186,500,000, week average 192,114,171, listed at 187,000,000
    the lowest listed price is 186,500,000, from the row and 3 more
    market 186,499,999 is under the 187,364,780 floor (it is worth what it cost); listing at the floor
    market 186,500,000, typing 187,364,780, 864,780 over the market
    net sales 187,364,780 is 1 x 187,364,780
  typed 250; the net sales make it 1
    the panel holds 187,364,780 against the 187,364,780 typed
  tab 4 read in 21 ms after the listing: 0 slot(s) held

  list 1 at 187,364,780
    #         ms   share  step
    1       18.7    0.3%  read the panel before loading
    2       17.9    0.3%  wait for slot (1,1) to fill
    3      811.1   14.2%  ctrl-click (1,1) attempt 1
    4      599.4   10.5%  read the suggested price
    5     1655.5   29.0%  type the price 187,364,780
    6      949.1   16.6%  type the quantity 250
    7      305.3    5.4%  take the quantity from the net sales
    8       94.2    1.7%  read the price back before Register
    9      308.3    5.4%  click Register
   10       94.0    1.6%  find Confirmation
   11       18.5    0.3%  look for the underprice question
   12      308.6    5.4%  click Confirmation
   13      250.8    4.4%  park
   14      236.6    4.1%  confirm the dialog is gone
   15       16.4    0.3%  wait for the panel to let the item go
   16       20.6    0.4%  read tab 4 after the listing
          5704.9  100.0%  TOTAL
  listed 1 at 187,364,780; it lands in row 2
DONE {"kind": "relist", "row": 2, "lands_in": 2, "qty": 1, "price": 187364780, "item": "Armor Account bind Unseal Stone"}
    relisted 1 at 187,364,780 in row 2, 1 relist(s) on the floor now
  tab 4 known from the last listing: 0 slot(s) held
  row 3: 'Armor Account bind Seal Stone' x2 at 186,999,999 -> tab 4 slot (1, 1)
    floor 187,364,780 from what it cost; listed at 186,999,999, UNDER the floor
TASK {"kind": "relist", "row": 3, "item": "Armor Account bind Seal Stone", "qty": 2, "price": 186999999, "tab": 4, "slot": [1, 1], "lands_in": 3}
  inventory slot (1,1) at (1479, 236)
    read: current min 186,500,000, price field 186,500,000, net sales 186,500,000, week average 190,073,428, listed at 186,999,999
    the lowest listed price is 186,500,000, from the row and 3 more
    market 186,499,999 is under the 187,364,780 floor (it is worth what it cost); listing at the floor
    market 186,500,000, typing 187,364,780, 864,780 over the market
    net sales 374,729,560 is 2 x 187,364,780
  typed 250; the net sales make it 2
    the panel holds 187,364,780 against the 187,364,780 typed
  tab 4 read in 21 ms after the listing: 0 slot(s) held

  list 2 at 187,364,780
    #         ms   share  step
    1       17.8    0.3%  read the panel before loading
    2       18.7    0.3%  wait for slot (1,1) to fill
    3      815.2   14.3%  ctrl-click (1,1) attempt 1
    4      588.1   10.3%  read the suggested price
    5     1656.4   29.1%  type the price 187,364,780
    6      945.1   16.6%  type the quantity 250
    7      307.2    5.4%  take the quantity from the net sales
    8       93.0    1.6%  read the price back before Register
    9      308.1    5.4%  click Register
   10       92.2    1.6%  find Confirmation
   11       16.4    0.3%  look for the underprice question
   12      308.5    5.4%  click Confirmation
   13      251.1    4.4%  park
   14      228.3    4.0%  confirm the dialog is gone
   15       15.9    0.3%  wait for the panel to let the item go
   16       21.0    0.4%  read tab 4 after the listing
          5682.9  100.0%  TOTAL
  listed 2 at 187,364,780; it lands in row 3
DONE {"kind": "relist", "row": 3, "lands_in": 3, "qty": 2, "price": 187364780, "item": "Armor Account bind Seal Stone"}
    relisted 2 at 187,364,780 in row 3, 1 relist(s) on the floor now
  tab 4 known from the last listing: 0 slot(s) held
  row 4: 'Force Core (Ultimate' x9 at 368,767 -> tab 4 slot (1, 1)
    floor 346,662 (346,662 x 1) from Force Core Set (Ultimate) as last bought; listed at 368,767, above it
TASK {"kind": "relist", "row": 4, "item": "Force Core (Ultimate", "qty": 9, "price": 368767, "tab": 4, "slot": [1, 1], "lands_in": 4}
  inventory slot (1,1) at (1479, 236)
    read: current min 359,990, price field 359,990, net sales 359,990, week average 411,299, listed at 368,767
    the lowest listed price is 359,990, from the row and 3 more
    market 359,990, typing 359,989, 1 under the market
    net sales 3,239,901 is 9 x 359,989
  typed 250; the net sales make it 9
    the panel holds 359,989 against the 359,989 typed
  tab 4 read in 21 ms after the listing: 0 slot(s) held

  list 9 at 359,989
    #         ms   share  step
    1       19.2    0.4%  read the panel before loading
    2       16.4    0.3%  wait for slot (1,1) to fill
    3      808.0   14.8%  ctrl-click (1,1) attempt 1
    4      579.4   10.6%  read the suggested price
    5     1443.4   26.5%  type the price 359,989
    6      943.2   17.3%  type the quantity 250
    7      301.1    5.5%  take the quantity from the net sales
    8       90.5    1.7%  read the price back before Register
    9      309.4    5.7%  click Register
   10       89.7    1.6%  find Confirmation
   11       19.4    0.4%  look for the underprice question
   12      307.9    5.7%  click Confirmation
   13      250.7    4.6%  park
   14      227.3    4.2%  confirm the dialog is gone
   15       17.6    0.3%  wait for the panel to let the item go
   16       20.9    0.4%  read tab 4 after the listing
          5444.2  100.0%  TOTAL
  listed 9 at 359,989; it lands in row 4
DONE {"kind": "relist", "row": 4, "lands_in": 4, "qty": 9, "price": 359989, "item": "Force Core (Ultimate"}
    relisted 9 at 359,989 in row 4
  tab 4 known from the last listing: 0 slot(s) held
  row 5: 'Astral Core(Palladium) X 127' x6 at 194,817 -> tab 4 slot (1, 1)
    no floor for 'Astral Core(Palladium) X 127'
TASK {"kind": "relist", "row": 5, "item": "Astral Core(Palladium) X 127", "qty": 6, "price": 194817, "tab": 4, "slot": [1, 1], "lands_in": 5}
  inventory slot (1,1) at (1479, 236)
    read: current min 194,691, price field 194,691, net sales 194,691, week average 199,771, listed at 194,817
    the lowest listed price is 194,691, from the row and 3 more
    market 194,691, typing 194,690, 1 under the market
    net sales 1,168,140 is 6 x 194,690
  typed 250; the net sales make it 6
    the panel holds 194,690 against the 194,690 typed
  tab 4 read in 21 ms after the listing: 0 slot(s) held

  list 6 at 194,690
    #         ms   share  step
    1       18.9    0.3%  read the panel before loading
    2       15.3    0.3%  wait for slot (1,1) to fill
    3      808.5   14.8%  ctrl-click (1,1) attempt 1
    4      571.8   10.5%  read the suggested price
    5     1444.2   26.5%  type the price 194,690
    6      946.5   17.4%  type the quantity 250
    7      301.5    5.5%  take the quantity from the net sales
    8       89.3    1.6%  read the price back before Register
    9      309.7    5.7%  click Register
   10      101.0    1.9%  find Confirmation
   11       16.3    0.3%  look for the underprice question
   12      307.2    5.6%  click Confirmation
   13      250.7    4.6%  park
   14      227.4    4.2%  confirm the dialog is gone
   15       17.8    0.3%  wait for the panel to let the item go
   16       21.0    0.4%  read tab 4 after the listing
          5447.3  100.0%  TOTAL
  listed 6 at 194,690; it lands in row 5
DONE {"kind": "relist", "row": 5, "lands_in": 5, "qty": 6, "price": 194690, "item": "Astral Core(Palladium) X 127"}
    relisted 6 at 194,690 in row 5
  tab 4 known from the last listing: 0 slot(s) held
  row 6: 'Force Core (Ultimate' x5 at 368,766 -> tab 4 slot (1, 1)
    floor 346,662 (346,662 x 1) from Force Core Set (Ultimate) as last bought; listed at 368,766, above it
TASK {"kind": "relist", "row": 6, "item": "Force Core (Ultimate", "qty": 5, "price": 368766, "tab": 4, "slot": [1, 1], "lands_in": 6}
  inventory slot (1,1) at (1479, 236)
    read: current min 359,989, price field 359,989, net sales 359,989, week average 411,299, listed at 368,766
    the lowest listed price is 359,989, from the row and 3 more
    market 359,989, typing 359,988, 1 under the market
    net sales 1,799,940 is 5 x 359,988
  typed 250; the net sales make it 5
    the panel holds 359,988 against the 359,988 typed
  tab 4 read in 20 ms after the listing: 0 slot(s) held

  list 5 at 359,988
    #         ms   share  step
    1       15.9    0.3%  read the panel before loading
    2       16.5    0.3%  wait for slot (1,1) to fill
    3      811.5   14.9%  ctrl-click (1,1) attempt 1
    4      576.7   10.6%  read the suggested price
    5     1441.1   26.5%  type the price 359,988
    6      945.9   17.4%  type the quantity 250
    7      300.7    5.5%  take the quantity from the net sales
    8       91.9    1.7%  read the price back before Register
    9      309.0    5.7%  click Register
   10       90.7    1.7%  find Confirmation
   11       17.7    0.3%  look for the underprice question
   12      303.6    5.6%  click Confirmation
   13      251.4    4.6%  park
   14      226.2    4.2%  confirm the dialog is gone
   15       18.0    0.3%  wait for the panel to let the item go
   16       19.9    0.4%  read tab 4 after the listing
          5436.7  100.0%  TOTAL
  listed 5 at 359,988; it lands in row 6
DONE {"kind": "relist", "row": 6, "lands_in": 6, "qty": 5, "price": 359988, "item": "Force Core (Ultimate"}
    relisted 5 at 359,988 in row 6
  tab 4 known from the last listing: 0 slot(s) held
  row 7: 'Force Core(High' x73 at 185,930 -> tab 4 slot (1, 1)
    floor 185,930 (185,930 x 1) from Force Core Set (High) as last bought; listed at 185,930, above it
TASK {"kind": "relist", "row": 7, "item": "Force Core(High", "qty": 73, "price": 185930, "tab": 4, "slot": [1, 1], "lands_in": 7}
  inventory slot (1,1) at (1479, 236)
    read: current min 185,100, price field 185,100, net sales 185,100, week average 199,396, listed at 185,930
    the lowest listed price is 185,100, from the row and 3 more
    market 185,099 is under the 185,930 floor (a Force Core Set (High) as last bought costs 185,930); listing at the floor
    market 185,100, typing 185,930, 830 over the market
    net sales 13,572,890 is 73 x 185,930
  typed 250; the net sales make it 73
    the panel holds 185,930 against the 185,930 typed
  tab 4 read in 22 ms after the listing: 0 slot(s) held

  list 73 at 185,930
    #         ms   share  step
    1       18.6    0.3%  read the panel before loading
    2       16.7    0.3%  wait for slot (1,1) to fill
    3      807.6   14.8%  ctrl-click (1,1) attempt 1
    4      572.4   10.5%  read the suggested price
    5     1444.0   26.5%  type the price 185,930
    6      947.2   17.4%  type the quantity 250
    7      303.5    5.6%  take the quantity from the net sales
    8       90.8    1.7%  read the price back before Register
    9      309.7    5.7%  click Register
   10       90.4    1.7%  find Confirmation
   11       18.8    0.3%  look for the underprice question
   12      306.9    5.6%  click Confirmation
   13      250.9    4.6%  park
   14      235.8    4.3%  confirm the dialog is gone
   15       17.9    0.3%  wait for the panel to let the item go
   16       21.6    0.4%  read tab 4 after the listing
          5452.9  100.0%  TOTAL
  listed 73 at 185,930; it lands in row 7
DONE {"kind": "relist", "row": 7, "lands_in": 7, "qty": 73, "price": 185930, "item": "Force Core(High"}
    relisted 73 at 185,930 in row 7, 1 relist(s) on the floor now
  tab 4 known from the last listing: 0 slot(s) held
  row 8: 'Force Core(High' x117 at 185,930 -> tab 4 slot (1, 1)
    floor 185,930 (185,930 x 1) from Force Core Set (High) as last bought; listed at 185,930, above it
TASK {"kind": "relist", "row": 8, "item": "Force Core(High", "qty": 117, "price": 185930, "tab": 4, "slot": [1, 1], "lands_in": 8}
  inventory slot (1,1) at (1479, 236)
    read: current min 185,100, price field 185,100, net sales 185,100, week average 199,396, listed at 185,930
    the lowest listed price is 185,100, from the row and 3 more
    market 185,099 is under the 185,930 floor (a Force Core Set (High) as last bought costs 185,930); listing at the floor
    market 185,100, typing 185,930, 830 over the market
    net sales 21,753,810 is 117 x 185,930
  typed 250; the net sales make it 117
    the panel holds 185,930 against the 185,930 typed
  tab 4 read in 26 ms after the listing: 0 slot(s) held

  list 117 at 185,930
    #         ms   share  step
    1       20.3    0.4%  read the panel before loading
    2       20.1    0.4%  wait for slot (1,1) to fill
    3      815.5   14.8%  ctrl-click (1,1) attempt 1
    4      590.1   10.7%  read the suggested price
    5     1446.2   26.2%  type the price 185,930
    6      946.2   17.1%  type the quantity 250
    7      311.9    5.6%  take the quantity from the net sales
    8       96.2    1.7%  read the price back before Register
    9      310.6    5.6%  click Register
   10       98.2    1.8%  find Confirmation
   11       19.0    0.3%  look for the underprice question
   12      311.6    5.6%  click Confirmation
   13      251.2    4.5%  park
   14      238.8    4.3%  confirm the dialog is gone
   15       21.4    0.4%  wait for the panel to let the item go
   16       25.7    0.5%  read tab 4 after the listing
          5522.9  100.0%  TOTAL
  listed 117 at 185,930; it lands in row 8
DONE {"kind": "relist", "row": 8, "lands_in": 8, "qty": 117, "price": 185930, "item": "Force Core(High"}
    relisted 117 at 185,930 in row 8, 1 relist(s) on the floor now
    the quantity column read 'Saver', which holds no digits, so it is the end of the name and not a count; reading the row as 'Wexp Saver' and letting the panel count what is there
  tab 4 known from the last listing: 0 slot(s) held
  row 9: 'Wexp Saver' x1 at 65,960,000 -> tab 4 slot (1, 1)
    the quantity column read 'Saver', which holds no digits, so it is the end of the name and not a count; reading the row as 'Wexp Saver' and letting the panel count what is there
    no floor for 'Wexp Saver'
TASK {"kind": "relist", "row": 9, "item": "Wexp Saver", "qty": 1, "price": 65960000, "tab": 4, "slot": [1, 1], "lands_in": 9}
  inventory slot (1,1) at (1479, 236)
    read: current min 63,666,666, price field 63,666,666, net sales 63,666,666, week average 63,911,720, listed at 65,960,000
    the lowest listed price is 63,666,666, from the row and 3 more
    the market asks 63,666,665, 2,293,335 under our 65,960,000; holding at 65,950,000, the most this row may fall in one relist
    market 63,666,666, typing 65,950,000, 2,283,334 over the market
    net sales 65,950,000 is 1 x 65,950,000
  typed 250; the net sales make it 1
    the panel holds 65,950,000 against the 65,950,000 typed
  tab 4 read in 24 ms after the listing: 0 slot(s) held

  list 1 at 65,950,000
    #         ms   share  step
    1       22.4    0.4%  read the panel before loading
    2       19.5    0.3%  wait for slot (1,1) to fill
    3      814.2   14.0%  ctrl-click (1,1) attempt 1
    4      675.1   11.6%  read the suggested price
    5     1595.1   27.5%  type the price 65,950,000
    6      954.1   16.4%  type the quantity 250
    7      317.7    5.5%  take the quantity from the net sales
    8      102.3    1.8%  read the price back before Register
    9      323.2    5.6%  click Register
   10      104.9    1.8%  find Confirmation
   11       28.3    0.5%  look for the underprice question
   12      313.5    5.4%  click Confirmation
   13      250.9    4.3%  park
   14      242.4    4.2%  confirm the dialog is gone
   15       22.4    0.4%  wait for the panel to let the item go
   16       24.2    0.4%  read tab 4 after the listing
          5810.1  100.0%  TOTAL
  listed 1 at 65,950,000; it lands in row 9
DONE {"kind": "relist", "row": 9, "lands_in": 9, "qty": 1, "price": 65950000, "item": "Wexp Saver"}
    relisted 1 at 65,950,000 in row 9
  tab 4 known from the last listing: 0 slot(s) held
  row 10: 'Chaos Core' x1 at 744,335 -> tab 4 slot (1, 1)
    floor 745,000 (745,000 x 1) from what it cost; listed at 744,335, UNDER the floor
TASK {"kind": "relist", "row": 10, "item": "Chaos Core", "qty": 1, "price": 744335, "tab": 4, "slot": [1, 1], "lands_in": 10}
    row 10 is the Chaos Core special row; listing at 654 under the market, no floor
  inventory slot (1,1) at (1479, 236)
    read: current min 743,085, price field 743,085, net sales 743,085, week average 717,087, listed at unread
    the lowest listed price is 743,085, from the row and 2 more
    market 743,085, typing 742,431, 654 under the market
    net sales 742,431 is 1 x 742,431
  typed 250; the net sales make it 1
    the panel holds 742,431 against the 742,431 typed
  tab 4 read in 20 ms after the listing: 0 slot(s) held

  list 1 at 742,431
    #         ms   share  step
    1       22.1    0.4%  read the panel before loading
    2       21.1    0.4%  wait for slot (1,1) to fill
    3      815.9   14.8%  ctrl-click (1,1) attempt 1
    4      591.9   10.7%  read the suggested price
    5     1453.3   26.3%  type the price 742,431
    6      957.0   17.3%  type the quantity 250
    7      310.2    5.6%  take the quantity from the net sales
    8       90.5    1.6%  read the price back before Register
    9      313.6    5.7%  click Register
   10       98.7    1.8%  find Confirmation
   11       18.7    0.3%  look for the underprice question
   12      307.8    5.6%  click Confirmation
   13      250.9    4.5%  park
   14      238.4    4.3%  confirm the dialog is gone
   15       19.1    0.3%  wait for the panel to let the item go
   16       19.9    0.4%  read tab 4 after the listing
          5529.0  100.0%  TOTAL
  listed 1 at 742,431; it lands in row 10
DONE {"kind": "relist", "row": 10, "lands_in": 10, "qty": 1, "price": 742431, "item": "Chaos Core"}
    relisted 1 at 742,431 in row 10
  tab 4 known from the last listing: 0 slot(s) held
  row 11: 'Force Core(High' x101 at 185,930 -> tab 4 slot (1, 1)
    floor 185,930 (185,930 x 1) from Force Core Set (High) as last bought; listed at 185,930, above it
TASK {"kind": "relist", "row": 11, "item": "Force Core(High", "qty": 101, "price": 185930, "tab": 4, "slot": [1, 1], "lands_in": 11}
  inventory slot (1,1) at (1479, 236)
    read: current min 185,100, price field 185,100, net sales 185,100, week average 199,396, listed at 185,930
    the lowest listed price is 185,100, from the row and 3 more
    market 185,099 is under the 185,930 floor (a Force Core Set (High) as last bought costs 185,930); listing at the floor
    market 185,100, typing 185,930, 830 over the market
    net sales 18,778,930 is 101 x 185,930
  typed 250; the net sales make it 101
    the panel holds 185,930 against the 185,930 typed
  tab 4 read in 20 ms after the listing: 0 slot(s) held

  list 101 at 185,930
    #         ms   share  step
    1       19.7    0.4%  read the panel before loading
    2       20.3    0.4%  wait for slot (1,1) to fill
    3      811.3   14.8%  ctrl-click (1,1) attempt 1
    4      588.8   10.7%  read the suggested price
    5     1440.5   26.3%  type the price 185,930
    6      947.2   17.3%  type the quantity 250
    7      306.2    5.6%  take the quantity from the net sales
    8       93.6    1.7%  read the price back before Register
    9      307.9    5.6%  click Register
   10       98.8    1.8%  find Confirmation
   11       19.3    0.4%  look for the underprice question
   12      308.4    5.6%  click Confirmation
   13      250.8    4.6%  park
   14      231.1    4.2%  confirm the dialog is gone
   15       17.6    0.3%  wait for the panel to let the item go
   16       20.1    0.4%  read tab 4 after the listing
          5481.7  100.0%  TOTAL
  listed 101 at 185,930; it lands in row 11
DONE {"kind": "relist", "row": 11, "lands_in": 11, "qty": 101, "price": 185930, "item": "Force Core(High"}
    relisted 101 at 185,930 in row 11, 1 relist(s) on the floor now
  tab 4 known from the last listing: 0 slot(s) held
  row 12: 'Force Core (Ultimate' x250 at 368,765 -> tab 4 slot (1, 1)
    floor 346,662 (346,662 x 1) from Force Core Set (Ultimate) as last bought; listed at 368,765, above it
TASK {"kind": "relist", "row": 12, "item": "Force Core (Ultimate", "qty": 250, "price": 368765, "tab": 4, "slot": [1, 1], "lands_in": 12}
  inventory slot (1,1) at (1479, 236)
    read: current min 359,988, price field 359,988, net sales 359,988, week average 411,299, listed at 368,765
    the lowest listed price is 359,988, from the row and 3 more
    market 359,988, typing 359,987, 1 under the market
    net sales 89,996,750 is 250 x 359,987
  typed 250; the net sales make it 250
    the panel holds 359,987 against the 359,987 typed
  tab 4 read in 20 ms after the listing: 0 slot(s) held

  list 250 at 359,987
    #         ms   share  step
    1       17.6    0.3%  read the panel before loading
    2       16.7    0.3%  wait for slot (1,1) to fill
    3      808.9   14.8%  ctrl-click (1,1) attempt 1
    4      576.0   10.5%  read the suggested price
    5     1442.1   26.4%  type the price 359,987
    6      945.6   17.3%  type the quantity 250
    7      303.1    5.6%  take the quantity from the net sales
    8       92.8    1.7%  read the price back before Register
    9      311.9    5.7%  click Register
   10       89.3    1.6%  find Confirmation
   11       20.3    0.4%  look for the underprice question
   12      308.0    5.6%  click Confirmation
   13      251.0    4.6%  park
   14      236.6    4.3%  confirm the dialog is gone
   15       20.5    0.4%  wait for the panel to let the item go
   16       20.4    0.4%  read tab 4 after the listing
          5460.9  100.0%  TOTAL
  listed 250 at 359,987; it lands in row 12
DONE {"kind": "relist", "row": 12, "lands_in": 12, "qty": 250, "price": 359987, "item": "Force Core (Ultimate"}
    relisted 250 at 359,987 in row 12
  row 13 has SOLD (partly); collecting
    collected; 48 left to relist
  tab 4 known from the last listing: 0 slot(s) held
  row 13: 'Force Core (Ultimate' x48 at 368,764 -> tab 4 slot (1, 1)
    floor 346,662 (346,662 x 1) from Force Core Set (Ultimate) as last bought; listed at 368,764, above it
TASK {"kind": "relist", "row": 13, "item": "Force Core (Ultimate", "qty": 48, "price": 368764, "tab": 4, "slot": [1, 1], "lands_in": 13}
  inventory slot (1,1) at (1479, 236)
    read: current min 359,987, price field 359,987, net sales 359,987, week average 411,299, listed at 368,764
    the lowest listed price is 359,987, from the row and 3 more
    market 359,987, typing 359,986, 1 under the market
    net sales 17,279,328 is 48 x 359,986
  typed 250; the net sales make it 48
    the panel holds 359,986 against the 359,986 typed
  tab 4 read in 20 ms after the listing: 0 slot(s) held

  list 48 at 359,986
    #         ms   share  step
    1       18.0    0.3%  read the panel before loading
    2       17.0    0.3%  wait for slot (1,1) to fill
    3      808.2   14.8%  ctrl-click (1,1) attempt 1
    4      576.8   10.6%  read the suggested price
    5     1441.1   26.4%  type the price 359,986
    6      945.2   17.3%  type the quantity 250
    7      305.1    5.6%  take the quantity from the net sales
    8       90.4    1.7%  read the price back before Register
    9      309.2    5.7%  click Register
   10       92.0    1.7%  find Confirmation
   11       16.2    0.3%  look for the underprice question
   12      308.6    5.7%  click Confirmation
   13      250.7    4.6%  park
   14      235.1    4.3%  confirm the dialog is gone
   15       19.4    0.4%  wait for the panel to let the item go
   16       20.1    0.4%  read tab 4 after the listing
          5453.1  100.0%  TOTAL
  listed 48 at 359,986; it lands in row 13
DONE {"kind": "relist", "row": 13, "lands_in": 13, "qty": 48, "price": 359986, "item": "Force Core (Ultimate"}
    relisted 48 at 359,986 in row 13
  row 14 has SOLD (fully); collecting
    collected; row 14 is empty, nothing to relist
  a 'Chaos Core Set X 183' row sold and is collected; Chaos Core holds 2 row(s), pricing and resupplying it now, not on the next pass
  Chaos Core Set 750,685 - Chaos Core 742,431 = 8,254
  Alz 1,731,794,072 held covers 2,332 Chaos Core at 742,431; buying what it covers

-- Chaos Core: 2 row(s) --
  9 row(s) free inside 1-27
  Chaos Core Set 750,685 - Chaos Core 742,431 = 8,254
  a margin of 8,254 is worth 3 row(s) of Chaos Core; 2 held
  buy_min 150 rolled to 141 (+/-15); buying 141 in whole batches of 3
  1 stays behind on every row bought; an order 10 step(s) down with nothing spare takes the row it is on whole, and the next order leaves 1 behind again; each order prices the favourite afresh, then wheels down, up to 30 step(s)
  every order takes all of the row it lands on, up to 999 held, and the orders stop once 141 is held
TASK {"kind": "resupply", "core": "Chaos Core", "set": "Chaos Core Set", "slot": 3, "tab": 4}
  0/141 Chaos Core held
  row 1 offers 'Chaos Core' x1 at 742,431 (742,431/unit)

  buy from favourite slot 3: REFUSED
    #         ms   share  step
    1        0.4    0.0%  get_price: focus the game
    2       99.3    4.0%  get_price: _trade_window_open (OCR 1300x190)
    3      116.2    4.6%  get_price: purchase_tab_showing
    4      176.3    7.0%  get_price: read row 1 before the search
    5      314.4   12.5%  get_price: click favourite slot 3
    6       93.5    3.7%  get_price: confirm the sort
    7      441.7   17.6%  get_price: poll row 1 until it answers (2 read(s))
    8     1264.1   50.4%  get_price: search the favourite and read row 1
          2505.9  100.0%  TOTAL
  row 1 holds 1 and 1 stays behind, so there is nothing spare to take here.
  wheeled 1 notch(es) down the offers, from row 2 at (500, 313)
  row 1 offers 'Chaos Core' x1 at 743,085 (743,085/unit)

  buy from favourite slot 3: REFUSED
    #         ms   share  step
    1        0.4    0.0%  get_price: focus the game
    2       98.1   10.1%  get_price: _trade_window_open (OCR 1300x190)
    3      116.7   12.0%  get_price: purchase_tab_showing
    4      272.4   27.9%  get_price: read row 1 where it stands
    5      487.7   50.0%  get_price: search the favourite and read row 1
           975.4  100.0%  TOTAL
  row 1 holds 1 and 1 stays behind, so there is nothing spare to take here.
  wheeled 1 notch(es) down the offers, from row 2 at (500, 313)
  row 1 offers 'Chaos Core' x1 at 743,655 (743,655/unit)

  buy from favourite slot 3: REFUSED
    #         ms   share  step
    1        0.5    0.0%  get_price: focus the game
    2      101.4   10.3%  get_price: _trade_window_open (OCR 1300x190)
    3      116.4   11.8%  get_price: purchase_tab_showing
    4      273.5   27.8%  get_price: read row 1 where it stands
    5      491.8   50.0%  get_price: search the favourite and read row 1
           983.6  100.0%  TOTAL
  row 1 holds 1 and 1 stays behind, so there is nothing spare to take here.
  wheeled 1 notch(es) down the offers, from row 2 at (500, 313)
  row 1 offers 'Chaos Core' x1 at 743,655 (743,655/unit)

  buy from favourite slot 3: REFUSED
    #         ms   share  step
    1        0.4    0.0%  get_price: focus the game
    2      104.4   10.6%  get_price: _trade_window_open (OCR 1300x190)
    3      116.7   11.8%  get_price: purchase_tab_showing
    4      271.5   27.5%  get_price: read row 1 where it stands
    5      493.1   50.0%  get_price: search the favourite and read row 1
           986.2  100.0%  TOTAL
  row 1 holds 1 and 1 stays behind, so there is nothing spare to take here.
  wheeled 1 notch(es) down the offers, from row 2 at (500, 313)
  row 1 offers 'Chaos Core' x1 at 745,000 (745,000/unit)

  buy from favourite slot 3: REFUSED
    #         ms   share  step
    1        0.4    0.0%  get_price: focus the game
    2      100.3   10.3%  get_price: _trade_window_open (OCR 1300x190)
    3      119.3   12.3%  get_price: purchase_tab_showing
    4      265.7   27.4%  get_price: read row 1 where it stands
    5      485.7   50.0%  get_price: search the favourite and read row 1
           971.4  100.0%  TOTAL
  row 1 holds 1 and 1 stays behind, so there is nothing spare to take here.
  wheeled 1 notch(es) down the offers, from row 2 at (500, 313)
  row 1 offers 'Chaos Core' x1 at 745,000 (745,000/unit)

  buy from favourite slot 3: REFUSED
    #         ms   share  step
    1        0.4    0.0%  get_price: focus the game
    2       97.2   10.0%  get_price: _trade_window_open (OCR 1300x190)
    3      117.6   12.1%  get_price: purchase_tab_showing
    4      269.7   27.8%  get_price: read row 1 where it stands
    5      485.0   50.0%  get_price: search the favourite and read row 1
           969.9  100.0%  TOTAL
  row 1 holds 1 and 1 stays behind, so there is nothing spare to take here.
  wheeled 1 notch(es) down the offers, from row 2 at (500, 313)
  row 1 offers 'Chaos Core' x1 at 745,000 (745,000/unit)

  buy from favourite slot 3: REFUSED
    #         ms   share  step
    1        0.4    0.0%  get_price: focus the game
    2       97.4   10.0%  get_price: _trade_window_open (OCR 1300x190)
    3      117.7   12.1%  get_price: purchase_tab_showing
    4      271.6   27.9%  get_price: read row 1 where it stands
    5      487.2   50.0%  get_price: search the favourite and read row 1
           974.3  100.0%  TOTAL
  row 1 holds 1 and 1 stays behind, so there is nothing spare to take here.
  wheeled 1 notch(es) down the offers, from row 2 at (500, 313)
  row 1 offers 'Chaos Core' x1 at 745,087 (745,087/unit)

  buy from favourite slot 3: REFUSED
    #         ms   share  step
    1        0.4    0.0%  get_price: focus the game
    2       97.6    9.8%  get_price: _trade_window_open (OCR 1300x190)
    3      118.0   11.8%  get_price: purchase_tab_showing
    4      282.3   28.3%  get_price: read row 1 where it stands
    5      498.4   50.0%  get_price: search the favourite and read row 1
           996.7  100.0%  TOTAL
  row 1 holds 1 and 1 stays behind, so there is nothing spare to take here.
  wheeled 1 notch(es) down the offers, from row 2 at (500, 313)
  row 1 offers 'Chaos Core' x1 at 745,087 (745,087/unit)

  buy from favourite slot 3: REFUSED
    #         ms   share  step
    1        0.4    0.0%  get_price: focus the game
    2      102.6   10.0%  get_price: _trade_window_open (OCR 1300x190)
    3      123.8   12.0%  get_price: purchase_tab_showing
    4      288.7   28.0%  get_price: read row 1 where it stands
    5      515.6   50.0%  get_price: search the favourite and read row 1
          1031.1  100.0%  TOTAL
  row 1 holds 1 and 1 stays behind, so there is nothing spare to take here.
  wheeled 1 notch(es) down the offers, from row 2 at (500, 313)
  row 1 offers 'Chaos Core' x1 at 745,087 (745,087/unit)

  buy from favourite slot 3: REFUSED
    #         ms   share  step
    1        0.4    0.0%  get_price: focus the game
    2      101.5   10.1%  get_price: _trade_window_open (OCR 1300x190)
    3      121.0   12.0%  get_price: purchase_tab_showing
    4      280.7   27.9%  get_price: read row 1 where it stands
    5      503.7   50.0%  get_price: search the favourite and read row 1
          1007.3  100.0%  TOTAL
  row 1 holds 1 and 1 stays behind, so there is nothing spare to take here.
  wheeled 1 notch(es) down the offers, from row 2 at (500, 313)
  10 step(s) down with nothing spare; this order takes the row it is on whole, and the next one leaves 1 behind again
  row 1 offers 'Chaos Core' x46 at 745,087 (745,087/unit)
    row 1 leaves 5,598 a core against the 5,000 wanted
    balance before 1,731,794,072
    dialog: '¢ Chaos Core'  qty 1 of 46  price 745087
    999 core(s) wanted, 1 to a pack -> 999 pack(s); 46 available, taking 46
    ordering 46 pack(s) at 34,274,002; the spend will confirm what actually bought

  buy from favourite slot 3: REFUSED
    #         ms   share  step
    1        0.4    0.0%  get_price: focus the game
    2      103.4    1.4%  get_price: _trade_window_open (OCR 1300x190)
    3      118.5    1.6%  get_price: purchase_tab_showing
    4      217.5    2.9%  get_price: read row 1 where it stands
    5      439.8    5.8%  get_price: search the favourite and read row 1
    6      315.1    4.2%  select inventory tab 4
    7      100.6    1.3%  read the balance before buying
    8      365.6    4.8%  click the row at (500, 258)
    9      317.5    4.2%  click Buy at (828, 258)
   10       91.7    1.2%  await the Purchase dialog
   11      311.3    4.1%  read the dialog (item, price, qty, qty_max)
   12     1327.9   17.6%  click the quantity field and type 46
   13       85.3    1.1%  find the Buy button
   14      309.9    4.1%  click Buy
   15      250.6    3.3%  park
   16       89.4    1.2%  confirm the dialog is gone
   17     3020.5   40.0%  read the balance after buying
   18       93.0    1.2%  read the balance once more before calling it unbought
          7558.1  100.0%  TOTAL
  attempt 1/3: the balance never moved from 1,731,794,072, on two reads, so nothing was bought: row 1 went while the order was being placed. Trying the board again.
  wheeled 1 notch(es) down the offers, from row 2 at (500, 313)
  row 1 offers 'Chaos Core' x250 at 745,087 (745,087/unit)
    row 1 leaves 5,598 a core against the 5,000 wanted
    balance before 1,731,794,072
    dialog: '¢ Chaos Core'  qty 1 of 250  price 745087
    999 core(s) wanted, 1 to a pack -> 999 pack(s); 250 available, taking 250
    ordering 250 pack(s) at 186,271,750; the spend will confirm what actually bought
    balance after  1,545,522,322; spent 186,271,750 bought 250 pack(s) = 250 core(s) (745,087 a core)

  buy from favourite slot 3: bought 250 core(s) in 250 order(s)
    #         ms   share  step
    1        0.4    0.0%  get_price: focus the game
    2       97.1    1.9%  get_price: _trade_window_open (OCR 1300x190)
    3      115.2    2.3%  get_price: purchase_tab_showing
    4      200.2    3.9%  get_price: read row 1 where it stands
    5      413.0    8.1%  get_price: search the favourite and read row 1
    6      311.2    6.1%  select inventory tab 4
    7       93.1    1.8%  read the balance before buying
    8      359.9    7.1%  click the row at (500, 258)
    9      308.6    6.1%  click Buy at (828, 258)
   10       87.1    1.7%  await the Purchase dialog
   11      294.9    5.8%  read the dialog (item, price, qty, qty_max)
   12     1395.9   27.4%  click the quantity field and type 250
   13       85.9    1.7%  find the Buy button
   14      307.3    6.0%  click Buy
   15      250.6    4.9%  park
   16       83.6    1.6%  confirm the dialog is gone
   17      692.5   13.6%  read the balance after buying
          5096.5  100.0%  TOTAL
  250 Chaos Core is 2 short of a whole batch of 3; topping up whatever the margin says, because a remainder crafts into nothing
  row 1 offers 'Chaos Core' x1 at 742,431 (742,431/unit)

  buy from favourite slot 3: REFUSED
    #         ms   share  step
    1        0.3    0.0%  get_price: focus the game
    2      101.4    2.0%  get_price: _trade_window_open (OCR 1300x190)
    3      116.4    2.3%  get_price: purchase_tab_showing
    4      160.9    3.2%  get_price: read row 1 before the search
    5      313.0    6.2%  get_price: click favourite slot 3
    6       86.0    1.7%  get_price: confirm the sort
    7     1720.7   34.2%  get_price: poll row 1 until it answers (10 read(s))
    8     2529.3   50.3%  get_price: search the favourite and read row 1
          5028.1  100.0%  TOTAL
  row 1 holds 1 and 1 stays behind, so there is nothing spare to take here.
  wheeled 1 notch(es) down the offers, from row 2 at (500, 313)
  row 1 offers 'Chaos Core' x1 at 743,085 (743,085/unit)

  buy from favourite slot 3: REFUSED
    #         ms   share  step
    1        0.5    0.0%  get_price: focus the game
    2       99.3   10.4%  get_price: _trade_window_open (OCR 1300x190)
    3      113.9   11.9%  get_price: purchase_tab_showing
    4      265.8   27.7%  get_price: read row 1 where it stands
    5      479.5   50.0%  get_price: search the favourite and read row 1
           959.0  100.0%  TOTAL
  row 1 holds 1 and 1 stays behind, so there is nothing spare to take here.
  wheeled 1 notch(es) down the offers, from row 2 at (500, 313)
  row 1 offers 'Chaos Core' x1 at 743,655 (743,655/unit)

  buy from favourite slot 3: REFUSED
    #         ms   share  step
    1        0.4    0.0%  get_price: focus the game
    2       98.1   10.3%  get_price: _trade_window_open (OCR 1300x190)
    3      114.7   12.0%  get_price: purchase_tab_showing
    4      263.3   27.6%  get_price: read row 1 where it stands
    5      476.7   50.0%  get_price: search the favourite and read row 1
           953.2  100.0%  TOTAL
  row 1 holds 1 and 1 stays behind, so there is nothing spare to take here.
  wheeled 1 notch(es) down the offers, from row 2 at (500, 313)
  row 1 offers 'Chaos Core' x1 at 743,655 (743,655/unit)

  buy from favourite slot 3: REFUSED
    #         ms   share  step
    1        0.4    0.0%  get_price: focus the game
    2       99.8   10.5%  get_price: _trade_window_open (OCR 1300x190)
    3      115.2   12.1%  get_price: purchase_tab_showing
    4      261.9   27.4%  get_price: read row 1 where it stands
    5      477.3   50.0%  get_price: search the favourite and read row 1
           954.5  100.0%  TOTAL
  row 1 holds 1 and 1 stays behind, so there is nothing spare to take here.
  wheeled 1 notch(es) down the offers, from row 2 at (500, 313)
  row 1 offers 'Chaos Core' x1 at 745,000 (745,000/unit)

  buy from favourite slot 3: REFUSED
    #         ms   share  step
    1        0.4    0.0%  get_price: focus the game
    2       95.3   10.1%  get_price: _trade_window_open (OCR 1300x190)
    3      110.9   11.7%  get_price: purchase_tab_showing
    4      267.1   28.2%  get_price: read row 1 where it stands
    5      473.7   50.0%  get_price: search the favourite and read row 1
           947.4  100.0%  TOTAL
  row 1 holds 1 and 1 stays behind, so there is nothing spare to take here.
  wheeled 1 notch(es) down the offers, from row 2 at (500, 313)
  row 1 offers 'Chaos Core' x1 at 745,000 (745,000/unit)

  buy from favourite slot 3: REFUSED
    #         ms   share  step
    1        0.4    0.0%  get_price: focus the game
    2      100.7   10.3%  get_price: _trade_window_open (OCR 1300x190)
    3      113.0   11.6%  get_price: purchase_tab_showing
    4      274.8   28.1%  get_price: read row 1 where it stands
    5      489.0   50.0%  get_price: search the favourite and read row 1
           977.9  100.0%  TOTAL
  row 1 holds 1 and 1 stays behind, so there is nothing spare to take here.
  wheeled 1 notch(es) down the offers, from row 2 at (500, 313)
  row 1 offers 'Chaos Core' x1 at 745,000 (745,000/unit)

  buy from favourite slot 3: REFUSED
    #         ms   share  step
    1        0.4    0.0%  get_price: focus the game
    2       96.7   10.2%  get_price: _trade_window_open (OCR 1300x190)
    3      110.4   11.6%  get_price: purchase_tab_showing
    4      266.2   28.1%  get_price: read row 1 where it stands
    5      473.8   50.0%  get_price: search the favourite and read row 1
           947.4  100.0%  TOTAL
  row 1 holds 1 and 1 stays behind, so there is nothing spare to take here.
  wheeled 1 notch(es) down the offers, from row 2 at (500, 313)
  row 1 offers 'Chaos Core' x1 at 745,087 (745,087/unit)

  buy from favourite slot 3: REFUSED
    #         ms   share  step
    1        0.5    0.1%  get_price: focus the game
    2       96.2   10.2%  get_price: _trade_window_open (OCR 1300x190)
    3      109.7   11.7%  get_price: purchase_tab_showing
    4      264.3   28.1%  get_price: read row 1 where it stands
    5      470.8   50.0%  get_price: search the favourite and read row 1
           941.4  100.0%  TOTAL
  row 1 holds 1 and 1 stays behind, so there is nothing spare to take here.
  wheeled 1 notch(es) down the offers, from row 2 at (500, 313)
  row 1 offers 'Chaos Core' x1 at 745,087 (745,087/unit)

  buy from favourite slot 3: REFUSED
    #         ms   share  step
    1        0.4    0.0%  get_price: focus the game
    2       99.4   10.3%  get_price: _trade_window_open (OCR 1300x190)
    3      110.1   11.5%  get_price: purchase_tab_showing
    4      270.8   28.2%  get_price: read row 1 where it stands
    5      480.8   50.0%  get_price: search the favourite and read row 1
           961.5  100.0%  TOTAL
  row 1 holds 1 and 1 stays behind, so there is nothing spare to take here.
  wheeled 1 notch(es) down the offers, from row 2 at (500, 313)
  row 1 offers 'Chaos Core' x1 at 745,087 (745,087/unit)

  buy from favourite slot 3: REFUSED
    #         ms   share  step
    1        0.4    0.0%  get_price: focus the game
    2       96.3   10.2%  get_price: _trade_window_open (OCR 1300x190)
    3      111.7   11.8%  get_price: purchase_tab_showing
    4      265.0   28.0%  get_price: read row 1 where it stands
    5      473.5   50.0%  get_price: search the favourite and read row 1
           947.0  100.0%  TOTAL
  row 1 holds 1 and 1 stays behind, so there is nothing spare to take here.
  wheeled 1 notch(es) down the offers, from row 2 at (500, 313)
  10 step(s) down with nothing spare; this order takes the row it is on whole, and the next one leaves 1 behind again
  row 1 offers 'Chaos Core' x1 at 745,700 (745,700/unit)
    balance before 1,545,522,322
    dialog: '¢ Chaos Core'  qty 1 of 1  price 745700
    2 core(s) wanted, 1 to a pack -> 2 pack(s); 1 available, taking 1
    the quantity field already reads 1; not retyping it
    ordering 1 pack(s) at 745,700; the spend will confirm what actually bought
    balance after  1,544,776,622; spent 745,700 bought 1 pack(s) = 1 core(s) (745,700 a core)

  buy from favourite slot 3: bought 1 core(s) in 1 order(s)
    #         ms   share  step
    1        0.4    0.0%  get_price: focus the game
    2       95.2    3.0%  get_price: _trade_window_open (OCR 1300x190)
    3      111.7    3.5%  get_price: purchase_tab_showing
    4      264.6    8.2%  get_price: read row 1 where it stands
    5      471.9   14.6%  get_price: search the favourite and read row 1
    6      310.3    9.6%  select inventory tab 4
    7       93.4    2.9%  read the balance before buying
    8      366.1   11.4%  click the row at (500, 258)
    9      310.0    9.6%  click Buy at (828, 258)
   10       87.2    2.7%  await the Purchase dialog
   11      293.2    9.1%  read the dialog (item, price, qty, qty_max)
   12       82.0    2.5%  find the Buy button
   13      309.2    9.6%  click Buy
   14      250.8    7.8%  park
   15       88.4    2.7%  confirm the dialog is gone
   16       88.6    2.7%  read the balance after buying
          3223.0  100.0%  TOTAL
  251 Chaos Core is 1 short of a whole batch of 3; topping up whatever the margin says, because a remainder crafts into nothing
  row 1 offers 'Chaos Core' x1 at 742,431 (742,431/unit)

  buy from favourite slot 3: REFUSED
    #         ms   share  step
    1        0.3    0.0%  get_price: focus the game
    2       96.2    1.9%  get_price: _trade_window_open (OCR 1300x190)
    3      110.3    2.2%  get_price: purchase_tab_showing
    4      162.9    3.3%  get_price: read row 1 before the search
    5      307.1    6.1%  get_price: click favourite slot 3
    6       85.1    1.7%  get_price: confirm the sort
    7     1728.9   34.5%  get_price: poll row 1 until it answers (10 read(s))
    8     2520.0   50.3%  get_price: search the favourite and read row 1
          5010.8  100.0%  TOTAL
  row 1 holds 1 and 1 stays behind, so there is nothing spare to take here.
  wheeled 1 notch(es) down the offers, from row 2 at (500, 313)
  row 1 offers 'Chaos Core' x1 at 743,085 (743,085/unit)

  buy from favourite slot 3: REFUSED
    #         ms   share  step
    1        0.4    0.0%  get_price: focus the game
    2       95.5   10.1%  get_price: _trade_window_open (OCR 1300x190)
    3      113.3   11.9%  get_price: purchase_tab_showing
    4      265.6   28.0%  get_price: read row 1 where it stands
    5      474.9   50.0%  get_price: search the favourite and read row 1
           949.7  100.0%  TOTAL
  row 1 holds 1 and 1 stays behind, so there is nothing spare to take here.
  wheeled 1 notch(es) down the offers, from row 2 at (500, 313)
  row 1 offers 'Chaos Core' x1 at 743,655 (743,655/unit)

  buy from favourite slot 3: REFUSED
    #         ms   share  step
    1        0.4    0.0%  get_price: focus the game
    2       97.8   10.3%  get_price: _trade_window_open (OCR 1300x190)
    3      113.4   11.9%  get_price: purchase_tab_showing
    4      264.1   27.8%  get_price: read row 1 where it stands
    5      475.8   50.0%  get_price: search the favourite and read row 1
           951.6  100.0%  TOTAL
  row 1 holds 1 and 1 stays behind, so there is nothing spare to take here.
  wheeled 1 notch(es) down the offers, from row 2 at (500, 313)
  row 1 offers 'Chaos Core' x1 at 743,655 (743,655/unit)

  buy from favourite slot 3: REFUSED
    #         ms   share  step
    1        0.4    0.0%  get_price: focus the game
    2       95.6   10.1%  get_price: _trade_window_open (OCR 1300x190)
    3      111.8   11.8%  get_price: purchase_tab_showing
    4      264.1   28.0%  get_price: read row 1 where it stands
    5      472.0   50.0%  get_price: search the favourite and read row 1
           943.9  100.0%  TOTAL
  row 1 holds 1 and 1 stays behind, so there is nothing spare to take here.
  wheeled 1 notch(es) down the offers, from row 2 at (500, 313)
  row 1 offers 'Chaos Core' x1 at 745,000 (745,000/unit)

  buy from favourite slot 3: REFUSED
    #         ms   share  step
    1        0.4    0.0%  get_price: focus the game
    2       97.1   10.2%  get_price: _trade_window_open (OCR 1300x190)
    3      112.5   11.9%  get_price: purchase_tab_showing
    4      263.6   27.8%  get_price: read row 1 where it stands
    5      473.8   50.0%  get_price: search the favourite and read row 1
           947.4  100.0%  TOTAL
  row 1 holds 1 and 1 stays behind, so there is nothing spare to take here.
  wheeled 1 notch(es) down the offers, from row 2 at (500, 313)
  row 1 offers 'Chaos Core' x1 at 745,000 (745,000/unit)

  buy from favourite slot 3: REFUSED
    #         ms   share  step
    1        0.6    0.1%  get_price: focus the game
    2       98.3   10.4%  get_price: _trade_window_open (OCR 1300x190)
    3      109.7   11.6%  get_price: purchase_tab_showing
    4      265.2   28.0%  get_price: read row 1 where it stands
    5      474.0   50.0%  get_price: search the favourite and read row 1
           947.9  100.0%  TOTAL
  row 1 holds 1 and 1 stays behind, so there is nothing spare to take here.
  wheeled 1 notch(es) down the offers, from row 2 at (500, 313)
  row 1 offers 'Chaos Core' x1 at 745,000 (745,000/unit)

  buy from favourite slot 3: REFUSED
    #         ms   share  step
    1        0.4    0.0%  get_price: focus the game
    2       98.3   10.1%  get_price: _trade_window_open (OCR 1300x190)
    3      113.4   11.7%  get_price: purchase_tab_showing
    4      272.2   28.1%  get_price: read row 1 where it stands
    5      484.3   50.0%  get_price: search the favourite and read row 1
           968.5  100.0%  TOTAL
  row 1 holds 1 and 1 stays behind, so there is nothing spare to take here.
  wheeled 1 notch(es) down the offers, from row 2 at (500, 313)
  row 1 offers 'Chaos Core' x1 at 745,087 (745,087/unit)

  buy from favourite slot 3: REFUSED
    #         ms   share  step
    1        0.5    0.1%  get_price: focus the game
    2      102.1   10.5%  get_price: _trade_window_open (OCR 1300x190)
    3      116.6   12.0%  get_price: purchase_tab_showing
    4      265.6   27.4%  get_price: read row 1 where it stands
    5      484.8   50.0%  get_price: search the favourite and read row 1
           969.5  100.0%  TOTAL
  row 1 holds 1 and 1 stays behind, so there is nothing spare to take here.
  wheeled 1 notch(es) down the offers, from row 2 at (500, 313)
  row 1 offers 'Chaos Core' x1 at 745,087 (745,087/unit)

  buy from favourite slot 3: REFUSED
    #         ms   share  step
    1        0.4    0.0%  get_price: focus the game
    2      101.1   10.3%  get_price: _trade_window_open (OCR 1300x190)
    3      117.7   12.0%  get_price: purchase_tab_showing
    4      271.9   27.7%  get_price: read row 1 where it stands
    5      491.3   50.0%  get_price: search the favourite and read row 1
           982.5  100.0%  TOTAL
  row 1 holds 1 and 1 stays behind, so there is nothing spare to take here.
  wheeled 1 notch(es) down the offers, from row 2 at (500, 313)
  row 1 offers 'Chaos Core' x1 at 745,087 (745,087/unit)

  buy from favourite slot 3: REFUSED
    #         ms   share  step
    1        0.5    0.0%  get_price: focus the game
    2      100.3   10.1%  get_price: _trade_window_open (OCR 1300x190)
    3      120.4   12.2%  get_price: purchase_tab_showing
    4      274.3   27.7%  get_price: read row 1 where it stands
    5      495.5   50.0%  get_price: search the favourite and read row 1
           991.0  100.0%  TOTAL
  row 1 holds 1 and 1 stays behind, so there is nothing spare to take here.
  wheeled 1 notch(es) down the offers, from row 2 at (500, 313)
  10 step(s) down with nothing spare; this order takes the row it is on whole, and the next one leaves 1 behind again
  row 1 offers 'Chaos Core' x1 at 745,700 (745,700/unit)
    balance before 1,544,776,622
    dialog: '¢ Chaos Core'  qty 1 of 1  price 745700
    1 core(s) wanted, 1 to a pack -> 1 pack(s); 1 available, taking 1
    the quantity field already reads 1; not retyping it
    ordering 1 pack(s) at 745,700; the spend will confirm what actually bought

  buy from favourite slot 3: REFUSED
    #         ms   share  step
    1        0.4    0.0%  get_price: focus the game
    2       99.5    1.6%  get_price: _trade_window_open (OCR 1300x190)
    3      115.3    1.8%  get_price: purchase_tab_showing
    4      272.7    4.3%  get_price: read row 1 where it stands
    5      488.1    7.7%  get_price: search the favourite and read row 1
    6      314.1    5.0%  select inventory tab 4
    7       96.3    1.5%  read the balance before buying
    8      361.6    5.7%  click the row at (500, 258)
    9      308.1    4.9%  click Buy at (828, 258)
   10       91.8    1.5%  await the Purchase dialog
   11      291.6    4.6%  read the dialog (item, price, qty, qty_max)
   12       83.2    1.3%  find the Buy button
   13      308.1    4.9%  click Buy
   14      250.7    4.0%  park
   15       93.6    1.5%  confirm the dialog is gone
   16     3046.0   48.2%  read the balance after buying
   17       93.7    1.5%  read the balance once more before calling it unbought
          6314.8  100.0%  TOTAL
  attempt 1/3: the balance never moved from 1,544,776,622, on two reads, so nothing was bought: row 1 went while the order was being placed. Trying the board again.
  wheeled 1 notch(es) down the offers, from row 2 at (500, 313)
  row 1 offers 'Chaos Core' x1 at 745,700 (745,700/unit)
    balance before 1,544,776,622
    dialog: '¢ Chaos Core'  qty 1 of 1  price 745700
    1 core(s) wanted, 1 to a pack -> 1 pack(s); 1 available, taking 1
    the quantity field already reads 1; not retyping it
    ordering 1 pack(s) at 745,700; the spend will confirm what actually bought
    balance after  1,544,030,922; spent 745,700 bought 1 pack(s) = 1 core(s) (745,700 a core)

  buy from favourite slot 3: bought 1 core(s) in 1 order(s)
    #         ms   share  step
    1        0.5    0.0%  get_price: focus the game
    2       99.4    3.0%  get_price: _trade_window_open (OCR 1300x190)
    3      117.2    3.6%  get_price: purchase_tab_showing
    4      270.0    8.3%  get_price: read row 1 where it stands
    5      487.2   14.9%  get_price: search the favourite and read row 1
    6      315.8    9.7%  select inventory tab 4
    7       98.1    3.0%  read the balance before buying
    8      358.2   11.0%  click the row at (500, 258)
    9      308.9    9.4%  click Buy at (828, 258)
   10       83.6    2.6%  await the Purchase dialog
   11      294.1    9.0%  read the dialog (item, price, qty, qty_max)
   12       85.5    2.6%  find the Buy button
   13      315.8    9.7%  click Buy
   14      250.9    7.7%  park
   15       92.2    2.8%  confirm the dialog is gone
   16       93.0    2.8%  read the balance after buying
          3270.3  100.0%  TOTAL
TASK {"kind": "resupply", "core": "Chaos Core", "set": "Chaos Core Set", "slot": 3, "tab": 4, "step": "craft", "holding": "Chaos Core", "qty": 252, "price": 0}
  Inventory shut; pressing I (attempt 1)
  right-clicking the craft key on tab 6 slot (1, 8) at (1871, 236) (attempt 1/3)
  opening the 2000-2999 tier at [90, 209]
  choosing Chaos Core Set x3 at [146, 268]
  252 Chaos Core(s) bought this pass, 3 to a craft
  Request All at [263, 730]
  waiting 30s for 252 core(s) (5s per 50, rounded up)
  Complete All at [872, 729]
  the Sets arrived in [(1, 1), (1, 2), (1, 3), (1, 4)]
  compressing tab 4 slot (1, 1) at (1479, 236)
  252 Chaos Core(s) went into the queue

  craft from 252 Chaos Core(s)
    #         ms   share  step
    1     2524.6    6.6%  open the craft window
    2     2449.5    6.4%  select the recipe
    3      310.0    0.8%  Request All
    4    30000.6   78.0%  wait for the queue
    5      918.2    2.4%  select inventory tab 4 before completing
    6       24.3    0.1%  read the slots before any Set arrives
    7      816.8    2.1%  Complete All
    8     1395.8    3.6%  compress the crafted Sets
         38439.9  100.0%  TOTAL
TASK {"kind": "resupply", "core": "Chaos Core", "set": "Chaos Core Set", "slot": 3, "tab": 4, "step": "list", "holding": "Chaos Core Set", "qty": 252, "price": 0}
  the Agent Shop is shut and the vendor is not open either; reopening it
  Inventory shut: slot grid 0.09, needs 0.33
  listing the Chaos Core Set compressed into (1, 1) from 252 Chaos Core(s)
  the board's cheapest is 750,685 a Set, and the panel scales that to whatever the bundle holds
  it cost 745,092 a Core, so no Set goes out under that
  inventory slot (1,1) at (1479, 236)
    read: current min 189,171,864, price field 189,171,864, net sales 189,171,864, week average 183,478,176, listed at unread
    the lowest listed price is 189,171,864, from the row and 2 more
  the panel prices the bundle at 189,171,864, 252 x 750,685; the floor is 187,763,184
    market 189,171,864, typing 189,171,863, 1 under the market
    net sales 189,171,863 is 1 x 189,171,863
  typed 250; the net sales make it 1
    the panel holds 189,171,863 against the 189,171,863 typed
  tab 4 read in 21 ms after the listing: 0 slot(s) held

  list 1 at 189,171,863
    #         ms   share  step
    1       18.5    0.3%  read the panel before loading
    2      815.4   14.3%  ctrl-click (1,1) attempt 1
    3      601.8   10.5%  read the suggested price
    4     1662.0   29.1%  type the price 189,171,863
    5      946.9   16.6%  type the quantity 250
    6      308.7    5.4%  take the quantity from the net sales
    7       96.2    1.7%  read the price back before Register
    8      314.4    5.5%  click Register
    9       99.7    1.7%  find Confirmation
   10       17.4    0.3%  look for the underprice question
   11      308.0    5.4%  click Confirmation
   12      250.9    4.4%  park
   13      237.9    4.2%  confirm the dialog is gone
   14       20.1    0.4%  wait for the panel to let the item go
   15       20.8    0.4%  read tab 4 after the listing
          5718.6  100.0%  TOTAL
  listed 1 at 189,171,863; it lands in row 14
    'Chaos Core Set' was bought at 745,092 a unit and listed against a verified 750,682; a row of it with no cost of its own is floored at 745,092 from now on
DONE {"kind": "resupply", "core": "Chaos Core", "bought": 252, "listed": 1, "rows": [14]}

  resupply Chaos Core: bought 252, 252 into the craft, listed 1 in rows [14]
    #          ms   share     n      each  phase
    1    38,466.1   34.3%     1  38,466.1  craft Chaos Core into Chaos Core Set
    2    11,824.0   10.5%     2   5,912.0  buy order 11
    3     8,636.6    7.7%     2   4,318.3  buy order 33
    4     5,725.1    5.1%     1   5,725.1  list Chaos Core Set from (1, 1)
    5     4,487.9    4.0%     1   4,487.9  reopen the Agent Shop
    6     2,761.6    2.5%     1   2,761.6  buy order 22
    7     2,530.2    2.3%     1   2,530.2  buy order 12
    8     2,527.1    2.3%     1   2,527.1  price Chaos Core
    9     2,520.9    2.2%     1   2,520.9  buy order 23
   10     2,272.4    2.0%     1   2,272.4  select the Register tab
   11     1,265.3    1.1%     1   1,265.3  buy order 1
   12     1,253.4    1.1%     1   1,253.4  close the Agent Shop
   13     1,250.9    1.1%     1   1,250.9  price Chaos Core Set
   14     1,114.9    1.0%     3     371.6  step down to the next offer (9)
   15     1,114.9    1.0%     3     371.6  step down to the next offer (10)
   16     1,114.8    1.0%     3     371.6  step down to the next offer (5)
   17     1,114.5    1.0%     3     371.5  step down to the next offer (8)
   18     1,114.4    1.0%     3     371.5  step down to the next offer (7)
   19     1,114.3    1.0%     3     371.4  step down to the next offer (3)
   20     1,114.3    1.0%     3     371.4  step down to the next offer (2)
   21     1,114.2    1.0%     3     371.4  step down to the next offer (1)
   22     1,113.8    1.0%     3     371.3  step down to the next offer (6)
   23     1,113.7    1.0%     3     371.2  step down to the next offer (4)
   24       912.6    0.8%     1     912.6  select inventory tab 4
   25       756.3    0.7%     1     756.3  close the craft window
   26       743.1    0.7%     2     371.5  step down to the next offer (11)
   27       516.3    0.5%     1     516.3  buy order 9
   28       504.5    0.4%     1     504.5  buy order 10
   29       499.1    0.4%     1     499.1  buy order 8
   30       496.3    0.4%     1     496.3  buy order 32
   31       493.9    0.4%     1     493.9  buy order 4
   32       492.7    0.4%     1     492.7  buy order 3
   33       492.0    0.4%     1     492.0  buy order 31
   34       489.7    0.4%     1     489.7  buy order 17
   35       488.4    0.4%     1     488.4  buy order 2
   36       488.0    0.4%     1     488.0  buy order 7
   37       486.5    0.4%     1     486.5  buy order 5
   38       485.8    0.4%     1     485.8  buy order 6
   39       485.7    0.4%     1     485.7  buy order 30
   40       485.0    0.4%     1     485.0  buy order 29
   41       481.5    0.4%     1     481.5  buy order 20
   42       480.5    0.4%     1     480.5  buy order 13
   43       478.0    0.4%     1     478.0  buy order 15
   44       477.3    0.4%     1     477.3  buy order 14
   45       476.6    0.4%     1     476.6  buy order 25
   46       475.8    0.4%     1     475.8  buy order 24
   47       474.8    0.4%     1     474.8  buy order 28
   48       474.7    0.4%     1     474.7  buy order 18
   49       474.6    0.4%     1     474.6  buy order 27
   50       474.5    0.4%     1     474.5  buy order 16
   51       474.3    0.4%     1     474.3  buy order 21
   52       472.8    0.4%     1     472.8  buy order 26
   53       471.6    0.4%     1     471.6  buy order 19
        112,168.0  100.0%
  Chaos Core: 3 of 3 row(s) after that one
  row 15 has SOLD (fully); collecting
    collected; row 15 is empty, nothing to relist
  a 'Chaos Core Set X 33' row sold and is collected; Chaos Core holds 2 row(s), pricing and resupplying it now, not on the next pass
  Chaos Core Set 750,682 - Chaos Core 742,431 = 8,251
  Alz 1,568,781,944 held covers 2,113 Chaos Core at 742,431; buying what it covers

-- Chaos Core: 2 row(s) --
  9 row(s) free inside 1-27
  Chaos Core Set 750,682 - Chaos Core 742,431 = 8,251
  a margin of 8,251 is worth 3 row(s) of Chaos Core; 2 held
  buy_min 150 rolled to 162 (+/-15); buying 162 in whole batches of 3
  1 stays behind on every row bought; an order 10 step(s) down with nothing spare takes the row it is on whole, and the next order leaves 1 behind again; each order prices the favourite afresh, then wheels down, up to 30 step(s)
  every order takes all of the row it lands on, up to 999 held, and the orders stop once 162 is held
TASK {"kind": "resupply", "core": "Chaos Core", "set": "Chaos Core Set", "slot": 3, "tab": 4}
  0/162 Chaos Core held
  row 1 offers 'Chaos Core' x3 at 742,431 (742,431/unit)
    row 1 leaves 8,251 a core against the 5,000 wanted
    balance before 1,568,781,944
    row 1 holds 3, 1 stays behind, so at most 2 comes off it
    dialog: '¢ Chaos Core'  qty 1 of 3  price 742431
    999 core(s) wanted, 1 to a pack -> 999 pack(s); 3 available, taking 2
    ordering 2 pack(s) at 1,484,862; the spend will confirm what actually bought
    balance after  1,567,297,082; spent 1,484,862 bought 2 pack(s) = 2 core(s) (742,431 a core)

  buy from favourite slot 3: bought 2 core(s) in 2 order(s)
    #         ms   share  step
    1        0.4    0.0%  get_price: focus the game
    2      104.0    1.7%  get_price: _trade_window_open (OCR 1300x190)
    3      121.0    2.0%  get_price: purchase_tab_showing
    4      177.5    2.9%  get_price: read row 1 before the search
    5      316.3    5.2%  get_price: click favourite slot 3
    6       94.7    1.5%  get_price: confirm the sort
    7      460.7    7.5%  get_price: poll row 1 until it answers (2 read(s))
    8     1299.9   21.2%  get_price: search the favourite and read row 1
    9      312.6    5.1%  select inventory tab 4
   10       98.5    1.6%  read the balance before buying
   11      363.2    5.9%  click the row at (500, 258)
   12      308.5    5.0%  click Buy at (828, 258)
   13       89.2    1.5%  await the Purchase dialog
   14      293.7    4.8%  read the dialog (item, price, qty, qty_max)
   15     1258.7   20.5%  click the quantity field and type 2
   16       84.4    1.4%  find the Buy button
   17      314.2    5.1%  click Buy
   18      250.8    4.1%  park
   19       89.7    1.5%  confirm the dialog is gone
   20       94.8    1.5%  read the balance after buying
          6132.7  100.0%  TOTAL
  2/162 Chaos Core held
  row 1 offers 'Chaos Core' x1 at 742,431 (742,431/unit)

  buy from favourite slot 3: REFUSED
    #         ms   share  step
    1        0.5    0.0%  get_price: focus the game
    2      100.5    2.1%  get_price: _trade_window_open (OCR 1300x190)
    3      116.2    2.4%  get_price: purchase_tab_showing
    4      167.7    3.5%  get_price: read row 1 before the search
    5      313.5    6.5%  get_price: click favourite slot 3
    6       90.0    1.9%  get_price: confirm the sort
    7     1608.2   33.4%  get_price: poll row 1 until it answers (9 read(s))
    8     2423.2   50.3%  get_price: search the favourite and read row 1
          4819.9  100.0%  TOTAL
  row 1 holds 1 and 1 stays behind, so there is nothing spare to take here.
  wheeled 1 notch(es) down the offers, from row 2 at (500, 313)
  row 1 offers 'Chaos Core' x1 at 742,431 (742,431/unit)

  buy from favourite slot 3: REFUSED
    #         ms   share  step
    1        0.4    0.0%  get_price: focus the game
    2       98.3   10.4%  get_price: _trade_window_open (OCR 1300x190)
    3      112.5   11.9%  get_price: purchase_tab_showing
    4      262.4   27.7%  get_price: read row 1 where it stands
    5      473.6   50.0%  get_price: search the favourite and read row 1
           947.2  100.0%  TOTAL
  row 1 holds 1 and 1 stays behind, so there is nothing spare to take here.
  wheeled 1 notch(es) down the offers, from row 2 at (500, 313)
  row 1 offers 'Chaos Core' x1 at 743,085 (743,085/unit)

  buy from favourite slot 3: REFUSED
    #         ms   share  step
    1        0.5    0.1%  get_price: focus the game
    2       98.0   10.4%  get_price: _trade_window_open (OCR 1300x190)
    3      111.4   11.8%  get_price: purchase_tab_showing
    4      262.6   27.8%  get_price: read row 1 where it stands
    5      472.6   50.0%  get_price: search the favourite and read row 1
           945.0  100.0%  TOTAL
  row 1 holds 1 and 1 stays behind, so there is nothing spare to take here.
  wheeled 1 notch(es) down the offers, from row 2 at (500, 313)
  row 1 offers 'Chaos Core' x1 at 743,655 (743,655/unit)

  buy from favourite slot 3: REFUSED
    #         ms   share  step
    1        0.4    0.0%  get_price: focus the game
    2       98.4   10.4%  get_price: _trade_window_open (OCR 1300x190)
    3      112.6   11.8%  get_price: purchase_tab_showing
    4      263.5   27.7%  get_price: read row 1 where it stands
    5      475.0   50.0%  get_price: search the favourite and read row 1
           949.8  100.0%  TOTAL
  row 1 holds 1 and 1 stays behind, so there is nothing spare to take here.
  wheeled 1 notch(es) down the offers, from row 2 at (500, 313)
  row 1 offers 'Chaos Core' x1 at 743,655 (743,655/unit)

  buy from favourite slot 3: REFUSED
    #         ms   share  step
    1        0.4    0.0%  get_price: focus the game
    2       96.9   10.2%  get_price: _trade_window_open (OCR 1300x190)
    3      111.5   11.8%  get_price: purchase_tab_showing
    4      265.1   28.0%  get_price: read row 1 where it stands
    5      473.9   50.0%  get_price: search the favourite and read row 1
           947.7  100.0%  TOTAL
  row 1 holds 1 and 1 stays behind, so there is nothing spare to take here.
  wheeled 1 notch(es) down the offers, from row 2 at (500, 313)
  row 1 offers 'Chaos Core' x1 at 745,000 (745,000/unit)

  buy from favourite slot 3: REFUSED
    #         ms   share  step
    1        0.4    0.0%  get_price: focus the game
    2       95.9   10.2%  get_price: _trade_window_open (OCR 1300x190)
    3      112.4   11.9%  get_price: purchase_tab_showing
    4      262.5   27.8%  get_price: read row 1 where it stands
    5      471.3   50.0%  get_price: search the favourite and read row 1
           942.5  100.0%  TOTAL
  row 1 holds 1 and 1 stays behind, so there is nothing spare to take here.
  wheeled 1 notch(es) down the offers, from row 2 at (500, 313)
  row 1 offers 'Chaos Core' x1 at 745,000 (745,000/unit)

  buy from favourite slot 3: REFUSED
    #         ms   share  step
    1        0.5    0.0%  get_price: focus the game
    2       98.1   10.1%  get_price: _trade_window_open (OCR 1300x190)
    3      111.5   11.5%  get_price: purchase_tab_showing
    4      276.0   28.4%  get_price: read row 1 where it stands
    5      486.3   50.0%  get_price: search the favourite and read row 1
           972.4  100.0%  TOTAL
  row 1 holds 1 and 1 stays behind, so there is nothing spare to take here.
  wheeled 1 notch(es) down the offers, from row 2 at (500, 313)
  row 1 offers 'Chaos Core' x1 at 745,000 (745,000/unit)

  buy from favourite slot 3: REFUSED
    #         ms   share  step
    1        0.4    0.0%  get_price: focus the game
    2      101.6   10.4%  get_price: _trade_window_open (OCR 1300x190)
    3      114.5   11.7%  get_price: purchase_tab_showing
    4      271.3   27.8%  get_price: read row 1 where it stands
    5      487.9   50.0%  get_price: search the favourite and read row 1
           975.7  100.0%  TOTAL
  row 1 holds 1 and 1 stays behind, so there is nothing spare to take here.
  wheeled 1 notch(es) down the offers, from row 2 at (500, 313)
  row 1 offers 'Chaos Core' x1 at 747,674 (747,674/unit)

  buy from favourite slot 3: REFUSED
    #         ms   share  step
    1        0.4    0.0%  get_price: focus the game
    2       98.0   10.3%  get_price: _trade_window_open (OCR 1300x190)
    3      114.3   12.0%  get_price: purchase_tab_showing
    4      264.5   27.7%  get_price: read row 1 where it stands
    5      477.2   50.0%  get_price: search the favourite and read row 1
           954.3  100.0%  TOTAL
  row 1 holds 1 and 1 stays behind, so there is nothing spare to take here.
  wheeled 1 notch(es) down the offers, from row 2 at (500, 313)
  row 1 offers 'Chaos Core' x71 at 749,315 (749,315/unit)

  buy from favourite slot 3: REFUSED
    #         ms   share  step
    1        0.5    0.1%  get_price: focus the game
    2       98.6   11.7%  get_price: _trade_window_open (OCR 1300x190)
    3      115.8   13.7%  get_price: purchase_tab_showing
    4      207.0   24.5%  get_price: read row 1 where it stands
    5      422.0   50.0%  get_price: search the favourite and read row 1
           843.9  100.0%  TOTAL
  stopping: row 1 asks 749,315 and the core sells at 750,682, a gap of 1,367 against the 5,000 wanted. Nothing bought.
  2 Chaos Core is 1 short of a whole batch of 3; topping up whatever the margin says, because a remainder crafts into nothing
  row 1 offers 'Chaos Core' x1 at 742,431 (742,431/unit)

  buy from favourite slot 3: REFUSED
    #         ms   share  step
    1        0.4    0.0%  get_price: focus the game
    2       99.2    4.1%  get_price: _trade_window_open (OCR 1300x190)
    3      116.3    4.8%  get_price: purchase_tab_showing
    4      103.5    4.3%  get_price: read row 1 before the search
    5      311.3   12.9%  get_price: click favourite slot 3
    6       91.4    3.8%  get_price: confirm the sort
    7      470.5   19.6%  get_price: poll row 1 until it answers (3 read(s))
    8     1212.6   50.4%  get_price: search the favourite and read row 1
          2405.1  100.0%  TOTAL
  row 1 holds 1 and 1 stays behind, so there is nothing spare to take here.
  wheeled 1 notch(es) down the offers, from row 2 at (500, 313)
  row 1 offers 'Chaos Core' x1 at 742,431 (742,431/unit)

  buy from favourite slot 3: REFUSED
    #         ms   share  step
    1        0.4    0.0%  get_price: focus the game
    2       96.5   10.1%  get_price: _trade_window_open (OCR 1300x190)
    3      115.8   12.1%  get_price: purchase_tab_showing
    4      264.8   27.7%  get_price: read row 1 where it stands
    5      477.7   50.0%  get_price: search the favourite and read row 1
           955.3  100.0%  TOTAL
  row 1 holds 1 and 1 stays behind, so there is nothing spare to take here.
  wheeled 1 notch(es) down the offers, from row 2 at (500, 313)
  row 1 offers 'Chaos Core' x1 at 743,085 (743,085/unit)

  buy from favourite slot 3: REFUSED
    #         ms   share  step
    1        0.4    0.0%  get_price: focus the game
    2       98.4   10.2%  get_price: _trade_window_open (OCR 1300x190)
    3      115.8   12.0%  get_price: purchase_tab_showing
    4      266.4   27.7%  get_price: read row 1 where it stands
    5      481.1   50.0%  get_price: search the favourite and read row 1
           962.0  100.0%  TOTAL
  row 1 holds 1 and 1 stays behind, so there is nothing spare to take here.
  wheeled 1 notch(es) down the offers, from row 2 at (500, 313)
  row 1 offers 'Chaos Core' x1 at 743,655 (743,655/unit)

  buy from favourite slot 3: REFUSED
    #         ms   share  step
    1        0.4    0.0%  get_price: focus the game
    2       97.4   10.3%  get_price: _trade_window_open (OCR 1300x190)
    3      113.0   12.0%  get_price: purchase_tab_showing
    4      261.2   27.7%  get_price: read row 1 where it stands
    5      472.0   50.0%  get_price: search the favourite and read row 1
           943.9  100.0%  TOTAL
  row 1 holds 1 and 1 stays behind, so there is nothing spare to take here.
  wheeled 1 notch(es) down the offers, from row 2 at (500, 313)
  row 1 offers 'Chaos Core' x1 at 743,655 (743,655/unit)

  buy from favourite slot 3: REFUSED
    #         ms   share  step
    1        0.5    0.1%  get_price: focus the game
    2       98.8   10.4%  get_price: _trade_window_open (OCR 1300x190)
    3      113.5   12.0%  get_price: purchase_tab_showing
    4      261.3   27.6%  get_price: read row 1 where it stands
    5      474.2   50.0%  get_price: search the favourite and read row 1
           948.4  100.0%  TOTAL
  row 1 holds 1 and 1 stays behind, so there is nothing spare to take here.
  wheeled 1 notch(es) down the offers, from row 2 at (500, 313)
  row 1 offers 'Chaos Core' x1 at 745,000 (745,000/unit)

  buy from favourite slot 3: REFUSED
    #         ms   share  step
    1        0.4    0.0%  get_price: focus the game
    2       99.9   10.4%  get_price: _trade_window_open (OCR 1300x190)
    3      114.0   11.9%  get_price: purchase_tab_showing
    4      263.8   27.6%  get_price: read row 1 where it stands
    5      478.1   50.0%  get_price: search the favourite and read row 1
           956.2  100.0%  TOTAL
  row 1 holds 1 and 1 stays behind, so there is nothing spare to take here.
  wheeled 1 notch(es) down the offers, from row 2 at (500, 313)
  row 1 offers 'Chaos Core' x1 at 745,000 (745,000/unit)

  buy from favourite slot 3: REFUSED
    #         ms   share  step
    1        0.4    0.0%  get_price: focus the game
    2      100.0   10.5%  get_price: _trade_window_open (OCR 1300x190)
    3      114.7   12.0%  get_price: purchase_tab_showing
    4      262.3   27.5%  get_price: read row 1 where it stands
    5      477.6   50.0%  get_price: search the favourite and read row 1
           955.0  100.0%  TOTAL
  row 1 holds 1 and 1 stays behind, so there is nothing spare to take here.
  wheeled 1 notch(es) down the offers, from row 2 at (500, 313)
  row 1 offers 'Chaos Core' x1 at 745,000 (745,000/unit)

  buy from favourite slot 3: REFUSED
    #         ms   share  step
    1        0.4    0.0%  get_price: focus the game
    2       99.5   10.3%  get_price: _trade_window_open (OCR 1300x190)
    3      116.2   12.0%  get_price: purchase_tab_showing
    4      268.3   27.7%  get_price: read row 1 where it stands
    5      484.5   50.0%  get_price: search the favourite and read row 1
           968.8  100.0%  TOTAL
  row 1 holds 1 and 1 stays behind, so there is nothing spare to take here.
  wheeled 1 notch(es) down the offers, from row 2 at (500, 313)
  row 1 offers 'Chaos Core' x1 at 747,674 (747,674/unit)

  buy from favourite slot 3: REFUSED
    #         ms   share  step
    1        0.4    0.0%  get_price: focus the game
    2       96.8   10.3%  get_price: _trade_window_open (OCR 1300x190)
    3      110.5   11.7%  get_price: purchase_tab_showing
    4      262.8   27.9%  get_price: read row 1 where it stands
    5      470.7   50.0%  get_price: search the favourite and read row 1
           941.3  100.0%  TOTAL
  row 1 holds 1 and 1 stays behind, so there is nothing spare to take here.
  wheeled 1 notch(es) down the offers, from row 2 at (500, 313)
  row 1 offers 'Chaos Core' x71 at 749,315 (749,315/unit)
    balance before 1,567,297,082
    row 1 holds 71, 1 stays behind, so at most 70 comes off it
    dialog: '¢ Chaos Core'  qty 1 of 71  price 749315
    1 core(s) wanted, 1 to a pack -> 1 pack(s); 71 available, taking 1
    the quantity field already reads 1; not retyping it
    ordering 1 pack(s) at 749,315; the spend will confirm what actually bought
    balance after  1,566,547,767; spent 749,315 bought 1 pack(s) = 1 core(s) (749,315 a core)

  buy from favourite slot 3: bought 1 core(s) in 1 order(s)
    #         ms   share  step
    1        0.4    0.0%  get_price: focus the game
    2       98.8    3.2%  get_price: _trade_window_open (OCR 1300x190)
    3      114.3    3.7%  get_price: purchase_tab_showing
    4      209.1    6.7%  get_price: read row 1 where it stands
    5      422.7   13.5%  get_price: search the favourite and read row 1
    6      312.7   10.0%  select inventory tab 4
    7       94.7    3.0%  read the balance before buying
    8      359.6   11.5%  click the row at (500, 258)
    9      308.1    9.9%  click Buy at (828, 258)
   10       86.7    2.8%  await the Purchase dialog
   11      294.3    9.4%  read the dialog (item, price, qty, qty_max)
   12       85.7    2.7%  find the Buy button
   13      307.6    9.8%  click Buy
   14      250.8    8.0%  park
   15       89.3    2.9%  confirm the dialog is gone
   16       92.9    3.0%  read the balance after buying
          3127.4  100.0%  TOTAL
TASK {"kind": "resupply", "core": "Chaos Core", "set": "Chaos Core Set", "slot": 3, "tab": 4, "step": "craft", "holding": "Chaos Core", "qty": 3, "price": 0}
  Inventory shut; pressing I (attempt 1)
  right-clicking the craft key on tab 6 slot (1, 8) at (1871, 236) (attempt 1/3)
  opening the 2000-2999 tier at [90, 209]
  choosing Chaos Core Set x3 at [146, 268]
  3 Chaos Core(s) bought this pass, 3 to a craft
  Request All at [263, 730]
  waiting 5s for 3 core(s) (5s per 50, rounded up)
  Complete All at [872, 729]
  the Sets arrived in [(1, 1)]
  compressing tab 4 slot (1, 1) at (1479, 236)
  3 Chaos Core(s) went into the queue

  craft from 3 Chaos Core(s)
    #         ms   share  step
    1     2375.6   17.9%  open the craft window
    2     2433.4   18.3%  select the recipe
    3      309.9    2.3%  Request All
    4     5001.0   37.7%  wait for the queue
    5      912.8    6.9%  select inventory tab 4 before completing
    6       20.4    0.2%  read the slots before any Set arrives
    7      812.2    6.1%  Complete All
    8     1396.5   10.5%  compress the crafted Sets
         13261.9  100.0%  TOTAL
TASK {"kind": "resupply", "core": "Chaos Core", "set": "Chaos Core Set", "slot": 3, "tab": 4, "step": "list", "holding": "Chaos Core Set", "qty": 3, "price": 0}
  the Agent Shop is shut and the vendor is not open either; reopening it
  listing the Chaos Core Set compressed into (1, 1) from 3 Chaos Core(s)
  the board's cheapest is 750,682 a Set, and the panel scales that to whatever the bundle holds
  it cost 744,726 a Core, so no Set goes out under that
  inventory slot (1,1) at (1479, 236)
    read: current min 2,252,043, price field 2,252,043, net sales 2,252,043, week average 2,184,264, listed at unread
    the lowest listed price is 2,252,043, from the row and 2 more
  the panel prices the bundle at 2,252,043, 3 x 750,682; the floor is 2,234,178
    market 2,252,043, typing 2,252,042, 1 under the market
    net sales 2,252,042 is 1 x 2,252,042
  typed 250; the net sales make it 1
    the panel holds 2,252,042 against the 2,252,042 typed
  tab 4 read in 21 ms after the listing: 0 slot(s) held

  list 1 at 2,252,042
    #         ms   share  step
    1       18.0    0.3%  read the panel before loading
    2      811.3   14.7%  ctrl-click (1,1) attempt 1
    3      576.4   10.5%  read the suggested price
    4     1511.8   27.5%  type the price 2,252,042
    5      946.8   17.2%  type the quantity 250
    6      305.6    5.6%  take the quantity from the net sales
    7       89.2    1.6%  read the price back before Register
    8      309.5    5.6%  click Register
    9       91.1    1.7%  find Confirmation
   10       17.8    0.3%  look for the underprice question
   11      307.4    5.6%  click Confirmation
   12      250.7    4.6%  park
   13      229.6    4.2%  confirm the dialog is gone
   14       16.3    0.3%  wait for the panel to let the item go
   15       20.7    0.4%  read tab 4 after the listing
          5502.4  100.0%  TOTAL
  listed 1 at 2,252,042; it lands in row 15
    'Chaos Core Set' was bought at 744,726 a unit and listed against a verified 750,681; a row of it with no cost of its own is floored at 744,726 from now on
DONE {"kind": "resupply", "core": "Chaos Core", "bought": 3, "listed": 1, "rows": [15]}

  resupply Chaos Core: bought 3, 3 into the craft, listed 1 in rows [15]
    #          ms   share     n      each  phase
    1    13,283.8   23.1%     1  13,283.8  craft Chaos Core into Chaos Core Set
    2     5,508.3    9.6%     1   5,508.3  list Chaos Core Set from (1, 1)
    3     4,879.7    8.5%     1   4,879.7  buy order 1
    4     3,769.0    6.6%     1   3,769.0  reopen the Agent Shop
    5     2,724.4    4.7%     1   2,724.4  buy order 21
    6     2,550.2    4.4%     1   2,550.2  price Chaos Core
    7     2,424.2    4.2%     1   2,424.2  buy order 2
    8     2,268.1    3.9%     1   2,268.1  select the Register tab
    9     1,259.2    2.2%     1   1,259.2  price Chaos Core Set
   10     1,227.5    2.1%     1   1,227.5  close the Agent Shop
   11     1,213.5    2.1%     1   1,213.5  buy order 12
   12       908.6    1.6%     1     908.6  select inventory tab 4
   13       751.1    1.3%     1     751.1  close the craft window
   14       743.5    1.3%     2     371.7  step down to the next offer (3)
   15       743.3    1.3%     2     371.6  step down to the next offer (4)
   16       743.3    1.3%     2     371.6  step down to the next offer (5)
   17       743.1    1.3%     2     371.5  step down to the next offer (7)
   18       743.0    1.3%     2     371.5  step down to the next offer (1)
   19       743.0    1.3%     2     371.5  step down to the next offer (9)
   20       743.0    1.3%     2     371.5  step down to the next offer (2)
   21       742.9    1.3%     2     371.4  step down to the next offer (8)
   22       742.4    1.3%     2     371.2  step down to the next offer (6)
   23       488.7    0.8%     1     488.7  buy order 9
   24       487.0    0.8%     1     487.0  buy order 8
   25       485.3    0.8%     1     485.3  buy order 19
   26       481.8    0.8%     1     481.8  buy order 14
   27       478.9    0.8%     1     478.9  buy order 17
   28       478.5    0.8%     1     478.5  buy order 13
   29       478.3    0.8%     1     478.3  buy order 18
   30       478.0    0.8%     1     478.0  buy order 10
   31       475.7    0.8%     1     475.7  buy order 5
   32       475.1    0.8%     1     475.1  buy order 16
   33       474.7    0.8%     1     474.7  buy order 6
   34       474.4    0.8%     1     474.4  buy order 3
   35       473.4    0.8%     1     473.4  buy order 4
   36       472.8    0.8%     1     472.8  buy order 15
   37       472.0    0.8%     1     472.0  buy order 7
   38       471.4    0.8%     1     471.4  buy order 20
   39       422.9    0.7%     1     422.9  buy order 11
         57,524.0  100.0%
  Chaos Core: 3 of 3 row(s) after that one
  tab 4 known from the last listing: 0 slot(s) held
  row 16: 'Force Core(Highest' x250 at 199,708 -> tab 4 slot (1, 1)
    floor 193,478 (193,478 x 1) from Force Core Set (Highest) as last bought; listed at 199,708, above it
TASK {"kind": "relist", "row": 16, "item": "Force Core(Highest", "qty": 250, "price": 199708, "tab": 4, "slot": [1, 1], "lands_in": 16}
  inventory slot (1,1) at (1479, 236)
    read: current min 199,698, price field 199,698, net sales 199,698, week average 213,123, listed at 199,708
    the lowest listed price is 199,698, from the row and 3 more
    market 199,698, typing 199,697, 1 under the market
    net sales 49,924,250 is 250 x 199,697
  typed 250; the net sales make it 250
    the panel holds 199,697 against the 199,697 typed
  tab 4 read in 21 ms after the listing: 0 slot(s) held

  list 250 at 199,697
    #         ms   share  step
    1       20.4    0.4%  read the panel before loading
    2       15.6    0.3%  wait for slot (1,1) to fill
    3      807.5   14.6%  ctrl-click (1,1) attempt 1
    4      646.8   11.7%  read the suggested price
    5     1442.0   26.1%  type the price 199,697
    6      946.0   17.1%  type the quantity 250
    7      303.1    5.5%  take the quantity from the net sales
    8       92.5    1.7%  read the price back before Register
    9      308.2    5.6%  click Register
   10       89.8    1.6%  find Confirmation
   11       19.1    0.3%  look for the underprice question
   12      307.7    5.6%  click Confirmation
   13      250.9    4.5%  park
   14      230.3    4.2%  confirm the dialog is gone
   15       18.5    0.3%  wait for the panel to let the item go
   16       20.9    0.4%  read tab 4 after the listing
          5519.4  100.0%  TOTAL
  listed 250 at 199,697; it lands in row 16
DONE {"kind": "relist", "row": 16, "lands_in": 16, "qty": 250, "price": 199697, "item": "Force Core(Highest"}
    relisted 250 at 199,697 in row 16
  tab 4 known from the last listing: 0 slot(s) held
  row 17: 'Arionell' x1 at 312,185,712 -> tab 4 slot (1, 1)
    floor 281,047,170 from what it cost; listed at 312,185,712, above it
TASK {"kind": "relist", "row": 17, "item": "Arionell", "qty": 1, "price": 312185712, "tab": 4, "slot": [1, 1], "lands_in": 17}
  inventory slot (1,1) at (1479, 236)
    read: current min 312,185,714, price field 312,185,714, net sales 312,185,714, week average 315,560,317, listed at 312,185,712
    the lowest listed price is 312,185,714, from the row and 3 more
    market 312,185,714, typing 312,185,713, 1 under the market
    net sales 312,185,713 is 1 x 312,185,713
  typed 250; the net sales make it 1
    the panel holds 312,185,713 against the 312,185,713 typed
  tab 4 read in 24 ms after the listing: 0 slot(s) held

  list 1 at 312,185,713
    #         ms   share  step
    1       20.5    0.4%  read the panel before loading
    2       14.6    0.3%  wait for slot (1,1) to fill
    3      810.8   14.2%  ctrl-click (1,1) attempt 1
    4      598.1   10.5%  read the suggested price
    5     1654.8   29.0%  type the price 312,185,713
    6      945.5   16.6%  type the quantity 250
    7      305.7    5.4%  take the quantity from the net sales
    8       96.5    1.7%  read the price back before Register
    9      315.1    5.5%  click Register
   10       99.2    1.7%  find Confirmation
   11       17.6    0.3%  look for the underprice question
   12      307.4    5.4%  click Confirmation
   13      250.9    4.4%  park
   14      230.8    4.0%  confirm the dialog is gone
   15       19.9    0.3%  wait for the panel to let the item go
   16       23.7    0.4%  read tab 4 after the listing
          5711.2  100.0%  TOTAL
  listed 1 at 312,185,713; it lands in row 17
DONE {"kind": "relist", "row": 17, "lands_in": 17, "qty": 1, "price": 312185713, "item": "Arionell"}
    relisted 1 at 312,185,713 in row 17
  tab 4 known from the last listing: 0 slot(s) held
  row 18: 'Chaos Core Set X 291' x1 at 218,450,498 -> tab 4 slot (1, 1)
    floor 216,795,291 (745,001 x 291) from what it cost; listed at 218,450,498, above it
TASK {"kind": "relist", "row": 18, "item": "Chaos Core Set X 291", "qty": 1, "price": 218450498, "tab": 4, "slot": [1, 1], "lands_in": 18}
  inventory slot (1,1) at (1479, 236)
    read: current min 218,447,880, price field 218,447,880, net sales 218,447,880, week average 211,873,608, listed at 218,450,498
    the lowest listed price is 218,447,880, from the row and 3 more
    market 218,447,880, typing 218,447,879, 1 under the market
    net sales 218,447,879 is 1 x 218,447,879
  typed 250; the net sales make it 1
    the panel holds 218,447,879 against the 218,447,879 typed
  tab 4 read in 20 ms after the listing: 0 slot(s) held

  list 1 at 218,447,879
    #         ms   share  step
    1       20.2    0.4%  read the panel before loading
    2       18.1    0.3%  wait for slot (1,1) to fill
    3      814.7   14.3%  ctrl-click (1,1) attempt 1
    4      599.2   10.5%  read the suggested price
    5     1662.1   29.1%  type the price 218,447,879
    6      944.7   16.5%  type the quantity 250
    7      308.3    5.4%  take the quantity from the net sales
    8       94.2    1.6%  read the price back before Register
    9      311.1    5.4%  click Register
   10       95.1    1.7%  find Confirmation
   11       17.7    0.3%  look for the underprice question
   12      309.0    5.4%  click Confirmation
   13      250.9    4.4%  park
   14      230.5    4.0%  confirm the dialog is gone
   15       17.3    0.3%  wait for the panel to let the item go
   16       19.9    0.3%  read tab 4 after the listing
          5712.9  100.0%  TOTAL
  listed 1 at 218,447,879; it lands in row 18
DONE {"kind": "relist", "row": 18, "lands_in": 18, "qty": 1, "price": 218447879, "item": "Chaos Core Set X 291"}
    relisted 1 at 218,447,879 in row 18
  row 19 is empty; nothing to relist
  row 20 is empty; nothing to relist
  row 21 is empty; nothing to relist
  tab 4 known from the last listing: 0 slot(s) held
  row 22: 'Force Core(Highest' x250 at 199,713 -> tab 4 slot (1, 1)
    floor 193,478 (193,478 x 1) from Force Core Set (Highest) as last bought; listed at 199,713, above it
    rows [19, 20, 21] are empty, so it will come back in row 19
TASK {"kind": "relist", "row": 22, "item": "Force Core(Highest", "qty": 250, "price": 199713, "tab": 4, "slot": [1, 1], "lands_in": 19}
  inventory slot (1,1) at (1479, 236)
    read: current min 199,697, price field 199,697, net sales 199,697, week average 213,123, listed at 199,713
    the lowest listed price is 199,697, from the row and 3 more
    market 199,697, typing 199,696, 1 under the market
    net sales 49,924,000 is 250 x 199,696
  typed 250; the net sales make it 250
    the panel holds 199,696 against the 199,696 typed
  tab 4 read in 24 ms after the listing: 0 slot(s) held

  list 250 at 199,696
    #         ms   share  step
    1       20.8    0.4%  read the panel before loading
    2       16.8    0.3%  wait for slot (1,1) to fill
    3      810.4   14.6%  ctrl-click (1,1) attempt 1
    4      652.3   11.8%  read the suggested price
    5     1440.4   26.0%  type the price 199,696
    6      946.6   17.1%  type the quantity 250
    7      302.1    5.4%  take the quantity from the net sales
    8       94.5    1.7%  read the price back before Register
    9      307.3    5.5%  click Register
   10       94.0    1.7%  find Confirmation
   11       19.2    0.3%  look for the underprice question
   12      308.4    5.6%  click Confirmation
   13      250.8    4.5%  park
   14      240.4    4.3%  confirm the dialog is gone
   15       19.3    0.3%  wait for the panel to let the item go
   16       23.9    0.4%  read tab 4 after the listing
          5547.2  100.0%  TOTAL
  listed 250 at 199,696; it lands in row 19
DONE {"kind": "relist", "row": 22, "lands_in": 19, "qty": 250, "price": 199696, "item": "Force Core(Highest"}
    relisted 250 at 199,696 in row 19
  row 23 is empty; nothing to relist
  row 24 is empty; nothing to relist
  row 25 is empty; nothing to relist
  row 26 is empty; nothing to relist
  row 27 is empty; nothing to relist

  relisting rows 1-27: 17 relisted, 10 empty, 0 skipped
    #          ms   share     n      each  phase
    1    22,514.8   19.6%     4   5,628.7  list it back
    2    14,966.1   13.0%     4   3,741.5  cancel the row and take it back
    3    13,283.8   11.6%     1  13,283.8  craft Chaos Core into Chaos Core Set
    4    11,305.3    9.8%    12     942.1  scroll to the row and read it
    5     5,508.3    4.8%     1   5,508.3  list Chaos Core Set from (1, 1)
    6     5,147.5    4.5%     5   1,029.5  select inventory tab 4
    7     4,879.7    4.2%     1   4,879.7  buy order 1
    8     4,357.7    3.8%    12     363.1  Refresh the table
    9     3,769.0    3.3%     1   3,769.0  reopen the Agent Shop
   10     2,724.4    2.4%     1   2,724.4  buy order 21
   11     2,550.2    2.2%     1   2,550.2  price Chaos Core
   12     2,424.2    2.1%     1   2,424.2  buy order 2
   13     2,268.1    2.0%     1   2,268.1  select the Register tab
   14     1,259.2    1.1%     1   1,259.2  price Chaos Core Set
   15     1,227.5    1.1%     1   1,227.5  close the Agent Shop
   16     1,213.5    1.1%     1   1,213.5  buy order 12
   17       751.1    0.7%     1     751.1  close the craft window
   18       743.5    0.6%     2     371.7  step down to the next offer (3)
   19       743.3    0.6%     2     371.6  step down to the next offer (4)
   20       743.3    0.6%     2     371.6  step down to the next offer (5)
   21       743.1    0.6%     2     371.5  step down to the next offer (7)
   22       743.0    0.6%     2     371.5  step down to the next offer (1)
   23       743.0    0.6%     2     371.5  step down to the next offer (9)
   24       743.0    0.6%     2     371.5  step down to the next offer (2)
   25       742.9    0.6%     2     371.4  step down to the next offer (8)
   26       742.4    0.6%     2     371.2  step down to the next offer (6)
   27       488.7    0.4%     1     488.7  buy order 9
   28       487.0    0.4%     1     487.0  buy order 8
   29       485.3    0.4%     1     485.3  buy order 19
   30       481.8    0.4%     1     481.8  buy order 14
   31       478.9    0.4%     1     478.9  buy order 17
   32       478.5    0.4%     1     478.5  buy order 13
   33       478.3    0.4%     1     478.3  buy order 18
   34       478.0    0.4%     1     478.0  buy order 10
   35       475.7    0.4%     1     475.7  buy order 5
   36       475.1    0.4%     1     475.1  buy order 16
   37       474.7    0.4%     1     474.7  buy order 6
   38       474.4    0.4%     1     474.4  buy order 3
   39       473.4    0.4%     1     473.4  buy order 4
   40       472.8    0.4%     1     472.8  buy order 15
   41       472.0    0.4%     1     472.0  buy order 7
   42       471.4    0.4%     1     471.4  buy order 20
   43       422.9    0.4%     1     422.9  buy order 11
   44        68.1    0.1%     4      17.0  check the shop slot is empty
        114,974.8  100.0%

  returning the game to its default state
restoring the default state:
  Escape: window closed
  Inventory already closed
  the gift box at [284, 994]
  Receive All at [1209, 786]
  Receive 1 of 4 at [1214, 327]
  Receive 2 of 4 at [1214, 425]
  Receive 3 of 4 at [1214, 523]
  Receive 4 of 4 at [1214, 621]
  the special giftbox's Receive at [1438, 492]
  Close at [1483, 846]
  took 4 gift(s)
  the Agent Shop is shut and the vendor is not open either; reopening it
  Inventory shut: slot grid 0.09, needs 0.33

  board after pass 1:
                                                   bought/u   listed/u  margin      row price
     1  Blessing Bead - Superior           x1    163,756,817 169,999,998   +3.7%    169,999,998
     2  Armor Account bind Unseal Stone    x1    187,364,780 187,364,780   +0.0%    187,364,780
     3  Armor Account bind Seal Stone      x2    187,364,780 187,364,780   +0.0%    187,364,780
     4  Force Core (Ultimate               x9             -    359,989       -        359,989
     5  Astral Core(Palladium) X 127       x6             -      1,532       -        194,690
     6  Force Core (Ultimate               x5             -    359,988       -        359,988
     7  Force Core(High                    x73            -    185,930       -        185,930
     8  Force Core(High                    x117           -    185,930       -        185,930
     9  Wexp Saver                         x1             - 65,950,000       -     65,950,000
    10  Chaos Core                         x1       745,000    742,431   -0.3%        742,431
    11  Force Core(High                    x101           -    185,930       -        185,930
    12  Force Core (Ultimate               x250           -    359,987       -        359,987
    13  Force Core (Ultimate               x48            -    359,986       -        359,986
    14  Chaos Core Set                     x1       745,092    750,681   +0.7%    189,171,863
    15  Chaos Core Set                     x1       744,726    750,680   +0.8%      2,252,042
    16  Force Core(Highest                 x250           -    199,697       -        199,697
    17  Arionell                           x1    281,047,170 312,185,713  +10.0%    312,185,713
    18  Chaos Core Set X 291               x1       745,001    750,679   +0.8%    218,447,879
    19  Force Core(Highest                 x250           -    199,696       -        199,696
    28  Palladium Shoes (DM) Lalla         x1             -  1,220,000       -      1,220,000
    29  Palladium Suit (DM) + 1 Lalla      x1             - 33,000,000       -     33,000,000
    30  Palladium Gauntlet(WA) Lalla       x1             -  1,499,990       -      1,499,990
    item                               rows   units          listed
    Arionell                              1       1     312,185,713
    Armor Account bind Seal Stone         1       2     374,729,560
    Armor Account bind Unseal Stone       1       1     187,364,780
    Astral Core(Palladium)                1     762       1,168,140
    Blessing Bead - Superior              1       1     169,999,998
    Chaos Core                            1       1         742,431
    Chaos Core Set                        3     546     409,871,784
    Force Core (Ultimate                  4     312     112,315,919
    Force Core(High                       3     291      54,105,630
    Force Core(Highest                    2     500      99,848,250
    Palladium Gauntlet(WA) Lalla          1       1       1,499,990
    Palladium Shoes (DM) Lalla            1       1       1,220,000
    Palladium Suit (DM) + 1 Lalla         1       1      33,000,000
    Wexp Saver                            1       1      65,950,000
    board                                22   2,421   1,824,002,195
    balance now 1,566,547,767
  pass 1: 17 relisted, 10 empty, 0 skipped; 9991.5 minute(s) left

-- pass 2 --

  resupply order: Chaos Core, Force Core(High), Force Core(Highest), Upgrade Core (Ultimate), Force Core (Ultimate), Armor Account bind Unseal Stone, Armor Account bind Seal Stone, Blessing Bead - Superior

-- Chaos Core Set under our listing: up to 3 row(s) --
  Chaos Core Set 750,679 - Chaos Core 742,431 = 8,248
  ours is listed at 750,679 a Set and a Chaos Core sells at 742,431; buying every Set under 737,431, 5,000 a Set below the lower of the two
  the cheapest Chaos Core Set is 750,679 a Set, not under 737,431; nothing to buy under ours

  counting only rows 1-27; rows outside it are not repriced and do not count; 8 row(s) free
  core                            rows     buy/u    sell/u    margin  wants   short?
  Force Core(Highest)                2   195,749   199,696     3,947      0   
  Chaos Core                         3   742,431   750,679     8,248      3   
  Force Core (Ultimate)              4         -         -         -      -   holds the most it can want, 3; not priced
  Force Core(High)                   3         -         -         -      -   holds the most it can want, 3; not priced
  Upgrade Core (Ultimate)            0   456,521   449,779    -6,742      0   

  nothing inside rows 1-27 holds fewer rows than its margin is worth.

  Armor Account bind Unseal Stone: 1 row(s) inside 1-27, 1 wanted; row 2 'Armor Account bind Unseal Stone'
    floor 187,364,780: 500/1000 of the 374,729,560 voucher, read at launch

  Armor Account bind Seal Stone: 1 row(s) inside 1-27, 1 wanted; row 3 'Armor Account bind Seal Stone'
    floor 187,364,780: 500/1000 of the 374,729,560 voucher, read at launch

  Blessing Bead - Superior: 1 row(s) inside 1-27, 1 wanted; row 1 'Blessing Bead - Superior'
    floor 163,756,817: 437/1000 of the 374,729,560 voucher, read at launch
    the quantity column read 'Superior', which holds no digits, so it is the end of the name and not a count; reading the row as 'Blessing Bead - Superior' and letting the panel count what is there
    one line read 'aa 1 169,999,998 OnSale Change'; read as stacked lines it is 'Blessing Bead - Superior 169,999,998 OnSale Change'
  tab 4 read from the screen in 1525 ms: 0 slot(s) held
  row 1: 'Blessing Bead - Superior' x1 at 169,999,998 -> tab 4 slot (1, 1)
    floor 163,756,817 from what it cost; listed at 169,999,998, above it
TASK {"kind": "relist", "row": 1, "item": "Blessing Bead - Superior", "qty": 1, "price": 169999998, "tab": 4, "slot": [1, 1], "lands_in": 1}
  inventory slot (1,1) at (1479, 236)
    read: current min 169,999,999, price field 169,999,999, net sales 169,999,999, week average 192,063,448, listed at 169,999,998
    the lowest listed price is 169,999,999, from the row and 3 more
    market 169,999,999, typing 169,999,998, 1 under the market
    net sales 169,999,998 is 1 x 169,999,998
  typed 250; the net sales make it 1
    the panel holds 169,999,998 against the 169,999,998 typed
  tab 4 read in 21 ms after the listing: 0 slot(s) held

  list 1 at 169,999,998
    #         ms   share  step
    1       18.0    0.3%  read the panel before loading
    2       18.0    0.3%  wait for slot (1,1) to fill
    3      813.0   14.3%  ctrl-click (1,1) attempt 1
    4      580.5   10.2%  read the suggested price
    5     1650.5   29.1%  type the price 169,999,998
    6      943.2   16.6%  type the quantity 250
    7      307.5    5.4%  take the quantity from the net sales
    8       91.2    1.6%  read the price back before Register
    9      306.5    5.4%  click Register
   10       89.9    1.6%  find Confirmation
   11       19.2    0.3%  look for the underprice question
   12      309.1    5.5%  click Confirmation
   13      250.9    4.4%  park
   14      233.9    4.1%  confirm the dialog is gone
   15       17.7    0.3%  wait for the panel to let the item go
   16       20.9    0.4%  read tab 4 after the listing
          5669.9  100.0%  TOTAL
  listed 1 at 169,999,998; it lands in row 1
DONE {"kind": "relist", "row": 1, "lands_in": 1, "qty": 1, "price": 169999998, "item": "Blessing Bead - Superior"}
    relisted 1 at 169,999,998 in row 1
  tab 4 known from the last listing: 0 slot(s) held
  row 2: 'Armor Account bind Unseal Stone' x1 at 187,364,780 -> tab 4 slot (1, 1)
    floor 187,364,780 from what it cost; listed at 187,364,780, above it
TASK {"kind": "relist", "row": 2, "item": "Armor Account bind Unseal Stone", "qty": 1, "price": 187364780, "tab": 4, "slot": [1, 1], "lands_in": 2}
  inventory slot (1,1) at (1479, 236)
    read: current min 186,500,000, price field 186,500,000, net sales 186,500,000, week average 192,114,171, listed at 187,364,780
    the lowest listed price is 186,500,000, from the row and 3 more
    market 186,499,999 is under the 187,364,780 floor (it is worth what it cost); listing at the floor
    market 186,500,000, typing 187,364,780, 864,780 over the market
    net sales 187,364,780 is 1 x 187,364,780
  typed 250; the net sales make it 1
    the panel holds 187,364,780 against the 187,364,780 typed
  tab 4 read in 19 ms after the listing: 0 slot(s) held

  list 1 at 187,364,780
    #         ms   share  step
    1       20.2    0.4%  read the panel before loading
    2       19.7    0.3%  wait for slot (1,1) to fill
    3      807.6   14.2%  ctrl-click (1,1) attempt 1
    4      587.9   10.3%  read the suggested price
    5     1654.7   29.1%  type the price 187,364,780
    6      945.5   16.6%  type the quantity 250
    7      309.1    5.4%  take the quantity from the net sales
    8       99.7    1.8%  read the price back before Register
    9      308.5    5.4%  click Register
   10       92.8    1.6%  find Confirmation
   11       15.8    0.3%  look for the underprice question
   12      308.7    5.4%  click Confirmation
   13      250.6    4.4%  park
   14      231.3    4.1%  confirm the dialog is gone
   15       18.1    0.3%  wait for the panel to let the item go
   16       19.4    0.3%  read tab 4 after the listing
          5689.6  100.0%  TOTAL
  listed 1 at 187,364,780; it lands in row 2
DONE {"kind": "relist", "row": 2, "lands_in": 2, "qty": 1, "price": 187364780, "item": "Armor Account bind Unseal Stone"}
    relisted 1 at 187,364,780 in row 2, 2 relist(s) on the floor now
  tab 4 known from the last listing: 0 slot(s) held
  row 3: 'Armor Account bind Seal Stone' x2 at 187,364,780 -> tab 4 slot (1, 1)
    floor 187,364,780 from what it cost; listed at 187,364,780, above it
TASK {"kind": "relist", "row": 3, "item": "Armor Account bind Seal Stone", "qty": 2, "price": 187364780, "tab": 4, "slot": [1, 1], "lands_in": 3}
  inventory slot (1,1) at (1479, 236)
    read: current min 186,500,000, price field 186,500,000, net sales 186,500,000, week average 190,073,428, listed at 187,364,780
    the lowest listed price is 186,500,000, from the row and 3 more
    market 186,499,999 is under the 187,364,780 floor (it is worth what it cost); listing at the floor
    market 186,500,000, typing 187,364,780, 864,780 over the market
    net sales 374,729,560 is 2 x 187,364,780
  typed 250; the net sales make it 2
    the panel holds 187,364,780 against the 187,364,780 typed
  tab 4 read in 20 ms after the listing: 0 slot(s) held

  list 2 at 187,364,780
    #         ms   share  step
    1       21.0    0.4%  read the panel before loading
    2       18.4    0.3%  wait for slot (1,1) to fill
    3      809.6   14.3%  ctrl-click (1,1) attempt 1
    4      583.7   10.3%  read the suggested price
    5     1653.4   29.1%  type the price 187,364,780
    6      944.7   16.7%  type the quantity 250
    7      306.5    5.4%  take the quantity from the net sales
    8       90.3    1.6%  read the price back before Register
    9      308.6    5.4%  click Register
   10       93.9    1.7%  find Confirmation
   11       18.8    0.3%  look for the underprice question
   12      307.5    5.4%  click Confirmation
   13      250.9    4.4%  park
   14      226.4    4.0%  confirm the dialog is gone
   15       18.7    0.3%  wait for the panel to let the item go
   16       20.0    0.4%  read tab 4 after the listing
          5672.4  100.0%  TOTAL
  listed 2 at 187,364,780; it lands in row 3
DONE {"kind": "relist", "row": 3, "lands_in": 3, "qty": 2, "price": 187364780, "item": "Armor Account bind Seal Stone"}
    relisted 2 at 187,364,780 in row 3, 2 relist(s) on the floor now
  tab 4 known from the last listing: 0 slot(s) held
  row 4: 'Force Core (Ultimate' x9 at 359,989 -> tab 4 slot (1, 1)
    floor 346,662 (346,662 x 1) from Force Core Set (Ultimate) as last bought; listed at 359,989, above it
TASK {"kind": "relist", "row": 4, "item": "Force Core (Ultimate", "qty": 9, "price": 359989, "tab": 4, "slot": [1, 1], "lands_in": 4}
  inventory slot (1,1) at (1479, 236)
    read: current min 359,984, price field 359,984, net sales 359,984, week average 411,299, listed at 359,989
    the lowest listed price is 359,984, from the row and 3 more
    market 359,984, typing 359,983, 1 under the market
    net sales 3,239,847 is 9 x 359,983
  typed 250; the net sales make it 9
    the panel holds 359,983 against the 359,983 typed
  tab 4 read in 24 ms after the listing: 0 slot(s) held

  list 9 at 359,983
    #         ms   share  step
    1       17.2    0.3%  read the panel before loading
    2       18.5    0.3%  wait for slot (1,1) to fill
    3      808.5   14.8%  ctrl-click (1,1) attempt 1
    4      575.5   10.5%  read the suggested price
    5     1440.5   26.3%  type the price 359,983
    6      948.0   17.3%  type the quantity 250
    7      302.4    5.5%  take the quantity from the net sales
    8       93.0    1.7%  read the price back before Register
    9      309.9    5.7%  click Register
   10       91.3    1.7%  find Confirmation
   11       15.7    0.3%  look for the underprice question
   12      309.1    5.6%  click Confirmation
   13      250.9    4.6%  park
   14      248.6    4.5%  confirm the dialog is gone
   15       19.8    0.4%  wait for the panel to let the item go
   16       23.9    0.4%  read tab 4 after the listing
          5472.7  100.0%  TOTAL
  listed 9 at 359,983; it lands in row 4
DONE {"kind": "relist", "row": 4, "lands_in": 4, "qty": 9, "price": 359983, "item": "Force Core (Ultimate"}
    relisted 9 at 359,983 in row 4
  tab 4 known from the last listing: 0 slot(s) held
  row 5: 'Astral Core(Palladium) X 127' x6 at 194,690 -> tab 4 slot (1, 1)
    no floor for 'Astral Core(Palladium) X 127'
TASK {"kind": "relist", "row": 5, "item": "Astral Core(Palladium) X 127", "qty": 6, "price": 194690, "tab": 4, "slot": [1, 1], "lands_in": 5}
  inventory slot (1,1) at (1479, 236)
    read: current min 194,691, price field 194,691, net sales 194,691, week average 199,771, listed at 194,690
    the lowest listed price is 194,691, from the row and 3 more
    market 194,691, typing 194,690, 1 under the market
    net sales 1,168,140 is 6 x 194,690
  typed 250; the net sales make it 6
    the panel holds 194,690 against the 194,690 typed
  tab 4 read in 20 ms after the listing: 0 slot(s) held

  list 6 at 194,690
    #         ms   share  step
    1       19.0    0.3%  read the panel before loading
    2       16.1    0.3%  wait for slot (1,1) to fill
    3      807.5   14.8%  ctrl-click (1,1) attempt 1
    4      573.5   10.5%  read the suggested price
    5     1439.8   26.5%  type the price 194,690
    6      946.3   17.4%  type the quantity 250
    7      300.2    5.5%  take the quantity from the net sales
    8       90.9    1.7%  read the price back before Register
    9      309.5    5.7%  click Register
   10       91.7    1.7%  find Confirmation
   11       17.4    0.3%  look for the underprice question
   12      307.7    5.7%  click Confirmation
   13      251.0    4.6%  park
   14      231.6    4.3%  confirm the dialog is gone
   15       17.9    0.3%  wait for the panel to let the item go
   16       19.7    0.4%  read tab 4 after the listing
          5439.6  100.0%  TOTAL
  listed 6 at 194,690; it lands in row 5
DONE {"kind": "relist", "row": 5, "lands_in": 5, "qty": 6, "price": 194690, "item": "Astral Core(Palladium) X 127"}
    relisted 6 at 194,690 in row 5
  tab 4 known from the last listing: 0 slot(s) held
  row 6: 'Force Core (Ultimate' x5 at 359,988 -> tab 4 slot (1, 1)
    floor 346,662 (346,662 x 1) from Force Core Set (Ultimate) as last bought; listed at 359,988, above it
TASK {"kind": "relist", "row": 6, "item": "Force Core (Ultimate", "qty": 5, "price": 359988, "tab": 4, "slot": [1, 1], "lands_in": 6}
  inventory slot (1,1) at (1479, 236)
    read: current min 359,983, price field 359,983, net sales 359,983, week average 411,299, listed at 359,988
    the lowest listed price is 359,983, from the row and 3 more
    market 359,983, typing 359,982, 1 under the market
    net sales 1,799,910 is 5 x 359,982
  typed 250; the net sales make it 5
    the panel holds 359,982 against the 359,982 typed
  tab 4 read in 20 ms after the listing: 0 slot(s) held

  list 5 at 359,982
    #         ms   share  step
    1       19.4    0.4%  read the panel before loading
    2       19.9    0.4%  wait for slot (1,1) to fill
    3      808.8   14.8%  ctrl-click (1,1) attempt 1
    4      588.4   10.7%  read the suggested price
    5     1451.4   26.5%  type the price 359,982
    6      945.9   17.3%  type the quantity 250
    7      303.8    5.5%  take the quantity from the net sales
    8       93.0    1.7%  read the price back before Register
    9      308.2    5.6%  click Register
   10       89.5    1.6%  find Confirmation
   11       19.8    0.4%  look for the underprice question
   12      307.7    5.6%  click Confirmation
   13      251.2    4.6%  park
   14      231.4    4.2%  confirm the dialog is gone
   15       17.6    0.3%  wait for the panel to let the item go
   16       20.4    0.4%  read tab 4 after the listing
          5476.3  100.0%  TOTAL
  listed 5 at 359,982; it lands in row 6
DONE {"kind": "relist", "row": 6, "lands_in": 6, "qty": 5, "price": 359982, "item": "Force Core (Ultimate"}
    relisted 5 at 359,982 in row 6
  tab 4 known from the last listing: 0 slot(s) held
  row 7: 'Force Core(High' x73 at 185,930 -> tab 4 slot (1, 1)
    floor 185,930 (185,930 x 1) from Force Core Set (High) as last bought; listed at 185,930, above it
TASK {"kind": "relist", "row": 7, "item": "Force Core(High", "qty": 73, "price": 185930, "tab": 4, "slot": [1, 1], "lands_in": 7}
  inventory slot (1,1) at (1479, 236)
    read: current min 185,099, price field 185,099, net sales 185,099, week average 199,396, listed at 185,930
    the lowest listed price is 185,099, from the row and 3 more
    market 185,098 is under the 185,930 floor (a Force Core Set (High) as last bought costs 185,930); listing at the floor
    market 185,099, typing 185,930, 831 over the market
    net sales 13,572,890 is 73 x 185,930
  typed 250; the net sales make it 73
    the panel holds 185,930 against the 185,930 typed
  tab 4 read in 20 ms after the listing: 0 slot(s) held

  list 73 at 185,930
    #         ms   share  step
    1       20.2    0.4%  read the panel before loading
    2       18.3    0.3%  wait for slot (1,1) to fill
    3      809.9   14.8%  ctrl-click (1,1) attempt 1
    4      585.2   10.7%  read the suggested price
    5     1441.4   26.4%  type the price 185,930
    6      948.7   17.3%  type the quantity 250
    7      306.2    5.6%  take the quantity from the net sales
    8       93.4    1.7%  read the price back before Register
    9      308.7    5.6%  click Register
   10       89.8    1.6%  find Confirmation
   11       19.4    0.4%  look for the underprice question
   12      307.4    5.6%  click Confirmation
   13      250.9    4.6%  park
   14      232.8    4.3%  confirm the dialog is gone
   15       17.0    0.3%  wait for the panel to let the item go
   16       20.2    0.4%  read tab 4 after the listing
          5469.3  100.0%  TOTAL
  listed 73 at 185,930; it lands in row 7
DONE {"kind": "relist", "row": 7, "lands_in": 7, "qty": 73, "price": 185930, "item": "Force Core(High"}
    relisted 73 at 185,930 in row 7, 2 relist(s) on the floor now
  tab 4 known from the last listing: 0 slot(s) held
  row 8: 'Force Core(High' x117 at 185,930 -> tab 4 slot (1, 1)
    floor 185,930 (185,930 x 1) from Force Core Set (High) as last bought; listed at 185,930, above it
TASK {"kind": "relist", "row": 8, "item": "Force Core(High", "qty": 117, "price": 185930, "tab": 4, "slot": [1, 1], "lands_in": 8}
  inventory slot (1,1) at (1479, 236)
    read: current min 185,099, price field 185,099, net sales 185,099, week average 199,396, listed at 185,930
    the lowest listed price is 185,099, from the row and 3 more
    market 185,098 is under the 185,930 floor (a Force Core Set (High) as last bought costs 185,930); listing at the floor
    market 185,099, typing 185,930, 831 over the market
    net sales 21,753,810 is 117 x 185,930
  typed 250; the net sales make it 117
    the panel holds 185,930 against the 185,930 typed
  tab 4 read in 20 ms after the listing: 0 slot(s) held

  list 117 at 185,930
    #         ms   share  step
    1       19.7    0.4%  read the panel before loading
    2       15.3    0.3%  wait for slot (1,1) to fill
    3      809.8   14.7%  ctrl-click (1,1) attempt 1
    4      592.1   10.8%  read the suggested price
    5     1445.8   26.3%  type the price 185,930
    6      945.2   17.2%  type the quantity 250
    7      307.6    5.6%  take the quantity from the net sales
    8       94.0    1.7%  read the price back before Register
    9      311.0    5.7%  click Register
   10       94.1    1.7%  find Confirmation
   11       19.0    0.3%  look for the underprice question
   12      308.6    5.6%  click Confirmation
   13      250.6    4.6%  park
   14      242.3    4.4%  confirm the dialog is gone
   15       19.2    0.3%  wait for the panel to let the item go
   16       20.1    0.4%  read tab 4 after the listing
          5494.4  100.0%  TOTAL
  listed 117 at 185,930; it lands in row 8
DONE {"kind": "relist", "row": 8, "lands_in": 8, "qty": 117, "price": 185930, "item": "Force Core(High"}
    relisted 117 at 185,930 in row 8, 2 relist(s) on the floor now
    the quantity column read 'Saver', which holds no digits, so it is the end of the name and not a count; reading the row as 'Wexp Saver' and letting the panel count what is there
  tab 4 known from the last listing: 0 slot(s) held
  row 9: 'Wexp Saver' x1 at 65,950,000 -> tab 4 slot (1, 1)
    the quantity column read 'Saver', which holds no digits, so it is the end of the name and not a count; reading the row as 'Wexp Saver' and letting the panel count what is there
    no floor for 'Wexp Saver'
TASK {"kind": "relist", "row": 9, "item": "Wexp Saver", "qty": 1, "price": 65950000, "tab": 4, "slot": [1, 1], "lands_in": 9}
  inventory slot (1,1) at (1479, 236)
    read: current min 63,666,666, price field 63,666,666, net sales 63,666,666, week average 63,911,720, listed at 65,950,000
    the lowest listed price is 63,666,666, from the row and 3 more
    the market asks 63,666,665, 2,283,335 under our 65,950,000; holding at 65,940,000, the most this row may fall in one relist
    market 63,666,666, typing 65,940,000, 2,273,334 over the market
    net sales 65,940,000 is 1 x 65,940,000
  typed 250; the net sales make it 1
    the panel holds 65,940,000 against the 65,940,000 typed
  tab 4 read in 21 ms after the listing: 0 slot(s) held

  list 1 at 65,940,000
    #         ms   share  step
    1       19.1    0.3%  read the panel before loading
    2       17.1    0.3%  wait for slot (1,1) to fill
    3      808.8   14.2%  ctrl-click (1,1) attempt 1
    4      658.9   11.6%  read the suggested price
    5     1585.3   27.9%  type the price 65,940,000
    6      948.1   16.7%  type the quantity 250
    7      304.2    5.3%  take the quantity from the net sales
    8       93.1    1.6%  read the price back before Register
    9      311.3    5.5%  click Register
   10       91.3    1.6%  find Confirmation
   11       17.2    0.3%  look for the underprice question
   12      308.8    5.4%  click Confirmation
   13      250.6    4.4%  park
   14      233.5    4.1%  confirm the dialog is gone
   15       19.7    0.3%  wait for the panel to let the item go
   16       21.0    0.4%  read tab 4 after the listing
          5688.1  100.0%  TOTAL
  listed 1 at 65,940,000; it lands in row 9
DONE {"kind": "relist", "row": 9, "lands_in": 9, "qty": 1, "price": 65940000, "item": "Wexp Saver"}
    relisted 1 at 65,940,000 in row 9
  tab 4 known from the last listing: 0 slot(s) held
  row 10: 'Chaos Core' x1 at 742,431 -> tab 4 slot (1, 1)
    floor 745,000 (745,000 x 1) from what it cost; listed at 742,431, UNDER the floor
TASK {"kind": "relist", "row": 10, "item": "Chaos Core", "qty": 1, "price": 742431, "tab": 4, "slot": [1, 1], "lands_in": 10}
    row 10 is the Chaos Core special row; listing at 673 under the market, no floor
  inventory slot (1,1) at (1479, 236)
    read: current min 740,685, price field 740,685, net sales 740,685, week average 717,087, listed at unread
    the lowest listed price is 740,685, from the row and 2 more
    market 740,685, typing 740,012, 673 under the market
    net sales 740,012 is 1 x 740,012
  typed 250; the net sales make it 1
    the panel holds 740,012 against the 740,012 typed
  tab 4 read in 21 ms after the listing: 0 slot(s) held

  list 1 at 740,012
    #         ms   share  step
    1       19.0    0.3%  read the panel before loading
    2       20.5    0.4%  wait for slot (1,1) to fill
    3      808.0   14.7%  ctrl-click (1,1) attempt 1
    4      588.2   10.7%  read the suggested price
    5     1442.8   26.3%  type the price 740,012
    6      946.4   17.3%  type the quantity 250
    7      300.5    5.5%  take the quantity from the net sales
    8       94.3    1.7%  read the price back before Register
    9      308.8    5.6%  click Register
   10      100.0    1.8%  find Confirmation
   11       17.0    0.3%  look for the underprice question
   12      307.7    5.6%  click Confirmation
   13      251.0    4.6%  park
   14      238.3    4.3%  confirm the dialog is gone
   15       19.1    0.3%  wait for the panel to let the item go
   16       21.2    0.4%  read tab 4 after the listing
          5482.7  100.0%  TOTAL
  listed 1 at 740,012; it lands in row 10
DONE {"kind": "relist", "row": 10, "lands_in": 10, "qty": 1, "price": 740012, "item": "Chaos Core"}
    relisted 1 at 740,012 in row 10
  tab 4 known from the last listing: 0 slot(s) held
  row 11: 'Force Core(High' x101 at 185,930 -> tab 4 slot (1, 1)
    floor 185,930 (185,930 x 1) from Force Core Set (High) as last bought; listed at 185,930, above it
TASK {"kind": "relist", "row": 11, "item": "Force Core(High", "qty": 101, "price": 185930, "tab": 4, "slot": [1, 1], "lands_in": 11}
  inventory slot (1,1) at (1479, 236)
    read: current min 185,098, price field 185,098, net sales 185,098, week average 199,396, listed at 185,930
    the lowest listed price is 185,098, from the row and 3 more
    market 185,097 is under the 185,930 floor (a Force Core Set (High) as last bought costs 185,930); listing at the floor
    market 185,098, typing 185,930, 832 over the market
    net sales 18,778,930 is 101 x 185,930
  typed 250; the net sales make it 101
    the panel holds 185,930 against the 185,930 typed
  tab 4 read in 20 ms after the listing: 0 slot(s) held

  list 101 at 185,930
    #         ms   share  step
    1       20.9    0.4%  read the panel before loading
    2       20.4    0.4%  wait for slot (1,1) to fill
    3      806.9   14.7%  ctrl-click (1,1) attempt 1
    4      591.0   10.7%  read the suggested price
    5     1447.9   26.3%  type the price 185,930
    6      945.7   17.2%  type the quantity 250
    7      307.8    5.6%  take the quantity from the net sales
    8       93.6    1.7%  read the price back before Register
    9      316.2    5.7%  click Register
   10       99.0    1.8%  find Confirmation
   11       17.7    0.3%  look for the underprice question
   12      308.5    5.6%  click Confirmation
   13      251.0    4.6%  park
   14      236.7    4.3%  confirm the dialog is gone
   15       16.5    0.3%  wait for the panel to let the item go
   16       20.3    0.4%  read tab 4 after the listing
          5500.0  100.0%  TOTAL
  listed 101 at 185,930; it lands in row 11
DONE {"kind": "relist", "row": 11, "lands_in": 11, "qty": 101, "price": 185930, "item": "Force Core(High"}
    relisted 101 at 185,930 in row 11, 2 relist(s) on the floor now
  tab 4 known from the last listing: 0 slot(s) held
  row 12: 'Force Core (Ultimate' x250 at 359,987 -> tab 4 slot (1, 1)
    floor 346,662 (346,662 x 1) from Force Core Set (Ultimate) as last bought; listed at 359,987, above it
TASK {"kind": "relist", "row": 12, "item": "Force Core (Ultimate", "qty": 250, "price": 359987, "tab": 4, "slot": [1, 1], "lands_in": 12}
  inventory slot (1,1) at (1479, 236)
    read: current min 359,981, price field 359,981, net sales 359,981, week average 411,299, listed at 359,987
    the lowest listed price is 359,981, from the row and 3 more
    market 359,981, typing 359,980, 1 under the market
    net sales 89,995,000 is 250 x 359,980
  typed 250; the net sales make it 250
    the panel holds 359,980 against the 359,980 typed
  tab 4 read in 20 ms after the listing: 0 slot(s) held

  list 250 at 359,980
    #         ms   share  step
    1       19.9    0.4%  read the panel before loading
    2       19.3    0.4%  wait for slot (1,1) to fill
    3      811.3   14.9%  ctrl-click (1,1) attempt 1
    4      580.8   10.7%  read the suggested price
    5     1438.0   26.4%  type the price 359,980
    6      944.9   17.3%  type the quantity 250
    7      302.5    5.5%  take the quantity from the net sales
    8       87.0    1.6%  read the price back before Register
    9      302.9    5.6%  click Register
   10       92.4    1.7%  find Confirmation
   11       16.0    0.3%  look for the underprice question
   12      303.4    5.6%  click Confirmation
   13      250.7    4.6%  park
   14      243.2    4.5%  confirm the dialog is gone
   15       19.8    0.4%  wait for the panel to let the item go
   16       19.7    0.4%  read tab 4 after the listing
          5451.7  100.0%  TOTAL
  listed 250 at 359,980; it lands in row 12
DONE {"kind": "relist", "row": 12, "lands_in": 12, "qty": 250, "price": 359980, "item": "Force Core (Ultimate"}
    relisted 250 at 359,980 in row 12
  tab 4 known from the last listing: 0 slot(s) held
  row 13: 'Force Core (Ultimate' x48 at 359,986 -> tab 4 slot (1, 1)
    floor 346,662 (346,662 x 1) from Force Core Set (Ultimate) as last bought; listed at 359,986, above it
TASK {"kind": "relist", "row": 13, "item": "Force Core (Ultimate", "qty": 48, "price": 359986, "tab": 4, "slot": [1, 1], "lands_in": 13}
  inventory slot (1,1) at (1479, 236)
    read: current min 359,980, price field 359,980, net sales 359,980, week average 411,299, listed at 359,986
    the lowest listed price is 359,980, from the row and 3 more
    market 359,980, typing 359,979, 1 under the market
    net sales 17,278,992 is 48 x 359,979
  typed 250; the net sales make it 48
    the panel holds 359,979 against the 359,979 typed
  tab 4 read in 20 ms after the listing: 0 slot(s) held

  list 48 at 359,979
    #         ms   share  step
    1       20.0    0.4%  read the panel before loading
    2       20.1    0.4%  wait for slot (1,1) to fill
    3      806.9   14.8%  ctrl-click (1,1) attempt 1
    4      581.1   10.7%  read the suggested price
    5     1440.8   26.4%  type the price 359,979
    6      944.7   17.3%  type the quantity 250
    7      304.6    5.6%  take the quantity from the net sales
    8       91.1    1.7%  read the price back before Register
    9      309.5    5.7%  click Register
   10       91.2    1.7%  find Confirmation
   11       18.1    0.3%  look for the underprice question
   12      307.9    5.6%  click Confirmation
   13      250.9    4.6%  park
   14      229.9    4.2%  confirm the dialog is gone
   15       14.8    0.3%  wait for the panel to let the item go
   16       19.7    0.4%  read tab 4 after the listing
          5451.3  100.0%  TOTAL
  listed 48 at 359,979; it lands in row 13
DONE {"kind": "relist", "row": 13, "lands_in": 13, "qty": 48, "price": 359979, "item": "Force Core (Ultimate"}
    relisted 48 at 359,979 in row 13
  tab 4 known from the last listing: 0 slot(s) held
  row 14: 'Chaos Core Set X 252' x1 at 189,171,863 -> tab 4 slot (1, 1)
    floor 187,763,184 (745,092 x 252) from what it cost; listed at 189,171,863, above it
TASK {"kind": "relist", "row": 14, "item": "Chaos Core Set X 252", "qty": 1, "price": 189171863, "tab": 4, "slot": [1, 1], "lands_in": 14}
  inventory slot (1,1) at (1479, 236)
    read: current min 189,170,100, price field 189,170,100, net sales 189,170,100, week average 183,478,176, listed at 189,171,863
    the lowest listed price is 189,170,100, from the row and 3 more
    market 189,170,100, typing 189,170,099, 1 under the market
    net sales 189,170,099 is 1 x 189,170,099
  typed 250; the net sales make it 1
    the panel holds 189,170,099 against the 189,170,099 typed
  tab 4 read in 20 ms after the listing: 0 slot(s) held

  list 1 at 189,170,099
    #         ms   share  step
    1       19.1    0.3%  read the panel before loading
    2       15.8    0.3%  wait for slot (1,1) to fill
    3      808.2   14.3%  ctrl-click (1,1) attempt 1
    4      584.7   10.3%  read the suggested price
    5     1653.9   29.2%  type the price 189,170,099
    6      945.8   16.7%  type the quantity 250
    7      304.4    5.4%  take the quantity from the net sales
    8       90.7    1.6%  read the price back before Register
    9      309.0    5.5%  click Register
   10       90.6    1.6%  find Confirmation
   11       17.8    0.3%  look for the underprice question
   12      304.6    5.4%  click Confirmation
   13      251.1    4.4%  park
   14      225.6    4.0%  confirm the dialog is gone
   15       14.7    0.3%  wait for the panel to let the item go
   16       19.9    0.4%  read tab 4 after the listing
          5655.8  100.0%  TOTAL
  listed 1 at 189,170,099; it lands in row 14
DONE {"kind": "relist", "row": 14, "lands_in": 14, "qty": 1, "price": 189170099, "item": "Chaos Core Set X 252"}
    relisted 1 at 189,170,099 in row 14
  tab 4 known from the last listing: 0 slot(s) held
  row 15: 'Chaos Core Set X 3' x1 at 2,252,042 -> tab 4 slot (1, 1)
    floor 2,234,178 (744,726 x 3) from what it cost; listed at 2,252,042, above it
TASK {"kind": "relist", "row": 15, "item": "Chaos Core Set X 3", "qty": 1, "price": 2252042, "tab": 4, "slot": [1, 1], "lands_in": 15}
  inventory slot (1,1) at (1479, 236)
    read: current min 2,252,022, price field 2,252,022, net sales 2,252,022, week average 2,184,264, listed at 2,252,042
    the lowest listed price is 2,252,022, from the row and 3 more
    market 2,252,022, typing 2,252,021, 1 under the market
    net sales 2,252,021 is 1 x 2,252,021
  typed 250; the net sales make it 1
    the panel holds 2,252,021 against the 2,252,021 typed
  tab 4 read in 20 ms after the listing: 0 slot(s) held

  list 1 at 2,252,021
    #         ms   share  step
    1       19.1    0.3%  read the panel before loading
    2       16.5    0.3%  wait for slot (1,1) to fill
    3      810.8   14.7%  ctrl-click (1,1) attempt 1
    4      580.2   10.5%  read the suggested price
    5     1511.5   27.3%  type the price 2,252,021
    6      947.8   17.1%  type the quantity 250
    7      308.5    5.6%  take the quantity from the net sales
    8       96.8    1.7%  read the price back before Register
    9      310.5    5.6%  click Register
   10       92.3    1.7%  find Confirmation
   11       16.3    0.3%  look for the underprice question
   12      308.4    5.6%  click Confirmation
   13      250.8    4.5%  park
   14      227.7    4.1%  confirm the dialog is gone
   15       16.7    0.3%  wait for the panel to let the item go
   16       20.1    0.4%  read tab 4 after the listing
          5534.0  100.0%  TOTAL
  listed 1 at 2,252,021; it lands in row 15
DONE {"kind": "relist", "row": 15, "lands_in": 15, "qty": 1, "price": 2252021, "item": "Chaos Core Set X 3"}
    relisted 1 at 2,252,021 in row 15
  tab 4 known from the last listing: 0 slot(s) held
  row 16: 'Force Core(Highest' x250 at 199,697 -> tab 4 slot (1, 1)
    floor 193,478 (193,478 x 1) from Force Core Set (Highest) as last bought; listed at 199,697, above it
TASK {"kind": "relist", "row": 16, "item": "Force Core(Highest", "qty": 250, "price": 199697, "tab": 4, "slot": [1, 1], "lands_in": 16}
  inventory slot (1,1) at (1479, 236)
    read: current min 199,695, price field 199,695, net sales 199,695, week average 213,123, listed at 199,697
    the lowest listed price is 199,695, from the row and 3 more
    market 199,695, typing 199,694, 1 under the market
    net sales 49,923,500 is 250 x 199,694
  typed 250; the net sales make it 250
    the panel holds 199,694 against the 199,694 typed
  tab 4 read in 21 ms after the listing: 0 slot(s) held

  list 250 at 199,694
    #         ms   share  step
    1       16.8    0.3%  read the panel before loading
    2       15.1    0.3%  wait for slot (1,1) to fill
    3      808.6   14.7%  ctrl-click (1,1) attempt 1
    4      642.4   11.7%  read the suggested price
    5     1439.6   26.2%  type the price 199,694
    6      945.6   17.2%  type the quantity 250
    7      302.2    5.5%  take the quantity from the net sales
    8       92.4    1.7%  read the price back before Register
    9      304.2    5.5%  click Register
   10       92.2    1.7%  find Confirmation
   11       16.3    0.3%  look for the underprice question
   12      303.7    5.5%  click Confirmation
   13      250.7    4.6%  park
   14      228.0    4.1%  confirm the dialog is gone
   15       17.3    0.3%  wait for the panel to let the item go
   16       21.3    0.4%  read tab 4 after the listing
          5496.5  100.0%  TOTAL
  listed 250 at 199,694; it lands in row 16
DONE {"kind": "relist", "row": 16, "lands_in": 16, "qty": 250, "price": 199694, "item": "Force Core(Highest"}
    relisted 250 at 199,694 in row 16
  tab 4 known from the last listing: 0 slot(s) held
  row 17: 'Arionell' x1 at 312,185,713 -> tab 4 slot (1, 1)
    floor 281,047,170 from what it cost; listed at 312,185,713, above it
TASK {"kind": "relist", "row": 17, "item": "Arionell", "qty": 1, "price": 312185713, "tab": 4, "slot": [1, 1], "lands_in": 17}
  inventory slot (1,1) at (1479, 236)
    read: current min 312,185,714, price field 312,185,714, net sales 312,185,714, week average 315,560,317, listed at 312,185,713
    the lowest listed price is 312,185,714, from the row and 3 more
    market 312,185,714, typing 312,185,713, 1 under the market
    net sales 312,185,713 is 1 x 312,185,713
  typed 250; the net sales make it 1
    the panel holds 312,185,713 against the 312,185,713 typed
  tab 4 read in 21 ms after the listing: 0 slot(s) held

  list 1 at 312,185,713
    #         ms   share  step
    1       19.0    0.3%  read the panel before loading
    2       16.3    0.3%  wait for slot (1,1) to fill
    3      808.4   14.2%  ctrl-click (1,1) attempt 1
    4      588.2   10.3%  read the suggested price
    5     1658.0   29.1%  type the price 312,185,713
    6      950.4   16.7%  type the quantity 250
    7      306.4    5.4%  take the quantity from the net sales
    8       94.0    1.7%  read the price back before Register
    9      308.4    5.4%  click Register
   10       92.6    1.6%  find Confirmation
   11       14.7    0.3%  look for the underprice question
   12      309.5    5.4%  click Confirmation
   13      250.9    4.4%  park
   14      233.8    4.1%  confirm the dialog is gone
   15       19.5    0.3%  wait for the panel to let the item go
   16       21.0    0.4%  read tab 4 after the listing
          5691.1  100.0%  TOTAL
  listed 1 at 312,185,713; it lands in row 17
DONE {"kind": "relist", "row": 17, "lands_in": 17, "qty": 1, "price": 312185713, "item": "Arionell"}
    relisted 1 at 312,185,713 in row 17
  tab 4 known from the last listing: 0 slot(s) held
  row 18: 'Chaos Core Set X 291' x1 at 218,447,879 -> tab 4 slot (1, 1)
    floor 216,795,291 (745,001 x 291) from what it cost; listed at 218,447,879, above it
TASK {"kind": "relist", "row": 18, "item": "Chaos Core Set X 291", "qty": 1, "price": 218447879, "tab": 4, "slot": [1, 1], "lands_in": 18}
  inventory slot (1,1) at (1479, 236)
    read: current min 218,445,843, price field 218,445,843, net sales 218,445,843, week average 211,873,608, listed at 218,447,879
    the lowest listed price is 218,445,843, from the row and 3 more
    market 218,445,843, typing 218,445,842, 1 under the market
    net sales 218,445,842 is 1 x 218,445,842
  typed 250; the net sales make it 1
    the panel holds 218,445,842 against the 218,445,842 typed
  tab 4 read in 25 ms after the listing: 0 slot(s) held

  list 1 at 218,445,842
    #         ms   share  step
    1       20.0    0.3%  read the panel before loading
    2       21.9    0.4%  wait for slot (1,1) to fill
    3      811.3   14.0%  ctrl-click (1,1) attempt 1
    4      609.4   10.5%  read the suggested price
    5     1664.0   28.7%  type the price 218,445,842
    6      956.0   16.5%  type the quantity 250
    7      321.3    5.5%  take the quantity from the net sales
    8      105.4    1.8%  read the price back before Register
    9      319.2    5.5%  click Register
   10      101.0    1.7%  find Confirmation
   11       23.8    0.4%  look for the underprice question
   12      311.5    5.4%  click Confirmation
   13      251.0    4.3%  park
   14      243.6    4.2%  confirm the dialog is gone
   15       23.0    0.4%  wait for the panel to let the item go
   16       24.9    0.4%  read tab 4 after the listing
          5807.4  100.0%  TOTAL
  listed 1 at 218,445,842; it lands in row 18
DONE {"kind": "relist", "row": 18, "lands_in": 18, "qty": 1, "price": 218445842, "item": "Chaos Core Set X 291"}
    relisted 1 at 218,445,842 in row 18
  tab 4 known from the last listing: 0 slot(s) held
  row 19: 'Force Core(Highest' x250 at 199,696 -> tab 4 slot (1, 1)
    floor 193,478 (193,478 x 1) from Force Core Set (Highest) as last bought; listed at 199,696, above it
TASK {"kind": "relist", "row": 19, "item": "Force Core(Highest", "qty": 250, "price": 199696, "tab": 4, "slot": [1, 1], "lands_in": 19}
  inventory slot (1,1) at (1479, 236)
    read: current min 199,694, price field 199,694, net sales 199,694, week average 213,123, listed at 199,696
    the lowest listed price is 199,694, from the row and 3 more
    market 199,694, typing 199,693, 1 under the market
    net sales 49,923,250 is 250 x 199,693
  typed 250; the net sales make it 250
    the panel holds 199,693 against the 199,693 typed
  tab 4 read in 24 ms after the listing: 0 slot(s) held

  list 250 at 199,693
    #         ms   share  step
    1       25.2    0.4%  read the panel before loading
    2       23.3    0.4%  wait for slot (1,1) to fill
    3      818.2   14.4%  ctrl-click (1,1) attempt 1
    4      673.6   11.9%  read the suggested price
    5     1452.6   25.6%  type the price 199,693
    6      951.3   16.8%  type the quantity 250
    7      326.1    5.8%  take the quantity from the net sales
    8      100.4    1.8%  read the price back before Register
    9      317.3    5.6%  click Register
   10      103.3    1.8%  find Confirmation
   11       22.9    0.4%  look for the underprice question
   12      312.6    5.5%  click Confirmation
   13      250.8    4.4%  park
   14      244.2    4.3%  confirm the dialog is gone
   15       22.1    0.4%  wait for the panel to let the item go
   16       23.8    0.4%  read tab 4 after the listing
          5667.8  100.0%  TOTAL
  listed 250 at 199,693; it lands in row 19
DONE {"kind": "relist", "row": 19, "lands_in": 19, "qty": 250, "price": 199693, "item": "Force Core(Highest"}
    relisted 250 at 199,693 in row 19
  row 20 is empty; nothing to relist
  row 21 is empty; nothing to relist
  row 22 is empty; nothing to relist
  row 23 is empty; nothing to relist
  row 24 is empty; nothing to relist
  row 25 is empty; nothing to relist
  row 26 is empty; nothing to relist
  row 27 is empty; nothing to relist

  relisting rows 1-27: 19 relisted, 8 empty, 0 skipped
    #          ms   share     n      each  phase
    1   105,920.3   46.2%    19   5,574.8  list it back
    2    71,400.9   31.2%    19   3,757.9  cancel the row and take it back
    3    20,142.9    8.8%    19   1,060.2  select inventory tab 4
    4    20,006.8    8.7%    27     741.0  scroll to the row and read it
    5     9,803.3    4.3%    27     363.1  Refresh the table
    6     1,525.2    0.7%     1   1,525.2  read tab 4 before the withdrawal
    7       340.5    0.1%    19      17.9  check the shop slot is empty
        229,140.1  100.0%

  returning the game to its default state
restoring the default state:
  Escape: window closed
  Inventory already closed
  the gift box at [284, 994]
  Receive All at [1209, 786]
  Receive 1 of 4 at [1214, 327]
  Receive 2 of 4 at [1214, 425]
  Receive 3 of 4 at [1214, 523]
  Receive 4 of 4 at [1214, 621]
  the special giftbox's Receive at [1438, 492]
  Close at [1483, 846]
  took 4 gift(s)
  the Agent Shop is shut and the vendor is not open either; reopening it
  Inventory shut: slot grid 0.09, needs 0.33

  board after pass 2:
                                                   bought/u   listed/u  margin      row price
     1  Blessing Bead - Superior           x1    163,756,817 169,999,998   +3.7%    169,999,998
     2  Armor Account bind Unseal Stone    x1    187,364,780 187,364,780   +0.0%    187,364,780
     3  Armor Account bind Seal Stone      x2    187,364,780 187,364,780   +0.0%    187,364,780
     4  Force Core (Ultimate               x9             -    359,983       -        359,983
     5  Astral Core(Palladium) X 127       x6             -      1,532       -        194,690
     6  Force Core (Ultimate               x5             -    359,982       -        359,982
     7  Force Core(High                    x73            -    185,930       -        185,930
     8  Force Core(High                    x117           -    185,930       -        185,930
     9  Wexp Saver                         x1             - 65,940,000       -     65,940,000
    10  Chaos Core                         x1       745,000    740,012   -0.7%        740,012
    11  Force Core(High                    x101           -    185,930       -        185,930
    12  Force Core (Ultimate               x250           -    359,980       -        359,980
    13  Force Core (Ultimate               x48            -    359,979       -        359,979
    14  Chaos Core Set X 252               x1       745,092    750,674   +0.7%    189,170,099
    15  Chaos Core Set X 3                 x1       744,726    750,673   +0.8%      2,252,021
    16  Force Core(Highest                 x250           -    199,694       -        199,694
    17  Arionell                           x1    281,047,170 312,185,713  +10.0%    312,185,713
    18  Chaos Core Set X 291               x1       745,001    750,672   +0.8%    218,445,842
    19  Force Core(Highest                 x250           -    199,693       -        199,693
    28  Palladium Shoes (DM) Lalla         x1             -  1,220,000       -      1,220,000
    29  Palladium Suit (DM) + 1 Lalla      x1             - 33,000,000       -     33,000,000
    30  Palladium Gauntlet(WA) Lalla       x1             -  1,499,990       -      1,499,990
    item                               rows   units          listed
    Arionell                              1       1     312,185,713
    Armor Account bind Seal Stone         1       2     374,729,560
    Armor Account bind Unseal Stone       1       1     187,364,780
    Astral Core(Palladium)                1     762       1,168,140
    Blessing Bead - Superior              1       1     169,999,998
    Chaos Core                            1       1         740,012
    Chaos Core Set                        3     546     409,867,962
    Force Core (Ultimate                  4     312     112,313,749
    Force Core(High                       3     291      54,105,630
    Force Core(Highest                    2     500      99,846,750
    Palladium Gauntlet(WA) Lalla          1       1       1,499,990
    Palladium Shoes (DM) Lalla            1       1       1,220,000
    Palladium Suit (DM) + 1 Lalla         1       1      33,000,000
    Wexp Saver                            1       1      65,940,000
    board                                22   2,421   1,823,982,284
    balance now 1,566,547,767
  pass 2: 19 relisted, 8 empty, 0 skipped; 9987.0 minute(s) left

-- pass 3 --

  resupply order: Chaos Core, Force Core(High), Force Core(Highest), Upgrade Core (Ultimate), Force Core (Ultimate), Armor Account bind Unseal Stone, Armor Account bind Seal Stone, Blessing Bead - Superior

-- Chaos Core Set under our listing: up to 3 row(s) --
  Chaos Core Set 750,672 - Chaos Core 740,012 = 10,660
  ours is listed at 750,672 a Set and a Chaos Core sells at 740,012; buying every Set under 735,012, 5,000 a Set below the lower of the two
  the cheapest Chaos Core Set is 750,672 a Set, not under 735,012; nothing to buy under ours

  counting only rows 1-27; rows outside it are not repriced and do not count; 8 row(s) free
  core                            rows     buy/u    sell/u    margin  wants   short?
  Force Core(Highest)                2   195,749   199,692     3,943      0   
  Chaos Core                         3   740,012   750,672    10,660      6   YES
  Force Core (Ultimate)              4         -         -         -      -   holds the most it can want, 3; not priced
  Force Core(High)                   3         -         -         -      -   holds the most it can want, 3; not priced
  Upgrade Core (Ultimate)            0   456,521   449,778    -6,743      0   
  Alz 1,566,547,767 held covers 2,116 Chaos Core at 740,012; buying what it covers

-- Chaos Core: 3 row(s) --
  8 row(s) free inside 1-27
  Chaos Core Set 750,672 - Chaos Core 740,012 = 10,660
  a margin of 10,660 is worth 6 row(s) of Chaos Core; 3 held
  buy_min 150 rolled to 158 (+/-15); buying 159 in whole batches of 3
  1 stays behind on every row bought; an order 10 step(s) down with nothing spare takes the row it is on whole, and the next order leaves 1 behind again; each order prices the favourite afresh, then wheels down, up to 30 step(s)
  every order takes all of the row it lands on, up to 999 held, and the orders stop once 159 is held
TASK {"kind": "resupply", "core": "Chaos Core", "set": "Chaos Core Set", "slot": 3, "tab": 4}
  0/159 Chaos Core held
  row 1 offers 'Chaos Core' x166 at 740,012 (740,012/unit)
    row 1 leaves 10,660 a core against the 10,000 wanted
    balance before 1,566,547,767
    row 1 holds 166, 1 stays behind, so at most 165 comes off it
    dialog: '¢ Chaos Core'  qty 1 of 166  price 740012
    999 core(s) wanted, 1 to a pack -> 999 pack(s); 166 available, taking 165
    ordering 165 pack(s) at 122,101,980; the spend will confirm what actually bought
    balance after  1,444,445,787; spent 122,101,980 bought 165 pack(s) = 165 core(s) (740,012 a core)

  buy from favourite slot 3: bought 165 core(s) in 165 order(s)
    #         ms   share  step
    1        0.3    0.0%  get_price: focus the game
    2      101.5    1.6%  get_price: _trade_window_open (OCR 1300x190)
    3      115.3    1.8%  get_price: purchase_tab_showing
    4      178.7    2.8%  get_price: read row 1 before the search
    5      306.6    4.8%  get_price: click favourite slot 3
    6       90.5    1.4%  get_price: confirm the sort
    7      372.3    5.8%  get_price: poll row 1 until it answers (2 read(s))
    8     1190.7   18.7%  get_price: search the favourite and read row 1
    9      306.2    4.8%  select inventory tab 4
   10       92.7    1.5%  read the balance before buying
   11      357.1    5.6%  click the row at (500, 258)
   12      308.7    4.8%  click Buy at (828, 258)
   13       91.1    1.4%  await the Purchase dialog
   14      294.6    4.6%  read the dialog (item, price, qty, qty_max)
   15     1398.4   21.9%  click the quantity field and type 165
   16       84.4    1.3%  find the Buy button
   17      310.1    4.9%  click Buy
   18      251.1    3.9%  park
   19       87.1    1.4%  confirm the dialog is gone
   20      442.0    6.9%  read the balance after buying
          6379.2  100.0%  TOTAL
TASK {"kind": "resupply", "core": "Chaos Core", "set": "Chaos Core Set", "slot": 3, "tab": 4, "step": "craft", "holding": "Chaos Core", "qty": 165, "price": 0}
  Inventory shut; pressing I (attempt 1)
  right-clicking the craft key on tab 6 slot (1, 8) at (1871, 236) (attempt 1/3)
  opening the 2000-2999 tier at [90, 209]
  choosing Chaos Core Set x3 at [146, 268]
  165 Chaos Core(s) bought this pass, 3 to a craft
  Request All at [263, 730]
  waiting 20s for 165 core(s) (5s per 50, rounded up)
  Complete All at [872, 729]
  the Sets arrived in [(1, 1), (1, 2), (1, 3), (1, 4)]
  compressing tab 4 slot (1, 1) at (1479, 236)
  165 Chaos Core(s) went into the queue

  craft from 165 Chaos Core(s)
    #         ms   share  step
    1     2522.7    8.9%  open the craft window
    2     2430.2    8.6%  select the recipe
    3      311.1    1.1%  Request All
    4    20000.8   70.4%  wait for the queue
    5      911.7    3.2%  select inventory tab 4 before completing
    6       19.5    0.1%  read the slots before any Set arrives
    7      808.7    2.8%  Complete All
    8     1391.2    4.9%  compress the crafted Sets
         28395.8  100.0%  TOTAL
TASK {"kind": "resupply", "core": "Chaos Core", "set": "Chaos Core Set", "slot": 3, "tab": 4, "step": "list", "holding": "Chaos Core Set", "qty": 165, "price": 0}
  the Agent Shop is shut and the vendor is not open either; reopening it
  Inventory shut: slot grid 0.09, needs 0.33
  listing the Chaos Core Set compressed into (1, 1) from 165 Chaos Core(s)
  the board's cheapest is 750,672 a Set, and the panel scales that to whatever the bundle holds
  it cost 740,012 a Core, so no Set goes out under that
  inventory slot (1,1) at (1479, 236)
    read: current min 123,860,880, price field 123,860,880, net sales 123,860,880, week average 120,134,520, listed at unread
    the lowest listed price is 123,860,880, from the row and 2 more
  the panel prices the bundle at 123,860,880, 165 x 750,672; the floor is 122,101,980
    market 123,860,880, typing 123,860,879, 1 under the market
    net sales 123,860,879 is 1 x 123,860,879
  typed 250; the net sales make it 1
    the panel holds 123,860,879 against the 123,860,879 typed
  tab 4 read in 20 ms after the listing: 0 slot(s) held

  list 1 at 123,860,879
    #         ms   share  step
    1       24.5    0.4%  read the panel before loading
    2      815.1   14.3%  ctrl-click (1,1) attempt 1
    3      580.7   10.2%  read the suggested price
    4     1654.7   29.1%  type the price 123,860,879
    5      942.5   16.6%  type the quantity 250
    6      314.9    5.5%  take the quantity from the net sales
    7       94.2    1.7%  read the price back before Register
    8      309.2    5.4%  click Register
    9       90.7    1.6%  find Confirmation
   10       21.7    0.4%  look for the underprice question
   11      308.9    5.4%  click Confirmation
   12      251.1    4.4%  park
   13      235.8    4.2%  confirm the dialog is gone
   14       18.3    0.3%  wait for the panel to let the item go
   15       19.9    0.3%  read tab 4 after the listing
          5682.2  100.0%  TOTAL
  listed 1 at 123,860,879; it lands in row 20
    'Chaos Core Set' was bought at 740,012 a unit and listed against a verified 750,672; a row of it with no cost of its own is floored at 740,012 from now on
DONE {"kind": "resupply", "core": "Chaos Core", "bought": 165, "listed": 1, "rows": [20]}

  resupply Chaos Core: bought 165, 165 into the craft, listed 1 in rows [20]
    #          ms   share     n      each  phase
    1    28,418.5   55.2%     1  28,418.5  craft Chaos Core into Chaos Core Set
    2     5,688.5   11.1%     1   5,688.5  list Chaos Core Set from (1, 1)
    3     5,233.1   10.2%     1   5,233.1  buy order 1
    4     4,399.1    8.5%     1   4,399.1  reopen the Agent Shop
    5     2,275.6    4.4%     1   2,275.6  select the Register tab
    6     1,302.1    2.5%     1   1,302.1  price Upgrade Core Set (Ultimate)
    7     1,243.4    2.4%     1   1,243.4  price Upgrade Core (Ultimate)
    8     1,239.5    2.4%     1   1,239.5  close the Agent Shop
    9       909.8    1.8%     1     909.8  select inventory tab 4
   10       765.6    1.5%     1     765.6  close the craft window
         51,475.2  100.0%
  Chaos Core: 4 of 6 row(s) after that one
  Alz 1,444,445,787 held covers 1,951 Chaos Core at 740,012; buying what it covers

-- Chaos Core: 4 row(s) --
  7 row(s) free inside 1-27
  Chaos Core Set 750,672 - Chaos Core 740,012 = 10,660
  a margin of 10,660 is worth 6 row(s) of Chaos Core; 4 held
  buy_min 150 rolled to 139 (+/-15); buying 141 in whole batches of 3
  1 stays behind on every row bought; an order 10 step(s) down with nothing spare takes the row it is on whole, and the next order leaves 1 behind again; each order prices the favourite afresh, then wheels down, up to 30 step(s)
  every order takes all of the row it lands on, up to 999 held, and the orders stop once 141 is held
TASK {"kind": "resupply", "core": "Chaos Core", "set": "Chaos Core Set", "slot": 3, "tab": 4}
  0/141 Chaos Core held
  row 1 offers 'Chaos Core' x163 at 740,012 (740,012/unit)
    row 1 leaves 10,660 a core against the 10,000 wanted
    balance before 1,444,445,787
    row 1 holds 163, 1 stays behind, so at most 162 comes off it
    dialog: '¢ Chaos Core'  qty 1 of 163  price 740012
    999 core(s) wanted, 1 to a pack -> 999 pack(s); 163 available, taking 162
    ordering 162 pack(s) at 119,881,944; the spend will confirm what actually bought
    balance after  1,324,563,843; spent 119,881,944 bought 162 pack(s) = 162 core(s) (740,012 a core)

  buy from favourite slot 3: bought 162 core(s) in 162 order(s)
    #         ms   share  step
    1        0.3    0.0%  get_price: focus the game
    2       98.4    1.5%  get_price: _trade_window_open (OCR 1300x190)
    3      114.1    1.8%  get_price: purchase_tab_showing
    4      170.0    2.7%  get_price: read row 1 before the search
    5      309.0    4.9%  get_price: click favourite slot 3
    6       90.6    1.4%  get_price: confirm the sort
    7      372.6    5.9%  get_price: poll row 1 until it answers (2 read(s))
    8     1177.3   18.5%  get_price: search the favourite and read row 1
    9      311.4    4.9%  select inventory tab 4
   10       93.6    1.5%  read the balance before buying
   11      359.4    5.7%  click the row at (500, 258)
   12      307.9    4.8%  click Buy at (828, 258)
   13       86.3    1.4%  await the Purchase dialog
   14      294.6    4.6%  read the dialog (item, price, qty, qty_max)
   15     1407.2   22.1%  click the quantity field and type 162
   16       84.9    1.3%  find the Buy button
   17      306.1    4.8%  click Buy
   18      250.7    3.9%  park
   19       86.5    1.4%  confirm the dialog is gone
   20      432.7    6.8%  read the balance after buying
          6353.7  100.0%  TOTAL
TASK {"kind": "resupply", "core": "Chaos Core", "set": "Chaos Core Set", "slot": 3, "tab": 4, "step": "craft", "holding": "Chaos Core", "qty": 162, "price": 0}
  Inventory shut; pressing I (attempt 1)
  right-clicking the craft key on tab 6 slot (1, 8) at (1871, 236) (attempt 1/3)
  opening the 2000-2999 tier at [90, 209]
  choosing Chaos Core Set x3 at [146, 268]
  162 Chaos Core(s) bought this pass, 3 to a craft
  Request All at [263, 730]
  waiting 20s for 162 core(s) (5s per 50, rounded up)
  Complete All at [872, 729]
  the Sets arrived in [(1, 1), (1, 2), (1, 3), (1, 4)]
  compressing tab 4 slot (1, 1) at (1479, 236)
  162 Chaos Core(s) went into the queue

  craft from 162 Chaos Core(s)
    #         ms   share  step
    1     2527.9    8.9%  open the craft window
    2     2434.8    8.6%  select the recipe
    3      309.1    1.1%  Request All
    4    20001.0   70.4%  wait for the queue
    5      907.5    3.2%  select inventory tab 4 before completing
    6       20.2    0.1%  read the slots before any Set arrives
    7      809.0    2.8%  Complete All
    8     1390.6    4.9%  compress the crafted Sets
         28400.3  100.0%  TOTAL
TASK {"kind": "resupply", "core": "Chaos Core", "set": "Chaos Core Set", "slot": 3, "tab": 4, "step": "list", "holding": "Chaos Core Set", "qty": 162, "price": 0}
  the Agent Shop is shut and the vendor is not open either; reopening it
  Inventory shut: slot grid 0.09, needs 0.33
  listing the Chaos Core Set compressed into (1, 1) from 162 Chaos Core(s)
  the board's cheapest is 750,672 a Set, and the panel scales that to whatever the bundle holds
  it cost 740,012 a Core, so no Set goes out under that
  inventory slot (1,1) at (1479, 236)
    read: current min 121,608,702, price field 121,608,702, net sales 121,608,702, week average 117,950,256, listed at unread
    the lowest listed price is 121,608,702, from the row and 2 more
  the panel prices the bundle at 121,608,702, 162 x 750,672; the floor is 119,881,944
    market 121,608,702, typing 121,608,701, 1 under the market
    net sales 121,608,701 is 1 x 121,608,701
  typed 250; the net sales make it 1
    the panel holds 121,608,701 against the 121,608,701 typed
  tab 4 read in 20 ms after the listing: 0 slot(s) held

  list 1 at 121,608,701
    #         ms   share  step
    1       19.0    0.3%  read the panel before loading
    2      807.6   14.3%  ctrl-click (1,1) attempt 1
    3      584.5   10.3%  read the suggested price
    4     1652.9   29.2%  type the price 121,608,701
    5      947.4   16.8%  type the quantity 250
    6      302.8    5.4%  take the quantity from the net sales
    7       93.2    1.6%  read the price back before Register
    8      307.2    5.4%  click Register
    9       93.6    1.7%  find Confirmation
   10       20.2    0.4%  look for the underprice question
   11      308.2    5.4%  click Confirmation
   12      250.8    4.4%  park
   13      231.6    4.1%  confirm the dialog is gone
   14       16.6    0.3%  wait for the panel to let the item go
   15       20.0    0.4%  read tab 4 after the listing
          5655.7  100.0%  TOTAL
  listed 1 at 121,608,701; it lands in row 21
    'Chaos Core Set' was bought at 740,012 a unit and listed against a verified 750,671; a row of it with no cost of its own is floored at 740,012 from now on
DONE {"kind": "resupply", "core": "Chaos Core", "bought": 162, "listed": 1, "rows": [21]}

  resupply Chaos Core: bought 162, 162 into the craft, listed 1 in rows [21]
    #          ms   share     n      each  phase
    1    28,422.5   53.9%     1  28,422.5  craft Chaos Core into Chaos Core Set
    2     5,662.7   10.7%     1   5,662.7  list Chaos Core Set from (1, 1)
    3     5,209.6    9.9%     1   5,209.6  buy order 1
    4     4,509.9    8.6%     1   4,509.9  reopen the Agent Shop
    5     2,474.3    4.7%     1   2,474.3  price Chaos Core
    6     2,271.6    4.3%     1   2,271.6  select the Register tab
    7     1,251.7    2.4%     1   1,251.7  price Chaos Core Set
    8     1,215.7    2.3%     1   1,215.7  close the Agent Shop
    9       906.9    1.7%     1     906.9  select inventory tab 4
   10       762.2    1.4%     1     762.2  close the craft window
         52,687.0  100.0%
  Chaos Core: 5 of 6 row(s) after that one
  Alz 1,324,563,843 held covers 1,789 Chaos Core at 740,012; buying what it covers

-- Chaos Core: 5 row(s) --
  6 row(s) free inside 1-27
  Chaos Core Set 750,670 - Chaos Core 740,012 = 10,658
  a margin of 10,658 is worth 6 row(s) of Chaos Core; 5 held
  buy_min 150 rolled to 145 (+/-15); buying 147 in whole batches of 3
  1 stays behind on every row bought; an order 10 step(s) down with nothing spare takes the row it is on whole, and the next order leaves 1 behind again; each order prices the favourite afresh, then wheels down, up to 30 step(s)
  every order takes all of the row it lands on, up to 999 held, and the orders stop once 147 is held
TASK {"kind": "resupply", "core": "Chaos Core", "set": "Chaos Core Set", "slot": 3, "tab": 4}
  0/147 Chaos Core held
  row 1 offers 'Chaos Core' x100 at 740,012 (740,012/unit)
    row 1 leaves 10,658 a core against the 10,000 wanted
    balance before 1,324,563,843
    row 1 holds 100, 1 stays behind, so at most 99 comes off it
    dialog: '¢ Chaos Core'  qty 1 of 100  price 740012
    999 core(s) wanted, 1 to a pack -> 999 pack(s); 100 available, taking 99
    ordering 99 pack(s) at 73,261,188; the spend will confirm what actually bought
    balance after  1,251,302,655; spent 73,261,188 bought 99 pack(s) = 99 core(s) (740,012 a core)

  buy from favourite slot 3: bought 99 core(s) in 99 order(s)
    #         ms   share  step
    1        0.4    0.0%  get_price: focus the game
    2       97.7    1.6%  get_price: _trade_window_open (OCR 1300x190)
    3      117.9    1.9%  get_price: purchase_tab_showing
    4      173.3    2.8%  get_price: read row 1 before the search
    5      309.6    5.0%  get_price: click favourite slot 3
    6       88.4    1.4%  get_price: confirm the sort
    7      376.1    6.1%  get_price: poll row 1 until it answers (2 read(s))
    8     1189.7   19.4%  get_price: search the favourite and read row 1
    9      310.5    5.1%  select inventory tab 4
   10       92.4    1.5%  read the balance before buying
   11      361.2    5.9%  click the row at (500, 258)
   12      309.5    5.0%  click Buy at (828, 258)
   13       90.0    1.5%  await the Purchase dialog
   14      294.8    4.8%  read the dialog (item, price, qty, qty_max)
   15     1325.9   21.6%  click the quantity field and type 99
   16       85.5    1.4%  find the Buy button
   17      310.7    5.1%  click Buy
   18      250.7    4.1%  park
   19       84.3    1.4%  confirm the dialog is gone
   20      268.3    4.4%  read the balance after buying
          6137.1  100.0%  TOTAL
  99/147 Chaos Core held
  row 1 offers 'Chaos Core' x1 at 739,374 (739,374/unit)

  buy from favourite slot 3: REFUSED
    #         ms   share  step
    1        0.5    0.0%  get_price: focus the game
    2       99.4    4.1%  get_price: _trade_window_open (OCR 1300x190)
    3      115.5    4.7%  get_price: purchase_tab_showing
    4      165.8    6.8%  get_price: read row 1 before the search
    5      310.4   12.7%  get_price: click favourite slot 3
    6       89.9    3.7%  get_price: confirm the sort
    7      425.6   17.4%  get_price: poll row 1 until it answers (2 read(s))
    8     1236.5   50.6%  get_price: search the favourite and read row 1
          2443.6  100.0%  TOTAL
  row 1 holds 1 and 1 stays behind, so there is nothing spare to take here.
  wheeled 1 notch(es) down the offers, from row 2 at (500, 313)
  row 1 offers 'Chaos Core' x1 at 740,012 (740,012/unit)

  buy from favourite slot 3: REFUSED
    #         ms   share  step
    1        0.5    0.1%  get_price: focus the game
    2       97.9   10.1%  get_price: _trade_window_open (OCR 1300x190)
    3      116.5   12.0%  get_price: purchase_tab_showing
    4      271.5   27.9%  get_price: read row 1 where it stands
    5      486.4   50.0%  get_price: search the favourite and read row 1
           972.8  100.0%  TOTAL
  row 1 holds 1 and 1 stays behind, so there is nothing spare to take here.
  wheeled 1 notch(es) down the offers, from row 2 at (500, 313)
  row 1 offers 'Chaos Core' x40 at 740,012 (740,012/unit)
    row 1 leaves 10,658 a core against the 10,000 wanted
    balance before 1,251,302,655
    row 1 holds 40, 1 stays behind, so at most 39 comes off it
    dialog: '¢ Chaos Core'  qty 1 of 40  price 740012
    900 core(s) wanted, 1 to a pack -> 900 pack(s); 40 available, taking 39
    ordering 39 pack(s) at 28,860,468; the spend will confirm what actually bought
    balance after  1,222,442,187; spent 28,860,468 bought 39 pack(s) = 39 core(s) (740,012 a core)

  buy from favourite slot 3: bought 39 core(s) in 39 order(s)
    #         ms   share  step
    1        0.4    0.0%  get_price: focus the game
    2       97.1    2.2%  get_price: _trade_window_open (OCR 1300x190)
    3      117.9    2.6%  get_price: purchase_tab_showing
    4      208.4    4.7%  get_price: read row 1 where it stands
    5      424.0    9.5%  get_price: search the favourite and read row 1
    6      313.9    7.0%  select inventory tab 4
    7      116.9    2.6%  read the balance before buying
    8      357.7    8.0%  click the row at (500, 258)
    9      308.6    6.9%  click Buy at (828, 258)
   10       89.5    2.0%  await the Purchase dialog
   11      295.6    6.6%  read the dialog (item, price, qty, qty_max)
   12     1326.3   29.6%  click the quantity field and type 39
   13       86.1    1.9%  find the Buy button
   14      310.1    6.9%  click Buy
   15      250.8    5.6%  park
   16       86.2    1.9%  confirm the dialog is gone
   17       91.5    2.0%  read the balance after buying
          4481.2  100.0%  TOTAL
  138/147 Chaos Core held
  row 1 offers 'Chaos Core' x1 at 739,374 (739,374/unit)

  buy from favourite slot 3: REFUSED
    #         ms   share  step
    1        0.3    0.0%  get_price: focus the game
    2       99.0    2.1%  get_price: _trade_window_open (OCR 1300x190)
    3      115.7    2.4%  get_price: purchase_tab_showing
    4      167.9    3.5%  get_price: read row 1 before the search
    5      309.3    6.5%  get_price: click favourite slot 3
    6       89.4    1.9%  get_price: confirm the sort
    7     1596.3   33.4%  get_price: poll row 1 until it answers (9 read(s))
    8     2402.3   50.3%  get_price: search the favourite and read row 1
          4780.3  100.0%  TOTAL
  row 1 holds 1 and 1 stays behind, so there is nothing spare to take here.
  wheeled 1 notch(es) down the offers, from row 2 at (500, 313)
  row 1 offers 'Chaos Core' x1 at 740,012 (740,012/unit)

  buy from favourite slot 3: REFUSED
    #         ms   share  step
    1        0.4    0.0%  get_price: focus the game
    2       98.5   10.3%  get_price: _trade_window_open (OCR 1300x190)
    3      113.3   11.8%  get_price: purchase_tab_showing
    4      266.9   27.9%  get_price: read row 1 where it stands
    5      479.1   50.0%  get_price: search the favourite and read row 1
           958.2  100.0%  TOTAL
  row 1 holds 1 and 1 stays behind, so there is nothing spare to take here.
  wheeled 1 notch(es) down the offers, from row 2 at (500, 313)
  row 1 offers 'Chaos Core' x1 at 740,012 (740,012/unit)

  buy from favourite slot 3: REFUSED
    #         ms   share  step
    1        0.4    0.0%  get_price: focus the game
    2       98.9   10.2%  get_price: _trade_window_open (OCR 1300x190)
    3      113.8   11.8%  get_price: purchase_tab_showing
    4      270.4   28.0%  get_price: read row 1 where it stands
    5      483.5   50.0%  get_price: search the favourite and read row 1
           967.0  100.0%  TOTAL
  row 1 holds 1 and 1 stays behind, so there is nothing spare to take here.
  wheeled 1 notch(es) down the offers, from row 2 at (500, 313)
  row 1 offers 'Chaos Core' x61 at 740,012 (740,012/unit)
    row 1 leaves 10,658 a core against the 10,000 wanted
    balance before 1,222,442,187
    row 1 holds 61, 1 stays behind, so at most 60 comes off it
    dialog: '¢ Chaos Core'  qty 1 of 61  price 740012
    861 core(s) wanted, 1 to a pack -> 861 pack(s); 61 available, taking 60
    ordering 60 pack(s) at 44,400,720; the spend will confirm what actually bought
    balance after  1,178,041,467; spent 44,400,720 bought 60 pack(s) = 60 core(s) (740,012 a core)

  buy from favourite slot 3: bought 60 core(s) in 60 order(s)
    #         ms   share  step
    1        0.4    0.0%  get_price: focus the game
    2      100.9    2.2%  get_price: _trade_window_open (OCR 1300x190)
    3      127.4    2.8%  get_price: purchase_tab_showing
    4      206.3    4.5%  get_price: read row 1 where it stands
    5      435.0    9.5%  get_price: search the favourite and read row 1
    6      309.8    6.8%  select inventory tab 4
    7       94.0    2.1%  read the balance before buying
    8      360.3    7.9%  click the row at (500, 258)
    9      311.6    6.8%  click Buy at (828, 258)
   10       90.3    2.0%  await the Purchase dialog
   11      294.1    6.4%  read the dialog (item, price, qty, qty_max)
   12     1329.4   29.1%  click the quantity field and type 60
   13       87.6    1.9%  find the Buy button
   14      311.2    6.8%  click Buy
   15      250.7    5.5%  park
   16       82.7    1.8%  confirm the dialog is gone
   17      182.9    4.0%  read the balance after buying
          4574.6  100.0%  TOTAL
TASK {"kind": "resupply", "core": "Chaos Core", "set": "Chaos Core Set", "slot": 3, "tab": 4, "step": "craft", "holding": "Chaos Core", "qty": 198, "price": 0}
  Inventory shut; pressing I (attempt 1)
  right-clicking the craft key on tab 6 slot (1, 8) at (1871, 236) (attempt 1/3)
  opening the 2000-2999 tier at [90, 209]
  choosing Chaos Core Set x3 at [146, 268]
  198 Chaos Core(s) bought this pass, 3 to a craft
  Request All at [263, 730]
  waiting 20s for 198 core(s) (5s per 50, rounded up)
  Complete All at [872, 729]
  the Sets arrived in [(1, 1), (1, 2), (1, 3), (1, 4)]
  compressing tab 4 slot (1, 1) at (1479, 236)
  198 Chaos Core(s) went into the queue

  craft from 198 Chaos Core(s)
    #         ms   share  step
    1     2406.2    8.5%  open the craft window
    2     2448.1    8.6%  select the recipe
    3      308.7    1.1%  Request All
    4    20001.1   70.6%  wait for the queue
    5      911.3    3.2%  select inventory tab 4 before completing
    6       25.4    0.1%  read the slots before any Set arrives
    7      816.1    2.9%  Complete All
    8     1398.1    4.9%  compress the crafted Sets
         28315.1  100.0%  TOTAL
TASK {"kind": "resupply", "core": "Chaos Core", "set": "Chaos Core Set", "slot": 3, "tab": 4, "step": "list", "holding": "Chaos Core Set", "qty": 198, "price": 0}
  the Agent Shop is shut and the vendor is not open either; reopening it
  Inventory shut: slot grid 0.09, needs 0.33
  listing the Chaos Core Set compressed into (1, 1) from 198 Chaos Core(s)
  the board's cheapest is 750,670 a Set, and the panel scales that to whatever the bundle holds
  it cost 740,012 a Core, so no Set goes out under that
  inventory slot (1,1) at (1479, 236)
    read: current min 148,631,868, price field 148,631,868, net sales 148,631,868, week average 144,161,424, listed at unread
    the lowest listed price is 148,631,868, from the row and 2 more
  the panel prices the bundle at 148,631,868, 198 x 750,670; the floor is 146,522,376
    market 148,631,868, typing 148,631,867, 1 under the market
    net sales 148,631,867 is 1 x 148,631,867
  typed 250; the net sales make it 1
    the panel holds 148,631,867 against the 148,631,867 typed
  tab 4 read in 21 ms after the listing: 0 slot(s) held

  list 1 at 148,631,867
    #         ms   share  step
    1       19.4    0.3%  read the panel before loading
    2      810.5   14.3%  ctrl-click (1,1) attempt 1
    3      583.3   10.3%  read the suggested price
    4     1654.9   29.1%  type the price 148,631,867
    5      946.0   16.7%  type the quantity 250
    6      312.5    5.5%  take the quantity from the net sales
    7       93.7    1.6%  read the price back before Register
    8      316.0    5.6%  click Register
    9       97.5    1.7%  find Confirmation
   10       18.7    0.3%  look for the underprice question
   11      308.2    5.4%  click Confirmation
   12      250.9    4.4%  park
   13      230.7    4.1%  confirm the dialog is gone
   14       18.1    0.3%  wait for the panel to let the item go
   15       20.6    0.4%  read tab 4 after the listing
          5681.0  100.0%  TOTAL
  listed 1 at 148,631,867; it lands in row 22
    'Chaos Core Set' was bought at 740,012 a unit and listed against a verified 750,666; a row of it with no cost of its own is floored at 740,012 from now on
DONE {"kind": "resupply", "core": "Chaos Core", "bought": 198, "listed": 1, "rows": [22]}

  resupply Chaos Core: bought 198, 198 into the craft, listed 1 in rows [22]
    #          ms   share     n      each  phase
    1    28,341.9   42.0%     1  28,341.9  craft Chaos Core into Chaos Core Set
    2     5,687.5    8.4%     1   5,687.5  list Chaos Core Set from (1, 1)
    3     4,994.2    7.4%     1   4,994.2  buy order 1
    4     4,408.2    6.5%     1   4,408.2  reopen the Agent Shop
    5     4,159.5    6.2%     1   4,159.5  buy order 8
    6     4,073.3    6.0%     1   4,073.3  buy order 4
    7     2,448.4    3.6%     1   2,448.4  price Chaos Core
    8     2,403.3    3.6%     1   2,403.3  buy order 5
    9     2,274.1    3.4%     1   2,274.1  select the Register tab
   10     1,237.2    1.8%     1   1,237.2  buy order 2
   11     1,232.0    1.8%     1   1,232.0  close the Agent Shop
   12     1,211.4    1.8%     1   1,211.4  price Chaos Core Set
   13       910.5    1.3%     1     910.5  select inventory tab 4
   14       800.6    1.2%     1     800.6  close the craft window
   15       743.7    1.1%     2     371.9  step down to the next offer (2)
   16       743.3    1.1%     2     371.7  step down to the next offer (1)
   17       487.2    0.7%     1     487.2  buy order 3
   18       484.3    0.7%     1     484.3  buy order 7
   19       479.9    0.7%     1     479.9  buy order 6
   20       371.2    0.6%     1     371.2  step down to the next offer (3)
         67,491.9  100.0%
  Chaos Core: 6 of 6 row(s) after that one

  Armor Account bind Unseal Stone: 1 row(s) inside 1-27, 1 wanted; row 2 'Armor Account bind Unseal Stone'
    floor 187,364,780: 500/1000 of the 374,729,560 voucher, read at launch

  Armor Account bind Seal Stone: 1 row(s) inside 1-27, 1 wanted; row 3 'Armor Account bind Seal Stone'
    floor 187,364,780: 500/1000 of the 374,729,560 voucher, read at launch

  Blessing Bead - Superior: 1 row(s) inside 1-27, 1 wanted; row 1 'Blessing Bead - Superior'
    floor 163,756,817: 437/1000 of the 374,729,560 voucher, read at launch
    the quantity column read 'Superior', which holds no digits, so it is the end of the name and not a count; reading the row as 'Blessing Bead - Superior' and letting the panel count what is there
    one line read 'aa 1 169,999,998 OnSale Change'; read as stacked lines it is 'Blessing Bead - Superior 169,999,998 OnSale Change'
  tab 4 known from the last listing: 0 slot(s) held
  row 1: 'Blessing Bead - Superior' x1 at 169,999,998 -> tab 4 slot (1, 1)
    floor 163,756,817 from what it cost; listed at 169,999,998, above it
TASK {"kind": "relist", "row": 1, "item": "Blessing Bead - Superior", "qty": 1, "price": 169999998, "tab": 4, "slot": [1, 1], "lands_in": 1}
  inventory slot (1,1) at (1479, 236)
    read: current min 169,999,999, price field 169,999,999, net sales 169,999,999, week average 192,063,448, listed at 169,999,998
    the lowest listed price is 169,999,999, from the row and 3 more
    market 169,999,999, typing 169,999,998, 1 under the market
    net sales 169,999,998 is 1 x 169,999,998
  typed 250; the net sales make it 1
    the panel holds 169,999,998 against the 169,999,998 typed
  tab 4 read in 25 ms after the listing: 0 slot(s) held

  list 1 at 169,999,998
    #         ms   share  step
    1       17.4    0.3%  read the panel before loading
    2       17.1    0.3%  wait for slot (1,1) to fill
    3      813.2   14.2%  ctrl-click (1,1) attempt 1
    4      591.4   10.3%  read the suggested price
    5     1659.9   29.0%  type the price 169,999,998
    6      944.7   16.5%  type the quantity 250
    7      307.8    5.4%  take the quantity from the net sales
    8       94.4    1.7%  read the price back before Register
    9      315.3    5.5%  click Register
   10       93.3    1.6%  find Confirmation
   11       19.9    0.3%  look for the underprice question
   12      307.9    5.4%  click Confirmation
   13      250.7    4.4%  park
   14      238.8    4.2%  confirm the dialog is gone
   15       19.2    0.3%  wait for the panel to let the item go
   16       24.7    0.4%  read tab 4 after the listing
          5715.6  100.0%  TOTAL
  listed 1 at 169,999,998; it lands in row 1
DONE {"kind": "relist", "row": 1, "lands_in": 1, "qty": 1, "price": 169999998, "item": "Blessing Bead - Superior"}
    relisted 1 at 169,999,998 in row 1
  tab 4 known from the last listing: 0 slot(s) held
  row 2: 'Armor Account bind Unseal Stone' x1 at 187,364,780 -> tab 4 slot (1, 1)
    floor 187,364,780 from what it cost; listed at 187,364,780, above it
TASK {"kind": "relist", "row": 2, "item": "Armor Account bind Unseal Stone", "qty": 1, "price": 187364780, "tab": 4, "slot": [1, 1], "lands_in": 2}
  inventory slot (1,1) at (1479, 236)
    read: current min 186,500,000, price field 186,500,000, net sales 186,500,000, week average 192,114,171, listed at 187,364,780
    the lowest listed price is 186,500,000, from the row and 3 more
    market 186,499,999 is under the 187,364,780 floor (it is worth what it cost); listing at the floor
    market 186,500,000, typing 187,364,780, 864,780 over the market
    net sales 187,364,780 is 1 x 187,364,780
  typed 250; the net sales make it 1
    the panel holds 187,364,780 against the 187,364,780 typed
  tab 4 read in 21 ms after the listing: 0 slot(s) held

  list 1 at 187,364,780
    #         ms   share  step
    1       18.7    0.3%  read the panel before loading
    2       16.8    0.3%  wait for slot (1,1) to fill
    3      811.0   14.3%  ctrl-click (1,1) attempt 1
    4      589.5   10.4%  read the suggested price
    5     1657.5   29.2%  type the price 187,364,780
    6      945.5   16.6%  type the quantity 250
    7      305.5    5.4%  take the quantity from the net sales
    8       94.9    1.7%  read the price back before Register
    9      309.5    5.4%  click Register
   10       91.1    1.6%  find Confirmation
   11       18.1    0.3%  look for the underprice question
   12      307.3    5.4%  click Confirmation
   13      250.8    4.4%  park
   14      228.2    4.0%  confirm the dialog is gone
   15       16.8    0.3%  wait for the panel to let the item go
   16       20.9    0.4%  read tab 4 after the listing
          5682.1  100.0%  TOTAL
  listed 1 at 187,364,780; it lands in row 2
DONE {"kind": "relist", "row": 2, "lands_in": 2, "qty": 1, "price": 187364780, "item": "Armor Account bind Unseal Stone"}
    relisted 1 at 187,364,780 in row 2, 3 relist(s) on the floor now
  tab 4 known from the last listing: 0 slot(s) held
  row 3: 'Armor Account bind Seal Stone' x2 at 187,364,780 -> tab 4 slot (1, 1)
    floor 187,364,780 from what it cost; listed at 187,364,780, above it
TASK {"kind": "relist", "row": 3, "item": "Armor Account bind Seal Stone", "qty": 2, "price": 187364780, "tab": 4, "slot": [1, 1], "lands_in": 3}
  inventory slot (1,1) at (1479, 236)
    read: current min 186,500,000, price field 186,500,000, net sales 186,500,000, week average 190,073,428, listed at 187,364,780
    the lowest listed price is 186,500,000, from the row and 3 more
    market 186,499,999 is under the 187,364,780 floor (it is worth what it cost); listing at the floor
    market 186,500,000, typing 187,364,780, 864,780 over the market
    net sales 374,729,560 is 2 x 187,364,780
  typed 250; the net sales make it 2
    the panel holds 187,364,780 against the 187,364,780 typed
  tab 4 read in 21 ms after the listing: 0 slot(s) held

  list 2 at 187,364,780
    #         ms   share  step
    1       20.9    0.4%  read the panel before loading
    2       18.5    0.3%  wait for slot (1,1) to fill
    3      808.6   14.3%  ctrl-click (1,1) attempt 1
    4      589.0   10.4%  read the suggested price
    5     1654.9   29.2%  type the price 187,364,780
    6      945.5   16.7%  type the quantity 250
    7      303.6    5.4%  take the quantity from the net sales
    8       90.7    1.6%  read the price back before Register
    9      308.3    5.4%  click Register
   10       92.3    1.6%  find Confirmation
   11       16.4    0.3%  look for the underprice question
   12      307.8    5.4%  click Confirmation
   13      251.0    4.4%  park
   14      226.3    4.0%  confirm the dialog is gone
   15       18.5    0.3%  wait for the panel to let the item go
   16       21.1    0.4%  read tab 4 after the listing
          5673.5  100.0%  TOTAL
  listed 2 at 187,364,780; it lands in row 3
DONE {"kind": "relist", "row": 3, "lands_in": 3, "qty": 2, "price": 187364780, "item": "Armor Account bind Seal Stone"}
    relisted 2 at 187,364,780 in row 3, 3 relist(s) on the floor now
  tab 4 known from the last listing: 0 slot(s) held
  row 4: 'Force Core (Ultimate' x9 at 359,983 -> tab 4 slot (1, 1)
    floor 346,662 (346,662 x 1) from Force Core Set (Ultimate) as last bought; listed at 359,983, above it
TASK {"kind": "relist", "row": 4, "item": "Force Core (Ultimate", "qty": 9, "price": 359983, "tab": 4, "slot": [1, 1], "lands_in": 4}
  inventory slot (1,1) at (1479, 236)
    read: current min 359,977, price field 359,977, net sales 359,977, week average 411,299, listed at 359,983
    the lowest listed price is 359,977, from the row and 3 more
    market 359,977, typing 359,976, 1 under the market
    net sales 3,239,784 is 9 x 359,976
  typed 250; the net sales make it 9
    the panel holds 359,976 against the 359,976 typed
  tab 4 read in 20 ms after the listing: 0 slot(s) held

  list 9 at 359,976
    #         ms   share  step
    1       20.9    0.4%  read the panel before loading
    2       19.4    0.4%  wait for slot (1,1) to fill
    3      811.7   14.9%  ctrl-click (1,1) attempt 1
    4      584.7   10.7%  read the suggested price
    5     1446.3   26.5%  type the price 359,976
    6      946.3   17.3%  type the quantity 250
    7      301.3    5.5%  take the quantity from the net sales
    8       91.0    1.7%  read the price back before Register
    9      309.4    5.7%  click Register
   10       92.1    1.7%  find Confirmation
   11       15.4    0.3%  look for the underprice question
   12      309.0    5.7%  click Confirmation
   13      251.1    4.6%  park
   14      227.0    4.2%  confirm the dialog is gone
   15       18.0    0.3%  wait for the panel to let the item go
   16       20.0    0.4%  read tab 4 after the listing
          5463.6  100.0%  TOTAL
  listed 9 at 359,976; it lands in row 4
DONE {"kind": "relist", "row": 4, "lands_in": 4, "qty": 9, "price": 359976, "item": "Force Core (Ultimate"}
    relisted 9 at 359,976 in row 4
  tab 4 known from the last listing: 0 slot(s) held
  row 5: 'Astral Core(Palladium) X 127' x6 at 194,690 -> tab 4 slot (1, 1)
    no floor for 'Astral Core(Palladium) X 127'
TASK {"kind": "relist", "row": 5, "item": "Astral Core(Palladium) X 127", "qty": 6, "price": 194690, "tab": 4, "slot": [1, 1], "lands_in": 5}
  inventory slot (1,1) at (1479, 236)
    read: current min 194,691, price field 194,691, net sales 194,691, week average 199,771, listed at 194,690
    the lowest listed price is 194,691, from the row and 3 more
    market 194,691, typing 194,690, 1 under the market
    net sales 1,168,140 is 6 x 194,690
  typed 250; the net sales make it 6
    the panel holds 194,690 against the 194,690 typed
  tab 4 read in 21 ms after the listing: 0 slot(s) held

  list 6 at 194,690
    #         ms   share  step
    1       19.9    0.4%  read the panel before loading
    2       17.0    0.3%  wait for slot (1,1) to fill
    3      815.1   15.0%  ctrl-click (1,1) attempt 1
    4      575.1   10.6%  read the suggested price
    5     1442.9   26.5%  type the price 194,690
    6      942.2   17.3%  type the quantity 250
    7      303.3    5.6%  take the quantity from the net sales
    8       87.7    1.6%  read the price back before Register
    9      310.1    5.7%  click Register
   10       91.3    1.7%  find Confirmation
   11       18.6    0.3%  look for the underprice question
   12      307.7    5.6%  click Confirmation
   13      251.1    4.6%  park
   14      232.6    4.3%  confirm the dialog is gone
   15       15.8    0.3%  wait for the panel to let the item go
   16       20.6    0.4%  read tab 4 after the listing
          5451.0  100.0%  TOTAL
  listed 6 at 194,690; it lands in row 5
DONE {"kind": "relist", "row": 5, "lands_in": 5, "qty": 6, "price": 194690, "item": "Astral Core(Palladium) X 127"}
    relisted 6 at 194,690 in row 5
  tab 4 known from the last listing: 0 slot(s) held
  row 6: 'Force Core (Ultimate' x5 at 359,982 -> tab 4 slot (1, 1)
    floor 346,662 (346,662 x 1) from Force Core Set (Ultimate) as last bought; listed at 359,982, above it
TASK {"kind": "relist", "row": 6, "item": "Force Core (Ultimate", "qty": 5, "price": 359982, "tab": 4, "slot": [1, 1], "lands_in": 6}
  inventory slot (1,1) at (1479, 236)
    read: current min 359,976, price field 359,976, net sales 359,976, week average 411,299, listed at 359,982
    the lowest listed price is 359,976, from the row and 3 more
    market 359,976, typing 359,975, 1 under the market
    net sales 1,799,875 is 5 x 359,975
  typed 250; the net sales make it 5
    the panel holds 359,975 against the 359,975 typed
  tab 4 read in 20 ms after the listing: 0 slot(s) held

  list 5 at 359,975
    #         ms   share  step
    1       17.4    0.3%  read the panel before loading
    2       20.1    0.4%  wait for slot (1,1) to fill
    3      811.0   14.9%  ctrl-click (1,1) attempt 1
    4      584.9   10.7%  read the suggested price
    5     1440.9   26.4%  type the price 359,975
    6      947.6   17.4%  type the quantity 250
    7      298.5    5.5%  take the quantity from the net sales
    8       90.6    1.7%  read the price back before Register
    9      310.9    5.7%  click Register
   10       97.0    1.8%  find Confirmation
   11       19.7    0.4%  look for the underprice question
   12      306.2    5.6%  click Confirmation
   13      250.8    4.6%  park
   14      227.1    4.2%  confirm the dialog is gone
   15       18.0    0.3%  wait for the panel to let the item go
   16       20.2    0.4%  read tab 4 after the listing
          5461.0  100.0%  TOTAL
  listed 5 at 359,975; it lands in row 6
DONE {"kind": "relist", "row": 6, "lands_in": 6, "qty": 5, "price": 359975, "item": "Force Core (Ultimate"}
    relisted 5 at 359,975 in row 6
  tab 4 known from the last listing: 0 slot(s) held
  row 7: 'Force Core(High' x73 at 185,930 -> tab 4 slot (1, 1)
    floor 185,930 (185,930 x 1) from Force Core Set (High) as last bought; listed at 185,930, above it
TASK {"kind": "relist", "row": 7, "item": "Force Core(High", "qty": 73, "price": 185930, "tab": 4, "slot": [1, 1], "lands_in": 7}
  inventory slot (1,1) at (1479, 236)
    read: current min 185,097, price field 185,097, net sales 185,097, week average 199,396, listed at 185,930
    the lowest listed price is 185,097, from the row and 3 more
    market 185,096 is under the 185,930 floor (a Force Core Set (High) as last bought costs 185,930); listing at the floor
    market 185,097, typing 185,930, 833 over the market
    net sales 13,572,890 is 73 x 185,930
  typed 250; the net sales make it 73
    the panel holds 185,930 against the 185,930 typed
  tab 4 read in 20 ms after the listing: 0 slot(s) held

  list 73 at 185,930
    #         ms   share  step
    1       19.4    0.4%  read the panel before loading
    2       15.6    0.3%  wait for slot (1,1) to fill
    3      808.1   14.8%  ctrl-click (1,1) attempt 1
    4      580.9   10.7%  read the suggested price
    5     1443.6   26.5%  type the price 185,930
    6      945.8   17.3%  type the quantity 250
    7      306.2    5.6%  take the quantity from the net sales
    8       89.1    1.6%  read the price back before Register
    9      306.3    5.6%  click Register
   10       92.3    1.7%  find Confirmation
   11       17.5    0.3%  look for the underprice question
   12      307.1    5.6%  click Confirmation
   13      250.8    4.6%  park
   14      230.8    4.2%  confirm the dialog is gone
   15       18.4    0.3%  wait for the panel to let the item go
   16       20.0    0.4%  read tab 4 after the listing
          5452.0  100.0%  TOTAL
  listed 73 at 185,930; it lands in row 7
DONE {"kind": "relist", "row": 7, "lands_in": 7, "qty": 73, "price": 185930, "item": "Force Core(High"}
    relisted 73 at 185,930 in row 7, 3 relist(s) on the floor now
  tab 4 known from the last listing: 0 slot(s) held
  row 8: 'Force Core(High' x117 at 185,930 -> tab 4 slot (1, 1)
    floor 185,930 (185,930 x 1) from Force Core Set (High) as last bought; listed at 185,930, above it
TASK {"kind": "relist", "row": 8, "item": "Force Core(High", "qty": 117, "price": 185930, "tab": 4, "slot": [1, 1], "lands_in": 8}
  inventory slot (1,1) at (1479, 236)
    read: current min 185,097, price field 185,097, net sales 185,097, week average 199,396, listed at 185,930
    the lowest listed price is 185,097, from the row and 3 more
    market 185,096 is under the 185,930 floor (a Force Core Set (High) as last bought costs 185,930); listing at the floor
    market 185,097, typing 185,930, 833 over the market
    net sales 21,753,810 is 117 x 185,930
  typed 250; the net sales make it 117
    the panel holds 185,930 against the 185,930 typed
  tab 4 read in 20 ms after the listing: 0 slot(s) held

  list 117 at 185,930
    #         ms   share  step
    1       17.4    0.3%  read the panel before loading
    2       18.3    0.3%  wait for slot (1,1) to fill
    3      809.3   14.8%  ctrl-click (1,1) attempt 1
    4      580.2   10.6%  read the suggested price
    5     1442.8   26.3%  type the price 185,930
    6      953.4   17.4%  type the quantity 250
    7      305.9    5.6%  take the quantity from the net sales
    8       93.1    1.7%  read the price back before Register
    9      309.5    5.7%  click Register
   10       93.4    1.7%  find Confirmation
   11       20.2    0.4%  look for the underprice question
   12      307.6    5.6%  click Confirmation
   13      250.8    4.6%  park
   14      233.6    4.3%  confirm the dialog is gone
   15       20.3    0.4%  wait for the panel to let the item go
   16       20.4    0.4%  read tab 4 after the listing
          5476.3  100.0%  TOTAL
  listed 117 at 185,930; it lands in row 8
DONE {"kind": "relist", "row": 8, "lands_in": 8, "qty": 117, "price": 185930, "item": "Force Core(High"}
    relisted 117 at 185,930 in row 8, 3 relist(s) on the floor now
    the quantity column read 'Saver', which holds no digits, so it is the end of the name and not a count; reading the row as 'Wexp Saver' and letting the panel count what is there
  tab 4 known from the last listing: 0 slot(s) held
  row 9: 'Wexp Saver' x1 at 65,940,000 -> tab 4 slot (1, 1)
    the quantity column read 'Saver', which holds no digits, so it is the end of the name and not a count; reading the row as 'Wexp Saver' and letting the panel count what is there
    no floor for 'Wexp Saver'
TASK {"kind": "relist", "row": 9, "item": "Wexp Saver", "qty": 1, "price": 65940000, "tab": 4, "slot": [1, 1], "lands_in": 9}
  inventory slot (1,1) at (1479, 236)
    read: current min 63,666,666, price field 63,666,666, net sales 63,666,666, week average 63,911,720, listed at 65,940,000
    the lowest listed price is 63,666,666, from the row and 3 more
    the market asks 63,666,665, 2,273,335 under our 65,940,000; holding at 65,930,000, the most this row may fall in one relist
    market 63,666,666, typing 65,930,000, 2,263,334 over the market
    net sales 65,930,000 is 1 x 65,930,000
  typed 250; the net sales make it 1
    the panel holds 65,930,000 against the 65,930,000 typed
  tab 4 read in 23 ms after the listing: 0 slot(s) held

  list 1 at 65,930,000
    #         ms   share  step
    1       20.1    0.4%  read the panel before loading
    2       14.7    0.3%  wait for slot (1,1) to fill
    3      809.6   14.2%  ctrl-click (1,1) attempt 1
    4      655.7   11.5%  read the suggested price
    5     1590.7   27.8%  type the price 65,930,000
    6      945.9   16.5%  type the quantity 250
    7      304.2    5.3%  take the quantity from the net sales
    8       93.6    1.6%  read the price back before Register
    9      311.8    5.5%  click Register
   10      100.2    1.8%  find Confirmation
   11       24.2    0.4%  look for the underprice question
   12      309.2    5.4%  click Confirmation
   13      250.9    4.4%  park
   14      239.2    4.2%  confirm the dialog is gone
   15       24.8    0.4%  wait for the panel to let the item go
   16       22.6    0.4%  read tab 4 after the listing
          5717.3  100.0%  TOTAL
  listed 1 at 65,930,000; it lands in row 9
DONE {"kind": "relist", "row": 9, "lands_in": 9, "qty": 1, "price": 65930000, "item": "Wexp Saver"}
    relisted 1 at 65,930,000 in row 9
  tab 4 known from the last listing: 0 slot(s) held
  row 10: 'Chaos Core' x1 at 740,012 -> tab 4 slot (1, 1)
    floor 745,000 (745,000 x 1) from what it cost; listed at 740,012, UNDER the floor
TASK {"kind": "relist", "row": 10, "item": "Chaos Core", "qty": 1, "price": 740012, "tab": 4, "slot": [1, 1], "lands_in": 10}
    row 10 is the Chaos Core special row; listing at 537 under the market, no floor
  inventory slot (1,1) at (1479, 236)
    read: current min 739,374, price field 739,374, net sales 739,374, week average 717,087, listed at unread
    the lowest listed price is 739,374, from the row and 2 more
    market 739,374, typing 738,837, 537 under the market
    net sales 738,837 is 1 x 738,837
  typed 250; the net sales make it 1
    the panel holds 738,837 against the 738,837 typed
  tab 4 read in 24 ms after the listing: 0 slot(s) held

  list 1 at 738,837
    #         ms   share  step
    1       15.8    0.3%  read the panel before loading
    2       15.5    0.3%  wait for slot (1,1) to fill
    3      814.8   14.9%  ctrl-click (1,1) attempt 1
    4      575.5   10.5%  read the suggested price
    5     1442.9   26.4%  type the price 738,837
    6      945.0   17.3%  type the quantity 250
    7      298.0    5.5%  take the quantity from the net sales
    8       93.1    1.7%  read the price back before Register
    9      308.8    5.7%  click Register
   10       93.9    1.7%  find Confirmation
   11       19.7    0.4%  look for the underprice question
   12      307.6    5.6%  click Confirmation
   13      251.2    4.6%  park
   14      237.3    4.3%  confirm the dialog is gone
   15       20.9    0.4%  wait for the panel to let the item go
   16       24.1    0.4%  read tab 4 after the listing
          5464.0  100.0%  TOTAL
  listed 1 at 738,837; it lands in row 10
DONE {"kind": "relist", "row": 10, "lands_in": 10, "qty": 1, "price": 738837, "item": "Chaos Core"}
    relisted 1 at 738,837 in row 10
  tab 4 known from the last listing: 0 slot(s) held
  row 11: 'Force Core(High' x101 at 185,930 -> tab 4 slot (1, 1)
    floor 185,930 (185,930 x 1) from Force Core Set (High) as last bought; listed at 185,930, above it
TASK {"kind": "relist", "row": 11, "item": "Force Core(High", "qty": 101, "price": 185930, "tab": 4, "slot": [1, 1], "lands_in": 11}
  inventory slot (1,1) at (1479, 236)
    read: current min 185,097, price field 185,097, net sales 185,097, week average 199,396, listed at 185,930
    the lowest listed price is 185,097, from the row and 3 more
    market 185,096 is under the 185,930 floor (a Force Core Set (High) as last bought costs 185,930); listing at the floor
    market 185,097, typing 185,930, 833 over the market
    net sales 18,778,930 is 101 x 185,930
  typed 250; the net sales make it 101
    the panel holds 185,930 against the 185,930 typed
  tab 4 read in 20 ms after the listing: 0 slot(s) held

  list 101 at 185,930
    #         ms   share  step
    1       17.5    0.3%  read the panel before loading
    2       15.2    0.3%  wait for slot (1,1) to fill
    3      810.4   14.8%  ctrl-click (1,1) attempt 1
    4      580.7   10.6%  read the suggested price
    5     1443.7   26.4%  type the price 185,930
    6      946.0   17.3%  type the quantity 250
    7      307.7    5.6%  take the quantity from the net sales
    8       93.6    1.7%  read the price back before Register
    9      309.1    5.7%  click Register
   10       91.4    1.7%  find Confirmation
   11       16.7    0.3%  look for the underprice question
   12      308.9    5.7%  click Confirmation
   13      251.0    4.6%  park
   14      235.1    4.3%  confirm the dialog is gone
   15       17.8    0.3%  wait for the panel to let the item go
   16       20.4    0.4%  read tab 4 after the listing
          5465.2  100.0%  TOTAL
  listed 101 at 185,930; it lands in row 11
DONE {"kind": "relist", "row": 11, "lands_in": 11, "qty": 101, "price": 185930, "item": "Force Core(High"}
    relisted 101 at 185,930 in row 11, 3 relist(s) on the floor now
  tab 4 known from the last listing: 0 slot(s) held
  row 12: 'Force Core (Ultimate' x250 at 359,980 -> tab 4 slot (1, 1)
    floor 346,662 (346,662 x 1) from Force Core Set (Ultimate) as last bought; listed at 359,980, above it
TASK {"kind": "relist", "row": 12, "item": "Force Core (Ultimate", "qty": 250, "price": 359980, "tab": 4, "slot": [1, 1], "lands_in": 12}
  inventory slot (1,1) at (1479, 236)
    read: current min 359,975, price field 359,975, net sales 359,975, week average 411,299, listed at 359,980
    the lowest listed price is 359,975, from the row and 3 more
    market 359,975, typing 359,974, 1 under the market
    net sales 89,993,500 is 250 x 359,974
  typed 250; the net sales make it 250
    the panel holds 359,974 against the 359,974 typed
  tab 4 read in 25 ms after the listing: 0 slot(s) held

  list 250 at 359,974
    #         ms   share  step
    1       19.8    0.4%  read the panel before loading
    2       22.4    0.4%  wait for slot (1,1) to fill
    3      815.0   14.8%  ctrl-click (1,1) attempt 1
    4      583.6   10.6%  read the suggested price
    5     1439.5   26.2%  type the price 359,974
    6      955.6   17.4%  type the quantity 250
    7      305.2    5.6%  take the quantity from the net sales
    8       89.8    1.6%  read the price back before Register
    9      311.0    5.7%  click Register
   10       97.1    1.8%  find Confirmation
   11       18.3    0.3%  look for the underprice question
   12      308.4    5.6%  click Confirmation
   13      250.6    4.6%  park
   14      233.0    4.2%  confirm the dialog is gone
   15       17.5    0.3%  wait for the panel to let the item go
   16       24.6    0.4%  read tab 4 after the listing
          5491.4  100.0%  TOTAL
  listed 250 at 359,974; it lands in row 12
DONE {"kind": "relist", "row": 12, "lands_in": 12, "qty": 250, "price": 359974, "item": "Force Core (Ultimate"}
    relisted 250 at 359,974 in row 12
  tab 4 known from the last listing: 0 slot(s) held
  row 13: 'Force Core (Ultimate' x48 at 359,979 -> tab 4 slot (1, 1)
    floor 346,662 (346,662 x 1) from Force Core Set (Ultimate) as last bought; listed at 359,979, above it
TASK {"kind": "relist", "row": 13, "item": "Force Core (Ultimate", "qty": 48, "price": 359979, "tab": 4, "slot": [1, 1], "lands_in": 13}
  inventory slot (1,1) at (1479, 236)
    read: current min 359,974, price field 359,974, net sales 359,974, week average 411,299, listed at 359,979
    the lowest listed price is 359,974, from the row and 3 more
    market 359,974, typing 359,973, 1 under the market
    net sales 17,278,704 is 48 x 359,973
  typed 250; the net sales make it 48
    the panel holds 359,973 against the 359,973 typed
  tab 4 read in 19 ms after the listing: 0 slot(s) held

  list 48 at 359,973
    #         ms   share  step
    1       20.2    0.4%  read the panel before loading
    2       18.9    0.3%  wait for slot (1,1) to fill
    3      808.0   14.7%  ctrl-click (1,1) attempt 1
    4      592.3   10.8%  read the suggested price
    5     1443.2   26.3%  type the price 359,973
    6      947.6   17.3%  type the quantity 250
    7      304.6    5.6%  take the quantity from the net sales
    8       90.8    1.7%  read the price back before Register
    9      308.9    5.6%  click Register
   10       98.5    1.8%  find Confirmation
   11       18.8    0.3%  look for the underprice question
   12      307.5    5.6%  click Confirmation
   13      250.8    4.6%  park
   14      230.4    4.2%  confirm the dialog is gone
   15       19.7    0.4%  wait for the panel to let the item go
   16       19.5    0.4%  read tab 4 after the listing
          5479.6  100.0%  TOTAL
  listed 48 at 359,973; it lands in row 13
DONE {"kind": "relist", "row": 13, "lands_in": 13, "qty": 48, "price": 359973, "item": "Force Core (Ultimate"}
    relisted 48 at 359,973 in row 13
  tab 4 known from the last listing: 0 slot(s) held
  row 14: 'Chaos Core Set X 252' x1 at 189,170,099 -> tab 4 slot (1, 1)
    floor 187,763,184 (745,092 x 252) from what it cost; listed at 189,170,099, above it
TASK {"kind": "relist", "row": 14, "item": "Chaos Core Set X 252", "qty": 1, "price": 189170099, "tab": 4, "slot": [1, 1], "lands_in": 14}
  inventory slot (1,1) at (1479, 236)
    read: current min 189,167,580, price field 189,167,580, net sales 189,167,580, week average 183,478,176, listed at 189,170,099
    the lowest listed price is 189,167,580, from the row and 3 more
    market 189,167,580, typing 189,167,579, 1 under the market
    net sales 189,167,579 is 1 x 189,167,579
  typed 250; the net sales make it 1
    the panel holds 189,167,579 against the 189,167,579 typed
  tab 4 read in 21 ms after the listing: 0 slot(s) held

  list 1 at 189,167,579
    #         ms   share  step
    1       19.3    0.3%  read the panel before loading
    2       14.7    0.3%  wait for slot (1,1) to fill
    3      807.4   14.2%  ctrl-click (1,1) attempt 1
    4      598.0   10.5%  read the suggested price
    5     1653.1   29.1%  type the price 189,167,579
    6      947.0   16.7%  type the quantity 250
    7      304.8    5.4%  take the quantity from the net sales
    8       91.9    1.6%  read the price back before Register
    9      310.8    5.5%  click Register
   10       93.7    1.6%  find Confirmation
   11       14.7    0.3%  look for the underprice question
   12      308.5    5.4%  click Confirmation
   13      250.9    4.4%  park
   14      227.4    4.0%  confirm the dialog is gone
   15       17.9    0.3%  wait for the panel to let the item go
   16       20.7    0.4%  read tab 4 after the listing
          5680.8  100.0%  TOTAL
  listed 1 at 189,167,579; it lands in row 14
DONE {"kind": "relist", "row": 14, "lands_in": 14, "qty": 1, "price": 189167579, "item": "Chaos Core Set X 252"}
    relisted 1 at 189,167,579 in row 14
  tab 4 known from the last listing: 0 slot(s) held
  row 15: 'Chaos Core Set X 3' x1 at 2,252,021 -> tab 4 slot (1, 1)
    floor 2,234,178 (744,726 x 3) from what it cost; listed at 2,252,021, above it
TASK {"kind": "relist", "row": 15, "item": "Chaos Core Set X 3", "qty": 1, "price": 2252021, "tab": 4, "slot": [1, 1], "lands_in": 15}
  inventory slot (1,1) at (1479, 236)
    read: current min 2,251,992, price field 2,251,992, net sales 2,251,992, week average 2,184,264, listed at 2,252,021
    the lowest listed price is 2,251,992, from the row and 3 more
    market 2,251,992, typing 2,251,991, 1 under the market
    net sales 2,251,991 is 1 x 2,251,991
  typed 250; the net sales make it 1
    the panel holds 2,251,991 against the 2,251,991 typed
  tab 4 read in 21 ms after the listing: 0 slot(s) held

  list 1 at 2,251,991
    #         ms   share  step
    1       20.4    0.4%  read the panel before loading
    2       18.7    0.3%  wait for slot (1,1) to fill
    3      808.2   14.6%  ctrl-click (1,1) attempt 1
    4      580.2   10.5%  read the suggested price
    5     1510.9   27.4%  type the price 2,251,991
    6      946.7   17.1%  type the quantity 250
    7      302.5    5.5%  take the quantity from the net sales
    8       94.8    1.7%  read the price back before Register
    9      308.1    5.6%  click Register
   10       89.4    1.6%  find Confirmation
   11       18.9    0.3%  look for the underprice question
   12      307.8    5.6%  click Confirmation
   13      251.0    4.5%  park
   14      228.7    4.1%  confirm the dialog is gone
   15       15.5    0.3%  wait for the panel to let the item go
   16       21.0    0.4%  read tab 4 after the listing
          5522.9  100.0%  TOTAL
  listed 1 at 2,251,991; it lands in row 15
DONE {"kind": "relist", "row": 15, "lands_in": 15, "qty": 1, "price": 2251991, "item": "Chaos Core Set X 3"}
    relisted 1 at 2,251,991 in row 15
  tab 4 known from the last listing: 0 slot(s) held
  row 16: 'Force Core(Highest' x250 at 199,694 -> tab 4 slot (1, 1)
    floor 193,478 (193,478 x 1) from Force Core Set (Highest) as last bought; listed at 199,694, above it
TASK {"kind": "relist", "row": 16, "item": "Force Core(Highest", "qty": 250, "price": 199694, "tab": 4, "slot": [1, 1], "lands_in": 16}
  inventory slot (1,1) at (1479, 236)
    read: current min 199,692, price field 199,692, net sales 199,692, week average 213,123, listed at 199,694
    the lowest listed price is 199,692, from the row and 3 more
    market 199,692, typing 199,691, 1 under the market
    net sales 49,922,750 is 250 x 199,691
  typed 250; the net sales make it 250
    the panel holds 199,691 against the 199,691 typed
  tab 4 read in 22 ms after the listing: 0 slot(s) held

  list 250 at 199,691
    #         ms   share  step
    1       16.1    0.3%  read the panel before loading
    2       16.9    0.3%  wait for slot (1,1) to fill
    3      807.7   14.7%  ctrl-click (1,1) attempt 1
    4      639.4   11.6%  read the suggested price
    5     1438.4   26.1%  type the price 199,691
    6      947.1   17.2%  type the quantity 250
    7      303.9    5.5%  take the quantity from the net sales
    8       92.2    1.7%  read the price back before Register
    9      309.6    5.6%  click Register
   10       88.5    1.6%  find Confirmation
   11       15.2    0.3%  look for the underprice question
   12      309.5    5.6%  click Confirmation
   13      250.8    4.6%  park
   14      230.0    4.2%  confirm the dialog is gone
   15       19.5    0.4%  wait for the panel to let the item go
   16       21.8    0.4%  read tab 4 after the listing
          5506.7  100.0%  TOTAL
  listed 250 at 199,691; it lands in row 16
DONE {"kind": "relist", "row": 16, "lands_in": 16, "qty": 250, "price": 199691, "item": "Force Core(Highest"}
    relisted 250 at 199,691 in row 16
  tab 4 known from the last listing: 0 slot(s) held
  row 17: 'Arionell' x1 at 312,185,713 -> tab 4 slot (1, 1)
    floor 281,047,170 from what it cost; listed at 312,185,713, above it
TASK {"kind": "relist", "row": 17, "item": "Arionell", "qty": 1, "price": 312185713, "tab": 4, "slot": [1, 1], "lands_in": 17}
  inventory slot (1,1) at (1479, 236)
    read: current min 312,185,714, price field 312,185,714, net sales 312,185,714, week average 315,560,317, listed at 312,185,713
    the lowest listed price is 312,185,714, from the row and 3 more
    market 312,185,714, typing 312,185,713, 1 under the market
    net sales 312,185,713 is 1 x 312,185,713
  typed 250; the net sales make it 1
    the panel holds 312,185,713 against the 312,185,713 typed
  tab 4 read in 19 ms after the listing: 0 slot(s) held

  list 1 at 312,185,713
    #         ms   share  step
    1       19.4    0.3%  read the panel before loading
    2       18.8    0.3%  wait for slot (1,1) to fill
    3      806.6   14.2%  ctrl-click (1,1) attempt 1
    4      584.8   10.3%  read the suggested price
    5     1655.8   29.2%  type the price 312,185,713
    6      944.2   16.6%  type the quantity 250
    7      305.6    5.4%  take the quantity from the net sales
    8       91.6    1.6%  read the price back before Register
    9      307.6    5.4%  click Register
   10       92.3    1.6%  find Confirmation
   11       22.4    0.4%  look for the underprice question
   12      309.9    5.5%  click Confirmation
   13      250.7    4.4%  park
   14      228.8    4.0%  confirm the dialog is gone
   15       18.0    0.3%  wait for the panel to let the item go
   16       19.1    0.3%  read tab 4 after the listing
          5675.6  100.0%  TOTAL
  listed 1 at 312,185,713; it lands in row 17
DONE {"kind": "relist", "row": 17, "lands_in": 17, "qty": 1, "price": 312185713, "item": "Arionell"}
    relisted 1 at 312,185,713 in row 17
  tab 4 known from the last listing: 0 slot(s) held
  row 18: 'Chaos Core Set X 291' x1 at 218,445,842 -> tab 4 slot (1, 1)
    floor 216,795,291 (745,001 x 291) from what it cost; listed at 218,445,842, above it
TASK {"kind": "relist", "row": 18, "item": "Chaos Core Set X 291", "qty": 1, "price": 218445842, "tab": 4, "slot": [1, 1], "lands_in": 18}
  inventory slot (1,1) at (1479, 236)
    read: current min 218,442,933, price field 218,442,933, net sales 218,442,933, week average 211,873,608, listed at 218,445,842
    the lowest listed price is 218,442,933, from the row and 3 more
    market 218,442,933, typing 218,442,932, 1 under the market
    net sales 218,442,932 is 1 x 218,442,932
  typed 250; the net sales make it 1
    the panel holds 218,442,932 against the 218,442,932 typed
  tab 4 read in 27 ms after the listing: 0 slot(s) held

  list 1 at 218,442,932
    #         ms   share  step
    1       19.4    0.3%  read the panel before loading
    2       15.7    0.3%  wait for slot (1,1) to fill
    3      807.8   14.2%  ctrl-click (1,1) attempt 1
    4      593.2   10.5%  read the suggested price
    5     1651.9   29.1%  type the price 218,442,932
    6      946.9   16.7%  type the quantity 250
    7      303.8    5.4%  take the quantity from the net sales
    8       93.0    1.6%  read the price back before Register
    9      302.8    5.3%  click Register
   10       93.7    1.7%  find Confirmation
   11       15.2    0.3%  look for the underprice question
   12      307.9    5.4%  click Confirmation
   13      250.7    4.4%  park
   14      226.7    4.0%  confirm the dialog is gone
   15       18.5    0.3%  wait for the panel to let the item go
   16       26.7    0.5%  read tab 4 after the listing
          5673.7  100.0%  TOTAL
  listed 1 at 218,442,932; it lands in row 18
DONE {"kind": "relist", "row": 18, "lands_in": 18, "qty": 1, "price": 218442932, "item": "Chaos Core Set X 291"}
    relisted 1 at 218,442,932 in row 18
  tab 4 known from the last listing: 0 slot(s) held
  row 19: 'Force Core(Highest' x250 at 199,693 -> tab 4 slot (1, 1)
    floor 193,478 (193,478 x 1) from Force Core Set (Highest) as last bought; listed at 199,693, above it
TASK {"kind": "relist", "row": 19, "item": "Force Core(Highest", "qty": 250, "price": 199693, "tab": 4, "slot": [1, 1], "lands_in": 19}
  inventory slot (1,1) at (1479, 236)
    read: current min 198,000, price field 198,000, net sales 198,000, week average 213,123, listed at 199,693
    the lowest listed price is 198,000, from the row and 3 more
    market 198,000, typing 197,999, 1 under the market
    net sales 49,499,750 is 250 x 197,999
  typed 250; the net sales make it 250
    the panel holds 197,999 against the 197,999 typed
  tab 4 read in 20 ms after the listing: 0 slot(s) held

  list 250 at 197,999
    #         ms   share  step
    1       18.7    0.3%  read the panel before loading
    2       17.7    0.3%  wait for slot (1,1) to fill
    3      816.3   14.8%  ctrl-click (1,1) attempt 1
    4      646.6   11.7%  read the suggested price
    5     1437.9   26.1%  type the price 197,999
    6      944.4   17.1%  type the quantity 250
    7      304.2    5.5%  take the quantity from the net sales
    8       90.5    1.6%  read the price back before Register
    9      308.9    5.6%  click Register
   10       93.3    1.7%  find Confirmation
   11       16.2    0.3%  look for the underprice question
   12      303.1    5.5%  click Confirmation
   13      251.2    4.6%  park
   14      227.6    4.1%  confirm the dialog is gone
   15       18.2    0.3%  wait for the panel to let the item go
   16       19.8    0.4%  read tab 4 after the listing
          5514.7  100.0%  TOTAL
  listed 250 at 197,999; it lands in row 19
DONE {"kind": "relist", "row": 19, "lands_in": 19, "qty": 250, "price": 197999, "item": "Force Core(Highest"}
    relisted 250 at 197,999 in row 19
  tab 4 known from the last listing: 0 slot(s) held
  row 20: 'Chaos Core Set X 165' x1 at 123,860,879 -> tab 4 slot (1, 1)
    floor 122,101,980 (740,012 x 165) from what it cost; listed at 123,860,879, above it
TASK {"kind": "relist", "row": 20, "item": "Chaos Core Set X 165", "qty": 1, "price": 123860879, "tab": 4, "slot": [1, 1], "lands_in": 20}
  inventory slot (1,1) at (1479, 236)
    read: current min 123,859,230, price field 123,859,230, net sales 123,859,230, week average 120,134,520, listed at 123,860,879
    the lowest listed price is 123,859,230, from the row and 3 more
    market 123,859,230, typing 123,859,229, 1 under the market
    net sales 123,859,229 is 1 x 123,859,229
  typed 250; the net sales make it 1
    the panel holds 123,859,229 against the 123,859,229 typed
  tab 4 read in 21 ms after the listing: 0 slot(s) held

  list 1 at 123,859,229
    #         ms   share  step
    1       19.1    0.3%  read the panel before loading
    2       15.8    0.3%  wait for slot (1,1) to fill
    3      812.0   14.2%  ctrl-click (1,1) attempt 1
    4      580.6   10.2%  read the suggested price
    5     1655.6   28.9%  type the price 123,859,229
    6      957.0   16.7%  type the quantity 250
    7      318.5    5.6%  take the quantity from the net sales
    8       96.7    1.7%  read the price back before Register
    9      309.5    5.4%  click Register
   10       93.5    1.6%  find Confirmation
   11       19.8    0.3%  look for the underprice question
   12      318.9    5.6%  click Confirmation
   13      250.8    4.4%  park
   14      231.8    4.1%  confirm the dialog is gone
   15       18.7    0.3%  wait for the panel to let the item go
   16       20.6    0.4%  read tab 4 after the listing
          5718.8  100.0%  TOTAL
  listed 1 at 123,859,229; it lands in row 20
DONE {"kind": "relist", "row": 20, "lands_in": 20, "qty": 1, "price": 123859229, "item": "Chaos Core Set X 165"}
    relisted 1 at 123,859,229 in row 20
  tab 4 known from the last listing: 0 slot(s) held
  row 21: 'Chaos Core Set X 162' x1 at 121,608,701 -> tab 4 slot (1, 1)
    floor 119,881,944 (740,012 x 162) from what it cost; listed at 121,608,701, above it
TASK {"kind": "relist", "row": 21, "item": "Chaos Core Set X 162", "qty": 1, "price": 121608701, "tab": 4, "slot": [1, 1], "lands_in": 21}
  inventory slot (1,1) at (1479, 236)
    read: current min 121,607,082, price field 121,607,082, net sales 121,607,082, week average 117,950,256, listed at 121,608,701
    the lowest listed price is 121,607,082, from the row and 3 more
    market 121,607,082, typing 121,607,081, 1 under the market
    net sales 121,607,081 is 1 x 121,607,081
  typed 250; the net sales make it 1
    the panel holds 121,607,081 against the 121,607,081 typed
  tab 4 read in 22 ms after the listing: 0 slot(s) held

  list 1 at 121,607,081
    #         ms   share  step
    1       17.6    0.3%  read the panel before loading
    2       17.4    0.3%  wait for slot (1,1) to fill
    3      815.8   14.3%  ctrl-click (1,1) attempt 1
    4      599.4   10.5%  read the suggested price
    5     1660.5   29.0%  type the price 121,607,081
    6      949.0   16.6%  type the quantity 250
    7      306.8    5.4%  take the quantity from the net sales
    8       94.0    1.6%  read the price back before Register
    9      316.0    5.5%  click Register
   10       94.5    1.7%  find Confirmation
   11       17.6    0.3%  look for the underprice question
   12      308.2    5.4%  click Confirmation
   13      250.9    4.4%  park
   14      232.9    4.1%  confirm the dialog is gone
   15       14.8    0.3%  wait for the panel to let the item go
   16       22.2    0.4%  read tab 4 after the listing
          5717.6  100.0%  TOTAL
  listed 1 at 121,607,081; it lands in row 21
DONE {"kind": "relist", "row": 21, "lands_in": 21, "qty": 1, "price": 121607081, "item": "Chaos Core Set X 162"}
    relisted 1 at 121,607,081 in row 21
  tab 4 known from the last listing: 0 slot(s) held
  row 22: 'Chaos Core Set X 198' x1 at 148,631,867 -> tab 4 slot (1, 1)
    floor 146,522,376 (740,012 x 198) from what it cost; listed at 148,631,867, above it
TASK {"kind": "relist", "row": 22, "item": "Chaos Core Set X 198", "qty": 1, "price": 148631867, "tab": 4, "slot": [1, 1], "lands_in": 22}
  inventory slot (1,1) at (1479, 236)
    read: current min 148,630,680, price field 148,630,680, net sales 148,630,680, week average 144,161,424, listed at 148,631,867
    the lowest listed price is 148,630,680, from the row and 3 more
    market 148,630,680, typing 148,630,679, 1 under the market
    net sales 148,630,679 is 1 x 148,630,679
  typed 250; the net sales make it 1
    the panel holds 148,630,679 against the 148,630,679 typed
  tab 4 read in 20 ms after the listing: 0 slot(s) held

  list 1 at 148,630,679
    #         ms   share  step
    1       17.7    0.3%  read the panel before loading
    2       20.2    0.4%  wait for slot (1,1) to fill
    3      812.6   14.2%  ctrl-click (1,1) attempt 1
    4      597.1   10.4%  read the suggested price
    5     1659.2   29.0%  type the price 148,630,679
    6      947.9   16.6%  type the quantity 250
    7      307.0    5.4%  take the quantity from the net sales
    8       96.1    1.7%  read the price back before Register
    9      314.7    5.5%  click Register
   10       96.9    1.7%  find Confirmation
   11       15.8    0.3%  look for the underprice question
   12      307.9    5.4%  click Confirmation
   13      250.8    4.4%  park
   14      235.9    4.1%  confirm the dialog is gone
   15       17.4    0.3%  wait for the panel to let the item go
   16       20.5    0.4%  read tab 4 after the listing
          5717.7  100.0%  TOTAL
  listed 1 at 148,630,679; it lands in row 22
DONE {"kind": "relist", "row": 22, "lands_in": 22, "qty": 1, "price": 148630679, "item": "Chaos Core Set X 198"}
    relisted 1 at 148,630,679 in row 22
  row 23 is empty; nothing to relist
  row 24 is empty; nothing to relist
  row 25 is empty; nothing to relist
  row 26 is empty; nothing to relist
  row 27 is empty; nothing to relist

  relisting rows 1-27: 22 relisted, 5 empty, 0 skipped
    #          ms   share     n      each  phase
    1   122,850.4   47.4%    22   5,584.1  list it back
    2    82,447.4   31.8%    22   3,747.6  cancel the row and take it back
    3    23,301.0    9.0%    22   1,059.1  select inventory tab 4
    4    20,263.7    7.8%    27     750.5  scroll to the row and read it
    5     9,788.6    3.8%    27     362.5  Refresh the table
    6       392.5    0.2%    22      17.8  check the shop slot is empty
        259,043.6  100.0%

  returning the game to its default state
restoring the default state:
  Escape: window closed
  Inventory already closed
  the gift box at [284, 994]
  Receive All at [1209, 786]
  Receive 1 of 4 at [1214, 327]
  Receive 2 of 4 at [1214, 425]
  Receive 3 of 4 at [1214, 523]
  Receive 4 of 4 at [1214, 621]
  the special giftbox's Receive at [1438, 492]
  Close at [1483, 846]
  took 4 gift(s)
  the Agent Shop is shut and the vendor is not open either; reopening it
  Inventory shut: slot grid 0.09, needs 0.33

  board after pass 3:
                                                   bought/u   listed/u  margin      row price
     1  Blessing Bead - Superior           x1    163,756,817 169,999,998   +3.7%    169,999,998
     2  Armor Account bind Unseal Stone    x1    187,364,780 187,364,780   +0.0%    187,364,780
     3  Armor Account bind Seal Stone      x2    187,364,780 187,364,780   +0.0%    187,364,780
     4  Force Core (Ultimate               x9             -    359,976       -        359,976
     5  Astral Core(Palladium) X 127       x6             -      1,532       -        194,690
     6  Force Core (Ultimate               x5             -    359,975       -        359,975
     7  Force Core(High                    x73            -    185,930       -        185,930
     8  Force Core(High                    x117           -    185,930       -        185,930
     9  Wexp Saver                         x1             - 65,930,000       -     65,930,000
    10  Chaos Core                         x1       745,000    738,837   -0.8%        738,837
    11  Force Core(High                    x101           -    185,930       -        185,930
    12  Force Core (Ultimate               x250           -    359,974       -        359,974
    13  Force Core (Ultimate               x48            -    359,973       -        359,973
    14  Chaos Core Set X 252               x1       745,092    750,664   +0.7%    189,167,579
    15  Chaos Core Set X 3                 x1       744,726    750,663   +0.8%      2,251,991
    16  Force Core(Highest                 x250           -    199,691       -        199,691
    17  Arionell                           x1    281,047,170 312,185,713  +10.0%    312,185,713
    18  Chaos Core Set X 291               x1       745,001    750,662   +0.8%    218,442,932
    19  Force Core(Highest                 x250           -    197,999       -        197,999
    20  Chaos Core Set X 165               x1       740,012    750,661   +1.4%    123,859,229
    21  Chaos Core Set X 162               x1       740,012    750,660   +1.4%    121,607,081
    22  Chaos Core Set X 198               x1       740,012    750,659   +1.4%    148,630,679
    28  Palladium Shoes (DM) Lalla         x1             -  1,220,000       -      1,220,000
    29  Palladium Suit (DM) + 1 Lalla      x1             - 33,000,000       -     33,000,000
    30  Palladium Gauntlet(WA) Lalla       x1             -  1,499,990       -      1,499,990
    item                               rows   units          listed
    Arionell                              1       1     312,185,713
    Armor Account bind Seal Stone         1       2     374,729,560
    Armor Account bind Unseal Stone       1       1     187,364,780
    Astral Core(Palladium)                1     762       1,168,140
    Blessing Bead - Superior              1       1     169,999,998
    Chaos Core                            1       1         738,837
    Chaos Core Set                        6   1,071     803,959,491
    Force Core (Ultimate                  4     312     112,311,863
    Force Core(High                       3     291      54,105,630
    Force Core(Highest                    2     500      99,422,500
    Palladium Gauntlet(WA) Lalla          1       1       1,499,990
    Palladium Shoes (DM) Lalla            1       1       1,220,000
    Palladium Suit (DM) + 1 Lalla         1       1      33,000,000
    Wexp Saver                            1       1      65,930,000
    board                                25   2,946   2,217,636,502
    balance now 1,178,041,467
  pass 3: 22 relisted, 5 empty, 0 skipped; 9979.2 minute(s) left

-- pass 4 --

  resupply order: Chaos Core, Force Core(High), Force Core(Highest), Upgrade Core (Ultimate), Force Core (Ultimate), Armor Account bind Unseal Stone, Armor Account bind Seal Stone, Blessing Bead - Superior

-- Chaos Core Set under our listing: up to 3 row(s) --
  Chaos Core Set 750,657 - Chaos Core 740,604 = 10,053
  ours is listed at 750,659 a Set and a Chaos Core sells at 740,604; buying every Set under 735,604, 5,000 a Set below the lower of the two
  the cheapest Chaos Core Set is 750,657 a Set, not under 735,604; nothing to buy under ours

  counting only rows 1-27; rows outside it are not repriced and do not count; 5 row(s) free
  core                            rows     buy/u    sell/u    margin  wants   short?
  Force Core(Highest)                2   195,750   197,999     2,249      0   
  Chaos Core                         6         -         -         -      -   holds the most it can want, 6; not priced
  Force Core (Ultimate)              4         -         -         -      -   holds the most it can want, 3; not priced
  Force Core(High)                   3         -         -         -      -   holds the most it can want, 3; not priced
  Upgrade Core (Ultimate)            0   456,521   449,773    -6,748      0   

  nothing inside rows 1-27 holds fewer rows than its margin is worth.

  Armor Account bind Unseal Stone: 1 row(s) inside 1-27, 1 wanted; row 2 'Armor Account bind Unseal Stone'
    floor 187,364,780: 500/1000 of the 374,729,560 voucher, read at launch

  Armor Account bind Seal Stone: 1 row(s) inside 1-27, 1 wanted; row 3 'Armor Account bind Seal Stone'
    floor 187,364,780: 500/1000 of the 374,729,560 voucher, read at launch

  Blessing Bead - Superior: 1 row(s) inside 1-27, 1 wanted; row 1 'Blessing Bead - Superior'
    floor 163,756,817: 437/1000 of the 374,729,560 voucher, read at launch
    the quantity column read 'Superior', which holds no digits, so it is the end of the name and not a count; reading the row as 'Blessing Bead - Superior' and letting the panel count what is there
    one line read 'aa 1 169,999,998 OnSale Change'; read as stacked lines it is 'Blessing Bead - Superior 169,999,998 OnSale Change'
  tab 4 read from the screen in 1524 ms: 0 slot(s) held
  row 1: 'Blessing Bead - Superior' x1 at 169,999,998 -> tab 4 slot (1, 1)
    floor 163,756,817 from what it cost; listed at 169,999,998, above it
TASK {"kind": "relist", "row": 1, "item": "Blessing Bead - Superior", "qty": 1, "price": 169999998, "tab": 4, "slot": [1, 1], "lands_in": 1}
  inventory slot (1,1) at (1479, 236)
    read: current min 169,999,999, price field 169,999,999, net sales 169,999,999, week average 192,063,448, listed at 169,999,998
    the lowest listed price is 169,999,999, from the row and 3 more
    market 169,999,999, typing 169,999,998, 1 under the market
    net sales 169,999,998 is 1 x 169,999,998
  typed 250; the net sales make it 1
    the panel holds 169,999,998 against the 169,999,998 typed
  tab 4 read in 18 ms after the listing: 0 slot(s) held

  list 1 at 169,999,998
    #         ms   share  step
    1       20.4    0.4%  read the panel before loading
    2       16.7    0.3%  wait for slot (1,1) to fill
    3      810.7   14.3%  ctrl-click (1,1) attempt 1
    4      586.1   10.3%  read the suggested price
    5     1654.5   29.2%  type the price 169,999,998
    6      944.5   16.7%  type the quantity 250
    7      306.4    5.4%  take the quantity from the net sales
    8       89.2    1.6%  read the price back before Register
    9      308.8    5.4%  click Register
   10       93.4    1.6%  find Confirmation
   11       15.1    0.3%  look for the underprice question
   12      308.2    5.4%  click Confirmation
   13      251.1    4.4%  park
   14      226.5    4.0%  confirm the dialog is gone
   15       19.3    0.3%  wait for the panel to let the item go
   16       18.2    0.3%  read tab 4 after the listing
          5669.2  100.0%  TOTAL
  listed 1 at 169,999,998; it lands in row 1
DONE {"kind": "relist", "row": 1, "lands_in": 1, "qty": 1, "price": 169999998, "item": "Blessing Bead - Superior"}
    relisted 1 at 169,999,998 in row 1
  tab 4 known from the last listing: 0 slot(s) held
  row 2: 'Armor Account bind Unseal Stone' x1 at 187,364,780 -> tab 4 slot (1, 1)
    floor 187,364,780 from what it cost; listed at 187,364,780, above it
TASK {"kind": "relist", "row": 2, "item": "Armor Account bind Unseal Stone", "qty": 1, "price": 187364780, "tab": 4, "slot": [1, 1], "lands_in": 2}
  inventory slot (1,1) at (1479, 236)
    read: current min 186,500,000, price field 186,500,000, net sales 186,500,000, week average 192,114,171, listed at 187,364,780
    the lowest listed price is 186,500,000, from the row and 3 more
    market 186,499,999 is under the 187,364,780 floor (it is worth what it cost); listing at the floor
    market 186,500,000, typing 187,364,780, 864,780 over the market
    net sales 187,364,780 is 1 x 187,364,780
  typed 250; the net sales make it 1
    the panel holds 187,364,780 against the 187,364,780 typed
  tab 4 read in 20 ms after the listing: 0 slot(s) held

  list 1 at 187,364,780
    #         ms   share  step
    1       20.1    0.4%  read the panel before loading
    2       20.7    0.4%  wait for slot (1,1) to fill
    3      807.2   14.2%  ctrl-click (1,1) attempt 1
    4      584.2   10.3%  read the suggested price
    5     1656.6   29.2%  type the price 187,364,780
    6      946.4   16.7%  type the quantity 250
    7      304.4    5.4%  take the quantity from the net sales
    8       91.8    1.6%  read the price back before Register
    9      308.1    5.4%  click Register
   10       93.3    1.6%  find Confirmation
   11       16.7    0.3%  look for the underprice question
   12      306.9    5.4%  click Confirmation
   13      251.2    4.4%  park
   14      228.6    4.0%  confirm the dialog is gone
   15       16.4    0.3%  wait for the panel to let the item go
   16       20.0    0.4%  read tab 4 after the listing
          5672.5  100.0%  TOTAL
  listed 1 at 187,364,780; it lands in row 2
DONE {"kind": "relist", "row": 2, "lands_in": 2, "qty": 1, "price": 187364780, "item": "Armor Account bind Unseal Stone"}
    relisted 1 at 187,364,780 in row 2, 4 relist(s) on the floor now
  tab 4 known from the last listing: 0 slot(s) held
  row 3: 'Armor Account bind Seal Stone' x2 at 187,364,780 -> tab 4 slot (1, 1)
    floor 187,364,780 from what it cost; listed at 187,364,780, above it
TASK {"kind": "relist", "row": 3, "item": "Armor Account bind Seal Stone", "qty": 2, "price": 187364780, "tab": 4, "slot": [1, 1], "lands_in": 3}
  inventory slot (1,1) at (1479, 236)
    read: current min 186,500,000, price field 186,500,000, net sales 186,500,000, week average 190,073,428, listed at 187,364,780
    the lowest listed price is 186,500,000, from the row and 3 more
    market 186,499,999 is under the 187,364,780 floor (it is worth what it cost); listing at the floor
    market 186,500,000, typing 187,364,780, 864,780 over the market
    net sales 374,729,560 is 2 x 187,364,780
  typed 250; the net sales make it 2
    the panel holds 187,364,780 against the 187,364,780 typed
  tab 4 read in 20 ms after the listing: 0 slot(s) held

  list 2 at 187,364,780
    #         ms   share  step
    1       20.9    0.4%  read the panel before loading
    2       20.4    0.4%  wait for slot (1,1) to fill
    3      810.8   14.3%  ctrl-click (1,1) attempt 1
    4      585.2   10.3%  read the suggested price
    5     1652.1   29.1%  type the price 187,364,780
    6      946.4   16.7%  type the quantity 250
    7      307.0    5.4%  take the quantity from the net sales
    8       94.9    1.7%  read the price back before Register
    9      307.5    5.4%  click Register
   10       91.5    1.6%  find Confirmation
   11       16.8    0.3%  look for the underprice question
   12      308.0    5.4%  click Confirmation
   13      250.9    4.4%  park
   14      230.1    4.1%  confirm the dialog is gone
   15       15.1    0.3%  wait for the panel to let the item go
   16       20.5    0.4%  read tab 4 after the listing
          5678.2  100.0%  TOTAL
  listed 2 at 187,364,780; it lands in row 3
DONE {"kind": "relist", "row": 3, "lands_in": 3, "qty": 2, "price": 187364780, "item": "Armor Account bind Seal Stone"}
    relisted 2 at 187,364,780 in row 3, 4 relist(s) on the floor now
  tab 4 known from the last listing: 0 slot(s) held
  row 4: 'Force Core (Ultimate' x9 at 359,976 -> tab 4 slot (1, 1)
    floor 346,662 (346,662 x 1) from Force Core Set (Ultimate) as last bought; listed at 359,976, above it
TASK {"kind": "relist", "row": 4, "item": "Force Core (Ultimate", "qty": 9, "price": 359976, "tab": 4, "slot": [1, 1], "lands_in": 4}
  inventory slot (1,1) at (1479, 236)
    read: current min 359,973, price field 359,973, net sales 359,973, week average 411,299, listed at 359,976
    the lowest listed price is 359,973, from the row and 3 more
    market 359,973, typing 359,972, 1 under the market
    net sales 3,239,748 is 9 x 359,972
  typed 250; the net sales make it 9
    the panel holds 359,972 against the 359,972 typed
  tab 4 read in 22 ms after the listing: 0 slot(s) held

  list 9 at 359,972
    #         ms   share  step
    1       19.5    0.4%  read the panel before loading
    2       16.4    0.3%  wait for slot (1,1) to fill
    3      807.9   14.8%  ctrl-click (1,1) attempt 1
    4      580.2   10.6%  read the suggested price
    5     1444.7   26.5%  type the price 359,972
    6      945.9   17.4%  type the quantity 250
    7      301.5    5.5%  take the quantity from the net sales
    8       88.5    1.6%  read the price back before Register
    9      306.5    5.6%  click Register
   10       90.2    1.7%  find Confirmation
   11       18.7    0.3%  look for the underprice question
   12      308.6    5.7%  click Confirmation
   13      250.9    4.6%  park
   14      230.3    4.2%  confirm the dialog is gone
   15       18.2    0.3%  wait for the panel to let the item go
   16       22.3    0.4%  read tab 4 after the listing
          5450.3  100.0%  TOTAL
  listed 9 at 359,972; it lands in row 4
DONE {"kind": "relist", "row": 4, "lands_in": 4, "qty": 9, "price": 359972, "item": "Force Core (Ultimate"}
    relisted 9 at 359,972 in row 4
  tab 4 known from the last listing: 0 slot(s) held
  row 5: 'Astral Core(Palladium) X 127' x6 at 194,690 -> tab 4 slot (1, 1)
    no floor for 'Astral Core(Palladium) X 127'
TASK {"kind": "relist", "row": 5, "item": "Astral Core(Palladium) X 127", "qty": 6, "price": 194690, "tab": 4, "slot": [1, 1], "lands_in": 5}
  inventory slot (1,1) at (1479, 236)
    read: current min 194,691, price field 194,691, net sales 194,691, week average 199,771, listed at 194,690
    the lowest listed price is 194,691, from the row and 3 more
    market 194,691, typing 194,690, 1 under the market
    net sales 1,168,140 is 6 x 194,690
  typed 250; the net sales make it 6
    the panel holds 194,690 against the 194,690 typed
  tab 4 read in 21 ms after the listing: 0 slot(s) held

  list 6 at 194,690
    #         ms   share  step
    1       19.1    0.4%  read the panel before loading
    2       16.4    0.3%  wait for slot (1,1) to fill
    3      807.3   14.8%  ctrl-click (1,1) attempt 1
    4      576.1   10.6%  read the suggested price
    5     1449.9   26.6%  type the price 194,690
    6      946.7   17.4%  type the quantity 250
    7      300.5    5.5%  take the quantity from the net sales
    8       88.4    1.6%  read the price back before Register
    9      306.1    5.6%  click Register
   10       92.4    1.7%  find Confirmation
   11       17.1    0.3%  look for the underprice question
   12      303.3    5.6%  click Confirmation
   13      251.1    4.6%  park
   14      233.8    4.3%  confirm the dialog is gone
   15       15.2    0.3%  wait for the panel to let the item go
   16       21.1    0.4%  read tab 4 after the listing
          5444.7  100.0%  TOTAL
  listed 6 at 194,690; it lands in row 5
DONE {"kind": "relist", "row": 5, "lands_in": 5, "qty": 6, "price": 194690, "item": "Astral Core(Palladium) X 127"}
    relisted 6 at 194,690 in row 5
  tab 4 known from the last listing: 0 slot(s) held
  row 6: 'Force Core (Ultimate' x5 at 359,975 -> tab 4 slot (1, 1)
    floor 346,662 (346,662 x 1) from Force Core Set (Ultimate) as last bought; listed at 359,975, above it
TASK {"kind": "relist", "row": 6, "item": "Force Core (Ultimate", "qty": 5, "price": 359975, "tab": 4, "slot": [1, 1], "lands_in": 6}
  inventory slot (1,1) at (1479, 236)
    read: current min 359,972, price field 359,972, net sales 359,972, week average 411,299, listed at 359,975
    the lowest listed price is 359,972, from the row and 3 more
    market 359,972, typing 359,971, 1 under the market
    net sales 1,799,855 is 5 x 359,971
  typed 250; the net sales make it 5
    the panel holds 359,971 against the 359,971 typed
  tab 4 read in 22 ms after the listing: 0 slot(s) held

  list 5 at 359,971
    #         ms   share  step
    1       17.5    0.3%  read the panel before loading
    2       16.0    0.3%  wait for slot (1,1) to fill
    3      808.3   14.8%  ctrl-click (1,1) attempt 1
    4      572.2   10.5%  read the suggested price
    5     1440.1   26.4%  type the price 359,971
    6      947.3   17.4%  type the quantity 250
    7      304.0    5.6%  take the quantity from the net sales
    8       92.6    1.7%  read the price back before Register
    9      309.2    5.7%  click Register
   10       96.5    1.8%  find Confirmation
   11       20.2    0.4%  look for the underprice question
   12      308.0    5.6%  click Confirmation
   13      250.7    4.6%  park
   14      233.6    4.3%  confirm the dialog is gone
   15       20.5    0.4%  wait for the panel to let the item go
   16       21.6    0.4%  read tab 4 after the listing
          5458.1  100.0%  TOTAL
  listed 5 at 359,971; it lands in row 6
DONE {"kind": "relist", "row": 6, "lands_in": 6, "qty": 5, "price": 359971, "item": "Force Core (Ultimate"}
    relisted 5 at 359,971 in row 6
  tab 4 known from the last listing: 0 slot(s) held
  row 7: 'Force Core(High' x73 at 185,930 -> tab 4 slot (1, 1)
    floor 185,930 (185,930 x 1) from Force Core Set (High) as last bought; listed at 185,930, above it
TASK {"kind": "relist", "row": 7, "item": "Force Core(High", "qty": 73, "price": 185930, "tab": 4, "slot": [1, 1], "lands_in": 7}
  inventory slot (1,1) at (1479, 236)
    read: current min 183,999, price field 183,999, net sales 183,999, week average 199,396, listed at 185,930
    the lowest listed price is 183,999, from the row and 3 more
    market 183,998 is under the 185,930 floor (a Force Core Set (High) as last bought costs 185,930); listing at the floor
    market 183,999, typing 185,930, 1,931 over the market
    net sales 13,572,890 is 73 x 185,930
  typed 250; the net sales make it 73
    the panel holds 185,930 against the 185,930 typed
  tab 4 read in 20 ms after the listing: 0 slot(s) held

  list 73 at 185,930
    #         ms   share  step
    1       19.6    0.4%  read the panel before loading
    2       19.2    0.4%  wait for slot (1,1) to fill
    3      807.8   14.8%  ctrl-click (1,1) attempt 1
    4      577.6   10.6%  read the suggested price
    5     1440.3   26.3%  type the price 185,930
    6      952.8   17.4%  type the quantity 250
    7      305.7    5.6%  take the quantity from the net sales
    8       90.8    1.7%  read the price back before Register
    9      314.3    5.7%  click Register
   10       90.9    1.7%  find Confirmation
   11       17.2    0.3%  look for the underprice question
   12      308.1    5.6%  click Confirmation
   13      251.1    4.6%  park
   14      235.3    4.3%  confirm the dialog is gone
   15       18.8    0.3%  wait for the panel to let the item go
   16       20.0    0.4%  read tab 4 after the listing
          5469.3  100.0%  TOTAL
  listed 73 at 185,930; it lands in row 7
DONE {"kind": "relist", "row": 7, "lands_in": 7, "qty": 73, "price": 185930, "item": "Force Core(High"}
    relisted 73 at 185,930 in row 7, 4 relist(s) on the floor now
  tab 4 known from the last listing: 0 slot(s) held
  row 8: 'Force Core(High' x117 at 185,930 -> tab 4 slot (1, 1)
    floor 185,930 (185,930 x 1) from Force Core Set (High) as last bought; listed at 185,930, above it
TASK {"kind": "relist", "row": 8, "item": "Force Core(High", "qty": 117, "price": 185930, "tab": 4, "slot": [1, 1], "lands_in": 8}
  inventory slot (1,1) at (1479, 236)
    read: current min 183,999, price field 183,999, net sales 183,999, week average 199,396, listed at 185,930
    the lowest listed price is 183,999, from the row and 3 more
    market 183,998 is under the 185,930 floor (a Force Core Set (High) as last bought costs 185,930); listing at the floor
    market 183,999, typing 185,930, 1,931 over the market
    net sales 21,753,810 is 117 x 185,930
  typed 250; the net sales make it 117
    the panel holds 185,930 against the 185,930 typed
  tab 4 read in 20 ms after the listing: 0 slot(s) held

  list 117 at 185,930
    #         ms   share  step
    1       21.1    0.4%  read the panel before loading
    2       18.4    0.3%  wait for slot (1,1) to fill
    3      813.9   14.9%  ctrl-click (1,1) attempt 1
    4      584.7   10.7%  read the suggested price
    5     1439.8   26.3%  type the price 185,930
    6      945.9   17.3%  type the quantity 250
    7      317.0    5.8%  take the quantity from the net sales
    8       92.7    1.7%  read the price back before Register
    9      308.1    5.6%  click Register
   10       92.1    1.7%  find Confirmation
   11       15.8    0.3%  look for the underprice question
   12      309.1    5.6%  click Confirmation
   13      250.7    4.6%  park
   14      233.2    4.3%  confirm the dialog is gone
   15       15.9    0.3%  wait for the panel to let the item go
   16       20.3    0.4%  read tab 4 after the listing
          5478.7  100.0%  TOTAL
  listed 117 at 185,930; it lands in row 8
DONE {"kind": "relist", "row": 8, "lands_in": 8, "qty": 117, "price": 185930, "item": "Force Core(High"}
    relisted 117 at 185,930 in row 8, 4 relist(s) on the floor now
    the quantity column read 'Saver', which holds no digits, so it is the end of the name and not a count; reading the row as 'Wexp Saver' and letting the panel count what is there
  tab 4 known from the last listing: 0 slot(s) held
  row 9: 'Wexp Saver' x1 at 65,930,000 -> tab 4 slot (1, 1)
    the quantity column read 'Saver', which holds no digits, so it is the end of the name and not a count; reading the row as 'Wexp Saver' and letting the panel count what is there
    no floor for 'Wexp Saver'
TASK {"kind": "relist", "row": 9, "item": "Wexp Saver", "qty": 1, "price": 65930000, "tab": 4, "slot": [1, 1], "lands_in": 9}
  inventory slot (1,1) at (1479, 236)
    read: current min 63,666,666, price field 63,666,666, net sales 63,666,666, week average 63,911,720, listed at 65,930,000
    the lowest listed price is 63,666,666, from the row and 3 more
    the market asks 63,666,665, 2,263,335 under our 65,930,000; holding at 65,920,000, the most this row may fall in one relist
    market 63,666,666, typing 65,920,000, 2,253,334 over the market
    net sales 65,920,000 is 1 x 65,920,000
  typed 250; the net sales make it 1
    the panel holds 65,920,000 against the 65,920,000 typed
  tab 4 read in 21 ms after the listing: 0 slot(s) held

  list 1 at 65,920,000
    #         ms   share  step
    1       18.5    0.3%  read the panel before loading
    2       15.2    0.3%  wait for slot (1,1) to fill
    3      809.4   14.2%  ctrl-click (1,1) attempt 1
    4      664.5   11.7%  read the suggested price
    5     1584.8   27.9%  type the price 65,920,000
    6      948.9   16.7%  type the quantity 250
    7      303.9    5.3%  take the quantity from the net sales
    8       92.7    1.6%  read the price back before Register
    9      311.9    5.5%  click Register
   10       94.9    1.7%  find Confirmation
   11       17.8    0.3%  look for the underprice question
   12      307.5    5.4%  click Confirmation
   13      250.9    4.4%  park
   14      228.3    4.0%  confirm the dialog is gone
   15       16.7    0.3%  wait for the panel to let the item go
   16       21.1    0.4%  read tab 4 after the listing
          5687.1  100.0%  TOTAL
  listed 1 at 65,920,000; it lands in row 9
DONE {"kind": "relist", "row": 9, "lands_in": 9, "qty": 1, "price": 65920000, "item": "Wexp Saver"}
    relisted 1 at 65,920,000 in row 9
  row 10 has SOLD (fully); collecting
    collected; row 10 is empty, nothing to relist
  the Chaos Core special row sold; buying it back now, not on the next pass

-- Chaos Core special row 1 of 1: 1 at 500 to 700 under the market --
  1 stays behind on every row bought; an order 10 step(s) down with nothing spare takes the row it is on whole, and the next order leaves 1 behind again; each order prices the favourite afresh, then wheels down, up to 30 step(s)
TASK {"kind": "resupply", "core": "Chaos Core", "slot": 3, "tab": 4, "landing": [1, 1], "special": true}
  row 1 offers 'Chaos Core' x1 at 740,604 (740,604/unit)

  buy from favourite slot 3: REFUSED
    #         ms   share  step
    1        0.4    0.0%  get_price: focus the game
    2       98.9    1.8%  get_price: _trade_window_open (OCR 1300x190)
    3      154.1    2.8%  get_price: purchase_tab_showing
    4     1412.0   26.0%  get_price: click the Purchase tab + settle
    5      185.0    3.4%  get_price: read row 1 before the search
    6      308.4    5.7%  get_price: click favourite slot 3
    7       93.5    1.7%  get_price: confirm the sort
    8      446.3    8.2%  get_price: poll row 1 until it answers (2 read(s))
    9     2727.8   50.3%  get_price: search the favourite and read row 1
          5426.5  100.0%  TOTAL
  row 1 holds 1 and 1 stays behind, so there is nothing spare to take here.
  wheeled 1 notch(es) down the offers, from row 2 at (500, 313)
  row 1 offers 'Chaos Core' x1 at 741,277 (741,277/unit)

  buy from favourite slot 3: REFUSED
    #         ms   share  step
    1        0.4    0.0%  get_price: focus the game
    2       98.7   10.1%  get_price: _trade_window_open (OCR 1300x190)
    3      119.5   12.2%  get_price: purchase_tab_showing
    4      271.0   27.7%  get_price: read row 1 where it stands
    5      489.7   50.0%  get_price: search the favourite and read row 1
           979.3  100.0%  TOTAL
  row 1 holds 1 and 1 stays behind, so there is nothing spare to take here.
  wheeled 1 notch(es) down the offers, from row 2 at (500, 313)
  row 1 offers 'Chaos Core' x1 at 741,825 (741,825/unit)

  buy from favourite slot 3: REFUSED
    #         ms   share  step
    1        0.5    0.1%  get_price: focus the game
    2       99.3   10.1%  get_price: _trade_window_open (OCR 1300x190)
    3      119.2   12.2%  get_price: purchase_tab_showing
    4      271.1   27.7%  get_price: read row 1 where it stands
    5      490.2   50.0%  get_price: search the favourite and read row 1
           980.2  100.0%  TOTAL
  row 1 holds 1 and 1 stays behind, so there is nothing spare to take here.
  wheeled 1 notch(es) down the offers, from row 2 at (500, 313)
  row 1 offers 'Chaos Core' x1 at 742,431 (742,431/unit)

  buy from favourite slot 3: REFUSED
    #         ms   share  step
    1        0.5    0.1%  get_price: focus the game
    2      105.2   10.7%  get_price: _trade_window_open (OCR 1300x190)
    3      115.3   11.7%  get_price: purchase_tab_showing
    4      272.0   27.6%  get_price: read row 1 where it stands
    5      493.1   50.0%  get_price: search the favourite and read row 1
           986.1  100.0%  TOTAL
  row 1 holds 1 and 1 stays behind, so there is nothing spare to take here.
  wheeled 1 notch(es) down the offers, from row 2 at (500, 313)
  row 1 offers 'Chaos Core' x1 at 743,655 (743,655/unit)

  buy from favourite slot 3: REFUSED
    #         ms   share  step
    1        0.4    0.0%  get_price: focus the game
    2       98.8   10.2%  get_price: _trade_window_open (OCR 1300x190)
    3      114.2   11.7%  get_price: purchase_tab_showing
    4      273.0   28.1%  get_price: read row 1 where it stands
    5      486.4   50.0%  get_price: search the favourite and read row 1
           972.8  100.0%  TOTAL
  row 1 holds 1 and 1 stays behind, so there is nothing spare to take here.
  wheeled 1 notch(es) down the offers, from row 2 at (500, 313)
  row 1 offers 'Chaos Core' x1 at 745,000 (745,000/unit)

  buy from favourite slot 3: REFUSED
    #         ms   share  step
    1        0.4    0.0%  get_price: focus the game
    2      101.3   10.2%  get_price: _trade_window_open (OCR 1300x190)
    3      115.8   11.7%  get_price: purchase_tab_showing
    4      278.6   28.1%  get_price: read row 1 where it stands
    5      496.1   50.0%  get_price: search the favourite and read row 1
           992.1  100.0%  TOTAL
  row 1 holds 1 and 1 stays behind, so there is nothing spare to take here.
  wheeled 1 notch(es) down the offers, from row 2 at (500, 313)
  row 1 offers 'Chaos Core' x1 at 745,000 (745,000/unit)

  buy from favourite slot 3: REFUSED
    #         ms   share  step
    1        0.4    0.0%  get_price: focus the game
    2       97.5   10.1%  get_price: _trade_window_open (OCR 1300x190)
    3      113.2   11.7%  get_price: purchase_tab_showing
    4      271.0   28.1%  get_price: read row 1 where it stands
    5      482.2   50.0%  get_price: search the favourite and read row 1
           964.4  100.0%  TOTAL
  row 1 holds 1 and 1 stays behind, so there is nothing spare to take here.
  wheeled 1 notch(es) down the offers, from row 2 at (500, 313)
  row 1 offers 'Chaos Core' x1 at 745,000 (745,000/unit)

  buy from favourite slot 3: REFUSED
    #         ms   share  step
    1        0.5    0.1%  get_price: focus the game
    2       98.9   10.1%  get_price: _trade_window_open (OCR 1300x190)
    3      115.4   11.8%  get_price: purchase_tab_showing
    4      272.7   28.0%  get_price: read row 1 where it stands
    5      487.6   50.0%  get_price: search the favourite and read row 1
           975.1  100.0%  TOTAL
  row 1 holds 1 and 1 stays behind, so there is nothing spare to take here.
  wheeled 1 notch(es) down the offers, from row 2 at (500, 313)
  row 1 offers 'Chaos Core' x36 at 749,000 (749,000/unit)
    balance before 1,178,780,304
    row 1 holds 36, 1 stays behind, so at most 35 comes off it
    dialog: '¢ Chaos Core'  qty 1 of 36  price 749000
    1 core(s) wanted, 1 to a pack -> 1 pack(s); 36 available, taking 1
    the quantity field already reads 1; not retyping it
    ordering 1 pack(s) at 749,000; the spend will confirm what actually bought
    balance after  1,178,031,304; spent 749,000 bought 1 pack(s) = 1 core(s) (749,000 a core)

  buy from favourite slot 3: bought 1 core(s) in 1 order(s)
    #         ms   share  step
    1        0.5    0.0%  get_price: focus the game
    2      101.2    3.2%  get_price: _trade_window_open (OCR 1300x190)
    3      115.0    3.6%  get_price: purchase_tab_showing
    4      207.7    6.6%  get_price: read row 1 where it stands
    5      424.5   13.5%  get_price: search the favourite and read row 1
    6      312.7    9.9%  select inventory tab 4
    7       99.1    3.1%  read the balance before buying
    8      367.3   11.6%  click the row at (500, 258)
    9      312.5    9.9%  click Buy at (828, 258)
   10       88.0    2.8%  await the Purchase dialog
   11      298.9    9.5%  read the dialog (item, price, qty, qty_max)
   12       84.0    2.7%  find the Buy button
   13      307.8    9.8%  click Buy
   14      251.1    8.0%  park
   15       92.0    2.9%  confirm the dialog is gone
   16       93.9    3.0%  read the balance after buying
          3156.2  100.0%  TOTAL
    tab 4 slot (1, 1) is held for 'Chaos Core'; it frees when something is listed from it
  the Chaos Core landed in tab 4 slot (1, 1)
TASK {"kind": "resupply", "core": "Chaos Core", "slot": 3, "tab": 4, "landing": [1, 1], "step": "list", "holding": "Chaos Core", "qty": 1, "special": true}
  inventory slot (1,1) at (1479, 236)
    read: current min 740,008, price field 740,008, net sales 740,008, week average 717,087, listed at unread
    the lowest listed price is 740,008, from the row and 2 more
    market 740,008, typing 739,312, 696 under the market
    net sales 739,312 is 1 x 739,312
  typed 250; the net sales make it 1
    the panel holds 739,312 against the 739,312 typed
  tab 4 read in 27 ms after the listing: 0 slot(s) held

  list 1 at 739,312
    #         ms   share  step
    1       18.4    0.3%  read the panel before loading
    2      815.3   14.9%  ctrl-click (1,1) attempt 1
    3      585.7   10.7%  read the suggested price
    4     1440.0   26.3%  type the price 739,312
    5      946.9   17.3%  type the quantity 250
    6      313.1    5.7%  take the quantity from the net sales
    7       91.9    1.7%  read the price back before Register
    8      312.2    5.7%  click Register
    9       92.5    1.7%  find Confirmation
   10       20.3    0.4%  look for the underprice question
   11      308.0    5.6%  click Confirmation
   12      251.1    4.6%  park
   13      234.0    4.3%  confirm the dialog is gone
   14       18.4    0.3%  wait for the panel to let the item go
   15       26.7    0.5%  read tab 4 after the listing
          5474.5  100.0%  TOTAL
  listed 1 at 739,312; it lands in row 10
  the Chaos Core special row is listed at 739,312 in row 10
DONE {"kind": "resupply", "core": "Chaos Core", "bought": 1, "listed": 1, "rows": [10], "special": true}
  tab 4 known from the last listing: 0 slot(s) held
  row 11: 'Force Core(High' x101 at 185,930 -> tab 4 slot (1, 1)
    floor 185,930 (185,930 x 1) from Force Core Set (High) as last bought; listed at 185,930, above it
TASK {"kind": "relist", "row": 11, "item": "Force Core(High", "qty": 101, "price": 185930, "tab": 4, "slot": [1, 1], "lands_in": 11}
  inventory slot (1,1) at (1479, 236)
    read: current min 183,999, price field 183,999, net sales 183,999, week average 199,396, listed at 185,930
    the lowest listed price is 183,999, from the row and 3 more
    market 183,998 is under the 185,930 floor (a Force Core Set (High) as last bought costs 185,930); listing at the floor
    market 183,999, typing 185,930, 1,931 over the market
    net sales 18,778,930 is 101 x 185,930
  typed 250; the net sales make it 101
    the panel holds 185,930 against the 185,930 typed
  tab 4 read in 20 ms after the listing: 0 slot(s) held

  list 101 at 185,930
    #         ms   share  step
    1       20.9    0.4%  read the panel before loading
    2       18.7    0.3%  wait for slot (1,1) to fill
    3      807.9   14.8%  ctrl-click (1,1) attempt 1
    4      576.2   10.6%  read the suggested price
    5     1442.9   26.4%  type the price 185,930
    6      944.2   17.3%  type the quantity 250
    7      302.3    5.5%  take the quantity from the net sales
    8       92.9    1.7%  read the price back before Register
    9      308.3    5.7%  click Register
   10       91.8    1.7%  find Confirmation
   11       18.0    0.3%  look for the underprice question
   12      311.6    5.7%  click Confirmation
   13      251.0    4.6%  park
   14      231.2    4.2%  confirm the dialog is gone
   15       17.9    0.3%  wait for the panel to let the item go
   16       20.1    0.4%  read tab 4 after the listing
          5456.0  100.0%  TOTAL
  listed 101 at 185,930; it lands in row 11
DONE {"kind": "relist", "row": 11, "lands_in": 11, "qty": 101, "price": 185930, "item": "Force Core(High"}
    relisted 101 at 185,930 in row 11, 4 relist(s) on the floor now
  tab 4 known from the last listing: 0 slot(s) held
  row 12: 'Force Core (Ultimate' x250 at 359,974 -> tab 4 slot (1, 1)
    floor 346,662 (346,662 x 1) from Force Core Set (Ultimate) as last bought; listed at 359,974, above it
TASK {"kind": "relist", "row": 12, "item": "Force Core (Ultimate", "qty": 250, "price": 359974, "tab": 4, "slot": [1, 1], "lands_in": 12}
  inventory slot (1,1) at (1479, 236)
    read: current min 359,971, price field 359,971, net sales 359,971, week average 411,299, listed at 359,974
    the lowest listed price is 359,971, from the row and 3 more
    market 359,971, typing 359,970, 1 under the market
    net sales 89,992,500 is 250 x 359,970
  typed 250; the net sales make it 250
    the panel holds 359,970 against the 359,970 typed
  tab 4 read in 19 ms after the listing: 0 slot(s) held

  list 250 at 359,970
    #         ms   share  step
    1       17.7    0.3%  read the panel before loading
    2       16.7    0.3%  wait for slot (1,1) to fill
    3      807.7   14.8%  ctrl-click (1,1) attempt 1
    4      584.4   10.7%  read the suggested price
    5     1444.0   26.5%  type the price 359,970
    6      946.3   17.4%  type the quantity 250
    7      301.4    5.5%  take the quantity from the net sales
    8       89.4    1.6%  read the price back before Register
    9      304.2    5.6%  click Register
   10       93.1    1.7%  find Confirmation
   11       15.8    0.3%  look for the underprice question
   12      304.0    5.6%  click Confirmation
   13      251.2    4.6%  park
   14      230.0    4.2%  confirm the dialog is gone
   15       19.8    0.4%  wait for the panel to let the item go
   16       19.5    0.4%  read tab 4 after the listing
          5445.3  100.0%  TOTAL
  listed 250 at 359,970; it lands in row 12
DONE {"kind": "relist", "row": 12, "lands_in": 12, "qty": 250, "price": 359970, "item": "Force Core (Ultimate"}
    relisted 250 at 359,970 in row 12
  tab 4 known from the last listing: 0 slot(s) held
  row 13: 'Force Core (Ultimate' x48 at 359,973 -> tab 4 slot (1, 1)
    floor 346,662 (346,662 x 1) from Force Core Set (Ultimate) as last bought; listed at 359,973, above it
TASK {"kind": "relist", "row": 13, "item": "Force Core (Ultimate", "qty": 48, "price": 359973, "tab": 4, "slot": [1, 1], "lands_in": 13}
  inventory slot (1,1) at (1479, 236)
    read: current min 359,970, price field 359,970, net sales 359,970, week average 411,299, listed at 359,973
    the lowest listed price is 359,970, from the row and 3 more
    market 359,970, typing 359,969, 1 under the market
    net sales 17,278,512 is 48 x 359,969
  typed 250; the net sales make it 48
    the panel holds 359,969 against the 359,969 typed
  tab 4 read in 21 ms after the listing: 0 slot(s) held

  list 48 at 359,969
    #         ms   share  step
    1       19.6    0.4%  read the panel before loading
    2       16.2    0.3%  wait for slot (1,1) to fill
    3      812.2   14.9%  ctrl-click (1,1) attempt 1
    4      577.2   10.6%  read the suggested price
    5     1446.8   26.5%  type the price 359,969
    6      946.8   17.3%  type the quantity 250
    7      306.6    5.6%  take the quantity from the net sales
    8       89.1    1.6%  read the price back before Register
    9      309.7    5.7%  click Register
   10       91.6    1.7%  find Confirmation
   11       17.7    0.3%  look for the underprice question
   12      308.0    5.6%  click Confirmation
   13      251.1    4.6%  park
   14      232.3    4.3%  confirm the dialog is gone
   15       16.4    0.3%  wait for the panel to let the item go
   16       20.5    0.4%  read tab 4 after the listing
          5461.7  100.0%  TOTAL
  listed 48 at 359,969; it lands in row 13
DONE {"kind": "relist", "row": 13, "lands_in": 13, "qty": 48, "price": 359969, "item": "Force Core (Ultimate"}
    relisted 48 at 359,969 in row 13
  tab 4 known from the last listing: 0 slot(s) held
  row 14: 'Chaos Core Set X 252' x1 at 189,167,579 -> tab 4 slot (1, 1)
    floor 187,763,184 (745,092 x 252) from what it cost; listed at 189,167,579, above it
TASK {"kind": "relist", "row": 14, "item": "Chaos Core Set X 252", "qty": 1, "price": 189167579, "tab": 4, "slot": [1, 1], "lands_in": 14}
  inventory slot (1,1) at (1479, 236)
    read: current min 189,165,312, price field 189,165,312, net sales 189,165,312, week average 183,478,176, listed at 189,167,579
    the lowest listed price is 189,165,312, from the row and 3 more
    market 189,165,312, typing 189,165,311, 1 under the market
    net sales 189,165,311 is 1 x 189,165,311
  typed 250; the net sales make it 1
    the panel holds 189,165,311 against the 189,165,311 typed
  tab 4 read in 20 ms after the listing: 0 slot(s) held

  list 1 at 189,165,311
    #         ms   share  step
    1       18.5    0.3%  read the panel before loading
    2       16.6    0.3%  wait for slot (1,1) to fill
    3      807.7   14.2%  ctrl-click (1,1) attempt 1
    4      596.6   10.5%  read the suggested price
    5     1658.7   29.2%  type the price 189,165,311
    6      944.3   16.6%  type the quantity 250
    7      304.8    5.4%  take the quantity from the net sales
    8       93.1    1.6%  read the price back before Register
    9      307.4    5.4%  click Register
   10       95.2    1.7%  find Confirmation
   11       19.3    0.3%  look for the underprice question
   12      310.7    5.5%  click Confirmation
   13      250.9    4.4%  park
   14      229.5    4.0%  confirm the dialog is gone
   15       14.7    0.3%  wait for the panel to let the item go
   16       20.3    0.4%  read tab 4 after the listing
          5688.5  100.0%  TOTAL
  listed 1 at 189,165,311; it lands in row 14
DONE {"kind": "relist", "row": 14, "lands_in": 14, "qty": 1, "price": 189165311, "item": "Chaos Core Set X 252"}
    relisted 1 at 189,165,311 in row 14
  tab 4 known from the last listing: 0 slot(s) held
  row 15: 'Chaos Core Set X 3' x1 at 2,251,991 -> tab 4 slot (1, 1)
    floor 2,234,178 (744,726 x 3) from what it cost; listed at 2,251,991, above it
TASK {"kind": "relist", "row": 15, "item": "Chaos Core Set X 3", "qty": 1, "price": 2251991, "tab": 4, "slot": [1, 1], "lands_in": 15}
  inventory slot (1,1) at (1479, 236)
    read: current min 2,251,965, price field 2,251,965, net sales 2,251,965, week average 2,184,264, listed at 2,251,991
    the lowest listed price is 2,251,965, from the row and 3 more
    market 2,251,965, typing 2,251,964, 1 under the market
    net sales 2,251,964 is 1 x 2,251,964
  typed 250; the net sales make it 1
    the panel holds 2,251,964 against the 2,251,964 typed
  tab 4 read in 20 ms after the listing: 0 slot(s) held

  list 1 at 2,251,964
    #         ms   share  step
    1       19.4    0.4%  read the panel before loading
    2       14.5    0.3%  wait for slot (1,1) to fill
    3      812.8   14.7%  ctrl-click (1,1) attempt 1
    4      584.0   10.6%  read the suggested price
    5     1514.8   27.4%  type the price 2,251,964
    6      944.3   17.1%  type the quantity 250
    7      301.7    5.5%  take the quantity from the net sales
    8       91.1    1.6%  read the price back before Register
    9      311.6    5.6%  click Register
   10       90.1    1.6%  find Confirmation
   11       18.0    0.3%  look for the underprice question
   12      308.4    5.6%  click Confirmation
   13      251.1    4.5%  park
   14      230.4    4.2%  confirm the dialog is gone
   15       18.8    0.3%  wait for the panel to let the item go
   16       20.4    0.4%  read tab 4 after the listing
          5531.4  100.0%  TOTAL
  listed 1 at 2,251,964; it lands in row 15
DONE {"kind": "relist", "row": 15, "lands_in": 15, "qty": 1, "price": 2251964, "item": "Chaos Core Set X 3"}
    relisted 1 at 2,251,964 in row 15
  tab 4 known from the last listing: 0 slot(s) held
  row 16: 'Force Core(Highest' x250 at 199,691 -> tab 4 slot (1, 1)
    floor 193,478 (193,478 x 1) from Force Core Set (Highest) as last bought; listed at 199,691, above it
TASK {"kind": "relist", "row": 16, "item": "Force Core(Highest", "qty": 250, "price": 199691, "tab": 4, "slot": [1, 1], "lands_in": 16}
  inventory slot (1,1) at (1479, 236)
    read: current min 197,997, price field 197,997, net sales 197,997, week average 213,123, listed at 199,691
    the lowest listed price is 197,997, from the row and 3 more
    market 197,997, typing 197,996, 1 under the market
    net sales 49,499,000 is 250 x 197,996
  typed 250; the net sales make it 250
    the panel holds 197,996 against the 197,996 typed
  tab 4 read in 20 ms after the listing: 0 slot(s) held

  list 250 at 197,996
    #         ms   share  step
    1       16.8    0.3%  read the panel before loading
    2       16.3    0.3%  wait for slot (1,1) to fill
    3      807.7   14.7%  ctrl-click (1,1) attempt 1
    4      637.8   11.6%  read the suggested price
    5     1440.5   26.1%  type the price 197,996
    6      947.1   17.2%  type the quantity 250
    7      300.0    5.4%  take the quantity from the net sales
    8       90.4    1.6%  read the price back before Register
    9      309.6    5.6%  click Register
   10       93.3    1.7%  find Confirmation
   11       20.5    0.4%  look for the underprice question
   12      309.0    5.6%  click Confirmation
   13      250.8    4.6%  park
   14      232.0    4.2%  confirm the dialog is gone
   15       16.9    0.3%  wait for the panel to let the item go
   16       20.2    0.4%  read tab 4 after the listing
          5508.8  100.0%  TOTAL
  listed 250 at 197,996; it lands in row 16
DONE {"kind": "relist", "row": 16, "lands_in": 16, "qty": 250, "price": 197996, "item": "Force Core(Highest"}
    relisted 250 at 197,996 in row 16
  tab 4 known from the last listing: 0 slot(s) held
  row 17: 'Arionell' x1 at 312,185,713 -> tab 4 slot (1, 1)
    floor 281,047,170 from what it cost; listed at 312,185,713, above it
TASK {"kind": "relist", "row": 17, "item": "Arionell", "qty": 1, "price": 312185713, "tab": 4, "slot": [1, 1], "lands_in": 17}
  inventory slot (1,1) at (1479, 236)
    read: current min 312,185,714, price field 312,185,714, net sales 312,185,714, week average 315,560,317, listed at 312,185,713
    the lowest listed price is 312,185,714, from the row and 3 more
    market 312,185,714, typing 312,185,713, 1 under the market
    net sales 312,185,713 is 1 x 312,185,713
  typed 250; the net sales make it 1
    the panel holds 312,185,713 against the 312,185,713 typed
  tab 4 read in 21 ms after the listing: 0 slot(s) held

  list 1 at 312,185,713
    #         ms   share  step
    1       19.3    0.3%  read the panel before loading
    2       20.1    0.4%  wait for slot (1,1) to fill
    3      815.7   14.3%  ctrl-click (1,1) attempt 1
    4      601.8   10.5%  read the suggested price
    5     1660.0   29.1%  type the price 312,185,713
    6      946.6   16.6%  type the quantity 250
    7      305.9    5.4%  take the quantity from the net sales
    8       95.3    1.7%  read the price back before Register
    9      311.6    5.5%  click Register
   10       92.3    1.6%  find Confirmation
   11       16.0    0.3%  look for the underprice question
   12      308.8    5.4%  click Confirmation
   13      251.0    4.4%  park
   14      230.4    4.0%  confirm the dialog is gone
   15       17.3    0.3%  wait for the panel to let the item go
   16       21.2    0.4%  read tab 4 after the listing
          5713.3  100.0%  TOTAL
  listed 1 at 312,185,713; it lands in row 17
DONE {"kind": "relist", "row": 17, "lands_in": 17, "qty": 1, "price": 312185713, "item": "Arionell"}
    relisted 1 at 312,185,713 in row 17
  tab 4 known from the last listing: 0 slot(s) held
  row 18: 'Chaos Core Set X 291' x1 at 218,442,932 -> tab 4 slot (1, 1)
    floor 216,795,291 (745,001 x 291) from what it cost; listed at 218,442,932, above it
TASK {"kind": "relist", "row": 18, "item": "Chaos Core Set X 291", "qty": 1, "price": 218442932, "tab": 4, "slot": [1, 1], "lands_in": 18}
  inventory slot (1,1) at (1479, 236)
    read: current min 218,440,314, price field 218,440,314, net sales 218,440,314, week average 211,873,608, listed at 218,442,932
    the lowest listed price is 218,440,314, from the row and 3 more
    market 218,440,314, typing 218,440,313, 1 under the market
    net sales 218,440,313 is 1 x 218,440,313
  typed 250; the net sales make it 1
    the panel holds 218,440,313 against the 218,440,313 typed
  tab 4 read in 20 ms after the listing: 0 slot(s) held

  list 1 at 218,440,313
    #         ms   share  step
    1       19.6    0.3%  read the panel before loading
    2       17.7    0.3%  wait for slot (1,1) to fill
    3      809.5   14.2%  ctrl-click (1,1) attempt 1
    4      596.5   10.4%  read the suggested price
    5     1662.5   29.1%  type the price 218,440,313
    6      949.7   16.6%  type the quantity 250
    7      302.0    5.3%  take the quantity from the net sales
    8       94.3    1.7%  read the price back before Register
    9      316.0    5.5%  click Register
   10       95.4    1.7%  find Confirmation
   11       17.0    0.3%  look for the underprice question
   12      308.3    5.4%  click Confirmation
   13      251.2    4.4%  park
   14      232.0    4.1%  confirm the dialog is gone
   15       17.4    0.3%  wait for the panel to let the item go
   16       19.5    0.3%  read tab 4 after the listing
          5708.6  100.0%  TOTAL
  listed 1 at 218,440,313; it lands in row 18
DONE {"kind": "relist", "row": 18, "lands_in": 18, "qty": 1, "price": 218440313, "item": "Chaos Core Set X 291"}
    relisted 1 at 218,440,313 in row 18
  tab 4 known from the last listing: 0 slot(s) held
  row 19: 'Force Core(Highest' x250 at 197,999 -> tab 4 slot (1, 1)
    floor 193,478 (193,478 x 1) from Force Core Set (Highest) as last bought; listed at 197,999, above it
TASK {"kind": "relist", "row": 19, "item": "Force Core(Highest", "qty": 250, "price": 197999, "tab": 4, "slot": [1, 1], "lands_in": 19}
  inventory slot (1,1) at (1479, 236)
    read: current min 197,996, price field 197,996, net sales 197,996, week average 213,123, listed at 197,999
    the lowest listed price is 197,996, from the row and 3 more
    market 197,996, typing 197,995, 1 under the market
    net sales 49,498,750 is 250 x 197,995
  typed 250; the net sales make it 250
    the panel holds 197,995 against the 197,995 typed
  tab 4 read in 25 ms after the listing: 0 slot(s) held

  list 250 at 197,995
    #         ms   share  step
    1       19.6    0.4%  read the panel before loading
    2       20.7    0.4%  wait for slot (1,1) to fill
    3      811.7   14.6%  ctrl-click (1,1) attempt 1
    4      650.6   11.7%  read the suggested price
    5     1446.4   26.0%  type the price 197,995
    6      946.1   17.0%  type the quantity 250
    7      304.8    5.5%  take the quantity from the net sales
    8       90.0    1.6%  read the price back before Register
    9      309.7    5.6%  click Register
   10       91.6    1.6%  find Confirmation
   11       16.0    0.3%  look for the underprice question
   12      308.5    5.5%  click Confirmation
   13      251.1    4.5%  park
   14      245.9    4.4%  confirm the dialog is gone
   15       21.0    0.4%  wait for the panel to let the item go
   16       24.7    0.4%  read tab 4 after the listing
          5558.4  100.0%  TOTAL
  listed 250 at 197,995; it lands in row 19
DONE {"kind": "relist", "row": 19, "lands_in": 19, "qty": 250, "price": 197995, "item": "Force Core(Highest"}
    relisted 250 at 197,995 in row 19
  tab 4 known from the last listing: 0 slot(s) held
  row 20: 'Chaos Core Set X 165' x1 at 123,859,229 -> tab 4 slot (1, 1)
    floor 122,101,980 (740,012 x 165) from what it cost; listed at 123,859,229, above it
TASK {"kind": "relist", "row": 20, "item": "Chaos Core Set X 165", "qty": 1, "price": 123859229, "tab": 4, "slot": [1, 1], "lands_in": 20}
  inventory slot (1,1) at (1479, 236)
    read: current min 123,857,745, price field 123,857,745, net sales 123,857,745, week average 120,134,520, listed at 123,859,229
    the lowest listed price is 123,857,745, from the row and 3 more
    market 123,857,745, typing 123,857,744, 1 under the market
    net sales 123,857,744 is 1 x 123,857,744
  typed 250; the net sales make it 1
    the panel holds 123,857,744 against the 123,857,744 typed
  tab 4 read in 21 ms after the listing: 0 slot(s) held

  list 1 at 123,857,744
    #         ms   share  step
    1       19.6    0.3%  read the panel before loading
    2       18.6    0.3%  wait for slot (1,1) to fill
    3      812.1   14.2%  ctrl-click (1,1) attempt 1
    4      596.4   10.4%  read the suggested price
    5     1658.4   29.0%  type the price 123,857,744
    6      945.6   16.5%  type the quantity 250
    7      308.5    5.4%  take the quantity from the net sales
    8       93.6    1.6%  read the price back before Register
    9      314.8    5.5%  click Register
   10       96.7    1.7%  find Confirmation
   11       20.3    0.4%  look for the underprice question
   12      307.8    5.4%  click Confirmation
   13      251.0    4.4%  park
   14      234.5    4.1%  confirm the dialog is gone
   15       19.0    0.3%  wait for the panel to let the item go
   16       20.6    0.4%  read tab 4 after the listing
          5717.5  100.0%  TOTAL
  listed 1 at 123,857,744; it lands in row 20
DONE {"kind": "relist", "row": 20, "lands_in": 20, "qty": 1, "price": 123857744, "item": "Chaos Core Set X 165"}
    relisted 1 at 123,857,744 in row 20
  tab 4 known from the last listing: 0 slot(s) held
  row 21: 'Chaos Core Set X 162' x1 at 121,607,081 -> tab 4 slot (1, 1)
    floor 119,881,944 (740,012 x 162) from what it cost; listed at 121,607,081, above it
TASK {"kind": "relist", "row": 21, "item": "Chaos Core Set X 162", "qty": 1, "price": 121607081, "tab": 4, "slot": [1, 1], "lands_in": 21}
  inventory slot (1,1) at (1479, 236)
    read: current min 121,605,624, price field 121,605,624, net sales 121,605,624, week average 117,950,256, listed at 121,607,081
    the lowest listed price is 121,605,624, from the row and 3 more
    market 121,605,624, typing 121,605,623, 1 under the market
    net sales 121,605,623 is 1 x 121,605,623
  typed 250; the net sales make it 1
    the panel holds 121,605,623 against the 121,605,623 typed
  tab 4 read in 24 ms after the listing: 0 slot(s) held

  list 1 at 121,605,623
    #         ms   share  step
    1       21.2    0.4%  read the panel before loading
    2       16.3    0.3%  wait for slot (1,1) to fill
    3      810.0   14.2%  ctrl-click (1,1) attempt 1
    4      605.5   10.6%  read the suggested price
    5     1653.7   28.9%  type the price 121,605,623
    6      949.8   16.6%  type the quantity 250
    7      306.8    5.4%  take the quantity from the net sales
    8       94.5    1.7%  read the price back before Register
    9      316.3    5.5%  click Register
   10       94.8    1.7%  find Confirmation
   11       16.9    0.3%  look for the underprice question
   12      308.4    5.4%  click Confirmation
   13      250.9    4.4%  park
   14      233.9    4.1%  confirm the dialog is gone
   15       20.2    0.4%  wait for the panel to let the item go
   16       24.3    0.4%  read tab 4 after the listing
          5723.5  100.0%  TOTAL
  listed 1 at 121,605,623; it lands in row 21
DONE {"kind": "relist", "row": 21, "lands_in": 21, "qty": 1, "price": 121605623, "item": "Chaos Core Set X 162"}
    relisted 1 at 121,605,623 in row 21
  tab 4 known from the last listing: 0 slot(s) held
  row 22: 'Chaos Core Set X 198' x1 at 148,630,679 -> tab 4 slot (1, 1)
    floor 146,522,376 (740,012 x 198) from what it cost; listed at 148,630,679, above it
TASK {"kind": "relist", "row": 22, "item": "Chaos Core Set X 198", "qty": 1, "price": 148630679, "tab": 4, "slot": [1, 1], "lands_in": 22}
  inventory slot (1,1) at (1479, 236)
    read: current min 148,628,898, price field 148,628,898, net sales 148,628,898, week average 144,161,424, listed at 148,630,679
    the lowest listed price is 148,628,898, from the row and 3 more
    market 148,628,898, typing 148,628,897, 1 under the market
    net sales 148,628,897 is 1 x 148,628,897
  typed 250; the net sales make it 1
    the panel holds 148,628,897 against the 148,628,897 typed
  the server stopped answering after Confirmation; the panel let the item go 14s later, so the listing registered
  tab 4 read in 21 ms after the listing: 0 slot(s) held

  list 1 at 148,628,897
    #         ms   share  step
    1       20.9    0.1%  read the panel before loading
    2       17.3    0.1%  wait for slot (1,1) to fill
    3      812.8    4.0%  ctrl-click (1,1) attempt 1
    4      593.7    2.9%  read the suggested price
    5     1658.7    8.1%  type the price 148,628,897
    6      949.2    4.6%  type the quantity 250
    7      306.7    1.5%  take the quantity from the net sales
    8       94.1    0.5%  read the price back before Register
    9      315.1    1.5%  click Register
   10       92.2    0.4%  find Confirmation
   11       16.3    0.1%  look for the underprice question
   12      309.0    1.5%  click Confirmation
   13      250.7    1.2%  park
   14      235.5    1.1%  confirm the dialog is gone
   15    14802.0   72.2%  wait for the panel to let the item go
   16       20.9    0.1%  read tab 4 after the listing
         20495.1  100.0%  TOTAL
  listed 1 at 148,628,897; it lands in row 22
DONE {"kind": "relist", "row": 22, "lands_in": 22, "qty": 1, "price": 148628897, "item": "Chaos Core Set X 198"}
    relisted 1 at 148,628,897 in row 22
  row 23 is empty; nothing to relist
  row 24 is empty; nothing to relist
  row 25 is empty; nothing to relist
  the server is not answering; idling 60s rather than reading a screen it cannot serve
  the server is answering again after 60s
  the server stalled; closing the shop rather than trusting what is on screen
  whatever the stall left in tab 4 is read from the screen before the next withdrawal
restoring the default state:
  no Trade window or vendor open; not pressing Escape
  I: Inventory closed
  the server stalled for 60s; nothing was clicked and the shop is shut. The pass starts again.

-- pass 5 --
  the Agent Shop is not open before pass 5; every row would read the world behind it. Reopening.
  the Agent Shop is shut and the vendor is not open either; reopening it
  Inventory shut: slot grid 0.09, needs 0.33
  tab 4 read from the screen after the stall: 0 slot(s) held

  resupply order: Chaos Core, Force Core(High), Force Core(Highest), Upgrade Core (Ultimate), Force Core (Ultimate), Armor Account bind Unseal Stone, Armor Account bind Seal Stone, Blessing Bead - Superior

-- Chaos Core Set under our listing: up to 3 row(s) --
  Chaos Core Set 750,650 - Chaos Core 659,999 = 90,651
  ours is listed at 750,650 a Set and a Chaos Core sells at 659,999; buying every Set under 654,999, 5,000 a Set below the lower of the two
  the cheapest Chaos Core Set is 750,650 a Set, not under 654,999; nothing to buy under ours

  counting only rows 1-27; rows outside it are not repriced and do not count; 5 row(s) free
  core                            rows     buy/u    sell/u    margin  wants   short?
  Force Core(Highest)                2   195,000   197,995     2,995      0   
  Chaos Core                         6         -         -         -      -   holds the most it can want, 6; not priced
  Force Core (Ultimate)              4         -         -         -      -   holds the most it can want, 3; not priced
  Force Core(High)                   3         -         -         -      -   holds the most it can want, 3; not priced
  Upgrade Core (Ultimate)            0   456,521   449,770    -6,751      0   

  nothing inside rows 1-27 holds fewer rows than its margin is worth.

  Armor Account bind Unseal Stone: 1 row(s) inside 1-27, 1 wanted; row 2 'Armor Account bind Unseal Stone'
    floor 187,364,780: 500/1000 of the 374,729,560 voucher, read at launch

  Armor Account bind Seal Stone: 1 row(s) inside 1-27, 1 wanted; row 3 'Armor Account bind Seal Stone'
    floor 187,364,780: 500/1000 of the 374,729,560 voucher, read at launch

  Blessing Bead - Superior: 1 row(s) inside 1-27, 1 wanted; row 1 'Blessing Bead - Superior'
    floor 163,756,817: 437/1000 of the 374,729,560 voucher, read at launch
    the quantity column read 'Superior', which holds no digits, so it is the end of the name and not a count; reading the row as 'Blessing Bead - Superior' and letting the panel count what is there
    one line read 'aa 1 169,999,998 OnSale Change'; read as stacked lines it is 'Blessing Bead - Superior 169,999,998 OnSale Change'
  tab 4 read from the screen in 1530 ms: 0 slot(s) held
  row 1: 'Blessing Bead - Superior' x1 at 169,999,998 -> tab 4 slot (1, 1)
    floor 163,756,817 from what it cost; listed at 169,999,998, above it
TASK {"kind": "relist", "row": 1, "item": "Blessing Bead - Superior", "qty": 1, "price": 169999998, "tab": 4, "slot": [1, 1], "lands_in": 1}
  inventory slot (1,1) at (1479, 236)
    read: current min 169,999,999, price field 169,999,999, net sales 169,999,999, week average 192,063,448, listed at 169,999,998
    the lowest listed price is 169,999,999, from the row and 3 more
    market 169,999,999, typing 169,999,998, 1 under the market
    net sales 169,999,998 is 1 x 169,999,998
  typed 250; the net sales make it 1
    the panel holds 169,999,998 against the 169,999,998 typed
  tab 4 read in 20 ms after the listing: 0 slot(s) held

  list 1 at 169,999,998
    #         ms   share  step
    1       20.1    0.4%  read the panel before loading
    2       18.7    0.3%  wait for slot (1,1) to fill
    3      819.2   14.3%  ctrl-click (1,1) attempt 1
    4      590.2   10.3%  read the suggested price
    5     1656.3   29.0%  type the price 169,999,998
    6      947.5   16.6%  type the quantity 250
    7      305.3    5.3%  take the quantity from the net sales
    8       94.5    1.7%  read the price back before Register
    9      307.9    5.4%  click Register
   10       92.0    1.6%  find Confirmation
   11       23.4    0.4%  look for the underprice question
   12      309.9    5.4%  click Confirmation
   13      251.0    4.4%  park
   14      234.3    4.1%  confirm the dialog is gone
   15       19.4    0.3%  wait for the panel to let the item go
   16       19.7    0.3%  read tab 4 after the listing
          5709.3  100.0%  TOTAL
  listed 1 at 169,999,998; it lands in row 1
DONE {"kind": "relist", "row": 1, "lands_in": 1, "qty": 1, "price": 169999998, "item": "Blessing Bead - Superior"}
    relisted 1 at 169,999,998 in row 1
  tab 4 known from the last listing: 0 slot(s) held
  row 2: 'Armor Account bind Unseal Stone' x1 at 187,364,780 -> tab 4 slot (1, 1)
    floor 187,364,780 from what it cost; listed at 187,364,780, above it
TASK {"kind": "relist", "row": 2, "item": "Armor Account bind Unseal Stone", "qty": 1, "price": 187364780, "tab": 4, "slot": [1, 1], "lands_in": 2}
  inventory slot (1,1) at (1479, 236)
    read: current min 186,500,000, price field 186,500,000, net sales 186,500,000, week average 192,114,171, listed at 187,364,780
    the lowest listed price is 186,500,000, from the row and 3 more
    market 186,499,999 is under the 187,364,780 floor (it is worth what it cost); listing at the floor
    market 186,500,000, typing 187,364,780, 864,780 over the market
    net sales 187,364,780 is 1 x 187,364,780
  typed 250; the net sales make it 1
    the panel holds 187,364,780 against the 187,364,780 typed
  tab 4 read in 21 ms after the listing: 0 slot(s) held

  list 1 at 187,364,780
    #         ms   share  step
    1       19.6    0.3%  read the panel before loading
    2       15.5    0.3%  wait for slot (1,1) to fill
    3      809.3   14.2%  ctrl-click (1,1) attempt 1
    4      592.5   10.4%  read the suggested price
    5     1664.8   29.2%  type the price 187,364,780
    6      951.5   16.7%  type the quantity 250
    7      304.3    5.3%  take the quantity from the net sales
    8       91.8    1.6%  read the price back before Register
    9      308.1    5.4%  click Register
   10       99.4    1.7%  find Confirmation
   11       16.7    0.3%  look for the underprice question
   12      308.7    5.4%  click Confirmation
   13      250.9    4.4%  park
   14      234.7    4.1%  confirm the dialog is gone
   15       18.1    0.3%  wait for the panel to let the item go
   16       21.1    0.4%  read tab 4 after the listing
          5707.0  100.0%  TOTAL
  listed 1 at 187,364,780; it lands in row 2
DONE {"kind": "relist", "row": 2, "lands_in": 2, "qty": 1, "price": 187364780, "item": "Armor Account bind Unseal Stone"}
    relisted 1 at 187,364,780 in row 2, 5 relist(s) on the floor now
  tab 4 known from the last listing: 0 slot(s) held
  row 3: 'Armor Account bind Seal Stone' x2 at 187,364,780 -> tab 4 slot (1, 1)
    floor 187,364,780 from what it cost; listed at 187,364,780, above it
TASK {"kind": "relist", "row": 3, "item": "Armor Account bind Seal Stone", "qty": 2, "price": 187364780, "tab": 4, "slot": [1, 1], "lands_in": 3}
  inventory slot (1,1) at (1479, 236)
    read: current min 186,500,000, price field 186,500,000, net sales 186,500,000, week average 190,073,428, listed at 187,364,780
    the lowest listed price is 186,500,000, from the row and 3 more
    market 186,499,999 is under the 187,364,780 floor (it is worth what it cost); listing at the floor
    market 186,500,000, typing 187,364,780, 864,780 over the market
    net sales 374,729,560 is 2 x 187,364,780
  typed 250; the net sales make it 2
    the panel holds 187,364,780 against the 187,364,780 typed
  tab 4 read in 20 ms after the listing: 0 slot(s) held

  list 2 at 187,364,780
    #         ms   share  step
    1       17.1    0.3%  read the panel before loading
    2       21.4    0.4%  wait for slot (1,1) to fill
    3      815.4   14.3%  ctrl-click (1,1) attempt 1
    4      592.9   10.4%  read the suggested price
    5     1662.4   29.1%  type the price 187,364,780
    6      948.3   16.6%  type the quantity 250
    7      308.8    5.4%  take the quantity from the net sales
    8       93.7    1.6%  read the price back before Register
    9      311.0    5.4%  click Register
   10       97.4    1.7%  find Confirmation
   11       19.6    0.3%  look for the underprice question
   12      308.0    5.4%  click Confirmation
   13      250.7    4.4%  park
   14      234.7    4.1%  confirm the dialog is gone
   15       19.0    0.3%  wait for the panel to let the item go
   16       19.8    0.3%  read tab 4 after the listing
          5720.2  100.0%  TOTAL
  listed 2 at 187,364,780; it lands in row 3
DONE {"kind": "relist", "row": 3, "lands_in": 3, "qty": 2, "price": 187364780, "item": "Armor Account bind Seal Stone"}
    relisted 2 at 187,364,780 in row 3, 5 relist(s) on the floor now
  tab 4 known from the last listing: 0 slot(s) held
  row 4: 'Force Core (Ultimate' x9 at 359,972 -> tab 4 slot (1, 1)
    floor 346,662 (346,662 x 1) from Force Core Set (Ultimate) as last bought; listed at 359,972, above it
TASK {"kind": "relist", "row": 4, "item": "Force Core (Ultimate", "qty": 9, "price": 359972, "tab": 4, "slot": [1, 1], "lands_in": 4}
  inventory slot (1,1) at (1479, 236)
    read: current min 359,967, price field 359,967, net sales 359,967, week average 411,299, listed at 359,972
    the lowest listed price is 359,967, from the row and 3 more
    market 359,967, typing 359,966, 1 under the market
    net sales 3,239,694 is 9 x 359,966
  typed 250; the net sales make it 9
    the panel holds 359,966 against the 359,966 typed
  tab 4 read in 27 ms after the listing: 0 slot(s) held

  list 9 at 359,966
    #         ms   share  step
    1       19.5    0.4%  read the panel before loading
    2       16.7    0.3%  wait for slot (1,1) to fill
    3      808.4   14.8%  ctrl-click (1,1) attempt 1
    4      584.5   10.7%  read the suggested price
    5     1443.7   26.4%  type the price 359,966
    6      946.9   17.3%  type the quantity 250
    7      299.9    5.5%  take the quantity from the net sales
    8       91.1    1.7%  read the price back before Register
    9      309.5    5.7%  click Register
   10       95.4    1.7%  find Confirmation
   11       16.7    0.3%  look for the underprice question
   12      309.0    5.6%  click Confirmation
   13      250.8    4.6%  park
   14      234.2    4.3%  confirm the dialog is gone
   15       18.7    0.3%  wait for the panel to let the item go
   16       26.9    0.5%  read tab 4 after the listing
          5471.7  100.0%  TOTAL
  listed 9 at 359,966; it lands in row 4
DONE {"kind": "relist", "row": 4, "lands_in": 4, "qty": 9, "price": 359966, "item": "Force Core (Ultimate"}
    relisted 9 at 359,966 in row 4
  tab 4 known from the last listing: 0 slot(s) held
  row 5: 'Astral Core(Palladium) X 127' x6 at 194,690 -> tab 4 slot (1, 1)
    no floor for 'Astral Core(Palladium) X 127'
TASK {"kind": "relist", "row": 5, "item": "Astral Core(Palladium) X 127", "qty": 6, "price": 194690, "tab": 4, "slot": [1, 1], "lands_in": 5}
  inventory slot (1,1) at (1479, 236)
    read: current min 194,564, price field 194,564, net sales 194,564, week average 199,771, listed at 194,690
    the lowest listed price is 194,564, from the row and 3 more
    market 194,564, typing 194,563, 1 under the market
    net sales 1,167,378 is 6 x 194,563
  typed 250; the net sales make it 6
    the panel holds 194,563 against the 194,563 typed
  tab 4 read in 20 ms after the listing: 0 slot(s) held

  list 6 at 194,563
    #         ms   share  step
    1       18.3    0.3%  read the panel before loading
    2       14.9    0.3%  wait for slot (1,1) to fill
    3      810.2   14.8%  ctrl-click (1,1) attempt 1
    4      588.3   10.8%  read the suggested price
    5     1439.7   26.4%  type the price 194,563
    6      945.1   17.3%  type the quantity 250
    7      307.1    5.6%  take the quantity from the net sales
    8       88.8    1.6%  read the price back before Register
    9      310.7    5.7%  click Register
   10       93.2    1.7%  find Confirmation
   11       19.8    0.4%  look for the underprice question
   12      312.0    5.7%  click Confirmation
   13      250.8    4.6%  park
   14      226.6    4.1%  confirm the dialog is gone
   15       17.8    0.3%  wait for the panel to let the item go
   16       19.8    0.4%  read tab 4 after the listing
          5463.1  100.0%  TOTAL
  listed 6 at 194,563; it lands in row 5
DONE {"kind": "relist", "row": 5, "lands_in": 5, "qty": 6, "price": 194563, "item": "Astral Core(Palladium) X 127"}
    relisted 6 at 194,563 in row 5
  tab 4 known from the last listing: 0 slot(s) held
  row 6: 'Force Core (Ultimate' x5 at 359,971 -> tab 4 slot (1, 1)
    floor 346,662 (346,662 x 1) from Force Core Set (Ultimate) as last bought; listed at 359,971, above it
TASK {"kind": "relist", "row": 6, "item": "Force Core (Ultimate", "qty": 5, "price": 359971, "tab": 4, "slot": [1, 1], "lands_in": 6}
  inventory slot (1,1) at (1479, 236)
    read: current min 359,966, price field 359,966, net sales 359,966, week average 411,299, listed at 359,971
    the lowest listed price is 359,966, from the row and 3 more
    market 359,966, typing 359,965, 1 under the market
    net sales 1,799,825 is 5 x 359,965
  typed 250; the net sales make it 5
    the panel holds 359,965 against the 359,965 typed
  tab 4 read in 20 ms after the listing: 0 slot(s) held

  list 5 at 359,965
    #         ms   share  step
    1       18.4    0.3%  read the panel before loading
    2       14.9    0.3%  wait for slot (1,1) to fill
    3      808.9   14.8%  ctrl-click (1,1) attempt 1
    4      575.7   10.6%  read the suggested price
    5     1440.8   26.4%  type the price 359,965
    6      946.3   17.4%  type the quantity 250
    7      303.2    5.6%  take the quantity from the net sales
    8       88.1    1.6%  read the price back before Register
    9      310.6    5.7%  click Register
   10       90.5    1.7%  find Confirmation
   11       18.3    0.3%  look for the underprice question
   12      312.1    5.7%  click Confirmation
   13      251.3    4.6%  park
   14      230.2    4.2%  confirm the dialog is gone
   15       17.9    0.3%  wait for the panel to let the item go
   16       20.4    0.4%  read tab 4 after the listing
          5447.9  100.0%  TOTAL
  listed 5 at 359,965; it lands in row 6
DONE {"kind": "relist", "row": 6, "lands_in": 6, "qty": 5, "price": 359965, "item": "Force Core (Ultimate"}
    relisted 5 at 359,965 in row 6
  tab 4 known from the last listing: 0 slot(s) held
  row 7: 'Force Core(High' x73 at 185,930 -> tab 4 slot (1, 1)
    floor 185,930 (185,930 x 1) from Force Core Set (High) as last bought; listed at 185,930, above it
TASK {"kind": "relist", "row": 7, "item": "Force Core(High", "qty": 73, "price": 185930, "tab": 4, "slot": [1, 1], "lands_in": 7}
  inventory slot (1,1) at (1479, 236)
    read: current min 183,997, price field 183,997, net sales 183,997, week average 199,396, listed at 185,930
    the lowest listed price is 183,997, from the row and 3 more
    market 183,996 is under the 185,930 floor (a Force Core Set (High) as last bought costs 185,930); listing at the floor
    market 183,997, typing 185,930, 1,933 over the market
    net sales 13,572,890 is 73 x 185,930
  typed 250; the net sales make it 73
    the panel holds 185,930 against the 185,930 typed
  tab 4 read in 20 ms after the listing: 0 slot(s) held

  list 73 at 185,930
    #         ms   share  step
    1       16.0    0.3%  read the panel before loading
    2       16.0    0.3%  wait for slot (1,1) to fill
    3      808.3   14.9%  ctrl-click (1,1) attempt 1
    4      575.8   10.6%  read the suggested price
    5     1441.0   26.5%  type the price 185,930
    6      947.1   17.4%  type the quantity 250
    7      304.2    5.6%  take the quantity from the net sales
    8       90.4    1.7%  read the price back before Register
    9      304.7    5.6%  click Register
   10       90.9    1.7%  find Confirmation
   11       17.5    0.3%  look for the underprice question
   12      307.7    5.7%  click Confirmation
   13      251.1    4.6%  park
   14      227.4    4.2%  confirm the dialog is gone
   15       18.7    0.3%  wait for the panel to let the item go
   16       20.0    0.4%  read tab 4 after the listing
          5436.9  100.0%  TOTAL
  listed 73 at 185,930; it lands in row 7
DONE {"kind": "relist", "row": 7, "lands_in": 7, "qty": 73, "price": 185930, "item": "Force Core(High"}
    relisted 73 at 185,930 in row 7, 5 relist(s) on the floor now
  tab 4 known from the last listing: 0 slot(s) held
  row 8: 'Force Core(High' x117 at 185,930 -> tab 4 slot (1, 1)
    floor 185,930 (185,930 x 1) from Force Core Set (High) as last bought; listed at 185,930, above it
TASK {"kind": "relist", "row": 8, "item": "Force Core(High", "qty": 117, "price": 185930, "tab": 4, "slot": [1, 1], "lands_in": 8}
  inventory slot (1,1) at (1479, 236)
    read: current min 183,997, price field 183,997, net sales 183,997, week average 199,396, listed at 185,930
    the lowest listed price is 183,997, from the row and 3 more
    market 183,996 is under the 185,930 floor (a Force Core Set (High) as last bought costs 185,930); listing at the floor
    market 183,997, typing 185,930, 1,933 over the market
    net sales 21,753,810 is 117 x 185,930
  typed 250; the net sales make it 117
    the panel holds 185,930 against the 185,930 typed
  tab 4 read in 21 ms after the listing: 0 slot(s) held

  list 117 at 185,930
    #         ms   share  step
    1       17.9    0.3%  read the panel before loading
    2       16.3    0.3%  wait for slot (1,1) to fill
    3      811.2   14.9%  ctrl-click (1,1) attempt 1
    4      584.7   10.7%  read the suggested price
    5     1440.9   26.4%  type the price 185,930
    6      947.0   17.3%  type the quantity 250
    7      303.9    5.6%  take the quantity from the net sales
    8       90.4    1.7%  read the price back before Register
    9      309.8    5.7%  click Register
   10       93.2    1.7%  find Confirmation
   11       20.0    0.4%  look for the underprice question
   12      307.6    5.6%  click Confirmation
   13      250.9    4.6%  park
   14      227.2    4.2%  confirm the dialog is gone
   15       18.0    0.3%  wait for the panel to let the item go
   16       21.3    0.4%  read tab 4 after the listing
          5460.4  100.0%  TOTAL
  listed 117 at 185,930; it lands in row 8
DONE {"kind": "relist", "row": 8, "lands_in": 8, "qty": 117, "price": 185930, "item": "Force Core(High"}
    relisted 117 at 185,930 in row 8, 5 relist(s) on the floor now
    the quantity column read 'Saver', which holds no digits, so it is the end of the name and not a count; reading the row as 'Wexp Saver' and letting the panel count what is there
  tab 4 known from the last listing: 0 slot(s) held
  row 9: 'Wexp Saver' x1 at 65,920,000 -> tab 4 slot (1, 1)
    the quantity column read 'Saver', which holds no digits, so it is the end of the name and not a count; reading the row as 'Wexp Saver' and letting the panel count what is there
    no floor for 'Wexp Saver'
TASK {"kind": "relist", "row": 9, "item": "Wexp Saver", "qty": 1, "price": 65920000, "tab": 4, "slot": [1, 1], "lands_in": 9}
  inventory slot (1,1) at (1479, 236)
    read: current min 62,626,262, price field 62,626,262, net sales 62,626,262, week average 63,911,720, listed at 65,920,000
    the lowest listed price is 62,626,262, from the row and 3 more
    the market asks 62,626,261, 3,293,739 under our 65,920,000; holding at 65,910,000, the most this row may fall in one relist
    market 62,626,262, typing 65,910,000, 3,283,738 over the market
    net sales 65,910,000 is 1 x 65,910,000
  typed 250; the net sales make it 1
    the panel holds 65,910,000 against the 65,910,000 typed
  tab 4 read in 21 ms after the listing: 0 slot(s) held

  list 1 at 65,910,000
    #         ms   share  step
    1       16.7    0.3%  read the panel before loading
    2       15.4    0.3%  wait for slot (1,1) to fill
    3      808.9   14.4%  ctrl-click (1,1) attempt 1
    4      588.4   10.5%  read the suggested price
    5     1586.8   28.3%  type the price 65,910,000
    6      945.0   16.8%  type the quantity 250
    7      303.2    5.4%  take the quantity from the net sales
    8       92.6    1.6%  read the price back before Register
    9      308.9    5.5%  click Register
   10       93.4    1.7%  find Confirmation
   11       24.1    0.4%  look for the underprice question
   12      307.9    5.5%  click Confirmation
   13      250.8    4.5%  park
   14      236.9    4.2%  confirm the dialog is gone
   15       15.7    0.3%  wait for the panel to let the item go
   16       21.3    0.4%  read tab 4 after the listing
          5615.9  100.0%  TOTAL
  listed 1 at 65,910,000; it lands in row 9
DONE {"kind": "relist", "row": 9, "lands_in": 9, "qty": 1, "price": 65910000, "item": "Wexp Saver"}
    relisted 1 at 65,910,000 in row 9
  row 10 has SOLD (fully); collecting
    collected; row 10 is empty, nothing to relist
  the Chaos Core special row sold; buying it back now, not on the next pass

-- Chaos Core special row 1 of 1: 1 at 500 to 700 under the market --
  1 stays behind on every row bought; an order 10 step(s) down with nothing spare takes the row it is on whole, and the next order leaves 1 behind again; each order prices the favourite afresh, then wheels down, up to 30 step(s)
TASK {"kind": "resupply", "core": "Chaos Core", "slot": 3, "tab": 4, "landing": [1, 1], "special": true}
  row 1 offers 'Chaos Core' x1 at 659,999 (659,999/unit)

  buy from favourite slot 3: REFUSED
    #         ms   share  step
    1        0.6    0.0%  get_price: focus the game
    2       98.4    1.8%  get_price: _trade_window_open (OCR 1300x190)
    3      148.8    2.8%  get_price: purchase_tab_showing
    4     1409.3   26.3%  get_price: click the Purchase tab + settle
    5      173.5    3.2%  get_price: read row 1 before the search
    6      310.3    5.8%  get_price: click favourite slot 3
    7       91.4    1.7%  get_price: confirm the sort
    8      435.2    8.1%  get_price: poll row 1 until it answers (2 read(s))
    9     2688.5   50.2%  get_price: search the favourite and read row 1
          5356.0  100.0%  TOTAL
  row 1 holds 1 and 1 stays behind, so there is nothing spare to take here.
  wheeled 1 notch(es) down the offers, from row 2 at (500, 313)
  row 1 offers 'Chaos Core' x125 at 748,999 (748,999/unit)
    balance before 1,178,770,616
    row 1 holds 125, 1 stays behind, so at most 124 comes off it
    dialog: '¢ Chaos Core'  qty 1 of 125  price 748999
    1 core(s) wanted, 1 to a pack -> 1 pack(s); 125 available, taking 1
    the quantity field already reads 1; not retyping it
    ordering 1 pack(s) at 748,999; the spend will confirm what actually bought
    balance after  1,178,021,617; spent 748,999 bought 1 pack(s) = 1 core(s) (748,999 a core)

  buy from favourite slot 3: bought 1 core(s) in 1 order(s)
    #         ms   share  step
    1        0.4    0.0%  get_price: focus the game
    2       97.1    3.1%  get_price: _trade_window_open (OCR 1300x190)
    3      111.3    3.6%  get_price: purchase_tab_showing
    4      206.5    6.7%  get_price: read row 1 where it stands
    5      415.4   13.4%  get_price: search the favourite and read row 1
    6      309.7   10.0%  select inventory tab 4
    7       92.5    3.0%  read the balance before buying
    8      357.0   11.5%  click the row at (500, 258)
    9      309.2   10.0%  click Buy at (828, 258)
   10       86.1    2.8%  await the Purchase dialog
   11      294.2    9.5%  read the dialog (item, price, qty, qty_max)
   12       85.9    2.8%  find the Buy button
   13      308.0    9.9%  click Buy
   14      251.1    8.1%  park
   15       86.1    2.8%  confirm the dialog is gone
   16       89.5    2.9%  read the balance after buying
          3099.9  100.0%  TOTAL
    tab 4 slot (1, 1) is held for 'Chaos Core'; it frees when something is listed from it
  the Chaos Core landed in tab 4 slot (1, 1)
TASK {"kind": "resupply", "core": "Chaos Core", "slot": 3, "tab": 4, "landing": [1, 1], "step": "list", "holding": "Chaos Core", "qty": 1, "special": true}
  inventory slot (1,1) at (1479, 236)
    read: current min 659,999, price field 659,999, net sales 659,999, week average 717,087, listed at unread
    the lowest listed price is 659,999, from the row and 2 more
    market 659,999, typing 659,334, 665 under the market
    net sales 659,334 is 1 x 659,334
  typed 250; the net sales make it 1
    the panel holds 659,334 against the 659,334 typed
  tab 4 read in 20 ms after the listing: 0 slot(s) held

  list 1 at 659,334
    #         ms   share  step
    1       20.1    0.4%  read the panel before loading
    2      806.3   14.9%  ctrl-click (1,1) attempt 1
    3      576.2   10.6%  read the suggested price
    4     1438.9   26.5%  type the price 659,334
    5      944.8   17.4%  type the quantity 250
    6      298.5    5.5%  take the quantity from the net sales
    7       92.1    1.7%  read the price back before Register
    8      310.2    5.7%  click Register
    9       94.4    1.7%  find Confirmation
   10       17.8    0.3%  look for the underprice question
   11      312.2    5.8%  click Confirmation
   12      250.9    4.6%  park
   13      226.7    4.2%  confirm the dialog is gone
   14       18.5    0.3%  wait for the panel to let the item go
   15       20.0    0.4%  read tab 4 after the listing
          5427.6  100.0%  TOTAL
  listed 1 at 659,334; it lands in row 10
  the Chaos Core special row is listed at 659,334 in row 10
DONE {"kind": "resupply", "core": "Chaos Core", "bought": 1, "listed": 1, "rows": [10], "special": true}
  tab 4 known from the last listing: 0 slot(s) held
  row 11: 'Force Core(High' x101 at 185,930 -> tab 4 slot (1, 1)
    floor 185,930 (185,930 x 1) from Force Core Set (High) as last bought; listed at 185,930, above it
TASK {"kind": "relist", "row": 11, "item": "Force Core(High", "qty": 101, "price": 185930, "tab": 4, "slot": [1, 1], "lands_in": 11}
  inventory slot (1,1) at (1479, 236)
    read: current min 183,997, price field 183,997, net sales 183,997, week average 199,396, listed at 185,930
    the lowest listed price is 183,997, from the row and 3 more
    market 183,996 is under the 185,930 floor (a Force Core Set (High) as last bought costs 185,930); listing at the floor
    market 183,997, typing 185,930, 1,933 over the market
    net sales 18,778,930 is 101 x 185,930
  typed 250; the net sales make it 101
    the panel holds 185,930 against the 185,930 typed
  tab 4 read in 24 ms after the listing: 0 slot(s) held

  list 101 at 185,930
    #         ms   share  step
    1       19.5    0.4%  read the panel before loading
    2       18.9    0.3%  wait for slot (1,1) to fill
    3      808.6   14.8%  ctrl-click (1,1) attempt 1
    4      583.6   10.6%  read the suggested price
    5     1441.9   26.3%  type the price 185,930
    6      946.8   17.3%  type the quantity 250
    7      306.9    5.6%  take the quantity from the net sales
    8       91.4    1.7%  read the price back before Register
    9      309.3    5.6%  click Register
   10       96.2    1.8%  find Confirmation
   11       18.3    0.3%  look for the underprice question
   12      310.8    5.7%  click Confirmation
   13      251.1    4.6%  park
   14      233.2    4.3%  confirm the dialog is gone
   15       20.7    0.4%  wait for the panel to let the item go
   16       24.2    0.4%  read tab 4 after the listing
          5481.4  100.0%  TOTAL
  listed 101 at 185,930; it lands in row 11
DONE {"kind": "relist", "row": 11, "lands_in": 11, "qty": 101, "price": 185930, "item": "Force Core(High"}
    relisted 101 at 185,930 in row 11, 5 relist(s) on the floor now
  tab 4 known from the last listing: 0 slot(s) held
  row 12: 'Force Core (Ultimate' x250 at 359,970 -> tab 4 slot (1, 1)
    floor 346,662 (346,662 x 1) from Force Core Set (Ultimate) as last bought; listed at 359,970, above it
TASK {"kind": "relist", "row": 12, "item": "Force Core (Ultimate", "qty": 250, "price": 359970, "tab": 4, "slot": [1, 1], "lands_in": 12}
  inventory slot (1,1) at (1479, 236)
    read: current min 359,965, price field 359,965, net sales 359,965, week average 411,299, listed at 359,970
    the lowest listed price is 359,965, from the row and 3 more
    market 359,965, typing 359,964, 1 under the market
    net sales 89,991,000 is 250 x 359,964
  typed 250; the net sales make it 250
    the panel holds 359,964 against the 359,964 typed
  tab 4 read in 21 ms after the listing: 0 slot(s) held

  list 250 at 359,964
    #         ms   share  step
    1       19.4    0.4%  read the panel before loading
    2       14.9    0.3%  wait for slot (1,1) to fill
    3      809.5   14.8%  ctrl-click (1,1) attempt 1
    4      576.5   10.6%  read the suggested price
    5     1439.7   26.4%  type the price 359,964
    6      946.3   17.3%  type the quantity 250
    7      304.4    5.6%  take the quantity from the net sales
    8       92.4    1.7%  read the price back before Register
    9      307.3    5.6%  click Register
   10       90.2    1.7%  find Confirmation
   11       19.2    0.4%  look for the underprice question
   12      308.2    5.6%  click Confirmation
   13      251.1    4.6%  park
   14      240.1    4.4%  confirm the dialog is gone
   15       17.3    0.3%  wait for the panel to let the item go
   16       20.7    0.4%  read tab 4 after the listing
          5457.2  100.0%  TOTAL
  listed 250 at 359,964; it lands in row 12
DONE {"kind": "relist", "row": 12, "lands_in": 12, "qty": 250, "price": 359964, "item": "Force Core (Ultimate"}
    relisted 250 at 359,964 in row 12
  tab 4 known from the last listing: 0 slot(s) held
  row 13: 'Force Core (Ultimate' x48 at 359,969 -> tab 4 slot (1, 1)
    floor 346,662 (346,662 x 1) from Force Core Set (Ultimate) as last bought; listed at 359,969, above it
TASK {"kind": "relist", "row": 13, "item": "Force Core (Ultimate", "qty": 48, "price": 359969, "tab": 4, "slot": [1, 1], "lands_in": 13}
  inventory slot (1,1) at (1479, 236)
    read: current min 359,964, price field 359,964, net sales 359,964, week average 411,299, listed at 359,969
    the lowest listed price is 359,964, from the row and 3 more
    market 359,964, typing 359,963, 1 under the market
    net sales 17,278,224 is 48 x 359,963
  typed 250; the net sales make it 48
    the panel holds 359,963 against the 359,963 typed
  tab 4 read in 20 ms after the listing: 0 slot(s) held

  list 48 at 359,963
    #         ms   share  step
    1       16.8    0.3%  read the panel before loading
    2       15.1    0.3%  wait for slot (1,1) to fill
    3      809.1   14.8%  ctrl-click (1,1) attempt 1
    4      584.6   10.7%  read the suggested price
    5     1437.7   26.3%  type the price 359,963
    6      945.2   17.3%  type the quantity 250
    7      306.8    5.6%  take the quantity from the net sales
    8       91.4    1.7%  read the price back before Register
    9      310.5    5.7%  click Register
   10       97.8    1.8%  find Confirmation
   11       25.8    0.5%  look for the underprice question
   12      305.1    5.6%  click Confirmation
   13      250.9    4.6%  park
   14      232.0    4.2%  confirm the dialog is gone
   15       17.4    0.3%  wait for the panel to let the item go
   16       20.2    0.4%  read tab 4 after the listing
          5466.5  100.0%  TOTAL
  listed 48 at 359,963; it lands in row 13
DONE {"kind": "relist", "row": 13, "lands_in": 13, "qty": 48, "price": 359963, "item": "Force Core (Ultimate"}
    relisted 48 at 359,963 in row 13
  tab 4 known from the last listing: 0 slot(s) held
  row 14: 'Chaos Core Set X 252' x1 at 189,165,311 -> tab 4 slot (1, 1)
    floor 187,763,184 (745,092 x 252) from what it cost; listed at 189,165,311, above it
TASK {"kind": "relist", "row": 14, "item": "Chaos Core Set X 252", "qty": 1, "price": 189165311, "tab": 4, "slot": [1, 1], "lands_in": 14}
  inventory slot (1,1) at (1479, 236)
    read: current min 189,163,800, price field 189,163,800, net sales 189,163,800, week average 183,478,176, listed at 189,165,311
    the lowest listed price is 189,163,800, from the row and 3 more
    market 189,163,800, typing 189,163,799, 1 under the market
    net sales 189,163,799 is 1 x 189,163,799
  typed 250; the net sales make it 1
    the panel holds 189,163,799 against the 189,163,799 typed
  tab 4 read in 20 ms after the listing: 0 slot(s) held

  list 1 at 189,163,799
    #         ms   share  step
    1       17.6    0.3%  read the panel before loading
    2       15.9    0.3%  wait for slot (1,1) to fill
    3      813.0   14.3%  ctrl-click (1,1) attempt 1
    4      589.0   10.4%  read the suggested price
    5     1654.1   29.1%  type the price 189,163,799
    6      944.7   16.6%  type the quantity 250
    7      304.8    5.4%  take the quantity from the net sales
    8       92.9    1.6%  read the price back before Register
    9      310.9    5.5%  click Register
   10       93.0    1.6%  find Confirmation
   11       23.4    0.4%  look for the underprice question
   12      308.3    5.4%  click Confirmation
   13      250.9    4.4%  park
   14      230.2    4.0%  confirm the dialog is gone
   15       20.1    0.4%  wait for the panel to let the item go
   16       20.1    0.4%  read tab 4 after the listing
          5688.7  100.0%  TOTAL
  listed 1 at 189,163,799; it lands in row 14
DONE {"kind": "relist", "row": 14, "lands_in": 14, "qty": 1, "price": 189163799, "item": "Chaos Core Set X 252"}
    relisted 1 at 189,163,799 in row 14
  tab 4 known from the last listing: 0 slot(s) held
  row 15: 'Chaos Core Set X 3' x1 at 2,251,964 -> tab 4 slot (1, 1)
    floor 2,234,178 (744,726 x 3) from what it cost; listed at 2,251,964, above it
TASK {"kind": "relist", "row": 15, "item": "Chaos Core Set X 3", "qty": 1, "price": 2251964, "tab": 4, "slot": [1, 1], "lands_in": 15}
  inventory slot (1,1) at (1479, 236)
    read: current min 2,251,947, price field 2,251,947, net sales 2,251,947, week average 2,184,264, listed at 2,251,964
    the lowest listed price is 2,251,947, from the row and 3 more
    market 2,251,947, typing 2,251,946, 1 under the market
    net sales 2,251,946 is 1 x 2,251,946
  typed 250; the net sales make it 1
    the panel holds 2,251,946 against the 2,251,946 typed
  tab 4 read in 20 ms after the listing: 0 slot(s) held

  list 1 at 2,251,946
    #         ms   share  step
    1       19.4    0.3%  read the panel before loading
    2       17.9    0.3%  wait for slot (1,1) to fill
    3      808.2   14.5%  ctrl-click (1,1) attempt 1
    4      580.0   10.4%  read the suggested price
    5     1512.7   27.2%  type the price 2,251,946
    6      949.0   17.1%  type the quantity 250
    7      306.7    5.5%  take the quantity from the net sales
    8       93.0    1.7%  read the price back before Register
    9      309.3    5.6%  click Register
   10      102.1    1.8%  find Confirmation
   11       20.8    0.4%  look for the underprice question
   12      315.1    5.7%  click Confirmation
   13      250.8    4.5%  park
   14      237.2    4.3%  confirm the dialog is gone
   15       20.0    0.4%  wait for the panel to let the item go
   16       19.8    0.4%  read tab 4 after the listing
          5562.0  100.0%  TOTAL
  listed 1 at 2,251,946; it lands in row 15
DONE {"kind": "relist", "row": 15, "lands_in": 15, "qty": 1, "price": 2251946, "item": "Chaos Core Set X 3"}
    relisted 1 at 2,251,946 in row 15
  tab 4 known from the last listing: 0 slot(s) held
  row 16: 'Force Core(Highest' x250 at 197,996 -> tab 4 slot (1, 1)
    floor 193,478 (193,478 x 1) from Force Core Set (Highest) as last bought; listed at 197,996, above it
TASK {"kind": "relist", "row": 16, "item": "Force Core(Highest", "qty": 250, "price": 197996, "tab": 4, "slot": [1, 1], "lands_in": 16}
  inventory slot (1,1) at (1479, 236)
    read: current min 197,995, price field 197,995, net sales 197,995, week average 213,123, listed at 197,996
    the lowest listed price is 197,995, from the row and 3 more
    market 197,995, typing 197,994, 1 under the market
    net sales 49,498,500 is 250 x 197,994
  typed 250; the net sales make it 250
    the panel holds 197,994 against the 197,994 typed
  tab 4 read in 21 ms after the listing: 0 slot(s) held

  list 250 at 197,994
    #         ms   share  step
    1       19.1    0.3%  read the panel before loading
    2       16.0    0.3%  wait for slot (1,1) to fill
    3      809.1   14.6%  ctrl-click (1,1) attempt 1
    4      655.2   11.8%  read the suggested price
    5     1446.9   26.2%  type the price 197,994
    6      948.7   17.2%  type the quantity 250
    7      300.3    5.4%  take the quantity from the net sales
    8       90.5    1.6%  read the price back before Register
    9      308.9    5.6%  click Register
   10       92.5    1.7%  find Confirmation
   11       16.1    0.3%  look for the underprice question
   12      306.8    5.5%  click Confirmation
   13      251.2    4.5%  park
   14      231.4    4.2%  confirm the dialog is gone
   15       17.7    0.3%  wait for the panel to let the item go
   16       21.2    0.4%  read tab 4 after the listing
          5531.5  100.0%  TOTAL
  listed 250 at 197,994; it lands in row 16
DONE {"kind": "relist", "row": 16, "lands_in": 16, "qty": 250, "price": 197994, "item": "Force Core(Highest"}
    relisted 250 at 197,994 in row 16
  tab 4 known from the last listing: 0 slot(s) held
  row 17: 'Arionell' x1 at 312,185,713 -> tab 4 slot (1, 1)
    floor 281,047,170 from what it cost; listed at 312,185,713, above it
TASK {"kind": "relist", "row": 17, "item": "Arionell", "qty": 1, "price": 312185713, "tab": 4, "slot": [1, 1], "lands_in": 17}
  inventory slot (1,1) at (1479, 236)
    read: current min 312,185,714, price field 312,185,714, net sales 312,185,714, week average 315,560,317, listed at 312,185,713
    the lowest listed price is 312,185,714, from the row and 3 more
    market 312,185,714, typing 312,185,713, 1 under the market
    net sales 312,185,713 is 1 x 312,185,713
  typed 250; the net sales make it 1
    the panel holds 312,185,713 against the 312,185,713 typed
  tab 4 read in 21 ms after the listing: 0 slot(s) held

  list 1 at 312,185,713
    #         ms   share  step
    1       19.1    0.3%  read the panel before loading
    2       16.7    0.3%  wait for slot (1,1) to fill
    3      815.5   14.3%  ctrl-click (1,1) attempt 1
    4      588.3   10.3%  read the suggested price
    5     1658.6   29.1%  type the price 312,185,713
    6      945.5   16.6%  type the quantity 250
    7      305.9    5.4%  take the quantity from the net sales
    8       92.0    1.6%  read the price back before Register
    9      307.4    5.4%  click Register
   10       93.8    1.6%  find Confirmation
   11       18.8    0.3%  look for the underprice question
   12      308.4    5.4%  click Confirmation
   13      251.0    4.4%  park
   14      230.0    4.0%  confirm the dialog is gone
   15       18.5    0.3%  wait for the panel to let the item go
   16       20.9    0.4%  read tab 4 after the listing
          5690.6  100.0%  TOTAL
  listed 1 at 312,185,713; it lands in row 17
DONE {"kind": "relist", "row": 17, "lands_in": 17, "qty": 1, "price": 312185713, "item": "Arionell"}
    relisted 1 at 312,185,713 in row 17
  tab 4 known from the last listing: 0 slot(s) held
  row 18: 'Chaos Core Set X 291' x1 at 218,440,313 -> tab 4 slot (1, 1)
    floor 216,795,291 (745,001 x 291) from what it cost; listed at 218,440,313, above it
TASK {"kind": "relist", "row": 18, "item": "Chaos Core Set X 291", "qty": 1, "price": 218440313, "tab": 4, "slot": [1, 1], "lands_in": 18}
  inventory slot (1,1) at (1479, 236)
    read: current min 218,438,568, price field 218,438,568, net sales 218,438,568, week average 211,873,608, listed at 218,440,313
    the lowest listed price is 218,438,568, from the row and 3 more
    market 218,438,568, typing 218,438,567, 1 under the market
    net sales 218,438,567 is 1 x 218,438,567
  typed 250; the net sales make it 1
    the panel holds 218,438,567 against the 218,438,567 typed
  tab 4 read in 20 ms after the listing: 0 slot(s) held

  list 1 at 218,438,567
    #         ms   share  step
    1       19.4    0.3%  read the panel before loading
    2       16.7    0.3%  wait for slot (1,1) to fill
    3      806.9   14.2%  ctrl-click (1,1) attempt 1
    4      584.4   10.3%  read the suggested price
    5     1652.6   29.1%  type the price 218,438,567
    6      948.9   16.7%  type the quantity 250
    7      307.0    5.4%  take the quantity from the net sales
    8       90.1    1.6%  read the price back before Register
    9      309.8    5.5%  click Register
   10       92.1    1.6%  find Confirmation
   11       15.1    0.3%  look for the underprice question
   12      308.5    5.4%  click Confirmation
   13      250.7    4.4%  park
   14      231.0    4.1%  confirm the dialog is gone
   15       18.9    0.3%  wait for the panel to let the item go
   16       19.9    0.4%  read tab 4 after the listing
          5671.9  100.0%  TOTAL
  listed 1 at 218,438,567; it lands in row 18
DONE {"kind": "relist", "row": 18, "lands_in": 18, "qty": 1, "price": 218438567, "item": "Chaos Core Set X 291"}
    relisted 1 at 218,438,567 in row 18
  row 19 has SOLD (partly); collecting
    collected; 229 left to relist
  tab 4 known from the last listing: 0 slot(s) held
  row 19: 'Force Core(Highest' x229 at 197,995 -> tab 4 slot (1, 1)
    floor 193,478 (193,478 x 1) from Force Core Set (Highest) as last bought; listed at 197,995, above it
TASK {"kind": "relist", "row": 19, "item": "Force Core(Highest", "qty": 229, "price": 197995, "tab": 4, "slot": [1, 1], "lands_in": 19}
  inventory slot (1,1) at (1479, 236)
    read: current min 197,994, price field 197,994, net sales 197,994, week average 213,123, listed at 197,995
    the lowest listed price is 197,994, from the row and 3 more
    market 197,994, typing 197,993, 1 under the market
    net sales 45,340,397 is 229 x 197,993
  typed 250; the net sales make it 229
    the panel holds 197,993 against the 197,993 typed
  tab 4 read in 19 ms after the listing: 0 slot(s) held

  list 229 at 197,993
    #         ms   share  step
    1       17.4    0.3%  read the panel before loading
    2       18.0    0.3%  wait for slot (1,1) to fill
    3      809.3   14.7%  ctrl-click (1,1) attempt 1
    4      646.9   11.7%  read the suggested price
    5     1443.0   26.2%  type the price 197,993
    6      944.1   17.1%  type the quantity 250
    7      301.4    5.5%  take the quantity from the net sales
    8       89.9    1.6%  read the price back before Register
    9      309.7    5.6%  click Register
   10       88.9    1.6%  find Confirmation
   11       15.5    0.3%  look for the underprice question
   12      307.6    5.6%  click Confirmation
   13      250.7    4.6%  park
   14      228.7    4.2%  confirm the dialog is gone
   15       17.6    0.3%  wait for the panel to let the item go
   16       19.1    0.3%  read tab 4 after the listing
          5507.9  100.0%  TOTAL
  listed 229 at 197,993; it lands in row 19
DONE {"kind": "relist", "row": 19, "lands_in": 19, "qty": 229, "price": 197993, "item": "Force Core(Highest"}
    relisted 229 at 197,993 in row 19
  tab 4 known from the last listing: 0 slot(s) held
  row 20: 'Chaos Core Set X 165' x1 at 123,857,744 -> tab 4 slot (1, 1)
    floor 122,101,980 (740,012 x 165) from what it cost; listed at 123,857,744, above it
TASK {"kind": "relist", "row": 20, "item": "Chaos Core Set X 165", "qty": 1, "price": 123857744, "tab": 4, "slot": [1, 1], "lands_in": 20}
  inventory slot (1,1) at (1479, 236)
    read: current min 123,856,755, price field 123,856,755, net sales 123,856,755, week average 120,134,520, listed at 123,857,744
    the lowest listed price is 123,856,755, from the row and 3 more
    market 123,856,755, typing 123,856,754, 1 under the market
    net sales 123,856,754 is 1 x 123,856,754
  typed 250; the net sales make it 1
    the panel holds 123,856,754 against the 123,856,754 typed
  tab 4 read in 22 ms after the listing: 0 slot(s) held

  list 1 at 123,856,754
    #         ms   share  step
    1       20.1    0.4%  read the panel before loading
    2       14.5    0.3%  wait for slot (1,1) to fill
    3      808.6   14.3%  ctrl-click (1,1) attempt 1
    4      584.7   10.3%  read the suggested price
    5     1651.7   29.2%  type the price 123,856,754
    6      944.2   16.7%  type the quantity 250
    7      306.2    5.4%  take the quantity from the net sales
    8       94.5    1.7%  read the price back before Register
    9      307.6    5.4%  click Register
   10       91.4    1.6%  find Confirmation
   11       17.4    0.3%  look for the underprice question
   12      303.2    5.4%  click Confirmation
   13      250.9    4.4%  park
   14      229.3    4.0%  confirm the dialog is gone
   15       16.4    0.3%  wait for the panel to let the item go
   16       21.6    0.4%  read tab 4 after the listing
          5662.5  100.0%  TOTAL
  listed 1 at 123,856,754; it lands in row 20
DONE {"kind": "relist", "row": 20, "lands_in": 20, "qty": 1, "price": 123856754, "item": "Chaos Core Set X 165"}
    relisted 1 at 123,856,754 in row 20
  tab 4 known from the last listing: 0 slot(s) held
  row 21: 'Chaos Core Set X 162' x1 at 121,605,623 -> tab 4 slot (1, 1)
    floor 119,881,944 (740,012 x 162) from what it cost; listed at 121,605,623, above it
TASK {"kind": "relist", "row": 21, "item": "Chaos Core Set X 162", "qty": 1, "price": 121605623, "tab": 4, "slot": [1, 1], "lands_in": 21}
  inventory slot (1,1) at (1479, 236)
    read: current min 121,604,652, price field 121,604,652, net sales 121,604,652, week average 117,950,256, listed at 121,605,623
    the lowest listed price is 121,604,652, from the row and 3 more
    market 121,604,652, typing 121,604,651, 1 under the market
    net sales 121,604,651 is 1 x 121,604,651
  typed 250; the net sales make it 1
    the panel holds 121,604,651 against the 121,604,651 typed
  tab 4 read in 21 ms after the listing: 0 slot(s) held

  list 1 at 121,604,651
    #         ms   share  step
    1       19.2    0.3%  read the panel before loading
    2       15.8    0.3%  wait for slot (1,1) to fill
    3      807.2   14.3%  ctrl-click (1,1) attempt 1
    4      585.0   10.3%  read the suggested price
    5     1651.3   29.2%  type the price 121,604,651
    6      943.4   16.7%  type the quantity 250
    7      302.4    5.3%  take the quantity from the net sales
    8       89.1    1.6%  read the price back before Register
    9      309.3    5.5%  click Register
   10       92.7    1.6%  find Confirmation
   11       15.7    0.3%  look for the underprice question
   12      308.0    5.4%  click Confirmation
   13      251.0    4.4%  park
   14      232.4    4.1%  confirm the dialog is gone
   15       16.4    0.3%  wait for the panel to let the item go
   16       20.8    0.4%  read tab 4 after the listing
          5659.5  100.0%  TOTAL
  listed 1 at 121,604,651; it lands in row 21
DONE {"kind": "relist", "row": 21, "lands_in": 21, "qty": 1, "price": 121604651, "item": "Chaos Core Set X 162"}
    relisted 1 at 121,604,651 in row 21
  tab 4 known from the last listing: 0 slot(s) held
  row 22: 'Chaos Core Set X 198' x1 at 148,628,897 -> tab 4 slot (1, 1)
    floor 146,522,376 (740,012 x 198) from what it cost; listed at 148,628,897, above it
TASK {"kind": "relist", "row": 22, "item": "Chaos Core Set X 198", "qty": 1, "price": 148628897, "tab": 4, "slot": [1, 1], "lands_in": 22}
  inventory slot (1,1) at (1479, 236)
    read: current min 148,627,710, price field 148,627,710, net sales 148,627,710, week average 144,161,424, listed at 148,628,897
    the lowest listed price is 148,627,710, from the row and 3 more
    market 148,627,710, typing 148,627,709, 1 under the market
    net sales 148,627,709 is 1 x 148,627,709
  typed 250; the net sales make it 1
    the panel holds 148,627,709 against the 148,627,709 typed
  tab 4 read in 20 ms after the listing: 0 slot(s) held

  list 1 at 148,627,709
    #         ms   share  step
    1       20.2    0.4%  read the panel before loading
    2       19.5    0.3%  wait for slot (1,1) to fill
    3      808.4   14.2%  ctrl-click (1,1) attempt 1
    4      583.8   10.3%  read the suggested price
    5     1658.7   29.2%  type the price 148,627,709
    6      945.3   16.6%  type the quantity 250
    7      305.1    5.4%  take the quantity from the net sales
    8       92.3    1.6%  read the price back before Register
    9      307.9    5.4%  click Register
   10       89.8    1.6%  find Confirmation
   11       19.0    0.3%  look for the underprice question
   12      308.1    5.4%  click Confirmation
   13      250.9    4.4%  park
   14      233.9    4.1%  confirm the dialog is gone
   15       19.8    0.3%  wait for the panel to let the item go
   16       20.1    0.4%  read tab 4 after the listing
          5682.8  100.0%  TOTAL
  listed 1 at 148,627,709; it lands in row 22
DONE {"kind": "relist", "row": 22, "lands_in": 22, "qty": 1, "price": 148627709, "item": "Chaos Core Set X 198"}
    relisted 1 at 148,627,709 in row 22
  row 23 is empty; nothing to relist
  row 24 is empty; nothing to relist
  row 25 is empty; nothing to relist
  row 26 is empty; nothing to relist
  row 27 is empty; nothing to relist

  relisting rows 1-27: 21 relisted, 6 empty, 0 skipped
    #          ms   share     n      each  phase
    1    67,132.1   39.2%    12   5,594.3  list it back
    2    44,814.3   26.1%    12   3,734.5  cancel the row and take it back
    3    14,490.3    8.5%    17     852.4  scroll to the row and read it
    4    13,618.0    7.9%    13   1,047.5  select inventory tab 4
    5     6,123.2    3.6%    17     360.2  Refresh the table
    6     5,767.3    3.4%     1   5,767.3  buy 1 Chaos Core
    7     5,435.0    3.2%     1   5,435.0  list Chaos Core from (1, 1)
    8     2,704.4    1.6%     1   2,704.4  buy order 2
    9     2,689.4    1.6%     1   2,689.4  buy order 1
   10     2,294.8    1.3%     1   2,294.8  collect what sold
   11     2,253.9    1.3%     1   2,253.9  select the Register tab
   12     1,526.3    0.9%     1   1,526.3  wait for the Chaos Core to land on tab 4
   13     1,525.6    0.9%     1   1,525.6  read tab 4 before buying
   14       371.2    0.2%     1     371.2  step down to the next offer (1)
   15       308.2    0.2%     1     308.2  reopen the Agent Shop
   16       210.7    0.1%    12      17.6  check the shop slot is empty
   17       200.4    0.1%     1     200.4  read the row again after collecting
        171,465.1  100.0%

  returning the game to its default state
restoring the default state:
  Escape: window closed
  Inventory already closed
  the gift box at [284, 994]
  Receive All at [1209, 786]
  Receive 1 of 4 at [1214, 327]
  Receive 2 of 4 at [1214, 425]
  Receive 3 of 4 at [1214, 523]
  Receive 4 of 4 at [1214, 621]
  the special giftbox's Receive at [1438, 492]
  Close at [1483, 846]
  took 4 gift(s)
  the Agent Shop is shut and the vendor is not open either; reopening it
  Inventory shut: slot grid 0.09, needs 0.33

  board after pass 5:
                                                   bought/u   listed/u  margin      row price
     1  Blessing Bead - Superior           x1    163,756,817 169,999,998   +3.7%    169,999,998
     2  Armor Account bind Unseal Stone    x1    187,364,780 187,364,780   +0.0%    187,364,780
     3  Armor Account bind Seal Stone      x2    187,364,780 187,364,780   +0.0%    187,364,780
     4  Force Core (Ultimate               x9             -    359,966       -        359,966
     5  Astral Core(Palladium) X 127       x6             -      1,531       -        194,563
     6  Force Core (Ultimate               x5             -    359,965       -        359,965
     7  Force Core(High                    x73            -    185,930       -        185,930
     8  Force Core(High                    x117           -    185,930       -        185,930
     9  Wexp Saver                         x1             - 65,910,000       -     65,910,000
    10  Chaos Core                         x1       748,999    659,334  -13.6%        659,334
    11  Force Core(High                    x101           -    185,930       -        185,930
    12  Force Core (Ultimate               x250           -    359,964       -        359,964
    13  Force Core (Ultimate               x48            -    359,963       -        359,963
    14  Chaos Core Set X 252               x1       745,092    750,649   +0.7%    189,163,799
    15  Chaos Core Set X 3                 x1       744,726    750,648   +0.8%      2,251,946
    16  Force Core(Highest                 x250           -    197,994       -        197,994
    17  Arionell                           x1    281,047,170 312,185,713  +10.0%    312,185,713
    18  Chaos Core Set X 291               x1       745,001    750,647   +0.8%    218,438,567
    19  Force Core(Highest                 x229           -    197,993       -        197,993
    20  Chaos Core Set X 165               x1       740,012    750,646   +1.4%    123,856,754
    21  Chaos Core Set X 162               x1       740,012    750,645   +1.4%    121,604,651
    22  Chaos Core Set X 198               x1       740,012    750,644   +1.4%    148,627,709
    28  Palladium Shoes (DM) Lalla         x1             -  1,220,000       -      1,220,000
    29  Palladium Suit (DM) + 1 Lalla      x1             - 33,000,000       -     33,000,000
    30  Palladium Gauntlet(WA) Lalla       x1             -  1,499,990       -      1,499,990
    item                               rows   units          listed
    Arionell                              1       1     312,185,713
    Armor Account bind Seal Stone         1       2     374,729,560
    Armor Account bind Unseal Stone       1       1     187,364,780
    Astral Core(Palladium)                1     762       1,167,378
    Blessing Bead - Superior              1       1     169,999,998
    Chaos Core                            1       1         659,334
    Chaos Core Set                        6   1,071     803,943,426
    Force Core (Ultimate                  4     312     112,308,743
    Force Core(High                       3     291      54,105,630
    Force Core(Highest                    2     479      94,838,897
    Palladium Gauntlet(WA) Lalla          1       1       1,499,990
    Palladium Shoes (DM) Lalla            1       1       1,220,000
    Palladium Suit (DM) + 1 Lalla         1       1      33,000,000
    Wexp Saver                            1       1      65,910,000
    board                                25   2,925   2,212,933,449
    balance now 1,182,179,512
  pass 5: 21 relisted, 6 empty, 0 skipped; 9967.5 minute(s) left

-- pass 6 --

  resupply order: Chaos Core, Force Core(High), Force Core(Highest), Upgrade Core (Ultimate), Force Core (Ultimate), Armor Account bind Unseal Stone, Armor Account bind Seal Stone, Blessing Bead - Superior

-- Chaos Core Set under our listing: up to 3 row(s) --
  Chaos Core Set 750,644 - Chaos Core 649,990 = 100,654
  ours is listed at 750,644 a Set and a Chaos Core sells at 649,990; buying every Set under 644,990, 5,000 a Set below the lower of the two
  the cheapest Chaos Core Set is 750,644 a Set, not under 644,990; nothing to buy under ours

  counting only rows 1-27; rows outside it are not repriced and do not count; 5 row(s) free
  core                            rows     buy/u    sell/u    margin  wants   short?
  Force Core(Highest)                2   195,000   197,993     2,993      0   
  Chaos Core                         6         -         -         -      -   holds the most it can want, 6; not priced
  Force Core (Ultimate)              4         -         -         -      -   holds the most it can want, 3; not priced
  Force Core(High)                   3         -         -         -      -   holds the most it can want, 3; not priced
  Upgrade Core (Ultimate)            0   456,521   449,770    -6,751      0   

  nothing inside rows 1-27 holds fewer rows than its margin is worth.

  Armor Account bind Unseal Stone: 1 row(s) inside 1-27, 1 wanted; row 2 'Armor Account bind Unseal Stone'
    floor 187,364,780: 500/1000 of the 374,729,560 voucher, read at launch

  Armor Account bind Seal Stone: 1 row(s) inside 1-27, 1 wanted; row 3 'Armor Account bind Seal Stone'
    floor 187,364,780: 500/1000 of the 374,729,560 voucher, read at launch

  Blessing Bead - Superior: 1 row(s) inside 1-27, 1 wanted; row 1 'Blessing Bead - Superior'
    floor 163,756,817: 437/1000 of the 374,729,560 voucher, read at launch
    the quantity column read 'Superior', which holds no digits, so it is the end of the name and not a count; reading the row as 'Blessing Bead - Superior' and letting the panel count what is there
    one line read 'aa 1 169,999,998 OnSale Change'; read as stacked lines it is 'Blessing Bead - Superior 169,999,998 OnSale Change'
  tab 4 read from the screen in 1534 ms: 0 slot(s) held
  row 1: 'Blessing Bead - Superior' x1 at 169,999,998 -> tab 4 slot (1, 1)
    floor 163,756,817 from what it cost; listed at 169,999,998, above it
TASK {"kind": "relist", "row": 1, "item": "Blessing Bead - Superior", "qty": 1, "price": 169999998, "tab": 4, "slot": [1, 1], "lands_in": 1}
  inventory slot (1,1) at (1479, 236)
    read: current min 169,999,999, price field 169,999,999, net sales 169,999,999, week average 192,063,448, listed at 169,999,998
    the lowest listed price is 169,999,999, from the row and 3 more
    market 169,999,999, typing 169,999,998, 1 under the market
    net sales 169,999,998 is 1 x 169,999,998
  typed 250; the net sales make it 1
    the panel holds 169,999,998 against the 169,999,998 typed
  tab 4 read in 22 ms after the listing: 0 slot(s) held

  list 1 at 169,999,998
    #         ms   share  step
    1       18.0    0.3%  read the panel before loading
    2       15.8    0.3%  wait for slot (1,1) to fill
    3      810.6   14.2%  ctrl-click (1,1) attempt 1
    4      587.4   10.3%  read the suggested price
    5     1651.4   29.0%  type the price 169,999,998
    6      948.6   16.6%  type the quantity 250
    7      320.8    5.6%  take the quantity from the net sales
    8       94.3    1.7%  read the price back before Register
    9      314.1    5.5%  click Register
   10       93.3    1.6%  find Confirmation
   11       20.1    0.4%  look for the underprice question
   12      311.5    5.5%  click Confirmation
   13      250.9    4.4%  park
   14      228.8    4.0%  confirm the dialog is gone
   15       16.1    0.3%  wait for the panel to let the item go
   16       21.6    0.4%  read tab 4 after the listing
          5703.4  100.0%  TOTAL
  listed 1 at 169,999,998; it lands in row 1
DONE {"kind": "relist", "row": 1, "lands_in": 1, "qty": 1, "price": 169999998, "item": "Blessing Bead - Superior"}
    relisted 1 at 169,999,998 in row 1
  tab 4 known from the last listing: 0 slot(s) held
  row 2: 'Armor Account bind Unseal Stone' x1 at 187,364,780 -> tab 4 slot (1, 1)
    floor 187,364,780 from what it cost; listed at 187,364,780, above it
TASK {"kind": "relist", "row": 2, "item": "Armor Account bind Unseal Stone", "qty": 1, "price": 187364780, "tab": 4, "slot": [1, 1], "lands_in": 2}
  inventory slot (1,1) at (1479, 236)
    read: current min 186,500,000, price field 186,500,000, net sales 186,500,000, week average 192,114,171, listed at 187,364,780
    the lowest listed price is 186,500,000, from the row and 3 more
    market 186,499,999 is under the 187,364,780 floor (it is worth what it cost); listing at the floor
    market 186,500,000, typing 187,364,780, 864,780 over the market
    net sales 187,364,780 is 1 x 187,364,780
  typed 250; the net sales make it 1
    the panel holds 187,364,780 against the 187,364,780 typed
  tab 4 read in 21 ms after the listing: 0 slot(s) held

  list 1 at 187,364,780
    #         ms   share  step
    1       19.9    0.4%  read the panel before loading
    2       19.3    0.3%  wait for slot (1,1) to fill
    3      808.3   14.3%  ctrl-click (1,1) attempt 1
    4      580.6   10.2%  read the suggested price
    5     1657.4   29.3%  type the price 187,364,780
    6      945.6   16.7%  type the quantity 250
    7      303.6    5.4%  take the quantity from the net sales
    8       94.2    1.7%  read the price back before Register
    9      311.0    5.5%  click Register
   10       90.4    1.6%  find Confirmation
   11       17.8    0.3%  look for the underprice question
   12      303.0    5.3%  click Confirmation
   13      250.7    4.4%  park
   14      226.0    4.0%  confirm the dialog is gone
   15       15.3    0.3%  wait for the panel to let the item go
   16       21.5    0.4%  read tab 4 after the listing
          5664.5  100.0%  TOTAL
  listed 1 at 187,364,780; it lands in row 2
DONE {"kind": "relist", "row": 2, "lands_in": 2, "qty": 1, "price": 187364780, "item": "Armor Account bind Unseal Stone"}
    relisted 1 at 187,364,780 in row 2, 6 relist(s) on the floor now
  tab 4 known from the last listing: 0 slot(s) held
  row 3: 'Armor Account bind Seal Stone' x2 at 187,364,780 -> tab 4 slot (1, 1)
    floor 187,364,780 from what it cost; listed at 187,364,780, above it
TASK {"kind": "relist", "row": 3, "item": "Armor Account bind Seal Stone", "qty": 2, "price": 187364780, "tab": 4, "slot": [1, 1], "lands_in": 3}
  inventory slot (1,1) at (1479, 236)
    read: current min 186,500,000, price field 186,500,000, net sales 186,500,000, week average 190,073,428, listed at 187,364,780
    the lowest listed price is 186,500,000, from the row and 3 more
    market 186,499,999 is under the 187,364,780 floor (it is worth what it cost); listing at the floor
    market 186,500,000, typing 187,364,780, 864,780 over the market
    net sales 374,729,560 is 2 x 187,364,780
  typed 250; the net sales make it 2
    the panel holds 187,364,780 against the 187,364,780 typed
  tab 4 read in 21 ms after the listing: 0 slot(s) held

  list 2 at 187,364,780
    #         ms   share  step
    1       17.3    0.3%  read the panel before loading
    2       15.3    0.3%  wait for slot (1,1) to fill
    3      812.3   14.3%  ctrl-click (1,1) attempt 1
    4      580.3   10.2%  read the suggested price
    5     1665.2   29.3%  type the price 187,364,780
    6      946.3   16.6%  type the quantity 250
    7      310.0    5.4%  take the quantity from the net sales
    8       95.9    1.7%  read the price back before Register
    9      307.1    5.4%  click Register
   10       98.1    1.7%  find Confirmation
   11       19.7    0.3%  look for the underprice question
   12      303.4    5.3%  click Confirmation
   13      250.8    4.4%  park
   14      228.3    4.0%  confirm the dialog is gone
   15       16.4    0.3%  wait for the panel to let the item go
   16       21.3    0.4%  read tab 4 after the listing
          5687.6  100.0%  TOTAL
  listed 2 at 187,364,780; it lands in row 3
DONE {"kind": "relist", "row": 3, "lands_in": 3, "qty": 2, "price": 187364780, "item": "Armor Account bind Seal Stone"}
    relisted 2 at 187,364,780 in row 3, 6 relist(s) on the floor now
  tab 4 known from the last listing: 0 slot(s) held
  row 4: 'Force Core (Ultimate' x9 at 359,966 -> tab 4 slot (1, 1)
    floor 346,662 (346,662 x 1) from Force Core Set (Ultimate) as last bought; listed at 359,966, above it
TASK {"kind": "relist", "row": 4, "item": "Force Core (Ultimate", "qty": 9, "price": 359966, "tab": 4, "slot": [1, 1], "lands_in": 4}
  inventory slot (1,1) at (1479, 236)
    read: current min 359,963, price field 359,963, net sales 359,963, week average 411,299, listed at 359,966
    the lowest listed price is 359,963, from the row and 3 more
    market 359,963, typing 359,962, 1 under the market
    net sales 3,239,658 is 9 x 359,962
  typed 250; the net sales make it 9
    the panel holds 359,962 against the 359,962 typed
  tab 4 read in 19 ms after the listing: 0 slot(s) held

  list 9 at 359,962
    #         ms   share  step
    1       18.8    0.3%  read the panel before loading
    2       16.8    0.3%  wait for slot (1,1) to fill
    3      816.1   15.0%  ctrl-click (1,1) attempt 1
    4      576.1   10.6%  read the suggested price
    5     1438.4   26.4%  type the price 359,962
    6      945.8   17.4%  type the quantity 250
    7      299.4    5.5%  take the quantity from the net sales
    8       90.4    1.7%  read the price back before Register
    9      309.4    5.7%  click Register
   10       90.1    1.7%  find Confirmation
   11       19.0    0.3%  look for the underprice question
   12      307.6    5.7%  click Confirmation
   13      250.8    4.6%  park
   14      226.7    4.2%  confirm the dialog is gone
   15       18.8    0.3%  wait for the panel to let the item go
   16       19.0    0.3%  read tab 4 after the listing
          5443.1  100.0%  TOTAL
  listed 9 at 359,962; it lands in row 4
DONE {"kind": "relist", "row": 4, "lands_in": 4, "qty": 9, "price": 359962, "item": "Force Core (Ultimate"}
    relisted 9 at 359,962 in row 4
  tab 4 known from the last listing: 0 slot(s) held
  row 5: 'Astral Core(Palladium) X 127' x6 at 194,563 -> tab 4 slot (1, 1)
    no floor for 'Astral Core(Palladium) X 127'
TASK {"kind": "relist", "row": 5, "item": "Astral Core(Palladium) X 127", "qty": 6, "price": 194563, "tab": 4, "slot": [1, 1], "lands_in": 5}
  inventory slot (1,1) at (1479, 236)
    read: current min 194,564, price field 194,564, net sales 194,564, week average 199,771, listed at 194,563
    the lowest listed price is 194,564, from the row and 3 more
    market 194,564, typing 194,563, 1 under the market
    net sales 1,167,378 is 6 x 194,563
  typed 250; the net sales make it 6
    the panel holds 194,563 against the 194,563 typed
  tab 4 read in 20 ms after the listing: 0 slot(s) held

  list 6 at 194,563
    #         ms   share  step
    1       20.2    0.4%  read the panel before loading
    2       18.7    0.3%  wait for slot (1,1) to fill
    3      807.6   14.8%  ctrl-click (1,1) attempt 1
    4      580.8   10.7%  read the suggested price
    5     1440.6   26.4%  type the price 194,563
    6      945.2   17.3%  type the quantity 250
    7      302.9    5.6%  take the quantity from the net sales
    8       88.1    1.6%  read the price back before Register
    9      310.1    5.7%  click Register
   10       99.0    1.8%  find Confirmation
   11       17.7    0.3%  look for the underprice question
   12      305.6    5.6%  click Confirmation
   13      251.0    4.6%  park
   14      226.3    4.2%  confirm the dialog is gone
   15       18.2    0.3%  wait for the panel to let the item go
   16       19.9    0.4%  read tab 4 after the listing
          5451.8  100.0%  TOTAL
  listed 6 at 194,563; it lands in row 5
DONE {"kind": "relist", "row": 5, "lands_in": 5, "qty": 6, "price": 194563, "item": "Astral Core(Palladium) X 127"}
    relisted 6 at 194,563 in row 5
  tab 4 known from the last listing: 0 slot(s) held
  row 6: 'Force Core (Ultimate' x5 at 359,965 -> tab 4 slot (1, 1)
    floor 346,662 (346,662 x 1) from Force Core Set (Ultimate) as last bought; listed at 359,965, above it
TASK {"kind": "relist", "row": 6, "item": "Force Core (Ultimate", "qty": 5, "price": 359965, "tab": 4, "slot": [1, 1], "lands_in": 6}
  inventory slot (1,1) at (1479, 236)
    read: current min 359,962, price field 359,962, net sales 359,962, week average 411,299, listed at 359,965
    the lowest listed price is 359,962, from the row and 3 more
    market 359,962, typing 359,961, 1 under the market
    net sales 1,799,805 is 5 x 359,961
  typed 250; the net sales make it 5
    the panel holds 359,961 against the 359,961 typed
  tab 4 read in 21 ms after the listing: 0 slot(s) held

  list 5 at 359,961
    #         ms   share  step
    1       17.1    0.3%  read the panel before loading
    2       16.4    0.3%  wait for slot (1,1) to fill
    3      810.8   14.9%  ctrl-click (1,1) attempt 1
    4      573.2   10.6%  read the suggested price
    5     1440.2   26.5%  type the price 359,961
    6      944.7   17.4%  type the quantity 250
    7      300.3    5.5%  take the quantity from the net sales
    8       88.5    1.6%  read the price back before Register
    9      306.7    5.7%  click Register
   10       92.6    1.7%  find Confirmation
   11       15.9    0.3%  look for the underprice question
   12      304.3    5.6%  click Confirmation
   13      250.9    4.6%  park
   14      227.7    4.2%  confirm the dialog is gone
   15       17.7    0.3%  wait for the panel to let the item go
   16       21.0    0.4%  read tab 4 after the listing
          5427.9  100.0%  TOTAL
  listed 5 at 359,961; it lands in row 6
DONE {"kind": "relist", "row": 6, "lands_in": 6, "qty": 5, "price": 359961, "item": "Force Core (Ultimate"}
    relisted 5 at 359,961 in row 6
  tab 4 known from the last listing: 0 slot(s) held
  row 7: 'Force Core(High' x73 at 185,930 -> tab 4 slot (1, 1)
    floor 185,930 (185,930 x 1) from Force Core Set (High) as last bought; listed at 185,930, above it
TASK {"kind": "relist", "row": 7, "item": "Force Core(High", "qty": 73, "price": 185930, "tab": 4, "slot": [1, 1], "lands_in": 7}
  inventory slot (1,1) at (1479, 236)
    read: current min 183,997, price field 183,997, net sales 183,997, week average 199,396, listed at 185,930
    the lowest listed price is 183,997, from the row and 3 more
    market 183,996 is under the 185,930 floor (a Force Core Set (High) as last bought costs 185,930); listing at the floor
    market 183,997, typing 185,930, 1,933 over the market
    net sales 13,572,890 is 73 x 185,930
  typed 250; the net sales make it 73
    the panel holds 185,930 against the 185,930 typed
  tab 4 read in 20 ms after the listing: 0 slot(s) held

  list 73 at 185,930
    #         ms   share  step
    1       19.4    0.4%  read the panel before loading
    2       16.7    0.3%  wait for slot (1,1) to fill
    3      814.6   14.9%  ctrl-click (1,1) attempt 1
    4      576.1   10.6%  read the suggested price
    5     1442.7   26.4%  type the price 185,930
    6      949.4   17.4%  type the quantity 250
    7      304.5    5.6%  take the quantity from the net sales
    8       89.8    1.6%  read the price back before Register
    9      305.1    5.6%  click Register
   10       93.9    1.7%  find Confirmation
   11       21.5    0.4%  look for the underprice question
   12      309.9    5.7%  click Confirmation
   13      251.1    4.6%  park
   14      226.4    4.1%  confirm the dialog is gone
   15       18.6    0.3%  wait for the panel to let the item go
   16       20.0    0.4%  read tab 4 after the listing
          5459.7  100.0%  TOTAL
  listed 73 at 185,930; it lands in row 7
DONE {"kind": "relist", "row": 7, "lands_in": 7, "qty": 73, "price": 185930, "item": "Force Core(High"}
    relisted 73 at 185,930 in row 7, 6 relist(s) on the floor now
  tab 4 known from the last listing: 0 slot(s) held
  row 8: 'Force Core(High' x117 at 185,930 -> tab 4 slot (1, 1)
    floor 185,930 (185,930 x 1) from Force Core Set (High) as last bought; listed at 185,930, above it
TASK {"kind": "relist", "row": 8, "item": "Force Core(High", "qty": 117, "price": 185930, "tab": 4, "slot": [1, 1], "lands_in": 8}
  inventory slot (1,1) at (1479, 236)
    read: current min 183,997, price field 183,997, net sales 183,997, week average 199,396, listed at 185,930
    the lowest listed price is 183,997, from the row and 3 more
    market 183,996 is under the 185,930 floor (a Force Core Set (High) as last bought costs 185,930); listing at the floor
    market 183,997, typing 185,930, 1,933 over the market
    net sales 21,753,810 is 117 x 185,930
  typed 250; the net sales make it 117
    the panel holds 185,930 against the 185,930 typed
  tab 4 read in 20 ms after the listing: 0 slot(s) held

  list 117 at 185,930
    #         ms   share  step
    1       16.1    0.3%  read the panel before loading
    2       15.5    0.3%  wait for slot (1,1) to fill
    3      808.8   14.8%  ctrl-click (1,1) attempt 1
    4      575.6   10.5%  read the suggested price
    5     1445.6   26.5%  type the price 185,930
    6      945.4   17.3%  type the quantity 250
    7      304.6    5.6%  take the quantity from the net sales
    8       90.4    1.7%  read the price back before Register
    9      309.2    5.7%  click Register
   10       90.8    1.7%  find Confirmation
   11       18.3    0.3%  look for the underprice question
   12      308.3    5.6%  click Confirmation
   13      251.1    4.6%  park
   14      243.5    4.5%  confirm the dialog is gone
   15       18.7    0.3%  wait for the panel to let the item go
   16       20.4    0.4%  read tab 4 after the listing
          5462.3  100.0%  TOTAL
  listed 117 at 185,930; it lands in row 8
DONE {"kind": "relist", "row": 8, "lands_in": 8, "qty": 117, "price": 185930, "item": "Force Core(High"}
    relisted 117 at 185,930 in row 8, 6 relist(s) on the floor now
    the quantity column read 'Saver', which holds no digits, so it is the end of the name and not a count; reading the row as 'Wexp Saver' and letting the panel count what is there
  tab 4 known from the last listing: 0 slot(s) held
  row 9: 'Wexp Saver' x1 at 65,910,000 -> tab 4 slot (1, 1)
    the quantity column read 'Saver', which holds no digits, so it is the end of the name and not a count; reading the row as 'Wexp Saver' and letting the panel count what is there
    no floor for 'Wexp Saver'
TASK {"kind": "relist", "row": 9, "item": "Wexp Saver", "qty": 1, "price": 65910000, "tab": 4, "slot": [1, 1], "lands_in": 9}
  inventory slot (1,1) at (1479, 236)
    read: current min 62,626,260, price field 62,626,260, net sales 62,626,260, week average 63,911,720, listed at 65,910,000
    the lowest listed price is 62,626,260, from the row and 3 more
    the market asks 62,626,259, 3,283,741 under our 65,910,000; holding at 65,900,000, the most this row may fall in one relist
    market 62,626,260, typing 65,900,000, 3,273,740 over the market
    net sales 65,900,000 is 1 x 65,900,000
  typed 250; the net sales make it 1
    the panel holds 65,900,000 against the 65,900,000 typed
  tab 4 read in 21 ms after the listing: 0 slot(s) held

  list 1 at 65,900,000
    #         ms   share  step
    1       17.8    0.3%  read the panel before loading
    2       16.4    0.3%  wait for slot (1,1) to fill
    3      813.7   14.5%  ctrl-click (1,1) attempt 1
    4      584.5   10.4%  read the suggested price
    5     1585.3   28.2%  type the price 65,900,000
    6      947.4   16.8%  type the quantity 250
    7      301.8    5.4%  take the quantity from the net sales
    8       93.4    1.7%  read the price back before Register
    9      316.9    5.6%  click Register
   10       93.5    1.7%  find Confirmation
   11       19.3    0.3%  look for the underprice question
   12      308.2    5.5%  click Confirmation
   13      251.1    4.5%  park
   14      234.8    4.2%  confirm the dialog is gone
   15       18.6    0.3%  wait for the panel to let the item go
   16       20.5    0.4%  read tab 4 after the listing
          5623.1  100.0%  TOTAL
  listed 1 at 65,900,000; it lands in row 9
DONE {"kind": "relist", "row": 9, "lands_in": 9, "qty": 1, "price": 65900000, "item": "Wexp Saver"}
    relisted 1 at 65,900,000 in row 9
  row 10 has SOLD (fully); collecting
    collected; row 10 is empty, nothing to relist
  the Chaos Core special row sold; buying it back now, not on the next pass

-- Chaos Core special row 1 of 1: 1 at 500 to 700 under the market --
  1 stays behind on every row bought; an order 10 step(s) down with nothing spare takes the row it is on whole, and the next order leaves 1 behind again; each order prices the favourite afresh, then wheels down, up to 30 step(s)
TASK {"kind": "resupply", "core": "Chaos Core", "slot": 3, "tab": 4, "landing": [1, 1], "special": true}
  row 1 offers 'Chaos Core' x1 at 649,999 (649,999/unit)

  buy from favourite slot 3: REFUSED
    #         ms   share  step
    1        0.4    0.0%  get_price: focus the game
    2       98.3    1.8%  get_price: _trade_window_open (OCR 1300x190)
    3      153.5    2.9%  get_price: purchase_tab_showing
    4     1412.1   26.2%  get_price: click the Purchase tab + settle
    5      173.9    3.2%  get_price: read row 1 before the search
    6      313.0    5.8%  get_price: click favourite slot 3
    7       88.9    1.7%  get_price: confirm the sort
    8      438.0    8.1%  get_price: poll row 1 until it answers (2 read(s))
    9     2702.5   50.2%  get_price: search the favourite and read row 1
          5380.5  100.0%  TOTAL
  row 1 holds 1 and 1 stays behind, so there is nothing spare to take here.
  wheeled 1 notch(es) down the offers, from row 2 at (500, 313)
  row 1 offers 'Chaos Core' x38 at 748,998 (748,998/unit)
    balance before 1,182,838,846
    row 1 holds 38, 1 stays behind, so at most 37 comes off it
    dialog: '¢ Chaos Core'  qty 1 of 38  price 748998
    1 core(s) wanted, 1 to a pack -> 1 pack(s); 38 available, taking 1
    the quantity field already reads 1; not retyping it
    ordering 1 pack(s) at 748,998; the spend will confirm what actually bought
    balance after  1,182,089,848; spent 748,998 bought 1 pack(s) = 1 core(s) (748,998 a core)

  buy from favourite slot 3: bought 1 core(s) in 1 order(s)
    #         ms   share  step
    1        0.4    0.0%  get_price: focus the game
    2       99.1    3.1%  get_price: _trade_window_open (OCR 1300x190)
    3      116.1    3.7%  get_price: purchase_tab_showing
    4      210.7    6.7%  get_price: read row 1 where it stands
    5      426.4   13.5%  get_price: search the favourite and read row 1
    6      308.3    9.8%  select inventory tab 4
    7       92.6    2.9%  read the balance before buying
    8      361.6   11.5%  click the row at (500, 258)
    9      308.4    9.8%  click Buy at (828, 258)
   10       92.9    2.9%  await the Purchase dialog
   11      295.0    9.4%  read the dialog (item, price, qty, qty_max)
   12       87.0    2.8%  find the Buy button
   13      308.6    9.8%  click Buy
   14      250.9    8.0%  park
   15       95.8    3.0%  confirm the dialog is gone
   16       95.4    3.0%  read the balance after buying
          3149.1  100.0%  TOTAL
    tab 4 slot (1, 1) is held for 'Chaos Core'; it frees when something is listed from it
  the Chaos Core landed in tab 4 slot (1, 1)
TASK {"kind": "resupply", "core": "Chaos Core", "slot": 3, "tab": 4, "landing": [1, 1], "step": "list", "holding": "Chaos Core", "qty": 1, "special": true}
  inventory slot (1,1) at (1479, 236)
    read: current min 649,999, price field 649,999, net sales 649,999, week average 717,087, listed at unread
    the lowest listed price is 649,999, from the row and 2 more
    market 649,999, typing 649,307, 692 under the market
    net sales 649,307 is 1 x 649,307
  typed 250; the net sales make it 1
    the panel holds 649,307 against the 649,307 typed
  tab 4 read in 20 ms after the listing: 0 slot(s) held

  list 1 at 649,307
    #         ms   share  step
    1       19.0    0.3%  read the panel before loading
    2      815.2   15.0%  ctrl-click (1,1) attempt 1
    3      579.4   10.6%  read the suggested price
    4     1445.7   26.5%  type the price 649,307
    5      948.0   17.4%  type the quantity 250
    6      298.8    5.5%  take the quantity from the net sales
    7       92.3    1.7%  read the price back before Register
    8      308.8    5.7%  click Register
    9       95.3    1.7%  find Confirmation
   10       17.8    0.3%  look for the underprice question
   11      308.5    5.7%  click Confirmation
   12      250.8    4.6%  park
   13      236.7    4.3%  confirm the dialog is gone
   14       15.8    0.3%  wait for the panel to let the item go
   15       20.4    0.4%  read tab 4 after the listing
          5452.6  100.0%  TOTAL
  listed 1 at 649,307; it lands in row 10
  the Chaos Core special row is listed at 649,307 in row 10
DONE {"kind": "resupply", "core": "Chaos Core", "bought": 1, "listed": 1, "rows": [10], "special": true}
  tab 4 known from the last listing: 0 slot(s) held
  row 11: 'Force Core(High' x101 at 185,930 -> tab 4 slot (1, 1)
    floor 185,930 (185,930 x 1) from Force Core Set (High) as last bought; listed at 185,930, above it
TASK {"kind": "relist", "row": 11, "item": "Force Core(High", "qty": 101, "price": 185930, "tab": 4, "slot": [1, 1], "lands_in": 11}
  inventory slot (1,1) at (1479, 236)
    read: current min 183,997, price field 183,997, net sales 183,997, week average 199,396, listed at 185,930
    the lowest listed price is 183,997, from the row and 3 more
    market 183,996 is under the 185,930 floor (a Force Core Set (High) as last bought costs 185,930); listing at the floor
    market 183,997, typing 185,930, 1,933 over the market
    net sales 18,778,930 is 101 x 185,930
  typed 250; the net sales make it 101
    the panel holds 185,930 against the 185,930 typed
  tab 4 read in 20 ms after the listing: 0 slot(s) held

  list 101 at 185,930
    #         ms   share  step
    1       17.3    0.3%  read the panel before loading
    2       18.0    0.3%  wait for slot (1,1) to fill
    3      811.8   14.9%  ctrl-click (1,1) attempt 1
    4      572.4   10.5%  read the suggested price
    5     1439.2   26.4%  type the price 185,930
    6      947.6   17.4%  type the quantity 250
    7      304.4    5.6%  take the quantity from the net sales
    8       90.7    1.7%  read the price back before Register
    9      309.6    5.7%  click Register
   10      100.1    1.8%  find Confirmation
   11       16.3    0.3%  look for the underprice question
   12      308.5    5.7%  click Confirmation
   13      250.9    4.6%  park
   14      232.3    4.3%  confirm the dialog is gone
   15       16.6    0.3%  wait for the panel to let the item go
   16       20.1    0.4%  read tab 4 after the listing
          5455.8  100.0%  TOTAL
  listed 101 at 185,930; it lands in row 11
DONE {"kind": "relist", "row": 11, "lands_in": 11, "qty": 101, "price": 185930, "item": "Force Core(High"}
    relisted 101 at 185,930 in row 11, 6 relist(s) on the floor now
  tab 4 known from the last listing: 0 slot(s) held
  row 12: 'Force Core (Ultimate' x250 at 359,964 -> tab 4 slot (1, 1)
    floor 346,662 (346,662 x 1) from Force Core Set (Ultimate) as last bought; listed at 359,964, above it
TASK {"kind": "relist", "row": 12, "item": "Force Core (Ultimate", "qty": 250, "price": 359964, "tab": 4, "slot": [1, 1], "lands_in": 12}
  inventory slot (1,1) at (1479, 236)
    read: current min 359,961, price field 359,961, net sales 359,961, week average 411,299, listed at 359,964
    the lowest listed price is 359,961, from the row and 3 more
    market 359,961, typing 359,960, 1 under the market
    net sales 89,990,000 is 250 x 359,960
  typed 250; the net sales make it 250
    the panel holds 359,960 against the 359,960 typed
  tab 4 read in 21 ms after the listing: 0 slot(s) held

  list 250 at 359,960
    #         ms   share  step
    1       19.4    0.4%  read the panel before loading
    2       17.1    0.3%  wait for slot (1,1) to fill
    3      810.7   14.8%  ctrl-click (1,1) attempt 1
    4      581.2   10.6%  read the suggested price
    5     1440.5   26.4%  type the price 359,960
    6      947.1   17.3%  type the quantity 250
    7      305.7    5.6%  take the quantity from the net sales
    8       92.4    1.7%  read the price back before Register
    9      310.1    5.7%  click Register
   10       90.3    1.7%  find Confirmation
   11       18.2    0.3%  look for the underprice question
   12      309.0    5.7%  click Confirmation
   13      251.1    4.6%  park
   14      235.3    4.3%  confirm the dialog is gone
   15       16.8    0.3%  wait for the panel to let the item go
   16       21.4    0.4%  read tab 4 after the listing
          5466.2  100.0%  TOTAL
  listed 250 at 359,960; it lands in row 12
DONE {"kind": "relist", "row": 12, "lands_in": 12, "qty": 250, "price": 359960, "item": "Force Core (Ultimate"}
    relisted 250 at 359,960 in row 12
  tab 4 known from the last listing: 0 slot(s) held
  row 13: 'Force Core (Ultimate' x48 at 359,963 -> tab 4 slot (1, 1)
    floor 346,662 (346,662 x 1) from Force Core Set (Ultimate) as last bought; listed at 359,963, above it
TASK {"kind": "relist", "row": 13, "item": "Force Core (Ultimate", "qty": 48, "price": 359963, "tab": 4, "slot": [1, 1], "lands_in": 13}
  inventory slot (1,1) at (1479, 236)
    read: current min 359,960, price field 359,960, net sales 359,960, week average 411,299, listed at 359,963
    the lowest listed price is 359,960, from the row and 3 more
    market 359,960, typing 359,959, 1 under the market
    net sales 17,278,032 is 48 x 359,959
  typed 250; the net sales make it 48
    the panel holds 359,959 against the 359,959 typed
  tab 4 read in 21 ms after the listing: 0 slot(s) held

  list 48 at 359,959
    #         ms   share  step
    1       19.5    0.4%  read the panel before loading
    2       19.4    0.4%  wait for slot (1,1) to fill
    3      808.8   14.8%  ctrl-click (1,1) attempt 1
    4      588.6   10.8%  read the suggested price
    5     1443.5   26.4%  type the price 359,959
    6      945.1   17.3%  type the quantity 250
    7      309.1    5.7%  take the quantity from the net sales
    8       88.6    1.6%  read the price back before Register
    9      306.8    5.6%  click Register
   10       92.3    1.7%  find Confirmation
   11       16.6    0.3%  look for the underprice question
   12      304.0    5.6%  click Confirmation
   13      250.7    4.6%  park
   14      229.2    4.2%  confirm the dialog is gone
   15       15.6    0.3%  wait for the panel to let the item go
   16       20.7    0.4%  read tab 4 after the listing
          5458.6  100.0%  TOTAL
  listed 48 at 359,959; it lands in row 13
DONE {"kind": "relist", "row": 13, "lands_in": 13, "qty": 48, "price": 359959, "item": "Force Core (Ultimate"}
    relisted 48 at 359,959 in row 13
  tab 4 known from the last listing: 0 slot(s) held
  row 14: 'Chaos Core Set X 252' x1 at 189,163,799 -> tab 4 slot (1, 1)
    floor 187,763,184 (745,092 x 252) from what it cost; listed at 189,163,799, above it
TASK {"kind": "relist", "row": 14, "item": "Chaos Core Set X 252", "qty": 1, "price": 189163799, "tab": 4, "slot": [1, 1], "lands_in": 14}
  inventory slot (1,1) at (1479, 236)
    read: current min 189,162,288, price field 189,162,288, net sales 189,162,288, week average 183,478,176, listed at 189,163,799
    the lowest listed price is 189,162,288, from the row and 3 more
    market 189,162,288, typing 189,162,287, 1 under the market
    net sales 189,162,287 is 1 x 189,162,287
  typed 250; the net sales make it 1
    the panel holds 189,162,287 against the 189,162,287 typed
  tab 4 read in 21 ms after the listing: 0 slot(s) held

  list 1 at 189,162,287
    #         ms   share  step
    1       20.1    0.4%  read the panel before loading
    2       16.1    0.3%  wait for slot (1,1) to fill
    3      807.1   14.1%  ctrl-click (1,1) attempt 1
    4      650.7   11.4%  read the suggested price
    5     1654.5   28.9%  type the price 189,162,287
    6      944.1   16.5%  type the quantity 250
    7      301.8    5.3%  take the quantity from the net sales
    8       90.0    1.6%  read the price back before Register
    9      308.9    5.4%  click Register
   10       91.3    1.6%  find Confirmation
   11       16.6    0.3%  look for the underprice question
   12      308.9    5.4%  click Confirmation
   13      250.7    4.4%  park
   14      227.9    4.0%  confirm the dialog is gone
   15       16.4    0.3%  wait for the panel to let the item go
   16       20.9    0.4%  read tab 4 after the listing
          5725.9  100.0%  TOTAL
  listed 1 at 189,162,287; it lands in row 14
DONE {"kind": "relist", "row": 14, "lands_in": 14, "qty": 1, "price": 189162287, "item": "Chaos Core Set X 252"}
    relisted 1 at 189,162,287 in row 14
  tab 4 known from the last listing: 0 slot(s) held
  row 15: 'Chaos Core Set X 3' x1 at 2,251,946 -> tab 4 slot (1, 1)
    floor 2,234,178 (744,726 x 3) from what it cost; listed at 2,251,946, above it
TASK {"kind": "relist", "row": 15, "item": "Chaos Core Set X 3", "qty": 1, "price": 2251946, "tab": 4, "slot": [1, 1], "lands_in": 15}
  inventory slot (1,1) at (1479, 236)
    read: current min 2,251,929, price field 2,251,929, net sales 2,251,929, week average 2,184,264, listed at 2,251,946
    the lowest listed price is 2,251,929, from the row and 3 more
    market 2,251,929, typing 2,251,928, 1 under the market
    net sales 2,251,928 is 1 x 2,251,928
  typed 250; the net sales make it 1
    the panel holds 2,251,928 against the 2,251,928 typed
  tab 4 read in 21 ms after the listing: 0 slot(s) held

  list 1 at 2,251,928
    #         ms   share  step
    1       20.4    0.4%  read the panel before loading
    2       20.0    0.4%  wait for slot (1,1) to fill
    3      810.7   14.7%  ctrl-click (1,1) attempt 1
    4      580.1   10.5%  read the suggested price
    5     1511.4   27.4%  type the price 2,251,928
    6      944.9   17.1%  type the quantity 250
    7      302.9    5.5%  take the quantity from the net sales
    8       88.1    1.6%  read the price back before Register
    9      309.9    5.6%  click Register
   10       93.1    1.7%  find Confirmation
   11       15.7    0.3%  look for the underprice question
   12      308.2    5.6%  click Confirmation
   13      251.1    4.5%  park
   14      229.8    4.2%  confirm the dialog is gone
   15       14.8    0.3%  wait for the panel to let the item go
   16       21.0    0.4%  read tab 4 after the listing
          5522.1  100.0%  TOTAL
  listed 1 at 2,251,928; it lands in row 15
DONE {"kind": "relist", "row": 15, "lands_in": 15, "qty": 1, "price": 2251928, "item": "Chaos Core Set X 3"}
    relisted 1 at 2,251,928 in row 15
  tab 4 known from the last listing: 0 slot(s) held
  row 16: 'Force Core(Highest' x250 at 197,994 -> tab 4 slot (1, 1)
    floor 193,478 (193,478 x 1) from Force Core Set (Highest) as last bought; listed at 197,994, above it
TASK {"kind": "relist", "row": 16, "item": "Force Core(Highest", "qty": 250, "price": 197994, "tab": 4, "slot": [1, 1], "lands_in": 16}
  inventory slot (1,1) at (1479, 236)
    read: current min 197,992, price field 197,992, net sales 197,992, week average 213,123, listed at 197,994
    the lowest listed price is 197,992, from the row and 3 more
    market 197,992, typing 197,991, 1 under the market
    net sales 49,497,750 is 250 x 197,991
  typed 250; the net sales make it 250
    the panel holds 197,991 against the 197,991 typed
  tab 4 read in 21 ms after the listing: 0 slot(s) held

  list 250 at 197,991
    #         ms   share  step
    1       16.8    0.3%  read the panel before loading
    2       17.1    0.3%  wait for slot (1,1) to fill
    3      810.3   14.7%  ctrl-click (1,1) attempt 1
    4      639.3   11.6%  read the suggested price
    5     1440.3   26.1%  type the price 197,991
    6      950.7   17.2%  type the quantity 250
    7      307.5    5.6%  take the quantity from the net sales
    8       93.5    1.7%  read the price back before Register
    9      306.6    5.6%  click Register
   10       92.7    1.7%  find Confirmation
   11       16.1    0.3%  look for the underprice question
   12      303.6    5.5%  click Confirmation
   13      251.2    4.6%  park
   14      228.7    4.1%  confirm the dialog is gone
   15       17.8    0.3%  wait for the panel to let the item go
   16       20.6    0.4%  read tab 4 after the listing
          5512.7  100.0%  TOTAL
  listed 250 at 197,991; it lands in row 16
DONE {"kind": "relist", "row": 16, "lands_in": 16, "qty": 250, "price": 197991, "item": "Force Core(Highest"}
    relisted 250 at 197,991 in row 16
  tab 4 known from the last listing: 0 slot(s) held
  row 17: 'Arionell' x1 at 312,185,713 -> tab 4 slot (1, 1)
    floor 281,047,170 from what it cost; listed at 312,185,713, above it
TASK {"kind": "relist", "row": 17, "item": "Arionell", "qty": 1, "price": 312185713, "tab": 4, "slot": [1, 1], "lands_in": 17}
  inventory slot (1,1) at (1479, 236)
    read: current min 312,185,714, price field 312,185,714, net sales 312,185,714, week average 315,560,317, listed at 312,185,713
    the lowest listed price is 312,185,714, from the row and 3 more
    market 312,185,714, typing 312,185,713, 1 under the market
    net sales 312,185,713 is 1 x 312,185,713
  typed 250; the net sales make it 1
    the panel holds 312,185,713 against the 312,185,713 typed
  tab 4 read in 22 ms after the listing: 0 slot(s) held

  list 1 at 312,185,713
    #         ms   share  step
    1       17.0    0.3%  read the panel before loading
    2       20.8    0.4%  wait for slot (1,1) to fill
    3      807.3   14.2%  ctrl-click (1,1) attempt 1
    4      587.9   10.4%  read the suggested price
    5     1653.3   29.1%  type the price 312,185,713
    6      945.6   16.7%  type the quantity 250
    7      306.1    5.4%  take the quantity from the net sales
    8       91.7    1.6%  read the price back before Register
    9      307.1    5.4%  click Register
   10       91.4    1.6%  find Confirmation
   11       17.8    0.3%  look for the underprice question
   12      309.0    5.4%  click Confirmation
   13      251.2    4.4%  park
   14      230.2    4.1%  confirm the dialog is gone
   15       17.4    0.3%  wait for the panel to let the item go
   16       21.5    0.4%  read tab 4 after the listing
          5675.6  100.0%  TOTAL
  listed 1 at 312,185,713; it lands in row 17
DONE {"kind": "relist", "row": 17, "lands_in": 17, "qty": 1, "price": 312185713, "item": "Arionell"}
    relisted 1 at 312,185,713 in row 17
  tab 4 known from the last listing: 0 slot(s) held
  row 18: 'Chaos Core Set X 291' x1 at 218,438,567 -> tab 4 slot (1, 1)
    floor 216,795,291 (745,001 x 291) from what it cost; listed at 218,438,567, above it
TASK {"kind": "relist", "row": 18, "item": "Chaos Core Set X 291", "qty": 1, "price": 218438567, "tab": 4, "slot": [1, 1], "lands_in": 18}
  inventory slot (1,1) at (1479, 236)
    read: current min 218,435,949, price field 218,435,949, net sales 218,435,949, week average 211,873,608, listed at 218,438,567
    the lowest listed price is 218,435,949, from the row and 3 more
    market 218,435,949, typing 218,435,948, 1 under the market
    net sales 218,435,948 is 1 x 218,435,948
  typed 250; the net sales make it 1
    the panel holds 218,435,948 against the 218,435,948 typed
  tab 4 read in 20 ms after the listing: 0 slot(s) held

  list 1 at 218,435,948
    #         ms   share  step
    1       19.0    0.3%  read the panel before loading
    2       14.8    0.3%  wait for slot (1,1) to fill
    3      808.6   14.3%  ctrl-click (1,1) attempt 1
    4      588.5   10.4%  read the suggested price
    5     1659.8   29.3%  type the price 218,435,948
    6      944.2   16.6%  type the quantity 250
    7      307.7    5.4%  take the quantity from the net sales
    8       92.8    1.6%  read the price back before Register
    9      308.9    5.4%  click Register
   10       91.8    1.6%  find Confirmation
   11       16.7    0.3%  look for the underprice question
   12      304.3    5.4%  click Confirmation
   13      251.0    4.4%  park
   14      228.3    4.0%  confirm the dialog is gone
   15       16.6    0.3%  wait for the panel to let the item go
   16       20.3    0.4%  read tab 4 after the listing
          5673.1  100.0%  TOTAL
  listed 1 at 218,435,948; it lands in row 18
DONE {"kind": "relist", "row": 18, "lands_in": 18, "qty": 1, "price": 218435948, "item": "Chaos Core Set X 291"}
    relisted 1 at 218,435,948 in row 18
  tab 4 known from the last listing: 0 slot(s) held
  row 19: 'Force Core(Highest' x229 at 197,993 -> tab 4 slot (1, 1)
    floor 193,478 (193,478 x 1) from Force Core Set (Highest) as last bought; listed at 197,993, above it
TASK {"kind": "relist", "row": 19, "item": "Force Core(Highest", "qty": 229, "price": 197993, "tab": 4, "slot": [1, 1], "lands_in": 19}
  inventory slot (1,1) at (1479, 236)
    read: current min 197,991, price field 197,991, net sales 197,991, week average 213,123, listed at 197,993
    the lowest listed price is 197,991, from the row and 3 more
    market 197,991, typing 197,990, 1 under the market
    net sales 45,339,710 is 229 x 197,990
  typed 250; the net sales make it 229
    the panel holds 197,990 against the 197,990 typed
  tab 4 read in 21 ms after the listing: 0 slot(s) held

  list 229 at 197,990
    #         ms   share  step
    1       17.5    0.3%  read the panel before loading
    2       16.6    0.3%  wait for slot (1,1) to fill
    3      810.7   14.7%  ctrl-click (1,1) attempt 1
    4      647.0   11.7%  read the suggested price
    5     1436.6   26.0%  type the price 197,990
    6      945.3   17.1%  type the quantity 250
    7      305.9    5.5%  take the quantity from the net sales
    8       88.7    1.6%  read the price back before Register
    9      310.4    5.6%  click Register
   10       91.5    1.7%  find Confirmation
   11       16.7    0.3%  look for the underprice question
   12      307.8    5.6%  click Confirmation
   13      250.8    4.5%  park
   14      234.8    4.3%  confirm the dialog is gone
   15       20.2    0.4%  wait for the panel to let the item go
   16       21.0    0.4%  read tab 4 after the listing
          5521.4  100.0%  TOTAL
  listed 229 at 197,990; it lands in row 19
DONE {"kind": "relist", "row": 19, "lands_in": 19, "qty": 229, "price": 197990, "item": "Force Core(Highest"}
    relisted 229 at 197,990 in row 19
  tab 4 known from the last listing: 0 slot(s) held
  row 20: 'Chaos Core Set X 165' x1 at 123,856,754 -> tab 4 slot (1, 1)
    floor 122,101,980 (740,012 x 165) from what it cost; listed at 123,856,754, above it
TASK {"kind": "relist", "row": 20, "item": "Chaos Core Set X 165", "qty": 1, "price": 123856754, "tab": 4, "slot": [1, 1], "lands_in": 20}
  inventory slot (1,1) at (1479, 236)
    read: current min 123,855,105, price field 123,855,105, net sales 123,855,105, week average 120,134,520, listed at 123,856,754
    the lowest listed price is 123,855,105, from the row and 3 more
    market 123,855,105, typing 123,855,104, 1 under the market
    net sales 123,855,104 is 1 x 123,855,104
  typed 250; the net sales make it 1
    the panel holds 123,855,104 against the 123,855,104 typed
  tab 4 read in 19 ms after the listing: 0 slot(s) held

  list 1 at 123,855,104
    #         ms   share  step
    1       20.8    0.4%  read the panel before loading
    2       17.6    0.3%  wait for slot (1,1) to fill
    3      808.6   14.2%  ctrl-click (1,1) attempt 1
    4      589.1   10.3%  read the suggested price
    5     1655.9   29.1%  type the price 123,855,104
    6      948.0   16.7%  type the quantity 250
    7      306.8    5.4%  take the quantity from the net sales
    8       94.1    1.7%  read the price back before Register
    9      307.8    5.4%  click Register
   10       93.9    1.6%  find Confirmation
   11       16.6    0.3%  look for the underprice question
   12      310.4    5.5%  click Confirmation
   13      251.8    4.4%  park
   14      233.3    4.1%  confirm the dialog is gone
   15       19.7    0.3%  wait for the panel to let the item go
   16       19.4    0.3%  read tab 4 after the listing
          5693.8  100.0%  TOTAL
  listed 1 at 123,855,104; it lands in row 20
DONE {"kind": "relist", "row": 20, "lands_in": 20, "qty": 1, "price": 123855104, "item": "Chaos Core Set X 165"}
    relisted 1 at 123,855,104 in row 20
  tab 4 known from the last listing: 0 slot(s) held
  row 21: 'Chaos Core Set X 162' x1 at 121,604,651 -> tab 4 slot (1, 1)
    floor 119,881,944 (740,012 x 162) from what it cost; listed at 121,604,651, above it
TASK {"kind": "relist", "row": 21, "item": "Chaos Core Set X 162", "qty": 1, "price": 121604651, "tab": 4, "slot": [1, 1], "lands_in": 21}
  inventory slot (1,1) at (1479, 236)
    read: current min 121,603,032, price field 121,603,032, net sales 121,603,032, week average 117,950,256, listed at 121,604,651
    the lowest listed price is 121,603,032, from the row and 3 more
    market 121,603,032, typing 121,603,031, 1 under the market
    net sales 121,603,031 is 1 x 121,603,031
  typed 250; the net sales make it 1
    the panel holds 121,603,031 against the 121,603,031 typed
  tab 4 read in 20 ms after the listing: 0 slot(s) held

  list 1 at 121,603,031
    #         ms   share  step
    1       19.5    0.3%  read the panel before loading
    2       17.9    0.3%  wait for slot (1,1) to fill
    3      808.3   14.2%  ctrl-click (1,1) attempt 1
    4      583.5   10.2%  read the suggested price
    5     1662.3   29.2%  type the price 121,603,031
    6      945.2   16.6%  type the quantity 250
    7      303.8    5.3%  take the quantity from the net sales
    8       94.5    1.7%  read the price back before Register
    9      310.1    5.4%  click Register
   10       93.7    1.6%  find Confirmation
   11       19.5    0.3%  look for the underprice question
   12      308.3    5.4%  click Confirmation
   13      250.7    4.4%  park
   14      238.4    4.2%  confirm the dialog is gone
   15       19.3    0.3%  wait for the panel to let the item go
   16       19.9    0.3%  read tab 4 after the listing
          5694.9  100.0%  TOTAL
  listed 1 at 121,603,031; it lands in row 21
DONE {"kind": "relist", "row": 21, "lands_in": 21, "qty": 1, "price": 121603031, "item": "Chaos Core Set X 162"}
    relisted 1 at 121,603,031 in row 21
  tab 4 known from the last listing: 0 slot(s) held
  row 22: 'Chaos Core Set X 198' x1 at 148,627,709 -> tab 4 slot (1, 1)
    floor 146,522,376 (740,012 x 198) from what it cost; listed at 148,627,709, above it
TASK {"kind": "relist", "row": 22, "item": "Chaos Core Set X 198", "qty": 1, "price": 148627709, "tab": 4, "slot": [1, 1], "lands_in": 22}
  inventory slot (1,1) at (1479, 236)
    read: current min 148,625,730, price field 148,625,730, net sales 148,625,730, week average 144,161,424, listed at 148,627,709
    the lowest listed price is 148,625,730, from the row and 3 more
    market 148,625,730, typing 148,625,729, 1 under the market
    net sales 148,625,729 is 1 x 148,625,729
  typed 250; the net sales make it 1
    the panel holds 148,625,729 against the 148,625,729 typed
  tab 4 read in 20 ms after the listing: 0 slot(s) held

  list 1 at 148,625,729
    #         ms   share  step
    1       18.2    0.3%  read the panel before loading
    2       14.9    0.3%  wait for slot (1,1) to fill
    3      809.4   14.2%  ctrl-click (1,1) attempt 1
    4      592.8   10.4%  read the suggested price
    5     1658.3   29.1%  type the price 148,625,729
    6      945.5   16.6%  type the quantity 250
    7      305.0    5.3%  take the quantity from the net sales
    8       94.4    1.7%  read the price back before Register
    9      309.3    5.4%  click Register
   10      104.7    1.8%  find Confirmation
   11       19.7    0.3%  look for the underprice question
   12      308.6    5.4%  click Confirmation
   13      250.7    4.4%  park
   14      233.4    4.1%  confirm the dialog is gone
   15       20.2    0.4%  wait for the panel to let the item go
   16       20.0    0.4%  read tab 4 after the listing
          5705.0  100.0%  TOTAL
  listed 1 at 148,625,729; it lands in row 22
DONE {"kind": "relist", "row": 22, "lands_in": 22, "qty": 1, "price": 148625729, "item": "Chaos Core Set X 198"}
    relisted 1 at 148,625,729 in row 22
  row 23 is empty; nothing to relist
  row 24 is empty; nothing to relist
  row 25 is empty; nothing to relist
  row 26 is empty; nothing to relist
  row 27 is empty; nothing to relist

  relisting rows 1-27: 21 relisted, 6 empty, 0 skipped
    #          ms   share     n      each  phase
    1    67,178.2   39.7%    12   5,598.2  list it back
    2    44,864.2   26.5%    12   3,738.7  cancel the row and take it back
    3    14,470.5    8.6%    17     851.2  scroll to the row and read it
    4    13,616.7    8.0%    13   1,047.4  select inventory tab 4
    5     6,136.3    3.6%    17     361.0  Refresh the table
    6     5,809.6    3.4%     1   5,809.6  buy 1 Chaos Core
    7     5,459.3    3.2%     1   5,459.3  list Chaos Core from (1, 1)
    8     2,733.0    1.6%     1   2,733.0  buy order 2
    9     2,703.4    1.6%     1   2,703.4  buy order 1
   10     2,256.1    1.3%     1   2,256.1  select the Register tab
   11     1,540.7    0.9%     1   1,540.7  wait for the Chaos Core to land on tab 4
   12     1,535.1    0.9%     1   1,535.1  read tab 4 before buying
   13       371.8    0.2%     1     371.8  step down to the next offer (1)
   14       307.9    0.2%     1     307.9  reopen the Agent Shop
   15       203.4    0.1%    12      16.9  check the shop slot is empty
        169,186.2  100.0%

  returning the game to its default state
restoring the default state:
  Escape: window closed
  Inventory already closed
  the gift box at [284, 994]
  Receive All at [1209, 786]
  Receive 1 of 4 at [1214, 327]
  Receive 2 of 4 at [1214, 425]
  Receive 3 of 4 at [1214, 523]
  Receive 4 of 4 at [1214, 621]
  the special giftbox's Receive at [1438, 492]
  Close at [1483, 846]
  took 4 gift(s)
  the Agent Shop is shut and the vendor is not open either; reopening it
  Inventory shut: slot grid 0.09, needs 0.33

  board after pass 6:
                                                   bought/u   listed/u  margin      row price
     1  Blessing Bead - Superior           x1    163,756,817 169,999,998   +3.7%    169,999,998
     2  Armor Account bind Unseal Stone    x1    187,364,780 187,364,780   +0.0%    187,364,780
     3  Armor Account bind Seal Stone      x2    187,364,780 187,364,780   +0.0%    187,364,780
     4  Force Core (Ultimate               x9             -    359,962       -        359,962
     5  Astral Core(Palladium) X 127       x6             -      1,531       -        194,563
     6  Force Core (Ultimate               x5             -    359,961       -        359,961
     7  Force Core(High                    x73            -    185,930       -        185,930
     8  Force Core(High                    x117           -    185,930       -        185,930
     9  Wexp Saver                         x1             - 65,900,000       -     65,900,000
    10  Chaos Core                         x1       748,998    649,307  -15.4%        649,307
    11  Force Core(High                    x101           -    185,930       -        185,930
    12  Force Core (Ultimate               x250           -    359,960       -        359,960
    13  Force Core (Ultimate               x48            -    359,959       -        359,959
    14  Chaos Core Set X 252               x1       745,092    750,643   +0.7%    189,162,287
    15  Chaos Core Set X 3                 x1       744,726    750,642   +0.8%      2,251,928
    16  Force Core(Highest                 x250           -    197,991       -        197,991
    17  Arionell                           x1    281,047,170 312,185,713  +10.0%    312,185,713
    18  Chaos Core Set X 291               x1       745,001    750,638   +0.8%    218,435,948
    19  Force Core(Highest                 x229           -    197,990       -        197,990
    20  Chaos Core Set X 165               x1       740,012    750,636   +1.4%    123,855,104
    21  Chaos Core Set X 162               x1       740,012    750,635   +1.4%    121,603,031
    22  Chaos Core Set X 198               x1       740,012    750,634   +1.4%    148,625,729
    28  Palladium Shoes (DM) Lalla         x1             -  1,220,000       -      1,220,000
    29  Palladium Suit (DM) + 1 Lalla      x1             - 33,000,000       -     33,000,000
    30  Palladium Gauntlet(WA) Lalla       x1             -  1,499,990       -      1,499,990
    item                               rows   units          listed
    Arionell                              1       1     312,185,713
    Armor Account bind Seal Stone         1       2     374,729,560
    Armor Account bind Unseal Stone       1       1     187,364,780
    Astral Core(Palladium)                1     762       1,167,378
    Blessing Bead - Superior              1       1     169,999,998
    Chaos Core                            1       1         649,307
    Chaos Core Set                        6   1,071     803,934,027
    Force Core (Ultimate                  4     312     112,307,495
    Force Core(High                       3     291      54,105,630
    Force Core(Highest                    2     479      94,837,460
    Palladium Gauntlet(WA) Lalla          1       1       1,499,990
    Palladium Shoes (DM) Lalla            1       1       1,220,000
    Palladium Suit (DM) + 1 Lalla         1       1      33,000,000
    Wexp Saver                            1       1      65,900,000
    board                                25   2,925   2,212,901,338
    balance now 1,182,089,848
  pass 6: 21 relisted, 6 empty, 0 skipped; 9962.2 minute(s) left

WAR LAG: a war ends in 1.3 min (server 10:28:42). Going to the default state and waiting 6.3 min, until server 10:34:59.
restoring the default state:
  Escape: window closed
  Inventory already closed
WAR LAG: done waiting; resuming.

-- pass 7 --
  the Agent Shop is not open before pass 7; every row would read the world behind it. Reopening.
  the Agent Shop is shut and the vendor is not open either; reopening it
  Inventory shut: slot grid 0.09, needs 0.33

  resupply order: Chaos Core, Force Core(High), Force Core(Highest), Upgrade Core (Ultimate), Force Core (Ultimate), Armor Account bind Unseal Stone, Armor Account bind Seal Stone, Blessing Bead - Superior

-- Chaos Core Set under our listing: up to 3 row(s) --
  Chaos Core Set 745,501 - Chaos Core 748,998 = -3,497
  ours is listed at 750,634 a Set and a Chaos Core sells at 748,998; buying every Set under 743,998, 5,000 a Set below the lower of the two
  the cheapest Chaos Core Set is 745,501 a Set, not under 743,998; nothing to buy under ours

  counting only rows 1-27; rows outside it are not repriced and do not count; 5 row(s) free
  core                            rows     buy/u    sell/u    margin  wants   short?
  Force Core(Highest)                2   195,000   197,990     2,990      0   
  Chaos Core                         6         -         -         -      -   holds the most it can want, 6; not priced
  Force Core (Ultimate)              4         -         -         -      -   holds the most it can want, 3; not priced
  Force Core(High)                   3         -         -         -      -   holds the most it can want, 3; not priced
  Upgrade Core (Ultimate)            0   456,521   449,767    -6,754      0   

  nothing inside rows 1-27 holds fewer rows than its margin is worth.

  Armor Account bind Unseal Stone: 1 row(s) inside 1-27, 1 wanted; row 2 'Armor Account bind Unseal Stone'
    floor 187,364,780: 500/1000 of the 374,729,560 voucher, read at launch

  Armor Account bind Seal Stone: 1 row(s) inside 1-27, 1 wanted; row 3 'Armor Account bind Seal Stone'
    floor 187,364,780: 500/1000 of the 374,729,560 voucher, read at launch

  Blessing Bead - Superior: 1 row(s) inside 1-27, 1 wanted; row 1 'Blessing Bead - Superior'
    floor 163,756,817: 437/1000 of the 374,729,560 voucher, read at launch
    the quantity column read 'Superior', which holds no digits, so it is the end of the name and not a count; reading the row as 'Blessing Bead - Superior' and letting the panel count what is there
    one line read 'aa 1 169,999,998 OnSale Change'; read as stacked lines it is 'Blessing Bead - Superior 169,999,998 OnSale Change'
  tab 4 read from the screen in 1528 ms: 0 slot(s) held
  row 1: 'Blessing Bead - Superior' x1 at 169,999,998 -> tab 4 slot (1, 1)
    floor 163,756,817 from what it cost; listed at 169,999,998, above it
TASK {"kind": "relist", "row": 1, "item": "Blessing Bead - Superior", "qty": 1, "price": 169999998, "tab": 4, "slot": [1, 1], "lands_in": 1}
  inventory slot (1,1) at (1479, 236)
    read: current min 169,999,999, price field 169,999,999, net sales 169,999,999, week average 192,063,448, listed at 169,999,998
    the lowest listed price is 169,999,999, from the row and 3 more
    market 169,999,999, typing 169,999,998, 1 under the market
    net sales 169,999,998 is 1 x 169,999,998
  typed 250; the net sales make it 1
    the panel holds 169,999,998 against the 169,999,998 typed
  tab 4 read in 21 ms after the listing: 0 slot(s) held

  list 1 at 169,999,998
    #         ms   share  step
    1       17.5    0.3%  read the panel before loading
    2       15.2    0.3%  wait for slot (1,1) to fill
    3      808.2   14.2%  ctrl-click (1,1) attempt 1
    4      592.5   10.4%  read the suggested price
    5     1657.0   29.2%  type the price 169,999,998
    6      944.9   16.6%  type the quantity 250
    7      309.3    5.4%  take the quantity from the net sales
    8       93.2    1.6%  read the price back before Register
    9      307.4    5.4%  click Register
   10       90.6    1.6%  find Confirmation
   11       18.3    0.3%  look for the underprice question
   12      308.1    5.4%  click Confirmation
   13      251.0    4.4%  park
   14      227.3    4.0%  confirm the dialog is gone
   15       16.7    0.3%  wait for the panel to let the item go
   16       21.2    0.4%  read tab 4 after the listing
          5678.4  100.0%  TOTAL
  listed 1 at 169,999,998; it lands in row 1
DONE {"kind": "relist", "row": 1, "lands_in": 1, "qty": 1, "price": 169999998, "item": "Blessing Bead - Superior"}
    relisted 1 at 169,999,998 in row 1
  tab 4 known from the last listing: 0 slot(s) held
  row 2: 'Armor Account bind Unseal Stone' x1 at 187,364,780 -> tab 4 slot (1, 1)
    floor 187,364,780 from what it cost; listed at 187,364,780, above it
TASK {"kind": "relist", "row": 2, "item": "Armor Account bind Unseal Stone", "qty": 1, "price": 187364780, "tab": 4, "slot": [1, 1], "lands_in": 2}
  inventory slot (1,1) at (1479, 236)
    read: current min 186,500,000, price field 186,500,000, net sales 186,500,000, week average 192,114,171, listed at 187,364,780
    the lowest listed price is 186,500,000, from the row and 3 more
    market 186,499,999 is under the 187,364,780 floor (it is worth what it cost); listing at the floor
    market 186,500,000, typing 187,364,780, 864,780 over the market
    net sales 187,364,780 is 1 x 187,364,780
  typed 250; the net sales make it 1
    the panel holds 187,364,780 against the 187,364,780 typed
  tab 4 read in 21 ms after the listing: 0 slot(s) held

  list 1 at 187,364,780
    #         ms   share  step
    1       21.6    0.4%  read the panel before loading
    2       18.2    0.3%  wait for slot (1,1) to fill
    3      808.2   14.2%  ctrl-click (1,1) attempt 1
    4      585.1   10.3%  read the suggested price
    5     1663.0   29.3%  type the price 187,364,780
    6      948.3   16.7%  type the quantity 250
    7      304.3    5.4%  take the quantity from the net sales
    8       90.7    1.6%  read the price back before Register
    9      312.8    5.5%  click Register
   10       91.8    1.6%  find Confirmation
   11       17.0    0.3%  look for the underprice question
   12      308.1    5.4%  click Confirmation
   13      250.7    4.4%  park
   14      225.8    4.0%  confirm the dialog is gone
   15       14.9    0.3%  wait for the panel to let the item go
   16       20.8    0.4%  read tab 4 after the listing
          5681.4  100.0%  TOTAL
  listed 1 at 187,364,780; it lands in row 2
DONE {"kind": "relist", "row": 2, "lands_in": 2, "qty": 1, "price": 187364780, "item": "Armor Account bind Unseal Stone"}
    relisted 1 at 187,364,780 in row 2, 7 relist(s) on the floor now
  tab 4 known from the last listing: 0 slot(s) held
  row 3: 'Armor Account bind Seal Stone' x2 at 187,364,780 -> tab 4 slot (1, 1)
    floor 187,364,780 from what it cost; listed at 187,364,780, above it
TASK {"kind": "relist", "row": 3, "item": "Armor Account bind Seal Stone", "qty": 2, "price": 187364780, "tab": 4, "slot": [1, 1], "lands_in": 3}
  inventory slot (1,1) at (1479, 236)
    read: current min 186,500,000, price field 186,500,000, net sales 186,500,000, week average 190,073,428, listed at 187,364,780
    the lowest listed price is 186,500,000, from the row and 3 more
    market 186,499,999 is under the 187,364,780 floor (it is worth what it cost); listing at the floor
    market 186,500,000, typing 187,364,780, 864,780 over the market
    net sales 374,729,560 is 2 x 187,364,780
  typed 250; the net sales make it 2
    the panel holds 187,364,780 against the 187,364,780 typed
  tab 4 read in 19 ms after the listing: 0 slot(s) held

  list 2 at 187,364,780
    #         ms   share  step
    1       17.4    0.3%  read the panel before loading
    2       19.2    0.3%  wait for slot (1,1) to fill
    3      812.0   14.3%  ctrl-click (1,1) attempt 1
    4      584.8   10.3%  read the suggested price
    5     1656.1   29.1%  type the price 187,364,780
    6      946.4   16.6%  type the quantity 250
    7      308.2    5.4%  take the quantity from the net sales
    8       93.3    1.6%  read the price back before Register
    9      308.3    5.4%  click Register
   10       92.8    1.6%  find Confirmation
   11       21.2    0.4%  look for the underprice question
   12      310.3    5.5%  click Confirmation
   13      250.6    4.4%  park
   14      229.9    4.0%  confirm the dialog is gone
   15       15.6    0.3%  wait for the panel to let the item go
   16       18.7    0.3%  read tab 4 after the listing
          5684.8  100.0%  TOTAL
  listed 2 at 187,364,780; it lands in row 3
DONE {"kind": "relist", "row": 3, "lands_in": 3, "qty": 2, "price": 187364780, "item": "Armor Account bind Seal Stone"}
    relisted 2 at 187,364,780 in row 3, 7 relist(s) on the floor now
  tab 4 known from the last listing: 0 slot(s) held
  row 4: 'Force Core (Ultimate' x9 at 359,962 -> tab 4 slot (1, 1)
    floor 346,662 (346,662 x 1) from Force Core Set (Ultimate) as last bought; listed at 359,962, above it
TASK {"kind": "relist", "row": 4, "item": "Force Core (Ultimate", "qty": 9, "price": 359962, "tab": 4, "slot": [1, 1], "lands_in": 4}
  inventory slot (1,1) at (1479, 236)
    read: current min 359,956, price field 359,956, net sales 359,956, week average 411,299, listed at 359,962
    the lowest listed price is 359,956, from the row and 3 more
    market 359,956, typing 359,955, 1 under the market
    net sales 3,239,595 is 9 x 359,955
  typed 250; the net sales make it 9
    the panel holds 359,955 against the 359,955 typed
  tab 4 read in 20 ms after the listing: 0 slot(s) held

  list 9 at 359,955
    #         ms   share  step
    1       16.4    0.3%  read the panel before loading
    2       15.5    0.3%  wait for slot (1,1) to fill
    3      813.1   14.9%  ctrl-click (1,1) attempt 1
    4      579.9   10.6%  read the suggested price
    5     1445.4   26.4%  type the price 359,955
    6      945.2   17.3%  type the quantity 250
    7      302.3    5.5%  take the quantity from the net sales
    8       93.7    1.7%  read the price back before Register
    9      314.3    5.7%  click Register
   10       96.4    1.8%  find Confirmation
   11       18.8    0.3%  look for the underprice question
   12      308.7    5.6%  click Confirmation
   13      250.8    4.6%  park
   14      230.0    4.2%  confirm the dialog is gone
   15       19.4    0.4%  wait for the panel to let the item go
   16       19.6    0.4%  read tab 4 after the listing
          5469.5  100.0%  TOTAL
  listed 9 at 359,955; it lands in row 4
DONE {"kind": "relist", "row": 4, "lands_in": 4, "qty": 9, "price": 359955, "item": "Force Core (Ultimate"}
    relisted 9 at 359,955 in row 4
  tab 4 known from the last listing: 0 slot(s) held
  row 5: 'Astral Core(Palladium) X 127' x6 at 194,563 -> tab 4 slot (1, 1)
    no floor for 'Astral Core(Palladium) X 127'
TASK {"kind": "relist", "row": 5, "item": "Astral Core(Palladium) X 127", "qty": 6, "price": 194563, "tab": 4, "slot": [1, 1], "lands_in": 5}
  inventory slot (1,1) at (1479, 236)
    read: current min 194,564, price field 194,564, net sales 194,564, week average 199,771, listed at 194,563
    the lowest listed price is 194,564, from the row and 3 more
    market 194,564, typing 194,563, 1 under the market
    net sales 1,167,378 is 6 x 194,563
  typed 250; the net sales make it 6
    the panel holds 194,563 against the 194,563 typed
  tab 4 read in 20 ms after the listing: 0 slot(s) held

  list 6 at 194,563
    #         ms   share  step
    1       20.6    0.4%  read the panel before loading
    2       17.8    0.3%  wait for slot (1,1) to fill
    3      812.9   14.8%  ctrl-click (1,1) attempt 1
    4      592.6   10.8%  read the suggested price
    5     1447.9   26.3%  type the price 194,563
    6      947.0   17.2%  type the quantity 250
    7      302.5    5.5%  take the quantity from the net sales
    8       91.5    1.7%  read the price back before Register
    9      309.5    5.6%  click Register
   10      100.6    1.8%  find Confirmation
   11       16.9    0.3%  look for the underprice question
   12      308.0    5.6%  click Confirmation
   13      250.9    4.6%  park
   14      240.9    4.4%  confirm the dialog is gone
   15       16.9    0.3%  wait for the panel to let the item go
   16       19.7    0.4%  read tab 4 after the listing
          5496.0  100.0%  TOTAL
  listed 6 at 194,563; it lands in row 5
DONE {"kind": "relist", "row": 5, "lands_in": 5, "qty": 6, "price": 194563, "item": "Astral Core(Palladium) X 127"}
    relisted 6 at 194,563 in row 5
  tab 4 known from the last listing: 0 slot(s) held
  row 6: 'Force Core (Ultimate' x5 at 359,961 -> tab 4 slot (1, 1)
    floor 346,662 (346,662 x 1) from Force Core Set (Ultimate) as last bought; listed at 359,961, above it
TASK {"kind": "relist", "row": 6, "item": "Force Core (Ultimate", "qty": 5, "price": 359961, "tab": 4, "slot": [1, 1], "lands_in": 6}
  inventory slot (1,1) at (1479, 236)
    read: current min 359,955, price field 359,955, net sales 359,955, week average 411,299, listed at 359,961
    the lowest listed price is 359,955, from the row and 3 more
    market 359,955, typing 359,954, 1 under the market
    net sales 1,799,770 is 5 x 359,954
  typed 250; the net sales make it 5
    the panel holds 359,954 against the 359,954 typed
  tab 4 read in 24 ms after the listing: 0 slot(s) held

  list 5 at 359,954
    #         ms   share  step
    1       18.0    0.3%  read the panel before loading
    2       15.7    0.3%  wait for slot (1,1) to fill
    3      814.0   14.8%  ctrl-click (1,1) attempt 1
    4      588.4   10.7%  read the suggested price
    5     1448.1   26.4%  type the price 359,954
    6      946.1   17.2%  type the quantity 250
    7      303.1    5.5%  take the quantity from the net sales
    8       91.2    1.7%  read the price back before Register
    9      315.0    5.7%  click Register
   10       99.0    1.8%  find Confirmation
   11       16.8    0.3%  look for the underprice question
   12      308.3    5.6%  click Confirmation
   13      250.7    4.6%  park
   14      233.9    4.3%  confirm the dialog is gone
   15       20.9    0.4%  wait for the panel to let the item go
   16       23.7    0.4%  read tab 4 after the listing
          5492.8  100.0%  TOTAL
  listed 5 at 359,954; it lands in row 6
DONE {"kind": "relist", "row": 6, "lands_in": 6, "qty": 5, "price": 359954, "item": "Force Core (Ultimate"}
    relisted 5 at 359,954 in row 6
  tab 4 known from the last listing: 0 slot(s) held
  row 7: 'Force Core(High' x73 at 185,930 -> tab 4 slot (1, 1)
    floor 185,930 (185,930 x 1) from Force Core Set (High) as last bought; listed at 185,930, above it
TASK {"kind": "relist", "row": 7, "item": "Force Core(High", "qty": 73, "price": 185930, "tab": 4, "slot": [1, 1], "lands_in": 7}
  inventory slot (1,1) at (1479, 236)
    read: current min 183,999, price field 183,999, net sales 183,999, week average 199,396, listed at 185,930
    the lowest listed price is 183,999, from the row and 3 more
    market 183,998 is under the 185,930 floor (a Force Core Set (High) as last bought costs 185,930); listing at the floor
    market 183,999, typing 185,930, 1,931 over the market
    net sales 13,572,890 is 73 x 185,930
  typed 250; the net sales make it 73
    the panel holds 185,930 against the 185,930 typed
  tab 4 read in 20 ms after the listing: 0 slot(s) held

  list 73 at 185,930
    #         ms   share  step
    1       19.7    0.4%  read the panel before loading
    2       18.3    0.3%  wait for slot (1,1) to fill
    3      811.7   14.8%  ctrl-click (1,1) attempt 1
    4      579.3   10.5%  read the suggested price
    5     1449.4   26.4%  type the price 185,930
    6      945.5   17.2%  type the quantity 250
    7      315.9    5.7%  take the quantity from the net sales
    8       91.9    1.7%  read the price back before Register
    9      309.5    5.6%  click Register
   10      100.2    1.8%  find Confirmation
   11       20.8    0.4%  look for the underprice question
   12      308.1    5.6%  click Confirmation
   13      250.7    4.6%  park
   14      235.2    4.3%  confirm the dialog is gone
   15       18.5    0.3%  wait for the panel to let the item go
   16       19.9    0.4%  read tab 4 after the listing
          5494.8  100.0%  TOTAL
  listed 73 at 185,930; it lands in row 7
DONE {"kind": "relist", "row": 7, "lands_in": 7, "qty": 73, "price": 185930, "item": "Force Core(High"}
    relisted 73 at 185,930 in row 7, 7 relist(s) on the floor now
  tab 4 known from the last listing: 0 slot(s) held
  row 8: 'Force Core(High' x117 at 185,930 -> tab 4 slot (1, 1)
    floor 185,930 (185,930 x 1) from Force Core Set (High) as last bought; listed at 185,930, above it
TASK {"kind": "relist", "row": 8, "item": "Force Core(High", "qty": 117, "price": 185930, "tab": 4, "slot": [1, 1], "lands_in": 8}
  inventory slot (1,1) at (1479, 236)
    read: current min 183,999, price field 183,999, net sales 183,999, week average 199,396, listed at 185,930
    the lowest listed price is 183,999, from the row and 3 more
    market 183,998 is under the 185,930 floor (a Force Core Set (High) as last bought costs 185,930); listing at the floor
    market 183,999, typing 185,930, 1,931 over the market
    net sales 21,753,810 is 117 x 185,930
  typed 250; the net sales make it 117
    the panel holds 185,930 against the 185,930 typed
  tab 4 read in 24 ms after the listing: 0 slot(s) held

  list 117 at 185,930
    #         ms   share  step
    1       18.1    0.3%  read the panel before loading
    2       16.6    0.3%  wait for slot (1,1) to fill
    3      809.7   14.8%  ctrl-click (1,1) attempt 1
    4      588.2   10.7%  read the suggested price
    5     1440.1   26.3%  type the price 185,930
    6      946.3   17.3%  type the quantity 250
    7      307.2    5.6%  take the quantity from the net sales
    8       92.8    1.7%  read the price back before Register
    9      307.8    5.6%  click Register
   10       93.1    1.7%  find Confirmation
   11       16.2    0.3%  look for the underprice question
   12      309.1    5.6%  click Confirmation
   13      250.8    4.6%  park
   14      237.5    4.3%  confirm the dialog is gone
   15       20.8    0.4%  wait for the panel to let the item go
   16       24.5    0.4%  read tab 4 after the listing
          5478.7  100.0%  TOTAL
  listed 117 at 185,930; it lands in row 8
DONE {"kind": "relist", "row": 8, "lands_in": 8, "qty": 117, "price": 185930, "item": "Force Core(High"}
    relisted 117 at 185,930 in row 8, 7 relist(s) on the floor now
    the quantity column read 'Saver', which holds no digits, so it is the end of the name and not a count; reading the row as 'Wexp Saver' and letting the panel count what is there
  tab 4 known from the last listing: 0 slot(s) held
  row 9: 'Wexp Saver' x1 at 65,900,000 -> tab 4 slot (1, 1)
    the quantity column read 'Saver', which holds no digits, so it is the end of the name and not a count; reading the row as 'Wexp Saver' and letting the panel count what is there
    no floor for 'Wexp Saver'
TASK {"kind": "relist", "row": 9, "item": "Wexp Saver", "qty": 1, "price": 65900000, "tab": 4, "slot": [1, 1], "lands_in": 9}
  inventory slot (1,1) at (1479, 236)
    read: current min 62,626,260, price field 62,626,260, net sales 62,626,260, week average 63,911,720, listed at 65,900,000
    the lowest listed price is 62,626,260, from the row and 3 more
    the market asks 62,626,259, 3,273,741 under our 65,900,000; holding at 65,890,000, the most this row may fall in one relist
    market 62,626,260, typing 65,890,000, 3,263,740 over the market
    net sales 65,890,000 is 1 x 65,890,000
  typed 250; the net sales make it 1
    the panel holds 65,890,000 against the 65,890,000 typed
  tab 4 read in 22 ms after the listing: 0 slot(s) held

  list 1 at 65,890,000
    #         ms   share  step
    1       19.4    0.3%  read the panel before loading
    2       18.5    0.3%  wait for slot (1,1) to fill
    3      813.9   14.4%  ctrl-click (1,1) attempt 1
    4      588.2   10.4%  read the suggested price
    5     1586.4   28.1%  type the price 65,890,000
    6      951.2   16.8%  type the quantity 250
    7      309.4    5.5%  take the quantity from the net sales
    8       95.0    1.7%  read the price back before Register
    9      316.3    5.6%  click Register
   10       97.9    1.7%  find Confirmation
   11       19.4    0.3%  look for the underprice question
   12      312.2    5.5%  click Confirmation
   13      251.1    4.4%  park
   14      233.8    4.1%  confirm the dialog is gone
   15       17.5    0.3%  wait for the panel to let the item go
   16       22.2    0.4%  read tab 4 after the listing
          5652.3  100.0%  TOTAL
  listed 1 at 65,890,000; it lands in row 9
DONE {"kind": "relist", "row": 9, "lands_in": 9, "qty": 1, "price": 65890000, "item": "Wexp Saver"}
    relisted 1 at 65,890,000 in row 9
  row 10 has SOLD (fully); collecting
    collected; row 10 is empty, nothing to relist
  the Chaos Core special row sold; buying it back now, not on the next pass

-- Chaos Core special row 1 of 1: 1 at 500 to 700 under the market --
  1 stays behind on every row bought; an order 10 step(s) down with nothing spare takes the row it is on whole, and the next order leaves 1 behind again; each order prices the favourite afresh, then wheels down, up to 30 step(s)
TASK {"kind": "resupply", "core": "Chaos Core", "slot": 3, "tab": 4, "landing": [1, 1], "special": true}
  row 1 offers 'Chaos Core' x131 at 748,998 (748,998/unit)
    balance before 1,182,739,155
    row 1 holds 131, 1 stays behind, so at most 130 comes off it
    dialog: '¢ Chaos Core'  qty 1 of 131  price 748998
    1 core(s) wanted, 1 to a pack -> 1 pack(s); 131 available, taking 1
    the quantity field already reads 1; not retyping it
    ordering 1 pack(s) at 748,998; the spend will confirm what actually bought
    balance after  1,181,990,157; spent 748,998 bought 1 pack(s) = 1 core(s) (748,998 a core)

  buy from favourite slot 3: bought 1 core(s) in 1 order(s)
    #         ms   share  step
    1        0.5    0.0%  get_price: focus the game
    2       97.4    1.3%  get_price: _trade_window_open (OCR 1300x190)
    3      152.6    2.0%  get_price: purchase_tab_showing
    4     1409.3   18.6%  get_price: click the Purchase tab + settle
    5      177.7    2.3%  get_price: read row 1 before the search
    6      308.9    4.1%  get_price: click favourite slot 3
    7       92.2    1.2%  get_price: confirm the sort
    8      383.5    5.1%  get_price: poll row 1 until it answers (2 read(s))
    9     2647.6   35.0%  get_price: search the favourite and read row 1
   10      316.2    4.2%  select inventory tab 4
   11       95.2    1.3%  read the balance before buying
   12      362.4    4.8%  click the row at (500, 258)
   13      312.8    4.1%  click Buy at (828, 258)
   14       89.8    1.2%  await the Purchase dialog
   15      293.8    3.9%  read the dialog (item, price, qty, qty_max)
   16       87.0    1.1%  find the Buy button
   17      308.0    4.1%  click Buy
   18      251.2    3.3%  park
   19       92.5    1.2%  confirm the dialog is gone
   20       92.1    1.2%  read the balance after buying
          7570.9  100.0%  TOTAL
    tab 4 slot (1, 1) is held for 'Chaos Core'; it frees when something is listed from it
  the Chaos Core landed in tab 4 slot (1, 1)
TASK {"kind": "resupply", "core": "Chaos Core", "slot": 3, "tab": 4, "landing": [1, 1], "step": "list", "holding": "Chaos Core", "qty": 1, "special": true}
  inventory slot (1,1) at (1479, 236)
    read: current min 748,998, price field 748,998, net sales 748,998, week average 717,087, listed at unread
    the lowest listed price is 748,998, from the row and 2 more
    market 748,998, typing 748,363, 635 under the market
    net sales 748,363 is 1 x 748,363
  typed 250; the net sales make it 1
    the panel holds 748,363 against the 748,363 typed
  tab 4 read in 20 ms after the listing: 0 slot(s) held

  list 1 at 748,363
    #         ms   share  step
    1       18.5    0.3%  read the panel before loading
    2      812.6   15.0%  ctrl-click (1,1) attempt 1
    3      575.7   10.6%  read the suggested price
    4     1447.4   26.7%  type the price 748,363
    5      944.2   17.4%  type the quantity 250
    6      297.7    5.5%  take the quantity from the net sales
    7       89.0    1.6%  read the price back before Register
    8      310.0    5.7%  click Register
    9       93.2    1.7%  find Confirmation
   10       16.0    0.3%  look for the underprice question
   11      307.5    5.7%  click Confirmation
   12      251.2    4.6%  park
   13      226.1    4.2%  confirm the dialog is gone
   14       19.3    0.4%  wait for the panel to let the item go
   15       19.6    0.4%  read tab 4 after the listing
          5427.9  100.0%  TOTAL
  listed 1 at 748,363; it lands in row 10
  the Chaos Core special row is listed at 748,363 in row 10
DONE {"kind": "resupply", "core": "Chaos Core", "bought": 1, "listed": 1, "rows": [10], "special": true}
  tab 4 known from the last listing: 0 slot(s) held
  row 11: 'Force Core(High' x101 at 185,930 -> tab 4 slot (1, 1)
    floor 185,930 (185,930 x 1) from Force Core Set (High) as last bought; listed at 185,930, above it
TASK {"kind": "relist", "row": 11, "item": "Force Core(High", "qty": 101, "price": 185930, "tab": 4, "slot": [1, 1], "lands_in": 11}
  inventory slot (1,1) at (1479, 236)
    read: current min 183,999, price field 183,999, net sales 183,999, week average 199,396, listed at 185,930
    the lowest listed price is 183,999, from the row and 3 more
    market 183,998 is under the 185,930 floor (a Force Core Set (High) as last bought costs 185,930); listing at the floor
    market 183,999, typing 185,930, 1,931 over the market
    net sales 18,778,930 is 101 x 185,930
  typed 250; the net sales make it 101
    the panel holds 185,930 against the 185,930 typed
  tab 4 read in 25 ms after the listing: 0 slot(s) held

  list 101 at 185,930
    #         ms   share  step
    1       21.1    0.4%  read the panel before loading
    2       19.9    0.4%  wait for slot (1,1) to fill
    3      806.8   14.8%  ctrl-click (1,1) attempt 1
    4      580.1   10.6%  read the suggested price
    5     1440.6   26.4%  type the price 185,930
    6      946.5   17.3%  type the quantity 250
    7      302.9    5.5%  take the quantity from the net sales
    8       90.7    1.7%  read the price back before Register
    9      309.7    5.7%  click Register
   10       92.5    1.7%  find Confirmation
   11       16.3    0.3%  look for the underprice question
   12      308.4    5.6%  click Confirmation
   13      251.2    4.6%  park
   14      230.5    4.2%  confirm the dialog is gone
   15       22.2    0.4%  wait for the panel to let the item go
   16       25.0    0.5%  read tab 4 after the listing
          5464.6  100.0%  TOTAL
  listed 101 at 185,930; it lands in row 11
DONE {"kind": "relist", "row": 11, "lands_in": 11, "qty": 101, "price": 185930, "item": "Force Core(High"}
    relisted 101 at 185,930 in row 11, 7 relist(s) on the floor now
  tab 4 known from the last listing: 0 slot(s) held
  row 12: 'Force Core (Ultimate' x250 at 359,960 -> tab 4 slot (1, 1)
    floor 346,662 (346,662 x 1) from Force Core Set (Ultimate) as last bought; listed at 359,960, above it
TASK {"kind": "relist", "row": 12, "item": "Force Core (Ultimate", "qty": 250, "price": 359960, "tab": 4, "slot": [1, 1], "lands_in": 12}
  inventory slot (1,1) at (1479, 236)
    read: current min 359,954, price field 359,954, net sales 359,954, week average 411,299, listed at 359,960
    the lowest listed price is 359,954, from the row and 3 more
    market 359,954, typing 359,953, 1 under the market
    net sales 89,988,250 is 250 x 359,953
  typed 250; the net sales make it 250
    the panel holds 359,953 against the 359,953 typed
  tab 4 read in 20 ms after the listing: 0 slot(s) held

  list 250 at 359,953
    #         ms   share  step
    1       17.6    0.3%  read the panel before loading
    2       18.3    0.3%  wait for slot (1,1) to fill
    3      808.1   14.8%  ctrl-click (1,1) attempt 1
    4      580.4   10.7%  read the suggested price
    5     1440.2   26.4%  type the price 359,953
    6      946.8   17.4%  type the quantity 250
    7      305.0    5.6%  take the quantity from the net sales
    8       89.3    1.6%  read the price back before Register
    9      307.3    5.6%  click Register
   10       95.8    1.8%  find Confirmation
   11       17.0    0.3%  look for the underprice question
   12      307.0    5.6%  click Confirmation
   13      251.1    4.6%  park
   14      228.1    4.2%  confirm the dialog is gone
   15       17.1    0.3%  wait for the panel to let the item go
   16       19.8    0.4%  read tab 4 after the listing
          5449.2  100.0%  TOTAL
  listed 250 at 359,953; it lands in row 12
DONE {"kind": "relist", "row": 12, "lands_in": 12, "qty": 250, "price": 359953, "item": "Force Core (Ultimate"}
    relisted 250 at 359,953 in row 12
  tab 4 known from the last listing: 0 slot(s) held
  row 13: 'Force Core (Ultimate' x48 at 359,959 -> tab 4 slot (1, 1)
    floor 346,662 (346,662 x 1) from Force Core Set (Ultimate) as last bought; listed at 359,959, above it
TASK {"kind": "relist", "row": 13, "item": "Force Core (Ultimate", "qty": 48, "price": 359959, "tab": 4, "slot": [1, 1], "lands_in": 13}
  inventory slot (1,1) at (1479, 236)
    read: current min 359,953, price field 359,953, net sales 359,953, week average 411,299, listed at 359,959
    the lowest listed price is 359,953, from the row and 3 more
    market 359,953, typing 359,952, 1 under the market
    net sales 17,277,696 is 48 x 359,952
  typed 250; the net sales make it 48
    the panel holds 359,952 against the 359,952 typed
  tab 4 read in 21 ms after the listing: 0 slot(s) held

  list 48 at 359,952
    #         ms   share  step
    1       20.2    0.4%  read the panel before loading
    2       21.3    0.4%  wait for slot (1,1) to fill
    3      810.6   14.9%  ctrl-click (1,1) attempt 1
    4      575.3   10.5%  read the suggested price
    5     1441.2   26.4%  type the price 359,952
    6      945.7   17.3%  type the quantity 250
    7      303.2    5.6%  take the quantity from the net sales
    8       92.9    1.7%  read the price back before Register
    9      312.6    5.7%  click Register
   10       93.6    1.7%  find Confirmation
   11       15.4    0.3%  look for the underprice question
   12      307.7    5.6%  click Confirmation
   13      250.8    4.6%  park
   14      229.9    4.2%  confirm the dialog is gone
   15       14.9    0.3%  wait for the panel to let the item go
   16       21.0    0.4%  read tab 4 after the listing
          5456.1  100.0%  TOTAL
  listed 48 at 359,952; it lands in row 13
DONE {"kind": "relist", "row": 13, "lands_in": 13, "qty": 48, "price": 359952, "item": "Force Core (Ultimate"}
    relisted 48 at 359,952 in row 13
  tab 4 known from the last listing: 0 slot(s) held
  row 14: 'Chaos Core Set X 252' x1 at 189,162,287 -> tab 4 slot (1, 1)
    floor 187,763,184 (745,092 x 252) from what it cost; listed at 189,162,287, above it
TASK {"kind": "relist", "row": 14, "item": "Chaos Core Set X 252", "qty": 1, "price": 189162287, "tab": 4, "slot": [1, 1], "lands_in": 14}
  inventory slot (1,1) at (1479, 236)
    read: current min 187,866,252, price field 187,866,252, net sales 187,866,252, week average 183,478,176, listed at 189,162,287
    the lowest listed price is 187,866,252, from the row and 3 more
    market 187,866,252, typing 187,866,251, 1 under the market
    net sales 187,866,251 is 1 x 187,866,251
  typed 250; the net sales make it 1
    the panel holds 187,866,251 against the 187,866,251 typed
  tab 4 read in 20 ms after the listing: 0 slot(s) held

  list 1 at 187,866,251
    #         ms   share  step
    1       20.1    0.4%  read the panel before loading
    2       19.8    0.3%  wait for slot (1,1) to fill
    3      811.1   14.3%  ctrl-click (1,1) attempt 1
    4      584.7   10.3%  read the suggested price
    5     1655.2   29.1%  type the price 187,866,251
    6      943.0   16.6%  type the quantity 250
    7      307.9    5.4%  take the quantity from the net sales
    8       95.4    1.7%  read the price back before Register
    9      306.6    5.4%  click Register
   10       92.3    1.6%  find Confirmation
   11       15.7    0.3%  look for the underprice question
   12      308.8    5.4%  click Confirmation
   13      250.8    4.4%  park
   14      232.6    4.1%  confirm the dialog is gone
   15       17.4    0.3%  wait for the panel to let the item go
   16       20.0    0.4%  read tab 4 after the listing
          5681.4  100.0%  TOTAL
  listed 1 at 187,866,251; it lands in row 14
DONE {"kind": "relist", "row": 14, "lands_in": 14, "qty": 1, "price": 187866251, "item": "Chaos Core Set X 252"}
    relisted 1 at 187,866,251 in row 14
  tab 4 known from the last listing: 0 slot(s) held
  row 15: 'Chaos Core Set X 3' x1 at 2,251,928 -> tab 4 slot (1, 1)
    floor 2,234,178 (744,726 x 3) from what it cost; listed at 2,251,928, above it
TASK {"kind": "relist", "row": 15, "item": "Chaos Core Set X 3", "qty": 1, "price": 2251928, "tab": 4, "slot": [1, 1], "lands_in": 15}
  inventory slot (1,1) at (1479, 236)
    read: current min 2,236,500, price field 2,236,500, net sales 2,236,500, week average 2,184,264, listed at 2,251,928
    the lowest listed price is 2,236,500, from the row and 3 more
    market 2,236,500, typing 2,236,499, 1 under the market
    net sales 2,236,499 is 1 x 2,236,499
  typed 250; the net sales make it 1
    the panel holds 2,236,499 against the 2,236,499 typed
  tab 4 read in 21 ms after the listing: 0 slot(s) held

  list 1 at 2,236,499
    #         ms   share  step
    1       19.8    0.4%  read the panel before loading
    2       21.1    0.4%  wait for slot (1,1) to fill
    3      814.1   14.7%  ctrl-click (1,1) attempt 1
    4      576.7   10.4%  read the suggested price
    5     1516.4   27.4%  type the price 2,236,499
    6      948.5   17.1%  type the quantity 250
    7      302.8    5.5%  take the quantity from the net sales
    8       91.1    1.6%  read the price back before Register
    9      306.9    5.5%  click Register
   10       93.1    1.7%  find Confirmation
   11       16.0    0.3%  look for the underprice question
   12      308.2    5.6%  click Confirmation
   13      251.0    4.5%  park
   14      229.9    4.2%  confirm the dialog is gone
   15       18.6    0.3%  wait for the panel to let the item go
   16       20.7    0.4%  read tab 4 after the listing
          5535.0  100.0%  TOTAL
  listed 1 at 2,236,499; it lands in row 15
DONE {"kind": "relist", "row": 15, "lands_in": 15, "qty": 1, "price": 2236499, "item": "Chaos Core Set X 3"}
    relisted 1 at 2,236,499 in row 15
  tab 4 known from the last listing: 0 slot(s) held
  row 16: 'Force Core(Highest' x250 at 197,991 -> tab 4 slot (1, 1)
    floor 193,478 (193,478 x 1) from Force Core Set (Highest) as last bought; listed at 197,991, above it
TASK {"kind": "relist", "row": 16, "item": "Force Core(Highest", "qty": 250, "price": 197991, "tab": 4, "slot": [1, 1], "lands_in": 16}
  inventory slot (1,1) at (1479, 236)
    read: current min 197,988, price field 197,988, net sales 197,988, week average 213,123, listed at 197,991
    the lowest listed price is 197,988, from the row and 3 more
    market 197,988, typing 197,987, 1 under the market
    net sales 49,496,750 is 250 x 197,987
  typed 250; the net sales make it 250
    the panel holds 197,987 against the 197,987 typed
  tab 4 read in 21 ms after the listing: 0 slot(s) held

  list 250 at 197,987
    #         ms   share  step
    1       18.5    0.3%  read the panel before loading
    2       15.5    0.3%  wait for slot (1,1) to fill
    3      808.5   14.7%  ctrl-click (1,1) attempt 1
    4      655.7   11.9%  read the suggested price
    5     1441.7   26.1%  type the price 197,987
    6      944.9   17.1%  type the quantity 250
    7      300.0    5.4%  take the quantity from the net sales
    8       90.8    1.6%  read the price back before Register
    9      309.8    5.6%  click Register
   10       88.4    1.6%  find Confirmation
   11       16.3    0.3%  look for the underprice question
   12      307.9    5.6%  click Confirmation
   13      251.1    4.6%  park
   14      232.1    4.2%  confirm the dialog is gone
   15       16.1    0.3%  wait for the panel to let the item go
   16       20.9    0.4%  read tab 4 after the listing
          5518.3  100.0%  TOTAL
  listed 250 at 197,987; it lands in row 16
DONE {"kind": "relist", "row": 16, "lands_in": 16, "qty": 250, "price": 197987, "item": "Force Core(Highest"}
    relisted 250 at 197,987 in row 16
  tab 4 known from the last listing: 0 slot(s) held
  row 17: 'Arionell' x1 at 312,185,713 -> tab 4 slot (1, 1)
    floor 281,047,170 from what it cost; listed at 312,185,713, above it
TASK {"kind": "relist", "row": 17, "item": "Arionell", "qty": 1, "price": 312185713, "tab": 4, "slot": [1, 1], "lands_in": 17}
  inventory slot (1,1) at (1479, 236)
    read: current min 312,185,714, price field 312,185,714, net sales 312,185,714, week average 315,560,317, listed at 312,185,713
    the lowest listed price is 312,185,714, from the row and 3 more
    market 312,185,714, typing 312,185,713, 1 under the market
    net sales 312,185,713 is 1 x 312,185,713
  typed 250; the net sales make it 1
    the panel holds 312,185,713 against the 312,185,713 typed
  tab 4 read in 20 ms after the listing: 0 slot(s) held

  list 1 at 312,185,713
    #         ms   share  step
    1       17.0    0.3%  read the panel before loading
    2       19.5    0.3%  wait for slot (1,1) to fill
    3      809.1   14.2%  ctrl-click (1,1) attempt 1
    4      596.9   10.4%  read the suggested price
    5     1652.9   28.9%  type the price 312,185,713
    6      947.2   16.6%  type the quantity 250
    7      305.6    5.3%  take the quantity from the net sales
    8       95.3    1.7%  read the price back before Register
    9      315.9    5.5%  click Register
   10       99.7    1.7%  find Confirmation
   11       16.6    0.3%  look for the underprice question
   12      314.7    5.5%  click Confirmation
   13      251.0    4.4%  park
   14      235.6    4.1%  confirm the dialog is gone
   15       19.6    0.3%  wait for the panel to let the item go
   16       20.1    0.4%  read tab 4 after the listing
          5716.7  100.0%  TOTAL
  listed 1 at 312,185,713; it lands in row 17
DONE {"kind": "relist", "row": 17, "lands_in": 17, "qty": 1, "price": 312185713, "item": "Arionell"}
    relisted 1 at 312,185,713 in row 17
  tab 4 known from the last listing: 0 slot(s) held
  row 18: 'Chaos Core Set X 291' x1 at 218,435,948 -> tab 4 slot (1, 1)
    floor 216,795,291 (745,001 x 291) from what it cost; listed at 218,435,948, above it
TASK {"kind": "relist", "row": 18, "item": "Chaos Core Set X 291", "qty": 1, "price": 218435948, "tab": 4, "slot": [1, 1], "lands_in": 18}
  inventory slot (1,1) at (1479, 236)
    read: current min 216,939,918, price field 216,939,918, net sales 216,939,918, week average 211,873,608, listed at 218,435,948
    the lowest listed price is 216,939,918, from the row and 3 more
    market 216,939,918, typing 216,939,917, 1 under the market
    net sales 216,939,917 is 1 x 216,939,917
  typed 250; the net sales make it 1
    the panel holds 216,939,917 against the 216,939,917 typed
  tab 4 read in 20 ms after the listing: 0 slot(s) held

  list 1 at 216,939,917
    #         ms   share  step
    1       19.6    0.3%  read the panel before loading
    2       17.0    0.3%  wait for slot (1,1) to fill
    3      809.4   14.1%  ctrl-click (1,1) attempt 1
    4      593.2   10.3%  read the suggested price
    5     1659.4   28.9%  type the price 216,939,917
    6      946.0   16.5%  type the quantity 250
    7      306.9    5.4%  take the quantity from the net sales
    8      102.4    1.8%  read the price back before Register
    9      312.9    5.5%  click Register
   10      110.7    1.9%  find Confirmation
   11       19.1    0.3%  look for the underprice question
   12      311.5    5.4%  click Confirmation
   13      250.9    4.4%  park
   14      234.6    4.1%  confirm the dialog is gone
   15       18.9    0.3%  wait for the panel to let the item go
   16       19.6    0.3%  read tab 4 after the listing
          5731.9  100.0%  TOTAL
  listed 1 at 216,939,917; it lands in row 18
DONE {"kind": "relist", "row": 18, "lands_in": 18, "qty": 1, "price": 216939917, "item": "Chaos Core Set X 291"}
    relisted 1 at 216,939,917 in row 18
  row 19 has SOLD (partly); collecting
    collected; 228 left to relist
  tab 4 known from the last listing: 0 slot(s) held
  row 19: 'Force Core(Highest' x228 at 197,990 -> tab 4 slot (1, 1)
    floor 193,478 (193,478 x 1) from Force Core Set (Highest) as last bought; listed at 197,990, above it
TASK {"kind": "relist", "row": 19, "item": "Force Core(Highest", "qty": 228, "price": 197990, "tab": 4, "slot": [1, 1], "lands_in": 19}
  inventory slot (1,1) at (1479, 236)
    read: current min 197,987, price field 197,987, net sales 197,987, week average 213,123, listed at 197,990
    the lowest listed price is 197,987, from the row and 3 more
    market 197,987, typing 197,986, 1 under the market
    net sales 45,140,808 is 228 x 197,986
  typed 250; the net sales make it 228
    the panel holds 197,986 against the 197,986 typed
  tab 4 read in 21 ms after the listing: 0 slot(s) held

  list 228 at 197,986
    #         ms   share  step
    1       20.6    0.4%  read the panel before loading
    2       18.7    0.3%  wait for slot (1,1) to fill
    3      809.4   14.6%  ctrl-click (1,1) attempt 1
    4      646.5   11.7%  read the suggested price
    5     1443.7   26.1%  type the price 197,986
    6      947.2   17.1%  type the quantity 250
    7      302.8    5.5%  take the quantity from the net sales
    8       92.3    1.7%  read the price back before Register
    9      308.7    5.6%  click Register
   10       92.2    1.7%  find Confirmation
   11       16.6    0.3%  look for the underprice question
   12      307.9    5.6%  click Confirmation
   13      251.0    4.5%  park
   14      233.6    4.2%  confirm the dialog is gone
   15       19.9    0.4%  wait for the panel to let the item go
   16       21.1    0.4%  read tab 4 after the listing
          5532.1  100.0%  TOTAL
  listed 228 at 197,986; it lands in row 19
DONE {"kind": "relist", "row": 19, "lands_in": 19, "qty": 228, "price": 197986, "item": "Force Core(Highest"}
    relisted 228 at 197,986 in row 19
  row 20 has SOLD (fully); collecting
    collected; row 20 is empty, nothing to relist
  a 'Chaos Core Set X 165' row sold and is collected; Chaos Core holds 5 row(s), pricing and resupplying it now, not on the next pass
  Chaos Core Set 745,497 - Chaos Core 747,229 = -1,732
  a margin of -1,732 is worth 0 row(s) of Chaos Core; 5 held; not buying.
  row 21 has SOLD (fully); collecting
    collected; row 21 is empty, nothing to relist
  a 'Chaos Core Set X 162' row sold and is collected; Chaos Core holds 4 row(s), pricing and resupplying it now, not on the next pass
  Chaos Core Set 745,497 - Chaos Core 747,229 = -1,732
  a margin of -1,732 is worth 0 row(s) of Chaos Core; 4 held; not buying.
  row 22 has SOLD (fully); collecting
    collected; row 22 is empty, nothing to relist
  a 'Chaos Core Set X 198' row sold and is collected; Chaos Core holds 3 row(s), pricing and resupplying it now, not on the next pass
  Chaos Core Set 745,495 - Chaos Core 747,229 = -1,734
  a margin of -1,734 is worth 0 row(s) of Chaos Core; 3 held; not buying.
  row 23 is empty; nothing to relist
  row 24 is empty; nothing to relist
  row 25 is empty; nothing to relist
  row 26 is empty; nothing to relist
  row 27 is empty; nothing to relist

  relisting rows 1-27: 18 relisted, 9 empty, 0 skipped
    #          ms   share     n      each  phase
    1     2,686.2   33.2%     1   2,686.2  price Chaos Core
    2     2,354.1   29.1%     5     470.8  scroll to the row and read it
    3     1,813.4   22.4%     5     362.7  Refresh the table
    4     1,240.1   15.3%     1   1,240.1  price Chaos Core Set
          8,093.7  100.0%

  returning the game to its default state
restoring the default state:
  Escape: window closed
  Inventory already closed
  the gift box at [284, 994]
  Receive All at [1209, 786]
  Receive 1 of 4 at [1214, 327]
  Receive 2 of 4 at [1214, 425]
  Receive 3 of 4 at [1214, 523]
  Receive 4 of 4 at [1214, 621]
  the special giftbox's Receive at [1438, 492]
  Close at [1483, 846]
  took 4 gift(s)
  the Agent Shop is shut and the vendor is not open either; reopening it
  Inventory shut: slot grid 0.09, needs 0.33

  board after pass 7:
                                                   bought/u   listed/u  margin      row price
     1  Blessing Bead - Superior           x1    163,756,817 169,999,998   +3.7%    169,999,998
     2  Armor Account bind Unseal Stone    x1    187,364,780 187,364,780   +0.0%    187,364,780
     3  Armor Account bind Seal Stone      x2    187,364,780 187,364,780   +0.0%    187,364,780
     4  Force Core (Ultimate               x9             -    359,955       -        359,955
     5  Astral Core(Palladium) X 127       x6             -      1,531       -        194,563
     6  Force Core (Ultimate               x5             -    359,954       -        359,954
     7  Force Core(High                    x73            -    185,930       -        185,930
     8  Force Core(High                    x117           -    185,930       -        185,930
     9  Wexp Saver                         x1             - 65,890,000       -     65,890,000
    10  Chaos Core                         x1       748,998    748,363   -0.1%        748,363
    11  Force Core(High                    x101           -    185,930       -        185,930
    12  Force Core (Ultimate               x250           -    359,953       -        359,953
    13  Force Core (Ultimate               x48            -    359,952       -        359,952
    14  Chaos Core Set X 252               x1       745,092    745,500   +0.1%    187,866,251
    15  Chaos Core Set X 3                 x1       744,726    745,499   +0.1%      2,236,499
    16  Force Core(Highest                 x250           -    197,987       -        197,987
    17  Arionell                           x1    281,047,170 312,185,713  +10.0%    312,185,713
    18  Chaos Core Set X 291               x1       745,001    745,497   +0.1%    216,939,917
    19  Force Core(Highest                 x228           -    197,986       -        197,986
    28  Palladium Shoes (DM) Lalla         x1             -  1,220,000       -      1,220,000
    29  Palladium Suit (DM) + 1 Lalla      x1             - 33,000,000       -     33,000,000
    30  Palladium Gauntlet(WA) Lalla       x1             -  1,499,990       -      1,499,990
    item                               rows   units          listed
    Arionell                              1       1     312,185,713
    Armor Account bind Seal Stone         1       2     374,729,560
    Armor Account bind Unseal Stone       1       1     187,364,780
    Astral Core(Palladium)                1     762       1,167,378
    Blessing Bead - Superior              1       1     169,999,998
    Chaos Core                            1       1         748,363
    Chaos Core Set                        3     546     407,042,667
    Force Core (Ultimate                  4     312     112,305,311
    Force Core(High                       3     291      54,105,630
    Force Core(Highest                    2     478      94,637,558
    Palladium Gauntlet(WA) Lalla          1       1       1,499,990
    Palladium Shoes (DM) Lalla            1       1       1,220,000
    Palladium Suit (DM) + 1 Lalla         1       1      33,000,000
    Wexp Saver                            1       1      65,890,000
    board                                22   2,399   1,815,896,948
    balance now 1,576,272,011
  pass 7: 18 relisted, 9 empty, 0 skipped; 9950.3 minute(s) left

-- pass 8 --

  resupply order: Chaos Core, Force Core(High), Force Core(Highest), Upgrade Core (Ultimate), Force Core (Ultimate), Armor Account bind Unseal Stone, Armor Account bind Seal Stone, Blessing Bead - Superior

-- Chaos Core Set under our listing: up to 3 row(s) --
  Chaos Core Set 745,495 - Chaos Core 747,229 = -1,734
  ours is listed at 745,497 a Set and a Chaos Core sells at 747,229; buying every Set under 740,497, 5,000 a Set below the lower of the two
  the cheapest Chaos Core Set is 745,495 a Set, not under 740,497; nothing to buy under ours

  counting only rows 1-27; rows outside it are not repriced and do not count; 8 row(s) free
  core                            rows     buy/u    sell/u    margin  wants   short?
  Force Core(Highest)                2   195,000   197,986     2,986      0   
  Chaos Core                         3   747,229   745,495    -1,734      0   
  Force Core (Ultimate)              4         -         -         -      -   holds the most it can want, 3; not priced
  Force Core(High)                   3         -         -         -      -   holds the most it can want, 3; not priced
  Upgrade Core (Ultimate)            0   456,521   449,764    -6,757      0   

  nothing inside rows 1-27 holds fewer rows than its margin is worth.

  Armor Account bind Unseal Stone: 1 row(s) inside 1-27, 1 wanted; row 2 'Armor Account bind Unseal Stone'
    floor 187,364,780: 500/1000 of the 374,729,560 voucher, read at launch

  Armor Account bind Seal Stone: 1 row(s) inside 1-27, 1 wanted; row 3 'Armor Account bind Seal Stone'
    floor 187,364,780: 500/1000 of the 374,729,560 voucher, read at launch

  Blessing Bead - Superior: 1 row(s) inside 1-27, 1 wanted; row 1 'Blessing Bead - Superior'
    floor 163,756,817: 437/1000 of the 374,729,560 voucher, read at launch
    the quantity column read 'Superior', which holds no digits, so it is the end of the name and not a count; reading the row as 'Blessing Bead - Superior' and letting the panel count what is there
    one line read 'aa 1 169,999,998 OnSale Change'; read as stacked lines it is 'Blessing Bead - Superior 169,999,998 OnSale Change'
  tab 4 read from the screen in 1533 ms: 0 slot(s) held
  row 1: 'Blessing Bead - Superior' x1 at 169,999,998 -> tab 4 slot (1, 1)
    floor 163,756,817 from what it cost; listed at 169,999,998, above it
TASK {"kind": "relist", "row": 1, "item": "Blessing Bead - Superior", "qty": 1, "price": 169999998, "tab": 4, "slot": [1, 1], "lands_in": 1}
  inventory slot (1,1) at (1479, 236)
    read: current min 169,999,999, price field 169,999,999, net sales 169,999,999, week average 192,063,448, listed at 169,999,998
    the lowest listed price is 169,999,999, from the row and 3 more
    market 169,999,999, typing 169,999,998, 1 under the market
    net sales 169,999,998 is 1 x 169,999,998
  typed 250; the net sales make it 1
    the panel holds 169,999,998 against the 169,999,998 typed
  tab 4 read in 19 ms after the listing: 0 slot(s) held

  list 1 at 169,999,998
    #         ms   share  step
    1       17.4    0.3%  read the panel before loading
    2       14.9    0.3%  wait for slot (1,1) to fill
    3      813.8   14.3%  ctrl-click (1,1) attempt 1
    4      592.6   10.4%  read the suggested price
    5     1656.1   29.1%  type the price 169,999,998
    6      948.1   16.6%  type the quantity 250
    7      305.4    5.4%  take the quantity from the net sales
    8       92.2    1.6%  read the price back before Register
    9      315.6    5.5%  click Register
   10       92.1    1.6%  find Confirmation
   11       17.0    0.3%  look for the underprice question
   12      308.1    5.4%  click Confirmation
   13      250.7    4.4%  park
   14      237.4    4.2%  confirm the dialog is gone
   15       16.2    0.3%  wait for the panel to let the item go
   16       19.2    0.3%  read tab 4 after the listing
          5697.0  100.0%  TOTAL
  listed 1 at 169,999,998; it lands in row 1
DONE {"kind": "relist", "row": 1, "lands_in": 1, "qty": 1, "price": 169999998, "item": "Blessing Bead - Superior"}
    relisted 1 at 169,999,998 in row 1
  tab 4 known from the last listing: 0 slot(s) held
  row 2: 'Armor Account bind Unseal Stone' x1 at 187,364,780 -> tab 4 slot (1, 1)
    floor 187,364,780 from what it cost; listed at 187,364,780, above it
TASK {"kind": "relist", "row": 2, "item": "Armor Account bind Unseal Stone", "qty": 1, "price": 187364780, "tab": 4, "slot": [1, 1], "lands_in": 2}
  inventory slot (1,1) at (1479, 236)
    read: current min 186,500,000, price field 186,500,000, net sales 186,500,000, week average 192,114,171, listed at 187,364,780
    the lowest listed price is 186,500,000, from the row and 3 more
    market 186,499,999 is under the 187,364,780 floor (it is worth what it cost); listing at the floor
    market 186,500,000, typing 187,364,780, 864,780 over the market
    net sales 187,364,780 is 1 x 187,364,780
  typed 250; the net sales make it 1
    the panel holds 187,364,780 against the 187,364,780 typed
  tab 4 read in 20 ms after the listing: 0 slot(s) held

  list 1 at 187,364,780
    #         ms   share  step
    1       20.0    0.4%  read the panel before loading
    2       15.6    0.3%  wait for slot (1,1) to fill
    3      816.0   14.3%  ctrl-click (1,1) attempt 1
    4      589.7   10.4%  read the suggested price
    5     1654.0   29.0%  type the price 187,364,780
    6      946.2   16.6%  type the quantity 250
    7      304.7    5.3%  take the quantity from the net sales
    8       92.6    1.6%  read the price back before Register
    9      311.4    5.5%  click Register
   10       93.8    1.6%  find Confirmation
   11       18.7    0.3%  look for the underprice question
   12      308.1    5.4%  click Confirmation
   13      250.9    4.4%  park
   14      236.9    4.2%  confirm the dialog is gone
   15       16.1    0.3%  wait for the panel to let the item go
   16       20.5    0.4%  read tab 4 after the listing
          5695.1  100.0%  TOTAL
  listed 1 at 187,364,780; it lands in row 2
DONE {"kind": "relist", "row": 2, "lands_in": 2, "qty": 1, "price": 187364780, "item": "Armor Account bind Unseal Stone"}
    relisted 1 at 187,364,780 in row 2, 8 relist(s) on the floor now
  tab 4 known from the last listing: 0 slot(s) held
  row 3: 'Armor Account bind Seal Stone' x2 at 187,364,780 -> tab 4 slot (1, 1)
    floor 187,364,780 from what it cost; listed at 187,364,780, above it
TASK {"kind": "relist", "row": 3, "item": "Armor Account bind Seal Stone", "qty": 2, "price": 187364780, "tab": 4, "slot": [1, 1], "lands_in": 3}
  inventory slot (1,1) at (1479, 236)
    read: current min 186,500,000, price field 186,500,000, net sales 186,500,000, week average 190,073,428, listed at 187,364,780
    the lowest listed price is 186,500,000, from the row and 3 more
    market 186,499,999 is under the 187,364,780 floor (it is worth what it cost); listing at the floor
    market 186,500,000, typing 187,364,780, 864,780 over the market
    net sales 374,729,560 is 2 x 187,364,780
  typed 250; the net sales make it 2
    the panel holds 187,364,780 against the 187,364,780 typed
  tab 4 read in 19 ms after the listing: 0 slot(s) held

  list 2 at 187,364,780
    #         ms   share  step
    1       18.7    0.3%  read the panel before loading
    2       23.7    0.4%  wait for slot (1,1) to fill
    3      809.1   14.1%  ctrl-click (1,1) attempt 1
    4      591.8   10.3%  read the suggested price
    5     1651.4   28.8%  type the price 187,364,780
    6      950.0   16.6%  type the quantity 250
    7      312.9    5.5%  take the quantity from the net sales
    8       95.6    1.7%  read the price back before Register
    9      316.5    5.5%  click Register
   10       98.1    1.7%  find Confirmation
   11       17.7    0.3%  look for the underprice question
   12      308.3    5.4%  click Confirmation
   13      250.9    4.4%  park
   14      244.2    4.3%  confirm the dialog is gone
   15       17.7    0.3%  wait for the panel to let the item go
   16       19.4    0.3%  read tab 4 after the listing
          5725.9  100.0%  TOTAL
  listed 2 at 187,364,780; it lands in row 3
DONE {"kind": "relist", "row": 3, "lands_in": 3, "qty": 2, "price": 187364780, "item": "Armor Account bind Seal Stone"}
    relisted 2 at 187,364,780 in row 3, 8 relist(s) on the floor now
  tab 4 known from the last listing: 0 slot(s) held
  row 4: 'Force Core (Ultimate' x9 at 359,955 -> tab 4 slot (1, 1)
    floor 346,662 (346,662 x 1) from Force Core Set (Ultimate) as last bought; listed at 359,955, above it
TASK {"kind": "relist", "row": 4, "item": "Force Core (Ultimate", "qty": 9, "price": 359955, "tab": 4, "slot": [1, 1], "lands_in": 4}
  inventory slot (1,1) at (1479, 236)
    read: current min 359,949, price field 359,949, net sales 359,949, week average 411,299, listed at 359,955
    the lowest listed price is 359,949, from the row and 3 more
    market 359,949, typing 359,948, 1 under the market
    net sales 3,239,532 is 9 x 359,948
  typed 250; the net sales make it 9
    the panel holds 359,948 against the 359,948 typed
  tab 4 read in 21 ms after the listing: 0 slot(s) held

  list 9 at 359,948
    #         ms   share  step
    1       18.3    0.3%  read the panel before loading
    2       16.9    0.3%  wait for slot (1,1) to fill
    3      808.9   14.8%  ctrl-click (1,1) attempt 1
    4      579.3   10.6%  read the suggested price
    5     1448.1   26.5%  type the price 359,948
    6      946.2   17.3%  type the quantity 250
    7      300.5    5.5%  take the quantity from the net sales
    8       90.0    1.6%  read the price back before Register
    9      309.1    5.7%  click Register
   10       99.7    1.8%  find Confirmation
   11       16.4    0.3%  look for the underprice question
   12      309.0    5.7%  click Confirmation
   13      250.9    4.6%  park
   14      234.0    4.3%  confirm the dialog is gone
   15       19.9    0.4%  wait for the panel to let the item go
   16       20.6    0.4%  read tab 4 after the listing
          5467.8  100.0%  TOTAL
  listed 9 at 359,948; it lands in row 4
DONE {"kind": "relist", "row": 4, "lands_in": 4, "qty": 9, "price": 359948, "item": "Force Core (Ultimate"}
    relisted 9 at 359,948 in row 4
  tab 4 known from the last listing: 0 slot(s) held
  row 5: 'Astral Core(Palladium) X 127' x6 at 194,563 -> tab 4 slot (1, 1)
    no floor for 'Astral Core(Palladium) X 127'
TASK {"kind": "relist", "row": 5, "item": "Astral Core(Palladium) X 127", "qty": 6, "price": 194563, "tab": 4, "slot": [1, 1], "lands_in": 5}
  inventory slot (1,1) at (1479, 236)
    read: current min 194,564, price field 194,564, net sales 194,564, week average 199,771, listed at 194,563
    the lowest listed price is 194,564, from the row and 3 more
    market 194,564, typing 194,563, 1 under the market
    net sales 1,167,378 is 6 x 194,563
  typed 250; the net sales make it 6
    the panel holds 194,563 against the 194,563 typed
  tab 4 read in 21 ms after the listing: 0 slot(s) held

  list 6 at 194,563
    #         ms   share  step
    1       21.1    0.4%  read the panel before loading
    2       19.0    0.3%  wait for slot (1,1) to fill
    3      815.9   14.8%  ctrl-click (1,1) attempt 1
    4      592.8   10.7%  read the suggested price
    5     1448.3   26.2%  type the price 194,563
    6      946.4   17.1%  type the quantity 250
    7      305.2    5.5%  take the quantity from the net sales
    8       93.6    1.7%  read the price back before Register
    9      314.4    5.7%  click Register
   10      102.0    1.8%  find Confirmation
   11       17.2    0.3%  look for the underprice question
   12      310.6    5.6%  click Confirmation
   13      251.1    4.5%  park
   14      241.1    4.4%  confirm the dialog is gone
   15       19.8    0.4%  wait for the panel to let the item go
   16       21.2    0.4%  read tab 4 after the listing
          5519.7  100.0%  TOTAL
  listed 6 at 194,563; it lands in row 5
DONE {"kind": "relist", "row": 5, "lands_in": 5, "qty": 6, "price": 194563, "item": "Astral Core(Palladium) X 127"}
    relisted 6 at 194,563 in row 5
  tab 4 known from the last listing: 0 slot(s) held
  row 6: 'Force Core (Ultimate' x5 at 359,954 -> tab 4 slot (1, 1)
    floor 346,662 (346,662 x 1) from Force Core Set (Ultimate) as last bought; listed at 359,954, above it
TASK {"kind": "relist", "row": 6, "item": "Force Core (Ultimate", "qty": 5, "price": 359954, "tab": 4, "slot": [1, 1], "lands_in": 6}
  inventory slot (1,1) at (1479, 236)
    read: current min 359,948, price field 359,948, net sales 359,948, week average 411,299, listed at 359,954
    the lowest listed price is 359,948, from the row and 3 more
    market 359,948, typing 359,947, 1 under the market
    net sales 1,799,735 is 5 x 359,947
  typed 250; the net sales make it 5
    the panel holds 359,947 against the 359,947 typed
  tab 4 read in 24 ms after the listing: 0 slot(s) held

  list 5 at 359,947
    #         ms   share  step
    1       19.0    0.3%  read the panel before loading
    2       19.3    0.3%  wait for slot (1,1) to fill
    3      812.8   14.7%  ctrl-click (1,1) attempt 1
    4      588.2   10.7%  read the suggested price
    5     1449.3   26.3%  type the price 359,947
    6      945.6   17.1%  type the quantity 250
    7      306.9    5.6%  take the quantity from the net sales
    8       94.6    1.7%  read the price back before Register
    9      316.4    5.7%  click Register
   10       95.0    1.7%  find Confirmation
   11       18.1    0.3%  look for the underprice question
   12      312.3    5.7%  click Confirmation
   13      251.0    4.6%  park
   14      241.1    4.4%  confirm the dialog is gone
   15       20.8    0.4%  wait for the panel to let the item go
   16       24.3    0.4%  read tab 4 after the listing
          5514.6  100.0%  TOTAL
  listed 5 at 359,947; it lands in row 6
DONE {"kind": "relist", "row": 6, "lands_in": 6, "qty": 5, "price": 359947, "item": "Force Core (Ultimate"}
    relisted 5 at 359,947 in row 6
  tab 4 known from the last listing: 0 slot(s) held
  row 7: 'Force Core(High' x73 at 185,930 -> tab 4 slot (1, 1)
    floor 185,930 (185,930 x 1) from Force Core Set (High) as last bought; listed at 185,930, above it
TASK {"kind": "relist", "row": 7, "item": "Force Core(High", "qty": 73, "price": 185930, "tab": 4, "slot": [1, 1], "lands_in": 7}
  inventory slot (1,1) at (1479, 236)
    read: current min 183,999, price field 183,999, net sales 183,999, week average 199,396, listed at 185,930
    the lowest listed price is 183,999, from the row and 3 more
    market 183,998 is under the 185,930 floor (a Force Core Set (High) as last bought costs 185,930); listing at the floor
    market 183,999, typing 185,930, 1,931 over the market
    net sales 13,572,890 is 73 x 185,930
  typed 250; the net sales make it 73
    the panel holds 185,930 against the 185,930 typed
  tab 4 read in 19 ms after the listing: 0 slot(s) held

  list 73 at 185,930
    #         ms   share  step
    1       19.8    0.4%  read the panel before loading
    2       15.4    0.3%  wait for slot (1,1) to fill
    3      809.0   14.8%  ctrl-click (1,1) attempt 1
    4      579.9   10.6%  read the suggested price
    5     1441.9   26.4%  type the price 185,930
    6      946.5   17.4%  type the quantity 250
    7      304.9    5.6%  take the quantity from the net sales
    8       90.2    1.7%  read the price back before Register
    9      307.9    5.6%  click Register
   10       92.8    1.7%  find Confirmation
   11       15.6    0.3%  look for the underprice question
   12      303.9    5.6%  click Confirmation
   13      251.1    4.6%  park
   14      232.4    4.3%  confirm the dialog is gone
   15       22.8    0.4%  wait for the panel to let the item go
   16       19.1    0.4%  read tab 4 after the listing
          5453.3  100.0%  TOTAL
  listed 73 at 185,930; it lands in row 7
DONE {"kind": "relist", "row": 7, "lands_in": 7, "qty": 73, "price": 185930, "item": "Force Core(High"}
    relisted 73 at 185,930 in row 7, 8 relist(s) on the floor now
  tab 4 known from the last listing: 0 slot(s) held
  row 8: 'Force Core(High' x117 at 185,930 -> tab 4 slot (1, 1)
    floor 185,930 (185,930 x 1) from Force Core Set (High) as last bought; listed at 185,930, above it
TASK {"kind": "relist", "row": 8, "item": "Force Core(High", "qty": 117, "price": 185930, "tab": 4, "slot": [1, 1], "lands_in": 8}
  inventory slot (1,1) at (1479, 236)
    read: current min 183,999, price field 183,999, net sales 183,999, week average 199,396, listed at 185,930
    the lowest listed price is 183,999, from the row and 3 more
    market 183,998 is under the 185,930 floor (a Force Core Set (High) as last bought costs 185,930); listing at the floor
    market 183,999, typing 185,930, 1,931 over the market
    net sales 21,753,810 is 117 x 185,930
  typed 250; the net sales make it 117
    the panel holds 185,930 against the 185,930 typed
  tab 4 read in 20 ms after the listing: 0 slot(s) held

  list 117 at 185,930
    #         ms   share  step
    1       16.8    0.3%  read the panel before loading
    2       20.2    0.4%  wait for slot (1,1) to fill
    3      806.6   14.8%  ctrl-click (1,1) attempt 1
    4      580.3   10.6%  read the suggested price
    5     1447.5   26.6%  type the price 185,930
    6      945.7   17.4%  type the quantity 250
    7      303.6    5.6%  take the quantity from the net sales
    8       90.6    1.7%  read the price back before Register
    9      307.4    5.6%  click Register
   10       95.3    1.7%  find Confirmation
   11       15.5    0.3%  look for the underprice question
   12      303.5    5.6%  click Confirmation
   13      250.9    4.6%  park
   14      227.5    4.2%  confirm the dialog is gone
   15       18.2    0.3%  wait for the panel to let the item go
   16       20.1    0.4%  read tab 4 after the listing
          5449.7  100.0%  TOTAL
  listed 117 at 185,930; it lands in row 8
DONE {"kind": "relist", "row": 8, "lands_in": 8, "qty": 117, "price": 185930, "item": "Force Core(High"}
    relisted 117 at 185,930 in row 8, 8 relist(s) on the floor now
    the quantity column read 'Saver', which holds no digits, so it is the end of the name and not a count; reading the row as 'Wexp Saver' and letting the panel count what is there
  tab 4 known from the last listing: 0 slot(s) held
  row 9: 'Wexp Saver' x1 at 65,890,000 -> tab 4 slot (1, 1)
    the quantity column read 'Saver', which holds no digits, so it is the end of the name and not a count; reading the row as 'Wexp Saver' and letting the panel count what is there
    no floor for 'Wexp Saver'
TASK {"kind": "relist", "row": 9, "item": "Wexp Saver", "qty": 1, "price": 65890000, "tab": 4, "slot": [1, 1], "lands_in": 9}
  inventory slot (1,1) at (1479, 236)
    read: current min 62,626,260, price field 62,626,260, net sales 62,626,260, week average 63,911,720, listed at 65,890,000
    the lowest listed price is 62,626,260, from the row and 3 more
    the market asks 62,626,259, 3,263,741 under our 65,890,000; holding at 65,880,000, the most this row may fall in one relist
    market 62,626,260, typing 65,880,000, 3,253,740 over the market
    net sales 65,880,000 is 1 x 65,880,000
  typed 250; the net sales make it 1
    the panel holds 65,880,000 against the 65,880,000 typed
  tab 4 read in 20 ms after the listing: 0 slot(s) held

  list 1 at 65,880,000
    #         ms   share  step
    1       16.3    0.3%  read the panel before loading
    2       14.8    0.3%  wait for slot (1,1) to fill
    3      810.1   14.5%  ctrl-click (1,1) attempt 1
    4      595.3   10.6%  read the suggested price
    5     1582.9   28.3%  type the price 65,880,000
    6      947.3   16.9%  type the quantity 250
    7      302.2    5.4%  take the quantity from the net sales
    8       93.1    1.7%  read the price back before Register
    9      303.9    5.4%  click Register
   10       92.8    1.7%  find Confirmation
   11       15.7    0.3%  look for the underprice question
   12      308.4    5.5%  click Confirmation
   13      251.1    4.5%  park
   14      228.9    4.1%  confirm the dialog is gone
   15       15.7    0.3%  wait for the panel to let the item go
   16       19.8    0.4%  read tab 4 after the listing
          5598.1  100.0%  TOTAL
  listed 1 at 65,880,000; it lands in row 9
DONE {"kind": "relist", "row": 9, "lands_in": 9, "qty": 1, "price": 65880000, "item": "Wexp Saver"}
    relisted 1 at 65,880,000 in row 9
  tab 4 known from the last listing: 0 slot(s) held
  row 10: 'Chaos Core' x1 at 748,363 -> tab 4 slot (1, 1)
    floor 748,998 (748,998 x 1) from what it cost; listed at 748,363, UNDER the floor
TASK {"kind": "relist", "row": 10, "item": "Chaos Core", "qty": 1, "price": 748363, "tab": 4, "slot": [1, 1], "lands_in": 10}
    row 10 is the Chaos Core special row; listing at 654 under the market, no floor
  inventory slot (1,1) at (1479, 236)
    read: current min 747,229, price field 747,229, net sales 747,229, week average 717,087, listed at unread
    the lowest listed price is 747,229, from the row and 2 more
    market 747,229, typing 746,575, 654 under the market
    net sales 746,575 is 1 x 746,575
  typed 250; the net sales make it 1
    the panel holds 746,575 against the 746,575 typed
  tab 4 read in 19 ms after the listing: 0 slot(s) held

  list 1 at 746,575
    #         ms   share  step
    1       18.9    0.3%  read the panel before loading
    2       16.5    0.3%  wait for slot (1,1) to fill
    3      807.1   14.8%  ctrl-click (1,1) attempt 1
    4      576.1   10.6%  read the suggested price
    5     1440.2   26.5%  type the price 746,575
    6      946.4   17.4%  type the quantity 250
    7      299.3    5.5%  take the quantity from the net sales
    8       93.3    1.7%  read the price back before Register
    9      308.6    5.7%  click Register
   10       91.3    1.7%  find Confirmation
   11       18.2    0.3%  look for the underprice question
   12      303.2    5.6%  click Confirmation
   13      251.1    4.6%  park
   14      230.7    4.2%  confirm the dialog is gone
   15       18.8    0.3%  wait for the panel to let the item go
   16       19.4    0.4%  read tab 4 after the listing
          5439.0  100.0%  TOTAL
  listed 1 at 746,575; it lands in row 10
DONE {"kind": "relist", "row": 10, "lands_in": 10, "qty": 1, "price": 746575, "item": "Chaos Core"}
    relisted 1 at 746,575 in row 10
  tab 4 known from the last listing: 0 slot(s) held
  row 11: 'Force Core(High' x101 at 185,930 -> tab 4 slot (1, 1)
    floor 185,930 (185,930 x 1) from Force Core Set (High) as last bought; listed at 185,930, above it
TASK {"kind": "relist", "row": 11, "item": "Force Core(High", "qty": 101, "price": 185930, "tab": 4, "slot": [1, 1], "lands_in": 11}
  inventory slot (1,1) at (1479, 236)
    read: current min 183,999, price field 183,999, net sales 183,999, week average 199,396, listed at 185,930
    the lowest listed price is 183,999, from the row and 3 more
    market 183,998 is under the 185,930 floor (a Force Core Set (High) as last bought costs 185,930); listing at the floor
    market 183,999, typing 185,930, 1,931 over the market
    net sales 18,778,930 is 101 x 185,930
  typed 250; the net sales make it 101
    the panel holds 185,930 against the 185,930 typed
  tab 4 read in 20 ms after the listing: 0 slot(s) held

  list 101 at 185,930
    #         ms   share  step
    1       17.1    0.3%  read the panel before loading
    2       21.4    0.4%  wait for slot (1,1) to fill
    3      810.7   14.9%  ctrl-click (1,1) attempt 1
    4      571.2   10.5%  read the suggested price
    5     1439.5   26.4%  type the price 185,930
    6      948.5   17.4%  type the quantity 250
    7      307.2    5.6%  take the quantity from the net sales
    8       91.9    1.7%  read the price back before Register
    9      303.8    5.6%  click Register
   10       93.8    1.7%  find Confirmation
   11       19.8    0.4%  look for the underprice question
   12      307.3    5.6%  click Confirmation
   13      251.0    4.6%  park
   14      228.9    4.2%  confirm the dialog is gone
   15       16.5    0.3%  wait for the panel to let the item go
   16       20.3    0.4%  read tab 4 after the listing
          5448.8  100.0%  TOTAL
  listed 101 at 185,930; it lands in row 11
DONE {"kind": "relist", "row": 11, "lands_in": 11, "qty": 101, "price": 185930, "item": "Force Core(High"}
    relisted 101 at 185,930 in row 11, 8 relist(s) on the floor now
  tab 4 known from the last listing: 0 slot(s) held
  row 12: 'Force Core (Ultimate' x250 at 359,953 -> tab 4 slot (1, 1)
    floor 346,662 (346,662 x 1) from Force Core Set (Ultimate) as last bought; listed at 359,953, above it
TASK {"kind": "relist", "row": 12, "item": "Force Core (Ultimate", "qty": 250, "price": 359953, "tab": 4, "slot": [1, 1], "lands_in": 12}
  inventory slot (1,1) at (1479, 236)
    read: current min 359,947, price field 359,947, net sales 359,947, week average 411,299, listed at 359,953
    the lowest listed price is 359,947, from the row and 3 more
    market 359,947, typing 359,946, 1 under the market
    net sales 89,986,500 is 250 x 359,946
  typed 250; the net sales make it 250
    the panel holds 359,946 against the 359,946 typed
  tab 4 read in 20 ms after the listing: 0 slot(s) held

  list 250 at 359,946
    #         ms   share  step
    1       19.9    0.4%  read the panel before loading
    2       15.2    0.3%  wait for slot (1,1) to fill
    3      812.4   14.9%  ctrl-click (1,1) attempt 1
    4      580.4   10.6%  read the suggested price
    5     1439.1   26.4%  type the price 359,946
    6      945.4   17.3%  type the quantity 250
    7      304.8    5.6%  take the quantity from the net sales
    8       87.8    1.6%  read the price back before Register
    9      310.4    5.7%  click Register
   10       93.9    1.7%  find Confirmation
   11       18.5    0.3%  look for the underprice question
   12      308.8    5.7%  click Confirmation
   13      250.9    4.6%  park
   14      229.0    4.2%  confirm the dialog is gone
   15       15.8    0.3%  wait for the panel to let the item go
   16       20.4    0.4%  read tab 4 after the listing
          5452.6  100.0%  TOTAL
  listed 250 at 359,946; it lands in row 12
DONE {"kind": "relist", "row": 12, "lands_in": 12, "qty": 250, "price": 359946, "item": "Force Core (Ultimate"}
    relisted 250 at 359,946 in row 12
  tab 4 known from the last listing: 0 slot(s) held
  row 13: 'Force Core (Ultimate' x48 at 359,952 -> tab 4 slot (1, 1)
    floor 346,662 (346,662 x 1) from Force Core Set (Ultimate) as last bought; listed at 359,952, above it
TASK {"kind": "relist", "row": 13, "item": "Force Core (Ultimate", "qty": 48, "price": 359952, "tab": 4, "slot": [1, 1], "lands_in": 13}
  inventory slot (1,1) at (1479, 236)
    read: current min 359,946, price field 359,946, net sales 359,946, week average 411,299, listed at 359,952
    the lowest listed price is 359,946, from the row and 3 more
    market 359,946, typing 359,945, 1 under the market
    net sales 17,277,360 is 48 x 359,945
  typed 250; the net sales make it 48
    the panel holds 359,945 against the 359,945 typed
  tab 4 read in 20 ms after the listing: 0 slot(s) held

  list 48 at 359,945
    #         ms   share  step
    1       21.0    0.4%  read the panel before loading
    2       18.1    0.3%  wait for slot (1,1) to fill
    3      809.2   14.8%  ctrl-click (1,1) attempt 1
    4      583.9   10.7%  read the suggested price
    5     1444.7   26.4%  type the price 359,945
    6      946.6   17.3%  type the quantity 250
    7      311.2    5.7%  take the quantity from the net sales
    8       92.1    1.7%  read the price back before Register
    9      308.9    5.6%  click Register
   10       92.8    1.7%  find Confirmation
   11       20.3    0.4%  look for the underprice question
   12      308.2    5.6%  click Confirmation
   13      250.7    4.6%  park
   14      233.4    4.3%  confirm the dialog is gone
   15       20.2    0.4%  wait for the panel to let the item go
   16       20.0    0.4%  read tab 4 after the listing
          5481.4  100.0%  TOTAL
  listed 48 at 359,945; it lands in row 13
DONE {"kind": "relist", "row": 13, "lands_in": 13, "qty": 48, "price": 359945, "item": "Force Core (Ultimate"}
    relisted 48 at 359,945 in row 13
  tab 4 known from the last listing: 0 slot(s) held
  row 14: 'Chaos Core Set X 252' x1 at 187,866,251 -> tab 4 slot (1, 1)
    floor 187,763,184 (745,092 x 252) from what it cost; listed at 187,866,251, above it
TASK {"kind": "relist", "row": 14, "item": "Chaos Core Set X 252", "qty": 1, "price": 187866251, "tab": 4, "slot": [1, 1], "lands_in": 14}
  inventory slot (1,1) at (1479, 236)
    read: current min 187,864,488, price field 187,864,488, net sales 187,864,488, week average 183,478,176, listed at 187,866,251
    the lowest listed price is 187,864,488, from the row and 3 more
    market 187,864,488, typing 187,864,487, 1 under the market
    net sales 187,864,487 is 1 x 187,864,487
  typed 250; the net sales make it 1
    the panel holds 187,864,487 against the 187,864,487 typed
  tab 4 read in 20 ms after the listing: 0 slot(s) held

  list 1 at 187,864,487
    #         ms   share  step
    1       20.6    0.4%  read the panel before loading
    2       17.8    0.3%  wait for slot (1,1) to fill
    3      808.4   14.2%  ctrl-click (1,1) attempt 1
    4      596.7   10.5%  read the suggested price
    5     1656.5   29.1%  type the price 187,864,487
    6      947.0   16.6%  type the quantity 250
    7      307.6    5.4%  take the quantity from the net sales
    8       92.8    1.6%  read the price back before Register
    9      308.5    5.4%  click Register
   10       92.3    1.6%  find Confirmation
   11       16.4    0.3%  look for the underprice question
   12      308.3    5.4%  click Confirmation
   13      250.9    4.4%  park
   14      234.0    4.1%  confirm the dialog is gone
   15       19.9    0.3%  wait for the panel to let the item go
   16       19.8    0.3%  read tab 4 after the listing
          5697.3  100.0%  TOTAL
  listed 1 at 187,864,487; it lands in row 14
DONE {"kind": "relist", "row": 14, "lands_in": 14, "qty": 1, "price": 187864487, "item": "Chaos Core Set X 252"}
    relisted 1 at 187,864,487 in row 14
  tab 4 known from the last listing: 0 slot(s) held
  row 15: 'Chaos Core Set X 3' x1 at 2,236,499 -> tab 4 slot (1, 1)
    floor 2,234,178 (744,726 x 3) from what it cost; listed at 2,236,499, above it
TASK {"kind": "relist", "row": 15, "item": "Chaos Core Set X 3", "qty": 1, "price": 2236499, "tab": 4, "slot": [1, 1], "lands_in": 15}
  inventory slot (1,1) at (1479, 236)
    read: current min 2,236,479, price field 2,236,479, net sales 2,236,479, week average 2,184,264, listed at 2,236,499
    the lowest listed price is 2,236,479, from the row and 3 more
    market 2,236,479, typing 2,236,478, 1 under the market
    net sales 2,236,478 is 1 x 2,236,478
  typed 250; the net sales make it 1
    the panel holds 2,236,478 against the 2,236,478 typed
  tab 4 read in 20 ms after the listing: 0 slot(s) held

  list 1 at 2,236,478
    #         ms   share  step
    1       17.9    0.3%  read the panel before loading
    2       16.7    0.3%  wait for slot (1,1) to fill
    3      807.7   14.6%  ctrl-click (1,1) attempt 1
    4      576.7   10.4%  read the suggested price
    5     1512.6   27.3%  type the price 2,236,478
    6      945.7   17.1%  type the quantity 250
    7      303.4    5.5%  take the quantity from the net sales
    8       93.8    1.7%  read the price back before Register
    9      310.9    5.6%  click Register
   10       93.1    1.7%  find Confirmation
   11       20.0    0.4%  look for the underprice question
   12      307.8    5.6%  click Confirmation
   13      251.0    4.5%  park
   14      233.9    4.2%  confirm the dialog is gone
   15       20.1    0.4%  wait for the panel to let the item go
   16       20.2    0.4%  read tab 4 after the listing
          5531.6  100.0%  TOTAL
  listed 1 at 2,236,478; it lands in row 15
DONE {"kind": "relist", "row": 15, "lands_in": 15, "qty": 1, "price": 2236478, "item": "Chaos Core Set X 3"}
    relisted 1 at 2,236,478 in row 15
  tab 4 known from the last listing: 0 slot(s) held
  row 16: 'Force Core(Highest' x250 at 197,987 -> tab 4 slot (1, 1)
    floor 193,478 (193,478 x 1) from Force Core Set (Highest) as last bought; listed at 197,987, above it
TASK {"kind": "relist", "row": 16, "item": "Force Core(Highest", "qty": 250, "price": 197987, "tab": 4, "slot": [1, 1], "lands_in": 16}
  inventory slot (1,1) at (1479, 236)
    read: current min 197,984, price field 197,984, net sales 197,984, week average 213,123, listed at 197,987
    the lowest listed price is 197,984, from the row and 3 more
    market 197,984, typing 197,983, 1 under the market
    net sales 49,495,750 is 250 x 197,983
  typed 250; the net sales make it 250
    the panel holds 197,983 against the 197,983 typed
  tab 4 read in 20 ms after the listing: 0 slot(s) held

  list 250 at 197,983
    #         ms   share  step
    1       17.0    0.3%  read the panel before loading
    2       16.5    0.3%  wait for slot (1,1) to fill
    3      809.8   14.6%  ctrl-click (1,1) attempt 1
    4      654.3   11.8%  read the suggested price
    5     1441.5   26.0%  type the price 197,983
    6      945.8   17.0%  type the quantity 250
    7      313.0    5.6%  take the quantity from the net sales
    8       90.6    1.6%  read the price back before Register
    9      310.1    5.6%  click Register
   10       97.1    1.8%  find Confirmation
   11       15.8    0.3%  look for the underprice question
   12      312.6    5.6%  click Confirmation
   13      251.1    4.5%  park
   14      232.1    4.2%  confirm the dialog is gone
   15       20.0    0.4%  wait for the panel to let the item go
   16       20.4    0.4%  read tab 4 after the listing
          5547.7  100.0%  TOTAL
  listed 250 at 197,983; it lands in row 16
DONE {"kind": "relist", "row": 16, "lands_in": 16, "qty": 250, "price": 197983, "item": "Force Core(Highest"}
    relisted 250 at 197,983 in row 16
  tab 4 known from the last listing: 0 slot(s) held
  row 17: 'Arionell' x1 at 312,185,713 -> tab 4 slot (1, 1)
    floor 281,047,170 from what it cost; listed at 312,185,713, above it
TASK {"kind": "relist", "row": 17, "item": "Arionell", "qty": 1, "price": 312185713, "tab": 4, "slot": [1, 1], "lands_in": 17}
  inventory slot (1,1) at (1479, 236)
    read: current min 312,185,714, price field 312,185,714, net sales 312,185,714, week average 315,560,317, listed at 312,185,713
    the lowest listed price is 312,185,714, from the row and 3 more
    market 312,185,714, typing 312,185,713, 1 under the market
    net sales 312,185,713 is 1 x 312,185,713
  typed 250; the net sales make it 1
    the panel holds 312,185,713 against the 312,185,713 typed
  tab 4 read in 20 ms after the listing: 0 slot(s) held

  list 1 at 312,185,713
    #         ms   share  step
    1       17.5    0.3%  read the panel before loading
    2       16.9    0.3%  wait for slot (1,1) to fill
    3      808.9   14.2%  ctrl-click (1,1) attempt 1
    4      609.3   10.7%  read the suggested price
    5     1654.2   29.0%  type the price 312,185,713
    6      945.7   16.6%  type the quantity 250
    7      308.7    5.4%  take the quantity from the net sales
    8       91.7    1.6%  read the price back before Register
    9      308.2    5.4%  click Register
   10       98.7    1.7%  find Confirmation
   11       17.7    0.3%  look for the underprice question
   12      308.5    5.4%  click Confirmation
   13      251.0    4.4%  park
   14      232.9    4.1%  confirm the dialog is gone
   15       20.2    0.4%  wait for the panel to let the item go
   16       20.3    0.4%  read tab 4 after the listing
          5710.5  100.0%  TOTAL
  listed 1 at 312,185,713; it lands in row 17
DONE {"kind": "relist", "row": 17, "lands_in": 17, "qty": 1, "price": 312185713, "item": "Arionell"}
    relisted 1 at 312,185,713 in row 17
  tab 4 known from the last listing: 0 slot(s) held
  row 18: 'Chaos Core Set X 291' x1 at 216,939,917 -> tab 4 slot (1, 1)
    floor 216,795,291 (745,001 x 291) from what it cost; listed at 216,939,917, above it
TASK {"kind": "relist", "row": 18, "item": "Chaos Core Set X 291", "qty": 1, "price": 216939917, "tab": 4, "slot": [1, 1], "lands_in": 18}
  inventory slot (1,1) at (1479, 236)
    read: current min 216,937,881, price field 216,937,881, net sales 216,937,881, week average 211,873,608, listed at 216,939,917
    the lowest listed price is 216,937,881, from the row and 3 more
    market 216,937,881, typing 216,937,880, 1 under the market
    net sales 216,937,880 is 1 x 216,937,880
  typed 250; the net sales make it 1
    the panel holds 216,937,880 against the 216,937,880 typed
  tab 4 read in 20 ms after the listing: 0 slot(s) held

  list 1 at 216,937,880
    #         ms   share  step
    1       20.8    0.4%  read the panel before loading
    2       17.8    0.3%  wait for slot (1,1) to fill
    3      812.6   14.2%  ctrl-click (1,1) attempt 1
    4      592.4   10.4%  read the suggested price
    5     1656.7   29.0%  type the price 216,937,880
    6      951.0   16.6%  type the quantity 250
    7      307.3    5.4%  take the quantity from the net sales
    8       93.3    1.6%  read the price back before Register
    9      312.5    5.5%  click Register
   10       98.7    1.7%  find Confirmation
   11       18.1    0.3%  look for the underprice question
   12      312.1    5.5%  click Confirmation
   13      250.8    4.4%  park
   14      233.5    4.1%  confirm the dialog is gone
   15       20.2    0.4%  wait for the panel to let the item go
   16       20.3    0.4%  read tab 4 after the listing
          5718.2  100.0%  TOTAL
  listed 1 at 216,937,880; it lands in row 18
DONE {"kind": "relist", "row": 18, "lands_in": 18, "qty": 1, "price": 216937880, "item": "Chaos Core Set X 291"}
    relisted 1 at 216,937,880 in row 18
  tab 4 known from the last listing: 0 slot(s) held
  row 19: 'Force Core(Highest' x228 at 197,986 -> tab 4 slot (1, 1)
    floor 193,478 (193,478 x 1) from Force Core Set (Highest) as last bought; listed at 197,986, above it
TASK {"kind": "relist", "row": 19, "item": "Force Core(Highest", "qty": 228, "price": 197986, "tab": 4, "slot": [1, 1], "lands_in": 19}
  inventory slot (1,1) at (1479, 236)
    read: current min 197,983, price field 197,983, net sales 197,983, week average 213,123, listed at 197,986
    the lowest listed price is 197,983, from the row and 3 more
    market 197,983, typing 197,982, 1 under the market
    net sales 45,139,896 is 228 x 197,982
  typed 250; the net sales make it 228
    the panel holds 197,982 against the 197,982 typed
  tab 4 read in 21 ms after the listing: 0 slot(s) held

  list 228 at 197,982
    #         ms   share  step
    1       17.8    0.3%  read the panel before loading
    2       17.3    0.3%  wait for slot (1,1) to fill
    3      808.4   14.6%  ctrl-click (1,1) attempt 1
    4      650.6   11.8%  read the suggested price
    5     1442.3   26.1%  type the price 197,982
    6      944.3   17.1%  type the quantity 250
    7      302.3    5.5%  take the quantity from the net sales
    8       91.5    1.7%  read the price back before Register
    9      307.4    5.6%  click Register
   10       93.9    1.7%  find Confirmation
   11       17.1    0.3%  look for the underprice question
   12      308.3    5.6%  click Confirmation
   13      251.1    4.5%  park
   14      234.8    4.2%  confirm the dialog is gone
   15       18.3    0.3%  wait for the panel to let the item go
   16       20.6    0.4%  read tab 4 after the listing
          5526.0  100.0%  TOTAL
  listed 228 at 197,982; it lands in row 19
DONE {"kind": "relist", "row": 19, "lands_in": 19, "qty": 228, "price": 197982, "item": "Force Core(Highest"}
    relisted 228 at 197,982 in row 19
  row 20 is empty; nothing to relist
  row 21 is empty; nothing to relist
  row 22 is empty; nothing to relist
  row 23 is empty; nothing to relist
  row 24 is empty; nothing to relist
  row 25 is empty; nothing to relist
  row 26 is empty; nothing to relist
  row 27 is empty; nothing to relist

  relisting rows 1-27: 19 relisted, 8 empty, 0 skipped
    #          ms   share     n      each  phase
    1   105,784.6   46.2%    19   5,567.6  list it back
    2    71,437.6   31.2%    19   3,759.9  cancel the row and take it back
    3    20,152.1    8.8%    19   1,060.6  select inventory tab 4
    4    19,943.7    8.7%    27     738.7  scroll to the row and read it
    5     9,737.0    4.3%    27     360.6  Refresh the table
    6     1,532.7    0.7%     1   1,532.7  read tab 4 before the withdrawal
    7       335.0    0.1%    19      17.6  check the shop slot is empty
        228,922.8  100.0%

  returning the game to its default state
restoring the default state:
  Escape: window closed
  Inventory already closed
  the gift box at [284, 994]
  Receive All at [1209, 786]
  Receive 1 of 4 at [1214, 327]
  Receive 2 of 4 at [1214, 425]
  Receive 3 of 4 at [1214, 523]
  Receive 4 of 4 at [1214, 621]
  the special giftbox's Receive at [1438, 492]
  Close at [1483, 846]
  took 4 gift(s)
  the Agent Shop is shut and the vendor is not open either; reopening it
  Inventory shut: slot grid 0.09, needs 0.33

  board after pass 8:
                                                   bought/u   listed/u  margin      row price
     1  Blessing Bead - Superior           x1    163,756,817 169,999,998   +3.7%    169,999,998
     2  Armor Account bind Unseal Stone    x1    187,364,780 187,364,780   +0.0%    187,364,780
     3  Armor Account bind Seal Stone      x2    187,364,780 187,364,780   +0.0%    187,364,780
     4  Force Core (Ultimate               x9             -    359,948       -        359,948
     5  Astral Core(Palladium) X 127       x6             -      1,531       -        194,563
     6  Force Core (Ultimate               x5             -    359,947       -        359,947
     7  Force Core(High                    x73            -    185,930       -        185,930
     8  Force Core(High                    x117           -    185,930       -        185,930
     9  Wexp Saver                         x1             - 65,880,000       -     65,880,000
    10  Chaos Core                         x1       748,998    746,575   -0.3%        746,575
    11  Force Core(High                    x101           -    185,930       -        185,930
    12  Force Core (Ultimate               x250           -    359,946       -        359,946
    13  Force Core (Ultimate               x48            -    359,945       -        359,945
    14  Chaos Core Set X 252               x1       745,092    745,493   +0.1%    187,864,487
    15  Chaos Core Set X 3                 x1       744,726    745,492   +0.1%      2,236,478
    16  Force Core(Highest                 x250           -    197,983       -        197,983
    17  Arionell                           x1    281,047,170 312,185,713  +10.0%    312,185,713
    18  Chaos Core Set X 291               x1       745,001    745,490   +0.1%    216,937,880
    19  Force Core(Highest                 x228           -    197,982       -        197,982
    28  Palladium Shoes (DM) Lalla         x1             -  1,220,000       -      1,220,000
    29  Palladium Suit (DM) + 1 Lalla      x1             - 33,000,000       -     33,000,000
    30  Palladium Gauntlet(WA) Lalla       x1             -  1,499,990       -      1,499,990
    item                               rows   units          listed
    Arionell                              1       1     312,185,713
    Armor Account bind Seal Stone         1       2     374,729,560
    Armor Account bind Unseal Stone       1       1     187,364,780
    Astral Core(Palladium)                1     762       1,167,378
    Blessing Bead - Superior              1       1     169,999,998
    Chaos Core                            1       1         746,575
    Chaos Core Set                        3     546     407,038,845
    Force Core (Ultimate                  4     312     112,303,127
    Force Core(High                       3     291      54,105,630
    Force Core(Highest                    2     478      94,635,646
    Palladium Gauntlet(WA) Lalla          1       1       1,499,990
    Palladium Shoes (DM) Lalla            1       1       1,220,000
    Palladium Suit (DM) + 1 Lalla         1       1      33,000,000
    Wexp Saver                            1       1      65,880,000
    board                                22   2,399   1,815,877,242
    balance now 1,576,272,011
  pass 8: 19 relisted, 8 empty, 0 skipped; 9945.8 minute(s) left

-- pass 9 --

  resupply order: Chaos Core, Force Core(High), Force Core(Highest), Upgrade Core (Ultimate), Force Core (Ultimate), Armor Account bind Unseal Stone, Armor Account bind Seal Stone, Blessing Bead - Superior

-- Chaos Core Set under our listing: up to 3 row(s) --
  Chaos Core Set 745,490 - Chaos Core 717,087 = 28,403
  ours is listed at 745,490 a Set and a Chaos Core sells at 717,087; buying every Set under 712,087, 5,000 a Set below the lower of the two
  the cheapest Chaos Core Set is 745,490 a Set, not under 712,087; nothing to buy under ours

  counting only rows 1-27; rows outside it are not repriced and do not count; 8 row(s) free
  core                            rows     buy/u    sell/u    margin  wants   short?
  Force Core(Highest)                2   195,000   197,982     2,982      0   
  Chaos Core                         3   717,087   745,490    28,403      6   YES
  Force Core (Ultimate)              4         -         -         -      -   holds the most it can want, 3; not priced
  Force Core(High)                   3         -         -         -      -   holds the most it can want, 3; not priced
  Upgrade Core (Ultimate)            0   456,521   449,761    -6,760      0   
  Alz 1,576,272,011 held covers 2,198 Chaos Core at 717,087; buying what it covers

-- Chaos Core: 3 row(s) --
  8 row(s) free inside 1-27
  Chaos Core Set 745,490 - Chaos Core 717,087 = 28,403
  a margin of 28,403 is worth 6 row(s) of Chaos Core; 3 held
  buy_min 150 rolled to 160 (+/-15); buying 162 in whole batches of 3
  1 stays behind on every row bought; an order 10 step(s) down with nothing spare takes the row it is on whole, and the next order leaves 1 behind again; each order prices the favourite afresh, then wheels down, up to 30 step(s)
  every order takes all of the row it lands on, up to 999 held, and the orders stop once 162 is held
TASK {"kind": "resupply", "core": "Chaos Core", "set": "Chaos Core Set", "slot": 3, "tab": 4}
  0/162 Chaos Core held
  row 1 offers 'Chaos Core' x1 at 717,087 (717,087/unit)

  buy from favourite slot 3: REFUSED
    #         ms   share  step
    1        0.3    0.0%  get_price: focus the game
    2       96.9    4.0%  get_price: _trade_window_open (OCR 1300x190)
    3      111.2    4.5%  get_price: purchase_tab_showing
    4      175.6    7.2%  get_price: read row 1 before the search
    5      310.2   12.7%  get_price: click favourite slot 3
    6       89.3    3.6%  get_price: confirm the sort
    7      429.2   17.5%  get_price: poll row 1 until it answers (2 read(s))
    8     1238.1   50.5%  get_price: search the favourite and read row 1
          2450.9  100.0%  TOTAL
  row 1 holds 1 and 1 stays behind, so there is nothing spare to take here.
  wheeled 1 notch(es) down the offers, from row 2 at (500, 313)
  row 1 offers 'Chaos Core' x1 at 717,087 (717,087/unit)

  buy from favourite slot 3: REFUSED
    #         ms   share  step
    1        0.5    0.1%  get_price: focus the game
    2       98.8   10.4%  get_price: _trade_window_open (OCR 1300x190)
    3      111.2   11.7%  get_price: purchase_tab_showing
    4      262.9   27.8%  get_price: read row 1 where it stands
    5      473.5   50.0%  get_price: search the favourite and read row 1
           946.9  100.0%  TOTAL
  row 1 holds 1 and 1 stays behind, so there is nothing spare to take here.
  wheeled 1 notch(es) down the offers, from row 2 at (500, 313)
  row 1 offers 'Chaos Core' x1 at 744,864 (744,864/unit)

  buy from favourite slot 3: REFUSED
    #         ms   share  step
    1        0.3    0.0%  get_price: focus the game
    2       94.2    9.9%  get_price: _trade_window_open (OCR 1300x190)
    3      112.0   11.8%  get_price: purchase_tab_showing
    4      268.4   28.3%  get_price: read row 1 where it stands
    5      475.0   50.0%  get_price: search the favourite and read row 1
           950.0  100.0%  TOTAL
  row 1 holds 1 and 1 stays behind, so there is nothing spare to take here.
  wheeled 1 notch(es) down the offers, from row 2 at (500, 313)
  row 1 offers 'Chaos Core' x1 at 745,478 (745,478/unit)

  buy from favourite slot 3: REFUSED
    #         ms   share  step
    1        0.3    0.0%  get_price: focus the game
    2       98.5   10.3%  get_price: _trade_window_open (OCR 1300x190)
    3      112.8   11.8%  get_price: purchase_tab_showing
    4      265.6   27.8%  get_price: read row 1 where it stands
    5      477.4   50.0%  get_price: search the favourite and read row 1
           954.7  100.0%  TOTAL
  row 1 holds 1 and 1 stays behind, so there is nothing spare to take here.
  wheeled 1 notch(es) down the offers, from row 2 at (500, 313)
  row 1 offers 'Chaos Core' x1 at 746,024 (746,024/unit)

  buy from favourite slot 3: REFUSED
    #         ms   share  step
    1        0.4    0.0%  get_price: focus the game
    2       98.4   10.3%  get_price: _trade_window_open (OCR 1300x190)
    3      111.0   11.7%  get_price: purchase_tab_showing
    4      265.6   27.9%  get_price: read row 1 where it stands
    5      475.5   50.0%  get_price: search the favourite and read row 1
           950.8  100.0%  TOTAL
  row 1 holds 1 and 1 stays behind, so there is nothing spare to take here.
  wheeled 1 notch(es) down the offers, from row 2 at (500, 313)
  row 1 offers 'Chaos Core' x1 at 746,575 (746,575/unit)

  buy from favourite slot 3: REFUSED
    #         ms   share  step
    1        0.4    0.0%  get_price: focus the game
    2       96.2   10.0%  get_price: _trade_window_open (OCR 1300x190)
    3      110.9   11.6%  get_price: purchase_tab_showing
    4      272.1   28.4%  get_price: read row 1 where it stands
    5      479.7   50.0%  get_price: search the favourite and read row 1
           959.3  100.0%  TOTAL
  row 1 holds 1 and 1 stays behind, so there is nothing spare to take here.
  wheeled 1 notch(es) down the offers, from row 2 at (500, 313)
  row 1 offers 'Chaos Core' x60 at 747,229 (747,229/unit)

  buy from favourite slot 3: REFUSED
    #         ms   share  step
    1        0.4    0.0%  get_price: focus the game
    2       99.7   11.8%  get_price: _trade_window_open (OCR 1300x190)
    3      111.4   13.1%  get_price: purchase_tab_showing
    4      212.1   25.0%  get_price: read row 1 where it stands
    5      423.6   50.0%  get_price: search the favourite and read row 1
           847.2  100.0%  TOTAL
  stopping: row 1 asks 747,229 and the core sells at 745,490, a gap of -1,739 against the 10,000 wanted. Nothing bought.
  nothing bought; not opening the craft window.

  Armor Account bind Unseal Stone: 1 row(s) inside 1-27, 1 wanted; row 2 'Armor Account bind Unseal Stone'
    floor 187,364,780: 500/1000 of the 374,729,560 voucher, read at launch

  Armor Account bind Seal Stone: 1 row(s) inside 1-27, 1 wanted; row 3 'Armor Account bind Seal Stone'
    floor 187,364,780: 500/1000 of the 374,729,560 voucher, read at launch

  Blessing Bead - Superior: 1 row(s) inside 1-27, 1 wanted; row 1 'Blessing Bead - Superior'
    floor 163,756,817: 437/1000 of the 374,729,560 voucher, read at launch
    the quantity column read 'Superior', which holds no digits, so it is the end of the name and not a count; reading the row as 'Blessing Bead - Superior' and letting the panel count what is there
    one line read 'aa 1 169,999,998 OnSale Change'; read as stacked lines it is 'Blessing Bead - Superior 169,999,998 OnSale Change'
  tab 4 read from the screen in 1521 ms: 0 slot(s) held
  row 1: 'Blessing Bead - Superior' x1 at 169,999,998 -> tab 4 slot (1, 1)
    floor 163,756,817 from what it cost; listed at 169,999,998, above it
TASK {"kind": "relist", "row": 1, "item": "Blessing Bead - Superior", "qty": 1, "price": 169999998, "tab": 4, "slot": [1, 1], "lands_in": 1}
  inventory slot (1,1) at (1479, 236)
    read: current min 169,999,999, price field 169,999,999, net sales 169,999,999, week average 192,063,448, listed at 169,999,998
    the lowest listed price is 169,999,999, from the row and 3 more
    market 169,999,999, typing 169,999,998, 1 under the market
    net sales 169,999,998 is 1 x 169,999,998
  typed 250; the net sales make it 1
    the panel holds 169,999,998 against the 169,999,998 typed
  tab 4 read in 20 ms after the listing: 0 slot(s) held

  list 1 at 169,999,998
    #         ms   share  step
    1       18.6    0.3%  read the panel before loading
    2       17.6    0.3%  wait for slot (1,1) to fill
    3      808.7   14.2%  ctrl-click (1,1) attempt 1
    4      605.6   10.6%  read the suggested price
    5     1658.2   29.0%  type the price 169,999,998
    6      946.9   16.6%  type the quantity 250
    7      303.2    5.3%  take the quantity from the net sales
    8       92.3    1.6%  read the price back before Register
    9      308.4    5.4%  click Register
   10       98.4    1.7%  find Confirmation
   11       18.7    0.3%  look for the underprice question
   12      312.0    5.5%  click Confirmation
   13      250.7    4.4%  park
   14      235.2    4.1%  confirm the dialog is gone
   15       18.2    0.3%  wait for the panel to let the item go
   16       20.1    0.4%  read tab 4 after the listing
          5712.8  100.0%  TOTAL
  listed 1 at 169,999,998; it lands in row 1
DONE {"kind": "relist", "row": 1, "lands_in": 1, "qty": 1, "price": 169999998, "item": "Blessing Bead - Superior"}
    relisted 1 at 169,999,998 in row 1
  tab 4 known from the last listing: 0 slot(s) held
  row 2: 'Armor Account bind Unseal Stone' x1 at 187,364,780 -> tab 4 slot (1, 1)
    floor 187,364,780 from what it cost; listed at 187,364,780, above it
TASK {"kind": "relist", "row": 2, "item": "Armor Account bind Unseal Stone", "qty": 1, "price": 187364780, "tab": 4, "slot": [1, 1], "lands_in": 2}
  inventory slot (1,1) at (1479, 236)
    read: current min 186,500,000, price field 186,500,000, net sales 186,500,000, week average 192,114,171, listed at 187,364,780
    the lowest listed price is 186,500,000, from the row and 3 more
    market 186,499,999 is under the 187,364,780 floor (it is worth what it cost); listing at the floor
    market 186,500,000, typing 187,364,780, 864,780 over the market
    net sales 187,364,780 is 1 x 187,364,780
  typed 250; the net sales make it 1
    the panel holds 187,364,780 against the 187,364,780 typed
  tab 4 read in 20 ms after the listing: 0 slot(s) held

  list 1 at 187,364,780
    #         ms   share  step
    1       19.2    0.3%  read the panel before loading
    2       18.6    0.3%  wait for slot (1,1) to fill
    3      809.3   14.2%  ctrl-click (1,1) attempt 1
    4      593.2   10.4%  read the suggested price
    5     1653.0   29.0%  type the price 187,364,780
    6      946.8   16.6%  type the quantity 250
    7      307.5    5.4%  take the quantity from the net sales
    8       95.0    1.7%  read the price back before Register
    9      310.5    5.5%  click Register
   10       94.5    1.7%  find Confirmation
   11       17.9    0.3%  look for the underprice question
   12      308.8    5.4%  click Confirmation
   13      250.8    4.4%  park
   14      231.5    4.1%  confirm the dialog is gone
   15       17.2    0.3%  wait for the panel to let the item go
   16       20.3    0.4%  read tab 4 after the listing
          5694.2  100.0%  TOTAL
  listed 1 at 187,364,780; it lands in row 2
DONE {"kind": "relist", "row": 2, "lands_in": 2, "qty": 1, "price": 187364780, "item": "Armor Account bind Unseal Stone"}
    relisted 1 at 187,364,780 in row 2, 9 relist(s) on the floor now
  tab 4 known from the last listing: 0 slot(s) held
  row 3: 'Armor Account bind Seal Stone' x2 at 187,364,780 -> tab 4 slot (1, 1)
    floor 187,364,780 from what it cost; listed at 187,364,780, above it
TASK {"kind": "relist", "row": 3, "item": "Armor Account bind Seal Stone", "qty": 2, "price": 187364780, "tab": 4, "slot": [1, 1], "lands_in": 3}
  inventory slot (1,1) at (1479, 236)
    read: current min 186,500,000, price field 186,500,000, net sales 186,500,000, week average 190,073,428, listed at 187,364,780
    the lowest listed price is 186,500,000, from the row and 3 more
    market 186,499,999 is under the 187,364,780 floor (it is worth what it cost); listing at the floor
    market 186,500,000, typing 187,364,780, 864,780 over the market
    net sales 374,729,560 is 2 x 187,364,780
  typed 250; the net sales make it 2
    the panel holds 187,364,780 against the 187,364,780 typed
  tab 4 read in 20 ms after the listing: 0 slot(s) held

  list 2 at 187,364,780
    #         ms   share  step
    1       19.4    0.3%  read the panel before loading
    2       26.1    0.5%  wait for slot (1,1) to fill
    3      810.1   14.1%  ctrl-click (1,1) attempt 1
    4      593.2   10.4%  read the suggested price
    5     1655.8   28.9%  type the price 187,364,780
    6      953.7   16.7%  type the quantity 250
    7      312.9    5.5%  take the quantity from the net sales
    8       94.4    1.6%  read the price back before Register
    9      318.3    5.6%  click Register
   10       95.1    1.7%  find Confirmation
   11       19.7    0.3%  look for the underprice question
   12      308.0    5.4%  click Confirmation
   13      251.1    4.4%  park
   14      232.5    4.1%  confirm the dialog is gone
   15       16.7    0.3%  wait for the panel to let the item go
   16       20.0    0.3%  read tab 4 after the listing
          5726.8  100.0%  TOTAL
  listed 2 at 187,364,780; it lands in row 3
DONE {"kind": "relist", "row": 3, "lands_in": 3, "qty": 2, "price": 187364780, "item": "Armor Account bind Seal Stone"}
    relisted 2 at 187,364,780 in row 3, 9 relist(s) on the floor now
  tab 4 known from the last listing: 0 slot(s) held
  row 4: 'Force Core (Ultimate' x9 at 359,948 -> tab 4 slot (1, 1)
    floor 346,662 (346,662 x 1) from Force Core Set (Ultimate) as last bought; listed at 359,948, above it
TASK {"kind": "relist", "row": 4, "item": "Force Core (Ultimate", "qty": 9, "price": 359948, "tab": 4, "slot": [1, 1], "lands_in": 4}
  inventory slot (1,1) at (1479, 236)
    read: current min 359,945, price field 359,945, net sales 359,945, week average 411,299, listed at 359,948
    the lowest listed price is 359,945, from the row and 3 more
    market 359,945, typing 359,944, 1 under the market
    net sales 3,239,496 is 9 x 359,944
  typed 250; the net sales make it 9
    the panel holds 359,994 against the 359,944 typed
  STOPPED: 359,944 was typed but the panel shows 359,994; the two must match before anything is registered. Nothing has been listed.

9 pass(es), 137 relisted, 52 empty, 0 skipped in 3321s (24244 ms a row)

PROFIT THIS RUN -- what this run bought: sold lots at what they made, unsold lots at the price they were bought against
  item                              profit   units  margin        revenue           cost
  Chaos Core Set X 183           4,817,741     745    0.9%    558,877,531    554,059,790
  ------------------------------------------------------------------------------------
  SOLD                           4,817,741     745    0.9%    558,877,531    554,059,790
  bought this run and still unsold, taken as sold at the price each lot was bought against:
    chaoscore                        331 core(s)     244,979,919 Alz paid    +3,485,424
  ------------------------------------------------------------------------------------
  RUN CLOSED                     8,303,165   (4,817,741 realised, +3,485,424 assumed)
  started 00:44:46, ended 01:46:11, ran for 1h 1m 25s

##################################################################################

  ########  ##########    ######    ########    ########    ##########  ########  
  ########  ##########    ######    ########    ########    ##########  ########  
##              ##      ##      ##  ##      ##  ##      ##  ##          ##      ##
##              ##      ##      ##  ##      ##  ##      ##  ##          ##      ##
##              ##      ##      ##  ##      ##  ##      ##  ##          ##      ##
##              ##      ##      ##  ##      ##  ##      ##  ##          ##      ##
  ######        ##      ##      ##  ########    ########    ########    ##      ##
  ######        ##      ##      ##  ########    ########    ########    ##      ##
        ##      ##      ##      ##  ##          ##          ##          ##      ##
        ##      ##      ##      ##  ##          ##          ##          ##      ##
        ##      ##      ##      ##  ##          ##          ##          ##      ##
        ##      ##      ##      ##  ##          ##          ##          ##      ##
########        ##        ######    ##          ##          ##########  ########  
########        ##        ######    ##          ##          ##########  ########  

##################################################################################
  stopped: 359,944 was typed but the panel shows 359,994; the two must match before anything is registered. Nothing has been listed.

