2026-09-25_143648  C:\Users\Trung\Cabal\src_1080p\driver.py --config trung
  logging to C:\Users\Trung\Cabal\src_1080p\logs\2026-09-25_143648_run.log
  code 4881c7c
  screen 1920x1080
  ledger C:\Users\Trung\Cabal\src_1080p\sales.db run 2026-09-25T14:36:48
  debug frames -> C:\Users\Trung\Cabal\src_1080p\debug_frames\2026-09-25_143648_run, indexed in frames.jsonl; earlier runs' frames are kept until the 5,000-frame budget needs the room
  press Ctrl 4 times within 1.5s to stop, from the game or anywhere else
  measuring this screen before touching anything
inventory:
  Inventory shut; pressing I (attempt 1)
  Alz box (1783, 688, 1860, 700)   anchor (1860, 688)
  grid fitted in (1221, 23, 1920, 661): pitch 56.0x56.1 against a shared 73.3x73.4, slot (1,1) at 1475,236, scores 67 and 55
  tab I [1454, 181]  tab VIII [1826, 181]
  slot (1,1) [1475, 236]  (1,7) [1811, 236]  (8,8) [1867, 629]
gift box:
  the gift box at [284, 994]
  Receive at [[1214, 327], [1214, 425], [1214, 523], [1214, 621]]; the gifts on offer are read again each time the box is collected
  Receive All at [1209, 786]
  the special giftbox's Receive at [1438, 492]
  Close at [1483, 846]
cash shop:
  the Cash Shop icon at [348, 994]
  the Cash balance box [1134, 826, 1230, 848] reads 300
  the gem box [930, 826, 1060, 848] reads 49
  Useable at [844, 168]
    'Blessing Bead - Superior' is where it was measured, 0 notch(es) down the Useable tab
  Blessing Bead - Superior at 350 Cash; Purchase at [739, 520]
  49 gem(s) held and Blessing Bead - Superior costs 350; the game opens no confirmation for that, so it is not measured this launch
    'Force Gem Package' is where it was measured, 0 notch(es) down the Useable tab
  Force Gem Package at 500 Cash; Purchase at [739, 750]
  300 Cash held and Force Gem Package costs 500; the game opens no confirmation for that, so it is not measured this launch
    'Armor Account bind Seal Stone' is where it was measured, 13 notch(es) down the Useable tab
  Armor Account bind Seal Stone at 500 Cash; Purchase at [739, 750]
  300 Cash held and Armor Account bind Seal Stone costs 500; the game opens no confirmation for that, so it is not measured this launch
    'Armor Account bind Unseal Stone' is where it was measured, 13 notch(es) down the Useable tab
  Armor Account bind Unseal Stone at 500 Cash; Purchase at [1050, 750]
  300 Cash held and Armor Account bind Unseal Stone costs 500; the game opens no confirmation for that, so it is not measured this launch
  Escape to close the Cash Shop (attempt 1)
  the Inventory closed with the Cash Shop; opening it again
  Inventory shut; pressing I (attempt 1)
opening the Agent Shop:
  tab 6 at [1719, 181]
  right-clicking slot (1,7) at [1811, 236]
agent shop:
  Register (288, 80)
  Purchase [96, 80]  (mirrored about the boundary at x=192)
  favourites: 10 found, pitch 42.00px, first [480, 755] last [858, 755]
  favourite row set on an even 42px grid from 480: [480, 522, 564, 606, 648, 690, 732, 774, 816, 858]
purchase tab:
  switching to the Purchase tab at (96, 80)
  sort reads 'IC \\V/ \\V/ »Eal y Price:High to' -> region [622, 135, 752, 167]
  running favourite 1 at (480, 755) to fill the table (attempt 1/10)
  offers arrived after 0.1s
  row content [232, 231, 870, 285] -> 'Force Core(Highest) 2 199,989 Buy'
    name      [232, 231, 554, 285]  -> 'Force Core(Highest)'
    qty       [556, 231, 646, 285]  -> '2'
    price     [654, 231, 782, 285]  -> '199,989'
    function  [782, 231, 874, 285]  -> 'Buy'
  Buy column x=828, 8 row(s), pitch 54px
  row 1 centre y=258, box [192, 231, 922, 285]
register table:
  button column (786, 144, 884, 722)
  Register table: 10 row(s), pitch 58px, row 1 y=175, row 10 y=697
  table_x [192, 880], scroll point [231, 233]
  Refresh at [833, 752]
market prices:
  Force Core(Highest)              199,989
  Force Core Set (Highest)         195,482
  Chaos Core                       748,999
  Chaos Core Set                   750,638
  Force Core (Ultimate)            383,843
  Force Core Set (Ultimate)        374,843
  Force Core(High)                 184,992
  Force Core Set (High)            184,184
  Upgrade Core (Ultimate)          536,733
  Upgrade Core Set (Ultimate)      469,773
voucher:
  a Gold voucher costs 374,729,560
register panel:
  price field [32, 408, 188, 436] (click [112, 425])
  quantity box [37, 472, 188, 500] (click [59, 486])
  2 suggested price row(s) at y [358, 384]
  net sales box [37, 574, 188, 602]
  Register button at [131, 754]
actions:
  scrolled to the top, so position 1 is row 1
  tab 4 slot (1,1) is the first free one; a withdrawal lands there
  row 1 is 'aa 1 169,999,997 OnSale Change'
  Change at (831, 175)
  Cancel at (1101, 634)
  Confirmation at (968, 634)
  row 1 now reads ''
  back to inventory tab 4 at (1613, 181); the withdrawal moves the panel to whichever tab it landed on
  listing it back from tab 4 slot (1, 1) at (1475, 236)
  the loaded item shows at (103, 220) in the Register Item box
  panel suggests 169,999,998; listing at 169,999,997, the price row 1 was withdrawn at
  typed 250; the net sales make it 1
  listed 1 at 169,999,997; it lands in the lowest empty row
  learned button_cancel, button_confirmation, button_register, item_point
actions at position 10:
  scrolled to the top, so position 10 is row 10
  tab 4 slot (1,1) is the first free one; a withdrawal lands there
  row 10 is 'Force Core(Highest) 166 200,936 On Sale Change'
  Change at (831, 697)
  Cancel at (1101, 634)
  Confirmation at (968, 634)
  row 10 now reads 'Premium Exclusive Slot Register'
  back to inventory tab 4 at (1613, 181); the withdrawal moves the panel to whichever tab it landed on
  listing it back from tab 4 slot (1, 1) at (1475, 236)
  the loaded item shows at (102, 220) in the Register Item box
  panel suggests 199,989; listing at 200,936, the price row 10 was withdrawn at
  typed 250; the net sales make it 166
  listed 166 at 200,936; it lands in the lowest empty row
  learned button_cancel, button_confirmation, button_register, item_point
conversion vendor:
  pressing N to open the vendor Shop (attempt 1)
  Dungeon tab at (143, 158)
  the grid took 9 look(s) to draw all 4 rows
  grid band (163, 770, 413, 946): 5 column(s) at [187, 235, 284, 328, 377], 4 row(s) at [792, 839, 874, 931]
    Force Core(Low)              <- Force Core Set (Low)           r2c1 at (187, 839)
    Force Core(Medium)           <- Force Core Set (Medium)        r2c2 at (235, 839)
    Force Core(High)             <- Force Core Set (High)          r2c3 at (284, 839)
    Force Core(Highest)          <- Force Core Set (Highest)       r2c4 at (328, 839)
    Force Core (Ultimate)        <- Force Core Set (Ultimate)      r2c5 at (377, 839)
    Upgrade Core(Low)            <- Upgrade Core Set (Low)         r4c1 at (187, 931)
    Upgrade Core(Medium)         <- Upgrade Core Set (Medium)      r4c2 at (235, 931)
    Upgrade Core(High)           <- Upgrade Core Set (High)        r4c3 at (284, 931)
    Upgrade Core(Highest)        <- Upgrade Core Set (Highest)     r4c4 at (328, 931)
    Upgrade Core (Ultimate)      <- Upgrade Core Set (Ultimate)    r4c5 at (377, 931)
craft window:
  Inventory shut; pressing I (attempt 1)
  right-clicking the craft key on tab 6 slot (1, 8) at (1867, 236)
  recipe Chaos Core Set x3 at [146, 268]
  tier 2000-2999 at [90, 209]
  Request All at [263, 730]
  Complete All at [872, 729]
  material counter [420, 448, 750, 522]

wrote C:\Users\Trung\Cabal\src_1080p\calibration.json  [1920x1080]
  resolutions in the file: ['1920x1080', '2560x1440']
  kept 3 value(s) this pass does not measure in shop: button_receive, buy_button_buy, buy_button_cancel
  kept 15 value(s) this pass does not measure in cashshop: cancel, ok, purchase_arionell, purchase_epicboosterhighest, purchase_sienasunbindingstone, purchase_yekaterinavipmembership, scroll_arionell, scroll_armoraccountbindsealstone, scroll_armoraccountbindunsealstone, scroll_blessingbeadsuperior, scroll_epicboosterhighest, scroll_forcegempackage, scroll_sienasunbindingstone, scroll_yekaterinavipmembership, window
reopening the Agent Shop the caller was promised:
  Inventory shut; pressing I (attempt 1)
  the Agent Shop is open again
  calibrated for 1920x1080, measured 2026-09-25T14:38:18, shop open
  server clock 23:38 (+59s for the unshown seconds)
  server 23:38:59; the next war quiet runs 01:29:00 to 01:34:59, in 110.0 min
  scrolled to the top; row 1 is at position 1
                                                   bought/u   listed/u  margin      row price
    the quantity column read 'Superior', which holds no digits, so it is the end of the name and not a count; reading the row as 'Blessing Bead - Superior' and letting the panel count what is there
    one line read 'serene wbéee 1 169,999,997 OnSale Change'; read as stacked lines it is 'Blessing Bead - Superior 169,999,997 OnSale Change'
     1  Blessing Bead - Superior           x1    163,756,817 169,999,997   +3.7%    169,999,997
     2  Armor Account bind Unseal Stone    x1    187,364,780 187,364,780   +0.0%    187,364,780
     3  Armor Account bind Seal Stone      x2    187,364,780 187,364,780   +0.0%    187,364,780
     4  Force Core (Ultimate               x64            -    383,844       -        383,844
     5  Arionell                           x1    281,047,170 306,185,713   +8.2%    306,185,713
     6  Upgrade Core (Ultimate             x15            -    536,738       -        536,738
     7  Force Core (Ultimate               x225           -    383,844       -        383,844
     8  Force Core(Highest                 x166           -    200,936       -        200,936
    11  Force Core(Highest                 x250           -    200,935       -        200,935
    12  Force Core(Highest                 x136           -    200,934       -        200,934
    the quantity column read 'il', which holds no digits, so it is the end of the name and not a count; reading the row as 'Palladium Headpiece(BL) il' and letting the panel count what is there
    13  Palladium Headpiece(BL) (anal (ana x1             -  2,399,998       -      2,399,998
    the quantity column read 'il', which holds no digits, so it is the end of the name and not a count; reading the row as 'Palladium Headgear(FB) il' and letting the panel count what is there
    14  Palladium Headgear(FB) Lalla       x1             -    988,999       -        988,999
    the quantity column read 'il', which holds no digits, so it is the end of the name and not a count; reading the row as 'Palladium Headgear(FA) il' and letting the panel count what is there
    15  Palladium Headgear(FA) (anal (anal x1             -  9,950,000       -      9,950,000
    the quantity column read 'il', which holds no digits, so it is the end of the name and not a count; reading the row as 'Palladium Boots(FA) il' and letting the panel count what is there
    16  Palladium Boots(FA) Lalla          x2             -  1,349,999       -      1,349,999
    the quantity column read 'il', which holds no digits, so it is the end of the name and not a count; reading the row as 'Palladium Shoes(W1) il' and letting the panel count what is there
    17  Palladium Shoes(W1) Lalla          x2             -    749,998       -        749,998
    the quantity column read 'il', which holds no digits, so it is the end of the name and not a count; reading the row as 'Palladium Coat (FG) il' and letting the panel count what is there
    18  Palladium Coat (FG) Lalla          x1             -    999,998       -        999,998
    19  Chaos Core Set X 291               x1             -    750,650       -    218,439,440
    21  Chaos Core Set X 249               x1             -    750,646       -    186,911,102
    22  Chaos Core Set X 267               x1             -    750,645       -    200,422,481
    23  Upgrade Core (Ultimate             x54            -    536,740       -        536,740
    24  Chaos Core Set X 252               x1             -    750,644       -    189,162,539
    25  Force Core(High                    x250           -    184,993       -        184,993
    26  Force Core(High                    x86            -    184,992       -        184,992
    the quantity column read 'il', which holds no digits, so it is the end of the name and not a count; reading the row as 'Archridium Suit (DM) il' and letting the panel count what is there
    28  Archridium Suit (DM) Lalla         x1             -  1,685,749       -      1,685,749
    the quantity column read 'il', which holds no digits, so it is the end of the name and not a count; reading the row as 'Palladium Suit (DM) + 1 il' and letting the panel count what is there
    30  Palladium Suit (DM) + 1 Lalla      x1             - 33,000,000       -     33,000,000
  scrolled to the top; row 1 is at position 1
  seeded 25 of rows 1-30

-- Chaos Core special row 1 of 1: 1 at 500 to 700 under the market --
  1 stays behind on every row bought; an order 10 step(s) down with nothing spare takes the row it is on whole, and the next order leaves 1 behind again; each order prices the favourite afresh, then wheels down, up to 30 step(s)
TASK {"kind": "resupply", "core": "Chaos Core", "slot": 3, "tab": 4, "landing": [1, 1], "special": true}
  row 1 offers 'Chaos Core' x21 at 748,999 (748,999/unit)
    balance before 544,200,481
    row 1 holds 21, 1 stays behind, so at most 20 comes off it
    dialog: '¢ Chaos Core'  qty 1 of 21  price 748999
    1 core(s) wanted, 1 to a pack -> 1 pack(s); 21 available, taking 1
    the quantity field already reads 1; not retyping it
    ordering 1 pack(s) at 748,999; the spend will confirm what actually bought
    balance after  543,451,482; spent 748,999 bought 1 pack(s) = 1 core(s) (748,999 a core)

  buy from favourite slot 3: bought 1 core(s) in 1 order(s)
    #         ms   share  step
    1        0.7    0.0%  get_price: focus the game
    2      105.6    1.4%  get_price: _trade_window_open (OCR 1300x190)
    3      186.3    2.5%  get_price: purchase_tab_showing
    4     1417.0   19.2%  get_price: click the Purchase tab + settle
    5       20.1    0.3%  get_price: read row 1 before the search
    6      316.2    4.3%  get_price: click favourite slot 3
    7       91.7    1.2%  get_price: confirm the sort
    8      364.1    4.9%  get_price: poll row 1 until it answers (9 read(s))
    9     2528.4   34.3%  get_price: search the favourite and read row 1
   10      314.7    4.3%  select inventory tab 4
   11       97.0    1.3%  read the balance before buying
   12      365.1    5.0%  click the row at (500, 258)
   13      316.8    4.3%  click Buy at (828, 258)
   14       92.9    1.3%  await the Purchase dialog
   15      303.2    4.1%  read the dialog (item, price, qty, qty_max)
   16       90.0    1.2%  find the Buy button
   17      317.9    4.3%  click Buy
   18      251.0    3.4%  park
   19       93.4    1.3%  confirm the dialog is gone
   20       99.8    1.4%  read the balance after buying
          7371.8  100.0%  TOTAL
    tab 4 slot (1, 1) is held for 'Chaos Core'; it frees when something is listed from it
  the Chaos Core landed in tab 4 slot (1, 1)
TASK {"kind": "resupply", "core": "Chaos Core", "slot": 3, "tab": 4, "landing": [1, 1], "step": "list", "holding": "Chaos Core", "qty": 1, "special": true}
  inventory slot (1,1) at (1475, 236)
    read: current min 748,367, price field 748,367, net sales 748,367, week average 717,087, listed at unread
    the lowest listed price is 748,367, from the row and 2 more
    market 748,367, typing 747,867, 500 under the market
    net sales 747,867 is 1 x 747,867
  typed 250; the net sales make it 1
    the panel holds 747,867 against the 747,867 typed
  tab 4 read in 28 ms after the listing: 0 slot(s) held

  list 1 at 747,867
    #         ms   share  step
    1       20.4    0.4%  read the panel before loading
    2      818.3   14.4%  ctrl-click (1,1) attempt 1
    3      688.0   12.1%  read the suggested price
    4     1453.7   25.6%  type the price 747,867
    5      956.6   16.8%  type the quantity 250
    6      320.8    5.6%  take the quantity from the net sales
    7      102.6    1.8%  read the price back before Register
    8      320.7    5.6%  click Register
    9       99.6    1.8%  find Confirmation
   10       20.4    0.4%  look for the underprice question
   11      322.4    5.7%  click Confirmation
   12      250.8    4.4%  park
   13      252.1    4.4%  confirm the dialog is gone
   14       23.9    0.4%  wait for the panel to let the item go
   15       27.8    0.5%  read tab 4 after the listing
          5678.2  100.0%  TOTAL
  listed 1 at 747,867; it lands in row 9
  the Chaos Core special row is listed at 747,867 in row 9
DONE {"kind": "resupply", "core": "Chaos Core", "bought": 1, "listed": 1, "rows": [9], "special": true}
relisting rows 1-27 for 10000 minute(s)

-- pass 1 --

  resupply order: Chaos Core, Force Core(High), Force Core(Highest), Upgrade Core (Ultimate), Force Core (Ultimate), Armor Account bind Unseal Stone, Armor Account bind Seal Stone, Blessing Bead - Superior

-- Chaos Core Set under our listing: up to 3 row(s) --
  Chaos Core Set 749,749 - Chaos Core 747,867 = 1,882
  ours is listed at 750,644 a Set and a Chaos Core sells at 747,867; buying every Set under 742,867, 5,000 a Set below the lower of the two
  the cheapest Chaos Core Set is 749,749 a Set, not under 742,867; nothing to buy under ours

  counting only rows 1-27; rows outside it are not repriced and do not count; 3 row(s) free
  core                            rows     buy/u    sell/u    margin  wants   short?
  Force Core(Highest)                3         -         -         -      -   holds the most it can want, 3; not priced
  Chaos Core                         4   747,867   749,749     1,882      0   
  Force Core (Ultimate)              2   374,843   383,843     9,000      3   YES
  Force Core(High)                   2   184,184   184,992       808      0   
  Upgrade Core (Ultimate)            2   469,773   536,733    66,960      3   YES
  Alz 543,451,482 held covers 1,156 Upgrade Core Set (Ultimate) at 469,773; buying what it covers

-- Upgrade Core (Ultimate): 2 row(s) --
  3 row(s) free inside 1-27; a resupply needs up to 2
  Upgrade Core (Ultimate) 536,733 - Upgrade Core Set (Ultimate) 469,773 = 66,960
  a margin of 66,960 is worth 3 row(s) of Upgrade Core (Ultimate); 2 held
  tab 4 is showing and free from (1, 1), so the Upgrade Core Set (Ultimate) and the Upgrade Core (Ultimate) land there
TASK {"kind": "resupply", "core": "Upgrade Core (Ultimate)", "set": "Upgrade Core Set (Ultimate)", "slot": 9, "tab": 4, "landing": [1, 1]}
  0/200 Upgrade Core Set (Ultimate) held
  row 1 offers 'Upgrade Core Set (Ultimate) X 20' x1 at 9,395,460 (469,773/unit)
    row 1 leaves 66,960 a core against the 5,000 wanted
    balance before 543,451,482
    dialog: '* Upgrade Core Set (Ultimate) X 2'  qty 1 of 1  price 9395460
    200 core(s) wanted, 20 to a pack -> 10 pack(s); 1 available, taking 1
    the quantity field already reads 1; not retyping it
    ordering 1 pack(s) at 9,395,460; the spend will confirm what actually bought
    balance after  534,056,022; spent 9,395,460 bought 1 pack(s) = 20 core(s) (469,773 a core)

  buy from favourite slot 10: bought 20 core(s) in 1 order(s)
    #         ms   share  step
    1        0.4    0.0%  get_price: focus the game
    2      107.3    1.5%  get_price: _trade_window_open (OCR 1300x190)
    3      120.5    1.6%  get_price: purchase_tab_showing
    4      190.0    2.6%  get_price: read row 1 before the search
    5      316.9    4.3%  get_price: click favourite slot 10
    6       96.2    1.3%  get_price: confirm the sort
    7     1621.7   22.2%  get_price: poll row 1 until it answers (8 read(s))
    8     2479.4   33.9%  get_price: search the favourite and read row 1
    9      315.5    4.3%  select inventory tab 4
   10      101.9    1.4%  read the balance before buying
   11      367.7    5.0%  click the row at (500, 258)
   12      317.6    4.3%  click Buy at (828, 258)
   13       98.1    1.3%  await the Purchase dialog
   14      326.9    4.5%  read the dialog (item, price, qty, qty_max)
   15       90.5    1.2%  find the Buy button
   16      318.8    4.4%  click Buy
   17      251.1    3.4%  park
   18       96.8    1.3%  confirm the dialog is gone
   19       97.2    1.3%  read the balance after buying
          7314.4  100.0%  TOTAL
  20/200 Upgrade Core Set (Ultimate) held
  row 1 offers 'Upgrade Core Set (Ultimate) X 999' x1 at 469,303,227 (469,773/unit)
    row 1 leaves 66,960 a core against the 5,000 wanted

  buy from favourite slot 10: REFUSED
    #         ms   share  step
    1        0.4    0.0%  get_price: focus the game
    2      103.9    9.7%  get_price: _trade_window_open (OCR 1300x190)
    3      114.6   10.7%  get_price: purchase_tab_showing
    4      316.3   29.5%  get_price: read row 1 where it stands
    5      535.2   50.0%  get_price: search the favourite and read row 1
          1070.4  100.0%  TOTAL
  row 1 bundles 999 and only 480 more fit under the 500 limit with 20 held; a bundle cannot be split, so this offer is skipped.
  wheeled 1 notch(es) down the offers, from row 2 at (500, 312)
  20/200 Upgrade Core Set (Ultimate) held
  row 1 offers 'Upgrade Core Set (Ultimate) X 999' x1 at 469,303,227 (469,773/unit)
    row 1 leaves 66,960 a core against the 5,000 wanted

  buy from favourite slot 10: REFUSED
    #         ms   share  step
    1        0.6    0.1%  get_price: focus the game
    2      107.1    9.9%  get_price: _trade_window_open (OCR 1300x190)
    3      120.9   11.2%  get_price: purchase_tab_showing
    4      311.5   28.8%  get_price: read row 1 where it stands
    5      540.1   50.0%  get_price: search the favourite and read row 1
          1080.2  100.0%  TOTAL
  row 1 bundles 999 and only 480 more fit under the 500 limit with 20 held; a bundle cannot be split, so this offer is skipped.
  wheeled 1 notch(es) down the offers, from row 2 at (500, 312)
  20/200 Upgrade Core Set (Ultimate) held
  row 1 offers 'Upgrade Core Set (Ultimate) X 999' x3 at 469,303,257 (469,773/unit)
    row 1 leaves 66,960 a core against the 5,000 wanted

  buy from favourite slot 10: REFUSED
    #         ms   share  step
    1        0.6    0.1%  get_price: focus the game
    2      105.1    9.7%  get_price: _trade_window_open (OCR 1300x190)
    3      122.9   11.4%  get_price: purchase_tab_showing
    4      311.9   28.8%  get_price: read row 1 where it stands
    5      540.5   50.0%  get_price: search the favourite and read row 1
          1081.0  100.0%  TOTAL
  row 1 bundles 999 and only 480 more fit under the 500 limit with 20 held; a bundle cannot be split, so this offer is skipped.
  wheeled 1 notch(es) down the offers, from row 2 at (500, 312)
  20/200 Upgrade Core Set (Ultimate) held
  row 1 offers 'Upgrade Core Set (Ultimate) X 999' x2 at 470,000,000 (470,470/unit)
    row 1 leaves 66,263 a core against the 5,000 wanted

  buy from favourite slot 10: REFUSED
    #         ms   share  step
    1        0.5    0.0%  get_price: focus the game
    2      108.2   10.1%  get_price: _trade_window_open (OCR 1300x190)
    3      117.3   10.9%  get_price: purchase_tab_showing
    4      311.8   29.0%  get_price: read row 1 where it stands
    5      537.8   50.0%  get_price: search the favourite and read row 1
          1075.6  100.0%  TOTAL
  row 1 bundles 999 and only 480 more fit under the 500 limit with 20 held; a bundle cannot be split, so this offer is skipped.
  5 offer(s) considered and no more fit; leaving Upgrade Core Set (Ultimate) at 20 of 200
  bought 20 of the 200 wanted.
TASK {"kind": "resupply", "core": "Upgrade Core (Ultimate)", "set": "Upgrade Core Set (Ultimate)", "slot": 9, "tab": 4, "step": "convert", "holding": "Upgrade Core Set (Ultimate)", "qty": 20, "price": 469773}

  -- round 1: convert up to 250, then list -- 20 of 20 left --
  pressing N to open the vendor Shop (attempt 1)
  4x5 at (377, 931): Upgrade Core Set (Ultimate) -> Upgrade Core (Ultimate)
    dialog offers '* Upgrade Core (Ultimate)'
    typed 250; the dialog clamps it to what is held
    inventory tab 4 holds 2 slot(s) and is showing, so the Upgrade Core (Ultimate) lands there

  convert into Upgrade Core (Ultimate)
    #         ms   share  step
    1      794.9   23.5%  alt-click the cell at (377, 931)
    2      101.4    3.0%  await the Purchase Item dialog
    3      102.7    3.0%  read what the dialog offers
    4      703.2   20.8%  type the quantity 250
    5      914.7   27.0%  select inventory tab 4
    6       23.9    0.7%  read tab 4 before converting
    7      318.8    9.4%  click OK
    8      251.1    7.4%  park
    9      173.7    5.1%  read tab 4 after converting
          3384.2  100.0%  TOTAL
    Upgrade Core (Ultimate) arrived; one convert is one stack of at most 250, so it is in (1, 3), the slot free before it
TASK {"kind": "resupply", "core": "Upgrade Core (Ultimate)", "set": "Upgrade Core Set (Ultimate)", "slot": 9, "tab": 4, "step": "list", "holding": "Upgrade Core (Ultimate)", "qty": 20, "price": 469773}
  the Agent Shop is shut after the vendor; reopening it
  Inventory shut: slot grid 0.09, needs 0.33
  listing Upgrade Core (Ultimate) from 1 slot(s), (1, 3) to (1, 3)
  inventory slot (1,3) at (1587, 236)
    read: current min 536,732, price field unread, net sales unread, week average unread, listed at unread
    only 1 of the three price places read; 3 must agree before anything is typed
    read: current min 536,732, price field 536,732, net sales 536,732, week average 466,479, listed at unread
    the lowest listed price is 536,732, from the row and 2 more
    nothing said what 'Upgrade Core (Ultimate)' should fetch; its own market says 536,733
    market 536,732, typing 536,731, 1 under the market
    net sales 10,734,620 is 20 x 536,731
  typed 250; the net sales make it 20
    the panel holds 536,731 against the 536,731 typed
  tab 4 read in 24 ms after the listing: 0 slot(s) held

  list 20 at 536,731
    #         ms   share  step
    1       19.8    0.3%  read the panel before loading
    2       19.2    0.3%  wait for slot (1,3) to fill
    3      823.3   13.9%  ctrl-click (1,3) attempt 1
    4      902.5   15.3%  read the suggested price
    5     1459.2   24.7%  type the price 536,731
    6      957.9   16.2%  type the quantity 250
    7      325.6    5.5%  take the quantity from the net sales
    8       99.4    1.7%  read the price back before Register
    9      318.7    5.4%  click Register
   10      102.8    1.7%  find Confirmation
   11       22.2    0.4%  look for the underprice question
   12      318.3    5.4%  click Confirmation
   13      251.0    4.2%  park
   14      251.2    4.2%  confirm the dialog is gone
   15       22.4    0.4%  wait for the panel to let the item go
   16       24.3    0.4%  read tab 4 after the listing
          5917.6  100.0%  TOTAL
  listed 20 at 536,731; it lands in row 10
    'Upgrade Core (Ultimate)' was bought at 469,773 a unit and listed against a verified 536,732; a row of it with no cost of its own is floored at 469,773 from now on
TASK {"kind": "resupply", "core": "Upgrade Core (Ultimate)", "set": "Upgrade Core Set (Ultimate)", "slot": 9, "tab": 4, "step": "convert", "holding": "Upgrade Core Set (Ultimate)", "qty": 0, "price": 469773}
DONE {"kind": "resupply", "core": "Upgrade Core (Ultimate)", "bought": 20, "listed": 20, "rows": [10]}

  resupply Upgrade Core (Ultimate): bought 20, 1 slot(s) filled, listed 20 in rows [10]
    #          ms   share     n      each  phase
    1     5,923.9   18.1%     1   5,923.9  round 1: list Upgrade Core (Ultimate) from (1, 3)
    2     4,943.2   15.1%     1   4,943.2  round 1: reopen the Agent Shop
    3     4,871.7   14.9%     1   4,871.7  buy order 1
    4     3,680.4   11.3%     1   3,680.4  round 1: convert into Upgrade Core (Ultimate)
    5     2,274.2    7.0%     1   2,274.2  round 1: select the Register tab
    6     1,765.8    5.4%     1   1,765.8  round 1: open the vendor
    7     1,371.5    4.2%     1   1,371.5  price Upgrade Core Set (Ultimate)
    8     1,310.7    4.0%     1   1,310.7  price Upgrade Core (Ultimate)
    9     1,230.2    3.8%     1   1,230.2  round 1: close the Agent Shop
   10     1,096.7    3.4%     1   1,096.7  find the free slot on tab 4
   11       916.4    2.8%     1     916.4  round 1: select inventory tab 4
   12       541.4    1.7%     1     541.4  buy order 4
   13       541.1    1.7%     1     541.1  buy order 3
   14       538.6    1.6%     1     538.6  buy order 5
   15       536.2    1.6%     1     536.2  buy order 2
   16       371.5    1.1%     1     371.5  step down to the next offer (3)
   17       371.4    1.1%     1     371.4  step down to the next offer (2)
   18       371.4    1.1%     1     371.4  step down to the next offer (4)
         32,656.4  100.0%
  Upgrade Core (Ultimate): 3 of 3 row(s) after that one
  Alz 534,056,022 held covers 1,424 Force Core Set (Ultimate) at 374,843; buying what it covers

-- Force Core (Ultimate): 2 row(s) --
  2 row(s) free inside 1-27; a resupply needs up to 2
  Force Core (Ultimate) 383,843 - Force Core Set (Ultimate) 374,843 = 9,000
  a margin of 9,000 is worth 3 row(s) of Force Core (Ultimate); 2 held
  tab 4 is showing and free from (1, 1), so the Force Core Set (Ultimate) and the Force Core (Ultimate) land there
TASK {"kind": "resupply", "core": "Force Core (Ultimate)", "set": "Force Core Set (Ultimate)", "slot": 5, "tab": 4, "landing": [1, 1]}
  0/200 Force Core Set (Ultimate) held
  row 1 offers 'Force Core Set (Ultimate) X 1' x12 at 374,843 (374,843/unit)
    row 1 leaves 9,000 a core against the 5,000 wanted
    balance before 534,056,022
    dialog: '* Force Core Set (Ultimate) X 1'  qty 1 of 12  price 374843
    200 core(s) wanted, 1 to a pack -> 200 pack(s); 12 available, taking 12
    ordering 12 pack(s) at 4,498,116; the spend will confirm what actually bought
    balance after  529,557,906; spent 4,498,116 bought 12 pack(s) = 12 core(s) (374,843 a core)

  buy from favourite slot 6: bought 12 core(s) in 12 order(s)
    #         ms   share  step
    1        0.4    0.0%  get_price: focus the game
    2      104.0    1.2%  get_price: _trade_window_open (OCR 1300x190)
    3      152.6    1.7%  get_price: purchase_tab_showing
    4     1422.9   16.2%  get_price: click the Purchase tab + settle
    5       23.0    0.3%  get_price: read row 1 before the search
    6      311.4    3.5%  get_price: click favourite slot 6
    7       99.5    1.1%  get_price: confirm the sort
    8      410.5    4.7%  get_price: poll row 1 until it answers (9 read(s))
    9     2547.3   28.9%  get_price: search the favourite and read row 1
   10      321.1    3.6%  select inventory tab 4
   11      104.8    1.2%  read the balance before buying
   12      371.9    4.2%  click the row at (500, 258)
   13      318.5    3.6%  click Buy at (828, 258)
   14      100.3    1.1%  await the Purchase dialog
   15      325.8    3.7%  read the dialog (item, price, qty, qty_max)
   16     1332.2   15.1%  click the quantity field and type 12
   17       94.0    1.1%  find the Buy button
   18      316.1    3.6%  click Buy
   19      251.1    2.9%  park
   20       94.8    1.1%  confirm the dialog is gone
   21       98.7    1.1%  read the balance after buying
          8800.7  100.0%  TOTAL
  12/200 Force Core Set (Ultimate) held
  row 1 offers 'Force Core Set (Ultimate) X 3' x1 at 1,124,529 (374,843/unit)
    row 1 leaves 9,000 a core against the 5,000 wanted
    balance before 529,557,906
    dialog: '* Force Core Set (Ultimate) X 3'  qty 1 of 1  price 1124529
    188 core(s) wanted, 3 to a pack -> 63 pack(s); 1 available, taking 1
    the quantity field already reads 1; not retyping it
    ordering 1 pack(s) at 1,124,529; the spend will confirm what actually bought
    balance after  528,433,377; spent 1,124,529 bought 1 pack(s) = 3 core(s) (374,843 a core)

  buy from favourite slot 6: bought 3 core(s) in 1 order(s)
    #         ms   share  step
    1        0.5    0.0%  get_price: focus the game
    2      108.1    3.1%  get_price: _trade_window_open (OCR 1300x190)
    3      118.6    3.4%  get_price: purchase_tab_showing
    4      314.9    9.1%  get_price: read row 1 where it stands
    5      542.1   15.7%  get_price: search the favourite and read row 1
    6      316.6    9.2%  select inventory tab 4
    7       98.9    2.9%  read the balance before buying
    8      366.9   10.6%  click the row at (500, 258)
    9      316.3    9.2%  click Buy at (828, 258)
   10       95.5    2.8%  await the Purchase dialog
   11      327.3    9.5%  read the dialog (item, price, qty, qty_max)
   12       89.0    2.6%  find the Buy button
   13      317.7    9.2%  click Buy
   14      251.3    7.3%  park
   15       94.3    2.7%  confirm the dialog is gone
   16       97.9    2.8%  read the balance after buying
          3455.9  100.0%  TOTAL
  15/200 Force Core Set (Ultimate) held
  row 1 offers 'Force Core Set (Ultimate) X 6' x1 at 2,249,058 (374,843/unit)
    row 1 leaves 9,000 a core against the 5,000 wanted
    balance before 528,433,377
    dialog: '* Force Core Set (Ultimate) X 6'  qty 1 of 1  price 2249058
    185 core(s) wanted, 6 to a pack -> 31 pack(s); 1 available, taking 1
    the quantity field already reads 1; not retyping it
    ordering 1 pack(s) at 2,249,058; the spend will confirm what actually bought
    balance after  526,184,319; spent 2,249,058 bought 1 pack(s) = 6 core(s) (374,843 a core)

  buy from favourite slot 6: bought 6 core(s) in 1 order(s)
    #         ms   share  step
    1        0.4    0.0%  get_price: focus the game
    2      107.8    3.1%  get_price: _trade_window_open (OCR 1300x190)
    3      120.5    3.5%  get_price: purchase_tab_showing
    4      313.7    9.0%  get_price: read row 1 where it stands
    5      542.4   15.6%  get_price: search the favourite and read row 1
    6      320.4    9.2%  select inventory tab 4
    7      102.8    3.0%  read the balance before buying
    8      364.6   10.5%  click the row at (500, 258)
    9      318.7    9.2%  click Buy at (828, 258)
   10       96.9    2.8%  await the Purchase dialog
   11      325.7    9.4%  read the dialog (item, price, qty, qty_max)
   12       94.7    2.7%  find the Buy button
   13      324.3    9.3%  click Buy
   14      251.5    7.2%  park
   15       98.7    2.8%  confirm the dialog is gone
   16       96.4    2.8%  read the balance after buying
          3479.3  100.0%  TOTAL
  21/200 Force Core Set (Ultimate) held
  row 1 offers 'Force Core Set (Ultimate) X 12' x1 at 4,498,116 (374,843/unit)
    row 1 leaves 9,000 a core against the 5,000 wanted
    balance before 526,184,319
    dialog: '¢ Force Core Set (Ultimate) X 12'  qty 1 of 1  price 4498116
    179 core(s) wanted, 12 to a pack -> 15 pack(s); 1 available, taking 1
    the quantity field already reads 1; not retyping it
    ordering 1 pack(s) at 4,498,116; the spend will confirm what actually bought
    balance after  521,686,203; spent 4,498,116 bought 1 pack(s) = 12 core(s) (374,843 a core)

  buy from favourite slot 6: bought 12 core(s) in 1 order(s)
    #         ms   share  step
    1        0.4    0.0%  get_price: focus the game
    2      106.7    3.1%  get_price: _trade_window_open (OCR 1300x190)
    3      123.2    3.5%  get_price: purchase_tab_showing
    4      319.0    9.1%  get_price: read row 1 where it stands
    5      549.4   15.7%  get_price: search the favourite and read row 1
    6      316.0    9.1%  select inventory tab 4
    7      108.8    3.1%  read the balance before buying
    8      366.7   10.5%  click the row at (500, 258)
    9      319.1    9.1%  click Buy at (828, 258)
   10       97.1    2.8%  await the Purchase dialog
   11      331.3    9.5%  read the dialog (item, price, qty, qty_max)
   12       91.5    2.6%  find the Buy button
   13      319.2    9.1%  click Buy
   14      250.8    7.2%  park
   15       92.5    2.6%  confirm the dialog is gone
   16       99.7    2.9%  read the balance after buying
          3491.5  100.0%  TOTAL
  33/200 Force Core Set (Ultimate) held
  row 1 offers 'Force Core Set (Ultimate) X 23' x1 at 8,621,389 (374,843/unit)
    row 1 leaves 9,000 a core against the 5,000 wanted
    balance before 521,686,203
    dialog: '¢ Force Core Set (Ultimate) X 23'  qty 1 of 1  price 8621389
    167 core(s) wanted, 23 to a pack -> 8 pack(s); 1 available, taking 1
    the quantity field already reads 1; not retyping it
    ordering 1 pack(s) at 8,621,389; the spend will confirm what actually bought
    balance after  513,064,814; spent 8,621,389 bought 1 pack(s) = 23 core(s) (374,843 a core)

  buy from favourite slot 6: bought 23 core(s) in 1 order(s)
    #         ms   share  step
    1        0.3    0.0%  get_price: focus the game
    2      111.6    3.2%  get_price: _trade_window_open (OCR 1300x190)
    3      124.1    3.5%  get_price: purchase_tab_showing
    4      313.9    9.0%  get_price: read row 1 where it stands
    5      550.0   15.7%  get_price: search the favourite and read row 1
    6      323.5    9.2%  select inventory tab 4
    7      108.4    3.1%  read the balance before buying
    8      371.3   10.6%  click the row at (500, 258)
    9      320.6    9.1%  click Buy at (828, 258)
   10       96.3    2.7%  await the Purchase dialog
   11      327.0    9.3%  read the dialog (item, price, qty, qty_max)
   12       92.7    2.6%  find the Buy button
   13      317.4    9.0%  click Buy
   14      251.0    7.2%  park
   15       98.8    2.8%  confirm the dialog is gone
   16      100.5    2.9%  read the balance after buying
          3507.3  100.0%  TOTAL
  5 offer(s) considered; leaving Force Core Set (Ultimate) at 56 of 200
  bought 56 of the 200 wanted.
TASK {"kind": "resupply", "core": "Force Core (Ultimate)", "set": "Force Core Set (Ultimate)", "slot": 5, "tab": 4, "step": "convert", "holding": "Force Core Set (Ultimate)", "qty": 56, "price": 374843}

  -- round 1: convert up to 250, then list -- 56 of 56 left --
  pressing N to open the vendor Shop (attempt 1)
  2x5 at (377, 839): Force Core Set (Ultimate) -> Force Core (Ultimate)
    dialog offers '* Force Core (Ultimate)'
    typed 250; the dialog clamps it to what is held
    inventory tab 4 holds 2 slot(s) and is showing, so the Force Core (Ultimate) lands there

  convert into Force Core (Ultimate)
    #         ms   share  step
    1      796.9   23.4%  alt-click the cell at (377, 839)
    2      108.7    3.2%  await the Purchase Item dialog
    3      102.7    3.0%  read what the dialog offers
    4      706.2   20.8%  type the quantity 250
    5      919.1   27.0%  select inventory tab 4
    6       24.0    0.7%  read tab 4 before converting
    7      323.9    9.5%  click OK
    8      251.0    7.4%  park
    9      166.8    4.9%  read tab 4 after converting
          3399.2  100.0%  TOTAL
    Force Core (Ultimate) arrived; one convert is one stack of at most 250, so it is in (1, 3), the slot free before it
TASK {"kind": "resupply", "core": "Force Core (Ultimate)", "set": "Force Core Set (Ultimate)", "slot": 5, "tab": 4, "step": "list", "holding": "Force Core (Ultimate)", "qty": 56, "price": 374843}
  the Agent Shop is shut after the vendor; reopening it
  Inventory shut: slot grid 0.09, needs 0.33
  listing Force Core (Ultimate) from 1 slot(s), (1, 3) to (1, 3)
  inventory slot (1,3) at (1587, 236)
    read: current min 383,843, price field 383,843, net sales 383,843, week average 411,299, listed at unread
    the lowest listed price is 383,843, from the row and 2 more
    nothing said what 'Force Core (Ultimate)' should fetch; its own market says 383,843
    market 383,843, typing 383,842, 1 under the market
    net sales 21,495,152 is 56 x 383,842
  typed 250; the net sales make it 56
    the panel holds 383,842 against the 383,842 typed
  tab 4 read in 27 ms after the listing: 0 slot(s) held

  list 56 at 383,842
    #         ms   share  step
    1       26.0    0.5%  read the panel before loading
    2       23.8    0.4%  wait for slot (1,3) to fill
    3      818.8   14.5%  ctrl-click (1,3) attempt 1
    4      615.3   10.9%  read the suggested price
    5     1447.6   25.7%  type the price 383,842
    6      960.5   17.0%  type the quantity 250
    7      324.8    5.8%  take the quantity from the net sales
    8      102.0    1.8%  read the price back before Register
    9      318.8    5.7%  click Register
   10      102.1    1.8%  find Confirmation
   11       19.3    0.3%  look for the underprice question
   12      316.3    5.6%  click Confirmation
   13      251.1    4.5%  park
   14      256.2    4.5%  confirm the dialog is gone
   15       25.2    0.4%  wait for the panel to let the item go
   16       26.6    0.5%  read tab 4 after the listing
          5634.5  100.0%  TOTAL
  listed 56 at 383,842; it lands in row 20
    'Force Core (Ultimate)' was bought at 374,843 a unit and listed against a verified 383,843; a row of it with no cost of its own is floored at 374,843 from now on
TASK {"kind": "resupply", "core": "Force Core (Ultimate)", "set": "Force Core Set (Ultimate)", "slot": 5, "tab": 4, "step": "convert", "holding": "Force Core Set (Ultimate)", "qty": 0, "price": 374843}
DONE {"kind": "resupply", "core": "Force Core (Ultimate)", "bought": 56, "listed": 56, "rows": [20]}

  resupply Force Core (Ultimate): bought 56, 1 slot(s) filled, listed 56 in rows [20]
    #          ms   share     n      each  phase
    1    11,167.5   15.4%     2   5,583.8  buy order 1
    2     9,920.8   13.7%     2   4,960.4  round 1: reopen the Agent Shop
    3     5,923.9    8.2%     1   5,923.9  round 1: list Upgrade Core (Ultimate) from (1, 3)
    4     5,641.2    7.8%     1   5,641.2  round 1: list Force Core (Ultimate) from (1, 3)
    5     4,549.1    6.3%     2   2,274.5  round 1: select the Register tab
    6     3,705.4    5.1%     1   3,705.4  round 1: convert into Force Core (Ultimate)
    7     3,680.4    5.1%     1   3,680.4  round 1: convert into Upgrade Core (Ultimate)
    8     3,598.7    5.0%     2   1,799.4  round 1: open the vendor
    9     3,507.4    4.8%     2   1,753.7  buy order 5
   10     3,503.1    4.8%     2   1,751.5  buy order 4
   11     3,496.8    4.8%     2   1,748.4  buy order 3
   12     3,468.6    4.8%     2   1,734.3  buy order 2
   13     2,511.0    3.5%     2   1,255.5  round 1: close the Agent Shop
   14     2,186.5    3.0%     2   1,093.2  find the free slot on tab 4
   15     1,834.0    2.5%     2     917.0  round 1: select inventory tab 4
   16     1,371.5    1.9%     1   1,371.5  price Upgrade Core Set (Ultimate)
   17     1,310.7    1.8%     1   1,310.7  price Upgrade Core (Ultimate)
   18       371.5    0.5%     1     371.5  step down to the next offer (3)
   19       371.4    0.5%     1     371.4  step down to the next offer (2)
   20       371.4    0.5%     1     371.4  step down to the next offer (4)
         72,491.0  100.0%
  Force Core (Ultimate): 3 of 3 row(s) after that one

  Armor Account bind Unseal Stone: 1 row(s) inside 1-27, 1 wanted; row 2 'Armor Account bind Unseal Stone'
    floor 187,364,780: 500/1000 of the 374,729,560 voucher, read at launch

  Armor Account bind Seal Stone: 1 row(s) inside 1-27, 1 wanted; row 3 'Armor Account bind Seal Stone'
    floor 187,364,780: 500/1000 of the 374,729,560 voucher, read at launch

  Blessing Bead - Superior: 1 row(s) inside 1-27, 1 wanted; row 1 'Blessing Bead - Superior'
    floor 163,756,817: 437/1000 of the 374,729,560 voucher, read at launch
    the quantity column read 'Superior', which holds no digits, so it is the end of the name and not a count; reading the row as 'Blessing Bead - Superior' and letting the panel count what is there
    one line read 'serene wbéee 1 169,999,997 OnSale Change'; read as stacked lines it is 'Blessing Bead - Superior 169,999,997 OnSale Change'
  tab 4 known from the last listing: 0 slot(s) held
  row 1: 'Blessing Bead - Superior' x1 at 169,999,997 -> tab 4 slot (1, 1)
    floor 163,756,817 from what it cost; listed at 169,999,997, above it
TASK {"kind": "relist", "row": 1, "item": "Blessing Bead - Superior", "qty": 1, "price": 169999997, "tab": 4, "slot": [1, 1], "lands_in": 1}
  inventory slot (1,1) at (1475, 236)
    read: current min 169,999,998, price field 169,999,998, net sales 169,999,998, week average 192,063,448, listed at 169,999,997
    the lowest listed price is 169,999,998, from the row and 3 more
    market 169,999,998, typing 169,999,997, 1 under the market
    net sales 169,999,997 is 1 x 169,999,997
  typed 250; the net sales make it 1
    the panel holds 169,999,997 against the 169,999,997 typed
  tab 4 read in 25 ms after the listing: 0 slot(s) held

  list 1 at 169,999,997
    #         ms   share  step
    1       24.4    0.4%  read the panel before loading
    2       25.6    0.4%  wait for slot (1,1) to fill
    3      823.5   14.0%  ctrl-click (1,1) attempt 1
    4      618.6   10.5%  read the suggested price
    5     1670.1   28.3%  type the price 169,999,997
    6      953.8   16.2%  type the quantity 250
    7      330.0    5.6%  take the quantity from the net sales
    8      116.6    2.0%  read the price back before Register
    9      320.8    5.4%  click Register
   10      110.5    1.9%  find Confirmation
   11       23.3    0.4%  look for the underprice question
   12      320.4    5.4%  click Confirmation
   13      251.3    4.3%  park
   14      265.0    4.5%  confirm the dialog is gone
   15       21.0    0.4%  wait for the panel to let the item go
   16       24.9    0.4%  read tab 4 after the listing
          5900.0  100.0%  TOTAL
  listed 1 at 169,999,997; it lands in row 1
DONE {"kind": "relist", "row": 1, "lands_in": 1, "qty": 1, "price": 169999997, "item": "Blessing Bead - Superior"}
    relisted 1 at 169,999,997 in row 1
  tab 4 known from the last listing: 0 slot(s) held
  row 2: 'Armor Account bind Unseal Stone' x1 at 187,364,780 -> tab 4 slot (1, 1)
    floor 187,364,780 from what it cost; listed at 187,364,780, above it
TASK {"kind": "relist", "row": 2, "item": "Armor Account bind Unseal Stone", "qty": 1, "price": 187364780, "tab": 4, "slot": [1, 1], "lands_in": 2}
  inventory slot (1,1) at (1475, 236)
    read: current min 187,000,000, price field 187,000,000, net sales 187,000,000, week average 192,114,171, listed at 187,364,780
    the lowest listed price is 187,000,000, from the row and 3 more
    market 186,999,999 is under the 187,364,780 floor (it is worth what it cost); listing at the floor
    market 187,000,000, typing 187,364,780, 364,780 over the market
    net sales 187,364,780 is 1 x 187,364,780
  typed 250; the net sales make it 1
    the panel holds 187,364,780 against the 187,364,780 typed
  tab 4 read in 25 ms after the listing: 0 slot(s) held

  list 1 at 187,364,780
    #         ms   share  step
    1       24.0    0.4%  read the panel before loading
    2       23.9    0.4%  wait for slot (1,1) to fill
    3      819.8   14.0%  ctrl-click (1,1) attempt 1
    4      609.2   10.4%  read the suggested price
    5     1668.4   28.6%  type the price 187,364,780
    6      954.1   16.3%  type the quantity 250
    7      327.3    5.6%  take the quantity from the net sales
    8      104.4    1.8%  read the price back before Register
    9      318.2    5.4%  click Register
   10      101.3    1.7%  find Confirmation
   11       20.6    0.4%  look for the underprice question
   12      315.1    5.4%  click Confirmation
   13      251.2    4.3%  park
   14      257.6    4.4%  confirm the dialog is gone
   15       21.8    0.4%  wait for the panel to let the item go
   16       24.6    0.4%  read tab 4 after the listing
          5841.6  100.0%  TOTAL
  listed 1 at 187,364,780; it lands in row 2
DONE {"kind": "relist", "row": 2, "lands_in": 2, "qty": 1, "price": 187364780, "item": "Armor Account bind Unseal Stone"}
    relisted 1 at 187,364,780 in row 2, 1 relist(s) on the floor now
  tab 4 known from the last listing: 0 slot(s) held
  row 3: 'Armor Account bind Seal Stone' x2 at 187,364,780 -> tab 4 slot (1, 1)
    floor 187,364,780 from what it cost; listed at 187,364,780, above it
TASK {"kind": "relist", "row": 3, "item": "Armor Account bind Seal Stone", "qty": 2, "price": 187364780, "tab": 4, "slot": [1, 1], "lands_in": 3}
  inventory slot (1,1) at (1475, 236)
    read: current min 187,000,000, price field 187,000,000, net sales 187,000,000, week average 190,073,428, listed at 187,364,780
    the lowest listed price is 187,000,000, from the row and 3 more
    market 186,999,999 is under the 187,364,780 floor (it is worth what it cost); listing at the floor
    market 187,000,000, typing 187,364,780, 364,780 over the market
    net sales 374,729,560 is 2 x 187,364,780
  typed 250; the net sales make it 2
    the panel holds 187,364,780 against the 187,364,780 typed
  tab 4 read in 26 ms after the listing: 0 slot(s) held

  list 2 at 187,364,780
    #         ms   share  step
    1       24.4    0.4%  read the panel before loading
    2       22.6    0.4%  wait for slot (1,1) to fill
    3      814.0   14.0%  ctrl-click (1,1) attempt 1
    4      605.6   10.4%  read the suggested price
    5     1666.4   28.7%  type the price 187,364,780
    6      951.9   16.4%  type the quantity 250
    7      324.4    5.6%  take the quantity from the net sales
    8       99.6    1.7%  read the price back before Register
    9      314.0    5.4%  click Register
   10      101.8    1.8%  find Confirmation
   11       20.3    0.3%  look for the underprice question
   12      314.7    5.4%  click Confirmation
   13      251.2    4.3%  park
   14      251.4    4.3%  confirm the dialog is gone
   15       20.2    0.3%  wait for the panel to let the item go
   16       26.0    0.4%  read tab 4 after the listing
          5808.4  100.0%  TOTAL
  listed 2 at 187,364,780; it lands in row 3
DONE {"kind": "relist", "row": 3, "lands_in": 3, "qty": 2, "price": 187364780, "item": "Armor Account bind Seal Stone"}
    relisted 2 at 187,364,780 in row 3, 1 relist(s) on the floor now
  tab 4 known from the last listing: 0 slot(s) held
  row 4: 'Force Core (Ultimate' x64 at 383,844 -> tab 4 slot (1, 1)
    floor 374,843 (374,843 x 1) from Force Core Set (Ultimate) as last bought; listed at 383,844, above it
TASK {"kind": "relist", "row": 4, "item": "Force Core (Ultimate", "qty": 64, "price": 383844, "tab": 4, "slot": [1, 1], "lands_in": 4}
  inventory slot (1,1) at (1475, 236)
    read: current min 383,842, price field 383,842, net sales 383,842, week average 411,299, listed at 383,844
    the lowest listed price is 383,842, from the row and 3 more
    market 383,842, typing 383,841, 1 under the market
    net sales 24,565,824 is 64 x 383,841
  typed 250; the net sales make it 64
    the panel holds 383,841 against the 383,841 typed
  tab 4 read in 24 ms after the listing: 0 slot(s) held

  list 64 at 383,841
    #         ms   share  step
    1       22.6    0.4%  read the panel before loading
    2       23.2    0.4%  wait for slot (1,1) to fill
    3      819.9   14.6%  ctrl-click (1,1) attempt 1
    4      600.8   10.7%  read the suggested price
    5     1448.6   25.8%  type the price 383,841
    6      955.4   17.0%  type the quantity 250
    7      326.3    5.8%  take the quantity from the net sales
    8       99.0    1.8%  read the price back before Register
    9      316.2    5.6%  click Register
   10      102.1    1.8%  find Confirmation
   11       21.3    0.4%  look for the underprice question
   12      316.5    5.6%  click Confirmation
   13      251.1    4.5%  park
   14      260.7    4.6%  confirm the dialog is gone
   15       20.6    0.4%  wait for the panel to let the item go
   16       24.1    0.4%  read tab 4 after the listing
          5608.6  100.0%  TOTAL
  listed 64 at 383,841; it lands in row 4
DONE {"kind": "relist", "row": 4, "lands_in": 4, "qty": 64, "price": 383841, "item": "Force Core (Ultimate"}
    relisted 64 at 383,841 in row 4
  tab 4 known from the last listing: 0 slot(s) held
  row 5: 'Arionell' x1 at 306,185,713 -> tab 4 slot (1, 1)
    floor 281,047,170 from what it cost; listed at 306,185,713, above it
TASK {"kind": "relist", "row": 5, "item": "Arionell", "qty": 1, "price": 306185713, "tab": 4, "slot": [1, 1], "lands_in": 5}
  inventory slot (1,1) at (1475, 236)
    read: current min 260,000,000, price field unread, net sales unread, week average unread, listed at 306,185,713
    only 1 of the three price places read; 3 must agree before anything is typed
    read: current min 260,000,000, price field 260,000,000, net sales 260,000,000, week average 315,560,317, listed at 306,185,713
    the lowest listed price is 260,000,000, from the row and 3 more
    the market asks 259,999,999, 46,185,714 under our 306,185,713; holding at 305,185,713, the most this row may fall in one relist
    market 260,000,000, typing 305,185,713, 45,185,713 over the market
    net sales 305,185,713 is 1 x 305,185,713
  typed 250; the net sales make it 1
    the panel holds 305,185,713 against the 305,185,713 typed
  tab 4 read in 26 ms after the listing: 0 slot(s) held

  list 1 at 305,185,713
    #         ms   share  step
    1       22.3    0.4%  read the panel before loading
    2       21.4    0.4%  wait for slot (1,1) to fill
    3      818.4   13.5%  ctrl-click (1,1) attempt 1
    4      839.9   13.9%  read the suggested price
    5     1665.6   27.5%  type the price 305,185,713
    6      955.0   15.8%  type the quantity 250
    7      324.2    5.3%  take the quantity from the net sales
    8      101.3    1.7%  read the price back before Register
    9      319.1    5.3%  click Register
   10      103.2    1.7%  find Confirmation
   11       21.2    0.3%  look for the underprice question
   12      318.5    5.3%  click Confirmation
   13      251.2    4.1%  park
   14      250.9    4.1%  confirm the dialog is gone
   15       22.1    0.4%  wait for the panel to let the item go
   16       26.3    0.4%  read tab 4 after the listing
          6060.6  100.0%  TOTAL
  listed 1 at 305,185,713; it lands in row 5
DONE {"kind": "relist", "row": 5, "lands_in": 5, "qty": 1, "price": 305185713, "item": "Arionell"}
    relisted 1 at 305,185,713 in row 5
  tab 4 known from the last listing: 0 slot(s) held
  row 6: 'Upgrade Core (Ultimate' x15 at 536,738 -> tab 4 slot (1, 1)
    floor 469,773 (469,773 x 1) from Upgrade Core Set (Ultimate) as last bought; listed at 536,738, above it
TASK {"kind": "relist", "row": 6, "item": "Upgrade Core (Ultimate", "qty": 15, "price": 536738, "tab": 4, "slot": [1, 1], "lands_in": 6}
  inventory slot (1,1) at (1475, 236)
    read: current min 536,729, price field 536,729, net sales 536,729, week average 466,479, listed at 536,738
    the lowest listed price is 536,729, from the row and 3 more
    market 536,729, typing 536,728, 1 under the market
    net sales 8,050,920 is 15 x 536,728
  typed 250; the net sales make it 15
    the panel holds 536,728 against the 536,728 typed
  tab 4 read in 23 ms after the listing: 0 slot(s) held

  list 15 at 536,728
    #         ms   share  step
    1       21.1    0.4%  read the panel before loading
    2       19.4    0.3%  wait for slot (1,1) to fill
    3      817.4   14.5%  ctrl-click (1,1) attempt 1
    4      674.7   11.9%  read the suggested price
    5     1454.3   25.7%  type the price 536,728
    6      954.4   16.9%  type the quantity 250
    7      326.1    5.8%  take the quantity from the net sales
    8       96.4    1.7%  read the price back before Register
    9      315.1    5.6%  click Register
   10       99.8    1.8%  find Confirmation
   11       21.4    0.4%  look for the underprice question
   12      310.7    5.5%  click Confirmation
   13      251.2    4.4%  park
   14      245.2    4.3%  confirm the dialog is gone
   15       23.0    0.4%  wait for the panel to let the item go
   16       23.4    0.4%  read tab 4 after the listing
          5653.6  100.0%  TOTAL
  listed 15 at 536,728; it lands in row 6
DONE {"kind": "relist", "row": 6, "lands_in": 6, "qty": 15, "price": 536728, "item": "Upgrade Core (Ultimate"}
    relisted 15 at 536,728 in row 6
  tab 4 known from the last listing: 0 slot(s) held
  row 7: 'Force Core (Ultimate' x225 at 383,844 -> tab 4 slot (1, 1)
    floor 374,843 (374,843 x 1) from Force Core Set (Ultimate) as last bought; listed at 383,844, above it
TASK {"kind": "relist", "row": 7, "item": "Force Core (Ultimate", "qty": 225, "price": 383844, "tab": 4, "slot": [1, 1], "lands_in": 7}
  inventory slot (1,1) at (1475, 236)
    read: current min 383,840, price field 383,840, net sales 383,840, week average 411,299, listed at 383,844
    the lowest listed price is 383,840, from the row and 3 more
    market 383,840, typing 383,839, 1 under the market
    net sales 86,363,775 is 225 x 383,839
  typed 250; the net sales make it 225
    the panel holds 383,839 against the 383,839 typed
  tab 4 read in 24 ms after the listing: 0 slot(s) held

  list 225 at 383,839
    #         ms   share  step
    1       23.6    0.4%  read the panel before loading
    2       19.7    0.4%  wait for slot (1,1) to fill
    3      815.4   14.5%  ctrl-click (1,1) attempt 1
    4      601.0   10.7%  read the suggested price
    5     1447.9   25.8%  type the price 383,839
    6      956.0   17.0%  type the quantity 250
    7      325.6    5.8%  take the quantity from the net sales
    8      101.5    1.8%  read the price back before Register
    9      315.8    5.6%  click Register
   10      106.1    1.9%  find Confirmation
   11       22.4    0.4%  look for the underprice question
   12      315.6    5.6%  click Confirmation
   13      251.0    4.5%  park
   14      263.6    4.7%  confirm the dialog is gone
   15       20.7    0.4%  wait for the panel to let the item go
   16       24.1    0.4%  read tab 4 after the listing
          5610.0  100.0%  TOTAL
  listed 225 at 383,839; it lands in row 7
DONE {"kind": "relist", "row": 7, "lands_in": 7, "qty": 225, "price": 383839, "item": "Force Core (Ultimate"}
    relisted 225 at 383,839 in row 7
  tab 4 known from the last listing: 0 slot(s) held
  row 8: 'Force Core(Highest' x166 at 200,936 -> tab 4 slot (1, 1)
    floor 195,487 (195,487 x 1) from Force Core Set (Highest) as last bought; listed at 200,936, above it
TASK {"kind": "relist", "row": 8, "item": "Force Core(Highest", "qty": 166, "price": 200936, "tab": 4, "slot": [1, 1], "lands_in": 8}
  inventory slot (1,1) at (1475, 236)
    read: current min 199,985, price field 199,985, net sales 199,985, week average 213,123, listed at 200,936
    the lowest listed price is 199,985, from the row and 3 more
    market 199,985, typing 199,984, 1 under the market
    net sales 33,197,344 is 166 x 199,984
  typed 250; the net sales make it 166
    the panel holds 199,984 against the 199,984 typed
  tab 4 read in 25 ms after the listing: 0 slot(s) held

  list 166 at 199,984
    #         ms   share  step
    1       24.7    0.4%  read the panel before loading
    2       22.6    0.4%  wait for slot (1,1) to fill
    3      817.9   14.3%  ctrl-click (1,1) attempt 1
    4      688.5   12.1%  read the suggested price
    5     1454.7   25.5%  type the price 199,984
    6      952.4   16.7%  type the quantity 250
    7      323.3    5.7%  take the quantity from the net sales
    8      102.0    1.8%  read the price back before Register
    9      321.4    5.6%  click Register
   10       99.3    1.7%  find Confirmation
   11       23.2    0.4%  look for the underprice question
   12      314.7    5.5%  click Confirmation
   13      251.0    4.4%  park
   14      262.8    4.6%  confirm the dialog is gone
   15       21.3    0.4%  wait for the panel to let the item go
   16       24.6    0.4%  read tab 4 after the listing
          5704.4  100.0%  TOTAL
  listed 166 at 199,984; it lands in row 8
DONE {"kind": "relist", "row": 8, "lands_in": 8, "qty": 166, "price": 199984, "item": "Force Core(Highest"}
    relisted 166 at 199,984 in row 8
  tab 4 known from the last listing: 0 slot(s) held
  row 9: 'Chaos Core' x1 at 747,867 -> tab 4 slot (1, 1)
    floor 748,999 (748,999 x 1) from what it cost; listed at 747,867, UNDER the floor
TASK {"kind": "relist", "row": 9, "item": "Chaos Core", "qty": 1, "price": 747867, "tab": 4, "slot": [1, 1], "lands_in": 9}
    row 9 is the Chaos Core special row; listing at 508 under the market, no floor
  inventory slot (1,1) at (1475, 236)
    read: current min 747,305, price field 747,305, net sales 747,305, week average 717,087, listed at unread
    the lowest listed price is 747,305, from the row and 2 more
    market 747,305, typing 746,797, 508 under the market
    net sales 746,797 is 1 x 746,797
  typed 250; the net sales make it 1
    the panel holds 746,797 against the 746,797 typed
  tab 4 read in 28 ms after the listing: 0 slot(s) held

  list 1 at 746,797
    #         ms   share  step
    1       23.9    0.4%  read the panel before loading
    2       22.1    0.4%  wait for slot (1,1) to fill
    3      820.3   14.5%  ctrl-click (1,1) attempt 1
    4      608.2   10.8%  read the suggested price
    5     1456.2   25.8%  type the price 746,797
    6      956.4   16.9%  type the quantity 250
    7      323.8    5.7%  take the quantity from the net sales
    8      101.6    1.8%  read the price back before Register
    9      321.5    5.7%  click Register
   10      107.9    1.9%  find Confirmation
   11       21.7    0.4%  look for the underprice question
   12      324.3    5.7%  click Confirmation
   13      250.9    4.4%  park
   14      258.3    4.6%  confirm the dialog is gone
   15       24.5    0.4%  wait for the panel to let the item go
   16       27.5    0.5%  read tab 4 after the listing
          5649.1  100.0%  TOTAL
  listed 1 at 746,797; it lands in row 9
DONE {"kind": "relist", "row": 9, "lands_in": 9, "qty": 1, "price": 746797, "item": "Chaos Core"}
    relisted 1 at 746,797 in row 9
  tab 4 known from the last listing: 0 slot(s) held
  row 10: 'Upgrade Core (Ultimate' x20 at 536,731 -> tab 4 slot (1, 1)
    floor 469,773 (469,773 x 1) from what it cost; listed at 536,731, above it
TASK {"kind": "relist", "row": 10, "item": "Upgrade Core (Ultimate", "qty": 20, "price": 536731, "tab": 4, "slot": [1, 1], "lands_in": 10}
  inventory slot (1,1) at (1475, 236)
    read: current min 536,726, price field 536,726, net sales 536,726, week average 466,479, listed at 536,731
    the lowest listed price is 536,726, from the row and 3 more
    market 536,726, typing 536,725, 1 under the market
    net sales 10,734,500 is 20 x 536,725
  typed 250; the net sales make it 20
    the panel holds 536,725 against the 536,725 typed
  tab 4 read in 26 ms after the listing: 0 slot(s) held

  list 20 at 536,725
    #         ms   share  step
    1       23.0    0.4%  read the panel before loading
    2       23.2    0.4%  wait for slot (1,1) to fill
    3      816.4   14.4%  ctrl-click (1,1) attempt 1
    4      677.3   11.9%  read the suggested price
    5     1452.2   25.5%  type the price 536,725
    6      955.0   16.8%  type the quantity 250
    7      323.1    5.7%  take the quantity from the net sales
    8      100.3    1.8%  read the price back before Register
    9      322.6    5.7%  click Register
   10      107.7    1.9%  find Confirmation
   11       21.5    0.4%  look for the underprice question
   12      315.8    5.6%  click Confirmation
   13      251.0    4.4%  park
   14      249.0    4.4%  confirm the dialog is gone
   15       20.8    0.4%  wait for the panel to let the item go
   16       26.3    0.5%  read tab 4 after the listing
          5685.0  100.0%  TOTAL
  listed 20 at 536,725; it lands in row 10
DONE {"kind": "relist", "row": 10, "lands_in": 10, "qty": 20, "price": 536725, "item": "Upgrade Core (Ultimate"}
    relisted 20 at 536,725 in row 10
  tab 4 known from the last listing: 0 slot(s) held
  row 11: 'Force Core(Highest' x250 at 200,935 -> tab 4 slot (1, 1)
    floor 195,487 (195,487 x 1) from Force Core Set (Highest) as last bought; listed at 200,935, above it
TASK {"kind": "relist", "row": 11, "item": "Force Core(Highest", "qty": 250, "price": 200935, "tab": 4, "slot": [1, 1], "lands_in": 11}
  inventory slot (1,1) at (1475, 236)
    read: current min 199,984, price field 199,984, net sales 199,984, week average 213,123, listed at 200,935
    the lowest listed price is 199,984, from the row and 3 more
    market 199,984, typing 199,983, 1 under the market
    net sales 49,995,750 is 250 x 199,983
  typed 250; the net sales make it 250
    the panel holds 199,983 against the 199,983 typed
  tab 4 read in 25 ms after the listing: 0 slot(s) held

  list 250 at 199,983
    #         ms   share  step
    1       23.2    0.4%  read the panel before loading
    2       19.6    0.3%  wait for slot (1,1) to fill
    3      821.9   14.4%  ctrl-click (1,1) attempt 1
    4      683.8   12.0%  read the suggested price
    5     1453.7   25.5%  type the price 199,983
    6      953.5   16.7%  type the quantity 250
    7      326.7    5.7%  take the quantity from the net sales
    8      102.0    1.8%  read the price back before Register
    9      321.9    5.6%  click Register
   10      106.0    1.9%  find Confirmation
   11       23.3    0.4%  look for the underprice question
   12      315.3    5.5%  click Confirmation
   13      250.9    4.4%  park
   14      249.6    4.4%  confirm the dialog is gone
   15       21.8    0.4%  wait for the panel to let the item go
   16       24.6    0.4%  read tab 4 after the listing
          5697.7  100.0%  TOTAL
  listed 250 at 199,983; it lands in row 11
DONE {"kind": "relist", "row": 11, "lands_in": 11, "qty": 250, "price": 199983, "item": "Force Core(Highest"}
    relisted 250 at 199,983 in row 11
  tab 4 known from the last listing: 0 slot(s) held
  row 12: 'Force Core(Highest' x136 at 200,934 -> tab 4 slot (1, 1)
    floor 195,487 (195,487 x 1) from Force Core Set (Highest) as last bought; listed at 200,934, above it
TASK {"kind": "relist", "row": 12, "item": "Force Core(Highest", "qty": 136, "price": 200934, "tab": 4, "slot": [1, 1], "lands_in": 12}
  inventory slot (1,1) at (1475, 236)
    read: current min 199,983, price field 199,983, net sales 199,983, week average 213,123, listed at 200,934
    the lowest listed price is 199,983, from the row and 3 more
    market 199,983, typing 199,982, 1 under the market
    net sales 27,197,552 is 136 x 199,982
  typed 250; the net sales make it 136
    the panel holds 199,982 against the 199,982 typed
  tab 4 read in 25 ms after the listing: 0 slot(s) held

  list 136 at 199,982
    #         ms   share  step
    1       22.6    0.4%  read the panel before loading
    2       25.8    0.5%  wait for slot (1,1) to fill
    3      823.4   14.6%  ctrl-click (1,1) attempt 1
    4      697.2   12.4%  read the suggested price
    5     1450.1   25.7%  type the price 199,982
    6      949.0   16.8%  type the quantity 250
    7      306.9    5.4%  take the quantity from the net sales
    8       93.5    1.7%  read the price back before Register
    9      312.4    5.5%  click Register
   10       99.3    1.8%  find Confirmation
   11       16.4    0.3%  look for the underprice question
   12      309.3    5.5%  click Confirmation
   13      250.7    4.4%  park
   14      245.2    4.3%  confirm the dialog is gone
   15       16.9    0.3%  wait for the panel to let the item go
   16       25.0    0.4%  read tab 4 after the listing
          5643.5  100.0%  TOTAL
  listed 136 at 199,982; it lands in row 12
DONE {"kind": "relist", "row": 12, "lands_in": 12, "qty": 136, "price": 199982, "item": "Force Core(Highest"}
    relisted 136 at 199,982 in row 12
    the quantity column read 'il', which holds no digits, so it is the end of the name and not a count; reading the row as 'Palladium Headpiece(BL) il' and letting the panel count what is there
  tab 4 known from the last listing: 0 slot(s) held
  row 13: 'Palladium Headpiece(BL) (anal (anal' x1 at 2,399,998 -> tab 4 slot (1, 1)
    the quantity column read 'il', which holds no digits, so it is the end of the name and not a count; reading the row as 'Palladium Headpiece(BL) il' and letting the panel count what is there
    no floor for 'Palladium Headpiece(BL) (anal (anal'
TASK {"kind": "relist", "row": 13, "item": "Palladium Headpiece(BL) (anal (anal", "qty": 1, "price": 2399998, "tab": 4, "slot": [1, 1], "lands_in": 13}
  inventory slot (1,1) at (1475, 236)
    read: current min 2,399,998, price field 2,399,998, net sales 2,399,998, week average 3,142,570, listed at 2,399,998
    the lowest listed price is 2,399,998, from the row and 3 more
    market 2,399,998, typing 2,399,997, 1 under the market
    net sales 2,399,997 is 1 x 2,399,997
  typed 250; the net sales make it 1
    the panel holds 2,399,997 against the 2,399,997 typed
  tab 4 read in 20 ms after the listing: 0 slot(s) held

  list 1 at 2,399,997
    #         ms   share  step
    1       19.3    0.3%  read the panel before loading
    2       20.0    0.4%  wait for slot (1,1) to fill
    3      810.5   14.6%  ctrl-click (1,1) attempt 1
    4      584.2   10.5%  read the suggested price
    5     1516.5   27.3%  type the price 2,399,997
    6      945.7   17.0%  type the quantity 250
    7      307.7    5.5%  take the quantity from the net sales
    8       93.0    1.7%  read the price back before Register
    9      307.0    5.5%  click Register
   10       90.1    1.6%  find Confirmation
   11       19.6    0.4%  look for the underprice question
   12      306.6    5.5%  click Confirmation
   13      250.8    4.5%  park
   14      237.6    4.3%  confirm the dialog is gone
   15       20.9    0.4%  wait for the panel to let the item go
   16       20.0    0.4%  read tab 4 after the listing
          5549.5  100.0%  TOTAL
  listed 1 at 2,399,997; it lands in row 13
DONE {"kind": "relist", "row": 13, "lands_in": 13, "qty": 1, "price": 2399997, "item": "Palladium Headpiece(BL) (anal (anal"}
    relisted 1 at 2,399,997 in row 13
    the quantity column read 'il', which holds no digits, so it is the end of the name and not a count; reading the row as 'Palladium Headgear(FB) il' and letting the panel count what is there
  tab 4 known from the last listing: 0 slot(s) held
  row 14: 'Palladium Headgear(FB) Lalla' x1 at 988,999 -> tab 4 slot (1, 1)
    the quantity column read 'il', which holds no digits, so it is the end of the name and not a count; reading the row as 'Palladium Headgear(FB) il' and letting the panel count what is there
    no floor for 'Palladium Headgear(FB) Lalla'
TASK {"kind": "relist", "row": 14, "item": "Palladium Headgear(FB) Lalla", "qty": 1, "price": 988999, "tab": 4, "slot": [1, 1], "lands_in": 14}
  inventory slot (1,1) at (1475, 236)
    read: current min 989,000, price field 989,000, net sales 989,000, week average 1,003,025, listed at 988,999
    the lowest listed price is 989,000, from the row and 3 more
    market 989,000, typing 988,999, 1 under the market
    net sales 988,999 is 1 x 988,999
  typed 250; the net sales make it 1
    the panel holds 988,999 against the 988,999 typed
  tab 4 read in 21 ms after the listing: 0 slot(s) held

  list 1 at 988,999
    #         ms   share  step
    1       19.8    0.4%  read the panel before loading
    2       16.3    0.3%  wait for slot (1,1) to fill
    3      812.8   14.7%  ctrl-click (1,1) attempt 1
    4      650.2   11.7%  read the suggested price
    5     1445.4   26.1%  type the price 988,999
    6      948.1   17.1%  type the quantity 250
    7      305.5    5.5%  take the quantity from the net sales
    8       92.7    1.7%  read the price back before Register
    9      308.3    5.6%  click Register
   10       93.9    1.7%  find Confirmation
   11       19.7    0.4%  look for the underprice question
   12      307.9    5.6%  click Confirmation
   13      250.9    4.5%  park
   14      235.7    4.3%  confirm the dialog is gone
   15       16.7    0.3%  wait for the panel to let the item go
   16       20.9    0.4%  read tab 4 after the listing
          5544.7  100.0%  TOTAL
  listed 1 at 988,999; it lands in row 14
DONE {"kind": "relist", "row": 14, "lands_in": 14, "qty": 1, "price": 988999, "item": "Palladium Headgear(FB) Lalla"}
    relisted 1 at 988,999 in row 14
    the quantity column read 'il', which holds no digits, so it is the end of the name and not a count; reading the row as 'Palladium Headgear(FA) il' and letting the panel count what is there
  tab 4 known from the last listing: 0 slot(s) held
  row 15: 'Palladium Headgear(FA) (anal (anal' x1 at 9,950,000 -> tab 4 slot (1, 1)
    the quantity column read 'il', which holds no digits, so it is the end of the name and not a count; reading the row as 'Palladium Headgear(FA) il' and letting the panel count what is there
    no floor for 'Palladium Headgear(FA) (anal (anal'
TASK {"kind": "relist", "row": 15, "item": "Palladium Headgear(FA) (anal (anal", "qty": 1, "price": 9950000, "tab": 4, "slot": [1, 1], "lands_in": 15}
  inventory slot (1,1) at (1475, 236)
    read: current min 3,224,985, price field 3,224,985, net sales 3,224,985, week average 3,224,985, listed at 9,950,000
    the lowest listed price is 3,224,985, from the row and 3 more
    the market asks 3,224,984, 6,725,016 under our 9,950,000; holding at 9,940,000, the most this row may fall in one relist
    market 3,224,985, typing 9,940,000, 6,715,015 over the market
    net sales 9,940,000 is 1 x 9,940,000
  typed 250; the net sales make it 1
    the panel holds 9,940,000 against the 9,940,000 typed
  tab 4 read in 20 ms after the listing: 0 slot(s) held

  list 1 at 9,940,000
    #         ms   share  step
    1       20.6    0.4%  read the panel before loading
    2       18.8    0.3%  wait for slot (1,1) to fill
    3      812.8   14.4%  ctrl-click (1,1) attempt 1
    4      660.6   11.7%  read the suggested price
    5     1516.0   26.9%  type the price 9,940,000
    6      944.8   16.8%  type the quantity 250
    7      304.5    5.4%  take the quantity from the net sales
    8       90.4    1.6%  read the price back before Register
    9      313.7    5.6%  click Register
   10       95.5    1.7%  find Confirmation
   11       18.0    0.3%  look for the underprice question
   12      312.6    5.5%  click Confirmation
   13      251.2    4.5%  park
   14      236.3    4.2%  confirm the dialog is gone
   15       16.6    0.3%  wait for the panel to let the item go
   16       20.3    0.4%  read tab 4 after the listing
          5632.6  100.0%  TOTAL
  listed 1 at 9,940,000; it lands in row 15
DONE {"kind": "relist", "row": 15, "lands_in": 15, "qty": 1, "price": 9940000, "item": "Palladium Headgear(FA) (anal (anal"}
    relisted 1 at 9,940,000 in row 15
    the quantity column read 'il', which holds no digits, so it is the end of the name and not a count; reading the row as 'Palladium Boots(FA) il' and letting the panel count what is there
  tab 4 known from the last listing: 0 slot(s) held
  row 16: 'Palladium Boots(FA) Lalla' x2 at 1,349,999 -> tab 4 slot (1, 1)
    the quantity column read 'il', which holds no digits, so it is the end of the name and not a count; reading the row as 'Palladium Boots(FA) il' and letting the panel count what is there
    no floor for 'Palladium Boots(FA) Lalla'
TASK {"kind": "relist", "row": 16, "item": "Palladium Boots(FA) Lalla", "qty": 2, "price": 1349999, "tab": 4, "slot": [1, 1], "lands_in": 16}
  inventory slot (1,1) at (1475, 236)
    read: current min 1,300,000, price field 1,300,000, net sales 1,300,000, week average 1,573,751, listed at 1,349,999
    the lowest listed price is 1,300,000, from the row and 3 more
    the market asks 1,299,999, 50,000 under our 1,349,999; holding at 1,339,999, the most this row may fall in one relist
    market 1,300,000, typing 1,339,999, 39,999 over the market
    net sales 2,679,998 is 2 x 1,339,999
  typed 250; the net sales make it 2
    the panel holds 1,339,999 against the 1,339,999 typed
  tab 4 read in 24 ms after the listing: 0 slot(s) held

  list 2 at 1,339,999
    #         ms   share  step
    1       18.1    0.3%  read the panel before loading
    2       21.1    0.4%  wait for slot (1,1) to fill
    3      813.9   14.5%  ctrl-click (1,1) attempt 1
    4      590.9   10.5%  read the suggested price
    5     1519.1   27.0%  type the price 1,339,999
    6      950.6   16.9%  type the quantity 250
    7      322.2    5.7%  take the quantity from the net sales
    8       96.0    1.7%  read the price back before Register
    9      313.5    5.6%  click Register
   10      102.7    1.8%  find Confirmation
   11       19.8    0.4%  look for the underprice question
   12      312.9    5.6%  click Confirmation
   13      251.7    4.5%  park
   14      243.7    4.3%  confirm the dialog is gone
   15       21.4    0.4%  wait for the panel to let the item go
   16       23.5    0.4%  read tab 4 after the listing
          5621.4  100.0%  TOTAL
  listed 2 at 1,339,999; it lands in row 16
DONE {"kind": "relist", "row": 16, "lands_in": 16, "qty": 2, "price": 1339999, "item": "Palladium Boots(FA) Lalla"}
    relisted 2 at 1,339,999 in row 16
    the quantity column read 'il', which holds no digits, so it is the end of the name and not a count; reading the row as 'Palladium Shoes(W1) il' and letting the panel count what is there
  tab 4 known from the last listing: 0 slot(s) held
  row 17: 'Palladium Shoes(W1) Lalla' x2 at 749,998 -> tab 4 slot (1, 1)
    the quantity column read 'il', which holds no digits, so it is the end of the name and not a count; reading the row as 'Palladium Shoes(W1) il' and letting the panel count what is there
    no floor for 'Palladium Shoes(W1) Lalla'
TASK {"kind": "relist", "row": 17, "item": "Palladium Shoes(W1) Lalla", "qty": 2, "price": 749998, "tab": 4, "slot": [1, 1], "lands_in": 17}
  inventory slot (1,1) at (1475, 236)
    read: current min 749,999, price field 749,999, net sales 749,999, week average 888,056, listed at 749,998
    the lowest listed price is 749,999, from the row and 3 more
    market 749,999, typing 749,998, 1 under the market
    net sales 1,499,996 is 2 x 749,998
  typed 250; the net sales make it 2
    the panel holds 749,998 against the 749,998 typed
  tab 4 read in 21 ms after the listing: 0 slot(s) held

  list 2 at 749,998
    #         ms   share  step
    1       25.0    0.4%  read the panel before loading
    2       23.7    0.4%  wait for slot (1,1) to fill
    3      818.2   14.7%  ctrl-click (1,1) attempt 1
    4      602.3   10.8%  read the suggested price
    5     1450.9   26.0%  type the price 749,998
    6      948.5   17.0%  type the quantity 250
    7      329.1    5.9%  take the quantity from the net sales
    8      100.7    1.8%  read the price back before Register
    9      319.6    5.7%  click Register
   10      104.8    1.9%  find Confirmation
   11       21.2    0.4%  look for the underprice question
   12      311.6    5.6%  click Confirmation
   13      250.9    4.5%  park
   14      229.7    4.1%  confirm the dialog is gone
   15       15.6    0.3%  wait for the panel to let the item go
   16       21.1    0.4%  read tab 4 after the listing
          5572.9  100.0%  TOTAL
  listed 2 at 749,998; it lands in row 17
DONE {"kind": "relist", "row": 17, "lands_in": 17, "qty": 2, "price": 749998, "item": "Palladium Shoes(W1) Lalla"}
    relisted 2 at 749,998 in row 17
    the quantity column read 'il', which holds no digits, so it is the end of the name and not a count; reading the row as 'Palladium Coat (FG) il' and letting the panel count what is there
  tab 4 known from the last listing: 0 slot(s) held
  row 18: 'Palladium Coat (FG) Lalla' x1 at 999,998 -> tab 4 slot (1, 1)
    the quantity column read 'il', which holds no digits, so it is the end of the name and not a count; reading the row as 'Palladium Coat (FG) il' and letting the panel count what is there
    no floor for 'Palladium Coat (FG) Lalla'
TASK {"kind": "relist", "row": 18, "item": "Palladium Coat (FG) Lalla", "qty": 1, "price": 999998, "tab": 4, "slot": [1, 1], "lands_in": 18}
  inventory slot (1,1) at (1475, 236)
    read: current min 999,999, price field 999,999, net sales 999,999, week average 2,352,743, listed at 999,998
    the lowest listed price is 999,999, from the row and 3 more
    market 999,999, typing 999,998, 1 under the market
    net sales 999,998 is 1 x 999,998
  typed 250; the net sales make it 1
    the panel holds 999,998 against the 999,998 typed
    the game asks again because 999,998 is at least 25% under its average for this item; accepting
  tab 4 read in 25 ms after the listing: 0 slot(s) held

  list 1 at 999,998
    #         ms   share  step
    1       20.6    0.3%  read the panel before loading
    2       18.9    0.3%  wait for slot (1,1) to fill
    3      812.5   11.8%  ctrl-click (1,1) attempt 1
    4      659.4    9.6%  read the suggested price
    5     1446.3   21.0%  type the price 999,998
    6      947.5   13.8%  type the quantity 250
    7      302.1    4.4%  take the quantity from the net sales
    8       90.8    1.3%  read the price back before Register
    9      313.5    4.6%  click Register
   10      101.4    1.5%  find Confirmation
   11      140.1    2.0%  look for the underprice question
   12      315.5    4.6%  click Confirmation on the question
   13       17.4    0.3%  wait for the question to go
   14      750.8   10.9%  park before the dialog takes another click at the same point
   15       95.4    1.4%  find Confirmation on the real dialog
   16      312.3    4.5%  click Confirmation
   17      250.6    3.6%  park
   18      237.3    3.4%  confirm the dialog is gone
   19       20.4    0.3%  wait for the panel to let the item go
   20       24.9    0.4%  read tab 4 after the listing
          6877.7  100.0%  TOTAL
  listed 1 at 999,998; it lands in row 18
DONE {"kind": "relist", "row": 18, "lands_in": 18, "qty": 1, "price": 999998, "item": "Palladium Coat (FG) Lalla"}
    relisted 1 at 999,998 in row 18
  tab 4 known from the last listing: 0 slot(s) held
  row 19: 'Chaos Core Set X 291' x1 at 218,439,440 -> tab 4 slot (1, 1)
    floor 214,753,635 (737,985 x 291) from Chaos Core as last bought; listed at 218,439,440, above it
TASK {"kind": "relist", "row": 19, "item": "Chaos Core Set X 291", "qty": 1, "price": 218439440, "tab": 4, "slot": [1, 1], "lands_in": 19}
  inventory slot (1,1) at (1475, 236)
    read: current min 218,176,377, price field unread, net sales unread, week average unread, listed at 218,439,440
    only 1 of the three price places read; 3 must agree before anything is typed
    read: current min 218,176,377, price field 218,176,377, net sales 218,176,377, week average 211,873,608, listed at 218,439,440
    the lowest listed price is 218,176,377, from the row and 3 more
    market 218,176,377, typing 218,176,376, 1 under the market
    net sales 218,176,376 is 1 x 218,176,376
  typed 250; the net sales make it 1
    the panel holds 218,176,376 against the 218,176,376 typed
  tab 4 read in 23 ms after the listing: 0 slot(s) held

  list 1 at 218,176,376
    #         ms   share  step
    1       16.4    0.3%  read the panel before loading
    2       18.2    0.3%  wait for slot (1,1) to fill
    3      816.1   13.7%  ctrl-click (1,1) attempt 1
    4      810.5   13.6%  read the suggested price
    5     1665.7   27.9%  type the price 218,176,376
    6      951.1   15.9%  type the quantity 250
    7      318.4    5.3%  take the quantity from the net sales
    8       98.0    1.6%  read the price back before Register
    9      316.0    5.3%  click Register
   10       92.5    1.5%  find Confirmation
   11       22.3    0.4%  look for the underprice question
   12      311.0    5.2%  click Confirmation
   13      250.9    4.2%  park
   14      241.9    4.0%  confirm the dialog is gone
   15       21.6    0.4%  wait for the panel to let the item go
   16       23.3    0.4%  read tab 4 after the listing
          5973.8  100.0%  TOTAL
  listed 1 at 218,176,376; it lands in row 19
DONE {"kind": "relist", "row": 19, "lands_in": 19, "qty": 1, "price": 218176376, "item": "Chaos Core Set X 291"}
    relisted 1 at 218,176,376 in row 19
  tab 4 known from the last listing: 0 slot(s) held
  row 20: 'Force Core (Ultimate' x56 at 383,842 -> tab 4 slot (1, 1)
    floor 374,843 (374,843 x 1) from what it cost; listed at 383,842, above it
TASK {"kind": "relist", "row": 20, "item": "Force Core (Ultimate", "qty": 56, "price": 383842, "tab": 4, "slot": [1, 1], "lands_in": 20}
  inventory slot (1,1) at (1475, 236)
    read: current min 383,837, price field 383,837, net sales 383,837, week average 411,299, listed at 383,842
    the lowest listed price is 383,837, from the row and 3 more
    market 383,837, typing 383,836, 1 under the market
    net sales 21,494,816 is 56 x 383,836
  typed 250; the net sales make it 56
    the panel holds 383,836 against the 383,836 typed
  tab 4 read in 25 ms after the listing: 0 slot(s) held

  list 56 at 383,836
    #         ms   share  step
    1       15.7    0.3%  read the panel before loading
    2       16.6    0.3%  wait for slot (1,1) to fill
    3      809.2   14.7%  ctrl-click (1,1) attempt 1
    4      592.2   10.7%  read the suggested price
    5     1446.8   26.2%  type the price 383,836
    6      949.9   17.2%  type the quantity 250
    7      314.4    5.7%  take the quantity from the net sales
    8       94.8    1.7%  read the price back before Register
    9      311.4    5.6%  click Register
   10       97.7    1.8%  find Confirmation
   11       19.5    0.4%  look for the underprice question
   12      312.0    5.7%  click Confirmation
   13      251.0    4.6%  park
   14      236.9    4.3%  confirm the dialog is gone
   15       21.4    0.4%  wait for the panel to let the item go
   16       25.5    0.5%  read tab 4 after the listing
          5514.9  100.0%  TOTAL
  listed 56 at 383,836; it lands in row 20
DONE {"kind": "relist", "row": 20, "lands_in": 20, "qty": 56, "price": 383836, "item": "Force Core (Ultimate"}
    relisted 56 at 383,836 in row 20
  tab 4 known from the last listing: 0 slot(s) held
  row 21: 'Chaos Core Set X 249' x1 at 186,911,102 -> tab 4 slot (1, 1)
    floor 183,758,265 (737,985 x 249) from Chaos Core as last bought; listed at 186,911,102, above it
TASK {"kind": "relist", "row": 21, "item": "Chaos Core Set X 249", "qty": 1, "price": 186911102, "tab": 4, "slot": [1, 1], "lands_in": 21}
  inventory slot (1,1) at (1475, 236)
    read: current min 186,686,505, price field 186,686,505, net sales 186,686,505, week average 181,293,912, listed at 186,911,102
    the lowest listed price is 186,686,505, from the row and 3 more
    market 186,686,505, typing 186,686,504, 1 under the market
    net sales 186,686,504 is 1 x 186,686,504
  typed 250; the net sales make it 1
    the panel holds 186,686,504 against the 186,686,504 typed
  tab 4 read in 24 ms after the listing: 0 slot(s) held

  list 1 at 186,686,504
    #         ms   share  step
    1       22.1    0.4%  read the panel before loading
    2       20.7    0.4%  wait for slot (1,1) to fill
    3      816.4   14.1%  ctrl-click (1,1) attempt 1
    4      602.0   10.4%  read the suggested price
    5     1664.7   28.8%  type the price 186,686,504
    6      950.4   16.4%  type the quantity 250
    7      317.7    5.5%  take the quantity from the net sales
    8       97.8    1.7%  read the price back before Register
    9      315.1    5.4%  click Register
   10      101.2    1.8%  find Confirmation
   11       18.7    0.3%  look for the underprice question
   12      317.7    5.5%  click Confirmation
   13      251.4    4.3%  park
   14      238.7    4.1%  confirm the dialog is gone
   15       22.9    0.4%  wait for the panel to let the item go
   16       24.0    0.4%  read tab 4 after the listing
          5781.3  100.0%  TOTAL
  listed 1 at 186,686,504; it lands in row 21
DONE {"kind": "relist", "row": 21, "lands_in": 21, "qty": 1, "price": 186686504, "item": "Chaos Core Set X 249"}
    relisted 1 at 186,686,504 in row 21
  tab 4 known from the last listing: 0 slot(s) held
  row 22: 'Chaos Core Set X 267' x1 at 200,422,481 -> tab 4 slot (1, 1)
    floor 197,041,995 (737,985 x 267) from Chaos Core as last bought; listed at 200,422,481, above it
TASK {"kind": "relist", "row": 22, "item": "Chaos Core Set X 267", "qty": 1, "price": 200422481, "tab": 4, "slot": [1, 1], "lands_in": 22}
  inventory slot (1,1) at (1475, 236)
    read: current min 200,181,648, price field 200,181,648, net sales 200,181,648, week average 194,399,496, listed at 200,422,481
    the lowest listed price is 200,181,648, from the row and 3 more
    market 200,181,648, typing 200,181,647, 1 under the market
    net sales 200,181,647 is 1 x 200,181,647
  typed 250; the net sales make it 1
    the panel holds 200,181,647 against the 200,181,647 typed
  tab 4 read in 25 ms after the listing: 0 slot(s) held

  list 1 at 200,181,647
    #         ms   share  step
    1       22.6    0.4%  read the panel before loading
    2       18.5    0.3%  wait for slot (1,1) to fill
    3      814.7   13.9%  ctrl-click (1,1) attempt 1
    4      610.0   10.4%  read the suggested price
    5     1667.4   28.5%  type the price 200,181,647
    6      958.6   16.4%  type the quantity 250
    7      324.7    5.6%  take the quantity from the net sales
    8       99.4    1.7%  read the price back before Register
    9      321.4    5.5%  click Register
   10      107.8    1.8%  find Confirmation
   11       22.2    0.4%  look for the underprice question
   12      315.1    5.4%  click Confirmation
   13      250.9    4.3%  park
   14      261.6    4.5%  confirm the dialog is gone
   15       21.9    0.4%  wait for the panel to let the item go
   16       25.5    0.4%  read tab 4 after the listing
          5842.2  100.0%  TOTAL
  listed 1 at 200,181,647; it lands in row 22
DONE {"kind": "relist", "row": 22, "lands_in": 22, "qty": 1, "price": 200181647, "item": "Chaos Core Set X 267"}
    relisted 1 at 200,181,647 in row 22
  tab 4 known from the last listing: 0 slot(s) held
  row 23: 'Upgrade Core (Ultimate' x54 at 536,740 -> tab 4 slot (1, 1)
    floor 469,773 (469,773 x 1) from Upgrade Core Set (Ultimate) as last bought; listed at 536,740, above it
TASK {"kind": "relist", "row": 23, "item": "Upgrade Core (Ultimate", "qty": 54, "price": 536740, "tab": 4, "slot": [1, 1], "lands_in": 23}
  inventory slot (1,1) at (1475, 236)
    read: current min 536,724, price field 536,724, net sales 536,724, week average 466,479, listed at 536,740
    the lowest listed price is 536,724, from the row and 3 more
    market 536,724, typing 536,723, 1 under the market
    net sales 28,983,042 is 54 x 536,723
  typed 250; the net sales make it 54
    the panel holds 536,723 against the 536,723 typed
  tab 4 read in 27 ms after the listing: 0 slot(s) held

  list 54 at 536,723
    #         ms   share  step
    1       22.8    0.4%  read the panel before loading
    2       24.6    0.4%  wait for slot (1,1) to fill
    3      819.7   14.3%  ctrl-click (1,1) attempt 1
    4      693.2   12.1%  read the suggested price
    5     1457.3   25.4%  type the price 536,723
    6      958.2   16.7%  type the quantity 250
    7      330.9    5.8%  take the quantity from the net sales
    8      104.1    1.8%  read the price back before Register
    9      317.3    5.5%  click Register
   10      106.2    1.9%  find Confirmation
   11       21.5    0.4%  look for the underprice question
   12      319.6    5.6%  click Confirmation
   13      251.2    4.4%  park
   14      253.0    4.4%  confirm the dialog is gone
   15       23.2    0.4%  wait for the panel to let the item go
   16       27.0    0.5%  read tab 4 after the listing
          5729.6  100.0%  TOTAL
  listed 54 at 536,723; it lands in row 23
DONE {"kind": "relist", "row": 23, "lands_in": 23, "qty": 54, "price": 536723, "item": "Upgrade Core (Ultimate"}
    relisted 54 at 536,723 in row 23
  tab 4 known from the last listing: 0 slot(s) held
  row 24: 'Chaos Core Set X 252' x1 at 189,162,539 -> tab 4 slot (1, 1)
    floor 185,972,220 (737,985 x 252) from Chaos Core as last bought; listed at 189,162,539, above it
TASK {"kind": "relist", "row": 24, "item": "Chaos Core Set X 252", "qty": 1, "price": 189162539, "tab": 4, "slot": [1, 1], "lands_in": 24}
  inventory slot (1,1) at (1475, 236)
    read: current min 188,935,236, price field 188,935,236, net sales 188,935,236, week average 183,478,176, listed at 189,162,539
    the lowest listed price is 188,935,236, from the row and 3 more
    market 188,935,236, typing 188,935,235, 1 under the market
    net sales 188,935,235 is 1 x 188,935,235
  typed 250; the net sales make it 1
    the panel holds 188,935,235 against the 188,935,235 typed
  tab 4 read in 25 ms after the listing: 0 slot(s) held

  list 1 at 188,935,235
    #         ms   share  step
    1       22.7    0.4%  read the panel before loading
    2       21.8    0.4%  wait for slot (1,1) to fill
    3      816.1   14.0%  ctrl-click (1,1) attempt 1
    4      618.6   10.6%  read the suggested price
    5     1664.0   28.5%  type the price 188,935,235
    6      951.1   16.3%  type the quantity 250
    7      325.9    5.6%  take the quantity from the net sales
    8       99.4    1.7%  read the price back before Register
    9      316.8    5.4%  click Register
   10      101.4    1.7%  find Confirmation
   11       19.7    0.3%  look for the underprice question
   12      316.9    5.4%  click Confirmation
   13      251.0    4.3%  park
   14      259.5    4.4%  confirm the dialog is gone
   15       22.9    0.4%  wait for the panel to let the item go
   16       24.6    0.4%  read tab 4 after the listing
          5832.6  100.0%  TOTAL
  listed 1 at 188,935,235; it lands in row 24
DONE {"kind": "relist", "row": 24, "lands_in": 24, "qty": 1, "price": 188935235, "item": "Chaos Core Set X 252"}
    relisted 1 at 188,935,235 in row 24
  tab 4 known from the last listing: 0 slot(s) held
  row 25: 'Force Core(High' x250 at 184,993 -> tab 4 slot (1, 1)
    floor 176,867 (176,867 x 1) from Force Core Set (High) as last bought; listed at 184,993, above it
TASK {"kind": "relist", "row": 25, "item": "Force Core(High", "qty": 250, "price": 184993, "tab": 4, "slot": [1, 1], "lands_in": 25}
  inventory slot (1,1) at (1475, 236)
    read: current min 184,992, price field 184,992, net sales 184,992, week average 199,396, listed at 184,993
    the lowest listed price is 184,992, from the row and 3 more
    market 184,992, typing 184,991, 1 under the market
    net sales 46,247,750 is 250 x 184,991
  typed 250; the net sales make it 250
    the panel holds 184,991 against the 184,991 typed
  tab 4 read in 26 ms after the listing: 0 slot(s) held

  list 250 at 184,991
    #         ms   share  step
    1       22.9    0.4%  read the panel before loading
    2       23.5    0.4%  wait for slot (1,1) to fill
    3      819.5   14.6%  ctrl-click (1,1) attempt 1
    4      606.0   10.8%  read the suggested price
    5     1448.2   25.9%  type the price 184,991
    6      953.4   17.0%  type the quantity 250
    7      326.3    5.8%  take the quantity from the net sales
    8       99.2    1.8%  read the price back before Register
    9      317.1    5.7%  click Register
   10      101.1    1.8%  find Confirmation
   11       21.9    0.4%  look for the underprice question
   12      311.4    5.6%  click Confirmation
   13      251.0    4.5%  park
   14      247.8    4.4%  confirm the dialog is gone
   15       21.1    0.4%  wait for the panel to let the item go
   16       25.6    0.5%  read tab 4 after the listing
          5595.9  100.0%  TOTAL
  listed 250 at 184,991; it lands in row 25
DONE {"kind": "relist", "row": 25, "lands_in": 25, "qty": 250, "price": 184991, "item": "Force Core(High"}
    relisted 250 at 184,991 in row 25
  tab 4 known from the last listing: 0 slot(s) held
  row 26: 'Force Core(High' x86 at 184,992 -> tab 4 slot (1, 1)
    floor 176,867 (176,867 x 1) from Force Core Set (High) as last bought; listed at 184,992, above it
TASK {"kind": "relist", "row": 26, "item": "Force Core(High", "qty": 86, "price": 184992, "tab": 4, "slot": [1, 1], "lands_in": 26}
  inventory slot (1,1) at (1475, 236)
    read: current min 184,991, price field 184,991, net sales 184,991, week average 199,396, listed at 184,992
    the lowest listed price is 184,991, from the row and 3 more
    market 184,991, typing 184,990, 1 under the market
    net sales 15,909,140 is 86 x 184,990
  typed 250; the net sales make it 86
    the panel holds 184,990 against the 184,990 typed
  tab 4 read in 25 ms after the listing: 0 slot(s) held

  list 86 at 184,990
    #         ms   share  step
    1       24.7    0.4%  read the panel before loading
    2       22.8    0.4%  wait for slot (1,1) to fill
    3      817.5   14.6%  ctrl-click (1,1) attempt 1
    4      603.2   10.8%  read the suggested price
    5     1450.5   26.0%  type the price 184,990
    6      950.7   17.0%  type the quantity 250
    7      321.4    5.8%  take the quantity from the net sales
    8      100.6    1.8%  read the price back before Register
    9      317.6    5.7%  click Register
   10       94.3    1.7%  find Confirmation
   11       22.1    0.4%  look for the underprice question
   12      317.6    5.7%  click Confirmation
   13      251.0    4.5%  park
   14      244.4    4.4%  confirm the dialog is gone
   15       20.7    0.4%  wait for the panel to let the item go
   16       24.7    0.4%  read tab 4 after the listing
          5583.9  100.0%  TOTAL
  listed 86 at 184,990; it lands in row 26
DONE {"kind": "relist", "row": 26, "lands_in": 26, "qty": 86, "price": 184990, "item": "Force Core(High"}
    relisted 86 at 184,990 in row 26
  row 27 is empty; nothing to relist

  relisting rows 1-27: 26 relisted, 1 empty, 0 skipped
    #          ms   share     n      each  phase
    1   149,694.4   48.4%    26   5,757.5  list it back
    2    99,611.7   32.2%    26   3,831.2  cancel the row and take it back
    3    27,687.5    9.0%    26   1,064.9  select inventory tab 4
    4    21,636.4    7.0%    27     801.3  scroll to the row and read it
    5     9,953.2    3.2%    27     368.6  Refresh the table
    6       560.2    0.2%    26      21.5  check the shop slot is empty
        309,143.4  100.0%

  returning the game to its default state
restoring the default state:
  Escape: window closed
  Inventory already closed
  the gift box at [284, 994]
  Receive All at [1209, 786]
  Receive 1 of 4 at [1214, 327]
  Receive 2 of 4 at [1214, 425]
  Receive 3 of 4 at [1214, 523]
  Receive 4 of 4 at [1214, 621]
  the special giftbox's Receive at [1438, 492]
  Close at [1483, 846]
  took 4 gift(s)
  the Agent Shop is shut and the vendor is not open either; reopening it
  Inventory shut: slot grid 0.09, needs 0.33

  board after pass 1:
                                                   bought/u   listed/u  margin      row price
     1  Blessing Bead - Superior           x1    163,756,817 169,999,997   +3.7%    169,999,997
     2  Armor Account bind Unseal Stone    x1    187,364,780 187,364,780   +0.0%    187,364,780
     3  Armor Account bind Seal Stone      x2    187,364,780 187,364,780   +0.0%    187,364,780
     4  Force Core (Ultimate               x64            -    383,841       -        383,841
     5  Arionell                           x1    281,047,170 305,185,713   +7.9%    305,185,713
     6  Upgrade Core (Ultimate             x15            -    536,728       -        536,728
     7  Force Core (Ultimate               x225           -    383,839       -        383,839
     8  Force Core(Highest                 x166           -    199,984       -        199,984
     9  Chaos Core                         x1       748,999    746,797   -0.3%        746,797
    10  Upgrade Core (Ultimate             x20      469,773    536,725  +12.5%        536,725
    11  Force Core(Highest                 x250           -    199,983       -        199,983
    12  Force Core(Highest                 x136           -    199,982       -        199,982
    13  Palladium Headpiece(BL) (anal (ana x1             -  2,399,997       -      2,399,997
    14  Palladium Headgear(FB) Lalla       x1             -    988,999       -        988,999
    15  Palladium Headgear(FA) (anal (anal x1             -  9,940,000       -      9,940,000
    16  Palladium Boots(FA) Lalla          x2             -  1,339,999       -      1,339,999
    17  Palladium Shoes(W1) Lalla          x2             -    749,998       -        749,998
    18  Palladium Coat (FG) Lalla          x1             -    999,998       -        999,998
    19  Chaos Core Set X 291               x1             -    749,746       -    218,176,376
    20  Force Core (Ultimate               x56      374,843    383,836   +2.3%        383,836
    21  Chaos Core Set X 249               x1             -    749,744       -    186,686,504
    22  Chaos Core Set X 267               x1             -    749,743       -    200,181,647
    23  Upgrade Core (Ultimate             x54            -    536,723       -        536,723
    24  Chaos Core Set X 252               x1             -    749,742       -    188,935,235
    25  Force Core(High                    x250           -    184,991       -        184,991
    26  Force Core(High                    x86            -    184,990       -        184,990
    28  Archridium Suit (DM) Lalla         x1             -  1,685,749       -      1,685,749
    30  Palladium Suit (DM) + 1 Lalla      x1             - 33,000,000       -     33,000,000
    item                               rows   units          listed
    Archridium Suit (DM) Lalla            1       1       1,685,749
    Arionell                              1       1     305,185,713
    Armor Account bind Seal Stone         1       2     374,729,560
    Armor Account bind Unseal Stone       1       1     187,364,780
    Blessing Bead - Superior              1       1     169,999,997
    Chaos Core                            1       1         746,797
    Chaos Core Set                        4   1,059     793,979,762
    Force Core (Ultimate                  3     345     132,424,415
    Force Core(High                       2     336      62,156,890
    Force Core(Highest                    3     552     110,390,646
    Palladium Boots(FA) Lalla             1       2       2,679,998
    Palladium Coat (FG) Lalla             1       1         999,998
    Palladium Headgear(FA) (anal (anal    1       1       9,940,000
    Palladium Headgear(FB) Lalla          1       1         988,999
    Palladium Headpiece(BL) (anal (ana    1       1       2,399,997
    Palladium Shoes(W1) Lalla             1       2       1,499,996
    Palladium Suit (DM) + 1 Lalla         1       1      33,000,000
    Upgrade Core (Ultimate                3      89      47,768,462
    board                                28   2,397   2,237,941,759
    balance now 513,064,814
  pass 1: 26 relisted, 1 empty, 0 skipped; 9992.9 minute(s) left

-- pass 2 --

  resupply order: Chaos Core, Force Core(High), Force Core(Highest), Upgrade Core (Ultimate), Force Core (Ultimate), Armor Account bind Unseal Stone, Armor Account bind Seal Stone, Blessing Bead - Superior

-- Chaos Core Set under our listing: up to 3 row(s) --
  Chaos Core Set 749,742 - Chaos Core 746,262 = 3,480
  ours is listed at 749,742 a Set and a Chaos Core sells at 746,262; buying every Set under 741,262, 5,000 a Set below the lower of the two
  the cheapest Chaos Core Set is 749,742 a Set, not under 741,262; nothing to buy under ours

  counting only rows 1-27; rows outside it are not repriced and do not count; 1 row(s) free
  core                            rows     buy/u    sell/u    margin  wants   short?
  Force Core(Highest)                3         -         -         -      -   holds the most it can want, 3; not priced
  Chaos Core                         4   746,262   749,742     3,480      0   
  Force Core (Ultimate)              3         -         -         -      -   holds the most it can want, 3; not priced
  Force Core(High)                   2   180,000   184,992     4,992      0   
  Upgrade Core (Ultimate)            3         -         -         -      -   holds the most it can want, 3; not priced

  nothing inside rows 1-27 holds fewer rows than its margin is worth.

  Armor Account bind Unseal Stone: 1 row(s) inside 1-27, 1 wanted; row 2 'Armor Account bind Unseal Stone'
    floor 187,364,780: 500/1000 of the 374,729,560 voucher, read at launch

  Armor Account bind Seal Stone: 1 row(s) inside 1-27, 1 wanted; row 3 'Armor Account bind Seal Stone'
    floor 187,364,780: 500/1000 of the 374,729,560 voucher, read at launch

  Blessing Bead - Superior: 1 row(s) inside 1-27, 1 wanted; row 1 'Blessing Bead - Superior'
    floor 163,756,817: 437/1000 of the 374,729,560 voucher, read at launch
    the quantity column read 'Superior', which holds no digits, so it is the end of the name and not a count; reading the row as 'Blessing Bead - Superior' and letting the panel count what is there
    one line read 'serene wbéee 1 169,999,997 OnSale Change'; read as stacked lines it is 'Blessing Bead - Superior 169,999,997 OnSale Change'
  tab 4 read from the screen in 1541 ms: 0 slot(s) held
  row 1: 'Blessing Bead - Superior' x1 at 169,999,997 -> tab 4 slot (1, 1)
    floor 163,756,817 from what it cost; listed at 169,999,997, above it
TASK {"kind": "relist", "row": 1, "item": "Blessing Bead - Superior", "qty": 1, "price": 169999997, "tab": 4, "slot": [1, 1], "lands_in": 1}
  inventory slot (1,1) at (1475, 236)
    read: current min 169,999,998, price field 169,999,998, net sales 169,999,998, week average 192,063,448, listed at 169,999,997
    the lowest listed price is 169,999,998, from the row and 3 more
    market 169,999,998, typing 169,999,997, 1 under the market
    net sales 169,999,997 is 1 x 169,999,997
  typed 250; the net sales make it 1
    the panel holds 169,999,997 against the 169,999,997 typed
  tab 4 read in 23 ms after the listing: 0 slot(s) held

  list 1 at 169,999,997
    #         ms   share  step
    1       20.8    0.4%  read the panel before loading
    2       18.2    0.3%  wait for slot (1,1) to fill
    3      811.9   14.1%  ctrl-click (1,1) attempt 1
    4      594.2   10.3%  read the suggested price
    5     1658.3   28.9%  type the price 169,999,997
    6      946.2   16.5%  type the quantity 250
    7      312.3    5.4%  take the quantity from the net sales
    8       96.4    1.7%  read the price back before Register
    9      316.0    5.5%  click Register
   10       96.8    1.7%  find Confirmation
   11       21.3    0.4%  look for the underprice question
   12      311.5    5.4%  click Confirmation
   13      251.1    4.4%  park
   14      243.4    4.2%  confirm the dialog is gone
   15       19.8    0.3%  wait for the panel to let the item go
   16       22.6    0.4%  read tab 4 after the listing
          5741.1  100.0%  TOTAL
  listed 1 at 169,999,997; it lands in row 1
DONE {"kind": "relist", "row": 1, "lands_in": 1, "qty": 1, "price": 169999997, "item": "Blessing Bead - Superior"}
    relisted 1 at 169,999,997 in row 1
  tab 4 known from the last listing: 0 slot(s) held
  row 2: 'Armor Account bind Unseal Stone' x1 at 187,364,780 -> tab 4 slot (1, 1)
    floor 187,364,780 from what it cost; listed at 187,364,780, above it
TASK {"kind": "relist", "row": 2, "item": "Armor Account bind Unseal Stone", "qty": 1, "price": 187364780, "tab": 4, "slot": [1, 1], "lands_in": 2}
  inventory slot (1,1) at (1475, 236)
    read: current min 187,000,000, price field 187,000,000, net sales 187,000,000, week average 192,114,171, listed at 187,364,780
    the lowest listed price is 187,000,000, from the row and 3 more
    market 186,999,999 is under the 187,364,780 floor (it is worth what it cost); listing at the floor
    market 187,000,000, typing 187,364,780, 364,780 over the market
    net sales 187,364,780 is 1 x 187,364,780
  typed 250; the net sales make it 1
    the panel holds 187,364,780 against the 187,364,780 typed
  tab 4 read in 25 ms after the listing: 0 slot(s) held

  list 1 at 187,364,780
    #         ms   share  step
    1       18.9    0.3%  read the panel before loading
    2       18.9    0.3%  wait for slot (1,1) to fill
    3      813.3   14.1%  ctrl-click (1,1) attempt 1
    4      601.9   10.5%  read the suggested price
    5     1662.6   28.9%  type the price 187,364,780
    6      949.2   16.5%  type the quantity 250
    7      310.3    5.4%  take the quantity from the net sales
    8       97.2    1.7%  read the price back before Register
    9      313.3    5.4%  click Register
   10       97.1    1.7%  find Confirmation
   11       21.4    0.4%  look for the underprice question
   12      315.2    5.5%  click Confirmation
   13      250.7    4.4%  park
   14      241.9    4.2%  confirm the dialog is gone
   15       20.2    0.4%  wait for the panel to let the item go
   16       25.3    0.4%  read tab 4 after the listing
          5757.5  100.0%  TOTAL
  listed 1 at 187,364,780; it lands in row 2
DONE {"kind": "relist", "row": 2, "lands_in": 2, "qty": 1, "price": 187364780, "item": "Armor Account bind Unseal Stone"}
    relisted 1 at 187,364,780 in row 2, 2 relist(s) on the floor now
  tab 4 known from the last listing: 0 slot(s) held
  row 3: 'Armor Account bind Seal Stone' x2 at 187,364,780 -> tab 4 slot (1, 1)
    floor 187,364,780 from what it cost; listed at 187,364,780, above it
TASK {"kind": "relist", "row": 3, "item": "Armor Account bind Seal Stone", "qty": 2, "price": 187364780, "tab": 4, "slot": [1, 1], "lands_in": 3}
  inventory slot (1,1) at (1475, 236)
    read: current min 187,000,000, price field 187,000,000, net sales 187,000,000, week average 190,073,428, listed at 187,364,780
    the lowest listed price is 187,000,000, from the row and 3 more
    market 186,999,999 is under the 187,364,780 floor (it is worth what it cost); listing at the floor
    market 187,000,000, typing 187,364,780, 364,780 over the market
    net sales 374,729,560 is 2 x 187,364,780
  typed 250; the net sales make it 2
    the panel holds 187,364,780 against the 187,364,780 typed
  tab 4 read in 26 ms after the listing: 0 slot(s) held

  list 2 at 187,364,780
    #         ms   share  step
    1       19.4    0.3%  read the panel before loading
    2       23.3    0.4%  wait for slot (1,1) to fill
    3      812.6   14.1%  ctrl-click (1,1) attempt 1
    4      602.0   10.5%  read the suggested price
    5     1663.4   28.9%  type the price 187,364,780
    6      946.3   16.4%  type the quantity 250
    7      315.8    5.5%  take the quantity from the net sales
    8       94.6    1.6%  read the price back before Register
    9      318.4    5.5%  click Register
   10       99.8    1.7%  find Confirmation
   11       18.2    0.3%  look for the underprice question
   12      311.7    5.4%  click Confirmation
   13      250.8    4.4%  park
   14      237.6    4.1%  confirm the dialog is gone
   15       20.2    0.4%  wait for the panel to let the item go
   16       25.6    0.4%  read tab 4 after the listing
          5759.7  100.0%  TOTAL
  listed 2 at 187,364,780; it lands in row 3
DONE {"kind": "relist", "row": 3, "lands_in": 3, "qty": 2, "price": 187364780, "item": "Armor Account bind Seal Stone"}
    relisted 2 at 187,364,780 in row 3, 2 relist(s) on the floor now
  tab 4 known from the last listing: 0 slot(s) held
  row 4: 'Force Core (Ultimate' x64 at 383,841 -> tab 4 slot (1, 1)
    floor 374,843 (374,843 x 1) from Force Core Set (Ultimate) as last bought; listed at 383,841, above it
TASK {"kind": "relist", "row": 4, "item": "Force Core (Ultimate", "qty": 64, "price": 383841, "tab": 4, "slot": [1, 1], "lands_in": 4}
  inventory slot (1,1) at (1475, 236)
    read: current min 383,836, price field 383,836, net sales 383,836, week average 411,299, listed at 383,841
    the lowest listed price is 383,836, from the row and 3 more
    market 383,836, typing 383,835, 1 under the market
    net sales 24,565,440 is 64 x 383,835
  typed 250; the net sales make it 64
    the panel holds 383,835 against the 383,835 typed
  tab 4 read in 24 ms after the listing: 0 slot(s) held

  list 64 at 383,835
    #         ms   share  step
    1       18.2    0.3%  read the panel before loading
    2       16.1    0.3%  wait for slot (1,1) to fill
    3      808.5   14.7%  ctrl-click (1,1) attempt 1
    4      588.3   10.7%  read the suggested price
    5     1445.7   26.2%  type the price 383,835
    6      950.5   17.2%  type the quantity 250
    7      315.7    5.7%  take the quantity from the net sales
    8       91.8    1.7%  read the price back before Register
    9      312.6    5.7%  click Register
   10       99.9    1.8%  find Confirmation
   11       21.1    0.4%  look for the underprice question
   12      313.2    5.7%  click Confirmation
   13      251.3    4.6%  park
   14      237.0    4.3%  confirm the dialog is gone
   15       19.8    0.4%  wait for the panel to let the item go
   16       24.4    0.4%  read tab 4 after the listing
          5514.0  100.0%  TOTAL
  listed 64 at 383,835; it lands in row 4
DONE {"kind": "relist", "row": 4, "lands_in": 4, "qty": 64, "price": 383835, "item": "Force Core (Ultimate"}
    relisted 64 at 383,835 in row 4
  tab 4 known from the last listing: 0 slot(s) held
  row 5: 'Arionell' x1 at 305,185,713 -> tab 4 slot (1, 1)
    floor 281,047,170 from what it cost; listed at 305,185,713, above it
TASK {"kind": "relist", "row": 5, "item": "Arionell", "qty": 1, "price": 305185713, "tab": 4, "slot": [1, 1], "lands_in": 5}
  inventory slot (1,1) at (1475, 236)
    read: current min 260,000,000, price field 260,000,000, net sales 260,000,000, week average 315,560,317, listed at 305,185,713
    the lowest listed price is 260,000,000, from the row and 3 more
    the market asks 259,999,999, 45,185,714 under our 305,185,713; holding at 304,185,713, the most this row may fall in one relist
    market 260,000,000, typing 304,185,713, 44,185,713 over the market
    net sales 304,185,713 is 1 x 304,185,713
  typed 250; the net sales make it 1
    the panel holds 304,185,713 against the 304,185,713 typed
  tab 4 read in 22 ms after the listing: 0 slot(s) held

  list 1 at 304,185,713
    #         ms   share  step
    1       20.8    0.4%  read the panel before loading
    2       16.2    0.3%  wait for slot (1,1) to fill
    3      818.3   14.3%  ctrl-click (1,1) attempt 1
    4      596.8   10.4%  read the suggested price
    5     1661.9   29.0%  type the price 304,185,713
    6      948.9   16.5%  type the quantity 250
    7      311.6    5.4%  take the quantity from the net sales
    8       96.1    1.7%  read the price back before Register
    9      309.9    5.4%  click Register
   10       99.2    1.7%  find Confirmation
   11       17.0    0.3%  look for the underprice question
   12      315.4    5.5%  click Confirmation
   13      250.9    4.4%  park
   14      237.1    4.1%  confirm the dialog is gone
   15       15.4    0.3%  wait for the panel to let the item go
   16       21.8    0.4%  read tab 4 after the listing
          5737.4  100.0%  TOTAL
  listed 1 at 304,185,713; it lands in row 5
DONE {"kind": "relist", "row": 5, "lands_in": 5, "qty": 1, "price": 304185713, "item": "Arionell"}
    relisted 1 at 304,185,713 in row 5
  tab 4 known from the last listing: 0 slot(s) held
  row 6: 'Upgrade Core (Ultimate' x15 at 536,728 -> tab 4 slot (1, 1)
    floor 469,773 (469,773 x 1) from Upgrade Core Set (Ultimate) as last bought; listed at 536,728, above it
TASK {"kind": "relist", "row": 6, "item": "Upgrade Core (Ultimate", "qty": 15, "price": 536728, "tab": 4, "slot": [1, 1], "lands_in": 6}
  inventory slot (1,1) at (1475, 236)
    read: current min 536,722, price field 536,722, net sales 536,722, week average 466,479, listed at 536,728
    the lowest listed price is 536,722, from the row and 3 more
    market 536,722, typing 536,721, 1 under the market
    net sales 8,050,815 is 15 x 536,721
  typed 250; the net sales make it 15
    the panel holds 536,721 against the 536,721 typed
  tab 4 read in 21 ms after the listing: 0 slot(s) held

  list 15 at 536,721
    #         ms   share  step
    1       16.7    0.3%  read the panel before loading
    2       20.3    0.4%  wait for slot (1,1) to fill
    3      811.4   14.6%  ctrl-click (1,1) attempt 1
    4      656.2   11.8%  read the suggested price
    5     1447.1   26.0%  type the price 536,721
    6      946.4   17.0%  type the quantity 250
    7      309.8    5.6%  take the quantity from the net sales
    8       92.4    1.7%  read the price back before Register
    9      311.8    5.6%  click Register
   10       96.2    1.7%  find Confirmation
   11       20.1    0.4%  look for the underprice question
   12      303.8    5.5%  click Confirmation
   13      251.1    4.5%  park
   14      238.2    4.3%  confirm the dialog is gone
   15       18.7    0.3%  wait for the panel to let the item go
   16       20.6    0.4%  read tab 4 after the listing
          5560.8  100.0%  TOTAL
  listed 15 at 536,721; it lands in row 6
DONE {"kind": "relist", "row": 6, "lands_in": 6, "qty": 15, "price": 536721, "item": "Upgrade Core (Ultimate"}
    relisted 15 at 536,721 in row 6
  tab 4 known from the last listing: 0 slot(s) held
  row 7: 'Force Core (Ultimate' x225 at 383,839 -> tab 4 slot (1, 1)
    floor 374,843 (374,843 x 1) from Force Core Set (Ultimate) as last bought; listed at 383,839, above it
TASK {"kind": "relist", "row": 7, "item": "Force Core (Ultimate", "qty": 225, "price": 383839, "tab": 4, "slot": [1, 1], "lands_in": 7}
  inventory slot (1,1) at (1475, 236)
    read: current min 383,835, price field 383,835, net sales 383,835, week average 411,299, listed at 383,839
    the lowest listed price is 383,835, from the row and 3 more
    market 383,835, typing 383,834, 1 under the market
    net sales 86,362,650 is 225 x 383,834
  typed 250; the net sales make it 225
    the panel holds 383,834 against the 383,834 typed
  tab 4 read in 23 ms after the listing: 0 slot(s) held

  list 225 at 383,834
    #         ms   share  step
    1       16.1    0.3%  read the panel before loading
    2       17.4    0.3%  wait for slot (1,1) to fill
    3      810.6   14.8%  ctrl-click (1,1) attempt 1
    4      578.7   10.6%  read the suggested price
    5     1443.9   26.4%  type the price 383,834
    6      945.4   17.3%  type the quantity 250
    7      310.8    5.7%  take the quantity from the net sales
    8       92.3    1.7%  read the price back before Register
    9      311.0    5.7%  click Register
   10       96.8    1.8%  find Confirmation
   11       18.5    0.3%  look for the underprice question
   12      308.6    5.6%  click Confirmation
   13      251.1    4.6%  park
   14      228.4    4.2%  confirm the dialog is gone
   15       16.1    0.3%  wait for the panel to let the item go
   16       22.6    0.4%  read tab 4 after the listing
          5468.3  100.0%  TOTAL
  listed 225 at 383,834; it lands in row 7
DONE {"kind": "relist", "row": 7, "lands_in": 7, "qty": 225, "price": 383834, "item": "Force Core (Ultimate"}
    relisted 225 at 383,834 in row 7
  tab 4 known from the last listing: 0 slot(s) held
  row 8: 'Force Core(Highest' x166 at 199,984 -> tab 4 slot (1, 1)
    floor 195,487 (195,487 x 1) from Force Core Set (Highest) as last bought; listed at 199,984, above it
TASK {"kind": "relist", "row": 8, "item": "Force Core(Highest", "qty": 166, "price": 199984, "tab": 4, "slot": [1, 1], "lands_in": 8}
  inventory slot (1,1) at (1475, 236)
    read: current min 199,981, price field 199,981, net sales 199,981, week average 213,123, listed at 199,984
    the lowest listed price is 199,981, from the row and 3 more
    market 199,981, typing 199,980, 1 under the market
    net sales 33,196,680 is 166 x 199,980
  typed 250; the net sales make it 166
    the panel holds 199,980 against the 199,980 typed
  tab 4 read in 21 ms after the listing: 0 slot(s) held

  list 166 at 199,980
    #         ms   share  step
    1       19.6    0.4%  read the panel before loading
    2       20.0    0.4%  wait for slot (1,1) to fill
    3      810.6   14.6%  ctrl-click (1,1) attempt 1
    4      648.2   11.7%  read the suggested price
    5     1438.5   26.0%  type the price 199,980
    6      943.5   17.0%  type the quantity 250
    7      307.9    5.6%  take the quantity from the net sales
    8       95.3    1.7%  read the price back before Register
    9      309.8    5.6%  click Register
   10       93.5    1.7%  find Confirmation
   11       19.8    0.4%  look for the underprice question
   12      304.0    5.5%  click Confirmation
   13      250.9    4.5%  park
   14      234.6    4.2%  confirm the dialog is gone
   15       18.0    0.3%  wait for the panel to let the item go
   16       20.7    0.4%  read tab 4 after the listing
          5534.9  100.0%  TOTAL
  listed 166 at 199,980; it lands in row 8
DONE {"kind": "relist", "row": 8, "lands_in": 8, "qty": 166, "price": 199980, "item": "Force Core(Highest"}
    relisted 166 at 199,980 in row 8
  tab 4 known from the last listing: 0 slot(s) held
  row 9: 'Chaos Core' x1 at 746,797 -> tab 4 slot (1, 1)
    floor 748,999 (748,999 x 1) from what it cost; listed at 746,797, UNDER the floor
TASK {"kind": "relist", "row": 9, "item": "Chaos Core", "qty": 1, "price": 746797, "tab": 4, "slot": [1, 1], "lands_in": 9}
    row 9 is the Chaos Core special row; listing at 618 under the market, no floor
  inventory slot (1,1) at (1475, 236)
    read: current min 746,262, price field 746,262, net sales 746,262, week average 717,087, listed at unread
    the lowest listed price is 746,262, from the row and 2 more
    market 746,262, typing 745,644, 618 under the market
    net sales 745,644 is 1 x 745,644
  typed 250; the net sales make it 1
    the panel holds 745,644 against the 745,644 typed
  tab 4 read in 20 ms after the listing: 0 slot(s) held

  list 1 at 745,644
    #         ms   share  step
    1       18.6    0.3%  read the panel before loading
    2       15.7    0.3%  wait for slot (1,1) to fill
    3      812.9   14.8%  ctrl-click (1,1) attempt 1
    4      595.5   10.8%  read the suggested price
    5     1446.5   26.4%  type the price 745,644
    6      947.0   17.3%  type the quantity 250
    7      302.3    5.5%  take the quantity from the net sales
    8       94.8    1.7%  read the price back before Register
    9      314.8    5.7%  click Register
   10       93.9    1.7%  find Confirmation
   11       18.7    0.3%  look for the underprice question
   12      308.2    5.6%  click Confirmation
   13      251.2    4.6%  park
   14      232.3    4.2%  confirm the dialog is gone
   15       16.9    0.3%  wait for the panel to let the item go
   16       20.0    0.4%  read tab 4 after the listing
          5489.4  100.0%  TOTAL
  listed 1 at 745,644; it lands in row 9
DONE {"kind": "relist", "row": 9, "lands_in": 9, "qty": 1, "price": 745644, "item": "Chaos Core"}
    relisted 1 at 745,644 in row 9
  tab 4 known from the last listing: 0 slot(s) held
  row 10: 'Upgrade Core (Ultimate' x20 at 536,725 -> tab 4 slot (1, 1)
    floor 469,773 (469,773 x 1) from what it cost; listed at 536,725, above it
TASK {"kind": "relist", "row": 10, "item": "Upgrade Core (Ultimate", "qty": 20, "price": 536725, "tab": 4, "slot": [1, 1], "lands_in": 10}
  inventory slot (1,1) at (1475, 236)
    read: current min 536,721, price field 536,721, net sales 536,721, week average 466,479, listed at 536,725
    the lowest listed price is 536,721, from the row and 3 more
    market 536,721, typing 536,720, 1 under the market
    net sales 10,734,400 is 20 x 536,720
  typed 250; the net sales make it 20
    the panel holds 536,720 against the 536,720 typed
  tab 4 read in 20 ms after the listing: 0 slot(s) held

  list 20 at 536,720
    #         ms   share  step
    1       20.9    0.4%  read the panel before loading
    2       21.4    0.4%  wait for slot (1,1) to fill
    3      813.8   14.6%  ctrl-click (1,1) attempt 1
    4      656.0   11.8%  read the suggested price
    5     1448.2   26.0%  type the price 536,720
    6      945.2   17.0%  type the quantity 250
    7      311.7    5.6%  take the quantity from the net sales
    8       92.5    1.7%  read the price back before Register
    9      308.6    5.5%  click Register
   10       95.4    1.7%  find Confirmation
   11       18.5    0.3%  look for the underprice question
   12      309.0    5.5%  click Confirmation
   13      250.6    4.5%  park
   14      236.3    4.2%  confirm the dialog is gone
   15       20.2    0.4%  wait for the panel to let the item go
   16       20.1    0.4%  read tab 4 after the listing
          5568.3  100.0%  TOTAL
  listed 20 at 536,720; it lands in row 10
DONE {"kind": "relist", "row": 10, "lands_in": 10, "qty": 20, "price": 536720, "item": "Upgrade Core (Ultimate"}
    relisted 20 at 536,720 in row 10
  tab 4 known from the last listing: 0 slot(s) held
  row 11: 'Force Core(Highest' x250 at 199,983 -> tab 4 slot (1, 1)
    floor 195,487 (195,487 x 1) from Force Core Set (Highest) as last bought; listed at 199,983, above it
TASK {"kind": "relist", "row": 11, "item": "Force Core(Highest", "qty": 250, "price": 199983, "tab": 4, "slot": [1, 1], "lands_in": 11}
  inventory slot (1,1) at (1475, 236)
    read: current min 190,000, price field 190,000, net sales 190,000, week average 213,123, listed at 199,983
    the lowest listed price is 190,000, from the row and 3 more
    market 189,999 is under the 195,487 floor (a Force Core Set (Highest) as last bought costs 195,487); listing at the floor
    market 190,000, typing 195,487, 5,487 over the market
    net sales 48,871,750 is 250 x 195,487
  typed 250; the net sales make it 250
    the panel holds 195,487 against the 195,487 typed
  tab 4 read in 25 ms after the listing: 0 slot(s) held

  list 250 at 195,487
    #         ms   share  step
    1       16.5    0.3%  read the panel before loading
    2       16.5    0.3%  wait for slot (1,1) to fill
    3      812.0   14.6%  ctrl-click (1,1) attempt 1
    4      650.7   11.7%  read the suggested price
    5     1443.4   25.9%  type the price 195,487
    6      947.2   17.0%  type the quantity 250
    7      311.8    5.6%  take the quantity from the net sales
    8       92.3    1.7%  read the price back before Register
    9      310.3    5.6%  click Register
   10       96.4    1.7%  find Confirmation
   11       17.0    0.3%  look for the underprice question
   12      312.6    5.6%  click Confirmation
   13      250.9    4.5%  park
   14      242.0    4.4%  confirm the dialog is gone
   15       18.6    0.3%  wait for the panel to let the item go
   16       25.0    0.4%  read tab 4 after the listing
          5563.2  100.0%  TOTAL
  listed 250 at 195,487; it lands in row 11
DONE {"kind": "relist", "row": 11, "lands_in": 11, "qty": 250, "price": 195487, "item": "Force Core(Highest"}
    relisted 250 at 195,487 in row 11, 1 relist(s) on the floor now
  tab 4 known from the last listing: 0 slot(s) held
  row 12: 'Force Core(Highest' x136 at 199,982 -> tab 4 slot (1, 1)
    floor 195,487 (195,487 x 1) from Force Core Set (Highest) as last bought; listed at 199,982, above it
TASK {"kind": "relist", "row": 12, "item": "Force Core(Highest", "qty": 136, "price": 199982, "tab": 4, "slot": [1, 1], "lands_in": 12}
  inventory slot (1,1) at (1475, 236)
    read: current min 190,000, price field 190,000, net sales 190,000, week average 213,123, listed at 199,982
    the lowest listed price is 190,000, from the row and 3 more
    market 189,999 is under the 195,487 floor (a Force Core Set (Highest) as last bought costs 195,487); listing at the floor
    market 190,000, typing 195,487, 5,487 over the market
    net sales 26,586,232 is 136 x 195,487
  typed 250; the net sales make it 136
    the panel holds 195,487 against the 195,487 typed
  tab 4 read in 25 ms after the listing: 0 slot(s) held

  list 136 at 195,487
    #         ms   share  step
    1       18.0    0.3%  read the panel before loading
    2       17.6    0.3%  wait for slot (1,1) to fill
    3      816.3   14.6%  ctrl-click (1,1) attempt 1
    4      663.8   11.9%  read the suggested price
    5     1444.0   25.8%  type the price 195,487
    6      945.7   16.9%  type the quantity 250
    7      308.3    5.5%  take the quantity from the net sales
    8       92.8    1.7%  read the price back before Register
    9      316.4    5.7%  click Register
   10       95.6    1.7%  find Confirmation
   11       16.8    0.3%  look for the underprice question
   12      312.1    5.6%  click Confirmation
   13      251.2    4.5%  park
   14      248.7    4.4%  confirm the dialog is gone
   15       17.2    0.3%  wait for the panel to let the item go
   16       25.1    0.4%  read tab 4 after the listing
          5589.5  100.0%  TOTAL
  listed 136 at 195,487; it lands in row 12
DONE {"kind": "relist", "row": 12, "lands_in": 12, "qty": 136, "price": 195487, "item": "Force Core(Highest"}
    relisted 136 at 195,487 in row 12, 1 relist(s) on the floor now
    the quantity column read 'il', which holds no digits, so it is the end of the name and not a count; reading the row as 'Palladium Headpiece(BL) il' and letting the panel count what is there
  tab 4 known from the last listing: 0 slot(s) held
  row 13: 'Palladium Headpiece(BL) (anal (anal' x1 at 2,399,997 -> tab 4 slot (1, 1)
    the quantity column read 'il', which holds no digits, so it is the end of the name and not a count; reading the row as 'Palladium Headpiece(BL) il' and letting the panel count what is there
    no floor for 'Palladium Headpiece(BL) (anal (anal'
TASK {"kind": "relist", "row": 13, "item": "Palladium Headpiece(BL) (anal (anal", "qty": 1, "price": 2399997, "tab": 4, "slot": [1, 1], "lands_in": 13}
  inventory slot (1,1) at (1475, 236)
    read: current min 2,399,998, price field 2,399,998, net sales 2,399,998, week average 3,142,570, listed at 2,399,997
    the lowest listed price is 2,399,998, from the row and 3 more
    market 2,399,998, typing 2,399,997, 1 under the market
    net sales 2,399,997 is 1 x 2,399,997
  typed 250; the net sales make it 1
    the panel holds 2,399,997 against the 2,399,997 typed
  tab 4 read in 24 ms after the listing: 0 slot(s) held

  list 1 at 2,399,997
    #         ms   share  step
    1       18.6    0.3%  read the panel before loading
    2       20.0    0.4%  wait for slot (1,1) to fill
    3      815.8   14.6%  ctrl-click (1,1) attempt 1
    4      595.0   10.6%  read the suggested price
    5     1519.4   27.1%  type the price 2,399,997
    6      949.3   17.0%  type the quantity 250
    7      310.5    5.5%  take the quantity from the net sales
    8       93.8    1.7%  read the price back before Register
    9      315.6    5.6%  click Register
   10       96.0    1.7%  find Confirmation
   11       17.3    0.3%  look for the underprice question
   12      308.9    5.5%  click Confirmation
   13      250.9    4.5%  park
   14      241.2    4.3%  confirm the dialog is gone
   15       20.2    0.4%  wait for the panel to let the item go
   16       24.5    0.4%  read tab 4 after the listing
          5597.0  100.0%  TOTAL
  listed 1 at 2,399,997; it lands in row 13
DONE {"kind": "relist", "row": 13, "lands_in": 13, "qty": 1, "price": 2399997, "item": "Palladium Headpiece(BL) (anal (anal"}
    relisted 1 at 2,399,997 in row 13
    the quantity column read 'il', which holds no digits, so it is the end of the name and not a count; reading the row as 'Palladium Headgear(FB) il' and letting the panel count what is there
  tab 4 known from the last listing: 0 slot(s) held
  row 14: 'Palladium Headgear(FB) Lalla' x1 at 988,999 -> tab 4 slot (1, 1)
    the quantity column read 'il', which holds no digits, so it is the end of the name and not a count; reading the row as 'Palladium Headgear(FB) il' and letting the panel count what is there
    no floor for 'Palladium Headgear(FB) Lalla'
TASK {"kind": "relist", "row": 14, "item": "Palladium Headgear(FB) Lalla", "qty": 1, "price": 988999, "tab": 4, "slot": [1, 1], "lands_in": 14}
  inventory slot (1,1) at (1475, 236)
    read: current min 989,000, price field 989,000, net sales 989,000, week average 1,003,025, listed at 988,999
    the lowest listed price is 989,000, from the row and 3 more
    market 989,000, typing 988,999, 1 under the market
    net sales 988,999 is 1 x 988,999
  typed 250; the net sales make it 1
    the panel holds 988,999 against the 988,999 typed
  tab 4 read in 26 ms after the listing: 0 slot(s) held

  list 1 at 988,999
    #         ms   share  step
    1       18.4    0.3%  read the panel before loading
    2       22.0    0.4%  wait for slot (1,1) to fill
    3      814.4   14.5%  ctrl-click (1,1) attempt 1
    4      664.1   11.8%  read the suggested price
    5     1448.2   25.8%  type the price 988,999
    6      945.9   16.8%  type the quantity 250
    7      309.4    5.5%  take the quantity from the net sales
    8      108.5    1.9%  read the price back before Register
    9      315.5    5.6%  click Register
   10      101.7    1.8%  find Confirmation
   11       21.2    0.4%  look for the underprice question
   12      310.9    5.5%  click Confirmation
   13      250.9    4.5%  park
   14      248.2    4.4%  confirm the dialog is gone
   15       17.9    0.3%  wait for the panel to let the item go
   16       26.2    0.5%  read tab 4 after the listing
          5623.3  100.0%  TOTAL
  listed 1 at 988,999; it lands in row 14
DONE {"kind": "relist", "row": 14, "lands_in": 14, "qty": 1, "price": 988999, "item": "Palladium Headgear(FB) Lalla"}
    relisted 1 at 988,999 in row 14
    the quantity column read 'il', which holds no digits, so it is the end of the name and not a count; reading the row as 'Palladium Headgear(FA) il' and letting the panel count what is there
  tab 4 known from the last listing: 0 slot(s) held
  row 15: 'Palladium Headgear(FA) (anal (anal' x1 at 9,940,000 -> tab 4 slot (1, 1)
    the quantity column read 'il', which holds no digits, so it is the end of the name and not a count; reading the row as 'Palladium Headgear(FA) il' and letting the panel count what is there
    no floor for 'Palladium Headgear(FA) (anal (anal'
TASK {"kind": "relist", "row": 15, "item": "Palladium Headgear(FA) (anal (anal", "qty": 1, "price": 9940000, "tab": 4, "slot": [1, 1], "lands_in": 15}
  inventory slot (1,1) at (1475, 236)
    read: current min 3,224,985, price field 3,224,985, net sales 3,224,985, week average 3,224,985, listed at 9,940,000
    the lowest listed price is 3,224,985, from the row and 3 more
    the market asks 3,224,984, 6,715,016 under our 9,940,000; holding at 9,930,000, the most this row may fall in one relist
    market 3,224,985, typing 9,930,000, 6,705,015 over the market
    net sales 9,930,000 is 1 x 9,930,000
  typed 250; the net sales make it 1
    the panel holds 9,930,000 against the 9,930,000 typed
  tab 4 read in 24 ms after the listing: 0 slot(s) held

  list 1 at 9,930,000
    #         ms   share  step
    1       18.0    0.3%  read the panel before loading
    2       19.2    0.3%  wait for slot (1,1) to fill
    3      813.8   14.4%  ctrl-click (1,1) attempt 1
    4      663.7   11.7%  read the suggested price
    5     1521.6   26.9%  type the price 9,930,000
    6      948.9   16.8%  type the quantity 250
    7      310.1    5.5%  take the quantity from the net sales
    8       96.3    1.7%  read the price back before Register
    9      314.1    5.5%  click Register
   10       97.3    1.7%  find Confirmation
   11       19.8    0.3%  look for the underprice question
   12      311.8    5.5%  click Confirmation
   13      250.9    4.4%  park
   14      236.6    4.2%  confirm the dialog is gone
   15       17.0    0.3%  wait for the panel to let the item go
   16       24.5    0.4%  read tab 4 after the listing
          5663.7  100.0%  TOTAL
  listed 1 at 9,930,000; it lands in row 15
DONE {"kind": "relist", "row": 15, "lands_in": 15, "qty": 1, "price": 9930000, "item": "Palladium Headgear(FA) (anal (anal"}
    relisted 1 at 9,930,000 in row 15
    the quantity column read 'il', which holds no digits, so it is the end of the name and not a count; reading the row as 'Palladium Boots(FA) il' and letting the panel count what is there
  tab 4 known from the last listing: 0 slot(s) held
  row 16: 'Palladium Boots(FA) Lalla' x2 at 1,339,999 -> tab 4 slot (1, 1)
    the quantity column read 'il', which holds no digits, so it is the end of the name and not a count; reading the row as 'Palladium Boots(FA) il' and letting the panel count what is there
    no floor for 'Palladium Boots(FA) Lalla'
TASK {"kind": "relist", "row": 16, "item": "Palladium Boots(FA) Lalla", "qty": 2, "price": 1339999, "tab": 4, "slot": [1, 1], "lands_in": 16}
  inventory slot (1,1) at (1475, 236)
    read: current min 1,300,000, price field 1,300,000, net sales 1,300,000, week average 1,573,751, listed at 1,339,999
    the lowest listed price is 1,300,000, from the row and 3 more
    the market asks 1,299,999, 40,000 under our 1,339,999; holding at 1,329,999, the most this row may fall in one relist
    market 1,300,000, typing 1,329,999, 29,999 over the market
    net sales 2,659,998 is 2 x 1,329,999
  typed 250; the net sales make it 2
    the panel holds 1,329,999 against the 1,329,999 typed
  tab 4 read in 23 ms after the listing: 0 slot(s) held

  list 2 at 1,329,999
    #         ms   share  step
    1       18.7    0.3%  read the panel before loading
    2       19.4    0.3%  wait for slot (1,1) to fill
    3      812.6   14.5%  ctrl-click (1,1) attempt 1
    4      585.2   10.5%  read the suggested price
    5     1520.1   27.2%  type the price 1,329,999
    6      949.9   17.0%  type the quantity 250
    7      306.6    5.5%  take the quantity from the net sales
    8       93.9    1.7%  read the price back before Register
    9      316.6    5.7%  click Register
   10       97.8    1.7%  find Confirmation
   11       19.1    0.3%  look for the underprice question
   12      313.8    5.6%  click Confirmation
   13      251.1    4.5%  park
   14      240.6    4.3%  confirm the dialog is gone
   15       20.7    0.4%  wait for the panel to let the item go
   16       23.4    0.4%  read tab 4 after the listing
          5589.6  100.0%  TOTAL
  listed 2 at 1,329,999; it lands in row 16
DONE {"kind": "relist", "row": 16, "lands_in": 16, "qty": 2, "price": 1329999, "item": "Palladium Boots(FA) Lalla"}
    relisted 2 at 1,329,999 in row 16
    the quantity column read 'il', which holds no digits, so it is the end of the name and not a count; reading the row as 'Palladium Shoes(W1) il' and letting the panel count what is there
  tab 4 known from the last listing: 0 slot(s) held
  row 17: 'Palladium Shoes(W1) Lalla' x2 at 749,998 -> tab 4 slot (1, 1)
    the quantity column read 'il', which holds no digits, so it is the end of the name and not a count; reading the row as 'Palladium Shoes(W1) il' and letting the panel count what is there
    no floor for 'Palladium Shoes(W1) Lalla'
TASK {"kind": "relist", "row": 17, "item": "Palladium Shoes(W1) Lalla", "qty": 2, "price": 749998, "tab": 4, "slot": [1, 1], "lands_in": 17}
  inventory slot (1,1) at (1475, 236)
    read: current min 749,999, price field 749,999, net sales 749,999, week average 888,056, listed at 749,998
    the lowest listed price is 749,999, from the row and 3 more
    market 749,999, typing 749,998, 1 under the market
    net sales 1,499,996 is 2 x 749,998
  typed 250; the net sales make it 2
    the panel holds 749,998 against the 749,998 typed
  tab 4 read in 20 ms after the listing: 0 slot(s) held

  list 2 at 749,998
    #         ms   share  step
    1       21.3    0.4%  read the panel before loading
    2       20.7    0.4%  wait for slot (1,1) to fill
    3      815.0   14.8%  ctrl-click (1,1) attempt 1
    4      580.1   10.6%  read the suggested price
    5     1447.5   26.3%  type the price 749,998
    6      947.5   17.2%  type the quantity 250
    7      309.3    5.6%  take the quantity from the net sales
    8       89.8    1.6%  read the price back before Register
    9      315.2    5.7%  click Register
   10       93.0    1.7%  find Confirmation
   11       18.3    0.3%  look for the underprice question
   12      307.7    5.6%  click Confirmation
   13      250.9    4.6%  park
   14      239.1    4.4%  confirm the dialog is gone
   15       19.1    0.3%  wait for the panel to let the item go
   16       20.3    0.4%  read tab 4 after the listing
          5494.8  100.0%  TOTAL
  listed 2 at 749,998; it lands in row 17
DONE {"kind": "relist", "row": 17, "lands_in": 17, "qty": 2, "price": 749998, "item": "Palladium Shoes(W1) Lalla"}
    relisted 2 at 749,998 in row 17
    the quantity column read 'il', which holds no digits, so it is the end of the name and not a count; reading the row as 'Palladium Coat (FG) il' and letting the panel count what is there
  tab 4 known from the last listing: 0 slot(s) held
  row 18: 'Palladium Coat (FG) Lalla' x1 at 999,998 -> tab 4 slot (1, 1)
    the quantity column read 'il', which holds no digits, so it is the end of the name and not a count; reading the row as 'Palladium Coat (FG) il' and letting the panel count what is there
    no floor for 'Palladium Coat (FG) Lalla'
TASK {"kind": "relist", "row": 18, "item": "Palladium Coat (FG) Lalla", "qty": 1, "price": 999998, "tab": 4, "slot": [1, 1], "lands_in": 18}
  inventory slot (1,1) at (1475, 236)
    read: current min 999,999, price field 999,999, net sales 999,999, week average 2,352,743, listed at 999,998
    the lowest listed price is 999,999, from the row and 3 more
    market 999,999, typing 999,998, 1 under the market
    net sales 999,998 is 1 x 999,998
  typed 250; the net sales make it 1
    the panel holds 999,998 against the 999,998 typed
    the game asks again because 999,998 is at least 25% under its average for this item; accepting
  tab 4 read in 21 ms after the listing: 0 slot(s) held

  list 1 at 999,998
    #         ms   share  step
    1       21.7    0.3%  read the panel before loading
    2       19.7    0.3%  wait for slot (1,1) to fill
    3      812.4   11.9%  ctrl-click (1,1) attempt 1
    4      658.1    9.6%  read the suggested price
    5     1445.0   21.1%  type the price 999,998
    6      946.1   13.8%  type the quantity 250
    7      303.7    4.4%  take the quantity from the net sales
    8       92.0    1.3%  read the price back before Register
    9      313.5    4.6%  click Register
   10       93.3    1.4%  find Confirmation
   11      140.0    2.0%  look for the underprice question
   12      312.0    4.6%  click Confirmation on the question
   13       17.4    0.3%  wait for the question to go
   14      751.0   11.0%  park before the dialog takes another click at the same point
   15       91.8    1.3%  find Confirmation on the real dialog
   16      310.8    4.5%  click Confirmation
   17      250.9    3.7%  park
   18      234.8    3.4%  confirm the dialog is gone
   19       18.0    0.3%  wait for the panel to let the item go
   20       20.6    0.3%  read tab 4 after the listing
          6852.8  100.0%  TOTAL
  listed 1 at 999,998; it lands in row 18
DONE {"kind": "relist", "row": 18, "lands_in": 18, "qty": 1, "price": 999998, "item": "Palladium Coat (FG) Lalla"}
    relisted 1 at 999,998 in row 18
  tab 4 known from the last listing: 0 slot(s) held
  row 19: 'Chaos Core Set X 291' x1 at 218,176,376 -> tab 4 slot (1, 1)
    floor 214,753,635 (737,985 x 291) from Chaos Core as last bought; listed at 218,176,376, above it
TASK {"kind": "relist", "row": 19, "item": "Chaos Core Set X 291", "qty": 1, "price": 218176376, "tab": 4, "slot": [1, 1], "lands_in": 19}
  inventory slot (1,1) at (1475, 236)
    read: current min 218,174,922, price field 218,174,922, net sales 218,174,922, week average 211,873,608, listed at 218,176,376
    the lowest listed price is 218,174,922, from the row and 3 more
    market 218,174,922, typing 218,174,921, 1 under the market
    net sales 218,174,921 is 1 x 218,174,921
  typed 250; the net sales make it 1
    the panel holds 218,174,921 against the 218,174,921 typed
  tab 4 read in 21 ms after the listing: 0 slot(s) held

  list 1 at 218,174,921
    #         ms   share  step
    1       20.3    0.4%  read the panel before loading
    2       21.9    0.4%  wait for slot (1,1) to fill
    3      809.6   14.2%  ctrl-click (1,1) attempt 1
    4      593.4   10.4%  read the suggested price
    5     1659.3   29.0%  type the price 218,174,921
    6      947.0   16.6%  type the quantity 250
    7      309.6    5.4%  take the quantity from the net sales
    8       96.2    1.7%  read the price back before Register
    9      314.3    5.5%  click Register
   10       97.0    1.7%  find Confirmation
   11       15.8    0.3%  look for the underprice question
   12      307.8    5.4%  click Confirmation
   13      250.8    4.4%  park
   14      233.7    4.1%  confirm the dialog is gone
   15       16.0    0.3%  wait for the panel to let the item go
   16       20.9    0.4%  read tab 4 after the listing
          5713.7  100.0%  TOTAL
  listed 1 at 218,174,921; it lands in row 19
DONE {"kind": "relist", "row": 19, "lands_in": 19, "qty": 1, "price": 218174921, "item": "Chaos Core Set X 291"}
    relisted 1 at 218,174,921 in row 19
  tab 4 known from the last listing: 0 slot(s) held
  row 20: 'Force Core (Ultimate' x56 at 383,836 -> tab 4 slot (1, 1)
    floor 374,843 (374,843 x 1) from what it cost; listed at 383,836, above it
TASK {"kind": "relist", "row": 20, "item": "Force Core (Ultimate", "qty": 56, "price": 383836, "tab": 4, "slot": [1, 1], "lands_in": 20}
  inventory slot (1,1) at (1475, 236)
    read: current min 383,833, price field 383,833, net sales 383,833, week average 411,299, listed at 383,836
    the lowest listed price is 383,833, from the row and 3 more
    market 383,833, typing 383,832, 1 under the market
    net sales 21,494,592 is 56 x 383,832
  typed 250; the net sales make it 56
    the panel holds 383,832 against the 383,832 typed
  tab 4 read in 19 ms after the listing: 0 slot(s) held

  list 56 at 383,832
    #         ms   share  step
    1       21.4    0.4%  read the panel before loading
    2       19.2    0.4%  wait for slot (1,1) to fill
    3      808.2   14.7%  ctrl-click (1,1) attempt 1
    4      588.3   10.7%  read the suggested price
    5     1447.1   26.4%  type the price 383,832
    6      947.4   17.3%  type the quantity 250
    7      306.5    5.6%  take the quantity from the net sales
    8       93.8    1.7%  read the price back before Register
    9      309.8    5.7%  click Register
   10       92.0    1.7%  find Confirmation
   11       16.2    0.3%  look for the underprice question
   12      307.6    5.6%  click Confirmation
   13      251.1    4.6%  park
   14      234.0    4.3%  confirm the dialog is gone
   15       18.6    0.3%  wait for the panel to let the item go
   16       19.4    0.4%  read tab 4 after the listing
          5480.6  100.0%  TOTAL
  listed 56 at 383,832; it lands in row 20
DONE {"kind": "relist", "row": 20, "lands_in": 20, "qty": 56, "price": 383832, "item": "Force Core (Ultimate"}
    relisted 56 at 383,832 in row 20
  tab 4 known from the last listing: 0 slot(s) held
  row 21: 'Chaos Core Set X 249' x1 at 186,686,504 -> tab 4 slot (1, 1)
    floor 183,758,265 (737,985 x 249) from Chaos Core as last bought; listed at 186,686,504, above it
TASK {"kind": "relist", "row": 21, "item": "Chaos Core Set X 249", "qty": 1, "price": 186686504, "tab": 4, "slot": [1, 1], "lands_in": 21}
  inventory slot (1,1) at (1475, 236)
    read: current min 186,685,509, price field 186,685,509, net sales 186,685,509, week average 181,293,912, listed at 186,686,504
    the lowest listed price is 186,685,509, from the row and 3 more
    market 186,685,509, typing 186,685,508, 1 under the market
    net sales 186,685,508 is 1 x 186,685,508
  typed 250; the net sales make it 1
    the panel holds 186,685,508 against the 186,685,508 typed
  tab 4 read in 21 ms after the listing: 0 slot(s) held

  list 1 at 186,685,508
    #         ms   share  step
    1       20.4    0.4%  read the panel before loading
    2       18.8    0.3%  wait for slot (1,1) to fill
    3      812.2   14.2%  ctrl-click (1,1) attempt 1
    4      593.0   10.4%  read the suggested price
    5     1657.4   28.9%  type the price 186,685,508
    6      947.6   16.5%  type the quantity 250
    7      309.4    5.4%  take the quantity from the net sales
    8       96.5    1.7%  read the price back before Register
    9      313.3    5.5%  click Register
   10       94.0    1.6%  find Confirmation
   11       20.2    0.4%  look for the underprice question
   12      310.7    5.4%  click Confirmation
   13      250.8    4.4%  park
   14      243.5    4.3%  confirm the dialog is gone
   15       18.6    0.3%  wait for the panel to let the item go
   16       20.6    0.4%  read tab 4 after the listing
          5727.1  100.0%  TOTAL
  listed 1 at 186,685,508; it lands in row 21
DONE {"kind": "relist", "row": 21, "lands_in": 21, "qty": 1, "price": 186685508, "item": "Chaos Core Set X 249"}
    relisted 1 at 186,685,508 in row 21
  tab 4 known from the last listing: 0 slot(s) held
  row 22: 'Chaos Core Set X 267' x1 at 200,181,647 -> tab 4 slot (1, 1)
    floor 197,041,995 (737,985 x 267) from Chaos Core as last bought; listed at 200,181,647, above it
TASK {"kind": "relist", "row": 22, "item": "Chaos Core Set X 267", "qty": 1, "price": 200181647, "tab": 4, "slot": [1, 1], "lands_in": 22}
  inventory slot (1,1) at (1475, 236)
    read: current min 200,180,580, price field 200,180,580, net sales 200,180,580, week average 194,399,496, listed at 200,181,647
    the lowest listed price is 200,180,580, from the row and 3 more
    market 200,180,580, typing 200,180,579, 1 under the market
    net sales 200,180,579 is 1 x 200,180,579
  typed 250; the net sales make it 1
    the panel holds 200,180,579 against the 200,180,579 typed
  tab 4 read in 20 ms after the listing: 0 slot(s) held

  list 1 at 200,180,579
    #         ms   share  step
    1       18.6    0.3%  read the panel before loading
    2       16.7    0.3%  wait for slot (1,1) to fill
    3      814.8   14.3%  ctrl-click (1,1) attempt 1
    4      589.1   10.3%  read the suggested price
    5     1658.2   29.1%  type the price 200,180,579
    6      944.5   16.6%  type the quantity 250
    7      308.3    5.4%  take the quantity from the net sales
    8       97.9    1.7%  read the price back before Register
    9      307.8    5.4%  click Register
   10       94.4    1.7%  find Confirmation
   11       25.8    0.5%  look for the underprice question
   12      308.6    5.4%  click Confirmation
   13      250.7    4.4%  park
   14      228.2    4.0%  confirm the dialog is gone
   15       18.1    0.3%  wait for the panel to let the item go
   16       19.6    0.3%  read tab 4 after the listing
          5701.4  100.0%  TOTAL
  listed 1 at 200,180,579; it lands in row 22
DONE {"kind": "relist", "row": 22, "lands_in": 22, "qty": 1, "price": 200180579, "item": "Chaos Core Set X 267"}
    relisted 1 at 200,180,579 in row 22
  tab 4 known from the last listing: 0 slot(s) held
  row 23: 'Upgrade Core (Ultimate' x54 at 536,723 -> tab 4 slot (1, 1)
    floor 469,773 (469,773 x 1) from Upgrade Core Set (Ultimate) as last bought; listed at 536,723, above it
TASK {"kind": "relist", "row": 23, "item": "Upgrade Core (Ultimate", "qty": 54, "price": 536723, "tab": 4, "slot": [1, 1], "lands_in": 23}
  inventory slot (1,1) at (1475, 236)
    read: current min 536,718, price field 536,718, net sales 536,718, week average 466,479, listed at 536,723
    the lowest listed price is 536,718, from the row and 3 more
    market 536,718, typing 536,717, 1 under the market
    net sales 28,982,718 is 54 x 536,717
  typed 250; the net sales make it 54
    the panel holds 536,717 against the 536,717 typed
  tab 4 read in 25 ms after the listing: 0 slot(s) held

  list 54 at 536,717
    #         ms   share  step
    1       19.2    0.3%  read the panel before loading
    2       16.3    0.3%  wait for slot (1,1) to fill
    3      809.4   14.5%  ctrl-click (1,1) attempt 1
    4      657.8   11.8%  read the suggested price
    5     1442.7   25.9%  type the price 536,717
    6      947.5   17.0%  type the quantity 250
    7      309.4    5.6%  take the quantity from the net sales
    8       92.6    1.7%  read the price back before Register
    9      309.6    5.6%  click Register
   10      100.7    1.8%  find Confirmation
   11       19.7    0.4%  look for the underprice question
   12      308.6    5.5%  click Confirmation
   13      250.9    4.5%  park
   14      239.0    4.3%  confirm the dialog is gone
   15       18.9    0.3%  wait for the panel to let the item go
   16       24.8    0.4%  read tab 4 after the listing
          5567.1  100.0%  TOTAL
  listed 54 at 536,717; it lands in row 23
DONE {"kind": "relist", "row": 23, "lands_in": 23, "qty": 54, "price": 536717, "item": "Upgrade Core (Ultimate"}
    relisted 54 at 536,717 in row 23
  tab 4 known from the last listing: 0 slot(s) held
  row 24: 'Chaos Core Set X 252' x1 at 188,935,235 -> tab 4 slot (1, 1)
    floor 185,972,220 (737,985 x 252) from Chaos Core as last bought; listed at 188,935,235, above it
TASK {"kind": "relist", "row": 24, "item": "Chaos Core Set X 252", "qty": 1, "price": 188935235, "tab": 4, "slot": [1, 1], "lands_in": 24}
  inventory slot (1,1) at (1475, 236)
    read: current min 188,934,228, price field 188,934,228, net sales 188,934,228, week average 183,478,176, listed at 188,935,235
    the lowest listed price is 188,934,228, from the row and 3 more
    market 188,934,228, typing 188,934,227, 1 under the market
    net sales 188,934,227 is 1 x 188,934,227
  typed 250; the net sales make it 1
    the panel holds 188,934,227 against the 188,934,227 typed
  tab 4 read in 22 ms after the listing: 0 slot(s) held

  list 1 at 188,934,227
    #         ms   share  step
    1       17.6    0.3%  read the panel before loading
    2       22.2    0.4%  wait for slot (1,1) to fill
    3      815.2   14.2%  ctrl-click (1,1) attempt 1
    4      597.8   10.4%  read the suggested price
    5     1663.9   28.9%  type the price 188,934,227
    6      946.7   16.5%  type the quantity 250
    7      313.8    5.5%  take the quantity from the net sales
    8       95.7    1.7%  read the price back before Register
    9      316.5    5.5%  click Register
   10       98.9    1.7%  find Confirmation
   11       17.2    0.3%  look for the underprice question
   12      313.3    5.5%  click Confirmation
   13      251.2    4.4%  park
   14      238.8    4.2%  confirm the dialog is gone
   15       17.0    0.3%  wait for the panel to let the item go
   16       22.0    0.4%  read tab 4 after the listing
          5747.6  100.0%  TOTAL
  listed 1 at 188,934,227; it lands in row 24
DONE {"kind": "relist", "row": 24, "lands_in": 24, "qty": 1, "price": 188934227, "item": "Chaos Core Set X 252"}
    relisted 1 at 188,934,227 in row 24
  tab 4 known from the last listing: 0 slot(s) held
  row 25: 'Force Core(High' x250 at 184,991 -> tab 4 slot (1, 1)
    floor 176,867 (176,867 x 1) from Force Core Set (High) as last bought; listed at 184,991, above it
TASK {"kind": "relist", "row": 25, "item": "Force Core(High", "qty": 250, "price": 184991, "tab": 4, "slot": [1, 1], "lands_in": 25}
  inventory slot (1,1) at (1475, 236)
    read: current min 184,990, price field 184,990, net sales 184,990, week average 199,396, listed at 184,991
    the lowest listed price is 184,990, from the row and 3 more
    market 184,990, typing 184,989, 1 under the market
    net sales 46,247,250 is 250 x 184,989
  typed 250; the net sales make it 250
    the panel holds 184,989 against the 184,989 typed
  tab 4 read in 22 ms after the listing: 0 slot(s) held

  list 250 at 184,989
    #         ms   share  step
    1       19.0    0.3%  read the panel before loading
    2       20.0    0.4%  wait for slot (1,1) to fill
    3      811.7   14.7%  ctrl-click (1,1) attempt 1
    4      597.3   10.8%  read the suggested price
    5     1449.1   26.2%  type the price 184,989
    6      946.3   17.1%  type the quantity 250
    7      311.4    5.6%  take the quantity from the net sales
    8       98.4    1.8%  read the price back before Register
    9      310.5    5.6%  click Register
   10      102.0    1.8%  find Confirmation
   11       19.3    0.3%  look for the underprice question
   12      312.5    5.6%  click Confirmation
   13      251.5    4.5%  park
   14      243.2    4.4%  confirm the dialog is gone
   15       17.5    0.3%  wait for the panel to let the item go
   16       22.2    0.4%  read tab 4 after the listing
          5532.0  100.0%  TOTAL
  listed 250 at 184,989; it lands in row 25
DONE {"kind": "relist", "row": 25, "lands_in": 25, "qty": 250, "price": 184989, "item": "Force Core(High"}
    relisted 250 at 184,989 in row 25
  tab 4 known from the last listing: 0 slot(s) held
  row 26: 'Force Core(High' x86 at 184,990 -> tab 4 slot (1, 1)
    floor 176,867 (176,867 x 1) from Force Core Set (High) as last bought; listed at 184,990, above it
TASK {"kind": "relist", "row": 26, "item": "Force Core(High", "qty": 86, "price": 184990, "tab": 4, "slot": [1, 1], "lands_in": 26}
  inventory slot (1,1) at (1475, 236)
    read: current min 184,989, price field 184,989, net sales 184,989, week average 199,396, listed at 184,990
    the lowest listed price is 184,989, from the row and 3 more
    market 184,989, typing 184,988, 1 under the market
    net sales 15,908,968 is 86 x 184,988
  typed 250; the net sales make it 86
    the panel holds 184,988 against the 184,988 typed
  tab 4 read in 24 ms after the listing: 0 slot(s) held

  list 86 at 184,988
    #         ms   share  step
    1       19.4    0.3%  read the panel before loading
    2       15.3    0.3%  wait for slot (1,1) to fill
    3      814.7   14.7%  ctrl-click (1,1) attempt 1
    4      592.7   10.7%  read the suggested price
    5     1452.9   26.2%  type the price 184,988
    6      944.8   17.0%  type the quantity 250
    7      311.3    5.6%  take the quantity from the net sales
    8       94.1    1.7%  read the price back before Register
    9      316.4    5.7%  click Register
   10      109.7    2.0%  find Confirmation
   11       20.9    0.4%  look for the underprice question
   12      314.7    5.7%  click Confirmation
   13      251.2    4.5%  park
   14      243.6    4.4%  confirm the dialog is gone
   15       19.1    0.3%  wait for the panel to let the item go
   16       24.4    0.4%  read tab 4 after the listing
          5545.2  100.0%  TOTAL
  listed 86 at 184,988; it lands in row 26
DONE {"kind": "relist", "row": 26, "lands_in": 26, "qty": 86, "price": 184988, "item": "Force Core(High"}
    relisted 86 at 184,988 in row 26
  row 27 is empty; nothing to relist

  relisting rows 1-27: 26 relisted, 1 empty, 0 skipped
    #          ms   share     n      each  phase
    1   147,298.3   48.1%    26   5,665.3  list it back
    2    98,171.0   32.0%    26   3,775.8  cancel the row and take it back
    3    27,579.9    9.0%    26   1,060.8  select inventory tab 4
    4    21,503.4    7.0%    27     796.4  scroll to the row and read it
    5     9,873.3    3.2%    27     365.7  Refresh the table
    6     1,540.8    0.5%     1   1,540.8  read tab 4 before the withdrawal
    7       476.4    0.2%    26      18.3  check the shop slot is empty
        306,443.2  100.0%

  returning the game to its default state
restoring the default state:
  Escape: window closed
  Inventory already closed
  the gift box at [284, 994]
  Receive All at [1209, 786]
  Receive 1 of 4 at [1214, 327]
  Receive 2 of 4 at [1214, 425]
  Receive 3 of 4 at [1214, 523]
  Receive 4 of 4 at [1214, 621]
  the special giftbox's Receive at [1438, 492]
  Close at [1483, 846]
  took 4 gift(s)
  the Agent Shop is shut and the vendor is not open either; reopening it
  Inventory shut: slot grid 0.09, needs 0.33

  board after pass 2:
                                                   bought/u   listed/u  margin      row price
     1  Blessing Bead - Superior           x1    163,756,817 169,999,997   +3.7%    169,999,997
     2  Armor Account bind Unseal Stone    x1    187,364,780 187,364,780   +0.0%    187,364,780
     3  Armor Account bind Seal Stone      x2    187,364,780 187,364,780   +0.0%    187,364,780
     4  Force Core (Ultimate               x64            -    383,835       -        383,835
     5  Arionell                           x1    281,047,170 304,185,713   +7.6%    304,185,713
     6  Upgrade Core (Ultimate             x15            -    536,721       -        536,721
     7  Force Core (Ultimate               x225           -    383,834       -        383,834
     8  Force Core(Highest                 x166           -    199,980       -        199,980
     9  Chaos Core                         x1       748,999    745,644   -0.4%        745,644
    10  Upgrade Core (Ultimate             x20      469,773    536,720  +12.5%        536,720
    11  Force Core(Highest                 x250           -    195,487       -        195,487
    12  Force Core(Highest                 x136           -    195,487       -        195,487
    13  Palladium Headpiece(BL) (anal (ana x1             -  2,399,997       -      2,399,997
    14  Palladium Headgear(FB) Lalla       x1             -    988,999       -        988,999
    15  Palladium Headgear(FA) (anal (anal x1             -  9,930,000       -      9,930,000
    16  Palladium Boots(FA) Lalla          x2             -  1,329,999       -      1,329,999
    17  Palladium Shoes(W1) Lalla          x2             -    749,998       -        749,998
    18  Palladium Coat (FG) Lalla          x1             -    999,998       -        999,998
    19  Chaos Core Set X 291               x1             -    749,741       -    218,174,921
    20  Force Core (Ultimate               x56      374,843    383,832   +2.3%        383,832
    21  Chaos Core Set X 249               x1             -    749,740       -    186,685,508
    22  Chaos Core Set X 267               x1             -    749,739       -    200,180,579
    23  Upgrade Core (Ultimate             x54            -    536,717       -        536,717
    24  Chaos Core Set X 252               x1             -    749,738       -    188,934,227
    25  Force Core(High                    x250           -    184,989       -        184,989
    26  Force Core(High                    x86            -    184,988       -        184,988
    28  Archridium Suit (DM) Lalla         x1             -  1,685,749       -      1,685,749
    30  Palladium Suit (DM) + 1 Lalla      x1             - 33,000,000       -     33,000,000
    item                               rows   units          listed
    Archridium Suit (DM) Lalla            1       1       1,685,749
    Arionell                              1       1     304,185,713
    Armor Account bind Seal Stone         1       2     374,729,560
    Armor Account bind Unseal Stone       1       1     187,364,780
    Blessing Bead - Superior              1       1     169,999,997
    Chaos Core                            1       1         745,644
    Chaos Core Set                        4   1,059     793,975,235
    Force Core (Ultimate                  3     345     132,422,682
    Force Core(High                       2     336      62,156,218
    Force Core(Highest                    3     552     108,654,662
    Palladium Boots(FA) Lalla             1       2       2,659,998
    Palladium Coat (FG) Lalla             1       1         999,998
    Palladium Headgear(FA) (anal (anal    1       1       9,930,000
    Palladium Headgear(FB) Lalla          1       1         988,999
    Palladium Headpiece(BL) (anal (ana    1       1       2,399,997
    Palladium Shoes(W1) Lalla             1       2       1,499,996
    Palladium Suit (DM) + 1 Lalla         1       1      33,000,000
    Upgrade Core (Ultimate                3      89      47,767,933
    board                                28   2,397   2,235,167,161
    balance now 513,064,814
  pass 2: 26 relisted, 1 empty, 0 skipped; 9987.2 minute(s) left

-- pass 3 --

  resupply order: Chaos Core, Force Core(High), Force Core(Highest), Upgrade Core (Ultimate), Force Core (Ultimate), Armor Account bind Unseal Stone, Armor Account bind Seal Stone, Blessing Bead - Superior

-- Chaos Core Set under our listing: up to 3 row(s) --
  Chaos Core Set 749,736 - Chaos Core 649,467 = 100,269
  ours is listed at 749,738 a Set and a Chaos Core sells at 649,467; buying every Set under 644,467, 5,000 a Set below the lower of the two
  the cheapest Chaos Core Set is 749,736 a Set, not under 644,467; nothing to buy under ours

  counting only rows 1-27; rows outside it are not repriced and do not count; 1 row(s) free
  core                            rows     buy/u    sell/u    margin  wants   short?
  Force Core(Highest)                3         -         -         -      -   holds the most it can want, 3; not priced
  Chaos Core                         4   649,467   749,736   100,269      6   YES
  Force Core (Ultimate)              3         -         -         -      -   holds the most it can want, 3; not priced
  Force Core(High)                   2   180,000   184,988     4,988      0   
  Upgrade Core (Ultimate)            3         -         -         -      -   holds the most it can want, 3; not priced
  Alz 513,064,814 held covers 789 Chaos Core at 649,467; buying what it covers

-- Chaos Core: 4 row(s) --
  1 row(s) free inside 1-27
  Chaos Core Set 749,736 - Chaos Core 649,467 = 100,269
  a margin of 100,269 is worth 6 row(s) of Chaos Core; 4 held
  buy_min 150 rolled to 139 (+/-15); buying 141 in whole batches of 3
  1 stays behind on every row bought; an order 10 step(s) down with nothing spare takes the row it is on whole, and the next order leaves 1 behind again; each order prices the favourite afresh, then wheels down, up to 30 step(s)
  every order takes all of the row it lands on, up to 999 held, and the orders stop once 141 is held
TASK {"kind": "resupply", "core": "Chaos Core", "set": "Chaos Core Set", "slot": 3, "tab": 4}
  0/141 Chaos Core held
  row 1 offers 'Chaos Core' x1 at 649,467 (649,467/unit)

  buy from favourite slot 3: REFUSED
    #         ms   share  step
    1        0.4    0.0%  get_price: focus the game
    2       97.7    3.9%  get_price: _trade_window_open (OCR 1300x190)
    3      115.4    4.6%  get_price: purchase_tab_showing
    4      124.1    4.9%  get_price: read row 1 before the search
    5      315.3   12.5%  get_price: click favourite slot 3
    6       90.6    3.6%  get_price: confirm the sort
    7      511.4   20.2%  get_price: poll row 1 until it answers (3 read(s))
    8     1278.0   50.5%  get_price: search the favourite and read row 1
          2532.9  100.0%  TOTAL
  row 1 holds 1 and 1 stays behind, so there is nothing spare to take here.
  wheeled 1 notch(es) down the offers, from row 2 at (500, 312)
  row 1 offers 'Chaos Core' x1 at 649,487 (649,487/unit)

  buy from favourite slot 3: REFUSED
    #         ms   share  step
    1        0.4    0.0%  get_price: focus the game
    2      102.9   10.5%  get_price: _trade_window_open (OCR 1300x190)
    3      110.4   11.3%  get_price: purchase_tab_showing
    4      275.4   28.2%  get_price: read row 1 where it stands
    5      489.3   50.0%  get_price: search the favourite and read row 1
           978.5  100.0%  TOTAL
  row 1 holds 1 and 1 stays behind, so there is nothing spare to take here.
  wheeled 1 notch(es) down the offers, from row 2 at (500, 312)
  row 1 offers 'Chaos Core' x66 at 745,644 (745,644/unit)

  buy from favourite slot 3: REFUSED
    #         ms   share  step
    1        0.4    0.0%  get_price: focus the game
    2       98.0   11.6%  get_price: _trade_window_open (OCR 1300x190)
    3      112.1   13.3%  get_price: purchase_tab_showing
    4      211.1   25.0%  get_price: read row 1 where it stands
    5      421.7   50.0%  get_price: search the favourite and read row 1
           843.2  100.0%  TOTAL
  stopping: row 1 asks 745,644 and the core sells at 749,736, a gap of 4,092 against the 10,000 wanted. Nothing bought.
  nothing bought; not opening the craft window.

  Armor Account bind Unseal Stone: 1 row(s) inside 1-27, 1 wanted; row 2 'Armor Account bind Unseal Stone'
    floor 187,364,780: 500/1000 of the 374,729,560 voucher, read at launch

  Armor Account bind Seal Stone: 1 row(s) inside 1-27, 1 wanted; row 3 'Armor Account bind Seal Stone'
    floor 187,364,780: 500/1000 of the 374,729,560 voucher, read at launch

  Blessing Bead - Superior: 1 row(s) inside 1-27, 1 wanted; row 1 'Blessing Bead - Superior'
    floor 163,756,817: 437/1000 of the 374,729,560 voucher, read at launch
    the quantity column read 'Superior', which holds no digits, so it is the end of the name and not a count; reading the row as 'Blessing Bead - Superior' and letting the panel count what is there
    one line read 'serene wbéee 1 169,999,997 OnSale Change'; read as stacked lines it is 'Blessing Bead - Superior 169,999,997 OnSale Change'
  tab 4 read from the screen in 1539 ms: 0 slot(s) held
  row 1: 'Blessing Bead - Superior' x1 at 169,999,997 -> tab 4 slot (1, 1)
    floor 163,756,817 from what it cost; listed at 169,999,997, above it
TASK {"kind": "relist", "row": 1, "item": "Blessing Bead - Superior", "qty": 1, "price": 169999997, "tab": 4, "slot": [1, 1], "lands_in": 1}
  inventory slot (1,1) at (1475, 236)
    read: current min 169,999,998, price field 169,999,998, net sales 169,999,998, week average 192,063,448, listed at 169,999,997
    the lowest listed price is 169,999,998, from the row and 3 more
    market 169,999,998, typing 169,999,997, 1 under the market
    net sales 169,999,997 is 1 x 169,999,997
  typed 250; the net sales make it 1
    the panel holds 169,999,997 against the 169,999,997 typed
  tab 4 read in 21 ms after the listing: 0 slot(s) held

  list 1 at 169,999,997
    #         ms   share  step
    1       21.3    0.4%  read the panel before loading
    2       21.3    0.4%  wait for slot (1,1) to fill
    3      814.0   14.2%  ctrl-click (1,1) attempt 1
    4      592.3   10.4%  read the suggested price
    5     1659.5   29.0%  type the price 169,999,997
    6      944.5   16.5%  type the quantity 250
    7      312.8    5.5%  take the quantity from the net sales
    8       93.7    1.6%  read the price back before Register
    9      311.4    5.4%  click Register
   10       93.2    1.6%  find Confirmation
   11       21.0    0.4%  look for the underprice question
   12      310.3    5.4%  click Confirmation
   13      250.9    4.4%  park
   14      233.9    4.1%  confirm the dialog is gone
   15       19.1    0.3%  wait for the panel to let the item go
   16       21.0    0.4%  read tab 4 after the listing
          5720.2  100.0%  TOTAL
  listed 1 at 169,999,997; it lands in row 1
DONE {"kind": "relist", "row": 1, "lands_in": 1, "qty": 1, "price": 169999997, "item": "Blessing Bead - Superior"}
    relisted 1 at 169,999,997 in row 1
  tab 4 known from the last listing: 0 slot(s) held
  row 2: 'Armor Account bind Unseal Stone' x1 at 187,364,780 -> tab 4 slot (1, 1)
    floor 187,364,780 from what it cost; listed at 187,364,780, above it
TASK {"kind": "relist", "row": 2, "item": "Armor Account bind Unseal Stone", "qty": 1, "price": 187364780, "tab": 4, "slot": [1, 1], "lands_in": 2}
  inventory slot (1,1) at (1475, 236)
    read: current min 187,000,000, price field 187,000,000, net sales 187,000,000, week average 192,114,171, listed at 187,364,780
    the lowest listed price is 187,000,000, from the row and 3 more
    market 186,999,999 is under the 187,364,780 floor (it is worth what it cost); listing at the floor
    market 187,000,000, typing 187,364,780, 364,780 over the market
    net sales 187,364,780 is 1 x 187,364,780
  typed 250; the net sales make it 1
    the panel holds 187,364,780 against the 187,364,780 typed
  tab 4 read in 20 ms after the listing: 0 slot(s) held

  list 1 at 187,364,780
    #         ms   share  step
    1       20.8    0.4%  read the panel before loading
    2       19.8    0.3%  wait for slot (1,1) to fill
    3      812.1   14.2%  ctrl-click (1,1) attempt 1
    4      593.7   10.4%  read the suggested price
    5     1657.1   29.0%  type the price 187,364,780
    6      946.6   16.5%  type the quantity 250
    7      319.1    5.6%  take the quantity from the net sales
    8       96.8    1.7%  read the price back before Register
    9      312.9    5.5%  click Register
   10       93.1    1.6%  find Confirmation
   11       20.4    0.4%  look for the underprice question
   12      307.2    5.4%  click Confirmation
   13      251.0    4.4%  park
   14      231.5    4.0%  confirm the dialog is gone
   15       18.0    0.3%  wait for the panel to let the item go
   16       19.7    0.3%  read tab 4 after the listing
          5719.9  100.0%  TOTAL
  listed 1 at 187,364,780; it lands in row 2
DONE {"kind": "relist", "row": 2, "lands_in": 2, "qty": 1, "price": 187364780, "item": "Armor Account bind Unseal Stone"}
    relisted 1 at 187,364,780 in row 2, 3 relist(s) on the floor now
  tab 4 known from the last listing: 0 slot(s) held
  row 3: 'Armor Account bind Seal Stone' x2 at 187,364,780 -> tab 4 slot (1, 1)
    floor 187,364,780 from what it cost; listed at 187,364,780, above it
TASK {"kind": "relist", "row": 3, "item": "Armor Account bind Seal Stone", "qty": 2, "price": 187364780, "tab": 4, "slot": [1, 1], "lands_in": 3}
  inventory slot (1,1) at (1475, 236)
    read: current min 187,000,000, price field 187,000,000, net sales 187,000,000, week average 190,073,428, listed at 187,364,780
    the lowest listed price is 187,000,000, from the row and 3 more
    market 186,999,999 is under the 187,364,780 floor (it is worth what it cost); listing at the floor
    market 187,000,000, typing 187,364,780, 364,780 over the market
    net sales 374,729,560 is 2 x 187,364,780
  typed 250; the net sales make it 2
    the panel holds 187,364,780 against the 187,364,780 typed
  tab 4 read in 22 ms after the listing: 0 slot(s) held

  list 2 at 187,364,780
    #         ms   share  step
    1       20.3    0.4%  read the panel before loading
    2       19.8    0.3%  wait for slot (1,1) to fill
    3      811.8   14.2%  ctrl-click (1,1) attempt 1
    4      592.6   10.4%  read the suggested price
    5     1656.4   29.0%  type the price 187,364,780
    6      947.2   16.6%  type the quantity 250
    7      308.8    5.4%  take the quantity from the net sales
    8       99.5    1.7%  read the price back before Register
    9      308.7    5.4%  click Register
   10       91.3    1.6%  find Confirmation
   11       16.8    0.3%  look for the underprice question
   12      309.1    5.4%  click Confirmation
   13      251.0    4.4%  park
   14      238.4    4.2%  confirm the dialog is gone
   15       17.7    0.3%  wait for the panel to let the item go
   16       22.0    0.4%  read tab 4 after the listing
          5711.6  100.0%  TOTAL
  listed 2 at 187,364,780; it lands in row 3
DONE {"kind": "relist", "row": 3, "lands_in": 3, "qty": 2, "price": 187364780, "item": "Armor Account bind Seal Stone"}
    relisted 2 at 187,364,780 in row 3, 3 relist(s) on the floor now
  tab 4 known from the last listing: 0 slot(s) held
  row 4: 'Force Core (Ultimate' x64 at 383,835 -> tab 4 slot (1, 1)
    floor 374,843 (374,843 x 1) from Force Core Set (Ultimate) as last bought; listed at 383,835, above it
TASK {"kind": "relist", "row": 4, "item": "Force Core (Ultimate", "qty": 64, "price": 383835, "tab": 4, "slot": [1, 1], "lands_in": 4}
  inventory slot (1,1) at (1475, 236)
    read: current min 383,830, price field 383,830, net sales 383,830, week average 411,299, listed at 383,835
    the lowest listed price is 383,830, from the row and 3 more
    market 383,830, typing 383,829, 1 under the market
    net sales 24,565,056 is 64 x 383,829
  typed 250; the net sales make it 64
    the panel holds 383,829 against the 383,829 typed
  tab 4 read in 25 ms after the listing: 0 slot(s) held

  list 64 at 383,829
    #         ms   share  step
    1       21.6    0.4%  read the panel before loading
    2       18.7    0.3%  wait for slot (1,1) to fill
    3      808.2   14.7%  ctrl-click (1,1) attempt 1
    4      578.9   10.6%  read the suggested price
    5     1438.7   26.3%  type the price 383,829
    6      944.2   17.2%  type the quantity 250
    7      315.6    5.8%  take the quantity from the net sales
    8       94.8    1.7%  read the price back before Register
    9      307.3    5.6%  click Register
   10       90.6    1.7%  find Confirmation
   11       18.3    0.3%  look for the underprice question
   12      305.5    5.6%  click Confirmation
   13      251.3    4.6%  park
   14      242.2    4.4%  confirm the dialog is gone
   15       19.0    0.3%  wait for the panel to let the item go
   16       25.4    0.5%  read tab 4 after the listing
          5480.2  100.0%  TOTAL
  listed 64 at 383,829; it lands in row 4
DONE {"kind": "relist", "row": 4, "lands_in": 4, "qty": 64, "price": 383829, "item": "Force Core (Ultimate"}
    relisted 64 at 383,829 in row 4
  tab 4 known from the last listing: 0 slot(s) held
  row 5: 'Arionell' x1 at 304,185,713 -> tab 4 slot (1, 1)
    floor 281,047,170 from what it cost; listed at 304,185,713, above it
TASK {"kind": "relist", "row": 5, "item": "Arionell", "qty": 1, "price": 304185713, "tab": 4, "slot": [1, 1], "lands_in": 5}
  inventory slot (1,1) at (1475, 236)
    read: current min 260,000,000, price field 260,000,000, net sales 260,000,000, week average 315,560,317, listed at 304,185,713
    the lowest listed price is 260,000,000, from the row and 3 more
    the market asks 259,999,999, 44,185,714 under our 304,185,713; holding at 303,185,713, the most this row may fall in one relist
    market 260,000,000, typing 303,185,713, 43,185,713 over the market
    net sales 303,185,713 is 1 x 303,185,713
  typed 250; the net sales make it 1
    the panel holds 303,185,713 against the 303,185,713 typed
  tab 4 read in 21 ms after the listing: 0 slot(s) held

  list 1 at 303,185,713
    #         ms   share  step
    1       19.4    0.3%  read the panel before loading
    2       19.8    0.3%  wait for slot (1,1) to fill
    3      816.7   14.2%  ctrl-click (1,1) attempt 1
    4      602.3   10.5%  read the suggested price
    5     1667.7   29.0%  type the price 303,185,713
    6      947.1   16.4%  type the quantity 250
    7      315.5    5.5%  take the quantity from the net sales
    8       96.3    1.7%  read the price back before Register
    9      320.1    5.6%  click Register
   10       95.7    1.7%  find Confirmation
   11       17.9    0.3%  look for the underprice question
   12      317.2    5.5%  click Confirmation
   13      250.9    4.4%  park
   14      234.6    4.1%  confirm the dialog is gone
   15       16.4    0.3%  wait for the panel to let the item go
   16       21.4    0.4%  read tab 4 after the listing
          5759.0  100.0%  TOTAL
  listed 1 at 303,185,713; it lands in row 5
DONE {"kind": "relist", "row": 5, "lands_in": 5, "qty": 1, "price": 303185713, "item": "Arionell"}
    relisted 1 at 303,185,713 in row 5
  tab 4 known from the last listing: 0 slot(s) held
  row 6: 'Upgrade Core (Ultimate' x15 at 536,721 -> tab 4 slot (1, 1)
    floor 469,773 (469,773 x 1) from Upgrade Core Set (Ultimate) as last bought; listed at 536,721, above it
TASK {"kind": "relist", "row": 6, "item": "Upgrade Core (Ultimate", "qty": 15, "price": 536721, "tab": 4, "slot": [1, 1], "lands_in": 6}
  inventory slot (1,1) at (1475, 236)
    read: current min 536,715, price field 536,715, net sales 536,715, week average 466,479, listed at 536,721
    the lowest listed price is 536,715, from the row and 3 more
    market 536,715, typing 536,714, 1 under the market
    net sales 8,050,710 is 15 x 536,714
  typed 250; the net sales make it 15
    the panel holds 536,714 against the 536,714 typed
  tab 4 read in 25 ms after the listing: 0 slot(s) held

  list 15 at 536,714
    #         ms   share  step
    1       17.9    0.3%  read the panel before loading
    2       14.8    0.3%  wait for slot (1,1) to fill
    3      814.3   14.6%  ctrl-click (1,1) attempt 1
    4      660.5   11.8%  read the suggested price
    5     1444.7   25.9%  type the price 536,714
    6      953.6   17.1%  type the quantity 250
    7      311.3    5.6%  take the quantity from the net sales
    8       93.8    1.7%  read the price back before Register
    9      310.8    5.6%  click Register
   10       98.9    1.8%  find Confirmation
   11       18.6    0.3%  look for the underprice question
   12      312.9    5.6%  click Confirmation
   13      251.2    4.5%  park
   14      237.0    4.2%  confirm the dialog is gone
   15       19.7    0.4%  wait for the panel to let the item go
   16       25.0    0.4%  read tab 4 after the listing
          5585.0  100.0%  TOTAL
  listed 15 at 536,714; it lands in row 6
DONE {"kind": "relist", "row": 6, "lands_in": 6, "qty": 15, "price": 536714, "item": "Upgrade Core (Ultimate"}
    relisted 15 at 536,714 in row 6
  row 7 has SOLD (partly); collecting
    collected; 190 left to relist
  tab 4 known from the last listing: 0 slot(s) held
  row 7: 'Force Core (Ultimate' x190 at 383,834 -> tab 4 slot (1, 1)
    floor 374,843 (374,843 x 1) from Force Core Set (Ultimate) as last bought; listed at 383,834, above it
TASK {"kind": "relist", "row": 7, "item": "Force Core (Ultimate", "qty": 190, "price": 383834, "tab": 4, "slot": [1, 1], "lands_in": 7}
  inventory slot (1,1) at (1475, 236)
    read: current min 383,829, price field 383,829, net sales 383,829, week average 411,299, listed at 383,834
    the lowest listed price is 383,829, from the row and 3 more
    market 383,829, typing 383,828, 1 under the market
    net sales 72,927,320 is 190 x 383,828
  typed 250; the net sales make it 190
    the panel holds 383,828 against the 383,828 typed
  tab 4 read in 21 ms after the listing: 0 slot(s) held

  list 190 at 383,828
    #         ms   share  step
    1       19.0    0.3%  read the panel before loading
    2       21.8    0.4%  wait for slot (1,1) to fill
    3      810.6   14.7%  ctrl-click (1,1) attempt 1
    4      594.1   10.8%  read the suggested price
    5     1448.1   26.3%  type the price 383,828
    6      945.4   17.2%  type the quantity 250
    7      311.4    5.7%  take the quantity from the net sales
    8       92.7    1.7%  read the price back before Register
    9      308.3    5.6%  click Register
   10       97.3    1.8%  find Confirmation
   11       21.8    0.4%  look for the underprice question
   12      310.1    5.6%  click Confirmation
   13      251.0    4.6%  park
   14      236.8    4.3%  confirm the dialog is gone
   15       16.8    0.3%  wait for the panel to let the item go
   16       20.6    0.4%  read tab 4 after the listing
          5505.9  100.0%  TOTAL
  listed 190 at 383,828; it lands in row 7
DONE {"kind": "relist", "row": 7, "lands_in": 7, "qty": 190, "price": 383828, "item": "Force Core (Ultimate"}
    relisted 190 at 383,828 in row 7
  tab 4 known from the last listing: 0 slot(s) held
  row 8: 'Force Core(Highest' x166 at 199,980 -> tab 4 slot (1, 1)
    floor 195,487 (195,487 x 1) from Force Core Set (Highest) as last bought; listed at 199,980, above it
TASK {"kind": "relist", "row": 8, "item": "Force Core(Highest", "qty": 166, "price": 199980, "tab": 4, "slot": [1, 1], "lands_in": 8}
  inventory slot (1,1) at (1475, 236)
    read: current min 190,000, price field 190,000, net sales 190,000, week average 213,123, listed at 199,980
    the lowest listed price is 190,000, from the row and 3 more
    market 189,999 is under the 195,487 floor (a Force Core Set (Highest) as last bought costs 195,487); listing at the floor
    market 190,000, typing 195,487, 5,487 over the market
    net sales 32,450,842 is 166 x 195,487
  typed 250; the net sales make it 166
    the panel holds 195,487 against the 195,487 typed
  tab 4 read in 25 ms after the listing: 0 slot(s) held

  list 166 at 195,487
    #         ms   share  step
    1       16.7    0.3%  read the panel before loading
    2       16.1    0.3%  wait for slot (1,1) to fill
    3      809.1   14.5%  ctrl-click (1,1) attempt 1
    4      659.2   11.8%  read the suggested price
    5     1442.8   25.9%  type the price 195,487
    6      953.7   17.1%  type the quantity 250
    7      309.8    5.6%  take the quantity from the net sales
    8       96.3    1.7%  read the price back before Register
    9      311.2    5.6%  click Register
   10       99.7    1.8%  find Confirmation
   11       21.1    0.4%  look for the underprice question
   12      311.8    5.6%  click Confirmation
   13      250.9    4.5%  park
   14      237.7    4.3%  confirm the dialog is gone
   15       20.3    0.4%  wait for the panel to let the item go
   16       24.5    0.4%  read tab 4 after the listing
          5580.9  100.0%  TOTAL
  listed 166 at 195,487; it lands in row 8
DONE {"kind": "relist", "row": 8, "lands_in": 8, "qty": 166, "price": 195487, "item": "Force Core(Highest"}
    relisted 166 at 195,487 in row 8, 1 relist(s) on the floor now
  row 9 has SOLD (fully); collecting
    collected; row 9 is empty, nothing to relist
  the Chaos Core special row sold; buying it back now, not on the next pass

-- Chaos Core special row 1 of 1: 1 at 500 to 700 under the market --
  1 stays behind on every row bought; an order 10 step(s) down with nothing spare takes the row it is on whole, and the next order leaves 1 behind again; each order prices the favourite afresh, then wheels down, up to 30 step(s)
TASK {"kind": "resupply", "core": "Chaos Core", "slot": 3, "tab": 4, "landing": [1, 1], "special": true}
  row 1 offers 'Chaos Core' x1 at 744,998 (744,998/unit)

  buy from favourite slot 3: REFUSED
    #         ms   share  step
    1        0.4    0.0%  get_price: focus the game
    2      102.5    1.9%  get_price: _trade_window_open (OCR 1300x190)
    3      167.2    3.1%  get_price: purchase_tab_showing
    4     1411.8   26.2%  get_price: click the Purchase tab + settle
    5      103.4    1.9%  get_price: read row 1 before the search
    6      313.3    5.8%  get_price: click favourite slot 3
    7       91.9    1.7%  get_price: confirm the sort
    8      489.2    9.1%  get_price: poll row 1 until it answers (3 read(s))
    9     2708.9   50.3%  get_price: search the favourite and read row 1
          5388.7  100.0%  TOTAL
  row 1 holds 1 and 1 stays behind, so there is nothing spare to take here.
  wheeled 1 notch(es) down the offers, from row 2 at (500, 312)
  row 1 offers 'Chaos Core' x244 at 745,644 (745,644/unit)
    balance before 527,244,648
    row 1 holds 244, 1 stays behind, so at most 243 comes off it
    dialog: '¢ Chaos Core'  qty 1 of 244  price 745644
    1 core(s) wanted, 1 to a pack -> 1 pack(s); 244 available, taking 1
    the quantity field already reads 1; not retyping it
    ordering 1 pack(s) at 745,644; the spend will confirm what actually bought
    balance after  526,499,004; spent 745,644 bought 1 pack(s) = 1 core(s) (745,644 a core)

  buy from favourite slot 3: bought 1 core(s) in 1 order(s)
    #         ms   share  step
    1        0.4    0.0%  get_price: focus the game
    2      103.2    3.2%  get_price: _trade_window_open (OCR 1300x190)
    3      112.6    3.5%  get_price: purchase_tab_showing
    4      218.4    6.8%  get_price: read row 1 where it stands
    5      434.8   13.6%  get_price: search the favourite and read row 1
    6      315.2    9.9%  select inventory tab 4
    7       96.8    3.0%  read the balance before buying
    8      365.5   11.4%  click the row at (500, 258)
    9      312.6    9.8%  click Buy at (828, 258)
   10       94.5    3.0%  await the Purchase dialog
   11      299.4    9.4%  read the dialog (item, price, qty, qty_max)
   12       86.1    2.7%  find the Buy button
   13      314.9    9.9%  click Buy
   14      251.1    7.9%  park
   15       94.2    2.9%  confirm the dialog is gone
   16       94.5    3.0%  read the balance after buying
          3194.2  100.0%  TOTAL
    tab 4 slot (1, 1) is held for 'Chaos Core'; it frees when something is listed from it
  the Chaos Core landed in tab 4 slot (1, 1)
TASK {"kind": "resupply", "core": "Chaos Core", "slot": 3, "tab": 4, "landing": [1, 1], "step": "list", "holding": "Chaos Core", "qty": 1, "special": true}
  inventory slot (1,1) at (1475, 236)
    read: current min 744,998, price field 744,998, net sales 744,998, week average 717,087, listed at unread
    the lowest listed price is 744,998, from the row and 2 more
    market 744,998, typing 744,486, 512 under the market
    net sales 744,486 is 1 x 744,486
  typed 250; the net sales make it 1
    the panel holds 744,486 against the 744,486 typed
  tab 4 read in 22 ms after the listing: 0 slot(s) held

  list 1 at 744,486
    #         ms   share  step
    1       18.7    0.3%  read the panel before loading
    2      817.5   14.9%  ctrl-click (1,1) attempt 1
    3      590.3   10.8%  read the suggested price
    4     1447.0   26.5%  type the price 744,486
    5      945.5   17.3%  type the quantity 250
    6      304.6    5.6%  take the quantity from the net sales
    7       92.1    1.7%  read the price back before Register
    8      308.6    5.6%  click Register
    9       91.7    1.7%  find Confirmation
   10       16.6    0.3%  look for the underprice question
   11      307.7    5.6%  click Confirmation
   12      251.1    4.6%  park
   13      239.9    4.4%  confirm the dialog is gone
   14       17.1    0.3%  wait for the panel to let the item go
   15       22.0    0.4%  read tab 4 after the listing
          5470.4  100.0%  TOTAL
  listed 1 at 744,486; it lands in row 9
  the Chaos Core special row is listed at 744,486 in row 9
DONE {"kind": "resupply", "core": "Chaos Core", "bought": 1, "listed": 1, "rows": [9], "special": true}
  tab 4 known from the last listing: 0 slot(s) held
  row 10: 'Upgrade Core (Ultimate' x20 at 536,720 -> tab 4 slot (1, 1)
    floor 469,773 (469,773 x 1) from what it cost; listed at 536,720, above it
TASK {"kind": "relist", "row": 10, "item": "Upgrade Core (Ultimate", "qty": 20, "price": 536720, "tab": 4, "slot": [1, 1], "lands_in": 10}
  inventory slot (1,1) at (1475, 236)
    read: current min 536,712, price field 536,712, net sales 536,712, week average 466,479, listed at 536,720
    the lowest listed price is 536,712, from the row and 3 more
    market 536,712, typing 536,711, 1 under the market
    net sales 10,734,220 is 20 x 536,711
  typed 250; the net sales make it 20
    the panel holds 536,711 against the 536,711 typed
  tab 4 read in 20 ms after the listing: 0 slot(s) held

  list 20 at 536,711
    #         ms   share  step
    1       19.5    0.4%  read the panel before loading
    2       21.4    0.4%  wait for slot (1,1) to fill
    3      819.8   14.7%  ctrl-click (1,1) attempt 1
    4      658.2   11.8%  read the suggested price
    5     1452.5   26.1%  type the price 536,711
    6      947.1   17.0%  type the quantity 250
    7      306.4    5.5%  take the quantity from the net sales
    8       94.9    1.7%  read the price back before Register
    9      307.5    5.5%  click Register
   10       92.5    1.7%  find Confirmation
   11       16.6    0.3%  look for the underprice question
   12      307.3    5.5%  click Confirmation
   13      250.8    4.5%  park
   14      233.6    4.2%  confirm the dialog is gone
   15       16.6    0.3%  wait for the panel to let the item go
   16       20.4    0.4%  read tab 4 after the listing
          5565.3  100.0%  TOTAL
  listed 20 at 536,711; it lands in row 10
DONE {"kind": "relist", "row": 10, "lands_in": 10, "qty": 20, "price": 536711, "item": "Upgrade Core (Ultimate"}
    relisted 20 at 536,711 in row 10
  tab 4 known from the last listing: 0 slot(s) held
  row 11: 'Force Core(Highest' x250 at 195,487 -> tab 4 slot (1, 1)
    floor 195,487 (195,487 x 1) from Force Core Set (Highest) as last bought; listed at 195,487, above it
TASK {"kind": "relist", "row": 11, "item": "Force Core(Highest", "qty": 250, "price": 195487, "tab": 4, "slot": [1, 1], "lands_in": 11}
  inventory slot (1,1) at (1475, 236)
    read: current min 190,000, price field 190,000, net sales 190,000, week average 213,123, listed at 195,487
    the lowest listed price is 190,000, from the row and 3 more
    market 189,999 is under the 195,487 floor (a Force Core Set (Highest) as last bought costs 195,487); listing at the floor
    market 190,000, typing 195,487, 5,487 over the market
    net sales 48,871,750 is 250 x 195,487
  typed 250; the net sales make it 250
    the panel holds 195,487 against the 195,487 typed
  tab 4 read in 20 ms after the listing: 0 slot(s) held

  list 250 at 195,487
    #         ms   share  step
    1       17.7    0.3%  read the panel before loading
    2       19.8    0.4%  wait for slot (1,1) to fill
    3      807.2   14.6%  ctrl-click (1,1) attempt 1
    4      650.9   11.8%  read the suggested price
    5     1439.8   26.0%  type the price 195,487
    6      946.4   17.1%  type the quantity 250
    7      314.0    5.7%  take the quantity from the net sales
    8       90.4    1.6%  read the price back before Register
    9      308.7    5.6%  click Register
   10       93.3    1.7%  find Confirmation
   11       16.0    0.3%  look for the underprice question
   12      308.1    5.6%  click Confirmation
   13      250.9    4.5%  park
   14      233.5    4.2%  confirm the dialog is gone
   15       19.2    0.3%  wait for the panel to let the item go
   16       20.1    0.4%  read tab 4 after the listing
          5536.0  100.0%  TOTAL
  listed 250 at 195,487; it lands in row 11
DONE {"kind": "relist", "row": 11, "lands_in": 11, "qty": 250, "price": 195487, "item": "Force Core(Highest"}
    relisted 250 at 195,487 in row 11, 2 relist(s) on the floor now
  tab 4 known from the last listing: 0 slot(s) held
  row 12: 'Force Core(Highest' x136 at 195,487 -> tab 4 slot (1, 1)
    floor 195,487 (195,487 x 1) from Force Core Set (Highest) as last bought; listed at 195,487, above it
TASK {"kind": "relist", "row": 12, "item": "Force Core(Highest", "qty": 136, "price": 195487, "tab": 4, "slot": [1, 1], "lands_in": 12}
  inventory slot (1,1) at (1475, 236)
    read: current min 190,000, price field 190,000, net sales 190,000, week average 213,123, listed at 195,487
    the lowest listed price is 190,000, from the row and 3 more
    market 189,999 is under the 195,487 floor (a Force Core Set (Highest) as last bought costs 195,487); listing at the floor
    market 190,000, typing 195,487, 5,487 over the market
    net sales 26,586,232 is 136 x 195,487
  typed 250; the net sales make it 136
    the panel holds 195,487 against the 195,487 typed
  tab 4 read in 21 ms after the listing: 0 slot(s) held

  list 136 at 195,487
    #         ms   share  step
    1       19.5    0.4%  read the panel before loading
    2       20.4    0.4%  wait for slot (1,1) to fill
    3      815.3   14.7%  ctrl-click (1,1) attempt 1
    4      663.6   11.9%  read the suggested price
    5     1439.6   25.9%  type the price 195,487
    6      947.7   17.0%  type the quantity 250
    7      304.4    5.5%  take the quantity from the net sales
    8       92.3    1.7%  read the price back before Register
    9      306.6    5.5%  click Register
   10       93.4    1.7%  find Confirmation
   11       19.7    0.4%  look for the underprice question
   12      308.5    5.5%  click Confirmation
   13      250.8    4.5%  park
   14      242.8    4.4%  confirm the dialog is gone
   15       18.3    0.3%  wait for the panel to let the item go
   16       21.5    0.4%  read tab 4 after the listing
          5564.4  100.0%  TOTAL
  listed 136 at 195,487; it lands in row 12
DONE {"kind": "relist", "row": 12, "lands_in": 12, "qty": 136, "price": 195487, "item": "Force Core(Highest"}
    relisted 136 at 195,487 in row 12, 2 relist(s) on the floor now
    the quantity column read 'il', which holds no digits, so it is the end of the name and not a count; reading the row as 'Palladium Headpiece(BL) il' and letting the panel count what is there
  tab 4 known from the last listing: 0 slot(s) held
  row 13: 'Palladium Headpiece(BL) (anal (anal' x1 at 2,399,997 -> tab 4 slot (1, 1)
    the quantity column read 'il', which holds no digits, so it is the end of the name and not a count; reading the row as 'Palladium Headpiece(BL) il' and letting the panel count what is there
    no floor for 'Palladium Headpiece(BL) (anal (anal'
TASK {"kind": "relist", "row": 13, "item": "Palladium Headpiece(BL) (anal (anal", "qty": 1, "price": 2399997, "tab": 4, "slot": [1, 1], "lands_in": 13}
  inventory slot (1,1) at (1475, 236)
    read: current min 2,399,998, price field 2,399,998, net sales 2,399,998, week average 3,142,570, listed at 2,399,997
    the lowest listed price is 2,399,998, from the row and 3 more
    market 2,399,998, typing 2,399,997, 1 under the market
    net sales 2,399,997 is 1 x 2,399,997
  typed 250; the net sales make it 1
    the panel holds 2,399,997 against the 2,399,997 typed
  tab 4 read in 21 ms after the listing: 0 slot(s) held

  list 1 at 2,399,997
    #         ms   share  step
    1       17.4    0.3%  read the panel before loading
    2       19.3    0.3%  wait for slot (1,1) to fill
    3      812.5   14.6%  ctrl-click (1,1) attempt 1
    4      579.1   10.4%  read the suggested price
    5     1515.6   27.3%  type the price 2,399,997
    6      949.6   17.1%  type the quantity 250
    7      308.7    5.6%  take the quantity from the net sales
    8       94.1    1.7%  read the price back before Register
    9      308.3    5.6%  click Register
   10       93.4    1.7%  find Confirmation
   11       20.1    0.4%  look for the underprice question
   12      311.1    5.6%  click Confirmation
   13      250.7    4.5%  park
   14      233.3    4.2%  confirm the dialog is gone
   15       15.7    0.3%  wait for the panel to let the item go
   16       21.0    0.4%  read tab 4 after the listing
          5549.8  100.0%  TOTAL
  listed 1 at 2,399,997; it lands in row 13
DONE {"kind": "relist", "row": 13, "lands_in": 13, "qty": 1, "price": 2399997, "item": "Palladium Headpiece(BL) (anal (anal"}
    relisted 1 at 2,399,997 in row 13
    the quantity column read 'il', which holds no digits, so it is the end of the name and not a count; reading the row as 'Palladium Headgear(FB) il' and letting the panel count what is there
  tab 4 known from the last listing: 0 slot(s) held
  row 14: 'Palladium Headgear(FB) Lalla' x1 at 988,999 -> tab 4 slot (1, 1)
    the quantity column read 'il', which holds no digits, so it is the end of the name and not a count; reading the row as 'Palladium Headgear(FB) il' and letting the panel count what is there
    no floor for 'Palladium Headgear(FB) Lalla'
TASK {"kind": "relist", "row": 14, "item": "Palladium Headgear(FB) Lalla", "qty": 1, "price": 988999, "tab": 4, "slot": [1, 1], "lands_in": 14}
  inventory slot (1,1) at (1475, 236)
    read: current min 989,000, price field 989,000, net sales 989,000, week average 1,003,025, listed at 988,999
    the lowest listed price is 989,000, from the row and 3 more
    market 989,000, typing 988,999, 1 under the market
    net sales 988,999 is 1 x 988,999
  typed 250; the net sales make it 1
    the panel holds 988,999 against the 988,999 typed
  tab 4 read in 20 ms after the listing: 0 slot(s) held

  list 1 at 988,999
    #         ms   share  step
    1       16.7    0.3%  read the panel before loading
    2       15.2    0.3%  wait for slot (1,1) to fill
    3      813.6   14.7%  ctrl-click (1,1) attempt 1
    4      655.7   11.8%  read the suggested price
    5     1443.9   26.1%  type the price 988,999
    6      946.0   17.1%  type the quantity 250
    7      302.3    5.5%  take the quantity from the net sales
    8       90.8    1.6%  read the price back before Register
    9      307.6    5.6%  click Register
   10       94.7    1.7%  find Confirmation
   11       19.0    0.3%  look for the underprice question
   12      308.0    5.6%  click Confirmation
   13      250.8    4.5%  park
   14      230.6    4.2%  confirm the dialog is gone
   15       19.3    0.3%  wait for the panel to let the item go
   16       20.4    0.4%  read tab 4 after the listing
          5534.7  100.0%  TOTAL
  listed 1 at 988,999; it lands in row 14
DONE {"kind": "relist", "row": 14, "lands_in": 14, "qty": 1, "price": 988999, "item": "Palladium Headgear(FB) Lalla"}
    relisted 1 at 988,999 in row 14
    the quantity column read 'il', which holds no digits, so it is the end of the name and not a count; reading the row as 'Palladium Headgear(FA) il' and letting the panel count what is there
  tab 4 known from the last listing: 0 slot(s) held
  row 15: 'Palladium Headgear(FA) (anal (anal' x1 at 9,930,000 -> tab 4 slot (1, 1)
    the quantity column read 'il', which holds no digits, so it is the end of the name and not a count; reading the row as 'Palladium Headgear(FA) il' and letting the panel count what is there
    no floor for 'Palladium Headgear(FA) (anal (anal'
TASK {"kind": "relist", "row": 15, "item": "Palladium Headgear(FA) (anal (anal", "qty": 1, "price": 9930000, "tab": 4, "slot": [1, 1], "lands_in": 15}
  inventory slot (1,1) at (1475, 236)
    read: current min 3,224,985, price field 3,224,985, net sales 3,224,985, week average 3,224,985, listed at 9,930,000
    the lowest listed price is 3,224,985, from the row and 3 more
    the market asks 3,224,984, 6,705,016 under our 9,930,000; holding at 9,920,000, the most this row may fall in one relist
    market 3,224,985, typing 9,920,000, 6,695,015 over the market
    net sales 9,920,000 is 1 x 9,920,000
  typed 250; the net sales make it 1
    the panel holds 9,920,000 against the 9,920,000 typed
  tab 4 read in 20 ms after the listing: 0 slot(s) held

  list 1 at 9,920,000
    #         ms   share  step
    1       20.4    0.4%  read the panel before loading
    2       18.2    0.3%  wait for slot (1,1) to fill
    3      812.0   14.3%  ctrl-click (1,1) attempt 1
    4      669.6   11.8%  read the suggested price
    5     1521.8   26.8%  type the price 9,920,000
    6      947.2   16.7%  type the quantity 250
    7      308.2    5.4%  take the quantity from the net sales
    8      101.1    1.8%  read the price back before Register
    9      313.1    5.5%  click Register
   10       96.2    1.7%  find Confirmation
   11       19.9    0.4%  look for the underprice question
   12      308.6    5.4%  click Confirmation
   13      250.9    4.4%  park
   14      240.9    4.2%  confirm the dialog is gone
   15       20.5    0.4%  wait for the panel to let the item go
   16       20.4    0.4%  read tab 4 after the listing
          5669.1  100.0%  TOTAL
  listed 1 at 9,920,000; it lands in row 15
DONE {"kind": "relist", "row": 15, "lands_in": 15, "qty": 1, "price": 9920000, "item": "Palladium Headgear(FA) (anal (anal"}
    relisted 1 at 9,920,000 in row 15
    the quantity column read 'il', which holds no digits, so it is the end of the name and not a count; reading the row as 'Palladium Boots(FA) il' and letting the panel count what is there
  tab 4 known from the last listing: 0 slot(s) held
  row 16: 'Palladium Boots(FA) Lalla' x2 at 1,329,999 -> tab 4 slot (1, 1)
    the quantity column read 'il', which holds no digits, so it is the end of the name and not a count; reading the row as 'Palladium Boots(FA) il' and letting the panel count what is there
    no floor for 'Palladium Boots(FA) Lalla'
TASK {"kind": "relist", "row": 16, "item": "Palladium Boots(FA) Lalla", "qty": 2, "price": 1329999, "tab": 4, "slot": [1, 1], "lands_in": 16}
  inventory slot (1,1) at (1475, 236)
    read: current min 1,300,000, price field 1,300,000, net sales 1,300,000, week average 1,573,751, listed at 1,329,999
    the lowest listed price is 1,300,000, from the row and 3 more
    the market asks 1,299,999, 30,000 under our 1,329,999; holding at 1,319,999, the most this row may fall in one relist
    market 1,300,000, typing 1,319,999, 19,999 over the market
    net sales 2,639,998 is 2 x 1,319,999
  typed 250; the net sales make it 2
    the panel holds 1,319,999 against the 1,319,999 typed
  tab 4 read in 24 ms after the listing: 0 slot(s) held

  list 2 at 1,319,999
    #         ms   share  step
    1       19.7    0.4%  read the panel before loading
    2       21.0    0.4%  wait for slot (1,1) to fill
    3      815.3   14.6%  ctrl-click (1,1) attempt 1
    4      592.6   10.6%  read the suggested price
    5     1518.6   27.1%  type the price 1,319,999
    6      947.7   16.9%  type the quantity 250
    7      310.2    5.5%  take the quantity from the net sales
    8       95.5    1.7%  read the price back before Register
    9      316.7    5.7%  click Register
   10       96.2    1.7%  find Confirmation
   11       19.9    0.4%  look for the underprice question
   12      308.7    5.5%  click Confirmation
   13      251.2    4.5%  park
   14      239.6    4.3%  confirm the dialog is gone
   15       17.5    0.3%  wait for the panel to let the item go
   16       24.3    0.4%  read tab 4 after the listing
          5594.7  100.0%  TOTAL
  listed 2 at 1,319,999; it lands in row 16
DONE {"kind": "relist", "row": 16, "lands_in": 16, "qty": 2, "price": 1319999, "item": "Palladium Boots(FA) Lalla"}
    relisted 2 at 1,319,999 in row 16
    the quantity column read 'il', which holds no digits, so it is the end of the name and not a count; reading the row as 'Palladium Shoes(W1) il' and letting the panel count what is there
  tab 4 known from the last listing: 0 slot(s) held
  row 17: 'Palladium Shoes(W1) Lalla' x2 at 749,998 -> tab 4 slot (1, 1)
    the quantity column read 'il', which holds no digits, so it is the end of the name and not a count; reading the row as 'Palladium Shoes(W1) il' and letting the panel count what is there
    no floor for 'Palladium Shoes(W1) Lalla'
TASK {"kind": "relist", "row": 17, "item": "Palladium Shoes(W1) Lalla", "qty": 2, "price": 749998, "tab": 4, "slot": [1, 1], "lands_in": 17}
  inventory slot (1,1) at (1475, 236)
    read: current min 749,999, price field 749,999, net sales 749,999, week average 888,056, listed at 749,998
    the lowest listed price is 749,999, from the row and 3 more
    market 749,999, typing 749,998, 1 under the market
    net sales 1,499,996 is 2 x 749,998
  typed 250; the net sales make it 2
    the panel holds 749,998 against the 749,998 typed
  tab 4 read in 23 ms after the listing: 0 slot(s) held

  list 2 at 749,998
    #         ms   share  step
    1       18.6    0.3%  read the panel before loading
    2       16.2    0.3%  wait for slot (1,1) to fill
    3      817.0   14.8%  ctrl-click (1,1) attempt 1
    4      596.9   10.8%  read the suggested price
    5     1446.6   26.2%  type the price 749,998
    6      949.6   17.2%  type the quantity 250
    7      313.1    5.7%  take the quantity from the net sales
    8       95.1    1.7%  read the price back before Register
    9      313.4    5.7%  click Register
   10       95.6    1.7%  find Confirmation
   11       21.4    0.4%  look for the underprice question
   12      311.6    5.6%  click Confirmation
   13      251.0    4.5%  park
   14      237.1    4.3%  confirm the dialog is gone
   15       20.7    0.4%  wait for the panel to let the item go
   16       23.4    0.4%  read tab 4 after the listing
          5527.3  100.0%  TOTAL
  listed 2 at 749,998; it lands in row 17
DONE {"kind": "relist", "row": 17, "lands_in": 17, "qty": 2, "price": 749998, "item": "Palladium Shoes(W1) Lalla"}
    relisted 2 at 749,998 in row 17
    the quantity column read 'il', which holds no digits, so it is the end of the name and not a count; reading the row as 'Palladium Coat (FG) il' and letting the panel count what is there
  tab 4 known from the last listing: 0 slot(s) held
  row 18: 'Palladium Coat (FG) Lalla' x1 at 999,998 -> tab 4 slot (1, 1)
    the quantity column read 'il', which holds no digits, so it is the end of the name and not a count; reading the row as 'Palladium Coat (FG) il' and letting the panel count what is there
    no floor for 'Palladium Coat (FG) Lalla'
TASK {"kind": "relist", "row": 18, "item": "Palladium Coat (FG) Lalla", "qty": 1, "price": 999998, "tab": 4, "slot": [1, 1], "lands_in": 18}
  inventory slot (1,1) at (1475, 236)
    read: current min 999,999, price field 999,999, net sales 999,999, week average 2,352,743, listed at 999,998
    the lowest listed price is 999,999, from the row and 3 more
    market 999,999, typing 999,998, 1 under the market
    net sales 999,998 is 1 x 999,998
  typed 250; the net sales make it 1
    the panel holds 999,998 against the 999,998 typed
    the game asks again because 999,998 is at least 25% under its average for this item; accepting
  tab 4 read in 23 ms after the listing: 0 slot(s) held

  list 1 at 999,998
    #         ms   share  step
    1       18.4    0.3%  read the panel before loading
    2       20.1    0.3%  wait for slot (1,1) to fill
    3      816.7   11.9%  ctrl-click (1,1) attempt 1
    4      660.3    9.6%  read the suggested price
    5     1450.7   21.1%  type the price 999,998
    6      952.0   13.8%  type the quantity 250
    7      302.0    4.4%  take the quantity from the net sales
    8       94.4    1.4%  read the price back before Register
    9      312.5    4.5%  click Register
   10       98.1    1.4%  find Confirmation
   11      137.2    2.0%  look for the underprice question
   12      315.3    4.6%  click Confirmation on the question
   13       23.3    0.3%  wait for the question to go
   14      750.4   10.9%  park before the dialog takes another click at the same point
   15       93.8    1.4%  find Confirmation on the real dialog
   16      311.5    4.5%  click Confirmation
   17      250.9    3.6%  park
   18      239.1    3.5%  confirm the dialog is gone
   19       20.0    0.3%  wait for the panel to let the item go
   20       23.3    0.3%  read tab 4 after the listing
          6890.1  100.0%  TOTAL
  listed 1 at 999,998; it lands in row 18
DONE {"kind": "relist", "row": 18, "lands_in": 18, "qty": 1, "price": 999998, "item": "Palladium Coat (FG) Lalla"}
    relisted 1 at 999,998 in row 18
  tab 4 known from the last listing: 0 slot(s) held
  row 19: 'Chaos Core Set X 291' x1 at 218,174,921 -> tab 4 slot (1, 1)
    floor 214,753,635 (737,985 x 291) from Chaos Core as last bought; listed at 218,174,921, above it
TASK {"kind": "relist", "row": 19, "item": "Chaos Core Set X 291", "qty": 1, "price": 218174921, "tab": 4, "slot": [1, 1], "lands_in": 19}
  inventory slot (1,1) at (1475, 236)
    read: current min 218,172,885, price field 218,172,885, net sales 218,172,885, week average 211,873,608, listed at 218,174,921
    the lowest listed price is 218,172,885, from the row and 3 more
    market 218,172,885, typing 218,172,884, 1 under the market
    net sales 218,172,884 is 1 x 218,172,884
  typed 250; the net sales make it 1
    the panel holds 218,172,884 against the 218,172,884 typed
  tab 4 read in 25 ms after the listing: 0 slot(s) held

  list 1 at 218,172,884
    #         ms   share  step
    1       21.3    0.4%  read the panel before loading
    2       20.2    0.4%  wait for slot (1,1) to fill
    3      813.6   14.1%  ctrl-click (1,1) attempt 1
    4      596.3   10.3%  read the suggested price
    5     1661.7   28.8%  type the price 218,172,884
    6      949.0   16.5%  type the quantity 250
    7      314.7    5.5%  take the quantity from the net sales
    8       99.0    1.7%  read the price back before Register
    9      316.0    5.5%  click Register
   10       96.9    1.7%  find Confirmation
   11       21.6    0.4%  look for the underprice question
   12      310.8    5.4%  click Confirmation
   13      250.8    4.4%  park
   14      247.0    4.3%  confirm the dialog is gone
   15       19.1    0.3%  wait for the panel to let the item go
   16       24.8    0.4%  read tab 4 after the listing
          5762.7  100.0%  TOTAL
  listed 1 at 218,172,884; it lands in row 19
DONE {"kind": "relist", "row": 19, "lands_in": 19, "qty": 1, "price": 218172884, "item": "Chaos Core Set X 291"}
    relisted 1 at 218,172,884 in row 19
  tab 4 known from the last listing: 0 slot(s) held
  row 20: 'Force Core (Ultimate' x56 at 383,832 -> tab 4 slot (1, 1)
    floor 374,843 (374,843 x 1) from what it cost; listed at 383,832, above it
TASK {"kind": "relist", "row": 20, "item": "Force Core (Ultimate", "qty": 56, "price": 383832, "tab": 4, "slot": [1, 1], "lands_in": 20}
  inventory slot (1,1) at (1475, 236)
    read: current min 383,827, price field 383,827, net sales 383,827, week average 411,299, listed at 383,832
    the lowest listed price is 383,827, from the row and 3 more
    market 383,827, typing 383,826, 1 under the market
    net sales 21,494,256 is 56 x 383,826
  typed 250; the net sales make it 56
    the panel holds 383,826 against the 383,826 typed
  tab 4 read in 21 ms after the listing: 0 slot(s) held

  list 56 at 383,826
    #         ms   share  step
    1       18.4    0.3%  read the panel before loading
    2       15.9    0.3%  wait for slot (1,1) to fill
    3      816.2   14.8%  ctrl-click (1,1) attempt 1
    4      604.3   11.0%  read the suggested price
    5     1447.8   26.3%  type the price 383,826
    6      945.6   17.2%  type the quantity 250
    7      305.3    5.5%  take the quantity from the net sales
    8       92.2    1.7%  read the price back before Register
    9      313.9    5.7%  click Register
   10       95.8    1.7%  find Confirmation
   11       17.1    0.3%  look for the underprice question
   12      307.9    5.6%  click Confirmation
   13      250.8    4.6%  park
   14      231.5    4.2%  confirm the dialog is gone
   15       17.8    0.3%  wait for the panel to let the item go
   16       21.1    0.4%  read tab 4 after the listing
          5501.5  100.0%  TOTAL
  listed 56 at 383,826; it lands in row 20
DONE {"kind": "relist", "row": 20, "lands_in": 20, "qty": 56, "price": 383826, "item": "Force Core (Ultimate"}
    relisted 56 at 383,826 in row 20
  tab 4 known from the last listing: 0 slot(s) held
  row 21: 'Chaos Core Set X 249' x1 at 186,685,508 -> tab 4 slot (1, 1)
    floor 183,758,265 (737,985 x 249) from Chaos Core as last bought; listed at 186,685,508, above it
TASK {"kind": "relist", "row": 21, "item": "Chaos Core Set X 249", "qty": 1, "price": 186685508, "tab": 4, "slot": [1, 1], "lands_in": 21}
  inventory slot (1,1) at (1475, 236)
    read: current min 186,683,766, price field 186,683,766, net sales 186,683,766, week average 181,293,912, listed at 186,685,508
    the lowest listed price is 186,683,766, from the row and 3 more
    market 186,683,766, typing 186,683,765, 1 under the market
    net sales 186,683,765 is 1 x 186,683,765
  typed 250; the net sales make it 1
    the panel holds 186,683,765 against the 186,683,765 typed
  tab 4 read in 19 ms after the listing: 0 slot(s) held

  list 1 at 186,683,765
    #         ms   share  step
    1       20.1    0.4%  read the panel before loading
    2       20.4    0.4%  wait for slot (1,1) to fill
    3      814.5   14.2%  ctrl-click (1,1) attempt 1
    4      592.9   10.3%  read the suggested price
    5     1660.4   29.0%  type the price 186,683,765
    6      949.2   16.6%  type the quantity 250
    7      311.6    5.4%  take the quantity from the net sales
    8      104.9    1.8%  read the price back before Register
    9      307.4    5.4%  click Register
   10       93.4    1.6%  find Confirmation
   11       20.4    0.4%  look for the underprice question
   12      311.6    5.4%  click Confirmation
   13      250.9    4.4%  park
   14      234.2    4.1%  confirm the dialog is gone
   15       19.7    0.3%  wait for the panel to let the item go
   16       19.1    0.3%  read tab 4 after the listing
          5730.7  100.0%  TOTAL
  listed 1 at 186,683,765; it lands in row 21
DONE {"kind": "relist", "row": 21, "lands_in": 21, "qty": 1, "price": 186683765, "item": "Chaos Core Set X 249"}
    relisted 1 at 186,683,765 in row 21
  tab 4 known from the last listing: 0 slot(s) held
  row 22: 'Chaos Core Set X 267' x1 at 200,180,579 -> tab 4 slot (1, 1)
    floor 197,041,995 (737,985 x 267) from Chaos Core as last bought; listed at 200,180,579, above it
TASK {"kind": "relist", "row": 22, "item": "Chaos Core Set X 267", "qty": 1, "price": 200180579, "tab": 4, "slot": [1, 1], "lands_in": 22}
  inventory slot (1,1) at (1475, 236)
    read: current min 200,178,711, price field 200,178,711, net sales 200,178,711, week average 194,399,496, listed at 200,180,579
    the lowest listed price is 200,178,711, from the row and 3 more
    market 200,178,711, typing 200,178,710, 1 under the market
    net sales 200,178,710 is 1 x 200,178,710
  typed 250; the net sales make it 1
    the panel holds 200,178,710 against the 200,178,710 typed
  tab 4 read in 20 ms after the listing: 0 slot(s) held

  list 1 at 200,178,710
    #         ms   share  step
    1       20.7    0.4%  read the panel before loading
    2       20.8    0.4%  wait for slot (1,1) to fill
    3      814.3   14.2%  ctrl-click (1,1) attempt 1
    4      593.3   10.4%  read the suggested price
    5     1658.0   29.0%  type the price 200,178,710
    6      946.7   16.6%  type the quantity 250
    7      314.6    5.5%  take the quantity from the net sales
    8       96.6    1.7%  read the price back before Register
    9      313.4    5.5%  click Register
   10       93.4    1.6%  find Confirmation
   11       15.7    0.3%  look for the underprice question
   12      309.4    5.4%  click Confirmation
   13      251.0    4.4%  park
   14      231.1    4.0%  confirm the dialog is gone
   15       16.8    0.3%  wait for the panel to let the item go
   16       20.4    0.4%  read tab 4 after the listing
          5716.2  100.0%  TOTAL
  listed 1 at 200,178,710; it lands in row 22
DONE {"kind": "relist", "row": 22, "lands_in": 22, "qty": 1, "price": 200178710, "item": "Chaos Core Set X 267"}
    relisted 1 at 200,178,710 in row 22
  tab 4 known from the last listing: 0 slot(s) held
  row 23: 'Upgrade Core (Ultimate' x54 at 536,717 -> tab 4 slot (1, 1)
    floor 469,773 (469,773 x 1) from Upgrade Core Set (Ultimate) as last bought; listed at 536,717, above it
TASK {"kind": "relist", "row": 23, "item": "Upgrade Core (Ultimate", "qty": 54, "price": 536717, "tab": 4, "slot": [1, 1], "lands_in": 23}
  inventory slot (1,1) at (1475, 236)
    read: current min 536,708, price field 536,708, net sales 536,708, week average 466,479, listed at 536,717
    the lowest listed price is 536,708, from the row and 3 more
    market 536,708, typing 536,707, 1 under the market
    net sales 28,982,178 is 54 x 536,707
  typed 250; the net sales make it 54
    the panel holds 536,707 against the 536,707 typed
  tab 4 read in 25 ms after the listing: 0 slot(s) held

  list 54 at 536,707
    #         ms   share  step
    1       20.2    0.4%  read the panel before loading
    2       22.3    0.4%  wait for slot (1,1) to fill
    3      809.6   14.6%  ctrl-click (1,1) attempt 1
    4      647.9   11.7%  read the suggested price
    5     1442.8   26.0%  type the price 536,707
    6      951.3   17.1%  type the quantity 250
    7      308.1    5.5%  take the quantity from the net sales
    8       92.0    1.7%  read the price back before Register
    9      309.4    5.6%  click Register
   10       90.9    1.6%  find Confirmation
   11       18.5    0.3%  look for the underprice question
   12      310.6    5.6%  click Confirmation
   13      250.9    4.5%  park
   14      237.5    4.3%  confirm the dialog is gone
   15       17.6    0.3%  wait for the panel to let the item go
   16       24.6    0.4%  read tab 4 after the listing
          5554.1  100.0%  TOTAL
  listed 54 at 536,707; it lands in row 23
DONE {"kind": "relist", "row": 23, "lands_in": 23, "qty": 54, "price": 536707, "item": "Upgrade Core (Ultimate"}
    relisted 54 at 536,707 in row 23
  tab 4 known from the last listing: 0 slot(s) held
  row 24: 'Chaos Core Set X 252' x1 at 188,934,227 -> tab 4 slot (1, 1)
    floor 185,972,220 (737,985 x 252) from Chaos Core as last bought; listed at 188,934,227, above it
TASK {"kind": "relist", "row": 24, "item": "Chaos Core Set X 252", "qty": 1, "price": 188934227, "tab": 4, "slot": [1, 1], "lands_in": 24}
  inventory slot (1,1) at (1475, 236)
    read: current min 188,932,464, price field 188,932,464, net sales 188,932,464, week average 183,478,176, listed at 188,934,227
    the lowest listed price is 188,932,464, from the row and 3 more
    market 188,932,464, typing 188,932,463, 1 under the market
    net sales 188,932,463 is 1 x 188,932,463
  typed 250; the net sales make it 1
    the panel holds 188,932,463 against the 188,932,463 typed
  tab 4 read in 21 ms after the listing: 0 slot(s) held

  list 1 at 188,932,463
    #         ms   share  step
    1       16.0    0.3%  read the panel before loading
    2       17.5    0.3%  wait for slot (1,1) to fill
    3      815.9   14.2%  ctrl-click (1,1) attempt 1
    4      659.9   11.5%  read the suggested price
    5     1654.7   28.8%  type the price 188,932,463
    6      943.5   16.4%  type the quantity 250
    7      309.5    5.4%  take the quantity from the net sales
    8       91.7    1.6%  read the price back before Register
    9      312.6    5.4%  click Register
   10       91.9    1.6%  find Confirmation
   11       16.4    0.3%  look for the underprice question
   12      308.5    5.4%  click Confirmation
   13      251.0    4.4%  park
   14      229.0    4.0%  confirm the dialog is gone
   15       15.4    0.3%  wait for the panel to let the item go
   16       21.3    0.4%  read tab 4 after the listing
          5754.7  100.0%  TOTAL
  listed 1 at 188,932,463; it lands in row 24
DONE {"kind": "relist", "row": 24, "lands_in": 24, "qty": 1, "price": 188932463, "item": "Chaos Core Set X 252"}
    relisted 1 at 188,932,463 in row 24
  tab 4 known from the last listing: 0 slot(s) held
  row 25: 'Force Core(High' x250 at 184,989 -> tab 4 slot (1, 1)
    floor 176,867 (176,867 x 1) from Force Core Set (High) as last bought; listed at 184,989, above it
TASK {"kind": "relist", "row": 25, "item": "Force Core(High", "qty": 250, "price": 184989, "tab": 4, "slot": [1, 1], "lands_in": 25}
  inventory slot (1,1) at (1475, 236)
    read: current min 184,988, price field 184,988, net sales 184,988, week average 199,396, listed at 184,989
    the lowest listed price is 184,988, from the row and 3 more
    market 184,988, typing 184,987, 1 under the market
    net sales 46,246,750 is 250 x 184,987
  typed 250; the net sales make it 250
    the panel holds 184,987 against the 184,987 typed
  tab 4 read in 20 ms after the listing: 0 slot(s) held

  list 250 at 184,987
    #         ms   share  step
    1       21.8    0.4%  read the panel before loading
    2       21.8    0.4%  wait for slot (1,1) to fill
    3      812.9   14.8%  ctrl-click (1,1) attempt 1
    4      592.1   10.8%  read the suggested price
    5     1440.9   26.3%  type the price 184,987
    6      947.5   17.3%  type the quantity 250
    7      303.7    5.5%  take the quantity from the net sales
    8       91.2    1.7%  read the price back before Register
    9      309.6    5.6%  click Register
   10       92.9    1.7%  find Confirmation
   11       21.3    0.4%  look for the underprice question
   12      306.6    5.6%  click Confirmation
   13      251.0    4.6%  park
   14      233.0    4.2%  confirm the dialog is gone
   15       16.1    0.3%  wait for the panel to let the item go
   16       20.5    0.4%  read tab 4 after the listing
          5482.9  100.0%  TOTAL
  listed 250 at 184,987; it lands in row 25
DONE {"kind": "relist", "row": 25, "lands_in": 25, "qty": 250, "price": 184987, "item": "Force Core(High"}
    relisted 250 at 184,987 in row 25
  tab 4 known from the last listing: 0 slot(s) held
  row 26: 'Force Core(High' x86 at 184,988 -> tab 4 slot (1, 1)
    floor 176,867 (176,867 x 1) from Force Core Set (High) as last bought; listed at 184,988, above it
TASK {"kind": "relist", "row": 26, "item": "Force Core(High", "qty": 86, "price": 184988, "tab": 4, "slot": [1, 1], "lands_in": 26}
  inventory slot (1,1) at (1475, 236)
    read: current min 184,987, price field 184,987, net sales 184,987, week average 199,396, listed at 184,988
    the lowest listed price is 184,987, from the row and 3 more
    market 184,987, typing 184,986, 1 under the market
    net sales 15,908,796 is 86 x 184,986
  typed 250; the net sales make it 86
    the panel holds 184,986 against the 184,986 typed
  tab 4 read in 25 ms after the listing: 0 slot(s) held

  list 86 at 184,986
    #         ms   share  step
    1       20.6    0.4%  read the panel before loading
    2       16.6    0.3%  wait for slot (1,1) to fill
    3      806.8   14.7%  ctrl-click (1,1) attempt 1
    4      584.3   10.6%  read the suggested price
    5     1446.0   26.3%  type the price 184,986
    6      944.1   17.2%  type the quantity 250
    7      312.1    5.7%  take the quantity from the net sales
    8       96.3    1.8%  read the price back before Register
    9      315.8    5.7%  click Register
   10       94.5    1.7%  find Confirmation
   11       18.1    0.3%  look for the underprice question
   12      307.8    5.6%  click Confirmation
   13      251.0    4.6%  park
   14      234.8    4.3%  confirm the dialog is gone
   15       18.9    0.3%  wait for the panel to let the item go
   16       24.8    0.5%  read tab 4 after the listing
          5492.3  100.0%  TOTAL
  listed 86 at 184,986; it lands in row 26
DONE {"kind": "relist", "row": 26, "lands_in": 26, "qty": 86, "price": 184986, "item": "Force Core(High"}
    relisted 86 at 184,986 in row 26
  row 27 is empty; nothing to relist

  relisting rows 1-27: 25 relisted, 2 empty, 0 skipped
    #          ms   share     n      each  phase
    1    96,543.9   42.8%    17   5,679.1  list it back
    2    64,053.9   28.4%    17   3,767.9  cancel the row and take it back
    3    18,955.5    8.4%    18   1,053.1  select inventory tab 4
    4    16,351.0    7.2%    18     908.4  scroll to the row and read it
    5     6,553.5    2.9%    18     364.1  Refresh the table
    6     5,854.1    2.6%     1   5,854.1  buy 1 Chaos Core
    7     5,476.9    2.4%     1   5,476.9  list Chaos Core from (1, 1)
    8     2,770.2    1.2%     1   2,770.2  buy order 2
    9     2,710.0    1.2%     1   2,710.0  buy order 1
   10     2,265.0    1.0%     1   2,265.0  select the Register tab
   11     1,544.4    0.7%     1   1,544.4  read tab 4 before buying
   12     1,542.7    0.7%     1   1,542.7  wait for the Chaos Core to land on tab 4
   13       372.2    0.2%     1     372.2  step down to the next offer (1)
   14       319.9    0.1%     1     319.9  reopen the Agent Shop
   15       309.8    0.1%    17      18.2  check the shop slot is empty
        225,623.0  100.0%

  returning the game to its default state
restoring the default state:
  Escape: window closed
  Inventory already closed
  the gift box at [284, 994]
  Receive All at [1209, 786]
  Receive 1 of 4 at [1214, 327]
  Receive 2 of 4 at [1214, 425]
  Receive 3 of 4 at [1214, 523]
  Receive 4 of 4 at [1214, 621]
  the special giftbox's Receive at [1438, 492]
  Close at [1483, 846]
  took 4 gift(s)
  the Agent Shop is shut and the vendor is not open either; reopening it
  Inventory shut: slot grid 0.09, needs 0.33

  board after pass 3:
                                                   bought/u   listed/u  margin      row price
     1  Blessing Bead - Superior           x1    163,756,817 169,999,997   +3.7%    169,999,997
     2  Armor Account bind Unseal Stone    x1    187,364,780 187,364,780   +0.0%    187,364,780
     3  Armor Account bind Seal Stone      x2    187,364,780 187,364,780   +0.0%    187,364,780
     4  Force Core (Ultimate               x64            -    383,829       -        383,829
     5  Arionell                           x1    281,047,170 303,185,713   +7.3%    303,185,713
     6  Upgrade Core (Ultimate             x15            -    536,714       -        536,714
     7  Force Core (Ultimate               x190           -    383,828       -        383,828
     8  Force Core(Highest                 x166           -    195,487       -        195,487
     9  Chaos Core                         x1       745,644    744,486   -0.2%        744,486
    10  Upgrade Core (Ultimate             x20      469,773    536,711  +12.5%        536,711
    11  Force Core(Highest                 x250           -    195,487       -        195,487
    12  Force Core(Highest                 x136           -    195,487       -        195,487
    13  Palladium Headpiece(BL) (anal (ana x1             -  2,399,997       -      2,399,997
    14  Palladium Headgear(FB) Lalla       x1             -    988,999       -        988,999
    15  Palladium Headgear(FA) (anal (anal x1             -  9,920,000       -      9,920,000
    16  Palladium Boots(FA) Lalla          x2             -  1,319,999       -      1,319,999
    17  Palladium Shoes(W1) Lalla          x2             -    749,998       -        749,998
    18  Palladium Coat (FG) Lalla          x1             -    999,998       -        999,998
    19  Chaos Core Set X 291               x1             -    749,734       -    218,172,884
    20  Force Core (Ultimate               x56      374,843    383,826   +2.3%        383,826
    21  Chaos Core Set X 249               x1             -    749,733       -    186,683,765
    22  Chaos Core Set X 267               x1             -    749,732       -    200,178,710
    23  Upgrade Core (Ultimate             x54            -    536,707       -        536,707
    24  Chaos Core Set X 252               x1             -    749,731       -    188,932,463
    25  Force Core(High                    x250           -    184,987       -        184,987
    26  Force Core(High                    x86            -    184,986       -        184,986
    28  Archridium Suit (DM) Lalla         x1             -  1,685,749       -      1,685,749
    30  Palladium Suit (DM) + 1 Lalla      x1             - 33,000,000       -     33,000,000
    item                               rows   units          listed
    Archridium Suit (DM) Lalla            1       1       1,685,749
    Arionell                              1       1     303,185,713
    Armor Account bind Seal Stone         1       2     374,729,560
    Armor Account bind Unseal Stone       1       1     187,364,780
    Blessing Bead - Superior              1       1     169,999,997
    Chaos Core                            1       1         744,486
    Chaos Core Set                        4   1,059     793,967,822
    Force Core (Ultimate                  3     310     118,986,632
    Force Core(High                       2     336      62,155,546
    Force Core(Highest                    3     552     107,908,824
    Palladium Boots(FA) Lalla             1       2       2,639,998
    Palladium Coat (FG) Lalla             1       1         999,998
    Palladium Headgear(FA) (anal (anal    1       1       9,920,000
    Palladium Headgear(FB) Lalla          1       1         988,999
    Palladium Headpiece(BL) (anal (ana    1       1       2,399,997
    Palladium Shoes(W1) Lalla             1       2       1,499,996
    Palladium Suit (DM) + 1 Lalla         1       1      33,000,000
    Upgrade Core (Ultimate                3      89      47,767,108
    board                                28   2,362   2,219,945,205
    balance now 526,499,004
  pass 3: 25 relisted, 2 empty, 0 skipped; 9981.1 minute(s) left

-- pass 4 --

  resupply order: Chaos Core, Force Core(High), Force Core(Highest), Upgrade Core (Ultimate), Force Core (Ultimate), Armor Account bind Unseal Stone, Armor Account bind Seal Stone, Blessing Bead - Superior

-- Chaos Core Set under our listing: up to 3 row(s) --
  Chaos Core Set 749,731 - Chaos Core 744,429 = 5,302
  ours is listed at 749,731 a Set and a Chaos Core sells at 744,429; buying every Set under 739,429, 5,000 a Set below the lower of the two
  the cheapest Chaos Core Set is 749,731 a Set, not under 739,429; nothing to buy under ours

  counting only rows 1-27; rows outside it are not repriced and do not count; 1 row(s) free
  core                            rows     buy/u    sell/u    margin  wants   short?
  Force Core(Highest)                3         -         -         -      -   holds the most it can want, 3; not priced
  Chaos Core                         4   744,429   749,731     5,302      3   
  Force Core (Ultimate)              3         -         -         -      -   holds the most it can want, 3; not priced
  Force Core(High)                   2   180,000   184,986     4,986      0   
  Upgrade Core (Ultimate)            3         -         -         -      -   holds the most it can want, 3; not priced

  nothing inside rows 1-27 holds fewer rows than its margin is worth.

  Armor Account bind Unseal Stone: 1 row(s) inside 1-27, 1 wanted; row 2 'Armor Account bind Unseal Stone'
    floor 187,364,780: 500/1000 of the 374,729,560 voucher, read at launch

  Armor Account bind Seal Stone: 1 row(s) inside 1-27, 1 wanted; row 3 'Armor Account bind Seal Stone'
    floor 187,364,780: 500/1000 of the 374,729,560 voucher, read at launch

  Blessing Bead - Superior: 1 row(s) inside 1-27, 1 wanted; row 1 'Blessing Bead - Superior'
    floor 163,756,817: 437/1000 of the 374,729,560 voucher, read at launch
    the quantity column read 'Superior', which holds no digits, so it is the end of the name and not a count; reading the row as 'Blessing Bead - Superior' and letting the panel count what is there
    one line read 'serene wbéee 1 169,999,997 OnSale Change'; read as stacked lines it is 'Blessing Bead - Superior 169,999,997 OnSale Change'
  tab 4 read from the screen in 1542 ms: 0 slot(s) held
  row 1: 'Blessing Bead - Superior' x1 at 169,999,997 -> tab 4 slot (1, 1)
    floor 163,756,817 from what it cost; listed at 169,999,997, above it
TASK {"kind": "relist", "row": 1, "item": "Blessing Bead - Superior", "qty": 1, "price": 169999997, "tab": 4, "slot": [1, 1], "lands_in": 1}
  inventory slot (1,1) at (1475, 236)
    read: current min 169,999,998, price field 169,999,998, net sales 169,999,998, week average 192,063,448, listed at 169,999,997
    the lowest listed price is 169,999,998, from the row and 3 more
    market 169,999,998, typing 169,999,997, 1 under the market
    net sales 169,999,997 is 1 x 169,999,997
  typed 250; the net sales make it 1
    the panel holds 169,999,997 against the 169,999,997 typed
  tab 4 read in 25 ms after the listing: 0 slot(s) held

  list 1 at 169,999,997
    #         ms   share  step
    1       20.2    0.4%  read the panel before loading
    2       20.4    0.4%  wait for slot (1,1) to fill
    3      811.9   14.1%  ctrl-click (1,1) attempt 1
    4      593.6   10.3%  read the suggested price
    5     1658.9   28.8%  type the price 169,999,997
    6      949.6   16.5%  type the quantity 250
    7      306.7    5.3%  take the quantity from the net sales
    8       96.2    1.7%  read the price back before Register
    9      313.7    5.5%  click Register
   10      102.5    1.8%  find Confirmation
   11       18.8    0.3%  look for the underprice question
   12      316.6    5.5%  click Confirmation
   13      251.2    4.4%  park
   14      248.5    4.3%  confirm the dialog is gone
   15       17.1    0.3%  wait for the panel to let the item go
   16       24.9    0.4%  read tab 4 after the listing
          5750.8  100.0%  TOTAL
  listed 1 at 169,999,997; it lands in row 1
DONE {"kind": "relist", "row": 1, "lands_in": 1, "qty": 1, "price": 169999997, "item": "Blessing Bead - Superior"}
    relisted 1 at 169,999,997 in row 1
  tab 4 known from the last listing: 0 slot(s) held
  row 2: 'Armor Account bind Unseal Stone' x1 at 187,364,780 -> tab 4 slot (1, 1)
    floor 187,364,780 from what it cost; listed at 187,364,780, above it
TASK {"kind": "relist", "row": 2, "item": "Armor Account bind Unseal Stone", "qty": 1, "price": 187364780, "tab": 4, "slot": [1, 1], "lands_in": 2}
  inventory slot (1,1) at (1475, 236)
    read: current min 187,000,000, price field 187,000,000, net sales 187,000,000, week average 192,114,171, listed at 187,364,780
    the lowest listed price is 187,000,000, from the row and 3 more
    market 186,999,999 is under the 187,364,780 floor (it is worth what it cost); listing at the floor
    market 187,000,000, typing 187,364,780, 364,780 over the market
    net sales 187,364,780 is 1 x 187,364,780
  typed 250; the net sales make it 1
    the panel holds 187,364,780 against the 187,364,780 typed
  tab 4 read in 25 ms after the listing: 0 slot(s) held

  list 1 at 187,364,780
    #         ms   share  step
    1       20.4    0.4%  read the panel before loading
    2       19.8    0.3%  wait for slot (1,1) to fill
    3      813.0   14.1%  ctrl-click (1,1) attempt 1
    4      594.1   10.3%  read the suggested price
    5     1661.9   28.9%  type the price 187,364,780
    6      949.0   16.5%  type the quantity 250
    7      312.4    5.4%  take the quantity from the net sales
    8       96.5    1.7%  read the price back before Register
    9      317.5    5.5%  click Register
   10       95.4    1.7%  find Confirmation
   11       21.3    0.4%  look for the underprice question
   12      313.4    5.4%  click Confirmation
   13      250.7    4.4%  park
   14      240.9    4.2%  confirm the dialog is gone
   15       19.7    0.3%  wait for the panel to let the item go
   16       24.6    0.4%  read tab 4 after the listing
          5750.6  100.0%  TOTAL
  listed 1 at 187,364,780; it lands in row 2
DONE {"kind": "relist", "row": 2, "lands_in": 2, "qty": 1, "price": 187364780, "item": "Armor Account bind Unseal Stone"}
    relisted 1 at 187,364,780 in row 2, 4 relist(s) on the floor now
  tab 4 known from the last listing: 0 slot(s) held
  row 3: 'Armor Account bind Seal Stone' x2 at 187,364,780 -> tab 4 slot (1, 1)
    floor 187,364,780 from what it cost; listed at 187,364,780, above it
TASK {"kind": "relist", "row": 3, "item": "Armor Account bind Seal Stone", "qty": 2, "price": 187364780, "tab": 4, "slot": [1, 1], "lands_in": 3}
  inventory slot (1,1) at (1475, 236)
    read: current min 187,000,000, price field 187,000,000, net sales 187,000,000, week average 190,073,428, listed at 187,364,780
    the lowest listed price is 187,000,000, from the row and 3 more
    market 186,999,999 is under the 187,364,780 floor (it is worth what it cost); listing at the floor
    market 187,000,000, typing 187,364,780, 364,780 over the market
    net sales 374,729,560 is 2 x 187,364,780
  typed 250; the net sales make it 2
    the panel holds 187,364,780 against the 187,364,780 typed
  tab 4 read in 20 ms after the listing: 0 slot(s) held

  list 2 at 187,364,780
    #         ms   share  step
    1       17.4    0.3%  read the panel before loading
    2       20.5    0.4%  wait for slot (1,1) to fill
    3      815.3   14.2%  ctrl-click (1,1) attempt 1
    4      588.5   10.3%  read the suggested price
    5     1656.4   28.9%  type the price 187,364,780
    6      946.3   16.5%  type the quantity 250
    7      309.0    5.4%  take the quantity from the net sales
    8       93.8    1.6%  read the price back before Register
    9      314.3    5.5%  click Register
   10       95.1    1.7%  find Confirmation
   11       19.3    0.3%  look for the underprice question
   12      311.3    5.4%  click Confirmation
   13      251.0    4.4%  park
   14      251.3    4.4%  confirm the dialog is gone
   15       18.4    0.3%  wait for the panel to let the item go
   16       19.6    0.3%  read tab 4 after the listing
          5727.7  100.0%  TOTAL
  listed 2 at 187,364,780; it lands in row 3
DONE {"kind": "relist", "row": 3, "lands_in": 3, "qty": 2, "price": 187364780, "item": "Armor Account bind Seal Stone"}
    relisted 2 at 187,364,780 in row 3, 4 relist(s) on the floor now
  tab 4 known from the last listing: 0 slot(s) held
  row 4: 'Force Core (Ultimate' x64 at 383,829 -> tab 4 slot (1, 1)
    floor 374,843 (374,843 x 1) from Force Core Set (Ultimate) as last bought; listed at 383,829, above it
TASK {"kind": "relist", "row": 4, "item": "Force Core (Ultimate", "qty": 64, "price": 383829, "tab": 4, "slot": [1, 1], "lands_in": 4}
  inventory slot (1,1) at (1475, 236)
    read: current min 383,824, price field 383,824, net sales 383,824, week average 411,299, listed at 383,829
    the lowest listed price is 383,824, from the row and 3 more
    market 383,824, typing 383,823, 1 under the market
    net sales 24,564,672 is 64 x 383,823
  typed 250; the net sales make it 64
    the panel holds 383,823 against the 383,823 typed
  tab 4 read in 23 ms after the listing: 0 slot(s) held

  list 64 at 383,823
    #         ms   share  step
    1       16.8    0.3%  read the panel before loading
    2       15.5    0.3%  wait for slot (1,1) to fill
    3      807.9   14.8%  ctrl-click (1,1) attempt 1
    4      581.1   10.6%  read the suggested price
    5     1440.8   26.4%  type the price 383,823
    6      944.1   17.3%  type the quantity 250
    7      311.5    5.7%  take the quantity from the net sales
    8       88.9    1.6%  read the price back before Register
    9      309.2    5.7%  click Register
   10       90.5    1.7%  find Confirmation
   11       18.8    0.3%  look for the underprice question
   12      307.8    5.6%  click Confirmation
   13      250.8    4.6%  park
   14      233.7    4.3%  confirm the dialog is gone
   15       17.8    0.3%  wait for the panel to let the item go
   16       22.9    0.4%  read tab 4 after the listing
          5458.1  100.0%  TOTAL
  listed 64 at 383,823; it lands in row 4
DONE {"kind": "relist", "row": 4, "lands_in": 4, "qty": 64, "price": 383823, "item": "Force Core (Ultimate"}
    relisted 64 at 383,823 in row 4
  tab 4 known from the last listing: 0 slot(s) held
  row 5: 'Arionell' x1 at 303,185,713 -> tab 4 slot (1, 1)
    floor 281,047,170 from what it cost; listed at 303,185,713, above it
TASK {"kind": "relist", "row": 5, "item": "Arionell", "qty": 1, "price": 303185713, "tab": 4, "slot": [1, 1], "lands_in": 5}
  inventory slot (1,1) at (1475, 236)
    read: current min 260,000,000, price field 260,000,000, net sales 260,000,000, week average 315,560,317, listed at 303,185,713
    the lowest listed price is 260,000,000, from the row and 3 more
    the market asks 259,999,999, 43,185,714 under our 303,185,713; holding at 302,185,713, the most this row may fall in one relist
    market 260,000,000, typing 302,185,713, 42,185,713 over the market
    net sales 302,185,713 is 1 x 302,185,713
  typed 250; the net sales make it 1
    the panel holds 302,185,713 against the 302,185,713 typed
  tab 4 read in 19 ms after the listing: 0 slot(s) held

  list 1 at 302,185,713
    #         ms   share  step
    1       17.7    0.3%  read the panel before loading
    2       19.2    0.3%  wait for slot (1,1) to fill
    3      811.5   14.2%  ctrl-click (1,1) attempt 1
    4      589.8   10.3%  read the suggested price
    5     1656.9   29.0%  type the price 302,185,713
    6      945.6   16.6%  type the quantity 250
    7      310.8    5.4%  take the quantity from the net sales
    8       95.7    1.7%  read the price back before Register
    9      315.9    5.5%  click Register
   10       96.0    1.7%  find Confirmation
   11       20.6    0.4%  look for the underprice question
   12      307.6    5.4%  click Confirmation
   13      251.2    4.4%  park
   14      235.3    4.1%  confirm the dialog is gone
   15       18.3    0.3%  wait for the panel to let the item go
   16       19.3    0.3%  read tab 4 after the listing
          5711.4  100.0%  TOTAL
  listed 1 at 302,185,713; it lands in row 5
DONE {"kind": "relist", "row": 5, "lands_in": 5, "qty": 1, "price": 302185713, "item": "Arionell"}
    relisted 1 at 302,185,713 in row 5
  tab 4 known from the last listing: 0 slot(s) held
  row 6: 'Upgrade Core (Ultimate' x15 at 536,714 -> tab 4 slot (1, 1)
    floor 469,773 (469,773 x 1) from Upgrade Core Set (Ultimate) as last bought; listed at 536,714, above it
TASK {"kind": "relist", "row": 6, "item": "Upgrade Core (Ultimate", "qty": 15, "price": 536714, "tab": 4, "slot": [1, 1], "lands_in": 6}
  inventory slot (1,1) at (1475, 236)
    read: current min 536,704, price field 536,704, net sales 536,704, week average 466,479, listed at 536,714
    the lowest listed price is 536,704, from the row and 3 more
    market 536,704, typing 536,703, 1 under the market
    net sales 8,050,545 is 15 x 536,703
  typed 250; the net sales make it 15
    the panel holds 536,703 against the 536,703 typed
  tab 4 read in 22 ms after the listing: 0 slot(s) held

  list 15 at 536,703
    #         ms   share  step
    1       22.4    0.4%  read the panel before loading
    2       18.6    0.3%  wait for slot (1,1) to fill
    3      812.3   14.6%  ctrl-click (1,1) attempt 1
    4      658.9   11.8%  read the suggested price
    5     1446.0   26.0%  type the price 536,703
    6      945.5   17.0%  type the quantity 250
    7      323.0    5.8%  take the quantity from the net sales
    8       95.4    1.7%  read the price back before Register
    9      307.0    5.5%  click Register
   10       92.1    1.7%  find Confirmation
   11       17.5    0.3%  look for the underprice question
   12      309.0    5.5%  click Confirmation
   13      250.8    4.5%  park
   14      235.8    4.2%  confirm the dialog is gone
   15       15.6    0.3%  wait for the panel to let the item go
   16       22.2    0.4%  read tab 4 after the listing
          5572.0  100.0%  TOTAL
  listed 15 at 536,703; it lands in row 6
DONE {"kind": "relist", "row": 6, "lands_in": 6, "qty": 15, "price": 536703, "item": "Upgrade Core (Ultimate"}
    relisted 15 at 536,703 in row 6
  tab 4 known from the last listing: 0 slot(s) held
  row 7: 'Force Core (Ultimate' x190 at 383,828 -> tab 4 slot (1, 1)
    floor 374,843 (374,843 x 1) from Force Core Set (Ultimate) as last bought; listed at 383,828, above it
TASK {"kind": "relist", "row": 7, "item": "Force Core (Ultimate", "qty": 190, "price": 383828, "tab": 4, "slot": [1, 1], "lands_in": 7}
  inventory slot (1,1) at (1475, 236)
    read: current min 383,823, price field 383,823, net sales 383,823, week average 411,299, listed at 383,828
    the lowest listed price is 383,823, from the row and 3 more
    market 383,823, typing 383,822, 1 under the market
    net sales 72,926,180 is 190 x 383,822
  typed 250; the net sales make it 190
    the panel holds 383,822 against the 383,822 typed
  tab 4 read in 21 ms after the listing: 0 slot(s) held

  list 190 at 383,822
    #         ms   share  step
    1       20.3    0.4%  read the panel before loading
    2       16.5    0.3%  wait for slot (1,1) to fill
    3      807.2   14.8%  ctrl-click (1,1) attempt 1
    4      576.2   10.6%  read the suggested price
    5     1439.4   26.4%  type the price 383,822
    6      944.7   17.3%  type the quantity 250
    7      307.1    5.6%  take the quantity from the net sales
    8       94.0    1.7%  read the price back before Register
    9      307.7    5.6%  click Register
   10       92.4    1.7%  find Confirmation
   11       20.4    0.4%  look for the underprice question
   12      307.8    5.6%  click Confirmation
   13      251.0    4.6%  park
   14      236.5    4.3%  confirm the dialog is gone
   15       16.7    0.3%  wait for the panel to let the item go
   16       21.1    0.4%  read tab 4 after the listing
          5458.8  100.0%  TOTAL
  listed 190 at 383,822; it lands in row 7
DONE {"kind": "relist", "row": 7, "lands_in": 7, "qty": 190, "price": 383822, "item": "Force Core (Ultimate"}
    relisted 190 at 383,822 in row 7
  tab 4 known from the last listing: 0 slot(s) held
  row 8: 'Force Core(Highest' x166 at 195,487 -> tab 4 slot (1, 1)
    floor 195,487 (195,487 x 1) from Force Core Set (Highest) as last bought; listed at 195,487, above it
TASK {"kind": "relist", "row": 8, "item": "Force Core(Highest", "qty": 166, "price": 195487, "tab": 4, "slot": [1, 1], "lands_in": 8}
  inventory slot (1,1) at (1475, 236)
    read: current min 190,000, price field 190,000, net sales 190,000, week average 213,123, listed at 195,487
    the lowest listed price is 190,000, from the row and 3 more
    market 189,999 is under the 195,487 floor (a Force Core Set (Highest) as last bought costs 195,487); listing at the floor
    market 190,000, typing 195,487, 5,487 over the market
    net sales 32,450,842 is 166 x 195,487
  typed 250; the net sales make it 166
    the panel holds 195,487 against the 195,487 typed
  tab 4 read in 20 ms after the listing: 0 slot(s) held

  list 166 at 195,487
    #         ms   share  step
    1       19.8    0.4%  read the panel before loading
    2       18.6    0.3%  wait for slot (1,1) to fill
    3      807.5   14.6%  ctrl-click (1,1) attempt 1
    4      647.2   11.7%  read the suggested price
    5     1445.4   26.1%  type the price 195,487
    6      944.7   17.1%  type the quantity 250
    7      311.8    5.6%  take the quantity from the net sales
    8       93.8    1.7%  read the price back before Register
    9      309.4    5.6%  click Register
   10       94.6    1.7%  find Confirmation
   11       16.9    0.3%  look for the underprice question
   12      307.5    5.6%  click Confirmation
   13      250.8    4.5%  park
   14      230.1    4.2%  confirm the dialog is gone
   15       16.6    0.3%  wait for the panel to let the item go
   16       19.7    0.4%  read tab 4 after the listing
          5534.6  100.0%  TOTAL
  listed 166 at 195,487; it lands in row 8
DONE {"kind": "relist", "row": 8, "lands_in": 8, "qty": 166, "price": 195487, "item": "Force Core(Highest"}
    relisted 166 at 195,487 in row 8, 2 relist(s) on the floor now
  row 9 has SOLD (fully); collecting
    collected; row 9 is empty, nothing to relist
  the Chaos Core special row sold; buying it back now, not on the next pass

-- Chaos Core special row 1 of 1: 1 at 500 to 700 under the market --
  1 stays behind on every row bought; an order 10 step(s) down with nothing spare takes the row it is on whole, and the next order leaves 1 behind again; each order prices the favourite afresh, then wheels down, up to 30 step(s)
TASK {"kind": "resupply", "core": "Chaos Core", "slot": 3, "tab": 4, "landing": [1, 1], "special": true}
  row 1 offers 'Chaos Core' x1 at 743,832 (743,832/unit)

  buy from favourite slot 3: REFUSED
    #         ms   share  step
    1        0.4    0.0%  get_price: focus the game
    2       98.6    1.8%  get_price: _trade_window_open (OCR 1300x190)
    3      158.2    2.9%  get_price: purchase_tab_showing
    4     1416.8   25.8%  get_price: click the Purchase tab + settle
    5      129.3    2.4%  get_price: read row 1 before the search
    6      311.0    5.7%  get_price: click favourite slot 3
    7       94.7    1.7%  get_price: confirm the sort
    8      522.9    9.5%  get_price: poll row 1 until it answers (3 read(s))
    9     2754.6   50.2%  get_price: search the favourite and read row 1
          5486.6  100.0%  TOTAL
  row 1 holds 1 and 1 stays behind, so there is nothing spare to take here.
  wheeled 1 notch(es) down the offers, from row 2 at (500, 312)
  row 1 offers 'Chaos Core' x1 at 744,429 (744,429/unit)

  buy from favourite slot 3: REFUSED
    #         ms   share  step
    1        0.5    0.0%  get_price: focus the game
    2      103.1   10.3%  get_price: _trade_window_open (OCR 1300x190)
    3      116.0   11.5%  get_price: purchase_tab_showing
    4      283.4   28.2%  get_price: read row 1 where it stands
    5      503.1   50.0%  get_price: search the favourite and read row 1
          1006.2  100.0%  TOTAL
  row 1 holds 1 and 1 stays behind, so there is nothing spare to take here.
  wheeled 1 notch(es) down the offers, from row 2 at (500, 312)
  row 1 offers 'Chaos Core' x1 at 744,961 (744,961/unit)

  buy from favourite slot 3: REFUSED
    #         ms   share  step
    1        0.4    0.0%  get_price: focus the game
    2      101.5   10.4%  get_price: _trade_window_open (OCR 1300x190)
    3      111.9   11.4%  get_price: purchase_tab_showing
    4      275.8   28.2%  get_price: read row 1 where it stands
    5      489.6   50.0%  get_price: search the favourite and read row 1
           979.2  100.0%  TOTAL
  row 1 holds 1 and 1 stays behind, so there is nothing spare to take here.
  wheeled 1 notch(es) down the offers, from row 2 at (500, 312)
  row 1 offers 'Chaos Core' x247 at 745,644 (745,644/unit)
    balance before 527,243,490
    row 1 holds 247, 1 stays behind, so at most 246 comes off it
    dialog: '¢ Chaos Core'  qty 1 of 247  price 745644
    1 core(s) wanted, 1 to a pack -> 1 pack(s); 247 available, taking 1
    the quantity field already reads 1; not retyping it
    ordering 1 pack(s) at 745,644; the spend will confirm what actually bought
    balance after  526,497,846; spent 745,644 bought 1 pack(s) = 1 core(s) (745,644 a core)

  buy from favourite slot 3: bought 1 core(s) in 1 order(s)
    #         ms   share  step
    1        0.4    0.0%  get_price: focus the game
    2      101.7    3.2%  get_price: _trade_window_open (OCR 1300x190)
    3      112.9    3.5%  get_price: purchase_tab_showing
    4      215.7    6.8%  get_price: read row 1 where it stands
    5      430.8   13.5%  get_price: search the favourite and read row 1
    6      314.5    9.9%  select inventory tab 4
    7      101.2    3.2%  read the balance before buying
    8      364.6   11.4%  click the row at (500, 258)
    9      313.3    9.8%  click Buy at (828, 258)
   10       91.2    2.9%  await the Purchase dialog
   11      302.6    9.5%  read the dialog (item, price, qty, qty_max)
   12       87.2    2.7%  find the Buy button
   13      314.2    9.8%  click Buy
   14      251.0    7.9%  park
   15       96.5    3.0%  confirm the dialog is gone
   16       94.7    3.0%  read the balance after buying
          3192.4  100.0%  TOTAL
    tab 4 slot (1, 1) is held for 'Chaos Core'; it frees when something is listed from it
  the Chaos Core landed in tab 4 slot (1, 1)
TASK {"kind": "resupply", "core": "Chaos Core", "slot": 3, "tab": 4, "landing": [1, 1], "step": "list", "holding": "Chaos Core", "qty": 1, "special": true}
  inventory slot (1,1) at (1475, 236)
    read: current min 743,832, price field 743,832, net sales 743,832, week average 717,087, listed at unread
    the lowest listed price is 743,832, from the row and 2 more
    market 743,832, typing 743,329, 503 under the market
    net sales 743,329 is 1 x 743,329
  typed 250; the net sales make it 1
    the panel holds 743,329 against the 743,329 typed
  tab 4 read in 24 ms after the listing: 0 slot(s) held

  list 1 at 743,329
    #         ms   share  step
    1       18.9    0.3%  read the panel before loading
    2      815.2   14.8%  ctrl-click (1,1) attempt 1
    3      597.6   10.8%  read the suggested price
    4     1450.1   26.2%  type the price 743,329
    5      954.9   17.3%  type the quantity 250
    6      308.7    5.6%  take the quantity from the net sales
    7       96.1    1.7%  read the price back before Register
    8      316.5    5.7%  click Register
    9       97.6    1.8%  find Confirmation
   10       18.3    0.3%  look for the underprice question
   11      313.5    5.7%  click Confirmation
   12      251.1    4.5%  park
   13      241.4    4.4%  confirm the dialog is gone
   14       20.1    0.4%  wait for the panel to let the item go
   15       24.0    0.4%  read tab 4 after the listing
          5524.0  100.0%  TOTAL
  listed 1 at 743,329; it lands in row 9
  the Chaos Core special row is listed at 743,329 in row 9
DONE {"kind": "resupply", "core": "Chaos Core", "bought": 1, "listed": 1, "rows": [9], "special": true}
  tab 4 known from the last listing: 0 slot(s) held
  row 10: 'Upgrade Core (Ultimate' x20 at 536,711 -> tab 4 slot (1, 1)
    floor 469,773 (469,773 x 1) from what it cost; listed at 536,711, above it
TASK {"kind": "relist", "row": 10, "item": "Upgrade Core (Ultimate", "qty": 20, "price": 536711, "tab": 4, "slot": [1, 1], "lands_in": 10}
  inventory slot (1,1) at (1475, 236)
    read: current min 536,703, price field 536,703, net sales 536,703, week average 466,479, listed at 536,711
    the lowest listed price is 536,703, from the row and 3 more
    market 536,703, typing 536,702, 1 under the market
    net sales 10,734,040 is 20 x 536,702
  typed 250; the net sales make it 20
    the panel holds 536,702 against the 536,702 typed
  tab 4 read in 25 ms after the listing: 0 slot(s) held

  list 20 at 536,702
    #         ms   share  step
    1       17.8    0.3%  read the panel before loading
    2       16.4    0.3%  wait for slot (1,1) to fill
    3      820.5   14.6%  ctrl-click (1,1) attempt 1
    4      660.9   11.8%  read the suggested price
    5     1441.3   25.7%  type the price 536,702
    6      952.7   17.0%  type the quantity 250
    7      321.6    5.7%  take the quantity from the net sales
    8       96.7    1.7%  read the price back before Register
    9      313.1    5.6%  click Register
   10       97.5    1.7%  find Confirmation
   11       19.2    0.3%  look for the underprice question
   12      308.4    5.5%  click Confirmation
   13      251.2    4.5%  park
   14      240.2    4.3%  confirm the dialog is gone
   15       20.4    0.4%  wait for the panel to let the item go
   16       25.4    0.5%  read tab 4 after the listing
          5603.4  100.0%  TOTAL
  listed 20 at 536,702; it lands in row 10
DONE {"kind": "relist", "row": 10, "lands_in": 10, "qty": 20, "price": 536702, "item": "Upgrade Core (Ultimate"}
    relisted 20 at 536,702 in row 10
  tab 4 known from the last listing: 0 slot(s) held
  row 11: 'Force Core(Highest' x250 at 195,487 -> tab 4 slot (1, 1)
    floor 195,487 (195,487 x 1) from Force Core Set (Highest) as last bought; listed at 195,487, above it
TASK {"kind": "relist", "row": 11, "item": "Force Core(Highest", "qty": 250, "price": 195487, "tab": 4, "slot": [1, 1], "lands_in": 11}
  inventory slot (1,1) at (1475, 236)
    read: current min 190,000, price field 190,000, net sales 190,000, week average 213,123, listed at 195,487
    the lowest listed price is 190,000, from the row and 3 more
    market 189,999 is under the 195,487 floor (a Force Core Set (Highest) as last bought costs 195,487); listing at the floor
    market 190,000, typing 195,487, 5,487 over the market
    net sales 48,871,750 is 250 x 195,487
  typed 250; the net sales make it 250
    the panel holds 195,487 against the 195,487 typed
  tab 4 read in 21 ms after the listing: 0 slot(s) held

  list 250 at 195,487
    #         ms   share  step
    1       19.2    0.3%  read the panel before loading
    2       21.5    0.4%  wait for slot (1,1) to fill
    3      810.5   14.6%  ctrl-click (1,1) attempt 1
    4      660.2   11.9%  read the suggested price
    5     1444.2   25.9%  type the price 195,487
    6      947.3   17.0%  type the quantity 250
    7      307.1    5.5%  take the quantity from the net sales
    8       92.0    1.7%  read the price back before Register
    9      309.5    5.6%  click Register
   10       97.4    1.7%  find Confirmation
   11       18.2    0.3%  look for the underprice question
   12      308.2    5.5%  click Confirmation
   13      251.0    4.5%  park
   14      242.0    4.3%  confirm the dialog is gone
   15       20.0    0.4%  wait for the panel to let the item go
   16       20.8    0.4%  read tab 4 after the listing
          5569.2  100.0%  TOTAL
  listed 250 at 195,487; it lands in row 11
DONE {"kind": "relist", "row": 11, "lands_in": 11, "qty": 250, "price": 195487, "item": "Force Core(Highest"}
    relisted 250 at 195,487 in row 11, 3 relist(s) on the floor now
  tab 4 known from the last listing: 0 slot(s) held
  row 12: 'Force Core(Highest' x136 at 195,487 -> tab 4 slot (1, 1)
    floor 195,487 (195,487 x 1) from Force Core Set (Highest) as last bought; listed at 195,487, above it
TASK {"kind": "relist", "row": 12, "item": "Force Core(Highest", "qty": 136, "price": 195487, "tab": 4, "slot": [1, 1], "lands_in": 12}
  inventory slot (1,1) at (1475, 236)
    read: current min 190,000, price field 190,000, net sales 190,000, week average 213,123, listed at 195,487
    the lowest listed price is 190,000, from the row and 3 more
    market 189,999 is under the 195,487 floor (a Force Core Set (Highest) as last bought costs 195,487); listing at the floor
    market 190,000, typing 195,487, 5,487 over the market
    net sales 26,586,232 is 136 x 195,487
  typed 250; the net sales make it 136
    the panel holds 195,487 against the 195,487 typed
  tab 4 read in 26 ms after the listing: 0 slot(s) held

  list 136 at 195,487
    #         ms   share  step
    1       19.4    0.3%  read the panel before loading
    2       20.5    0.3%  wait for slot (1,1) to fill
    3      811.4   13.7%  ctrl-click (1,1) attempt 1
    4      657.1   11.1%  read the suggested price
    5     1445.4   24.5%  type the price 195,487
    6      948.1   16.1%  type the quantity 250
    7      305.9    5.2%  take the quantity from the net sales
    8       94.4    1.6%  read the price back before Register
    9      313.3    5.3%  click Register
   10      100.7    1.7%  find Confirmation
   11       20.9    0.4%  look for the underprice question
   12      312.0    5.3%  click Confirmation
   13      250.8    4.2%  park
   14      237.0    4.0%  confirm the dialog is gone
   15      342.3    5.8%  wait for the panel to let the item go
   16       26.4    0.4%  read tab 4 after the listing
          5905.5  100.0%  TOTAL
  listed 136 at 195,487; it lands in row 12
DONE {"kind": "relist", "row": 12, "lands_in": 12, "qty": 136, "price": 195487, "item": "Force Core(Highest"}
    relisted 136 at 195,487 in row 12, 3 relist(s) on the floor now
    the quantity column read 'il', which holds no digits, so it is the end of the name and not a count; reading the row as 'Palladium Headpiece(BL) il' and letting the panel count what is there
  tab 4 known from the last listing: 0 slot(s) held
  row 13: 'Palladium Headpiece(BL) (anal (anal' x1 at 2,399,997 -> tab 4 slot (1, 1)
    the quantity column read 'il', which holds no digits, so it is the end of the name and not a count; reading the row as 'Palladium Headpiece(BL) il' and letting the panel count what is there
    no floor for 'Palladium Headpiece(BL) (anal (anal'
TASK {"kind": "relist", "row": 13, "item": "Palladium Headpiece(BL) (anal (anal", "qty": 1, "price": 2399997, "tab": 4, "slot": [1, 1], "lands_in": 13}
  inventory slot (1,1) at (1475, 236)
    read: current min 2,399,998, price field 2,399,998, net sales 2,399,998, week average 3,094,690, listed at 2,399,997
    the lowest listed price is 2,399,998, from the row and 3 more
    market 2,399,998, typing 2,399,997, 1 under the market
    net sales 2,399,997 is 1 x 2,399,997
  typed 250; the net sales make it 1
    the panel holds 2,399,997 against the 2,399,997 typed
  tab 4 read in 20 ms after the listing: 0 slot(s) held

  list 1 at 2,399,997
    #         ms   share  step
    1       20.6    0.4%  read the panel before loading
    2       22.5    0.4%  wait for slot (1,1) to fill
    3      813.2   14.6%  ctrl-click (1,1) attempt 1
    4      588.7   10.6%  read the suggested price
    5     1516.2   27.2%  type the price 2,399,997
    6      946.8   17.0%  type the quantity 250
    7      305.2    5.5%  take the quantity from the net sales
    8       95.4    1.7%  read the price back before Register
    9      312.1    5.6%  click Register
   10       97.9    1.8%  find Confirmation
   11       18.2    0.3%  look for the underprice question
   12      309.6    5.6%  click Confirmation
   13      250.8    4.5%  park
   14      237.7    4.3%  confirm the dialog is gone
   15       18.6    0.3%  wait for the panel to let the item go
   16       20.2    0.4%  read tab 4 after the listing
          5573.7  100.0%  TOTAL
  listed 1 at 2,399,997; it lands in row 13
DONE {"kind": "relist", "row": 13, "lands_in": 13, "qty": 1, "price": 2399997, "item": "Palladium Headpiece(BL) (anal (anal"}
    relisted 1 at 2,399,997 in row 13
    the quantity column read 'il', which holds no digits, so it is the end of the name and not a count; reading the row as 'Palladium Headgear(FB) il' and letting the panel count what is there
  tab 4 known from the last listing: 0 slot(s) held
  row 14: 'Palladium Headgear(FB) Lalla' x1 at 988,999 -> tab 4 slot (1, 1)
    the quantity column read 'il', which holds no digits, so it is the end of the name and not a count; reading the row as 'Palladium Headgear(FB) il' and letting the panel count what is there
    no floor for 'Palladium Headgear(FB) Lalla'
TASK {"kind": "relist", "row": 14, "item": "Palladium Headgear(FB) Lalla", "qty": 1, "price": 988999, "tab": 4, "slot": [1, 1], "lands_in": 14}
  inventory slot (1,1) at (1475, 236)
    read: current min 989,000, price field 989,000, net sales 989,000, week average 1,065,959, listed at 988,999
    the lowest listed price is 989,000, from the row and 3 more
    market 989,000, typing 988,999, 1 under the market
    net sales 988,999 is 1 x 988,999
  typed 250; the net sales make it 1
    the panel holds 988,999 against the 988,999 typed
  tab 4 read in 20 ms after the listing: 0 slot(s) held

  list 1 at 988,999
    #         ms   share  step
    1       20.8    0.4%  read the panel before loading
    2       21.3    0.4%  wait for slot (1,1) to fill
    3      814.2   14.6%  ctrl-click (1,1) attempt 1
    4      667.8   12.0%  read the suggested price
    5     1444.5   26.0%  type the price 988,999
    6      948.5   17.1%  type the quantity 250
    7      298.5    5.4%  take the quantity from the net sales
    8       90.7    1.6%  read the price back before Register
    9      309.0    5.6%  click Register
   10       92.7    1.7%  find Confirmation
   11       16.2    0.3%  look for the underprice question
   12      303.8    5.5%  click Confirmation
   13      250.7    4.5%  park
   14      244.3    4.4%  confirm the dialog is gone
   15       18.2    0.3%  wait for the panel to let the item go
   16       20.3    0.4%  read tab 4 after the listing
          5561.5  100.0%  TOTAL
  listed 1 at 988,999; it lands in row 14
DONE {"kind": "relist", "row": 14, "lands_in": 14, "qty": 1, "price": 988999, "item": "Palladium Headgear(FB) Lalla"}
    relisted 1 at 988,999 in row 14
    the quantity column read 'il', which holds no digits, so it is the end of the name and not a count; reading the row as 'Palladium Headgear(FA) il' and letting the panel count what is there
  tab 4 known from the last listing: 0 slot(s) held
  row 15: 'Palladium Headgear(FA) (anal (anal' x1 at 9,920,000 -> tab 4 slot (1, 1)
    the quantity column read 'il', which holds no digits, so it is the end of the name and not a count; reading the row as 'Palladium Headgear(FA) il' and letting the panel count what is there
    no floor for 'Palladium Headgear(FA) (anal (anal'
TASK {"kind": "relist", "row": 15, "item": "Palladium Headgear(FA) (anal (anal", "qty": 1, "price": 9920000, "tab": 4, "slot": [1, 1], "lands_in": 15}
  inventory slot (1,1) at (1475, 236)
    read: current min 3,224,985, price field 3,224,985, net sales 3,224,985, week average 3,309,683, listed at 9,920,000
    the lowest listed price is 3,224,985, from the row and 3 more
    the market asks 3,224,984, 6,695,016 under our 9,920,000; holding at 9,910,000, the most this row may fall in one relist
    market 3,224,985, typing 9,910,000, 6,685,015 over the market
    net sales 9,910,000 is 1 x 9,910,000
  typed 250; the net sales make it 1
    the panel holds 9,910,000 against the 9,910,000 typed
  tab 4 read in 20 ms after the listing: 0 slot(s) held

  list 1 at 9,910,000
    #         ms   share  step
    1       20.7    0.4%  read the panel before loading
    2       20.1    0.4%  wait for slot (1,1) to fill
    3      819.3   14.7%  ctrl-click (1,1) attempt 1
    4      588.9   10.6%  read the suggested price
    5     1514.1   27.2%  type the price 9,910,000
    6      946.5   17.0%  type the quantity 250
    7      310.4    5.6%  take the quantity from the net sales
    8       94.2    1.7%  read the price back before Register
    9      309.7    5.6%  click Register
   10       90.6    1.6%  find Confirmation
   11       17.9    0.3%  look for the underprice question
   12      308.1    5.5%  click Confirmation
   13      250.8    4.5%  park
   14      233.6    4.2%  confirm the dialog is gone
   15       20.2    0.4%  wait for the panel to let the item go
   16       20.0    0.4%  read tab 4 after the listing
          5565.1  100.0%  TOTAL
  listed 1 at 9,910,000; it lands in row 15
DONE {"kind": "relist", "row": 15, "lands_in": 15, "qty": 1, "price": 9910000, "item": "Palladium Headgear(FA) (anal (anal"}
    relisted 1 at 9,910,000 in row 15
    the quantity column read 'il', which holds no digits, so it is the end of the name and not a count; reading the row as 'Palladium Boots(FA) il' and letting the panel count what is there
  tab 4 known from the last listing: 0 slot(s) held
  row 16: 'Palladium Boots(FA) Lalla' x2 at 1,319,999 -> tab 4 slot (1, 1)
    the quantity column read 'il', which holds no digits, so it is the end of the name and not a count; reading the row as 'Palladium Boots(FA) il' and letting the panel count what is there
    no floor for 'Palladium Boots(FA) Lalla'
TASK {"kind": "relist", "row": 16, "item": "Palladium Boots(FA) Lalla", "qty": 2, "price": 1319999, "tab": 4, "slot": [1, 1], "lands_in": 16}
  inventory slot (1,1) at (1475, 236)
    read: current min 1,300,000, price field unread, net sales unread, week average unread, listed at 1,319,999
    only 1 of the three price places read; 3 must agree before anything is typed
    read: current min 1,300,000, price field 1,300,000, net sales 1,300,000, week average 1,593,780, listed at 1,319,999
    the lowest listed price is 1,300,000, from the row and 3 more
    the market asks 1,299,999, 20,000 under our 1,319,999; holding at 1,309,999, the most this row may fall in one relist
    market 1,300,000, typing 1,309,999, 9,999 over the market
    net sales 2,619,998 is 2 x 1,309,999
  typed 250; the net sales make it 2
    the panel holds 1,309,999 against the 1,309,999 typed
  tab 4 read in 20 ms after the listing: 0 slot(s) held

  list 2 at 1,309,999
    #         ms   share  step
    1       20.5    0.4%  read the panel before loading
    2       15.8    0.3%  wait for slot (1,1) to fill
    3      812.0   13.9%  ctrl-click (1,1) attempt 1
    4      865.4   14.8%  read the suggested price
    5     1516.1   26.0%  type the price 1,309,999
    6      945.1   16.2%  type the quantity 250
    7      305.4    5.2%  take the quantity from the net sales
    8       92.9    1.6%  read the price back before Register
    9      310.5    5.3%  click Register
   10       93.1    1.6%  find Confirmation
   11       16.2    0.3%  look for the underprice question
   12      303.3    5.2%  click Confirmation
   13      250.8    4.3%  park
   14      245.5    4.2%  confirm the dialog is gone
   15       16.8    0.3%  wait for the panel to let the item go
   16       19.7    0.3%  read tab 4 after the listing
          5829.0  100.0%  TOTAL
  listed 2 at 1,309,999; it lands in row 16
DONE {"kind": "relist", "row": 16, "lands_in": 16, "qty": 2, "price": 1309999, "item": "Palladium Boots(FA) Lalla"}
    relisted 2 at 1,309,999 in row 16
    the quantity column read 'il', which holds no digits, so it is the end of the name and not a count; reading the row as 'Palladium Shoes(W1) il' and letting the panel count what is there
  tab 4 known from the last listing: 0 slot(s) held
  row 17: 'Palladium Shoes(W1) Lalla' x2 at 749,998 -> tab 4 slot (1, 1)
    the quantity column read 'il', which holds no digits, so it is the end of the name and not a count; reading the row as 'Palladium Shoes(W1) il' and letting the panel count what is there
    no floor for 'Palladium Shoes(W1) Lalla'
TASK {"kind": "relist", "row": 17, "item": "Palladium Shoes(W1) Lalla", "qty": 2, "price": 749998, "tab": 4, "slot": [1, 1], "lands_in": 17}
  inventory slot (1,1) at (1475, 236)
    read: current min 749,999, price field 749,999, net sales 749,999, week average 702,777, listed at 749,998
    the lowest listed price is 749,999, from the row and 3 more
    market 749,999, typing 749,998, 1 under the market
    net sales 1,499,996 is 2 x 749,998
  typed 250; the net sales make it 2
    the panel holds 749,998 against the 749,998 typed
  tab 4 read in 20 ms after the listing: 0 slot(s) held

  list 2 at 749,998
    #         ms   share  step
    1       19.4    0.4%  read the panel before loading
    2       16.4    0.3%  wait for slot (1,1) to fill
    3      812.9   14.8%  ctrl-click (1,1) attempt 1
    4      579.3   10.6%  read the suggested price
    5     1445.5   26.4%  type the price 749,998
    6      947.1   17.3%  type the quantity 250
    7      311.3    5.7%  take the quantity from the net sales
    8       92.9    1.7%  read the price back before Register
    9      308.2    5.6%  click Register
   10       92.9    1.7%  find Confirmation
   11       19.4    0.4%  look for the underprice question
   12      308.7    5.6%  click Confirmation
   13      251.2    4.6%  park
   14      230.8    4.2%  confirm the dialog is gone
   15       18.2    0.3%  wait for the panel to let the item go
   16       20.2    0.4%  read tab 4 after the listing
          5474.2  100.0%  TOTAL
  listed 2 at 749,998; it lands in row 17
DONE {"kind": "relist", "row": 17, "lands_in": 17, "qty": 2, "price": 749998, "item": "Palladium Shoes(W1) Lalla"}
    relisted 2 at 749,998 in row 17
    the quantity column read 'il', which holds no digits, so it is the end of the name and not a count; reading the row as 'Palladium Coat (FG) il' and letting the panel count what is there
  tab 4 known from the last listing: 0 slot(s) held
  row 18: 'Palladium Coat (FG) Lalla' x1 at 999,998 -> tab 4 slot (1, 1)
    the quantity column read 'il', which holds no digits, so it is the end of the name and not a count; reading the row as 'Palladium Coat (FG) il' and letting the panel count what is there
    no floor for 'Palladium Coat (FG) Lalla'
TASK {"kind": "relist", "row": 18, "item": "Palladium Coat (FG) Lalla", "qty": 1, "price": 999998, "tab": 4, "slot": [1, 1], "lands_in": 18}
  inventory slot (1,1) at (1475, 236)
    read: current min 999,998, price field 999,998, net sales 999,998, week average 2,344,358, listed at 999,998
    the lowest listed price is 999,998, from the row and 3 more
    market 999,998, typing 999,997, 1 under the market
    net sales 999,997 is 1 x 999,997
  typed 250; the net sales make it 1
    the panel holds 999,997 against the 999,997 typed
    the game asks again because 999,997 is at least 25% under its average for this item; accepting
  tab 4 read in 21 ms after the listing: 0 slot(s) held

  list 1 at 999,997
    #         ms   share  step
    1       20.3    0.3%  read the panel before loading
    2       15.3    0.2%  wait for slot (1,1) to fill
    3      813.8   12.0%  ctrl-click (1,1) attempt 1
    4      580.1    8.6%  read the suggested price
    5     1445.0   21.3%  type the price 999,997
    6      946.0   14.0%  type the quantity 250
    7      303.8    4.5%  take the quantity from the net sales
    8       92.6    1.4%  read the price back before Register
    9      311.4    4.6%  click Register
   10       93.4    1.4%  find Confirmation
   11      140.3    2.1%  look for the underprice question
   12      312.1    4.6%  click Confirmation on the question
   13       17.2    0.3%  wait for the question to go
   14      750.7   11.1%  park before the dialog takes another click at the same point
   15       88.3    1.3%  find Confirmation on the real dialog
   16      311.8    4.6%  click Confirmation
   17      250.6    3.7%  park
   18      248.7    3.7%  confirm the dialog is gone
   19       17.5    0.3%  wait for the panel to let the item go
   20       21.0    0.3%  read tab 4 after the listing
          6779.9  100.0%  TOTAL
  listed 1 at 999,997; it lands in row 18
DONE {"kind": "relist", "row": 18, "lands_in": 18, "qty": 1, "price": 999997, "item": "Palladium Coat (FG) Lalla"}
    relisted 1 at 999,997 in row 18
  tab 4 known from the last listing: 0 slot(s) held
  row 19: 'Chaos Core Set X 291' x1 at 218,172,884 -> tab 4 slot (1, 1)
    floor 214,753,635 (737,985 x 291) from Chaos Core as last bought; listed at 218,172,884, above it
TASK {"kind": "relist", "row": 19, "item": "Chaos Core Set X 291", "qty": 1, "price": 218172884, "tab": 4, "slot": [1, 1], "lands_in": 19}
  inventory slot (1,1) at (1475, 236)
    read: current min 218,171,139, price field 218,171,139, net sales 218,171,139, week average 212,375,292, listed at 218,172,884
    the lowest listed price is 218,171,139, from the row and 3 more
    market 218,171,139, typing 218,171,138, 1 under the market
    net sales 218,171,138 is 1 x 218,171,138
  typed 250; the net sales make it 1
    the panel holds 218,171,138 against the 218,171,138 typed
  tab 4 read in 20 ms after the listing: 0 slot(s) held

  list 1 at 218,171,138
    #         ms   share  step
    1       17.6    0.3%  read the panel before loading
    2       16.3    0.3%  wait for slot (1,1) to fill
    3      812.6   14.1%  ctrl-click (1,1) attempt 1
    4      601.5   10.5%  read the suggested price
    5     1662.6   28.9%  type the price 218,171,138
    6      948.7   16.5%  type the quantity 250
    7      309.8    5.4%  take the quantity from the net sales
    8      100.9    1.8%  read the price back before Register
    9      314.3    5.5%  click Register
   10      100.8    1.8%  find Confirmation
   11       22.5    0.4%  look for the underprice question
   12      310.0    5.4%  click Confirmation
   13      251.0    4.4%  park
   14      238.4    4.1%  confirm the dialog is gone
   15       19.1    0.3%  wait for the panel to let the item go
   16       20.3    0.4%  read tab 4 after the listing
          5746.5  100.0%  TOTAL
  listed 1 at 218,171,138; it lands in row 19
DONE {"kind": "relist", "row": 19, "lands_in": 19, "qty": 1, "price": 218171138, "item": "Chaos Core Set X 291"}
    relisted 1 at 218,171,138 in row 19
  tab 4 known from the last listing: 0 slot(s) held
  row 20: 'Force Core (Ultimate' x56 at 383,826 -> tab 4 slot (1, 1)
    floor 374,843 (374,843 x 1) from what it cost; listed at 383,826, above it
TASK {"kind": "relist", "row": 20, "item": "Force Core (Ultimate", "qty": 56, "price": 383826, "tab": 4, "slot": [1, 1], "lands_in": 20}
  inventory slot (1,1) at (1475, 236)
    read: current min 383,822, price field 383,822, net sales 383,822, week average 411,299, listed at 383,826
    the lowest listed price is 383,822, from the row and 3 more
    market 383,822, typing 383,821, 1 under the market
    net sales 21,493,976 is 56 x 383,821
  typed 250; the net sales make it 56
    the panel holds 383,821 against the 383,821 typed
  tab 4 read in 25 ms after the listing: 0 slot(s) held

  list 56 at 383,821
    #         ms   share  step
    1       19.6    0.4%  read the panel before loading
    2       17.7    0.3%  wait for slot (1,1) to fill
    3      810.7   14.7%  ctrl-click (1,1) attempt 1
    4      591.6   10.7%  read the suggested price
    5     1449.2   26.3%  type the price 383,821
    6      947.4   17.2%  type the quantity 250
    7      309.7    5.6%  take the quantity from the net sales
    8       94.7    1.7%  read the price back before Register
    9      308.7    5.6%  click Register
   10       99.2    1.8%  find Confirmation
   11       17.3    0.3%  look for the underprice question
   12      312.2    5.7%  click Confirmation
   13      250.9    4.6%  park
   14      238.0    4.3%  confirm the dialog is gone
   15       20.5    0.4%  wait for the panel to let the item go
   16       25.2    0.5%  read tab 4 after the listing
          5512.5  100.0%  TOTAL
  listed 56 at 383,821; it lands in row 20
DONE {"kind": "relist", "row": 20, "lands_in": 20, "qty": 56, "price": 383821, "item": "Force Core (Ultimate"}
    relisted 56 at 383,821 in row 20
  tab 4 known from the last listing: 0 slot(s) held
  row 21: 'Chaos Core Set X 249' x1 at 186,683,765 -> tab 4 slot (1, 1)
    floor 183,758,265 (737,985 x 249) from Chaos Core as last bought; listed at 186,683,765, above it
TASK {"kind": "relist", "row": 21, "item": "Chaos Core Set X 249", "qty": 1, "price": 186683765, "tab": 4, "slot": [1, 1], "lands_in": 21}
  inventory slot (1,1) at (1475, 236)
    read: current min 186,682,272, price field 186,682,272, net sales 186,682,272, week average 181,723,188, listed at 186,683,765
    the lowest listed price is 186,682,272, from the row and 3 more
    market 186,682,272, typing 186,682,271, 1 under the market
    net sales 186,682,271 is 1 x 186,682,271
  typed 250; the net sales make it 1
    the panel holds 186,682,271 against the 186,682,271 typed
  tab 4 read in 20 ms after the listing: 0 slot(s) held

  list 1 at 186,682,271
    #         ms   share  step
    1       20.5    0.4%  read the panel before loading
    2       17.8    0.3%  wait for slot (1,1) to fill
    3      813.2   14.1%  ctrl-click (1,1) attempt 1
    4      598.0   10.4%  read the suggested price
    5     1664.8   28.9%  type the price 186,682,271
    6      950.6   16.5%  type the quantity 250
    7      311.2    5.4%  take the quantity from the net sales
    8       96.9    1.7%  read the price back before Register
    9      313.2    5.4%  click Register
   10       97.1    1.7%  find Confirmation
   11       19.9    0.3%  look for the underprice question
   12      312.0    5.4%  click Confirmation
   13      250.9    4.4%  park
   14      247.4    4.3%  confirm the dialog is gone
   15       18.2    0.3%  wait for the panel to let the item go
   16       20.3    0.4%  read tab 4 after the listing
          5752.0  100.0%  TOTAL
  listed 1 at 186,682,271; it lands in row 21
DONE {"kind": "relist", "row": 21, "lands_in": 21, "qty": 1, "price": 186682271, "item": "Chaos Core Set X 249"}
    relisted 1 at 186,682,271 in row 21
  tab 4 known from the last listing: 0 slot(s) held
  row 22: 'Chaos Core Set X 267' x1 at 200,178,710 -> tab 4 slot (1, 1)
    floor 197,041,995 (737,985 x 267) from Chaos Core as last bought; listed at 200,178,710, above it
TASK {"kind": "relist", "row": 22, "item": "Chaos Core Set X 267", "qty": 1, "price": 200178710, "tab": 4, "slot": [1, 1], "lands_in": 22}
  inventory slot (1,1) at (1475, 236)
    read: current min 200,177,109, price field 200,177,109, net sales 200,177,109, week average 194,859,804, listed at 200,178,710
    the lowest listed price is 200,177,109, from the row and 3 more
    market 200,177,109, typing 200,177,108, 1 under the market
    net sales 200,177,108 is 1 x 200,177,108
  typed 250; the net sales make it 1
    the panel holds 200,177,108 against the 200,177,108 typed
  tab 4 read in 25 ms after the listing: 0 slot(s) held

  list 1 at 200,177,108
    #         ms   share  step
    1       20.7    0.4%  read the panel before loading
    2       16.9    0.3%  wait for slot (1,1) to fill
    3      817.7   14.2%  ctrl-click (1,1) attempt 1
    4      600.8   10.4%  read the suggested price
    5     1663.4   28.9%  type the price 200,177,108
    6      948.6   16.5%  type the quantity 250
    7      315.7    5.5%  take the quantity from the net sales
    8       95.1    1.7%  read the price back before Register
    9      314.0    5.5%  click Register
   10       96.0    1.7%  find Confirmation
   11       20.5    0.4%  look for the underprice question
   12      309.2    5.4%  click Confirmation
   13      251.0    4.4%  park
   14      236.6    4.1%  confirm the dialog is gone
   15       20.4    0.4%  wait for the panel to let the item go
   16       25.2    0.4%  read tab 4 after the listing
          5751.7  100.0%  TOTAL
  listed 1 at 200,177,108; it lands in row 22
DONE {"kind": "relist", "row": 22, "lands_in": 22, "qty": 1, "price": 200177108, "item": "Chaos Core Set X 267"}
    relisted 1 at 200,177,108 in row 22
  tab 4 known from the last listing: 0 slot(s) held
  row 23: 'Upgrade Core (Ultimate' x54 at 536,707 -> tab 4 slot (1, 1)
    floor 469,773 (469,773 x 1) from Upgrade Core Set (Ultimate) as last bought; listed at 536,707, above it
TASK {"kind": "relist", "row": 23, "item": "Upgrade Core (Ultimate", "qty": 54, "price": 536707, "tab": 4, "slot": [1, 1], "lands_in": 23}
  inventory slot (1,1) at (1475, 236)
    read: current min 536,701, price field 536,701, net sales 536,701, week average 466,479, listed at 536,707
    the lowest listed price is 536,701, from the row and 3 more
    market 536,701, typing 536,700, 1 under the market
    net sales 28,981,800 is 54 x 536,700
  typed 250; the net sales make it 54
    the panel holds 536,700 against the 536,700 typed
  tab 4 read in 25 ms after the listing: 0 slot(s) held

  list 54 at 536,700
    #         ms   share  step
    1       18.3    0.3%  read the panel before loading
    2       16.1    0.3%  wait for slot (1,1) to fill
    3      809.4   14.5%  ctrl-click (1,1) attempt 1
    4      672.6   12.0%  read the suggested price
    5     1448.8   25.9%  type the price 536,700
    6      951.7   17.0%  type the quantity 250
    7      311.3    5.6%  take the quantity from the net sales
    8       91.4    1.6%  read the price back before Register
    9      313.6    5.6%  click Register
   10       99.0    1.8%  find Confirmation
   11       17.6    0.3%  look for the underprice question
   12      311.9    5.6%  click Confirmation
   13      251.1    4.5%  park
   14      242.2    4.3%  confirm the dialog is gone
   15       20.2    0.4%  wait for the panel to let the item go
   16       24.9    0.4%  read tab 4 after the listing
          5600.1  100.0%  TOTAL
  listed 54 at 536,700; it lands in row 23
DONE {"kind": "relist", "row": 23, "lands_in": 23, "qty": 54, "price": 536700, "item": "Upgrade Core (Ultimate"}
    relisted 54 at 536,700 in row 23
  tab 4 known from the last listing: 0 slot(s) held
  row 24: 'Chaos Core Set X 252' x1 at 188,932,463 -> tab 4 slot (1, 1)
    floor 185,972,220 (737,985 x 252) from Chaos Core as last bought; listed at 188,932,463, above it
TASK {"kind": "relist", "row": 24, "item": "Chaos Core Set X 252", "qty": 1, "price": 188932463, "tab": 4, "slot": [1, 1], "lands_in": 24}
  inventory slot (1,1) at (1475, 236)
    read: current min 188,930,952, price field 188,930,952, net sales 188,930,952, week average 183,912,624, listed at 188,932,463
    the lowest listed price is 188,930,952, from the row and 3 more
    market 188,930,952, typing 188,930,951, 1 under the market
    net sales 188,930,951 is 1 x 188,930,951
  typed 250; the net sales make it 1
    the panel holds 188,930,951 against the 188,930,951 typed
  tab 4 read in 21 ms after the listing: 0 slot(s) held

  list 1 at 188,930,951
    #         ms   share  step
    1       20.8    0.4%  read the panel before loading
    2       19.1    0.3%  wait for slot (1,1) to fill
    3      812.8   14.1%  ctrl-click (1,1) attempt 1
    4      606.4   10.5%  read the suggested price
    5     1663.0   28.9%  type the price 188,930,951
    6      947.5   16.5%  type the quantity 250
    7      312.4    5.4%  take the quantity from the net sales
    8       95.1    1.7%  read the price back before Register
    9      314.4    5.5%  click Register
   10       98.6    1.7%  find Confirmation
   11       18.7    0.3%  look for the underprice question
   12      311.4    5.4%  click Confirmation
   13      250.9    4.4%  park
   14      239.6    4.2%  confirm the dialog is gone
   15       16.2    0.3%  wait for the panel to let the item go
   16       21.1    0.4%  read tab 4 after the listing
          5748.0  100.0%  TOTAL
  listed 1 at 188,930,951; it lands in row 24
DONE {"kind": "relist", "row": 24, "lands_in": 24, "qty": 1, "price": 188930951, "item": "Chaos Core Set X 252"}
    relisted 1 at 188,930,951 in row 24
  row 25 has SOLD (partly); collecting
    collected; 72 left to relist
  tab 4 known from the last listing: 0 slot(s) held
  row 25: 'Force Core(High' x72 at 184,987 -> tab 4 slot (1, 1)
    floor 176,867 (176,867 x 1) from Force Core Set (High) as last bought; listed at 184,987, above it
TASK {"kind": "relist", "row": 25, "item": "Force Core(High", "qty": 72, "price": 184987, "tab": 4, "slot": [1, 1], "lands_in": 25}
  inventory slot (1,1) at (1475, 236)
    read: current min 184,986, price field 184,986, net sales 184,986, week average 197,296, listed at 184,987
    the lowest listed price is 184,986, from the row and 3 more
    market 184,986, typing 184,985, 1 under the market
    net sales 13,318,920 is 72 x 184,985
  typed 250; the net sales make it 72
    the panel holds 184,985 against the 184,985 typed
  tab 4 read in 20 ms after the listing: 0 slot(s) held

  list 72 at 184,985
    #         ms   share  step
    1       20.9    0.4%  read the panel before loading
    2       19.2    0.3%  wait for slot (1,1) to fill
    3      812.1   14.8%  ctrl-click (1,1) attempt 1
    4      585.5   10.7%  read the suggested price
    5     1444.6   26.3%  type the price 184,985
    6      945.6   17.2%  type the quantity 250
    7      308.1    5.6%  take the quantity from the net sales
    8       92.4    1.7%  read the price back before Register
    9      309.7    5.6%  click Register
   10       95.6    1.7%  find Confirmation
   11       15.9    0.3%  look for the underprice question
   12      308.5    5.6%  click Confirmation
   13      251.3    4.6%  park
   14      239.1    4.4%  confirm the dialog is gone
   15       17.8    0.3%  wait for the panel to let the item go
   16       19.7    0.4%  read tab 4 after the listing
          5486.0  100.0%  TOTAL
  listed 72 at 184,985; it lands in row 25
DONE {"kind": "relist", "row": 25, "lands_in": 25, "qty": 72, "price": 184985, "item": "Force Core(High"}
    relisted 72 at 184,985 in row 25
  tab 4 known from the last listing: 0 slot(s) held
  row 26: 'Force Core(High' x86 at 184,986 -> tab 4 slot (1, 1)
    floor 176,867 (176,867 x 1) from Force Core Set (High) as last bought; listed at 184,986, above it
TASK {"kind": "relist", "row": 26, "item": "Force Core(High", "qty": 86, "price": 184986, "tab": 4, "slot": [1, 1], "lands_in": 26}
  inventory slot (1,1) at (1475, 236)
    read: current min 184,985, price field 184,985, net sales 184,985, week average 197,296, listed at 184,986
    the lowest listed price is 184,985, from the row and 3 more
    market 184,985, typing 184,984, 1 under the market
    net sales 15,908,624 is 86 x 184,984
  typed 250; the net sales make it 86
    the panel holds 184,984 against the 184,984 typed
  tab 4 read in 20 ms after the listing: 0 slot(s) held

  list 86 at 184,984
    #         ms   share  step
    1       17.1    0.3%  read the panel before loading
    2       20.9    0.4%  wait for slot (1,1) to fill
    3      815.9   14.9%  ctrl-click (1,1) attempt 1
    4      579.4   10.6%  read the suggested price
    5     1439.9   26.3%  type the price 184,984
    6      948.1   17.3%  type the quantity 250
    7      312.6    5.7%  take the quantity from the net sales
    8       90.5    1.7%  read the price back before Register
    9      308.8    5.6%  click Register
   10       98.4    1.8%  find Confirmation
   11       19.9    0.4%  look for the underprice question
   12      307.6    5.6%  click Confirmation
   13      250.9    4.6%  park
   14      229.9    4.2%  confirm the dialog is gone
   15       19.1    0.3%  wait for the panel to let the item go
   16       20.4    0.4%  read tab 4 after the listing
          5479.3  100.0%  TOTAL
  listed 86 at 184,984; it lands in row 26
DONE {"kind": "relist", "row": 26, "lands_in": 26, "qty": 86, "price": 184984, "item": "Force Core(High"}
    relisted 86 at 184,984 in row 26
  row 27 is empty; nothing to relist

  relisting rows 1-27: 25 relisted, 2 empty, 0 skipped
    #          ms   share     n      each  phase
    1    97,051.7   41.8%    17   5,708.9  list it back
    2    64,118.4   27.6%    17   3,771.7  cancel the row and take it back
    3    18,957.5    8.2%    18   1,053.2  select inventory tab 4
    4    16,398.9    7.1%    18     911.0  scroll to the row and read it
    5     7,638.8    3.3%     1   7,638.8  buy 1 Chaos Core
    6     6,569.4    2.8%    18     365.0  Refresh the table
    7     5,531.4    2.4%     1   5,531.4  list Chaos Core from (1, 1)
    8     2,772.6    1.2%     1   2,772.6  buy order 4
    9     2,755.5    1.2%     1   2,755.5  buy order 1
   10     2,319.8    1.0%     1   2,319.8  collect what sold
   11     2,265.9    1.0%     1   2,265.9  select the Register tab
   12     1,543.3    0.7%     1   1,543.3  read tab 4 before buying
   13     1,540.3    0.7%     1   1,540.3  wait for the Chaos Core to land on tab 4
   14       504.0    0.2%     1     504.0  buy order 2
   15       490.4    0.2%     1     490.4  buy order 3
   16       371.6    0.2%     1     371.6  step down to the next offer (3)
   17       371.6    0.2%     1     371.6  step down to the next offer (1)
   18       371.5    0.2%     1     371.5  step down to the next offer (2)
   19       321.4    0.1%     1     321.4  reopen the Agent Shop
   20       320.0    0.1%    17      18.8  check the shop slot is empty
   21       210.5    0.1%     1     210.5  read the row again after collecting
        232,424.5  100.0%

  returning the game to its default state
restoring the default state:
  Escape: window closed
  Inventory already closed
  the gift box at [284, 994]
  Receive All at [1209, 786]
  Receive 1 of 4 at [1214, 327]
  Receive 2 of 4 at [1214, 425]
  Receive 3 of 4 at [1214, 523]
  Receive 4 of 4 at [1214, 621]
  the special giftbox's Receive at [1438, 492]
  Close at [1483, 846]
  took 4 gift(s)
  the Agent Shop is shut and the vendor is not open either; reopening it
  Inventory shut: slot grid 0.09, needs 0.33

  board after pass 4:
                                                   bought/u   listed/u  margin      row price
     1  Blessing Bead - Superior           x1    163,756,817 169,999,997   +3.7%    169,999,997
     2  Armor Account bind Unseal Stone    x1    187,364,780 187,364,780   +0.0%    187,364,780
     3  Armor Account bind Seal Stone      x2    187,364,780 187,364,780   +0.0%    187,364,780
     4  Force Core (Ultimate               x64            -    383,823       -        383,823
     5  Arionell                           x1    281,047,170 302,185,713   +7.0%    302,185,713
     6  Upgrade Core (Ultimate             x15            -    536,703       -        536,703
     7  Force Core (Ultimate               x190           -    383,822       -        383,822
     8  Force Core(Highest                 x166           -    195,487       -        195,487
     9  Chaos Core                         x1       745,644    743,329   -0.3%        743,329
    10  Upgrade Core (Ultimate             x20      469,773    536,702  +12.5%        536,702
    11  Force Core(Highest                 x250           -    195,487       -        195,487
    12  Force Core(Highest                 x136           -    195,487       -        195,487
    13  Palladium Headpiece(BL) (anal (ana x1             -  2,399,997       -      2,399,997
    14  Palladium Headgear(FB) Lalla       x1             -    988,999       -        988,999
    15  Palladium Headgear(FA) (anal (anal x1             -  9,910,000       -      9,910,000
    16  Palladium Boots(FA) Lalla          x2             -  1,309,999       -      1,309,999
    17  Palladium Shoes(W1) Lalla          x2             -    749,998       -        749,998
    18  Palladium Coat (FG) Lalla          x1             -    999,997       -        999,997
    19  Chaos Core Set X 291               x1             -    749,728       -    218,171,138
    20  Force Core (Ultimate               x56      374,843    383,821   +2.3%        383,821
    21  Chaos Core Set X 249               x1             -    749,727       -    186,682,271
    22  Chaos Core Set X 267               x1             -    749,726       -    200,177,108
    23  Upgrade Core (Ultimate             x54            -    536,700       -        536,700
    24  Chaos Core Set X 252               x1             -    749,725       -    188,930,951
    25  Force Core(High                    x72            -    184,985       -        184,985
    26  Force Core(High                    x86            -    184,984       -        184,984
    28  Archridium Suit (DM) Lalla         x1             -  1,685,749       -      1,685,749
    30  Palladium Suit (DM) + 1 Lalla      x1             - 33,000,000       -     33,000,000
    item                               rows   units          listed
    Archridium Suit (DM) Lalla            1       1       1,685,749
    Arionell                              1       1     302,185,713
    Armor Account bind Seal Stone         1       2     374,729,560
    Armor Account bind Unseal Stone       1       1     187,364,780
    Blessing Bead - Superior              1       1     169,999,997
    Chaos Core                            1       1         743,329
    Chaos Core Set                        4   1,059     793,961,468
    Force Core (Ultimate                  3     310     118,984,828
    Force Core(High                       2     158      29,227,544
    Force Core(Highest                    3     552     107,908,824
    Palladium Boots(FA) Lalla             1       2       2,619,998
    Palladium Coat (FG) Lalla             1       1         999,997
    Palladium Headgear(FA) (anal (anal    1       1       9,910,000
    Palladium Headgear(FB) Lalla          1       1         988,999
    Palladium Headpiece(BL) (anal (ana    1       1       2,399,997
    Palladium Shoes(W1) Lalla             1       2       1,499,996
    Palladium Suit (DM) + 1 Lalla         1       1      33,000,000
    Upgrade Core (Ultimate                3      89      47,766,385
    board                                28   2,184   2,185,977,164
    balance now 559,425,532
  pass 4: 25 relisted, 2 empty, 0 skipped; 9975.0 minute(s) left

-- pass 5 --

  resupply order: Chaos Core, Force Core(High), Force Core(Highest), Upgrade Core (Ultimate), Force Core (Ultimate), Armor Account bind Unseal Stone, Armor Account bind Seal Stone, Blessing Bead - Superior

-- Chaos Core Set under our listing: up to 3 row(s) --
  Chaos Core Set 749,724 - Chaos Core 745,644 = 4,080
  ours is listed at 749,725 a Set and a Chaos Core sells at 745,644; buying every Set under 740,644, 5,000 a Set below the lower of the two
  the cheapest Chaos Core Set is 749,724 a Set, not under 740,644; nothing to buy under ours

  counting only rows 1-27; rows outside it are not repriced and do not count; 1 row(s) free
  core                            rows     buy/u    sell/u    margin  wants   short?
  Force Core(Highest)                3         -         -         -      -   holds the most it can want, 3; not priced
  Chaos Core                         4   745,644   749,724     4,080      0   
  Force Core (Ultimate)              3         -         -         -      -   holds the most it can want, 3; not priced
  Force Core(High)                   2   180,000   184,984     4,984      0   
  Upgrade Core (Ultimate)            3         -         -         -      -   holds the most it can want, 3; not priced

  nothing inside rows 1-27 holds fewer rows than its margin is worth.

  Armor Account bind Unseal Stone: 1 row(s) inside 1-27, 1 wanted; row 2 'Armor Account bind Unseal Stone'
    floor 187,364,780: 500/1000 of the 374,729,560 voucher, read at launch

  Armor Account bind Seal Stone: 1 row(s) inside 1-27, 1 wanted; row 3 'Armor Account bind Seal Stone'
    floor 187,364,780: 500/1000 of the 374,729,560 voucher, read at launch

  Blessing Bead - Superior: 1 row(s) inside 1-27, 1 wanted; row 1 'Blessing Bead - Superior'
    floor 163,756,817: 437/1000 of the 374,729,560 voucher, read at launch
    the quantity column read 'Superior', which holds no digits, so it is the end of the name and not a count; reading the row as 'Blessing Bead - Superior' and letting the panel count what is there
    one line read 'serene wbéee 1 169,999,997 OnSale Change'; read as stacked lines it is 'Blessing Bead - Superior 169,999,997 OnSale Change'
  tab 4 read from the screen in 1540 ms: 0 slot(s) held
  row 1: 'Blessing Bead - Superior' x1 at 169,999,997 -> tab 4 slot (1, 1)
    floor 163,756,817 from what it cost; listed at 169,999,997, above it
TASK {"kind": "relist", "row": 1, "item": "Blessing Bead - Superior", "qty": 1, "price": 169999997, "tab": 4, "slot": [1, 1], "lands_in": 1}
  inventory slot (1,1) at (1475, 236)
    read: current min 169,999,998, price field 169,999,998, net sales 169,999,998, week average 189,305,448, listed at 169,999,997
    the lowest listed price is 169,999,998, from the row and 3 more
    market 169,999,998, typing 169,999,997, 1 under the market
    net sales 169,999,997 is 1 x 169,999,997
  typed 250; the net sales make it 1
    the panel holds 169,999,997 against the 169,999,997 typed
  tab 4 read in 24 ms after the listing: 0 slot(s) held

  list 1 at 169,999,997
    #         ms   share  step
    1       18.8    0.3%  read the panel before loading
    2       19.2    0.3%  wait for slot (1,1) to fill
    3      813.9   13.9%  ctrl-click (1,1) attempt 1
    4      675.7   11.6%  read the suggested price
    5     1663.2   28.5%  type the price 169,999,997
    6      948.5   16.3%  type the quantity 250
    7      313.9    5.4%  take the quantity from the net sales
    8       97.7    1.7%  read the price back before Register
    9      313.8    5.4%  click Register
   10      100.7    1.7%  find Confirmation
   11       20.6    0.4%  look for the underprice question
   12      311.7    5.3%  click Confirmation
   13      251.0    4.3%  park
   14      244.3    4.2%  confirm the dialog is gone
   15       19.0    0.3%  wait for the panel to let the item go
   16       23.6    0.4%  read tab 4 after the listing
          5835.6  100.0%  TOTAL
  listed 1 at 169,999,997; it lands in row 1
DONE {"kind": "relist", "row": 1, "lands_in": 1, "qty": 1, "price": 169999997, "item": "Blessing Bead - Superior"}
    relisted 1 at 169,999,997 in row 1
  tab 4 known from the last listing: 0 slot(s) held
  row 2: 'Armor Account bind Unseal Stone' x1 at 187,364,780 -> tab 4 slot (1, 1)
    floor 187,364,780 from what it cost; listed at 187,364,780, above it
TASK {"kind": "relist", "row": 2, "item": "Armor Account bind Unseal Stone", "qty": 1, "price": 187364780, "tab": 4, "slot": [1, 1], "lands_in": 2}
  inventory slot (1,1) at (1475, 236)
    read: current min 187,000,000, price field 187,000,000, net sales 187,000,000, week average 191,433,039, listed at 187,364,780
    the lowest listed price is 187,000,000, from the row and 3 more
    market 186,999,999 is under the 187,364,780 floor (it is worth what it cost); listing at the floor
    market 187,000,000, typing 187,364,780, 364,780 over the market
    net sales 187,364,780 is 1 x 187,364,780
  typed 250; the net sales make it 1
    the panel holds 187,364,780 against the 187,364,780 typed
  tab 4 read in 24 ms after the listing: 0 slot(s) held

  list 1 at 187,364,780
    #         ms   share  step
    1       19.8    0.3%  read the panel before loading
    2       19.2    0.3%  wait for slot (1,1) to fill
    3      817.1   14.2%  ctrl-click (1,1) attempt 1
    4      597.7   10.4%  read the suggested price
    5     1661.6   28.8%  type the price 187,364,780
    6      953.7   16.6%  type the quantity 250
    7      311.0    5.4%  take the quantity from the net sales
    8       96.8    1.7%  read the price back before Register
    9      313.5    5.4%  click Register
   10      101.2    1.8%  find Confirmation
   11       20.0    0.3%  look for the underprice question
   12      312.3    5.4%  click Confirmation
   13      250.6    4.3%  park
   14      242.4    4.2%  confirm the dialog is gone
   15       20.7    0.4%  wait for the panel to let the item go
   16       24.3    0.4%  read tab 4 after the listing
          5761.9  100.0%  TOTAL
  listed 1 at 187,364,780; it lands in row 2
DONE {"kind": "relist", "row": 2, "lands_in": 2, "qty": 1, "price": 187364780, "item": "Armor Account bind Unseal Stone"}
    relisted 1 at 187,364,780 in row 2, 5 relist(s) on the floor now
  tab 4 known from the last listing: 0 slot(s) held
  row 3: 'Armor Account bind Seal Stone' x2 at 187,364,780 -> tab 4 slot (1, 1)
    floor 187,364,780 from what it cost; listed at 187,364,780, above it
TASK {"kind": "relist", "row": 3, "item": "Armor Account bind Seal Stone", "qty": 2, "price": 187364780, "tab": 4, "slot": [1, 1], "lands_in": 3}
  inventory slot (1,1) at (1475, 236)
    read: current min 187,000,000, price field 187,000,000, net sales 187,000,000, week average 189,694,905, listed at 187,364,780
    the lowest listed price is 187,000,000, from the row and 3 more
    market 186,999,999 is under the 187,364,780 floor (it is worth what it cost); listing at the floor
    market 187,000,000, typing 187,364,780, 364,780 over the market
    net sales 374,729,560 is 2 x 187,364,780
  typed 250; the net sales make it 2
    the panel holds 187,364,780 against the 187,364,780 typed
  tab 4 read in 23 ms after the listing: 0 slot(s) held

  list 2 at 187,364,780
    #         ms   share  step
    1       17.4    0.3%  read the panel before loading
    2       20.4    0.4%  wait for slot (1,1) to fill
    3      812.6   14.1%  ctrl-click (1,1) attempt 1
    4      606.3   10.5%  read the suggested price
    5     1661.3   28.8%  type the price 187,364,780
    6      954.4   16.5%  type the quantity 250
    7      318.4    5.5%  take the quantity from the net sales
    8       98.1    1.7%  read the price back before Register
    9      312.7    5.4%  click Register
   10      100.5    1.7%  find Confirmation
   11       21.6    0.4%  look for the underprice question
   12      314.8    5.5%  click Confirmation
   13      251.0    4.4%  park
   14      236.5    4.1%  confirm the dialog is gone
   15       18.6    0.3%  wait for the panel to let the item go
   16       23.3    0.4%  read tab 4 after the listing
          5768.0  100.0%  TOTAL
  listed 2 at 187,364,780; it lands in row 3
DONE {"kind": "relist", "row": 3, "lands_in": 3, "qty": 2, "price": 187364780, "item": "Armor Account bind Seal Stone"}
    relisted 2 at 187,364,780 in row 3, 5 relist(s) on the floor now
  tab 4 known from the last listing: 0 slot(s) held
  row 4: 'Force Core (Ultimate' x64 at 383,823 -> tab 4 slot (1, 1)
    floor 374,843 (374,843 x 1) from Force Core Set (Ultimate) as last bought; listed at 383,823, above it
TASK {"kind": "relist", "row": 4, "item": "Force Core (Ultimate", "qty": 64, "price": 383823, "tab": 4, "slot": [1, 1], "lands_in": 4}
  inventory slot (1,1) at (1475, 236)
    read: current min 383,820, price field 383,820, net sales 383,820, week average 407,170, listed at 383,823
    the lowest listed price is 383,820, from the row and 3 more
    market 383,820, typing 383,819, 1 under the market
    net sales 24,564,416 is 64 x 383,819
  typed 250; the net sales make it 64
    the panel holds 383,819 against the 383,819 typed
  tab 4 read in 21 ms after the listing: 0 slot(s) held

  list 64 at 383,819
    #         ms   share  step
    1       19.2    0.4%  read the panel before loading
    2       20.0    0.4%  wait for slot (1,1) to fill
    3      807.7   14.7%  ctrl-click (1,1) attempt 1
    4      581.0   10.6%  read the suggested price
    5     1441.8   26.2%  type the price 383,819
    6      957.1   17.4%  type the quantity 250
    7      310.0    5.6%  take the quantity from the net sales
    8       96.2    1.8%  read the price back before Register
    9      312.7    5.7%  click Register
   10       99.7    1.8%  find Confirmation
   11       15.9    0.3%  look for the underprice question
   12      308.5    5.6%  click Confirmation
   13      251.1    4.6%  park
   14      234.3    4.3%  confirm the dialog is gone
   15       18.1    0.3%  wait for the panel to let the item go
   16       21.4    0.4%  read tab 4 after the listing
          5494.8  100.0%  TOTAL
  listed 64 at 383,819; it lands in row 4
DONE {"kind": "relist", "row": 4, "lands_in": 4, "qty": 64, "price": 383819, "item": "Force Core (Ultimate"}
    relisted 64 at 383,819 in row 4
  tab 4 known from the last listing: 0 slot(s) held
  row 5: 'Arionell' x1 at 302,185,713 -> tab 4 slot (1, 1)
    floor 281,047,170 from what it cost; listed at 302,185,713, above it
TASK {"kind": "relist", "row": 5, "item": "Arionell", "qty": 1, "price": 302185713, "tab": 4, "slot": [1, 1], "lands_in": 5}
  inventory slot (1,1) at (1475, 236)
    read: current min 260,000,000, price field 260,000,000, net sales 260,000,000, week average 310,004,285, listed at 302,185,713
    the lowest listed price is 260,000,000, from the row and 3 more
    the market asks 259,999,999, 42,185,714 under our 302,185,713; holding at 301,185,713, the most this row may fall in one relist
    market 260,000,000, typing 301,185,713, 41,185,713 over the market
    net sales 301,185,713 is 1 x 301,185,713
  typed 250; the net sales make it 1
    the panel holds 301,185,713 against the 301,185,713 typed
  tab 4 read in 24 ms after the listing: 0 slot(s) held

  list 1 at 301,185,713
    #         ms   share  step
    1       22.6    0.4%  read the panel before loading
    2       16.0    0.3%  wait for slot (1,1) to fill
    3      813.2   14.2%  ctrl-click (1,1) attempt 1
    4      593.2   10.3%  read the suggested price
    5     1661.1   28.9%  type the price 301,185,713
    6      946.3   16.5%  type the quantity 250
    7      312.4    5.4%  take the quantity from the net sales
    8       95.5    1.7%  read the price back before Register
    9      314.9    5.5%  click Register
   10       97.6    1.7%  find Confirmation
   11       19.4    0.3%  look for the underprice question
   12      315.1    5.5%  click Confirmation
   13      250.7    4.4%  park
   14      236.8    4.1%  confirm the dialog is gone
   15       21.0    0.4%  wait for the panel to let the item go
   16       24.3    0.4%  read tab 4 after the listing
          5740.0  100.0%  TOTAL
  listed 1 at 301,185,713; it lands in row 5
DONE {"kind": "relist", "row": 5, "lands_in": 5, "qty": 1, "price": 301185713, "item": "Arionell"}
    relisted 1 at 301,185,713 in row 5
  tab 4 known from the last listing: 0 slot(s) held
  row 6: 'Upgrade Core (Ultimate' x15 at 536,703 -> tab 4 slot (1, 1)
    floor 469,773 (469,773 x 1) from Upgrade Core Set (Ultimate) as last bought; listed at 536,703, above it
TASK {"kind": "relist", "row": 6, "item": "Upgrade Core (Ultimate", "qty": 15, "price": 536703, "tab": 4, "slot": [1, 1], "lands_in": 6}
  inventory slot (1,1) at (1475, 236)
    read: current min 536,697, price field 536,697, net sales 536,697, week average 472,513, listed at 536,703
    the lowest listed price is 536,697, from the row and 3 more
    market 536,697, typing 536,696, 1 under the market
    net sales 8,050,440 is 15 x 536,696
  typed 250; the net sales make it 15
    the panel holds 536,696 against the 536,696 typed
  tab 4 read in 25 ms after the listing: 0 slot(s) held

  list 15 at 536,696
    #         ms   share  step
    1       18.4    0.3%  read the panel before loading
    2       18.5    0.3%  wait for slot (1,1) to fill
    3      814.8   14.7%  ctrl-click (1,1) attempt 1
    4      596.1   10.8%  read the suggested price
    5     1450.7   26.2%  type the price 536,696
    6      951.0   17.2%  type the quantity 250
    7      308.0    5.6%  take the quantity from the net sales
    8       97.6    1.8%  read the price back before Register
    9      314.0    5.7%  click Register
   10       96.3    1.7%  find Confirmation
   11       20.4    0.4%  look for the underprice question
   12      312.2    5.6%  click Confirmation
   13      251.2    4.5%  park
   14      241.9    4.4%  confirm the dialog is gone
   15       19.6    0.4%  wait for the panel to let the item go
   16       24.7    0.4%  read tab 4 after the listing
          5535.2  100.0%  TOTAL
  listed 15 at 536,696; it lands in row 6
DONE {"kind": "relist", "row": 6, "lands_in": 6, "qty": 15, "price": 536696, "item": "Upgrade Core (Ultimate"}
    relisted 15 at 536,696 in row 6
  tab 4 known from the last listing: 0 slot(s) held
  row 7: 'Force Core (Ultimate' x190 at 383,822 -> tab 4 slot (1, 1)
    floor 374,843 (374,843 x 1) from Force Core Set (Ultimate) as last bought; listed at 383,822, above it
TASK {"kind": "relist", "row": 7, "item": "Force Core (Ultimate", "qty": 190, "price": 383822, "tab": 4, "slot": [1, 1], "lands_in": 7}
  inventory slot (1,1) at (1475, 236)
    read: current min 383,818, price field 383,818, net sales 383,818, week average 407,170, listed at 383,822
    the lowest listed price is 383,818, from the row and 3 more
    market 383,818, typing 383,817, 1 under the market
    net sales 72,925,230 is 190 x 383,817
  typed 250; the net sales make it 190
    the panel holds 383,817 against the 383,817 typed
  tab 4 read in 21 ms after the listing: 0 slot(s) held

  list 190 at 383,817
    #         ms   share  step
    1       18.5    0.3%  read the panel before loading
    2       17.3    0.3%  wait for slot (1,1) to fill
    3      812.8   14.8%  ctrl-click (1,1) attempt 1
    4      583.9   10.6%  read the suggested price
    5     1444.6   26.3%  type the price 383,817
    6      952.5   17.3%  type the quantity 250
    7      314.2    5.7%  take the quantity from the net sales
    8       91.5    1.7%  read the price back before Register
    9      308.9    5.6%  click Register
   10       99.6    1.8%  find Confirmation
   11       17.2    0.3%  look for the underprice question
   12      308.3    5.6%  click Confirmation
   13      250.7    4.6%  park
   14      238.5    4.3%  confirm the dialog is gone
   15       19.4    0.4%  wait for the panel to let the item go
   16       21.3    0.4%  read tab 4 after the listing
          5499.0  100.0%  TOTAL
  listed 190 at 383,817; it lands in row 7
DONE {"kind": "relist", "row": 7, "lands_in": 7, "qty": 190, "price": 383817, "item": "Force Core (Ultimate"}
    relisted 190 at 383,817 in row 7
  tab 4 known from the last listing: 0 slot(s) held
  row 8: 'Force Core(Highest' x166 at 195,487 -> tab 4 slot (1, 1)
    floor 195,487 (195,487 x 1) from Force Core Set (Highest) as last bought; listed at 195,487, above it
TASK {"kind": "relist", "row": 8, "item": "Force Core(Highest", "qty": 166, "price": 195487, "tab": 4, "slot": [1, 1], "lands_in": 8}
  inventory slot (1,1) at (1475, 236)
    read: current min 195,482, price field 195,482, net sales 195,482, week average 210,472, listed at 195,487
    the lowest listed price is 195,482, from the row and 3 more
    market 195,481 is under the 195,487 floor (a Force Core Set (Highest) as last bought costs 195,487); listing at the floor
    market 195,482, typing 195,487, 5 over the market
    net sales 32,450,842 is 166 x 195,487
  typed 250; the net sales make it 166
    the panel holds 195,487 against the 195,487 typed
  tab 4 read in 21 ms after the listing: 0 slot(s) held

  list 166 at 195,487
    #         ms   share  step
    1       19.2    0.4%  read the panel before loading
    2       18.2    0.3%  wait for slot (1,1) to fill
    3      816.4   14.9%  ctrl-click (1,1) attempt 1
    4      582.9   10.6%  read the suggested price
    5     1444.2   26.3%  type the price 195,487
    6      951.4   17.3%  type the quantity 250
    7      311.4    5.7%  take the quantity from the net sales
    8       92.1    1.7%  read the price back before Register
    9      309.0    5.6%  click Register
   10       91.1    1.7%  find Confirmation
   11       17.1    0.3%  look for the underprice question
   12      308.2    5.6%  click Confirmation
   13      251.0    4.6%  park
   14      238.7    4.3%  confirm the dialog is gone
   15       18.1    0.3%  wait for the panel to let the item go
   16       21.0    0.4%  read tab 4 after the listing
          5489.9  100.0%  TOTAL
  listed 166 at 195,487; it lands in row 8
DONE {"kind": "relist", "row": 8, "lands_in": 8, "qty": 166, "price": 195487, "item": "Force Core(Highest"}
    relisted 166 at 195,487 in row 8, 3 relist(s) on the floor now
  row 9 has SOLD (fully); collecting
    collected; row 9 is empty, nothing to relist
  the Chaos Core special row sold; buying it back now, not on the next pass

-- Chaos Core special row 1 of 1: 1 at 500 to 700 under the market --
  1 stays behind on every row bought; an order 10 step(s) down with nothing spare takes the row it is on whole, and the next order leaves 1 behind again; each order prices the favourite afresh, then wheels down, up to 30 step(s)
TASK {"kind": "resupply", "core": "Chaos Core", "slot": 3, "tab": 4, "landing": [1, 1], "special": true}
  row 1 offers 'Chaos Core' x15 at 745,644 (745,644/unit)
    balance before 560,168,861
    row 1 holds 15, 1 stays behind, so at most 14 comes off it
    dialog: '¢ Chaos Core'  qty 1 of 15  price 745644
    1 core(s) wanted, 1 to a pack -> 1 pack(s); 15 available, taking 1
    the quantity field already reads 1; not retyping it
    ordering 1 pack(s) at 745,644; the spend will confirm what actually bought
    balance after  559,423,217; spent 745,644 bought 1 pack(s) = 1 core(s) (745,644 a core)

  buy from favourite slot 3: bought 1 core(s) in 1 order(s)
    #         ms   share  step
    1        0.4    0.0%  get_price: focus the game
    2      100.9    1.3%  get_price: _trade_window_open (OCR 1300x190)
    3      166.6    2.2%  get_price: purchase_tab_showing
    4     1410.4   18.4%  get_price: click the Purchase tab + settle
    5      126.1    1.6%  get_price: read row 1 before the search
    6      313.1    4.1%  get_price: click favourite slot 3
    7       89.3    1.2%  get_price: confirm the sort
    8      457.0    6.0%  get_price: poll row 1 until it answers (3 read(s))
    9     2689.5   35.1%  get_price: search the favourite and read row 1
   10      313.4    4.1%  select inventory tab 4
   11       95.0    1.2%  read the balance before buying
   12      363.0    4.7%  click the row at (500, 258)
   13      309.4    4.0%  click Buy at (828, 258)
   14       93.4    1.2%  await the Purchase dialog
   15      304.0    4.0%  read the dialog (item, price, qty, qty_max)
   16       87.1    1.1%  find the Buy button
   17      310.2    4.0%  click Buy
   18      251.0    3.3%  park
   19       88.2    1.2%  confirm the dialog is gone
   20       95.0    1.2%  read the balance after buying
          7662.9  100.0%  TOTAL
    tab 4 slot (1, 1) is held for 'Chaos Core'; it frees when something is listed from it
  the Chaos Core landed in tab 4 slot (1, 1)
TASK {"kind": "resupply", "core": "Chaos Core", "slot": 3, "tab": 4, "landing": [1, 1], "step": "list", "holding": "Chaos Core", "qty": 1, "special": true}
  inventory slot (1,1) at (1475, 236)
    read: current min 745,644, price field 745,644, net sales 745,644, week average 718,532, listed at unread
    the lowest listed price is 745,644, from the row and 2 more
    market 745,644, typing 745,045, 599 under the market
    net sales 745,045 is 1 x 745,045
  typed 250; the net sales make it 1
    the panel holds 745,045 against the 745,045 typed
  tab 4 read in 20 ms after the listing: 0 slot(s) held

  list 1 at 745,045
    #         ms   share  step
    1       17.8    0.3%  read the panel before loading
    2      807.9   14.8%  ctrl-click (1,1) attempt 1
    3      589.7   10.8%  read the suggested price
    4     1443.7   26.5%  type the price 745,045
    5      946.4   17.4%  type the quantity 250
    6      303.3    5.6%  take the quantity from the net sales
    7       94.5    1.7%  read the price back before Register
    8      311.4    5.7%  click Register
    9       93.3    1.7%  find Confirmation
   10       20.1    0.4%  look for the underprice question
   11      307.4    5.6%  click Confirmation
   12      250.7    4.6%  park
   13      229.7    4.2%  confirm the dialog is gone
   14       15.5    0.3%  wait for the panel to let the item go
   15       20.3    0.4%  read tab 4 after the listing
          5451.8  100.0%  TOTAL
  listed 1 at 745,045; it lands in row 9
  the Chaos Core special row is listed at 745,045 in row 9
DONE {"kind": "resupply", "core": "Chaos Core", "bought": 1, "listed": 1, "rows": [9], "special": true}
  tab 4 known from the last listing: 0 slot(s) held
  row 10: 'Upgrade Core (Ultimate' x20 at 536,702 -> tab 4 slot (1, 1)
    floor 469,773 (469,773 x 1) from what it cost; listed at 536,702, above it
TASK {"kind": "relist", "row": 10, "item": "Upgrade Core (Ultimate", "qty": 20, "price": 536702, "tab": 4, "slot": [1, 1], "lands_in": 10}
  inventory slot (1,1) at (1475, 236)
    read: current min 536,696, price field 536,696, net sales 536,696, week average 472,513, listed at 536,702
    the lowest listed price is 536,696, from the row and 3 more
    market 536,696, typing 536,695, 1 under the market
    net sales 10,733,900 is 20 x 536,695
  typed 250; the net sales make it 20
    the panel holds 536,695 against the 536,695 typed
  tab 4 read in 20 ms after the listing: 0 slot(s) held

  list 20 at 536,695
    #         ms   share  step
    1       18.3    0.3%  read the panel before loading
    2       20.2    0.4%  wait for slot (1,1) to fill
    3      815.0   14.9%  ctrl-click (1,1) attempt 1
    4      583.9   10.6%  read the suggested price
    5     1444.2   26.3%  type the price 536,695
    6      948.1   17.3%  type the quantity 250
    7      306.1    5.6%  take the quantity from the net sales
    8       91.7    1.7%  read the price back before Register
    9      310.7    5.7%  click Register
   10       95.4    1.7%  find Confirmation
   11       17.2    0.3%  look for the underprice question
   12      307.9    5.6%  click Confirmation
   13      250.9    4.6%  park
   14      234.9    4.3%  confirm the dialog is gone
   15       19.4    0.4%  wait for the panel to let the item go
   16       19.8    0.4%  read tab 4 after the listing
          5483.6  100.0%  TOTAL
  listed 20 at 536,695; it lands in row 10
DONE {"kind": "relist", "row": 10, "lands_in": 10, "qty": 20, "price": 536695, "item": "Upgrade Core (Ultimate"}
    relisted 20 at 536,695 in row 10
  tab 4 known from the last listing: 0 slot(s) held
  row 11: 'Force Core(Highest' x250 at 195,487 -> tab 4 slot (1, 1)
    floor 195,487 (195,487 x 1) from Force Core Set (Highest) as last bought; listed at 195,487, above it
TASK {"kind": "relist", "row": 11, "item": "Force Core(Highest", "qty": 250, "price": 195487, "tab": 4, "slot": [1, 1], "lands_in": 11}
  inventory slot (1,1) at (1475, 236)
    read: current min 195,482, price field 195,482, net sales 195,482, week average 210,472, listed at 195,487
    the lowest listed price is 195,482, from the row and 3 more
    market 195,481 is under the 195,487 floor (a Force Core Set (Highest) as last bought costs 195,487); listing at the floor
    market 195,482, typing 195,487, 5 over the market
    net sales 48,871,750 is 250 x 195,487
  typed 250; the net sales make it 250
    the panel holds 195,487 against the 195,487 typed
  tab 4 read in 27 ms after the listing: 0 slot(s) held

  list 250 at 195,487
    #         ms   share  step
    1       16.8    0.3%  read the panel before loading
    2       21.2    0.4%  wait for slot (1,1) to fill
    3      810.7   14.8%  ctrl-click (1,1) attempt 1
    4      579.9   10.6%  read the suggested price
    5     1442.2   26.2%  type the price 195,487
    6      944.6   17.2%  type the quantity 250
    7      310.2    5.6%  take the quantity from the net sales
    8       89.5    1.6%  read the price back before Register
    9      318.9    5.8%  click Register
   10       93.7    1.7%  find Confirmation
   11       19.1    0.3%  look for the underprice question
   12      313.2    5.7%  click Confirmation
   13      250.9    4.6%  park
   14      236.7    4.3%  confirm the dialog is gone
   15       20.1    0.4%  wait for the panel to let the item go
   16       26.9    0.5%  read tab 4 after the listing
          5494.4  100.0%  TOTAL
  listed 250 at 195,487; it lands in row 11
DONE {"kind": "relist", "row": 11, "lands_in": 11, "qty": 250, "price": 195487, "item": "Force Core(Highest"}
    relisted 250 at 195,487 in row 11, 4 relist(s) on the floor now
  tab 4 known from the last listing: 0 slot(s) held
  row 12: 'Force Core(Highest' x136 at 195,487 -> tab 4 slot (1, 1)
    floor 195,487 (195,487 x 1) from Force Core Set (Highest) as last bought; listed at 195,487, above it
TASK {"kind": "relist", "row": 12, "item": "Force Core(Highest", "qty": 136, "price": 195487, "tab": 4, "slot": [1, 1], "lands_in": 12}
  inventory slot (1,1) at (1475, 236)
    read: current min 195,482, price field 195,482, net sales 195,482, week average 210,472, listed at 195,487
    the lowest listed price is 195,482, from the row and 3 more
    market 195,481 is under the 195,487 floor (a Force Core Set (Highest) as last bought costs 195,487); listing at the floor
    market 195,482, typing 195,487, 5 over the market
    net sales 26,586,232 is 136 x 195,487
  typed 250; the net sales make it 136
    the panel holds 195,487 against the 195,487 typed
  tab 4 read in 26 ms after the listing: 0 slot(s) held

  list 136 at 195,487
    #         ms   share  step
    1       17.9    0.3%  read the panel before loading
    2       16.8    0.3%  wait for slot (1,1) to fill
    3      816.5   14.8%  ctrl-click (1,1) attempt 1
    4      584.8   10.6%  read the suggested price
    5     1447.4   26.2%  type the price 195,487
    6      947.8   17.1%  type the quantity 250
    7      306.2    5.5%  take the quantity from the net sales
    8       95.8    1.7%  read the price back before Register
    9      314.0    5.7%  click Register
   10       93.9    1.7%  find Confirmation
   11       19.2    0.3%  look for the underprice question
   12      309.2    5.6%  click Confirmation
   13      251.0    4.5%  park
   14      261.2    4.7%  confirm the dialog is gone
   15       20.9    0.4%  wait for the panel to let the item go
   16       26.0    0.5%  read tab 4 after the listing
          5528.6  100.0%  TOTAL
  listed 136 at 195,487; it lands in row 12
DONE {"kind": "relist", "row": 12, "lands_in": 12, "qty": 136, "price": 195487, "item": "Force Core(Highest"}
    relisted 136 at 195,487 in row 12, 4 relist(s) on the floor now
    the quantity column read 'il', which holds no digits, so it is the end of the name and not a count; reading the row as 'Palladium Headpiece(BL) il' and letting the panel count what is there
  tab 4 known from the last listing: 0 slot(s) held
  row 13: 'Palladium Headpiece(BL) (anal (anal' x1 at 2,399,997 -> tab 4 slot (1, 1)
    the quantity column read 'il', which holds no digits, so it is the end of the name and not a count; reading the row as 'Palladium Headpiece(BL) il' and letting the panel count what is there
    no floor for 'Palladium Headpiece(BL) (anal (anal'
TASK {"kind": "relist", "row": 13, "item": "Palladium Headpiece(BL) (anal (anal", "qty": 1, "price": 2399997, "tab": 4, "slot": [1, 1], "lands_in": 13}
  inventory slot (1,1) at (1475, 236)
    read: current min 2,399,998, price field 2,399,998, net sales 2,399,998, week average 3,094,690, listed at 2,399,997
    the lowest listed price is 2,399,998, from the row and 3 more
    market 2,399,998, typing 2,399,997, 1 under the market
    net sales 2,399,997 is 1 x 2,399,997
  typed 250; the net sales make it 1
    the panel holds 2,399,997 against the 2,399,997 typed
  tab 4 read in 25 ms after the listing: 0 slot(s) held

  list 1 at 2,399,997
    #         ms   share  step
    1       20.6    0.4%  read the panel before loading
    2       18.1    0.3%  wait for slot (1,1) to fill
    3      812.5   14.5%  ctrl-click (1,1) attempt 1
    4      589.0   10.5%  read the suggested price
    5     1523.6   27.3%  type the price 2,399,997
    6      951.2   17.0%  type the quantity 250
    7      311.0    5.6%  take the quantity from the net sales
    8       96.6    1.7%  read the price back before Register
    9      312.1    5.6%  click Register
   10       92.1    1.6%  find Confirmation
   11       17.6    0.3%  look for the underprice question
   12      312.0    5.6%  click Confirmation
   13      251.1    4.5%  park
   14      239.0    4.3%  confirm the dialog is gone
   15       19.0    0.3%  wait for the panel to let the item go
   16       24.6    0.4%  read tab 4 after the listing
          5590.1  100.0%  TOTAL
  listed 1 at 2,399,997; it lands in row 13
DONE {"kind": "relist", "row": 13, "lands_in": 13, "qty": 1, "price": 2399997, "item": "Palladium Headpiece(BL) (anal (anal"}
    relisted 1 at 2,399,997 in row 13
    the quantity column read 'il', which holds no digits, so it is the end of the name and not a count; reading the row as 'Palladium Headgear(FB) il' and letting the panel count what is there
  tab 4 known from the last listing: 0 slot(s) held
  row 14: 'Palladium Headgear(FB) Lalla' x1 at 988,999 -> tab 4 slot (1, 1)
    the quantity column read 'il', which holds no digits, so it is the end of the name and not a count; reading the row as 'Palladium Headgear(FB) il' and letting the panel count what is there
    no floor for 'Palladium Headgear(FB) Lalla'
TASK {"kind": "relist", "row": 14, "item": "Palladium Headgear(FB) Lalla", "qty": 1, "price": 988999, "tab": 4, "slot": [1, 1], "lands_in": 14}
  inventory slot (1,1) at (1475, 236)
    read: current min 989,000, price field 989,000, net sales 989,000, week average 1,065,959, listed at 988,999
    the lowest listed price is 989,000, from the row and 3 more
    market 989,000, typing 988,999, 1 under the market
    net sales 988,999 is 1 x 988,999
  typed 250; the net sales make it 1
    the panel holds 988,999 against the 988,999 typed
  tab 4 read in 24 ms after the listing: 0 slot(s) held

  list 1 at 988,999
    #         ms   share  step
    1       17.7    0.3%  read the panel before loading
    2       16.4    0.3%  wait for slot (1,1) to fill
    3      817.1   14.6%  ctrl-click (1,1) attempt 1
    4      668.3   11.9%  read the suggested price
    5     1449.4   25.9%  type the price 988,999
    6      948.5   16.9%  type the quantity 250
    7      307.1    5.5%  take the quantity from the net sales
    8       96.4    1.7%  read the price back before Register
    9      314.1    5.6%  click Register
   10       98.6    1.8%  find Confirmation
   11       19.0    0.3%  look for the underprice question
   12      312.1    5.6%  click Confirmation
   13      250.9    4.5%  park
   14      240.2    4.3%  confirm the dialog is gone
   15       21.5    0.4%  wait for the panel to let the item go
   16       24.4    0.4%  read tab 4 after the listing
          5601.6  100.0%  TOTAL
  listed 1 at 988,999; it lands in row 14
DONE {"kind": "relist", "row": 14, "lands_in": 14, "qty": 1, "price": 988999, "item": "Palladium Headgear(FB) Lalla"}
    relisted 1 at 988,999 in row 14
    the quantity column read 'il', which holds no digits, so it is the end of the name and not a count; reading the row as 'Palladium Headgear(FA) il' and letting the panel count what is there
  tab 4 known from the last listing: 0 slot(s) held
  row 15: 'Palladium Headgear(FA) (anal (anal' x1 at 9,910,000 -> tab 4 slot (1, 1)
    the quantity column read 'il', which holds no digits, so it is the end of the name and not a count; reading the row as 'Palladium Headgear(FA) il' and letting the panel count what is there
    no floor for 'Palladium Headgear(FA) (anal (anal'
TASK {"kind": "relist", "row": 15, "item": "Palladium Headgear(FA) (anal (anal", "qty": 1, "price": 9910000, "tab": 4, "slot": [1, 1], "lands_in": 15}
  inventory slot (1,1) at (1475, 236)
    read: current min 3,224,985, price field 3,224,985, net sales 3,224,985, week average 3,309,683, listed at 9,910,000
    the lowest listed price is 3,224,985, from the row and 3 more
    the market asks 3,224,984, 6,685,016 under our 9,910,000; holding at 9,900,000, the most this row may fall in one relist
    market 3,224,985, typing 9,900,000, 6,675,015 over the market
    net sales 9,900,000 is 1 x 9,900,000
  typed 250; the net sales make it 1
    the panel holds 9,900,000 against the 9,900,000 typed
  tab 4 read in 24 ms after the listing: 0 slot(s) held

  list 1 at 9,900,000
    #         ms   share  step
    1       22.6    0.4%  read the panel before loading
    2       21.3    0.4%  wait for slot (1,1) to fill
    3      814.5   14.5%  ctrl-click (1,1) attempt 1
    4      593.4   10.6%  read the suggested price
    5     1519.4   27.1%  type the price 9,900,000
    6      950.7   16.9%  type the quantity 250
    7      311.9    5.6%  take the quantity from the net sales
    8       95.5    1.7%  read the price back before Register
    9      318.2    5.7%  click Register
   10      100.2    1.8%  find Confirmation
   11       19.5    0.3%  look for the underprice question
   12      312.4    5.6%  click Confirmation
   13      251.2    4.5%  park
   14      242.5    4.3%  confirm the dialog is gone
   15       18.6    0.3%  wait for the panel to let the item go
   16       24.4    0.4%  read tab 4 after the listing
          5616.4  100.0%  TOTAL
  listed 1 at 9,900,000; it lands in row 15
DONE {"kind": "relist", "row": 15, "lands_in": 15, "qty": 1, "price": 9900000, "item": "Palladium Headgear(FA) (anal (anal"}
    relisted 1 at 9,900,000 in row 15
    the quantity column read 'il', which holds no digits, so it is the end of the name and not a count; reading the row as 'Palladium Boots(FA) il' and letting the panel count what is there
  tab 4 known from the last listing: 0 slot(s) held
  row 16: 'Palladium Boots(FA) Lalla' x2 at 1,309,999 -> tab 4 slot (1, 1)
    the quantity column read 'il', which holds no digits, so it is the end of the name and not a count; reading the row as 'Palladium Boots(FA) il' and letting the panel count what is there
    no floor for 'Palladium Boots(FA) Lalla'
TASK {"kind": "relist", "row": 16, "item": "Palladium Boots(FA) Lalla", "qty": 2, "price": 1309999, "tab": 4, "slot": [1, 1], "lands_in": 16}
  inventory slot (1,1) at (1475, 236)
    read: current min 1,300,000, price field 1,300,000, net sales 1,300,000, week average 1,593,780, listed at 1,309,999
    the lowest listed price is 1,300,000, from the row and 3 more
    market 1,300,000, typing 1,299,999, 1 under the market
    net sales 2,599,998 is 2 x 1,299,999
  typed 250; the net sales make it 2
    the panel holds 1,299,999 against the 1,299,999 typed
  tab 4 read in 25 ms after the listing: 0 slot(s) held

  list 2 at 1,299,999
    #         ms   share  step
    1       20.0    0.4%  read the panel before loading
    2       18.0    0.3%  wait for slot (1,1) to fill
    3      811.9   14.3%  ctrl-click (1,1) attempt 1
    4      661.2   11.7%  read the suggested price
    5     1516.9   26.8%  type the price 1,299,999
    6      950.1   16.8%  type the quantity 250
    7      307.8    5.4%  take the quantity from the net sales
    8       93.6    1.7%  read the price back before Register
    9      315.7    5.6%  click Register
   10       99.7    1.8%  find Confirmation
   11       21.0    0.4%  look for the underprice question
   12      312.7    5.5%  click Confirmation
   13      250.9    4.4%  park
   14      243.5    4.3%  confirm the dialog is gone
   15       18.1    0.3%  wait for the panel to let the item go
   16       24.9    0.4%  read tab 4 after the listing
          5666.1  100.0%  TOTAL
  listed 2 at 1,299,999; it lands in row 16
DONE {"kind": "relist", "row": 16, "lands_in": 16, "qty": 2, "price": 1299999, "item": "Palladium Boots(FA) Lalla"}
    relisted 2 at 1,299,999 in row 16
    the quantity column read 'il', which holds no digits, so it is the end of the name and not a count; reading the row as 'Palladium Shoes(W1) il' and letting the panel count what is there
  tab 4 known from the last listing: 0 slot(s) held
  row 17: 'Palladium Shoes(W1) Lalla' x2 at 749,998 -> tab 4 slot (1, 1)
    the quantity column read 'il', which holds no digits, so it is the end of the name and not a count; reading the row as 'Palladium Shoes(W1) il' and letting the panel count what is there
    no floor for 'Palladium Shoes(W1) Lalla'
TASK {"kind": "relist", "row": 17, "item": "Palladium Shoes(W1) Lalla", "qty": 2, "price": 749998, "tab": 4, "slot": [1, 1], "lands_in": 17}
  inventory slot (1,1) at (1475, 236)
    read: current min 749,999, price field 749,999, net sales 749,999, week average 702,777, listed at 749,998
    the lowest listed price is 749,999, from the row and 3 more
    market 749,999, typing 749,998, 1 under the market
    net sales 1,499,996 is 2 x 749,998
  typed 250; the net sales make it 2
    the panel holds 749,998 against the 749,998 typed
  tab 4 read in 22 ms after the listing: 0 slot(s) held

  list 2 at 749,998
    #         ms   share  step
    1       19.6    0.4%  read the panel before loading
    2       20.8    0.4%  wait for slot (1,1) to fill
    3      814.9   14.8%  ctrl-click (1,1) attempt 1
    4      584.4   10.6%  read the suggested price
    5     1445.4   26.3%  type the price 749,998
    6      945.8   17.2%  type the quantity 250
    7      304.9    5.6%  take the quantity from the net sales
    8       91.9    1.7%  read the price back before Register
    9      311.8    5.7%  click Register
   10       93.9    1.7%  find Confirmation
   11       19.5    0.4%  look for the underprice question
   12      308.3    5.6%  click Confirmation
   13      250.9    4.6%  park
   14      238.6    4.3%  confirm the dialog is gone
   15       17.9    0.3%  wait for the panel to let the item go
   16       21.9    0.4%  read tab 4 after the listing
          5490.5  100.0%  TOTAL
  listed 2 at 749,998; it lands in row 17
DONE {"kind": "relist", "row": 17, "lands_in": 17, "qty": 2, "price": 749998, "item": "Palladium Shoes(W1) Lalla"}
    relisted 2 at 749,998 in row 17
    the quantity column read 'il', which holds no digits, so it is the end of the name and not a count; reading the row as 'Palladium Coat (FG) il' and letting the panel count what is there
  tab 4 known from the last listing: 0 slot(s) held
  row 18: 'Palladium Coat (FG) Lalla' x1 at 999,997 -> tab 4 slot (1, 1)
    the quantity column read 'il', which holds no digits, so it is the end of the name and not a count; reading the row as 'Palladium Coat (FG) il' and letting the panel count what is there
    no floor for 'Palladium Coat (FG) Lalla'
TASK {"kind": "relist", "row": 18, "item": "Palladium Coat (FG) Lalla", "qty": 1, "price": 999997, "tab": 4, "slot": [1, 1], "lands_in": 18}
  inventory slot (1,1) at (1475, 236)
    read: current min 999,998, price field 999,998, net sales 999,998, week average 2,344,358, listed at 999,997
    the lowest listed price is 999,998, from the row and 3 more
    market 999,998, typing 999,997, 1 under the market
    net sales 999,997 is 1 x 999,997
  typed 250; the net sales make it 1
    the panel holds 999,997 against the 999,997 typed
    the game asks again because 999,997 is at least 25% under its average for this item; accepting
  tab 4 read in 20 ms after the listing: 0 slot(s) held

  list 1 at 999,997
    #         ms   share  step
    1       17.9    0.3%  read the panel before loading
    2       17.2    0.3%  wait for slot (1,1) to fill
    3      819.2   12.0%  ctrl-click (1,1) attempt 1
    4      584.4    8.6%  read the suggested price
    5     1443.3   21.2%  type the price 999,997
    6      943.9   13.9%  type the quantity 250
    7      308.8    4.5%  take the quantity from the net sales
    8       93.1    1.4%  read the price back before Register
    9      313.6    4.6%  click Register
   10       96.8    1.4%  find Confirmation
   11      140.4    2.1%  look for the underprice question
   12      315.5    4.6%  click Confirmation on the question
   13       17.5    0.3%  wait for the question to go
   14      751.0   11.0%  park before the dialog takes another click at the same point
   15       94.1    1.4%  find Confirmation on the real dialog
   16      307.9    4.5%  click Confirmation
   17      250.7    3.7%  park
   18      245.4    3.6%  confirm the dialog is gone
   19       17.2    0.3%  wait for the panel to let the item go
   20       20.5    0.3%  read tab 4 after the listing
          6798.4  100.0%  TOTAL
  listed 1 at 999,997; it lands in row 18
DONE {"kind": "relist", "row": 18, "lands_in": 18, "qty": 1, "price": 999997, "item": "Palladium Coat (FG) Lalla"}
    relisted 1 at 999,997 in row 18
  tab 4 known from the last listing: 0 slot(s) held
  row 19: 'Chaos Core Set X 291' x1 at 218,171,138 -> tab 4 slot (1, 1)
    floor 214,753,635 (737,985 x 291) from Chaos Core as last bought; listed at 218,171,138, above it
TASK {"kind": "relist", "row": 19, "item": "Chaos Core Set X 291", "qty": 1, "price": 218171138, "tab": 4, "slot": [1, 1], "lands_in": 19}
  inventory slot (1,1) at (1475, 236)
    read: current min 218,168,811, price field 218,168,811, net sales 218,168,811, week average 212,375,292, listed at 218,171,138
    the lowest listed price is 218,168,811, from the row and 3 more
    market 218,168,811, typing 218,168,810, 1 under the market
    net sales 218,168,810 is 1 x 218,168,810
  typed 250; the net sales make it 1
    the panel holds 218,168,810 against the 218,168,810 typed
  tab 4 read in 20 ms after the listing: 0 slot(s) held

  list 1 at 218,168,810
    #         ms   share  step
    1       20.6    0.4%  read the panel before loading
    2       19.1    0.3%  wait for slot (1,1) to fill
    3      808.0   14.1%  ctrl-click (1,1) attempt 1
    4      596.3   10.4%  read the suggested price
    5     1659.3   29.1%  type the price 218,168,810
    6      944.7   16.5%  type the quantity 250
    7      308.0    5.4%  take the quantity from the net sales
    8       93.9    1.6%  read the price back before Register
    9      312.4    5.5%  click Register
   10       96.8    1.7%  find Confirmation
   11       19.3    0.3%  look for the underprice question
   12      308.3    5.4%  click Confirmation
   13      250.9    4.4%  park
   14      237.0    4.1%  confirm the dialog is gone
   15       16.7    0.3%  wait for the panel to let the item go
   16       19.6    0.3%  read tab 4 after the listing
          5710.6  100.0%  TOTAL
  listed 1 at 218,168,810; it lands in row 19
DONE {"kind": "relist", "row": 19, "lands_in": 19, "qty": 1, "price": 218168810, "item": "Chaos Core Set X 291"}
    relisted 1 at 218,168,810 in row 19
  tab 4 known from the last listing: 0 slot(s) held
  row 20: 'Force Core (Ultimate' x56 at 383,821 -> tab 4 slot (1, 1)
    floor 374,843 (374,843 x 1) from what it cost; listed at 383,821, above it
TASK {"kind": "relist", "row": 20, "item": "Force Core (Ultimate", "qty": 56, "price": 383821, "tab": 4, "slot": [1, 1], "lands_in": 20}
  inventory slot (1,1) at (1475, 236)
    read: current min 383,817, price field 383,817, net sales 383,817, week average 407,170, listed at 383,821
    the lowest listed price is 383,817, from the row and 3 more
    market 383,817, typing 383,816, 1 under the market
    net sales 21,493,696 is 56 x 383,816
  typed 250; the net sales make it 56
    the panel holds 383,816 against the 383,816 typed
  tab 4 read in 23 ms after the listing: 0 slot(s) held

  list 56 at 383,816
    #         ms   share  step
    1       19.3    0.4%  read the panel before loading
    2       15.4    0.3%  wait for slot (1,1) to fill
    3      813.5   14.8%  ctrl-click (1,1) attempt 1
    4      588.5   10.7%  read the suggested price
    5     1445.7   26.4%  type the price 383,816
    6      947.9   17.3%  type the quantity 250
    7      308.4    5.6%  take the quantity from the net sales
    8       91.6    1.7%  read the price back before Register
    9      309.4    5.6%  click Register
   10       92.0    1.7%  find Confirmation
   11       17.1    0.3%  look for the underprice question
   12      307.5    5.6%  click Confirmation
   13      251.0    4.6%  park
   14      231.4    4.2%  confirm the dialog is gone
   15       19.4    0.4%  wait for the panel to let the item go
   16       23.4    0.4%  read tab 4 after the listing
          5481.6  100.0%  TOTAL
  listed 56 at 383,816; it lands in row 20
DONE {"kind": "relist", "row": 20, "lands_in": 20, "qty": 56, "price": 383816, "item": "Force Core (Ultimate"}
    relisted 56 at 383,816 in row 20
  tab 4 known from the last listing: 0 slot(s) held
  row 21: 'Chaos Core Set X 249' x1 at 186,682,271 -> tab 4 slot (1, 1)
    floor 183,758,265 (737,985 x 249) from Chaos Core as last bought; listed at 186,682,271, above it
TASK {"kind": "relist", "row": 21, "item": "Chaos Core Set X 249", "qty": 1, "price": 186682271, "tab": 4, "slot": [1, 1], "lands_in": 21}
  inventory slot (1,1) at (1475, 236)
    read: current min 186,680,280, price field 186,680,280, net sales 186,680,280, week average 181,723,188, listed at 186,682,271
    the lowest listed price is 186,680,280, from the row and 3 more
    market 186,680,280, typing 186,680,279, 1 under the market
    net sales 186,680,279 is 1 x 186,680,279
  typed 250; the net sales make it 1
    the panel holds 186,680,279 against the 186,680,279 typed
  tab 4 read in 20 ms after the listing: 0 slot(s) held

  list 1 at 186,680,279
    #         ms   share  step
    1       16.9    0.3%  read the panel before loading
    2       19.1    0.3%  wait for slot (1,1) to fill
    3      812.4   14.2%  ctrl-click (1,1) attempt 1
    4      589.0   10.3%  read the suggested price
    5     1660.5   29.0%  type the price 186,680,279
    6      946.9   16.6%  type the quantity 250
    7      311.8    5.5%  take the quantity from the net sales
    8       94.3    1.6%  read the price back before Register
    9      314.6    5.5%  click Register
   10       95.2    1.7%  find Confirmation
   11       17.6    0.3%  look for the underprice question
   12      308.9    5.4%  click Confirmation
   13      251.2    4.4%  park
   14      243.8    4.3%  confirm the dialog is gone
   15       16.9    0.3%  wait for the panel to let the item go
   16       20.4    0.4%  read tab 4 after the listing
          5719.5  100.0%  TOTAL
  listed 1 at 186,680,279; it lands in row 21
DONE {"kind": "relist", "row": 21, "lands_in": 21, "qty": 1, "price": 186680279, "item": "Chaos Core Set X 249"}
    relisted 1 at 186,680,279 in row 21
  tab 4 known from the last listing: 0 slot(s) held
  row 22: 'Chaos Core Set X 267' x1 at 200,177,108 -> tab 4 slot (1, 1)
    floor 197,041,995 (737,985 x 267) from Chaos Core as last bought; listed at 200,177,108, above it
TASK {"kind": "relist", "row": 22, "item": "Chaos Core Set X 267", "qty": 1, "price": 200177108, "tab": 4, "slot": [1, 1], "lands_in": 22}
  inventory slot (1,1) at (1475, 236)
    read: current min 200,174,973, price field 200,174,973, net sales 200,174,973, week average 194,859,804, listed at 200,177,108
    the lowest listed price is 200,174,973, from the row and 3 more
    market 200,174,973, typing 200,174,972, 1 under the market
    net sales 200,174,972 is 1 x 200,174,972
  typed 250; the net sales make it 1
    the panel holds 200,174,972 against the 200,174,972 typed
  tab 4 read in 20 ms after the listing: 0 slot(s) held

  list 1 at 200,174,972
    #         ms   share  step
    1       20.2    0.4%  read the panel before loading
    2       20.1    0.4%  wait for slot (1,1) to fill
    3      815.1   14.3%  ctrl-click (1,1) attempt 1
    4      596.9   10.5%  read the suggested price
    5     1652.7   29.0%  type the price 200,174,972
    6      947.6   16.6%  type the quantity 250
    7      307.4    5.4%  take the quantity from the net sales
    8       93.6    1.6%  read the price back before Register
    9      311.2    5.5%  click Register
   10       92.9    1.6%  find Confirmation
   11       16.3    0.3%  look for the underprice question
   12      307.7    5.4%  click Confirmation
   13      251.0    4.4%  park
   14      232.6    4.1%  confirm the dialog is gone
   15       17.0    0.3%  wait for the panel to let the item go
   16       20.4    0.4%  read tab 4 after the listing
          5702.6  100.0%  TOTAL
  listed 1 at 200,174,972; it lands in row 22
DONE {"kind": "relist", "row": 22, "lands_in": 22, "qty": 1, "price": 200174972, "item": "Chaos Core Set X 267"}
    relisted 1 at 200,174,972 in row 22
  tab 4 known from the last listing: 0 slot(s) held
  row 23: 'Upgrade Core (Ultimate' x54 at 536,700 -> tab 4 slot (1, 1)
    floor 469,773 (469,773 x 1) from Upgrade Core Set (Ultimate) as last bought; listed at 536,700, above it
TASK {"kind": "relist", "row": 23, "item": "Upgrade Core (Ultimate", "qty": 54, "price": 536700, "tab": 4, "slot": [1, 1], "lands_in": 23}
  inventory slot (1,1) at (1475, 236)
    read: current min 536,693, price field 536,693, net sales 536,693, week average 472,513, listed at 536,700
    the lowest listed price is 536,693, from the row and 3 more
    market 536,693, typing 536,692, 1 under the market
    net sales 28,981,368 is 54 x 536,692
  typed 250; the net sales make it 54
    the panel holds 536,692 against the 536,692 typed
  tab 4 read in 25 ms after the listing: 0 slot(s) held

  list 54 at 536,692
    #         ms   share  step
    1       19.9    0.4%  read the panel before loading
    2       19.6    0.4%  wait for slot (1,1) to fill
    3      811.6   14.7%  ctrl-click (1,1) attempt 1
    4      597.2   10.8%  read the suggested price
    5     1448.9   26.2%  type the price 536,692
    6      945.0   17.1%  type the quantity 250
    7      310.1    5.6%  take the quantity from the net sales
    8       90.4    1.6%  read the price back before Register
    9      310.0    5.6%  click Register
   10       99.8    1.8%  find Confirmation
   11       22.5    0.4%  look for the underprice question
   12      316.0    5.7%  click Confirmation
   13      250.8    4.5%  park
   14      244.5    4.4%  confirm the dialog is gone
   15       20.5    0.4%  wait for the panel to let the item go
   16       25.0    0.5%  read tab 4 after the listing
          5531.8  100.0%  TOTAL
  listed 54 at 536,692; it lands in row 23
DONE {"kind": "relist", "row": 23, "lands_in": 23, "qty": 54, "price": 536692, "item": "Upgrade Core (Ultimate"}
    relisted 54 at 536,692 in row 23
  tab 4 known from the last listing: 0 slot(s) held
  row 24: 'Chaos Core Set X 252' x1 at 188,930,951 -> tab 4 slot (1, 1)
    floor 185,972,220 (737,985 x 252) from Chaos Core as last bought; listed at 188,930,951, above it
TASK {"kind": "relist", "row": 24, "item": "Chaos Core Set X 252", "qty": 1, "price": 188930951, "tab": 4, "slot": [1, 1], "lands_in": 24}
  inventory slot (1,1) at (1475, 236)
    read: current min 188,928,684, price field 188,928,684, net sales 188,928,684, week average 183,912,624, listed at 188,930,951
    the lowest listed price is 188,928,684, from the row and 3 more
    market 188,928,684, typing 188,928,683, 1 under the market
    net sales 188,928,683 is 1 x 188,928,683
  typed 250; the net sales make it 1
    the panel holds 188,928,683 against the 188,928,683 typed
  tab 4 read in 22 ms after the listing: 0 slot(s) held

  list 1 at 188,928,683
    #         ms   share  step
    1       23.4    0.4%  read the panel before loading
    2       15.9    0.3%  wait for slot (1,1) to fill
    3      813.8   14.1%  ctrl-click (1,1) attempt 1
    4      613.8   10.6%  read the suggested price
    5     1664.5   28.8%  type the price 188,928,683
    6      947.9   16.4%  type the quantity 250
    7      315.6    5.5%  take the quantity from the net sales
    8       94.5    1.6%  read the price back before Register
    9      314.6    5.4%  click Register
   10      100.7    1.7%  find Confirmation
   11       21.2    0.4%  look for the underprice question
   12      311.4    5.4%  click Confirmation
   13      250.6    4.3%  park
   14      246.4    4.3%  confirm the dialog is gone
   15       18.5    0.3%  wait for the panel to let the item go
   16       22.3    0.4%  read tab 4 after the listing
          5775.2  100.0%  TOTAL
  listed 1 at 188,928,683; it lands in row 24
DONE {"kind": "relist", "row": 24, "lands_in": 24, "qty": 1, "price": 188928683, "item": "Chaos Core Set X 252"}
    relisted 1 at 188,928,683 in row 24
  tab 4 known from the last listing: 0 slot(s) held
  row 25: 'Force Core(High' x72 at 184,985 -> tab 4 slot (1, 1)
    floor 176,867 (176,867 x 1) from Force Core Set (High) as last bought; listed at 184,985, above it
TASK {"kind": "relist", "row": 25, "item": "Force Core(High", "qty": 72, "price": 184985, "tab": 4, "slot": [1, 1], "lands_in": 25}
  inventory slot (1,1) at (1475, 236)
    read: current min 184,984, price field 184,984, net sales 184,984, week average 197,296, listed at 184,985
    the lowest listed price is 184,984, from the row and 3 more
    market 184,984, typing 184,983, 1 under the market
    net sales 13,318,776 is 72 x 184,983
  typed 250; the net sales make it 72
    the panel holds 184,983 against the 184,983 typed
  tab 4 read in 20 ms after the listing: 0 slot(s) held

  list 72 at 184,983
    #         ms   share  step
    1       18.0    0.3%  read the panel before loading
    2       17.5    0.3%  wait for slot (1,1) to fill
    3      807.6   14.7%  ctrl-click (1,1) attempt 1
    4      580.7   10.6%  read the suggested price
    5     1444.2   26.3%  type the price 184,983
    6      951.0   17.3%  type the quantity 250
    7      311.7    5.7%  take the quantity from the net sales
    8       92.4    1.7%  read the price back before Register
    9      314.9    5.7%  click Register
   10       95.4    1.7%  find Confirmation
   11       19.3    0.4%  look for the underprice question
   12      307.9    5.6%  click Confirmation
   13      250.8    4.6%  park
   14      236.2    4.3%  confirm the dialog is gone
   15       17.5    0.3%  wait for the panel to let the item go
   16       20.2    0.4%  read tab 4 after the listing
          5485.2  100.0%  TOTAL
  listed 72 at 184,983; it lands in row 25
DONE {"kind": "relist", "row": 25, "lands_in": 25, "qty": 72, "price": 184983, "item": "Force Core(High"}
    relisted 72 at 184,983 in row 25
  tab 4 known from the last listing: 0 slot(s) held
  row 26: 'Force Core(High' x86 at 184,984 -> tab 4 slot (1, 1)
    floor 176,867 (176,867 x 1) from Force Core Set (High) as last bought; listed at 184,984, above it
TASK {"kind": "relist", "row": 26, "item": "Force Core(High", "qty": 86, "price": 184984, "tab": 4, "slot": [1, 1], "lands_in": 26}
  inventory slot (1,1) at (1475, 236)
    read: current min 184,983, price field 184,983, net sales 184,983, week average 197,296, listed at 184,984
    the lowest listed price is 184,983, from the row and 3 more
    market 184,983, typing 184,982, 1 under the market
    net sales 15,908,452 is 86 x 184,982
  typed 250; the net sales make it 86
    the panel holds 184,982 against the 184,982 typed
  tab 4 read in 25 ms after the listing: 0 slot(s) held

  list 86 at 184,982
    #         ms   share  step
    1       18.5    0.3%  read the panel before loading
    2       16.2    0.3%  wait for slot (1,1) to fill
    3      809.3   14.7%  ctrl-click (1,1) attempt 1
    4      592.7   10.8%  read the suggested price
    5     1444.4   26.3%  type the price 184,982
    6      948.1   17.2%  type the quantity 250
    7      310.4    5.6%  take the quantity from the net sales
    8       94.4    1.7%  read the price back before Register
    9      311.1    5.7%  click Register
   10       95.3    1.7%  find Confirmation
   11       18.1    0.3%  look for the underprice question
   12      311.9    5.7%  click Confirmation
   13      250.9    4.6%  park
   14      236.4    4.3%  confirm the dialog is gone
   15       17.5    0.3%  wait for the panel to let the item go
   16       24.7    0.4%  read tab 4 after the listing
          5500.0  100.0%  TOTAL
  listed 86 at 184,982; it lands in row 26
DONE {"kind": "relist", "row": 26, "lands_in": 26, "qty": 86, "price": 184982, "item": "Force Core(High"}
    relisted 86 at 184,982 in row 26
  row 27 is empty; nothing to relist

  relisting rows 1-27: 25 relisted, 2 empty, 0 skipped
    #          ms   share     n      each  phase
    1    96,295.4   43.0%    17   5,664.4  list it back
    2    64,126.5   28.7%    17   3,772.1  cancel the row and take it back
    3    18,954.5    8.5%    18   1,053.0  select inventory tab 4
    4    16,405.7    7.3%    18     911.4  scroll to the row and read it
    5     6,555.4    2.9%    18     364.2  Refresh the table
    6     5,459.2    2.4%     1   5,459.2  list Chaos Core from (1, 1)
    7     5,020.2    2.2%     1   5,020.2  buy 1 Chaos Core
    8     5,019.0    2.2%     1   5,019.0  buy order 1
    9     2,265.4    1.0%     1   2,265.4  select the Register tab
   10     1,534.8    0.7%     1   1,534.8  wait for the Chaos Core to land on tab 4
   11     1,529.3    0.7%     1   1,529.3  read tab 4 before buying
   12       323.4    0.1%    17      19.0  check the shop slot is empty
   13       310.8    0.1%     1     310.8  reopen the Agent Shop
        223,799.6  100.0%

  returning the game to its default state
restoring the default state:
  Escape: window closed
  Inventory already closed
  the gift box at [284, 994]
  Receive All at [1209, 786]
  Receive 1 of 4 at [1214, 327]
  Receive 2 of 4 at [1214, 425]
  Receive 3 of 4 at [1214, 523]
  Receive 4 of 4 at [1214, 621]
  the special giftbox's Receive at [1438, 492]
  Close at [1483, 846]
  took 4 gift(s)
  the Agent Shop is shut and the vendor is not open either; reopening it
  Inventory shut: slot grid 0.09, needs 0.33

  board after pass 5:
                                                   bought/u   listed/u  margin      row price
     1  Blessing Bead - Superior           x1    163,756,817 169,999,997   +3.7%    169,999,997
     2  Armor Account bind Unseal Stone    x1    187,364,780 187,364,780   +0.0%    187,364,780
     3  Armor Account bind Seal Stone      x2    187,364,780 187,364,780   +0.0%    187,364,780
     4  Force Core (Ultimate               x64            -    383,819       -        383,819
     5  Arionell                           x1    281,047,170 301,185,713   +6.7%    301,185,713
     6  Upgrade Core (Ultimate             x15            -    536,696       -        536,696
     7  Force Core (Ultimate               x190           -    383,817       -        383,817
     8  Force Core(Highest                 x166           -    195,487       -        195,487
     9  Chaos Core                         x1       745,644    745,045   -0.1%        745,045
    10  Upgrade Core (Ultimate             x20      469,773    536,695  +12.5%        536,695
    11  Force Core(Highest                 x250           -    195,487       -        195,487
    12  Force Core(Highest                 x136           -    195,487       -        195,487
    13  Palladium Headpiece(BL) (anal (ana x1             -  2,399,997       -      2,399,997
    14  Palladium Headgear(FB) Lalla       x1             -    988,999       -        988,999
    15  Palladium Headgear(FA) (anal (anal x1             -  9,900,000       -      9,900,000
    16  Palladium Boots(FA) Lalla          x2             -  1,299,999       -      1,299,999
    17  Palladium Shoes(W1) Lalla          x2             -    749,998       -        749,998
    18  Palladium Coat (FG) Lalla          x1             -    999,997       -        999,997
    19  Chaos Core Set X 291               x1             -    749,720       -    218,168,810
    20  Force Core (Ultimate               x56      374,843    383,816   +2.3%        383,816
    21  Chaos Core Set X 249               x1             -    749,719       -    186,680,279
    22  Chaos Core Set X 267               x1             -    749,718       -    200,174,972
    23  Upgrade Core (Ultimate             x54            -    536,692       -        536,692
    24  Chaos Core Set X 252               x1             -    749,716       -    188,928,683
    25  Force Core(High                    x72            -    184,983       -        184,983
    26  Force Core(High                    x86            -    184,982       -        184,982
    28  Archridium Suit (DM) Lalla         x1             -  1,685,749       -      1,685,749
    30  Palladium Suit (DM) + 1 Lalla      x1             - 33,000,000       -     33,000,000
    item                               rows   units          listed
    Archridium Suit (DM) Lalla            1       1       1,685,749
    Arionell                              1       1     301,185,713
    Armor Account bind Seal Stone         1       2     374,729,560
    Armor Account bind Unseal Stone       1       1     187,364,780
    Blessing Bead - Superior              1       1     169,999,997
    Chaos Core                            1       1         745,045
    Chaos Core Set                        4   1,059     793,952,744
    Force Core (Ultimate                  3     310     118,983,342
    Force Core(High                       2     158      29,227,228
    Force Core(Highest                    3     552     107,908,824
    Palladium Boots(FA) Lalla             1       2       2,599,998
    Palladium Coat (FG) Lalla             1       1         999,997
    Palladium Headgear(FA) (anal (anal    1       1       9,900,000
    Palladium Headgear(FB) Lalla          1       1         988,999
    Palladium Headpiece(BL) (anal (ana    1       1       2,399,997
    Palladium Shoes(W1) Lalla             1       2       1,499,996
    Palladium Suit (DM) + 1 Lalla         1       1      33,000,000
    Upgrade Core (Ultimate                3      89      47,765,708
    board                                28   2,184   2,184,937,677
    balance now 559,423,217
  pass 5: 25 relisted, 2 empty, 0 skipped; 9969.0 minute(s) left

-- pass 6 --

  resupply order: Chaos Core, Force Core(High), Force Core(Highest), Upgrade Core (Ultimate), Force Core (Ultimate), Armor Account bind Unseal Stone, Armor Account bind Seal Stone, Blessing Bead - Superior

-- Chaos Core Set under our listing: up to 3 row(s) --
  Chaos Core Set 749,716 - Chaos Core 745,053 = 4,663
  ours is listed at 749,716 a Set and a Chaos Core sells at 745,053; buying every Set under 740,053, 5,000 a Set below the lower of the two
  the cheapest Chaos Core Set is 749,716 a Set, not under 740,053; nothing to buy under ours

  counting only rows 1-27; rows outside it are not repriced and do not count; 1 row(s) free
  core                            rows     buy/u    sell/u    margin  wants   short?
  Force Core(Highest)                3         -         -         -      -   holds the most it can want, 3; not priced
  Chaos Core                         4   745,053   749,716     4,663      0   
  Force Core (Ultimate)              3         -         -         -      -   holds the most it can want, 3; not priced
  Force Core(High)                   2   180,000   184,982     4,982      0   
  Upgrade Core (Ultimate)            3         -         -         -      -   holds the most it can want, 3; not priced

  nothing inside rows 1-27 holds fewer rows than its margin is worth.

  Armor Account bind Unseal Stone: 1 row(s) inside 1-27, 1 wanted; row 2 'Armor Account bind Unseal Stone'
    floor 187,364,780: 500/1000 of the 374,729,560 voucher, read at launch

  Armor Account bind Seal Stone: 1 row(s) inside 1-27, 1 wanted; row 3 'Armor Account bind Seal Stone'
    floor 187,364,780: 500/1000 of the 374,729,560 voucher, read at launch

  Blessing Bead - Superior: 1 row(s) inside 1-27, 1 wanted; row 1 'Blessing Bead - Superior'
    floor 163,756,817: 437/1000 of the 374,729,560 voucher, read at launch
    the quantity column read 'Superior', which holds no digits, so it is the end of the name and not a count; reading the row as 'Blessing Bead - Superior' and letting the panel count what is there
    one line read 'serene wbéee 1 169,999,997 OnSale Change'; read as stacked lines it is 'Blessing Bead - Superior 169,999,997 OnSale Change'
  tab 4 read from the screen in 1534 ms: 0 slot(s) held
  row 1: 'Blessing Bead - Superior' x1 at 169,999,997 -> tab 4 slot (1, 1)
    floor 163,756,817 from what it cost; listed at 169,999,997, above it
TASK {"kind": "relist", "row": 1, "item": "Blessing Bead - Superior", "qty": 1, "price": 169999997, "tab": 4, "slot": [1, 1], "lands_in": 1}
  inventory slot (1,1) at (1475, 236)
    read: current min 169,999,998, price field 169,999,998, net sales 169,999,998, week average 189,305,448, listed at 169,999,997
    the lowest listed price is 169,999,998, from the row and 3 more
    market 169,999,998, typing 169,999,997, 1 under the market
    net sales 169,999,997 is 1 x 169,999,997
  typed 250; the net sales make it 1
    the panel holds 169,999,997 against the 169,999,997 typed
  tab 4 read in 20 ms after the listing: 0 slot(s) held

  list 1 at 169,999,997
    #         ms   share  step
    1       17.4    0.3%  read the panel before loading
    2       20.2    0.3%  wait for slot (1,1) to fill
    3      813.8   14.1%  ctrl-click (1,1) attempt 1
    4      671.7   11.6%  read the suggested price
    5     1658.9   28.7%  type the price 169,999,997
    6      944.4   16.3%  type the quantity 250
    7      310.5    5.4%  take the quantity from the net sales
    8       93.1    1.6%  read the price back before Register
    9      310.1    5.4%  click Register
   10       95.0    1.6%  find Confirmation
   11       18.8    0.3%  look for the underprice question
   12      309.6    5.4%  click Confirmation
   13      250.7    4.3%  park
   14      234.3    4.0%  confirm the dialog is gone
   15       17.8    0.3%  wait for the panel to let the item go
   16       19.9    0.3%  read tab 4 after the listing
          5786.4  100.0%  TOTAL
  listed 1 at 169,999,997; it lands in row 1
DONE {"kind": "relist", "row": 1, "lands_in": 1, "qty": 1, "price": 169999997, "item": "Blessing Bead - Superior"}
    relisted 1 at 169,999,997 in row 1
  tab 4 known from the last listing: 0 slot(s) held
  row 2: 'Armor Account bind Unseal Stone' x1 at 187,364,780 -> tab 4 slot (1, 1)
    floor 187,364,780 from what it cost; listed at 187,364,780, above it
TASK {"kind": "relist", "row": 2, "item": "Armor Account bind Unseal Stone", "qty": 1, "price": 187364780, "tab": 4, "slot": [1, 1], "lands_in": 2}
  inventory slot (1,1) at (1475, 236)
    read: current min 187,000,000, price field 187,000,000, net sales 187,000,000, week average 191,433,039, listed at 187,364,780
    the lowest listed price is 187,000,000, from the row and 3 more
    market 186,999,999 is under the 187,364,780 floor (it is worth what it cost); listing at the floor
    market 187,000,000, typing 187,364,780, 364,780 over the market
    net sales 187,364,780 is 1 x 187,364,780
  typed 250; the net sales make it 1
    the panel holds 187,364,780 against the 187,364,780 typed
  tab 4 read in 20 ms after the listing: 0 slot(s) held

  list 1 at 187,364,780
    #         ms   share  step
    1       19.7    0.3%  read the panel before loading
    2       16.5    0.3%  wait for slot (1,1) to fill
    3      811.5   14.2%  ctrl-click (1,1) attempt 1
    4      593.4   10.4%  read the suggested price
    5     1658.0   29.0%  type the price 187,364,780
    6      944.3   16.5%  type the quantity 250
    7      321.6    5.6%  take the quantity from the net sales
    8       96.2    1.7%  read the price back before Register
    9      311.8    5.5%  click Register
   10       93.0    1.6%  find Confirmation
   11       17.1    0.3%  look for the underprice question
   12      307.3    5.4%  click Confirmation
   13      251.0    4.4%  park
   14      234.2    4.1%  confirm the dialog is gone
   15       18.4    0.3%  wait for the panel to let the item go
   16       20.4    0.4%  read tab 4 after the listing
          5714.6  100.0%  TOTAL
  listed 1 at 187,364,780; it lands in row 2
DONE {"kind": "relist", "row": 2, "lands_in": 2, "qty": 1, "price": 187364780, "item": "Armor Account bind Unseal Stone"}
    relisted 1 at 187,364,780 in row 2, 6 relist(s) on the floor now
  tab 4 known from the last listing: 0 slot(s) held
  row 3: 'Armor Account bind Seal Stone' x2 at 187,364,780 -> tab 4 slot (1, 1)
    floor 187,364,780 from what it cost; listed at 187,364,780, above it
TASK {"kind": "relist", "row": 3, "item": "Armor Account bind Seal Stone", "qty": 2, "price": 187364780, "tab": 4, "slot": [1, 1], "lands_in": 3}
  inventory slot (1,1) at (1475, 236)
    read: current min 187,000,000, price field 187,000,000, net sales 187,000,000, week average 189,694,905, listed at 187,364,780
    the lowest listed price is 187,000,000, from the row and 3 more
    market 186,999,999 is under the 187,364,780 floor (it is worth what it cost); listing at the floor
    market 187,000,000, typing 187,364,780, 364,780 over the market
    net sales 374,729,560 is 2 x 187,364,780
  typed 250; the net sales make it 2
    the panel holds 187,364,780 against the 187,364,780 typed
  tab 4 read in 21 ms after the listing: 0 slot(s) held

  list 2 at 187,364,780
    #         ms   share  step
    1       21.0    0.4%  read the panel before loading
    2       19.0    0.3%  wait for slot (1,1) to fill
    3      811.6   14.2%  ctrl-click (1,1) attempt 1
    4      592.7   10.4%  read the suggested price
    5     1656.4   29.0%  type the price 187,364,780
    6      947.0   16.6%  type the quantity 250
    7      313.4    5.5%  take the quantity from the net sales
    8       93.4    1.6%  read the price back before Register
    9      309.8    5.4%  click Register
   10       93.5    1.6%  find Confirmation
   11       19.7    0.3%  look for the underprice question
   12      304.0    5.3%  click Confirmation
   13      251.2    4.4%  park
   14      236.2    4.1%  confirm the dialog is gone
   15       16.0    0.3%  wait for the panel to let the item go
   16       20.7    0.4%  read tab 4 after the listing
          5705.4  100.0%  TOTAL
  listed 2 at 187,364,780; it lands in row 3
DONE {"kind": "relist", "row": 3, "lands_in": 3, "qty": 2, "price": 187364780, "item": "Armor Account bind Seal Stone"}
    relisted 2 at 187,364,780 in row 3, 6 relist(s) on the floor now
  tab 4 known from the last listing: 0 slot(s) held
  row 4: 'Force Core (Ultimate' x64 at 383,819 -> tab 4 slot (1, 1)
    floor 374,843 (374,843 x 1) from Force Core Set (Ultimate) as last bought; listed at 383,819, above it
TASK {"kind": "relist", "row": 4, "item": "Force Core (Ultimate", "qty": 64, "price": 383819, "tab": 4, "slot": [1, 1], "lands_in": 4}
  inventory slot (1,1) at (1475, 236)
    read: current min 383,815, price field 383,815, net sales 383,815, week average 407,170, listed at 383,819
    the lowest listed price is 383,815, from the row and 3 more
    market 383,815, typing 383,814, 1 under the market
    net sales 24,564,096 is 64 x 383,814
  typed 250; the net sales make it 64
    the panel holds 383,814 against the 383,814 typed
  tab 4 read in 19 ms after the listing: 0 slot(s) held

  list 64 at 383,814
    #         ms   share  step
    1       21.0    0.4%  read the panel before loading
    2       17.7    0.3%  wait for slot (1,1) to fill
    3      813.4   14.9%  ctrl-click (1,1) attempt 1
    4      584.2   10.7%  read the suggested price
    5     1440.1   26.3%  type the price 383,814
    6      946.1   17.3%  type the quantity 250
    7      309.9    5.7%  take the quantity from the net sales
    8       89.5    1.6%  read the price back before Register
    9      309.5    5.7%  click Register
   10       96.2    1.8%  find Confirmation
   11       16.7    0.3%  look for the underprice question
   12      307.5    5.6%  click Confirmation
   13      250.7    4.6%  park
   14      229.4    4.2%  confirm the dialog is gone
   15       16.3    0.3%  wait for the panel to let the item go
   16       19.5    0.4%  read tab 4 after the listing
          5467.7  100.0%  TOTAL
  listed 64 at 383,814; it lands in row 4
DONE {"kind": "relist", "row": 4, "lands_in": 4, "qty": 64, "price": 383814, "item": "Force Core (Ultimate"}
    relisted 64 at 383,814 in row 4
  tab 4 known from the last listing: 0 slot(s) held
  row 5: 'Arionell' x1 at 301,185,713 -> tab 4 slot (1, 1)
    floor 281,047,170 from what it cost; listed at 301,185,713, above it
TASK {"kind": "relist", "row": 5, "item": "Arionell", "qty": 1, "price": 301185713, "tab": 4, "slot": [1, 1], "lands_in": 5}
  inventory slot (1,1) at (1475, 236)
    read: current min 260,000,000, price field 260,000,000, net sales 260,000,000, week average 310,004,285, listed at 301,185,713
    the lowest listed price is 260,000,000, from the row and 3 more
    the market asks 259,999,999, 41,185,714 under our 301,185,713; holding at 300,185,713, the most this row may fall in one relist
    market 260,000,000, typing 300,185,713, 40,185,713 over the market
    net sales 300,185,713 is 1 x 300,185,713
  typed 250; the net sales make it 1
    the panel holds 300,185,713 against the 300,185,713 typed
  tab 4 read in 20 ms after the listing: 0 slot(s) held

  list 1 at 300,185,713
    #         ms   share  step
    1       21.3    0.4%  read the panel before loading
    2       19.0    0.3%  wait for slot (1,1) to fill
    3      808.2   14.2%  ctrl-click (1,1) attempt 1
    4      580.3   10.2%  read the suggested price
    5     1654.9   29.0%  type the price 300,185,713
    6      948.0   16.6%  type the quantity 250
    7      309.4    5.4%  take the quantity from the net sales
    8       94.0    1.6%  read the price back before Register
    9      314.3    5.5%  click Register
   10      102.0    1.8%  find Confirmation
   11       19.0    0.3%  look for the underprice question
   12      308.4    5.4%  click Confirmation
   13      251.2    4.4%  park
   14      235.4    4.1%  confirm the dialog is gone
   15       17.7    0.3%  wait for the panel to let the item go
   16       20.3    0.4%  read tab 4 after the listing
          5703.6  100.0%  TOTAL
  listed 1 at 300,185,713; it lands in row 5
DONE {"kind": "relist", "row": 5, "lands_in": 5, "qty": 1, "price": 300185713, "item": "Arionell"}
    relisted 1 at 300,185,713 in row 5
  tab 4 known from the last listing: 0 slot(s) held
  row 6: 'Upgrade Core (Ultimate' x15 at 536,696 -> tab 4 slot (1, 1)
    floor 469,773 (469,773 x 1) from Upgrade Core Set (Ultimate) as last bought; listed at 536,696, above it
TASK {"kind": "relist", "row": 6, "item": "Upgrade Core (Ultimate", "qty": 15, "price": 536696, "tab": 4, "slot": [1, 1], "lands_in": 6}
  inventory slot (1,1) at (1475, 236)
    read: current min 536,689, price field 536,689, net sales 536,689, week average 472,513, listed at 536,696
    the lowest listed price is 536,689, from the row and 3 more
    market 536,689, typing 536,688, 1 under the market
    net sales 8,050,320 is 15 x 536,688
  typed 250; the net sales make it 15
    the panel holds 536,688 against the 536,688 typed
  tab 4 read in 25 ms after the listing: 0 slot(s) held

  list 15 at 536,688
    #         ms   share  step
    1       20.7    0.4%  read the panel before loading
    2       21.1    0.4%  wait for slot (1,1) to fill
    3      816.4   14.7%  ctrl-click (1,1) attempt 1
    4      597.7   10.8%  read the suggested price
    5     1450.1   26.1%  type the price 536,688
    6      949.1   17.1%  type the quantity 250
    7      311.4    5.6%  take the quantity from the net sales
    8       94.7    1.7%  read the price back before Register
    9      315.7    5.7%  click Register
   10       96.0    1.7%  find Confirmation
   11       19.9    0.4%  look for the underprice question
   12      311.7    5.6%  click Confirmation
   13      250.9    4.5%  park
   14      255.2    4.6%  confirm the dialog is gone
   15       19.4    0.3%  wait for the panel to let the item go
   16       24.8    0.4%  read tab 4 after the listing
          5554.7  100.0%  TOTAL
  listed 15 at 536,688; it lands in row 6
DONE {"kind": "relist", "row": 6, "lands_in": 6, "qty": 15, "price": 536688, "item": "Upgrade Core (Ultimate"}
    relisted 15 at 536,688 in row 6
  tab 4 known from the last listing: 0 slot(s) held
  row 7: 'Force Core (Ultimate' x190 at 383,817 -> tab 4 slot (1, 1)
    floor 374,843 (374,843 x 1) from Force Core Set (Ultimate) as last bought; listed at 383,817, above it
TASK {"kind": "relist", "row": 7, "item": "Force Core (Ultimate", "qty": 190, "price": 383817, "tab": 4, "slot": [1, 1], "lands_in": 7}
  inventory slot (1,1) at (1475, 236)
    read: current min 383,813, price field 383,813, net sales 383,813, week average 407,170, listed at 383,817
    the lowest listed price is 383,813, from the row and 3 more
    market 383,813, typing 383,812, 1 under the market
    net sales 72,924,280 is 190 x 383,812
  typed 250; the net sales make it 190
    the panel holds 383,812 against the 383,812 typed
  tab 4 read in 25 ms after the listing: 0 slot(s) held

  list 190 at 383,812
    #         ms   share  step
    1       17.5    0.3%  read the panel before loading
    2       16.6    0.3%  wait for slot (1,1) to fill
    3      808.0   14.7%  ctrl-click (1,1) attempt 1
    4      588.4   10.7%  read the suggested price
    5     1444.5   26.3%  type the price 383,812
    6      946.6   17.2%  type the quantity 250
    7      308.6    5.6%  take the quantity from the net sales
    8       96.3    1.8%  read the price back before Register
    9      308.7    5.6%  click Register
   10       99.0    1.8%  find Confirmation
   11       19.4    0.4%  look for the underprice question
   12      310.7    5.6%  click Confirmation
   13      251.0    4.6%  park
   14      241.9    4.4%  confirm the dialog is gone
   15       20.0    0.4%  wait for the panel to let the item go
   16       24.8    0.5%  read tab 4 after the listing
          5502.1  100.0%  TOTAL
  listed 190 at 383,812; it lands in row 7
DONE {"kind": "relist", "row": 7, "lands_in": 7, "qty": 190, "price": 383812, "item": "Force Core (Ultimate"}
    relisted 190 at 383,812 in row 7
  tab 4 known from the last listing: 0 slot(s) held
  row 8: 'Force Core(Highest' x166 at 195,487 -> tab 4 slot (1, 1)
    floor 195,487 (195,487 x 1) from Force Core Set (Highest) as last bought; listed at 195,487, above it
TASK {"kind": "relist", "row": 8, "item": "Force Core(Highest", "qty": 166, "price": 195487, "tab": 4, "slot": [1, 1], "lands_in": 8}
  inventory slot (1,1) at (1475, 236)
    read: current min 195,482, price field 195,482, net sales 195,482, week average 210,472, listed at 195,487
    the lowest listed price is 195,482, from the row and 3 more
    market 195,481 is under the 195,487 floor (a Force Core Set (Highest) as last bought costs 195,487); listing at the floor
    market 195,482, typing 195,487, 5 over the market
    net sales 32,450,842 is 166 x 195,487
  typed 250; the net sales make it 166
    the panel holds 195,487 against the 195,487 typed
  tab 4 read in 23 ms after the listing: 0 slot(s) held

  list 166 at 195,487
    #         ms   share  step
    1       18.8    0.3%  read the panel before loading
    2       19.3    0.3%  wait for slot (1,1) to fill
    3      813.1   14.7%  ctrl-click (1,1) attempt 1
    4      597.7   10.8%  read the suggested price
    5     1445.3   26.1%  type the price 195,487
    6      955.9   17.3%  type the quantity 250
    7      312.5    5.6%  take the quantity from the net sales
    8       98.8    1.8%  read the price back before Register
    9      312.4    5.6%  click Register
   10       97.3    1.8%  find Confirmation
   11       18.2    0.3%  look for the underprice question
   12      312.3    5.6%  click Confirmation
   13      250.7    4.5%  park
   14      241.0    4.4%  confirm the dialog is gone
   15       17.0    0.3%  wait for the panel to let the item go
   16       23.0    0.4%  read tab 4 after the listing
          5533.3  100.0%  TOTAL
  listed 166 at 195,487; it lands in row 8
DONE {"kind": "relist", "row": 8, "lands_in": 8, "qty": 166, "price": 195487, "item": "Force Core(Highest"}
    relisted 166 at 195,487 in row 8, 4 relist(s) on the floor now
  row 9 has SOLD (fully); collecting
    collected; row 9 is empty, nothing to relist
  the Chaos Core special row sold; buying it back now, not on the next pass

-- Chaos Core special row 1 of 1: 1 at 500 to 700 under the market --
  1 stays behind on every row bought; an order 10 step(s) down with nothing spare takes the row it is on whole, and the next order leaves 1 behind again; each order prices the favourite afresh, then wheels down, up to 30 step(s)
TASK {"kind": "resupply", "core": "Chaos Core", "slot": 3, "tab": 4, "landing": [1, 1], "special": true}
  row 1 offers 'Chaos Core' x133 at 745,053 (745,053/unit)
    balance before 560,168,262
    row 1 holds 133, 1 stays behind, so at most 132 comes off it
    dialog: '¢ Chaos Core'  qty 1 of 133  price 745053
    1 core(s) wanted, 1 to a pack -> 1 pack(s); 133 available, taking 1
    the quantity field already reads 1; not retyping it
    ordering 1 pack(s) at 745,053; the spend will confirm what actually bought
    balance after  559,423,209; spent 745,053 bought 1 pack(s) = 1 core(s) (745,053 a core)

  buy from favourite slot 3: bought 1 core(s) in 1 order(s)
    #         ms   share  step
    1        0.6    0.0%  get_price: focus the game
    2      102.6    1.3%  get_price: _trade_window_open (OCR 1300x190)
    3      168.8    2.2%  get_price: purchase_tab_showing
    4     1409.2   18.3%  get_price: click the Purchase tab + settle
    5      125.7    1.6%  get_price: read row 1 before the search
    6      309.9    4.0%  get_price: click favourite slot 3
    7       93.5    1.2%  get_price: confirm the sort
    8      461.7    6.0%  get_price: poll row 1 until it answers (3 read(s))
    9     2696.8   35.0%  get_price: search the favourite and read row 1
   10      313.3    4.1%  select inventory tab 4
   11      103.9    1.3%  read the balance before buying
   12      362.7    4.7%  click the row at (500, 258)
   13      312.5    4.1%  click Buy at (828, 258)
   14       95.6    1.2%  await the Purchase dialog
   15      301.1    3.9%  read the dialog (item, price, qty, qty_max)
   16       88.8    1.2%  find the Buy button
   17      313.7    4.1%  click Buy
   18      250.8    3.3%  park
   19       97.0    1.3%  confirm the dialog is gone
   20       96.0    1.2%  read the balance after buying
          7704.2  100.0%  TOTAL
    tab 4 slot (1, 1) is held for 'Chaos Core'; it frees when something is listed from it
  the Chaos Core landed in tab 4 slot (1, 1)
TASK {"kind": "resupply", "core": "Chaos Core", "slot": 3, "tab": 4, "landing": [1, 1], "step": "list", "holding": "Chaos Core", "qty": 1, "special": true}
  inventory slot (1,1) at (1475, 236)
    read: current min 745,053, price field 745,053, net sales 745,053, week average 718,532, listed at unread
    the lowest listed price is 745,053, from the row and 2 more
    market 745,053, typing 744,393, 660 under the market
    net sales 744,393 is 1 x 744,393
  typed 250; the net sales make it 1
    the panel holds 744,393 against the 744,393 typed
  tab 4 read in 25 ms after the listing: 0 slot(s) held

  list 1 at 744,393
    #         ms   share  step
    1       18.9    0.3%  read the panel before loading
    2      814.8   14.7%  ctrl-click (1,1) attempt 1
    3      601.5   10.9%  read the suggested price
    4     1447.9   26.2%  type the price 744,393
    5      947.0   17.1%  type the quantity 250
    6      311.4    5.6%  take the quantity from the net sales
    7       95.3    1.7%  read the price back before Register
    8      315.5    5.7%  click Register
    9       97.7    1.8%  find Confirmation
   10       19.3    0.3%  look for the underprice question
   11      312.2    5.6%  click Confirmation
   12      251.1    4.5%  park
   13      255.7    4.6%  confirm the dialog is gone
   14       17.9    0.3%  wait for the panel to let the item go
   15       25.3    0.5%  read tab 4 after the listing
          5531.4  100.0%  TOTAL
  listed 1 at 744,393; it lands in row 9
  the Chaos Core special row is listed at 744,393 in row 9
DONE {"kind": "resupply", "core": "Chaos Core", "bought": 1, "listed": 1, "rows": [9], "special": true}
  tab 4 known from the last listing: 0 slot(s) held
  row 10: 'Upgrade Core (Ultimate' x20 at 536,695 -> tab 4 slot (1, 1)
    floor 469,773 (469,773 x 1) from what it cost; listed at 536,695, above it
TASK {"kind": "relist", "row": 10, "item": "Upgrade Core (Ultimate", "qty": 20, "price": 536695, "tab": 4, "slot": [1, 1], "lands_in": 10}
  inventory slot (1,1) at (1475, 236)
    read: current min 536,687, price field 536,687, net sales 536,687, week average 472,513, listed at 536,695
    the lowest listed price is 536,687, from the row and 3 more
    market 536,687, typing 536,686, 1 under the market
    net sales 10,733,720 is 20 x 536,686
  typed 250; the net sales make it 20
    the panel holds 536,686 against the 536,686 typed
  tab 4 read in 20 ms after the listing: 0 slot(s) held

  list 20 at 536,686
    #         ms   share  step
    1       20.8    0.4%  read the panel before loading
    2       19.0    0.3%  wait for slot (1,1) to fill
    3      816.5   14.8%  ctrl-click (1,1) attempt 1
    4      591.0   10.7%  read the suggested price
    5     1445.2   26.2%  type the price 536,686
    6      948.6   17.2%  type the quantity 250
    7      308.1    5.6%  take the quantity from the net sales
    8       98.0    1.8%  read the price back before Register
    9      310.1    5.6%  click Register
   10       97.2    1.8%  find Confirmation
   11       19.3    0.4%  look for the underprice question
   12      307.9    5.6%  click Confirmation
   13      250.8    4.5%  park
   14      245.0    4.4%  confirm the dialog is gone
   15       16.3    0.3%  wait for the panel to let the item go
   16       19.5    0.4%  read tab 4 after the listing
          5513.2  100.0%  TOTAL
  listed 20 at 536,686; it lands in row 10
DONE {"kind": "relist", "row": 10, "lands_in": 10, "qty": 20, "price": 536686, "item": "Upgrade Core (Ultimate"}
    relisted 20 at 536,686 in row 10
  tab 4 known from the last listing: 0 slot(s) held
  row 11: 'Force Core(Highest' x250 at 195,487 -> tab 4 slot (1, 1)
    floor 195,487 (195,487 x 1) from Force Core Set (Highest) as last bought; listed at 195,487, above it
TASK {"kind": "relist", "row": 11, "item": "Force Core(Highest", "qty": 250, "price": 195487, "tab": 4, "slot": [1, 1], "lands_in": 11}
  inventory slot (1,1) at (1475, 236)
    read: current min 195,482, price field 195,482, net sales 195,482, week average 210,472, listed at 195,487
    the lowest listed price is 195,482, from the row and 3 more
    market 195,481 is under the 195,487 floor (a Force Core Set (Highest) as last bought costs 195,487); listing at the floor
    market 195,482, typing 195,487, 5 over the market
    net sales 48,871,750 is 250 x 195,487
  typed 250; the net sales make it 250
    the panel holds 195,487 against the 195,487 typed
  tab 4 read in 23 ms after the listing: 0 slot(s) held

  list 250 at 195,487
    #         ms   share  step
    1       20.1    0.4%  read the panel before loading
    2       16.3    0.3%  wait for slot (1,1) to fill
    3      808.0   14.8%  ctrl-click (1,1) attempt 1
    4      575.2   10.5%  read the suggested price
    5     1440.4   26.4%  type the price 195,487
    6      948.1   17.4%  type the quantity 250
    7      306.5    5.6%  take the quantity from the net sales
    8       92.8    1.7%  read the price back before Register
    9      314.0    5.7%  click Register
   10       92.5    1.7%  find Confirmation
   11       19.2    0.4%  look for the underprice question
   12      307.7    5.6%  click Confirmation
   13      251.0    4.6%  park
   14      232.5    4.3%  confirm the dialog is gone
   15       17.2    0.3%  wait for the panel to let the item go
   16       22.6    0.4%  read tab 4 after the listing
          5464.1  100.0%  TOTAL
  listed 250 at 195,487; it lands in row 11
DONE {"kind": "relist", "row": 11, "lands_in": 11, "qty": 250, "price": 195487, "item": "Force Core(Highest"}
    relisted 250 at 195,487 in row 11, 5 relist(s) on the floor now
  tab 4 known from the last listing: 0 slot(s) held
  row 12: 'Force Core(Highest' x136 at 195,487 -> tab 4 slot (1, 1)
    floor 195,487 (195,487 x 1) from Force Core Set (Highest) as last bought; listed at 195,487, above it
TASK {"kind": "relist", "row": 12, "item": "Force Core(Highest", "qty": 136, "price": 195487, "tab": 4, "slot": [1, 1], "lands_in": 12}
  inventory slot (1,1) at (1475, 236)
    read: current min 195,482, price field 195,482, net sales 195,482, week average 210,472, listed at 195,487
    the lowest listed price is 195,482, from the row and 3 more
    market 195,481 is under the 195,487 floor (a Force Core Set (Highest) as last bought costs 195,487); listing at the floor
    market 195,482, typing 195,487, 5 over the market
    net sales 26,586,232 is 136 x 195,487
  typed 250; the net sales make it 136
    the panel holds 195,487 against the 195,487 typed
  tab 4 read in 24 ms after the listing: 0 slot(s) held

  list 136 at 195,487
    #         ms   share  step
    1       21.5    0.4%  read the panel before loading
    2       18.8    0.3%  wait for slot (1,1) to fill
    3      807.1   14.7%  ctrl-click (1,1) attempt 1
    4      592.7   10.8%  read the suggested price
    5     1439.7   26.3%  type the price 195,487
    6      945.8   17.3%  type the quantity 250
    7      310.8    5.7%  take the quantity from the net sales
    8       92.2    1.7%  read the price back before Register
    9      307.4    5.6%  click Register
   10       91.3    1.7%  find Confirmation
   11       17.0    0.3%  look for the underprice question
   12      303.7    5.5%  click Confirmation
   13      251.0    4.6%  park
   14      240.7    4.4%  confirm the dialog is gone
   15       19.0    0.3%  wait for the panel to let the item go
   16       23.6    0.4%  read tab 4 after the listing
          5482.4  100.0%  TOTAL
  listed 136 at 195,487; it lands in row 12
DONE {"kind": "relist", "row": 12, "lands_in": 12, "qty": 136, "price": 195487, "item": "Force Core(Highest"}
    relisted 136 at 195,487 in row 12, 5 relist(s) on the floor now
    the quantity column read 'il', which holds no digits, so it is the end of the name and not a count; reading the row as 'Palladium Headpiece(BL) il' and letting the panel count what is there
  tab 4 known from the last listing: 0 slot(s) held
  row 13: 'Palladium Headpiece(BL) (anal (anal' x1 at 2,399,997 -> tab 4 slot (1, 1)
    the quantity column read 'il', which holds no digits, so it is the end of the name and not a count; reading the row as 'Palladium Headpiece(BL) il' and letting the panel count what is there
    no floor for 'Palladium Headpiece(BL) (anal (anal'
TASK {"kind": "relist", "row": 13, "item": "Palladium Headpiece(BL) (anal (anal", "qty": 1, "price": 2399997, "tab": 4, "slot": [1, 1], "lands_in": 13}
  inventory slot (1,1) at (1475, 236)
    read: current min 2,399,998, price field 2,399,998, net sales 2,399,998, week average 3,094,690, listed at 2,399,997
    the lowest listed price is 2,399,998, from the row and 3 more
    market 2,399,998, typing 2,399,997, 1 under the market
    net sales 2,399,997 is 1 x 2,399,997
  typed 250; the net sales make it 1
    the panel holds 2,399,997 against the 2,399,997 typed
  tab 4 read in 20 ms after the listing: 0 slot(s) held

  list 1 at 2,399,997
    #         ms   share  step
    1       20.4    0.4%  read the panel before loading
    2       16.3    0.3%  wait for slot (1,1) to fill
    3      811.3   14.6%  ctrl-click (1,1) attempt 1
    4      593.1   10.7%  read the suggested price
    5     1515.3   27.3%  type the price 2,399,997
    6      946.3   17.0%  type the quantity 250
    7      310.5    5.6%  take the quantity from the net sales
    8       96.8    1.7%  read the price back before Register
    9      309.8    5.6%  click Register
   10       94.7    1.7%  find Confirmation
   11       17.7    0.3%  look for the underprice question
   12      308.2    5.5%  click Confirmation
   13      251.1    4.5%  park
   14      228.8    4.1%  confirm the dialog is gone
   15       16.5    0.3%  wait for the panel to let the item go
   16       20.1    0.4%  read tab 4 after the listing
          5556.8  100.0%  TOTAL
  listed 1 at 2,399,997; it lands in row 13
DONE {"kind": "relist", "row": 13, "lands_in": 13, "qty": 1, "price": 2399997, "item": "Palladium Headpiece(BL) (anal (anal"}
    relisted 1 at 2,399,997 in row 13
    the quantity column read 'il', which holds no digits, so it is the end of the name and not a count; reading the row as 'Palladium Headgear(FB) il' and letting the panel count what is there
  tab 4 known from the last listing: 0 slot(s) held
  row 14: 'Palladium Headgear(FB) Lalla' x1 at 988,999 -> tab 4 slot (1, 1)
    the quantity column read 'il', which holds no digits, so it is the end of the name and not a count; reading the row as 'Palladium Headgear(FB) il' and letting the panel count what is there
    no floor for 'Palladium Headgear(FB) Lalla'
TASK {"kind": "relist", "row": 14, "item": "Palladium Headgear(FB) Lalla", "qty": 1, "price": 988999, "tab": 4, "slot": [1, 1], "lands_in": 14}
  inventory slot (1,1) at (1475, 236)
    read: current min 989,000, price field 989,000, net sales 989,000, week average 1,065,959, listed at 988,999
    the lowest listed price is 989,000, from the row and 3 more
    market 989,000, typing 988,999, 1 under the market
    net sales 988,999 is 1 x 988,999
  typed 250; the net sales make it 1
    the panel holds 988,999 against the 988,999 typed
  tab 4 read in 21 ms after the listing: 0 slot(s) held

  list 1 at 988,999
    #         ms   share  step
    1       17.6    0.3%  read the panel before loading
    2       20.9    0.4%  wait for slot (1,1) to fill
    3      815.2   14.6%  ctrl-click (1,1) attempt 1
    4      655.0   11.8%  read the suggested price
    5     1443.7   25.9%  type the price 988,999
    6      953.4   17.1%  type the quantity 250
    7      303.3    5.4%  take the quantity from the net sales
    8       96.1    1.7%  read the price back before Register
    9      315.5    5.7%  click Register
   10       92.1    1.7%  find Confirmation
   11       16.3    0.3%  look for the underprice question
   12      308.0    5.5%  click Confirmation
   13      250.7    4.5%  park
   14      243.6    4.4%  confirm the dialog is gone
   15       18.2    0.3%  wait for the panel to let the item go
   16       20.7    0.4%  read tab 4 after the listing
          5570.2  100.0%  TOTAL
  listed 1 at 988,999; it lands in row 14
DONE {"kind": "relist", "row": 14, "lands_in": 14, "qty": 1, "price": 988999, "item": "Palladium Headgear(FB) Lalla"}
    relisted 1 at 988,999 in row 14
    the quantity column read 'il', which holds no digits, so it is the end of the name and not a count; reading the row as 'Palladium Headgear(FA) il' and letting the panel count what is there
  tab 4 known from the last listing: 0 slot(s) held
  row 15: 'Palladium Headgear(FA) (anal (anal' x1 at 9,900,000 -> tab 4 slot (1, 1)
    the quantity column read 'il', which holds no digits, so it is the end of the name and not a count; reading the row as 'Palladium Headgear(FA) il' and letting the panel count what is there
    no floor for 'Palladium Headgear(FA) (anal (anal'
TASK {"kind": "relist", "row": 15, "item": "Palladium Headgear(FA) (anal (anal", "qty": 1, "price": 9900000, "tab": 4, "slot": [1, 1], "lands_in": 15}
  inventory slot (1,1) at (1475, 236)
    read: current min 3,224,985, price field 3,224,985, net sales 3,224,985, week average 3,309,683, listed at 9,900,000
    the lowest listed price is 3,224,985, from the row and 3 more
    the market asks 3,224,984, 6,675,016 under our 9,900,000; holding at 9,890,000, the most this row may fall in one relist
    market 3,224,985, typing 9,890,000, 6,665,015 over the market
    net sales 9,890,000 is 1 x 9,890,000
  typed 250; the net sales make it 1
    the panel holds 9,890,000 against the 9,890,000 typed
  tab 4 read in 21 ms after the listing: 0 slot(s) held

  list 1 at 9,890,000
    #         ms   share  step
    1       20.4    0.4%  read the panel before loading
    2       19.3    0.3%  wait for slot (1,1) to fill
    3      811.5   14.6%  ctrl-click (1,1) attempt 1
    4      588.9   10.6%  read the suggested price
    5     1518.1   27.3%  type the price 9,890,000
    6      947.3   17.0%  type the quantity 250
    7      304.5    5.5%  take the quantity from the net sales
    8       92.1    1.7%  read the price back before Register
    9      311.8    5.6%  click Register
   10       91.9    1.7%  find Confirmation
   11       17.3    0.3%  look for the underprice question
   12      308.4    5.6%  click Confirmation
   13      250.9    4.5%  park
   14      237.0    4.3%  confirm the dialog is gone
   15       15.8    0.3%  wait for the panel to let the item go
   16       20.6    0.4%  read tab 4 after the listing
          5556.2  100.0%  TOTAL
  listed 1 at 9,890,000; it lands in row 15
DONE {"kind": "relist", "row": 15, "lands_in": 15, "qty": 1, "price": 9890000, "item": "Palladium Headgear(FA) (anal (anal"}
    relisted 1 at 9,890,000 in row 15
    the quantity column read 'il', which holds no digits, so it is the end of the name and not a count; reading the row as 'Palladium Boots(FA) il' and letting the panel count what is there
  tab 4 known from the last listing: 0 slot(s) held
  row 16: 'Palladium Boots(FA) Lalla' x2 at 1,299,999 -> tab 4 slot (1, 1)
    the quantity column read 'il', which holds no digits, so it is the end of the name and not a count; reading the row as 'Palladium Boots(FA) il' and letting the panel count what is there
    no floor for 'Palladium Boots(FA) Lalla'
TASK {"kind": "relist", "row": 16, "item": "Palladium Boots(FA) Lalla", "qty": 2, "price": 1299999, "tab": 4, "slot": [1, 1], "lands_in": 16}
  inventory slot (1,1) at (1475, 236)
    read: current min 1,299,999, price field 1,299,999, net sales 1,299,999, week average 1,593,780, listed at 1,299,999
    the lowest listed price is 1,299,999, from the row and 3 more
    market 1,299,999, typing 1,299,998, 1 under the market
    net sales 2,599,996 is 2 x 1,299,998
  typed 250; the net sales make it 2
    the panel holds 1,299,998 against the 1,299,998 typed
  tab 4 read in 24 ms after the listing: 0 slot(s) held

  list 2 at 1,299,998
    #         ms   share  step
    1       21.9    0.4%  read the panel before loading
    2       17.1    0.3%  wait for slot (1,1) to fill
    3      814.4   14.3%  ctrl-click (1,1) attempt 1
    4      665.5   11.7%  read the suggested price
    5     1518.6   26.7%  type the price 1,299,998
    6      947.9   16.7%  type the quantity 250
    7      310.3    5.5%  take the quantity from the net sales
    8       94.4    1.7%  read the price back before Register
    9      314.8    5.5%  click Register
   10       96.4    1.7%  find Confirmation
   11       20.3    0.4%  look for the underprice question
   12      312.0    5.5%  click Confirmation
   13      250.9    4.4%  park
   14      250.0    4.4%  confirm the dialog is gone
   15       20.8    0.4%  wait for the panel to let the item go
   16       24.2    0.4%  read tab 4 after the listing
          5679.6  100.0%  TOTAL
  listed 2 at 1,299,998; it lands in row 16
DONE {"kind": "relist", "row": 16, "lands_in": 16, "qty": 2, "price": 1299998, "item": "Palladium Boots(FA) Lalla"}
    relisted 2 at 1,299,998 in row 16
    the quantity column read 'il', which holds no digits, so it is the end of the name and not a count; reading the row as 'Palladium Shoes(W1) il' and letting the panel count what is there
  tab 4 known from the last listing: 0 slot(s) held
  row 17: 'Palladium Shoes(W1) Lalla' x2 at 749,998 -> tab 4 slot (1, 1)
    the quantity column read 'il', which holds no digits, so it is the end of the name and not a count; reading the row as 'Palladium Shoes(W1) il' and letting the panel count what is there
    no floor for 'Palladium Shoes(W1) Lalla'
TASK {"kind": "relist", "row": 17, "item": "Palladium Shoes(W1) Lalla", "qty": 2, "price": 749998, "tab": 4, "slot": [1, 1], "lands_in": 17}
  inventory slot (1,1) at (1475, 236)
    read: current min 749,999, price field 749,999, net sales 749,999, week average 702,777, listed at 749,998
    the lowest listed price is 749,999, from the row and 3 more
    market 749,999, typing 749,998, 1 under the market
    net sales 1,499,996 is 2 x 749,998
  typed 250; the net sales make it 2
    the panel holds 749,998 against the 749,998 typed
  tab 4 read in 23 ms after the listing: 0 slot(s) held

  list 2 at 749,998
    #         ms   share  step
    1       17.7    0.3%  read the panel before loading
    2       21.1    0.4%  wait for slot (1,1) to fill
    3      816.0   14.7%  ctrl-click (1,1) attempt 1
    4      593.8   10.7%  read the suggested price
    5     1451.0   26.1%  type the price 749,998
    6      948.6   17.1%  type the quantity 250
    7      313.9    5.7%  take the quantity from the net sales
    8      102.2    1.8%  read the price back before Register
    9      316.6    5.7%  click Register
   10       98.1    1.8%  find Confirmation
   11       19.3    0.3%  look for the underprice question
   12      311.4    5.6%  click Confirmation
   13      251.0    4.5%  park
   14      245.7    4.4%  confirm the dialog is gone
   15       22.2    0.4%  wait for the panel to let the item go
   16       23.3    0.4%  read tab 4 after the listing
          5551.8  100.0%  TOTAL
  listed 2 at 749,998; it lands in row 17
DONE {"kind": "relist", "row": 17, "lands_in": 17, "qty": 2, "price": 749998, "item": "Palladium Shoes(W1) Lalla"}
    relisted 2 at 749,998 in row 17
    the quantity column read 'il', which holds no digits, so it is the end of the name and not a count; reading the row as 'Palladium Coat (FG) il' and letting the panel count what is there
  tab 4 known from the last listing: 0 slot(s) held
  row 18: 'Palladium Coat (FG) Lalla' x1 at 999,997 -> tab 4 slot (1, 1)
    the quantity column read 'il', which holds no digits, so it is the end of the name and not a count; reading the row as 'Palladium Coat (FG) il' and letting the panel count what is there
    no floor for 'Palladium Coat (FG) Lalla'
TASK {"kind": "relist", "row": 18, "item": "Palladium Coat (FG) Lalla", "qty": 1, "price": 999997, "tab": 4, "slot": [1, 1], "lands_in": 18}
  inventory slot (1,1) at (1475, 236)
    read: current min 999,998, price field 999,998, net sales 999,998, week average 2,344,358, listed at 999,997
    the lowest listed price is 999,998, from the row and 3 more
    market 999,998, typing 999,997, 1 under the market
    net sales 999,997 is 1 x 999,997
  typed 250; the net sales make it 1
    the panel holds 999,997 against the 999,997 typed
    the game asks again because 999,997 is at least 25% under its average for this item; accepting
  tab 4 read in 26 ms after the listing: 0 slot(s) held

  list 1 at 999,997
    #         ms   share  step
    1       19.1    0.3%  read the panel before loading
    2       17.3    0.3%  wait for slot (1,1) to fill
    3      816.7   12.0%  ctrl-click (1,1) attempt 1
    4      592.1    8.7%  read the suggested price
    5     1448.6   21.2%  type the price 999,997
    6      948.2   13.9%  type the quantity 250
    7      300.7    4.4%  take the quantity from the net sales
    8       96.6    1.4%  read the price back before Register
    9      315.3    4.6%  click Register
   10       97.5    1.4%  find Confirmation
   11      137.9    2.0%  look for the underprice question
   12      320.5    4.7%  click Confirmation on the question
   13       23.6    0.3%  wait for the question to go
   14      750.8   11.0%  park before the dialog takes another click at the same point
   15       92.1    1.4%  find Confirmation on the real dialog
   16      308.9    4.5%  click Confirmation
   17      250.8    3.7%  park
   18      235.4    3.5%  confirm the dialog is gone
   19       19.4    0.3%  wait for the panel to let the item go
   20       25.5    0.4%  read tab 4 after the listing
          6817.0  100.0%  TOTAL
  listed 1 at 999,997; it lands in row 18
DONE {"kind": "relist", "row": 18, "lands_in": 18, "qty": 1, "price": 999997, "item": "Palladium Coat (FG) Lalla"}
    relisted 1 at 999,997 in row 18
  tab 4 known from the last listing: 0 slot(s) held
  row 19: 'Chaos Core Set X 291' x1 at 218,168,810 -> tab 4 slot (1, 1)
    floor 214,753,635 (737,985 x 291) from Chaos Core as last bought; listed at 218,168,810, above it
TASK {"kind": "relist", "row": 19, "item": "Chaos Core Set X 291", "qty": 1, "price": 218168810, "tab": 4, "slot": [1, 1], "lands_in": 19}
  inventory slot (1,1) at (1475, 236)
    read: current min 218,166,483, price field 218,166,483, net sales 218,166,483, week average 212,375,292, listed at 218,168,810
    the lowest listed price is 218,166,483, from the row and 3 more
    market 218,166,483, typing 218,166,482, 1 under the market
    net sales 218,166,482 is 1 x 218,166,482
  typed 250; the net sales make it 1
    the panel holds 218,166,482 against the 218,166,482 typed
  tab 4 read in 25 ms after the listing: 0 slot(s) held

  list 1 at 218,166,482
    #         ms   share  step
    1       23.7    0.4%  read the panel before loading
    2       18.0    0.3%  wait for slot (1,1) to fill
    3      813.0   14.1%  ctrl-click (1,1) attempt 1
    4      604.7   10.5%  read the suggested price
    5     1661.6   28.8%  type the price 218,166,482
    6      946.3   16.4%  type the quantity 250
    7      318.5    5.5%  take the quantity from the net sales
    8       95.8    1.7%  read the price back before Register
    9      315.1    5.5%  click Register
   10      100.4    1.7%  find Confirmation
   11       20.4    0.4%  look for the underprice question
   12      312.0    5.4%  click Confirmation
   13      250.9    4.4%  park
   14      240.0    4.2%  confirm the dialog is gone
   15       17.6    0.3%  wait for the panel to let the item go
   16       24.9    0.4%  read tab 4 after the listing
          5762.8  100.0%  TOTAL
  listed 1 at 218,166,482; it lands in row 19
DONE {"kind": "relist", "row": 19, "lands_in": 19, "qty": 1, "price": 218166482, "item": "Chaos Core Set X 291"}
    relisted 1 at 218,166,482 in row 19
  tab 4 known from the last listing: 0 slot(s) held
  row 20: 'Force Core (Ultimate' x56 at 383,816 -> tab 4 slot (1, 1)
    floor 374,843 (374,843 x 1) from what it cost; listed at 383,816, above it
TASK {"kind": "relist", "row": 20, "item": "Force Core (Ultimate", "qty": 56, "price": 383816, "tab": 4, "slot": [1, 1], "lands_in": 20}
  inventory slot (1,1) at (1475, 236)
    read: current min 383,812, price field 383,812, net sales 383,812, week average 407,170, listed at 383,816
    the lowest listed price is 383,812, from the row and 3 more
    market 383,812, typing 383,811, 1 under the market
    net sales 21,493,416 is 56 x 383,811
  typed 250; the net sales make it 56
    the panel holds 383,811 against the 383,811 typed
  tab 4 read in 21 ms after the listing: 0 slot(s) held

  list 56 at 383,811
    #         ms   share  step
    1       19.9    0.4%  read the panel before loading
    2       18.5    0.3%  wait for slot (1,1) to fill
    3      811.6   14.7%  ctrl-click (1,1) attempt 1
    4      584.5   10.6%  read the suggested price
    5     1450.6   26.3%  type the price 383,811
    6      948.0   17.2%  type the quantity 250
    7      309.6    5.6%  take the quantity from the net sales
    8       91.3    1.7%  read the price back before Register
    9      310.0    5.6%  click Register
   10      100.1    1.8%  find Confirmation
   11       20.2    0.4%  look for the underprice question
   12      311.8    5.7%  click Confirmation
   13      251.1    4.6%  park
   14      240.2    4.4%  confirm the dialog is gone
   15       17.9    0.3%  wait for the panel to let the item go
   16       20.5    0.4%  read tab 4 after the listing
          5506.0  100.0%  TOTAL
  listed 56 at 383,811; it lands in row 20
DONE {"kind": "relist", "row": 20, "lands_in": 20, "qty": 56, "price": 383811, "item": "Force Core (Ultimate"}
    relisted 56 at 383,811 in row 20
  tab 4 known from the last listing: 0 slot(s) held
  row 21: 'Chaos Core Set X 249' x1 at 186,680,279 -> tab 4 slot (1, 1)
    floor 183,758,265 (737,985 x 249) from Chaos Core as last bought; listed at 186,680,279, above it
TASK {"kind": "relist", "row": 21, "item": "Chaos Core Set X 249", "qty": 1, "price": 186680279, "tab": 4, "slot": [1, 1], "lands_in": 21}
  inventory slot (1,1) at (1475, 236)
    read: current min 186,678,288, price field 186,678,288, net sales 186,678,288, week average 181,723,188, listed at 186,680,279
    the lowest listed price is 186,678,288, from the row and 3 more
    market 186,678,288, typing 186,678,287, 1 under the market
    net sales 186,678,287 is 1 x 186,678,287
  typed 250; the net sales make it 1
    the panel holds 186,678,287 against the 186,678,287 typed
  tab 4 read in 20 ms after the listing: 0 slot(s) held

  list 1 at 186,678,287
    #         ms   share  step
    1       20.4    0.4%  read the panel before loading
    2       17.4    0.3%  wait for slot (1,1) to fill
    3      813.0   14.2%  ctrl-click (1,1) attempt 1
    4      597.3   10.4%  read the suggested price
    5     1661.6   28.9%  type the price 186,678,287
    6      944.9   16.5%  type the quantity 250
    7      310.3    5.4%  take the quantity from the net sales
    8      100.6    1.8%  read the price back before Register
    9      315.0    5.5%  click Register
   10      101.0    1.8%  find Confirmation
   11       21.0    0.4%  look for the underprice question
   12      311.9    5.4%  click Confirmation
   13      250.8    4.4%  park
   14      236.7    4.1%  confirm the dialog is gone
   15       19.3    0.3%  wait for the panel to let the item go
   16       20.3    0.4%  read tab 4 after the listing
          5741.7  100.0%  TOTAL
  listed 1 at 186,678,287; it lands in row 21
DONE {"kind": "relist", "row": 21, "lands_in": 21, "qty": 1, "price": 186678287, "item": "Chaos Core Set X 249"}
    relisted 1 at 186,678,287 in row 21
  tab 4 known from the last listing: 0 slot(s) held
  row 22: 'Chaos Core Set X 267' x1 at 200,174,972 -> tab 4 slot (1, 1)
    floor 197,041,995 (737,985 x 267) from Chaos Core as last bought; listed at 200,174,972, above it
TASK {"kind": "relist", "row": 22, "item": "Chaos Core Set X 267", "qty": 1, "price": 200174972, "tab": 4, "slot": [1, 1], "lands_in": 22}
  inventory slot (1,1) at (1475, 236)
    read: current min 200,172,837, price field 200,172,837, net sales 200,172,837, week average 194,859,804, listed at 200,174,972
    the lowest listed price is 200,172,837, from the row and 3 more
    market 200,172,837, typing 200,172,836, 1 under the market
    net sales 200,172,836 is 1 x 200,172,836
  typed 250; the net sales make it 1
    the panel holds 200,172,836 against the 200,172,836 typed
  tab 4 read in 20 ms after the listing: 0 slot(s) held

  list 1 at 200,172,836
    #         ms   share  step
    1       18.1    0.3%  read the panel before loading
    2       16.5    0.3%  wait for slot (1,1) to fill
    3      812.5   14.2%  ctrl-click (1,1) attempt 1
    4      600.7   10.5%  read the suggested price
    5     1662.4   29.1%  type the price 200,172,836
    6      944.7   16.5%  type the quantity 250
    7      311.4    5.4%  take the quantity from the net sales
    8       95.4    1.7%  read the price back before Register
    9      314.3    5.5%  click Register
   10       94.1    1.6%  find Confirmation
   11       19.0    0.3%  look for the underprice question
   12      307.9    5.4%  click Confirmation
   13      250.8    4.4%  park
   14      237.2    4.1%  confirm the dialog is gone
   15       16.2    0.3%  wait for the panel to let the item go
   16       20.2    0.4%  read tab 4 after the listing
          5721.6  100.0%  TOTAL
  listed 1 at 200,172,836; it lands in row 22
DONE {"kind": "relist", "row": 22, "lands_in": 22, "qty": 1, "price": 200172836, "item": "Chaos Core Set X 267"}
    relisted 1 at 200,172,836 in row 22
  tab 4 known from the last listing: 0 slot(s) held
  row 23: 'Upgrade Core (Ultimate' x54 at 536,692 -> tab 4 slot (1, 1)
    floor 469,773 (469,773 x 1) from Upgrade Core Set (Ultimate) as last bought; listed at 536,692, above it
TASK {"kind": "relist", "row": 23, "item": "Upgrade Core (Ultimate", "qty": 54, "price": 536692, "tab": 4, "slot": [1, 1], "lands_in": 23}
  inventory slot (1,1) at (1475, 236)
    read: current min 536,683, price field 536,683, net sales 536,683, week average 472,513, listed at 536,692
    the lowest listed price is 536,683, from the row and 3 more
    market 536,683, typing 536,682, 1 under the market
    net sales 28,980,828 is 54 x 536,682
  typed 250; the net sales make it 54
    the panel holds 536,682 against the 536,682 typed
  tab 4 read in 24 ms after the listing: 0 slot(s) held

  list 54 at 536,682
    #         ms   share  step
    1       19.1    0.3%  read the panel before loading
    2       18.9    0.3%  wait for slot (1,1) to fill
    3      807.1   14.7%  ctrl-click (1,1) attempt 1
    4      580.0   10.6%  read the suggested price
    5     1446.6   26.4%  type the price 536,682
    6      944.2   17.3%  type the quantity 250
    7      308.9    5.6%  take the quantity from the net sales
    8       92.3    1.7%  read the price back before Register
    9      307.2    5.6%  click Register
   10       92.9    1.7%  find Confirmation
   11       17.2    0.3%  look for the underprice question
   12      310.6    5.7%  click Confirmation
   13      250.9    4.6%  park
   14      236.0    4.3%  confirm the dialog is gone
   15       18.0    0.3%  wait for the panel to let the item go
   16       23.8    0.4%  read tab 4 after the listing
          5473.8  100.0%  TOTAL
  listed 54 at 536,682; it lands in row 23
DONE {"kind": "relist", "row": 23, "lands_in": 23, "qty": 54, "price": 536682, "item": "Upgrade Core (Ultimate"}
    relisted 54 at 536,682 in row 23
  tab 4 known from the last listing: 0 slot(s) held
  row 24: 'Chaos Core Set X 252' x1 at 188,928,683 -> tab 4 slot (1, 1)
    floor 185,972,220 (737,985 x 252) from Chaos Core as last bought; listed at 188,928,683, above it
TASK {"kind": "relist", "row": 24, "item": "Chaos Core Set X 252", "qty": 1, "price": 188928683, "tab": 4, "slot": [1, 1], "lands_in": 24}
  inventory slot (1,1) at (1475, 236)
    read: current min 188,926,920, price field 188,926,920, net sales 188,926,920, week average 183,912,624, listed at 188,928,683
    the lowest listed price is 188,926,920, from the row and 3 more
    market 188,926,920, typing 188,926,919, 1 under the market
    net sales 188,926,919 is 1 x 188,926,919
  typed 250; the net sales make it 1
    the panel holds 188,926,919 against the 188,926,919 typed
  tab 4 read in 19 ms after the listing: 0 slot(s) held

  list 1 at 188,926,919
    #         ms   share  step
    1       22.4    0.4%  read the panel before loading
    2       18.0    0.3%  wait for slot (1,1) to fill
    3      816.2   14.2%  ctrl-click (1,1) attempt 1
    4      592.1   10.3%  read the suggested price
    5     1660.1   29.0%  type the price 188,926,919
    6      946.5   16.5%  type the quantity 250
    7      307.2    5.4%  take the quantity from the net sales
    8       94.4    1.6%  read the price back before Register
    9      315.2    5.5%  click Register
   10       93.2    1.6%  find Confirmation
   11       19.6    0.3%  look for the underprice question
   12      308.2    5.4%  click Confirmation
   13      251.1    4.4%  park
   14      246.7    4.3%  confirm the dialog is gone
   15       18.9    0.3%  wait for the panel to let the item go
   16       19.5    0.3%  read tab 4 after the listing
          5729.3  100.0%  TOTAL
  listed 1 at 188,926,919; it lands in row 24
DONE {"kind": "relist", "row": 24, "lands_in": 24, "qty": 1, "price": 188926919, "item": "Chaos Core Set X 252"}
    relisted 1 at 188,926,919 in row 24
  tab 4 known from the last listing: 0 slot(s) held
  row 25: 'Force Core(High' x72 at 184,983 -> tab 4 slot (1, 1)
    floor 176,867 (176,867 x 1) from Force Core Set (High) as last bought; listed at 184,983, above it
TASK {"kind": "relist", "row": 25, "item": "Force Core(High", "qty": 72, "price": 184983, "tab": 4, "slot": [1, 1], "lands_in": 25}
  inventory slot (1,1) at (1475, 236)
    read: current min 184,982, price field 184,982, net sales 184,982, week average 197,296, listed at 184,983
    the lowest listed price is 184,982, from the row and 3 more
    market 184,982, typing 184,981, 1 under the market
    net sales 13,318,632 is 72 x 184,981
  typed 250; the net sales make it 72
    the panel holds 184,981 against the 184,981 typed
  tab 4 read in 22 ms after the listing: 0 slot(s) held

  list 72 at 184,981
    #         ms   share  step
    1       17.8    0.3%  read the panel before loading
    2       19.8    0.4%  wait for slot (1,1) to fill
    3      807.6   14.8%  ctrl-click (1,1) attempt 1
    4      580.2   10.6%  read the suggested price
    5     1439.2   26.3%  type the price 184,981
    6      943.6   17.3%  type the quantity 250
    7      310.2    5.7%  take the quantity from the net sales
    8       89.8    1.6%  read the price back before Register
    9      309.3    5.7%  click Register
   10       93.4    1.7%  find Confirmation
   11       19.7    0.4%  look for the underprice question
   12      306.8    5.6%  click Confirmation
   13      250.7    4.6%  park
   14      235.1    4.3%  confirm the dialog is gone
   15       19.5    0.4%  wait for the panel to let the item go
   16       22.1    0.4%  read tab 4 after the listing
          5464.7  100.0%  TOTAL
  listed 72 at 184,981; it lands in row 25
DONE {"kind": "relist", "row": 25, "lands_in": 25, "qty": 72, "price": 184981, "item": "Force Core(High"}
    relisted 72 at 184,981 in row 25
  tab 4 known from the last listing: 0 slot(s) held
  row 26: 'Force Core(High' x86 at 184,982 -> tab 4 slot (1, 1)
    floor 176,867 (176,867 x 1) from Force Core Set (High) as last bought; listed at 184,982, above it
TASK {"kind": "relist", "row": 26, "item": "Force Core(High", "qty": 86, "price": 184982, "tab": 4, "slot": [1, 1], "lands_in": 26}
  inventory slot (1,1) at (1475, 236)
    read: current min 184,981, price field 184,981, net sales 184,981, week average 197,296, listed at 184,982
    the lowest listed price is 184,981, from the row and 3 more
    market 184,981, typing 184,980, 1 under the market
    net sales 15,908,280 is 86 x 184,980
  typed 250; the net sales make it 86
    the panel holds 184,980 against the 184,980 typed
  tab 4 read in 20 ms after the listing: 0 slot(s) held

  list 86 at 184,980
    #         ms   share  step
    1       17.7    0.3%  read the panel before loading
    2       20.3    0.4%  wait for slot (1,1) to fill
    3      815.0   14.9%  ctrl-click (1,1) attempt 1
    4      576.8   10.5%  read the suggested price
    5     1444.8   26.4%  type the price 184,980
    6      945.4   17.2%  type the quantity 250
    7      307.0    5.6%  take the quantity from the net sales
    8       94.9    1.7%  read the price back before Register
    9      304.8    5.6%  click Register
   10       97.4    1.8%  find Confirmation
   11       18.0    0.3%  look for the underprice question
   12      307.7    5.6%  click Confirmation
   13      250.7    4.6%  park
   14      243.3    4.4%  confirm the dialog is gone
   15       19.4    0.4%  wait for the panel to let the item go
   16       19.9    0.4%  read tab 4 after the listing
          5483.1  100.0%  TOTAL
  listed 86 at 184,980; it lands in row 26
DONE {"kind": "relist", "row": 26, "lands_in": 26, "qty": 86, "price": 184980, "item": "Force Core(High"}
    relisted 86 at 184,980 in row 26
  row 27 is empty; nothing to relist

  relisting rows 1-27: 25 relisted, 2 empty, 0 skipped
    #          ms   share     n      each  phase
    1    96,196.4   43.0%    17   5,658.6  list it back
    2    64,000.7   28.6%    17   3,764.7  cancel the row and take it back
    3    18,949.2    8.5%    18   1,052.7  select inventory tab 4
    4    16,386.6    7.3%    18     910.4  scroll to the row and read it
    5     6,552.9    2.9%    18     364.0  Refresh the table
    6     5,539.1    2.5%     1   5,539.1  list Chaos Core from (1, 1)
    7     5,053.7    2.3%     1   5,053.7  buy 1 Chaos Core
    8     5,051.7    2.3%     1   5,051.7  buy order 1
    9     2,265.9    1.0%     1   2,265.9  select the Register tab
   10     1,542.7    0.7%     1   1,542.7  wait for the Chaos Core to land on tab 4
   11     1,539.3    0.7%     1   1,539.3  read tab 4 before buying
   12       338.8    0.2%     1     338.8  reopen the Agent Shop
   13       313.5    0.1%    17      18.4  check the shop slot is empty
        223,730.3  100.0%

  returning the game to its default state
restoring the default state:
  Escape: window closed
  Inventory already closed
  the gift box at [284, 994]
  Receive All at [1209, 786]
  Receive 1 of 4 at [1214, 327]
  Receive 2 of 4 at [1214, 425]
  Receive 3 of 4 at [1214, 523]
  Receive 4 of 4 at [1214, 621]
  the special giftbox's Receive at [1438, 492]
  Close at [1483, 846]
  took 4 gift(s)
  the Agent Shop is shut and the vendor is not open either; reopening it
  Inventory shut: slot grid 0.09, needs 0.33

  board after pass 6:
                                                   bought/u   listed/u  margin      row price
     1  Blessing Bead - Superior           x1    163,756,817 169,999,997   +3.7%    169,999,997
     2  Armor Account bind Unseal Stone    x1    187,364,780 187,364,780   +0.0%    187,364,780
     3  Armor Account bind Seal Stone      x2    187,364,780 187,364,780   +0.0%    187,364,780
     4  Force Core (Ultimate               x64            -    383,814       -        383,814
     5  Arionell                           x1    281,047,170 300,185,713   +6.4%    300,185,713
     6  Upgrade Core (Ultimate             x15            -    536,688       -        536,688
     7  Force Core (Ultimate               x190           -    383,812       -        383,812
     8  Force Core(Highest                 x166           -    195,487       -        195,487
     9  Chaos Core                         x1       745,053    744,393   -0.1%        744,393
    10  Upgrade Core (Ultimate             x20      469,773    536,686  +12.5%        536,686
    11  Force Core(Highest                 x250           -    195,487       -        195,487
    12  Force Core(Highest                 x136           -    195,487       -        195,487
    13  Palladium Headpiece(BL) (anal (ana x1             -  2,399,997       -      2,399,997
    14  Palladium Headgear(FB) Lalla       x1             -    988,999       -        988,999
    15  Palladium Headgear(FA) (anal (anal x1             -  9,890,000       -      9,890,000
    16  Palladium Boots(FA) Lalla          x2             -  1,299,998       -      1,299,998
    17  Palladium Shoes(W1) Lalla          x2             -    749,998       -        749,998
    18  Palladium Coat (FG) Lalla          x1             -    999,997       -        999,997
    19  Chaos Core Set X 291               x1             -    749,712       -    218,166,482
    20  Force Core (Ultimate               x56      374,843    383,811   +2.3%        383,811
    21  Chaos Core Set X 249               x1             -    749,711       -    186,678,287
    22  Chaos Core Set X 267               x1             -    749,710       -    200,172,836
    23  Upgrade Core (Ultimate             x54            -    536,682       -        536,682
    24  Chaos Core Set X 252               x1             -    749,709       -    188,926,919
    25  Force Core(High                    x72            -    184,981       -        184,981
    26  Force Core(High                    x86            -    184,980       -        184,980
    28  Archridium Suit (DM) Lalla         x1             -  1,685,749       -      1,685,749
    30  Palladium Suit (DM) + 1 Lalla      x1             - 33,000,000       -     33,000,000
    item                               rows   units          listed
    Archridium Suit (DM) Lalla            1       1       1,685,749
    Arionell                              1       1     300,185,713
    Armor Account bind Seal Stone         1       2     374,729,560
    Armor Account bind Unseal Stone       1       1     187,364,780
    Blessing Bead - Superior              1       1     169,999,997
    Chaos Core                            1       1         744,393
    Chaos Core Set                        4   1,059     793,944,524
    Force Core (Ultimate                  3     310     118,981,792
    Force Core(High                       2     158      29,226,912
    Force Core(Highest                    3     552     107,908,824
    Palladium Boots(FA) Lalla             1       2       2,599,996
    Palladium Coat (FG) Lalla             1       1         999,997
    Palladium Headgear(FA) (anal (anal    1       1       9,890,000
    Palladium Headgear(FB) Lalla          1       1         988,999
    Palladium Headpiece(BL) (anal (ana    1       1       2,399,997
    Palladium Shoes(W1) Lalla             1       2       1,499,996
    Palladium Suit (DM) + 1 Lalla         1       1      33,000,000
    Upgrade Core (Ultimate                3      89      47,764,868
    board                                28   2,184   2,183,916,097
    balance now 559,423,209
  pass 6: 25 relisted, 2 empty, 0 skipped; 9963.0 minute(s) left

-- pass 7 --

  resupply order: Chaos Core, Force Core(High), Force Core(Highest), Upgrade Core (Ultimate), Force Core (Ultimate), Armor Account bind Unseal Stone, Armor Account bind Seal Stone, Blessing Bead - Superior

-- Chaos Core Set under our listing: up to 3 row(s) --
  Chaos Core Set 749,709 - Chaos Core 743,000 = 6,709
  ours is listed at 749,709 a Set and a Chaos Core sells at 743,000; buying every Set under 738,000, 5,000 a Set below the lower of the two
  the cheapest Chaos Core Set is 749,709 a Set, not under 738,000; nothing to buy under ours

  counting only rows 1-27; rows outside it are not repriced and do not count; 1 row(s) free
  core                            rows     buy/u    sell/u    margin  wants   short?
  Force Core(Highest)                3         -         -         -      -   holds the most it can want, 3; not priced
  Chaos Core                         4   743,000   749,709     6,709      3   
  Force Core (Ultimate)              3         -         -         -      -   holds the most it can want, 3; not priced
  Force Core(High)                   2   180,000   184,981     4,981      0   
  Upgrade Core (Ultimate)            3         -         -         -      -   holds the most it can want, 3; not priced

  nothing inside rows 1-27 holds fewer rows than its margin is worth.

  Armor Account bind Unseal Stone: 1 row(s) inside 1-27, 1 wanted; row 2 'Armor Account bind Unseal Stone'
    floor 187,364,780: 500/1000 of the 374,729,560 voucher, read at launch

  Armor Account bind Seal Stone: 1 row(s) inside 1-27, 1 wanted; row 3 'Armor Account bind Seal Stone'
    floor 187,364,780: 500/1000 of the 374,729,560 voucher, read at launch

  Blessing Bead - Superior: 1 row(s) inside 1-27, 1 wanted; row 1 'Blessing Bead - Superior'
    floor 163,756,817: 437/1000 of the 374,729,560 voucher, read at launch
    the quantity column read 'Superior', which holds no digits, so it is the end of the name and not a count; reading the row as 'Blessing Bead - Superior' and letting the panel count what is there
    one line read 'serene wbéee 1 169,999,997 OnSale Change'; read as stacked lines it is 'Blessing Bead - Superior 169,999,997 OnSale Change'
  tab 4 read from the screen in 1550 ms: 0 slot(s) held
  row 1: 'Blessing Bead - Superior' x1 at 169,999,997 -> tab 4 slot (1, 1)
    floor 163,756,817 from what it cost; listed at 169,999,997, above it
TASK {"kind": "relist", "row": 1, "item": "Blessing Bead - Superior", "qty": 1, "price": 169999997, "tab": 4, "slot": [1, 1], "lands_in": 1}
  inventory slot (1,1) at (1475, 236)
    read: current min 169,999,998, price field 169,999,998, net sales 169,999,998, week average 189,305,448, listed at 169,999,997
    the lowest listed price is 169,999,998, from the row and 3 more
    market 169,999,998, typing 169,999,997, 1 under the market
    net sales 169,999,997 is 1 x 169,999,997
  typed 250; the net sales make it 1
    the panel holds 169,999,997 against the 169,999,997 typed
  tab 4 read in 25 ms after the listing: 0 slot(s) held

  list 1 at 169,999,997
    #         ms   share  step
    1       17.8    0.3%  read the panel before loading
    2       20.4    0.4%  wait for slot (1,1) to fill
    3      816.8   14.0%  ctrl-click (1,1) attempt 1
    4      671.8   11.5%  read the suggested price
    5     1670.0   28.6%  type the price 169,999,997
    6      947.3   16.2%  type the quantity 250
    7      314.8    5.4%  take the quantity from the net sales
    8       94.3    1.6%  read the price back before Register
    9      315.2    5.4%  click Register
   10       98.3    1.7%  find Confirmation
   11       18.4    0.3%  look for the underprice question
   12      313.1    5.4%  click Confirmation
   13      251.3    4.3%  park
   14      239.8    4.1%  confirm the dialog is gone
   15       16.7    0.3%  wait for the panel to let the item go
   16       24.6    0.4%  read tab 4 after the listing
          5830.6  100.0%  TOTAL
  listed 1 at 169,999,997; it lands in row 1
DONE {"kind": "relist", "row": 1, "lands_in": 1, "qty": 1, "price": 169999997, "item": "Blessing Bead - Superior"}
    relisted 1 at 169,999,997 in row 1
  tab 4 known from the last listing: 0 slot(s) held
  row 2: 'Armor Account bind Unseal Stone' x1 at 187,364,780 -> tab 4 slot (1, 1)
    floor 187,364,780 from what it cost; listed at 187,364,780, above it
TASK {"kind": "relist", "row": 2, "item": "Armor Account bind Unseal Stone", "qty": 1, "price": 187364780, "tab": 4, "slot": [1, 1], "lands_in": 2}
  inventory slot (1,1) at (1475, 236)
    read: current min 187,000,000, price field 187,000,000, net sales 187,000,000, week average 191,433,039, listed at 187,364,780
    the lowest listed price is 187,000,000, from the row and 3 more
    market 186,999,999 is under the 187,364,780 floor (it is worth what it cost); listing at the floor
    market 187,000,000, typing 187,364,780, 364,780 over the market
    net sales 187,364,780 is 1 x 187,364,780
  typed 250; the net sales make it 1
    the panel holds 187,364,780 against the 187,364,780 typed
  tab 4 read in 25 ms after the listing: 0 slot(s) held

  list 1 at 187,364,780
    #         ms   share  step
    1       19.9    0.3%  read the panel before loading
    2       19.8    0.3%  wait for slot (1,1) to fill
    3      822.3   14.3%  ctrl-click (1,1) attempt 1
    4      599.9   10.4%  read the suggested price
    5     1663.1   28.8%  type the price 187,364,780
    6      949.2   16.5%  type the quantity 250
    7      315.5    5.5%  take the quantity from the net sales
    8       96.6    1.7%  read the price back before Register
    9      316.6    5.5%  click Register
   10      100.1    1.7%  find Confirmation
   11       21.4    0.4%  look for the underprice question
   12      311.2    5.4%  click Confirmation
   13      251.1    4.4%  park
   14      239.0    4.1%  confirm the dialog is gone
   15       18.9    0.3%  wait for the panel to let the item go
   16       25.4    0.4%  read tab 4 after the listing
          5770.2  100.0%  TOTAL
  listed 1 at 187,364,780; it lands in row 2
DONE {"kind": "relist", "row": 2, "lands_in": 2, "qty": 1, "price": 187364780, "item": "Armor Account bind Unseal Stone"}
    relisted 1 at 187,364,780 in row 2, 7 relist(s) on the floor now
  tab 4 known from the last listing: 0 slot(s) held
  row 3: 'Armor Account bind Seal Stone' x2 at 187,364,780 -> tab 4 slot (1, 1)
    floor 187,364,780 from what it cost; listed at 187,364,780, above it
TASK {"kind": "relist", "row": 3, "item": "Armor Account bind Seal Stone", "qty": 2, "price": 187364780, "tab": 4, "slot": [1, 1], "lands_in": 3}
  inventory slot (1,1) at (1475, 236)
    read: current min 187,000,000, price field 187,000,000, net sales 187,000,000, week average 189,694,905, listed at 187,364,780
    the lowest listed price is 187,000,000, from the row and 3 more
    market 186,999,999 is under the 187,364,780 floor (it is worth what it cost); listing at the floor
    market 187,000,000, typing 187,364,780, 364,780 over the market
    net sales 374,729,560 is 2 x 187,364,780
  typed 250; the net sales make it 2
    the panel holds 187,364,780 against the 187,364,780 typed
  tab 4 read in 25 ms after the listing: 0 slot(s) held

  list 2 at 187,364,780
    #         ms   share  step
    1       17.6    0.3%  read the panel before loading
    2       21.6    0.4%  wait for slot (1,1) to fill
    3      815.0   14.1%  ctrl-click (1,1) attempt 1
    4      605.6   10.5%  read the suggested price
    5     1663.9   28.8%  type the price 187,364,780
    6      948.1   16.4%  type the quantity 250
    7      317.1    5.5%  take the quantity from the net sales
    8       98.4    1.7%  read the price back before Register
    9      313.4    5.4%  click Register
   10       97.8    1.7%  find Confirmation
   11       19.3    0.3%  look for the underprice question
   12      312.3    5.4%  click Confirmation
   13      251.1    4.3%  park
   14      254.5    4.4%  confirm the dialog is gone
   15       19.5    0.3%  wait for the panel to let the item go
   16       25.4    0.4%  read tab 4 after the listing
          5780.9  100.0%  TOTAL
  listed 2 at 187,364,780; it lands in row 3
DONE {"kind": "relist", "row": 3, "lands_in": 3, "qty": 2, "price": 187364780, "item": "Armor Account bind Seal Stone"}
    relisted 2 at 187,364,780 in row 3, 7 relist(s) on the floor now
  tab 4 known from the last listing: 0 slot(s) held
  row 4: 'Force Core (Ultimate' x64 at 383,814 -> tab 4 slot (1, 1)
    floor 374,843 (374,843 x 1) from Force Core Set (Ultimate) as last bought; listed at 383,814, above it
TASK {"kind": "relist", "row": 4, "item": "Force Core (Ultimate", "qty": 64, "price": 383814, "tab": 4, "slot": [1, 1], "lands_in": 4}
  inventory slot (1,1) at (1475, 236)
    read: current min 383,811, price field 383,811, net sales 383,811, week average 407,170, listed at 383,814
    the lowest listed price is 383,811, from the row and 3 more
    market 383,811, typing 383,810, 1 under the market
    net sales 24,563,840 is 64 x 383,810
  typed 250; the net sales make it 64
    the panel holds 383,810 against the 383,810 typed
  tab 4 read in 22 ms after the listing: 0 slot(s) held

  list 64 at 383,810
    #         ms   share  step
    1       20.9    0.4%  read the panel before loading
    2       20.3    0.4%  wait for slot (1,1) to fill
    3      807.2   14.7%  ctrl-click (1,1) attempt 1
    4      587.9   10.7%  read the suggested price
    5     1438.3   26.1%  type the price 383,810
    6      945.1   17.2%  type the quantity 250
    7      308.3    5.6%  take the quantity from the net sales
    8       96.6    1.8%  read the price back before Register
    9      316.7    5.7%  click Register
   10       95.8    1.7%  find Confirmation
   11       16.2    0.3%  look for the underprice question
   12      308.6    5.6%  click Confirmation
   13      251.2    4.6%  park
   14      254.3    4.6%  confirm the dialog is gone
   15       19.7    0.4%  wait for the panel to let the item go
   16       21.7    0.4%  read tab 4 after the listing
          5508.7  100.0%  TOTAL
  listed 64 at 383,810; it lands in row 4
DONE {"kind": "relist", "row": 4, "lands_in": 4, "qty": 64, "price": 383810, "item": "Force Core (Ultimate"}
    relisted 64 at 383,810 in row 4
  tab 4 known from the last listing: 0 slot(s) held
  row 5: 'Arionell' x1 at 300,185,713 -> tab 4 slot (1, 1)
    floor 281,047,170 from what it cost; listed at 300,185,713, above it
TASK {"kind": "relist", "row": 5, "item": "Arionell", "qty": 1, "price": 300185713, "tab": 4, "slot": [1, 1], "lands_in": 5}
  inventory slot (1,1) at (1475, 236)
    read: current min 260,000,000, price field 260,000,000, net sales 260,000,000, week average 310,004,285, listed at 300,185,713
    the lowest listed price is 260,000,000, from the row and 3 more
    the market asks 259,999,999, 40,185,714 under our 300,185,713; holding at 299,185,713, the most this row may fall in one relist
    market 260,000,000, typing 299,185,713, 39,185,713 over the market
    net sales 299,185,713 is 1 x 299,185,713
  typed 250; the net sales make it 1
    the panel holds 299,185,713 against the 299,185,713 typed
  tab 4 read in 20 ms after the listing: 0 slot(s) held

  list 1 at 299,185,713
    #         ms   share  step
    1       19.3    0.3%  read the panel before loading
    2       16.5    0.3%  wait for slot (1,1) to fill
    3      812.1   14.3%  ctrl-click (1,1) attempt 1
    4      588.2   10.3%  read the suggested price
    5     1658.8   29.1%  type the price 299,185,713
    6      946.1   16.6%  type the quantity 250
    7      308.6    5.4%  take the quantity from the net sales
    8       92.6    1.6%  read the price back before Register
    9      315.1    5.5%  click Register
   10       91.6    1.6%  find Confirmation
   11       16.9    0.3%  look for the underprice question
   12      307.5    5.4%  click Confirmation
   13      251.1    4.4%  park
   14      231.0    4.1%  confirm the dialog is gone
   15       18.4    0.3%  wait for the panel to let the item go
   16       20.5    0.4%  read tab 4 after the listing
          5694.2  100.0%  TOTAL
  listed 1 at 299,185,713; it lands in row 5
DONE {"kind": "relist", "row": 5, "lands_in": 5, "qty": 1, "price": 299185713, "item": "Arionell"}
    relisted 1 at 299,185,713 in row 5
  tab 4 known from the last listing: 0 slot(s) held
  row 6: 'Upgrade Core (Ultimate' x15 at 536,688 -> tab 4 slot (1, 1)
    floor 469,773 (469,773 x 1) from Upgrade Core Set (Ultimate) as last bought; listed at 536,688, above it
TASK {"kind": "relist", "row": 6, "item": "Upgrade Core (Ultimate", "qty": 15, "price": 536688, "tab": 4, "slot": [1, 1], "lands_in": 6}
  inventory slot (1,1) at (1475, 236)
    read: current min 536,682, price field 536,682, net sales 536,682, week average 472,513, listed at 536,688
    the lowest listed price is 536,682, from the row and 3 more
    market 536,682, typing 536,681, 1 under the market
    net sales 8,050,215 is 15 x 536,681
  typed 250; the net sales make it 15
    the panel holds 536,681 against the 536,681 typed
  tab 4 read in 20 ms after the listing: 0 slot(s) held

  list 15 at 536,681
    #         ms   share  step
    1       17.6    0.3%  read the panel before loading
    2       19.5    0.4%  wait for slot (1,1) to fill
    3      815.6   14.9%  ctrl-click (1,1) attempt 1
    4      596.7   10.9%  read the suggested price
    5     1442.0   26.3%  type the price 536,681
    6      944.2   17.2%  type the quantity 250
    7      305.0    5.6%  take the quantity from the net sales
    8       91.5    1.7%  read the price back before Register
    9      312.3    5.7%  click Register
   10       93.8    1.7%  find Confirmation
   11       19.1    0.3%  look for the underprice question
   12      307.4    5.6%  click Confirmation
   13      251.1    4.6%  park
   14      234.7    4.3%  confirm the dialog is gone
   15       20.0    0.4%  wait for the panel to let the item go
   16       19.6    0.4%  read tab 4 after the listing
          5489.9  100.0%  TOTAL
  listed 15 at 536,681; it lands in row 6
DONE {"kind": "relist", "row": 6, "lands_in": 6, "qty": 15, "price": 536681, "item": "Upgrade Core (Ultimate"}
    relisted 15 at 536,681 in row 6
  tab 4 known from the last listing: 0 slot(s) held
  row 7: 'Force Core (Ultimate' x190 at 383,812 -> tab 4 slot (1, 1)
    floor 374,843 (374,843 x 1) from Force Core Set (Ultimate) as last bought; listed at 383,812, above it
TASK {"kind": "relist", "row": 7, "item": "Force Core (Ultimate", "qty": 190, "price": 383812, "tab": 4, "slot": [1, 1], "lands_in": 7}
  inventory slot (1,1) at (1475, 236)
    read: current min 383,810, price field 383,810, net sales 383,810, week average 407,170, listed at 383,812
    the lowest listed price is 383,810, from the row and 3 more
    market 383,810, typing 383,809, 1 under the market
    net sales 72,923,710 is 190 x 383,809
  typed 250; the net sales make it 190
    the panel holds 383,809 against the 383,809 typed
  tab 4 read in 21 ms after the listing: 0 slot(s) held

  list 190 at 383,809
    #         ms   share  step
    1       21.1    0.4%  read the panel before loading
    2       20.0    0.4%  wait for slot (1,1) to fill
    3      807.1   14.7%  ctrl-click (1,1) attempt 1
    4      579.5   10.6%  read the suggested price
    5     1443.2   26.3%  type the price 383,809
    6      943.4   17.2%  type the quantity 250
    7      315.3    5.8%  take the quantity from the net sales
    8       94.4    1.7%  read the price back before Register
    9      309.0    5.6%  click Register
   10       93.7    1.7%  find Confirmation
   11       19.7    0.4%  look for the underprice question
   12      308.3    5.6%  click Confirmation
   13      250.8    4.6%  park
   14      240.0    4.4%  confirm the dialog is gone
   15       16.6    0.3%  wait for the panel to let the item go
   16       21.1    0.4%  read tab 4 after the listing
          5483.3  100.0%  TOTAL
  listed 190 at 383,809; it lands in row 7
DONE {"kind": "relist", "row": 7, "lands_in": 7, "qty": 190, "price": 383809, "item": "Force Core (Ultimate"}
    relisted 190 at 383,809 in row 7
  tab 4 known from the last listing: 0 slot(s) held
  row 8: 'Force Core(Highest' x166 at 195,487 -> tab 4 slot (1, 1)
    floor 195,487 (195,487 x 1) from Force Core Set (Highest) as last bought; listed at 195,487, above it
TASK {"kind": "relist", "row": 8, "item": "Force Core(Highest", "qty": 166, "price": 195487, "tab": 4, "slot": [1, 1], "lands_in": 8}
  inventory slot (1,1) at (1475, 236)
    read: current min 195,482, price field 195,482, net sales 195,482, week average 210,472, listed at 195,487
    the lowest listed price is 195,482, from the row and 3 more
    market 195,481 is under the 195,487 floor (a Force Core Set (Highest) as last bought costs 195,487); listing at the floor
    market 195,482, typing 195,487, 5 over the market
    net sales 32,450,842 is 166 x 195,487
  typed 250; the net sales make it 166
    the panel holds 195,487 against the 195,487 typed
  tab 4 read in 20 ms after the listing: 0 slot(s) held

  list 166 at 195,487
    #         ms   share  step
    1       21.7    0.4%  read the panel before loading
    2       19.8    0.4%  wait for slot (1,1) to fill
    3      808.8   14.8%  ctrl-click (1,1) attempt 1
    4      587.6   10.7%  read the suggested price
    5     1438.8   26.3%  type the price 195,487
    6      947.4   17.3%  type the quantity 250
    7      309.2    5.6%  take the quantity from the net sales
    8       91.6    1.7%  read the price back before Register
    9      308.1    5.6%  click Register
   10       92.8    1.7%  find Confirmation
   11       19.6    0.4%  look for the underprice question
   12      303.8    5.5%  click Confirmation
   13      251.1    4.6%  park
   14      241.7    4.4%  confirm the dialog is gone
   15       16.1    0.3%  wait for the panel to let the item go
   16       20.0    0.4%  read tab 4 after the listing
          5478.1  100.0%  TOTAL
  listed 166 at 195,487; it lands in row 8
DONE {"kind": "relist", "row": 8, "lands_in": 8, "qty": 166, "price": 195487, "item": "Force Core(Highest"}
    relisted 166 at 195,487 in row 8, 5 relist(s) on the floor now
  row 9 has SOLD (fully); collecting
    collected; row 9 is empty, nothing to relist
  the Chaos Core special row sold; buying it back now, not on the next pass

-- Chaos Core special row 1 of 1: 1 at 500 to 700 under the market --
  1 stays behind on every row bought; an order 10 step(s) down with nothing spare takes the row it is on whole, and the next order leaves 1 behind again; each order prices the favourite afresh, then wheels down, up to 30 step(s)
TASK {"kind": "resupply", "core": "Chaos Core", "slot": 3, "tab": 4, "landing": [1, 1], "special": true}
  slot 3: attempt 1/10 timed out after 8s; row 1 reads 'Force Core Set (High) X 1', expected 'Chaos Core'
  slot 3: attempt 2/10 timed out after 8s; row 1 reads 'Force Core Set (High) X 1', expected 'Chaos Core'
  slot 3: attempt 3/10 -- the shop closed mid-search; the row band read 'eo Fe - “a ‘\\'
  row 1 offers 'Chaos Core' x28 at 743,777 (743,777/unit)
    balance before 560,167,602
    row 1 holds 28, 1 stays behind, so at most 27 comes off it
    dialog: '¢ Chaos Core'  qty 1 of 28  price 743777
    1 core(s) wanted, 1 to a pack -> 1 pack(s); 28 available, taking 1
    the quantity field already reads 1; not retyping it
    ordering 1 pack(s) at 743,777; the spend will confirm what actually bought
    balance after  559,423,825; spent 743,777 bought 1 pack(s) = 1 core(s) (743,777 a core)

  buy from favourite slot 3: bought 1 core(s) in 1 order(s)
    #         ms   share  step
    1        0.4    0.0%  get_price: focus the game
    2       98.7    0.2%  get_price: _trade_window_open (OCR 1300x190)
    3      169.1    0.3%  get_price: purchase_tab_showing
    4     1408.3    2.6%  get_price: click the Purchase tab + settle
    5      121.4    0.2%  get_price: read row 1 before the search
    6      310.4    0.6%  get_price: click favourite slot 3
    7     8043.3   15.0%  get_price: poll row 1 until it answers (60 read(s))
    8      128.9    0.2%  get_price: read row 1 before the search
    9      404.3    0.8%  get_price: click favourite slot 3
   10     8067.4   15.1%  get_price: poll row 1 until it answers (59 read(s))
   11      124.2    0.2%  get_price: read row 1 before the search
   12      400.8    0.7%  get_price: click favourite slot 3
   13     1354.7    2.5%  get_price: poll row 1 until it answers (7 read(s))
   14       20.6    0.0%  get_price: read row 1 before the search
   15      308.4    0.6%  get_price: click favourite slot 3
   16       90.6    0.2%  get_price: confirm the sort
   17      371.5    0.7%  get_price: poll row 1 until it answers (10 read(s))
   18    29761.6   55.6%  get_price: search the favourite and read row 1
   19      315.7    0.6%  select inventory tab 4
   20      102.7    0.2%  read the balance before buying
   21      363.3    0.7%  click the row at (500, 258)
   22      317.6    0.6%  click Buy at (828, 258)
   23       94.0    0.2%  await the Purchase dialog
   24      301.4    0.6%  read the dialog (item, price, qty, qty_max)
   25       89.7    0.2%  find the Buy button
   26      316.1    0.6%  click Buy
   27      250.8    0.5%  park
   28       94.7    0.2%  confirm the dialog is gone
   29       94.0    0.2%  read the balance after buying
         53524.6  100.0%  TOTAL
    tab 4 slot (1, 1) is held for 'Chaos Core'; it frees when something is listed from it
  the Chaos Core landed in tab 4 slot (1, 1)
TASK {"kind": "resupply", "core": "Chaos Core", "slot": 3, "tab": 4, "landing": [1, 1], "step": "list", "holding": "Chaos Core", "qty": 1, "special": true}
  inventory slot (1,1) at (1475, 236)
    read: current min 743,777, price field 743,777, net sales 743,777, week average 718,532, listed at unread
    the lowest listed price is 743,777, from the row and 2 more
    market 743,777, typing 743,121, 656 under the market
    net sales 743,121 is 1 x 743,121
  typed 250; the net sales make it 1
    the panel holds 743,121 against the 743,121 typed
  tab 4 read in 27 ms after the listing: 0 slot(s) held

  list 1 at 743,121
    #         ms   share  step
    1       17.2    0.3%  read the panel before loading
    2      813.3   14.8%  ctrl-click (1,1) attempt 1
    3      588.8   10.7%  read the suggested price
    4     1450.0   26.3%  type the price 743,121
    5      953.6   17.3%  type the quantity 250
    6      305.2    5.5%  take the quantity from the net sales
    7       98.2    1.8%  read the price back before Register
    8      314.1    5.7%  click Register
    9      100.3    1.8%  find Confirmation
   10       19.7    0.4%  look for the underprice question
   11      310.6    5.6%  click Confirmation
   12      250.8    4.6%  park
   13      239.7    4.4%  confirm the dialog is gone
   14       20.7    0.4%  wait for the panel to let the item go
   15       26.8    0.5%  read tab 4 after the listing
          5509.1  100.0%  TOTAL
  listed 1 at 743,121; it lands in row 9
  the Chaos Core special row is listed at 743,121 in row 9
DONE {"kind": "resupply", "core": "Chaos Core", "bought": 1, "listed": 1, "rows": [9], "special": true}
  tab 4 known from the last listing: 0 slot(s) held
  row 10: 'Upgrade Core (Ultimate' x20 at 536,686 -> tab 4 slot (1, 1)
    floor 469,773 (469,773 x 1) from what it cost; listed at 536,686, above it
TASK {"kind": "relist", "row": 10, "item": "Upgrade Core (Ultimate", "qty": 20, "price": 536686, "tab": 4, "slot": [1, 1], "lands_in": 10}
  inventory slot (1,1) at (1475, 236)
    read: current min 536,680, price field 536,680, net sales 536,680, week average 472,513, listed at 536,686
    the lowest listed price is 536,680, from the row and 3 more
    market 536,680, typing 536,679, 1 under the market
    net sales 10,733,580 is 20 x 536,679
  typed 250; the net sales make it 20
    the panel holds 536,679 against the 536,679 typed
  tab 4 read in 21 ms after the listing: 0 slot(s) held

  list 20 at 536,679
    #         ms   share  step
    1       17.7    0.3%  read the panel before loading
    2       17.4    0.3%  wait for slot (1,1) to fill
    3      815.9   14.9%  ctrl-click (1,1) attempt 1
    4      580.5   10.6%  read the suggested price
    5     1444.1   26.3%  type the price 536,679
    6      948.6   17.3%  type the quantity 250
    7      311.3    5.7%  take the quantity from the net sales
    8       93.3    1.7%  read the price back before Register
    9      314.5    5.7%  click Register
   10       92.8    1.7%  find Confirmation
   11       21.5    0.4%  look for the underprice question
   12      310.6    5.7%  click Confirmation
   13      250.8    4.6%  park
   14      236.0    4.3%  confirm the dialog is gone
   15       17.1    0.3%  wait for the panel to let the item go
   16       21.0    0.4%  read tab 4 after the listing
          5493.2  100.0%  TOTAL
  listed 20 at 536,679; it lands in row 10
DONE {"kind": "relist", "row": 10, "lands_in": 10, "qty": 20, "price": 536679, "item": "Upgrade Core (Ultimate"}
    relisted 20 at 536,679 in row 10
  tab 4 known from the last listing: 0 slot(s) held
  row 11: 'Force Core(Highest' x250 at 195,487 -> tab 4 slot (1, 1)
    floor 195,487 (195,487 x 1) from Force Core Set (Highest) as last bought; listed at 195,487, above it
TASK {"kind": "relist", "row": 11, "item": "Force Core(Highest", "qty": 250, "price": 195487, "tab": 4, "slot": [1, 1], "lands_in": 11}
  inventory slot (1,1) at (1475, 236)
    read: current min 195,482, price field 195,482, net sales 195,482, week average 210,472, listed at 195,487
    the lowest listed price is 195,482, from the row and 3 more
    market 195,481 is under the 195,487 floor (a Force Core Set (Highest) as last bought costs 195,487); listing at the floor
    market 195,482, typing 195,487, 5 over the market
    net sales 48,871,750 is 250 x 195,487
  typed 250; the net sales make it 250
    the panel holds 195,487 against the 195,487 typed
  tab 4 read in 21 ms after the listing: 0 slot(s) held

  list 250 at 195,487
    #         ms   share  step
    1       20.3    0.4%  read the panel before loading
    2       15.8    0.3%  wait for slot (1,1) to fill
    3      807.9   14.8%  ctrl-click (1,1) attempt 1
    4      580.1   10.6%  read the suggested price
    5     1438.3   26.4%  type the price 195,487
    6      940.8   17.3%  type the quantity 250
    7      308.3    5.7%  take the quantity from the net sales
    8       91.2    1.7%  read the price back before Register
    9      307.7    5.6%  click Register
   10       93.0    1.7%  find Confirmation
   11       16.6    0.3%  look for the underprice question
   12      307.5    5.6%  click Confirmation
   13      250.7    4.6%  park
   14      230.3    4.2%  confirm the dialog is gone
   15       19.3    0.4%  wait for the panel to let the item go
   16       21.4    0.4%  read tab 4 after the listing
          5449.4  100.0%  TOTAL
  listed 250 at 195,487; it lands in row 11
DONE {"kind": "relist", "row": 11, "lands_in": 11, "qty": 250, "price": 195487, "item": "Force Core(Highest"}
    relisted 250 at 195,487 in row 11, 6 relist(s) on the floor now
  tab 4 known from the last listing: 0 slot(s) held
  row 12: 'Force Core(Highest' x136 at 195,487 -> tab 4 slot (1, 1)
    floor 195,487 (195,487 x 1) from Force Core Set (Highest) as last bought; listed at 195,487, above it
TASK {"kind": "relist", "row": 12, "item": "Force Core(Highest", "qty": 136, "price": 195487, "tab": 4, "slot": [1, 1], "lands_in": 12}
  inventory slot (1,1) at (1475, 236)
    read: current min 195,482, price field 195,482, net sales 195,482, week average 210,472, listed at 195,487
    the lowest listed price is 195,482, from the row and 3 more
    market 195,481 is under the 195,487 floor (a Force Core Set (Highest) as last bought costs 195,487); listing at the floor
    market 195,482, typing 195,487, 5 over the market
    net sales 26,586,232 is 136 x 195,487
  typed 250; the net sales make it 136
    the panel holds 195,487 against the 195,487 typed
  tab 4 read in 20 ms after the listing: 0 slot(s) held

  list 136 at 195,487
    #         ms   share  step
    1       17.8    0.3%  read the panel before loading
    2       19.3    0.4%  wait for slot (1,1) to fill
    3      808.0   14.8%  ctrl-click (1,1) attempt 1
    4      584.1   10.7%  read the suggested price
    5     1440.7   26.4%  type the price 195,487
    6      946.5   17.3%  type the quantity 250
    7      313.6    5.7%  take the quantity from the net sales
    8       88.3    1.6%  read the price back before Register
    9      311.2    5.7%  click Register
   10       92.0    1.7%  find Confirmation
   11       16.0    0.3%  look for the underprice question
   12      307.8    5.6%  click Confirmation
   13      250.8    4.6%  park
   14      229.6    4.2%  confirm the dialog is gone
   15       15.9    0.3%  wait for the panel to let the item go
   16       19.6    0.4%  read tab 4 after the listing
          5461.2  100.0%  TOTAL
  listed 136 at 195,487; it lands in row 12
DONE {"kind": "relist", "row": 12, "lands_in": 12, "qty": 136, "price": 195487, "item": "Force Core(Highest"}
    relisted 136 at 195,487 in row 12, 6 relist(s) on the floor now
    the quantity column read 'il', which holds no digits, so it is the end of the name and not a count; reading the row as 'Palladium Headpiece(BL) il' and letting the panel count what is there
  tab 4 known from the last listing: 0 slot(s) held
  row 13: 'Palladium Headpiece(BL) (anal (anal' x1 at 2,399,997 -> tab 4 slot (1, 1)
    the quantity column read 'il', which holds no digits, so it is the end of the name and not a count; reading the row as 'Palladium Headpiece(BL) il' and letting the panel count what is there
    no floor for 'Palladium Headpiece(BL) (anal (anal'
TASK {"kind": "relist", "row": 13, "item": "Palladium Headpiece(BL) (anal (anal", "qty": 1, "price": 2399997, "tab": 4, "slot": [1, 1], "lands_in": 13}
  inventory slot (1,1) at (1475, 236)
    read: current min 2,399,998, price field 2,399,998, net sales 2,399,998, week average 3,094,690, listed at 2,399,997
    the lowest listed price is 2,399,998, from the row and 3 more
    market 2,399,998, typing 2,399,997, 1 under the market
    net sales 2,399,997 is 1 x 2,399,997
  typed 250; the net sales make it 1
    the panel holds 2,399,997 against the 2,399,997 typed
  tab 4 read in 21 ms after the listing: 0 slot(s) held

  list 1 at 2,399,997
    #         ms   share  step
    1       20.9    0.4%  read the panel before loading
    2       19.9    0.4%  wait for slot (1,1) to fill
    3      811.2   14.6%  ctrl-click (1,1) attempt 1
    4      588.8   10.6%  read the suggested price
    5     1514.1   27.3%  type the price 2,399,997
    6      947.2   17.1%  type the quantity 250
    7      305.8    5.5%  take the quantity from the net sales
    8       92.0    1.7%  read the price back before Register
    9      308.4    5.6%  click Register
   10       95.4    1.7%  find Confirmation
   11       15.8    0.3%  look for the underprice question
   12      309.7    5.6%  click Confirmation
   13      251.2    4.5%  park
   14      234.6    4.2%  confirm the dialog is gone
   15       16.5    0.3%  wait for the panel to let the item go
   16       20.7    0.4%  read tab 4 after the listing
          5552.2  100.0%  TOTAL
  listed 1 at 2,399,997; it lands in row 13
DONE {"kind": "relist", "row": 13, "lands_in": 13, "qty": 1, "price": 2399997, "item": "Palladium Headpiece(BL) (anal (anal"}
    relisted 1 at 2,399,997 in row 13
    the quantity column read 'il', which holds no digits, so it is the end of the name and not a count; reading the row as 'Palladium Headgear(FB) il' and letting the panel count what is there
  tab 4 known from the last listing: 0 slot(s) held
  row 14: 'Palladium Headgear(FB) Lalla' x1 at 988,999 -> tab 4 slot (1, 1)
    the quantity column read 'il', which holds no digits, so it is the end of the name and not a count; reading the row as 'Palladium Headgear(FB) il' and letting the panel count what is there
    no floor for 'Palladium Headgear(FB) Lalla'
TASK {"kind": "relist", "row": 14, "item": "Palladium Headgear(FB) Lalla", "qty": 1, "price": 988999, "tab": 4, "slot": [1, 1], "lands_in": 14}
  inventory slot (1,1) at (1475, 236)
    read: current min 989,000, price field 989,000, net sales 989,000, week average 1,065,959, listed at 988,999
    the lowest listed price is 989,000, from the row and 3 more
    market 989,000, typing 988,999, 1 under the market
    net sales 988,999 is 1 x 988,999
  typed 250; the net sales make it 1
    the panel holds 988,999 against the 988,999 typed
  tab 4 read in 22 ms after the listing: 0 slot(s) held

  list 1 at 988,999
    #         ms   share  step
    1       19.9    0.4%  read the panel before loading
    2       16.8    0.3%  wait for slot (1,1) to fill
    3      812.5   14.7%  ctrl-click (1,1) attempt 1
    4      655.3   11.8%  read the suggested price
    5     1446.0   26.1%  type the price 988,999
    6      945.4   17.1%  type the quantity 250
    7      304.4    5.5%  take the quantity from the net sales
    8       92.2    1.7%  read the price back before Register
    9      311.6    5.6%  click Register
   10       91.2    1.6%  find Confirmation
   11       16.7    0.3%  look for the underprice question
   12      308.6    5.6%  click Confirmation
   13      250.8    4.5%  park
   14      230.7    4.2%  confirm the dialog is gone
   15       18.2    0.3%  wait for the panel to let the item go
   16       22.4    0.4%  read tab 4 after the listing
          5542.6  100.0%  TOTAL
  listed 1 at 988,999; it lands in row 14
DONE {"kind": "relist", "row": 14, "lands_in": 14, "qty": 1, "price": 988999, "item": "Palladium Headgear(FB) Lalla"}
    relisted 1 at 988,999 in row 14
    the quantity column read 'il', which holds no digits, so it is the end of the name and not a count; reading the row as 'Palladium Headgear(FA) il' and letting the panel count what is there
  tab 4 known from the last listing: 0 slot(s) held
  row 15: 'Palladium Headgear(FA) (anal (anal' x1 at 9,890,000 -> tab 4 slot (1, 1)
    the quantity column read 'il', which holds no digits, so it is the end of the name and not a count; reading the row as 'Palladium Headgear(FA) il' and letting the panel count what is there
    no floor for 'Palladium Headgear(FA) (anal (anal'
TASK {"kind": "relist", "row": 15, "item": "Palladium Headgear(FA) (anal (anal", "qty": 1, "price": 9890000, "tab": 4, "slot": [1, 1], "lands_in": 15}
  inventory slot (1,1) at (1475, 236)
    read: current min 3,224,985, price field 3,224,985, net sales 3,224,985, week average 3,309,683, listed at 9,890,000
    the lowest listed price is 3,224,985, from the row and 3 more
    the market asks 3,224,984, 6,665,016 under our 9,890,000; holding at 9,880,000, the most this row may fall in one relist
    market 3,224,985, typing 9,880,000, 6,655,015 over the market
    net sales 9,880,000 is 1 x 9,880,000
  typed 250; the net sales make it 1
    the panel holds 9,880,000 against the 9,880,000 typed
  tab 4 read in 21 ms after the listing: 0 slot(s) held

  list 1 at 9,880,000
    #         ms   share  step
    1       19.8    0.4%  read the panel before loading
    2       19.7    0.4%  wait for slot (1,1) to fill
    3      819.0   14.7%  ctrl-click (1,1) attempt 1
    4      581.2   10.4%  read the suggested price
    5     1514.0   27.2%  type the price 9,880,000
    6      947.5   17.0%  type the quantity 250
    7      305.2    5.5%  take the quantity from the net sales
    8       93.5    1.7%  read the price back before Register
    9      320.3    5.8%  click Register
   10       97.4    1.7%  find Confirmation
   11       18.4    0.3%  look for the underprice question
   12      307.7    5.5%  click Confirmation
   13      250.7    4.5%  park
   14      232.4    4.2%  confirm the dialog is gone
   15       16.5    0.3%  wait for the panel to let the item go
   16       21.0    0.4%  read tab 4 after the listing
          5564.4  100.0%  TOTAL
  listed 1 at 9,880,000; it lands in row 15
DONE {"kind": "relist", "row": 15, "lands_in": 15, "qty": 1, "price": 9880000, "item": "Palladium Headgear(FA) (anal (anal"}
    relisted 1 at 9,880,000 in row 15
    the quantity column read 'il', which holds no digits, so it is the end of the name and not a count; reading the row as 'Palladium Boots(FA) il' and letting the panel count what is there
  tab 4 known from the last listing: 0 slot(s) held
  row 16: 'Palladium Boots(FA) Lalla' x2 at 1,299,998 -> tab 4 slot (1, 1)
    the quantity column read 'il', which holds no digits, so it is the end of the name and not a count; reading the row as 'Palladium Boots(FA) il' and letting the panel count what is there
    no floor for 'Palladium Boots(FA) Lalla'
TASK {"kind": "relist", "row": 16, "item": "Palladium Boots(FA) Lalla", "qty": 2, "price": 1299998, "tab": 4, "slot": [1, 1], "lands_in": 16}
  inventory slot (1,1) at (1475, 236)
    read: current min 1,299,998, price field 1,299,998, net sales 1,299,998, week average 1,593,780, listed at 1,299,998
    the lowest listed price is 1,299,998, from the row and 3 more
    market 1,299,998, typing 1,299,997, 1 under the market
    net sales 2,599,994 is 2 x 1,299,997
  typed 250; the net sales make it 2
    the panel holds 1,299,997 against the 1,299,997 typed
  tab 4 read in 25 ms after the listing: 0 slot(s) held

  list 2 at 1,299,997
    #         ms   share  step
    1       20.2    0.4%  read the panel before loading
    2       17.2    0.3%  wait for slot (1,1) to fill
    3      813.0   14.3%  ctrl-click (1,1) attempt 1
    4      669.2   11.8%  read the suggested price
    5     1517.3   26.7%  type the price 1,299,997
    6      946.7   16.7%  type the quantity 250
    7      312.5    5.5%  take the quantity from the net sales
    8       96.3    1.7%  read the price back before Register
    9      317.4    5.6%  click Register
   10       99.9    1.8%  find Confirmation
   11       19.8    0.3%  look for the underprice question
   12      312.2    5.5%  click Confirmation
   13      251.0    4.4%  park
   14      242.9    4.3%  confirm the dialog is gone
   15       19.0    0.3%  wait for the panel to let the item go
   16       25.1    0.4%  read tab 4 after the listing
          5679.7  100.0%  TOTAL
  listed 2 at 1,299,997; it lands in row 16
DONE {"kind": "relist", "row": 16, "lands_in": 16, "qty": 2, "price": 1299997, "item": "Palladium Boots(FA) Lalla"}
    relisted 2 at 1,299,997 in row 16
    the quantity column read 'il', which holds no digits, so it is the end of the name and not a count; reading the row as 'Palladium Shoes(W1) il' and letting the panel count what is there
  tab 4 known from the last listing: 0 slot(s) held
  row 17: 'Palladium Shoes(W1) Lalla' x2 at 749,998 -> tab 4 slot (1, 1)
    the quantity column read 'il', which holds no digits, so it is the end of the name and not a count; reading the row as 'Palladium Shoes(W1) il' and letting the panel count what is there
    no floor for 'Palladium Shoes(W1) Lalla'
TASK {"kind": "relist", "row": 17, "item": "Palladium Shoes(W1) Lalla", "qty": 2, "price": 749998, "tab": 4, "slot": [1, 1], "lands_in": 17}
  inventory slot (1,1) at (1475, 236)
    read: current min 749,999, price field 749,999, net sales 749,999, week average 702,777, listed at 749,998
    the lowest listed price is 749,999, from the row and 3 more
    market 749,999, typing 749,998, 1 under the market
    net sales 1,499,996 is 2 x 749,998
  typed 250; the net sales make it 2
    the panel holds 749,998 against the 749,998 typed
  tab 4 read in 21 ms after the listing: 0 slot(s) held

  list 2 at 749,998
    #         ms   share  step
    1       18.7    0.3%  read the panel before loading
    2       20.8    0.4%  wait for slot (1,1) to fill
    3      816.0   14.8%  ctrl-click (1,1) attempt 1
    4      597.4   10.8%  read the suggested price
    5     1449.6   26.2%  type the price 749,998
    6      947.6   17.1%  type the quantity 250
    7      306.3    5.5%  take the quantity from the net sales
    8       95.0    1.7%  read the price back before Register
    9      315.9    5.7%  click Register
   10      103.0    1.9%  find Confirmation
   11       18.4    0.3%  look for the underprice question
   12      312.5    5.7%  click Confirmation
   13      251.1    4.5%  park
   14      236.9    4.3%  confirm the dialog is gone
   15       20.4    0.4%  wait for the panel to let the item go
   16       21.1    0.4%  read tab 4 after the listing
          5530.6  100.0%  TOTAL
  listed 2 at 749,998; it lands in row 17
DONE {"kind": "relist", "row": 17, "lands_in": 17, "qty": 2, "price": 749998, "item": "Palladium Shoes(W1) Lalla"}
    relisted 2 at 749,998 in row 17
    the quantity column read 'il', which holds no digits, so it is the end of the name and not a count; reading the row as 'Palladium Coat (FG) il' and letting the panel count what is there
  tab 4 known from the last listing: 0 slot(s) held
  row 18: 'Palladium Coat (FG) Lalla' x1 at 999,997 -> tab 4 slot (1, 1)
    the quantity column read 'il', which holds no digits, so it is the end of the name and not a count; reading the row as 'Palladium Coat (FG) il' and letting the panel count what is there
    no floor for 'Palladium Coat (FG) Lalla'
TASK {"kind": "relist", "row": 18, "item": "Palladium Coat (FG) Lalla", "qty": 1, "price": 999997, "tab": 4, "slot": [1, 1], "lands_in": 18}
  inventory slot (1,1) at (1475, 236)
    read: current min 999,998, price field 999,998, net sales 999,998, week average 2,344,358, listed at 999,997
    the lowest listed price is 999,998, from the row and 3 more
    market 999,998, typing 999,997, 1 under the market
    net sales 999,997 is 1 x 999,997
  typed 250; the net sales make it 1
    the panel holds 999,997 against the 999,997 typed
    the game asks again because 999,997 is at least 25% under its average for this item; accepting
  tab 4 read in 24 ms after the listing: 0 slot(s) held

  list 1 at 999,997
    #         ms   share  step
    1       19.0    0.3%  read the panel before loading
    2       19.5    0.3%  wait for slot (1,1) to fill
    3      813.0   11.9%  ctrl-click (1,1) attempt 1
    4      597.6    8.7%  read the suggested price
    5     1451.1   21.2%  type the price 999,997
    6      949.2   13.9%  type the quantity 250
    7      305.9    4.5%  take the quantity from the net sales
    8       93.5    1.4%  read the price back before Register
    9      313.7    4.6%  click Register
   10       97.6    1.4%  find Confirmation
   11      139.2    2.0%  look for the underprice question
   12      320.3    4.7%  click Confirmation on the question
   13       24.1    0.4%  wait for the question to go
   14      751.3   11.0%  park before the dialog takes another click at the same point
   15       95.7    1.4%  find Confirmation on the real dialog
   16      313.4    4.6%  click Confirmation
   17      251.0    3.7%  park
   18      233.1    3.4%  confirm the dialog is gone
   19       20.9    0.3%  wait for the panel to let the item go
   20       23.9    0.4%  read tab 4 after the listing
          6832.9  100.0%  TOTAL
  listed 1 at 999,997; it lands in row 18
DONE {"kind": "relist", "row": 18, "lands_in": 18, "qty": 1, "price": 999997, "item": "Palladium Coat (FG) Lalla"}
    relisted 1 at 999,997 in row 18
  tab 4 known from the last listing: 0 slot(s) held
  row 19: 'Chaos Core Set X 291' x1 at 218,166,482 -> tab 4 slot (1, 1)
    floor 214,753,635 (737,985 x 291) from Chaos Core as last bought; listed at 218,166,482, above it
TASK {"kind": "relist", "row": 19, "item": "Chaos Core Set X 291", "qty": 1, "price": 218166482, "tab": 4, "slot": [1, 1], "lands_in": 19}
  inventory slot (1,1) at (1475, 236)
    read: current min 218,164,446, price field 218,164,446, net sales 218,164,446, week average 212,375,292, listed at 218,166,482
    the lowest listed price is 218,164,446, from the row and 3 more
    market 218,164,446, typing 218,164,445, 1 under the market
    net sales 218,164,445 is 1 x 218,164,445
  typed 250; the net sales make it 1
    the panel holds 218,164,445 against the 218,164,445 typed
  tab 4 read in 24 ms after the listing: 0 slot(s) held

  list 1 at 218,164,445
    #         ms   share  step
    1       22.0    0.4%  read the panel before loading
    2       18.8    0.3%  wait for slot (1,1) to fill
    3      813.3   14.1%  ctrl-click (1,1) attempt 1
    4      611.6   10.6%  read the suggested price
    5     1658.8   28.8%  type the price 218,164,445
    6      947.3   16.4%  type the quantity 250
    7      312.7    5.4%  take the quantity from the net sales
    8       94.3    1.6%  read the price back before Register
    9      314.2    5.5%  click Register
   10      100.4    1.7%  find Confirmation
   11       20.6    0.4%  look for the underprice question
   12      308.6    5.4%  click Confirmation
   13      251.0    4.4%  park
   14      236.7    4.1%  confirm the dialog is gone
   15       25.8    0.4%  wait for the panel to let the item go
   16       23.5    0.4%  read tab 4 after the listing
          5759.5  100.0%  TOTAL
  listed 1 at 218,164,445; it lands in row 19
DONE {"kind": "relist", "row": 19, "lands_in": 19, "qty": 1, "price": 218164445, "item": "Chaos Core Set X 291"}
    relisted 1 at 218,164,445 in row 19
  tab 4 known from the last listing: 0 slot(s) held
  row 20: 'Force Core (Ultimate' x56 at 383,811 -> tab 4 slot (1, 1)
    floor 374,843 (374,843 x 1) from what it cost; listed at 383,811, above it
TASK {"kind": "relist", "row": 20, "item": "Force Core (Ultimate", "qty": 56, "price": 383811, "tab": 4, "slot": [1, 1], "lands_in": 20}
  inventory slot (1,1) at (1475, 236)
    read: current min 383,807, price field 383,807, net sales 383,807, week average 407,170, listed at 383,811
    the lowest listed price is 383,807, from the row and 3 more
    market 383,807, typing 383,806, 1 under the market
    net sales 21,493,136 is 56 x 383,806
  typed 250; the net sales make it 56
    the panel holds 383,806 against the 383,806 typed
  tab 4 read in 25 ms after the listing: 0 slot(s) held

  list 56 at 383,806
    #         ms   share  step
    1       19.6    0.4%  read the panel before loading
    2       15.9    0.3%  wait for slot (1,1) to fill
    3      813.4   14.8%  ctrl-click (1,1) attempt 1
    4      597.7   10.9%  read the suggested price
    5     1443.5   26.2%  type the price 383,806
    6      947.3   17.2%  type the quantity 250
    7      306.7    5.6%  take the quantity from the net sales
    8       93.3    1.7%  read the price back before Register
    9      308.9    5.6%  click Register
   10       97.6    1.8%  find Confirmation
   11       18.7    0.3%  look for the underprice question
   12      308.5    5.6%  click Confirmation
   13      251.3    4.6%  park
   14      238.4    4.3%  confirm the dialog is gone
   15       19.6    0.4%  wait for the panel to let the item go
   16       24.7    0.4%  read tab 4 after the listing
          5505.0  100.0%  TOTAL
  listed 56 at 383,806; it lands in row 20
DONE {"kind": "relist", "row": 20, "lands_in": 20, "qty": 56, "price": 383806, "item": "Force Core (Ultimate"}
    relisted 56 at 383,806 in row 20
  tab 4 known from the last listing: 0 slot(s) held
  row 21: 'Chaos Core Set X 249' x1 at 186,678,287 -> tab 4 slot (1, 1)
    floor 183,758,265 (737,985 x 249) from Chaos Core as last bought; listed at 186,678,287, above it
TASK {"kind": "relist", "row": 21, "item": "Chaos Core Set X 249", "qty": 1, "price": 186678287, "tab": 4, "slot": [1, 1], "lands_in": 21}
  inventory slot (1,1) at (1475, 236)
    read: current min 186,676,545, price field 186,676,545, net sales 186,676,545, week average 181,723,188, listed at 186,678,287
    the lowest listed price is 186,676,545, from the row and 3 more
    market 186,676,545, typing 186,676,544, 1 under the market
    net sales 186,676,544 is 1 x 186,676,544
  typed 250; the net sales make it 1
    the panel holds 186,676,544 against the 186,676,544 typed
  tab 4 read in 20 ms after the listing: 0 slot(s) held

  list 1 at 186,676,544
    #         ms   share  step
    1       17.0    0.3%  read the panel before loading
    2       15.4    0.3%  wait for slot (1,1) to fill
    3      813.8   14.2%  ctrl-click (1,1) attempt 1
    4      592.6   10.3%  read the suggested price
    5     1661.5   29.0%  type the price 186,676,544
    6      945.4   16.5%  type the quantity 250
    7      312.1    5.4%  take the quantity from the net sales
    8       99.9    1.7%  read the price back before Register
    9      313.8    5.5%  click Register
   10       97.9    1.7%  find Confirmation
   11       18.6    0.3%  look for the underprice question
   12      312.4    5.5%  click Confirmation
   13      250.9    4.4%  park
   14      238.1    4.2%  confirm the dialog is gone
   15       19.3    0.3%  wait for the panel to let the item go
   16       20.0    0.3%  read tab 4 after the listing
          5728.7  100.0%  TOTAL
  listed 1 at 186,676,544; it lands in row 21
DONE {"kind": "relist", "row": 21, "lands_in": 21, "qty": 1, "price": 186676544, "item": "Chaos Core Set X 249"}
    relisted 1 at 186,676,544 in row 21
  tab 4 known from the last listing: 0 slot(s) held
  row 22: 'Chaos Core Set X 267' x1 at 200,172,836 -> tab 4 slot (1, 1)
    floor 197,041,995 (737,985 x 267) from Chaos Core as last bought; listed at 200,172,836, above it
TASK {"kind": "relist", "row": 22, "item": "Chaos Core Set X 267", "qty": 1, "price": 200172836, "tab": 4, "slot": [1, 1], "lands_in": 22}
  inventory slot (1,1) at (1475, 236)
    read: current min 200,170,968, price field 200,170,968, net sales 200,170,968, week average 194,859,804, listed at 200,172,836
    the lowest listed price is 200,170,968, from the row and 3 more
    market 200,170,968, typing 200,170,967, 1 under the market
    net sales 200,170,967 is 1 x 200,170,967
  typed 250; the net sales make it 1
    the panel holds 200,170,967 against the 200,170,967 typed
  tab 4 read in 21 ms after the listing: 0 slot(s) held

  list 1 at 200,170,967
    #         ms   share  step
    1       21.9    0.4%  read the panel before loading
    2       17.7    0.3%  wait for slot (1,1) to fill
    3      814.3   14.2%  ctrl-click (1,1) attempt 1
    4      590.9   10.3%  read the suggested price
    5     1657.0   28.9%  type the price 200,170,967
    6      947.4   16.6%  type the quantity 250
    7      313.7    5.5%  take the quantity from the net sales
    8       91.4    1.6%  read the price back before Register
    9      312.3    5.5%  click Register
   10       97.5    1.7%  find Confirmation
   11       19.6    0.3%  look for the underprice question
   12      311.3    5.4%  click Confirmation
   13      250.9    4.4%  park
   14      237.9    4.2%  confirm the dialog is gone
   15       19.4    0.3%  wait for the panel to let the item go
   16       21.2    0.4%  read tab 4 after the listing
          5724.3  100.0%  TOTAL
  listed 1 at 200,170,967; it lands in row 22
DONE {"kind": "relist", "row": 22, "lands_in": 22, "qty": 1, "price": 200170967, "item": "Chaos Core Set X 267"}
    relisted 1 at 200,170,967 in row 22
  tab 4 known from the last listing: 0 slot(s) held
  row 23: 'Upgrade Core (Ultimate' x54 at 536,682 -> tab 4 slot (1, 1)
    floor 469,773 (469,773 x 1) from Upgrade Core Set (Ultimate) as last bought; listed at 536,682, above it
TASK {"kind": "relist", "row": 23, "item": "Upgrade Core (Ultimate", "qty": 54, "price": 536682, "tab": 4, "slot": [1, 1], "lands_in": 23}
  inventory slot (1,1) at (1475, 236)
    read: current min 536,676, price field 536,676, net sales 536,676, week average 472,513, listed at 536,682
    the lowest listed price is 536,676, from the row and 3 more
    market 536,676, typing 536,675, 1 under the market
    net sales 28,980,450 is 54 x 536,675
  typed 250; the net sales make it 54
    the panel holds 536,675 against the 536,675 typed
  tab 4 read in 22 ms after the listing: 0 slot(s) held

  list 54 at 536,675
    #         ms   share  step
    1       19.3    0.4%  read the panel before loading
    2       16.5    0.3%  wait for slot (1,1) to fill
    3      814.7   14.9%  ctrl-click (1,1) attempt 1
    4      584.5   10.7%  read the suggested price
    5     1440.2   26.3%  type the price 536,675
    6      949.2   17.3%  type the quantity 250
    7      309.1    5.6%  take the quantity from the net sales
    8       92.2    1.7%  read the price back before Register
    9      308.7    5.6%  click Register
   10       91.6    1.7%  find Confirmation
   11       16.8    0.3%  look for the underprice question
   12      307.7    5.6%  click Confirmation
   13      250.8    4.6%  park
   14      237.4    4.3%  confirm the dialog is gone
   15       16.7    0.3%  wait for the panel to let the item go
   16       22.4    0.4%  read tab 4 after the listing
          5478.0  100.0%  TOTAL
  listed 54 at 536,675; it lands in row 23
DONE {"kind": "relist", "row": 23, "lands_in": 23, "qty": 54, "price": 536675, "item": "Upgrade Core (Ultimate"}
    relisted 54 at 536,675 in row 23
  tab 4 known from the last listing: 0 slot(s) held
  row 24: 'Chaos Core Set X 252' x1 at 188,926,919 -> tab 4 slot (1, 1)
    floor 185,972,220 (737,985 x 252) from Chaos Core as last bought; listed at 188,926,919, above it
TASK {"kind": "relist", "row": 24, "item": "Chaos Core Set X 252", "qty": 1, "price": 188926919, "tab": 4, "slot": [1, 1], "lands_in": 24}
  inventory slot (1,1) at (1475, 236)
    read: current min 188,924,904, price field 188,924,904, net sales 188,924,904, week average 183,912,624, listed at 188,926,919
    the lowest listed price is 188,924,904, from the row and 3 more
    market 188,924,904, typing 188,924,903, 1 under the market
    net sales 188,924,903 is 1 x 188,924,903
  typed 250; the net sales make it 1
    the panel holds 188,924,903 against the 188,924,903 typed
  tab 4 read in 21 ms after the listing: 0 slot(s) held

  list 1 at 188,924,903
    #         ms   share  step
    1       20.8    0.4%  read the panel before loading
    2       20.4    0.4%  wait for slot (1,1) to fill
    3      814.3   14.0%  ctrl-click (1,1) attempt 1
    4      665.1   11.5%  read the suggested price
    5     1659.5   28.6%  type the price 188,924,903
    6      944.7   16.3%  type the quantity 250
    7      314.9    5.4%  take the quantity from the net sales
    8       94.0    1.6%  read the price back before Register
    9      313.7    5.4%  click Register
   10       96.2    1.7%  find Confirmation
   11       17.2    0.3%  look for the underprice question
   12      308.2    5.3%  click Confirmation
   13      251.1    4.3%  park
   14      241.0    4.2%  confirm the dialog is gone
   15       15.4    0.3%  wait for the panel to let the item go
   16       20.9    0.4%  read tab 4 after the listing
          5797.3  100.0%  TOTAL
  listed 1 at 188,924,903; it lands in row 24
DONE {"kind": "relist", "row": 24, "lands_in": 24, "qty": 1, "price": 188924903, "item": "Chaos Core Set X 252"}
    relisted 1 at 188,924,903 in row 24
  tab 4 known from the last listing: 0 slot(s) held
  row 25: 'Force Core(High' x72 at 184,981 -> tab 4 slot (1, 1)
    floor 176,867 (176,867 x 1) from Force Core Set (High) as last bought; listed at 184,981, above it
TASK {"kind": "relist", "row": 25, "item": "Force Core(High", "qty": 72, "price": 184981, "tab": 4, "slot": [1, 1], "lands_in": 25}
  inventory slot (1,1) at (1475, 236)
    read: current min 184,980, price field 184,980, net sales 184,980, week average 197,296, listed at 184,981
    the lowest listed price is 184,980, from the row and 3 more
    market 184,980, typing 184,979, 1 under the market
    net sales 13,318,488 is 72 x 184,979
  typed 250; the net sales make it 72
    the panel holds 184,979 against the 184,979 typed
  tab 4 read in 19 ms after the listing: 0 slot(s) held

  list 72 at 184,979
    #         ms   share  step
    1       20.0    0.4%  read the panel before loading
    2       20.7    0.4%  wait for slot (1,1) to fill
    3      812.1   14.7%  ctrl-click (1,1) attempt 1
    4      583.7   10.6%  read the suggested price
    5     1449.3   26.3%  type the price 184,979
    6      944.7   17.1%  type the quantity 250
    7      307.2    5.6%  take the quantity from the net sales
    8       93.9    1.7%  read the price back before Register
    9      308.0    5.6%  click Register
   10       98.1    1.8%  find Confirmation
   11       18.5    0.3%  look for the underprice question
   12      308.4    5.6%  click Confirmation
   13      251.1    4.6%  park
   14      256.5    4.7%  confirm the dialog is gone
   15       18.1    0.3%  wait for the panel to let the item go
   16       19.1    0.3%  read tab 4 after the listing
          5509.4  100.0%  TOTAL
  listed 72 at 184,979; it lands in row 25
DONE {"kind": "relist", "row": 25, "lands_in": 25, "qty": 72, "price": 184979, "item": "Force Core(High"}
    relisted 72 at 184,979 in row 25
  tab 4 known from the last listing: 0 slot(s) held
  row 26: 'Force Core(High' x86 at 184,980 -> tab 4 slot (1, 1)
    floor 176,867 (176,867 x 1) from Force Core Set (High) as last bought; listed at 184,980, above it
TASK {"kind": "relist", "row": 26, "item": "Force Core(High", "qty": 86, "price": 184980, "tab": 4, "slot": [1, 1], "lands_in": 26}
  inventory slot (1,1) at (1475, 236)
    read: current min 184,979, price field 184,979, net sales 184,979, week average 197,296, listed at 184,980
    the lowest listed price is 184,979, from the row and 3 more
    market 184,979, typing 184,978, 1 under the market
    net sales 15,908,108 is 86 x 184,978
  typed 250; the net sales make it 86
    the panel holds 184,978 against the 184,978 typed
  tab 4 read in 23 ms after the listing: 0 slot(s) held

  list 86 at 184,978
    #         ms   share  step
    1       17.1    0.3%  read the panel before loading
    2       20.9    0.4%  wait for slot (1,1) to fill
    3      814.9   14.8%  ctrl-click (1,1) attempt 1
    4      579.7   10.5%  read the suggested price
    5     1445.2   26.3%  type the price 184,978
    6      946.5   17.2%  type the quantity 250
    7      309.7    5.6%  take the quantity from the net sales
    8       93.3    1.7%  read the price back before Register
    9      310.0    5.6%  click Register
   10       92.7    1.7%  find Confirmation
   11       28.6    0.5%  look for the underprice question
   12      309.6    5.6%  click Confirmation
   13      250.8    4.6%  park
   14      237.0    4.3%  confirm the dialog is gone
   15       21.1    0.4%  wait for the panel to let the item go
   16       22.9    0.4%  read tab 4 after the listing
          5499.9  100.0%  TOTAL
  listed 86 at 184,978; it lands in row 26
DONE {"kind": "relist", "row": 26, "lands_in": 26, "qty": 86, "price": 184978, "item": "Force Core(High"}
    relisted 86 at 184,978 in row 26
  row 27 is empty; nothing to relist

  relisting rows 1-27: 25 relisted, 2 empty, 0 skipped
    #          ms   share     n      each  phase
    1    96,232.3   34.6%    17   5,660.7  list it back
    2    64,064.6   23.1%    17   3,768.5  cancel the row and take it back
    3    32,123.2   11.6%     1  32,123.2  buy 1 Chaos Core
    4    32,121.8   11.6%     1  32,121.8  buy order 1
    5    18,949.0    6.8%    18   1,052.7  select inventory tab 4
    6    16,374.1    5.9%    18     909.7  scroll to the row and read it
    7     6,548.5    2.4%    18     363.8  Refresh the table
    8     5,517.1    2.0%     1   5,517.1  list Chaos Core from (1, 1)
    9     2,261.6    0.8%     1   2,261.6  select the Register tab
   10     1,544.8    0.6%     1   1,544.8  wait for the Chaos Core to land on tab 4
   11     1,533.7    0.6%     1   1,533.7  read tab 4 before buying
   12       321.5    0.1%     1     321.5  reopen the Agent Shop
   13       306.7    0.1%    17      18.0  check the shop slot is empty
        277,899.0  100.0%

  returning the game to its default state
restoring the default state:
  Escape: window closed
  Inventory already closed
  the gift box at [284, 994]
  Receive All at [1209, 786]
  Receive 1 of 4 at [1214, 327]
  Receive 2 of 4 at [1214, 425]
  Receive 3 of 4 at [1214, 523]
  Receive 4 of 4 at [1214, 621]
  the special giftbox's Receive at [1438, 492]
  Close at [1483, 846]
  took 4 gift(s)
  the Agent Shop is shut and the vendor is not open either; reopening it
  Inventory shut: slot grid 0.09, needs 0.33

  board after pass 7:
                                                   bought/u   listed/u  margin      row price
     1  Blessing Bead - Superior           x1    163,756,817 169,999,997   +3.7%    169,999,997
     2  Armor Account bind Unseal Stone    x1    187,364,780 187,364,780   +0.0%    187,364,780
     3  Armor Account bind Seal Stone      x2    187,364,780 187,364,780   +0.0%    187,364,780
     4  Force Core (Ultimate               x64            -    383,810       -        383,810
     5  Arionell                           x1    281,047,170 299,185,713   +6.1%    299,185,713
     6  Upgrade Core (Ultimate             x15            -    536,681       -        536,681
     7  Force Core (Ultimate               x190           -    383,809       -        383,809
     8  Force Core(Highest                 x166           -    195,487       -        195,487
     9  Chaos Core                         x1       743,777    743,121   -0.1%        743,121
    10  Upgrade Core (Ultimate             x20      469,773    536,679  +12.5%        536,679
    11  Force Core(Highest                 x250           -    195,487       -        195,487
    12  Force Core(Highest                 x136           -    195,487       -        195,487
    13  Palladium Headpiece(BL) (anal (ana x1             -  2,399,997       -      2,399,997
    14  Palladium Headgear(FB) Lalla       x1             -    988,999       -        988,999
    15  Palladium Headgear(FA) (anal (anal x1             -  9,880,000       -      9,880,000
    16  Palladium Boots(FA) Lalla          x2             -  1,299,997       -      1,299,997
    17  Palladium Shoes(W1) Lalla          x2             -    749,998       -        749,998
    18  Palladium Coat (FG) Lalla          x1             -    999,997       -        999,997
    19  Chaos Core Set X 291               x1             -    749,705       -    218,164,445
    20  Force Core (Ultimate               x56      374,843    383,806   +2.3%        383,806
    21  Chaos Core Set X 249               x1             -    749,704       -    186,676,544
    22  Chaos Core Set X 267               x1             -    749,703       -    200,170,967
    23  Upgrade Core (Ultimate             x54            -    536,675       -        536,675
    24  Chaos Core Set X 252               x1             -    749,701       -    188,924,903
    25  Force Core(High                    x72            -    184,979       -        184,979
    26  Force Core(High                    x86            -    184,978       -        184,978
    28  Archridium Suit (DM) Lalla         x1             -  1,685,749       -      1,685,749
    30  Palladium Suit (DM) + 1 Lalla      x1             - 33,000,000       -     33,000,000
    item                               rows   units          listed
    Archridium Suit (DM) Lalla            1       1       1,685,749
    Arionell                              1       1     299,185,713
    Armor Account bind Seal Stone         1       2     374,729,560
    Armor Account bind Unseal Stone       1       1     187,364,780
    Blessing Bead - Superior              1       1     169,999,997
    Chaos Core                            1       1         743,121
    Chaos Core Set                        4   1,059     793,936,859
    Force Core (Ultimate                  3     310     118,980,686
    Force Core(High                       2     158      29,226,596
    Force Core(Highest                    3     552     107,908,824
    Palladium Boots(FA) Lalla             1       2       2,599,994
    Palladium Coat (FG) Lalla             1       1         999,997
    Palladium Headgear(FA) (anal (anal    1       1       9,880,000
    Palladium Headgear(FB) Lalla          1       1         988,999
    Palladium Headpiece(BL) (anal (ana    1       1       2,399,997
    Palladium Shoes(W1) Lalla             1       2       1,499,996
    Palladium Suit (DM) + 1 Lalla         1       1      33,000,000
    Upgrade Core (Ultimate                3      89      47,764,245
    board                                28   2,184   2,182,895,113
    balance now 559,423,825
  pass 7: 25 relisted, 2 empty, 0 skipped; 9956.5 minute(s) left

-- pass 8 --

  resupply order: Chaos Core, Force Core(High), Force Core(Highest), Upgrade Core (Ultimate), Force Core (Ultimate), Armor Account bind Unseal Stone, Armor Account bind Seal Stone, Blessing Bead - Superior

-- Chaos Core Set under our listing: up to 3 row(s) --
  Chaos Core Set 749,699 - Chaos Core 741,896 = 7,803
  ours is listed at 749,701 a Set and a Chaos Core sells at 741,896; buying every Set under 736,896, 5,000 a Set below the lower of the two
  the cheapest Chaos Core Set is 749,699 a Set, not under 736,896; nothing to buy under ours

  counting only rows 1-27; rows outside it are not repriced and do not count; 1 row(s) free
  core                            rows     buy/u    sell/u    margin  wants   short?
  Force Core(Highest)                3         -         -         -      -   holds the most it can want, 3; not priced
  Chaos Core                         4   741,896   749,699     7,803      3   
  Force Core (Ultimate)              3         -         -         -      -   holds the most it can want, 3; not priced
  Force Core(High)                   2   180,000   184,978     4,978      0   
  Upgrade Core (Ultimate)            3         -         -         -      -   holds the most it can want, 3; not priced

  nothing inside rows 1-27 holds fewer rows than its margin is worth.

  Armor Account bind Unseal Stone: 1 row(s) inside 1-27, 1 wanted; row 2 'Armor Account bind Unseal Stone'
    floor 187,364,780: 500/1000 of the 374,729,560 voucher, read at launch

  Armor Account bind Seal Stone: 1 row(s) inside 1-27, 1 wanted; row 3 'Armor Account bind Seal Stone'
    floor 187,364,780: 500/1000 of the 374,729,560 voucher, read at launch

  Blessing Bead - Superior: 1 row(s) inside 1-27, 1 wanted; row 1 'Blessing Bead - Superior'
    floor 163,756,817: 437/1000 of the 374,729,560 voucher, read at launch
    the quantity column read 'Superior', which holds no digits, so it is the end of the name and not a count; reading the row as 'Blessing Bead - Superior' and letting the panel count what is there
    one line read 'serene wbéee 1 169,999,997 OnSale Change'; read as stacked lines it is 'Blessing Bead - Superior 169,999,997 OnSale Change'
  tab 4 read from the screen in 1542 ms: 0 slot(s) held
  row 1: 'Blessing Bead - Superior' x1 at 169,999,997 -> tab 4 slot (1, 1)
    floor 163,756,817 from what it cost; listed at 169,999,997, above it
TASK {"kind": "relist", "row": 1, "item": "Blessing Bead - Superior", "qty": 1, "price": 169999997, "tab": 4, "slot": [1, 1], "lands_in": 1}
  inventory slot (1,1) at (1475, 236)
    read: current min 169,999,998, price field 169,999,998, net sales 169,999,998, week average 189,305,448, listed at 169,999,997
    the lowest listed price is 169,999,998, from the row and 3 more
    market 169,999,998, typing 169,999,997, 1 under the market
    net sales 169,999,997 is 1 x 169,999,997
  typed 250; the net sales make it 1
    the panel holds 169,999,997 against the 169,999,997 typed
  tab 4 read in 25 ms after the listing: 0 slot(s) held

  list 1 at 169,999,997
    #         ms   share  step
    1       19.7    0.3%  read the panel before loading
    2       17.8    0.3%  wait for slot (1,1) to fill
    3      814.3   13.9%  ctrl-click (1,1) attempt 1
    4      671.9   11.5%  read the suggested price
    5     1662.9   28.5%  type the price 169,999,997
    6      950.0   16.3%  type the quantity 250
    7      322.7    5.5%  take the quantity from the net sales
    8       98.2    1.7%  read the price back before Register
    9      315.8    5.4%  click Register
   10       96.2    1.6%  find Confirmation
   11       20.8    0.4%  look for the underprice question
   12      313.5    5.4%  click Confirmation
   13      250.9    4.3%  park
   14      243.3    4.2%  confirm the dialog is gone
   15       18.1    0.3%  wait for the panel to let the item go
   16       25.3    0.4%  read tab 4 after the listing
          5841.3  100.0%  TOTAL
  listed 1 at 169,999,997; it lands in row 1
DONE {"kind": "relist", "row": 1, "lands_in": 1, "qty": 1, "price": 169999997, "item": "Blessing Bead - Superior"}
    relisted 1 at 169,999,997 in row 1
  tab 4 known from the last listing: 0 slot(s) held
  row 2: 'Armor Account bind Unseal Stone' x1 at 187,364,780 -> tab 4 slot (1, 1)
    floor 187,364,780 from what it cost; listed at 187,364,780, above it
TASK {"kind": "relist", "row": 2, "item": "Armor Account bind Unseal Stone", "qty": 1, "price": 187364780, "tab": 4, "slot": [1, 1], "lands_in": 2}
  inventory slot (1,1) at (1475, 236)
    read: current min 187,000,000, price field 187,000,000, net sales 187,000,000, week average 191,433,039, listed at 187,364,780
    the lowest listed price is 187,000,000, from the row and 3 more
    market 186,999,999 is under the 187,364,780 floor (it is worth what it cost); listing at the floor
    market 187,000,000, typing 187,364,780, 364,780 over the market
    net sales 187,364,780 is 1 x 187,364,780
  typed 250; the net sales make it 1
    the panel holds 187,364,780 against the 187,364,780 typed
  tab 4 read in 25 ms after the listing: 0 slot(s) held

  list 1 at 187,364,780
    #         ms   share  step
    1       22.2    0.4%  read the panel before loading
    2       16.5    0.3%  wait for slot (1,1) to fill
    3      813.5   14.1%  ctrl-click (1,1) attempt 1
    4      601.1   10.5%  read the suggested price
    5     1664.1   28.9%  type the price 187,364,780
    6      947.7   16.5%  type the quantity 250
    7      313.5    5.5%  take the quantity from the net sales
    8       98.9    1.7%  read the price back before Register
    9      317.3    5.5%  click Register
   10       95.1    1.7%  find Confirmation
   11       20.8    0.4%  look for the underprice question
   12      311.8    5.4%  click Confirmation
   13      251.4    4.4%  park
   14      233.9    4.1%  confirm the dialog is gone
   15       19.7    0.3%  wait for the panel to let the item go
   16       24.8    0.4%  read tab 4 after the listing
          5752.1  100.0%  TOTAL
  listed 1 at 187,364,780; it lands in row 2
DONE {"kind": "relist", "row": 2, "lands_in": 2, "qty": 1, "price": 187364780, "item": "Armor Account bind Unseal Stone"}
    relisted 1 at 187,364,780 in row 2, 8 relist(s) on the floor now
  tab 4 known from the last listing: 0 slot(s) held
  row 3: 'Armor Account bind Seal Stone' x2 at 187,364,780 -> tab 4 slot (1, 1)
    floor 187,364,780 from what it cost; listed at 187,364,780, above it
TASK {"kind": "relist", "row": 3, "item": "Armor Account bind Seal Stone", "qty": 2, "price": 187364780, "tab": 4, "slot": [1, 1], "lands_in": 3}
  inventory slot (1,1) at (1475, 236)
    read: current min 187,000,000, price field 187,000,000, net sales 187,000,000, week average 189,694,905, listed at 187,364,780
    the lowest listed price is 187,000,000, from the row and 3 more
    market 186,999,999 is under the 187,364,780 floor (it is worth what it cost); listing at the floor
    market 187,000,000, typing 187,364,780, 364,780 over the market
    net sales 374,729,560 is 2 x 187,364,780
  typed 250; the net sales make it 2
    the panel holds 187,364,780 against the 187,364,780 typed
  tab 4 read in 25 ms after the listing: 0 slot(s) held

  list 2 at 187,364,780
    #         ms   share  step
    1       20.8    0.4%  read the panel before loading
    2       20.1    0.3%  wait for slot (1,1) to fill
    3      816.5   14.2%  ctrl-click (1,1) attempt 1
    4      603.6   10.5%  read the suggested price
    5     1662.1   28.9%  type the price 187,364,780
    6      950.4   16.5%  type the quantity 250
    7      313.4    5.4%  take the quantity from the net sales
    8       94.2    1.6%  read the price back before Register
    9      314.1    5.5%  click Register
   10       98.2    1.7%  find Confirmation
   11       18.9    0.3%  look for the underprice question
   12      312.1    5.4%  click Confirmation
   13      250.7    4.4%  park
   14      235.7    4.1%  confirm the dialog is gone
   15       17.8    0.3%  wait for the panel to let the item go
   16       24.6    0.4%  read tab 4 after the listing
          5753.2  100.0%  TOTAL
  listed 2 at 187,364,780; it lands in row 3
DONE {"kind": "relist", "row": 3, "lands_in": 3, "qty": 2, "price": 187364780, "item": "Armor Account bind Seal Stone"}
    relisted 2 at 187,364,780 in row 3, 8 relist(s) on the floor now
  tab 4 known from the last listing: 0 slot(s) held
  row 4: 'Force Core (Ultimate' x64 at 383,810 -> tab 4 slot (1, 1)
    floor 374,843 (374,843 x 1) from Force Core Set (Ultimate) as last bought; listed at 383,810, above it
TASK {"kind": "relist", "row": 4, "item": "Force Core (Ultimate", "qty": 64, "price": 383810, "tab": 4, "slot": [1, 1], "lands_in": 4}
  inventory slot (1,1) at (1475, 236)
    read: current min 383,805, price field 383,805, net sales 383,805, week average 407,170, listed at 383,810
    the lowest listed price is 383,805, from the row and 3 more
    market 383,805, typing 383,804, 1 under the market
    net sales 24,563,456 is 64 x 383,804
  typed 250; the net sales make it 64
    the panel holds 383,804 against the 383,804 typed
  tab 4 read in 21 ms after the listing: 0 slot(s) held

  list 64 at 383,804
    #         ms   share  step
    1       21.2    0.4%  read the panel before loading
    2       18.9    0.3%  wait for slot (1,1) to fill
    3      807.7   14.7%  ctrl-click (1,1) attempt 1
    4      580.9   10.6%  read the suggested price
    5     1447.5   26.4%  type the price 383,804
    6      945.8   17.3%  type the quantity 250
    7      309.1    5.6%  take the quantity from the net sales
    8       89.3    1.6%  read the price back before Register
    9      310.6    5.7%  click Register
   10       90.5    1.7%  find Confirmation
   11       19.5    0.4%  look for the underprice question
   12      311.3    5.7%  click Confirmation
   13      251.4    4.6%  park
   14      235.5    4.3%  confirm the dialog is gone
   15       16.9    0.3%  wait for the panel to let the item go
   16       20.9    0.4%  read tab 4 after the listing
          5476.9  100.0%  TOTAL
  listed 64 at 383,804; it lands in row 4
DONE {"kind": "relist", "row": 4, "lands_in": 4, "qty": 64, "price": 383804, "item": "Force Core (Ultimate"}
    relisted 64 at 383,804 in row 4
  tab 4 known from the last listing: 0 slot(s) held
  row 5: 'Arionell' x1 at 299,185,713 -> tab 4 slot (1, 1)
    floor 281,047,170 from what it cost; listed at 299,185,713, above it
TASK {"kind": "relist", "row": 5, "item": "Arionell", "qty": 1, "price": 299185713, "tab": 4, "slot": [1, 1], "lands_in": 5}
  inventory slot (1,1) at (1475, 236)
    read: current min 260,000,000, price field 260,000,000, net sales 260,000,000, week average 310,004,285, listed at 299,185,713
    the lowest listed price is 260,000,000, from the row and 3 more
    the market asks 259,999,999, 39,185,714 under our 299,185,713; holding at 298,185,713, the most this row may fall in one relist
    market 260,000,000, typing 298,185,713, 38,185,713 over the market
    net sales 298,185,713 is 1 x 298,185,713
  typed 250; the net sales make it 1
    the panel holds 298,185,713 against the 298,185,713 typed
  tab 4 read in 22 ms after the listing: 0 slot(s) held

  list 1 at 298,185,713
    #         ms   share  step
    1       20.3    0.4%  read the panel before loading
    2       21.1    0.4%  wait for slot (1,1) to fill
    3      813.9   14.3%  ctrl-click (1,1) attempt 1
    4      587.1   10.3%  read the suggested price
    5     1654.5   29.0%  type the price 298,185,713
    6      946.3   16.6%  type the quantity 250
    7      313.5    5.5%  take the quantity from the net sales
    8       94.2    1.7%  read the price back before Register
    9      309.9    5.4%  click Register
   10       91.9    1.6%  find Confirmation
   11       19.1    0.3%  look for the underprice question
   12      309.7    5.4%  click Confirmation
   13      251.2    4.4%  park
   14      231.4    4.1%  confirm the dialog is gone
   15       17.3    0.3%  wait for the panel to let the item go
   16       21.8    0.4%  read tab 4 after the listing
          5703.0  100.0%  TOTAL
  listed 1 at 298,185,713; it lands in row 5
DONE {"kind": "relist", "row": 5, "lands_in": 5, "qty": 1, "price": 298185713, "item": "Arionell"}
    relisted 1 at 298,185,713 in row 5
  tab 4 known from the last listing: 0 slot(s) held
  row 6: 'Upgrade Core (Ultimate' x15 at 536,681 -> tab 4 slot (1, 1)
    floor 469,773 (469,773 x 1) from Upgrade Core Set (Ultimate) as last bought; listed at 536,681, above it
TASK {"kind": "relist", "row": 6, "item": "Upgrade Core (Ultimate", "qty": 15, "price": 536681, "tab": 4, "slot": [1, 1], "lands_in": 6}
  inventory slot (1,1) at (1475, 236)
    read: current min 536,674, price field 536,674, net sales 536,674, week average 472,513, listed at 536,681
    the lowest listed price is 536,674, from the row and 3 more
    market 536,674, typing 536,673, 1 under the market
    net sales 8,050,095 is 15 x 536,673
  typed 250; the net sales make it 15
    the panel holds 536,673 against the 536,673 typed
  tab 4 read in 20 ms after the listing: 0 slot(s) held

  list 15 at 536,673
    #         ms   share  step
    1       17.4    0.3%  read the panel before loading
    2       18.9    0.3%  wait for slot (1,1) to fill
    3      812.3   14.9%  ctrl-click (1,1) attempt 1
    4      580.2   10.6%  read the suggested price
    5     1441.8   26.4%  type the price 536,673
    6      945.7   17.3%  type the quantity 250
    7      303.5    5.5%  take the quantity from the net sales
    8       92.3    1.7%  read the price back before Register
    9      309.4    5.7%  click Register
   10       95.6    1.7%  find Confirmation
   11       16.2    0.3%  look for the underprice question
   12      307.5    5.6%  click Confirmation
   13      251.0    4.6%  park
   14      242.1    4.4%  confirm the dialog is gone
   15       15.4    0.3%  wait for the panel to let the item go
   16       19.8    0.4%  read tab 4 after the listing
          5469.1  100.0%  TOTAL
  listed 15 at 536,673; it lands in row 6
DONE {"kind": "relist", "row": 6, "lands_in": 6, "qty": 15, "price": 536673, "item": "Upgrade Core (Ultimate"}
    relisted 15 at 536,673 in row 6
  tab 4 known from the last listing: 0 slot(s) held
  row 7: 'Force Core (Ultimate' x190 at 383,809 -> tab 4 slot (1, 1)
    floor 374,843 (374,843 x 1) from Force Core Set (Ultimate) as last bought; listed at 383,809, above it
TASK {"kind": "relist", "row": 7, "item": "Force Core (Ultimate", "qty": 190, "price": 383809, "tab": 4, "slot": [1, 1], "lands_in": 7}
  inventory slot (1,1) at (1475, 236)
    read: current min 383,804, price field 383,804, net sales 383,804, week average 407,170, listed at 383,809
    the lowest listed price is 383,804, from the row and 3 more
    market 383,804, typing 383,803, 1 under the market
    net sales 72,922,570 is 190 x 383,803
  typed 250; the net sales make it 190
    the panel holds 383,803 against the 383,803 typed
  tab 4 read in 19 ms after the listing: 0 slot(s) held

  list 190 at 383,803
    #         ms   share  step
    1       20.4    0.4%  read the panel before loading
    2       19.5    0.4%  wait for slot (1,1) to fill
    3      807.7   14.8%  ctrl-click (1,1) attempt 1
    4      580.8   10.6%  read the suggested price
    5     1439.8   26.3%  type the price 383,803
    6      947.1   17.3%  type the quantity 250
    7      308.4    5.6%  take the quantity from the net sales
    8       92.2    1.7%  read the price back before Register
    9      307.9    5.6%  click Register
   10       94.0    1.7%  find Confirmation
   11       18.0    0.3%  look for the underprice question
   12      308.7    5.6%  click Confirmation
   13      251.1    4.6%  park
   14      238.8    4.4%  confirm the dialog is gone
   15       19.1    0.3%  wait for the panel to let the item go
   16       19.4    0.4%  read tab 4 after the listing
          5473.1  100.0%  TOTAL
  listed 190 at 383,803; it lands in row 7
DONE {"kind": "relist", "row": 7, "lands_in": 7, "qty": 190, "price": 383803, "item": "Force Core (Ultimate"}
    relisted 190 at 383,803 in row 7
  tab 4 known from the last listing: 0 slot(s) held
  row 8: 'Force Core(Highest' x166 at 195,487 -> tab 4 slot (1, 1)
    floor 195,487 (195,487 x 1) from Force Core Set (Highest) as last bought; listed at 195,487, above it
TASK {"kind": "relist", "row": 8, "item": "Force Core(Highest", "qty": 166, "price": 195487, "tab": 4, "slot": [1, 1], "lands_in": 8}
  inventory slot (1,1) at (1475, 236)
    read: current min 195,482, price field 195,482, net sales 195,482, week average 210,472, listed at 195,487
    the lowest listed price is 195,482, from the row and 3 more
    market 195,481 is under the 195,487 floor (a Force Core Set (Highest) as last bought costs 195,487); listing at the floor
    market 195,482, typing 195,487, 5 over the market
    net sales 32,450,842 is 166 x 195,487
  typed 250; the net sales make it 166
    the panel holds 195,487 against the 195,487 typed
  tab 4 read in 20 ms after the listing: 0 slot(s) held

  list 166 at 195,487
    #         ms   share  step
    1       22.1    0.4%  read the panel before loading
    2       17.0    0.3%  wait for slot (1,1) to fill
    3      808.0   14.8%  ctrl-click (1,1) attempt 1
    4      580.2   10.6%  read the suggested price
    5     1440.0   26.3%  type the price 195,487
    6      945.6   17.3%  type the quantity 250
    7      308.5    5.6%  take the quantity from the net sales
    8       92.0    1.7%  read the price back before Register
    9      310.2    5.7%  click Register
   10       99.3    1.8%  find Confirmation
   11       16.6    0.3%  look for the underprice question
   12      308.1    5.6%  click Confirmation
   13      250.8    4.6%  park
   14      234.5    4.3%  confirm the dialog is gone
   15       19.1    0.3%  wait for the panel to let the item go
   16       20.4    0.4%  read tab 4 after the listing
          5472.4  100.0%  TOTAL
  listed 166 at 195,487; it lands in row 8
DONE {"kind": "relist", "row": 8, "lands_in": 8, "qty": 166, "price": 195487, "item": "Force Core(Highest"}
    relisted 166 at 195,487 in row 8, 6 relist(s) on the floor now
  tab 4 known from the last listing: 0 slot(s) held
  row 9: 'Chaos Core' x1 at 743,121 -> tab 4 slot (1, 1)
    floor 743,777 (743,777 x 1) from what it cost; listed at 743,121, UNDER the floor
TASK {"kind": "relist", "row": 9, "item": "Chaos Core", "qty": 1, "price": 743121, "tab": 4, "slot": [1, 1], "lands_in": 9}
    row 9 is the Chaos Core special row; listing at 691 under the market, no floor
  inventory slot (1,1) at (1475, 236)
    read: current min 741,896, price field 741,896, net sales 741,896, week average 718,532, listed at unread
    the lowest listed price is 741,896, from the row and 2 more
    market 741,896, typing 741,205, 691 under the market
    net sales 741,205 is 1 x 741,205
  typed 250; the net sales make it 1
    the panel holds 741,205 against the 741,205 typed
  tab 4 read in 24 ms after the listing: 0 slot(s) held

  list 1 at 741,205
    #         ms   share  step
    1       18.9    0.3%  read the panel before loading
    2       16.8    0.3%  wait for slot (1,1) to fill
    3      811.9   14.8%  ctrl-click (1,1) attempt 1
    4      583.9   10.7%  read the suggested price
    5     1442.9   26.3%  type the price 741,205
    6      944.2   17.2%  type the quantity 250
    7      302.5    5.5%  take the quantity from the net sales
    8       95.4    1.7%  read the price back before Register
    9      306.8    5.6%  click Register
   10       94.9    1.7%  find Confirmation
   11       18.2    0.3%  look for the underprice question
   12      308.0    5.6%  click Confirmation
   13      251.4    4.6%  park
   14      240.6    4.4%  confirm the dialog is gone
   15       17.7    0.3%  wait for the panel to let the item go
   16       23.7    0.4%  read tab 4 after the listing
          5478.0  100.0%  TOTAL
  listed 1 at 741,205; it lands in row 9
DONE {"kind": "relist", "row": 9, "lands_in": 9, "qty": 1, "price": 741205, "item": "Chaos Core"}
    relisted 1 at 741,205 in row 9
  tab 4 known from the last listing: 0 slot(s) held
  row 10: 'Upgrade Core (Ultimate' x20 at 536,679 -> tab 4 slot (1, 1)
    floor 469,773 (469,773 x 1) from what it cost; listed at 536,679, above it
TASK {"kind": "relist", "row": 10, "item": "Upgrade Core (Ultimate", "qty": 20, "price": 536679, "tab": 4, "slot": [1, 1], "lands_in": 10}
  inventory slot (1,1) at (1475, 236)
    read: current min 536,673, price field 536,673, net sales 536,673, week average 472,513, listed at 536,679
    the lowest listed price is 536,673, from the row and 3 more
    market 536,673, typing 536,672, 1 under the market
    net sales 10,733,440 is 20 x 536,672
  typed 250; the net sales make it 20
    the panel holds 536,672 against the 536,672 typed
  tab 4 read in 25 ms after the listing: 0 slot(s) held

  list 20 at 536,672
    #         ms   share  step
    1       27.8    0.5%  read the panel before loading
    2       23.4    0.4%  wait for slot (1,1) to fill
    3      818.4   14.7%  ctrl-click (1,1) attempt 1
    4      591.9   10.7%  read the suggested price
    5     1449.2   26.1%  type the price 536,672
    6      945.6   17.0%  type the quantity 250
    7      314.0    5.7%  take the quantity from the net sales
    8       95.2    1.7%  read the price back before Register
    9      311.9    5.6%  click Register
   10       98.3    1.8%  find Confirmation
   11       19.4    0.3%  look for the underprice question
   12      311.8    5.6%  click Confirmation
   13      251.0    4.5%  park
   14      252.4    4.5%  confirm the dialog is gone
   15       19.2    0.3%  wait for the panel to let the item go
   16       24.5    0.4%  read tab 4 after the listing
          5554.1  100.0%  TOTAL
  listed 20 at 536,672; it lands in row 10
DONE {"kind": "relist", "row": 10, "lands_in": 10, "qty": 20, "price": 536672, "item": "Upgrade Core (Ultimate"}
    relisted 20 at 536,672 in row 10
  tab 4 known from the last listing: 0 slot(s) held
  row 11: 'Force Core(Highest' x250 at 195,487 -> tab 4 slot (1, 1)
    floor 195,487 (195,487 x 1) from Force Core Set (Highest) as last bought; listed at 195,487, above it
TASK {"kind": "relist", "row": 11, "item": "Force Core(Highest", "qty": 250, "price": 195487, "tab": 4, "slot": [1, 1], "lands_in": 11}
  inventory slot (1,1) at (1475, 236)
    read: current min 195,482, price field 195,482, net sales 195,482, week average 210,472, listed at 195,487
    the lowest listed price is 195,482, from the row and 3 more
    market 195,481 is under the 195,487 floor (a Force Core Set (Highest) as last bought costs 195,487); listing at the floor
    market 195,482, typing 195,487, 5 over the market
    net sales 48,871,750 is 250 x 195,487
  typed 250; the net sales make it 250
    the panel holds 195,487 against the 195,487 typed
  tab 4 read in 25 ms after the listing: 0 slot(s) held

  list 250 at 195,487
    #         ms   share  step
    1       18.3    0.3%  read the panel before loading
    2       19.9    0.4%  wait for slot (1,1) to fill
    3      808.3   14.7%  ctrl-click (1,1) attempt 1
    4      593.1   10.8%  read the suggested price
    5     1445.6   26.2%  type the price 195,487
    6      949.5   17.2%  type the quantity 250
    7      309.7    5.6%  take the quantity from the net sales
    8       96.2    1.7%  read the price back before Register
    9      310.6    5.6%  click Register
   10       99.6    1.8%  find Confirmation
   11       16.0    0.3%  look for the underprice question
   12      309.5    5.6%  click Confirmation
   13      251.4    4.6%  park
   14      241.1    4.4%  confirm the dialog is gone
   15       20.6    0.4%  wait for the panel to let the item go
   16       24.8    0.4%  read tab 4 after the listing
          5514.3  100.0%  TOTAL
  listed 250 at 195,487; it lands in row 11
DONE {"kind": "relist", "row": 11, "lands_in": 11, "qty": 250, "price": 195487, "item": "Force Core(Highest"}
    relisted 250 at 195,487 in row 11, 7 relist(s) on the floor now
  tab 4 known from the last listing: 0 slot(s) held
  row 12: 'Force Core(Highest' x136 at 195,487 -> tab 4 slot (1, 1)
    floor 195,487 (195,487 x 1) from Force Core Set (Highest) as last bought; listed at 195,487, above it
TASK {"kind": "relist", "row": 12, "item": "Force Core(Highest", "qty": 136, "price": 195487, "tab": 4, "slot": [1, 1], "lands_in": 12}
  inventory slot (1,1) at (1475, 236)
    read: current min 195,482, price field 195,482, net sales 195,482, week average 210,472, listed at 195,487
    the lowest listed price is 195,482, from the row and 3 more
    market 195,481 is under the 195,487 floor (a Force Core Set (Highest) as last bought costs 195,487); listing at the floor
    market 195,482, typing 195,487, 5 over the market
    net sales 26,586,232 is 136 x 195,487
  typed 250; the net sales make it 136
    the panel holds 195,487 against the 195,487 typed
  tab 4 read in 26 ms after the listing: 0 slot(s) held

  list 136 at 195,487
    #         ms   share  step
    1       16.9    0.3%  read the panel before loading
    2       15.3    0.3%  wait for slot (1,1) to fill
    3      809.5   14.7%  ctrl-click (1,1) attempt 1
    4      592.6   10.8%  read the suggested price
    5     1449.6   26.3%  type the price 195,487
    6      955.1   17.3%  type the quantity 250
    7      311.1    5.6%  take the quantity from the net sales
    8       91.7    1.7%  read the price back before Register
    9      307.9    5.6%  click Register
   10      100.0    1.8%  find Confirmation
   11       17.0    0.3%  look for the underprice question
   12      308.8    5.6%  click Confirmation
   13      251.0    4.6%  park
   14      240.2    4.4%  confirm the dialog is gone
   15       17.3    0.3%  wait for the panel to let the item go
   16       26.1    0.5%  read tab 4 after the listing
          5510.1  100.0%  TOTAL
  listed 136 at 195,487; it lands in row 12
DONE {"kind": "relist", "row": 12, "lands_in": 12, "qty": 136, "price": 195487, "item": "Force Core(Highest"}
    relisted 136 at 195,487 in row 12, 7 relist(s) on the floor now
    the quantity column read 'il', which holds no digits, so it is the end of the name and not a count; reading the row as 'Palladium Headpiece(BL) il' and letting the panel count what is there
  tab 4 known from the last listing: 0 slot(s) held
  row 13: 'Palladium Headpiece(BL) (anal (anal' x1 at 2,399,997 -> tab 4 slot (1, 1)
    the quantity column read 'il', which holds no digits, so it is the end of the name and not a count; reading the row as 'Palladium Headpiece(BL) il' and letting the panel count what is there
    no floor for 'Palladium Headpiece(BL) (anal (anal'
TASK {"kind": "relist", "row": 13, "item": "Palladium Headpiece(BL) (anal (anal", "qty": 1, "price": 2399997, "tab": 4, "slot": [1, 1], "lands_in": 13}
  inventory slot (1,1) at (1475, 236)
    read: current min 2,399,997, price field 2,399,997, net sales 2,399,997, week average 3,094,690, listed at 2,399,997
    the lowest listed price is 2,399,997, from the row and 3 more
    market 2,399,997, typing 2,399,996, 1 under the market
    net sales 2,399,996 is 1 x 2,399,996
  typed 250; the net sales make it 1
    the panel holds 2,399,996 against the 2,399,996 typed
  tab 4 read in 22 ms after the listing: 0 slot(s) held

  list 1 at 2,399,996
    #         ms   share  step
    1       19.5    0.3%  read the panel before loading
    2       17.4    0.3%  wait for slot (1,1) to fill
    3      808.4   14.5%  ctrl-click (1,1) attempt 1
    4      592.6   10.6%  read the suggested price
    5     1514.6   27.1%  type the price 2,399,996
    6      948.2   17.0%  type the quantity 250
    7      310.2    5.5%  take the quantity from the net sales
    8       96.8    1.7%  read the price back before Register
    9      313.7    5.6%  click Register
   10       98.0    1.8%  find Confirmation
   11       19.2    0.3%  look for the underprice question
   12      316.2    5.7%  click Confirmation
   13      251.1    4.5%  park
   14      246.4    4.4%  confirm the dialog is gone
   15       19.0    0.3%  wait for the panel to let the item go
   16       21.7    0.4%  read tab 4 after the listing
          5593.1  100.0%  TOTAL
  listed 1 at 2,399,996; it lands in row 13
DONE {"kind": "relist", "row": 13, "lands_in": 13, "qty": 1, "price": 2399996, "item": "Palladium Headpiece(BL) (anal (anal"}
    relisted 1 at 2,399,996 in row 13
    the quantity column read 'il', which holds no digits, so it is the end of the name and not a count; reading the row as 'Palladium Headgear(FB) il' and letting the panel count what is there
  tab 4 known from the last listing: 0 slot(s) held
  row 14: 'Palladium Headgear(FB) Lalla' x1 at 988,999 -> tab 4 slot (1, 1)
    the quantity column read 'il', which holds no digits, so it is the end of the name and not a count; reading the row as 'Palladium Headgear(FB) il' and letting the panel count what is there
    no floor for 'Palladium Headgear(FB) Lalla'
TASK {"kind": "relist", "row": 14, "item": "Palladium Headgear(FB) Lalla", "qty": 1, "price": 988999, "tab": 4, "slot": [1, 1], "lands_in": 14}
  inventory slot (1,1) at (1475, 236)
    read: current min 989,000, price field 989,000, net sales 989,000, week average 1,065,959, listed at 988,999
    the lowest listed price is 989,000, from the row and 3 more
    market 989,000, typing 988,999, 1 under the market
    net sales 988,999 is 1 x 988,999
  typed 250; the net sales make it 1
    the panel holds 988,999 against the 988,999 typed
  tab 4 read in 25 ms after the listing: 0 slot(s) held

  list 1 at 988,999
    #         ms   share  step
    1       21.1    0.4%  read the panel before loading
    2       19.8    0.4%  wait for slot (1,1) to fill
    3      814.8   14.5%  ctrl-click (1,1) attempt 1
    4      676.1   12.1%  read the suggested price
    5     1443.6   25.7%  type the price 988,999
    6      952.0   17.0%  type the quantity 250
    7      307.2    5.5%  take the quantity from the net sales
    8       95.9    1.7%  read the price back before Register
    9      309.5    5.5%  click Register
   10       97.8    1.7%  find Confirmation
   11       20.0    0.4%  look for the underprice question
   12      311.3    5.6%  click Confirmation
   13      250.7    4.5%  park
   14      244.2    4.4%  confirm the dialog is gone
   15       18.3    0.3%  wait for the panel to let the item go
   16       25.0    0.4%  read tab 4 after the listing
          5607.4  100.0%  TOTAL
  listed 1 at 988,999; it lands in row 14
DONE {"kind": "relist", "row": 14, "lands_in": 14, "qty": 1, "price": 988999, "item": "Palladium Headgear(FB) Lalla"}
    relisted 1 at 988,999 in row 14
    the quantity column read 'il', which holds no digits, so it is the end of the name and not a count; reading the row as 'Palladium Headgear(FA) il' and letting the panel count what is there
  tab 4 known from the last listing: 0 slot(s) held
  row 15: 'Palladium Headgear(FA) (anal (anal' x1 at 9,880,000 -> tab 4 slot (1, 1)
    the quantity column read 'il', which holds no digits, so it is the end of the name and not a count; reading the row as 'Palladium Headgear(FA) il' and letting the panel count what is there
    no floor for 'Palladium Headgear(FA) (anal (anal'
TASK {"kind": "relist", "row": 15, "item": "Palladium Headgear(FA) (anal (anal", "qty": 1, "price": 9880000, "tab": 4, "slot": [1, 1], "lands_in": 15}
  inventory slot (1,1) at (1475, 236)
    read: current min 3,224,985, price field 3,224,985, net sales 3,224,985, week average 3,309,683, listed at 9,880,000
    the lowest listed price is 3,224,985, from the row and 3 more
    the market asks 3,224,984, 6,655,016 under our 9,880,000; holding at 9,870,000, the most this row may fall in one relist
    market 3,224,985, typing 9,870,000, 6,645,015 over the market
    net sales 9,870,000 is 1 x 9,870,000
  typed 250; the net sales make it 1
    the panel holds 9,870,000 against the 9,870,000 typed
  tab 4 read in 25 ms after the listing: 0 slot(s) held

  list 1 at 9,870,000
    #         ms   share  step
    1       19.4    0.3%  read the panel before loading
    2       18.3    0.3%  wait for slot (1,1) to fill
    3      809.4   14.5%  ctrl-click (1,1) attempt 1
    4      605.0   10.8%  read the suggested price
    5     1516.7   27.1%  type the price 9,870,000
    6      949.6   17.0%  type the quantity 250
    7      307.9    5.5%  take the quantity from the net sales
    8       94.9    1.7%  read the price back before Register
    9      310.1    5.5%  click Register
   10       97.4    1.7%  find Confirmation
   11       20.2    0.4%  look for the underprice question
   12      311.5    5.6%  click Confirmation
   13      250.7    4.5%  park
   14      243.3    4.3%  confirm the dialog is gone
   15       18.3    0.3%  wait for the panel to let the item go
   16       24.7    0.4%  read tab 4 after the listing
          5597.5  100.0%  TOTAL
  listed 1 at 9,870,000; it lands in row 15
DONE {"kind": "relist", "row": 15, "lands_in": 15, "qty": 1, "price": 9870000, "item": "Palladium Headgear(FA) (anal (anal"}
    relisted 1 at 9,870,000 in row 15
    the quantity column read 'il', which holds no digits, so it is the end of the name and not a count; reading the row as 'Palladium Boots(FA) il' and letting the panel count what is there
  tab 4 known from the last listing: 0 slot(s) held
  row 16: 'Palladium Boots(FA) Lalla' x2 at 1,299,997 -> tab 4 slot (1, 1)
    the quantity column read 'il', which holds no digits, so it is the end of the name and not a count; reading the row as 'Palladium Boots(FA) il' and letting the panel count what is there
    no floor for 'Palladium Boots(FA) Lalla'
TASK {"kind": "relist", "row": 16, "item": "Palladium Boots(FA) Lalla", "qty": 2, "price": 1299997, "tab": 4, "slot": [1, 1], "lands_in": 16}
  inventory slot (1,1) at (1475, 236)
    read: current min 1,299,998, price field 1,299,998, net sales 1,299,998, week average 1,593,780, listed at 1,299,997
    the lowest listed price is 1,299,998, from the row and 3 more
    market 1,299,998, typing 1,299,997, 1 under the market
    net sales 2,599,994 is 2 x 1,299,997
  typed 250; the net sales make it 2
    the panel holds 1,299,997 against the 1,299,997 typed
  tab 4 read in 21 ms after the listing: 0 slot(s) held

  list 2 at 1,299,997
    #         ms   share  step
    1       18.4    0.3%  read the panel before loading
    2       17.1    0.3%  wait for slot (1,1) to fill
    3      810.8   14.4%  ctrl-click (1,1) attempt 1
    4      660.5   11.7%  read the suggested price
    5     1513.9   26.9%  type the price 1,299,997
    6      948.2   16.8%  type the quantity 250
    7      306.5    5.4%  take the quantity from the net sales
    8       97.9    1.7%  read the price back before Register
    9      308.1    5.5%  click Register
   10       93.5    1.7%  find Confirmation
   11       20.0    0.4%  look for the underprice question
   12      307.6    5.5%  click Confirmation
   13      251.1    4.5%  park
   14      235.1    4.2%  confirm the dialog is gone
   15       18.0    0.3%  wait for the panel to let the item go
   16       20.8    0.4%  read tab 4 after the listing
          5627.3  100.0%  TOTAL
  listed 2 at 1,299,997; it lands in row 16
DONE {"kind": "relist", "row": 16, "lands_in": 16, "qty": 2, "price": 1299997, "item": "Palladium Boots(FA) Lalla"}
    relisted 2 at 1,299,997 in row 16
    the quantity column read 'il', which holds no digits, so it is the end of the name and not a count; reading the row as 'Palladium Shoes(W1) il' and letting the panel count what is there
  tab 4 known from the last listing: 0 slot(s) held
  row 17: 'Palladium Shoes(W1) Lalla' x2 at 749,998 -> tab 4 slot (1, 1)
    the quantity column read 'il', which holds no digits, so it is the end of the name and not a count; reading the row as 'Palladium Shoes(W1) il' and letting the panel count what is there
    no floor for 'Palladium Shoes(W1) Lalla'
TASK {"kind": "relist", "row": 17, "item": "Palladium Shoes(W1) Lalla", "qty": 2, "price": 749998, "tab": 4, "slot": [1, 1], "lands_in": 17}
  inventory slot (1,1) at (1475, 236)
    read: current min 749,999, price field 749,999, net sales 749,999, week average 702,777, listed at 749,998
    the lowest listed price is 749,999, from the row and 3 more
    market 749,999, typing 749,998, 1 under the market
    net sales 1,499,996 is 2 x 749,998
  typed 250; the net sales make it 2
    the panel holds 749,998 against the 749,998 typed
  tab 4 read in 23 ms after the listing: 0 slot(s) held

  list 2 at 749,998
    #         ms   share  step
    1       18.9    0.3%  read the panel before loading
    2       19.3    0.4%  wait for slot (1,1) to fill
    3      807.2   14.7%  ctrl-click (1,1) attempt 1
    4      584.6   10.7%  read the suggested price
    5     1440.1   26.3%  type the price 749,998
    6      948.1   17.3%  type the quantity 250
    7      308.9    5.6%  take the quantity from the net sales
    8       92.4    1.7%  read the price back before Register
    9      311.3    5.7%  click Register
   10       93.7    1.7%  find Confirmation
   11       19.4    0.4%  look for the underprice question
   12      307.0    5.6%  click Confirmation
   13      250.7    4.6%  park
   14      240.5    4.4%  confirm the dialog is gone
   15       19.3    0.4%  wait for the panel to let the item go
   16       23.5    0.4%  read tab 4 after the listing
          5485.0  100.0%  TOTAL
  listed 2 at 749,998; it lands in row 17
DONE {"kind": "relist", "row": 17, "lands_in": 17, "qty": 2, "price": 749998, "item": "Palladium Shoes(W1) Lalla"}
    relisted 2 at 749,998 in row 17
    the quantity column read 'il', which holds no digits, so it is the end of the name and not a count; reading the row as 'Palladium Coat (FG) il' and letting the panel count what is there
  tab 4 known from the last listing: 0 slot(s) held
  row 18: 'Palladium Coat (FG) Lalla' x1 at 999,997 -> tab 4 slot (1, 1)
    the quantity column read 'il', which holds no digits, so it is the end of the name and not a count; reading the row as 'Palladium Coat (FG) il' and letting the panel count what is there
    no floor for 'Palladium Coat (FG) Lalla'
TASK {"kind": "relist", "row": 18, "item": "Palladium Coat (FG) Lalla", "qty": 1, "price": 999997, "tab": 4, "slot": [1, 1], "lands_in": 18}
  inventory slot (1,1) at (1475, 236)
    read: current min 999,998, price field 999,998, net sales 999,998, week average 2,344,358, listed at 999,997
    the lowest listed price is 999,998, from the row and 3 more
    market 999,998, typing 999,997, 1 under the market
    net sales 999,997 is 1 x 999,997
  typed 250; the net sales make it 1
    the panel holds 999,997 against the 999,997 typed
    the game asks again because 999,997 is at least 25% under its average for this item; accepting
  tab 4 read in 21 ms after the listing: 0 slot(s) held

  list 1 at 999,997
    #         ms   share  step
    1       23.6    0.3%  read the panel before loading
    2       17.6    0.3%  wait for slot (1,1) to fill
    3      807.6   11.9%  ctrl-click (1,1) attempt 1
    4      580.9    8.6%  read the suggested price
    5     1443.8   21.4%  type the price 999,997
    6      945.7   14.0%  type the quantity 250
    7      306.1    4.5%  take the quantity from the net sales
    8       91.2    1.3%  read the price back before Register
    9      308.0    4.6%  click Register
   10       95.4    1.4%  find Confirmation
   11      139.5    2.1%  look for the underprice question
   12      308.5    4.6%  click Confirmation on the question
   13       16.4    0.2%  wait for the question to go
   14      750.8   11.1%  park before the dialog takes another click at the same point
   15       93.5    1.4%  find Confirmation on the real dialog
   16      310.0    4.6%  click Confirmation
   17      251.0    3.7%  park
   18      232.3    3.4%  confirm the dialog is gone
   19       17.2    0.3%  wait for the panel to let the item go
   20       21.0    0.3%  read tab 4 after the listing
          6759.9  100.0%  TOTAL
  listed 1 at 999,997; it lands in row 18
DONE {"kind": "relist", "row": 18, "lands_in": 18, "qty": 1, "price": 999997, "item": "Palladium Coat (FG) Lalla"}
    relisted 1 at 999,997 in row 18
  tab 4 known from the last listing: 0 slot(s) held
  row 19: 'Chaos Core Set X 291' x1 at 218,164,445 -> tab 4 slot (1, 1)
    floor 214,753,635 (737,985 x 291) from Chaos Core as last bought; listed at 218,164,445, above it
TASK {"kind": "relist", "row": 19, "item": "Chaos Core Set X 291", "qty": 1, "price": 218164445, "tab": 4, "slot": [1, 1], "lands_in": 19}
  inventory slot (1,1) at (1475, 236)
    read: current min 218,161,827, price field 218,161,827, net sales 218,161,827, week average 212,375,292, listed at 218,164,445
    the lowest listed price is 218,161,827, from the row and 3 more
    market 218,161,827, typing 218,161,826, 1 under the market
    net sales 218,161,826 is 1 x 218,161,826
  typed 250; the net sales make it 1
    the panel holds 218,161,826 against the 218,161,826 typed
  tab 4 read in 21 ms after the listing: 0 slot(s) held

  list 1 at 218,161,826
    #         ms   share  step
    1       18.3    0.3%  read the panel before loading
    2       17.2    0.3%  wait for slot (1,1) to fill
    3      815.9   14.3%  ctrl-click (1,1) attempt 1
    4      597.8   10.4%  read the suggested price
    5     1661.8   29.0%  type the price 218,161,826
    6      952.6   16.7%  type the quantity 250
    7      308.5    5.4%  take the quantity from the net sales
    8       93.1    1.6%  read the price back before Register
    9      313.3    5.5%  click Register
   10       92.9    1.6%  find Confirmation
   11       17.1    0.3%  look for the underprice question
   12      307.1    5.4%  click Confirmation
   13      250.9    4.4%  park
   14      235.6    4.1%  confirm the dialog is gone
   15       18.1    0.3%  wait for the panel to let the item go
   16       20.7    0.4%  read tab 4 after the listing
          5720.8  100.0%  TOTAL
  listed 1 at 218,161,826; it lands in row 19
DONE {"kind": "relist", "row": 19, "lands_in": 19, "qty": 1, "price": 218161826, "item": "Chaos Core Set X 291"}
    relisted 1 at 218,161,826 in row 19
  tab 4 known from the last listing: 0 slot(s) held
  row 20: 'Force Core (Ultimate' x56 at 383,806 -> tab 4 slot (1, 1)
    floor 374,843 (374,843 x 1) from what it cost; listed at 383,806, above it
TASK {"kind": "relist", "row": 20, "item": "Force Core (Ultimate", "qty": 56, "price": 383806, "tab": 4, "slot": [1, 1], "lands_in": 20}
  inventory slot (1,1) at (1475, 236)
    read: current min 383,802, price field 383,802, net sales 383,802, week average 407,170, listed at 383,806
    the lowest listed price is 383,802, from the row and 3 more
    market 383,802, typing 383,801, 1 under the market
    net sales 21,492,856 is 56 x 383,801
  typed 250; the net sales make it 56
    the panel holds 383,801 against the 383,801 typed
  tab 4 read in 23 ms after the listing: 0 slot(s) held

  list 56 at 383,801
    #         ms   share  step
    1       18.8    0.3%  read the panel before loading
    2       16.7    0.3%  wait for slot (1,1) to fill
    3      807.5   14.8%  ctrl-click (1,1) attempt 1
    4      580.3   10.6%  read the suggested price
    5     1439.2   26.3%  type the price 383,801
    6      944.3   17.3%  type the quantity 250
    7      309.9    5.7%  take the quantity from the net sales
    8       89.5    1.6%  read the price back before Register
    9      308.8    5.7%  click Register
   10       94.3    1.7%  find Confirmation
   11       19.4    0.4%  look for the underprice question
   12      307.4    5.6%  click Confirmation
   13      251.0    4.6%  park
   14      235.0    4.3%  confirm the dialog is gone
   15       20.0    0.4%  wait for the panel to let the item go
   16       22.9    0.4%  read tab 4 after the listing
          5464.9  100.0%  TOTAL
  listed 56 at 383,801; it lands in row 20
DONE {"kind": "relist", "row": 20, "lands_in": 20, "qty": 56, "price": 383801, "item": "Force Core (Ultimate"}
    relisted 56 at 383,801 in row 20
  tab 4 known from the last listing: 0 slot(s) held
  row 21: 'Chaos Core Set X 249' x1 at 186,676,544 -> tab 4 slot (1, 1)
    floor 183,758,265 (737,985 x 249) from Chaos Core as last bought; listed at 186,676,544, above it
TASK {"kind": "relist", "row": 21, "item": "Chaos Core Set X 249", "qty": 1, "price": 186676544, "tab": 4, "slot": [1, 1], "lands_in": 21}
  inventory slot (1,1) at (1475, 236)
    read: current min 186,674,304, price field 186,674,304, net sales 186,674,304, week average 181,723,188, listed at 186,676,544
    the lowest listed price is 186,674,304, from the row and 3 more
    market 186,674,304, typing 186,674,303, 1 under the market
    net sales 186,674,303 is 1 x 186,674,303
  typed 250; the net sales make it 1
    the panel holds 186,674,303 against the 186,674,303 typed
  tab 4 read in 25 ms after the listing: 0 slot(s) held

  list 1 at 186,674,303
    #         ms   share  step
    1       19.0    0.3%  read the panel before loading
    2       18.1    0.3%  wait for slot (1,1) to fill
    3      807.3   14.1%  ctrl-click (1,1) attempt 1
    4      590.2   10.3%  read the suggested price
    5     1661.7   29.0%  type the price 186,674,303
    6      947.9   16.6%  type the quantity 250
    7      316.9    5.5%  take the quantity from the net sales
    8       97.1    1.7%  read the price back before Register
    9      308.9    5.4%  click Register
   10       95.8    1.7%  find Confirmation
   11       17.4    0.3%  look for the underprice question
   12      312.3    5.5%  click Confirmation
   13      250.7    4.4%  park
   14      240.7    4.2%  confirm the dialog is gone
   15       16.9    0.3%  wait for the panel to let the item go
   16       25.2    0.4%  read tab 4 after the listing
          5726.1  100.0%  TOTAL
  listed 1 at 186,674,303; it lands in row 21
DONE {"kind": "relist", "row": 21, "lands_in": 21, "qty": 1, "price": 186674303, "item": "Chaos Core Set X 249"}
    relisted 1 at 186,674,303 in row 21
  tab 4 known from the last listing: 0 slot(s) held
  row 22: 'Chaos Core Set X 267' x1 at 200,170,967 -> tab 4 slot (1, 1)
    floor 197,041,995 (737,985 x 267) from Chaos Core as last bought; listed at 200,170,967, above it
TASK {"kind": "relist", "row": 22, "item": "Chaos Core Set X 267", "qty": 1, "price": 200170967, "tab": 4, "slot": [1, 1], "lands_in": 22}
  inventory slot (1,1) at (1475, 236)
    read: current min 200,168,565, price field 200,168,565, net sales 200,168,565, week average 194,859,804, listed at 200,170,967
    the lowest listed price is 200,168,565, from the row and 3 more
    market 200,168,565, typing 200,168,564, 1 under the market
    net sales 200,168,564 is 1 x 200,168,564
  typed 250; the net sales make it 1
    the panel holds 200,168,564 against the 200,168,564 typed
  tab 4 read in 24 ms after the listing: 0 slot(s) held

  list 1 at 200,168,564
    #         ms   share  step
    1       20.9    0.4%  read the panel before loading
    2       17.4    0.3%  wait for slot (1,1) to fill
    3      808.8   14.1%  ctrl-click (1,1) attempt 1
    4      601.2   10.5%  read the suggested price
    5     1658.2   28.9%  type the price 200,168,564
    6      948.6   16.5%  type the quantity 250
    7      311.2    5.4%  take the quantity from the net sales
    8       94.8    1.6%  read the price back before Register
    9      311.6    5.4%  click Register
   10      105.3    1.8%  find Confirmation
   11       20.1    0.3%  look for the underprice question
   12      315.3    5.5%  click Confirmation
   13      250.5    4.4%  park
   14      238.1    4.1%  confirm the dialog is gone
   15       21.3    0.4%  wait for the panel to let the item go
   16       24.4    0.4%  read tab 4 after the listing
          5747.6  100.0%  TOTAL
  listed 1 at 200,168,564; it lands in row 22
DONE {"kind": "relist", "row": 22, "lands_in": 22, "qty": 1, "price": 200168564, "item": "Chaos Core Set X 267"}
    relisted 1 at 200,168,564 in row 22
  tab 4 known from the last listing: 0 slot(s) held
  row 23: 'Upgrade Core (Ultimate' x54 at 536,675 -> tab 4 slot (1, 1)
    floor 469,773 (469,773 x 1) from Upgrade Core Set (Ultimate) as last bought; listed at 536,675, above it
TASK {"kind": "relist", "row": 23, "item": "Upgrade Core (Ultimate", "qty": 54, "price": 536675, "tab": 4, "slot": [1, 1], "lands_in": 23}
  inventory slot (1,1) at (1475, 236)
    read: current min 536,668, price field 536,668, net sales 536,668, week average 472,513, listed at 536,675
    the lowest listed price is 536,668, from the row and 3 more
    market 536,668, typing 536,667, 1 under the market
    net sales 28,980,018 is 54 x 536,667
  typed 250; the net sales make it 54
    the panel holds 536,667 against the 536,667 typed
  tab 4 read in 24 ms after the listing: 0 slot(s) held

  list 54 at 536,667
    #         ms   share  step
    1       18.6    0.3%  read the panel before loading
    2       22.0    0.4%  wait for slot (1,1) to fill
    3      810.7   14.7%  ctrl-click (1,1) attempt 1
    4      592.0   10.7%  read the suggested price
    5     1445.9   26.2%  type the price 536,667
    6      947.3   17.2%  type the quantity 250
    7      315.0    5.7%  take the quantity from the net sales
    8       92.9    1.7%  read the price back before Register
    9      308.6    5.6%  click Register
   10      100.4    1.8%  find Confirmation
   11       22.7    0.4%  look for the underprice question
   12      309.7    5.6%  click Confirmation
   13      250.8    4.5%  park
   14      239.0    4.3%  confirm the dialog is gone
   15       20.0    0.4%  wait for the panel to let the item go
   16       24.3    0.4%  read tab 4 after the listing
          5519.8  100.0%  TOTAL
  listed 54 at 536,667; it lands in row 23
DONE {"kind": "relist", "row": 23, "lands_in": 23, "qty": 54, "price": 536667, "item": "Upgrade Core (Ultimate"}
    relisted 54 at 536,667 in row 23
  tab 4 known from the last listing: 0 slot(s) held
  row 24: 'Chaos Core Set X 252' x1 at 188,924,903 -> tab 4 slot (1, 1)
    floor 185,972,220 (737,985 x 252) from Chaos Core as last bought; listed at 188,924,903, above it
TASK {"kind": "relist", "row": 24, "item": "Chaos Core Set X 252", "qty": 1, "price": 188924903, "tab": 4, "slot": [1, 1], "lands_in": 24}
  inventory slot (1,1) at (1475, 236)
    read: current min 188,922,888, price field 188,922,888, net sales 188,922,888, week average 183,912,624, listed at 188,924,903
    the lowest listed price is 188,922,888, from the row and 3 more
    market 188,922,888, typing 188,922,887, 1 under the market
    net sales 188,922,887 is 1 x 188,922,887
  typed 250; the net sales make it 1
    the panel holds 188,922,887 against the 188,922,887 typed
  tab 4 read in 21 ms after the listing: 0 slot(s) held

  list 1 at 188,922,887
    #         ms   share  step
    1       18.2    0.3%  read the panel before loading
    2       19.2    0.3%  wait for slot (1,1) to fill
    3      808.5   14.1%  ctrl-click (1,1) attempt 1
    4      596.7   10.4%  read the suggested price
    5     1660.8   28.9%  type the price 188,922,887
    6      951.8   16.6%  type the quantity 250
    7      315.2    5.5%  take the quantity from the net sales
    8       94.3    1.6%  read the price back before Register
    9      316.6    5.5%  click Register
   10       98.7    1.7%  find Confirmation
   11       21.0    0.4%  look for the underprice question
   12      312.2    5.4%  click Confirmation
   13      251.1    4.4%  park
   14      246.0    4.3%  confirm the dialog is gone
   15       19.2    0.3%  wait for the panel to let the item go
   16       20.8    0.4%  read tab 4 after the listing
          5750.2  100.0%  TOTAL
  listed 1 at 188,922,887; it lands in row 24
DONE {"kind": "relist", "row": 24, "lands_in": 24, "qty": 1, "price": 188922887, "item": "Chaos Core Set X 252"}
    relisted 1 at 188,922,887 in row 24
  tab 4 known from the last listing: 0 slot(s) held
  row 25: 'Force Core(High' x72 at 184,979 -> tab 4 slot (1, 1)
    floor 176,867 (176,867 x 1) from Force Core Set (High) as last bought; listed at 184,979, above it
TASK {"kind": "relist", "row": 25, "item": "Force Core(High", "qty": 72, "price": 184979, "tab": 4, "slot": [1, 1], "lands_in": 25}
  inventory slot (1,1) at (1475, 236)
    read: current min 183,000, price field 183,000, net sales 183,000, week average 197,296, listed at 184,979
    the lowest listed price is 183,000, from the row and 3 more
    market 183,000, typing 182,999, 1 under the market
    net sales 13,175,928 is 72 x 182,999
  typed 250; the net sales make it 72
    the panel holds 182,999 against the 182,999 typed
  tab 4 read in 23 ms after the listing: 0 slot(s) held

  list 72 at 182,999
    #         ms   share  step
    1       17.1    0.3%  read the panel before loading
    2       16.6    0.3%  wait for slot (1,1) to fill
    3      809.0   14.6%  ctrl-click (1,1) attempt 1
    4      600.9   10.9%  read the suggested price
    5     1450.6   26.2%  type the price 182,999
    6      947.5   17.1%  type the quantity 250
    7      311.6    5.6%  take the quantity from the net sales
    8       93.7    1.7%  read the price back before Register
    9      312.8    5.7%  click Register
   10       99.8    1.8%  find Confirmation
   11       21.1    0.4%  look for the underprice question
   12      312.5    5.7%  click Confirmation
   13      251.2    4.5%  park
   14      241.9    4.4%  confirm the dialog is gone
   15       20.2    0.4%  wait for the panel to let the item go
   16       22.6    0.4%  read tab 4 after the listing
          5529.0  100.0%  TOTAL
  listed 72 at 182,999; it lands in row 25
DONE {"kind": "relist", "row": 25, "lands_in": 25, "qty": 72, "price": 182999, "item": "Force Core(High"}
    relisted 72 at 182,999 in row 25
  tab 4 known from the last listing: 0 slot(s) held
  row 26: 'Force Core(High' x86 at 184,978 -> tab 4 slot (1, 1)
    floor 176,867 (176,867 x 1) from Force Core Set (High) as last bought; listed at 184,978, above it
TASK {"kind": "relist", "row": 26, "item": "Force Core(High", "qty": 86, "price": 184978, "tab": 4, "slot": [1, 1], "lands_in": 26}
  inventory slot (1,1) at (1475, 236)
    read: current min 182,999, price field 182,999, net sales 182,999, week average 197,296, listed at 184,978
    the lowest listed price is 182,999, from the row and 3 more
    market 182,999, typing 182,998, 1 under the market
    net sales 15,737,828 is 86 x 182,998
  typed 250; the net sales make it 86
    the panel holds 182,998 against the 182,998 typed
  tab 4 read in 26 ms after the listing: 0 slot(s) held

  list 86 at 182,998
    #         ms   share  step
    1       18.6    0.3%  read the panel before loading
    2       20.5    0.4%  wait for slot (1,1) to fill
    3      812.9   14.7%  ctrl-click (1,1) attempt 1
    4      591.8   10.7%  read the suggested price
    5     1449.5   26.2%  type the price 182,998
    6      946.8   17.1%  type the quantity 250
    7      316.1    5.7%  take the quantity from the net sales
    8       98.0    1.8%  read the price back before Register
    9      310.4    5.6%  click Register
   10      101.0    1.8%  find Confirmation
   11       21.6    0.4%  look for the underprice question
   12      310.9    5.6%  click Confirmation
   13      251.2    4.5%  park
   14      242.2    4.4%  confirm the dialog is gone
   15       19.1    0.3%  wait for the panel to let the item go
   16       25.8    0.5%  read tab 4 after the listing
          5536.5  100.0%  TOTAL
  listed 86 at 182,998; it lands in row 26
DONE {"kind": "relist", "row": 26, "lands_in": 26, "qty": 86, "price": 182998, "item": "Force Core(High"}
    relisted 86 at 182,998 in row 26
  row 27 is empty; nothing to relist

  relisting rows 1-27: 26 relisted, 1 empty, 0 skipped
    #          ms   share     n      each  phase
    1   146,831.9   48.0%    26   5,647.4  list it back
    2    98,122.6   32.1%    26   3,773.9  cancel the row and take it back
    3    27,601.9    9.0%    26   1,061.6  select inventory tab 4
    4    21,458.3    7.0%    27     794.8  scroll to the row and read it
    5     9,755.6    3.2%    27     361.3  Refresh the table
    6     1,542.3    0.5%     1   1,542.3  read tab 4 before the withdrawal
    7       479.1    0.2%    26      18.4  check the shop slot is empty
        305,791.7  100.0%

  returning the game to its default state
restoring the default state:
  Escape: window closed
  Inventory already closed
  the gift box at [284, 994]
  Receive All at [1209, 786]
  Receive 1 of 4 at [1214, 327]
  Receive 2 of 4 at [1214, 425]
  Receive 3 of 4 at [1214, 523]
  Receive 4 of 4 at [1214, 621]
  the special giftbox's Receive at [1438, 492]
  Close at [1483, 846]
  took 4 gift(s)
  the Agent Shop is shut and the vendor is not open either; reopening it
  Inventory shut: slot grid 0.09, needs 0.33

  board after pass 8:
                                                   bought/u   listed/u  margin      row price
     1  Blessing Bead - Superior           x1    163,756,817 169,999,997   +3.7%    169,999,997
     2  Armor Account bind Unseal Stone    x1    187,364,780 187,364,780   +0.0%    187,364,780
     3  Armor Account bind Seal Stone      x2    187,364,780 187,364,780   +0.0%    187,364,780
     4  Force Core (Ultimate               x64            -    383,804       -        383,804
     5  Arionell                           x1    281,047,170 298,185,713   +5.7%    298,185,713
     6  Upgrade Core (Ultimate             x15            -    536,673       -        536,673
     7  Force Core (Ultimate               x190           -    383,803       -        383,803
     8  Force Core(Highest                 x166           -    195,487       -        195,487
     9  Chaos Core                         x1       743,777    741,205   -0.3%        741,205
    10  Upgrade Core (Ultimate             x20      469,773    536,672  +12.5%        536,672
    11  Force Core(Highest                 x250           -    195,487       -        195,487
    12  Force Core(Highest                 x136           -    195,487       -        195,487
    13  Palladium Headpiece(BL) (anal (ana x1             -  2,399,996       -      2,399,996
    14  Palladium Headgear(FB) Lalla       x1             -    988,999       -        988,999
    15  Palladium Headgear(FA) (anal (anal x1             -  9,870,000       -      9,870,000
    16  Palladium Boots(FA) Lalla          x2             -  1,299,997       -      1,299,997
    17  Palladium Shoes(W1) Lalla          x2             -    749,998       -        749,998
    18  Palladium Coat (FG) Lalla          x1             -    999,997       -        999,997
    19  Chaos Core Set X 291               x1             -    749,696       -    218,161,826
    20  Force Core (Ultimate               x56      374,843    383,801   +2.3%        383,801
    21  Chaos Core Set X 249               x1             -    749,695       -    186,674,303
    22  Chaos Core Set X 267               x1             -    749,694       -    200,168,564
    23  Upgrade Core (Ultimate             x54            -    536,667       -        536,667
    24  Chaos Core Set X 252               x1             -    749,693       -    188,922,887
    25  Force Core(High                    x72            -    182,999       -        182,999
    26  Force Core(High                    x86            -    182,998       -        182,998
    28  Archridium Suit (DM) Lalla         x1             -  1,685,749       -      1,685,749
    30  Palladium Suit (DM) + 1 Lalla      x1             - 33,000,000       -     33,000,000
    item                               rows   units          listed
    Archridium Suit (DM) Lalla            1       1       1,685,749
    Arionell                              1       1     298,185,713
    Armor Account bind Seal Stone         1       2     374,729,560
    Armor Account bind Unseal Stone       1       1     187,364,780
    Blessing Bead - Superior              1       1     169,999,997
    Chaos Core                            1       1         741,205
    Chaos Core Set                        4   1,059     793,927,580
    Force Core (Ultimate                  3     310     118,978,882
    Force Core(High                       2     158      28,913,756
    Force Core(Highest                    3     552     107,908,824
    Palladium Boots(FA) Lalla             1       2       2,599,994
    Palladium Coat (FG) Lalla             1       1         999,997
    Palladium Headgear(FA) (anal (anal    1       1       9,870,000
    Palladium Headgear(FB) Lalla          1       1         988,999
    Palladium Headpiece(BL) (anal (ana    1       1       2,399,996
    Palladium Shoes(W1) Lalla             1       2       1,499,996
    Palladium Suit (DM) + 1 Lalla         1       1      33,000,000
    Upgrade Core (Ultimate                3      89      47,763,553
    board                                28   2,184   2,181,558,581
    balance now 559,423,825
  pass 8: 26 relisted, 1 empty, 0 skipped; 9950.8 minute(s) left

-- pass 9 --

  resupply order: Chaos Core, Force Core(High), Force Core(Highest), Upgrade Core (Ultimate), Force Core (Ultimate), Armor Account bind Unseal Stone, Armor Account bind Seal Stone, Blessing Bead - Superior

-- Chaos Core Set under our listing: up to 3 row(s) --
  Chaos Core Set 749,690 - Chaos Core 719,435 = 30,255
  ours is listed at 749,693 a Set and a Chaos Core sells at 719,435; buying every Set under 714,435, 5,000 a Set below the lower of the two
  the cheapest Chaos Core Set is 749,690 a Set, not under 714,435; nothing to buy under ours

  counting only rows 1-27; rows outside it are not repriced and do not count; 1 row(s) free
  core                            rows     buy/u    sell/u    margin  wants   short?
  Force Core(Highest)                3         -         -         -      -   holds the most it can want, 3; not priced
  Chaos Core                         4   719,435   749,690    30,255      6   YES
  Force Core (Ultimate)              3         -         -         -      -   holds the most it can want, 3; not priced
  Force Core(High)                   2   180,000   182,998     2,998      0   
  Upgrade Core (Ultimate)            3         -         -         -      -   holds the most it can want, 3; not priced
  Alz 559,423,825 held covers 777 Chaos Core at 719,435; buying what it covers

-- Chaos Core: 4 row(s) --
  1 row(s) free inside 1-27
  Chaos Core Set 749,690 - Chaos Core 719,435 = 30,255
  a margin of 30,255 is worth 6 row(s) of Chaos Core; 4 held
  buy_min 150 rolled to 162 (+/-15); buying 162 in whole batches of 3
  1 stays behind on every row bought; an order 10 step(s) down with nothing spare takes the row it is on whole, and the next order leaves 1 behind again; each order prices the favourite afresh, then wheels down, up to 30 step(s)
  every order takes all of the row it lands on, up to 999 held, and the orders stop once 162 is held
TASK {"kind": "resupply", "core": "Chaos Core", "set": "Chaos Core Set", "slot": 3, "tab": 4}
  0/162 Chaos Core held
  row 1 offers 'Chaos Core' x1 at 719,435 (719,435/unit)

  buy from favourite slot 3: REFUSED
    #         ms   share  step
    1        0.3    0.0%  get_price: focus the game
    2      101.4    4.0%  get_price: _trade_window_open (OCR 1300x190)
    3      112.3    4.5%  get_price: purchase_tab_showing
    4      187.3    7.5%  get_price: read row 1 before the search
    5      309.4   12.3%  get_price: click favourite slot 3
    6       88.8    3.5%  get_price: confirm the sort
    7      443.0   17.6%  get_price: poll row 1 until it answers (2 read(s))
    8     1267.4   50.5%  get_price: search the favourite and read row 1
          2510.0  100.0%  TOTAL
  row 1 holds 1 and 1 stays behind, so there is nothing spare to take here.
  wheeled 1 notch(es) down the offers, from row 2 at (500, 312)
  row 1 offers 'Chaos Core' x1 at 720,000 (720,000/unit)

  buy from favourite slot 3: REFUSED
    #         ms   share  step
    1        0.4    0.0%  get_price: focus the game
    2       99.2   10.2%  get_price: _trade_window_open (OCR 1300x190)
    3      113.0   11.7%  get_price: purchase_tab_showing
    4      271.4   28.0%  get_price: read row 1 where it stands
    5      484.1   50.0%  get_price: search the favourite and read row 1
           968.1  100.0%  TOTAL
  row 1 holds 1 and 1 stays behind, so there is nothing spare to take here.
  wheeled 1 notch(es) down the offers, from row 2 at (500, 312)
  row 1 offers 'Chaos Core' x29 at 740,635 (740,635/unit)

  buy from favourite slot 3: REFUSED
    #         ms   share  step
    1        0.4    0.0%  get_price: focus the game
    2      100.0   11.8%  get_price: _trade_window_open (OCR 1300x190)
    3      111.9   13.2%  get_price: purchase_tab_showing
    4      213.0   25.0%  get_price: read row 1 where it stands
    5      425.4   50.0%  get_price: search the favourite and read row 1
           850.6  100.0%  TOTAL
  stopping: row 1 asks 740,635 and the core sells at 749,690, a gap of 9,055 against the 10,000 wanted. Nothing bought.
  nothing bought; not opening the craft window.

  Armor Account bind Unseal Stone: 1 row(s) inside 1-27, 1 wanted; row 2 'Armor Account bind Unseal Stone'
    floor 187,364,780: 500/1000 of the 374,729,560 voucher, read at launch

  Armor Account bind Seal Stone: 1 row(s) inside 1-27, 1 wanted; row 3 'Armor Account bind Seal Stone'
    floor 187,364,780: 500/1000 of the 374,729,560 voucher, read at launch

  Blessing Bead - Superior: 1 row(s) inside 1-27, 1 wanted; row 1 'Blessing Bead - Superior'
    floor 163,756,817: 437/1000 of the 374,729,560 voucher, read at launch
    the quantity column read 'Superior', which holds no digits, so it is the end of the name and not a count; reading the row as 'Blessing Bead - Superior' and letting the panel count what is there
    one line read 'serene wbéee 1 169,999,997 OnSale Change'; read as stacked lines it is 'Blessing Bead - Superior 169,999,997 OnSale Change'
  tab 4 read from the screen in 1527 ms: 0 slot(s) held
  row 1: 'Blessing Bead - Superior' x1 at 169,999,997 -> tab 4 slot (1, 1)
    floor 163,756,817 from what it cost; listed at 169,999,997, above it
TASK {"kind": "relist", "row": 1, "item": "Blessing Bead - Superior", "qty": 1, "price": 169999997, "tab": 4, "slot": [1, 1], "lands_in": 1}
  inventory slot (1,1) at (1475, 236)
    read: current min 169,999,998, price field 169,999,998, net sales 169,999,998, week average 189,305,448, listed at 169,999,997
    the lowest listed price is 169,999,998, from the row and 3 more
    market 169,999,998, typing 169,999,997, 1 under the market
    net sales 169,999,997 is 1 x 169,999,997
  typed 250; the net sales make it 1
    the panel holds 169,999,997 against the 169,999,997 typed
  tab 4 read in 20 ms after the listing: 0 slot(s) held

  list 1 at 169,999,997
    #         ms   share  step
    1       20.5    0.4%  read the panel before loading
    2       15.4    0.3%  wait for slot (1,1) to fill
    3      808.4   14.1%  ctrl-click (1,1) attempt 1
    4      659.2   11.5%  read the suggested price
    5     1654.1   28.7%  type the price 169,999,997
    6      945.3   16.4%  type the quantity 250
    7      310.9    5.4%  take the quantity from the net sales
    8       96.2    1.7%  read the price back before Register
    9      305.8    5.3%  click Register
   10       93.3    1.6%  find Confirmation
   11       16.6    0.3%  look for the underprice question
   12      307.3    5.3%  click Confirmation
   13      251.2    4.4%  park
   14      229.9    4.0%  confirm the dialog is gone
   15       20.1    0.4%  wait for the panel to let the item go
   16       19.6    0.3%  read tab 4 after the listing
          5753.8  100.0%  TOTAL
  listed 1 at 169,999,997; it lands in row 1
DONE {"kind": "relist", "row": 1, "lands_in": 1, "qty": 1, "price": 169999997, "item": "Blessing Bead - Superior"}
    relisted 1 at 169,999,997 in row 1
  tab 4 known from the last listing: 0 slot(s) held
  row 2: 'Armor Account bind Unseal Stone' x1 at 187,364,780 -> tab 4 slot (1, 1)
    floor 187,364,780 from what it cost; listed at 187,364,780, above it
TASK {"kind": "relist", "row": 2, "item": "Armor Account bind Unseal Stone", "qty": 1, "price": 187364780, "tab": 4, "slot": [1, 1], "lands_in": 2}
  inventory slot (1,1) at (1475, 236)
    read: current min 187,000,000, price field 187,000,000, net sales 187,000,000, week average 191,433,039, listed at 187,364,780
    the lowest listed price is 187,000,000, from the row and 3 more
    market 186,999,999 is under the 187,364,780 floor (it is worth what it cost); listing at the floor
    market 187,000,000, typing 187,364,780, 364,780 over the market
    net sales 187,364,780 is 1 x 187,364,780
  typed 250; the net sales make it 1
    the panel holds 187,364,780 against the 187,364,780 typed
  tab 4 read in 21 ms after the listing: 0 slot(s) held

  list 1 at 187,364,780
    #         ms   share  step
    1       21.8    0.4%  read the panel before loading
    2       18.2    0.3%  wait for slot (1,1) to fill
    3      808.2   14.2%  ctrl-click (1,1) attempt 1
    4      584.3   10.2%  read the suggested price
    5     1654.6   29.0%  type the price 187,364,780
    6      945.6   16.6%  type the quantity 250
    7      312.7    5.5%  take the quantity from the net sales
    8       92.7    1.6%  read the price back before Register
    9      312.5    5.5%  click Register
   10       96.1    1.7%  find Confirmation
   11       19.7    0.3%  look for the underprice question
   12      308.3    5.4%  click Confirmation
   13      250.8    4.4%  park
   14      243.1    4.3%  confirm the dialog is gone
   15       18.5    0.3%  wait for the panel to let the item go
   16       20.8    0.4%  read tab 4 after the listing
          5707.8  100.0%  TOTAL
  listed 1 at 187,364,780; it lands in row 2
DONE {"kind": "relist", "row": 2, "lands_in": 2, "qty": 1, "price": 187364780, "item": "Armor Account bind Unseal Stone"}
    relisted 1 at 187,364,780 in row 2, 9 relist(s) on the floor now
  tab 4 known from the last listing: 0 slot(s) held
  row 3: 'Armor Account bind Seal Stone' x2 at 187,364,780 -> tab 4 slot (1, 1)
    floor 187,364,780 from what it cost; listed at 187,364,780, above it
TASK {"kind": "relist", "row": 3, "item": "Armor Account bind Seal Stone", "qty": 2, "price": 187364780, "tab": 4, "slot": [1, 1], "lands_in": 3}
  inventory slot (1,1) at (1475, 236)
    read: current min 187,000,000, price field 187,000,000, net sales 187,000,000, week average 189,694,905, listed at 187,364,780
    the lowest listed price is 187,000,000, from the row and 3 more
    market 186,999,999 is under the 187,364,780 floor (it is worth what it cost); listing at the floor
    market 187,000,000, typing 187,364,780, 364,780 over the market
    net sales 374,729,560 is 2 x 187,364,780
  typed 250; the net sales make it 2
    the panel holds 187,364,780 against the 187,364,780 typed
  tab 4 read in 24 ms after the listing: 0 slot(s) held

  list 2 at 187,364,780
    #         ms   share  step
    1       20.8    0.4%  read the panel before loading
    2       19.7    0.3%  wait for slot (1,1) to fill
    3      807.4   14.1%  ctrl-click (1,1) attempt 1
    4      584.9   10.2%  read the suggested price
    5     1666.5   29.0%  type the price 187,364,780
    6      947.1   16.5%  type the quantity 250
    7      315.2    5.5%  take the quantity from the net sales
    8       94.0    1.6%  read the price back before Register
    9      311.1    5.4%  click Register
   10      104.7    1.8%  find Confirmation
   11       22.2    0.4%  look for the underprice question
   12      310.5    5.4%  click Confirmation
   13      250.9    4.4%  park
   14      243.9    4.2%  confirm the dialog is gone
   15       19.4    0.3%  wait for the panel to let the item go
   16       24.0    0.4%  read tab 4 after the listing
          5742.4  100.0%  TOTAL
  listed 2 at 187,364,780; it lands in row 3
DONE {"kind": "relist", "row": 3, "lands_in": 3, "qty": 2, "price": 187364780, "item": "Armor Account bind Seal Stone"}
    relisted 2 at 187,364,780 in row 3, 9 relist(s) on the floor now
  tab 4 known from the last listing: 0 slot(s) held
  row 4: 'Force Core (Ultimate' x64 at 383,804 -> tab 4 slot (1, 1)
    floor 374,843 (374,843 x 1) from Force Core Set (Ultimate) as last bought; listed at 383,804, above it
TASK {"kind": "relist", "row": 4, "item": "Force Core (Ultimate", "qty": 64, "price": 383804, "tab": 4, "slot": [1, 1], "lands_in": 4}
  inventory slot (1,1) at (1475, 236)
    read: current min 383,799, price field 383,799, net sales 383,799, week average 407,170, listed at 383,804
    the lowest listed price is 383,799, from the row and 3 more
    market 383,799, typing 383,798, 1 under the market
    net sales 24,563,072 is 64 x 383,798
  typed 250; the net sales make it 64
    the panel holds 383,798 against the 383,798 typed
  tab 4 read in 21 ms after the listing: 0 slot(s) held

  list 64 at 383,798
    #         ms   share  step
    1       21.1    0.4%  read the panel before loading
    2       17.7    0.3%  wait for slot (1,1) to fill
    3      809.5   14.7%  ctrl-click (1,1) attempt 1
    4      588.2   10.7%  read the suggested price
    5     1447.8   26.3%  type the price 383,798
    6      946.9   17.2%  type the quantity 250
    7      312.0    5.7%  take the quantity from the net sales
    8       98.1    1.8%  read the price back before Register
    9      311.0    5.6%  click Register
   10       98.1    1.8%  find Confirmation
   11       19.6    0.4%  look for the underprice question
   12      307.8    5.6%  click Confirmation
   13      251.1    4.6%  park
   14      240.9    4.4%  confirm the dialog is gone
   15       16.7    0.3%  wait for the panel to let the item go
   16       20.7    0.4%  read tab 4 after the listing
          5507.1  100.0%  TOTAL
  listed 64 at 383,798; it lands in row 4
DONE {"kind": "relist", "row": 4, "lands_in": 4, "qty": 64, "price": 383798, "item": "Force Core (Ultimate"}
    relisted 64 at 383,798 in row 4
  tab 4 known from the last listing: 0 slot(s) held
  row 5: 'Arionell' x1 at 298,185,713 -> tab 4 slot (1, 1)
    floor 281,047,170 from what it cost; listed at 298,185,713, above it
TASK {"kind": "relist", "row": 5, "item": "Arionell", "qty": 1, "price": 298185713, "tab": 4, "slot": [1, 1], "lands_in": 5}
  inventory slot (1,1) at (1475, 236)
    read: current min 260,000,000, price field 260,000,000, net sales 260,000,000, week average 310,004,285, listed at 298,185,713
    the lowest listed price is 260,000,000, from the row and 3 more
    the market asks 259,999,999, 38,185,714 under our 298,185,713; holding at 297,185,713, the most this row may fall in one relist
    market 260,000,000, typing 297,185,713, 37,185,713 over the market
    net sales 297,185,713 is 1 x 297,185,713
  typed 250; the net sales make it 1
    the panel holds 297,185,713 against the 297,185,713 typed
  tab 4 read in 24 ms after the listing: 0 slot(s) held

  list 1 at 297,185,713
    #         ms   share  step
    1       20.0    0.3%  read the panel before loading
    2       19.9    0.3%  wait for slot (1,1) to fill
    3      816.3   14.1%  ctrl-click (1,1) attempt 1
    4      609.0   10.5%  read the suggested price
    5     1660.3   28.7%  type the price 297,185,713
    6      952.2   16.5%  type the quantity 250
    7      321.9    5.6%  take the quantity from the net sales
    8       96.3    1.7%  read the price back before Register
    9      314.5    5.4%  click Register
   10      100.0    1.7%  find Confirmation
   11       19.7    0.3%  look for the underprice question
   12      309.5    5.4%  click Confirmation
   13      250.8    4.3%  park
   14      243.3    4.2%  confirm the dialog is gone
   15       18.4    0.3%  wait for the panel to let the item go
   16       23.8    0.4%  read tab 4 after the listing
          5775.7  100.0%  TOTAL
  listed 1 at 297,185,713; it lands in row 5
DONE {"kind": "relist", "row": 5, "lands_in": 5, "qty": 1, "price": 297185713, "item": "Arionell"}
    relisted 1 at 297,185,713 in row 5
  tab 4 known from the last listing: 0 slot(s) held
  row 6: 'Upgrade Core (Ultimate' x15 at 536,673 -> tab 4 slot (1, 1)
    floor 469,773 (469,773 x 1) from Upgrade Core Set (Ultimate) as last bought; listed at 536,673, above it
TASK {"kind": "relist", "row": 6, "item": "Upgrade Core (Ultimate", "qty": 15, "price": 536673, "tab": 4, "slot": [1, 1], "lands_in": 6}
  inventory slot (1,1) at (1475, 236)
    read: current min 536,666, price field 536,666, net sales 536,666, week average 472,513, listed at 536,673
    the lowest listed price is 536,666, from the row and 3 more
    market 536,666, typing 536,665, 1 under the market
    net sales 8,049,975 is 15 x 536,665
  typed 250; the net sales make it 15
    the panel holds 536,665 against the 536,665 typed
  tab 4 read in 20 ms after the listing: 0 slot(s) held

  list 15 at 536,665
    #         ms   share  step
    1       18.7    0.3%  read the panel before loading
    2       21.1    0.4%  wait for slot (1,1) to fill
    3      816.0   14.8%  ctrl-click (1,1) attempt 1
    4      589.5   10.7%  read the suggested price
    5     1444.4   26.2%  type the price 536,665
    6      946.1   17.1%  type the quantity 250
    7      312.7    5.7%  take the quantity from the net sales
    8       97.4    1.8%  read the price back before Register
    9      311.3    5.6%  click Register
   10       97.0    1.8%  find Confirmation
   11       20.1    0.4%  look for the underprice question
   12      311.2    5.6%  click Confirmation
   13      251.2    4.6%  park
   14      242.7    4.4%  confirm the dialog is gone
   15       18.8    0.3%  wait for the panel to let the item go
   16       20.5    0.4%  read tab 4 after the listing
          5518.7  100.0%  TOTAL
  listed 15 at 536,665; it lands in row 6
DONE {"kind": "relist", "row": 6, "lands_in": 6, "qty": 15, "price": 536665, "item": "Upgrade Core (Ultimate"}
    relisted 15 at 536,665 in row 6
  tab 4 known from the last listing: 0 slot(s) held
  row 7: 'Force Core (Ultimate' x190 at 383,803 -> tab 4 slot (1, 1)
    floor 374,843 (374,843 x 1) from Force Core Set (Ultimate) as last bought; listed at 383,803, above it
TASK {"kind": "relist", "row": 7, "item": "Force Core (Ultimate", "qty": 190, "price": 383803, "tab": 4, "slot": [1, 1], "lands_in": 7}
  inventory slot (1,1) at (1475, 236)
    read: current min 383,798, price field 383,798, net sales 383,798, week average 407,170, listed at 383,803
    the lowest listed price is 383,798, from the row and 3 more
    market 383,798, typing 383,797, 1 under the market
    net sales 72,921,430 is 190 x 383,797
  typed 250; the net sales make it 190
    the panel holds 383,797 against the 383,797 typed
  tab 4 read in 22 ms after the listing: 0 slot(s) held

  list 190 at 383,797
    #         ms   share  step
    1       17.5    0.3%  read the panel before loading
    2       15.9    0.3%  wait for slot (1,1) to fill
    3      809.9   14.7%  ctrl-click (1,1) attempt 1
    4      602.0   10.9%  read the suggested price
    5     1449.0   26.2%  type the price 383,797
    6      946.1   17.1%  type the quantity 250
    7      312.8    5.7%  take the quantity from the net sales
    8       94.9    1.7%  read the price back before Register
    9      308.8    5.6%  click Register
   10      103.0    1.9%  find Confirmation
   11       18.9    0.3%  look for the underprice question
   12      311.7    5.6%  click Confirmation
   13      251.0    4.5%  park
   14      237.4    4.3%  confirm the dialog is gone
   15       19.6    0.4%  wait for the panel to let the item go
   16       21.6    0.4%  read tab 4 after the listing
          5520.0  100.0%  TOTAL
  listed 190 at 383,797; it lands in row 7
DONE {"kind": "relist", "row": 7, "lands_in": 7, "qty": 190, "price": 383797, "item": "Force Core (Ultimate"}
    relisted 190 at 383,797 in row 7
  tab 4 known from the last listing: 0 slot(s) held
  row 8: 'Force Core(Highest' x166 at 195,487 -> tab 4 slot (1, 1)
    floor 195,487 (195,487 x 1) from Force Core Set (Highest) as last bought; listed at 195,487, above it
TASK {"kind": "relist", "row": 8, "item": "Force Core(Highest", "qty": 166, "price": 195487, "tab": 4, "slot": [1, 1], "lands_in": 8}
  inventory slot (1,1) at (1475, 236)
    read: current min 193,500, price field 193,500, net sales 193,500, week average 210,472, listed at 195,487
    the lowest listed price is 193,500, from the row and 3 more
    market 193,499 is under the 195,487 floor (a Force Core Set (Highest) as last bought costs 195,487); listing at the floor
    market 193,500, typing 195,487, 1,987 over the market
    net sales 32,450,842 is 166 x 195,487
  typed 250; the net sales make it 166
    the panel holds 195,487 against the 195,487 typed
  tab 4 read in 23 ms after the listing: 0 slot(s) held

  list 166 at 195,487
    #         ms   share  step
    1       17.9    0.3%  read the panel before loading
    2       15.5    0.3%  wait for slot (1,1) to fill
    3      809.7   14.7%  ctrl-click (1,1) attempt 1
    4      592.1   10.8%  read the suggested price
    5     1442.6   26.2%  type the price 195,487
    6      953.0   17.3%  type the quantity 250
    7      308.9    5.6%  take the quantity from the net sales
    8       91.6    1.7%  read the price back before Register
    9      308.5    5.6%  click Register
   10      103.7    1.9%  find Confirmation
   11       17.5    0.3%  look for the underprice question
   12      311.5    5.7%  click Confirmation
   13      251.0    4.6%  park
   14      234.3    4.3%  confirm the dialog is gone
   15       21.3    0.4%  wait for the panel to let the item go
   16       23.3    0.4%  read tab 4 after the listing
          5502.3  100.0%  TOTAL
  listed 166 at 195,487; it lands in row 8
DONE {"kind": "relist", "row": 8, "lands_in": 8, "qty": 166, "price": 195487, "item": "Force Core(Highest"}
    relisted 166 at 195,487 in row 8, 7 relist(s) on the floor now
  row 9 has SOLD (fully); collecting
    collected; row 9 is empty, nothing to relist
  the Chaos Core special row sold; buying it back now, not on the next pass

-- Chaos Core special row 1 of 1: 1 at 500 to 700 under the market --
  1 stays behind on every row bought; an order 10 step(s) down with nothing spare takes the row it is on whole, and the next order leaves 1 behind again; each order prices the favourite afresh, then wheels down, up to 30 step(s)
TASK {"kind": "resupply", "core": "Chaos Core", "slot": 3, "tab": 4, "landing": [1, 1], "special": true}
  row 1 offers 'Chaos Core' x1 at 741,199 (741,199/unit)

  buy from favourite slot 3: REFUSED
    #         ms   share  step
    1        0.4    0.0%  get_price: focus the game
    2      103.8    1.9%  get_price: _trade_window_open (OCR 1300x190)
    3      164.2    3.1%  get_price: purchase_tab_showing
    4     1412.9   26.3%  get_price: click the Purchase tab + settle
    5      106.7    2.0%  get_price: read row 1 before the search
    6      309.2    5.8%  get_price: click favourite slot 3
    7       90.5    1.7%  get_price: confirm the sort
    8      482.2    9.0%  get_price: poll row 1 until it answers (3 read(s))
    9     2696.9   50.2%  get_price: search the favourite and read row 1
          5367.0  100.0%  TOTAL
  row 1 holds 1 and 1 stays behind, so there is nothing spare to take here.
  wheeled 1 notch(es) down the offers, from row 2 at (500, 312)
  row 1 offers 'Chaos Core' x23 at 741,896 (741,896/unit)
    balance before 560,165,030
    row 1 holds 23, 1 stays behind, so at most 22 comes off it
    dialog: '¢ Chaos Core'  qty 1 of 23  price 741896
    1 core(s) wanted, 1 to a pack -> 1 pack(s); 23 available, taking 1
    the quantity field already reads 1; not retyping it
    ordering 1 pack(s) at 741,896; the spend will confirm what actually bought
    balance after  559,423,134; spent 741,896 bought 1 pack(s) = 1 core(s) (741,896 a core)

  buy from favourite slot 3: bought 1 core(s) in 1 order(s)
    #         ms   share  step
    1        0.4    0.0%  get_price: focus the game
    2      102.7    3.3%  get_price: _trade_window_open (OCR 1300x190)
    3      112.7    3.6%  get_price: purchase_tab_showing
    4      207.4    6.6%  get_price: read row 1 where it stands
    5      423.4   13.5%  get_price: search the favourite and read row 1
    6      309.0    9.8%  select inventory tab 4
    7       95.4    3.0%  read the balance before buying
    8      358.2   11.4%  click the row at (500, 258)
    9      307.8    9.8%  click Buy at (828, 258)
   10       89.7    2.9%  await the Purchase dialog
   11      304.9    9.7%  read the dialog (item, price, qty, qty_max)
   12       86.7    2.8%  find the Buy button
   13      310.2    9.9%  click Buy
   14      251.1    8.0%  park
   15       88.5    2.8%  confirm the dialog is gone
   16       94.9    3.0%  read the balance after buying
          3143.0  100.0%  TOTAL
    tab 4 slot (1, 1) is held for 'Chaos Core'; it frees when something is listed from it
  the Chaos Core landed in tab 4 slot (1, 1)
TASK {"kind": "resupply", "core": "Chaos Core", "slot": 3, "tab": 4, "landing": [1, 1], "step": "list", "holding": "Chaos Core", "qty": 1, "special": true}
  inventory slot (1,1) at (1475, 236)
    read: current min 741,199, price field 741,199, net sales 741,199, week average 718,532, listed at unread
    the lowest listed price is 741,199, from the row and 2 more
    market 741,199, typing 740,548, 651 under the market
    net sales 740,548 is 1 x 740,548
  typed 250; the net sales make it 1
    the panel holds 740,548 against the 740,548 typed
  tab 4 read in 23 ms after the listing: 0 slot(s) held

  list 1 at 740,548
    #         ms   share  step
    1       17.4    0.3%  read the panel before loading
    2      809.1   14.8%  ctrl-click (1,1) attempt 1
    3      583.1   10.7%  read the suggested price
    4     1443.1   26.4%  type the price 740,548
    5      950.3   17.4%  type the quantity 250
    6      300.3    5.5%  take the quantity from the net sales
    7       90.9    1.7%  read the price back before Register
    8      309.1    5.7%  click Register
    9       97.2    1.8%  find Confirmation
   10       19.5    0.4%  look for the underprice question
   11      311.7    5.7%  click Confirmation
   12      250.7    4.6%  park
   13      237.2    4.3%  confirm the dialog is gone
   14       17.9    0.3%  wait for the panel to let the item go
   15       23.2    0.4%  read tab 4 after the listing
          5460.8  100.0%  TOTAL
  listed 1 at 740,548; it lands in row 9
  the Chaos Core special row is listed at 740,548 in row 9
DONE {"kind": "resupply", "core": "Chaos Core", "bought": 1, "listed": 1, "rows": [9], "special": true}
  tab 4 known from the last listing: 0 slot(s) held
  row 10: 'Upgrade Core (Ultimate' x20 at 536,672 -> tab 4 slot (1, 1)
    floor 469,773 (469,773 x 1) from what it cost; listed at 536,672, above it
TASK {"kind": "relist", "row": 10, "item": "Upgrade Core (Ultimate", "qty": 20, "price": 536672, "tab": 4, "slot": [1, 1], "lands_in": 10}
  inventory slot (1,1) at (1475, 236)
    read: current min 536,665, price field 536,665, net sales 536,665, week average 472,513, listed at 536,672
    the lowest listed price is 536,665, from the row and 3 more
    market 536,665, typing 536,664, 1 under the market
    net sales 10,733,280 is 20 x 536,664
  typed 250; the net sales make it 20
    the panel holds 536,664 against the 536,664 typed
  tab 4 read in 21 ms after the listing: 0 slot(s) held

  list 20 at 536,664
    #         ms   share  step
    1       19.0    0.3%  read the panel before loading
    2       22.2    0.4%  wait for slot (1,1) to fill
    3      809.6   14.8%  ctrl-click (1,1) attempt 1
    4      580.1   10.6%  read the suggested price
    5     1440.2   26.3%  type the price 536,664
    6      947.5   17.3%  type the quantity 250
    7      309.6    5.7%  take the quantity from the net sales
    8       90.8    1.7%  read the price back before Register
    9      308.5    5.6%  click Register
   10       93.0    1.7%  find Confirmation
   11       21.1    0.4%  look for the underprice question
   12      309.9    5.7%  click Confirmation
   13      251.0    4.6%  park
   14      233.8    4.3%  confirm the dialog is gone
   15       15.4    0.3%  wait for the panel to let the item go
   16       21.0    0.4%  read tab 4 after the listing
          5472.7  100.0%  TOTAL
  listed 20 at 536,664; it lands in row 10
DONE {"kind": "relist", "row": 10, "lands_in": 10, "qty": 20, "price": 536664, "item": "Upgrade Core (Ultimate"}
    relisted 20 at 536,664 in row 10
  tab 4 known from the last listing: 0 slot(s) held
  row 11: 'Force Core(Highest' x250 at 195,487 -> tab 4 slot (1, 1)
    floor 195,487 (195,487 x 1) from Force Core Set (Highest) as last bought; listed at 195,487, above it
TASK {"kind": "relist", "row": 11, "item": "Force Core(Highest", "qty": 250, "price": 195487, "tab": 4, "slot": [1, 1], "lands_in": 11}
  inventory slot (1,1) at (1475, 236)
    read: current min 193,500, price field 193,500, net sales 193,500, week average 210,472, listed at 195,487
    the lowest listed price is 193,500, from the row and 3 more
    market 193,499 is under the 195,487 floor (a Force Core Set (Highest) as last bought costs 195,487); listing at the floor
    market 193,500, typing 195,487, 1,987 over the market
    net sales 48,871,750 is 250 x 195,487
  typed 250; the net sales make it 250
    the panel holds 195,487 against the 195,487 typed
  tab 4 read in 20 ms after the listing: 0 slot(s) held

  list 250 at 195,487
    #         ms   share  step
    1       17.3    0.3%  read the panel before loading
    2       20.4    0.4%  wait for slot (1,1) to fill
    3      810.9   14.8%  ctrl-click (1,1) attempt 1
    4      585.6   10.7%  read the suggested price
    5     1440.7   26.3%  type the price 195,487
    6      948.0   17.3%  type the quantity 250
    7      310.4    5.7%  take the quantity from the net sales
    8       89.9    1.6%  read the price back before Register
    9      308.3    5.6%  click Register
   10       93.1    1.7%  find Confirmation
   11       19.6    0.4%  look for the underprice question
   12      308.4    5.6%  click Confirmation
   13      250.7    4.6%  park
   14      232.5    4.2%  confirm the dialog is gone
   15       17.6    0.3%  wait for the panel to let the item go
   16       20.0    0.4%  read tab 4 after the listing
          5473.4  100.0%  TOTAL
  listed 250 at 195,487; it lands in row 11
DONE {"kind": "relist", "row": 11, "lands_in": 11, "qty": 250, "price": 195487, "item": "Force Core(Highest"}
    relisted 250 at 195,487 in row 11, 8 relist(s) on the floor now
  tab 4 known from the last listing: 0 slot(s) held
  row 12: 'Force Core(Highest' x136 at 195,487 -> tab 4 slot (1, 1)
    floor 195,487 (195,487 x 1) from Force Core Set (Highest) as last bought; listed at 195,487, above it
TASK {"kind": "relist", "row": 12, "item": "Force Core(Highest", "qty": 136, "price": 195487, "tab": 4, "slot": [1, 1], "lands_in": 12}
  inventory slot (1,1) at (1475, 236)
    read: current min 193,500, price field 193,500, net sales 193,500, week average 210,472, listed at 195,487
    the lowest listed price is 193,500, from the row and 3 more
    market 193,499 is under the 195,487 floor (a Force Core Set (Highest) as last bought costs 195,487); listing at the floor
    market 193,500, typing 195,487, 1,987 over the market
    net sales 26,586,232 is 136 x 195,487
  typed 250; the net sales make it 136
    the panel holds 195,487 against the 195,487 typed
  tab 4 read in 21 ms after the listing: 0 slot(s) held

  list 136 at 195,487
    #         ms   share  step
    1       18.2    0.3%  read the panel before loading
    2       18.2    0.3%  wait for slot (1,1) to fill
    3      808.7   14.8%  ctrl-click (1,1) attempt 1
    4      579.6   10.6%  read the suggested price
    5     1443.5   26.4%  type the price 195,487
    6      947.1   17.3%  type the quantity 250
    7      308.0    5.6%  take the quantity from the net sales
    8       90.4    1.7%  read the price back before Register
    9      310.0    5.7%  click Register
   10       93.4    1.7%  find Confirmation
   11       16.7    0.3%  look for the underprice question
   12      310.3    5.7%  click Confirmation
   13      251.1    4.6%  park
   14      236.0    4.3%  confirm the dialog is gone
   15       17.4    0.3%  wait for the panel to let the item go
   16       21.4    0.4%  read tab 4 after the listing
          5470.1  100.0%  TOTAL
  listed 136 at 195,487; it lands in row 12
DONE {"kind": "relist", "row": 12, "lands_in": 12, "qty": 136, "price": 195487, "item": "Force Core(Highest"}
    relisted 136 at 195,487 in row 12, 8 relist(s) on the floor now
    the quantity column read 'il', which holds no digits, so it is the end of the name and not a count; reading the row as 'Palladium Headpiece(BL) il' and letting the panel count what is there
  tab 4 known from the last listing: 0 slot(s) held
  row 13: 'Palladium Headpiece(BL) (anal (anal' x1 at 2,399,996 -> tab 4 slot (1, 1)
    the quantity column read 'il', which holds no digits, so it is the end of the name and not a count; reading the row as 'Palladium Headpiece(BL) il' and letting the panel count what is there
    no floor for 'Palladium Headpiece(BL) (anal (anal'
TASK {"kind": "relist", "row": 13, "item": "Palladium Headpiece(BL) (anal (anal", "qty": 1, "price": 2399996, "tab": 4, "slot": [1, 1], "lands_in": 13}
  inventory slot (1,1) at (1475, 236)
    read: current min 2,399,997, price field 2,399,997, net sales 2,399,997, week average 3,094,690, listed at 2,399,996
    the lowest listed price is 2,399,997, from the row and 3 more
    market 2,399,997, typing 2,399,996, 1 under the market
    net sales 2,399,996 is 1 x 2,399,996
  typed 250; the net sales make it 1
    the panel holds 2,399,996 against the 2,399,996 typed
  tab 4 read in 22 ms after the listing: 0 slot(s) held

  list 1 at 2,399,996
    #         ms   share  step
    1       19.5    0.4%  read the panel before loading
    2       19.5    0.4%  wait for slot (1,1) to fill
    3      810.7   14.6%  ctrl-click (1,1) attempt 1
    4      584.4   10.5%  read the suggested price
    5     1515.8   27.2%  type the price 2,399,996
    6      945.2   17.0%  type the quantity 250
    7      307.4    5.5%  take the quantity from the net sales
    8       95.0    1.7%  read the price back before Register
    9      310.6    5.6%  click Register
   10      104.2    1.9%  find Confirmation
   11       18.3    0.3%  look for the underprice question
   12      310.6    5.6%  click Confirmation
   13      250.9    4.5%  park
   14      234.7    4.2%  confirm the dialog is gone
   15       18.3    0.3%  wait for the panel to let the item go
   16       21.7    0.4%  read tab 4 after the listing
          5566.9  100.0%  TOTAL
  listed 1 at 2,399,996; it lands in row 13
DONE {"kind": "relist", "row": 13, "lands_in": 13, "qty": 1, "price": 2399996, "item": "Palladium Headpiece(BL) (anal (anal"}
    relisted 1 at 2,399,996 in row 13
    the quantity column read 'il', which holds no digits, so it is the end of the name and not a count; reading the row as 'Palladium Headgear(FB) il' and letting the panel count what is there
  tab 4 known from the last listing: 0 slot(s) held
  row 14: 'Palladium Headgear(FB) Lalla' x1 at 988,999 -> tab 4 slot (1, 1)
    the quantity column read 'il', which holds no digits, so it is the end of the name and not a count; reading the row as 'Palladium Headgear(FB) il' and letting the panel count what is there
    no floor for 'Palladium Headgear(FB) Lalla'
TASK {"kind": "relist", "row": 14, "item": "Palladium Headgear(FB) Lalla", "qty": 1, "price": 988999, "tab": 4, "slot": [1, 1], "lands_in": 14}
  inventory slot (1,1) at (1475, 236)
    read: current min 989,000, price field 989,000, net sales 989,000, week average 1,065,959, listed at 988,999
    the lowest listed price is 989,000, from the row and 3 more
    market 989,000, typing 988,999, 1 under the market
    net sales 988,999 is 1 x 988,999
  typed 250; the net sales make it 1
    the panel holds 988,999 against the 988,999 typed
  tab 4 read in 25 ms after the listing: 0 slot(s) held

  list 1 at 988,999
    #         ms   share  step
    1       20.1    0.4%  read the panel before loading
    2       19.2    0.3%  wait for slot (1,1) to fill
    3      816.3   14.6%  ctrl-click (1,1) attempt 1
    4      654.8   11.7%  read the suggested price
    5     1446.4   25.9%  type the price 988,999
    6      950.5   17.0%  type the quantity 250
    7      308.8    5.5%  take the quantity from the net sales
    8       96.0    1.7%  read the price back before Register
    9      315.3    5.6%  click Register
   10      103.5    1.8%  find Confirmation
   11       17.4    0.3%  look for the underprice question
   12      308.5    5.5%  click Confirmation
   13      251.0    4.5%  park
   14      240.9    4.3%  confirm the dialog is gone
   15       20.7    0.4%  wait for the panel to let the item go
   16       24.8    0.4%  read tab 4 after the listing
          5593.9  100.0%  TOTAL
  listed 1 at 988,999; it lands in row 14
DONE {"kind": "relist", "row": 14, "lands_in": 14, "qty": 1, "price": 988999, "item": "Palladium Headgear(FB) Lalla"}
    relisted 1 at 988,999 in row 14
    the quantity column read 'il', which holds no digits, so it is the end of the name and not a count; reading the row as 'Palladium Headgear(FA) il' and letting the panel count what is there
  tab 4 known from the last listing: 0 slot(s) held
  row 15: 'Palladium Headgear(FA) (anal (anal' x1 at 9,870,000 -> tab 4 slot (1, 1)
    the quantity column read 'il', which holds no digits, so it is the end of the name and not a count; reading the row as 'Palladium Headgear(FA) il' and letting the panel count what is there
    no floor for 'Palladium Headgear(FA) (anal (anal'
TASK {"kind": "relist", "row": 15, "item": "Palladium Headgear(FA) (anal (anal", "qty": 1, "price": 9870000, "tab": 4, "slot": [1, 1], "lands_in": 15}
  inventory slot (1,1) at (1475, 236)
    read: current min 3,224,985, price field 3,224,985, net sales 3,224,985, week average 3,309,683, listed at 9,870,000
    the lowest listed price is 3,224,985, from the row and 3 more
    the market asks 3,224,984, 6,645,016 under our 9,870,000; holding at 9,860,000, the most this row may fall in one relist
    market 3,224,985, typing 9,860,000, 6,635,015 over the market
    net sales 9,860,000 is 1 x 9,860,000
  typed 250; the net sales make it 1
    the panel holds 9,860,000 against the 9,860,000 typed
  tab 4 read in 21 ms after the listing: 0 slot(s) held

  list 1 at 9,860,000
    #         ms   share  step
    1       17.2    0.3%  read the panel before loading
    2       17.4    0.3%  wait for slot (1,1) to fill
    3      812.7   14.6%  ctrl-click (1,1) attempt 1
    4      596.1   10.7%  read the suggested price
    5     1511.3   27.1%  type the price 9,860,000
    6      946.3   17.0%  type the quantity 250
    7      307.7    5.5%  take the quantity from the net sales
    8       94.9    1.7%  read the price back before Register
    9      310.6    5.6%  click Register
   10       96.5    1.7%  find Confirmation
   11       20.2    0.4%  look for the underprice question
   12      308.7    5.5%  click Confirmation
   13      250.8    4.5%  park
   14      244.5    4.4%  confirm the dialog is gone
   15       16.8    0.3%  wait for the panel to let the item go
   16       20.6    0.4%  read tab 4 after the listing
          5572.3  100.0%  TOTAL
  listed 1 at 9,860,000; it lands in row 15
DONE {"kind": "relist", "row": 15, "lands_in": 15, "qty": 1, "price": 9860000, "item": "Palladium Headgear(FA) (anal (anal"}
    relisted 1 at 9,860,000 in row 15
    the quantity column read 'il', which holds no digits, so it is the end of the name and not a count; reading the row as 'Palladium Boots(FA) il' and letting the panel count what is there
  tab 4 known from the last listing: 0 slot(s) held
  row 16: 'Palladium Boots(FA) Lalla' x2 at 1,299,997 -> tab 4 slot (1, 1)
    the quantity column read 'il', which holds no digits, so it is the end of the name and not a count; reading the row as 'Palladium Boots(FA) il' and letting the panel count what is there
    no floor for 'Palladium Boots(FA) Lalla'
TASK {"kind": "relist", "row": 16, "item": "Palladium Boots(FA) Lalla", "qty": 2, "price": 1299997, "tab": 4, "slot": [1, 1], "lands_in": 16}
  inventory slot (1,1) at (1475, 236)
    read: current min 1,299,998, price field 1,299,998, net sales 1,299,998, week average 1,593,780, listed at 1,299,997
    the lowest listed price is 1,299,998, from the row and 3 more
    market 1,299,998, typing 1,299,997, 1 under the market
    net sales 2,599,994 is 2 x 1,299,997
  typed 250; the net sales make it 2
    the panel holds 1,299,997 against the 1,299,997 typed
  tab 4 read in 24 ms after the listing: 0 slot(s) held

  list 2 at 1,299,997
    #         ms   share  step
    1       18.9    0.3%  read the panel before loading
    2       19.5    0.3%  wait for slot (1,1) to fill
    3      808.1   14.2%  ctrl-click (1,1) attempt 1
    4      677.1   11.9%  read the suggested price
    5     1516.8   26.7%  type the price 1,299,997
    6      949.6   16.7%  type the quantity 250
    7      311.6    5.5%  take the quantity from the net sales
    8       94.8    1.7%  read the price back before Register
    9      310.5    5.5%  click Register
   10      100.0    1.8%  find Confirmation
   11       22.5    0.4%  look for the underprice question
   12      311.6    5.5%  click Confirmation
   13      250.9    4.4%  park
   14      239.2    4.2%  confirm the dialog is gone
   15       17.3    0.3%  wait for the panel to let the item go
   16       24.4    0.4%  read tab 4 after the listing
          5672.6  100.0%  TOTAL
  listed 2 at 1,299,997; it lands in row 16
DONE {"kind": "relist", "row": 16, "lands_in": 16, "qty": 2, "price": 1299997, "item": "Palladium Boots(FA) Lalla"}
    relisted 2 at 1,299,997 in row 16
    the quantity column read 'il', which holds no digits, so it is the end of the name and not a count; reading the row as 'Palladium Shoes(W1) il' and letting the panel count what is there
  tab 4 known from the last listing: 0 slot(s) held
  row 17: 'Palladium Shoes(W1) Lalla' x2 at 749,998 -> tab 4 slot (1, 1)
    the quantity column read 'il', which holds no digits, so it is the end of the name and not a count; reading the row as 'Palladium Shoes(W1) il' and letting the panel count what is there
    no floor for 'Palladium Shoes(W1) Lalla'
TASK {"kind": "relist", "row": 17, "item": "Palladium Shoes(W1) Lalla", "qty": 2, "price": 749998, "tab": 4, "slot": [1, 1], "lands_in": 17}
  inventory slot (1,1) at (1475, 236)
    read: current min 749,999, price field 749,999, net sales 749,999, week average 702,777, listed at 749,998
    the lowest listed price is 749,999, from the row and 3 more
    market 749,999, typing 749,998, 1 under the market
    net sales 1,499,996 is 2 x 749,998
  typed 250; the net sales make it 2
    the panel holds 749,998 against the 749,998 typed
  tab 4 read in 25 ms after the listing: 0 slot(s) held

  list 2 at 749,998
    #         ms   share  step
    1       18.8    0.3%  read the panel before loading
    2       19.9    0.4%  wait for slot (1,1) to fill
    3      809.1   14.6%  ctrl-click (1,1) attempt 1
    4      588.6   10.7%  read the suggested price
    5     1447.2   26.2%  type the price 749,998
    6      952.7   17.2%  type the quantity 250
    7      315.1    5.7%  take the quantity from the net sales
    8       93.5    1.7%  read the price back before Register
    9      312.0    5.6%  click Register
   10      102.2    1.9%  find Confirmation
   11       18.4    0.3%  look for the underprice question
   12      311.3    5.6%  click Confirmation
   13      250.7    4.5%  park
   14      237.5    4.3%  confirm the dialog is gone
   15       21.2    0.4%  wait for the panel to let the item go
   16       24.8    0.4%  read tab 4 after the listing
          5523.0  100.0%  TOTAL
  listed 2 at 749,998; it lands in row 17
DONE {"kind": "relist", "row": 17, "lands_in": 17, "qty": 2, "price": 749998, "item": "Palladium Shoes(W1) Lalla"}
    relisted 2 at 749,998 in row 17
    the quantity column read 'il', which holds no digits, so it is the end of the name and not a count; reading the row as 'Palladium Coat (FG) il' and letting the panel count what is there
  tab 4 known from the last listing: 0 slot(s) held
  row 18: 'Palladium Coat (FG) Lalla' x1 at 999,997 -> tab 4 slot (1, 1)
    the quantity column read 'il', which holds no digits, so it is the end of the name and not a count; reading the row as 'Palladium Coat (FG) il' and letting the panel count what is there
    no floor for 'Palladium Coat (FG) Lalla'
TASK {"kind": "relist", "row": 18, "item": "Palladium Coat (FG) Lalla", "qty": 1, "price": 999997, "tab": 4, "slot": [1, 1], "lands_in": 18}
  inventory slot (1,1) at (1475, 236)
    read: current min 999,998, price field 999,998, net sales 999,998, week average 2,344,358, listed at 999,997
    the lowest listed price is 999,998, from the row and 3 more
    market 999,998, typing 999,997, 1 under the market
    net sales 999,997 is 1 x 999,997
  typed 250; the net sales make it 1
    the panel holds 999,997 against the 999,997 typed
    the game asks again because 999,997 is at least 25% under its average for this item; accepting
  tab 4 read in 25 ms after the listing: 0 slot(s) held

  list 1 at 999,997
    #         ms   share  step
    1       20.3    0.3%  read the panel before loading
    2       18.3    0.3%  wait for slot (1,1) to fill
    3      812.2   11.9%  ctrl-click (1,1) attempt 1
    4      593.5    8.7%  read the suggested price
    5     1441.9   21.2%  type the price 999,997
    6      948.3   13.9%  type the quantity 250
    7      305.5    4.5%  take the quantity from the net sales
    8       96.1    1.4%  read the price back before Register
    9      311.6    4.6%  click Register
   10       96.7    1.4%  find Confirmation
   11      141.7    2.1%  look for the underprice question
   12      311.0    4.6%  click Confirmation on the question
   13       22.1    0.3%  wait for the question to go
   14      751.0   11.0%  park before the dialog takes another click at the same point
   15       93.1    1.4%  find Confirmation on the real dialog
   16      312.8    4.6%  click Confirmation
   17      250.7    3.7%  park
   18      239.6    3.5%  confirm the dialog is gone
   19       17.8    0.3%  wait for the panel to let the item go
   20       24.7    0.4%  read tab 4 after the listing
          6809.1  100.0%  TOTAL
  listed 1 at 999,997; it lands in row 18
DONE {"kind": "relist", "row": 18, "lands_in": 18, "qty": 1, "price": 999997, "item": "Palladium Coat (FG) Lalla"}
    relisted 1 at 999,997 in row 18
  tab 4 known from the last listing: 0 slot(s) held
  row 19: 'Chaos Core Set X 291' x1 at 218,161,826 -> tab 4 slot (1, 1)
    floor 214,753,635 (737,985 x 291) from Chaos Core as last bought; listed at 218,161,826, above it
TASK {"kind": "relist", "row": 19, "item": "Chaos Core Set X 291", "qty": 1, "price": 218161826, "tab": 4, "slot": [1, 1], "lands_in": 19}
  inventory slot (1,1) at (1475, 236)
    read: current min 218,157,462, price field 218,157,462, net sales 218,157,462, week average 212,375,292, listed at 218,161,826
    the lowest listed price is 218,157,462, from the row and 3 more
    market 218,157,462, typing 218,157,461, 1 under the market
    net sales 218,157,461 is 1 x 218,157,461
  typed 250; the net sales make it 1
    the panel holds 218,157,461 against the 218,157,461 typed
  tab 4 read in 23 ms after the listing: 0 slot(s) held

  list 1 at 218,157,461
    #         ms   share  step
    1       17.3    0.3%  read the panel before loading
    2       20.9    0.4%  wait for slot (1,1) to fill
    3      812.8   14.2%  ctrl-click (1,1) attempt 1
    4      592.3   10.4%  read the suggested price
    5     1654.3   29.0%  type the price 218,157,461
    6      945.7   16.6%  type the quantity 250
    7      312.9    5.5%  take the quantity from the net sales
    8       96.5    1.7%  read the price back before Register
    9      308.7    5.4%  click Register
   10       95.3    1.7%  find Confirmation
   11       17.0    0.3%  look for the underprice question
   12      308.0    5.4%  click Confirmation
   13      250.9    4.4%  park
   14      232.5    4.1%  confirm the dialog is gone
   15       18.2    0.3%  wait for the panel to let the item go
   16       23.5    0.4%  read tab 4 after the listing
          5706.8  100.0%  TOTAL
  listed 1 at 218,157,461; it lands in row 19
DONE {"kind": "relist", "row": 19, "lands_in": 19, "qty": 1, "price": 218157461, "item": "Chaos Core Set X 291"}
    relisted 1 at 218,157,461 in row 19
  tab 4 known from the last listing: 0 slot(s) held
  row 20: 'Force Core (Ultimate' x56 at 383,801 -> tab 4 slot (1, 1)
    floor 374,843 (374,843 x 1) from what it cost; listed at 383,801, above it
TASK {"kind": "relist", "row": 20, "item": "Force Core (Ultimate", "qty": 56, "price": 383801, "tab": 4, "slot": [1, 1], "lands_in": 20}
  inventory slot (1,1) at (1475, 236)
    read: current min 383,797, price field 383,797, net sales 383,797, week average 407,170, listed at 383,801
    the lowest listed price is 383,797, from the row and 3 more
    market 383,797, typing 383,796, 1 under the market
    net sales 21,492,576 is 56 x 383,796
  typed 250; the net sales make it 56
    the panel holds 383,796 against the 383,796 typed
  tab 4 read in 22 ms after the listing: 0 slot(s) held

  list 56 at 383,796
    #         ms   share  step
    1       17.3    0.3%  read the panel before loading
    2       21.9    0.4%  wait for slot (1,1) to fill
    3      809.9   14.8%  ctrl-click (1,1) attempt 1
    4      576.1   10.5%  read the suggested price
    5     1440.1   26.3%  type the price 383,796
    6      947.5   17.3%  type the quantity 250
    7      316.3    5.8%  take the quantity from the net sales
    8       93.7    1.7%  read the price back before Register
    9      308.6    5.6%  click Register
   10       98.4    1.8%  find Confirmation
   11       18.0    0.3%  look for the underprice question
   12      307.3    5.6%  click Confirmation
   13      250.9    4.6%  park
   14      232.8    4.3%  confirm the dialog is gone
   15       15.9    0.3%  wait for the panel to let the item go
   16       21.6    0.4%  read tab 4 after the listing
          5476.1  100.0%  TOTAL
  listed 56 at 383,796; it lands in row 20
DONE {"kind": "relist", "row": 20, "lands_in": 20, "qty": 56, "price": 383796, "item": "Force Core (Ultimate"}
    relisted 56 at 383,796 in row 20
  tab 4 known from the last listing: 0 slot(s) held
  row 21: 'Chaos Core Set X 249' x1 at 186,674,303 -> tab 4 slot (1, 1)
    floor 183,758,265 (737,985 x 249) from Chaos Core as last bought; listed at 186,674,303, above it
TASK {"kind": "relist", "row": 21, "item": "Chaos Core Set X 249", "qty": 1, "price": 186674303, "tab": 4, "slot": [1, 1], "lands_in": 21}
  inventory slot (1,1) at (1475, 236)
    read: current min 186,670,071, price field 186,670,071, net sales 186,670,071, week average 181,723,188, listed at 186,674,303
    the lowest listed price is 186,670,071, from the row and 3 more
    market 186,670,071, typing 186,670,070, 1 under the market
    net sales 186,670,070 is 1 x 186,670,070
  typed 250; the net sales make it 1
    the panel holds 186,670,070 against the 186,670,070 typed
  tab 4 read in 20 ms after the listing: 0 slot(s) held

  list 1 at 186,670,070
    #         ms   share  step
    1       18.9    0.3%  read the panel before loading
    2       17.1    0.3%  wait for slot (1,1) to fill
    3      811.1   14.2%  ctrl-click (1,1) attempt 1
    4      589.8   10.4%  read the suggested price
    5     1654.1   29.0%  type the price 186,670,070
    6      944.5   16.6%  type the quantity 250
    7      311.3    5.5%  take the quantity from the net sales
    8       96.8    1.7%  read the price back before Register
    9      309.7    5.4%  click Register
   10       91.3    1.6%  find Confirmation
   11       18.3    0.3%  look for the underprice question
   12      307.1    5.4%  click Confirmation
   13      251.0    4.4%  park
   14      235.1    4.1%  confirm the dialog is gone
   15       18.5    0.3%  wait for the panel to let the item go
   16       20.0    0.4%  read tab 4 after the listing
          5694.7  100.0%  TOTAL
  listed 1 at 186,670,070; it lands in row 21
DONE {"kind": "relist", "row": 21, "lands_in": 21, "qty": 1, "price": 186670070, "item": "Chaos Core Set X 249"}
    relisted 1 at 186,670,070 in row 21
  tab 4 known from the last listing: 0 slot(s) held
  row 22: 'Chaos Core Set X 267' x1 at 200,168,564 -> tab 4 slot (1, 1)
    floor 197,041,995 (737,985 x 267) from Chaos Core as last bought; listed at 200,168,564, above it
TASK {"kind": "relist", "row": 22, "item": "Chaos Core Set X 267", "qty": 1, "price": 200168564, "tab": 4, "slot": [1, 1], "lands_in": 22}
  inventory slot (1,1) at (1475, 236)
    read: current min 200,164,026, price field 200,164,026, net sales 200,164,026, week average 194,859,804, listed at 200,168,564
    the lowest listed price is 200,164,026, from the row and 3 more
    market 200,164,026, typing 200,164,025, 1 under the market
    net sales 200,164,025 is 1 x 200,164,025
  typed 250; the net sales make it 1
    the panel holds 200,164,025 against the 200,164,025 typed
  tab 4 read in 23 ms after the listing: 0 slot(s) held

  list 1 at 200,164,025
    #         ms   share  step
    1       19.8    0.3%  read the panel before loading
    2       22.9    0.4%  wait for slot (1,1) to fill
    3      808.3   14.0%  ctrl-click (1,1) attempt 1
    4      667.9   11.5%  read the suggested price
    5     1652.7   28.6%  type the price 200,164,025
    6      945.5   16.3%  type the quantity 250
    7      315.0    5.4%  take the quantity from the net sales
    8       91.8    1.6%  read the price back before Register
    9      310.5    5.4%  click Register
   10       97.5    1.7%  find Confirmation
   11       20.6    0.4%  look for the underprice question
   12      307.4    5.3%  click Confirmation
   13      251.0    4.3%  park
   14      236.6    4.1%  confirm the dialog is gone
   15       16.2    0.3%  wait for the panel to let the item go
   16       23.1    0.4%  read tab 4 after the listing
          5786.9  100.0%  TOTAL
  listed 1 at 200,164,025; it lands in row 22
DONE {"kind": "relist", "row": 22, "lands_in": 22, "qty": 1, "price": 200164025, "item": "Chaos Core Set X 267"}
    relisted 1 at 200,164,025 in row 22
  tab 4 known from the last listing: 0 slot(s) held
  row 23: 'Upgrade Core (Ultimate' x54 at 536,667 -> tab 4 slot (1, 1)
    floor 469,773 (469,773 x 1) from Upgrade Core Set (Ultimate) as last bought; listed at 536,667, above it
TASK {"kind": "relist", "row": 23, "item": "Upgrade Core (Ultimate", "qty": 54, "price": 536667, "tab": 4, "slot": [1, 1], "lands_in": 23}
  inventory slot (1,1) at (1475, 236)
    read: current min 536,662, price field 536,662, net sales 536,662, week average 472,513, listed at 536,667
    the lowest listed price is 536,662, from the row and 3 more
    market 536,662, typing 536,661, 1 under the market
    net sales 28,979,694 is 54 x 536,661
  typed 250; the net sales make it 54
    the panel holds 536,661 against the 536,661 typed
  tab 4 read in 22 ms after the listing: 0 slot(s) held

  list 54 at 536,661
    #         ms   share  step
    1       16.6    0.3%  read the panel before loading
    2       16.1    0.3%  wait for slot (1,1) to fill
    3      808.0   14.7%  ctrl-click (1,1) attempt 1
    4      584.0   10.6%  read the suggested price
    5     1440.2   26.2%  type the price 536,661
    6      947.2   17.2%  type the quantity 250
    7      310.3    5.6%  take the quantity from the net sales
    8       94.1    1.7%  read the price back before Register
    9      308.6    5.6%  click Register
   10       93.8    1.7%  find Confirmation
   11       21.1    0.4%  look for the underprice question
   12      314.7    5.7%  click Confirmation
   13      251.1    4.6%  park
   14      247.9    4.5%  confirm the dialog is gone
   15       18.2    0.3%  wait for the panel to let the item go
   16       21.7    0.4%  read tab 4 after the listing
          5493.6  100.0%  TOTAL
  listed 54 at 536,661; it lands in row 23
DONE {"kind": "relist", "row": 23, "lands_in": 23, "qty": 54, "price": 536661, "item": "Upgrade Core (Ultimate"}
    relisted 54 at 536,661 in row 23
  tab 4 known from the last listing: 0 slot(s) held
  row 24: 'Chaos Core Set X 252' x1 at 188,922,887 -> tab 4 slot (1, 1)
    floor 185,972,220 (737,985 x 252) from Chaos Core as last bought; listed at 188,922,887, above it
TASK {"kind": "relist", "row": 24, "item": "Chaos Core Set X 252", "qty": 1, "price": 188922887, "tab": 4, "slot": [1, 1], "lands_in": 24}
  inventory slot (1,1) at (1475, 236)
    read: current min 188,918,604, price field 188,918,604, net sales 188,918,604, week average 183,912,624, listed at 188,922,887
    the lowest listed price is 188,918,604, from the row and 3 more
    market 188,918,604, typing 188,918,603, 1 under the market
    net sales 188,918,603 is 1 x 188,918,603
  typed 250; the net sales make it 1
    the panel holds 188,918,603 against the 188,918,603 typed
  tab 4 read in 21 ms after the listing: 0 slot(s) held

  list 1 at 188,918,603
    #         ms   share  step
    1       19.3    0.3%  read the panel before loading
    2       17.2    0.3%  wait for slot (1,1) to fill
    3      811.3   14.0%  ctrl-click (1,1) attempt 1
    4      664.3   11.5%  read the suggested price
    5     1655.7   28.6%  type the price 188,918,603
    6      951.9   16.4%  type the quantity 250
    7      308.6    5.3%  take the quantity from the net sales
    8       91.8    1.6%  read the price back before Register
    9      307.7    5.3%  click Register
   10       93.3    1.6%  find Confirmation
   11       19.5    0.3%  look for the underprice question
   12      307.5    5.3%  click Confirmation
   13      250.8    4.3%  park
   14      249.0    4.3%  confirm the dialog is gone
   15       17.6    0.3%  wait for the panel to let the item go
   16       21.3    0.4%  read tab 4 after the listing
          5786.9  100.0%  TOTAL
  listed 1 at 188,918,603; it lands in row 24
DONE {"kind": "relist", "row": 24, "lands_in": 24, "qty": 1, "price": 188918603, "item": "Chaos Core Set X 252"}
    relisted 1 at 188,918,603 in row 24
  tab 4 known from the last listing: 0 slot(s) held
  row 25: 'Force Core(High' x72 at 182,999 -> tab 4 slot (1, 1)
    floor 176,867 (176,867 x 1) from Force Core Set (High) as last bought; listed at 182,999, above it
TASK {"kind": "relist", "row": 25, "item": "Force Core(High", "qty": 72, "price": 182999, "tab": 4, "slot": [1, 1], "lands_in": 25}
  inventory slot (1,1) at (1475, 236)
    read: current min 182,998, price field 182,998, net sales 182,998, week average 197,296, listed at 182,999
    the lowest listed price is 182,998, from the row and 3 more
    market 182,998, typing 182,997, 1 under the market
    net sales 13,175,784 is 72 x 182,997
  typed 250; the net sales make it 72
    the panel holds 182,997 against the 182,997 typed
  tab 4 read in 25 ms after the listing: 0 slot(s) held

  list 72 at 182,997
    #         ms   share  step
    1       16.5    0.3%  read the panel before loading
    2       19.3    0.3%  wait for slot (1,1) to fill
    3      813.7   14.7%  ctrl-click (1,1) attempt 1
    4      584.6   10.6%  read the suggested price
    5     1445.8   26.1%  type the price 182,997
    6      960.7   17.4%  type the quantity 250
    7      330.3    6.0%  take the quantity from the net sales
    8       97.7    1.8%  read the price back before Register
    9      315.0    5.7%  click Register
   10       93.4    1.7%  find Confirmation
   11       17.9    0.3%  look for the underprice question
   12      308.8    5.6%  click Confirmation
   13      250.9    4.5%  park
   14      234.6    4.2%  confirm the dialog is gone
   15       19.5    0.4%  wait for the panel to let the item go
   16       24.6    0.4%  read tab 4 after the listing
          5533.3  100.0%  TOTAL
  listed 72 at 182,997; it lands in row 25
DONE {"kind": "relist", "row": 25, "lands_in": 25, "qty": 72, "price": 182997, "item": "Force Core(High"}
    relisted 72 at 182,997 in row 25
  tab 4 known from the last listing: 0 slot(s) held
  row 26: 'Force Core(High' x86 at 182,998 -> tab 4 slot (1, 1)
    floor 176,867 (176,867 x 1) from Force Core Set (High) as last bought; listed at 182,998, above it
TASK {"kind": "relist", "row": 26, "item": "Force Core(High", "qty": 86, "price": 182998, "tab": 4, "slot": [1, 1], "lands_in": 26}
  inventory slot (1,1) at (1475, 236)
    read: current min 182,997, price field 182,997, net sales 182,997, week average 197,296, listed at 182,998
    the lowest listed price is 182,997, from the row and 3 more
    market 182,997, typing 182,996, 1 under the market
    net sales 15,737,656 is 86 x 182,996
  typed 250; the net sales make it 86
    the panel holds 182,996 against the 182,996 typed
  tab 4 read in 21 ms after the listing: 0 slot(s) held

  list 86 at 182,996
    #         ms   share  step
    1       17.1    0.3%  read the panel before loading
    2       17.6    0.3%  wait for slot (1,1) to fill
    3      815.7   14.8%  ctrl-click (1,1) attempt 1
    4      580.8   10.6%  read the suggested price
    5     1444.6   26.3%  type the price 182,996
    6      946.4   17.2%  type the quantity 250
    7      312.4    5.7%  take the quantity from the net sales
    8       94.7    1.7%  read the price back before Register
    9      311.6    5.7%  click Register
   10       93.1    1.7%  find Confirmation
   11       24.5    0.4%  look for the underprice question
   12      310.2    5.6%  click Confirmation
   13      250.9    4.6%  park
   14      241.5    4.4%  confirm the dialog is gone
   15       19.8    0.4%  wait for the panel to let the item go
   16       21.3    0.4%  read tab 4 after the listing
          5502.3  100.0%  TOTAL
  listed 86 at 182,996; it lands in row 26
DONE {"kind": "relist", "row": 26, "lands_in": 26, "qty": 86, "price": 182996, "item": "Force Core(High"}
    relisted 86 at 182,996 in row 26
  row 27 is empty; nothing to relist

  relisting rows 1-27: 25 relisted, 2 empty, 0 skipped
    #          ms   share     n      each  phase
    1    96,249.7   42.8%    17   5,661.7  list it back
    2    63,985.5   28.4%    17   3,763.9  cancel the row and take it back
    3    18,950.5    8.4%    18   1,052.8  select inventory tab 4
    4    16,361.3    7.3%    18     909.0  scroll to the row and read it
    5     6,499.7    2.9%    18     361.1  Refresh the table
    6     5,809.9    2.6%     1   5,809.9  buy 1 Chaos Core
    7     5,467.3    2.4%     1   5,467.3  list Chaos Core from (1, 1)
    8     2,738.7    1.2%     1   2,738.7  buy order 2
    9     2,697.7    1.2%     1   2,697.7  buy order 1
   10     2,255.8    1.0%     1   2,255.8  select the Register tab
   11     1,536.1    0.7%     1   1,536.1  read tab 4 before buying
   12     1,530.6    0.7%     1   1,530.6  wait for the Chaos Core to land on tab 4
   13       371.6    0.2%     1     371.6  step down to the next offer (1)
   14       319.9    0.1%    17      18.8  check the shop slot is empty
   15       318.0    0.1%     1     318.0  reopen the Agent Shop
        225,092.3  100.0%

  returning the game to its default state
restoring the default state:
  Escape: window closed
  Inventory already closed
  the gift box at [284, 994]
  Receive All at [1209, 786]
  Receive 1 of 4 at [1214, 327]
  Receive 2 of 4 at [1214, 425]
  Receive 3 of 4 at [1214, 523]
  Receive 4 of 4 at [1214, 621]
  the special giftbox's Receive at [1438, 492]
  Close at [1483, 846]
  took 4 gift(s)
  the Agent Shop is shut and the vendor is not open either; reopening it
  Inventory shut: slot grid 0.08, needs 0.33

  board after pass 9:
                                                   bought/u   listed/u  margin      row price
     1  Blessing Bead - Superior           x1    163,756,817 169,999,997   +3.7%    169,999,997
     2  Armor Account bind Unseal Stone    x1    187,364,780 187,364,780   +0.0%    187,364,780
     3  Armor Account bind Seal Stone      x2    187,364,780 187,364,780   +0.0%    187,364,780
     4  Force Core (Ultimate               x64            -    383,798       -        383,798
     5  Arionell                           x1    281,047,170 297,185,713   +5.4%    297,185,713
     6  Upgrade Core (Ultimate             x15            -    536,665       -        536,665
     7  Force Core (Ultimate               x190           -    383,797       -        383,797
     8  Force Core(Highest                 x166           -    195,487       -        195,487
     9  Chaos Core                         x1       741,896    740,548   -0.2%        740,548
    10  Upgrade Core (Ultimate             x20      469,773    536,664  +12.5%        536,664
    11  Force Core(Highest                 x250           -    195,487       -        195,487
    12  Force Core(Highest                 x136           -    195,487       -        195,487
    13  Palladium Headpiece(BL) (anal (ana x1             -  2,399,996       -      2,399,996
    14  Palladium Headgear(FB) Lalla       x1             -    988,999       -        988,999
    15  Palladium Headgear(FA) (anal (anal x1             -  9,860,000       -      9,860,000
    16  Palladium Boots(FA) Lalla          x2             -  1,299,997       -      1,299,997
    17  Palladium Shoes(W1) Lalla          x2             -    749,998       -        749,998
    18  Palladium Coat (FG) Lalla          x1             -    999,997       -        999,997
    19  Chaos Core Set X 291               x1             -    749,681       -    218,157,461
    20  Force Core (Ultimate               x56      374,843    383,796   +2.3%        383,796
    21  Chaos Core Set X 249               x1             -    749,678       -    186,670,070
    22  Chaos Core Set X 267               x1             -    749,677       -    200,164,025
    23  Upgrade Core (Ultimate             x54            -    536,661       -        536,661
    24  Chaos Core Set X 252               x1             -    749,676       -    188,918,603
    25  Force Core(High                    x72            -    182,997       -        182,997
    26  Force Core(High                    x86            -    182,996       -        182,996
    28  Archridium Suit (DM) Lalla         x1             -  1,685,749       -      1,685,749
    30  Palladium Suit (DM) + 1 Lalla      x1             - 33,000,000       -     33,000,000
    item                               rows   units          listed
    Archridium Suit (DM) Lalla            1       1       1,685,749
    Arionell                              1       1     297,185,713
    Armor Account bind Seal Stone         1       2     374,729,560
    Armor Account bind Unseal Stone       1       1     187,364,780
    Blessing Bead - Superior              1       1     169,999,997
    Chaos Core                            1       1         740,548
    Chaos Core Set                        4   1,059     793,910,159
    Force Core (Ultimate                  3     310     118,977,078
    Force Core(High                       2     158      28,913,440
    Force Core(Highest                    3     552     107,908,824
    Palladium Boots(FA) Lalla             1       2       2,599,994
    Palladium Coat (FG) Lalla             1       1         999,997
    Palladium Headgear(FA) (anal (anal    1       1       9,860,000
    Palladium Headgear(FB) Lalla          1       1         988,999
    Palladium Headpiece(BL) (anal (ana    1       1       2,399,996
    Palladium Shoes(W1) Lalla             1       2       1,499,996
    Palladium Suit (DM) + 1 Lalla         1       1      33,000,000
    Upgrade Core (Ultimate                3      89      47,762,949
    board                                28   2,184   2,180,527,779
    balance now 559,423,134
  pass 9: 25 relisted, 2 empty, 0 skipped; 9944.7 minute(s) left

-- pass 10 --

  resupply order: Chaos Core, Force Core(High), Force Core(Highest), Upgrade Core (Ultimate), Force Core (Ultimate), Armor Account bind Unseal Stone, Armor Account bind Seal Stone, Blessing Bead - Superior

-- Chaos Core Set under our listing: up to 3 row(s) --
  Chaos Core Set 749,666 - Chaos Core 717,867 = 31,799
  ours is listed at 749,676 a Set and a Chaos Core sells at 717,867; buying every Set under 712,867, 5,000 a Set below the lower of the two
  the cheapest Chaos Core Set is 749,666 a Set, not under 712,867; nothing to buy under ours

  counting only rows 1-27; rows outside it are not repriced and do not count; 1 row(s) free
  core                            rows     buy/u    sell/u    margin  wants   short?
  Force Core(Highest)                3         -         -         -      -   holds the most it can want, 3; not priced
  Chaos Core                         4   717,867   749,666    31,799      6   YES
  Force Core (Ultimate)              3         -         -         -      -   holds the most it can want, 3; not priced
  Force Core(High)                   2   164,705   182,998    18,293      3   YES
  Upgrade Core (Ultimate)            3         -         -         -      -   holds the most it can want, 3; not priced
  Alz 559,423,134 held covers 779 Chaos Core at 717,867; buying what it covers

-- Chaos Core: 4 row(s) --
  1 row(s) free inside 1-27
  Chaos Core Set 749,666 - Chaos Core 717,867 = 31,799
  a margin of 31,799 is worth 6 row(s) of Chaos Core; 4 held
  buy_min 150 rolled to 148 (+/-15); buying 150 in whole batches of 3
  1 stays behind on every row bought; an order 10 step(s) down with nothing spare takes the row it is on whole, and the next order leaves 1 behind again; each order prices the favourite afresh, then wheels down, up to 30 step(s)
  every order takes all of the row it lands on, up to 999 held, and the orders stop once 150 is held
TASK {"kind": "resupply", "core": "Chaos Core", "set": "Chaos Core Set", "slot": 3, "tab": 4}
  0/150 Chaos Core held
  row 1 offers 'Chaos Core' x1 at 717,867 (717,867/unit)

  buy from favourite slot 3: REFUSED
    #         ms   share  step
    1        0.3    0.0%  get_price: focus the game
    2      102.7    4.0%  get_price: _trade_window_open (OCR 1300x190)
    3      114.1    4.5%  get_price: purchase_tab_showing
    4      185.1    7.3%  get_price: read row 1 before the search
    5      312.2   12.3%  get_price: click favourite slot 3
    6       91.4    3.6%  get_price: confirm the sort
    7      456.2   17.9%  get_price: poll row 1 until it answers (2 read(s))
    8     1285.7   50.5%  get_price: search the favourite and read row 1
          2547.7  100.0%  TOTAL
  row 1 holds 1 and 1 stays behind, so there is nothing spare to take here.
  wheeled 1 notch(es) down the offers, from row 2 at (500, 312)
  row 1 offers 'Chaos Core' x1 at 717,867 (717,867/unit)

  buy from favourite slot 3: REFUSED
    #         ms   share  step
    1        0.4    0.0%  get_price: focus the game
    2       98.8   10.0%  get_price: _trade_window_open (OCR 1300x190)
    3      114.0   11.6%  get_price: purchase_tab_showing
    4      278.9   28.3%  get_price: read row 1 where it stands
    5      492.2   50.0%  get_price: search the favourite and read row 1
           984.3  100.0%  TOTAL
  row 1 holds 1 and 1 stays behind, so there is nothing spare to take here.
  wheeled 1 notch(es) down the offers, from row 2 at (500, 312)
  row 1 offers 'Chaos Core' x1 at 718,532 (718,532/unit)

  buy from favourite slot 3: REFUSED
    #         ms   share  step
    1        0.6    0.1%  get_price: focus the game
    2      106.0   10.7%  get_price: _trade_window_open (OCR 1300x190)
    3      112.8   11.4%  get_price: purchase_tab_showing
    4      277.2   27.9%  get_price: read row 1 where it stands
    5      496.8   50.0%  get_price: search the favourite and read row 1
           993.4  100.0%  TOTAL
  row 1 holds 1 and 1 stays behind, so there is nothing spare to take here.
  wheeled 1 notch(es) down the offers, from row 2 at (500, 312)
  row 1 offers 'Chaos Core' x1 at 718,532 (718,532/unit)

  buy from favourite slot 3: REFUSED
    #         ms   share  step
    1        0.5    0.1%  get_price: focus the game
    2      101.6   10.2%  get_price: _trade_window_open (OCR 1300x190)
    3      116.6   11.7%  get_price: purchase_tab_showing
    4      281.3   28.1%  get_price: read row 1 where it stands
    5      500.1   50.0%  get_price: search the favourite and read row 1
          1000.1  100.0%  TOTAL
  row 1 holds 1 and 1 stays behind, so there is nothing spare to take here.
  wheeled 1 notch(es) down the offers, from row 2 at (500, 312)
  row 1 offers 'Chaos Core' x1 at 740,548 (740,548/unit)

  buy from favourite slot 3: REFUSED
    #         ms   share  step
    1        0.4    0.0%  get_price: focus the game
    2       98.5   10.2%  get_price: _trade_window_open (OCR 1300x190)
    3      113.4   11.7%  get_price: purchase_tab_showing
    4      272.1   28.1%  get_price: read row 1 where it stands
    5      484.5   50.0%  get_price: search the favourite and read row 1
           968.8  100.0%  TOTAL
  row 1 holds 1 and 1 stays behind, so there is nothing spare to take here.
  wheeled 1 notch(es) down the offers, from row 2 at (500, 312)
  row 1 offers 'Chaos Core' x1 at 741,199 (741,199/unit)

  buy from favourite slot 3: REFUSED
    #         ms   share  step
    1        0.4    0.0%  get_price: focus the game
    2      101.4   10.3%  get_price: _trade_window_open (OCR 1300x190)
    3      112.7   11.5%  get_price: purchase_tab_showing
    4      276.9   28.2%  get_price: read row 1 where it stands
    5      491.5   50.0%  get_price: search the favourite and read row 1
           982.9  100.0%  TOTAL
  row 1 holds 1 and 1 stays behind, so there is nothing spare to take here.
  wheeled 1 notch(es) down the offers, from row 2 at (500, 312)
  row 1 offers 'Chaos Core' x20 at 741,896 (741,896/unit)

  buy from favourite slot 3: REFUSED
    #         ms   share  step
    1        0.5    0.1%  get_price: focus the game
    2      101.4   11.7%  get_price: _trade_window_open (OCR 1300x190)
    3      116.4   13.4%  get_price: purchase_tab_showing
    4      216.6   24.9%  get_price: read row 1 where it stands
    5      435.0   50.0%  get_price: search the favourite and read row 1
           869.9  100.0%  TOTAL
  stopping: row 1 asks 741,896 and the core sells at 749,666, a gap of 7,770 against the 10,000 wanted. Nothing bought.
  nothing bought; not opening the craft window.
  Alz 559,423,134 held covers 3,396 Force Core Set (High) at 164,705; buying what it covers

-- Force Core(High): 2 row(s) --
  rows 1-27 have 1 free and a resupply can need 2; not pricing or buying, because a Core with nowhere to list stays on tab 4.

  Armor Account bind Unseal Stone: 1 row(s) inside 1-27, 1 wanted; row 2 'Armor Account bind Unseal Stone'
    floor 187,364,780: 500/1000 of the 374,729,560 voucher, read at launch

  Armor Account bind Seal Stone: 1 row(s) inside 1-27, 1 wanted; row 3 'Armor Account bind Seal Stone'
    floor 187,364,780: 500/1000 of the 374,729,560 voucher, read at launch

  Blessing Bead - Superior: 1 row(s) inside 1-27, 1 wanted; row 1 'Blessing Bead - Superior'
    floor 163,756,817: 437/1000 of the 374,729,560 voucher, read at launch
    the quantity column read 'Superior', which holds no digits, so it is the end of the name and not a count; reading the row as 'Blessing Bead - Superior' and letting the panel count what is there
    one line read 'serene wbéee 1 169,999,997 OnSale Change'; read as stacked lines it is 'Blessing Bead - Superior 169,999,997 OnSale Change'
  tab 4 read from the screen in 1527 ms: 0 slot(s) held
  row 1: 'Blessing Bead - Superior' x1 at 169,999,997 -> tab 4 slot (1, 1)
    floor 163,756,817 from what it cost; listed at 169,999,997, above it
TASK {"kind": "relist", "row": 1, "item": "Blessing Bead - Superior", "qty": 1, "price": 169999997, "tab": 4, "slot": [1, 1], "lands_in": 1}
  inventory slot (1,1) at (1475, 236)
    read: current min 169,999,998, price field 169,999,998, net sales 169,999,998, week average 189,305,448, listed at 169,999,997
    the lowest listed price is 169,999,998, from the row and 3 more
    market 169,999,998, typing 169,999,997, 1 under the market
    net sales 169,999,997 is 1 x 169,999,997
  typed 250; the net sales make it 1
    the panel holds 169,999,997 against the 169,999,997 typed
  tab 4 read in 20 ms after the listing: 0 slot(s) held

  list 1 at 169,999,997
    #         ms   share  step
    1       17.6    0.3%  read the panel before loading
    2       20.8    0.4%  wait for slot (1,1) to fill
    3      810.9   14.0%  ctrl-click (1,1) attempt 1
    4      655.4   11.3%  read the suggested price
    5     1653.3   28.5%  type the price 169,999,997
    6      946.7   16.3%  type the quantity 250
    7      319.1    5.5%  take the quantity from the net sales
    8      106.9    1.8%  read the price back before Register
    9      307.9    5.3%  click Register
   10       97.7    1.7%  find Confirmation
   11       20.9    0.4%  look for the underprice question
   12      310.2    5.3%  click Confirmation
   13      250.9    4.3%  park
   14      248.7    4.3%  confirm the dialog is gone
   15       17.4    0.3%  wait for the panel to let the item go
   16       19.6    0.3%  read tab 4 after the listing
          5804.0  100.0%  TOTAL
  listed 1 at 169,999,997; it lands in row 1
DONE {"kind": "relist", "row": 1, "lands_in": 1, "qty": 1, "price": 169999997, "item": "Blessing Bead - Superior"}
    relisted 1 at 169,999,997 in row 1
  tab 4 known from the last listing: 0 slot(s) held
  row 2: 'Armor Account bind Unseal Stone' x1 at 187,364,780 -> tab 4 slot (1, 1)
    floor 187,364,780 from what it cost; listed at 187,364,780, above it
TASK {"kind": "relist", "row": 2, "item": "Armor Account bind Unseal Stone", "qty": 1, "price": 187364780, "tab": 4, "slot": [1, 1], "lands_in": 2}
  inventory slot (1,1) at (1475, 236)
    read: current min 187,000,000, price field 187,000,000, net sales 187,000,000, week average 191,433,039, listed at 187,364,780
    the lowest listed price is 187,000,000, from the row and 3 more
    market 186,999,999 is under the 187,364,780 floor (it is worth what it cost); listing at the floor
    market 187,000,000, typing 187,364,780, 364,780 over the market
    net sales 187,364,780 is 1 x 187,364,780
  typed 250; the net sales make it 1
    the panel holds 187,364,780 against the 187,364,780 typed
  tab 4 read in 23 ms after the listing: 0 slot(s) held

  list 1 at 187,364,780
    #         ms   share  step
    1       20.9    0.4%  read the panel before loading
    2       16.6    0.3%  wait for slot (1,1) to fill
    3      809.1   14.1%  ctrl-click (1,1) attempt 1
    4      588.1   10.3%  read the suggested price
    5     1652.4   28.9%  type the price 187,364,780
    6      948.9   16.6%  type the quantity 250
    7      314.6    5.5%  take the quantity from the net sales
    8       94.8    1.7%  read the price back before Register
    9      310.5    5.4%  click Register
   10       91.8    1.6%  find Confirmation
   11       17.4    0.3%  look for the underprice question
   12      307.7    5.4%  click Confirmation
   13      251.0    4.4%  park
   14      250.6    4.4%  confirm the dialog is gone
   15       21.1    0.4%  wait for the panel to let the item go
   16       23.0    0.4%  read tab 4 after the listing
          5718.7  100.0%  TOTAL
  listed 1 at 187,364,780; it lands in row 2
DONE {"kind": "relist", "row": 2, "lands_in": 2, "qty": 1, "price": 187364780, "item": "Armor Account bind Unseal Stone"}
    relisted 1 at 187,364,780 in row 2, 10 relist(s) on the floor now
  tab 4 known from the last listing: 0 slot(s) held
  row 3: 'Armor Account bind Seal Stone' x2 at 187,364,780 -> tab 4 slot (1, 1)
    floor 187,364,780 from what it cost; listed at 187,364,780, above it
TASK {"kind": "relist", "row": 3, "item": "Armor Account bind Seal Stone", "qty": 2, "price": 187364780, "tab": 4, "slot": [1, 1], "lands_in": 3}
  inventory slot (1,1) at (1475, 236)
    read: current min 187,000,000, price field 187,000,000, net sales 187,000,000, week average 189,694,905, listed at 187,364,780
    the lowest listed price is 187,000,000, from the row and 3 more
    market 186,999,999 is under the 187,364,780 floor (it is worth what it cost); listing at the floor
    market 187,000,000, typing 187,364,780, 364,780 over the market
    net sales 374,729,560 is 2 x 187,364,780
  typed 250; the net sales make it 2
    the panel holds 187,364,780 against the 187,364,780 typed
  tab 4 read in 21 ms after the listing: 0 slot(s) held

  list 2 at 187,364,780
    #         ms   share  step
    1       19.0    0.3%  read the panel before loading
    2       17.4    0.3%  wait for slot (1,1) to fill
    3      806.8   14.2%  ctrl-click (1,1) attempt 1
    4      584.4   10.3%  read the suggested price
    5     1651.9   29.1%  type the price 187,364,780
    6      949.1   16.7%  type the quantity 250
    7      307.7    5.4%  take the quantity from the net sales
    8       95.1    1.7%  read the price back before Register
    9      308.4    5.4%  click Register
   10       95.8    1.7%  find Confirmation
   11       19.1    0.3%  look for the underprice question
   12      309.7    5.4%  click Confirmation
   13      250.7    4.4%  park
   14      232.4    4.1%  confirm the dialog is gone
   15       17.5    0.3%  wait for the panel to let the item go
   16       21.3    0.4%  read tab 4 after the listing
          5686.3  100.0%  TOTAL
  listed 2 at 187,364,780; it lands in row 3
DONE {"kind": "relist", "row": 3, "lands_in": 3, "qty": 2, "price": 187364780, "item": "Armor Account bind Seal Stone"}
    relisted 2 at 187,364,780 in row 3, 10 relist(s) on the floor now
  tab 4 known from the last listing: 0 slot(s) held
  row 4: 'Force Core (Ultimate' x64 at 383,798 -> tab 4 slot (1, 1)
    floor 374,843 (374,843 x 1) from Force Core Set (Ultimate) as last bought; listed at 383,798, above it
TASK {"kind": "relist", "row": 4, "item": "Force Core (Ultimate", "qty": 64, "price": 383798, "tab": 4, "slot": [1, 1], "lands_in": 4}
  inventory slot (1,1) at (1475, 236)
    read: current min 383,796, price field 383,796, net sales 383,796, week average 407,170, listed at 383,798
    the lowest listed price is 383,796, from the row and 3 more
    market 383,796, typing 383,795, 1 under the market
    net sales 24,562,880 is 64 x 383,795
  typed 250; the net sales make it 64
    the panel holds 383,795 against the 383,795 typed
  tab 4 read in 22 ms after the listing: 0 slot(s) held

  list 64 at 383,795
    #         ms   share  step
    1       16.7    0.3%  read the panel before loading
    2       20.1    0.4%  wait for slot (1,1) to fill
    3      807.0   14.8%  ctrl-click (1,1) attempt 1
    4      581.7   10.6%  read the suggested price
    5     1442.0   26.4%  type the price 383,795
    6      946.7   17.3%  type the quantity 250
    7      307.4    5.6%  take the quantity from the net sales
    8       93.8    1.7%  read the price back before Register
    9      304.3    5.6%  click Register
   10       93.2    1.7%  find Confirmation
   11       20.3    0.4%  look for the underprice question
   12      308.4    5.6%  click Confirmation
   13      250.9    4.6%  park
   14      233.8    4.3%  confirm the dialog is gone
   15       18.4    0.3%  wait for the panel to let the item go
   16       22.4    0.4%  read tab 4 after the listing
          5467.1  100.0%  TOTAL
  listed 64 at 383,795; it lands in row 4
DONE {"kind": "relist", "row": 4, "lands_in": 4, "qty": 64, "price": 383795, "item": "Force Core (Ultimate"}
    relisted 64 at 383,795 in row 4
  tab 4 known from the last listing: 0 slot(s) held
  row 5: 'Arionell' x1 at 297,185,713 -> tab 4 slot (1, 1)
    floor 281,047,170 from what it cost; listed at 297,185,713, above it
TASK {"kind": "relist", "row": 5, "item": "Arionell", "qty": 1, "price": 297185713, "tab": 4, "slot": [1, 1], "lands_in": 5}
  inventory slot (1,1) at (1475, 236)
    read: current min 260,000,000, price field 260,000,000, net sales 260,000,000, week average 310,004,285, listed at 297,185,713
    the lowest listed price is 260,000,000, from the row and 3 more
    the market asks 259,999,999, 37,185,714 under our 297,185,713; holding at 296,185,713, the most this row may fall in one relist
    market 260,000,000, typing 296,185,713, 36,185,713 over the market
    net sales 296,185,713 is 1 x 296,185,713
  typed 250; the net sales make it 1
    the panel holds 296,185,713 against the 296,185,713 typed
  tab 4 read in 20 ms after the listing: 0 slot(s) held

  list 1 at 296,185,713
    #         ms   share  step
    1       20.2    0.4%  read the panel before loading
    2       16.4    0.3%  wait for slot (1,1) to fill
    3      808.1   14.2%  ctrl-click (1,1) attempt 1
    4      588.2   10.3%  read the suggested price
    5     1660.1   29.1%  type the price 296,185,713
    6      948.1   16.6%  type the quantity 250
    7      310.9    5.5%  take the quantity from the net sales
    8       93.9    1.6%  read the price back before Register
    9      310.3    5.4%  click Register
   10       94.0    1.6%  find Confirmation
   11       20.0    0.4%  look for the underprice question
   12      307.1    5.4%  click Confirmation
   13      251.2    4.4%  park
   14      234.8    4.1%  confirm the dialog is gone
   15       19.0    0.3%  wait for the panel to let the item go
   16       20.1    0.4%  read tab 4 after the listing
          5702.4  100.0%  TOTAL
  listed 1 at 296,185,713; it lands in row 5
DONE {"kind": "relist", "row": 5, "lands_in": 5, "qty": 1, "price": 296185713, "item": "Arionell"}
    relisted 1 at 296,185,713 in row 5
  tab 4 known from the last listing: 0 slot(s) held
  row 6: 'Upgrade Core (Ultimate' x15 at 536,665 -> tab 4 slot (1, 1)
    floor 469,773 (469,773 x 1) from Upgrade Core Set (Ultimate) as last bought; listed at 536,665, above it
TASK {"kind": "relist", "row": 6, "item": "Upgrade Core (Ultimate", "qty": 15, "price": 536665, "tab": 4, "slot": [1, 1], "lands_in": 6}
  inventory slot (1,1) at (1475, 236)
    read: current min 536,661, price field 536,661, net sales 536,661, week average 472,513, listed at 536,665
    the lowest listed price is 536,661, from the row and 3 more
    market 536,661, typing 536,660, 1 under the market
    net sales 8,049,900 is 15 x 536,660
  typed 250; the net sales make it 15
    the panel holds 536,660 against the 536,660 typed
  tab 4 read in 24 ms after the listing: 0 slot(s) held

  list 15 at 536,660
    #         ms   share  step
    1       17.7    0.3%  read the panel before loading
    2       16.1    0.3%  wait for slot (1,1) to fill
    3      810.1   14.8%  ctrl-click (1,1) attempt 1
    4      591.6   10.8%  read the suggested price
    5     1449.0   26.4%  type the price 536,660
    6      944.4   17.2%  type the quantity 250
    7      303.6    5.5%  take the quantity from the net sales
    8       91.4    1.7%  read the price back before Register
    9      309.5    5.6%  click Register
   10       91.8    1.7%  find Confirmation
   11       17.8    0.3%  look for the underprice question
   12      308.9    5.6%  click Confirmation
   13      250.8    4.6%  park
   14      241.6    4.4%  confirm the dialog is gone
   15       20.0    0.4%  wait for the panel to let the item go
   16       24.5    0.4%  read tab 4 after the listing
          5488.8  100.0%  TOTAL
  listed 15 at 536,660; it lands in row 6
DONE {"kind": "relist", "row": 6, "lands_in": 6, "qty": 15, "price": 536660, "item": "Upgrade Core (Ultimate"}
    relisted 15 at 536,660 in row 6
  tab 4 known from the last listing: 0 slot(s) held
  row 7: 'Force Core (Ultimate' x190 at 383,797 -> tab 4 slot (1, 1)
    floor 374,843 (374,843 x 1) from Force Core Set (Ultimate) as last bought; listed at 383,797, above it
TASK {"kind": "relist", "row": 7, "item": "Force Core (Ultimate", "qty": 190, "price": 383797, "tab": 4, "slot": [1, 1], "lands_in": 7}
  inventory slot (1,1) at (1475, 236)
    read: current min 383,795, price field 383,795, net sales 383,795, week average 407,170, listed at 383,797
    the lowest listed price is 383,795, from the row and 3 more
    market 383,795, typing 383,794, 1 under the market
    net sales 72,920,860 is 190 x 383,794
  typed 250; the net sales make it 190
    the panel holds 383,794 against the 383,794 typed
  tab 4 read in 25 ms after the listing: 0 slot(s) held

  list 190 at 383,794
    #         ms   share  step
    1       21.7    0.4%  read the panel before loading
    2       19.3    0.4%  wait for slot (1,1) to fill
    3      811.1   14.7%  ctrl-click (1,1) attempt 1
    4      592.7   10.7%  read the suggested price
    5     1446.4   26.2%  type the price 383,794
    6      946.7   17.1%  type the quantity 250
    7      307.3    5.6%  take the quantity from the net sales
    8       93.7    1.7%  read the price back before Register
    9      312.0    5.6%  click Register
   10       96.7    1.8%  find Confirmation
   11       20.2    0.4%  look for the underprice question
   12      308.2    5.6%  click Confirmation
   13      250.7    4.5%  park
   14      251.9    4.6%  confirm the dialog is gone
   15       18.8    0.3%  wait for the panel to let the item go
   16       24.7    0.4%  read tab 4 after the listing
          5522.2  100.0%  TOTAL
  listed 190 at 383,794; it lands in row 7
DONE {"kind": "relist", "row": 7, "lands_in": 7, "qty": 190, "price": 383794, "item": "Force Core (Ultimate"}
    relisted 190 at 383,794 in row 7
  tab 4 known from the last listing: 0 slot(s) held
  row 8: 'Force Core(Highest' x166 at 195,487 -> tab 4 slot (1, 1)
    floor 195,487 (195,487 x 1) from Force Core Set (Highest) as last bought; listed at 195,487, above it
TASK {"kind": "relist", "row": 8, "item": "Force Core(Highest", "qty": 166, "price": 195487, "tab": 4, "slot": [1, 1], "lands_in": 8}
  inventory slot (1,1) at (1475, 236)
    read: current min 193,499, price field 193,499, net sales 193,499, week average 210,472, listed at 195,487
    the lowest listed price is 193,499, from the row and 3 more
    market 193,498 is under the 195,487 floor (a Force Core Set (Highest) as last bought costs 195,487); listing at the floor
    market 193,499, typing 195,487, 1,988 over the market
    net sales 32,450,842 is 166 x 195,487
  typed 250; the net sales make it 166
    the panel holds 195,487 against the 195,487 typed
  tab 4 read in 21 ms after the listing: 0 slot(s) held

  list 166 at 195,487
    #         ms   share  step
    1       16.4    0.3%  read the panel before loading
    2       16.4    0.3%  wait for slot (1,1) to fill
    3      811.4   14.8%  ctrl-click (1,1) attempt 1
    4      583.0   10.6%  read the suggested price
    5     1440.1   26.2%  type the price 195,487
    6      947.3   17.3%  type the quantity 250
    7      312.1    5.7%  take the quantity from the net sales
    8       92.0    1.7%  read the price back before Register
    9      311.4    5.7%  click Register
   10       96.0    1.7%  find Confirmation
   11       16.2    0.3%  look for the underprice question
   12      313.4    5.7%  click Confirmation
   13      250.9    4.6%  park
   14      243.3    4.4%  confirm the dialog is gone
   15       18.8    0.3%  wait for the panel to let the item go
   16       21.3    0.4%  read tab 4 after the listing
          5490.1  100.0%  TOTAL
  listed 166 at 195,487; it lands in row 8
DONE {"kind": "relist", "row": 8, "lands_in": 8, "qty": 166, "price": 195487, "item": "Force Core(Highest"}
    relisted 166 at 195,487 in row 8, 8 relist(s) on the floor now
  tab 4 known from the last listing: 0 slot(s) held
  row 9: 'Chaos Core' x1 at 740,548 -> tab 4 slot (1, 1)
    floor 741,896 (741,896 x 1) from what it cost; listed at 740,548, UNDER the floor
TASK {"kind": "relist", "row": 9, "item": "Chaos Core", "qty": 1, "price": 740548, "tab": 4, "slot": [1, 1], "lands_in": 9}
    row 9 is the Chaos Core special row; listing at 616 under the market, no floor
  inventory slot (1,1) at (1475, 236)
    read: current min 741,199, price field 741,199, net sales 741,199, week average 718,532, listed at unread
    the lowest listed price is 741,199, from the row and 2 more
    market 741,199, typing 740,583, 616 under the market
    net sales 740,583 is 1 x 740,583
  typed 250; the net sales make it 1
    the panel holds 740,583 against the 740,583 typed
  tab 4 read in 27 ms after the listing: 0 slot(s) held

  list 1 at 740,583
    #         ms   share  step
    1       17.2    0.3%  read the panel before loading
    2       17.1    0.3%  wait for slot (1,1) to fill
    3      808.0   14.7%  ctrl-click (1,1) attempt 1
    4      583.2   10.6%  read the suggested price
    5     1443.3   26.3%  type the price 740,583
    6      946.0   17.2%  type the quantity 250
    7      313.7    5.7%  take the quantity from the net sales
    8       92.9    1.7%  read the price back before Register
    9      311.6    5.7%  click Register
   10       98.5    1.8%  find Confirmation
   11       19.4    0.4%  look for the underprice question
   12      311.8    5.7%  click Confirmation
   13      250.9    4.6%  park
   14      239.3    4.4%  confirm the dialog is gone
   15       17.4    0.3%  wait for the panel to let the item go
   16       26.8    0.5%  read tab 4 after the listing
          5497.1  100.0%  TOTAL
  listed 1 at 740,583; it lands in row 9
DONE {"kind": "relist", "row": 9, "lands_in": 9, "qty": 1, "price": 740583, "item": "Chaos Core"}
    relisted 1 at 740,583 in row 9
  tab 4 known from the last listing: 0 slot(s) held
  row 10: 'Upgrade Core (Ultimate' x20 at 536,664 -> tab 4 slot (1, 1)
    floor 469,773 (469,773 x 1) from what it cost; listed at 536,664, above it
TASK {"kind": "relist", "row": 10, "item": "Upgrade Core (Ultimate", "qty": 20, "price": 536664, "tab": 4, "slot": [1, 1], "lands_in": 10}
  inventory slot (1,1) at (1475, 236)
    read: current min 536,659, price field 536,659, net sales 536,659, week average 472,513, listed at 536,664
    the lowest listed price is 536,659, from the row and 3 more
    market 536,659, typing 536,658, 1 under the market
    net sales 10,733,160 is 20 x 536,658
  typed 250; the net sales make it 20
    the panel holds 536,658 against the 536,658 typed
  tab 4 read in 25 ms after the listing: 0 slot(s) held

  list 20 at 536,658
    #         ms   share  step
    1       18.1    0.3%  read the panel before loading
    2       20.2    0.4%  wait for slot (1,1) to fill
    3      808.8   14.7%  ctrl-click (1,1) attempt 1
    4      594.1   10.8%  read the suggested price
    5     1443.1   26.2%  type the price 536,658
    6      944.7   17.1%  type the quantity 250
    7      311.4    5.6%  take the quantity from the net sales
    8       97.6    1.8%  read the price back before Register
    9      310.1    5.6%  click Register
   10       94.8    1.7%  find Confirmation
   11       19.0    0.3%  look for the underprice question
   12      311.2    5.6%  click Confirmation
   13      250.9    4.5%  park
   14      245.2    4.4%  confirm the dialog is gone
   15       21.0    0.4%  wait for the panel to let the item go
   16       24.5    0.4%  read tab 4 after the listing
          5514.6  100.0%  TOTAL
  listed 20 at 536,658; it lands in row 10
DONE {"kind": "relist", "row": 10, "lands_in": 10, "qty": 20, "price": 536658, "item": "Upgrade Core (Ultimate"}
    relisted 20 at 536,658 in row 10
  tab 4 known from the last listing: 0 slot(s) held
  row 11: 'Force Core(Highest' x250 at 195,487 -> tab 4 slot (1, 1)
    floor 195,487 (195,487 x 1) from Force Core Set (Highest) as last bought; listed at 195,487, above it
TASK {"kind": "relist", "row": 11, "item": "Force Core(Highest", "qty": 250, "price": 195487, "tab": 4, "slot": [1, 1], "lands_in": 11}
  inventory slot (1,1) at (1475, 236)
    read: current min 193,499, price field 193,499, net sales 193,499, week average 210,472, listed at 195,487
    the lowest listed price is 193,499, from the row and 3 more
    market 193,498 is under the 195,487 floor (a Force Core Set (Highest) as last bought costs 195,487); listing at the floor
    market 193,499, typing 195,487, 1,988 over the market
    net sales 48,871,750 is 250 x 195,487
  typed 250; the net sales make it 250
    the panel holds 195,487 against the 195,487 typed
  tab 4 read in 33 ms after the listing: 0 slot(s) held

  list 250 at 195,487
    #         ms   share  step
    1       18.9    0.3%  read the panel before loading
    2       21.8    0.4%  wait for slot (1,1) to fill
    3      816.8   14.7%  ctrl-click (1,1) attempt 1
    4      592.4   10.7%  read the suggested price
    5     1442.8   26.0%  type the price 195,487
    6      953.2   17.2%  type the quantity 250
    7      313.3    5.7%  take the quantity from the net sales
    8       96.4    1.7%  read the price back before Register
    9      310.0    5.6%  click Register
   10       92.7    1.7%  find Confirmation
   11       21.6    0.4%  look for the underprice question
   12      315.8    5.7%  click Confirmation
   13      250.7    4.5%  park
   14      241.6    4.4%  confirm the dialog is gone
   15       23.9    0.4%  wait for the panel to let the item go
   16       32.6    0.6%  read tab 4 after the listing
          5544.6  100.0%  TOTAL
  listed 250 at 195,487; it lands in row 11
DONE {"kind": "relist", "row": 11, "lands_in": 11, "qty": 250, "price": 195487, "item": "Force Core(Highest"}
    relisted 250 at 195,487 in row 11, 9 relist(s) on the floor now
  tab 4 known from the last listing: 0 slot(s) held
  row 12: 'Force Core(Highest' x136 at 195,487 -> tab 4 slot (1, 1)
    floor 195,487 (195,487 x 1) from Force Core Set (Highest) as last bought; listed at 195,487, above it
TASK {"kind": "relist", "row": 12, "item": "Force Core(Highest", "qty": 136, "price": 195487, "tab": 4, "slot": [1, 1], "lands_in": 12}
  inventory slot (1,1) at (1475, 236)
    read: current min 193,499, price field 193,499, net sales 193,499, week average 210,472, listed at 195,487
    the lowest listed price is 193,499, from the row and 3 more
    market 193,498 is under the 195,487 floor (a Force Core Set (Highest) as last bought costs 195,487); listing at the floor
    market 193,499, typing 195,487, 1,988 over the market
    net sales 26,586,232 is 136 x 195,487
  typed 250; the net sales make it 136
    the panel holds 195,487 against the 195,487 typed
  tab 4 read in 23 ms after the listing: 0 slot(s) held

  list 136 at 195,487
    #         ms   share  step
    1       22.1    0.4%  read the panel before loading
    2       18.8    0.3%  wait for slot (1,1) to fill
    3      812.5   14.8%  ctrl-click (1,1) attempt 1
    4      585.8   10.7%  read the suggested price
    5     1447.6   26.3%  type the price 195,487
    6      949.5   17.3%  type the quantity 250
    7      311.6    5.7%  take the quantity from the net sales
    8       94.0    1.7%  read the price back before Register
    9      309.2    5.6%  click Register
   10       92.6    1.7%  find Confirmation
   11       15.8    0.3%  look for the underprice question
   12      312.8    5.7%  click Confirmation
   13      250.9    4.6%  park
   14      233.4    4.2%  confirm the dialog is gone
   15       18.7    0.3%  wait for the panel to let the item go
   16       22.7    0.4%  read tab 4 after the listing
          5497.9  100.0%  TOTAL
  listed 136 at 195,487; it lands in row 12
DONE {"kind": "relist", "row": 12, "lands_in": 12, "qty": 136, "price": 195487, "item": "Force Core(Highest"}
    relisted 136 at 195,487 in row 12, 9 relist(s) on the floor now
    the quantity column read 'il', which holds no digits, so it is the end of the name and not a count; reading the row as 'Palladium Headpiece(BL) il' and letting the panel count what is there
  tab 4 known from the last listing: 0 slot(s) held
  row 13: 'Palladium Headpiece(BL) (anal (anal' x1 at 2,399,996 -> tab 4 slot (1, 1)
    the quantity column read 'il', which holds no digits, so it is the end of the name and not a count; reading the row as 'Palladium Headpiece(BL) il' and letting the panel count what is there
    no floor for 'Palladium Headpiece(BL) (anal (anal'
TASK {"kind": "relist", "row": 13, "item": "Palladium Headpiece(BL) (anal (anal", "qty": 1, "price": 2399996, "tab": 4, "slot": [1, 1], "lands_in": 13}
  inventory slot (1,1) at (1475, 236)
    read: current min 2,399,997, price field 2,399,997, net sales 2,399,997, week average 3,094,690, listed at 2,399,996
    the lowest listed price is 2,399,997, from the row and 3 more
    market 2,399,997, typing 2,399,996, 1 under the market
    net sales 2,399,996 is 1 x 2,399,996
  typed 250; the net sales make it 1
    the panel holds 2,399,996 against the 2,399,996 typed
  tab 4 read in 22 ms after the listing: 0 slot(s) held

  list 1 at 2,399,996
    #         ms   share  step
    1       19.1    0.3%  read the panel before loading
    2       17.8    0.3%  wait for slot (1,1) to fill
    3      808.0   14.5%  ctrl-click (1,1) attempt 1
    4      589.3   10.6%  read the suggested price
    5     1511.7   27.2%  type the price 2,399,996
    6      945.6   17.0%  type the quantity 250
    7      314.8    5.7%  take the quantity from the net sales
    8      101.2    1.8%  read the price back before Register
    9      312.6    5.6%  click Register
   10       92.9    1.7%  find Confirmation
   11       15.6    0.3%  look for the underprice question
   12      308.2    5.5%  click Confirmation
   13      250.7    4.5%  park
   14      232.7    4.2%  confirm the dialog is gone
   15       17.1    0.3%  wait for the panel to let the item go
   16       21.6    0.4%  read tab 4 after the listing
          5559.0  100.0%  TOTAL
  listed 1 at 2,399,996; it lands in row 13
DONE {"kind": "relist", "row": 13, "lands_in": 13, "qty": 1, "price": 2399996, "item": "Palladium Headpiece(BL) (anal (anal"}
    relisted 1 at 2,399,996 in row 13
    the quantity column read 'il', which holds no digits, so it is the end of the name and not a count; reading the row as 'Palladium Headgear(FB) il' and letting the panel count what is there
  tab 4 known from the last listing: 0 slot(s) held
  row 14: 'Palladium Headgear(FB) Lalla' x1 at 988,999 -> tab 4 slot (1, 1)
    the quantity column read 'il', which holds no digits, so it is the end of the name and not a count; reading the row as 'Palladium Headgear(FB) il' and letting the panel count what is there
    no floor for 'Palladium Headgear(FB) Lalla'
TASK {"kind": "relist", "row": 14, "item": "Palladium Headgear(FB) Lalla", "qty": 1, "price": 988999, "tab": 4, "slot": [1, 1], "lands_in": 14}
  inventory slot (1,1) at (1475, 236)
    read: current min 989,000, price field 989,000, net sales 989,000, week average 1,065,959, listed at 988,999
    the lowest listed price is 989,000, from the row and 3 more
    market 989,000, typing 988,999, 1 under the market
    net sales 988,999 is 1 x 988,999
  typed 250; the net sales make it 1
    the panel holds 988,999 against the 988,999 typed
  tab 4 read in 22 ms after the listing: 0 slot(s) held

  list 1 at 988,999
    #         ms   share  step
    1       19.2    0.3%  read the panel before loading
    2       20.4    0.4%  wait for slot (1,1) to fill
    3      807.9   14.6%  ctrl-click (1,1) attempt 1
    4      651.1   11.8%  read the suggested price
    5     1445.3   26.1%  type the price 988,999
    6      944.6   17.1%  type the quantity 250
    7      302.4    5.5%  take the quantity from the net sales
    8       97.8    1.8%  read the price back before Register
    9      308.9    5.6%  click Register
   10       93.5    1.7%  find Confirmation
   11       20.0    0.4%  look for the underprice question
   12      307.2    5.5%  click Confirmation
   13      251.0    4.5%  park
   14      228.5    4.1%  confirm the dialog is gone
   15       16.7    0.3%  wait for the panel to let the item go
   16       21.6    0.4%  read tab 4 after the listing
          5536.1  100.0%  TOTAL
  listed 1 at 988,999; it lands in row 14
DONE {"kind": "relist", "row": 14, "lands_in": 14, "qty": 1, "price": 988999, "item": "Palladium Headgear(FB) Lalla"}
    relisted 1 at 988,999 in row 14
    the quantity column read 'il', which holds no digits, so it is the end of the name and not a count; reading the row as 'Palladium Headgear(FA) il' and letting the panel count what is there
  tab 4 known from the last listing: 0 slot(s) held
  row 15: 'Palladium Headgear(FA) (anal (anal' x1 at 9,860,000 -> tab 4 slot (1, 1)
    the quantity column read 'il', which holds no digits, so it is the end of the name and not a count; reading the row as 'Palladium Headgear(FA) il' and letting the panel count what is there
    no floor for 'Palladium Headgear(FA) (anal (anal'
TASK {"kind": "relist", "row": 15, "item": "Palladium Headgear(FA) (anal (anal", "qty": 1, "price": 9860000, "tab": 4, "slot": [1, 1], "lands_in": 15}
  inventory slot (1,1) at (1475, 236)
    read: current min 3,224,985, price field 3,224,985, net sales 3,224,985, week average 3,309,683, listed at 9,860,000
    the lowest listed price is 3,224,985, from the row and 3 more
    the market asks 3,224,984, 6,635,016 under our 9,860,000; holding at 9,850,000, the most this row may fall in one relist
    market 3,224,985, typing 9,850,000, 6,625,015 over the market
    net sales 9,850,000 is 1 x 9,850,000
  typed 250; the net sales make it 1
    the panel holds 9,850,000 against the 9,850,000 typed
  tab 4 read in 22 ms after the listing: 0 slot(s) held

  list 1 at 9,850,000
    #         ms   share  step
    1       16.5    0.3%  read the panel before loading
    2       16.9    0.3%  wait for slot (1,1) to fill
    3      808.0   14.6%  ctrl-click (1,1) attempt 1
    4      582.9   10.5%  read the suggested price
    5     1516.6   27.4%  type the price 9,850,000
    6      946.5   17.1%  type the quantity 250
    7      309.2    5.6%  take the quantity from the net sales
    8       91.1    1.6%  read the price back before Register
    9      308.5    5.6%  click Register
   10       93.5    1.7%  find Confirmation
   11       19.3    0.3%  look for the underprice question
   12      304.9    5.5%  click Confirmation
   13      250.7    4.5%  park
   14      237.5    4.3%  confirm the dialog is gone
   15       19.2    0.3%  wait for the panel to let the item go
   16       21.6    0.4%  read tab 4 after the listing
          5542.8  100.0%  TOTAL
  listed 1 at 9,850,000; it lands in row 15
DONE {"kind": "relist", "row": 15, "lands_in": 15, "qty": 1, "price": 9850000, "item": "Palladium Headgear(FA) (anal (anal"}
    relisted 1 at 9,850,000 in row 15
    the quantity column read 'il', which holds no digits, so it is the end of the name and not a count; reading the row as 'Palladium Boots(FA) il' and letting the panel count what is there
  tab 4 known from the last listing: 0 slot(s) held
  row 16: 'Palladium Boots(FA) Lalla' x2 at 1,299,997 -> tab 4 slot (1, 1)
    the quantity column read 'il', which holds no digits, so it is the end of the name and not a count; reading the row as 'Palladium Boots(FA) il' and letting the panel count what is there
    no floor for 'Palladium Boots(FA) Lalla'
TASK {"kind": "relist", "row": 16, "item": "Palladium Boots(FA) Lalla", "qty": 2, "price": 1299997, "tab": 4, "slot": [1, 1], "lands_in": 16}
  inventory slot (1,1) at (1475, 236)
    read: current min 1,299,998, price field 1,299,998, net sales 1,299,998, week average 1,593,780, listed at 1,299,997
    the lowest listed price is 1,299,998, from the row and 3 more
    market 1,299,998, typing 1,299,997, 1 under the market
    net sales 2,599,994 is 2 x 1,299,997
  typed 250; the net sales make it 2
    the panel holds 1,299,997 against the 1,299,997 typed
  tab 4 read in 21 ms after the listing: 0 slot(s) held

  list 2 at 1,299,997
    #         ms   share  step
    1       21.6    0.4%  read the panel before loading
    2       17.7    0.3%  wait for slot (1,1) to fill
    3      808.3   14.4%  ctrl-click (1,1) attempt 1
    4      657.7   11.7%  read the suggested price
    5     1512.9   26.9%  type the price 1,299,997
    6      948.1   16.9%  type the quantity 250
    7      305.6    5.4%  take the quantity from the net sales
    8       94.1    1.7%  read the price back before Register
    9      307.9    5.5%  click Register
   10       92.1    1.6%  find Confirmation
   11       16.5    0.3%  look for the underprice question
   12      309.3    5.5%  click Confirmation
   13      250.7    4.5%  park
   14      235.9    4.2%  confirm the dialog is gone
   15       16.3    0.3%  wait for the panel to let the item go
   16       20.5    0.4%  read tab 4 after the listing
          5615.3  100.0%  TOTAL
  listed 2 at 1,299,997; it lands in row 16
DONE {"kind": "relist", "row": 16, "lands_in": 16, "qty": 2, "price": 1299997, "item": "Palladium Boots(FA) Lalla"}
    relisted 2 at 1,299,997 in row 16
    the quantity column read 'il', which holds no digits, so it is the end of the name and not a count; reading the row as 'Palladium Shoes(W1) il' and letting the panel count what is there
  tab 4 known from the last listing: 0 slot(s) held
  row 17: 'Palladium Shoes(W1) Lalla' x2 at 749,998 -> tab 4 slot (1, 1)
    the quantity column read 'il', which holds no digits, so it is the end of the name and not a count; reading the row as 'Palladium Shoes(W1) il' and letting the panel count what is there
    no floor for 'Palladium Shoes(W1) Lalla'
TASK {"kind": "relist", "row": 17, "item": "Palladium Shoes(W1) Lalla", "qty": 2, "price": 749998, "tab": 4, "slot": [1, 1], "lands_in": 17}
  inventory slot (1,1) at (1475, 236)
    read: current min 749,999, price field 749,999, net sales 749,999, week average 702,777, listed at 749,998
    the lowest listed price is 749,999, from the row and 3 more
    market 749,999, typing 749,998, 1 under the market
    net sales 1,499,996 is 2 x 749,998
  typed 250; the net sales make it 2
    the panel holds 749,998 against the 749,998 typed
  tab 4 read in 20 ms after the listing: 0 slot(s) held

  list 2 at 749,998
    #         ms   share  step
    1       19.6    0.4%  read the panel before loading
    2       19.4    0.4%  wait for slot (1,1) to fill
    3      812.5   14.9%  ctrl-click (1,1) attempt 1
    4      583.5   10.7%  read the suggested price
    5     1438.3   26.4%  type the price 749,998
    6      944.8   17.3%  type the quantity 250
    7      304.9    5.6%  take the quantity from the net sales
    8       89.9    1.6%  read the price back before Register
    9      309.7    5.7%  click Register
   10       93.0    1.7%  find Confirmation
   11       16.7    0.3%  look for the underprice question
   12      307.8    5.6%  click Confirmation
   13      250.6    4.6%  park
   14      228.0    4.2%  confirm the dialog is gone
   15       17.9    0.3%  wait for the panel to let the item go
   16       20.0    0.4%  read tab 4 after the listing
          5456.6  100.0%  TOTAL
  listed 2 at 749,998; it lands in row 17
DONE {"kind": "relist", "row": 17, "lands_in": 17, "qty": 2, "price": 749998, "item": "Palladium Shoes(W1) Lalla"}
    relisted 2 at 749,998 in row 17
    the quantity column read 'il', which holds no digits, so it is the end of the name and not a count; reading the row as 'Palladium Coat (FG) il' and letting the panel count what is there
  tab 4 known from the last listing: 0 slot(s) held
  row 18: 'Palladium Coat (FG) Lalla' x1 at 999,997 -> tab 4 slot (1, 1)
    the quantity column read 'il', which holds no digits, so it is the end of the name and not a count; reading the row as 'Palladium Coat (FG) il' and letting the panel count what is there
    no floor for 'Palladium Coat (FG) Lalla'
TASK {"kind": "relist", "row": 18, "item": "Palladium Coat (FG) Lalla", "qty": 1, "price": 999997, "tab": 4, "slot": [1, 1], "lands_in": 18}
  inventory slot (1,1) at (1475, 236)
    read: current min 999,998, price field 999,998, net sales 999,998, week average 2,344,358, listed at 999,997
    the lowest listed price is 999,998, from the row and 3 more
    market 999,998, typing 999,997, 1 under the market
    net sales 999,997 is 1 x 999,997
  typed 250; the net sales make it 1
    the panel holds 999,997 against the 999,997 typed
    the game asks again because 999,997 is at least 25% under its average for this item; accepting
  tab 4 read in 25 ms after the listing: 0 slot(s) held

  list 1 at 999,997
    #         ms   share  step
    1       18.5    0.3%  read the panel before loading
    2       20.7    0.3%  wait for slot (1,1) to fill
    3      812.1   11.9%  ctrl-click (1,1) attempt 1
    4      588.7    8.6%  read the suggested price
    5     1444.2   21.2%  type the price 999,997
    6      949.1   13.9%  type the quantity 250
    7      303.2    4.4%  take the quantity from the net sales
    8       96.7    1.4%  read the price back before Register
    9      309.5    4.5%  click Register
   10      100.3    1.5%  find Confirmation
   11      138.2    2.0%  look for the underprice question
   12      312.3    4.6%  click Confirmation on the question
   13       23.4    0.3%  wait for the question to go
   14      750.9   11.0%  park before the dialog takes another click at the same point
   15       91.7    1.3%  find Confirmation on the real dialog
   16      312.9    4.6%  click Confirmation
   17      250.6    3.7%  park
   18      254.0    3.7%  confirm the dialog is gone
   19       20.1    0.3%  wait for the panel to let the item go
   20       24.9    0.4%  read tab 4 after the listing
          6821.9  100.0%  TOTAL
  listed 1 at 999,997; it lands in row 18
DONE {"kind": "relist", "row": 18, "lands_in": 18, "qty": 1, "price": 999997, "item": "Palladium Coat (FG) Lalla"}
    relisted 1 at 999,997 in row 18
  tab 4 known from the last listing: 0 slot(s) held
  row 19: 'Chaos Core Set X 291' x1 at 218,157,461 -> tab 4 slot (1, 1)
    floor 214,753,635 (737,985 x 291) from Chaos Core as last bought; listed at 218,157,461, above it
TASK {"kind": "relist", "row": 19, "item": "Chaos Core Set X 291", "qty": 1, "price": 218157461, "tab": 4, "slot": [1, 1], "lands_in": 19}
  inventory slot (1,1) at (1475, 236)
    read: current min 218,151,642, price field 218,151,642, net sales 218,151,642, week average 212,375,292, listed at 218,157,461
    the lowest listed price is 218,151,642, from the row and 3 more
    market 218,151,642, typing 218,151,641, 1 under the market
    net sales 218,151,641 is 1 x 218,151,641
  typed 250; the net sales make it 1
    the panel holds 218,151,641 against the 218,151,641 typed
  tab 4 read in 25 ms after the listing: 0 slot(s) held

  list 1 at 218,151,641
    #         ms   share  step
    1       18.1    0.3%  read the panel before loading
    2       16.4    0.3%  wait for slot (1,1) to fill
    3      820.1   14.2%  ctrl-click (1,1) attempt 1
    4      611.2   10.6%  read the suggested price
    5     1656.8   28.8%  type the price 218,151,641
    6      947.2   16.5%  type the quantity 250
    7      314.3    5.5%  take the quantity from the net sales
    8       95.7    1.7%  read the price back before Register
    9      311.0    5.4%  click Register
   10       99.0    1.7%  find Confirmation
   11       21.2    0.4%  look for the underprice question
   12      312.4    5.4%  click Confirmation
   13      250.6    4.4%  park
   14      237.9    4.1%  confirm the dialog is gone
   15       20.1    0.3%  wait for the panel to let the item go
   16       24.8    0.4%  read tab 4 after the listing
          5756.7  100.0%  TOTAL
  listed 1 at 218,151,641; it lands in row 19
DONE {"kind": "relist", "row": 19, "lands_in": 19, "qty": 1, "price": 218151641, "item": "Chaos Core Set X 291"}
    relisted 1 at 218,151,641 in row 19
  tab 4 known from the last listing: 0 slot(s) held
  row 20: 'Force Core (Ultimate' x56 at 383,796 -> tab 4 slot (1, 1)
    floor 374,843 (374,843 x 1) from what it cost; listed at 383,796, above it
TASK {"kind": "relist", "row": 20, "item": "Force Core (Ultimate", "qty": 56, "price": 383796, "tab": 4, "slot": [1, 1], "lands_in": 20}
  inventory slot (1,1) at (1475, 236)
    read: current min 383,794, price field 383,794, net sales 383,794, week average 407,170, listed at 383,796
    the lowest listed price is 383,794, from the row and 3 more
    market 383,794, typing 383,793, 1 under the market
    net sales 21,492,408 is 56 x 383,793
  typed 250; the net sales make it 56
    the panel holds 383,793 against the 383,793 typed
  tab 4 read in 25 ms after the listing: 0 slot(s) held

  list 56 at 383,793
    #         ms   share  step
    1       21.8    0.4%  read the panel before loading
    2       18.1    0.3%  wait for slot (1,1) to fill
    3      808.7   14.6%  ctrl-click (1,1) attempt 1
    4      584.4   10.6%  read the suggested price
    5     1444.3   26.1%  type the price 383,793
    6      945.9   17.1%  type the quantity 250
    7      330.1    6.0%  take the quantity from the net sales
    8       97.7    1.8%  read the price back before Register
    9      314.7    5.7%  click Register
   10       97.9    1.8%  find Confirmation
   11       18.3    0.3%  look for the underprice question
   12      315.3    5.7%  click Confirmation
   13      250.8    4.5%  park
   14      241.6    4.4%  confirm the dialog is gone
   15       17.9    0.3%  wait for the panel to let the item go
   16       24.6    0.4%  read tab 4 after the listing
          5532.4  100.0%  TOTAL
  listed 56 at 383,793; it lands in row 20
DONE {"kind": "relist", "row": 20, "lands_in": 20, "qty": 56, "price": 383793, "item": "Force Core (Ultimate"}
    relisted 56 at 383,793 in row 20
  tab 4 known from the last listing: 0 slot(s) held
  row 21: 'Chaos Core Set X 249' x1 at 186,670,070 -> tab 4 slot (1, 1)
    floor 183,758,265 (737,985 x 249) from Chaos Core as last bought; listed at 186,670,070, above it
TASK {"kind": "relist", "row": 21, "item": "Chaos Core Set X 249", "qty": 1, "price": 186670070, "tab": 4, "slot": [1, 1], "lands_in": 21}
  inventory slot (1,1) at (1475, 236)
    read: current min 186,665,340, price field 186,665,340, net sales 186,665,340, week average 181,723,188, listed at 186,670,070
    the lowest listed price is 186,665,340, from the row and 3 more
    market 186,665,340, typing 186,665,339, 1 under the market
    net sales 186,665,339 is 1 x 186,665,339
  typed 250; the net sales make it 1
    the panel holds 186,665,339 against the 186,665,339 typed
  tab 4 read in 25 ms after the listing: 0 slot(s) held

  list 1 at 186,665,339
    #         ms   share  step
    1       19.4    0.3%  read the panel before loading
    2       17.3    0.3%  wait for slot (1,1) to fill
    3      810.6   14.1%  ctrl-click (1,1) attempt 1
    4      609.4   10.6%  read the suggested price
    5     1662.6   28.9%  type the price 186,665,339
    6      948.3   16.5%  type the quantity 250
    7      316.2    5.5%  take the quantity from the net sales
    8       98.2    1.7%  read the price back before Register
    9      312.0    5.4%  click Register
   10      102.6    1.8%  find Confirmation
   11       18.8    0.3%  look for the underprice question
   12      311.8    5.4%  click Confirmation
   13      250.8    4.4%  park
   14      238.6    4.1%  confirm the dialog is gone
   15       19.2    0.3%  wait for the panel to let the item go
   16       24.9    0.4%  read tab 4 after the listing
          5760.6  100.0%  TOTAL
  listed 1 at 186,665,339; it lands in row 21
DONE {"kind": "relist", "row": 21, "lands_in": 21, "qty": 1, "price": 186665339, "item": "Chaos Core Set X 249"}
    relisted 1 at 186,665,339 in row 21
  tab 4 known from the last listing: 0 slot(s) held
  row 22: 'Chaos Core Set X 267' x1 at 200,164,025 -> tab 4 slot (1, 1)
    floor 197,041,995 (737,985 x 267) from Chaos Core as last bought; listed at 200,164,025, above it
TASK {"kind": "relist", "row": 22, "item": "Chaos Core Set X 267", "qty": 1, "price": 200164025, "tab": 4, "slot": [1, 1], "lands_in": 22}
  inventory slot (1,1) at (1475, 236)
    read: current min 200,156,550, price field 200,156,550, net sales 200,156,550, week average 194,859,804, listed at 200,164,025
    the lowest listed price is 200,156,550, from the row and 3 more
    market 200,156,550, typing 200,156,549, 1 under the market
    net sales 200,156,549 is 1 x 200,156,549
  typed 250; the net sales make it 1
    the panel holds 200,156,549 against the 200,156,549 typed
  tab 4 read in 25 ms after the listing: 0 slot(s) held

  list 1 at 200,156,549
    #         ms   share  step
    1       17.9    0.3%  read the panel before loading
    2       20.7    0.4%  wait for slot (1,1) to fill
    3      812.4   14.1%  ctrl-click (1,1) attempt 1
    4      601.4   10.4%  read the suggested price
    5     1664.3   28.9%  type the price 200,156,549
    6      947.0   16.4%  type the quantity 250
    7      315.4    5.5%  take the quantity from the net sales
    8       96.1    1.7%  read the price back before Register
    9      309.1    5.4%  click Register
   10      100.1    1.7%  find Confirmation
   11       16.9    0.3%  look for the underprice question
   12      308.5    5.4%  click Confirmation
   13      250.7    4.4%  park
   14      252.2    4.4%  confirm the dialog is gone
   15       22.9    0.4%  wait for the panel to let the item go
   16       25.0    0.4%  read tab 4 after the listing
          5760.6  100.0%  TOTAL
  listed 1 at 200,156,549; it lands in row 22
DONE {"kind": "relist", "row": 22, "lands_in": 22, "qty": 1, "price": 200156549, "item": "Chaos Core Set X 267"}
    relisted 1 at 200,156,549 in row 22
  tab 4 known from the last listing: 0 slot(s) held
  row 23: 'Upgrade Core (Ultimate' x54 at 536,661 -> tab 4 slot (1, 1)
    floor 469,773 (469,773 x 1) from Upgrade Core Set (Ultimate) as last bought; listed at 536,661, above it
TASK {"kind": "relist", "row": 23, "item": "Upgrade Core (Ultimate", "qty": 54, "price": 536661, "tab": 4, "slot": [1, 1], "lands_in": 23}
  inventory slot (1,1) at (1475, 236)
    read: current min 536,655, price field 536,655, net sales 536,655, week average 472,513, listed at 536,661
    the lowest listed price is 536,655, from the row and 3 more
    market 536,655, typing 536,654, 1 under the market
    net sales 28,979,316 is 54 x 536,654
  typed 250; the net sales make it 54
    the panel holds 536,654 against the 536,654 typed
  tab 4 read in 25 ms after the listing: 0 slot(s) held

  list 54 at 536,654
    #         ms   share  step
    1       20.0    0.4%  read the panel before loading
    2       17.5    0.3%  wait for slot (1,1) to fill
    3      809.9   14.7%  ctrl-click (1,1) attempt 1
    4      593.3   10.8%  read the suggested price
    5     1446.7   26.2%  type the price 536,654
    6      946.4   17.2%  type the quantity 250
    7      314.9    5.7%  take the quantity from the net sales
    8       96.4    1.7%  read the price back before Register
    9      310.2    5.6%  click Register
   10       98.6    1.8%  find Confirmation
   11       18.4    0.3%  look for the underprice question
   12      319.4    5.8%  click Confirmation
   13      250.9    4.5%  park
   14      233.4    4.2%  confirm the dialog is gone
   15       17.3    0.3%  wait for the panel to let the item go
   16       24.8    0.4%  read tab 4 after the listing
          5518.1  100.0%  TOTAL
  listed 54 at 536,654; it lands in row 23
DONE {"kind": "relist", "row": 23, "lands_in": 23, "qty": 54, "price": 536654, "item": "Upgrade Core (Ultimate"}
    relisted 54 at 536,654 in row 23
  tab 4 known from the last listing: 0 slot(s) held
  row 24: 'Chaos Core Set X 252' x1 at 188,918,603 -> tab 4 slot (1, 1)
    floor 185,972,220 (737,985 x 252) from Chaos Core as last bought; listed at 188,918,603, above it
TASK {"kind": "relist", "row": 24, "item": "Chaos Core Set X 252", "qty": 1, "price": 188918603, "tab": 4, "slot": [1, 1], "lands_in": 24}
  inventory slot (1,1) at (1475, 236)
    read: current min 188,909,280, price field 188,909,280, net sales 188,909,280, week average 183,912,624, listed at 188,918,603
    the lowest listed price is 188,909,280, from the row and 3 more
    market 188,909,280, typing 188,909,279, 1 under the market
    net sales 188,909,279 is 1 x 188,909,279
  typed 250; the net sales make it 1
    the panel holds 188,909,279 against the 188,909,279 typed
  tab 4 read in 22 ms after the listing: 0 slot(s) held

  list 1 at 188,909,279
    #         ms   share  step
    1       22.8    0.4%  read the panel before loading
    2       16.0    0.3%  wait for slot (1,1) to fill
    3      807.9   14.2%  ctrl-click (1,1) attempt 1
    4      584.5   10.3%  read the suggested price
    5     1652.3   29.0%  type the price 188,909,279
    6      947.3   16.6%  type the quantity 250
    7      310.5    5.4%  take the quantity from the net sales
    8       96.6    1.7%  read the price back before Register
    9      309.4    5.4%  click Register
   10       94.4    1.7%  find Confirmation
   11       23.3    0.4%  look for the underprice question
   12      307.5    5.4%  click Confirmation
   13      251.9    4.4%  park
   14      236.2    4.1%  confirm the dialog is gone
   15       16.1    0.3%  wait for the panel to let the item go
   16       22.1    0.4%  read tab 4 after the listing
          5699.1  100.0%  TOTAL
  listed 1 at 188,909,279; it lands in row 24
DONE {"kind": "relist", "row": 24, "lands_in": 24, "qty": 1, "price": 188909279, "item": "Chaos Core Set X 252"}
    relisted 1 at 188,909,279 in row 24
  tab 4 known from the last listing: 0 slot(s) held
  row 25: 'Force Core(High' x72 at 182,997 -> tab 4 slot (1, 1)
    floor 176,867 (176,867 x 1) from Force Core Set (High) as last bought; listed at 182,997, above it
TASK {"kind": "relist", "row": 25, "item": "Force Core(High", "qty": 72, "price": 182997, "tab": 4, "slot": [1, 1], "lands_in": 25}
  inventory slot (1,1) at (1475, 236)
    read: current min 182,995, price field 182,995, net sales 182,995, week average 197,296, listed at 182,997
    the lowest listed price is 182,995, from the row and 3 more
    market 182,995, typing 182,994, 1 under the market
    net sales 13,175,568 is 72 x 182,994
  typed 250; the net sales make it 72
    the panel holds 182,994 against the 182,994 typed
  tab 4 read in 22 ms after the listing: 0 slot(s) held

  list 72 at 182,994
    #         ms   share  step
    1       17.3    0.3%  read the panel before loading
    2       19.9    0.4%  wait for slot (1,1) to fill
    3      807.3   14.7%  ctrl-click (1,1) attempt 1
    4      576.5   10.5%  read the suggested price
    5     1440.1   26.3%  type the price 182,994
    6      946.8   17.3%  type the quantity 250
    7      310.6    5.7%  take the quantity from the net sales
    8       92.6    1.7%  read the price back before Register
    9      313.7    5.7%  click Register
   10       93.3    1.7%  find Confirmation
   11       20.4    0.4%  look for the underprice question
   12      308.7    5.6%  click Confirmation
   13      251.2    4.6%  park
   14      239.0    4.4%  confirm the dialog is gone
   15       16.8    0.3%  wait for the panel to let the item go
   16       21.6    0.4%  read tab 4 after the listing
          5475.7  100.0%  TOTAL
  listed 72 at 182,994; it lands in row 25
DONE {"kind": "relist", "row": 25, "lands_in": 25, "qty": 72, "price": 182994, "item": "Force Core(High"}
    relisted 72 at 182,994 in row 25
  tab 4 known from the last listing: 0 slot(s) held
  row 26: 'Force Core(High' x86 at 182,996 -> tab 4 slot (1, 1)
    floor 176,867 (176,867 x 1) from Force Core Set (High) as last bought; listed at 182,996, above it
TASK {"kind": "relist", "row": 26, "item": "Force Core(High", "qty": 86, "price": 182996, "tab": 4, "slot": [1, 1], "lands_in": 26}
  inventory slot (1,1) at (1475, 236)
    read: current min 182,994, price field 182,994, net sales 182,994, week average 197,296, listed at 182,996
    the lowest listed price is 182,994, from the row and 3 more
    market 182,994, typing 182,993, 1 under the market
    net sales 15,737,398 is 86 x 182,993
  typed 250; the net sales make it 86
    the panel holds 182,993 against the 182,993 typed
  tab 4 read in 21 ms after the listing: 0 slot(s) held

  list 86 at 182,993
    #         ms   share  step
    1       17.4    0.3%  read the panel before loading
    2       22.1    0.4%  wait for slot (1,1) to fill
    3      808.9   14.8%  ctrl-click (1,1) attempt 1
    4      585.2   10.7%  read the suggested price
    5     1439.6   26.3%  type the price 182,993
    6      951.2   17.4%  type the quantity 250
    7      309.2    5.6%  take the quantity from the net sales
    8       89.8    1.6%  read the price back before Register
    9      309.8    5.7%  click Register
   10       92.5    1.7%  find Confirmation
   11       19.6    0.4%  look for the underprice question
   12      309.2    5.6%  click Confirmation
   13      250.7    4.6%  park
   14      236.7    4.3%  confirm the dialog is gone
   15       16.3    0.3%  wait for the panel to let the item go
   16       21.0    0.4%  read tab 4 after the listing
          5479.4  100.0%  TOTAL
  listed 86 at 182,993; it lands in row 26
DONE {"kind": "relist", "row": 26, "lands_in": 26, "qty": 86, "price": 182993, "item": "Force Core(High"}
    relisted 86 at 182,993 in row 26
  row 27 is empty; nothing to relist

  relisting rows 1-27: 26 relisted, 1 empty, 0 skipped
    #          ms   share     n      each  phase
    1   146,615.6   48.0%    26   5,639.1  list it back
    2    98,136.5   32.1%    26   3,774.5  cancel the row and take it back
    3    27,614.1    9.0%    26   1,062.1  select inventory tab 4
    4    21,397.4    7.0%    27     792.5  scroll to the row and read it
    5     9,750.0    3.2%    27     361.1  Refresh the table
    6     1,527.4    0.5%     1   1,527.4  read tab 4 before the withdrawal
    7       485.6    0.2%    26      18.7  check the shop slot is empty
        305,526.6  100.0%

  returning the game to its default state
restoring the default state:
  Escape: window closed
  Inventory already closed
  the gift box at [284, 994]
  Receive All at [1209, 786]
  Receive 1 of 4 at [1214, 327]
  Receive 2 of 4 at [1214, 425]
  Receive 3 of 4 at [1214, 523]
  Receive 4 of 4 at [1214, 621]
  the special giftbox's Receive at [1438, 492]
  Close at [1483, 846]
  took 4 gift(s)
  the Agent Shop is shut and the vendor is not open either; reopening it
  Inventory shut: slot grid 0.11, needs 0.33

  board after pass 10:
                                                   bought/u   listed/u  margin      row price
     1  Blessing Bead - Superior           x1    163,756,817 169,999,997   +3.7%    169,999,997
     2  Armor Account bind Unseal Stone    x1    187,364,780 187,364,780   +0.0%    187,364,780
     3  Armor Account bind Seal Stone      x2    187,364,780 187,364,780   +0.0%    187,364,780
     4  Force Core (Ultimate               x64            -    383,795       -        383,795
     5  Arionell                           x1    281,047,170 296,185,713   +5.1%    296,185,713
     6  Upgrade Core (Ultimate             x15            -    536,660       -        536,660
     7  Force Core (Ultimate               x190           -    383,794       -        383,794
     8  Force Core(Highest                 x166           -    195,487       -        195,487
     9  Chaos Core                         x1       741,896    740,583   -0.2%        740,583
    10  Upgrade Core (Ultimate             x20      469,773    536,658  +12.5%        536,658
    11  Force Core(Highest                 x250           -    195,487       -        195,487
    12  Force Core(Highest                 x136           -    195,487       -        195,487
    13  Palladium Headpiece(BL) (anal (ana x1             -  2,399,996       -      2,399,996
    14  Palladium Headgear(FB) Lalla       x1             -    988,999       -        988,999
    15  Palladium Headgear(FA) (anal (anal x1             -  9,850,000       -      9,850,000
    16  Palladium Boots(FA) Lalla          x2             -  1,299,997       -      1,299,997
    17  Palladium Shoes(W1) Lalla          x2             -    749,998       -        749,998
    18  Palladium Coat (FG) Lalla          x1             -    999,997       -        999,997
    19  Chaos Core Set X 291               x1             -    749,661       -    218,151,641
    20  Force Core (Ultimate               x56      374,843    383,793   +2.3%        383,793
    21  Chaos Core Set X 249               x1             -    749,659       -    186,665,339
    22  Chaos Core Set X 267               x1             -    749,649       -    200,156,549
    23  Upgrade Core (Ultimate             x54            -    536,654       -        536,654
    24  Chaos Core Set X 252               x1             -    749,639       -    188,909,279
    25  Force Core(High                    x72            -    182,994       -        182,994
    26  Force Core(High                    x86            -    182,993       -        182,993
    28  Archridium Suit (DM) Lalla         x1             -  1,685,749       -      1,685,749
    30  Palladium Suit (DM) + 1 Lalla      x1             - 33,000,000       -     33,000,000
    item                               rows   units          listed
    Archridium Suit (DM) Lalla            1       1       1,685,749
    Arionell                              1       1     296,185,713
    Armor Account bind Seal Stone         1       2     374,729,560
    Armor Account bind Unseal Stone       1       1     187,364,780
    Blessing Bead - Superior              1       1     169,999,997
    Chaos Core                            1       1         740,583
    Chaos Core Set                        4   1,059     793,882,808
    Force Core (Ultimate                  3     310     118,976,148
    Force Core(High                       2     158      28,912,966
    Force Core(Highest                    3     552     107,908,824
    Palladium Boots(FA) Lalla             1       2       2,599,994
    Palladium Coat (FG) Lalla             1       1         999,997
    Palladium Headgear(FA) (anal (anal    1       1       9,850,000
    Palladium Headgear(FB) Lalla          1       1         988,999
    Palladium Headpiece(BL) (anal (ana    1       1       2,399,996
    Palladium Shoes(W1) Lalla             1       2       1,499,996
    Palladium Suit (DM) + 1 Lalla         1       1      33,000,000
    Upgrade Core (Ultimate                3      89      47,762,376
    board                                28   2,184   2,179,488,486
    balance now 559,423,134
  pass 10: 26 relisted, 1 empty, 0 skipped; 9938.9 minute(s) left

-- pass 11 --

  resupply order: Chaos Core, Force Core(High), Force Core(Highest), Upgrade Core (Ultimate), Force Core (Ultimate), Armor Account bind Unseal Stone, Armor Account bind Seal Stone, Blessing Bead - Superior

-- Chaos Core Set under our listing: up to 3 row(s) --
  Chaos Core Set 749,619 - Chaos Core 738,904 = 10,715
  ours is listed at 749,639 a Set and a Chaos Core sells at 738,904; buying every Set under 733,904, 5,000 a Set below the lower of the two
  the cheapest Chaos Core Set is 749,619 a Set, not under 733,904; nothing to buy under ours

  counting only rows 1-27; rows outside it are not repriced and do not count; 1 row(s) free
  core                            rows     buy/u    sell/u    margin  wants   short?
  Force Core(Highest)                3         -         -         -      -   holds the most it can want, 3; not priced
  Chaos Core                         4   738,904   749,619    10,715      6   YES
  Force Core (Ultimate)              3         -         -         -      -   holds the most it can want, 3; not priced
  Force Core(High)                   2   184,184   182,995    -1,189      0   
  Upgrade Core (Ultimate)            3         -         -         -      -   holds the most it can want, 3; not priced
  Alz 559,423,134 held covers 757 Chaos Core at 738,904; buying what it covers

-- Chaos Core: 4 row(s) --
  1 row(s) free inside 1-27
  Chaos Core Set 749,619 - Chaos Core 738,904 = 10,715
  a margin of 10,715 is worth 6 row(s) of Chaos Core; 4 held
  buy_min 150 rolled to 135 (+/-15); buying 135 in whole batches of 3
  1 stays behind on every row bought; an order 10 step(s) down with nothing spare takes the row it is on whole, and the next order leaves 1 behind again; each order prices the favourite afresh, then wheels down, up to 30 step(s)
  every order takes all of the row it lands on, up to 999 held, and the orders stop once 135 is held
TASK {"kind": "resupply", "core": "Chaos Core", "set": "Chaos Core Set", "slot": 3, "tab": 4}
  0/135 Chaos Core held
  row 1 offers 'Chaos Core' x1 at 738,904 (738,904/unit)

  buy from favourite slot 3: REFUSED
    #         ms   share  step
    1        0.3    0.0%  get_price: focus the game
    2      100.2    3.9%  get_price: _trade_window_open (OCR 1300x190)
    3      112.0    4.4%  get_price: purchase_tab_showing
    4      123.7    4.9%  get_price: read row 1 before the search
    5      311.3   12.3%  get_price: click favourite slot 3
    6       94.0    3.7%  get_price: confirm the sort
    7      519.1   20.4%  get_price: poll row 1 until it answers (3 read(s))
    8     1279.4   50.4%  get_price: search the favourite and read row 1
          2540.0  100.0%  TOTAL
  row 1 holds 1 and 1 stays behind, so there is nothing spare to take here.
  wheeled 1 notch(es) down the offers, from row 2 at (500, 312)
  row 1 offers 'Chaos Core' x12 at 739,533 (739,533/unit)
    row 1 leaves 10,086 a core against the 10,000 wanted
    balance before 559,423,134
    Alz 559,423,134 covers 756 pack(s) at 739,533, not the 999 wanted; asking for 756
    row 1 holds 12, 1 stays behind, so at most 11 comes off it
    dialog: '¢ Chaos Core'  qty 1 of 12  price 739533
    999 core(s) wanted, 1 to a pack -> 756 pack(s); 12 available, taking 11
    ordering 11 pack(s) at 8,134,863; the spend will confirm what actually bought
    balance after  551,288,271; spent 8,134,863 bought 11 pack(s) = 11 core(s) (739,533 a core)

  buy from favourite slot 3: bought 11 core(s) in 11 order(s)
    #         ms   share  step
    1        0.4    0.0%  get_price: focus the game
    2      102.2    2.3%  get_price: _trade_window_open (OCR 1300x190)
    3      124.0    2.7%  get_price: purchase_tab_showing
    4      211.4    4.7%  get_price: read row 1 where it stands
    5      438.1    9.7%  get_price: search the favourite and read row 1
    6      314.6    6.9%  select inventory tab 4
    7       96.4    2.1%  read the balance before buying
    8      362.3    8.0%  click the row at (500, 258)
    9      316.2    7.0%  click Buy at (828, 258)
   10       95.3    2.1%  await the Purchase dialog
   11      302.1    6.7%  read the dialog (item, price, qty, qty_max)
   12     1327.8   29.3%  click the quantity field and type 11
   13       92.5    2.0%  find the Buy button
   14      311.9    6.9%  click Buy
   15      250.9    5.5%  park
   16       92.0    2.0%  confirm the dialog is gone
   17       94.1    2.1%  read the balance after buying
          4532.3  100.0%  TOTAL
  11/135 Chaos Core held
  row 1 offers 'Chaos Core' x1 at 738,904 (738,904/unit)

  buy from favourite slot 3: REFUSED
    #         ms   share  step
    1        0.5    0.0%  get_price: focus the game
    2       97.6    2.0%  get_price: _trade_window_open (OCR 1300x190)
    3      115.3    2.3%  get_price: purchase_tab_showing
    4      168.1    3.4%  get_price: read row 1 before the search
    5      312.4    6.4%  get_price: click favourite slot 3
    6       89.1    1.8%  get_price: confirm the sort
    7     1660.1   33.8%  get_price: poll row 1 until it answers (9 read(s))
    8     2470.1   50.3%  get_price: search the favourite and read row 1
          4913.2  100.0%  TOTAL
  row 1 holds 1 and 1 stays behind, so there is nothing spare to take here.
  wheeled 1 notch(es) down the offers, from row 2 at (500, 312)
  row 1 offers 'Chaos Core' x1 at 739,533 (739,533/unit)

  buy from favourite slot 3: REFUSED
    #         ms   share  step
    1        0.6    0.1%  get_price: focus the game
    2       99.0   10.1%  get_price: _trade_window_open (OCR 1300x190)
    3      112.8   11.5%  get_price: purchase_tab_showing
    4      276.8   28.3%  get_price: read row 1 where it stands
    5      489.2   50.0%  get_price: search the favourite and read row 1
           978.4  100.0%  TOTAL
  row 1 holds 1 and 1 stays behind, so there is nothing spare to take here.
  wheeled 1 notch(es) down the offers, from row 2 at (500, 312)
  row 1 offers 'Chaos Core' x1 at 739,533 (739,533/unit)

  buy from favourite slot 3: REFUSED
    #         ms   share  step
    1        0.4    0.0%  get_price: focus the game
    2      101.9   10.3%  get_price: _trade_window_open (OCR 1300x190)
    3      115.3   11.7%  get_price: purchase_tab_showing
    4      276.0   28.0%  get_price: read row 1 where it stands
    5      493.7   50.0%  get_price: search the favourite and read row 1
           987.3  100.0%  TOTAL
  row 1 holds 1 and 1 stays behind, so there is nothing spare to take here.
  wheeled 1 notch(es) down the offers, from row 2 at (500, 312)
  row 1 offers 'Chaos Core' x1 at 740,068 (740,068/unit)

  buy from favourite slot 3: REFUSED
    #         ms   share  step
    1        0.4    0.0%  get_price: focus the game
    2      100.2   10.2%  get_price: _trade_window_open (OCR 1300x190)
    3      114.1   11.6%  get_price: purchase_tab_showing
    4      275.3   28.1%  get_price: read row 1 where it stands
    5      490.0   50.0%  get_price: search the favourite and read row 1
           980.0  100.0%  TOTAL
  row 1 holds 1 and 1 stays behind, so there is nothing spare to take here.
  wheeled 1 notch(es) down the offers, from row 2 at (500, 312)
  row 1 offers 'Chaos Core' x14 at 743,777 (743,777/unit)

  buy from favourite slot 3: REFUSED
    #         ms   share  step
    1        0.5    0.1%  get_price: focus the game
    2      102.8   11.9%  get_price: _trade_window_open (OCR 1300x190)
    3      114.7   13.3%  get_price: purchase_tab_showing
    4      212.9   24.7%  get_price: read row 1 where it stands
    5      431.0   50.0%  get_price: search the favourite and read row 1
           861.9  100.0%  TOTAL
  stopping: row 1 asks 743,777 and the core sells at 749,619, a gap of 5,842 against the 10,000 wanted. Nothing bought.
  11 Chaos Core is 1 short of a whole batch of 3; topping up whatever the margin says, because a remainder crafts into nothing
  row 1 offers 'Chaos Core' x1 at 738,904 (738,904/unit)

  buy from favourite slot 3: REFUSED
    #         ms   share  step
    1        0.3    0.0%  get_price: focus the game
    2      102.0    4.2%  get_price: _trade_window_open (OCR 1300x190)
    3      113.9    4.6%  get_price: purchase_tab_showing
    4      106.7    4.3%  get_price: read row 1 before the search
    5      311.3   12.7%  get_price: click favourite slot 3
    6       94.7    3.9%  get_price: confirm the sort
    7      486.8   19.8%  get_price: poll row 1 until it answers (3 read(s))
    8     1237.2   50.4%  get_price: search the favourite and read row 1
          2452.8  100.0%  TOTAL
  row 1 holds 1 and 1 stays behind, so there is nothing spare to take here.
  wheeled 1 notch(es) down the offers, from row 2 at (500, 312)
  row 1 offers 'Chaos Core' x1 at 739,533 (739,533/unit)

  buy from favourite slot 3: REFUSED
    #         ms   share  step
    1        0.4    0.0%  get_price: focus the game
    2      105.4   10.6%  get_price: _trade_window_open (OCR 1300x190)
    3      115.0   11.6%  get_price: purchase_tab_showing
    4      275.6   27.8%  get_price: read row 1 where it stands
    5      496.4   50.0%  get_price: search the favourite and read row 1
           992.7  100.0%  TOTAL
  row 1 holds 1 and 1 stays behind, so there is nothing spare to take here.
  wheeled 1 notch(es) down the offers, from row 2 at (500, 312)
  row 1 offers 'Chaos Core' x1 at 739,533 (739,533/unit)

  buy from favourite slot 3: REFUSED
    #         ms   share  step
    1        0.6    0.1%  get_price: focus the game
    2       99.5   10.0%  get_price: _trade_window_open (OCR 1300x190)
    3      118.0   11.8%  get_price: purchase_tab_showing
    4      281.6   28.2%  get_price: read row 1 where it stands
    5      499.7   50.0%  get_price: search the favourite and read row 1
           999.4  100.0%  TOTAL
  row 1 holds 1 and 1 stays behind, so there is nothing spare to take here.
  wheeled 1 notch(es) down the offers, from row 2 at (500, 312)
  row 1 offers 'Chaos Core' x1 at 740,068 (740,068/unit)

  buy from favourite slot 3: REFUSED
    #         ms   share  step
    1        0.6    0.1%  get_price: focus the game
    2       98.5   10.1%  get_price: _trade_window_open (OCR 1300x190)
    3      114.3   11.7%  get_price: purchase_tab_showing
    4      276.4   28.2%  get_price: read row 1 where it stands
    5      489.9   50.0%  get_price: search the favourite and read row 1
           979.8  100.0%  TOTAL
  row 1 holds 1 and 1 stays behind, so there is nothing spare to take here.
  wheeled 1 notch(es) down the offers, from row 2 at (500, 312)
  row 1 offers 'Chaos Core' x14 at 743,777 (743,777/unit)
    balance before 551,288,271
    row 1 holds 14, 1 stays behind, so at most 13 comes off it
    dialog: '¢ Chaos Core'  qty 1 of 14  price 743777
    1 core(s) wanted, 1 to a pack -> 1 pack(s); 14 available, taking 1
    the quantity field already reads 1; not retyping it
    ordering 1 pack(s) at 743,777; the spend will confirm what actually bought
    balance after  550,544,494; spent 743,777 bought 1 pack(s) = 1 core(s) (743,777 a core)

  buy from favourite slot 3: bought 1 core(s) in 1 order(s)
    #         ms   share  step
    1        0.4    0.0%  get_price: focus the game
    2       99.6    3.1%  get_price: _trade_window_open (OCR 1300x190)
    3      114.4    3.6%  get_price: purchase_tab_showing
    4      217.5    6.8%  get_price: read row 1 where it stands
    5      432.0   13.5%  get_price: search the favourite and read row 1
    6      310.2    9.7%  select inventory tab 4
    7       97.7    3.1%  read the balance before buying
    8      362.8   11.3%  click the row at (500, 258)
    9      311.5    9.7%  click Buy at (828, 258)
   10      100.7    3.1%  await the Purchase dialog
   11      306.6    9.6%  read the dialog (item, price, qty, qty_max)
   12       86.8    2.7%  find the Buy button
   13      313.4    9.8%  click Buy
   14      251.0    7.8%  park
   15       93.6    2.9%  confirm the dialog is gone
   16       99.2    3.1%  read the balance after buying
          3197.3  100.0%  TOTAL
TASK {"kind": "resupply", "core": "Chaos Core", "set": "Chaos Core Set", "slot": 3, "tab": 4, "step": "craft", "holding": "Chaos Core", "qty": 12, "price": 0}
  Inventory shut; pressing I (attempt 1)
  right-clicking the craft key on tab 6 slot (1, 8) at (1867, 236) (attempt 1/3)
  opening the 2000-2999 tier at [90, 209]
  choosing Chaos Core Set x3 at [146, 268]
  12 Chaos Core(s) bought this pass, 3 to a craft
  Request All at [263, 730]
  waiting 5s for 12 core(s) (5s per 50, rounded up)
  Complete All at [872, 729]
  the Sets arrived in [(1, 1), (1, 2), (1, 3), (1, 4), (1, 5), (1, 6), (1, 7), (1, 8), (2, 1), (2, 2), (2, 3), (2, 4), (2, 5), (2, 6), (2, 7), (2, 8)]
  compressing tab 4 slot (1, 1) at (1475, 236)
  12 Chaos Core(s) went into the queue

  craft from 12 Chaos Core(s)
    #         ms   share  step
    1     2389.7   18.0%  open the craft window
    2     2441.0   18.4%  select the recipe
    3      312.2    2.3%  Request All
    4     5001.1   37.6%  wait for the queue
    5      915.7    6.9%  select inventory tab 4 before completing
    6       25.5    0.2%  read the slots before any Set arrives
    7      811.7    6.1%  Complete All
    8     1393.6   10.5%  compress the crafted Sets
         13290.5  100.0%  TOTAL
TASK {"kind": "resupply", "core": "Chaos Core", "set": "Chaos Core Set", "slot": 3, "tab": 4, "step": "list", "holding": "Chaos Core Set", "qty": 12, "price": 0}
  the Agent Shop is shut and the vendor is not open either; reopening it
  listing the Chaos Core Set compressed into (1, 1) from 12 Chaos Core(s)
  the board's cheapest is 749,619 a Set, and the panel scales that to whatever the bundle holds
  it cost 739,887 a Core, so no Set goes out under that
  inventory slot (1,1) at (1475, 236)
    read: current min unread, price field unread, net sales unread, week average unread, listed at unread
    only 0 of the three price places read; 3 must agree before anything is typed
    read: current min unread, price field unread, net sales unread, week average unread, listed at unread
    only 0 of the three price places read; 3 must agree before anything is typed
    the lowest listed price would not read
  ctrl-click 1/1 loaded nothing from (1,1)
    tab 4 slot (1, 1) is held for 'Chaos Core Set'; it frees when something is listed from it
  Chaos Core keeps its place at list; 12 bought are in the bag and the next pass carries on there
  resupply of 'Chaos Core' stopped: nothing loaded into the shop slot from (1,1) after 1 ctrl-click(s). Nothing has been listed. Tab 4 slot (1, 1) is left to the Chaos Core Set compressed there.

  Armor Account bind Unseal Stone: 1 row(s) inside 1-27, 1 wanted; row 2 'Armor Account bind Unseal Stone'
    floor 187,364,780: 500/1000 of the 374,729,560 voucher, read at launch

  Armor Account bind Seal Stone: 1 row(s) inside 1-27, 1 wanted; row 3 'Armor Account bind Seal Stone'
    floor 187,364,780: 500/1000 of the 374,729,560 voucher, read at launch

  Blessing Bead - Superior: 1 row(s) inside 1-27, 1 wanted; row 1 'Blessing Bead - Superior'
    floor 163,756,817: 437/1000 of the 374,729,560 voucher, read at launch
  tab 4 holds 12 bought Chaos Core waiting at list; no row is cancelled into that tab this pass, the next pass carries the job on first

  returning the game to its default state
restoring the default state:
  Escape: window closed
  Inventory already closed
  the gift box at [284, 994]
  Receive All at [1209, 786]
  Receive 1 of 4 at [1214, 327]
  Receive 2 of 4 at [1214, 425]
  Receive 3 of 4 at [1214, 523]
  Receive 4 of 4 at [1214, 621]
  the special giftbox's Receive at [1438, 492]
  Close at [1483, 846]
  took 4 gift(s)
  the Agent Shop is shut and the vendor is not open either; reopening it
  Inventory shut: slot grid 0.09, needs 0.33

  board after pass 11:
                                                   bought/u   listed/u  margin      row price
     1  Blessing Bead - Superior           x1    163,756,817 169,999,997   +3.7%    169,999,997
     2  Armor Account bind Unseal Stone    x1    187,364,780 187,364,780   +0.0%    187,364,780
     3  Armor Account bind Seal Stone      x2    187,364,780 187,364,780   +0.0%    187,364,780
     4  Force Core (Ultimate               x64            -    383,795       -        383,795
     5  Arionell                           x1    281,047,170 296,185,713   +5.1%    296,185,713
     6  Upgrade Core (Ultimate             x15            -    536,660       -        536,660
     7  Force Core (Ultimate               x190           -    383,794       -        383,794
     8  Force Core(Highest                 x166           -    195,487       -        195,487
     9  Chaos Core                         x1       741,896    740,583   -0.2%        740,583
    10  Upgrade Core (Ultimate             x20      469,773    536,658  +12.5%        536,658
    11  Force Core(Highest                 x250           -    195,487       -        195,487
    12  Force Core(Highest                 x136           -    195,487       -        195,487
    13  Palladium Headpiece(BL) (anal (ana x1             -  2,399,996       -      2,399,996
    14  Palladium Headgear(FB) Lalla       x1             -    988,999       -        988,999
    15  Palladium Headgear(FA) (anal (anal x1             -  9,850,000       -      9,850,000
    16  Palladium Boots(FA) Lalla          x2             -  1,299,997       -      1,299,997
    17  Palladium Shoes(W1) Lalla          x2             -    749,998       -        749,998
    18  Palladium Coat (FG) Lalla          x1             -    999,997       -        999,997
    19  Chaos Core Set X 291               x1             -    749,661       -    218,151,641
    20  Force Core (Ultimate               x56      374,843    383,793   +2.3%        383,793
    21  Chaos Core Set X 249               x1             -    749,659       -    186,665,339
    22  Chaos Core Set X 267               x1             -    749,649       -    200,156,549
    23  Upgrade Core (Ultimate             x54            -    536,654       -        536,654
    24  Chaos Core Set X 252               x1             -    749,639       -    188,909,279
    25  Force Core(High                    x72            -    182,994       -        182,994
    26  Force Core(High                    x86            -    182,993       -        182,993
    28  Archridium Suit (DM) Lalla         x1             -  1,685,749       -      1,685,749
    30  Palladium Suit (DM) + 1 Lalla      x1             - 33,000,000       -     33,000,000
    item                               rows   units          listed
    Archridium Suit (DM) Lalla            1       1       1,685,749
    Arionell                              1       1     296,185,713
    Armor Account bind Seal Stone         1       2     374,729,560
    Armor Account bind Unseal Stone       1       1     187,364,780
    Blessing Bead - Superior              1       1     169,999,997
    Chaos Core                            1       1         740,583
    Chaos Core Set                        4   1,059     793,882,808
    Force Core (Ultimate                  3     310     118,976,148
    Force Core(High                       2     158      28,912,966
    Force Core(Highest                    3     552     107,908,824
    Palladium Boots(FA) Lalla             1       2       2,599,994
    Palladium Coat (FG) Lalla             1       1         999,997
    Palladium Headgear(FA) (anal (anal    1       1       9,850,000
    Palladium Headgear(FB) Lalla          1       1         988,999
    Palladium Headpiece(BL) (anal (ana    1       1       2,399,996
    Palladium Shoes(W1) Lalla             1       2       1,499,996
    Palladium Suit (DM) + 1 Lalla         1       1      33,000,000
    Upgrade Core (Ultimate                3      89      47,762,376
    board                                28   2,184   2,179,488,486
    balance now 550,544,494
  pass 11: 0 relisted, 0 empty, 0 skipped; 9937.7 minute(s) left

-- pass 12 --

-- Chaos Core: carrying on at list where it stopped; 12 bought, 0 listed --
TASK {"kind": "resupply", "core": "Chaos Core", "set": "Chaos Core Set", "slot": 3, "tab": 4, "resumed": "list"}
  listing the Chaos Core Set compressed into (1, 1) from 12 Chaos Core(s)
  the board's cheapest is 749,619 a Set, and the panel scales that to whatever the bundle holds
  it cost 739,887 a Core, so no Set goes out under that
  inventory slot (1,1) at (1475, 236)
    read: current min unread, price field unread, net sales unread, week average unread, listed at unread
    only 0 of the three price places read; 3 must agree before anything is typed
    read: current min unread, price field unread, net sales unread, week average unread, listed at unread
    only 0 of the three price places read; 3 must agree before anything is typed
    the lowest listed price would not read
  ctrl-click 1/1 loaded nothing from (1,1)
  Chaos Core keeps its place at list; 12 bought are in the bag and the next pass carries on there
  resupply of 'Chaos Core' stopped: nothing loaded into the shop slot from (1,1) after 1 ctrl-click(s). Nothing has been listed. Tab 4 slot (1, 1) is left to the Chaos Core Set compressed there.

  resupply order: Chaos Core, Force Core(High), Force Core(Highest), Upgrade Core (Ultimate), Force Core (Ultimate), Armor Account bind Unseal Stone, Armor Account bind Seal Stone, Blessing Bead - Superior

-- Chaos Core Set under our listing: up to 3 row(s) --
  Chaos Core Set 749,609 - Chaos Core 738,904 = 10,705
  ours is listed at 749,639 a Set and a Chaos Core sells at 738,904; buying every Set under 733,904, 5,000 a Set below the lower of the two
  the cheapest Chaos Core Set is 749,609 a Set, not under 733,904; nothing to buy under ours

  counting only rows 1-27; rows outside it are not repriced and do not count; 1 row(s) free
  core                            rows     buy/u    sell/u    margin  wants   short?
  Force Core(Highest)                3         -         -         -      -   holds the most it can want, 3; not priced
  Chaos Core                         4   738,904   749,609    10,705      6   YES
  Force Core (Ultimate)              3         -         -         -      -   holds the most it can want, 3; not priced
  Force Core(High)                   2   184,183   182,993    -1,190      0   
  Upgrade Core (Ultimate)            3         -         -         -      -   holds the most it can want, 3; not priced

-- Chaos Core: carrying on at list where it stopped; 12 bought, 0 listed --
TASK {"kind": "resupply", "core": "Chaos Core", "set": "Chaos Core Set", "slot": 3, "tab": 4, "resumed": "list"}
  listing the Chaos Core Set compressed into (1, 1) from 12 Chaos Core(s)
  the board's cheapest is 749,619 a Set, and the panel scales that to whatever the bundle holds
  it cost 739,887 a Core, so no Set goes out under that
  inventory slot (1,1) at (1475, 236)
    read: current min unread, price field unread, net sales unread, week average unread, listed at unread
    only 0 of the three price places read; 3 must agree before anything is typed
    read: current min unread, price field unread, net sales unread, week average unread, listed at unread
    only 0 of the three price places read; 3 must agree before anything is typed
    the lowest listed price would not read
  ctrl-click 1/1 loaded nothing from (1,1)
  Chaos Core keeps its place at list; 12 bought are in the bag and the next pass carries on there
  resupply of 'Chaos Core' stopped: nothing loaded into the shop slot from (1,1) after 1 ctrl-click(s). Nothing has been listed. Tab 4 slot (1, 1) is left to the Chaos Core Set compressed there.

  Armor Account bind Unseal Stone: 1 row(s) inside 1-27, 1 wanted; row 2 'Armor Account bind Unseal Stone'
    floor 187,364,780: 500/1000 of the 374,729,560 voucher, read at launch

  Armor Account bind Seal Stone: 1 row(s) inside 1-27, 1 wanted; row 3 'Armor Account bind Seal Stone'
    floor 187,364,780: 500/1000 of the 374,729,560 voucher, read at launch

  Blessing Bead - Superior: 1 row(s) inside 1-27, 1 wanted; row 1 'Blessing Bead - Superior'
    floor 163,756,817: 437/1000 of the 374,729,560 voucher, read at launch
  tab 4 holds 12 bought Chaos Core waiting at list; no row is cancelled into that tab this pass, the next pass carries the job on first

  returning the game to its default state
restoring the default state:
  Escape: window closed
  Inventory already closed
  the gift box at [284, 994]
  Receive All at [1209, 786]
  Receive 1 of 4 at [1214, 327]
  Receive 2 of 4 at [1214, 425]
  Receive 3 of 4 at [1214, 523]
  Receive 4 of 4 at [1214, 621]
  the special giftbox's Receive at [1438, 492]
  Close at [1483, 846]
  took 4 gift(s)
  the Agent Shop is shut and the vendor is not open either; reopening it
  Inventory shut: slot grid 0.09, needs 0.33

  board after pass 12:
                                                   bought/u   listed/u  margin      row price
     1  Blessing Bead - Superior           x1    163,756,817 169,999,997   +3.7%    169,999,997
     2  Armor Account bind Unseal Stone    x1    187,364,780 187,364,780   +0.0%    187,364,780
     3  Armor Account bind Seal Stone      x2    187,364,780 187,364,780   +0.0%    187,364,780
     4  Force Core (Ultimate               x64            -    383,795       -        383,795
     5  Arionell                           x1    281,047,170 296,185,713   +5.1%    296,185,713
     6  Upgrade Core (Ultimate             x15            -    536,660       -        536,660
     7  Force Core (Ultimate               x190           -    383,794       -        383,794
     8  Force Core(Highest                 x166           -    195,487       -        195,487
     9  Chaos Core                         x1       741,896    740,583   -0.2%        740,583
    10  Upgrade Core (Ultimate             x20      469,773    536,658  +12.5%        536,658
    11  Force Core(Highest                 x250           -    195,487       -        195,487
    12  Force Core(Highest                 x136           -    195,487       -        195,487
    13  Palladium Headpiece(BL) (anal (ana x1             -  2,399,996       -      2,399,996
    14  Palladium Headgear(FB) Lalla       x1             -    988,999       -        988,999
    15  Palladium Headgear(FA) (anal (anal x1             -  9,850,000       -      9,850,000
    16  Palladium Boots(FA) Lalla          x2             -  1,299,997       -      1,299,997
    17  Palladium Shoes(W1) Lalla          x2             -    749,998       -        749,998
    18  Palladium Coat (FG) Lalla          x1             -    999,997       -        999,997
    19  Chaos Core Set X 291               x1             -    749,661       -    218,151,641
    20  Force Core (Ultimate               x56      374,843    383,793   +2.3%        383,793
    21  Chaos Core Set X 249               x1             -    749,659       -    186,665,339
    22  Chaos Core Set X 267               x1             -    749,649       -    200,156,549
    23  Upgrade Core (Ultimate             x54            -    536,654       -        536,654
    24  Chaos Core Set X 252               x1             -    749,639       -    188,909,279
    25  Force Core(High                    x72            -    182,994       -        182,994
    26  Force Core(High                    x86            -    182,993       -        182,993
    28  Archridium Suit (DM) Lalla         x1             -  1,685,749       -      1,685,749
    30  Palladium Suit (DM) + 1 Lalla      x1             - 33,000,000       -     33,000,000
    item                               rows   units          listed
    Archridium Suit (DM) Lalla            1       1       1,685,749
    Arionell                              1       1     296,185,713
    Armor Account bind Seal Stone         1       2     374,729,560
    Armor Account bind Unseal Stone       1       1     187,364,780
    Blessing Bead - Superior              1       1     169,999,997
    Chaos Core                            1       1         740,583
    Chaos Core Set                        4   1,059     793,882,808
    Force Core (Ultimate                  3     310     118,976,148
    Force Core(High                       2     158      28,912,966
    Force Core(Highest                    3     552     107,908,824
    Palladium Boots(FA) Lalla             1       2       2,599,994
    Palladium Coat (FG) Lalla             1       1         999,997
    Palladium Headgear(FA) (anal (anal    1       1       9,850,000
    Palladium Headgear(FB) Lalla          1       1         988,999
    Palladium Headpiece(BL) (anal (ana    1       1       2,399,996
    Palladium Shoes(W1) Lalla             1       2       1,499,996
    Palladium Suit (DM) + 1 Lalla         1       1      33,000,000
    Upgrade Core (Ultimate                3      89      47,762,376
    board                                28   2,184   2,179,488,486
    balance now 550,544,494
  pass 12: 0 relisted, 0 empty, 0 skipped; 9937.0 minute(s) left

-- pass 13 --

-- Chaos Core: carrying on at list where it stopped; 12 bought, 0 listed --
TASK {"kind": "resupply", "core": "Chaos Core", "set": "Chaos Core Set", "slot": 3, "tab": 4, "resumed": "list"}
  listing the Chaos Core Set compressed into (1, 1) from 12 Chaos Core(s)
  the board's cheapest is 749,619 a Set, and the panel scales that to whatever the bundle holds
  it cost 739,887 a Core, so no Set goes out under that
  inventory slot (1,1) at (1475, 236)
    read: current min unread, price field unread, net sales unread, week average unread, listed at unread
    only 0 of the three price places read; 3 must agree before anything is typed
    read: current min unread, price field unread, net sales unread, week average unread, listed at unread
    only 0 of the three price places read; 3 must agree before anything is typed
    the lowest listed price would not read
  ctrl-click 1/1 loaded nothing from (1,1)
  Chaos Core keeps its place at list; 12 bought are in the bag and the next pass carries on there
  resupply of 'Chaos Core' stopped: nothing loaded into the shop slot from (1,1) after 1 ctrl-click(s). Nothing has been listed. Tab 4 slot (1, 1) is left to the Chaos Core Set compressed there.

  resupply order: Chaos Core, Force Core(High), Force Core(Highest), Upgrade Core (Ultimate), Force Core (Ultimate), Armor Account bind Unseal Stone, Armor Account bind Seal Stone, Blessing Bead - Superior

-- Chaos Core Set under our listing: up to 3 row(s) --
  Chaos Core Set 749,609 - Chaos Core 738,904 = 10,705
  ours is listed at 749,639 a Set and a Chaos Core sells at 738,904; buying every Set under 733,904, 5,000 a Set below the lower of the two
  the cheapest Chaos Core Set is 749,609 a Set, not under 733,904; nothing to buy under ours

  counting only rows 1-27; rows outside it are not repriced and do not count; 1 row(s) free
  core                            rows     buy/u    sell/u    margin  wants   short?
  Force Core(Highest)                3         -         -         -      -   holds the most it can want, 3; not priced
  Chaos Core                         4   738,904   749,609    10,705      6   YES
  Force Core (Ultimate)              3         -         -         -      -   holds the most it can want, 3; not priced
  Force Core(High)                   2   184,183   182,992    -1,191      0   
  Upgrade Core (Ultimate)            3         -         -         -      -   holds the most it can want, 3; not priced

-- Chaos Core: carrying on at list where it stopped; 12 bought, 0 listed --
TASK {"kind": "resupply", "core": "Chaos Core", "set": "Chaos Core Set", "slot": 3, "tab": 4, "resumed": "list"}
  listing the Chaos Core Set compressed into (1, 1) from 12 Chaos Core(s)
  the board's cheapest is 749,619 a Set, and the panel scales that to whatever the bundle holds
  it cost 739,887 a Core, so no Set goes out under that
  inventory slot (1,1) at (1475, 236)
    read: current min unread, price field unread, net sales unread, week average unread, listed at unread
    only 0 of the three price places read; 3 must agree before anything is typed
    read: current min unread, price field unread, net sales unread, week average unread, listed at unread
    only 0 of the three price places read; 3 must agree before anything is typed
    the lowest listed price would not read
  ctrl-click 1/1 loaded nothing from (1,1)
  Chaos Core keeps its place at list; 12 bought are in the bag and the next pass carries on there
  resupply of 'Chaos Core' stopped: nothing loaded into the shop slot from (1,1) after 1 ctrl-click(s). Nothing has been listed. Tab 4 slot (1, 1) is left to the Chaos Core Set compressed there.

  Armor Account bind Unseal Stone: 1 row(s) inside 1-27, 1 wanted; row 2 'Armor Account bind Unseal Stone'
    floor 187,364,780: 500/1000 of the 374,729,560 voucher, read at launch

  Armor Account bind Seal Stone: 1 row(s) inside 1-27, 1 wanted; row 3 'Armor Account bind Seal Stone'
    floor 187,364,780: 500/1000 of the 374,729,560 voucher, read at launch

  Blessing Bead - Superior: 1 row(s) inside 1-27, 1 wanted; row 1 'Blessing Bead - Superior'
    floor 163,756,817: 437/1000 of the 374,729,560 voucher, read at launch
  tab 4 holds 12 bought Chaos Core waiting at list; no row is cancelled into that tab this pass, the next pass carries the job on first

  returning the game to its default state
restoring the default state:
  Escape: window closed
  Inventory already closed
  the gift box at [284, 994]
  Receive All at [1209, 786]
  Receive 1 of 4 at [1214, 327]
  Receive 2 of 4 at [1214, 425]
  Receive 3 of 4 at [1214, 523]
  Receive 4 of 4 at [1214, 621]
  the special giftbox's Receive at [1438, 492]
  Close at [1483, 846]
  took 4 gift(s)
  the Agent Shop is shut and the vendor is not open either; reopening it
  Inventory shut: slot grid 0.09, needs 0.33

  board after pass 13:
                                                   bought/u   listed/u  margin      row price
     1  Blessing Bead - Superior           x1    163,756,817 169,999,997   +3.7%    169,999,997
     2  Armor Account bind Unseal Stone    x1    187,364,780 187,364,780   +0.0%    187,364,780
     3  Armor Account bind Seal Stone      x2    187,364,780 187,364,780   +0.0%    187,364,780
     4  Force Core (Ultimate               x64            -    383,795       -        383,795
     5  Arionell                           x1    281,047,170 296,185,713   +5.1%    296,185,713
     6  Upgrade Core (Ultimate             x15            -    536,660       -        536,660
     7  Force Core (Ultimate               x190           -    383,794       -        383,794
     8  Force Core(Highest                 x166           -    195,487       -        195,487
     9  Chaos Core                         x1       741,896    740,583   -0.2%        740,583
    10  Upgrade Core (Ultimate             x20      469,773    536,658  +12.5%        536,658
    11  Force Core(Highest                 x250           -    195,487       -        195,487
    12  Force Core(Highest                 x136           -    195,487       -        195,487
    13  Palladium Headpiece(BL) (anal (ana x1             -  2,399,996       -      2,399,996
    14  Palladium Headgear(FB) Lalla       x1             -    988,999       -        988,999
    15  Palladium Headgear(FA) (anal (anal x1             -  9,850,000       -      9,850,000
    16  Palladium Boots(FA) Lalla          x2             -  1,299,997       -      1,299,997
    17  Palladium Shoes(W1) Lalla          x2             -    749,998       -        749,998
    18  Palladium Coat (FG) Lalla          x1             -    999,997       -        999,997
    19  Chaos Core Set X 291               x1             -    749,661       -    218,151,641
    20  Force Core (Ultimate               x56      374,843    383,793   +2.3%        383,793
    21  Chaos Core Set X 249               x1             -    749,659       -    186,665,339
    22  Chaos Core Set X 267               x1             -    749,649       -    200,156,549
    23  Upgrade Core (Ultimate             x54            -    536,654       -        536,654
    24  Chaos Core Set X 252               x1             -    749,639       -    188,909,279
    25  Force Core(High                    x72            -    182,994       -        182,994
    26  Force Core(High                    x86            -    182,993       -        182,993
    28  Archridium Suit (DM) Lalla         x1             -  1,685,749       -      1,685,749
    30  Palladium Suit (DM) + 1 Lalla      x1             - 33,000,000       -     33,000,000
    item                               rows   units          listed
    Archridium Suit (DM) Lalla            1       1       1,685,749
    Arionell                              1       1     296,185,713
    Armor Account bind Seal Stone         1       2     374,729,560
    Armor Account bind Unseal Stone       1       1     187,364,780
    Blessing Bead - Superior              1       1     169,999,997
    Chaos Core                            1       1         740,583
    Chaos Core Set                        4   1,059     793,882,808
    Force Core (Ultimate                  3     310     118,976,148
    Force Core(High                       2     158      28,912,966
    Force Core(Highest                    3     552     107,908,824
    Palladium Boots(FA) Lalla             1       2       2,599,994
    Palladium Coat (FG) Lalla             1       1         999,997
    Palladium Headgear(FA) (anal (anal    1       1       9,850,000
    Palladium Headgear(FB) Lalla          1       1         988,999
    Palladium Headpiece(BL) (anal (ana    1       1       2,399,996
    Palladium Shoes(W1) Lalla             1       2       1,499,996
    Palladium Suit (DM) + 1 Lalla         1       1      33,000,000
    Upgrade Core (Ultimate                3      89      47,762,376
    board                                28   2,184   2,179,488,486
    balance now 550,544,494
  pass 13: 0 relisted, 0 empty, 0 skipped; 9936.3 minute(s) left

-- pass 14 --

-- Chaos Core: carrying on at list where it stopped; 12 bought, 0 listed --
TASK {"kind": "resupply", "core": "Chaos Core", "set": "Chaos Core Set", "slot": 3, "tab": 4, "resumed": "list"}
  listing the Chaos Core Set compressed into (1, 1) from 12 Chaos Core(s)
  the board's cheapest is 749,619 a Set, and the panel scales that to whatever the bundle holds
  it cost 739,887 a Core, so no Set goes out under that
  inventory slot (1,1) at (1475, 236)
    read: current min unread, price field unread, net sales unread, week average unread, listed at unread
    only 0 of the three price places read; 3 must agree before anything is typed
    read: current min unread, price field unread, net sales unread, week average unread, listed at unread
    only 0 of the three price places read; 3 must agree before anything is typed
    the lowest listed price would not read
  ctrl-click 1/1 loaded nothing from (1,1)
  Chaos Core keeps its place at list; 12 bought are in the bag and the next pass carries on there
  resupply of 'Chaos Core' stopped: nothing loaded into the shop slot from (1,1) after 1 ctrl-click(s). Nothing has been listed. Tab 4 slot (1, 1) is left to the Chaos Core Set compressed there.

  resupply order: Chaos Core, Force Core(High), Force Core(Highest), Upgrade Core (Ultimate), Force Core (Ultimate), Armor Account bind Unseal Stone, Armor Account bind Seal Stone, Blessing Bead - Superior

-- Chaos Core Set under our listing: up to 3 row(s) --
  Chaos Core Set 749,609 - Chaos Core 738,331 = 11,278
  ours is listed at 749,639 a Set and a Chaos Core sells at 738,331; buying every Set under 733,331, 5,000 a Set below the lower of the two
  the cheapest Chaos Core Set is 749,609 a Set, not under 733,331; nothing to buy under ours

  counting only rows 1-27; rows outside it are not repriced and do not count; 1 row(s) free
  core                            rows     buy/u    sell/u    margin  wants   short?
  Force Core(Highest)                3         -         -         -      -   holds the most it can want, 3; not priced
  Chaos Core                         4   738,331   749,609    11,278      6   YES
  Force Core (Ultimate)              3         -         -         -      -   holds the most it can want, 3; not priced
  Force Core(High)                   2   184,183   182,992    -1,191      0   
  Upgrade Core (Ultimate)            3         -         -         -      -   holds the most it can want, 3; not priced

-- Chaos Core: carrying on at list where it stopped; 12 bought, 0 listed --
TASK {"kind": "resupply", "core": "Chaos Core", "set": "Chaos Core Set", "slot": 3, "tab": 4, "resumed": "list"}
  listing the Chaos Core Set compressed into (1, 1) from 12 Chaos Core(s)
  the board's cheapest is 749,619 a Set, and the panel scales that to whatever the bundle holds
  it cost 739,887 a Core, so no Set goes out under that
  inventory slot (1,1) at (1475, 236)
    read: current min unread, price field unread, net sales unread, week average unread, listed at unread
    only 0 of the three price places read; 3 must agree before anything is typed
    read: current min unread, price field unread, net sales unread, week average unread, listed at unread
    only 0 of the three price places read; 3 must agree before anything is typed
    the lowest listed price would not read
  ctrl-click 1/1 loaded nothing from (1,1)
  Chaos Core keeps its place at list; 12 bought are in the bag and the next pass carries on there
  resupply of 'Chaos Core' stopped: nothing loaded into the shop slot from (1,1) after 1 ctrl-click(s). Nothing has been listed. Tab 4 slot (1, 1) is left to the Chaos Core Set compressed there.

  Armor Account bind Unseal Stone: 1 row(s) inside 1-27, 1 wanted; row 2 'Armor Account bind Unseal Stone'
    floor 187,364,780: 500/1000 of the 374,729,560 voucher, read at launch

  Armor Account bind Seal Stone: 1 row(s) inside 1-27, 1 wanted; row 3 'Armor Account bind Seal Stone'
    floor 187,364,780: 500/1000 of the 374,729,560 voucher, read at launch

  Blessing Bead - Superior: 1 row(s) inside 1-27, 1 wanted; row 1 'Blessing Bead - Superior'
    floor 163,756,817: 437/1000 of the 374,729,560 voucher, read at launch
  tab 4 holds 12 bought Chaos Core waiting at list; no row is cancelled into that tab this pass, the next pass carries the job on first

  returning the game to its default state
restoring the default state:
  Escape: window closed
  Inventory already closed
  the gift box at [284, 994]
  Receive All at [1209, 786]
  Receive 1 of 4 at [1214, 327]
  Receive 2 of 4 at [1214, 425]
  Receive 3 of 4 at [1214, 523]
  Receive 4 of 4 at [1214, 621]
  the special giftbox's Receive at [1438, 492]
  Close at [1483, 846]
  took 4 gift(s)
  the Agent Shop is shut and the vendor is not open either; reopening it
  Inventory shut: slot grid 0.09, needs 0.33

  board after pass 14:
                                                   bought/u   listed/u  margin      row price
     1  Blessing Bead - Superior           x1    163,756,817 169,999,997   +3.7%    169,999,997
     2  Armor Account bind Unseal Stone    x1    187,364,780 187,364,780   +0.0%    187,364,780
     3  Armor Account bind Seal Stone      x2    187,364,780 187,364,780   +0.0%    187,364,780
     4  Force Core (Ultimate               x64            -    383,795       -        383,795
     5  Arionell                           x1    281,047,170 296,185,713   +5.1%    296,185,713
     6  Upgrade Core (Ultimate             x15            -    536,660       -        536,660
     7  Force Core (Ultimate               x190           -    383,794       -        383,794
     8  Force Core(Highest                 x166           -    195,487       -        195,487
     9  Chaos Core                         x1       741,896    740,583   -0.2%        740,583
    10  Upgrade Core (Ultimate             x20      469,773    536,658  +12.5%        536,658
    11  Force Core(Highest                 x250           -    195,487       -        195,487
    12  Force Core(Highest                 x136           -    195,487       -        195,487
    13  Palladium Headpiece(BL) (anal (ana x1             -  2,399,996       -      2,399,996
    14  Palladium Headgear(FB) Lalla       x1             -    988,999       -        988,999
    15  Palladium Headgear(FA) (anal (anal x1             -  9,850,000       -      9,850,000
    16  Palladium Boots(FA) Lalla          x2             -  1,299,997       -      1,299,997
    17  Palladium Shoes(W1) Lalla          x2             -    749,998       -        749,998
    18  Palladium Coat (FG) Lalla          x1             -    999,997       -        999,997
    19  Chaos Core Set X 291               x1             -    749,661       -    218,151,641
    20  Force Core (Ultimate               x56      374,843    383,793   +2.3%        383,793
    21  Chaos Core Set X 249               x1             -    749,659       -    186,665,339
    22  Chaos Core Set X 267               x1             -    749,649       -    200,156,549
    23  Upgrade Core (Ultimate             x54            -    536,654       -        536,654
    24  Chaos Core Set X 252               x1             -    749,639       -    188,909,279
    25  Force Core(High                    x72            -    182,994       -        182,994
    26  Force Core(High                    x86            -    182,993       -        182,993
    28  Archridium Suit (DM) Lalla         x1             -  1,685,749       -      1,685,749
    30  Palladium Suit (DM) + 1 Lalla      x1             - 33,000,000       -     33,000,000
    item                               rows   units          listed
    Archridium Suit (DM) Lalla            1       1       1,685,749
    Arionell                              1       1     296,185,713
    Armor Account bind Seal Stone         1       2     374,729,560
    Armor Account bind Unseal Stone       1       1     187,364,780
    Blessing Bead - Superior              1       1     169,999,997
    Chaos Core                            1       1         740,583
    Chaos Core Set                        4   1,059     793,882,808
    Force Core (Ultimate                  3     310     118,976,148
    Force Core(High                       2     158      28,912,966
    Force Core(Highest                    3     552     107,908,824
    Palladium Boots(FA) Lalla             1       2       2,599,994
    Palladium Coat (FG) Lalla             1       1         999,997
    Palladium Headgear(FA) (anal (anal    1       1       9,850,000
    Palladium Headgear(FB) Lalla          1       1         988,999
    Palladium Headpiece(BL) (anal (ana    1       1       2,399,996
    Palladium Shoes(W1) Lalla             1       2       1,499,996
    Palladium Suit (DM) + 1 Lalla         1       1      33,000,000
    Upgrade Core (Ultimate                3      89      47,762,376
    board                                28   2,184   2,179,488,486
    balance now 550,544,494
  pass 14: 0 relisted, 0 empty, 0 skipped; 9935.6 minute(s) left

-- pass 15 --

-- Chaos Core: carrying on at list where it stopped; 12 bought, 0 listed --
TASK {"kind": "resupply", "core": "Chaos Core", "set": "Chaos Core Set", "slot": 3, "tab": 4, "resumed": "list"}
  listing the Chaos Core Set compressed into (1, 1) from 12 Chaos Core(s)
  the board's cheapest is 749,619 a Set, and the panel scales that to whatever the bundle holds
  it cost 739,887 a Core, so no Set goes out under that
  inventory slot (1,1) at (1475, 236)
    read: current min unread, price field unread, net sales unread, week average unread, listed at unread
    only 0 of the three price places read; 3 must agree before anything is typed
    read: current min unread, price field unread, net sales unread, week average unread, listed at unread
    only 0 of the three price places read; 3 must agree before anything is typed
    the lowest listed price would not read
  ctrl-click 1/1 loaded nothing from (1,1)
  Chaos Core keeps its place at list; 12 bought are in the bag and the next pass carries on there
  resupply of 'Chaos Core' stopped: nothing loaded into the shop slot from (1,1) after 1 ctrl-click(s). Nothing has been listed. Tab 4 slot (1, 1) is left to the Chaos Core Set compressed there.

  resupply order: Chaos Core, Force Core(High), Force Core(Highest), Upgrade Core (Ultimate), Force Core (Ultimate), Armor Account bind Unseal Stone, Armor Account bind Seal Stone, Blessing Bead - Superior

-- Chaos Core Set under our listing: up to 3 row(s) --
  Chaos Core Set 749,609 - Chaos Core 738,331 = 11,278
  ours is listed at 749,639 a Set and a Chaos Core sells at 738,331; buying every Set under 733,331, 5,000 a Set below the lower of the two
  the cheapest Chaos Core Set is 749,609 a Set, not under 733,331; nothing to buy under ours

  counting only rows 1-27; rows outside it are not repriced and do not count; 1 row(s) free
  core                            rows     buy/u    sell/u    margin  wants   short?
  Force Core(Highest)                3         -         -         -      -   holds the most it can want, 3; not priced
  Chaos Core                         4   738,331   749,609    11,278      6   YES
  Force Core (Ultimate)              3         -         -         -      -   holds the most it can want, 3; not priced
  Force Core(High)                   2   184,183   182,992    -1,191      0   
  Upgrade Core (Ultimate)            3         -         -         -      -   holds the most it can want, 3; not priced

-- Chaos Core: carrying on at list where it stopped; 12 bought, 0 listed --
TASK {"kind": "resupply", "core": "Chaos Core", "set": "Chaos Core Set", "slot": 3, "tab": 4, "resumed": "list"}
  listing the Chaos Core Set compressed into (1, 1) from 12 Chaos Core(s)
  the board's cheapest is 749,619 a Set, and the panel scales that to whatever the bundle holds
  it cost 739,887 a Core, so no Set goes out under that
  inventory slot (1,1) at (1475, 236)
    read: current min unread, price field unread, net sales unread, week average unread, listed at unread
    only 0 of the three price places read; 3 must agree before anything is typed
    read: current min unread, price field unread, net sales unread, week average unread, listed at unread
    only 0 of the three price places read; 3 must agree before anything is typed
    the lowest listed price would not read
  ctrl-click 1/1 loaded nothing from (1,1)
  Chaos Core keeps its place at list; 12 bought are in the bag and the next pass carries on there
  resupply of 'Chaos Core' stopped: nothing loaded into the shop slot from (1,1) after 1 ctrl-click(s). Nothing has been listed. Tab 4 slot (1, 1) is left to the Chaos Core Set compressed there.

  Armor Account bind Unseal Stone: 1 row(s) inside 1-27, 1 wanted; row 2 'Armor Account bind Unseal Stone'
    floor 187,364,780: 500/1000 of the 374,729,560 voucher, read at launch

  Armor Account bind Seal Stone: 1 row(s) inside 1-27, 1 wanted; row 3 'Armor Account bind Seal Stone'
    floor 187,364,780: 500/1000 of the 374,729,560 voucher, read at launch

  Blessing Bead - Superior: 1 row(s) inside 1-27, 1 wanted; row 1 'Blessing Bead - Superior'
    floor 163,756,817: 437/1000 of the 374,729,560 voucher, read at launch
  tab 4 holds 12 bought Chaos Core waiting at list; no row is cancelled into that tab this pass, the next pass carries the job on first

  returning the game to its default state
restoring the default state:
  Escape: window closed
  Inventory already closed
  the gift box at [284, 994]
  Receive All at [1209, 786]
  Receive 1 of 4 at [1214, 327]
  Receive 2 of 4 at [1214, 425]
  Receive 3 of 4 at [1214, 523]
  Receive 4 of 4 at [1214, 621]
  the special giftbox's Receive at [1438, 492]
  Close at [1483, 846]
  took 4 gift(s)
  the Agent Shop is shut and the vendor is not open either; reopening it
  Inventory shut: slot grid 0.09, needs 0.33

  board after pass 15:
                                                   bought/u   listed/u  margin      row price
     1  Blessing Bead - Superior           x1    163,756,817 169,999,997   +3.7%    169,999,997
     2  Armor Account bind Unseal Stone    x1    187,364,780 187,364,780   +0.0%    187,364,780
     3  Armor Account bind Seal Stone      x2    187,364,780 187,364,780   +0.0%    187,364,780
     4  Force Core (Ultimate               x64            -    383,795       -        383,795
     5  Arionell                           x1    281,047,170 296,185,713   +5.1%    296,185,713
     6  Upgrade Core (Ultimate             x15            -    536,660       -        536,660
     7  Force Core (Ultimate               x190           -    383,794       -        383,794
     8  Force Core(Highest                 x166           -    195,487       -        195,487
     9  Chaos Core                         x1       741,896    740,583   -0.2%        740,583
    10  Upgrade Core (Ultimate             x20      469,773    536,658  +12.5%        536,658
    11  Force Core(Highest                 x250           -    195,487       -        195,487
    12  Force Core(Highest                 x136           -    195,487       -        195,487
    13  Palladium Headpiece(BL) (anal (ana x1             -  2,399,996       -      2,399,996
    14  Palladium Headgear(FB) Lalla       x1             -    988,999       -        988,999
    15  Palladium Headgear(FA) (anal (anal x1             -  9,850,000       -      9,850,000
    16  Palladium Boots(FA) Lalla          x2             -  1,299,997       -      1,299,997
    17  Palladium Shoes(W1) Lalla          x2             -    749,998       -        749,998
    18  Palladium Coat (FG) Lalla          x1             -    999,997       -        999,997
    19  Chaos Core Set X 291               x1             -    749,661       -    218,151,641
    20  Force Core (Ultimate               x56      374,843    383,793   +2.3%        383,793
    21  Chaos Core Set X 249               x1             -    749,659       -    186,665,339
    22  Chaos Core Set X 267               x1             -    749,649       -    200,156,549
    23  Upgrade Core (Ultimate             x54            -    536,654       -        536,654
    24  Chaos Core Set X 252               x1             -    749,639       -    188,909,279
    25  Force Core(High                    x72            -    182,994       -        182,994
    26  Force Core(High                    x86            -    182,993       -        182,993
    28  Archridium Suit (DM) Lalla         x1             -  1,685,749       -      1,685,749
    30  Palladium Suit (DM) + 1 Lalla      x1             - 33,000,000       -     33,000,000
    item                               rows   units          listed
    Archridium Suit (DM) Lalla            1       1       1,685,749
    Arionell                              1       1     296,185,713
    Armor Account bind Seal Stone         1       2     374,729,560
    Armor Account bind Unseal Stone       1       1     187,364,780
    Blessing Bead - Superior              1       1     169,999,997
    Chaos Core                            1       1         740,583
    Chaos Core Set                        4   1,059     793,882,808
    Force Core (Ultimate                  3     310     118,976,148
    Force Core(High                       2     158      28,912,966
    Force Core(Highest                    3     552     107,908,824
    Palladium Boots(FA) Lalla             1       2       2,599,994
    Palladium Coat (FG) Lalla             1       1         999,997
    Palladium Headgear(FA) (anal (anal    1       1       9,850,000
    Palladium Headgear(FB) Lalla          1       1         988,999
    Palladium Headpiece(BL) (anal (ana    1       1       2,399,996
    Palladium Shoes(W1) Lalla             1       2       1,499,996
    Palladium Suit (DM) + 1 Lalla         1       1      33,000,000
    Upgrade Core (Ultimate                3      89      47,762,376
    board                                28   2,184   2,179,488,486
    balance now 550,544,494
  pass 15: 0 relisted, 0 empty, 0 skipped; 9935.0 minute(s) left

-- pass 16 --

-- Chaos Core: carrying on at list where it stopped; 12 bought, 0 listed --
TASK {"kind": "resupply", "core": "Chaos Core", "set": "Chaos Core Set", "slot": 3, "tab": 4, "resumed": "list"}
  listing the Chaos Core Set compressed into (1, 1) from 12 Chaos Core(s)
  the board's cheapest is 749,619 a Set, and the panel scales that to whatever the bundle holds
  it cost 739,887 a Core, so no Set goes out under that
  inventory slot (1,1) at (1475, 236)
    read: current min unread, price field unread, net sales unread, week average unread, listed at unread
    only 0 of the three price places read; 3 must agree before anything is typed
    read: current min unread, price field unread, net sales unread, week average unread, listed at unread
    only 0 of the three price places read; 3 must agree before anything is typed
    the lowest listed price would not read
  ctrl-click 1/1 loaded nothing from (1,1)
  Chaos Core keeps its place at list; 12 bought are in the bag and the next pass carries on there
  resupply of 'Chaos Core' stopped: nothing loaded into the shop slot from (1,1) after 1 ctrl-click(s). Nothing has been listed. Tab 4 slot (1, 1) is left to the Chaos Core Set compressed there.

  resupply order: Chaos Core, Force Core(High), Force Core(Highest), Upgrade Core (Ultimate), Force Core (Ultimate), Armor Account bind Unseal Stone, Armor Account bind Seal Stone, Blessing Bead - Superior

-- Chaos Core Set under our listing: up to 3 row(s) --
  Chaos Core Set 749,607 - Chaos Core 738,331 = 11,276
  ours is listed at 749,639 a Set and a Chaos Core sells at 738,331; buying every Set under 733,331, 5,000 a Set below the lower of the two
  the cheapest Chaos Core Set is 749,607 a Set, not under 733,331; nothing to buy under ours

  counting only rows 1-27; rows outside it are not repriced and do not count; 1 row(s) free
  core                            rows     buy/u    sell/u    margin  wants   short?
  Force Core(Highest)                3         -         -         -      -   holds the most it can want, 3; not priced
  Chaos Core                         4   738,331   749,607    11,276      6   YES
  Force Core (Ultimate)              3         -         -         -      -   holds the most it can want, 3; not priced
  Force Core(High)                   2   184,183   182,992    -1,191      0   
  Upgrade Core (Ultimate)            3         -         -         -      -   holds the most it can want, 3; not priced

-- Chaos Core: carrying on at list where it stopped; 12 bought, 0 listed --
TASK {"kind": "resupply", "core": "Chaos Core", "set": "Chaos Core Set", "slot": 3, "tab": 4, "resumed": "list"}
  listing the Chaos Core Set compressed into (1, 1) from 12 Chaos Core(s)
  the board's cheapest is 749,619 a Set, and the panel scales that to whatever the bundle holds
  it cost 739,887 a Core, so no Set goes out under that
  inventory slot (1,1) at (1475, 236)
    read: current min unread, price field unread, net sales unread, week average unread, listed at unread
    only 0 of the three price places read; 3 must agree before anything is typed
    read: current min unread, price field unread, net sales unread, week average unread, listed at unread
    only 0 of the three price places read; 3 must agree before anything is typed
    the lowest listed price would not read
  ctrl-click 1/1 loaded nothing from (1,1)
  Chaos Core keeps its place at list; 12 bought are in the bag and the next pass carries on there
  resupply of 'Chaos Core' stopped: nothing loaded into the shop slot from (1,1) after 1 ctrl-click(s). Nothing has been listed. Tab 4 slot (1, 1) is left to the Chaos Core Set compressed there.

  Armor Account bind Unseal Stone: 1 row(s) inside 1-27, 1 wanted; row 2 'Armor Account bind Unseal Stone'
    floor 187,364,780: 500/1000 of the 374,729,560 voucher, read at launch

  Armor Account bind Seal Stone: 1 row(s) inside 1-27, 1 wanted; row 3 'Armor Account bind Seal Stone'
    floor 187,364,780: 500/1000 of the 374,729,560 voucher, read at launch

  Blessing Bead - Superior: 1 row(s) inside 1-27, 1 wanted; row 1 'Blessing Bead - Superior'
    floor 163,756,817: 437/1000 of the 374,729,560 voucher, read at launch
  tab 4 holds 12 bought Chaos Core waiting at list; no row is cancelled into that tab this pass, the next pass carries the job on first

  returning the game to its default state
restoring the default state:
  Escape: window closed
  Inventory already closed
  the gift box at [284, 994]
  Receive All at [1209, 786]
  Receive 1 of 4 at [1214, 327]
  Receive 2 of 4 at [1214, 425]
  Receive 3 of 4 at [1214, 523]
  Receive 4 of 4 at [1214, 621]
  the special giftbox's Receive at [1438, 492]
  Close at [1483, 846]
  took 4 gift(s)
  the Agent Shop is shut and the vendor is not open either; reopening it
  Inventory shut: slot grid 0.09, needs 0.33

  board after pass 16:
                                                   bought/u   listed/u  margin      row price
     1  Blessing Bead - Superior           x1    163,756,817 169,999,997   +3.7%    169,999,997
     2  Armor Account bind Unseal Stone    x1    187,364,780 187,364,780   +0.0%    187,364,780
     3  Armor Account bind Seal Stone      x2    187,364,780 187,364,780   +0.0%    187,364,780
     4  Force Core (Ultimate               x64            -    383,795       -        383,795
     5  Arionell                           x1    281,047,170 296,185,713   +5.1%    296,185,713
     6  Upgrade Core (Ultimate             x15            -    536,660       -        536,660
     7  Force Core (Ultimate               x190           -    383,794       -        383,794
     8  Force Core(Highest                 x166           -    195,487       -        195,487
     9  Chaos Core                         x1       741,896    740,583   -0.2%        740,583
    10  Upgrade Core (Ultimate             x20      469,773    536,658  +12.5%        536,658
    11  Force Core(Highest                 x250           -    195,487       -        195,487
    12  Force Core(Highest                 x136           -    195,487       -        195,487
    13  Palladium Headpiece(BL) (anal (ana x1             -  2,399,996       -      2,399,996
    14  Palladium Headgear(FB) Lalla       x1             -    988,999       -        988,999
    15  Palladium Headgear(FA) (anal (anal x1             -  9,850,000       -      9,850,000
    16  Palladium Boots(FA) Lalla          x2             -  1,299,997       -      1,299,997
    17  Palladium Shoes(W1) Lalla          x2             -    749,998       -        749,998
    18  Palladium Coat (FG) Lalla          x1             -    999,997       -        999,997
    19  Chaos Core Set X 291               x1             -    749,661       -    218,151,641
    20  Force Core (Ultimate               x56      374,843    383,793   +2.3%        383,793
    21  Chaos Core Set X 249               x1             -    749,659       -    186,665,339
    22  Chaos Core Set X 267               x1             -    749,649       -    200,156,549
    23  Upgrade Core (Ultimate             x54            -    536,654       -        536,654
    24  Chaos Core Set X 252               x1             -    749,639       -    188,909,279
    25  Force Core(High                    x72            -    182,994       -        182,994
    26  Force Core(High                    x86            -    182,993       -        182,993
    28  Archridium Suit (DM) Lalla         x1             -  1,685,749       -      1,685,749
    30  Palladium Suit (DM) + 1 Lalla      x1             - 33,000,000       -     33,000,000
    item                               rows   units          listed
    Archridium Suit (DM) Lalla            1       1       1,685,749
    Arionell                              1       1     296,185,713
    Armor Account bind Seal Stone         1       2     374,729,560
    Armor Account bind Unseal Stone       1       1     187,364,780
    Blessing Bead - Superior              1       1     169,999,997
    Chaos Core                            1       1         740,583
    Chaos Core Set                        4   1,059     793,882,808
    Force Core (Ultimate                  3     310     118,976,148
    Force Core(High                       2     158      28,912,966
    Force Core(Highest                    3     552     107,908,824
    Palladium Boots(FA) Lalla             1       2       2,599,994
    Palladium Coat (FG) Lalla             1       1         999,997
    Palladium Headgear(FA) (anal (anal    1       1       9,850,000
    Palladium Headgear(FB) Lalla          1       1         988,999
    Palladium Headpiece(BL) (anal (ana    1       1       2,399,996
    Palladium Shoes(W1) Lalla             1       2       1,499,996
    Palladium Suit (DM) + 1 Lalla         1       1      33,000,000
    Upgrade Core (Ultimate                3      89      47,762,376
    board                                28   2,184   2,179,488,486
    balance now 550,544,494
  pass 16: 0 relisted, 0 empty, 0 skipped; 9934.3 minute(s) left

-- pass 17 --

-- Chaos Core: carrying on at list where it stopped; 12 bought, 0 listed --
TASK {"kind": "resupply", "core": "Chaos Core", "set": "Chaos Core Set", "slot": 3, "tab": 4, "resumed": "list"}
  listing the Chaos Core Set compressed into (1, 1) from 12 Chaos Core(s)
  the board's cheapest is 749,619 a Set, and the panel scales that to whatever the bundle holds
  it cost 739,887 a Core, so no Set goes out under that
  inventory slot (1,1) at (1475, 236)
    read: current min unread, price field unread, net sales unread, week average unread, listed at unread
    only 0 of the three price places read; 3 must agree before anything is typed
    read: current min unread, price field unread, net sales unread, week average unread, listed at unread
    only 0 of the three price places read; 3 must agree before anything is typed
    the lowest listed price would not read
  ctrl-click 1/1 loaded nothing from (1,1)
  Chaos Core keeps its place at list; 12 bought are in the bag and the next pass carries on there
  resupply of 'Chaos Core' stopped: nothing loaded into the shop slot from (1,1) after 1 ctrl-click(s). Nothing has been listed. Tab 4 slot (1, 1) is left to the Chaos Core Set compressed there.

  resupply order: Chaos Core, Force Core(High), Force Core(Highest), Upgrade Core (Ultimate), Force Core (Ultimate), Armor Account bind Unseal Stone, Armor Account bind Seal Stone, Blessing Bead - Superior

-- Chaos Core Set under our listing: up to 3 row(s) --
  Chaos Core Set 749,507 - Chaos Core 738,331 = 11,176
  ours is listed at 749,639 a Set and a Chaos Core sells at 738,331; buying every Set under 733,331, 5,000 a Set below the lower of the two
  the cheapest Chaos Core Set is 749,507 a Set, not under 733,331; nothing to buy under ours

  counting only rows 1-27; rows outside it are not repriced and do not count; 1 row(s) free
  core                            rows     buy/u    sell/u    margin  wants   short?
  Force Core(Highest)                3         -         -         -      -   holds the most it can want, 3; not priced
  Chaos Core                         4   738,331   749,507    11,176      6   YES
  Force Core (Ultimate)              3         -         -         -      -   holds the most it can want, 3; not priced
  Force Core(High)                   2   184,183   182,992    -1,191      0   
  Upgrade Core (Ultimate)            3         -         -         -      -   holds the most it can want, 3; not priced

-- Chaos Core: carrying on at list where it stopped; 12 bought, 0 listed --
TASK {"kind": "resupply", "core": "Chaos Core", "set": "Chaos Core Set", "slot": 3, "tab": 4, "resumed": "list"}
  listing the Chaos Core Set compressed into (1, 1) from 12 Chaos Core(s)
  the board's cheapest is 749,619 a Set, and the panel scales that to whatever the bundle holds
  it cost 739,887 a Core, so no Set goes out under that
  inventory slot (1,1) at (1475, 236)
    read: current min unread, price field unread, net sales unread, week average unread, listed at unread
    only 0 of the three price places read; 3 must agree before anything is typed
    read: current min unread, price field unread, net sales unread, week average unread, listed at unread
    only 0 of the three price places read; 3 must agree before anything is typed
    the lowest listed price would not read
  ctrl-click 1/1 loaded nothing from (1,1)
  Chaos Core keeps its place at list; 12 bought are in the bag and the next pass carries on there
  resupply of 'Chaos Core' stopped: nothing loaded into the shop slot from (1,1) after 1 ctrl-click(s). Nothing has been listed. Tab 4 slot (1, 1) is left to the Chaos Core Set compressed there.

  Armor Account bind Unseal Stone: 1 row(s) inside 1-27, 1 wanted; row 2 'Armor Account bind Unseal Stone'
    floor 187,364,780: 500/1000 of the 374,729,560 voucher, read at launch

  Armor Account bind Seal Stone: 1 row(s) inside 1-27, 1 wanted; row 3 'Armor Account bind Seal Stone'
    floor 187,364,780: 500/1000 of the 374,729,560 voucher, read at launch

  Blessing Bead - Superior: 1 row(s) inside 1-27, 1 wanted; row 1 'Blessing Bead - Superior'
    floor 163,756,817: 437/1000 of the 374,729,560 voucher, read at launch
  tab 4 holds 12 bought Chaos Core waiting at list; no row is cancelled into that tab this pass, the next pass carries the job on first

  returning the game to its default state
restoring the default state:
  Escape: window closed
  Inventory already closed
  the gift box at [284, 994]
  Receive All at [1209, 786]
  Receive 1 of 4 at [1214, 327]
  Receive 2 of 4 at [1214, 425]
  Receive 3 of 4 at [1214, 523]
  Receive 4 of 4 at [1214, 621]
  the special giftbox's Receive at [1438, 492]
  Close at [1483, 846]
  took 4 gift(s)
  the Agent Shop is shut and the vendor is not open either; reopening it
  Inventory shut: slot grid 0.09, needs 0.33

  board after pass 17:
                                                   bought/u   listed/u  margin      row price
     1  Blessing Bead - Superior           x1    163,756,817 169,999,997   +3.7%    169,999,997
     2  Armor Account bind Unseal Stone    x1    187,364,780 187,364,780   +0.0%    187,364,780
     3  Armor Account bind Seal Stone      x2    187,364,780 187,364,780   +0.0%    187,364,780
     4  Force Core (Ultimate               x64            -    383,795       -        383,795
     5  Arionell                           x1    281,047,170 296,185,713   +5.1%    296,185,713
     6  Upgrade Core (Ultimate             x15            -    536,660       -        536,660
     7  Force Core (Ultimate               x190           -    383,794       -        383,794
     8  Force Core(Highest                 x166           -    195,487       -        195,487
     9  Chaos Core                         x1       741,896    740,583   -0.2%        740,583
    10  Upgrade Core (Ultimate             x20      469,773    536,658  +12.5%        536,658
    11  Force Core(Highest                 x250           -    195,487       -        195,487
    12  Force Core(Highest                 x136           -    195,487       -        195,487
    13  Palladium Headpiece(BL) (anal (ana x1             -  2,399,996       -      2,399,996
    14  Palladium Headgear(FB) Lalla       x1             -    988,999       -        988,999
    15  Palladium Headgear(FA) (anal (anal x1             -  9,850,000       -      9,850,000
    16  Palladium Boots(FA) Lalla          x2             -  1,299,997       -      1,299,997
    17  Palladium Shoes(W1) Lalla          x2             -    749,998       -        749,998
    18  Palladium Coat (FG) Lalla          x1             -    999,997       -        999,997
    19  Chaos Core Set X 291               x1             -    749,661       -    218,151,641
    20  Force Core (Ultimate               x56      374,843    383,793   +2.3%        383,793
    21  Chaos Core Set X 249               x1             -    749,659       -    186,665,339
    22  Chaos Core Set X 267               x1             -    749,649       -    200,156,549
    23  Upgrade Core (Ultimate             x54            -    536,654       -        536,654
    24  Chaos Core Set X 252               x1             -    749,639       -    188,909,279
    25  Force Core(High                    x72            -    182,994       -        182,994
    26  Force Core(High                    x86            -    182,993       -        182,993
    28  Archridium Suit (DM) Lalla         x1             -  1,685,749       -      1,685,749
    30  Palladium Suit (DM) + 1 Lalla      x1             - 33,000,000       -     33,000,000
    item                               rows   units          listed
    Archridium Suit (DM) Lalla            1       1       1,685,749
    Arionell                              1       1     296,185,713
    Armor Account bind Seal Stone         1       2     374,729,560
    Armor Account bind Unseal Stone       1       1     187,364,780
    Blessing Bead - Superior              1       1     169,999,997
    Chaos Core                            1       1         740,583
    Chaos Core Set                        4   1,059     793,882,808
    Force Core (Ultimate                  3     310     118,976,148
    Force Core(High                       2     158      28,912,966
    Force Core(Highest                    3     552     107,908,824
    Palladium Boots(FA) Lalla             1       2       2,599,994
    Palladium Coat (FG) Lalla             1       1         999,997
    Palladium Headgear(FA) (anal (anal    1       1       9,850,000
    Palladium Headgear(FB) Lalla          1       1         988,999
    Palladium Headpiece(BL) (anal (ana    1       1       2,399,996
    Palladium Shoes(W1) Lalla             1       2       1,499,996
    Palladium Suit (DM) + 1 Lalla         1       1      33,000,000
    Upgrade Core (Ultimate                3      89      47,762,376
    board                                28   2,184   2,179,488,486
    balance now 550,544,494
  pass 17: 0 relisted, 0 empty, 0 skipped; 9933.6 minute(s) left

-- pass 18 --

-- Chaos Core: carrying on at list where it stopped; 12 bought, 0 listed --
TASK {"kind": "resupply", "core": "Chaos Core", "set": "Chaos Core Set", "slot": 3, "tab": 4, "resumed": "list"}
  listing the Chaos Core Set compressed into (1, 1) from 12 Chaos Core(s)
  the board's cheapest is 749,619 a Set, and the panel scales that to whatever the bundle holds
  it cost 739,887 a Core, so no Set goes out under that
  inventory slot (1,1) at (1475, 236)
    read: current min unread, price field unread, net sales unread, week average unread, listed at unread
    only 0 of the three price places read; 3 must agree before anything is typed
    read: current min unread, price field unread, net sales unread, week average unread, listed at unread
    only 0 of the three price places read; 3 must agree before anything is typed
    the lowest listed price would not read
  ctrl-click 1/1 loaded nothing from (1,1)
  Chaos Core keeps its place at list; 12 bought are in the bag and the next pass carries on there
  resupply of 'Chaos Core' stopped: nothing loaded into the shop slot from (1,1) after 1 ctrl-click(s). Nothing has been listed. Tab 4 slot (1, 1) is left to the Chaos Core Set compressed there.

  resupply order: Chaos Core, Force Core(High), Force Core(Highest), Upgrade Core (Ultimate), Force Core (Ultimate), Armor Account bind Unseal Stone, Armor Account bind Seal Stone, Blessing Bead - Superior

-- Chaos Core Set under our listing: up to 3 row(s) --
  Chaos Core Set 749,408 - Chaos Core 738,331 = 11,077
  ours is listed at 749,639 a Set and a Chaos Core sells at 738,331; buying every Set under 733,331, 5,000 a Set below the lower of the two
  the cheapest Chaos Core Set is 749,408 a Set, not under 733,331; nothing to buy under ours

  counting only rows 1-27; rows outside it are not repriced and do not count; 1 row(s) free
  core                            rows     buy/u    sell/u    margin  wants   short?
  Force Core(Highest)                3         -         -         -      -   holds the most it can want, 3; not priced
  Chaos Core                         4   738,331   749,408    11,077      6   YES
  Force Core (Ultimate)              3         -         -         -      -   holds the most it can want, 3; not priced
  Force Core(High)                   2   184,183   182,992    -1,191      0   
  Upgrade Core (Ultimate)            3         -         -         -      -   holds the most it can want, 3; not priced

-- Chaos Core: carrying on at list where it stopped; 12 bought, 0 listed --
TASK {"kind": "resupply", "core": "Chaos Core", "set": "Chaos Core Set", "slot": 3, "tab": 4, "resumed": "list"}
  listing the Chaos Core Set compressed into (1, 1) from 12 Chaos Core(s)
  the board's cheapest is 749,619 a Set, and the panel scales that to whatever the bundle holds
  it cost 739,887 a Core, so no Set goes out under that
  inventory slot (1,1) at (1475, 236)
    read: current min unread, price field unread, net sales unread, week average unread, listed at unread
    only 0 of the three price places read; 3 must agree before anything is typed
    read: current min unread, price field unread, net sales unread, week average unread, listed at unread
    only 0 of the three price places read; 3 must agree before anything is typed
    the lowest listed price would not read
  ctrl-click 1/1 loaded nothing from (1,1)
  Chaos Core keeps its place at list; 12 bought are in the bag and the next pass carries on there
  resupply of 'Chaos Core' stopped: nothing loaded into the shop slot from (1,1) after 1 ctrl-click(s). Nothing has been listed. Tab 4 slot (1, 1) is left to the Chaos Core Set compressed there.

  Armor Account bind Unseal Stone: 1 row(s) inside 1-27, 1 wanted; row 2 'Armor Account bind Unseal Stone'
    floor 187,364,780: 500/1000 of the 374,729,560 voucher, read at launch

  Armor Account bind Seal Stone: 1 row(s) inside 1-27, 1 wanted; row 3 'Armor Account bind Seal Stone'
    floor 187,364,780: 500/1000 of the 374,729,560 voucher, read at launch

  Blessing Bead - Superior: 1 row(s) inside 1-27, 1 wanted; row 1 'Blessing Bead - Superior'
    floor 163,756,817: 437/1000 of the 374,729,560 voucher, read at launch
  tab 4 holds 12 bought Chaos Core waiting at list; no row is cancelled into that tab this pass, the next pass carries the job on first

  returning the game to its default state
restoring the default state:
  Escape: window closed
  Inventory already closed
  the gift box at [284, 994]
  Receive All at [1209, 786]
  Receive 1 of 4 at [1214, 327]
  Receive 2 of 4 at [1214, 425]
  Receive 3 of 4 at [1214, 523]
  Receive 4 of 4 at [1214, 621]
  the special giftbox's Receive at [1438, 492]
  Close at [1483, 846]
  took 4 gift(s)
  the Agent Shop is shut and the vendor is not open either; reopening it
  Inventory shut: slot grid 0.10, needs 0.33

  board after pass 18:
                                                   bought/u   listed/u  margin      row price
     1  Blessing Bead - Superior           x1    163,756,817 169,999,997   +3.7%    169,999,997
     2  Armor Account bind Unseal Stone    x1    187,364,780 187,364,780   +0.0%    187,364,780
     3  Armor Account bind Seal Stone      x2    187,364,780 187,364,780   +0.0%    187,364,780
     4  Force Core (Ultimate               x64            -    383,795       -        383,795
     5  Arionell                           x1    281,047,170 296,185,713   +5.1%    296,185,713
     6  Upgrade Core (Ultimate             x15            -    536,660       -        536,660
     7  Force Core (Ultimate               x190           -    383,794       -        383,794
     8  Force Core(Highest                 x166           -    195,487       -        195,487
     9  Chaos Core                         x1       741,896    740,583   -0.2%        740,583
    10  Upgrade Core (Ultimate             x20      469,773    536,658  +12.5%        536,658
    11  Force Core(Highest                 x250           -    195,487       -        195,487
    12  Force Core(Highest                 x136           -    195,487       -        195,487
    13  Palladium Headpiece(BL) (anal (ana x1             -  2,399,996       -      2,399,996
    14  Palladium Headgear(FB) Lalla       x1             -    988,999       -        988,999
    15  Palladium Headgear(FA) (anal (anal x1             -  9,850,000       -      9,850,000
    16  Palladium Boots(FA) Lalla          x2             -  1,299,997       -      1,299,997
    17  Palladium Shoes(W1) Lalla          x2             -    749,998       -        749,998
    18  Palladium Coat (FG) Lalla          x1             -    999,997       -        999,997
    19  Chaos Core Set X 291               x1             -    749,661       -    218,151,641
    20  Force Core (Ultimate               x56      374,843    383,793   +2.3%        383,793
    21  Chaos Core Set X 249               x1             -    749,659       -    186,665,339
    22  Chaos Core Set X 267               x1             -    749,649       -    200,156,549
    23  Upgrade Core (Ultimate             x54            -    536,654       -        536,654
    24  Chaos Core Set X 252               x1             -    749,639       -    188,909,279
    25  Force Core(High                    x72            -    182,994       -        182,994
    26  Force Core(High                    x86            -    182,993       -        182,993
    28  Archridium Suit (DM) Lalla         x1             -  1,685,749       -      1,685,749
    30  Palladium Suit (DM) + 1 Lalla      x1             - 33,000,000       -     33,000,000
    item                               rows   units          listed
    Archridium Suit (DM) Lalla            1       1       1,685,749
    Arionell                              1       1     296,185,713
    Armor Account bind Seal Stone         1       2     374,729,560
    Armor Account bind Unseal Stone       1       1     187,364,780
    Blessing Bead - Superior              1       1     169,999,997
    Chaos Core                            1       1         740,583
    Chaos Core Set                        4   1,059     793,882,808
    Force Core (Ultimate                  3     310     118,976,148
    Force Core(High                       2     158      28,912,966
    Force Core(Highest                    3     552     107,908,824
    Palladium Boots(FA) Lalla             1       2       2,599,994
    Palladium Coat (FG) Lalla             1       1         999,997
    Palladium Headgear(FA) (anal (anal    1       1       9,850,000
    Palladium Headgear(FB) Lalla          1       1         988,999
    Palladium Headpiece(BL) (anal (ana    1       1       2,399,996
    Palladium Shoes(W1) Lalla             1       2       1,499,996
    Palladium Suit (DM) + 1 Lalla         1       1      33,000,000
    Upgrade Core (Ultimate                3      89      47,762,376
    board                                28   2,184   2,179,488,486
    balance now 550,544,494
  pass 18: 0 relisted, 0 empty, 0 skipped; 9932.9 minute(s) left

-- pass 19 --

-- Chaos Core: carrying on at list where it stopped; 12 bought, 0 listed --
TASK {"kind": "resupply", "core": "Chaos Core", "set": "Chaos Core Set", "slot": 3, "tab": 4, "resumed": "list"}
  listing the Chaos Core Set compressed into (1, 1) from 12 Chaos Core(s)
  the board's cheapest is 749,619 a Set, and the panel scales that to whatever the bundle holds
  it cost 739,887 a Core, so no Set goes out under that
  inventory slot (1,1) at (1475, 236)
    read: current min unread, price field unread, net sales unread, week average unread, listed at unread
    only 0 of the three price places read; 3 must agree before anything is typed
    read: current min unread, price field unread, net sales unread, week average unread, listed at unread
    only 0 of the three price places read; 3 must agree before anything is typed
    the lowest listed price would not read
  ctrl-click 1/1 loaded nothing from (1,1)
  Chaos Core keeps its place at list; 12 bought are in the bag and the next pass carries on there
  resupply of 'Chaos Core' stopped: nothing loaded into the shop slot from (1,1) after 1 ctrl-click(s). Nothing has been listed. Tab 4 slot (1, 1) is left to the Chaos Core Set compressed there.

  resupply order: Chaos Core, Force Core(High), Force Core(Highest), Upgrade Core (Ultimate), Force Core (Ultimate), Armor Account bind Unseal Stone, Armor Account bind Seal Stone, Blessing Bead - Superior

-- Chaos Core Set under our listing: up to 3 row(s) --
  Chaos Core Set 749,407 - Chaos Core 737,829 = 11,578
  ours is listed at 749,639 a Set and a Chaos Core sells at 737,829; buying every Set under 732,829, 5,000 a Set below the lower of the two
  the cheapest Chaos Core Set is 749,407 a Set, not under 732,829; nothing to buy under ours

  counting only rows 1-27; rows outside it are not repriced and do not count; 1 row(s) free
  core                            rows     buy/u    sell/u    margin  wants   short?
  Force Core(Highest)                3         -         -         -      -   holds the most it can want, 3; not priced
  Chaos Core                         4   737,829   749,407    11,578      6   YES
  Force Core (Ultimate)              3         -         -         -      -   holds the most it can want, 3; not priced
  Force Core(High)                   2   184,183   182,992    -1,191      0   
  Upgrade Core (Ultimate)            3         -         -         -      -   holds the most it can want, 3; not priced

-- Chaos Core: carrying on at list where it stopped; 12 bought, 0 listed --
TASK {"kind": "resupply", "core": "Chaos Core", "set": "Chaos Core Set", "slot": 3, "tab": 4, "resumed": "list"}
  listing the Chaos Core Set compressed into (1, 1) from 12 Chaos Core(s)
  the board's cheapest is 749,619 a Set, and the panel scales that to whatever the bundle holds
  it cost 739,887 a Core, so no Set goes out under that
  inventory slot (1,1) at (1475, 236)
    read: current min unread, price field unread, net sales unread, week average unread, listed at unread
    only 0 of the three price places read; 3 must agree before anything is typed
    read: current min unread, price field unread, net sales unread, week average unread, listed at unread
    only 0 of the three price places read; 3 must agree before anything is typed
    the lowest listed price would not read
  ctrl-click 1/1 loaded nothing from (1,1)
  Chaos Core keeps its place at list; 12 bought are in the bag and the next pass carries on there
  resupply of 'Chaos Core' stopped: nothing loaded into the shop slot from (1,1) after 1 ctrl-click(s). Nothing has been listed. Tab 4 slot (1, 1) is left to the Chaos Core Set compressed there.

  Armor Account bind Unseal Stone: 1 row(s) inside 1-27, 1 wanted; row 2 'Armor Account bind Unseal Stone'
    floor 187,364,780: 500/1000 of the 374,729,560 voucher, read at launch

  Armor Account bind Seal Stone: 1 row(s) inside 1-27, 1 wanted; row 3 'Armor Account bind Seal Stone'
    floor 187,364,780: 500/1000 of the 374,729,560 voucher, read at launch

  Blessing Bead - Superior: 1 row(s) inside 1-27, 1 wanted; row 1 'Blessing Bead - Superior'
    floor 163,756,817: 437/1000 of the 374,729,560 voucher, read at launch
  tab 4 holds 12 bought Chaos Core waiting at list; no row is cancelled into that tab this pass, the next pass carries the job on first

  returning the game to its default state
restoring the default state:
  Escape: window closed
  Inventory already closed
  the gift box at [284, 994]
  Receive All at [1209, 786]
  Receive 1 of 4 at [1214, 327]
  Receive 2 of 4 at [1214, 425]
  Receive 3 of 4 at [1214, 523]
  Receive 4 of 4 at [1214, 621]
  the special giftbox's Receive at [1438, 492]
  Close at [1483, 846]
  took 4 gift(s)
  the Agent Shop is shut and the vendor is not open either; reopening it
  Inventory shut: slot grid 0.09, needs 0.33

  board after pass 19:
                                                   bought/u   listed/u  margin      row price
     1  Blessing Bead - Superior           x1    163,756,817 169,999,997   +3.7%    169,999,997
     2  Armor Account bind Unseal Stone    x1    187,364,780 187,364,780   +0.0%    187,364,780
     3  Armor Account bind Seal Stone      x2    187,364,780 187,364,780   +0.0%    187,364,780
     4  Force Core (Ultimate               x64            -    383,795       -        383,795
     5  Arionell                           x1    281,047,170 296,185,713   +5.1%    296,185,713
     6  Upgrade Core (Ultimate             x15            -    536,660       -        536,660
     7  Force Core (Ultimate               x190           -    383,794       -        383,794
     8  Force Core(Highest                 x166           -    195,487       -        195,487
     9  Chaos Core                         x1       741,896    740,583   -0.2%        740,583
    10  Upgrade Core (Ultimate             x20      469,773    536,658  +12.5%        536,658
    11  Force Core(Highest                 x250           -    195,487       -        195,487
    12  Force Core(Highest                 x136           -    195,487       -        195,487
    13  Palladium Headpiece(BL) (anal (ana x1             -  2,399,996       -      2,399,996
    14  Palladium Headgear(FB) Lalla       x1             -    988,999       -        988,999
    15  Palladium Headgear(FA) (anal (anal x1             -  9,850,000       -      9,850,000
    16  Palladium Boots(FA) Lalla          x2             -  1,299,997       -      1,299,997
    17  Palladium Shoes(W1) Lalla          x2             -    749,998       -        749,998
    18  Palladium Coat (FG) Lalla          x1             -    999,997       -        999,997
    19  Chaos Core Set X 291               x1             -    749,661       -    218,151,641
    20  Force Core (Ultimate               x56      374,843    383,793   +2.3%        383,793
    21  Chaos Core Set X 249               x1             -    749,659       -    186,665,339
    22  Chaos Core Set X 267               x1             -    749,649       -    200,156,549
    23  Upgrade Core (Ultimate             x54            -    536,654       -        536,654
    24  Chaos Core Set X 252               x1             -    749,639       -    188,909,279
    25  Force Core(High                    x72            -    182,994       -        182,994
    26  Force Core(High                    x86            -    182,993       -        182,993
    28  Archridium Suit (DM) Lalla         x1             -  1,685,749       -      1,685,749
    30  Palladium Suit (DM) + 1 Lalla      x1             - 33,000,000       -     33,000,000
    item                               rows   units          listed
    Archridium Suit (DM) Lalla            1       1       1,685,749
    Arionell                              1       1     296,185,713
    Armor Account bind Seal Stone         1       2     374,729,560
    Armor Account bind Unseal Stone       1       1     187,364,780
    Blessing Bead - Superior              1       1     169,999,997
    Chaos Core                            1       1         740,583
    Chaos Core Set                        4   1,059     793,882,808
    Force Core (Ultimate                  3     310     118,976,148
    Force Core(High                       2     158      28,912,966
    Force Core(Highest                    3     552     107,908,824
    Palladium Boots(FA) Lalla             1       2       2,599,994
    Palladium Coat (FG) Lalla             1       1         999,997
    Palladium Headgear(FA) (anal (anal    1       1       9,850,000
    Palladium Headgear(FB) Lalla          1       1         988,999
    Palladium Headpiece(BL) (anal (ana    1       1       2,399,996
    Palladium Shoes(W1) Lalla             1       2       1,499,996
    Palladium Suit (DM) + 1 Lalla         1       1      33,000,000
    Upgrade Core (Ultimate                3      89      47,762,376
    board                                28   2,184   2,179,488,486
    balance now 550,544,494
  pass 19: 0 relisted, 0 empty, 0 skipped; 9932.2 minute(s) left

-- pass 20 --

-- Chaos Core: carrying on at list where it stopped; 12 bought, 0 listed --
TASK {"kind": "resupply", "core": "Chaos Core", "set": "Chaos Core Set", "slot": 3, "tab": 4, "resumed": "list"}
  listing the Chaos Core Set compressed into (1, 1) from 12 Chaos Core(s)
  the board's cheapest is 749,619 a Set, and the panel scales that to whatever the bundle holds
  it cost 739,887 a Core, so no Set goes out under that
  inventory slot (1,1) at (1475, 236)
    read: current min unread, price field unread, net sales unread, week average unread, listed at unread
    only 0 of the three price places read; 3 must agree before anything is typed
    read: current min unread, price field unread, net sales unread, week average unread, listed at unread
    only 0 of the three price places read; 3 must agree before anything is typed
    the lowest listed price would not read
  ctrl-click 1/1 loaded nothing from (1,1)
  Chaos Core keeps its place at list; 12 bought are in the bag and the next pass carries on there
  resupply of 'Chaos Core' stopped: nothing loaded into the shop slot from (1,1) after 1 ctrl-click(s). Nothing has been listed. Tab 4 slot (1, 1) is left to the Chaos Core Set compressed there.

  resupply order: Chaos Core, Force Core(High), Force Core(Highest), Upgrade Core (Ultimate), Force Core (Ultimate), Armor Account bind Unseal Stone, Armor Account bind Seal Stone, Blessing Bead - Superior

-- Chaos Core Set under our listing: up to 3 row(s) --
  Chaos Core Set 749,314 - Chaos Core 737,213 = 12,101
  ours is listed at 749,639 a Set and a Chaos Core sells at 737,213; buying every Set under 732,213, 5,000 a Set below the lower of the two
  the cheapest Chaos Core Set is 749,314 a Set, not under 732,213; nothing to buy under ours

  counting only rows 1-27; rows outside it are not repriced and do not count; 1 row(s) free
  core                            rows     buy/u    sell/u    margin  wants   short?
  Force Core(Highest)                3         -         -         -      -   holds the most it can want, 3; not priced
  Chaos Core                         4   737,213   749,314    12,101      6   YES
  Force Core (Ultimate)              3         -         -         -      -   holds the most it can want, 3; not priced
  Force Core(High)                   2   184,183   182,992    -1,191      0   
  Upgrade Core (Ultimate)            3         -         -         -      -   holds the most it can want, 3; not priced

-- Chaos Core: carrying on at list where it stopped; 12 bought, 0 listed --
TASK {"kind": "resupply", "core": "Chaos Core", "set": "Chaos Core Set", "slot": 3, "tab": 4, "resumed": "list"}
  listing the Chaos Core Set compressed into (1, 1) from 12 Chaos Core(s)
  the board's cheapest is 749,619 a Set, and the panel scales that to whatever the bundle holds
  it cost 739,887 a Core, so no Set goes out under that
  inventory slot (1,1) at (1475, 236)
    read: current min unread, price field unread, net sales unread, week average unread, listed at unread
    only 0 of the three price places read; 3 must agree before anything is typed
    read: current min unread, price field unread, net sales unread, week average unread, listed at unread
    only 0 of the three price places read; 3 must agree before anything is typed
    the lowest listed price would not read
  ctrl-click 1/1 loaded nothing from (1,1)
  Chaos Core keeps its place at list; 12 bought are in the bag and the next pass carries on there
  resupply of 'Chaos Core' stopped: nothing loaded into the shop slot from (1,1) after 1 ctrl-click(s). Nothing has been listed. Tab 4 slot (1, 1) is left to the Chaos Core Set compressed there.

  Armor Account bind Unseal Stone: 1 row(s) inside 1-27, 1 wanted; row 2 'Armor Account bind Unseal Stone'
    floor 187,364,780: 500/1000 of the 374,729,560 voucher, read at launch

  Armor Account bind Seal Stone: 1 row(s) inside 1-27, 1 wanted; row 3 'Armor Account bind Seal Stone'
    floor 187,364,780: 500/1000 of the 374,729,560 voucher, read at launch

  Blessing Bead - Superior: 1 row(s) inside 1-27, 1 wanted; row 1 'Blessing Bead - Superior'
    floor 163,756,817: 437/1000 of the 374,729,560 voucher, read at launch
  tab 4 holds 12 bought Chaos Core waiting at list; no row is cancelled into that tab this pass, the next pass carries the job on first

  returning the game to its default state
restoring the default state:
  Escape: window closed
  Inventory already closed
  the gift box at [284, 994]
  Receive All at [1209, 786]
  Receive 1 of 4 at [1214, 327]
  Receive 2 of 4 at [1214, 425]
  Receive 3 of 4 at [1214, 523]
  Receive 4 of 4 at [1214, 621]
  the special giftbox's Receive at [1438, 492]
  Close at [1483, 846]
  took 4 gift(s)
  the Agent Shop is shut and the vendor is not open either; reopening it
  Inventory shut: slot grid 0.12, needs 0.33

  board after pass 20:
                                                   bought/u   listed/u  margin      row price
     1  Blessing Bead - Superior           x1    163,756,817 169,999,997   +3.7%    169,999,997
     2  Armor Account bind Unseal Stone    x1    187,364,780 187,364,780   +0.0%    187,364,780
     3  Armor Account bind Seal Stone      x2    187,364,780 187,364,780   +0.0%    187,364,780
     4  Force Core (Ultimate               x64            -    383,795       -        383,795
     5  Arionell                           x1    281,047,170 296,185,713   +5.1%    296,185,713
     6  Upgrade Core (Ultimate             x15            -    536,660       -        536,660
     7  Force Core (Ultimate               x190           -    383,794       -        383,794
     8  Force Core(Highest                 x166           -    195,487       -        195,487
     9  Chaos Core                         x1       741,896    740,583   -0.2%        740,583
    10  Upgrade Core (Ultimate             x20      469,773    536,658  +12.5%        536,658
    11  Force Core(Highest                 x250           -    195,487       -        195,487
    12  Force Core(Highest                 x136           -    195,487       -        195,487
    13  Palladium Headpiece(BL) (anal (ana x1             -  2,399,996       -      2,399,996
    14  Palladium Headgear(FB) Lalla       x1             -    988,999       -        988,999
    15  Palladium Headgear(FA) (anal (anal x1             -  9,850,000       -      9,850,000
    16  Palladium Boots(FA) Lalla          x2             -  1,299,997       -      1,299,997
    17  Palladium Shoes(W1) Lalla          x2             -    749,998       -        749,998
    18  Palladium Coat (FG) Lalla          x1             -    999,997       -        999,997
    19  Chaos Core Set X 291               x1             -    749,661       -    218,151,641
    20  Force Core (Ultimate               x56      374,843    383,793   +2.3%        383,793
    21  Chaos Core Set X 249               x1             -    749,659       -    186,665,339
    22  Chaos Core Set X 267               x1             -    749,649       -    200,156,549
    23  Upgrade Core (Ultimate             x54            -    536,654       -        536,654
    24  Chaos Core Set X 252               x1             -    749,639       -    188,909,279
    25  Force Core(High                    x72            -    182,994       -        182,994
    26  Force Core(High                    x86            -    182,993       -        182,993
    28  Archridium Suit (DM) Lalla         x1             -  1,685,749       -      1,685,749
    30  Palladium Suit (DM) + 1 Lalla      x1             - 33,000,000       -     33,000,000
    item                               rows   units          listed
    Archridium Suit (DM) Lalla            1       1       1,685,749
    Arionell                              1       1     296,185,713
    Armor Account bind Seal Stone         1       2     374,729,560
    Armor Account bind Unseal Stone       1       1     187,364,780
    Blessing Bead - Superior              1       1     169,999,997
    Chaos Core                            1       1         740,583
    Chaos Core Set                        4   1,059     793,882,808
    Force Core (Ultimate                  3     310     118,976,148
    Force Core(High                       2     158      28,912,966
    Force Core(Highest                    3     552     107,908,824
    Palladium Boots(FA) Lalla             1       2       2,599,994
    Palladium Coat (FG) Lalla             1       1         999,997
    Palladium Headgear(FA) (anal (anal    1       1       9,850,000
    Palladium Headgear(FB) Lalla          1       1         988,999
    Palladium Headpiece(BL) (anal (ana    1       1       2,399,996
    Palladium Shoes(W1) Lalla             1       2       1,499,996
    Palladium Suit (DM) + 1 Lalla         1       1      33,000,000
    Upgrade Core (Ultimate                3      89      47,762,376
    board                                28   2,184   2,179,488,486
    balance now 550,544,494
  pass 20: 0 relisted, 0 empty, 0 skipped; 9931.5 minute(s) left

-- pass 21 --

-- Chaos Core: carrying on at list where it stopped; 12 bought, 0 listed --
TASK {"kind": "resupply", "core": "Chaos Core", "set": "Chaos Core Set", "slot": 3, "tab": 4, "resumed": "list"}
  listing the Chaos Core Set compressed into (1, 1) from 12 Chaos Core(s)
  the board's cheapest is 749,619 a Set, and the panel scales that to whatever the bundle holds
  it cost 739,887 a Core, so no Set goes out under that
  inventory slot (1,1) at (1475, 236)
    read: current min unread, price field unread, net sales unread, week average unread, listed at unread
    only 0 of the three price places read; 3 must agree before anything is typed
    read: current min unread, price field unread, net sales unread, week average unread, listed at unread
    only 0 of the three price places read; 3 must agree before anything is typed
    the lowest listed price would not read
  ctrl-click 1/1 loaded nothing from (1,1)
  Chaos Core keeps its place at list; 12 bought are in the bag and the next pass carries on there
  resupply of 'Chaos Core' stopped: nothing loaded into the shop slot from (1,1) after 1 ctrl-click(s). Nothing has been listed. Tab 4 slot (1, 1) is left to the Chaos Core Set compressed there.

  resupply order: Chaos Core, Force Core(High), Force Core(Highest), Upgrade Core (Ultimate), Force Core (Ultimate), Armor Account bind Unseal Stone, Armor Account bind Seal Stone, Blessing Bead - Superior

-- Chaos Core Set under our listing: up to 3 row(s) --
  Chaos Core Set 749,312 - Chaos Core 737,213 = 12,099
  ours is listed at 749,639 a Set and a Chaos Core sells at 737,213; buying every Set under 732,213, 5,000 a Set below the lower of the two
  the cheapest Chaos Core Set is 749,312 a Set, not under 732,213; nothing to buy under ours

  counting only rows 1-27; rows outside it are not repriced and do not count; 1 row(s) free
  core                            rows     buy/u    sell/u    margin  wants   short?
  Force Core(Highest)                3         -         -         -      -   holds the most it can want, 3; not priced
  Chaos Core                         4   737,213   749,312    12,099      6   YES
  Force Core (Ultimate)              3         -         -         -      -   holds the most it can want, 3; not priced
  Force Core(High)                   2   184,183   182,992    -1,191      0   
  Upgrade Core (Ultimate)            3         -         -         -      -   holds the most it can want, 3; not priced

-- Chaos Core: carrying on at list where it stopped; 12 bought, 0 listed --
TASK {"kind": "resupply", "core": "Chaos Core", "set": "Chaos Core Set", "slot": 3, "tab": 4, "resumed": "list"}
  listing the Chaos Core Set compressed into (1, 1) from 12 Chaos Core(s)
  the board's cheapest is 749,619 a Set, and the panel scales that to whatever the bundle holds
  it cost 739,887 a Core, so no Set goes out under that
  inventory slot (1,1) at (1475, 236)
    read: current min unread, price field unread, net sales unread, week average unread, listed at unread
    only 0 of the three price places read; 3 must agree before anything is typed
    read: current min unread, price field unread, net sales unread, week average unread, listed at unread
    only 0 of the three price places read; 3 must agree before anything is typed
    the lowest listed price would not read
  ctrl-click 1/1 loaded nothing from (1,1)
  Chaos Core keeps its place at list; 12 bought are in the bag and the next pass carries on there
  resupply of 'Chaos Core' stopped: nothing loaded into the shop slot from (1,1) after 1 ctrl-click(s). Nothing has been listed. Tab 4 slot (1, 1) is left to the Chaos Core Set compressed there.

  Armor Account bind Unseal Stone: 1 row(s) inside 1-27, 1 wanted; row 2 'Armor Account bind Unseal Stone'
    floor 187,364,780: 500/1000 of the 374,729,560 voucher, read at launch

  Armor Account bind Seal Stone: 1 row(s) inside 1-27, 1 wanted; row 3 'Armor Account bind Seal Stone'
    floor 187,364,780: 500/1000 of the 374,729,560 voucher, read at launch

  Blessing Bead - Superior: 1 row(s) inside 1-27, 1 wanted; row 1 'Blessing Bead - Superior'
    floor 163,756,817: 437/1000 of the 374,729,560 voucher, read at launch
  tab 4 holds 12 bought Chaos Core waiting at list; no row is cancelled into that tab this pass, the next pass carries the job on first

  returning the game to its default state
restoring the default state:
  Escape: window closed
  Inventory already closed
  the gift box at [284, 994]
  Receive All at [1209, 786]
  Receive 1 of 4 at [1214, 327]
  Receive 2 of 4 at [1214, 425]
  Receive 3 of 4 at [1214, 523]
  Receive 4 of 4 at [1214, 621]
  the special giftbox's Receive at [1438, 492]
  Close at [1483, 846]
  took 4 gift(s)
  the Agent Shop is shut and the vendor is not open either; reopening it
  Inventory shut: slot grid 0.12, needs 0.33

  board after pass 21:
                                                   bought/u   listed/u  margin      row price
     1  Blessing Bead - Superior           x1    163,756,817 169,999,997   +3.7%    169,999,997
     2  Armor Account bind Unseal Stone    x1    187,364,780 187,364,780   +0.0%    187,364,780
     3  Armor Account bind Seal Stone      x2    187,364,780 187,364,780   +0.0%    187,364,780
     4  Force Core (Ultimate               x64            -    383,795       -        383,795
     5  Arionell                           x1    281,047,170 296,185,713   +5.1%    296,185,713
     6  Upgrade Core (Ultimate             x15            -    536,660       -        536,660
     7  Force Core (Ultimate               x190           -    383,794       -        383,794
     8  Force Core(Highest                 x166           -    195,487       -        195,487
     9  Chaos Core                         x1       741,896    740,583   -0.2%        740,583
    10  Upgrade Core (Ultimate             x20      469,773    536,658  +12.5%        536,658
    11  Force Core(Highest                 x250           -    195,487       -        195,487
    12  Force Core(Highest                 x136           -    195,487       -        195,487
    13  Palladium Headpiece(BL) (anal (ana x1             -  2,399,996       -      2,399,996
    14  Palladium Headgear(FB) Lalla       x1             -    988,999       -        988,999
    15  Palladium Headgear(FA) (anal (anal x1             -  9,850,000       -      9,850,000
    16  Palladium Boots(FA) Lalla          x2             -  1,299,997       -      1,299,997
    17  Palladium Shoes(W1) Lalla          x2             -    749,998       -        749,998
    18  Palladium Coat (FG) Lalla          x1             -    999,997       -        999,997
    19  Chaos Core Set X 291               x1             -    749,661       -    218,151,641
    20  Force Core (Ultimate               x56      374,843    383,793   +2.3%        383,793
    21  Chaos Core Set X 249               x1             -    749,659       -    186,665,339
    22  Chaos Core Set X 267               x1             -    749,649       -    200,156,549
    23  Upgrade Core (Ultimate             x54            -    536,654       -        536,654
    24  Chaos Core Set X 252               x1             -    749,639       -    188,909,279
    25  Force Core(High                    x72            -    182,994       -        182,994
    26  Force Core(High                    x86            -    182,993       -        182,993
    28  Archridium Suit (DM) Lalla         x1             -  1,685,749       -      1,685,749
    30  Palladium Suit (DM) + 1 Lalla      x1             - 33,000,000       -     33,000,000
    item                               rows   units          listed
    Archridium Suit (DM) Lalla            1       1       1,685,749
    Arionell                              1       1     296,185,713
    Armor Account bind Seal Stone         1       2     374,729,560
    Armor Account bind Unseal Stone       1       1     187,364,780
    Blessing Bead - Superior              1       1     169,999,997
    Chaos Core                            1       1         740,583
    Chaos Core Set                        4   1,059     793,882,808
    Force Core (Ultimate                  3     310     118,976,148
    Force Core(High                       2     158      28,912,966
    Force Core(Highest                    3     552     107,908,824
    Palladium Boots(FA) Lalla             1       2       2,599,994
    Palladium Coat (FG) Lalla             1       1         999,997
    Palladium Headgear(FA) (anal (anal    1       1       9,850,000
    Palladium Headgear(FB) Lalla          1       1         988,999
    Palladium Headpiece(BL) (anal (ana    1       1       2,399,996
    Palladium Shoes(W1) Lalla             1       2       1,499,996
    Palladium Suit (DM) + 1 Lalla         1       1      33,000,000
    Upgrade Core (Ultimate                3      89      47,762,376
    board                                28   2,184   2,179,488,486
    balance now 550,544,494
  pass 21: 0 relisted, 0 empty, 0 skipped; 9930.9 minute(s) left

-- pass 22 --

-- Chaos Core: carrying on at list where it stopped; 12 bought, 0 listed --
TASK {"kind": "resupply", "core": "Chaos Core", "set": "Chaos Core Set", "slot": 3, "tab": 4, "resumed": "list"}
  listing the Chaos Core Set compressed into (1, 1) from 12 Chaos Core(s)
  the board's cheapest is 749,619 a Set, and the panel scales that to whatever the bundle holds
  it cost 739,887 a Core, so no Set goes out under that
  inventory slot (1,1) at (1475, 236)
    read: current min unread, price field unread, net sales unread, week average unread, listed at unread
    only 0 of the three price places read; 3 must agree before anything is typed
    read: current min unread, price field unread, net sales unread, week average unread, listed at unread
    only 0 of the three price places read; 3 must agree before anything is typed
    the lowest listed price would not read
  ctrl-click 1/1 loaded nothing from (1,1)
  Chaos Core keeps its place at list; 12 bought are in the bag and the next pass carries on there
  resupply of 'Chaos Core' stopped: nothing loaded into the shop slot from (1,1) after 1 ctrl-click(s). Nothing has been listed. Tab 4 slot (1, 1) is left to the Chaos Core Set compressed there.

  resupply order: Chaos Core, Force Core(High), Force Core(Highest), Upgrade Core (Ultimate), Force Core (Ultimate), Armor Account bind Unseal Stone, Armor Account bind Seal Stone, Blessing Bead - Superior

-- Chaos Core Set under our listing: up to 3 row(s) --
  Chaos Core Set 748,631 - Chaos Core 737,213 = 11,418
  ours is listed at 749,639 a Set and a Chaos Core sells at 737,213; buying every Set under 732,213, 5,000 a Set below the lower of the two
  the cheapest Chaos Core Set is 748,631 a Set, not under 732,213; nothing to buy under ours

  counting only rows 1-27; rows outside it are not repriced and do not count; 1 row(s) free
  core                            rows     buy/u    sell/u    margin  wants   short?
  Force Core(Highest)                3         -         -         -      -   holds the most it can want, 3; not priced
  Chaos Core                         4   737,213   748,631    11,418      6   YES
  Force Core (Ultimate)              3         -         -         -      -   holds the most it can want, 3; not priced
  Force Core(High)                   2   184,183   182,991    -1,192      0   
  Upgrade Core (Ultimate)            3         -         -         -      -   holds the most it can want, 3; not priced

-- Chaos Core: carrying on at list where it stopped; 12 bought, 0 listed --
TASK {"kind": "resupply", "core": "Chaos Core", "set": "Chaos Core Set", "slot": 3, "tab": 4, "resumed": "list"}
  listing the Chaos Core Set compressed into (1, 1) from 12 Chaos Core(s)
  the board's cheapest is 749,619 a Set, and the panel scales that to whatever the bundle holds
  it cost 739,887 a Core, so no Set goes out under that
  inventory slot (1,1) at (1475, 236)
    read: current min unread, price field unread, net sales unread, week average unread, listed at unread
    only 0 of the three price places read; 3 must agree before anything is typed
    read: current min unread, price field unread, net sales unread, week average unread, listed at unread
    only 0 of the three price places read; 3 must agree before anything is typed
    the lowest listed price would not read
  ctrl-click 1/1 loaded nothing from (1,1)
  Chaos Core keeps its place at list; 12 bought are in the bag and the next pass carries on there
  resupply of 'Chaos Core' stopped: nothing loaded into the shop slot from (1,1) after 1 ctrl-click(s). Nothing has been listed. Tab 4 slot (1, 1) is left to the Chaos Core Set compressed there.

  Armor Account bind Unseal Stone: 1 row(s) inside 1-27, 1 wanted; row 2 'Armor Account bind Unseal Stone'
    floor 187,364,780: 500/1000 of the 374,729,560 voucher, read at launch

  Armor Account bind Seal Stone: 1 row(s) inside 1-27, 1 wanted; row 3 'Armor Account bind Seal Stone'
    floor 187,364,780: 500/1000 of the 374,729,560 voucher, read at launch

  Blessing Bead - Superior: 1 row(s) inside 1-27, 1 wanted; row 1 'Blessing Bead - Superior'
    floor 163,756,817: 437/1000 of the 374,729,560 voucher, read at launch
  tab 4 holds 12 bought Chaos Core waiting at list; no row is cancelled into that tab this pass, the next pass carries the job on first

  returning the game to its default state
restoring the default state:
  Escape: window closed
  Inventory already closed
  the gift box at [284, 994]
  Receive All at [1209, 786]
  Receive 1 of 4 at [1214, 327]
  Receive 2 of 4 at [1214, 425]
  Receive 3 of 4 at [1214, 523]
  Receive 4 of 4 at [1214, 621]
  the special giftbox's Receive at [1438, 492]
  Close at [1483, 846]
  took 4 gift(s)
  the Agent Shop is shut and the vendor is not open either; reopening it
  Inventory shut: slot grid 0.12, needs 0.33

  board after pass 22:
                                                   bought/u   listed/u  margin      row price
     1  Blessing Bead - Superior           x1    163,756,817 169,999,997   +3.7%    169,999,997
     2  Armor Account bind Unseal Stone    x1    187,364,780 187,364,780   +0.0%    187,364,780
     3  Armor Account bind Seal Stone      x2    187,364,780 187,364,780   +0.0%    187,364,780
     4  Force Core (Ultimate               x64            -    383,795       -        383,795
     5  Arionell                           x1    281,047,170 296,185,713   +5.1%    296,185,713
     6  Upgrade Core (Ultimate             x15            -    536,660       -        536,660
     7  Force Core (Ultimate               x190           -    383,794       -        383,794
     8  Force Core(Highest                 x166           -    195,487       -        195,487
     9  Chaos Core                         x1       741,896    740,583   -0.2%        740,583
    10  Upgrade Core (Ultimate             x20      469,773    536,658  +12.5%        536,658
    11  Force Core(Highest                 x250           -    195,487       -        195,487
    12  Force Core(Highest                 x136           -    195,487       -        195,487
    13  Palladium Headpiece(BL) (anal (ana x1             -  2,399,996       -      2,399,996
    14  Palladium Headgear(FB) Lalla       x1             -    988,999       -        988,999
    15  Palladium Headgear(FA) (anal (anal x1             -  9,850,000       -      9,850,000
    16  Palladium Boots(FA) Lalla          x2             -  1,299,997       -      1,299,997
    17  Palladium Shoes(W1) Lalla          x2             -    749,998       -        749,998
    18  Palladium Coat (FG) Lalla          x1             -    999,997       -        999,997
    19  Chaos Core Set X 291               x1             -    749,661       -    218,151,641
    20  Force Core (Ultimate               x56      374,843    383,793   +2.3%        383,793
    21  Chaos Core Set X 249               x1             -    749,659       -    186,665,339
    22  Chaos Core Set X 267               x1             -    749,649       -    200,156,549
    23  Upgrade Core (Ultimate             x54            -    536,654       -        536,654
    24  Chaos Core Set X 252               x1             -    749,639       -    188,909,279
    25  Force Core(High                    x72            -    182,994       -        182,994
    26  Force Core(High                    x86            -    182,993       -        182,993
    28  Archridium Suit (DM) Lalla         x1             -  1,685,749       -      1,685,749
    30  Palladium Suit (DM) + 1 Lalla      x1             - 33,000,000       -     33,000,000
    item                               rows   units          listed
    Archridium Suit (DM) Lalla            1       1       1,685,749
    Arionell                              1       1     296,185,713
    Armor Account bind Seal Stone         1       2     374,729,560
    Armor Account bind Unseal Stone       1       1     187,364,780
    Blessing Bead - Superior              1       1     169,999,997
    Chaos Core                            1       1         740,583
    Chaos Core Set                        4   1,059     793,882,808
    Force Core (Ultimate                  3     310     118,976,148
    Force Core(High                       2     158      28,912,966
    Force Core(Highest                    3     552     107,908,824
    Palladium Boots(FA) Lalla             1       2       2,599,994
    Palladium Coat (FG) Lalla             1       1         999,997
    Palladium Headgear(FA) (anal (anal    1       1       9,850,000
    Palladium Headgear(FB) Lalla          1       1         988,999
    Palladium Headpiece(BL) (anal (ana    1       1       2,399,996
    Palladium Shoes(W1) Lalla             1       2       1,499,996
    Palladium Suit (DM) + 1 Lalla         1       1      33,000,000
    Upgrade Core (Ultimate                3      89      47,762,376
    board                                28   2,184   2,179,488,486
    balance now 550,544,494
  pass 22: 0 relisted, 0 empty, 0 skipped; 9930.2 minute(s) left

-- pass 23 --

-- Chaos Core: carrying on at list where it stopped; 12 bought, 0 listed --
TASK {"kind": "resupply", "core": "Chaos Core", "set": "Chaos Core Set", "slot": 3, "tab": 4, "resumed": "list"}
  listing the Chaos Core Set compressed into (1, 1) from 12 Chaos Core(s)
  the board's cheapest is 749,619 a Set, and the panel scales that to whatever the bundle holds
  it cost 739,887 a Core, so no Set goes out under that
  inventory slot (1,1) at (1475, 236)
    read: current min unread, price field unread, net sales unread, week average unread, listed at unread
    only 0 of the three price places read; 3 must agree before anything is typed
    read: current min unread, price field unread, net sales unread, week average unread, listed at unread
    only 0 of the three price places read; 3 must agree before anything is typed
    the lowest listed price would not read
  ctrl-click 1/1 loaded nothing from (1,1)
  Chaos Core keeps its place at list; 12 bought are in the bag and the next pass carries on there
  resupply of 'Chaos Core' stopped: nothing loaded into the shop slot from (1,1) after 1 ctrl-click(s). Nothing has been listed. Tab 4 slot (1, 1) is left to the Chaos Core Set compressed there.

  resupply order: Chaos Core, Force Core(High), Force Core(Highest), Upgrade Core (Ultimate), Force Core (Ultimate), Armor Account bind Unseal Stone, Armor Account bind Seal Stone, Blessing Bead - Superior

-- Chaos Core Set under our listing: up to 3 row(s) --
  Chaos Core Set 748,630 - Chaos Core 736,554 = 12,076
  ours is listed at 749,639 a Set and a Chaos Core sells at 736,554; buying every Set under 731,554, 5,000 a Set below the lower of the two
  the cheapest Chaos Core Set is 748,630 a Set, not under 731,554; nothing to buy under ours

  counting only rows 1-27; rows outside it are not repriced and do not count; 1 row(s) free
  core                            rows     buy/u    sell/u    margin  wants   short?
  Force Core(Highest)                3         -         -         -      -   holds the most it can want, 3; not priced
  Chaos Core                         4   736,554   748,630    12,076      6   YES
  Force Core (Ultimate)              3         -         -         -      -   holds the most it can want, 3; not priced
  Force Core(High)                   2   184,183   182,991    -1,192      0   
  Upgrade Core (Ultimate)            3         -         -         -      -   holds the most it can want, 3; not priced

-- Chaos Core: carrying on at list where it stopped; 12 bought, 0 listed --
TASK {"kind": "resupply", "core": "Chaos Core", "set": "Chaos Core Set", "slot": 3, "tab": 4, "resumed": "list"}
  listing the Chaos Core Set compressed into (1, 1) from 12 Chaos Core(s)
  the board's cheapest is 749,619 a Set, and the panel scales that to whatever the bundle holds
  it cost 739,887 a Core, so no Set goes out under that
  inventory slot (1,1) at (1475, 236)
    read: current min unread, price field unread, net sales unread, week average unread, listed at unread
    only 0 of the three price places read; 3 must agree before anything is typed
    read: current min unread, price field unread, net sales unread, week average unread, listed at unread
    only 0 of the three price places read; 3 must agree before anything is typed
    the lowest listed price would not read
  ctrl-click 1/1 loaded nothing from (1,1)
  Chaos Core keeps its place at list; 12 bought are in the bag and the next pass carries on there
  resupply of 'Chaos Core' stopped: nothing loaded into the shop slot from (1,1) after 1 ctrl-click(s). Nothing has been listed. Tab 4 slot (1, 1) is left to the Chaos Core Set compressed there.

  Armor Account bind Unseal Stone: 1 row(s) inside 1-27, 1 wanted; row 2 'Armor Account bind Unseal Stone'
    floor 187,364,780: 500/1000 of the 374,729,560 voucher, read at launch

  Armor Account bind Seal Stone: 1 row(s) inside 1-27, 1 wanted; row 3 'Armor Account bind Seal Stone'
    floor 187,364,780: 500/1000 of the 374,729,560 voucher, read at launch

  Blessing Bead - Superior: 1 row(s) inside 1-27, 1 wanted; row 1 'Blessing Bead - Superior'
    floor 163,756,817: 437/1000 of the 374,729,560 voucher, read at launch
  tab 4 holds 12 bought Chaos Core waiting at list; no row is cancelled into that tab this pass, the next pass carries the job on first

  returning the game to its default state
restoring the default state:
  Escape: window closed
  Inventory already closed
  the gift box at [284, 994]
  Receive All at [1209, 786]
  Receive 1 of 4 at [1214, 327]
  Receive 2 of 4 at [1214, 425]
  Receive 3 of 4 at [1214, 523]
  Receive 4 of 4 at [1214, 621]
  the special giftbox's Receive at [1438, 492]
  Close at [1483, 846]
  took 4 gift(s)
  the Agent Shop is shut and the vendor is not open either; reopening it
  Inventory shut: slot grid 0.10, needs 0.33

  board after pass 23:
                                                   bought/u   listed/u  margin      row price
     1  Blessing Bead - Superior           x1    163,756,817 169,999,997   +3.7%    169,999,997
     2  Armor Account bind Unseal Stone    x1    187,364,780 187,364,780   +0.0%    187,364,780
     3  Armor Account bind Seal Stone      x2    187,364,780 187,364,780   +0.0%    187,364,780
     4  Force Core (Ultimate               x64            -    383,795       -        383,795
     5  Arionell                           x1    281,047,170 296,185,713   +5.1%    296,185,713
     6  Upgrade Core (Ultimate             x15            -    536,660       -        536,660
     7  Force Core (Ultimate               x190           -    383,794       -        383,794
     8  Force Core(Highest                 x166           -    195,487       -        195,487
     9  Chaos Core                         x1       741,896    740,583   -0.2%        740,583
    10  Upgrade Core (Ultimate             x20      469,773    536,658  +12.5%        536,658
    11  Force Core(Highest                 x250           -    195,487       -        195,487
    12  Force Core(Highest                 x136           -    195,487       -        195,487
    13  Palladium Headpiece(BL) (anal (ana x1             -  2,399,996       -      2,399,996
    14  Palladium Headgear(FB) Lalla       x1             -    988,999       -        988,999
    15  Palladium Headgear(FA) (anal (anal x1             -  9,850,000       -      9,850,000
    16  Palladium Boots(FA) Lalla          x2             -  1,299,997       -      1,299,997
    17  Palladium Shoes(W1) Lalla          x2             -    749,998       -        749,998
    18  Palladium Coat (FG) Lalla          x1             -    999,997       -        999,997
    19  Chaos Core Set X 291               x1             -    749,661       -    218,151,641
    20  Force Core (Ultimate               x56      374,843    383,793   +2.3%        383,793
    21  Chaos Core Set X 249               x1             -    749,659       -    186,665,339
    22  Chaos Core Set X 267               x1             -    749,649       -    200,156,549
    23  Upgrade Core (Ultimate             x54            -    536,654       -        536,654
    24  Chaos Core Set X 252               x1             -    749,639       -    188,909,279
    25  Force Core(High                    x72            -    182,994       -        182,994
    26  Force Core(High                    x86            -    182,993       -        182,993
    28  Archridium Suit (DM) Lalla         x1             -  1,685,749       -      1,685,749
    30  Palladium Suit (DM) + 1 Lalla      x1             - 33,000,000       -     33,000,000
    item                               rows   units          listed
    Archridium Suit (DM) Lalla            1       1       1,685,749
    Arionell                              1       1     296,185,713
    Armor Account bind Seal Stone         1       2     374,729,560
    Armor Account bind Unseal Stone       1       1     187,364,780
    Blessing Bead - Superior              1       1     169,999,997
    Chaos Core                            1       1         740,583
    Chaos Core Set                        4   1,059     793,882,808
    Force Core (Ultimate                  3     310     118,976,148
    Force Core(High                       2     158      28,912,966
    Force Core(Highest                    3     552     107,908,824
    Palladium Boots(FA) Lalla             1       2       2,599,994
    Palladium Coat (FG) Lalla             1       1         999,997
    Palladium Headgear(FA) (anal (anal    1       1       9,850,000
    Palladium Headgear(FB) Lalla          1       1         988,999
    Palladium Headpiece(BL) (anal (ana    1       1       2,399,996
    Palladium Shoes(W1) Lalla             1       2       1,499,996
    Palladium Suit (DM) + 1 Lalla         1       1      33,000,000
    Upgrade Core (Ultimate                3      89      47,762,376
    board                                28   2,184   2,179,488,486
    balance now 550,544,494
  pass 23: 0 relisted, 0 empty, 0 skipped; 9929.5 minute(s) left

-- pass 24 --

-- Chaos Core: carrying on at list where it stopped; 12 bought, 0 listed --
TASK {"kind": "resupply", "core": "Chaos Core", "set": "Chaos Core Set", "slot": 3, "tab": 4, "resumed": "list"}
  listing the Chaos Core Set compressed into (1, 1) from 12 Chaos Core(s)
  the board's cheapest is 749,619 a Set, and the panel scales that to whatever the bundle holds
  it cost 739,887 a Core, so no Set goes out under that
  inventory slot (1,1) at (1475, 236)
    read: current min unread, price field unread, net sales unread, week average unread, listed at unread
    only 0 of the three price places read; 3 must agree before anything is typed
    read: current min unread, price field unread, net sales unread, week average unread, listed at unread
    only 0 of the three price places read; 3 must agree before anything is typed
    the lowest listed price would not read
  ctrl-click 1/1 loaded nothing from (1,1)
  Chaos Core keeps its place at list; 12 bought are in the bag and the next pass carries on there
  resupply of 'Chaos Core' stopped: nothing loaded into the shop slot from (1,1) after 1 ctrl-click(s). Nothing has been listed. Tab 4 slot (1, 1) is left to the Chaos Core Set compressed there.

  resupply order: Chaos Core, Force Core(High), Force Core(Highest), Upgrade Core (Ultimate), Force Core (Ultimate), Armor Account bind Unseal Stone, Armor Account bind Seal Stone, Blessing Bead - Superior

-- Chaos Core Set under our listing: up to 3 row(s) --
  Chaos Core Set 748,630 - Chaos Core 736,554 = 12,076
  ours is listed at 749,639 a Set and a Chaos Core sells at 736,554; buying every Set under 731,554, 5,000 a Set below the lower of the two
  the cheapest Chaos Core Set is 748,630 a Set, not under 731,554; nothing to buy under ours

  counting only rows 1-27; rows outside it are not repriced and do not count; 1 row(s) free
  core                            rows     buy/u    sell/u    margin  wants   short?
  Force Core(Highest)                3         -         -         -      -   holds the most it can want, 3; not priced
  Chaos Core                         4   736,554   748,630    12,076      6   YES
  Force Core (Ultimate)              3         -         -         -      -   holds the most it can want, 3; not priced
  Force Core(High)                   2   184,183   182,991    -1,192      0   
  Upgrade Core (Ultimate)            3         -         -         -      -   holds the most it can want, 3; not priced

-- Chaos Core: carrying on at list where it stopped; 12 bought, 0 listed --
TASK {"kind": "resupply", "core": "Chaos Core", "set": "Chaos Core Set", "slot": 3, "tab": 4, "resumed": "list"}
  listing the Chaos Core Set compressed into (1, 1) from 12 Chaos Core(s)
  the board's cheapest is 749,619 a Set, and the panel scales that to whatever the bundle holds
  it cost 739,887 a Core, so no Set goes out under that
  inventory slot (1,1) at (1475, 236)
    read: current min unread, price field unread, net sales unread, week average unread, listed at unread
    only 0 of the three price places read; 3 must agree before anything is typed
    read: current min unread, price field unread, net sales unread, week average unread, listed at unread
    only 0 of the three price places read; 3 must agree before anything is typed
    the lowest listed price would not read
  ctrl-click 1/1 loaded nothing from (1,1)
  Chaos Core keeps its place at list; 12 bought are in the bag and the next pass carries on there
  resupply of 'Chaos Core' stopped: nothing loaded into the shop slot from (1,1) after 1 ctrl-click(s). Nothing has been listed. Tab 4 slot (1, 1) is left to the Chaos Core Set compressed there.

  Armor Account bind Unseal Stone: 1 row(s) inside 1-27, 1 wanted; row 2 'Armor Account bind Unseal Stone'
    floor 187,364,780: 500/1000 of the 374,729,560 voucher, read at launch

  Armor Account bind Seal Stone: 1 row(s) inside 1-27, 1 wanted; row 3 'Armor Account bind Seal Stone'
    floor 187,364,780: 500/1000 of the 374,729,560 voucher, read at launch

  Blessing Bead - Superior: 1 row(s) inside 1-27, 1 wanted; row 1 'Blessing Bead - Superior'
    floor 163,756,817: 437/1000 of the 374,729,560 voucher, read at launch
  tab 4 holds 12 bought Chaos Core waiting at list; no row is cancelled into that tab this pass, the next pass carries the job on first

  returning the game to its default state
restoring the default state:
  Escape: window closed
  Inventory already closed
  the gift box at [284, 994]
  Receive All at [1209, 786]
  Receive 1 of 4 at [1214, 327]
  Receive 2 of 4 at [1214, 425]
  Receive 3 of 4 at [1214, 523]
  Receive 4 of 4 at [1214, 621]
  the special giftbox's Receive at [1438, 492]
  Close at [1483, 846]
  took 4 gift(s)
  the Agent Shop is shut and the vendor is not open either; reopening it
  Inventory shut: slot grid 0.10, needs 0.33

  board after pass 24:
                                                   bought/u   listed/u  margin      row price
     1  Blessing Bead - Superior           x1    163,756,817 169,999,997   +3.7%    169,999,997
     2  Armor Account bind Unseal Stone    x1    187,364,780 187,364,780   +0.0%    187,364,780
     3  Armor Account bind Seal Stone      x2    187,364,780 187,364,780   +0.0%    187,364,780
     4  Force Core (Ultimate               x64            -    383,795       -        383,795
     5  Arionell                           x1    281,047,170 296,185,713   +5.1%    296,185,713
     6  Upgrade Core (Ultimate             x15            -    536,660       -        536,660
     7  Force Core (Ultimate               x190           -    383,794       -        383,794
     8  Force Core(Highest                 x166           -    195,487       -        195,487
     9  Chaos Core                         x1       741,896    740,583   -0.2%        740,583
    10  Upgrade Core (Ultimate             x20      469,773    536,658  +12.5%        536,658
    11  Force Core(Highest                 x250           -    195,487       -        195,487
    12  Force Core(Highest                 x136           -    195,487       -        195,487
    13  Palladium Headpiece(BL) (anal (ana x1             -  2,399,996       -      2,399,996
    14  Palladium Headgear(FB) Lalla       x1             -    988,999       -        988,999
    15  Palladium Headgear(FA) (anal (anal x1             -  9,850,000       -      9,850,000
    16  Palladium Boots(FA) Lalla          x2             -  1,299,997       -      1,299,997
    17  Palladium Shoes(W1) Lalla          x2             -    749,998       -        749,998
    18  Palladium Coat (FG) Lalla          x1             -    999,997       -        999,997
    19  Chaos Core Set X 291               x1             -    749,661       -    218,151,641
    20  Force Core (Ultimate               x56      374,843    383,793   +2.3%        383,793
    21  Chaos Core Set X 249               x1             -    749,659       -    186,665,339
    22  Chaos Core Set X 267               x1             -    749,649       -    200,156,549
    23  Upgrade Core (Ultimate             x54            -    536,654       -        536,654
    24  Chaos Core Set X 252               x1             -    749,639       -    188,909,279
    25  Force Core(High                    x72            -    182,994       -        182,994
    26  Force Core(High                    x86            -    182,993       -        182,993
    28  Archridium Suit (DM) Lalla         x1             -  1,685,749       -      1,685,749
    30  Palladium Suit (DM) + 1 Lalla      x1             - 33,000,000       -     33,000,000
    item                               rows   units          listed
    Archridium Suit (DM) Lalla            1       1       1,685,749
    Arionell                              1       1     296,185,713
    Armor Account bind Seal Stone         1       2     374,729,560
    Armor Account bind Unseal Stone       1       1     187,364,780
    Blessing Bead - Superior              1       1     169,999,997
    Chaos Core                            1       1         740,583
    Chaos Core Set                        4   1,059     793,882,808
    Force Core (Ultimate                  3     310     118,976,148
    Force Core(High                       2     158      28,912,966
    Force Core(Highest                    3     552     107,908,824
    Palladium Boots(FA) Lalla             1       2       2,599,994
    Palladium Coat (FG) Lalla             1       1         999,997
    Palladium Headgear(FA) (anal (anal    1       1       9,850,000
    Palladium Headgear(FB) Lalla          1       1         988,999
    Palladium Headpiece(BL) (anal (ana    1       1       2,399,996
    Palladium Shoes(W1) Lalla             1       2       1,499,996
    Palladium Suit (DM) + 1 Lalla         1       1      33,000,000
    Upgrade Core (Ultimate                3      89      47,762,376
    board                                28   2,184   2,179,488,486
    balance now 550,544,494
  pass 24: 0 relisted, 0 empty, 0 skipped; 9928.8 minute(s) left

-- pass 25 --

-- Chaos Core: carrying on at list where it stopped; 12 bought, 0 listed --
TASK {"kind": "resupply", "core": "Chaos Core", "set": "Chaos Core Set", "slot": 3, "tab": 4, "resumed": "list"}
  listing the Chaos Core Set compressed into (1, 1) from 12 Chaos Core(s)
  the board's cheapest is 749,619 a Set, and the panel scales that to whatever the bundle holds
  it cost 739,887 a Core, so no Set goes out under that
  inventory slot (1,1) at (1475, 236)
    read: current min unread, price field unread, net sales unread, week average unread, listed at unread
    only 0 of the three price places read; 3 must agree before anything is typed
    read: current min unread, price field unread, net sales unread, week average unread, listed at unread
    only 0 of the three price places read; 3 must agree before anything is typed
    the lowest listed price would not read
  ctrl-click 1/1 loaded nothing from (1,1)
  Chaos Core keeps its place at list; 12 bought are in the bag and the next pass carries on there
  resupply of 'Chaos Core' stopped: nothing loaded into the shop slot from (1,1) after 1 ctrl-click(s). Nothing has been listed. Tab 4 slot (1, 1) is left to the Chaos Core Set compressed there.

  resupply order: Chaos Core, Force Core(High), Force Core(Highest), Upgrade Core (Ultimate), Force Core (Ultimate), Armor Account bind Unseal Stone, Armor Account bind Seal Stone, Blessing Bead - Superior

-- Chaos Core Set under our listing: up to 3 row(s) --
  Chaos Core Set 748,629 - Chaos Core 736,554 = 12,075
  ours is listed at 749,639 a Set and a Chaos Core sells at 736,554; buying every Set under 731,554, 5,000 a Set below the lower of the two
  the cheapest Chaos Core Set is 748,629 a Set, not under 731,554; nothing to buy under ours

  counting only rows 1-27; rows outside it are not repriced and do not count; 1 row(s) free
  core                            rows     buy/u    sell/u    margin  wants   short?
  Force Core(Highest)                3         -         -         -      -   holds the most it can want, 3; not priced
  Chaos Core                         4   736,554   748,629    12,075      6   YES
  Force Core (Ultimate)              3         -         -         -      -   holds the most it can want, 3; not priced
  Force Core(High)                   2   184,183   182,991    -1,192      0   
  Upgrade Core (Ultimate)            3         -         -         -      -   holds the most it can want, 3; not priced

-- Chaos Core: carrying on at list where it stopped; 12 bought, 0 listed --
TASK {"kind": "resupply", "core": "Chaos Core", "set": "Chaos Core Set", "slot": 3, "tab": 4, "resumed": "list"}
  listing the Chaos Core Set compressed into (1, 1) from 12 Chaos Core(s)
  the board's cheapest is 749,619 a Set, and the panel scales that to whatever the bundle holds
  it cost 739,887 a Core, so no Set goes out under that
  inventory slot (1,1) at (1475, 236)
    read: current min unread, price field unread, net sales unread, week average unread, listed at unread
    only 0 of the three price places read; 3 must agree before anything is typed
    read: current min unread, price field unread, net sales unread, week average unread, listed at unread
    only 0 of the three price places read; 3 must agree before anything is typed
    the lowest listed price would not read
  ctrl-click 1/1 loaded nothing from (1,1)
  Chaos Core keeps its place at list; 12 bought are in the bag and the next pass carries on there
  resupply of 'Chaos Core' stopped: nothing loaded into the shop slot from (1,1) after 1 ctrl-click(s). Nothing has been listed. Tab 4 slot (1, 1) is left to the Chaos Core Set compressed there.

  Armor Account bind Unseal Stone: 1 row(s) inside 1-27, 1 wanted; row 2 'Armor Account bind Unseal Stone'
    floor 187,364,780: 500/1000 of the 374,729,560 voucher, read at launch

  Armor Account bind Seal Stone: 1 row(s) inside 1-27, 1 wanted; row 3 'Armor Account bind Seal Stone'
    floor 187,364,780: 500/1000 of the 374,729,560 voucher, read at launch

  Blessing Bead - Superior: 1 row(s) inside 1-27, 1 wanted; row 1 'Blessing Bead - Superior'
    floor 163,756,817: 437/1000 of the 374,729,560 voucher, read at launch
  tab 4 holds 12 bought Chaos Core waiting at list; no row is cancelled into that tab this pass, the next pass carries the job on first

  returning the game to its default state
restoring the default state:
  Escape: window closed
  Inventory already closed
  the gift box at [284, 994]
  Receive All at [1209, 786]
  Receive 1 of 4 at [1214, 327]
  Receive 2 of 4 at [1214, 425]
  Receive 3 of 4 at [1214, 523]
  Receive 4 of 4 at [1214, 621]
  the special giftbox's Receive at [1438, 492]
  Close at [1483, 846]
  took 4 gift(s)
  the Agent Shop is shut and the vendor is not open either; reopening it
  Inventory shut: slot grid 0.11, needs 0.33

  board after pass 25:
                                                   bought/u   listed/u  margin      row price
     1  Blessing Bead - Superior           x1    163,756,817 169,999,997   +3.7%    169,999,997
     2  Armor Account bind Unseal Stone    x1    187,364,780 187,364,780   +0.0%    187,364,780
     3  Armor Account bind Seal Stone      x2    187,364,780 187,364,780   +0.0%    187,364,780
     4  Force Core (Ultimate               x64            -    383,795       -        383,795
     5  Arionell                           x1    281,047,170 296,185,713   +5.1%    296,185,713
     6  Upgrade Core (Ultimate             x15            -    536,660       -        536,660
     7  Force Core (Ultimate               x190           -    383,794       -        383,794
     8  Force Core(Highest                 x166           -    195,487       -        195,487
     9  Chaos Core                         x1       741,896    740,583   -0.2%        740,583
    10  Upgrade Core (Ultimate             x20      469,773    536,658  +12.5%        536,658
    11  Force Core(Highest                 x250           -    195,487       -        195,487
    12  Force Core(Highest                 x136           -    195,487       -        195,487
    13  Palladium Headpiece(BL) (anal (ana x1             -  2,399,996       -      2,399,996
    14  Palladium Headgear(FB) Lalla       x1             -    988,999       -        988,999
    15  Palladium Headgear(FA) (anal (anal x1             -  9,850,000       -      9,850,000
    16  Palladium Boots(FA) Lalla          x2             -  1,299,997       -      1,299,997
    17  Palladium Shoes(W1) Lalla          x2             -    749,998       -        749,998
    18  Palladium Coat (FG) Lalla          x1             -    999,997       -        999,997
    19  Chaos Core Set X 291               x1             -    749,661       -    218,151,641
    20  Force Core (Ultimate               x56      374,843    383,793   +2.3%        383,793
    21  Chaos Core Set X 249               x1             -    749,659       -    186,665,339
    22  Chaos Core Set X 267               x1             -    749,649       -    200,156,549
    23  Upgrade Core (Ultimate             x54            -    536,654       -        536,654
    24  Chaos Core Set X 252               x1             -    749,639       -    188,909,279
    25  Force Core(High                    x72            -    182,994       -        182,994
    26  Force Core(High                    x86            -    182,993       -        182,993
    28  Archridium Suit (DM) Lalla         x1             -  1,685,749       -      1,685,749
    30  Palladium Suit (DM) + 1 Lalla      x1             - 33,000,000       -     33,000,000
    item                               rows   units          listed
    Archridium Suit (DM) Lalla            1       1       1,685,749
    Arionell                              1       1     296,185,713
    Armor Account bind Seal Stone         1       2     374,729,560
    Armor Account bind Unseal Stone       1       1     187,364,780
    Blessing Bead - Superior              1       1     169,999,997
    Chaos Core                            1       1         740,583
    Chaos Core Set                        4   1,059     793,882,808
    Force Core (Ultimate                  3     310     118,976,148
    Force Core(High                       2     158      28,912,966
    Force Core(Highest                    3     552     107,908,824
    Palladium Boots(FA) Lalla             1       2       2,599,994
    Palladium Coat (FG) Lalla             1       1         999,997
    Palladium Headgear(FA) (anal (anal    1       1       9,850,000
    Palladium Headgear(FB) Lalla          1       1         988,999
    Palladium Headpiece(BL) (anal (ana    1       1       2,399,996
    Palladium Shoes(W1) Lalla             1       2       1,499,996
    Palladium Suit (DM) + 1 Lalla         1       1      33,000,000
    Upgrade Core (Ultimate                3      89      47,762,376
    board                                28   2,184   2,179,488,486
    balance now 550,544,494
  pass 25: 0 relisted, 0 empty, 0 skipped; 9928.1 minute(s) left

-- pass 26 --

-- Chaos Core: carrying on at list where it stopped; 12 bought, 0 listed --
TASK {"kind": "resupply", "core": "Chaos Core", "set": "Chaos Core Set", "slot": 3, "tab": 4, "resumed": "list"}
  listing the Chaos Core Set compressed into (1, 1) from 12 Chaos Core(s)
  the board's cheapest is 749,619 a Set, and the panel scales that to whatever the bundle holds
  it cost 739,887 a Core, so no Set goes out under that
  inventory slot (1,1) at (1475, 236)
    read: current min unread, price field unread, net sales unread, week average unread, listed at unread
    only 0 of the three price places read; 3 must agree before anything is typed
    read: current min unread, price field unread, net sales unread, week average unread, listed at unread
    only 0 of the three price places read; 3 must agree before anything is typed
    the lowest listed price would not read
  ctrl-click 1/1 loaded nothing from (1,1)
  Chaos Core keeps its place at list; 12 bought are in the bag and the next pass carries on there
  resupply of 'Chaos Core' stopped: nothing loaded into the shop slot from (1,1) after 1 ctrl-click(s). Nothing has been listed. Tab 4 slot (1, 1) is left to the Chaos Core Set compressed there.

  resupply order: Chaos Core, Force Core(High), Force Core(Highest), Upgrade Core (Ultimate), Force Core (Ultimate), Armor Account bind Unseal Stone, Armor Account bind Seal Stone, Blessing Bead - Superior

-- Chaos Core Set under our listing: up to 3 row(s) --
  Chaos Core Set 740,311 - Chaos Core 736,554 = 3,757
  ours is listed at 749,639 a Set and a Chaos Core sells at 736,554; buying every Set under 731,554, 5,000 a Set below the lower of the two
  the cheapest Chaos Core Set is 740,311 a Set, not under 731,554; nothing to buy under ours

  counting only rows 1-27; rows outside it are not repriced and do not count; 1 row(s) free
  core                            rows     buy/u    sell/u    margin  wants   short?
  Force Core(Highest)                3         -         -         -      -   holds the most it can want, 3; not priced
  Chaos Core                         4   736,554   740,311     3,757      0   
  Force Core (Ultimate)              3         -         -         -      -   holds the most it can want, 3; not priced
  Force Core(High)                   2   184,183   182,991    -1,192      0   
  Upgrade Core (Ultimate)            3         -         -         -      -   holds the most it can want, 3; not priced

  nothing inside rows 1-27 holds fewer rows than its margin is worth.

  Armor Account bind Unseal Stone: 1 row(s) inside 1-27, 1 wanted; row 2 'Armor Account bind Unseal Stone'
    floor 187,364,780: 500/1000 of the 374,729,560 voucher, read at launch

  Armor Account bind Seal Stone: 1 row(s) inside 1-27, 1 wanted; row 3 'Armor Account bind Seal Stone'
    floor 187,364,780: 500/1000 of the 374,729,560 voucher, read at launch

  Blessing Bead - Superior: 1 row(s) inside 1-27, 1 wanted; row 1 'Blessing Bead - Superior'
    floor 163,756,817: 437/1000 of the 374,729,560 voucher, read at launch
  tab 4 holds 12 bought Chaos Core waiting at list; no row is cancelled into that tab this pass, the next pass carries the job on first

  returning the game to its default state
restoring the default state:
  Escape: window closed
  Inventory already closed
  the gift box at [284, 994]
  Receive All at [1209, 786]
  Receive 1 of 4 at [1214, 327]
  Receive 2 of 4 at [1214, 425]
  Receive 3 of 4 at [1214, 523]
  Receive 4 of 4 at [1214, 621]
  the special giftbox's Receive at [1438, 492]
  Close at [1483, 846]
  took 4 gift(s)
  the Agent Shop is shut and the vendor is not open either; reopening it
  Inventory shut: slot grid 0.10, needs 0.33

  board after pass 26:
                                                   bought/u   listed/u  margin      row price
     1  Blessing Bead - Superior           x1    163,756,817 169,999,997   +3.7%    169,999,997
     2  Armor Account bind Unseal Stone    x1    187,364,780 187,364,780   +0.0%    187,364,780
     3  Armor Account bind Seal Stone      x2    187,364,780 187,364,780   +0.0%    187,364,780
     4  Force Core (Ultimate               x64            -    383,795       -        383,795
     5  Arionell                           x1    281,047,170 296,185,713   +5.1%    296,185,713
     6  Upgrade Core (Ultimate             x15            -    536,660       -        536,660
     7  Force Core (Ultimate               x190           -    383,794       -        383,794
     8  Force Core(Highest                 x166           -    195,487       -        195,487
     9  Chaos Core                         x1       741,896    740,583   -0.2%        740,583
    10  Upgrade Core (Ultimate             x20      469,773    536,658  +12.5%        536,658
    11  Force Core(Highest                 x250           -    195,487       -        195,487
    12  Force Core(Highest                 x136           -    195,487       -        195,487
    13  Palladium Headpiece(BL) (anal (ana x1             -  2,399,996       -      2,399,996
    14  Palladium Headgear(FB) Lalla       x1             -    988,999       -        988,999
    15  Palladium Headgear(FA) (anal (anal x1             -  9,850,000       -      9,850,000
    16  Palladium Boots(FA) Lalla          x2             -  1,299,997       -      1,299,997
    17  Palladium Shoes(W1) Lalla          x2             -    749,998       -        749,998
    18  Palladium Coat (FG) Lalla          x1             -    999,997       -        999,997
    19  Chaos Core Set X 291               x1             -    749,661       -    218,151,641
    20  Force Core (Ultimate               x56      374,843    383,793   +2.3%        383,793
    21  Chaos Core Set X 249               x1             -    749,659       -    186,665,339
    22  Chaos Core Set X 267               x1             -    749,649       -    200,156,549
    23  Upgrade Core (Ultimate             x54            -    536,654       -        536,654
    24  Chaos Core Set X 252               x1             -    749,639       -    188,909,279
    25  Force Core(High                    x72            -    182,994       -        182,994
    26  Force Core(High                    x86            -    182,993       -        182,993
    28  Archridium Suit (DM) Lalla         x1             -  1,685,749       -      1,685,749
    30  Palladium Suit (DM) + 1 Lalla      x1             - 33,000,000       -     33,000,000
    item                               rows   units          listed
    Archridium Suit (DM) Lalla            1       1       1,685,749
    Arionell                              1       1     296,185,713
    Armor Account bind Seal Stone         1       2     374,729,560
    Armor Account bind Unseal Stone       1       1     187,364,780
    Blessing Bead - Superior              1       1     169,999,997
    Chaos Core                            1       1         740,583
    Chaos Core Set                        4   1,059     793,882,808
    Force Core (Ultimate                  3     310     118,976,148
    Force Core(High                       2     158      28,912,966
    Force Core(Highest                    3     552     107,908,824
    Palladium Boots(FA) Lalla             1       2       2,599,994
    Palladium Coat (FG) Lalla             1       1         999,997
    Palladium Headgear(FA) (anal (anal    1       1       9,850,000
    Palladium Headgear(FB) Lalla          1       1         988,999
    Palladium Headpiece(BL) (anal (ana    1       1       2,399,996
    Palladium Shoes(W1) Lalla             1       2       1,499,996
    Palladium Suit (DM) + 1 Lalla         1       1      33,000,000
    Upgrade Core (Ultimate                3      89      47,762,376
    board                                28   2,184   2,179,488,486
    balance now 550,544,494
  pass 26: 0 relisted, 0 empty, 0 skipped; 9927.5 minute(s) left

-- pass 27 --

-- Chaos Core: carrying on at list where it stopped; 12 bought, 0 listed --
TASK {"kind": "resupply", "core": "Chaos Core", "set": "Chaos Core Set", "slot": 3, "tab": 4, "resumed": "list"}
  listing the Chaos Core Set compressed into (1, 1) from 12 Chaos Core(s)
  the board's cheapest is 749,619 a Set, and the panel scales that to whatever the bundle holds
  it cost 739,887 a Core, so no Set goes out under that
  inventory slot (1,1) at (1475, 236)
    read: current min unread, price field unread, net sales unread, week average unread, listed at unread
    only 0 of the three price places read; 3 must agree before anything is typed
    read: current min unread, price field unread, net sales unread, week average unread, listed at unread
    only 0 of the three price places read; 3 must agree before anything is typed
    the lowest listed price would not read
  ctrl-click 1/1 loaded nothing from (1,1)
  Chaos Core keeps its place at list; 12 bought are in the bag and the next pass carries on there
  resupply of 'Chaos Core' stopped: nothing loaded into the shop slot from (1,1) after 1 ctrl-click(s). Nothing has been listed. Tab 4 slot (1, 1) is left to the Chaos Core Set compressed there.

  resupply order: Chaos Core, Force Core(High), Force Core(Highest), Upgrade Core (Ultimate), Force Core (Ultimate), Armor Account bind Unseal Stone, Armor Account bind Seal Stone, Blessing Bead - Superior

-- Chaos Core Set under our listing: up to 3 row(s) --
  Chaos Core Set 740,310 - Chaos Core 736,554 = 3,756
  ours is listed at 749,639 a Set and a Chaos Core sells at 736,554; buying every Set under 731,554, 5,000 a Set below the lower of the two
  the cheapest Chaos Core Set is 740,310 a Set, not under 731,554; nothing to buy under ours

  counting only rows 1-27; rows outside it are not repriced and do not count; 1 row(s) free
  core                            rows     buy/u    sell/u    margin  wants   short?
  Force Core(Highest)                3         -         -         -      -   holds the most it can want, 3; not priced
  Chaos Core                         4   736,554   740,310     3,756      0   
  Force Core (Ultimate)              3         -         -         -      -   holds the most it can want, 3; not priced
  Force Core(High)                   2   184,183   182,991    -1,192      0   
  Upgrade Core (Ultimate)            3         -         -         -      -   holds the most it can want, 3; not priced

  nothing inside rows 1-27 holds fewer rows than its margin is worth.

  Armor Account bind Unseal Stone: 1 row(s) inside 1-27, 1 wanted; row 2 'Armor Account bind Unseal Stone'
    floor 187,364,780: 500/1000 of the 374,729,560 voucher, read at launch

  Armor Account bind Seal Stone: 1 row(s) inside 1-27, 1 wanted; row 3 'Armor Account bind Seal Stone'
    floor 187,364,780: 500/1000 of the 374,729,560 voucher, read at launch

  Blessing Bead - Superior: 1 row(s) inside 1-27, 1 wanted; row 1 'Blessing Bead - Superior'
    floor 163,756,817: 437/1000 of the 374,729,560 voucher, read at launch
  tab 4 holds 12 bought Chaos Core waiting at list; no row is cancelled into that tab this pass, the next pass carries the job on first

  returning the game to its default state
restoring the default state:
  Escape: window closed
  Inventory already closed
  the gift box at [284, 994]
  Receive All at [1209, 786]
  Receive 1 of 4 at [1214, 327]
  Receive 2 of 4 at [1214, 425]
  Receive 3 of 4 at [1214, 523]
  Receive 4 of 4 at [1214, 621]
  the special giftbox's Receive at [1438, 492]
  Close at [1483, 846]
  took 4 gift(s)
  the Agent Shop is shut and the vendor is not open either; reopening it
  Inventory shut: slot grid 0.10, needs 0.33

  board after pass 27:
                                                   bought/u   listed/u  margin      row price
     1  Blessing Bead - Superior           x1    163,756,817 169,999,997   +3.7%    169,999,997
     2  Armor Account bind Unseal Stone    x1    187,364,780 187,364,780   +0.0%    187,364,780
     3  Armor Account bind Seal Stone      x2    187,364,780 187,364,780   +0.0%    187,364,780
     4  Force Core (Ultimate               x64            -    383,795       -        383,795
     5  Arionell                           x1    281,047,170 296,185,713   +5.1%    296,185,713
     6  Upgrade Core (Ultimate             x15            -    536,660       -        536,660
     7  Force Core (Ultimate               x190           -    383,794       -        383,794
     8  Force Core(Highest                 x166           -    195,487       -        195,487
     9  Chaos Core                         x1       741,896    740,583   -0.2%        740,583
    10  Upgrade Core (Ultimate             x20      469,773    536,658  +12.5%        536,658
    11  Force Core(Highest                 x250           -    195,487       -        195,487
    12  Force Core(Highest                 x136           -    195,487       -        195,487
    13  Palladium Headpiece(BL) (anal (ana x1             -  2,399,996       -      2,399,996
    14  Palladium Headgear(FB) Lalla       x1             -    988,999       -        988,999
    15  Palladium Headgear(FA) (anal (anal x1             -  9,850,000       -      9,850,000
    16  Palladium Boots(FA) Lalla          x2             -  1,299,997       -      1,299,997
    17  Palladium Shoes(W1) Lalla          x2             -    749,998       -        749,998
    18  Palladium Coat (FG) Lalla          x1             -    999,997       -        999,997
    19  Chaos Core Set X 291               x1             -    749,661       -    218,151,641
    20  Force Core (Ultimate               x56      374,843    383,793   +2.3%        383,793
    21  Chaos Core Set X 249               x1             -    749,659       -    186,665,339
    22  Chaos Core Set X 267               x1             -    749,649       -    200,156,549
    23  Upgrade Core (Ultimate             x54            -    536,654       -        536,654
    24  Chaos Core Set X 252               x1             -    749,639       -    188,909,279
    25  Force Core(High                    x72            -    182,994       -        182,994
    26  Force Core(High                    x86            -    182,993       -        182,993
    28  Archridium Suit (DM) Lalla         x1             -  1,685,749       -      1,685,749
    30  Palladium Suit (DM) + 1 Lalla      x1             - 33,000,000       -     33,000,000
    item                               rows   units          listed
    Archridium Suit (DM) Lalla            1       1       1,685,749
    Arionell                              1       1     296,185,713
    Armor Account bind Seal Stone         1       2     374,729,560
    Armor Account bind Unseal Stone       1       1     187,364,780
    Blessing Bead - Superior              1       1     169,999,997
    Chaos Core                            1       1         740,583
    Chaos Core Set                        4   1,059     793,882,808
    Force Core (Ultimate                  3     310     118,976,148
    Force Core(High                       2     158      28,912,966
    Force Core(Highest                    3     552     107,908,824
    Palladium Boots(FA) Lalla             1       2       2,599,994
    Palladium Coat (FG) Lalla             1       1         999,997
    Palladium Headgear(FA) (anal (anal    1       1       9,850,000
    Palladium Headgear(FB) Lalla          1       1         988,999
    Palladium Headpiece(BL) (anal (ana    1       1       2,399,996
    Palladium Shoes(W1) Lalla             1       2       1,499,996
    Palladium Suit (DM) + 1 Lalla         1       1      33,000,000
    Upgrade Core (Ultimate                3      89      47,762,376
    board                                28   2,184   2,179,488,486
    balance now 550,544,494
  pass 27: 0 relisted, 0 empty, 0 skipped; 9926.9 minute(s) left

-- pass 28 --

-- Chaos Core: carrying on at list where it stopped; 12 bought, 0 listed --
TASK {"kind": "resupply", "core": "Chaos Core", "set": "Chaos Core Set", "slot": 3, "tab": 4, "resumed": "list"}
  listing the Chaos Core Set compressed into (1, 1) from 12 Chaos Core(s)
  the board's cheapest is 749,619 a Set, and the panel scales that to whatever the bundle holds
  it cost 739,887 a Core, so no Set goes out under that
  inventory slot (1,1) at (1475, 236)
    read: current min unread, price field unread, net sales unread, week average unread, listed at unread
    only 0 of the three price places read; 3 must agree before anything is typed
    read: current min unread, price field unread, net sales unread, week average unread, listed at unread
    only 0 of the three price places read; 3 must agree before anything is typed
    the lowest listed price would not read
  ctrl-click 1/1 loaded nothing from (1,1)
  Chaos Core keeps its place at list; 12 bought are in the bag and the next pass carries on there
  resupply of 'Chaos Core' stopped: nothing loaded into the shop slot from (1,1) after 1 ctrl-click(s). Nothing has been listed. Tab 4 slot (1, 1) is left to the Chaos Core Set compressed there.

  resupply order: Chaos Core, Force Core(High), Force Core(Highest), Upgrade Core (Ultimate), Force Core (Ultimate), Armor Account bind Unseal Stone, Armor Account bind Seal Stone, Blessing Bead - Superior

-- Chaos Core Set under our listing: up to 3 row(s) --

  Ctrl 4 times: stopping the run the way Ctrl+C would.

PROFIT THIS RUN -- what this run bought: sold lots at what they made, unsold lots at the price they were bought against
  item                              profit   units  margin        revenue           cost
  Force Core (Ultimate             314,685      35    2.3%     13,434,190     13,119,505
  Chaos Core                       -10,659       6   -0.2%      4,464,102      4,474,761
  ------------------------------------------------------------------------------------
  SOLD                             304,026      41    1.7%     17,898,292     17,594,266
  bought this run and still unsold, taken as sold at the price each lot was bought against:
    chaoscore                         13 core(s)       9,620,536 Alz paid      +116,788
    upgradecoreultimate               20 core(s)       9,395,460 Alz paid    +1,339,200
    forcecoreultimate                 21 core(s)       7,871,703 Alz paid      +189,000
  ------------------------------------------------------------------------------------
  RUN CLOSED                     1,949,014   (304,026 realised, +1,644,988 assumed)
  started 14:36:48, ended 15:52:33, ran for 1h 15m 45s

##################################################################################

  ########  ##########    ######    ########    ########    ##########  ########  
  ########  ##########    ######    ########    ########    ##########  ########  
##              ##      ##      ##  ##      ##  ##      ##  ##          ##      ##
##              ##      ##      ##  ##      ##  ##      ##  ##          ##      ##
##              ##      ##      ##  ##      ##  ##      ##  ##          ##      ##
##              ##      ##      ##  ##      ##  ##      ##  ##          ##      ##
  ######        ##      ##      ##  ########    ########    ########    ##      ##
  ######        ##      ##      ##  ########    ########    ########    ##      ##
        ##      ##      ##      ##  ##          ##          ##          ##      ##
        ##      ##      ##      ##  ##          ##          ##          ##      ##
        ##      ##      ##      ##  ##          ##          ##          ##      ##
        ##      ##      ##      ##  ##          ##          ##          ##      ##
########        ##        ######    ##          ##          ##########  ########  
########        ##        ######    ##          ##          ##########  ########  

##################################################################################
  stopped: interrupted from the keyboard

