no run alive; 2026-08-29_234819_run.log ended: RuntimeError: could not bring the game to the foreground.,23:45:44,dead
relaunched (pid 15376),23:46:09,alive
supervisor cancelled with Ctrl x4,23:47:30,dead
no run alive; 2026-09-13_234606_run.log ended: RuntimeError: no recipe under the 2000-2999 tier reads ['Chaos Core Set', 'x3'];,23:47:33,dead
relaunched (pid 20120),23:47:58,alive
server lag: not answering,00:23:21,alive
server lag: the server stalled,00:24:06,alive
server lag: the server stalled,00:24:28,alive
server lag: not answering,00:30:13,alive
server lag: the server stalled,00:31:19,alive
server lag: not answering,00:43:06,alive
server lag: the server stalled,00:44:12,alive
server lag: not answering,01:38:24,alive
server lag: the server stalled,01:39:29,alive
server lag: the server stalled,01:39:52,alive
supervisor cancelled with Ctrl x4,01:59:49,dead
no run alive; 2026-09-13_234755_run.log ended: interrupted from the keyboard,05:48:31,dead
relaunched (pid 16484),05:48:56,alive
supervisor cancelled with Ctrl x4,07:29:02,dead
no run alive; 2026-09-14_054852_run.log ended: interrupted from the keyboard,07:42:56,dead
relaunched (pid 17476),07:43:20,alive
server lag: not answering,08:16:39,alive
server lag: does not count,08:17:23,alive
stop condition: nothing loaded into the shop slot from (1,1) after 3 ctrl-click(s). Nothing has ,08:17:45,dead
nothing loaded into the shop slot from (1,1) after 3 ctrl-click(s). Nothing has been listed.,08:17:49,dead
finished: list 1 1 0 4 Upgrade Core (Ultimate) (Upgrade Core (Ultimate)); 0 slot(s) left,08:19:31,dead
relaunched (pid 19060),08:19:44,alive
war window, log quiet 170s,08:32:03,alive
server lag: not answering,01:46:16,alive
server lag: the server stalled,01:47:17,alive
server lag: not answering,01:56:44,alive
server lag: the server stalled,01:57:45,alive
server lag: not answering,01:58:06,alive
server lag: the server stalled,01:59:07,alive
server lag: the server stalled,01:59:27,alive
server lag: not answering,02:03:10,alive
server lag: the server stalled,02:04:11,alive
war window, log quiet 168s,04:33:47,alive
supervisor cancelled with Ctrl x4,06:24:57,dead
no run alive; 2026-09-14_074316_run.log ended: nothing loaded into the shop slot from (1,1) after 3 ctrl-click(s). Nothing has ,07:02:46,dead
recovery attempt 1 failed: no new run log 40s after launching driver.py (pid 18200 still up); attempt 2 in 60s,07:03:47,dead
supervisor crashed: PermissionError: [WinError 32] The process cannot access the file because it is being used by another process: 'C:\\Users\\Trung\\,07:04:47,dead
no run alive; 2026-09-14_070307_run.log ended: interrupted from the keyboard,10:38:00,dead
relaunched (pid 12084),10:38:24,alive
supervisor cancelled with Ctrl x4,10:47:07,dead
no run alive; 2026-09-14_103820_run.log ended: interrupted from the keyboard,10:48:04,dead
relaunched (pid 7272),10:48:27,alive
supervisor cancelled with Ctrl x4,11:06:37,dead
no run alive; 2026-09-14_104823_run.log ended: interrupted from the keyboard,12:49:01,dead
recovered: back in the world,12:50:44,dead
relaunched (pid 17312),12:51:07,alive
no run alive; 2026-09-14_125103_run.log ended: ended without a reason line,14:11:11,dead
relaunched (pid 22696),14:11:35,alive
supervisor cancelled with Ctrl x4,14:25:36,dead
no run alive; 2026-09-14_141131_run.log ended: interrupted from the keyboard,14:27:51,dead
relaunched (pid 10128),14:28:14,alive
server lag: not answering,14:33:53,alive
server lag: the server stalled,14:34:57,alive
server lag: not answering,14:35:18,alive
server lag: the server stalled,14:36:22,alive
supervisor cancelled with Ctrl x4,14:39:09,dead
no run alive; 2026-09-14_142811_run.log ended: interrupted from the keyboard,14:39:35,dead
relaunched (pid 18016),14:39:58,alive
RuntimeError: a dialog is already open over the Register table. Close it and calibrate again; nothing was clic,14:41:04,dead
relaunched (pid 9120),14:41:24,alive
no run alive; 2026-09-14_144120_run.log ended: ended without a reason line,14:49:30,dead
relaunched (pid 23448),14:49:54,alive
supervisor cancelled with Ctrl x4,14:58:18,dead
no run alive; 2026-09-14_144950_run.log ended: interrupted from the keyboard,14:59:37,dead
relaunched (pid 20144),15:00:01,alive
supervisor cancelled with Ctrl x4,15:07:45,dead
no run alive; 2026-09-14_145958_run.log ended: interrupted from the keyboard,15:07:58,dead
relaunched (pid 740),15:08:21,alive
supervisor cancelled with Ctrl x4,15:39:30,dead
no run alive; 2026-09-14_150817_run.log ended: interrupted from the keyboard,16:16:13,dead
relaunched (pid 4736),16:16:39,alive
SystemExit: favourite slot 5 holds 'Force Core (Ultimate)' but config.json asks for 'Divine Stone'. They share the slot, so one of the two is wrong: e,16:19:08,dead
relaunched (pid 22616),16:19:29,alive
ended without a reason line,16:20:55,dead
relaunched (pid 23276),16:21:15,alive
server lag: not answering,16:24:48,alive
server lag: the server stalled,16:25:52,alive
supervisor cancelled with Ctrl x4,16:29:01,dead
no run alive; 2026-09-14_162111_run.log ended: interrupted from the keyboard,16:35:04,dead
relaunched (pid 22580),16:35:30,alive
no run alive; 2026-09-14_163526_run.log ended: ended without a reason line,17:01:42,dead
relaunched (pid 7112),17:02:07,alive
server lag: not answering,17:04:57,alive
server lag: the server stalled,17:06:01,alive
server lag: not answering,17:08:27,alive
server lag: the server stalled,17:09:31,alive
supervisor cancelled with Ctrl x4,17:20:01,dead
no run alive; 2026-09-14_170203_run.log ended: interrupted from the keyboard,17:20:16,dead
relaunched (pid 14680),17:20:40,alive
server lag: not answering,17:58:00,alive
server lag: the server stalled,17:59:04,alive
server lag: not answering,18:00:27,alive
server lag: the server stalled,18:01:31,alive
supervisor cancelled with Ctrl x4,18:05:00,dead
no run alive; 2026-09-14_172036_run.log ended: interrupted from the keyboard,22:46:08,dead
relaunched (pid 17316),22:46:32,alive
supervisor cancelled with Ctrl x4,23:07:12,dead
no run alive; 2026-09-14_224628_run.log ended: interrupted from the keyboard,23:07:25,dead
relaunched (pid 19084),23:07:49,alive
supervisor cancelled with Ctrl x4,23:15:33,dead
no run alive; 2026-09-14_230745_run.log ended: interrupted from the keyboard,23:15:43,dead
relaunched (pid 24476),23:16:07,alive
supervisor cancelled with Ctrl x4,23:23:07,dead
no run alive; 2026-09-14_231603_run.log ended: interrupted from the keyboard,23:23:19,dead
relaunched (pid 24420),23:23:42,alive
server lag: not answering,23:24:26,alive
server lag: the server stalled,23:25:30,alive
supervisor cancelled with Ctrl x4,23:30:01,dead
no run alive; 2026-09-14_232339_run.log ended: interrupted from the keyboard,23:32:39,dead
relaunched (pid 24284),23:33:03,alive
stop condition: tab 4 slot (1,2) is still empty 8s after the withdrawal. Nothing listed.,00:25:29,dead
tab 4 slot (1,2) is still empty 8s after the withdrawal. Nothing listed.,00:25:31,dead
finished: list 1 1 0 4 Yekaterina VIP Membership (Yekaterina VIP Membership); 0 slot(s) left,00:27:11,dead
relaunched (pid 20000),00:27:24,alive
supervisor cancelled with Ctrl x4,00:27:47,dead
no run alive; 2026-09-15_002720_run.log ended: interrupted from the keyboard,00:29:45,dead
recovery attempt 1 failed: nothing recognisable on screen: disconnect=None, failed=None, login=None, select=None, alz=False, trade=False, vendor=False, craft=False, buttons=[], ; attempt 2 in 60s,00:30:10,dead
no run alive; 2026-09-15_002720_run.log ended: interrupted from the keyboard,00:37:26,dead
relaunched (pid 13284),00:37:51,alive
server lag: not answering,01:29:08,alive
disconnected (run still up),01:29:10,alive
disconnected 7s on; killing pid 13284,01:29:17,dead
ended without a reason line,01:29:17,dead
recovery attempt 1 failed: recovery refused: Refused: no disconnect notice, no login screen, no server or character list, so there is nothing to recover from. Nothing clicked.; attempt 2 in 60s,01:29:38,dead
recovery attempt 2 failed: nothing recognisable on screen: disconnect=None, failed=None, login=None, select=None, alz=False, trade=False, vendor=False, craft=False, buttons=[], ; attempt 3 in 60s,01:30:58,dead
supervisor stopped: nothing recognisable on screen: disconnect=None, failed=None, login=None, select=None, alz=False, trade=False, vendor=False, craft=False, buttons=[], underprice=False,01:32:18,dead
no run alive; 2026-09-15_003747_run.log ended: ended without a reason line,01:32:29,dead
recovery attempt 1 failed: recovery refused: Refused: logged through every screen but no Alz balance is readable after 120s, so the character is not in the world yet.; attempt 2 in 60s,01:35:19,dead
recovery attempt 2 failed: recovery refused: Refused: logged through every screen but no Alz balance is readable after 120s, so the character is not in the world yet.; attempt 3 in 60s,01:38:45,dead
recovered: back in the world,01:40:32,dead
finished: list 1 1 0 4 Force Core(Highest) (Force Core(Highest)); 0 slot(s) left,01:42:17,dead
relaunched (pid 25360),01:42:29,alive
supervisor cancelled with Ctrl x4,04:00:19,dead
no run alive; 2026-09-15_014225_run.log ended: interrupted from the keyboard,04:02:15,dead
relaunched (pid 17572),04:02:34,alive
server lag: not answering,04:08:27,alive
server lag: the server stalled,04:09:30,alive
server lag: not answering,04:14:40,alive
server lag: the server stalled,04:15:43,alive
server lag: the server stalled,04:16:03,alive
supervisor cancelled with Ctrl x4,04:19:51,dead
no run alive; 2026-09-15_040230_run.log ended: interrupted from the keyboard,04:29:03,dead
relaunched (pid 11188),04:29:21,alive
war window, log quiet 153s,04:33:33,alive
no run alive; 2026-09-15_042917_run.log ended: ended without a reason line,07:27:27,dead
relaunched (pid 18532),07:27:45,alive
war window, log quiet 152s,07:31:56,alive
ended without a reason line,07:54:41,dead
relaunched (pid 15120),07:54:57,alive
ended without a reason line,08:21:29,dead
relaunched (pid 26788),08:21:45,alive
war window, log quiet 159s,10:32:36,alive
stop condition: the shop slot already holds something the panel prices at 288,288; row 2 has NOT been cancelled. Clear the slot first.,10:35:00,dead
the shop slot already holds something the panel prices at 288,288; row 2 has NOT been cancelled. Clear the slot first.,10:35:01,dead
relaunched (pid 28368),10:35:17,alive
server lag: not answering,10:35:59,alive
server lag: the server stalled,10:37:02,alive
server lag: not answering,10:38:04,alive
server lag: the server stalled,10:38:47,alive
server lag: the server stalled,10:39:07,alive
ended without a reason line,10:42:55,dead
relaunched (pid 21788),10:43:12,alive
ended without a reason line,11:23:11,dead
relaunched (pid 27752),11:23:27,alive
ended without a reason line,11:25:54,dead
relaunched (pid 28124),11:26:10,alive
ended without a reason line,11:28:36,dead
relaunched (pid 23836),11:28:52,alive
ended without a reason line,11:34:04,dead
relaunched (pid 25748),11:34:20,alive
server lag: not answering,11:36:04,alive
server lag: the server stalled,11:37:07,alive
server lag: not answering,11:46:25,alive
server lag: the server stalled,11:47:28,alive
ended without a reason line,11:48:52,dead
relaunched (pid 26340),11:49:08,alive
attached (pid 26340),12:46:21,alive
disconnected (run still up),13:18:24,alive
disconnected 6s on; killing pid 26340,13:18:30,dead
ended without a reason line,13:18:30,dead
recovered: back in the world,13:19:17,dead
relaunched (pid 25532),13:19:36,alive
server lag: not answering,13:54:26,alive
server lag: the server stalled,13:55:29,alive
server lag: the server stalled,13:55:50,alive
ended without a reason line,13:56:11,dead
relaunched (pid 22980),13:56:28,alive
ended without a reason line,14:35:06,dead
relaunched (pid 18156),14:35:22,alive
ended without a reason line,14:56:26,dead
relaunched (pid 23296),14:56:42,alive
server lag: not answering,15:34:58,alive
server lag: does not count,15:36:00,dead
stop condition: nothing loaded into the shop slot from (1,1) after 3 ctrl-click(s). Nothing has been listed.,15:36:00,dead
nothing loaded into the shop slot from (1,1) after 3 ctrl-click(s). Nothing has been listed.,15:36:02,dead
finished: list 1 1 0 4 Force Core(High) (Force Core(High)); 0 slot(s) left,15:37:51,dead
relaunched (pid 23712),15:38:02,alive
ended without a reason line,15:40:28,dead
relaunched (pid 29168),15:40:44,alive
server lag: not answering,16:00:20,alive
server lag: the server stalled,16:01:23,alive
server lag: not answering,16:06:33,alive
server lag: the server stalled,16:07:35,alive
war window, log quiet 152s,16:30:41,alive
stop condition: the dialog stayed open after Confirmation on row 1. Whether the cancel committed is unknown -- check by hand.,16:50:41,dead
the dialog stayed open after Confirmation on row 1. Whether the cancel committed is unknown -- check by hand.,16:50:41,dead
the server took the run down: the dialog stayed open after Confirmation on row 1. Whether the cancel committed is unknown -- check by hand.; not counted as a short run,16:50:41,dead
recovery attempt 1 failed: driver.py list 1 2 0 4 Upgrade Core (Ultimate) exited 1: RuntimeError: no Cancel button appeared in (900, 557, 1275, 738) within 8.0s after Change on ; attempt 2 in 60s,16:52:34,dead
tab 4 slot (1,2) has no tooltip name; listing it at the panel's price and the full quantity,16:53:55,dead
recovery attempt 2 failed: driver.py list 1 2 0 4 exited 1: RuntimeError: the Purchase tab would not open at [98, 80], so the favourite row cannot be measured.; attempt 3 in 60s,16:54:39,dead
no run alive; 2026-09-15_154040_run.log ended: the dialog stayed open after Confirmation on row 1. Whether the cancel committed is unknown -- check by hand.,17:00:40,dead
recovery attempt 1 failed: driver.py collect exited 1: RuntimeError: the Purchase tab would not open at [98, 80], so the favourite row cannot be measured.; attempt 2 in 60s,17:01:45,dead
tab 4 slot (1,2) has no tooltip name; listing it at the panel's price and the full quantity,17:05:57,dead
recovery attempt 2 failed: driver.py list 1 2 0 4 exited 1: RuntimeError: the Agent Shop would not close, and the vendor will not open on top of it. Nothing written.; attempt 3 in 60s,17:07:12,dead
no run alive; 2026-09-15_154040_run.log ended: the dialog stayed open after Confirmation on row 1. Whether the cancel committed is unknown -- check by hand.,17:13:08,dead
tab 4 slot (1,2) has no tooltip name; listing it at the panel's price and the full quantity,17:16:21,dead
list 1 2 0 4 failed: driver.py list 1 2 0 4 exited 1: RuntimeError: the Agent Shop would not close, and the vendor will not open on top of it. Nothing written.; the run lists what tab 4 holds as rows free up,17:17:36,dead
relaunched (pid 28068),17:17:43,alive
RuntimeError: the Purchase tab would not open at [98, 80], so the favourite row cannot be measured.,17:18:25,dead
no run alive; 2026-09-15_171739_run.log ended: RuntimeError: the Purchase tab would not open at [98, 80], so the favourite row cannot be measured.,17:21:58,dead
tab 4 slot (1,2) has no tooltip name; listing it at the panel's price and the full quantity,17:24:39,dead
finished: list 1 2 0 4 (whatever is there); 0 slot(s) left,17:26:23,dead
relaunched (pid 30668),17:26:35,alive
RuntimeError: calibration.json would not read: 'utf-8' codec can't decode byte 0xbb in position 34084: invalid start byte,17:28:19,dead
supervisor crashed: RuntimeError: calibration.json would not read: 'utf-8' codec can't decode byte 0xbb in position 34084: invalid start byte,17:28:24,dead
no run alive; 2026-09-15_172631_run.log ended: RuntimeError: calibration.json would not read: 'utf-8' codec can't decode byte 0xbb in position 34084: invalid start byte,17:30:37,dead
relaunched (pid 23152),17:30:56,alive
ended without a reason line,17:40:35,dead
relaunched (pid 29672),17:40:54,alive
AttributeError: module 'calibration' has no attribute 'gift_buttons',17:47:27,dead
relaunched (pid 28392),17:47:48,alive
server lag: not answering,18:29:49,alive
server lag: the server stalled,18:30:51,alive
server lag: the server stalled,18:31:12,alive
supervisor cancelled with Ctrl x4,18:54:37,dead
no run alive; 2026-09-15_174744_run.log ended: interrupted from the keyboard,19:33:35,dead
relaunched (pid 25860),19:34:03,alive
supervisor cancelled with Ctrl x4,19:55:44,dead
no run alive; 2026-09-15_193359_run.log ended: interrupted from the keyboard,23:29:53,dead
recovery attempt 1 failed: nothing recognisable on screen: disconnect=None, failed=None, login=None, select=None, alz=False, trade=False, vendor=False, craft=False, buttons=[], ; attempt 2 in 60s,23:30:19,dead
relaunched (pid 27464),23:31:47,alive
supervisor cancelled with Ctrl x4,23:42:58,dead
no run alive; 2026-09-15_233143_run.log ended: interrupted from the keyboard,23:43:34,dead
relaunched (pid 19048),23:43:56,alive
supervisor cancelled with Ctrl x4,00:15:40,dead
no run alive; 2026-09-15_234352_run.log ended: interrupted from the keyboard,00:41:12,dead
relaunched (pid 31884),00:41:34,alive
war window, log quiet 160s,01:33:46,alive
server lag: not answering,04:08:13,alive
server lag: the server stalled,04:09:15,alive
server lag: not answering,04:27:55,alive
disconnected (run still up),04:28:37,alive
disconnected 6s on; killing pid 31884,04:28:43,dead
ended without a reason line,04:28:44,dead
recovered: back in the world,04:29:31,dead
tab 4 slot (1,1) has no tooltip name; listing it at the panel's price and the full quantity,04:31:56,dead
finished: list 1 1 0 4 (whatever is there); 0 slot(s) left,04:33:10,dead
relaunched (pid 24684),04:33:22,alive
server lag: not answering,06:08:43,alive
server lag: the server stalled,06:09:25,alive
server lag: the server stalled,06:09:46,alive
server lag: not answering,06:36:42,alive
server lag: the server stalled,06:37:25,alive
server lag: the server stalled,06:37:45,alive
supervisor cancelled with Ctrl x4,06:45:42,dead
no run alive; 2026-09-16_043318_run.log ended: interrupted from the keyboard,07:56:23,dead
relaunched (pid 31508),07:56:44,alive
server lag: not answering,07:57:27,alive
server lag: the server stalled,07:58:30,alive
supervisor cancelled with Ctrl x4,08:03:41,dead
no run alive; 2026-09-16_075641_run.log ended: interrupted from the keyboard,08:04:02,dead
relaunched (pid 13828),08:04:23,alive
server lag: not answering,08:56:18,alive
server lag: the server stalled,08:57:21,alive
server lag: not answering,09:06:00,alive
server lag: the server stalled,09:07:03,alive
server lag: not answering,09:08:05,alive
server lag: the server stalled,09:09:08,alive
server lag: not answering,09:40:35,alive
server lag: the server stalled,09:41:38,alive
ended without a reason line,09:55:28,dead
relaunched (pid 19376),09:55:47,alive
TypeError: int() argument must be a string, a bytes-like object or a real number, not 'dict',10:04:47,dead
tab 4 slot (1,1) has no tooltip name; listing it at the panel's price and the full quantity,10:06:57,dead
finished: list 1 1 0 4 (whatever is there); 0 slot(s) left,10:08:13,dead
relaunched (pid 6772),10:08:25,alive
war window, log quiet 154s,10:32:39,alive
server lag: not answering,10:39:14,alive
server lag: the server stalled,10:40:17,alive
server lag: the server stalled,10:40:38,alive
server lag: not answering,11:07:57,alive
server lag: the server stalled,11:09:00,alive
server lag: the server stalled,11:09:21,alive
ended without a reason line,11:12:07,dead
relaunched (pid 22792),11:12:26,alive
no run alive; 2026-09-16_111222_run.log ended: ended without a reason line,12:04:35,dead
relaunched (pid 27592),12:04:55,alive
server lag: not answering,13:12:01,alive
server lag: the server stalled,13:13:04,alive
server lag: not answering,13:24:30,alive
server lag: the server stalled,13:25:32,alive
war window, log quiet 158s,13:30:05,alive
server lag: not answering,14:28:09,alive
server lag: the server stalled,14:29:12,alive
server lag: the server stalled,14:29:34,alive
ended without a reason line,15:20:44,dead
relaunched (pid 30236),15:21:03,alive
ended without a reason line,15:29:02,dead
relaunched (pid 28908),15:29:21,alive
war window, log quiet 166s,16:34:05,alive
ended without a reason line,18:15:53,dead
relaunched (pid 23264),18:16:13,alive
supervisor cancelled with Ctrl x4,18:50:30,dead
no run alive; 2026-09-16_181609_run.log ended: interrupted from the keyboard,23:18:24,dead
relaunched (pid 6780),23:18:46,alive
supervisor cancelled with Ctrl x4,23:33:00,dead
no run alive; 2026-09-16_231842_run.log ended: interrupted from the keyboard,23:38:23,dead
relaunched (pid 14376),23:38:45,alive
supervisor cancelled with Ctrl x4,00:27:31,dead
no run alive; 2026-09-16_233841_run.log ended: interrupted from the keyboard,00:37:55,dead
supervisor cancelled with Ctrl x4,00:38:02,dead
no run alive; 2026-09-16_233841_run.log ended: interrupted from the keyboard,00:41:26,dead
relaunched (pid 3364),00:41:48,alive
server lag: not answering,00:43:13,alive
server lag: the server stalled,00:44:16,alive
ended without a reason line,00:47:43,dead
relaunched (pid 23292),00:48:02,alive
server lag: not answering,01:17:49,alive
server lag: the server stalled,01:18:51,alive
war window, log quiet 165s,01:32:22,alive
ended without a reason line,02:12:59,dead
relaunched (pid 17596),02:13:19,alive
server lag: not answering,02:51:05,alive
server lag: the server stalled,02:52:08,alive
server lag: the server stalled,02:52:28,alive
ended without a reason line,03:30:59,dead
tab 4 slot (1,2) has no tooltip name; listing it at the panel's price and the full quantity,03:33:56,dead
finished: list 1 2 0 4 (whatever is there); 0 slot(s) left,03:35:19,dead
relaunched (pid 34824),03:35:31,alive
war window, log quiet 169s,04:30:20,alive
server lag: not answering,04:34:31,alive
server lag: the server stalled,04:35:34,alive
server lag: does not count,04:35:55,alive
ended without a reason line,05:38:10,dead
relaunched (pid 34648),05:38:32,alive
ended without a reason line,06:18:32,dead
relaunched (pid 27052),06:18:52,alive
supervisor cancelled with Ctrl x4,06:24:28,dead
no run alive; 2026-09-17_061849_run.log ended: interrupted from the keyboard,07:11:18,dead
relaunched (pid 34996),07:11:44,alive
server lag: not answering,07:22:33,alive
server lag: the server stalled,07:23:14,alive
stop condition: tab 4 slot (1,2) is still empty 8s after the withdrawal. Nothing listed.,07:25:19,dead
tab 4 slot (1,2) is still empty 8s after the withdrawal. Nothing listed.,07:25:21,dead
tab 4 slot (1,1) has no tooltip name; listing it at the panel's price and the full quantity,07:34:55,dead
finished: list 1 1 0 4 (whatever is there); 0 slot(s) left,07:36:24,dead
relaunched (pid 24368),07:36:36,alive
ended without a reason line,07:49:10,dead
relaunched (pid 33672),07:49:32,alive
server lag: not answering,07:52:41,alive
supervisor cancelled with Ctrl x4,07:53:03,dead
no run alive; 2026-09-17_074928_run.log ended: NotReady: the Agent Shop is not open after resupplying.,08:10:06,dead
relaunched (pid 36244),08:10:32,alive
server lag: not answering,08:15:26,alive
server lag: the server stalled,08:16:08,alive
server lag: the server stalled,08:16:29,alive
no run alive; 2026-09-17_081028_run.log ended: row 11 should hold 'aaa' but position 1 reads 'serene wbéee 1 194,596,931 OnSale Change' on one line, and 'Blessing Bead - Superior 194,596,931 OnSale,08:34:51,dead
relaunched (pid 25052),08:35:10,alive
server lag: not answering,08:38:39,alive
server lag: the server stalled,08:39:41,alive
server lag: not answering,08:52:07,alive
server lag: the server stalled,08:53:11,alive
server lag: not answering,08:58:01,alive
server lag: the server stalled,08:59:03,alive
war window, log quiet 160s,10:31:31,alive
server lag: not answering,10:42:16,alive
server lag: the server stalled,10:43:19,alive
server lag: not answering,10:45:24,alive
server lag: the server stalled,10:46:05,alive
server lag: the server stalled,10:46:28,alive
server lag: not answering,10:52:00,alive
server lag: the server stalled,10:53:03,alive
server lag: the server stalled,10:53:24,alive
server lag: not answering,12:22:10,alive
server lag: the server stalled,12:23:13,alive
stop condition: row 19 should hold 'Force Core(High)' but position 1 reads 'Upgrade Core (Ultimate) 220 479,995 On Sale Change' on one line, and 'Upgrade Core (Ultima,13:10:43,dead
row 19 should hold 'Force Core(High)' but position 1 reads 'Upgrade Core (Ultimate) 220 479,995 On Sale Change' on one line, and 'Upgrade Core (Ultima,13:10:43,dead
relaunched (pid 12872),13:11:01,alive
ended without a reason line,13:13:49,dead
relaunched (pid 30276),13:14:08,alive
server lag: not answering,13:31:24,alive
server lag: does not count,13:32:26,alive
ended without a reason line,13:39:01,dead
relaunched (pid 23512),13:39:19,alive
ended without a reason line,13:52:49,dead
relaunched (pid 4760),13:53:07,alive
server lag: not answering,13:54:10,alive
server lag: the server stalled,13:55:12,alive
server lag: not answering,13:57:39,alive
server lag: the server stalled,13:58:42,alive
server lag: the server stalled,13:59:03,alive
server lag: not answering,14:49:02,alive
server lag: the server stalled,14:50:05,alive
server lag: not answering,14:50:27,alive
server lag: the server stalled,14:51:30,alive
server lag: the server stalled,14:51:50,alive
war window, log quiet 169s,16:32:07,alive
supervisor cancelled with Ctrl x4,18:34:55,dead
no run alive; 2026-09-17_135304_run.log ended: interrupted from the keyboard,19:24:16,dead
relaunched (pid 36180),19:24:39,alive
war window, log quiet 152s,19:30:56,alive
server lag: not answering,20:38:53,alive
server lag: the server stalled,20:39:56,alive
server lag: not answering,21:25:10,alive
server lag: the server stalled,21:26:13,alive
server lag: the server stalled,21:26:33,alive
supervisor cancelled with Ctrl x4,21:54:55,dead
no run alive; 2026-09-17_192435_run.log ended: interrupted from the keyboard,23:11:10,dead
relaunched (pid 8388),23:11:37,alive
supervisor cancelled with Ctrl x4,00:28:34,dead
no run alive; 2026-09-17_231133_run.log ended: interrupted from the keyboard,00:39:13,dead
relaunched (pid 37376),00:39:40,alive
server lag: not answering,01:17:02,alive
server lag: the server stalled,01:18:05,alive
war window, log quiet 161s,01:30:42,alive
server lag: not answering,01:51:43,alive
server lag: the server stalled,01:52:47,alive
server lag: the server stalled,01:53:08,alive
server lag: not answering,02:06:44,alive
server lag: the server stalled,02:07:47,alive
server lag: not answering,02:08:10,alive
server lag: the server stalled,02:09:14,alive
server lag: not answering,02:20:46,alive
server lag: the server stalled,02:21:50,alive
server lag: not answering,04:25:14,alive
server lag: the server stalled,04:26:17,alive
war window, log quiet 167s,04:33:01,alive
RuntimeError: pressed I 2 times; the Inventory panel is not open where calibration.json says it is.,05:04:55,dead
relaunched (pid 29320),05:05:21,alive
server lag: not answering,06:02:22,alive
server lag: the server stalled,06:03:26,alive
server lag: the server stalled,06:03:46,alive
server lag: not answering,06:05:52,alive
server lag: the server stalled,06:06:56,alive
server lag: the server stalled,06:07:17,alive
supervisor cancelled with Ctrl x4,06:33:53,dead
no run alive; 2026-09-18_050517_run.log ended: interrupted from the keyboard,07:22:14,dead
relaunched (pid 39508),07:22:42,alive
war window, log quiet 152s,07:33:57,alive
supervisor cancelled with Ctrl x4,07:41:39,dead
no run alive; 2026-09-18_072238_run.log ended: interrupted from the keyboard,09:24:39,dead
relaunched (pid 23900),09:25:07,alive
ended without a reason line, exit code 1; nothing in driver.py exits without one, so it was stopped from outside,09:41:16,dead
relaunched (pid 22728),09:41:41,alive
server lag: not answering,09:43:07,alive
server lag: the server stalled,09:44:12,alive
server lag: not answering,09:51:54,alive
server lag: the server stalled,09:52:38,alive
server lag: the server stalled,09:52:59,alive
supervisor cancelled with Ctrl x4,09:59:17,dead
no run alive; 2026-09-18_094137_run.log ended: interrupted from the keyboard,10:42:38,dead
relaunched (pid 17484),10:43:07,alive
supervisor cancelled with Ctrl x4,11:38:24,dead
no run alive; 2026-09-18_104303_run.log ended: interrupted from the keyboard,11:40:48,dead
relaunched (pid 38804),11:41:10,alive
RuntimeError: the Dungeon tab was not found in the vendor tab band (0, 140, 430, 180). Nothing written.,11:43:38,dead
relaunched (pid 20404),11:44:07,alive
AttributeError: module 'row_model' has no attribute 'read_row_one',11:45:52,dead
relaunched (pid 29992),11:46:12,alive
no run alive; 2026-09-18_114608_run.log ended: ended without a reason line,11:52:03,dead
relaunched (pid 35608),11:52:27,alive
no run alive; 2026-09-18_115224_run.log ended: ended without a reason line,12:00:41,dead
relaunched (pid 29132),12:01:02,alive
stop condition: nothing loaded into the shop slot from (1,1) after 3 ctrl-click(s). Nothing has been listed.,12:06:38,dead
nothing loaded into the shop slot from (1,1) after 3 ctrl-click(s). Nothing has been listed.,12:06:38,dead
supervisor cancelled with Ctrl x4,12:06:47,dead
no run alive; 2026-09-18_120058_run.log ended: nothing loaded into the shop slot from (1,1) after 3 ctrl-click(s). Nothing has been listed.,12:13:26,dead
relaunched (pid 27052),12:13:49,alive
server lag: not answering,12:14:53,alive
server lag: the server stalled,12:15:55,alive
RuntimeError: nothing loaded from tab 4 slot (1, 1) after two ctrl-clicks.,12:17:40,dead
relaunched (pid 1496),12:17:59,alive
supervisor cancelled with Ctrl x4,12:19:02,dead
no run alive; 2026-09-18_121756_run.log ended: interrupted from the keyboard,12:20:01,dead
relaunched (pid 37224),12:20:24,alive
supervisor cancelled with Ctrl x4,12:22:09,dead
no run alive; 2026-09-18_122020_run.log ended: interrupted from the keyboard,12:22:46,dead
relaunched (pid 24628),12:23:09,alive
supervisor cancelled with Ctrl x4,12:27:19,dead
no run alive; 2026-09-18_122306_run.log ended: interrupted from the keyboard,12:27:49,dead
recovery attempt 1 failed: nothing recognisable on screen: disconnect=None, failed=None, login=None, select=None, alz=False, trade=False, vendor=False, craft=False, buttons=[], ; attempt 2 in 60s,12:28:11,dead
supervisor cancelled with Ctrl x4,12:29:20,dead
no run alive; 2026-09-18_122306_run.log ended: interrupted from the keyboard,12:36:20,dead
relaunched (pid 7432),12:36:41,alive
RuntimeError: no recipe under the 2000-2999 tier reads ['Chaos Core Set', 'x3']; it read ['999', 'and', 'below', '1000', '-', '1999', '2000', '-', '29,12:38:26,dead
relaunched (pid 9624),12:38:54,alive
stop condition: tab 4 slot (1,1) is still empty 8s after the withdrawal. Nothing listed.,12:49:18,dead
tab 4 slot (1,1) is still empty 8s after the withdrawal. Nothing listed.,12:49:19,dead
relaunched (pid 3932),12:49:38,alive
supervisor cancelled with Ctrl x4,12:50:20,dead
no run alive; 2026-09-18_124934_run.log ended: interrupted from the keyboard,13:24:56,dead
relaunched (pid 32820),13:25:19,alive
war window, log quiet 154s,13:31:13,alive
supervisor cancelled with Ctrl x4,13:35:44,dead
no run alive; 2026-09-18_132515_run.log ended: interrupted from the keyboard,13:36:38,dead
relaunched (pid 32992),13:37:00,alive
stop condition: row 21 should hold 'Wexp Savet' but position 1 reads 'Wexp Save 1 61,899,997 OnSale Change' on one line, and '61,899,997 On Sale Change' read as stack,13:45:17,dead
row 21 should hold 'Wexp Savet' but position 1 reads 'Wexp Save 1 61,899,997 OnSale Change' on one line, and '61,899,997 On Sale Change' read as stack,13:45:19,dead
relaunched (pid 40036),13:45:37,alive
stop condition: the dialog stayed open after Confirmation. Whether the listing committed is unknown -- check the shop by hand.,13:54:37,dead
the dialog stayed open after Confirmation. Whether the listing committed is unknown -- check the shop by hand.,13:54:37,dead
the server took the run down: the dialog stayed open after Confirmation. Whether the listing committed is unknown -- check the shop by hand.; not counted as a short run,13:54:37,dead
supervisor cancelled with Ctrl x4,13:55:06,dead
no run alive; 2026-09-18_135502_run.log ended: interrupted from the keyboard,13:59:22,dead
relaunched (pid 38164),13:59:45,alive
supervisor cancelled with Ctrl x4,14:09:46,dead
no run alive; 2026-09-18_135941_run.log ended: interrupted from the keyboard,14:25:16,dead
relaunched (pid 40464),14:25:39,alive
stop condition: row 20 should hold 'Force Core(High' but position 1 reads 'Upgrade Core (Ultimate) 114 579,975 OnSale Change' on one line, and 'Upgrade Core (Ultimate,14:38:49,dead
row 20 should hold 'Force Core(High' but position 1 reads 'Upgrade Core (Ultimate) 114 579,975 OnSale Change' on one line, and 'Upgrade Core (Ultimate,14:38:49,dead
relaunched (pid 19748),14:39:08,alive
supervisor cancelled with Ctrl x4,14:43:39,dead
no run alive; 2026-09-18_143904_run.log ended: interrupted from the keyboard,14:48:38,dead
relaunched (pid 38728),14:49:00,alive
server lag: not answering,14:56:17,alive
server lag: the server stalled,14:57:20,alive
supervisor cancelled with Ctrl x4,15:07:22,dead
no run alive; 2026-09-18_144856_run.log ended: interrupted from the keyboard,15:20:18,dead
relaunched (pid 39644),15:20:41,alive
supervisor cancelled with Ctrl x4,15:40:43,dead
no run alive; 2026-09-18_152037_run.log ended: interrupted from the keyboard,15:42:37,dead
relaunched (pid 36060),15:42:59,alive
supervisor cancelled with Ctrl x4,15:55:27,dead
no run alive; 2026-09-18_154255_run.log ended: interrupted from the keyboard,16:34:53,dead
relaunched (pid 40080),16:35:15,alive
server lag: not answering,16:43:34,alive
server lag: the server stalled,16:44:36,alive
supervisor cancelled with Ctrl x4,17:50:34,dead
no run alive; 2026-09-18_163512_run.log ended: interrupted from the keyboard,18:11:17,dead
relaunched (pid 19696),18:11:40,alive
pushed the profit report for trung,18:11:47,alive
server lag: not answering,18:14:12,alive
server lag: the server stalled,18:15:15,alive
server lag: the server stalled,18:15:35,alive
supervisor cancelled with Ctrl x4,18:55:39,dead
no run alive; 2026-09-18_181136_run.log ended: interrupted from the keyboard,19:39:41,dead
relaunched (pid 41388),19:40:03,alive
RuntimeError: no recipe under the 2000-2999 tier reads ['Chaos Core Set', 'x3']; it read ['999', 'and', 'below', '1000', '-', '1999', '2000', '-', '29,19:41:48,dead
relaunched (pid 41540),19:42:15,alive
server lag: not answering,19:43:39,alive
server lag: the server stalled,19:44:42,alive
RuntimeError: no recipe under the 2000-2999 tier reads ['Chaos Core Set', 'x3']; it read ['999', 'and', 'below', '1000', '-', '1999', '2000', '-', '29,19:46:05,dead
relaunched (pid 29292),19:46:33,alive
supervisor cancelled with Ctrl x4,19:47:58,dead
no run alive; 2026-09-18_194629_run.log ended: interrupted from the keyboard,19:48:14,dead
relaunched (pid 41756),19:48:36,alive
pushed the profit report for trung,19:55:15,alive
pushed the profit report for trung,20:25:23,alive
pushed the profit report for trung,20:55:31,alive
server lag: not answering,20:59:18,alive
server lag: the server stalled,21:00:21,alive
pushed the profit report for trung,21:25:42,alive
pushed the profit report for trung,21:55:52,alive
supervisor cancelled with Ctrl x4,21:57:35,dead
no run alive; 2026-09-18_194832_run.log ended: interrupted from the keyboard,22:37:45,dead
relaunched (pid 41392),22:38:07,alive
pushed the profit report for trung,22:50:15,alive
pushed the profit report for trung,23:20:17,alive
supervisor cancelled with Ctrl x4,23:39:35,dead
no run alive; 2026-09-18_223803_run.log ended: interrupted from the keyboard,00:40:51,dead
relaunched (pid 10660),00:41:17,alive
pushed the profit report for trung,00:50:07,alive
pushed the profit report for trung,01:20:10,alive
war window, log quiet 166s,01:34:26,alive
server lag: not answering,01:44:13,dead
stop condition: the panel still holds the item, priced 203,225, 8s after Confirmation and 26s of the server not answering; the registration did not go through. Nothin,01:44:13,dead
disconnected (run still up),01:44:14,alive
disconnected 7s on; killing pid 10660,01:44:21,dead
the panel still holds the item, priced 203,225, 8s after Confirmation and 26s of the server not answering; the registration did not go through. Nothin,01:44:22,dead
recovery attempt 1 failed: recovery refused: Refused: no disconnect notice, no login screen, no server or character list, so there is nothing to recover from. Nothing clicked.; attempt 2 in 60s,01:44:44,dead
recovery attempt 2 failed: nothing recognisable on screen: disconnect=None, failed=None, login=None, select=None, alz=False, trade=False, vendor=False, craft=False, buttons=[], ; attempt 3 in 60s,01:46:04,dead
supervisor stopped: nothing recognisable on screen: disconnect=None, failed=None, login=None, select=None, alz=False, trade=False, vendor=False, craft=False, buttons=[], underprice=False,01:47:24,dead
no run alive; 2026-09-19_004113_run.log ended: the panel still holds the item, priced 203,225, 8s after Confirmation and 26s of the server not answering; the registration did not go through. Nothin,05:25:03,dead
relaunched (pid 34324),05:25:24,alive
RuntimeError: the Dungeon tab was not found in the vendor tab band (0, 140, 380, 180). Nothing written.,05:26:48,dead
relaunched (pid 24220),05:27:14,alive
supervisor stopped: the screen is 2560x1440 and run.screen requires 1920x1080; nothing started.,05:29:08,dead
no run alive; 2026-09-19_052710_run.log ended: ended without a reason line,05:29:40,dead
relaunched (pid 30992),05:30:02,alive
server lag: not answering,05:43:50,alive
server lag: the server stalled,05:44:53,alive
pushed the profit report for trung,05:52:12,alive
server lag: not answering,06:10:49,alive
server lag: the server stalled,06:11:52,alive
pushed the profit report for trung,06:22:16,alive
server lag: not answering,06:24:20,alive
server lag: the server stalled,06:25:23,alive
stop condition: nothing loaded into the shop slot from (1,1) after 1 ctrl-click(s). Nothing has been listed.,06:30:12,dead
nothing loaded into the shop slot from (1,1) after 1 ctrl-click(s). Nothing has been listed.,06:30:14,dead
tab 4 slot (1,1) has no tooltip name; listing it at the panel's price and the full quantity,06:33:43,dead
recovery attempt 1 failed: list 1 1 0 4 changed nothing on tab 4; whatever is there is still there; attempt 2 in 60s,06:35:14,dead
tab 4 slot (1,1) has no tooltip name; listing it at the panel's price and the full quantity,06:39:15,dead
recovery attempt 2 failed: list 1 1 0 4 changed nothing on tab 4; whatever is there is still there; attempt 3 in 60s,06:40:45,dead
tab 4 slot (1,1) has no tooltip name; listing it at the panel's price and the full quantity,06:44:34,dead
supervisor stopped: list 1 1 0 4 changed nothing on tab 4; whatever is there is still there,06:46:05,dead
supervisor stopped: the screen is 2560x1440 and run.screen requires 1920x1080; nothing started.,09:29:34,dead
no run alive; 2026-09-19_052958_run.log ended: nothing loaded into the shop slot from (1,1) after 1 ctrl-click(s). Nothing has been listed.,09:30:00,dead
relaunched (pid 4988),09:30:22,alive
pushed the profit report for trung,09:40:30,alive
pushed the profit report for trung,10:10:41,alive
supervisor cancelled with Ctrl x4,10:30:46,dead
no run alive; 2026-09-19_093018_run.log ended: interrupted from the keyboard,10:31:04,dead
relaunched (pid 32528),10:31:28,alive
RuntimeError: the Agent Shop would not close, and the vendor will not open on top of it. Nothing written.,10:33:13,dead
recovered: back in the world,10:33:57,dead
relaunched (pid 28828),10:34:19,alive
pushed the profit report for trung,10:42:21,alive
server lag: not answering,10:54:49,alive
server lag: the server stalled,10:55:52,alive
stop condition: tab 4 slot (1,1) is still empty 8s after the withdrawal. Nothing listed.,11:00:23,dead
disconnected (run still up),11:00:24,alive
disconnected 6s on; killing pid 28828,11:00:30,dead
tab 4 slot (1,1) is still empty 8s after the withdrawal. Nothing listed.,11:00:30,dead
recovery attempt 1 failed: recovery refused: Refused: no 'Channel 11' in the server list within 60s. Nothing entered.; attempt 2 in 60s,11:02:25,dead
recovery attempt 2 failed: recovery refused: Refused: no 'Channel 11' in the server list within 60s. Nothing entered.; attempt 3 in 60s,11:05:20,dead
recovery failed 3 times: recovery refused: Refused: no 'Channel 11' in the server list within 60s. Nothing entered.; relogging (1 of 1),11:08:14,dead
supervisor stopped: relog refused: Refused: no 'select character' in the menu after 3 Escape(s). Nothing clicked.,11:08:25,dead
no run alive; 2026-09-19_103416_run.log ended: tab 4 slot (1,1) is still empty 8s after the withdrawal. Nothing listed.,11:09:12,dead
recovery attempt 1 failed: recovery refused: Refused: no 'Channel 11' in the server list within 60s. Nothing entered.; attempt 2 in 60s,11:11:06,dead
recovery attempt 2 failed: recovery refused: Refused: no 'Channel 11' in the server list within 60s. Nothing entered.; attempt 3 in 60s,11:14:02,dead
supervisor cancelled with Ctrl x4,11:16:57,dead
supervisor stopped: the screen is 2560x1440 and run.screen requires 1920x1080; nothing started.,00:05:20,dead
no run alive; 2026-09-19_103416_run.log ended: tab 4 slot (1,1) is still empty 8s after the withdrawal. Nothing listed.,00:09:32,dead
collect failed: driver.py --config trung collect exited 1: RuntimeError: no recipe under the 2000-2999 tier reads ['Chaos Core Set', 'x3']; it read ['999', 'and', 'be; carrying on,00:12:47,dead
tab 4 slot (1,1) has no tooltip name; listing it at the panel's price and the full quantity,00:12:51,dead
recovery attempt 1 failed: driver.py --config trung list 1 1 0 4 exited 1: RuntimeError: no recipe under the 2000-2999 tier reads ['Chaos Core Set', 'x3']; it read ['999', 'and'; attempt 2 in 60s,00:14:19,dead
collect failed: driver.py --config trung collect exited 1: RuntimeError: no recipe under the 2000-2999 tier reads ['Chaos Core Set', 'x3']; it read ['999', 'and', 'be; carrying on,00:17:05,dead
tab 4 slot (1,1) has no tooltip name; listing it at the panel's price and the full quantity,00:17:09,dead
recovery attempt 2 failed: driver.py --config trung list 1 1 0 4 exited 1: RuntimeError: no recipe under the 2000-2999 tier reads ['Chaos Core Set', 'x3']; it read ['999', 'and'; attempt 3 in 60s,00:18:37,dead
collect failed: driver.py --config trung collect exited 1: RuntimeError: no recipe under the 2000-2999 tier reads ['Chaos Core Set', 'x3']; it read ['999', 'and', 'be; carrying on,00:21:24,dead
tab 4 slot (1,1) has no tooltip name; listing it at the panel's price and the full quantity,00:21:28,dead
recovery failed 3 times: driver.py --config trung list 1 1 0 4 exited 1: RuntimeError: no recipe under the 2000-2999 tier reads ['Chaos Core Set', 'x3']; it read ['999', 'and'; relogging (1 of 1),00:22:57,dead
relogged: back in the world,00:23:18,dead
collect failed: driver.py --config trung collect exited 1: RuntimeError: no recipe under the 2000-2999 tier reads ['Chaos Core Set', 'x3']; it read ['999', 'and', 'be; carrying on,00:25:00,dead
tab 4 slot (1,1) has no tooltip name; listing it at the panel's price and the full quantity,00:25:04,dead
recovery attempt 1 failed: driver.py --config trung list 1 1 0 4 exited 1: RuntimeError: no recipe under the 2000-2999 tier reads ['Chaos Core Set', 'x3']; it read ['999', 'and'; attempt 2 in 60s,00:26:33,dead
collect failed: driver.py --config trung collect exited 1: RuntimeError: no recipe under the 2000-2999 tier reads ['Chaos Core Set', 'x3']; it read ['999', 'and', 'be; carrying on,00:29:21,dead
tab 4 slot (1,1) has no tooltip name; listing it at the panel's price and the full quantity,00:29:25,dead
recovery attempt 2 failed: driver.py --config trung list 1 1 0 4 exited 1: RuntimeError: no recipe under the 2000-2999 tier reads ['Chaos Core Set', 'x3']; it read ['999', 'and'; attempt 3 in 60s,00:30:53,dead
collect failed: driver.py --config trung collect exited 1: RuntimeError: no recipe under the 2000-2999 tier reads ['Chaos Core Set', 'x3']; it read ['999', 'and', 'be; carrying on,00:33:41,dead
tab 4 slot (1,1) has no tooltip name; listing it at the panel's price and the full quantity,00:33:45,dead
supervisor stopped: driver.py --config trung list 1 1 0 4 exited 1: RuntimeError: no recipe under the 2000-2999 tier reads ['Chaos Core Set', 'x3']; it read ['999', 'and', 'below', '1000', '-', '1999', '2000', '-', '29,00:35:14,dead
no run alive; 2026-09-19_103416_run.log ended: tab 4 slot (1,1) is still empty 8s after the withdrawal. Nothing listed.,22:34:07,dead
relaunched (pid 15420),22:34:29,alive
pushed the profit report for trung,22:48:45,alive
pushed the profit report for trung,23:18:54,alive
pushed the profit report for trung,23:49:02,alive
supervisor cancelled with Ctrl x4,23:57:40,dead
no run alive; 2026-09-19_223425_run.log ended: interrupted from the keyboard,00:36:35,dead
relaunched (pid 19664),00:36:57,alive
pushed the profit report for trung,00:43:14,alive
pushed the profit report for trung,01:13:16,alive
war window, log quiet 154s,01:31:13,alive
pushed the profit report for trung,01:43:23,alive
pushed the profit report for trung,02:13:28,alive
pushed the profit report for trung,02:43:31,alive
server lag: not answering,03:03:51,alive
server lag: the server stalled,03:04:54,alive
pushed the profit report for trung,03:13:36,alive
pushed the profit report for trung,03:43:41,alive
pushed the profit report for trung,04:13:45,alive
war window, log quiet 164s,04:33:04,alive
stop condition: the dialog stayed open after Confirmation on row 14. Whether the cancel committed is unknown -- check by hand.,04:37:56,dead
the dialog stayed open after Confirmation on row 14. Whether the cancel committed is unknown -- check by hand.,04:37:56,dead
the server took the run down: the dialog stayed open after Confirmation on row 14. Whether the cancel committed is unknown -- check by hand.; not counted as a short run,04:37:56,dead
tab 4 slot (1,1) has no tooltip name; listing it at the panel's price and the full quantity,04:43:29,dead
finished: list 1 1 0 4 (whatever is there); 0 slot(s) left,04:44:55,dead
relaunched (pid 15040),04:45:06,alive
pushed the profit report for trung,04:52:05,alive
pushed the profit report for trung,05:22:07,alive
stop condition: row 13 should hold 'wae salah' but position 1 reads 'naa Seon ron) eT 2 219,893 On Sale Change' on one line, and 'Armor Option Scroll (Low) X 1 219,89,05:23:09,dead
row 13 should hold 'wae salah' but position 1 reads 'naa Seon ron) eT 2 219,893 On Sale Change' on one line, and 'Armor Option Scroll (Low) X 1 219,89,05:23:09,dead
relaunched (pid 3136),05:23:28,alive
stop condition: row 13 should hold 'naa Seon ron) eT' but position 1 reads 'wae salah 2 209,893 On Sale Change' on one line, and 'Armor Option Scroll (Low) X 1 209,89,05:33:09,dead
row 13 should hold 'naa Seon ron) eT' but position 1 reads 'wae salah 2 209,893 On Sale Change' on one line, and 'Armor Option Scroll (Low) X 1 209,89,05:33:09,dead
relaunched (pid 14792),05:33:28,alive
stop condition: row 13 should hold 'wae salah' but position 1 reads 'naa Seon ron) eT 2 199,893 On Sale Change' on one line, and 'Armor Option Scroll (Low) X 1 199,89,05:44:32,dead
row 13 should hold 'wae salah' but position 1 reads 'naa Seon ron) eT 2 199,893 On Sale Change' on one line, and 'Armor Option Scroll (Low) X 1 199,89,05:44:32,dead
relaunched (pid 14836),05:44:51,alive
pushed the profit report for trung,05:52:11,alive
stop condition: row 13 should hold 'naa Seon ron) eT' but position 1 reads 'wae salah 2 149,893 On Sale Change' on one line, and 'Armor Option Scroll (Low) X 1 149,89,06:14:56,dead
row 13 should hold 'naa Seon ron) eT' but position 1 reads 'wae salah 2 149,893 On Sale Change' on one line, and 'Armor Option Scroll (Low) X 1 149,89,06:14:57,dead
relaunched (pid 13280),06:15:16,alive
pushed the profit report for trung,06:22:15,alive
stop condition: row 13 should hold 'wae salah' but position 1 reads 'naa Seon ron) eT 2 139,893 On Sale Change' on one line, and 'Armor Option Scroll (Low) X 1 139,89,06:25:21,dead
row 13 should hold 'wae salah' but position 1 reads 'naa Seon ron) eT 2 139,893 On Sale Change' on one line, and 'Armor Option Scroll (Low) X 1 139,89,06:25:21,dead
relaunched (pid 18144),06:25:40,alive
pushed the profit report for trung,06:52:17,alive
supervisor cancelled with Ctrl x4,06:59:31,dead
supervisor stopped: the screen is 2560x1440 and run.screen requires 1920x1080; nothing started.,08:49:45,dead
no run alive; 2026-09-20_062537_run.log ended: interrupted from the keyboard,08:50:11,dead
relaunched (pid 7708),08:50:33,alive
pushed the profit report for trung,08:57:53,alive
pushed the profit report for trung,09:27:59,alive
server lag: not answering,09:44:54,alive
server lag: the server stalled,09:45:57,alive
server lag: the server stalled,09:46:17,alive
supervisor cancelled with Ctrl x4,09:53:13,dead
no run alive; 2026-09-20_085029_run.log ended: interrupted from the keyboard,09:53:53,dead
relaunched (pid 22456),09:54:15,alive
supervisor cancelled with Ctrl x4,09:57:03,dead
no run alive; 2026-09-20_095411_run.log ended: interrupted from the keyboard,10:31:41,dead
relaunched (pid 25936),10:32:02,alive
pushed the profit report for trung,10:38:00,alive
stop condition: the panel will not price 422,221 against its net sales after typing 250. Nothing has been listed.,10:46:18,dead
the panel will not price 422,221 against its net sales after typing 250. Nothing has been listed.,10:46:18,dead
tab 4 slot (1,1) has no tooltip name; listing it at the panel's price and the full quantity,10:49:10,dead
finished: list 1 1 0 4 (whatever is there); 0 slot(s) left,10:50:35,dead
relaunched (pid 12460),10:50:47,alive
pushed the profit report for trung,11:08:09,alive
pushed the profit report for trung,11:38:17,alive
supervisor cancelled with Ctrl x4,11:59:22,dead
no run alive; 2026-09-20_105043_run.log ended: interrupted from the keyboard,22:48:06,dead
relaunched (pid 12872),22:48:27,alive
pushed the profit report for trung,22:54:05,alive
server lag: not answering,23:09:56,alive
server lag: the server stalled,23:10:58,alive
pushed the profit report for trung,23:24:08,alive
server lag: not answering,23:49:16,alive
server lag: the server stalled,23:50:19,alive
server lag: not answering,23:50:40,alive
server lag: the server stalled,23:51:42,alive
server lag: the server stalled,23:52:03,alive
server lag: not answering,23:54:08,alive
pushed the profit report for trung,23:54:11,alive
server lag: the server stalled,23:54:52,alive
server lag: the server stalled,23:55:14,alive
server lag: not answering,00:16:35,alive
server lag: the server stalled,00:17:17,alive
server lag: the server stalled,00:17:38,alive
pushed the profit report for trung,00:24:15,alive
supervisor cancelled with Ctrl x4,00:26:59,dead
no run alive; 2026-09-20_224823_run.log ended: interrupted from the keyboard,00:42:46,dead
relaunched (pid 4288),00:43:07,alive
pushed the profit report for trung,00:51:09,alive
pushed the profit report for trung,01:21:10,alive
war window, log quiet 154s,01:31:54,alive
pushed the profit report for trung,01:51:15,alive
server lag: not answering,02:09:51,alive
server lag: the server stalled,02:10:54,alive
server lag: the server stalled,02:11:15,alive
server lag: not answering,02:11:36,alive
server lag: the server stalled,02:12:39,alive
pushed the profit report for trung,02:21:19,alive
pushed the profit report for trung,02:51:22,alive
pushed the profit report for trung,03:21:26,alive
server lag: not answering,03:33:49,alive
server lag: the server stalled,03:34:52,alive
server lag: not answering,03:44:54,alive
server lag: the server stalled,03:45:56,alive
server lag: the server stalled,03:46:17,alive
pushed the profit report for trung,03:51:31,alive
server lag: not answering,04:01:52,alive
server lag: the server stalled,04:02:55,alive
server lag: not answering,04:07:02,alive
server lag: the server stalled,04:08:05,alive
pushed the profit report for trung,04:21:35,alive
war window, log quiet 156s,04:30:15,alive
server lag: not answering,04:45:08,alive
server lag: the server stalled,04:46:11,alive
server lag: not answering,04:48:56,alive
server lag: the server stalled,04:49:58,alive
server lag: the server stalled,04:50:20,alive
pushed the profit report for trung,04:51:46,alive
server lag: not answering,04:55:34,alive
server lag: the server stalled,04:56:37,alive
server lag: not answering,05:11:49,alive
server lag: the server stalled,05:12:51,alive
pushed the profit report for trung,05:21:53,alive
server lag: not answering,05:39:32,alive
server lag: the server stalled,05:40:35,alive
pushed the profit report for trung,05:52:20,alive
server lag: not answering,06:00:39,alive
server lag: the server stalled,06:01:42,alive
pushed the profit report for trung,06:22:08,alive
server lag: not answering,06:37:42,alive
server lag: the server stalled,06:38:45,alive
server lag: not answering,06:39:06,alive
server lag: the server stalled,06:40:09,alive
server lag: not answering,06:48:48,alive
server lag: the server stalled,06:49:31,alive
server lag: the server stalled,06:49:52,alive
pushed the profit report for trung,06:52:21,alive
supervisor cancelled with Ctrl x4,06:55:48,dead
no run alive; 2026-09-21_004303_run.log ended: interrupted from the keyboard,08:29:59,dead
relaunched (pid 23352),08:30:22,alive
stop condition: the dialog stayed open after Confirmation on row 7. Whether the cancel committed is unknown -- check by hand.,08:35:12,dead
the dialog stayed open after Confirmation on row 7. Whether the cancel committed is unknown -- check by hand.,08:35:12,dead
the server took the run down: the dialog stayed open after Confirmation on row 7. Whether the cancel committed is unknown -- check by hand.; not counted as a short run,08:35:12,dead
relaunched (pid 21300),08:36:12,alive
stop condition: the dialog stayed open after Confirmation on row 7. Whether the cancel committed is unknown -- check by hand.,08:40:21,dead
the dialog stayed open after Confirmation on row 7. Whether the cancel committed is unknown -- check by hand.,08:40:22,dead
the server took the run down: the dialog stayed open after Confirmation on row 7. Whether the cancel committed is unknown -- check by hand.; not counted as a short run,08:40:22,dead
relaunched (pid 4068),08:41:22,alive
stop condition: the dialog stayed open after Confirmation on row 7. Whether the cancel committed is unknown -- check by hand.,08:44:29,dead
the dialog stayed open after Confirmation on row 7. Whether the cancel committed is unknown -- check by hand.,08:44:30,dead
the server took the run down: the dialog stayed open after Confirmation on row 7. Whether the cancel committed is unknown -- check by hand.; not counted as a short run,08:44:30,dead
relaunched (pid 9248),08:45:30,alive
stop condition: the dialog stayed open after Confirmation on row 7. Whether the cancel committed is unknown -- check by hand.,08:48:37,dead
the dialog stayed open after Confirmation on row 7. Whether the cancel committed is unknown -- check by hand.,08:48:38,dead
the server took the run down: the dialog stayed open after Confirmation on row 7. Whether the cancel committed is unknown -- check by hand.; not counted as a short run,08:48:38,dead
relaunched (pid 22172),08:49:38,alive
stop condition: the dialog stayed open after Confirmation on row 7. Whether the cancel committed is unknown -- check by hand.,08:52:44,dead
the dialog stayed open after Confirmation on row 7. Whether the cancel committed is unknown -- check by hand.,08:52:46,dead
the server took the run down: the dialog stayed open after Confirmation on row 7. Whether the cancel committed is unknown -- check by hand.; not counted as a short run,08:52:46,dead
relaunched (pid 4092),08:53:45,alive
stop condition: the dialog stayed open after Confirmation on row 7. Whether the cancel committed is unknown -- check by hand.,08:56:52,dead
the dialog stayed open after Confirmation on row 7. Whether the cancel committed is unknown -- check by hand.,08:56:53,dead
the server took the run down: the dialog stayed open after Confirmation on row 7. Whether the cancel committed is unknown -- check by hand.; not counted as a short run,08:56:53,dead
relaunched (pid 8096),08:57:53,alive
server lag: not answering,09:00:19,alive
server lag: the server stalled,09:01:21,alive
stop condition: the dialog stayed open after Confirmation on row 7. Whether the cancel committed is unknown -- check by hand.,09:04:27,dead
the dialog stayed open after Confirmation on row 7. Whether the cancel committed is unknown -- check by hand.,09:04:28,dead
the server took the run down: the dialog stayed open after Confirmation on row 7. Whether the cancel committed is unknown -- check by hand.; not counted as a short run,09:04:28,dead
relaunched (pid 17932),09:05:27,alive
stop condition: the dialog stayed open after Confirmation on row 7. Whether the cancel committed is unknown -- check by hand.,09:08:55,dead
the dialog stayed open after Confirmation on row 7. Whether the cancel committed is unknown -- check by hand.,09:08:56,dead
the server took the run down: the dialog stayed open after Confirmation on row 7. Whether the cancel committed is unknown -- check by hand.; not counted as a short run,09:08:56,dead
relaunched (pid 13580),09:09:55,alive
stop condition: the dialog stayed open after Confirmation on row 7. Whether the cancel committed is unknown -- check by hand.,09:13:23,dead
the dialog stayed open after Confirmation on row 7. Whether the cancel committed is unknown -- check by hand.,09:13:24,dead
the server took the run down: the dialog stayed open after Confirmation on row 7. Whether the cancel committed is unknown -- check by hand.; not counted as a short run,09:13:24,dead
relaunched (pid 18412),09:14:24,alive
stop condition: the dialog stayed open after Confirmation on row 7. Whether the cancel committed is unknown -- check by hand.,09:17:52,dead
the dialog stayed open after Confirmation on row 7. Whether the cancel committed is unknown -- check by hand.,09:17:52,dead
the server took the run down: the dialog stayed open after Confirmation on row 7. Whether the cancel committed is unknown -- check by hand.; not counted as a short run,09:17:52,dead
supervisor cancelled with Ctrl x4,09:18:06,dead
no run alive; 2026-09-21_091420_run.log ended: the dialog stayed open after Confirmation on row 7. Whether the cancel committed is unknown -- check by hand.,09:25:15,dead
relaunched (pid 6488),09:25:35,alive
pushed the profit report for trung,09:32:31,alive
server lag: not answering,09:36:18,alive
server lag: the server stalled,09:37:20,alive
server lag: not answering,09:54:49,alive
server lag: the server stalled,09:55:51,alive
supervisor cancelled with Ctrl x4,10:00:38,dead
no run alive; 2026-09-21_092532_run.log ended: interrupted from the keyboard,10:34:17,dead
relaunched (pid 22740),10:34:37,alive
pushed the profit report for trung,10:40:31,alive
server lag: not answering,10:44:17,alive
server lag: the server stalled,10:45:19,alive
pushed the profit report for trung,11:10:45,alive
server lag: not answering,11:16:14,dead
stop condition: the panel still holds the item, priced 4,320,119, 8s after Confirmation and 26s of the server not answering; the registration did not go through. Noth,11:16:14,dead
the panel still holds the item, priced 4,320,119, 8s after Confirmation and 26s of the server not answering; the registration did not go through. Noth,11:16:15,dead
recovered: back in the world,11:20:17,dead
listing tab 4 slot (1,1) at the panel's price and the full quantity, the 'Chaos Core Set X 6' the log says is there,11:23:07,dead
finished: list 1 1 0 4 (Chaos Core Set X 6); 0 slot(s) left,11:24:39,dead
relaunched (pid 19700),11:24:50,alive
pushed the profit report for trung,11:41:03,alive
supervisor cancelled with Ctrl x4,11:57:35,dead
no run alive; 2026-09-21_112446_run.log ended: interrupted from the keyboard,11:58:28,dead
relaunched (pid 8328),11:58:49,alive
pushed the profit report for trung,12:04:23,alive
server lag: not answering,12:04:43,alive
server lag: the server stalled,12:05:45,alive
server lag: not answering,12:06:06,alive
server lag: the server stalled,12:07:08,alive
server lag: the server stalled,12:07:29,alive
supervisor cancelled with Ctrl x4,12:27:04,dead
no run alive; 2026-09-21_115845_run.log ended: interrupted from the keyboard,12:43:58,dead
relaunched (pid 3972),12:44:17,alive
pushed the profit report for trung,12:51:34,alive
supervisor cancelled with Ctrl x4,13:01:49,dead
no run alive; 2026-09-21_124414_run.log ended: interrupted from the keyboard,13:02:49,dead
relaunched (pid 10916),13:03:08,alive
pushed the profit report for trung,13:10:27,alive
server lag: not answering,13:11:08,alive
server lag: the server stalled,13:12:10,alive
server lag: not answering,13:18:00,alive
server lag: the server stalled,13:19:02,alive
war window, log quiet 169s,13:30:01,alive
pushed the profit report for trung,13:40:45,alive
supervisor cancelled with Ctrl x4,13:41:25,dead
no run alive; 2026-09-21_130305_run.log ended: interrupted from the keyboard,13:43:05,dead
relaunched (pid 22560),13:43:27,alive
pushed the profit report for trung,13:50:03,alive
supervisor cancelled with Ctrl x4,13:59:15,dead
no run alive; 2026-09-21_134323_run.log ended: interrupted from the keyboard,13:59:32,dead
relaunched (pid 7572),13:59:54,alive
pushed the profit report for trung,14:07:51,alive
server lag: not answering,14:08:12,alive
server lag: the server stalled,14:09:14,alive
server lag: the server stalled,14:09:35,alive
supervisor cancelled with Ctrl x4,14:32:15,dead
no run alive; 2026-09-21_135950_run.log ended: interrupted from the keyboard,14:33:18,dead
relaunched (pid 19636),14:33:40,alive
server lag: not answering,14:39:11,alive
server lag: the server stalled,14:40:13,alive
pushed the profit report for trung,14:44:24,alive
server lag: not answering,15:08:28,alive
server lag: the server stalled,15:09:31,alive
pushed the profit report for trung,15:14:43,alive
supervisor cancelled with Ctrl x4,15:18:30,dead
no run alive; 2026-09-21_143336_run.log ended: interrupted from the keyboard,15:20:54,dead
relaunched (pid 19924),15:21:15,alive
supervisor cancelled with Ctrl x4,15:22:18,dead
no run alive; 2026-09-21_152112_run.log ended: interrupted from the keyboard,15:23:59,dead
relaunched (pid 7272),15:24:21,alive
server lag: not answering,15:26:47,alive
server lag: the server stalled,15:27:49,alive
pushed the profit report for trung,15:31:18,alive
supervisor cancelled with Ctrl x4,15:46:27,dead
no run alive; 2026-09-21_152417_run.log ended: interrupted from the keyboard,16:35:18,dead
relaunched (pid 15984),16:35:39,alive
pushed the profit report for trung,16:44:18,alive
server lag: not answering,16:53:13,alive
server lag: the server stalled,16:54:15,alive
pushed the profit report for trung,16:59:28,alive
server lag: not answering,17:02:32,alive
server lag: the server stalled,17:03:34,alive
server lag: the server stalled,17:03:56,alive
pushed the profit report for trung,17:14:37,alive
server lag: not answering,17:19:46,alive
server lag: the server stalled,17:20:48,alive
pushed the profit report for trung,17:29:47,alive
pushed the profit report for trung,17:44:57,alive
server lag: not answering,17:45:17,alive
server lag: the server stalled,17:46:19,alive
pushed the profit report for trung,18:00:05,alive
supervisor cancelled with Ctrl x4,18:00:25,dead
no run alive; 2026-09-21_163535_run.log ended: interrupted from the keyboard,22:52:21,dead
relaunched (pid 24440),22:52:44,alive
pushed the profit report for trung,23:02:08,alive
pushed the profit report for trung,23:17:24,alive
server lag: not answering,23:31:55,alive
pushed the profit report for trung,23:32:40,alive
server lag: does not count,23:33:00,alive
pushed the profit report for trung,23:47:56,alive
pushed the profit report for trung,00:03:12,alive
pushed the profit report for trung,00:18:28,alive
supervisor cancelled with Ctrl x4,00:29:53,dead
no run alive; 2026-09-21_225240_run.log ended: interrupted from the keyboard,00:41:23,dead
relaunched (pid 23436),00:41:46,alive
pushed the profit report for trung,00:51:13,alive
pushed the profit report for trung,01:06:29,alive
pushed the profit report for trung,01:21:52,alive
war window, log quiet 152s,01:30:31,alive
pushed the profit report for trung,01:36:52,alive
pushed the profit report for trung,01:52:12,alive
pushed the profit report for trung,02:07:32,alive
pushed the profit report for trung,02:22:51,alive
server lag: not answering,02:28:24,alive
server lag: the server stalled,02:29:26,alive
server lag: the server stalled,02:29:49,alive
pushed the profit report for trung,02:37:53,alive
pushed the profit report for trung,02:53:12,alive
pushed the profit report for trung,03:08:32,alive
pushed the profit report for trung,03:23:53,alive
pushed the profit report for trung,03:39:13,alive
pushed the profit report for trung,03:54:15,alive
pushed the profit report for trung,04:09:16,alive
server lag: not answering,04:15:32,alive
server lag: the server stalled,04:16:36,alive
pushed the profit report for trung,04:24:20,alive
war window, log quiet 163s,04:31:00,alive
server lag: not answering,04:37:16,alive
server lag: the server stalled,04:38:19,alive
server lag: does not count,04:38:41,alive
pushed the profit report for trung,04:39:27,alive
pushed the profit report for trung,04:54:31,alive
pushed the profit report for trung,05:09:33,alive
pushed the profit report for trung,05:24:38,alive
pushed the profit report for trung,05:39:49,alive
pushed the profit report for trung,05:54:52,alive
pushed the profit report for trung,06:09:58,alive
stop condition: the panel still holds the item, priced 210,017,639, 3s after Confirmation; the registration did not go through. Nothing is listed.,06:22:53,dead
the panel still holds the item, priced 210,017,639, 3s after Confirmation; the registration did not go through. Nothing is listed.,06:22:53,dead
the log says tab 4 holds 'Chaos Core', which is converted and never listed; converting it,06:26:26,dead
recovery attempt 1 failed: driver.py --config trung craft chaos exited 1: NotReady: nothing loaded into the shop slot from (1,1) after 1 ctrl-click(s). Nothing has been listed. ; attempt 2 in 60s,06:27:57,dead
the log says tab 4 holds 'Chaos Core', which is converted and never listed; converting it,06:31:35,dead
recovery attempt 2 failed: driver.py --config trung craft chaos exited 1: NotReady: nothing loaded into the shop slot from (1,1) after 1 ctrl-click(s). Nothing has been listed. ; attempt 3 in 60s,06:33:05,dead
the log says tab 4 holds 'Chaos Core', which is converted and never listed; converting it,06:35:29,dead
recovery failed 3 times: driver.py --config trung craft chaos exited 1: NotReady: nothing loaded into the shop slot from (1,1) after 1 ctrl-click(s). Nothing has been listed. ; relogging (1 of 1),06:37:00,dead
relogged: back in the world,06:37:30,dead
the log says tab 4 holds 'Chaos Core', which is converted and never listed; converting it,06:38:56,dead
recovery attempt 1 failed: driver.py --config trung craft chaos exited 1: NotReady: nothing loaded into the shop slot from (1,1) after 1 ctrl-click(s). Nothing has been listed. ; attempt 2 in 60s,06:40:27,dead
the log says tab 4 holds 'Chaos Core', which is converted and never listed; converting it,06:43:21,dead
recovery attempt 2 failed: driver.py --config trung craft chaos exited 1: NotReady: nothing loaded into the shop slot from (1,1) after 1 ctrl-click(s). Nothing has been listed. ; attempt 3 in 60s,06:44:51,dead
the log says tab 4 holds 'Chaos Core', which is converted and never listed; converting it,06:47:15,dead
supervisor stopped: driver.py --config trung craft chaos exited 1: NotReady: nothing loaded into the shop slot from (1,1) after 1 ctrl-click(s). Nothing has been listed. Tab 4 slot (1, 1) is left to the Chaos Core Set,06:48:45,dead
no run alive; 2026-09-22_004142_run.log ended: the panel still holds the item, priced 210,017,639, 3s after Confirmation; the registration did not go through. Nothing is listed.,07:08:49,dead
supervisor cancelled with Ctrl x4,07:09:00,dead
no run alive; 2026-09-22_004142_run.log ended: the panel still holds the item, priced 210,017,639, 3s after Confirmation; the registration did not go through. Nothing is listed.,07:34:18,dead
relaunched (pid 1264),07:34:39,alive
stop condition: tab 4 slot (1,1) is still empty 3s after the withdrawal. Nothing listed.,07:53:37,dead
tab 4 slot (1,1) is still empty 3s after the withdrawal. Nothing listed.,07:53:38,dead
relaunched (pid 11520),07:53:56,alive
stop condition: tab 4 slot (1,1) is still empty 3s after the withdrawal. Nothing listed.,07:59:30,dead
tab 4 slot (1,1) is still empty 3s after the withdrawal. Nothing listed.,07:59:30,dead
relaunched (pid 14716),07:59:48,alive
server lag: not answering,08:00:31,alive
supervisor cancelled with Ctrl x4,08:01:33,dead
no run alive; 2026-09-22_075944_run.log ended: interrupted from the keyboard,08:03:06,dead
relaunched (pid 25008),08:03:28,alive
supervisor cancelled with Ctrl x4,08:10:02,dead
no run alive; 2026-09-22_080324_run.log ended: interrupted from the keyboard,08:10:18,dead
relaunched (pid 25656),08:10:39,alive
pushed the profit report for trung,08:22:28,alive
supervisor cancelled with Ctrl x4,08:28:19,dead
no run alive; 2026-09-22_081036_run.log ended: interrupted from the keyboard,08:28:35,dead
relaunched (pid 26284),08:28:56,alive
pushed the profit report for trung,08:38:00,alive
pushed the profit report for trung,08:53:14,alive
pushed the profit report for trung,09:08:30,alive
server lag: not answering,09:13:19,alive
server lag: the server stalled,09:14:22,alive
server lag: the server stalled,09:14:43,alive
pushed the profit report for trung,09:23:46,alive
pushed the profit report for trung,09:39:03,alive
pushed the profit report for trung,09:54:19,alive
server lag: not answering,10:02:36,alive
server lag: the server stalled,10:03:39,alive
pushed the profit report for trung,10:09:37,alive
pushed the profit report for trung,10:24:56,alive
war window, log quiet 152s,10:34:38,alive
pushed the profit report for trung,10:40:18,alive
pushed the profit report for trung,10:55:39,alive
pushed the profit report for trung,11:10:39,alive
server lag: not answering,11:21:24,alive
server lag: the server stalled,11:22:27,alive
server lag: the server stalled,11:22:48,alive
pushed the profit report for trung,11:25:59,alive
pushed the profit report for trung,11:41:19,alive
pushed the profit report for trung,11:56:19,alive
pushed the profit report for trung,12:11:22,alive
pushed the profit report for trung,12:26:24,alive
server lag: not answering,12:31:15,alive
server lag: the server stalled,12:32:18,alive
pushed the profit report for trung,12:41:26,alive
pushed the profit report for trung,12:56:30,alive
pushed the profit report for trung,13:11:35,alive
server lag: not answering,13:14:02,alive
server lag: the server stalled,13:15:05,alive
server lag: the server stalled,13:15:26,alive
server lag: not answering,13:24:11,alive
server lag: the server stalled,13:25:15,alive
server lag: the server stalled,13:25:35,alive
pushed the profit report for trung,13:26:44,alive
war window, log quiet 158s,13:31:18,alive
pushed the profit report for trung,13:41:54,alive
pushed the profit report for trung,13:57:06,alive
pushed the profit report for trung,14:12:19,alive
server lag: not answering,14:12:40,alive
server lag: the server stalled,14:13:24,alive
pushed the profit report for trung,14:27:33,alive
supervisor cancelled with Ctrl x4,14:37:41,dead
no run alive; 2026-09-22_082853_run.log ended: interrupted from the keyboard,14:38:01,dead
relaunched (pid 2648),14:38:25,alive
pushed the profit report for trung,14:47:20,alive
pushed the profit report for trung,15:02:26,alive
pushed the profit report for trung,15:17:37,alive
pushed the profit report for trung,15:32:44,alive
server lag: not answering,15:45:43,alive
server lag: the server stalled,15:46:47,alive
pushed the profit report for trung,15:48:00,alive
pushed the profit report for trung,16:03:17,alive
pushed the profit report for trung,16:18:32,alive
server lag: not answering,16:27:40,alive
server lag: the server stalled,16:28:44,alive
server lag: the server stalled,16:29:06,alive
war window, log quiet 165s,16:31:34,alive
pushed the profit report for trung,16:33:49,alive
pushed the profit report for trung,16:49:11,alive
server lag: not answering,16:59:05,alive
server lag: the server stalled,17:00:10,alive
server lag: not answering,17:00:32,alive
server lag: the server stalled,17:01:37,alive
server lag: not answering,17:01:58,alive
server lag: the server stalled,17:03:02,alive
pushed the profit report for trung,17:04:15,alive
pushed the profit report for trung,17:19:38,alive
pushed the profit report for trung,17:34:40,alive
pushed the profit report for trung,17:49:42,alive
pushed the profit report for trung,18:04:44,alive
pushed the profit report for trung,18:19:51,alive
pushed the profit report for trung,18:34:57,alive
supervisor cancelled with Ctrl x4,18:47:25,dead
supervisor stopped: the screen is 2560x1440 and run.screen requires 1920x1080; nothing started.,23:04:15,dead
no run alive; 2026-09-22_143822_run.log ended: interrupted from the keyboard,23:18:26,dead
relaunched (pid 2812),23:18:48,alive
supervisor cancelled with Ctrl x4,23:19:31,dead
no run alive; 2026-09-22_231844_run.log ended: interrupted from the keyboard,23:33:17,dead
relaunched (pid 9488),23:33:38,alive
stop condition: the dialog stayed open after Confirmation. Whether the listing committed is unknown -- check the shop by hand.,23:42:17,dead
the dialog stayed open after Confirmation. Whether the listing committed is unknown -- check the shop by hand.,23:42:18,dead
the server took the run down: the dialog stayed open after Confirmation. Whether the listing committed is unknown -- check the shop by hand.; not counted as a short run,23:42:18,dead
relaunched (pid 25812),23:42:46,alive
stop condition: the dialog stayed open after Confirmation. Whether the listing committed is unknown -- check the shop by hand.,23:50:02,dead
the dialog stayed open after Confirmation. Whether the listing committed is unknown -- check the shop by hand.,23:50:03,dead
the server took the run down: the dialog stayed open after Confirmation. Whether the listing committed is unknown -- check the shop by hand.; not counted as a short run,23:50:03,dead
relaunched (pid 6040),23:50:31,alive
pushed the profit report for trung,23:59:16,alive
server lag: not answering,23:59:56,alive
server lag: the server stalled,00:00:39,alive
server lag: the server stalled,00:01:00,alive
stop condition: the dialog stayed open after Confirmation. Whether the listing committed is unknown -- check the shop by hand.,00:05:30,dead
the dialog stayed open after Confirmation. Whether the listing committed is unknown -- check the shop by hand.,00:05:31,dead
the server took the run down: the dialog stayed open after Confirmation. Whether the listing committed is unknown -- check the shop by hand.; not counted as a short run,00:05:31,dead
relaunched (pid 10824),00:05:59,alive
stop condition: the dialog stayed open after Confirmation. Whether the listing committed is unknown -- check the shop by hand.,00:12:34,dead
the dialog stayed open after Confirmation. Whether the listing committed is unknown -- check the shop by hand.,00:12:34,dead
the server took the run down: the dialog stayed open after Confirmation. Whether the listing committed is unknown -- check the shop by hand.; not counted as a short run,00:12:34,dead
relaunched (pid 4584),00:13:03,alive
server lag: not answering,00:13:46,alive
server lag: the server stalled,00:14:48,alive
stop condition: the dialog stayed open after Confirmation. Whether the listing committed is unknown -- check the shop by hand.,00:20:41,dead
the dialog stayed open after Confirmation. Whether the listing committed is unknown -- check the shop by hand.,00:20:41,dead
the server took the run down: the dialog stayed open after Confirmation. Whether the listing committed is unknown -- check the shop by hand.; not counted as a short run,00:20:41,dead
relaunched (pid 24768),00:21:10,alive
stop condition: the dialog stayed open after Confirmation. Whether the listing committed is unknown -- check the shop by hand.,00:27:23,dead
the dialog stayed open after Confirmation. Whether the listing committed is unknown -- check the shop by hand.,00:27:24,dead
the server took the run down: the dialog stayed open after Confirmation. Whether the listing committed is unknown -- check the shop by hand.; not counted as a short run,00:27:24,dead
relaunched (pid 6620),00:27:53,alive
pushed the profit report for trung,00:35:53,alive
stop condition: the dialog stayed open after Confirmation. Whether the listing committed is unknown -- check the shop by hand.,00:40:22,dead
the dialog stayed open after Confirmation. Whether the listing committed is unknown -- check the shop by hand.,00:40:24,dead
the server took the run down: the dialog stayed open after Confirmation. Whether the listing committed is unknown -- check the shop by hand.; not counted as a short run,00:40:24,dead
relaunched (pid 14024),00:40:53,alive
stop condition: the dialog stayed open after Confirmation. Whether the listing committed is unknown -- check the shop by hand.,00:47:49,dead
the dialog stayed open after Confirmation. Whether the listing committed is unknown -- check the shop by hand.,00:47:49,dead
the server took the run down: the dialog stayed open after Confirmation. Whether the listing committed is unknown -- check the shop by hand.; not counted as a short run,00:47:49,dead
relaunched (pid 11520),00:48:19,alive
stop condition: the dialog stayed open after Confirmation. Whether the listing committed is unknown -- check the shop by hand.,00:54:34,dead
the dialog stayed open after Confirmation. Whether the listing committed is unknown -- check the shop by hand.,00:54:35,dead
the server took the run down: the dialog stayed open after Confirmation. Whether the listing committed is unknown -- check the shop by hand.; not counted as a short run,00:54:35,dead
relaunched (pid 26276),00:55:04,alive
RuntimeError: the dialog stayed open after Confirmation on the relist; unconfirmed.,00:56:48,dead
the server took the run down: RuntimeError: the dialog stayed open after Confirmation on the relist; unconfirmed.; not counted as a short run,00:56:48,dead
relaunched (pid 23048),00:57:17,alive
RuntimeError: the dialog stayed open after Confirmation on the relist; unconfirmed.,00:59:02,dead
the server took the run down: RuntimeError: the dialog stayed open after Confirmation on the relist; unconfirmed.; not counted as a short run,00:59:02,dead
relaunched (pid 24516),00:59:30,alive
RuntimeError: the dialog stayed open after Confirmation on the relist; unconfirmed.,01:01:15,dead
the server took the run down: RuntimeError: the dialog stayed open after Confirmation on the relist; unconfirmed.; not counted as a short run,01:01:15,dead
relaunched (pid 9588),01:01:44,alive
RuntimeError: the dialog stayed open after Confirmation on the relist; unconfirmed.,01:03:29,dead
the server took the run down: RuntimeError: the dialog stayed open after Confirmation on the relist; unconfirmed.; not counted as a short run,01:03:29,dead
relaunched (pid 2992),01:03:57,alive
RuntimeError: the dialog stayed open after Confirmation on the relist; unconfirmed.,01:05:42,dead
the server took the run down: RuntimeError: the dialog stayed open after Confirmation on the relist; unconfirmed.; not counted as a short run,01:05:42,dead
relaunched (pid 27304),01:06:11,alive
server lag: not answering,01:06:54,alive
server lag: the server stalled,01:07:57,alive
RuntimeError: the dialog stayed open after Confirmation on the relist; unconfirmed.,01:09:41,dead
the server took the run down: RuntimeError: the dialog stayed open after Confirmation on the relist; unconfirmed.; not counted as a short run,01:09:41,dead
relaunched (pid 27116),01:10:10,alive
RuntimeError: the dialog stayed open after Confirmation on the relist; unconfirmed.,01:11:55,dead
the server took the run down: RuntimeError: the dialog stayed open after Confirmation on the relist; unconfirmed.; not counted as a short run,01:11:55,dead
relaunched (pid 21320),01:12:23,alive
RuntimeError: the dialog stayed open after Confirmation on the relist; unconfirmed.,01:14:08,dead
the server took the run down: RuntimeError: the dialog stayed open after Confirmation on the relist; unconfirmed.; not counted as a short run,01:14:08,dead
relaunched (pid 26236),01:14:36,alive
RuntimeError: the dialog stayed open after Confirmation on the relist; unconfirmed.,01:16:21,dead
the server took the run down: RuntimeError: the dialog stayed open after Confirmation on the relist; unconfirmed.; not counted as a short run,01:16:21,dead
relaunched (pid 26672),01:16:49,alive
RuntimeError: the dialog stayed open after Confirmation on the relist; unconfirmed.,01:18:34,dead
the server took the run down: RuntimeError: the dialog stayed open after Confirmation on the relist; unconfirmed.; not counted as a short run,01:18:34,dead
relaunched (pid 7416),01:19:03,alive
RuntimeError: the dialog stayed open after Confirmation on the relist; unconfirmed.,01:20:48,dead
the server took the run down: RuntimeError: the dialog stayed open after Confirmation on the relist; unconfirmed.; not counted as a short run,01:20:48,dead
relaunched (pid 27052),01:21:16,alive
server lag: not answering,01:22:19,alive
server lag: the server stalled,01:23:01,alive
RuntimeError: the dialog stayed open after Confirmation on the relist; unconfirmed.,01:24:45,dead
the server took the run down: RuntimeError: the dialog stayed open after Confirmation on the relist; unconfirmed.; not counted as a short run,01:24:45,dead
relaunched (pid 23032),01:25:14,alive
RuntimeError: the dialog stayed open after Confirmation on the relist; unconfirmed.,01:26:59,dead
the server took the run down: RuntimeError: the dialog stayed open after Confirmation on the relist; unconfirmed.; not counted as a short run,01:26:59,dead
relaunched (pid 27304),01:27:28,alive
RuntimeError: the dialog stayed open after Confirmation on the relist; unconfirmed.,01:29:12,dead
the server took the run down: RuntimeError: the dialog stayed open after Confirmation on the relist; unconfirmed.; not counted as a short run,01:29:12,dead
relaunched (pid 5488),01:29:41,alive
RuntimeError: the dialog stayed open after Confirmation on the relist; unconfirmed.,01:31:26,dead
the server took the run down: RuntimeError: the dialog stayed open after Confirmation on the relist; unconfirmed.; not counted as a short run,01:31:26,dead
relaunched (pid 14992),01:31:54,alive
RuntimeError: the dialog stayed open after Confirmation on the relist; unconfirmed.,01:33:39,dead
the server took the run down: RuntimeError: the dialog stayed open after Confirmation on the relist; unconfirmed.; not counted as a short run,01:33:39,dead
relaunched (pid 18896),01:34:08,alive
RuntimeError: the dialog stayed open after Confirmation on the relist; unconfirmed.,01:35:53,dead
the server took the run down: RuntimeError: the dialog stayed open after Confirmation on the relist; unconfirmed.; not counted as a short run,01:35:53,dead
relaunched (pid 23676),01:36:22,alive
RuntimeError: the dialog stayed open after Confirmation on the relist; unconfirmed.,01:38:07,dead
the server took the run down: RuntimeError: the dialog stayed open after Confirmation on the relist; unconfirmed.; not counted as a short run,01:38:07,dead
relaunched (pid 27552),01:38:36,alive
server lag: not answering,01:39:19,alive
server lag: the server stalled,01:40:21,alive
RuntimeError: the dialog stayed open after Confirmation on the relist; unconfirmed.,01:42:06,dead
the server took the run down: RuntimeError: the dialog stayed open after Confirmation on the relist; unconfirmed.; not counted as a short run,01:42:06,dead
relaunched (pid 26688),01:42:34,alive
RuntimeError: the dialog stayed open after Confirmation on the relist; unconfirmed.,01:44:19,dead
the server took the run down: RuntimeError: the dialog stayed open after Confirmation on the relist; unconfirmed.; not counted as a short run,01:44:19,dead
relaunched (pid 22944),01:44:48,alive
RuntimeError: the dialog stayed open after Confirmation on the relist; unconfirmed.,01:46:33,dead
the server took the run down: RuntimeError: the dialog stayed open after Confirmation on the relist; unconfirmed.; not counted as a short run,01:46:33,dead
relaunched (pid 16024),01:47:02,alive
RuntimeError: the dialog stayed open after Confirmation on the relist; unconfirmed.,01:48:46,dead
the server took the run down: RuntimeError: the dialog stayed open after Confirmation on the relist; unconfirmed.; not counted as a short run,01:48:46,dead
relaunched (pid 11220),01:49:15,alive
RuntimeError: the dialog stayed open after Confirmation on the relist; unconfirmed.,01:51:00,dead
the server took the run down: RuntimeError: the dialog stayed open after Confirmation on the relist; unconfirmed.; not counted as a short run,01:51:00,dead
relaunched (pid 22332),01:51:29,alive
RuntimeError: the dialog stayed open after Confirmation on the relist; unconfirmed.,01:53:14,dead
the server took the run down: RuntimeError: the dialog stayed open after Confirmation on the relist; unconfirmed.; not counted as a short run,01:53:14,dead
relaunched (pid 8136),01:53:43,alive
RuntimeError: the dialog stayed open after Confirmation on the relist; unconfirmed.,01:55:28,dead
the server took the run down: RuntimeError: the dialog stayed open after Confirmation on the relist; unconfirmed.; not counted as a short run,01:55:28,dead
relaunched (pid 26848),01:55:57,alive
server lag: not answering,01:56:40,alive
server lag: the server stalled,01:57:42,alive
RuntimeError: the dialog stayed open after Confirmation on the relist; unconfirmed.,01:59:06,dead
the server took the run down: RuntimeError: the dialog stayed open after Confirmation on the relist; unconfirmed.; not counted as a short run,01:59:06,dead
relaunched (pid 26888),01:59:35,alive
RuntimeError: the dialog stayed open after Confirmation on the relist; unconfirmed.,02:01:20,dead
the server took the run down: RuntimeError: the dialog stayed open after Confirmation on the relist; unconfirmed.; not counted as a short run,02:01:20,dead
relaunched (pid 9792),02:01:49,alive
RuntimeError: the dialog stayed open after Confirmation on the relist; unconfirmed.,02:03:34,dead
the server took the run down: RuntimeError: the dialog stayed open after Confirmation on the relist; unconfirmed.; not counted as a short run,02:03:34,dead
relaunched (pid 17132),02:04:03,alive
RuntimeError: the dialog stayed open after Confirmation on the relist; unconfirmed.,02:05:48,dead
the server took the run down: RuntimeError: the dialog stayed open after Confirmation on the relist; unconfirmed.; not counted as a short run,02:05:48,dead
relaunched (pid 9324),02:06:17,alive
RuntimeError: the dialog stayed open after Confirmation on the relist; unconfirmed.,02:08:02,dead
the server took the run down: RuntimeError: the dialog stayed open after Confirmation on the relist; unconfirmed.; not counted as a short run,02:08:02,dead
relaunched (pid 21940),02:08:31,alive
RuntimeError: the dialog stayed open after Confirmation on the relist; unconfirmed.,02:10:15,dead
the server took the run down: RuntimeError: the dialog stayed open after Confirmation on the relist; unconfirmed.; not counted as a short run,02:10:15,dead
relaunched (pid 24728),02:10:44,alive
RuntimeError: the dialog stayed open after Confirmation on the relist; unconfirmed.,02:12:29,dead
the server took the run down: RuntimeError: the dialog stayed open after Confirmation on the relist; unconfirmed.; not counted as a short run,02:12:29,dead
relaunched (pid 17336),02:12:58,alive
RuntimeError: the dialog stayed open after Confirmation on the relist; unconfirmed.,02:14:43,dead
the server took the run down: RuntimeError: the dialog stayed open after Confirmation on the relist; unconfirmed.; not counted as a short run,02:14:43,dead
relaunched (pid 26268),02:15:11,alive
RuntimeError: the dialog stayed open after Confirmation on the relist; unconfirmed.,02:16:56,dead
the server took the run down: RuntimeError: the dialog stayed open after Confirmation on the relist; unconfirmed.; not counted as a short run,02:16:56,dead
relaunched (pid 11916),02:17:25,alive
RuntimeError: the dialog stayed open after Confirmation on the relist; unconfirmed.,02:19:09,dead
the server took the run down: RuntimeError: the dialog stayed open after Confirmation on the relist; unconfirmed.; not counted as a short run,02:19:09,dead
relaunched (pid 12308),02:19:38,alive
RuntimeError: the dialog stayed open after Confirmation on the relist; unconfirmed.,02:21:23,dead
the server took the run down: RuntimeError: the dialog stayed open after Confirmation on the relist; unconfirmed.; not counted as a short run,02:21:23,dead
relaunched (pid 22072),02:21:52,alive
RuntimeError: the dialog stayed open after Confirmation on the relist; unconfirmed.,02:23:37,dead
the server took the run down: RuntimeError: the dialog stayed open after Confirmation on the relist; unconfirmed.; not counted as a short run,02:23:37,dead
relaunched (pid 4584),02:24:06,alive
RuntimeError: the dialog stayed open after Confirmation on the relist; unconfirmed.,02:25:51,dead
the server took the run down: RuntimeError: the dialog stayed open after Confirmation on the relist; unconfirmed.; not counted as a short run,02:25:51,dead
relaunched (pid 10624),02:26:20,alive
RuntimeError: the dialog stayed open after Confirmation on the relist; unconfirmed.,02:28:04,dead
the server took the run down: RuntimeError: the dialog stayed open after Confirmation on the relist; unconfirmed.; not counted as a short run,02:28:04,dead
relaunched (pid 23568),02:28:33,alive
RuntimeError: the dialog stayed open after Confirmation on the relist; unconfirmed.,02:30:18,dead
the server took the run down: RuntimeError: the dialog stayed open after Confirmation on the relist; unconfirmed.; not counted as a short run,02:30:18,dead
relaunched (pid 12200),02:30:47,alive
RuntimeError: the dialog stayed open after Confirmation on the relist; unconfirmed.,02:32:32,dead
the server took the run down: RuntimeError: the dialog stayed open after Confirmation on the relist; unconfirmed.; not counted as a short run,02:32:32,dead
relaunched (pid 20992),02:33:00,alive
RuntimeError: the dialog stayed open after Confirmation on the relist; unconfirmed.,02:34:45,dead
the server took the run down: RuntimeError: the dialog stayed open after Confirmation on the relist; unconfirmed.; not counted as a short run,02:34:45,dead
relaunched (pid 22244),02:35:14,alive
RuntimeError: the dialog stayed open after Confirmation on the relist; unconfirmed.,02:36:59,dead
the server took the run down: RuntimeError: the dialog stayed open after Confirmation on the relist; unconfirmed.; not counted as a short run,02:36:59,dead
relaunched (pid 23860),02:37:28,alive
RuntimeError: the dialog stayed open after Confirmation on the relist; unconfirmed.,02:39:13,dead
the server took the run down: RuntimeError: the dialog stayed open after Confirmation on the relist; unconfirmed.; not counted as a short run,02:39:13,dead
relaunched (pid 7696),02:39:42,alive
RuntimeError: the dialog stayed open after Confirmation on the relist; unconfirmed.,02:41:26,dead
the server took the run down: RuntimeError: the dialog stayed open after Confirmation on the relist; unconfirmed.; not counted as a short run,02:41:26,dead
relaunched (pid 24028),02:41:55,alive
RuntimeError: the dialog stayed open after Confirmation on the relist; unconfirmed.,02:43:40,dead
the server took the run down: RuntimeError: the dialog stayed open after Confirmation on the relist; unconfirmed.; not counted as a short run,02:43:40,dead
relaunched (pid 17520),02:44:09,alive
RuntimeError: the dialog stayed open after Confirmation on the relist; unconfirmed.,02:45:54,dead
the server took the run down: RuntimeError: the dialog stayed open after Confirmation on the relist; unconfirmed.; not counted as a short run,02:45:54,dead
relaunched (pid 14064),02:46:23,alive
RuntimeError: the dialog stayed open after Confirmation on the relist; unconfirmed.,02:48:07,dead
the server took the run down: RuntimeError: the dialog stayed open after Confirmation on the relist; unconfirmed.; not counted as a short run,02:48:07,dead
relaunched (pid 13020),02:48:36,alive
RuntimeError: the dialog stayed open after Confirmation on the relist; unconfirmed.,02:50:21,dead
the server took the run down: RuntimeError: the dialog stayed open after Confirmation on the relist; unconfirmed.; not counted as a short run,02:50:21,dead
relaunched (pid 396),02:50:50,alive
server lag: not answering,02:51:53,alive
server lag: the server stalled,02:52:56,alive
RuntimeError: the dialog stayed open after Confirmation on the relist; unconfirmed.,02:54:19,dead
the server took the run down: RuntimeError: the dialog stayed open after Confirmation on the relist; unconfirmed.; not counted as a short run,02:54:19,dead
relaunched (pid 11184),02:54:48,alive
RuntimeError: the dialog stayed open after Confirmation on the relist; unconfirmed.,02:56:33,dead
the server took the run down: RuntimeError: the dialog stayed open after Confirmation on the relist; unconfirmed.; not counted as a short run,02:56:33,dead
relaunched (pid 17396),02:57:02,alive
RuntimeError: the dialog stayed open after Confirmation on the relist; unconfirmed.,02:58:47,dead
the server took the run down: RuntimeError: the dialog stayed open after Confirmation on the relist; unconfirmed.; not counted as a short run,02:58:47,dead
relaunched (pid 22744),02:59:15,alive
RuntimeError: the dialog stayed open after Confirmation on the relist; unconfirmed.,03:01:01,dead
the server took the run down: RuntimeError: the dialog stayed open after Confirmation on the relist; unconfirmed.; not counted as a short run,03:01:01,dead
relaunched (pid 17196),03:01:30,alive
RuntimeError: the dialog stayed open after Confirmation on the relist; unconfirmed.,03:03:14,dead
the server took the run down: RuntimeError: the dialog stayed open after Confirmation on the relist; unconfirmed.; not counted as a short run,03:03:14,dead
relaunched (pid 24976),03:03:43,alive
RuntimeError: the dialog stayed open after Confirmation on the relist; unconfirmed.,03:05:28,dead
the server took the run down: RuntimeError: the dialog stayed open after Confirmation on the relist; unconfirmed.; not counted as a short run,03:05:28,dead
relaunched (pid 19904),03:05:57,alive
RuntimeError: the dialog stayed open after Confirmation on the relist; unconfirmed.,03:07:42,dead
the server took the run down: RuntimeError: the dialog stayed open after Confirmation on the relist; unconfirmed.; not counted as a short run,03:07:42,dead
listing tab 4 slot (1,1) at the panel's price and the full quantity, whatever it is,03:09:30,dead
finished: list 1 1 0 4 (unnamed); 0 slot(s) left,03:09:42,dead
relaunched (pid 27416),03:09:54,alive
RuntimeError: the dialog stayed open after Confirmation on the relist; unconfirmed.,03:11:38,dead
the server took the run down: RuntimeError: the dialog stayed open after Confirmation on the relist; unconfirmed.; not counted as a short run,03:11:38,dead
relaunched (pid 24524),03:12:08,alive
stop condition: the dialog stayed open after Confirmation. Whether the listing committed is unknown -- check the shop by hand.,03:15:57,dead
the dialog stayed open after Confirmation. Whether the listing committed is unknown -- check the shop by hand.,03:15:57,dead
the server took the run down: the dialog stayed open after Confirmation. Whether the listing committed is unknown -- check the shop by hand.; not counted as a short run,03:15:57,dead
relaunched (pid 25704),03:16:26,alive
server lag: not answering,03:17:29,alive
server lag: the server stalled,03:18:11,alive
server lag: the server stalled,03:18:32,alive
server lag: not answering,03:21:38,alive
server lag: the server stalled,03:22:40,alive
pushed the profit report for trung,03:27:14,alive
server lag: not answering,03:28:56,alive
server lag: the server stalled,03:29:59,alive
stop condition: the dialog stayed open after Confirmation. Whether the listing committed is unknown -- check the shop by hand.,03:35:31,dead
the dialog stayed open after Confirmation. Whether the listing committed is unknown -- check the shop by hand.,03:35:31,dead
the server took the run down: the dialog stayed open after Confirmation. Whether the listing committed is unknown -- check the shop by hand.; not counted as a short run,03:35:31,dead
relaunched (pid 27480),03:36:00,alive
stop condition: the dialog stayed open after Confirmation. Whether the listing committed is unknown -- check the shop by hand.,03:39:49,dead
the dialog stayed open after Confirmation. Whether the listing committed is unknown -- check the shop by hand.,03:39:49,dead
the server took the run down: the dialog stayed open after Confirmation. Whether the listing committed is unknown -- check the shop by hand.; not counted as a short run,03:39:49,dead
relaunched (pid 5180),03:40:18,alive
stop condition: the dialog stayed open after Confirmation. Whether the listing committed is unknown -- check the shop by hand.,03:45:29,dead
the dialog stayed open after Confirmation. Whether the listing committed is unknown -- check the shop by hand.,03:45:31,dead
the server took the run down: the dialog stayed open after Confirmation. Whether the listing committed is unknown -- check the shop by hand.; not counted as a short run,03:45:31,dead
relaunched (pid 8276),03:46:00,alive
server lag: not answering,03:48:47,alive
server lag: the server stalled,03:49:50,alive
stop condition: the dialog stayed open after Confirmation. Whether the listing committed is unknown -- check the shop by hand.,03:51:12,dead
the dialog stayed open after Confirmation. Whether the listing committed is unknown -- check the shop by hand.,03:51:14,dead
the server took the run down: the dialog stayed open after Confirmation. Whether the listing committed is unknown -- check the shop by hand.; not counted as a short run,03:51:14,dead
relaunched (pid 6512),03:51:43,alive
stop condition: the dialog stayed open after Confirmation. Whether the listing committed is unknown -- check the shop by hand.,03:55:32,dead
the dialog stayed open after Confirmation. Whether the listing committed is unknown -- check the shop by hand.,03:55:32,dead
the server took the run down: the dialog stayed open after Confirmation. Whether the listing committed is unknown -- check the shop by hand.; not counted as a short run,03:55:32,dead
relaunched (pid 18428),03:56:01,alive
stop condition: the dialog stayed open after Confirmation. Whether the listing committed is unknown -- check the shop by hand.,03:59:50,dead
the dialog stayed open after Confirmation. Whether the listing committed is unknown -- check the shop by hand.,03:59:50,dead
the server took the run down: the dialog stayed open after Confirmation. Whether the listing committed is unknown -- check the shop by hand.; not counted as a short run,03:59:50,dead
relaunched (pid 7508),04:00:19,alive
stop condition: the dialog stayed open after Confirmation. Whether the listing committed is unknown -- check the shop by hand.,04:04:08,dead
the dialog stayed open after Confirmation. Whether the listing committed is unknown -- check the shop by hand.,04:04:08,dead
the server took the run down: the dialog stayed open after Confirmation. Whether the listing committed is unknown -- check the shop by hand.; not counted as a short run,04:04:08,dead
relaunched (pid 5492),04:04:38,alive
stop condition: the dialog stayed open after Confirmation. Whether the listing committed is unknown -- check the shop by hand.,04:08:27,dead
the dialog stayed open after Confirmation. Whether the listing committed is unknown -- check the shop by hand.,04:08:27,dead
the server took the run down: the dialog stayed open after Confirmation. Whether the listing committed is unknown -- check the shop by hand.; not counted as a short run,04:08:27,dead
relaunched (pid 9620),04:08:56,alive
stop condition: the dialog stayed open after Confirmation. Whether the listing committed is unknown -- check the shop by hand.,04:12:25,dead
the dialog stayed open after Confirmation. Whether the listing committed is unknown -- check the shop by hand.,04:12:25,dead
the server took the run down: the dialog stayed open after Confirmation. Whether the listing committed is unknown -- check the shop by hand.; not counted as a short run,04:12:25,dead
relaunched (pid 24288),04:12:54,alive
stop condition: the dialog stayed open after Confirmation. Whether the listing committed is unknown -- check the shop by hand.,04:16:23,dead
the dialog stayed open after Confirmation. Whether the listing committed is unknown -- check the shop by hand.,04:16:23,dead
the server took the run down: the dialog stayed open after Confirmation. Whether the listing committed is unknown -- check the shop by hand.; not counted as a short run,04:16:23,dead
relaunched (pid 5200),04:16:53,alive
stop condition: the dialog stayed open after Confirmation. Whether the listing committed is unknown -- check the shop by hand.,04:20:21,dead
the dialog stayed open after Confirmation. Whether the listing committed is unknown -- check the shop by hand.,04:20:22,dead
the server took the run down: the dialog stayed open after Confirmation. Whether the listing committed is unknown -- check the shop by hand.; not counted as a short run,04:20:22,dead
relaunched (pid 13020),04:20:51,alive
stop condition: the dialog stayed open after Confirmation. Whether the listing committed is unknown -- check the shop by hand.,04:24:20,dead
the dialog stayed open after Confirmation. Whether the listing committed is unknown -- check the shop by hand.,04:24:20,dead
the server took the run down: the dialog stayed open after Confirmation. Whether the listing committed is unknown -- check the shop by hand.; not counted as a short run,04:24:20,dead
relaunched (pid 11372),04:24:49,alive
stop condition: the dialog stayed open after Confirmation. Whether the listing committed is unknown -- check the shop by hand.,04:28:18,dead
the dialog stayed open after Confirmation. Whether the listing committed is unknown -- check the shop by hand.,04:28:18,dead
the server took the run down: the dialog stayed open after Confirmation. Whether the listing committed is unknown -- check the shop by hand.; not counted as a short run,04:28:18,dead
relaunched (pid 21756),04:28:47,alive
war window, log quiet 165s,04:33:39,alive
pushed the profit report for trung,04:43:24,alive
stop condition: the dialog stayed open after Confirmation. Whether the listing committed is unknown -- check the shop by hand.,04:46:29,dead
the dialog stayed open after Confirmation. Whether the listing committed is unknown -- check the shop by hand.,04:46:30,dead
the server took the run down: the dialog stayed open after Confirmation. Whether the listing committed is unknown -- check the shop by hand.; not counted as a short run,04:46:30,dead
relaunched (pid 26260),04:47:00,alive
stop condition: the dialog stayed open after Confirmation. Whether the listing committed is unknown -- check the shop by hand.,04:50:49,dead
the dialog stayed open after Confirmation. Whether the listing committed is unknown -- check the shop by hand.,04:50:49,dead
the server took the run down: the dialog stayed open after Confirmation. Whether the listing committed is unknown -- check the shop by hand.; not counted as a short run,04:50:49,dead
relaunched (pid 15708),04:51:18,alive
stop condition: the dialog stayed open after Confirmation. Whether the listing committed is unknown -- check the shop by hand.,04:55:07,dead
the dialog stayed open after Confirmation. Whether the listing committed is unknown -- check the shop by hand.,04:55:08,dead
the server took the run down: the dialog stayed open after Confirmation. Whether the listing committed is unknown -- check the shop by hand.; not counted as a short run,04:55:08,dead
relaunched (pid 23856),04:55:37,alive
pushed the profit report for trung,05:02:58,alive
stop condition: the dialog stayed open after Confirmation. Whether the listing committed is unknown -- check the shop by hand.,05:12:37,dead
the dialog stayed open after Confirmation. Whether the listing committed is unknown -- check the shop by hand.,05:12:37,dead
the server took the run down: the dialog stayed open after Confirmation. Whether the listing committed is unknown -- check the shop by hand.; not counted as a short run,05:12:37,dead
relaunched (pid 10432),05:13:06,alive
stop condition: the dialog stayed open after Confirmation. Whether the listing committed is unknown -- check the shop by hand.,05:16:55,dead
the dialog stayed open after Confirmation. Whether the listing committed is unknown -- check the shop by hand.,05:16:56,dead
the server took the run down: the dialog stayed open after Confirmation. Whether the listing committed is unknown -- check the shop by hand.; not counted as a short run,05:16:56,dead
relaunched (pid 4740),05:17:25,alive
stop condition: the dialog stayed open after Confirmation. Whether the listing committed is unknown -- check the shop by hand.,05:21:14,dead
the dialog stayed open after Confirmation. Whether the listing committed is unknown -- check the shop by hand.,05:21:14,dead
the server took the run down: the dialog stayed open after Confirmation. Whether the listing committed is unknown -- check the shop by hand.; not counted as a short run,05:21:14,dead
relaunched (pid 21056),05:21:43,alive
stop condition: the dialog stayed open after Confirmation. Whether the listing committed is unknown -- check the shop by hand.,05:25:32,dead
the dialog stayed open after Confirmation. Whether the listing committed is unknown -- check the shop by hand.,05:25:32,dead
the server took the run down: the dialog stayed open after Confirmation. Whether the listing committed is unknown -- check the shop by hand.; not counted as a short run,05:25:32,dead
relaunched (pid 25208),05:26:01,alive
pushed the profit report for trung,05:33:00,alive
stop condition: the dialog stayed open after Confirmation. Whether the listing committed is unknown -- check the shop by hand.,05:34:44,dead
the dialog stayed open after Confirmation. Whether the listing committed is unknown -- check the shop by hand.,05:34:44,dead
the server took the run down: the dialog stayed open after Confirmation. Whether the listing committed is unknown -- check the shop by hand.; not counted as a short run,05:34:44,dead
relaunched (pid 27424),05:35:13,alive
stop condition: the dialog stayed open after Confirmation. Whether the listing committed is unknown -- check the shop by hand.,05:39:02,dead
the dialog stayed open after Confirmation. Whether the listing committed is unknown -- check the shop by hand.,05:39:02,dead
the server took the run down: the dialog stayed open after Confirmation. Whether the listing committed is unknown -- check the shop by hand.; not counted as a short run,05:39:02,dead
relaunched (pid 15148),05:39:31,alive
stop condition: the dialog stayed open after Confirmation. Whether the listing committed is unknown -- check the shop by hand.,05:43:20,dead
the dialog stayed open after Confirmation. Whether the listing committed is unknown -- check the shop by hand.,05:43:20,dead
the server took the run down: the dialog stayed open after Confirmation. Whether the listing committed is unknown -- check the shop by hand.; not counted as a short run,05:43:20,dead
relaunched (pid 27064),05:43:50,alive
stop condition: the dialog stayed open after Confirmation. Whether the listing committed is unknown -- check the shop by hand.,05:47:39,dead
the dialog stayed open after Confirmation. Whether the listing committed is unknown -- check the shop by hand.,05:47:39,dead
the server took the run down: the dialog stayed open after Confirmation. Whether the listing committed is unknown -- check the shop by hand.; not counted as a short run,05:47:39,dead
relaunched (pid 19572),05:48:08,alive
stop condition: the dialog stayed open after Confirmation. Whether the listing committed is unknown -- check the shop by hand.,05:52:39,dead
the dialog stayed open after Confirmation. Whether the listing committed is unknown -- check the shop by hand.,05:52:40,dead
the server took the run down: the dialog stayed open after Confirmation. Whether the listing committed is unknown -- check the shop by hand.; not counted as a short run,05:52:40,dead
relaunched (pid 26796),05:53:09,alive
stop condition: the dialog stayed open after Confirmation. Whether the listing committed is unknown -- check the shop by hand.,05:56:58,dead
the dialog stayed open after Confirmation. Whether the listing committed is unknown -- check the shop by hand.,05:56:58,dead
the server took the run down: the dialog stayed open after Confirmation. Whether the listing committed is unknown -- check the shop by hand.; not counted as a short run,05:56:58,dead
relaunched (pid 22692),05:57:27,alive
server lag: not answering,05:58:10,alive
server lag: the server stalled,05:59:13,alive
stop condition: the dialog stayed open after Confirmation. Whether the listing committed is unknown -- check the shop by hand.,06:03:01,dead
the dialog stayed open after Confirmation. Whether the listing committed is unknown -- check the shop by hand.,06:03:01,dead
the server took the run down: the dialog stayed open after Confirmation. Whether the listing committed is unknown -- check the shop by hand.; not counted as a short run,06:03:01,dead
relaunched (pid 24944),06:03:31,alive
stop condition: the dialog stayed open after Confirmation. Whether the listing committed is unknown -- check the shop by hand.,06:07:19,dead
the dialog stayed open after Confirmation. Whether the listing committed is unknown -- check the shop by hand.,06:07:20,dead
the server took the run down: the dialog stayed open after Confirmation. Whether the listing committed is unknown -- check the shop by hand.; not counted as a short run,06:07:20,dead
relaunched (pid 1204),06:07:49,alive
stop condition: the dialog stayed open after Confirmation. Whether the listing committed is unknown -- check the shop by hand.,06:11:38,dead
the dialog stayed open after Confirmation. Whether the listing committed is unknown -- check the shop by hand.,06:11:38,dead
the server took the run down: the dialog stayed open after Confirmation. Whether the listing committed is unknown -- check the shop by hand.; not counted as a short run,06:11:38,dead
relaunched (pid 26000),06:12:07,alive
stop condition: the dialog stayed open after Confirmation. Whether the listing committed is unknown -- check the shop by hand.,06:15:56,dead
the dialog stayed open after Confirmation. Whether the listing committed is unknown -- check the shop by hand.,06:15:57,dead
the server took the run down: the dialog stayed open after Confirmation. Whether the listing committed is unknown -- check the shop by hand.; not counted as a short run,06:15:57,dead
listing tab 4 slot (1,1) at the panel's price and the full quantity, the 'Extreme Core (Lv. 4' the log says is there,06:17:39,dead
finished: list 1 1 0 4 (Extreme Core (Lv. 4); 0 slot(s) left,06:17:50,dead
relaunched (pid 10328),06:18:02,alive
stop condition: the dialog stayed open after Confirmation. Whether the listing committed is unknown -- check the shop by hand.,06:22:11,dead
the dialog stayed open after Confirmation. Whether the listing committed is unknown -- check the shop by hand.,06:22:12,dead
the server took the run down: the dialog stayed open after Confirmation. Whether the listing committed is unknown -- check the shop by hand.; not counted as a short run,06:22:12,dead
relaunched (pid 2824),06:22:41,alive
stop condition: the dialog stayed open after Confirmation. Whether the listing committed is unknown -- check the shop by hand.,06:26:30,dead
the dialog stayed open after Confirmation. Whether the listing committed is unknown -- check the shop by hand.,06:26:30,dead
the server took the run down: the dialog stayed open after Confirmation. Whether the listing committed is unknown -- check the shop by hand.; not counted as a short run,06:26:30,dead
relaunched (pid 3384),06:27:00,alive
supervisor cancelled with Ctrl x4,06:28:24,dead
no run alive; 2026-09-23_062656_run.log ended: interrupted from the keyboard,07:04:48,dead
relaunched (pid 5368),07:05:09,alive
pushed the profit report for trung,07:12:28,alive
pushed the profit report for trung,07:27:39,alive
supervisor cancelled with Ctrl x4,07:29:23,dead
no run alive; 2026-09-23_070505_run.log ended: RuntimeError: pressed I 2 times; the Inventory panel is not open where calibration.json says it is.,07:37:25,dead
relaunched (pid 21996),07:37:46,alive
pushed the profit report for trung,07:48:52,alive
supervisor cancelled with Ctrl x4,07:50:14,dead
no run alive; 2026-09-23_073743_run.log ended: interrupted from the keyboard,19:33:07,dead
relaunched (pid 19904),19:33:29,alive
pushed the profit report for trung,19:39:28,alive
pushed the profit report for trung,19:54:40,alive
pushed the profit report for trung,20:09:54,alive
server lag: not answering,20:20:35,alive
server lag: the server stalled,20:21:16,alive
server lag: the server stalled,20:21:38,alive
pushed the profit report for trung,20:25:08,alive
server lag: not answering,20:39:56,alive
pushed the profit report for trung,20:40:21,alive
server lag: the server stalled,20:41:02,alive
pushed the profit report for trung,20:55:37,alive
pushed the profit report for trung,21:10:50,alive
server lag: not answering,21:17:45,alive
server lag: the server stalled,21:18:48,alive
server lag: not answering,21:24:20,alive
server lag: the server stalled,21:25:23,alive
server lag: the server stalled,21:25:44,alive
pushed the profit report for trung,21:26:09,alive
server lag: not answering,21:32:42,alive
server lag: the server stalled,21:33:45,alive
pushed the profit report for trung,21:41:25,alive
pushed the profit report for trung,21:56:40,alive
supervisor cancelled with Ctrl x4,21:57:00,dead
supervisor stopped: the screen is 2560x1440 and run.screen requires 1920x1080; nothing started.,00:07:18,dead
no run alive; 2026-09-23_193325_run.log ended: interrupted from the keyboard,00:07:38,dead
relaunched (pid 14788),00:08:00,alive
pushed the profit report for trung,00:18:25,alive
supervisor cancelled with Ctrl x4,00:27:40,dead
no run alive; 2026-09-24_000756_run.log ended: interrupted from the keyboard,00:36:33,dead
relaunched (pid 10964),00:36:54,alive
pushed the profit report for trung,00:44:32,alive
server lag: not answering,00:56:13,alive
server lag: the server stalled,00:57:15,alive
server lag: the server stalled,00:57:36,alive
pushed the profit report for trung,00:59:44,alive
pushed the profit report for trung,01:14:55,alive
server lag: not answering,01:25:56,alive
server lag: the server stalled,01:26:59,alive
pushed the profit report for trung,01:30:08,alive
war window, log quiet 163s,01:33:57,alive
pushed the profit report for trung,01:45:21,alive
pushed the profit report for trung,02:00:33,alive
pushed the profit report for trung,02:15:46,alive
pushed the profit report for trung,02:30:59,alive
pushed the profit report for trung,02:46:12,alive
pushed the profit report for trung,03:01:27,alive
pushed the profit report for trung,03:16:41,alive
pushed the profit report for trung,03:31:55,alive
pushed the profit report for trung,03:47:11,alive
pushed the profit report for trung,04:02:27,alive
pushed the profit report for trung,04:17:42,alive
server lag: not answering,04:18:44,alive
server lag: the server stalled,04:19:47,alive
war window, log quiet 156s,04:30:31,alive
pushed the profit report for trung,04:33:00,alive
server lag: not answering,04:41:18,alive
server lag: the server stalled,04:42:20,alive
server lag: not answering,04:43:43,alive
server lag: the server stalled,04:44:46,alive
pushed the profit report for trung,04:48:18,alive
server lag: not answering,04:52:26,alive
server lag: the server stalled,04:53:29,alive
pushed the profit report for trung,05:03:35,alive
pushed the profit report for trung,05:19:04,alive
stop condition: the panel still holds the item, priced 131,354,999, 3s after Confirmation; the registration did not go through. Nothing is listed.,05:33:16,dead
the panel still holds the item, priced 131,354,999, 3s after Confirmation; the registration did not go through. Nothing is listed.,05:33:17,dead
listing tab 4 slot (1,1) at the panel's price and the full quantity, the 'Chaos Core Set' the log says is there,05:36:11,dead
recovery attempt 1 failed: list 1 1 0 4 changed nothing on tab 4; Chaos Core Set is still there; attempt 2 in 60s,05:36:22,dead
listing tab 4 slot (1,1) at the panel's price and the full quantity, the 'Chaos Core Set' the log says is there,05:40:24,dead
finished: list 1 1 0 4 (Chaos Core Set); 0 slot(s) left,05:40:39,dead
relaunched (pid 11372),05:40:51,alive
RuntimeError: found 0 row button(s) in the Register button column (786, 144, 884, 722); need at least two to measure the row pitch.,05:41:33,dead
relaunched (pid 10616),05:41:51,alive
RuntimeError: found 0 row button(s) in the Register button column (786, 144, 884, 722); need at least two to measure the row pitch.,05:42:33,dead
relaunched (pid 2752),05:42:51,alive
RuntimeError: found 0 row button(s) in the Register button column (786, 144, 884, 722); need at least two to measure the row pitch.,05:43:33,dead
3 runs in a row died within 300s of launch; relogging (1 of 1),05:43:33,dead
relogged: back in the world,05:44:05,dead
relaunched (pid 13624),05:44:09,alive
server lag: not answering,05:53:26,alive
server lag: the server stalled,05:54:28,alive
supervisor cancelled with Ctrl x4,05:59:18,dead
no run alive; 2026-09-24_054405_run.log ended: interrupted from the keyboard,07:39:08,dead
relaunched (pid 8028),07:39:30,alive
server lag: not answering,07:48:07,alive
server lag: the server stalled,07:48:48,alive
server lag: the server stalled,07:49:10,alive
the profit report was written but not pushed: git fetch origin main gave no answer in 30s,07:55:03,alive
stop condition: refusing to list 'Chaos Core Set' at 155,484,086: what went into it cost 236,147,856. Nothing has been listed.,07:55:23,dead
refusing to list 'Chaos Core Set' at 155,484,086: what went into it cost 236,147,856. Nothing has been listed.,07:55:25,dead
listing tab 4 slot (1,1) at the panel's price and the full quantity, the 'Chaos Core Set' the log says is there,07:56:59,dead
finished: list 1 1 0 4 (Chaos Core Set); 2 slot(s) left,07:57:14,dead
listing tab 4 slot (1,2) at the panel's price and the full quantity, the 'Chaos Core Set' the log says is there,07:57:19,dead
finished: list 1 2 0 4 (Chaos Core Set); 0 slot(s) left,07:57:34,dead
relaunched (pid 8636),07:57:46,alive
supervisor cancelled with Ctrl x4,07:59:30,dead
no run alive; 2026-09-24_075742_run.log ended: interrupted from the keyboard,08:01:35,dead
relaunched (pid 3792),08:01:57,alive
pushed the profit report for trung,08:09:55,alive
pushed the profit report for trung,08:25:06,alive
pushed the profit report for trung,08:40:27,alive
server lag: not answering,08:41:28,alive
server lag: the server stalled,08:42:30,alive
server lag: not answering,08:48:21,alive
server lag: the server stalled,08:49:24,alive
server lag: not answering,08:54:14,alive
server lag: the server stalled,08:55:16,alive
pushed the profit report for trung,08:55:20,alive
pushed the profit report for trung,09:10:33,alive
pushed the profit report for trung,09:25:48,alive
server lag: not answering,09:32:20,alive
server lag: the server stalled,09:33:23,alive
server lag: not answering,09:37:11,alive
server lag: the server stalled,09:38:14,alive
server lag: the server stalled,09:38:35,alive
pushed the profit report for trung,09:41:05,alive
pushed the profit report for trung,09:56:19,alive
server lag: not answering,09:56:39,alive
server lag: the server stalled,09:57:42,alive
server lag: not answering,10:03:55,alive
server lag: the server stalled,10:04:58,alive
pushed the profit report for trung,10:11:37,alive
pushed the profit report for trung,10:26:53,alive
war window, log quiet 161s,10:30:00,alive
pushed the profit report for trung,10:42:11,alive
pushed the profit report for trung,10:57:27,alive
server lag: not answering,11:01:36,alive
server lag: the server stalled,11:02:38,alive
server lag: not answering,11:08:32,alive
server lag: the server stalled,11:09:35,alive
pushed the profit report for trung,11:12:45,alive
server lag: not answering,11:18:59,alive
server lag: the server stalled,11:20:02,alive
pushed the profit report for trung,11:28:05,alive
pushed the profit report for trung,11:43:22,alive
pushed the profit report for trung,11:58:41,alive
pushed the profit report for trung,12:14:00,alive
pushed the profit report for trung,12:29:18,alive
pushed the profit report for trung,12:44:37,alive
pushed the profit report for trung,12:59:57,alive
pushed the profit report for trung,13:15:17,alive
server lag: not answering,13:25:41,alive
server lag: the server stalled,13:26:44,alive
pushed the profit report for trung,13:30:17,alive
war window, log quiet 154s,13:30:58,alive
pushed the profit report for trung,13:45:42,alive
pushed the profit report for trung,14:00:41,alive
server lag: not answering,14:14:55,alive
server lag: the server stalled,14:15:58,alive
pushed the profit report for trung,14:16:02,alive
pushed the profit report for trung,14:31:04,alive
pushed the profit report for trung,14:46:07,alive
pushed the profit report for trung,15:01:29,alive
pushed the profit report for trung,15:16:29,alive
pushed the profit report for trung,15:31:30,alive
pushed the profit report for trung,15:46:32,alive
pushed the profit report for trung,16:01:34,alive
pushed the profit report for trung,16:16:34,alive
war window, log quiet 152s,16:30:49,alive
pushed the profit report for trung,16:31:35,alive
pushed the profit report for trung,16:46:55,alive
pushed the profit report for trung,17:01:57,alive
pushed the profit report for trung,17:17:18,alive
pushed the profit report for trung,17:32:20,alive
pushed the profit report for trung,17:47:20,alive
pushed the profit report for trung,18:02:20,alive
pushed the profit report for trung,18:17:21,alive
server lag: not answering,18:21:09,alive
server lag: the server stalled,18:22:12,alive
pushed the profit report for trung,18:32:22,alive
server lag: not answering,18:42:26,alive
server lag: the server stalled,18:43:09,alive
server lag: the server stalled,18:43:30,alive
supervisor cancelled with Ctrl x4,18:44:32,dead
no run alive; 2026-09-24_080153_run.log ended: interrupted from the keyboard,23:19:06,dead
relaunched (pid 10328),23:19:27,alive
pushed the profit report for trung,23:28:53,alive
the profit report was written but not pushed: git fetch origin main gave no answer in 30s,23:44:42,alive
server lag: not answering,23:51:14,alive
server lag: the server stalled,23:52:16,alive
pushed the profit report for trung,23:59:14,alive
supervisor cancelled with Ctrl x4,00:01:59,dead
no run alive; 2026-09-24_231923_run.log ended: interrupted from the keyboard,00:44:27,dead
relaunched (pid 20712),00:44:50,alive
server lag: not answering,00:45:52,alive
server lag: the server stalled,00:46:34,alive
server lag: the server stalled,00:46:55,alive
server lag: not answering,00:47:37,alive
server lag: the server stalled,00:48:19,alive
pushed the profit report for trung,00:59:23,alive
pushed the profit report for trung,01:14:32,alive
server lag: not answering,01:16:56,alive
server lag: the server stalled,01:17:58,alive
pushed the profit report for trung,01:29:43,alive
war window, log quiet 167s,01:31:28,alive
pushed the profit report for trung,01:44:57,alive
stop condition: 359,944 was typed but the panel shows 359,994; the two must match before anything is registered. Nothing has been listed.,01:46:19,dead
359,944 was typed but the panel shows 359,994; the two must match before anything is registered. Nothing has been listed.,01:46:20,dead
listing tab 4 slot (1,1) at the panel's price and the full quantity, the 'Force Core (Ultimate' the log says is there,01:47:51,dead
recovery attempt 1 failed: list 1 1 0 4 changed nothing on tab 4; Force Core (Ultimate is still there; attempt 2 in 60s,01:48:04,dead
listing tab 4 slot (1,1) at the panel's price and the full quantity, the 'Force Core (Ultimate' the log says is there,01:50:29,dead
recovery attempt 2 failed: list 1 1 0 4 changed nothing on tab 4; Force Core (Ultimate is still there; attempt 3 in 60s,01:50:43,dead
listing tab 4 slot (1,1) at the panel's price and the full quantity, the 'Force Core (Ultimate' the log says is there,01:53:08,dead
recovery failed 3 times: list 1 1 0 4 changed nothing on tab 4; Force Core (Ultimate is still there; relogging (1 of 1),01:53:22,dead
relogged: back in the world,01:53:46,dead
listing tab 4 slot (1,1) at the panel's price and the full quantity, the 'Force Core (Ultimate' the log says is there,01:55:15,dead
recovery attempt 1 failed: list 1 1 0 4 changed nothing on tab 4; Force Core (Ultimate is still there; attempt 2 in 60s,01:55:29,dead
listing tab 4 slot (1,1) at the panel's price and the full quantity, the 'Force Core (Ultimate' the log says is there,01:57:54,dead
recovery attempt 2 failed: list 1 1 0 4 changed nothing on tab 4; Force Core (Ultimate is still there; attempt 3 in 60s,01:58:07,dead
listing tab 4 slot (1,1) at the panel's price and the full quantity, the 'Force Core (Ultimate' the log says is there,02:00:32,dead
supervisor stopped: list 1 1 0 4 changed nothing on tab 4; Force Core (Ultimate is still there,02:00:45,dead
