2026-09-21_152417  C:\Users\Trung\Cabal\src_1080p\driver.py --config trung
  logging to C:\Users\Trung\Cabal\src_1080p\logs\2026-09-21_152417_run.log
  code 6e24d09
  screen 1920x1080
  ledger C:\Users\Trung\Cabal\src_1080p\sales.db run 2026-09-21T15:24:17
  debug frames -> C:\Users\Trung\Cabal\src_1080p\debug_frames
  cleared 2 frame(s) from earlier runs; this one numbers from 00001
  press Ctrl 4 times within 1.5s to stop, from the game or anywhere else
  measuring this screen before touching anything
inventory:
  Inventory shut; pressing I (attempt 1)
  Alz box (1783, 688, 1860, 700)   anchor (1860, 688)
  grid fitted in (1221, 23, 1920, 661): pitch 56.0x56.1 against a shared 73.3x73.4, slot (1,1) at 1475,236, scores 67 and 63
  tab I [1454, 181]  tab VIII [1826, 181]
  slot (1,1) [1475, 236]  (1,7) [1811, 236]  (8,8) [1867, 629]
gift box:
  the gift box at [284, 994]
  Receive at [[1214, 327], [1214, 425], [1214, 523], [1214, 621]]; the gifts on offer are read again each time the box is collected
  Receive All at [1209, 786]
  the special giftbox's Receive at [1438, 492]
  Close at [1483, 846]
cash shop:
  the Cash Shop icon at [348, 994]
  the Cash balance box [1134, 826, 1230, 848] reads 350
  the gem box [930, 826, 1060, 848] reads 16
  Escape to close the Cash Shop (attempt 1)
  the Inventory closed with the Cash Shop; opening it again
  Inventory shut; pressing I (attempt 1)
opening the Agent Shop:
  tab 6 at [1719, 181]
  right-clicking slot (1,7) at [1811, 236]
agent shop:
  Register (288, 80)
  Purchase [96, 80]  (mirrored about the boundary at x=192)
  favourites: 10 found, pitch 42.00px, first [480, 755] last [858, 755]
  favourite row set on an even 42px grid from 480: [480, 522, 564, 606, 648, 690, 732, 774, 816, 858]
purchase tab:
  switching to the Purchase tab at (96, 80)
  sort reads 'IC y Price:Low to »Eal' -> region [622, 134, 752, 166]
  running favourite 1 at (480, 755) to fill the table (attempt 1/10)
  offers arrived after 0.2s
  row content [232, 230, 870, 284] -> 'Force Core(Highest) 46 205,000 Buy'
    name      [232, 230, 554, 284]  -> 'Force Core(Highest)'
    qty       [556, 230, 646, 284]  -> '46'
    price     [654, 230, 782, 284]  -> '205,000'
    function  [782, 230, 874, 284]  -> 'Buy'
  Buy column x=828, 8 row(s), pitch 55px
  row 1 centre y=257, box [192, 230, 922, 284]
register table:
  button column (786, 144, 884, 722)
  Register table: 10 row(s), pitch 58px, row 1 y=175, row 10 y=697
  table_x [192, 880], scroll point [231, 233]
  Refresh at [833, 752]
market prices:
  Force Core(Highest)              205,000
  Force Core Set (Highest)         211,427
  Chaos Core                       710,867
  Chaos Core Set                   719,925
  Force Core (Ultimate)            399,648
  Force Core Set (Ultimate)        368,785
  Force Core(High)                 203,669
  Force Core Set (High)            184,999
  Upgrade Core (Ultimate)          449,833
  Upgrade Core Set (Ultimate)      440,440
voucher:
  a Gold voucher costs 369,999,999
register panel:
  price field [37, 411, 188, 439] (click [112, 425])
  quantity box [37, 472, 188, 500] (click [59, 486])
  2 suggested price row(s) at y [358, 384]
  net sales box [37, 574, 188, 602]
  Register button at [131, 754]
actions:
  scrolled to the top, so position 1 is row 1
  tab 4 slot (1,1) is the first free one; a withdrawal lands there
  row 1 is 'Force Core (Ultimate) 47 399,648 On Sale Change'
  Change at (831, 175)
  Cancel at (1101, 634)
  Confirmation at (968, 634)
  row 1 now reads ''
  back to inventory tab 4 at (1613, 181); the withdrawal moves the panel to whichever tab it landed on
  listing it back from tab 4 slot (1, 1) at (1475, 236)
  the loaded item shows at (102, 220) in the Register Item box
  panel suggests 399,648; listing at 399,648, the price row 1 was withdrawn at
  typed 250; the net sales make it 47
  listed 47 at 399,648; it lands in the lowest empty row
  learned button_cancel, button_confirmation, button_register, item_point
actions at position 10:
  scrolled to the top, so position 10 is row 10
  tab 4 slot (1,1) is the first free one; a withdrawal lands there
  row 10 is 'Force Core (Ultimate) 159 399,653 On Sale Change'
  Change at (831, 697)
  Cancel at (1101, 634)
  Confirmation at (968, 634)
  row 10 now reads 'Premium Exclusive Slot Register'
  back to inventory tab 4 at (1613, 181); the withdrawal moves the panel to whichever tab it landed on
  listing it back from tab 4 slot (1, 1) at (1475, 236)
  the loaded item shows at (102, 220) in the Register Item box
  panel suggests 399,648; listing at 399,653, the price row 10 was withdrawn at
  typed 250; the net sales make it 159
  listed 159 at 399,653; it lands in the lowest empty row
  learned button_cancel, button_confirmation, button_register, item_point
conversion vendor:
  pressing N to open the vendor Shop (attempt 1)
  Dungeon tab at (143, 158)
  grid band (163, 770, 413, 946): 5 column(s) at [187, 235, 283, 328, 377], 4 row(s) at [792, 839, 890, 931]
    Force Core(Low)              <- Force Core Set (Low)           r2c1 at (187, 839)
    Force Core(Medium)           <- Force Core Set (Medium)        r2c2 at (235, 839)
    Force Core(High)             <- Force Core Set (High)          r2c3 at (283, 839)
    Force Core(Highest)          <- Force Core Set (Highest)       r2c4 at (328, 839)
    Force Core (Ultimate)        <- Force Core Set (Ultimate)      r2c5 at (377, 839)
    Upgrade Core(Low)            <- Upgrade Core Set (Low)         r4c1 at (187, 931)
    Upgrade Core(Medium)         <- Upgrade Core Set (Medium)      r4c2 at (235, 931)
    Upgrade Core(High)           <- Upgrade Core Set (High)        r4c3 at (283, 931)
    Upgrade Core(Highest)        <- Upgrade Core Set (Highest)     r4c4 at (328, 931)
    Upgrade Core (Ultimate)      <- Upgrade Core Set (Ultimate)    r4c5 at (377, 931)
craft window:
  Inventory shut; pressing I (attempt 1)
  right-clicking the craft key on tab 6 slot (1, 8) at (1867, 236)
  recipe Chaos Core Set x3 at [146, 268]
  tier 2000-2999 at [90, 209]
  Request All at [263, 730]
  Complete All at [872, 729]
  material counter [420, 448, 750, 522]

wrote C:\Users\Trung\Cabal\src_1080p\calibration.json  [1920x1080]
  resolutions in the file: ['1920x1080', '2560x1440']
  kept 3 value(s) this pass does not measure in shop: button_receive, buy_button_buy, buy_button_cancel
  kept 20 value(s) this pass does not measure in cashshop: cancel, ok, purchase_arionell, purchase_armoraccountbindsealstone, purchase_armoraccountbindunsealstone, purchase_blessingbeadsuperior, purchase_epicboosterhighest, purchase_forcegempackage, purchase_sienasunbindingstone, purchase_yekaterinavipmembership, scroll_arionell, scroll_armoraccountbindsealstone, scroll_armoraccountbindunsealstone, scroll_blessingbeadsuperior, scroll_epicboosterhighest, scroll_forcegempackage, scroll_sienasunbindingstone, scroll_yekaterinavipmembership, tab_useable, window
reopening the Agent Shop the caller was promised:
  Inventory shut; pressing I (attempt 1)
  the Agent Shop is open again
  calibrated for 1920x1080, measured 2026-09-21T15:25:43, shop open
  server clock 00:25 (+59s for the unshown seconds)
  server 00:25:59; the next war quiet runs 01:29:00 to 01:34:59, in 63.0 min
  scrolled to the top; row 1 is at position 1
                                                   bought/u   listed/u  margin      row price
     1  Force Core (Ultimate               x47            -    399,648       -        399,648
     2  Arionell                           x1    277,499,999 340,000,000  +18.4%    340,000,000
     3  Force Core (Ultimate               x210           -    399,655       -        399,655
     4  Force Core(Highest                 x46            -    205,000       -        205,000
     5  Force Core(High                    x83            -    203,675       -        203,675
     6  Force Core(High                    x64            -    203,674       -        203,674
     7  Chaos Core                         x1             -    670,203       -        670,203
     8  Force Core(High                    x61            -    203,669       -        203,669
     9  Upgrade Core (Ultimate             x42            -    449,835       -        449,835
    10  Force Core (Ultimate               x159           -    399,653       -        399,653
    11  Force Core (Ultimate               x68            -    399,652       -        399,652
    12  Chaos Core                         x1             -    713,974       -        713,974
    the quantity column read 'il', which holds no digits, so it is the end of the name and not a count; reading the row as 'Palladium Gloves(FA) il' and letting the panel count what is there
    26  Palladium Gloves(FA) Lalla         x1             -  8,999,997       -      8,999,997
    28  Life Capsule(Special) Type A X 50  x4             -     31,969       -      1,598,450
    29  Life Capsule(Special) Type A X 100 x12            -     31,969       -      3,196,900
    30  Chaos Core Set X 756               x1             -    719,926       -    544,264,811
  scrolled to the top; row 1 is at position 1
  seeded 16 of rows 1-30
relisting rows 1-25 for 10000 minute(s)

-- pass 1 --

  resupply order: Chaos Core, Force Core(High), Force Core(Highest), Upgrade Core (Ultimate), Force Core (Ultimate)

-- Chaos Core Set under our listing: up to 3 row(s) --
  Chaos Core Set 719,926 - Chaos Core 708,806 = 11,120
  ours is listed at 719,926 a Set and a Chaos Core sells at 708,806; buying every Set under 703,806, 5,000 a Set below the lower of the two
  the cheapest Chaos Core Set is 719,926 a Set, not under 703,806; nothing to buy under ours

  counting only rows 1-25; rows outside it are not repriced and do not count; 13 row(s) free
  core                            rows     buy/u    sell/u    margin  wants   short?
  slot 1: attempt 1/10 timed out after 8s; row 1 reads 'Chaos Core Set X 756', expected 'Force Core(Highest)'
  the server is not answering; idling 60s rather than reading a screen it cannot serve
  the server is answering again after 60s
  the server stalled; closing the shop rather than trusting what is on screen
  whatever the stall left in tab 4 is read from the screen before the next withdrawal
restoring the default state:
  no Trade window or vendor open; not pressing Escape
  I: Inventory closed
  the Agent Shop is shut and the vendor is not open either; reopening it
  Inventory shut: slot grid 0.13, needs 0.33
  the server stalled for 60s; nothing was clicked and the shop is shut. The pass starts again.

-- pass 2 --
  tab 4 read from the screen after the stall: 0 slot(s) held

  resupply order: Chaos Core, Force Core(High), Force Core(Highest), Upgrade Core (Ultimate), Force Core (Ultimate)

-- Chaos Core Set under our listing: up to 3 row(s) --
  Chaos Core Set 719,924 - Chaos Core 706,986 = 12,938
  ours is listed at 719,926 a Set and a Chaos Core sells at 706,986; buying every Set under 701,986, 5,000 a Set below the lower of the two
  the cheapest Chaos Core Set is 719,924 a Set, not under 701,986; nothing to buy under ours

  counting only rows 1-25; rows outside it are not repriced and do not count; 13 row(s) free
  core                            rows     buy/u    sell/u    margin  wants   short?
  Force Core(Highest)                1   211,427   205,000    -6,427      0   
  Chaos Core                         0   706,986   719,924    12,938      8   YES
  Force Core (Ultimate)              4         -         -         -      -   holds the most it can want, 3; not priced
  Force Core(High)                   3         -         -         -      -   holds the most it can want, 3; not priced
  Upgrade Core (Ultimate)            1   440,440   449,833     9,393      3   YES
  Alz 862,192,024 held covers 1,219 Chaos Core at 706,986; buying what it covers

-- Chaos Core: 0 row(s) --
  13 row(s) free inside 1-25
  Chaos Core Set 719,924 - Chaos Core 706,986 = 12,938
  a margin of 12,938 is worth 8 row(s) of Chaos Core; 0 held
  buy_min 100 rolled to 86 (+/-15); buying 87 in whole batches of 3
  1 stays behind on every row bought until an order is 10 step(s) down with nothing spare, and from there every row is taken whole until Chaos Core is done; each order prices the favourite afresh, then wheels down, up to 30 step(s)
TASK {"kind": "resupply", "core": "Chaos Core", "set": "Chaos Core Set", "slot": 3, "tab": 4}
  0/87 Chaos Core held
  row 1 offers 'Chaos Core' x1 at 706,986 (706,986/unit)

  buy from favourite slot 3: REFUSED
    #         ms   share  step
    1        0.3    0.0%  get_price: focus the game
    2      104.0    4.2%  get_price: _trade_window_open (OCR 1300x190)
    3      127.8    5.1%  get_price: purchase_tab_showing
    4      116.0    4.6%  get_price: read row 1 before the search
    5      309.3   12.4%  get_price: click favourite slot 3
    6       87.2    3.5%  get_price: confirm the sort
    7      490.3   19.6%  get_price: poll row 1 until it answers (3 read(s))
    8     1265.4   50.6%  get_price: search the favourite and read row 1
          2500.3  100.0%  TOTAL
  row 1 holds 1 and 1 stays behind, so there is nothing spare to take here.
  wheeled 1 notch(es) down the offers, from row 2 at (500, 312)
  row 1 offers 'Chaos Core' x1 at 708,806 (708,806/unit)

  buy from favourite slot 3: REFUSED
    #         ms   share  step
    1        0.6    0.1%  get_price: focus the game
    2       98.5    9.9%  get_price: _trade_window_open (OCR 1300x190)
    3      119.5   12.0%  get_price: purchase_tab_showing
    4      280.8   28.1%  get_price: read row 1 where it stands
    5      499.5   50.0%  get_price: search the favourite and read row 1
           998.9  100.0%  TOTAL
  row 1 holds 1 and 1 stays behind, so there is nothing spare to take here.
  wheeled 1 notch(es) down the offers, from row 2 at (500, 312)
  row 1 offers 'Chaos Core' x1 at 710,867 (710,867/unit)

  buy from favourite slot 3: REFUSED
    #         ms   share  step
    1        0.4    0.0%  get_price: focus the game
    2       98.4   10.0%  get_price: _trade_window_open (OCR 1300x190)
    3      115.4   11.8%  get_price: purchase_tab_showing
    4      275.5   28.1%  get_price: read row 1 where it stands
    5      489.7   50.0%  get_price: search the favourite and read row 1
           979.3  100.0%  TOTAL
  row 1 holds 1 and 1 stays behind, so there is nothing spare to take here.
  wheeled 1 notch(es) down the offers, from row 2 at (500, 312)
  row 1 offers 'Chaos Core' x1 at 710,867 (710,867/unit)

  buy from favourite slot 3: REFUSED
    #         ms   share  step
    1        0.4    0.0%  get_price: focus the game
    2      102.1   10.3%  get_price: _trade_window_open (OCR 1300x190)
    3      117.9   11.9%  get_price: purchase_tab_showing
    4      274.9   27.8%  get_price: read row 1 where it stands
    5      495.3   50.0%  get_price: search the favourite and read row 1
           990.7  100.0%  TOTAL
  row 1 holds 1 and 1 stays behind, so there is nothing spare to take here.
  wheeled 1 notch(es) down the offers, from row 2 at (500, 312)
  row 1 offers 'Chaos Core' x1 at 713,147 (713,147/unit)

  buy from favourite slot 3: REFUSED
    #         ms   share  step
    1        0.5    0.1%  get_price: focus the game
    2       98.5   10.3%  get_price: _trade_window_open (OCR 1300x190)
    3      111.9   11.7%  get_price: purchase_tab_showing
    4      266.2   27.9%  get_price: read row 1 where it stands
    5      477.1   50.0%  get_price: search the favourite and read row 1
           954.2  100.0%  TOTAL
  row 1 holds 1 and 1 stays behind, so there is nothing spare to take here.
  wheeled 1 notch(es) down the offers, from row 2 at (500, 312)
  row 1 offers 'Chaos Core' x151 at 715,000 (715,000/unit)

  buy from favourite slot 3: REFUSED
    #         ms   share  step
    1        0.5    0.1%  get_price: focus the game
    2       95.6   11.3%  get_price: _trade_window_open (OCR 1300x190)
    3      117.5   13.9%  get_price: purchase_tab_showing
    4      208.3   24.7%  get_price: read row 1 where it stands
    5      422.0   50.0%  get_price: search the favourite and read row 1
           844.0  100.0%  TOTAL
  stopping: row 1 asks 715,000 and the core sells at 719,924, a gap of 4,924 against the 5,000 wanted. Nothing bought.
  nothing bought; not opening the craft window.
  Alz 862,192,024 held covers 1,957 Upgrade Core Set (Ultimate) at 440,440; buying what it covers

-- Upgrade Core (Ultimate): 1 row(s) --
  13 row(s) free inside 1-25; a resupply needs up to 2
  Upgrade Core (Ultimate) 449,833 - Upgrade Core Set (Ultimate) 440,440 = 9,393
  a margin of 9,393 is worth 3 row(s) of Upgrade Core (Ultimate); 1 held
  tab 4 is showing and free from (1, 1), so the Upgrade Core Set (Ultimate) and the Upgrade Core (Ultimate) land there
TASK {"kind": "resupply", "core": "Upgrade Core (Ultimate)", "set": "Upgrade Core Set (Ultimate)", "slot": 9, "tab": 4, "landing": [1, 1]}
  0/200 Upgrade Core Set (Ultimate) held
  row 1 offers 'Upgrade Core Set (Ultimate) X 999' x17 at 439,999,560 (440,440/unit)
    row 1 leaves 9,393 a core against the 5,000 wanted

  buy from favourite slot 10: REFUSED
    #         ms   share  step
    1        0.3    0.0%  get_price: focus the game
    2       97.8    4.2%  get_price: _trade_window_open (OCR 1300x190)
    3      117.5    5.0%  get_price: purchase_tab_showing
    4      114.1    4.9%  get_price: read row 1 before the search
    5      308.7   13.2%  get_price: click favourite slot 10
    6       89.2    3.8%  get_price: confirm the sort
    7      423.2   18.2%  get_price: poll row 1 until it answers (3 read(s))
    8     1179.6   50.6%  get_price: search the favourite and read row 1
          2330.4  100.0%  TOTAL
  row 1 bundles 999 and only 500 more fit under the 500 limit with 0 held; a bundle cannot be split, so this offer is skipped.
  wheeled 1 notch(es) down the offers, from row 2 at (500, 312)
  0/200 Upgrade Core Set (Ultimate) held
  row 1 offers 'Upgrade Core Set (Ultimate) X 999' x1 at 439,999,560 (440,440/unit)
    row 1 leaves 9,393 a core against the 5,000 wanted

  buy from favourite slot 10: REFUSED
    #         ms   share  step
    1        0.4    0.0%  get_price: focus the game
    2       97.1    9.5%  get_price: _trade_window_open (OCR 1300x190)
    3      118.1   11.5%  get_price: purchase_tab_showing
    4      296.7   29.0%  get_price: read row 1 where it stands
    5      512.3   50.0%  get_price: search the favourite and read row 1
          1024.6  100.0%  TOTAL
  row 1 bundles 999 and only 500 more fit under the 500 limit with 0 held; a bundle cannot be split, so this offer is skipped.
  wheeled 1 notch(es) down the offers, from row 2 at (500, 312)
  0/200 Upgrade Core Set (Ultimate) held
  row 1 offers 'Upgrade Core Set (Ultimate) X 999' x1 at 440,928,630 (441,370/unit)
    row 1 leaves 8,463 a core against the 5,000 wanted

  buy from favourite slot 10: REFUSED
    #         ms   share  step
    1        0.7    0.1%  get_price: focus the game
    2      100.0    9.8%  get_price: _trade_window_open (OCR 1300x190)
    3      118.0   11.6%  get_price: purchase_tab_showing
    4      292.0   28.6%  get_price: read row 1 where it stands
    5      510.8   50.0%  get_price: search the favourite and read row 1
          1021.6  100.0%  TOTAL
  row 1 bundles 999 and only 500 more fit under the 500 limit with 0 held; a bundle cannot be split, so this offer is skipped.
  wheeled 1 notch(es) down the offers, from row 2 at (500, 312)
  0/200 Upgrade Core Set (Ultimate) held
  row 1 offers 'Upgrade Core Set (Ultimate) X 999' x1 at 442,458,099 (442,901/unit)
    row 1 leaves 6,932 a core against the 5,000 wanted

  buy from favourite slot 10: REFUSED
    #         ms   share  step
    1        0.7    0.1%  get_price: focus the game
    2       99.5    9.7%  get_price: _trade_window_open (OCR 1300x190)
    3      111.6   10.9%  get_price: purchase_tab_showing
    4      299.3   29.3%  get_price: read row 1 where it stands
    5      511.2   50.0%  get_price: search the favourite and read row 1
          1022.2  100.0%  TOTAL
  row 1 bundles 999 and only 500 more fit under the 500 limit with 0 held; a bundle cannot be split, so this offer is skipped.
  wheeled 1 notch(es) down the offers, from row 2 at (500, 312)
  0/200 Upgrade Core Set (Ultimate) held
  row 1 offers 'Upgrade Core Set (Ultimate) X 999' x17 at 469,303,257 (469,773/unit)

  buy from favourite slot 10: REFUSED
    #         ms   share  step
    1        0.4    0.0%  get_price: focus the game
    2       97.4   11.0%  get_price: _trade_window_open (OCR 1300x190)
    3      115.4   13.0%  get_price: purchase_tab_showing
    4      230.8   26.0%  get_price: read row 1 where it stands
    5      444.0   50.0%  get_price: search the favourite and read row 1
           888.0  100.0%  TOTAL
  stopping: row 1 asks 469,773 and the core sells at 449,833, a gap of -19,940 against the 5,000 wanted. Nothing bought.
  nothing bought; not opening the vendor.
  tab 4 read from the screen in 1534 ms: 0 slot(s) held
  row 1: 'Force Core (Ultimate' x47 at 399,648 -> tab 4 slot (1, 1)
    floor 368,785 (368,785 x 1) from Force Core Set (Ultimate); listed at 399,648, above it
TASK {"kind": "relist", "row": 1, "item": "Force Core (Ultimate", "qty": 47, "price": 399648, "tab": 4, "slot": [1, 1], "lands_in": 1}
  inventory slot (1,1) at (1475, 236)
    the lowest listed price is 399,648, from the row and 3 more
    market 399,648, typing 399,647, 1 under the market
    net sales 18,783,409 is 47 x 399,647
  typed 250; the net sales make it 47
  tab 4 read in 20 ms after the listing: 0 slot(s) held

  list 47 at 399,647
    #         ms   share  step
    1       20.8    0.4%  read the panel before loading
    2       21.2    0.4%  wait for slot (1,1) to fill
    3      813.5   15.4%  ctrl-click (1,1) attempt 1
    4      467.3    8.8%  read the suggested price
    5     1449.7   27.4%  type the price 399,647
    6      940.4   17.7%  type the quantity 250
    7      317.7    6.0%  take the quantity from the net sales
    8      311.3    5.9%  click Register
    9       93.7    1.8%  find Confirmation
   10       19.1    0.4%  look for the underprice question
   11      307.7    5.8%  click Confirmation
   12      250.9    4.7%  park
   13      247.7    4.7%  confirm the dialog is gone
   14       18.7    0.4%  wait for the panel to let the item go
   15       19.5    0.4%  read tab 4 after the listing
          5299.3  100.0%  TOTAL
  listed 47 at 399,647; it lands in row 1
DONE {"kind": "relist", "row": 1, "lands_in": 1, "qty": 47, "price": 399647, "item": "Force Core (Ultimate"}
    relisted 47 at 399,647 in row 1
  tab 4 known from the last listing: 0 slot(s) held
  row 2: 'Arionell' x1 at 340,000,000 -> tab 4 slot (1, 1)
    floor 277,499,999 from what it cost; listed at 340,000,000, above it
TASK {"kind": "relist", "row": 2, "item": "Arionell", "qty": 1, "price": 340000000, "tab": 4, "slot": [1, 1], "lands_in": 2}
  inventory slot (1,1) at (1475, 236)
    2 of 2 witnesses put it near 313,488,095, and none of them carries the asking price
    the witnesses split what it was listed at says 340,000,000 and the week's average says 8,095; taking none of them
    the lowest listed price would not read
  ctrl-click 1/1 loaded nothing from (1,1)
  the market would not price it after 1 ctrl-click(s); listing at the 340,000,000 it came out of the row at
    market 340,000,000, typing 340,000,000, the market itself
    net sales 340,000,000 is 1 x 340,000,000
  typed 250; the net sales make it 1
  tab 4 read in 20 ms after the listing: 0 slot(s) held

  list 1 at 340,000,000
    #         ms   share  step
    1       18.2    0.3%  read the panel before loading
    2       21.2    0.3%  wait for slot (1,1) to fill
    3      816.0   13.2%  ctrl-click (1,1) attempt 1
    4     1141.5   18.5%  read the suggested price
    5     1654.4   26.8%  type the price 340,000,000
    6      943.3   15.3%  type the quantity 250
    7      309.7    5.0%  take the quantity from the net sales
    8      308.3    5.0%  click Register
    9       92.7    1.5%  find Confirmation
   10       20.8    0.3%  look for the underprice question
   11      312.7    5.1%  click Confirmation
   12      250.7    4.1%  park
   13      248.7    4.0%  confirm the dialog is gone
   14       15.9    0.3%  wait for the panel to let the item go
   15       20.2    0.3%  read tab 4 after the listing
          6174.4  100.0%  TOTAL
  listed 1 at 340,000,000; it lands in row 2
DONE {"kind": "relist", "row": 2, "lands_in": 2, "qty": 1, "price": 340000000, "item": "Arionell"}
    relisted 1 at 340,000,000 in row 2
  tab 4 known from the last listing: 0 slot(s) held
  row 3: 'Force Core (Ultimate' x210 at 399,655 -> tab 4 slot (1, 1)
    floor 368,785 (368,785 x 1) from Force Core Set (Ultimate); listed at 399,655, above it
TASK {"kind": "relist", "row": 3, "item": "Force Core (Ultimate", "qty": 210, "price": 399655, "tab": 4, "slot": [1, 1], "lands_in": 3}
  inventory slot (1,1) at (1475, 236)
    the lowest listed price is 399,647, from the row and 3 more
    market 399,647, typing 399,646, 1 under the market
    net sales 83,925,660 is 210 x 399,646
  typed 250; the net sales make it 210
  tab 4 read in 20 ms after the listing: 0 slot(s) held

  list 210 at 399,646
    #         ms   share  step
    1       17.8    0.3%  read the panel before loading
    2       20.6    0.4%  wait for slot (1,1) to fill
    3      816.9   15.4%  ctrl-click (1,1) attempt 1
    4      468.9    8.9%  read the suggested price
    5     1448.3   27.4%  type the price 399,646
    6      944.5   17.8%  type the quantity 250
    7      314.5    5.9%  take the quantity from the net sales
    8      307.2    5.8%  click Register
    9       91.9    1.7%  find Confirmation
   10       17.3    0.3%  look for the underprice question
   11      307.2    5.8%  click Confirmation
   12      251.0    4.7%  park
   13      247.9    4.7%  confirm the dialog is gone
   14       19.2    0.4%  wait for the panel to let the item go
   15       19.9    0.4%  read tab 4 after the listing
          5293.0  100.0%  TOTAL
  listed 210 at 399,646; it lands in row 3
DONE {"kind": "relist", "row": 3, "lands_in": 3, "qty": 210, "price": 399646, "item": "Force Core (Ultimate"}
    relisted 210 at 399,646 in row 3
  tab 4 known from the last listing: 0 slot(s) held
  row 4: 'Force Core(Highest' x46 at 205,000 -> tab 4 slot (1, 1)
    floor 211,427 (211,427 x 1) from Force Core Set (Highest); listed at 205,000, UNDER the floor
TASK {"kind": "relist", "row": 4, "item": "Force Core(Highest", "qty": 46, "price": 205000, "tab": 4, "slot": [1, 1], "lands_in": 4}
  inventory slot (1,1) at (1475, 236)
    the lowest listed price is 205,000, from the row and 3 more
    market 204,999 is under the 211,427 floor (a Force Core Set (Highest) costs 211,427); listing at the floor
    market 205,000, typing 211,427, 6,427 over the market
    net sales 9,725,642 is 46 x 211,427
  typed 250; the net sales make it 46
  tab 4 read in 20 ms after the listing: 0 slot(s) held

  list 46 at 211,427
    #         ms   share  step
    1       21.2    0.4%  read the panel before loading
    2       19.8    0.4%  wait for slot (1,1) to fill
    3      811.5   15.3%  ctrl-click (1,1) attempt 1
    4      467.0    8.8%  read the suggested price
    5     1446.2   27.3%  type the price 211,427
    6      947.7   17.9%  type the quantity 250
    7      308.5    5.8%  take the quantity from the net sales
    8      307.9    5.8%  click Register
    9       93.9    1.8%  find Confirmation
   10       19.7    0.4%  look for the underprice question
   11      306.7    5.8%  click Confirmation
   12      250.8    4.7%  park
   13      263.5    5.0%  confirm the dialog is gone
   14       16.0    0.3%  wait for the panel to let the item go
   15       19.7    0.4%  read tab 4 after the listing
          5300.0  100.0%  TOTAL
  listed 46 at 211,427; it lands in row 4
DONE {"kind": "relist", "row": 4, "lands_in": 4, "qty": 46, "price": 211427, "item": "Force Core(Highest"}
    relisted 46 at 211,427 in row 4, 1 relist(s) on the floor now
  tab 4 known from the last listing: 0 slot(s) held
  row 5: 'Force Core(High' x83 at 203,675 -> tab 4 slot (1, 1)
    floor 184,999 (184,999 x 1) from Force Core Set (High); listed at 203,675, above it
TASK {"kind": "relist", "row": 5, "item": "Force Core(High", "qty": 83, "price": 203675, "tab": 4, "slot": [1, 1], "lands_in": 5}
  inventory slot (1,1) at (1475, 236)
    the lowest listed price is 202,500, from the row and 3 more
    market 202,500, typing 202,499, 1 under the market
    net sales 16,807,417 is 83 x 202,499
  typed 250; the net sales make it 83
  tab 4 read in 20 ms after the listing: 0 slot(s) held

  list 83 at 202,499
    #         ms   share  step
    1       16.6    0.3%  read the panel before loading
    2       17.9    0.3%  wait for slot (1,1) to fill
    3      814.0   15.3%  ctrl-click (1,1) attempt 1
    4      462.7    8.7%  read the suggested price
    5     1446.6   27.2%  type the price 202,499
    6      947.0   17.8%  type the quantity 250
    7      328.0    6.2%  take the quantity from the net sales
    8      310.3    5.8%  click Register
    9       95.2    1.8%  find Confirmation
   10       17.7    0.3%  look for the underprice question
   11      307.7    5.8%  click Confirmation
   12      250.7    4.7%  park
   13      271.4    5.1%  confirm the dialog is gone
   14       15.6    0.3%  wait for the panel to let the item go
   15       20.0    0.4%  read tab 4 after the listing
          5321.3  100.0%  TOTAL
  listed 83 at 202,499; it lands in row 5
DONE {"kind": "relist", "row": 5, "lands_in": 5, "qty": 83, "price": 202499, "item": "Force Core(High"}
    relisted 83 at 202,499 in row 5
  tab 4 known from the last listing: 0 slot(s) held
  row 6: 'Force Core(High' x64 at 203,674 -> tab 4 slot (1, 1)
    floor 184,999 (184,999 x 1) from Force Core Set (High); listed at 203,674, above it
TASK {"kind": "relist", "row": 6, "item": "Force Core(High", "qty": 64, "price": 203674, "tab": 4, "slot": [1, 1], "lands_in": 6}
  inventory slot (1,1) at (1475, 236)
    the lowest listed price is 202,499, from the row and 3 more
    market 202,499, typing 202,498, 1 under the market
    net sales 12,959,872 is 64 x 202,498
  typed 250; the net sales make it 64
  tab 4 read in 20 ms after the listing: 0 slot(s) held

  list 64 at 202,498
    #         ms   share  step
    1       19.0    0.4%  read the panel before loading
    2       20.5    0.4%  wait for slot (1,1) to fill
    3      814.6   15.4%  ctrl-click (1,1) attempt 1
    4      466.8    8.8%  read the suggested price
    5     1448.0   27.4%  type the price 202,498
    6      944.8   17.9%  type the quantity 250
    7      326.7    6.2%  take the quantity from the net sales
    8      307.0    5.8%  click Register
    9       92.7    1.8%  find Confirmation
   10       16.5    0.3%  look for the underprice question
   11      312.0    5.9%  click Confirmation
   12      250.6    4.7%  park
   13      232.3    4.4%  confirm the dialog is gone
   14       17.8    0.3%  wait for the panel to let the item go
   15       19.8    0.4%  read tab 4 after the listing
          5289.2  100.0%  TOTAL
  listed 64 at 202,498; it lands in row 6
DONE {"kind": "relist", "row": 6, "lands_in": 6, "qty": 64, "price": 202498, "item": "Force Core(High"}
    relisted 64 at 202,498 in row 6
  row 7 has SOLD (fully); collecting
    collected; row 7 is empty, nothing to relist
  the Chaos Core special row sold; buying it back now, not on the next pass
  tab 4 read from the screen in 1528 ms: 0 slot(s) held
  row 8: 'Force Core(High' x61 at 203,669 -> tab 4 slot (1, 1)
    floor 184,999 (184,999 x 1) from Force Core Set (High); listed at 203,669, above it
    rows [7] are empty, so it will come back in row 7
TASK {"kind": "relist", "row": 8, "item": "Force Core(High", "qty": 61, "price": 203669, "tab": 4, "slot": [1, 1], "lands_in": 7}
  inventory slot (1,1) at (1475, 236)
    the lowest listed price is 202,497, from the row and 3 more
    market 202,497, typing 202,496, 1 under the market
    net sales 12,352,256 is 61 x 202,496
  typed 250; the net sales make it 61
  tab 4 read in 20 ms after the listing: 0 slot(s) held

  list 61 at 202,496
    #         ms   share  step
    1       18.4    0.3%  read the panel before loading
    2       20.6    0.4%  wait for slot (1,1) to fill
    3      815.0   15.4%  ctrl-click (1,1) attempt 1
    4      467.3    8.8%  read the suggested price
    5     1452.6   27.4%  type the price 202,496
    6      944.2   17.8%  type the quantity 250
    7      313.1    5.9%  take the quantity from the net sales
    8      308.4    5.8%  click Register
    9       93.4    1.8%  find Confirmation
   10       15.6    0.3%  look for the underprice question
   11      308.4    5.8%  click Confirmation
   12      250.9    4.7%  park
   13      242.4    4.6%  confirm the dialog is gone
   14       24.2    0.5%  wait for the panel to let the item go
   15       19.7    0.4%  read tab 4 after the listing
          5294.3  100.0%  TOTAL
  listed 61 at 202,496; it lands in row 7
DONE {"kind": "relist", "row": 8, "lands_in": 7, "qty": 61, "price": 202496, "item": "Force Core(High"}
    relisted 61 at 202,496 in row 7
  tab 4 known from the last listing: 0 slot(s) held
  row 9: 'Upgrade Core (Ultimate' x42 at 449,835 -> tab 4 slot (1, 1)
    floor 440,440 (440,440 x 1) from Upgrade Core Set (Ultimate); listed at 449,835, above it
    rows [8] are empty, so it will come back in row 8
TASK {"kind": "relist", "row": 9, "item": "Upgrade Core (Ultimate", "qty": 42, "price": 449835, "tab": 4, "slot": [1, 1], "lands_in": 8}
  inventory slot (1,1) at (1475, 236)
    the lowest listed price is 449,830, from the row and 3 more
    market 449,830, typing 449,829, 1 under the market
    net sales 18,892,818 is 42 x 449,829
  typed 250; the net sales make it 42
  tab 4 read in 21 ms after the listing: 0 slot(s) held

  list 42 at 449,829
    #         ms   share  step
    1       17.6    0.3%  read the panel before loading
    2       15.9    0.3%  wait for slot (1,1) to fill
    3      811.7   15.4%  ctrl-click (1,1) attempt 1
    4      467.3    8.9%  read the suggested price
    5     1447.5   27.4%  type the price 449,829
    6      945.0   17.9%  type the quantity 250
    7      311.8    5.9%  take the quantity from the net sales
    8      310.0    5.9%  click Register
    9       94.8    1.8%  find Confirmation
   10       17.9    0.3%  look for the underprice question
   11      312.3    5.9%  click Confirmation
   12      250.7    4.8%  park
   13      237.1    4.5%  confirm the dialog is gone
   14       15.6    0.3%  wait for the panel to let the item go
   15       20.8    0.4%  read tab 4 after the listing
          5276.3  100.0%  TOTAL
  listed 42 at 449,829; it lands in row 8
DONE {"kind": "relist", "row": 9, "lands_in": 8, "qty": 42, "price": 449829, "item": "Upgrade Core (Ultimate"}
    relisted 42 at 449,829 in row 8
  tab 4 known from the last listing: 0 slot(s) held
  row 10: 'Force Core (Ultimate' x159 at 399,653 -> tab 4 slot (1, 1)
    floor 368,785 (368,785 x 1) from Force Core Set (Ultimate); listed at 399,653, above it
    rows [9] are empty, so it will come back in row 9
TASK {"kind": "relist", "row": 10, "item": "Force Core (Ultimate", "qty": 159, "price": 399653, "tab": 4, "slot": [1, 1], "lands_in": 9}
  inventory slot (1,1) at (1475, 236)
    the lowest listed price is 399,645, from the row and 3 more
    market 399,645, typing 399,644, 1 under the market
    net sales 63,543,396 is 159 x 399,644
  typed 250; the net sales make it 159
  tab 4 read in 21 ms after the listing: 0 slot(s) held

  list 159 at 399,644
    #         ms   share  step
    1       18.3    0.3%  read the panel before loading
    2       20.2    0.4%  wait for slot (1,1) to fill
    3      815.4   15.2%  ctrl-click (1,1) attempt 1
    4      532.5    9.9%  read the suggested price
    5     1448.4   27.0%  type the price 399,644
    6      944.3   17.6%  type the quantity 250
    7      312.1    5.8%  take the quantity from the net sales
    8      314.0    5.9%  click Register
    9       92.4    1.7%  find Confirmation
   10       16.7    0.3%  look for the underprice question
   11      308.1    5.7%  click Confirmation
   12      250.5    4.7%  park
   13      251.2    4.7%  confirm the dialog is gone
   14       14.9    0.3%  wait for the panel to let the item go
   15       20.6    0.4%  read tab 4 after the listing
          5359.7  100.0%  TOTAL
  listed 159 at 399,644; it lands in row 9
DONE {"kind": "relist", "row": 10, "lands_in": 9, "qty": 159, "price": 399644, "item": "Force Core (Ultimate"}
    relisted 159 at 399,644 in row 9
  tab 4 known from the last listing: 0 slot(s) held
  row 11: 'Force Core (Ultimate' x68 at 399,652 -> tab 4 slot (1, 1)
    floor 368,785 (368,785 x 1) from Force Core Set (Ultimate); listed at 399,652, above it
    rows [10] are empty, so it will come back in row 10
TASK {"kind": "relist", "row": 11, "item": "Force Core (Ultimate", "qty": 68, "price": 399652, "tab": 4, "slot": [1, 1], "lands_in": 10}
  inventory slot (1,1) at (1475, 236)
    the lowest listed price is 399,644, from the row and 3 more
    market 399,644, typing 399,643, 1 under the market
    net sales 27,175,724 is 68 x 399,643
  typed 250; the net sales make it 68
  tab 4 read in 21 ms after the listing: 0 slot(s) held

  list 68 at 399,643
    #         ms   share  step
    1       18.7    0.3%  read the panel before loading
    2       20.4    0.4%  wait for slot (1,1) to fill
    3      813.5   15.1%  ctrl-click (1,1) attempt 1
    4      537.8   10.0%  read the suggested price
    5     1447.5   26.9%  type the price 399,643
    6      944.6   17.6%  type the quantity 250
    7      314.4    5.9%  take the quantity from the net sales
    8      308.6    5.7%  click Register
    9       92.0    1.7%  find Confirmation
   10       16.0    0.3%  look for the underprice question
   11      307.4    5.7%  click Confirmation
   12      251.1    4.7%  park
   13      260.1    4.8%  confirm the dialog is gone
   14       18.6    0.3%  wait for the panel to let the item go
   15       20.7    0.4%  read tab 4 after the listing
          5371.5  100.0%  TOTAL
  listed 68 at 399,643; it lands in row 10
DONE {"kind": "relist", "row": 11, "lands_in": 10, "qty": 68, "price": 399643, "item": "Force Core (Ultimate"}
    relisted 68 at 399,643 in row 10
  row 12 has SOLD (fully); collecting
    collected; row 12 is empty, nothing to relist
  the Chaos Core special row sold; buying it back now, not on the next pass

-- Chaos Core special row 1 of 1: 1 at 500 to 700 under the market --
  1 stays behind on every row bought until an order is 10 step(s) down with nothing spare, and from there every row is taken whole; each order prices the favourite afresh, then wheels down, up to 30 step(s)
TASK {"kind": "resupply", "core": "Chaos Core", "slot": 3, "tab": 4, "landing": [1, 1], "special": true}
  row 1 offers 'Chaos Core' x1 at 706,986 (706,986/unit)

  buy from favourite slot 3: REFUSED
    #         ms   share  step
    1        0.3    0.0%  get_price: focus the game
    2       99.5    1.9%  get_price: _trade_window_open (OCR 1300x190)
    3       98.9    1.9%  get_price: purchase_tab_showing
    4     1409.1   26.8%  get_price: click the Purchase tab + settle
    5      114.1    2.2%  get_price: read row 1 before the search
    6      307.7    5.8%  get_price: click favourite slot 3
    7       92.7    1.8%  get_price: confirm the sort
    8      498.6    9.5%  get_price: poll row 1 until it answers (3 read(s))
    9     2644.9   50.2%  get_price: search the favourite and read row 1
          5265.7  100.0%  TOTAL
  row 1 holds 1 and 1 stays behind, so there is nothing spare to take here.
  wheeled 1 notch(es) down the offers, from row 2 at (500, 312)
  row 1 offers 'Chaos Core' x1 at 708,806 (708,806/unit)

  buy from favourite slot 3: REFUSED
    #         ms   share  step
    1        0.4    0.0%  get_price: focus the game
    2       96.7   10.1%  get_price: _trade_window_open (OCR 1300x190)
    3      113.3   11.8%  get_price: purchase_tab_showing
    4      269.3   28.1%  get_price: read row 1 where it stands
    5      479.7   50.0%  get_price: search the favourite and read row 1
           959.4  100.0%  TOTAL
  row 1 holds 1 and 1 stays behind, so there is nothing spare to take here.
  wheeled 1 notch(es) down the offers, from row 2 at (500, 312)
  row 1 offers 'Chaos Core' x1 at 710,867 (710,867/unit)

  buy from favourite slot 3: REFUSED
    #         ms   share  step
    1        0.6    0.1%  get_price: focus the game
    2      101.8   10.6%  get_price: _trade_window_open (OCR 1300x190)
    3      110.9   11.5%  get_price: purchase_tab_showing
    4      268.1   27.8%  get_price: read row 1 where it stands
    5      481.5   50.0%  get_price: search the favourite and read row 1
           962.9  100.0%  TOTAL
  row 1 holds 1 and 1 stays behind, so there is nothing spare to take here.
  wheeled 1 notch(es) down the offers, from row 2 at (500, 312)
  row 1 offers 'Chaos Core' x1 at 710,867 (710,867/unit)

  buy from favourite slot 3: REFUSED
    #         ms   share  step
    1        0.4    0.0%  get_price: focus the game
    2       99.4   10.3%  get_price: _trade_window_open (OCR 1300x190)
    3      112.6   11.7%  get_price: purchase_tab_showing
    4      270.4   28.0%  get_price: read row 1 where it stands
    5      482.9   50.0%  get_price: search the favourite and read row 1
           965.9  100.0%  TOTAL
  row 1 holds 1 and 1 stays behind, so there is nothing spare to take here.
  wheeled 1 notch(es) down the offers, from row 2 at (500, 312)
  row 1 offers 'Chaos Core' x1 at 713,147 (713,147/unit)

  buy from favourite slot 3: REFUSED
    #         ms   share  step
    1        0.6    0.1%  get_price: focus the game
    2       98.7   10.2%  get_price: _trade_window_open (OCR 1300x190)
    3      116.6   12.1%  get_price: purchase_tab_showing
    4      266.6   27.6%  get_price: read row 1 where it stands
    5      482.5   50.0%  get_price: search the favourite and read row 1
           965.0  100.0%  TOTAL
  row 1 holds 1 and 1 stays behind, so there is nothing spare to take here.
  wheeled 1 notch(es) down the offers, from row 2 at (500, 312)
  row 1 offers 'Chaos Core' x150 at 715,000 (715,000/unit)
    balance before 863,576,201
    row 1 holds 150, 1 stays behind, so at most 149 comes off it
    dialog: '¢ Chaos Core'  qty 1 of 150  price 715000
    1 core(s) wanted, 1 to a pack -> 1 pack(s); 150 available, taking 1
    the quantity field already reads 1; not retyping it
    ordering 1 pack(s) at 715,000; the spend will confirm what actually bought
    balance after  862,861,201; spent 715,000 bought 1 pack(s) = 1 core(s) (715,000 a core)

  buy from favourite slot 3: bought 1 core(s) in 1 order(s)
    #         ms   share  step
    1        0.4    0.0%  get_price: focus the game
    2       98.1    3.5%  get_price: _trade_window_open (OCR 1300x190)
    3      117.1    4.1%  get_price: purchase_tab_showing
    4      207.9    7.4%  get_price: read row 1 where it stands
    5      423.6   15.0%  get_price: search the favourite and read row 1
    6       93.9    3.3%  read the balance before buying
    7      361.8   12.8%  click the row at (500, 257)
    8      308.3   10.9%  click Buy at (828, 257)
    9       87.8    3.1%  await the Purchase dialog
   10      309.9   11.0%  read the dialog (item, price, qty, qty_max)
   11       85.7    3.0%  find the Buy button
   12      307.5   10.9%  click Buy
   13      250.7    8.9%  park
   14       87.0    3.1%  confirm the dialog is gone
   15       88.9    3.1%  read the balance after buying
          2828.6  100.0%  TOTAL
    tab 4 slot (1, 1) is held for 'Chaos Core'; it frees when something is listed from it
  the Chaos Core landed in tab 4 slot (1, 1)
TASK {"kind": "resupply", "core": "Chaos Core", "slot": 3, "tab": 4, "landing": [1, 1], "step": "list", "holding": "Chaos Core", "qty": 1, "special": true}
  inventory slot (1,1) at (1475, 236)
    the lowest listed price is 704,821, from the row and 2 more
    market 704,821, typing 704,196, 625 under the market
    net sales 704,196 is 1 x 704,196
  typed 250; the net sales make it 1
  tab 4 read in 21 ms after the listing: 0 slot(s) held

  list 1 at 704,196
    #         ms   share  step
    1       18.7    0.3%  read the panel before loading
    2      811.1   15.2%  ctrl-click (1,1) attempt 1
    3      533.7   10.0%  read the suggested price
    4     1448.0   27.1%  type the price 704,196
    5      945.2   17.7%  type the quantity 250
    6      300.7    5.6%  take the quantity from the net sales
    7      313.6    5.9%  click Register
    8       93.4    1.8%  find Confirmation
    9       18.4    0.3%  look for the underprice question
   10      309.6    5.8%  click Confirmation
   11      250.9    4.7%  park
   12      255.8    4.8%  confirm the dialog is gone
   13       16.9    0.3%  wait for the panel to let the item go
   14       20.7    0.4%  read tab 4 after the listing
          5336.7  100.0%  TOTAL
  listed 1 at 704,196; it lands in row 11
  the Chaos Core special row is listed at 704,196 in row 11
DONE {"kind": "resupply", "core": "Chaos Core", "bought": 1, "listed": 1, "rows": [11], "special": true}
  row 13 is empty; nothing to relist
  row 14 is empty; nothing to relist
  row 15 is empty; nothing to relist
  row 16 is empty; nothing to relist
  row 17 is empty; nothing to relist
  row 18 is empty; nothing to relist
  row 19 is empty; nothing to relist
  row 20 is empty; nothing to relist
  row 21 is empty; nothing to relist
  row 22 is empty; nothing to relist
  row 23 is empty; nothing to relist
  row 24 is empty; nothing to relist
  row 25 is empty; nothing to relist

  relisting rows 1-25: 10 relisted, 15 empty, 0 skipped
    #          ms   share     n      each  phase
    1    11,377.4   24.9%    13     875.2  scroll to the row and read it
    2     8,857.5   19.4%     1   8,857.5  buy 1 Chaos Core
    3     5,342.9   11.7%     1   5,342.9  list Chaos Core from (1, 1)
    4     4,663.2   10.2%    13     358.7  Refresh the table
    5     2,645.8    5.8%     1   2,645.8  buy order 1
    6     2,423.2    5.3%     1   2,423.2  buy order 6
    7     2,257.6    4.9%     1   2,257.6  select the Register tab
    8     1,537.6    3.4%     1   1,537.6  read tab 4 before buying
    9     1,533.9    3.4%     1   1,533.9  wait for the Chaos Core to land on tab 4
   10       908.2    2.0%     1     908.2  select inventory tab 4
   11       483.7    1.1%     1     483.7  buy order 4
   12       483.1    1.1%     1     483.1  buy order 5
   13       482.2    1.1%     1     482.2  buy order 3
   14       480.4    1.1%     1     480.4  buy order 2
   15       371.9    0.8%     1     371.9  step down to the next offer (4)
   16       371.8    0.8%     1     371.8  step down to the next offer (5)
   17       371.7    0.8%     1     371.7  step down to the next offer (1)
   18       371.2    0.8%     1     371.2  step down to the next offer (2)
   19       371.0    0.8%     1     371.0  step down to the next offer (3)
   20       315.7    0.7%     1     315.7  reopen the Agent Shop
         45,650.1  100.0%

  returning the game to its default state
restoring the default state:
  Escape: window closed
  Inventory already closed
  the gift box at [284, 994]
  Receive All at [1209, 786]
  Receive 1 of 4 at [1214, 327]
  Receive 2 of 4 at [1214, 425]
  Receive 3 of 4 at [1214, 523]
  Receive 4 of 4 at [1214, 621]
  the special giftbox's Receive at [1438, 492]
  Close at [1483, 846]
  took 4 gift(s)
  the Agent Shop is shut and the vendor is not open either; reopening it
  Inventory shut: slot grid 0.13, needs 0.33

  board after pass 2:
                                                   bought/u   listed/u  margin      row price
     1  Force Core (Ultimate               x47            -    399,647       -        399,647
     2  Arionell                           x1    277,499,999 340,000,000  +18.4%    340,000,000
     3  Force Core (Ultimate               x210           -    399,646       -        399,646
     4  Force Core(Highest                 x46            -    211,427       -        211,427
     5  Force Core(High                    x83            -    202,499       -        202,499
     6  Force Core(High                    x64            -    202,498       -        202,498
     7  Force Core(High                    x61            -    202,496       -        202,496
     8  Upgrade Core (Ultimate             x42            -    449,829       -        449,829
     9  Force Core (Ultimate               x159           -    399,644       -        399,644
    10  Force Core (Ultimate               x68            -    399,643       -        399,643
    11  Chaos Core                         x1       715,000    704,196   -1.5%        704,196
    26  Palladium Gloves(FA) Lalla         x1             -  8,999,997       -      8,999,997
    28  Life Capsule(Special) Type A X 50  x4             -     31,969       -      1,598,450
    29  Life Capsule(Special) Type A X 100 x12            -     31,969       -      3,196,900
    30  Chaos Core Set X 756               x1             -    719,926       -    544,264,811
    item                               rows   units          listed
    Arionell                              1       1     340,000,000
    Chaos Core                            1       1         704,196
    Chaos Core Set                        1     756     544,264,811
    Force Core (Ultimate                  4     484     193,428,189
    Force Core(High                       3     208      42,119,545
    Force Core(Highest                    1      46       9,725,642
    Life Capsule(Special) Type A          2   1,400      44,756,600
    Palladium Gloves(FA) Lalla            1       1       8,999,997
    Upgrade Core (Ultimate                1      42      18,892,818
    board                                15   2,939   1,202,891,798
    balance now 862,861,201
  pass 2: 10 relisted, 15 empty, 0 skipped; 9995.0 minute(s) left

-- pass 3 --

  resupply order: Chaos Core, Force Core(High), Force Core(Highest), Upgrade Core (Ultimate), Force Core (Ultimate)

-- Chaos Core Set under our listing: up to 3 row(s) --
  Chaos Core Set 719,922 - Chaos Core 702,599 = 17,323
  ours is listed at 719,926 a Set and a Chaos Core sells at 702,599; buying every Set under 697,599, 5,000 a Set below the lower of the two
  the cheapest Chaos Core Set is 719,922 a Set, not under 697,599; nothing to buy under ours

  counting only rows 1-25; rows outside it are not repriced and do not count; 14 row(s) free
  core                            rows     buy/u    sell/u    margin  wants   short?
  Force Core(Highest)                1   211,427   205,000    -6,427      0   
  Chaos Core                         0   702,599   719,922    17,323      8   YES
  Force Core (Ultimate)              4         -         -         -      -   holds the most it can want, 3; not priced
  Force Core(High)                   3         -         -         -      -   holds the most it can want, 3; not priced
  Upgrade Core (Ultimate)            1   440,440   449,828     9,388      3   YES
  Alz 862,861,201 held covers 1,228 Chaos Core at 702,599; buying what it covers

-- Chaos Core: 0 row(s) --
  14 row(s) free inside 1-25
  Chaos Core Set 719,922 - Chaos Core 702,599 = 17,323
  a margin of 17,323 is worth 8 row(s) of Chaos Core; 0 held
  buy_min 100 rolled to 92 (+/-15); buying 93 in whole batches of 3
  1 stays behind on every row bought until an order is 10 step(s) down with nothing spare, and from there every row is taken whole until Chaos Core is done; each order prices the favourite afresh, then wheels down, up to 30 step(s)
TASK {"kind": "resupply", "core": "Chaos Core", "set": "Chaos Core Set", "slot": 3, "tab": 4}
  0/93 Chaos Core held
  row 1 offers 'Chaos Core' x1 at 702,599 (702,599/unit)

  buy from favourite slot 3: REFUSED
    #         ms   share  step
    1        0.3    0.0%  get_price: focus the game
    2      101.8    4.1%  get_price: _trade_window_open (OCR 1300x190)
    3      118.7    4.8%  get_price: purchase_tab_showing
    4      115.5    4.7%  get_price: read row 1 before the search
    5      307.3   12.4%  get_price: click favourite slot 3
    6       86.3    3.5%  get_price: confirm the sort
    7      490.8   19.9%  get_price: poll row 1 until it answers (3 read(s))
    8     1250.6   50.6%  get_price: search the favourite and read row 1
          2471.3  100.0%  TOTAL
  row 1 holds 1 and 1 stays behind, so there is nothing spare to take here.
  wheeled 1 notch(es) down the offers, from row 2 at (500, 312)
  row 1 offers 'Chaos Core' x1 at 704,196 (704,196/unit)

  buy from favourite slot 3: REFUSED
    #         ms   share  step
    1        0.6    0.1%  get_price: focus the game
    2      101.9   10.1%  get_price: _trade_window_open (OCR 1300x190)
    3      125.6   12.4%  get_price: purchase_tab_showing
    4      278.9   27.5%  get_price: read row 1 where it stands
    5      507.1   50.0%  get_price: search the favourite and read row 1
          1014.1  100.0%  TOTAL
  row 1 holds 1 and 1 stays behind, so there is nothing spare to take here.
  wheeled 1 notch(es) down the offers, from row 2 at (500, 312)
  row 1 offers 'Chaos Core' x1 at 704,821 (704,821/unit)

  buy from favourite slot 3: REFUSED
    #         ms   share  step
    1        0.5    0.1%  get_price: focus the game
    2       98.3    9.8%  get_price: _trade_window_open (OCR 1300x190)
    3      119.0   11.9%  get_price: purchase_tab_showing
    4      283.6   28.3%  get_price: read row 1 where it stands
    5      501.5   50.0%  get_price: search the favourite and read row 1
          1002.9  100.0%  TOTAL
  row 1 holds 1 and 1 stays behind, so there is nothing spare to take here.
  wheeled 1 notch(es) down the offers, from row 2 at (500, 312)
  row 1 offers 'Chaos Core' x1 at 705,406 (705,406/unit)

  buy from favourite slot 3: REFUSED
    #         ms   share  step
    1        0.6    0.1%  get_price: focus the game
    2       99.4   10.1%  get_price: _trade_window_open (OCR 1300x190)
    3      118.1   11.9%  get_price: purchase_tab_showing
    4      276.4   27.9%  get_price: read row 1 where it stands
    5      494.6   50.0%  get_price: search the favourite and read row 1
           989.2  100.0%  TOTAL
  row 1 holds 1 and 1 stays behind, so there is nothing spare to take here.
  wheeled 1 notch(es) down the offers, from row 2 at (500, 312)
  row 1 offers 'Chaos Core' x1 at 710,867 (710,867/unit)

  buy from favourite slot 3: REFUSED
    #         ms   share  step
    1        0.4    0.0%  get_price: focus the game
    2       99.8   10.1%  get_price: _trade_window_open (OCR 1300x190)
    3      118.3   12.0%  get_price: purchase_tab_showing
    4      274.9   27.9%  get_price: read row 1 where it stands
    5      493.3   50.0%  get_price: search the favourite and read row 1
           986.6  100.0%  TOTAL
  row 1 holds 1 and 1 stays behind, so there is nothing spare to take here.
  wheeled 1 notch(es) down the offers, from row 2 at (500, 312)
  row 1 offers 'Chaos Core' x1 at 710,867 (710,867/unit)

  buy from favourite slot 3: REFUSED
    #         ms   share  step
    1        0.5    0.0%  get_price: focus the game
    2      105.6   10.9%  get_price: _trade_window_open (OCR 1300x190)
    3      113.7   11.8%  get_price: purchase_tab_showing
    4      263.8   27.3%  get_price: read row 1 where it stands
    5      483.7   50.0%  get_price: search the favourite and read row 1
           967.3  100.0%  TOTAL
  row 1 holds 1 and 1 stays behind, so there is nothing spare to take here.
  wheeled 1 notch(es) down the offers, from row 2 at (500, 312)
  row 1 offers 'Chaos Core' x1 at 713,147 (713,147/unit)

  buy from favourite slot 3: REFUSED
    #         ms   share  step
    1        0.4    0.0%  get_price: focus the game
    2       95.7   10.0%  get_price: _trade_window_open (OCR 1300x190)
    3      113.4   11.9%  get_price: purchase_tab_showing
    4      266.9   28.0%  get_price: read row 1 where it stands
    5      476.5   50.0%  get_price: search the favourite and read row 1
           952.9  100.0%  TOTAL
  row 1 holds 1 and 1 stays behind, so there is nothing spare to take here.
  wheeled 1 notch(es) down the offers, from row 2 at (500, 312)
  row 1 offers 'Chaos Core' x149 at 715,000 (715,000/unit)

  buy from favourite slot 3: REFUSED
    #         ms   share  step
    1        0.7    0.1%  get_price: focus the game
    2       99.7   12.0%  get_price: _trade_window_open (OCR 1300x190)
    3      113.5   13.7%  get_price: purchase_tab_showing
    4      201.2   24.2%  get_price: read row 1 where it stands
    5      415.1   50.0%  get_price: search the favourite and read row 1
           830.1  100.0%  TOTAL
  stopping: row 1 asks 715,000 and the core sells at 719,922, a gap of 4,922 against the 5,000 wanted. Nothing bought.
  nothing bought; not opening the craft window.
  Alz 862,861,201 held covers 1,959 Upgrade Core Set (Ultimate) at 440,440; buying what it covers

-- Upgrade Core (Ultimate): 1 row(s) --
  14 row(s) free inside 1-25; a resupply needs up to 2
  Upgrade Core (Ultimate) 449,828 - Upgrade Core Set (Ultimate) 440,440 = 9,388
  a margin of 9,388 is worth 3 row(s) of Upgrade Core (Ultimate); 1 held
  tab 4 is showing and free from (1, 1), so the Upgrade Core Set (Ultimate) and the Upgrade Core (Ultimate) land there
TASK {"kind": "resupply", "core": "Upgrade Core (Ultimate)", "set": "Upgrade Core Set (Ultimate)", "slot": 9, "tab": 4, "landing": [1, 1]}
  0/200 Upgrade Core Set (Ultimate) held
  row 1 offers 'Upgrade Core Set (Ultimate) X 999' x17 at 439,999,560 (440,440/unit)
    row 1 leaves 9,388 a core against the 5,000 wanted

  buy from favourite slot 10: REFUSED
    #         ms   share  step
    1        0.4    0.0%  get_price: focus the game
    2       99.6    4.3%  get_price: _trade_window_open (OCR 1300x190)
    3      111.4    4.8%  get_price: purchase_tab_showing
    4      104.9    4.6%  get_price: read row 1 before the search
    5      312.6   13.6%  get_price: click favourite slot 10
    6       88.3    3.8%  get_price: confirm the sort
    7      418.6   18.2%  get_price: poll row 1 until it answers (3 read(s))
    8     1167.1   50.7%  get_price: search the favourite and read row 1
          2302.8  100.0%  TOTAL
  row 1 bundles 999 and only 500 more fit under the 500 limit with 0 held; a bundle cannot be split, so this offer is skipped.
  wheeled 1 notch(es) down the offers, from row 2 at (500, 312)
  0/200 Upgrade Core Set (Ultimate) held
  row 1 offers 'Upgrade Core Set (Ultimate) X 999' x1 at 439,999,560 (440,440/unit)
    row 1 leaves 9,388 a core against the 5,000 wanted

  buy from favourite slot 10: REFUSED
    #         ms   share  step
    1        0.4    0.0%  get_price: focus the game
    2       97.6    9.7%  get_price: _trade_window_open (OCR 1300x190)
    3      116.4   11.5%  get_price: purchase_tab_showing
    4      290.9   28.8%  get_price: read row 1 where it stands
    5      505.3   50.0%  get_price: search the favourite and read row 1
          1010.6  100.0%  TOTAL
  row 1 bundles 999 and only 500 more fit under the 500 limit with 0 held; a bundle cannot be split, so this offer is skipped.
  wheeled 1 notch(es) down the offers, from row 2 at (500, 312)
  0/200 Upgrade Core Set (Ultimate) held
  row 1 offers 'Upgrade Core Set (Ultimate) X 999' x1 at 440,928,630 (441,370/unit)
    row 1 leaves 8,458 a core against the 5,000 wanted

  buy from favourite slot 10: REFUSED
    #         ms   share  step
    1        0.5    0.1%  get_price: focus the game
    2       99.3    9.8%  get_price: _trade_window_open (OCR 1300x190)
    3      117.5   11.6%  get_price: purchase_tab_showing
    4      287.8   28.5%  get_price: read row 1 where it stands
    5      505.2   50.0%  get_price: search the favourite and read row 1
          1010.3  100.0%  TOTAL
  row 1 bundles 999 and only 500 more fit under the 500 limit with 0 held; a bundle cannot be split, so this offer is skipped.
  wheeled 1 notch(es) down the offers, from row 2 at (500, 312)
  0/200 Upgrade Core Set (Ultimate) held
  row 1 offers 'Upgrade Core Set (Ultimate) X 999' x1 at 442,458,099 (442,901/unit)
    row 1 leaves 6,927 a core against the 5,000 wanted

  buy from favourite slot 10: REFUSED
    #         ms   share  step
    1        0.4    0.0%  get_price: focus the game
    2       93.6    9.2%  get_price: _trade_window_open (OCR 1300x190)
    3      113.3   11.2%  get_price: purchase_tab_showing
    4      298.6   29.5%  get_price: read row 1 where it stands
    5      505.9   50.0%  get_price: search the favourite and read row 1
          1011.7  100.0%  TOTAL
  row 1 bundles 999 and only 500 more fit under the 500 limit with 0 held; a bundle cannot be split, so this offer is skipped.
  wheeled 1 notch(es) down the offers, from row 2 at (500, 312)
  0/200 Upgrade Core Set (Ultimate) held
  row 1 offers 'Upgrade Core Set (Ultimate) X 999' x17 at 469,303,257 (469,773/unit)

  buy from favourite slot 10: REFUSED
    #         ms   share  step
    1        0.4    0.0%  get_price: focus the game
    2       97.9   10.8%  get_price: _trade_window_open (OCR 1300x190)
    3      120.7   13.3%  get_price: purchase_tab_showing
    4      236.1   25.9%  get_price: read row 1 where it stands
    5      455.2   50.0%  get_price: search the favourite and read row 1
           910.3  100.0%  TOTAL
  stopping: row 1 asks 469,773 and the core sells at 449,828, a gap of -19,945 against the 5,000 wanted. Nothing bought.
  nothing bought; not opening the vendor.
  tab 4 read from the screen in 1532 ms: 0 slot(s) held
  row 1: 'Force Core (Ultimate' x47 at 399,647 -> tab 4 slot (1, 1)
    floor 368,785 (368,785 x 1) from Force Core Set (Ultimate); listed at 399,647, above it
TASK {"kind": "relist", "row": 1, "item": "Force Core (Ultimate", "qty": 47, "price": 399647, "tab": 4, "slot": [1, 1], "lands_in": 1}
  inventory slot (1,1) at (1475, 236)
    the lowest listed price is 399,641, from the row and 3 more
    market 399,641, typing 399,640, 1 under the market
    net sales 18,783,080 is 47 x 399,640
  typed 250; the net sales make it 47
  tab 4 read in 20 ms after the listing: 0 slot(s) held

  list 47 at 399,640
    #         ms   share  step
    1       17.2    0.3%  read the panel before loading
    2       17.6    0.3%  wait for slot (1,1) to fill
    3      814.3   15.2%  ctrl-click (1,1) attempt 1
    4      538.1   10.0%  read the suggested price
    5     1445.9   26.9%  type the price 399,640
    6      947.4   17.6%  type the quantity 250
    7      326.2    6.1%  take the quantity from the net sales
    8      307.9    5.7%  click Register
    9       91.9    1.7%  find Confirmation
   10       16.4    0.3%  look for the underprice question
   11      308.2    5.7%  click Confirmation
   12      250.7    4.7%  park
   13      250.1    4.7%  confirm the dialog is gone
   14       16.2    0.3%  wait for the panel to let the item go
   15       20.3    0.4%  read tab 4 after the listing
          5368.3  100.0%  TOTAL
  listed 47 at 399,640; it lands in row 1
DONE {"kind": "relist", "row": 1, "lands_in": 1, "qty": 47, "price": 399640, "item": "Force Core (Ultimate"}
    relisted 47 at 399,640 in row 1
  tab 4 known from the last listing: 0 slot(s) held
  row 2: 'Arionell' x1 at 340,000,000 -> tab 4 slot (1, 1)
    floor 277,499,999 from what it cost; listed at 340,000,000, above it
TASK {"kind": "relist", "row": 2, "item": "Arionell", "qty": 1, "price": 340000000, "tab": 4, "slot": [1, 1], "lands_in": 2}
  inventory slot (1,1) at (1475, 236)
    2 of 2 witnesses put it near 313,488,095, and none of them carries the asking price
    the witnesses split what it was listed at says 340,000,000 and the week's average says 8,095; taking none of them
    the lowest listed price would not read
  ctrl-click 1/1 loaded nothing from (1,1)
  the market would not price it after 1 ctrl-click(s); listing at the 340,000,000 it came out of the row at
    market 340,000,000, typing 340,000,000, the market itself
    net sales 340,000,000 is 1 x 340,000,000
  typed 250; the net sales make it 1
  tab 4 read in 20 ms after the listing: 0 slot(s) held

  list 1 at 340,000,000
    #         ms   share  step
    1       17.1    0.3%  read the panel before loading
    2       16.7    0.3%  wait for slot (1,1) to fill
    3      814.4   13.2%  ctrl-click (1,1) attempt 1
    4     1132.2   18.3%  read the suggested price
    5     1657.5   26.9%  type the price 340,000,000
    6      947.7   15.4%  type the quantity 250
    7      320.8    5.2%  take the quantity from the net sales
    8      308.9    5.0%  click Register
    9       95.2    1.5%  find Confirmation
   10       18.5    0.3%  look for the underprice question
   11      313.9    5.1%  click Confirmation
   12      250.8    4.1%  park
   13      241.2    3.9%  confirm the dialog is gone
   14       18.2    0.3%  wait for the panel to let the item go
   15       19.7    0.3%  read tab 4 after the listing
          6172.9  100.0%  TOTAL
  listed 1 at 340,000,000; it lands in row 2
DONE {"kind": "relist", "row": 2, "lands_in": 2, "qty": 1, "price": 340000000, "item": "Arionell"}
    relisted 1 at 340,000,000 in row 2
  tab 4 known from the last listing: 0 slot(s) held
  row 3: 'Force Core (Ultimate' x210 at 399,646 -> tab 4 slot (1, 1)
    floor 368,785 (368,785 x 1) from Force Core Set (Ultimate); listed at 399,646, above it
TASK {"kind": "relist", "row": 3, "item": "Force Core (Ultimate", "qty": 210, "price": 399646, "tab": 4, "slot": [1, 1], "lands_in": 3}
  inventory slot (1,1) at (1475, 236)
    the lowest listed price is 399,640, from the row and 3 more
    market 399,640, typing 399,639, 1 under the market
    net sales 83,924,190 is 210 x 399,639
  typed 250; the net sales make it 210
  tab 4 read in 20 ms after the listing: 0 slot(s) held

  list 210 at 399,639
    #         ms   share  step
    1       18.7    0.3%  read the panel before loading
    2       20.4    0.4%  wait for slot (1,1) to fill
    3      814.1   15.1%  ctrl-click (1,1) attempt 1
    4      537.6   10.0%  read the suggested price
    5     1448.4   26.9%  type the price 399,639
    6      945.7   17.6%  type the quantity 250
    7      311.0    5.8%  take the quantity from the net sales
    8      314.1    5.8%  click Register
    9       90.8    1.7%  find Confirmation
   10       18.9    0.4%  look for the underprice question
   11      306.6    5.7%  click Confirmation
   12      250.9    4.7%  park
   13      260.1    4.8%  confirm the dialog is gone
   14       19.0    0.4%  wait for the panel to let the item go
   15       20.2    0.4%  read tab 4 after the listing
          5376.5  100.0%  TOTAL
  listed 210 at 399,639; it lands in row 3
DONE {"kind": "relist", "row": 3, "lands_in": 3, "qty": 210, "price": 399639, "item": "Force Core (Ultimate"}
    relisted 210 at 399,639 in row 3
  tab 4 known from the last listing: 0 slot(s) held
  row 4: 'Force Core(Highest' x46 at 211,427 -> tab 4 slot (1, 1)
    floor 211,427 (211,427 x 1) from Force Core Set (Highest); listed at 211,427, above it
TASK {"kind": "relist", "row": 4, "item": "Force Core(Highest", "qty": 46, "price": 211427, "tab": 4, "slot": [1, 1], "lands_in": 4}
  inventory slot (1,1) at (1475, 236)
    the lowest listed price is 205,000, from the row and 3 more
    market 204,999 is under the 211,427 floor (a Force Core Set (Highest) costs 211,427); listing at the floor
    market 205,000, typing 211,427, 6,427 over the market
    net sales 9,725,642 is 46 x 211,427
  typed 250; the net sales make it 46
  tab 4 read in 21 ms after the listing: 0 slot(s) held

  list 46 at 211,427
    #         ms   share  step
    1       18.6    0.4%  read the panel before loading
    2       20.7    0.4%  wait for slot (1,1) to fill
    3      814.3   15.3%  ctrl-click (1,1) attempt 1
    4      466.6    8.8%  read the suggested price
    5     1446.0   27.2%  type the price 211,427
    6      954.4   17.9%  type the quantity 250
    7      308.6    5.8%  take the quantity from the net sales
    8      310.3    5.8%  click Register
    9       96.0    1.8%  find Confirmation
   10       16.5    0.3%  look for the underprice question
   11      312.1    5.9%  click Confirmation
   12      251.0    4.7%  park
   13      264.1    5.0%  confirm the dialog is gone
   14       19.3    0.4%  wait for the panel to let the item go
   15       20.9    0.4%  read tab 4 after the listing
          5319.5  100.0%  TOTAL
  listed 46 at 211,427; it lands in row 4
DONE {"kind": "relist", "row": 4, "lands_in": 4, "qty": 46, "price": 211427, "item": "Force Core(Highest"}
    relisted 46 at 211,427 in row 4, 2 relist(s) on the floor now
  tab 4 known from the last listing: 0 slot(s) held
  row 5: 'Force Core(High' x83 at 202,499 -> tab 4 slot (1, 1)
    floor 184,999 (184,999 x 1) from Force Core Set (High); listed at 202,499, above it
TASK {"kind": "relist", "row": 5, "item": "Force Core(High", "qty": 83, "price": 202499, "tab": 4, "slot": [1, 1], "lands_in": 5}
  inventory slot (1,1) at (1475, 236)
    the lowest listed price is 202,494, from the row and 3 more
    market 202,494, typing 202,493, 1 under the market
    net sales 16,806,919 is 83 x 202,493
  typed 250; the net sales make it 83
  tab 4 read in 21 ms after the listing: 0 slot(s) held

  list 83 at 202,493
    #         ms   share  step
    1       17.3    0.3%  read the panel before loading
    2       20.2    0.4%  wait for slot (1,1) to fill
    3      810.9   15.3%  ctrl-click (1,1) attempt 1
    4      466.7    8.8%  read the suggested price
    5     1447.1   27.2%  type the price 202,493
    6      946.5   17.8%  type the quantity 250
    7      313.0    5.9%  take the quantity from the net sales
    8      312.6    5.9%  click Register
    9       95.1    1.8%  find Confirmation
   10       18.7    0.4%  look for the underprice question
   11      307.1    5.8%  click Confirmation
   12      250.7    4.7%  park
   13      271.1    5.1%  confirm the dialog is gone
   14       15.6    0.3%  wait for the panel to let the item go
   15       20.7    0.4%  read tab 4 after the listing
          5313.3  100.0%  TOTAL
  listed 83 at 202,493; it lands in row 5
DONE {"kind": "relist", "row": 5, "lands_in": 5, "qty": 83, "price": 202493, "item": "Force Core(High"}
    relisted 83 at 202,493 in row 5
  tab 4 known from the last listing: 0 slot(s) held
  row 6: 'Force Core(High' x64 at 202,498 -> tab 4 slot (1, 1)
    floor 184,999 (184,999 x 1) from Force Core Set (High); listed at 202,498, above it
TASK {"kind": "relist", "row": 6, "item": "Force Core(High", "qty": 64, "price": 202498, "tab": 4, "slot": [1, 1], "lands_in": 6}
  inventory slot (1,1) at (1475, 236)
    the lowest listed price is 202,493, from the row and 3 more
    market 202,493, typing 202,492, 1 under the market
    net sales 12,959,488 is 64 x 202,492
  typed 250; the net sales make it 64
  tab 4 read in 29 ms after the listing: 0 slot(s) held

  list 64 at 202,492
    #         ms   share  step
    1       22.1    0.4%  read the panel before loading
    2       20.2    0.4%  wait for slot (1,1) to fill
    3      811.4   15.3%  ctrl-click (1,1) attempt 1
    4      465.7    8.8%  read the suggested price
    5     1447.0   27.2%  type the price 202,492
    6      947.3   17.8%  type the quantity 250
    7      315.1    5.9%  take the quantity from the net sales
    8      309.4    5.8%  click Register
    9       92.5    1.7%  find Confirmation
   10       16.5    0.3%  look for the underprice question
   11      312.1    5.9%  click Confirmation
   12      250.7    4.7%  park
   13      252.4    4.8%  confirm the dialog is gone
   14       20.1    0.4%  wait for the panel to let the item go
   15       29.4    0.6%  read tab 4 after the listing
          5311.8  100.0%  TOTAL
  listed 64 at 202,492; it lands in row 6
DONE {"kind": "relist", "row": 6, "lands_in": 6, "qty": 64, "price": 202492, "item": "Force Core(High"}
    relisted 64 at 202,492 in row 6
  tab 4 known from the last listing: 0 slot(s) held
  row 7: 'Force Core(High' x61 at 202,496 -> tab 4 slot (1, 1)
    floor 184,999 (184,999 x 1) from Force Core Set (High); listed at 202,496, above it
TASK {"kind": "relist", "row": 7, "item": "Force Core(High", "qty": 61, "price": 202496, "tab": 4, "slot": [1, 1], "lands_in": 7}
  inventory slot (1,1) at (1475, 236)
    the lowest listed price is 202,492, from the row and 3 more
    market 202,492, typing 202,491, 1 under the market
    net sales 12,351,951 is 61 x 202,491
  typed 250; the net sales make it 61
  tab 4 read in 19 ms after the listing: 0 slot(s) held

  list 61 at 202,491
    #         ms   share  step
    1       16.5    0.3%  read the panel before loading
    2       18.3    0.3%  wait for slot (1,1) to fill
    3      819.8   15.5%  ctrl-click (1,1) attempt 1
    4      460.8    8.7%  read the suggested price
    5     1442.8   27.3%  type the price 202,491
    6      945.9   17.9%  type the quantity 250
    7      313.6    5.9%  take the quantity from the net sales
    8      309.8    5.9%  click Register
    9       92.6    1.8%  find Confirmation
   10       15.0    0.3%  look for the underprice question
   11      312.0    5.9%  click Confirmation
   12      250.8    4.7%  park
   13      252.2    4.8%  confirm the dialog is gone
   14       19.2    0.4%  wait for the panel to let the item go
   15       19.5    0.4%  read tab 4 after the listing
          5288.8  100.0%  TOTAL
  listed 61 at 202,491; it lands in row 7
DONE {"kind": "relist", "row": 7, "lands_in": 7, "qty": 61, "price": 202491, "item": "Force Core(High"}
    relisted 61 at 202,491 in row 7
  tab 4 known from the last listing: 0 slot(s) held
  row 8: 'Upgrade Core (Ultimate' x42 at 449,829 -> tab 4 slot (1, 1)
    floor 440,440 (440,440 x 1) from Upgrade Core Set (Ultimate); listed at 449,829, above it
TASK {"kind": "relist", "row": 8, "item": "Upgrade Core (Ultimate", "qty": 42, "price": 449829, "tab": 4, "slot": [1, 1], "lands_in": 8}
  inventory slot (1,1) at (1475, 236)
    the lowest listed price is 449,826, from the row and 3 more
    market 449,826, typing 449,825, 1 under the market
    net sales 18,892,650 is 42 x 449,825
  typed 250; the net sales make it 42
  tab 4 read in 19 ms after the listing: 0 slot(s) held

  list 42 at 449,825
    #         ms   share  step
    1       18.2    0.3%  read the panel before loading
    2       20.6    0.4%  wait for slot (1,1) to fill
    3      817.9   15.4%  ctrl-click (1,1) attempt 1
    4      472.5    8.9%  read the suggested price
    5     1445.6   27.3%  type the price 449,825
    6      945.8   17.8%  type the quantity 250
    7      314.6    5.9%  take the quantity from the net sales
    8      307.2    5.8%  click Register
    9       93.0    1.8%  find Confirmation
   10       16.2    0.3%  look for the underprice question
   11      307.7    5.8%  click Confirmation
   12      251.0    4.7%  park
   13      253.8    4.8%  confirm the dialog is gone
   14       17.0    0.3%  wait for the panel to let the item go
   15       19.4    0.4%  read tab 4 after the listing
          5300.4  100.0%  TOTAL
  listed 42 at 449,825; it lands in row 8
DONE {"kind": "relist", "row": 8, "lands_in": 8, "qty": 42, "price": 449825, "item": "Upgrade Core (Ultimate"}
    relisted 42 at 449,825 in row 8
  tab 4 known from the last listing: 0 slot(s) held
  row 9: 'Force Core (Ultimate' x159 at 399,644 -> tab 4 slot (1, 1)
    floor 368,785 (368,785 x 1) from Force Core Set (Ultimate); listed at 399,644, above it
TASK {"kind": "relist", "row": 9, "item": "Force Core (Ultimate", "qty": 159, "price": 399644, "tab": 4, "slot": [1, 1], "lands_in": 9}
  inventory slot (1,1) at (1475, 236)
    the lowest listed price is 399,639, from the row and 3 more
    market 399,639, typing 399,638, 1 under the market
    net sales 63,542,442 is 159 x 399,638
  typed 250; the net sales make it 159
  tab 4 read in 21 ms after the listing: 0 slot(s) held

  list 159 at 399,638
    #         ms   share  step
    1       17.9    0.3%  read the panel before loading
    2       20.3    0.4%  wait for slot (1,1) to fill
    3      811.3   15.4%  ctrl-click (1,1) attempt 1
    4      461.7    8.8%  read the suggested price
    5     1442.8   27.4%  type the price 399,638
    6      946.5   18.0%  type the quantity 250
    7      305.5    5.8%  take the quantity from the net sales
    8      308.1    5.8%  click Register
    9       92.3    1.8%  find Confirmation
   10       16.5    0.3%  look for the underprice question
   11      307.5    5.8%  click Confirmation
   12      250.6    4.8%  park
   13      253.5    4.8%  confirm the dialog is gone
   14       17.5    0.3%  wait for the panel to let the item go
   15       20.8    0.4%  read tab 4 after the listing
          5272.8  100.0%  TOTAL
  listed 159 at 399,638; it lands in row 9
DONE {"kind": "relist", "row": 9, "lands_in": 9, "qty": 159, "price": 399638, "item": "Force Core (Ultimate"}
    relisted 159 at 399,638 in row 9
  tab 4 known from the last listing: 0 slot(s) held
  row 10: 'Force Core (Ultimate' x68 at 399,643 -> tab 4 slot (1, 1)
    floor 368,785 (368,785 x 1) from Force Core Set (Ultimate); listed at 399,643, above it
TASK {"kind": "relist", "row": 10, "item": "Force Core (Ultimate", "qty": 68, "price": 399643, "tab": 4, "slot": [1, 1], "lands_in": 10}
  inventory slot (1,1) at (1475, 236)
    the lowest listed price is 399,638, from the row and 3 more
    market 399,638, typing 399,637, 1 under the market
    net sales 27,175,316 is 68 x 399,637
  typed 250; the net sales make it 68
  tab 4 read in 20 ms after the listing: 0 slot(s) held

  list 68 at 399,637
    #         ms   share  step
    1       18.0    0.3%  read the panel before loading
    2       19.2    0.4%  wait for slot (1,1) to fill
    3      812.1   15.4%  ctrl-click (1,1) attempt 1
    4      466.1    8.8%  read the suggested price
    5     1442.6   27.3%  type the price 399,637
    6      941.7   17.8%  type the quantity 250
    7      318.0    6.0%  take the quantity from the net sales
    8      309.4    5.9%  click Register
    9       91.9    1.7%  find Confirmation
   10       15.7    0.3%  look for the underprice question
   11      308.4    5.8%  click Confirmation
   12      250.6    4.7%  park
   13      244.7    4.6%  confirm the dialog is gone
   14       17.5    0.3%  wait for the panel to let the item go
   15       20.2    0.4%  read tab 4 after the listing
          5276.2  100.0%  TOTAL
  listed 68 at 399,637; it lands in row 10
DONE {"kind": "relist", "row": 10, "lands_in": 10, "qty": 68, "price": 399637, "item": "Force Core (Ultimate"}
    relisted 68 at 399,637 in row 10
  tab 4 known from the last listing: 0 slot(s) held
  row 11: 'Chaos Core' x1 at 704,196 -> tab 4 slot (1, 1)
    floor 715,000 (715,000 x 1) from what it cost; listed at 704,196, UNDER the floor
TASK {"kind": "relist", "row": 11, "item": "Chaos Core", "qty": 1, "price": 704196, "tab": 4, "slot": [1, 1], "lands_in": 11}
    row 11 is the Chaos Core special row; listing at 527 under the market, no floor
  inventory slot (1,1) at (1475, 236)
    the lowest listed price is 702,027, from the row and 2 more
    market 702,027, typing 701,500, 527 under the market
    net sales 701,500 is 1 x 701,500
  typed 250; the net sales make it 1
  tab 4 read in 20 ms after the listing: 0 slot(s) held

  list 1 at 701,500
    #         ms   share  step
    1       20.5    0.4%  read the panel before loading
    2       21.4    0.4%  wait for slot (1,1) to fill
    3      813.8   15.2%  ctrl-click (1,1) attempt 1
    4      533.9   10.0%  read the suggested price
    5     1448.9   27.1%  type the price 701,500
    6      943.7   17.6%  type the quantity 250
    7      298.4    5.6%  take the quantity from the net sales
    8      307.4    5.7%  click Register
    9       91.7    1.7%  find Confirmation
   10       17.4    0.3%  look for the underprice question
   11      303.4    5.7%  click Confirmation
   12      250.9    4.7%  park
   13      263.5    4.9%  confirm the dialog is gone
   14       15.5    0.3%  wait for the panel to let the item go
   15       20.3    0.4%  read tab 4 after the listing
          5350.7  100.0%  TOTAL
  listed 1 at 701,500; it lands in row 11
DONE {"kind": "relist", "row": 11, "lands_in": 11, "qty": 1, "price": 701500, "item": "Chaos Core"}
    relisted 1 at 701,500 in row 11
  row 12 is empty; nothing to relist
  row 13 is empty; nothing to relist
  row 14 is empty; nothing to relist
  row 15 is empty; nothing to relist
  row 16 is empty; nothing to relist
  row 17 is empty; nothing to relist
  row 18 is empty; nothing to relist
  row 19 is empty; nothing to relist
  row 20 is empty; nothing to relist
  row 21 is empty; nothing to relist
  row 22 is empty; nothing to relist
  row 23 is empty; nothing to relist
  row 24 is empty; nothing to relist
  row 25 is empty; nothing to relist

  relisting rows 1-25: 11 relisted, 14 empty, 0 skipped
    #          ms   share     n      each  phase
    1    59,432.0   42.3%    11   5,402.9  list it back
    2    41,017.2   29.2%    11   3,728.8  cancel the row and take it back
    3    17,813.8   12.7%    25     712.6  scroll to the row and read it
    4    11,647.6    8.3%    11   1,058.9  select inventory tab 4
    5     9,012.9    6.4%    25     360.5  Refresh the table
    6     1,531.5    1.1%     1   1,531.5  read tab 4 before the withdrawal
    7       197.6    0.1%    11      18.0  check the shop slot is empty
        140,652.6  100.0%

  returning the game to its default state
restoring the default state:
  Escape: window closed
  Inventory already closed
  the gift box at [284, 994]
  Receive All at [1209, 786]
  Receive 1 of 4 at [1214, 327]
  Receive 2 of 4 at [1214, 425]
  Receive 3 of 4 at [1214, 523]
  Receive 4 of 4 at [1214, 621]
  the special giftbox's Receive at [1438, 492]
  Close at [1483, 846]
  took 4 gift(s)
  the Agent Shop is shut and the vendor is not open either; reopening it
  Inventory shut: slot grid 0.13, needs 0.33

  board after pass 3:
                                                   bought/u   listed/u  margin      row price
     1  Force Core (Ultimate               x47            -    399,640       -        399,640
     2  Arionell                           x1    277,499,999 340,000,000  +18.4%    340,000,000
     3  Force Core (Ultimate               x210           -    399,639       -        399,639
     4  Force Core(Highest                 x46            -    211,427       -        211,427
     5  Force Core(High                    x83            -    202,493       -        202,493
     6  Force Core(High                    x64            -    202,492       -        202,492
     7  Force Core(High                    x61            -    202,491       -        202,491
     8  Upgrade Core (Ultimate             x42            -    449,825       -        449,825
     9  Force Core (Ultimate               x159           -    399,638       -        399,638
    10  Force Core (Ultimate               x68            -    399,637       -        399,637
    11  Chaos Core                         x1       715,000    701,500   -1.9%        701,500
    26  Palladium Gloves(FA) Lalla         x1             -  8,999,997       -      8,999,997
    28  Life Capsule(Special) Type A X 50  x4             -     31,969       -      1,598,450
    29  Life Capsule(Special) Type A X 100 x12            -     31,969       -      3,196,900
    30  Chaos Core Set X 756               x1             -    719,926       -    544,264,811
    item                               rows   units          listed
    Arionell                              1       1     340,000,000
    Chaos Core                            1       1         701,500
    Chaos Core Set                        1     756     544,264,811
    Force Core (Ultimate                  4     484     193,425,028
    Force Core(High                       3     208      42,118,358
    Force Core(Highest                    1      46       9,725,642
    Life Capsule(Special) Type A          2   1,400      44,756,600
    Palladium Gloves(FA) Lalla            1       1       8,999,997
    Upgrade Core (Ultimate                1      42      18,892,650
    board                                15   2,939   1,202,884,586
    balance now 862,861,201
  pass 3: 11 relisted, 14 empty, 0 skipped; 9991.7 minute(s) left

-- pass 4 --

  resupply order: Chaos Core, Force Core(High), Force Core(Highest), Upgrade Core (Ultimate), Force Core (Ultimate)

-- Chaos Core Set under our listing: up to 3 row(s) --
  Chaos Core Set 719,920 - Chaos Core 699,654 = 20,266
  ours is listed at 719,926 a Set and a Chaos Core sells at 699,654; buying every Set under 694,654, 5,000 a Set below the lower of the two
  the cheapest Chaos Core Set is 719,920 a Set, not under 694,654; nothing to buy under ours

  counting only rows 1-25; rows outside it are not repriced and do not count; 14 row(s) free
  core                            rows     buy/u    sell/u    margin  wants   short?
  Force Core(Highest)                1   211,427   205,000    -6,427      0   
  Chaos Core                         0   699,654   719,920    20,266      8   YES
  Force Core (Ultimate)              4         -         -         -      -   holds the most it can want, 3; not priced
  Force Core(High)                   3         -         -         -      -   holds the most it can want, 3; not priced
  Upgrade Core (Ultimate)            1   440,440   449,824     9,384      3   YES
  Alz 862,861,201 held covers 1,233 Chaos Core at 699,654; buying what it covers

-- Chaos Core: 0 row(s) --
  14 row(s) free inside 1-25
  Chaos Core Set 719,920 - Chaos Core 699,654 = 20,266
  a margin of 20,266 is worth 8 row(s) of Chaos Core; 0 held
  buy_min 100 rolled to 110 (+/-15); buying 111 in whole batches of 3
  1 stays behind on every row bought until an order is 10 step(s) down with nothing spare, and from there every row is taken whole until Chaos Core is done; each order prices the favourite afresh, then wheels down, up to 30 step(s)
TASK {"kind": "resupply", "core": "Chaos Core", "set": "Chaos Core Set", "slot": 3, "tab": 4}
  0/111 Chaos Core held
  row 1 offers 'Chaos Core' x210 at 699,654 (699,654/unit)
    row 1 leaves 20,266 a core against the 5,000 wanted
    balance before 862,861,201
    row 1 holds 210, 1 stays behind, so at most 209 comes off it
    dialog: '¢ Chaos Core'  qty 1 of 210  price 699654
    111 core(s) wanted, 1 to a pack -> 111 pack(s); 210 available, taking 111
    ordering 111 pack(s) at 77,661,594; the spend will confirm what actually bought
    balance after  785,199,607; spent 77,661,594 bought 111 pack(s) = 111 core(s) (699,654 a core)

  buy from favourite slot 3: bought 111 core(s) in 111 order(s)
    #         ms   share  step
    1        0.3    0.0%  get_price: focus the game
    2      107.4    1.8%  get_price: _trade_window_open (OCR 1300x190)
    3      116.4    1.9%  get_price: purchase_tab_showing
    4      117.5    2.0%  get_price: read row 1 before the search
    5      310.3    5.2%  get_price: click favourite slot 3
    6       87.3    1.4%  get_price: confirm the sort
    7      423.7    7.0%  get_price: poll row 1 until it answers (3 read(s))
    8     1191.1   19.8%  get_price: search the favourite and read row 1
    9       93.5    1.6%  read the balance before buying
   10      360.9    6.0%  click the row at (500, 257)
   11      307.8    5.1%  click Buy at (828, 257)
   12      184.9    3.1%  await the Purchase dialog
   13      299.1    5.0%  read the dialog (item, price, qty, qty_max)
   14     1394.6   23.2%  click the quantity field and type 111
   15       95.6    1.6%  find the Buy button
   16      312.8    5.2%  click Buy
   17      250.8    4.2%  park
   18       85.3    1.4%  confirm the dialog is gone
   19      282.4    4.7%  read the balance after buying
          6021.8  100.0%  TOTAL
TASK {"kind": "resupply", "core": "Chaos Core", "set": "Chaos Core Set", "slot": 3, "tab": 4, "step": "craft", "holding": "Chaos Core", "qty": 111, "price": 0}
  Inventory shut; pressing I (attempt 1)
  right-clicking the craft key on tab 6 slot (1, 8) at (1867, 236) (attempt 1/3)
  opening the 2000-2999 tier at [90, 209]
  choosing Chaos Core Set x3 at [146, 268]
  111 Chaos Core(s) bought this pass, 3 to a craft
  Request All at [263, 730]
  waiting 15s for 111 core(s) (5s per 50, rounded up)
  Complete All at [872, 729]
  the Sets arrived in [(1, 1), (1, 2), (1, 3), (1, 4)]
  compressing tab 4 slot (1, 1) at (1475, 236)
  111 Chaos Core(s) went into the queue

  craft from 111 Chaos Core(s)
    #         ms   share  step
    1     2387.2   10.3%  open the craft window
    2     2443.8   10.5%  select the recipe
    3      306.6    1.3%  Request All
    4    15000.8   64.4%  wait for the queue
    5      911.0    3.9%  select inventory tab 4 before completing
    6       24.5    0.1%  read the slots before any Set arrives
    7      812.4    3.5%  Complete All
    8     1390.9    6.0%  compress the crafted Sets
         23277.2  100.0%  TOTAL
TASK {"kind": "resupply", "core": "Chaos Core", "set": "Chaos Core Set", "slot": 3, "tab": 4, "step": "list", "holding": "Chaos Core Set", "qty": 111, "price": 0}
  the Agent Shop is shut and the vendor is not open either; reopening it
  Inventory shut: slot grid 0.14, needs 0.33
  listing the Chaos Core Set compressed into (1, 1) from 111 Chaos Core(s)
  the board's cheapest is 719,920 a Set, and the panel scales that to whatever the bundle holds
  it cost 699,654 a Core, so no Set goes out under that
  inventory slot (1,1) at (1475, 236)
    the lowest listed price is 79,911,009, from the row and 2 more
  the panel prices the bundle at 79,911,009, 111 x 719,920; the floor is 77,661,594
    market 79,911,009, typing 79,911,008, 1 under the market
    net sales 79,911,008 is 1 x 79,911,008
  typed 250; the net sales make it 1
  tab 4 read in 21 ms after the listing: 0 slot(s) held

  list 1 at 79,911,008
    #         ms   share  step
    1       18.9    0.3%  read the panel before loading
    2      811.1   15.0%  ctrl-click (1,1) attempt 1
    3      462.7    8.6%  read the suggested price
    4     1587.9   29.3%  type the price 79,911,008
    5      952.0   17.6%  type the quantity 250
    6      313.0    5.8%  take the quantity from the net sales
    7      307.3    5.7%  click Register
    8       93.1    1.7%  find Confirmation
    9       15.6    0.3%  look for the underprice question
   10      313.6    5.8%  click Confirmation
   11      250.6    4.6%  park
   12      246.6    4.6%  confirm the dialog is gone
   13       18.2    0.3%  wait for the panel to let the item go
   14       20.9    0.4%  read tab 4 after the listing
          5411.6  100.0%  TOTAL
  listed 1 at 79,911,008; it lands in row 12
DONE {"kind": "resupply", "core": "Chaos Core", "bought": 111, "listed": 1, "rows": [12]}

  resupply Chaos Core: bought 111, 111 into the craft, listed 1 in rows [12]
    #          ms   share     n      each  phase
    1    23,300.0   51.9%     1  23,300.0  craft Chaos Core into Chaos Core Set
    2     5,415.4   12.1%     1   5,415.4  list Chaos Core Set from (1, 1)
    3     4,879.1   10.9%     1   4,879.1  buy order 1
    4     3,589.0    8.0%     1   3,589.0  reopen the Agent Shop
    5     2,271.9    5.1%     1   2,271.9  select the Register tab
    6     1,271.1    2.8%     1   1,271.1  close the Agent Shop
    7     1,245.1    2.8%     1   1,245.1  price Upgrade Core (Ultimate)
    8     1,214.0    2.7%     1   1,214.0  price Upgrade Core Set (Ultimate)
    9       907.2    2.0%     1     907.2  select inventory tab 4
   10       773.7    1.7%     1     773.7  close the craft window
         44,866.5  100.0%
  Chaos Core: 1 of 8 row(s) after that one
  Alz 785,199,607 held covers 1,122 Chaos Core at 699,654; buying what it covers

-- Chaos Core: 1 row(s) --
  13 row(s) free inside 1-25
  Chaos Core Set 719,918 - Chaos Core 699,654 = 20,264
  a margin of 20,264 is worth 8 row(s) of Chaos Core; 1 held
  buy_min 100 rolled to 111 (+/-15); buying 111 in whole batches of 3
  1 stays behind on every row bought until an order is 10 step(s) down with nothing spare, and from there every row is taken whole until Chaos Core is done; each order prices the favourite afresh, then wheels down, up to 30 step(s)
TASK {"kind": "resupply", "core": "Chaos Core", "set": "Chaos Core Set", "slot": 3, "tab": 4}
  0/111 Chaos Core held
  row 1 offers 'Chaos Core' x1 at 698,600 (698,600/unit)

  buy from favourite slot 3: REFUSED
    #         ms   share  step
    1        0.3    0.0%  get_price: focus the game
    2       97.6    3.4%  get_price: _trade_window_open (OCR 1300x190)
    3      132.2    4.7%  get_price: purchase_tab_showing
    4      176.5    6.2%  get_price: read row 1 before the search
    5      308.2   10.9%  get_price: click favourite slot 3
    6       88.5    3.1%  get_price: confirm the sort
    7      600.3   21.1%  get_price: poll row 1 until it answers (3 read(s))
    8     1435.8   50.6%  get_price: search the favourite and read row 1
          2839.3  100.0%  TOTAL
  row 1 holds 1 and 1 stays behind, so there is nothing spare to take here.
  wheeled 1 notch(es) down the offers, from row 2 at (500, 312)
  row 1 offers 'Chaos Core' x232 at 699,654 (699,654/unit)
    row 1 leaves 20,264 a core against the 5,000 wanted
    balance before 785,199,607
    row 1 holds 232, 1 stays behind, so at most 231 comes off it
    dialog: '¢ Chaos Core'  qty 1 of 232  price 699654
    111 core(s) wanted, 1 to a pack -> 111 pack(s); 232 available, taking 111
    ordering 111 pack(s) at 77,661,594; the spend will confirm what actually bought
    balance after  707,538,013; spent 77,661,594 bought 111 pack(s) = 111 core(s) (699,654 a core)

  buy from favourite slot 3: bought 111 core(s) in 111 order(s)
    #         ms   share  step
    1        0.6    0.0%  get_price: focus the game
    2      103.1    2.3%  get_price: _trade_window_open (OCR 1300x190)
    3      114.5    2.6%  get_price: purchase_tab_showing
    4      208.5    4.7%  get_price: read row 1 where it stands
    5      426.7    9.6%  get_price: search the favourite and read row 1
    6       93.0    2.1%  read the balance before buying
    7      366.0    8.2%  click the row at (500, 257)
    8      307.8    6.9%  click Buy at (828, 257)
    9       89.8    2.0%  await the Purchase dialog
   10      313.4    7.0%  read the dialog (item, price, qty, qty_max)
   11     1399.3   31.5%  click the quantity field and type 111
   12       96.7    2.2%  find the Buy button
   13      313.7    7.1%  click Buy
   14      250.6    5.6%  park
   15       88.0    2.0%  confirm the dialog is gone
   16      274.6    6.2%  read the balance after buying
          4446.3  100.0%  TOTAL
TASK {"kind": "resupply", "core": "Chaos Core", "set": "Chaos Core Set", "slot": 3, "tab": 4, "step": "craft", "holding": "Chaos Core", "qty": 111, "price": 0}
  Inventory shut; pressing I (attempt 1)
  right-clicking the craft key on tab 6 slot (1, 8) at (1867, 236) (attempt 1/3)
  opening the 2000-2999 tier at [90, 209]
  choosing Chaos Core Set x3 at [146, 268]
  111 Chaos Core(s) bought this pass, 3 to a craft
  Request All at [263, 730]
  waiting 15s for 111 core(s) (5s per 50, rounded up)
  Complete All at [872, 729]
  the Sets arrived in [(1, 1), (1, 2), (1, 3), (1, 4)]
  compressing tab 4 slot (1, 1) at (1475, 236)
  111 Chaos Core(s) went into the queue

  craft from 111 Chaos Core(s)
    #         ms   share  step
    1     2400.3   10.3%  open the craft window
    2     2454.1   10.5%  select the recipe
    3      308.4    1.3%  Request All
    4    15000.7   64.4%  wait for the queue
    5      909.9    3.9%  select inventory tab 4 before completing
    6       23.2    0.1%  read the slots before any Set arrives
    7      814.6    3.5%  Complete All
    8     1392.2    6.0%  compress the crafted Sets
         23303.6  100.0%  TOTAL
TASK {"kind": "resupply", "core": "Chaos Core", "set": "Chaos Core Set", "slot": 3, "tab": 4, "step": "list", "holding": "Chaos Core Set", "qty": 111, "price": 0}
  the Agent Shop is shut and the vendor is not open either; reopening it
  Inventory shut: slot grid 0.13, needs 0.33
  listing the Chaos Core Set compressed into (1, 1) from 111 Chaos Core(s)
  the board's cheapest is 719,918 a Set, and the panel scales that to whatever the bundle holds
  it cost 699,654 a Core, so no Set goes out under that
  inventory slot (1,1) at (1475, 236)
    the lowest listed price is 79,910,898, from the row and 2 more
  the panel prices the bundle at 79,910,898, 111 x 719,918; the floor is 77,661,594
    market 79,910,898, typing 79,910,897, 1 under the market
    net sales 79,910,897 is 1 x 79,910,897
  typed 250; the net sales make it 1
  tab 4 read in 20 ms after the listing: 0 slot(s) held

  list 1 at 79,910,897
    #         ms   share  step
    1       20.0    0.4%  read the panel before loading
    2      810.5   14.7%  ctrl-click (1,1) attempt 1
    3      542.5    9.9%  read the suggested price
    4     1589.2   28.9%  type the price 79,910,897
    5      945.1   17.2%  type the quantity 250
    6      317.5    5.8%  take the quantity from the net sales
    7      308.9    5.6%  click Register
    8       93.9    1.7%  find Confirmation
    9       18.3    0.3%  look for the underprice question
   10      308.3    5.6%  click Confirmation
   11      250.9    4.6%  park
   12      252.3    4.6%  confirm the dialog is gone
   13       18.0    0.3%  wait for the panel to let the item go
   14       20.4    0.4%  read tab 4 after the listing
          5495.9  100.0%  TOTAL
  listed 1 at 79,910,897; it lands in row 13
DONE {"kind": "resupply", "core": "Chaos Core", "bought": 111, "listed": 1, "rows": [13]}

  resupply Chaos Core: bought 111, 111 into the craft, listed 1 in rows [13]
    #          ms   share     n      each  phase
    1    23,325.0   49.4%     1  23,325.0  craft Chaos Core into Chaos Core Set
    2     5,499.7   11.6%     1   5,499.7  list Chaos Core Set from (1, 1)
    3     4,029.5    8.5%     1   4,029.5  buy order 2
    4     3,600.9    7.6%     1   3,600.9  reopen the Agent Shop
    5     2,497.9    5.3%     1   2,497.9  price Chaos Core
    6     2,275.0    4.8%     1   2,275.0  select the Register tab
    7     1,436.7    3.0%     1   1,436.7  buy order 1
    8     1,282.1    2.7%     1   1,282.1  close the Agent Shop
    9     1,230.5    2.6%     1   1,230.5  price Chaos Core Set
   10       904.3    1.9%     1     904.3  select inventory tab 4
   11       769.7    1.6%     1     769.7  close the craft window
   12       371.0    0.8%     1     371.0  step down to the next offer (1)
         47,222.4  100.0%
  Chaos Core: 2 of 8 row(s) after that one
  Alz 707,538,013 held covers 1,011 Chaos Core at 699,654; buying what it covers

-- Chaos Core: 2 row(s) --
  12 row(s) free inside 1-25
  Chaos Core Set 719,918 - Chaos Core 698,600 = 21,318
  a margin of 21,318 is worth 8 row(s) of Chaos Core; 2 held
  buy_min 100 rolled to 101 (+/-15); buying 102 in whole batches of 3
  1 stays behind on every row bought until an order is 10 step(s) down with nothing spare, and from there every row is taken whole until Chaos Core is done; each order prices the favourite afresh, then wheels down, up to 30 step(s)
TASK {"kind": "resupply", "core": "Chaos Core", "set": "Chaos Core Set", "slot": 3, "tab": 4}
  0/102 Chaos Core held
  row 1 offers 'Chaos Core' x1 at 698,600 (698,600/unit)

  buy from favourite slot 3: REFUSED
    #         ms   share  step
    1        0.5    0.0%  get_price: focus the game
    2      113.0    3.9%  get_price: _trade_window_open (OCR 1300x190)
    3      118.3    4.1%  get_price: purchase_tab_showing
    4      177.7    6.2%  get_price: read row 1 before the search
    5      308.6   10.7%  get_price: click favourite slot 3
    6      103.8    3.6%  get_price: confirm the sort
    7      616.8   21.4%  get_price: poll row 1 until it answers (3 read(s))
    8     1448.9   50.2%  get_price: search the favourite and read row 1
          2887.6  100.0%  TOTAL
  row 1 holds 1 and 1 stays behind, so there is nothing spare to take here.
  wheeled 1 notch(es) down the offers, from row 2 at (500, 312)
  row 1 offers 'Chaos Core' x5 at 699,654 (699,654/unit)
    row 1 leaves 20,264 a core against the 5,000 wanted
    balance before 707,538,013
    row 1 holds 5, 1 stays behind, so at most 4 comes off it
    dialog: '¢ Chaos Core'  qty 1 of 5  price 699654
    102 core(s) wanted, 1 to a pack -> 102 pack(s); 5 available, taking 4
    ordering 4 pack(s) at 2,798,616; the spend will confirm what actually bought
    balance after  704,739,397; spent 2,798,616 bought 4 pack(s) = 4 core(s) (699,654 a core)

  buy from favourite slot 3: bought 4 core(s) in 4 order(s)
    #         ms   share  step
    1        0.4    0.0%  get_price: focus the game
    2       99.6    2.4%  get_price: _trade_window_open (OCR 1300x190)
    3      114.6    2.7%  get_price: purchase_tab_showing
    4      271.4    6.5%  get_price: read row 1 where it stands
    5      486.0   11.6%  get_price: search the favourite and read row 1
    6       92.5    2.2%  read the balance before buying
    7      357.6    8.5%  click the row at (500, 257)
    8      308.0    7.3%  click Buy at (828, 257)
    9       88.1    2.1%  await the Purchase dialog
   10      299.9    7.1%  read the dialog (item, price, qty, qty_max)
   11     1253.3   29.9%  click the quantity field and type 4
   12       86.2    2.1%  find the Buy button
   13      309.8    7.4%  click Buy
   14      251.0    6.0%  park
   15       91.3    2.2%  confirm the dialog is gone
   16       88.5    2.1%  read the balance after buying
          4198.2  100.0%  TOTAL
  4/102 Chaos Core held
  row 1 offers 'Chaos Core' x1 at 698,600 (698,600/unit)

  buy from favourite slot 3: REFUSED
    #         ms   share  step
    1        0.3    0.0%  get_price: focus the game
    2       95.2    2.0%  get_price: _trade_window_open (OCR 1300x190)
    3      122.6    2.5%  get_price: purchase_tab_showing
    4      165.1    3.4%  get_price: read row 1 before the search
    5      320.6    6.6%  get_price: click favourite slot 3
    6       89.9    1.9%  get_price: confirm the sort
    7     1609.7   33.3%  get_price: poll row 1 until it answers (9 read(s))
    8     2434.5   50.3%  get_price: search the favourite and read row 1
          4837.9  100.0%  TOTAL
  row 1 holds 1 and 1 stays behind, so there is nothing spare to take here.
  wheeled 1 notch(es) down the offers, from row 2 at (500, 312)
  row 1 offers 'Chaos Core' x1 at 699,654 (699,654/unit)

  buy from favourite slot 3: REFUSED
    #         ms   share  step
    1        0.7    0.1%  get_price: focus the game
    2      102.1   10.6%  get_price: _trade_window_open (OCR 1300x190)
    3      114.2   11.9%  get_price: purchase_tab_showing
    4      264.1   27.4%  get_price: read row 1 where it stands
    5      481.2   50.0%  get_price: search the favourite and read row 1
           962.3  100.0%  TOTAL
  row 1 holds 1 and 1 stays behind, so there is nothing spare to take here.
  wheeled 1 notch(es) down the offers, from row 2 at (500, 312)
  row 1 offers 'Chaos Core' x90 at 699,654 (699,654/unit)
    row 1 leaves 20,264 a core against the 5,000 wanted
    balance before 704,739,397
    row 1 holds 90, 1 stays behind, so at most 89 comes off it
    dialog: '¢ Chaos Core'  qty 1 of 90  price 699654
    98 core(s) wanted, 1 to a pack -> 98 pack(s); 90 available, taking 89
    ordering 89 pack(s) at 62,269,206; the spend will confirm what actually bought
    balance after  642,470,191; spent 62,269,206 bought 89 pack(s) = 89 core(s) (699,654 a core)

  buy from favourite slot 3: bought 89 core(s) in 89 order(s)
    #         ms   share  step
    1        0.5    0.0%  get_price: focus the game
    2       97.0    2.2%  get_price: _trade_window_open (OCR 1300x190)
    3      118.4    2.7%  get_price: purchase_tab_showing
    4      206.1    4.7%  get_price: read row 1 where it stands
    5      421.9    9.7%  get_price: search the favourite and read row 1
    6       92.4    2.1%  read the balance before buying
    7      359.8    8.3%  click the row at (500, 257)
    8      307.1    7.1%  click Buy at (828, 257)
    9       87.4    2.0%  await the Purchase dialog
   10      305.8    7.0%  read the dialog (item, price, qty, qty_max)
   11     1321.5   30.4%  click the quantity field and type 89
   12       86.9    2.0%  find the Buy button
   13      310.9    7.2%  click Buy
   14      250.9    5.8%  park
   15       93.7    2.2%  confirm the dialog is gone
   16      280.6    6.5%  read the balance after buying
          4340.8  100.0%  TOTAL
  93/102 Chaos Core held
  row 1 offers 'Chaos Core' x1 at 698,600 (698,600/unit)

  buy from favourite slot 3: REFUSED
    #         ms   share  step
    1        0.5    0.0%  get_price: focus the game
    2      100.4    2.1%  get_price: _trade_window_open (OCR 1300x190)
    3      113.7    2.4%  get_price: purchase_tab_showing
    4      169.4    3.5%  get_price: read row 1 before the search
    5      312.5    6.5%  get_price: click favourite slot 3
    6       88.2    1.8%  get_price: confirm the sort
    7     1592.4   33.3%  get_price: poll row 1 until it answers (9 read(s))
    8     2407.2   50.3%  get_price: search the favourite and read row 1
          4784.2  100.0%  TOTAL
  row 1 holds 1 and 1 stays behind, so there is nothing spare to take here.
  wheeled 1 notch(es) down the offers, from row 2 at (500, 312)
  row 1 offers 'Chaos Core' x1 at 699,654 (699,654/unit)

  buy from favourite slot 3: REFUSED
    #         ms   share  step
    1        0.4    0.0%  get_price: focus the game
    2      100.4   10.3%  get_price: _trade_window_open (OCR 1300x190)
    3      118.9   12.2%  get_price: purchase_tab_showing
    4      268.9   27.5%  get_price: read row 1 where it stands
    5      488.7   50.0%  get_price: search the favourite and read row 1
           977.4  100.0%  TOTAL
  row 1 holds 1 and 1 stays behind, so there is nothing spare to take here.
  wheeled 1 notch(es) down the offers, from row 2 at (500, 312)
  row 1 offers 'Chaos Core' x1 at 699,654 (699,654/unit)

  buy from favourite slot 3: REFUSED
    #         ms   share  step
    1        0.4    0.0%  get_price: focus the game
    2       96.1   10.1%  get_price: _trade_window_open (OCR 1300x190)
    3      111.6   11.8%  get_price: purchase_tab_showing
    4      266.8   28.1%  get_price: read row 1 where it stands
    5      475.0   50.0%  get_price: search the favourite and read row 1
           949.9  100.0%  TOTAL
  row 1 holds 1 and 1 stays behind, so there is nothing spare to take here.
  wheeled 1 notch(es) down the offers, from row 2 at (500, 312)
  row 1 offers 'Chaos Core' x123 at 699,654 (699,654/unit)
    row 1 leaves 20,264 a core against the 5,000 wanted
    balance before 642,470,191
    row 1 holds 123, 1 stays behind, so at most 122 comes off it
    dialog: '¢ Chaos Core'  qty 1 of 123  price 699654
    9 core(s) wanted, 1 to a pack -> 9 pack(s); 123 available, taking 9
    ordering 9 pack(s) at 6,296,886; the spend will confirm what actually bought
    balance after  636,173,305; spent 6,296,886 bought 9 pack(s) = 9 core(s) (699,654 a core)

  buy from favourite slot 3: bought 9 core(s) in 9 order(s)
    #         ms   share  step
    1        0.5    0.0%  get_price: focus the game
    2       99.8    2.4%  get_price: _trade_window_open (OCR 1300x190)
    3      114.7    2.8%  get_price: purchase_tab_showing
    4      205.6    5.0%  get_price: read row 1 where it stands
    5      420.5   10.3%  get_price: search the favourite and read row 1
    6       94.2    2.3%  read the balance before buying
    7      357.4    8.8%  click the row at (500, 257)
    8      314.5    7.7%  click Buy at (828, 257)
    9       89.8    2.2%  await the Purchase dialog
   10      299.2    7.3%  read the dialog (item, price, qty, qty_max)
   11     1254.9   30.7%  click the quantity field and type 9
   12       87.9    2.2%  find the Buy button
   13      308.4    7.6%  click Buy
   14      250.7    6.1%  park
   15       88.7    2.2%  confirm the dialog is gone
   16       97.5    2.4%  read the balance after buying
          4084.1  100.0%  TOTAL
TASK {"kind": "resupply", "core": "Chaos Core", "set": "Chaos Core Set", "slot": 3, "tab": 4, "step": "craft", "holding": "Chaos Core", "qty": 102, "price": 0}
  Inventory shut; pressing I (attempt 1)
  right-clicking the craft key on tab 6 slot (1, 8) at (1867, 236) (attempt 1/3)
  opening the 2000-2999 tier at [90, 209]
  choosing Chaos Core Set x3 at [146, 268]
  102 Chaos Core(s) bought this pass, 3 to a craft
  Request All at [263, 730]
  waiting 15s for 102 core(s) (5s per 50, rounded up)
  Complete All at [872, 729]
  the Sets arrived in [(1, 1), (1, 2), (1, 3), (1, 4)]
  compressing tab 4 slot (1, 1) at (1475, 236)
  102 Chaos Core(s) went into the queue

  craft from 102 Chaos Core(s)
    #         ms   share  step
    1     2386.6   10.3%  open the craft window
    2     2442.2   10.5%  select the recipe
    3      310.0    1.3%  Request All
    4    15000.4   64.5%  wait for the queue
    5      911.0    3.9%  select inventory tab 4 before completing
    6       24.0    0.1%  read the slots before any Set arrives
    7      808.6    3.5%  Complete All
    8     1391.3    6.0%  compress the crafted Sets
         23274.1  100.0%  TOTAL
TASK {"kind": "resupply", "core": "Chaos Core", "set": "Chaos Core Set", "slot": 3, "tab": 4, "step": "list", "holding": "Chaos Core Set", "qty": 102, "price": 0}
  the Agent Shop is shut and the vendor is not open either; reopening it
  Inventory shut: slot grid 0.13, needs 0.33
  listing the Chaos Core Set compressed into (1, 1) from 102 Chaos Core(s)
  the board's cheapest is 719,918 a Set, and the panel scales that to whatever the bundle holds
  it cost 699,654 a Core, so no Set goes out under that
  inventory slot (1,1) at (1475, 236)
    the lowest listed price is 73,431,432, from the row and 2 more
  the panel prices the bundle at 73,431,432, 102 x 719,918; the floor is 71,364,708
    market 73,431,432, typing 73,431,431, 1 under the market
    net sales 73,431,431 is 1 x 73,431,431
  typed 250; the net sales make it 1
  tab 4 read in 21 ms after the listing: 0 slot(s) held

  list 1 at 73,431,431
    #         ms   share  step
    1       19.5    0.4%  read the panel before loading
    2      807.3   14.9%  ctrl-click (1,1) attempt 1
    3      471.0    8.7%  read the suggested price
    4     1594.3   29.4%  type the price 73,431,431
    5      944.4   17.4%  type the quantity 250
    6      312.8    5.8%  take the quantity from the net sales
    7      308.3    5.7%  click Register
    8       91.9    1.7%  find Confirmation
    9       17.4    0.3%  look for the underprice question
   10      307.6    5.7%  click Confirmation
   11      250.9    4.6%  park
   12      261.4    4.8%  confirm the dialog is gone
   13       17.6    0.3%  wait for the panel to let the item go
   14       20.6    0.4%  read tab 4 after the listing
          5425.0  100.0%  TOTAL
  listed 1 at 73,431,431; it lands in row 14
DONE {"kind": "resupply", "core": "Chaos Core", "bought": 102, "listed": 1, "rows": [14]}

  resupply Chaos Core: bought 102, 102 into the craft, listed 1 in rows [14]
    #          ms   share     n      each  phase
    1    23,296.6   37.1%     1  23,296.6  craft Chaos Core into Chaos Core Set
    2     5,428.9    8.7%     1   5,428.9  list Chaos Core Set from (1, 1)
    3     3,929.3    6.3%     1   3,929.3  buy order 5
    4     3,722.3    5.9%     1   3,722.3  buy order 2
    5     3,704.0    5.9%     1   3,704.0  reopen the Agent Shop
    6     3,683.1    5.9%     1   3,683.1  buy order 9
    7     2,547.4    4.1%     1   2,547.4  price Chaos Core
    8     2,435.3    3.9%     1   2,435.3  buy order 3
    9     2,408.1    3.8%     1   2,408.1  buy order 6
   10     2,274.4    3.6%     1   2,274.4  select the Register tab
   11     1,449.8    2.3%     1   1,449.8  buy order 1
   12     1,277.5    2.0%     1   1,277.5  close the Agent Shop
   13     1,253.2    2.0%     1   1,253.2  price Chaos Core Set
   14     1,114.6    1.8%     3     371.5  step down to the next offer (1)
   15       904.2    1.4%     1     904.2  select inventory tab 4
   16       759.4    1.2%     1     759.4  close the craft window
   17       742.9    1.2%     2     371.5  step down to the next offer (2)
   18       489.4    0.8%     1     489.4  buy order 7
   19       481.9    0.8%     1     481.9  buy order 4
   20       475.6    0.8%     1     475.6  buy order 8
   21       371.6    0.6%     1     371.6  step down to the next offer (3)
         62,749.5  100.0%
  Chaos Core: 3 of 8 row(s) after that one
  Alz 636,173,305 held covers 909 Chaos Core at 699,654; buying what it covers

-- Chaos Core: 3 row(s) --
  11 row(s) free inside 1-25
  Chaos Core Set 719,915 - Chaos Core 698,600 = 21,315
  a margin of 21,315 is worth 8 row(s) of Chaos Core; 3 held
  buy_min 100 rolled to 113 (+/-15); buying 114 in whole batches of 3
  1 stays behind on every row bought until an order is 10 step(s) down with nothing spare, and from there every row is taken whole until Chaos Core is done; each order prices the favourite afresh, then wheels down, up to 30 step(s)
TASK {"kind": "resupply", "core": "Chaos Core", "set": "Chaos Core Set", "slot": 3, "tab": 4}
  0/114 Chaos Core held
  row 1 offers 'Chaos Core' x205 at 698,600 (698,600/unit)
    row 1 leaves 21,315 a core against the 5,000 wanted
    balance before 636,173,305
    row 1 holds 205, 1 stays behind, so at most 204 comes off it
    dialog: '¢ Chaos Core'  qty 1 of 205  price 698600
    114 core(s) wanted, 1 to a pack -> 114 pack(s); 205 available, taking 114
    ordering 114 pack(s) at 79,640,400; the spend will confirm what actually bought
    balance after  556,532,905; spent 79,640,400 bought 114 pack(s) = 114 core(s) (698,600 a core)

  buy from favourite slot 3: bought 114 core(s) in 114 order(s)
    #         ms   share  step
    1        0.3    0.0%  get_price: focus the game
    2       97.7    1.7%  get_price: _trade_window_open (OCR 1300x190)
    3      130.8    2.2%  get_price: purchase_tab_showing
    4      170.0    2.9%  get_price: read row 1 before the search
    5      308.4    5.2%  get_price: click favourite slot 3
    6       89.6    1.5%  get_price: confirm the sort
    7      372.0    6.3%  get_price: poll row 1 until it answers (2 read(s))
    8     1194.6   20.2%  get_price: search the favourite and read row 1
    9       87.0    1.5%  read the balance before buying
   10      361.5    6.1%  click the row at (500, 257)
   11      309.1    5.2%  click Buy at (828, 257)
   12       87.1    1.5%  await the Purchase dialog
   13      303.8    5.1%  read the dialog (item, price, qty, qty_max)
   14     1395.5   23.6%  click the quantity field and type 114
   15       87.2    1.5%  find the Buy button
   16      308.6    5.2%  click Buy
   17      250.7    4.2%  park
   18       87.4    1.5%  confirm the dialog is gone
   19      274.7    4.6%  read the balance after buying
          5915.8  100.0%  TOTAL
TASK {"kind": "resupply", "core": "Chaos Core", "set": "Chaos Core Set", "slot": 3, "tab": 4, "step": "craft", "holding": "Chaos Core", "qty": 114, "price": 0}
  Inventory shut; pressing I (attempt 1)
  right-clicking the craft key on tab 6 slot (1, 8) at (1867, 236) (attempt 1/3)
  opening the 2000-2999 tier at [90, 209]
  choosing Chaos Core Set x3 at [146, 268]
  114 Chaos Core(s) bought this pass, 3 to a craft
  Request All at [263, 730]
  waiting 15s for 114 core(s) (5s per 50, rounded up)
  Complete All at [872, 729]
  the Sets arrived in [(1, 1), (1, 2), (1, 3), (1, 4)]
  compressing tab 4 slot (1, 1) at (1475, 236)
  114 Chaos Core(s) went into the queue

  craft from 114 Chaos Core(s)
    #         ms   share  step
    1     2378.5   10.2%  open the craft window
    2     2432.7   10.4%  select the recipe
    3      324.2    1.4%  Request All
    4    15000.7   64.4%  wait for the queue
    5      915.4    3.9%  select inventory tab 4 before completing
    6       23.4    0.1%  read the slots before any Set arrives
    7      813.4    3.5%  Complete All
    8     1391.5    6.0%  compress the crafted Sets
         23279.8  100.0%  TOTAL
TASK {"kind": "resupply", "core": "Chaos Core", "set": "Chaos Core Set", "slot": 3, "tab": 4, "step": "list", "holding": "Chaos Core Set", "qty": 114, "price": 0}
  the Agent Shop is shut and the vendor is not open either; reopening it
  Inventory shut: slot grid 0.13, needs 0.33
  listing the Chaos Core Set compressed into (1, 1) from 114 Chaos Core(s)
  the board's cheapest is 719,915 a Set, and the panel scales that to whatever the bundle holds
  it cost 698,600 a Core, so no Set goes out under that
  inventory slot (1,1) at (1475, 236)
    the lowest listed price is 82,070,310, from the row and 2 more
  the panel prices the bundle at 82,070,310, 114 x 719,915; the floor is 79,640,400
    market 82,070,310, typing 82,070,309, 1 under the market
    net sales 82,070,309 is 1 x 82,070,309
  typed 250; the net sales make it 1
  tab 4 read in 21 ms after the listing: 0 slot(s) held

  list 1 at 82,070,309
    #         ms   share  step
    1       16.8    0.3%  read the panel before loading
    2      814.7   14.8%  ctrl-click (1,1) attempt 1
    3      541.9    9.9%  read the suggested price
    4     1588.2   28.9%  type the price 82,070,309
    5      950.2   17.3%  type the quantity 250
    6      307.1    5.6%  take the quantity from the net sales
    7      310.1    5.6%  click Register
    8       95.3    1.7%  find Confirmation
    9       17.7    0.3%  look for the underprice question
   10      307.7    5.6%  click Confirmation
   11      251.0    4.6%  park
   12      260.4    4.7%  confirm the dialog is gone
   13       18.5    0.3%  wait for the panel to let the item go
   14       20.6    0.4%  read tab 4 after the listing
          5500.2  100.0%  TOTAL
  listed 1 at 82,070,309; it lands in row 15
DONE {"kind": "resupply", "core": "Chaos Core", "bought": 114, "listed": 1, "rows": [15]}

  resupply Chaos Core: bought 114, 114 into the craft, listed 1 in rows [15]
    #          ms   share     n      each  phase
    1    23,302.3   50.6%     1  23,302.3  craft Chaos Core into Chaos Core Set
    2     5,504.4   12.0%     1   5,504.4  list Chaos Core Set from (1, 1)
    3     4,757.7   10.3%     1   4,757.7  buy order 1
    4     3,565.4    7.7%     1   3,565.4  reopen the Agent Shop
    5     2,488.3    5.4%     1   2,488.3  price Chaos Core
    6     2,272.6    4.9%     1   2,272.6  select the Register tab
    7     1,268.1    2.8%     1   1,268.1  close the Agent Shop
    8     1,222.6    2.7%     1   1,222.6  price Chaos Core Set
    9       906.9    2.0%     1     906.9  select inventory tab 4
   10       771.0    1.7%     1     771.0  close the craft window
         46,059.3  100.0%
  Chaos Core: 4 of 8 row(s) after that one
  Alz 556,532,905 held covers 795 Chaos Core at 699,654; buying what it covers

-- Chaos Core: 4 row(s) --
  10 row(s) free inside 1-25
  Chaos Core Set 719,914 - Chaos Core 698,600 = 21,314
  a margin of 21,314 is worth 8 row(s) of Chaos Core; 4 held
  buy_min 100 rolled to 101 (+/-15); buying 102 in whole batches of 3
  1 stays behind on every row bought until an order is 10 step(s) down with nothing spare, and from there every row is taken whole until Chaos Core is done; each order prices the favourite afresh, then wheels down, up to 30 step(s)
TASK {"kind": "resupply", "core": "Chaos Core", "set": "Chaos Core Set", "slot": 3, "tab": 4}
  0/102 Chaos Core held
  row 1 offers 'Chaos Core' x140 at 698,600 (698,600/unit)
    row 1 leaves 21,314 a core against the 5,000 wanted
    balance before 556,532,905
    row 1 holds 140, 1 stays behind, so at most 139 comes off it
    dialog: '¢ Chaos Core'  qty 1 of 140  price 698600
    102 core(s) wanted, 1 to a pack -> 102 pack(s); 140 available, taking 102
    ordering 102 pack(s) at 71,257,200; the spend will confirm what actually bought
    balance after  485,275,705; spent 71,257,200 bought 102 pack(s) = 102 core(s) (698,600 a core)

  buy from favourite slot 3: bought 102 core(s) in 102 order(s)
    #         ms   share  step
    1        0.4    0.0%  get_price: focus the game
    2      101.2    1.6%  get_price: _trade_window_open (OCR 1300x190)
    3      128.3    2.0%  get_price: purchase_tab_showing
    4      176.1    2.8%  get_price: read row 1 before the search
    5      308.5    4.9%  get_price: click favourite slot 3
    6       88.3    1.4%  get_price: confirm the sort
    7      548.2    8.7%  get_price: poll row 1 until it answers (3 read(s))
    8     1384.5   21.9%  get_price: search the favourite and read row 1
    9       98.1    1.6%  read the balance before buying
   10      362.3    5.7%  click the row at (500, 257)
   11      307.2    4.9%  click Buy at (828, 257)
   12       88.3    1.4%  await the Purchase dialog
   13      309.9    4.9%  read the dialog (item, price, qty, qty_max)
   14     1400.3   22.1%  click the quantity field and type 102
   15       96.6    1.5%  find the Buy button
   16      313.5    5.0%  click Buy
   17      250.7    4.0%  park
   18       86.3    1.4%  confirm the dialog is gone
   19      282.2    4.5%  read the balance after buying
          6330.9  100.0%  TOTAL
TASK {"kind": "resupply", "core": "Chaos Core", "set": "Chaos Core Set", "slot": 3, "tab": 4, "step": "craft", "holding": "Chaos Core", "qty": 102, "price": 0}
  Inventory shut; pressing I (attempt 1)
  right-clicking the craft key on tab 6 slot (1, 8) at (1867, 236) (attempt 1/3)
  opening the 2000-2999 tier at [90, 209]
  choosing Chaos Core Set x3 at [146, 268]
  102 Chaos Core(s) bought this pass, 3 to a craft
  Request All at [263, 730]
  waiting 15s for 102 core(s) (5s per 50, rounded up)
  Complete All at [872, 729]
  the Sets arrived in [(1, 1), (1, 2), (1, 3), (1, 4)]
  compressing tab 4 slot (1, 1) at (1475, 236)
  102 Chaos Core(s) went into the queue

  craft from 102 Chaos Core(s)
    #         ms   share  step
    1     2502.1   10.7%  open the craft window
    2     2434.7   10.4%  select the recipe
    3      309.7    1.3%  Request All
    4    15000.8   64.1%  wait for the queue
    5      909.5    3.9%  select inventory tab 4 before completing
    6       24.6    0.1%  read the slots before any Set arrives
    7      812.4    3.5%  Complete All
    8     1391.8    6.0%  compress the crafted Sets
         23385.5  100.0%  TOTAL
TASK {"kind": "resupply", "core": "Chaos Core", "set": "Chaos Core Set", "slot": 3, "tab": 4, "step": "list", "holding": "Chaos Core Set", "qty": 102, "price": 0}
  the Agent Shop is shut and the vendor is not open either; reopening it
  Inventory shut: slot grid 0.13, needs 0.33
  listing the Chaos Core Set compressed into (1, 1) from 102 Chaos Core(s)
  the board's cheapest is 719,914 a Set, and the panel scales that to whatever the bundle holds
  it cost 698,600 a Core, so no Set goes out under that
  inventory slot (1,1) at (1475, 236)
    the lowest listed price is 73,431,228, from the row and 2 more
  the panel prices the bundle at 73,431,228, 102 x 719,914; the floor is 71,257,200
    market 73,431,228, typing 73,431,227, 1 under the market
    net sales 73,431,227 is 1 x 73,431,227
  typed 250; the net sales make it 1
  tab 4 read in 20 ms after the listing: 0 slot(s) held

  list 1 at 73,431,227
    #         ms   share  step
    1       21.1    0.4%  read the panel before loading
    2      820.9   15.0%  ctrl-click (1,1) attempt 1
    3      491.3    9.0%  read the suggested price
    4     1599.6   29.2%  type the price 73,431,227
    5      949.5   17.3%  type the quantity 250
    6      331.5    6.1%  take the quantity from the net sales
    7      314.0    5.7%  click Register
    8       92.9    1.7%  find Confirmation
    9       15.9    0.3%  look for the underprice question
   10      308.4    5.6%  click Confirmation
   11      250.7    4.6%  park
   12      246.2    4.5%  confirm the dialog is gone
   13       16.1    0.3%  wait for the panel to let the item go
   14       19.8    0.4%  read tab 4 after the listing
          5477.8  100.0%  TOTAL
  listed 1 at 73,431,227; it lands in row 16
DONE {"kind": "resupply", "core": "Chaos Core", "bought": 102, "listed": 1, "rows": [16]}

  resupply Chaos Core: bought 102, 102 into the craft, listed 1 in rows [16]
    #          ms   share     n      each  phase
    1    23,407.2   50.3%     1  23,407.2  craft Chaos Core into Chaos Core Set
    2     5,481.8   11.8%     1   5,481.8  list Chaos Core Set from (1, 1)
    3     4,990.5   10.7%     1   4,990.5  buy order 1
    4     3,655.5    7.9%     1   3,655.5  reopen the Agent Shop
    5     2,484.3    5.3%     1   2,484.3  price Chaos Core
    6     2,287.1    4.9%     1   2,287.1  select the Register tab
    7     1,259.3    2.7%     1   1,259.3  close the Agent Shop
    8     1,242.1    2.7%     1   1,242.1  price Chaos Core Set
    9       914.9    2.0%     1     914.9  select inventory tab 4
   10       781.7    1.7%     1     781.7  close the craft window
         46,504.5  100.0%
  Chaos Core: 5 of 8 row(s) after that one
  Alz 485,275,705 held covers 693 Chaos Core at 699,654; buying what it covers

-- Chaos Core: 5 row(s) --
  9 row(s) free inside 1-25
  Chaos Core Set 719,914 - Chaos Core 697,952 = 21,962
  a margin of 21,962 is worth 8 row(s) of Chaos Core; 5 held
  buy_min 100 rolled to 110 (+/-15); buying 111 in whole batches of 3
  1 stays behind on every row bought until an order is 10 step(s) down with nothing spare, and from there every row is taken whole until Chaos Core is done; each order prices the favourite afresh, then wheels down, up to 30 step(s)
TASK {"kind": "resupply", "core": "Chaos Core", "set": "Chaos Core Set", "slot": 3, "tab": 4}
  0/111 Chaos Core held
  row 1 offers 'Chaos Core' x1 at 697,952 (697,952/unit)

  buy from favourite slot 3: REFUSED
    #         ms   share  step
    1        0.4    0.0%  get_price: focus the game
    2       96.2    3.4%  get_price: _trade_window_open (OCR 1300x190)
    3      123.0    4.4%  get_price: purchase_tab_showing
    4      169.0    6.0%  get_price: read row 1 before the search
    5      308.7   10.9%  get_price: click favourite slot 3
    6       93.9    3.3%  get_price: confirm the sort
    7      607.7   21.5%  get_price: poll row 1 until it answers (3 read(s))
    8     1425.2   50.5%  get_price: search the favourite and read row 1
          2824.1  100.0%  TOTAL
  row 1 holds 1 and 1 stays behind, so there is nothing spare to take here.
  wheeled 1 notch(es) down the offers, from row 2 at (500, 312)
  row 1 offers 'Chaos Core' x30 at 698,600 (698,600/unit)
    row 1 leaves 21,314 a core against the 5,000 wanted
    balance before 485,275,705
    row 1 holds 30, 1 stays behind, so at most 29 comes off it
    dialog: '¢ Chaos Core'  qty 1 of 30  price 698600
    111 core(s) wanted, 1 to a pack -> 111 pack(s); 30 available, taking 29
    ordering 29 pack(s) at 20,259,400; the spend will confirm what actually bought
    balance after  465,016,305; spent 20,259,400 bought 29 pack(s) = 29 core(s) (698,600 a core)

  buy from favourite slot 3: bought 29 core(s) in 29 order(s)
    #         ms   share  step
    1        0.5    0.0%  get_price: focus the game
    2       96.5    2.3%  get_price: _trade_window_open (OCR 1300x190)
    3      115.9    2.8%  get_price: purchase_tab_showing
    4      203.3    4.9%  get_price: read row 1 where it stands
    5      416.3   10.0%  get_price: search the favourite and read row 1
    6       89.0    2.1%  read the balance before buying
    7      356.2    8.6%  click the row at (500, 257)
    8      308.7    7.4%  click Buy at (828, 257)
    9       88.4    2.1%  await the Purchase dialog
   10      301.3    7.3%  read the dialog (item, price, qty, qty_max)
   11     1329.7   32.1%  click the quantity field and type 29
   12       96.8    2.3%  find the Buy button
   13      313.8    7.6%  click Buy
   14      250.9    6.1%  park
   15       91.2    2.2%  confirm the dialog is gone
   16       88.0    2.1%  read the balance after buying
          4146.6  100.0%  TOTAL
  29/111 Chaos Core held
  row 1 offers 'Chaos Core' x1 at 697,952 (697,952/unit)

  buy from favourite slot 3: REFUSED
    #         ms   share  step
    1        0.3    0.0%  get_price: focus the game
    2       98.4    2.0%  get_price: _trade_window_open (OCR 1300x190)
    3      115.4    2.4%  get_price: purchase_tab_showing
    4      167.5    3.5%  get_price: read row 1 before the search
    5      324.0    6.7%  get_price: click favourite slot 3
    6       90.4    1.9%  get_price: confirm the sort
    7     1607.0   33.2%  get_price: poll row 1 until it answers (9 read(s))
    8     2433.1   50.3%  get_price: search the favourite and read row 1
          4836.1  100.0%  TOTAL
  row 1 holds 1 and 1 stays behind, so there is nothing spare to take here.
  wheeled 1 notch(es) down the offers, from row 2 at (500, 312)
  row 1 offers 'Chaos Core' x1 at 698,600 (698,600/unit)

  buy from favourite slot 3: REFUSED
    #         ms   share  step
    1        0.7    0.1%  get_price: focus the game
    2       98.6   10.0%  get_price: _trade_window_open (OCR 1300x190)
    3      114.6   11.7%  get_price: purchase_tab_showing
    4      277.3   28.2%  get_price: read row 1 where it stands
    5      491.2   50.0%  get_price: search the favourite and read row 1
           982.3  100.0%  TOTAL
  row 1 holds 1 and 1 stays behind, so there is nothing spare to take here.
  wheeled 1 notch(es) down the offers, from row 2 at (500, 312)
  row 1 offers 'Chaos Core' x1 at 698,600 (698,600/unit)

  buy from favourite slot 3: REFUSED
    #         ms   share  step
    1        0.4    0.0%  get_price: focus the game
    2       97.6   10.1%  get_price: _trade_window_open (OCR 1300x190)
    3      113.8   11.7%  get_price: purchase_tab_showing
    4      272.7   28.1%  get_price: read row 1 where it stands
    5      484.5   50.0%  get_price: search the favourite and read row 1
           969.0  100.0%  TOTAL
  row 1 holds 1 and 1 stays behind, so there is nothing spare to take here.
  wheeled 1 notch(es) down the offers, from row 2 at (500, 312)
  row 1 offers 'Chaos Core' x1 at 699,654 (699,654/unit)

  buy from favourite slot 3: REFUSED
    #         ms   share  step
    1        0.4    0.0%  get_price: focus the game
    2       97.4   10.2%  get_price: _trade_window_open (OCR 1300x190)
    3      111.0   11.6%  get_price: purchase_tab_showing
    4      268.9   28.1%  get_price: read row 1 where it stands
    5      477.8   50.0%  get_price: search the favourite and read row 1
           955.5  100.0%  TOTAL
  row 1 holds 1 and 1 stays behind, so there is nothing spare to take here.
  wheeled 1 notch(es) down the offers, from row 2 at (500, 312)
  row 1 offers 'Chaos Core' x1 at 699,654 (699,654/unit)

  buy from favourite slot 3: REFUSED
    #         ms   share  step
    1        0.5    0.1%  get_price: focus the game
    2       98.4   10.4%  get_price: _trade_window_open (OCR 1300x190)
    3      115.6   12.2%  get_price: purchase_tab_showing
    4      260.1   27.4%  get_price: read row 1 where it stands
    5      474.7   50.0%  get_price: search the favourite and read row 1
           949.4  100.0%  TOTAL
  row 1 holds 1 and 1 stays behind, so there is nothing spare to take here.
  wheeled 1 notch(es) down the offers, from row 2 at (500, 312)
  row 1 offers 'Chaos Core' x1 at 699,654 (699,654/unit)

  buy from favourite slot 3: REFUSED
    #         ms   share  step
    1        0.4    0.0%  get_price: focus the game
    2       98.2   10.1%  get_price: _trade_window_open (OCR 1300x190)
    3      119.0   12.2%  get_price: purchase_tab_showing
    4      269.2   27.7%  get_price: read row 1 where it stands
    5      486.8   50.0%  get_price: search the favourite and read row 1
           973.5  100.0%  TOTAL
  row 1 holds 1 and 1 stays behind, so there is nothing spare to take here.
  wheeled 1 notch(es) down the offers, from row 2 at (500, 312)
  row 1 offers 'Chaos Core' x1 at 699,654 (699,654/unit)

  buy from favourite slot 3: REFUSED
    #         ms   share  step
    1        0.4    0.0%  get_price: focus the game
    2       94.4    9.8%  get_price: _trade_window_open (OCR 1300x190)
    3      115.0   12.0%  get_price: purchase_tab_showing
    4      270.8   28.2%  get_price: read row 1 where it stands
    5      480.7   50.0%  get_price: search the favourite and read row 1
           961.3  100.0%  TOTAL
  row 1 holds 1 and 1 stays behind, so there is nothing spare to take here.
  wheeled 1 notch(es) down the offers, from row 2 at (500, 312)
  row 1 offers 'Chaos Core' x1 at 701,500 (701,500/unit)

  buy from favourite slot 3: REFUSED
    #         ms   share  step
    1        0.5    0.0%  get_price: focus the game
    2      103.7   10.2%  get_price: _trade_window_open (OCR 1300x190)
    3      115.5   11.3%  get_price: purchase_tab_showing
    4      290.1   28.5%  get_price: read row 1 where it stands
    5      509.7   50.0%  get_price: search the favourite and read row 1
          1019.3  100.0%  TOTAL
  row 1 holds 1 and 1 stays behind, so there is nothing spare to take here.
  wheeled 1 notch(es) down the offers, from row 2 at (500, 312)
  row 1 offers 'Chaos Core' x1 at 710,867 (710,867/unit)

  buy from favourite slot 3: REFUSED
    #         ms   share  step
    1        0.6    0.1%  get_price: focus the game
    2       97.0   10.0%  get_price: _trade_window_open (OCR 1300x190)
    3      113.6   11.7%  get_price: purchase_tab_showing
    4      275.1   28.3%  get_price: read row 1 where it stands
    5      486.3   50.0%  get_price: search the favourite and read row 1
           972.6  100.0%  TOTAL
  row 1 holds 1 and 1 stays behind, so there is nothing spare to take here.
  wheeled 1 notch(es) down the offers, from row 2 at (500, 312)
  row 1 offers 'Chaos Core' x1 at 713,147 (713,147/unit)

  buy from favourite slot 3: REFUSED
    #         ms   share  step
    1        0.4    0.0%  get_price: focus the game
    2       94.3    9.8%  get_price: _trade_window_open (OCR 1300x190)
    3      111.2   11.5%  get_price: purchase_tab_showing
    4      276.6   28.7%  get_price: read row 1 where it stands
    5      482.5   50.0%  get_price: search the favourite and read row 1
           965.0  100.0%  TOTAL
  row 1 holds 1 and 1 stays behind, so there is nothing spare to take here.
  wheeled 1 notch(es) down the offers, from row 2 at (500, 312)
  10 step(s) down with nothing spare; taking rows whole from here until Chaos Core is done
  row 1 offers 'Chaos Core' x99 at 715,000 (715,000/unit)

  buy from favourite slot 3: REFUSED
    #         ms   share  step
    1        0.7    0.1%  get_price: focus the game
    2      100.6   11.8%  get_price: _trade_window_open (OCR 1300x190)
    3      118.0   13.8%  get_price: purchase_tab_showing
    4      208.0   24.3%  get_price: read row 1 where it stands
    5      427.2   50.0%  get_price: search the favourite and read row 1
           854.4  100.0%  TOTAL
  stopping: row 1 asks 715,000 and the core sells at 719,914, a gap of 4,914 against the 5,000 wanted. Nothing bought.
  29 Chaos Core is 1 short of a whole batch of 3; topping up whatever the margin says, because a remainder crafts into nothing
  row 1 offers 'Chaos Core' x1 at 697,285 (697,285/unit)
    balance before 465,016,305
    dialog: '¢ Chaos Core'  qty 1 of 1  price 697285
    1 core(s) wanted, 1 to a pack -> 1 pack(s); 1 available, taking 1
    the quantity field already reads 1; not retyping it
    ordering 1 pack(s) at 697,285; the spend will confirm what actually bought
    balance after  464,319,020; spent 697,285 bought 1 pack(s) = 1 core(s) (697,285 a core)

  buy from favourite slot 3: bought 1 core(s) in 1 order(s)
    #         ms   share  step
    1        0.4    0.0%  get_price: focus the game
    2      102.5    2.3%  get_price: _trade_window_open (OCR 1300x190)
    3      114.5    2.6%  get_price: purchase_tab_showing
    4      101.9    2.3%  get_price: read row 1 before the search
    5      308.3    7.1%  get_price: click favourite slot 3
    6       90.0    2.1%  get_price: confirm the sort
    7      464.5   10.6%  get_price: poll row 1 until it answers (3 read(s))
    8     1205.7   27.6%  get_price: search the favourite and read row 1
    9       89.4    2.0%  read the balance before buying
   10      357.3    8.2%  click the row at (500, 257)
   11      312.2    7.2%  click Buy at (828, 257)
   12       87.6    2.0%  await the Purchase dialog
   13      301.2    6.9%  read the dialog (item, price, qty, qty_max)
   14       83.2    1.9%  find the Buy button
   15      311.1    7.1%  click Buy
   16      250.9    5.7%  park
   17       91.0    2.1%  confirm the dialog is gone
   18       93.4    2.1%  read the balance after buying
          4365.0  100.0%  TOTAL
TASK {"kind": "resupply", "core": "Chaos Core", "set": "Chaos Core Set", "slot": 3, "tab": 4, "step": "craft", "holding": "Chaos Core", "qty": 30, "price": 0}
  Inventory shut; pressing I (attempt 1)
  right-clicking the craft key on tab 6 slot (1, 8) at (1867, 236) (attempt 1/3)
  opening the 2000-2999 tier at [90, 209]
  choosing Chaos Core Set x3 at [146, 268]
  30 Chaos Core(s) bought this pass, 3 to a craft
  Request All at [263, 730]
  waiting 5s for 30 core(s) (5s per 50, rounded up)
  Complete All at [872, 729]
  the Sets arrived in [(1, 1), (1, 2), (1, 3), (1, 4)]
  compressing tab 4 slot (1, 1) at (1475, 236)
  30 Chaos Core(s) went into the queue

  craft from 30 Chaos Core(s)
    #         ms   share  step
    1     2523.5   18.8%  open the craft window
    2     2438.0   18.2%  select the recipe
    3      310.2    2.3%  Request All
    4     5000.6   37.3%  wait for the queue
    5      909.8    6.8%  select inventory tab 4 before completing
    6       22.5    0.2%  read the slots before any Set arrives
    7      814.5    6.1%  Complete All
    8     1392.1   10.4%  compress the crafted Sets
         13411.2  100.0%  TOTAL
TASK {"kind": "resupply", "core": "Chaos Core", "set": "Chaos Core Set", "slot": 3, "tab": 4, "step": "list", "holding": "Chaos Core Set", "qty": 30, "price": 0}
  the Agent Shop is shut and the vendor is not open either; reopening it
  Inventory shut: slot grid 0.13, needs 0.33
  listing the Chaos Core Set compressed into (1, 1) from 30 Chaos Core(s)
  the board's cheapest is 719,914 a Set, and the panel scales that to whatever the bundle holds
  it cost 698,557 a Core, so no Set goes out under that
  inventory slot (1,1) at (1475, 236)
    the lowest listed price is 21,597,390, from the row and 2 more
  the panel prices the bundle at 21,597,390, 30 x 719,914; the floor is 20,956,710
    market 21,597,390, typing 21,597,389, 1 under the market
    net sales 21,597,389 is 1 x 21,597,389
  typed 250; the net sales make it 1
  tab 4 read in 20 ms after the listing: 0 slot(s) held

  list 1 at 21,597,389
    #         ms   share  step
    1       15.4    0.3%  read the panel before loading
    2      808.3   14.9%  ctrl-click (1,1) attempt 1
    3      470.5    8.7%  read the suggested price
    4     1589.0   29.3%  type the price 21,597,389
    5      945.9   17.4%  type the quantity 250
    6      317.3    5.9%  take the quantity from the net sales
    7      312.1    5.8%  click Register
    8       93.7    1.7%  find Confirmation
    9       15.8    0.3%  look for the underprice question
   10      307.4    5.7%  click Confirmation
   11      250.7    4.6%  park
   12      259.5    4.8%  confirm the dialog is gone
   13       15.2    0.3%  wait for the panel to let the item go
   14       20.5    0.4%  read tab 4 after the listing
          5421.3  100.0%  TOTAL
  listed 1 at 21,597,389; it lands in row 17
DONE {"kind": "resupply", "core": "Chaos Core", "bought": 30, "listed": 1, "rows": [17]}

  resupply Chaos Core: bought 30, 30 into the craft, listed 1 in rows [17]
    #          ms   share     n      each  phase
    1    13,432.8   26.2%     1  13,432.8  craft Chaos Core into Chaos Core Set
    2     5,425.0   10.6%     1   5,425.0  list Chaos Core Set from (1, 1)
    3     3,740.5    7.3%     1   3,740.5  buy order 2
    4     3,577.2    7.0%     1   3,577.2  reopen the Agent Shop
    5     3,193.1    6.2%     1   3,193.1  buy order 14
    6     2,563.6    5.0%     1   2,563.6  price Chaos Core
    7     2,433.9    4.8%     1   2,433.9  buy order 3
    8     2,270.8    4.4%     1   2,270.8  select the Register tab
    9     1,426.0    2.8%     1   1,426.0  buy order 1
   10     1,279.3    2.5%     1   1,279.3  close the Agent Shop
   11     1,259.0    2.5%     1   1,259.0  price Chaos Core Set
   12       903.4    1.8%     1     903.4  select inventory tab 4
   13       794.5    1.6%     1     794.5  close the craft window
   14       742.4    1.5%     2     371.2  step down to the next offer (1)
   15       510.4    1.0%     1     510.4  buy order 10
   16       492.0    1.0%     1     492.0  buy order 4
   17       487.5    1.0%     1     487.5  buy order 8
   18       486.9    1.0%     1     486.9  buy order 11
   19       485.2    0.9%     1     485.2  buy order 5
   20       483.3    0.9%     1     483.3  buy order 12
   21       481.3    0.9%     1     481.3  buy order 9
   22       478.7    0.9%     1     478.7  buy order 6
   23       475.5    0.9%     1     475.5  buy order 7
   24       428.0    0.8%     1     428.0  buy order 13
   25       371.7    0.7%     1     371.7  step down to the next offer (3)
   26       371.6    0.7%     1     371.6  step down to the next offer (2)
   27       371.5    0.7%     1     371.5  step down to the next offer (4)
   28       371.4    0.7%     1     371.4  step down to the next offer (9)
   29       371.3    0.7%     1     371.3  step down to the next offer (7)
   30       371.3    0.7%     1     371.3  step down to the next offer (10)
   31       371.3    0.7%     1     371.3  step down to the next offer (6)
   32       371.0    0.7%     1     371.0  step down to the next offer (5)
   33       370.9    0.7%     1     370.9  step down to the next offer (8)
         51,192.2  100.0%
  Chaos Core: 6 of 8 row(s) after that one
  Alz 464,319,020 held covers 663 Chaos Core at 699,654; buying what it covers

-- Chaos Core: 6 row(s) --
  8 row(s) free inside 1-25
  Chaos Core Set 719,912 - Chaos Core 697,952 = 21,960
  a margin of 21,960 is worth 8 row(s) of Chaos Core; 6 held
  buy_min 100 rolled to 87 (+/-15); buying 87 in whole batches of 3
  1 stays behind on every row bought until an order is 10 step(s) down with nothing spare, and from there every row is taken whole until Chaos Core is done; each order prices the favourite afresh, then wheels down, up to 30 step(s)
TASK {"kind": "resupply", "core": "Chaos Core", "set": "Chaos Core Set", "slot": 3, "tab": 4}
  0/87 Chaos Core held
  row 1 offers 'Chaos Core' x1 at 697,952 (697,952/unit)

  buy from favourite slot 3: REFUSED
    #         ms   share  step
    1        0.4    0.0%  get_price: focus the game
    2      101.5    4.1%  get_price: _trade_window_open (OCR 1300x190)
    3      117.3    4.7%  get_price: purchase_tab_showing
    4      174.0    7.0%  get_price: read row 1 before the search
    5      308.3   12.5%  get_price: click favourite slot 3
    6       90.3    3.6%  get_price: confirm the sort
    7      433.3   17.5%  get_price: poll row 1 until it answers (2 read(s))
    8     1248.5   50.5%  get_price: search the favourite and read row 1
          2473.7  100.0%  TOTAL
  row 1 holds 1 and 1 stays behind, so there is nothing spare to take here.
  wheeled 1 notch(es) down the offers, from row 2 at (500, 312)
  row 1 offers 'Chaos Core' x1 at 698,600 (698,600/unit)

  buy from favourite slot 3: REFUSED
    #         ms   share  step
    1        0.4    0.0%  get_price: focus the game
    2       97.4   10.1%  get_price: _trade_window_open (OCR 1300x190)
    3      114.2   11.8%  get_price: purchase_tab_showing
    4      271.6   28.1%  get_price: read row 1 where it stands
    5      483.7   50.0%  get_price: search the favourite and read row 1
           967.3  100.0%  TOTAL
  row 1 holds 1 and 1 stays behind, so there is nothing spare to take here.
  wheeled 1 notch(es) down the offers, from row 2 at (500, 312)
  row 1 offers 'Chaos Core' x1 at 698,600 (698,600/unit)

  buy from favourite slot 3: REFUSED
    #         ms   share  step
    1        0.4    0.0%  get_price: focus the game
    2       99.7   10.0%  get_price: _trade_window_open (OCR 1300x190)
    3      113.0   11.3%  get_price: purchase_tab_showing
    4      286.8   28.7%  get_price: read row 1 where it stands
    5      500.0   50.0%  get_price: search the favourite and read row 1
           999.9  100.0%  TOTAL
  row 1 holds 1 and 1 stays behind, so there is nothing spare to take here.
  wheeled 1 notch(es) down the offers, from row 2 at (500, 312)
  row 1 offers 'Chaos Core' x1 at 699,654 (699,654/unit)

  buy from favourite slot 3: REFUSED
    #         ms   share  step
    1        0.5    0.0%  get_price: focus the game
    2       97.8    9.9%  get_price: _trade_window_open (OCR 1300x190)
    3      122.4   12.3%  get_price: purchase_tab_showing
    4      275.8   27.8%  get_price: read row 1 where it stands
    5      496.5   50.0%  get_price: search the favourite and read row 1
           993.0  100.0%  TOTAL
  row 1 holds 1 and 1 stays behind, so there is nothing spare to take here.
  wheeled 1 notch(es) down the offers, from row 2 at (500, 312)
  row 1 offers 'Chaos Core' x1 at 699,654 (699,654/unit)

  buy from favourite slot 3: REFUSED
    #         ms   share  step
    1        0.4    0.0%  get_price: focus the game
    2      100.8   10.5%  get_price: _trade_window_open (OCR 1300x190)
    3      112.2   11.7%  get_price: purchase_tab_showing
    4      268.0   27.8%  get_price: read row 1 where it stands
    5      481.4   50.0%  get_price: search the favourite and read row 1
           962.7  100.0%  TOTAL
  row 1 holds 1 and 1 stays behind, so there is nothing spare to take here.
  wheeled 1 notch(es) down the offers, from row 2 at (500, 312)
  row 1 offers 'Chaos Core' x1 at 699,654 (699,654/unit)

  buy from favourite slot 3: REFUSED
    #         ms   share  step
    1        0.5    0.1%  get_price: focus the game
    2      101.1   10.3%  get_price: _trade_window_open (OCR 1300x190)
    3      116.6   11.9%  get_price: purchase_tab_showing
    4      271.7   27.7%  get_price: read row 1 where it stands
    5      490.0   50.0%  get_price: search the favourite and read row 1
           979.9  100.0%  TOTAL
  row 1 holds 1 and 1 stays behind, so there is nothing spare to take here.
  wheeled 1 notch(es) down the offers, from row 2 at (500, 312)
  row 1 offers 'Chaos Core' x1 at 699,654 (699,654/unit)

  buy from favourite slot 3: REFUSED
    #         ms   share  step
    1        0.5    0.1%  get_price: focus the game
    2       95.0    9.8%  get_price: _trade_window_open (OCR 1300x190)
    3      118.6   12.3%  get_price: purchase_tab_showing
    4      269.5   27.9%  get_price: read row 1 where it stands
    5      483.7   50.0%  get_price: search the favourite and read row 1
           967.3  100.0%  TOTAL
  row 1 holds 1 and 1 stays behind, so there is nothing spare to take here.
  wheeled 1 notch(es) down the offers, from row 2 at (500, 312)
  row 1 offers 'Chaos Core' x1 at 701,500 (701,500/unit)

  buy from favourite slot 3: REFUSED
    #         ms   share  step
    1        0.4    0.0%  get_price: focus the game
    2       99.6   10.3%  get_price: _trade_window_open (OCR 1300x190)
    3      117.2   12.1%  get_price: purchase_tab_showing
    4      265.7   27.5%  get_price: read row 1 where it stands
    5      482.9   50.0%  get_price: search the favourite and read row 1
           965.7  100.0%  TOTAL
  row 1 holds 1 and 1 stays behind, so there is nothing spare to take here.
  wheeled 1 notch(es) down the offers, from row 2 at (500, 312)
  row 1 offers 'Chaos Core' x1 at 710,867 (710,867/unit)

  buy from favourite slot 3: REFUSED
    #         ms   share  step
    1        0.4    0.0%  get_price: focus the game
    2       98.2   10.0%  get_price: _trade_window_open (OCR 1300x190)
    3      119.1   12.2%  get_price: purchase_tab_showing
    4      271.1   27.7%  get_price: read row 1 where it stands
    5      488.8   50.0%  get_price: search the favourite and read row 1
           977.6  100.0%  TOTAL
  row 1 holds 1 and 1 stays behind, so there is nothing spare to take here.
  wheeled 1 notch(es) down the offers, from row 2 at (500, 312)
  row 1 offers 'Chaos Core' x1 at 713,147 (713,147/unit)

  buy from favourite slot 3: REFUSED
    #         ms   share  step
    1        0.7    0.1%  get_price: focus the game
    2       98.3   10.2%  get_price: _trade_window_open (OCR 1300x190)
    3      117.6   12.2%  get_price: purchase_tab_showing
    4      264.3   27.5%  get_price: read row 1 where it stands
    5      480.9   50.0%  get_price: search the favourite and read row 1
           961.8  100.0%  TOTAL
  row 1 holds 1 and 1 stays behind, so there is nothing spare to take here.
  wheeled 1 notch(es) down the offers, from row 2 at (500, 312)
  10 step(s) down with nothing spare; taking rows whole from here until Chaos Core is done
  row 1 offers 'Chaos Core' x99 at 715,000 (715,000/unit)

  buy from favourite slot 3: REFUSED
    #         ms   share  step
    1        0.4    0.0%  get_price: focus the game
    2       94.0   11.2%  get_price: _trade_window_open (OCR 1300x190)
    3      118.8   14.2%  get_price: purchase_tab_showing
    4      205.9   24.6%  get_price: read row 1 where it stands
    5      419.2   50.0%  get_price: search the favourite and read row 1
           838.4  100.0%  TOTAL
  stopping: row 1 asks 715,000 and the core sells at 719,912, a gap of 4,912 against the 5,000 wanted. Nothing bought.
  nothing bought; not opening the craft window.
  Alz 464,319,020 held covers 1,054 Upgrade Core Set (Ultimate) at 440,440; buying what it covers

-- Upgrade Core (Ultimate): 1 row(s) --
  8 row(s) free inside 1-25; a resupply needs up to 2
  Upgrade Core (Ultimate) 449,824 - Upgrade Core Set (Ultimate) 440,440 = 9,384
  a margin of 9,384 is worth 3 row(s) of Upgrade Core (Ultimate); 1 held
  tab 4 is showing and free from (1, 1), so the Upgrade Core Set (Ultimate) and the Upgrade Core (Ultimate) land there
TASK {"kind": "resupply", "core": "Upgrade Core (Ultimate)", "set": "Upgrade Core Set (Ultimate)", "slot": 9, "tab": 4, "landing": [1, 1]}
  0/200 Upgrade Core Set (Ultimate) held
  row 1 offers 'Upgrade Core Set (Ultimate) X 1' x65 at 440,440 (440,440/unit)
    row 1 leaves 9,384 a core against the 5,000 wanted
    balance before 464,319,020
    dialog: '* Upgrade Core Set (Ultimate) X 1'  qty 1 of 65  price 440440
    200 core(s) wanted, 1 to a pack -> 200 pack(s); 65 available, taking 65
    ordering 65 pack(s) at 28,628,600; the spend will confirm what actually bought
    balance after  435,690,420; spent 28,628,600 bought 65 pack(s) = 65 core(s) (440,440 a core)

  buy from favourite slot 10: bought 65 core(s) in 65 order(s)
    #         ms   share  step
    1        0.3    0.0%  get_price: focus the game
    2       98.6    1.7%  get_price: _trade_window_open (OCR 1300x190)
    3      111.4    1.9%  get_price: purchase_tab_showing
    4      119.1    2.1%  get_price: read row 1 before the search
    5      312.0    5.4%  get_price: click favourite slot 10
    6       89.1    1.6%  get_price: confirm the sort
    7      423.4    7.4%  get_price: poll row 1 until it answers (3 read(s))
    8     1179.7   20.5%  get_price: search the favourite and read row 1
    9       94.2    1.6%  read the balance before buying
   10      356.9    6.2%  click the row at (500, 257)
   11      317.2    5.5%  click Buy at (828, 257)
   12       88.8    1.5%  await the Purchase dialog
   13      313.3    5.5%  read the dialog (item, price, qty, qty_max)
   14     1325.0   23.1%  click the quantity field and type 65
   15       84.9    1.5%  find the Buy button
   16      312.5    5.4%  click Buy
   17      250.7    4.4%  park
   18       88.6    1.5%  confirm the dialog is gone
   19      178.5    3.1%  read the balance after buying
          5744.1  100.0%  TOTAL
  65/200 Upgrade Core Set (Ultimate) held
  row 1 offers 'Upgrade Core Set (Ultimate) X 999' x17 at 439,999,560 (440,440/unit)
    row 1 leaves 9,384 a core against the 5,000 wanted

  buy from favourite slot 10: REFUSED
    #         ms   share  step
    1        0.4    0.0%  get_price: focus the game
    2       98.4   10.8%  get_price: _trade_window_open (OCR 1300x190)
    3      123.0   13.5%  get_price: purchase_tab_showing
    4      232.7   25.6%  get_price: read row 1 where it stands
    5      454.7   50.0%  get_price: search the favourite and read row 1
           909.3  100.0%  TOTAL
  row 1 bundles 999 and only 435 more fit under the 500 limit with 65 held; a bundle cannot be split, so this offer is skipped.
  wheeled 1 notch(es) down the offers, from row 2 at (500, 312)
  65/200 Upgrade Core Set (Ultimate) held
  row 1 offers 'Upgrade Core Set (Ultimate) X 999' x1 at 439,999,560 (440,440/unit)
    row 1 leaves 9,384 a core against the 5,000 wanted

  buy from favourite slot 10: REFUSED
    #         ms   share  step
    1        0.4    0.0%  get_price: focus the game
    2      102.2    9.8%  get_price: _trade_window_open (OCR 1300x190)
    3      121.9   11.7%  get_price: purchase_tab_showing
    4      297.1   28.5%  get_price: read row 1 where it stands
    5      521.7   50.0%  get_price: search the favourite and read row 1
          1043.4  100.0%  TOTAL
  row 1 bundles 999 and only 435 more fit under the 500 limit with 65 held; a bundle cannot be split, so this offer is skipped.
  wheeled 1 notch(es) down the offers, from row 2 at (500, 312)
  65/200 Upgrade Core Set (Ultimate) held
  row 1 offers 'Upgrade Core Set (Ultimate) X 999' x1 at 440,928,630 (441,370/unit)
    row 1 leaves 8,454 a core against the 5,000 wanted

  buy from favourite slot 10: REFUSED
    #         ms   share  step
    1        0.6    0.1%  get_price: focus the game
    2       98.9    9.6%  get_price: _trade_window_open (OCR 1300x190)
    3      119.4   11.5%  get_price: purchase_tab_showing
    4      298.1   28.8%  get_price: read row 1 where it stands
    5      517.1   50.0%  get_price: search the favourite and read row 1
          1034.2  100.0%  TOTAL
  row 1 bundles 999 and only 435 more fit under the 500 limit with 65 held; a bundle cannot be split, so this offer is skipped.
  wheeled 1 notch(es) down the offers, from row 2 at (500, 312)
  65/200 Upgrade Core Set (Ultimate) held
  row 1 offers 'Upgrade Core Set (Ultimate) X 999' x1 at 442,458,099 (442,901/unit)
    row 1 leaves 6,923 a core against the 5,000 wanted

  buy from favourite slot 10: REFUSED
    #         ms   share  step
    1        0.4    0.0%  get_price: focus the game
    2       94.6    9.3%  get_price: _trade_window_open (OCR 1300x190)
    3      115.1   11.4%  get_price: purchase_tab_showing
    4      296.1   29.2%  get_price: read row 1 where it stands
    5      506.4   50.0%  get_price: search the favourite and read row 1
          1012.7  100.0%  TOTAL
  row 1 bundles 999 and only 435 more fit under the 500 limit with 65 held; a bundle cannot be split, so this offer is skipped.
  5 offer(s) considered and no more fit; leaving Upgrade Core Set (Ultimate) at 65 of 200
  bought 65 of the 200 wanted.
TASK {"kind": "resupply", "core": "Upgrade Core (Ultimate)", "set": "Upgrade Core Set (Ultimate)", "slot": 9, "tab": 4, "step": "convert", "holding": "Upgrade Core Set (Ultimate)", "qty": 65, "price": 440440}

  -- round 1: convert up to 250, then list -- 65 of 65 left --
  pressing N to open the vendor Shop (attempt 1)
  4x5 at (377, 931): Upgrade Core Set (Ultimate) -> Upgrade Core (Ultimate)
    dialog offers '* Upgrade Core (Ultimate)'
    typed 250; the dialog clamps it to what is held
    inventory tab 4 holds 1 slot(s) and is showing, so the Upgrade Core (Ultimate) lands there

  convert into Upgrade Core (Ultimate)
    #         ms   share  step
    1      790.9   23.9%  alt-click the cell at (377, 931)
    2       95.0    2.9%  await the Purchase Item dialog
    3       96.0    2.9%  read what the dialog offers
    4      700.3   21.2%  type the quantity 250
    5      909.7   27.5%  select inventory tab 4
    6       26.7    0.8%  read tab 4 before converting
    7      314.1    9.5%  click OK
    8      250.8    7.6%  park
    9      125.4    3.8%  read tab 4 after converting
          3308.8  100.0%  TOTAL
    Upgrade Core (Ultimate) arrived; one convert is one stack of at most 250, so it is in (1, 2), the slot free before it
TASK {"kind": "resupply", "core": "Upgrade Core (Ultimate)", "set": "Upgrade Core Set (Ultimate)", "slot": 9, "tab": 4, "step": "list", "holding": "Upgrade Core (Ultimate)", "qty": 65, "price": 440440}
  the Agent Shop is shut after the vendor; reopening it
  Inventory shut: slot grid 0.13, needs 0.33
  listing Upgrade Core (Ultimate) from 1 slot(s), (1, 2) to (1, 2)
  inventory slot (1,2) at (1531, 236)
    the lowest listed price is 449,823, from the row and 2 more
    market 449,823, typing 449,822, 1 under the market
    net sales 29,238,430 is 65 x 449,822
  typed 250; the net sales make it 65
  tab 4 read in 21 ms after the listing: 0 slot(s) held

  list 65 at 449,822
    #         ms   share  step
    1       19.8    0.4%  read the panel before loading
    2       18.8    0.3%  wait for slot (1,2) to fill
    3      810.7   14.6%  ctrl-click (1,2) attempt 1
    4      685.3   12.3%  read the suggested price
    5     1444.5   26.0%  type the price 449,822
    6      948.2   17.1%  type the quantity 250
    7      316.5    5.7%  take the quantity from the net sales
    8      324.3    5.8%  click Register
    9       90.5    1.6%  find Confirmation
   10       19.1    0.3%  look for the underprice question
   11      307.6    5.5%  click Confirmation
   12      250.8    4.5%  park
   13      276.8    5.0%  confirm the dialog is gone
   14       18.1    0.3%  wait for the panel to let the item go
   15       20.7    0.4%  read tab 4 after the listing
          5551.6  100.0%  TOTAL
  listed 65 at 449,822; it lands in row 18
TASK {"kind": "resupply", "core": "Upgrade Core (Ultimate)", "set": "Upgrade Core Set (Ultimate)", "slot": 9, "tab": 4, "step": "convert", "holding": "Upgrade Core Set (Ultimate)", "qty": 0, "price": 440440}
DONE {"kind": "resupply", "core": "Upgrade Core (Ultimate)", "bought": 65, "listed": 65, "rows": [18]}

  resupply Upgrade Core (Ultimate): bought 65, 1 slot(s) filled, listed 65 in rows [18]
    #          ms   share     n      each  phase
    1     5,850.0   13.9%     2   2,925.0  buy order 1
    2     5,556.0   13.2%     1   5,556.0  round 1: list Upgrade Core (Ultimate) from (1, 2)
    3     4,187.0    9.9%     1   4,187.0  round 1: reopen the Agent Shop
    4     3,602.3    8.5%     1   3,602.3  round 1: convert into Upgrade Core (Ultimate)
    5     2,554.6    6.1%     1   2,554.6  price Chaos Core
    6     2,270.5    5.4%     1   2,270.5  round 1: select the Register tab
    7     1,858.1    4.4%     1   1,858.1  round 1: open the vendor
    8     1,425.3    3.4%     1   1,425.3  price Chaos Core Set
    9     1,257.7    3.0%     1   1,257.7  round 1: close the Agent Shop
   10     1,075.1    2.5%     1   1,075.1  find the free slot on tab 4
   11     1,023.3    2.4%     2     511.6  buy order 3
   12     1,015.0    2.4%     2     507.5  buy order 4
   13       989.1    2.3%     2     494.6  buy order 5
   14       939.9    2.2%     2     469.9  buy order 2
   15       908.1    2.2%     1     908.1  round 1: select inventory tab 4
   16       743.5    1.8%     2     371.8  step down to the next offer (3)
   17       743.0    1.8%     2     371.5  step down to the next offer (4)
   18       743.0    1.8%     2     371.5  step down to the next offer (2)
   19       490.7    1.2%     1     490.7  buy order 6
   20       489.5    1.2%     1     489.5  buy order 9
   21       484.4    1.1%     1     484.4  buy order 7
   22       483.7    1.1%     1     483.7  buy order 8
   23       481.5    1.1%     1     481.5  buy order 10
   24       419.8    1.0%     1     419.8  buy order 11
   25       371.6    0.9%     1     371.6  step down to the next offer (8)
   26       371.5    0.9%     1     371.5  step down to the next offer (7)
   27       371.4    0.9%     1     371.4  step down to the next offer (6)
   28       371.4    0.9%     1     371.4  step down to the next offer (5)
   29       371.4    0.9%     1     371.4  step down to the next offer (9)
   30       371.1    0.9%     1     371.1  step down to the next offer (1)
   31       371.0    0.9%     1     371.0  step down to the next offer (10)
         42,190.4  100.0%
  Upgrade Core (Ultimate): 2 of 3 row(s) after that one
  Alz 435,690,420 held covers 989 Upgrade Core Set (Ultimate) at 440,440; buying what it covers

-- Upgrade Core (Ultimate): 2 row(s) --
  7 row(s) free inside 1-25; a resupply needs up to 2
  Upgrade Core (Ultimate) 449,822 - Upgrade Core Set (Ultimate) 440,440 = 9,382
  a margin of 9,382 is worth 3 row(s) of Upgrade Core (Ultimate); 2 held
  tab 4 is showing and free from (1, 1), so the Upgrade Core Set (Ultimate) and the Upgrade Core (Ultimate) land there
TASK {"kind": "resupply", "core": "Upgrade Core (Ultimate)", "set": "Upgrade Core Set (Ultimate)", "slot": 9, "tab": 4, "landing": [1, 1]}
  0/200 Upgrade Core Set (Ultimate) held
  row 1 offers 'Upgrade Core Set (Ultimate) X 999' x17 at 439,999,560 (440,440/unit)
    row 1 leaves 9,382 a core against the 5,000 wanted

  buy from favourite slot 10: REFUSED
    #         ms   share  step
    1        0.4    0.0%  get_price: focus the game
    2      109.2    2.3%  get_price: _trade_window_open (OCR 1300x190)
    3      119.5    2.5%  get_price: purchase_tab_showing
    4      124.4    2.6%  get_price: read row 1 before the search
    5      308.5    6.4%  get_price: click favourite slot 10
    6       87.9    1.8%  get_price: confirm the sort
    7     1638.3   34.1%  get_price: poll row 1 until it answers (13 read(s))
    8     2419.8   50.3%  get_price: search the favourite and read row 1
          4808.0  100.0%  TOTAL
  row 1 bundles 999 and only 500 more fit under the 500 limit with 0 held; a bundle cannot be split, so this offer is skipped.
  wheeled 1 notch(es) down the offers, from row 2 at (500, 312)
  0/200 Upgrade Core Set (Ultimate) held
  row 1 offers 'Upgrade Core Set (Ultimate) X 999' x1 at 439,999,560 (440,440/unit)
    row 1 leaves 9,382 a core against the 5,000 wanted

  buy from favourite slot 10: REFUSED
    #         ms   share  step
    1        0.3    0.0%  get_price: focus the game
    2      100.6    9.8%  get_price: _trade_window_open (OCR 1300x190)
    3      117.6   11.4%  get_price: purchase_tab_showing
    4      297.4   28.8%  get_price: read row 1 where it stands
    5      516.0   50.0%  get_price: search the favourite and read row 1
          1031.9  100.0%  TOTAL
  row 1 bundles 999 and only 500 more fit under the 500 limit with 0 held; a bundle cannot be split, so this offer is skipped.
  wheeled 1 notch(es) down the offers, from row 2 at (500, 312)
  0/200 Upgrade Core Set (Ultimate) held
  row 1 offers 'Upgrade Core Set (Ultimate) X 999' x1 at 440,928,630 (441,370/unit)
    row 1 leaves 8,452 a core against the 5,000 wanted

  buy from favourite slot 10: REFUSED
    #         ms   share  step
    1        0.4    0.0%  get_price: focus the game
    2      100.8    9.9%  get_price: _trade_window_open (OCR 1300x190)
    3      111.0   10.9%  get_price: purchase_tab_showing
    4      295.5   29.1%  get_price: read row 1 where it stands
    5      507.8   50.0%  get_price: search the favourite and read row 1
          1015.5  100.0%  TOTAL
  row 1 bundles 999 and only 500 more fit under the 500 limit with 0 held; a bundle cannot be split, so this offer is skipped.
  wheeled 1 notch(es) down the offers, from row 2 at (500, 312)
  0/200 Upgrade Core Set (Ultimate) held
  row 1 offers 'Upgrade Core Set (Ultimate) X 999' x1 at 442,458,099 (442,901/unit)
    row 1 leaves 6,921 a core against the 5,000 wanted

  buy from favourite slot 10: REFUSED
    #         ms   share  step
    1        0.4    0.0%  get_price: focus the game
    2       98.3    9.6%  get_price: _trade_window_open (OCR 1300x190)
    3      119.5   11.7%  get_price: purchase_tab_showing
    4      293.6   28.7%  get_price: read row 1 where it stands
    5      511.8   50.0%  get_price: search the favourite and read row 1
          1023.6  100.0%  TOTAL
  row 1 bundles 999 and only 500 more fit under the 500 limit with 0 held; a bundle cannot be split, so this offer is skipped.
  wheeled 1 notch(es) down the offers, from row 2 at (500, 312)
  0/200 Upgrade Core Set (Ultimate) held
  row 1 offers 'Upgrade Core Set (Ultimate) X 10' x4 at 4,455,300 (445,530/unit)

  buy from favourite slot 10: REFUSED
    #         ms   share  step
    1        0.7    0.1%  get_price: focus the game
    2       98.2    9.6%  get_price: _trade_window_open (OCR 1300x190)
    3      115.8   11.3%  get_price: purchase_tab_showing
    4      296.5   29.0%  get_price: read row 1 where it stands
    5      511.2   50.0%  get_price: search the favourite and read row 1
          1022.3  100.0%  TOTAL
  stopping: row 1 asks 445,530 and the core sells at 449,822, a gap of 4,292 against the 5,000 wanted. Nothing bought.
  nothing bought; not opening the vendor.
  tab 4 known from the last listing: 0 slot(s) held
  row 1: 'Force Core (Ultimate' x47 at 399,640 -> tab 4 slot (1, 1)
    floor 368,785 (368,785 x 1) from Force Core Set (Ultimate); listed at 399,640, above it
TASK {"kind": "relist", "row": 1, "item": "Force Core (Ultimate", "qty": 47, "price": 399640, "tab": 4, "slot": [1, 1], "lands_in": 1}
  inventory slot (1,1) at (1475, 236)
    the lowest listed price is 399,634, from the row and 3 more
    market 399,634, typing 399,633, 1 under the market
    net sales 18,782,751 is 47 x 399,633
  typed 250; the net sales make it 47
  tab 4 read in 21 ms after the listing: 0 slot(s) held

  list 47 at 399,633
    #         ms   share  step
    1       17.7    0.3%  read the panel before loading
    2       18.7    0.3%  wait for slot (1,1) to fill
    3      812.6   15.1%  ctrl-click (1,1) attempt 1
    4      536.4    9.9%  read the suggested price
    5     1439.9   26.7%  type the price 399,633
    6      949.9   17.6%  type the quantity 250
    7      339.4    6.3%  take the quantity from the net sales
    8      310.7    5.8%  click Register
    9       91.9    1.7%  find Confirmation
   10       17.1    0.3%  look for the underprice question
   11      313.7    5.8%  click Confirmation
   12      250.6    4.6%  park
   13      261.9    4.9%  confirm the dialog is gone
   14       15.5    0.3%  wait for the panel to let the item go
   15       20.9    0.4%  read tab 4 after the listing
          5396.9  100.0%  TOTAL
  listed 47 at 399,633; it lands in row 1
DONE {"kind": "relist", "row": 1, "lands_in": 1, "qty": 47, "price": 399633, "item": "Force Core (Ultimate"}
    relisted 47 at 399,633 in row 1
  tab 4 known from the last listing: 0 slot(s) held
  row 2: 'Arionell' x1 at 340,000,000 -> tab 4 slot (1, 1)
    floor 277,499,999 from what it cost; listed at 340,000,000, above it
TASK {"kind": "relist", "row": 2, "item": "Arionell", "qty": 1, "price": 340000000, "tab": 4, "slot": [1, 1], "lands_in": 2}
  inventory slot (1,1) at (1475, 236)
    2 of 2 witnesses put it near 313,488,095, and none of them carries the asking price
    the witnesses split what it was listed at says 340,000,000 and the week's average says 8,095; taking none of them
    the lowest listed price would not read
  ctrl-click 1/1 loaded nothing from (1,1)
  the market would not price it after 1 ctrl-click(s); listing at the 340,000,000 it came out of the row at
    market 340,000,000, typing 340,000,000, the market itself
    net sales 340,000,000 is 1 x 340,000,000
  typed 250; the net sales make it 1
  tab 4 read in 21 ms after the listing: 0 slot(s) held

  list 1 at 340,000,000
    #         ms   share  step
    1       18.1    0.3%  read the panel before loading
    2       19.6    0.3%  wait for slot (1,1) to fill
    3      811.9   13.1%  ctrl-click (1,1) attempt 1
    4     1140.9   18.4%  read the suggested price
    5     1656.1   26.8%  type the price 340,000,000
    6      946.5   15.3%  type the quantity 250
    7      315.7    5.1%  take the quantity from the net sales
    8      309.7    5.0%  click Register
    9      102.8    1.7%  find Confirmation
   10       19.3    0.3%  look for the underprice question
   11      307.0    5.0%  click Confirmation
   12      250.8    4.1%  park
   13      253.2    4.1%  confirm the dialog is gone
   14       17.0    0.3%  wait for the panel to let the item go
   15       21.5    0.3%  read tab 4 after the listing
          6190.0  100.0%  TOTAL
  listed 1 at 340,000,000; it lands in row 2
DONE {"kind": "relist", "row": 2, "lands_in": 2, "qty": 1, "price": 340000000, "item": "Arionell"}
    relisted 1 at 340,000,000 in row 2
  tab 4 known from the last listing: 0 slot(s) held
  row 3: 'Force Core (Ultimate' x210 at 399,639 -> tab 4 slot (1, 1)
    floor 368,785 (368,785 x 1) from Force Core Set (Ultimate); listed at 399,639, above it
TASK {"kind": "relist", "row": 3, "item": "Force Core (Ultimate", "qty": 210, "price": 399639, "tab": 4, "slot": [1, 1], "lands_in": 3}
  inventory slot (1,1) at (1475, 236)
    the lowest listed price is 399,633, from the row and 3 more
    market 399,633, typing 399,632, 1 under the market
    net sales 83,922,720 is 210 x 399,632
  typed 250; the net sales make it 210
  tab 4 read in 20 ms after the listing: 0 slot(s) held

  list 210 at 399,632
    #         ms   share  step
    1       18.6    0.4%  read the panel before loading
    2       26.5    0.5%  wait for slot (1,1) to fill
    3      813.1   15.3%  ctrl-click (1,1) attempt 1
    4      466.5    8.8%  read the suggested price
    5     1446.0   27.2%  type the price 399,632
    6      952.5   17.9%  type the quantity 250
    7      309.9    5.8%  take the quantity from the net sales
    8      310.1    5.8%  click Register
    9       95.0    1.8%  find Confirmation
   10       23.9    0.4%  look for the underprice question
   11      306.7    5.8%  click Confirmation
   12      250.9    4.7%  park
   13      261.2    4.9%  confirm the dialog is gone
   14       17.2    0.3%  wait for the panel to let the item go
   15       20.5    0.4%  read tab 4 after the listing
          5318.7  100.0%  TOTAL
  listed 210 at 399,632; it lands in row 3
DONE {"kind": "relist", "row": 3, "lands_in": 3, "qty": 210, "price": 399632, "item": "Force Core (Ultimate"}
    relisted 210 at 399,632 in row 3
  tab 4 known from the last listing: 0 slot(s) held
  row 4: 'Force Core(Highest' x46 at 211,427 -> tab 4 slot (1, 1)
    floor 211,427 (211,427 x 1) from Force Core Set (Highest); listed at 211,427, above it
TASK {"kind": "relist", "row": 4, "item": "Force Core(Highest", "qty": 46, "price": 211427, "tab": 4, "slot": [1, 1], "lands_in": 4}
  inventory slot (1,1) at (1475, 236)
    the lowest listed price is 205,000, from the row and 3 more
    market 204,999 is under the 211,427 floor (a Force Core Set (Highest) costs 211,427); listing at the floor
    market 205,000, typing 211,427, 6,427 over the market
    net sales 9,725,642 is 46 x 211,427
  typed 250; the net sales make it 46
  tab 4 read in 20 ms after the listing: 0 slot(s) held

  list 46 at 211,427
    #         ms   share  step
    1       17.5    0.3%  read the panel before loading
    2       17.0    0.3%  wait for slot (1,1) to fill
    3      819.7   15.5%  ctrl-click (1,1) attempt 1
    4      465.6    8.8%  read the suggested price
    5     1447.2   27.4%  type the price 211,427
    6      945.4   17.9%  type the quantity 250
    7      298.8    5.7%  take the quantity from the net sales
    8      310.7    5.9%  click Register
    9       93.2    1.8%  find Confirmation
   10       15.6    0.3%  look for the underprice question
   11      307.4    5.8%  click Confirmation
   12      251.0    4.8%  park
   13      248.9    4.7%  confirm the dialog is gone
   14       17.3    0.3%  wait for the panel to let the item go
   15       20.4    0.4%  read tab 4 after the listing
          5275.6  100.0%  TOTAL
  listed 46 at 211,427; it lands in row 4
DONE {"kind": "relist", "row": 4, "lands_in": 4, "qty": 46, "price": 211427, "item": "Force Core(Highest"}
    relisted 46 at 211,427 in row 4, 3 relist(s) on the floor now
  tab 4 known from the last listing: 0 slot(s) held
  row 5: 'Force Core(High' x83 at 202,493 -> tab 4 slot (1, 1)
    floor 184,999 (184,999 x 1) from Force Core Set (High); listed at 202,493, above it
TASK {"kind": "relist", "row": 5, "item": "Force Core(High", "qty": 83, "price": 202493, "tab": 4, "slot": [1, 1], "lands_in": 5}
  inventory slot (1,1) at (1475, 236)
    the lowest listed price is 202,482, from the row and 3 more
    market 202,482, typing 202,481, 1 under the market
    net sales 16,805,923 is 83 x 202,481
  typed 250; the net sales make it 83
  tab 4 read in 21 ms after the listing: 0 slot(s) held

  list 83 at 202,481
    #         ms   share  step
    1       19.9    0.4%  read the panel before loading
    2       19.5    0.4%  wait for slot (1,1) to fill
    3      814.3   15.3%  ctrl-click (1,1) attempt 1
    4      467.6    8.8%  read the suggested price
    5     1447.0   27.2%  type the price 202,481
    6      945.8   17.8%  type the quantity 250
    7      316.5    6.0%  take the quantity from the net sales
    8      309.3    5.8%  click Register
    9       90.4    1.7%  find Confirmation
   10       18.2    0.3%  look for the underprice question
   11      307.8    5.8%  click Confirmation
   12      250.7    4.7%  park
   13      266.2    5.0%  confirm the dialog is gone
   14       16.1    0.3%  wait for the panel to let the item go
   15       21.0    0.4%  read tab 4 after the listing
          5310.4  100.0%  TOTAL
  listed 83 at 202,481; it lands in row 5
DONE {"kind": "relist", "row": 5, "lands_in": 5, "qty": 83, "price": 202481, "item": "Force Core(High"}
    relisted 83 at 202,481 in row 5
  tab 4 known from the last listing: 0 slot(s) held
  row 6: 'Force Core(High' x64 at 202,492 -> tab 4 slot (1, 1)
    floor 184,999 (184,999 x 1) from Force Core Set (High); listed at 202,492, above it
TASK {"kind": "relist", "row": 6, "item": "Force Core(High", "qty": 64, "price": 202492, "tab": 4, "slot": [1, 1], "lands_in": 6}
  inventory slot (1,1) at (1475, 236)
    the lowest listed price is 202,481, from the row and 3 more
    market 202,481, typing 202,480, 1 under the market
    net sales 12,958,720 is 64 x 202,480
  typed 250; the net sales make it 64
  tab 4 read in 20 ms after the listing: 0 slot(s) held

  list 64 at 202,480
    #         ms   share  step
    1       19.0    0.4%  read the panel before loading
    2       25.3    0.5%  wait for slot (1,1) to fill
    3      813.4   15.3%  ctrl-click (1,1) attempt 1
    4      467.0    8.8%  read the suggested price
    5     1446.0   27.3%  type the price 202,480
    6      947.2   17.9%  type the quantity 250
    7      318.5    6.0%  take the quantity from the net sales
    8      306.9    5.8%  click Register
    9       93.2    1.8%  find Confirmation
   10       16.9    0.3%  look for the underprice question
   11      308.5    5.8%  click Confirmation
   12      250.7    4.7%  park
   13      250.9    4.7%  confirm the dialog is gone
   14       18.1    0.3%  wait for the panel to let the item go
   15       20.2    0.4%  read tab 4 after the listing
          5301.7  100.0%  TOTAL
  listed 64 at 202,480; it lands in row 6
DONE {"kind": "relist", "row": 6, "lands_in": 6, "qty": 64, "price": 202480, "item": "Force Core(High"}
    relisted 64 at 202,480 in row 6
  tab 4 known from the last listing: 0 slot(s) held
  row 7: 'Force Core(High' x61 at 202,491 -> tab 4 slot (1, 1)
    floor 184,999 (184,999 x 1) from Force Core Set (High); listed at 202,491, above it
TASK {"kind": "relist", "row": 7, "item": "Force Core(High", "qty": 61, "price": 202491, "tab": 4, "slot": [1, 1], "lands_in": 7}
  inventory slot (1,1) at (1475, 236)
    the lowest listed price is 202,480, from the row and 3 more
    market 202,480, typing 202,479, 1 under the market
    net sales 12,351,219 is 61 x 202,479
  typed 250; the net sales make it 61
  tab 4 read in 20 ms after the listing: 0 slot(s) held

  list 61 at 202,479
    #         ms   share  step
    1       18.7    0.4%  read the panel before loading
    2       20.5    0.4%  wait for slot (1,1) to fill
    3      814.7   15.5%  ctrl-click (1,1) attempt 1
    4      462.8    8.8%  read the suggested price
    5     1446.2   27.4%  type the price 202,479
    6      946.3   17.9%  type the quantity 250
    7      313.4    5.9%  take the quantity from the net sales
    8      308.0    5.8%  click Register
    9       93.6    1.8%  find Confirmation
   10       17.2    0.3%  look for the underprice question
   11      310.1    5.9%  click Confirmation
   12      250.8    4.8%  park
   13      234.3    4.4%  confirm the dialog is gone
   14       15.5    0.3%  wait for the panel to let the item go
   15       20.5    0.4%  read tab 4 after the listing
          5272.4  100.0%  TOTAL
  listed 61 at 202,479; it lands in row 7
DONE {"kind": "relist", "row": 7, "lands_in": 7, "qty": 61, "price": 202479, "item": "Force Core(High"}
    relisted 61 at 202,479 in row 7
  tab 4 known from the last listing: 0 slot(s) held
  row 8: 'Upgrade Core (Ultimate' x42 at 449,825 -> tab 4 slot (1, 1)
    floor 440,440 (440,440 x 1) from Upgrade Core Set (Ultimate); listed at 449,825, above it
TASK {"kind": "relist", "row": 8, "item": "Upgrade Core (Ultimate", "qty": 42, "price": 449825, "tab": 4, "slot": [1, 1], "lands_in": 8}
  inventory slot (1,1) at (1475, 236)
    the lowest listed price is 449,822, from the row and 3 more
    market 449,822, typing 449,821, 1 under the market
    net sales 18,892,482 is 42 x 449,821
  typed 250; the net sales make it 42
  tab 4 read in 20 ms after the listing: 0 slot(s) held

  list 42 at 449,821
    #         ms   share  step
    1       17.8    0.3%  read the panel before loading
    2       18.3    0.3%  wait for slot (1,1) to fill
    3      814.2   15.3%  ctrl-click (1,1) attempt 1
    4      479.4    9.0%  read the suggested price
    5     1444.4   27.2%  type the price 449,821
    6      944.7   17.8%  type the quantity 250
    7      317.1    6.0%  take the quantity from the net sales
    8      308.1    5.8%  click Register
    9       93.8    1.8%  find Confirmation
   10       19.3    0.4%  look for the underprice question
   11      307.4    5.8%  click Confirmation
   12      250.5    4.7%  park
   13      254.7    4.8%  confirm the dialog is gone
   14       16.1    0.3%  wait for the panel to let the item go
   15       20.2    0.4%  read tab 4 after the listing
          5306.1  100.0%  TOTAL
  listed 42 at 449,821; it lands in row 8
DONE {"kind": "relist", "row": 8, "lands_in": 8, "qty": 42, "price": 449821, "item": "Upgrade Core (Ultimate"}
    relisted 42 at 449,821 in row 8
  tab 4 known from the last listing: 0 slot(s) held
  row 9: 'Force Core (Ultimate' x159 at 399,638 -> tab 4 slot (1, 1)
    floor 368,785 (368,785 x 1) from Force Core Set (Ultimate); listed at 399,638, above it
TASK {"kind": "relist", "row": 9, "item": "Force Core (Ultimate", "qty": 159, "price": 399638, "tab": 4, "slot": [1, 1], "lands_in": 9}
  inventory slot (1,1) at (1475, 236)
    the lowest listed price is 399,632, from the row and 3 more
    market 399,632, typing 399,631, 1 under the market
    net sales 63,541,329 is 159 x 399,631
  typed 250; the net sales make it 159
  tab 4 read in 20 ms after the listing: 0 slot(s) held

  list 159 at 399,631
    #         ms   share  step
    1       20.9    0.4%  read the panel before loading
    2       21.5    0.4%  wait for slot (1,1) to fill
    3      814.5   15.4%  ctrl-click (1,1) attempt 1
    4      462.0    8.7%  read the suggested price
    5     1446.7   27.3%  type the price 399,631
    6      947.7   17.9%  type the quantity 250
    7      309.3    5.8%  take the quantity from the net sales
    8      306.5    5.8%  click Register
    9       91.4    1.7%  find Confirmation
   10       23.2    0.4%  look for the underprice question
   11      305.8    5.8%  click Confirmation
   12      250.8    4.7%  park
   13      258.4    4.9%  confirm the dialog is gone
   14       16.7    0.3%  wait for the panel to let the item go
   15       20.0    0.4%  read tab 4 after the listing
          5295.5  100.0%  TOTAL
  listed 159 at 399,631; it lands in row 9
DONE {"kind": "relist", "row": 9, "lands_in": 9, "qty": 159, "price": 399631, "item": "Force Core (Ultimate"}
    relisted 159 at 399,631 in row 9
  tab 4 known from the last listing: 0 slot(s) held
  row 10: 'Force Core (Ultimate' x68 at 399,637 -> tab 4 slot (1, 1)
    floor 368,785 (368,785 x 1) from Force Core Set (Ultimate); listed at 399,637, above it
TASK {"kind": "relist", "row": 10, "item": "Force Core (Ultimate", "qty": 68, "price": 399637, "tab": 4, "slot": [1, 1], "lands_in": 10}
  inventory slot (1,1) at (1475, 236)
    the lowest listed price is 399,631, from the row and 3 more
    market 399,631, typing 399,630, 1 under the market
    net sales 27,174,840 is 68 x 399,630
  typed 250; the net sales make it 68
  tab 4 read in 19 ms after the listing: 0 slot(s) held

  list 68 at 399,630
    #         ms   share  step
    1       19.6    0.4%  read the panel before loading
    2       19.3    0.4%  wait for slot (1,1) to fill
    3      814.7   15.3%  ctrl-click (1,1) attempt 1
    4      475.3    9.0%  read the suggested price
    5     1451.0   27.3%  type the price 399,630
    6      946.0   17.8%  type the quantity 250
    7      318.0    6.0%  take the quantity from the net sales
    8      307.7    5.8%  click Register
    9       93.7    1.8%  find Confirmation
   10       15.4    0.3%  look for the underprice question
   11      308.7    5.8%  click Confirmation
   12      250.7    4.7%  park
   13      250.7    4.7%  confirm the dialog is gone
   14       19.5    0.4%  wait for the panel to let the item go
   15       19.4    0.4%  read tab 4 after the listing
          5309.8  100.0%  TOTAL
  listed 68 at 399,630; it lands in row 10
DONE {"kind": "relist", "row": 10, "lands_in": 10, "qty": 68, "price": 399630, "item": "Force Core (Ultimate"}
    relisted 68 at 399,630 in row 10
  tab 4 known from the last listing: 0 slot(s) held
  row 11: 'Chaos Core' x1 at 701,500 -> tab 4 slot (1, 1)
    floor 715,000 (715,000 x 1) from what it cost; listed at 701,500, UNDER the floor
TASK {"kind": "relist", "row": 11, "item": "Chaos Core", "qty": 1, "price": 701500, "tab": 4, "slot": [1, 1], "lands_in": 11}
    row 11 is the Chaos Core special row; listing at 651 under the market, no floor
  inventory slot (1,1) at (1475, 236)
    the lowest listed price is 697,952, from the row
    market 697,952, typing 697,301, 651 under the market
    net sales 697,301 is 1 x 697,301
  typed 250; the net sales make it 1
  tab 4 read in 21 ms after the listing: 0 slot(s) held

  list 1 at 697,301
    #         ms   share  step
    1       20.5    0.4%  read the panel before loading
    2       21.3    0.4%  wait for slot (1,1) to fill
    3      810.2   14.4%  ctrl-click (1,1) attempt 1
    4      812.4   14.4%  read the suggested price
    5     1448.6   25.7%  type the price 697,301
    6      944.8   16.8%  type the quantity 250
    7      311.4    5.5%  take the quantity from the net sales
    8      310.0    5.5%  click Register
    9       92.6    1.6%  find Confirmation
   10       16.2    0.3%  look for the underprice question
   11      308.3    5.5%  click Confirmation
   12      250.5    4.5%  park
   13      245.2    4.4%  confirm the dialog is gone
   14       16.9    0.3%  wait for the panel to let the item go
   15       20.9    0.4%  read tab 4 after the listing
          5629.8  100.0%  TOTAL
  listed 1 at 697,301; it lands in row 11
DONE {"kind": "relist", "row": 11, "lands_in": 11, "qty": 1, "price": 697301, "item": "Chaos Core"}
    relisted 1 at 697,301 in row 11
  tab 4 known from the last listing: 0 slot(s) held
  row 12: 'Chaos Core Set X 111' x1 at 79,911,008 -> tab 4 slot (1, 1)
    floor 77,661,594 (699,654 x 111) from what it cost; listed at 79,911,008, above it
TASK {"kind": "relist", "row": 12, "item": "Chaos Core Set X 111", "qty": 1, "price": 79911008, "tab": 4, "slot": [1, 1], "lands_in": 12}
  inventory slot (1,1) at (1475, 236)
    the lowest listed price is 79,910,010, from the row and 1 more
    market 79,910,010, typing 79,910,009, 1 under the market
    net sales 79,910,009 is 1 x 79,910,009
  typed 250; the net sales make it 1
  tab 4 read in 20 ms after the listing: 0 slot(s) held

  list 1 at 79,910,009
    #         ms   share  step
    1       19.6    0.3%  read the panel before loading
    2       20.0    0.3%  wait for slot (1,1) to fill
    3      819.9   14.0%  ctrl-click (1,1) attempt 1
    4      820.5   14.1%  read the suggested price
    5     1588.1   27.2%  type the price 79,910,009
    6      966.6   16.6%  type the quantity 250
    7      319.3    5.5%  take the quantity from the net sales
    8      310.5    5.3%  click Register
    9       93.0    1.6%  find Confirmation
   10       16.6    0.3%  look for the underprice question
   11      306.8    5.3%  click Confirmation
   12      250.7    4.3%  park
   13      268.6    4.6%  confirm the dialog is gone
   14       19.2    0.3%  wait for the panel to let the item go
   15       19.8    0.3%  read tab 4 after the listing
          5839.3  100.0%  TOTAL
  listed 1 at 79,910,009; it lands in row 12
DONE {"kind": "relist", "row": 12, "lands_in": 12, "qty": 1, "price": 79910009, "item": "Chaos Core Set X 111"}
    relisted 1 at 79,910,009 in row 12
  tab 4 known from the last listing: 0 slot(s) held
  row 13: 'Chaos Core Set X 111' x1 at 79,910,897 -> tab 4 slot (1, 1)
    floor 77,661,594 (699,654 x 111) from what it cost; listed at 79,910,897, above it
TASK {"kind": "relist", "row": 13, "item": "Chaos Core Set X 111", "qty": 1, "price": 79910897, "tab": 4, "slot": [1, 1], "lands_in": 13}
  inventory slot (1,1) at (1475, 236)
    the lowest listed price is 79,909,899, from the row and 3 more
    market 79,909,899, typing 79,909,898, 1 under the market
    net sales 79,909,898 is 1 x 79,909,898
  typed 250; the net sales make it 1
  tab 4 read in 20 ms after the listing: 0 slot(s) held

  list 1 at 79,909,898
    #         ms   share  step
    1       21.3    0.4%  read the panel before loading
    2       19.6    0.4%  wait for slot (1,1) to fill
    3      814.4   14.9%  ctrl-click (1,1) attempt 1
    4      470.6    8.6%  read the suggested price
    5     1584.5   29.1%  type the price 79,909,898
    6      951.0   17.4%  type the quantity 250
    7      309.0    5.7%  take the quantity from the net sales
    8      308.8    5.7%  click Register
    9       95.5    1.8%  find Confirmation
   10       17.0    0.3%  look for the underprice question
   11      308.5    5.7%  click Confirmation
   12      250.5    4.6%  park
   13      265.4    4.9%  confirm the dialog is gone
   14       17.5    0.3%  wait for the panel to let the item go
   15       20.1    0.4%  read tab 4 after the listing
          5453.6  100.0%  TOTAL
  listed 1 at 79,909,898; it lands in row 13
DONE {"kind": "relist", "row": 13, "lands_in": 13, "qty": 1, "price": 79909898, "item": "Chaos Core Set X 111"}
    relisted 1 at 79,909,898 in row 13
  tab 4 known from the last listing: 0 slot(s) held
  row 14: 'Chaos Core Set X 102' x1 at 73,431,431 -> tab 4 slot (1, 1)
    floor 71,364,708 (699,654 x 102) from what it cost; listed at 73,431,431, above it
TASK {"kind": "relist", "row": 14, "item": "Chaos Core Set X 102", "qty": 1, "price": 73431431, "tab": 4, "slot": [1, 1], "lands_in": 14}
  inventory slot (1,1) at (1475, 236)
    the lowest listed price is 73,430,616, from the row and 3 more
    market 73,430,616, typing 73,430,615, 1 under the market
    net sales 73,430,615 is 1 x 73,430,615
  typed 250; the net sales make it 1
  tab 4 read in 21 ms after the listing: 0 slot(s) held

  list 1 at 73,430,615
    #         ms   share  step
    1       20.5    0.4%  read the panel before loading
    2       20.3    0.4%  wait for slot (1,1) to fill
    3      814.4   15.0%  ctrl-click (1,1) attempt 1
    4      470.5    8.6%  read the suggested price
    5     1588.9   29.2%  type the price 73,430,615
    6      946.6   17.4%  type the quantity 250
    7      310.4    5.7%  take the quantity from the net sales
    8      307.1    5.6%  click Register
    9       91.3    1.7%  find Confirmation
   10       17.8    0.3%  look for the underprice question
   11      307.4    5.6%  click Confirmation
   12      250.7    4.6%  park
   13      256.1    4.7%  confirm the dialog is gone
   14       18.8    0.3%  wait for the panel to let the item go
   15       21.0    0.4%  read tab 4 after the listing
          5441.9  100.0%  TOTAL
  listed 1 at 73,430,615; it lands in row 14
DONE {"kind": "relist", "row": 14, "lands_in": 14, "qty": 1, "price": 73430615, "item": "Chaos Core Set X 102"}
    relisted 1 at 73,430,615 in row 14
  tab 4 known from the last listing: 0 slot(s) held
  row 15: 'Chaos Core Set X 114' x1 at 82,070,309 -> tab 4 slot (1, 1)
    floor 79,640,400 (698,600 x 114) from what it cost; listed at 82,070,309, above it
TASK {"kind": "relist", "row": 15, "item": "Chaos Core Set X 114", "qty": 1, "price": 82070309, "tab": 4, "slot": [1, 1], "lands_in": 15}
  inventory slot (1,1) at (1475, 236)
    the lowest listed price is 82,069,398, from the row and 1 more
    market 82,069,398, typing 82,069,397, 1 under the market
    net sales 82,069,397 is 1 x 82,069,397
  typed 250; the net sales make it 1
  tab 4 read in 20 ms after the listing: 0 slot(s) held

  list 1 at 82,069,397
    #         ms   share  step
    1       20.3    0.4%  read the panel before loading
    2       20.0    0.3%  wait for slot (1,1) to fill
    3      811.1   14.1%  ctrl-click (1,1) attempt 1
    4      808.7   14.0%  read the suggested price
    5     1587.4   27.5%  type the price 82,069,397
    6      941.9   16.3%  type the quantity 250
    7      315.6    5.5%  take the quantity from the net sales
    8      308.0    5.3%  click Register
    9       90.8    1.6%  find Confirmation
   10       16.3    0.3%  look for the underprice question
   11      307.8    5.3%  click Confirmation
   12      250.7    4.3%  park
   13      247.7    4.3%  confirm the dialog is gone
   14       19.6    0.3%  wait for the panel to let the item go
   15       20.1    0.3%  read tab 4 after the listing
          5766.2  100.0%  TOTAL
  listed 1 at 82,069,397; it lands in row 15
DONE {"kind": "relist", "row": 15, "lands_in": 15, "qty": 1, "price": 82069397, "item": "Chaos Core Set X 114"}
    relisted 1 at 82,069,397 in row 15
  tab 4 known from the last listing: 0 slot(s) held
  row 16: 'Chaos Core Set X 102' x1 at 73,431,227 -> tab 4 slot (1, 1)
    floor 71,257,200 (698,600 x 102) from what it cost; listed at 73,431,227, above it
TASK {"kind": "relist", "row": 16, "item": "Chaos Core Set X 102", "qty": 1, "price": 73431227, "tab": 4, "slot": [1, 1], "lands_in": 16}
  inventory slot (1,1) at (1475, 236)
    the lowest listed price is 73,430,412, from the row and 3 more
    market 73,430,412, typing 73,430,411, 1 under the market
    net sales 73,430,411 is 1 x 73,430,411
  typed 250; the net sales make it 1
  tab 4 read in 21 ms after the listing: 0 slot(s) held

  list 1 at 73,430,411
    #         ms   share  step
    1       20.5    0.4%  read the panel before loading
    2       19.8    0.4%  wait for slot (1,1) to fill
    3      811.4   14.7%  ctrl-click (1,1) attempt 1
    4      546.6    9.9%  read the suggested price
    5     1589.4   28.8%  type the price 73,430,411
    6      945.6   17.2%  type the quantity 250
    7      315.2    5.7%  take the quantity from the net sales
    8      309.3    5.6%  click Register
    9       93.3    1.7%  find Confirmation
   10       16.2    0.3%  look for the underprice question
   11      320.2    5.8%  click Confirmation
   12      251.0    4.6%  park
   13      233.2    4.2%  confirm the dialog is gone
   14       16.1    0.3%  wait for the panel to let the item go
   15       21.4    0.4%  read tab 4 after the listing
          5509.4  100.0%  TOTAL
  listed 1 at 73,430,411; it lands in row 16
DONE {"kind": "relist", "row": 16, "lands_in": 16, "qty": 1, "price": 73430411, "item": "Chaos Core Set X 102"}
    relisted 1 at 73,430,411 in row 16
  tab 4 known from the last listing: 0 slot(s) held
  row 17: 'Chaos Core Set X 30' x1 at 21,597,389 -> tab 4 slot (1, 1)
    floor 20,956,710 (698,557 x 30) from what it cost; listed at 21,597,389, above it
TASK {"kind": "relist", "row": 17, "item": "Chaos Core Set X 30", "qty": 1, "price": 21597389, "tab": 4, "slot": [1, 1], "lands_in": 17}
  inventory slot (1,1) at (1475, 236)
    the lowest listed price is 21,597,150, from the row and 3 more
    market 21,597,150, typing 21,597,149, 1 under the market
    net sales 21,597,149 is 1 x 21,597,149
  typed 250; the net sales make it 1
  tab 4 read in 21 ms after the listing: 0 slot(s) held

  list 1 at 21,597,149
    #         ms   share  step
    1       20.4    0.4%  read the panel before loading
    2       20.2    0.4%  wait for slot (1,1) to fill
    3      810.8   14.7%  ctrl-click (1,1) attempt 1
    4      538.0    9.7%  read the suggested price
    5     1589.1   28.8%  type the price 21,597,149
    6      945.3   17.1%  type the quantity 250
    7      313.5    5.7%  take the quantity from the net sales
    8      308.4    5.6%  click Register
    9      100.6    1.8%  find Confirmation
   10       16.9    0.3%  look for the underprice question
   11      307.3    5.6%  click Confirmation
   12      250.8    4.5%  park
   13      261.5    4.7%  confirm the dialog is gone
   14       16.7    0.3%  wait for the panel to let the item go
   15       20.9    0.4%  read tab 4 after the listing
          5520.5  100.0%  TOTAL
  listed 1 at 21,597,149; it lands in row 17
DONE {"kind": "relist", "row": 17, "lands_in": 17, "qty": 1, "price": 21597149, "item": "Chaos Core Set X 30"}
    relisted 1 at 21,597,149 in row 17
  tab 4 known from the last listing: 0 slot(s) held
  row 18: 'Upgrade Core (Ultimate' x65 at 449,822 -> tab 4 slot (1, 1)
    floor 440,440 (440,440 x 1) from what it cost; listed at 449,822, above it
TASK {"kind": "relist", "row": 18, "item": "Upgrade Core (Ultimate", "qty": 65, "price": 449822, "tab": 4, "slot": [1, 1], "lands_in": 18}
  inventory slot (1,1) at (1475, 236)
    the lowest listed price is 449,821, from the row and 3 more
    market 449,821, typing 449,820, 1 under the market
    net sales 29,238,300 is 65 x 449,820
  typed 250; the net sales make it 65
  tab 4 read in 21 ms after the listing: 0 slot(s) held

  list 65 at 449,820
    #         ms   share  step
    1       17.1    0.3%  read the panel before loading
    2       17.0    0.3%  wait for slot (1,1) to fill
    3      811.2   15.1%  ctrl-click (1,1) attempt 1
    4      537.7   10.0%  read the suggested price
    5     1446.8   27.0%  type the price 449,820
    6      945.8   17.7%  type the quantity 250
    7      316.8    5.9%  take the quantity from the net sales
    8      311.1    5.8%  click Register
    9       94.8    1.8%  find Confirmation
   10       17.5    0.3%  look for the underprice question
   11      307.2    5.7%  click Confirmation
   12      250.8    4.7%  park
   13      244.5    4.6%  confirm the dialog is gone
   14       17.6    0.3%  wait for the panel to let the item go
   15       20.7    0.4%  read tab 4 after the listing
          5356.6  100.0%  TOTAL
  listed 65 at 449,820; it lands in row 18
DONE {"kind": "relist", "row": 18, "lands_in": 18, "qty": 65, "price": 449820, "item": "Upgrade Core (Ultimate"}
    relisted 65 at 449,820 in row 18
  row 19 is empty; nothing to relist
  row 20 is empty; nothing to relist
  row 21 is empty; nothing to relist
  row 22 is empty; nothing to relist
  row 23 is empty; nothing to relist
  row 24 is empty; nothing to relist
  row 25 is empty; nothing to relist

  relisting rows 1-25: 18 relisted, 7 empty, 0 skipped
    #          ms   share     n      each  phase
    1    98,603.0   46.3%    18   5,477.9  list it back
    2    67,410.2   31.7%    18   3,745.0  cancel the row and take it back
    3    19,087.6    9.0%    18   1,060.4  select inventory tab 4
    4    18,533.7    8.7%    25     741.3  scroll to the row and read it
    5     9,003.2    4.2%    25     360.1  Refresh the table
    6       307.8    0.1%    18      17.1  check the shop slot is empty
        212,945.5  100.0%

  returning the game to its default state
restoring the default state:
  Escape: window closed
  Inventory already closed
  the gift box at [284, 994]
  Receive All at [1209, 786]
  Receive 1 of 4 at [1214, 327]
  Receive 2 of 4 at [1214, 425]
  Receive 3 of 4 at [1214, 523]
  Receive 4 of 4 at [1214, 621]
  the special giftbox's Receive at [1438, 492]
  Close at [1483, 846]
  took 4 gift(s)
  the Agent Shop is shut and the vendor is not open either; reopening it
  Inventory shut: slot grid 0.13, needs 0.33

  board after pass 4:
                                                   bought/u   listed/u  margin      row price
     1  Force Core (Ultimate               x47            -    399,633       -        399,633
     2  Arionell                           x1    277,499,999 340,000,000  +18.4%    340,000,000
     3  Force Core (Ultimate               x210           -    399,632       -        399,632
     4  Force Core(Highest                 x46            -    211,427       -        211,427
     5  Force Core(High                    x83            -    202,481       -        202,481
     6  Force Core(High                    x64            -    202,480       -        202,480
     7  Force Core(High                    x61            -    202,479       -        202,479
     8  Upgrade Core (Ultimate             x42            -    449,821       -        449,821
     9  Force Core (Ultimate               x159           -    399,631       -        399,631
    10  Force Core (Ultimate               x68            -    399,630       -        399,630
    11  Chaos Core                         x1       715,000    697,301   -2.5%        697,301
    12  Chaos Core Set X 111               x1       699,654    719,909   +2.8%     79,910,009
    13  Chaos Core Set X 111               x1       699,654    719,908   +2.8%     79,909,898
    14  Chaos Core Set X 102               x1       699,654    719,907   +2.8%     73,430,615
    15  Chaos Core Set X 114               x1       698,600    719,906   +3.0%     82,069,397
    16  Chaos Core Set X 102               x1       698,600    719,905   +3.0%     73,430,411
    17  Chaos Core Set X 30                x1       698,557    719,904   +3.0%     21,597,149
    18  Upgrade Core (Ultimate             x65      440,440    449,820   +2.1%        449,820
    26  Palladium Gloves(FA) Lalla         x1             -  8,999,997       -      8,999,997
    28  Life Capsule(Special) Type A X 50  x4             -     31,969       -      1,598,450
    29  Life Capsule(Special) Type A X 100 x12            -     31,969       -      3,196,900
    30  Chaos Core Set X 756               x1             -    719,926       -    544,264,811
    item                               rows   units          listed
    Arionell                              1       1     340,000,000
    Chaos Core                            1       1         697,301
    Chaos Core Set                        7   1,326     954,612,290
    Force Core (Ultimate                  4     484     193,421,640
    Force Core(High                       3     208      42,115,862
    Force Core(Highest                    1      46       9,725,642
    Life Capsule(Special) Type A          2   1,400      44,756,600
    Palladium Gloves(FA) Lalla            1       1       8,999,997
    Upgrade Core (Ultimate                2     107      48,130,782
    board                                22   3,574   1,642,460,114
    balance now 435,690,420
  pass 4: 18 relisted, 7 empty, 0 skipped; 9981.7 minute(s) left

-- pass 5 --

  resupply order: Chaos Core, Force Core(High), Force Core(Highest), Upgrade Core (Ultimate), Force Core (Ultimate)

-- Chaos Core Set under our listing: up to 3 row(s) --
  Chaos Core Set 719,904 - Chaos Core 696,722 = 23,182
  ours is listed at 719,904 a Set and a Chaos Core sells at 696,722; buying every Set under 691,722, 5,000 a Set below the lower of the two
  the cheapest Chaos Core Set is 719,904 a Set, not under 691,722; nothing to buy under ours

  counting only rows 1-25; rows outside it are not repriced and do not count; 7 row(s) free
  core                            rows     buy/u    sell/u    margin  wants   short?
  Force Core(Highest)                1   211,427   205,000    -6,427      0   
  Chaos Core                         6   696,722   719,904    23,182      8   YES
  Force Core (Ultimate)              4         -         -         -      -   holds the most it can want, 3; not priced
  Force Core(High)                   3         -         -         -      -   holds the most it can want, 3; not priced
  Upgrade Core (Ultimate)            2   440,440   449,819     9,379      3   YES
  Alz 435,690,420 held covers 625 Chaos Core at 696,722; buying what it covers

-- Chaos Core: 6 row(s) --
  7 row(s) free inside 1-25
  Chaos Core Set 719,904 - Chaos Core 696,722 = 23,182
  a margin of 23,182 is worth 8 row(s) of Chaos Core; 6 held
  buy_min 100 rolled to 95 (+/-15); buying 96 in whole batches of 3
  1 stays behind on every row bought until an order is 10 step(s) down with nothing spare, and from there every row is taken whole until Chaos Core is done; each order prices the favourite afresh, then wheels down, up to 30 step(s)
TASK {"kind": "resupply", "core": "Chaos Core", "set": "Chaos Core Set", "slot": 3, "tab": 4}
  0/96 Chaos Core held
  row 1 offers 'Chaos Core' x1 at 696,722 (696,722/unit)

  buy from favourite slot 3: REFUSED
    #         ms   share  step
    1        0.4    0.0%  get_price: focus the game
    2       97.7    3.9%  get_price: _trade_window_open (OCR 1300x190)
    3      111.9    4.5%  get_price: purchase_tab_showing
    4      178.4    7.2%  get_price: read row 1 before the search
    5      308.5   12.4%  get_price: click favourite slot 3
    6       87.5    3.5%  get_price: confirm the sort
    7      445.3   17.9%  get_price: poll row 1 until it answers (2 read(s))
    8     1254.9   50.5%  get_price: search the favourite and read row 1
          2484.6  100.0%  TOTAL
  row 1 holds 1 and 1 stays behind, so there is nothing spare to take here.
  wheeled 1 notch(es) down the offers, from row 2 at (500, 312)
  row 1 offers 'Chaos Core' x15 at 697,301 (697,301/unit)
    row 1 leaves 22,603 a core against the 5,000 wanted
    balance before 435,690,420
    row 1 holds 15, 1 stays behind, so at most 14 comes off it
    dialog: '¢ Chaos Core'  qty 1 of 15  price 697301
    96 core(s) wanted, 1 to a pack -> 96 pack(s); 15 available, taking 14
    ordering 14 pack(s) at 9,762,214; the spend will confirm what actually bought
    balance after  425,928,206; spent 9,762,214 bought 14 pack(s) = 14 core(s) (697,301 a core)

  buy from favourite slot 3: bought 14 core(s) in 14 order(s)
    #         ms   share  step
    1        0.4    0.0%  get_price: focus the game
    2       98.1    2.4%  get_price: _trade_window_open (OCR 1300x190)
    3      115.6    2.8%  get_price: purchase_tab_showing
    4      211.0    5.1%  get_price: read row 1 where it stands
    5      425.2   10.2%  get_price: search the favourite and read row 1
    6       88.6    2.1%  read the balance before buying
    7      360.0    8.6%  click the row at (500, 257)
    8      308.3    7.4%  click Buy at (828, 257)
    9       87.2    2.1%  await the Purchase dialog
   10      311.5    7.5%  read the dialog (item, price, qty, qty_max)
   11     1328.3   31.9%  click the quantity field and type 14
   12       89.0    2.1%  find the Buy button
   13      313.5    7.5%  click Buy
   14      250.5    6.0%  park
   15       84.2    2.0%  confirm the dialog is gone
   16       94.5    2.3%  read the balance after buying
          4166.1  100.0%  TOTAL
  14/96 Chaos Core held
  row 1 offers 'Chaos Core' x1 at 696,722 (696,722/unit)

  buy from favourite slot 3: REFUSED
    #         ms   share  step
    1        0.3    0.0%  get_price: focus the game
    2       98.9    2.1%  get_price: _trade_window_open (OCR 1300x190)
    3      124.0    2.6%  get_price: purchase_tab_showing
    4      165.0    3.4%  get_price: read row 1 before the search
    5      306.6    6.4%  get_price: click favourite slot 3
    6       86.7    1.8%  get_price: confirm the sort
    7     1595.0   33.3%  get_price: poll row 1 until it answers (9 read(s))
    8     2408.0   50.3%  get_price: search the favourite and read row 1
          4784.5  100.0%  TOTAL
  row 1 holds 1 and 1 stays behind, so there is nothing spare to take here.
  wheeled 1 notch(es) down the offers, from row 2 at (500, 312)
  row 1 offers 'Chaos Core' x1 at 697,301 (697,301/unit)

  buy from favourite slot 3: REFUSED
    #         ms   share  step
    1        0.4    0.0%  get_price: focus the game
    2       94.8    9.9%  get_price: _trade_window_open (OCR 1300x190)
    3      114.6   11.9%  get_price: purchase_tab_showing
    4      270.3   28.2%  get_price: read row 1 where it stands
    5      480.1   50.0%  get_price: search the favourite and read row 1
           960.2  100.0%  TOTAL
  row 1 holds 1 and 1 stays behind, so there is nothing spare to take here.
  wheeled 1 notch(es) down the offers, from row 2 at (500, 312)
  row 1 offers 'Chaos Core' x1 at 697,301 (697,301/unit)

  buy from favourite slot 3: REFUSED
    #         ms   share  step
    1        0.4    0.0%  get_price: focus the game
    2       99.2   10.1%  get_price: _trade_window_open (OCR 1300x190)
    3      116.9   11.9%  get_price: purchase_tab_showing
    4      276.3   28.0%  get_price: read row 1 where it stands
    5      492.8   50.0%  get_price: search the favourite and read row 1
           985.6  100.0%  TOTAL
  row 1 holds 1 and 1 stays behind, so there is nothing spare to take here.
  wheeled 1 notch(es) down the offers, from row 2 at (500, 312)
  row 1 offers 'Chaos Core' x1 at 698,600 (698,600/unit)

  buy from favourite slot 3: REFUSED
    #         ms   share  step
    1        0.4    0.0%  get_price: focus the game
    2       98.6    9.9%  get_price: _trade_window_open (OCR 1300x190)
    3      116.8   11.8%  get_price: purchase_tab_showing
    4      279.9   28.2%  get_price: read row 1 where it stands
    5      495.8   50.0%  get_price: search the favourite and read row 1
           991.5  100.0%  TOTAL
  row 1 holds 1 and 1 stays behind, so there is nothing spare to take here.
  wheeled 1 notch(es) down the offers, from row 2 at (500, 312)
  row 1 offers 'Chaos Core' x1 at 698,600 (698,600/unit)

  buy from favourite slot 3: REFUSED
    #         ms   share  step
    1        0.4    0.0%  get_price: focus the game
    2      101.1   10.2%  get_price: _trade_window_open (OCR 1300x190)
    3      117.6   11.8%  get_price: purchase_tab_showing
    4      278.7   28.0%  get_price: read row 1 where it stands
    5      497.8   50.0%  get_price: search the favourite and read row 1
           995.6  100.0%  TOTAL
  row 1 holds 1 and 1 stays behind, so there is nothing spare to take here.
  wheeled 1 notch(es) down the offers, from row 2 at (500, 312)
  row 1 offers 'Chaos Core' x1 at 699,654 (699,654/unit)

  buy from favourite slot 3: REFUSED
    #         ms   share  step
    1        0.4    0.0%  get_price: focus the game
    2       97.3    9.8%  get_price: _trade_window_open (OCR 1300x190)
    3      120.5   12.1%  get_price: purchase_tab_showing
    4      278.6   28.0%  get_price: read row 1 where it stands
    5      496.8   50.0%  get_price: search the favourite and read row 1
           993.6  100.0%  TOTAL
  row 1 holds 1 and 1 stays behind, so there is nothing spare to take here.
  wheeled 1 notch(es) down the offers, from row 2 at (500, 312)
  row 1 offers 'Chaos Core' x1 at 699,654 (699,654/unit)

  buy from favourite slot 3: REFUSED
    #         ms   share  step
    1        0.5    0.1%  get_price: focus the game
    2       97.3   10.1%  get_price: _trade_window_open (OCR 1300x190)
    3      115.6   12.0%  get_price: purchase_tab_showing
    4      269.0   27.9%  get_price: read row 1 where it stands
    5      482.4   50.0%  get_price: search the favourite and read row 1
           964.8  100.0%  TOTAL
  row 1 holds 1 and 1 stays behind, so there is nothing spare to take here.
  wheeled 1 notch(es) down the offers, from row 2 at (500, 312)
  row 1 offers 'Chaos Core' x1 at 699,654 (699,654/unit)

  buy from favourite slot 3: REFUSED
    #         ms   share  step
    1        0.4    0.0%  get_price: focus the game
    2       99.4   10.0%  get_price: _trade_window_open (OCR 1300x190)
    3      114.4   11.6%  get_price: purchase_tab_showing
    4      280.4   28.3%  get_price: read row 1 where it stands
    5      494.6   50.0%  get_price: search the favourite and read row 1
           989.2  100.0%  TOTAL
  row 1 holds 1 and 1 stays behind, so there is nothing spare to take here.
  wheeled 1 notch(es) down the offers, from row 2 at (500, 312)
  row 1 offers 'Chaos Core' x1 at 699,654 (699,654/unit)

  buy from favourite slot 3: REFUSED
    #         ms   share  step
    1        0.5    0.1%  get_price: focus the game
    2       98.8   10.2%  get_price: _trade_window_open (OCR 1300x190)
    3      114.2   11.8%  get_price: purchase_tab_showing
    4      271.1   28.0%  get_price: read row 1 where it stands
    5      484.6   50.0%  get_price: search the favourite and read row 1
           969.2  100.0%  TOTAL
  row 1 holds 1 and 1 stays behind, so there is nothing spare to take here.
  wheeled 1 notch(es) down the offers, from row 2 at (500, 312)
  row 1 offers 'Chaos Core' x1 at 710,867 (710,867/unit)

  buy from favourite slot 3: REFUSED
    #         ms   share  step
    1        0.7    0.1%  get_price: focus the game
    2      100.8   10.5%  get_price: _trade_window_open (OCR 1300x190)
    3      111.8   11.6%  get_price: purchase_tab_showing
    4      268.3   27.9%  get_price: read row 1 where it stands
    5      481.7   50.0%  get_price: search the favourite and read row 1
           963.3  100.0%  TOTAL
  row 1 holds 1 and 1 stays behind, so there is nothing spare to take here.
  wheeled 1 notch(es) down the offers, from row 2 at (500, 312)
  10 step(s) down with nothing spare; taking rows whole from here until Chaos Core is done
  row 1 offers 'Chaos Core' x1 at 713,147 (713,147/unit)
    row 1 leaves 6,757 a core against the 5,000 wanted
    balance before 425,928,206
    dialog: '¢ Chaos Core'  qty 1 of 1  price 713147
    82 core(s) wanted, 1 to a pack -> 82 pack(s); 1 available, taking 1
    the quantity field already reads 1; not retyping it
    ordering 1 pack(s) at 713,147; the spend will confirm what actually bought
    balance after  425,215,059; spent 713,147 bought 1 pack(s) = 1 core(s) (713,147 a core)

  buy from favourite slot 3: bought 1 core(s) in 1 order(s)
    #         ms   share  step
    1        0.7    0.0%  get_price: focus the game
    2      103.9    3.5%  get_price: _trade_window_open (OCR 1300x190)
    3      113.3    3.8%  get_price: purchase_tab_showing
    4      270.6    9.2%  get_price: read row 1 where it stands
    5      488.6   16.6%  get_price: search the favourite and read row 1
    6       91.3    3.1%  read the balance before buying
    7      364.3   12.3%  click the row at (500, 257)
    8      307.8   10.4%  click Buy at (828, 257)
    9       88.4    3.0%  await the Purchase dialog
   10      295.5   10.0%  read the dialog (item, price, qty, qty_max)
   11       84.3    2.9%  find the Buy button
   12      310.1   10.5%  click Buy
   13      251.5    8.5%  park
   14       91.6    3.1%  confirm the dialog is gone
   15       90.2    3.1%  read the balance after buying
          2952.2  100.0%  TOTAL
  15/96 Chaos Core held
  row 1 offers 'Chaos Core' x1 at 696,722 (696,722/unit)
    row 1 leaves 23,182 a core against the 5,000 wanted
    balance before 425,215,059
    dialog: '¢ Chaos Core'  qty 1 of 1  price 696722
    81 core(s) wanted, 1 to a pack -> 81 pack(s); 1 available, taking 1
    the quantity field already reads 1; not retyping it
    ordering 1 pack(s) at 696,722; the spend will confirm what actually bought
    balance after  424,518,337; spent 696,722 bought 1 pack(s) = 1 core(s) (696,722 a core)

  buy from favourite slot 3: bought 1 core(s) in 1 order(s)
    #         ms   share  step
    1        0.3    0.0%  get_price: focus the game
    2      104.9    1.5%  get_price: _trade_window_open (OCR 1300x190)
    3      122.6    1.8%  get_price: purchase_tab_showing
    4      166.6    2.4%  get_price: read row 1 before the search
    5      310.8    4.5%  get_price: click favourite slot 3
    6       90.0    1.3%  get_price: confirm the sort
    7     1592.1   23.2%  get_price: poll row 1 until it answers (9 read(s))
    8     2413.0   35.2%  get_price: search the favourite and read row 1
    9       88.5    1.3%  read the balance before buying
   10      360.2    5.2%  click the row at (500, 257)
   11      308.8    4.5%  click Buy at (828, 257)
   12      178.7    2.6%  await the Purchase dialog
   13      309.6    4.5%  read the dialog (item, price, qty, qty_max)
   14       82.5    1.2%  find the Buy button
   15      308.3    4.5%  click Buy
   16      250.7    3.7%  park
   17       85.6    1.2%  confirm the dialog is gone
   18       89.2    1.3%  read the balance after buying
          6862.5  100.0%  TOTAL
  16/96 Chaos Core held
  row 1 offers 'Chaos Core' x1 at 697,301 (697,301/unit)
    row 1 leaves 22,603 a core against the 5,000 wanted
    balance before 424,518,337
    dialog: '¢ Chaos Core'  qty 1 of 1  price 697301
    80 core(s) wanted, 1 to a pack -> 80 pack(s); 1 available, taking 1
    the quantity field already reads 1; not retyping it
    ordering 1 pack(s) at 697,301; the spend will confirm what actually bought
    balance after  423,821,036; spent 697,301 bought 1 pack(s) = 1 core(s) (697,301 a core)

  buy from favourite slot 3: bought 1 core(s) in 1 order(s)
    #         ms   share  step
    1        0.5    0.0%  get_price: focus the game
    2       98.8    1.4%  get_price: _trade_window_open (OCR 1300x190)
    3      114.2    1.7%  get_price: purchase_tab_showing
    4      162.0    2.4%  get_price: read row 1 before the search
    5      309.5    4.5%  get_price: click favourite slot 3
    6       90.8    1.3%  get_price: confirm the sort
    7     1607.4   23.4%  get_price: poll row 1 until it answers (9 read(s))
    8     2405.7   35.1%  get_price: search the favourite and read row 1
    9       88.5    1.3%  read the balance before buying
   10      361.0    5.3%  click the row at (500, 257)
   11      308.0    4.5%  click Buy at (828, 257)
   12      175.3    2.6%  await the Purchase dialog
   13      301.8    4.4%  read the dialog (item, price, qty, qty_max)
   14       91.4    1.3%  find the Buy button
   15      310.7    4.5%  click Buy
   16      250.8    3.7%  park
   17       89.2    1.3%  confirm the dialog is gone
   18       93.1    1.4%  read the balance after buying
          6858.7  100.0%  TOTAL
  17/96 Chaos Core held
  row 1 offers 'Chaos Core' x1 at 697,301 (697,301/unit)
    row 1 leaves 22,603 a core against the 5,000 wanted
    balance before 423,821,036

  buy from favourite slot 3: REFUSED
    #         ms   share  step
    1        0.3    0.0%  get_price: focus the game
    2       95.2    0.7%  get_price: _trade_window_open (OCR 1300x190)
    3      111.9    0.8%  get_price: purchase_tab_showing
    4      166.6    1.2%  get_price: read row 1 before the search
    5      307.9    2.3%  get_price: click favourite slot 3
    6       87.7    0.6%  get_price: confirm the sort
    7     1592.0   11.7%  get_price: poll row 1 until it answers (9 read(s))
    8     2394.3   17.6%  get_price: search the favourite and read row 1
    9       92.7    0.7%  read the balance before buying
   10      356.6    2.6%  click the row at (500, 257)
   11      308.2    2.3%  click Buy at (828, 257)
   12     8069.0   59.4%  await the Purchase dialog
         13582.4  100.0%  TOTAL
  attempt 1/3: no Purchase dialog appeared after clicking Buy on row 1. Nothing was confirmed.
  row 1 offers 'Chaos Core' x1 at 697,301 (697,301/unit)
    row 1 leaves 22,603 a core against the 5,000 wanted
    balance before 423,821,036

  buy from favourite slot 3: REFUSED
    #         ms   share  step
    1        0.5    0.0%  get_price: focus the game
    2      100.4    0.7%  get_price: _trade_window_open (OCR 1300x190)
    3      115.0    0.8%  get_price: purchase_tab_showing
    4      181.6    1.3%  get_price: read row 1 before the search
    5      310.6    2.3%  get_price: click favourite slot 3
    6      101.2    0.7%  get_price: confirm the sort
    7     1612.4   11.8%  get_price: poll row 1 until it answers (9 read(s))
    8     2436.3   17.9%  get_price: search the favourite and read row 1
    9       88.9    0.7%  read the balance before buying
   10      360.5    2.6%  click the row at (500, 257)
   11      308.5    2.3%  click Buy at (828, 257)
   12     8009.0   58.8%  await the Purchase dialog
         13624.9  100.0%  TOTAL
  attempt 2/3: no Purchase dialog appeared after clicking Buy on row 1. Nothing was confirmed.
  row 1 offers 'Chaos Core' x1 at 697,301 (697,301/unit)
    row 1 leaves 22,603 a core against the 5,000 wanted
    balance before 423,821,036

  buy from favourite slot 3: REFUSED
    #         ms   share  step
    1        0.4    0.0%  get_price: focus the game
    2       99.4    0.7%  get_price: _trade_window_open (OCR 1300x190)
    3      119.9    0.9%  get_price: purchase_tab_showing
    4      165.6    1.2%  get_price: read row 1 before the search
    5      309.4    2.3%  get_price: click favourite slot 3
    6       91.2    0.7%  get_price: confirm the sort
    7     1637.3   11.9%  get_price: poll row 1 until it answers (9 read(s))
    8     2449.7   17.9%  get_price: search the favourite and read row 1
    9       92.0    0.7%  read the balance before buying
   10      357.9    2.6%  click the row at (500, 257)
   11      308.3    2.2%  click Buy at (828, 257)
   12     8076.8   58.9%  await the Purchase dialog
         13708.0  100.0%  TOTAL
  attempt 3/3: no Purchase dialog appeared after clicking Buy on row 1. Nothing was confirmed.
  the board kept moving through 3 attempt(s); giving up on Chaos Core this cycle.
  17 Chaos Core is 1 short of a whole batch of 3; topping up whatever the margin says, because a remainder crafts into nothing
  row 1 offers 'Chaos Core' x1 at 696,659 (696,659/unit)
    balance before 423,821,036
    dialog: '¢ Chaos Core'  qty 1 of 1  price 696659
    1 core(s) wanted, 1 to a pack -> 1 pack(s); 1 available, taking 1
    the quantity field already reads 1; not retyping it
    ordering 1 pack(s) at 696,659; the spend will confirm what actually bought
    balance after  423,124,377; spent 696,659 bought 1 pack(s) = 1 core(s) (696,659 a core)

  buy from favourite slot 3: bought 1 core(s) in 1 order(s)
    #         ms   share  step
    1        0.4    0.0%  get_price: focus the game
    2      100.3    2.1%  get_price: _trade_window_open (OCR 1300x190)
    3      112.7    2.4%  get_price: purchase_tab_showing
    4      168.2    3.5%  get_price: read row 1 before the search
    5      315.2    6.6%  get_price: click favourite slot 3
    6       93.8    2.0%  get_price: confirm the sort
    7      605.5   12.7%  get_price: poll row 1 until it answers (3 read(s))
    8     1415.8   29.6%  get_price: search the favourite and read row 1
    9       94.2    2.0%  read the balance before buying
   10      365.6    7.6%  click the row at (500, 257)
   11      308.5    6.4%  click Buy at (828, 257)
   12       90.4    1.9%  await the Purchase dialog
   13      290.8    6.1%  read the dialog (item, price, qty, qty_max)
   14       86.2    1.8%  find the Buy button
   15      307.0    6.4%  click Buy
   16      251.0    5.2%  park
   17       86.4    1.8%  confirm the dialog is gone
   18       93.3    1.9%  read the balance after buying
          4785.3  100.0%  TOTAL
TASK {"kind": "resupply", "core": "Chaos Core", "set": "Chaos Core Set", "slot": 3, "tab": 4, "step": "craft", "holding": "Chaos Core", "qty": 18, "price": 0}
  Inventory shut; pressing I (attempt 1)
  right-clicking the craft key on tab 6 slot (1, 8) at (1867, 236) (attempt 1/3)
  opening the 2000-2999 tier at [90, 209]
  choosing Chaos Core Set x3 at [146, 268]
  18 Chaos Core(s) bought this pass, 3 to a craft
  Request All at [263, 730]
  waiting 5s for 18 core(s) (5s per 50, rounded up)
  Complete All at [872, 729]
  the Sets arrived in [(1, 1)]
  compressing tab 4 slot (1, 1) at (1475, 236)
  18 Chaos Core(s) went into the queue

  craft from 18 Chaos Core(s)
    #         ms   share  step
    1     2396.2   18.0%  open the craft window
    2     2441.7   18.4%  select the recipe
    3      310.2    2.3%  Request All
    4     5000.7   37.6%  wait for the queue
    5      914.0    6.9%  select inventory tab 4 before completing
    6       22.9    0.2%  read the slots before any Set arrives
    7      814.1    6.1%  Complete All
    8     1395.6   10.5%  compress the crafted Sets
         13295.5  100.0%  TOTAL
TASK {"kind": "resupply", "core": "Chaos Core", "set": "Chaos Core Set", "slot": 3, "tab": 4, "step": "list", "holding": "Chaos Core Set", "qty": 18, "price": 0}
  the Agent Shop is shut and the vendor is not open either; reopening it
  Inventory shut: slot grid 0.13, needs 0.33
  listing the Chaos Core Set compressed into (1, 1) from 18 Chaos Core(s)
  the board's cheapest is 719,904 a Set, and the panel scales that to whatever the bundle holds
  it cost 698,114 a Core, so no Set goes out under that
  inventory slot (1,1) at (1475, 236)
    the lowest listed price is 12,958,272, from the row and 2 more
  the panel prices the bundle at 12,958,272, 18 x 719,904; the floor is 12,566,052
    market 12,958,272, typing 12,958,271, 1 under the market
    net sales 12,958,271 is 1 x 12,958,271
  typed 250; the net sales make it 1
  tab 4 read in 21 ms after the listing: 0 slot(s) held

  list 1 at 12,958,271
    #         ms   share  step
    1       22.5    0.4%  read the panel before loading
    2      813.1   14.5%  ctrl-click (1,1) attempt 1
    3      618.7   11.1%  read the suggested price
    4     1586.8   28.4%  type the price 12,958,271
    5      944.2   16.9%  type the quantity 250
    6      314.8    5.6%  take the quantity from the net sales
    7      324.6    5.8%  click Register
    8       97.2    1.7%  find Confirmation
    9       15.7    0.3%  look for the underprice question
   10      308.2    5.5%  click Confirmation
   11      250.9    4.5%  park
   12      256.1    4.6%  confirm the dialog is gone
   13       17.9    0.3%  wait for the panel to let the item go
   14       20.5    0.4%  read tab 4 after the listing
          5591.1  100.0%  TOTAL
  listed 1 at 12,958,271; it lands in row 19
DONE {"kind": "resupply", "core": "Chaos Core", "bought": 18, "listed": 1, "rows": [19]}

  resupply Chaos Core: bought 18, 18 into the craft, listed 1 in rows [19]
    #          ms   share     n      each  phase
    1    33,713.1   35.6%     3  11,237.7  buy order 16
    2    13,318.1   14.1%     1  13,318.1  craft Chaos Core into Chaos Core Set
    3     5,595.6    5.9%     1   5,595.6  list Chaos Core Set from (1, 1)
    4     4,493.8    4.7%     1   4,493.8  buy order 15
    5     4,484.9    4.7%     1   4,484.9  buy order 14
    6     3,760.5    4.0%     1   3,760.5  buy order 2
    7     3,611.7    3.8%     1   3,611.7  reopen the Agent Shop
    8     3,399.5    3.6%     1   3,399.5  buy order 17
    9     2,473.3    2.6%     1   2,473.3  buy order 13
   10     2,408.9    2.5%     1   2,408.9  buy order 3
   11     2,270.4    2.4%     1   2,270.4  select the Register tab
   12     1,283.9    1.4%     1   1,283.9  price Upgrade Core Set (Ultimate)
   13     1,266.6    1.3%     1   1,266.6  close the Agent Shop
   14     1,255.9    1.3%     1   1,255.9  buy order 1
   15     1,239.8    1.3%     1   1,239.8  price Upgrade Core (Ultimate)
   16       903.7    1.0%     1     903.7  select inventory tab 4
   17       784.0    0.8%     1     784.0  close the craft window
   18       742.8    0.8%     2     371.4  step down to the next offer (1)
   19       498.5    0.5%     1     498.5  buy order 7
   20       497.5    0.5%     1     497.5  buy order 8
   21       496.6    0.5%     1     496.6  buy order 6
   22       495.4    0.5%     1     495.4  buy order 10
   23       493.6    0.5%     1     493.6  buy order 5
   24       485.3    0.5%     1     485.3  buy order 11
   25       483.1    0.5%     1     483.1  buy order 9
   26       482.3    0.5%     1     482.3  buy order 12
   27       480.8    0.5%     1     480.8  buy order 4
   28       371.7    0.4%     1     371.7  step down to the next offer (7)
   29       371.5    0.4%     1     371.5  step down to the next offer (3)
   30       371.4    0.4%     1     371.4  step down to the next offer (6)
   31       371.4    0.4%     1     371.4  step down to the next offer (2)
   32       371.3    0.4%     1     371.3  step down to the next offer (5)
   33       371.3    0.4%     1     371.3  step down to the next offer (9)
   34       371.3    0.4%     1     371.3  step down to the next offer (8)
   35       371.2    0.4%     1     371.2  step down to the next offer (4)
   36       371.2    0.4%     1     371.2  step down to the next offer (10)
         94,762.0  100.0%
  Chaos Core: 7 of 8 row(s) after that one
  Alz 423,124,377 held covers 607 Chaos Core at 696,722; buying what it covers

-- Chaos Core: 7 row(s) --
  6 row(s) free inside 1-25

  Ctrl 4 times: stopping the run the way Ctrl+C would.

PROFIT THIS RUN -- what this run bought: sold lots at what they made, unsold lots at the price they were bought against
  item                              profit   units  margin        revenue           cost
  Chaos Core                       -30,477       2   -2.2%      1,384,177      1,414,654
  ------------------------------------------------------------------------------------
  SOLD                             -30,477       2   -2.2%      1,384,177      1,414,654
  bought this run and still unsold, taken as sold at the price each lot was bought against:
    chaoscore                        587 core(s)     410,408,570 Alz paid   +12,182,394
    upgradecoreultimate               65 core(s)      28,628,600 Alz paid      +609,960
  ------------------------------------------------------------------------------------
  RUN CLOSED                    12,761,877   (-30,477 realised, +12,792,354 assumed)
  started 15:24:17, ended 15:46:29, ran for 22m 11s

##################################################################################

  ########  ##########    ######    ########    ########    ##########  ########  
  ########  ##########    ######    ########    ########    ##########  ########  
##              ##      ##      ##  ##      ##  ##      ##  ##          ##      ##
##              ##      ##      ##  ##      ##  ##      ##  ##          ##      ##
##              ##      ##      ##  ##      ##  ##      ##  ##          ##      ##
##              ##      ##      ##  ##      ##  ##      ##  ##          ##      ##
  ######        ##      ##      ##  ########    ########    ########    ##      ##
  ######        ##      ##      ##  ########    ########    ########    ##      ##
        ##      ##      ##      ##  ##          ##          ##          ##      ##
        ##      ##      ##      ##  ##          ##          ##          ##      ##
        ##      ##      ##      ##  ##          ##          ##          ##      ##
        ##      ##      ##      ##  ##          ##          ##          ##      ##
########        ##        ######    ##          ##          ##########  ########  
########        ##        ######    ##          ##          ##########  ########  

##################################################################################
  stopped: interrupted from the keyboard

