2026-09-25_003158  C:\Users\tl456\Desktop\cabal-trader\cabal_trade\src_1080p\driver.py --config cang
  logging to C:\Users\tl456\Desktop\cabal-trader\cabal_trade\src_1080p\logs\2026-09-25_003158_run.log
  code 828e17a
  screen 1920x1080
  ledger C:\Users\tl456\Desktop\cabal-trader\cabal_trade\src_1080p\sales.db run 2026-09-25T00:31:58
  debug frames -> C:\Users\tl456\Desktop\cabal-trader\cabal_trade\src_1080p\debug_frames\2026-09-25_003158_run, indexed in frames.jsonl; earlier runs' frames are kept until the 5,000-frame budget needs the room
  press Ctrl 4 times within 1.5s to stop, from the game or anywhere else
  measuring this screen before touching anything
inventory:
  Inventory shut; pressing I (attempt 1)
  Alz box (1780, 692, 1859, 704)   anchor (1859, 692)
  grid fitted in (1220, 23, 1920, 665): pitch 56.4x56.5 against a shared 73.3x73.4, slot (1,1) at 1471,237, scores 49 and 47
  tab I [1450, 182]  tab VIII [1825, 182]
  slot (1,1) [1471, 237]  (1,7) [1810, 237]  (8,8) [1866, 633]
gift box:
  the gift box at [284, 1001]
  Receive at [[1217, 329], [1217, 428], [1217, 527], [1217, 626]]; the gifts on offer are read again each time the box is collected
  Receive All at [1211, 792]
  the special giftbox's Receive at [1442, 496]
  Close at [1487, 852]
cash shop:
  the Cash Shop icon at [348, 994]
  the Cash balance box [1134, 826, 1230, 848] reads 200
  the gem box [930, 826, 1060, 848] reads 20
  Escape to close the Cash Shop (attempt 1)
  the Inventory closed with the Cash Shop; opening it again
  Inventory shut; pressing I (attempt 1)
opening the Agent Shop:
  tab 6 at [1718, 182]
  right-clicking slot (1,7) at [1810, 237]
agent shop:
  Register (291, 80)
  Purchase [97, 80]  (mirrored about the boundary at x=194)
  favourites: 10 found, pitch 42.33px, first [484, 761] last [865, 761]
  favourite row set on an even 42px grid from 484: [484, 526, 568, 610, 652, 694, 736, 778, 820, 862]
purchase tab:
  switching to the Purchase tab at (97, 80)
  sort reads 'pic y Price:Low to' -> region [627, 135, 757, 167]
  running favourite 1 at (484, 761) to fill the table (attempt 1/10)
  offers arrived after 0.3s
  row content [234, 232, 876, 288] -> 'Force Core(Highest) 74 199,756 Buy'
    name      [234, 232, 557, 288]  -> 'Force Core(Highest)'
    qty       [559, 232, 649, 288]  -> '74'
    price     [659, 232, 788, 288]  -> '199,756'
    function  [788, 232, 880, 288]  -> 'Buy'
  Buy column x=834, 8 row(s), pitch 56px
  row 1 centre y=260, box [192, 232, 922, 288]
register table:
  button column (786, 145, 884, 728)
  Register table: 10 row(s), pitch 59px, row 1 y=176, row 10 y=707
  table_x [192, 880], scroll point [238, 235]
  Refresh at [839, 758]
market prices:
  Force Core(Highest)              199,756
  Force Core Set (Highest)         195,750
  Chaos Core                       727,999
  Chaos Core Set                   717,915
  Divine Stone                     702,500
  Divine Stone Set                 715,406
  Force Core(High)                 195,135
  Force Core Set (High)            175,694
  Upgrade Core (Ultimate)          449,831
  Upgrade Core Set (Ultimate)      442,380
voucher:
  a Gold voucher costs 372,500,000
register panel:
  price field [32, 411, 190, 439] (click [113, 428])
  quantity box [37, 476, 190, 504] (click [59, 490])
  2 suggested price row(s) at y [360, 387]
  net sales box [37, 578, 190, 606]
  Register button at [132, 760]
actions:
  scrolled to the top, so position 1 is row 1
  tab 4 slot (1,1) is the first free one; a withdrawal lands there
  row 1 is 'Force Core(Highest) 202 199,810 On Sale Change'
  Change at (838, 176)
  Cancel at (1103, 640)
  Confirmation at (968, 640)
  row 1 now reads ''
  back to inventory tab 4 at (1610, 182); the withdrawal moves the panel to whichever tab it landed on
  listing it back from tab 4 slot (1, 1) at (1471, 237)
  the loaded item shows at (92, 191) in the Register Item box
  panel suggests 199,756; listing at 199,810, the price row 1 was withdrawn at
  typed 250; the net sales make it 202
  listed 202 at 199,810; it lands in the lowest empty row
  learned button_cancel, button_confirmation, button_register, item_point
actions at position 10:
  scrolled to the top, so position 10 is row 10
  tab 4 slot (1,1) is the first free one; a withdrawal lands there
  row 10 is 'Upgrade Core (Ultimate) 232 449,869 On Sale Change'
  Change at (838, 707)
  Cancel at (1103, 640)
  Confirmation at (968, 640)
  row 10 now reads 'Premium Exclusive Slot Register'
  back to inventory tab 4 at (1610, 182); the withdrawal moves the panel to whichever tab it landed on
  listing it back from tab 4 slot (1, 1) at (1471, 237)
  the loaded item shows at (103, 220) in the Register Item box
  panel suggests 449,831; listing at 449,869, the price row 10 was withdrawn at
  typed 250; the net sales make it 232
  listed 232 at 449,869; it lands in the lowest empty row
  learned button_cancel, button_confirmation, button_register, item_point
conversion vendor:
  pressing N to open the vendor Shop (attempt 1)
  Dungeon tab at (145, 158)
  the grid took 9 look(s) to draw all 4 rows
  grid band (163, 776, 413, 953): 5 column(s) at [188, 237, 285, 331, 379], 4 row(s) at [798, 846, 894, 941]
    Force Core(Low)              <- Force Core Set (Low)           r2c1 at (188, 846)
    Force Core(Medium)           <- Force Core Set (Medium)        r2c2 at (237, 846)
    Force Core(High)             <- Force Core Set (High)          r2c3 at (285, 846)
    Force Core(Highest)          <- Force Core Set (Highest)       r2c4 at (331, 846)
    Force Core (Ultimate)        <- Force Core Set (Ultimate)      r2c5 at (379, 846)
    Upgrade Core(Low)            <- Upgrade Core Set (Low)         r4c1 at (188, 941)
    Upgrade Core(Medium)         <- Upgrade Core Set (Medium)      r4c2 at (237, 941)
    Upgrade Core(High)           <- Upgrade Core Set (High)        r4c3 at (285, 941)
    Upgrade Core(Highest)        <- Upgrade Core Set (Highest)     r4c4 at (331, 941)
    Upgrade Core (Ultimate)      <- Upgrade Core Set (Ultimate)    r4c5 at (379, 941)
craft window:
  Inventory shut; pressing I (attempt 1)
  right-clicking the craft key on tab 6 slot (1, 8) at (1866, 237)
  recipe Chaos Core Set x3 at [146, 240]
  recipe Divine Stone Set x3 at [150, 269]
  tier 2000-2999 at [91, 210]
  Request All at [265, 736]
  Complete All at [879, 735]
  material counter [420, 452, 750, 526]

wrote C:\Users\tl456\Desktop\cabal-trader\cabal_trade\src_1080p\calibration.json  [1920x1080]
  resolutions in the file: ['1920x1080', '2560x1440']
  kept 3 value(s) this pass does not measure in shop: button_receive, buy_button_buy, buy_button_cancel
  kept 20 value(s) this pass does not measure in cashshop: cancel, ok, purchase_arionell, purchase_armoraccountbindsealstone, purchase_armoraccountbindunsealstone, purchase_blessingbeadsuperior, purchase_epicboosterhighest, purchase_forcegempackage, purchase_sienasunbindingstone, purchase_yekaterinavipmembership, scroll_arionell, scroll_armoraccountbindsealstone, scroll_armoraccountbindunsealstone, scroll_blessingbeadsuperior, scroll_epicboosterhighest, scroll_forcegempackage, scroll_sienasunbindingstone, scroll_yekaterinavipmembership, tab_useable, window
reopening the Agent Shop the caller was promised:
  Inventory shut; pressing I (attempt 1)
  the Agent Shop is open again
  calibrated for 1920x1080, measured 2026-09-25T00:33:39, shop open
  server clock 07:33 (+59s for the unshown seconds)
  server 07:33:59; the next war quiet runs 07:29:00 to 07:34:59, in -5.0 min
  scrolled to the top; row 1 is at position 1
                                                   bought/u   listed/u  margin      row price
     1  Force Core(Highest                 x202           -    199,810       -        199,810
     2  Chaos Core                         x1             -    714,444       -        714,444
     3  Chaos Core Set X 186               x1             -    717,932       -    133,535,537
    the quantity column read 'Chest', which holds no digits, so it is the end of the name and not a count; reading the row as 'Honor Medal Chest' and letting the panel count what is there
     4  Honor Medal Chest                  x2             - 219,839,999       -    219,839,999
     5  Upgrade Core (Ultimate             x250           -    449,870       -        449,870
     6  Divine Stone Set X 141             x1             -    715,408       -    100,872,668
     7  Chaos Core Set X 156               x1             -    717,930       -    111,997,235
     8  Divine Stone Set X 144             x1             -    715,407       -    103,018,751
     9  Divine Stone Set X 165             x1             -    715,406       -    118,042,154
    10  Upgrade Core (Ultimate             x232           -    449,869       -        449,869
    11  Force Core(Highest                 x250           -    199,805       -        199,805
    12  Force Core(Highest                 x100           -    199,804       -        199,804
    13  Divine Stone                       x1             -    701,915       -        701,915
    14  Chaos Core Set X9                  x1             -    717,936       -      6,461,432
    15  Chaos Core Set X 249               x1             -    717,929       -    178,764,569
    17  Upgrade Core (Ultimate             x136           -    449,875       -        449,875
    18  Divine Stone Set X 162             x1             -    715,412       -    115,896,905
    19  Force Core(High                    x240           -    195,163       -        195,163
    20  Force Core(High                    x1             -    195,162       -        195,162
    21  Force Core(High                    x146           -    195,161       -        195,161
    26  Siena's Unbinding Stone            x1    74,500,000 950,000,000  +92.2%    950,000,000
    the quantity column read 'Calligo', which holds no digits, so it is the end of the name and not a count; reading the row as 'Seal of Undead - Immortal Etherno Calligo' and letting the panel count what is there
    the quantity column read 'Calligo', which holds no digits, so it is the end of the name and not a count; reading the row as 'Seal of Undead - Immortal Etherno Calligo' and letting the panel count what is there
    the quantity column read 'Calligo', which holds no digits, so it is the end of the name and not a count; reading the row as 'Seal of Undead - Immortal Etherno Calligo' and letting the panel count what is there
    the quantity column read 'Calligo', which holds no digits, so it is the end of the name and not a count; reading the row as 'Seal of Undead - Immortal Etherno Calligo' and letting the panel count what is there
    the quantity column read 'Calligo', which holds no digits, so it is the end of the name and not a count; reading the row as 'Seal of Undead - Immortal Etherno Calligo' and letting the panel count what is there
    the quantity column read 'Calligo', which holds no digits, so it is the end of the name and not a count; reading the row as 'Seal of Undead - Immortal Etherno Calligo' and letting the panel count what is there
    27  UNREAD 'Tempus x sndead - Immortal Etherno Calligo ; Agen GDSEI ecm'
    the quantity column read 't__', which holds no digits, so it is the end of the name and not a count; reading the row as 'Bemonvecnte" TE t__' and letting the panel count what is there
    the quantity column read '=', which holds no digits, so it is the end of the name and not a count; reading the row as 'Demonite Crystal of =' and letting the panel count what is there
    29  Bemonvecnte" TE t__                x1             - 10,000,000       -     10,000,000
    30  Life Capsule(Special) Type A X 100 x6             -     29,999       -      2,999,900
  scrolled to the top; row 1 is at position 1
  seeded 23 of rows 1-30
relisting rows 1-25 for 10000 minute(s)

WAR LAG: a war has just ended (server 07:34:46). Going to the default state and waiting 0.2 min, until server 07:34:59.
restoring the default state:
  Escape: window closed
  Inventory already closed
WAR LAG: done waiting; resuming.

-- pass 1 --
  the Agent Shop is not open before pass 1; every row would read the world behind it. Reopening.
  the Agent Shop is shut and the vendor is not open either; reopening it
  Inventory shut: slot grid 0.11, needs 0.33

  resupply order: Chaos Core, Force Core(High), Force Core(Highest), Upgrade Core (Ultimate), Divine Stone

-- Chaos Core Set under our listing: up to 3 row(s) --
  Chaos Core Set 727,953 - Chaos Core 727,998 = -45
  ours is listed at 717,929 a Set and a Chaos Core sells at 727,998; buying every Set under 712,929, 5,000 a Set below the lower of the two
  the cheapest Chaos Core Set is 727,953 a Set, not under 712,929; nothing to buy under ours

-- Divine Stone Set under our listing: up to 3 row(s) --
  Divine Stone Set 715,406 - Divine Stone 702,500 = 12,906
  ours is listed at 715,406 a Set and a Divine Stone sells at 702,500; buying every Set under 697,500, 5,000 a Set below the lower of the two
  the cheapest Divine Stone Set is 715,406 a Set, not under 697,500; nothing to buy under ours

  counting only rows 1-25; rows outside it are not repriced and do not count; 5 row(s) free
  core                            rows     buy/u    sell/u    margin  wants   short?
  Force Core(Highest)                3         -         -         -      -   holds the most it can want, 3; not priced
  Chaos Core                         4   727,998   727,953       -45      0   
  Divine Stone                       4         -         -         -      -   holds the most it can want, 4; not priced
  Force Core(High)                   3         -         -         -      -   holds the most it can want, 3; not priced
  Upgrade Core (Ultimate)            3         -         -         -      -   holds the most it can want, 3; not priced

  nothing inside rows 1-25 holds fewer rows than its margin is worth.
  tab 4 read from the screen in 1603 ms: 0 slot(s) held
  row 1: 'Force Core(Highest' x202 at 199,810 -> tab 4 slot (1, 1)
    floor 181,900 (181,900 x 1) from Force Core Set (Highest) as last bought; listed at 199,810, above it
TASK {"kind": "relist", "row": 1, "item": "Force Core(Highest", "qty": 202, "price": 199810, "tab": 4, "slot": [1, 1], "lands_in": 1}
  inventory slot (1,1) at (1471, 237)
    read: current min 199,756, price field 199,756, net sales 199,756, week average 213,123, listed at 199,810
    the lowest listed price is 199,756, from the row and 3 more
    market 199,756, typing 199,755, 1 under the market
    net sales 40,350,510 is 202 x 199,755
  typed 250; the net sales make it 202
    the panel holds 199,755 against the 199,755 typed
  tab 4 read in 32 ms after the listing: 0 slot(s) held

  list 202 at 199,755
    #         ms   share  step
    1       28.1    0.5%  read the panel before loading
    2       26.8    0.4%  wait for slot (1,1) to fill
    3      832.9   13.4%  ctrl-click (1,1) attempt 1
    4      740.0   11.9%  read the suggested price
    5     1476.6   23.8%  type the price 199,755
    6      967.3   15.6%  type the quantity 250
    7      450.0    7.2%  take the quantity from the net sales
    8      139.1    2.2%  read the price back before Register
    9      321.1    5.2%  click Register
   10      139.9    2.3%  find Confirmation
   11       27.6    0.4%  look for the underprice question
   12      325.9    5.2%  click Confirmation
   13      251.3    4.0%  park
   14      422.3    6.8%  confirm the dialog is gone
   15       28.4    0.5%  wait for the panel to let the item go
   16       32.2    0.5%  read tab 4 after the listing
          6209.5  100.0%  TOTAL
  listed 202 at 199,755; it lands in row 1
DONE {"kind": "relist", "row": 1, "lands_in": 1, "qty": 202, "price": 199755, "item": "Force Core(Highest"}
    relisted 202 at 199,755 in row 1
  row 2 has SOLD (fully); collecting
    collected; row 2 is empty, nothing to relist
  the Chaos Core special row sold; buying it back now, not on the next pass

-- Chaos Core special row 1 of 1: 1 at 500 to 700 under the market --
  1 stays behind on every row bought; an order 10 step(s) down with nothing spare takes the row it is on whole, and the next order leaves 1 behind again; each order prices the favourite afresh, then wheels down, up to 30 step(s)
TASK {"kind": "resupply", "core": "Chaos Core", "slot": 3, "tab": 4, "landing": [1, 1], "special": true}
  row 1 offers 'Chaos Core' x1 at 727,465 (727,465/unit)

  buy from favourite slot 3: REFUSED
    #         ms   share  step
    1        0.4    0.0%  get_price: focus the game
    2      177.7    3.0%  get_price: _trade_window_open (OCR 1300x190)
    3      176.4    3.0%  get_price: purchase_tab_showing
    4     1430.3   24.0%  get_price: click the Purchase tab + settle
    5      174.2    2.9%  get_price: read row 1 before the search
    6      322.2    5.4%  get_price: click favourite slot 3
    7      132.1    2.2%  get_price: confirm the sort
    8      544.4    9.1%  get_price: poll row 1 until it answers (2 read(s))
    9     2997.2   50.3%  get_price: search the favourite and read row 1
          5954.9  100.0%  TOTAL
  row 1 holds 1 and 1 stays behind, so there is nothing spare to take here.
  wheeled 1 notch(es) down the offers, from row 2 at (500, 316)
  row 1 offers 'Chaos Core' x250 at 727,997 (727,997/unit)
    balance before 155,992,761
    row 1 holds 250, 1 stays behind, so at most 249 comes off it
    dialog: '* Chaos Core'  qty 1 of 214  price 727997
    the dialog allows at most 214 of the row's 250
    1 core(s) wanted, 1 to a pack -> 1 pack(s); 214 available, taking 1
    the quantity field already reads 1; not retyping it
    ordering 1 pack(s) at 727,997; the spend will confirm what actually bought
    balance after  155,264,764; spent 727,997 bought 1 pack(s) = 1 core(s) (727,997 a core)

  buy from favourite slot 3: bought 1 core(s) in 1 order(s)
    #         ms   share  step
    1        1.4    0.0%  get_price: focus the game
    2      149.8    3.7%  get_price: _trade_window_open (OCR 1300x190)
    3      169.7    4.2%  get_price: purchase_tab_showing
    4      314.1    7.8%  get_price: read row 1 where it stands
    5      635.0   15.8%  get_price: search the favourite and read row 1
    6      320.5    8.0%  select inventory tab 4
    7      145.3    3.6%  read the balance before buying
    8      376.0    9.3%  click the row at (500, 260)
    9      325.9    8.1%  click Buy at (834, 260)
   10      137.2    3.4%  await the Purchase dialog
   11      448.5   11.1%  read the dialog (item, price, qty, qty_max)
   12      125.7    3.1%  find the Buy button
   13      322.8    8.0%  click Buy
   14      251.2    6.2%  park
   15      165.3    4.1%  confirm the dialog is gone
   16      138.0    3.4%  read the balance after buying
          4026.5  100.0%  TOTAL
    tab 4 slot (1, 1) is held for 'Chaos Core'; it frees when something is listed from it
  the Chaos Core landed in tab 4 slot (1, 1)
TASK {"kind": "resupply", "core": "Chaos Core", "slot": 3, "tab": 4, "landing": [1, 1], "step": "list", "holding": "Chaos Core", "qty": 1, "special": true}
  inventory slot (1,1) at (1471, 237)
    read: current min 727,465, price field 727,465, net sales 727,465, week average 717,087, listed at unread
    the lowest listed price is 727,465, from the row and 2 more
    market 727,465, typing 726,957, 508 under the market
    net sales 726,957 is 1 x 726,957
  typed 250; the net sales make it 1
    the panel holds 726,957 against the 726,957 typed
  tab 4 read in 31 ms after the listing: 0 slot(s) held

  list 1 at 726,957
    #         ms   share  step
    1       22.5    0.4%  read the panel before loading
    2      825.9   13.5%  ctrl-click (1,1) attempt 1
    3      704.7   11.5%  read the suggested price
    4     1485.4   24.3%  type the price 726,957
    5      960.7   15.7%  type the quantity 250
    6      457.4    7.5%  take the quantity from the net sales
    7      135.6    2.2%  read the price back before Register
    8      324.1    5.3%  click Register
    9      134.5    2.2%  find Confirmation
   10       24.3    0.4%  look for the underprice question
   11      327.1    5.3%  click Confirmation
   12      251.8    4.1%  park
   13      409.0    6.7%  confirm the dialog is gone
   14       27.8    0.5%  wait for the panel to let the item go
   15       31.4    0.5%  read tab 4 after the listing
          6122.4  100.0%  TOTAL
  listed 1 at 726,957; it lands in row 2
  the Chaos Core special row is listed at 726,957 in row 2
DONE {"kind": "resupply", "core": "Chaos Core", "bought": 1, "listed": 1, "rows": [2], "special": true}
  row 3 has SOLD (fully); collecting
    collected; row 3 is empty, nothing to relist
  a 'Chaos Core Set X 186' row sold and is collected; Chaos Core holds 3 row(s), pricing and resupplying it now, not on the next pass
  Chaos Core Set 727,953 - Chaos Core 726,957 = 996
  a margin of 996 is worth 0 row(s) of Chaos Core; 3 held; not buying.
    the quantity column read 'Chest', which holds no digits, so it is the end of the name and not a count; reading the row as 'Honor Medal Chest' and letting the panel count what is there
  tab 4 read from the screen in 1607 ms: 0 slot(s) held
  row 4: 'Honor Medal Chest' x2 at 219,839,999 -> tab 4 slot (1, 1)
    the quantity column read 'Chest', which holds no digits, so it is the end of the name and not a count; reading the row as 'Honor Medal Chest' and letting the panel count what is there
    no floor for 'Honor Medal Chest'
    rows [3] are empty, so it will come back in row 3
TASK {"kind": "relist", "row": 4, "item": "Honor Medal Chest", "qty": 2, "price": 219839999, "tab": 4, "slot": [1, 1], "lands_in": 3}
  inventory slot (1,1) at (1471, 237)
    read: current min 187,500,000, price field 187,500,000, net sales 187,500,000, week average 220,000,000, listed at 219,839,999
    the lowest listed price is 187,500,000, from the row and 3 more
    the market asks 187,499,999, 32,340,000 under our 219,839,999; holding at 219,829,999, the most this row may fall in one relist
    market 187,500,000, typing 219,829,999, 32,329,999 over the market
    net sales 439,659,998 is 2 x 219,829,999
  typed 250; the net sales make it 2
    the panel holds 219,829,999 against the 219,829,999 typed
  tab 4 read in 32 ms after the listing: 0 slot(s) held

  list 2 at 219,829,999
    #         ms   share  step
    1       28.4    0.4%  read the panel before loading
    2       26.9    0.4%  wait for slot (1,1) to fill
    3      825.8   12.9%  ctrl-click (1,1) attempt 1
    4      713.9   11.2%  read the suggested price
    5     1689.2   26.5%  type the price 219,829,999
    6      960.7   15.1%  type the quantity 250
    7      460.5    7.2%  take the quantity from the net sales
    8      141.5    2.2%  read the price back before Register
    9      324.5    5.1%  click Register
   10      142.0    2.2%  find Confirmation
   11       22.8    0.4%  look for the underprice question
   12      326.2    5.1%  click Confirmation
   13      250.9    3.9%  park
   14      408.4    6.4%  confirm the dialog is gone
   15       29.3    0.5%  wait for the panel to let the item go
   16       31.7    0.5%  read tab 4 after the listing
          6382.8  100.0%  TOTAL
  listed 2 at 219,829,999; it lands in row 3
DONE {"kind": "relist", "row": 4, "lands_in": 3, "qty": 2, "price": 219829999, "item": "Honor Medal Chest"}
    relisted 2 at 219,829,999 in row 3
  tab 4 known from the last listing: 0 slot(s) held
  row 5: 'Upgrade Core (Ultimate' x250 at 449,870 -> tab 4 slot (1, 1)
    floor 442,381 (442,381 x 1) from Upgrade Core Set (Ultimate) as last bought; listed at 449,870, above it
    rows [4] are empty, so it will come back in row 4
TASK {"kind": "relist", "row": 5, "item": "Upgrade Core (Ultimate", "qty": 250, "price": 449870, "tab": 4, "slot": [1, 1], "lands_in": 4}
  inventory slot (1,1) at (1471, 237)
    read: current min 449,831, price field 449,831, net sales 449,831, week average 466,479, listed at 449,870
    the lowest listed price is 449,831, from the row and 3 more
    market 449,831, typing 449,830, 1 under the market
    net sales 112,457,500 is 250 x 449,830
  typed 250; the net sales make it 250
    the panel holds 449,830 against the 449,830 typed
  tab 4 read in 32 ms after the listing: 0 slot(s) held

  list 250 at 449,830
    #         ms   share  step
    1       27.9    0.5%  read the panel before loading
    2       26.9    0.4%  wait for slot (1,1) to fill
    3      833.9   13.5%  ctrl-click (1,1) attempt 1
    4      715.5   11.6%  read the suggested price
    5     1480.9   24.0%  type the price 449,830
    6      963.9   15.6%  type the quantity 250
    7      466.3    7.6%  take the quantity from the net sales
    8      133.9    2.2%  read the price back before Register
    9      325.9    5.3%  click Register
   10      136.0    2.2%  find Confirmation
   11       25.1    0.4%  look for the underprice question
   12      328.0    5.3%  click Confirmation
   13      251.4    4.1%  park
   14      392.6    6.4%  confirm the dialog is gone
   15       27.9    0.5%  wait for the panel to let the item go
   16       31.6    0.5%  read tab 4 after the listing
          6167.6  100.0%  TOTAL
  listed 250 at 449,830; it lands in row 4
DONE {"kind": "relist", "row": 5, "lands_in": 4, "qty": 250, "price": 449830, "item": "Upgrade Core (Ultimate"}
    relisted 250 at 449,830 in row 4
  tab 4 known from the last listing: 0 slot(s) held
  row 6: 'Divine Stone Set X 141' x1 at 100,872,668 -> tab 4 slot (1, 1)
    floor 98,700,000 (700,000 x 141) from Divine Stone as last bought; listed at 100,872,668, above it
    rows [5] are empty, so it will come back in row 5
TASK {"kind": "relist", "row": 6, "item": "Divine Stone Set X 141", "qty": 1, "price": 100872668, "tab": 4, "slot": [1, 1], "lands_in": 5}
  inventory slot (1,1) at (1471, 237)
    read: current min 100,872,246, price field 100,872,246, net sales 100,872,246, week average 101,485,596, listed at 100,872,668
    the lowest listed price is 100,872,246, from the row and 3 more
    market 100,872,246, typing 100,872,245, 1 under the market
    net sales 100,872,245 is 1 x 100,872,245
  typed 250; the net sales make it 1
    the panel holds 100,872,245 against the 100,872,245 typed
  tab 4 read in 30 ms after the listing: 0 slot(s) held

  list 1 at 100,872,245
    #         ms   share  step
    1       23.8    0.4%  read the panel before loading
    2       27.3    0.4%  wait for slot (1,1) to fill
    3      826.3   12.7%  ctrl-click (1,1) attempt 1
    4      816.1   12.6%  read the suggested price
    5     1690.2   26.1%  type the price 100,872,245
    6      963.3   14.9%  type the quantity 250
    7      462.0    7.1%  take the quantity from the net sales
    8      139.2    2.1%  read the price back before Register
    9      328.2    5.1%  click Register
   10      136.2    2.1%  find Confirmation
   11       24.8    0.4%  look for the underprice question
   12      326.7    5.0%  click Confirmation
   13      251.8    3.9%  park
   14      408.4    6.3%  confirm the dialog is gone
   15       28.6    0.4%  wait for the panel to let the item go
   16       29.8    0.5%  read tab 4 after the listing
          6482.8  100.0%  TOTAL
  listed 1 at 100,872,245; it lands in row 5
DONE {"kind": "relist", "row": 6, "lands_in": 5, "qty": 1, "price": 100872245, "item": "Divine Stone Set X 141"}
    relisted 1 at 100,872,245 in row 5
  row 7 has SOLD (fully); collecting
    collected; row 7 is empty, nothing to relist
  a 'Chaos Core Set X 156' row sold and is collected; Chaos Core holds 2 row(s), pricing and resupplying it now, not on the next pass
  Chaos Core Set 727,953 - Chaos Core 717,087 = 10,866
  Alz 400,797,536 held covers 558 Chaos Core at 717,087; buying what it covers

-- Chaos Core: 2 row(s) --
  7 row(s) free inside 1-25
  Chaos Core Set 727,953 - Chaos Core 717,087 = 10,866
  a margin of 10,866 is worth 5 row(s) of Chaos Core; 2 held
  buy_min 150 rolled to 153 (+/-15); buying 153 in whole batches of 3
  1 stays behind on every row bought; an order 10 step(s) down with nothing spare takes the row it is on whole, and the next order leaves 1 behind again; each order prices the favourite afresh, then wheels down, up to 30 step(s)
  every order takes all of the row it lands on, up to 999 held, and the orders stop once 153 is held
TASK {"kind": "resupply", "core": "Chaos Core", "set": "Chaos Core Set", "slot": 3, "tab": 4}
  0/153 Chaos Core held
  row 1 offers 'Chaos Core' x182 at 717,087 (717,087/unit)
    row 1 leaves 10,866 a core against the 5,000 wanted
    balance before 400,797,536
    Alz 400,797,536 covers 558 pack(s) at 717,087, not the 999 wanted; asking for 558
    row 1 holds 182, 1 stays behind, so at most 181 comes off it
    dialog: '* Chaos Core'  qty 1 of 182  price 717087
    999 core(s) wanted, 1 to a pack -> 558 pack(s); 182 available, taking 181
    ordering 181 pack(s) at 129,792,747; the spend will confirm what actually bought
    balance after  271,004,789; spent 129,792,747 bought 181 pack(s) = 181 core(s) (717,087 a core)

  buy from favourite slot 3: bought 181 core(s) in 181 order(s)
    #         ms   share  step
    1        0.4    0.0%  get_price: focus the game
    2      154.5    2.0%  get_price: _trade_window_open (OCR 1300x190)
    3      168.5    2.2%  get_price: purchase_tab_showing
    4      257.3    3.3%  get_price: read row 1 before the search
    5      319.4    4.1%  get_price: click favourite slot 3
    6      139.0    1.8%  get_price: confirm the sort
    7      555.7    7.1%  get_price: poll row 1 until it answers (2 read(s))
    8     1625.4   20.9%  get_price: search the favourite and read row 1
    9      325.8    4.2%  select inventory tab 4
   10      142.0    1.8%  read the balance before buying
   11      377.7    4.9%  click the row at (500, 260)
   12      326.8    4.2%  click Buy at (834, 260)
   13      130.1    1.7%  await the Purchase dialog
   14      437.3    5.6%  read the dialog (item, price, qty, qty_max)
   15     1418.7   18.2%  click the quantity field and type 181
   16      130.1    1.7%  find the Buy button
   17      320.3    4.1%  click Buy
   18      251.0    3.2%  park
   19      161.7    2.1%  confirm the dialog is gone
   20      539.1    6.9%  read the balance after buying
          7780.7  100.0%  TOTAL
  181 Chaos Core is 2 short of a whole batch of 3; topping up whatever the margin says, because a remainder crafts into nothing
  row 1 offers 'Chaos Core' x1 at 717,087 (717,087/unit)

  buy from favourite slot 3: REFUSED
    #         ms   share  step
    1        0.3    0.0%  get_price: focus the game
    2      154.6    2.9%  get_price: _trade_window_open (OCR 1300x190)
    3      167.1    3.1%  get_price: purchase_tab_showing
    4      252.5    4.7%  get_price: read row 1 before the search
    5      325.9    6.1%  get_price: click favourite slot 3
    6      129.5    2.4%  get_price: confirm the sort
    7     1640.8   30.5%  get_price: poll row 1 until it answers (6 read(s))
    8     2708.5   50.4%  get_price: search the favourite and read row 1
          5379.2  100.0%  TOTAL
  row 1 holds 1 and 1 stays behind, so there is nothing spare to take here.
  wheeled 1 notch(es) down the offers, from row 2 at (500, 316)
  row 1 offers 'Chaos Core' x1 at 727,465 (727,465/unit)

  buy from favourite slot 3: REFUSED
    #         ms   share  step
    1        0.4    0.0%  get_price: focus the game
    2      152.0   10.4%  get_price: _trade_window_open (OCR 1300x190)
    3      171.4   11.7%  get_price: purchase_tab_showing
    4      406.2   27.8%  get_price: read row 1 where it stands
    5      730.1   50.0%  get_price: search the favourite and read row 1
          1460.1  100.0%  TOTAL
  row 1 holds 1 and 1 stays behind, so there is nothing spare to take here.
  wheeled 1 notch(es) down the offers, from row 2 at (500, 316)
  row 1 offers 'Chaos Core' x97 at 727,997 (727,997/unit)
    balance before 271,004,789
    row 1 holds 97, 1 stays behind, so at most 96 comes off it
    dialog: '* Chaos Core'  qty 1 of 97  price 727997
    2 core(s) wanted, 1 to a pack -> 2 pack(s); 97 available, taking 2
    ordering 2 pack(s) at 1,455,994; the spend will confirm what actually bought
    balance after  269,548,795; spent 1,455,994 bought 2 pack(s) = 2 core(s) (727,997 a core)

  buy from favourite slot 3: bought 2 core(s) in 2 order(s)
    #         ms   share  step
    1        0.5    0.0%  get_price: focus the game
    2      153.1    2.9%  get_price: _trade_window_open (OCR 1300x190)
    3      170.6    3.2%  get_price: purchase_tab_showing
    4      306.3    5.8%  get_price: read row 1 where it stands
    5      630.6   11.9%  get_price: search the favourite and read row 1
    6      319.3    6.0%  select inventory tab 4
    7      146.6    2.8%  read the balance before buying
    8      381.4    7.2%  click the row at (500, 260)
    9      326.7    6.2%  click Buy at (834, 260)
   10      136.8    2.6%  await the Purchase dialog
   11      438.0    8.3%  read the dialog (item, price, qty, qty_max)
   12     1267.4   23.9%  click the quantity field and type 2
   13      132.1    2.5%  find the Buy button
   14      332.6    6.3%  click Buy
   15      251.3    4.7%  park
   16      168.4    3.2%  confirm the dialog is gone
   17      139.7    2.6%  read the balance after buying
          5301.5  100.0%  TOTAL
TASK {"kind": "resupply", "core": "Chaos Core", "set": "Chaos Core Set", "slot": 3, "tab": 4, "step": "craft", "holding": "Chaos Core", "qty": 183, "price": 0}
  Inventory shut; pressing I (attempt 1)
  right-clicking the craft key on tab 6 slot (1, 8) at (1866, 237) (attempt 1/3)
  opening the 2000-2999 tier at [91, 210]
  choosing Chaos Core Set x3 at [146, 240]
  183 Chaos Core(s) bought this pass, 3 to a craft
  Request All at [265, 736]
  waiting 20s for 183 core(s) (5s per 50, rounded up)
  Complete All at [879, 735]
  the Sets arrived in [(1, 1), (1, 2), (1, 3), (1, 4)]
  compressing tab 4 slot (1, 1) at (1471, 237)
  183 Chaos Core(s) went into the queue

  craft from 183 Chaos Core(s)
    #         ms   share  step
    1     2732.6    9.5%  open the craft window
    2     2516.7    8.8%  select the recipe
    3      320.4    1.1%  Request All
    4    20001.2   69.6%  wait for the queue
    5      926.1    3.2%  select inventory tab 4 before completing
    6       32.5    0.1%  read the slots before any Set arrives
    7      826.7    2.9%  Complete All
    8     1399.6    4.9%  compress the crafted Sets
         28755.7  100.0%  TOTAL
TASK {"kind": "resupply", "core": "Chaos Core", "set": "Chaos Core Set", "slot": 3, "tab": 4, "step": "list", "holding": "Chaos Core Set", "qty": 183, "price": 0}
  the Agent Shop is shut and the vendor is not open either; reopening it
  Inventory shut: slot grid 0.11, needs 0.33
  listing the Chaos Core Set compressed into (1, 1) from 183 Chaos Core(s)
  the board's cheapest is 727,953 a Set, and the panel scales that to whatever the bundle holds
  it cost 717,207 a Core, so no Set goes out under that
  inventory slot (1,1) at (1471, 237)
    read: current min 238,040,631, price field 238,040,631, net sales 238,040,631, week average 238,084,776, listed at unread
    the lowest listed price is 238,040,631, from the row and 2 more
    the panel said 238,040,631 where 133,215,399 was expected; look 2 reads 238,040,631
    the panel said 238,040,631 where 133,215,399 was expected; look 3 reads 238,040,631
    the panel prices what loaded from (1,1) at 238,040,631, and 'Chaos Core Set' sells near 133,215,399; this is not 'Chaos Core Set'
    at 727,953 a unit it is 'Chaos Core Set' after all, 327 of them and not the 1 the run put down; listing it at 238,040,630, no lower than the 232,176,867 they cost
    market 238,040,631, typing 238,040,630, 1 under the market
    net sales 238,040,630 is 1 x 238,040,630
  typed 250; the net sales make it 1
    the panel holds 238,040,630 against the 238,040,630 typed
  tab 4 read in 30 ms after the listing: 0 slot(s) held

  list 1 at 238,040,630
    #         ms   share  step
    1       21.3    0.3%  read the panel before loading
    2      826.5   10.2%  ctrl-click (1,1) attempt 1
    3      822.5   10.1%  read the suggested price
    4     1644.8   20.2%  read the price again against what was expected
    5     1691.4   20.8%  type the price 238,040,630
    6      961.9   11.8%  type the quantity 250
    7      461.4    5.7%  take the quantity from the net sales
    8      137.5    1.7%  read the price back before Register
    9      322.9    4.0%  click Register
   10      140.6    1.7%  find Confirmation
   11       26.5    0.3%  look for the underprice question
   12      325.6    4.0%  click Confirmation
   13      251.4    3.1%  park
   14      436.1    5.4%  confirm the dialog is gone
   15       23.9    0.3%  wait for the panel to let the item go
   16       29.7    0.4%  read tab 4 after the listing
          8124.1  100.0%  TOTAL
  listed 1 at 238,040,630; it lands in row 6
    the 717,207 a unit this resupply paid is not near the 1,300,768 the panel verified, so it is not kept as the floor for 'Chaos Core Set'
  tab 4 is empty again
DONE {"kind": "resupply", "core": "Chaos Core", "bought": 183, "listed": 1, "rows": [6]}

  resupply Chaos Core: bought 183, 183 into the craft, listed 1 in rows [6]
    #          ms   share     n      each  phase
    1    28,792.1   42.7%     1  28,792.1  craft Chaos Core into Chaos Core Set
    2     8,134.1   12.1%     1   8,134.1  list Chaos Core Set from (1, 1)
    3     6,203.0    9.2%     1   6,203.0  buy order 1
    4     5,028.8    7.5%     1   5,028.8  reopen the Agent Shop
    5     4,724.1    7.0%     1   4,724.1  buy order 4
    6     3,043.4    4.5%     1   3,043.4  price Chaos Core
    7     2,710.2    4.0%     1   2,710.2  buy order 2
    8     2,355.5    3.5%     1   2,355.5  select the Register tab
    9     1,553.6    2.3%     1   1,553.6  close the Agent Shop
   10     1,512.2    2.2%     1   1,512.2  price Chaos Core Set
   11     1,011.8    1.5%     1   1,011.8  close the craft window
   12       922.3    1.4%     1     922.3  select inventory tab 4
   13       731.5    1.1%     1     731.5  buy order 3
   14       372.2    0.6%     1     372.2  step down to the next offer (2)
   15       371.6    0.6%     1     371.6  step down to the next offer (1)
         67,466.2  100.0%
  Chaos Core: 3 of 5 row(s) after that one
  Alz 269,548,795 held covers 375 Chaos Core at 717,087; buying what it covers

-- Chaos Core: 3 row(s) --
  6 row(s) free inside 1-25
  Chaos Core Set 727,952 - Chaos Core 727,465 = 487
  a margin of 487 is worth 0 row(s) of Chaos Core; 3 held; not buying.
  row 8 has SOLD (fully); collecting
    collected; row 8 is empty, nothing to relist
  a 'Divine Stone Set X 144' row sold and is collected; Divine Stone holds 3 row(s), pricing and resupplying it now, not on the next pass
  Divine Stone Set 715,405 - Divine Stone 702,500 = 12,905
  Alz 372,567,546 held covers 530 Divine Stone at 702,500; buying what it covers

-- Divine Stone: 3 row(s) --
  7 row(s) free inside 1-25
  Divine Stone Set 715,405 - Divine Stone 702,500 = 12,905
  a margin of 12,905 is worth 4 row(s) of Divine Stone; 3 held
  buy_min 150 rolled to 138 (+/-15); buying 138 in whole batches of 3
  1 stays behind on every row bought; an order 10 step(s) down with nothing spare takes the row it is on whole, and the next order leaves 1 behind again; each order prices the favourite afresh, then wheels down, up to 30 step(s)
TASK {"kind": "resupply", "core": "Divine Stone", "set": "Divine Stone Set", "slot": 5, "tab": 4}
  0/138 Divine Stone held
  row 1 offers 'Divine Stone' x16 at 702,500 (702,500/unit)
    row 1 leaves 12,905 a core against the 10,000 wanted
    balance before 372,567,546
    row 1 holds 16, 1 stays behind, so at most 15 comes off it
    dialog: '* Divine Stone'  qty 1 of 16  price 702500
    138 core(s) wanted, 1 to a pack -> 138 pack(s); 16 available, taking 15
    ordering 15 pack(s) at 10,537,500; the spend will confirm what actually bought
    balance after  362,030,046; spent 10,537,500 bought 15 pack(s) = 15 core(s) (702,500 a core)

  buy from favourite slot 5: bought 15 core(s) in 15 order(s)
    #         ms   share  step
    1        0.5    0.0%  get_price: focus the game
    2      150.2    2.1%  get_price: _trade_window_open (OCR 1300x190)
    3      168.4    2.3%  get_price: purchase_tab_showing
    4      264.6    3.6%  get_price: read row 1 before the search
    5      326.3    4.5%  get_price: click favourite slot 5
    6      130.9    1.8%  get_price: confirm the sort
    7      555.8    7.6%  get_price: poll row 1 until it answers (2 read(s))
    8     1633.1   22.4%  get_price: search the favourite and read row 1
    9      321.3    4.4%  select inventory tab 4
   10      137.2    1.9%  read the balance before buying
   11      376.3    5.2%  click the row at (500, 260)
   12      330.3    4.5%  click Buy at (834, 260)
   13      129.1    1.8%  await the Purchase dialog
   14      440.7    6.0%  read the dialog (item, price, qty, qty_max)
   15     1342.0   18.4%  click the quantity field and type 15
   16      129.2    1.8%  find the Buy button
   17      322.4    4.4%  click Buy
   18      251.3    3.4%  park
   19      151.0    2.1%  confirm the dialog is gone
   20      131.3    1.8%  read the balance after buying
          7291.9  100.0%  TOTAL
  15/138 Divine Stone held
  row 1 offers 'Divine Stone' x14 at 702,500 (702,500/unit)
    row 1 leaves 12,905 a core against the 10,000 wanted
    balance before 362,030,046
    row 1 holds 14, 1 stays behind, so at most 13 comes off it
    dialog: '* Divine Stone'  qty 1 of 14  price 702500
    123 core(s) wanted, 1 to a pack -> 123 pack(s); 14 available, taking 13
    ordering 13 pack(s) at 9,132,500; the spend will confirm what actually bought
    balance after  352,897,546; spent 9,132,500 bought 13 pack(s) = 13 core(s) (702,500 a core)

  buy from favourite slot 5: bought 13 core(s) in 13 order(s)
    #         ms   share  step
    1        0.3    0.0%  get_price: focus the game
    2      153.9    2.1%  get_price: _trade_window_open (OCR 1300x190)
    3      169.1    2.3%  get_price: purchase_tab_showing
    4      248.7    3.4%  get_price: read row 1 before the search
    5      324.1    4.4%  get_price: click favourite slot 5
    6      128.1    1.8%  get_price: confirm the sort
    7      536.9    7.4%  get_price: poll row 1 until it answers (2 read(s))
    8     1599.3   21.9%  get_price: search the favourite and read row 1
    9      322.6    4.4%  select inventory tab 4
   10      158.1    2.2%  read the balance before buying
   11      384.1    5.3%  click the row at (500, 260)
   12      327.4    4.5%  click Buy at (834, 260)
   13      129.7    1.8%  await the Purchase dialog
   14      460.5    6.3%  read the dialog (item, price, qty, qty_max)
   15     1345.1   18.4%  click the quantity field and type 13
   16      140.3    1.9%  find the Buy button
   17      326.2    4.5%  click Buy
   18      251.4    3.4%  park
   19      163.6    2.2%  confirm the dialog is gone
   20      133.7    1.8%  read the balance after buying
          7302.9  100.0%  TOTAL
  28/138 Divine Stone held
  row 1 offers 'Divine Stone' x1 at 702,500 (702,500/unit)

  buy from favourite slot 5: REFUSED
    #         ms   share  step
    1        0.3    0.0%  get_price: focus the game
    2      172.1    3.2%  get_price: _trade_window_open (OCR 1300x190)
    3      168.6    3.1%  get_price: purchase_tab_showing
    4      258.7    4.8%  get_price: read row 1 before the search
    5      323.9    6.0%  get_price: click favourite slot 5
    6      127.2    2.3%  get_price: confirm the sort
    7     1639.3   30.2%  get_price: poll row 1 until it answers (6 read(s))
    8     2741.2   50.5%  get_price: search the favourite and read row 1
          5431.3  100.0%  TOTAL
  row 1 holds 1 and 1 stays behind, so there is nothing spare to take here.
  wheeled 1 notch(es) down the offers, from row 2 at (500, 316)
  row 1 offers 'Divine Stone' x1 at 702,500 (702,500/unit)

  buy from favourite slot 5: REFUSED
    #         ms   share  step
    1        0.6    0.0%  get_price: focus the game
    2      151.8   10.2%  get_price: _trade_window_open (OCR 1300x190)
    3      173.9   11.7%  get_price: purchase_tab_showing
    4      414.4   28.0%  get_price: read row 1 where it stands
    5      740.8   50.0%  get_price: search the favourite and read row 1
          1481.5  100.0%  TOTAL
  row 1 holds 1 and 1 stays behind, so there is nothing spare to take here.
  wheeled 1 notch(es) down the offers, from row 2 at (500, 316)
  row 1 offers 'Divine Stone' x48 at 702,500 (702,500/unit)
    row 1 leaves 12,905 a core against the 10,000 wanted
    balance before 352,897,546
    row 1 holds 48, 1 stays behind, so at most 47 comes off it
    dialog: '* Divine Stone'  qty 1 of 48  price 702500
    110 core(s) wanted, 1 to a pack -> 110 pack(s); 48 available, taking 47
    ordering 47 pack(s) at 33,017,500; the spend will confirm what actually bought
    balance after  319,880,046; spent 33,017,500 bought 47 pack(s) = 47 core(s) (702,500 a core)

  buy from favourite slot 5: bought 47 core(s) in 47 order(s)
    #         ms   share  step
    1        0.4    0.0%  get_price: focus the game
    2      176.9    3.3%  get_price: _trade_window_open (OCR 1300x190)
    3      169.8    3.1%  get_price: purchase_tab_showing
    4      307.0    5.7%  get_price: read row 1 where it stands
    5      654.1   12.1%  get_price: search the favourite and read row 1
    6      321.5    6.0%  select inventory tab 4
    7      143.6    2.7%  read the balance before buying
    8      383.2    7.1%  click the row at (500, 260)
    9      326.8    6.1%  click Buy at (834, 260)
   10      131.2    2.4%  await the Purchase dialog
   11      441.5    8.2%  read the dialog (item, price, qty, qty_max)
   12     1342.0   24.9%  click the quantity field and type 47
   13      125.1    2.3%  find the Buy button
   14      321.3    6.0%  click Buy
   15      251.1    4.7%  park
   16      156.6    2.9%  confirm the dialog is gone
   17      145.3    2.7%  read the balance after buying
          5397.4  100.0%  TOTAL
  75/138 Divine Stone held
  row 1 offers 'Divine Stone' x1 at 702,500 (702,500/unit)

  buy from favourite slot 5: REFUSED
    #         ms   share  step
    1        0.3    0.0%  get_price: focus the game
    2      151.3    2.8%  get_price: _trade_window_open (OCR 1300x190)
    3      166.4    3.1%  get_price: purchase_tab_showing
    4      253.7    4.7%  get_price: read row 1 before the search
    5      320.1    6.0%  get_price: click favourite slot 5
    6      126.9    2.4%  get_price: confirm the sort
    7     1633.0   30.5%  get_price: poll row 1 until it answers (6 read(s))
    8     2696.9   50.4%  get_price: search the favourite and read row 1
          5348.6  100.0%  TOTAL
  row 1 holds 1 and 1 stays behind, so there is nothing spare to take here.
  wheeled 1 notch(es) down the offers, from row 2 at (500, 316)
  row 1 offers 'Divine Stone' x1 at 702,500 (702,500/unit)

  buy from favourite slot 5: REFUSED
    #         ms   share  step
    1        0.6    0.0%  get_price: focus the game
    2      153.4   10.4%  get_price: _trade_window_open (OCR 1300x190)
    3      172.0   11.6%  get_price: purchase_tab_showing
    4      412.7   27.9%  get_price: read row 1 where it stands
    5      738.8   50.0%  get_price: search the favourite and read row 1
          1477.6  100.0%  TOTAL
  row 1 holds 1 and 1 stays behind, so there is nothing spare to take here.
  wheeled 1 notch(es) down the offers, from row 2 at (500, 316)
  row 1 offers 'Divine Stone' x42 at 702,500 (702,500/unit)
    row 1 leaves 12,905 a core against the 10,000 wanted
    balance before 319,880,046
    row 1 holds 42, 1 stays behind, so at most 41 comes off it
    dialog: '* Divine Stone'  qty 1 of 42  price 702500
    63 core(s) wanted, 1 to a pack -> 63 pack(s); 42 available, taking 41
    ordering 41 pack(s) at 28,802,500; the spend will confirm what actually bought
    balance after  291,077,546; spent 28,802,500 bought 41 pack(s) = 41 core(s) (702,500 a core)

  buy from favourite slot 5: bought 41 core(s) in 41 order(s)
    #         ms   share  step
    1        0.6    0.0%  get_price: focus the game
    2      177.7    3.3%  get_price: _trade_window_open (OCR 1300x190)
    3      166.5    3.1%  get_price: purchase_tab_showing
    4      305.9    5.7%  get_price: read row 1 where it stands
    5      650.8   12.1%  get_price: search the favourite and read row 1
    6      320.7    5.9%  select inventory tab 4
    7      148.6    2.8%  read the balance before buying
    8      386.2    7.2%  click the row at (500, 260)
    9      325.9    6.0%  click Buy at (834, 260)
   10      128.1    2.4%  await the Purchase dialog
   11      435.9    8.1%  read the dialog (item, price, qty, qty_max)
   12     1349.1   25.0%  click the quantity field and type 41
   13      125.1    2.3%  find the Buy button
   14      322.6    6.0%  click Buy
   15      251.3    4.7%  park
   16      164.1    3.0%  confirm the dialog is gone
   17      136.9    2.5%  read the balance after buying
          5395.8  100.0%  TOTAL
  116/138 Divine Stone held
  row 1 offers 'Divine Stone' x1 at 702,500 (702,500/unit)

  buy from favourite slot 5: REFUSED
    #         ms   share  step
    1        0.3    0.0%  get_price: focus the game
    2      169.7    3.1%  get_price: _trade_window_open (OCR 1300x190)
    3      167.5    3.1%  get_price: purchase_tab_showing
    4      249.7    4.6%  get_price: read row 1 before the search
    5      333.1    6.1%  get_price: click favourite slot 5
    6      132.5    2.4%  get_price: confirm the sort
    7     1643.5   30.3%  get_price: poll row 1 until it answers (6 read(s))
    8     2736.0   50.4%  get_price: search the favourite and read row 1
          5432.3  100.0%  TOTAL
  row 1 holds 1 and 1 stays behind, so there is nothing spare to take here.
  wheeled 1 notch(es) down the offers, from row 2 at (500, 316)
  row 1 offers 'Divine Stone' x1 at 702,500 (702,500/unit)

  buy from favourite slot 5: REFUSED
    #         ms   share  step
    1        1.0    0.1%  get_price: focus the game
    2      172.2   11.4%  get_price: _trade_window_open (OCR 1300x190)
    3      175.5   11.7%  get_price: purchase_tab_showing
    4      403.7   26.8%  get_price: read row 1 where it stands
    5      752.3   50.0%  get_price: search the favourite and read row 1
          1504.6  100.0%  TOTAL
  row 1 holds 1 and 1 stays behind, so there is nothing spare to take here.
  wheeled 1 notch(es) down the offers, from row 2 at (500, 316)
  row 1 offers 'Divine Stone' x1 at 702,500 (702,500/unit)

  buy from favourite slot 5: REFUSED
    #         ms   share  step
    1        0.7    0.0%  get_price: focus the game
    2      173.2   11.6%  get_price: _trade_window_open (OCR 1300x190)
    3      167.5   11.2%  get_price: purchase_tab_showing
    4      407.0   27.2%  get_price: read row 1 where it stands
    5      748.4   50.0%  get_price: search the favourite and read row 1
          1496.7  100.0%  TOTAL
  row 1 holds 1 and 1 stays behind, so there is nothing spare to take here.
  wheeled 1 notch(es) down the offers, from row 2 at (500, 316)
  row 1 offers 'Divine Stone' x250 at 702,500 (702,500/unit)
    row 1 leaves 12,905 a core against the 10,000 wanted
    balance before 291,077,546
    row 1 holds 250, 1 stays behind, so at most 249 comes off it
    dialog: '* Divine Stone'  qty 1 of 191  price 702500
    the dialog allows at most 191 of the row's 250
    22 core(s) wanted, 1 to a pack -> 22 pack(s); 191 available, taking 22
    ordering 22 pack(s) at 15,455,000; the spend will confirm what actually bought
    balance after  275,622,546; spent 15,455,000 bought 22 pack(s) = 22 core(s) (702,500 a core)

  buy from favourite slot 5: bought 22 core(s) in 22 order(s)
    #         ms   share  step
    1        1.0    0.0%  get_price: focus the game
    2      182.6    3.4%  get_price: _trade_window_open (OCR 1300x190)
    3      165.9    3.1%  get_price: purchase_tab_showing
    4      309.4    5.7%  get_price: read row 1 where it stands
    5      658.9   12.1%  get_price: search the favourite and read row 1
    6      320.6    5.9%  select inventory tab 4
    7      139.8    2.6%  read the balance before buying
    8      380.6    7.0%  click the row at (500, 260)
    9      326.5    6.0%  click Buy at (834, 260)
   10      128.2    2.4%  await the Purchase dialog
   11      449.8    8.3%  read the dialog (item, price, qty, qty_max)
   12     1343.7   24.8%  click the quantity field and type 22
   13      138.1    2.5%  find the Buy button
   14      328.5    6.1%  click Buy
   15      251.8    4.6%  park
   16      168.9    3.1%  confirm the dialog is gone
   17      133.7    2.5%  read the balance after buying
          5428.2  100.0%  TOTAL
TASK {"kind": "resupply", "core": "Divine Stone", "set": "Divine Stone Set", "slot": 5, "tab": 4, "step": "craft", "holding": "Divine Stone", "qty": 138, "price": 0}
  Inventory shut; pressing I (attempt 1)
  right-clicking the craft key on tab 6 slot (1, 8) at (1866, 237) (attempt 1/3)
  opening the 2000-2999 tier at [91, 210]
  choosing Divine Stone Set x3 at [150, 269]
  138 Divine Stone(s) bought this pass, 3 to a craft
  Request All at [265, 736]
  waiting 15s for 138 core(s) (5s per 50, rounded up)
  Complete All at [879, 735]
  the Sets arrived in [(1, 1), (1, 2), (1, 3), (1, 4)]
  compressing tab 4 slot (1, 1) at (1471, 237)
  138 Divine Stone(s) went into the queue

  craft from 138 Divine Stone(s)
    #         ms   share  step
    1     2712.0   11.4%  open the craft window
    2     2525.3   10.6%  select the recipe
    3      326.1    1.4%  Request All
    4    15001.5   63.1%  wait for the queue
    5      932.7    3.9%  select inventory tab 4 before completing
    6       31.3    0.1%  read the slots before any Set arrives
    7      828.3    3.5%  Complete All
    8     1401.9    5.9%  compress the crafted Sets
         23759.1  100.0%  TOTAL
TASK {"kind": "resupply", "core": "Divine Stone", "set": "Divine Stone Set", "slot": 5, "tab": 4, "step": "list", "holding": "Divine Stone Set", "qty": 138, "price": 0}
  the Agent Shop is shut and the vendor is not open either; reopening it
  Inventory shut: slot grid 0.11, needs 0.33
  listing the Divine Stone Set compressed into (1, 1) from 138 Divine Stone(s)
  the board's cheapest is 715,405 a Set, and the panel scales that to whatever the bundle holds
  it cost 702,500 a Core, so no Set goes out under that
  inventory slot (1,1) at (1471, 237)
    read: current min 98,725,890, price field 98,725,890, net sales 98,725,890, week average 99,326,328, listed at unread
    the lowest listed price is 98,725,890, from the row and 2 more
  the panel prices the bundle at 98,725,890, 138 x 715,405; the floor is 96,945,000
    market 98,725,890, typing 98,725,889, 1 under the market
    net sales 98,725,889 is 1 x 98,725,889
  typed 250; the net sales make it 1
    the panel holds 98,725,889 against the 98,725,889 typed
  tab 4 read in 31 ms after the listing: 0 slot(s) held

  list 1 at 98,725,889
    #         ms   share  step
    1       28.0    0.4%  read the panel before loading
    2      826.5   13.1%  ctrl-click (1,1) attempt 1
    3      703.1   11.1%  read the suggested price
    4     1619.8   25.7%  type the price 98,725,889
    5      972.6   15.4%  type the quantity 250
    6      460.2    7.3%  take the quantity from the net sales
    7      141.3    2.2%  read the price back before Register
    8      321.7    5.1%  click Register
    9      137.8    2.2%  find Confirmation
   10       21.5    0.3%  look for the underprice question
   11      326.4    5.2%  click Confirmation
   12      250.9    4.0%  park
   13      437.8    6.9%  confirm the dialog is gone
   14       28.3    0.4%  wait for the panel to let the item go
   15       30.5    0.5%  read tab 4 after the listing
          6306.4  100.0%  TOTAL
  listed 1 at 98,725,889; it lands in row 7
    'Divine Stone Set' was bought at 702,500 a unit and listed against a verified 715,405; a row of it with no cost of its own is floored at 702,500 from now on
DONE {"kind": "resupply", "core": "Divine Stone", "bought": 138, "listed": 1, "rows": [7]}

  resupply Divine Stone: bought 138, 138 into the craft, listed 1 in rows [7]
    #          ms   share     n      each  phase
    1    23,793.0   28.0%     1  23,793.0  craft Divine Stone into Divine Stone Set
    2     6,314.5    7.4%     1   6,314.5  list Divine Stone Set from (1, 1)
    3     5,758.1    6.8%     1   5,758.1  buy order 2
    4     5,711.4    6.7%     1   5,711.4  buy order 1
    5     5,001.5    5.9%     1   5,001.5  reopen the Agent Shop
    6     4,783.4    5.6%     1   4,783.4  buy order 12
    7     4,760.4    5.6%     1   4,760.4  buy order 8
    8     4,759.0    5.6%     1   4,759.0  buy order 5
    9     3,064.3    3.6%     1   3,064.3  price Divine Stone
   10     2,744.9    3.2%     1   2,744.9  buy order 3
   11     2,737.7    3.2%     1   2,737.7  buy order 9
   12     2,698.5    3.2%     1   2,698.5  buy order 6
   13     2,352.2    2.8%     1   2,352.2  select the Register tab
   14     1,557.8    1.8%     1   1,557.8  price Divine Stone Set
   15     1,536.0    1.8%     1   1,536.0  close the Agent Shop
   16     1,114.9    1.3%     3     371.6  step down to the next offer (1)
   17     1,114.1    1.3%     3     371.4  step down to the next offer (2)
   18       972.1    1.1%     1     972.1  close the craft window
   19       922.6    1.1%     1     922.6  select inventory tab 4
   20       753.9    0.9%     1     753.9  buy order 10
   21       749.9    0.9%     1     749.9  buy order 11
   22       741.9    0.9%     1     741.9  buy order 4
   23       740.2    0.9%     1     740.2  buy order 7
   24       371.2    0.4%     1     371.2  step down to the next offer (3)
         85,053.5  100.0%
  Divine Stone: 4 of 4 row(s) after that one
  row 9 has SOLD (fully); collecting
    collected; row 9 is empty, nothing to relist
  a 'Divine Stone Set X 165' row sold and is collected; Divine Stone holds 3 row(s), pricing and resupplying it now, not on the next pass
  Divine Stone Set 715,404 - Divine Stone 702,500 = 12,904
  Alz 393,664,700 held covers 560 Divine Stone at 702,500; buying what it covers

-- Divine Stone: 3 row(s) --
  7 row(s) free inside 1-25
  Divine Stone Set 715,404 - Divine Stone 702,500 = 12,904
  a margin of 12,904 is worth 4 row(s) of Divine Stone; 3 held
  buy_min 150 rolled to 155 (+/-15); buying 156 in whole batches of 3
  1 stays behind on every row bought; an order 10 step(s) down with nothing spare takes the row it is on whole, and the next order leaves 1 behind again; each order prices the favourite afresh, then wheels down, up to 30 step(s)
TASK {"kind": "resupply", "core": "Divine Stone", "set": "Divine Stone Set", "slot": 5, "tab": 4}
  0/156 Divine Stone held
  row 1 offers 'Divine Stone' x1 at 702,500 (702,500/unit)

  buy from favourite slot 5: REFUSED
    #         ms   share  step
    1        0.5    0.0%  get_price: focus the game
    2      159.0    4.6%  get_price: _trade_window_open (OCR 1300x190)
    3      166.6    4.8%  get_price: purchase_tab_showing
    4      261.2    7.6%  get_price: read row 1 before the search
    5      328.5    9.5%  get_price: click favourite slot 5
    6      131.1    3.8%  get_price: confirm the sort
    7      655.2   19.0%  get_price: poll row 1 until it answers (2 read(s))
    8     1746.1   50.6%  get_price: search the favourite and read row 1
          3448.2  100.0%  TOTAL
  row 1 holds 1 and 1 stays behind, so there is nothing spare to take here.
  wheeled 1 notch(es) down the offers, from row 2 at (500, 316)
  row 1 offers 'Divine Stone' x200 at 702,500 (702,500/unit)
    row 1 leaves 12,904 a core against the 10,000 wanted
    balance before 393,664,700
    row 1 holds 200, 1 stays behind, so at most 199 comes off it
    dialog: '* Divine Stone'  qty 1 of 200  price 702500
    156 core(s) wanted, 1 to a pack -> 156 pack(s); 200 available, taking 156
    ordering 156 pack(s) at 109,590,000; the spend will confirm what actually bought
    balance after  284,074,700; spent 109,590,000 bought 156 pack(s) = 156 core(s) (702,500 a core)

  buy from favourite slot 5: bought 156 core(s) in 156 order(s)
    #         ms   share  step
    1        0.7    0.0%  get_price: focus the game
    2      160.6    2.7%  get_price: _trade_window_open (OCR 1300x190)
    3      170.0    2.9%  get_price: purchase_tab_showing
    4      304.8    5.2%  get_price: read row 1 where it stands
    5      636.2   10.9%  get_price: search the favourite and read row 1
    6      327.8    5.6%  select inventory tab 4
    7      146.7    2.5%  read the balance before buying
    8      389.2    6.7%  click the row at (500, 260)
    9      324.7    5.6%  click Buy at (834, 260)
   10      131.0    2.2%  await the Purchase dialog
   11      437.2    7.5%  read the dialog (item, price, qty, qty_max)
   12     1427.1   24.4%  click the quantity field and type 156
   13      126.4    2.2%  find the Buy button
   14      322.3    5.5%  click Buy
   15      251.6    4.3%  park
   16      147.8    2.5%  confirm the dialog is gone
   17      538.3    9.2%  read the balance after buying
          5842.4  100.0%  TOTAL
TASK {"kind": "resupply", "core": "Divine Stone", "set": "Divine Stone Set", "slot": 5, "tab": 4, "step": "craft", "holding": "Divine Stone", "qty": 156, "price": 0}
  Inventory shut; pressing I (attempt 1)
  right-clicking the craft key on tab 6 slot (1, 8) at (1866, 237) (attempt 1/3)
  opening the 2000-2999 tier at [91, 210]
  choosing Divine Stone Set x3 at [150, 269]
  156 Divine Stone(s) bought this pass, 3 to a craft
  Request All at [265, 736]
  waiting 20s for 156 core(s) (5s per 50, rounded up)
  Complete All at [879, 735]
  the Sets arrived in [(1, 1), (1, 2), (1, 3), (1, 4)]
  compressing tab 4 slot (1, 1) at (1471, 237)
  156 Divine Stone(s) went into the queue

  craft from 156 Divine Stone(s)
    #         ms   share  step
    1     2707.8    9.4%  open the craft window
    2     2521.3    8.8%  select the recipe
    3      325.2    1.1%  Request All
    4    20001.3   69.6%  wait for the queue
    5      938.2    3.3%  select inventory tab 4 before completing
    6       35.2    0.1%  read the slots before any Set arrives
    7      826.4    2.9%  Complete All
    8     1398.4    4.9%  compress the crafted Sets
         28753.8  100.0%  TOTAL
TASK {"kind": "resupply", "core": "Divine Stone", "set": "Divine Stone Set", "slot": 5, "tab": 4, "step": "list", "holding": "Divine Stone Set", "qty": 156, "price": 0}
  the Agent Shop is shut and the vendor is not open either; reopening it
  Inventory shut: slot grid 0.12, needs 0.33
  listing the Divine Stone Set compressed into (1, 1) from 156 Divine Stone(s)
  the board's cheapest is 715,404 a Set, and the panel scales that to whatever the bundle holds
  it cost 702,500 a Core, so no Set goes out under that
  inventory slot (1,1) at (1471, 237)
    read: current min 111,603,024, price field 111,603,024, net sales 111,603,024, week average 112,281,936, listed at unread
    the lowest listed price is 111,603,024, from the row and 2 more
  the panel prices the bundle at 111,603,024, 156 x 715,404; the floor is 109,590,000
    market 111,603,024, typing 111,603,023, 1 under the market
    net sales 111,603,023 is 1 x 111,603,023
  typed 250; the net sales make it 1
    the panel holds 111,603,023 against the 111,603,023 typed
  tab 4 read in 31 ms after the listing: 0 slot(s) held

  list 1 at 111,603,023
    #         ms   share  step
    1       29.5    0.5%  read the panel before loading
    2      826.5   13.0%  ctrl-click (1,1) attempt 1
    3      710.7   11.1%  read the suggested price
    4     1694.9   26.6%  type the price 111,603,023
    5      964.9   15.1%  type the quantity 250
    6      463.8    7.3%  take the quantity from the net sales
    7      136.2    2.1%  read the price back before Register
    8      330.5    5.2%  click Register
    9      141.5    2.2%  find Confirmation
   10       26.8    0.4%  look for the underprice question
   11      324.7    5.1%  click Confirmation
   12      251.1    3.9%  park
   13      416.5    6.5%  confirm the dialog is gone
   14       27.3    0.4%  wait for the panel to let the item go
   15       31.3    0.5%  read tab 4 after the listing
          6376.3  100.0%  TOTAL
  listed 1 at 111,603,023; it lands in row 8
    'Divine Stone Set' was bought at 702,500 a unit and listed against a verified 715,404; a row of it with no cost of its own is floored at 702,500 from now on
DONE {"kind": "resupply", "core": "Divine Stone", "bought": 156, "listed": 1, "rows": [8]}

  resupply Divine Stone: bought 156, 156 into the craft, listed 1 in rows [8]
    #          ms   share     n      each  phase
    1    28,789.6   49.8%     1  28,789.6  craft Divine Stone into Divine Stone Set
    2     6,384.3   11.0%     1   6,384.3  list Divine Stone Set from (1, 1)
    3     5,221.5    9.0%     1   5,221.5  buy order 2
    4     5,027.4    8.7%     1   5,027.4  reopen the Agent Shop
    5     2,800.1    4.8%     1   2,800.1  price Divine Stone
    6     2,367.4    4.1%     1   2,367.4  select the Register tab
    7     1,748.1    3.0%     1   1,748.1  buy order 1
    8     1,707.5    3.0%     1   1,707.5  price Divine Stone Set
    9     1,494.4    2.6%     1   1,494.4  close the Agent Shop
   10       980.7    1.7%     1     980.7  close the craft window
   11       923.1    1.6%     1     923.1  select inventory tab 4
   12       371.4    0.6%     1     371.4  step down to the next offer (1)
         57,815.5  100.0%
  Divine Stone: 4 of 4 row(s) after that one
  tab 4 known from the last listing: 0 slot(s) held
  row 10: 'Upgrade Core (Ultimate' x232 at 449,869 -> tab 4 slot (1, 1)
    floor 442,381 (442,381 x 1) from Upgrade Core Set (Ultimate) as last bought; listed at 449,869, above it
    rows [9] are empty, so it will come back in row 9
TASK {"kind": "relist", "row": 10, "item": "Upgrade Core (Ultimate", "qty": 232, "price": 449869, "tab": 4, "slot": [1, 1], "lands_in": 9}
  inventory slot (1,1) at (1471, 237)
    read: current min 449,829, price field 449,829, net sales 449,829, week average 466,479, listed at 449,869
    the lowest listed price is 449,829, from the row and 3 more
    market 449,829, typing 449,828, 1 under the market
    net sales 104,360,096 is 232 x 449,828
  typed 250; the net sales make it 232
    the panel holds 449,828 against the 449,828 typed
  tab 4 read in 32 ms after the listing: 0 slot(s) held

  list 232 at 449,828
    #         ms   share  step
    1       28.5    0.5%  read the panel before loading
    2       28.0    0.5%  wait for slot (1,1) to fill
    3      825.7   13.4%  ctrl-click (1,1) attempt 1
    4      704.4   11.4%  read the suggested price
    5     1470.4   23.9%  type the price 449,828
    6      961.9   15.6%  type the quantity 250
    7      460.5    7.5%  take the quantity from the net sales
    8      140.0    2.3%  read the price back before Register
    9      321.5    5.2%  click Register
   10      136.0    2.2%  find Confirmation
   11       23.4    0.4%  look for the underprice question
   12      326.7    5.3%  click Confirmation
   13      251.1    4.1%  park
   14      418.1    6.8%  confirm the dialog is gone
   15       26.6    0.4%  wait for the panel to let the item go
   16       32.4    0.5%  read tab 4 after the listing
          6155.0  100.0%  TOTAL
  listed 232 at 449,828; it lands in row 9
DONE {"kind": "relist", "row": 10, "lands_in": 9, "qty": 232, "price": 449828, "item": "Upgrade Core (Ultimate"}
    relisted 232 at 449,828 in row 9
  tab 4 known from the last listing: 0 slot(s) held
  row 11: 'Force Core(Highest' x250 at 199,805 -> tab 4 slot (1, 1)
    floor 181,900 (181,900 x 1) from Force Core Set (Highest) as last bought; listed at 199,805, above it
    rows [10] are empty, so it will come back in row 10
TASK {"kind": "relist", "row": 11, "item": "Force Core(Highest", "qty": 250, "price": 199805, "tab": 4, "slot": [1, 1], "lands_in": 10}
  inventory slot (1,1) at (1471, 237)
    read: current min 199,753, price field 199,753, net sales 199,753, week average 213,123, listed at 199,805
    the lowest listed price is 199,753, from the row and 3 more
    market 199,753, typing 199,752, 1 under the market
    net sales 49,938,000 is 250 x 199,752
  typed 250; the net sales make it 250
    the panel holds 199,752 against the 199,752 typed
  tab 4 read in 30 ms after the listing: 0 slot(s) held

  list 250 at 199,752
    #         ms   share  step
    1       27.7    0.4%  read the panel before loading
    2       28.5    0.5%  wait for slot (1,1) to fill
    3      832.6   13.5%  ctrl-click (1,1) attempt 1
    4      711.9   11.5%  read the suggested price
    5     1476.2   23.9%  type the price 199,752
    6      966.7   15.6%  type the quantity 250
    7      451.7    7.3%  take the quantity from the net sales
    8      134.2    2.2%  read the price back before Register
    9      324.4    5.2%  click Register
   10      137.4    2.2%  find Confirmation
   11       22.3    0.4%  look for the underprice question
   12      327.0    5.3%  click Confirmation
   13      251.1    4.1%  park
   14      430.0    7.0%  confirm the dialog is gone
   15       29.9    0.5%  wait for the panel to let the item go
   16       30.3    0.5%  read tab 4 after the listing
          6181.9  100.0%  TOTAL
  listed 250 at 199,752; it lands in row 10
DONE {"kind": "relist", "row": 11, "lands_in": 10, "qty": 250, "price": 199752, "item": "Force Core(Highest"}
    relisted 250 at 199,752 in row 10
  tab 4 known from the last listing: 0 slot(s) held
  row 12: 'Force Core(Highest' x100 at 199,804 -> tab 4 slot (1, 1)
    floor 181,900 (181,900 x 1) from Force Core Set (Highest) as last bought; listed at 199,804, above it
    rows [11] are empty, so it will come back in row 11
TASK {"kind": "relist", "row": 12, "item": "Force Core(Highest", "qty": 100, "price": 199804, "tab": 4, "slot": [1, 1], "lands_in": 11}
  inventory slot (1,1) at (1471, 237)
    read: current min 199,752, price field 199,752, net sales 199,752, week average 213,123, listed at 199,804
    the lowest listed price is 199,752, from the row and 3 more
    market 199,752, typing 199,751, 1 under the market
    net sales 19,975,100 is 100 x 199,751
  typed 250; the net sales make it 100
    the panel holds 199,751 against the 199,751 typed
  tab 4 read in 31 ms after the listing: 0 slot(s) held

  list 100 at 199,751
    #         ms   share  step
    1       28.1    0.5%  read the panel before loading
    2       28.3    0.5%  wait for slot (1,1) to fill
    3      826.2   13.4%  ctrl-click (1,1) attempt 1
    4      697.7   11.3%  read the suggested price
    5     1479.9   24.0%  type the price 199,751
    6      963.3   15.6%  type the quantity 250
    7      460.9    7.5%  take the quantity from the net sales
    8      139.7    2.3%  read the price back before Register
    9      325.2    5.3%  click Register
   10      133.5    2.2%  find Confirmation
   11       26.8    0.4%  look for the underprice question
   12      340.9    5.5%  click Confirmation
   13      251.3    4.1%  park
   14      412.6    6.7%  confirm the dialog is gone
   15       22.6    0.4%  wait for the panel to let the item go
   16       31.2    0.5%  read tab 4 after the listing
          6168.0  100.0%  TOTAL
  listed 100 at 199,751; it lands in row 11
DONE {"kind": "relist", "row": 12, "lands_in": 11, "qty": 100, "price": 199751, "item": "Force Core(Highest"}
    relisted 100 at 199,751 in row 11
  row 13 has SOLD (fully); collecting
    collected; row 13 is empty, nothing to relist
  the Divine Stone special row sold; buying it back now, not on the next pass

-- Divine Stone special row 1 of 1: 1 at 5,000 to 5,200 under the market --
  1 stays behind on every row bought; an order 10 step(s) down with nothing spare takes the row it is on whole, and the next order leaves 1 behind again; each order prices the favourite afresh, then wheels down, up to 30 step(s)
TASK {"kind": "resupply", "core": "Divine Stone", "slot": 5, "tab": 4, "landing": [1, 1], "special": true}
  row 1 offers 'Divine Stone' x1 at 702,500 (702,500/unit)

  buy from favourite slot 5: REFUSED
    #         ms   share  step
    1        0.3    0.0%  get_price: focus the game
    2      176.6    3.2%  get_price: _trade_window_open (OCR 1300x190)
    3      148.8    2.7%  get_price: purchase_tab_showing
    4     1421.4   25.5%  get_price: click the Purchase tab + settle
    5       28.6    0.5%  get_price: read row 1 before the search
    6      322.0    5.8%  get_price: click favourite slot 5
    7      144.6    2.6%  get_price: confirm the sort
    8      531.2    9.5%  get_price: poll row 1 until it answers (6 read(s))
    9     2795.3   50.2%  get_price: search the favourite and read row 1
          5568.8  100.0%  TOTAL
  row 1 holds 1 and 1 stays behind, so there is nothing spare to take here.
  wheeled 1 notch(es) down the offers, from row 2 at (500, 316)
  row 1 offers 'Divine Stone' x84 at 702,500 (702,500/unit)
    balance before 284,776,615
    row 1 holds 84, 1 stays behind, so at most 83 comes off it
    dialog: '* Divine Stone'  qty 1 of 84  price 702500
    1 core(s) wanted, 1 to a pack -> 1 pack(s); 84 available, taking 1
    the quantity field already reads 1; not retyping it
    ordering 1 pack(s) at 702,500; the spend will confirm what actually bought
    balance after  284,074,115; spent 702,500 bought 1 pack(s) = 1 core(s) (702,500 a core)

  buy from favourite slot 5: bought 1 core(s) in 1 order(s)
    #         ms   share  step
    1        1.3    0.0%  get_price: focus the game
    2      148.7    3.7%  get_price: _trade_window_open (OCR 1300x190)
    3      172.6    4.3%  get_price: purchase_tab_showing
    4      315.0    7.8%  get_price: read row 1 where it stands
    5      637.7   15.9%  get_price: search the favourite and read row 1
    6      327.4    8.1%  select inventory tab 4
    7      141.4    3.5%  read the balance before buying
    8      377.1    9.4%  click the row at (500, 260)
    9      326.4    8.1%  click Buy at (834, 260)
   10      129.0    3.2%  await the Purchase dialog
   11      441.9   11.0%  read the dialog (item, price, qty, qty_max)
   12      126.2    3.1%  find the Buy button
   13      322.3    8.0%  click Buy
   14      251.3    6.2%  park
   15      170.4    4.2%  confirm the dialog is gone
   16      132.9    3.3%  read the balance after buying
          4021.6  100.0%  TOTAL
    tab 4 slot (1, 1) is held for 'Divine Stone'; it frees when something is listed from it
  the Divine Stone landed in tab 4 slot (1, 1)
TASK {"kind": "resupply", "core": "Divine Stone", "slot": 5, "tab": 4, "landing": [1, 1], "step": "list", "holding": "Divine Stone", "qty": 1, "special": true}
  inventory slot (1,1) at (1471, 237)
    read: current min 702,500, price field 702,500, net sales 702,500, week average 708,921, listed at unread
    the lowest listed price is 702,500, from the row and 2 more
    market 702,500, typing 697,328, 5,172 under the market
    net sales 697,328 is 1 x 697,328
  typed 250; the net sales make it 1
    the panel holds 697,328 against the 697,328 typed
  tab 4 read in 34 ms after the listing: 0 slot(s) held

  list 1 at 697,328
    #         ms   share  step
    1       29.9    0.5%  read the panel before loading
    2      827.0   13.5%  ctrl-click (1,1) attempt 1
    3      697.4   11.4%  read the suggested price
    4     1475.6   24.1%  type the price 697,328
    5      962.2   15.7%  type the quantity 250
    6      455.4    7.4%  take the quantity from the net sales
    7      138.5    2.3%  read the price back before Register
    8      321.7    5.2%  click Register
    9      137.0    2.2%  find Confirmation
   10       23.7    0.4%  look for the underprice question
   11      326.1    5.3%  click Confirmation
   12      251.0    4.1%  park
   13      420.3    6.9%  confirm the dialog is gone
   14       30.5    0.5%  wait for the panel to let the item go
   15       33.7    0.5%  read tab 4 after the listing
          6130.0  100.0%  TOTAL
  listed 1 at 697,328; it lands in row 12
  the Divine Stone special row is listed at 697,328 in row 12
DONE {"kind": "resupply", "core": "Divine Stone", "bought": 1, "listed": 1, "rows": [12], "special": true}
  row 14 has SOLD (fully); collecting
    collected; row 14 is empty, nothing to relist
  a 'Chaos Core Set X9' row sold and is collected; Chaos Core holds 2 row(s), pricing and resupplying it now, not on the next pass
  slot 4: attempt 1/10 timed out after 8s; row 1 reads 'Chaos Core', expected 'Chaos Core Set'
  the server is not answering; idling 60s rather than reading a screen it cannot serve
  the server is answering again after 60s
  the server stalled; closing the shop rather than trusting what is on screen
  whatever the stall left in tab 4 is read from the screen before the next withdrawal
restoring the default state:
  no Trade window or vendor open; not pressing Escape
  I: Inventory closed
  the Agent Shop is shut and the vendor is not open either; reopening it
  Inventory shut: slot grid 0.11, needs 0.33
  the server stalled for 60s; nothing was clicked and the shop is shut. The pass starts again.

-- pass 2 --
  tab 4 read from the screen after the stall: 0 slot(s) held

  resupply order: Chaos Core, Force Core(High), Force Core(Highest), Upgrade Core (Ultimate), Divine Stone

-- Chaos Core Set under our listing: up to 3 row(s) --
  Chaos Core Set 727,952 - Chaos Core 726,340 = 1,612
  ours is listed at 717,929 a Set and a Chaos Core sells at 726,340; buying every Set under 712,929, 5,000 a Set below the lower of the two
  the cheapest Chaos Core Set is 727,952 a Set, not under 712,929; nothing to buy under ours

-- Divine Stone Set under our listing: up to 3 row(s) --
  Divine Stone Set 715,403 - Divine Stone 697,328 = 18,075
  ours is listed at 715,403 a Set and a Divine Stone sells at 697,328; buying every Set under 692,328, 5,000 a Set below the lower of the two
  the cheapest Divine Stone Set is 715,403 a Set, not under 692,328; nothing to buy under ours

  counting only rows 1-25; rows outside it are not repriced and do not count; 7 row(s) free
  core                            rows     buy/u    sell/u    margin  wants   short?
  Force Core(Highest)                3         -         -         -      -   holds the most it can want, 3; not priced
  Chaos Core                         2   726,340   727,952     1,612      0   
  Divine Stone                       4         -         -         -      -   holds the most it can want, 4; not priced
  Force Core(High)                   3         -         -         -      -   holds the most it can want, 3; not priced
  Upgrade Core (Ultimate)            3         -         -         -      -   holds the most it can want, 3; not priced

  nothing inside rows 1-25 holds fewer rows than its margin is worth.
  tab 4 read from the screen in 1598 ms: 0 slot(s) held
  row 1: 'Force Core(Highest' x202 at 199,755 -> tab 4 slot (1, 1)
    floor 181,900 (181,900 x 1) from Force Core Set (Highest) as last bought; listed at 199,755, above it
TASK {"kind": "relist", "row": 1, "item": "Force Core(Highest", "qty": 202, "price": 199755, "tab": 4, "slot": [1, 1], "lands_in": 1}
  inventory slot (1,1) at (1471, 237)
    read: current min 199,751, price field 199,751, net sales 199,751, week average 213,123, listed at 199,755
    the lowest listed price is 199,751, from the row and 3 more
    market 199,751, typing 199,750, 1 under the market
    net sales 40,349,500 is 202 x 199,750
  typed 250; the net sales make it 202
    the panel holds 199,750 against the 199,750 typed
  tab 4 read in 31 ms after the listing: 0 slot(s) held

  list 202 at 199,750
    #         ms   share  step
    1       27.8    0.4%  read the panel before loading
    2       27.9    0.5%  wait for slot (1,1) to fill
    3      826.5   13.4%  ctrl-click (1,1) attempt 1
    4      718.7   11.6%  read the suggested price
    5     1487.5   24.1%  type the price 199,750
    6      964.4   15.6%  type the quantity 250
    7      457.6    7.4%  take the quantity from the net sales
    8      149.0    2.4%  read the price back before Register
    9      323.1    5.2%  click Register
   10      135.8    2.2%  find Confirmation
   11       28.1    0.5%  look for the underprice question
   12      323.5    5.2%  click Confirmation
   13      251.5    4.1%  park
   14      401.6    6.5%  confirm the dialog is gone
   15       27.6    0.4%  wait for the panel to let the item go
   16       31.3    0.5%  read tab 4 after the listing
          6181.8  100.0%  TOTAL
  listed 202 at 199,750; it lands in row 1
DONE {"kind": "relist", "row": 1, "lands_in": 1, "qty": 202, "price": 199750, "item": "Force Core(Highest"}
    relisted 202 at 199,750 in row 1
  row 2 has SOLD (fully); collecting
    collected; row 2 is empty, nothing to relist
  the Chaos Core special row sold; buying it back now, not on the next pass

-- Chaos Core special row 1 of 1: 1 at 500 to 700 under the market --
  1 stays behind on every row bought; an order 10 step(s) down with nothing spare takes the row it is on whole, and the next order leaves 1 behind again; each order prices the favourite afresh, then wheels down, up to 30 step(s)
TASK {"kind": "resupply", "core": "Chaos Core", "slot": 3, "tab": 4, "landing": [1, 1], "special": true}
  row 1 offers 'Chaos Core' x9 at 726,340 (726,340/unit)
    balance before 291,262,504
    row 1 holds 9, 1 stays behind, so at most 8 comes off it
    dialog: '* Chaos Core'  qty 1 of 9  price 726340
    1 core(s) wanted, 1 to a pack -> 1 pack(s); 9 available, taking 1
    the quantity field already reads 1; not retyping it
    ordering 1 pack(s) at 726,340; the spend will confirm what actually bought
    balance after  290,536,164; spent 726,340 bought 1 pack(s) = 1 core(s) (726,340 a core)

  buy from favourite slot 3: bought 1 core(s) in 1 order(s)
    #         ms   share  step
    1        0.4    0.0%  get_price: focus the game
    2      176.7    1.9%  get_price: _trade_window_open (OCR 1300x190)
    3      167.9    1.8%  get_price: purchase_tab_showing
    4     1428.5   15.7%  get_price: click the Purchase tab + settle
    5      264.5    2.9%  get_price: read row 1 before the search
    6      322.6    3.6%  get_price: click favourite slot 3
    7      133.2    1.5%  get_price: confirm the sort
    8      653.6    7.2%  get_price: poll row 1 until it answers (2 read(s))
    9     3182.8   35.0%  get_price: search the favourite and read row 1
   10      323.5    3.6%  select inventory tab 4
   11      141.0    1.6%  read the balance before buying
   12      380.2    4.2%  click the row at (500, 260)
   13      332.7    3.7%  click Buy at (834, 260)
   14      131.5    1.4%  await the Purchase dialog
   15      433.1    4.8%  read the dialog (item, price, qty, qty_max)
   16      126.0    1.4%  find the Buy button
   17      330.1    3.6%  click Buy
   18      251.4    2.8%  park
   19      165.6    1.8%  confirm the dialog is gone
   20      138.3    1.5%  read the balance after buying
          9083.4  100.0%  TOTAL
    tab 4 slot (1, 1) is held for 'Chaos Core'; it frees when something is listed from it
  the Chaos Core landed in tab 4 slot (1, 1)
TASK {"kind": "resupply", "core": "Chaos Core", "slot": 3, "tab": 4, "landing": [1, 1], "step": "list", "holding": "Chaos Core", "qty": 1, "special": true}
  inventory slot (1,1) at (1471, 237)
    read: current min 726,340, price field 726,340, net sales 726,340, week average 717,087, listed at unread
    the lowest listed price is 726,340, from the row and 2 more
    market 726,340, typing 725,724, 616 under the market
    net sales 725,724 is 1 x 725,724
  typed 250; the net sales make it 1
    the panel holds 725,724 against the 725,724 typed
  tab 4 read in 31 ms after the listing: 0 slot(s) held

  list 1 at 725,724
    #         ms   share  step
    1       23.8    0.4%  read the panel before loading
    2      825.5   13.5%  ctrl-click (1,1) attempt 1
    3      697.2   11.4%  read the suggested price
    4     1466.4   24.1%  type the price 725,724
    5      961.1   15.8%  type the quantity 250
    6      449.5    7.4%  take the quantity from the net sales
    7      146.3    2.4%  read the price back before Register
    8      325.4    5.3%  click Register
    9      137.0    2.2%  find Confirmation
   10       24.2    0.4%  look for the underprice question
   11      324.7    5.3%  click Confirmation
   12      251.8    4.1%  park
   13      400.8    6.6%  confirm the dialog is gone
   14       29.3    0.5%  wait for the panel to let the item go
   15       30.6    0.5%  read tab 4 after the listing
          6093.7  100.0%  TOTAL
  listed 1 at 725,724; it lands in row 2
  the Chaos Core special row is listed at 725,724 in row 2
DONE {"kind": "resupply", "core": "Chaos Core", "bought": 1, "listed": 1, "rows": [2], "special": true}
    the quantity column read 'Chest', which holds no digits, so it is the end of the name and not a count; reading the row as 'Honor Medal Chest' and letting the panel count what is there
  tab 4 known from the last listing: 0 slot(s) held
  row 3: 'Honor Medal Chest' x2 at 219,829,999 -> tab 4 slot (1, 1)
    the quantity column read 'Chest', which holds no digits, so it is the end of the name and not a count; reading the row as 'Honor Medal Chest' and letting the panel count what is there
    no floor for 'Honor Medal Chest'
TASK {"kind": "relist", "row": 3, "item": "Honor Medal Chest", "qty": 2, "price": 219829999, "tab": 4, "slot": [1, 1], "lands_in": 3}
  inventory slot (1,1) at (1471, 237)
    read: current min 187,500,000, price field 187,500,000, net sales 187,500,000, week average 220,000,000, listed at 219,829,999
    the lowest listed price is 187,500,000, from the row and 3 more
    the market asks 187,499,999, 32,330,000 under our 219,829,999; holding at 219,819,999, the most this row may fall in one relist
    market 187,500,000, typing 219,819,999, 32,319,999 over the market
    net sales 439,639,998 is 2 x 219,819,999
  typed 250; the net sales make it 2
    the panel holds 219,819,999 against the 219,819,999 typed
  tab 4 read in 31 ms after the listing: 0 slot(s) held

  list 2 at 219,819,999
    #         ms   share  step
    1       30.6    0.5%  read the panel before loading
    2       25.7    0.4%  wait for slot (1,1) to fill
    3      832.6   13.0%  ctrl-click (1,1) attempt 1
    4      711.6   11.1%  read the suggested price
    5     1691.4   26.4%  type the price 219,819,999
    6      969.0   15.2%  type the quantity 250
    7      467.2    7.3%  take the quantity from the net sales
    8      138.0    2.2%  read the price back before Register
    9      323.9    5.1%  click Register
   10      140.0    2.2%  find Confirmation
   11       26.9    0.4%  look for the underprice question
   12      326.0    5.1%  click Confirmation
   13      251.6    3.9%  park
   14      406.3    6.4%  confirm the dialog is gone
   15       22.7    0.4%  wait for the panel to let the item go
   16       31.5    0.5%  read tab 4 after the listing
          6395.1  100.0%  TOTAL
  listed 2 at 219,819,999; it lands in row 3
DONE {"kind": "relist", "row": 3, "lands_in": 3, "qty": 2, "price": 219819999, "item": "Honor Medal Chest"}
    relisted 2 at 219,819,999 in row 3
  tab 4 known from the last listing: 0 slot(s) held
  row 4: 'Upgrade Core (Ultimate' x250 at 449,830 -> tab 4 slot (1, 1)
    floor 442,381 (442,381 x 1) from Upgrade Core Set (Ultimate) as last bought; listed at 449,830, above it
TASK {"kind": "relist", "row": 4, "item": "Upgrade Core (Ultimate", "qty": 250, "price": 449830, "tab": 4, "slot": [1, 1], "lands_in": 4}
  inventory slot (1,1) at (1471, 237)
    read: current min 449,826, price field 449,826, net sales 449,826, week average 466,479, listed at 449,830
    the lowest listed price is 449,826, from the row and 3 more
    market 449,826, typing 449,825, 1 under the market
    net sales 112,456,250 is 250 x 449,825
  typed 250; the net sales make it 250
    the panel holds 449,825 against the 449,825 typed
  tab 4 read in 32 ms after the listing: 0 slot(s) held

  list 250 at 449,825
    #         ms   share  step
    1       27.5    0.4%  read the panel before loading
    2       30.8    0.5%  wait for slot (1,1) to fill
    3      830.6   13.5%  ctrl-click (1,1) attempt 1
    4      696.7   11.3%  read the suggested price
    5     1472.8   23.9%  type the price 449,825
    6      960.1   15.6%  type the quantity 250
    7      458.2    7.4%  take the quantity from the net sales
    8      138.9    2.3%  read the price back before Register
    9      325.2    5.3%  click Register
   10      147.5    2.4%  find Confirmation
   11       27.4    0.4%  look for the underprice question
   12      324.6    5.3%  click Confirmation
   13      251.5    4.1%  park
   14      407.2    6.6%  confirm the dialog is gone
   15       22.6    0.4%  wait for the panel to let the item go
   16       31.8    0.5%  read tab 4 after the listing
          6153.4  100.0%  TOTAL
  listed 250 at 449,825; it lands in row 4
DONE {"kind": "relist", "row": 4, "lands_in": 4, "qty": 250, "price": 449825, "item": "Upgrade Core (Ultimate"}
    relisted 250 at 449,825 in row 4
  tab 4 known from the last listing: 0 slot(s) held
  row 5: 'Divine Stone Set X 141' x1 at 100,872,245 -> tab 4 slot (1, 1)
    floor 99,052,500 (702,500 x 141) from Divine Stone as last bought; listed at 100,872,245, above it
TASK {"kind": "relist", "row": 5, "item": "Divine Stone Set X 141", "qty": 1, "price": 100872245, "tab": 4, "slot": [1, 1], "lands_in": 5}
  inventory slot (1,1) at (1471, 237)
    read: current min 100,871,823, price field 100,871,823, net sales 100,871,823, week average 101,485,596, listed at 100,872,245
    the lowest listed price is 100,871,823, from the row and 3 more
    market 100,871,823, typing 100,871,822, 1 under the market
    net sales 100,871,822 is 1 x 100,871,822
  typed 250; the net sales make it 1
    the panel holds 100,871,822 against the 100,871,822 typed
  tab 4 read in 31 ms after the listing: 0 slot(s) held

  list 1 at 100,871,822
    #         ms   share  step
    1       23.7    0.4%  read the panel before loading
    2       27.9    0.4%  wait for slot (1,1) to fill
    3      826.5   12.9%  ctrl-click (1,1) attempt 1
    4      721.3   11.3%  read the suggested price
    5     1681.8   26.3%  type the price 100,871,822
    6      961.9   15.0%  type the quantity 250
    7      470.2    7.4%  take the quantity from the net sales
    8      138.7    2.2%  read the price back before Register
    9      320.9    5.0%  click Register
   10      135.5    2.1%  find Confirmation
   11       28.1    0.4%  look for the underprice question
   12      321.8    5.0%  click Confirmation
   13      251.6    3.9%  park
   14      425.5    6.7%  confirm the dialog is gone
   15       25.7    0.4%  wait for the panel to let the item go
   16       31.3    0.5%  read tab 4 after the listing
          6392.3  100.0%  TOTAL
  listed 1 at 100,871,822; it lands in row 5
DONE {"kind": "relist", "row": 5, "lands_in": 5, "qty": 1, "price": 100871822, "item": "Divine Stone Set X 141"}
    relisted 1 at 100,871,822 in row 5
  tab 4 known from the last listing: 0 slot(s) held
  row 6: 'Chaos Core Set X 327' x1 at 238,040,630 -> tab 4 slot (1, 1)
    floor 232,176,867 (710,021 x 327) from Chaos Core as last bought; listed at 238,040,630, above it
TASK {"kind": "relist", "row": 6, "item": "Chaos Core Set X 327", "qty": 1, "price": 238040630, "tab": 4, "slot": [1, 1], "lands_in": 6}
  inventory slot (1,1) at (1471, 237)
    read: current min 238,040,304, price field 238,040,304, net sales 238,040,304, week average 238,084,776, listed at 238,040,630
    the lowest listed price is 238,040,304, from the row and 3 more
    market 238,040,304, typing 238,040,303, 1 under the market
    net sales 238,040,303 is 1 x 238,040,303
  typed 250; the net sales make it 1
    the panel holds 238,040,303 against the 238,040,303 typed
  tab 4 read in 30 ms after the listing: 0 slot(s) held

  list 1 at 238,040,303
    #         ms   share  step
    1       24.1    0.4%  read the panel before loading
    2       26.8    0.4%  wait for slot (1,1) to fill
    3      819.9   12.6%  ctrl-click (1,1) attempt 1
    4      815.7   12.5%  read the suggested price
    5     1691.9   26.0%  type the price 238,040,303
    6      959.7   14.8%  type the quantity 250
    7      476.9    7.3%  take the quantity from the net sales
    8      140.6    2.2%  read the price back before Register
    9      326.6    5.0%  click Register
   10      138.1    2.1%  find Confirmation
   11       23.4    0.4%  look for the underprice question
   12      329.3    5.1%  click Confirmation
   13      251.5    3.9%  park
   14      418.9    6.4%  confirm the dialog is gone
   15       29.4    0.5%  wait for the panel to let the item go
   16       29.9    0.5%  read tab 4 after the listing
          6502.7  100.0%  TOTAL
  listed 1 at 238,040,303; it lands in row 6
DONE {"kind": "relist", "row": 6, "lands_in": 6, "qty": 1, "price": 238040303, "item": "Chaos Core Set X 327"}
    relisted 1 at 238,040,303 in row 6
  tab 4 known from the last listing: 0 slot(s) held
  row 7: 'Divine Stone Set X 138' x1 at 98,725,889 -> tab 4 slot (1, 1)
    floor 96,945,000 (702,500 x 138) from what it cost; listed at 98,725,889, above it
TASK {"kind": "relist", "row": 7, "item": "Divine Stone Set X 138", "qty": 1, "price": 98725889, "tab": 4, "slot": [1, 1], "lands_in": 7}
  inventory slot (1,1) at (1471, 237)
    read: current min 98,725,476, price field 98,725,476, net sales 98,725,476, week average 99,326,328, listed at 98,725,889
    the lowest listed price is 98,725,476, from the row and 3 more
    market 98,725,476, typing 98,725,475, 1 under the market
    net sales 98,725,475 is 1 x 98,725,475
  typed 250; the net sales make it 1
    the panel holds 98,725,475 against the 98,725,475 typed
  tab 4 read in 30 ms after the listing: 0 slot(s) held

  list 1 at 98,725,475
    #         ms   share  step
    1       24.9    0.4%  read the panel before loading
    2       26.5    0.4%  wait for slot (1,1) to fill
    3      826.0   13.2%  ctrl-click (1,1) attempt 1
    4      711.3   11.3%  read the suggested price
    5     1604.6   25.6%  type the price 98,725,475
    6      958.5   15.3%  type the quantity 250
    7      462.1    7.4%  take the quantity from the net sales
    8      142.7    2.3%  read the price back before Register
    9      326.4    5.2%  click Register
   10      136.9    2.2%  find Confirmation
   11       22.7    0.4%  look for the underprice question
   12      326.5    5.2%  click Confirmation
   13      251.6    4.0%  park
   14      400.2    6.4%  confirm the dialog is gone
   15       23.7    0.4%  wait for the panel to let the item go
   16       30.2    0.5%  read tab 4 after the listing
          6274.7  100.0%  TOTAL
  listed 1 at 98,725,475; it lands in row 7
DONE {"kind": "relist", "row": 7, "lands_in": 7, "qty": 1, "price": 98725475, "item": "Divine Stone Set X 138"}
    relisted 1 at 98,725,475 in row 7
  tab 4 known from the last listing: 0 slot(s) held
  row 8: 'Divine Stone Set X 156' x1 at 111,603,023 -> tab 4 slot (1, 1)
    floor 109,590,000 (702,500 x 156) from what it cost; listed at 111,603,023, above it
TASK {"kind": "relist", "row": 8, "item": "Divine Stone Set X 156", "qty": 1, "price": 111603023, "tab": 4, "slot": [1, 1], "lands_in": 8}
  inventory slot (1,1) at (1471, 237)
    read: current min 111,602,556, price field 111,602,556, net sales 111,602,556, week average 112,281,936, listed at 111,603,023
    the lowest listed price is 111,602,556, from the row and 3 more
    market 111,602,556, typing 111,602,555, 1 under the market
    net sales 111,602,555 is 1 x 111,602,555
  typed 250; the net sales make it 1
    the panel holds 111,602,555 against the 111,602,555 typed
  tab 4 read in 31 ms after the listing: 0 slot(s) held

  list 1 at 111,602,555
    #         ms   share  step
    1       30.6    0.5%  read the panel before loading
    2       26.3    0.4%  wait for slot (1,1) to fill
    3      832.9   13.1%  ctrl-click (1,1) attempt 1
    4      712.4   11.2%  read the suggested price
    5     1685.2   26.4%  type the price 111,602,555
    6      966.0   15.1%  type the quantity 250
    7      452.4    7.1%  take the quantity from the net sales
    8      145.5    2.3%  read the price back before Register
    9      326.2    5.1%  click Register
   10      137.4    2.2%  find Confirmation
   11       26.2    0.4%  look for the underprice question
   12      322.2    5.1%  click Confirmation
   13      251.6    3.9%  park
   14      405.0    6.4%  confirm the dialog is gone
   15       26.4    0.4%  wait for the panel to let the item go
   16       30.7    0.5%  read tab 4 after the listing
          6376.9  100.0%  TOTAL
  listed 1 at 111,602,555; it lands in row 8
DONE {"kind": "relist", "row": 8, "lands_in": 8, "qty": 1, "price": 111602555, "item": "Divine Stone Set X 156"}
    relisted 1 at 111,602,555 in row 8
  tab 4 known from the last listing: 0 slot(s) held
  row 9: 'Upgrade Core (Ultimate' x232 at 449,828 -> tab 4 slot (1, 1)
    floor 442,381 (442,381 x 1) from Upgrade Core Set (Ultimate) as last bought; listed at 449,828, above it
TASK {"kind": "relist", "row": 9, "item": "Upgrade Core (Ultimate", "qty": 232, "price": 449828, "tab": 4, "slot": [1, 1], "lands_in": 9}
  inventory slot (1,1) at (1471, 237)
    read: current min 449,825, price field 449,825, net sales 449,825, week average 466,479, listed at 449,828
    the lowest listed price is 449,825, from the row and 3 more
    market 449,825, typing 449,824, 1 under the market
    net sales 104,359,168 is 232 x 449,824
  typed 250; the net sales make it 232
    the panel holds 449,824 against the 449,824 typed
  tab 4 read in 32 ms after the listing: 0 slot(s) held

  list 232 at 449,824
    #         ms   share  step
    1       28.1    0.5%  read the panel before loading
    2       27.2    0.4%  wait for slot (1,1) to fill
    3      825.5   13.4%  ctrl-click (1,1) attempt 1
    4      699.0   11.3%  read the suggested price
    5     1481.8   24.0%  type the price 449,824
    6      960.1   15.6%  type the quantity 250
    7      458.8    7.4%  take the quantity from the net sales
    8      138.2    2.2%  read the price back before Register
    9      322.9    5.2%  click Register
   10      144.9    2.3%  find Confirmation
   11       34.5    0.6%  look for the underprice question
   12      326.8    5.3%  click Confirmation
   13      251.0    4.1%  park
   14      412.0    6.7%  confirm the dialog is gone
   15       25.7    0.4%  wait for the panel to let the item go
   16       31.9    0.5%  read tab 4 after the listing
          6168.4  100.0%  TOTAL
  listed 232 at 449,824; it lands in row 9
DONE {"kind": "relist", "row": 9, "lands_in": 9, "qty": 232, "price": 449824, "item": "Upgrade Core (Ultimate"}
    relisted 232 at 449,824 in row 9
  row 10 has SOLD (partly); collecting
    collected; 230 left to relist
  tab 4 known from the last listing: 0 slot(s) held
  row 10: 'Force Core(Highest' x230 at 199,752 -> tab 4 slot (1, 1)
    floor 181,900 (181,900 x 1) from Force Core Set (Highest) as last bought; listed at 199,752, above it
TASK {"kind": "relist", "row": 10, "item": "Force Core(Highest", "qty": 230, "price": 199752, "tab": 4, "slot": [1, 1], "lands_in": 10}
  inventory slot (1,1) at (1471, 237)
    read: current min 199,750, price field 199,750, net sales 199,750, week average 213,123, listed at 199,752
    the lowest listed price is 199,750, from the row and 3 more
    market 199,750, typing 199,749, 1 under the market
    net sales 45,942,270 is 230 x 199,749
  typed 250; the net sales make it 230
    the panel holds 199,749 against the 199,749 typed
  tab 4 read in 31 ms after the listing: 0 slot(s) held

  list 230 at 199,749
    #         ms   share  step
    1       27.6    0.4%  read the panel before loading
    2       29.0    0.5%  wait for slot (1,1) to fill
    3      825.9   13.4%  ctrl-click (1,1) attempt 1
    4      703.5   11.4%  read the suggested price
    5     1473.6   23.9%  type the price 199,749
    6      964.7   15.6%  type the quantity 250
    7      462.4    7.5%  take the quantity from the net sales
    8      137.9    2.2%  read the price back before Register
    9      322.2    5.2%  click Register
   10      136.2    2.2%  find Confirmation
   11       23.8    0.4%  look for the underprice question
   12      333.3    5.4%  click Confirmation
   13      251.4    4.1%  park
   14      419.4    6.8%  confirm the dialog is gone
   15       27.0    0.4%  wait for the panel to let the item go
   16       31.0    0.5%  read tab 4 after the listing
          6169.1  100.0%  TOTAL
  listed 230 at 199,749; it lands in row 10
DONE {"kind": "relist", "row": 10, "lands_in": 10, "qty": 230, "price": 199749, "item": "Force Core(Highest"}
    relisted 230 at 199,749 in row 10
  tab 4 known from the last listing: 0 slot(s) held
  row 11: 'Force Core(Highest' x100 at 199,751 -> tab 4 slot (1, 1)
    floor 181,900 (181,900 x 1) from Force Core Set (Highest) as last bought; listed at 199,751, above it
TASK {"kind": "relist", "row": 11, "item": "Force Core(Highest", "qty": 100, "price": 199751, "tab": 4, "slot": [1, 1], "lands_in": 11}
  inventory slot (1,1) at (1471, 237)
    read: current min 199,749, price field 199,749, net sales 199,749, week average 213,123, listed at 199,751
    the lowest listed price is 199,749, from the row and 3 more
    market 199,749, typing 199,748, 1 under the market
    net sales 19,974,800 is 100 x 199,748
  typed 250; the net sales make it 100
    the panel holds 199,748 against the 199,748 typed
  tab 4 read in 31 ms after the listing: 0 slot(s) held

  list 100 at 199,748
    #         ms   share  step
    1       27.9    0.5%  read the panel before loading
    2       28.4    0.5%  wait for slot (1,1) to fill
    3      832.5   13.5%  ctrl-click (1,1) attempt 1
    4      699.3   11.4%  read the suggested price
    5     1474.3   24.0%  type the price 199,748
    6      961.1   15.6%  type the quantity 250
    7      454.2    7.4%  take the quantity from the net sales
    8      141.7    2.3%  read the price back before Register
    9      327.5    5.3%  click Register
   10      141.5    2.3%  find Confirmation
   11       26.4    0.4%  look for the underprice question
   12      326.6    5.3%  click Confirmation
   13      251.5    4.1%  park
   14      404.8    6.6%  confirm the dialog is gone
   15       24.4    0.4%  wait for the panel to let the item go
   16       31.4    0.5%  read tab 4 after the listing
          6153.6  100.0%  TOTAL
  listed 100 at 199,748; it lands in row 11
DONE {"kind": "relist", "row": 11, "lands_in": 11, "qty": 100, "price": 199748, "item": "Force Core(Highest"}
    relisted 100 at 199,748 in row 11
  tab 4 known from the last listing: 0 slot(s) held
  row 12: 'Divine Stone' x1 at 697,328 -> tab 4 slot (1, 1)
    floor 702,500 (702,500 x 1) from what it cost; listed at 697,328, UNDER the floor
TASK {"kind": "relist", "row": 12, "item": "Divine Stone", "qty": 1, "price": 697328, "tab": 4, "slot": [1, 1], "lands_in": 12}
    row 12 is the Divine Stone special row; listing at 5,151 under the market, no floor
  inventory slot (1,1) at (1471, 237)
    read: current min 697,328, price field 697,328, net sales 697,328, week average 708,921, listed at unread
    the lowest listed price is 697,328, from the row and 2 more
    market 697,328, typing 692,177, 5,151 under the market
    net sales 692,177 is 1 x 692,177
  typed 250; the net sales make it 1
    the panel holds 692,177 against the 692,177 typed
  tab 4 read in 34 ms after the listing: 0 slot(s) held

  list 1 at 692,177
    #         ms   share  step
    1       28.4    0.5%  read the panel before loading
    2       26.3    0.4%  wait for slot (1,1) to fill
    3      825.8   13.5%  ctrl-click (1,1) attempt 1
    4      698.8   11.4%  read the suggested price
    5     1472.0   24.0%  type the price 692,177
    6      960.5   15.7%  type the quantity 250
    7      449.3    7.3%  take the quantity from the net sales
    8      135.3    2.2%  read the price back before Register
    9      324.0    5.3%  click Register
   10      136.7    2.2%  find Confirmation
   11       23.5    0.4%  look for the underprice question
   12      325.4    5.3%  click Confirmation
   13      250.9    4.1%  park
   14      405.6    6.6%  confirm the dialog is gone
   15       26.1    0.4%  wait for the panel to let the item go
   16       33.9    0.6%  read tab 4 after the listing
          6122.6  100.0%  TOTAL
  listed 1 at 692,177; it lands in row 12
DONE {"kind": "relist", "row": 12, "lands_in": 12, "qty": 1, "price": 692177, "item": "Divine Stone"}
    relisted 1 at 692,177 in row 12
  row 13 is empty; nothing to relist
  row 14 is empty; nothing to relist
  row 15 has SOLD (fully); collecting
    collected; row 15 is empty, nothing to relist
  a 'Chaos Core Set X 249' row sold and is collected; Chaos Core holds 1 row(s), pricing and resupplying it now, not on the next pass
  Chaos Core Set 727,952 - Chaos Core 726,000 = 1,952
  a margin of 1,952 is worth 0 row(s) of Chaos Core; 1 held; not buying.
  row 16 is empty; nothing to relist
  tab 4 read from the screen in 1597 ms: 0 slot(s) held
  row 17: 'Upgrade Core (Ultimate' x136 at 449,875 -> tab 4 slot (1, 1)
    floor 442,381 (442,381 x 1) from Upgrade Core Set (Ultimate) as last bought; listed at 449,875, above it
    rows [13, 14, 15, 16] are empty, so it will come back in row 13
TASK {"kind": "relist", "row": 17, "item": "Upgrade Core (Ultimate", "qty": 136, "price": 449875, "tab": 4, "slot": [1, 1], "lands_in": 13}
  inventory slot (1,1) at (1471, 237)
    read: current min 449,824, price field 449,824, net sales 449,824, week average 466,479, listed at 449,875
    the lowest listed price is 449,824, from the row and 3 more
    market 449,824, typing 449,823, 1 under the market
    net sales 61,175,928 is 136 x 449,823
  typed 250; the net sales make it 136
    the panel holds 449,823 against the 449,823 typed
  tab 4 read in 31 ms after the listing: 0 slot(s) held

  list 136 at 449,823
    #         ms   share  step
    1       28.0    0.5%  read the panel before loading
    2       29.7    0.5%  wait for slot (1,1) to fill
    3      824.5   13.3%  ctrl-click (1,1) attempt 1
    4      718.6   11.6%  read the suggested price
    5     1469.8   23.7%  type the price 449,823
    6      960.5   15.5%  type the quantity 250
    7      465.4    7.5%  take the quantity from the net sales
    8      141.2    2.3%  read the price back before Register
    9      332.6    5.4%  click Register
   10      148.6    2.4%  find Confirmation
   11       22.8    0.4%  look for the underprice question
   12      326.6    5.3%  click Confirmation
   13      251.4    4.1%  park
   14      418.0    6.7%  confirm the dialog is gone
   15       26.0    0.4%  wait for the panel to let the item go
   16       31.2    0.5%  read tab 4 after the listing
          6194.9  100.0%  TOTAL
  listed 136 at 449,823; it lands in row 13
DONE {"kind": "relist", "row": 17, "lands_in": 13, "qty": 136, "price": 449823, "item": "Upgrade Core (Ultimate"}
    relisted 136 at 449,823 in row 13
  tab 4 known from the last listing: 0 slot(s) held
  row 18: 'Divine Stone Set X 162' x1 at 115,896,905 -> tab 4 slot (1, 1)
    floor 113,805,000 (702,500 x 162) from Divine Stone as last bought; listed at 115,896,905, above it
    rows [14, 15, 16, 17] are empty, so it will come back in row 14
TASK {"kind": "relist", "row": 18, "item": "Divine Stone Set X 162", "qty": 1, "price": 115896905, "tab": 4, "slot": [1, 1], "lands_in": 14}
  inventory slot (1,1) at (1471, 237)
    read: current min 115,894,800, price field 115,894,800, net sales 115,894,800, week average 116,600,472, listed at 115,896,905
    the lowest listed price is 115,894,800, from the row and 3 more
    market 115,894,800, typing 115,894,799, 1 under the market
    net sales 115,894,799 is 1 x 115,894,799
  typed 250; the net sales make it 1
    the panel holds 115,894,799 against the 115,894,799 typed
  tab 4 read in 33 ms after the listing: 0 slot(s) held

  list 1 at 115,894,799
    #         ms   share  step
    1       24.4    0.4%  read the panel before loading
    2       28.5    0.4%  wait for slot (1,1) to fill
    3      832.5   13.1%  ctrl-click (1,1) attempt 1
    4      718.4   11.3%  read the suggested price
    5     1687.2   26.6%  type the price 115,894,799
    6      957.7   15.1%  type the quantity 250
    7      459.0    7.2%  take the quantity from the net sales
    8      135.8    2.1%  read the price back before Register
    9      322.1    5.1%  click Register
   10      136.3    2.1%  find Confirmation
   11       24.6    0.4%  look for the underprice question
   12      326.1    5.1%  click Confirmation
   13      251.0    4.0%  park
   14      393.1    6.2%  confirm the dialog is gone
   15       22.9    0.4%  wait for the panel to let the item go
   16       33.2    0.5%  read tab 4 after the listing
          6352.8  100.0%  TOTAL
  listed 1 at 115,894,799; it lands in row 14
DONE {"kind": "relist", "row": 18, "lands_in": 14, "qty": 1, "price": 115894799, "item": "Divine Stone Set X 162"}
    relisted 1 at 115,894,799 in row 14
  tab 4 known from the last listing: 0 slot(s) held
  row 19: 'Force Core(High' x240 at 195,163 -> tab 4 slot (1, 1)
    floor 176,470 (176,470 x 1) from Force Core Set (High) as last bought; listed at 195,163, above it
    rows [15, 16, 17, 18] are empty, so it will come back in row 15
TASK {"kind": "relist", "row": 19, "item": "Force Core(High", "qty": 240, "price": 195163, "tab": 4, "slot": [1, 1], "lands_in": 15}
  inventory slot (1,1) at (1471, 237)
    read: current min 195,129, price field 195,129, net sales 195,129, week average 199,396, listed at 195,163
    the lowest listed price is 195,129, from the row and 3 more
    market 195,129, typing 195,128, 1 under the market
    net sales 46,830,720 is 240 x 195,128
  typed 250; the net sales make it 240
    the panel holds 195,128 against the 195,128 typed
  tab 4 read in 32 ms after the listing: 0 slot(s) held

  list 240 at 195,128
    #         ms   share  step
    1       27.9    0.5%  read the panel before loading
    2       27.7    0.5%  wait for slot (1,1) to fill
    3      826.6   13.5%  ctrl-click (1,1) attempt 1
    4      696.3   11.3%  read the suggested price
    5     1468.5   23.9%  type the price 195,128
    6      969.9   15.8%  type the quantity 250
    7      465.5    7.6%  take the quantity from the net sales
    8      143.2    2.3%  read the price back before Register
    9      329.4    5.4%  click Register
   10      137.2    2.2%  find Confirmation
   11       23.4    0.4%  look for the underprice question
   12      325.8    5.3%  click Confirmation
   13      250.9    4.1%  park
   14      392.0    6.4%  confirm the dialog is gone
   15       24.2    0.4%  wait for the panel to let the item go
   16       31.8    0.5%  read tab 4 after the listing
          6140.2  100.0%  TOTAL
  listed 240 at 195,128; it lands in row 15
DONE {"kind": "relist", "row": 19, "lands_in": 15, "qty": 240, "price": 195128, "item": "Force Core(High"}
    relisted 240 at 195,128 in row 15
  tab 4 known from the last listing: 0 slot(s) held
  row 20: 'Force Core(High' x1 at 195,162 -> tab 4 slot (1, 1)
    floor 176,470 (176,470 x 1) from Force Core Set (High) as last bought; listed at 195,162, above it
    rows [16, 17, 18, 19] are empty, so it will come back in row 16
TASK {"kind": "relist", "row": 20, "item": "Force Core(High", "qty": 1, "price": 195162, "tab": 4, "slot": [1, 1], "lands_in": 16}
  inventory slot (1,1) at (1471, 237)
    read: current min 195,128, price field 195,128, net sales 195,128, week average 199,396, listed at 195,162
    the lowest listed price is 195,128, from the row and 3 more
    market 195,128, typing 195,127, 1 under the market
    net sales 195,127 is 1 x 195,127
  typed 250; the net sales make it 1
    the panel holds 195,127 against the 195,127 typed
  tab 4 read in 52 ms after the listing: 0 slot(s) held

  list 1 at 195,127
    #         ms   share  step
    1       26.8    0.4%  read the panel before loading
    2       27.6    0.4%  wait for slot (1,1) to fill
    3      839.4   13.5%  ctrl-click (1,1) attempt 1
    4      712.1   11.5%  read the suggested price
    5     1476.0   23.8%  type the price 195,127
    6      964.2   15.5%  type the quantity 250
    7      451.4    7.3%  take the quantity from the net sales
    8      137.6    2.2%  read the price back before Register
    9      325.8    5.3%  click Register
   10      134.6    2.2%  find Confirmation
   11       25.5    0.4%  look for the underprice question
   12      324.6    5.2%  click Confirmation
   13      251.6    4.1%  park
   14      423.6    6.8%  confirm the dialog is gone
   15       28.6    0.5%  wait for the panel to let the item go
   16       51.7    0.8%  read tab 4 after the listing
          6201.2  100.0%  TOTAL
  listed 1 at 195,127; it lands in row 16
DONE {"kind": "relist", "row": 20, "lands_in": 16, "qty": 1, "price": 195127, "item": "Force Core(High"}
    relisted 1 at 195,127 in row 16
  row 21 has SOLD (partly); collecting
    collected; 146 left to relist
  tab 4 known from the last listing: 0 slot(s) held
  row 21: 'Force Core(High' x146 at 195,161 -> tab 4 slot (1, 1)
    floor 176,470 (176,470 x 1) from Force Core Set (High) as last bought; listed at 195,161, above it
    rows [17, 18, 19, 20] are empty, so it will come back in row 17
TASK {"kind": "relist", "row": 21, "item": "Force Core(High", "qty": 146, "price": 195161, "tab": 4, "slot": [1, 1], "lands_in": 17}
  inventory slot (1,1) at (1471, 237)
    read: current min 195,127, price field 195,127, net sales 195,127, week average 199,396, listed at 195,161
    the lowest listed price is 195,127, from the row and 3 more
    market 195,127, typing 195,126, 1 under the market
    net sales 28,488,396 is 146 x 195,126
  typed 250; the net sales make it 146
    the panel holds 195,126 against the 195,126 typed
  tab 4 read in 31 ms after the listing: 0 slot(s) held

  list 146 at 195,126
    #         ms   share  step
    1       26.5    0.4%  read the panel before loading
    2       21.1    0.3%  wait for slot (1,1) to fill
    3      842.6   13.7%  ctrl-click (1,1) attempt 1
    4      695.9   11.3%  read the suggested price
    5     1474.4   24.0%  type the price 195,126
    6      963.8   15.7%  type the quantity 250
    7      461.4    7.5%  take the quantity from the net sales
    8      137.0    2.2%  read the price back before Register
    9      324.3    5.3%  click Register
   10      137.0    2.2%  find Confirmation
   11       23.6    0.4%  look for the underprice question
   12      326.1    5.3%  click Confirmation
   13      251.2    4.1%  park
   14      402.1    6.5%  confirm the dialog is gone
   15       28.1    0.5%  wait for the panel to let the item go
   16       31.4    0.5%  read tab 4 after the listing
          6146.6  100.0%  TOTAL
  listed 146 at 195,126; it lands in row 17
DONE {"kind": "relist", "row": 21, "lands_in": 17, "qty": 146, "price": 195126, "item": "Force Core(High"}
    relisted 146 at 195,126 in row 17
  row 22 is empty; nothing to relist
  row 23 is empty; nothing to relist
  row 24 is empty; nothing to relist
  row 25 is empty; nothing to relist

  relisting rows 1-25: 16 relisted, 9 empty, 0 skipped
    #          ms   share     n      each  phase
    1    31,073.8   38.1%     5   6,214.8  list it back
    2    20,931.6   25.7%     5   4,186.3  cancel the row and take it back
    3    11,208.0   13.8%    10   1,120.8  scroll to the row and read it
    4     5,367.7    6.6%     5   1,073.5  select inventory tab 4
    5     3,780.1    4.6%    10     378.0  Refresh the table
    6     3,055.3    3.7%     1   3,055.3  price Chaos Core
    7     2,612.7    3.2%     1   2,612.7  collect what sold
    8     1,597.3    2.0%     1   1,597.3  read tab 4 before the withdrawal
    9     1,422.9    1.7%     1   1,422.9  price Chaos Core Set
   10       301.2    0.4%     1     301.2  read the row again after collecting
   11       137.6    0.2%     5      27.5  check the shop slot is empty
         81,488.3  100.0%

  returning the game to its default state
restoring the default state:
  Escape: window closed
  Inventory already closed
  the gift box at [284, 1001]
  Receive All at [1211, 792]
  Receive 1 of 4 at [1217, 329]
  Receive 2 of 4 at [1217, 428]
  Receive 3 of 4 at [1217, 527]
  Receive 4 of 4 at [1217, 626]
  the special giftbox's Receive at [1442, 496]
  Close at [1487, 852]
  took 4 gift(s)
  the Agent Shop is shut and the vendor is not open either; reopening it
  Inventory shut: slot grid 0.11, needs 0.33

  board after pass 2:
                                                   bought/u   listed/u  margin      row price
     1  Force Core(Highest                 x202           -    199,750       -        199,750
     2  Chaos Core                         x1       726,340    725,724   -0.1%        725,724
     3  Honor Medal Chest                  x2             - 219,819,999       -    219,819,999
     4  Upgrade Core (Ultimate             x250           -    449,825       -        449,825
     5  Divine Stone Set X 141             x1             -    715,402       -    100,871,822
     6  Chaos Core Set X 327               x1             -    727,951       -    238,040,303
     7  Divine Stone Set X 138             x1       702,500    715,401   +1.8%     98,725,475
     8  Divine Stone Set X 156             x1       702,500    715,400   +1.8%    111,602,555
     9  Upgrade Core (Ultimate             x232           -    449,824       -        449,824
    10  Force Core(Highest                 x230           -    199,749       -        199,749
    11  Force Core(Highest                 x100           -    199,748       -        199,748
    12  Divine Stone                       x1       702,500    692,177   -1.5%        692,177
    13  Upgrade Core (Ultimate             x136           -    449,823       -        449,823
    14  Divine Stone Set X 162             x1             -    715,399       -    115,894,799
    15  Force Core(High                    x240           -    195,128       -        195,128
    16  Force Core(High                    x1             -    195,127       -        195,127
    17  Force Core(High                    x146           -    195,126       -        195,126
    26  Siena's Unbinding Stone            x1    74,500,000 950,000,000  +92.2%    950,000,000
    29  Bemonvecnte" TE t__                x1             - 10,000,000       -     10,000,000
    30  Life Capsule(Special) Type A X 100 x6             -     29,999       -      2,999,900
    item                               rows   units          listed
    Bemonvecnte" TE t__                   1       1      10,000,000
    Chaos Core                            1       1         725,724
    Chaos Core Set                        1     327     238,040,303
    Divine Stone                          1       1         692,177
    Divine Stone Set                      4     597     427,094,651
    Force Core(High                       3     387      75,514,243
    Force Core(Highest                    3     532     106,266,570
    Honor Medal Chest                     1       2     439,639,998
    Life Capsule(Special) Type A          1     600      17,999,400
    Siena's Unbinding Stone               1       1     950,000,000
    Upgrade Core (Ultimate                3     618     277,991,346
    board                                20   3,067   2,543,964,412
    balance now 491,640,907
  pass 2: 16 relisted, 9 empty, 0 skipped; 9985.9 minute(s) left

-- pass 3 --

  resupply order: Chaos Core, Force Core(High), Force Core(Highest), Upgrade Core (Ultimate), Divine Stone

-- Chaos Core Set under our listing: up to 3 row(s) --
  Chaos Core Set 727,953 - Chaos Core 717,087 = 10,866
  ours is listed at 727,951 a Set and a Chaos Core sells at 717,087; buying every Set under 712,087, 5,000 a Set below the lower of the two
  the cheapest Chaos Core Set is 727,953 a Set, not under 712,087; nothing to buy under ours

-- Divine Stone Set under our listing: up to 3 row(s) --
  Divine Stone Set 715,399 - Divine Stone 697,328 = 18,071
  ours is listed at 715,399 a Set and a Divine Stone sells at 697,328; buying every Set under 692,328, 5,000 a Set below the lower of the two
  the cheapest Divine Stone Set is 715,399 a Set, not under 692,328; nothing to buy under ours

  counting only rows 1-25; rows outside it are not repriced and do not count; 8 row(s) free
  core                            rows     buy/u    sell/u    margin  wants   short?
  Force Core(Highest)                3         -         -         -      -   holds the most it can want, 3; not priced
  Chaos Core                         1   717,087   727,953    10,866      5   YES
  Divine Stone                       4         -         -         -      -   holds the most it can want, 4; not priced
  Force Core(High)                   3         -         -         -      -   holds the most it can want, 3; not priced
  Upgrade Core (Ultimate)            3         -         -         -      -   holds the most it can want, 3; not priced
  Alz 491,640,907 held covers 685 Chaos Core at 717,087; buying what it covers

-- Chaos Core: 1 row(s) --
  8 row(s) free inside 1-25
  Chaos Core Set 727,953 - Chaos Core 717,087 = 10,866
  a margin of 10,866 is worth 5 row(s) of Chaos Core; 1 held
  buy_min 150 rolled to 148 (+/-15); buying 150 in whole batches of 3
  1 stays behind on every row bought; an order 10 step(s) down with nothing spare takes the row it is on whole, and the next order leaves 1 behind again; each order prices the favourite afresh, then wheels down, up to 30 step(s)
  every order takes all of the row it lands on, up to 999 held, and the orders stop once 150 is held
TASK {"kind": "resupply", "core": "Chaos Core", "set": "Chaos Core Set", "slot": 3, "tab": 4}
  0/150 Chaos Core held
  row 1 offers 'Chaos Core' x115 at 717,087 (717,087/unit)
    row 1 leaves 10,866 a core against the 5,000 wanted
    balance before 491,640,907
    Alz 491,640,907 covers 685 pack(s) at 717,087, not the 999 wanted; asking for 684 so that with 0 held the cores make whole batches of 3
    row 1 holds 115, 1 stays behind, so at most 114 comes off it
    dialog: '* Chaos Core'  qty 1 of 115  price 717087
    999 core(s) wanted, 1 to a pack -> 684 pack(s); 115 available, taking 114
    ordering 114 pack(s) at 81,747,918; the spend will confirm what actually bought
    balance after  409,892,989; spent 81,747,918 bought 114 pack(s) = 114 core(s) (717,087 a core)

  buy from favourite slot 3: bought 114 core(s) in 114 order(s)
    #         ms   share  step
    1        0.3    0.0%  get_price: focus the game
    2      146.7    1.9%  get_price: _trade_window_open (OCR 1300x190)
    3      170.5    2.2%  get_price: purchase_tab_showing
    4      265.5    3.5%  get_price: read row 1 before the search
    5      325.5    4.2%  get_price: click favourite slot 3
    6      136.7    1.8%  get_price: confirm the sort
    7      557.5    7.3%  get_price: poll row 1 until it answers (2 read(s))
    8     1636.7   21.3%  get_price: search the favourite and read row 1
    9      323.0    4.2%  select inventory tab 4
   10      141.5    1.8%  read the balance before buying
   11      379.9    4.9%  click the row at (500, 260)
   12      325.8    4.2%  click Buy at (834, 260)
   13      129.0    1.7%  await the Purchase dialog
   14      441.4    5.7%  read the dialog (item, price, qty, qty_max)
   15     1435.0   18.7%  click the quantity field and type 114
   16      123.6    1.6%  find the Buy button
   17      321.6    4.2%  click Buy
   18      251.4    3.3%  park
   19      164.2    2.1%  confirm the dialog is gone
   20      404.1    5.3%  read the balance after buying
          7679.6  100.0%  TOTAL
  114/150 Chaos Core held
  row 1 offers 'Chaos Core' x115 at 717,087 (717,087/unit)
    row 1 leaves 10,866 a core against the 5,000 wanted
    balance before 409,892,989
    Alz 409,892,989 covers 571 pack(s) at 717,087, not the 885 wanted; asking for 570 so that with 114 held the cores make whole batches of 3
    row 1 holds 115, 1 stays behind, so at most 114 comes off it
    dialog: '* Chaos Core'  qty 1 of 115  price 717087
    885 core(s) wanted, 1 to a pack -> 570 pack(s); 115 available, taking 114
    ordering 114 pack(s) at 81,747,918; the spend will confirm what actually bought
    balance after  328,145,071; spent 81,747,918 bought 114 pack(s) = 114 core(s) (717,087 a core)

  buy from favourite slot 3: bought 114 core(s) in 114 order(s)
    #         ms   share  step
    1        0.3    0.0%  get_price: focus the game
    2      178.5    2.3%  get_price: _trade_window_open (OCR 1300x190)
    3      171.2    2.2%  get_price: purchase_tab_showing
    4      245.1    3.2%  get_price: read row 1 before the search
    5      326.4    4.2%  get_price: click favourite slot 3
    6      144.5    1.9%  get_price: confirm the sort
    7      562.2    7.2%  get_price: poll row 1 until it answers (2 read(s))
    8     1652.0   21.2%  get_price: search the favourite and read row 1
    9      326.2    4.2%  select inventory tab 4
   10      143.9    1.9%  read the balance before buying
   11      376.8    4.8%  click the row at (500, 260)
   12      326.2    4.2%  click Buy at (834, 260)
   13      133.5    1.7%  await the Purchase dialog
   14      496.5    6.4%  read the dialog (item, price, qty, qty_max)
   15     1418.9   18.2%  click the quantity field and type 114
   16      128.9    1.7%  find the Buy button
   17      322.2    4.1%  click Buy
   18      251.7    3.2%  park
   19      166.6    2.1%  confirm the dialog is gone
   20      403.6    5.2%  read the balance after buying
          7775.2  100.0%  TOTAL
TASK {"kind": "resupply", "core": "Chaos Core", "set": "Chaos Core Set", "slot": 3, "tab": 4, "step": "craft", "holding": "Chaos Core", "qty": 228, "price": 0}
  Inventory shut; pressing I (attempt 1)
  right-clicking the craft key on tab 6 slot (1, 8) at (1866, 237) (attempt 1/3)
  opening the 2000-2999 tier at [91, 210]
  choosing Chaos Core Set x3 at [146, 240]
  228 Chaos Core(s) bought this pass, 3 to a craft
  Request All at [265, 736]
  waiting 25s for 228 core(s) (5s per 50, rounded up)
  Complete All at [879, 735]
  the Sets arrived in [(1, 1), (1, 2), (1, 3), (1, 4)]
  compressing tab 4 slot (1, 1) at (1471, 237)
  228 Chaos Core(s) went into the queue

  craft from 228 Chaos Core(s)
    #         ms   share  step
    1     2707.4    8.0%  open the craft window
    2     2535.5    7.5%  select the recipe
    3      326.6    1.0%  Request All
    4    25001.0   74.1%  wait for the queue
    5      934.2    2.8%  select inventory tab 4 before completing
    6       30.0    0.1%  read the slots before any Set arrives
    7      822.1    2.4%  Complete All
    8     1399.3    4.1%  compress the crafted Sets
         33756.1  100.0%  TOTAL
TASK {"kind": "resupply", "core": "Chaos Core", "set": "Chaos Core Set", "slot": 3, "tab": 4, "step": "list", "holding": "Chaos Core Set", "qty": 228, "price": 0}
  the Agent Shop is shut and the vendor is not open either; reopening it
  Inventory shut: slot grid 0.11, needs 0.33
  listing the Chaos Core Set compressed into (1, 1) from 228 Chaos Core(s)
  the board's cheapest is 727,953 a Set, and the panel scales that to whatever the bundle holds
  it cost 717,087 a Core, so no Set goes out under that
  inventory slot (1,1) at (1471, 237)
    read: current min 165,994,032, price field 165,994,032, net sales 165,994,032, week average 166,004,064, listed at unread
    the lowest listed price is 165,994,032, from the row and 2 more
  the panel prices the bundle at 165,994,032, 228 x 727,953; the floor is 163,495,836
    market 165,994,032, typing 165,994,031, 1 under the market
    net sales 165,994,031 is 1 x 165,994,031
  typed 250; the net sales make it 1
    the panel holds 165,994,031 against the 165,994,031 typed
  tab 4 read in 30 ms after the listing: 0 slot(s) held

  list 1 at 165,994,031
    #         ms   share  step
    1       23.4    0.4%  read the panel before loading
    2      824.5   13.0%  ctrl-click (1,1) attempt 1
    3      704.2   11.1%  read the suggested price
    4     1687.8   26.6%  type the price 165,994,031
    5      965.6   15.2%  type the quantity 250
    6      469.0    7.4%  take the quantity from the net sales
    7      140.5    2.2%  read the price back before Register
    8      320.1    5.0%  click Register
    9      136.4    2.2%  find Confirmation
   10       23.9    0.4%  look for the underprice question
   11      326.6    5.2%  click Confirmation
   12      251.3    4.0%  park
   13      408.0    6.4%  confirm the dialog is gone
   14       29.2    0.5%  wait for the panel to let the item go
   15       30.2    0.5%  read tab 4 after the listing
          6340.9  100.0%  TOTAL
  listed 1 at 165,994,031; it lands in row 18
    'Chaos Core Set' was bought at 717,087 a unit and listed against a verified 728,044; a row of it with no cost of its own is floored at 717,087 from now on
DONE {"kind": "resupply", "core": "Chaos Core", "bought": 228, "listed": 1, "rows": [18]}

  resupply Chaos Core: bought 228, 228 into the craft, listed 1 in rows [18]
    #          ms   share     n      each  phase
    1    33,791.0   50.9%     1  33,791.0  craft Chaos Core into Chaos Core Set
    2     6,350.6    9.6%     1   6,350.6  list Chaos Core Set from (1, 1)
    3     6,164.5    9.3%     1   6,164.5  buy order 2
    4     6,092.2    9.2%     1   6,092.2  buy order 1
    5     5,004.7    7.5%     1   5,004.7  reopen the Agent Shop
    6     2,359.1    3.6%     1   2,359.1  select the Register tab
    7     1,636.4    2.5%     1   1,636.4  price Divine Stone
    8     1,543.6    2.3%     1   1,543.6  close the Agent Shop
    9     1,524.1    2.3%     1   1,524.1  price Divine Stone Set
   10       969.9    1.5%     1     969.9  close the craft window
   11       923.1    1.4%     1     923.1  select inventory tab 4
         66,359.1  100.0%
  Chaos Core: 2 of 5 row(s) after that one
  Alz 328,145,071 held covers 457 Chaos Core at 717,087; buying what it covers

-- Chaos Core: 2 row(s) --
  7 row(s) free inside 1-25
  Chaos Core Set 728,043 - Chaos Core 717,087 = 10,956
  a margin of 10,956 is worth 5 row(s) of Chaos Core; 2 held
  buy_min 150 rolled to 159 (+/-15); buying 159 in whole batches of 3
  1 stays behind on every row bought; an order 10 step(s) down with nothing spare takes the row it is on whole, and the next order leaves 1 behind again; each order prices the favourite afresh, then wheels down, up to 30 step(s)
  every order takes all of the row it lands on, up to 999 held, and the orders stop once 159 is held
TASK {"kind": "resupply", "core": "Chaos Core", "set": "Chaos Core Set", "slot": 3, "tab": 4}
  0/159 Chaos Core held
  row 1 offers 'Chaos Core' x230 at 717,087 (717,087/unit)
    row 1 leaves 10,956 a core against the 5,000 wanted
    balance before 328,145,071
    Alz 328,145,071 covers 457 pack(s) at 717,087, not the 999 wanted; asking for 456 so that with 0 held the cores make whole batches of 3
    row 1 holds 230, 1 stays behind, so at most 229 comes off it
    dialog: '* Chaos Core'  qty 1 of 230  price 717087
    999 core(s) wanted, 1 to a pack -> 456 pack(s); 230 available, taking 229
    ordering 229 pack(s) at 164,212,923; the spend will confirm what actually bought
    balance after  163,932,148; spent 164,212,923 bought 229 pack(s) = 229 core(s) (717,087 a core)

  buy from favourite slot 3: bought 229 core(s) in 229 order(s)
    #         ms   share  step
    1        0.4    0.0%  get_price: focus the game
    2      175.1    2.2%  get_price: _trade_window_open (OCR 1300x190)
    3      168.4    2.1%  get_price: purchase_tab_showing
    4      259.3    3.2%  get_price: read row 1 before the search
    5      322.4    4.0%  get_price: click favourite slot 3
    6      129.7    1.6%  get_price: confirm the sort
    7      556.7    7.0%  get_price: poll row 1 until it answers (2 read(s))
    8     1645.7   20.5%  get_price: search the favourite and read row 1
    9      324.3    4.0%  select inventory tab 4
   10      139.7    1.7%  read the balance before buying
   11      387.9    4.8%  click the row at (500, 260)
   12      343.7    4.3%  click Buy at (834, 260)
   13      133.8    1.7%  await the Purchase dialog
   14      441.3    5.5%  read the dialog (item, price, qty, qty_max)
   15     1414.4   17.7%  click the quantity field and type 229
   16      143.6    1.8%  find the Buy button
   17      322.1    4.0%  click Buy
   18      251.3    3.1%  park
   19      161.0    2.0%  confirm the dialog is gone
   20      689.2    8.6%  read the balance after buying
          8010.1  100.0%  TOTAL
  229 Chaos Core is 2 short of a whole batch of 3; topping up whatever the margin says, because a remainder crafts into nothing
  row 1 offers 'Chaos Core' x1 at 717,087 (717,087/unit)

  buy from favourite slot 3: REFUSED
    #         ms   share  step
    1        0.3    0.0%  get_price: focus the game
    2      146.6    2.7%  get_price: _trade_window_open (OCR 1300x190)
    3      168.6    3.1%  get_price: purchase_tab_showing
    4      253.4    4.7%  get_price: read row 1 before the search
    5      323.4    6.0%  get_price: click favourite slot 3
    6      136.5    2.5%  get_price: confirm the sort
    7     1658.6   30.7%  get_price: poll row 1 until it answers (6 read(s))
    8     2720.4   50.3%  get_price: search the favourite and read row 1
          5407.8  100.0%  TOTAL
  row 1 holds 1 and 1 stays behind, so there is nothing spare to take here.
  wheeled 1 notch(es) down the offers, from row 2 at (500, 316)
  row 1 offers 'Chaos Core' x115 at 717,087 (717,087/unit)
    balance before 163,932,148
    row 1 holds 115, 1 stays behind, so at most 114 comes off it
    dialog: '* Chaos Core'  qty 1 of 78  price 717087
    the dialog allows at most 78 of the row's 115
    2 core(s) wanted, 1 to a pack -> 2 pack(s); 78 available, taking 2
    ordering 2 pack(s) at 1,434,174; the spend will confirm what actually bought
    balance after  162,497,974; spent 1,434,174 bought 2 pack(s) = 2 core(s) (717,087 a core)

  buy from favourite slot 3: bought 2 core(s) in 2 order(s)
    #         ms   share  step
    1        0.9    0.0%  get_price: focus the game
    2      174.6    3.3%  get_price: _trade_window_open (OCR 1300x190)
    3      170.7    3.2%  get_price: purchase_tab_showing
    4      310.7    5.8%  get_price: read row 1 where it stands
    5      657.0   12.3%  get_price: search the favourite and read row 1
    6      322.7    6.1%  select inventory tab 4
    7      146.9    2.8%  read the balance before buying
    8      380.2    7.1%  click the row at (500, 260)
    9      328.1    6.2%  click Buy at (834, 260)
   10      127.7    2.4%  await the Purchase dialog
   11      445.4    8.4%  read the dialog (item, price, qty, qty_max)
   12     1268.4   23.8%  click the quantity field and type 2
   13      125.2    2.3%  find the Buy button
   14      326.8    6.1%  click Buy
   15      251.7    4.7%  park
   16      152.6    2.9%  confirm the dialog is gone
   17      140.7    2.6%  read the balance after buying
          5330.4  100.0%  TOTAL
TASK {"kind": "resupply", "core": "Chaos Core", "set": "Chaos Core Set", "slot": 3, "tab": 4, "step": "craft", "holding": "Chaos Core", "qty": 231, "price": 0}
  Inventory shut; pressing I (attempt 1)
  right-clicking the craft key on tab 6 slot (1, 8) at (1866, 237) (attempt 1/3)
  opening the 2000-2999 tier at [91, 210]
  choosing Chaos Core Set x3 at [146, 240]
  231 Chaos Core(s) bought this pass, 3 to a craft
  Request All at [265, 736]
  waiting 25s for 231 core(s) (5s per 50, rounded up)
  Complete All at [879, 735]
  the Sets arrived in [(1, 1), (1, 2), (1, 3), (1, 4)]
  compressing tab 4 slot (1, 1) at (1471, 237)
  231 Chaos Core(s) went into the queue

  craft from 231 Chaos Core(s)
    #         ms   share  step
    1     2748.1    8.1%  open the craft window
    2     2523.9    7.5%  select the recipe
    3      323.7    1.0%  Request All
    4    25001.3   74.0%  wait for the queue
    5      920.7    2.7%  select inventory tab 4 before completing
    6       30.0    0.1%  read the slots before any Set arrives
    7      821.2    2.4%  Complete All
    8     1399.4    4.1%  compress the crafted Sets
         33768.2  100.0%  TOTAL
TASK {"kind": "resupply", "core": "Chaos Core", "set": "Chaos Core Set", "slot": 3, "tab": 4, "step": "list", "holding": "Chaos Core Set", "qty": 231, "price": 0}
  the Agent Shop is shut and the vendor is not open either; reopening it
  Inventory shut: slot grid 0.11, needs 0.33
  listing the Chaos Core Set compressed into (1, 1) from 231 Chaos Core(s)
  the board's cheapest is 728,043 a Set, and the panel scales that to whatever the bundle holds
  it cost 717,087 a Core, so no Set goes out under that
  inventory slot (1,1) at (1471, 237)
    read: current min 168,177,933, price field 168,177,933, net sales 168,177,933, week average 168,188,328, listed at unread
    the lowest listed price is 168,177,933, from the row and 2 more
  the panel prices the bundle at 168,177,933, 231 x 728,043; the floor is 165,647,097
    market 168,177,933, typing 168,177,932, 1 under the market
    net sales 168,177,932 is 1 x 168,177,932
  typed 250; the net sales make it 1
    the panel holds 168,177,932 against the 168,177,932 typed
  tab 4 read in 32 ms after the listing: 0 slot(s) held

  list 1 at 168,177,932
    #         ms   share  step
    1       23.1    0.4%  read the panel before loading
    2      825.6   12.7%  ctrl-click (1,1) attempt 1
    3      829.5   12.8%  read the suggested price
    4     1688.9   26.1%  type the price 168,177,932
    5      962.5   14.9%  type the quantity 250
    6      459.7    7.1%  take the quantity from the net sales
    7      143.9    2.2%  read the price back before Register
    8      322.4    5.0%  click Register
    9      144.9    2.2%  find Confirmation
   10       28.0    0.4%  look for the underprice question
   11      326.2    5.0%  click Confirmation
   12      251.2    3.9%  park
   13      412.5    6.4%  confirm the dialog is gone
   14       24.6    0.4%  wait for the panel to let the item go
   15       32.0    0.5%  read tab 4 after the listing
          6475.2  100.0%  TOTAL
  listed 1 at 168,177,932; it lands in row 19
    'Chaos Core Set' was bought at 717,087 a unit and listed against a verified 728,043; a row of it with no cost of its own is floored at 717,087 from now on
DONE {"kind": "resupply", "core": "Chaos Core", "bought": 231, "listed": 1, "rows": [19]}

  resupply Chaos Core: bought 231, 231 into the craft, listed 1 in rows [19]
    #          ms   share     n      each  phase
    1    33,805.5   48.6%     1  33,805.5  craft Chaos Core into Chaos Core Set
    2     6,483.4    9.3%     1   6,483.4  list Chaos Core Set from (1, 1)
    3     6,415.2    9.2%     1   6,415.2  buy order 1
    4     5,059.0    7.3%     1   5,059.0  reopen the Agent Shop
    5     4,688.7    6.7%     1   4,688.7  buy order 3
    6     2,723.6    3.9%     1   2,723.6  buy order 2
    7     2,713.1    3.9%     1   2,713.1  price Chaos Core
    8     2,352.0    3.4%     1   2,352.0  select the Register tab
    9     1,537.1    2.2%     1   1,537.1  price Chaos Core Set
   10     1,535.7    2.2%     1   1,535.7  close the Agent Shop
   11       983.7    1.4%     1     983.7  close the craft window
   12       922.1    1.3%     1     922.1  select inventory tab 4
   13       371.7    0.5%     1     371.7  step down to the next offer (1)
         69,590.8  100.0%
  Chaos Core: 3 of 5 row(s) after that one
  Alz 162,497,974 held covers 226 Chaos Core at 717,087; buying what it covers

-- Chaos Core: 3 row(s) --
  6 row(s) free inside 1-25
  Chaos Core Set 728,042 - Chaos Core 716,513 = 11,529
  a margin of 11,529 is worth 5 row(s) of Chaos Core; 3 held
  buy_min 150 rolled to 150 (+/-15); buying 150 in whole batches of 3
  1 stays behind on every row bought; an order 10 step(s) down with nothing spare takes the row it is on whole, and the next order leaves 1 behind again; each order prices the favourite afresh, then wheels down, up to 30 step(s)
  every order takes all of the row it lands on, up to 999 held, and the orders stop once 150 is held
TASK {"kind": "resupply", "core": "Chaos Core", "set": "Chaos Core Set", "slot": 3, "tab": 4}
  0/150 Chaos Core held
  row 1 offers 'Chaos Core' x1 at 716,513 (716,513/unit)

  buy from favourite slot 3: REFUSED
    #         ms   share  step
    1        0.8    0.0%  get_price: focus the game
    2      154.4    4.5%  get_price: _trade_window_open (OCR 1300x190)
    3      169.8    4.9%  get_price: purchase_tab_showing
    4      259.6    7.5%  get_price: read row 1 before the search
    5      328.1    9.5%  get_price: click favourite slot 3
    6      131.9    3.8%  get_price: confirm the sort
    7      664.1   19.2%  get_price: poll row 1 until it answers (2 read(s))
    8     1751.8   50.6%  get_price: search the favourite and read row 1
          3460.5  100.0%  TOTAL
  row 1 holds 1 and 1 stays behind, so there is nothing spare to take here.
  wheeled 1 notch(es) down the offers, from row 2 at (500, 316)
  row 1 offers 'Chaos Core' x250 at 717,000 (717,000/unit)
    row 1 leaves 11,042 a core against the 5,000 wanted
    balance before 162,497,974
    Alz 162,497,974 covers 226 pack(s) at 717,000, not the 999 wanted; asking for 225 so that with 0 held the cores make whole batches of 3
    row 1 holds 250, 1 stays behind, so at most 249 comes off it
    dialog: '* Chaos Core'  qty 1 of 226  price 717000
    the dialog allows at most 226 of the row's 250
    999 core(s) wanted, 1 to a pack -> 225 pack(s); 226 available, taking 225
    ordering 225 pack(s) at 161,325,000; the spend will confirm what actually bought
    balance after  1,172,974; spent 161,325,000 bought 225 pack(s) = 225 core(s) (717,000 a core)

  buy from favourite slot 3: bought 225 core(s) in 225 order(s)
    #         ms   share  step
    1        0.7    0.0%  get_price: focus the game
    2      144.3    2.4%  get_price: _trade_window_open (OCR 1300x190)
    3      167.8    2.8%  get_price: purchase_tab_showing
    4      307.8    5.1%  get_price: read row 1 where it stands
    5      620.6   10.2%  get_price: search the favourite and read row 1
    6      326.7    5.4%  select inventory tab 4
    7      139.5    2.3%  read the balance before buying
    8      380.9    6.3%  click the row at (500, 260)
    9      326.6    5.4%  click Buy at (834, 260)
   10      128.9    2.1%  await the Purchase dialog
   11      444.4    7.3%  read the dialog (item, price, qty, qty_max)
   12     1412.6   23.3%  click the quantity field and type 225
   13      128.5    2.1%  find the Buy button
   14      322.6    5.3%  click Buy
   15      251.8    4.1%  park
   16      168.8    2.8%  confirm the dialog is gone
   17      799.5   13.2%  read the balance after buying
          6071.8  100.0%  TOTAL
TASK {"kind": "resupply", "core": "Chaos Core", "set": "Chaos Core Set", "slot": 3, "tab": 4, "step": "craft", "holding": "Chaos Core", "qty": 225, "price": 0}
  Inventory shut; pressing I (attempt 1)
  right-clicking the craft key on tab 6 slot (1, 8) at (1866, 237) (attempt 1/3)
  opening the 2000-2999 tier at [91, 210]
  choosing Chaos Core Set x3 at [146, 240]
  225 Chaos Core(s) bought this pass, 3 to a craft
  Request All at [265, 736]
  waiting 25s for 225 core(s) (5s per 50, rounded up)
  Complete All at [879, 735]
  the Sets arrived in [(1, 1), (1, 2), (1, 3), (1, 4)]
  compressing tab 4 slot (1, 1) at (1471, 237)
  225 Chaos Core(s) went into the queue

  craft from 225 Chaos Core(s)
    #         ms   share  step
    1     2693.6    8.0%  open the craft window
    2     2519.1    7.5%  select the recipe
    3      320.9    1.0%  Request All
    4    25000.7   74.1%  wait for the queue
    5      927.7    2.8%  select inventory tab 4 before completing
    6       31.2    0.1%  read the slots before any Set arrives
    7      827.9    2.5%  Complete All
    8     1407.6    4.2%  compress the crafted Sets
         33728.7  100.0%  TOTAL
TASK {"kind": "resupply", "core": "Chaos Core", "set": "Chaos Core Set", "slot": 3, "tab": 4, "step": "list", "holding": "Chaos Core Set", "qty": 225, "price": 0}
  the Agent Shop is shut and the vendor is not open either; reopening it
  Inventory shut: slot grid 0.11, needs 0.33
  listing the Chaos Core Set compressed into (1, 1) from 225 Chaos Core(s)
  the board's cheapest is 728,042 a Set, and the panel scales that to whatever the bundle holds
  it cost 717,000 a Core, so no Set goes out under that
  inventory slot (1,1) at (1471, 237)
    read: current min 163,809,450, price field 163,809,450, net sales 163,809,450, week average 163,819,800, listed at unread
    the lowest listed price is 163,809,450, from the row and 2 more
  the panel prices the bundle at 163,809,450, 225 x 728,042; the floor is 161,325,000
    market 163,809,450, typing 163,809,449, 1 under the market
    net sales 163,809,449 is 1 x 163,809,449
  typed 250; the net sales make it 1
    the panel holds 163,809,449 against the 163,809,449 typed
  tab 4 read in 31 ms after the listing: 0 slot(s) held

  list 1 at 163,809,449
    #         ms   share  step
    1       23.3    0.4%  read the panel before loading
    2      825.1   12.9%  ctrl-click (1,1) attempt 1
    3      721.1   11.3%  read the suggested price
    4     1706.1   26.7%  type the price 163,809,449
    5      966.7   15.2%  type the quantity 250
    6      462.1    7.2%  take the quantity from the net sales
    7      136.7    2.1%  read the price back before Register
    8      323.5    5.1%  click Register
    9      137.4    2.2%  find Confirmation
   10       22.8    0.4%  look for the underprice question
   11      326.1    5.1%  click Confirmation
   12      251.8    3.9%  park
   13      414.9    6.5%  confirm the dialog is gone
   14       30.3    0.5%  wait for the panel to let the item go
   15       30.8    0.5%  read tab 4 after the listing
          6378.5  100.0%  TOTAL
  listed 1 at 163,809,449; it lands in row 20
    'Chaos Core Set' was bought at 717,000 a unit and listed against a verified 728,042; a row of it with no cost of its own is floored at 717,000 from now on
DONE {"kind": "resupply", "core": "Chaos Core", "bought": 225, "listed": 1, "rows": [20]}

  resupply Chaos Core: bought 225, 225 into the craft, listed 1 in rows [20]
    #          ms   share     n      each  phase
    1    33,762.5   53.5%     1  33,762.5  craft Chaos Core into Chaos Core Set
    2     6,386.9   10.1%     1   6,386.9  list Chaos Core Set from (1, 1)
    3     5,467.1    8.7%     1   5,467.1  buy order 2
    4     5,062.1    8.0%     1   5,062.1  reopen the Agent Shop
    5     2,848.8    4.5%     1   2,848.8  price Chaos Core
    6     2,352.1    3.7%     1   2,352.1  select the Register tab
    7     1,753.6    2.8%     1   1,753.6  buy order 1
    8     1,713.7    2.7%     1   1,713.7  price Chaos Core Set
    9     1,510.9    2.4%     1   1,510.9  close the Agent Shop
   10     1,000.7    1.6%     1   1,000.7  close the craft window
   11       923.6    1.5%     1     923.6  select inventory tab 4
   12       371.8    0.6%     1     371.8  step down to the next offer (1)
         63,153.7  100.0%
  Chaos Core: 4 of 5 row(s) after that one
  Alz 1,172,974 held; even 3 Chaos Core at 717,087 needs 2,151,261; not buying.
  tab 4 known from the last listing: 0 slot(s) held
  row 1: 'Force Core(Highest' x202 at 199,750 -> tab 4 slot (1, 1)
    floor 181,900 (181,900 x 1) from Force Core Set (Highest) as last bought; listed at 199,750, above it
TASK {"kind": "relist", "row": 1, "item": "Force Core(Highest", "qty": 202, "price": 199750, "tab": 4, "slot": [1, 1], "lands_in": 1}
  inventory slot (1,1) at (1471, 237)
    read: current min 199,744, price field 199,744, net sales 199,744, week average 213,123, listed at 199,750
    the lowest listed price is 199,744, from the row and 3 more
    market 199,744, typing 199,743, 1 under the market
    net sales 40,348,086 is 202 x 199,743
  typed 250; the net sales make it 202
    the panel holds 199,743 against the 199,743 typed
  tab 4 read in 31 ms after the listing: 0 slot(s) held

  list 202 at 199,743
    #         ms   share  step
    1       27.9    0.5%  read the panel before loading
    2       26.9    0.4%  wait for slot (1,1) to fill
    3      833.0   13.5%  ctrl-click (1,1) attempt 1
    4      703.1   11.4%  read the suggested price
    5     1469.7   23.8%  type the price 199,743
    6      963.9   15.6%  type the quantity 250
    7      465.5    7.5%  take the quantity from the net sales
    8      141.0    2.3%  read the price back before Register
    9      322.6    5.2%  click Register
   10      140.0    2.3%  find Confirmation
   11       27.9    0.5%  look for the underprice question
   12      326.1    5.3%  click Confirmation
   13      251.3    4.1%  park
   14      434.5    7.0%  confirm the dialog is gone
   15       23.1    0.4%  wait for the panel to let the item go
   16       31.3    0.5%  read tab 4 after the listing
          6187.9  100.0%  TOTAL
  listed 202 at 199,743; it lands in row 1
DONE {"kind": "relist", "row": 1, "lands_in": 1, "qty": 202, "price": 199743, "item": "Force Core(Highest"}
    relisted 202 at 199,743 in row 1
  row 2 has SOLD (fully); collecting
    collected; row 2 is empty, nothing to relist
  the Chaos Core special row sold; buying it back now, not on the next pass

-- Chaos Core special row 1 of 1: 1 at 500 to 700 under the market --
  1 stays behind on every row bought; an order 10 step(s) down with nothing spare takes the row it is on whole, and the next order leaves 1 behind again; each order prices the favourite afresh, then wheels down, up to 30 step(s)
TASK {"kind": "resupply", "core": "Chaos Core", "slot": 3, "tab": 4, "landing": [1, 1], "special": true}
  row 1 offers 'Chaos Core' x1 at 716,513 (716,513/unit)

  buy from favourite slot 3: REFUSED
    #         ms   share  step
    1        0.3    0.0%  get_price: focus the game
    2      175.3    3.1%  get_price: _trade_window_open (OCR 1300x190)
    3      170.6    3.1%  get_price: purchase_tab_showing
    4     1428.7   25.5%  get_price: click the Purchase tab + settle
    5       25.4    0.5%  get_price: read row 1 before the search
    6      332.2    5.9%  get_price: click favourite slot 3
    7      130.2    2.3%  get_price: confirm the sort
    8      515.6    9.2%  get_price: poll row 1 until it answers (6 read(s))
    9     2814.1   50.3%  get_price: search the favourite and read row 1
          5592.4  100.0%  TOTAL
  row 1 holds 1 and 1 stays behind, so there is nothing spare to take here.
  wheeled 1 notch(es) down the offers, from row 2 at (500, 316)
  row 1 offers 'Chaos Core' x34 at 717,000 (717,000/unit)
    balance before 1,898,698
    row 1 holds 34, 1 stays behind, so at most 33 comes off it
    dialog: '* Chaos Core'  qty 1 of 2  price 717000
    the dialog allows at most 2 of the row's 34
    1 core(s) wanted, 1 to a pack -> 1 pack(s); 2 available, taking 1
    the quantity field already reads 1; not retyping it
    ordering 1 pack(s) at 717,000; the spend will confirm what actually bought
    balance after  1,181,698; spent 717,000 bought 1 pack(s) = 1 core(s) (717,000 a core)

  buy from favourite slot 3: bought 1 core(s) in 1 order(s)
    #         ms   share  step
    1        0.7    0.0%  get_price: focus the game
    2      151.5    3.8%  get_price: _trade_window_open (OCR 1300x190)
    3      171.5    4.3%  get_price: purchase_tab_showing
    4      307.0    7.6%  get_price: read row 1 where it stands
    5      630.7   15.7%  get_price: search the favourite and read row 1
    6      326.3    8.1%  select inventory tab 4
    7      137.0    3.4%  read the balance before buying
    8      386.7    9.6%  click the row at (500, 260)
    9      322.5    8.0%  click Buy at (834, 260)
   10      131.5    3.3%  await the Purchase dialog
   11      453.2   11.2%  read the dialog (item, price, qty, qty_max)
   12      130.9    3.2%  find the Buy button
   13      326.3    8.1%  click Buy
   14      251.6    6.2%  park
   15      167.8    4.2%  confirm the dialog is gone
   16      133.7    3.3%  read the balance after buying
          4028.7  100.0%  TOTAL
    tab 4 slot (1, 1) is held for 'Chaos Core'; it frees when something is listed from it
  the Chaos Core landed in tab 4 slot (1, 1)
TASK {"kind": "resupply", "core": "Chaos Core", "slot": 3, "tab": 4, "landing": [1, 1], "step": "list", "holding": "Chaos Core", "qty": 1, "special": true}
  inventory slot (1,1) at (1471, 237)
    read: current min 716,513, price field 716,513, net sales 716,513, week average 717,087, listed at unread
    the lowest listed price is 716,513, from the row and 2 more
    market 716,513, typing 715,967, 546 under the market
    net sales 715,967 is 1 x 715,967
  typed 250; the net sales make it 1
    the panel holds 715,967 against the 715,967 typed
  tab 4 read in 31 ms after the listing: 0 slot(s) held

  list 1 at 715,967
    #         ms   share  step
    1       24.6    0.4%  read the panel before loading
    2      824.3   13.5%  ctrl-click (1,1) attempt 1
    3      704.9   11.6%  read the suggested price
    4     1473.6   24.2%  type the price 715,967
    5      963.6   15.8%  type the quantity 250
    6      450.6    7.4%  take the quantity from the net sales
    7      138.4    2.3%  read the price back before Register
    8      321.7    5.3%  click Register
    9      138.1    2.3%  find Confirmation
   10       23.4    0.4%  look for the underprice question
   11      324.4    5.3%  click Confirmation
   12      251.9    4.1%  park
   13      406.4    6.7%  confirm the dialog is gone
   14       24.5    0.4%  wait for the panel to let the item go
   15       30.5    0.5%  read tab 4 after the listing
          6101.0  100.0%  TOTAL
  listed 1 at 715,967; it lands in row 2
  the Chaos Core special row is listed at 715,967 in row 2
DONE {"kind": "resupply", "core": "Chaos Core", "bought": 1, "listed": 1, "rows": [2], "special": true}
    the quantity column read 'Chest', which holds no digits, so it is the end of the name and not a count; reading the row as 'Honor Medal Chest' and letting the panel count what is there
  tab 4 known from the last listing: 0 slot(s) held
  row 3: 'Honor Medal Chest' x2 at 219,819,999 -> tab 4 slot (1, 1)
    the quantity column read 'Chest', which holds no digits, so it is the end of the name and not a count; reading the row as 'Honor Medal Chest' and letting the panel count what is there
    no floor for 'Honor Medal Chest'
TASK {"kind": "relist", "row": 3, "item": "Honor Medal Chest", "qty": 2, "price": 219819999, "tab": 4, "slot": [1, 1], "lands_in": 3}
  inventory slot (1,1) at (1471, 237)
    read: current min 187,500,000, price field 187,500,000, net sales 187,500,000, week average 220,000,000, listed at 219,819,999
    the lowest listed price is 187,500,000, from the row and 3 more
    the market asks 187,499,999, 32,320,000 under our 219,819,999; holding at 219,809,999, the most this row may fall in one relist
    market 187,500,000, typing 219,809,999, 32,309,999 over the market
    net sales 439,619,998 is 2 x 219,809,999
  typed 250; the net sales make it 2
    the panel holds 219,809,999 against the 219,809,999 typed
  tab 4 read in 32 ms after the listing: 0 slot(s) held

  list 2 at 219,809,999
    #         ms   share  step
    1       28.2    0.4%  read the panel before loading
    2       27.8    0.4%  wait for slot (1,1) to fill
    3      835.4   13.1%  ctrl-click (1,1) attempt 1
    4      716.3   11.2%  read the suggested price
    5     1690.4   26.5%  type the price 219,809,999
    6      962.7   15.1%  type the quantity 250
    7      463.9    7.3%  take the quantity from the net sales
    8      144.6    2.3%  read the price back before Register
    9      322.0    5.0%  click Register
   10      135.7    2.1%  find Confirmation
   11       23.0    0.4%  look for the underprice question
   12      326.2    5.1%  click Confirmation
   13      251.6    3.9%  park
   14      401.1    6.3%  confirm the dialog is gone
   15       28.9    0.5%  wait for the panel to let the item go
   16       31.7    0.5%  read tab 4 after the listing
          6389.6  100.0%  TOTAL
  listed 2 at 219,809,999; it lands in row 3
DONE {"kind": "relist", "row": 3, "lands_in": 3, "qty": 2, "price": 219809999, "item": "Honor Medal Chest"}
    relisted 2 at 219,809,999 in row 3
  tab 4 known from the last listing: 0 slot(s) held
  row 4: 'Upgrade Core (Ultimate' x250 at 449,825 -> tab 4 slot (1, 1)
    floor 442,381 (442,381 x 1) from Upgrade Core Set (Ultimate) as last bought; listed at 449,825, above it
TASK {"kind": "relist", "row": 4, "item": "Upgrade Core (Ultimate", "qty": 250, "price": 449825, "tab": 4, "slot": [1, 1], "lands_in": 4}
  inventory slot (1,1) at (1471, 237)
    read: current min 449,820, price field 449,820, net sales 449,820, week average 466,479, listed at 449,825
    the lowest listed price is 449,820, from the row and 3 more
    market 449,820, typing 449,819, 1 under the market
    net sales 112,454,750 is 250 x 449,819
  typed 250; the net sales make it 250
    the panel holds 449,819 against the 449,819 typed
  tab 4 read in 31 ms after the listing: 0 slot(s) held

  list 250 at 449,819
    #         ms   share  step
    1       29.8    0.5%  read the panel before loading
    2       24.8    0.4%  wait for slot (1,1) to fill
    3      827.2   13.4%  ctrl-click (1,1) attempt 1
    4      697.1   11.3%  read the suggested price
    5     1484.3   24.0%  type the price 449,819
    6      960.2   15.5%  type the quantity 250
    7      474.4    7.7%  take the quantity from the net sales
    8      140.0    2.3%  read the price back before Register
    9      323.2    5.2%  click Register
   10      137.8    2.2%  find Confirmation
   11       23.6    0.4%  look for the underprice question
   12      324.9    5.2%  click Confirmation
   13      250.8    4.0%  park
   14      437.4    7.1%  confirm the dialog is gone
   15       28.0    0.5%  wait for the panel to let the item go
   16       30.8    0.5%  read tab 4 after the listing
          6194.2  100.0%  TOTAL
  listed 250 at 449,819; it lands in row 4
DONE {"kind": "relist", "row": 4, "lands_in": 4, "qty": 250, "price": 449819, "item": "Upgrade Core (Ultimate"}
    relisted 250 at 449,819 in row 4
  tab 4 known from the last listing: 0 slot(s) held
  row 5: 'Divine Stone Set X 141' x1 at 100,871,822 -> tab 4 slot (1, 1)
    floor 99,052,500 (702,500 x 141) from Divine Stone as last bought; listed at 100,871,822, above it
TASK {"kind": "relist", "row": 5, "item": "Divine Stone Set X 141", "qty": 1, "price": 100871822, "tab": 4, "slot": [1, 1], "lands_in": 5}
  inventory slot (1,1) at (1471, 237)
    read: current min 100,871,259, price field 100,871,259, net sales 100,871,259, week average 101,485,596, listed at 100,871,822
    the lowest listed price is 100,871,259, from the row and 3 more
    market 100,871,259, typing 100,871,258, 1 under the market
    net sales 100,871,258 is 1 x 100,871,258
  typed 250; the net sales make it 1
    the panel holds 100,871,258 against the 100,871,258 typed
  tab 4 read in 30 ms after the listing: 0 slot(s) held

  list 1 at 100,871,258
    #         ms   share  step
    1       24.9    0.4%  read the panel before loading
    2       26.2    0.4%  wait for slot (1,1) to fill
    3      833.1   13.0%  ctrl-click (1,1) attempt 1
    4      711.3   11.1%  read the suggested price
    5     1697.4   26.4%  type the price 100,871,258
    6      970.7   15.1%  type the quantity 250
    7      463.8    7.2%  take the quantity from the net sales
    8      145.0    2.3%  read the price back before Register
    9      326.4    5.1%  click Register
   10      136.0    2.1%  find Confirmation
   11       24.1    0.4%  look for the underprice question
   12      326.2    5.1%  click Confirmation
   13      251.7    3.9%  park
   14      425.9    6.6%  confirm the dialog is gone
   15       26.0    0.4%  wait for the panel to let the item go
   16       30.1    0.5%  read tab 4 after the listing
          6418.9  100.0%  TOTAL
  listed 1 at 100,871,258; it lands in row 5
DONE {"kind": "relist", "row": 5, "lands_in": 5, "qty": 1, "price": 100871258, "item": "Divine Stone Set X 141"}
    relisted 1 at 100,871,258 in row 5
  row 6 has SOLD (fully); collecting
    collected; row 6 is empty, nothing to relist
  a 'Chaos Core Set X 327' row sold and is collected; Chaos Core holds 3 row(s), pricing and resupplying it now, not on the next pass
  Chaos Core Set 728,041 - Chaos Core 717,087 = 10,954
  Alz 239,222,001 held covers 333 Chaos Core at 717,087; buying what it covers

-- Chaos Core: 3 row(s) --
  6 row(s) free inside 1-25
  Chaos Core Set 728,041 - Chaos Core 717,087 = 10,954
  a margin of 10,954 is worth 5 row(s) of Chaos Core; 3 held
  buy_min 150 rolled to 156 (+/-15); buying 156 in whole batches of 3
  1 stays behind on every row bought; an order 10 step(s) down with nothing spare takes the row it is on whole, and the next order leaves 1 behind again; each order prices the favourite afresh, then wheels down, up to 30 step(s)
  every order takes all of the row it lands on, up to 999 held, and the orders stop once 156 is held
TASK {"kind": "resupply", "core": "Chaos Core", "set": "Chaos Core Set", "slot": 3, "tab": 4}
  0/156 Chaos Core held
  row 1 offers 'Chaos Core' x236 at 717,087 (717,087/unit)
    row 1 leaves 10,954 a core against the 5,000 wanted
    balance before 239,222,001
    Alz 239,222,001 covers 333 pack(s) at 717,087, not the 999 wanted; asking for 333
    row 1 holds 236, 1 stays behind, so at most 235 comes off it
    dialog: '* Chaos Core'  qty 1 of 236  price 717087
    999 core(s) wanted, 1 to a pack -> 333 pack(s); 236 available, taking 235
    ordering 235 pack(s) at 168,515,445; the spend will confirm what actually bought
    balance after  70,706,556; spent 168,515,445 bought 235 pack(s) = 235 core(s) (717,087 a core)

  buy from favourite slot 3: bought 235 core(s) in 235 order(s)
    #         ms   share  step
    1        0.4    0.0%  get_price: focus the game
    2      145.6    1.8%  get_price: _trade_window_open (OCR 1300x190)
    3      166.2    2.1%  get_price: purchase_tab_showing
    4      269.4    3.3%  get_price: read row 1 before the search
    5      323.6    4.0%  get_price: click favourite slot 3
    6      136.9    1.7%  get_price: confirm the sort
    7      555.9    6.9%  get_price: poll row 1 until it answers (2 read(s))
    8     1629.9   20.2%  get_price: search the favourite and read row 1
    9      325.9    4.0%  select inventory tab 4
   10      140.0    1.7%  read the balance before buying
   11      380.4    4.7%  click the row at (500, 260)
   12      339.6    4.2%  click Buy at (834, 260)
   13      136.3    1.7%  await the Purchase dialog
   14      441.9    5.5%  read the dialog (item, price, qty, qty_max)
   15     1413.6   17.5%  click the quantity field and type 235
   16      122.6    1.5%  find the Buy button
   17      323.0    4.0%  click Buy
   18      251.3    3.1%  park
   19      164.7    2.0%  confirm the dialog is gone
   20      795.4    9.9%  read the balance after buying
          8062.6  100.0%  TOTAL
  235 Chaos Core is 2 short of a whole batch of 3; topping up whatever the margin says, because a remainder crafts into nothing
  row 1 offers 'Chaos Core' x1 at 717,087 (717,087/unit)

  buy from favourite slot 3: REFUSED
    #         ms   share  step
    1        0.3    0.0%  get_price: focus the game
    2      155.8    2.9%  get_price: _trade_window_open (OCR 1300x190)
    3      167.6    3.1%  get_price: purchase_tab_showing
    4      248.4    4.6%  get_price: read row 1 before the search
    5      326.8    6.1%  get_price: click favourite slot 3
    6      130.0    2.4%  get_price: confirm the sort
    7     1637.8   30.5%  get_price: poll row 1 until it answers (6 read(s))
    8     2704.7   50.4%  get_price: search the favourite and read row 1
          5371.3  100.0%  TOTAL
  row 1 holds 1 and 1 stays behind, so there is nothing spare to take here.
  wheeled 1 notch(es) down the offers, from row 2 at (500, 316)
  row 1 offers 'Chaos Core' x45 at 717,087 (717,087/unit)
  the server is not answering; idling 60s rather than reading a screen it cannot serve
  the server is answering again after 60s
  the server stalled; closing the shop rather than trusting what is on screen
  whatever the stall left in tab 4 is read from the screen before the next withdrawal
restoring the default state:
  no Trade window or vendor open; not pressing Escape
  I: Inventory closed

  buy from favourite slot 3: REFUSED
    #         ms   share  step
    1        1.0    0.0%  get_price: focus the game
    2      173.1    0.3%  get_price: _trade_window_open (OCR 1300x190)
    3      169.6    0.3%  get_price: purchase_tab_showing
    4      309.5    0.5%  get_price: read row 1 where it stands
    5      653.2    1.0%  get_price: search the favourite and read row 1
    6    62476.6   98.0%  select inventory tab 4
         63783.0  100.0%  TOTAL
  Chaos Core keeps its place at buy; the next pass carries on there
  the Agent Shop is shut and the vendor is not open either; reopening it
  Inventory shut: slot grid 0.11, needs 0.33
  the server stalled for 60s; nothing was clicked and the shop is shut. The pass starts again.

-- pass 4 --
  tab 4 reads full, which is how the client draws a withdrawal in transit; it is read again before anything is taken from it

-- Chaos Core: carrying on at buy where it stopped; 235 bought, 0 listed --
TASK {"kind": "resupply", "core": "Chaos Core", "set": "Chaos Core Set", "slot": 3, "tab": 4, "resumed": "buy"}
  235 Chaos Core is 2 short of a whole batch of 3; topping up whatever the margin says, because a remainder crafts into nothing
  row 1 offers 'Chaos Core' x200 at 717,000 (717,000/unit)
    balance before 70,706,556
    row 1 holds 200, 1 stays behind, so at most 199 comes off it
    dialog: '* Chaos Core'  qty 1 of 72  price 717000
    the dialog allows at most 72 of the row's 200
    2 core(s) wanted, 1 to a pack -> 2 pack(s); 72 available, taking 2
    ordering 2 pack(s) at 1,434,000; the spend will confirm what actually bought
    balance after  69,272,556; spent 1,434,000 bought 2 pack(s) = 2 core(s) (717,000 a core)

  buy from favourite slot 3: bought 2 core(s) in 2 order(s)
    #         ms   share  step
    1        0.3    0.0%  get_price: focus the game
    2      181.1    1.9%  get_price: _trade_window_open (OCR 1300x190)
    3      152.4    1.6%  get_price: purchase_tab_showing
    4     1433.0   15.1%  get_price: click the Purchase tab + settle
    5       28.0    0.3%  get_price: read row 1 before the search
    6      326.1    3.4%  get_price: click favourite slot 3
    7      134.5    1.4%  get_price: confirm the sort
    8      429.7    4.5%  get_price: poll row 1 until it answers (6 read(s))
    9     2722.0   28.7%  get_price: search the favourite and read row 1
   10      332.2    3.5%  select inventory tab 4
   11      136.5    1.4%  read the balance before buying
   12      378.2    4.0%  click the row at (500, 260)
   13      326.4    3.4%  click Buy at (834, 260)
   14      127.8    1.3%  await the Purchase dialog
   15      439.3    4.6%  read the dialog (item, price, qty, qty_max)
   16     1283.5   13.5%  click the quantity field and type 2
   17      146.0    1.5%  find the Buy button
   18      321.0    3.4%  click Buy
   19      251.5    2.7%  park
   20      191.7    2.0%  confirm the dialog is gone
   21      141.7    1.5%  read the balance after buying
          9482.9  100.0%  TOTAL
TASK {"kind": "resupply", "core": "Chaos Core", "set": "Chaos Core Set", "slot": 3, "tab": 4, "step": "craft", "holding": "Chaos Core", "qty": 237, "price": 0}
  Inventory shut; pressing I (attempt 1)
  right-clicking the craft key on tab 6 slot (1, 8) at (1866, 237) (attempt 1/3)
  opening the 2000-2999 tier at [91, 210]
  choosing Chaos Core Set x3 at [146, 240]
  237 Chaos Core(s) bought this pass, 3 to a craft
  Request All at [265, 736]
  waiting 25s for 237 core(s) (5s per 50, rounded up)
  Complete All at [879, 735]
  the Sets arrived in [(1, 6), (1, 7), (1, 8), (2, 1)]
  compressing tab 4 slot (1, 6) at (1753, 237)
  237 Chaos Core(s) went into the queue

  craft from 237 Chaos Core(s)
    #         ms   share  step
    1     2704.9    8.0%  open the craft window
    2     2518.2    7.5%  select the recipe
    3      327.1    1.0%  Request All
    4    25001.5   74.1%  wait for the queue
    5      926.6    2.7%  select inventory tab 4 before completing
    6       30.7    0.1%  read the slots before any Set arrives
    7      828.2    2.5%  Complete All
    8     1407.9    4.2%  compress the crafted Sets
         33745.1  100.0%  TOTAL
TASK {"kind": "resupply", "core": "Chaos Core", "set": "Chaos Core Set", "slot": 3, "tab": 4, "step": "list", "holding": "Chaos Core Set", "qty": 237, "price": 0}
  the Agent Shop is shut and the vendor is not open either; reopening it
  Inventory shut: slot grid 0.11, needs 0.33
  listing the Chaos Core Set compressed into (1, 6) from 237 Chaos Core(s)
  the board's cheapest is 728,041 a Set, and the panel scales that to whatever the bundle holds
  it cost 717,087 a Core, so no Set goes out under that
  inventory slot (1,6) at (1753, 237)
    read: current min 172,545,717, price field 172,545,717, net sales 172,545,717, week average 172,556,856, listed at unread
    the lowest listed price is 172,545,717, from the row and 2 more
  the panel prices the bundle at 172,545,717, 237 x 728,041; the floor is 169,949,619
    market 172,545,717, typing 172,545,716, 1 under the market
    net sales 172,545,716 is 1 x 172,545,716
  typed 250; the net sales make it 1
    the panel holds 172,545,716 against the 172,545,716 typed
  tab 4 read in 30 ms after the listing: 0 slot(s) held

  list 1 at 172,545,716
    #         ms   share  step
    1       23.1    0.4%  read the panel before loading
    2      831.2   13.0%  ctrl-click (1,6) attempt 1
    3      720.2   11.3%  read the suggested price
    4     1693.2   26.6%  type the price 172,545,716
    5      965.8   15.2%  type the quantity 250
    6      461.4    7.2%  take the quantity from the net sales
    7      141.6    2.2%  read the price back before Register
    8      334.5    5.3%  click Register
    9      139.4    2.2%  find Confirmation
   10       28.0    0.4%  look for the underprice question
   11      326.4    5.1%  click Confirmation
   12      250.9    3.9%  park
   13      395.1    6.2%  confirm the dialog is gone
   14       29.2    0.5%  wait for the panel to let the item go
   15       30.2    0.5%  read tab 4 after the listing
          6370.2  100.0%  TOTAL
  listed 1 at 172,545,716; it lands in row 6
    'Chaos Core Set' was bought at 717,087 a unit and listed against a verified 728,041; a row of it with no cost of its own is floored at 717,087 from now on
DONE {"kind": "resupply", "core": "Chaos Core", "bought": 237, "listed": 1, "rows": [6]}

  resupply Chaos Core: bought 237, 237 into the craft, listed 1 in rows [6]
    #          ms   share     n      each  phase
    1    63,131.7   46.7%     1  63,131.7  buy order 3
    2    33,780.6   25.0%     1  33,780.6  craft Chaos Core into Chaos Core Set
    3     6,814.1    5.0%     1   6,814.1  buy order 4
    4     6,480.6    4.8%     1   6,480.6  buy order 1
    5     6,378.5    4.7%     1   6,378.5  list Chaos Core Set from (1, 6)
    6     5,026.5    3.7%     1   5,026.5  reopen the Agent Shop
    7     3,067.4    2.3%     1   3,067.4  price Chaos Core
    8     2,706.6    2.0%     1   2,706.6  buy order 2
    9     2,348.5    1.7%     1   2,348.5  select the Register tab
   10     1,534.8    1.1%     1   1,534.8  price Chaos Core Set
   11     1,524.9    1.1%     1   1,524.9  close the Agent Shop
   12       977.8    0.7%     1     977.8  close the craft window
   13       922.3    0.7%     1     922.3  select inventory tab 4
   14       371.3    0.3%     1     371.3  step down to the next offer (1)
        135,065.6  100.0%

  resupply order: Chaos Core, Force Core(High), Force Core(Highest), Upgrade Core (Ultimate), Divine Stone

-- Chaos Core Set under our listing: up to 3 row(s) --
  Chaos Core Set 728,040 - Chaos Core 717,000 = 11,040
  ours is listed at 728,040 a Set and a Chaos Core sells at 717,000; buying every Set under 712,000, 5,000 a Set below the lower of the two
  the cheapest Chaos Core Set is 728,040 a Set, not under 712,000; nothing to buy under ours

-- Divine Stone Set under our listing: up to 3 row(s) --
  Divine Stone Set 715,398 - Divine Stone 697,328 = 18,070
  ours is listed at 715,398 a Set and a Divine Stone sells at 697,328; buying every Set under 692,328, 5,000 a Set below the lower of the two
  the cheapest Divine Stone Set is 715,398 a Set, not under 692,328; nothing to buy under ours

  counting only rows 1-25; rows outside it are not repriced and do not count; 5 row(s) free
  core                            rows     buy/u    sell/u    margin  wants   short?
  Force Core(Highest)                3         -         -         -      -   holds the most it can want, 3; not priced
  Chaos Core                         4   717,000   728,040    11,040      5   YES
  Divine Stone                       4         -         -         -      -   holds the most it can want, 4; not priced
  Force Core(High)                   3         -         -         -      -   holds the most it can want, 3; not priced
  Upgrade Core (Ultimate)            3         -         -         -      -   holds the most it can want, 3; not priced
  Alz 69,272,556 held covers 96 Chaos Core at 717,000; buying what it covers

-- Chaos Core: 4 row(s) --
  5 row(s) free inside 1-25
  Chaos Core Set 728,040 - Chaos Core 717,000 = 11,040
  a margin of 11,040 is worth 5 row(s) of Chaos Core; 4 held
  buy_min 150 rolled to 149 (+/-15); buying 150 in whole batches of 3
  1 stays behind on every row bought; an order 10 step(s) down with nothing spare takes the row it is on whole, and the next order leaves 1 behind again; each order prices the favourite afresh, then wheels down, up to 30 step(s)
  every order takes all of the row it lands on, up to 999 held, and the orders stop once 150 is held
TASK {"kind": "resupply", "core": "Chaos Core", "set": "Chaos Core Set", "slot": 3, "tab": 4}
  0/150 Chaos Core held
  row 1 offers 'Chaos Core' x1 at 717,000 (717,000/unit)

  buy from favourite slot 3: REFUSED
    #         ms   share  step
    1        0.4    0.0%  get_price: focus the game
    2      152.7    4.4%  get_price: _trade_window_open (OCR 1300x190)
    3      170.1    4.9%  get_price: purchase_tab_showing
    4      261.8    7.6%  get_price: read row 1 before the search
    5      322.0    9.3%  get_price: click favourite slot 3
    6      135.1    3.9%  get_price: confirm the sort
    7      664.6   19.3%  get_price: poll row 1 until it answers (2 read(s))
    8     1741.5   50.5%  get_price: search the favourite and read row 1
          3448.3  100.0%  TOTAL
  row 1 holds 1 and 1 stays behind, so there is nothing spare to take here.
  wheeled 1 notch(es) down the offers, from row 2 at (500, 316)
  row 1 offers 'Chaos Core' x95 at 717,087 (717,087/unit)
    row 1 leaves 10,953 a core against the 5,000 wanted
    balance before 69,272,556
    Alz 69,272,556 covers 96 pack(s) at 717,087, not the 999 wanted; asking for 96
    row 1 holds 95, 1 stays behind, so at most 94 comes off it
    dialog: '* Chaos Core'  qty 1 of 95  price 717087
    999 core(s) wanted, 1 to a pack -> 96 pack(s); 95 available, taking 94
    ordering 94 pack(s) at 67,406,178; the spend will confirm what actually bought
    balance after  1,866,378; spent 67,406,178 bought 94 pack(s) = 94 core(s) (717,087 a core)

  buy from favourite slot 3: bought 94 core(s) in 94 order(s)
    #         ms   share  step
    1        0.5    0.0%  get_price: focus the game
    2      150.8    2.8%  get_price: _trade_window_open (OCR 1300x190)
    3      171.9    3.1%  get_price: purchase_tab_showing
    4      312.4    5.7%  get_price: read row 1 where it stands
    5      635.6   11.6%  get_price: search the favourite and read row 1
    6      325.4    5.9%  select inventory tab 4
    7      136.9    2.5%  read the balance before buying
    8      385.6    7.0%  click the row at (500, 260)
    9      323.9    5.9%  click Buy at (834, 260)
   10      129.0    2.4%  await the Purchase dialog
   11      436.7    8.0%  read the dialog (item, price, qty, qty_max)
   12     1343.6   24.5%  click the quantity field and type 94
   13      129.9    2.4%  find the Buy button
   14      321.3    5.9%  click Buy
   15      251.5    4.6%  park
   16      151.9    2.8%  confirm the dialog is gone
   17      274.1    5.0%  read the balance after buying
          5481.1  100.0%  TOTAL
  94/150 Chaos Core held
  row 1 offers 'Chaos Core' x1 at 717,000 (717,000/unit)

  buy from favourite slot 3: REFUSED
    #         ms   share  step
    1        0.4    0.0%  get_price: focus the game
    2      141.9    2.6%  get_price: _trade_window_open (OCR 1300x190)
    3      170.3    3.2%  get_price: purchase_tab_showing
    4      255.2    4.8%  get_price: read row 1 before the search
    5      331.2    6.2%  get_price: click favourite slot 3
    6      130.8    2.4%  get_price: confirm the sort
    7     1634.0   30.5%  get_price: poll row 1 until it answers (6 read(s))
    8     2698.3   50.3%  get_price: search the favourite and read row 1
          5362.1  100.0%  TOTAL
  row 1 holds 1 and 1 stays behind, so there is nothing spare to take here.
  wheeled 1 notch(es) down the offers, from row 2 at (500, 316)
  row 1 offers 'Chaos Core' x1 at 717,087 (717,087/unit)

  buy from favourite slot 3: REFUSED
    #         ms   share  step
    1        0.6    0.0%  get_price: focus the game
    2      152.0   10.3%  get_price: _trade_window_open (OCR 1300x190)
    3      171.5   11.6%  get_price: purchase_tab_showing
    4      417.1   28.1%  get_price: read row 1 where it stands
    5      741.3   50.0%  get_price: search the favourite and read row 1
          1482.4  100.0%  TOTAL
  row 1 holds 1 and 1 stays behind, so there is nothing spare to take here.
  wheeled 1 notch(es) down the offers, from row 2 at (500, 316)
  row 1 offers 'Chaos Core' x46 at 717,087 (717,087/unit)
    row 1 leaves 10,953 a core against the 5,000 wanted
    balance before 1,866,378
    Alz 1,866,378 covers 2 pack(s) at 717,087, not the 905 wanted; asking for 2
    row 1 holds 46, 1 stays behind, so at most 45 comes off it
    dialog: '* Chaos Core'  qty 1 of 2  price 717087
    the dialog allows at most 2 of the row's 46
    905 core(s) wanted, 1 to a pack -> 2 pack(s); 2 available, taking 2
    ordering 2 pack(s) at 1,434,174; the spend will confirm what actually bought
    balance after  432,204; spent 1,434,174 bought 2 pack(s) = 2 core(s) (717,087 a core)

  buy from favourite slot 3: bought 2 core(s) in 2 order(s)
    #         ms   share  step
    1        1.2    0.0%  get_price: focus the game
    2      147.5    2.8%  get_price: _trade_window_open (OCR 1300x190)
    3      169.9    3.2%  get_price: purchase_tab_showing
    4      305.0    5.8%  get_price: read row 1 where it stands
    5      623.6   11.8%  get_price: search the favourite and read row 1
    6      323.2    6.1%  select inventory tab 4
    7      136.1    2.6%  read the balance before buying
    8      378.7    7.2%  click the row at (500, 260)
    9      325.3    6.2%  click Buy at (834, 260)
   10      136.3    2.6%  await the Purchase dialog
   11      448.0    8.5%  read the dialog (item, price, qty, qty_max)
   12     1280.4   24.3%  click the quantity field and type 2
   13      125.9    2.4%  find the Buy button
   14      320.7    6.1%  click Buy
   15      251.2    4.8%  park
   16      166.1    3.1%  confirm the dialog is gone
   17      137.2    2.6%  read the balance after buying
          5276.3  100.0%  TOTAL
  96/150 Chaos Core held
  row 1 offers 'Chaos Core' x1 at 717,000 (717,000/unit)

  buy from favourite slot 3: REFUSED
    #         ms   share  step
    1        0.5    0.0%  get_price: focus the game
    2      177.3    3.3%  get_price: _trade_window_open (OCR 1300x190)
    3      166.4    3.1%  get_price: purchase_tab_showing
    4      248.1    4.6%  get_price: read row 1 before the search
    5      321.8    5.9%  get_price: click favourite slot 3
    6      132.9    2.4%  get_price: confirm the sort
    7     1648.9   30.4%  get_price: poll row 1 until it answers (6 read(s))
    8     2732.0   50.3%  get_price: search the favourite and read row 1
          5427.9  100.0%  TOTAL
  row 1 holds 1 and 1 stays behind, so there is nothing spare to take here.
  wheeled 1 notch(es) down the offers, from row 2 at (500, 316)
  row 1 offers 'Chaos Core' x1 at 717,087 (717,087/unit)

  buy from favourite slot 3: REFUSED
    #         ms   share  step
    1        0.7    0.1%  get_price: focus the game
    2      148.9   10.4%  get_price: _trade_window_open (OCR 1300x190)
    3      165.3   11.5%  get_price: purchase_tab_showing
    4      403.3   28.1%  get_price: read row 1 where it stands
    5      718.3   50.0%  get_price: search the favourite and read row 1
          1436.5  100.0%  TOTAL
  row 1 holds 1 and 1 stays behind, so there is nothing spare to take here.
  wheeled 1 notch(es) down the offers, from row 2 at (500, 316)
  row 1 offers 'Chaos Core' x44 at 717,087 (717,087/unit)
    row 1 leaves 10,953 a core against the 5,000 wanted
    balance before 432,204

  buy from favourite slot 3: REFUSED
    #         ms   share  step
    1        0.7    0.0%  get_price: focus the game
    2      150.4    8.8%  get_price: _trade_window_open (OCR 1300x190)
    3      168.4    9.9%  get_price: purchase_tab_showing
    4      304.8   17.8%  get_price: read row 1 where it stands
    5      624.2   36.6%  get_price: search the favourite and read row 1
    6      323.3   18.9%  select inventory tab 4
    7      136.0    8.0%  read the balance before buying
          1707.7  100.0%  TOTAL
  stopping: Alz 432,204 held and row 1 asks 717,087 a pack; nothing can be bought. Nothing clicked.
TASK {"kind": "resupply", "core": "Chaos Core", "set": "Chaos Core Set", "slot": 3, "tab": 4, "step": "craft", "holding": "Chaos Core", "qty": 96, "price": 0}
  Inventory shut; pressing I (attempt 1)
  right-clicking the craft key on tab 6 slot (1, 8) at (1866, 237) (attempt 1/3)
  opening the 2000-2999 tier at [91, 210]
  choosing Chaos Core Set x3 at [146, 240]
  96 Chaos Core(s) bought this pass, 3 to a craft
  Request All at [265, 736]
  waiting 10s for 96 core(s) (5s per 50, rounded up)
  Complete All at [879, 735]
  the Sets arrived in [(1, 1), (1, 2), (1, 3), (1, 4)]
  compressing tab 4 slot (1, 1) at (1471, 237)
  96 Chaos Core(s) went into the queue

  craft from 96 Chaos Core(s)
    #         ms   share  step
    1     2689.8   14.4%  open the craft window
    2     2520.8   13.5%  select the recipe
    3      324.2    1.7%  Request All
    4    10001.3   53.4%  wait for the queue
    5      928.4    5.0%  select inventory tab 4 before completing
    6       28.3    0.2%  read the slots before any Set arrives
    7      825.9    4.4%  Complete All
    8     1401.1    7.5%  compress the crafted Sets
         18719.8  100.0%  TOTAL
TASK {"kind": "resupply", "core": "Chaos Core", "set": "Chaos Core Set", "slot": 3, "tab": 4, "step": "list", "holding": "Chaos Core Set", "qty": 96, "price": 0}
  the Agent Shop is shut and the vendor is not open either; reopening it
  Inventory shut: slot grid 0.11, needs 0.33
  listing the Chaos Core Set compressed into (1, 1) from 96 Chaos Core(s)
  the board's cheapest is 728,040 a Set, and the panel scales that to whatever the bundle holds
  it cost 717,087 a Core, so no Set goes out under that
  inventory slot (1,1) at (1471, 237)
    read: current min 69,891,744, price field 69,891,744, net sales 69,891,744, week average 69,896,448, listed at unread
    the lowest listed price is 69,891,744, from the row and 2 more
  the panel prices the bundle at 69,891,744, 96 x 728,040; the floor is 68,840,352
    market 69,891,744, typing 69,891,743, 1 under the market
    net sales 69,891,743 is 1 x 69,891,743
  typed 250; the net sales make it 1
    the panel holds 69,891,743 against the 69,891,743 typed
  tab 4 read in 33 ms after the listing: 0 slot(s) held

  list 1 at 69,891,743
    #         ms   share  step
    1       23.3    0.4%  read the panel before loading
    2      829.8   13.2%  ctrl-click (1,1) attempt 1
    3      700.7   11.1%  read the suggested price
    4     1620.2   25.8%  type the price 69,891,743
    5      963.3   15.3%  type the quantity 250
    6      459.5    7.3%  take the quantity from the net sales
    7      140.5    2.2%  read the price back before Register
    8      322.5    5.1%  click Register
    9      144.0    2.3%  find Confirmation
   10       23.9    0.4%  look for the underprice question
   11      325.6    5.2%  click Confirmation
   12      251.5    4.0%  park
   13      427.5    6.8%  confirm the dialog is gone
   14       22.5    0.4%  wait for the panel to let the item go
   15       32.6    0.5%  read tab 4 after the listing
          6287.5  100.0%  TOTAL
  listed 1 at 69,891,743; it lands in row 21
    'Chaos Core Set' was bought at 717,087 a unit and listed against a verified 728,039; a row of it with no cost of its own is floored at 717,087 from now on
DONE {"kind": "resupply", "core": "Chaos Core", "bought": 96, "listed": 1, "rows": [21]}

  resupply Chaos Core: bought 96, 96 into the craft, listed 1 in rows [21]
    #          ms   share     n      each  phase
    1    18,750.5   31.2%     1  18,750.5  craft Chaos Core into Chaos Core Set
    2     6,295.7   10.5%     1   6,295.7  list Chaos Core Set from (1, 1)
    3     5,060.3    8.4%     1   5,060.3  reopen the Agent Shop
    4     4,861.3    8.1%     1   4,861.3  buy order 2
    5     4,668.6    7.8%     1   4,668.6  buy order 5
    6     2,734.8    4.5%     1   2,734.8  buy order 6
    7     2,700.1    4.5%     1   2,700.1  buy order 3
    8     2,353.4    3.9%     1   2,353.4  select the Register tab
    9     1,743.1    2.9%     1   1,743.1  buy order 1
   10     1,630.3    2.7%     1   1,630.3  price Divine Stone
   11     1,520.5    2.5%     1   1,520.5  price Divine Stone Set
   12     1,507.7    2.5%     1   1,507.7  close the Agent Shop
   13     1,113.9    1.9%     3     371.3  step down to the next offer (1)
   14     1,085.5    1.8%     1   1,085.5  buy order 8
   15     1,022.5    1.7%     1   1,022.5  close the craft window
   16       922.4    1.5%     1     922.4  select inventory tab 4
   17       743.8    1.2%     2     371.9  step down to the next offer (2)
   18       742.7    1.2%     1     742.7  buy order 4
   19       719.9    1.2%     1     719.9  buy order 7
         60,176.8  100.0%
  Chaos Core: 5 of 5 row(s) after that one
  tab 4 read from the screen after the stall: 0 slot(s) held
  tab 4 read from the screen in 1605 ms: 0 slot(s) held
  row 1: 'Force Core(Highest' x202 at 199,743 -> tab 4 slot (1, 1)
    floor 181,900 (181,900 x 1) from Force Core Set (Highest) as last bought; listed at 199,743, above it
TASK {"kind": "relist", "row": 1, "item": "Force Core(Highest", "qty": 202, "price": 199743, "tab": 4, "slot": [1, 1], "lands_in": 1}
  inventory slot (1,1) at (1471, 237)
    read: current min 199,744, price field 199,744, net sales 199,744, week average 213,123, listed at 199,743
    the lowest listed price is 199,744, from the row and 3 more
    market 199,744, typing 199,743, 1 under the market
    net sales 40,348,086 is 202 x 199,743
  typed 250; the net sales make it 202
    the panel holds 199,743 against the 199,743 typed
  tab 4 read in 31 ms after the listing: 0 slot(s) held

  list 202 at 199,743
    #         ms   share  step
    1       24.0    0.4%  read the panel before loading
    2       25.9    0.4%  wait for slot (1,1) to fill
    3      834.0   13.6%  ctrl-click (1,1) attempt 1
    4      697.3   11.4%  read the suggested price
    5     1474.6   24.0%  type the price 199,743
    6      963.0   15.7%  type the quantity 250
    7      469.6    7.6%  take the quantity from the net sales
    8      135.3    2.2%  read the price back before Register
    9      325.7    5.3%  click Register
   10      135.6    2.2%  find Confirmation
   11       24.3    0.4%  look for the underprice question
   12      328.1    5.3%  click Confirmation
   13      251.4    4.1%  park
   14      395.2    6.4%  confirm the dialog is gone
   15       25.7    0.4%  wait for the panel to let the item go
   16       31.2    0.5%  read tab 4 after the listing
          6141.1  100.0%  TOTAL
  listed 202 at 199,743; it lands in row 1
DONE {"kind": "relist", "row": 1, "lands_in": 1, "qty": 202, "price": 199743, "item": "Force Core(Highest"}
    relisted 202 at 199,743 in row 1
  row 2 has SOLD (fully); collecting
    collected; row 2 is empty, nothing to relist
  the Chaos Core special row sold; buying it back now, not on the next pass

-- Chaos Core special row 1 of 1: 1 at 500 to 700 under the market --
  1 stays behind on every row bought; an order 10 step(s) down with nothing spare takes the row it is on whole, and the next order leaves 1 behind again; each order prices the favourite afresh, then wheels down, up to 30 step(s)
TASK {"kind": "resupply", "core": "Chaos Core", "slot": 3, "tab": 4, "landing": [1, 1], "special": true}
  slot 3: attempt 1/10 timed out after 8s; row 1 reads '', expected 'Chaos Core'
  the server is not answering; idling 60s rather than reading a screen it cannot serve
  the server is answering again after 60s
  the server stalled; closing the shop rather than trusting what is on screen
  whatever the stall left in tab 4 is read from the screen before the next withdrawal
restoring the default state:
  no Trade window or vendor open; not pressing Escape
  I: Inventory closed

  buy from favourite slot 3: REFUSED
    #         ms   share  step
    1        0.4    0.0%  get_price: focus the game
    2      174.6    0.1%  get_price: _trade_window_open (OCR 1300x190)
    3      167.7    0.1%  get_price: purchase_tab_showing
    4     1423.9    1.0%  get_price: click the Purchase tab + settle
    5       24.2    0.0%  get_price: read row 1 before the search
    6      325.4    0.2%  get_price: click favourite slot 3
    7     8115.1    5.5%  get_price: poll row 1 until it answers (260 read(s))
    8       26.5    0.0%  get_price: read row 1 before the search
    9    62460.6   42.6%  get_price: click favourite slot 3
   10    74053.2   50.5%  get_price: search the favourite and read row 1
        146771.7  100.0%  TOTAL
  the Chaos Core special row keeps its place at buy; the next pass carries on there
  the Agent Shop is shut and the vendor is not open either; reopening it
  Inventory shut: slot grid 0.11, needs 0.33
  the server stalled for 60s; nothing was clicked and the shop is shut. The pass starts again.

-- pass 5 --
  tab 4 read from the screen after the stall: 0 slot(s) held

-- Chaos Core special row: carrying on at buy where it stopped; 0 bought --
TASK {"kind": "resupply", "core": "Chaos Core", "slot": 3, "tab": 4, "landing": [1, 1], "resumed": "buy", "special": true}
  row 1 offers 'Chaos Core' x1 at 717,000 (717,000/unit)

  buy from favourite slot 3: REFUSED
    #         ms   share  step
    1        0.4    0.0%  get_price: focus the game
    2      175.8    3.1%  get_price: _trade_window_open (OCR 1300x190)
    3      165.8    3.0%  get_price: purchase_tab_showing
    4     1431.1   25.5%  get_price: click the Purchase tab + settle
    5       25.7    0.5%  get_price: read row 1 before the search
    6      319.9    5.7%  get_price: click favourite slot 3
    7      133.9    2.4%  get_price: confirm the sort
    8      538.5    9.6%  get_price: poll row 1 until it answers (6 read(s))
    9     2822.4   50.3%  get_price: search the favourite and read row 1
          5613.6  100.0%  TOTAL
  row 1 holds 1 and 1 stays behind, so there is nothing spare to take here.
  wheeled 1 notch(es) down the offers, from row 2 at (500, 316)
  row 1 offers 'Chaos Core' x1 at 717,000 (717,000/unit)

  buy from favourite slot 3: REFUSED
    #         ms   share  step
    1        1.6    0.1%  get_price: focus the game
    2      148.9   10.3%  get_price: _trade_window_open (OCR 1300x190)
    3      169.8   11.8%  get_price: purchase_tab_showing
    4      401.6   27.8%  get_price: read row 1 where it stands
    5      722.0   50.0%  get_price: search the favourite and read row 1
          1443.9  100.0%  TOTAL
  row 1 holds 1 and 1 stays behind, so there is nothing spare to take here.
  wheeled 1 notch(es) down the offers, from row 2 at (500, 316)
  row 1 offers 'Chaos Core' x1 at 717,087 (717,087/unit)

  buy from favourite slot 3: REFUSED
    #         ms   share  step
    1        0.4    0.0%  get_price: focus the game
    2      150.9   10.5%  get_price: _trade_window_open (OCR 1300x190)
    3      166.1   11.5%  get_price: purchase_tab_showing
    4      401.6   27.9%  get_price: read row 1 where it stands
    5      719.0   50.0%  get_price: search the favourite and read row 1
          1438.0  100.0%  TOTAL
  row 1 holds 1 and 1 stays behind, so there is nothing spare to take here.
  wheeled 1 notch(es) down the offers, from row 2 at (500, 316)
  row 1 offers 'Chaos Core' x1 at 717,087 (717,087/unit)

  buy from favourite slot 3: REFUSED
    #         ms   share  step
    1        0.5    0.0%  get_price: focus the game
    2      146.2   10.2%  get_price: _trade_window_open (OCR 1300x190)
    3      166.7   11.6%  get_price: purchase_tab_showing
    4      403.9   28.2%  get_price: read row 1 where it stands
    5      717.3   50.0%  get_price: search the favourite and read row 1
          1434.6  100.0%  TOTAL
  row 1 holds 1 and 1 stays behind, so there is nothing spare to take here.
  wheeled 1 notch(es) down the offers, from row 2 at (500, 316)
  row 1 offers 'Chaos Core' x1 at 717,087 (717,087/unit)

  buy from favourite slot 3: REFUSED
    #         ms   share  step
    1        0.8    0.1%  get_price: focus the game
    2      162.3   11.2%  get_price: _trade_window_open (OCR 1300x190)
    3      165.2   11.4%  get_price: purchase_tab_showing
    4      399.0   27.4%  get_price: read row 1 where it stands
    5      727.3   50.0%  get_price: search the favourite and read row 1
          1454.5  100.0%  TOTAL
  row 1 holds 1 and 1 stays behind, so there is nothing spare to take here.
  wheeled 1 notch(es) down the offers, from row 2 at (500, 316)
  row 1 offers 'Chaos Core' x1 at 717,087 (717,087/unit)

  buy from favourite slot 3: REFUSED
    #         ms   share  step
    1        0.8    0.1%  get_price: focus the game
    2      153.9   10.6%  get_price: _trade_window_open (OCR 1300x190)
    3      170.0   11.7%  get_price: purchase_tab_showing
    4      401.9   27.7%  get_price: read row 1 where it stands
    5      726.6   50.0%  get_price: search the favourite and read row 1
          1453.2  100.0%  TOTAL
  row 1 holds 1 and 1 stays behind, so there is nothing spare to take here.
  wheeled 1 notch(es) down the offers, from row 2 at (500, 316)
  row 1 offers 'Chaos Core' x111 at 717,087 (717,087/unit)
    balance before 1,148,171
    row 1 holds 111, 1 stays behind, so at most 110 comes off it
    dialog: '* Chaos Core'  qty 1 of 1  price 717087
    the dialog allows at most 1 of the row's 111
    1 core(s) wanted, 1 to a pack -> 1 pack(s); 1 available, taking 1
    the quantity field already reads 1; not retyping it
    ordering 1 pack(s) at 717,087; the spend will confirm what actually bought
    balance after  431,084; spent 717,087 bought 1 pack(s) = 1 core(s) (717,087 a core)

  buy from favourite slot 3: bought 1 core(s) in 1 order(s)
    #         ms   share  step
    1        0.9    0.0%  get_price: focus the game
    2      150.4    3.8%  get_price: _trade_window_open (OCR 1300x190)
    3      172.6    4.3%  get_price: purchase_tab_showing
    4      307.3    7.7%  get_price: read row 1 where it stands
    5      631.3   15.8%  get_price: search the favourite and read row 1
    6      326.2    8.2%  select inventory tab 4
    7      138.4    3.5%  read the balance before buying
    8      385.8    9.7%  click the row at (500, 260)
    9      321.6    8.1%  click Buy at (834, 260)
   10      131.6    3.3%  await the Purchase dialog
   11      433.9   10.9%  read the dialog (item, price, qty, qty_max)
   12      126.4    3.2%  find the Buy button
   13      321.9    8.1%  click Buy
   14      251.1    6.3%  park
   15      159.5    4.0%  confirm the dialog is gone
   16      133.8    3.4%  read the balance after buying
          3992.6  100.0%  TOTAL
    tab 4 slot (1, 1) is held for 'Chaos Core'; it frees when something is listed from it
  the Chaos Core landed in tab 4 slot (1, 1)
TASK {"kind": "resupply", "core": "Chaos Core", "slot": 3, "tab": 4, "landing": [1, 1], "step": "list", "holding": "Chaos Core", "qty": 1, "special": true}
  inventory slot (1,1) at (1471, 237)
    read: current min 717,000, price field 717,000, net sales 717,000, week average 717,087, listed at unread
    the lowest listed price is 717,000, from the row and 2 more
    market 717,000, typing 716,304, 696 under the market
    net sales 716,304 is 1 x 716,304
  typed 250; the net sales make it 1
    the panel holds 716,304 against the 716,304 typed
  tab 4 read in 31 ms after the listing: 0 slot(s) held

  list 1 at 716,304
    #         ms   share  step
    1       28.0    0.5%  read the panel before loading
    2      831.3   13.6%  ctrl-click (1,1) attempt 1
    3      703.3   11.5%  read the suggested price
    4     1474.1   24.1%  type the price 716,304
    5      967.4   15.8%  type the quantity 250
    6      452.9    7.4%  take the quantity from the net sales
    7      136.4    2.2%  read the price back before Register
    8      326.9    5.3%  click Register
    9      134.4    2.2%  find Confirmation
   10       24.0    0.4%  look for the underprice question
   11      326.5    5.3%  click Confirmation
   12      251.4    4.1%  park
   13      402.2    6.6%  confirm the dialog is gone
   14       27.9    0.5%  wait for the panel to let the item go
   15       31.3    0.5%  read tab 4 after the listing
          6118.0  100.0%  TOTAL
  listed 1 at 716,304; it lands in row 2
  the Chaos Core special row is listed at 716,304 in row 2
DONE {"kind": "resupply", "core": "Chaos Core", "bought": 1, "listed": 1, "rows": [2], "special": true}

  resupply order: Chaos Core, Force Core(High), Force Core(Highest), Upgrade Core (Ultimate), Divine Stone

-- Chaos Core Set under our listing: up to 3 row(s) --
  Chaos Core Set 728,037 - Chaos Core 716,304 = 11,733
  ours is listed at 728,038 a Set and a Chaos Core sells at 716,304; buying every Set under 711,304, 5,000 a Set below the lower of the two
  the cheapest Chaos Core Set is 728,037 a Set, not under 711,304; nothing to buy under ours

-- Divine Stone Set under our listing: up to 3 row(s) --
  Divine Stone Set 715,398 - Divine Stone 697,328 = 18,070
  ours is listed at 715,398 a Set and a Divine Stone sells at 697,328; buying every Set under 692,328, 5,000 a Set below the lower of the two
  the cheapest Divine Stone Set is 715,398 a Set, not under 692,328; nothing to buy under ours

  counting only rows 1-25; rows outside it are not repriced and do not count; 4 row(s) free
  core                            rows     buy/u    sell/u    margin  wants   short?
  Force Core(Highest)                3         -         -         -      -   holds the most it can want, 3; not priced
  Chaos Core                         5         -         -         -      -   holds the most it can want, 5; not priced
  Divine Stone                       4         -         -         -      -   holds the most it can want, 4; not priced
  Force Core(High)                   3         -         -         -      -   holds the most it can want, 3; not priced
  Upgrade Core (Ultimate)            3         -         -         -      -   holds the most it can want, 3; not priced

  nothing inside rows 1-25 holds fewer rows than its margin is worth.
  tab 4 known from the last listing: 0 slot(s) held
  row 1: 'Force Core(Highest' x202 at 199,743 -> tab 4 slot (1, 1)
    floor 181,900 (181,900 x 1) from Force Core Set (Highest) as last bought; listed at 199,743, above it
TASK {"kind": "relist", "row": 1, "item": "Force Core(Highest", "qty": 202, "price": 199743, "tab": 4, "slot": [1, 1], "lands_in": 1}
  inventory slot (1,1) at (1471, 237)
    read: current min 199,744, price field 199,744, net sales 199,744, week average 213,123, listed at 199,743
    the lowest listed price is 199,744, from the row and 3 more
    market 199,744, typing 199,743, 1 under the market
    net sales 40,348,086 is 202 x 199,743
  typed 250; the net sales make it 202
    the panel holds 199,743 against the 199,743 typed
  tab 4 read in 33 ms after the listing: 0 slot(s) held

  list 202 at 199,743
    #         ms   share  step
    1       21.4    0.3%  read the panel before loading
    2       21.8    0.3%  wait for slot (1,1) to fill
    3      834.1   13.4%  ctrl-click (1,1) attempt 1
    4      800.1   12.8%  read the suggested price
    5     1467.6   23.5%  type the price 199,743
    6      963.8   15.4%  type the quantity 250
    7      460.6    7.4%  take the quantity from the net sales
    8      139.6    2.2%  read the price back before Register
    9      323.2    5.2%  click Register
   10      135.6    2.2%  find Confirmation
   11       24.3    0.4%  look for the underprice question
   12      325.7    5.2%  click Confirmation
   13      251.1    4.0%  park
   14      421.1    6.7%  confirm the dialog is gone
   15       24.0    0.4%  wait for the panel to let the item go
   16       32.8    0.5%  read tab 4 after the listing
          6246.8  100.0%  TOTAL
  listed 202 at 199,743; it lands in row 1
DONE {"kind": "relist", "row": 1, "lands_in": 1, "qty": 202, "price": 199743, "item": "Force Core(Highest"}
    relisted 202 at 199,743 in row 1
  tab 4 known from the last listing: 0 slot(s) held
  row 2: 'Chaos Core' x1 at 716,304 -> tab 4 slot (1, 1)
    floor 717,087 (717,087 x 1) from what it cost; listed at 716,304, UNDER the floor
TASK {"kind": "relist", "row": 2, "item": "Chaos Core", "qty": 1, "price": 716304, "tab": 4, "slot": [1, 1], "lands_in": 2}
    row 2 is the Chaos Core special row; listing at 649 under the market, no floor
  inventory slot (1,1) at (1471, 237)
    read: current min 717,000, price field 717,000, net sales 717,000, week average 717,087, listed at unread
    the lowest listed price is 717,000, from the row and 2 more
    market 717,000, typing 716,351, 649 under the market
    net sales 716,351 is 1 x 716,351
  typed 250; the net sales make it 1
    the panel holds 716,351 against the 716,351 typed
  tab 4 read in 31 ms after the listing: 0 slot(s) held

  list 1 at 716,351
    #         ms   share  step
    1       23.1    0.4%  read the panel before loading
    2       28.0    0.5%  wait for slot (1,1) to fill
    3      826.8   13.5%  ctrl-click (1,1) attempt 1
    4      690.9   11.3%  read the suggested price
    5     1477.0   24.1%  type the price 716,351
    6      960.7   15.7%  type the quantity 250
    7      452.0    7.4%  take the quantity from the net sales
    8      139.4    2.3%  read the price back before Register
    9      325.1    5.3%  click Register
   10      134.1    2.2%  find Confirmation
   11       26.0    0.4%  look for the underprice question
   12      325.7    5.3%  click Confirmation
   13      251.2    4.1%  park
   14      408.0    6.7%  confirm the dialog is gone
   15       29.5    0.5%  wait for the panel to let the item go
   16       31.4    0.5%  read tab 4 after the listing
          6128.9  100.0%  TOTAL
  listed 1 at 716,351; it lands in row 2
DONE {"kind": "relist", "row": 2, "lands_in": 2, "qty": 1, "price": 716351, "item": "Chaos Core"}
    relisted 1 at 716,351 in row 2
    the quantity column read 'Chest', which holds no digits, so it is the end of the name and not a count; reading the row as 'Honor Medal Chest' and letting the panel count what is there
  tab 4 known from the last listing: 0 slot(s) held
  row 3: 'Honor Medal Chest' x2 at 219,809,999 -> tab 4 slot (1, 1)
    the quantity column read 'Chest', which holds no digits, so it is the end of the name and not a count; reading the row as 'Honor Medal Chest' and letting the panel count what is there
    no floor for 'Honor Medal Chest'
TASK {"kind": "relist", "row": 3, "item": "Honor Medal Chest", "qty": 2, "price": 219809999, "tab": 4, "slot": [1, 1], "lands_in": 3}
  inventory slot (1,1) at (1471, 237)
    read: current min 187,500,000, price field 187,500,000, net sales 187,500,000, week average 220,000,000, listed at 219,809,999
    the lowest listed price is 187,500,000, from the row and 3 more
    the market asks 187,499,999, 32,310,000 under our 219,809,999; holding at 219,799,999, the most this row may fall in one relist
    market 187,500,000, typing 219,799,999, 32,299,999 over the market
    net sales 439,599,998 is 2 x 219,799,999
  typed 250; the net sales make it 2
    the panel holds 219,799,999 against the 219,799,999 typed
  tab 4 read in 32 ms after the listing: 0 slot(s) held

  list 2 at 219,799,999
    #         ms   share  step
    1       27.3    0.4%  read the panel before loading
    2       27.6    0.4%  wait for slot (1,1) to fill
    3      824.6   12.9%  ctrl-click (1,1) attempt 1
    4      700.2   11.0%  read the suggested price
    5     1692.8   26.6%  type the price 219,799,999
    6      971.7   15.2%  type the quantity 250
    7      459.1    7.2%  take the quantity from the net sales
    8      137.6    2.2%  read the price back before Register
    9      335.7    5.3%  click Register
   10      136.0    2.1%  find Confirmation
   11       23.7    0.4%  look for the underprice question
   12      326.2    5.1%  click Confirmation
   13      251.4    3.9%  park
   14      401.5    6.3%  confirm the dialog is gone
   15       28.7    0.4%  wait for the panel to let the item go
   16       31.7    0.5%  read tab 4 after the listing
          6375.7  100.0%  TOTAL
  listed 2 at 219,799,999; it lands in row 3
DONE {"kind": "relist", "row": 3, "lands_in": 3, "qty": 2, "price": 219799999, "item": "Honor Medal Chest"}
    relisted 2 at 219,799,999 in row 3
  tab 4 known from the last listing: 0 slot(s) held
  row 4: 'Upgrade Core (Ultimate' x250 at 449,819 -> tab 4 slot (1, 1)
    floor 442,381 (442,381 x 1) from Upgrade Core Set (Ultimate) as last bought; listed at 449,819, above it
TASK {"kind": "relist", "row": 4, "item": "Upgrade Core (Ultimate", "qty": 250, "price": 449819, "tab": 4, "slot": [1, 1], "lands_in": 4}
  inventory slot (1,1) at (1471, 237)
    read: current min 449,820, price field 449,820, net sales 449,820, week average 466,479, listed at 449,819
    the lowest listed price is 449,820, from the row and 3 more
    market 449,820, typing 449,819, 1 under the market
    net sales 112,454,750 is 250 x 449,819
  typed 250; the net sales make it 250
    the panel holds 449,819 against the 449,819 typed
  tab 4 read in 35 ms after the listing: 0 slot(s) held

  list 250 at 449,819
    #         ms   share  step
    1       25.9    0.4%  read the panel before loading
    2       27.0    0.4%  wait for slot (1,1) to fill
    3      827.0   13.5%  ctrl-click (1,1) attempt 1
    4      699.1   11.4%  read the suggested price
    5     1476.6   24.0%  type the price 449,819
    6      960.0   15.6%  type the quantity 250
    7      463.5    7.5%  take the quantity from the net sales
    8      135.2    2.2%  read the price back before Register
    9      324.3    5.3%  click Register
   10      137.4    2.2%  find Confirmation
   11       22.8    0.4%  look for the underprice question
   12      326.5    5.3%  click Confirmation
   13      251.4    4.1%  park
   14      405.2    6.6%  confirm the dialog is gone
   15       24.9    0.4%  wait for the panel to let the item go
   16       35.1    0.6%  read tab 4 after the listing
          6141.9  100.0%  TOTAL
  listed 250 at 449,819; it lands in row 4
DONE {"kind": "relist", "row": 4, "lands_in": 4, "qty": 250, "price": 449819, "item": "Upgrade Core (Ultimate"}
    relisted 250 at 449,819 in row 4
  tab 4 known from the last listing: 0 slot(s) held
  row 5: 'Divine Stone Set X 141' x1 at 100,871,258 -> tab 4 slot (1, 1)
    floor 99,052,500 (702,500 x 141) from Divine Stone as last bought; listed at 100,871,258, above it
TASK {"kind": "relist", "row": 5, "item": "Divine Stone Set X 141", "qty": 1, "price": 100871258, "tab": 4, "slot": [1, 1], "lands_in": 5}
  inventory slot (1,1) at (1471, 237)
    read: current min 100,871,259, price field 100,871,259, net sales 100,871,259, week average 101,485,596, listed at 100,871,258
    the lowest listed price is 100,871,259, from the row and 3 more
    market 100,871,259, typing 100,871,258, 1 under the market
    net sales 100,871,258 is 1 x 100,871,258
  typed 250; the net sales make it 1
    the panel holds 100,871,258 against the 100,871,258 typed
  tab 4 read in 30 ms after the listing: 0 slot(s) held

  list 1 at 100,871,258
    #         ms   share  step
    1       22.7    0.4%  read the panel before loading
    2       28.0    0.4%  wait for slot (1,1) to fill
    3      826.0   12.9%  ctrl-click (1,1) attempt 1
    4      712.6   11.1%  read the suggested price
    5     1689.0   26.3%  type the price 100,871,258
    6      968.7   15.1%  type the quantity 250
    7      465.8    7.3%  take the quantity from the net sales
    8      136.4    2.1%  read the price back before Register
    9      323.8    5.0%  click Register
   10      141.7    2.2%  find Confirmation
   11       25.5    0.4%  look for the underprice question
   12      328.9    5.1%  click Confirmation
   13      251.7    3.9%  park
   14      441.9    6.9%  confirm the dialog is gone
   15       26.1    0.4%  wait for the panel to let the item go
   16       29.9    0.5%  read tab 4 after the listing
          6418.7  100.0%  TOTAL
  listed 1 at 100,871,258; it lands in row 5
DONE {"kind": "relist", "row": 5, "lands_in": 5, "qty": 1, "price": 100871258, "item": "Divine Stone Set X 141"}
    relisted 1 at 100,871,258 in row 5
  tab 4 known from the last listing: 0 slot(s) held
  row 6: 'Chaos Core Set X 237' x1 at 172,545,716 -> tab 4 slot (1, 1)
    floor 169,949,619 (717,087 x 237) from what it cost; listed at 172,545,716, above it
TASK {"kind": "relist", "row": 6, "item": "Chaos Core Set X 237", "qty": 1, "price": 172545716, "tab": 4, "slot": [1, 1], "lands_in": 6}
  inventory slot (1,1) at (1471, 237)
    read: current min 172,544,769, price field 172,544,769, net sales 172,544,769, week average 172,556,856, listed at 172,545,716
    the lowest listed price is 172,544,769, from the row and 3 more
    market 172,544,769, typing 172,544,768, 1 under the market
    net sales 172,544,768 is 1 x 172,544,768
  typed 250; the net sales make it 1
    the panel holds 172,544,768 against the 172,544,768 typed
  tab 4 read in 32 ms after the listing: 0 slot(s) held

  list 1 at 172,544,768
    #         ms   share  step
    1       24.4    0.4%  read the panel before loading
    2       28.6    0.4%  wait for slot (1,1) to fill
    3      835.9   13.1%  ctrl-click (1,1) attempt 1
    4      701.9   11.0%  read the suggested price
    5     1682.9   26.3%  type the price 172,544,768
    6      963.6   15.1%  type the quantity 250
    7      468.4    7.3%  take the quantity from the net sales
    8      139.8    2.2%  read the price back before Register
    9      321.4    5.0%  click Register
   10      137.7    2.2%  find Confirmation
   11       22.3    0.3%  look for the underprice question
   12      326.8    5.1%  click Confirmation
   13      251.6    3.9%  park
   14      423.5    6.6%  confirm the dialog is gone
   15       26.2    0.4%  wait for the panel to let the item go
   16       32.0    0.5%  read tab 4 after the listing
          6387.2  100.0%  TOTAL
  listed 1 at 172,544,768; it lands in row 6
DONE {"kind": "relist", "row": 6, "lands_in": 6, "qty": 1, "price": 172544768, "item": "Chaos Core Set X 237"}
    relisted 1 at 172,544,768 in row 6
  tab 4 known from the last listing: 0 slot(s) held
  row 7: 'Divine Stone Set X 138' x1 at 98,725,475 -> tab 4 slot (1, 1)
    floor 96,945,000 (702,500 x 138) from what it cost; listed at 98,725,475, above it
TASK {"kind": "relist", "row": 7, "item": "Divine Stone Set X 138", "qty": 1, "price": 98725475, "tab": 4, "slot": [1, 1], "lands_in": 7}
  inventory slot (1,1) at (1471, 237)
    read: current min 98,724,924, price field 98,724,924, net sales 98,724,924, week average 99,326,328, listed at 98,725,475
    the lowest listed price is 98,724,924, from the row and 3 more
    market 98,724,924, typing 98,724,923, 1 under the market
    net sales 98,724,923 is 1 x 98,724,923
  typed 250; the net sales make it 1
    the panel holds 98,724,923 against the 98,724,923 typed
  tab 4 read in 32 ms after the listing: 0 slot(s) held

  list 1 at 98,724,923
    #         ms   share  step
    1       23.5    0.4%  read the panel before loading
    2       27.7    0.4%  wait for slot (1,1) to fill
    3      832.3   13.2%  ctrl-click (1,1) attempt 1
    4      712.6   11.3%  read the suggested price
    5     1617.8   25.6%  type the price 98,724,923
    6      963.4   15.3%  type the quantity 250
    7      457.8    7.3%  take the quantity from the net sales
    8      142.2    2.3%  read the price back before Register
    9      326.1    5.2%  click Register
   10      143.1    2.3%  find Confirmation
   11       21.9    0.3%  look for the underprice question
   12      328.1    5.2%  click Confirmation
   13      251.2    4.0%  park
   14      408.9    6.5%  confirm the dialog is gone
   15       26.8    0.4%  wait for the panel to let the item go
   16       31.5    0.5%  read tab 4 after the listing
          6315.0  100.0%  TOTAL
  listed 1 at 98,724,923; it lands in row 7
DONE {"kind": "relist", "row": 7, "lands_in": 7, "qty": 1, "price": 98724923, "item": "Divine Stone Set X 138"}
    relisted 1 at 98,724,923 in row 7
  tab 4 known from the last listing: 0 slot(s) held
  row 8: 'Divine Stone Set X 156' x1 at 111,602,555 -> tab 4 slot (1, 1)
    floor 109,590,000 (702,500 x 156) from what it cost; listed at 111,602,555, above it
TASK {"kind": "relist", "row": 8, "item": "Divine Stone Set X 156", "qty": 1, "price": 111602555, "tab": 4, "slot": [1, 1], "lands_in": 8}
  inventory slot (1,1) at (1471, 237)
    read: current min 111,601,932, price field 111,601,932, net sales 111,601,932, week average 112,281,936, listed at 111,602,555
    the lowest listed price is 111,601,932, from the row and 3 more
    market 111,601,932, typing 111,601,931, 1 under the market
    net sales 111,601,931 is 1 x 111,601,931
  typed 250; the net sales make it 1
    the panel holds 111,601,931 against the 111,601,931 typed
  tab 4 read in 31 ms after the listing: 0 slot(s) held

  list 1 at 111,601,931
    #         ms   share  step
    1       24.7    0.4%  read the panel before loading
    2       28.3    0.4%  wait for slot (1,1) to fill
    3      825.5   13.0%  ctrl-click (1,1) attempt 1
    4      713.1   11.2%  read the suggested price
    5     1691.8   26.6%  type the price 111,601,931
    6      959.8   15.1%  type the quantity 250
    7      461.8    7.3%  take the quantity from the net sales
    8      139.6    2.2%  read the price back before Register
    9      324.3    5.1%  click Register
   10      135.3    2.1%  find Confirmation
   11       22.3    0.3%  look for the underprice question
   12      327.4    5.1%  click Confirmation
   13      251.0    3.9%  park
   14      405.8    6.4%  confirm the dialog is gone
   15       24.7    0.4%  wait for the panel to let the item go
   16       30.7    0.5%  read tab 4 after the listing
          6366.0  100.0%  TOTAL
  listed 1 at 111,601,931; it lands in row 8
DONE {"kind": "relist", "row": 8, "lands_in": 8, "qty": 1, "price": 111601931, "item": "Divine Stone Set X 156"}
    relisted 1 at 111,601,931 in row 8
  tab 4 known from the last listing: 0 slot(s) held
  row 9: 'Upgrade Core (Ultimate' x232 at 449,824 -> tab 4 slot (1, 1)
    floor 442,381 (442,381 x 1) from Upgrade Core Set (Ultimate) as last bought; listed at 449,824, above it
TASK {"kind": "relist", "row": 9, "item": "Upgrade Core (Ultimate", "qty": 232, "price": 449824, "tab": 4, "slot": [1, 1], "lands_in": 9}
  inventory slot (1,1) at (1471, 237)
    read: current min 449,819, price field 449,819, net sales 449,819, week average 466,479, listed at 449,824
    the lowest listed price is 449,819, from the row and 3 more
    market 449,819, typing 449,818, 1 under the market
    net sales 104,357,776 is 232 x 449,818
  typed 250; the net sales make it 232
    the panel holds 449,818 against the 449,818 typed
  tab 4 read in 31 ms after the listing: 0 slot(s) held

  list 232 at 449,818
    #         ms   share  step
    1       28.7    0.5%  read the panel before loading
    2       25.4    0.4%  wait for slot (1,1) to fill
    3      827.4   13.4%  ctrl-click (1,1) attempt 1
    4      705.3   11.4%  read the suggested price
    5     1473.8   23.9%  type the price 449,818
    6      961.1   15.6%  type the quantity 250
    7      463.4    7.5%  take the quantity from the net sales
    8      137.5    2.2%  read the price back before Register
    9      324.7    5.3%  click Register
   10      135.6    2.2%  find Confirmation
   11       24.1    0.4%  look for the underprice question
   12      326.5    5.3%  click Confirmation
   13      250.9    4.1%  park
   14      432.9    7.0%  confirm the dialog is gone
   15       25.4    0.4%  wait for the panel to let the item go
   16       31.3    0.5%  read tab 4 after the listing
          6173.8  100.0%  TOTAL
  listed 232 at 449,818; it lands in row 9
DONE {"kind": "relist", "row": 9, "lands_in": 9, "qty": 232, "price": 449818, "item": "Upgrade Core (Ultimate"}
    relisted 232 at 449,818 in row 9
  tab 4 known from the last listing: 0 slot(s) held
  row 10: 'Force Core(Highest' x230 at 199,749 -> tab 4 slot (1, 1)
    floor 181,900 (181,900 x 1) from Force Core Set (Highest) as last bought; listed at 199,749, above it
TASK {"kind": "relist", "row": 10, "item": "Force Core(Highest", "qty": 230, "price": 199749, "tab": 4, "slot": [1, 1], "lands_in": 10}
  inventory slot (1,1) at (1471, 237)
    read: current min 199,743, price field 199,743, net sales 199,743, week average 213,123, listed at 199,749
    the lowest listed price is 199,743, from the row and 3 more
    market 199,743, typing 199,742, 1 under the market
    net sales 45,940,660 is 230 x 199,742
  typed 250; the net sales make it 230
    the panel holds 199,742 against the 199,742 typed
  tab 4 read in 30 ms after the listing: 0 slot(s) held

  list 230 at 199,742
    #         ms   share  step
    1       26.8    0.4%  read the panel before loading
    2       28.2    0.5%  wait for slot (1,1) to fill
    3      826.0   13.5%  ctrl-click (1,1) attempt 1
    4      698.1   11.4%  read the suggested price
    5     1473.2   24.0%  type the price 199,742
    6      964.1   15.7%  type the quantity 250
    7      462.1    7.5%  take the quantity from the net sales
    8      140.7    2.3%  read the price back before Register
    9      327.1    5.3%  click Register
   10      140.1    2.3%  find Confirmation
   11       29.7    0.5%  look for the underprice question
   12      323.2    5.3%  click Confirmation
   13      251.2    4.1%  park
   14      390.6    6.4%  confirm the dialog is gone
   15       27.9    0.5%  wait for the panel to let the item go
   16       30.3    0.5%  read tab 4 after the listing
          6139.3  100.0%  TOTAL
  listed 230 at 199,742; it lands in row 10
DONE {"kind": "relist", "row": 10, "lands_in": 10, "qty": 230, "price": 199742, "item": "Force Core(Highest"}
    relisted 230 at 199,742 in row 10
  row 11 has SOLD (partly); collecting
    collected; 89 left to relist
  tab 4 known from the last listing: 0 slot(s) held
  row 11: 'Force Core(Highest' x89 at 199,748 -> tab 4 slot (1, 1)
    floor 181,900 (181,900 x 1) from Force Core Set (Highest) as last bought; listed at 199,748, above it
TASK {"kind": "relist", "row": 11, "item": "Force Core(Highest", "qty": 89, "price": 199748, "tab": 4, "slot": [1, 1], "lands_in": 11}
  inventory slot (1,1) at (1471, 237)
    read: current min 199,742, price field 199,742, net sales 199,742, week average 213,123, listed at 199,748
    the lowest listed price is 199,742, from the row and 3 more
    market 199,742, typing 199,741, 1 under the market
    net sales 17,776,949 is 89 x 199,741
  typed 250; the net sales make it 89
    the panel holds 199,741 against the 199,741 typed
  tab 4 read in 31 ms after the listing: 0 slot(s) held

  list 89 at 199,741
    #         ms   share  step
    1       27.4    0.4%  read the panel before loading
    2       28.2    0.5%  wait for slot (1,1) to fill
    3      827.4   13.5%  ctrl-click (1,1) attempt 1
    4      704.0   11.5%  read the suggested price
    5     1478.1   24.1%  type the price 199,741
    6      959.2   15.6%  type the quantity 250
    7      457.1    7.5%  take the quantity from the net sales
    8      136.8    2.2%  read the price back before Register
    9      323.0    5.3%  click Register
   10      136.0    2.2%  find Confirmation
   11       24.7    0.4%  look for the underprice question
   12      325.6    5.3%  click Confirmation
   13      251.0    4.1%  park
   14      398.2    6.5%  confirm the dialog is gone
   15       25.0    0.4%  wait for the panel to let the item go
   16       31.3    0.5%  read tab 4 after the listing
          6132.9  100.0%  TOTAL
  listed 89 at 199,741; it lands in row 11
DONE {"kind": "relist", "row": 11, "lands_in": 11, "qty": 89, "price": 199741, "item": "Force Core(Highest"}
    relisted 89 at 199,741 in row 11
  row 12 has SOLD (fully); collecting
    collected; row 12 is empty, nothing to relist
  the Divine Stone special row sold; buying it back now, not on the next pass

-- Divine Stone special row 1 of 1: 1 at 5,000 to 5,200 under the market --
  1 stays behind on every row bought; an order 10 step(s) down with nothing spare takes the row it is on whole, and the next order leaves 1 behind again; each order prices the favourite afresh, then wheels down, up to 30 step(s)
TASK {"kind": "resupply", "core": "Divine Stone", "slot": 5, "tab": 4, "landing": [1, 1], "special": true}
  row 1 offers 'Divine Stone' x101 at 697,328 (697,328/unit)
    balance before 3,320,489
    row 1 holds 101, 1 stays behind, so at most 100 comes off it
    dialog: '* Divine Stone'  qty 1 of 4  price 697328
    the dialog allows at most 4 of the row's 101
    1 core(s) wanted, 1 to a pack -> 1 pack(s); 4 available, taking 1
    the quantity field already reads 1; not retyping it
    ordering 1 pack(s) at 697,328; the spend will confirm what actually bought
    balance after  2,623,161; spent 697,328 bought 1 pack(s) = 1 core(s) (697,328 a core)

  buy from favourite slot 5: bought 1 core(s) in 1 order(s)
    #         ms   share  step
    1        0.4    0.0%  get_price: focus the game
    2      178.2    2.0%  get_price: _trade_window_open (OCR 1300x190)
    3      156.3    1.8%  get_price: purchase_tab_showing
    4     1425.9   16.0%  get_price: click the Purchase tab + settle
    5      263.3    3.0%  get_price: read row 1 before the search
    6      323.1    3.6%  get_price: click favourite slot 5
    7      130.2    1.5%  get_price: confirm the sort
    8      570.9    6.4%  get_price: poll row 1 until it answers (2 read(s))
    9     3091.8   34.7%  get_price: search the favourite and read row 1
   10      323.4    3.6%  select inventory tab 4
   11      136.6    1.5%  read the balance before buying
   12      377.1    4.2%  click the row at (500, 260)
   13      326.6    3.7%  click Buy at (834, 260)
   14      129.7    1.5%  await the Purchase dialog
   15      436.2    4.9%  read the dialog (item, price, qty, qty_max)
   16      148.3    1.7%  find the Buy button
   17      326.5    3.7%  click Buy
   18      251.2    2.8%  park
   19      173.4    1.9%  confirm the dialog is gone
   20      140.3    1.6%  read the balance after buying
          8909.4  100.0%  TOTAL
    tab 4 slot (1, 1) is held for 'Divine Stone'; it frees when something is listed from it
  the Divine Stone landed in tab 4 slot (1, 1)
TASK {"kind": "resupply", "core": "Divine Stone", "slot": 5, "tab": 4, "landing": [1, 1], "step": "list", "holding": "Divine Stone", "qty": 1, "special": true}
  inventory slot (1,1) at (1471, 237)
    read: current min 697,328, price field 697,328, net sales 697,328, week average 708,921, listed at unread
    the lowest listed price is 697,328, from the row and 2 more
    market 697,328, typing 692,315, 5,013 under the market
    net sales 692,315 is 1 x 692,315
  typed 250; the net sales make it 1
    the panel holds 692,315 against the 692,315 typed
  tab 4 read in 30 ms after the listing: 0 slot(s) held

  list 1 at 692,315
    #         ms   share  step
    1       29.5    0.5%  read the panel before loading
    2      824.6   13.5%  ctrl-click (1,1) attempt 1
    3      698.1   11.4%  read the suggested price
    4     1469.3   24.1%  type the price 692,315
    5      961.6   15.7%  type the quantity 250
    6      457.7    7.5%  take the quantity from the net sales
    7      135.3    2.2%  read the price back before Register
    8      325.5    5.3%  click Register
    9      143.0    2.3%  find Confirmation
   10       22.5    0.4%  look for the underprice question
   11      326.9    5.4%  click Confirmation
   12      251.9    4.1%  park
   13      402.9    6.6%  confirm the dialog is gone
   14       26.9    0.4%  wait for the panel to let the item go
   15       30.5    0.5%  read tab 4 after the listing
          6106.1  100.0%  TOTAL
  listed 1 at 692,315; it lands in row 12
  the Divine Stone special row is listed at 692,315 in row 12
DONE {"kind": "resupply", "core": "Divine Stone", "bought": 1, "listed": 1, "rows": [12], "special": true}
  tab 4 known from the last listing: 0 slot(s) held
  row 13: 'Upgrade Core (Ultimate' x136 at 449,823 -> tab 4 slot (1, 1)
    floor 442,381 (442,381 x 1) from Upgrade Core Set (Ultimate) as last bought; listed at 449,823, above it
TASK {"kind": "relist", "row": 13, "item": "Upgrade Core (Ultimate", "qty": 136, "price": 449823, "tab": 4, "slot": [1, 1], "lands_in": 13}
  inventory slot (1,1) at (1471, 237)
    read: current min 449,818, price field 449,818, net sales 449,818, week average 466,479, listed at 449,823
    the lowest listed price is 449,818, from the row and 3 more
    market 449,818, typing 449,817, 1 under the market
    net sales 61,175,112 is 136 x 449,817
  typed 250; the net sales make it 136
    the panel holds 449,817 against the 449,817 typed
  tab 4 read in 32 ms after the listing: 0 slot(s) held

  list 136 at 449,817
    #         ms   share  step
    1       26.5    0.4%  read the panel before loading
    2       27.1    0.4%  wait for slot (1,1) to fill
    3      826.8   13.4%  ctrl-click (1,1) attempt 1
    4      698.1   11.3%  read the suggested price
    5     1473.5   23.9%  type the price 449,817
    6      964.8   15.6%  type the quantity 250
    7      458.0    7.4%  take the quantity from the net sales
    8      140.3    2.3%  read the price back before Register
    9      323.9    5.2%  click Register
   10      139.0    2.3%  find Confirmation
   11       28.4    0.5%  look for the underprice question
   12      328.9    5.3%  click Confirmation
   13      251.0    4.1%  park
   14      428.9    6.9%  confirm the dialog is gone
   15       26.7    0.4%  wait for the panel to let the item go
   16       32.3    0.5%  read tab 4 after the listing
          6174.1  100.0%  TOTAL
  listed 136 at 449,817; it lands in row 13
DONE {"kind": "relist", "row": 13, "lands_in": 13, "qty": 136, "price": 449817, "item": "Upgrade Core (Ultimate"}
    relisted 136 at 449,817 in row 13
  tab 4 known from the last listing: 0 slot(s) held
  row 14: 'Divine Stone Set X 162' x1 at 115,894,799 -> tab 4 slot (1, 1)
    floor 113,805,000 (702,500 x 162) from Divine Stone as last bought; listed at 115,894,799, above it
TASK {"kind": "relist", "row": 14, "item": "Divine Stone Set X 162", "qty": 1, "price": 115894799, "tab": 4, "slot": [1, 1], "lands_in": 14}
  inventory slot (1,1) at (1471, 237)
    read: current min 115,894,152, price field 115,894,152, net sales 115,894,152, week average 116,600,472, listed at 115,894,799
    the lowest listed price is 115,894,152, from the row and 3 more
    market 115,894,152, typing 115,894,151, 1 under the market
    net sales 115,894,151 is 1 x 115,894,151
  typed 250; the net sales make it 1
    the panel holds 115,894,151 against the 115,894,151 typed
  tab 4 read in 32 ms after the listing: 0 slot(s) held

  list 1 at 115,894,151
    #         ms   share  step
    1       24.8    0.4%  read the panel before loading
    2       27.5    0.4%  wait for slot (1,1) to fill
    3      833.8   13.0%  ctrl-click (1,1) attempt 1
    4      718.2   11.2%  read the suggested price
    5     1688.7   26.4%  type the price 115,894,151
    6      963.0   15.0%  type the quantity 250
    7      451.2    7.0%  take the quantity from the net sales
    8      138.4    2.2%  read the price back before Register
    9      334.6    5.2%  click Register
   10      139.5    2.2%  find Confirmation
   11       28.8    0.5%  look for the underprice question
   12      325.3    5.1%  click Confirmation
   13      251.7    3.9%  park
   14      416.1    6.5%  confirm the dialog is gone
   15       27.8    0.4%  wait for the panel to let the item go
   16       31.8    0.5%  read tab 4 after the listing
          6401.2  100.0%  TOTAL
  listed 1 at 115,894,151; it lands in row 14
DONE {"kind": "relist", "row": 14, "lands_in": 14, "qty": 1, "price": 115894151, "item": "Divine Stone Set X 162"}
    relisted 1 at 115,894,151 in row 14
  tab 4 known from the last listing: 0 slot(s) held
  row 15: 'Force Core(High' x240 at 195,128 -> tab 4 slot (1, 1)
    floor 176,470 (176,470 x 1) from Force Core Set (High) as last bought; listed at 195,128, above it
TASK {"kind": "relist", "row": 15, "item": "Force Core(High", "qty": 240, "price": 195128, "tab": 4, "slot": [1, 1], "lands_in": 15}
  inventory slot (1,1) at (1471, 237)
    read: current min 195,124, price field 195,124, net sales 195,124, week average 199,396, listed at 195,128
    the lowest listed price is 195,124, from the row and 3 more
    market 195,124, typing 195,123, 1 under the market
    net sales 46,829,520 is 240 x 195,123
  typed 250; the net sales make it 240
    the panel holds 195,123 against the 195,123 typed
  tab 4 read in 30 ms after the listing: 0 slot(s) held

  list 240 at 195,123
    #         ms   share  step
    1       28.3    0.5%  read the panel before loading
    2       27.6    0.4%  wait for slot (1,1) to fill
    3      825.8   13.4%  ctrl-click (1,1) attempt 1
    4      705.3   11.5%  read the suggested price
    5     1473.9   23.9%  type the price 195,123
    6      963.2   15.6%  type the quantity 250
    7      463.2    7.5%  take the quantity from the net sales
    8      135.3    2.2%  read the price back before Register
    9      325.4    5.3%  click Register
   10      135.9    2.2%  find Confirmation
   11       25.5    0.4%  look for the underprice question
   12      324.5    5.3%  click Confirmation
   13      250.8    4.1%  park
   14      409.9    6.7%  confirm the dialog is gone
   15       31.1    0.5%  wait for the panel to let the item go
   16       30.0    0.5%  read tab 4 after the listing
          6155.7  100.0%  TOTAL
  listed 240 at 195,123; it lands in row 15
DONE {"kind": "relist", "row": 15, "lands_in": 15, "qty": 240, "price": 195123, "item": "Force Core(High"}
    relisted 240 at 195,123 in row 15
  tab 4 known from the last listing: 0 slot(s) held
  row 16: 'Force Core(High' x1 at 195,127 -> tab 4 slot (1, 1)
    floor 176,470 (176,470 x 1) from Force Core Set (High) as last bought; listed at 195,127, above it
TASK {"kind": "relist", "row": 16, "item": "Force Core(High", "qty": 1, "price": 195127, "tab": 4, "slot": [1, 1], "lands_in": 16}
  inventory slot (1,1) at (1471, 237)
    read: current min 195,123, price field 195,123, net sales 195,123, week average 199,396, listed at 195,127
    the lowest listed price is 195,123, from the row and 3 more
    market 195,123, typing 195,122, 1 under the market
    net sales 195,122 is 1 x 195,122
  typed 250; the net sales make it 1
    the panel holds 195,122 against the 195,122 typed
  tab 4 read in 39 ms after the listing: 0 slot(s) held

  list 1 at 195,122
    #         ms   share  step
    1       27.5    0.4%  read the panel before loading
    2       27.5    0.4%  wait for slot (1,1) to fill
    3      826.8   13.4%  ctrl-click (1,1) attempt 1
    4      704.4   11.4%  read the suggested price
    5     1481.5   24.1%  type the price 195,122
    6      966.8   15.7%  type the quantity 250
    7      446.2    7.3%  take the quantity from the net sales
    8      136.9    2.2%  read the price back before Register
    9      323.0    5.2%  click Register
   10      144.8    2.4%  find Confirmation
   11       22.1    0.4%  look for the underprice question
   12      325.0    5.3%  click Confirmation
   13      251.0    4.1%  park
   14      404.4    6.6%  confirm the dialog is gone
   15       27.4    0.4%  wait for the panel to let the item go
   16       38.7    0.6%  read tab 4 after the listing
          6154.3  100.0%  TOTAL
  listed 1 at 195,122; it lands in row 16
DONE {"kind": "relist", "row": 16, "lands_in": 16, "qty": 1, "price": 195122, "item": "Force Core(High"}
    relisted 1 at 195,122 in row 16
  tab 4 known from the last listing: 0 slot(s) held
  row 17: 'Force Core(High' x146 at 195,126 -> tab 4 slot (1, 1)
    floor 176,470 (176,470 x 1) from Force Core Set (High) as last bought; listed at 195,126, above it
TASK {"kind": "relist", "row": 17, "item": "Force Core(High", "qty": 146, "price": 195126, "tab": 4, "slot": [1, 1], "lands_in": 17}
  inventory slot (1,1) at (1471, 237)
    read: current min 195,122, price field 195,122, net sales 195,122, week average 199,396, listed at 195,126
    the lowest listed price is 195,122, from the row and 3 more
    market 195,122, typing 195,121, 1 under the market
    net sales 28,487,666 is 146 x 195,121
  typed 250; the net sales make it 146
    the panel holds 195,121 against the 195,121 typed
  tab 4 read in 33 ms after the listing: 0 slot(s) held

  list 146 at 195,121
    #         ms   share  step
    1       27.1    0.4%  read the panel before loading
    2       27.6    0.4%  wait for slot (1,1) to fill
    3      835.0   13.5%  ctrl-click (1,1) attempt 1
    4      718.9   11.6%  read the suggested price
    5     1473.5   23.8%  type the price 195,121
    6      969.5   15.6%  type the quantity 250
    7      469.0    7.6%  take the quantity from the net sales
    8      142.1    2.3%  read the price back before Register
    9      333.8    5.4%  click Register
   10      137.5    2.2%  find Confirmation
   11       28.0    0.5%  look for the underprice question
   12      326.4    5.3%  click Confirmation
   13      251.3    4.1%  park
   14      405.6    6.5%  confirm the dialog is gone
   15       23.9    0.4%  wait for the panel to let the item go
   16       32.9    0.5%  read tab 4 after the listing
          6202.2  100.0%  TOTAL
  listed 146 at 195,121; it lands in row 17
DONE {"kind": "relist", "row": 17, "lands_in": 17, "qty": 146, "price": 195121, "item": "Force Core(High"}
    relisted 146 at 195,121 in row 17
  tab 4 known from the last listing: 0 slot(s) held
  row 18: 'Chaos Core Set X 228' x1 at 165,994,031 -> tab 4 slot (1, 1)
    floor 163,495,836 (717,087 x 228) from what it cost; listed at 165,994,031, above it
TASK {"kind": "relist", "row": 18, "item": "Chaos Core Set X 228", "qty": 1, "price": 165994031, "tab": 4, "slot": [1, 1], "lands_in": 18}
  inventory slot (1,1) at (1471, 237)
    read: current min 165,991,980, price field 165,991,980, net sales 165,991,980, week average 166,004,064, listed at 165,994,031
    the lowest listed price is 165,991,980, from the row and 3 more
    market 165,991,980, typing 165,991,979, 1 under the market
    net sales 165,991,979 is 1 x 165,991,979
  typed 250; the net sales make it 1
    the panel holds 165,991,979 against the 165,991,979 typed
  tab 4 read in 31 ms after the listing: 0 slot(s) held

  list 1 at 165,991,979
    #         ms   share  step
    1       24.1    0.4%  read the panel before loading
    2       27.8    0.4%  wait for slot (1,1) to fill
    3      827.6   13.0%  ctrl-click (1,1) attempt 1
    4      713.5   11.2%  read the suggested price
    5     1683.9   26.5%  type the price 165,991,979
    6      964.3   15.2%  type the quantity 250
    7      460.9    7.2%  take the quantity from the net sales
    8      143.4    2.3%  read the price back before Register
    9      321.2    5.1%  click Register
   10      135.4    2.1%  find Confirmation
   11       25.8    0.4%  look for the underprice question
   12      323.4    5.1%  click Confirmation
   13      251.1    3.9%  park
   14      397.0    6.2%  confirm the dialog is gone
   15       28.3    0.4%  wait for the panel to let the item go
   16       31.4    0.5%  read tab 4 after the listing
          6359.2  100.0%  TOTAL
  listed 1 at 165,991,979; it lands in row 18
DONE {"kind": "relist", "row": 18, "lands_in": 18, "qty": 1, "price": 165991979, "item": "Chaos Core Set X 228"}
    relisted 1 at 165,991,979 in row 18
  tab 4 known from the last listing: 0 slot(s) held
  row 19: 'Chaos Core Set X 231' x1 at 168,177,932 -> tab 4 slot (1, 1)
    floor 165,647,097 (717,087 x 231) from what it cost; listed at 168,177,932, above it
TASK {"kind": "relist", "row": 19, "item": "Chaos Core Set X 231", "qty": 1, "price": 168177932, "tab": 4, "slot": [1, 1], "lands_in": 19}
  inventory slot (1,1) at (1471, 237)
    read: current min 168,175,854, price field 168,175,854, net sales 168,175,854, week average 168,188,328, listed at 168,177,932
    the lowest listed price is 168,175,854, from the row and 3 more
    market 168,175,854, typing 168,175,853, 1 under the market
    net sales 168,175,853 is 1 x 168,175,853
  typed 250; the net sales make it 1
    the panel holds 168,175,853 against the 168,175,853 typed
  tab 4 read in 37 ms after the listing: 0 slot(s) held

  list 1 at 168,175,853
    #         ms   share  step
    1       23.5    0.4%  read the panel before loading
    2       27.8    0.4%  wait for slot (1,1) to fill
    3      837.9   12.9%  ctrl-click (1,1) attempt 1
    4      826.1   12.7%  read the suggested price
    5     1687.3   25.9%  type the price 168,175,853
    6      965.5   14.8%  type the quantity 250
    7      476.2    7.3%  take the quantity from the net sales
    8      136.7    2.1%  read the price back before Register
    9      330.6    5.1%  click Register
   10      140.1    2.2%  find Confirmation
   11       26.6    0.4%  look for the underprice question
   12      328.9    5.1%  click Confirmation
   13      251.2    3.9%  park
   14      388.2    6.0%  confirm the dialog is gone
   15       25.6    0.4%  wait for the panel to let the item go
   16       37.5    0.6%  read tab 4 after the listing
          6509.6  100.0%  TOTAL
  listed 1 at 168,175,853; it lands in row 19
DONE {"kind": "relist", "row": 19, "lands_in": 19, "qty": 1, "price": 168175853, "item": "Chaos Core Set X 231"}
    relisted 1 at 168,175,853 in row 19
  tab 4 known from the last listing: 0 slot(s) held
  row 20: 'Chaos Core Set X 225' x1 at 163,809,449 -> tab 4 slot (1, 1)
    floor 161,325,000 (717,000 x 225) from what it cost; listed at 163,809,449, above it
TASK {"kind": "relist", "row": 20, "item": "Chaos Core Set X 225", "qty": 1, "price": 163809449, "tab": 4, "slot": [1, 1], "lands_in": 20}
  inventory slot (1,1) at (1471, 237)
    read: current min 163,807,425, price field 163,807,425, net sales 163,807,425, week average 163,819,800, listed at 163,809,449
    the lowest listed price is 163,807,425, from the row and 3 more
    market 163,807,425, typing 163,807,424, 1 under the market
    net sales 163,807,424 is 1 x 163,807,424
  typed 250; the net sales make it 1
    the panel holds 163,807,424 against the 163,807,424 typed
  tab 4 read in 32 ms after the listing: 0 slot(s) held

  list 1 at 163,807,424
    #         ms   share  step
    1       24.6    0.4%  read the panel before loading
    2       22.6    0.4%  wait for slot (1,1) to fill
    3      833.2   13.1%  ctrl-click (1,1) attempt 1
    4      711.3   11.2%  read the suggested price
    5     1692.0   26.5%  type the price 163,807,424
    6      965.8   15.1%  type the quantity 250
    7      465.1    7.3%  take the quantity from the net sales
    8      137.6    2.2%  read the price back before Register
    9      322.8    5.1%  click Register
   10      134.2    2.1%  find Confirmation
   11       24.9    0.4%  look for the underprice question
   12      326.4    5.1%  click Confirmation
   13      251.1    3.9%  park
   14      400.9    6.3%  confirm the dialog is gone
   15       30.6    0.5%  wait for the panel to let the item go
   16       31.8    0.5%  read tab 4 after the listing
          6374.9  100.0%  TOTAL
  listed 1 at 163,807,424; it lands in row 20
DONE {"kind": "relist", "row": 20, "lands_in": 20, "qty": 1, "price": 163807424, "item": "Chaos Core Set X 225"}
    relisted 1 at 163,807,424 in row 20
  tab 4 known from the last listing: 0 slot(s) held
  row 21: 'Chaos Core Set X 96' x1 at 69,891,743 -> tab 4 slot (1, 1)
    floor 68,840,352 (717,087 x 96) from what it cost; listed at 69,891,743, above it
TASK {"kind": "relist", "row": 21, "item": "Chaos Core Set X 96", "qty": 1, "price": 69891743, "tab": 4, "slot": [1, 1], "lands_in": 21}
  inventory slot (1,1) at (1471, 237)
    read: current min 69,891,072, price field 69,891,072, net sales 69,891,072, week average 69,896,448, listed at 69,891,743
    the lowest listed price is 69,891,072, from the row and 3 more
    market 69,891,072, typing 69,891,071, 1 under the market
    net sales 69,891,071 is 1 x 69,891,071
  typed 250; the net sales make it 1
    the panel holds 69,891,071 against the 69,891,071 typed
  tab 4 read in 32 ms after the listing: 0 slot(s) held

  list 1 at 69,891,071
    #         ms   share  step
    1       24.9    0.4%  read the panel before loading
    2       26.8    0.4%  wait for slot (1,1) to fill
    3      835.3   13.1%  ctrl-click (1,1) attempt 1
    4      703.1   11.1%  read the suggested price
    5     1619.2   25.5%  type the price 69,891,071
    6      964.8   15.2%  type the quantity 250
    7      467.1    7.4%  take the quantity from the net sales
    8      139.1    2.2%  read the price back before Register
    9      324.1    5.1%  click Register
   10      139.7    2.2%  find Confirmation
   11       27.3    0.4%  look for the underprice question
   12      327.0    5.1%  click Confirmation
   13      251.3    4.0%  park
   14      441.7    7.0%  confirm the dialog is gone
   15       29.8    0.5%  wait for the panel to let the item go
   16       31.5    0.5%  read tab 4 after the listing
          6352.9  100.0%  TOTAL
  listed 1 at 69,891,071; it lands in row 21
DONE {"kind": "relist", "row": 21, "lands_in": 21, "qty": 1, "price": 69891071, "item": "Chaos Core Set X 96"}
    relisted 1 at 69,891,071 in row 21
  row 22 is empty; nothing to relist
  row 23 is empty; nothing to relist
  row 24 is empty; nothing to relist
  row 25 is empty; nothing to relist

  relisting rows 1-25: 20 relisted, 5 empty, 0 skipped
    #          ms   share     n      each  phase
    1    56,755.3   38.5%     9   6,306.1  list it back
    2    37,580.8   25.5%     9   4,175.6  cancel the row and take it back
    3    13,366.2    9.1%    13   1,028.2  scroll to the row and read it
    4    10,602.4    7.2%    10   1,060.2  select inventory tab 4
    5     6,114.7    4.2%     1   6,114.7  list Divine Stone from (1, 1)
    6     5,878.3    4.0%     1   5,878.3  buy 1 Divine Stone
    7     5,876.9    4.0%     1   5,876.9  buy order 1
    8     4,890.5    3.3%    13     376.2  Refresh the table
    9     2,339.3    1.6%     1   2,339.3  select the Register tab
   10     1,599.3    1.1%     1   1,599.3  wait for the Divine Stone to land on tab 4
   11     1,599.3    1.1%     1   1,599.3  read tab 4 before buying
   12       466.3    0.3%     1     466.3  reopen the Agent Shop
   13       226.1    0.2%     9      25.1  check the shop slot is empty
        147,295.4  100.0%

  returning the game to its default state
restoring the default state:
  Escape: window closed
  Inventory already closed
  the gift box at [284, 1001]
  Receive All at [1211, 792]
  Receive 1 of 4 at [1217, 329]
  Receive 2 of 4 at [1217, 428]
  Receive 3 of 4 at [1217, 527]
  Receive 4 of 4 at [1217, 626]
  the special giftbox's Receive at [1442, 496]
  Close at [1487, 852]
  took 4 gift(s)
  the Agent Shop is shut and the vendor is not open either; reopening it
  Inventory shut: slot grid 0.11, needs 0.33

  board after pass 5:
                                                   bought/u   listed/u  margin      row price
     1  Force Core(Highest                 x202           -    199,743       -        199,743
     2  Chaos Core                         x1       717,087    716,351   -0.1%        716,351
     3  Honor Medal Chest                  x2             - 219,799,999       -    219,799,999
     4  Upgrade Core (Ultimate             x250           -    449,819       -        449,819
     5  Divine Stone Set X 141             x1             -    715,398       -    100,871,258
     6  Chaos Core Set X 237               x1       717,087    728,036   +1.5%    172,544,768
     7  Divine Stone Set X 138             x1       702,500    715,397   +1.8%     98,724,923
     8  Divine Stone Set X 156             x1       702,500    715,396   +1.8%    111,601,931
     9  Upgrade Core (Ultimate             x232           -    449,818       -        449,818
    10  Force Core(Highest                 x230           -    199,742       -        199,742
    11  Force Core(Highest                 x89            -    199,741       -        199,741
    12  Divine Stone                       x1       697,328    692,315   -0.7%        692,315
    13  Upgrade Core (Ultimate             x136           -    449,817       -        449,817
    14  Divine Stone Set X 162             x1             -    715,395       -    115,894,151
    15  Force Core(High                    x240           -    195,123       -        195,123
    16  Force Core(High                    x1             -    195,122       -        195,122
    17  Force Core(High                    x146           -    195,121       -        195,121
    18  Chaos Core Set X 228               x1       717,087    728,034   +1.5%    165,991,979
    19  Chaos Core Set X 231               x1       717,087    728,033   +1.5%    168,175,853
    20  Chaos Core Set X 225               x1       717,000    728,032   +1.5%    163,807,424
    21  Chaos Core Set X 96                x1       717,087    728,031   +1.5%     69,891,071
    26  Siena's Unbinding Stone            x1    74,500,000 950,000,000  +92.2%    950,000,000
    29  Bemonvecnte" TE t__                x1             - 10,000,000       -     10,000,000
    30  Life Capsule(Special) Type A X 100 x6             -     29,999       -      2,999,900
    item                               rows   units          listed
    Bemonvecnte" TE t__                   1       1      10,000,000
    Chaos Core                            1       1         716,351
    Chaos Core Set                        5   1,017     740,411,095
    Divine Stone                          1       1         692,315
    Divine Stone Set                      4     597     427,092,263
    Force Core(High                       3     387      75,512,308
    Force Core(Highest                    3     521     104,065,695
    Honor Medal Chest                     1       2     439,599,998
    Life Capsule(Special) Type A          1     600      17,999,400
    Siena's Unbinding Stone               1       1     950,000,000
    Upgrade Core (Ultimate                3     618     277,987,638
    board                                24   3,746   3,044,077,063
    balance now 2,623,161
  pass 5: 20 relisted, 5 empty, 0 skipped; 9969.4 minute(s) left

-- pass 6 --

  resupply order: Chaos Core, Force Core(High), Force Core(Highest), Upgrade Core (Ultimate), Divine Stone

-- Chaos Core Set under our listing: up to 3 row(s) --
  Chaos Core Set 728,030 - Chaos Core 716,351 = 11,679
  ours is listed at 728,031 a Set and a Chaos Core sells at 716,351; buying every Set under 711,351, 5,000 a Set below the lower of the two
  the cheapest Chaos Core Set is 728,030 a Set, not under 711,351; nothing to buy under ours

-- Divine Stone Set under our listing: up to 3 row(s) --
  Divine Stone Set 715,395 - Divine Stone 697,328 = 18,067
  ours is listed at 715,395 a Set and a Divine Stone sells at 697,328; buying every Set under 692,328, 5,000 a Set below the lower of the two
  the cheapest Divine Stone Set is 715,395 a Set, not under 692,328; nothing to buy under ours

  counting only rows 1-25; rows outside it are not repriced and do not count; 4 row(s) free
  core                            rows     buy/u    sell/u    margin  wants   short?
  Force Core(Highest)                3         -         -         -      -   holds the most it can want, 3; not priced
  Chaos Core                         5         -         -         -      -   holds the most it can want, 5; not priced
  Divine Stone                       4         -         -         -      -   holds the most it can want, 4; not priced
  Force Core(High)                   3         -         -         -      -   holds the most it can want, 3; not priced
  Upgrade Core (Ultimate)            3         -         -         -      -   holds the most it can want, 3; not priced

  nothing inside rows 1-25 holds fewer rows than its margin is worth.
  tab 4 read from the screen in 1597 ms: 0 slot(s) held
  row 1: 'Force Core(Highest' x202 at 199,743 -> tab 4 slot (1, 1)
    floor 181,900 (181,900 x 1) from Force Core Set (Highest) as last bought; listed at 199,743, above it
TASK {"kind": "relist", "row": 1, "item": "Force Core(Highest", "qty": 202, "price": 199743, "tab": 4, "slot": [1, 1], "lands_in": 1}
  inventory slot (1,1) at (1471, 237)
    read: current min 199,741, price field 199,741, net sales 199,741, week average 213,123, listed at 199,743
    the lowest listed price is 199,741, from the row and 3 more
    market 199,741, typing 199,740, 1 under the market
    net sales 40,347,480 is 202 x 199,740
  typed 250; the net sales make it 202
    the panel holds 199,740 against the 199,740 typed
  tab 4 read in 32 ms after the listing: 0 slot(s) held

  list 202 at 199,740
    #         ms   share  step
    1       27.2    0.4%  read the panel before loading
    2       28.3    0.5%  wait for slot (1,1) to fill
    3      839.7   13.6%  ctrl-click (1,1) attempt 1
    4      697.3   11.3%  read the suggested price
    5     1469.7   23.8%  type the price 199,740
    6      961.8   15.6%  type the quantity 250
    7      463.2    7.5%  take the quantity from the net sales
    8      136.1    2.2%  read the price back before Register
    9      333.8    5.4%  click Register
   10      136.2    2.2%  find Confirmation
   11       28.5    0.5%  look for the underprice question
   12      326.1    5.3%  click Confirmation
   13      251.1    4.1%  park
   14      412.2    6.7%  confirm the dialog is gone
   15       24.1    0.4%  wait for the panel to let the item go
   16       31.8    0.5%  read tab 4 after the listing
          6167.2  100.0%  TOTAL
  listed 202 at 199,740; it lands in row 1
DONE {"kind": "relist", "row": 1, "lands_in": 1, "qty": 202, "price": 199740, "item": "Force Core(Highest"}
    relisted 202 at 199,740 in row 1
  tab 4 known from the last listing: 0 slot(s) held
  row 2: 'Chaos Core' x1 at 716,351 -> tab 4 slot (1, 1)
    floor 717,087 (717,087 x 1) from what it cost; listed at 716,351, UNDER the floor
TASK {"kind": "relist", "row": 2, "item": "Chaos Core", "qty": 1, "price": 716351, "tab": 4, "slot": [1, 1], "lands_in": 2}
    row 2 is the Chaos Core special row; listing at 643 under the market, no floor
  inventory slot (1,1) at (1471, 237)
    read: current min 716,351, price field 716,351, net sales 716,351, week average 717,087, listed at unread
    the lowest listed price is 716,351, from the row and 2 more
    market 716,351, typing 715,708, 643 under the market
    net sales 715,708 is 1 x 715,708
  typed 250; the net sales make it 1
    the panel holds 715,708 against the 715,708 typed
  tab 4 read in 31 ms after the listing: 0 slot(s) held

  list 1 at 715,708
    #         ms   share  step
    1       26.0    0.4%  read the panel before loading
    2       27.6    0.4%  wait for slot (1,1) to fill
    3      825.7   13.4%  ctrl-click (1,1) attempt 1
    4      692.1   11.2%  read the suggested price
    5     1468.4   23.8%  type the price 715,708
    6      962.4   15.6%  type the quantity 250
    7      461.8    7.5%  take the quantity from the net sales
    8      138.3    2.2%  read the price back before Register
    9      331.7    5.4%  click Register
   10      138.1    2.2%  find Confirmation
   11       28.7    0.5%  look for the underprice question
   12      325.2    5.3%  click Confirmation
   13      251.8    4.1%  park
   14      430.3    7.0%  confirm the dialog is gone
   15       27.0    0.4%  wait for the panel to let the item go
   16       31.4    0.5%  read tab 4 after the listing
          6166.5  100.0%  TOTAL
  listed 1 at 715,708; it lands in row 2
DONE {"kind": "relist", "row": 2, "lands_in": 2, "qty": 1, "price": 715708, "item": "Chaos Core"}
    relisted 1 at 715,708 in row 2
    the quantity column read 'Chest', which holds no digits, so it is the end of the name and not a count; reading the row as 'Honor Medal Chest' and letting the panel count what is there
  tab 4 known from the last listing: 0 slot(s) held
  row 3: 'Honor Medal Chest' x2 at 219,799,999 -> tab 4 slot (1, 1)
    the quantity column read 'Chest', which holds no digits, so it is the end of the name and not a count; reading the row as 'Honor Medal Chest' and letting the panel count what is there
    no floor for 'Honor Medal Chest'
TASK {"kind": "relist", "row": 3, "item": "Honor Medal Chest", "qty": 2, "price": 219799999, "tab": 4, "slot": [1, 1], "lands_in": 3}
  inventory slot (1,1) at (1471, 237)
    read: current min 187,500,000, price field 187,500,000, net sales 187,500,000, week average 220,000,000, listed at 219,799,999
    the lowest listed price is 187,500,000, from the row and 3 more
    the market asks 187,499,999, 32,300,000 under our 219,799,999; holding at 219,789,999, the most this row may fall in one relist
    market 187,500,000, typing 219,789,999, 32,289,999 over the market
    net sales 439,579,998 is 2 x 219,789,999
  typed 250; the net sales make it 2
    the panel holds 219,789,999 against the 219,789,999 typed
  tab 4 read in 35 ms after the listing: 0 slot(s) held

  list 2 at 219,789,999
    #         ms   share  step
    1       27.8    0.4%  read the panel before loading
    2       27.2    0.4%  wait for slot (1,1) to fill
    3      826.4   13.0%  ctrl-click (1,1) attempt 1
    4      704.6   11.1%  read the suggested price
    5     1683.0   26.4%  type the price 219,789,999
    6      970.7   15.2%  type the quantity 250
    7      467.7    7.3%  take the quantity from the net sales
    8      139.7    2.2%  read the price back before Register
    9      323.3    5.1%  click Register
   10      142.7    2.2%  find Confirmation
   11       24.0    0.4%  look for the underprice question
   12      325.1    5.1%  click Confirmation
   13      251.2    3.9%  park
   14      395.8    6.2%  confirm the dialog is gone
   15       27.8    0.4%  wait for the panel to let the item go
   16       34.6    0.5%  read tab 4 after the listing
          6371.6  100.0%  TOTAL
  listed 2 at 219,789,999; it lands in row 3
DONE {"kind": "relist", "row": 3, "lands_in": 3, "qty": 2, "price": 219789999, "item": "Honor Medal Chest"}
    relisted 2 at 219,789,999 in row 3
  tab 4 known from the last listing: 0 slot(s) held
  row 4: 'Upgrade Core (Ultimate' x250 at 449,819 -> tab 4 slot (1, 1)
    floor 442,381 (442,381 x 1) from Upgrade Core Set (Ultimate) as last bought; listed at 449,819, above it
TASK {"kind": "relist", "row": 4, "item": "Upgrade Core (Ultimate", "qty": 250, "price": 449819, "tab": 4, "slot": [1, 1], "lands_in": 4}
  inventory slot (1,1) at (1471, 237)
    read: current min 449,817, price field 449,817, net sales 449,817, week average 466,479, listed at 449,819
    the lowest listed price is 449,817, from the row and 3 more
    market 449,817, typing 449,816, 1 under the market
    net sales 112,454,000 is 250 x 449,816
  typed 250; the net sales make it 250
    the panel holds 449,816 against the 449,816 typed
  tab 4 read in 31 ms after the listing: 0 slot(s) held

  list 250 at 449,816
    #         ms   share  step
    1       26.1    0.4%  read the panel before loading
    2       28.0    0.5%  wait for slot (1,1) to fill
    3      825.8   13.4%  ctrl-click (1,1) attempt 1
    4      698.4   11.4%  read the suggested price
    5     1476.5   24.0%  type the price 449,816
    6      961.3   15.6%  type the quantity 250
    7      458.0    7.4%  take the quantity from the net sales
    8      142.2    2.3%  read the price back before Register
    9      329.5    5.4%  click Register
   10      139.1    2.3%  find Confirmation
   11       27.9    0.5%  look for the underprice question
   12      327.9    5.3%  click Confirmation
   13      251.1    4.1%  park
   14      404.2    6.6%  confirm the dialog is gone
   15       26.0    0.4%  wait for the panel to let the item go
   16       30.5    0.5%  read tab 4 after the listing
          6152.3  100.0%  TOTAL
  listed 250 at 449,816; it lands in row 4
DONE {"kind": "relist", "row": 4, "lands_in": 4, "qty": 250, "price": 449816, "item": "Upgrade Core (Ultimate"}
    relisted 250 at 449,816 in row 4
  tab 4 known from the last listing: 0 slot(s) held
  row 5: 'Divine Stone Set X 141' x1 at 100,871,258 -> tab 4 slot (1, 1)
    floor 99,052,500 (702,500 x 141) from Divine Stone as last bought; listed at 100,871,258, above it
TASK {"kind": "relist", "row": 5, "item": "Divine Stone Set X 141", "qty": 1, "price": 100871258, "tab": 4, "slot": [1, 1], "lands_in": 5}
  inventory slot (1,1) at (1471, 237)
    read: current min 100,870,695, price field 100,870,695, net sales 100,870,695, week average 101,485,596, listed at 100,871,258
    the lowest listed price is 100,870,695, from the row and 3 more
    market 100,870,695, typing 100,870,694, 1 under the market
    net sales 100,870,694 is 1 x 100,870,694
  typed 250; the net sales make it 1
    the panel holds 100,870,694 against the 100,870,694 typed
  tab 4 read in 35 ms after the listing: 0 slot(s) held

  list 1 at 100,870,694
    #         ms   share  step
    1       24.2    0.4%  read the panel before loading
    2       26.7    0.4%  wait for slot (1,1) to fill
    3      826.7   12.9%  ctrl-click (1,1) attempt 1
    4      718.7   11.2%  read the suggested price
    5     1691.8   26.4%  type the price 100,870,694
    6      961.8   15.0%  type the quantity 250
    7      462.6    7.2%  take the quantity from the net sales
    8      138.3    2.2%  read the price back before Register
    9      321.2    5.0%  click Register
   10      134.8    2.1%  find Confirmation
   11       25.5    0.4%  look for the underprice question
   12      326.1    5.1%  click Confirmation
   13      251.3    3.9%  park
   14      427.8    6.7%  confirm the dialog is gone
   15       23.7    0.4%  wait for the panel to let the item go
   16       35.1    0.5%  read tab 4 after the listing
          6396.4  100.0%  TOTAL
  listed 1 at 100,870,694; it lands in row 5
DONE {"kind": "relist", "row": 5, "lands_in": 5, "qty": 1, "price": 100870694, "item": "Divine Stone Set X 141"}
    relisted 1 at 100,870,694 in row 5
  tab 4 known from the last listing: 0 slot(s) held
  row 6: 'Chaos Core Set X 237' x1 at 172,544,768 -> tab 4 slot (1, 1)
    floor 169,949,619 (717,087 x 237) from what it cost; listed at 172,544,768, above it
TASK {"kind": "relist", "row": 6, "item": "Chaos Core Set X 237", "qty": 1, "price": 172544768, "tab": 4, "slot": [1, 1], "lands_in": 6}
  inventory slot (1,1) at (1471, 237)
    read: current min 172,542,873, price field 172,542,873, net sales 172,542,873, week average 172,556,856, listed at 172,544,768
    the lowest listed price is 172,542,873, from the row and 3 more
    market 172,542,873, typing 172,542,872, 1 under the market
    net sales 172,542,872 is 1 x 172,542,872
  typed 250; the net sales make it 1
    the panel holds 172,542,872 against the 172,542,872 typed
  tab 4 read in 29 ms after the listing: 0 slot(s) held

  list 1 at 172,542,872
    #         ms   share  step
    1       24.6    0.4%  read the panel before loading
    2       29.1    0.5%  wait for slot (1,1) to fill
    3      832.2   12.9%  ctrl-click (1,1) attempt 1
    4      726.0   11.3%  read the suggested price
    5     1689.9   26.3%  type the price 172,542,872
    6      970.2   15.1%  type the quantity 250
    7      480.1    7.5%  take the quantity from the net sales
    8      140.2    2.2%  read the price back before Register
    9      323.1    5.0%  click Register
   10      135.5    2.1%  find Confirmation
   11       27.8    0.4%  look for the underprice question
   12      322.9    5.0%  click Confirmation
   13      251.2    3.9%  park
   14      419.0    6.5%  confirm the dialog is gone
   15       27.5    0.4%  wait for the panel to let the item go
   16       28.6    0.4%  read tab 4 after the listing
          6427.9  100.0%  TOTAL
  listed 1 at 172,542,872; it lands in row 6
DONE {"kind": "relist", "row": 6, "lands_in": 6, "qty": 1, "price": 172542872, "item": "Chaos Core Set X 237"}
    relisted 1 at 172,542,872 in row 6
  tab 4 known from the last listing: 0 slot(s) held
  row 7: 'Divine Stone Set X 138' x1 at 98,724,923 -> tab 4 slot (1, 1)
    floor 96,945,000 (702,500 x 138) from what it cost; listed at 98,724,923, above it
TASK {"kind": "relist", "row": 7, "item": "Divine Stone Set X 138", "qty": 1, "price": 98724923, "tab": 4, "slot": [1, 1], "lands_in": 7}
  inventory slot (1,1) at (1471, 237)
    read: current min 98,724,372, price field 98,724,372, net sales 98,724,372, week average 99,326,328, listed at 98,724,923
    the lowest listed price is 98,724,372, from the row and 3 more
    market 98,724,372, typing 98,724,371, 1 under the market
    net sales 98,724,371 is 1 x 98,724,371
  typed 250; the net sales make it 1
    the panel holds 98,724,371 against the 98,724,371 typed
  tab 4 read in 31 ms after the listing: 0 slot(s) held

  list 1 at 98,724,371
    #         ms   share  step
    1       25.1    0.4%  read the panel before loading
    2       28.8    0.4%  wait for slot (1,1) to fill
    3      831.9   12.9%  ctrl-click (1,1) attempt 1
    4      837.4   13.0%  read the suggested price
    5     1615.1   25.0%  type the price 98,724,371
    6      968.6   15.0%  type the quantity 250
    7      465.7    7.2%  take the quantity from the net sales
    8      143.3    2.2%  read the price back before Register
    9      320.1    5.0%  click Register
   10      143.5    2.2%  find Confirmation
   11       24.8    0.4%  look for the underprice question
   12      325.2    5.0%  click Confirmation
   13      251.2    3.9%  park
   14      427.8    6.6%  confirm the dialog is gone
   15       22.7    0.4%  wait for the panel to let the item go
   16       30.9    0.5%  read tab 4 after the listing
          6462.3  100.0%  TOTAL
  listed 1 at 98,724,371; it lands in row 7
DONE {"kind": "relist", "row": 7, "lands_in": 7, "qty": 1, "price": 98724371, "item": "Divine Stone Set X 138"}
    relisted 1 at 98,724,371 in row 7
  tab 4 known from the last listing: 0 slot(s) held
  row 8: 'Divine Stone Set X 156' x1 at 111,601,931 -> tab 4 slot (1, 1)
    floor 109,590,000 (702,500 x 156) from what it cost; listed at 111,601,931, above it
TASK {"kind": "relist", "row": 8, "item": "Divine Stone Set X 156", "qty": 1, "price": 111601931, "tab": 4, "slot": [1, 1], "lands_in": 8}
  inventory slot (1,1) at (1471, 237)
    read: current min 111,601,308, price field 111,601,308, net sales 111,601,308, week average 112,281,936, listed at 111,601,931
    the lowest listed price is 111,601,308, from the row and 3 more
    market 111,601,308, typing 111,601,307, 1 under the market
    net sales 111,601,307 is 1 x 111,601,307
  typed 250; the net sales make it 1
    the panel holds 111,601,307 against the 111,601,307 typed
  tab 4 read in 31 ms after the listing: 0 slot(s) held

  list 1 at 111,601,307
    #         ms   share  step
    1       22.8    0.4%  read the panel before loading
    2       28.6    0.4%  wait for slot (1,1) to fill
    3      826.9   13.0%  ctrl-click (1,1) attempt 1
    4      703.2   11.0%  read the suggested price
    5     1691.0   26.5%  type the price 111,601,307
    6      962.3   15.1%  type the quantity 250
    7      462.1    7.3%  take the quantity from the net sales
    8      149.8    2.4%  read the price back before Register
    9      325.7    5.1%  click Register
   10      135.6    2.1%  find Confirmation
   11       27.0    0.4%  look for the underprice question
   12      325.2    5.1%  click Confirmation
   13      251.3    3.9%  park
   14      404.1    6.3%  confirm the dialog is gone
   15       23.9    0.4%  wait for the panel to let the item go
   16       31.3    0.5%  read tab 4 after the listing
          6370.7  100.0%  TOTAL
  listed 1 at 111,601,307; it lands in row 8
DONE {"kind": "relist", "row": 8, "lands_in": 8, "qty": 1, "price": 111601307, "item": "Divine Stone Set X 156"}
    relisted 1 at 111,601,307 in row 8
  tab 4 known from the last listing: 0 slot(s) held
  row 9: 'Upgrade Core (Ultimate' x232 at 449,818 -> tab 4 slot (1, 1)
    floor 442,381 (442,381 x 1) from Upgrade Core Set (Ultimate) as last bought; listed at 449,818, above it
TASK {"kind": "relist", "row": 9, "item": "Upgrade Core (Ultimate", "qty": 232, "price": 449818, "tab": 4, "slot": [1, 1], "lands_in": 9}
  inventory slot (1,1) at (1471, 237)
    read: current min 449,816, price field 449,816, net sales 449,816, week average 466,479, listed at 449,818
    the lowest listed price is 449,816, from the row and 3 more
    market 449,816, typing 449,815, 1 under the market
    net sales 104,357,080 is 232 x 449,815
  typed 250; the net sales make it 232
    the panel holds 449,815 against the 449,815 typed
  tab 4 read in 31 ms after the listing: 0 slot(s) held

  list 232 at 449,815
    #         ms   share  step
    1       27.0    0.4%  read the panel before loading
    2       27.3    0.4%  wait for slot (1,1) to fill
    3      836.2   13.5%  ctrl-click (1,1) attempt 1
    4      709.2   11.5%  read the suggested price
    5     1477.5   23.9%  type the price 449,815
    6      961.9   15.6%  type the quantity 250
    7      461.6    7.5%  take the quantity from the net sales
    8      137.0    2.2%  read the price back before Register
    9      323.8    5.2%  click Register
   10      137.7    2.2%  find Confirmation
   11       21.2    0.3%  look for the underprice question
   12      326.6    5.3%  click Confirmation
   13      251.4    4.1%  park
   14      417.9    6.8%  confirm the dialog is gone
   15       26.6    0.4%  wait for the panel to let the item go
   16       30.7    0.5%  read tab 4 after the listing
          6173.5  100.0%  TOTAL
  listed 232 at 449,815; it lands in row 9
DONE {"kind": "relist", "row": 9, "lands_in": 9, "qty": 232, "price": 449815, "item": "Upgrade Core (Ultimate"}
    relisted 232 at 449,815 in row 9
  tab 4 known from the last listing: 0 slot(s) held
  row 10: 'Force Core(Highest' x230 at 199,742 -> tab 4 slot (1, 1)
    floor 181,900 (181,900 x 1) from Force Core Set (Highest) as last bought; listed at 199,742, above it
TASK {"kind": "relist", "row": 10, "item": "Force Core(Highest", "qty": 230, "price": 199742, "tab": 4, "slot": [1, 1], "lands_in": 10}
  inventory slot (1,1) at (1471, 237)
    read: current min 199,740, price field 199,740, net sales 199,740, week average 213,123, listed at 199,742
    the lowest listed price is 199,740, from the row and 3 more
    market 199,740, typing 199,739, 1 under the market
    net sales 45,939,970 is 230 x 199,739
  typed 250; the net sales make it 230
    the panel holds 199,739 against the 199,739 typed
  tab 4 read in 31 ms after the listing: 0 slot(s) held

  list 230 at 199,739
    #         ms   share  step
    1       29.0    0.5%  read the panel before loading
    2       26.4    0.4%  wait for slot (1,1) to fill
    3      828.5   13.5%  ctrl-click (1,1) attempt 1
    4      699.6   11.4%  read the suggested price
    5     1470.4   23.9%  type the price 199,739
    6      969.1   15.7%  type the quantity 250
    7      451.8    7.3%  take the quantity from the net sales
    8      143.3    2.3%  read the price back before Register
    9      321.9    5.2%  click Register
   10      135.6    2.2%  find Confirmation
   11       24.5    0.4%  look for the underprice question
   12      326.1    5.3%  click Confirmation
   13      251.2    4.1%  park
   14      418.7    6.8%  confirm the dialog is gone
   15       27.0    0.4%  wait for the panel to let the item go
   16       30.5    0.5%  read tab 4 after the listing
          6153.7  100.0%  TOTAL
  listed 230 at 199,739; it lands in row 10
DONE {"kind": "relist", "row": 10, "lands_in": 10, "qty": 230, "price": 199739, "item": "Force Core(Highest"}
    relisted 230 at 199,739 in row 10
  tab 4 known from the last listing: 0 slot(s) held
  row 11: 'Force Core(Highest' x89 at 199,741 -> tab 4 slot (1, 1)
    floor 181,900 (181,900 x 1) from Force Core Set (Highest) as last bought; listed at 199,741, above it
TASK {"kind": "relist", "row": 11, "item": "Force Core(Highest", "qty": 89, "price": 199741, "tab": 4, "slot": [1, 1], "lands_in": 11}
  inventory slot (1,1) at (1471, 237)
    read: current min 199,739, price field 199,739, net sales 199,739, week average 213,123, listed at 199,741
    the lowest listed price is 199,739, from the row and 3 more
    market 199,739, typing 199,738, 1 under the market
    net sales 17,776,682 is 89 x 199,738
  typed 250; the net sales make it 89
    the panel holds 199,738 against the 199,738 typed
  tab 4 read in 31 ms after the listing: 0 slot(s) held

  list 89 at 199,738
    #         ms   share  step
    1       29.7    0.5%  read the panel before loading
    2       25.6    0.4%  wait for slot (1,1) to fill
    3      826.7   13.4%  ctrl-click (1,1) attempt 1
    4      698.6   11.3%  read the suggested price
    5     1474.0   23.9%  type the price 199,738
    6      962.2   15.6%  type the quantity 250
    7      457.8    7.4%  take the quantity from the net sales
    8      140.7    2.3%  read the price back before Register
    9      325.1    5.3%  click Register
   10      136.3    2.2%  find Confirmation
   11       24.0    0.4%  look for the underprice question
   12      326.7    5.3%  click Confirmation
   13      251.4    4.1%  park
   14      423.7    6.9%  confirm the dialog is gone
   15       27.5    0.4%  wait for the panel to let the item go
   16       31.3    0.5%  read tab 4 after the listing
          6161.1  100.0%  TOTAL
  listed 89 at 199,738; it lands in row 11
DONE {"kind": "relist", "row": 11, "lands_in": 11, "qty": 89, "price": 199738, "item": "Force Core(Highest"}
    relisted 89 at 199,738 in row 11
  row 12 has SOLD (fully); collecting
    collected; row 12 is empty, nothing to relist
  the Divine Stone special row sold; buying it back now, not on the next pass

-- Divine Stone special row 1 of 1: 1 at 5,000 to 5,200 under the market --
  1 stays behind on every row bought; an order 10 step(s) down with nothing spare takes the row it is on whole, and the next order leaves 1 behind again; each order prices the favourite afresh, then wheels down, up to 30 step(s)
TASK {"kind": "resupply", "core": "Divine Stone", "slot": 5, "tab": 4, "landing": [1, 1], "special": true}
  row 1 offers 'Divine Stone' x142 at 702,500 (702,500/unit)
    balance before 3,315,476
    row 1 holds 142, 1 stays behind, so at most 141 comes off it
    dialog: '* Divine Stone'  qty 1 of 4  price 702500
    the dialog allows at most 4 of the row's 142
    1 core(s) wanted, 1 to a pack -> 1 pack(s); 4 available, taking 1
    the quantity field already reads 1; not retyping it
    ordering 1 pack(s) at 702,500; the spend will confirm what actually bought
    balance after  2,612,976; spent 702,500 bought 1 pack(s) = 1 core(s) (702,500 a core)

  buy from favourite slot 5: bought 1 core(s) in 1 order(s)
    #         ms   share  step
    1        0.4    0.0%  get_price: focus the game
    2      179.6    2.0%  get_price: _trade_window_open (OCR 1300x190)
    3      153.4    1.7%  get_price: purchase_tab_showing
    4     1428.0   16.1%  get_price: click the Purchase tab + settle
    5      262.3    3.0%  get_price: read row 1 before the search
    6      326.1    3.7%  get_price: click favourite slot 5
    7      131.0    1.5%  get_price: confirm the sort
    8      558.4    6.3%  get_price: poll row 1 until it answers (2 read(s))
    9     3089.1   34.8%  get_price: search the favourite and read row 1
   10      321.2    3.6%  select inventory tab 4
   11      146.3    1.6%  read the balance before buying
   12      389.1    4.4%  click the row at (500, 260)
   13      324.9    3.7%  click Buy at (834, 260)
   14      128.6    1.5%  await the Purchase dialog
   15      438.9    4.9%  read the dialog (item, price, qty, qty_max)
   16      124.1    1.4%  find the Buy button
   17      322.5    3.6%  click Buy
   18      251.3    2.8%  park
   19      163.7    1.8%  confirm the dialog is gone
   20      129.7    1.5%  read the balance after buying
          8868.7  100.0%  TOTAL
    tab 4 slot (1, 1) is held for 'Divine Stone'; it frees when something is listed from it
  the Divine Stone landed in tab 4 slot (1, 1)
TASK {"kind": "resupply", "core": "Divine Stone", "slot": 5, "tab": 4, "landing": [1, 1], "step": "list", "holding": "Divine Stone", "qty": 1, "special": true}
  inventory slot (1,1) at (1471, 237)
    read: current min 702,500, price field 702,500, net sales 702,500, week average 708,921, listed at unread
    the lowest listed price is 702,500, from the row and 2 more
    market 702,500, typing 697,465, 5,035 under the market
    net sales 697,465 is 1 x 697,465
  typed 250; the net sales make it 1
    the panel holds 697,465 against the 697,465 typed
  tab 4 read in 41 ms after the listing: 0 slot(s) held

  list 1 at 697,465
    #         ms   share  step
    1       29.7    0.5%  read the panel before loading
    2      831.9   13.6%  ctrl-click (1,1) attempt 1
    3      699.2   11.4%  read the suggested price
    4     1478.2   24.1%  type the price 697,465
    5      960.7   15.7%  type the quantity 250
    6      449.5    7.3%  take the quantity from the net sales
    7      140.2    2.3%  read the price back before Register
    8      324.9    5.3%  click Register
    9      145.8    2.4%  find Confirmation
   10       28.7    0.5%  look for the underprice question
   11      326.8    5.3%  click Confirmation
   12      251.4    4.1%  park
   13      400.8    6.5%  confirm the dialog is gone
   14       28.2    0.5%  wait for the panel to let the item go
   15       41.1    0.7%  read tab 4 after the listing
          6137.2  100.0%  TOTAL
  listed 1 at 697,465; it lands in row 12
  the Divine Stone special row is listed at 697,465 in row 12
DONE {"kind": "resupply", "core": "Divine Stone", "bought": 1, "listed": 1, "rows": [12], "special": true}
  tab 4 known from the last listing: 0 slot(s) held
  row 13: 'Upgrade Core (Ultimate' x136 at 449,817 -> tab 4 slot (1, 1)
    floor 442,381 (442,381 x 1) from Upgrade Core Set (Ultimate) as last bought; listed at 449,817, above it
TASK {"kind": "relist", "row": 13, "item": "Upgrade Core (Ultimate", "qty": 136, "price": 449817, "tab": 4, "slot": [1, 1], "lands_in": 13}
  inventory slot (1,1) at (1471, 237)
    read: current min 449,814, price field 449,814, net sales 449,814, week average 466,479, listed at 449,817
    the lowest listed price is 449,814, from the row and 3 more
    market 449,814, typing 449,813, 1 under the market
    net sales 61,174,568 is 136 x 449,813
  typed 250; the net sales make it 136
    the panel holds 449,813 against the 449,813 typed
  tab 4 read in 31 ms after the listing: 0 slot(s) held

  list 136 at 449,813
    #         ms   share  step
    1       27.3    0.4%  read the panel before loading
    2       27.0    0.4%  wait for slot (1,1) to fill
    3      838.9   13.6%  ctrl-click (1,1) attempt 1
    4      709.1   11.5%  read the suggested price
    5     1480.8   24.0%  type the price 449,813
    6      962.1   15.6%  type the quantity 250
    7      459.0    7.4%  take the quantity from the net sales
    8      144.0    2.3%  read the price back before Register
    9      320.6    5.2%  click Register
   10      144.3    2.3%  find Confirmation
   11       23.5    0.4%  look for the underprice question
   12      324.6    5.3%  click Confirmation
   13      250.9    4.1%  park
   14      414.5    6.7%  confirm the dialog is gone
   15       23.3    0.4%  wait for the panel to let the item go
   16       31.3    0.5%  read tab 4 after the listing
          6181.0  100.0%  TOTAL
  listed 136 at 449,813; it lands in row 13
DONE {"kind": "relist", "row": 13, "lands_in": 13, "qty": 136, "price": 449813, "item": "Upgrade Core (Ultimate"}
    relisted 136 at 449,813 in row 13
  tab 4 known from the last listing: 0 slot(s) held
  row 14: 'Divine Stone Set X 162' x1 at 115,894,151 -> tab 4 slot (1, 1)
    floor 113,805,000 (702,500 x 162) from Divine Stone as last bought; listed at 115,894,151, above it
TASK {"kind": "relist", "row": 14, "item": "Divine Stone Set X 162", "qty": 1, "price": 115894151, "tab": 4, "slot": [1, 1], "lands_in": 14}
  inventory slot (1,1) at (1471, 237)
    read: current min 115,893,504, price field 115,893,504, net sales 115,893,504, week average 116,600,472, listed at 115,894,151
    the lowest listed price is 115,893,504, from the row and 3 more
    market 115,893,504, typing 115,893,503, 1 under the market
    net sales 115,893,503 is 1 x 115,893,503
  typed 250; the net sales make it 1
    the panel holds 115,893,503 against the 115,893,503 typed
  tab 4 read in 31 ms after the listing: 0 slot(s) held

  list 1 at 115,893,503
    #         ms   share  step
    1       24.7    0.4%  read the panel before loading
    2       27.5    0.4%  wait for slot (1,1) to fill
    3      833.2   13.0%  ctrl-click (1,1) attempt 1
    4      707.1   11.0%  read the suggested price
    5     1688.3   26.4%  type the price 115,893,503
    6      971.2   15.2%  type the quantity 250
    7      470.8    7.4%  take the quantity from the net sales
    8      145.8    2.3%  read the price back before Register
    9      325.5    5.1%  click Register
   10      135.3    2.1%  find Confirmation
   11       24.7    0.4%  look for the underprice question
   12      326.5    5.1%  click Confirmation
   13      251.8    3.9%  park
   14      409.0    6.4%  confirm the dialog is gone
   15       27.2    0.4%  wait for the panel to let the item go
   16       31.0    0.5%  read tab 4 after the listing
          6399.5  100.0%  TOTAL
  listed 1 at 115,893,503; it lands in row 14
DONE {"kind": "relist", "row": 14, "lands_in": 14, "qty": 1, "price": 115893503, "item": "Divine Stone Set X 162"}
    relisted 1 at 115,893,503 in row 14
  tab 4 known from the last listing: 0 slot(s) held
  row 15: 'Force Core(High' x240 at 195,123 -> tab 4 slot (1, 1)
    floor 176,470 (176,470 x 1) from Force Core Set (High) as last bought; listed at 195,123, above it
TASK {"kind": "relist", "row": 15, "item": "Force Core(High", "qty": 240, "price": 195123, "tab": 4, "slot": [1, 1], "lands_in": 15}
  inventory slot (1,1) at (1471, 237)
    read: current min 195,121, price field 195,121, net sales 195,121, week average 199,396, listed at 195,123
    the lowest listed price is 195,121, from the row and 3 more
    market 195,121, typing 195,120, 1 under the market
    net sales 46,828,800 is 240 x 195,120
  typed 250; the net sales make it 240
    the panel holds 195,120 against the 195,120 typed
  tab 4 read in 31 ms after the listing: 0 slot(s) held

  list 240 at 195,120
    #         ms   share  step
    1       28.1    0.5%  read the panel before loading
    2       27.3    0.4%  wait for slot (1,1) to fill
    3      827.4   13.5%  ctrl-click (1,1) attempt 1
    4      697.5   11.4%  read the suggested price
    5     1477.0   24.1%  type the price 195,120
    6      960.3   15.6%  type the quantity 250
    7      460.1    7.5%  take the quantity from the net sales
    8      141.9    2.3%  read the price back before Register
    9      322.0    5.2%  click Register
   10      134.5    2.2%  find Confirmation
   11       24.6    0.4%  look for the underprice question
   12      326.2    5.3%  click Confirmation
   13      251.7    4.1%  park
   14      402.3    6.6%  confirm the dialog is gone
   15       28.0    0.5%  wait for the panel to let the item go
   16       30.7    0.5%  read tab 4 after the listing
          6139.4  100.0%  TOTAL
  listed 240 at 195,120; it lands in row 15
DONE {"kind": "relist", "row": 15, "lands_in": 15, "qty": 240, "price": 195120, "item": "Force Core(High"}
    relisted 240 at 195,120 in row 15
  tab 4 known from the last listing: 0 slot(s) held
  row 16: 'Force Core(High' x1 at 195,122 -> tab 4 slot (1, 1)
    floor 176,470 (176,470 x 1) from Force Core Set (High) as last bought; listed at 195,122, above it
TASK {"kind": "relist", "row": 16, "item": "Force Core(High", "qty": 1, "price": 195122, "tab": 4, "slot": [1, 1], "lands_in": 16}
  inventory slot (1,1) at (1471, 237)
    read: current min 195,120, price field 195,120, net sales 195,120, week average 199,396, listed at 195,122
    the lowest listed price is 195,120, from the row and 3 more
    market 195,120, typing 195,119, 1 under the market
    net sales 195,119 is 1 x 195,119
  typed 250; the net sales make it 1
    the panel holds 195,119 against the 195,119 typed
  tab 4 read in 31 ms after the listing: 0 slot(s) held

  list 1 at 195,119
    #         ms   share  step
    1       26.5    0.4%  read the panel before loading
    2       36.8    0.6%  wait for slot (1,1) to fill
    3      838.3   13.6%  ctrl-click (1,1) attempt 1
    4      699.2   11.4%  read the suggested price
    5     1475.1   23.9%  type the price 195,119
    6      961.8   15.6%  type the quantity 250
    7      450.2    7.3%  take the quantity from the net sales
    8      141.2    2.3%  read the price back before Register
    9      323.9    5.3%  click Register
   10      144.3    2.3%  find Confirmation
   11       23.6    0.4%  look for the underprice question
   12      325.9    5.3%  click Confirmation
   13      251.9    4.1%  park
   14      402.8    6.5%  confirm the dialog is gone
   15       26.8    0.4%  wait for the panel to let the item go
   16       31.1    0.5%  read tab 4 after the listing
          6159.3  100.0%  TOTAL
  listed 1 at 195,119; it lands in row 16
DONE {"kind": "relist", "row": 16, "lands_in": 16, "qty": 1, "price": 195119, "item": "Force Core(High"}
    relisted 1 at 195,119 in row 16
  row 17 has SOLD (partly); collecting
    collected; 96 left to relist
  tab 4 known from the last listing: 0 slot(s) held
  row 17: 'Force Core(High' x96 at 195,121 -> tab 4 slot (1, 1)
    floor 176,470 (176,470 x 1) from Force Core Set (High) as last bought; listed at 195,121, above it
TASK {"kind": "relist", "row": 17, "item": "Force Core(High", "qty": 96, "price": 195121, "tab": 4, "slot": [1, 1], "lands_in": 17}
  inventory slot (1,1) at (1471, 237)
    read: current min 195,119, price field 195,119, net sales 195,119, week average 199,396, listed at 195,121
    the lowest listed price is 195,119, from the row and 3 more
    market 195,119, typing 195,118, 1 under the market
    net sales 18,731,328 is 96 x 195,118
  typed 250; the net sales make it 96
    the panel holds 195,118 against the 195,118 typed
  tab 4 read in 33 ms after the listing: 0 slot(s) held

  list 96 at 195,118
    #         ms   share  step
    1       26.1    0.4%  read the panel before loading
    2       27.6    0.4%  wait for slot (1,1) to fill
    3      826.7   13.4%  ctrl-click (1,1) attempt 1
    4      698.1   11.3%  read the suggested price
    5     1480.0   24.0%  type the price 195,118
    6      965.9   15.6%  type the quantity 250
    7      476.8    7.7%  take the quantity from the net sales
    8      136.4    2.2%  read the price back before Register
    9      326.1    5.3%  click Register
   10      140.4    2.3%  find Confirmation
   11       25.2    0.4%  look for the underprice question
   12      325.7    5.3%  click Confirmation
   13      251.4    4.1%  park
   14      412.3    6.7%  confirm the dialog is gone
   15       23.2    0.4%  wait for the panel to let the item go
   16       32.8    0.5%  read tab 4 after the listing
          6174.6  100.0%  TOTAL
  listed 96 at 195,118; it lands in row 17
DONE {"kind": "relist", "row": 17, "lands_in": 17, "qty": 96, "price": 195118, "item": "Force Core(High"}
    relisted 96 at 195,118 in row 17
  tab 4 known from the last listing: 0 slot(s) held
  row 18: 'Chaos Core Set X 228' x1 at 165,991,979 -> tab 4 slot (1, 1)
    floor 163,495,836 (717,087 x 228) from what it cost; listed at 165,991,979, above it
TASK {"kind": "relist", "row": 18, "item": "Chaos Core Set X 228", "qty": 1, "price": 165991979, "tab": 4, "slot": [1, 1], "lands_in": 18}
  inventory slot (1,1) at (1471, 237)
    read: current min 165,990,384, price field 165,990,384, net sales 165,990,384, week average 166,004,064, listed at 165,991,979
    the lowest listed price is 165,990,384, from the row and 3 more
    market 165,990,384, typing 165,990,383, 1 under the market
    net sales 165,990,383 is 1 x 165,990,383
  typed 250; the net sales make it 1
    the panel holds 165,990,383 against the 165,990,383 typed
  tab 4 read in 32 ms after the listing: 0 slot(s) held

  list 1 at 165,990,383
    #         ms   share  step
    1       24.0    0.4%  read the panel before loading
    2       27.3    0.4%  wait for slot (1,1) to fill
    3      828.9   12.9%  ctrl-click (1,1) attempt 1
    4      716.2   11.2%  read the suggested price
    5     1690.9   26.3%  type the price 165,990,383
    6      961.6   15.0%  type the quantity 250
    7      464.0    7.2%  take the quantity from the net sales
    8      140.2    2.2%  read the price back before Register
    9      348.5    5.4%  click Register
   10      134.6    2.1%  find Confirmation
   11       24.3    0.4%  look for the underprice question
   12      325.7    5.1%  click Confirmation
   13      251.7    3.9%  park
   14      423.6    6.6%  confirm the dialog is gone
   15       27.0    0.4%  wait for the panel to let the item go
   16       31.8    0.5%  read tab 4 after the listing
          6420.3  100.0%  TOTAL
  listed 1 at 165,990,383; it lands in row 18
DONE {"kind": "relist", "row": 18, "lands_in": 18, "qty": 1, "price": 165990383, "item": "Chaos Core Set X 228"}
    relisted 1 at 165,990,383 in row 18
  tab 4 known from the last listing: 0 slot(s) held
  row 19: 'Chaos Core Set X 231' x1 at 168,175,853 -> tab 4 slot (1, 1)
    floor 165,647,097 (717,087 x 231) from what it cost; listed at 168,175,853, above it
TASK {"kind": "relist", "row": 19, "item": "Chaos Core Set X 231", "qty": 1, "price": 168175853, "tab": 4, "slot": [1, 1], "lands_in": 19}
  inventory slot (1,1) at (1471, 237)
    read: current min 168,174,237, price field 168,174,237, net sales 168,174,237, week average 168,188,328, listed at 168,175,853
    the lowest listed price is 168,174,237, from the row and 3 more
    market 168,174,237, typing 168,174,236, 1 under the market
    net sales 168,174,236 is 1 x 168,174,236
  typed 250; the net sales make it 1
    the panel holds 168,174,236 against the 168,174,236 typed
  tab 4 read in 27 ms after the listing: 0 slot(s) held

  list 1 at 168,174,236
    #         ms   share  step
    1       27.8    0.4%  read the panel before loading
    2       24.8    0.4%  wait for slot (1,1) to fill
    3      839.2   12.9%  ctrl-click (1,1) attempt 1
    4      823.5   12.7%  read the suggested price
    5     1697.0   26.1%  type the price 168,174,236
    6      964.0   14.9%  type the quantity 250
    7      466.7    7.2%  take the quantity from the net sales
    8      140.5    2.2%  read the price back before Register
    9      320.7    4.9%  click Register
   10      137.6    2.1%  find Confirmation
   11       23.6    0.4%  look for the underprice question
   12      326.3    5.0%  click Confirmation
   13      251.7    3.9%  park
   14      390.7    6.0%  confirm the dialog is gone
   15       28.5    0.4%  wait for the panel to let the item go
   16       27.1    0.4%  read tab 4 after the listing
          6489.6  100.0%  TOTAL
  listed 1 at 168,174,236; it lands in row 19
DONE {"kind": "relist", "row": 19, "lands_in": 19, "qty": 1, "price": 168174236, "item": "Chaos Core Set X 231"}
    relisted 1 at 168,174,236 in row 19
  tab 4 known from the last listing: 0 slot(s) held
  row 20: 'Chaos Core Set X 225' x1 at 163,807,424 -> tab 4 slot (1, 1)
    floor 161,325,000 (717,000 x 225) from what it cost; listed at 163,807,424, above it
TASK {"kind": "relist", "row": 20, "item": "Chaos Core Set X 225", "qty": 1, "price": 163807424, "tab": 4, "slot": [1, 1], "lands_in": 20}
  inventory slot (1,1) at (1471, 237)
    read: current min 163,805,850, price field 163,805,850, net sales 163,805,850, week average 163,819,800, listed at 163,807,424
    the lowest listed price is 163,805,850, from the row and 3 more
    market 163,805,850, typing 163,805,849, 1 under the market
    net sales 163,805,849 is 1 x 163,805,849
  typed 250; the net sales make it 1
    the panel holds 163,805,849 against the 163,805,849 typed
  tab 4 read in 37 ms after the listing: 0 slot(s) held

  list 1 at 163,805,849
    #         ms   share  step
    1       24.4    0.4%  read the panel before loading
    2       26.9    0.4%  wait for slot (1,1) to fill
    3      825.1   12.9%  ctrl-click (1,1) attempt 1
    4      719.7   11.2%  read the suggested price
    5     1693.7   26.5%  type the price 163,805,849
    6      968.4   15.1%  type the quantity 250
    7      461.6    7.2%  take the quantity from the net sales
    8      142.9    2.2%  read the price back before Register
    9      324.9    5.1%  click Register
   10      138.1    2.2%  find Confirmation
   11       28.3    0.4%  look for the underprice question
   12      325.5    5.1%  click Confirmation
   13      251.6    3.9%  park
   14      394.5    6.2%  confirm the dialog is gone
   15       39.7    0.6%  wait for the panel to let the item go
   16       37.3    0.6%  read tab 4 after the listing
          6402.6  100.0%  TOTAL
  listed 1 at 163,805,849; it lands in row 20
DONE {"kind": "relist", "row": 20, "lands_in": 20, "qty": 1, "price": 163805849, "item": "Chaos Core Set X 225"}
    relisted 1 at 163,805,849 in row 20
  row 21 has SOLD (fully); collecting
    collected; row 21 is empty, nothing to relist
  a 'Chaos Core Set X 96' row sold and is collected; Chaos Core holds 4 row(s), pricing and resupplying it now, not on the next pass
  Chaos Core Set 728,027 - Chaos Core 717,000 = 11,027
  Alz 82,260,097 held covers 114 Chaos Core at 717,000; buying what it covers

-- Chaos Core: 4 row(s) --
  5 row(s) free inside 1-25
  Chaos Core Set 728,027 - Chaos Core 717,000 = 11,027
  a margin of 11,027 is worth 5 row(s) of Chaos Core; 4 held
  buy_min 150 rolled to 138 (+/-15); buying 138 in whole batches of 3
  1 stays behind on every row bought; an order 10 step(s) down with nothing spare takes the row it is on whole, and the next order leaves 1 behind again; each order prices the favourite afresh, then wheels down, up to 30 step(s)
  every order takes all of the row it lands on, up to 999 held, and the orders stop once 138 is held
TASK {"kind": "resupply", "core": "Chaos Core", "set": "Chaos Core Set", "slot": 3, "tab": 4}
  0/138 Chaos Core held
  row 1 offers 'Chaos Core' x194 at 717,000 (717,000/unit)
    row 1 leaves 11,027 a core against the 5,000 wanted
    balance before 82,260,097
    Alz 82,260,097 covers 114 pack(s) at 717,000, not the 999 wanted; asking for 114
    row 1 holds 194, 1 stays behind, so at most 193 comes off it
    dialog: '* Chaos Core'  qty 1 of 114  price 717000
    the dialog allows at most 114 of the row's 194
    999 core(s) wanted, 1 to a pack -> 114 pack(s); 114 available, taking 114
    ordering 114 pack(s) at 81,738,000; the spend will confirm what actually bought
    balance after  522,097; spent 81,738,000 bought 114 pack(s) = 114 core(s) (717,000 a core)

  buy from favourite slot 3: bought 114 core(s) in 114 order(s)
    #         ms   share  step
    1        0.4    0.0%  get_price: focus the game
    2      152.1    2.0%  get_price: _trade_window_open (OCR 1300x190)
    3      173.9    2.3%  get_price: purchase_tab_showing
    4      254.6    3.3%  get_price: read row 1 before the search
    5      324.5    4.3%  get_price: click favourite slot 3
    6      128.4    1.7%  get_price: confirm the sort
    7      542.4    7.1%  get_price: poll row 1 until it answers (2 read(s))
    8     1617.0   21.3%  get_price: search the favourite and read row 1
    9      323.2    4.2%  select inventory tab 4
   10      136.0    1.8%  read the balance before buying
   11      386.9    5.1%  click the row at (500, 260)
   12      322.9    4.2%  click Buy at (834, 260)
   13      129.7    1.7%  await the Purchase dialog
   14      445.8    5.9%  read the dialog (item, price, qty, qty_max)
   15     1410.3   18.5%  click the quantity field and type 114
   16      130.8    1.7%  find the Buy button
   17      320.2    4.2%  click Buy
   18      251.2    3.3%  park
   19      160.6    2.1%  confirm the dialog is gone
   20      396.6    5.2%  read the balance after buying
          7607.4  100.0%  TOTAL
  114/138 Chaos Core held
  row 1 offers 'Chaos Core' x1 at 716,425 (716,425/unit)

  buy from favourite slot 3: REFUSED
    #         ms   share  step
    1        0.3    0.0%  get_price: focus the game
    2      177.7    5.9%  get_price: _trade_window_open (OCR 1300x190)
    3      168.0    5.6%  get_price: purchase_tab_showing
    4      152.0    5.0%  get_price: read row 1 before the search
    5      323.7   10.8%  get_price: click favourite slot 3
    6      128.2    4.3%  get_price: confirm the sort
    7      536.4   17.8%  get_price: poll row 1 until it answers (2 read(s))
    8     1525.1   50.6%  get_price: search the favourite and read row 1
          3011.3  100.0%  TOTAL
  row 1 holds 1 and 1 stays behind, so there is nothing spare to take here.
  wheeled 1 notch(es) down the offers, from row 2 at (500, 316)
  row 1 offers 'Chaos Core' x80 at 717,000 (717,000/unit)
    row 1 leaves 11,027 a core against the 5,000 wanted
    balance before 522,097

  buy from favourite slot 3: REFUSED
    #         ms   share  step
    1        0.5    0.0%  get_price: focus the game
    2      175.1    9.6%  get_price: _trade_window_open (OCR 1300x190)
    3      174.8    9.6%  get_price: purchase_tab_showing
    4      330.3   18.1%  get_price: read row 1 where it stands
    5      680.8   37.3%  get_price: search the favourite and read row 1
    6      324.7   17.8%  select inventory tab 4
    7      140.5    7.7%  read the balance before buying
          1826.8  100.0%  TOTAL
  stopping: Alz 522,097 held and row 1 asks 717,000 a pack; nothing can be bought. Nothing clicked.
TASK {"kind": "resupply", "core": "Chaos Core", "set": "Chaos Core Set", "slot": 3, "tab": 4, "step": "craft", "holding": "Chaos Core", "qty": 114, "price": 0}
  Inventory shut; pressing I (attempt 1)
  right-clicking the craft key on tab 6 slot (1, 8) at (1866, 237) (attempt 1/3)
  opening the 2000-2999 tier at [91, 210]
  choosing Chaos Core Set x3 at [146, 240]
  114 Chaos Core(s) bought this pass, 3 to a craft
  Request All at [265, 736]
  waiting 15s for 114 core(s) (5s per 50, rounded up)
  Complete All at [879, 735]
  the Sets arrived in [(1, 1), (1, 2), (1, 3), (1, 4)]
  compressing tab 4 slot (1, 1) at (1471, 237)
  114 Chaos Core(s) went into the queue

  craft from 114 Chaos Core(s)
    #         ms   share  step
    1     2740.2   11.5%  open the craft window
    2     2520.9   10.6%  select the recipe
    3      322.5    1.4%  Request All
    4    15000.9   63.1%  wait for the queue
    5      928.1    3.9%  select inventory tab 4 before completing
    6       30.3    0.1%  read the slots before any Set arrives
    7      828.3    3.5%  Complete All
    8     1407.8    5.9%  compress the crafted Sets
         23779.0  100.0%  TOTAL
TASK {"kind": "resupply", "core": "Chaos Core", "set": "Chaos Core Set", "slot": 3, "tab": 4, "step": "list", "holding": "Chaos Core Set", "qty": 114, "price": 0}
  the Agent Shop is shut and the vendor is not open either; reopening it
  Inventory shut: slot grid 0.12, needs 0.33
  listing the Chaos Core Set compressed into (1, 1) from 114 Chaos Core(s)
  the board's cheapest is 728,027 a Set, and the panel scales that to whatever the bundle holds
  it cost 717,000 a Core, so no Set goes out under that
  inventory slot (1,1) at (1471, 237)
    read: current min 82,994,850, price field 82,994,850, net sales 82,994,850, week average 83,002,032, listed at unread
    the lowest listed price is 82,994,850, from the row and 2 more
  the panel prices the bundle at 82,994,850, 114 x 728,027; the floor is 81,738,000
    market 82,994,850, typing 82,994,849, 1 under the market
    net sales 82,994,849 is 1 x 82,994,849
  typed 250; the net sales make it 1
    the panel holds 82,994,849 against the 82,994,849 typed
  tab 4 read in 32 ms after the listing: 0 slot(s) held

  list 1 at 82,994,849
    #         ms   share  step
    1       27.7    0.4%  read the panel before loading
    2      833.0   13.2%  ctrl-click (1,1) attempt 1
    3      711.5   11.2%  read the suggested price
    4     1621.9   25.6%  type the price 82,994,849
    5      959.7   15.2%  type the quantity 250
    6      476.7    7.5%  take the quantity from the net sales
    7      141.0    2.2%  read the price back before Register
    8      332.0    5.2%  click Register
    9      139.2    2.2%  find Confirmation
   10       23.6    0.4%  look for the underprice question
   11      328.9    5.2%  click Confirmation
   12      251.1    4.0%  park
   13      426.3    6.7%  confirm the dialog is gone
   14       22.3    0.4%  wait for the panel to let the item go
   15       32.0    0.5%  read tab 4 after the listing
          6326.9  100.0%  TOTAL
  listed 1 at 82,994,849; it lands in row 21
    'Chaos Core Set' was bought at 717,000 a unit and listed against a verified 728,025; a row of it with no cost of its own is floored at 717,000 from now on
DONE {"kind": "resupply", "core": "Chaos Core", "bought": 114, "listed": 1, "rows": [21]}

  resupply Chaos Core: bought 114, 114 into the craft, listed 1 in rows [21]
    #          ms   share     n      each  phase
    1    23,812.9   43.6%     1  23,812.9  craft Chaos Core into Chaos Core Set
    2     6,335.2   11.6%     1   6,335.2  list Chaos Core Set from (1, 1)
    3     6,049.0   11.1%     1   6,049.0  buy order 1
    4     5,030.6    9.2%     1   5,030.6  reopen the Agent Shop
    5     2,971.1    5.4%     1   2,971.1  price Chaos Core
    6     2,351.5    4.3%     1   2,351.5  select the Register tab
    7     1,536.3    2.8%     1   1,536.3  price Chaos Core Set
    8     1,530.9    2.8%     1   1,530.9  close the Agent Shop
    9     1,526.8    2.8%     1   1,526.8  buy order 2
   10     1,148.2    2.1%     1   1,148.2  buy order 3
   11     1,007.6    1.8%     1   1,007.6  close the craft window
   12       923.1    1.7%     1     923.1  select inventory tab 4
   13       371.5    0.7%     1     371.5  step down to the next offer (1)
         54,594.6  100.0%
  Chaos Core: 5 of 5 row(s) after that one
  row 22 is empty; nothing to relist
  row 23 is empty; nothing to relist
  row 24 is empty; nothing to relist
  row 25 is empty; nothing to relist

  relisting rows 1-25: 19 relisted, 6 empty, 0 skipped
    #          ms   share     n      each  phase
    1    23,812.9   37.6%     1  23,812.9  craft Chaos Core into Chaos Core Set
    2     7,289.6   11.5%     4   1,822.4  scroll to the row and read it
    3     6,335.2   10.0%     1   6,335.2  list Chaos Core Set from (1, 1)
    4     6,049.0    9.5%     1   6,049.0  buy order 1
    5     5,030.6    7.9%     1   5,030.6  reopen the Agent Shop
    6     2,971.1    4.7%     1   2,971.1  price Chaos Core
    7     2,351.5    3.7%     1   2,351.5  select the Register tab
    8     1,536.3    2.4%     1   1,536.3  price Chaos Core Set
    9     1,530.9    2.4%     1   1,530.9  close the Agent Shop
   10     1,526.8    2.4%     1   1,526.8  buy order 2
   11     1,500.0    2.4%     4     375.0  Refresh the table
   12     1,148.2    1.8%     1   1,148.2  buy order 3
   13     1,007.6    1.6%     1   1,007.6  close the craft window
   14       923.1    1.5%     1     923.1  select inventory tab 4
   15       371.5    0.6%     1     371.5  step down to the next offer (1)
         63,384.1  100.0%

  returning the game to its default state
restoring the default state:
  Escape: window closed
  Inventory already closed
  the gift box at [284, 1001]
  Receive All at [1211, 792]
  Receive 1 of 4 at [1217, 329]
  Receive 2 of 4 at [1217, 428]
  Receive 3 of 4 at [1217, 527]
  Receive 4 of 4 at [1217, 626]
  the special giftbox's Receive at [1442, 496]
  Close at [1487, 852]
  took 4 gift(s)
  the Agent Shop is shut and the vendor is not open either; reopening it
  Inventory shut: slot grid 0.11, needs 0.33

  board after pass 6:
                                                   bought/u   listed/u  margin      row price
     1  Force Core(Highest                 x202           -    199,740       -        199,740
     2  Chaos Core                         x1       717,087    715,708   -0.2%        715,708
     3  Honor Medal Chest                  x2             - 219,789,999       -    219,789,999
     4  Upgrade Core (Ultimate             x250           -    449,816       -        449,816
     5  Divine Stone Set X 141             x1             -    715,394       -    100,870,694
     6  Chaos Core Set X 237               x1       717,087    728,028   +1.5%    172,542,872
     7  Divine Stone Set X 138             x1       702,500    715,393   +1.8%     98,724,371
     8  Divine Stone Set X 156             x1       702,500    715,392   +1.8%    111,601,307
     9  Upgrade Core (Ultimate             x232           -    449,815       -        449,815
    10  Force Core(Highest                 x230           -    199,739       -        199,739
    11  Force Core(Highest                 x89            -    199,738       -        199,738
    12  Divine Stone                       x1       702,500    697,465   -0.7%        697,465
    13  Upgrade Core (Ultimate             x136           -    449,813       -        449,813
    14  Divine Stone Set X 162             x1             -    715,391       -    115,893,503
    15  Force Core(High                    x240           -    195,120       -        195,120
    16  Force Core(High                    x1             -    195,119       -        195,119
    17  Force Core(High                    x96            -    195,118       -        195,118
    18  Chaos Core Set X 228               x1       717,087    728,027   +1.5%    165,990,383
    19  Chaos Core Set X 231               x1       717,087    728,026   +1.5%    168,174,236
    20  Chaos Core Set X 225               x1       717,000    728,025   +1.5%    163,805,849
    21  Chaos Core Set                     x1       717,000    728,024   +1.5%     82,994,849
    26  Siena's Unbinding Stone            x1    74,500,000 950,000,000  +92.2%    950,000,000
    29  Bemonvecnte" TE t__                x1             - 10,000,000       -     10,000,000
    30  Life Capsule(Special) Type A X 100 x6             -     29,999       -      2,999,900
    item                               rows   units          listed
    Bemonvecnte" TE t__                   1       1      10,000,000
    Chaos Core                            1       1         715,708
    Chaos Core Set                        5   1,035     753,508,189
    Divine Stone                          1       1         697,465
    Divine Stone Set                      4     597     427,089,875
    Force Core(High                       3     337      65,755,247
    Force Core(Highest                    3     521     104,064,132
    Honor Medal Chest                     1       2     439,579,998
    Life Capsule(Special) Type A          1     600      17,999,400
    Siena's Unbinding Stone               1       1     950,000,000
    Upgrade Core (Ultimate                3     618     277,985,648
    board                                24   3,714   3,047,395,662
    balance now 522,097
  pass 6: 19 relisted, 6 empty, 0 skipped; 9962.8 minute(s) left

-- pass 7 --

  resupply order: Chaos Core, Force Core(High), Force Core(Highest), Upgrade Core (Ultimate), Divine Stone

-- Chaos Core Set under our listing: up to 3 row(s) --
  Chaos Core Set 728,024 - Chaos Core 716,425 = 11,599
  ours is listed at 728,024 a Set and a Chaos Core sells at 716,425; buying every Set under 711,425, 5,000 a Set below the lower of the two
  the cheapest Chaos Core Set is 728,024 a Set, not under 711,425; nothing to buy under ours

-- Divine Stone Set under our listing: up to 3 row(s) --
  Divine Stone Set 715,391 - Divine Stone 702,500 = 12,891
  ours is listed at 715,391 a Set and a Divine Stone sells at 702,500; buying every Set under 697,500, 5,000 a Set below the lower of the two
  the cheapest Divine Stone Set is 715,391 a Set, not under 697,500; nothing to buy under ours

  counting only rows 1-25; rows outside it are not repriced and do not count; 4 row(s) free
  core                            rows     buy/u    sell/u    margin  wants   short?
  Force Core(Highest)                3         -         -         -      -   holds the most it can want, 3; not priced
  Chaos Core                         5         -         -         -      -   holds the most it can want, 5; not priced
  Divine Stone                       4         -         -         -      -   holds the most it can want, 4; not priced
  Force Core(High)                   3         -         -         -      -   holds the most it can want, 3; not priced
  Upgrade Core (Ultimate)            3         -         -         -      -   holds the most it can want, 3; not priced

  nothing inside rows 1-25 holds fewer rows than its margin is worth.
  row 1 has SOLD (partly); collecting
    collected; 102 left to relist
  tab 4 read from the screen in 1609 ms: 0 slot(s) held
  row 1: 'Force Core(Highest' x102 at 199,740 -> tab 4 slot (1, 1)
    floor 181,900 (181,900 x 1) from Force Core Set (Highest) as last bought; listed at 199,740, above it
TASK {"kind": "relist", "row": 1, "item": "Force Core(Highest", "qty": 102, "price": 199740, "tab": 4, "slot": [1, 1], "lands_in": 1}
  inventory slot (1,1) at (1471, 237)
    read: current min 199,734, price field 199,734, net sales 199,734, week average 213,123, listed at 199,740
    the lowest listed price is 199,734, from the row and 3 more
    market 199,734, typing 199,733, 1 under the market
    net sales 20,372,766 is 102 x 199,733
  typed 250; the net sales make it 102
    the panel holds 199,733 against the 199,733 typed
  tab 4 read in 31 ms after the listing: 0 slot(s) held

  list 102 at 199,733
    #         ms   share  step
    1       28.3    0.5%  read the panel before loading
    2       27.2    0.4%  wait for slot (1,1) to fill
    3      833.7   13.5%  ctrl-click (1,1) attempt 1
    4      698.4   11.4%  read the suggested price
    5     1476.4   24.0%  type the price 199,733
    6      959.0   15.6%  type the quantity 250
    7      455.3    7.4%  take the quantity from the net sales
    8      137.7    2.2%  read the price back before Register
    9      324.9    5.3%  click Register
   10      135.8    2.2%  find Confirmation
   11       22.9    0.4%  look for the underprice question
   12      320.8    5.2%  click Confirmation
   13      251.2    4.1%  park
   14      427.9    7.0%  confirm the dialog is gone
   15       22.8    0.4%  wait for the panel to let the item go
   16       31.2    0.5%  read tab 4 after the listing
          6153.5  100.0%  TOTAL
  listed 102 at 199,733; it lands in row 1
DONE {"kind": "relist", "row": 1, "lands_in": 1, "qty": 102, "price": 199733, "item": "Force Core(Highest"}
    relisted 102 at 199,733 in row 1
  row 2 has SOLD (fully); collecting
    collected; row 2 is empty, nothing to relist
  the Chaos Core special row sold; buying it back now, not on the next pass

-- Chaos Core special row 1 of 1: 1 at 500 to 700 under the market --
  1 stays behind on every row bought; an order 10 step(s) down with nothing spare takes the row it is on whole, and the next order leaves 1 behind again; each order prices the favourite afresh, then wheels down, up to 30 step(s)
TASK {"kind": "resupply", "core": "Chaos Core", "slot": 3, "tab": 4, "landing": [1, 1], "special": true}
  row 1 offers 'Chaos Core' x1 at 715,878 (715,878/unit)

  buy from favourite slot 3: REFUSED
    #         ms   share  step
    1        0.3    0.0%  get_price: focus the game
    2      178.8    2.8%  get_price: _trade_window_open (OCR 1300x190)
    3      167.2    2.6%  get_price: purchase_tab_showing
    4     1428.4   22.5%  get_price: click the Purchase tab + settle
    5      276.3    4.3%  get_price: read row 1 before the search
    6      327.7    5.2%  get_price: click favourite slot 3
    7      135.0    2.1%  get_price: confirm the sort
    8      648.2   10.2%  get_price: poll row 1 until it answers (2 read(s))
    9     3196.8   50.3%  get_price: search the favourite and read row 1
          6358.6  100.0%  TOTAL
  row 1 holds 1 and 1 stays behind, so there is nothing spare to take here.
  wheeled 1 notch(es) down the offers, from row 2 at (500, 316)
  row 1 offers 'Chaos Core' x1 at 716,425 (716,425/unit)

  buy from favourite slot 3: REFUSED
    #         ms   share  step
    1        1.4    0.1%  get_price: focus the game
    2      148.9   10.2%  get_price: _trade_window_open (OCR 1300x190)
    3      169.3   11.6%  get_price: purchase_tab_showing
    4      409.9   28.1%  get_price: read row 1 where it stands
    5      729.5   50.0%  get_price: search the favourite and read row 1
          1458.9  100.0%  TOTAL
  row 1 holds 1 and 1 stays behind, so there is nothing spare to take here.
  wheeled 1 notch(es) down the offers, from row 2 at (500, 316)
  row 1 offers 'Chaos Core' x1 at 717,000 (717,000/unit)

  buy from favourite slot 3: REFUSED
    #         ms   share  step
    1        1.0    0.1%  get_price: focus the game
    2      151.5   10.4%  get_price: _trade_window_open (OCR 1300x190)
    3      178.2   12.2%  get_price: purchase_tab_showing
    4      398.1   27.3%  get_price: read row 1 where it stands
    5      728.9   50.0%  get_price: search the favourite and read row 1
          1457.7  100.0%  TOTAL
  row 1 holds 1 and 1 stays behind, so there is nothing spare to take here.
  wheeled 1 notch(es) down the offers, from row 2 at (500, 316)
  row 1 offers 'Chaos Core' x1 at 717,000 (717,000/unit)

  buy from favourite slot 3: REFUSED
    #         ms   share  step
    1        0.8    0.1%  get_price: focus the game
    2      153.5   10.6%  get_price: _trade_window_open (OCR 1300x190)
    3      164.1   11.4%  get_price: purchase_tab_showing
    4      404.2   28.0%  get_price: read row 1 where it stands
    5      722.6   50.0%  get_price: search the favourite and read row 1
          1445.1  100.0%  TOTAL
  row 1 holds 1 and 1 stays behind, so there is nothing spare to take here.
  wheeled 1 notch(es) down the offers, from row 2 at (500, 316)
  row 1 offers 'Chaos Core' x1 at 717,087 (717,087/unit)

  buy from favourite slot 3: REFUSED
    #         ms   share  step
    1        0.6    0.0%  get_price: focus the game
    2      149.8   10.3%  get_price: _trade_window_open (OCR 1300x190)
    3      177.5   12.2%  get_price: purchase_tab_showing
    4      397.6   27.4%  get_price: read row 1 where it stands
    5      725.5   50.0%  get_price: search the favourite and read row 1
          1451.0  100.0%  TOTAL
  row 1 holds 1 and 1 stays behind, so there is nothing spare to take here.
  wheeled 1 notch(es) down the offers, from row 2 at (500, 316)
  row 1 offers 'Chaos Core' x1 at 717,087 (717,087/unit)

  buy from favourite slot 3: REFUSED
    #         ms   share  step
    1        0.7    0.0%  get_price: focus the game
    2      156.0   10.8%  get_price: _trade_window_open (OCR 1300x190)
    3      167.7   11.6%  get_price: purchase_tab_showing
    4      396.5   27.5%  get_price: read row 1 where it stands
    5      720.9   50.0%  get_price: search the favourite and read row 1
          1441.8  100.0%  TOTAL
  row 1 holds 1 and 1 stays behind, so there is nothing spare to take here.
  wheeled 1 notch(es) down the offers, from row 2 at (500, 316)
  row 1 offers 'Chaos Core' x1 at 717,087 (717,087/unit)

  buy from favourite slot 3: REFUSED
    #         ms   share  step
    1        1.1    0.1%  get_price: focus the game
    2      153.8   10.5%  get_price: _trade_window_open (OCR 1300x190)
    3      169.4   11.6%  get_price: purchase_tab_showing
    4      408.9   27.9%  get_price: read row 1 where it stands
    5      733.2   50.0%  get_price: search the favourite and read row 1
          1466.4  100.0%  TOTAL
  row 1 holds 1 and 1 stays behind, so there is nothing spare to take here.
  wheeled 1 notch(es) down the offers, from row 2 at (500, 316)
  row 1 offers 'Chaos Core' x1 at 717,087 (717,087/unit)

  buy from favourite slot 3: REFUSED
    #         ms   share  step
    1        1.6    0.1%  get_price: focus the game
    2      147.4   10.3%  get_price: _trade_window_open (OCR 1300x190)
    3      169.6   11.8%  get_price: purchase_tab_showing
    4      399.6   27.8%  get_price: read row 1 where it stands
    5      718.1   50.0%  get_price: search the favourite and read row 1
          1436.2  100.0%  TOTAL
  row 1 holds 1 and 1 stays behind, so there is nothing spare to take here.
  wheeled 1 notch(es) down the offers, from row 2 at (500, 316)
  row 1 offers 'Chaos Core' x1 at 717,087 (717,087/unit)

  buy from favourite slot 3: REFUSED
    #         ms   share  step
    1        1.1    0.1%  get_price: focus the game
    2      157.1   10.7%  get_price: _trade_window_open (OCR 1300x190)
    3      170.1   11.5%  get_price: purchase_tab_showing
    4      408.4   27.7%  get_price: read row 1 where it stands
    5      736.8   50.0%  get_price: search the favourite and read row 1
          1473.5  100.0%  TOTAL
  row 1 holds 1 and 1 stays behind, so there is nothing spare to take here.
  wheeled 1 notch(es) down the offers, from row 2 at (500, 316)
  row 1 offers 'Chaos Core' x17 at 723,000 (723,000/unit)
    balance before 21,211,805
    row 1 holds 17, 1 stays behind, so at most 16 comes off it
    dialog: '* Chaos Core'  qty 1 of 17  price 723000
    1 core(s) wanted, 1 to a pack -> 1 pack(s); 17 available, taking 1
    the quantity field already reads 1; not retyping it
    ordering 1 pack(s) at 723,000; the spend will confirm what actually bought
    balance after  20,488,805; spent 723,000 bought 1 pack(s) = 1 core(s) (723,000 a core)

  buy from favourite slot 3: bought 1 core(s) in 1 order(s)
    #         ms   share  step
    1        0.9    0.0%  get_price: focus the game
    2      147.8    3.7%  get_price: _trade_window_open (OCR 1300x190)
    3      170.4    4.3%  get_price: purchase_tab_showing
    4      304.3    7.7%  get_price: read row 1 where it stands
    5      623.5   15.7%  get_price: search the favourite and read row 1
    6      323.4    8.1%  select inventory tab 4
    7      138.1    3.5%  read the balance before buying
    8      375.6    9.4%  click the row at (500, 260)
    9      326.8    8.2%  click Buy at (834, 260)
   10      130.3    3.3%  await the Purchase dialog
   11      434.2   10.9%  read the dialog (item, price, qty, qty_max)
   12      127.1    3.2%  find the Buy button
   13      323.0    8.1%  click Buy
   14      251.6    6.3%  park
   15      169.2    4.3%  confirm the dialog is gone
   16      130.5    3.3%  read the balance after buying
          3977.0  100.0%  TOTAL
    tab 4 slot (1, 1) is held for 'Chaos Core'; it frees when something is listed from it
  the Chaos Core landed in tab 4 slot (1, 1)
TASK {"kind": "resupply", "core": "Chaos Core", "slot": 3, "tab": 4, "landing": [1, 1], "step": "list", "holding": "Chaos Core", "qty": 1, "special": true}
  inventory slot (1,1) at (1471, 237)
    read: current min 709,000, price field 709,000, net sales 709,000, week average 717,087, listed at unread
    the lowest listed price is 709,000, from the row and 2 more
    market 709,000, typing 708,363, 637 under the market
    net sales 708,363 is 1 x 708,363
  typed 250; the net sales make it 1
    the panel holds 708,363 against the 708,363 typed
  tab 4 read in 31 ms after the listing: 0 slot(s) held

  list 1 at 708,363
    #         ms   share  step
    1       28.5    0.5%  read the panel before loading
    2      828.8   13.5%  ctrl-click (1,1) attempt 1
    3      701.5   11.5%  read the suggested price
    4     1468.6   24.0%  type the price 708,363
    5      970.3   15.9%  type the quantity 250
    6      453.6    7.4%  take the quantity from the net sales
    7      143.3    2.3%  read the price back before Register
    8      325.9    5.3%  click Register
    9      137.7    2.2%  find Confirmation
   10       24.5    0.4%  look for the underprice question
   11      324.2    5.3%  click Confirmation
   12      251.6    4.1%  park
   13      407.4    6.7%  confirm the dialog is gone
   14       23.2    0.4%  wait for the panel to let the item go
   15       31.0    0.5%  read tab 4 after the listing
          6120.0  100.0%  TOTAL
  listed 1 at 708,363; it lands in row 2
  the Chaos Core special row is listed at 708,363 in row 2
DONE {"kind": "resupply", "core": "Chaos Core", "bought": 1, "listed": 1, "rows": [2], "special": true}
    the quantity column read 'Chest', which holds no digits, so it is the end of the name and not a count; reading the row as 'Honor Medal Chest' and letting the panel count what is there
  tab 4 known from the last listing: 0 slot(s) held
  row 3: 'Honor Medal Chest' x2 at 219,789,999 -> tab 4 slot (1, 1)
    the quantity column read 'Chest', which holds no digits, so it is the end of the name and not a count; reading the row as 'Honor Medal Chest' and letting the panel count what is there
    no floor for 'Honor Medal Chest'
TASK {"kind": "relist", "row": 3, "item": "Honor Medal Chest", "qty": 2, "price": 219789999, "tab": 4, "slot": [1, 1], "lands_in": 3}
  inventory slot (1,1) at (1471, 237)
    read: current min 187,500,000, price field 187,500,000, net sales 187,500,000, week average 220,000,000, listed at 219,789,999
    the lowest listed price is 187,500,000, from the row and 3 more
    the market asks 187,499,999, 32,290,000 under our 219,789,999; holding at 219,779,999, the most this row may fall in one relist
    market 187,500,000, typing 219,779,999, 32,279,999 over the market
    net sales 439,559,998 is 2 x 219,779,999
  typed 250; the net sales make it 2
    the panel holds 219,779,999 against the 219,779,999 typed
  tab 4 read in 35 ms after the listing: 0 slot(s) held

  list 2 at 219,779,999
    #         ms   share  step
    1       27.0    0.4%  read the panel before loading
    2       28.1    0.4%  wait for slot (1,1) to fill
    3      825.3   12.9%  ctrl-click (1,1) attempt 1
    4      725.3   11.3%  read the suggested price
    5     1687.9   26.3%  type the price 219,779,999
    6      972.6   15.1%  type the quantity 250
    7      465.9    7.3%  take the quantity from the net sales
    8      148.7    2.3%  read the price back before Register
    9      321.7    5.0%  click Register
   10      138.5    2.2%  find Confirmation
   11       22.3    0.3%  look for the underprice question
   12      326.2    5.1%  click Confirmation
   13      251.1    3.9%  park
   14      419.4    6.5%  confirm the dialog is gone
   15       24.6    0.4%  wait for the panel to let the item go
   16       35.3    0.5%  read tab 4 after the listing
          6419.8  100.0%  TOTAL
  listed 2 at 219,779,999; it lands in row 3
DONE {"kind": "relist", "row": 3, "lands_in": 3, "qty": 2, "price": 219779999, "item": "Honor Medal Chest"}
    relisted 2 at 219,779,999 in row 3
  tab 4 known from the last listing: 0 slot(s) held
  row 4: 'Upgrade Core (Ultimate' x250 at 449,816 -> tab 4 slot (1, 1)
    floor 442,381 (442,381 x 1) from Upgrade Core Set (Ultimate) as last bought; listed at 449,816, above it
TASK {"kind": "relist", "row": 4, "item": "Upgrade Core (Ultimate", "qty": 250, "price": 449816, "tab": 4, "slot": [1, 1], "lands_in": 4}
  inventory slot (1,1) at (1471, 237)
    read: current min 449,811, price field 449,811, net sales 449,811, week average 466,479, listed at 449,816
    the lowest listed price is 449,811, from the row and 3 more
    market 449,811, typing 449,810, 1 under the market
    net sales 112,452,500 is 250 x 449,810
  typed 250; the net sales make it 250
    the panel holds 449,810 against the 449,810 typed
  tab 4 read in 27 ms after the listing: 0 slot(s) held

  list 250 at 449,810
    #         ms   share  step
    1       26.8    0.4%  read the panel before loading
    2       27.5    0.4%  wait for slot (1,1) to fill
    3      834.3   13.5%  ctrl-click (1,1) attempt 1
    4      697.5   11.3%  read the suggested price
    5     1479.1   24.0%  type the price 449,810
    6      966.8   15.7%  type the quantity 250
    7      456.5    7.4%  take the quantity from the net sales
    8      139.9    2.3%  read the price back before Register
    9      325.1    5.3%  click Register
   10      137.2    2.2%  find Confirmation
   11       23.5    0.4%  look for the underprice question
   12      326.8    5.3%  click Confirmation
   13      251.2    4.1%  park
   14      402.6    6.5%  confirm the dialog is gone
   15       38.1    0.6%  wait for the panel to let the item go
   16       26.9    0.4%  read tab 4 after the listing
          6159.7  100.0%  TOTAL
  listed 250 at 449,810; it lands in row 4
DONE {"kind": "relist", "row": 4, "lands_in": 4, "qty": 250, "price": 449810, "item": "Upgrade Core (Ultimate"}
    relisted 250 at 449,810 in row 4
  tab 4 known from the last listing: 0 slot(s) held
  row 5: 'Divine Stone Set X 141' x1 at 100,870,694 -> tab 4 slot (1, 1)
    floor 99,052,500 (702,500 x 141) from Divine Stone as last bought; listed at 100,870,694, above it
TASK {"kind": "relist", "row": 5, "item": "Divine Stone Set X 141", "qty": 1, "price": 100870694, "tab": 4, "slot": [1, 1], "lands_in": 5}
  inventory slot (1,1) at (1471, 237)
    read: current min 100,870,131, price field 100,870,131, net sales 100,870,131, week average 101,485,596, listed at 100,870,694
    the lowest listed price is 100,870,131, from the row and 3 more
    market 100,870,131, typing 100,870,130, 1 under the market
    net sales 100,870,130 is 1 x 100,870,130
  typed 250; the net sales make it 1
    the panel holds 100,870,130 against the 100,870,130 typed
  tab 4 read in 31 ms after the listing: 0 slot(s) held

  list 1 at 100,870,130
    #         ms   share  step
    1       23.3    0.4%  read the panel before loading
    2       27.2    0.4%  wait for slot (1,1) to fill
    3      826.9   13.0%  ctrl-click (1,1) attempt 1
    4      719.0   11.3%  read the suggested price
    5     1689.4   26.5%  type the price 100,870,130
    6      972.8   15.2%  type the quantity 250
    7      465.9    7.3%  take the quantity from the net sales
    8      138.8    2.2%  read the price back before Register
    9      323.3    5.1%  click Register
   10      137.3    2.2%  find Confirmation
   11       23.3    0.4%  look for the underprice question
   12      325.7    5.1%  click Confirmation
   13      251.0    3.9%  park
   14      403.4    6.3%  confirm the dialog is gone
   15       26.4    0.4%  wait for the panel to let the item go
   16       31.1    0.5%  read tab 4 after the listing
          6384.8  100.0%  TOTAL
  listed 1 at 100,870,130; it lands in row 5
DONE {"kind": "relist", "row": 5, "lands_in": 5, "qty": 1, "price": 100870130, "item": "Divine Stone Set X 141"}
    relisted 1 at 100,870,130 in row 5
  row 6 has SOLD (fully); collecting
    collected; row 6 is empty, nothing to relist
  a 'Chaos Core Set X 237' row sold and is collected; Chaos Core holds 4 row(s), pricing and resupplying it now, not on the next pass
  Chaos Core Set 728,032 - Chaos Core 717,087 = 10,945
  Alz 193,031,677 held covers 269 Chaos Core at 717,087; buying what it covers

-- Chaos Core: 4 row(s) --
  5 row(s) free inside 1-25
  Chaos Core Set 728,032 - Chaos Core 717,087 = 10,945
  a margin of 10,945 is worth 5 row(s) of Chaos Core; 4 held
  buy_min 150 rolled to 156 (+/-15); buying 156 in whole batches of 3
  1 stays behind on every row bought; an order 10 step(s) down with nothing spare takes the row it is on whole, and the next order leaves 1 behind again; each order prices the favourite afresh, then wheels down, up to 30 step(s)
  every order takes all of the row it lands on, up to 999 held, and the orders stop once 156 is held
TASK {"kind": "resupply", "core": "Chaos Core", "set": "Chaos Core Set", "slot": 3, "tab": 4}
  0/156 Chaos Core held
  row 1 offers 'Chaos Core' x1 at 717,087 (717,087/unit)

  buy from favourite slot 3: REFUSED
    #         ms   share  step
    1        0.4    0.0%  get_price: focus the game
    2      148.4    4.4%  get_price: _trade_window_open (OCR 1300x190)
    3      175.2    5.1%  get_price: purchase_tab_showing
    4      259.1    7.6%  get_price: read row 1 before the search
    5      327.6    9.6%  get_price: click favourite slot 3
    6      133.3    3.9%  get_price: confirm the sort
    7      641.0   18.8%  get_price: poll row 1 until it answers (2 read(s))
    8     1721.1   50.5%  get_price: search the favourite and read row 1
          3406.1  100.0%  TOTAL
  row 1 holds 1 and 1 stays behind, so there is nothing spare to take here.
  wheeled 1 notch(es) down the offers, from row 2 at (500, 316)
  row 1 offers 'Chaos Core' x1 at 717,087 (717,087/unit)

  buy from favourite slot 3: REFUSED
    #         ms   share  step
    1        1.6    0.1%  get_price: focus the game
    2      146.2   10.3%  get_price: _trade_window_open (OCR 1300x190)
    3      166.0   11.6%  get_price: purchase_tab_showing
    4      399.2   28.0%  get_price: read row 1 where it stands
    5      713.0   50.0%  get_price: search the favourite and read row 1
          1425.9  100.0%  TOTAL
  row 1 holds 1 and 1 stays behind, so there is nothing spare to take here.
  wheeled 1 notch(es) down the offers, from row 2 at (500, 316)
  row 1 offers 'Chaos Core' x200 at 723,000 (723,000/unit)
    row 1 leaves 5,032 a core against the 5,000 wanted
    balance before 193,031,677
    Alz 193,031,677 covers 266 pack(s) at 723,000, not the 999 wanted; asking for 264 so that with 0 held the cores make whole batches of 3
    row 1 holds 200, 1 stays behind, so at most 199 comes off it
    dialog: '* Chaos Core'  qty 1 of 200  price 723000
    999 core(s) wanted, 1 to a pack -> 264 pack(s); 200 available, taking 199
    ordering 199 pack(s) at 143,877,000; the spend will confirm what actually bought
    balance after  49,154,677; spent 143,877,000 bought 199 pack(s) = 199 core(s) (723,000 a core)

  buy from favourite slot 3: bought 199 core(s) in 199 order(s)
    #         ms   share  step
    1        1.2    0.0%  get_price: focus the game
    2      154.1    2.6%  get_price: _trade_window_open (OCR 1300x190)
    3      169.3    2.8%  get_price: purchase_tab_showing
    4      309.6    5.2%  get_price: read row 1 where it stands
    5      634.2   10.6%  get_price: search the favourite and read row 1
    6      325.3    5.4%  select inventory tab 4
    7      148.2    2.5%  read the balance before buying
    8      380.0    6.3%  click the row at (500, 260)
    9      327.2    5.5%  click Buy at (834, 260)
   10      127.9    2.1%  await the Purchase dialog
   11      444.6    7.4%  read the dialog (item, price, qty, qty_max)
   12     1418.8   23.7%  click the quantity field and type 199
   13      129.8    2.2%  find the Buy button
   14      320.4    5.4%  click Buy
   15      250.9    4.2%  park
   16      170.7    2.9%  confirm the dialog is gone
   17      676.1   11.3%  read the balance after buying
          5988.3  100.0%  TOTAL
  199 Chaos Core is 2 short of a whole batch of 3; topping up whatever the margin says, because a remainder crafts into nothing
  row 1 offers 'Chaos Core' x1 at 723,000 (723,000/unit)

  buy from favourite slot 3: REFUSED
    #         ms   share  step
    1        0.3    0.0%  get_price: focus the game
    2      171.4    5.0%  get_price: _trade_window_open (OCR 1300x190)
    3      174.3    5.1%  get_price: purchase_tab_showing
    4      246.3    7.2%  get_price: read row 1 before the search
    5      327.0    9.5%  get_price: click favourite slot 3
    6      133.5    3.9%  get_price: confirm the sort
    7      640.4   18.6%  get_price: poll row 1 until it answers (2 read(s))
    8     1744.6   50.7%  get_price: search the favourite and read row 1
          3437.8  100.0%  TOTAL
  row 1 holds 1 and 1 stays behind, so there is nothing spare to take here.
  wheeled 1 notch(es) down the offers, from row 2 at (500, 316)
  row 1 offers 'Chaos Core' x250 at 723,000 (723,000/unit)
    balance before 49,154,677
    row 1 holds 250, 1 stays behind, so at most 249 comes off it
    dialog: '* Chaos Core'  qty 1 of 67  price 723000
    the dialog allows at most 67 of the row's 250
    2 core(s) wanted, 1 to a pack -> 2 pack(s); 67 available, taking 2
    ordering 2 pack(s) at 1,446,000; the spend will confirm what actually bought
    balance after  47,708,677; spent 1,446,000 bought 2 pack(s) = 2 core(s) (723,000 a core)

  buy from favourite slot 3: bought 2 core(s) in 2 order(s)
    #         ms   share  step
    1        0.9    0.0%  get_price: focus the game
    2      150.7    2.9%  get_price: _trade_window_open (OCR 1300x190)
    3      170.2    3.2%  get_price: purchase_tab_showing
    4      303.2    5.7%  get_price: read row 1 where it stands
    5      625.0   11.8%  get_price: search the favourite and read row 1
    6      323.3    6.1%  select inventory tab 4
    7      144.6    2.7%  read the balance before buying
    8      385.9    7.3%  click the row at (500, 260)
    9      323.6    6.1%  click Buy at (834, 260)
   10      128.6    2.4%  await the Purchase dialog
   11      446.4    8.5%  read the dialog (item, price, qty, qty_max)
   12     1268.0   24.0%  click the quantity field and type 2
   13      128.7    2.4%  find the Buy button
   14      327.9    6.2%  click Buy
   15      251.5    4.8%  park
   16      163.7    3.1%  confirm the dialog is gone
   17      139.6    2.6%  read the balance after buying
          5281.8  100.0%  TOTAL
TASK {"kind": "resupply", "core": "Chaos Core", "set": "Chaos Core Set", "slot": 3, "tab": 4, "step": "craft", "holding": "Chaos Core", "qty": 201, "price": 0}
  Inventory shut; pressing I (attempt 1)
  right-clicking the craft key on tab 6 slot (1, 8) at (1866, 237) (attempt 1/3)
  opening the 2000-2999 tier at [91, 210]
  choosing Chaos Core Set x3 at [146, 240]
  201 Chaos Core(s) bought this pass, 3 to a craft
  Request All at [265, 736]
  waiting 25s for 201 core(s) (5s per 50, rounded up)
  Complete All at [879, 735]
  the Sets arrived in [(1, 1), (1, 2), (1, 3), (1, 4)]
  compressing tab 4 slot (1, 1) at (1471, 237)
  201 Chaos Core(s) went into the queue

  craft from 201 Chaos Core(s)
    #         ms   share  step
    1     2716.2    8.0%  open the craft window
    2     2515.7    7.5%  select the recipe
    3      327.2    1.0%  Request All
    4    25001.4   74.1%  wait for the queue
    5      927.6    2.7%  select inventory tab 4 before completing
    6       30.1    0.1%  read the slots before any Set arrives
    7      827.4    2.5%  Complete All
    8     1400.4    4.1%  compress the crafted Sets
         33746.1  100.0%  TOTAL
TASK {"kind": "resupply", "core": "Chaos Core", "set": "Chaos Core Set", "slot": 3, "tab": 4, "step": "list", "holding": "Chaos Core Set", "qty": 201, "price": 0}
  the Agent Shop is shut and the vendor is not open either; reopening it
  Inventory shut: slot grid 0.10, needs 0.33
  listing the Chaos Core Set compressed into (1, 1) from 201 Chaos Core(s)
  the board's cheapest is 728,032 a Set, and the panel scales that to whatever the bundle holds
  it cost 723,000 a Core, so no Set goes out under that
  inventory slot (1,1) at (1471, 237)
    read: current min 146,334,030, price field 146,334,030, net sales 146,334,030, week average 146,345,688, listed at unread
    the lowest listed price is 146,334,030, from the row and 2 more
  the panel prices the bundle at 146,334,030, 201 x 728,032; the floor is 145,323,000
    market 146,334,030, typing 146,334,029, 1 under the market
    net sales 146,334,029 is 1 x 146,334,029
  typed 250; the net sales make it 1
    the panel holds 146,334,029 against the 146,334,029 typed
  tab 4 read in 32 ms after the listing: 0 slot(s) held

  list 1 at 146,334,029
    #         ms   share  step
    1       23.1    0.4%  read the panel before loading
    2      824.9   13.0%  ctrl-click (1,1) attempt 1
    3      712.5   11.2%  read the suggested price
    4     1692.3   26.6%  type the price 146,334,029
    5      960.0   15.1%  type the quantity 250
    6      472.9    7.4%  take the quantity from the net sales
    7      142.2    2.2%  read the price back before Register
    8      322.6    5.1%  click Register
    9      139.2    2.2%  find Confirmation
   10       28.6    0.4%  look for the underprice question
   11      325.3    5.1%  click Confirmation
   12      251.3    3.9%  park
   13      410.5    6.5%  confirm the dialog is gone
   14       26.3    0.4%  wait for the panel to let the item go
   15       31.7    0.5%  read tab 4 after the listing
          6363.2  100.0%  TOTAL
  listed 1 at 146,334,029; it lands in row 6
    'Chaos Core Set' was bought at 723,000 a unit and listed against a verified 728,030; a row of it with no cost of its own is floored at 723,000 from now on
DONE {"kind": "resupply", "core": "Chaos Core", "bought": 201, "listed": 1, "rows": [6]}

  resupply Chaos Core: bought 201, 201 into the craft, listed 1 in rows [6]
    #          ms   share     n      each  phase
    1    33,781.2   47.4%     1  33,781.2  craft Chaos Core into Chaos Core Set
    2     6,371.6    8.9%     1   6,371.6  list Chaos Core Set from (1, 1)
    3     5,370.9    7.5%     1   5,370.9  buy order 3
    4     5,029.8    7.1%     1   5,029.8  reopen the Agent Shop
    5     4,673.8    6.6%     1   4,673.8  buy order 5
    6     3,126.1    4.4%     1   3,126.1  price Chaos Core
    7     2,353.3    3.3%     1   2,353.3  select the Register tab
    8     1,746.3    2.5%     1   1,746.3  buy order 4
    9     1,723.0    2.4%     1   1,723.0  buy order 1
   10     1,709.7    2.4%     1   1,709.7  price Chaos Core Set
   11     1,536.6    2.2%     1   1,536.6  close the Agent Shop
   12     1,037.1    1.5%     1   1,037.1  close the craft window
   13       924.6    1.3%     1     924.6  select inventory tab 4
   14       744.0    1.0%     2     372.0  step down to the next offer (1)
   15       715.0    1.0%     1     715.0  buy order 2
   16       371.2    0.5%     1     371.2  step down to the next offer (2)
         71,214.3  100.0%
  Chaos Core: 5 of 5 row(s) after that one
  tab 4 known from the last listing: 0 slot(s) held
  row 7: 'Divine Stone Set X 138' x1 at 98,724,371 -> tab 4 slot (1, 1)
    floor 96,945,000 (702,500 x 138) from what it cost; listed at 98,724,371, above it
TASK {"kind": "relist", "row": 7, "item": "Divine Stone Set X 138", "qty": 1, "price": 98724371, "tab": 4, "slot": [1, 1], "lands_in": 7}
  inventory slot (1,1) at (1471, 237)
    read: current min 98,723,820, price field 98,723,820, net sales 98,723,820, week average 99,326,328, listed at 98,724,371
    the lowest listed price is 98,723,820, from the row and 3 more
    market 98,723,820, typing 98,723,819, 1 under the market
    net sales 98,723,819 is 1 x 98,723,819
  typed 250; the net sales make it 1
    the panel holds 98,723,819 against the 98,723,819 typed
  tab 4 read in 31 ms after the listing: 0 slot(s) held

  list 1 at 98,723,819
    #         ms   share  step
    1       24.7    0.4%  read the panel before loading
    2       23.8    0.4%  wait for slot (1,1) to fill
    3      823.5   13.1%  ctrl-click (1,1) attempt 1
    4      704.3   11.2%  read the suggested price
    5     1614.6   25.8%  type the price 98,723,819
    6      965.1   15.4%  type the quantity 250
    7      462.3    7.4%  take the quantity from the net sales
    8      137.4    2.2%  read the price back before Register
    9      321.5    5.1%  click Register
   10      135.5    2.2%  find Confirmation
   11       26.0    0.4%  look for the underprice question
   12      323.8    5.2%  click Confirmation
   13      251.3    4.0%  park
   14      397.8    6.3%  confirm the dialog is gone
   15       26.2    0.4%  wait for the panel to let the item go
   16       31.2    0.5%  read tab 4 after the listing
          6269.1  100.0%  TOTAL
  listed 1 at 98,723,819; it lands in row 7
DONE {"kind": "relist", "row": 7, "lands_in": 7, "qty": 1, "price": 98723819, "item": "Divine Stone Set X 138"}
    relisted 1 at 98,723,819 in row 7
  tab 4 known from the last listing: 0 slot(s) held
  row 8: 'Divine Stone Set X 156' x1 at 111,601,307 -> tab 4 slot (1, 1)
    floor 109,590,000 (702,500 x 156) from what it cost; listed at 111,601,307, above it
TASK {"kind": "relist", "row": 8, "item": "Divine Stone Set X 156", "qty": 1, "price": 111601307, "tab": 4, "slot": [1, 1], "lands_in": 8}
  inventory slot (1,1) at (1471, 237)
    read: current min 111,600,684, price field 111,600,684, net sales 111,600,684, week average 112,281,936, listed at 111,601,307
    the lowest listed price is 111,600,684, from the row and 3 more
    market 111,600,684, typing 111,600,683, 1 under the market
    net sales 111,600,683 is 1 x 111,600,683
  typed 250; the net sales make it 1
    the panel holds 111,600,683 against the 111,600,683 typed
  tab 4 read in 31 ms after the listing: 0 slot(s) held

  list 1 at 111,600,683
    #         ms   share  step
    1       31.8    0.5%  read the panel before loading
    2       25.6    0.4%  wait for slot (1,1) to fill
    3      830.6   12.7%  ctrl-click (1,1) attempt 1
    4      827.6   12.7%  read the suggested price
    5     1687.4   25.9%  type the price 111,600,683
    6      969.2   14.9%  type the quantity 250
    7      465.5    7.1%  take the quantity from the net sales
    8      145.6    2.2%  read the price back before Register
    9      324.3    5.0%  click Register
   10      138.8    2.1%  find Confirmation
   11       21.3    0.3%  look for the underprice question
   12      328.0    5.0%  click Confirmation
   13      251.5    3.9%  park
   14      414.5    6.4%  confirm the dialog is gone
   15       28.2    0.4%  wait for the panel to let the item go
   16       30.9    0.5%  read tab 4 after the listing
          6520.9  100.0%  TOTAL
  listed 1 at 111,600,683; it lands in row 8
DONE {"kind": "relist", "row": 8, "lands_in": 8, "qty": 1, "price": 111600683, "item": "Divine Stone Set X 156"}
    relisted 1 at 111,600,683 in row 8
  tab 4 known from the last listing: 0 slot(s) held
  row 9: 'Upgrade Core (Ultimate' x232 at 449,815 -> tab 4 slot (1, 1)
    floor 442,381 (442,381 x 1) from Upgrade Core Set (Ultimate) as last bought; listed at 449,815, above it
TASK {"kind": "relist", "row": 9, "item": "Upgrade Core (Ultimate", "qty": 232, "price": 449815, "tab": 4, "slot": [1, 1], "lands_in": 9}
  inventory slot (1,1) at (1471, 237)
    read: current min 449,810, price field 449,810, net sales 449,810, week average 466,479, listed at 449,815
    the lowest listed price is 449,810, from the row and 3 more
    market 449,810, typing 449,809, 1 under the market
    net sales 104,355,688 is 232 x 449,809
  typed 250; the net sales make it 232
    the panel holds 449,809 against the 449,809 typed
  tab 4 read in 31 ms after the listing: 0 slot(s) held

  list 232 at 449,809
    #         ms   share  step
    1       28.8    0.5%  read the panel before loading
    2       27.3    0.4%  wait for slot (1,1) to fill
    3      825.4   13.3%  ctrl-click (1,1) attempt 1
    4      706.2   11.4%  read the suggested price
    5     1473.9   23.8%  type the price 449,809
    6      963.2   15.5%  type the quantity 250
    7      486.6    7.9%  take the quantity from the net sales
    8      143.2    2.3%  read the price back before Register
    9      321.3    5.2%  click Register
   10      138.4    2.2%  find Confirmation
   11       30.6    0.5%  look for the underprice question
   12      324.3    5.2%  click Confirmation
   13      251.1    4.1%  park
   14      416.7    6.7%  confirm the dialog is gone
   15       28.2    0.5%  wait for the panel to let the item go
   16       31.3    0.5%  read tab 4 after the listing
          6196.6  100.0%  TOTAL
  listed 232 at 449,809; it lands in row 9
DONE {"kind": "relist", "row": 9, "lands_in": 9, "qty": 232, "price": 449809, "item": "Upgrade Core (Ultimate"}
    relisted 232 at 449,809 in row 9
  tab 4 known from the last listing: 0 slot(s) held
  row 10: 'Force Core(Highest' x230 at 199,739 -> tab 4 slot (1, 1)
    floor 181,900 (181,900 x 1) from Force Core Set (Highest) as last bought; listed at 199,739, above it
TASK {"kind": "relist", "row": 10, "item": "Force Core(Highest", "qty": 230, "price": 199739, "tab": 4, "slot": [1, 1], "lands_in": 10}
  inventory slot (1,1) at (1471, 237)
    read: current min 199,733, price field 199,733, net sales 199,733, week average 213,123, listed at 199,739
    the lowest listed price is 199,733, from the row and 3 more
    market 199,733, typing 199,732, 1 under the market
    net sales 45,938,360 is 230 x 199,732
  typed 250; the net sales make it 230
    the panel holds 199,732 against the 199,732 typed
  tab 4 read in 32 ms after the listing: 0 slot(s) held

  list 230 at 199,732
    #         ms   share  step
    1       28.0    0.5%  read the panel before loading
    2       28.9    0.5%  wait for slot (1,1) to fill
    3      825.0   13.4%  ctrl-click (1,1) attempt 1
    4      705.2   11.4%  read the suggested price
    5     1473.5   23.9%  type the price 199,732
    6      974.8   15.8%  type the quantity 250
    7      458.1    7.4%  take the quantity from the net sales
    8      136.8    2.2%  read the price back before Register
    9      324.3    5.3%  click Register
   10      147.8    2.4%  find Confirmation
   11       25.9    0.4%  look for the underprice question
   12      326.5    5.3%  click Confirmation
   13      251.0    4.1%  park
   14      410.5    6.6%  confirm the dialog is gone
   15       27.1    0.4%  wait for the panel to let the item go
   16       31.7    0.5%  read tab 4 after the listing
          6175.4  100.0%  TOTAL
  listed 230 at 199,732; it lands in row 10
DONE {"kind": "relist", "row": 10, "lands_in": 10, "qty": 230, "price": 199732, "item": "Force Core(Highest"}
    relisted 230 at 199,732 in row 10
  tab 4 known from the last listing: 0 slot(s) held
  row 11: 'Force Core(Highest' x89 at 199,738 -> tab 4 slot (1, 1)
    floor 181,900 (181,900 x 1) from Force Core Set (Highest) as last bought; listed at 199,738, above it
TASK {"kind": "relist", "row": 11, "item": "Force Core(Highest", "qty": 89, "price": 199738, "tab": 4, "slot": [1, 1], "lands_in": 11}
  inventory slot (1,1) at (1471, 237)
    read: current min 199,732, price field 199,732, net sales 199,732, week average 213,123, listed at 199,738
    the lowest listed price is 199,732, from the row and 3 more
    market 199,732, typing 199,731, 1 under the market
    net sales 17,776,059 is 89 x 199,731
  typed 250; the net sales make it 89
    the panel holds 199,731 against the 199,731 typed
  tab 4 read in 31 ms after the listing: 0 slot(s) held

  list 89 at 199,731
    #         ms   share  step
    1       28.1    0.5%  read the panel before loading
    2       27.2    0.4%  wait for slot (1,1) to fill
    3      827.2   13.5%  ctrl-click (1,1) attempt 1
    4      697.7   11.4%  read the suggested price
    5     1471.7   23.9%  type the price 199,731
    6      973.3   15.8%  type the quantity 250
    7      472.9    7.7%  take the quantity from the net sales
    8      139.9    2.3%  read the price back before Register
    9      323.0    5.3%  click Register
   10      142.1    2.3%  find Confirmation
   11       25.5    0.4%  look for the underprice question
   12      326.4    5.3%  click Confirmation
   13      251.3    4.1%  park
   14      385.4    6.3%  confirm the dialog is gone
   15       23.5    0.4%  wait for the panel to let the item go
   16       30.7    0.5%  read tab 4 after the listing
          6145.8  100.0%  TOTAL
  listed 89 at 199,731; it lands in row 11
DONE {"kind": "relist", "row": 11, "lands_in": 11, "qty": 89, "price": 199731, "item": "Force Core(Highest"}
    relisted 89 at 199,731 in row 11
  row 12 has SOLD (fully); collecting
    collected; row 12 is empty, nothing to relist
  the Divine Stone special row sold; buying it back now, not on the next pass

-- Divine Stone special row 1 of 1: 1 at 5,000 to 5,200 under the market --
  1 stays behind on every row bought; an order 10 step(s) down with nothing spare takes the row it is on whole, and the next order leaves 1 behind again; each order prices the favourite afresh, then wheels down, up to 30 step(s)
TASK {"kind": "resupply", "core": "Divine Stone", "slot": 5, "tab": 4, "landing": [1, 1], "special": true}
  row 1 offers 'Divine Stone' x36 at 702,500 (702,500/unit)
    balance before 48,406,142
    row 1 holds 36, 1 stays behind, so at most 35 comes off it
    dialog: '* Divine Stone'  qty 1 of 36  price 702500
    1 core(s) wanted, 1 to a pack -> 1 pack(s); 36 available, taking 1
    the quantity field already reads 1; not retyping it
    ordering 1 pack(s) at 702,500; the spend will confirm what actually bought
    balance after  47,703,642; spent 702,500 bought 1 pack(s) = 1 core(s) (702,500 a core)

  buy from favourite slot 5: bought 1 core(s) in 1 order(s)
    #         ms   share  step
    1        0.4    0.0%  get_price: focus the game
    2      180.9    2.2%  get_price: _trade_window_open (OCR 1300x190)
    3      150.4    1.8%  get_price: purchase_tab_showing
    4     1422.3   17.4%  get_price: click the Purchase tab + settle
    5       25.6    0.3%  get_price: read row 1 before the search
    6      325.9    4.0%  get_price: click favourite slot 5
    7      134.6    1.6%  get_price: confirm the sort
    8      449.0    5.5%  get_price: poll row 1 until it answers (6 read(s))
    9     2720.8   33.3%  get_price: search the favourite and read row 1
   10      328.1    4.0%  select inventory tab 4
   11      138.5    1.7%  read the balance before buying
   12      382.2    4.7%  click the row at (500, 260)
   13      326.3    4.0%  click Buy at (834, 260)
   14      133.7    1.6%  await the Purchase dialog
   15      448.8    5.5%  read the dialog (item, price, qty, qty_max)
   16      138.4    1.7%  find the Buy button
   17      319.8    3.9%  click Buy
   18      251.2    3.1%  park
   19      166.3    2.0%  confirm the dialog is gone
   20      138.3    1.7%  read the balance after buying
          8181.6  100.0%  TOTAL
    tab 4 slot (1, 1) is held for 'Divine Stone'; it frees when something is listed from it
  the Divine Stone landed in tab 4 slot (1, 1)
TASK {"kind": "resupply", "core": "Divine Stone", "slot": 5, "tab": 4, "landing": [1, 1], "step": "list", "holding": "Divine Stone", "qty": 1, "special": true}
  inventory slot (1,1) at (1471, 237)
    read: current min 702,500, price field 702,500, net sales 702,500, week average 708,921, listed at unread
    the lowest listed price is 702,500, from the row and 2 more
    market 702,500, typing 697,325, 5,175 under the market
    net sales 697,325 is 1 x 697,325
  typed 250; the net sales make it 1
    the panel holds 697,325 against the 697,325 typed
  tab 4 read in 31 ms after the listing: 0 slot(s) held

  list 1 at 697,325
    #         ms   share  step
    1       23.4    0.4%  read the panel before loading
    2      831.7   13.5%  ctrl-click (1,1) attempt 1
    3      712.1   11.5%  read the suggested price
    4     1479.1   23.9%  type the price 697,325
    5      965.5   15.6%  type the quantity 250
    6      462.5    7.5%  take the quantity from the net sales
    7      145.3    2.4%  read the price back before Register
    8      323.2    5.2%  click Register
    9      145.5    2.4%  find Confirmation
   10       29.6    0.5%  look for the underprice question
   11      324.5    5.3%  click Confirmation
   12      251.3    4.1%  park
   13      422.6    6.8%  confirm the dialog is gone
   14       29.0    0.5%  wait for the panel to let the item go
   15       31.3    0.5%  read tab 4 after the listing
          6176.4  100.0%  TOTAL
  listed 1 at 697,325; it lands in row 12
  the Divine Stone special row is listed at 697,325 in row 12
DONE {"kind": "resupply", "core": "Divine Stone", "bought": 1, "listed": 1, "rows": [12], "special": true}
  tab 4 known from the last listing: 0 slot(s) held
  row 13: 'Upgrade Core (Ultimate' x136 at 449,813 -> tab 4 slot (1, 1)
    floor 442,381 (442,381 x 1) from Upgrade Core Set (Ultimate) as last bought; listed at 449,813, above it
TASK {"kind": "relist", "row": 13, "item": "Upgrade Core (Ultimate", "qty": 136, "price": 449813, "tab": 4, "slot": [1, 1], "lands_in": 13}
  inventory slot (1,1) at (1471, 237)
    read: current min 449,809, price field 449,809, net sales 449,809, week average 466,479, listed at 449,813
    the lowest listed price is 449,809, from the row and 3 more
    market 449,809, typing 449,808, 1 under the market
    net sales 61,173,888 is 136 x 449,808
  typed 250; the net sales make it 136
    the panel holds 449,808 against the 449,808 typed
  tab 4 read in 30 ms after the listing: 0 slot(s) held

  list 136 at 449,808
    #         ms   share  step
    1       27.3    0.4%  read the panel before loading
    2       28.2    0.5%  wait for slot (1,1) to fill
    3      833.1   13.6%  ctrl-click (1,1) attempt 1
    4      697.8   11.4%  read the suggested price
    5     1474.2   24.0%  type the price 449,808
    6      961.6   15.6%  type the quantity 250
    7      462.5    7.5%  take the quantity from the net sales
    8      138.7    2.3%  read the price back before Register
    9      330.7    5.4%  click Register
   10      133.6    2.2%  find Confirmation
   11       26.8    0.4%  look for the underprice question
   12      325.3    5.3%  click Confirmation
   13      251.1    4.1%  park
   14      397.6    6.5%  confirm the dialog is gone
   15       28.6    0.5%  wait for the panel to let the item go
   16       29.7    0.5%  read tab 4 after the listing
          6146.8  100.0%  TOTAL
  listed 136 at 449,808; it lands in row 13
DONE {"kind": "relist", "row": 13, "lands_in": 13, "qty": 136, "price": 449808, "item": "Upgrade Core (Ultimate"}
    relisted 136 at 449,808 in row 13
  tab 4 known from the last listing: 0 slot(s) held
  row 14: 'Divine Stone Set X 162' x1 at 115,893,503 -> tab 4 slot (1, 1)
    floor 113,805,000 (702,500 x 162) from Divine Stone as last bought; listed at 115,893,503, above it
TASK {"kind": "relist", "row": 14, "item": "Divine Stone Set X 162", "qty": 1, "price": 115893503, "tab": 4, "slot": [1, 1], "lands_in": 14}
  inventory slot (1,1) at (1471, 237)
    read: current min 115,892,856, price field 115,892,856, net sales 115,892,856, week average 116,600,472, listed at 115,893,503
    the lowest listed price is 115,892,856, from the row and 3 more
    market 115,892,856, typing 115,892,855, 1 under the market
    net sales 115,892,855 is 1 x 115,892,855
  typed 250; the net sales make it 1
    the panel holds 115,892,855 against the 115,892,855 typed
  tab 4 read in 31 ms after the listing: 0 slot(s) held

  list 1 at 115,892,855
    #         ms   share  step
    1       24.9    0.4%  read the panel before loading
    2       28.0    0.4%  wait for slot (1,1) to fill
    3      826.1   12.9%  ctrl-click (1,1) attempt 1
    4      712.1   11.2%  read the suggested price
    5     1693.7   26.5%  type the price 115,892,855
    6      964.4   15.1%  type the quantity 250
    7      456.7    7.2%  take the quantity from the net sales
    8      139.3    2.2%  read the price back before Register
    9      324.5    5.1%  click Register
   10      141.9    2.2%  find Confirmation
   11       24.6    0.4%  look for the underprice question
   12      323.1    5.1%  click Confirmation
   13      251.5    3.9%  park
   14      405.2    6.4%  confirm the dialog is gone
   15       33.2    0.5%  wait for the panel to let the item go
   16       31.1    0.5%  read tab 4 after the listing
          6380.4  100.0%  TOTAL
  listed 1 at 115,892,855; it lands in row 14
DONE {"kind": "relist", "row": 14, "lands_in": 14, "qty": 1, "price": 115892855, "item": "Divine Stone Set X 162"}
    relisted 1 at 115,892,855 in row 14
  tab 4 known from the last listing: 0 slot(s) held
  row 15: 'Force Core(High' x240 at 195,120 -> tab 4 slot (1, 1)
    floor 176,470 (176,470 x 1) from Force Core Set (High) as last bought; listed at 195,120, above it
TASK {"kind": "relist", "row": 15, "item": "Force Core(High", "qty": 240, "price": 195120, "tab": 4, "slot": [1, 1], "lands_in": 15}
  inventory slot (1,1) at (1471, 237)
    read: current min 195,116, price field 195,116, net sales 195,116, week average 199,396, listed at 195,120
    the lowest listed price is 195,116, from the row and 3 more
    market 195,116, typing 195,115, 1 under the market
    net sales 46,827,600 is 240 x 195,115
  typed 250; the net sales make it 240
    the panel holds 195,115 against the 195,115 typed
  tab 4 read in 33 ms after the listing: 0 slot(s) held

  list 240 at 195,115
    #         ms   share  step
    1       28.1    0.5%  read the panel before loading
    2       27.6    0.4%  wait for slot (1,1) to fill
    3      833.6   13.5%  ctrl-click (1,1) attempt 1
    4      710.9   11.5%  read the suggested price
    5     1474.8   23.8%  type the price 195,115
    6      962.7   15.5%  type the quantity 250
    7      476.4    7.7%  take the quantity from the net sales
    8      138.4    2.2%  read the price back before Register
    9      324.6    5.2%  click Register
   10      134.4    2.2%  find Confirmation
   11       23.8    0.4%  look for the underprice question
   12      327.1    5.3%  click Confirmation
   13      252.0    4.1%  park
   14      427.3    6.9%  confirm the dialog is gone
   15       22.0    0.4%  wait for the panel to let the item go
   16       32.7    0.5%  read tab 4 after the listing
          6196.3  100.0%  TOTAL
  listed 240 at 195,115; it lands in row 15
DONE {"kind": "relist", "row": 15, "lands_in": 15, "qty": 240, "price": 195115, "item": "Force Core(High"}
    relisted 240 at 195,115 in row 15
  tab 4 known from the last listing: 0 slot(s) held
  row 16: 'Force Core(High' x1 at 195,119 -> tab 4 slot (1, 1)
    floor 176,470 (176,470 x 1) from Force Core Set (High) as last bought; listed at 195,119, above it
TASK {"kind": "relist", "row": 16, "item": "Force Core(High", "qty": 1, "price": 195119, "tab": 4, "slot": [1, 1], "lands_in": 16}
  inventory slot (1,1) at (1471, 237)
    read: current min 195,115, price field 195,115, net sales 195,115, week average 199,396, listed at 195,119
    the lowest listed price is 195,115, from the row and 3 more
    market 195,115, typing 195,114, 1 under the market
    net sales 195,114 is 1 x 195,114
  typed 250; the net sales make it 1
    the panel holds 195,114 against the 195,114 typed
  tab 4 read in 34 ms after the listing: 0 slot(s) held

  list 1 at 195,114
    #         ms   share  step
    1       27.8    0.5%  read the panel before loading
    2       28.2    0.5%  wait for slot (1,1) to fill
    3      828.7   13.4%  ctrl-click (1,1) attempt 1
    4      703.4   11.4%  read the suggested price
    5     1474.2   23.9%  type the price 195,114
    6      963.6   15.6%  type the quantity 250
    7      453.0    7.3%  take the quantity from the net sales
    8      141.7    2.3%  read the price back before Register
    9      321.0    5.2%  click Register
   10      134.3    2.2%  find Confirmation
   11       25.5    0.4%  look for the underprice question
   12      325.5    5.3%  click Confirmation
   13      251.7    4.1%  park
   14      426.3    6.9%  confirm the dialog is gone
   15       24.0    0.4%  wait for the panel to let the item go
   16       34.2    0.6%  read tab 4 after the listing
          6163.1  100.0%  TOTAL
  listed 1 at 195,114; it lands in row 16
DONE {"kind": "relist", "row": 16, "lands_in": 16, "qty": 1, "price": 195114, "item": "Force Core(High"}
    relisted 1 at 195,114 in row 16
  tab 4 known from the last listing: 0 slot(s) held
  row 17: 'Force Core(High' x96 at 195,118 -> tab 4 slot (1, 1)
    floor 176,470 (176,470 x 1) from Force Core Set (High) as last bought; listed at 195,118, above it
TASK {"kind": "relist", "row": 17, "item": "Force Core(High", "qty": 96, "price": 195118, "tab": 4, "slot": [1, 1], "lands_in": 17}
  inventory slot (1,1) at (1471, 237)
    read: current min 195,114, price field 195,114, net sales 195,114, week average 199,396, listed at 195,118
    the lowest listed price is 195,114, from the row and 3 more
    market 195,114, typing 195,113, 1 under the market
    net sales 18,730,848 is 96 x 195,113
  typed 250; the net sales make it 96
    the panel holds 195,113 against the 195,113 typed
  tab 4 read in 31 ms after the listing: 0 slot(s) held

  list 96 at 195,113
    #         ms   share  step
    1       25.5    0.4%  read the panel before loading
    2       28.3    0.5%  wait for slot (1,1) to fill
    3      826.3   13.4%  ctrl-click (1,1) attempt 1
    4      703.8   11.4%  read the suggested price
    5     1474.3   23.9%  type the price 195,113
    6      973.2   15.8%  type the quantity 250
    7      463.8    7.5%  take the quantity from the net sales
    8      139.4    2.3%  read the price back before Register
    9      325.3    5.3%  click Register
   10      134.2    2.2%  find Confirmation
   11       25.9    0.4%  look for the underprice question
   12      325.7    5.3%  click Confirmation
   13      250.9    4.1%  park
   14      414.1    6.7%  confirm the dialog is gone
   15       23.0    0.4%  wait for the panel to let the item go
   16       31.3    0.5%  read tab 4 after the listing
          6164.9  100.0%  TOTAL
  listed 96 at 195,113; it lands in row 17
DONE {"kind": "relist", "row": 17, "lands_in": 17, "qty": 96, "price": 195113, "item": "Force Core(High"}
    relisted 96 at 195,113 in row 17
  row 18 has SOLD (fully); collecting
    collected; row 18 is empty, nothing to relist
  a 'Chaos Core Set X 228' row sold and is collected; Chaos Core holds 4 row(s), pricing and resupplying it now, not on the next pass
  Chaos Core Set 728,029 - Chaos Core 723,000 = 5,029
  Alz 213,694,025 held covers 295 Chaos Core at 723,000; buying what it covers

-- Chaos Core: 4 row(s) --
  5 row(s) free inside 1-25
  Chaos Core Set 728,029 - Chaos Core 723,000 = 5,029
  a margin of 5,029 is worth 5 row(s) of Chaos Core; 4 held
  buy_min 150 rolled to 142 (+/-15); buying 144 in whole batches of 3
  1 stays behind on every row bought; an order 10 step(s) down with nothing spare takes the row it is on whole, and the next order leaves 1 behind again; each order prices the favourite afresh, then wheels down, up to 30 step(s)
  every order takes all of the row it lands on, up to 999 held, and the orders stop once 144 is held
TASK {"kind": "resupply", "core": "Chaos Core", "set": "Chaos Core Set", "slot": 3, "tab": 4}
  0/144 Chaos Core held
  row 1 offers 'Chaos Core' x19 at 723,000 (723,000/unit)
    row 1 leaves 5,029 a core against the 5,000 wanted
    balance before 213,694,025
    Alz 213,694,025 covers 295 pack(s) at 723,000, not the 999 wanted; asking for 294 so that with 0 held the cores make whole batches of 3
    row 1 holds 19, 1 stays behind, so at most 18 comes off it
    dialog: '* Chaos Core'  qty 1 of 19  price 723000
    999 core(s) wanted, 1 to a pack -> 294 pack(s); 19 available, taking 18
    ordering 18 pack(s) at 13,014,000; the spend will confirm what actually bought
    balance after  200,680,025; spent 13,014,000 bought 18 pack(s) = 18 core(s) (723,000 a core)

  buy from favourite slot 3: bought 18 core(s) in 18 order(s)
    #         ms   share  step
    1        0.4    0.0%  get_price: focus the game
    2      146.6    2.0%  get_price: _trade_window_open (OCR 1300x190)
    3      167.4    2.3%  get_price: purchase_tab_showing
    4      265.5    3.6%  get_price: read row 1 before the search
    5      320.0    4.4%  get_price: click favourite slot 3
    6      129.6    1.8%  get_price: confirm the sort
    7      543.7    7.5%  get_price: poll row 1 until it answers (2 read(s))
    8     1612.9   22.1%  get_price: search the favourite and read row 1
    9      323.6    4.4%  select inventory tab 4
   10      144.2    2.0%  read the balance before buying
   11      376.2    5.2%  click the row at (500, 260)
   12      327.1    4.5%  click Buy at (834, 260)
   13      133.0    1.8%  await the Purchase dialog
   14      440.3    6.0%  read the dialog (item, price, qty, qty_max)
   15     1342.2   18.4%  click the quantity field and type 18
   16      129.3    1.8%  find the Buy button
   17      322.1    4.4%  click Buy
   18      251.9    3.5%  park
   19      168.6    2.3%  confirm the dialog is gone
   20      138.8    1.9%  read the balance after buying
          7283.5  100.0%  TOTAL
  18/144 Chaos Core held
  row 1 offers 'Chaos Core' x1 at 723,000 (723,000/unit)

  buy from favourite slot 3: REFUSED
    #         ms   share  step
    1        0.3    0.0%  get_price: focus the game
    2      148.6    2.5%  get_price: _trade_window_open (OCR 1300x190)
    3      169.7    2.9%  get_price: purchase_tab_showing
    4      259.6    4.4%  get_price: read row 1 before the search
    5      328.0    5.6%  get_price: click favourite slot 3
    6      137.9    2.3%  get_price: confirm the sort
    7     1888.0   32.0%  get_price: poll row 1 until it answers (7 read(s))
    8     2960.4   50.2%  get_price: search the favourite and read row 1
          5892.5  100.0%  TOTAL
  row 1 holds 1 and 1 stays behind, so there is nothing spare to take here.
  wheeled 1 notch(es) down the offers, from row 2 at (500, 316)
  row 1 offers 'Chaos Core' x48 at 723,000 (723,000/unit)
    row 1 leaves 5,029 a core against the 5,000 wanted
    balance before 200,680,025
    Alz 200,680,025 covers 277 pack(s) at 723,000, not the 981 wanted; asking for 276 so that with 18 held the cores make whole batches of 3
    row 1 holds 48, 1 stays behind, so at most 47 comes off it
    dialog: '* Chaos Core'  qty 1 of 48  price 723000
    981 core(s) wanted, 1 to a pack -> 276 pack(s); 48 available, taking 47
    ordering 47 pack(s) at 33,981,000; the spend will confirm what actually bought
    balance after  166,699,025; spent 33,981,000 bought 47 pack(s) = 47 core(s) (723,000 a core)

  buy from favourite slot 3: bought 47 core(s) in 47 order(s)
    #         ms   share  step
    1        0.4    0.0%  get_price: focus the game
    2      151.8    2.8%  get_price: _trade_window_open (OCR 1300x190)
    3      165.0    3.1%  get_price: purchase_tab_showing
    4      306.8    5.7%  get_price: read row 1 where it stands
    5      624.1   11.7%  get_price: search the favourite and read row 1
    6      327.2    6.1%  select inventory tab 4
    7      140.1    2.6%  read the balance before buying
    8      380.7    7.1%  click the row at (500, 260)
    9      325.6    6.1%  click Buy at (834, 260)
   10      132.3    2.5%  await the Purchase dialog
   11      444.3    8.3%  read the dialog (item, price, qty, qty_max)
   12     1350.0   25.2%  click the quantity field and type 47
   13      126.0    2.4%  find the Buy button
   14      321.1    6.0%  click Buy
   15      251.3    4.7%  park
   16      170.9    3.2%  confirm the dialog is gone
   17      132.1    2.5%  read the balance after buying
          5349.9  100.0%  TOTAL
  65/144 Chaos Core held
  row 1 offers 'Chaos Core' x1 at 723,000 (723,000/unit)

  buy from favourite slot 3: REFUSED
    #         ms   share  step
    1        0.3    0.0%  get_price: focus the game
    2      182.6    3.3%  get_price: _trade_window_open (OCR 1300x190)
    3      167.9    3.1%  get_price: purchase_tab_showing
    4      248.2    4.5%  get_price: read row 1 before the search
    5      329.0    6.0%  get_price: click favourite slot 3
    6      136.1    2.5%  get_price: confirm the sort
    7     1653.1   30.2%  get_price: poll row 1 until it answers (6 read(s))
    8     2750.4   50.3%  get_price: search the favourite and read row 1
          5467.5  100.0%  TOTAL
  row 1 holds 1 and 1 stays behind, so there is nothing spare to take here.
  wheeled 1 notch(es) down the offers, from row 2 at (500, 316)
  row 1 offers 'Chaos Core' x1 at 723,000 (723,000/unit)

  buy from favourite slot 3: REFUSED
    #         ms   share  step
    1        1.3    0.1%  get_price: focus the game
    2      149.4   10.3%  get_price: _trade_window_open (OCR 1300x190)
    3      167.5   11.6%  get_price: purchase_tab_showing
    4      405.9   28.0%  get_price: read row 1 where it stands
    5      724.2   50.0%  get_price: search the favourite and read row 1
          1448.3  100.0%  TOTAL
  row 1 holds 1 and 1 stays behind, so there is nothing spare to take here.
  wheeled 1 notch(es) down the offers, from row 2 at (500, 316)
  row 1 offers 'Chaos Core' x9 at 723,000 (723,000/unit)
    row 1 leaves 5,029 a core against the 5,000 wanted
    balance before 166,699,025
    Alz 166,699,025 covers 230 pack(s) at 723,000, not the 934 wanted; asking for 229 so that with 65 held the cores make whole batches of 3
    row 1 holds 9, 1 stays behind, so at most 8 comes off it
    dialog: '* Chaos Core'  qty 1 of 9  price 723000
    934 core(s) wanted, 1 to a pack -> 229 pack(s); 9 available, taking 8
    ordering 8 pack(s) at 5,784,000; the spend will confirm what actually bought
    balance after  160,915,025; spent 5,784,000 bought 8 pack(s) = 8 core(s) (723,000 a core)

  buy from favourite slot 3: bought 8 core(s) in 8 order(s)
    #         ms   share  step
    1        0.6    0.0%  get_price: focus the game
    2      157.4    2.9%  get_price: _trade_window_open (OCR 1300x190)
    3      171.7    3.1%  get_price: purchase_tab_showing
    4      422.6    7.7%  get_price: read row 1 where it stands
    5      752.3   13.6%  get_price: search the favourite and read row 1
    6      325.3    5.9%  select inventory tab 4
    7      137.6    2.5%  read the balance before buying
    8      377.2    6.8%  click the row at (500, 260)
    9      326.2    5.9%  click Buy at (834, 260)
   10      128.0    2.3%  await the Purchase dialog
   11      436.2    7.9%  read the dialog (item, price, qty, qty_max)
   12     1279.4   23.2%  click the quantity field and type 8
   13      128.9    2.3%  find the Buy button
   14      325.6    5.9%  click Buy
   15      251.4    4.6%  park
   16      159.2    2.9%  confirm the dialog is gone
   17      136.9    2.5%  read the balance after buying
          5516.6  100.0%  TOTAL
  73/144 Chaos Core held
  row 1 offers 'Chaos Core' x1 at 723,000 (723,000/unit)

  buy from favourite slot 3: REFUSED
    #         ms   share  step
    1        0.3    0.0%  get_price: focus the game
    2      184.2    3.4%  get_price: _trade_window_open (OCR 1300x190)
    3      170.4    3.1%  get_price: purchase_tab_showing
    4      249.0    4.6%  get_price: read row 1 before the search
    5      322.9    5.9%  get_price: click favourite slot 3
    6      128.6    2.4%  get_price: confirm the sort
    7     1641.5   30.2%  get_price: poll row 1 until it answers (6 read(s))
    8     2736.0   50.4%  get_price: search the favourite and read row 1
          5432.8  100.0%  TOTAL
  row 1 holds 1 and 1 stays behind, so there is nothing spare to take here.
  wheeled 1 notch(es) down the offers, from row 2 at (500, 316)
  row 1 offers 'Chaos Core' x1 at 723,000 (723,000/unit)

  buy from favourite slot 3: REFUSED
    #         ms   share  step
    1        1.1    0.1%  get_price: focus the game
    2      153.3   10.6%  get_price: _trade_window_open (OCR 1300x190)
    3      166.0   11.5%  get_price: purchase_tab_showing
    4      404.4   27.9%  get_price: read row 1 where it stands
    5      724.9   50.0%  get_price: search the favourite and read row 1
          1449.7  100.0%  TOTAL
  row 1 holds 1 and 1 stays behind, so there is nothing spare to take here.
  wheeled 1 notch(es) down the offers, from row 2 at (500, 316)
  row 1 offers 'Chaos Core' x1 at 723,000 (723,000/unit)

  buy from favourite slot 3: REFUSED
    #         ms   share  step
    1        1.1    0.1%  get_price: focus the game
    2      148.3   10.3%  get_price: _trade_window_open (OCR 1300x190)
    3      165.5   11.6%  get_price: purchase_tab_showing
    4      401.5   28.0%  get_price: read row 1 where it stands
    5      716.5   50.0%  get_price: search the favourite and read row 1
          1432.9  100.0%  TOTAL
  row 1 holds 1 and 1 stays behind, so there is nothing spare to take here.
  wheeled 1 notch(es) down the offers, from row 2 at (500, 316)
  row 1 offers 'Chaos Core' x250 at 723,000 (723,000/unit)
    row 1 leaves 5,029 a core against the 5,000 wanted
    balance before 160,915,025
    Alz 160,915,025 covers 222 pack(s) at 723,000, not the 926 wanted; asking for 221 so that with 73 held the cores make whole batches of 3
    row 1 holds 250, 1 stays behind, so at most 249 comes off it
    dialog: '* Chaos Core'  qty 1 of 222  price 723000
    the dialog allows at most 222 of the row's 250
    926 core(s) wanted, 1 to a pack -> 221 pack(s); 222 available, taking 221
    ordering 221 pack(s) at 159,783,000; the spend will confirm what actually bought
    balance after  1,132,025; spent 159,783,000 bought 221 pack(s) = 221 core(s) (723,000 a core)

  buy from favourite slot 3: bought 221 core(s) in 221 order(s)
    #         ms   share  step
    1        1.0    0.0%  get_price: focus the game
    2      152.9    2.6%  get_price: _trade_window_open (OCR 1300x190)
    3      169.8    2.9%  get_price: purchase_tab_showing
    4      305.5    5.1%  get_price: read row 1 where it stands
    5      629.3   10.6%  get_price: search the favourite and read row 1
    6      320.1    5.4%  select inventory tab 4
    7      141.0    2.4%  read the balance before buying
    8      383.1    6.4%  click the row at (500, 260)
    9      322.8    5.4%  click Buy at (834, 260)
   10      132.2    2.2%  await the Purchase dialog
   11      442.5    7.4%  read the dialog (item, price, qty, qty_max)
   12     1411.5   23.8%  click the quantity field and type 221
   13      128.8    2.2%  find the Buy button
   14      322.3    5.4%  click Buy
   15      251.7    4.2%  park
   16      166.1    2.8%  confirm the dialog is gone
   17      660.6   11.1%  read the balance after buying
          5941.3  100.0%  TOTAL
TASK {"kind": "resupply", "core": "Chaos Core", "set": "Chaos Core Set", "slot": 3, "tab": 4, "step": "craft", "holding": "Chaos Core", "qty": 294, "price": 0}
  Inventory shut; pressing I (attempt 1)
  right-clicking the craft key on tab 6 slot (1, 8) at (1866, 237) (attempt 1/3)
  opening the 2000-2999 tier at [91, 210]
  choosing Chaos Core Set x3 at [146, 240]
  294 Chaos Core(s) bought this pass, 3 to a craft
  Request All at [265, 736]
  waiting 30s for 294 core(s) (5s per 50, rounded up)
  Complete All at [879, 735]
  no new slot filled, so the Sets can only have stacked onto what tab 4 already held, in (1, 1)
  compressing tab 4 slot (1, 1) at (1471, 237)
  294 Chaos Core(s) went into the queue

  craft from 294 Chaos Core(s)
    #         ms   share  step
    1     2689.0    6.9%  open the craft window
    2     2542.6    6.6%  select the recipe
    3      326.5    0.8%  Request All
    4    30001.0   77.4%  wait for the queue
    5      926.7    2.4%  select inventory tab 4 before completing
    6       34.9    0.1%  read the slots before any Set arrives
    7      823.7    2.1%  Complete All
    8     1411.4    3.6%  compress the crafted Sets
         38755.8  100.0%  TOTAL
TASK {"kind": "resupply", "core": "Chaos Core", "set": "Chaos Core Set", "slot": 3, "tab": 4, "step": "list", "holding": "Chaos Core Set", "qty": 294, "price": 0}
  the Agent Shop is shut and the vendor is not open either; reopening it
  listing the Chaos Core Set compressed into (1, 1) from 294 Chaos Core(s)
  the board's cheapest is 728,029 a Set, and the panel scales that to whatever the bundle holds
  it cost 723,000 a Core, so no Set goes out under that
  inventory slot (1,1) at (1471, 237)
    read: current min 723,000, price field 723,000, net sales 723,000, week average 717,087, listed at unread
    the lowest listed price is 723,000, from the row and 2 more
    the panel said 723,000 where 214,040,526 was expected; look 2 reads 723,000
    the panel said 723,000 where 214,040,526 was expected; look 3 reads 723,000
    the panel prices what loaded from (1,1) at 723,000, and 'Chaos Core Set' sells near 214,040,526; this is not 'Chaos Core Set'
  STOPPED: the panel prices what loaded from (1,1) at 723,000, and 'Chaos Core Set' sells near 214,040,526, and nothing it resolves to would go out above 722,999, under the 212,562,000 the stock in tab 4 cost. Nothing has been listed.

7 pass(es), 55 relisted, 20 empty, 0 skipped in 2680s (48726 ms a row)

PROFIT THIS RUN -- what this run bought: sold lots at what they made, unsold lots at the price they were bought against
  item                              profit   units  margin        revenue           cost
  Chaos Core                       488,307   1,505    0.0%  1,080,822,202  1,080,333,895
  Divine Stone Set X 144         3,851,600     298    1.8%    213,191,428    209,339,828
  ------------------------------------------------------------------------------------
  SOLD                           4,339,907   1,803    0.3%  1,294,013,630  1,289,673,723
  bought this run and still unsold, taken as sold at the price each lot was bought against:
    chaoscore                        309 core(s)     223,407,000 Alz paid    +1,554,006
  ------------------------------------------------------------------------------------
  RUN CLOSED                     5,893,913   (4,339,907 realised, +1,554,006 assumed)
  started 00:31:58, ended 01:19:11, ran for 47m 12s

##################################################################################

  ########  ##########    ######    ########    ########    ##########  ########  
  ########  ##########    ######    ########    ########    ##########  ########  
##              ##      ##      ##  ##      ##  ##      ##  ##          ##      ##
##              ##      ##      ##  ##      ##  ##      ##  ##          ##      ##
##              ##      ##      ##  ##      ##  ##      ##  ##          ##      ##
##              ##      ##      ##  ##      ##  ##      ##  ##          ##      ##
  ######        ##      ##      ##  ########    ########    ########    ##      ##
  ######        ##      ##      ##  ########    ########    ########    ##      ##
        ##      ##      ##      ##  ##          ##          ##          ##      ##
        ##      ##      ##      ##  ##          ##          ##          ##      ##
        ##      ##      ##      ##  ##          ##          ##          ##      ##
        ##      ##      ##      ##  ##          ##          ##          ##      ##
########        ##        ######    ##          ##          ##########  ########  
########        ##        ######    ##          ##          ##########  ########  

##################################################################################
  stopped: the panel prices what loaded from (1,1) at 723,000, and 'Chaos Core Set' sells near 214,040,526, and nothing it resolves to would go out above 722,999, under the 212,562,000 the stock in tab 4 cost. Nothing has been listed.

